0.496714
-0.138264
0.647689
1.523030
-0.234153
-0.234137
1.579213
0.767435
-0.469474
0.542560
-0.463418
-0.465730
0.241962
-1.913280
-1.724918
-0.562288
-1.012831
0.314247
-0.908024
-1.412304
1.465649
-0.225776
0.067528
-1.424748
-0.544383
0.110923
-1.150994
0.375698
-0.600639
-0.291694
-0.601707
1.852278
-0.013497
-1.057711
0.822545
-1.220844
0.208864
-1.959670
-1.328186
0.196861
0.738467
0.171368
-0.115648
-0.301104
-1.478522
-0.719844
-0.460639
1.057122
0.343618
-1.763040
0.324084
-0.385082
-0.676922
0.611676
1.031000
0.931280
-0.839218
-0.309212
0.331263
0.975545
-0.479174
-0.185659
-1.106335
-1.196207
0.812526
1.356240
-0.072010
1.003533
0.361636
-0.645120
0.361396
1.538037
-0.035826
1.564644
-2.619745
0.821903
0.087047
-0.299007
0.091761
-1.987569
-0.219672
0.357113
1.477894
-0.518270
-0.808494
-0.501757
0.915402
0.328751
-0.529760
0.513267
0.097078
0.968645
-0.702053
-0.327662
-0.392108
-1.463515
0.296120
0.261055
0.005113
-0.234587
-1.415371
-0.420645
-0.342715
-0.802277
-0.161286
0.404051
1.886186
0.174578
0.257550
-0.074446
-1.918771
-0.026514
0.060230
2.463242
-0.192361
0.301547
-0.034712
-1.168678
1.142823
0.751933
0.791032
-0.909387
1.402794
-1.401851
0.586857
2.190456
-0.990536
-0.566298
0.099651
-0.503476
-1.550663
0.068563
-1.062304
0.473592
-0.919424
1.549934
-0.783253
-0.322062
0.813517
-1.230864
0.227460
1.307143
-1.607483
0.184634
0.259883
0.781823
-1.236951
-1.320457
0.521942
0.296985
0.250493
0.346448
-0.680025
0.232254
0.293072
-0.714351
1.865775
0.473833
-1.191303
0.656554
-0.974682
0.787085
1.158596
-0.820682
0.963376
0.412781
0.822060
1.896793
-0.245388
-0.753736
-0.889514
-0.815810
-0.077102
0.341152
0.276691
0.827183
0.013002
1.453534
-0.264657
2.720169
0.625667
-0.857158
-1.070892
0.482472
-0.223463
0.714001
0.473238
-0.072829
-0.846794
-1.514847
-0.446515
0.856399
0.214094
-1.245739
0.173181
0.385317
-0.883857
0.153725
0.058209
-1.142970
0.357787
0.560785
1.083051
1.053802
-1.377669
-0.937825
0.515035
0.513786
0.515048
3.852731
0.570890
1.135566
0.954002
0.651391
-0.315269
0.758969
-0.772825
-0.236819
-0.485364
0.081874
2.314659
-1.867265
0.686260
-1.612716
-0.471932
1.088951
0.064280
-1.077745
-0.715304
0.679598
-0.730367
0.216459
0.045572
-0.651600
2.143944
0.633919
-2.025143
0.186454
-0.661786
0.852433
-0.792521
-0.114736
0.504987
0.865755
-1.200296
-0.334501
-0.474945
-0.653329
1.765454
0.404982
-1.260884
0.917862
2.122156
1.032465
-1.519370
-0.484234
1.266911
-0.707669
0.443819
0.774634
-0.926930
-0.059525
-3.241267
-1.024388
-0.252568
-1.247783
1.632411
-1.430141
-0.440044
0.130741
1.441273
-1.435862
1.163164
0.010233
-0.981509
0.462103
0.199060
-0.600217
0.069802
-0.385314
0.113517
0.662131
1.586017
-1.237815
2.133033
-1.952088
-0.151785
0.588317
0.280992
-0.622699
-0.208122
-0.493001
-0.589365
0.849602
0.357015
-0.692910
0.899600
0.307300
0.812862
0.629629
-0.828995
-0.560181
0.747294
0.610370
-0.020902
0.117327
1.277665
-0.591571
0.547097
-0.202193
-0.217681
1.098777
0.825416
0.813510
1.305479
0.021004
0.681953
-0.310267
0.324166
-0.130143
0.096996
0.595157
-0.818221
2.092387
-1.006017
-1.214189
1.158111
0.791663
0.624120
0.628345
-0.012247
-0.897254
0.075805
-0.677162
0.975120
-0.147057
-0.825497
-0.321386
0.412931
-0.563725
-0.822220
0.243687
0.244967
-0.506943
-0.471038
0.232050
-1.448084
-1.407464
-0.718444
-0.213447
0.310908
1.475356
0.857660
-0.159939
-0.019016
-1.002529
-0.018513
-0.288659
0.322719
-0.827231
0.519347
1.532739
-0.108760
0.401712
0.690144
-0.401220
0.224092
0.012592
0.097676
-0.773010
0.024510
0.497998
1.451144
0.959271
2.153183
-0.767348
0.872321
0.183342
2.189803
-0.808298
-0.839722
-0.599393
-2.123896
-0.525755
-0.759133
0.150394
0.341756
1.876171
0.950424
-0.576904
-0.898415
0.491919
-1.320233
1.831459
1.179440
-0.469176
-1.713135
1.353872
-0.114540
1.237816
-1.594428
-0.599375
0.005244
0.046981
-0.450065
0.622850
-1.067620
-0.142379
0.120296
0.514439
0.711615
-1.124642
-1.534114
1.277677
0.332314
-0.748487
1.551152
0.115675
1.179297
0.067518
2.060748
1.755341
-0.248964
0.971571
0.645376
1.368632
-0.964923
0.686051
1.058424
-1.758739
-1.183259
-2.039232
-0.269407
0.717542
1.502357
0.074095
1.628615
-1.380101
-1.703382
-0.055548
0.384065
-0.032695
-2.067442
-0.089120
-1.304469
0.669673
0.366598
-0.939880
-0.513867
-1.059214
-0.062679
0.955142
-0.985726
0.504046
-0.530258
-0.792873
-0.107030
-1.035242
-0.553649
-1.197878
1.964725
0.035264
-0.699726
0.213980
-0.112328
-0.220970
0.614167
0.757508
-0.530501
-0.575818
-0.275052
-2.301921
-1.515191
1.366874
1.644968
-0.249036
0.576557
0.311250
3.078881
1.119575
-0.127918
-0.955540
-1.606446
0.203464
-0.756351
-1.422254
-0.646573
-1.081548
1.687142
0.881640
-0.007973
1.479944
0.077368
-0.861284
1.523124
0.538910
-1.037246
-0.190339
-0.875618
-1.382800
0.926178
1.909417
-1.398568
0.562969
-0.650643
-0.487125
-0.592394
-0.863991
0.048522
-0.830950
0.270457
-0.050238
-0.238948
-0.907564
-0.576771
0.755391
0.500917
-0.977555
0.099332
0.751387
-1.669405
0.543360
-0.662624
0.570599
-0.763259
-1.804882
-1.627542
0.048085
0.259723
-0.904317
0.638592
-1.661520
-0.066080
-1.211016
-0.651836
0.047399
-0.860413
-0.384556
1.006293
-0.576892
0.835692
-1.129707
0.529804
1.441569
-2.471644
-0.796895
0.577072
-0.203045
0.371146
-0.603985
0.086590
-0.155677
1.167782
0.254421
0.337603
-0.411877
-0.487606
-0.432558
0.394452
-0.420984
0.289775
2.075401
0.871125
-0.326024
1.201214
-0.408075
-2.038125
-1.008086
-1.870792
-0.351513
0.018418
1.676437
0.326927
-0.219101
0.829406
-2.211135
0.235615
0.770865
-1.478586
1.143754
0.338496
-0.415288
0.632782
2.270693
0.181866
0.248221
-0.459361
-0.849844
0.830336
-0.856084
0.071566
-0.477657
0.478980
0.333662
1.037540
-0.510016
-0.269875
-0.978764
-0.444293
0.377301
0.756989
-0.922165
0.869606
1.355638
0.413435
1.876796
-0.773789
-1.244655
-1.778720
1.496044
0.654366
-0.055585
0.279969
-1.125489
2.445752
0.129221
0.109395
0.725767
0.481009
0.223884
-0.790474
0.471468
1.882025
1.345420
1.593187
-0.511216
-0.989605
-0.125787
0.055725
1.094192
-1.692465
1.529550
-0.158008
-0.426881
-1.012104
-1.654857
0.823171
0.073318
-1.289961
-1.295079
-0.335785
1.669021
-0.259591
-1.503143
-0.245743
-0.272724
-2.696887
-0.054295
-0.230935
0.696206
1.848956
1.126565
-0.268889
-1.106526
2.573360
0.059218
0.013929
-0.024125
0.198085
-0.144360
-0.573662
-0.546859
-0.032753
-0.543425
-0.712846
0.106430
-0.254977
1.503993
-2.650970
1.091507
1.246085
-2.073390
-0.342688
-0.371441
-1.407512
-0.777817
-1.110576
1.752270
0.935678
1.271555
0.721672
-1.129052
-0.524520
0.489375
-1.222128
0.712998
-0.240325
-0.374821
0.710960
0.444263
-0.360966
1.159330
-1.081063
0.615936
0.593101
-0.309546
0.326133
-1.251114
0.924027
-0.184902
-0.522723
1.049009
-0.704344
-1.408461
-1.556629
0.606010
-1.280429
1.754794
-2.081929
1.696456
0.211017
-0.096713
-0.544919
0.399136
-0.037635
1.103302
0.114228
0.150302
-0.363612
-0.056946
0.307802
-1.710168
-1.348185
0.743264
0.170865
-0.183983
0.018434
0.347582
-0.539760
-0.778305
0.195845
-0.978373
0.408253
-1.702584
1.029156
0.472597
0.256030
0.982691
1.665474
1.014370
-1.840874
-1.279577
-0.624819
0.026091
0.517659
-0.725744
0.186767
-0.755383
-0.611518
-1.406661
-0.923233
-1.351685
-0.975873
1.053642
-0.949399
2.632382
0.493318
0.184836
-0.858358
0.700310
-0.575638
0.122010
2.560085
-0.096060
1.149273
-0.703176
-0.034988
1.770801
-0.626967
1.812449
0.707752
-0.562467
0.632408
0.972554
0.621810
-1.570225
-0.727137
-0.247519
-0.074433
0.620672
0.177701
-1.335344
0.380198
0.610586
0.559790
1.080781
0.833922
0.459180
-0.070166
-1.660961
0.429618
0.207688
0.271579
-1.276749
-1.081057
1.053153
-0.039555
0.681501
0.028318
0.029756
0.938284
-0.516045
0.096121
-0.462275
-0.434496
-0.309172
0.222134
-0.478749
1.255756
-0.894607
-0.186872
-0.439731
1.446978
0.196555
1.031844
-1.485560
0.267050
0.889631
0.082284
1.065480
-0.517288
1.409347
2.298898
-0.362839
-0.445503
1.453385
1.579572
-0.522860
-0.420187
-0.281785
-1.344450
-0.918652
-1.004141
-0.767798
-0.034685
0.234215
1.550501
-0.998354
0.984322
-0.213989
-0.049464
0.674819
-1.122722
0.382410
0.166452
0.492451
0.289169
2.455300
-0.637740
-0.530997
-0.623141
-0.555477
-0.637387
1.189017
1.420504
-0.570746
-0.832356
0.471416
-0.552223
0.632932
0.202923
-1.515744
1.547505
1.795878
-0.612789
-0.387702
0.285865
0.334457
0.658544
2.010205
-0.176947
-0.798297
-1.379319
-0.730930
-0.033127
1.794558
-0.517611
0.223788
-0.016423
1.188393
2.526932
-0.530869
-0.489439
1.044161
0.681892
1.846707
0.583928
-0.359292
0.590655
1.108704
0.820482
0.507274
1.066675
1.169296
1.382159
0.648710
-0.167118
0.146714
1.206509
-0.816936
0.368673
-0.393339
0.028745
1.278452
0.191099
0.046437
-1.359856
0.746254
0.645484
2.163255
-0.307778
0.219150
0.249384
1.577453
-0.095296
0.279022
0.607897
0.186609
-0.446434
0.194090
1.073632
-1.026515
0.132970
-0.700121
1.195047
-1.523187
-0.558922
0.377212
1.565524
-0.065750
-0.555200
1.881157
-1.448014
-2.198806
0.440014
-0.502054
-1.021233
0.708356
0.243801
-0.564079
-1.280304
0.872457
0.650201
-0.099176
1.846637
-1.070085
-1.525525
-0.691908
-0.045586
0.243339
-0.241236
0.352055
-1.251539
1.443765
-0.082151
1.117296
0.342725
0.456753
0.569767
0.447709
0.642723
1.329153
0.196521
0.709004
-0.089736
1.440117
-0.676392
1.800940
-0.040158
-1.430775
0.128104
-0.681052
0.840644
-0.652624
-0.446183
-1.889541
-0.452306
-2.423879
-1.583903
0.760415
0.785800
0.425458
-0.966976
-0.047711
-0.003603
-1.158365
1.503398
0.877362
-0.220964
0.026886
0.208383
-2.041735
-0.247177
-0.681984
-1.001620
-0.281100
1.797687
0.640843
-0.571179
0.572583
1.399355
0.924634
0.059630
-0.646937
0.698223
0.393485
0.895193
0.635172
1.049553
-0.535235
1.317394
0.197600
2.075261
-0.689188
1.735964
0.197911
-0.651418
-0.483886
-0.320347
0.424166
0.522835
-0.573700
-0.024355
2.142270
1.727543
0.436324
0.038003
0.120031
0.613518
-1.022793
-0.257377
-1.668584
0.399223
0.647196
-0.483186
1.573987
-1.225766
-1.464375
0.224452
1.047098
1.683928
-0.458884
1.078681
-0.038508
-0.172627
0.883660
0.652323
-1.576392
1.476540
1.380091
-0.625563
0.395804
0.494030
0.260674
-0.550305
-0.671623
-0.025554
1.172729
0.543600
-0.370614
0.771699
-2.848543
1.148766
-1.739714
-0.362441
-1.119670
-1.294681
1.160827
-0.467701
0.346504
-0.046921
0.477041
0.076822
-1.282992
0.996267
-0.493757
-1.556582
-0.428115
1.500760
0.850222
-0.348652
-0.349258
-0.321635
2.076748
0.381935
0.430042
1.030283
0.238789
-0.259042
-0.196350
-0.071601
-0.037222
0.727630
0.051946
0.732640
-0.080717
0.078635
-1.998201
0.916328
0.346488
0.998010
-2.896255
2.088375
-0.139590
1.108183
-1.039906
0.612774
-1.053416
-0.623769
1.914031
-0.190682
0.217433
0.870068
0.495682
0.150419
0.364961
2.403416
-0.057619
0.201099
1.050654
1.105526
1.187030
0.638730
-1.143005
1.633432
-1.146345
0.302635
-0.754276
-0.064138
0.328762
0.321357
0.421921
1.613711
0.453534
-0.244157
0.964087
1.189471
-1.227608
0.597400
0.701173
-0.297563
1.375707
-0.150056
0.125576
-0.173072
0.015579
-1.096275
-1.440051
1.594505
-0.846961
-0.991392
-2.153390
-0.638962
-1.323090
1.642015
1.009817
-0.688150
2.252436
0.981766
-0.324831
-2.499406
2.290943
-1.389573
-1.645399
1.022570
2.439752
1.384273
0.563909
0.594754
0.853416
0.758929
0.281191
0.104201
-0.062593
-0.753965
-0.280675
-1.692957
-0.098340
-0.988591
-1.103589
0.179894
1.392002
0.918317
-1.570501
-0.989628
0.940771
-0.982487
-0.224633
0.550052
-0.968344
0.105376
-1.334026
-0.601368
0.319782
-1.592994
0.440475
-0.019638
0.552490
0.223914
1.364140
0.125225
-0.429406
0.122298
0.543298
0.048860
0.040592
-0.701992
-0.662901
-1.402605
1.749577
-1.243863
-0.692905
-0.718407
0.894924
-0.294950
1.247742
-0.673491
0.278994
-0.835347
2.145149
-1.187598
0.309821
0.633777
0.413799
-0.185288
-0.129821
0.043811
-0.147002
0.963879
2.210523
-0.557492
-1.369803
-0.088282
2.579709
-0.803675
1.639117
1.677701
-0.553588
0.568983
1.628397
-0.379128
-0.203580
-0.581681
-1.014757
-0.649278
-1.223940
0.034083
-0.769973
0.233786
-1.555896
0.330880
0.833529
-1.993736
0.374057
1.227669
-1.209641
1.672572
0.419019
-0.705012
-0.055769
0.558327
0.076005
0.538756
-0.920674
0.169361
-1.413715
-0.111226
-0.903908
-0.735530
1.236093
1.091310
0.609138
-1.092313
-0.316408
1.213098
0.141717
2.319330
0.393318
0.192049
-0.309116
0.133541
-0.152470
0.708109
0.956702
-0.785989
-1.331233
-1.836205
0.507991
-1.103367
-2.152891
0.388579
2.493000
-0.006071
0.838491
0.081829
-0.098890
0.919077
-0.290275
0.267392
0.321698
-0.668090
0.992042
-0.174960
-0.755745
0.536510
-0.898468
0.028181
-0.009119
1.085896
0.474698
-0.025027
0.817766
1.390208
0.557810
0.010353
-1.311836
-1.065114
-0.305225
-0.609512
-0.186971
0.056650
0.529693
-0.070499
0.486502
0.064474
-1.975467
-0.939335
-0.144088
-1.209695
0.599929
1.530751
1.218762
-0.213443
1.490726
0.148667
-0.337086
-0.613403
-0.302470
-0.388177
0.170416
0.160574
0.003046
0.436938
1.190646
0.949554
-1.484898
-2.553921
0.934320
-1.366879
-0.224765
-1.170113
-1.801980
0.541463
0.759155
-0.576510
-2.591042
-0.546244
0.391804
-1.478912
0.183360
-0.015310
0.579292
0.119580
-0.973069
1.196571
-0.158530
-0.027305
-0.933268
-0.443282
-0.884803
-0.172946
1.711708
-1.371901
-1.613561
1.471170
-0.209324
-0.669073
1.039905
-0.605616
1.826010
0.677926
-0.487911
2.157308
-0.605715
0.742095
0.299293
1.301741
1.561511
0.032004
-0.753418
0.459972
-0.677715
2.013387
0.136535
-0.365322
0.184680
-1.347126
-0.971614
1.200414
-0.656894
-1.046911
0.536653
1.185704
0.718953
0.996048
-0.756795
-1.421811
1.501334
-0.322680
-0.250833
1.328194
0.556230
0.455888
2.165002
-0.643518
0.927840
0.057013
0.268592
1.528468
0.507836
0.538296
1.072507
-0.364953
-0.839210
-1.044809
-1.966357
2.056207
-1.103208
-0.221254
-0.276813
0.307407
0.815737
0.860474
-0.583077
-0.167122
0.282580
-0.248691
1.607346
0.490975
0.734878
0.662881
1.173474
0.181022
-1.296832
0.399688
-0.651357
-0.528617
0.586364
1.238283
0.021272
0.308833
1.702215
0.240753
2.601683
0.565510
-1.760763
0.753342
0.381158
1.289753
0.673181
-0.138456
-1.224298
-0.209023
-0.850520
-0.580523
0.588578
1.669904
0.394672
-1.195883
0.444603
1.196631
-0.609783
-0.134017
0.014688
-0.784898
0.648280
-0.120948
0.419532
-0.887492
-0.437458
0.722381
-0.372833
1.726964
-0.399636
0.224685
0.932591
-1.418366
-1.760809
-1.525656
1.262584
-0.551858
2.558199
-0.564248
0.184551
1.542110
2.006093
2.061504
1.208366
1.024063
0.592527
0.778361
-0.551186
-0.818199
-0.003374
-0.170185
-0.453228
0.696387
0.955305
0.088407
1.477530
-1.141689
-0.193659
-0.716822
-1.866537
-0.082681
-0.121748
1.513450
0.630812
-1.024187
1.854093
1.221034
0.582098
-0.226484
-0.959439
-0.372207
1.088749
1.884586
1.543244
-0.488849
-1.119617
0.140886
-1.768439
0.323168
-0.147603
-0.466036
-1.594703
0.513600
-0.532701
-1.169917
-2.872262
-0.027515
1.772252
1.661259
-0.457096
-0.602212
0.468774
-0.998385
0.301792
0.766080
1.226933
-0.100154
-0.203674
-0.877983
-0.826880
-0.226479
0.367366
0.913585
-0.803179
1.492689
-0.271124
-0.021367
-0.747212
-2.424240
0.884045
0.736844
-0.281328
0.066991
0.515939
-1.562546
-0.529053
0.794265
-1.254289
0.293558
-1.356582
0.466430
-0.035641
-1.615132
1.164739
-0.734592
-0.810252
0.200569
1.148637
-1.015822
0.061680
0.428816
0.693106
0.176442
-0.367028
-0.827590
0.086144
-1.072139
-2.921350
0.436560
0.903935
-2.362932
-1.009731
0.619154
2.057495
0.020794
-0.728003
-0.182896
1.374876
-0.645964
-0.799192
-0.482744
-0.953329
0.122670
1.624678
0.323079
-0.252353
-0.291811
-1.563191
0.883110
-0.077837
-0.180480
3.193108
0.298753
-0.751791
-0.426358
1.148446
0.113270
-1.438278
0.919229
-0.668144
1.873298
1.080048
-0.447322
1.281016
0.067856
0.852774
0.484733
-0.846357
-0.643550
1.029961
-0.334775
-0.403648
-0.955123
0.423599
2.062525
-1.067533
0.024219
1.412221
-0.079641
0.452372
-1.062394
0.428307
-0.187144
0.985730
1.187386
2.589564
0.579633
0.325796
0.194384
-0.353166
0.338484
-0.295401
0.168461
1.317598
-1.006543
1.139879
1.317115
-0.118069
-2.121855
-0.607822
1.296995
-0.022868
-0.999302
-0.504775
0.840620
0.546734
-0.238932
-0.366824
-0.391758
-0.922410
1.615376
-0.322320
1.217159
1.521316
0.998311
-0.431620
0.403730
-0.024196
-0.903702
0.324359
-1.179040
1.187679
-0.464617
0.201160
0.283288
-0.258905
0.586694
-0.474904
0.871297
-1.345980
0.126380
1.938929
-1.000331
-0.677745
0.513908
0.179582
0.350630
0.489187
0.634721
1.109700
0.409819
-0.241258
0.672574
1.899882
-0.132634
-0.974529
1.107081
-0.120381
-2.172670
0.847422
-0.535328
-0.090533
0.331980
0.190500
0.709452
-0.435486
0.513106
-0.259547
0.738810
0.615367
-0.935439
1.085982
-0.535963
0.808058
0.367287
1.838184
-0.223466
-0.349317
-0.019420
-0.303180
0.799942
-1.616311
-1.053682
-1.067803
0.950308
1.710613
-0.104449
-0.168822
0.070052
1.161878
-0.927353
0.238369
0.975198
0.501094
0.189582
1.001046
-2.703232
0.677875
-0.654076
-1.830633
0.511203
1.373659
-0.137449
0.952875
1.612278
1.314914
1.639965
0.742127
0.075434
-1.601966
-0.246062
-0.843247
2.170943
-0.175886
0.123205
0.551485
0.043602
1.695051
-0.622649
0.194607
-0.742471
-1.320022
-0.611769
-0.037037
-0.429302
-0.692421
-1.406317
-0.083106
-1.504720
0.760056
0.082440
-1.457551
-0.309209
-0.752156
0.319174
1.340450
-1.875172
0.115026
-0.160133
0.671340
0.213197
-0.751969
-0.319054
-0.796026
1.076007
0.021312
1.901191
-0.060661
-0.708407
-1.513714
-1.803140
-1.584136
0.267127
0.508725
-1.581191
0.895038
-0.483061
0.146793
1.612221
0.896839
-0.268531
-0.891192
-2.151815
-0.719153
-0.211130
-0.987180
-0.131257
0.076852
-0.224856
-0.650003
0.168655
0.441941
-1.090399
1.410932
-0.098588
0.018850
0.708214
0.233216
0.953137
0.287124
-0.612437
0.361504
-1.143726
0.108560
-0.033230
-0.208117
-0.128538
-1.881849
-0.548725
0.092845
0.159856
-1.027675
1.265708
-0.866175
0.969457
0.427194
-0.646227
1.775311
-1.193637
0.919154
1.000582
-0.670620
1.392465
-0.250047
0.288694
0.260322
-0.134309
0.810808
0.793489
-1.748532
1.304340
-1.662492
1.032546
1.126705
-1.090966
-0.410814
-1.105705
-0.214921
-0.308034
0.779661
1.310309
1.395684
-0.562168
-0.209222
-1.683438
-0.805870
0.964852
1.615583
-1.234349
-0.592464
-0.026406
0.280161
-0.809604
0.424061
-0.473839
-0.014452
0.546284
0.006422
-0.436386
-0.109610
-0.088363
-0.370011
-0.258796
1.598647
0.560919
-0.295480
0.696954
-0.333819
1.173125
0.369642
-0.107302
0.447717
-1.570876
-1.126768
-1.193925
0.142943
1.732515
2.231300
0.638051
0.500844
-1.801058
-0.542674
-0.787784
-0.620848
-0.168144
-0.472091
-1.979300
0.747910
-1.072743
0.239247
2.074083
-0.919385
-2.530288
-0.286004
1.100960
1.958347
-1.229550
0.496699
-0.465310
-0.105948
2.644343
-1.502970
0.253740
0.467693
1.085786
0.097983
0.308051
-0.391649
0.269127
-0.343192
0.621572
-0.369610
0.377100
-0.029263
1.126050
-0.051394
-1.773032
1.261922
-0.905732
-0.653766
-0.595661
1.374438
-2.135674
3.137748
1.056057
0.223239
-0.054894
0.285554
0.521122
0.645216
0.555604
0.089581
-0.197338
-0.151273
-0.194908
1.133770
0.593557
-2.940389
0.655901
0.194736
-0.018709
-0.388518
1.124113
0.947526
-0.772878
0.407052
-0.971657
-1.379618
-0.626717
0.862393
0.953125
0.513085
0.725096
0.516178
-0.641482
0.431923
0.800409
0.754291
1.188913
0.708304
0.351448
1.070150
-0.026521
-0.881875
-0.163067
-0.744903
-0.675178
-0.144519
-0.792420
-0.307962
-1.893615
0.213294
0.001205
-0.817089
0.659246
0.937570
-1.607560
-0.762725
-0.769142
-0.939903
0.829475
-0.193826
-0.264515
-2.003862
0.635418
-1.239258
0.059933
0.277377
1.360659
-1.308820
-3.019512
0.183850
1.800511
1.238946
0.209659
-0.491636
0.807123
-0.973546
0.476358
0.505470
1.060210
2.759660
0.392416
-0.508964
-0.025574
-1.769076
-0.694713
-0.409282
-0.524088
0.152355
-0.822420
1.121031
0.000207
-0.009300
-0.327895
0.155191
0.825098
-0.867130
-0.658116
-0.303726
-1.345871
-0.819258
-0.476221
0.874389
0.262561
0.193590
0.850898
-0.137372
0.390465
-0.103222
0.265362
-0.582759
-2.438817
-0.134279
1.422748
0.926215
0.965397
1.236131
0.088658
0.197316
-0.617652
-0.316073
0.615771
1.203884
-0.139446
-0.450189
0.000528
0.601207
-1.443855
-2.296181
-0.550537
-1.220712
-0.508140
-0.147780
-0.453248
1.452468
0.326745
0.300474
0.622207
-1.138833
1.039112
-0.075764
0.670481
-1.071857
-1.553759
0.817890
0.376410
-0.902052
-0.869663
1.125435
-1.189412
1.642673
-0.900621
0.638392
-0.328618
0.603187
-0.544114
-0.162793
0.040919
-1.002187
0.740824
-0.513214
-0.228600
-0.994349
-2.562334
-0.191028
2.412616
0.784604
-0.019260
-0.262891
0.022466
0.547119
-1.180813
1.114322
0.715381
0.718186
0.438476
0.019617
0.672861
0.591814
-0.354041
-0.573602
0.101856
1.549020
-1.239107
-1.467525
0.164761
0.050888
0.173342
0.243953
-0.223202
1.489863
-1.600904
-0.828497
-0.103255
-1.643189
-0.175854
1.661470
0.020886
0.230701
-1.260165
-0.616361
-0.375196
-0.317715
1.281644
0.557691
-1.111458
0.246505
0.498222
1.140149
1.580541
-1.015094
-0.810858
-1.257578
-0.234020
0.466358
0.987334
-0.075951
-0.319848
0.151758
-0.835143
2.089539
-1.607661
0.184741
2.023606
0.006800
-0.190039
-0.357445
-0.180392
1.372849
-2.211862
1.533434
-1.423957
-0.266652
-0.429244
0.588553
-1.598124
0.462173
2.024310
-1.363174
0.189706
-0.661982
0.425887
0.019148
-0.641487
0.487872
1.804348
-0.190904
0.719758
-1.293273
-0.956436
0.472406
1.484116
0.355613
-0.313058
-0.000709
-1.250408
0.604515
0.882333
-0.452090
-0.470042
0.265878
-0.436720
-0.066133
2.099722
-0.247026
-0.358340
-0.647542
0.744192
-0.181224
-0.649373
1.321304
1.419603
-0.600424
-1.866540
1.007514
-0.684630
0.790626
-1.970104
0.892597
-1.211172
0.730764
0.014273
-0.953939
-0.407036
0.686318
0.105894
0.584413
1.976441
-1.564242
1.617213
0.104356
-0.898784
-1.330314
-0.189120
0.921650
-0.127549
1.511155
-1.451176
-0.012089
-1.252393
0.363632
0.886887
-0.420762
-2.604214
0.198948
0.436739
0.404295
1.235782
-1.071054
0.680216
1.192508
-1.778588
0.319652
-0.504180
-0.081523
0.347676
-0.487229
-0.675708
0.034152
-1.087246
-1.085825
0.679373
-1.148794
0.666313
0.462591
-1.725807
-0.677565
1.194109
-0.981166
-0.464404
0.462061
0.783391
-0.251539
-0.597510
1.422370
1.738900
0.978858
0.085318
-0.808266
-0.830444
0.522514
0.418398
1.401599
0.650450
-1.503080
1.051948
-0.998061
-0.383971
0.250200
1.995667
3.109919
0.606723
-0.183197
0.534506
0.887655
-0.320668
1.795211
0.230071
0.497743
0.665924
0.421587
0.838941
-0.617253
-0.558302
-1.100154
0.439501
0.778937
0.457773
1.674492
-0.005596
0.668742
-1.091701
-0.387100
0.695538
0.849102
-0.293967
-0.071599
-1.517874
-0.357029
0.890383
0.575205
0.500666
0.049774
0.007063
-0.660321
0.698828
0.420973
0.492019
-0.526035
-2.153343
1.097153
-0.478837
-0.862776
0.693479
-0.392013
1.059936
0.617006
0.683569
-1.365956
1.211944
0.261251
-0.369277
0.143388
-1.776235
0.408653
-1.029372
-1.352670
-1.522359
1.112688
-0.629263
1.533728
-0.535801
-1.707358
-1.116524
1.235812
-0.155898
-0.548287
0.160018
0.501783
1.117399
1.448499
-0.359769
-1.326048
-0.413465
0.260281
-0.963759
-0.957151
0.343788
-0.048652
0.032797
-0.758495
-0.230401
-0.924233
0.890198
1.035249
-1.846188
-0.929511
-1.496529
-0.650024
-0.083438
-1.449645
-0.921860
-1.003957
0.207267
0.069344
-0.721738
0.176821
-0.546680
-0.271655
1.673452
1.340461
-1.299581
0.829732
0.811397
-1.148263
0.818778
1.537932
-1.122545
-0.917503
1.017661
0.271495
0.551476
0.340589
0.390696
-1.326472
1.047318
1.169590
-0.229391
-0.043477
-1.531108
0.514255
0.572057
-0.062191
1.124353
-0.334077
0.564606
-1.019664
-0.023552
-0.174354
0.225308
-0.369527
-0.131473
0.826047
-0.436764
-1.606577
1.749584
1.381454
-1.292263
0.689708
-0.502975
0.263487
0.294224
-0.234408
-0.783766
-0.690541
-0.916192
-0.831822
-0.067178
-0.715760
0.682052
1.487246
-0.580053
0.239404
0.499685
0.472002
0.075955
0.742682
0.482249
-1.237662
0.869156
0.887291
-0.763286
0.037938
0.683329
-0.209314
1.072978
2.363873
-0.785986
-1.381045
0.303819
0.721563
-0.230866
1.453261
-1.338606
0.692919
-0.605861
1.719378
1.992515
-0.766657
-0.549557
0.859588
-0.387131
-0.045411
0.025388
-1.919673
-0.013838
-0.689728
-0.493123
1.443632
-1.256507
0.813205
-0.278963
-0.279760
0.790372
0.340051
0.570613
0.968185
-0.331308
-0.612237
-1.085150
-0.825411
2.949095
1.244680
-1.351074
-1.322458
0.481866
0.547265
0.548884
-0.254956
-0.125454
0.327880
0.085893
-2.219300
-0.229800
-0.851406
0.175211
2.985259
0.367482
-0.313530
0.921802
0.482688
0.420094
0.606851
2.056544
-1.130888
0.473632
-0.926381
0.555513
-0.918687
-0.417367
-0.295090
0.975817
0.918454
-1.245717
0.054934
-0.709580
-1.258505
-0.217017
-0.308483
2.426717
0.432960
-1.377617
-0.564774
1.021383
2.088443
-1.585983
-1.879924
1.870965
0.389614
-0.868293
0.534629
-2.635748
0.003376
0.327821
0.924270
-1.013896
0.085687
-0.925425
0.255384
-0.895346
-0.408101
-0.995815
0.651136
0.858451
-0.234621
0.038238
-1.448591
-0.299677
-0.050205
2.620793
-1.111967
1.464177
0.996859
0.280636
1.758621
0.372105
0.389159
-0.053121
1.223569
1.096469
-0.625677
-1.319247
-0.202981
-0.800039
-0.063525
1.237438
-0.457302
-0.042823
0.058023
0.848431
-2.246889
-0.606700
0.211284
1.200079
-0.491902
-1.876553
0.619711
-0.635362
-1.189667
-0.624345
-0.184525
-0.604745
-2.205566
0.897066
1.274875
0.651522
-1.137686
-0.201492
-0.006521
0.598794
0.668341
-0.734174
0.081996
0.457280
1.455822
0.704507
0.789057
0.083827
1.410459
0.409763
-0.861088
1.403370
0.697903
-0.443044
-0.479493
0.296576
0.463185
0.197292
0.311309
1.699957
1.071543
0.190636
0.941311
-1.032524
0.397927
1.809306
-0.218046
-0.847634
-0.652089
-1.089633
-0.784762
-0.370508
-1.405567
0.015618
0.902277
-0.907756
1.519284
0.510792
1.030581
-0.657835
0.854525
-1.091934
0.890248
0.171839
0.553251
-1.175595
-0.895070
0.597228
-0.948348
0.463206
-1.367138
0.848174
-1.232523
0.552300
0.625631
-0.696772
0.582027
0.260442
-0.538842
-1.008555
-1.962626
0.349650
-1.564803
0.095344
-0.263448
0.679143
-0.302045
-0.329448
0.731871
0.335058
0.316156
0.469268
-1.535572
0.756789
0.612469
-1.016683
-0.244080
-0.039307
-0.134497
0.333860
1.431367
1.081767
-1.312219
0.622070
1.328933
0.386809
1.090980
2.012270
1.023710
0.249309
1.045089
0.144888
0.023903
-0.351414
1.563413
-0.818429
1.532368
0.499864
-1.399306
0.367649
-2.100027
0.625508
0.885231
-0.592356
0.123548
1.954157
-0.505747
-1.058908
1.481663
1.962587
0.003696
1.011463
1.341476
-0.742484
-0.485306
1.230875
1.685014
0.562881
-0.879814
1.987061
-0.530971
-0.335138
0.342338
1.554160
0.853976
0.414865
0.463289
0.043515
0.558140
-2.529560
-0.296607
0.241322
-1.151014
0.386323
-0.204471
1.755476
1.573020
-0.465806
-0.150838
-0.073948
-0.451659
0.195025
-0.758282
-1.130615
0.622711
0.629530
-0.804316
0.895355
-0.631578
0.253165
0.820344
-0.033613
0.454741
-0.516430
-0.196467
-0.205859
-0.746578
-0.176774
-1.548618
-0.491154
-0.284875
-0.256180
-0.241497
-0.061764
0.479442
0.874517
-0.649765
-1.203201
-1.042044
-0.487203
-0.351921
-0.769996
-1.296117
-0.456121
0.181427
0.595029
-0.557423
-0.412998
-0.926698
-0.031439
-0.848429
0.573128
-1.785866
-0.359630
0.301107
0.183835
2.693034
0.349800
-1.004055
-0.095464
-1.776246
-0.080600
-0.833056
0.915390
-0.549540
-0.116766
-0.635558
1.738851
-0.321243
1.832557
0.814152
0.482067
0.368733
0.393797
-1.927673
-0.278883
0.845158
-0.048897
-1.405190
-0.052404
1.704105
1.246892
-0.062004
0.951449
-0.366507
-1.703872
-0.924466
1.562889
-0.273993
-0.243384
-0.299838
1.904137
1.625959
2.218780
-0.159045
0.295624
-1.516643
1.476934
-1.167780
0.216776
-1.097303
-0.588867
-0.837262
-0.607875
-0.539123
-0.548269
0.833334
-1.104863
0.220541
1.217959
-0.513196
-0.717919
-0.230525
1.179725
0.194108
-0.531214
0.483877
-1.102292
0.681360
0.408607
-0.307808
-0.838586
-0.886681
0.534817
1.228981
-0.637308
0.458387
-2.087027
-0.584618
-0.031059
-0.909683
-0.936506
-0.667780
0.292193
-0.187329
-2.238231
-2.120700
-0.606865
0.457687
-2.747505
-0.499730
-0.526248
1.388338
-0.385022
0.382989
0.141257
-2.130567
0.768207
0.215397
0.508269
3.926238
-2.084113
1.724697
-0.287448
0.287329
-0.045512
-0.424236
-0.569833
0.329509
-1.517174
0.750579
-0.416194
-1.130069
-0.450013
1.257149
-0.535335
0.358454
-0.730956
0.757922
0.685508
1.848609
-0.175564
0.668655
0.098068
1.295872
-0.718832
0.745005
-0.194697
-0.064188
0.091752
0.252240
-0.116229
0.214713
1.578118
0.985450
0.869155
-0.455540
-0.889241
0.955301
0.876047
1.472671
-0.603981
-0.229549
-1.639484
-0.392471
0.996571
-0.466495
0.640480
-0.190503
0.324057
-1.147691
0.085209
-2.991136
-0.186896
-1.630473
1.205994
0.777407
0.466671
1.521006
-0.948916
1.747363
0.932192
-0.236555
1.135620
-1.106294
-0.824514
-0.608590
-0.528978
-1.056558
1.223083
-0.258854
0.352505
-0.570351
-1.820603
0.270057
-1.912255
-0.068634
-1.368315
1.987276
0.911363
0.105754
1.263707
-0.846316
0.543479
0.199810
0.264020
1.272354
0.732492
0.288724
-1.654887
-0.960046
-0.122709
0.093372
-1.130204
2.411677
1.516394
0.602118
0.072037
-0.212209
-0.951918
0.077481
0.257753
-1.241761
0.334176
-0.155259
-1.907808
-0.860385
-0.413606
1.887688
0.556553
-1.335482
0.486036
-1.547304
1.082691
-0.471125
-0.093636
1.325797
-1.287164
-1.397118
-0.583599
1.038379
-1.519346
-2.832156
-0.451159
0.551741
1.200262
-0.463161
-0.411427
1.153901
-1.869742
-0.388521
0.190424
0.449219
-0.509807
0.034441
-2.488327
-0.658248
0.453509
-0.982294
0.058984
0.446873
-0.342549
0.170464
-0.962733
-0.206611
0.610216
0.156973
-0.586531
0.224216
0.714610
-2.049941
1.159074
-0.336255
0.425490
1.197247
-1.371674
-0.709441
-0.288549
-0.783754
1.734937
-0.856772
-0.555547
0.204389
-1.202150
-0.395681
0.317453
-0.332860
-0.093387
-0.529332
-1.514470
0.321593
1.754933
0.018402
0.225264
0.692723
-1.269331
1.702515
0.202329
1.631857
-0.733033
1.818062
0.775155
0.553040
0.234024
-0.248529
1.200532
0.140360
-1.967070
-1.117186
-0.185846
0.309999
-0.056588
1.218971
-1.951102
0.143588
-1.817979
0.759712
-0.094459
0.419610
-0.863883
1.279465
1.041725
0.583544
-0.129517
0.579857
-0.706893
0.855556
1.649481
1.070611
-0.729602
0.361417
-1.293141
0.572390
0.450603
-1.869816
-1.161784
-0.283139
-0.300860
-1.209477
0.388979
0.251474
-0.194269
-0.755791
1.048707
1.655407
-0.483561
-0.612167
0.491208
-0.358029
-0.139397
0.739653
-1.909356
1.318302
0.072681
-0.411493
-0.089234
-0.037571
-1.731201
1.494938
0.041326
0.443002
0.951550
-1.021163
0.473472
-0.267641
0.846771
-2.127227
-0.099094
-0.602821
0.432263
0.470044
-0.707626
-0.712174
-0.110665
-0.896642
0.841984
-0.369207
-2.906988
-0.374822
-1.038544
-1.631276
-1.237427
0.109408
1.328641
0.313184
-0.606503
0.455904
-0.459090
-0.694600
-1.154363
-1.751829
-0.389924
0.158053
-0.096624
-0.415967
-0.945746
0.608246
-1.317132
0.776028
-1.002217
-0.752435
-1.466785
-0.501402
0.975312
0.515628
0.978422
0.522143
-1.103670
-0.330789
-0.780199
1.330575
-1.196789
0.893698
0.892954
1.829620
-0.409687
0.712322
2.281652
-0.617642
-1.535040
-1.880010
0.712712
-1.883150
-0.372319
0.437313
0.185176
0.425445
0.222290
1.278866
-0.952316
-0.676995
-0.772659
0.830192
0.900399
0.451225
1.183494
-1.178041
1.667224
1.523239
0.735622
1.781799
-1.656623
-0.524448
-0.735303
0.721479
-1.050141
0.757495
1.370536
0.695203
0.283751
-0.987873
-0.846851
1.249619
0.779349
-0.039020
-0.417910
-2.025808
-1.070852
1.911419
-1.280456
0.189480
1.007444
-1.254923
0.184710
0.937916
0.012499
2.868403
-1.668599
1.058729
-0.172802
0.771920
0.441307
-0.733156
0.228996
-1.857901
0.603248
0.298158
0.638660
1.058118
0.367620
0.148089
-0.881068
-0.712221
1.186735
1.436335
-0.238110
0.046003
-0.904614
1.172757
0.665417
1.941217
-0.878323
-0.378008
0.231446
0.646490
-0.215668
-0.872961
0.881407
0.721135
-0.916274
1.355443
1.170199
0.134296
0.079598
0.554058
-0.861703
0.030031
-2.152384
0.876456
-1.561493
1.503420
-0.330120
-0.211667
-0.627734
-0.288039
1.418531
-2.487809
1.276965
0.338023
-1.207022
-1.075312
1.676393
-0.945507
-1.153350
1.137315
0.338553
-0.937926
0.216625
-1.025753
1.100821
1.061371
0.532006
0.361661
1.761188
-0.000314
-1.181874
0.449474
2.086047
-1.014760
-0.361463
0.416446
-0.053905
-0.982304
1.121858
2.320041
0.196131
-0.904068
-1.548961
0.257976
1.103877
0.475168
-0.002404
-0.589272
-1.092164
0.834751
0.913772
-1.545730
1.589839
0.574071
1.399595
-1.342128
-1.365824
-0.148969
0.502784
1.796361
0.706079
-0.242681
-1.026369
1.230001
-0.964705
1.628469
-0.284385
1.590582
0.678931
-0.136995
-0.519396
-0.340908
0.428317
0.077156
-0.593811
-0.165631
0.078577
-2.128734
0.458168
-0.979721
-1.153332
-1.687344
-1.793893
-1.355448
-0.709021
1.953259
-0.525880
0.177750
0.400481
0.131065
-0.077443
-1.195294
1.450927
1.807197
-1.682659
-1.024029
-0.279810
-0.964538
0.505966
-0.728272
2.165056
1.190549
0.212574
1.026986
1.105900
-0.563947
-0.816217
0.078143
0.861636
0.139060
-1.576996
-0.802824
-0.073973
-0.075666
1.972542
-1.385988
0.505589
1.489113
2.271450
-0.404397
0.491429
0.569760
0.195482
-0.098845
0.435975
-2.532246
0.682069
0.126178
-0.222475
2.046862
-0.674934
-0.403076
1.991553
-0.832061
-0.550115
-0.147025
0.840734
0.207803
-1.292625
-0.532169
-0.607354
-0.077221
0.425844
0.418206
-1.776012
1.063941
0.252569
1.384532
0.444198
1.101323
0.466545
1.346226
0.522251
-0.097915
2.272435
0.889037
0.573744
-1.276304
-1.288308
0.292715
0.145521
-0.614123
0.140983
1.588627
0.695403
-1.141008
-0.111509
-0.804967
-0.387700
-0.413616
-0.477646
-1.255135
-0.127655
-0.560608
-2.929449
2.052972
1.088770
-0.376301
0.018819
-1.171654
1.695723
1.897289
0.156694
1.023531
0.175287
-1.336725
-0.411823
0.131928
-0.454548
-0.218653
-0.091400
-0.080878
0.052258
-1.060605
-0.717016
-1.284584
0.977816
-2.105647
1.153590
1.386349
-0.302181
-2.603137
-0.361311
-0.064184
-1.010598
-0.515218
1.530195
0.664927
-0.924564
-1.597599
-0.327017
-0.213457
0.496199
-0.535317
0.511500
1.935154
0.815501
-0.048089
-0.183150
-0.356673
1.180641
-0.627313
0.045223
0.051198
-0.501784
-1.372465
0.322975
-0.061004
0.500240
-0.533600
1.220821
-0.876774
1.712040
-1.747637
0.434770
0.475431
-0.795557
0.424394
1.279519
-2.216819
0.502745
-2.493271
-0.965665
1.629166
-0.581782
-1.173880
-0.197938
2.067906
-1.831682
-1.051310
1.497432
1.857702
-0.103431
-1.239053
2.095844
1.594442
0.678947
-0.812402
-0.049029
-0.160360
0.330851
1.451001
0.879417
-1.077376
1.376496
0.313132
0.687066
1.466541
-1.111580
-0.035826
-0.531455
-1.567859
0.346710
2.511557
-1.840078
-0.032281
0.640543
0.123078
-0.113128
-1.299216
0.232787
-0.756764
-2.189922
1.194592
0.958386
0.051661
0.229075
1.074318
0.224340
0.904018
-0.297482
1.311984
0.320786
0.194052
-1.270061
0.286956
-0.831955
-0.638283
-0.815376
-1.066235
2.124771
1.331339
1.920367
-1.222895
0.071254
-1.293508
-0.695695
-0.918127
1.239584
-0.396230
1.068379
0.604121
2.303639
-1.479444
1.259233
1.146441
-0.973379
1.007133
0.336145
-0.227476
-0.823936
-0.719109
2.049812
0.000683
0.782130
-0.790899
-0.779853
1.081985
-1.349576
-0.415214
0.034027
0.111373
-0.179093
0.395820
0.692856
0.734638
-0.985804
-0.284155
1.194763
0.894647
-1.372859
0.351480
-1.978225
0.046935
1.897767
-0.947893
-0.834323
0.764030
-1.542801
-0.632755
0.596441
-0.634286
-0.235970
0.744186
0.421546
0.266818
-0.339122
0.370061
-0.123733
0.457806
-0.496932
-0.182569
-0.989958
-0.035008
-0.811001
-1.114046
0.258661
0.212740
0.782874
-0.431126
0.408053
0.550798
0.444774
-0.825654
0.149363
0.364140
0.007178
-2.086478
0.160490
2.212531
-0.360039
-0.728077
0.373349
0.312378
1.192735
-1.257868
0.731380
0.590422
-0.142147
0.338687
1.029457
0.872315
-1.143019
0.820158
-0.064689
0.072874
0.073197
-0.150243
1.191707
-0.083718
-1.119546
-0.393530
0.178695
1.229215
0.603095
-0.850535
2.485190
0.264775
1.275391
-0.151714
0.533359
0.839468
1.218195
1.057368
0.872197
-0.315087
-0.571746
0.332608
0.933128
-0.222721
1.065172
1.452617
-0.916321
-0.836921
-0.140375
0.307613
-0.524567
1.352203
0.424067
0.039447
-1.435910
-1.315816
0.281009
-2.132596
1.012637
-0.158154
3.243093
2.307916
-0.181449
-0.106337
0.995582
1.703173
-1.638029
-1.786376
-0.622035
0.582738
0.496874
1.069771
-1.199697
-2.316144
0.858014
-0.828196
-2.018488
0.145064
0.793176
-0.122057
-0.457848
-0.159362
-0.370583
-1.348047
-0.714681
0.521280
0.321679
0.168060
-0.995148
-0.181503
-2.177065
0.178477
1.428858
-1.474132
-0.585928
0.329107
1.252843
-0.448225
-0.692250
-1.968923
0.103438
2.042076
0.277358
-0.022279
0.322082
-0.011092
-0.813014
0.823280
0.225762
0.017613
-0.975366
1.303508
0.664703
-0.552921
1.001825
-0.497571
-0.782004
-0.759703
-1.771069
0.471542
-1.831145
-1.228444
-2.075588
-0.086070
-0.150320
-0.326696
-1.042578
-1.172234
0.464370
-0.550552
0.316358
-0.885249
0.181063
1.303278
0.586166
-0.412414
0.257199
-0.240665
0.007880
-0.325611
-0.164335
0.212093
-0.993359
-1.015879
-1.388543
-1.600271
-1.217283
0.159463
-0.892788
0.513614
0.034714
-1.968504
0.654976
0.810799
-0.993863
0.420192
-0.856498
0.097670
-1.264498
-1.793106
-0.382817
-0.123729
-0.397680
-1.184031
-0.399899
0.269295
-0.044893
0.182501
-0.670115
1.171718
-1.176173
0.487560
1.181891
0.480908
-0.202524
-0.528297
1.036088
-1.422975
-0.970124
-0.397558
1.237654
0.379768
-0.968046
-0.310308
-0.614323
-0.709789
0.978890
-1.371743
1.608781
0.828230
1.090862
-0.462940
-0.149941
-1.433152
-0.524662
0.493655
1.296063
-1.107157
-0.365506
-0.151299
-1.395789
0.591349
-0.723990
-0.195390
-0.451949
-0.789339
-0.007045
-0.215610
-0.371858
-0.728462
0.319525
1.653617
0.139887
0.996118
-1.390222
0.157761
-1.097368
-1.476925
-0.739371
1.191899
0.950016
0.243005
-1.532701
-0.196281
0.301700
0.175536
-1.843794
-0.890318
-0.064078
0.536291
-2.196128
-0.162124
0.143049
0.849612
0.692858
0.582571
-0.799941
-1.908002
-0.393053
1.001632
1.393455
0.710549
0.429341
0.379640
-0.556119
-0.130060
1.669070
-0.942558
1.614779
-0.322028
1.325432
-1.406815
0.585904
-0.736770
-1.415267
0.218534
1.009472
-0.844941
-1.499016
-0.091845
-0.087435
0.548320
0.949595
-0.059415
1.855503
0.224235
-0.346427
-1.611567
-0.262660
-0.336387
0.960305
0.462484
-1.179369
0.172254
0.671531
1.528031
0.887504
0.760847
0.060086
0.388312
1.249505
-1.332777
-0.349439
-0.772569
0.379153
1.230222
-0.596974
-2.390304
-0.412221
0.913474
0.537630
0.428186
-0.279993
-1.279031
0.515294
-0.834282
2.184097
0.570507
-0.580648
-0.611385
-0.092944
-0.239502
1.116834
0.186416
-0.731632
1.890441
0.049308
0.768840
-0.608226
0.363116
0.311110
-1.889649
2.015275
1.290644
-0.397195
-1.102270
0.347562
0.086698
0.355669
0.191577
0.506241
1.447306
0.568103
-1.049656
1.362563
1.640615
3.152057
-1.123494
0.242882
-2.082099
0.553149
-0.548200
1.923446
-0.774615
-1.689183
-0.471264
-1.975488
0.751099
-2.065083
0.028458
-2.077812
-0.320298
1.643378
0.360648
-0.863494
-0.031203
0.018017
0.472630
-1.366858
0.592567
-2.704392
-0.629885
-0.488274
0.633327
0.022631
-1.405563
-0.984993
0.198680
-0.079067
-0.579124
-0.480834
0.696168
-0.517693
-0.088091
2.169937
-1.423683
-1.851843
0.783590
-0.678643
-0.318238
-0.781156
-0.259800
1.598538
0.802128
0.862224
-1.416227
-1.151154
-2.839079
-0.809381
0.956703
0.516946
-0.221513
-0.022300
-0.688886
0.204759
0.765878
-1.615887
0.299648
0.932435
-0.415100
0.700701
2.814654
-0.104343
0.393307
-0.738057
0.181251
0.460272
0.194842
-1.019695
0.206362
1.462196
0.448636
0.961987
-0.237012
0.749900
0.279268
-0.950911
0.318521
-0.991697
-0.632880
0.189328
0.297244
-1.189232
1.053986
0.572006
-0.704728
-1.537585
-0.144905
-0.445944
0.113140
-0.363117
-2.007457
-0.388347
-0.305619
0.633661
-0.698200
1.678675
-1.911641
1.311167
-0.224319
0.859585
0.079801
1.139556
-0.387362
-1.098620
1.420504
-0.113481
0.221558
1.234752
-1.031955
0.595491
-0.589895
-0.132169
0.072279
-1.500222
-0.778837
1.351073
0.886191
-0.062640
0.243123
-0.294243
1.356583
-0.200353
0.231842
1.146030
-0.777371
1.558789
-1.530461
1.629642
-0.372676
-0.242699
-1.890010
-0.454795
-1.039806
-0.607646
-0.137311
0.957792
0.207603
0.307677
-1.095519
-0.880754
1.798725
-0.735201
1.656208
-0.243061
0.002288
1.070365
1.271892
-0.110813
-0.388243
-0.055920
0.337958
0.891304
0.004230
0.618886
1.638360
0.381310
0.311653
-1.518911
-2.630730
0.388376
-0.094824
-0.514783
0.243530
-0.060404
1.127780
0.086111
-0.746923
0.990166
-0.217131
0.526537
-0.477411
-0.649827
0.084168
0.012829
0.479827
-0.268646
-1.836360
-0.432774
0.793818
-0.297376
-0.246383
0.986377
-0.711973
-1.542803
-0.160631
-0.484174
-0.966246
-0.175378
0.491506
-0.009289
0.306981
1.813408
-0.342879
0.278349
-0.509213
-0.846360
-0.584908
-0.478759
0.359476
2.349076
-0.716043
-0.416625
-0.063123
0.395799
0.263551
1.284096
-2.426392
-2.386930
-0.495878
1.097300
-1.565648
-3.007632
0.571179
0.243657
-1.090208
-0.985540
-0.969744
0.110535
-0.626315
0.494064
-2.854627
-0.856852
-1.126054
-0.256341
-0.538048
0.797844
-1.859337
0.045491
0.558336
1.856647
-0.481766
0.324459
-1.803863
-2.391956
0.844774
-0.005560
1.178513
-1.373403
0.519902
1.868818
0.419706
0.276581
0.008556
-1.570881
1.355573
-0.610858
0.504483
-1.563034
-1.179460
1.435087
-0.347302
1.453275
-0.078231
-1.841898
0.892068
-0.589892
0.698689
0.025211
-1.543118
0.164295
2.196223
0.492986
-0.057518
1.075343
0.210668
0.209534
-1.091625
0.233848
1.035443
-0.836062
1.424496
-0.091706
-0.887770
0.997632
-0.286794
0.759515
-0.291759
-0.059826
0.493560
0.290897
-1.995532
-1.121244
0.929410
-0.132137
-0.523731
-1.358574
-1.079736
-2.021799
-0.101281
-0.598438
-0.966588
-0.068123
0.363971
2.093198
-1.511883
1.159381
0.973102
-0.779093
0.203236
-0.457633
0.185689
1.509131
0.605606
0.508608
-0.430309
-1.484057
-0.208468
1.206608
-1.527168
-1.055089
0.126268
-0.984655
-0.792523
-0.423599
-1.365617
-0.974122
0.703428
-1.307370
-1.597872
-0.630025
0.731956
-0.196922
-0.464581
0.044359
-1.745707
0.494706
0.383435
-0.409308
1.005924
-1.127496
1.127909
0.154494
-0.336553
-0.019874
-0.107265
1.220283
-1.076679
-0.762519
1.036303
-0.595535
0.900533
1.699436
-0.401795
0.681362
-1.153692
0.754733
0.199424
0.473038
-0.645572
-1.661083
0.503252
-2.063403
-0.317351
0.941182
0.191898
1.948343
1.025109
-0.653898
0.027313
-0.047371
-1.582177
-0.940399
-0.560761
-2.036221
0.047493
-0.249072
-1.672894
0.404213
0.715873
0.227034
-0.324068
0.591442
0.680220
0.307404
-0.824612
0.276601
1.195481
-0.596629
2.097939
-0.525631
0.032407
-0.672486
0.223271
-1.742222
-0.546042
-1.092121
0.135338
0.994447
0.646006
-2.371659
2.042070
0.295280
-0.776499
0.157128
0.176190
-0.666849
0.197917
-0.607472
-0.404362
-0.686279
-1.432671
0.145836
0.585299
0.514884
0.819925
0.324340
-0.532726
0.839664
-1.357517
-0.900671
-0.964200
1.080056
0.942789
0.487305
1.071930
-0.879283
0.348595
-0.125174
0.846882
-0.115224
-0.384943
0.540909
0.876169
-0.668345
-0.061076
-1.058441
-2.498061
0.200460
0.608905
0.262067
-1.949562
-0.350849
-2.218348
1.369701
-1.086055
1.255404
0.945870
-0.900590
-1.132785
0.350370
-0.844324
0.102485
-0.482828
-1.781158
-2.230468
0.226684
-0.561558
-0.553090
0.695864
1.173442
-0.272545
-0.340599
0.500143
-1.356936
0.223153
0.551886
0.680230
-1.936753
-0.761355
-0.878263
0.099887
0.480745
1.496710
-0.494965
-0.497573
1.149672
0.296577
1.267652
0.288728
-1.157117
-1.333128
-1.551512
0.662052
1.188597
1.849362
0.843105
1.162839
-0.580016
-1.156416
0.850079
0.417681
0.107444
0.387371
0.323185
1.283817
1.294986
0.544220
0.845803
0.514063
-0.461170
0.756565
-1.394495
1.053892
-1.194523
0.285803
-0.845154
0.553389
-0.033925
-1.594756
0.420700
-0.577921
0.881147
0.001326
0.395421
-0.957569
-0.589332
-0.458639
0.856703
1.677377
-0.805172
1.076848
-2.169677
-1.194189
-0.958778
-1.352509
-1.583588
0.412999
-0.214068
0.379405
0.690473
0.265617
0.657763
-0.069532
-1.186993
1.057814
-0.589112
-0.935596
-0.177918
-0.912811
-0.417430
0.344054
0.348342
-0.897830
-0.487705
1.074333
0.496400
2.075065
1.180128
1.144293
-1.387869
0.763860
-0.053107
-0.550982
0.168015
0.945212
0.500832
-0.878474
0.742459
-0.637588
0.216683
-0.303350
-0.218866
0.766243
-1.040194
1.945195
-1.821086
-0.597668
0.370212
0.584314
-0.100476
-0.057391
0.410550
-0.231069
1.393181
0.839349
0.872824
-0.966157
-0.079388
-0.300466
-1.005601
0.360164
-0.537646
0.655404
-1.070192
1.719041
-0.896333
0.219302
0.791859
-0.570640
0.852469
-1.229184
1.452118
0.014149
-0.596411
-0.299182
0.808919
-0.584455
-0.749358
-0.221537
-1.176962
1.820544
-0.566395
0.831617
0.209470
-0.984534
-0.005955
0.784003
-0.188261
1.193113
1.021515
0.918915
-0.459657
-1.079842
-0.613588
0.196241
0.545787
-2.171571
-0.008113
0.158089
-0.277544
1.291274
0.421780
1.310192
-0.215961
0.937477
1.635066
1.311693
-1.092142
-0.253676
-0.345165
0.489255
0.686354
-0.838893
0.067839
-2.019927
1.441945
-0.512374
0.055864
-0.309650
1.146028
-2.837507
-0.016610
-0.105819
-0.453636
1.726227
-0.887329
0.771796
0.356253
1.261519
-0.667189
-0.732969
1.096070
0.425321
-1.544937
-0.539305
0.386383
0.837764
-0.679231
-2.914256
0.523223
-1.220321
-2.017339
-2.832326
0.813981
0.128617
-0.225656
1.389024
0.637325
1.616300
-1.392735
-0.034551
-1.616713
-0.229382
-0.248616
0.626614
0.045564
0.623407
0.703440
2.154929
-0.315297
-0.941023
0.246084
-0.802280
1.481961
-0.283218
-0.565576
-0.471316
0.718417
-0.157747
-0.641667
1.665352
-0.856170
0.035566
0.652306
-1.631335
0.480260
-1.055108
0.822783
-0.962651
0.692769
1.105833
0.861437
0.251317
-0.231301
-0.576420
1.471035
-0.699495
-1.037066
0.665369
-0.796137
-0.950064
-1.443604
-0.482910
-0.082715
0.243092
0.951306
0.526898
-0.190872
-0.198196
0.510157
1.272570
0.126314
-0.469131
-0.992866
-1.445205
0.666270
0.577979
0.577364
-0.128659
1.406935
-0.484118
0.955269
-0.038743
-0.608351
0.592530
0.409636
0.356973
0.081278
-0.037893
2.388372
1.184257
0.722827
0.111799
1.007157
0.517995
0.026205
-0.303564
-0.080917
-3.170426
0.210601
-0.488476
1.592670
0.019344
-1.188963
-0.049880
-1.046121
0.473407
0.290947
0.957840
-0.790882
0.034008
-1.365022
0.701495
0.518871
0.495805
0.001619
0.414773
1.604339
-0.285094
0.138645
-1.086126
-0.868261
0.097813
1.103934
-0.256281
-0.235917
-0.406885
-0.534757
0.294971
-1.497258
1.280940
-0.665422
0.721904
-1.269999
0.668840
0.671945
0.384202
-0.994429
0.249548
-1.183056
-0.252763
1.029413
0.796702
0.015183
-0.974807
0.645588
0.019381
-2.320316
0.782630
-0.024233
1.202451
-1.095271
-3.176704
0.279084
0.291564
-1.690672
-0.978500
2.755218
-0.305611
0.730959
-0.650660
-2.090303
-0.170258
-0.265605
-0.399878
-0.114641
0.264268
-0.150117
-1.264006
0.486185
-1.949372
-2.050357
0.739181
0.507020
-0.057395
-1.395448
-0.707911
-0.262747
-1.595894
-0.739029
0.652330
1.427305
-0.419435
0.756488
-1.914060
0.659451
-0.803948
0.307346
-0.247752
1.320414
-0.874436
0.627606
-0.279507
-0.158305
-0.183854
-0.845673
-0.014099
-0.062648
0.241240
0.084505
0.797995
0.923509
-1.050623
0.868773
-1.186336
0.587856
0.619739
-1.911317
0.092979
-0.468496
-0.758765
1.350852
-0.653679
-0.806377
0.075695
0.685590
-0.141649
1.166371
0.530976
-2.178211
-0.529467
-0.561842
0.479361
-2.624817
2.549010
0.531026
0.148877
1.181568
2.343654
0.870747
0.948813
0.130690
-0.141526
-0.475795
-0.826112
-0.687014
-1.350556
-0.075871
-1.684668
0.190917
-0.036331
0.146935
-0.522132
3.076860
1.360116
-1.244542
0.232868
-0.608006
-1.014480
-1.340072
0.432217
-0.681380
0.967826
0.993782
1.373914
-0.852387
0.475366
0.632454
-0.474178
-0.771772
1.609521
0.227496
0.635968
-0.822076
-1.219284
-0.569450
-0.124021
-1.064220
-0.009845
-1.688505
-1.120047
0.670911
0.603791
-0.391877
-1.017764
-1.027404
-0.373268
0.644518
0.928246
-0.496532
-1.153492
0.267844
-0.823535
-0.518253
1.325276
0.827115
0.157974
-1.271919
0.211397
1.062657
-0.375634
1.351114
1.292745
1.663733
0.305243
0.587392
1.414187
0.447394
-0.501234
-0.448543
0.238555
-1.290561
-0.143259
1.096547
-2.191254
1.534482
1.122374
-0.459765
0.543391
0.003148
1.229990
0.982683
-1.400071
0.587262
-0.205628
0.082833
-0.728172
1.748137
1.040062
-0.739771
-1.334611
-0.385673
0.434503
0.240206
1.253133
0.789920
0.969569
0.326855
-1.389299
-0.195699
1.060090
-0.051523
0.503090
-0.318748
-1.029812
-0.123344
0.309047
-0.655688
-0.235711
-0.939463
1.119245
-0.294456
1.452756
1.528748
-0.081046
-1.008449
-2.085898
-1.472037
-1.373835
1.378470
0.115825
0.389605
-2.220421
-1.197966
0.887080
0.286774
-0.147205
0.564842
1.635798
-0.221042
0.069370
0.192597
2.392110
-2.099356
0.683223
-0.114802
0.566772
-0.657373
-0.048965
0.711411
3.112910
0.808036
-0.848066
-0.423760
-0.453414
-1.795643
-0.330090
0.732829
-1.274232
1.048483
0.487775
-0.734233
-0.141530
1.598322
0.733548
0.008784
-0.237683
0.076609
-0.511764
-2.104749
2.042178
0.155325
0.398147
-0.057908
-0.735117
-0.185924
-1.599395
2.277086
-1.234512
-1.031966
-0.440259
1.288076
0.014509
-1.236136
1.254338
0.731001
0.538435
0.715734
2.394362
2.185095
-0.686715
1.623885
0.383168
0.499096
-1.692271
-0.170386
-0.812824
0.828059
1.071080
-2.074486
-0.022035
1.121861
-0.186679
0.729064
0.351165
0.341660
-0.271315
-1.216581
-1.121530
0.709352
0.019458
-0.138512
-0.423890
-0.305189
1.046912
-0.335244
-1.341065
0.743652
-0.204877
0.031396
1.607578
-0.020561
0.289184
-1.178923
-0.219669
0.609526
-1.555374
0.200845
0.100791
0.041287
1.037159
0.334439
1.478072
-0.993590
0.135925
0.084467
-1.069255
0.956295
2.324673
-0.017006
0.505021
0.084518
-0.713585
-1.820760
-0.705773
-1.391958
1.704102
-0.115110
-0.345919
0.889154
-1.121751
-0.766864
0.068072
1.028769
0.501685
0.248325
0.078118
0.400236
0.201653
-1.029972
0.046079
-1.073689
0.081083
-0.480648
2.539382
-0.039894
-1.404240
-0.134180
0.519359
1.673364
-0.589452
-1.582428
0.816837
-1.380599
-0.436155
-0.257620
-0.069633
0.689164
-0.683634
-0.273729
-0.014270
0.149598
0.097827
0.436006
0.843840
0.392634
0.453586
-1.582223
0.050228
0.479508
0.728941
-0.692351
-0.659039
-0.574101
0.536414
1.033881
-0.407460
0.907962
0.123480
-0.124286
-0.211384
0.746611
0.325578
2.275826
-0.852225
0.518102
-0.529201
-0.869287
-0.010867
0.137352
2.918174
-0.184146
-1.130179
0.273011
-2.074640
-0.091957
0.016025
0.794600
0.973622
-0.503570
-0.150614
-0.766121
-1.128063
0.309895
-1.273586
-0.414627
-0.995174
0.549683
1.801430
-1.301588
-1.853019
-0.124887
0.015698
0.218659
-0.446321
-0.200639
0.367510
1.040431
-1.955049
-0.368939
0.213809
-0.917976
1.731170
-0.635410
-0.041293
0.556022
-0.591285
-1.846573
-0.428655
1.029441
-0.336895
-0.846434
0.925672
-0.330775
-0.510161
0.149456
0.770750
2.381714
0.827236
1.159840
-0.505966
-1.025868
0.062331
0.107170
-1.078513
-0.175295
0.399318
0.360393
0.504288
0.290965
-0.507009
-0.513901
-1.198951
1.784775
0.013450
-0.224853
-0.928792
2.935658
-1.073328
-0.428848
0.415837
0.600213
0.957932
1.807608
0.506158
-1.056031
-0.256945
0.307832
2.068226
-1.397805
1.202577
0.179914
0.837831
-0.101995
-0.842433
0.750873
0.654431
0.972057
-0.013305
-0.599822
-1.558787
0.819373
0.423889
-0.965783
-0.538574
-0.466759
-1.482984
-0.817682
-1.133830
-0.412479
-0.738697
-1.627005
2.022590
1.252541
-0.779019
0.272421
0.417465
1.191086
-0.818605
1.092107
-0.547905
-1.335862
0.724137
1.290758
2.587909
-1.199725
0.698920
-0.409801
0.783359
-1.470490
-1.262770
-0.775875
0.078964
-0.641081
0.659054
1.026895
0.599578
1.618788
0.415827
-1.216897
1.363376
-0.605156
0.910419
1.573734
0.456688
-1.496159
-0.918212
1.322744
-0.169123
0.079574
0.758824
0.696323
0.278800
-0.208668
-0.312668
0.857899
0.553570
-0.257300
1.082112
-0.129034
-0.851662
-0.758971
-0.978741
-0.272410
1.233724
-0.805095
0.188476
-0.656689
-0.260309
-1.510041
-0.220538
-0.193705
0.540288
0.223281
-1.198392
1.084198
0.210303
0.198394
-0.009182
-0.517757
0.217802
0.475588
-1.746896
-0.538761
-0.254947
0.256171
1.193311
-0.771741
-0.497962
-0.512534
-0.801528
-0.347187
0.770802
-1.053836
0.427814
-1.701902
-0.561338
-0.329489
1.674860
-0.274802
-2.201243
-1.998889
0.034030
0.613771
0.375456
0.167570
1.162260
-0.539591
0.894911
-1.632015
-0.904948
-1.807041
-0.274845
-0.046261
0.114101
0.061883
-0.927553
-0.190241
-1.497447
1.363229
-0.303626
-0.488886
1.588940
-1.242247
-1.125587
-1.096220
-0.067871
0.431632
0.739675
2.571995
-2.249433
0.608736
-0.557131
-0.586415
-0.619772
-0.908770
1.684525
0.842297
0.023196
1.351016
-1.512529
-1.330705
-2.177968
-0.699415
0.161699
0.102859
0.149342
-1.411057
0.803155
0.239628
0.733054
-1.892762
0.311491
-1.187765
-0.397323
0.534365
0.091094
-0.851540
0.006273
-1.531535
1.150267
-0.205284
1.118550
-0.526532
-0.523576
-0.764187
0.876174
-0.709431
0.644595
-0.382452
-1.975963
-0.570314
-1.179108
0.033903
-1.190408
0.925975
-0.091076
-0.177596
0.655892
0.963907
-0.020099
-0.771200
-1.773970
-0.686050
-0.617212
0.107057
-0.345147
0.687933
-0.612983
-0.057041
1.183987
0.341825
-0.060038
-0.601944
-0.633231
-0.850613
-0.541007
0.755666
-0.221888
-1.349773
1.768169
0.319965
-1.406943
-0.441849
0.110886
1.704592
-1.108112
0.976041
1.399486
-0.628654
-0.277514
-1.036309
-0.203461
-0.036590
0.659650
1.090183
-0.748096
-1.967325
-0.021245
0.293538
0.249418
-0.326673
0.124752
1.515445
0.381734
-0.373368
-0.500198
-0.169852
1.636740
-0.183301
-0.019794
-0.482314
1.098983
1.959837
0.450613
0.082773
0.036783
-2.384307
0.745151
0.134166
0.428342
-0.711462
-0.384457
-0.411025
1.021623
-0.378760
2.082660
0.430862
-1.275683
-0.128546
-0.651675
-2.194382
1.599471
0.703143
0.533207
0.165404
-1.382018
-0.483617
0.841781
-1.051220
-2.531769
-0.227106
-0.141758
0.135563
0.728519
0.637606
0.258770
1.195531
-1.518970
0.504582
0.626538
-1.239562
-1.502871
-0.745942
-0.661541
0.753419
-0.614539
-0.856349
-0.611634
1.118632
0.013043
-0.179251
-0.110005
1.292060
-0.749172
1.315508
0.210496
-0.160419
2.500901
-1.055640
-0.353686
-1.232431
0.952462
1.689189
1.669923
1.223949
-0.197620
-0.365241
-1.671170
2.035874
0.468978
-0.491957
1.328057
-0.972764
0.406622
-0.172629
0.638677
-0.063574
-1.450928
0.075576
1.048864
-0.029216
0.775115
-1.045529
-0.026261
-0.624510
0.746981
0.031492
0.690074
1.087710
0.691619
0.273118
-0.998212
-0.002786
-0.533090
-0.344064
-0.374534
-0.979926
-1.957339
-0.668143
0.193379
-1.348177
0.015682
1.900268
1.023057
1.643541
0.391128
1.167510
-0.723965
-0.644340
-2.739140
1.186145
1.540324
-0.553177
-0.253952
-0.753862
0.382654
1.124933
-1.742772
0.409439
-0.276672
0.113394
0.458994
-0.188202
-0.103587
-0.213875
0.970316
0.418760
0.220584
-1.270952
-0.378580
0.898669
0.037697
0.659531
1.766512
1.038606
0.093158
-0.510989
-2.553550
-0.168385
-0.326012
0.390366
-0.153905
-0.320385
-1.779399
-0.939968
0.476651
1.715908
-0.097525
0.327811
0.952478
-0.810894
0.366814
-0.740490
0.864824
0.151403
0.298452
-0.782599
0.707032
2.084713
-1.007912
-0.339759
0.231607
0.786406
-0.559546
-2.833030
1.359190
0.760506
-1.742948
-0.607569
1.568182
1.447796
0.938640
-0.176112
0.082987
-0.130926
1.128240
-0.875842
-0.805800
1.010275
-0.044361
1.378467
-0.671512
-0.054778
-0.922413
0.007363
-1.478547
-0.487633
-1.436254
0.693923
0.716589
-1.730263
1.333886
2.497415
0.046006
-0.641114
2.824331
-1.318969
0.020106
0.179622
1.345148
0.359739
-0.498634
-0.951184
-0.341822
-1.006927
0.047825
-0.564196
-1.494038
1.255146
-0.497673
-1.268137
-0.168259
0.068372
-1.746467
0.331648
-1.047158
1.711029
0.523961
-0.399900
-0.745168
-0.104968
0.612791
-0.025494
-0.217159
0.058370
-0.603859
-0.343206
-2.085793
0.973726
0.298798
-0.773456
1.898735
0.087016
-1.036144
0.856737
0.398048
0.394580
-0.425756
0.450496
-0.261758
0.555941
-1.904944
-0.433873
1.722155
-0.767067
-0.603838
-0.447961
-1.214806
-2.208281
-0.230586
0.135859
-0.052505
-0.144879
0.043041
1.022841
-0.190446
-0.574083
-0.281125
0.579347
1.412027
-0.628144
0.098934
0.338357
-0.992578
0.020417
-1.465674
-1.769050
0.366746
-0.383875
0.202280
-0.017895
-0.976400
-0.045254
-1.233101
1.390972
-1.355970
-0.195785
-1.042272
0.570421
-0.331431
-0.518667
0.853202
0.029431
0.516644
-0.981326
-1.404817
0.107208
-0.318846
0.626435
-0.079908
0.205075
-1.623383
1.888437
-0.164242
0.697587
-0.836092
0.308010
-1.302845
0.452068
-0.355974
0.029191
0.697974
-1.232540
-0.684492
0.457324
2.098222
-0.138082
0.591136
-0.106971
1.942246
-1.747222
0.094621
-1.625544
-2.506572
0.297462
0.139498
-0.284837
-0.106194
3.098300
-0.258175
0.510124
-0.649365
0.295233
-0.238234
-0.410518
1.818899
1.177185
0.136747
-2.304212
-0.361009
2.703027
-0.230662
1.103218
1.441942
0.218964
-0.841822
-2.435312
0.684163
-0.814756
0.176150
-1.249820
-0.265238
0.033719
0.268594
-1.114822
1.196911
-0.596895
-1.674469
-0.109023
0.034375
0.160589
1.362132
-0.236449
-0.119620
-1.103184
0.820553
0.184309
-0.420028
-1.904675
1.444412
-1.227680
-0.591278
0.358345
-1.196558
-1.493510
-2.123948
0.720997
-0.545186
2.927270
-0.994355
-0.921451
-0.565393
0.243135
-0.470203
0.612332
-0.978588
-1.381592
-1.798215
-2.223574
-0.518069
-0.300980
-0.631437
1.243406
1.228030
-0.334803
-1.793921
-0.566705
-0.599821
-0.657135
-0.697719
-0.653463
-0.386542
-0.635541
0.208323
0.360369
-0.910645
1.271065
-0.980062
-1.617801
0.380778
-0.817408
0.321291
-2.403669
1.392456
0.672293
-1.500477
-1.478777
1.672266
-0.737380
-0.834185
-2.266052
-0.350778
-0.227720
0.715493
-1.399078
-1.520287
0.450963
1.006730
-1.571152
1.081514
0.037542
1.091805
-0.070220
-2.522278
-0.151967
1.060144
-0.893746
-0.387965
-0.176133
-2.899514
1.671348
-0.901376
0.505735
-0.086701
1.257619
0.406056
-0.234924
-0.893515
0.797851
-1.873441
0.645890
-1.099045
1.252284
0.161300
0.644124
0.081989
-1.752377
-0.860729
0.672389
0.166656
1.180990
0.403275
-0.966702
-0.796064
0.102917
-2.314044
1.673442
0.441747
1.227035
-1.580604
1.244565
2.231499
-1.320878
0.771402
0.001110
-1.544434
0.492884
0.833603
-0.601127
1.165917
-1.666763
-1.494756
0.136597
0.025385
-0.716573
0.809594
0.530894
0.858139
-0.123136
0.602580
-0.445650
2.053819
-0.812546
2.105297
0.034888
-1.375511
1.368079
0.125901
0.851124
1.223856
0.337956
-0.592241
0.975713
0.000756
0.685858
-2.153731
0.446982
-0.638586
1.653310
0.623087
0.239858
0.486310
-0.998441
1.623257
1.991370
0.392914
1.590404
-0.569148
-0.797114
0.040925
0.434941
-0.393987
0.537768
0.306389
-0.998307
0.518793
0.863528
0.171469
1.152648
-1.217404
0.467950
-1.170281
-1.114081
-0.630931
-0.942060
-0.547996
-0.214150
0.837155
-0.321159
-1.585626
1.140068
-0.837090
-0.058720
0.446537
0.199610
1.094180
0.479003
-0.861310
2.178562
0.194333
-0.147340
0.963925
0.249451
0.399228
2.492184
-0.275121
-0.317761
0.116579
1.071516
-1.506534
-1.965556
-0.587115
-1.633923
-0.424831
0.502500
-0.890749
-1.426827
0.069337
0.862543
-1.694973
0.820232
0.817306
0.954085
1.218480
2.202014
-0.356092
0.109572
-0.416438
0.001977
1.532873
-1.345014
-0.861050
1.377181
1.020036
-0.363132
0.854402
0.341216
1.500275
0.074510
1.025632
2.642012
0.598099
0.049328
0.722447
-0.365281
2.387968
0.180071
-0.272933
-0.835689
1.097220
0.867187
-0.497354
0.576451
-1.508556
0.184971
0.452756
1.707330
-0.770819
-1.278353
-0.895428
-1.336568
1.336657
1.548639
0.320217
1.221295
0.133958
-0.095112
-0.333038
-0.310391
-1.547802
0.264255
-0.040334
0.745361
0.093523
-0.162704
-0.871193
0.072153
0.738237
-1.143339
0.087474
0.233043
-0.718065
-0.587856
0.230611
-1.133421
0.349924
-0.895354
1.062854
2.337828
-0.860757
0.534208
-0.726742
1.040954
-1.265258
0.480587
-0.872989
-0.206985
-1.031025
0.822350
-0.836980
0.551964
-0.344098
-0.114472
0.147756
-0.761825
0.210367
1.530335
-0.778095
1.171810
1.498098
-0.816155
-1.455055
0.301961
-0.547408
1.868603
0.034808
-0.802199
-1.147159
1.089905
-0.571184
0.043829
0.955803
-0.484258
-0.045929
-0.016568
0.683325
0.590744
-0.220114
0.063649
-0.371779
-1.477612
0.257601
1.892192
-0.883719
-0.773030
-0.870728
0.724592
0.448485
-0.158538
-0.918019
0.092377
-1.564622
0.143427
0.871524
-1.251199
-1.532518
1.579438
-0.611760
1.135948
-0.153998
-0.161955
0.438413
-0.883999
0.132497
-0.381489
-1.320493
0.337482
-0.263308
-0.157025
-1.210161
1.591400
0.876714
0.964156
-0.305445
-1.729183
1.952917
-0.061098
-0.748800
0.416802
1.167121
-0.023051
1.278575
1.083000
-1.076381
-0.673790
0.957537
-2.712613
-0.149456
-1.430831
-0.476554
-0.298820
-0.358244
-0.552261
-1.097144
2.291911
1.867462
-1.162066
1.582117
-0.399466
0.129187
-0.063274
-0.659749
0.983852
0.125887
-0.476551
-1.304589
-0.893595
-1.641380
0.012224
-1.196666
-0.265561
1.370102
1.199300
-0.032277
-0.087085
1.879875
0.520756
-0.327806
-1.426018
0.393873
0.829324
-0.631652
0.291203
-0.363573
-0.184032
-2.487822
-0.221781
0.969369
-0.631403
0.052526
-0.755951
0.360442
-0.216523
-0.939242
1.332551
0.928932
-0.604907
0.497788
0.537412
0.642301
-1.694256
1.006607
-0.569699
-0.357828
2.637882
0.301873
-0.386322
-2.205294
1.389764
-1.345210
-1.003439
-0.331352
1.416412
0.773240
-0.157838
0.308292
-0.600386
0.139654
0.073337
0.968770
0.967178
0.493977
-0.362348
0.741822
-0.091968
-1.081914
-0.403288
0.084527
0.910216
-0.183528
-1.209199
0.056742
0.113456
0.185838
0.919872
1.018923
-0.594211
-0.616143
-1.040199
0.698816
1.448820
-0.315082
-0.241431
1.466783
0.505558
0.436236
-1.190917
0.678728
-0.929136
-1.134020
-0.346772
-0.585793
-0.221600
-1.440982
0.958816
1.127686
-1.947343
0.978458
-0.810529
0.856976
-0.068446
0.028776
-0.185098
1.212129
-1.239588
0.607840
1.101330
0.716340
2.324699
-0.528947
0.957305
-0.106091
1.233406
-0.007689
-0.387876
1.306072
-0.491562
-1.412726
-0.516847
0.619033
1.392039
0.111129
1.318197
-1.358175
-0.443263
-0.288575
-0.114559
0.084094
0.690911
-0.444807
0.139029
-0.045123
-0.925890
-0.113667
-0.143660
-0.165081
0.031759
0.075674
-0.432295
1.272715
-1.169481
-0.720970
2.779964
-1.037991
-1.353755
0.734477
-2.077120
-0.235274
2.145825
-1.544936
-1.981964
-1.499181
0.898360
1.124777
-0.512589
0.683212
1.390255
1.787346
-0.246335
-2.301472
-0.820879
-0.426804
-0.258939
-0.187859
1.118895
1.274428
-0.171674
1.098485
0.357661
0.064506
0.906544
0.072252
2.057811
-1.438411
-0.515171
-0.126519
0.439453
1.267960
-0.024399
-1.422230
0.842514
0.754959
-1.941859
-0.003804
-1.590142
-0.664651
-0.902809
0.809265
0.116830
-1.285591
0.880066
-1.433806
0.330114
-0.814011
-0.365677
0.504271
0.521449
1.336969
-0.082254
0.306451
-0.437737
0.181990
0.439486
-0.098310
-1.803751
0.331471
0.364561
-0.680173
-1.284387
1.475879
0.491446
-0.229081
-1.137033
-0.821815
1.302590
0.137662
-0.550587
0.509689
-0.814398
1.500843
1.352800
-0.466574
-0.628670
-2.618133
-1.481581
-1.339470
0.135190
-0.326234
-1.345335
-0.281164
0.505337
0.527839
-1.899670
-0.128263
-1.383341
0.901729
0.784146
-0.898027
-0.766045
-0.461267
-2.252793
0.335968
-0.272845
0.970175
-1.098409
-0.619123
-1.506525
-1.004291
-1.181982
0.995974
-0.698262
0.124176
-0.380763
-1.269465
-0.168300
0.599103
-1.207759
0.809113
-0.849721
-0.482984
0.530683
-0.663436
0.037575
-0.314691
0.129368
-2.380739
-1.829682
0.615967
1.037181
-0.910487
-0.244028
0.294719
0.693218
-2.027677
-0.886040
-0.332579
0.703140
2.498430
-0.228006
-1.406977
0.402268
1.320996
0.108014
-0.906649
0.957994
0.663546
-1.026081
0.381426
0.997266
1.181890
-0.066449
-0.358079
1.227274
-1.210160
0.438579
-1.370027
1.065376
-0.258046
1.268583
0.491413
-1.223220
1.424628
1.551245
0.882286
-0.761588
-0.306014
0.145427
-0.703710
1.692347
0.144326
-2.703348
0.339356
-0.348157
-0.074927
-0.368619
0.807046
1.119688
0.283053
-0.339311
-0.041337
0.019600
-0.802430
0.578929
0.460042
1.540441
1.255350
-0.685675
0.820298
-0.950953
0.695932
-0.516614
-1.023253
0.280045
-2.674567
-1.750976
-0.177492
0.082442
-0.369319
-1.579436
-0.817892
0.391209
0.581782
-0.016223
1.156834
0.397397
-0.747456
-0.280502
-1.402866
-0.108139
1.112101
0.685290
1.402009
-0.302885
1.346100
-0.193304
1.471585
-0.021857
0.707231
1.475112
-0.193428
0.218389
1.288863
-0.133003
-1.320892
2.143007
-0.469764
0.158756
1.156007
-0.608494
-1.007868
0.253737
-1.793076
-0.287906
0.245039
-0.269952
-1.543451
1.594178
0.103538
1.431152
-0.260036
-0.880012
0.269181
-0.215787
-1.177761
1.469784
-0.622270
-1.840266
1.328166
-0.504298
-0.607824
-1.765388
1.740942
-1.289481
0.058449
0.912620
0.421717
-0.059654
-1.701666
-0.809725
0.187800
-0.787174
0.203359
0.681743
0.962503
-1.226179
2.196646
0.767479
-0.001714
1.089537
2.365408
-1.438720
-0.225263
-2.378432
0.192652
0.365394
-0.039162
-0.654534
-2.049515
0.373534
1.455434
-0.591018
0.440060
-1.568144
0.457213
-0.393382
-0.762418
-0.760364
-0.393612
0.382433
-1.312163
-0.397115
-0.041472
-1.099039
1.796665
-0.853495
-0.669437
-0.978308
1.798480
0.552905
-0.936592
1.106232
0.200699
0.257253
-0.344477
-0.749416
0.337766
-0.545087
1.816756
-1.269291
1.536157
-0.111319
0.299086
0.833158
-0.630249
0.864248
-2.707544
-0.719990
-0.924063
-1.253506
-0.214955
0.385750
0.702660
0.240877
-0.665693
0.369016
0.124286
0.936056
0.776937
0.030476
-0.897253
-0.652950
-0.549789
-0.315266
0.268050
0.715174
-0.051119
0.016125
0.143306
-0.515905
-0.925392
-1.755438
-0.695149
0.473145
-0.702911
-0.237807
0.466431
0.520689
-1.079533
0.997059
1.127350
-1.129850
-0.823837
1.191091
-0.146854
-2.219778
-1.399681
-0.249370
-1.163043
-0.413424
0.032396
1.462255
-0.290454
1.072542
1.428760
1.434310
0.284755
-1.963289
0.460825
1.048400
-0.081067
1.744584
0.859834
0.568273
1.086381
0.333370
-2.492810
-0.499139
1.197168
-0.807591
-0.223473
-1.044836
1.783923
1.681492
-0.883869
0.147298
-0.680494
0.614945
0.509683
0.811706
0.331918
2.935406
-1.027924
-1.710603
-0.393090
-1.567988
-1.492462
-1.001315
-0.922189
-0.954618
0.518219
-0.506189
-0.179515
0.894233
-0.766323
-0.264546
0.365760
-1.941568
-2.384906
0.346117
0.492014
2.064220
0.158095
0.819740
-0.195473
0.297227
1.667257
-2.123993
0.413616
2.135587
0.282034
1.650573
-0.629212
-0.032047
0.033525
-2.217591
-1.168178
-1.096875
0.822066
0.872153
0.324036
0.824103
-0.164149
1.201932
0.008788
0.057864
-0.265593
0.684451
-0.421199
0.976431
-1.132149
-1.098916
0.687427
-0.088544
-0.453891
0.890058
-0.607261
-0.200201
1.399228
1.539142
1.572398
-0.282126
1.230703
-0.948953
-0.906903
-2.350456
1.672868
-0.863980
-0.126533
-0.910324
0.695165
-0.375634
-1.304817
0.441663
-1.433730
-0.837406
-2.106889
-1.423958
0.178529
-1.964536
-1.481146
-0.002369
-0.543607
1.992037
1.833897
-0.867922
0.557138
0.749283
-0.597479
-1.495542
-0.012298
-0.172846
-0.435764
0.442317
-0.750730
-1.151998
0.109083
0.385970
-1.176645
0.928091
-1.770481
-0.578113
-0.258009
-0.636224
-0.565060
1.871074
-0.850884
2.441222
0.437127
0.092055
0.476240
2.529928
-0.993593
-1.120418
-0.754866
0.032143
-1.725771
0.022339
1.693547
0.151407
-0.292685
-0.618160
0.898512
-0.825833
1.846396
1.933360
0.256751
-0.011515
1.030660
1.094798
-0.805992
-0.526555
-1.322347
0.409065
0.666628
-1.349926
-0.455199
-1.347254
-0.898800
0.551017
-0.733482
-0.300826
-1.627312
0.186990
-0.044273
-0.728959
-0.189014
0.180295
-0.814868
-1.476263
1.805574
-0.633273
-0.096760
1.010840
3.529055
-1.244486
0.449827
-0.707552
-0.538790
-0.720212
-1.125655
-0.041291
-1.474503
0.946808
0.055003
0.422435
-0.466189
-0.367204
0.287564
-1.164051
-0.357990
-0.859614
-0.890569
-2.109838
1.339327
-0.686539
1.163376
1.068792
-1.286000
-1.088411
2.560503
1.750926
-0.031519
0.257373
-0.630846
0.432353
-0.717182
-2.032354
-1.321556
0.021093
-1.131067
-0.067277
-1.074661
-0.782354
0.853165
0.247481
-0.009664
0.878964
0.480609
1.446563
-0.459859
-0.429635
-1.301109
-0.428981
0.964770
1.299987
0.960305
-1.794192
1.083145
-1.838519
0.898117
-0.367785
0.702533
-1.332448
1.171168
-1.464975
-0.668455
-0.998095
-1.754285
0.094528
1.806089
2.666905
0.097156
1.116681
0.232095
0.498883
-0.342149
0.195077
0.537479
-0.578460
-0.077494
-0.058430
0.826403
-1.066032
-0.051542
1.912005
1.164060
1.349179
0.024432
0.320998
1.002236
1.560256
-1.951603
-1.315441
1.309444
-0.276889
-0.671721
-1.254161
-0.555017
-1.402369
2.091094
-0.022436
-0.057951
0.588077
0.962345
0.945888
1.073622
-0.630846
-0.297867
0.769032
-0.527389
-0.005107
0.398764
0.785185
-1.777681
0.714746
-0.233724
0.707458
0.776932
1.607915
1.353454
1.346572
1.443670
0.291379
0.032185
0.872817
0.732081
-0.309066
0.404823
-0.035096
-0.853933
1.290461
0.055199
2.048708
-1.625492
-0.556779
0.032639
1.137381
0.399469
0.310473
-1.127264
-1.156941
0.322505
-1.364106
-0.531878
0.500917
-0.982324
1.605356
1.223936
-1.571420
-0.932371
-2.285777
-0.782591
0.766388
-0.413895
0.460797
-1.522334
0.797975
-0.555109
0.012170
-0.092875
-1.271549
-1.153084
0.967794
0.398992
1.050049
0.324658
0.142991
-1.726011
-0.270367
-0.027384
1.953107
0.686957
1.536061
0.597538
-0.711303
0.117124
0.236224
-0.939156
-0.384387
-0.205767
1.605620
-2.080740
1.205818
-0.936795
-1.372079
1.179942
0.731898
1.254519
0.800702
2.059845
0.558724
-0.156477
0.342926
1.243469
-0.779375
-0.651889
-0.308960
-2.104583
0.138078
-1.886129
0.053059
0.865290
-0.476876
1.677116
-1.460501
1.191261
0.675137
-1.716033
2.710794
-0.063745
-0.877484
-1.407087
-0.220018
-0.127407
0.102646
-0.297796
0.633225
-0.387630
-1.934964
-0.149361
-2.367478
0.353771
-0.979300
0.163360
1.314075
-0.948749
1.061256
-0.433390
1.753195
-0.365153
-0.840493
0.687238
-0.435790
-0.841449
-0.477840
-0.044607
1.342180
-1.934088
0.023081
0.624904
0.193449
1.309865
-0.074345
-0.184551
0.592330
0.099314
-0.390409
0.516144
-0.652528
-0.611177
-0.527994
1.353069
-3.221016
0.395599
0.034272
-1.680870
0.309727
0.475752
0.589639
-2.651828
1.366389
-0.737737
0.686568
0.741074
-0.876697
0.660460
-0.385493
-2.071377
1.167742
-0.775045
-0.854493
-0.403066
0.272237
-0.057270
0.548067
-1.339489
-0.742386
-0.115997
1.897887
-0.113813
1.085222
0.038555
-0.483659
-0.246724
-0.168420
0.603646
1.374611
0.359681
1.187078
-0.964790
-0.414631
-0.724303
0.314445
-0.358958
0.729773
-0.931002
0.043031
0.686858
-2.065303
2.121631
-0.283152
-2.025040
0.158094
0.033443
-0.081894
0.991191
0.747445
0.297876
0.450156
-0.104358
1.775491
-1.479196
0.139652
0.065025
0.813280
-0.843854
-1.743673
0.156823
0.281230
1.489599
-1.270362
1.154694
2.367414
-0.377765
-1.290942
-0.406974
0.014005
0.563788
-0.591395
1.555199
-1.114532
-1.739205
1.106710
-2.274621
-0.204130
3.117681
-0.012044
-1.120768
-0.057397
-0.050801
0.160650
0.662263
-1.039111
1.687548
0.245114
0.726794
-0.628149
1.286382
-0.257052
0.277553
-0.933106
-0.996932
0.688205
-0.443607
-0.853823
-0.643183
0.698953
-0.629038
-0.117655
0.015028
-1.917349
-1.471126
0.336278
-0.737029
1.056725
0.966807
0.719169
1.819772
-0.083089
0.648882
-0.584401
2.452370
1.983634
0.011880
0.386586
1.359298
-0.147140
-0.656624
0.873990
0.078439
0.182994
-0.834271
-1.717672
0.236142
0.904962
-0.225807
1.436430
-0.703916
-1.054704
-0.067230
-0.082593
0.769969
-0.774963
1.368094
1.966917
-0.039144
1.249710
-1.056497
1.075222
1.047276
0.863437
-0.015563
-2.954249
-0.641727
-0.625916
-0.978255
0.122243
-0.418963
-0.824612
-1.058800
-0.715513
1.121499
-0.661025
-0.514939
-0.456698
0.338994
0.456249
-3.044657
1.021635
1.436368
-1.050187
-0.972298
-0.450253
-0.756004
0.223927
-1.946525
-1.117928
1.539197
-0.928220
1.243428
0.355338
-1.809268
0.635329
-0.117667
-0.455467
0.244957
0.474633
0.707592
1.178253
0.408136
-1.375634
-0.473645
2.943048
0.724491
2.369287
1.395434
0.241802
0.301407
-0.036580
-1.737805
0.018047
1.210675
-0.599640
0.411953
0.851591
-0.909680
-0.451303
-1.017911
-0.822166
-1.287605
-0.900448
1.419456
-0.915477
0.126459
-0.502869
1.178866
1.311162
0.864070
0.306135
-0.231060
-1.191875
1.943529
-0.759673
0.663646
1.059566
-0.555281
1.038013
0.764213
1.727964
-0.469346
-1.285864
-0.505490
0.208854
0.058213
-0.393438
-1.909197
0.470483
1.972345
0.464251
0.609136
0.572445
0.397047
0.931666
0.395374
-0.312677
-0.795989
-0.248974
0.314130
-0.316083
0.314339
0.439150
0.833179
1.282795
0.078007
-1.307777
-0.345104
0.044063
-1.835769
1.388664
0.142378
0.381353
1.365526
-0.630143
0.574042
-0.109864
-0.184087
-0.772192
1.665603
-0.375500
0.699464
-1.875007
1.179989
1.052211
0.097434
-0.226942
0.400000
2.288791
-1.763237
0.782027
-0.911617
-0.019918
-0.247880
-0.428318
-0.010465
-1.134171
1.029180
-1.794144
0.539765
-0.326536
-1.170925
0.202383
-1.556951
0.039714
-1.422877
0.461272
-0.924357
-0.450994
0.293949
-0.772542
-0.057964
-1.513831
0.630876
1.764914
2.792209
0.091168
0.788204
-1.780626
1.502734
0.776228
-0.483933
1.237181
-0.254476
-0.458025
0.475335
-1.063354
1.021625
-1.055990
-1.050055
-0.909690
0.759500
-0.616775
-1.347996
-0.605680
-0.032042
-1.180972
-1.151681
2.111296
-0.860565
-0.323042
-0.367237
-0.421357
0.621347
0.948143
-0.305954
-1.236478
1.274440
-0.095341
1.730322
-2.245586
0.195403
1.918606
-0.353264
-0.225493
0.295512
-0.558796
-0.312072
-0.337815
-0.627421
1.228857
0.461078
0.250628
0.808571
-0.264356
-0.774204
-0.602624
0.001783
-1.059212
-0.500261
-0.516117
2.124556
-2.773815
-0.179620
1.725694
0.121844
0.753417
0.099826
-0.667333
-2.241916
0.205456
-0.775607
-0.800335
-0.498987
1.744861
2.404838
0.217208
-0.464767
-1.177226
0.468540
1.782906
-0.247340
-2.378996
0.670050
0.985400
-1.585846
0.176484
0.451226
-0.073107
-0.790771
1.015937
-0.403380
-1.485186
-2.049474
1.260849
0.616664
0.087974
-0.440275
-0.528998
-1.075737
-0.431456
-2.120087
-0.736064
-0.310938
0.609880
-0.039926
0.794923
1.349135
1.058170
0.470510
0.011863
-0.980788
0.739944
1.679747
0.342106
1.917259
-1.525572
-1.154163
0.855201
0.264290
1.313782
-0.015472
-0.867975
-0.213593
-1.532684
-1.128591
0.972444
0.872787
0.363004
-1.721078
-0.358404
-1.225000
1.176533
-0.583722
-1.085748
0.029796
-0.640154
1.483744
-0.734811
-1.399228
-2.152914
-0.030787
-0.561930
-1.428905
1.189227
0.667245
-0.028218
1.364326
0.662536
-0.822856
-1.039220
0.817982
0.396367
0.169748
-0.846498
0.607948
-0.755499
-0.101987
1.446944
-0.660834
-1.572989
-1.052547
0.994299
0.254731
-0.128877
-0.509094
0.485360
-0.849105
0.305666
-0.731255
-0.897659
-0.637487
-0.375407
-0.048830
0.235456
-3.688365
-0.807651
-0.391570
1.505062
-1.080003
0.162797
1.495030
-1.312968
0.393975
-0.802272
-0.504634
-0.803111
-0.731857
2.721912
0.844456
1.101738
0.491993
-1.606257
0.394958
1.072930
-0.853399
0.965327
0.704336
1.852040
-0.417783
-1.097611
-0.361628
1.435571
-1.828406
-2.068376
0.089395
-0.442589
0.007728
0.945312
-0.552569
-1.873006
2.044482
-0.997228
-1.059037
1.103720
-0.384489
-0.063390
0.482790
1.083583
-0.333461
1.519952
-2.135800
0.759787
-0.839528
1.372271
0.142044
-0.672905
0.662841
0.893188
0.641894
-1.029696
-0.484017
-0.004073
-0.041260
0.749745
-2.014901
0.334327
-0.289981
-0.838501
-0.742487
-0.214538
-3.601085
-0.701290
-0.875815
0.532783
-0.805527
-0.215114
1.542277
0.994352
0.902271
-0.499872
0.543032
-0.233898
-0.196093
0.409685
-0.596994
1.493003
-0.160130
0.618361
1.455601
1.031654
-1.408919
0.444896
0.850719
0.891863
-1.113295
-0.657035
0.994558
-0.761760
-0.299696
1.575876
-0.047799
-0.726774
-0.877617
0.332719
-1.333148
-0.247336
0.333231
1.299150
0.667548
-0.714065
1.178419
-0.299515
-1.235703
-0.172041
1.438169
0.165240
0.012522
1.637212
-1.431355
-1.285599
-1.615847
0.372648
0.166493
1.542736
0.243475
-0.404157
0.001795
0.117707
-1.671761
2.710332
0.519871
0.210008
0.615164
0.709411
-0.140553
-0.631241
0.599451
0.385711
-0.809890
1.419036
0.293352
0.729819
1.391921
0.021889
0.316952
0.810027
-0.724861
0.054052
0.125549
-0.956059
2.317637
-1.407293
-1.298104
1.314227
0.713266
-1.025965
0.607289
1.467850
-0.030263
2.598823
-1.724062
0.693823
1.166528
0.891344
-0.204356
-0.290441
0.444145
0.815754
0.602473
1.040058
-1.018870
-0.227771
-0.940016
-0.386113
1.015221
0.107984
2.606859
0.193406
0.059692
0.106183
-0.637809
-0.057837
1.127788
0.113971
-0.793460
-0.925085
-0.450202
0.073863
1.193587
-1.340489
-0.319826
0.144310
-1.833706
-0.833598
-0.679889
-0.795970
0.191890
-0.160560
-0.555286
0.427963
1.723075
1.639256
-1.922772
0.577072
-0.178023
0.155155
-0.398283
0.117589
0.151407
-0.578952
-0.896368
-0.448696
0.234259
0.598996
0.853349
-0.494190
0.283845
0.962503
1.165595
-0.058833
-0.220932
0.191124
-1.149707
-0.193610
0.744586
0.641947
-0.270268
0.217718
-0.824650
0.703492
-0.077821
-0.275951
-0.361724
-0.062894
-0.447878
0.658143
-0.395284
1.592964
1.465211
-0.891544
0.069704
-0.650657
-0.326648
2.002428
-0.307571
0.360226
0.541321
-1.000629
-0.855095
-1.206022
-0.885971
-2.850030
0.544582
2.054194
0.147821
-1.416269
-0.642776
-0.458877
-1.017585
0.860183
0.810260
-1.155452
0.725081
1.526813
1.902558
2.865212
-0.901993
2.824220
-0.354206
-0.592465
0.327072
-0.582061
0.399044
-1.320077
-0.238753
1.285582
-0.057061
0.141596
0.475259
1.170662
-1.655225
0.584524
-0.268139
0.166638
1.059950
-1.194187
-1.012644
-1.935430
-0.549159
1.330432
-0.120587
-1.340125
-0.485679
-1.487862
-1.125186
0.388819
-1.173873
1.112634
-0.071120
0.085595
-0.278373
0.772848
0.783160
0.335054
0.564789
-0.212090
0.542203
-0.337878
0.002232
-0.274644
-0.457219
-0.689112
0.467690
1.310606
1.171102
-1.256565
1.289203
-0.318159
0.600733
-0.906215
0.141980
0.313723
-1.484605
0.608267
1.345935
-0.174648
1.360168
-0.189693
0.849585
-2.218570
2.418778
1.495458
-0.284626
-1.972089
0.288028
-1.443925
0.444854
0.411566
-0.941403
1.120967
0.805575
0.975823
0.008858
-1.415524
0.977872
-0.270371
-1.389780
1.352039
2.099407
-0.041248
2.159121
0.091315
-0.380456
-0.630458
1.637082
-0.780144
0.735269
-0.559164
-0.460307
1.030250
-0.380037
-0.404795
1.132805
1.597397
0.644690
-0.654770
-0.510608
0.079915
0.320930
-0.987866
0.723038
0.085513
-1.715708
-0.928926
-0.504129
-0.072858
1.889279
0.238171
-0.840772
0.220631
-0.352088
0.324758
0.580568
1.209231
-0.024286
1.638960
0.908023
-0.707440
2.209856
0.326995
-0.835124
1.652913
2.077778
-0.033025
-0.503650
-0.172375
0.714732
1.277857
0.570487
0.101723
1.498012
-0.312836
1.030919
-0.288063
0.431023
-0.113563
-0.055852
-0.377387
1.344854
-0.732926
-0.740232
2.120994
0.977848
-2.385114
-0.565259
-1.811989
-0.950691
-3.138515
-0.136990
-1.141942
0.059905
-1.625121
0.082912
-0.414916
1.501953
1.411357
0.785346
-0.326614
1.985380
-1.553035
-1.403559
-0.083783
2.254038
-0.202339
-0.183245
-1.441910
0.945930
0.953176
0.789075
-0.629221
-0.706707
-1.293122
0.083873
-1.080407
-1.177417
-0.423691
-0.489156
-0.537979
0.466445
0.079048
-0.288156
0.183013
-0.991527
0.105279
0.150602
-1.503047
0.995694
-0.881434
0.090310
1.164412
0.925677
0.034333
-0.362499
0.947512
0.674695
-0.618365
-0.794894
-2.072355
0.154032
-0.082698
1.136191
0.359055
1.334229
-0.697364
1.138150
-0.528916
0.777596
-1.458758
0.235135
-1.984688
-0.267137
0.440354
-0.520969
-1.050438
0.846118
-0.103463
-0.489571
0.041896
2.636669
1.153503
1.162574
0.435546
0.166485
-2.396082
-0.678980
-0.480574
-1.874892
-1.157416
-1.980837
-0.038324
0.818766
1.106775
0.414784
-0.963396
-1.932065
-1.756869
-1.268983
-0.888860
-0.159748
-1.014164
0.338976
-0.232274
0.010546
1.140251
-1.180232
0.418705
-0.013973
-0.333486
0.885256
0.879014
-0.946491
-0.182161
0.281212
-0.273007
0.585021
0.281192
1.832561
-1.530279
-0.122436
-0.908503
0.604107
-1.617172
0.346313
-0.630048
-0.734162
-1.446498
-0.465076
1.084501
-0.025189
0.627680
1.664642
0.263756
-0.558800
0.467252
-0.544296
-0.504423
-1.519893
0.926257
-0.386003
0.182098
-1.035962
0.435948
-0.761941
-0.141709
0.877826
0.790759
-0.022030
-1.768131
2.992810
1.745859
0.722675
-0.753204
-0.113592
-0.543420
1.263856
0.262503
-0.784164
-0.470755
1.121188
1.600098
1.528332
0.757032
-0.252625
-3.241514
0.297160
-0.001829
0.139982
0.053897
-1.326262
0.557409
0.632216
0.682339
0.946577
0.604052
-0.410029
-0.070837
0.091125
0.107699
0.998218
0.643669
2.077343
2.206469
0.079650
-3.836656
1.236832
-0.540376
-0.801484
-0.398445
-0.446643
0.612270
-1.559436
-1.077721
0.343159
0.622944
0.641542
-0.787036
-0.978266
-0.506635
0.239873
1.485477
-2.047437
-0.220729
-1.332678
-1.652243
0.966957
0.544625
0.449434
0.921026
-0.479719
-0.432638
2.185731
-0.246571
0.735132
0.006382
-1.848258
-2.044629
-0.578984
1.056101
0.788292
0.914077
-0.987046
1.615873
-0.964893
0.212824
-0.010352
-0.173874
1.338592
-0.705111
-1.349605
0.019995
-0.399827
3.377383
0.676507
-0.409341
-1.056112
-1.880288
-1.025219
0.114942
1.427329
1.121689
0.229095
-0.323168
0.268812
-0.518638
1.718364
-0.189190
-0.086338
-2.215822
-0.195435
0.836484
-1.067723
-0.750720
0.792711
-1.476657
1.057801
-0.532144
-0.388568
-1.123878
0.378046
2.459872
0.781497
-0.864285
1.135621
-0.316680
1.374485
0.806676
-2.943141
-1.004080
0.944385
0.151657
-1.023756
-0.633590
-1.906237
-0.088373
2.210690
0.804933
2.190417
0.882397
1.027479
1.974079
0.377263
-0.187227
1.032658
1.453840
-0.479965
-0.721569
0.138856
0.831499
0.798091
-1.424168
1.911606
-0.641165
-0.265065
-0.902654
2.698329
0.242071
-0.850975
0.863924
0.769136
-0.187727
0.840607
-0.825292
-0.492918
-2.010217
-1.323951
1.807631
1.641429
0.065789
1.662931
-0.160074
-0.243410
0.056511
-0.124922
-0.215196
1.143398
0.150136
0.712482
1.031381
0.388186
-0.970271
-1.352866
0.148781
-0.171256
0.087391
-0.016054
2.583574
-1.330226
-1.989946
0.332377
-0.376423
0.316068
0.583883
1.284105
-1.507226
-0.556718
0.428761
0.770464
2.193449
0.955704
-0.056789
-0.890436
-0.564290
-0.592703
0.655234
0.256997
-1.323650
-0.435901
0.877548
0.351662
0.568645
0.382922
1.626431
0.236043
-0.386023
-0.915755
0.249609
-2.440704
-0.184289
-0.205840
-1.364471
-0.928266
0.809658
0.230712
0.101788
0.306348
0.092628
1.242863
0.123429
-1.458213
1.630130
0.370340
-0.589254
-1.253402
0.395914
-0.117172
1.574147
-0.345907
-0.837381
0.895796
0.925282
0.168651
0.676357
-0.037687
0.233865
1.164991
0.625318
-0.169274
1.352363
-2.364855
2.052073
-1.705959
-0.627093
-0.040918
-0.146481
1.006411
-1.057837
0.260767
-0.578212
0.295141
-0.064772
0.092936
-0.549925
-0.510064
0.287273
0.943716
-0.598279
-0.868768
0.613460
-0.032504
0.830498
-0.905797
-1.779439
-0.533004
-0.766353
-0.078788
-0.636845
0.741017
-0.288150
0.150475
0.157635
0.194955
-0.024129
0.510601
-0.795655
1.399418
-0.236537
-1.311549
0.188073
-0.851180
0.665335
2.209606
-0.786572
0.332372
-1.755506
0.453905
-0.885714
-0.624835
-1.101287
0.732151
1.007304
0.023385
-0.864427
1.589523
-0.750410
-2.162032
0.458389
-1.104775
0.988609
-0.381138
0.603713
1.401500
-1.208859
-0.565937
-0.075671
1.537551
-0.658383
-0.594504
0.478141
-0.577229
0.152526
-1.551537
2.214330
-1.347709
-0.321753
-0.032481
1.912688
-1.324846
1.983704
0.757177
0.417095
-0.984634
0.571141
-0.723487
1.266661
-0.971062
-0.113158
-0.555273
-0.987523
0.741320
0.535459
1.209010
-1.779875
1.064171
2.505449
-0.451641
1.895149
-0.263161
-1.372410
-0.305632
1.048204
-0.838176
-0.600339
0.593539
0.003060
0.584623
0.237830
0.479625
-0.432301
0.231731
-0.927373
1.288434
-0.634275
1.128847
-0.233607
0.201999
-0.494965
-1.015995
-1.744760
-1.055324
-0.323909
0.211879
1.010379
-0.445757
-0.881961
-1.442715
0.480064
1.383195
1.266330
0.709933
0.638543
1.697624
0.332081
0.646130
-0.320784
-1.362043
-0.683849
-0.009159
0.060785
1.926286
0.081277
1.178843
-0.435077
-0.311676
-1.329008
-0.742328
0.526981
0.007560
0.942939
0.181254
-0.352454
2.148297
-0.093904
1.163001
-0.401209
0.709599
0.928016
0.208492
-2.354483
0.018252
1.230460
0.527481
0.445839
-1.722257
-0.720455
0.411358
0.410383
1.214667
-0.144867
0.405824
0.016374
-0.986943
-2.255791
0.431010
0.173947
-0.618175
-1.619173
0.629740
-0.265920
0.556875
1.864048
-2.141431
-0.699601
-0.209376
1.454826
-1.636403
1.935861
0.135856
-0.096001
-0.198060
-0.436263
1.048117
-1.068521
0.345414
-0.384182
-0.762133
2.585975
0.419051
0.613266
1.137777
-1.421350
1.752292
-2.508957
-0.768766
-0.459032
0.581723
0.218718
-0.166815
-0.011997
-0.978023
-1.497232
0.726512
0.693706
1.584494
-0.790017
0.692815
-0.283707
1.190475
1.021963
0.211209
-0.339530
0.960932
0.646905
-0.684440
-1.327799
-0.288533
1.515414
1.146487
-1.112327
-1.167757
1.274684
-1.135636
0.509295
-0.616071
1.617045
-0.770425
1.143362
0.184859
0.252195
-1.970309
-2.202913
-0.220566
0.246906
-1.125198
-1.088693
0.561473
0.562854
-0.137741
0.780202
-1.174202
-0.355935
1.647878
0.068322
0.126313
2.305947
-1.399342
0.796430
1.663986
-0.324858
0.859631
-0.982019
-0.686732
0.384966
0.798567
1.120937
1.569629
-0.067447
1.193612
-0.342305
0.902091
0.207489
0.445678
0.423508
-1.604705
-1.124122
0.102541
-1.687279
0.831211
0.871556
0.327171
-1.121134
1.380139
2.037211
0.147077
0.510535
0.201739
0.530369
-0.119559
-0.034564
0.905718
2.345624
-1.400071
-0.103812
-1.180460
1.592025
-0.587738
-1.443201
0.638187
1.744311
0.663598
0.204798
0.409141
1.414841
-0.874199
-0.111847
-0.452690
-1.167865
-0.328375
1.107721
0.566602
0.644310
0.146476
0.523324
-0.800590
-0.309510
0.192004
0.277516
0.320188
-0.138335
-0.377423
3.157771
0.906787
0.413147
-0.233208
-0.451219
-0.130801
0.292829
-1.880436
-1.569390
-0.636882
0.207139
-0.239273
1.478121
-1.482397
-0.751345
1.520092
0.131119
0.884843
2.051247
-0.693804
-0.099314
-0.272427
-1.954593
-0.310397
0.881062
0.540590
0.619083
-0.375509
-0.656097
1.269256
-0.497317
0.294082
0.163335
1.461717
0.971412
-1.295259
-1.187553
0.578910
-0.064338
-0.455172
1.015628
0.187459
0.052457
0.779829
-0.375109
1.568519
-0.788048
0.656929
1.433833
-1.377295
-0.343335
1.142207
1.157245
-0.171496
-0.734671
0.955936
1.183549
-1.164663
-1.203914
0.225257
0.629361
-0.299069
0.679294
-0.710137
-2.114694
-0.423901
0.063232
-0.275840
-1.158603
-1.815649
-0.514089
0.897656
1.256197
1.187713
-0.815910
-1.153706
0.496635
0.635100
0.400170
-2.014063
-0.866885
-0.029689
0.487218
0.767307
0.144254
0.330784
0.084865
0.685619
0.312866
0.065738
-0.268369
0.081291
0.484591
0.267475
0.380826
1.342722
0.265164
-0.648998
0.883607
-1.366198
-1.081413
0.335847
0.516397
-1.245051
-0.382817
-0.606084
-0.486676
0.943598
0.706505
-0.019122
-0.545962
-1.349650
1.420185
0.592114
-0.706669
0.719599
-0.070224
-0.287109
0.435212
-0.741498
-0.343757
0.121461
-0.499451
0.669085
1.869066
-0.754298
-1.665125
-2.001740
-0.150468
-0.663165
0.207860
0.132598
-1.603217
-1.814884
0.295933
0.135429
-0.425818
-1.657144
0.471391
1.271900
0.277982
-0.847474
0.044552
-1.366114
1.057961
0.081844
-1.768157
-0.300674
0.463302
-0.333048
-0.275896
-1.224402
0.566541
-0.648469
-2.156445
-0.371257
0.981150
-0.386929
1.737985
0.428968
0.338758
-0.128398
-0.068286
-0.263424
-0.302269
0.530867
-0.935831
-1.075894
-1.123195
2.045655
0.530343
0.304492
-1.057515
0.623342
-0.116571
0.214169
-0.976620
0.160269
-0.423834
-0.765611
0.734106
-1.537708
0.564776
0.684486
-0.879644
-0.820328
-0.223026
0.282036
-0.152855
0.433562
1.762980
-0.507717
-1.715180
0.825924
1.683315
0.392768
-1.087749
-0.123892
-1.118523
0.642855
-1.351290
-0.300129
-1.004338
0.126825
-0.366342
0.176762
0.022351
-0.986659
0.626877
-0.048766
-0.988529
2.240927
0.476430
-0.153261
1.415205
1.841816
-0.145349
0.347397
-0.988003
-0.147193
-0.199063
0.184827
0.332760
0.559828
0.237643
-1.210743
-0.938467
-0.546408
-0.282241
1.050774
-1.162939
-0.357415
0.953009
-0.299877
0.460416
-0.139542
0.256783
-0.228473
0.667066
-1.545056
-0.363312
0.296573
0.533695
1.492953
-0.391025
1.479482
-0.659024
1.328646
0.817467
-0.913459
0.307039
-0.051236
0.625585
-0.223272
-0.307246
1.369095
-0.098721
0.826422
-0.225351
1.666663
-0.678335
-0.614144
1.524517
-0.444946
1.601074
0.891841
-0.154650
-1.813293
-0.019318
0.101630
1.167218
1.588447
-0.684987
0.801182
0.765402
1.073413
0.498690
-1.942498
-0.155422
-1.155708
-0.202606
0.980004
0.305151
1.148091
0.341754
-1.298326
-2.520847
0.148809
-0.213926
-0.976946
-1.700627
-0.734743
-0.194491
0.665878
0.188631
1.608067
-1.035604
0.881059
0.047299
0.694669
-0.436515
1.071680
0.295225
-0.679445
-0.012024
-0.239556
0.489178
-1.179777
-0.029352
0.395307
0.033023
1.346941
0.774023
-0.007481
0.216689
0.295666
0.403300
-1.825658
-0.301526
-1.484439
1.278281
-0.060850
-0.193341
0.896797
0.422325
-1.128635
-0.070905
-0.335167
-1.744533
-0.690276
-0.183540
-0.114951
-1.482231
1.151666
-0.102103
0.037553
0.400642
-0.788076
0.456356
-0.367075
-0.896586
0.573447
1.491674
0.724829
0.922978
-0.520631
-1.597620
1.490138
2.054515
1.542807
-0.335786
-1.154634
-1.065683
-1.683733
-0.107379
1.605678
-0.141663
0.302323
1.375597
-0.404095
2.035532
1.992094
-0.131111
-0.577534
0.697238
-0.347525
-1.156555
1.281239
1.216447
0.155512
-1.262865
-1.229526
0.107229
-0.499871
-0.341093
1.021963
0.733179
1.378143
-0.990623
-0.343192
0.758982
0.448078
1.532380
0.420537
1.848109
0.540018
1.062167
-0.323515
0.014287
0.910944
1.612978
0.729237
-0.083172
1.377335
-2.191979
-1.422235
0.681634
0.014108
0.605514
0.064408
0.570946
-0.814403
0.570486
0.994415
1.220551
2.013554
0.244098
0.273911
-1.523172
-0.531411
-0.193082
1.050320
-0.611001
0.796340
-0.001622
-0.177168
0.248894
-0.391156
-0.429037
-1.704786
-0.247954
-0.479968
-0.515981
0.416873
0.658632
0.232194
0.995415
0.575562
-0.295056
-0.462856
0.312822
0.573767
1.397844
1.191173
-0.541473
-0.102006
0.671018
1.067998
0.938969
-0.063878
-1.254023
-0.998936
0.272634
0.342226
-1.098679
0.044570
0.631224
-1.151227
1.104997
-0.377531
1.257613
-0.533452
-1.026626
-0.458137
-0.095148
-0.388480
-0.216001
0.333965
-0.171179
-0.066112
-1.709226
0.391698
-0.089203
1.610293
-0.939565
-1.808295
0.618069
0.346527
-1.008433
-1.529749
1.537397
1.414110
-2.487457
-0.458223
1.664192
-0.476063
-0.490612
-0.282759
-1.120897
-1.704776
1.052547
-1.842937
0.247271
0.886580
-1.451226
-0.924268
1.213179
0.532892
-0.617286
1.202249
1.206536
0.269053
-0.900160
-0.413449
0.286387
-0.188595
0.938957
-1.529774
-1.494264
0.180871
-0.491544
-0.627049
-1.768057
0.019546
-0.052755
0.653479
0.068906
-0.132604
1.177001
-1.312467
0.536389
-1.671147
-0.838362
-1.212657
0.781943
-0.065410
-0.013503
-1.106733
-0.299693
-0.763465
0.383455
-0.991091
1.329794
-1.675581
-0.806520
1.677201
-0.435139
-1.314879
0.219072
-0.475392
-0.835870
-1.095871
2.768373
-0.251552
-1.925567
1.493710
0.611071
-0.766466
-0.933119
0.673473
-0.246918
-1.925978
1.787240
-0.433990
1.495572
1.278435
-1.001010
1.033190
-0.651443
-1.866701
-0.424598
0.397638
-0.462737
-0.307048
1.143566
0.106494
-0.843298
0.702030
0.197676
-2.521605
0.428353
0.391829
0.020121
0.891701
-0.672394
0.336500
-1.566959
0.407090
1.953060
-0.994856
-0.759802
-0.710015
0.129998
-1.063036
0.421247
0.846840
0.534347
-1.768415
0.995168
0.937367
0.830161
0.372842
0.220189
1.032389
1.923514
-0.953040
1.078125
-0.086217
-0.129673
-1.536531
-0.284789
-0.997265
-0.463854
-1.098186
-0.448908
-0.406110
0.096755
-1.614750
-1.445518
0.361914
-0.797438
1.074530
0.225270
0.606762
1.410692
-0.309711
-0.574487
0.871703
0.509514
-0.187330
1.391458
-0.212244
0.032774
0.021223
-0.934594
0.077585
1.396760
0.444968
0.031063
-0.161767
0.330867
0.749767
0.609239
-0.331865
0.324782
0.479940
-1.007195
0.168231
-2.161304
0.482534
0.660343
0.747546
-0.395047
0.309047
1.423954
1.413770
-0.029173
0.139320
1.110911
-1.500802
-0.323076
1.335570
0.975201
0.369264
-1.505832
-0.049910
-0.589915
0.331039
-0.809347
-1.025723
-2.064865
1.221805
-0.399770
0.157146
-0.002238
-1.067434
-1.259065
-1.005315
-0.723168
0.366606
-0.795718
1.746491
1.027151
0.808360
-0.119659
1.514281
-0.218006
-0.031261
0.169975
0.701823
0.636908
-0.475125
-0.532994
0.639903
0.715237
-0.393351
-1.587188
-0.207316
0.623526
1.805417
-1.197958
-0.426571
-0.389404
1.355805
-0.034942
-0.907327
0.558695
-0.404639
-1.224387
-0.892773
1.734042
0.384209
0.107760
-0.249894
0.292149
0.280236
0.292169
0.114845
0.868798
0.023104
-0.977939
-0.612423
-1.979019
2.026817
0.862755
-0.830070
-0.281845
-0.636876
1.542547
-1.419877
0.114476
-0.108528
0.826839
-0.104009
-1.758209
-0.251118
-0.972162
0.079580
1.434177
-1.739425
-0.800223
-0.552693
-0.381631
0.740126
-0.173544
0.415803
-0.625773
0.229924
0.777798
-0.732300
0.781358
0.052373
1.045460
-0.201420
0.381245
-0.040606
-0.096212
0.258930
0.536807
-1.249565
1.433634
-1.859663
-0.684812
-0.094269
0.412356
1.576172
-1.858292
-0.507694
-2.126833
0.031622
0.271684
1.590796
0.120635
1.044025
0.583837
-0.435248
-1.408961
0.275002
-1.492102
1.295207
-0.162062
1.195177
-0.480214
0.268851
0.209349
-0.045044
-0.432660
0.392456
-0.926163
-1.209435
1.242827
0.727168
0.065892
1.665142
-0.267766
1.322703
0.175574
-1.024751
1.848040
0.990711
-0.121021
0.727171
-0.403703
0.829149
-2.391078
-1.019801
0.979260
-0.249656
0.207542
-1.346786
1.847867
1.190530
-0.200685
-0.404696
1.029604
1.982470
0.953760
2.171803
-0.922351
-0.819387
-1.188941
0.441761
0.175604
-0.151951
0.809259
1.232329
-1.525662
-0.596972
0.820144
-0.467739
-0.798206
1.018537
-1.289500
-0.301580
0.328644
-0.573820
0.783156
-0.568877
1.408620
-0.125746
0.671270
0.746024
-0.627540
-2.053487
0.360756
0.072288
0.555826
-0.226527
-0.430428
2.008473
-1.472354
0.733950
-0.574602
-0.335779
-0.317103
-0.803434
0.571224
1.390644
0.470014
0.103382
-0.986440
0.516825
2.156350
-0.380695
-0.375984
-0.561089
-0.489414
-2.745300
0.405035
-0.845552
-1.610263
0.753190
-1.082018
-0.338669
1.466442
-1.409216
-1.532598
0.269306
1.149487
-1.574342
0.407690
0.581000
-2.059160
0.798501
0.876606
-0.311786
1.252346
1.136456
0.103118
-0.451445
-0.972828
-0.037564
0.569759
-0.324177
-2.197501
1.268714
0.190223
-0.379624
0.857158
1.524639
-2.801912
0.434264
-1.426649
0.499111
0.127927
0.635727
-0.499248
-1.873240
-0.450368
0.406848
1.015392
-1.171831
1.027060
-0.647872
0.362450
-0.509894
0.182171
0.891878
-1.227014
-0.679906
0.184963
2.401584
-0.863190
2.040134
2.004423
-0.097311
-0.298153
-0.692065
-0.068203
-1.406719
-0.076239
1.496880
-0.611085
-0.240724
-1.701141
0.374062
0.264482
0.063702
-0.216827
-0.292758
0.501900
-0.028817
0.314972
0.214983
1.123427
0.676994
0.192862
1.518422
0.420269
1.304963
0.606943
-1.841919
1.304835
0.135176
-0.051955
0.281348
-0.344983
0.227029
-0.591876
1.274272
-0.113588
-0.382584
-0.924926
0.268776
0.187107
0.388425
-1.027252
-1.601181
0.625591
1.484642
-1.026354
1.589441
0.283911
-0.007063
-0.397549
-1.384518
0.987729
-0.775606
-0.779807
0.991926
-1.882983
-1.523598
-0.018134
0.293284
0.484735
-0.301798
2.530370
-0.227893
-0.230786
-0.796987
0.123907
0.614961
1.203578
-1.489284
-0.245995
0.446704
0.587058
0.006549
0.542424
-0.808964
1.557905
0.992628
-1.344928
-1.075103
-1.046922
0.677970
-1.284728
-0.331024
0.454704
-0.066166
0.258888
-1.065803
0.594854
-0.613212
-0.324620
0.237732
0.103078
0.023980
-0.750627
-0.299549
0.002184
-1.375085
-0.462533
0.387680
-1.277437
1.156582
1.269613
-1.245151
1.357620
-0.143582
0.418515
-0.496651
0.923045
0.406094
-0.814153
-1.165202
-1.460302
0.187942
0.572471
0.650966
-0.117981
-1.156996
-0.682075
1.152349
-0.484629
0.143418
-1.075650
0.336583
-0.457685
1.046713
0.773558
-0.495706
-0.126664
-0.551116
-1.419433
-0.857442
0.198217
0.325260
0.148548
-0.301733
0.933067
0.063542
0.703254
-1.773775
-3.922400
0.283788
-1.424766
-0.212452
-0.302097
1.587401
0.399997
0.165859
0.836991
0.368498
-0.457677
1.071476
-1.109750
0.323247
-1.547570
0.203944
0.192990
1.676455
-1.564974
-0.600887
0.822682
0.335317
0.180305
-0.956136
-0.590818
1.245041
-0.051509
0.375360
-0.115188
-1.183086
0.933810
0.503232
2.305637
-1.015581
0.822573
-1.311544
0.157347
0.976507
-2.072135
-0.204932
-0.563210
-0.701957
0.385213
1.120686
-0.133279
0.205486
0.114309
0.001804
-1.089343
1.108445
0.295195
0.394881
-0.806510
-0.459220
-0.176134
-1.534125
-1.688034
-0.600748
0.522521
-0.653137
-1.018805
-0.814686
-0.455342
-0.353859
2.165521
1.054621
1.024774
1.168580
-0.998821
-1.222365
-1.106870
1.334506
-0.547192
-1.251356
-0.430996
-0.238606
0.268413
0.250951
-0.828181
0.685656
-0.639194
-0.156276
0.686774
-0.641821
-0.569351
0.591668
-0.857733
-0.384792
0.555742
2.054092
0.605404
0.472640
0.530802
-1.073190
0.115597
-0.029766
0.321585
0.116508
0.379700
-0.311467
0.058609
-1.227829
-0.319907
1.390833
0.318808
-0.020921
1.896123
-1.360835
-1.109456
1.712711
0.045961
-0.242583
-1.199204
0.447696
0.544460
-1.094494
-0.140276
-0.335516
0.255977
-1.119250
1.251947
0.915824
-0.363176
-0.216419
-0.136422
-0.778309
-0.443429
-0.270270
1.612868
0.946618
0.934655
0.369926
-1.117327
-0.041491
0.970488
-1.258265
0.636553
2.322609
1.061817
1.414029
0.218339
0.967932
-0.717853
0.795864
0.654388
0.289911
1.316007
-0.538785
-0.187058
0.095462
-1.029611
0.226932
-1.718930
1.046955
0.046637
-0.520893
-0.834374
-0.234579
0.688260
0.547739
-0.705538
-0.846040
0.656899
-0.722347
0.059910
0.123755
0.312062
0.858270
-1.262963
-1.911159
-0.567447
1.801528
2.022174
1.831177
-0.192981
-1.782115
-2.343039
-0.614038
-0.198074
1.300625
0.867805
0.227405
-0.889845
-0.960780
0.254128
0.697051
0.391881
-1.034598
0.650668
0.425911
-1.070666
-0.784321
0.688496
-0.234508
1.589147
0.501129
-0.486631
-0.010206
0.063383
-0.728390
-0.912588
0.701390
0.845273
0.603781
1.515318
-0.541773
1.674271
-0.900921
-1.012686
-1.759959
-0.445795
-0.503722
0.525937
0.243891
-1.192973
-0.392726
-0.371462
-1.775982
-0.980947
-0.770814
1.433625
0.191451
0.662169
-1.498636
1.194214
1.301102
-1.998345
-0.705317
0.495766
0.644388
-0.678495
-0.305499
-0.597381
0.110418
1.197178
-0.771042
1.000821
-0.781672
-0.847627
0.818595
0.921936
0.851410
-1.315797
-0.465951
0.822989
0.041542
-1.073693
0.458318
-0.714807
1.794525
1.544841
0.604097
1.361007
0.064791
0.765437
1.477720
0.245499
-0.255187
-1.704622
-0.083134
0.823423
0.945633
0.504365
-0.541299
-1.976822
-0.495215
-0.304345
-0.312929
0.618556
1.985676
0.123529
-0.216732
-0.259222
0.124385
-0.828294
0.120199
0.450812
0.209686
0.457542
0.433748
-1.771897
0.636870
-0.671015
-1.095839
-1.104452
0.433542
-0.222575
-1.681969
0.478038
-1.439608
0.139821
0.238499
0.885577
1.781685
-1.364676
-0.052474
-0.276335
0.433750
0.215669
-0.352546
-0.440902
-1.116451
0.987862
0.459204
0.917768
-0.310396
-0.656835
-1.078315
0.358918
-1.039793
1.848663
-1.307643
0.273660
1.566855
0.599090
0.175674
-0.968484
-1.381769
0.770050
1.506147
-0.438850
-1.139061
-2.458169
-0.980765
-0.113657
1.599123
0.673134
0.305085
-0.400120
-0.583166
1.405648
0.200739
-2.102601
-0.673540
-0.858216
-0.546264
0.562911
-0.107445
-0.076865
1.313473
-0.696461
1.864200
-0.671308
0.089198
-0.281204
0.123419
0.444592
0.433835
-0.753117
-1.122915
2.503172
-0.483984
0.699212
-1.607641
-0.279613
-0.127199
0.472815
-2.722454
0.166141
-1.149741
0.324346
-1.036329
-0.855483
-0.273628
-1.052329
-0.475534
-1.193376
-1.833170
1.017957
-1.296049
-0.178681
0.752891
-0.614944
-0.825166
0.226238
1.117934
-1.169315
-0.150148
-1.732495
-0.393201
0.034205
-0.854625
-0.456992
-1.408227
0.077079
1.055694
-1.097144
-0.622672
0.502546
1.212091
-1.493190
-0.168785
0.283131
-0.102056
-2.476792
0.501090
1.519336
0.116662
-1.031106
-0.513127
1.769913
0.909963
0.640027
0.356413
-0.661137
-0.200571
-0.077923
0.549574
1.508919
1.118338
-1.419384
0.223995
0.736763
0.618860
-0.629234
2.914109
-1.277085
-1.083188
0.233595
2.116803
-0.836195
-0.265828
1.077294
-0.017862
-0.334604
0.565633
0.272518
1.030439
1.291469
0.307003
0.291733
0.214111
0.489131
0.055171
-0.000608
1.196627
1.516116
-1.507553
0.010021
-0.688694
-0.310971
0.402516
0.669438
-0.112126
-1.913340
-0.965046
0.896500
-2.740427
1.187427
0.521230
1.316176
-0.198569
-2.061405
0.430363
1.274653
0.924722
-0.662691
0.086761
-0.532836
-0.819266
0.955389
-1.197532
-0.893816
-1.104026
-1.490247
0.146414
1.161503
-0.184877
-1.505748
0.839945
1.685702
-0.646242
-0.478554
0.515661
1.621874
-0.519834
-1.332450
0.631419
0.799068
0.006131
-0.558133
0.994379
0.528036
-0.768436
0.049095
-1.351708
0.685890
-0.262234
-0.435711
-0.032874
0.040308
0.894930
0.591091
-0.156409
0.763668
0.400737
-0.426600
-0.124718
-0.148223
0.505261
-0.367023
-0.390409
1.968757
0.939735
-0.760601
0.570941
0.118350
0.391551
0.137341
1.189643
0.345620
-0.062089
1.042191
0.233285
0.121479
0.314023
-0.093609
0.009227
-0.586695
-0.751167
-0.998570
-1.391983
-0.879717
-0.174267
0.103118
-0.271297
-2.355704
1.574586
1.086480
0.445760
1.907491
-0.977364
1.887625
-0.965214
0.238738
-1.273837
0.014694
0.386166
-0.154690
0.713877
0.099014
-0.522415
-0.566813
0.810914
-0.653742
0.915403
1.222712
-1.668714
1.132926
2.060423
0.252004
0.599084
1.037005
-0.275482
0.182280
-1.314200
0.138635
0.498112
0.516163
1.065425
-0.774802
-0.532607
1.895507
-0.150328
0.200034
-0.067010
-0.821681
1.623529
-0.527701
-1.127285
-0.450740
-2.001706
-0.651287
-0.968129
0.617429
-0.673414
0.887804
1.398484
0.781175
-0.215388
0.141115
-1.524985
-0.133779
-0.860438
0.694326
2.572752
0.499822
-1.991140
-0.361230
0.122491
0.087357
-0.730813
0.245292
-1.242501
-0.944909
0.645798
-1.015663
0.538212
-1.369464
1.764826
-0.774270
-0.223667
0.330613
-0.565350
0.143406
0.575357
0.960613
0.791497
-0.171810
-0.146632
2.349108
0.949889
-0.921824
0.099988
-0.335143
-0.135334
-1.229495
-0.411923
1.811556
0.579076
-2.491161
1.216723
1.089630
-0.359285
0.717264
-0.859399
-0.470256
1.498546
-0.271730
-1.869732
-0.063303
-0.078588
1.198369
0.014336
-0.421582
1.045056
0.120790
-0.750023
1.154998
0.193662
0.002926
0.177908
-1.070668
-0.527654
0.003583
-0.194664
1.272428
0.217406
0.854904
0.009395
1.056288
0.397528
0.013420
-0.013283
-0.954439
0.506916
-0.040205
-0.501992
1.106462
-1.250216
-0.422496
1.027719
0.315523
-0.047859
0.251004
0.179414
-1.516663
-0.349262
1.616522
-0.659324
-0.318301
-0.541621
-0.087015
-0.583123
0.486742
0.197313
0.773548
-1.050941
-0.340340
-0.225723
0.455647
-0.793221
0.915654
1.186416
-0.988872
-0.490873
-0.531932
2.632386
-0.429900
1.677625
-1.266632
-0.989651
-0.686605
-0.845689
-0.267899
-0.708778
-0.819342
1.158472
1.223794
0.949296
0.523999
0.092743
-0.497031
-0.953157
0.362996
-1.173630
-0.993921
1.152913
1.900649
0.393295
1.106457
-0.245848
-1.337674
0.612172
0.569289
0.071669
-0.242375
0.962211
-0.985733
-0.773781
-1.008106
0.084973
-1.087893
-0.684242
-0.705756
-0.260608
-1.487374
0.087205
1.247304
0.135491
1.541321
1.333998
0.777735
0.074686
0.022500
0.763800
-0.391671
-1.882521
0.492004
-1.131069
-0.962141
0.000224
-0.095125
-1.412076
0.165492
0.966140
-1.128342
1.272483
-1.560171
2.117324
-0.411260
0.145617
-1.892034
-0.062136
0.228482
-0.086162
-0.563081
-0.946564
1.130527
0.030807
1.540752
-0.526482
-0.434795
0.815594
-1.622975
-1.213463
1.097485
-1.171934
-1.819051
1.868527
-1.393818
0.184119
0.069085
-2.810628
-0.267317
0.448413
0.354309
0.903521
-0.387491
0.712504
-0.689329
-1.410467
-1.297728
-1.462110
1.009586
-1.514573
0.274039
-0.265924
-0.102649
1.363607
-0.438427
0.611602
0.037563
-0.152019
2.299969
-1.441342
1.289132
0.656407
-0.479525
1.629318
-1.848110
-0.521767
-1.208482
0.412083
-1.113064
0.433064
-0.186436
-0.479354
0.388647
-0.268622
-1.088635
2.801373
-0.487167
-2.217609
-0.842099
-1.267277
0.826146
0.321653
0.398713
-0.370022
-0.279350
-0.370931
-0.081193
0.835333
0.336075
0.500113
0.499559
0.884442
0.288150
0.358848
1.188806
-0.665046
-0.855743
-1.185922
0.182915
-1.853732
0.462154
-0.109193
1.134640
-0.671917
-0.203318
1.122203
1.383136
-0.680152
0.181781
0.294419
0.373653
-0.262576
1.281383
-1.889704
-0.421130
0.447931
0.457225
1.352759
1.198225
-0.285542
1.299871
-0.714042
0.930887
1.810522
1.214944
0.105770
-0.331779
-1.528591
0.310540
-1.115217
-0.793135
-1.190746
-0.460392
-0.027969
0.273615
-0.600507
1.069284
-0.208205
-0.787722
0.226292
1.963553
0.335161
-0.362856
-1.527461
-0.219412
0.234928
-0.387581
-1.665385
-0.850565
1.454538
1.434001
-0.886639
0.672757
-1.178573
1.404316
0.245236
0.949642
-1.715093
0.677637
-0.007674
0.851929
0.914868
0.065785
-0.600830
0.779696
-0.060154
-0.872785
-0.920152
-1.477164
-0.510291
1.102692
0.177830
-0.529768
0.804856
-0.832477
0.095350
-0.179630
0.779131
-1.577228
-0.850198
-1.638246
-0.259597
1.211427
-0.505447
-0.510684
0.871724
1.068550
-0.088571
0.684715
-1.076954
1.377974
2.148706
0.521216
-2.084332
-0.558230
0.612825
-0.421483
1.272199
0.588157
-0.706475
0.032265
-0.893833
-0.182585
-0.554593
1.174762
2.116012
-1.431188
-1.923216
-0.245172
-1.518416
0.046212
0.748936
1.494142
0.201395
-0.193155
-1.978385
0.026185
0.071287
0.638957
-0.708488
-0.435053
-1.478002
-2.291293
-1.108497
-1.570326
0.336712
-0.518134
-0.538237
-0.984413
-3.232565
1.508311
-1.000270
-0.412420
-1.454892
0.971930
0.143429
-0.826365
-0.392230
1.678180
-0.072969
-0.181734
-0.941382
-1.894581
-0.160039
0.325485
1.099584
-2.248497
-1.125096
-0.580741
-0.003481
-0.145034
-0.121689
0.408096
-0.903293
0.934141
0.433452
-0.319832
1.600908
1.556416
0.932895
-3.018557
1.578945
0.794758
2.006409
1.237465
1.578343
0.878655
1.348693
1.994124
0.216555
-1.572231
-0.307461
0.389946
0.074888
-1.246562
-1.631068
-0.741163
0.807740
1.580340
0.916568
1.057427
-0.080816
-1.742082
-0.455221
-0.258764
-0.497052
0.054695
0.441420
0.853015
-0.278120
-1.903759
-0.482878
0.043710
1.222808
-0.567808
0.512544
0.290088
0.043901
0.930533
-0.660841
-0.575186
-0.011901
-0.640146
0.508012
-0.713192
0.226304
-0.100173
0.214926
-0.459741
-0.339088
0.096009
0.202075
-0.004202
1.705362
-0.990737
-0.064204
-1.573629
0.372081
-1.115247
-0.278310
-0.372064
0.280891
-0.552791
-0.595306
1.435856
0.284567
-0.561051
-0.250834
1.645355
-0.235165
-0.689277
-0.684996
-0.549127
-0.594498
-1.279648
-1.124200
-0.829320
0.591571
-0.381237
-0.207162
1.270088
1.295007
-0.282125
-0.630863
-0.864430
0.692776
-0.204707
-0.386495
-0.813665
-0.769666
0.320058
-1.315438
0.994869
-0.533845
-0.149636
-1.336978
-0.012366
-0.328321
-0.050081
1.471709
0.177698
-0.794659
-0.711320
0.595131
1.298693
0.281918
0.688713
0.609738
1.419064
-1.949590
0.667219
0.983736
-1.338724
-0.885668
-0.850783
-0.728790
-0.481717
0.242603
0.865675
1.081317
-0.837823
-0.844703
1.315822
0.646744
0.082865
0.473337
-0.029804
0.524585
-0.336067
0.268805
-1.510546
-0.687784
-0.677011
-0.374390
-0.926513
-0.533544
-1.514414
0.548700
-0.082514
-1.705208
-0.834830
0.336601
-0.543022
-0.696941
-0.074593
0.343598
-1.436352
0.550128
-0.800293
-0.017928
-0.035420
-0.527066
-1.023660
-0.285687
1.625330
-1.361675
1.692313
-0.259721
0.035371
-1.086711
-0.771269
-0.502910
-1.045695
-0.208918
-0.407016
1.850781
-1.165974
0.102691
0.247846
-1.070321
0.686827
-0.398327
-2.492390
0.659850
-1.116941
-1.047775
0.687902
-0.347161
0.917772
1.210166
-0.644928
0.793262
-0.755461
2.233116
-0.692957
1.026087
0.843790
0.316088
-0.670543
-0.151397
-2.153588
0.224420
0.349615
0.133499
-2.973306
-1.265636
-0.748091
0.291659
0.289339
-0.170224
0.635246
-1.026242
0.610235
0.474742
0.377555
-0.182040
1.830744
0.493196
-0.968336
0.248305
0.752483
-0.588109
1.089272
0.382034
-2.342478
0.299672
-0.406029
0.537180
0.944215
0.195162
1.665252
-0.178707
0.624818
0.804943
-0.097346
0.778774
-0.594673
-0.422568
-1.312489
0.241409
0.325252
1.179263
0.791140
-0.284796
-1.178180
0.432850
1.110753
0.755185
1.084478
-0.211890
-0.466619
-0.736901
-0.055896
-0.078591
0.206678
-0.129297
-0.133628
-0.776694
0.941619
0.076518
-0.174444
-0.747429
-1.331913
1.307964
0.554639
-1.623918
0.763142
0.922481
0.124376
1.598111
0.216720
-1.416824
0.365169
0.244897
-0.603297
0.573559
-1.667665
0.990567
-0.878122
-0.984946
-0.113825
0.432973
0.163924
-0.742659
-0.506089
-1.133042
-0.224680
1.075021
-0.004263
0.859414
1.455401
-0.588019
-0.186573
2.171193
1.444343
-1.672405
0.387148
0.000560
0.826453
-0.744979
-0.839608
-0.676071
-0.571929
0.815324
-1.181201
-0.622614
-1.789012
1.007118
1.271030
-0.327073
-0.297949
0.453222
1.474482
0.408611
-0.697542
-1.618823
-1.115126
0.073219
-0.655327
0.194968
-0.552924
-1.058146
-1.177032
1.562355
0.888988
1.730518
0.539951
-0.429991
1.323341
-0.033068
0.220842
-0.042824
-2.946904
1.604735
0.491004
0.329823
-0.061776
0.163428
-0.597279
0.616579
-1.307098
0.186068
0.561573
-0.198669
0.370868
-0.991334
-0.965827
0.236717
0.678550
-1.874866
0.522021
-0.543202
-0.192806
-1.339518
-0.851617
0.966125
0.032863
-0.382778
-0.116488
0.489212
0.440495
-0.075027
1.092959
0.970463
0.413372
0.054612
0.657321
0.314267
1.060800
0.899561
-1.018254
-1.085963
-0.701250
0.976139
-1.576309
0.394757
0.362543
1.162648
0.180339
-1.343209
-0.959355
-1.181996
-0.537944
-0.182902
-1.165442
1.470662
-1.325281
1.346103
1.185163
0.898303
-0.693767
0.342451
-1.277371
0.910907
-0.073985
-0.409320
-1.223745
-2.477506
-1.038541
1.112798
-0.402833
-0.169329
0.655554
1.805669
1.325005
-0.972335
-1.942571
2.359614
2.268992
0.188454
-1.270488
0.963227
-0.107984
-0.112981
0.894459
0.334375
-1.185815
-0.324742
0.661153
0.510252
0.262017
0.933423
-0.361717
0.178670
-3.375579
-0.449650
0.763903
-0.390394
-0.466227
-1.041453
1.003366
0.548463
0.825415
-1.726214
-0.160450
-0.280111
-0.280572
-0.616028
-0.346104
0.849645
-1.912851
1.777295
0.483841
-0.042332
0.906834
-1.451835
-0.664701
-0.121075
1.365560
-0.046497
0.450055
-0.589579
0.486842
1.677240
0.995527
-0.081456
0.675491
0.577517
0.506588
1.111953
1.104478
-0.127159
0.641879
-0.383095
-0.923072
-0.269494
-0.076278
-1.661581
0.860333
-2.767325
2.714817
1.501879
-0.261009
0.009426
0.302972
-0.589160
0.192619
-0.144000
-0.094273
0.181461
-1.313528
0.039570
0.163448
0.128850
-0.215831
1.137858
-0.353653
0.227326
1.297297
-0.079376
0.214463
-0.096385
1.237370
-0.257725
1.283355
-0.103588
-0.859460
0.679373
-0.304668
0.620501
-2.729404
0.005205
-0.459605
-1.063259
-0.553241
-0.573703
-0.047986
-1.367326
0.316274
1.366215
0.280928
0.808989
1.094562
1.236490
1.870139
-0.499202
-0.718484
0.783466
0.708266
0.775675
1.889282
0.011370
0.426157
-0.980388
2.135321
-0.336545
-0.308216
-0.346750
-0.644896
-0.729437
-0.523704
-1.365796
-0.785318
1.948963
0.735655
0.925904
1.177209
1.834135
-1.771423
-1.229883
-0.803724
-0.469730
-0.300569
-0.446978
0.219309
0.035295
-0.722835
-2.175549
-0.992869
-0.549239
-0.247079
-1.129667
-0.490806
-1.130987
-0.125819
-1.073091
-0.848905
-1.308684
-0.153501
-0.866448
0.906784
0.405850
-0.069852
-0.797485
0.380520
0.690701
0.142688
1.603702
0.459637
0.913607
0.133565
0.675664
-0.796781
-0.458398
0.349364
0.342099
0.507612
1.100393
-1.424971
-0.974453
0.229573
-0.724364
3.377768
0.515720
-0.078331
-0.515469
-0.480162
0.030141
0.111982
-0.456699
-0.273152
1.344285
1.384505
0.252034
-1.341260
0.538503
1.554282
1.369781
0.734426
1.422423
0.053384
0.628103
-0.680776
0.292265
1.329534
-0.589423
-0.861443
0.097489
-0.226662
0.649148
-0.453260
1.718440
-1.289676
1.253735
-0.764849
-1.795983
0.237875
-0.254608
-1.109609
-1.681377
-0.008361
0.975837
0.584953
0.056707
0.478848
-0.027214
-1.429724
-1.420894
-0.203169
-0.160653
0.850983
0.757304
0.605133
-0.280283
-1.380652
0.412071
0.525169
-2.388531
-0.834338
-0.691054
0.118350
-0.803360
-0.038135
-0.210535
-0.159149
-0.716394
-0.638985
-1.080267
0.380067
0.571103
-0.770618
1.520640
-0.314601
1.530186
-0.642127
-2.026578
0.402198
0.248545
0.034394
-0.642232
-0.034572
-0.511259
-0.302350
0.841632
0.184217
0.609951
-0.231869
-0.342017
-1.153483
-0.370037
-3.321115
-0.590222
-0.081874
0.563674
-0.268678
0.347674
-2.179789
-0.056837
-1.679503
-1.208304
-0.187166
1.276264
0.371207
0.018231
-0.019530
-0.713629
-0.543983
0.427376
-1.385360
0.593054
-0.388507
0.825557
0.961093
-1.673084
-0.581581
-0.855528
-1.812728
-1.032533
2.441256
0.609510
1.917288
0.829098
-0.741843
-0.381771
0.588436
0.437506
-0.577342
-1.509993
3.287761
-0.141150
-0.325739
0.113334
-0.242729
0.122729
1.286947
-0.124548
-1.162710
-0.161644
-0.464402
1.423899
1.171119
0.107525
-1.278736
-1.225892
0.015123
0.336323
-0.374623
-0.480170
-0.592799
-0.023394
-2.382762
-1.101327
-0.627051
1.207503
-0.813814
0.180468
0.226543
1.297917
1.262577
-0.057503
-0.475485
-0.663833
-0.241063
-0.434033
0.553627
0.420310
0.591801
1.259284
1.862869
0.124663
1.099464
-0.351660
1.185007
1.061509
1.008416
0.094070
-0.668358
-1.394528
-0.040037
1.533013
-0.309845
0.785127
0.843951
-0.283686
1.316345
-2.908661
-1.222750
-0.915632
-0.819715
0.336263
0.290038
0.393991
0.596081
-0.950105
-1.218176
0.396320
-0.630232
-1.570475
0.971344
1.395102
1.557161
0.187008
0.625932
1.369868
-0.641416
1.110678
0.275396
0.913712
0.186093
1.296257
0.223524
-1.483979
1.451927
-0.947531
1.253058
-0.090243
1.176011
1.134769
0.430143
0.508535
0.422629
-2.013825
0.118330
-1.116064
0.171187
-1.142943
-1.184952
1.604934
1.069447
-0.004143
0.184769
-0.247916
0.569876
-0.676054
0.993740
-0.253087
-0.419847
0.021713
-0.591147
0.328682
-0.537363
0.468524
1.216007
-0.719322
-0.130575
0.461331
-0.435857
0.464321
0.555399
1.083262
-0.605990
-0.942775
-0.307577
-0.967752
0.564498
-1.161751
2.333016
1.295928
0.012576
0.867395
-1.636802
2.523373
-0.590215
-0.120497
-1.855933
0.486287
-1.106344
0.101656
-0.544274
-1.077744
-0.804362
0.225788
-1.281491
-0.748812
0.663273
2.602480
0.477589
-0.917262
-0.367114
0.031589
-0.349425
0.903058
0.217473
0.907852
-0.314444
1.325500
-0.166486
-0.971190
2.177320
-1.824978
-0.738739
-0.627028
2.508306
1.806859
1.493928
-0.330659
2.426178
0.368352
0.977263
0.179695
-0.049467
-0.251779
-0.209640
0.608492
0.367200
-0.031471
1.509524
-2.966753
0.509887
0.717739
1.146963
-0.064871
0.207920
0.985948
1.491166
-0.300536
0.266976
1.678574
-2.124027
-0.690013
1.465836
1.092538
0.522445
-0.448597
-0.881818
-0.591216
1.548008
-0.628443
0.101423
-0.753708
0.842774
-0.538726
-0.097594
-1.683382
-1.613368
0.007673
-1.325157
2.105087
-2.061523
-0.800175
0.016701
-0.365133
-1.104145
-0.957928
-0.990654
-0.286722
1.951929
0.077937
1.182901
0.506976
1.113862
-2.799964
-0.304458
1.307135
-0.571736
1.762473
1.483890
-0.469131
-0.503164
-1.013606
-0.629594
-1.232589
0.428811
-1.456046
0.603733
0.628079
-1.661204
1.549819
0.513609
0.749698
-0.758665
0.622379
1.126393
-0.098608
2.001922
0.044065
1.140786
0.293009
0.585522
-1.671332
0.371054
-0.734975
-0.846398
1.744103
-0.213770
-1.003302
-0.359132
-1.300450
1.433885
-0.695681
0.529300
1.356107
-0.500153
0.532022
-1.030086
2.445770
0.936380
-0.192606
-0.772834
-0.113997
-0.339984
1.952945
-1.225535
0.134801
-0.018338
-0.117410
-0.108617
-0.116071
0.873066
0.608984
0.418912
-3.033989
0.299795
-1.655639
0.646320
1.474497
-0.926239
-0.261781
-0.599356
1.235432
0.095028
1.728329
0.413754
0.242450
0.068207
0.817992
-1.737686
0.085344
-0.070046
0.725419
-0.187702
-1.038734
0.007351
-1.082841
-1.925262
0.727122
0.579062
0.467091
1.302928
-0.665032
-1.431114
-0.070030
-0.347500
-0.842296
-0.079849
-0.611605
-1.836005
-0.441177
-1.136375
0.231648
-0.656035
1.111632
1.603866
0.679381
-1.551026
1.505196
1.575720
0.018791
1.322926
-0.551675
-1.866246
-0.760284
1.729301
-1.491080
-0.000479
0.034144
-0.512974
-0.443522
0.072249
-0.562162
-1.422058
0.215032
1.073367
0.869573
-0.809735
-1.251228
-0.284188
1.567791
0.645598
0.703965
0.889857
0.420767
0.120609
0.662307
-0.546166
-1.414463
0.722997
1.237738
-1.118232
0.821921
1.680766
-0.002246
-0.818002
0.123019
-0.550534
-0.616730
0.433184
-1.603729
-1.443929
0.019291
-0.022309
0.343555
1.875225
0.104514
0.598172
-0.975533
0.767938
-0.526391
0.071421
-0.108849
1.032974
-1.309977
-2.283239
-0.213433
0.468531
0.152269
1.232204
0.437373
-0.563848
-2.325420
-0.237312
1.027959
-0.392048
0.028320
0.421360
-1.015292
0.623236
1.637122
-0.172813
-1.129064
-0.066601
-2.224384
0.336903
0.452274
1.675636
-0.193995
0.408485
-0.861288
-0.356427
-1.525185
-0.194790
-0.305309
0.299200
-0.623597
0.083345
-0.333380
-0.331499
0.080362
0.040523
0.761174
-0.120643
-0.349885
-0.180807
-0.714664
-0.359911
2.031159
-0.912679
-0.278656
-0.387489
-0.247172
-0.331239
0.279240
-1.710175
1.037171
0.632583
-1.242872
-2.269077
-0.977072
-0.242666
2.580292
0.543257
-1.807590
-0.689655
-0.053212
0.253684
-1.314749
-0.134990
-0.717639
-1.103759
0.259596
0.773877
0.841041
0.574386
-0.497370
0.714550
0.309054
0.133942
-0.611693
-0.496876
0.073887
2.439874
0.301242
-0.611189
-0.832389
-0.491767
2.177294
-0.399257
0.906871
-0.375928
0.261185
0.791745
-0.571903
-0.641112
1.658870
0.984593
0.790672
0.787276
0.459575
2.017776
0.043908
0.577262
-1.450913
-0.824961
-1.200819
1.274064
-2.552540
-0.402310
-2.993707
-0.831288
-0.490949
1.384871
0.396628
-0.833142
1.065964
0.017832
0.037567
-1.202672
-0.990014
-0.825097
0.046461
0.077886
1.544093
0.385055
-2.707566
0.262642
-1.450016
-0.965971
-0.812169
-0.663338
-1.375149
0.203482
-1.410802
0.356668
2.236971
-1.329359
-0.284510
-2.523457
-0.300935
0.642717
0.720639
0.077364
0.889263
2.546055
1.712305
-0.522521
-1.451104
-0.406151
-0.946983
0.451348
-1.181194
-0.072822
0.838014
-0.100696
-0.946314
1.174814
-1.878981
-0.327795
-0.041660
0.015909
0.180496
0.610440
-0.035407
-0.368058
-0.407589
-0.611516
0.787543
-0.646528
0.846771
0.018999
-0.521255
0.618407
-0.727454
0.638184
0.212726
-0.596325
0.528635
0.546590
1.157520
0.966147
0.491274
-1.127591
2.448587
-1.403616
0.949263
0.431284
-1.174142
-0.124301
-0.078753
1.305583
-0.713311
-0.261945
-2.336070
1.734763
-1.070468
0.326911
-0.101408
-0.098001
0.809862
1.671263
0.251494
0.655078
0.328892
1.017531
-0.462916
1.075391
1.110500
1.082537
-0.660148
-0.168338
0.239467
-1.370842
1.594920
-0.012277
0.283928
-0.577004
-1.326878
-0.604030
0.219204
0.673429
0.161792
0.346724
-0.337026
0.496249
1.482833
0.704789
0.809542
0.294016
-1.503155
-1.044667
0.454876
-0.010939
0.439843
1.676423
0.726036
1.258886
0.094681
-0.807216
-0.057866
-0.804752
1.558295
0.790391
0.520513
1.235943
-2.020056
0.588138
-1.310646
-0.007256
-0.311708
0.661737
0.228187
1.345117
-0.601897
0.709114
0.162223
-1.635290
-0.918616
-0.149878
1.112292
0.463723
-1.167501
-0.140316
2.017807
0.111223
-0.327326
0.491740
0.763393
-0.456168
0.502575
-0.328889
0.719328
0.169693
0.481968
-0.759184
-0.821286
0.945497
-0.079396
0.285035
-0.306395
0.898727
-0.607810
-0.135601
0.785993
1.172968
-0.523759
1.959684
0.313242
-1.042928
0.369052
-0.382999
0.434069
-0.042856
0.074274
-0.911593
0.990061
-1.156127
-1.108765
0.367360
1.602844
-0.352593
0.700972
1.073340
0.814684
-0.311208
-1.091047
-2.207548
-0.262841
1.178087
-1.124166
0.700210
-0.950153
0.106073
0.707792
-0.659495
0.170485
-0.415091
0.705149
0.235317
0.056508
1.558350
0.662306
-0.690352
-0.085864
-0.075899
0.080320
2.524509
0.370852
-2.035903
-0.542799
-1.932372
-0.329798
-1.987310
-0.871590
-1.520722
0.384160
0.000539
0.302962
-0.104551
-1.394298
0.513521
1.922225
0.409213
-0.425925
-1.428067
-0.908067
0.453040
1.073118
0.260866
0.799887
0.707678
0.506534
-0.658474
0.173924
-0.848378
0.017429
0.330864
1.678784
-1.309732
0.481508
1.481237
0.758848
0.832945
0.587695
1.298334
-1.087478
-1.385927
-0.006334
-2.161162
1.230646
1.220715
-0.433351
-0.370771
-0.072347
0.052021
0.127174
0.558232
-0.172626
0.943193
0.445948
-0.606963
1.335113
-1.358257
-0.092166
0.966917
-0.723073
0.309556
0.543340
-0.860524
-0.072478
-0.156504
-0.551738
2.301675
-0.763106
1.004930
-0.392801
-1.086636
0.102814
0.649093
0.920510
1.562265
2.945246
0.250514
-0.663092
0.452874
-0.266213
0.925966
-1.297164
2.368335
0.856048
-1.684004
-0.709029
0.816081
1.176344
-1.272238
0.713026
-1.947340
-0.089336
1.112047
-0.551516
-1.506922
0.146215
-0.604719
0.629558
-0.885326
-0.772637
-2.021002
0.169945
-0.160905
-1.188385
0.193799
1.027070
-0.215568
0.268167
0.273311
-1.204330
2.056586
-0.470850
0.656116
0.769215
-0.139595
0.606795
0.245819
-1.417640
-0.332273
-0.612551
-0.461745
-1.304003
1.126434
1.601993
0.978003
1.270529
-0.344635
-0.636257
-0.778587
0.644065
0.227063
-0.077222
1.295148
0.404941
-0.838658
-0.680909
0.681993
1.041733
0.551680
1.896889
1.635007
0.441036
-0.838581
-1.309988
-0.387382
0.753213
1.826647
0.417447
1.168723
-0.245307
0.622769
0.823357
-1.979594
-0.413439
0.949700
0.274468
-1.196515
-2.430122
-0.365781
-0.071586
-0.883923
0.143085
0.506387
0.670687
-2.355919
-1.314285
-0.304623
0.572173
0.489234
0.471870
-0.383418
-0.327633
-0.728329
0.768194
-0.920489
0.850036
0.207853
-0.045044
-0.656710
-1.355542
-0.647653
-0.330007
-2.369024
-0.197355
0.924357
0.567218
-0.496206
0.046936
-0.556165
0.148761
1.540108
0.968499
0.520794
-0.492885
0.749938
-1.686877
-0.252353
0.583711
0.740421
0.669885
0.294831
-0.195725
0.537976
-0.952861
-0.844677
0.061735
0.173198
-1.825615
0.455146
0.772728
-0.077285
2.374466
-0.682935
-0.361087
-0.395067
-0.076188
-0.328725
-1.406811
-0.546548
-0.097621
1.228572
2.202243
1.335474
-0.775379
-0.695810
-0.159329
1.784559
-0.165424
-1.327507
-0.501177
0.757056
0.689940
-0.200217
0.683415
-2.273172
0.103829
0.860685
-0.832863
-0.836339
-1.866448
1.589896
-0.720154
0.241043
0.603917
1.512068
-0.153898
-0.539430
0.173068
1.284080
-0.170173
-0.954869
-1.540758
-1.221297
0.864392
-0.320624
-0.607521
-0.715967
0.085046
-0.239455
-0.273132
1.349324
1.538016
-1.610022
0.327593
-0.776862
-0.248251
0.309278
-0.212720
0.230460
0.672970
0.294577
-0.646836
-0.629200
-1.439705
-0.853920
1.962068
-0.792004
-1.193379
0.319928
-0.110365
-0.195593
1.409046
0.549127
-0.529993
-0.424476
-0.502587
0.874740
-0.308148
-1.793154
-0.048320
-1.537026
2.184231
-0.965668
-0.161865
0.258203
-0.288658
-0.290030
0.421827
1.526216
0.767509
1.478514
-1.046619
0.317363
0.155246
0.351091
1.376232
-0.220789
-0.405503
0.533981
-1.778203
-0.236852
-0.134198
-0.920359
1.057059
-1.062240
-0.135873
0.293157
1.353452
-0.010556
0.936154
0.700595
0.123458
-1.089513
-1.434581
0.106505
-0.542697
0.919261
0.745857
-0.184611
-1.157713
0.510736
-1.017949
-0.758464
-0.979416
-0.138501
1.170192
-0.005041
-0.443219
-1.525615
0.552125
-0.780405
0.117518
-0.354219
0.838177
-0.157236
-0.058926
0.485747
2.106940
0.888447
-0.088606
0.003198
-0.524859
-0.949996
-0.552751
-0.772149
0.653368
-1.071195
1.333211
0.752046
0.020502
0.000319
-0.557281
0.270084
1.088092
-0.703156
-1.533392
0.703218
0.324366
-1.120199
-0.733391
-0.859104
-0.724532
-0.323683
-0.266547
-0.650794
-0.758164
-0.228784
0.167692
-0.316297
1.158667
0.508088
-1.590846
0.523728
0.605544
-0.434735
-1.495198
0.008067
-0.007709
-1.121646
-1.451219
-0.087554
-0.233077
-0.417265
-0.083411
-1.102776
-0.434821
0.533325
-0.349970
-1.671973
-0.472692
-1.070158
0.267136
0.318837
-1.658775
0.759013
-1.112186
1.559182
-0.048776
-1.246393
-1.141986
0.348095
-0.391300
-0.096654
1.612780
-0.699244
0.059963
1.419845
0.270513
-1.606603
0.505389
-1.163003
1.406808
-0.822868
2.969510
1.467376
-0.796613
0.020014
0.753644
0.783660
0.442336
1.252159
-0.122969
-0.366718
-0.346864
0.858373
0.365181
0.291284
0.795234
-2.051052
0.310069
0.218569
1.668808
-1.528588
1.557187
0.075409
0.488990
1.675919
0.560761
0.400368
0.242291
-0.483478
-0.028489
-0.715513
-0.044567
-2.335931
0.429040
-0.121737
-0.336204
0.219758
-1.433564
1.929270
-0.102767
-0.145844
-0.965396
0.023946
1.386960
1.035916
0.854438
0.546399
-0.358543
-1.450163
-0.201039
-0.235871
1.048794
0.309390
1.612311
1.197489
-0.456496
-1.795129
1.385575
1.359385
-1.366212
1.509240
0.382117
0.160685
1.614783
1.344685
0.651331
0.473217
0.616394
-0.400057
-0.055101
-0.902317
-0.333040
-0.366634
-0.635305
0.136746
-0.323981
0.502235
-1.622321
-0.113355
0.131552
-0.310629
-0.172393
-1.585246
0.356477
0.647606
0.493537
1.038727
0.201530
0.478681
0.156091
0.687551
-1.577230
-0.893581
1.586900
-2.460436
-0.140178
1.172275
-0.093261
-0.405011
0.129422
-0.353120
0.030849
-0.683381
1.108674
1.423265
-0.133390
-1.386489
-0.523843
-0.183989
0.505539
-1.008013
-0.769162
0.510676
0.938909
-0.621594
-1.333217
3.284118
0.783304
-0.267004
0.869031
-0.124457
0.867157
0.159393
0.091272
-0.113582
-1.447381
1.938095
-0.941534
-1.360024
-0.212860
-0.961472
-0.051713
0.687764
0.995303
0.814731
-0.305632
0.049592
0.407879
-1.757787
0.570585
-1.457299
2.040347
-0.404515
-0.184875
-0.769707
-0.629970
2.274094
0.940370
-1.549202
1.504213
1.193242
-0.281212
0.306697
-0.014944
1.972580
-0.796290
0.146011
-0.428145
-1.433040
2.191638
-1.181567
0.220129
-1.740701
-0.399071
0.421969
-0.824734
0.586802
-0.269041
1.160082
1.361761
-0.586745
0.076733
0.183454
0.619349
0.014382
0.190211
-0.243406
0.115240
1.297940
0.646083
0.701256
0.723070
-0.153809
0.318827
-1.085174
1.268808
-2.782960
-0.087148
1.140896
-1.363868
0.399780
-0.680766
-0.368803
0.945941
0.198057
-2.034356
-0.976426
0.975336
0.448943
1.748136
1.682648
-0.342245
2.503238
0.024480
-0.962669
-0.633640
-2.256725
1.607019
1.594762
-1.015507
-0.227884
0.095608
-0.960353
-1.755102
-0.210358
-0.321079
-0.388411
0.222716
1.429520
-0.303093
0.170443
0.726871
0.554143
-0.614424
0.096377
0.547540
-1.128351
1.263539
1.431589
-0.722780
0.193670
0.642278
-0.545614
0.481614
0.163256
-1.467918
0.459161
-1.100142
0.939203
-0.671211
-0.161285
1.372279
0.496382
-1.079474
-1.014917
-0.599303
0.394644
0.358300
-0.843102
-1.167210
0.281583
-0.181860
2.157216
0.036604
1.814253
-1.170384
-1.573213
-1.120085
1.189130
1.756102
-0.782179
-0.460566
-1.168981
-1.811640
0.718412
0.223020
0.010488
-1.400056
1.639957
-0.503357
0.533626
-1.454561
-0.190525
0.291374
0.327075
0.154649
0.494522
-1.130520
0.197373
0.113758
0.231673
0.072345
-1.273213
-1.317800
-2.214268
0.817535
0.827658
0.843550
0.306790
-2.133119
-1.026711
0.170415
0.135518
-0.222748
0.368917
0.011652
0.120770
-0.639065
0.982011
-0.430772
-1.330649
-0.770999
-0.348466
0.994003
-0.042268
-0.186148
-1.248663
0.785483
-0.651952
-0.100028
1.480183
0.508763
-1.628254
-1.769510
-0.064310
-1.212741
0.648547
0.042263
0.165385
-0.706743
1.741384
2.842594
-0.278585
0.353039
0.097417
-0.259687
-0.832070
-1.084968
-1.135597
0.405240
-0.519674
-2.578293
0.444858
-0.038261
1.346673
0.373122
-1.478674
-2.229677
-0.719472
-0.625107
0.943159
-0.008871
1.133688
-1.324833
0.965264
0.720989
-2.018234
1.322618
0.093458
0.392045
-0.864896
1.275247
-1.185852
0.832092
0.820607
-0.974167
1.983374
0.231528
0.653893
-1.527121
2.117730
-1.224557
1.024886
-0.994772
-0.618989
0.788754
1.027553
-1.271284
1.090472
1.044981
-0.937953
1.598648
-1.456858
-0.624773
0.479003
-0.853566
0.263819
0.241076
-0.187074
0.832401
-0.228361
0.231541
1.146472
0.790686
0.786017
-1.149180
0.524793
-0.878499
-1.281415
-0.071706
-0.904295
0.790618
0.814535
-1.902626
-0.828303
-1.459787
-0.462629
0.455176
-0.242288
-0.589759
1.300177
-2.304857
1.236872
-0.544288
-0.078109
-0.527363
1.542888
-1.230978
0.011736
0.527439
-1.611003
-0.919898
-0.148179
-0.886665
-0.815592
-0.349863
0.649581
-0.342718
1.078426
-0.997758
-1.251922
1.926345
-0.657958
-1.310912
-1.742054
1.075103
-0.341305
-0.253710
-0.159202
1.012943
-0.179530
2.344054
0.133761
1.061785
0.805240
-0.036447
-0.586971
0.331964
0.510099
-0.572586
0.166339
1.236205
2.069948
0.854369
1.862760
-0.629374
0.701882
1.338519
-0.896333
-0.485590
1.737905
-0.975099
-1.341130
1.527982
1.196763
0.432120
-0.045711
-0.438525
0.281949
1.579807
0.238566
2.166959
-0.897942
-0.019681
-0.373059
-1.085142
-0.153084
0.417329
0.524230
2.170452
0.464467
1.150137
0.066094
1.678056
2.398449
0.531085
-0.992659
-0.548805
0.281934
0.456498
0.698425
0.460198
0.006985
-0.636198
0.401138
1.854987
1.019929
0.534704
1.029567
-0.371064
-0.508265
-0.747785
-0.125287
-0.422006
1.208275
-0.475323
-0.802722
1.942577
-0.451375
0.153528
0.451323
-1.136693
1.235484
0.637119
1.558384
-0.679222
0.099126
0.039356
0.263889
-1.454615
0.110836
-1.426464
0.358334
-2.128649
-1.851587
0.818549
-0.546838
-0.987858
1.270846
0.327626
0.872090
-0.166242
2.679629
-0.604514
1.744496
-0.061366
-1.654510
0.482849
0.314763
-1.051322
-0.922219
-0.024698
0.349748
-2.470663
1.053121
-0.494498
-1.331748
0.941067
-0.023618
1.216166
0.437952
-0.001515
-0.152730
0.482713
-0.413531
-0.852573
0.609909
-0.144488
0.033568
1.089380
-0.113877
0.015034
-0.599649
0.430740
0.349828
0.900775
-0.579129
-0.457817
0.792137
0.252213
-0.906218
1.306554
-1.698451
0.784285
-1.265212
1.885789
-1.544600
1.152251
-0.081634
-0.366603
0.185397
0.631900
-0.904401
-0.815788
0.649605
-1.707343
-0.584229
3.040687
-0.968013
1.147803
-0.585951
0.509045
0.654356
1.128957
-0.200254
1.988885
-0.589337
0.234220
0.245277
-1.121968
-0.285872
0.161513
-0.432121
2.440924
-0.838624
1.179425
0.856460
-0.013862
-0.865209
-0.768255
-0.517967
-1.785741
-1.003465
-1.482476
1.345875
0.618462
0.785974
0.588832
0.166968
1.460680
-0.610763
0.106670
0.747059
-1.321209
3.096589
0.028566
0.141989
1.256878
0.914955
0.038078
0.130129
-1.504148
-0.556466
0.517210
0.443893
1.221166
-0.120501
-1.387287
1.056730
1.436089
0.898245
-0.163634
1.044386
3.428910
0.115152
-1.311737
-0.586285
0.625476
-1.604804
0.169403
0.380337
1.535122
1.310195
0.864585
-2.162679
0.921053
0.705513
0.255944
-1.730222
-0.776774
-1.166823
-2.015008
-0.002915
-0.797822
2.625306
-0.168772
1.293753
-1.569099
-0.530090
0.096898
-0.908154
-0.422201
-0.217951
-0.233908
1.855119
0.378226
0.479511
0.539655
0.612626
-0.082887
-0.320746
0.166816
1.156804
1.126238
-0.240398
0.767844
-0.194585
0.033871
-0.473523
-0.181645
1.341330
0.092421
0.135283
-1.447218
-0.309244
-0.241315
-0.829143
0.021665
-0.429182
0.079996
0.121503
-0.955754
-0.398702
0.077374
1.184299
0.256719
-0.661935
0.399005
1.707549
0.916706
0.547527
0.725590
1.439954
1.075627
0.566760
1.068642
-1.081651
-1.502265
0.157099
0.068681
-0.543910
0.825853
-1.862864
-0.534772
-0.484956
-1.636302
1.494731
-1.359201
-0.588340
0.907980
0.646045
-1.108175
0.682489
0.289784
2.333035
0.403940
-0.141242
-0.856502
-0.744243
-0.825769
1.371099
0.017970
0.565247
1.514248
-2.358464
1.278874
0.055397
0.435048
-0.828403
-0.755124
0.488846
2.384598
1.003313
1.265523
-0.192001
-0.600204
-0.780805
-0.488274
-2.052783
-0.724919
-0.560353
-0.175358
0.131750
0.362451
-0.014925
-0.581443
-1.963359
-0.575309
-0.972451
0.466067
0.909287
0.938571
0.756953
-0.133526
-0.521956
-0.747103
-1.507499
0.991854
-0.174711
-1.246340
-0.826491
-0.866973
0.043024
1.067468
-0.347990
-2.252533
-0.189180
-0.156194
-0.224920
-0.627461
0.217439
0.066141
-0.024830
0.412641
-0.429833
-0.486586
1.380123
0.559355
0.826946
1.226105
0.525944
0.928389
-1.579345
0.204154
-0.182718
1.677684
0.927646
-0.630445
0.372794
0.167681
0.454331
-1.018842
0.360016
-0.228151
0.282450
-0.724385
-0.585063
1.173842
-1.051548
-0.977754
-0.051581
-0.771890
-0.885029
0.105076
-1.505066
-1.007962
2.054096
0.459475
-0.746563
0.418215
0.567330
0.994414
-0.127156
0.976498
-2.038446
-1.056308
0.163871
0.329634
-0.911782
0.259420
-0.623840
-0.276959
1.024774
0.908938
-0.997060
-1.057251
-0.411173
-0.026746
-0.657898
1.040642
0.347390
0.406085
-1.266539
1.167291
-2.820169
0.834055
0.934312
-0.432401
1.272910
-0.063098
0.062432
0.339529
3.186575
1.344434
0.701131
-0.912804
0.143590
-0.813124
0.822111
0.140467
-1.124522
0.081125
-0.849417
0.151216
-0.859077
0.027488
0.750470
-0.053052
-0.390888
0.203276
0.697183
-1.107183
0.260656
1.317541
0.573657
0.057754
0.639737
0.452496
0.753601
-2.023932
-1.553456
1.004829
-1.505279
0.401539
-0.352050
-0.996189
0.349650
0.201034
2.110343
-0.624811
1.440110
0.352423
-0.661022
0.799246
0.565738
0.035843
0.266295
-0.596987
-0.825787
0.759442
-0.223939
-0.080083
0.279822
0.265288
-1.429326
1.286252
0.121182
-0.202653
0.430846
0.236542
0.767063
0.537984
0.717846
1.350994
0.883625
-0.160486
-1.122901
1.667798
-0.237723
-0.473107
-1.736727
0.338473
0.148887
-1.515115
0.453274
-0.498192
2.690315
-0.569361
-0.435193
-0.874776
1.277876
-0.372776
-0.724914
0.706955
-1.380353
0.625111
1.781400
0.566608
0.637898
0.870060
1.709708
1.209894
0.439670
0.903891
-0.885935
0.776294
-1.005556
-0.367022
-3.082562
0.401430
-0.643872
1.111145
0.390193
1.124096
-1.083597
1.038386
2.105856
0.764158
0.790349
0.169598
-0.524669
0.761192
-1.506083
-0.417755
-1.771057
-0.703656
0.642045
0.505393
0.050914
0.170401
-1.885865
-0.372562
-0.681352
-0.659060
0.599579
-0.860507
-0.604681
-2.087069
-0.294123
-1.087838
0.079203
-0.951108
0.104542
-0.144686
1.672042
0.497218
-1.839638
-1.264889
0.055208
-0.929848
-2.968369
1.349546
0.720224
0.520977
-0.607323
0.427677
-0.704360
0.204857
-0.920583
1.516288
-1.570237
1.232284
0.038916
-0.489467
0.167003
0.733348
1.366747
0.313143
-0.890696
0.055630
1.816793
1.347678
0.908763
0.795687
0.699450
1.158755
-0.456629
-1.355086
0.069004
-0.817582
-1.055021
-0.720279
2.485314
0.136125
0.361908
-1.222363
-1.843753
-0.819053
1.438196
0.334275
0.598595
0.738566
-0.591349
1.387966
-0.632808
1.406232
0.442302
-1.789045
-0.748010
-1.784939
1.163282
-0.024735
-2.228343
0.375747
-0.537164
-1.483806
1.677966
0.107286
-0.293431
-0.399425
-1.513279
-1.304549
1.284917
-0.473883
0.022068
-2.044330
-1.318092
0.609812
0.377712
1.753375
1.342956
-0.230711
0.472954
-0.316603
2.054810
1.149015
0.169685
0.200395
1.444850
0.579578
1.558628
-2.193648
0.461228
-0.515435
1.756378
1.546399
0.032836
1.535631
1.783115
0.074407
2.471934
-0.031341
-0.214521
0.865873
-0.353791
0.085340
1.409434
0.019219
-1.695018
0.367319
-0.696294
0.865271
0.696190
1.471400
0.907532
1.090244
-0.669097
0.803986
1.968451
-0.688650
1.799738
-0.549350
-0.851971
0.296200
0.715910
0.911750
-0.961762
0.434540
-0.685555
-1.488922
-0.928736
-0.750900
0.521595
1.152214
-1.473207
0.351961
-1.176698
0.629085
-0.622731
-1.051329
0.799664
-0.586923
-0.315964
-2.219989
0.946551
0.820909
0.005458
-1.527581
1.209369
-0.666263
-0.453353
2.312044
-0.703636
0.742210
0.562092
0.390172
0.282001
0.376389
0.271941
-0.051918
1.511283
-1.312661
1.021458
0.822342
0.698399
1.116979
-0.092599
-1.868974
-0.072293
-0.991194
-0.731859
-1.242420
-0.477345
-0.596624
-2.377570
0.700222
2.220322
0.606237
-0.202924
-0.054746
-0.420986
0.090042
-0.037008
-0.841048
1.682888
-1.487154
0.718332
-0.101198
1.900832
0.340865
-0.359906
-0.247707
0.039907
-1.142791
-0.766870
-1.784944
-0.922977
0.093906
0.300175
-1.979330
-0.137212
0.563410
-0.162912
-0.633789
-0.412161
-0.540763
-0.636731
0.173824
2.307688
-0.743700
-0.318143
-0.051698
-0.687354
1.098236
-2.370885
-0.531059
0.818314
-0.294094
-0.820839
0.440757
0.906343
0.210635
-0.801220
0.456203
-0.402049
0.745187
1.483259
-2.605577
0.111067
-1.735734
2.441789
-0.468125
0.746373
-0.035317
-0.803085
-0.922053
1.585679
0.955938
1.943584
0.055453
0.287920
-0.267192
-0.287082
-1.041887
0.084010
-0.789247
0.441909
0.170010
0.287682
1.675130
-0.037718
0.756727
2.051509
1.306617
1.153170
-0.306688
0.229643
-1.318276
0.498914
0.274460
0.023385
1.027195
-1.207775
1.634863
0.901765
-0.070634
-0.148730
0.480611
1.520851
0.101608
0.144031
0.018118
1.782024
-0.368883
-0.029508
1.463436
0.147011
1.137059
-0.911280
-0.205293
1.484434
-0.676340
-0.151299
0.256685
-0.989155
-0.413810
0.112637
0.046682
1.280352
1.541457
-0.856085
0.111269
0.674248
1.516347
0.718490
0.290913
0.666543
0.673769
-0.927714
0.192799
1.459161
-0.207357
0.129447
-0.242516
-2.313859
0.020590
0.301792
-0.512493
-1.154637
-0.880606
0.764188
1.972525
1.382433
-1.344346
0.854627
-0.663162
-0.582267
-0.461976
0.706067
0.959253
-0.098031
-0.081071
0.464264
0.567995
1.176226
-1.284372
0.020027
-1.068024
-0.050942
-0.226175
-0.046749
-0.799743
-1.487290
-2.094438
-0.131180
-0.431001
-0.675938
1.322549
-0.859438
1.416834
1.623844
-1.950900
0.092381
-0.399696
-2.911804
-1.444641
0.774936
2.019199
0.902678
0.323632
-0.021332
1.682663
2.148239
-0.586843
-1.999987
-2.098187
1.321881
-0.047059
0.183242
-1.790651
-0.753189
-0.295481
0.207838
-0.398592
-1.037326
-0.784567
1.208323
0.244785
0.612157
-0.898874
-2.953824
-0.523104
-0.866571
0.349012
3.285724
0.695166
2.735960
0.568770
-0.629886
0.347916
1.780639
1.829563
-0.575337
0.253184
-1.429267
0.824669
1.553355
0.039799
-0.667384
0.360131
0.417459
0.081144
0.178715
-0.173815
0.995955
0.736227
-0.983103
-1.010591
-0.254374
0.736837
0.148057
-0.643150
0.261519
-0.330811
0.880486
0.333058
-0.315278
0.231519
1.315048
-0.569630
0.402657
-0.070460
0.426984
-0.654565
0.110335
1.107823
-0.937007
-1.329405
-1.291456
-1.170663
0.595323
-1.405860
-0.297895
0.618289
0.416659
-0.385559
0.190924
0.107145
-0.224241
-0.210835
2.235427
0.809311
2.480651
-0.496963
-0.084967
-1.332126
-0.809567
1.901913
-0.522034
1.919281
-1.243362
-1.053469
-0.341231
-0.063750
0.923087
0.450770
-0.416315
-0.133316
-0.319063
-0.914654
-0.887963
1.027884
-1.828165
1.617359
-0.342994
-0.772509
0.739759
1.485217
1.117632
0.501852
1.086864
-1.716498
-0.521831
-0.911170
1.224639
-0.383478
0.845407
0.535857
-0.862307
-0.586958
1.293818
-0.775483
0.124868
-0.782541
-0.313952
-0.046162
-0.782867
-0.960447
0.286273
-0.844737
-0.810658
-0.939053
-0.077908
0.943702
1.506529
-0.725918
2.150311
-1.004705
1.083549
-0.721696
-0.870923
-0.744756
-0.052448
0.579972
0.669868
-0.943985
-0.989659
-0.916639
-0.111354
-0.210156
-0.950175
0.269604
2.262569
-0.504715
-0.433512
0.559662
-0.558816
0.668965
-0.718543
1.832120
0.344775
-0.620023
-0.588692
-0.513800
1.372750
-1.268751
-0.667942
-0.561661
-0.015688
-0.271110
-1.491228
-0.399823
-0.099551
-0.628098
0.686776
0.919408
-0.078387
0.230542
-2.161056
-0.421103
1.004822
-0.423437
-0.737262
2.277689
1.819077
0.467575
1.138911
-2.225935
-0.787551
-0.469958
-0.235980
-0.489944
-2.550026
0.386025
0.543654
1.601899
-0.788309
-0.870163
-2.679985
-0.293567
0.901112
-0.611768
2.143445
-0.256595
0.146992
-1.363103
0.287220
-1.979320
0.693698
0.724428
1.359291
-1.019969
0.160562
0.563817
0.442282
-0.865299
-2.391982
0.346960
-0.152500
-0.566671
0.763945
-0.044920
-1.319195
-1.931452
-1.128963
2.393012
0.722777
0.188612
-0.181661
-0.247393
1.167196
-0.490596
0.576920
-0.348428
1.940157
0.742289
1.245557
-0.584410
1.058136
-0.312577
0.110035
1.635048
-1.042775
0.203248
0.438005
0.520004
-0.450785
2.086264
-1.294932
1.458885
1.215066
1.900889
-1.588227
-0.868832
1.491943
-1.877039
-1.606459
-0.488308
0.191994
1.592225
-0.185266
-0.608239
0.311390
0.469596
0.441240
-0.177986
-1.955086
-0.917616
1.420271
0.187069
-0.322522
1.118169
-1.130117
-0.225348
0.137758
-0.441377
0.100763
-0.187694
-1.399343
0.181478
-1.328352
0.165615
1.374136
-0.281023
-1.171483
-0.126988
-0.831971
0.594509
-0.147989
1.709763
1.162990
-0.153081
0.715609
-0.393236
0.033957
-0.361434
0.766456
1.432988
0.798648
0.921937
0.923033
0.551256
-1.139286
1.700971
1.804411
-0.233880
-0.370698
0.612412
0.550813
-0.201946
-1.250026
0.305701
0.551437
0.725821
0.349293
-0.271115
0.994002
0.065848
-0.464923
-0.180653
-1.745969
-0.182242
0.688437
0.339783
1.520664
-0.262975
0.487313
0.792740
2.342857
0.144765
-1.044187
0.847929
1.865727
-0.322549
0.841082
1.228728
1.017066
0.125559
-0.698474
-0.081280
0.458600
0.908222
0.333945
-0.379908
0.555380
0.860085
0.379610
-0.836187
-0.181406
0.947821
-1.383018
-2.093178
1.508083
0.511415
0.606730
-1.076817
0.737528
0.275249
-1.584328
1.424283
0.158683
-0.396084
-0.377990
-2.015222
0.593337
0.261857
-0.194080
1.278485
-1.383859
-0.596772
-0.850008
-0.278795
0.067470
0.430014
-0.346973
-0.877356
1.686007
2.411640
0.143287
-0.756780
1.475454
-1.446757
-0.334773
-0.696117
-1.159536
-0.280024
-0.864172
0.012654
0.027177
-0.621332
-0.370513
-0.230849
0.809846
-0.148429
0.824702
0.585813
0.571531
1.387846
-1.119391
-0.473183
1.763299
-0.257316
-2.815124
-0.202968
0.134940
-2.617113
1.333936
-0.713712
0.328563
-0.225982
-1.288351
-1.070508
-0.935083
1.085672
-0.147538
-0.521865
-0.934609
1.196150
1.464201
1.184744
0.492437
0.289830
-1.215938
-0.245819
-0.683860
-1.825512
1.057043
-0.695830
1.195942
0.881746
0.556718
0.612884
-0.615314
1.857850
0.043125
0.301932
-0.649076
-0.931165
0.477296
0.217514
-0.789352
-1.438427
-1.269923
1.196134
-0.613254
-0.338909
1.450340
-1.122151
-0.726995
-0.768767
1.618068
1.993384
0.751563
0.783385
-0.580355
1.947328
0.267696
0.853110
-0.105525
-0.268033
1.663042
0.539724
1.451375
0.255328
-0.848367
-0.583343
0.102965
-0.626500
-1.107461
1.201417
-0.544870
0.138193
0.296134
-0.588153
1.450799
-1.117142
0.261625
0.246118
-0.054255
-1.296913
0.870818
0.743511
-0.675569
0.707487
0.374908
-1.280612
-0.853929
1.138281
0.309416
-0.564303
-0.858476
-0.515394
-0.444480
-0.845963
-1.741764
1.140013
0.970634
-1.273255
0.136311
-0.902238
-0.261567
-0.344767
-0.427834
2.002947
-0.440326
-0.808264
-0.762581
1.043777
-1.652102
-0.762623
1.446823
0.243986
0.191922
2.132146
0.246348
-0.708186
-0.282077
-1.135432
1.255937
0.574562
1.124414
1.212984
-0.414211
-0.944753
-0.051713
-0.872761
0.164957
1.132097
-0.168140
0.149995
-0.093846
0.802728
-0.667782
-2.196446
0.470869
0.987834
0.446374
-0.640230
-1.135012
0.494498
0.141479
-0.125793
1.822463
-0.946800
1.775037
0.031784
-1.835570
-0.179203
0.959496
-0.365055
-1.474779
-0.164515
-0.857172
0.491814
0.773400
-1.056270
-0.705804
0.756642
-0.858844
-1.082158
-1.178691
0.352039
0.309158
-0.684046
0.005085
1.527132
-0.974060
-1.951743
0.455076
-0.110401
-0.710025
0.652080
0.839225
-2.208278
-0.652598
2.317516
0.583405
0.676104
1.172894
0.017069
0.796684
0.718062
0.539042
-0.322012
0.172059
-0.588362
0.012814
-1.168491
-0.790624
-0.282312
-0.943705
-0.505017
-0.163926
0.402262
0.949257
-0.463784
1.335105
0.938611
0.504094
0.153649
0.319121
1.187051
1.223580
1.334947
0.041327
0.554967
1.343547
-0.623716
-0.318417
0.016037
0.899599
0.915172
-0.230864
-1.508609
0.246184
-0.918316
-1.489936
-1.263872
0.326381
1.361037
0.038895
0.211381
1.182895
-1.544455
0.520176
-0.011590
0.566057
-0.483484
-0.817937
0.140509
1.649191
0.860910
-0.507693
-1.340972
-1.682067
1.316099
-0.955082
-0.325513
1.321211
-1.613901
1.492265
-0.253640
-1.148583
-0.247351
-0.722597
0.440820
-0.648132
-1.911642
-0.220563
-1.356545
0.204320
-1.187130
-0.488013
0.182588
-0.212459
0.250430
0.680287
-1.157934
-0.064398
-3.329504
0.247333
-0.300814
-0.983450
0.315719
1.172698
-0.476018
-0.944815
0.165025
-1.335607
-0.660381
1.222402
0.062179
-1.879467
-1.796992
0.162086
0.862391
-1.617621
0.449713
1.330343
1.887859
0.331223
0.506803
-2.133184
2.099753
-0.575490
-0.933471
-0.255206
1.511673
2.208046
0.125409
0.998084
0.043204
-1.037795
1.476744
-0.622127
1.535531
1.298541
0.614036
1.828975
2.232346
-0.175243
-0.808794
-1.864270
2.244682
-0.439682
1.135037
-0.741255
1.538266
-0.700118
-1.191719
-0.208506
-0.531776
0.596300
-0.051395
0.627702
-0.291021
-0.665107
-0.583561
2.044939
0.225171
-1.983762
-0.520209
0.096866
1.845400
1.028699
-0.921718
2.418356
-0.031160
1.246330
-1.155009
-2.398163
-1.408432
-3.250334
2.112089
0.214533
-0.924644
0.452624
0.189334
0.620933
1.209531
-0.289921
-0.879839
0.827775
0.802333
0.100736
2.177554
-0.437822
-0.899858
0.418091
-0.674938
0.495517
-0.833008
-0.400242
1.890840
-0.405587
-0.798852
1.170679
-1.051042
-0.692943
0.576561
0.938411
1.220476
-0.747222
0.596009
-0.466108
-0.605656
1.203213
-0.549554
0.278205
0.155579
-1.070754
0.966093
0.560281
-1.986291
0.277421
-0.772973
1.097075
-1.445400
-0.356477
0.362025
0.054340
0.762958
-1.518422
1.651914
0.525145
1.359718
0.874240
-0.011610
-1.284198
-0.563553
1.589563
1.385438
-0.619600
-2.818304
-0.212690
-0.287703
-0.249773
0.528539
0.876213
0.990300
0.445709
-1.800771
-0.341200
2.304090
0.374217
0.367820
0.359486
0.415380
-2.383112
-0.239524
-0.037893
1.281495
0.047673
-1.646511
0.430089
-0.803825
-1.216786
-0.834159
0.542504
1.258761
0.482930
0.632023
0.473045
0.101327
0.696931
-2.418776
0.111088
-1.044925
1.162903
-0.147155
0.030948
-1.505072
1.016831
0.627328
0.556948
-0.813023
-0.773640
0.223599
-0.694498
0.434893
-2.160913
-0.487545
1.796753
0.439486
0.166794
1.985227
-2.335954
-0.815311
-0.401173
0.858351
0.875656
-0.866007
0.997954
-0.403315
1.211640
-1.032643
-0.123312
-0.490167
1.056030
-0.522781
-0.042449
0.506811
0.545258
0.886953
0.211125
-0.418249
-0.349699
0.025672
0.249592
-0.147172
0.019203
-1.517254
0.667355
0.181112
1.001870
0.000161
-1.738398
-0.358446
-0.199930
0.742903
-2.070274
0.041180
0.513675
-0.661488
0.074628
-0.627037
-0.729573
-0.408420
-0.710692
0.683618
-0.734952
-0.902910
1.767929
0.960740
-1.861513
-0.764768
0.242463
0.323755
-1.490493
1.158566
0.825224
0.481902
1.356728
0.452290
0.448581
1.557679
1.101220
-0.841507
0.633195
-0.664268
0.504155
0.476614
-1.383467
-0.121846
0.265257
-0.436290
0.314710
0.805898
-0.030593
0.224599
1.383424
0.473197
0.200824
-0.958079
0.671026
0.330150
1.283739
0.046879
-1.816267
-1.700121
0.735681
-0.570194
0.436768
0.114233
-0.166840
-0.096361
-0.865390
-0.015778
-0.584493
-0.372257
-0.323649
-0.226693
0.922173
-0.129791
1.023702
1.537855
0.854945
0.534469
0.326832
0.865359
0.089361
0.984570
0.614106
-0.359840
0.895851
0.091480
-0.106132
-0.476199
0.166019
0.996463
0.888940
0.353394
0.599644
1.271697
-0.149966
-1.115420
1.301130
-0.529778
-0.690338
-1.796198
0.571283
-1.621453
-0.750259
0.588237
0.721921
-0.651704
-0.134153
-0.872595
-0.548397
0.266215
-0.501647
-0.244215
-1.464707
1.132956
0.510067
0.792905
1.290425
-0.825213
-0.358394
-1.894834
3.140423
-0.149585
1.038728
-1.238161
0.996388
1.857591
-0.060281
-1.010882
-0.138796
-2.226762
-0.037887
0.820967
-0.035758
-0.284140
0.527568
0.604025
-1.659906
0.088823
2.435985
-1.335016
-0.085419
1.941746
1.104175
-0.513397
0.206135
-0.002112
-0.748072
-0.074252
-0.279966
0.112749
-0.748383
-1.276618
-0.041281
1.715118
0.082203
-0.331594
0.754086
-0.158320
1.868033
-0.003913
0.700497
-0.754604
0.503089
0.275093
-0.056506
-0.501758
-0.638030
0.282353
0.628939
-0.127163
0.287268
-0.037915
0.098526
-0.200445
0.017973
2.698040
0.311634
0.645297
0.438024
-0.262817
1.293989
-0.291164
1.055055
-0.334207
-0.959973
0.365396
-1.104668
0.535640
-1.194159
-0.319008
-1.431730
2.824167
-1.653960
0.009814
1.143304
1.036386
0.851342
-0.317228
1.351089
0.913391
0.212300
0.240581
-0.303923
-0.909652
1.237151
1.312208
-0.884109
-0.153785
-0.143423
-0.032656
0.064295
0.946861
-0.747217
-0.846347
1.236620
-0.462645
-1.263035
-0.485130
-0.330053
1.554963
0.924826
1.147521
0.819974
0.946244
-0.688082
-0.198602
-0.989915
-0.210488
0.684105
0.134583
1.311481
-1.141416
0.500238
-1.248303
0.094176
0.740333
-0.214503
0.551127
-0.959732
-1.663690
0.557030
1.744010
-0.996045
1.222194
0.043423
-1.335692
-1.131505
0.015785
-0.404462
-1.312913
-1.694039
-0.846719
0.193809
-0.006401
-0.501238
0.201887
1.040027
0.394127
-0.121309
0.928072
-0.959850
-0.224920
-0.201088
-1.236953
-0.419874
-2.074960
1.912178
-0.937414
1.586114
0.038085
0.564864
-0.488800
0.207930
0.650490
0.664552
0.774773
-0.368333
-0.480360
-1.594176
0.523219
1.082379
1.615982
0.305173
-0.766480
-1.697096
1.041667
-1.796277
-0.340604
-0.224307
-0.069455
0.035803
0.138148
-2.415363
0.014656
-2.229576
0.732218
-0.555125
-2.157037
-0.814205
-0.570075
1.190700
0.196638
0.344445
1.181222
-0.096144
0.754188
0.683861
-1.286469
1.472984
-1.420302
0.917367
-1.517073
0.601237
1.861915
-0.212979
-0.256356
0.610440
-0.329396
1.818279
0.192192
-0.320170
-0.540286
-0.932948
-0.627755
-0.350673
-0.487639
-0.658175
2.098841
-1.030095
0.146633
0.592521
0.630108
-0.058607
-0.240703
0.451548
0.266522
-0.258959
-1.561879
-0.467924
-1.146550
-0.667160
0.033223
0.358736
1.780453
-0.537406
0.774626
0.305960
1.295998
0.576229
-1.008481
-1.723046
0.311262
-0.528451
-0.980314
-1.267578
0.160976
1.507708
-0.408672
0.590270
-0.102266
-1.289382
0.734811
-1.094692
0.021627
-0.341520
0.893077
-1.058151
0.390870
-0.839797
-0.511105
-3.635200
2.092098
0.550557
-0.767348
-1.124656
-0.495649
0.716880
-1.892085
-0.141584
1.770642
-1.133946
0.080385
2.203310
0.632152
0.125924
0.506636
-0.400865
1.299631
-0.399330
-1.959182
-0.391303
-0.966735
-0.281194
-0.259084
1.197423
0.695293
0.263265
-0.002945
-1.058858
-2.181175
0.113160
0.794641
-0.108334
-0.534854
0.464502
-0.083332
1.685744
1.232728
0.959508
0.757734
-1.290167
0.662994
0.376326
0.606425
0.492610
0.452763
2.700866
-0.076186
0.936337
-0.470990
0.790642
0.939320
0.364426
1.669247
-0.884276
-0.487221
0.212380
0.880807
0.179430
1.285759
-0.661690
-1.140579
0.308128
-0.077180
0.542864
-0.027402
-0.340020
-0.074938
0.028849
-0.304981
-0.203132
-0.403593
0.856665
0.194021
2.256752
0.160705
-0.550857
2.670675
0.413626
0.990125
0.592103
0.623011
0.535654
-1.102085
0.367529
-1.324861
-0.174363
-0.725617
0.357470
0.334126
0.481146
0.287297
-0.606825
-0.261003
0.920396
1.067857
-1.146783
-1.530928
-0.726889
1.045208
1.214884
-0.924712
0.307309
1.834431
0.415311
1.421503
0.998727
-0.910199
-0.189981
0.034754
0.104133
0.916329
0.408685
-2.936201
-1.312840
-2.187381
0.175365
0.240488
0.283225
-0.958928
0.674144
0.716263
-1.255149
-1.466038
-0.000132
1.791782
1.699743
0.563404
-0.729997
0.886843
-0.452424
-0.767507
-2.143967
0.102382
-0.629867
0.096430
-2.299358
0.169827
-2.431121
1.087940
0.521891
-0.278665
0.562720
-0.978074
0.072376
0.794774
-3.094289
-0.447224
-0.022644
-0.196294
1.457102
-1.123901
-0.621159
-1.915869
1.510287
-0.246290
-0.438409
-0.052483
0.636236
0.347363
2.647884
0.453936
-0.465245
-0.561357
-0.392759
-1.501837
0.039864
0.783468
-0.613364
-0.807380
1.515945
-1.426483
-2.067818
-1.152902
-1.540433
0.386226
-0.360705
-0.219687
1.152934
-0.691335
0.775089
1.511323
-0.455662
0.737023
-0.241818
0.924098
-1.571489
-1.645512
-0.391268
-0.888925
-0.516709
-0.219527
0.720014
-0.407661
-0.823861
-0.351513
-0.769145
-0.934005
-1.613017
0.069478
-0.568706
0.966279
-1.447396
-0.542084
1.812907
-0.939610
-0.236533
-1.215844
-1.348428
1.547311
0.171039
0.133679
-1.696316
0.358741
1.157422
1.149477
0.668333
-1.129486
0.313123
0.667585
-1.794444
-1.121280
0.888157
0.876046
-1.548583
0.795021
0.095303
0.781009
-0.634521
0.645184
0.843829
-0.351335
0.017753
-0.648522
1.651639
-0.120272
-0.922024
-0.715826
0.126771
0.753331
-1.335827
1.847660
0.308675
0.466456
-0.097190
0.019259
-0.148283
1.017796
-0.007929
0.767050
-0.433848
0.195641
-0.803920
1.216528
-0.833747
-0.324979
-0.314960
-0.353951
0.722496
-0.316658
1.393924
-0.818475
0.169377
-0.775786
0.420973
-0.015950
-0.155062
1.188475
-0.654342
0.586515
-0.768960
0.112685
-1.195575
-0.662517
-0.082143
1.814649
0.100804
1.654668
0.220323
-0.387084
1.539356
0.437018
-0.642722
0.470571
-0.292595
-1.989034
0.935973
1.094934
1.837942
0.422144
-0.248723
0.834989
0.849820
1.638281
-0.044628
-0.165579
-0.715544
0.537462
-1.548262
0.776087
0.587835
0.585070
0.138225
1.532978
0.871993
-0.607077
-0.589179
-0.879674
0.551283
-1.000139
1.083392
1.322973
-0.879016
-0.185549
0.016621
0.883983
1.609343
-1.685492
-0.318181
-0.266017
-1.400670
-0.485110
0.427769
-0.278679
-1.544621
2.874083
0.266178
0.111694
-1.097926
0.260706
-0.164214
-1.888523
-1.070255
0.794926
1.944018
0.367165
1.103083
-0.155755
-0.086546
1.090979
1.662777
1.301097
-1.066363
-0.066959
0.277525
-0.259678
0.387858
0.820577
1.002810
1.685870
-0.329441
-1.364033
0.358235
1.883811
-0.476976
0.686847
0.695746
0.191442
0.006925
-0.923429
-2.281662
-1.111851
-0.390304
1.097423
-0.103128
-0.519026
-0.890985
0.656806
1.358357
1.063436
0.606150
-1.475613
-0.351674
1.947304
1.121951
-1.537503
-0.055591
0.363098
-0.762158
-2.309204
0.098824
-0.787758
-0.783842
-0.354680
-0.133676
-0.009083
-0.883990
-0.220210
-1.757423
0.311039
-2.856275
-0.289490
0.919186
-1.059341
0.716430
1.155733
-3.307900
-0.151363
-2.875773
-0.118208
-0.007171
-2.482544
1.924838
0.286016
-0.849023
1.465379
-1.795613
-1.229171
-2.299456
1.801045
0.332346
0.659402
0.301001
0.573768
0.078078
0.270921
0.107603
-0.608592
-0.046625
0.273595
0.110549
-1.477772
-1.344987
1.082841
-0.306994
0.584725
-1.092120
-1.473146
-0.843597
-0.222565
-0.665140
1.293934
0.179523
1.848939
0.404408
-2.412551
1.056042
-1.509552
0.230534
-0.774684
2.142711
1.439598
-0.741821
-0.127358
0.244598
0.863414
0.029152
-1.024895
-0.717559
-0.004482
1.234457
0.427838
-0.773415
0.648373
-0.386985
0.890408
2.527010
-0.358826
0.801605
-0.745393
-0.112264
0.029562
-0.193684
2.463014
-0.306593
0.586852
-1.930087
0.431997
1.142055
-0.527597
-2.510222
-0.038652
0.017184
0.724075
2.010903
-0.380054
-0.856288
-1.166918
0.198079
0.479354
-0.545655
0.778683
0.465384
0.043232
-0.902415
-0.481864
-2.429755
0.235787
0.026341
0.188479
0.504319
0.385821
-0.110383
0.048668
-1.404316
-0.583721
0.050471
-0.735854
0.860151
-0.658632
0.216305
0.116566
0.746278
0.900791
0.694033
-2.106006
1.194148
1.527308
-0.482124
0.236647
-0.890832
-1.948379
-0.738715
-0.540139
-0.354851
-0.958914
-0.733425
-0.011006
-0.770227
0.543524
0.681661
2.380388
1.125680
0.243103
-0.620264
0.293747
0.326596
-0.513313
0.783731
-1.398098
-0.244400
0.555858
-0.287584
-0.206754
-0.137786
-0.835601
1.173901
-1.018038
0.318159
0.413648
-0.948622
0.073104
-0.909632
1.391042
-1.138783
-0.653897
-1.224225
-1.357699
1.591215
0.542775
0.140293
-0.656577
0.907612
-0.824222
0.793639
-0.872511
-0.644508
0.758282
0.863827
0.597473
-1.049674
-0.446727
0.156899
-0.849281
1.370963
-2.401947
-0.778740
-0.509566
-2.843944
-1.396229
0.625289
0.030284
1.573136
1.545226
0.433046
0.313238
0.065931
-2.655082
-1.394560
0.100676
0.616026
0.289670
-0.892465
0.937406
1.482444
0.937990
0.989599
-0.559226
1.075934
0.145759
0.511556
0.365432
-0.121487
-0.860002
-0.082137
0.986762
-0.441476
0.893347
0.737071
-0.298937
1.388800
-0.355547
1.509547
0.434127
-0.015866
-0.887801
-0.088260
-0.203760
-1.258296
-0.217615
-0.803803
0.585992
1.306280
-1.226916
1.712308
-0.128551
-0.975021
0.757755
-0.446454
-0.081737
-0.404278
-0.816738
0.723997
-0.286301
-1.436652
0.551060
-1.205582
-1.153260
1.192606
-1.196340
-2.316445
0.622862
-0.303863
-0.217655
-0.314500
0.231670
-0.752719
1.476115
-1.476231
0.444875
0.642121
-0.759652
-1.023734
1.017174
-0.990861
-0.606664
0.887309
0.034741
-1.797144
1.747059
-0.530011
-0.402757
0.255784
0.625077
1.961104
-1.660068
0.825952
0.743010
-0.137165
0.787274
0.934274
-1.381963
1.749766
-1.558762
-1.135316
-0.261788
1.924940
-0.308257
-0.031934
1.432079
-0.300318
-1.178437
-0.417235
1.370792
0.070865
1.930658
0.737935
-0.644809
0.051076
-0.853218
-0.668433
4.479084
1.018625
0.861098
-0.623180
1.569584
1.099416
1.881621
1.833114
-1.479089
-1.109839
-1.003788
-0.943941
0.323452
-0.566803
2.072598
1.904680
-0.006462
1.955326
1.488135
-0.450707
-2.009215
-0.217968
-0.644622
0.206506
0.089228
0.063018
0.523685
-1.212522
0.411360
-0.439616
0.199982
0.957410
-1.224400
-0.281294
-0.118534
-0.514269
0.899830
-0.720388
-0.555400
-0.709919
1.092055
-0.492444
0.460045
1.975705
-0.074818
1.112061
1.671354
1.027192
-0.016801
0.642108
-1.287379
-0.780043
-0.604675
2.240612
-0.812585
-0.827477
-1.043921
0.559812
0.142621
1.086759
0.671260
-1.380390
-0.807278
1.365329
-0.203298
1.187592
-0.149681
-0.967656
-0.303261
-0.968050
-0.565553
0.200926
0.511605
-1.590191
-0.017368
-0.586616
-0.648415
0.132685
-0.550452
1.382138
1.188062
1.181828
-0.494910
-0.962499
0.082030
-0.150348
-0.608823
-1.175734
-0.041518
-0.404069
0.688347
0.665106
1.100800
-1.259296
0.401058
-0.727466
-1.220414
-0.428602
1.068705
-0.372318
1.565455
0.548878
-0.394090
1.160048
0.445397
-0.932559
1.858803
0.259479
0.018796
-0.855533
1.179538
0.517275
0.629238
-0.507531
0.834101
0.911814
-0.668778
-1.416990
0.581373
-1.573347
0.152016
-0.447245
1.218665
-0.392844
1.107273
-0.514209
0.999991
2.060342
-1.068047
0.292036
2.748782
0.066589
0.061788
0.788499
0.041081
-1.707226
1.132287
-2.002949
-0.416792
1.207426
-0.356542
-0.693696
0.879264
-0.851115
-1.222226
0.274514
-0.182923
-1.243673
0.636953
0.464488
-0.359755
-0.291332
0.470393
1.190361
-0.282793
0.654688
0.565200
0.879307
0.039309
-0.912326
-0.462499
0.342853
1.818464
-0.484020
0.804787
-0.328056
0.110469
1.515397
0.764293
-1.241299
-0.572475
1.256221
0.141878
-1.148840
-0.818952
0.703494
0.994410
0.017855
2.475314
0.824152
-0.243481
-0.815706
-0.974884
0.335421
-0.488777
1.673744
1.466312
0.633067
-1.178996
-0.672219
1.255678
-0.563066
1.122142
0.474604
0.051718
-0.702833
-0.094244
0.189648
1.032539
-0.885736
-0.262817
0.044823
0.662678
-0.908464
-1.316570
0.673965
-1.517949
1.284980
-0.155926
-1.547531
-0.480420
0.379124
-0.532701
0.020030
0.740078
-0.202190
-0.937058
-0.298984
1.414840
1.685064
-2.019926
1.091028
0.250148
0.923983
-0.550488
-1.768263
0.584489
-0.940977
-1.388292
-1.318401
0.600914
0.139452
0.782466
0.669075
-0.420934
-0.070474
-0.511438
-0.210328
-0.967255
0.390484
1.075121
-0.816613
1.281270
0.113521
0.241079
-1.699430
-1.807262
0.144116
0.789732
-0.671380
1.670094
0.734936
-0.908341
0.030849
2.476929
-1.242564
0.528270
-0.322745
0.706896
1.267274
-0.386237
1.118912
2.221203
0.066275
0.784889
-0.590441
0.019259
-0.176675
0.796936
1.204676
-0.109655
1.533623
1.530047
0.846854
-0.516027
-0.611829
-0.812381
0.949166
-1.211768
0.676838
-1.081109
0.823546
0.017220
1.333639
1.141455
1.435065
1.460819
0.143631
-1.158793
-1.052523
-2.086848
-1.083666
0.068824
-0.559654
-0.180136
0.492715
-0.304065
-1.121829
-0.053234
-0.898490
-0.270786
1.342777
-0.270505
1.770958
1.431636
-0.579305
-1.111124
-0.052554
1.153328
-0.490191
0.908090
1.208440
-0.774026
-0.676051
0.712662
0.151848
-0.686062
-0.352180
-0.070520
-1.564854
0.765643
-0.478692
-2.783716
-0.023871
-0.741571
1.688822
-0.585445
-1.097643
0.507933
-0.660447
-0.779456
0.509501
-1.040467
-1.457274
1.725998
0.579499
-0.264209
-0.003477
0.505864
0.973337
-0.755975
0.366147
-0.506704
-0.188981
0.160693
-0.006679
0.735567
0.487087
-1.508169
-1.357823
-0.369717
1.828625
-0.851592
-0.208223
-0.536346
-0.554044
0.178240
1.400777
0.455968
-0.803531
2.753230
0.078573
-0.577221
1.412096
-0.469071
1.662914
-0.870643
1.430030
0.201048
1.291052
1.901766
-1.132607
1.275772
-1.408904
-1.047184
-0.803409
0.503637
0.033016
-0.167136
0.146235
0.591290
0.668248
1.094167
1.820035
-0.021362
-0.521089
0.613536
-1.144255
-0.678704
0.999381
-0.124128
-1.208192
-1.489803
0.048717
1.141896
1.128546
0.110881
2.008909
-0.104820
-0.138568
-2.567436
-0.447363
0.852015
1.563961
-0.830235
0.462252
1.046879
0.011208
-2.283280
0.247290
0.761431
-0.947423
-0.254155
-1.155496
-2.570148
1.027004
-0.003749
1.597675
0.857322
-0.354210
-0.083181
0.566177
0.966883
0.322671
1.105593
-0.296669
-0.997144
-0.064809
0.205185
-1.201535
-1.336722
0.447386
-0.406357
-0.165841
-0.359693
1.520601
1.261761
-1.237354
-0.532793
0.850004
0.601936
-0.041458
-1.137600
-0.682540
-0.516768
0.276994
1.703727
-0.686880
-1.026035
-0.108586
1.031739
-1.446883
1.453634
-0.172031
-0.734320
-1.600189
0.706521
-0.171171
0.170705
-0.900812
-0.319096
-0.486581
-0.100593
-0.669552
-1.534181
2.728500
-1.363404
0.181459
-1.772028
-1.997047
0.097826
0.174368
1.261499
0.399547
-0.149811
-0.949600
1.499012
0.928851
-1.246329
0.037964
0.144052
-0.345654
0.771850
0.831733
-0.190486
-0.280869
1.498958
0.932839
0.072360
-1.629209
0.344000
0.698083
-2.754522
0.251869
-0.416692
-0.220854
-0.907381
-0.148189
1.391992
-0.446398
0.965574
-0.806331
0.758756
0.001656
0.352025
0.007153
0.641625
-2.567585
-1.419825
0.417080
-2.043538
-0.530580
-0.054341
-0.828140
-0.691561
0.271582
1.009295
-0.958449
-0.575058
-0.731261
-2.421380
0.141712
0.934718
1.016643
-0.870766
-1.251698
0.021606
0.829274
0.154850
0.289305
1.141831
-0.739137
-0.219970
1.634606
-0.196811
-1.267337
-0.669356
-0.938180
0.357163
-0.895947
0.271034
-0.736065
-2.123379
0.306620
0.148464
0.517758
-0.672987
-0.779544
0.401467
1.519020
0.011168
0.424585
-0.321588
-1.543630
0.967429
0.908414
0.710774
-0.181945
0.597056
0.893762
1.620159
0.988526
0.063821
-1.308253
0.155658
0.256577
0.709030
1.353892
-0.095151
2.100987
-1.759287
0.419342
-0.798520
-1.907222
-0.201774
-1.457173
-0.161428
0.034769
1.118541
-1.507585
0.908445
0.098080
1.028849
-0.431751
-1.332245
-1.217499
-1.291807
0.477814
1.476922
-0.564952
0.629135
-1.523442
0.180321
0.668563
-1.448125
-0.203883
0.715917
-2.933771
1.335453
0.353679
0.716728
-0.412719
-1.722723
0.534063
-0.082590
0.032115
1.087607
0.762064
1.921237
0.153854
-0.691212
-0.188417
0.415663
1.015857
-1.467034
0.008538
1.609542
-0.240209
0.931012
0.493118
0.955861
-0.809761
-0.805402
0.020272
-1.532222
-0.269741
0.252877
1.784636
0.402718
0.625228
1.164476
-0.964658
-0.165083
2.425413
-0.079122
1.116431
0.963738
-1.478114
0.310479
0.146747
0.329959
-0.754112
-1.116920
-0.476010
-0.097795
1.184984
1.817311
1.396598
0.860185
-1.004340
-0.408896
0.209926
-0.632439
0.577206
0.720486
0.536290
1.025135
-0.904591
0.932829
-0.695645
-0.940936
0.532116
1.215874
0.488013
0.020804
0.310154
0.136427
-1.125951
-1.242620
-0.078826
0.079857
0.011332
0.676102
-0.215477
0.562979
-0.144587
1.823359
0.080714
2.340723
0.352012
-0.213677
-0.899448
-1.442889
-0.991442
-0.879606
0.394820
-0.526165
0.186927
1.281978
-0.087808
2.079157
-1.175811
-0.150584
-0.539313
0.936507
-2.239792
-1.443115
-0.107347
1.551378
0.225842
-1.351547
-1.197167
1.672990
-0.621135
-0.942963
1.477373
1.011097
1.274060
-0.950042
-1.525106
0.133166
0.335126
0.364602
1.478184
-1.733767
0.859695
-1.096625
0.855735
-0.474957
-0.813972
-0.609903
-1.445610
0.040429
-0.772673
0.786298
0.640056
1.688157
0.366327
0.520678
1.400100
-0.627663
-1.488258
0.200094
-1.422634
2.453939
1.455498
2.163976
0.062447
0.550574
-0.459475
0.882925
-1.215543
-2.543093
-0.790711
-1.455473
1.477927
1.815677
-1.402929
1.291716
0.951385
-1.569777
-0.390268
-0.580164
0.747995
-1.228779
-0.098873
-0.685934
0.473341
-0.216792
-0.535246
-0.213297
2.036043
-0.416900
-1.041005
0.583434
-0.143525
-1.415234
2.231496
-0.352479
-0.377869
0.159835
1.730117
-1.679745
0.275986
2.087272
0.128729
-1.235334
-0.618397
0.206883
1.330804
-0.339336
0.826652
-1.435369
-1.443718
-0.482801
1.438029
0.068875
0.289811
0.278080
1.109208
-0.610221
0.688285
-0.830883
1.983273
-0.800391
-0.882389
0.549670
0.079788
0.326852
0.227314
-1.090392
1.613359
0.893542
1.358950
-0.528331
0.416524
0.197368
1.128003
1.160248
0.193051
-1.517951
1.779662
0.555987
-0.608437
0.406542
-1.511093
1.055353
-1.471212
-0.220834
0.244454
1.038840
0.106545
0.634963
-0.028167
-0.032186
0.085477
-0.189058
-1.686570
-0.768323
0.244775
-0.249121
-0.155809
-0.323354
-0.863598
-0.493099
-0.306832
0.005143
0.393378
-0.180550
-1.029655
-1.398082
2.597437
-1.129815
-0.518625
0.517000
0.360861
0.520866
-0.442717
0.238558
0.061344
-0.312131
0.245410
1.055366
-0.022200
-0.015547
1.068161
0.961360
1.583936
-1.756230
0.905119
0.601580
-0.885652
0.251588
1.051122
-0.829159
0.442562
0.871354
-1.071020
-0.142286
0.300968
-0.796131
-0.879153
-0.135045
0.801640
0.643734
-0.861413
0.652168
-0.835940
-1.610170
-0.367144
1.122969
0.655961
-0.001572
-0.416705
-0.389762
0.108785
-1.068437
-0.348107
-0.215569
-1.351074
-0.838448
0.410507
0.009512
-0.308762
-0.911427
1.576850
-0.837979
0.251593
-0.487869
0.036279
0.457610
-1.370257
-0.006616
1.190729
1.761502
-0.130014
0.041681
2.211333
1.134924
-0.617285
-0.618983
0.956549
-1.011037
1.087727
0.334300
0.517721
-0.256734
-0.629825
1.461993
-0.246737
-0.410935
-0.080137
0.193022
-1.030825
-0.564871
-0.618032
0.845280
-0.885963
-1.755768
-1.967095
-1.470380
1.361538
0.016207
0.501249
0.536488
0.056184
-0.074781
1.044526
0.145996
1.399097
0.620830
-0.617796
-0.497134
-0.727465
1.217548
-0.405051
-0.798473
0.319778
-0.097167
0.294569
1.889814
0.913071
0.027011
-1.408423
-0.499963
0.711046
-1.171041
2.140970
0.014417
0.048848
-0.666645
0.496738
-1.158002
2.164893
1.317351
0.984296
-1.390429
0.205413
1.209086
0.593105
-1.002109
-0.650094
-0.451936
-0.603438
1.528779
-1.921013
0.655919
-1.292303
-0.961251
-2.009733
-0.549054
1.510732
0.264824
-1.198362
1.017148
1.231304
0.104046
2.034749
0.821564
0.682653
-0.803379
0.627398
0.216791
0.519829
-0.684586
0.128099
-0.816862
-2.147132
0.998305
-1.502389
0.107186
0.333002
0.326563
-0.283079
0.271211
0.470967
0.734965
1.733441
0.234194
0.064049
-0.906729
0.435946
0.667383
-0.192303
0.544613
-0.292516
0.670993
0.912602
0.898628
0.117844
-1.039968
-0.611913
0.595157
2.448812
-0.340721
0.455838
-0.556053
-0.973967
-0.676316
-2.082472
1.353435
-2.230130
-0.263828
-1.178128
-0.884380
1.376523
0.201067
-0.965396
-0.589517
-0.765481
-0.043546
0.172892
1.895575
-1.916301
-0.034812
-0.315568
0.946549
0.354818
0.590362
0.345086
-0.931991
1.211265
0.798505
0.915530
1.264050
0.417675
1.480992
0.377640
-0.219059
-0.006604
-0.023844
-0.519391
1.631889
0.296295
0.094738
0.388274
2.979855
-1.131724
-0.845039
-1.380571
-0.232599
0.245518
-0.465323
-0.539727
0.142405
-0.502108
0.310176
1.114234
0.677030
0.881013
1.085918
0.282828
-0.158641
-0.772253
-0.391178
-0.523686
0.731672
0.346783
0.696758
-1.160337
1.431749
-0.426980
-1.100017
-0.439218
2.483766
-0.387717
-0.325096
-0.192105
-0.148620
-0.781476
0.143213
1.075595
0.314289
-1.111165
-0.344346
-0.551527
0.052939
1.330452
-0.148883
-0.088155
1.777645
0.876206
0.574081
1.958132
0.489811
-1.986527
0.832666
-1.592008
0.452005
-1.713744
-0.466855
-0.363785
-0.770119
-0.348852
1.032562
-0.713953
0.545141
-0.965650
-0.189500
0.323839
-0.996528
-1.311720
0.491878
1.123080
-0.079065
-0.457313
0.155675
0.055480
0.242903
-2.528245
-1.069104
-0.845230
0.150868
0.185878
0.636180
0.257582
-1.300735
1.447005
1.271918
-1.258197
0.332705
-0.595424
0.138864
1.053310
2.130104
0.751278
0.294935
-0.339821
0.182135
1.359772
-0.044709
-0.886113
-1.619690
0.513048
0.247288
-0.645908
1.026014
-0.421777
-0.134644
-0.016664
-0.350953
0.235865
1.151515
-1.142482
0.488520
0.172159
0.153764
0.871845
0.049297
0.480229
0.715865
-0.504365
0.299183
-0.250788
-0.132682
-0.322061
0.471080
0.081645
0.394544
-0.017517
-1.604121
0.031368
0.063538
0.242596
-0.593729
-1.195470
0.624607
-0.273607
0.171244
-0.281460
-0.006062
-0.449285
-0.968084
0.473732
-0.603120
0.163951
0.410460
-0.586813
-1.203886
2.426086
-0.527772
0.623417
1.939463
0.789908
-0.300443
-0.067116
-0.832607
0.881696
0.566271
-0.514426
-1.042175
-1.321234
0.986514
0.120373
0.214985
-0.822949
-1.463503
0.962614
0.042039
0.907235
-0.385933
-0.236818
0.713298
0.732348
0.797566
-0.295201
0.614547
1.109100
-0.104772
-0.513488
1.342748
-0.654446
0.629476
-0.058422
-1.841566
1.128594
-2.757854
-1.984128
0.527330
0.527071
-0.637580
0.147822
-2.531430
0.706975
0.249725
-0.045643
0.020841
0.493254
-0.028902
-1.874056
2.196332
1.200801
-1.284945
-0.345137
-0.236034
1.078850
-2.159269
-0.499008
-1.760636
-0.285096
-0.472501
0.079694
-0.604874
-0.751023
0.619657
0.454673
0.551398
-0.176900
-0.571739
-0.118852
0.501162
-2.176780
0.394112
0.309138
0.062151
-0.149313
-2.566119
-0.439853
1.789439
0.012901
-0.307290
0.016906
0.354773
0.658820
-0.228880
0.424920
1.676651
1.006251
2.340300
-0.656770
1.676190
-0.790674
0.353566
0.732477
-0.510777
0.087964
0.910461
-0.710271
1.669383
-1.384597
1.939691
1.001326
-0.089726
-0.402668
-0.507028
-0.135796
-0.048496
1.255226
1.968654
0.199380
-0.845628
-0.545726
-0.183091
-1.030122
-1.178941
2.097127
0.302614
-0.833133
0.816604
-1.178346
-1.096012
-0.803042
1.654513
-0.252880
-2.441707
1.210066
-0.306381
-1.849408
-0.316684
0.521004
0.404049
1.798415
-0.852768
0.046720
-0.699569
-1.542193
0.885527
0.463270
0.283678
0.426790
-0.685473
-1.005695
0.037647
1.161211
1.608077
0.795433
0.029174
0.269784
0.011594
-1.025943
0.024647
-1.334827
-0.124077
1.636105
0.822859
-0.923119
-0.072429
-0.834376
-0.062514
1.041108
0.653008
2.484144
1.192477
0.204000
0.677150
-0.202443
-1.127504
1.305777
1.008991
-0.241054
0.273936
1.240939
0.846351
-1.463101
0.243620
-0.167632
1.113001
1.031043
1.318608
-1.117894
-0.784112
1.114082
-0.591646
-1.521433
0.532596
-0.547218
1.789791
0.296185
0.160259
-0.369244
1.590835
0.358554
-0.408500
-0.794084
-0.073473
-0.977647
1.028877
-1.808342
-0.139514
0.610134
0.342119
-0.717283
0.660259
-0.886039
-0.022385
0.651842
0.462913
-0.675039
1.197495
0.086695
0.742995
1.529101
1.117521
1.120129
0.192680
0.793935
0.213597
-1.209324
0.302744
0.256361
0.583729
-0.127997
-0.761456
0.656506
-1.313272
1.458819
-0.231418
0.245528
0.558558
0.590688
-1.408984
0.824087
0.303154
-0.635261
-0.749667
-0.334053
-1.298742
1.722267
1.486151
0.451700
-0.223398
-0.197108
0.758066
1.757827
-0.570397
-1.117586
1.547641
-1.787139
-1.008531
-0.246858
-1.560434
1.112149
0.856905
-0.574793
1.279614
1.449292
-0.113171
-0.450668
2.259602
0.721162
0.256325
1.363546
0.301931
-0.505621
0.080160
1.038654
-1.992186
-0.288031
1.383057
-0.511868
1.546109
1.414744
-0.065529
-0.568539
-0.287359
2.664614
1.874424
0.125391
-0.608154
0.117041
0.243827
-1.243359
0.080041
1.322404
-1.799357
0.826584
1.374798
-0.560557
1.694176
-0.690337
0.441083
-0.306773
-0.306996
-0.617299
0.698575
0.848805
-0.064422
-1.359968
0.403170
0.422014
-0.216715
1.867231
-1.563929
-2.217284
-0.730835
0.710425
-1.055845
-0.980971
0.951021
0.462548
0.377061
0.781429
-0.425193
-0.378984
0.809779
-1.344887
-2.142720
-0.433284
0.930873
0.255560
0.857292
-2.016294
0.315497
0.653865
-1.350797
0.862058
-0.111519
3.071337
-2.177236
1.369114
-0.394158
-1.617152
-0.526955
0.277479
1.037467
1.721964
1.421893
-0.965382
1.130165
0.391285
-0.654603
-0.211911
-0.709843
0.037092
-0.729658
-1.027994
0.479119
0.628731
-0.187597
1.367651
-0.260431
-0.302775
0.660489
-0.132426
0.084798
-2.520438
0.016707
-1.827196
-1.220951
-1.335322
-1.042583
-0.548854
-0.486493
0.664275
0.222388
-1.901074
0.083295
0.318255
-0.328567
-0.060886
0.190310
0.764600
-1.574880
-0.244317
1.508336
1.416661
0.850937
0.536825
1.654635
1.917848
-0.129080
-0.969432
-0.270292
3.096695
-1.569356
-0.470539
-1.412691
0.124764
-1.202691
-0.108751
-1.950095
0.617621
1.222345
-0.383944
-0.135130
-0.163407
0.180911
-0.038170
0.768117
1.233039
-0.814071
-0.309328
0.901619
-1.421669
-1.970721
0.226316
0.496346
-0.722300
-0.578651
-0.760192
-0.866925
0.693496
-1.180498
-0.265523
-0.905336
-1.455289
0.870178
-0.519825
0.188440
-1.508076
-0.741939
0.756088
2.587271
-1.976216
-0.201108
0.412281
-0.616100
0.849522
-0.866733
0.153848
-0.522072
1.219431
-0.676364
-0.351874
0.945689
-1.028039
0.068750
-1.822534
-1.087933
0.382131
-0.990698
-0.544573
0.493086
-0.579186
0.822842
0.215663
0.435683
1.240966
0.319823
1.538847
0.911262
-0.523452
1.293148
0.263866
-0.394680
0.278386
1.112327
0.455045
1.822393
1.086531
0.523160
-1.026068
-0.179733
0.071664
0.696631
0.637333
0.169540
0.120350
0.720457
-0.858586
1.695516
-2.047167
1.455410
-0.045186
1.002580
0.363840
0.346034
0.554254
0.809054
-0.328831
1.034799
-1.084471
-0.005331
0.835970
0.995018
0.460789
-0.393392
0.896708
-0.669366
1.751409
-0.084671
-1.539626
-1.194683
0.043644
0.139825
1.969657
-1.038499
0.039462
-1.059421
-0.492655
1.683972
-1.136336
0.587042
0.392907
-0.024171
0.519437
-1.160020
1.656322
1.924845
0.047105
2.423106
-0.399028
0.400432
1.431889
-0.459004
-1.381549
-1.611717
2.060827
-0.529025
-0.185737
-1.112764
0.948339
-0.781560
-0.491263
0.299520
-1.064046
-0.178582
1.402210
0.428254
0.130542
0.214865
-0.389135
1.996152
-0.812157
0.210926
0.115026
1.008762
1.103174
-0.032019
0.290666
0.328535
-2.272142
-1.588990
-0.605064
-0.561599
-1.199282
0.749583
0.002118
-0.214695
-1.256155
-0.044545
-2.626685
-0.162956
0.063184
0.241915
-1.564102
0.224817
-1.041431
-0.812470
0.717931
2.014114
0.051359
-0.817095
0.188670
0.939029
0.620998
2.743113
-0.715338
0.252231
1.548918
1.486159
-1.950078
-0.003358
1.484521
2.890643
0.703796
-0.367863
-1.009203
2.218743
0.728742
-0.848067
-0.203156
0.310187
0.543807
-0.899619
-0.614190
-1.652935
1.039762
-0.341618
0.466322
1.422258
0.219870
-0.112970
0.193921
0.063194
1.246165
0.310838
-0.544401
1.047849
1.230484
-1.338331
1.532784
0.364712
0.283270
1.006625
-0.566976
0.954165
-0.376775
-1.474951
-0.997756
0.567022
-0.945468
1.610076
1.189283
1.333439
0.124779
0.257862
-1.193712
0.995784
0.379833
0.567306
1.688312
-0.605963
-0.126142
0.326671
-0.935435
-0.187599
0.492950
-0.325421
1.308989
-1.510925
1.122771
0.661186
-0.568829
-0.924409
-2.080283
-0.795175
1.047177
-0.056086
1.162981
-0.619871
0.707106
-0.717499
-0.965575
-0.107127
-0.664967
-1.542822
-0.182315
0.106435
1.268359
0.936806
1.219943
0.720357
0.332613
-1.228945
0.149872
0.596794
1.457438
0.686289
1.240383
-1.031998
-0.326418
0.429351
1.160953
-0.145229
-0.082446
0.687140
-1.125871
1.607405
-0.879136
-1.918589
0.010067
1.698459
0.586453
0.751091
0.041386
-0.152378
-1.544909
-2.259386
0.196272
1.312549
0.344134
0.623600
1.583718
0.328767
-0.122655
-0.818525
2.022213
0.526548
-0.943602
-1.171168
1.253064
-1.037442
1.853834
-2.756463
1.422595
0.486895
0.118594
-0.175458
1.890730
0.707059
-0.903204
-1.718910
0.177297
-0.001071
-1.519868
-0.055394
-0.573935
0.009290
0.725924
1.492610
0.908889
-0.721441
0.368915
0.063107
-1.332129
0.398233
1.856672
0.032427
-1.594183
0.030269
-1.213712
0.863605
0.524865
-0.170910
-0.331164
-0.212234
0.008274
-0.772235
-1.387753
1.138699
-0.385401
0.167043
0.285282
0.322020
-1.173818
-1.675840
-0.588693
0.395712
-0.727950
-0.354921
2.127297
-1.845424
-0.755034
1.896604
-0.044599
-0.705985
1.168769
0.055230
-0.348308
0.192369
-0.658109
-1.017491
-0.113597
-1.010997
0.010693
0.354407
0.853060
1.127925
-0.405737
0.499415
0.492523
0.327819
-0.479459
-1.028068
0.502002
-1.706863
-0.267839
-2.553631
-1.336402
-0.877134
1.096724
0.688108
-0.553935
0.729370
0.887623
-0.160665
-1.384378
-0.207912
-0.097892
-1.232454
0.367047
0.279812
0.445043
0.278923
0.729843
-0.179328
0.201785
-0.397740
-0.584499
1.338250
-2.043769
0.876760
-0.620541
-0.750038
0.261577
-1.489610
-0.816023
-0.849140
-0.221398
-0.804138
1.601119
1.797017
-2.021994
0.544323
0.858663
0.542985
-0.658113
-0.244096
-0.748275
-0.420264
-1.209965
-0.114789
-1.502802
-0.200135
-1.248582
0.206816
-0.679420
0.290580
1.081581
1.589447
-2.528005
-0.834194
-0.303086
0.460328
-1.650355
-0.982092
0.130357
0.084888
0.377618
0.443676
0.338594
0.193655
0.055740
0.664763
-2.239323
1.544333
-2.204482
-1.079162
-0.226761
0.672613
-2.995267
-0.028124
0.792395
0.994518
-0.697330
-0.300835
-0.616148
-0.392675
-1.031826
-0.889252
0.434377
0.131615
0.491587
0.214014
0.704339
0.878214
-1.741717
-0.854310
-0.231376
-0.022678
-0.670091
0.912024
1.979948
0.186162
0.084341
0.849456
-1.865840
0.028469
0.979036
-0.643154
-1.226561
-0.185806
-0.060685
-0.908652
2.096161
-0.478696
-1.153659
-0.093621
0.907861
0.017414
0.485594
-0.871511
1.487688
0.561711
1.047702
0.365161
0.824884
-0.873053
-0.491410
1.346481
1.559742
-1.147066
0.249736
-0.430944
-0.697031
0.284840
1.140963
0.451662
-0.319512
0.514861
-0.359976
0.412114
1.396466
-2.077160
0.797252
-1.539055
1.228328
-0.637026
-1.217671
0.695269
0.364170
-0.999187
-1.253000
-0.187481
-1.204087
-1.061473
0.115621
-0.965872
0.426539
1.490144
-0.148555
0.130151
2.018097
-1.187601
1.191235
1.070858
0.854317
1.291748
0.280575
-0.582929
1.094573
1.132842
1.105314
0.044502
-0.716195
0.191362
0.942230
1.024352
-0.429676
0.315373
-1.308778
0.984950
-0.783309
0.785255
-1.149305
1.031416
0.321835
-0.781358
0.691356
-0.590362
0.749555
-0.274111
-1.721047
-0.982416
-0.430415
1.368189
0.901144
1.623861
1.653635
-0.534751
-0.188487
-0.411280
-0.671511
-1.841495
-0.014748
-1.285566
-0.034172
2.115771
-0.509345
0.194774
0.906648
0.280291
0.292484
-0.362402
-0.231878
-0.960011
0.846045
-1.741492
0.971088
-1.403698
0.962607
-0.353818
-1.231869
0.579299
0.928768
-0.438079
0.720611
-2.285084
-1.320596
1.292409
-0.223669
-1.862213
-0.698866
-0.923400
-0.165962
-0.370751
0.178932
-0.069466
1.359739
0.424549
0.457672
1.165157
-0.388769
-1.261877
1.206970
0.135842
0.139351
-0.633330
-0.616855
0.846722
0.984656
0.783823
0.792962
0.569030
0.131523
-0.175380
1.210324
-0.373721
0.369979
-0.804013
-0.659299
-0.236155
-0.803938
0.797852
-1.348034
0.099230
0.132508
-1.810800
-0.441024
0.255700
0.428728
-0.204307
0.676888
-0.109316
0.013653
0.251654
0.927000
-0.675718
-0.486822
-0.668896
-0.332198
1.426234
0.572725
-1.131090
-0.600447
0.372767
-0.906508
-0.725340
1.344960
-0.613376
0.954667
1.255323
-0.733462
-0.889963
-0.276132
-1.088628
0.121034
-0.205652
0.360580
1.396943
0.817485
0.489240
-1.966048
0.443376
1.722628
-3.010523
0.689383
-0.159359
-0.849795
0.801129
1.709706
0.775231
-0.371192
-0.943470
0.144628
0.873169
-0.387053
-0.290383
2.822000
1.078652
1.150129
-1.460286
-0.707189
0.074682
-1.001138
1.600397
1.410312
-0.533545
1.783919
-0.004252
2.589390
0.144686
0.576193
1.399903
1.277633
0.510732
-0.141140
0.514133
-0.816184
0.152134
-1.109308
-1.780882
0.050427
1.262278
0.925805
-0.081912
1.746990
-0.569061
-1.917833
-2.182101
-1.181191
0.816625
-0.634803
0.460959
1.646283
-1.100097
0.478500
0.538963
-0.860738
1.354211
-0.287707
-0.383753
2.111613
0.522767
0.925291
1.354893
-0.650474
1.249821
-0.501894
-0.544623
-0.272000
-0.622065
0.822156
0.267211
-0.491224
0.674505
-0.275182
-0.328070
0.048684
0.463460
0.389848
-0.363249
0.847111
-0.222394
-0.654984
-1.468022
0.983178
0.012390
0.210872
1.045803
-0.477406
-1.374399
0.069781
0.307962
-0.262849
1.473738
-2.486166
1.120057
0.791154
0.456771
-3.335901
1.283889
-1.026434
-0.507692
-0.170593
0.407418
0.639428
0.892841
0.815854
0.252927
0.415923
-1.090754
-0.751027
0.895460
0.837209
0.723799
-0.514417
0.910492
-1.161245
1.077360
-0.260871
1.684170
-1.521442
1.763404
-0.361464
-0.379479
0.194839
-0.697079
-0.072329
-0.737626
-0.701064
0.486886
-0.901565
-0.768194
-1.372791
-0.503931
1.311602
-0.845934
-0.731633
0.193922
-0.370796
2.228154
-0.162528
0.335218
0.943769
0.924578
0.233288
-0.161127
2.024029
-0.099760
-0.441690
-0.645849
-1.726803
0.821616
-2.348068
-0.005723
-0.204861
2.239965
-1.831651
-0.901103
-0.136096
-0.197529
-0.549545
-0.080988
-1.259563
0.357193
-2.321485
-0.025769
-0.600357
1.016288
1.755311
-0.331052
1.390726
-0.316116
-0.966127
1.745904
0.520776
0.004439
0.687177
0.274215
-0.069219
-1.326435
-0.270537
0.623255
-0.122771
0.902326
0.383655
-0.878136
-1.319172
-0.157179
-0.524228
0.336322
-0.718138
-0.615392
1.053070
0.148203
-0.702727
0.017642
1.378911
0.293787
0.592951
-0.752235
1.026419
2.318102
-0.791468
-1.181894
0.175542
0.875505
-0.091390
-1.053206
-0.108584
0.598092
-0.407032
0.607255
1.164711
0.240231
-0.027948
0.829344
-0.856101
-0.954710
-0.266572
-0.491879
-0.803342
1.830468
2.171993
-0.353705
0.091719
-0.187843
1.107499
1.305646
-1.777264
0.476011
-1.306821
1.758272
0.440248
-0.823350
-0.241321
-0.288977
0.525113
1.041913
-1.148207
1.838755
1.605690
-0.875324
0.072802
1.710809
1.232919
-0.336743
0.814340
2.997198
0.105160
-0.632648
0.172420
0.246552
-0.524537
0.441625
-1.254401
-0.665534
0.758245
-1.754871
0.903168
-2.011981
-1.731325
-0.498979
0.286864
1.325264
0.057623
-0.246554
0.579581
-0.870899
0.139415
-1.199446
0.082591
-0.129836
-0.804268
0.165041
0.158550
1.175454
-1.605633
-0.076049
-0.760262
0.869762
0.753912
0.507880
-0.703833
0.885471
-1.530131
-1.735311
-1.275871
-0.033475
0.675164
-2.976032
1.322743
0.131112
-1.567772
0.100947
1.092525
0.599441
1.099073
-1.366247
-0.414005
-0.924692
1.717580
0.639363
2.847010
-0.467610
-0.724674
-0.142827
1.378357
-0.366120
0.124438
0.096691
0.039497
-0.652398
-0.137291
-0.180103
-0.007565
0.943517
1.760628
-0.840435
-0.391994
-0.825012
0.187102
-0.538349
0.239797
1.103627
-2.525832
0.491780
-0.460187
0.460422
-0.896469
1.196261
0.913281
0.568352
0.793226
-0.745620
-0.619624
0.752436
-0.767729
1.445635
-0.323591
0.501894
2.099250
-0.706223
0.068762
1.054183
0.951277
-0.327815
-0.516730
-0.233136
1.447858
-0.279106
0.078116
-0.426786
0.705549
0.155525
-1.003434
-0.968824
-1.998606
-0.831321
0.793946
1.323761
0.685558
0.554632
-0.126526
0.774915
0.286278
1.804449
-0.098445
1.343008
0.874114
0.735443
-2.011491
0.929190
-0.127508
-0.443926
-1.482913
-0.005587
0.033552
-1.303002
-1.473280
0.486619
0.871705
0.190283
1.150835
-0.086385
-0.054351
-0.917028
-1.560242
1.854662
1.131299
-1.392513
0.155752
-0.100046
-0.273992
-0.409018
0.381269
0.818176
0.402391
-0.120518
-0.157227
0.936814
0.463445
0.072689
-0.035901
0.345271
-0.468349
0.821539
-1.075859
-0.411456
0.611106
-1.132883
-1.573009
0.063078
-1.696458
-1.298804
0.756594
-0.204785
1.285487
-1.204814
-0.093952
0.399585
-1.170515
1.031762
0.510679
-1.609287
-0.037742
0.385957
-0.590057
-1.479865
0.278459
2.211243
-0.386984
1.569241
-0.752289
0.215546
0.771523
-0.008414
-0.297736
0.726128
1.891455
0.300587
-0.516060
-0.189752
2.519708
0.134907
-0.594414
-1.145068
-1.825901
0.363584
0.654642
-0.396696
-0.014970
-1.170462
0.132928
0.481495
-0.535164
1.690453
-0.837106
0.283477
0.848317
-0.077289
-0.188477
-1.428866
1.357342
-0.169893
0.537365
0.672720
-0.628299
-0.197529
1.334482
-1.117198
2.127918
-0.744873
-1.179518
0.132309
2.208348
-1.910966
-0.141016
0.476265
0.033650
0.381922
-0.718033
-0.599722
-0.148423
-1.129888
-0.044686
-0.388745
-0.470045
0.320506
-1.820660
-0.229090
2.317354
-1.086110
1.285501
0.054656
-0.602958
-1.320642
0.139682
1.453397
-0.389211
-0.080961
1.010371
0.340871
-1.572276
0.098887
1.512235
-0.036941
-2.741489
0.388215
-0.198456
-1.829094
-1.679208
0.975107
-0.732383
-0.907496
-0.035639
-0.644203
0.100049
-0.202720
-1.199996
-0.511198
0.442753
0.041918
-0.081942
1.937384
0.731037
0.852441
-0.165968
0.220145
-0.431100
0.777550
-0.110400
0.222378
0.160611
-0.018167
2.938188
-0.666619
-0.675712
0.694097
-0.595169
-0.291406
-1.086411
0.491558
0.504257
-0.315192
0.714817
-1.858125
-0.706853
-0.169979
-1.172282
-1.748713
-0.307896
0.694020
1.282108
-0.547288
0.733216
0.636542
1.218608
-0.350191
-1.798501
0.070186
-1.013794
-0.723505
-0.301219
-0.338928
0.141559
0.703156
-0.367736
0.395698
0.014816
0.935494
-0.188592
-0.078927
-0.374400
-0.162249
-0.783488
-0.882597
0.775765
-1.083202
-0.319118
1.015343
-0.352701
0.828740
-0.591046
-1.051164
-1.594826
1.312724
-1.136871
0.747187
-0.999947
1.317384
2.206783
-1.686530
-1.084756
0.773132
0.513043
0.776922
-0.573756
1.987534
0.118049
-1.216963
-0.253148
-1.203567
1.590941
-0.660331
0.492483
-0.470673
-0.615387
-1.910254
0.598175
1.299181
-0.915968
-1.545229
0.803316
-1.646241
1.219533
-0.904395
-1.103293
0.248462
-1.038139
-0.707111
0.353982
-2.429112
1.642419
0.043640
-1.292966
-1.017245
0.991646
0.601053
1.386781
-0.682743
0.296584
0.426568
0.695267
1.127281
-0.717264
-0.114170
-0.610150
-0.052612
0.698433
-1.654035
1.109372
-1.139182
-0.307370
1.243942
0.328010
0.339530
-1.180626
-1.044086
0.941256
-0.589144
-0.494912
0.963951
-1.049914
0.269235
0.042907
-0.002686
-0.518436
-0.579855
-1.078364
0.482665
-0.668149
0.968745
-0.224555
-1.058450
-0.237814
-0.410857
1.009103
-0.369000
-0.276210
1.411547
0.508267
1.662706
1.259045
-0.887163
0.989951
1.525303
1.532813
0.988096
0.967523
-0.302661
-0.837382
-0.352217
-1.664789
1.342795
-0.283293
1.291331
-1.231500
1.082625
-0.494881
-1.284369
1.627118
1.107312
0.211792
0.033938
0.439510
0.194629
-0.792276
-0.412052
1.960718
2.672157
1.562669
0.478224
-0.337749
-0.798186
-0.732282
-0.553268
2.151164
1.806282
0.746278
-0.960613
0.893056
-0.238617
-2.153009
0.287101
-0.841913
-0.808053
-0.250408
-0.498323
-0.034257
-0.082331
-1.875809
1.520278
-0.983377
-0.952398
-0.328553
-0.108335
1.458980
0.269423
0.566465
0.274536
0.231462
0.309730
-1.932734
-0.249918
1.162261
3.942331
-1.204309
0.423080
-0.571047
2.047652
-1.353783
0.624940
-1.407211
-0.318567
-0.034313
1.069692
-1.077167
0.663383
0.018778
0.272793
0.958333
-1.282557
0.810595
-0.568905
1.095873
0.334558
-0.209528
-0.590026
0.823295
1.260952
-0.532852
-1.133007
0.694211
-1.448531
-1.305512
-1.062700
-0.415450
-1.336332
-1.938800
-1.135444
0.642474
-1.271544
-0.340270
1.946698
-0.049174
0.342531
-0.946040
2.163475
-0.541295
-0.228105
1.317059
-0.181734
0.047889
-0.281688
-0.274832
0.370502
0.552943
-0.643248
-0.766080
-0.609136
-1.401254
-1.590430
0.297167
0.938596
0.871045
-2.381991
-0.245065
-1.102092
0.143737
-0.417824
0.591912
-0.019153
-1.896002
-0.967086
0.005785
0.090110
-1.405677
-1.536460
0.056245
-1.403667
-1.668629
-0.445141
-0.488446
-0.878401
-0.703737
0.013836
-0.720163
0.070697
-0.380469
0.167650
0.878206
0.839248
1.288211
0.838147
0.238558
-0.433432
-0.387761
-0.877777
0.004529
0.697387
-0.725668
-0.037218
-0.677362
0.209354
-0.549383
-0.739511
-0.679967
0.503329
-0.096749
-0.428422
0.261405
-0.414516
1.126518
-0.973866
-0.186972
-1.404765
-0.346874
-1.679636
0.746317
0.766504
0.784170
0.028872
-0.879870
-0.800341
1.530172
1.435677
0.122555
-0.515634
1.368623
-0.694503
0.228849
1.351957
-0.836339
0.829224
0.520561
-0.039517
-0.993434
-0.724440
0.289451
-1.423337
0.130744
0.541051
0.985220
-1.398357
1.316247
1.695364
0.410152
-1.038049
-0.328109
-0.047597
0.270463
0.021982
0.281165
-0.090747
0.265107
-0.460523
-0.338187
-0.576025
1.917260
1.463901
0.555294
1.325309
0.798461
0.181271
-1.505571
-0.262164
-0.335038
-1.133075
-1.486162
0.492719
0.324504
-1.167397
-0.745879
1.161222
-0.877697
0.170799
-0.189778
0.506363
-0.856108
0.090083
0.168723
0.230181
0.079074
0.344609
2.191770
2.561298
-0.639216
-2.318243
0.595495
0.186252
1.061042
0.284886
0.058604
1.128907
1.268781
-1.386560
-0.816606
-0.105593
0.098438
-0.225983
0.434207
0.996105
1.722710
0.578913
-0.852334
-0.147376
-0.075352
0.514640
0.388168
2.050397
-0.461513
0.384751
2.354711
-0.585207
0.145149
-0.944880
0.082087
-0.780217
1.046801
0.147319
-0.935397
0.840568
0.179666
0.952819
-1.147663
0.368824
0.773342
-0.423377
-1.259003
-0.041607
1.228115
1.125930
-0.428428
-1.283085
-0.431180
-0.468478
0.446447
-0.105002
-0.753264
1.104263
0.140426
0.435416
-1.724985
-2.424265
-1.437546
-0.480543
0.576356
-2.342247
1.592852
0.170566
1.360295
-0.885970
0.503860
0.085196
0.817686
-0.233791
0.473215
1.102195
-0.651176
0.242244
-1.887862
0.702503
1.954663
-1.244436
-0.091381
0.880481
0.031417
0.165100
-0.390999
-0.428152
-0.086694
0.041671
-1.181441
-0.066022
1.568534
-0.419134
-1.237255
-0.151416
-0.714613
-1.338342
0.139168
-0.710282
-0.624714
0.153427
-1.533175
-1.741570
0.670872
-1.930834
-0.976678
-1.799839
-0.486136
0.428059
0.112338
2.391873
1.086916
-0.931158
-1.197055
2.706688
1.062572
0.589370
0.074852
0.273522
-1.482073
0.157039
0.071231
-0.904139
-0.538526
1.515176
-0.125175
2.071171
-1.740679
-0.522130
-1.547279
-1.209422
-0.828206
0.315310
0.266826
-0.679290
-2.227800
1.477693
-0.285765
-1.116290
0.274931
0.204445
-0.322676
0.148531
-1.155030
0.759913
-0.996867
-0.605570
0.648802
1.203959
1.585775
1.055798
-0.324072
-1.541033
1.405056
1.370696
-0.671976
0.921189
-0.332178
1.501277
-0.514865
1.978651
0.786121
1.797545
-0.463797
0.405030
-0.969279
0.843989
0.899042
2.397024
0.482040
0.724094
-0.470830
0.541379
-0.379891
0.115861
0.174516
-0.352305
0.062945
-0.375295
-0.379731
1.076665
0.175414
0.347066
-1.457305
0.423458
0.530423
-0.398339
2.085030
-2.289227
0.784367
0.712805
0.541583
0.176213
0.550679
0.868176
-0.725888
0.299196
-0.183317
-1.093768
0.717170
-0.564360
-1.497859
-0.539111
-0.798899
1.028479
0.153193
1.382383
-0.666556
0.874170
2.839623
0.356032
0.861649
0.693518
-1.422075
0.585817
0.306456
-0.259747
-0.884036
0.693983
-0.972404
2.133646
0.114169
-1.223307
-0.513996
-0.278134
2.412377
-0.884589
-0.116217
-0.537828
0.499258
-0.521883
-1.139057
-0.195295
-0.299394
-0.592244
-0.538810
1.184696
-0.319740
-1.134128
-0.462116
0.054336
-1.336270
1.625978
0.867579
1.430173
0.392128
-2.093698
1.535334
-0.863568
-0.782187
0.156325
1.378230
1.053287
0.906281
-0.311827
-0.327608
0.345944
-0.130071
0.889318
0.830118
0.591341
-2.525961
0.127988
-0.108854
0.168026
-0.754325
-1.324786
0.463138
-0.356301
0.574693
-0.670914
1.415911
1.001065
0.296827
-0.213288
0.852409
0.392548
0.238584
1.042865
1.426536
-1.252411
-1.050384
-0.780261
-1.502425
-0.062749
0.600116
-0.021418
-0.534122
1.126458
0.140556
0.342983
1.154235
-0.123242
2.060214
-0.447815
1.997948
-0.974735
0.517485
-0.642532
1.119566
-0.478233
0.290871
-0.650542
0.937225
-0.655751
1.683415
-0.995997
-1.345628
0.951552
-0.591644
-0.007237
-0.322241
-1.312608
-0.076994
1.264916
1.003137
0.231793
1.112268
-1.059519
-0.325454
0.395805
-0.130415
-0.246823
-1.200644
-2.081342
0.817866
0.243222
0.901998
-0.437236
-0.712778
0.006548
0.854200
-0.231452
0.801785
-1.006308
-0.161447
-0.070114
1.226390
0.207627
1.746078
-1.347685
0.129919
0.179398
0.620093
-0.813360
1.684446
0.012964
-1.087067
-0.016025
-0.313162
2.783235
1.049944
0.049661
-0.111917
0.951057
0.998862
-2.911550
0.642993
0.027967
-1.311144
0.880214
2.246188
0.556796
1.100428
1.804119
-0.830262
-1.857571
0.656866
-0.247612
-1.374173
-0.078170
0.727547
-0.148972
-0.786828
-0.223507
-0.019476
-1.929482
-0.142775
-1.344340
0.659026
-1.561043
1.012692
-0.409165
-0.542976
0.294455
-0.866034
0.278746
-0.732109
-0.556735
0.405354
-1.138581
-1.264337
0.248226
-0.026900
0.168693
0.327639
0.057376
0.608093
0.097436
-2.007304
-1.747885
1.927949
0.000072
0.950242
-0.345704
-0.058015
-0.453365
2.465927
0.253242
-0.534858
-1.651540
1.973733
-0.163278
0.744229
0.855997
-0.462831
0.672453
-0.604138
-0.990426
1.164465
-0.158189
0.518513
0.410921
0.637932
-1.556537
-0.585291
-0.324475
-0.831479
0.429007
1.186893
1.345185
-0.339205
0.291966
0.445644
0.621256
-0.878135
1.820580
0.926520
0.952649
1.203460
0.534136
-1.027313
-0.138973
-1.651053
0.415073
-0.169214
-0.040522
1.204001
-0.456994
-0.252123
0.021973
-1.839992
-0.266064
-2.485795
-0.585522
0.855189
0.447267
-0.594820
0.040798
-1.074990
-0.002343
2.930320
1.845801
0.052622
0.160144
-0.979565
-0.801789
0.362184
-0.524893
0.904150
1.569686
0.332621
0.101737
-1.680780
0.747610
-1.143671
-0.418009
0.959576
1.029758
-0.466508
-0.408916
-0.699319
-1.197854
-0.634795
-1.613130
0.683063
0.394524
0.560529
-0.954404
-1.195071
0.053514
0.064103
-0.147270
-0.289483
1.710776
0.426025
1.970678
1.268965
1.703271
-1.074463
0.593171
-0.431765
-1.663387
1.496003
-0.293693
-1.055102
-0.414564
-0.796224
-0.693698
-0.221603
1.730815
-0.666317
1.659271
0.848837
0.396272
0.748120
0.013656
1.286050
0.566980
-1.664666
0.296252
0.783973
-0.289001
0.126256
-0.612858
-1.377626
-1.550377
-1.537068
0.669045
-2.490282
-0.666480
-0.765653
-0.282160
-1.856432
0.403888
-1.273161
1.132406
-0.621766
-0.095613
0.003774
0.244241
0.037014
-0.427111
0.343049
0.466147
-0.765135
0.426368
1.191720
0.705894
0.932375
0.171921
-0.936150
-0.809644
0.319888
0.942764
2.785912
0.981822
-1.170436
-0.767273
2.278517
-0.214389
0.047515
-0.960417
1.565103
0.500333
-0.774601
-0.993825
0.307204
0.044206
0.832110
0.546968
-0.264480
-0.543802
-0.159942
-0.550681
-0.130196
0.016441
-0.897931
0.630680
-0.370428
-0.841884
-0.351607
0.242258
0.083038
0.422118
0.898346
1.304940
0.285486
-1.069402
-0.269111
-1.004318
1.696854
1.987401
0.650311
0.858459
0.250943
0.366056
-1.597454
-0.073932
-0.881153
0.281357
-0.059610
1.946822
0.916628
0.284512
-0.266940
1.676021
-0.029955
0.331674
0.042250
-0.404154
0.036506
-1.961967
-1.547706
0.349631
1.568200
0.348221
-0.720369
-1.442854
0.784527
-0.567195
0.643235
0.389865
0.478300
0.033602
0.383644
-0.119454
-0.635307
-0.963499
-2.385009
-0.181110
1.519378
0.730080
0.227709
-0.734005
0.997339
-0.119309
1.574934
-0.981087
-0.749970
-0.847270
-1.482118
-0.937045
0.103216
-0.712201
-3.856375
1.074273
-1.684094
0.589228
0.031215
2.117373
0.996957
-0.504605
-0.702064
1.502728
-1.475871
0.190880
-0.131120
-0.343226
0.353514
0.189560
0.457401
0.138976
0.417681
0.093365
-0.659427
0.004001
-0.714387
-0.780377
-0.336150
-0.119423
0.035225
0.916379
-0.498464
0.196852
0.118028
-0.608628
0.073741
1.002721
0.186506
0.226584
-0.705328
1.968859
-0.648356
-1.667783
0.860184
-0.114817
-0.303042
-0.545554
1.871715
0.354590
0.549751
0.162616
0.270050
1.398625
-0.250855
-1.456938
0.868055
0.496702
0.107980
0.470753
-0.370744
0.020693
-0.131700
-0.591488
1.189173
-1.412259
2.360882
0.877362
-1.777976
-0.224166
-0.168546
0.391887
-0.989378
0.032025
-0.121119
-0.737618
-0.876752
0.918805
-1.696583
0.477879
0.797510
-0.218558
0.052373
1.163495
-0.704852
-0.601652
-0.495484
1.165326
1.292294
-1.395890
1.006241
0.818908
1.553595
0.385108
-0.044260
1.145217
0.698904
2.244898
0.958708
0.153548
-1.174104
-0.580917
-1.435955
-0.215062
0.926068
-0.003671
1.021725
0.337574
-0.403092
0.087625
0.472097
0.139223
0.150684
-0.769050
-0.432976
2.258461
1.228467
-1.473841
-2.366969
0.076192
0.893473
-0.519942
1.021659
0.059655
-0.163061
0.756115
-0.531876
-0.286706
0.670167
-0.031396
1.908776
0.693825
0.628814
-0.049505
0.874755
-0.322608
0.282378
-0.916293
1.039441
0.290605
1.982513
2.392298
0.763319
0.068425
-0.946065
0.904750
0.210285
0.538035
1.729787
-0.824423
-0.924304
-0.236426
0.821201
0.554867
-0.895689
0.756553
-1.201213
-0.837742
-0.115457
-0.553431
0.889859
0.286378
1.765561
-0.247185
-0.122202
1.210383
-0.090921
1.494005
0.540828
-2.352787
1.177570
0.912727
0.951333
-1.910978
-0.662990
-0.588705
-0.841121
1.741922
-0.011768
-0.036561
0.552008
0.569302
-3.334893
-0.646358
-1.412789
0.400306
-0.288892
0.015388
-2.078520
-0.309852
1.115130
1.409449
0.718863
-1.335465
1.259402
0.724002
-0.117189
-2.025036
0.953595
-0.592166
0.346166
0.068394
1.538395
-0.125367
-0.015114
1.578615
-0.658222
0.814323
-0.198616
-1.002542
0.001161
0.691705
1.353710
1.474694
-0.294764
-0.987249
-0.318739
-1.181531
-0.217386
-0.341665
0.727490
-2.205935
-0.733608
-0.725518
1.187127
-1.113844
0.226657
-0.128128
1.043043
0.595832
0.121244
-0.554667
-1.852342
0.247086
0.530490
-1.574868
-1.233694
0.252330
0.339142
-0.990647
-0.574065
-1.836489
1.377264
-1.299874
0.542259
-0.034961
1.289594
-0.792254
0.061253
-1.698427
-1.938527
0.596334
-1.785026
-0.228218
1.011295
0.746685
-0.664585
-1.588503
0.509495
1.342257
-0.662238
-0.803313
-0.524902
0.571609
1.228518
-1.239607
-1.498282
2.339996
-0.177323
0.252893
-0.691931
0.489962
0.960061
0.299796
1.740858
-0.326745
-0.262882
0.231406
0.464962
0.227947
-1.284415
0.312515
-0.374174
-0.580977
0.032482
-0.961523
-1.135391
-2.615469
1.747237
0.555731
-0.116764
-0.667223
-2.876032
-0.728529
0.715866
0.942174
0.642292
0.158392
1.303874
-0.328537
1.085189
-0.384582
-0.881141
-1.005713
-1.064496
0.659068
-0.742746
-1.033029
0.713735
0.327970
0.962592
0.512600
-0.753112
0.076102
0.125133
-0.919159
-1.104625
-0.680722
2.036582
-0.412744
1.232867
-0.468661
0.888839
0.902492
0.952591
0.387827
1.377367
0.378354
1.713530
-1.619920
0.348286
0.283324
-0.936520
0.579584
-1.490083
-0.654184
-1.999088
1.558627
-0.231549
2.166884
0.802950
0.448098
-0.586228
-1.046350
0.522972
-0.071514
-1.339270
-1.516858
-0.958704
1.820967
2.213278
0.204989
0.148943
-0.336320
-0.934485
1.375179
1.873576
-0.893419
-0.082838
-0.449866
-0.420239
1.185908
-1.311962
0.466470
0.728238
-0.142151
0.893068
0.147652
1.217130
-1.522205
-0.348775
-0.071813
-2.672207
-1.085953
-0.813599
0.948206
-0.706843
-0.818079
0.817486
-1.617911
-2.071244
-0.361592
-1.447707
-1.409679
0.573434
0.875974
0.788864
1.108777
1.241134
-2.128590
0.450412
-0.529608
-0.747424
0.560415
-1.730296
-1.751109
0.633573
0.487786
0.136733
-0.879913
0.743830
0.680303
0.085305
-1.177321
-0.425248
0.837834
1.327191
-0.326537
-0.249673
-0.161689
0.274893
-0.581067
-2.894185
1.192769
1.794689
-0.612400
-1.066653
-0.137101
-0.187504
0.995519
0.054639
-0.792623
-1.318409
0.865634
0.599511
1.060560
-0.968187
1.838437
-1.743695
0.709601
-1.909583
-0.790331
1.561023
0.831364
-0.546220
-0.518837
0.100622
0.514141
1.251579
-0.456234
-1.611785
0.156969
-0.457431
-1.300634
0.297669
-0.213114
0.306512
-0.894444
0.486711
-1.317098
-0.827731
-0.242914
1.741818
0.784825
1.077193
1.417077
3.602832
0.041589
1.420401
1.012635
0.996032
1.774240
-0.419313
-0.498685
0.319766
-0.182700
0.318501
1.562749
-0.478147
-0.304679
0.174311
-0.228318
-1.914006
-0.580128
0.687373
1.437547
-1.154619
-1.159282
0.030234
-2.075595
-0.444970
-1.736042
1.369061
-0.769331
1.652834
1.113521
-0.646317
-1.071960
-0.193546
-0.104647
0.346147
-0.776543
0.746395
0.265328
-0.340395
-0.712041
-0.184885
-0.816901
0.058439
0.085439
0.261707
1.766242
-0.132445
1.004598
0.229587
-0.238244
-0.119159
-0.058826
0.279768
-0.959321
-1.465340
0.654297
0.898124
0.745636
0.154972
0.767225
0.713429
0.787629
-0.859541
-1.096952
-0.388569
-0.017384
-0.241921
-1.876690
1.721693
-0.274046
0.172704
1.244549
-2.344972
-0.511694
-0.387117
-0.336310
-0.173487
1.447135
0.673459
0.958035
0.047120
-1.399373
-2.079697
-1.529408
0.359766
0.031770
-0.210164
-0.368577
2.011722
-0.822904
0.927819
0.001913
-0.060940
1.176638
1.462530
-0.239549
0.799203
0.363891
0.007437
0.204255
-0.688009
-0.306099
-0.580635
0.901377
-0.095201
-1.297714
-0.723437
-3.199265
-0.494493
0.037645
-0.136136
1.980154
0.574906
0.530452
-1.643269
-0.364642
-0.486663
-0.786081
-0.799881
-1.808123
-1.275853
0.874093
-0.142915
-0.506402
-0.005411
1.167391
0.004211
0.540374
-0.846605
-0.618630
0.353977
1.892654
1.429775
0.582828
0.151434
1.401069
0.794678
-2.293662
-1.053931
0.338140
-1.786968
-0.897589
-0.699815
-0.256166
-0.287430
-0.289120
0.825307
-0.265224
-0.384630
-1.349172
1.024346
-0.671498
-1.087030
0.213091
-0.766941
-0.525953
0.258460
-0.326483
2.311609
-0.074829
0.617838
-1.941694
-0.860649
-1.086914
-0.954380
0.415538
1.035565
0.344631
-0.226645
-0.630855
1.113600
2.071255
0.135056
0.939363
0.343370
0.755505
-1.164547
-0.488136
0.395469
1.212491
-0.818134
-2.033299
-0.498264
1.010131
-1.583896
-1.176920
0.155919
-0.115971
0.594467
-1.228727
-0.324979
1.195185
-1.192896
1.476912
-1.067417
0.849382
-0.372959
-1.144908
-0.496899
0.544929
-0.006854
1.118469
1.435740
-1.183031
-1.256269
-1.304794
-0.899196
1.104215
0.560362
-0.545028
-0.011103
1.404305
1.908011
0.259384
-2.659281
0.297287
0.934748
0.224632
0.726515
0.357065
-1.234645
-0.886238
-0.321152
1.065415
-0.765884
0.455903
0.303693
1.586197
-0.041680
-1.754758
0.646870
2.138055
0.712383
-0.787662
-1.081946
-0.952969
2.003312
-0.327327
-0.662643
-0.158437
-0.316907
1.567650
-1.014477
1.180643
0.122092
1.207026
1.582619
0.084798
-0.315064
0.066179
-0.094771
-1.656966
1.552480
0.245785
-1.163099
-2.067523
-2.327599
0.770480
-0.618978
-0.454901
0.488154
-0.516048
0.546524
0.095264
-0.084130
-1.572750
-0.819731
0.602535
-0.682022
1.205370
2.346401
0.656385
1.492832
0.720727
-0.534262
0.200152
2.013321
-0.523554
-1.039327
-1.134194
-0.217529
-1.003472
1.674019
0.216357
0.971726
-0.298665
-1.140197
-1.309394
-0.907992
0.347526
0.519883
0.603196
-1.488673
-0.000409
-1.026062
0.401466
0.479077
-1.172173
0.968030
2.338823
0.834836
-0.162834
-0.316546
-0.209064
-0.760734
0.252398
-1.138463
-1.889698
0.219602
0.021233
-0.571170
-1.282697
0.289744
-0.990175
-0.138944
1.764972
0.651190
-1.369133
-1.274852
0.151819
-1.375321
-2.001725
0.532372
0.320936
0.450598
0.263035
-0.065311
-0.662189
0.516135
1.529884
-0.501229
-1.020740
-1.135119
-0.866730
0.202599
-2.139627
0.439170
0.643913
-1.798078
-0.979180
0.079681
-0.143470
0.519637
-0.141137
1.264770
-0.321169
-0.983033
-1.063442
0.735469
0.029621
0.633716
0.613123
-2.019850
-1.140083
-1.020625
-0.816064
-0.420355
0.999150
1.198482
-0.292891
-0.251281
-0.705434
0.089188
0.202521
0.806476
0.798439
-2.302118
-0.152545
1.384100
-0.438115
1.139242
-0.306452
0.174923
-1.136891
-1.099249
0.725492
0.881818
0.026429
-1.227524
0.043805
1.257235
1.742867
-0.316708
-1.659868
0.840364
-0.275963
0.943041
0.281072
-0.883444
0.058244
1.308338
-0.149154
-1.034805
-1.588644
-0.772165
-0.410136
0.819999
-1.120849
1.553752
-1.337152
2.331486
1.725519
0.141166
-1.647694
-0.055424
-0.386841
-1.274287
0.291010
-0.823643
-0.714906
-0.203679
-0.574909
2.078157
-0.535715
0.440881
0.145522
0.352750
0.429088
0.881361
0.266446
0.224896
0.058477
-0.138418
-0.911798
-0.060868
0.241267
0.402165
0.180285
-0.232955
-0.057080
-0.553647
0.313224
-0.221128
0.180561
1.000803
-0.709359
0.596695
0.033210
2.021194
-0.216300
0.695165
0.015353
-1.388304
-0.520689
0.880471
-0.432694
-2.220256
-0.031403
-1.092336
0.131818
1.551147
0.769457
1.536656
-0.561512
-0.143166
-1.044436
-0.684043
-0.926885
-1.306723
1.365857
-2.091960
1.370139
1.246059
0.499793
-1.114507
-1.582175
-0.548404
0.625120
0.003064
-1.043499
1.148205
1.684383
-0.226599
0.109337
-1.508849
-0.414387
0.510440
0.354857
-0.507668
-0.274244
-0.447211
-0.278465
0.423235
-1.967537
-0.074350
0.349976
-0.570485
-0.479333
-0.450394
-0.479050
0.005884
0.129003
-2.100514
0.652880
-0.289999
1.932963
-1.191648
-0.867315
-0.202909
0.413225
-1.950767
-0.829100
0.591320
-0.948124
1.370026
-0.453884
-0.899373
0.610244
1.607617
0.416396
1.260429
1.676635
-0.921859
0.938391
-1.523471
0.424903
-0.071318
1.242950
1.172251
0.569783
0.298428
0.508369
0.061771
-0.061196
1.442578
1.562890
-0.141659
0.237636
0.081655
-1.611698
-0.336436
1.599704
-0.749776
2.114543
1.172126
0.401498
0.560843
-0.917207
-0.265229
1.441399
-0.614529
1.061132
-1.377040
-1.198158
1.901385
-0.011837
-0.538500
1.362741
1.245822
0.920755
-0.569898
-0.286918
0.311629
0.694399
-0.508484
0.170737
0.267391
1.286770
0.754466
-1.506802
-0.213630
-0.928783
0.568087
0.923153
0.101556
-0.268127
0.069170
0.208919
-0.640100
-1.218711
-2.050139
1.267182
0.496366
0.362511
1.265199
-1.255468
-1.735631
0.384232
0.293271
-1.731307
0.359521
-0.400223
-0.807088
-0.333424
-2.441529
-0.591374
-0.704295
0.557102
-0.158230
0.638869
-2.549539
-0.839098
0.555997
-0.308865
0.845461
-1.804603
0.731111
-0.639139
-0.736197
0.991047
1.161901
1.034700
2.038642
1.266804
-0.795437
0.141638
-0.360198
2.029090
1.104870
-0.188880
0.877910
-1.232198
0.250262
-0.937922
-1.688592
0.784536
0.908591
0.457213
-0.182967
-1.266359
-1.161347
-0.969280
-0.233673
1.076179
1.060404
-1.648568
-0.693233
-0.720161
-2.531583
0.566121
-0.246160
-0.113143
1.345871
0.088309
-0.430730
0.572078
1.058872
0.296468
0.689190
-0.145568
-0.081858
0.113021
-0.753121
-0.568062
1.377880
2.007956
1.592198
-1.323257
-1.419858
-1.190709
0.134387
-2.808725
-0.588802
1.407099
0.982439
-0.509095
-0.433355
0.567242
0.935269
-0.533137
-0.234366
-0.566010
-1.331349
-0.219744
-0.295928
-1.260644
0.646081
0.483321
0.695720
-0.768070
-1.983576
0.467331
-0.664113
-0.890668
-1.257053
-0.275323
1.577327
-0.505450
-1.089803
0.651933
0.172812
-2.119301
0.662346
2.128468
-2.600536
-1.235706
-2.848527
-0.075304
0.990386
0.105501
1.391996
0.830550
1.702147
1.160211
-0.402943
0.066726
-0.868677
-0.230656
0.061832
-0.084907
1.342254
-0.330168
-0.932086
-0.869611
0.655100
-1.403138
-0.201186
1.327500
0.292598
-0.074605
-0.035910
-1.029565
-0.857135
-0.195182
0.271273
0.948150
0.092561
1.352774
1.605198
0.795267
1.224981
-0.990714
-1.149199
0.517973
-1.341210
-0.290372
0.771192
1.413373
-0.254216
-0.649944
0.320462
-1.073543
-0.173279
-0.008000
-0.027984
0.088503
-0.834515
-0.726993
-0.747116
-1.620094
0.341830
0.894657
0.796310
-0.262497
-0.811005
0.744315
0.638923
0.217421
1.744311
-0.026426
-0.256890
-0.399817
-1.560878
0.661340
-0.105485
0.509931
1.841878
-0.390752
-2.338009
0.481070
0.166859
-0.732454
0.397266
0.786096
-0.946610
-0.301332
1.476754
-0.721622
0.066670
-2.624411
-1.481845
0.157517
1.227988
-1.362030
0.074564
-0.375718
0.953088
-1.217803
0.430078
-0.653691
0.223038
0.068931
-0.251779
0.477812
0.043653
-0.132806
-0.356417
0.077598
0.222044
-0.989142
-0.349471
-1.055186
-0.039845
-0.592332
0.770783
0.672727
-0.922749
-0.002307
0.638517
-0.175308
-0.728218
-1.092404
0.854268
0.902713
-0.207948
0.766138
-2.965210
1.327555
-0.156945
0.141777
-0.320518
1.395707
-1.060732
1.474460
0.396271
0.622664
-0.329205
-1.308219
0.930511
0.311408
1.361623
-0.193776
-0.419231
1.388088
1.911894
0.009347
-0.752757
0.810531
-0.254021
0.599263
-0.259276
1.564014
-0.699490
0.480530
-0.488702
-0.281507
-0.412056
0.738608
0.918363
0.557739
-0.107983
0.140180
0.897722
0.929312
-2.690276
-0.272222
-0.224259
0.669253
-0.066771
0.719183
-1.078661
0.260055
0.900206
-1.474383
2.513644
1.190886
0.001353
-0.828408
-0.175085
0.083802
0.440663
1.500661
-0.476098
0.562710
-1.292429
-0.413601
0.376717
0.691262
-0.753232
-0.440792
1.460557
1.161909
0.208457
-2.236645
2.511132
-0.019932
-0.312567
-0.522360
0.376367
0.386583
0.950628
-0.926062
-0.312495
2.030546
0.224591
-0.172524
-0.941618
0.505934
1.031018
0.874588
-0.258801
0.361252
1.671659
1.070882
-0.784163
-2.546005
0.296773
0.798568
-1.089224
-0.008790
-0.263699
0.104286
-0.544696
1.290511
0.147969
-0.879017
0.917462
-1.264188
1.284494
0.991059
1.389775
-0.158246
-0.496114
0.084022
-0.084437
-0.652736
-0.553623
-0.366373
-1.170004
0.677963
-0.052297
-0.308378
-1.110354
-1.160373
1.935914
-0.627257
0.610528
0.162634
-2.775188
1.792451
0.684084
-0.767670
-0.028367
-1.149183
1.826221
-0.907658
-0.523084
-0.729561
0.080379
1.370317
1.789374
-0.398996
0.378259
0.081905
-0.981609
2.422556
1.362760
0.189116
1.581876
1.212107
0.081861
0.325964
1.512126
-0.946154
1.673691
-0.225113
1.524677
-0.005227
0.337606
-0.034308
-0.531844
-0.270055
1.379111
-2.314164
-1.238966
-0.725472
-1.078345
1.509980
1.257677
0.592032
-0.637804
1.335052
-1.588130
2.141983
-0.684630
-0.262035
-0.429344
-1.073107
1.925113
0.788895
1.215471
-1.223669
0.180938
0.521029
0.270757
-1.160373
1.075500
0.121550
-0.954964
-1.855251
0.606667
2.450456
-1.015254
0.170447
1.110497
-1.269652
-0.479957
-0.860159
0.984677
1.325523
0.159036
-0.841734
-0.442791
-0.630499
-0.977269
-0.102038
0.574826
0.490257
-0.008232
0.057054
-0.081551
-1.297212
0.160135
-0.583626
-1.347343
0.370706
-0.611730
0.227754
0.847638
-0.950239
0.092121
-1.810423
1.532533
-1.359066
-0.514820
1.338380
-0.234523
-1.197398
0.713073
0.690532
-0.633186
-0.524927
-0.435409
-0.207024
-1.892971
-0.181424
1.783914
-0.895970
-0.583494
-1.183618
0.612162
1.203197
1.180318
-1.248011
0.499792
1.433750
0.509663
0.478410
-0.471643
0.220110
1.236318
0.328209
-1.248275
-0.456042
1.209280
0.324743
0.119062
-0.554016
1.188599
1.662413
1.263189
1.442592
-0.358706
-0.500169
-0.156345
0.038573
1.431020
1.165887
0.538469
-1.431187
-1.688022
0.240463
0.880263
-0.079567
1.914904
-1.082441
-1.208352
-0.664281
-0.702297
0.526286
-0.421712
-1.547840
0.891578
-1.759952
-1.071218
-1.622707
0.207121
0.186048
1.916454
0.913827
1.441646
0.288610
-0.976932
0.128108
0.592421
0.703807
-0.472412
0.488786
-0.933028
-1.043278
-1.115785
0.024626
-1.177836
-0.424744
0.902917
-1.029130
-0.504312
0.071631
0.246887
-0.499291
0.786860
0.590452
1.139857
-0.081602
-0.512819
-0.682632
0.307028
-0.377156
-0.569170
-0.448287
-0.683690
0.199021
-1.412583
0.303016
0.676549
-0.580879
1.922037
0.017621
-1.561343
-0.281243
0.062656
0.448968
-0.257431
-1.011570
-1.094981
-0.653599
-0.557775
-1.134974
-0.732813
0.659459
1.648413
0.755462
1.305861
0.974118
0.833130
-0.337796
0.140911
-0.420619
-0.219107
0.068167
0.713566
0.423323
-0.161829
0.055539
0.433464
0.667394
-1.518995
-1.077389
1.107311
-0.060870
-0.424077
-0.263499
-0.263705
0.557938
-1.108016
0.024778
0.246118
0.396268
0.222864
0.515906
-0.572696
-0.941803
2.457005
-0.301265
-0.184454
0.677840
1.596089
-0.544528
-0.998815
-1.242153
1.593106
-1.038107
-0.027556
-0.977285
-1.448356
-0.292375
-0.937787
-0.691628
2.006105
0.424896
0.931470
0.824660
-0.100861
-0.439718
0.248935
0.168451
-0.568805
0.129848
-0.706330
-0.171458
-0.335283
-1.268873
-2.351158
-0.939063
1.804105
-0.309682
0.775968
-2.124445
-1.008286
-1.354490
-0.202300
2.421956
0.460239
1.695613
-0.254437
1.364869
2.073257
-0.109369
-0.539265
-1.317811
-0.309060
0.081897
2.030954
-1.294974
0.059662
-1.814308
-0.426763
0.311395
0.512583
0.589023
0.397404
0.580422
0.045739
-1.047866
-1.851657
-0.546688
-0.134615
1.253932
-0.100602
-0.196569
0.385527
-0.270012
0.810542
1.979334
2.190785
0.097041
0.336892
1.578856
-0.149962
0.679192
-1.135160
-0.310839
1.156115
-0.718196
-0.128051
-1.574210
2.005768
1.263028
0.188100
0.507513
0.395898
1.384312
-0.518800
0.732268
1.077417
1.215326
-2.259371
-0.599274
-1.019171
0.149588
-2.016030
-2.045623
2.170095
0.617689
0.121009
0.363673
0.146341
0.997351
-0.632444
0.186615
0.227421
-1.046858
1.276983
-0.445677
1.017422
0.114913
1.633585
-1.041379
-1.084759
-0.905696
0.133296
1.541468
1.593094
-2.309969
0.249707
-3.212954
0.795032
1.118169
-0.040244
0.083982
0.073639
-0.784442
0.431706
-0.231408
0.930292
-0.113627
-0.861023
-1.535865
-1.864065
1.312509
-0.457789
0.338574
1.783230
-0.562804
-0.627477
-0.132162
0.029433
1.887551
1.565821
0.620875
1.449414
-0.178219
0.299165
-0.301514
-1.290368
1.203875
0.531699
0.018073
-0.002468
-1.506215
-0.977475
0.336153
-0.529113
-0.217713
-0.104656
-0.682469
-0.967918
-1.612358
-0.146518
0.618609
-1.643634
-0.024048
0.281143
-0.989580
1.422142
-0.385715
-0.101260
-0.161270
-1.770774
1.008752
-0.955519
-0.236521
0.597661
1.460903
-1.079932
-0.446484
1.382419
0.463714
0.671171
-1.051132
-0.379210
-0.167835
-0.857895
-1.674570
-0.510499
1.354288
0.059173
1.374291
0.179021
-0.764708
1.277619
0.212326
0.961839
-1.068328
1.038756
1.068889
0.289767
-0.806922
-0.046009
0.611291
0.234570
0.601083
1.012246
-0.648447
-1.155076
-0.037539
-0.329743
0.785846
-1.074498
1.020382
1.353612
0.000305
0.060736
-0.767546
-0.542661
-0.408337
1.442940
-0.071871
-1.322173
0.255354
0.826290
-0.025411
1.469213
0.777509
-1.049129
-0.551433
0.226226
-1.666189
0.336357
-1.761582
1.023433
0.907274
0.504781
-0.675878
0.170203
-0.513377
-1.030815
-0.338743
0.698266
0.043814
1.450710
0.765781
0.658691
-1.608927
-0.285159
-1.064372
-0.183003
-0.693276
-0.377605
1.061163
0.475250
1.007114
-1.600683
0.057975
0.966705
1.506296
-1.548088
-0.351484
1.034227
-0.192278
-0.910418
-1.549999
-0.948702
-1.688902
0.058460
0.896310
-1.260975
0.257730
0.845271
-0.002708
-1.610694
0.386212
-0.054647
-0.156505
-0.546837
0.086787
0.509818
2.390648
0.112332
1.511141
0.357755
-0.099528
0.148548
-1.221736
0.305860
-1.992065
-0.862666
0.109843
1.193982
1.430624
-0.236547
0.155717
0.984362
-1.329494
0.404748
-0.827893
-0.171825
-0.459023
0.435358
0.550304
0.891079
0.348199
0.171654
1.854024
-1.524359
1.695610
-0.289822
0.570892
-0.325660
-0.702542
0.484577
1.042128
0.473008
-0.542116
3.611350
1.198574
0.933342
-0.352964
-0.625166
-0.279839
1.081407
-0.990604
-1.068204
0.539548
0.319196
-0.770314
-1.091204
1.437897
0.357004
-1.363536
-1.293626
-0.361512
0.732842
0.595009
1.131679
-1.490350
0.223847
1.425910
1.332802
0.358910
2.348018
0.609285
1.042747
0.044448
-0.780975
-0.875209
0.181615
-0.211502
-1.768586
-1.025794
-0.318404
0.727279
-0.016074
-0.072064
-0.986913
0.023166
1.319101
0.155575
-1.507314
-1.251523
0.588789
-0.224315
-0.074580
-0.612734
0.503412
-0.300918
-0.186613
-0.851223
0.921691
-0.221133
0.607880
-1.193592
1.733883
1.277374
-1.909798
-0.801937
0.477634
-1.319729
-0.131594
0.426632
-0.184726
0.538839
-0.693330
-2.244182
0.982115
0.975815
2.503637
-2.207186
0.750832
-1.968682
1.756493
0.487867
-0.951929
0.780222
-0.553045
0.300416
0.205961
1.744168
1.814926
-0.597265
1.058106
0.354840
-1.412682
-0.696228
2.336146
0.357854
0.999780
-0.212044
-0.539942
0.027265
-0.266104
-1.493253
-1.003325
0.707884
-0.380691
0.025705
0.234923
0.313050
1.146579
-1.098696
0.570253
0.755028
0.985852
-1.412918
0.254819
1.716076
-0.099121
0.483495
0.780396
-1.025470
1.833825
0.499501
0.519503
-1.662027
0.794545
0.506410
1.624191
-0.311265
-0.987658
-0.682239
-0.504978
-1.118847
1.290160
1.327698
-0.195792
-0.392760
-1.815482
0.695961
1.653440
-0.637195
-0.116785
0.434291
1.724418
0.199776
0.195430
0.179319
-1.425032
-1.446791
-0.807995
1.012891
-0.335357
-0.529604
-0.547175
-0.137657
1.702108
-0.151197
-0.786297
0.025246
1.755084
-0.502825
-1.181005
-0.500991
0.128764
0.688241
1.006884
-1.045717
-0.950845
-0.323262
0.684493
-1.260008
-0.607327
-0.592744
0.941749
0.528261
0.903718
1.338678
-0.305650
-1.187406
-1.180964
-1.838108
-0.458767
-0.384223
0.787553
0.016914
-0.490328
-0.115999
-1.038973
1.025407
-0.785916
-1.139931
0.817882
0.574164
-1.723685
0.855002
-0.741593
-0.374105
0.187020
0.586625
0.445479
-0.049818
-0.424643
0.412221
-0.118388
1.805354
0.586409
-0.923416
-0.477600
0.048192
1.299431
1.411105
-0.396135
-0.933634
-1.061498
0.252429
2.303784
0.539094
-1.593912
-0.726004
-0.623914
-0.822003
-0.387894
0.369395
0.681981
1.091763
0.524203
-1.954150
-1.057305
-0.158094
0.147280
0.861418
0.043184
0.050707
0.237797
-0.255022
0.086885
1.125832
-0.083911
-0.030213
-0.033585
1.297774
-1.108053
1.775847
-1.176382
-0.654220
0.744738
1.030317
-1.403499
-1.092702
0.277843
2.344419
1.246263
-0.248097
-2.419129
0.081643
0.362297
-0.382695
-0.850724
0.159165
-0.942261
1.872449
1.516745
0.657913
0.089711
-0.660164
-0.020787
1.639297
0.868654
0.203692
0.923974
0.545611
0.396278
0.980563
0.517028
0.858551
0.161387
-0.254126
-0.548163
-0.667310
-1.605170
-0.911940
-0.940854
-0.507345
1.562244
-0.157562
0.241767
0.273320
1.587581
-0.575585
-0.222522
-0.106199
1.136535
1.344106
0.474584
1.232909
0.177661
-0.172603
1.178724
0.487618
-0.735531
0.997421
-0.208493
-0.330824
0.893004
-0.088832
0.388959
0.661940
-0.782943
0.384851
1.349473
-0.956467
0.449909
-0.829468
1.021398
1.011906
-0.354322
2.209629
1.106625
0.706929
0.650611
0.983927
-0.995642
0.194608
0.383190
-0.400136
0.464795
1.231694
-0.421769
-0.054424
-0.820585
-1.786989
0.778932
-0.025734
0.047579
-0.986774
-0.185504
1.096594
0.000821
0.029184
0.207528
-1.236382
0.624920
-1.255198
-0.939616
-1.049215
-0.175225
-0.352453
-0.001225
-0.905256
1.005495
0.834028
-0.173814
-0.478367
-0.579358
-0.310145
-1.400245
-0.959607
0.860120
0.301812
1.634274
-0.299195
-0.361513
-0.407899
-0.319164
-0.659954
0.270988
0.029104
-0.509915
1.251149
1.896583
1.166577
0.558124
0.761770
1.856416
0.760319
-0.585186
0.392273
0.626244
-0.994717
-0.284931
1.100392
-1.823493
-1.250429
-0.176407
0.353680
-1.357632
-0.126789
1.153769
0.068651
0.939089
-0.592114
-0.809917
0.848874
0.369266
-1.185596
-0.800841
1.564581
-0.924555
0.934329
-0.478187
-0.003176
0.294593
-2.100981
-1.462717
0.086333
-0.724308
0.996581
-1.606121
0.565255
-1.376221
-0.352105
-1.064378
1.902430
-1.339492
-0.122060
-1.726836
1.599570
0.401282
0.136973
1.474313
0.147422
0.219571
0.131725
0.563634
-0.492441
-0.214287
0.810335
0.277373
-0.114244
-1.400522
1.498050
-0.661454
0.987237
0.175754
-1.293450
1.252275
0.254541
1.335345
-0.182409
0.704051
-1.762527
-0.500216
-1.272993
-0.374784
0.471812
-0.604580
0.863842
-0.856613
0.885237
1.309757
1.013526
-0.344189
-2.125454
0.582167
-0.125235
-0.978393
-0.556279
1.434425
-1.137340
0.468309
0.217958
-0.357388
0.644533
1.632245
-0.295972
-0.243181
0.622065
0.918243
-0.127707
-0.305374
-2.217647
-0.778009
-1.139312
0.684625
-0.243903
-0.283022
-0.009056
-0.870176
1.553247
1.298194
1.618107
0.683417
-0.029478
1.614729
-0.680967
-0.871209
-0.601512
0.522871
-0.762105
-0.155373
-1.601855
0.481098
-1.517103
-0.932161
1.217167
1.180318
0.374313
0.275664
-0.530960
-0.772904
-0.362242
-1.513654
0.252449
0.048831
-0.933421
1.568682
0.606914
0.691842
-0.487340
-0.001330
0.627373
0.152782
1.601901
-0.203788
-0.504561
0.634253
-1.264647
0.924297
-1.300712
0.638585
-0.648274
0.476584
0.907343
0.153421
-1.199621
-0.896775
-0.728659
-1.895007
1.127478
0.110108
-1.135518
1.455675
-0.701328
0.250573
-0.825271
-2.018260
-1.364441
-0.448490
0.898297
0.346533
0.140205
-2.010028
1.270086
0.223680
-0.119418
1.132423
1.247497
1.154590
-0.247086
-1.003477
0.988923
-1.365054
1.947257
0.028000
-1.060884
-1.231869
-1.277605
0.140363
-0.006392
-1.235922
-0.356456
-1.367935
0.589302
-0.054593
-0.378403
-1.288111
-0.300156
-0.414728
0.317727
0.167018
0.792060
-0.484577
-1.860412
0.991093
-0.936033
-1.106917
-0.043117
0.302271
-0.530836
-0.538693
-0.391026
1.416540
-0.002678
-0.967963
-0.957783
-0.250884
0.237858
0.483980
0.124159
-0.841873
-0.423941
0.733908
-1.146092
-0.465753
0.597463
0.875281
-0.192915
-0.411207
-1.322118
0.525640
1.318780
2.565154
0.386446
-0.050880
-0.919811
-1.878857
0.176959
2.350339
1.270812
1.116564
0.245603
0.359523
-2.423747
0.762511
-0.579341
-0.701727
-0.323257
-0.357004
-0.717636
0.013872
-0.558278
0.100323
-1.487178
-0.214058
-1.096296
-0.641449
0.143399
-1.603998
-0.822407
0.568964
-1.413178
1.777867
1.204408
-0.494527
-0.787210
0.201940
-1.447462
-2.002143
-0.459335
-0.134049
0.094427
-0.614741
1.273947
-1.495140
-1.138262
0.486636
-1.161647
-1.200320
0.123355
-1.053523
-0.133084
-0.699857
-0.861664
-2.102305
0.139563
-1.247190
-0.168242
-0.512105
-0.206508
-0.149675
0.193628
-0.727759
1.242697
-1.847400
-0.226591
0.836231
0.476773
-0.974836
-0.808245
-1.006793
0.599228
-0.739924
0.255123
0.264301
2.368393
0.313251
-0.811144
-1.460150
-0.275853
-0.119086
-2.210700
-0.713854
0.297353
-0.532356
0.968624
-1.558356
0.676883
0.913890
0.956496
-1.565856
0.314553
-0.668754
-1.406142
-0.413868
-0.904978
0.920750
0.513063
-1.152444
-0.724221
-0.380697
-0.072405
1.006378
0.690782
0.051392
-0.260649
-1.773354
1.291998
-0.447097
1.554840
0.196109
2.025284
0.606322
-1.432020
-0.614415
-0.169135
-0.873783
-0.377061
-1.366939
0.005721
0.237412
-1.004109
1.940254
0.063513
-0.816741
-1.629539
0.059943
-0.260489
0.783041
-0.143370
-1.193719
1.670718
0.435625
-0.254109
0.164639
0.474042
-1.428857
0.157694
-0.450123
0.507300
-0.740182
-0.604702
1.662871
1.230912
-3.295561
1.156762
-0.073652
-0.708182
-1.007175
-0.949118
-0.679936
-1.127133
-1.354600
-1.040380
0.323394
0.050090
0.555856
-0.066370
-1.306679
0.494441
-1.004689
0.646614
-1.165920
-0.687477
-0.361392
0.674405
0.175997
0.020001
1.885669
-1.836983
-1.038378
-1.081188
-1.770652
-0.719519
0.687769
-0.591647
-0.333003
-1.722555
-0.796526
-0.461699
0.642400
-1.674916
-0.455009
1.086818
-0.445083
-2.115561
1.279176
0.734897
0.869397
-1.743784
1.512456
-0.773276
-0.509439
-0.702777
0.946937
-0.179798
0.481741
0.075901
-0.095042
-0.946784
1.812141
-1.463394
0.412254
0.376657
1.154356
1.388090
-0.137389
0.530394
1.764874
-0.065177
-1.066433
-0.384468
-1.304646
0.371817
1.064456
-0.121041
-1.620960
1.021651
-1.776299
-1.545955
-0.178338
0.251785
0.422247
-0.066140
1.760044
0.065168
1.034668
0.786955
-1.292874
-0.169730
2.123321
-0.504351
-0.674621
0.170576
-0.468520
-0.793705
-0.483283
1.432010
-0.136619
-1.328075
-1.511747
2.206805
-0.223334
0.434579
-0.771377
0.320986
1.459330
-0.652263
0.458587
-1.405746
2.022866
0.268536
-0.412794
-0.297874
-0.510038
-0.458905
-2.447495
-0.097966
-0.139879
0.488662
-0.523144
-0.771036
-0.007775
-1.612368
0.143423
-1.861819
1.120819
0.684270
-0.926186
0.661138
0.111514
-1.009010
-2.022876
0.316436
-0.794282
1.094970
0.014034
-0.699583
1.797839
0.576446
-3.655087
-0.486392
-1.384089
-0.799798
-0.144732
0.354049
0.261366
1.077873
0.636598
0.574747
0.201492
1.286799
-0.316277
-0.290303
-1.905573
1.056164
-0.076926
2.933606
-0.405533
0.088578
0.546505
-1.101900
0.358548
0.034661
-0.303688
1.172604
-0.903749
0.274902
1.454664
-0.706622
-0.296886
2.345304
0.474391
-0.506197
0.802625
-0.568094
-1.564916
1.372364
-1.103059
2.451713
-0.489332
2.133265
-1.368671
1.025494
0.499726
0.837746
0.968023
-0.497745
-1.308844
-0.050918
0.223030
-0.471845
0.277554
0.329626
-0.910026
0.394971
-0.267212
-0.699981
0.787375
-0.776991
-0.456668
0.072051
1.374312
0.192784
0.528288
-0.297643
-0.078490
-0.048877
0.293306
-0.295968
1.340000
-0.373166
-1.707241
2.742797
-0.327369
1.313170
1.404791
0.945214
-0.198027
0.286685
-1.274510
1.990148
-0.851806
-0.253901
0.098986
-0.107440
-0.656873
1.394339
0.950279
0.322047
-0.399553
1.064276
-0.464469
1.570392
0.111221
1.229782
-0.113820
0.071533
1.225421
2.193925
1.560367
0.877135
0.589283
-0.506949
0.295230
-0.913049
0.375782
0.440051
-1.960845
0.038739
0.414875
-0.083710
0.358049
-1.341722
-0.775864
1.034938
0.000572
0.339879
-0.546521
0.019494
-2.302012
0.846012
1.807933
-1.065018
-0.940332
0.440880
1.473879
-0.002097
-1.229318
-0.208617
-1.029932
-0.668846
-0.304041
-0.929325
-0.777906
0.074534
0.215036
-1.423980
0.396382
-0.381934
0.720262
0.780497
-0.544541
0.614148
-0.836956
1.323762
-0.799136
0.352750
-0.187609
-1.016894
0.900916
-0.614132
-1.700072
-2.882013
-0.875045
1.375908
1.257738
-0.718598
-0.374455
-0.464913
-1.333432
-0.948832
0.981149
0.503888
0.273089
-1.335147
0.100703
-2.303845
0.842803
0.258575
-1.345232
1.616426
-1.796165
0.530306
0.555172
-1.239670
-0.037851
-1.636828
-2.846374
-1.067876
-0.616625
0.644256
0.067408
0.093545
-1.014422
-0.530011
-0.929927
-1.224974
-0.593699
0.074512
-0.572639
-0.323503
0.694915
-0.500754
-1.333967
0.563453
0.265850
0.328660
0.625839
0.456642
0.028729
2.391453
-1.284969
-0.586417
0.967334
0.142586
0.757923
0.169756
1.374057
-1.007511
1.342460
1.170997
-1.210289
0.630665
-0.043040
-0.606582
-1.888619
-1.010814
0.708112
0.813841
-0.210710
0.816985
0.945260
0.154640
-0.722334
0.441054
0.486985
0.673944
0.865403
-1.362165
-0.509929
-1.898621
0.746996
-0.212311
0.430814
-1.475679
1.400981
-1.194339
0.774563
0.117950
-0.189443
-0.270160
-0.638063
1.295196
0.012613
-1.269222
-0.383960
0.128339
0.897805
-0.604620
-0.537777
0.023432
0.873425
-1.368755
0.505355
-0.464063
-0.324433
2.001576
-0.196469
0.754694
0.718914
-1.180024
-1.845394
0.820982
-1.083546
-1.664183
1.026162
-1.019427
-0.772518
1.974373
-1.659735
-1.256286
-0.459698
-0.240257
-0.893745
-1.158655
1.509994
0.262986
0.585169
-0.137225
0.289455
0.932902
-0.996299
0.264836
0.696042
1.544797
1.947891
0.069860
1.138639
-2.670168
1.552283
-0.725884
-0.241097
0.441104
-0.153442
0.196453
1.587693
-0.384220
-1.086924
1.813464
0.526764
1.922239
0.863630
-1.323594
0.645385
-0.983948
0.007432
-0.075714
-1.617664
-0.812810
2.205187
0.238377
-0.175596
1.812890
-0.396235
-0.091420
0.990803
-0.400736
-0.746521
-2.253757
-0.936498
-0.946028
0.158567
-0.610458
2.158019
-1.057629
1.400647
0.219753
0.806774
0.746020
-2.218235
-0.011553
-0.262228
-1.132978
0.459626
1.716540
-2.673004
-0.534470
-1.245766
0.071778
-0.325621
-0.605677
0.689507
1.636181
2.661319
-0.739629
-1.820876
0.559196
1.610485
0.813690
1.606347
-0.225487
-0.609574
0.115436
-0.330553
0.663094
0.969768
1.048084
0.510593
0.245822
0.794427
-1.962992
0.210571
0.052478
0.213080
-0.087624
0.431855
-0.574603
1.129523
0.473650
0.150686
-0.697517
0.815317
0.206660
-0.755483
-0.056662
0.629083
0.551574
0.487009
0.092531
1.025820
1.237797
0.737323
-0.587451
-1.058062
-0.543940
1.953657
0.281696
2.126442
-0.120198
-0.258814
-0.074057
-0.092174
-0.773651
-1.148848
0.501337
1.054901
2.444981
-0.433713
-0.352656
-0.771229
1.125727
0.814987
-0.876935
-0.902198
0.952515
0.383196
0.758389
-0.882768
-1.877725
-0.874965
0.687767
2.111058
-0.429464
2.275856
0.829820
-1.393032
0.214034
0.863974
-2.425483
0.644451
1.172721
0.398868
-0.061721
-0.172927
-0.231322
-1.175980
-0.687524
-0.416594
0.113494
-0.556815
-0.869129
0.759771
0.370614
-0.539230
0.506278
-0.453158
0.063065
0.975044
-0.603741
-1.172412
-0.145135
-1.363465
-0.277449
-0.280637
-2.463684
0.530635
-0.182690
1.181896
0.215532
0.735609
1.190039
-0.131717
-0.000823
-1.573543
1.239538
-0.145697
-1.005731
0.739722
-2.179781
-0.429274
0.908311
-0.437722
-0.717922
-0.416155
-2.009929
0.715478
-0.122886
-0.272325
-0.268669
0.014080
0.653437
-0.052064
-1.361637
0.575516
0.498570
0.205527
1.075241
0.030379
1.111376
1.407211
0.582313
-0.747934
-0.130786
1.238856
-1.497628
-0.391954
-0.342965
-0.865211
0.872879
0.376815
-0.711058
0.605513
-0.158416
-0.890195
-0.712918
0.436051
0.939010
-0.486768
0.544441
1.581754
-1.258871
0.355670
0.830656
-0.095150
1.238283
2.198837
0.343355
-0.233590
0.976983
0.842069
-2.518831
-0.002736
-0.394599
0.396706
-0.193658
-0.085176
-0.863213
0.734529
1.655042
-0.847672
-1.397055
0.020003
-0.028656
1.170933
-1.229195
-0.537955
-2.147703
1.374984
0.250545
-0.463433
-1.322271
-1.230476
0.414267
-1.107425
0.104005
2.042945
-0.347588
-0.961444
0.382007
-1.225792
1.719985
1.403620
-0.164172
-0.897293
-0.425770
-0.295666
0.383567
1.039632
-1.036513
1.010910
0.617686
-0.507789
-1.086712
0.116233
-1.059588
1.023681
-1.123883
0.547706
-0.080616
-0.560625
-0.102832
1.079983
-1.192257
-0.412157
-0.751744
-0.038617
-0.684681
-1.768081
-1.055138
1.637755
0.246728
0.212362
-0.282612
-0.051625
-0.429812
0.526929
0.100809
-1.171268
0.253725
-2.458742
0.413859
-1.409357
-0.096055
-1.194628
0.002823
0.578279
1.502827
-1.541358
0.975473
0.131153
-0.450667
0.759857
-0.235925
0.717530
-0.992270
-0.632997
0.943600
1.485401
-0.035032
-2.787289
-0.199049
0.032426
-0.232773
0.336339
-0.476910
0.838871
-1.166713
1.236849
1.550079
-0.913060
-0.913600
0.410695
-1.187220
-0.492603
1.102527
0.737607
1.980196
0.170784
-0.610838
0.051244
-0.150588
-0.136557
-0.023804
-0.931767
0.282218
-1.408663
-0.716827
-0.118879
-2.259553
0.768992
-2.053154
0.669588
-1.292809
-0.404919
0.519131
2.198139
0.116452
-1.982626
0.953695
-0.231918
0.069907
0.557863
-2.225378
0.006537
-0.409694
1.221835
0.727114
-1.627002
1.262626
0.449525
-1.547242
0.055753
1.034826
-1.214044
1.377577
-1.512629
-0.791227
-0.942871
1.376934
-0.491016
-1.162817
0.445211
0.661181
0.667536
-0.271339
0.254534
-0.650233
1.674802
1.144205
1.082957
0.794116
0.519733
-1.244362
0.633301
0.114265
1.263364
0.807419
0.550380
-1.684225
-0.089001
-0.557892
0.252366
-0.415548
-0.275946
0.459034
-0.432138
0.121592
-1.519412
-0.832401
0.656044
-1.230192
1.245725
0.974399
-0.268230
2.998734
1.243104
-0.949279
0.746174
0.065863
-0.776712
-1.069909
0.994893
-0.597945
-0.101876
-0.921026
-0.748158
-0.126929
0.388182
-2.588359
0.016920
-0.746121
1.402363
2.942753
-0.359279
-1.722229
0.116877
-0.205429
1.971351
1.666589
0.865375
-0.586694
0.677767
0.265006
0.241323
-1.558230
1.061795
0.107808
-0.100841
-0.600156
-0.793616
0.317259
-1.749163
0.789499
-1.054105
-2.058681
1.821895
-0.858087
-0.722159
1.134538
1.854431
-1.533002
-0.956168
-0.882679
0.934802
1.639132
-1.080253
1.414745
-0.709034
0.336123
-1.271454
-0.121930
-0.111113
-0.315158
0.384971
-1.007031
-0.883723
0.437872
1.342035
-0.022814
0.503671
0.758080
0.830505
-0.953525
-0.777010
-0.690075
1.928634
0.508193
0.463316
0.366236
-1.320793
1.938190
0.479188
0.723160
-1.765521
0.779644
-0.356212
-1.322783
-0.953764
-1.264894
-1.281784
0.060548
-0.386763
0.334069
1.675976
-0.129504
-2.244889
-0.241958
1.193394
-0.085939
1.529331
0.452942
-1.838270
0.109582
0.297001
1.080356
1.819637
0.907726
0.440480
0.676188
-0.168007
-1.462878
0.041496
0.365290
-1.203658
1.326622
1.005411
-1.371761
1.365832
-0.308314
-0.778492
1.079278
-0.051054
1.899185
-0.852888
-1.731658
-0.280438
0.789222
-0.927143
-1.330100
0.228927
-1.463687
0.306693
-0.340623
0.494466
-1.383829
1.298163
-0.183034
0.763523
0.959875
-1.157445
0.882258
-1.425067
-1.370138
1.963999
1.111853
2.073664
-0.370214
0.102429
0.527355
-0.012196
-0.746136
-0.896085
0.213862
-1.066860
-1.094864
0.393572
-0.095159
0.937206
-0.424911
-0.581256
0.423553
-0.812025
-0.658128
-0.618454
-0.209702
1.772436
-1.376789
1.295508
0.737787
1.566979
3.136686
1.431453
0.925667
-1.312496
-1.186222
0.360190
-1.698076
0.615439
-2.134922
1.152233
-0.321700
0.126597
-0.748372
-1.898526
1.234695
1.335701
-0.351488
0.661930
-0.390891
0.288490
0.759139
0.555085
1.340970
0.518881
0.028085
-0.761419
-0.478505
0.810051
-1.501827
1.105807
-0.281144
-0.818606
-1.098724
0.674368
-0.014641
1.588765
-1.263076
-0.578164
-0.092221
-0.751857
0.006119
0.319501
0.484484
1.506167
-1.303472
0.337760
-0.646943
0.430013
0.431332
-0.986919
-0.901152
0.511643
0.023405
-0.219622
0.657987
0.731718
-0.529630
-0.852053
-1.261919
0.033454
-1.423160
0.099428
1.216837
-0.353460
-0.536204
1.997845
1.509702
-0.764598
0.139013
0.328678
0.203660
1.814673
0.087230
0.237235
0.688662
1.189920
0.936899
0.538085
-1.558700
-0.488138
0.819421
0.250399
0.826129
1.887166
-1.176963
1.137910
-0.330363
0.935350
-0.041221
2.127005
0.130087
-0.640514
0.419875
0.323943
1.138097
0.448053
2.475065
-0.111404
-0.099620
-0.603886
0.085668
0.231059
0.281211
0.067188
-0.609821
-0.881665
-0.375174
1.141538
1.356800
-0.076965
-0.941583
-0.081174
2.091666
0.998968
0.550743
0.962685
1.540567
-1.152866
-0.392040
-0.528722
0.587114
0.160111
0.756311
-0.506887
1.371952
-0.069334
0.694546
1.195407
1.115124
0.360828
0.819347
1.741661
0.513601
-0.729646
0.583051
-0.037281
-2.348001
0.461998
0.116651
1.156418
-0.750094
-1.505710
0.168681
0.380177
0.093833
0.020709
-1.068727
-0.138917
-0.348406
1.072709
0.379325
-0.277997
1.723885
-0.268908
0.557787
-0.166921
1.631153
0.086860
0.116414
-0.139870
0.196512
1.199538
0.845844
0.028076
1.701325
0.872986
-0.438181
-1.380348
-0.415014
0.413349
0.597200
1.359138
-1.094546
-0.439155
-1.177643
-1.338799
-0.627819
0.366612
0.771394
-0.948354
-0.809276
-1.779823
0.214352
-0.732139
1.663031
0.409809
-0.171446
-0.641112
-1.494670
-1.367872
-0.622141
-0.698903
-0.999172
0.377095
0.514266
-0.458632
1.935152
-1.746729
0.058164
-0.218580
-0.550701
-0.697663
-0.006960
-0.225528
-0.391877
-1.298720
-1.618112
-0.288516
-0.402096
-0.197037
-0.108622
-0.522502
-0.212407
-0.853528
1.523946
-0.799740
-0.370981
-0.723789
-0.740582
0.024642
-0.102234
-0.459460
-0.283476
-0.719814
0.401726
2.055193
-0.874841
0.393963
0.044949
0.668630
0.696793
0.205413
-0.039821
-0.434450
-0.764960
-0.096846
-1.284589
-0.593856
1.106854
0.098512
0.892664
1.469644
-0.177029
0.207326
-0.301846
-0.812606
-0.952968
0.843150
0.208627
1.846603
0.972052
-0.731213
0.840342
-0.305076
1.216860
-0.486334
-1.052426
-0.795755
-0.744665
-0.840252
-0.572608
0.856692
1.796044
-1.330189
1.263513
-0.477704
0.347883
-1.654146
0.524035
-2.005312
0.313935
0.257256
0.191008
-0.734910
0.549527
0.391082
-0.209953
0.671850
-0.095604
0.528777
-0.125879
0.216702
0.574723
-0.397913
-1.233837
0.276079
1.189391
0.299151
0.318142
-0.042176
0.739119
-0.185935
-0.453899
1.105298
-0.530538
0.889471
1.105935
0.566817
-1.249236
0.027155
-0.202000
-0.495999
0.142752
0.769206
-0.458553
-0.171383
-0.241059
1.163871
-0.257101
-1.234406
-1.573435
0.362730
-0.760682
0.668724
-1.331220
-0.538912
-1.330569
0.434611
0.648848
0.338625
-1.085936
-0.745764
0.234314
-1.687741
-0.241135
1.516905
-0.179956
-1.488545
-0.607409
-0.630692
2.140309
1.665679
0.730935
-0.343076
1.200630
-1.133460
1.076575
0.927974
-0.151346
1.139186
-0.447221
-1.265086
0.977965
-0.085243
0.601781
1.820887
-0.722254
-0.143380
1.569635
0.668732
-0.699783
-0.955018
-0.528081
-0.738415
0.237348
0.078435
0.279238
-0.840813
-0.070834
-2.055700
0.145006
1.175441
-1.424746
0.483428
-0.611014
0.802501
0.158647
0.404704
0.064824
1.328332
0.347410
-0.705424
0.098715
-0.368881
0.162400
-0.419770
-0.676811
0.199272
0.055790
1.063956
-0.414956
-1.980854
-0.363871
-1.626431
0.415672
-1.673898
-0.988371
-0.362334
1.543951
-1.072890
0.012405
0.579977
1.484061
0.777795
1.093907
0.864307
-1.209123
0.359692
0.848661
-0.956500
-0.579760
-0.803192
0.772623
-0.069281
-0.320846
-1.281670
-0.067394
-0.567588
0.243340
-1.142967
0.177906
-0.438951
-1.249297
-1.327284
-1.177020
-0.206399
0.120995
0.269824
0.307553
-0.758523
1.058403
-0.442226
0.450150
-0.164155
0.375621
-0.214328
0.393635
-0.007389
0.813841
-0.818685
-1.769891
-0.973357
1.068918
-0.154559
0.092062
-1.053637
0.065554
-1.022813
-0.875781
-0.402484
0.445097
0.551848
0.579045
-1.588084
-0.006665
-0.196782
-1.532182
0.015984
-0.250427
0.511526
0.081247
-0.549321
0.925762
-2.221234
-0.064265
-1.763251
-0.912193
0.524814
-1.274197
-1.423718
2.381945
-1.359289
1.650521
-0.172202
-0.524829
0.566786
1.336594
-1.146068
-0.510250
0.846870
0.287994
1.101918
0.515112
1.808224
0.178589
0.221811
0.321721
-0.142489
0.848087
0.237041
0.788180
0.944500
0.428455
0.501716
-1.010330
-0.550354
0.843383
1.423631
-1.940430
-0.567863
0.023621
-0.879274
-0.822520
0.474920
1.581376
-2.031824
-0.170476
0.463280
0.780214
0.319127
1.761403
0.028907
1.311993
-0.646368
0.057983
-1.212715
0.900864
-0.120443
0.357821
-0.313369
0.586429
0.397434
-0.994651
-0.936767
-0.027769
0.659574
1.862896
0.302991
1.007531
-1.612851
2.012956
0.605686
-0.049605
-0.164696
-1.107200
-0.821287
1.910436
-0.989004
-1.008268
-0.702220
-1.198181
0.015307
1.088910
-0.610492
-1.373324
0.291861
-0.055774
1.002725
-0.454508
-0.260157
-0.149530
0.089004
-0.392562
-0.554644
-1.850378
-0.565387
0.715223
0.850246
-0.471113
1.299486
-0.028704
-1.337846
-1.652384
1.218258
-0.373004
-1.214064
-2.259276
-0.395716
0.404751
-0.697691
-1.053245
-0.549376
1.243192
-1.392982
-0.641701
1.210758
0.494176
0.179128
-0.648446
0.030505
-0.537829
-0.859386
-1.080058
0.784096
-0.060406
0.314514
0.151673
0.440919
-0.254719
-0.481657
-0.815280
-1.413969
-1.122033
-0.365418
-1.603040
-1.382286
1.042140
0.224179
-0.451837
2.271574
-1.648250
0.975611
-0.111466
0.785047
0.108954
-1.872245
0.095460
0.335556
-2.191985
1.944048
0.311208
0.671988
-1.165529
0.690618
1.089504
0.253568
-0.009372
-0.893588
-0.216207
-0.512030
0.571996
-0.849876
0.564651
-0.838986
-0.262353
0.616044
-0.703797
0.650536
0.552994
-0.270951
1.161783
0.077784
1.102277
1.793465
-0.241301
0.644955
-0.637568
-1.032814
-0.195460
-1.362600
-0.937608
0.591433
-0.513649
0.710514
0.299412
1.851154
0.524337
1.114218
0.401885
0.311393
1.164733
0.668797
0.210064
0.205655
0.538229
-0.671374
-0.713799
1.425406
1.864414
-0.928882
-0.668994
1.142523
0.533520
0.676428
0.896601
-0.240732
0.329970
0.252192
-0.858492
0.315091
1.237711
-0.334133
0.152569
0.206709
-0.284665
0.676901
-0.680066
1.332646
0.626206
-0.936769
1.698010
0.168101
-0.722948
1.104555
0.494672
-1.771960
-0.525660
0.279097
-2.159567
0.085070
0.157979
-1.183492
0.270645
0.007464
-1.191294
0.919561
0.837854
-0.289737
-0.198581
0.726264
-0.200663
-1.930908
0.486937
-0.813259
-0.389843
1.457871
-0.133978
0.001735
0.509667
0.505334
-0.919198
-0.060299
0.036153
0.272027
0.289222
2.587441
-1.175860
0.980092
1.183376
0.492784
-0.650315
1.664668
-2.191983
-0.683267
1.171682
-0.370112
1.596465
-1.511805
-1.112102
-0.531638
0.417399
-0.222020
-0.490399
1.420396
1.513445
-0.414380
-1.709768
-2.157484
0.239290
0.655956
0.062998
-0.070908
-0.804543
0.654980
1.678185
-2.216878
-0.077501
-0.970348
-1.490466
-1.129976
0.379673
0.404962
1.460288
0.008782
-1.758222
-0.238170
-1.386379
-1.206796
0.580559
0.194181
0.587566
-0.357493
0.790530
-0.413403
1.116683
0.344639
-0.206997
0.212093
-0.017861
1.596107
0.245438
-0.001613
-0.238491
0.843184
0.707913
-0.273842
-1.155642
-0.901968
-0.184163
1.348927
-0.250177
-0.594124
-1.760719
1.513541
0.569028
0.796010
0.961688
-0.164730
0.084591
1.488602
0.179581
0.587525
0.870551
0.642931
-0.128169
-0.033884
0.777640
0.776003
1.168233
0.551097
0.596606
-0.446233
-0.581150
0.780631
-0.574185
-0.020701
1.379023
1.220570
0.301789
-0.296140
-0.123379
0.867660
-0.036499
-0.558282
1.215775
0.181600
-0.577256
0.478940
0.971218
-1.007673
-0.200454
-0.246683
0.452287
0.632008
-0.551474
-1.492751
1.031799
-1.119945
0.271184
-0.131981
0.162444
1.651234
3.038282
-1.633437
0.983906
-0.156248
1.047855
0.957263
1.409745
0.284965
-0.889576
0.927649
0.117998
-0.233843
-0.476224
1.006336
1.603369
-1.195353
0.621952
-0.372387
-1.467272
0.147706
-0.833138
-1.577753
-0.781740
-1.027774
-0.646687
-1.325884
-0.395140
-0.713249
0.375614
0.593539
0.260149
-0.235444
-0.262428
-0.837075
-0.812995
0.703604
-1.759703
-0.080725
-0.323529
0.599132
-1.425012
0.012481
0.342984
-1.904731
-1.074328
-0.091790
0.514147
0.182499
0.560454
-1.079373
-1.588750
0.084506
-1.229353
-0.865322
0.932278
0.189100
-0.568145
-0.698031
0.620922
0.211971
-1.214557
-1.947824
1.881802
-1.222479
0.527696
1.510693
0.147598
-0.600437
-1.426049
-1.440011
0.376695
1.450976
-0.395459
-0.555720
0.697481
-0.685947
0.274483
0.041801
-0.409468
-0.015538
1.763152
0.604533
1.092501
-0.918694
1.095936
0.639021
-1.499596
0.539791
-0.513274
-1.545804
0.129776
0.539043
0.151608
-0.109139
-0.330585
2.466588
-1.182569
0.872922
0.015423
-0.854466
-0.048399
-1.392933
-0.595490
-0.046934
-1.551117
0.506383
-0.963761
-1.451721
-1.080418
2.175954
-1.978064
0.436123
-0.751636
-0.350128
0.603931
0.554819
-0.680696
-1.357824
0.622141
0.552377
-0.284970
0.441944
-0.445829
-0.827038
0.003962
0.519033
0.309250
0.509163
-0.760579
1.581881
-0.342381
-0.118916
-1.318656
-0.193855
0.532238
0.762511
1.561941
0.520235
0.276913
-0.446295
-0.661740
0.970249
0.951070
-1.077013
0.723096
0.650384
-1.113809
0.540457
-1.049546
-2.429293
-0.160102
0.257815
-0.115071
2.867107
0.378851
0.147142
0.429591
-0.441319
0.929479
0.361002
0.315172
-0.624120
-1.564330
-0.501386
0.282634
-0.444699
0.291727
-0.232362
0.430579
-0.976824
0.192890
-0.640954
-1.538283
-0.165154
1.536318
-1.458576
0.119392
0.797577
2.300031
-0.492933
-0.632001
-1.166692
1.140516
-0.867414
-0.370596
-1.848938
0.883972
1.158258
0.845775
-1.605325
0.607151
-1.672670
0.058040
0.205078
0.310183
0.534637
-0.008034
-1.962430
0.535121
0.097608
-0.902620
-1.569397
1.540022
1.231301
0.705957
-0.676300
-2.516996
0.764679
0.366687
-0.374662
1.124806
0.847998
0.176095
0.035058
0.050968
0.679940
-0.857476
0.425983
-0.920591
1.336555
0.532129
-0.688228
0.080596
-0.853786
1.504113
1.622876
0.696224
1.556657
0.151796
0.763513
1.224725
-0.005744
0.071104
0.933657
0.646498
-0.755461
-2.186829
-0.175528
-2.096914
-0.991017
-0.874287
-0.568642
0.820438
1.037680
0.508741
0.632507
0.656120
-2.496830
0.010198
-1.796459
0.509139
-2.093108
-0.180439
0.547770
-1.117758
0.961716
0.506622
0.380825
0.698002
-0.359200
0.151919
0.010052
-0.012549
-0.672031
-1.242532
-0.336858
-0.391948
-0.736731
0.852054
-1.172207
-0.171509
1.166340
0.909129
1.216294
-0.590781
0.784288
-1.062970
-0.275874
-0.181756
-0.575840
-0.361814
-0.493376
-0.982394
0.856413
-0.182450
0.201437
0.163777
0.054726
0.092805
-0.305417
1.418397
0.760745
0.018382
-0.447054
-0.118821
0.417622
1.499940
-1.373048
0.659775
1.126724
-1.486718
-0.181151
-1.064518
0.430530
-0.358351
-0.130139
-0.411056
0.720163
0.229033
0.230927
0.160622
0.572491
-0.261972
1.700775
-1.234795
-1.725918
-1.808681
-2.079588
0.673170
0.551368
1.207777
-1.056638
0.745461
0.056824
0.166587
0.625623
-0.756282
2.587249
1.331880
-0.531706
-1.090738
-0.087904
0.182258
1.065615
-1.168721
0.285487
-1.529015
0.436358
-0.107504
1.936680
-1.546003
1.370608
-1.703831
-1.327210
-1.677095
0.250353
-1.173699
-1.348331
0.202768
0.451775
0.039849
-0.162219
1.828910
0.145836
0.805691
0.142922
-1.097876
0.549888
-0.655797
-0.090986
0.305403
-1.941418
-1.609502
0.909459
-0.663746
-0.616322
0.166438
-0.385673
0.417588
-0.051122
0.198603
-0.701858
0.193595
1.105089
-0.567748
0.915318
-0.051560
0.734482
0.128771
-0.033411
0.349730
1.213598
0.236097
0.478531
-0.368485
1.570886
0.640337
0.077708
-0.122654
0.977908
-0.606204
-1.782875
0.072400
1.190005
1.591309
-0.107294
0.043588
0.519530
-0.264349
0.516406
-0.085402
1.011368
0.722980
0.810228
-0.205318
1.925927
0.483912
0.247294
-0.760943
-0.097072
0.114380
-0.787677
-0.292317
-0.165800
0.055921
-1.762707
-0.135271
-0.377346
-0.020884
1.035277
2.052396
0.678377
-1.234422
-0.345407
0.595963
0.483290
0.987326
-0.097351
-0.363500
1.752424
0.058671
-1.016674
1.475134
-1.496096
-3.495045
0.769387
0.910701
0.414013
-1.302456
-0.058870
-0.278169
-0.537289
1.412069
-1.046666
0.316104
1.194047
0.381442
1.241118
0.563715
0.429350
0.366835
0.613443
-0.385539
-1.301874
0.954043
1.161742
0.251979
-0.548376
-1.557717
0.085807
-1.348950
-1.488987
-0.020732
-0.763770
0.345310
-0.159296
-0.606635
-1.704915
-0.852888
-0.816136
-1.225308
-0.329044
-1.147252
-0.163743
0.240411
-0.826170
0.425409
-1.361358
-1.112177
-0.113217
0.687041
0.867400
1.612391
-0.376589
-0.127501
-1.032676
-1.253766
0.228572
-0.775872
1.232379
-1.462386
0.486353
-1.005739
-0.820448
0.539112
-0.675880
-0.515784
-0.812158
1.785030
-0.617486
0.051552
-0.201914
0.221417
-0.614737
-0.200817
0.393952
-0.863007
1.089321
1.185480
0.606493
0.069876
-2.990602
0.424291
-0.391330
-0.246274
-1.897377
0.493588
-1.448581
0.118425
0.904657
-0.469328
1.216052
-0.746990
0.600433
-1.304786
1.031130
0.875990
0.468358
-0.393284
-1.402001
-0.390640
1.110307
0.129962
-1.553037
-1.124728
1.253151
0.487913
-1.234000
-1.765831
-0.625042
-1.851359
-0.155834
2.451625
-1.596956
-0.186026
1.311927
0.749088
-0.148741
-0.146349
-1.155910
-0.267656
0.243441
1.105114
-0.620176
-0.189835
-0.949214
0.225325
0.783779
0.629648
-1.170187
0.146863
-0.677313
1.011050
-0.161313
-1.519513
-0.219803
0.458473
0.244006
-0.511796
-0.585273
-0.987504
-0.394750
-0.855679
0.970086
-0.901137
0.122284
0.054304
0.945667
1.089368
0.695970
0.352928
-1.048646
-1.068870
-0.845691
0.751921
0.073330
0.868657
1.002803
-0.725952
0.032074
-0.012994
-0.327788
-0.534843
1.184755
0.051972
0.013145
-0.802778
0.675212
-1.005108
0.454906
0.482229
-0.412515
0.317652
0.185670
-0.039361
0.012944
0.061782
0.129912
0.060242
-1.103864
-0.152211
0.264949
0.097289
0.953750
0.620087
-0.870410
-0.166627
-0.311337
-0.004348
-0.002981
0.611522
0.177328
1.230545
0.241003
-0.830591
-0.467281
0.603789
-1.614168
-1.345880
0.010697
0.950922
1.307035
-0.217106
1.060829
0.072268
-1.531415
-0.008077
-0.618908
0.918231
-0.025675
-1.277913
-1.499715
-0.020980
-2.420218
-0.518165
0.231030
-1.057016
0.993987
1.191007
-1.016701
-0.298044
0.994693
-0.001308
-1.394479
-0.143321
-0.852928
1.108198
0.605932
-0.313757
0.142148
-1.308122
-0.753777
1.553279
0.053515
0.930086
0.232013
1.314282
-1.998838
-0.188218
1.644782
0.956173
1.325372
-0.006765
-0.537106
-1.027164
-1.096928
0.807061
0.513211
-0.066573
0.508191
0.142452
0.962218
0.952687
-1.065874
0.273646
-1.668867
0.133021
0.604304
-1.313719
-0.416463
0.009526
0.233915
-0.278604
-1.172288
-0.054007
-1.652244
-0.232641
-0.441374
-0.134266
-0.559322
-1.507681
-0.366343
0.930820
1.261461
2.439334
1.691650
-1.196938
-0.408438
-0.022786
-0.085560
0.069533
2.407591
-1.082052
-0.713531
1.643826
-0.615981
0.393581
1.034657
0.486499
0.191766
0.938611
-0.893069
-0.496363
0.535638
-2.069439
1.416584
0.303392
0.153032
-1.630513
-1.286609
-0.398584
0.807430
-2.076616
0.788365
-0.360031
-0.223423
0.253593
0.269317
-0.712429
0.624910
-2.319398
-0.450419
0.153682
-0.344949
-1.826910
0.758027
-1.248388
-0.067514
0.153035
0.019827
1.169011
-0.053263
0.427455
-0.055904
0.612956
1.393495
0.137542
0.781850
1.455329
1.357184
-0.385289
1.036432
0.248771
1.117230
0.568635
0.275668
0.433972
0.255238
0.294333
-0.158832
-0.251724
1.763175
0.477528
-0.573305
-0.277417
1.056258
-0.736187
-1.482028
-1.408449
-1.728976
-1.298815
-1.180866
1.385237
-0.046179
-0.363264
-1.443413
-0.143126
-1.737328
-0.369417
2.064494
0.663804
-0.209798
0.698124
-0.521543
-0.800678
1.704130
-1.142275
-0.354121
0.306033
-0.936234
0.650605
-0.306595
0.663910
0.585984
-0.243012
1.710659
-0.665336
1.348871
1.174933
1.770882
0.174056
-0.788586
2.076797
-0.334701
-0.813543
-0.189787
-0.981691
0.526149
-0.605668
-0.287484
0.967779
0.623693
0.015585
0.170874
0.012255
-0.431155
-0.002527
0.490842
-0.126162
0.419768
-0.836669
-0.603894
-0.734321
-0.565131
1.287181
0.726039
-1.076923
0.437498
-0.390582
-0.682385
-1.485739
0.971919
-1.363863
-0.051963
-0.946311
0.775844
-0.334352
-0.134463
-0.100734
0.302570
0.013005
-0.043273
-0.518402
-1.574729
-1.118551
0.718480
-0.305819
-0.664010
-1.405728
-1.719647
-0.703207
0.888053
-0.557070
0.400486
-0.603060
0.638867
-0.351751
-1.231884
-0.268953
1.834000
1.789884
0.486533
-0.137059
0.303902
0.316852
-0.039887
0.440944
0.208227
-0.315972
-1.195257
-0.460059
0.799519
-0.031462
0.300287
-0.283016
-1.059597
-0.238630
-1.022456
-1.086289
1.205637
-0.420086
-0.741485
1.617960
0.814985
-0.371509
0.427636
-0.235788
-0.692680
0.474691
-0.324302
0.075498
1.021363
0.911213
-0.550093
0.486032
-1.127856
0.450414
0.148495
0.378979
-0.297445
2.084071
-0.901300
0.971552
-1.031698
0.504344
0.575790
0.054976
-0.495324
0.141135
0.267010
1.789937
-0.872340
-0.555914
0.284736
-0.256054
-0.100041
1.070352
-2.820266
-0.597949
-1.742369
-1.195816
2.404624
0.598168
0.951565
-0.080530
0.758714
-1.766564
1.038298
-0.819844
-0.531316
0.505151
0.316447
0.084620
-1.363096
0.099814
0.960561
-0.532487
1.314937
-0.872692
0.006548
1.535328
-0.681400
1.053985
1.974652
0.171044
-0.527017
-0.772739
1.304603
1.276694
1.449309
-0.032838
1.037807
-0.048839
-0.883055
1.124177
1.633870
-1.020602
-1.039431
0.039982
0.956129
-1.133819
0.227016
-0.590427
0.700829
-0.797887
0.771803
-0.158215
-0.937141
0.063690
-1.937973
-0.559095
0.337401
-1.771755
-2.571137
-2.339367
1.327129
-0.076759
-0.532465
0.945155
-0.404450
0.268462
0.025755
-0.470999
0.294146
0.773261
-0.184907
-0.460556
-0.342512
-2.297913
0.283060
-1.209111
0.629719
-0.090424
0.105121
0.700329
-0.926524
0.369248
0.267621
-0.184781
-0.928186
0.595238
0.703455
0.113602
-1.070302
-0.527449
-0.060333
0.688495
-1.583489
-0.563803
-0.402673
-0.083222
-1.301325
-0.217533
-0.310484
-1.037592
-0.117968
-0.541169
0.495586
-0.885328
0.089834
-0.808389
-0.599754
0.297292
0.234718
-0.417022
-0.269411
-1.453606
1.402764
0.687456
0.651448
-1.595032
-0.595490
-0.334546
-1.931062
0.889950
1.453884
2.061935
-1.045884
0.117323
1.322818
-0.253618
-0.566988
-1.866018
1.132622
-0.019261
-0.729342
0.283857
0.153005
0.168259
-0.217098
1.622358
-0.133660
1.619322
0.564117
0.351170
-0.113275
0.973957
0.112992
-0.932131
-0.965492
0.422485
-0.907379
-0.062231
1.057185
0.303970
-0.722135
1.409988
0.547875
1.017793
-2.267558
0.330853
0.842158
1.700289
-1.463819
1.206115
1.644380
-2.017289
0.478591
0.617621
-0.327008
-0.490094
0.667854
-0.614982
-0.217249
0.812435
1.754043
0.537984
0.133484
-0.516397
-1.010600
1.109578
-0.153450
1.150703
-0.329552
-0.649289
0.420799
-0.076536
-1.205529
1.817368
-0.626984
0.927592
0.841857
-1.259463
-1.002388
-0.301509
-0.865647
1.726456
-0.200176
0.889749
0.513637
0.264022
0.040321
1.237131
-0.825093
1.726335
-1.287223
0.781512
-1.405164
-0.315706
0.093310
-0.486695
-0.181670
-1.386970
-0.987450
0.498265
0.029672
-0.690528
1.324278
-1.219931
-0.361590
-0.505656
0.615038
0.048164
-0.108165
-1.844217
0.865034
-0.217826
0.115661
-0.748563
-0.905829
1.499288
-1.773239
-1.054199
1.480492
0.640746
-0.325463
1.246596
0.446860
0.232660
0.225562
0.465238
0.505692
2.195973
-0.194893
-0.164047
-1.236893
-0.051897
1.862887
0.984485
-0.543668
0.030041
-1.296438
-0.969119
0.149441
-0.494455
-1.044600
0.489841
-0.082250
-1.567550
-2.075147
-0.570011
-1.588265
-1.868911
1.128969
-0.097711
-0.265446
-0.188406
-1.137832
0.410976
-0.130700
-0.757409
-0.607629
-1.227459
-0.406243
-0.239628
-0.432283
0.055155
-0.078512
0.230769
0.943097
0.593023
0.954590
-0.847734
-0.508615
0.653597
0.671478
-0.678621
0.611584
-0.943532
0.481056
-0.026296
-1.384436
-0.434074
2.182268
0.202780
2.300450
-1.443927
0.750742
-2.534336
-0.000235
0.631217
0.837890
-0.799270
1.039090
-0.533715
-0.164097
-0.433322
-1.136389
1.569720
0.048018
1.087318
1.044711
-0.967940
1.216127
0.503414
-1.040902
0.448851
-1.022968
1.606458
0.813787
-0.071149
1.264804
-1.581988
-0.749341
-0.252420
2.235685
-1.070483
-1.707306
-1.444386
0.906216
-0.594192
-0.159087
0.762833
-0.158085
0.204147
0.535215
-0.430676
-0.166317
0.241955
0.868179
-0.792369
-3.020576
0.679583
0.927716
0.200034
0.268293
-0.564310
0.500183
0.853167
0.056496
2.491248
-1.563741
0.162962
-1.174353
0.879846
-1.581475
-1.333922
-0.633187
0.265832
-0.595471
-0.585441
-0.180890
-0.242240
1.487449
0.685911
-0.324577
2.097012
0.491661
-0.968962
0.256514
0.535513
-0.687625
-1.052509
0.086459
-0.360222
1.479128
0.741156
-0.640775
0.425938
1.267128
-1.393804
-1.022778
-0.011169
0.035602
-0.052198
-0.310777
-0.326060
0.384258
1.133943
-0.480953
2.438399
1.960691
1.329256
0.622483
2.007988
-0.290115
-0.832604
-0.525972
-1.002943
0.121801
0.299830
0.200840
-0.012431
0.133155
1.736324
0.620052
0.922509
0.190790
-1.615589
-1.813882
2.082810
-0.531822
-0.616751
0.245663
0.550403
0.676862
1.774419
1.500736
-0.810933
0.968735
-0.384091
-0.137509
-1.093989
-1.693073
-0.031562
-0.955982
0.927814
-0.281078
0.308590
1.367526
-1.485295
-0.724617
0.180884
0.312525
1.103498
0.867153
0.096934
0.303405
0.331076
-1.469712
-0.156375
0.248473
0.458551
-0.924363
-1.268798
-0.234533
1.967366
-0.819247
1.173928
1.584740
0.045467
-0.679848
0.512820
0.194990
-0.859104
-0.658803
0.453580
0.933440
-0.322790
-0.069134
0.668639
-0.172487
-0.299327
-0.755341
-0.772685
2.668883
-0.196202
1.365058
1.683993
-0.183582
0.368430
0.102478
-1.612182
-1.551973
0.048848
-0.424914
1.891580
-0.236573
1.950929
-0.476391
1.912200
0.506424
0.563292
-0.511764
0.576917
1.692713
-0.144827
-0.339397
-0.246763
1.620112
0.855351
1.447680
0.313623
0.039319
0.423944
1.070158
-0.247118
1.368677
0.365831
-2.406278
0.883493
-1.272305
0.859173
0.901518
0.329893
0.543681
1.098871
-0.495628
0.793430
1.163023
1.760083
-1.105780
0.408516
-0.961489
-1.003922
0.359028
0.077456
1.145002
-0.346176
-0.134051
0.211504
-0.861829
-0.723070
1.116099
-0.548955
1.182477
0.607313
-1.547531
0.530379
0.522480
0.422929
-0.141877
-0.940067
1.346213
-0.101580
-0.883406
0.457469
-0.742780
-0.949086
-0.375473
-0.665398
-0.912242
0.806412
-0.113828
1.252280
-0.854509
-1.727561
0.148770
1.855979
0.530987
3.215374
0.332059
0.235552
-2.155363
0.427947
0.168668
-0.407421
-0.136779
-0.068101
-0.179929
2.089715
-0.370862
0.169314
-0.403901
0.783431
0.176764
-0.279911
-1.925968
0.243308
-0.309576
-0.060741
-1.182458
1.433282
0.856743
1.430706
1.146979
0.592317
-1.142282
1.843387
-0.927635
-0.268408
0.706902
0.756541
0.572237
-0.400288
-0.606932
2.534533
-0.039314
-0.161771
-0.713556
0.244670
0.198023
-0.016226
0.381727
1.763538
-0.595053
0.043084
-0.647848
0.294698
-0.568470
-0.525443
-1.459523
0.097795
0.429770
1.860476
0.469502
-0.449684
-1.359679
-1.221287
-1.295628
1.878042
0.287811
-0.582966
-0.959860
-0.856108
-0.609299
1.316255
-0.029943
-1.447466
2.310459
-1.140161
-0.590835
1.310144
0.415150
-0.469923
-1.231367
-0.966690
-0.906496
0.007032
0.191062
-0.148655
-0.039214
-1.050723
0.293136
1.280519
-0.162792
-0.182287
0.083001
1.118205
-0.894723
1.450847
0.421222
0.028681
1.213239
-1.182062
0.522046
0.430310
-0.935455
0.460638
0.283305
-0.178738
0.862818
-0.571754
0.270321
-0.131674
-0.614697
0.502885
-0.207736
-1.473006
-1.801066
0.789057
-1.220600
0.279384
0.054952
-0.368532
1.956668
0.179674
0.755633
0.284816
-0.231539
-0.019089
1.458543
1.088105
1.951986
0.221642
-0.876937
-0.440517
-1.187778
0.767044
-0.585916
-3.055318
2.463776
-0.570601
-0.576591
1.671612
-1.208251
1.136606
-0.587442
-1.323795
1.705718
0.923097
0.920001
0.367656
0.599102
-1.232158
0.111611
-0.928763
-1.388941
0.410953
1.158150
-0.383369
-0.212013
-1.138151
0.007217
0.760076
0.791528
0.545176
-0.618431
-0.650129
0.795404
0.811999
-0.171995
-0.426172
1.167247
-0.359949
0.745932
-0.136843
-1.047533
1.612312
0.120064
-0.710744
-1.390806
-1.290001
-0.372911
1.925129
-0.584662
1.447455
-0.130764
-1.181150
-0.473211
-1.280988
-0.855968
-0.885748
-1.903804
1.512796
0.211017
-0.686278
0.221758
-0.835480
-2.671062
2.956692
0.189600
-0.589013
-1.933915
-1.494150
1.654492
1.501939
0.753215
-1.115077
1.509974
0.449783
0.654924
0.446171
-1.506987
-1.198161
-0.510218
0.643640
-1.380432
-0.175346
-0.176610
0.792740
0.674672
-1.010226
1.446686
-1.163240
1.092239
-0.550145
0.163926
0.225987
0.197707
0.674499
0.391459
0.783649
0.464620
-1.264455
0.269799
-0.563870
-1.109262
-0.289840
0.183236
0.249675
1.056025
1.307309
0.336281
0.517106
0.095309
0.767225
0.486988
-0.054488
2.151983
-0.546183
1.454457
-1.354293
0.813617
1.436568
-1.907219
0.138951
0.715414
0.251964
0.378156
0.136223
-1.094248
2.368046
-0.503538
0.434161
-0.646840
-2.275863
-0.924513
-1.447607
1.091568
-0.606868
-0.514091
-1.064331
0.094035
-0.716458
0.992355
0.302039
-0.571826
0.850233
0.007941
0.021497
-1.462635
-0.071086
0.321545
1.333567
-0.751894
2.278109
0.556868
-1.519412
-0.845198
1.420999
1.243229
0.018093
0.149918
-1.164610
1.321443
-0.987767
0.844741
1.352042
0.048156
0.967611
1.847640
0.267969
-0.175302
-0.066853
-0.742988
-0.765584
0.442407
-0.163950
0.327569
-1.489936
-0.092619
1.030118
-1.118924
0.016526
-1.854609
-1.305462
0.807661
-0.309284
1.822073
0.432443
0.530596
-1.076482
-0.385105
-0.732636
-1.065442
0.663893
0.864516
0.398937
-0.828067
0.330730
-1.912678
1.323009
-1.298150
-1.120459
0.115292
0.204160
-0.072749
-1.110128
1.133348
-1.685949
-1.483269
-0.106983
-1.264234
1.222625
-1.178215
1.557027
1.035122
1.235056
1.887106
0.081228
-1.012975
-0.103008
-0.566666
-0.709191
0.150853
-0.311704
-0.752210
-0.245402
0.548978
0.956417
-1.602924
-0.303201
-0.141343
-1.182520
-0.119706
0.147996
0.518835
0.077158
-0.880949
2.012030
0.829127
0.552720
1.004831
0.244609
1.286301
0.056872
0.001747
0.635228
1.576358
1.512049
0.592848
0.516612
0.696042
0.985621
1.298732
-0.236584
1.318061
0.342995
0.650932
1.381949
0.747062
0.915996
-0.389419
1.498312
0.695687
0.126066
1.101074
2.587831
-1.168924
-0.803733
2.685305
0.426695
0.190870
-0.115386
1.208436
2.611247
-0.665189
-0.096877
-0.350727
0.732865
1.222393
1.620933
0.766718
2.519333
-0.574753
-0.834541
1.469344
0.122832
-1.375940
-0.316063
0.255659
-0.646248
-1.014661
-0.207629
-1.064533
0.635131
-1.943805
0.090425
0.519510
-0.090541
1.093223
-1.370561
-0.701090
-0.330035
0.712725
0.218508
2.143366
-0.805786
-1.394989
1.789089
-1.430859
0.683063
-0.978670
-2.069318
-0.374784
0.899500
-1.221771
0.576095
0.762864
-1.271690
-0.227761
1.577075
0.650593
-0.261492
0.415295
-0.685263
1.113696
1.113260
0.120906
0.230706
-0.998797
-1.352036
-0.376605
-0.087402
1.062628
0.922428
0.184833
1.190539
-0.943486
1.077337
-0.790429
1.239694
-0.013346
-1.998287
0.730157
0.809546
-0.456580
-0.371260
-0.159545
-1.925152
-2.364728
1.301626
-0.824068
1.855264
1.370402
1.567195
-0.650299
-1.608401
-1.086882
-0.446455
-2.373230
-0.475426
-0.201678
-1.294421
-1.040485
-0.220599
0.356287
-0.890823
0.292253
0.136846
0.046886
-0.652014
-1.333380
1.696452
0.630306
1.005732
-0.083630
-0.164025
0.490660
-1.834688
-1.114643
-0.797775
-0.454566
-0.879696
0.332807
0.081447
1.392865
2.473759
-1.262850
0.147305
0.145526
-0.014198
-1.084825
-0.917197
0.240406
-0.945350
0.159272
-0.245950
0.141658
-0.953300
0.157469
-0.880953
0.160696
1.339396
0.260984
0.321870
0.817207
-1.403558
1.718922
-1.055590
0.879661
0.746910
-0.902166
1.008886
0.497813
1.889979
0.193379
-0.108543
-0.514763
-1.743355
-0.318228
-0.275898
0.262058
-1.423103
-0.239012
0.576251
0.675510
-1.859815
0.706407
-0.246574
-0.185011
-2.364515
1.493571
0.176799
-1.531460
0.375202
0.344478
1.222544
-0.309689
0.011996
-0.642808
0.597949
-0.783490
-0.892991
-0.067798
-1.225864
1.602131
1.927267
-0.453590
-1.386595
0.336592
-0.482103
1.174681
-0.787147
0.544513
0.113994
-0.676261
0.240050
0.878533
0.086849
0.097285
-0.872783
1.144205
1.044547
-0.410559
-0.124288
1.414221
-1.133571
0.604288
-0.558614
1.778078
0.063447
1.260378
-0.761327
-1.248529
-0.234259
0.262683
-0.510732
0.758307
-0.209954
-2.081437
0.552812
-0.882537
-0.361597
1.553131
1.772812
-0.575493
0.577787
-0.552274
-0.286873
-0.605775
-1.724344
0.095055
0.288165
-0.671002
1.087792
-0.436080
-0.637212
0.526503
-1.542682
0.906679
-0.402169
0.989286
1.288131
0.640153
-0.811973
-1.250832
-1.434073
1.102911
-0.134800
-0.599222
-0.132082
1.080621
0.778740
0.438506
0.637886
0.180172
0.302113
0.221025
-0.000061
0.753374
0.361282
-0.880715
0.528874
0.247247
0.611413
-0.104207
0.811740
-0.061409
0.723880
-0.456472
-0.387254
0.602053
-0.331773
2.205783
0.566445
0.024923
0.819901
-0.480680
0.923015
0.895235
1.253534
-0.440810
-1.222733
-0.610155
-0.281631
1.667212
2.195012
0.344662
0.009391
-0.349908
0.824690
2.188581
1.785851
1.137977
1.123303
0.832310
-0.047291
-0.736548
-0.020814
0.422340
-1.453634
-0.152951
-0.825932
1.013841
-0.549708
0.328220
-0.700020
1.597699
-1.700757
0.475840
-1.277258
-0.509333
0.206187
0.255357
0.229267
0.151749
-0.641844
-0.164053
0.031634
0.195360
-0.065680
0.729590
0.093387
0.201326
-0.382652
-1.052442
0.154029
1.207446
0.443861
-0.817494
0.814740
-0.335117
0.714654
-0.368796
0.353306
-0.518497
-0.493052
-1.566265
0.512075
0.370170
0.426443
0.275331
-0.762250
0.965899
0.992779
-0.788237
0.532124
0.874991
-0.470098
-0.296036
0.534113
-1.510330
-1.088517
-0.989775
-1.796316
1.084940
-1.988132
0.343111
0.811683
-0.293596
-0.668368
0.232842
0.001833
1.003505
-2.628521
-0.918707
0.561577
0.050447
0.752034
0.262020
-0.134737
-0.302288
2.325055
1.534946
0.495505
0.078464
0.538133
0.826835
0.418827
-0.751380
1.784511
0.246208
2.013930
0.187147
-0.245653
1.384140
0.301187
0.133423
-1.200364
0.660218
-0.493310
-0.447791
-0.490549
0.439034
-1.535376
-0.210845
0.980279
-1.245669
0.172879
-0.631399
-0.403693
1.655152
-1.650489
0.765630
-0.477928
-0.527664
-1.111562
0.753900
-0.191405
-0.317669
0.109837
-0.170287
-2.000688
-0.490824
0.895441
-1.506616
-1.089938
-0.426791
-0.725623
-0.027885
-1.093077
-0.387855
-0.047995
0.648940
1.244789
-0.261547
1.888060
-0.183905
0.828875
1.931508
0.139308
-1.373527
0.090904
-0.611643
-0.274432
1.984977
-1.222763
0.300467
-0.877721
-0.307658
0.744842
0.318164
-0.225032
-0.649800
0.316078
1.707687
-0.901352
1.911664
1.199497
1.369353
0.308432
1.171130
-1.008831
-0.668044
0.765814
0.295845
-0.148379
-2.502609
-0.435474
-1.174054
0.493534
-0.191169
-0.628301
2.642910
1.038175
1.055872
2.202215
0.802192
-0.770954
-0.887896
0.964903
-2.059354
-0.077780
-2.171124
0.098844
0.854070
0.279416
0.938109
1.964827
-0.143538
2.807651
0.212670
0.949165
-0.611063
1.619314
1.041710
1.471451
0.054504
-1.255418
0.460397
-1.697020
-0.336186
0.191080
2.377224
0.318549
0.139537
-0.063032
-1.342091
0.085826
0.102883
-0.968608
-1.186746
-0.481571
0.064933
-0.457554
-1.050875
0.289272
0.538867
0.121298
-0.562983
0.594841
-0.190537
-1.189084
1.036244
0.353508
-0.119290
-1.571052
-0.744860
2.018566
-1.508342
-0.251349
-0.016336
0.320477
-1.497171
0.174176
-1.686105
0.097429
-0.652398
-0.865869
0.834817
-0.235606
0.473711
0.506827
1.269953
-1.208258
0.919016
0.016462
-0.378125
-1.149251
0.606591
-0.922225
0.517807
1.927831
0.979977
1.391434
-0.719005
0.762733
-1.144215
-0.233483
1.741272
-0.607842
1.111356
1.015647
1.074741
-1.267002
0.525201
-0.156599
1.088497
-1.655000
0.367788
0.226375
-1.990117
-0.885420
-1.830152
-0.726355
0.549217
0.195366
0.169400
-1.039748
1.120450
-0.018820
0.033704
0.940400
-0.991346
0.228548
0.423462
-0.545568
0.652373
0.477123
-0.101177
-0.132151
0.523548
0.788471
0.062900
1.120189
0.658526
-1.788464
-1.404897
1.182235
-0.246773
0.164176
1.139291
-0.006411
0.037268
-0.868729
0.369995
0.586512
-0.577882
-0.922021
2.626289
-0.092908
-0.683692
0.706586
-0.050794
-1.085766
0.483054
-0.853121
1.576458
0.494505
-0.276880
0.109347
0.903288
0.185961
2.122109
1.135867
0.487607
-0.936986
-0.146888
0.478875
-0.822861
1.293427
-0.974157
-0.637226
-0.562299
0.743824
-0.804936
-1.799977
1.088039
-0.444386
-1.068508
-0.754859
1.716763
-0.657044
-0.123368
-0.446918
-1.232663
-0.742719
-1.301108
0.955881
0.100879
2.482678
-0.708911
-0.858860
1.533760
1.057977
0.384765
-1.113692
1.744996
-0.072103
-0.430675
1.142960
-0.022295
-1.165670
0.040303
-0.781349
-3.009341
-0.881710
-0.527736
-1.155645
0.575247
-0.777448
0.478426
-1.233320
0.909219
-1.276483
-2.341530
1.237263
-0.855894
1.756929
0.564592
0.790263
1.045473
0.112679
0.124055
1.281340
0.111358
-0.728177
0.585759
-2.113643
1.319559
1.340439
1.198167
1.159772
-0.084175
-0.106682
-1.229640
1.748041
-0.485018
0.339885
0.254045
-1.340419
-1.744675
0.005587
-0.453756
-0.089437
1.065416
0.224944
0.758523
0.445328
-0.316334
-1.001803
0.264718
0.083893
0.915156
-0.150900
-0.297342
-0.229499
-0.918727
1.446910
1.139629
-1.213030
0.803948
-1.845005
0.985289
-0.696350
0.359901
-1.929510
-1.198704
0.468703
-0.700908
-0.839963
1.395862
2.210959
0.937014
-1.091881
1.763519
-1.561432
-0.304491
0.054778
1.924038
0.912659
-0.463758
-0.944956
1.002193
-0.533359
0.216740
-1.369776
0.569258
0.488695
-1.241620
1.031623
0.554746
0.740024
-0.378679
0.178956
0.063379
-0.148170
0.170503
1.256443
1.074951
-1.181861
0.985402
1.191143
-0.151178
0.508447
0.494002
-0.849967
-0.381956
0.750810
-0.495822
0.975500
1.304972
1.143672
1.979805
-0.090732
0.177201
0.320663
-0.060398
0.542179
-1.711204
0.204905
-1.377437
-0.962623
0.732890
-0.199116
0.697614
-0.220777
1.106406
-0.239081
-1.954919
0.225393
-2.168860
-1.452721
-0.882947
-1.007710
-0.545051
-1.042068
-1.405953
1.541836
-0.678145
-2.230768
-0.360918
-1.124731
-0.884968
0.710342
-0.448158
-1.152597
0.446254
1.149941
0.536872
-2.453556
-1.114990
0.047449
-0.244299
-0.327275
-0.982757
-1.405584
2.007782
0.027111
0.642122
0.006251
0.046349
-0.062103
-1.120446
-1.514489
0.386225
0.187842
0.938281
0.735361
-0.808512
1.132591
0.765027
0.690842
2.249327
2.043959
0.689914
0.565197
1.081655
-0.583954
-0.569829
0.673421
-0.856476
0.592770
0.156832
-0.856190
0.025867
1.305082
0.082370
0.086548
0.328985
0.459189
-0.330840
0.350261
-1.049070
-0.799071
-0.671149
0.469763
0.160233
-0.134360
0.690770
0.378862
-0.289977
-1.035231
-0.819709
-1.466810
0.140570
-0.862139
-0.495323
-0.127591
1.043995
0.928791
-0.054708
1.265504
-2.012348
1.877221
0.692500
0.102803
-0.891360
-0.438067
0.609351
0.632079
0.668393
-0.728497
-0.929848
0.195205
0.769854
0.003185
1.481484
0.033137
-0.000709
0.670560
1.219230
-1.349255
-1.118012
-0.313261
3.158942
-0.261469
-0.121783
0.618352
0.976929
0.169785
1.164348
-1.193971
-0.766088
1.162487
0.010943
-1.262451
-1.322538
-0.810941
0.002126
0.467380
-0.329060
0.384999
-0.437066
1.223920
2.551840
-0.392613
0.479933
0.398411
0.138695
0.653251
0.478821
-0.471054
1.316546
0.201666
-0.384800
2.443202
-0.116213
0.254944
0.175440
-0.129895
0.448665
-0.845000
0.596543
-1.758354
-1.298070
1.825725
-1.256180
-1.959959
-1.231416
1.740057
-1.791862
-0.955814
-1.458192
-0.274129
-0.436021
-0.480757
1.856134
-1.199075
-0.102188
0.338601
-0.980209
0.486590
-0.399810
0.374309
-0.107999
-2.050531
1.306099
2.070458
-0.176754
-0.897952
1.506013
1.890383
-0.168795
-0.218681
-0.079911
-1.674549
-0.291126
1.714942
-0.168689
-1.040035
0.496686
-0.667199
-0.066452
-1.268849
-1.036624
0.737659
0.115867
-0.776057
0.119535
-0.607147
-0.783760
1.164034
0.782878
-0.021273
0.144337
-0.008398
0.487009
-0.799502
0.862505
0.353566
-0.263056
-0.487778
0.841131
-0.150486
-0.698893
-0.384570
0.769205
-1.610553
-0.355409
1.070583
-0.168217
0.272817
1.086769
0.892330
-0.440059
-0.130394
0.904764
0.939470
-0.088050
-0.053546
0.267684
1.366901
1.067566
0.693387
-1.078669
-0.274833
-0.222287
1.418485
-0.238864
1.253443
-0.570699
-0.490884
0.481454
1.568147
-0.211777
-2.562768
-1.564183
0.297962
-1.474796
-0.865563
0.012342
-2.449367
-0.379726
-1.164809
-1.499180
-0.802184
-1.069209
0.469480
1.196527
-0.364427
-0.596126
-0.414205
-1.108187
-1.288742
-1.645554
-1.329521
1.631991
-0.690421
-2.941628
-0.587057
-1.590415
0.059485
-0.048354
0.055886
-0.040726
-0.372710
-1.455896
-0.074654
1.018925
1.813673
-0.237991
-0.129610
0.500427
1.493242
-0.486297
0.692651
-0.822819
0.329849
0.970604
-1.290861
-0.525145
0.954783
0.616161
1.035946
0.848440
-0.341104
2.199190
0.136910
-3.055709
-0.282346
-0.469171
0.795249
-0.451185
1.098970
0.558099
-1.000090
-0.140373
-0.775533
0.184759
-0.781491
0.074435
-0.272306
-0.152223
2.050940
-0.360485
-1.934433
1.015826
1.007956
-1.978940
-0.700900
0.435811
0.524203
-0.004724
0.017825
-0.938588
-2.399849
2.049507
-0.968667
0.176506
-0.158848
0.897198
0.114897
0.153441
-2.634318
-0.833339
0.744633
0.654668
-0.951653
-1.578029
0.126579
-2.906774
-1.148674
1.760161
1.445067
0.487249
0.307336
-1.950171
-0.740667
-0.295169
-0.719414
-0.350243
1.299224
-0.541823
-0.340939
0.739531
-1.419476
-0.840205
-0.737723
0.055592
-0.344962
-0.313341
-0.664854
-1.070830
0.609143
-0.337804
0.619019
-1.111627
-0.665242
-0.221183
-0.127867
0.754369
-0.430509
0.746742
0.374944
-0.106853
-0.951299
0.756875
-0.926337
-0.021280
-0.053940
-0.207095
-0.389320
-0.822077
-1.616936
1.403805
-0.491723
-0.128112
-0.134227
1.095604
1.933194
0.159847
-0.157003
-1.123457
-1.443588
-1.773975
-0.795845
-2.090855
1.078830
0.423096
-0.251641
1.109384
-1.071156
-0.819981
-1.933793
0.774354
-0.810341
0.015696
1.002576
1.370851
-0.029146
0.384237
-0.903850
1.683373
-0.166151
0.080285
-0.406853
1.199249
0.199594
0.760935
0.353958
-0.220409
0.929469
0.345316
-0.960979
-0.989211
0.148827
0.907458
1.639421
-1.777213
0.025660
0.489648
0.295669
1.009327
0.655534
-0.985500
-1.014792
0.312455
0.990505
0.143418
-1.577933
-1.047171
0.691516
-0.348645
0.117957
1.065418
-1.202209
-0.414243
-0.522873
0.355403
0.772888
-1.480267
-0.005536
0.869329
-1.854786
-0.064392
-1.215784
-0.641567
-2.505035
1.392734
-0.355829
-0.807192
0.328267
-1.042310
-1.137245
1.510329
1.808663
-0.592064
1.067355
0.356040
-1.413831
-0.928132
1.551100
-1.426795
2.280999
-0.571362
1.580815
-0.305564
0.799904
1.395033
1.389954
-0.584366
-0.857388
-0.081212
-1.300480
0.239264
-0.820797
1.082710
-0.570112
-1.742259
1.400915
0.183368
0.029135
1.094395
0.871576
-0.761854
-0.449782
-1.112955
-1.464452
0.578593
0.392184
0.760829
1.281605
0.774475
0.863459
-2.077961
-0.306985
0.964576
-1.168209
0.091671
0.519464
0.442853
0.368796
0.598913
0.180744
-1.462928
0.506956
0.284747
-1.449748
1.379735
0.533838
-1.380348
-0.817225
-0.564052
-0.564763
0.293050
-0.976352
1.128137
1.045803
0.619317
0.044242
0.937447
-0.275948
-0.724489
1.190110
0.317543
-0.684058
-0.417742
-0.736428
2.022175
0.004098
0.157771
0.721219
-1.215361
1.096547
-0.607846
1.830016
-0.312659
1.037640
-2.496798
-1.175133
-0.293607
-2.030783
0.600884
0.312958
-0.990828
-0.015959
0.806477
-2.103050
-1.273489
-0.335088
0.023724
-0.058611
0.889295
0.477211
0.696635
-1.389876
0.144824
-0.307142
1.462072
0.174396
-0.669054
0.852501
0.563298
-0.821602
-0.348490
-0.331446
1.227461
0.203242
0.726783
-0.493272
0.334800
1.303361
-0.361077
0.115155
-1.363306
-0.765558
-0.334443
-1.060839
1.321974
-0.838007
0.786799
0.186836
0.030852
1.486164
-2.260600
-0.196205
-1.080380
-1.961420
-1.194732
0.017238
-0.725347
0.896614
-0.213846
-0.324738
-0.320281
-0.098494
-0.418479
-0.851254
0.989185
-0.624095
-0.383527
0.429405
0.318741
-0.893438
0.754982
0.537670
0.177975
-0.431317
-0.406731
-0.201797
-1.231832
-0.039268
0.892102
0.876371
-0.380852
1.064083
1.905905
-0.316208
0.691515
-2.262810
-1.258147
0.091121
-1.006733
2.039202
0.597880
0.965832
-0.029026
-1.003208
-0.518810
0.254380
-0.637915
0.671192
0.711415
0.004981
-1.825635
1.714785
-0.212673
2.709277
0.652536
-0.209955
0.447822
-2.019285
1.026142
2.566941
-2.089233
-0.287409
-0.105338
0.875229
2.105976
0.382882
2.141792
0.170432
0.451424
0.328236
1.220300
-0.422321
0.818287
-1.230797
-0.284504
-0.636744
0.087962
-0.316080
1.132134
-0.878668
-1.731316
-1.357284
0.994168
-0.969557
0.397844
-0.294787
0.824244
-0.230766
2.764349
1.898117
-0.315210
-0.452135
3.132326
-1.078851
-0.055024
0.022449
-0.002338
-1.738712
0.496602
-0.970350
1.435989
-1.455965
0.059466
-2.216121
-2.154384
-0.839352
-0.698210
1.465726
-0.040592
1.292407
-0.379787
0.606085
-0.725475
-0.793473
-1.820850
0.335754
0.262083
0.777313
0.214918
2.026196
0.176028
0.991827
-0.324109
-0.908470
0.717695
-0.089148
0.832043
0.352937
-0.793013
1.074338
-0.871190
0.625326
1.281611
-0.384595
1.155994
0.397617
0.851944
-0.836756
0.214300
-1.408081
1.711300
-2.013998
-0.354752
-0.931709
0.674700
1.923946
0.654915
2.961284
-1.377940
-1.301184
-0.893114
0.121245
-1.026922
-0.751663
0.620484
-1.239172
-1.133196
-0.398539
-0.304443
1.010016
-0.900640
-0.720280
0.581670
0.801394
1.428724
0.469120
0.130364
0.575038
-0.267413
-0.274768
-1.774110
0.893416
0.211459
0.777039
-2.815810
-0.047102
-0.855882
1.501363
0.614217
0.234235
-0.431933
0.397208
-0.928186
-0.099725
-0.578363
2.266490
1.469948
1.063048
-1.490311
0.864157
0.187667
1.223460
0.322395
-0.006718
0.233784
-1.805633
-0.767403
0.373336
1.139388
-0.550493
-0.040807
-1.600992
1.459311
1.113742
0.652103
0.406806
1.552549
-0.805011
-0.913162
1.061520
0.994313
-1.193496
-0.531360
1.689093
0.411667
0.787162
-1.159047
0.656645
-1.419542
-1.979821
0.726824
1.434445
-0.253786
-0.546551
1.710849
-0.194783
-0.065769
1.693957
-0.353585
-0.654028
0.815508
-0.711856
-0.144602
-1.319159
0.185397
0.068097
0.968020
0.857257
0.551518
0.394256
-0.073254
0.609556
-1.112332
-2.348966
1.161918
0.674160
-0.126986
1.074559
-0.731497
-0.705493
-0.844138
0.567622
-1.582958
-0.766962
0.289715
-1.204151
-0.660310
-2.211568
0.605807
-0.687835
-1.099281
-1.295023
-0.418214
-1.580156
1.942380
-2.384745
-0.450619
0.106907
-0.775379
0.212132
-0.799602
1.530095
-1.118877
-2.351224
-1.298500
0.386495
-0.117924
0.752133
0.501745
-0.636280
-0.489083
-0.385329
1.884346
0.690822
1.891687
0.840779
-0.063583
-1.019361
0.201520
-0.060869
-0.093647
-0.209099
-2.052463
1.260840
-0.050453
-1.414253
0.481763
-0.855836
0.562141
0.881656
1.019637
-0.160917
-0.413778
-0.625538
-0.722556
-0.017230
-0.209343
-0.825304
-1.143785
-0.108756
-0.434198
-1.141367
0.830571
1.772093
0.962588
-0.720188
-0.050230
1.540429
-1.173700
0.782595
-1.448083
1.684038
-0.430315
2.229044
1.728064
-0.106431
-0.719405
0.194775
-0.180159
-0.401567
-1.658113
-0.514554
-1.110479
0.551648
0.991071
0.740684
0.342375
-0.852907
0.205401
0.792765
-0.586236
0.118986
-0.145462
1.662367
0.851548
0.609160
-1.716694
0.172837
-0.155013
-0.163657
-1.563414
-1.087769
-0.068017
1.114356
-0.590525
-0.399939
1.781092
-0.296822
-0.128790
-0.115245
-1.345505
0.571798
-0.652876
-0.030071
0.444373
1.942558
-1.317770
0.864982
0.868723
-0.638215
0.599504
1.643436
-0.764971
0.241470
0.404801
0.534179
0.769292
0.166305
0.513436
-0.911474
0.164003
-0.476341
-1.229829
-0.509145
0.269456
0.435797
-1.268459
-0.937677
0.724656
0.508148
0.887103
1.367830
0.537887
-0.414808
0.114849
1.659897
2.764449
0.463096
0.535554
0.725708
0.023793
1.163854
1.008045
0.354376
-0.318020
-1.520696
0.732414
0.212858
-0.737768
-1.129920
0.661433
-1.601236
0.299641
0.843550
0.549893
-0.390740
-1.249375
0.587019
1.200523
-0.572733
0.506908
1.581515
0.338847
-0.396880
1.040854
-0.737561
-1.298192
0.812321
-0.406162
-0.316521
-0.626941
-0.472817
1.403033
1.662499
1.794979
1.090121
0.466271
-1.432286
-0.187525
2.156754
-0.435622
1.514144
0.055036
-2.678142
0.640486
1.266255
-0.048996
1.233051
-1.667827
-1.385564
0.204864
0.477115
1.356579
0.638924
-1.193629
0.213046
0.600727
-1.874234
-0.043633
-0.335583
-0.654693
0.498777
-1.149682
0.416880
0.559491
1.083763
-1.123419
-1.505234
0.278904
-0.286271
2.902650
0.458498
0.058162
-0.172828
-1.218062
0.563882
-0.079145
-0.078314
0.094443
0.221213
-1.739256
0.837023
-0.846444
-0.138032
1.285905
1.779449
-1.700494
0.030245
0.272913
-1.507530
0.802591
0.116263
0.194160
-0.917553
0.412887
0.838224
0.127298
-0.513936
-0.436069
0.220396
0.048797
0.904822
-0.480258
-1.218381
0.359386
-0.477530
0.783682
0.007539
0.654813
-1.014317
0.143386
-0.699263
-1.220374
-0.861108
-0.544477
1.244694
-0.570940
-1.271540
0.131477
0.029181
-0.492053
-0.161223
0.976227
0.670706
0.584230
-1.183679
2.886548
1.051252
0.517029
-1.164312
0.947730
-0.501128
-0.194271
-1.680779
-1.241483
0.438547
1.006235
0.684904
0.650819
-0.064766
-0.406707
0.288895
0.821408
0.004862
1.210252
-0.215069
-0.980279
-0.010362
0.105972
-0.082030
1.280656
0.805302
-1.430941
1.534367
-2.741417
2.151024
-0.287306
-0.189568
-0.060016
0.385205
-0.000263
-0.133395
1.308918
0.565596
-0.958804
0.740674
0.524107
-0.545274
0.792138
-0.157573
-0.221673
-0.248913
-2.428118
-0.526699
0.713173
-0.022411
-1.285186
0.964631
-0.298600
-1.221575
2.206012
-1.053173
0.879492
-0.769314
0.135827
-0.902181
-1.239304
0.522203
0.405291
1.144649
-0.034382
2.220352
0.268347
0.566775
-1.358429
-0.614084
0.519680
-0.084228
0.187683
-0.816494
0.121947
0.118546
-1.180435
0.642550
-1.700065
0.184238
1.765593
0.680551
0.674299
-0.897427
1.769062
1.376718
-0.843590
-0.474763
1.254656
1.796147
-1.264686
-1.003711
-0.143787
-2.171094
0.019045
1.185744
-1.438637
0.127107
-0.581771
1.639946
-0.569792
1.518993
-0.597455
0.771176
0.251946
-0.138273
-0.790529
0.323095
-0.440535
-0.689766
1.472723
0.547530
0.643639
-0.391599
-0.185978
-0.248577
0.337239
0.641803
-0.030251
-0.792645
0.760570
0.033404
-1.440836
-2.135295
0.297897
-0.829474
0.431062
-0.775618
0.133186
-0.378402
1.751921
0.950316
1.347297
0.024048
0.822361
0.091650
1.469591
-0.072562
-1.397489
-1.998622
1.668311
0.478504
0.544257
1.489648
-1.651735
-0.358601
-0.236070
0.742275
-0.692640
-1.201374
-1.210349
1.149418
-0.742532
-0.552018
0.634498
-0.698945
-1.704948
-1.581701
-0.056807
0.497328
-0.202245
0.430443
-1.612838
-1.545304
2.253936
1.232784
0.768972
-0.659725
-0.238006
-0.001677
1.314346
0.402783
0.525914
-0.167655
0.792665
0.302323
0.044023
-0.743084
-0.113572
-1.079533
-0.040139
0.088911
-2.404518
-0.230340
-1.175880
0.498639
0.637160
-0.426340
0.549022
0.591067
-0.229716
1.534287
-0.725075
1.471366
-0.225199
-0.843326
-0.351548
-1.099389
0.784558
-1.602769
1.389609
-0.935867
0.836653
0.024226
0.270815
-0.590043
0.352808
0.134974
-1.457911
-0.962500
-0.540912
-0.754997
1.252811
0.007014
-0.778671
-0.490770
-0.504463
-0.288049
-1.075329
-0.813931
0.766607
0.185343
-0.152338
0.002623
-0.045561
-0.209131
0.517105
0.443160
-1.571763
-0.131562
-1.505819
0.635577
0.767667
-0.610779
-0.116759
-2.111440
0.972790
0.709674
1.150085
1.486544
-1.224109
0.888044
1.479304
-1.494578
-0.171211
-0.363402
0.855462
-2.393941
1.815958
-0.112537
0.916094
-0.060237
0.492125
-2.321418
-0.384882
0.847761
0.288732
-1.636841
0.061425
-0.818742
-0.905419
-1.520694
0.618703
1.113014
2.120143
-1.474048
0.767372
0.833171
-0.580505
-0.917578
-1.085742
-0.527353
0.202622
1.360112
1.105338
-1.615417
-0.788843
1.299640
-0.731093
-0.056914
-1.705289
1.153033
-1.912748
-1.642811
1.050817
1.920062
-0.290611
-0.046863
0.908280
0.289448
-0.373218
-0.485454
-1.566798
0.232942
-0.091917
-0.437846
-1.001815
-0.900531
0.618377
0.881664
-0.327116
-0.432480
-0.853648
0.936820
0.030996
0.367901
0.358470
-0.307702
-1.165360
-0.996133
1.127886
-0.725684
-0.410362
-1.134391
-1.216066
-0.769165
1.688407
0.658037
-0.526789
1.082877
-0.152299
1.354340
2.211730
1.028162
0.094551
0.699310
0.015071
-1.835998
-0.654625
-0.951592
-0.676791
1.793671
1.122150
0.440885
0.812343
-1.892113
0.728184
0.939624
-2.239747
0.765237
-1.424074
-1.970005
1.326318
-1.007049
-0.715947
0.989605
-0.305238
-0.180165
-0.202087
0.347599
-0.226334
0.114126
-0.503558
0.351820
0.313843
1.897886
-0.381251
-0.184166
0.238824
0.964436
-1.091585
0.103577
-2.507826
-0.271532
1.072727
-0.726142
0.176838
-0.528906
-0.859402
0.971486
-1.045259
0.292965
0.308352
-0.851799
0.155685
-0.934948
0.521792
-1.314946
-0.339606
-0.252772
1.112955
0.140043
0.955014
0.554691
0.548303
-0.331933
1.020906
-0.356170
-1.729825
-0.214787
0.453476
-1.606626
-0.885102
-1.230588
0.786717
1.672863
-0.209699
0.531530
0.505519
1.553797
-0.652553
-0.219879
-0.340769
0.075367
2.504317
0.030811
-0.854711
-1.154497
1.252645
-0.859254
0.663587
-0.679691
-1.266693
0.605200
-0.630745
0.425426
0.499283
0.546265
-0.268149
0.686184
-0.922546
-2.454090
0.706892
0.165591
-0.610078
-1.471153
-2.036578
0.051743
1.648786
-0.138557
-0.361335
-0.024368
2.179205
0.751904
-0.933575
0.028104
0.332437
-1.056339
0.759137
-0.817809
-1.510946
0.076134
-0.082156
-0.001022
-0.764645
-0.625113
1.128447
0.441086
-0.956746
-1.950697
-0.914416
0.157299
-0.631932
-0.709650
-0.589160
-0.072708
0.784628
-0.000419
0.061937
-0.224860
-0.499357
0.894241
0.742402
2.045280
0.610564
-0.498414
-0.904651
0.952945
-0.814987
0.809737
-0.759914
0.349158
-1.059751
0.779885
-1.233672
0.272957
-0.197840
0.101806
-0.395804
-0.419260
0.154781
-1.002138
-1.008022
-0.358550
-0.397470
-1.005396
0.924215
-0.334473
-0.226662
-1.327528
2.071636
2.427067
-0.780399
1.226086
-0.091813
1.603770
0.336233
0.099762
-2.499269
-0.878606
0.020521
0.198666
-1.214834
-0.728772
0.553447
-1.383211
0.133730
1.237954
0.385470
0.335487
-2.020151
-0.821913
2.054202
-0.599162
1.264476
-0.610841
-0.277820
0.515587
0.100693
0.381512
-0.818390
-1.136270
-0.885872
-0.532318
-0.229281
1.037275
0.087341
0.484597
0.141601
-1.115434
0.017270
0.130782
0.759923
-1.068588
-2.040411
0.176264
0.353850
-0.179385
0.028021
0.878772
-0.458806
-0.278641
0.079036
-1.219815
-0.151897
-0.063743
1.637042
-0.298116
0.200011
0.918618
-0.837485
1.375740
1.763870
-0.028896
-0.539426
1.627119
0.795631
0.081969
1.426844
1.320992
-0.336257
0.248730
0.576792
0.028730
-1.390871
-0.938259
-1.358263
0.492924
-1.184352
0.192418
1.831904
1.427770
-1.837417
-1.278701
-0.776516
-1.169024
-1.653814
-0.010840
0.705101
0.954034
-0.474476
-0.271904
0.355677
-0.108486
0.810607
0.430365
-0.376304
-1.856636
1.499032
-0.686082
0.357559
-1.916592
-0.011317
0.100262
0.148602
3.013793
-0.631118
0.820664
0.523232
-0.678639
0.805669
-0.164321
0.875243
1.960963
0.150799
-0.281125
1.051556
1.396653
-0.883258
-0.452957
0.675423
-0.132032
-0.954332
0.540695
0.671490
-0.334386
0.061349
-0.576573
-1.095237
-0.497065
0.073932
-1.475089
-0.424013
0.087830
1.194660
-0.312592
-1.245902
-0.209660
-0.566569
0.552179
-0.337905
-2.710567
3.691624
0.142363
0.089192
-1.541410
-1.464569
-0.091949
0.336171
0.702114
0.237438
-1.185942
-2.504467
-0.100222
-0.533975
-1.262572
0.828058
-1.575577
0.616969
-1.410138
0.134089
0.933974
-0.337933
1.689920
1.917886
0.237175
0.541385
1.060709
0.544426
0.437243
-0.524069
-1.687356
-1.390095
2.382367
0.322459
-0.245683
1.263327
-0.749458
0.583108
0.077192
0.460028
-0.336410
-0.964694
-0.822871
-0.783884
-0.002970
-1.556135
-1.247429
0.135524
-0.127675
0.190232
-0.045044
2.518950
0.126738
-0.379080
0.101132
1.019955
-0.049628
0.684728
0.396046
-0.290416
0.110876
1.598922
0.243078
-0.986021
-0.319510
-2.114247
0.137399
1.312062
-1.341406
0.149733
0.985432
1.091139
1.279801
-1.868254
0.504931
-1.505565
-0.998332
0.821122
0.158047
0.726336
-0.929117
1.473603
0.688334
0.889298
-1.080167
1.171401
-0.316162
-0.611226
0.625464
0.583212
-0.846819
2.056301
1.814351
0.605035
0.430403
0.329786
-1.549997
0.112807
0.099542
-0.576012
-0.309349
-2.381292
-1.097273
0.921826
1.731197
-0.943381
0.182849
1.098382
-0.520215
0.676248
-0.033790
1.190402
-1.282451
-1.104577
0.279539
0.096206
-0.056324
0.575834
-0.930650
-1.369436
-0.500108
-0.388279
-0.283747
1.269046
0.770417
0.533240
0.222000
-0.434188
-0.853945
-1.197157
-0.694507
-0.042922
-1.154984
0.169520
-0.194438
-0.397298
1.161533
-2.460619
-0.383730
-2.352437
0.238563
0.762182
-1.351106
-1.223058
-1.698300
0.063642
-0.340788
-0.278655
-0.367972
-0.973599
1.131874
0.272341
-1.184664
-0.700547
-0.872069
1.405928
0.711219
-0.126489
1.707221
1.452044
-0.230711
-0.410565
-0.362364
-0.952747
1.733974
-1.006413
0.868304
0.690543
-0.304866
1.810045
-1.559096
-0.079691
-0.489040
0.960593
0.353566
-1.727295
1.239479
0.485462
-1.035492
-0.349679
-1.299885
-0.170838
0.150118
-0.334647
-0.450464
-1.612740
0.337241
-1.924455
0.031080
-1.799156
0.050505
-0.006119
0.403345
0.862286
1.047588
-1.610043
-0.058206
2.010941
0.119101
-0.831348
-0.079701
-0.383666
-1.176458
0.869104
0.584353
-1.334509
-0.093275
-0.566464
-1.601593
-1.414819
-1.265960
-0.058430
-0.457953
-0.959188
-0.391883
0.747535
0.356696
1.001869
-0.228313
1.602557
0.348080
-0.488917
0.092952
-1.248076
-0.306185
0.429974
0.611669
-0.410162
2.733891
-0.172208
-1.678394
1.213267
0.607127
0.231689
-0.464921
0.393347
1.619016
0.201633
-1.470034
-3.453354
0.384560
-0.985914
-0.099713
-0.809078
-0.880909
-0.765274
-0.674875
0.776236
0.573644
-1.207989
-1.071735
0.379122
1.052502
1.037141
-1.002909
0.989311
-1.776270
-0.202884
0.487026
-2.078805
2.092857
1.326695
0.647004
-0.965028
-0.068104
0.790420
-1.122662
-0.180474
0.910384
-1.494595
0.332425
-1.754770
-0.943847
-0.504593
0.513556
-0.700789
0.125548
-0.687228
-0.530617
1.250661
-1.150228
0.759154
-0.001064
-0.575554
-1.217523
-1.146236
-0.738645
-0.150054
0.603510
-0.300239
-0.233311
-0.083990
0.476778
0.644803
-1.386966
-0.282075
1.227404
-1.316120
0.074313
-0.170844
-0.566676
1.590783
0.036836
1.511145
0.005627
0.460256
-0.577222
-0.566094
0.409348
0.427697
0.597987
0.376678
-1.336421
-0.806369
0.849943
-1.958465
0.292607
-0.111880
0.849582
0.416621
-0.663980
-0.709350
-0.522783
0.580063
-2.302214
0.157379
-0.883035
0.190835
0.344498
-1.662327
-0.226866
0.155570
0.087950
-0.122201
-1.220888
-1.068628
-1.378047
0.554046
-0.115571
-0.051753
-1.705493
-0.033603
0.633637
-1.841840
-0.535406
-1.570349
-0.420282
-0.900992
0.380909
0.169240
1.291504
-0.054078
0.338488
-0.557707
-1.103065
0.834762
1.243255
0.705656
0.131228
-0.974094
1.141628
0.579509
2.024879
-1.154424
0.862567
0.549106
-0.342027
1.363835
0.402345
-0.936893
-0.118339
-0.948859
-0.468516
0.703826
0.989274
0.221212
-0.750075
0.381608
0.723400
-1.972112
0.116479
-0.190190
0.953711
0.385689
0.484352
-0.481911
0.001652
0.943685
-0.064880
0.174670
-1.535957
-0.068540
-2.012000
-0.516145
0.063516
0.767031
-0.999160
0.373684
1.468493
-0.640744
-1.547053
0.289840
-1.191997
-0.818999
0.923337
1.876899
-1.000690
-0.737420
-0.439869
-0.547808
1.933293
-0.530568
-0.387752
1.616177
0.576676
0.985899
-0.906113
-0.530180
-1.039718
0.801262
1.225243
-0.599774
-0.364241
-0.320490
-1.547224
-0.673822
0.773266
-0.875418
0.092982
-1.308019
-0.144001
-0.563321
-1.221671
0.790386
0.846627
-0.969539
-0.216183
0.044319
-1.814762
-1.397093
1.286284
-1.065127
1.258183
-1.345414
0.658828
-0.311303
-0.170766
1.855936
-1.254187
0.594798
0.553490
3.354573
-1.077131
-0.625985
0.815922
-0.200264
-0.463051
0.957511
-0.266568
-0.891859
0.726210
0.375288
-0.312847
-0.360302
-0.914907
0.725097
-0.360108
-0.769846
-1.285555
0.392154
-0.508583
-2.012675
-1.203269
-0.233597
-0.205538
-0.243542
-0.382756
-1.475854
-0.874548
1.183777
1.036228
0.577952
0.489503
0.904756
-1.120795
0.032928
-1.120267
-1.102914
0.368065
0.946750
-0.193849
1.649000
0.211784
-0.776786
-1.086729
1.018131
0.128459
0.676047
-2.657963
0.244672
-0.511774
-1.393759
-0.062682
1.091814
2.266228
0.242152
-0.709147
-0.769503
0.963132
-0.996874
0.622427
0.293681
0.183101
-1.568119
-0.356958
-1.458158
-0.588247
0.917139
1.231058
0.213949
-0.570341
1.588099
-0.583591
-1.135687
0.696483
0.457734
-0.542576
0.100225
0.442160
0.203679
0.458939
-0.505715
0.526245
0.017558
-0.471811
-0.245885
-0.097902
-1.445378
-0.636659
0.064906
-1.350991
-0.619924
2.384645
-1.129258
-0.383814
-0.833717
-0.116870
-0.814918
-0.243243
-0.718547
1.055128
0.081637
-1.002973
0.840797
-0.958267
-1.564080
-0.003042
1.907264
-1.827664
-1.330988
0.752526
-0.642321
0.611949
-0.837489
0.141962
1.744474
-1.194590
1.023761
0.679707
-1.489244
0.558901
0.072806
0.091094
0.336518
-0.350366
0.070099
0.241452
0.746058
-1.527161
1.290886
-1.155290
0.761628
0.079445
-1.281156
0.528145
-0.945407
1.068796
-0.710835
-1.494986
1.533845
0.181324
0.867191
-0.851472
-1.891811
1.675202
-0.006427
0.491352
0.656596
-0.335391
0.226230
1.593953
-0.032441
0.942101
-1.991247
1.123761
-1.522004
1.009409
0.390631
-0.095921
-0.099588
-0.252731
-0.820670
-0.205976
2.208059
1.302307
-0.871003
0.267687
0.095979
-0.142293
-1.002778
0.445898
0.846072
-0.833899
1.955541
1.522003
0.548166
-1.231720
0.401409
0.281978
0.513155
1.590464
-0.175974
2.047827
0.406504
-0.290463
2.399377
0.829892
-0.454734
0.084217
0.635233
-0.150861
0.133908
-0.817204
-1.685194
0.106419
0.140028
0.527120
-0.576190
-1.340554
-0.965324
1.055634
-0.666611
-0.442081
-0.312414
-0.619276
-0.693211
-0.871124
1.400657
0.680101
1.247821
1.449340
-2.349880
0.343455
-0.586179
1.116810
-0.741471
-1.054150
-1.434046
-0.302675
0.914945
0.256167
-1.202648
2.152659
0.649539
0.777410
1.285029
-1.640216
-0.911434
0.823011
-0.810738
-0.275013
-0.077741
-1.277405
-0.360817
0.914503
0.729454
1.113015
1.009876
0.405874
0.326678
0.253331
-0.627047
-1.029945
-0.689597
-0.326029
-0.655826
0.413832
0.201895
0.309323
0.351408
1.195664
-0.008573
1.008369
0.516585
1.129634
1.614630
0.576650
0.103768
0.097308
-0.470166
-0.503772
0.902117
-0.963670
1.614773
-0.151723
2.862078
-0.693115
0.250189
-0.351849
-0.793084
1.063800
-1.105554
-0.676075
0.586320
0.744961
-1.391885
0.581677
0.128900
-0.917723
-0.788882
-2.033451
1.717444
1.015420
-1.289145
0.798908
-0.574022
0.914811
-0.496074
-0.363354
-0.288347
-0.657355
1.399271
0.898527
0.109949
1.024568
-1.627072
-1.228459
0.474555
0.735537
0.279408
-1.882695
-1.062335
0.416592
2.426472
1.217913
1.577304
0.339725
0.332491
-1.033485
0.951822
-0.073182
0.692732
0.030686
0.279118
-0.087728
0.224625
1.000077
-1.266230
-1.492922
0.425865
1.440574
1.692745
-1.224410
-0.402874
-1.479215
-0.550612
1.122848
-0.012892
-0.373874
0.545086
-0.795052
1.592978
0.007285
-0.401794
0.586849
0.939286
1.595975
-0.209969
1.086056
0.101212
-0.611380
-0.776812
-1.096983
-0.741694
1.115707
0.706710
-1.241212
-1.746391
-1.112293
-0.776736
-0.303266
1.172863
-0.547717
1.680500
-1.680200
-0.348633
0.785549
0.847205
-0.335714
1.001753
0.812196
-0.682115
0.314928
0.703613
-0.610535
1.694325
-0.835362
0.144093
-1.249777
0.103360
-1.067073
-0.294129
-1.586598
0.799813
0.356280
1.087411
-0.347805
1.133847
0.039280
0.113167
2.114053
-0.484676
1.227459
0.479685
-0.571905
-1.315691
-1.033085
1.130675
1.734400
0.091440
0.143882
0.776453
0.073302
1.099700
0.291622
0.135541
-0.699213
-0.945267
-3.159088
1.234117
-0.146607
-0.400397
-1.951707
-0.640113
-0.771686
-0.794773
0.332836
0.122249
-1.361296
-1.297841
-1.299679
1.810526
1.492723
-0.852299
-1.976594
0.128044
0.046940
0.316917
0.741374
0.451704
-1.116440
0.294041
0.853824
-0.724002
0.299956
-0.552781
1.996170
-1.326827
1.155949
-1.670813
1.793053
-1.141549
0.189672
-1.629193
-1.349981
0.897747
1.028162
0.239359
0.741082
1.044879
-0.684177
-1.398961
-0.013703
-0.577201
0.388621
0.548029
-0.681651
0.704109
0.654138
0.723318
-0.407792
0.779922
0.520002
0.640185
1.677789
0.327774
-0.606962
-1.110455
1.127936
0.357308
1.670022
-2.029552
0.910667
-0.261137
-0.353521
-0.764808
0.899571
0.613536
-1.142382
0.164921
0.706114
0.178011
1.107840
-0.290039
-2.254358
0.186718
0.180626
0.311186
1.106979
-1.952463
-0.238483
-0.922658
-1.208030
-0.072299
0.701822
0.300947
-0.687522
-0.145472
0.929896
0.683129
-0.552770
-0.617496
-1.716484
-0.429411
-1.735789
2.067070
-0.855118
1.108981
1.818106
0.216201
-0.100014
-1.322365
-0.504600
1.603965
0.351253
0.028348
1.312123
0.696291
-0.147873
0.216256
-0.768065
-0.561041
-0.206299
0.557471
-1.247363
0.076240
-0.389862
-0.900929
-0.384492
-2.321403
-0.757589
-1.099487
-0.279916
-2.279790
0.190893
0.909423
-0.117296
0.498792
-0.512731
-1.554621
0.001691
0.680378
-1.324388
-0.465227
-0.247116
2.851408
0.223371
-1.905574
-2.152851
0.730499
2.485032
-0.280974
-0.340820
0.430774
-0.798296
-2.544155
1.037264
-0.613182
1.050118
-0.760987
0.121779
0.854832
1.070351
0.232989
0.183239
0.619706
0.464170
-1.291180
-1.272082
-2.109059
0.766508
-0.395730
0.820197
0.403711
-1.002427
-0.120222
-0.454822
-0.609223
0.915287
2.510743
1.116204
-0.026956
1.259508
1.712903
-1.392371
1.224855
0.769682
1.188119
0.813287
-0.227729
2.032871
0.339599
-0.434327
0.505978
0.972396
0.094761
0.393136
0.088367
-0.660076
-0.821824
-1.402816
1.518020
-0.223417
-3.427575
0.396533
0.375827
-1.866568
-0.832396
-0.876289
-0.742268
1.212776
-0.148878
-0.427235
1.122390
0.495348
-1.740978
-0.616624
0.321962
-0.933890
2.029555
0.112879
-0.753376
-1.122944
0.927528
-0.647862
0.379924
-1.151519
0.070198
-0.635886
-0.315394
-0.796281
1.025626
-0.491004
-0.143457
-0.095142
1.612270
0.890309
0.790681
-1.577887
-0.656392
1.188619
-1.170931
0.084014
-1.065261
-0.964907
1.680786
0.719271
0.983140
0.783741
-0.139288
-0.691597
-0.402090
-0.191826
1.776286
-1.336356
-0.553661
-0.912963
1.056623
1.853788
0.308786
0.391016
0.091321
0.437479
0.773155
0.425641
0.498834
0.775414
-1.778278
0.002009
0.305209
0.416148
-0.170886
0.160752
-0.719906
-1.774845
0.983137
-1.134372
-0.160454
-0.749130
1.587009
-0.079645
-0.310456
0.747866
2.156474
0.405690
-0.377419
0.696594
-1.572679
0.046429
1.993958
0.157747
0.107778
0.020637
-0.395476
0.314491
0.775273
-0.331820
-2.490752
0.465618
2.133126
-0.376261
-1.471163
0.677413
1.743832
0.529374
1.724700
0.793669
0.706851
-0.518001
0.285407
-0.029471
-0.063736
-0.253865
0.225613
-1.296345
0.811718
-0.877745
-0.250271
0.330560
-0.927273
-1.966463
-0.383047
-1.431098
0.712311
-1.153504
1.485156
-0.005793
0.059174
-1.980631
0.144863
-0.080180
-1.299089
0.087268
-0.397923
-0.216788
0.025882
-0.471454
0.246457
-0.086555
0.472768
-0.528675
-1.064920
-0.708869
1.442657
0.955967
1.213379
1.282714
-0.466318
0.295812
0.075839
0.659539
-0.289168
0.092974
0.072271
0.532262
0.655717
0.093671
0.123991
0.225898
1.646551
-1.729998
-0.969680
0.673680
0.269784
0.262750
0.667495
0.213993
-0.559282
0.628809
0.020887
-0.447577
0.690361
0.651034
0.214766
1.717119
1.326827
1.001857
2.566365
-0.146463
-0.464800
0.860363
-0.252634
0.011928
-0.985920
0.606659
-1.471007
-0.096438
-0.015356
-0.436039
-1.757215
-1.764631
-0.746172
0.539050
0.288925
-0.016435
-0.884588
0.341132
-1.799029
-2.396549
-0.243072
-0.546051
1.013171
0.157984
1.650735
-0.548215
0.486772
-0.252277
1.381720
-0.204050
0.854407
-1.077619
-0.415213
-0.084043
1.263417
-2.197187
-0.332644
-0.366480
-2.076973
-0.464036
-1.540667
-2.330663
-0.262313
-0.296145
-0.244954
0.252858
-0.879397
1.790856
-0.033294
1.286430
-1.679899
-0.834530
0.686315
-0.226564
-1.073179
-1.838630
0.733204
0.651602
0.243321
-0.495906
-1.113090
-0.052982
-1.315319
-0.751584
1.261251
-1.850836
0.677528
1.494196
0.816260
0.398213
-0.463573
-0.645888
-2.248131
0.037007
-0.402240
-0.698034
-0.020081
0.062369
-0.635557
1.613081
0.730603
0.896279
-0.103303
0.511236
-0.895705
0.666259
-0.204403
-1.021984
-0.022767
-0.292054
2.323069
0.435394
1.579718
1.131287
0.037781
-0.443719
-1.740227
-0.870944
0.662753
-0.302130
0.375820
-2.030275
0.453515
1.096482
-1.775758
0.371564
1.343535
1.680087
-0.503499
0.779930
1.429790
0.401381
1.285078
-0.035862
0.394314
-0.621609
-0.164600
0.433716
-0.696619
-0.223586
0.760874
2.052557
-2.049438
1.976577
-0.259872
0.964900
1.161093
1.564497
-0.727962
-0.225271
-0.053596
-0.357434
1.318761
-0.076828
-1.618548
-0.633014
-1.578400
-0.228339
0.672550
-0.654477
-0.403033
-0.274765
0.140742
0.516083
0.807255
2.255517
0.123496
0.735793
-1.587557
-0.379183
-0.270417
-1.017315
-0.535993
-0.107485
-0.504663
2.601834
0.512275
2.001023
1.492651
-0.639246
0.037560
-0.434825
-0.161823
-0.976434
-0.441535
0.359519
0.333122
0.253404
-0.059675
0.860742
-0.257043
1.391552
-1.847598
0.656811
0.488371
-0.674567
-0.355231
0.464791
0.915935
-1.749463
0.628246
-0.457651
1.125290
-1.839275
2.445299
-0.886140
1.429961
-0.069185
-0.818667
0.265114
1.029125
-1.552705
0.701589
-0.012178
0.577044
0.010975
-0.571869
-1.113123
0.672645
0.667272
0.662272
0.427596
0.944699
1.406069
-1.876418
-2.341797
1.717947
-1.341047
-1.086243
-0.287614
-1.653972
-0.381587
-0.948105
-0.233341
0.279841
-0.343538
-0.394047
0.257996
1.044292
1.602964
-0.218538
1.824889
0.876707
-1.232008
-1.261208
-0.577288
1.444604
-0.501367
-1.892357
-0.228884
-1.980572
-1.054986
-0.587028
0.149669
1.024162
0.694136
-1.179325
-0.371712
0.076376
-0.262207
-0.269295
-1.722743
-1.152734
-0.402940
-3.093226
0.640644
-1.372679
0.686838
0.598916
-0.543693
1.000548
0.743197
-0.308961
-0.421760
1.097233
0.232014
1.044697
-2.388974
0.098485
-1.577409
-0.025789
0.713820
1.739140
-0.938167
-0.525705
-0.095533
-0.974531
0.978560
-0.070095
0.121957
0.620173
-0.071712
-0.817539
-0.063020
-0.856181
0.107981
0.996938
-1.174978
-1.532371
0.049250
-0.767800
0.031745
0.320404
-2.143686
0.689849
-1.169669
-0.022348
-0.659382
-0.551957
1.693958
0.319268
0.904688
0.150941
0.620014
0.417378
0.254456
1.107156
0.156505
2.285149
0.960532
-1.139541
-0.176550
0.397078
0.044497
0.686873
0.797017
-1.359587
1.281078
-0.496817
-0.595905
-0.599122
0.808576
-0.267068
-0.663552
-0.423959
-1.794692
-0.842164
-1.239583
-0.269169
0.664193
0.553876
1.256750
1.033976
-0.528597
0.019071
-0.032556
-2.151053
-1.217260
-0.167287
-0.172896
0.512325
0.463642
-1.770692
0.518597
0.178587
0.623373
1.066866
-0.142883
1.245588
-0.889400
-0.945738
0.428772
-0.368768
0.261633
1.992982
0.393495
0.212170
-0.869220
-1.699980
-0.072547
1.066870
-0.322938
0.401462
1.426497
1.401516
0.428816
0.170106
-1.518633
-0.630195
-0.280756
-0.852332
0.248453
1.911648
1.517762
0.243880
0.779434
-0.728604
1.464089
-1.561967
0.912828
0.495590
-0.755859
-0.208787
-1.134253
-1.091640
-1.591054
0.767514
1.205345
-2.161808
1.838305
-0.012008
0.289853
-1.472413
1.320826
0.200250
1.138826
1.220858
1.334874
-0.648281
-0.207962
-0.611702
0.895096
0.332889
1.069145
1.112739
-1.727260
1.350770
0.950861
-0.369225
0.349793
-0.123670
0.616056
-0.371396
0.478927
0.067305
-0.432194
0.190136
2.706470
-0.685537
-0.249944
-0.668112
-0.563216
0.815774
0.715882
-0.005864
1.026297
0.793443
-0.162334
-1.533865
0.829783
0.169665
0.022223
-0.466048
0.744649
0.348496
-0.236828
-1.225455
1.067929
0.604905
0.255403
-2.656774
-0.037894
-0.241204
-0.618496
0.754235
0.714860
0.436825
1.037891
-1.022298
-0.453654
0.074792
-0.622002
0.727169
-0.522201
1.298370
-0.931159
2.131984
2.029297
-0.094753
1.146170
-0.400428
1.013286
-0.175978
-1.285440
-3.532818
-0.268713
0.279063
1.330316
0.036625
1.002910
-0.453942
-0.337279
1.054036
-2.464674
0.012984
-0.399961
1.360611
-0.528246
0.516585
0.921517
-1.492596
-0.139370
-0.431636
0.946293
0.675082
-0.233202
-1.047408
1.038147
-0.067653
-1.618377
-1.532380
0.437633
-1.275806
1.859648
-0.937070
-0.000361
0.159112
-0.729378
-2.239827
0.190895
-0.753240
0.116538
-0.122331
0.263291
1.561870
-0.546183
-0.468845
-1.665797
-0.195184
0.409870
-0.483495
0.416431
-0.177509
-1.302266
0.311985
-0.205832
0.122758
-0.566950
-0.655403
0.157411
-0.230600
1.724278
0.798730
0.545004
-0.177481
-2.026023
-0.807595
-0.647293
-0.274984
-0.033359
0.656075
0.273146
1.159203
-0.311902
0.257163
0.343844
0.245726
1.281890
0.803774
-1.319403
-0.114331
-0.013974
2.151541
-0.329791
-0.982484
0.438325
0.496986
-0.073773
-0.220261
0.948904
-0.853598
-0.340953
-0.522150
1.093895
0.285494
-1.064994
-0.964506
1.873415
1.083218
0.841550
0.012247
1.508473
-1.103405
0.752968
-0.443274
-0.248893
0.725789
-0.143558
-0.434700
-0.495158
-1.986346
0.763204
-1.006630
1.858409
-0.287613
1.309440
-1.809031
0.731483
0.988556
1.303564
-1.528039
-0.702719
0.576510
0.148442
0.293360
-0.360287
1.550799
2.608465
0.103980
0.453421
0.056244
1.284053
0.829116
-1.066381
-0.612702
-1.009297
2.694822
0.635312
-0.595686
-0.675552
0.805231
0.904920
0.798108
-0.425557
0.305844
0.110915
-0.936260
-0.926494
0.411965
0.196451
0.553352
0.791023
1.499383
-0.775904
0.630236
0.749199
-0.312130
0.121863
-0.286559
2.108590
0.104853
0.451505
-0.263984
-0.479635
-1.302003
1.099869
0.768438
-0.301096
-0.900370
0.179909
-0.497697
-0.222043
-1.263560
0.217070
0.237003
1.094723
-0.150742
-0.333562
-1.556761
1.100961
0.892823
0.028738
-1.329231
-1.214527
-0.547106
0.965226
0.290338
-1.493357
0.404212
-0.839147
-0.522212
0.971738
0.765504
1.093100
-0.023134
0.883025
-0.586136
-0.257566
-0.326293
0.023865
-1.286491
-0.225005
1.451657
-1.092528
-1.329321
-1.248688
2.661860
0.464852
-0.270265
0.068320
0.227639
-0.640450
-0.517217
-0.157683
-0.724755
-0.396935
0.353092
-0.997153
2.609949
0.753157
-1.270085
-2.477904
-0.687503
0.684361
0.490470
-0.110849
-0.601442
-0.904131
-0.402583
-1.012380
-0.398878
1.330951
-0.771240
0.610881
0.763424
-1.079601
-0.843372
1.068943
-0.925764
-0.057486
2.039984
0.979832
0.085230
0.840731
-0.055922
1.018232
-2.046265
-0.139266
-2.086340
0.161355
-0.236178
1.360730
0.711827
-0.526088
-0.406216
0.380697
-0.572561
-0.032373
1.316698
-0.829130
-0.447674
-0.307432
3.158073
0.608243
1.132068
0.768126
0.835394
0.473574
0.365269
-1.450745
0.357865
-0.108344
0.545457
-0.070859
0.763164
0.939933
-2.912160
-0.433893
-1.857387
0.238945
-0.300708
1.355829
0.207245
-0.485530
0.938572
-0.318202
-0.497998
0.393625
1.612971
0.853552
0.566931
2.750948
-0.732410
-0.754718
0.145569
1.515026
-0.941686
1.754573
-1.439122
-0.121218
0.173466
-0.882632
-0.621234
0.796631
1.441556
-2.114610
0.180236
-0.113309
0.107396
-0.316766
-1.290487
1.542297
1.159330
-0.103989
-0.488313
-0.609441
-2.585653
0.353820
0.780324
0.137902
-0.086336
0.133384
-0.853226
-0.499555
-0.166333
0.696677
1.378858
-0.229148
-1.044785
0.035647
2.011491
-0.957806
0.885841
1.335961
-0.360015
-0.700725
0.574957
0.353217
0.694774
2.073709
0.167047
-1.192225
0.066640
0.241557
1.267169
-0.196764
-0.409068
-1.371194
0.547413
3.348207
-0.222591
0.451955
-0.547833
-1.281285
0.434236
0.028188
-2.385554
1.610029
0.415964
0.073896
-0.421977
0.405294
0.451396
0.401321
1.067993
1.295271
2.005593
-0.836842
-0.573422
0.361182
-0.779091
-0.618015
0.475230
0.900842
1.275928
-0.192614
0.463153
0.242758
0.017657
-0.816009
-0.943211
0.666675
-0.832819
-1.776919
-0.031761
1.455240
-2.794850
-0.288330
0.675215
-1.823496
-0.213333
-1.139457
-1.007178
-0.402418
-1.123148
-1.206301
-0.059232
2.227139
0.757743
1.010533
0.797262
-0.697514
0.310832
1.097694
0.828337
0.194551
0.520046
2.462874
0.839443
-0.315159
-0.074037
-1.054151
2.347036
1.603870
0.083213
2.180820
0.632400
-0.430846
0.906453
0.398643
0.837857
-1.369092
-0.810314
1.488471
1.693138
1.415113
2.218647
0.577368
0.507083
-0.913207
-0.580531
-1.988261
-0.321486
-2.058526
1.080966
0.388399
-2.026169
-0.189864
1.967656
-0.125666
-0.998371
-1.785502
-1.755647
0.535580
-0.433873
-0.350994
-0.429747
-0.140240
-1.227163
0.316105
-1.422706
-0.755842
1.010828
0.376205
0.685682
2.150388
-0.059654
0.021460
-0.264321
-0.443414
-1.010591
0.084065
0.355049
0.410770
0.064364
0.926171
0.029437
-0.409302
-0.926988
-1.548975
1.460415
-0.699055
-0.925667
-0.417538
-0.278389
1.638512
-0.328147
2.633384
0.063697
2.057028
0.893929
0.361037
1.577848
1.122230
0.634679
2.317594
-0.498393
-0.994914
-0.676231
1.752273
1.450760
-0.525262
-2.354651
-0.205845
-1.013264
-0.493936
-1.054409
-1.609538
1.883204
-0.683668
1.412668
-0.221371
-1.130804
0.509068
-0.391057
-0.207101
0.144906
-0.812213
-1.621136
-0.051270
0.963918
-0.901591
0.153962
1.505507
-0.089765
0.086094
0.055212
-0.682344
-0.993354
-0.989262
0.368183
0.757872
0.805082
-0.378543
1.093309
0.307364
0.070742
-3.339357
-0.817410
-1.521098
0.627074
0.095033
-1.071986
0.304363
-1.423492
-1.043763
-0.710221
0.540136
1.399442
-0.586008
1.322459
0.047404
0.236138
-0.063805
-0.197314
0.439300
0.740321
-0.884611
-0.189300
1.669275
0.177189
0.286694
1.167269
-0.501244
-0.033961
0.816845
1.238902
-2.365143
-0.736669
-0.998365
-0.123825
-0.922673
0.664105
0.172410
0.889190
0.953008
0.679086
-0.335791
0.104278
-0.460874
-1.364735
0.953788
-0.084065
-1.502612
0.536950
-0.223949
-2.059804
-1.373729
-0.700611
0.210512
0.788020
0.753769
0.602863
-0.034362
1.722232
0.699871
0.222105
0.566588
-0.399035
-0.057244
-2.081954
-0.386748
1.759888
0.148375
0.106740
0.998604
0.357825
-0.786484
0.023658
-1.135219
0.183612
-0.837750
0.928295
-0.510241
-0.824704
-0.112832
0.365392
-1.207332
-0.521267
0.105162
1.338369
-2.528716
0.615163
-0.383566
-0.494610
-0.681127
-0.363896
0.620817
-0.536786
1.658592
0.623867
0.197972
-0.166056
1.189854
1.336020
-1.161382
-0.701898
0.634630
0.936681
-0.300341
-0.742445
0.078613
1.476693
0.041034
-1.263941
0.109583
0.782748
-0.101377
1.258167
0.865849
-0.061759
0.043144
-1.841760
1.210227
-0.329517
-0.399957
-0.549854
0.456698
-1.128693
-0.984173
-0.052525
-0.626513
0.335234
-0.589889
1.595036
0.693457
0.680886
-0.604962
2.405680
-0.439011
-0.713810
0.706743
0.195228
-0.818384
2.195847
0.975600
0.004005
2.401110
0.810780
-0.011901
2.281438
0.658985
0.615245
-0.386348
0.049413
-0.410693
1.439736
-1.609414
1.365870
-0.877343
-0.057921
-0.295216
-0.520153
0.689784
-0.005189
-0.667699
0.153996
-0.696087
-0.537776
-1.497263
-0.450309
0.494205
0.037125
1.815064
2.612818
-0.464218
-0.833318
1.129817
0.335208
1.135874
0.398831
-0.194358
-0.188685
0.432777
-0.211114
1.219501
-1.302337
1.214144
-1.873401
0.145102
-0.331043
-1.516356
-2.060019
-1.097515
0.045684
-0.602184
-1.040949
1.352281
-1.232185
0.679117
-0.888997
-1.122806
-0.603839
0.619916
-1.371466
0.287455
-0.960760
-0.780767
0.400642
2.173483
-0.911017
0.719881
-0.312712
-0.474743
1.071376
-0.843523
-1.154113
0.460176
1.594784
0.749995
-1.407017
-0.615333
0.979598
1.581110
0.228711
-0.579173
1.646019
-0.074594
-0.605809
-0.774933
-1.195018
2.833580
1.420958
-0.656293
1.731826
0.533302
0.474108
-0.717917
-0.514127
-0.042424
-1.965549
-0.486820
0.004490
1.309519
-0.616548
0.812138
-2.060494
1.167030
-0.900347
0.130273
0.406343
0.210180
-0.106780
-1.241516
-0.889541
0.996432
-0.597377
-0.103296
-1.492086
0.858573
-1.319483
0.915963
-1.062712
1.014508
0.010193
-0.558757
1.600402
-0.068855
-0.361812
0.909118
-1.480457
-2.527166
1.157980
-0.836302
0.864622
0.046162
-1.163989
0.607282
-0.410170
-1.077340
-1.051296
-1.732839
0.403025
-0.935401
-0.034722
-0.181722
-0.941557
-1.522900
2.533711
-0.048533
1.823383
1.164937
-0.321165
0.180965
0.151916
1.844201
0.829834
-0.807273
0.351619
0.804314
-1.175319
0.494149
1.345489
-0.857473
-0.719319
1.160473
-0.354236
-0.982008
0.882273
0.576854
0.094394
1.124583
1.195635
-0.082823
1.974326
1.583390
-1.984298
-1.030117
-2.255292
-0.324715
-1.211218
-0.814318
1.090568
-1.754829
0.129736
0.123676
-0.082389
0.130779
-2.232282
-0.809555
1.543001
-1.196871
1.666611
-1.406822
-1.527041
-0.951779
1.129083
-0.546121
0.345407
0.073637
-0.054462
1.274118
0.771518
-1.142903
-0.275571
1.743440
0.319562
-1.507846
-1.437039
0.890145
0.702437
-0.921366
0.747630
1.599392
1.457859
1.604278
0.555489
-0.177660
-0.402480
-0.017387
-0.876023
-0.359299
1.275120
-1.609071
-1.540670
0.830531
-0.350173
-1.925643
-0.061334
-0.204122
-0.431084
0.685706
-1.333196
0.012985
-0.210972
0.037825
-1.732186
-0.522649
0.019769
0.541160
1.846396
0.805948
0.461155
1.271475
-0.303822
1.553928
1.119273
-0.445878
1.923955
0.446935
2.192969
0.303182
-0.561930
-0.767537
-0.355743
-0.571295
1.271389
-0.028974
-1.614023
0.213004
0.125513
-0.468608
0.267592
-0.044109
0.633765
0.574979
0.364903
-1.298856
2.119017
-1.555986
-0.128709
-1.094433
0.396338
0.138406
-0.168766
1.517773
1.108496
-0.327115
0.804135
1.564680
1.101345
-0.136219
-1.590301
0.324648
0.668610
-0.769617
0.022545
-0.082888
1.387711
1.853816
1.175215
-0.085556
1.147716
0.648788
-0.074900
2.092390
-0.738018
0.603909
0.839561
-0.287499
0.559138
0.945497
0.244634
0.472496
0.105431
0.797520
-0.228979
-0.311798
0.020560
1.183669
-1.747363
-0.909369
2.275770
0.275188
-0.407036
0.794852
-0.785027
-2.102789
0.354800
-0.730784
0.101390
0.329401
0.142116
-1.708995
0.026281
0.444602
-1.400059
-1.519174
-1.069025
0.746765
-1.998316
0.829774
0.392056
-0.257502
-1.480630
-0.796468
0.781904
1.256725
-1.031363
1.141863
0.685875
-0.006837
-0.737855
-0.581390
1.822923
0.178442
1.329868
0.241558
-0.452698
0.584090
2.157835
-0.644117
0.913869
0.190509
-1.449518
-1.471874
-0.451984
0.347489
0.878373
-1.570913
0.652698
-0.118380
0.003314
0.588612
1.746105
0.303642
-1.356737
-0.187093
0.852134
0.885043
0.665824
-0.510031
-1.367825
0.589508
-1.214237
0.693011
0.693289
-0.467693
-0.112463
0.198678
-0.614815
-1.381680
-0.039219
0.065033
1.361047
-0.781992
1.068496
-1.147069
-1.344602
-0.300862
-0.940909
-1.358616
1.944330
-0.451648
2.311304
-0.994734
-1.708547
1.291290
-0.726657
0.138866
-1.355633
-0.038113
-1.371626
-0.073907
-0.473933
0.230268
0.625691
0.241080
0.451047
-0.109033
-0.435319
0.470119
-0.111448
-0.073310
0.397745
-1.033216
1.429611
-0.249357
0.124182
-0.044519
0.652743
0.339182
-0.049924
1.448754
-3.203346
1.242674
0.920215
-1.835817
0.929283
1.058467
0.561763
-1.559087
0.682653
1.007197
-0.572206
0.441134
-0.353208
0.885377
-0.313507
-0.580117
-0.039297
-1.341652
-0.138582
0.362093
0.869959
0.248957
-1.432602
1.352271
1.436159
0.112567
-0.751942
-0.531618
-0.203522
0.278668
-0.304485
-0.858388
1.023010
0.257286
-1.052372
0.291310
0.161871
-0.718053
1.195050
0.134889
-0.216622
-0.083482
0.443917
-0.072183
-0.080544
1.065965
-1.418404
-1.251553
0.776963
2.415850
0.876495
1.864209
-0.434372
-0.637081
0.456533
0.953649
-1.311551
-0.213218
-0.027017
-0.678870
-0.562222
0.843069
0.469684
0.798451
0.336875
-0.873257
0.423103
-0.952093
-0.311753
-1.036249
-0.610888
0.090479
-0.457491
-0.883162
1.137797
-0.119592
-0.527928
-1.082399
-1.871995
-0.222047
-1.378219
0.712036
0.029491
1.558361
0.223074
-0.726658
-1.880008
0.806544
-1.298948
-0.408145
1.674088
0.610983
0.389865
0.944322
0.907050
1.580946
-0.602179
-0.376684
-0.922385
-0.032698
-0.132233
-1.754952
-0.653901
1.439116
0.244209
0.715399
-0.120545
-1.887094
-0.128636
1.041697
-1.185684
0.747039
-1.701832
0.020191
0.544518
-0.312113
2.472471
-0.493190
-0.578416
0.204492
-0.754973
-1.441338
-1.097670
0.757987
-0.304940
1.702021
-0.441236
0.710510
0.510842
-0.456151
-0.878809
-1.731804
0.553121
1.198260
-1.589931
-0.370445
-0.666918
0.551369
-0.328653
1.322981
-0.384393
-1.236383
-0.468805
-0.358615
0.526100
-0.373519
0.440097
-0.790484
-0.294677
-0.785034
-0.846642
1.274834
-0.715130
-0.347605
1.044604
0.750001
1.641207
0.482802
-0.600399
2.057145
0.582081
-0.154695
0.057466
0.179282
-0.236812
-1.375856
1.626721
-0.021834
0.183497
2.078144
-0.683285
0.655485
-0.792299
0.321021
0.201506
0.790601
1.208169
-0.579521
1.416675
1.487481
-0.249985
-0.006583
-0.494350
-0.305441
-1.203476
0.777536
-2.050294
-0.697095
-0.046162
1.299797
-0.545245
0.427852
-0.080984
0.945119
0.375586
0.830209
-0.550635
-1.014025
0.367128
-0.487728
0.030324
0.317275
1.241907
0.786571
-0.681010
-1.145022
1.707381
-1.582660
-0.452503
0.645245
1.638761
-0.189662
0.027343
-0.875027
0.126616
-1.150154
-0.750285
0.763891
-0.433577
0.917249
-0.153507
-1.368840
1.168365
-1.315326
-0.601788
-0.199699
1.005829
-0.526485
-0.926717
0.162673
-0.213966
-0.467391
0.216485
-1.203596
-1.721841
2.138730
0.104186
0.174181
-0.781989
0.897699
-0.533485
-2.786148
-0.567033
-0.281413
-0.170084
-0.199012
-0.644915
-0.741521
-0.297979
-1.645476
-1.957596
0.098055
0.114735
0.879401
-0.255565
-1.193627
-1.939647
-0.890196
0.422520
1.441449
0.054085
-1.213590
-0.879921
-0.848706
-0.405989
1.120895
1.198909
-0.172256
0.183070
-0.797558
-1.709908
1.788338
-2.322487
-1.835840
1.796406
0.016615
-1.125915
0.682704
0.773053
-1.332686
-0.532845
0.876246
-0.816906
0.282164
1.424812
-2.392485
-0.341248
0.261636
-1.792049
-0.529611
1.044499
-0.704315
-1.484326
1.130832
0.444502
-0.068856
-0.098392
1.028283
0.294528
0.645612
-0.692566
-1.917355
0.621914
1.100928
-0.224562
0.887757
-0.335213
-0.090699
1.752429
-0.291520
-0.350569
-1.869980
0.690073
-0.709841
0.147225
-0.315039
-0.445793
-0.117729
-0.040852
1.176079
1.520212
0.650715
1.271556
0.854147
0.494614
1.455143
-1.308475
-0.684462
-0.820902
-0.301388
0.685900
-1.115103
0.502799
-0.587061
-0.347064
0.200416
1.681248
-0.712347
-0.080093
-1.078225
-0.721948
-1.087341
0.244785
0.425309
0.687049
-0.753650
0.507943
0.113100
-0.057752
-1.241423
0.153253
0.184957
0.101728
0.400051
0.694596
-1.098023
-0.216696
0.515768
-0.268395
0.959424
0.090178
-1.954923
0.839429
-0.117103
-1.769711
-0.252290
-1.268364
0.753131
-0.035841
-0.923745
0.810848
0.458526
-0.235765
-1.245597
-0.842474
-0.857458
0.746497
-1.680897
-0.047235
-0.250284
1.035539
0.232737
0.535210
-0.525360
-1.230998
-0.325476
0.777162
0.774891
-0.430588
-0.860744
-1.056679
-0.136627
0.136551
1.473191
0.123331
0.613766
-0.780468
0.041701
0.140078
-0.140531
-0.021819
0.126218
0.481037
1.169118
-2.265548
1.113737
-1.710808
0.308763
2.355629
-0.042540
0.180019
-0.310260
0.667262
0.362209
-0.676047
-0.114353
-1.118436
-0.118941
-0.419372
0.136541
-0.709914
-0.214432
0.008773
0.078418
0.274284
-0.174168
-0.786694
0.082073
-0.178858
1.024646
1.150741
-1.372080
0.617155
0.817744
-1.345831
0.579473
0.895955
-0.949647
-0.236342
0.186320
0.570458
-0.988439
1.157007
-2.029348
1.323746
0.550267
-0.621772
0.864406
-1.047799
0.114936
0.238505
0.236135
-0.839718
-0.496077
0.126745
-0.726744
0.271453
-0.614126
1.000000
1.562685
-0.297464
0.920259
-0.212305
-0.936431
-0.425718
0.085570
-1.786958
0.625657
0.086021
1.000544
0.608138
0.119948
-0.355835
1.522862
2.169873
-0.339149
1.042293
-0.706750
-0.587686
-0.386245
0.684683
-1.074913
1.549964
0.937872
0.661515
-0.293815
0.829488
-2.917363
0.440901
0.160122
-1.886216
0.406253
0.590892
-1.853733
-1.186771
2.064389
-0.186354
0.975626
1.126802
0.393937
1.017241
-2.112888
-0.230529
-3.080599
-1.746094
-0.546014
-0.665384
0.041410
-0.020651
0.133742
0.174710
0.332923
-0.959045
-0.724792
-0.036878
-0.021343
-1.081927
1.081559
0.724801
-0.859717
-0.208366
2.009540
0.160577
0.395686
-0.608936
-0.313112
1.511326
0.113294
-0.070928
0.007641
2.545383
0.039808
-0.830077
-0.655351
0.780756
-1.428481
0.450583
-0.723818
-1.858770
-0.980072
0.027534
1.395167
0.913329
-0.293690
0.972187
-0.356780
-1.466512
0.021088
-1.505934
0.791408
0.805880
-0.879970
0.145598
0.136049
0.871963
-1.245068
0.599488
-1.316769
0.777189
1.062697
-0.669591
1.219129
-1.574033
1.099583
1.438456
0.345815
-0.195526
0.312420
-0.603758
2.624627
-0.586531
1.317401
-0.741227
1.596808
2.012329
0.385991
0.286657
-0.956579
-1.075668
0.297915
1.458192
-0.548203
2.207929
-0.610146
0.229392
0.232016
-0.101534
-2.043828
-0.619073
0.199639
-0.095985
0.636203
0.756836
-0.240078
-0.962430
1.548318
-1.355462
-0.595307
-0.849960
0.746458
1.317022
-0.173693
0.229777
0.428772
1.804004
-1.773573
0.744222
0.376525
-0.370840
0.326227
0.740829
0.583163
2.158501
0.127482
0.026905
-0.181299
0.552979
-0.032058
0.013209
0.017830
-0.134609
-0.608673
0.418107
-0.285048
0.613680
0.110768
-0.386575
1.564830
-0.102313
0.622823
-0.699983
-2.025539
-0.566999
-2.137449
-0.236863
1.468647
-0.905285
-2.106044
1.500257
-0.475355
-0.015738
0.788280
0.523173
0.750512
0.900429
-1.746115
-1.414348
1.171170
-0.781739
-0.672646
-1.262843
-0.404948
-0.349316
-0.937461
-1.053083
0.318663
-0.807669
-0.606312
-2.186278
1.938200
0.941824
-0.494806
-0.899081
0.010889
-0.016534
-1.275967
-2.550536
-0.526076
-1.563375
0.171380
0.178082
-0.973213
-0.534584
1.763042
0.775129
-0.452253
2.291959
-1.196937
-0.812695
-0.110514
-1.531007
1.790309
0.183152
-0.789949
0.447787
0.146056
-0.304651
-1.208515
-1.436212
2.186801
-1.352735
1.697966
-0.844759
0.790033
0.465433
0.665419
0.732014
-1.611566
-0.676346
-1.368048
0.189301
-1.323344
-1.981047
-0.237477
-2.209079
0.258738
-1.257630
-0.840580
-2.280416
1.650102
-1.462915
-0.364001
-1.791739
-0.835668
1.751822
0.297477
-0.723631
-0.034173
-0.560559
-0.092421
0.743869
-0.331098
0.219991
0.236495
-0.326146
-0.735926
-0.525183
0.699185
0.782417
-1.137794
-0.260989
-0.752922
0.799952
-0.471203
2.200924
0.217897
1.181996
-1.014611
0.011722
0.616173
-1.033300
0.020343
1.051859
-0.327450
-0.851753
1.802959
-1.171745
0.155891
-0.708276
-0.936834
0.741657
-0.205536
0.405886
-2.255146
0.503120
-0.720596
-1.878852
1.884740
0.601014
0.227277
1.249419
0.247569
-0.798614
-0.174968
-0.678366
-0.500353
-1.257704
-0.970021
0.894586
0.332075
-0.503013
-1.028032
-0.405397
-1.683850
0.126631
0.945471
2.366973
-1.103259
0.903802
-0.707211
-1.128456
-1.128898
0.140736
-0.930794
-0.606846
-0.440401
-0.739968
-0.812585
-2.429160
0.086953
0.067671
-0.797345
0.360384
1.396908
0.023580
1.330258
2.238132
2.530525
-1.188236
-1.183063
-0.444430
0.128715
1.586652
0.627241
-1.203287
-0.611657
-0.042000
-1.489160
0.013668
-1.188436
-1.650721
-0.946985
0.411021
0.404116
0.096654
0.991614
0.885583
0.204381
0.066382
0.129547
-0.147645
-2.174343
1.135485
0.397523
-1.216327
1.427817
-0.589980
-0.107769
1.023576
0.220139
1.335376
-0.352102
1.691173
-0.777803
1.317622
-2.265109
-1.100192
0.297966
-0.400445
-0.074749
0.041651
-1.190903
-1.115930
0.232122
-0.666333
1.341034
-0.191947
0.718751
0.442852
-0.601161
-1.980329
1.184941
-0.978909
-0.403758
-0.150842
-0.051012
0.961959
0.005824
-0.127354
1.018456
0.600652
-0.735570
-1.147155
-0.823700
-0.049220
-1.246054
0.090753
-0.129198
-2.542519
-1.406175
-2.885750
-0.343903
1.074014
-1.890658
-1.322287
-0.163738
-1.063753
-1.068673
0.541594
-0.494895
-1.486725
-2.087716
2.208408
1.128309
-0.451633
0.087858
-0.488531
0.510457
-0.854214
-0.543173
0.455401
1.453859
0.741415
1.233914
-0.312417
-0.623010
-1.938381
0.072198
0.379047
-0.300005
-0.776701
1.243403
0.631804
1.312825
-0.953579
-0.708234
1.203177
-0.047347
-0.569104
-0.499515
-0.011081
1.002952
-0.160513
0.790533
0.467378
-0.878339
-0.879129
-0.450267
-1.336838
-0.514139
1.513433
-0.031390
-0.766453
1.915745
-0.930617
-0.961883
1.229486
0.661318
-0.130059
0.831909
0.300600
-1.186192
-2.397585
-0.567345
1.084925
-0.428470
0.460097
0.184485
-1.693500
-0.406396
0.358879
-0.787146
-0.362538
0.391747
0.072630
1.046910
0.383671
-0.955850
-0.477547
0.020296
1.338415
-0.473526
