Cadence Genus(TM) Synthesis Solution.
Copyright 2018 Cadence Design Systems, Inc. All rights reserved worldwide.
Cadence and the Cadence logo are registered trademarks and Genus is a trademark
of Cadence Design Systems, Inc. in the United States and other countries.

Version: 18.14-s037_1, built Wed Mar 27 10:19:21 PDT 2019
Options: -files synthesis.tcl 
Date:    Wed May 06 11:42:35 2026
Host:    moore.wot.ece.northwestern.edu (x86_64 w/Linux 4.18.0-553.123.1.el8_10.x86_64) (12cores*48cpus*2physical cpus*Intel(R) Xeon(R) Gold 6126 CPU @ 2.60GHz 19712KB) (263204652KB)
OS:      Red Hat Enterprise Linux release 8.10 (Ootpa)

Checking out license: Genus_Synthesis

Loading tool scripts...

Finished loading tool scripts (6 seconds elapsed).

#@ Processing -files option
@genus 1> source synthesis.tcl
#@ Begin verbose source synthesis.tcl
@file(synthesis.tcl) 17: set_db library     /vol/ece303/genus_tutorial/NangateOpenCellLibrary_typical.lib

Threads Configured:3

  Message Summary for Library NangateOpenCellLibrary_typical.lib:
  ***************************************************************
  Could not find an attribute in the library. [LBR-436]: 147
  An unsupported construct was detected in this library. [LBR-40]: 1
  ***************************************************************
 
Info    : Created nominal operating condition. [LBR-412]
        : Operating condition '_nominal_' was created for the PVT values (1.000000, 1.100000, 25.000000) in library 'NangateOpenCellLibrary_typical.lib'.
        : The nominal operating condition represents either the nominal PVT values if specified in the library source, or the default PVT values (1.0, 1.0, 1.0).
Warning : Library cell has no output pins defined. [LBR-9]
        : Library cell 'ANTENNA_X1' must have an output pin.
        : Add the missing output pin(s), then reload the library. Otherwise, the library cell will be marked as unusable and as timing model.
Warning : Library cell has no output pins defined. [LBR-9]
        : Library cell 'ANTENNA_X1' must have an output pin.
Warning : Library cell has no output pins defined. [LBR-9]
        : Library cell 'FILLCELL_X1' must have an output pin.
Warning : Library cell has no output pins defined. [LBR-9]
        : Library cell 'FILLCELL_X1' must have an output pin.
Warning : Library cell has no output pins defined. [LBR-9]
        : Library cell 'FILLCELL_X2' must have an output pin.
Warning : Library cell has no output pins defined. [LBR-9]
        : Library cell 'FILLCELL_X2' must have an output pin.
Warning : Library cell has no output pins defined. [LBR-9]
        : Library cell 'FILLCELL_X4' must have an output pin.
Warning : Library cell has no output pins defined. [LBR-9]
        : Library cell 'FILLCELL_X4' must have an output pin.
Warning : Library cell has no output pins defined. [LBR-9]
        : Library cell 'FILLCELL_X8' must have an output pin.
Warning : Library cell has no output pins defined. [LBR-9]
        : Library cell 'FILLCELL_X8' must have an output pin.
Warning : Library cell has no output pins defined. [LBR-9]
        : Library cell 'FILLCELL_X16' must have an output pin.
Warning : Library cell has no output pins defined. [LBR-9]
        : Library cell 'FILLCELL_X16' must have an output pin.
Warning : Library cell has no output pins defined. [LBR-9]
        : Library cell 'FILLCELL_X32' must have an output pin.
Warning : Library cell has no output pins defined. [LBR-9]
        : Library cell 'FILLCELL_X32' must have an output pin.
  Setting attribute of root '/': 'library' = /vol/ece303/genus_tutorial/NangateOpenCellLibrary_typical.lib
@file(synthesis.tcl) 18: set_db lef_library /vol/ece303/genus_tutorial/NangateOpenCellLibrary.lef
Info    : Via with no resistance will have a value of '0.0' assigned. [PHYS-129]
        : Via 'via1_4' has no resistance value.
Info    : Via with no resistance will have a value of '0.0' assigned. [PHYS-129]
        : Via 'via1_0' has no resistance value.
Info    : Via with no resistance will have a value of '0.0' assigned. [PHYS-129]
        : Via 'via1_1' has no resistance value.
Info    : Via with no resistance will have a value of '0.0' assigned. [PHYS-129]
        : Via 'via1_2' has no resistance value.
Info    : Via with no resistance will have a value of '0.0' assigned. [PHYS-129]
        : Via 'via1_3' has no resistance value.
Info    : Via with no resistance will have a value of '0.0' assigned. [PHYS-129]
        : Via 'via1_5' has no resistance value.
Info    : Via with no resistance will have a value of '0.0' assigned. [PHYS-129]
        : Via 'via1_6' has no resistance value.
Info    : Via with no resistance will have a value of '0.0' assigned. [PHYS-129]
        : Via 'via1_7' has no resistance value.
Info    : Via with no resistance will have a value of '0.0' assigned. [PHYS-129]
        : Via 'via1_8' has no resistance value.
Info    : Via with no resistance will have a value of '0.0' assigned. [PHYS-129]
        : Via 'via2_8' has no resistance value.
Info    : Via with no resistance will have a value of '0.0' assigned. [PHYS-129]
        : Via 'via2_4' has no resistance value.
Info    : Via with no resistance will have a value of '0.0' assigned. [PHYS-129]
        : Via 'via2_5' has no resistance value.
Info    : Via with no resistance will have a value of '0.0' assigned. [PHYS-129]
        : Via 'via2_7' has no resistance value.
Info    : Via with no resistance will have a value of '0.0' assigned. [PHYS-129]
        : Via 'via2_6' has no resistance value.
Info    : Via with no resistance will have a value of '0.0' assigned. [PHYS-129]
        : Via 'via2_0' has no resistance value.
Info    : Via with no resistance will have a value of '0.0' assigned. [PHYS-129]
        : Via 'via2_1' has no resistance value.
Info    : Via with no resistance will have a value of '0.0' assigned. [PHYS-129]
        : Via 'via2_2' has no resistance value.
Info    : Via with no resistance will have a value of '0.0' assigned. [PHYS-129]
        : Via 'via2_3' has no resistance value.
Info    : Via with no resistance will have a value of '0.0' assigned. [PHYS-129]
        : Via 'via3_2' has no resistance value.
Info    : Via with no resistance will have a value of '0.0' assigned. [PHYS-129]
        : Via 'via3_0' has no resistance value.
Info    : Via with no resistance will have a value of '0.0' assigned. [PHYS-129]
        : Via 'via3_1' has no resistance value.
Info    : Via with no resistance will have a value of '0.0' assigned. [PHYS-129]
        : Via 'via4_0' has no resistance value.
Info    : Via with no resistance will have a value of '0.0' assigned. [PHYS-129]
        : Via 'via5_0' has no resistance value.
Info    : Via with no resistance will have a value of '0.0' assigned. [PHYS-129]
        : Via 'via6_0' has no resistance value.
Info    : Via with no resistance will have a value of '0.0' assigned. [PHYS-129]
        : Via 'via7_0' has no resistance value.
Info    : Via with no resistance will have a value of '0.0' assigned. [PHYS-129]
        : Via 'via8_0' has no resistance value.
Info    : Via with no resistance will have a value of '0.0' assigned. [PHYS-129]
        : Via 'via9_0' has no resistance value.

  According to lef_library, there are total 10 routing layers [ V(5) / H(5) ]

Warning : The variant range of wire parameters is too large. [PHYS-12]
        : The variant range (0.07, 0.8) of 'WIDTH' for layers 'metal3' and 'metal9' is too large.
        : Check the consistency of the parameters.
Warning : The variant range of wire parameters is too large. [PHYS-12]
        : The variant range (0.14, 1.6) of 'PITCH' for layers 'metal3' and 'metal9' is too large.
Warning : The variant range of wire parameters is too large. [PHYS-12]
        : The variant range (0.065, 0.8) of 'MINSPACING' for layers 'metal1' and 'metal10' is too large.
Warning : Non-monotonic wireload model found. [LBR-81]
        : 'Length' table in wireload model '5K_hvratio_1_1' is non-monotonic.
        : Non-monotonic wireload models can cause problems during synthesis and/or mapping.  Raising some of the points in the curve to give it a monotonic shape.
Warning : Non-monotonic wireload model found. [LBR-81]
        : 'Length' table in wireload model '5K_hvratio_1_2' is non-monotonic.
Warning : Non-monotonic wireload model found. [LBR-81]
        : 'Length' table in wireload model '5K_hvratio_1_4' is non-monotonic.
Warning : Non-monotonic wireload model found. [LBR-81]
        : 'Length' table in wireload model '3K_hvratio_1_1' is non-monotonic.
Warning : Non-monotonic wireload model found. [LBR-81]
        : 'Length' table in wireload model '3K_hvratio_1_2' is non-monotonic.
Warning : Non-monotonic wireload model found. [LBR-81]
        : 'Length' table in wireload model '3K_hvratio_1_2' is non-monotonic.
Warning : Non-monotonic wireload model found. [LBR-81]
        : 'Length' table in wireload model '3K_hvratio_1_2' is non-monotonic.
Warning : Non-monotonic wireload model found. [LBR-81]
        : 'Length' table in wireload model '3K_hvratio_1_4' is non-monotonic.
Warning : Non-monotonic wireload model found. [LBR-81]
        : 'Length' table in wireload model '1K_hvratio_1_1' is non-monotonic.
Warning : Non-monotonic wireload model found. [LBR-81]
        : 'Length' table in wireload model '1K_hvratio_1_2' is non-monotonic.
Warning : Non-monotonic wireload model found. [LBR-81]
        : 'Length' table in wireload model '1K_hvratio_1_4' is non-monotonic.
  Setting attribute of root '/': 'lef_library' = /vol/ece303/genus_tutorial/NangateOpenCellLibrary.lef
@file(synthesis.tcl) 23: read_hdl -sv {
    ./rom_stubs.sv
    ../sv/mfn_sliding_window.sv
    ../sv/mfn_mac_array.sv
    ../sv/mfn_activation.sv
    ../sv/mfn_addr_gen.sv
    ../sv/mfn_controller.sv
    ../sv/mfn_frontend_top.sv
}
@file(synthesis.tcl) 34: elaborate
Warning : Non-monotonic wireload model found. [LBR-81]
        : 'Length' table in wireload model '5K_hvratio_1_1' is non-monotonic.
Warning : Non-monotonic wireload model found. [LBR-81]
        : 'Length' table in wireload model '5K_hvratio_1_2' is non-monotonic.
Warning : Non-monotonic wireload model found. [LBR-81]
        : 'Length' table in wireload model '5K_hvratio_1_4' is non-monotonic.
Warning : Non-monotonic wireload model found. [LBR-81]
        : 'Length' table in wireload model '3K_hvratio_1_1' is non-monotonic.
Warning : Non-monotonic wireload model found. [LBR-81]
        : 'Length' table in wireload model '3K_hvratio_1_2' is non-monotonic.
Warning : Non-monotonic wireload model found. [LBR-81]
        : 'Length' table in wireload model '3K_hvratio_1_2' is non-monotonic.
Warning : Non-monotonic wireload model found. [LBR-81]
        : 'Length' table in wireload model '3K_hvratio_1_2' is non-monotonic.
Warning : Non-monotonic wireload model found. [LBR-81]
        : 'Length' table in wireload model '3K_hvratio_1_4' is non-monotonic.
Warning : Non-monotonic wireload model found. [LBR-81]
        : 'Length' table in wireload model '1K_hvratio_1_1' is non-monotonic.
Info    : Elaborating Design. [ELAB-1]
        : Elaborating top-level block 'mfn_frontend_top' from file '../sv/mfn_frontend_top.sv'.
Warning : Using default parameter value for module elaboration. [CDFG-818]
        : Elaborating block 'mfn_frontend_top' with default parameters value.
Warning : Detected a logic abstract. [CDFG-331]
        : Logic abstract 'mfn_layer_config_rom' in file './rom_stubs.sv' on line 36.
        : A logic abstract is an unresolved reference with defined port names and directions. It is inferred from an empty Verilog or VHDL design, or when the 'black_box' pragma or 'blackbox' hdl_arch attribute is specified. Use 'set_db init_blackbox_for_undefined false' (in CUI mode) or 'set_attribute init_blackbox_for_undefined false /' (in legacy mode) to treat an empty module as a defined module.
Warning : Detected a logic abstract. [CDFG-331]
        : Logic abstract 'mfn_weight_rom_DWIDTH16' in file './rom_stubs.sv' on line 14.
Warning : Detected a logic abstract. [CDFG-331]
        : Logic abstract 'mfn_bias_rom_DWIDTH32' in file './rom_stubs.sv' on line 22.
Warning : Detected a logic abstract. [CDFG-331]
        : Logic abstract 'mfn_prelu_rom_DWIDTH16' in file './rom_stubs.sv' on line 29.
Info    : Done Elaborating Design. [ELAB-3]
        : Done elaborating 'mfn_frontend_top'.
Checking for analog nets...
Check completed for analog nets.
Checking for source RTL...
Check completed for source RTL.
UM:  flow.cputime  flow.realtime  timing.setup.tns  timing.setup.wns  snapshot
UM:            17             19                                      elaborate
@file(synthesis.tcl) 35: current_design mfn_frontend_top
@file(synthesis.tcl) 38: read_sdc ./constraints.sdc
Statistics for commands executed by read_sdc:
 "all_inputs"               - successful      2 , failed      0 (runtime  0.00)
 "all_outputs"              - successful      2 , failed      0 (runtime  0.00)
 "create_clock"             - successful      1 , failed      0 (runtime  0.00)
 "get_clocks"               - successful      2 , failed      0 (runtime  0.00)
 "get_ports"                - successful      3 , failed      0 (runtime  0.00)
 "remove_from_collection"   - successful      1 , failed      0 (runtime  0.00)
 "set_clock_transition"     - successful      1 , failed      0 (runtime  0.00)
 "set_clock_uncertainty"    - successful      1 , failed      0 (runtime  0.00)
 "set_driving_cell"         - successful      1 , failed      0 (runtime  0.00)
 "set_false_path"           - successful      1 , failed      0 (runtime  0.00)
 "set_input_delay"          - successful      1 , failed      0 (runtime  0.00)
 "set_load"                 - successful      1 , failed      0 (runtime  0.00)
 "set_output_delay"         - successful      1 , failed      0 (runtime  0.00)
Total runtime 0.0
@file(synthesis.tcl) 43: set_db [get_db insts u_wgt_rom] .dont_touch true
@file(synthesis.tcl) 44: set_db [get_db insts u_wgt_rom] .boundary_opto false
@file(synthesis.tcl) 45: set_db [get_db insts u_bias_rom] .dont_touch true
@file(synthesis.tcl) 46: set_db [get_db insts u_bias_rom] .boundary_opto false
@file(synthesis.tcl) 47: set_db [get_db insts u_prelu_rom] .dont_touch true
@file(synthesis.tcl) 48: set_db [get_db insts u_prelu_rom] .boundary_opto false
@file(synthesis.tcl) 49: set_db [get_db insts u_cfg_rom] .dont_touch true
@file(synthesis.tcl) 50: set_db [get_db insts u_cfg_rom] .boundary_opto false
@file(synthesis.tcl) 53: syn_generic
Info    : Deleting instances not driving any primary outputs. [GLO-34]
        : Deleting 69 hierarchical instances.
        : Optimizations such as constant propagation or redundancy removal could change the connections so a hierarchical instance does not drive any primary outputs anymore. To see the list of deleted hierarchical instances, set the 'information_level' attribute to 2 or above. If the message is truncated set the message attribute 'truncate' to false to see the complete list. To prevent this optimization, set the 'delete_unloaded_insts' root/subdesign attribute to 'false' or 'preserve' instance attribute to 'true'.
Info    : Replacing a flip-flop with a logic constant 0. [GLO-12]
        : The instance is 'u_addr_gen/rd_base_s1_reg[0]'.
        : To prevent this optimization, set the 'optimize_constant_0_flops' root attribute to 'false' or 'optimize_constant_0_seq' instance attribute to 'false'.
Info    : Replacing a flip-flop with a logic constant 0. [GLO-12]
        : The instance is 'u_addr_gen/rd_base_s1_reg[1]'.
Info    : Replacing a flip-flop with a logic constant 0. [GLO-12]
        : The instance is 'u_addr_gen/rd_base_s1_reg[2]'.
Info    : Replacing a flip-flop with a logic constant 0. [GLO-12]
        : The instance is 'u_addr_gen/rd_base_s1_reg[3]'.
Info    : Replacing a flip-flop with a logic constant 0. [GLO-12]
        : The instance is 'u_addr_gen/rd_base_s1_reg[4]'.
Info    : Replacing a flip-flop with a logic constant 0. [GLO-12]
        : The instance is 'u_addr_gen/rd_base_s1_reg[5]'.
Info    : Replacing a flip-flop with a logic constant 0. [GLO-12]
        : The instance is 'u_addr_gen/rd_base_s1_reg[6]'.
Info    : Replacing a flip-flop with a logic constant 0. [GLO-12]
        : The instance is 'u_addr_gen/rd_base_s1_reg[7]'.
Info    : Replacing a flip-flop with a logic constant 0. [GLO-12]
        : The instance is 'u_addr_gen/rd_base_s1_reg[8]'.
Info    : Replacing a flip-flop with a logic constant 0. [GLO-12]
        : The instance is 'u_addr_gen/rd_base_s1_reg[9]'.
Info    : Replacing a flip-flop with a logic constant 0. [GLO-12]
        : The instance is 'u_addr_gen/rd_base_s1_reg[10]'.
Info    : Replacing a flip-flop with a logic constant 0. [GLO-12]
        : The instance is 'u_addr_gen/rd_base_s1_reg[11]'.
Info    : Replacing a flip-flop with a logic constant 0. [GLO-12]
        : The instance is 'u_addr_gen/rd_base_s1_reg[12]'.
Info    : Replacing a flip-flop with a logic constant 0. [GLO-12]
        : The instance is 'u_addr_gen/rd_base_s1_reg[13]'.
Info    : Deleting instances not driving any primary outputs. [GLO-34]
        : Deleting 14 sequential instances.
Info    : Deleting instances not driving any primary outputs. [GLO-34]
        : Deleting 520 hierarchical instances.
Current PLE settings:

Aspect ratio        : 1.00
Shrink factor       : 1.00
Scale of res/length : 1.00
Scale of cap/length : 1.00
Net derating factor : 1.00
Thermal factor      : 1.00
Via Resistance      : 0.00 ohm (from default)
Site size           : 1.59 um (from lef [tech+cell])

                                   Capacitance  
  Layer                             / Length         Data source:
Name        Direction Utilization  (pF/micron)       lef_library
------------------------------------------------
metal1          H         0.00        0.000060  
metal2          V         1.00        0.000053  
metal3          H         1.00        0.000052  
metal4          V         1.00        0.000065  
metal5          H         1.00        0.000007  
metal6          V         1.00        0.000049  
metal7          H         1.00        0.000068  
metal8          V         1.00        0.000050  
metal9          H         1.00        0.000065  
metal10         V         1.00        0.000049  

                                    Resistance   
  Layer                              / Length         Data source:
Name        Direction Utilization  (ohm/micron)       lef_library
-------------------------------------------------
metal1          H         0.00         5.428571  
metal2          V         1.00         3.571429  
metal3          H         1.00         3.571429  
metal4          V         1.00         1.500000  
metal5          H         1.00         1.500000  
metal6          V         1.00         1.500000  
metal7          H         1.00         0.187500  
metal8          V         1.00         0.187500  
metal9          H         1.00         0.037500  
metal10         V         1.00         0.037500  

                                        Area     
  Layer                               / Length        Data source:
Name        Direction Utilization     (micron)        lef_library
-------------------------------------------------
metal1          H         0.00         0.070000  
metal2          V         1.00         0.070000  
metal3          H         1.00         0.070000  
metal4          V         1.00         0.140000  
metal5          H         1.00         0.140000  
metal6          V         1.00         0.140000  
metal7          H         1.00         0.400000  
metal8          V         1.00         0.400000  
metal9          H         1.00         0.800000  
metal10         V         1.00         0.800000  

Info    : Synthesizing. [SYNTH-1]
        : Synthesizing 'mfn_frontend_top' to generic gates using 'medium' effort.
  Setting attribute of design 'mfn_frontend_top': 'is_excp_dupcln' = false
PBS_Generic-Start - Elapsed_Time 0, CPU_Time 0.0
stamp 'PBS_Generic-Start' being created for table 'pbs_debug'

  Total Time (Wall) |  Stage Time (Wall)  |   % (Wall)   |    Date - Time     |  Memory   | Stage
--------------------+---------------------+--------------+--------------------+-----------+----------------------
 00:00:22(00:00:19) |  00:00:00(00:00:00) |   0.0(  0.0) |   11:42:58 (May06) |  471.3 MB | PBS_Generic-Start
--------------------+---------------------+--------------+--------------------+-----------+----------------------
Number of threads: 8 * 1   (id: pbs_debug, time_info v1.57)
Info: (*N*) indicates data that was populated from previously saved time_info database
Info: CPU time includes time of parent + longest thread
Info    : Partition Based Synthesis execution skipped. [PHYS-752]
        : Design size is less than the partition size '100000' for distributed generic optimization to kick in.
Info    : Deleting instances not driving any primary outputs. [GLO-34]
        : Deleting 4 hierarchical instances.
Current PLE settings:

Aspect ratio        : 1.00
Shrink factor       : 1.00
Scale of res/length : 1.00
Scale of cap/length : 1.00
Net derating factor : 1.00
Thermal factor      : 1.00
Via Resistance      : 0.00 ohm (from default)
Site size           : 1.59 um (from lef [tech+cell])

                                   Capacitance  
  Layer                             / Length         Data source:
Name        Direction Utilization  (pF/micron)       lef_library
------------------------------------------------
metal1          H         0.00        0.000060  
metal2          V         1.00        0.000053  
metal3          H         1.00        0.000052  
metal4          V         1.00        0.000065  
metal5          H         1.00        0.000007  
metal6          V         1.00        0.000049  
metal7          H         1.00        0.000068  
metal8          V         1.00        0.000050  
metal9          H         1.00        0.000065  
metal10         V         1.00        0.000049  

                                    Resistance   
  Layer                              / Length         Data source:
Name        Direction Utilization  (ohm/micron)       lef_library
-------------------------------------------------
metal1          H         0.00         5.428571  
metal2          V         1.00         3.571429  
metal3          H         1.00         3.571429  
metal4          V         1.00         1.500000  
metal5          H         1.00         1.500000  
metal6          V         1.00         1.500000  
metal7          H         1.00         0.187500  
metal8          V         1.00         0.187500  
metal9          H         1.00         0.037500  
metal10         V         1.00         0.037500  

                                        Area     
  Layer                               / Length        Data source:
Name        Direction Utilization     (micron)        lef_library
-------------------------------------------------
metal1          H         0.00         0.070000  
metal2          V         1.00         0.070000  
metal3          H         1.00         0.070000  
metal4          V         1.00         0.140000  
metal5          H         1.00         0.140000  
metal6          V         1.00         0.140000  
metal7          H         1.00         0.400000  
metal8          V         1.00         0.400000  
metal9          H         1.00         0.800000  
metal10         V         1.00         0.800000  

Info    : Deleting instances not driving any primary outputs. [GLO-34]
        : Deleting 6 sequential instances.
Info    : Pre-processed datapath logic. [DPOPT-6]
        : Pre-processing optimizations applied to datapath logic in 'mfn_frontend_top':
          mux_reduce(6) msb_trim(1) 
Info    : Optimizing datapath logic. [DPOPT-1]
        : Optimizing datapath logic in 'mfn_frontend_top'.
Info    : Implementing datapath configurations. [DPOPT-3]
        : Implementing datapath configurations for 'CDN_DP_region'
Info    : Accepted resource sharing opportunity. [RTLOPT-30]
        : Merged the following sets of instances in 'CDN_DP_region_c1 in mfn_controller_DWIDTH16_AWIDTH40':
	  (inc_add_381_46, add_464_40, add_460_44)
	  (add_400_66, add_329_46)

Info    : Accepted resource sharing opportunity. [RTLOPT-30]
        : Merged the following sets of instances in 'CDN_DP_region_c2 in mfn_controller_DWIDTH16_AWIDTH40':
	  (inc_add_381_46, add_464_40, add_460_44)
	  (add_400_66, add_329_46)

Info    : Accepted resource sharing opportunity. [RTLOPT-30]
        : Merged the following sets of instances in 'CDN_DP_region_c3 in mfn_controller_DWIDTH16_AWIDTH40':
	  (inc_add_381_46, add_464_40, add_460_44)
	  (add_400_66, add_329_46)

Info    : Accepted resource sharing opportunity. [RTLOPT-30]
        : Merged the following sets of instances in 'CDN_DP_region_c4 in mfn_controller_DWIDTH16_AWIDTH40':
	  (inc_add_381_46, add_464_40, add_460_44)
	  (add_400_66, add_329_46)

Info    : Done implementing datapath configurations. [DPOPT-4]
        : Selected 'very_fast' configuration 4 for module 'CDN_DP_region'.
          Optimizations applied to 'very_fast' configuration:
            rewriting(0), factoring(0), sharing(2), cmultcse(0), downsizing(0), speculation(0)
Info    : Implementing datapath configurations. [DPOPT-3]
        : Implementing datapath configurations for 'CDN_DP_region_1757'
Info    : Done implementing datapath configurations. [DPOPT-4]
        : Selected 'very_fast' configuration 4 for module 'CDN_DP_region_1757'.
          Optimizations applied to 'very_fast' configuration:
            rewriting(0), factoring(0), sharing(0), cmultcse(0), downsizing(0), speculation(0)
Info    : Implementing datapath configurations. [DPOPT-3]
        : Implementing datapath configurations for 'CDN_DP_region_1743'
Info    : Done implementing datapath configurations. [DPOPT-4]
        : Selected 'very_fast' configuration 4 for module 'CDN_DP_region_1743'.
          Optimizations applied to 'very_fast' configuration:
            rewriting(0), factoring(0), sharing(0), cmultcse(0), downsizing(0), speculation(0)
Info    : Implementing datapath configurations. [DPOPT-3]
        : Implementing datapath configurations for 'CDN_DP_region_1746'
Info    : Done implementing datapath configurations. [DPOPT-4]
        : Selected 'very_fast' configuration 4 for module 'CDN_DP_region_1746'.
          Optimizations applied to 'very_fast' configuration:
            rewriting(0), factoring(0), sharing(0), cmultcse(0), downsizing(0), speculation(0)
Info    : Implementing datapath configurations. [DPOPT-3]
        : Implementing datapath configurations for 'CDN_DP_region_1745'
Info    : Done implementing datapath configurations. [DPOPT-4]
        : Selected 'very_fast' configuration 4 for module 'CDN_DP_region_1745'.
          Optimizations applied to 'very_fast' configuration:
            rewriting(0), factoring(0), sharing(0), cmultcse(0), downsizing(0), speculation(0)
Info    : Implementing datapath configurations. [DPOPT-3]
        : Implementing datapath configurations for 'CDN_DP_region_1744'
Info    : Done implementing datapath configurations. [DPOPT-4]
        : Selected 'very_fast' configuration 4 for module 'CDN_DP_region_1744'.
          Optimizations applied to 'very_fast' configuration:
            rewriting(0), factoring(0), sharing(0), cmultcse(0), downsizing(0), speculation(0)
Info    : Implementing datapath configurations. [DPOPT-3]
        : Implementing datapath configurations for 'CDN_DP_region_1742'
Info    : Done implementing datapath configurations. [DPOPT-4]
        : Selected 'very_fast' configuration 4 for module 'CDN_DP_region_1742'.
          Optimizations applied to 'very_fast' configuration:
            rewriting(0), factoring(0), sharing(0), cmultcse(0), downsizing(0), speculation(0)
Info    : Implementing datapath configurations. [DPOPT-3]
        : Implementing datapath configurations for 'CDN_DP_region_1756'
Info    : Done implementing datapath configurations. [DPOPT-4]
        : Selected 'very_fast' configuration 4 for module 'CDN_DP_region_1756'.
          Optimizations applied to 'very_fast' configuration:
            rewriting(0), factoring(0), sharing(0), cmultcse(0), downsizing(0), speculation(0)
Info    : Implementing datapath configurations. [DPOPT-3]
        : Implementing datapath configurations for 'CDN_DP_region_1755'
Info    : Done implementing datapath configurations. [DPOPT-4]
        : Selected 'very_fast' configuration 4 for module 'CDN_DP_region_1755'.
          Optimizations applied to 'very_fast' configuration:
            rewriting(0), factoring(0), sharing(0), cmultcse(0), downsizing(0), speculation(0)
Info    : Implementing datapath configurations. [DPOPT-3]
        : Implementing datapath configurations for 'CDN_DP_region_1754'
Info    : Done implementing datapath configurations. [DPOPT-4]
        : Selected 'very_fast' configuration 4 for module 'CDN_DP_region_1754'.
          Optimizations applied to 'very_fast' configuration:
            rewriting(0), factoring(0), sharing(0), cmultcse(0), downsizing(0), speculation(0)
Info    : Implementing datapath configurations. [DPOPT-3]
        : Implementing datapath configurations for 'CDN_DP_region_1753'
Info    : Done implementing datapath configurations. [DPOPT-4]
        : Selected 'very_fast' configuration 4 for module 'CDN_DP_region_1753'.
          Optimizations applied to 'very_fast' configuration:
            rewriting(0), factoring(0), sharing(0), cmultcse(0), downsizing(0), speculation(0)
Info    : Implementing datapath configurations. [DPOPT-3]
        : Implementing datapath configurations for 'CDN_DP_region_1752'
Info    : Done implementing datapath configurations. [DPOPT-4]
        : Selected 'very_fast' configuration 4 for module 'CDN_DP_region_1752'.
          Optimizations applied to 'very_fast' configuration:
            rewriting(0), factoring(0), sharing(0), cmultcse(0), downsizing(0), speculation(0)
Info    : Implementing datapath configurations. [DPOPT-3]
        : Implementing datapath configurations for 'CDN_DP_region_1751'
Info    : Done implementing datapath configurations. [DPOPT-4]
        : Selected 'very_fast' configuration 4 for module 'CDN_DP_region_1751'.
          Optimizations applied to 'very_fast' configuration:
            rewriting(0), factoring(0), sharing(0), cmultcse(0), downsizing(0), speculation(0)
Info    : Implementing datapath configurations. [DPOPT-3]
        : Implementing datapath configurations for 'CDN_DP_region_1750'
Info    : Done implementing datapath configurations. [DPOPT-4]
        : Selected 'very_fast' configuration 4 for module 'CDN_DP_region_1750'.
          Optimizations applied to 'very_fast' configuration:
            rewriting(0), factoring(0), sharing(0), cmultcse(0), downsizing(0), speculation(0)
Info    : Implementing datapath configurations. [DPOPT-3]
        : Implementing datapath configurations for 'CDN_DP_region_1749'
Info    : Done implementing datapath configurations. [DPOPT-4]
        : Selected 'very_fast' configuration 4 for module 'CDN_DP_region_1749'.
          Optimizations applied to 'very_fast' configuration:
            rewriting(0), factoring(0), sharing(0), cmultcse(0), downsizing(0), speculation(0)
Info    : Implementing datapath configurations. [DPOPT-3]
        : Implementing datapath configurations for 'CDN_DP_region_1748'
Info    : Done implementing datapath configurations. [DPOPT-4]
        : Selected 'very_fast' configuration 4 for module 'CDN_DP_region_1748'.
          Optimizations applied to 'very_fast' configuration:
            rewriting(0), factoring(0), sharing(0), cmultcse(0), downsizing(0), speculation(0)
Info    : Implementing datapath configurations. [DPOPT-3]
        : Implementing datapath configurations for 'CDN_DP_region_1747'
Info    : Done implementing datapath configurations. [DPOPT-4]
        : Selected 'very_fast' configuration 4 for module 'CDN_DP_region_1747'.
          Optimizations applied to 'very_fast' configuration:
            rewriting(0), factoring(0), sharing(0), cmultcse(0), downsizing(0), speculation(0)
Info    : Implementing datapath configurations. [DPOPT-3]
        : Implementing datapath configurations for 'CDN_DP_region_1758'
Info    : Done implementing datapath configurations. [DPOPT-4]
        : Selected 'very_fast' configuration 4 for module 'CDN_DP_region_1758'.
          Optimizations applied to 'very_fast' configuration:
            rewriting(0), factoring(0), sharing(0), cmultcse(0), downsizing(0), speculation(0)
Info    : Done optimizing datapath logic. [DPOPT-2]
        : Done optimizing datapath logic in 'mfn_frontend_top'.
Info    : Deleting instances not driving any primary outputs. [GLO-34]
        : Deleting 4 sequential instances.
Info    : Attempting to launch a super-threading server. [ST-120]
        : Attempting to Launch server 1 of 8.
        : The tool is entering super-threading mode and is launching a CPU server process.  This is enabled by the root attribute 'super_thread_servers' or 'auto_super_thread'.
Info    : Connection established with super-threading server. [ST-110]
        : The server 'localhost_1_0' is process '3054811' on this host.
        : The tool is entering super-threading mode and has established a connection with a CPU server process.  This is enabled by the root attributes 'super_thread_servers' or 'auto_super_thread'.
  Resetting attribute of root '/': 'hide_timing_condition_clones' = 
                  Library loading done successfully on server 'localhost_1_0'.
Info    : Connection established with super-threading server. [ST-110]
        : The server 'localhost_1_1' is forked process '3058409' on this host.
Info    : Connection established with super-threading server. [ST-110]
        : The server 'localhost_1_2' is forked process '3058411' on this host.
Info    : Connection established with super-threading server. [ST-110]
        : The server 'localhost_1_3' is forked process '3058506' on this host.
Info    : Connection established with super-threading server. [ST-110]
        : The server 'localhost_1_4' is forked process '3058553' on this host.
Info    : Connection established with super-threading server. [ST-110]
        : The server 'localhost_1_5' is forked process '3058785' on this host.
Info    : Connection established with super-threading server. [ST-110]
        : The server 'localhost_1_6' is forked process '3058839' on this host.
Info    : Connection established with super-threading server. [ST-110]
        : The server 'localhost_1_7' is forked process '3058976' on this host.
        Distributing super-thread jobs: mfn_sliding_window_DWIDTH16 mfn_frontend_top
          Sending 'mfn_sliding_window_DWIDTH16' to server 'localhost_1_2'...
            Sent 'mfn_sliding_window_DWIDTH16' to server 'localhost_1_2'.
          Sending 'mfn_frontend_top' to server 'localhost_1_5'...
            Sent 'mfn_frontend_top' to server 'localhost_1_5'.
          Received 'mfn_frontend_top' from server 'localhost_1_5'. (246 ms elapsed)
          Received 'mfn_sliding_window_DWIDTH16' from server 'localhost_1_2'. (325 ms elapsed)

+-----------+--------------------------------+-----+----------------------+---------------------------+
|   Host    |            Machine             | CPU | Physical Memory (MB) | Peak Physical Memory (MB) |
+-----------+--------------------------------+-----+----------------------+---------------------------+
| localhost | moore.wot.ece.northwestern.edu |  8  |        836.8         |           901.8           |
+-----------+--------------------------------+-----+----------------------+---------------------------+

+---------------+----------------------+---------------------------+
|    Server     | Physical Memory (MB) | Peak Physical Memory (MB) |
+---------------+----------------------+---------------------------+
| localhost_1_0 |      258.3 [1]       |         258.3 [1]         |
| localhost_1_7 |       24.7 [2]       |          [2] [3]          |
| localhost_1_3 |       24.7 [2]       |          [2] [3]          |
| localhost_1_5 |       40.1 [2]       |          [2] [3]          |
| localhost_1_4 |       24.7 [2]       |          [2] [3]          |
| localhost_1_1 |       24.7 [2]       |          [2] [3]          |
| localhost_1_2 |       41.3 [2]       |          [2] [3]          |
| localhost_1_6 |       24.7 [2]       |          [2] [3]          |
+---------------+----------------------+---------------------------+
[1] Memory of child processes is included.
[2] Memory is included in parent localhost_1_0.
[3] Peak physical memory is not available for forked background servers.

Current PLE settings:

Aspect ratio        : 1.00
Shrink factor       : 1.00
Scale of res/length : 1.00
Scale of cap/length : 1.00
Net derating factor : 1.00
Thermal factor      : 1.00
Via Resistance      : 0.00 ohm (from default)
Site size           : 1.59 um (from lef [tech+cell])

                                   Capacitance  
  Layer                             / Length         Data source:
Name        Direction Utilization  (pF/micron)       lef_library
------------------------------------------------
metal1          H         0.00        0.000060  
metal2          V         1.00        0.000053  
metal3          H         1.00        0.000052  
metal4          V         1.00        0.000065  
metal5          H         1.00        0.000007  
metal6          V         1.00        0.000049  
metal7          H         1.00        0.000068  
metal8          V         1.00        0.000050  
metal9          H         1.00        0.000065  
metal10         V         1.00        0.000049  

                                    Resistance   
  Layer                              / Length         Data source:
Name        Direction Utilization  (ohm/micron)       lef_library
-------------------------------------------------
metal1          H         0.00         5.428571  
metal2          V         1.00         3.571429  
metal3          H         1.00         3.571429  
metal4          V         1.00         1.500000  
metal5          H         1.00         1.500000  
metal6          V         1.00         1.500000  
metal7          H         1.00         0.187500  
metal8          V         1.00         0.187500  
metal9          H         1.00         0.037500  
metal10         V         1.00         0.037500  

                                        Area     
  Layer                               / Length        Data source:
Name        Direction Utilization     (micron)        lef_library
-------------------------------------------------
metal1          H         0.00         0.070000  
metal2          V         1.00         0.070000  
metal3          H         1.00         0.070000  
metal4          V         1.00         0.140000  
metal5          H         1.00         0.140000  
metal6          V         1.00         0.140000  
metal7          H         1.00         0.400000  
metal8          V         1.00         0.400000  
metal9          H         1.00         0.800000  
metal10         V         1.00         0.800000  

Mapper: Libraries have:
	domain _default_: 96 combo usable cells and 20 sequential usable cells
Updating ST server settings
  Resetting attribute of root '/': 'hide_timing_condition_clones' = 
Info    : Connection established with super-threading server. [ST-110]
        : The server 'localhost_1_8' is forked process '3069796' on this host.
Info    : Connection established with super-threading server. [ST-110]
        : The server 'localhost_1_9' is forked process '3069950' on this host.
Info    : Connection established with super-threading server. [ST-110]
        : The server 'localhost_1_10' is forked process '3070000' on this host.
Info    : Connection established with super-threading server. [ST-110]
        : The server 'localhost_1_11' is forked process '3070131' on this host.
Info    : Connection established with super-threading server. [ST-110]
        : The server 'localhost_1_12' is forked process '3070306' on this host.
Info    : Connection established with super-threading server. [ST-110]
        : The server 'localhost_1_13' is forked process '3070488' on this host.
Info    : Connection established with super-threading server. [ST-110]
        : The server 'localhost_1_14' is forked process '3070651' on this host.
Multi-threaded constant propagation [1|0] ...
Info    : Replacing the synchronous part of an always feeding back flip-flop with a logic constant. [GLO-45]
        : The instance is 'u_ctrl/wgt_step_reg_reg[17]'. The constant is '0'.
        : To prevent this optimization, set 'optimize_constant_feedback_seqs' root attribute to 'false'. The instance attribute 'optimize_constant_feedback_seq' controls this optimization. 
Info    : Replacing the synchronous part of an always feeding back flip-flop with a logic constant. [GLO-45]
        : The instance is 'u_ctrl/wgt_step_reg_reg[16]'. The constant is '0'.
Info    : Replacing the synchronous part of an always feeding back flip-flop with a logic constant. [GLO-45]
        : The instance is 'u_ctrl/wgt_step_reg_reg[15]'. The constant is '0'.
Info    : Replacing the synchronous part of an always feeding back flip-flop with a logic constant. [GLO-45]
        : The instance is 'u_ctrl/wgt_step_reg_reg[14]'. The constant is '0'.
Info    : Replacing a flip-flop with a logic constant 0. [GLO-12]
        : The instance is 'u_ctrl/wgt_step_reg_reg[17]'.
Info    : Replacing a flip-flop with a logic constant 0. [GLO-12]
        : The instance is 'u_ctrl/wgt_step_reg_reg[16]'.
Info    : Replacing a flip-flop with a logic constant 0. [GLO-12]
        : The instance is 'u_ctrl/wgt_step_reg_reg[15]'.
Info    : Replacing a flip-flop with a logic constant 0. [GLO-12]
        : The instance is 'u_ctrl/wgt_step_reg_reg[14]'.
Info    : Deleting instances not driving any primary outputs. [GLO-34]
        : Deleting 4 sequential instances.
Info    : Deleting instances not driving any primary outputs. [GLO-34]
        : Deleting 2 sequential instances.
Multi-threaded Virtual Mapping    (8 threads per ST process, 8 of 48 CPUs usable)
        Distributing super-thread jobs: csa_tree_add_38_31_I9_group_2 mult_signed_1126_601_1848 mult_signed_1126_601 mrg_mux_ctl csa_tree_u_addr_gen_add_114_38_group_2 cb_part_2941 add_unsigned_1731
          Sending 'csa_tree_add_38_31_I9_group_2' to server 'localhost_1_13'...
            Sent 'csa_tree_add_38_31_I9_group_2' to server 'localhost_1_13'.
          Sending 'mult_signed_1126_601_1848' to server 'localhost_1_14'...
            Sent 'mult_signed_1126_601_1848' to server 'localhost_1_14'.
          Sending 'mult_signed_1126_601' to server 'localhost_1_12'...
            Sent 'mult_signed_1126_601' to server 'localhost_1_12'.
          Sending 'mrg_mux_ctl' to server 'localhost_1_11'...
            Sent 'mrg_mux_ctl' to server 'localhost_1_11'.
          Sending 'csa_tree_u_addr_gen_add_114_38_group_2' to server 'localhost_1_10'...
            Sent 'csa_tree_u_addr_gen_add_114_38_group_2' to server 'localhost_1_10'.
          Sending 'cb_part_2941' to server 'localhost_1_9'...
            Sent 'cb_part_2941' to server 'localhost_1_9'.
          Sending 'add_unsigned_1731' to server 'localhost_1_0'...
            Sent 'add_unsigned_1731' to server 'localhost_1_0'.
          Received 'add_unsigned_1731' from server 'localhost_1_0'. (350 ms elapsed)
          Received 'cb_part_2941' from server 'localhost_1_9'. (712 ms elapsed)
          Received 'csa_tree_u_addr_gen_add_114_38_group_2' from server 'localhost_1_10'. (911 ms elapsed)
          Received 'mrg_mux_ctl' from server 'localhost_1_11'. (1143 ms elapsed)
          Received 'mult_signed_1126_601_1848' from server 'localhost_1_14'. (1284 ms elapsed)
          Received 'mult_signed_1126_601' from server 'localhost_1_12'. (1328 ms elapsed)
          Received 'csa_tree_add_38_31_I9_group_2' from server 'localhost_1_13'. (1503 ms elapsed)
        Distributing super-thread jobs: add_signed_685 add_unsigned_51
          Sending 'add_signed_685' to server 'localhost_1_13'...
            Sent 'add_signed_685' to server 'localhost_1_13'.
          Sending 'add_unsigned_51' to server 'localhost_1_14'...
            Sent 'add_unsigned_51' to server 'localhost_1_14'.
          Received 'add_signed_685' from server 'localhost_1_13'. (160 ms elapsed)
          Received 'add_unsigned_51' from server 'localhost_1_14'. (193 ms elapsed)
        Distributing super-thread jobs: cb_part_2944
          Sending 'cb_part_2944' to server 'localhost_1_13'...
            Sent 'cb_part_2944' to server 'localhost_1_13'.
          Received 'cb_part_2944' from server 'localhost_1_13'. (45198 ms elapsed)
        Distributing super-thread jobs: add_unsigned_590 add_unsigned_590_1813
          Sending 'add_unsigned_590' to server 'localhost_1_13'...
            Sent 'add_unsigned_590' to server 'localhost_1_13'.
          Sending 'add_unsigned_590_1813' to server 'localhost_1_14'...
            Sent 'add_unsigned_590_1813' to server 'localhost_1_14'.
          Received 'add_unsigned_590_1813' from server 'localhost_1_14'. (393 ms elapsed)
          Received 'add_unsigned_590' from server 'localhost_1_13'. (462 ms elapsed)
        Distributing super-thread jobs: cb_part_2942 cb_part_2943
          Sending 'cb_part_2942' to server 'localhost_1_13'...
            Sent 'cb_part_2942' to server 'localhost_1_13'.
          Sending 'cb_part_2943' to server 'localhost_1_14'...
            Sent 'cb_part_2943' to server 'localhost_1_14'.
          Received 'cb_part_2942' from server 'localhost_1_13'. (43554 ms elapsed)
          Received 'cb_part_2943' from server 'localhost_1_14'. (49938 ms elapsed)
        Distributing super-thread jobs: cb_seq_2919 cb_seq cb_part_2946 csa_tree_u_addr_gen_add_102_74_group_5
          Sending 'cb_seq_2919' to server 'localhost_1_13'...
            Sent 'cb_seq_2919' to server 'localhost_1_13'.
          Sending 'cb_seq' to server 'localhost_1_14'...
            Sent 'cb_seq' to server 'localhost_1_14'.
          Sending 'cb_part_2946' to server 'localhost_1_12'...
            Sent 'cb_part_2946' to server 'localhost_1_12'.
          Sending 'csa_tree_u_addr_gen_add_102_74_group_5' to server 'localhost_1_11'...
            Sent 'csa_tree_u_addr_gen_add_102_74_group_5' to server 'localhost_1_11'.
          Received 'csa_tree_u_addr_gen_add_102_74_group_5' from server 'localhost_1_11'. (392 ms elapsed)
          Received 'cb_part_2946' from server 'localhost_1_12'. (942 ms elapsed)
          Received 'cb_seq_2919' from server 'localhost_1_13'. (7915 ms elapsed)
          Received 'cb_seq' from server 'localhost_1_14'. (7766 ms elapsed)
        Distributing super-thread jobs: cb_seq_2923 cb_seq_2921
          Sending 'cb_seq_2923' to server 'localhost_1_13'...
            Sent 'cb_seq_2923' to server 'localhost_1_13'.
          Sending 'cb_seq_2921' to server 'localhost_1_14'...
            Sent 'cb_seq_2921' to server 'localhost_1_14'.
          Received 'cb_seq_2921' from server 'localhost_1_14'. (184 ms elapsed)
          Received 'cb_seq_2923' from server 'localhost_1_13'. (395 ms elapsed)
 
Global mapping target info
==========================
Cost Group 'clk' target slack:   237 ps
Target path end-point (Port: mfn_frontend_top/sram_rd_addr[19])


+-----------+--------------------------------+-----+----------------------+---------------------------+
|   Host    |            Machine             | CPU | Physical Memory (MB) | Peak Physical Memory (MB) |
+-----------+--------------------------------+-----+----------------------+---------------------------+
| localhost | moore.wot.ece.northwestern.edu |  8  |        1098.0        |          1771.9           |
+-----------+--------------------------------+-----+----------------------+---------------------------+

+----------------+----------------------+---------------------------+
|     Server     | Physical Memory (MB) | Peak Physical Memory (MB) |
+----------------+----------------------+---------------------------+
| localhost_1_0  |      441.7 [1]       |        1126.4 [1]         |
| localhost_1_9  |       42.1 [2]       |          [2] [3]          |
| localhost_1_10 |       44.2 [2]       |          [2] [3]          |
| localhost_1_12 |       46.7 [2]       |          [2] [3]          |
| localhost_1_11 |       44.1 [2]       |          [2] [3]          |
| localhost_1_13 |       93.5 [2]       |          [2] [3]          |
| localhost_1_8  |       28.5 [2]       |          [2] [3]          |
| localhost_1_14 |       79.9 [2]       |          [2] [3]          |
+----------------+----------------------+---------------------------+
[1] Memory of child processes is included.
[2] Memory is included in parent localhost_1_0.
[3] Peak physical memory is not available for forked background servers.


+-----------+--------------------------------+-----+----------------------+---------------------------+
|   Host    |            Machine             | CPU | Physical Memory (MB) | Peak Physical Memory (MB) |
+-----------+--------------------------------+-----+----------------------+---------------------------+
| localhost | moore.wot.ece.northwestern.edu |  1  |        893.4         |          1771.9           |
+-----------+--------------------------------+-----+----------------------+---------------------------+

+---------------+----------------------+---------------------------+
|    Server     | Physical Memory (MB) | Peak Physical Memory (MB) |
+---------------+----------------------+---------------------------+
| localhost_1_0 |        220.5         |          1126.4           |
+---------------+----------------------+---------------------------+

Info    : Using '2' number of super-threading servers using the attribute 'super_thread_servers' could have
          saved '59' more seconds during global map.
PBS_Generic_Opt-Post - Elapsed_Time 528, CPU_Time 509.02853000000005
stamp 'PBS_Generic_Opt-Post' being created for table 'pbs_debug'

  Total Time (Wall) |  Stage Time (Wall)  |   % (Wall)   |    Date - Time     |  Memory   | Stage
--------------------+---------------------+--------------+--------------------+-----------+----------------------
 00:00:22(00:00:19) |  00:00:00(00:00:00) |   0.0(  0.0) |   11:42:58 (May06) |  471.3 MB | PBS_Generic-Start
--------------------+---------------------+--------------+--------------------+-----------+----------------------
 00:08:51(00:09:07) |  00:08:29(00:08:48) | 100.0(100.0) |   11:51:46 (May06) |  893.4 MB | PBS_Generic_Opt-Post
--------------------+---------------------+--------------+--------------------+-----------+----------------------
Number of threads: 8 * 1   (id: pbs_debug, time_info v1.57)
Info: (*N*) indicates data that was populated from previously saved time_info database
Info: CPU time includes time of parent + longest thread
PBS_Generic-Postgen HBO Optimizations - Elapsed_Time 4, CPU_Time 3.0
stamp 'PBS_Generic-Postgen HBO Optimizations' being created for table 'pbs_debug'

  Total Time (Wall) |  Stage Time (Wall)  |   % (Wall)   |    Date - Time     |  Memory   | Stage
--------------------+---------------------+--------------+--------------------+-----------+----------------------
 00:00:22(00:00:19) |  00:00:00(00:00:00) |   0.0(  0.0) |   11:42:58 (May06) |  471.3 MB | PBS_Generic-Start
--------------------+---------------------+--------------+--------------------+-----------+----------------------
 00:08:51(00:09:07) |  00:08:29(00:08:48) |  99.4( 99.2) |   11:51:46 (May06) |  893.4 MB | PBS_Generic_Opt-Post
--------------------+---------------------+--------------+--------------------+-----------+----------------------
 00:08:54(00:09:11) |  00:00:03(00:00:04) |   0.6(  0.8) |   11:51:50 (May06) |  893.4 MB | PBS_Generic-Postgen HBO Optimizations
--------------------+---------------------+--------------+--------------------+-----------+----------------------
Number of threads: 8 * 1   (id: pbs_debug, time_info v1.57)
Info: (*N*) indicates data that was populated from previously saved time_info database
Info: CPU time includes time of parent + longest thread
##>=================== Cadence Confidential (Generic-Logical) ===================
##>Main Thread Summary:
##>----------------------------------------------------------------------------------------
##>STEP                           Elapsed       WNS       TNS     Insts      Area    Memory
##>----------------------------------------------------------------------------------------
##>G:Initial                            5         -         -     53840    236566       471
##>G:Setup                              0         -         -         -         -         -
##>G:Launch ST                          0         -         -         -         -         -
##>G:Design Partition                   0         -         -         -         -         -
##>G:Create Partition Netlists          0         -         -         -         -         -
##>G:Init Power                         0         -         -         -         -         -
##>G:Budgeting                          0         -         -         -         -         -
##>G:Derenv-DB                          0         -         -         -         -         -
##>G:Debug Outputs                      0         -         -         -         -         -
##>G:ST loading                         0         -         -         -         -         -
##>G:Distributed                        0         -         -         -         -         -
##>G:Timer                              0         -         -         -         -         -
##>G:Assembly                           0         -         -         -         -         -
##>G:DFT                                0         -         -         -         -         -
##>G:Const Prop                         4         -         -    185569    380562       893
##>G:Misc                             527
##>----------------------------------------------------------------------------------------
##>Total Elapsed                      536
##>========================================================================================

======================= Sequential Deletion Report =============================
   Reason      Instance Name
-----------------------------
constant 0     u_addr_gen/rd_base_s1_reg[0]
constant 0     u_addr_gen/rd_base_s1_reg[1]
constant 0     u_addr_gen/rd_base_s1_reg[2]
constant 0     u_addr_gen/rd_base_s1_reg[3]
constant 0     u_addr_gen/rd_base_s1_reg[4]
constant 0     u_addr_gen/rd_base_s1_reg[5]
constant 0     u_addr_gen/rd_base_s1_reg[6]
constant 0     u_addr_gen/rd_base_s1_reg[7]
constant 0     u_addr_gen/rd_base_s1_reg[8]
constant 0     u_addr_gen/rd_base_s1_reg[9]
constant 0     u_addr_gen/rd_base_s1_reg[10]
constant 0     u_addr_gen/rd_base_s1_reg[11]
constant 0     u_addr_gen/rd_base_s1_reg[12]
constant 0     u_addr_gen/rd_base_s1_reg[13]
merged         u_addr_gen/pixel_offset_s1_reg[18] merged with u_addr_gen/pixel_offset_s1_reg[17]
merged         u_addr_gen/pixel_offset_s1_reg[19] merged with u_addr_gen/pixel_offset_s1_reg[17]
merged         u_mac/mac_out_reg[36] merged with u_mac/mac_out_reg[35]
merged         u_mac/mac_out_reg[37] merged with u_mac/mac_out_reg[35]
merged         u_mac/mac_out_reg[38] merged with u_mac/mac_out_reg[35]
merged         u_mac/mac_out_reg[39] merged with u_mac/mac_out_reg[35]
merged         u_addr_gen_rd_base_s1_reg[16] merged with u_addr_gen_rd_base_s1_reg[14]
merged         u_addr_gen_rd_base_s1_reg[18] merged with u_addr_gen_rd_base_s1_reg[14]
merged         u_addr_gen_rd_base_s1_reg[17] merged with u_addr_gen_rd_base_s1_reg[15]
merged         u_addr_gen_rd_base_s1_reg[19] merged with u_addr_gen_rd_base_s1_reg[15]
constant 0     u_ctrl/wgt_step_reg_reg[17]
constant 0     u_ctrl/wgt_step_reg_reg[16]
constant 0     u_ctrl/wgt_step_reg_reg[15]
constant 0     u_ctrl/wgt_step_reg_reg[14]
merged         u_addr_gen_pixel_offset_s1_reg[16] merged with u_addr_gen_pixel_offset_s1_reg[15]
merged         u_addr_gen_pixel_offset_s1_reg[17] merged with u_addr_gen_pixel_offset_s1_reg[15]
================================================================================

Info    : Done synthesizing. [SYNTH-2]
        : Done synthesizing 'mfn_frontend_top' to generic gates.
     flow.cputime  flow.realtime  timing.setup.tns  timing.setup.wns  snapshot
UM:           629            550                                      syn_generic
@file(synthesis.tcl) 54: syn_map
Current PLE settings:

Aspect ratio        : 1.00
Shrink factor       : 1.00
Scale of res/length : 1.00
Scale of cap/length : 1.00
Net derating factor : 1.00
Thermal factor      : 1.00
Via Resistance      : 0.00 ohm (from default)
Site size           : 1.59 um (from lef [tech+cell])

                                   Capacitance  
  Layer                             / Length         Data source:
Name        Direction Utilization  (pF/micron)       lef_library
------------------------------------------------
metal1          H         0.00        0.000060  
metal2          V         1.00        0.000053  
metal3          H         1.00        0.000052  
metal4          V         1.00        0.000065  
metal5          H         1.00        0.000007  
metal6          V         1.00        0.000049  
metal7          H         1.00        0.000068  
metal8          V         1.00        0.000050  
metal9          H         1.00        0.000065  
metal10         V         1.00        0.000049  

                                    Resistance   
  Layer                              / Length         Data source:
Name        Direction Utilization  (ohm/micron)       lef_library
-------------------------------------------------
metal1          H         0.00         5.428571  
metal2          V         1.00         3.571429  
metal3          H         1.00         3.571429  
metal4          V         1.00         1.500000  
metal5          H         1.00         1.500000  
metal6          V         1.00         1.500000  
metal7          H         1.00         0.187500  
metal8          V         1.00         0.187500  
metal9          H         1.00         0.037500  
metal10         V         1.00         0.037500  

                                        Area     
  Layer                               / Length        Data source:
Name        Direction Utilization     (micron)        lef_library
-------------------------------------------------
metal1          H         0.00         0.070000  
metal2          V         1.00         0.070000  
metal3          H         1.00         0.070000  
metal4          V         1.00         0.140000  
metal5          H         1.00         0.140000  
metal6          V         1.00         0.140000  
metal7          H         1.00         0.400000  
metal8          V         1.00         0.400000  
metal9          H         1.00         0.800000  
metal10         V         1.00         0.800000  

Info    : Mapping. [SYNTH-4]
        : Mapping 'mfn_frontend_top' using 'high' effort.
Mapper: Libraries have:
	domain _default_: 96 combo usable cells and 20 sequential usable cells
PBS_TechMap-Start - Elapsed_Time 0, CPU_Time 0.0
stamp 'PBS_TechMap-Start' being created for table 'pbs_debug'

  Total Time (Wall) |  Stage Time (Wall)  |   % (Wall)   |    Date - Time     |  Memory   | Stage
--------------------+---------------------+--------------+--------------------+-----------+----------------------
 00:00:22(00:00:19) |  00:00:00(00:00:00) |   0.0(  0.0) |   11:42:58 (May06) |  471.3 MB | PBS_Generic-Start
--------------------+---------------------+--------------+--------------------+-----------+----------------------
 00:08:51(00:09:07) |  00:08:29(00:08:48) |  96.4( 96.4) |   11:51:46 (May06) |  893.4 MB | PBS_Generic_Opt-Post
--------------------+---------------------+--------------+--------------------+-----------+----------------------
 00:08:54(00:09:11) |  00:00:03(00:00:04) |   0.6(  0.7) |   11:51:50 (May06) |  893.4 MB | PBS_Generic-Postgen HBO Optimizations
--------------------+---------------------+--------------+--------------------+-----------+----------------------
 00:09:10(00:09:27) |  00:00:16(00:00:16) |   3.0(  2.9) |   11:52:06 (May06) |  793.9 MB | PBS_TechMap-Start
--------------------+---------------------+--------------+--------------------+-----------+----------------------
Number of threads: 8 * 1   (id: pbs_debug, time_info v1.57)
Info: (*N*) indicates data that was populated from previously saved time_info database
Info: CPU time includes time of parent + longest thread
PBS_TechMap-Premap HBO Optimizations - Elapsed_Time 3, CPU_Time 3.0
stamp 'PBS_TechMap-Premap HBO Optimizations' being created for table 'pbs_debug'

  Total Time (Wall) |  Stage Time (Wall)  |   % (Wall)   |    Date - Time     |  Memory   | Stage
--------------------+---------------------+--------------+--------------------+-----------+----------------------
 00:00:22(00:00:19) |  00:00:00(00:00:00) |   0.0(  0.0) |   11:42:58 (May06) |  471.3 MB | PBS_Generic-Start
--------------------+---------------------+--------------+--------------------+-----------+----------------------
 00:08:51(00:09:07) |  00:08:29(00:08:48) |  95.9( 95.8) |   11:51:46 (May06) |  893.4 MB | PBS_Generic_Opt-Post
--------------------+---------------------+--------------+--------------------+-----------+----------------------
 00:08:54(00:09:11) |  00:00:03(00:00:04) |   0.6(  0.7) |   11:51:50 (May06) |  893.4 MB | PBS_Generic-Postgen HBO Optimizations
--------------------+---------------------+--------------+--------------------+-----------+----------------------
 00:09:10(00:09:27) |  00:00:16(00:00:16) |   3.0(  2.9) |   11:52:06 (May06) |  793.9 MB | PBS_TechMap-Start
--------------------+---------------------+--------------+--------------------+-----------+----------------------
 00:09:13(00:09:30) |  00:00:03(00:00:03) |   0.6(  0.5) |   11:52:09 (May06) |  793.9 MB | PBS_TechMap-Premap HBO Optimizations
--------------------+---------------------+--------------+--------------------+-----------+----------------------
Number of threads: 8 * 1   (id: pbs_debug, time_info v1.57)
Info: (*N*) indicates data that was populated from previously saved time_info database
Info: CPU time includes time of parent + longest thread
Info    : Partition Based Synthesis execution skipped. [PHYS-752]
        : Design size is less than the partition threshold '300000' for distributed mapping optimization to kick in.
Current PLE settings:

Aspect ratio        : 1.00
Shrink factor       : 1.00
Scale of res/length : 1.00
Scale of cap/length : 1.00
Net derating factor : 1.00
Thermal factor      : 1.00
Via Resistance      : 0.00 ohm (from default)
Site size           : 1.59 um (from lef [tech+cell])

                                   Capacitance  
  Layer                             / Length         Data source:
Name        Direction Utilization  (pF/micron)       lef_library
------------------------------------------------
metal1          H         0.00        0.000060  
metal2          V         1.00        0.000053  
metal3          H         1.00        0.000052  
metal4          V         1.00        0.000065  
metal5          H         1.00        0.000007  
metal6          V         1.00        0.000049  
metal7          H         1.00        0.000068  
metal8          V         1.00        0.000050  
metal9          H         1.00        0.000065  
metal10         V         1.00        0.000049  

                                    Resistance   
  Layer                              / Length         Data source:
Name        Direction Utilization  (ohm/micron)       lef_library
-------------------------------------------------
metal1          H         0.00         5.428571  
metal2          V         1.00         3.571429  
metal3          H         1.00         3.571429  
metal4          V         1.00         1.500000  
metal5          H         1.00         1.500000  
metal6          V         1.00         1.500000  
metal7          H         1.00         0.187500  
metal8          V         1.00         0.187500  
metal9          H         1.00         0.037500  
metal10         V         1.00         0.037500  

                                        Area     
  Layer                               / Length        Data source:
Name        Direction Utilization     (micron)        lef_library
-------------------------------------------------
metal1          H         0.00         0.070000  
metal2          V         1.00         0.070000  
metal3          H         1.00         0.070000  
metal4          V         1.00         0.140000  
metal5          H         1.00         0.140000  
metal6          V         1.00         0.140000  
metal7          H         1.00         0.400000  
metal8          V         1.00         0.400000  
metal9          H         1.00         0.800000  
metal10         V         1.00         0.800000  

Mapper: Libraries have:
	domain _default_: 96 combo usable cells and 20 sequential usable cells
Updating ST server settings
  Resetting attribute of root '/': 'hide_timing_condition_clones' = 
Info    : Connection established with super-threading server. [ST-110]
        : The server 'localhost_1_15' is forked process '3187646' on this host.
Info    : Connection established with super-threading server. [ST-110]
        : The server 'localhost_1_16' is forked process '3187696' on this host.
Info    : Connection established with super-threading server. [ST-110]
        : The server 'localhost_1_17' is forked process '3187753' on this host.
Info    : Connection established with super-threading server. [ST-110]
        : The server 'localhost_1_18' is forked process '3187755' on this host.
Info    : Connection established with super-threading server. [ST-110]
        : The server 'localhost_1_19' is forked process '3187869' on this host.
Info    : Connection established with super-threading server. [ST-110]
        : The server 'localhost_1_20' is forked process '3187979' on this host.
Info    : Connection established with super-threading server. [ST-110]
        : The server 'localhost_1_21' is forked process '3188083' on this host.
Updating ST server settings
  Resetting attribute of root '/': 'hide_timing_condition_clones' = 
Info    : Connection established with super-threading server. [ST-110]
        : The server 'localhost_1_22' is forked process '3205233' on this host.
Info    : Connection established with super-threading server. [ST-110]
        : The server 'localhost_1_23' is forked process '3205241' on this host.
Info    : Connection established with super-threading server. [ST-110]
        : The server 'localhost_1_24' is forked process '3205252' on this host.
Info    : Connection established with super-threading server. [ST-110]
        : The server 'localhost_1_25' is forked process '3205268' on this host.
Info    : Connection established with super-threading server. [ST-110]
        : The server 'localhost_1_26' is forked process '3205387' on this host.
Info    : Connection established with super-threading server. [ST-110]
        : The server 'localhost_1_27' is forked process '3205498' on this host.
Info    : Connection established with super-threading server. [ST-110]
        : The server 'localhost_1_28' is forked process '3205598' on this host.
        Distributing super-thread jobs: mrg_mux_ctl cb_seq cb_part_3065
          Sending 'mrg_mux_ctl' to server 'localhost_1_26'...
            Sent 'mrg_mux_ctl' to server 'localhost_1_26'.
          Sending 'cb_seq' to server 'localhost_1_25'...
            Sent 'cb_seq' to server 'localhost_1_25'.
          Sending 'cb_part_3065' to server 'localhost_1_24'...
            Sent 'cb_part_3065' to server 'localhost_1_24'.
          Received 'mrg_mux_ctl' from server 'localhost_1_26'. (5580 ms elapsed)
          Received 'cb_seq' from server 'localhost_1_25'. (4891 ms elapsed)
          Received 'cb_part_3065' from server 'localhost_1_24'. (3341 ms elapsed)
Multi-threaded Virtual Mapping    (8 threads per ST process, 8 of 48 CPUs usable)
        Distributing super-thread jobs: mrg_mux_ctl csa_tree_add_38_31_I9_group_2 mult_signed_1126_601_1848 mult_signed_1126_601 csa_tree_u_addr_gen_add_114_38_group_2 add_unsigned_590_1813 add_unsigned_1731
          Sending 'mrg_mux_ctl' to server 'localhost_1_26'...
            Sent 'mrg_mux_ctl' to server 'localhost_1_26'.
          Sending 'csa_tree_add_38_31_I9_group_2' to server 'localhost_1_25'...
            Sent 'csa_tree_add_38_31_I9_group_2' to server 'localhost_1_25'.
          Sending 'mult_signed_1126_601_1848' to server 'localhost_1_24'...
            Sent 'mult_signed_1126_601_1848' to server 'localhost_1_24'.
          Sending 'mult_signed_1126_601' to server 'localhost_1_23'...
            Sent 'mult_signed_1126_601' to server 'localhost_1_23'.
          Sending 'csa_tree_u_addr_gen_add_114_38_group_2' to server 'localhost_1_27'...
            Sent 'csa_tree_u_addr_gen_add_114_38_group_2' to server 'localhost_1_27'.
          Sending 'add_unsigned_590_1813' to server 'localhost_1_0'...
            Sent 'add_unsigned_590_1813' to server 'localhost_1_0'.
          Sending 'add_unsigned_1731' to server 'localhost_1_22'...
            Sent 'add_unsigned_1731' to server 'localhost_1_22'.
          Received 'add_unsigned_1731' from server 'localhost_1_22'. (259 ms elapsed)
          Received 'mult_signed_1126_601_1848' from server 'localhost_1_24'. (601 ms elapsed)
          Received 'csa_tree_u_addr_gen_add_114_38_group_2' from server 'localhost_1_27'. (548 ms elapsed)
          Received 'mult_signed_1126_601' from server 'localhost_1_23'. (657 ms elapsed)
          Received 'add_unsigned_590_1813' from server 'localhost_1_0'. (723 ms elapsed)
          Received 'csa_tree_add_38_31_I9_group_2' from server 'localhost_1_25'. (1137 ms elapsed)
          Received 'mrg_mux_ctl' from server 'localhost_1_26'. (47353 ms elapsed)
        Distributing super-thread jobs: add_unsigned_590
          Sending 'add_unsigned_590' to server 'localhost_1_26'...
            Sent 'add_unsigned_590' to server 'localhost_1_26'.
          Received 'add_unsigned_590' from server 'localhost_1_26'. (94 ms elapsed)
        Distributing super-thread jobs: cb_part_3067
          Sending 'cb_part_3067' to server 'localhost_1_26'...
            Sent 'cb_part_3067' to server 'localhost_1_26'.
          Received 'cb_part_3067' from server 'localhost_1_26'. (62501 ms elapsed)
        Distributing super-thread jobs: cb_part_3065
          Sending 'cb_part_3065' to server 'localhost_1_26'...
            Sent 'cb_part_3065' to server 'localhost_1_26'.
          Received 'cb_part_3065' from server 'localhost_1_26'. (39182 ms elapsed)
        Distributing super-thread jobs: csa_tree_u_addr_gen_add_102_74_group_5 cb_oseq_3062 add_unsigned_51
          Sending 'csa_tree_u_addr_gen_add_102_74_group_5' to server 'localhost_1_26'...
            Sent 'csa_tree_u_addr_gen_add_102_74_group_5' to server 'localhost_1_26'.
          Sending 'cb_oseq_3062' to server 'localhost_1_25'...
            Sent 'cb_oseq_3062' to server 'localhost_1_25'.
          Sending 'add_unsigned_51' to server 'localhost_1_24'...
            Sent 'add_unsigned_51' to server 'localhost_1_24'.
          Received 'add_unsigned_51' from server 'localhost_1_24'. (90 ms elapsed)
          Received 'csa_tree_u_addr_gen_add_102_74_group_5' from server 'localhost_1_26'. (165 ms elapsed)
          Received 'cb_oseq_3062' from server 'localhost_1_25'. (281 ms elapsed)
        Distributing super-thread jobs: cb_seq cb_seq_3061 add_signed_685
          Sending 'cb_seq' to server 'localhost_1_26'...
            Sent 'cb_seq' to server 'localhost_1_26'.
          Sending 'cb_seq_3061' to server 'localhost_1_25'...
            Sent 'cb_seq_3061' to server 'localhost_1_25'.
          Sending 'add_signed_685' to server 'localhost_1_24'...
            Sent 'add_signed_685' to server 'localhost_1_24'.
          Received 'add_signed_685' from server 'localhost_1_24'. (86 ms elapsed)
          Received 'cb_seq_3061' from server 'localhost_1_25'. (518 ms elapsed)
          Received 'cb_seq' from server 'localhost_1_26'. (46179 ms elapsed)
        Distributing super-thread jobs: cb_seq_3059
          Sending 'cb_seq_3059' to server 'localhost_1_26'...
            Sent 'cb_seq_3059' to server 'localhost_1_26'.
          Received 'cb_seq_3059' from server 'localhost_1_26'. (604 ms elapsed)
 
Global mapping target info
==========================
Cost Group 'clk' target slack:   237 ps
Target path end-point (Port: mfn_frontend_top/sram_rd_addr[19])

Multi-threaded Technology Mapping (8 threads per ST process, 8 of 48 CPUs usable)
        Distributing super-thread jobs: cb_seq_3059
          Sending 'cb_seq_3059' to server 'localhost_1_26'...
            Sent 'cb_seq_3059' to server 'localhost_1_26'.
          Received 'cb_seq_3059' from server 'localhost_1_26'. (643 ms elapsed)
        Distributing super-thread jobs: cb_seq cb_seq_3061
          Sending 'cb_seq' to server 'localhost_1_26'...
            Sent 'cb_seq' to server 'localhost_1_26'.
          Sending 'cb_seq_3061' to server 'localhost_1_25'...
            Sent 'cb_seq_3061' to server 'localhost_1_25'.
          Received 'cb_seq_3061' from server 'localhost_1_25'. (547 ms elapsed)
          Received 'cb_seq' from server 'localhost_1_26'. (42636 ms elapsed)
        Distributing super-thread jobs: add_signed_685
          Sending 'add_signed_685' to server 'localhost_1_26'...
            Sent 'add_signed_685' to server 'localhost_1_26'.
          Received 'add_signed_685' from server 'localhost_1_26'. (346 ms elapsed)
        Distributing super-thread jobs: csa_tree_u_addr_gen_add_102_74_group_5 cb_oseq_3062 add_unsigned_51
          Sending 'csa_tree_u_addr_gen_add_102_74_group_5' to server 'localhost_1_26'...
            Sent 'csa_tree_u_addr_gen_add_102_74_group_5' to server 'localhost_1_26'.
          Sending 'cb_oseq_3062' to server 'localhost_1_25'...
            Sent 'cb_oseq_3062' to server 'localhost_1_25'.
          Sending 'add_unsigned_51' to server 'localhost_1_24'...
            Sent 'add_unsigned_51' to server 'localhost_1_24'.
          Received 'cb_oseq_3062' from server 'localhost_1_25'. (289 ms elapsed)
          Received 'add_unsigned_51' from server 'localhost_1_24'. (336 ms elapsed)
          Received 'csa_tree_u_addr_gen_add_102_74_group_5' from server 'localhost_1_26'. (1271 ms elapsed)
        Distributing super-thread jobs: cb_part_3065
          Sending 'cb_part_3065' to server 'localhost_1_26'...
            Sent 'cb_part_3065' to server 'localhost_1_26'.
          Received 'cb_part_3065' from server 'localhost_1_26'. (31425 ms elapsed)
        Distributing super-thread jobs: cb_part_3067
          Sending 'cb_part_3067' to server 'localhost_1_26'...
            Sent 'cb_part_3067' to server 'localhost_1_26'.
          Received 'cb_part_3067' from server 'localhost_1_26'. (54576 ms elapsed)
        Distributing super-thread jobs: add_unsigned_590
          Sending 'add_unsigned_590' to server 'localhost_1_26'...
            Sent 'add_unsigned_590' to server 'localhost_1_26'.
          Received 'add_unsigned_590' from server 'localhost_1_26'. (518 ms elapsed)
        Distributing super-thread jobs: mrg_mux_ctl csa_tree_add_38_31_I9_group_2 mult_signed_1126_601_1848 mult_signed_1126_601 csa_tree_u_addr_gen_add_114_38_group_2 add_unsigned_590_1813 add_unsigned_1731
          Sending 'mrg_mux_ctl' to server 'localhost_1_26'...
            Sent 'mrg_mux_ctl' to server 'localhost_1_26'.
          Sending 'csa_tree_add_38_31_I9_group_2' to server 'localhost_1_25'...
            Sent 'csa_tree_add_38_31_I9_group_2' to server 'localhost_1_25'.
          Sending 'mult_signed_1126_601_1848' to server 'localhost_1_24'...
            Sent 'mult_signed_1126_601_1848' to server 'localhost_1_24'.
          Sending 'mult_signed_1126_601' to server 'localhost_1_23'...
            Sent 'mult_signed_1126_601' to server 'localhost_1_23'.
          Sending 'csa_tree_u_addr_gen_add_114_38_group_2' to server 'localhost_1_27'...
            Sent 'csa_tree_u_addr_gen_add_114_38_group_2' to server 'localhost_1_27'.
          Sending 'add_unsigned_590_1813' to server 'localhost_1_0'...
            Sent 'add_unsigned_590_1813' to server 'localhost_1_0'.
          Sending 'add_unsigned_1731' to server 'localhost_1_22'...
            Sent 'add_unsigned_1731' to server 'localhost_1_22'.
          Received 'add_unsigned_1731' from server 'localhost_1_22'. (363 ms elapsed)
          Received 'add_unsigned_590_1813' from server 'localhost_1_0'. (575 ms elapsed)
          Received 'csa_tree_add_38_31_I9_group_2' from server 'localhost_1_25'. (2720 ms elapsed)
          Received 'csa_tree_u_addr_gen_add_114_38_group_2' from server 'localhost_1_27'. (4967 ms elapsed)
          Received 'mult_signed_1126_601' from server 'localhost_1_23'. (8675 ms elapsed)
          Received 'mult_signed_1126_601_1848' from server 'localhost_1_24'. (9029 ms elapsed)
          Received 'mrg_mux_ctl' from server 'localhost_1_26'. (39012 ms elapsed)
 
Global mapping status
=====================
                                   Group   
                                  Tot Wrst 
                           Total  Weighted 
Operation                   Area   Slacks  
-------------------------------------------------------------------------------
 global_map               290555        0 

    Cost Group            Target    Slack    Diff.  Constr.
-----------------------------------------------------------
           clk               237     5672             10000 

 
Global incremental target info
==============================
Cost Group 'clk' target slack:   197 ps
Target path end-point (Pin: u_ctrl/psum_mem_reg[511][38]/D (DFF_X1/D))

              Distributing super-thread jobs: cb_seq cb_seq_3059 cb_seq_3061
                Sending 'cb_seq' to server 'localhost_1_26'...
                  Sent 'cb_seq' to server 'localhost_1_26'.
                Sending 'cb_seq_3059' to server 'localhost_1_25'...
                  Sent 'cb_seq_3059' to server 'localhost_1_25'.
                Sending 'cb_seq_3061' to server 'localhost_1_24'...
                  Sent 'cb_seq_3061' to server 'localhost_1_24'.
                Received 'cb_seq_3059' from server 'localhost_1_25'. (267 ms elapsed)
                Received 'cb_seq_3061' from server 'localhost_1_24'. (350 ms elapsed)
                Received 'cb_seq' from server 'localhost_1_26'. (11060 ms elapsed)
              Distributing super-thread jobs: cb_part_3065
                Sending 'cb_part_3065' to server 'localhost_1_26'...
                  Sent 'cb_part_3065' to server 'localhost_1_26'.
                Received 'cb_part_3065' from server 'localhost_1_26'. (3706 ms elapsed)
              Distributing super-thread jobs: cb_part_3067
                Sending 'cb_part_3067' to server 'localhost_1_26'...
                  Sent 'cb_part_3067' to server 'localhost_1_26'.
                Received 'cb_part_3067' from server 'localhost_1_26'. (9600 ms elapsed)
              Distributing super-thread jobs: mrg_mux_ctl mult_signed_1126_601 mult_signed_1126_601_1848 csa_tree_u_addr_gen_add_114_38_group_2 csa_tree_add_38_31_I9_group_2
                Sending 'mrg_mux_ctl' to server 'localhost_1_26'...
                  Sent 'mrg_mux_ctl' to server 'localhost_1_26'.
                Sending 'mult_signed_1126_601' to server 'localhost_1_25'...
                  Sent 'mult_signed_1126_601' to server 'localhost_1_25'.
                Sending 'mult_signed_1126_601_1848' to server 'localhost_1_24'...
                  Sent 'mult_signed_1126_601_1848' to server 'localhost_1_24'.
                Sending 'csa_tree_u_addr_gen_add_114_38_group_2' to server 'localhost_1_23'...
                  Sent 'csa_tree_u_addr_gen_add_114_38_group_2' to server 'localhost_1_23'.
                Sending 'csa_tree_add_38_31_I9_group_2' to server 'localhost_1_27'...
                  Sent 'csa_tree_add_38_31_I9_group_2' to server 'localhost_1_27'.
                Received 'mult_signed_1126_601' from server 'localhost_1_25'. (159 ms elapsed)
                Received 'mult_signed_1126_601_1848' from server 'localhost_1_24'. (172 ms elapsed)
                Received 'csa_tree_u_addr_gen_add_114_38_group_2' from server 'localhost_1_23'. (154 ms elapsed)
                Received 'csa_tree_add_38_31_I9_group_2' from server 'localhost_1_27'. (145 ms elapsed)
                Received 'mrg_mux_ctl' from server 'localhost_1_26'. (6834 ms elapsed)
 
Global incremental optimization status
======================================
                                   Group   
                                  Tot Wrst 
                           Total  Weighted 
Operation                   Area   Slacks  
-------------------------------------------------------------------------------
 global_incr              289985        0 

    Cost Group            Target    Slack    Diff.  Constr.
-----------------------------------------------------------
           clk               197     5632             10000 


+-----------+--------------------------------+-----+----------------------+---------------------------+
|   Host    |            Machine             | CPU | Physical Memory (MB) | Peak Physical Memory (MB) |
+-----------+--------------------------------+-----+----------------------+---------------------------+
| localhost | moore.wot.ece.northwestern.edu |  8  |        1305.3        |          1771.9           |
+-----------+--------------------------------+-----+----------------------+---------------------------+

+----------------+----------------------+---------------------------+
|     Server     | Physical Memory (MB) | Peak Physical Memory (MB) |
+----------------+----------------------+---------------------------+
| localhost_1_25 |       62.0 [1]       |          [1] [2]          |
| localhost_1_22 |       40.7 [1]       |          [1] [2]          |
| localhost_1_0  |      526.6 [3]       |        1126.4 [3]         |
| localhost_1_27 |       51.9 [1]       |          [1] [2]          |
| localhost_1_24 |       58.3 [1]       |          [1] [2]          |
| localhost_1_28 |       28.0 [1]       |          [1] [2]          |
| localhost_1_23 |       54.3 [1]       |          [1] [2]          |
| localhost_1_26 |      168.7 [1]       |          [1] [2]          |
+----------------+----------------------+---------------------------+
[1] Memory is included in parent localhost_1_0.
[2] Peak physical memory is not available for forked background servers.
[3] Memory of child processes is included.

PBS_Techmap-Global Mapping - Elapsed_Time 560, CPU_Time 554.0472460000001
stamp 'PBS_Techmap-Global Mapping' being created for table 'pbs_debug'

  Total Time (Wall) |  Stage Time (Wall)  |   % (Wall)   |    Date - Time     |  Memory   | Stage
--------------------+---------------------+--------------+--------------------+-----------+----------------------
 00:00:22(00:00:19) |  00:00:00(00:00:00) |   0.0(  0.0) |   11:42:58 (May06) |  471.3 MB | PBS_Generic-Start
--------------------+---------------------+--------------+--------------------+-----------+----------------------
 00:08:51(00:09:07) |  00:08:29(00:08:48) |  46.9( 47.5) |   11:51:46 (May06) |  893.4 MB | PBS_Generic_Opt-Post
--------------------+---------------------+--------------+--------------------+-----------+----------------------
 00:08:54(00:09:11) |  00:00:03(00:00:04) |   0.3(  0.4) |   11:51:50 (May06) |  893.4 MB | PBS_Generic-Postgen HBO Optimizations
--------------------+---------------------+--------------+--------------------+-----------+----------------------
 00:09:10(00:09:27) |  00:00:16(00:00:16) |   1.5(  1.4) |   11:52:06 (May06) |  793.9 MB | PBS_TechMap-Start
--------------------+---------------------+--------------+--------------------+-----------+----------------------
 00:09:13(00:09:30) |  00:00:03(00:00:03) |   0.3(  0.3) |   11:52:09 (May06) |  793.9 MB | PBS_TechMap-Premap HBO Optimizations
--------------------+---------------------+--------------+--------------------+-----------+----------------------
 00:18:27(00:18:50) |  00:09:14(00:09:20) |  51.1( 50.4) |   12:01:29 (May06) |   1.01 GB | PBS_Techmap-Global Mapping
--------------------+---------------------+--------------+--------------------+-----------+----------------------
Number of threads: 8 * 1   (id: pbs_debug, time_info v1.57)
Info: (*N*) indicates data that was populated from previously saved time_info database
Info: CPU time includes time of parent + longest thread
Warning : Detected a logic abstract in the design. [VRO-14]
        : The name of the logic abstract module is 'mfn_bias_rom_DWIDTH32'.
        : A logic abstract is an unresolved reference with defined port names and directions. By default, such modules are written in the netlist. Use '::legacy::set_attribute write_vlog_empty_module_for_logic_abstract false /' to prevent writing empty modules in the netlist for a logic abstract.
Warning : Detected a logic abstract in the design. [VRO-14]
        : The name of the logic abstract module is 'mfn_layer_config_rom'.
Warning : Detected a logic abstract in the design. [VRO-14]
        : The name of the logic abstract module is 'mfn_prelu_rom_DWIDTH16'.
Warning : Detected a logic abstract in the design. [VRO-14]
        : The name of the logic abstract module is 'mfn_weight_rom_DWIDTH16'.
Info    : Wrote formal verification information. [CFM-5]
        : Wrote 'fv/mfn_frontend_top/fv_map.fv.json' for netlist 'fv/mfn_frontend_top/fv_map.v.gz'.
Info    : Wrote dofile. [CFM-1]
        : Dofile is 'fv/mfn_frontend_top/rtl_to_fv_map.do'.
PBS_TechMap-Datapath Postmap Operations - Elapsed_Time 15, CPU_Time 15.0
stamp 'PBS_TechMap-Datapath Postmap Operations' being created for table 'pbs_debug'

  Total Time (Wall) |  Stage Time (Wall)  |   % (Wall)   |    Date - Time     |  Memory   | Stage
--------------------+---------------------+--------------+--------------------+-----------+----------------------
 00:00:22(00:00:19) |  00:00:00(00:00:00) |   0.0(  0.0) |   11:42:58 (May06) |  471.3 MB | PBS_Generic-Start
--------------------+---------------------+--------------+--------------------+-----------+----------------------
 00:08:51(00:09:07) |  00:08:29(00:08:48) |  46.3( 46.9) |   11:51:46 (May06) |  893.4 MB | PBS_Generic_Opt-Post
--------------------+---------------------+--------------+--------------------+-----------+----------------------
 00:08:54(00:09:11) |  00:00:03(00:00:04) |   0.3(  0.4) |   11:51:50 (May06) |  893.4 MB | PBS_Generic-Postgen HBO Optimizations
--------------------+---------------------+--------------+--------------------+-----------+----------------------
 00:09:10(00:09:27) |  00:00:16(00:00:16) |   1.5(  1.4) |   11:52:06 (May06) |  793.9 MB | PBS_TechMap-Start
--------------------+---------------------+--------------+--------------------+-----------+----------------------
 00:09:13(00:09:30) |  00:00:03(00:00:03) |   0.3(  0.3) |   11:52:09 (May06) |  793.9 MB | PBS_TechMap-Premap HBO Optimizations
--------------------+---------------------+--------------+--------------------+-----------+----------------------
 00:18:27(00:18:50) |  00:09:14(00:09:20) |  50.4( 49.7) |   12:01:29 (May06) |   1.01 GB | PBS_Techmap-Global Mapping
--------------------+---------------------+--------------+--------------------+-----------+----------------------
 00:18:42(00:19:05) |  00:00:15(00:00:15) |   1.4(  1.3) |   12:01:44 (May06) |  799.3 MB | PBS_TechMap-Datapath Postmap Operations
--------------------+---------------------+--------------+--------------------+-----------+----------------------
Number of threads: 8 * 1   (id: pbs_debug, time_info v1.57)
Info: (*N*) indicates data that was populated from previously saved time_info database
Info: CPU time includes time of parent + longest thread
PBS_TechMap-Postmap HBO Optimizations - Elapsed_Time 3, CPU_Time 2.0
stamp 'PBS_TechMap-Postmap HBO Optimizations' being created for table 'pbs_debug'

  Total Time (Wall) |  Stage Time (Wall)  |   % (Wall)   |    Date - Time     |  Memory   | Stage
--------------------+---------------------+--------------+--------------------+-----------+----------------------
 00:00:22(00:00:19) |  00:00:00(00:00:00) |   0.0(  0.0) |   11:42:58 (May06) |  471.3 MB | PBS_Generic-Start
--------------------+---------------------+--------------+--------------------+-----------+----------------------
 00:08:51(00:09:07) |  00:08:29(00:08:48) |  46.2( 46.8) |   11:51:46 (May06) |  893.4 MB | PBS_Generic_Opt-Post
--------------------+---------------------+--------------+--------------------+-----------+----------------------
 00:08:54(00:09:11) |  00:00:03(00:00:04) |   0.3(  0.4) |   11:51:50 (May06) |  893.4 MB | PBS_Generic-Postgen HBO Optimizations
--------------------+---------------------+--------------+--------------------+-----------+----------------------
 00:09:10(00:09:27) |  00:00:16(00:00:16) |   1.5(  1.4) |   11:52:06 (May06) |  793.9 MB | PBS_TechMap-Start
--------------------+---------------------+--------------+--------------------+-----------+----------------------
 00:09:13(00:09:30) |  00:00:03(00:00:03) |   0.3(  0.3) |   11:52:09 (May06) |  793.9 MB | PBS_TechMap-Premap HBO Optimizations
--------------------+---------------------+--------------+--------------------+-----------+----------------------
 00:18:27(00:18:50) |  00:09:14(00:09:20) |  50.3( 49.6) |   12:01:29 (May06) |   1.01 GB | PBS_Techmap-Global Mapping
--------------------+---------------------+--------------+--------------------+-----------+----------------------
 00:18:42(00:19:05) |  00:00:15(00:00:15) |   1.4(  1.3) |   12:01:44 (May06) |  799.3 MB | PBS_TechMap-Datapath Postmap Operations
--------------------+---------------------+--------------+--------------------+-----------+----------------------
 00:18:44(00:19:08) |  00:00:02(00:00:03) |   0.2(  0.3) |   12:01:47 (May06) |  799.3 MB | PBS_TechMap-Postmap HBO Optimizations
--------------------+---------------------+--------------+--------------------+-----------+----------------------
Number of threads: 8 * 1   (id: pbs_debug, time_info v1.57)
Info: (*N*) indicates data that was populated from previously saved time_info database
Info: CPU time includes time of parent + longest thread
 Doing ConstProp on design:mfn_frontend_top ... 

PBS_TechMap-Postmap Clock Gating - Elapsed_Time 5, CPU_Time 5.0
stamp 'PBS_TechMap-Postmap Clock Gating' being created for table 'pbs_debug'

  Total Time (Wall) |  Stage Time (Wall)  |   % (Wall)   |    Date - Time     |  Memory   | Stage
--------------------+---------------------+--------------+--------------------+-----------+----------------------
 00:00:22(00:00:19) |  00:00:00(00:00:00) |   0.0(  0.0) |   11:42:58 (May06) |  471.3 MB | PBS_Generic-Start
--------------------+---------------------+--------------+--------------------+-----------+----------------------
 00:08:51(00:09:07) |  00:08:29(00:08:48) |  46.0( 46.6) |   11:51:46 (May06) |  893.4 MB | PBS_Generic_Opt-Post
--------------------+---------------------+--------------+--------------------+-----------+----------------------
 00:08:54(00:09:11) |  00:00:03(00:00:04) |   0.3(  0.4) |   11:51:50 (May06) |  893.4 MB | PBS_Generic-Postgen HBO Optimizations
--------------------+---------------------+--------------+--------------------+-----------+----------------------
 00:09:10(00:09:27) |  00:00:16(00:00:16) |   1.4(  1.4) |   11:52:06 (May06) |  793.9 MB | PBS_TechMap-Start
--------------------+---------------------+--------------+--------------------+-----------+----------------------
 00:09:13(00:09:30) |  00:00:03(00:00:03) |   0.3(  0.3) |   11:52:09 (May06) |  793.9 MB | PBS_TechMap-Premap HBO Optimizations
--------------------+---------------------+--------------+--------------------+-----------+----------------------
 00:18:27(00:18:50) |  00:09:14(00:09:20) |  50.0( 49.4) |   12:01:29 (May06) |   1.01 GB | PBS_Techmap-Global Mapping
--------------------+---------------------+--------------+--------------------+-----------+----------------------
 00:18:42(00:19:05) |  00:00:15(00:00:15) |   1.4(  1.3) |   12:01:44 (May06) |  799.3 MB | PBS_TechMap-Datapath Postmap Operations
--------------------+---------------------+--------------+--------------------+-----------+----------------------
 00:18:44(00:19:08) |  00:00:02(00:00:03) |   0.2(  0.3) |   12:01:47 (May06) |  799.3 MB | PBS_TechMap-Postmap HBO Optimizations
--------------------+---------------------+--------------+--------------------+-----------+----------------------
 00:18:49(00:19:13) |  00:00:05(00:00:05) |   0.5(  0.4) |   12:01:52 (May06) |  792.8 MB | PBS_TechMap-Postmap Clock Gating
--------------------+---------------------+--------------+--------------------+-----------+----------------------
Number of threads: 8 * 1   (id: pbs_debug, time_info v1.57)
Info: (*N*) indicates data that was populated from previously saved time_info database
Info: CPU time includes time of parent + longest thread
 hi_fo_buf                289967        0         0         0        0

           Trick     Calls     Accepts   Attempts    Time(secs) 
-----------------------------------------------------------
       hi_fo_buf         0  (        0 /        0 )  0.00

 
Incremental optimization status
===============================
                                   Group   
                                  Tot Wrst     Total - - DRC Totals - -
                           Total  Weighted      Neg      Max       Max 
Operation                   Area   Slacks      Slack    Trans      Cap 
-------------------------------------------------------------------------------
 init_delay               289967        0         0         0        0

           Trick     Calls     Accepts   Attempts    Time(secs) 
-----------------------------------------------------------
       crit_upsz         0  (        0 /        0 )  0.00
    plc_bal_star         0  (        0 /        0 )  0.00
     drc_buftimb         0  (        0 /        0 )  0.00
          plc_st         0  (        0 /        0 )  0.00
    plc_st_fence         0  (        0 /        0 )  0.00
        plc_star         0  (        0 /        0 )  0.00
      plc_laf_st         0  (        0 /        0 )  0.00
 plc_laf_st_fence         0  (        0 /        0 )  0.00
     drc_buftims         0  (        0 /        0 )  0.00
            fopt         0  (        0 /        0 )  0.00
   plc_laf_lo_st         0  (        0 /        0 )  0.00
       plc_lo_st         0  (        0 /        0 )  0.00

 
Local TNS optimization status
=============================
                                   Group   
                                  Tot Wrst     Total - - DRC Totals - -
                           Total  Weighted      Neg      Max       Max 
Operation                   Area   Slacks      Slack    Trans      Cap 
-------------------------------------------------------------------------------
 init_tns                 289967        0         0         0        0

           Trick     Calls     Accepts   Attempts    Time(secs) 
-----------------------------------------------------------
    plc_bal_star         0  (        0 /        0 )  0.00
     drc_buftimb         0  (        0 /        0 )  0.00
     drc_buftims         0  (        0 /        0 )  0.00
       crit_upsz         0  (        0 /        0 )  0.00
   plc_laf_lo_st         0  (        0 /        0 )  0.00
       plc_lo_st         0  (        0 /        0 )  0.00
            fopt         0  (        0 /        0 )  0.00
       crit_dnsz         0  (        0 /        0 )  0.00
             dup         0  (        0 /        0 )  0.00
        setup_dn         0  (        0 /        0 )  0.00

PBS_TechMap-Postmap Cleanup - Elapsed_Time 3, CPU_Time 3.0
stamp 'PBS_TechMap-Postmap Cleanup' being created for table 'pbs_debug'

  Total Time (Wall) |  Stage Time (Wall)  |   % (Wall)   |    Date - Time     |  Memory   | Stage
--------------------+---------------------+--------------+--------------------+-----------+----------------------
 00:00:22(00:00:19) |  00:00:00(00:00:00) |   0.0(  0.0) |   11:42:58 (May06) |  471.3 MB | PBS_Generic-Start
--------------------+---------------------+--------------+--------------------+-----------+----------------------
 00:08:51(00:09:07) |  00:08:29(00:08:48) |  45.9( 46.4) |   11:51:46 (May06) |  893.4 MB | PBS_Generic_Opt-Post
--------------------+---------------------+--------------+--------------------+-----------+----------------------
 00:08:54(00:09:11) |  00:00:03(00:00:04) |   0.3(  0.4) |   11:51:50 (May06) |  893.4 MB | PBS_Generic-Postgen HBO Optimizations
--------------------+---------------------+--------------+--------------------+-----------+----------------------
 00:09:10(00:09:27) |  00:00:16(00:00:16) |   1.4(  1.4) |   11:52:06 (May06) |  793.9 MB | PBS_TechMap-Start
--------------------+---------------------+--------------+--------------------+-----------+----------------------
 00:09:13(00:09:30) |  00:00:03(00:00:03) |   0.3(  0.3) |   11:52:09 (May06) |  793.9 MB | PBS_TechMap-Premap HBO Optimizations
--------------------+---------------------+--------------+--------------------+-----------+----------------------
 00:18:27(00:18:50) |  00:09:14(00:09:20) |  49.9( 49.3) |   12:01:29 (May06) |   1.01 GB | PBS_Techmap-Global Mapping
--------------------+---------------------+--------------+--------------------+-----------+----------------------
 00:18:42(00:19:05) |  00:00:15(00:00:15) |   1.4(  1.3) |   12:01:44 (May06) |  799.3 MB | PBS_TechMap-Datapath Postmap Operations
--------------------+---------------------+--------------+--------------------+-----------+----------------------
 00:18:44(00:19:08) |  00:00:02(00:00:03) |   0.2(  0.3) |   12:01:47 (May06) |  799.3 MB | PBS_TechMap-Postmap HBO Optimizations
--------------------+---------------------+--------------+--------------------+-----------+----------------------
 00:18:49(00:19:13) |  00:00:05(00:00:05) |   0.5(  0.4) |   12:01:52 (May06) |  792.8 MB | PBS_TechMap-Postmap Clock Gating
--------------------+---------------------+--------------+--------------------+-----------+----------------------
 00:18:52(00:19:16) |  00:00:03(00:00:03) |   0.3(  0.3) |   12:01:55 (May06) |  792.8 MB | PBS_TechMap-Postmap Cleanup
--------------------+---------------------+--------------+--------------------+-----------+----------------------
Number of threads: 8 * 1   (id: pbs_debug, time_info v1.57)
Info: (*N*) indicates data that was populated from previously saved time_info database
Info: CPU time includes time of parent + longest thread
PBS_Techmap-Post_MBCI - Elapsed_Time 0, CPU_Time 0.0
stamp 'PBS_Techmap-Post_MBCI' being created for table 'pbs_debug'

  Total Time (Wall) |  Stage Time (Wall)  |   % (Wall)   |    Date - Time     |  Memory   | Stage
--------------------+---------------------+--------------+--------------------+-----------+----------------------
 00:00:22(00:00:19) |  00:00:00(00:00:00) |   0.0(  0.0) |   11:42:58 (May06) |  471.3 MB | PBS_Generic-Start
--------------------+---------------------+--------------+--------------------+-----------+----------------------
 00:08:51(00:09:07) |  00:08:29(00:08:48) |  45.9( 46.4) |   11:51:46 (May06) |  893.4 MB | PBS_Generic_Opt-Post
--------------------+---------------------+--------------+--------------------+-----------+----------------------
 00:08:54(00:09:11) |  00:00:03(00:00:04) |   0.3(  0.4) |   11:51:50 (May06) |  893.4 MB | PBS_Generic-Postgen HBO Optimizations
--------------------+---------------------+--------------+--------------------+-----------+----------------------
 00:09:10(00:09:27) |  00:00:16(00:00:16) |   1.4(  1.4) |   11:52:06 (May06) |  793.9 MB | PBS_TechMap-Start
--------------------+---------------------+--------------+--------------------+-----------+----------------------
 00:09:13(00:09:30) |  00:00:03(00:00:03) |   0.3(  0.3) |   11:52:09 (May06) |  793.9 MB | PBS_TechMap-Premap HBO Optimizations
--------------------+---------------------+--------------+--------------------+-----------+----------------------
 00:18:27(00:18:50) |  00:09:14(00:09:20) |  49.9( 49.3) |   12:01:29 (May06) |   1.01 GB | PBS_Techmap-Global Mapping
--------------------+---------------------+--------------+--------------------+-----------+----------------------
 00:18:42(00:19:05) |  00:00:15(00:00:15) |   1.4(  1.3) |   12:01:44 (May06) |  799.3 MB | PBS_TechMap-Datapath Postmap Operations
--------------------+---------------------+--------------+--------------------+-----------+----------------------
 00:18:44(00:19:08) |  00:00:02(00:00:03) |   0.2(  0.3) |   12:01:47 (May06) |  799.3 MB | PBS_TechMap-Postmap HBO Optimizations
--------------------+---------------------+--------------+--------------------+-----------+----------------------
 00:18:49(00:19:13) |  00:00:05(00:00:05) |   0.5(  0.4) |   12:01:52 (May06) |  792.8 MB | PBS_TechMap-Postmap Clock Gating
--------------------+---------------------+--------------+--------------------+-----------+----------------------
 00:18:52(00:19:16) |  00:00:03(00:00:03) |   0.3(  0.3) |   12:01:55 (May06) |  792.8 MB | PBS_TechMap-Postmap Cleanup
--------------------+---------------------+--------------+--------------------+-----------+----------------------
 00:18:52(00:19:16) |  00:00:00(00:00:00) |   0.0(  0.0) |   12:01:55 (May06) |  792.8 MB | PBS_Techmap-Post_MBCI
--------------------+---------------------+--------------+--------------------+-----------+----------------------
Number of threads: 8 * 1   (id: pbs_debug, time_info v1.57)
Info: (*N*) indicates data that was populated from previously saved time_info database
Info: CPU time includes time of parent + longest thread

======================= Sequential Deletion Report =============================
   Reason      Instance Name
-----------------------------
================================================================================

##>=================== Cadence Confidential (Mapping-Logical) ===================
##>Main Thread Summary:
##>----------------------------------------------------------------------------------------
##>STEP                           Elapsed       WNS       TNS     Insts      Area    Memory
##>----------------------------------------------------------------------------------------
##>M:Initial                            2         -         -    185569    380562       793
##>M:Pre Cleanup                        0         -         -    185569    380562       793
##>M:Setup                              0         -         -         -         -         -
##>M:Launch ST                          0         -         -         -         -         -
##>M:Design Partition                   0         -         -         -         -         -
##>M:Create Partition Netlists          0         -         -         -         -         -
##>M:Init Power                         0         -         -         -         -         -
##>M:Budgeting                          0         -         -         -         -         -
##>M:Derenv-DB                          0         -         -         -         -         -
##>M:Debug Outputs                      0         -         -         -         -         -
##>M:ST loading                         0         -         -         -         -         -
##>M:Distributed                        0         -         -         -         -         -
##>M:Timer                              0         -         -         -         -         -
##>M:Assembly                           0         -         -         -         -         -
##>M:DFT                                0         -         -         -         -         -
##>M:DP Operations                     15         -         -     69476    182638       799
##>M:Const Prop                         0      5631         0     69476    182638       799
##>M:Cleanup                            3      5631         0     69474    182627       792
##>M:MBCI                               0         -         -     69474    182627       792
##>M:Misc                             571
##>----------------------------------------------------------------------------------------
##>Total Elapsed                      591
##>========================================================================================

+-----------+--------------------------------+-----+----------------------+---------------------------+
|   Host    |            Machine             | CPU | Physical Memory (MB) | Peak Physical Memory (MB) |
+-----------+--------------------------------+-----+----------------------+---------------------------+
| localhost | moore.wot.ece.northwestern.edu |  1  |        792.8         |          1771.9           |
+-----------+--------------------------------+-----+----------------------+---------------------------+

+---------------+----------------------+---------------------------+
|    Server     | Physical Memory (MB) | Peak Physical Memory (MB) |
+---------------+----------------------+---------------------------+
| localhost_1_0 |        221.7         |          1126.4           |
+---------------+----------------------+---------------------------+

Info    : Done mapping. [SYNTH-5]
        : Done mapping 'mfn_frontend_top'.
     flow.cputime  flow.realtime  timing.setup.tns  timing.setup.wns  snapshot
UM:           798            600                                      syn_map
@file(synthesis.tcl) 55: syn_opt
Current PLE settings:

Aspect ratio        : 1.00
Shrink factor       : 1.00
Scale of res/length : 1.00
Scale of cap/length : 1.00
Net derating factor : 1.00
Thermal factor      : 1.00
Via Resistance      : 0.00 ohm (from default)
Site size           : 1.59 um (from lef [tech+cell])

                                   Capacitance  
  Layer                             / Length         Data source:
Name        Direction Utilization  (pF/micron)       lef_library
------------------------------------------------
metal1          H         0.00        0.000060  
metal2          V         1.00        0.000053  
metal3          H         1.00        0.000052  
metal4          V         1.00        0.000065  
metal5          H         1.00        0.000007  
metal6          V         1.00        0.000049  
metal7          H         1.00        0.000068  
metal8          V         1.00        0.000050  
metal9          H         1.00        0.000065  
metal10         V         1.00        0.000049  

                                    Resistance   
  Layer                              / Length         Data source:
Name        Direction Utilization  (ohm/micron)       lef_library
-------------------------------------------------
metal1          H         0.00         5.428571  
metal2          V         1.00         3.571429  
metal3          H         1.00         3.571429  
metal4          V         1.00         1.500000  
metal5          H         1.00         1.500000  
metal6          V         1.00         1.500000  
metal7          H         1.00         0.187500  
metal8          V         1.00         0.187500  
metal9          H         1.00         0.037500  
metal10         V         1.00         0.037500  

                                        Area     
  Layer                               / Length        Data source:
Name        Direction Utilization     (micron)        lef_library
-------------------------------------------------
metal1          H         0.00         0.070000  
metal2          V         1.00         0.070000  
metal3          H         1.00         0.070000  
metal4          V         1.00         0.140000  
metal5          H         1.00         0.140000  
metal6          V         1.00         0.140000  
metal7          H         1.00         0.400000  
metal8          V         1.00         0.400000  
metal9          H         1.00         0.800000  
metal10         V         1.00         0.800000  

Info    : Incrementally optimizing. [SYNTH-7]
        : Incrementally optimizing 'mfn_frontend_top' using 'high' effort.
 
Incremental optimization status
===============================
                                   Group   
                                  Tot Wrst     Total - - DRC Totals - -
                           Total  Weighted      Neg      Max       Max 
Operation                   Area   Slacks      Slack    Trans      Cap 
-------------------------------------------------------------------------------
 init_iopt                289967        0         0         0        0
 const_prop               289967        0         0         0        0
 simp_cc_inputs           289963        0         0         0        0
 hi_fo_buf                289963        0         0         0        0

           Trick     Calls     Accepts   Attempts    Time(secs) 
-----------------------------------------------------------
       hi_fo_buf         0  (        0 /        0 )  0.00

 
Incremental optimization status
===============================
                                   Group   
                                  Tot Wrst     Total - - DRC Totals - -
                           Total  Weighted      Neg      Max       Max 
Operation                   Area   Slacks      Slack    Trans      Cap 
-------------------------------------------------------------------------------
 init_delay               289963        0         0         0        0

           Trick     Calls     Accepts   Attempts    Time(secs) 
-----------------------------------------------------------
        crit_msz         0  (        0 /        0 )  0.00
       crit_upsz         0  (        0 /        0 )  0.00
       crit_slew         0  (        0 /        0 )  0.00
        setup_dn         0  (        0 /        0 )  0.00
    plc_bal_star         0  (        0 /        0 )  0.00
     drc_buftimb         0  (        0 /        0 )  0.00
          plc_st         0  (        0 /        0 )  0.00
    plc_st_fence         0  (        0 /        0 )  0.00
        plc_star         0  (        0 /        0 )  0.00
      plc_laf_st         0  (        0 /        0 )  0.00
 plc_laf_st_fence         0  (        0 /        0 )  0.00
     drc_buftims         0  (        0 /        0 )  0.00
   plc_laf_lo_st         0  (        0 /        0 )  0.00
       plc_lo_st         0  (        0 /        0 )  0.00
            fopt         0  (        0 /        0 )  0.00
       crit_swap         0  (        0 /        0 )  0.00
       mux2_swap         0  (        0 /        0 )  0.00
       crit_dnsz         0  (        0 /        0 )  0.00
       load_swap         0  (        0 /        0 )  0.00
            fopt         0  (        0 /        0 )  0.00
        setup_dn         0  (        0 /        0 )  0.00
       load_isol         0  (        0 /        0 )  0.00
       load_isol         0  (        0 /        0 )  0.00
        move_for         0  (        0 /        0 )  0.00
        move_for         0  (        0 /        0 )  0.00
          rem_bi         0  (        0 /        0 )  0.00
         offload         0  (        0 /        0 )  0.00
          rem_bi         0  (        0 /        0 )  0.00
         offload         0  (        0 /        0 )  0.00
           phase         0  (        0 /        0 )  0.00
        in_phase         0  (        0 /        0 )  0.00
       merge_bit         0  (        0 /        0 )  0.00
     merge_idrvr         0  (        0 /        0 )  0.00
     merge_iload         0  (        0 /        0 )  0.00
    merge_idload         0  (        0 /        0 )  0.00
      merge_drvr         0  (        0 /        0 )  0.00
      merge_load         0  (        0 /        0 )  0.00
          decomp         0  (        0 /        0 )  0.00
        p_decomp         0  (        0 /        0 )  0.00
        levelize         0  (        0 /        0 )  0.00
        mb_split         0  (        0 /        0 )  0.00
             dup         0  (        0 /        0 )  0.00
      mux_retime         0  (        0 /        0 )  0.00
         buf2inv         0  (        0 /        0 )  0.00
             exp         0  (        0 /        0 )  0.00
       gate_deco         0  (        0 /        0 )  0.00
       gcomp_tim         0  (        0 /        0 )  0.00
  inv_pair_2_buf         0  (        0 /        0 )  0.00


           Trick     Calls     Accepts   Attempts    Time(secs) 
-----------------------------------------------------------
         crr_220         0  (        0 /        0 )  0.00
        crr_glob         0  (        0 /        0 )  0.00
         crr_320         0  (        0 /        0 )  0.00
        crr_glob         0  (        0 /        0 )  0.00
         crr_330         0  (        0 /        0 )  0.00
        crr_glob         0  (        0 /        0 )  0.00
         crr_230         0  (        0 /        0 )  0.00
        crr_glob         0  (        0 /        0 )  0.00
         crr_130         0  (        0 /        0 )  0.00
        crr_glob         0  (        0 /        0 )  0.00
         crr_420         0  (        0 /        0 )  0.00
        crr_glob         0  (        0 /        0 )  0.00
         crr_310         0  (        0 /        0 )  0.00
        crr_glob         0  (        0 /        0 )  0.00
         crr_200         0  (        0 /        0 )  0.00
        crr_glob         0  (        0 /        0 )  0.00
         crr_300         0  (        0 /        0 )  0.00
        crr_glob         0  (        0 /        0 )  0.00
         crr_400         0  (        0 /        0 )  0.00
        crr_glob         0  (        0 /        0 )  0.00
         crr_410         0  (        0 /        0 )  0.00
        crr_glob         0  (        0 /        0 )  0.00
         crr_500         0  (        0 /        0 )  0.00
        crr_glob         0  (        0 /        0 )  0.00
         crr_120         0  (        0 /        0 )  0.00
        crr_glob         0  (        0 /        0 )  0.00
         crr_111         0  (        0 /        0 )  0.00
        crr_glob         0  (        0 /        0 )  0.00
         crr_210         0  (        0 /        0 )  0.00
        crr_glob         0  (        0 /        0 )  0.00
         crr_110         0  (        0 /        0 )  0.00
        crr_glob         0  (        0 /        0 )  0.00
         crr_101         0  (        0 /        0 )  0.00
        crr_glob         0  (        0 /        0 )  0.00
         crr_201         0  (        0 /        0 )  0.00
        crr_glob         0  (        0 /        0 )  0.00
         crr_211         0  (        0 /        0 )  0.00
        crr_glob         0  (        0 /        0 )  0.00
        crit_msz         0  (        0 /        0 )  0.00
       crit_upsz         0  (        0 /        0 )  0.00
       crit_slew         0  (        0 /        0 )  0.00
        setup_dn         0  (        0 /        0 )  0.00
    plc_bal_star         0  (        0 /        0 )  0.00
     drc_buftimb         0  (        0 /        0 )  0.00
          plc_st         0  (        0 /        0 )  0.00
    plc_st_fence         0  (        0 /        0 )  0.00
        plc_star         0  (        0 /        0 )  0.00
      plc_laf_st         0  (        0 /        0 )  0.00
 plc_laf_st_fence         0  (        0 /        0 )  0.00
     drc_buftims         0  (        0 /        0 )  0.00
       plc_lo_st         0  (        0 /        0 )  0.00
            fopt         0  (        0 /        0 )  0.00
       crit_swap         0  (        0 /        0 )  0.00
       mux2_swap         0  (        0 /        0 )  0.00
       crit_dnsz         0  (        0 /        0 )  0.00
       load_swap         0  (        0 /        0 )  0.00
            fopt         0  (        0 /        0 )  0.00
        setup_dn         0  (        0 /        0 )  0.00
       load_isol         0  (        0 /        0 )  0.00
       load_isol         0  (        0 /        0 )  0.00
        move_for         0  (        0 /        0 )  0.00
        move_for         0  (        0 /        0 )  0.00
          rem_bi         0  (        0 /        0 )  0.00
         offload         0  (        0 /        0 )  0.00
          rem_bi         0  (        0 /        0 )  0.00
         offload         0  (        0 /        0 )  0.00
       merge_bit         0  (        0 /        0 )  0.00
     merge_idrvr         0  (        0 /        0 )  0.00
     merge_iload         0  (        0 /        0 )  0.00
    merge_idload         0  (        0 /        0 )  0.00
      merge_drvr         0  (        0 /        0 )  0.00
      merge_load         0  (        0 /        0 )  0.00
           phase         0  (        0 /        0 )  0.00
          decomp         0  (        0 /        0 )  0.00
        p_decomp         0  (        0 /        0 )  0.00
        levelize         0  (        0 /        0 )  0.00
        mb_split         0  (        0 /        0 )  0.00
        in_phase         0  (        0 /        0 )  0.00
             dup         0  (        0 /        0 )  0.00
      mux_retime         0  (        0 /        0 )  0.00
         buf2inv         0  (        0 /        0 )  0.00
             exp         0  (        0 /        0 )  0.00
       gate_deco         0  (        0 /        0 )  0.00
       gcomp_tim         0  (        0 /        0 )  0.00
  inv_pair_2_buf         0  (        0 /        0 )  0.00
 init_drc                 289963        0         0         0        0

           Trick     Calls     Accepts   Attempts    Time(secs) 
-----------------------------------------------------------
          plc_st         0  (        0 /        0 )  0.00
        plc_star         0  (        0 /        0 )  0.00
        drc_bufs         0  (        0 /        0 )  0.00
        drc_fopt         0  (        0 /        0 )  0.00
        drc_bufb         0  (        0 /        0 )  0.00
      simple_buf         0  (        0 /        0 )  0.00
             dup         0  (        0 /        0 )  0.00
       crit_dnsz         0  (        0 /        0 )  0.00
       crit_upsz         0  (        0 /        0 )  0.00
       crit_slew         0  (        0 /        0 )  0.00


           Trick     Calls     Accepts   Attempts    Time(secs) 
-----------------------------------------------------------
          plc_st         0  (        0 /        0 )  0.00
        plc_star         0  (        0 /        0 )  0.00
      drc_buf_sp         0  (        0 /        0 )  0.00
        drc_bufs         0  (        0 /        0 )  0.00
        drc_fopt         0  (        0 /        0 )  0.00
        drc_bufb         0  (        0 /        0 )  0.00
      simple_buf         0  (        0 /        0 )  0.00
             dup         0  (        0 /        0 )  0.00
       crit_dnsz         0  (        0 /        0 )  0.00
       crit_upsz         0  (        0 /        0 )  0.00


           Trick     Calls     Accepts   Attempts    Time(secs) 
-----------------------------------------------------------
          plc_st         0  (        0 /        0 )  0.00
        plc_star         0  (        0 /        0 )  0.00
      drc_buf_sp         0  (        0 /        0 )  0.00
        drc_bufs         0  (        0 /        0 )  0.00
        drc_fopt         0  (        0 /        0 )  0.00
        drc_bufb         0  (        0 /        0 )  0.00
             dup         0  (        0 /        0 )  0.00
       crit_dnsz         0  (        0 /        0 )  0.00
       crit_upsz         0  (        0 /        0 )  0.00

 init_tns                 289963        0         0         0        0

           Trick     Calls     Accepts   Attempts    Time(secs) 
-----------------------------------------------------------
            fopt         0  (        0 /        0 )  0.00
    plc_bal_star         0  (        0 /        0 )  0.00
     drc_buftimb         0  (        0 /        0 )  0.00
     drc_buftims         0  (        0 /        0 )  0.00
        crit_msz         0  (        0 /        0 )  0.00
       crit_upsz         0  (        0 /        0 )  0.00
   plc_laf_lo_st         0  (        0 /        0 )  0.00
       plc_lo_st         0  (        0 /        0 )  0.00
       crit_swap         0  (        0 /        0 )  0.00
       mux2_swap         0  (        0 /        0 )  0.00
       crit_dnsz         0  (        0 /        0 )  0.00
       load_swap         0  (        0 /        0 )  0.00
            fopt         0  (        0 /        0 )  0.00
        setup_dn         0  (        0 /        0 )  0.00
       load_isol         0  (        0 /        0 )  0.00
       load_isol         0  (        0 /        0 )  0.00
        move_for         0  (        0 /        0 )  0.00
        move_for         0  (        0 /        0 )  0.00
          rem_bi         0  (        0 /        0 )  0.00
         offload         0  (        0 /        0 )  0.00
          rem_bi         0  (        0 /        0 )  0.00
         offload         0  (        0 /        0 )  0.00
       merge_bit         0  (        0 /        0 )  0.00
     merge_idrvr         0  (        0 /        0 )  0.00
     merge_iload         0  (        0 /        0 )  0.00
    merge_idload         0  (        0 /        0 )  0.00
      merge_drvr         0  (        0 /        0 )  0.00
      merge_load         0  (        0 /        0 )  0.00
           phase         0  (        0 /        0 )  0.00
          decomp         0  (        0 /        0 )  0.00
        p_decomp         0  (        0 /        0 )  0.00
        levelize         0  (        0 /        0 )  0.00
        mb_split         0  (        0 /        0 )  0.00
             dup         0  (        0 /        0 )  0.00
      mux_retime         0  (        0 /        0 )  0.00
       crr_local         0  (        0 /        0 )  0.00
         buf2inv         0  (        0 /        0 )  0.00

 init_area                289963        0         0         0        0
 rem_buf                  289948        0         0         0        0
 rem_inv                  289845        0         0         0        0
 merge_bi                 289829        0         0         0        0
 rem_inv_qb               289770        0         0         0        0
 io_phase                 289767        0         0         0        0
 gate_comp                289764        0         0         0        0
 glob_area                289754        0         0         0        0
 area_down                289747        0         0         0        0

           Trick     Calls     Accepts   Attempts    Time(secs) 
-----------------------------------------------------------
           undup         0  (        0 /        0 )  0.73
         rem_buf        10  (        9 /        9 )  0.04
         rem_inv        83  (       43 /       43 )  0.80
        merge_bi        12  (       12 /       12 )  0.49
      rem_inv_qb        53  (        2 /        2 )  0.24
    seq_res_area        50  (        0 /        0 )  30.56
        io_phase        41  (        2 /        2 )  0.05
       gate_comp        66  (        2 /        2 )  4.47
       gcomp_mog        10  (        0 /        0 )  1.19
       glob_area         7  (        2 /        7 )  0.40
       area_down       136  (        3 /        3 )  0.60
      size_n_buf         0  (        0 /        0 )  0.24
  gate_deco_area         0  (        0 /        0 )  0.07
         rem_buf         0  (        0 /        0 )  0.00
         rem_inv         0  (        0 /        0 )  0.00
        merge_bi         0  (        0 /        0 )  0.00
      rem_inv_qb         0  (        0 /        0 )  0.02

 
Incremental optimization status
===============================
                                   Group   
                                  Tot Wrst     Total - - DRC Totals - -
                           Total  Weighted      Neg      Max       Max 
Operation                   Area   Slacks      Slack    Trans      Cap 
-------------------------------------------------------------------------------
 init_delay               289747        0         0         0        0

           Trick     Calls     Accepts   Attempts    Time(secs) 
-----------------------------------------------------------
         crr_220         0  (        0 /        0 )  0.00
        crr_glob         0  (        0 /        0 )  0.00
         crr_320         0  (        0 /        0 )  0.00
        crr_glob         0  (        0 /        0 )  0.00
         crr_330         0  (        0 /        0 )  0.00
        crr_glob         0  (        0 /        0 )  0.00
         crr_230         0  (        0 /        0 )  0.00
        crr_glob         0  (        0 /        0 )  0.00
         crr_130         0  (        0 /        0 )  0.00
        crr_glob         0  (        0 /        0 )  0.00
         crr_420         0  (        0 /        0 )  0.00
        crr_glob         0  (        0 /        0 )  0.00
         crr_310         0  (        0 /        0 )  0.00
        crr_glob         0  (        0 /        0 )  0.00
         crr_200         0  (        0 /        0 )  0.00
        crr_glob         0  (        0 /        0 )  0.00
         crr_300         0  (        0 /        0 )  0.00
        crr_glob         0  (        0 /        0 )  0.00
         crr_400         0  (        0 /        0 )  0.00
        crr_glob         0  (        0 /        0 )  0.00
         crr_410         0  (        0 /        0 )  0.00
        crr_glob         0  (        0 /        0 )  0.00
         crr_500         0  (        0 /        0 )  0.00
        crr_glob         0  (        0 /        0 )  0.00
         crr_120         0  (        0 /        0 )  0.00
        crr_glob         0  (        0 /        0 )  0.00
         crr_111         0  (        0 /        0 )  0.00
        crr_glob         0  (        0 /        0 )  0.00
         crr_210         0  (        0 /        0 )  0.00
        crr_glob         0  (        0 /        0 )  0.00
         crr_110         0  (        0 /        0 )  0.00
        crr_glob         0  (        0 /        0 )  0.00
         crr_101         0  (        0 /        0 )  0.00
        crr_glob         0  (        0 /        0 )  0.00
         crr_201         0  (        0 /        0 )  0.00
        crr_glob         0  (        0 /        0 )  0.00
         crr_211         0  (        0 /        0 )  0.00
        crr_glob         0  (        0 /        0 )  0.00
        crit_msz         0  (        0 /        0 )  0.00
       crit_upsz         0  (        0 /        0 )  0.00
       crit_slew         0  (        0 /        0 )  0.00
        setup_dn         0  (        0 /        0 )  0.00
    plc_bal_star         0  (        0 /        0 )  0.00
     drc_buftimb         0  (        0 /        0 )  0.00
          plc_st         0  (        0 /        0 )  0.00
    plc_st_fence         0  (        0 /        0 )  0.00
        plc_star         0  (        0 /        0 )  0.00
      plc_laf_st         0  (        0 /        0 )  0.00
 plc_laf_st_fence         0  (        0 /        0 )  0.00
     drc_buftims         0  (        0 /        0 )  0.00
       plc_lo_st         0  (        0 /        0 )  0.00
            fopt         0  (        0 /        0 )  0.00
       crit_swap         0  (        0 /        0 )  0.00
       mux2_swap         0  (        0 /        0 )  0.00
       crit_dnsz         0  (        0 /        0 )  0.00
       load_swap         0  (        0 /        0 )  0.00
            fopt         0  (        0 /        0 )  0.00
        setup_dn         0  (        0 /        0 )  0.00
       load_isol         0  (        0 /        0 )  0.00
       load_isol         0  (        0 /        0 )  0.00
        move_for         0  (        0 /        0 )  0.00
        move_for         0  (        0 /        0 )  0.00
          rem_bi         0  (        0 /        0 )  0.00
         offload         0  (        0 /        0 )  0.00
          rem_bi         0  (        0 /        0 )  0.00
         offload         0  (        0 /        0 )  0.00
       merge_bit         0  (        0 /        0 )  0.00
     merge_idrvr         0  (        0 /        0 )  0.00
     merge_iload         0  (        0 /        0 )  0.00
    merge_idload         0  (        0 /        0 )  0.00
      merge_drvr         0  (        0 /        0 )  0.00
      merge_load         0  (        0 /        0 )  0.00
           phase         0  (        0 /        0 )  0.00
          decomp         0  (        0 /        0 )  0.00
        p_decomp         0  (        0 /        0 )  0.00
        levelize         0  (        0 /        0 )  0.00
        mb_split         0  (        0 /        0 )  0.00
        in_phase         0  (        0 /        0 )  0.00
             dup         0  (        0 /        0 )  0.00
      mux_retime         0  (        0 /        0 )  0.00
         buf2inv         0  (        0 /        0 )  0.00
             exp         0  (        0 /        0 )  0.00
       gate_deco         0  (        0 /        0 )  0.00
       gcomp_tim         0  (        0 /        0 )  0.00
  inv_pair_2_buf         0  (        0 /        0 )  0.00
 init_drc                 289747        0         0         0        0

           Trick     Calls     Accepts   Attempts    Time(secs) 
-----------------------------------------------------------
          plc_st         0  (        0 /        0 )  0.00
        plc_star         0  (        0 /        0 )  0.00
        drc_bufs         0  (        0 /        0 )  0.00
        drc_fopt         0  (        0 /        0 )  0.00
        drc_bufb         0  (        0 /        0 )  0.00
      simple_buf         0  (        0 /        0 )  0.00
             dup         0  (        0 /        0 )  0.00
       crit_dnsz         0  (        0 /        0 )  0.00
       crit_upsz         0  (        0 /        0 )  0.00
       crit_slew         0  (        0 /        0 )  0.00


           Trick     Calls     Accepts   Attempts    Time(secs) 
-----------------------------------------------------------
          plc_st         0  (        0 /        0 )  0.00
        plc_star         0  (        0 /        0 )  0.00
        drc_bufs         0  (        0 /        0 )  0.00
        drc_fopt         0  (        0 /        0 )  0.00
        drc_bufb         0  (        0 /        0 )  0.00
      simple_buf         0  (        0 /        0 )  0.00
             dup         0  (        0 /        0 )  0.00
       crit_dnsz         0  (        0 /        0 )  0.00
       crit_upsz         0  (        0 /        0 )  0.00


           Trick     Calls     Accepts   Attempts    Time(secs) 
-----------------------------------------------------------
          plc_st         0  (        0 /        0 )  0.00
        plc_star         0  (        0 /        0 )  0.00
        drc_bufs         0  (        0 /        0 )  0.00
        drc_fopt         0  (        0 /        0 )  0.00
        drc_bufb         0  (        0 /        0 )  0.00
             dup         0  (        0 /        0 )  0.00
       crit_dnsz         0  (        0 /        0 )  0.00
       crit_upsz         0  (        0 /        0 )  0.00

 init_tns                 289747        0         0         0        0

           Trick     Calls     Accepts   Attempts    Time(secs) 
-----------------------------------------------------------
            fopt         0  (        0 /        0 )  0.00
    plc_bal_star         0  (        0 /        0 )  0.00
     drc_buftimb         0  (        0 /        0 )  0.00
     drc_buftims         0  (        0 /        0 )  0.00
        crit_msz         0  (        0 /        0 )  0.00
       crit_upsz         0  (        0 /        0 )  0.00
   plc_laf_lo_st         0  (        0 /        0 )  0.00
       plc_lo_st         0  (        0 /        0 )  0.00
       crit_swap         0  (        0 /        0 )  0.00
       mux2_swap         0  (        0 /        0 )  0.00
       crit_dnsz         0  (        0 /        0 )  0.00
       load_swap         0  (        0 /        0 )  0.00
            fopt         0  (        0 /        0 )  0.00
        setup_dn         0  (        0 /        0 )  0.00
       load_isol         0  (        0 /        0 )  0.00
       load_isol         0  (        0 /        0 )  0.00
        move_for         0  (        0 /        0 )  0.00
        move_for         0  (        0 /        0 )  0.00
          rem_bi         0  (        0 /        0 )  0.00
         offload         0  (        0 /        0 )  0.00
          rem_bi         0  (        0 /        0 )  0.00
         offload         0  (        0 /        0 )  0.00
       merge_bit         0  (        0 /        0 )  0.00
     merge_idrvr         0  (        0 /        0 )  0.00
     merge_iload         0  (        0 /        0 )  0.00
    merge_idload         0  (        0 /        0 )  0.00
      merge_drvr         0  (        0 /        0 )  0.00
      merge_load         0  (        0 /        0 )  0.00
           phase         0  (        0 /        0 )  0.00
          decomp         0  (        0 /        0 )  0.00
        p_decomp         0  (        0 /        0 )  0.00
        levelize         0  (        0 /        0 )  0.00
        mb_split         0  (        0 /        0 )  0.00
             dup         0  (        0 /        0 )  0.00
      mux_retime         0  (        0 /        0 )  0.00
       crr_local         0  (        0 /        0 )  0.00
         buf2inv         0  (        0 /        0 )  0.00

 init_area                289747        0         0         0        0

           Trick     Calls     Accepts   Attempts    Time(secs) 
-----------------------------------------------------------
           undup         0  (        0 /        0 )  0.00
         rem_buf         0  (        0 /        0 )  0.00
         rem_inv         0  (        0 /        0 )  0.00
        merge_bi         0  (        0 /        0 )  0.00
      rem_inv_qb         0  (        0 /        0 )  0.01
        io_phase         0  (        0 /        0 )  0.00
       gate_comp         0  (        0 /        0 )  0.00
       gcomp_mog         0  (        0 /        0 )  0.00
       glob_area         0  (        0 /        0 )  0.00
       area_down         0  (        0 /        0 )  0.00
      size_n_buf         0  (        0 /        0 )  0.10
  gate_deco_area         0  (        0 /        0 )  0.00

 
Incremental optimization status
===============================
                                   Group   
                                  Tot Wrst     Total - - DRC Totals - -
                           Total  Weighted      Neg      Max       Max 
Operation                   Area   Slacks      Slack    Trans      Cap 
-------------------------------------------------------------------------------
 init_delay               289747        0         0         0        0

           Trick     Calls     Accepts   Attempts    Time(secs) 
-----------------------------------------------------------
        crit_msz         0  (        0 /        0 )  0.00
       crit_upsz         0  (        0 /        0 )  0.00
       crit_slew         0  (        0 /        0 )  0.00
        setup_dn         0  (        0 /        0 )  0.00
    plc_bal_star         0  (        0 /        0 )  0.00
     drc_buftimb         0  (        0 /        0 )  0.00
          plc_st         0  (        0 /        0 )  0.00
    plc_st_fence         0  (        0 /        0 )  0.00
        plc_star         0  (        0 /        0 )  0.00
      plc_laf_st         0  (        0 /        0 )  0.00
 plc_laf_st_fence         0  (        0 /        0 )  0.00
     drc_buftims         0  (        0 /        0 )  0.00
   plc_laf_lo_st         0  (        0 /        0 )  0.00
       plc_lo_st         0  (        0 /        0 )  0.00
            fopt         0  (        0 /        0 )  0.00
       crit_swap         0  (        0 /        0 )  0.00
       mux2_swap         0  (        0 /        0 )  0.00
       crit_dnsz         0  (        0 /        0 )  0.00
       load_swap         0  (        0 /        0 )  0.00
            fopt         0  (        0 /        0 )  0.00
        setup_dn         0  (        0 /        0 )  0.00
       load_isol         0  (        0 /        0 )  0.00
       load_isol         0  (        0 /        0 )  0.00
        move_for         0  (        0 /        0 )  0.00
        move_for         0  (        0 /        0 )  0.00
          rem_bi         0  (        0 /        0 )  0.00
         offload         0  (        0 /        0 )  0.00
          rem_bi         0  (        0 /        0 )  0.00
         offload         0  (        0 /        0 )  0.00
           phase         0  (        0 /        0 )  0.00
        in_phase         0  (        0 /        0 )  0.00
       merge_bit         0  (        0 /        0 )  0.00
     merge_idrvr         0  (        0 /        0 )  0.00
     merge_iload         0  (        0 /        0 )  0.00
    merge_idload         0  (        0 /        0 )  0.00
      merge_drvr         0  (        0 /        0 )  0.00
      merge_load         0  (        0 /        0 )  0.00
          decomp         0  (        0 /        0 )  0.00
        p_decomp         0  (        0 /        0 )  0.00
        levelize         0  (        0 /        0 )  0.00
        mb_split         0  (        0 /        0 )  0.00
             dup         0  (        0 /        0 )  0.00
      mux_retime         0  (        0 /        0 )  0.00
         buf2inv         0  (        0 /        0 )  0.00
             exp         0  (        0 /        0 )  0.00
       gate_deco         0  (        0 /        0 )  0.00
       gcomp_tim         0  (        0 /        0 )  0.00
  inv_pair_2_buf         0  (        0 /        0 )  0.00

 init_drc                 289747        0         0         0        0

           Trick     Calls     Accepts   Attempts    Time(secs) 
-----------------------------------------------------------
          plc_st         0  (        0 /        0 )  0.00
        plc_star         0  (        0 /        0 )  0.00
        drc_bufs         0  (        0 /        0 )  0.00
        drc_fopt         0  (        0 /        0 )  0.00
        drc_bufb         0  (        0 /        0 )  0.00
      simple_buf         0  (        0 /        0 )  0.00
             dup         0  (        0 /        0 )  0.00
       crit_dnsz         0  (        0 /        0 )  0.00
       crit_upsz         0  (        0 /        0 )  0.00
       crit_slew         0  (        0 /        0 )  0.00


           Trick     Calls     Accepts   Attempts    Time(secs) 
-----------------------------------------------------------
          plc_st         0  (        0 /        0 )  0.00
        plc_star         0  (        0 /        0 )  0.00
        drc_bufs         0  (        0 /        0 )  0.00
        drc_fopt         0  (        0 /        0 )  0.00
        drc_bufb         0  (        0 /        0 )  0.00
      simple_buf         0  (        0 /        0 )  0.00
             dup         0  (        0 /        0 )  0.00
       crit_dnsz         0  (        0 /        0 )  0.00
       crit_upsz         0  (        0 /        0 )  0.00


           Trick     Calls     Accepts   Attempts    Time(secs) 
-----------------------------------------------------------
          plc_st         0  (        0 /        0 )  0.00
        plc_star         0  (        0 /        0 )  0.00
        drc_bufs         0  (        0 /        0 )  0.00
        drc_fopt         0  (        0 /        0 )  0.00
        drc_bufb         0  (        0 /        0 )  0.00
             dup         0  (        0 /        0 )  0.00
       crit_dnsz         0  (        0 /        0 )  0.00
       crit_upsz         0  (        0 /        0 )  0.00

Info    : Done incrementally optimizing. [SYNTH-8]
        : Done incrementally optimizing 'mfn_frontend_top'.
     flow.cputime  flow.realtime  timing.setup.tns  timing.setup.wns  snapshot
UM:            63             64                                      syn_opt
@file(synthesis.tcl) 58: report_timing > timing.rep
Warning : Possible timing problems have been detected in this design. [TIM-11]
        : The design is 'mfn_frontend_top'.
        : Use 'report timing -lint' for more information.
@file(synthesis.tcl) 59: report_area   > area.rep
@file(synthesis.tcl) 60: report_gates  > gates.rep
@file(synthesis.tcl) 61: report_power  > power.rep
@file(synthesis.tcl) 63: puts ""

@file(synthesis.tcl) 64: puts "======================================================"
======================================================
@file(synthesis.tcl) 65: puts "  Top critical path (from timing.rep):"
  Top critical path (from timing.rep):
@file(synthesis.tcl) 66: puts "======================================================"
======================================================
@file(synthesis.tcl) 68: report_timing -nworst 1
Warning : Possible timing problems have been detected in this design. [TIM-11]
        : The design is 'mfn_frontend_top'.
============================================================
  Generated by:           Genus(TM) Synthesis Solution 18.14-s037_1
  Generated on:           May 06 2026  12:03:19 pm
  Module:                 mfn_frontend_top
  Operating conditions:   typical 
  Interconnect mode:      global
  Area mode:              physical library
============================================================


Path 1: MET (5751 ps) Setup Check with Pin u_ctrl/psum_mem_reg[511][38]/CK->D
          Group: clk
     Startpoint: (R) u_ctrl/c_out_d2_reg[1]/CK
          Clock: (R) clk
       Endpoint: (R) u_ctrl/psum_mem_reg[511][38]/D
          Clock: (R) clk

                     Capture       Launch     
        Clock Edge:+   10000            0     
       Src Latency:+       0            0     
       Net Latency:+       0 (I)        0 (I) 
           Arrival:=   10000            0     
                                              
             Setup:-      31                  
       Uncertainty:-     100                  
     Required Time:=    9869                  
      Launch Clock:-       0                  
         Data Path:-    4118                  
             Slack:=    5751                  

#---------------------------------------------------------------------------------------------------------
#         Timing Point           Flags    Arc   Edge   Cell     Fanout  Load Trans Delay Arrival Instance 
#                                                                       (fF)  (ps)  (ps)   (ps)  Location 
#---------------------------------------------------------------------------------------------------------
  u_ctrl/c_out_d2_reg[1]/CK      -       -      R     (arrival)  21270     -   100     -       0    (-,-) 
  u_ctrl/c_out_d2_reg[1]/Q       -       CK->Q  R     DFFR_X1        7  11.4    30   140     140    (-,-) 
  u_ctrl/g660911/ZN              -       A1->ZN F     NOR2_X1        8   8.7    15    25     164    (-,-) 
  u_ctrl/g660866/ZN              -       A2->ZN F     AND2_X1       16  28.4    32    71     235    (-,-) 
  u_ctrl/g660827/ZN              -       A1->ZN F     AND2_X2       40  66.6    37    80     315    (-,-) 
  u_ctrl/g659506/ZN              -       B2->ZN R     AOI22_X1       1   1.9    26    59     374    (-,-) 
  u_ctrl/g650013/ZN              -       A3->ZN F     NAND4_X1       1   1.9    18    34     408    (-,-) 
  u_ctrl/g647744/ZN              -       A4->ZN R     NOR4_X1        1   1.9    44    84     492    (-,-) 
  u_ctrl/g647284/ZN              -       A2->ZN F     NAND4_X1       1   1.0    19    34     525    (-,-) 
  u_ctrl/g647164/ZN              -       A1->ZN F     OR4_X1         1   1.8    18    87     612    (-,-) 
  u_ctrl/g647043/ZN              -       A->ZN  R     AOI221_X1      1   1.8    42    74     687    (-,-) 
  u_ctrl/g646924/ZN              -       A1->ZN F     NAND4_X1       1   1.0    19    30     717    (-,-) 
  u_ctrl/g646812/ZN              -       A1->ZN F     OR4_X1         1   1.6    17    86     803    (-,-) 
  u_ctrl/g646771/ZN              -       A1->ZN R     NOR4_X1        1   1.8    43    50     853    (-,-) 
  u_ctrl/g646733/ZN              -       A1->ZN F     NAND4_X1       1   3.4    25    42     895    (-,-) 
  u_ctrl/add_507_58_g981/CO      -       A->CO  F     HA_X1          1   3.0     8    38     933    (-,-) 
  u_ctrl/add_507_58_g980/CO      -       CI->CO F     FA_X1          1   3.0    15    70    1003    (-,-) 
  u_ctrl/add_507_58_g979/CO      -       CI->CO F     FA_X1          1   3.0    15    72    1075    (-,-) 
  u_ctrl/add_507_58_g978/CO      -       CI->CO F     FA_X1          1   3.0    15    72    1147    (-,-) 
  u_ctrl/add_507_58_g977/CO      -       CI->CO F     FA_X1          1   3.0    15    72    1220    (-,-) 
  u_ctrl/add_507_58_g976/CO      -       CI->CO F     FA_X1          1   3.0    15    72    1292    (-,-) 
  u_ctrl/add_507_58_g975/CO      -       CI->CO F     FA_X1          1   3.0    15    72    1364    (-,-) 
  u_ctrl/add_507_58_g974/CO      -       CI->CO F     FA_X1          1   3.0    15    72    1436    (-,-) 
  u_ctrl/add_507_58_g973/CO      -       CI->CO F     FA_X1          1   3.0    15    72    1509    (-,-) 
  u_ctrl/add_507_58_g972/CO      -       CI->CO F     FA_X1          1   3.0    15    72    1581    (-,-) 
  u_ctrl/add_507_58_g971/CO      -       CI->CO F     FA_X1          1   3.0    15    72    1653    (-,-) 
  u_ctrl/add_507_58_g970/CO      -       CI->CO F     FA_X1          1   3.0    15    72    1726    (-,-) 
  u_ctrl/add_507_58_g969/CO      -       CI->CO F     FA_X1          1   3.0    15    72    1798    (-,-) 
  u_ctrl/add_507_58_g968/CO      -       CI->CO F     FA_X1          1   3.0    15    72    1870    (-,-) 
  u_ctrl/add_507_58_g967/CO      -       CI->CO F     FA_X1          1   3.0    15    72    1942    (-,-) 
  u_ctrl/add_507_58_g966/CO      -       CI->CO F     FA_X1          1   3.0    15    72    2015    (-,-) 
  u_ctrl/add_507_58_g965/CO      -       CI->CO F     FA_X1          1   3.0    15    72    2087    (-,-) 
  u_ctrl/add_507_58_g964/CO      -       CI->CO F     FA_X1          1   3.0    15    72    2159    (-,-) 
  u_ctrl/add_507_58_g963/CO      -       CI->CO F     FA_X1          1   3.0    15    72    2232    (-,-) 
  u_ctrl/add_507_58_g962/CO      -       CI->CO F     FA_X1          1   3.0    15    72    2304    (-,-) 
  u_ctrl/add_507_58_g961/CO      -       CI->CO F     FA_X1          1   3.0    15    72    2376    (-,-) 
  u_ctrl/add_507_58_g960/CO      -       CI->CO F     FA_X1          1   3.0    15    72    2449    (-,-) 
  u_ctrl/add_507_58_g959/CO      -       CI->CO F     FA_X1          1   3.0    15    72    2521    (-,-) 
  u_ctrl/add_507_58_g958/CO      -       CI->CO F     FA_X1          1   3.0    15    72    2593    (-,-) 
  u_ctrl/add_507_58_g957/CO      -       CI->CO F     FA_X1          1   3.0    15    72    2666    (-,-) 
  u_ctrl/add_507_58_g956/CO      -       CI->CO F     FA_X1          1   3.0    15    72    2738    (-,-) 
  u_ctrl/add_507_58_g955/CO      -       CI->CO F     FA_X1          1   3.0    15    72    2810    (-,-) 
  u_ctrl/add_507_58_g954/CO      -       CI->CO F     FA_X1          1   3.0    15    72    2882    (-,-) 
  u_ctrl/add_507_58_g953/CO      -       CI->CO F     FA_X1          1   3.0    15    72    2955    (-,-) 
  u_ctrl/add_507_58_g952/CO      -       CI->CO F     FA_X1          1   3.0    15    72    3027    (-,-) 
  u_ctrl/add_507_58_g951/CO      -       CI->CO F     FA_X1          1   3.0    15    72    3099    (-,-) 
  u_ctrl/add_507_58_g950/CO      -       CI->CO F     FA_X1          1   3.0    15    72    3172    (-,-) 
  u_ctrl/add_507_58_g949/CO      -       CI->CO F     FA_X1          1   3.0    15    72    3244    (-,-) 
  u_ctrl/add_507_58_g948/CO      -       CI->CO F     FA_X1          1   3.0    15    72    3316    (-,-) 
  u_ctrl/add_507_58_g947/CO      -       CI->CO F     FA_X1          1   3.0    15    72    3388    (-,-) 
  u_ctrl/add_507_58_g946/CO      -       CI->CO F     FA_X1          1   3.0    15    72    3461    (-,-) 
  u_ctrl/add_507_58_g945/CO      -       CI->CO F     FA_X1          1   3.0    15    72    3533    (-,-) 
  u_ctrl/add_507_58_g944/CO      -       CI->CO F     FA_X1          1   3.0    15    72    3605    (-,-) 
  u_ctrl/add_507_58_g943/S       -       CI->S  R     FA_X1          2   3.0    15   115    3721    (-,-) 
  u_ctrl/g588086/ZN              -       A1->ZN R     AND2_X1        1   3.7    14    38    3759    (-,-) 
  u_ctrl/g588014/ZN              -       A1->ZN R     OR2_X4       187 200.3   117   141    3900    (-,-) 
  u_ctrl/drc_bufs588636/ZN       -       A->ZN  F     INV_X1         1  11.1    35    39    3938    (-,-) 
  u_ctrl/drc_bufs588635/ZN       -       A->ZN  R     INV_X8       325 346.7   102   128    4066    (-,-) 
  u_ctrl/g572596__9682/Z         -       A->Z   R     MUX2_X1        1   1.4    12    52    4118    (-,-) 
  u_ctrl/psum_mem_reg[511][38]/D <<<     -      R     DFF_X1         1     -     -     0    4118    (-,-) 
#---------------------------------------------------------------------------------------------------------

@file(synthesis.tcl) 71: write_hdl > mfn_frontend_top_syn.v
Warning : Detected a logic abstract in the design. [VRO-14]
        : The name of the logic abstract module is 'mfn_bias_rom_DWIDTH32'.
Warning : Detected a logic abstract in the design. [VRO-14]
        : The name of the logic abstract module is 'mfn_layer_config_rom'.
Warning : Detected a logic abstract in the design. [VRO-14]
        : The name of the logic abstract module is 'mfn_prelu_rom_DWIDTH16'.
Warning : Detected a logic abstract in the design. [VRO-14]
        : The name of the logic abstract module is 'mfn_weight_rom_DWIDTH16'.
@file(synthesis.tcl) 73: puts ""

@file(synthesis.tcl) 74: puts "=== Synthesis Finished ==="
=== Synthesis Finished ===
@file(synthesis.tcl) 75: puts "Reports: timing.rep  area.rep  gates.rep  power.rep"
Reports: timing.rep  area.rep  gates.rep  power.rep
@file(synthesis.tcl) 76: puts "Netlist: mfn_frontend_top_syn.v"
Netlist: mfn_frontend_top_syn.v
@file(synthesis.tcl) 77: quit
Normal exit.