tcsh -c "source /vol/ece303/genus_tutorial/cadence.env && genus -files synthesis_v2.tcl"
2026/05/12 22:43:19 WARNING This OS does not appear to be a Cadence supported Linux configuration.
2026/05/12 22:43:19 For more info, please run CheckSysConf in <cdsRoot/tools.lnx86/bin/checkSysConf <productId>
TMPDIR is being set to /tmp/genus_temp_2719962_moore.wot.ece.northwestern.edu_gel8580_YfFzuU
Cadence Genus(TM) Synthesis Solution.
Copyright 2018 Cadence Design Systems, Inc. All rights reserved worldwide.
Cadence and the Cadence logo are registered trademarks and Genus is a trademark
of Cadence Design Systems, Inc. in the United States and other countries.

Version: 18.14-s037_1, built Wed Mar 27 10:19:21 PDT 2019
Options: -files synthesis_v2.tcl 
Date:    Tue May 12 22:43:19 2026
Host:    moore.wot.ece.northwestern.edu (x86_64 w/Linux 4.18.0-553.123.1.el8_10.x86_64) (12cores*48cpus*2physical cpus*Intel(R) Xeon(R) Gold 6126 CPU @ 2.60GHz 19712KB) (263204652KB)
OS:      Red Hat Enterprise Linux release 8.10 (Ootpa)

Checking out license: Genus_Synthesis

Loading tool scripts...

Finished loading tool scripts (6 seconds elapsed).

#@ Processing -files option
@genus 1> source synthesis_v2.tcl
#@ Begin verbose source synthesis_v2.tcl
@file(synthesis_v2.tcl) 19: set_db library     /vol/ece303/genus_tutorial/NangateOpenCellLibrary_typical.lib

Threads Configured:3

  Message Summary for Library NangateOpenCellLibrary_typical.lib:
  ***************************************************************
  Could not find an attribute in the library. [LBR-436]: 147
  An unsupported construct was detected in this library. [LBR-40]: 1
  ***************************************************************
 
Info    : Created nominal operating condition. [LBR-412]
        : Operating condition '_nominal_' was created for the PVT values (1.000000, 1.100000, 25.000000) in library 'NangateOpenCellLibrary_typical.lib'.
        : The nominal operating condition represents either the nominal PVT values if specified in the library source, or the default PVT values (1.0, 1.0, 1.0).
Warning : Library cell has no output pins defined. [LBR-9]
        : Library cell 'ANTENNA_X1' must have an output pin.
        : Add the missing output pin(s), then reload the library. Otherwise, the library cell will be marked as unusable and as timing model.
Warning : Library cell has no output pins defined. [LBR-9]
        : Library cell 'ANTENNA_X1' must have an output pin.
Warning : Library cell has no output pins defined. [LBR-9]
        : Library cell 'FILLCELL_X1' must have an output pin.
Warning : Library cell has no output pins defined. [LBR-9]
        : Library cell 'FILLCELL_X1' must have an output pin.
Warning : Library cell has no output pins defined. [LBR-9]
        : Library cell 'FILLCELL_X2' must have an output pin.
Warning : Library cell has no output pins defined. [LBR-9]
        : Library cell 'FILLCELL_X2' must have an output pin.
Warning : Library cell has no output pins defined. [LBR-9]
        : Library cell 'FILLCELL_X4' must have an output pin.
Warning : Library cell has no output pins defined. [LBR-9]
        : Library cell 'FILLCELL_X4' must have an output pin.
Warning : Library cell has no output pins defined. [LBR-9]
        : Library cell 'FILLCELL_X8' must have an output pin.
Warning : Library cell has no output pins defined. [LBR-9]
        : Library cell 'FILLCELL_X8' must have an output pin.
Warning : Library cell has no output pins defined. [LBR-9]
        : Library cell 'FILLCELL_X16' must have an output pin.
Warning : Library cell has no output pins defined. [LBR-9]
        : Library cell 'FILLCELL_X16' must have an output pin.
Warning : Library cell has no output pins defined. [LBR-9]
        : Library cell 'FILLCELL_X32' must have an output pin.
Warning : Library cell has no output pins defined. [LBR-9]
        : Library cell 'FILLCELL_X32' must have an output pin.
  Setting attribute of root '/': 'library' = /vol/ece303/genus_tutorial/NangateOpenCellLibrary_typical.lib
@file(synthesis_v2.tcl) 20: set_db lef_library /vol/ece303/genus_tutorial/NangateOpenCellLibrary.lef
Info    : Via with no resistance will have a value of '0.0' assigned. [PHYS-129]
        : Via 'via1_4' has no resistance value.
Info    : Via with no resistance will have a value of '0.0' assigned. [PHYS-129]
        : Via 'via1_0' has no resistance value.
Info    : Via with no resistance will have a value of '0.0' assigned. [PHYS-129]
        : Via 'via1_1' has no resistance value.
Info    : Via with no resistance will have a value of '0.0' assigned. [PHYS-129]
        : Via 'via1_2' has no resistance value.
Info    : Via with no resistance will have a value of '0.0' assigned. [PHYS-129]
        : Via 'via1_3' has no resistance value.
Info    : Via with no resistance will have a value of '0.0' assigned. [PHYS-129]
        : Via 'via1_5' has no resistance value.
Info    : Via with no resistance will have a value of '0.0' assigned. [PHYS-129]
        : Via 'via1_6' has no resistance value.
Info    : Via with no resistance will have a value of '0.0' assigned. [PHYS-129]
        : Via 'via1_7' has no resistance value.
Info    : Via with no resistance will have a value of '0.0' assigned. [PHYS-129]
        : Via 'via1_8' has no resistance value.
Info    : Via with no resistance will have a value of '0.0' assigned. [PHYS-129]
        : Via 'via2_8' has no resistance value.
Info    : Via with no resistance will have a value of '0.0' assigned. [PHYS-129]
        : Via 'via2_4' has no resistance value.
Info    : Via with no resistance will have a value of '0.0' assigned. [PHYS-129]
        : Via 'via2_5' has no resistance value.
Info    : Via with no resistance will have a value of '0.0' assigned. [PHYS-129]
        : Via 'via2_7' has no resistance value.
Info    : Via with no resistance will have a value of '0.0' assigned. [PHYS-129]
        : Via 'via2_6' has no resistance value.
Info    : Via with no resistance will have a value of '0.0' assigned. [PHYS-129]
        : Via 'via2_0' has no resistance value.
Info    : Via with no resistance will have a value of '0.0' assigned. [PHYS-129]
        : Via 'via2_1' has no resistance value.
Info    : Via with no resistance will have a value of '0.0' assigned. [PHYS-129]
        : Via 'via2_2' has no resistance value.
Info    : Via with no resistance will have a value of '0.0' assigned. [PHYS-129]
        : Via 'via2_3' has no resistance value.
Info    : Via with no resistance will have a value of '0.0' assigned. [PHYS-129]
        : Via 'via3_2' has no resistance value.
Info    : Via with no resistance will have a value of '0.0' assigned. [PHYS-129]
        : Via 'via3_0' has no resistance value.
Info    : Via with no resistance will have a value of '0.0' assigned. [PHYS-129]
        : Via 'via3_1' has no resistance value.
Info    : Via with no resistance will have a value of '0.0' assigned. [PHYS-129]
        : Via 'via4_0' has no resistance value.
Info    : Via with no resistance will have a value of '0.0' assigned. [PHYS-129]
        : Via 'via5_0' has no resistance value.
Info    : Via with no resistance will have a value of '0.0' assigned. [PHYS-129]
        : Via 'via6_0' has no resistance value.
Info    : Via with no resistance will have a value of '0.0' assigned. [PHYS-129]
        : Via 'via7_0' has no resistance value.
Info    : Via with no resistance will have a value of '0.0' assigned. [PHYS-129]
        : Via 'via8_0' has no resistance value.
Info    : Via with no resistance will have a value of '0.0' assigned. [PHYS-129]
        : Via 'via9_0' has no resistance value.

  According to lef_library, there are total 10 routing layers [ V(5) / H(5) ]

Warning : The variant range of wire parameters is too large. [PHYS-12]
        : The variant range (0.07, 0.8) of 'WIDTH' for layers 'metal3' and 'metal9' is too large.
        : Check the consistency of the parameters.
Warning : The variant range of wire parameters is too large. [PHYS-12]
        : The variant range (0.14, 1.6) of 'PITCH' for layers 'metal3' and 'metal9' is too large.
Warning : The variant range of wire parameters is too large. [PHYS-12]
        : The variant range (0.065, 0.8) of 'MINSPACING' for layers 'metal1' and 'metal10' is too large.
Warning : Non-monotonic wireload model found. [LBR-81]
        : 'Length' table in wireload model '5K_hvratio_1_1' is non-monotonic.
        : Non-monotonic wireload models can cause problems during synthesis and/or mapping.  Raising some of the points in the curve to give it a monotonic shape.
Warning : Non-monotonic wireload model found. [LBR-81]
        : 'Length' table in wireload model '5K_hvratio_1_2' is non-monotonic.
Warning : Non-monotonic wireload model found. [LBR-81]
        : 'Length' table in wireload model '5K_hvratio_1_4' is non-monotonic.
Warning : Non-monotonic wireload model found. [LBR-81]
        : 'Length' table in wireload model '3K_hvratio_1_1' is non-monotonic.
Warning : Non-monotonic wireload model found. [LBR-81]
        : 'Length' table in wireload model '3K_hvratio_1_2' is non-monotonic.
Warning : Non-monotonic wireload model found. [LBR-81]
        : 'Length' table in wireload model '3K_hvratio_1_2' is non-monotonic.
Warning : Non-monotonic wireload model found. [LBR-81]
        : 'Length' table in wireload model '3K_hvratio_1_2' is non-monotonic.
Warning : Non-monotonic wireload model found. [LBR-81]
        : 'Length' table in wireload model '3K_hvratio_1_4' is non-monotonic.
Warning : Non-monotonic wireload model found. [LBR-81]
        : 'Length' table in wireload model '1K_hvratio_1_1' is non-monotonic.
Warning : Non-monotonic wireload model found. [LBR-81]
        : 'Length' table in wireload model '1K_hvratio_1_2' is non-monotonic.
Warning : Non-monotonic wireload model found. [LBR-81]
        : 'Length' table in wireload model '1K_hvratio_1_4' is non-monotonic.
  Setting attribute of root '/': 'lef_library' = /vol/ece303/genus_tutorial/NangateOpenCellLibrary.lef
@file(synthesis_v2.tcl) 24: read_hdl -sv {
    ./v2_rom_stubs.sv
    ../sv2/mfn_cla40.sv
    ../sv2/mfn_sliding_window.sv
    ../sv2/mfn_addr_gen.sv
    ../sv2/mfn_controller.sv
    ../sv2/mfn_frontend_top.sv
    ../sv/mfn_mac_array.sv
    ../sv/mfn_activation.sv
}
@file(synthesis_v2.tcl) 36: elaborate
Warning : Non-monotonic wireload model found. [LBR-81]
        : 'Length' table in wireload model '5K_hvratio_1_1' is non-monotonic.
Warning : Non-monotonic wireload model found. [LBR-81]
        : 'Length' table in wireload model '5K_hvratio_1_2' is non-monotonic.
Warning : Non-monotonic wireload model found. [LBR-81]
        : 'Length' table in wireload model '5K_hvratio_1_4' is non-monotonic.
Warning : Non-monotonic wireload model found. [LBR-81]
        : 'Length' table in wireload model '3K_hvratio_1_1' is non-monotonic.
Warning : Non-monotonic wireload model found. [LBR-81]
        : 'Length' table in wireload model '3K_hvratio_1_2' is non-monotonic.
Warning : Non-monotonic wireload model found. [LBR-81]
        : 'Length' table in wireload model '3K_hvratio_1_2' is non-monotonic.
Warning : Non-monotonic wireload model found. [LBR-81]
        : 'Length' table in wireload model '3K_hvratio_1_2' is non-monotonic.
Warning : Non-monotonic wireload model found. [LBR-81]
        : 'Length' table in wireload model '3K_hvratio_1_4' is non-monotonic.
Warning : Non-monotonic wireload model found. [LBR-81]
        : 'Length' table in wireload model '1K_hvratio_1_1' is non-monotonic.
Info    : Elaborating Design. [ELAB-1]
        : Elaborating top-level block 'mfn_frontend_top' from file '../sv2/mfn_frontend_top.sv'.
Warning : Using default parameter value for module elaboration. [CDFG-818]
        : Elaborating block 'mfn_frontend_top' with default parameters value.
Warning : Detected a logic abstract. [CDFG-331]
        : Logic abstract 'mfn_psum_sram_AWIDTH40' in file './v2_rom_stubs.sv' on line 40.
        : A logic abstract is an unresolved reference with defined port names and directions. It is inferred from an empty Verilog or VHDL design, or when the 'black_box' pragma or 'blackbox' hdl_arch attribute is specified. Use 'set_db init_blackbox_for_undefined false' (in CUI mode) or 'set_attribute init_blackbox_for_undefined false /' (in legacy mode) to treat an empty module as a defined module.
Warning : Detected a logic abstract. [CDFG-331]
        : Logic abstract 'mfn_layer_config_rom' in file './v2_rom_stubs.sv' on line 30.
Warning : Removing unused register. [CDFG-508]
        : Removing unused flip-flop register 'wide_mode_s1' in module 'mfn_addr_gen_AWIDTH40_M_ADDR_WIDTH20' in file '../sv2/mfn_addr_gen.sv' on line 106.
        : A flip-flop or latch that was inferred for an unused signal or variable was removed. Set the hdl_preserve_unused_registers attribute to true to preserve the flip-flop or latch.
Warning : Detected a logic abstract. [CDFG-331]
        : Logic abstract 'mfn_weight_rom_DWIDTH16' in file './v2_rom_stubs.sv' on line 9.
Warning : Detected a logic abstract. [CDFG-331]
        : Logic abstract 'mfn_bias_rom_DWIDTH32' in file './v2_rom_stubs.sv' on line 18.
Warning : Detected a logic abstract. [CDFG-331]
        : Logic abstract 'mfn_prelu_rom_DWIDTH16' in file './v2_rom_stubs.sv' on line 24.
Info    : Done Elaborating Design. [ELAB-3]
        : Done elaborating 'mfn_frontend_top'.
Checking for analog nets...
Check completed for analog nets.
Checking for source RTL...
Check completed for source RTL.
UM:  flow.cputime  flow.realtime  timing.setup.tns  timing.setup.wns  snapshot
UM:            10             11                                      elaborate
@file(synthesis_v2.tcl) 37: current_design mfn_frontend_top
@file(synthesis_v2.tcl) 40: read_sdc ./constraints.sdc
Statistics for commands executed by read_sdc:
 "all_inputs"               - successful      2 , failed      0 (runtime  0.00)
 "all_outputs"              - successful      2 , failed      0 (runtime  0.00)
 "create_clock"             - successful      1 , failed      0 (runtime  1.00)
 "get_clocks"               - successful      2 , failed      0 (runtime  0.00)
 "get_ports"                - successful      3 , failed      0 (runtime  0.00)
 "remove_from_collection"   - successful      1 , failed      0 (runtime  0.00)
 "set_clock_transition"     - successful      1 , failed      0 (runtime  0.00)
 "set_clock_uncertainty"    - successful      1 , failed      0 (runtime  0.00)
 "set_driving_cell"         - successful      1 , failed      0 (runtime  0.00)
 "set_false_path"           - successful      1 , failed      0 (runtime  0.00)
 "set_input_delay"          - successful      1 , failed      0 (runtime  0.00)
 "set_load"                 - successful      1 , failed      0 (runtime  0.00)
 "set_output_delay"         - successful      1 , failed      0 (runtime  0.00)
Total runtime 0.0
@file(synthesis_v2.tcl) 43: set_db [get_db insts u_wgt_rom]  .dont_touch true
@file(synthesis_v2.tcl) 44: set_db [get_db insts u_wgt_rom]  .boundary_opto false
@file(synthesis_v2.tcl) 45: set_db [get_db insts u_bias_rom] .dont_touch true
@file(synthesis_v2.tcl) 46: set_db [get_db insts u_bias_rom] .boundary_opto false
@file(synthesis_v2.tcl) 47: set_db [get_db insts u_prelu_rom] .dont_touch true
@file(synthesis_v2.tcl) 48: set_db [get_db insts u_prelu_rom] .boundary_opto false
@file(synthesis_v2.tcl) 49: set_db [get_db insts u_cfg_rom]  .dont_touch true
@file(synthesis_v2.tcl) 50: set_db [get_db insts u_cfg_rom]  .boundary_opto false
@file(synthesis_v2.tcl) 52: set_db [get_db insts u_ctrl/u_psum_mem] .dont_touch true
@file(synthesis_v2.tcl) 53: set_db [get_db insts u_ctrl/u_psum_mem] .boundary_opto false
@file(synthesis_v2.tcl) 58: set_db / .auto_ungroup none
  Setting attribute of root '/': 'auto_ungroup' = none
@file(synthesis_v2.tcl) 61: syn_generic
Info    : Deleting instances not driving any primary outputs. [GLO-34]
        : Deleting 105 hierarchical instances.
        : Optimizations such as constant propagation or redundancy removal could change the connections so a hierarchical instance does not drive any primary outputs anymore. To see the list of deleted hierarchical instances, set the 'information_level' attribute to 2 or above. If the message is truncated set the message attribute 'truncate' to false to see the complete list. To prevent this optimization, set the 'delete_unloaded_insts' root/subdesign attribute to 'false' or 'preserve' instance attribute to 'true'.
Info    : Replacing a flip-flop with a logic constant 0. [GLO-12]
        : The instance is 'u_addr_gen/rd_base_s1_reg[0]'.
        : To prevent this optimization, set the 'optimize_constant_0_flops' root attribute to 'false' or 'optimize_constant_0_seq' instance attribute to 'false'.
Info    : Replacing a flip-flop with a logic constant 0. [GLO-12]
        : The instance is 'u_addr_gen/rd_base_s1_reg[1]'.
Info    : Replacing a flip-flop with a logic constant 0. [GLO-12]
        : The instance is 'u_addr_gen/rd_base_s1_reg[2]'.
Info    : Replacing a flip-flop with a logic constant 0. [GLO-12]
        : The instance is 'u_addr_gen/rd_base_s1_reg[3]'.
Info    : Replacing a flip-flop with a logic constant 0. [GLO-12]
        : The instance is 'u_addr_gen/rd_base_s1_reg[4]'.
Info    : Replacing a flip-flop with a logic constant 0. [GLO-12]
        : The instance is 'u_addr_gen/rd_base_s1_reg[5]'.
Info    : Replacing a flip-flop with a logic constant 0. [GLO-12]
        : The instance is 'u_addr_gen/rd_base_s1_reg[6]'.
Info    : Replacing a flip-flop with a logic constant 0. [GLO-12]
        : The instance is 'u_addr_gen/rd_base_s1_reg[7]'.
Info    : Replacing a flip-flop with a logic constant 0. [GLO-12]
        : The instance is 'u_addr_gen/rd_base_s1_reg[8]'.
Info    : Replacing a flip-flop with a logic constant 0. [GLO-12]
        : The instance is 'u_addr_gen/rd_base_s1_reg[9]'.
Info    : Replacing a flip-flop with a logic constant 0. [GLO-12]
        : The instance is 'u_addr_gen/rd_base_s1_reg[10]'.
Info    : Replacing a flip-flop with a logic constant 0. [GLO-12]
        : The instance is 'u_addr_gen/rd_base_s1_reg[11]'.
Info    : Replacing a flip-flop with a logic constant 0. [GLO-12]
        : The instance is 'u_addr_gen/rd_base_s1_reg[12]'.
Info    : Replacing a flip-flop with a logic constant 0. [GLO-12]
        : The instance is 'u_addr_gen/rd_base_s1_reg[13]'.
Info    : Deleting instances not driving any primary outputs. [GLO-34]
        : Deleting 14 sequential instances.
Info    : Deleting instances not driving any primary outputs. [GLO-34]
        : Deleting 8 hierarchical instances.
Current PLE settings:

Aspect ratio        : 1.00
Shrink factor       : 1.00
Scale of res/length : 1.00
Scale of cap/length : 1.00
Net derating factor : 1.00
Thermal factor      : 1.00
Via Resistance      : 0.00 ohm (from default)
Site size           : 1.59 um (from lef [tech+cell])

                                   Capacitance  
  Layer                             / Length         Data source:
Name        Direction Utilization  (pF/micron)       lef_library
------------------------------------------------
metal1          H         0.00        0.000060  
metal2          V         1.00        0.000053  
metal3          H         1.00        0.000052  
metal4          V         1.00        0.000065  
metal5          H         1.00        0.000007  
metal6          V         1.00        0.000049  
metal7          H         1.00        0.000068  
metal8          V         1.00        0.000050  
metal9          H         1.00        0.000065  
metal10         V         1.00        0.000049  

                                    Resistance   
  Layer                              / Length         Data source:
Name        Direction Utilization  (ohm/micron)       lef_library
-------------------------------------------------
metal1          H         0.00         5.428571  
metal2          V         1.00         3.571429  
metal3          H         1.00         3.571429  
metal4          V         1.00         1.500000  
metal5          H         1.00         1.500000  
metal6          V         1.00         1.500000  
metal7          H         1.00         0.187500  
metal8          V         1.00         0.187500  
metal9          H         1.00         0.037500  
metal10         V         1.00         0.037500  

                                        Area     
  Layer                               / Length        Data source:
Name        Direction Utilization     (micron)        lef_library
-------------------------------------------------
metal1          H         0.00         0.070000  
metal2          V         1.00         0.070000  
metal3          H         1.00         0.070000  
metal4          V         1.00         0.140000  
metal5          H         1.00         0.140000  
metal6          V         1.00         0.140000  
metal7          H         1.00         0.400000  
metal8          V         1.00         0.400000  
metal9          H         1.00         0.800000  
metal10         V         1.00         0.800000  

Info    : Synthesizing. [SYNTH-1]
        : Synthesizing 'mfn_frontend_top' to generic gates using 'medium' effort.
  Setting attribute of design 'mfn_frontend_top': 'is_excp_dupcln' = false
PBS_Generic-Start - Elapsed_Time 0, CPU_Time 0.0
stamp 'PBS_Generic-Start' being created for table 'pbs_debug'

  Total Time (Wall) |  Stage Time (Wall)  |   % (Wall)   |    Date - Time     |  Memory   | Stage
--------------------+---------------------+--------------+--------------------+-----------+----------------------
 00:00:11(00:00:08) |  00:00:00(00:00:00) |   0.0(  0.0) |   22:43:31 (May12) |  360.6 MB | PBS_Generic-Start
--------------------+---------------------+--------------+--------------------+-----------+----------------------
Number of threads: 8 * 1   (id: pbs_debug, time_info v1.57)
Info: (*N*) indicates data that was populated from previously saved time_info database
Info: CPU time includes time of parent + longest thread
Info    : Partition Based Synthesis execution skipped. [PHYS-752]
        : Design size is less than the partition size '100000' for distributed generic optimization to kick in.
Info    : Deleting instances not driving any primary outputs. [GLO-34]
        : Deleting 1 hierarchical instance.
Current PLE settings:

Aspect ratio        : 1.00
Shrink factor       : 1.00
Scale of res/length : 1.00
Scale of cap/length : 1.00
Net derating factor : 1.00
Thermal factor      : 1.00
Via Resistance      : 0.00 ohm (from default)
Site size           : 1.59 um (from lef [tech+cell])

                                   Capacitance  
  Layer                             / Length         Data source:
Name        Direction Utilization  (pF/micron)       lef_library
------------------------------------------------
metal1          H         0.00        0.000060  
metal2          V         1.00        0.000053  
metal3          H         1.00        0.000052  
metal4          V         1.00        0.000065  
metal5          H         1.00        0.000007  
metal6          V         1.00        0.000049  
metal7          H         1.00        0.000068  
metal8          V         1.00        0.000050  
metal9          H         1.00        0.000065  
metal10         V         1.00        0.000049  

                                    Resistance   
  Layer                              / Length         Data source:
Name        Direction Utilization  (ohm/micron)       lef_library
-------------------------------------------------
metal1          H         0.00         5.428571  
metal2          V         1.00         3.571429  
metal3          H         1.00         3.571429  
metal4          V         1.00         1.500000  
metal5          H         1.00         1.500000  
metal6          V         1.00         1.500000  
metal7          H         1.00         0.187500  
metal8          V         1.00         0.187500  
metal9          H         1.00         0.037500  
metal10         V         1.00         0.037500  

                                        Area     
  Layer                               / Length        Data source:
Name        Direction Utilization     (micron)        lef_library
-------------------------------------------------
metal1          H         0.00         0.070000  
metal2          V         1.00         0.070000  
metal3          H         1.00         0.070000  
metal4          V         1.00         0.140000  
metal5          H         1.00         0.140000  
metal6          V         1.00         0.140000  
metal7          H         1.00         0.400000  
metal8          V         1.00         0.400000  
metal9          H         1.00         0.800000  
metal10         V         1.00         0.800000  

Info    : Deleting instances not driving any primary outputs. [GLO-34]
        : Deleting 10 sequential instances.
Info    : Pre-processed datapath logic. [DPOPT-6]
        : Pre-processing optimizations applied to datapath logic in 'mfn_frontend_top':
          mux_reduce(8) msb_trim(1) output_trim(1) 
Info    : Optimizing datapath logic. [DPOPT-1]
        : Optimizing datapath logic in 'mfn_frontend_top'.
Info    : Implementing datapath configurations. [DPOPT-3]
        : Implementing datapath configurations for 'CDN_DP_region_1518'
Info    : Done implementing datapath configurations. [DPOPT-4]
        : Selected 'very_fast' configuration 4 for module 'CDN_DP_region_1518'.
          Optimizations applied to 'very_fast' configuration:
            rewriting(0), factoring(0), sharing(0), cmultcse(0), downsizing(0), speculation(0)
Info    : Implementing datapath configurations. [DPOPT-3]
        : Implementing datapath configurations for 'CDN_DP_region_1508'
Info    : Done implementing datapath configurations. [DPOPT-4]
        : Selected 'very_fast' configuration 4 for module 'CDN_DP_region_1508'.
          Optimizations applied to 'very_fast' configuration:
            rewriting(0), factoring(0), sharing(0), cmultcse(0), downsizing(0), speculation(0)
Info    : Implementing datapath configurations. [DPOPT-3]
        : Implementing datapath configurations for 'CDN_DP_region_1498'
Info    : Accepted resource sharing opportunity. [RTLOPT-30]
        : Merged the following sets of instances in 'CDN_DP_region_1498_c1 in mfn_controller_DWIDTH16_AWIDTH40':
	  (add_477_36, add_473_40)
	  (final_adder_add_376_68, final_adder_add_356_50, final_adder_add_372_52)

Info    : Accepted resource sharing opportunity. [RTLOPT-30]
        : Merged the following sets of instances in 'CDN_DP_region_1498_c2 in mfn_controller_DWIDTH16_AWIDTH40':
	  (add_477_36, add_473_40)
	  (add_426_66, add_376_68)

Info    : Accepted resource sharing opportunity. [RTLOPT-30]
        : Merged the following sets of instances in 'CDN_DP_region_1498_c3 in mfn_controller_DWIDTH16_AWIDTH40':
	  (add_477_36, add_473_40)
	  (final_adder_add_376_68, final_adder_add_356_50, final_adder_add_372_52)

Info    : Accepted resource sharing opportunity. [RTLOPT-30]
        : Merged the following sets of instances in 'CDN_DP_region_1498_c4 in mfn_controller_DWIDTH16_AWIDTH40':
	  (add_477_36, add_473_40)
	  (add_426_66, add_376_68)

Info    : Done implementing datapath configurations. [DPOPT-4]
        : Selected 'very_fast' configuration 4 for module 'CDN_DP_region_1498'.
          Optimizations applied to 'very_fast' configuration:
            rewriting(0), factoring(0), sharing(2), cmultcse(0), downsizing(0), speculation(0)
Info    : Implementing datapath configurations. [DPOPT-3]
        : Implementing datapath configurations for 'CDN_DP_region_1496'
Info    : Done implementing datapath configurations. [DPOPT-4]
        : Selected 'very_fast' configuration 4 for module 'CDN_DP_region_1496'.
          Optimizations applied to 'very_fast' configuration:
            rewriting(0), factoring(0), sharing(0), cmultcse(0), downsizing(0), speculation(0)
Info    : Implementing datapath configurations. [DPOPT-3]
        : Implementing datapath configurations for 'CDN_DP_region'
Info    : Done implementing datapath configurations. [DPOPT-4]
        : Selected 'very_fast' configuration 4 for module 'CDN_DP_region'.
          Optimizations applied to 'very_fast' configuration:
            rewriting(0), factoring(0), sharing(0), cmultcse(0), downsizing(0), speculation(0)
Info    : Implementing datapath configurations. [DPOPT-3]
        : Implementing datapath configurations for 'CDN_DP_region_1497'
Info    : Done implementing datapath configurations. [DPOPT-4]
        : Selected 'very_fast' configuration 4 for module 'CDN_DP_region_1497'.
          Optimizations applied to 'very_fast' configuration:
            rewriting(0), factoring(0), sharing(0), cmultcse(0), downsizing(0), speculation(0)
Info    : Implementing datapath configurations. [DPOPT-3]
        : Implementing datapath configurations for 'CDN_DP_region_1495'
Info    : Done implementing datapath configurations. [DPOPT-4]
        : Selected 'very_fast' configuration 4 for module 'CDN_DP_region_1495'.
          Optimizations applied to 'very_fast' configuration:
            rewriting(0), factoring(0), sharing(0), cmultcse(0), downsizing(0), speculation(0)
Info    : Implementing datapath configurations. [DPOPT-3]
        : Implementing datapath configurations for 'CDN_DP_region_1519'
Info    : Done implementing datapath configurations. [DPOPT-4]
        : Selected 'very_fast' configuration 4 for module 'CDN_DP_region_1519'.
          Optimizations applied to 'very_fast' configuration:
            rewriting(0), factoring(0), sharing(0), cmultcse(0), downsizing(0), speculation(0)
Info    : Implementing datapath configurations. [DPOPT-3]
        : Implementing datapath configurations for 'CDN_DP_region_1493'
Info    : Done implementing datapath configurations. [DPOPT-4]
        : Selected 'very_fast' configuration 4 for module 'CDN_DP_region_1493'.
          Optimizations applied to 'very_fast' configuration:
            rewriting(0), factoring(0), sharing(0), cmultcse(0), downsizing(0), speculation(0)
Info    : Implementing datapath configurations. [DPOPT-3]
        : Implementing datapath configurations for 'CDN_DP_region_1494'
Info    : Done implementing datapath configurations. [DPOPT-4]
        : Selected 'very_fast' configuration 4 for module 'CDN_DP_region_1494'.
          Optimizations applied to 'very_fast' configuration:
            rewriting(0), factoring(0), sharing(0), cmultcse(0), downsizing(0), speculation(0)
Info    : Implementing datapath configurations. [DPOPT-3]
        : Implementing datapath configurations for 'CDN_DP_region_1517'
Info    : Done implementing datapath configurations. [DPOPT-4]
        : Selected 'very_fast' configuration 4 for module 'CDN_DP_region_1517'.
          Optimizations applied to 'very_fast' configuration:
            rewriting(0), factoring(0), sharing(0), cmultcse(0), downsizing(0), speculation(0)
Info    : Implementing datapath configurations. [DPOPT-3]
        : Implementing datapath configurations for 'CDN_DP_region_1516'
Info    : Done implementing datapath configurations. [DPOPT-4]
        : Selected 'very_fast' configuration 4 for module 'CDN_DP_region_1516'.
          Optimizations applied to 'very_fast' configuration:
            rewriting(0), factoring(0), sharing(0), cmultcse(0), downsizing(0), speculation(0)
Info    : Implementing datapath configurations. [DPOPT-3]
        : Implementing datapath configurations for 'CDN_DP_region_1515'
Info    : Done implementing datapath configurations. [DPOPT-4]
        : Selected 'very_fast' configuration 4 for module 'CDN_DP_region_1515'.
          Optimizations applied to 'very_fast' configuration:
            rewriting(0), factoring(0), sharing(0), cmultcse(0), downsizing(0), speculation(0)
Info    : Implementing datapath configurations. [DPOPT-3]
        : Implementing datapath configurations for 'CDN_DP_region_1514'
Info    : Done implementing datapath configurations. [DPOPT-4]
        : Selected 'very_fast' configuration 4 for module 'CDN_DP_region_1514'.
          Optimizations applied to 'very_fast' configuration:
            rewriting(0), factoring(0), sharing(0), cmultcse(0), downsizing(0), speculation(0)
Info    : Implementing datapath configurations. [DPOPT-3]
        : Implementing datapath configurations for 'CDN_DP_region_1513'
Info    : Done implementing datapath configurations. [DPOPT-4]
        : Selected 'very_fast' configuration 4 for module 'CDN_DP_region_1513'.
          Optimizations applied to 'very_fast' configuration:
            rewriting(0), factoring(0), sharing(0), cmultcse(0), downsizing(0), speculation(0)
Info    : Implementing datapath configurations. [DPOPT-3]
        : Implementing datapath configurations for 'CDN_DP_region_1512'
Info    : Done implementing datapath configurations. [DPOPT-4]
        : Selected 'very_fast' configuration 4 for module 'CDN_DP_region_1512'.
          Optimizations applied to 'very_fast' configuration:
            rewriting(0), factoring(0), sharing(0), cmultcse(0), downsizing(0), speculation(0)
Info    : Implementing datapath configurations. [DPOPT-3]
        : Implementing datapath configurations for 'CDN_DP_region_1511'
Info    : Done implementing datapath configurations. [DPOPT-4]
        : Selected 'very_fast' configuration 4 for module 'CDN_DP_region_1511'.
          Optimizations applied to 'very_fast' configuration:
            rewriting(0), factoring(0), sharing(0), cmultcse(0), downsizing(0), speculation(0)
Info    : Implementing datapath configurations. [DPOPT-3]
        : Implementing datapath configurations for 'CDN_DP_region_1510'
Info    : Done implementing datapath configurations. [DPOPT-4]
        : Selected 'very_fast' configuration 4 for module 'CDN_DP_region_1510'.
          Optimizations applied to 'very_fast' configuration:
            rewriting(0), factoring(0), sharing(0), cmultcse(0), downsizing(0), speculation(0)
Info    : Implementing datapath configurations. [DPOPT-3]
        : Implementing datapath configurations for 'CDN_DP_region_1509'
Info    : Done implementing datapath configurations. [DPOPT-4]
        : Selected 'very_fast' configuration 4 for module 'CDN_DP_region_1509'.
          Optimizations applied to 'very_fast' configuration:
            rewriting(0), factoring(0), sharing(0), cmultcse(0), downsizing(0), speculation(0)
Info    : Implementing datapath configurations. [DPOPT-3]
        : Implementing datapath configurations for 'CDN_DP_region_1507'
Info    : Done implementing datapath configurations. [DPOPT-4]
        : Selected 'very_fast' configuration 4 for module 'CDN_DP_region_1507'.
          Optimizations applied to 'very_fast' configuration:
            rewriting(0), factoring(0), sharing(0), cmultcse(0), downsizing(0), speculation(0)
Info    : Implementing datapath configurations. [DPOPT-3]
        : Implementing datapath configurations for 'CDN_DP_region_1506'
Info    : Done implementing datapath configurations. [DPOPT-4]
        : Selected 'very_fast' configuration 4 for module 'CDN_DP_region_1506'.
          Optimizations applied to 'very_fast' configuration:
            rewriting(0), factoring(0), sharing(0), cmultcse(0), downsizing(0), speculation(0)
Info    : Implementing datapath configurations. [DPOPT-3]
        : Implementing datapath configurations for 'CDN_DP_region_1505'
Info    : Done implementing datapath configurations. [DPOPT-4]
        : Selected 'very_fast' configuration 4 for module 'CDN_DP_region_1505'.
          Optimizations applied to 'very_fast' configuration:
            rewriting(0), factoring(0), sharing(0), cmultcse(0), downsizing(0), speculation(0)
Info    : Implementing datapath configurations. [DPOPT-3]
        : Implementing datapath configurations for 'CDN_DP_region_1504'
Info    : Done implementing datapath configurations. [DPOPT-4]
        : Selected 'very_fast' configuration 4 for module 'CDN_DP_region_1504'.
          Optimizations applied to 'very_fast' configuration:
            rewriting(0), factoring(0), sharing(0), cmultcse(0), downsizing(0), speculation(0)
Info    : Implementing datapath configurations. [DPOPT-3]
        : Implementing datapath configurations for 'CDN_DP_region_1503'
Info    : Done implementing datapath configurations. [DPOPT-4]
        : Selected 'very_fast' configuration 4 for module 'CDN_DP_region_1503'.
          Optimizations applied to 'very_fast' configuration:
            rewriting(0), factoring(0), sharing(0), cmultcse(0), downsizing(0), speculation(0)
Info    : Implementing datapath configurations. [DPOPT-3]
        : Implementing datapath configurations for 'CDN_DP_region_1502'
Info    : Done implementing datapath configurations. [DPOPT-4]
        : Selected 'very_fast' configuration 4 for module 'CDN_DP_region_1502'.
          Optimizations applied to 'very_fast' configuration:
            rewriting(0), factoring(0), sharing(0), cmultcse(0), downsizing(0), speculation(0)
Info    : Implementing datapath configurations. [DPOPT-3]
        : Implementing datapath configurations for 'CDN_DP_region_1501'
Info    : Done implementing datapath configurations. [DPOPT-4]
        : Selected 'very_fast' configuration 4 for module 'CDN_DP_region_1501'.
          Optimizations applied to 'very_fast' configuration:
            rewriting(0), factoring(0), sharing(0), cmultcse(0), downsizing(0), speculation(0)
Info    : Implementing datapath configurations. [DPOPT-3]
        : Implementing datapath configurations for 'CDN_DP_region_1500'
Info    : Done implementing datapath configurations. [DPOPT-4]
        : Selected 'very_fast' configuration 4 for module 'CDN_DP_region_1500'.
          Optimizations applied to 'very_fast' configuration:
            rewriting(0), factoring(0), sharing(0), cmultcse(0), downsizing(0), speculation(0)
Info    : Implementing datapath configurations. [DPOPT-3]
        : Implementing datapath configurations for 'CDN_DP_region_1499'
Info    : Done implementing datapath configurations. [DPOPT-4]
        : Selected 'very_fast' configuration 4 for module 'CDN_DP_region_1499'.
          Optimizations applied to 'very_fast' configuration:
            rewriting(0), factoring(0), sharing(0), cmultcse(0), downsizing(0), speculation(0)
Info    : Implementing datapath configurations. [DPOPT-3]
        : Implementing datapath configurations for 'CDN_DP_region_1492'
Info    : Done implementing datapath configurations. [DPOPT-4]
        : Selected 'very_fast' configuration 4 for module 'CDN_DP_region_1492'.
          Optimizations applied to 'very_fast' configuration:
            rewriting(0), factoring(0), sharing(0), cmultcse(0), downsizing(0), speculation(0)
Info    : Implementing datapath configurations. [DPOPT-3]
        : Implementing datapath configurations for 'CDN_DP_region_1520'
Info    : Done implementing datapath configurations. [DPOPT-4]
        : Selected 'very_fast' configuration 4 for module 'CDN_DP_region_1520'.
          Optimizations applied to 'very_fast' configuration:
            rewriting(0), factoring(0), sharing(0), cmultcse(0), downsizing(0), speculation(0)
Info    : Done optimizing datapath logic. [DPOPT-2]
        : Done optimizing datapath logic in 'mfn_frontend_top'.
Info    : Deleting instances not driving any primary outputs. [GLO-34]
        : Deleting 6 sequential instances.
Info    : Attempting to launch a super-threading server. [ST-120]
        : Attempting to Launch server 1 of 8.
        : The tool is entering super-threading mode and is launching a CPU server process.  This is enabled by the root attribute 'super_thread_servers' or 'auto_super_thread'.
Info    : Connection established with super-threading server. [ST-110]
        : The server 'localhost_1_0' is process '2732278' on this host.
        : The tool is entering super-threading mode and has established a connection with a CPU server process.  This is enabled by the root attributes 'super_thread_servers' or 'auto_super_thread'.
  Resetting attribute of root '/': 'hide_timing_condition_clones' = 
                  Library loading done successfully on server 'localhost_1_0'.
Info    : Connection established with super-threading server. [ST-110]
        : The server 'localhost_1_1' is forked process '2732938' on this host.
Info    : Connection established with super-threading server. [ST-110]
        : The server 'localhost_1_2' is forked process '2732941' on this host.
Info    : Connection established with super-threading server. [ST-110]
        : The server 'localhost_1_3' is forked process '2732943' on this host.
Info    : Connection established with super-threading server. [ST-110]
        : The server 'localhost_1_4' is forked process '2733067' on this host.
Info    : Connection established with super-threading server. [ST-110]
        : The server 'localhost_1_5' is forked process '2733196' on this host.
Info    : Connection established with super-threading server. [ST-110]
        : The server 'localhost_1_6' is forked process '2733318' on this host.
Info    : Connection established with super-threading server. [ST-110]
        : The server 'localhost_1_7' is forked process '2733368' on this host.
        Distributing super-thread jobs: mfn_sliding_window_DWIDTH16 mfn_addr_gen_AWIDTH40_M_ADDR_WIDTH20 mfn_activation_DWIDTH16_AWIDTH40 mfn_frontend_top
          Sending 'mfn_sliding_window_DWIDTH16' to server 'localhost_1_2'...
            Sent 'mfn_sliding_window_DWIDTH16' to server 'localhost_1_2'.
          Sending 'mfn_addr_gen_AWIDTH40_M_ADDR_WIDTH20' to server 'localhost_1_5'...
            Sent 'mfn_addr_gen_AWIDTH40_M_ADDR_WIDTH20' to server 'localhost_1_5'.
          Sending 'mfn_activation_DWIDTH16_AWIDTH40' to server 'localhost_1_1'...
            Sent 'mfn_activation_DWIDTH16_AWIDTH40' to server 'localhost_1_1'.
          Sending 'mfn_frontend_top' to server 'localhost_1_3'...
            Sent 'mfn_frontend_top' to server 'localhost_1_3'.
          Received 'mfn_addr_gen_AWIDTH40_M_ADDR_WIDTH20' from server 'localhost_1_5'. (218 ms elapsed)
          Received 'mfn_activation_DWIDTH16_AWIDTH40' from server 'localhost_1_1'. (176 ms elapsed)
          Received 'mfn_frontend_top' from server 'localhost_1_3'. (194 ms elapsed)
          Received 'mfn_sliding_window_DWIDTH16' from server 'localhost_1_2'. (441 ms elapsed)

+-----------+--------------------------------+-----+----------------------+---------------------------+
|   Host    |            Machine             | CPU | Physical Memory (MB) | Peak Physical Memory (MB) |
+-----------+--------------------------------+-----+----------------------+---------------------------+
| localhost | moore.wot.ece.northwestern.edu |  8  |        519.7         |           519.7           |
+-----------+--------------------------------+-----+----------------------+---------------------------+

+---------------+----------------------+---------------------------+
|    Server     | Physical Memory (MB) | Peak Physical Memory (MB) |
+---------------+----------------------+---------------------------+
| localhost_1_6 |       25.1 [1]       |          [1] [2]          |
| localhost_1_0 |      269.5 [3]       |         269.5 [3]         |
| localhost_1_7 |       25.1 [1]       |          [1] [2]          |
| localhost_1_3 |       32.8 [1]       |          [1] [2]          |
| localhost_1_5 |       36.1 [1]       |          [1] [2]          |
| localhost_1_4 |       25.1 [1]       |          [1] [2]          |
| localhost_1_1 |       35.9 [1]       |          [1] [2]          |
| localhost_1_2 |       39.1 [1]       |          [1] [2]          |
+---------------+----------------------+---------------------------+
[1] Memory is included in parent localhost_1_0.
[2] Peak physical memory is not available for forked background servers.
[3] Memory of child processes is included.

Current PLE settings:

Aspect ratio        : 1.00
Shrink factor       : 1.00
Scale of res/length : 1.00
Scale of cap/length : 1.00
Net derating factor : 1.00
Thermal factor      : 1.00
Via Resistance      : 0.00 ohm (from default)
Site size           : 1.59 um (from lef [tech+cell])

                                   Capacitance  
  Layer                             / Length         Data source:
Name        Direction Utilization  (pF/micron)       lef_library
------------------------------------------------
metal1          H         0.00        0.000060  
metal2          V         1.00        0.000053  
metal3          H         1.00        0.000052  
metal4          V         1.00        0.000065  
metal5          H         1.00        0.000007  
metal6          V         1.00        0.000049  
metal7          H         1.00        0.000068  
metal8          V         1.00        0.000050  
metal9          H         1.00        0.000065  
metal10         V         1.00        0.000049  

                                    Resistance   
  Layer                              / Length         Data source:
Name        Direction Utilization  (ohm/micron)       lef_library
-------------------------------------------------
metal1          H         0.00         5.428571  
metal2          V         1.00         3.571429  
metal3          H         1.00         3.571429  
metal4          V         1.00         1.500000  
metal5          H         1.00         1.500000  
metal6          V         1.00         1.500000  
metal7          H         1.00         0.187500  
metal8          V         1.00         0.187500  
metal9          H         1.00         0.037500  
metal10         V         1.00         0.037500  

                                        Area     
  Layer                               / Length        Data source:
Name        Direction Utilization     (micron)        lef_library
-------------------------------------------------
metal1          H         0.00         0.070000  
metal2          V         1.00         0.070000  
metal3          H         1.00         0.070000  
metal4          V         1.00         0.140000  
metal5          H         1.00         0.140000  
metal6          V         1.00         0.140000  
metal7          H         1.00         0.400000  
metal8          V         1.00         0.400000  
metal9          H         1.00         0.800000  
metal10         V         1.00         0.800000  

Mapper: Libraries have:
	domain _default_: 96 combo usable cells and 20 sequential usable cells
Updating ST server settings
  Resetting attribute of root '/': 'hide_timing_condition_clones' = 
Info    : Connection established with super-threading server. [ST-110]
        : The server 'localhost_1_8' is forked process '2735342' on this host.
Info    : Connection established with super-threading server. [ST-110]
        : The server 'localhost_1_9' is forked process '2735344' on this host.
Info    : Connection established with super-threading server. [ST-110]
        : The server 'localhost_1_10' is forked process '2735352' on this host.
Info    : Connection established with super-threading server. [ST-110]
        : The server 'localhost_1_11' is forked process '2735354' on this host.
Info    : Connection established with super-threading server. [ST-110]
        : The server 'localhost_1_12' is forked process '2735453' on this host.
Info    : Connection established with super-threading server. [ST-110]
        : The server 'localhost_1_13' is forked process '2735550' on this host.
Info    : Connection established with super-threading server. [ST-110]
        : The server 'localhost_1_14' is forked process '2735652' on this host.
Multi-threaded constant propagation [1|0] ...
Info    : Replacing the synchronous part of an always feeding back flip-flop with a logic constant. [GLO-45]
        : The instance is 'u_ctrl/wgt_step_reg_reg[17]'. The constant is '0'.
        : To prevent this optimization, set 'optimize_constant_feedback_seqs' root attribute to 'false'. The instance attribute 'optimize_constant_feedback_seq' controls this optimization. 
Info    : Replacing the synchronous part of an always feeding back flip-flop with a logic constant. [GLO-45]
        : The instance is 'u_ctrl/wgt_step_reg_reg[16]'. The constant is '0'.
Info    : Replacing the synchronous part of an always feeding back flip-flop with a logic constant. [GLO-45]
        : The instance is 'u_ctrl/wgt_step_reg_reg[15]'. The constant is '0'.
Info    : Replacing the synchronous part of an always feeding back flip-flop with a logic constant. [GLO-45]
        : The instance is 'u_ctrl/wgt_step_reg_reg[14]'. The constant is '0'.
Info    : Replacing a flip-flop with a logic constant 0. [GLO-12]
        : The instance is 'u_ctrl/wgt_step_reg_reg[17]'.
Info    : Replacing a flip-flop with a logic constant 0. [GLO-12]
        : The instance is 'u_ctrl/wgt_step_reg_reg[16]'.
Info    : Replacing a flip-flop with a logic constant 0. [GLO-12]
        : The instance is 'u_ctrl/wgt_step_reg_reg[15]'.
Info    : Replacing a flip-flop with a logic constant 0. [GLO-12]
        : The instance is 'u_ctrl/wgt_step_reg_reg[14]'.
Info    : Deleting instances not driving any primary outputs. [GLO-34]
        : Deleting 4 sequential instances.
Info    : Deleting instances not driving any primary outputs. [GLO-34]
        : Deleting 2 sequential instances.
Multi-threaded Virtual Mapping    (8 threads per ST process, 8 of 48 CPUs usable)
        Distributing super-thread jobs: mult_signed_838_215_1548 mult_signed_838_215 csa_tree_add_138_38_group_13 mult_unsigned add_unsigned_carry_47 add_unsigned_1482 add_unsigned_52_1656
          Sending 'mult_signed_838_215_1548' to server 'localhost_1_13'...
            Sent 'mult_signed_838_215_1548' to server 'localhost_1_13'.
          Sending 'mult_signed_838_215' to server 'localhost_1_14'...
            Sent 'mult_signed_838_215' to server 'localhost_1_14'.
          Sending 'csa_tree_add_138_38_group_13' to server 'localhost_1_12'...
            Sent 'csa_tree_add_138_38_group_13' to server 'localhost_1_12'.
          Sending 'mult_unsigned' to server 'localhost_1_11'...
            Sent 'mult_unsigned' to server 'localhost_1_11'.
          Sending 'add_unsigned_carry_47' to server 'localhost_1_10'...
            Sent 'add_unsigned_carry_47' to server 'localhost_1_10'.
          Sending 'add_unsigned_1482' to server 'localhost_1_9'...
            Sent 'add_unsigned_1482' to server 'localhost_1_9'.
          Sending 'add_unsigned_52_1656' to server 'localhost_1_0'...
            Sent 'add_unsigned_52_1656' to server 'localhost_1_0'.
          Received 'add_unsigned_52_1656' from server 'localhost_1_0'. (345 ms elapsed)
          Received 'add_unsigned_1482' from server 'localhost_1_9'. (354 ms elapsed)
          Received 'add_unsigned_carry_47' from server 'localhost_1_10'. (363 ms elapsed)
          Received 'mult_unsigned' from server 'localhost_1_11'. (519 ms elapsed)
          Received 'csa_tree_add_138_38_group_13' from server 'localhost_1_12'. (903 ms elapsed)
          Received 'mult_signed_838_215' from server 'localhost_1_14'. (1182 ms elapsed)
          Received 'mult_signed_838_215_1548' from server 'localhost_1_13'. (1266 ms elapsed)
        Distributing super-thread jobs: csa_tree_add_38_31_I9_group_2 add_signed_342 sub_unsigned_464 add_unsigned_474 add_unsigned_52
          Sending 'csa_tree_add_38_31_I9_group_2' to server 'localhost_1_13'...
            Sent 'csa_tree_add_38_31_I9_group_2' to server 'localhost_1_13'.
          Sending 'add_signed_342' to server 'localhost_1_14'...
            Sent 'add_signed_342' to server 'localhost_1_14'.
          Sending 'sub_unsigned_464' to server 'localhost_1_12'...
            Sent 'sub_unsigned_464' to server 'localhost_1_12'.
          Sending 'add_unsigned_474' to server 'localhost_1_11'...
            Sent 'add_unsigned_474' to server 'localhost_1_11'.
          Sending 'add_unsigned_52' to server 'localhost_1_10'...
            Sent 'add_unsigned_52' to server 'localhost_1_10'.
          Received 'add_unsigned_474' from server 'localhost_1_11'. (175 ms elapsed)
          Received 'sub_unsigned_464' from server 'localhost_1_12'. (192 ms elapsed)
          Received 'add_unsigned_52' from server 'localhost_1_10'. (206 ms elapsed)
          Received 'add_signed_342' from server 'localhost_1_14'. (235 ms elapsed)
          Received 'csa_tree_add_38_31_I9_group_2' from server 'localhost_1_13'. (1169 ms elapsed)
        Distributing super-thread jobs: mfn_cla40 mfn_cla40_204 add_unsigned_472_1572 add_unsigned_472 add_signed_1452 sub_signed_1287 sub_unsigned_470_1573 sub_unsigned_470
          Sending 'mfn_cla40' to server 'localhost_1_13'...
            Sent 'mfn_cla40' to server 'localhost_1_13'.
          Sending 'mfn_cla40_204' to server 'localhost_1_14'...
            Sent 'mfn_cla40_204' to server 'localhost_1_14'.
          Sending 'add_unsigned_472_1572' to server 'localhost_1_12'...
            Sent 'add_unsigned_472_1572' to server 'localhost_1_12'.
          Sending 'add_unsigned_472' to server 'localhost_1_11'...
            Sent 'add_unsigned_472' to server 'localhost_1_11'.
          Sending 'add_signed_1452' to server 'localhost_1_10'...
            Sent 'add_signed_1452' to server 'localhost_1_10'.
          Sending 'sub_signed_1287' to server 'localhost_1_9'...
            Sent 'sub_signed_1287' to server 'localhost_1_9'.
          Sending 'sub_unsigned_470_1573' to server 'localhost_1_0'...
            Sent 'sub_unsigned_470_1573' to server 'localhost_1_0'.
          Sending 'sub_unsigned_470' to server 'localhost_1_8'...
            Sent 'sub_unsigned_470' to server 'localhost_1_8'.
          Received 'add_unsigned_472_1572' from server 'localhost_1_12'. (166 ms elapsed)
          Received 'add_signed_1452' from server 'localhost_1_10'. (179 ms elapsed)
          Received 'add_unsigned_472' from server 'localhost_1_11'. (184 ms elapsed)
          Received 'sub_signed_1287' from server 'localhost_1_9'. (177 ms elapsed)
          Received 'sub_unsigned_470_1573' from server 'localhost_1_0'. (173 ms elapsed)
          Received 'sub_unsigned_470' from server 'localhost_1_8'. (285 ms elapsed)
          Received 'mfn_cla40' from server 'localhost_1_13'. (843 ms elapsed)
          Received 'mfn_cla40_204' from server 'localhost_1_14'. (857 ms elapsed)
        Distributing super-thread jobs: cb_part_2182
          Sending 'cb_part_2182' to server 'localhost_1_13'...
            Sent 'cb_part_2182' to server 'localhost_1_13'.
          Received 'cb_part_2182' from server 'localhost_1_13'. (3297 ms elapsed)
        Distributing super-thread jobs: mfn_sliding_window_DWIDTH16 csa_tree_add_118_74_group_5 cb_oseq_2175 cb_seq_2172 cb_part_2178
          Sending 'mfn_sliding_window_DWIDTH16' to server 'localhost_1_13'...
            Sent 'mfn_sliding_window_DWIDTH16' to server 'localhost_1_13'.
          Sending 'csa_tree_add_118_74_group_5' to server 'localhost_1_14'...
            Sent 'csa_tree_add_118_74_group_5' to server 'localhost_1_14'.
          Sending 'cb_oseq_2175' to server 'localhost_1_12'...
            Sent 'cb_oseq_2175' to server 'localhost_1_12'.
          Sending 'cb_seq_2172' to server 'localhost_1_11'...
            Sent 'cb_seq_2172' to server 'localhost_1_11'.
          Sending 'cb_part_2178' to server 'localhost_1_10'...
            Sent 'cb_part_2178' to server 'localhost_1_10'.
          Received 'cb_seq_2172' from server 'localhost_1_11'. (146 ms elapsed)
          Received 'cb_part_2178' from server 'localhost_1_10'. (283 ms elapsed)
          Received 'csa_tree_add_118_74_group_5' from server 'localhost_1_14'. (419 ms elapsed)
          Received 'mfn_sliding_window_DWIDTH16' from server 'localhost_1_13'. (805 ms elapsed)
          Received 'cb_oseq_2175' from server 'localhost_1_12'. (771 ms elapsed)
        Distributing super-thread jobs: cb_seq_2174
          Sending 'cb_seq_2174' to server 'localhost_1_13'...
            Sent 'cb_seq_2174' to server 'localhost_1_13'.
          Received 'cb_seq_2174' from server 'localhost_1_13'. (192 ms elapsed)
 
Global mapping target info
==========================
Cost Group 'clk' target slack:   237 ps
Target path end-point (Port: mfn_frontend_top/sram_rd_addr[19])


+-----------+--------------------------------+-----+----------------------+---------------------------+
|   Host    |            Machine             | CPU | Physical Memory (MB) | Peak Physical Memory (MB) |
+-----------+--------------------------------+-----+----------------------+---------------------------+
| localhost | moore.wot.ece.northwestern.edu |  8  |        714.1         |           714.1           |
+-----------+--------------------------------+-----+----------------------+---------------------------+

+----------------+----------------------+---------------------------+
|     Server     | Physical Memory (MB) | Peak Physical Memory (MB) |
+----------------+----------------------+---------------------------+
| localhost_1_8  |       39.8 [1]       |          [1] [2]          |
| localhost_1_14 |       43.9 [1]       |          [1] [2]          |
| localhost_1_0  |      362.7 [3]       |         367.1 [3]         |
| localhost_1_9  |       41.2 [1]       |          [1] [2]          |
| localhost_1_10 |       41.2 [1]       |          [1] [2]          |
| localhost_1_12 |       43.6 [1]       |          [1] [2]          |
| localhost_1_11 |       42.8 [1]       |          [1] [2]          |
| localhost_1_13 |       49.4 [1]       |          [1] [2]          |
+----------------+----------------------+---------------------------+
[1] Memory is included in parent localhost_1_0.
[2] Peak physical memory is not available for forked background servers.
[3] Memory of child processes is included.


+-----------+--------------------------------+-----+----------------------+---------------------------+
|   Host    |            Machine             | CPU | Physical Memory (MB) | Peak Physical Memory (MB) |
+-----------+--------------------------------+-----+----------------------+---------------------------+
| localhost | moore.wot.ece.northwestern.edu |  1  |        586.2         |           714.1           |
+-----------+--------------------------------+-----+----------------------+---------------------------+

+---------------+----------------------+---------------------------+
|    Server     | Physical Memory (MB) | Peak Physical Memory (MB) |
+---------------+----------------------+---------------------------+
| localhost_1_0 |        217.6         |           367.1           |
+---------------+----------------------+---------------------------+

Info    : Using '2' number of super-threading servers using the attribute 'super_thread_servers' could have
          saved '5' more seconds during global map.
Info    : Using '3' number of super-threading servers using the attribute 'super_thread_servers' could have
          saved '7' more seconds during global map.
PBS_Generic_Opt-Post - Elapsed_Time 84, CPU_Time 66.71394099999999
stamp 'PBS_Generic_Opt-Post' being created for table 'pbs_debug'

  Total Time (Wall) |  Stage Time (Wall)  |   % (Wall)   |    Date - Time     |  Memory   | Stage
--------------------+---------------------+--------------+--------------------+-----------+----------------------
 00:00:11(00:00:08) |  00:00:00(00:00:00) |   0.0(  0.0) |   22:43:31 (May12) |  360.6 MB | PBS_Generic-Start
--------------------+---------------------+--------------+--------------------+-----------+----------------------
 00:01:17(00:01:32) |  00:01:06(00:01:24) | 100.0(100.0) |   22:44:55 (May12) |  586.2 MB | PBS_Generic_Opt-Post
--------------------+---------------------+--------------+--------------------+-----------+----------------------
Number of threads: 8 * 1   (id: pbs_debug, time_info v1.57)
Info: (*N*) indicates data that was populated from previously saved time_info database
Info: CPU time includes time of parent + longest thread
PBS_Generic-Postgen HBO Optimizations - Elapsed_Time 1, CPU_Time 0.0
stamp 'PBS_Generic-Postgen HBO Optimizations' being created for table 'pbs_debug'

  Total Time (Wall) |  Stage Time (Wall)  |   % (Wall)   |    Date - Time     |  Memory   | Stage
--------------------+---------------------+--------------+--------------------+-----------+----------------------
 00:00:11(00:00:08) |  00:00:00(00:00:00) |   0.0(  0.0) |   22:43:31 (May12) |  360.6 MB | PBS_Generic-Start
--------------------+---------------------+--------------+--------------------+-----------+----------------------
 00:01:17(00:01:32) |  00:01:06(00:01:24) | 100.0( 98.8) |   22:44:55 (May12) |  586.2 MB | PBS_Generic_Opt-Post
--------------------+---------------------+--------------+--------------------+-----------+----------------------
 00:01:17(00:01:33) |  00:00:00(00:00:01) |   0.0(  1.2) |   22:44:56 (May12) |  586.2 MB | PBS_Generic-Postgen HBO Optimizations
--------------------+---------------------+--------------+--------------------+-----------+----------------------
Number of threads: 8 * 1   (id: pbs_debug, time_info v1.57)
Info: (*N*) indicates data that was populated from previously saved time_info database
Info: CPU time includes time of parent + longest thread
##>=================== Cadence Confidential (Generic-Logical) ===================
##>Main Thread Summary:
##>----------------------------------------------------------------------------------------
##>STEP                           Elapsed       WNS       TNS     Insts      Area    Memory
##>----------------------------------------------------------------------------------------
##>G:Initial                            2         -         -     52593     88231       360
##>G:Setup                              0         -         -         -         -         -
##>G:Launch ST                          0         -         -         -         -         -
##>G:Design Partition                   0         -         -         -         -         -
##>G:Create Partition Netlists          0         -         -         -         -         -
##>G:Init Power                         0         -         -         -         -         -
##>G:Budgeting                          0         -         -         -         -         -
##>G:Derenv-DB                          0         -         -         -         -         -
##>G:Debug Outputs                      0         -         -         -         -         -
##>G:ST loading                         0         -         -         -         -         -
##>G:Distributed                        0         -         -         -         -         -
##>G:Timer                              0         -         -         -         -         -
##>G:Assembly                           0         -         -         -         -         -
##>G:DFT                                0         -         -         -         -         -
##>G:Const Prop                         1         -         -     54257     91776       586
##>G:Misc                              83
##>----------------------------------------------------------------------------------------
##>Total Elapsed                       86
##>========================================================================================

======================= Sequential Deletion Report =============================
   Reason      Instance Name
-----------------------------
unloaded       u_addr_gen/wide_mode_s1
constant 0     u_addr_gen/rd_base_s1_reg[0]
constant 0     u_addr_gen/rd_base_s1_reg[1]
constant 0     u_addr_gen/rd_base_s1_reg[2]
constant 0     u_addr_gen/rd_base_s1_reg[3]
constant 0     u_addr_gen/rd_base_s1_reg[4]
constant 0     u_addr_gen/rd_base_s1_reg[5]
constant 0     u_addr_gen/rd_base_s1_reg[6]
constant 0     u_addr_gen/rd_base_s1_reg[7]
constant 0     u_addr_gen/rd_base_s1_reg[8]
constant 0     u_addr_gen/rd_base_s1_reg[9]
constant 0     u_addr_gen/rd_base_s1_reg[10]
constant 0     u_addr_gen/rd_base_s1_reg[11]
constant 0     u_addr_gen/rd_base_s1_reg[12]
constant 0     u_addr_gen/rd_base_s1_reg[13]
merged         u_addr_gen/pixel_offset_s1_reg[18] merged with u_addr_gen/pixel_offset_s1_reg[17]
merged         u_addr_gen/pixel_offset_s1_reg[19] merged with u_addr_gen/pixel_offset_s1_reg[17]
merged         u_mac_a/mac_out_reg[36] merged with u_mac_a/mac_out_reg[35]
merged         u_mac_b/mac_out_reg[36] merged with u_mac_b/mac_out_reg[35]
merged         u_mac_a/mac_out_reg[37] merged with u_mac_a/mac_out_reg[35]
merged         u_mac_b/mac_out_reg[37] merged with u_mac_b/mac_out_reg[35]
merged         u_mac_a/mac_out_reg[38] merged with u_mac_a/mac_out_reg[35]
merged         u_mac_b/mac_out_reg[38] merged with u_mac_b/mac_out_reg[35]
merged         u_mac_a/mac_out_reg[39] merged with u_mac_a/mac_out_reg[35]
merged         u_mac_b/mac_out_reg[39] merged with u_mac_b/mac_out_reg[35]
merged         u_addr_gen/rd_base_s1_reg[16] merged with u_addr_gen/rd_base_s1_reg[14]
merged         u_addr_gen/rd_base_s1_reg[18] merged with u_addr_gen/rd_base_s1_reg[14]
merged         u_addr_gen/rd_base_s1_reg[17] merged with u_addr_gen/rd_base_s1_reg[15]
merged         u_addr_gen/rd_base_s1_reg[19] merged with u_addr_gen/rd_base_s1_reg[15]
unloaded       u_ctrl/c_out_d1_reg[9]
unloaded       u_ctrl/c_out_d2_reg[9]
constant 0     u_ctrl/wgt_step_reg_reg[17]
constant 0     u_ctrl/wgt_step_reg_reg[16]
constant 0     u_ctrl/wgt_step_reg_reg[15]
constant 0     u_ctrl/wgt_step_reg_reg[14]
merged         u_addr_gen/pixel_offset_s1_reg[16] merged with u_addr_gen/pixel_offset_s1_reg[15]
merged         u_addr_gen/pixel_offset_s1_reg[17] merged with u_addr_gen/pixel_offset_s1_reg[15]
================================================================================

Info    : Done synthesizing. [SYNTH-2]
        : Done synthesizing 'mfn_frontend_top' to generic gates.
     flow.cputime  flow.realtime  timing.setup.tns  timing.setup.wns  snapshot
UM:            75             90                                      syn_generic
@file(synthesis_v2.tcl) 62: syn_map
Current PLE settings:

Aspect ratio        : 1.00
Shrink factor       : 1.00
Scale of res/length : 1.00
Scale of cap/length : 1.00
Net derating factor : 1.00
Thermal factor      : 1.00
Via Resistance      : 0.00 ohm (from default)
Site size           : 1.59 um (from lef [tech+cell])

                                   Capacitance  
  Layer                             / Length         Data source:
Name        Direction Utilization  (pF/micron)       lef_library
------------------------------------------------
metal1          H         0.00        0.000060  
metal2          V         1.00        0.000053  
metal3          H         1.00        0.000052  
metal4          V         1.00        0.000065  
metal5          H         1.00        0.000007  
metal6          V         1.00        0.000049  
metal7          H         1.00        0.000068  
metal8          V         1.00        0.000050  
metal9          H         1.00        0.000065  
metal10         V         1.00        0.000049  

                                    Resistance   
  Layer                              / Length         Data source:
Name        Direction Utilization  (ohm/micron)       lef_library
-------------------------------------------------
metal1          H         0.00         5.428571  
metal2          V         1.00         3.571429  
metal3          H         1.00         3.571429  
metal4          V         1.00         1.500000  
metal5          H         1.00         1.500000  
metal6          V         1.00         1.500000  
metal7          H         1.00         0.187500  
metal8          V         1.00         0.187500  
metal9          H         1.00         0.037500  
metal10         V         1.00         0.037500  

                                        Area     
  Layer                               / Length        Data source:
Name        Direction Utilization     (micron)        lef_library
-------------------------------------------------
metal1          H         0.00         0.070000  
metal2          V         1.00         0.070000  
metal3          H         1.00         0.070000  
metal4          V         1.00         0.140000  
metal5          H         1.00         0.140000  
metal6          V         1.00         0.140000  
metal7          H         1.00         0.400000  
metal8          V         1.00         0.400000  
metal9          H         1.00         0.800000  
metal10         V         1.00         0.800000  

Info    : Mapping. [SYNTH-4]
        : Mapping 'mfn_frontend_top' using 'high' effort.
Mapper: Libraries have:
	domain _default_: 96 combo usable cells and 20 sequential usable cells
PBS_TechMap-Start - Elapsed_Time 0, CPU_Time 0.0
stamp 'PBS_TechMap-Start' being created for table 'pbs_debug'

  Total Time (Wall) |  Stage Time (Wall)  |   % (Wall)   |    Date - Time     |  Memory   | Stage
--------------------+---------------------+--------------+--------------------+-----------+----------------------
 00:00:11(00:00:08) |  00:00:00(00:00:00) |   0.0(  0.0) |   22:43:31 (May12) |  360.6 MB | PBS_Generic-Start
--------------------+---------------------+--------------+--------------------+-----------+----------------------
 00:01:17(00:01:32) |  00:01:06(00:01:24) |  93.0( 94.4) |   22:44:55 (May12) |  586.2 MB | PBS_Generic_Opt-Post
--------------------+---------------------+--------------+--------------------+-----------+----------------------
 00:01:17(00:01:33) |  00:00:00(00:00:01) |   0.0(  1.1) |   22:44:56 (May12) |  586.2 MB | PBS_Generic-Postgen HBO Optimizations
--------------------+---------------------+--------------+--------------------+-----------+----------------------
 00:01:22(00:01:37) |  00:00:05(00:00:04) |   7.0(  4.5) |   22:45:00 (May12) |  560.7 MB | PBS_TechMap-Start
--------------------+---------------------+--------------+--------------------+-----------+----------------------
Number of threads: 8 * 1   (id: pbs_debug, time_info v1.57)
Info: (*N*) indicates data that was populated from previously saved time_info database
Info: CPU time includes time of parent + longest thread
PBS_TechMap-Premap HBO Optimizations - Elapsed_Time 1, CPU_Time 1.0
stamp 'PBS_TechMap-Premap HBO Optimizations' being created for table 'pbs_debug'

  Total Time (Wall) |  Stage Time (Wall)  |   % (Wall)   |    Date - Time     |  Memory   | Stage
--------------------+---------------------+--------------+--------------------+-----------+----------------------
 00:00:11(00:00:08) |  00:00:00(00:00:00) |   0.0(  0.0) |   22:43:31 (May12) |  360.6 MB | PBS_Generic-Start
--------------------+---------------------+--------------+--------------------+-----------+----------------------
 00:01:17(00:01:32) |  00:01:06(00:01:24) |  91.7( 93.3) |   22:44:55 (May12) |  586.2 MB | PBS_Generic_Opt-Post
--------------------+---------------------+--------------+--------------------+-----------+----------------------
 00:01:17(00:01:33) |  00:00:00(00:00:01) |   0.0(  1.1) |   22:44:56 (May12) |  586.2 MB | PBS_Generic-Postgen HBO Optimizations
--------------------+---------------------+--------------+--------------------+-----------+----------------------
 00:01:22(00:01:37) |  00:00:05(00:00:04) |   6.9(  4.4) |   22:45:00 (May12) |  560.7 MB | PBS_TechMap-Start
--------------------+---------------------+--------------+--------------------+-----------+----------------------
 00:01:23(00:01:38) |  00:00:01(00:00:01) |   1.4(  1.1) |   22:45:01 (May12) |  560.7 MB | PBS_TechMap-Premap HBO Optimizations
--------------------+---------------------+--------------+--------------------+-----------+----------------------
Number of threads: 8 * 1   (id: pbs_debug, time_info v1.57)
Info: (*N*) indicates data that was populated from previously saved time_info database
Info: CPU time includes time of parent + longest thread
Info    : Partition Based Synthesis execution skipped. [PHYS-752]
        : Design size is less than the partition size '100000' for distributed mapping optimization to kick in.
Current PLE settings:

Aspect ratio        : 1.00
Shrink factor       : 1.00
Scale of res/length : 1.00
Scale of cap/length : 1.00
Net derating factor : 1.00
Thermal factor      : 1.00
Via Resistance      : 0.00 ohm (from default)
Site size           : 1.59 um (from lef [tech+cell])

                                   Capacitance  
  Layer                             / Length         Data source:
Name        Direction Utilization  (pF/micron)       lef_library
------------------------------------------------
metal1          H         0.00        0.000060  
metal2          V         1.00        0.000053  
metal3          H         1.00        0.000052  
metal4          V         1.00        0.000065  
metal5          H         1.00        0.000007  
metal6          V         1.00        0.000049  
metal7          H         1.00        0.000068  
metal8          V         1.00        0.000050  
metal9          H         1.00        0.000065  
metal10         V         1.00        0.000049  

                                    Resistance   
  Layer                              / Length         Data source:
Name        Direction Utilization  (ohm/micron)       lef_library
-------------------------------------------------
metal1          H         0.00         5.428571  
metal2          V         1.00         3.571429  
metal3          H         1.00         3.571429  
metal4          V         1.00         1.500000  
metal5          H         1.00         1.500000  
metal6          V         1.00         1.500000  
metal7          H         1.00         0.187500  
metal8          V         1.00         0.187500  
metal9          H         1.00         0.037500  
metal10         V         1.00         0.037500  

                                        Area     
  Layer                               / Length        Data source:
Name        Direction Utilization     (micron)        lef_library
-------------------------------------------------
metal1          H         0.00         0.070000  
metal2          V         1.00         0.070000  
metal3          H         1.00         0.070000  
metal4          V         1.00         0.140000  
metal5          H         1.00         0.140000  
metal6          V         1.00         0.140000  
metal7          H         1.00         0.400000  
metal8          V         1.00         0.400000  
metal9          H         1.00         0.800000  
metal10         V         1.00         0.800000  

Mapper: Libraries have:
	domain _default_: 96 combo usable cells and 20 sequential usable cells
Updating ST server settings
  Resetting attribute of root '/': 'hide_timing_condition_clones' = 
Info    : Connection established with super-threading server. [ST-110]
        : The server 'localhost_1_15' is forked process '2743791' on this host.
Info    : Connection established with super-threading server. [ST-110]
        : The server 'localhost_1_16' is forked process '2743793' on this host.
Info    : Connection established with super-threading server. [ST-110]
        : The server 'localhost_1_17' is forked process '2743893' on this host.
Info    : Connection established with super-threading server. [ST-110]
        : The server 'localhost_1_18' is forked process '2743931' on this host.
Info    : Connection established with super-threading server. [ST-110]
        : The server 'localhost_1_19' is forked process '2743994' on this host.
Info    : Connection established with super-threading server. [ST-110]
        : The server 'localhost_1_20' is forked process '2744086' on this host.
Info    : Connection established with super-threading server. [ST-110]
        : The server 'localhost_1_21' is forked process '2744188' on this host.
Multi-threaded Virtual Mapping    (8 threads per ST process, 8 of 48 CPUs usable)
        Distributing super-thread jobs: mult_signed_838_215_1548 mult_signed_838_215 csa_tree_add_138_38_group_13 mult_unsigned csa_tree_add_375_40_group_301 add_unsigned_1482 add_unsigned_52_1656
          Sending 'mult_signed_838_215_1548' to server 'localhost_1_21'...
            Sent 'mult_signed_838_215_1548' to server 'localhost_1_21'.
          Sending 'mult_signed_838_215' to server 'localhost_1_20'...
            Sent 'mult_signed_838_215' to server 'localhost_1_20'.
          Sending 'csa_tree_add_138_38_group_13' to server 'localhost_1_19'...
            Sent 'csa_tree_add_138_38_group_13' to server 'localhost_1_19'.
          Sending 'mult_unsigned' to server 'localhost_1_18'...
            Sent 'mult_unsigned' to server 'localhost_1_18'.
          Sending 'csa_tree_add_375_40_group_301' to server 'localhost_1_15'...
            Sent 'csa_tree_add_375_40_group_301' to server 'localhost_1_15'.
          Sending 'add_unsigned_1482' to server 'localhost_1_0'...
            Sent 'add_unsigned_1482' to server 'localhost_1_0'.
          Sending 'add_unsigned_52_1656' to server 'localhost_1_17'...
            Sent 'add_unsigned_52_1656' to server 'localhost_1_17'.
          Received 'add_unsigned_52_1656' from server 'localhost_1_17'. (139 ms elapsed)
          Received 'csa_tree_add_375_40_group_301' from server 'localhost_1_15'. (164 ms elapsed)
          Received 'add_unsigned_1482' from server 'localhost_1_0'. (233 ms elapsed)
          Received 'mult_unsigned' from server 'localhost_1_18'. (654 ms elapsed)
          Received 'csa_tree_add_138_38_group_13' from server 'localhost_1_19'. (683 ms elapsed)
          Received 'mult_signed_838_215' from server 'localhost_1_20'. (733 ms elapsed)
          Received 'mult_signed_838_215_1548' from server 'localhost_1_21'. (795 ms elapsed)
        Distributing super-thread jobs: csa_tree_add_38_31_I9_group_2 add_signed_342 add_unsigned_474 sub_unsigned_464
          Sending 'csa_tree_add_38_31_I9_group_2' to server 'localhost_1_21'...
            Sent 'csa_tree_add_38_31_I9_group_2' to server 'localhost_1_21'.
          Sending 'add_signed_342' to server 'localhost_1_20'...
            Sent 'add_signed_342' to server 'localhost_1_20'.
          Sending 'add_unsigned_474' to server 'localhost_1_19'...
            Sent 'add_unsigned_474' to server 'localhost_1_19'.
          Sending 'sub_unsigned_464' to server 'localhost_1_18'...
            Sent 'sub_unsigned_464' to server 'localhost_1_18'.
          Received 'add_signed_342' from server 'localhost_1_20'. (39 ms elapsed)
          Received 'add_unsigned_474' from server 'localhost_1_19'. (38 ms elapsed)
          Received 'sub_unsigned_464' from server 'localhost_1_18'. (42 ms elapsed)
          Received 'csa_tree_add_38_31_I9_group_2' from server 'localhost_1_21'. (367 ms elapsed)
        Distributing super-thread jobs: mfn_cla40_204 mfn_cla40 cb_seq
          Sending 'mfn_cla40_204' to server 'localhost_1_21'...
            Sent 'mfn_cla40_204' to server 'localhost_1_21'.
          Sending 'mfn_cla40' to server 'localhost_1_20'...
            Sent 'mfn_cla40' to server 'localhost_1_20'.
          Sending 'cb_seq' to server 'localhost_1_19'...
            Sent 'cb_seq' to server 'localhost_1_19'.
          Received 'cb_seq' from server 'localhost_1_19'. (75 ms elapsed)
          Received 'mfn_cla40' from server 'localhost_1_20'. (119 ms elapsed)
          Received 'mfn_cla40_204' from server 'localhost_1_21'. (147 ms elapsed)
        Distributing super-thread jobs: cb_part_2314
          Sending 'cb_part_2314' to server 'localhost_1_21'...
            Sent 'cb_part_2314' to server 'localhost_1_21'.
          Received 'cb_part_2314' from server 'localhost_1_21'. (265 ms elapsed)
        Distributing super-thread jobs: mfn_sliding_window_DWIDTH16 csa_tree_add_118_74_group_5 cb_oseq_2311 add_unsigned_52
          Sending 'mfn_sliding_window_DWIDTH16' to server 'localhost_1_21'...
            Sent 'mfn_sliding_window_DWIDTH16' to server 'localhost_1_21'.
          Sending 'csa_tree_add_118_74_group_5' to server 'localhost_1_20'...
            Sent 'csa_tree_add_118_74_group_5' to server 'localhost_1_20'.
          Sending 'cb_oseq_2311' to server 'localhost_1_19'...
            Sent 'cb_oseq_2311' to server 'localhost_1_19'.
          Sending 'add_unsigned_52' to server 'localhost_1_18'...
            Sent 'add_unsigned_52' to server 'localhost_1_18'.
          Received 'cb_oseq_2311' from server 'localhost_1_19'. (90 ms elapsed)
          Received 'csa_tree_add_118_74_group_5' from server 'localhost_1_20'. (148 ms elapsed)
          Received 'add_unsigned_52' from server 'localhost_1_18'. (121 ms elapsed)
          Received 'mfn_sliding_window_DWIDTH16' from server 'localhost_1_21'. (262 ms elapsed)
        Distributing super-thread jobs: cb_seq_2308 cb_seq_2310
          Sending 'cb_seq_2308' to server 'localhost_1_21'...
            Sent 'cb_seq_2308' to server 'localhost_1_21'.
          Sending 'cb_seq_2310' to server 'localhost_1_20'...
            Sent 'cb_seq_2310' to server 'localhost_1_20'.
          Received 'cb_seq_2310' from server 'localhost_1_20'. (268 ms elapsed)
          Received 'cb_seq_2308' from server 'localhost_1_21'. (693 ms elapsed)
 
Global mapping target info
==========================
Cost Group 'clk' target slack:   237 ps
Target path end-point (Port: mfn_frontend_top/sram_rd_addr[19])

Multi-threaded Technology Mapping (8 threads per ST process, 8 of 48 CPUs usable)
        Distributing super-thread jobs: cb_seq_2308 cb_seq_2310
          Sending 'cb_seq_2308' to server 'localhost_1_21'...
            Sent 'cb_seq_2308' to server 'localhost_1_21'.
          Sending 'cb_seq_2310' to server 'localhost_1_20'...
            Sent 'cb_seq_2310' to server 'localhost_1_20'.
          Received 'cb_seq_2310' from server 'localhost_1_20'. (628 ms elapsed)
          Received 'cb_seq_2308' from server 'localhost_1_21'. (1482 ms elapsed)
        Distributing super-thread jobs: mfn_sliding_window_DWIDTH16
          Sending 'mfn_sliding_window_DWIDTH16' to server 'localhost_1_21'...
            Sent 'mfn_sliding_window_DWIDTH16' to server 'localhost_1_21'.
          Received 'mfn_sliding_window_DWIDTH16' from server 'localhost_1_21'. (795 ms elapsed)
        Distributing super-thread jobs: csa_tree_add_118_74_group_5 cb_oseq_2311 add_unsigned_52
          Sending 'csa_tree_add_118_74_group_5' to server 'localhost_1_21'...
            Sent 'csa_tree_add_118_74_group_5' to server 'localhost_1_21'.
          Sending 'cb_oseq_2311' to server 'localhost_1_20'...
            Sent 'cb_oseq_2311' to server 'localhost_1_20'.
          Sending 'add_unsigned_52' to server 'localhost_1_19'...
            Sent 'add_unsigned_52' to server 'localhost_1_19'.
          Received 'cb_oseq_2311' from server 'localhost_1_20'. (246 ms elapsed)
          Received 'add_unsigned_52' from server 'localhost_1_19'. (394 ms elapsed)
          Received 'csa_tree_add_118_74_group_5' from server 'localhost_1_21'. (1196 ms elapsed)
        Distributing super-thread jobs: cb_part_2314
          Sending 'cb_part_2314' to server 'localhost_1_21'...
            Sent 'cb_part_2314' to server 'localhost_1_21'.
          Received 'cb_part_2314' from server 'localhost_1_21'. (729 ms elapsed)
        Distributing super-thread jobs: cb_seq
          Sending 'cb_seq' to server 'localhost_1_21'...
            Sent 'cb_seq' to server 'localhost_1_21'.
          Received 'cb_seq' from server 'localhost_1_21'. (208 ms elapsed)
        Distributing super-thread jobs: mfn_cla40_204 mfn_cla40
          Sending 'mfn_cla40_204' to server 'localhost_1_21'...
            Sent 'mfn_cla40_204' to server 'localhost_1_21'.
          Sending 'mfn_cla40' to server 'localhost_1_20'...
            Sent 'mfn_cla40' to server 'localhost_1_20'.
          Received 'mfn_cla40' from server 'localhost_1_20'. (271 ms elapsed)
          Received 'mfn_cla40_204' from server 'localhost_1_21'. (295 ms elapsed)
        Distributing super-thread jobs: csa_tree_add_38_31_I9_group_2 add_signed_342 add_unsigned_474 sub_unsigned_464
          Sending 'csa_tree_add_38_31_I9_group_2' to server 'localhost_1_21'...
            Sent 'csa_tree_add_38_31_I9_group_2' to server 'localhost_1_21'.
          Sending 'add_signed_342' to server 'localhost_1_20'...
            Sent 'add_signed_342' to server 'localhost_1_20'.
          Sending 'add_unsigned_474' to server 'localhost_1_19'...
            Sent 'add_unsigned_474' to server 'localhost_1_19'.
          Sending 'sub_unsigned_464' to server 'localhost_1_18'...
            Sent 'sub_unsigned_464' to server 'localhost_1_18'.
          Received 'add_signed_342' from server 'localhost_1_20'. (344 ms elapsed)
          Received 'add_unsigned_474' from server 'localhost_1_19'. (347 ms elapsed)
          Received 'sub_unsigned_464' from server 'localhost_1_18'. (455 ms elapsed)
          Received 'csa_tree_add_38_31_I9_group_2' from server 'localhost_1_21'. (2160 ms elapsed)
        Distributing super-thread jobs: mult_signed_838_215_1548 mult_signed_838_215 csa_tree_add_138_38_group_13 mult_unsigned csa_tree_add_375_40_group_301 add_unsigned_1482 add_unsigned_52_1656
          Sending 'mult_signed_838_215_1548' to server 'localhost_1_21'...
            Sent 'mult_signed_838_215_1548' to server 'localhost_1_21'.
          Sending 'mult_signed_838_215' to server 'localhost_1_20'...
            Sent 'mult_signed_838_215' to server 'localhost_1_20'.
          Sending 'csa_tree_add_138_38_group_13' to server 'localhost_1_19'...
            Sent 'csa_tree_add_138_38_group_13' to server 'localhost_1_19'.
          Sending 'mult_unsigned' to server 'localhost_1_18'...
            Sent 'mult_unsigned' to server 'localhost_1_18'.
          Sending 'csa_tree_add_375_40_group_301' to server 'localhost_1_15'...
            Sent 'csa_tree_add_375_40_group_301' to server 'localhost_1_15'.
          Sending 'add_unsigned_1482' to server 'localhost_1_0'...
            Sent 'add_unsigned_1482' to server 'localhost_1_0'.
          Sending 'add_unsigned_52_1656' to server 'localhost_1_17'...
            Sent 'add_unsigned_52_1656' to server 'localhost_1_17'.
          Received 'add_unsigned_52_1656' from server 'localhost_1_17'. (405 ms elapsed)
          Received 'add_unsigned_1482' from server 'localhost_1_0'. (411 ms elapsed)
          Received 'csa_tree_add_375_40_group_301' from server 'localhost_1_15'. (820 ms elapsed)
          Received 'mult_unsigned' from server 'localhost_1_18'. (1433 ms elapsed)
          Received 'csa_tree_add_138_38_group_13' from server 'localhost_1_19'. (4810 ms elapsed)
          Received 'mult_signed_838_215' from server 'localhost_1_20'. (8449 ms elapsed)
          Received 'mult_signed_838_215_1548' from server 'localhost_1_21'. (8652 ms elapsed)
 
Global mapping status
=====================
                                   Group   
                                  Tot Wrst 
                           Total  Weighted 
Operation                   Area   Slacks  
-------------------------------------------------------------------------------
 global_map                56054        0 

    Cost Group            Target    Slack    Diff.  Constr.
-----------------------------------------------------------
           clk               237     6150             10000 

 
Global incremental target info
==============================
Cost Group 'clk' target slack:   157 ps
Target path end-point (Port: mfn_frontend_top/sram_rd_addr[19])

              Distributing super-thread jobs: cb_seq_2308 mfn_sliding_window_DWIDTH16 cb_seq_2310
                Sending 'cb_seq_2308' to server 'localhost_1_21'...
                  Sent 'cb_seq_2308' to server 'localhost_1_21'.
                Sending 'mfn_sliding_window_DWIDTH16' to server 'localhost_1_20'...
                  Sent 'mfn_sliding_window_DWIDTH16' to server 'localhost_1_20'.
                Sending 'cb_seq_2310' to server 'localhost_1_19'...
                  Sent 'cb_seq_2310' to server 'localhost_1_19'.
                Received 'cb_seq_2310' from server 'localhost_1_19'. (278 ms elapsed)
                Received 'mfn_sliding_window_DWIDTH16' from server 'localhost_1_20'. (303 ms elapsed)
                Received 'cb_seq_2308' from server 'localhost_1_21'. (479 ms elapsed)
              Distributing super-thread jobs: cb_part_2314
                Sending 'cb_part_2314' to server 'localhost_1_21'...
                  Sent 'cb_part_2314' to server 'localhost_1_21'.
                Received 'cb_part_2314' from server 'localhost_1_21'. (189 ms elapsed)
              Distributing super-thread jobs: csa_tree_add_38_31_I9_group_2
                Sending 'csa_tree_add_38_31_I9_group_2' to server 'localhost_1_21'...
                  Sent 'csa_tree_add_38_31_I9_group_2' to server 'localhost_1_21'.
                Received 'csa_tree_add_38_31_I9_group_2' from server 'localhost_1_21'. (180 ms elapsed)
              Distributing super-thread jobs: mult_signed_838_215 mult_signed_838_215_1548 csa_tree_add_138_38_group_13
                Sending 'mult_signed_838_215' to server 'localhost_1_21'...
                  Sent 'mult_signed_838_215' to server 'localhost_1_21'.
                Sending 'mult_signed_838_215_1548' to server 'localhost_1_20'...
                  Sent 'mult_signed_838_215_1548' to server 'localhost_1_20'.
                Sending 'csa_tree_add_138_38_group_13' to server 'localhost_1_19'...
                  Sent 'csa_tree_add_138_38_group_13' to server 'localhost_1_19'.
                Received 'mult_signed_838_215' from server 'localhost_1_21'. (131 ms elapsed)
                Received 'csa_tree_add_138_38_group_13' from server 'localhost_1_19'. (122 ms elapsed)
                Received 'mult_signed_838_215_1548' from server 'localhost_1_20'. (194 ms elapsed)
 
Global incremental optimization status
======================================
                                   Group   
                                  Tot Wrst 
                           Total  Weighted 
Operation                   Area   Slacks  
-------------------------------------------------------------------------------
 global_incr               55122        0 

    Cost Group            Target    Slack    Diff.  Constr.
-----------------------------------------------------------
           clk               157     6094             10000 


+-----------+--------------------------------+-----+----------------------+---------------------------+
|   Host    |            Machine             | CPU | Physical Memory (MB) | Peak Physical Memory (MB) |
+-----------+--------------------------------+-----+----------------------+---------------------------+
| localhost | moore.wot.ece.northwestern.edu |  8  |        704.3         |           720.9           |
+-----------+--------------------------------+-----+----------------------+---------------------------+

+----------------+----------------------+---------------------------+
|     Server     | Physical Memory (MB) | Peak Physical Memory (MB) |
+----------------+----------------------+---------------------------+
| localhost_1_19 |       51.2 [1]       |          [1] [2]          |
| localhost_1_20 |       55.5 [1]       |          [1] [2]          |
| localhost_1_16 |       33.0 [1]       |          [1] [2]          |
| localhost_1_0  |      380.5 [3]       |         380.5 [3]         |
| localhost_1_17 |       39.0 [1]       |          [1] [2]          |
| localhost_1_15 |       41.3 [1]       |          [1] [2]          |
| localhost_1_21 |       56.6 [1]       |          [1] [2]          |
| localhost_1_18 |       43.8 [1]       |          [1] [2]          |
+----------------+----------------------+---------------------------+
[1] Memory is included in parent localhost_1_0.
[2] Peak physical memory is not available for forked background servers.
[3] Memory of child processes is included.

PBS_Techmap-Global Mapping - Elapsed_Time 46, CPU_Time 38.18873700000002
stamp 'PBS_Techmap-Global Mapping' being created for table 'pbs_debug'

  Total Time (Wall) |  Stage Time (Wall)  |   % (Wall)   |    Date - Time     |  Memory   | Stage
--------------------+---------------------+--------------+--------------------+-----------+----------------------
 00:00:11(00:00:08) |  00:00:00(00:00:00) |   0.0(  0.0) |   22:43:31 (May12) |  360.6 MB | PBS_Generic-Start
--------------------+---------------------+--------------+--------------------+-----------+----------------------
 00:01:17(00:01:32) |  00:01:06(00:01:24) |  60.2( 61.8) |   22:44:55 (May12) |  586.2 MB | PBS_Generic_Opt-Post
--------------------+---------------------+--------------+--------------------+-----------+----------------------
 00:01:17(00:01:33) |  00:00:00(00:00:01) |   0.0(  0.7) |   22:44:56 (May12) |  586.2 MB | PBS_Generic-Postgen HBO Optimizations
--------------------+---------------------+--------------+--------------------+-----------+----------------------
 00:01:22(00:01:37) |  00:00:05(00:00:04) |   4.5(  2.9) |   22:45:00 (May12) |  560.7 MB | PBS_TechMap-Start
--------------------+---------------------+--------------+--------------------+-----------+----------------------
 00:01:23(00:01:38) |  00:00:01(00:00:01) |   0.9(  0.7) |   22:45:01 (May12) |  560.7 MB | PBS_TechMap-Premap HBO Optimizations
--------------------+---------------------+--------------+--------------------+-----------+----------------------
 00:02:01(00:02:24) |  00:00:38(00:00:46) |  34.4( 33.8) |   22:45:47 (May12) |  558.1 MB | PBS_Techmap-Global Mapping
--------------------+---------------------+--------------+--------------------+-----------+----------------------
Number of threads: 8 * 1   (id: pbs_debug, time_info v1.57)
Info: (*N*) indicates data that was populated from previously saved time_info database
Info: CPU time includes time of parent + longest thread
Warning : Detected a logic abstract in the design. [VRO-14]
        : The name of the logic abstract module is 'mfn_bias_rom_DWIDTH32'.
        : A logic abstract is an unresolved reference with defined port names and directions. By default, such modules are written in the netlist. Use '::legacy::set_attribute write_vlog_empty_module_for_logic_abstract false /' to prevent writing empty modules in the netlist for a logic abstract.
Warning : Detected a logic abstract in the design. [VRO-14]
        : The name of the logic abstract module is 'mfn_layer_config_rom'.
Warning : Detected a logic abstract in the design. [VRO-14]
        : The name of the logic abstract module is 'mfn_psum_sram_AWIDTH40'.
Warning : Detected a logic abstract in the design. [VRO-14]
        : The name of the logic abstract module is 'mfn_prelu_rom_DWIDTH16'.
Warning : Detected a logic abstract in the design. [VRO-14]
        : The name of the logic abstract module is 'mfn_weight_rom_DWIDTH16'.
Info    : Wrote formal verification information. [CFM-5]
        : Wrote 'fv/mfn_frontend_top/fv_map.fv.json' for netlist 'fv/mfn_frontend_top/fv_map.v.gz'.
Info    : Existing dofile found. Copied as fv/mfn_frontend_top/rtl_to_fv_map.do~.
Info    : Wrote dofile. [CFM-1]
        : Dofile is 'fv/mfn_frontend_top/rtl_to_fv_map.do'.
PBS_TechMap-Datapath Postmap Operations - Elapsed_Time 2, CPU_Time 2.0
stamp 'PBS_TechMap-Datapath Postmap Operations' being created for table 'pbs_debug'

  Total Time (Wall) |  Stage Time (Wall)  |   % (Wall)   |    Date - Time     |  Memory   | Stage
--------------------+---------------------+--------------+--------------------+-----------+----------------------
 00:00:11(00:00:08) |  00:00:00(00:00:00) |   0.0(  0.0) |   22:43:31 (May12) |  360.6 MB | PBS_Generic-Start
--------------------+---------------------+--------------+--------------------+-----------+----------------------
 00:01:17(00:01:32) |  00:01:06(00:01:24) |  59.1( 60.9) |   22:44:55 (May12) |  586.2 MB | PBS_Generic_Opt-Post
--------------------+---------------------+--------------+--------------------+-----------+----------------------
 00:01:17(00:01:33) |  00:00:00(00:00:01) |   0.0(  0.7) |   22:44:56 (May12) |  586.2 MB | PBS_Generic-Postgen HBO Optimizations
--------------------+---------------------+--------------+--------------------+-----------+----------------------
 00:01:22(00:01:37) |  00:00:05(00:00:04) |   4.4(  2.9) |   22:45:00 (May12) |  560.7 MB | PBS_TechMap-Start
--------------------+---------------------+--------------+--------------------+-----------+----------------------
 00:01:23(00:01:38) |  00:00:01(00:00:01) |   0.9(  0.7) |   22:45:01 (May12) |  560.7 MB | PBS_TechMap-Premap HBO Optimizations
--------------------+---------------------+--------------+--------------------+-----------+----------------------
 00:02:01(00:02:24) |  00:00:38(00:00:46) |  33.8( 33.3) |   22:45:47 (May12) |  558.1 MB | PBS_Techmap-Global Mapping
--------------------+---------------------+--------------+--------------------+-----------+----------------------
 00:02:03(00:02:26) |  00:00:02(00:00:02) |   1.8(  1.4) |   22:45:49 (May12) |  558.1 MB | PBS_TechMap-Datapath Postmap Operations
--------------------+---------------------+--------------+--------------------+-----------+----------------------
Number of threads: 8 * 1   (id: pbs_debug, time_info v1.57)
Info: (*N*) indicates data that was populated from previously saved time_info database
Info: CPU time includes time of parent + longest thread
PBS_TechMap-Postmap HBO Optimizations - Elapsed_Time 1, CPU_Time 0.0
stamp 'PBS_TechMap-Postmap HBO Optimizations' being created for table 'pbs_debug'

  Total Time (Wall) |  Stage Time (Wall)  |   % (Wall)   |    Date - Time     |  Memory   | Stage
--------------------+---------------------+--------------+--------------------+-----------+----------------------
 00:00:11(00:00:08) |  00:00:00(00:00:00) |   0.0(  0.0) |   22:43:31 (May12) |  360.6 MB | PBS_Generic-Start
--------------------+---------------------+--------------+--------------------+-----------+----------------------
 00:01:17(00:01:32) |  00:01:06(00:01:24) |  59.1( 60.4) |   22:44:55 (May12) |  586.2 MB | PBS_Generic_Opt-Post
--------------------+---------------------+--------------+--------------------+-----------+----------------------
 00:01:17(00:01:33) |  00:00:00(00:00:01) |   0.0(  0.7) |   22:44:56 (May12) |  586.2 MB | PBS_Generic-Postgen HBO Optimizations
--------------------+---------------------+--------------+--------------------+-----------+----------------------
 00:01:22(00:01:37) |  00:00:05(00:00:04) |   4.4(  2.9) |   22:45:00 (May12) |  560.7 MB | PBS_TechMap-Start
--------------------+---------------------+--------------+--------------------+-----------+----------------------
 00:01:23(00:01:38) |  00:00:01(00:00:01) |   0.9(  0.7) |   22:45:01 (May12) |  560.7 MB | PBS_TechMap-Premap HBO Optimizations
--------------------+---------------------+--------------+--------------------+-----------+----------------------
 00:02:01(00:02:24) |  00:00:38(00:00:46) |  33.8( 33.1) |   22:45:47 (May12) |  558.1 MB | PBS_Techmap-Global Mapping
--------------------+---------------------+--------------+--------------------+-----------+----------------------
 00:02:03(00:02:26) |  00:00:02(00:00:02) |   1.8(  1.4) |   22:45:49 (May12) |  558.1 MB | PBS_TechMap-Datapath Postmap Operations
--------------------+---------------------+--------------+--------------------+-----------+----------------------
 00:02:03(00:02:27) |  00:00:00(00:00:01) |   0.0(  0.7) |   22:45:50 (May12) |  558.1 MB | PBS_TechMap-Postmap HBO Optimizations
--------------------+---------------------+--------------+--------------------+-----------+----------------------
Number of threads: 8 * 1   (id: pbs_debug, time_info v1.57)
Info: (*N*) indicates data that was populated from previously saved time_info database
Info: CPU time includes time of parent + longest thread
 Doing ConstProp on design:mfn_frontend_top ... 

PBS_TechMap-Postmap Clock Gating - Elapsed_Time 1, CPU_Time 1.0
stamp 'PBS_TechMap-Postmap Clock Gating' being created for table 'pbs_debug'

  Total Time (Wall) |  Stage Time (Wall)  |   % (Wall)   |    Date - Time     |  Memory   | Stage
--------------------+---------------------+--------------+--------------------+-----------+----------------------
 00:00:11(00:00:08) |  00:00:00(00:00:00) |   0.0(  0.0) |   22:43:31 (May12) |  360.6 MB | PBS_Generic-Start
--------------------+---------------------+--------------+--------------------+-----------+----------------------
 00:01:17(00:01:32) |  00:01:06(00:01:24) |  58.6( 60.0) |   22:44:55 (May12) |  586.2 MB | PBS_Generic_Opt-Post
--------------------+---------------------+--------------+--------------------+-----------+----------------------
 00:01:17(00:01:33) |  00:00:00(00:00:01) |   0.0(  0.7) |   22:44:56 (May12) |  586.2 MB | PBS_Generic-Postgen HBO Optimizations
--------------------+---------------------+--------------+--------------------+-----------+----------------------
 00:01:22(00:01:37) |  00:00:05(00:00:04) |   4.4(  2.9) |   22:45:00 (May12) |  560.7 MB | PBS_TechMap-Start
--------------------+---------------------+--------------+--------------------+-----------+----------------------
 00:01:23(00:01:38) |  00:00:01(00:00:01) |   0.9(  0.7) |   22:45:01 (May12) |  560.7 MB | PBS_TechMap-Premap HBO Optimizations
--------------------+---------------------+--------------+--------------------+-----------+----------------------
 00:02:01(00:02:24) |  00:00:38(00:00:46) |  33.5( 32.9) |   22:45:47 (May12) |  558.1 MB | PBS_Techmap-Global Mapping
--------------------+---------------------+--------------+--------------------+-----------+----------------------
 00:02:03(00:02:26) |  00:00:02(00:00:02) |   1.8(  1.4) |   22:45:49 (May12) |  558.1 MB | PBS_TechMap-Datapath Postmap Operations
--------------------+---------------------+--------------+--------------------+-----------+----------------------
 00:02:03(00:02:27) |  00:00:00(00:00:01) |   0.0(  0.7) |   22:45:50 (May12) |  558.1 MB | PBS_TechMap-Postmap HBO Optimizations
--------------------+---------------------+--------------+--------------------+-----------+----------------------
 00:02:04(00:02:28) |  00:00:01(00:00:01) |   0.9(  0.7) |   22:45:51 (May12) |  558.1 MB | PBS_TechMap-Postmap Clock Gating
--------------------+---------------------+--------------+--------------------+-----------+----------------------
Number of threads: 8 * 1   (id: pbs_debug, time_info v1.57)
Info: (*N*) indicates data that was populated from previously saved time_info database
Info: CPU time includes time of parent + longest thread
 hi_fo_buf                 55088        0         0         0        0

           Trick     Calls     Accepts   Attempts    Time(secs) 
-----------------------------------------------------------
       hi_fo_buf         0  (        0 /        0 )  0.00

 
Incremental optimization status
===============================
                                   Group   
                                  Tot Wrst     Total - - DRC Totals - -
                           Total  Weighted      Neg      Max       Max 
Operation                   Area   Slacks      Slack    Trans      Cap 
-------------------------------------------------------------------------------
 init_delay                55088        0         0         0        0

           Trick     Calls     Accepts   Attempts    Time(secs) 
-----------------------------------------------------------
       crit_upsz         0  (        0 /        0 )  0.00
    plc_bal_star         0  (        0 /        0 )  0.00
     drc_buftimb         0  (        0 /        0 )  0.00
          plc_st         0  (        0 /        0 )  0.00
    plc_st_fence         0  (        0 /        0 )  0.00
        plc_star         0  (        0 /        0 )  0.00
      plc_laf_st         0  (        0 /        0 )  0.00
 plc_laf_st_fence         0  (        0 /        0 )  0.00
     drc_buftims         0  (        0 /        0 )  0.00
            fopt         0  (        0 /        0 )  0.00
   plc_laf_lo_st         0  (        0 /        0 )  0.00
       plc_lo_st         0  (        0 /        0 )  0.00

 
Local TNS optimization status
=============================
                                   Group   
                                  Tot Wrst     Total - - DRC Totals - -
                           Total  Weighted      Neg      Max       Max 
Operation                   Area   Slacks      Slack    Trans      Cap 
-------------------------------------------------------------------------------
 init_tns                  55088        0         0         0        0

           Trick     Calls     Accepts   Attempts    Time(secs) 
-----------------------------------------------------------
    plc_bal_star         0  (        0 /        0 )  0.00
     drc_buftimb         0  (        0 /        0 )  0.00
     drc_buftims         0  (        0 /        0 )  0.00
       crit_upsz         0  (        0 /        0 )  0.00
   plc_laf_lo_st         0  (        0 /        0 )  0.00
       plc_lo_st         0  (        0 /        0 )  0.00
            fopt         0  (        0 /        0 )  0.00
       crit_dnsz         0  (        0 /        0 )  0.00
             dup         0  (        0 /        0 )  0.00
        setup_dn         0  (        0 /        0 )  0.00

PBS_TechMap-Postmap Cleanup - Elapsed_Time 0, CPU_Time 0.0
stamp 'PBS_TechMap-Postmap Cleanup' being created for table 'pbs_debug'

  Total Time (Wall) |  Stage Time (Wall)  |   % (Wall)   |    Date - Time     |  Memory   | Stage
--------------------+---------------------+--------------+--------------------+-----------+----------------------
 00:00:11(00:00:08) |  00:00:00(00:00:00) |   0.0(  0.0) |   22:43:31 (May12) |  360.6 MB | PBS_Generic-Start
--------------------+---------------------+--------------+--------------------+-----------+----------------------
 00:01:17(00:01:32) |  00:01:06(00:01:24) |  58.6( 60.0) |   22:44:55 (May12) |  586.2 MB | PBS_Generic_Opt-Post
--------------------+---------------------+--------------+--------------------+-----------+----------------------
 00:01:17(00:01:33) |  00:00:00(00:00:01) |   0.0(  0.7) |   22:44:56 (May12) |  586.2 MB | PBS_Generic-Postgen HBO Optimizations
--------------------+---------------------+--------------+--------------------+-----------+----------------------
 00:01:22(00:01:37) |  00:00:05(00:00:04) |   4.4(  2.9) |   22:45:00 (May12) |  560.7 MB | PBS_TechMap-Start
--------------------+---------------------+--------------+--------------------+-----------+----------------------
 00:01:23(00:01:38) |  00:00:01(00:00:01) |   0.9(  0.7) |   22:45:01 (May12) |  560.7 MB | PBS_TechMap-Premap HBO Optimizations
--------------------+---------------------+--------------+--------------------+-----------+----------------------
 00:02:01(00:02:24) |  00:00:38(00:00:46) |  33.5( 32.9) |   22:45:47 (May12) |  558.1 MB | PBS_Techmap-Global Mapping
--------------------+---------------------+--------------+--------------------+-----------+----------------------
 00:02:03(00:02:26) |  00:00:02(00:00:02) |   1.8(  1.4) |   22:45:49 (May12) |  558.1 MB | PBS_TechMap-Datapath Postmap Operations
--------------------+---------------------+--------------+--------------------+-----------+----------------------
 00:02:03(00:02:27) |  00:00:00(00:00:01) |   0.0(  0.7) |   22:45:50 (May12) |  558.1 MB | PBS_TechMap-Postmap HBO Optimizations
--------------------+---------------------+--------------+--------------------+-----------+----------------------
 00:02:04(00:02:28) |  00:00:01(00:00:01) |   0.9(  0.7) |   22:45:51 (May12) |  558.1 MB | PBS_TechMap-Postmap Clock Gating
--------------------+---------------------+--------------+--------------------+-----------+----------------------
 00:02:04(00:02:28) |  00:00:00(00:00:00) |   0.0(  0.0) |   22:45:51 (May12) |  558.1 MB | PBS_TechMap-Postmap Cleanup
--------------------+---------------------+--------------+--------------------+-----------+----------------------
Number of threads: 8 * 1   (id: pbs_debug, time_info v1.57)
Info: (*N*) indicates data that was populated from previously saved time_info database
Info: CPU time includes time of parent + longest thread
PBS_Techmap-Post_MBCI - Elapsed_Time 0, CPU_Time 0.0
stamp 'PBS_Techmap-Post_MBCI' being created for table 'pbs_debug'

  Total Time (Wall) |  Stage Time (Wall)  |   % (Wall)   |    Date - Time     |  Memory   | Stage
--------------------+---------------------+--------------+--------------------+-----------+----------------------
 00:00:11(00:00:08) |  00:00:00(00:00:00) |   0.0(  0.0) |   22:43:31 (May12) |  360.6 MB | PBS_Generic-Start
--------------------+---------------------+--------------+--------------------+-----------+----------------------
 00:01:17(00:01:32) |  00:01:06(00:01:24) |  58.6( 60.0) |   22:44:55 (May12) |  586.2 MB | PBS_Generic_Opt-Post
--------------------+---------------------+--------------+--------------------+-----------+----------------------
 00:01:17(00:01:33) |  00:00:00(00:00:01) |   0.0(  0.7) |   22:44:56 (May12) |  586.2 MB | PBS_Generic-Postgen HBO Optimizations
--------------------+---------------------+--------------+--------------------+-----------+----------------------
 00:01:22(00:01:37) |  00:00:05(00:00:04) |   4.4(  2.9) |   22:45:00 (May12) |  560.7 MB | PBS_TechMap-Start
--------------------+---------------------+--------------+--------------------+-----------+----------------------
 00:01:23(00:01:38) |  00:00:01(00:00:01) |   0.9(  0.7) |   22:45:01 (May12) |  560.7 MB | PBS_TechMap-Premap HBO Optimizations
--------------------+---------------------+--------------+--------------------+-----------+----------------------
 00:02:01(00:02:24) |  00:00:38(00:00:46) |  33.5( 32.9) |   22:45:47 (May12) |  558.1 MB | PBS_Techmap-Global Mapping
--------------------+---------------------+--------------+--------------------+-----------+----------------------
 00:02:03(00:02:26) |  00:00:02(00:00:02) |   1.8(  1.4) |   22:45:49 (May12) |  558.1 MB | PBS_TechMap-Datapath Postmap Operations
--------------------+---------------------+--------------+--------------------+-----------+----------------------
 00:02:03(00:02:27) |  00:00:00(00:00:01) |   0.0(  0.7) |   22:45:50 (May12) |  558.1 MB | PBS_TechMap-Postmap HBO Optimizations
--------------------+---------------------+--------------+--------------------+-----------+----------------------
 00:02:04(00:02:28) |  00:00:01(00:00:01) |   0.9(  0.7) |   22:45:51 (May12) |  558.1 MB | PBS_TechMap-Postmap Clock Gating
--------------------+---------------------+--------------+--------------------+-----------+----------------------
 00:02:04(00:02:28) |  00:00:00(00:00:00) |   0.0(  0.0) |   22:45:51 (May12) |  558.1 MB | PBS_TechMap-Postmap Cleanup
--------------------+---------------------+--------------+--------------------+-----------+----------------------
 00:02:04(00:02:28) |  00:00:00(00:00:00) |   0.0(  0.0) |   22:45:51 (May12) |  558.1 MB | PBS_Techmap-Post_MBCI
--------------------+---------------------+--------------+--------------------+-----------+----------------------
Number of threads: 8 * 1   (id: pbs_debug, time_info v1.57)
Info: (*N*) indicates data that was populated from previously saved time_info database
Info: CPU time includes time of parent + longest thread

======================= Sequential Deletion Report =============================
   Reason      Instance Name
-----------------------------
================================================================================

##>=================== Cadence Confidential (Mapping-Logical) ===================
##>Main Thread Summary:
##>----------------------------------------------------------------------------------------
##>STEP                           Elapsed       WNS       TNS     Insts      Area    Memory
##>----------------------------------------------------------------------------------------
##>M:Initial                            1         -         -     54257     91776       560
##>M:Pre Cleanup                        1         -         -     54257     91776       560
##>M:Setup                              0         -         -         -         -         -
##>M:Launch ST                          0         -         -         -         -         -
##>M:Design Partition                   0         -         -         -         -         -
##>M:Create Partition Netlists          0         -         -         -         -         -
##>M:Init Power                         0         -         -         -         -         -
##>M:Budgeting                          0         -         -         -         -         -
##>M:Derenv-DB                          0         -         -         -         -         -
##>M:Debug Outputs                      0         -         -         -         -         -
##>M:ST loading                         0         -         -         -         -         -
##>M:Distributed                        0         -         -         -         -         -
##>M:Timer                              0         -         -         -         -         -
##>M:Assembly                           0         -         -         -         -         -
##>M:DFT                                0         -         -         -         -         -
##>M:DP Operations                      2         -         -     14016     33244       558
##>M:Const Prop                         0      6093         0     14016     33244       558
##>M:Cleanup                            0      6092         0     14013     33224       558
##>M:MBCI                               0         -         -     14013     33224       558
##>M:Misc                              47
##>----------------------------------------------------------------------------------------
##>Total Elapsed                       51
##>========================================================================================

+-----------+--------------------------------+-----+----------------------+---------------------------+
|   Host    |            Machine             | CPU | Physical Memory (MB) | Peak Physical Memory (MB) |
+-----------+--------------------------------+-----+----------------------+---------------------------+
| localhost | moore.wot.ece.northwestern.edu |  1  |        558.1         |           720.9           |
+-----------+--------------------------------+-----+----------------------+---------------------------+

+---------------+----------------------+---------------------------+
|    Server     | Physical Memory (MB) | Peak Physical Memory (MB) |
+---------------+----------------------+---------------------------+
| localhost_1_0 |        217.4         |           380.5           |
+---------------+----------------------+---------------------------+

Info    : Done mapping. [SYNTH-5]
        : Done mapping 'mfn_frontend_top'.
     flow.cputime  flow.realtime  timing.setup.tns  timing.setup.wns  snapshot
UM:            84             53                                      syn_map
@file(synthesis_v2.tcl) 63: syn_opt
Current PLE settings:

Aspect ratio        : 1.00
Shrink factor       : 1.00
Scale of res/length : 1.00
Scale of cap/length : 1.00
Net derating factor : 1.00
Thermal factor      : 1.00
Via Resistance      : 0.00 ohm (from default)
Site size           : 1.59 um (from lef [tech+cell])

                                   Capacitance  
  Layer                             / Length         Data source:
Name        Direction Utilization  (pF/micron)       lef_library
------------------------------------------------
metal1          H         0.00        0.000060  
metal2          V         1.00        0.000053  
metal3          H         1.00        0.000052  
metal4          V         1.00        0.000065  
metal5          H         1.00        0.000007  
metal6          V         1.00        0.000049  
metal7          H         1.00        0.000068  
metal8          V         1.00        0.000050  
metal9          H         1.00        0.000065  
metal10         V         1.00        0.000049  

                                    Resistance   
  Layer                              / Length         Data source:
Name        Direction Utilization  (ohm/micron)       lef_library
-------------------------------------------------
metal1          H         0.00         5.428571  
metal2          V         1.00         3.571429  
metal3          H         1.00         3.571429  
metal4          V         1.00         1.500000  
metal5          H         1.00         1.500000  
metal6          V         1.00         1.500000  
metal7          H         1.00         0.187500  
metal8          V         1.00         0.187500  
metal9          H         1.00         0.037500  
metal10         V         1.00         0.037500  

                                        Area     
  Layer                               / Length        Data source:
Name        Direction Utilization     (micron)        lef_library
-------------------------------------------------
metal1          H         0.00         0.070000  
metal2          V         1.00         0.070000  
metal3          H         1.00         0.070000  
metal4          V         1.00         0.140000  
metal5          H         1.00         0.140000  
metal6          V         1.00         0.140000  
metal7          H         1.00         0.400000  
metal8          V         1.00         0.400000  
metal9          H         1.00         0.800000  
metal10         V         1.00         0.800000  

Info    : Incrementally optimizing. [SYNTH-7]
        : Incrementally optimizing 'mfn_frontend_top' using 'high' effort.
 
Incremental optimization status
===============================
                                   Group   
                                  Tot Wrst     Total - - DRC Totals - -
                           Total  Weighted      Neg      Max       Max 
Operation                   Area   Slacks      Slack    Trans      Cap 
-------------------------------------------------------------------------------
 init_iopt                 55088        0         0         0        0
 const_prop                55088        0         0         0        0
 simp_cc_inputs            55085        0         0         0        0
 hi_fo_buf                 55085        0         0         0        0

           Trick     Calls     Accepts   Attempts    Time(secs) 
-----------------------------------------------------------
       hi_fo_buf         0  (        0 /        0 )  0.00

 
Incremental optimization status
===============================
                                   Group   
                                  Tot Wrst     Total - - DRC Totals - -
                           Total  Weighted      Neg      Max       Max 
Operation                   Area   Slacks      Slack    Trans      Cap 
-------------------------------------------------------------------------------
 init_delay                55085        0         0         0        0

           Trick     Calls     Accepts   Attempts    Time(secs) 
-----------------------------------------------------------
        crit_msz         0  (        0 /        0 )  0.00
       crit_upsz         0  (        0 /        0 )  0.00
       crit_slew         0  (        0 /        0 )  0.00
        setup_dn         0  (        0 /        0 )  0.00
    plc_bal_star         0  (        0 /        0 )  0.00
     drc_buftimb         0  (        0 /        0 )  0.00
          plc_st         0  (        0 /        0 )  0.00
    plc_st_fence         0  (        0 /        0 )  0.00
        plc_star         0  (        0 /        0 )  0.00
      plc_laf_st         0  (        0 /        0 )  0.00
 plc_laf_st_fence         0  (        0 /        0 )  0.00
     drc_buftims         0  (        0 /        0 )  0.00
   plc_laf_lo_st         0  (        0 /        0 )  0.00
       plc_lo_st         0  (        0 /        0 )  0.00
            fopt         0  (        0 /        0 )  0.00
       crit_swap         0  (        0 /        0 )  0.00
       mux2_swap         0  (        0 /        0 )  0.00
       crit_dnsz         0  (        0 /        0 )  0.00
       load_swap         0  (        0 /        0 )  0.00
            fopt         0  (        0 /        0 )  0.00
        setup_dn         0  (        0 /        0 )  0.00
       load_isol         0  (        0 /        0 )  0.00
       load_isol         0  (        0 /        0 )  0.00
        move_for         0  (        0 /        0 )  0.00
        move_for         0  (        0 /        0 )  0.00
          rem_bi         0  (        0 /        0 )  0.00
         offload         0  (        0 /        0 )  0.00
          rem_bi         0  (        0 /        0 )  0.00
         offload         0  (        0 /        0 )  0.00
           phase         0  (        0 /        0 )  0.00
        in_phase         0  (        0 /        0 )  0.00
       merge_bit         0  (        0 /        0 )  0.00
     merge_idrvr         0  (        0 /        0 )  0.00
     merge_iload         0  (        0 /        0 )  0.00
    merge_idload         0  (        0 /        0 )  0.00
      merge_drvr         0  (        0 /        0 )  0.00
      merge_load         0  (        0 /        0 )  0.00
          decomp         0  (        0 /        0 )  0.00
        p_decomp         0  (        0 /        0 )  0.00
        levelize         0  (        0 /        0 )  0.00
        mb_split         0  (        0 /        0 )  0.00
             dup         0  (        0 /        0 )  0.00
      mux_retime         0  (        0 /        0 )  0.00
         buf2inv         0  (        0 /        0 )  0.00
             exp         0  (        0 /        0 )  0.00
       gate_deco         0  (        0 /        0 )  0.00
       gcomp_tim         0  (        0 /        0 )  0.00
  inv_pair_2_buf         0  (        0 /        0 )  0.00


           Trick     Calls     Accepts   Attempts    Time(secs) 
-----------------------------------------------------------
         crr_220         0  (        0 /        0 )  0.00
        crr_glob         0  (        0 /        0 )  0.00
         crr_200         0  (        0 /        0 )  0.00
        crr_glob         0  (        0 /        0 )  0.00
         crr_300         0  (        0 /        0 )  0.00
        crr_glob         0  (        0 /        0 )  0.00
         crr_400         0  (        0 /        0 )  0.00
        crr_glob         0  (        0 /        0 )  0.00
         crr_111         0  (        0 /        0 )  0.00
        crr_glob         0  (        0 /        0 )  0.00
         crr_210         0  (        0 /        0 )  0.00
        crr_glob         0  (        0 /        0 )  0.00
         crr_110         0  (        0 /        0 )  0.00
        crr_glob         0  (        0 /        0 )  0.00
         crr_101         0  (        0 /        0 )  0.00
        crr_glob         0  (        0 /        0 )  0.00
         crr_201         0  (        0 /        0 )  0.00
        crr_glob         0  (        0 /        0 )  0.00
         crr_211         0  (        0 /        0 )  0.00
        crr_glob         0  (        0 /        0 )  0.00
        crit_msz         0  (        0 /        0 )  0.00
       crit_upsz         0  (        0 /        0 )  0.00
       crit_slew         0  (        0 /        0 )  0.00
        setup_dn         0  (        0 /        0 )  0.00
    plc_bal_star         0  (        0 /        0 )  0.00
     drc_buftimb         0  (        0 /        0 )  0.00
          plc_st         0  (        0 /        0 )  0.00
    plc_st_fence         0  (        0 /        0 )  0.00
        plc_star         0  (        0 /        0 )  0.00
      plc_laf_st         0  (        0 /        0 )  0.00
 plc_laf_st_fence         0  (        0 /        0 )  0.00
     drc_buftims         0  (        0 /        0 )  0.00
       plc_lo_st         0  (        0 /        0 )  0.00
            fopt         0  (        0 /        0 )  0.00
       crit_swap         0  (        0 /        0 )  0.00
       mux2_swap         0  (        0 /        0 )  0.00
       crit_dnsz         0  (        0 /        0 )  0.00
       load_swap         0  (        0 /        0 )  0.00
            fopt         0  (        0 /        0 )  0.00
        setup_dn         0  (        0 /        0 )  0.00
       load_isol         0  (        0 /        0 )  0.00
       load_isol         0  (        0 /        0 )  0.00
        move_for         0  (        0 /        0 )  0.00
        move_for         0  (        0 /        0 )  0.00
          rem_bi         0  (        0 /        0 )  0.00
         offload         0  (        0 /        0 )  0.00
          rem_bi         0  (        0 /        0 )  0.00
         offload         0  (        0 /        0 )  0.00
       merge_bit         0  (        0 /        0 )  0.00
     merge_idrvr         0  (        0 /        0 )  0.00
     merge_iload         0  (        0 /        0 )  0.00
    merge_idload         0  (        0 /        0 )  0.00
      merge_drvr         0  (        0 /        0 )  0.00
      merge_load         0  (        0 /        0 )  0.00
           phase         0  (        0 /        0 )  0.00
          decomp         0  (        0 /        0 )  0.00
        p_decomp         0  (        0 /        0 )  0.00
        levelize         0  (        0 /        0 )  0.00
        mb_split         0  (        0 /        0 )  0.00
        in_phase         0  (        0 /        0 )  0.00
             dup         0  (        0 /        0 )  0.00
      mux_retime         0  (        0 /        0 )  0.00
         buf2inv         0  (        0 /        0 )  0.00
             exp         0  (        0 /        0 )  0.00
       gate_deco         0  (        0 /        0 )  0.00
       gcomp_tim         0  (        0 /        0 )  0.00
  inv_pair_2_buf         0  (        0 /        0 )  0.00
 init_drc                  55085        0         0         0        0

           Trick     Calls     Accepts   Attempts    Time(secs) 
-----------------------------------------------------------
          plc_st         0  (        0 /        0 )  0.00
        plc_star         0  (        0 /        0 )  0.00
        drc_bufs         0  (        0 /        0 )  0.00
        drc_fopt         0  (        0 /        0 )  0.00
        drc_bufb         0  (        0 /        0 )  0.00
      simple_buf         0  (        0 /        0 )  0.00
             dup         0  (        0 /        0 )  0.00
       crit_dnsz         0  (        0 /        0 )  0.00
       crit_upsz         0  (        0 /        0 )  0.00
       crit_slew         0  (        0 /        0 )  0.00


           Trick     Calls     Accepts   Attempts    Time(secs) 
-----------------------------------------------------------
          plc_st         0  (        0 /        0 )  0.00
        plc_star         0  (        0 /        0 )  0.00
      drc_buf_sp         0  (        0 /        0 )  0.00
        drc_bufs         0  (        0 /        0 )  0.00
        drc_fopt         0  (        0 /        0 )  0.00
        drc_bufb         0  (        0 /        0 )  0.00
      simple_buf         0  (        0 /        0 )  0.00
             dup         0  (        0 /        0 )  0.00
       crit_dnsz         0  (        0 /        0 )  0.00
       crit_upsz         0  (        0 /        0 )  0.00


           Trick     Calls     Accepts   Attempts    Time(secs) 
-----------------------------------------------------------
          plc_st         0  (        0 /        0 )  0.00
        plc_star         0  (        0 /        0 )  0.00
      drc_buf_sp         0  (        0 /        0 )  0.00
        drc_bufs         0  (        0 /        0 )  0.00
        drc_fopt         0  (        0 /        0 )  0.00
        drc_bufb         0  (        0 /        0 )  0.00
             dup         0  (        0 /        0 )  0.00
       crit_dnsz         0  (        0 /        0 )  0.00
       crit_upsz         0  (        0 /        0 )  0.00

 init_tns                  55085        0         0         0        0

           Trick     Calls     Accepts   Attempts    Time(secs) 
-----------------------------------------------------------
            fopt         0  (        0 /        0 )  0.00
    plc_bal_star         0  (        0 /        0 )  0.00
     drc_buftimb         0  (        0 /        0 )  0.00
     drc_buftims         0  (        0 /        0 )  0.00
        crit_msz         0  (        0 /        0 )  0.00
       crit_upsz         0  (        0 /        0 )  0.00
   plc_laf_lo_st         0  (        0 /        0 )  0.00
       plc_lo_st         0  (        0 /        0 )  0.00
       crit_swap         0  (        0 /        0 )  0.00
       mux2_swap         0  (        0 /        0 )  0.00
       crit_dnsz         0  (        0 /        0 )  0.00
       load_swap         0  (        0 /        0 )  0.00
            fopt         0  (        0 /        0 )  0.00
        setup_dn         0  (        0 /        0 )  0.00
       load_isol         0  (        0 /        0 )  0.00
       load_isol         0  (        0 /        0 )  0.00
        move_for         0  (        0 /        0 )  0.00
        move_for         0  (        0 /        0 )  0.00
          rem_bi         0  (        0 /        0 )  0.00
         offload         0  (        0 /        0 )  0.00
          rem_bi         0  (        0 /        0 )  0.00
         offload         0  (        0 /        0 )  0.00
       merge_bit         0  (        0 /        0 )  0.00
     merge_idrvr         0  (        0 /        0 )  0.00
     merge_iload         0  (        0 /        0 )  0.00
    merge_idload         0  (        0 /        0 )  0.00
      merge_drvr         0  (        0 /        0 )  0.00
      merge_load         0  (        0 /        0 )  0.00
           phase         0  (        0 /        0 )  0.00
          decomp         0  (        0 /        0 )  0.00
        p_decomp         0  (        0 /        0 )  0.00
        levelize         0  (        0 /        0 )  0.00
        mb_split         0  (        0 /        0 )  0.00
             dup         0  (        0 /        0 )  0.00
      mux_retime         0  (        0 /        0 )  0.00
       crr_local         0  (        0 /        0 )  0.00
         buf2inv         0  (        0 /        0 )  0.00

 init_area                 55085        0         0         0        0
 rem_buf                   55052        0         0         0        0
 rem_inv                   55046        0         0         0        0
 merge_bi                  54976        0         0         0        0
 rem_inv_qb                54897        0         0         0        0
 seq_res_area              54897        0         0         0        0
 io_phase                  54894        0         0         0        0
 gate_comp                 54892        0         0         0        0
 glob_area                 54887        0         0         0        0
 area_down                 54883        0         0         0        0
 rem_inv_qb                54878        0         0         0        0

           Trick     Calls     Accepts   Attempts    Time(secs) 
-----------------------------------------------------------
           undup         0  (        0 /        0 )  0.03
         rem_buf        21  (       20 /       20 )  0.08
         rem_inv         5  (        4 /        4 )  0.02
        merge_bi        52  (       52 /       52 )  0.16
      rem_inv_qb        76  (        5 /        5 )  0.10
    seq_res_area        24  (        1 /        1 )  3.53
        io_phase        76  (        2 /        2 )  0.03
       gate_comp        37  (        1 /        1 )  0.50
       gcomp_mog        19  (        0 /        0 )  0.33
       glob_area        54  (        2 /       54 )  0.35
       area_down        49  (        2 /        2 )  0.52
      size_n_buf         1  (        0 /        0 )  0.02
  gate_deco_area         0  (        0 /        0 )  0.05
         rem_buf         1  (        0 /        0 )  0.01
         rem_inv         1  (        0 /        0 )  0.01
        merge_bi         0  (        0 /        0 )  0.03
      rem_inv_qb         5  (        1 /        1 )  0.01

 
Incremental optimization status
===============================
                                   Group   
                                  Tot Wrst     Total - - DRC Totals - -
                           Total  Weighted      Neg      Max       Max 
Operation                   Area   Slacks      Slack    Trans      Cap 
-------------------------------------------------------------------------------
 init_delay                54878        0         0         0        0

           Trick     Calls     Accepts   Attempts    Time(secs) 
-----------------------------------------------------------
         crr_220         0  (        0 /        0 )  0.00
        crr_glob         0  (        0 /        0 )  0.00
         crr_200         0  (        0 /        0 )  0.00
        crr_glob         0  (        0 /        0 )  0.00
         crr_300         0  (        0 /        0 )  0.00
        crr_glob         0  (        0 /        0 )  0.00
         crr_400         0  (        0 /        0 )  0.00
        crr_glob         0  (        0 /        0 )  0.00
         crr_111         0  (        0 /        0 )  0.00
        crr_glob         0  (        0 /        0 )  0.00
         crr_210         0  (        0 /        0 )  0.00
        crr_glob         0  (        0 /        0 )  0.00
         crr_110         0  (        0 /        0 )  0.00
        crr_glob         0  (        0 /        0 )  0.00
         crr_101         0  (        0 /        0 )  0.00
        crr_glob         0  (        0 /        0 )  0.00
         crr_201         0  (        0 /        0 )  0.00
        crr_glob         0  (        0 /        0 )  0.00
         crr_211         0  (        0 /        0 )  0.00
        crr_glob         0  (        0 /        0 )  0.00
        crit_msz         0  (        0 /        0 )  0.00
       crit_upsz         0  (        0 /        0 )  0.00
       crit_slew         0  (        0 /        0 )  0.00
        setup_dn         0  (        0 /        0 )  0.00
    plc_bal_star         0  (        0 /        0 )  0.00
     drc_buftimb         0  (        0 /        0 )  0.00
          plc_st         0  (        0 /        0 )  0.00
    plc_st_fence         0  (        0 /        0 )  0.00
        plc_star         0  (        0 /        0 )  0.00
      plc_laf_st         0  (        0 /        0 )  0.00
 plc_laf_st_fence         0  (        0 /        0 )  0.00
     drc_buftims         0  (        0 /        0 )  0.00
       plc_lo_st         0  (        0 /        0 )  0.00
            fopt         0  (        0 /        0 )  0.00
       crit_swap         0  (        0 /        0 )  0.00
       mux2_swap         0  (        0 /        0 )  0.00
       crit_dnsz         0  (        0 /        0 )  0.00
       load_swap         0  (        0 /        0 )  0.00
            fopt         0  (        0 /        0 )  0.00
        setup_dn         0  (        0 /        0 )  0.00
       load_isol         0  (        0 /        0 )  0.00
       load_isol         0  (        0 /        0 )  0.00
        move_for         0  (        0 /        0 )  0.00
        move_for         0  (        0 /        0 )  0.00
          rem_bi         0  (        0 /        0 )  0.00
         offload         0  (        0 /        0 )  0.00
          rem_bi         0  (        0 /        0 )  0.00
         offload         0  (        0 /        0 )  0.00
       merge_bit         0  (        0 /        0 )  0.00
     merge_idrvr         0  (        0 /        0 )  0.00
     merge_iload         0  (        0 /        0 )  0.00
    merge_idload         0  (        0 /        0 )  0.00
      merge_drvr         0  (        0 /        0 )  0.00
      merge_load         0  (        0 /        0 )  0.00
           phase         0  (        0 /        0 )  0.00
          decomp         0  (        0 /        0 )  0.00
        p_decomp         0  (        0 /        0 )  0.00
        levelize         0  (        0 /        0 )  0.00
        mb_split         0  (        0 /        0 )  0.00
        in_phase         0  (        0 /        0 )  0.00
             dup         0  (        0 /        0 )  0.00
      mux_retime         0  (        0 /        0 )  0.00
         buf2inv         0  (        0 /        0 )  0.00
             exp         0  (        0 /        0 )  0.00
       gate_deco         0  (        0 /        0 )  0.00
       gcomp_tim         0  (        0 /        0 )  0.00
  inv_pair_2_buf         0  (        0 /        0 )  0.00
 init_drc                  54878        0         0         0        0

           Trick     Calls     Accepts   Attempts    Time(secs) 
-----------------------------------------------------------
          plc_st         0  (        0 /        0 )  0.00
        plc_star         0  (        0 /        0 )  0.00
        drc_bufs         0  (        0 /        0 )  0.00
        drc_fopt         0  (        0 /        0 )  0.00
        drc_bufb         0  (        0 /        0 )  0.00
      simple_buf         0  (        0 /        0 )  0.00
             dup         0  (        0 /        0 )  0.00
       crit_dnsz         0  (        0 /        0 )  0.00
       crit_upsz         0  (        0 /        0 )  0.00
       crit_slew         0  (        0 /        0 )  0.00


           Trick     Calls     Accepts   Attempts    Time(secs) 
-----------------------------------------------------------
          plc_st         0  (        0 /        0 )  0.00
        plc_star         0  (        0 /        0 )  0.00
        drc_bufs         0  (        0 /        0 )  0.00
        drc_fopt         0  (        0 /        0 )  0.00
        drc_bufb         0  (        0 /        0 )  0.00
      simple_buf         0  (        0 /        0 )  0.00
             dup         0  (        0 /        0 )  0.00
       crit_dnsz         0  (        0 /        0 )  0.00
       crit_upsz         0  (        0 /        0 )  0.00


           Trick     Calls     Accepts   Attempts    Time(secs) 
-----------------------------------------------------------
          plc_st         0  (        0 /        0 )  0.00
        plc_star         0  (        0 /        0 )  0.00
        drc_bufs         0  (        0 /        0 )  0.00
        drc_fopt         0  (        0 /        0 )  0.00
        drc_bufb         0  (        0 /        0 )  0.00
             dup         0  (        0 /        0 )  0.00
       crit_dnsz         0  (        0 /        0 )  0.00
       crit_upsz         0  (        0 /        0 )  0.00

 init_tns                  54878        0         0         0        0

           Trick     Calls     Accepts   Attempts    Time(secs) 
-----------------------------------------------------------
            fopt         0  (        0 /        0 )  0.00
    plc_bal_star         0  (        0 /        0 )  0.00
     drc_buftimb         0  (        0 /        0 )  0.00
     drc_buftims         0  (        0 /        0 )  0.00
        crit_msz         0  (        0 /        0 )  0.00
       crit_upsz         0  (        0 /        0 )  0.00
   plc_laf_lo_st         0  (        0 /        0 )  0.00
       plc_lo_st         0  (        0 /        0 )  0.00
       crit_swap         0  (        0 /        0 )  0.00
       mux2_swap         0  (        0 /        0 )  0.00
       crit_dnsz         0  (        0 /        0 )  0.00
       load_swap         0  (        0 /        0 )  0.00
            fopt         0  (        0 /        0 )  0.00
        setup_dn         0  (        0 /        0 )  0.00
       load_isol         0  (        0 /        0 )  0.00
       load_isol         0  (        0 /        0 )  0.00
        move_for         0  (        0 /        0 )  0.00
        move_for         0  (        0 /        0 )  0.00
          rem_bi         0  (        0 /        0 )  0.00
         offload         0  (        0 /        0 )  0.00
          rem_bi         0  (        0 /        0 )  0.00
         offload         0  (        0 /        0 )  0.00
       merge_bit         0  (        0 /        0 )  0.00
     merge_idrvr         0  (        0 /        0 )  0.00
     merge_iload         0  (        0 /        0 )  0.00
    merge_idload         0  (        0 /        0 )  0.00
      merge_drvr         0  (        0 /        0 )  0.00
      merge_load         0  (        0 /        0 )  0.00
           phase         0  (        0 /        0 )  0.00
          decomp         0  (        0 /        0 )  0.00
        p_decomp         0  (        0 /        0 )  0.00
        levelize         0  (        0 /        0 )  0.00
        mb_split         0  (        0 /        0 )  0.00
             dup         0  (        0 /        0 )  0.00
      mux_retime         0  (        0 /        0 )  0.00
       crr_local         0  (        0 /        0 )  0.00
         buf2inv         0  (        0 /        0 )  0.00

 init_area                 54878        0         0         0        0

           Trick     Calls     Accepts   Attempts    Time(secs) 
-----------------------------------------------------------
           undup         0  (        0 /        0 )  0.03
         rem_buf         1  (        0 /        0 )  0.01
         rem_inv         1  (        0 /        0 )  0.00
        merge_bi         0  (        0 /        0 )  0.03
      rem_inv_qb         0  (        0 /        0 )  0.00
        io_phase        74  (        0 /        0 )  0.02
       gate_comp        36  (        0 /        0 )  0.46
       gcomp_mog        19  (        0 /        0 )  0.29
       glob_area        50  (        0 /       50 )  0.30
       area_down        46  (        0 /        0 )  0.43
      size_n_buf         0  (        0 /        0 )  0.02
  gate_deco_area         0  (        0 /        0 )  0.00

 
Incremental optimization status
===============================
                                   Group   
                                  Tot Wrst     Total - - DRC Totals - -
                           Total  Weighted      Neg      Max       Max 
Operation                   Area   Slacks      Slack    Trans      Cap 
-------------------------------------------------------------------------------
 init_delay                54878        0         0         0        0

           Trick     Calls     Accepts   Attempts    Time(secs) 
-----------------------------------------------------------
        crit_msz         0  (        0 /        0 )  0.00
       crit_upsz         0  (        0 /        0 )  0.00
       crit_slew         0  (        0 /        0 )  0.00
        setup_dn         0  (        0 /        0 )  0.00
    plc_bal_star         0  (        0 /        0 )  0.00
     drc_buftimb         0  (        0 /        0 )  0.00
          plc_st         0  (        0 /        0 )  0.00
    plc_st_fence         0  (        0 /        0 )  0.00
        plc_star         0  (        0 /        0 )  0.00
      plc_laf_st         0  (        0 /        0 )  0.00
 plc_laf_st_fence         0  (        0 /        0 )  0.00
     drc_buftims         0  (        0 /        0 )  0.00
   plc_laf_lo_st         0  (        0 /        0 )  0.00
       plc_lo_st         0  (        0 /        0 )  0.00
            fopt         0  (        0 /        0 )  0.00
       crit_swap         0  (        0 /        0 )  0.00
       mux2_swap         0  (        0 /        0 )  0.00
       crit_dnsz         0  (        0 /        0 )  0.00
       load_swap         0  (        0 /        0 )  0.00
            fopt         0  (        0 /        0 )  0.00
        setup_dn         0  (        0 /        0 )  0.00
       load_isol         0  (        0 /        0 )  0.00
       load_isol         0  (        0 /        0 )  0.00
        move_for         0  (        0 /        0 )  0.00
        move_for         0  (        0 /        0 )  0.00
          rem_bi         0  (        0 /        0 )  0.00
         offload         0  (        0 /        0 )  0.00
          rem_bi         0  (        0 /        0 )  0.00
         offload         0  (        0 /        0 )  0.00
           phase         0  (        0 /        0 )  0.00
        in_phase         0  (        0 /        0 )  0.00
       merge_bit         0  (        0 /        0 )  0.00
     merge_idrvr         0  (        0 /        0 )  0.00
     merge_iload         0  (        0 /        0 )  0.00
    merge_idload         0  (        0 /        0 )  0.00
      merge_drvr         0  (        0 /        0 )  0.00
      merge_load         0  (        0 /        0 )  0.00
          decomp         0  (        0 /        0 )  0.00
        p_decomp         0  (        0 /        0 )  0.00
        levelize         0  (        0 /        0 )  0.00
        mb_split         0  (        0 /        0 )  0.00
             dup         0  (        0 /        0 )  0.00
      mux_retime         0  (        0 /        0 )  0.00
         buf2inv         0  (        0 /        0 )  0.00
             exp         0  (        0 /        0 )  0.00
       gate_deco         0  (        0 /        0 )  0.00
       gcomp_tim         0  (        0 /        0 )  0.00
  inv_pair_2_buf         0  (        0 /        0 )  0.00

 init_drc                  54878        0         0         0        0

           Trick     Calls     Accepts   Attempts    Time(secs) 
-----------------------------------------------------------
          plc_st         0  (        0 /        0 )  0.00
        plc_star         0  (        0 /        0 )  0.00
        drc_bufs         0  (        0 /        0 )  0.00
        drc_fopt         0  (        0 /        0 )  0.00
        drc_bufb         0  (        0 /        0 )  0.00
      simple_buf         0  (        0 /        0 )  0.00
             dup         0  (        0 /        0 )  0.00
       crit_dnsz         0  (        0 /        0 )  0.00
       crit_upsz         0  (        0 /        0 )  0.00
       crit_slew         0  (        0 /        0 )  0.00


           Trick     Calls     Accepts   Attempts    Time(secs) 
-----------------------------------------------------------
          plc_st         0  (        0 /        0 )  0.00
        plc_star         0  (        0 /        0 )  0.00
        drc_bufs         0  (        0 /        0 )  0.00
        drc_fopt         0  (        0 /        0 )  0.00
        drc_bufb         0  (        0 /        0 )  0.00
      simple_buf         0  (        0 /        0 )  0.00
             dup         0  (        0 /        0 )  0.00
       crit_dnsz         0  (        0 /        0 )  0.00
       crit_upsz         0  (        0 /        0 )  0.00


           Trick     Calls     Accepts   Attempts    Time(secs) 
-----------------------------------------------------------
          plc_st         0  (        0 /        0 )  0.00
        plc_star         0  (        0 /        0 )  0.00
        drc_bufs         0  (        0 /        0 )  0.00
        drc_fopt         0  (        0 /        0 )  0.00
        drc_bufb         0  (        0 /        0 )  0.00
             dup         0  (        0 /        0 )  0.00
       crit_dnsz         0  (        0 /        0 )  0.00
       crit_upsz         0  (        0 /        0 )  0.00

Info    : Done incrementally optimizing. [SYNTH-8]
        : Done incrementally optimizing 'mfn_frontend_top'.
     flow.cputime  flow.realtime  timing.setup.tns  timing.setup.wns  snapshot
UM:            11             11                                      syn_opt
@file(synthesis_v2.tcl) 66: report_timing > timing_v2.rep
Warning : Possible timing problems have been detected in this design. [TIM-11]
        : The design is 'mfn_frontend_top'.
        : Use 'report timing -lint' for more information.
@file(synthesis_v2.tcl) 67: report_area   > area_v2.rep
@file(synthesis_v2.tcl) 68: report_gates  > gates_v2.rep
@file(synthesis_v2.tcl) 69: report_power  > power_v2.rep
@file(synthesis_v2.tcl) 71: puts ""

@file(synthesis_v2.tcl) 72: puts "======================================================"
======================================================
@file(synthesis_v2.tcl) 73: puts "  Top critical path (from timing_v2.rep):"
  Top critical path (from timing_v2.rep):
@file(synthesis_v2.tcl) 74: puts "======================================================"
======================================================
@file(synthesis_v2.tcl) 75: report_timing -nworst 1
Warning : Possible timing problems have been detected in this design. [TIM-11]
        : The design is 'mfn_frontend_top'.
============================================================
  Generated by:           Genus(TM) Synthesis Solution 18.14-s037_1
  Generated on:           May 12 2026  10:46:06 pm
  Module:                 mfn_frontend_top
  Operating conditions:   typical 
  Interconnect mode:      global
  Area mode:              physical library
============================================================


Path 1: MET (6066 ps) Late External Delay Assertion at pin sram_rd_addr[19]
          Group: clk
     Startpoint: (R) u_addr_gen/ch_s1_reg[1]/CK
          Clock: (R) clk
       Endpoint: (R) sram_rd_addr[19]
          Clock: (R) clk

                     Capture       Launch     
        Clock Edge:+   10000            0     
       Src Latency:+       0            0     
       Net Latency:+       0 (I)        0 (I) 
           Arrival:=   10000            0     
                                              
      Output Delay:-    2000                  
       Uncertainty:-     100                  
     Required Time:=    7900                  
      Launch Clock:-       0                  
         Data Path:-    1834                  
             Slack:=    6066                  

Exceptions/Constraints:
  output_delay             2000            constraints.sdc_line_15_162_1 

#------------------------------------------------------------------------------------------------------------------------------
#                    Timing Point                      Flags    Arc   Edge   Cell     Fanout Load Trans Delay Arrival Instance 
#                                                                                            (fF)  (ps)  (ps)   (ps)  Location 
#------------------------------------------------------------------------------------------------------------------------------
  u_addr_gen/ch_s1_reg[1]/CK                           -       -      R     (arrival)   1336    -   100     -       0    (-,-) 
  u_addr_gen/ch_s1_reg[1]/Q                            -       CK->Q  R     DFFR_X1       21 53.4   125   239     239    (-,-) 
  u_addr_gen/csa_tree_add_138_38_groupi_g7767/ZN       -       A1->ZN F     NAND2_X1      15 26.6    67   108     347    (-,-) 
  u_addr_gen/csa_tree_add_138_38_groupi_g7638/ZN       -       A2->ZN R     OAI22_X1       1  3.1    38    60     406    (-,-) 
  u_addr_gen/csa_tree_add_138_38_groupi_g7562/S        -       CI->S  F     FA_X1          1  3.9    17   104     510    (-,-) 
  u_addr_gen/csa_tree_add_138_38_groupi_g7522/CO       -       A->CO  F     FA_X1          1  3.9    16    82     592    (-,-) 
  u_addr_gen/csa_tree_add_138_38_groupi_g7503/CO       -       A->CO  F     FA_X1          1  3.0    15    79     671    (-,-) 
  u_addr_gen/csa_tree_add_138_38_groupi_g7495/CO       -       CI->CO F     FA_X1          1  3.0    15    72     743    (-,-) 
  u_addr_gen/csa_tree_add_138_38_groupi_g7486/CO       -       CI->CO F     FA_X1          1  3.0    15    72     815    (-,-) 
  u_addr_gen/csa_tree_add_138_38_groupi_g7482/CO       -       CI->CO F     FA_X1          1  3.0    15    72     888    (-,-) 
  u_addr_gen/csa_tree_add_138_38_groupi_g7481/CO       -       CI->CO F     FA_X1          1  3.0    15    72     960    (-,-) 
  u_addr_gen/csa_tree_add_138_38_groupi_g7480/CO       -       CI->CO F     FA_X1          1  3.0    15    72    1032    (-,-) 
  u_addr_gen/csa_tree_add_138_38_groupi_g7479/CO       -       CI->CO F     FA_X1          1  3.0    15    72    1105    (-,-) 
  u_addr_gen/csa_tree_add_138_38_groupi_g7478/CO       -       CI->CO F     FA_X1          1  3.0    15    72    1177    (-,-) 
  u_addr_gen/csa_tree_add_138_38_groupi_g7477/CO       -       CI->CO F     FA_X1          1  3.0    15    72    1249    (-,-) 
  u_addr_gen/csa_tree_add_138_38_groupi_g7476__2250/CO -       CI->CO F     FA_X1          1  3.0    15    72    1322    (-,-) 
  u_addr_gen/csa_tree_add_138_38_groupi_g7475__5266/CO -       CI->CO F     FA_X1          1  3.0    15    72    1394    (-,-) 
  u_addr_gen/csa_tree_add_138_38_groupi_g7474__7114/CO -       CI->CO F     FA_X1          1  3.0    15    72    1466    (-,-) 
  u_addr_gen/csa_tree_add_138_38_groupi_g7473__5703/CO -       CI->CO F     FA_X1          1  3.0    15    72    1538    (-,-) 
  u_addr_gen/csa_tree_add_138_38_groupi_g7472__5953/CO -       CI->CO F     FA_X1          1  3.0    15    72    1611    (-,-) 
  u_addr_gen/csa_tree_add_138_38_groupi_g7471__1786/CO -       CI->CO F     FA_X1          1  3.0    15    72    1683    (-,-) 
  u_addr_gen/csa_tree_add_138_38_groupi_g7470__8757/CO -       CI->CO F     FA_X1          1  2.4    14    71    1754    (-,-) 
  u_addr_gen/csa_tree_add_138_38_groupi_g7469__7118/ZN -       A->ZN  R     XNOR2_X1       6 11.8    65    80    1834    (-,-) 
  sram_rd_addr[19]                                     <<<     -      R     (port)         -    -     -     0    1834    (-,-) 
#------------------------------------------------------------------------------------------------------------------------------

@file(synthesis_v2.tcl) 78: write_hdl > mfn_frontend_top_v2_syn.v
Warning : Detected a logic abstract in the design. [VRO-14]
        : The name of the logic abstract module is 'mfn_bias_rom_DWIDTH32'.
Warning : Detected a logic abstract in the design. [VRO-14]
        : The name of the logic abstract module is 'mfn_layer_config_rom'.
Warning : Detected a logic abstract in the design. [VRO-14]
        : The name of the logic abstract module is 'mfn_psum_sram_AWIDTH40'.
Warning : Detected a logic abstract in the design. [VRO-14]
        : The name of the logic abstract module is 'mfn_prelu_rom_DWIDTH16'.
Warning : Detected a logic abstract in the design. [VRO-14]
        : The name of the logic abstract module is 'mfn_weight_rom_DWIDTH16'.
@file(synthesis_v2.tcl) 80: puts ""

@file(synthesis_v2.tcl) 81: puts "=== v2 Synthesis Finished ==="
=== v2 Synthesis Finished ===
@file(synthesis_v2.tcl) 82: puts "Reports: timing_v2.rep  area_v2.rep  gates_v2.rep  power_v2.rep"
Reports: timing_v2.rep  area_v2.rep  gates_v2.rep  power_v2.rep
@file(synthesis_v2.tcl) 83: puts "Netlist: mfn_frontend_top_v2_syn.v"
Netlist: mfn_frontend_top_v2_syn.v
@file(synthesis_v2.tcl) 84: quit

+-----------+--------------------------------+-----+----------------------+---------------------------+
|   Host    |            Machine             | CPU | Physical Memory (MB) | Peak Physical Memory (MB) |
+-----------+--------------------------------+-----+----------------------+---------------------------+
| localhost | moore.wot.ece.northwestern.edu |  1  |        554.4         |           720.9           |
+-----------+--------------------------------+-----+----------------------+---------------------------+

+---------------+----------------------+---------------------------+
|    Server     | Physical Memory (MB) | Peak Physical Memory (MB) |
+---------------+----------------------+---------------------------+
| localhost_1_0 |        217.4         |           380.5           |
+---------------+----------------------+---------------------------+

Info    : A super-threading server has been shut down normally. [ST-112]
        : The server 'localhost_1_0' was process '2732278' on this host.
        : A super-threaded optimization is complete and a CPU server was successfully shut down.
Normal exit.
