###############################################################
#  Generated by:      Cadence Innovus 16.20-p002_1
#  OS:                Linux x86_64(Host ID moore.wot.ece.northwestern.edu)
#  Generated on:      Tue May 12 17:01:21 2026
#  Design:            mfn_frontend_top
#  Command:           verify_drc -report mfn_frontend_top_v2.drc.rpt
###############################################################

SHORT: ( Metal Short ) Regular Wire of Net u_ctrl/CTS_1207 & Regular Wire of Net u_ctrl/n_1033974  ( metal2 )
Bounds : ( 231.670, 78.540 ) ( 231.740, 78.680 )


CUTSPACING: ( Same Layer Cut Spacing ) Regular Wire of Net u_ctrl/FE_OFN3816_n_1092035 & Regular Wire of Net u_ctrl/psum_mem[343][15]  ( metal5 )
Bounds : ( 227.755, 79.940 ) ( 227.895, 80.080 )


SHORT: ( Metal Short ) Regular Wire of Net u_ctrl/psum_mem[341][19] & Regular Wire of Net u_ctrl/n_1236844  ( metal2 )
Bounds : ( 228.630, 79.555 ) ( 228.700, 79.625 )


CUTSPACING: ( Same Layer Cut Spacing ) Regular Wire of Net u_ctrl/FE_OFN9441_FE_DBTN62_cla_sum_b_17 & Regular Wire of Net u_ctrl/FE_OFN986_n_979670  ( metal5 )
Bounds : ( 238.115, 77.420 ) ( 238.255, 77.560 )


CUTSPACING: ( Same Layer Cut Spacing ) Regular Wire of Net u_ctrl/FE_OFN5582_n_1092533 & Regular Wire of Net u_ctrl/FE_OFN953_n_979598  ( metal9 )
Bounds : ( 240.025, 77.510 ) ( 240.825, 78.310 )


CUTSPACING: ( Same Layer Cut Spacing ) Regular Wire of Net u_ctrl/FE_OFN7862_n_983297 & Regular Wire of Net u_ctrl/psum_mem[466][17]  ( metal5 )
Bounds : ( 237.555, 72.380 ) ( 237.695, 72.520 )


SHORT: ( Metal Short ) Regular Wire of Net u_ctrl/CTS_1216 & Regular Wire of Net u_ctrl/FE_OFN6085_n_985869  ( metal2 )
Bounds : ( 227.490, 74.060 ) ( 227.560, 74.200 )


SHORT: ( Metal Short ) Regular Wire of Net u_ctrl/n_1109694 & Regular Wire of Net u_ctrl/n_1033972  ( metal2 )
Bounds : ( 229.390, 75.775 ) ( 229.460, 75.845 )


SHORT: ( Metal Short ) Regular Wire of Net u_ctrl/n_1033972 & Regular Wire of Net u_ctrl/FE_OFN6409_n_1033970  ( metal2 )
Bounds : ( 230.530, 78.435 ) ( 230.600, 78.505 )


CUTSPACING: ( Same Layer Cut Spacing ) Regular Wire of Net u_ctrl/FE_OFN9572_n_979702 & Regular Wire of Net u_ctrl/psum_mem[507][25]  ( metal4 )
Bounds : ( 240.495, 59.640 ) ( 240.635, 59.780 )


CUTSPACING: ( Same Layer Cut Spacing ) Regular Wire of Net u_ctrl/FE_OFN1339_n_1204128 & Regular Wire of Net u_ctrl/FE_OFN3382_n_1020821  ( metal9 )
Bounds : ( 229.945, 63.110 ) ( 230.745, 63.910 )


SHORT: ( Metal Short ) Regular Wire of Net u_ctrl/psum_mem[507][19] & Regular Wire of Net u_ctrl/psum_mem[505][19]  ( metal2 )
Bounds : ( 227.300, 65.415 ) ( 227.370, 65.485 )


SHORT: ( Metal Short ) Regular Wire of Net u_ctrl/n_1111955 & Regular Wire of Net u_ctrl/FE_OFN10139_FE_DBTN41_cla_sum_a_15  ( metal2 )
Bounds : ( 227.300, 57.015 ) ( 227.370, 57.085 )


SHORT: ( Metal Short ) Regular Wire of Net u_ctrl/FE_OFN10356_FE_DBTN60_cla_sum_b_15 & Regular Wire of Net u_ctrl/FE_OFN6121_n_993928  ( metal2 )
Bounds : ( 227.870, 57.995 ) ( 227.940, 58.240 )


CUTSPACING: ( Same Layer Cut Spacing ) Regular Wire of Net u_ctrl/FE_OFN5415_n_1033672 & Regular Wire of Net u_ctrl/FE_OFN3238_n_993930  ( metal5 )
Bounds : ( 240.355, 53.620 ) ( 240.495, 53.760 )


SHORT: ( Metal Short ) Regular Wire of Net u_ctrl/n_1251638 & Regular Wire of Net u_ctrl/FE_OFN5116_n_993927  ( metal2 )
Bounds : ( 226.350, 50.540 ) ( 226.420, 50.680 )


SHORT: ( Metal Short ) Regular Wire of Net u_ctrl/FE_OFN10831_FE_DBTN44_cla_sum_a_18 & Regular Wire of Net u_ctrl/n_1209535  ( metal2 )
Bounds : ( 227.680, 53.095 ) ( 227.750, 53.165 )


SHORT: ( Metal Short ) Regular Wire of Net u_ctrl/psum_mem[506][28] & Regular Wire of Net u_ctrl/FE_OFN3238_n_993930  ( metal2 )
Bounds : ( 229.200, 55.615 ) ( 229.270, 55.685 )


SHORT: ( Metal Short ) Regular Wire of Net u_ctrl/n_993932 & Regular Wire of Net u_ctrl/psum_mem[506][28]  ( metal2 )
Bounds : ( 229.390, 55.615 ) ( 229.460, 55.685 )


SHORT: ( Metal Short ) Regular Wire of Net u_ctrl/psum_mem[506][28] & Regular Wire of Net u_ctrl/n_1209531  ( metal2 )
Bounds : ( 229.580, 50.540 ) ( 229.650, 50.680 )


SHORT: ( Metal Short ) Regular Wire of Net u_ctrl/FE_OFN10214_n_1019329 & Regular Wire of Net u_ctrl/psum_mem[506][28]  ( metal2 )
Bounds : ( 229.580, 54.600 ) ( 229.650, 54.740 )


SHORT: ( Metal Short ) Regular Wire of Net u_ctrl/n_1209532 & Regular Wire of Net u_ctrl/psum_mem[339][26]  ( metal2 )
Bounds : ( 232.240, 50.295 ) ( 232.310, 50.365 )


SHORT: ( Metal Short ) Regular Wire of Net u_ctrl/n_993932 & Regular Wire of Net u_ctrl/FE_OFN4646_n_1204161  ( metal2 )
Bounds : ( 227.110, 45.255 ) ( 227.180, 45.325 )


SHORT: ( Metal Short ) Regular Wire of Net u_ctrl/FE_OFN3238_n_993930 & Regular Wire of Net u_ctrl/n_1205446  ( metal2 )
Bounds : ( 227.490, 45.115 ) ( 227.560, 45.185 )


SHORT: ( Metal Short ) Regular Wire of Net u_ctrl/n_1205446 & Regular Wire of Net u_ctrl/n_993932  ( metal2 )
Bounds : ( 227.490, 45.255 ) ( 227.560, 45.325 )


SHORT: ( Metal Short ) Regular Wire of Net u_ctrl/FE_OFN1716_FE_DBTN2_n_1204128 & Regular Wire of Net u_ctrl/FE_OFN3427_n_1033984  ( metal2 )
Bounds : ( 228.630, 45.255 ) ( 228.700, 45.325 )


SHORT: ( Metal Short ) Regular Wire of Net u_ctrl/FE_OFN3268_n_995122 & Regular Wire of Net u_ctrl/psum_mem[342][15]  ( metal2 )
Bounds : ( 215.330, 78.680 ) ( 215.400, 78.820 )


SHORT: ( Metal Short ) Regular Wire of Net u_ctrl/psum_mem[340][15] & Regular Wire of Net u_ctrl/FE_OFN4384_n_1044150  ( metal2 )
Bounds : ( 214.380, 79.555 ) ( 214.450, 79.625 )


CUTSPACING: ( Same Layer Cut Spacing ) Regular Wire of Net u_ctrl/n_1033907 & Regular Wire of Net u_ctrl/FE_OFN5155_n_995117  ( metal5 )
Bounds : ( 215.715, 76.580 ) ( 215.855, 76.720 )


CUTSPACING: ( Same Layer Cut Spacing ) Regular Wire of Net u_ctrl/FE_OFN10251_n_1098239 & Regular Wire of Net u_ctrl/n_1034085  ( metal9 )
Bounds : ( 219.865, 75.910 ) ( 220.665, 76.710 )


SHORT: ( Metal Short ) Regular Wire of Net u_ctrl/psum_mem[337][15] & Regular Wire of Net u_ctrl/psum_mem[467][28]  ( metal2 )
Bounds : ( 219.510, 74.375 ) ( 219.580, 74.445 )


CUTSPACING: ( Same Layer Cut Spacing ) Regular Wire of Net u_ctrl/FE_OFN7862_n_983297 & Regular Wire of Net u_ctrl/FE_OFN5626_n_1122897  ( metal5 )
Bounds : ( 220.755, 71.540 ) ( 220.895, 71.680 )


CUTSPACING: ( Same Layer Cut Spacing ) Regular Wire of Net u_ctrl/FE_OFN7912_n_993839 & Regular Wire of Net u_ctrl/FE_OFN9316_n_1034089  ( metal5 )
Bounds : ( 223.415, 67.760 ) ( 223.555, 67.900 )


SHORT: ( Metal Short ) Regular Wire of Net u_ctrl/n_983299 & Regular Wire of Net u_ctrl/FE_OFN7256_n_993838  ( metal2 )
Bounds : ( 221.600, 71.155 ) ( 221.670, 71.225 )


SHORT: ( Metal Short ) Regular Wire of Net u_ctrl/psum_mem[508][19] & Regular Wire of Net u_ctrl/FE_OFN4749_n_1205086  ( metal2 )
Bounds : ( 222.360, 70.420 ) ( 222.430, 70.560 )


CUTSPACING: ( Same Layer Cut Spacing ) Regular Wire of Net u_ctrl/FE_OFN7256_n_993838 & Regular Wire of Net u_ctrl/psum_mem[378][28]  ( metal5 )
Bounds : ( 218.235, 67.900 ) ( 218.375, 68.040 )


SHORT: ( Metal Short ) Regular Wire of Net u_ctrl/FE_OFN10139_FE_DBTN41_cla_sum_a_15 & Regular Wire of Net u_ctrl/n_1230979  ( metal2 )
Bounds : ( 215.900, 67.795 ) ( 215.970, 67.865 )


SHORT: ( Metal Short ) Regular Wire of Net u_ctrl/psum_mem[467][28] & Regular Wire of Net u_ctrl/n_1249603  ( metal2 )
Bounds : ( 217.800, 67.655 ) ( 217.870, 67.725 )


SHORT: ( Metal Short ) Regular Wire of Net u_ctrl/psum_mem[467][28] & Regular Wire of Net u_ctrl/FE_OFN3582_n_1109988  ( metal2 )
Bounds : ( 217.800, 67.795 ) ( 217.870, 67.865 )


SHORT: ( Metal Short ) Regular Wire of Net u_ctrl/n_1205413 & Regular Wire of Net u_ctrl/n_1205059  ( metal2 )
Bounds : ( 219.890, 67.655 ) ( 219.960, 67.725 )


CUTSPACING: ( Same Layer Cut Spacing ) Regular Wire of Net u_ctrl/FE_OFN3268_n_995122 & Regular Wire of Net u_ctrl/FE_OFN957_n_979610  ( metal5 )
Bounds : ( 213.195, 73.500 ) ( 213.335, 73.640 )


SHORT: ( Metal Short ) Regular Wire of Net u_ctrl/psum_mem[465][18] & Regular Wire of Net u_ctrl/psum_mem[464][18]  ( metal2 )
Bounds : ( 210.580, 78.295 ) ( 210.650, 78.365 )


SHORT: ( Metal Short ) Regular Wire of Net u_ctrl/n_1111943 & Regular Wire of Net u_ctrl/FE_OFN5079_n_985867  ( metal2 )
Bounds : ( 212.290, 73.255 ) ( 212.360, 73.325 )


SHORT: ( Metal Short ) Regular Wire of Net u_ctrl/CTS_1216 & Regular Wire of Net u_ctrl/FE_OFN4159_n_994854  ( metal2 )
Bounds : ( 212.860, 78.015 ) ( 212.930, 78.085 )


SHORT: ( Metal Short ) Regular Wire of Net u_ctrl/psum_mem[342][28] & Regular Wire of Net u_ctrl/n_985873  ( metal2 )
Bounds : ( 211.150, 69.475 ) ( 211.220, 69.545 )


SHORT: ( Metal Short ) Regular Wire of Net u_ctrl/n_1204852 & Regular Wire of Net u_ctrl/FE_OFN6085_n_985869  ( metal2 )
Bounds : ( 212.670, 72.240 ) ( 212.740, 72.625 )


SHORT: ( Metal Short ) Regular Wire of Net u_ctrl/FE_OFN1939_n_1109976 & Regular Wire of Net u_ctrl/psum_mem[341][15]  ( metal2 )
Bounds : ( 214.380, 71.400 ) ( 214.450, 71.540 )


SHORT: ( Metal Short ) Regular Wire of Net u_ctrl/FE_OFN11103_FE_DBTN40_cla_sum_a_14 & Regular Wire of Net u_ctrl/n_1114777  ( metal2 )
Bounds : ( 208.680, 68.355 ) ( 208.750, 68.425 )


SHORT: ( Metal Short ) Regular Wire of Net u_ctrl/n_1114777 & Regular Wire of Net u_ctrl/FE_OFN3582_n_1109988  ( metal2 )
Bounds : ( 208.680, 68.215 ) ( 208.750, 68.285 )


SHORT: ( Metal Short ) Regular Wire of Net u_ctrl/n_1120774 & Regular Wire of Net u_ctrl/n_1120773  ( metal2 )
Bounds : ( 207.920, 69.195 ) ( 207.990, 69.265 )


CUTSPACING: ( Same Layer Cut Spacing ) Regular Wire of Net u_ctrl/n_1230726 & Regular Wire of Net u_ctrl/n_1249950  ( metal5 )
Bounds : ( 200.455, 80.640 ) ( 200.595, 80.780 )


SHORT: ( Metal Short ) Regular Wire of Net u_ctrl/n_1249950 & Regular Wire of Net u_ctrl/FE_OFN6552_n_1045867  ( metal2 )
Bounds : ( 200.510, 79.415 ) ( 200.580, 79.485 )


SHORT: ( Metal Short ) Regular Wire of Net u_ctrl/FE_OFN4279_n_1017471 & Regular Wire of Net u_ctrl/FE_OFN1716_FE_DBTN2_n_1204128  ( metal2 )
Bounds : ( 194.240, 80.815 ) ( 194.310, 80.885 )


SHORT: ( Metal Short ) Regular Wire of Net u_ctrl/FE_OFN1734_n_979690 & Regular Wire of Net u_ctrl/n_1208772  ( metal2 )
Bounds : ( 192.720, 79.415 ) ( 192.790, 79.485 )


SHORT: ( Metal Short ) Regular Wire of Net u_ctrl/CTS_1378 & Regular Wire of Net u_ctrl/FE_OFN1734_n_979690  ( metal2 )
Bounds : ( 192.305, 79.555 ) ( 192.445, 79.625 )


SHORT: ( Metal Short ) Regular Wire of Net u_ctrl/CTS_1378 & Regular Wire of Net u_ctrl/n_1208772  ( metal2 )
Bounds : ( 192.305, 79.415 ) ( 192.445, 79.485 )


SHORT: ( Metal Short ) Regular Wire of Net u_ctrl/n_1121291 & Regular Wire of Net u_ctrl/psum_mem[343][14]  ( metal2 )
Bounds : ( 185.690, 79.415 ) ( 185.760, 79.485 )


SHORT: ( Metal Short ) Regular Wire of Net u_ctrl/psum_mem[336][14] & Regular Wire of Net u_ctrl/CTS_1378  ( metal2 )
Bounds : ( 187.745, 78.715 ) ( 187.885, 78.785 )


CUTSPACING: ( Same Layer Cut Spacing ) Regular Wire of Net u_ctrl/FE_OFN6084_n_985779 & Regular Wire of Net u_ctrl/FE_OFN5130_n_994848  ( metal4 )
Bounds : ( 197.655, 76.440 ) ( 197.795, 76.580 )


SHORT: ( Metal Short ) Regular Wire of Net u_ctrl/psum_mem[465][26] & Regular Wire of Net u_ctrl/psum_mem[337][28]  ( metal2 )
Bounds : ( 202.410, 75.740 ) ( 202.480, 75.880 )


SHORT: ( Metal Short ) Regular Wire of Net u_ctrl/CTS_1378 & Regular Wire of Net u_ctrl/n_1208774  ( metal2 )
Bounds : ( 192.495, 72.975 ) ( 192.635, 73.045 )


SHORT: ( Metal Short ) Regular Wire of Net u_ctrl/CTS_1378 & Regular Wire of Net u_ctrl/n_985782  ( metal2 )
Bounds : ( 192.495, 75.355 ) ( 192.635, 75.425 )


SHORT: ( Metal Short ) Regular Wire of Net u_ctrl/n_1115427 & Regular Wire of Net u_ctrl/FE_OFN1716_FE_DBTN2_n_1204128  ( metal2 )
Bounds : ( 194.430, 77.875 ) ( 194.500, 77.945 )


CUTSPACING: ( Same Layer Cut Spacing ) Regular Wire of Net u_ctrl/FE_OFN10439_n_1034078 & Regular Wire of Net u_ctrl/FE_OFN7264_n_994895  ( metal5 )
Bounds : ( 193.175, 72.240 ) ( 193.315, 72.380 )


SHORT: ( Metal Short ) Regular Wire of Net u_ctrl/n_1204836 & Regular Wire of Net u_ctrl/FE_OFN4102_n_984008  ( metal2 )
Bounds : ( 192.340, 68.215 ) ( 192.410, 68.285 )


SHORT: ( Metal Short ) Regular Wire of Net u_ctrl/psum_mem[379][28] & Regular Wire of Net u_ctrl/psum_mem[465][26]  ( metal2 )
Bounds : ( 202.410, 68.600 ) ( 202.480, 68.740 )


CUTSPACING: ( Same Layer Cut Spacing ) Regular Wire of Net u_ctrl/FE_OFN4159_n_994854 & Regular Wire of Net u_ctrl/FE_OFN1373_n_1092172  ( metal4 )
Bounds : ( 189.395, 76.860 ) ( 189.535, 77.000 )


SHORT: ( Metal Short ) Regular Wire of Net u_ctrl/FE_OFN5330_n_1020218 & Regular Wire of Net u_ctrl/FE_DBTN67_cla_sum_b_22  ( metal2 )
Bounds : ( 180.940, 76.195 ) ( 181.010, 76.265 )


SHORT: ( Metal Short ) Regular Wire of Net u_ctrl/n_1205437 & Regular Wire of Net u_ctrl/FE_OFN96_n_1204233  ( metal2 )
Bounds : ( 185.310, 71.995 ) ( 185.380, 72.065 )


SHORT: ( Metal Short ) Regular Wire of Net u_ctrl/FE_OFN6264_n_1016409 & Regular Wire of Net u_ctrl/FE_OFN5305_n_1016407  ( metal2 )
Bounds : ( 185.500, 71.155 ) ( 185.570, 71.225 )


SHORT: ( Metal Short ) Regular Wire of Net u_ctrl/n_1205437 & Regular Wire of Net u_ctrl/FE_OFN6264_n_1016409  ( metal2 )
Bounds : ( 185.500, 71.715 ) ( 185.570, 71.785 )


SHORT: ( Metal Short ) Regular Wire of Net u_ctrl/FE_OFN10831_FE_DBTN44_cla_sum_a_18 & Regular Wire of Net u_ctrl/n_983299  ( metal2 )
Bounds : ( 190.440, 71.155 ) ( 190.510, 71.225 )


CUTSPACING: ( Same Layer Cut Spacing ) Regular Wire of Net u_ctrl/n_995074 & Regular Wire of Net u_ctrl/psum_mem[507][28]  ( metal2 )
Bounds : ( 225.590, 62.825 ) ( 225.660, 62.895 )


SHORT: ( Metal Short ) Regular Wire of Net u_ctrl/FE_OFN6329_n_1020769 & Regular Wire of Net u_ctrl/n_995066  ( metal2 )
Bounds : ( 220.840, 62.195 ) ( 220.910, 62.265 )


SHORT: ( Metal Short ) Regular Wire of Net u_ctrl/psum_mem[505][28] & Regular Wire of Net u_ctrl/FE_OFN5538_n_1045001  ( metal2 )
Bounds : ( 224.640, 63.315 ) ( 224.710, 63.385 )


SHORT: ( Metal Short ) Regular Wire of Net u_ctrl/psum_mem[507][28] & Regular Wire of Net u_ctrl/n_1249642  ( metal2 )
Bounds : ( 225.590, 62.055 ) ( 225.660, 62.125 )


CUTSPACING: ( Same Layer Cut Spacing ) Regular Wire of Net u_ctrl/psum_mem[469][28] & Regular Wire of Net u_ctrl/n_1034085  ( metal4 )
Bounds : ( 217.535, 61.880 ) ( 217.675, 62.020 )


CUTSPACING: ( Same Layer Cut Spacing ) Regular Wire of Net u_ctrl/FE_OFN5452_n_1044144 & Regular Wire of Net u_ctrl/FE_OFN9037_n_1034086  ( metal5 )
Bounds : ( 217.395, 63.980 ) ( 217.535, 64.120 )


CUTSPACING: ( Same Layer Cut Spacing ) Regular Wire of Net u_ctrl/n_1034085 & Regular Wire of Net u_ctrl/FE_OFN6501_n_1045003  ( metal5 )
Bounds : ( 218.655, 61.880 ) ( 218.795, 62.020 )


SHORT: ( Metal Short ) Regular Wire of Net u_ctrl/n_993843 & Regular Wire of Net u_ctrl/FE_OFN10356_FE_DBTN60_cla_sum_b_15  ( metal2 )
Bounds : ( 215.900, 62.615 ) ( 215.970, 62.685 )


SHORT: ( Metal Short ) Regular Wire of Net u_ctrl/FE_OFN9037_n_1034086 & Regular Wire of Net u_ctrl/n_1114950  ( metal2 )
Bounds : ( 217.230, 62.615 ) ( 217.300, 62.685 )


CUTSPACING: ( Same Layer Cut Spacing ) Regular Wire of Net u_ctrl/n_995076 & Regular Wire of Net u_ctrl/n_995074  ( metal4 )
Bounds : ( 224.675, 60.340 ) ( 224.815, 60.480 )


CUTSPACING: ( Same Layer Cut Spacing ) Regular Wire of Net u_ctrl/FE_OFN4630_n_1110061 & Regular Wire of Net u_ctrl/FE_OFN2514_n_1020722  ( metal5 )
Bounds : ( 225.235, 59.220 ) ( 225.375, 59.360 )


SHORT: ( Metal Short ) Regular Wire of Net u_ctrl/FE_OFN10356_FE_DBTN60_cla_sum_b_15 & Regular Wire of Net u_ctrl/FE_OFN10058_FE_DBTN63_cla_sum_b_18  ( metal2 )
Bounds : ( 220.460, 60.200 ) ( 220.530, 60.340 )


SHORT: ( Metal Short ) Regular Wire of Net u_ctrl/n_1231017 & Regular Wire of Net u_ctrl/n_995067  ( metal2 )
Bounds : ( 222.550, 59.395 ) ( 222.620, 59.465 )


SHORT: ( Metal Short ) Regular Wire of Net u_ctrl/n_993843 & Regular Wire of Net u_ctrl/psum_mem[466][18]  ( metal2 )
Bounds : ( 220.840, 56.595 ) ( 220.910, 56.665 )


SHORT: ( Metal Short ) Regular Wire of Net u_ctrl/n_995077 & Regular Wire of Net u_ctrl/n_1114974  ( metal2 )
Bounds : ( 225.590, 56.875 ) ( 225.660, 56.945 )


SHORT: ( Metal Short ) Regular Wire of Net u_ctrl/FE_OFN9913_n_1019327 & Regular Wire of Net u_ctrl/psum_mem[468][28]  ( metal2 )
Bounds : ( 215.900, 59.395 ) ( 215.970, 59.640 )


SHORT: ( Metal Short ) Regular Wire of Net u_ctrl/FE_OFN5304_n_1016322 & Regular Wire of Net u_ctrl/CTS_1216  ( metal2 )
Bounds : ( 217.005, 56.175 ) ( 217.145, 56.245 )


SHORT: ( Metal Short ) Regular Wire of Net u_ctrl/n_1016324 & Regular Wire of Net u_ctrl/n_1114951  ( metal2 )
Bounds : ( 218.180, 59.675 ) ( 218.250, 59.745 )


SHORT: ( Metal Short ) Regular Wire of Net u_ctrl/FE_OFN6329_n_1020769 & Regular Wire of Net u_ctrl/FE_OFN5303_n_1016319  ( metal2 )
Bounds : ( 218.370, 56.455 ) ( 218.440, 56.525 )


SHORT: ( Metal Short ) Regular Wire of Net u_ctrl/FE_OFN7611_n_1249089 & Regular Wire of Net u_ctrl/n_1249090  ( metal2 )
Bounds : ( 218.560, 59.955 ) ( 218.630, 60.025 )


SHORT: ( Metal Short ) Regular Wire of Net u_ctrl/n_1130747 & Regular Wire of Net u_ctrl/FE_OFN4139_n_993841  ( metal2 )
Bounds : ( 219.700, 56.455 ) ( 219.770, 56.525 )


SHORT: ( Metal Short ) Regular Wire of Net u_ctrl/n_1236999 & Regular Wire of Net u_ctrl/psum_mem[507][28]  ( metal2 )
Bounds : ( 225.590, 61.495 ) ( 225.660, 61.565 )


SHORT: ( Metal Short ) Regular Wire of Net u_ctrl/FE_OFN9913_n_1019327 & Regular Wire of Net u_ctrl/n_1045173  ( metal2 )
Bounds : ( 212.860, 66.955 ) ( 212.930, 67.025 )


SHORT: ( Metal Short ) Regular Wire of Net u_ctrl/n_1045180 & Regular Wire of Net u_ctrl/FE_OFN9913_n_1019327  ( metal2 )
Bounds : ( 212.860, 66.255 ) ( 212.930, 66.325 )


SHORT: ( Metal Short ) Regular Wire of Net u_ctrl/n_1045173 & Regular Wire of Net u_ctrl/n_1019329  ( metal2 )
Bounds : ( 212.670, 66.955 ) ( 212.740, 67.025 )


SHORT: ( Metal Short ) Regular Wire of Net u_ctrl/n_1019329 & Regular Wire of Net u_ctrl/n_1045180  ( metal2 )
Bounds : ( 212.670, 66.255 ) ( 212.740, 66.325 )


SHORT: ( Metal Short ) Regular Wire of Net u_ctrl/n_1045180 & Regular Wire of Net u_ctrl/FE_OFN3479_n_1045182  ( metal2 )
Bounds : ( 212.480, 66.255 ) ( 212.550, 66.325 )


CUTSPACING: ( Same Layer Cut Spacing ) Regular Wire of Net u_ctrl/FE_OFN3479_n_1045182 & Regular Wire of Net u_ctrl/FE_OFN6943_n_1157866  ( metal4 )
Bounds : ( 212.495, 66.640 ) ( 212.635, 66.780 )


SHORT: ( Metal Short ) Regular Wire of Net u_ctrl/FE_OFN5079_n_985867 & Regular Wire of Net u_ctrl/psum_mem[468][18]  ( metal2 )
Bounds : ( 207.350, 62.195 ) ( 207.420, 62.265 )


CUTSPACING: ( Same Layer Cut Spacing ) Regular Wire of Net u_ctrl/psum_mem[341][28] & Regular Wire of Net u_ctrl/n_985871  ( metal5 )
Bounds : ( 205.775, 66.640 ) ( 205.915, 66.780 )


CUTSPACING: ( Same Layer Cut Spacing ) Regular Wire of Net u_ctrl/n_1251566 & Regular Wire of Net u_ctrl/FE_OFN5303_n_1016319  ( metal4 )
Bounds : ( 209.415, 59.640 ) ( 209.555, 59.780 )


SHORT: ( Metal Short ) Regular Wire of Net u_ctrl/FE_OFN10831_FE_DBTN44_cla_sum_a_18 & Regular Wire of Net u_ctrl/CTS_1216  ( metal2 )
Bounds : ( 211.150, 57.400 ) ( 211.220, 57.540 )


SHORT: ( Metal Short ) Regular Wire of Net u_ctrl/FE_OFN1716_FE_DBTN2_n_1204128 & Regular Wire of Net u_ctrl/psum_mem[469][18]  ( metal2 )
Bounds : ( 211.340, 60.060 ) ( 211.410, 60.200 )


SHORT: ( Metal Short ) Regular Wire of Net u_ctrl/n_1114781 & Regular Wire of Net u_ctrl/FE_OFN1716_FE_DBTN2_n_1204128  ( metal2 )
Bounds : ( 212.670, 57.995 ) ( 212.740, 58.065 )


SHORT: ( Metal Short ) Regular Wire of Net u_ctrl/n_1019333 & Regular Wire of Net u_ctrl/FE_OFN1716_FE_DBTN2_n_1204128  ( metal2 )
Bounds : ( 212.860, 57.995 ) ( 212.930, 58.065 )


SHORT: ( Metal Short ) Regular Wire of Net u_ctrl/FE_OFN2723_n_1109978 & Regular Wire of Net u_ctrl/FE_OFN9651_n_1034075  ( metal2 )
Bounds : ( 205.450, 56.140 ) ( 205.520, 56.280 )


SHORT: ( Metal Short ) Regular Wire of Net u_ctrl/FE_OFN4536_n_1078730 & Regular Wire of Net u_ctrl/FE_OFN1734_n_979690  ( metal2 )
Bounds : ( 205.260, 57.015 ) ( 205.330, 57.085 )


SHORT: ( Metal Short ) Regular Wire of Net u_ctrl/FE_OFN10786_cla_sum_a_18 & Regular Wire of Net u_ctrl/FE_OFN4572_n_1084203  ( metal2 )
Bounds : ( 205.640, 56.455 ) ( 205.710, 56.525 )


CUTSPACING: ( Same Layer Cut Spacing ) Regular Wire of Net u_ctrl/FE_DBTN17_n_1020499 & Regular Wire of Net u_ctrl/FE_OFN2251_n_1145666  ( metal5 )
Bounds : ( 221.315, 55.300 ) ( 221.455, 55.440 )


SHORT: ( Metal Short ) Regular Wire of Net u_ctrl/FE_OFN7912_n_993839 & Regular Wire of Net u_ctrl/CTS_1216  ( metal2 )
Bounds : ( 220.460, 53.340 ) ( 220.530, 53.480 )


SHORT: ( Metal Short ) Regular Wire of Net u_ctrl/psum_mem[466][18] & Regular Wire of Net u_ctrl/FE_OFN7912_n_993839  ( metal2 )
Bounds : ( 220.840, 54.215 ) ( 220.910, 54.285 )


SHORT: ( Metal Short ) Regular Wire of Net u_ctrl/n_1231017 & Regular Wire of Net u_ctrl/FE_OFN2723_n_1109978  ( metal2 )
Bounds : ( 222.740, 53.795 ) ( 222.810, 53.865 )


SHORT: ( Metal Short ) Regular Wire of Net u_ctrl/FE_OFN5421_n_1033771 & Regular Wire of Net u_ctrl/FE_OFN10537_n_1033770  ( metal2 )
Bounds : ( 224.450, 53.375 ) ( 224.520, 53.445 )


SHORT: ( Metal Short ) Regular Wire of Net u_ctrl/FE_OFN5421_n_1033771 & Regular Wire of Net u_ctrl/FE_OFN3492_n_1045667  ( metal2 )
Bounds : ( 224.640, 53.340 ) ( 224.710, 53.480 )


SHORT: ( Metal Short ) Regular Wire of Net u_ctrl/FE_OFN10176_cla_sum_b_26 & Regular Wire of Net u_ctrl/n_1249076  ( metal2 )
Bounds : ( 224.830, 53.340 ) ( 224.900, 53.480 )


SHORT: ( Metal Short ) Regular Wire of Net u_ctrl/n_995070 & Regular Wire of Net u_ctrl/FE_OFN10438_n_1033767  ( metal2 )
Bounds : ( 225.020, 53.340 ) ( 225.090, 53.480 )


SHORT: ( Metal Short ) Regular Wire of Net u_ctrl/psum_mem[511][18] & Regular Wire of Net u_ctrl/FE_OFN10438_n_1033767  ( metal2 )
Bounds : ( 225.210, 53.375 ) ( 225.280, 53.445 )


SHORT: ( Metal Short ) Regular Wire of Net u_ctrl/n_995070 & Regular Wire of Net u_ctrl/psum_mem[511][18]  ( metal2 )
Bounds : ( 225.210, 53.655 ) ( 225.280, 53.725 )


CUTSPACING: ( Same Layer Cut Spacing ) Regular Wire of Net u_ctrl/n_1112544 & Regular Wire of Net u_ctrl/FE_OFN4102_n_984008  ( metal9 )
Bounds : ( 224.905, 51.910 ) ( 225.705, 52.710 )


CUTSPACING: ( Same Layer Cut Spacing ) Regular Wire of Net u_ctrl/n_995074 & Regular Wire of Net u_ctrl/FE_OFN2251_n_1145666  ( metal5 )
Bounds : ( 225.375, 52.640 ) ( 225.515, 52.780 )


CUTSPACING: ( Same Layer Cut Spacing ) Regular Wire of Net u_ctrl/FE_OFN2251_n_1145666 & Regular Wire of Net u_ctrl/FE_OFN4630_n_1110061  ( metal5 )
Bounds : ( 225.235, 52.780 ) ( 225.375, 52.920 )


SHORT: ( Metal Short ) Regular Wire of Net u_ctrl/n_1232566 & Regular Wire of Net u_ctrl/FE_OFN10973_FE_DBTN1_n_1208503  ( metal2 )
Bounds : ( 220.995, 50.995 ) ( 221.135, 51.065 )


SHORT: ( Metal Short ) Regular Wire of Net u_ctrl/FE_OFN6501_n_1045003 & Regular Wire of Net u_ctrl/FE_OFN10973_FE_DBTN1_n_1208503  ( metal2 )
Bounds : ( 220.840, 50.995 ) ( 220.910, 51.065 )


CUTSPACING: ( Same Layer Cut Spacing ) Regular Wire of Net u_ctrl/FE_OFN8027_n_1045008 & Regular Wire of Net u_ctrl/FE_OFN9316_n_1034089  ( metal4 )
Bounds : ( 222.575, 52.640 ) ( 222.715, 52.780 )


CUTSPACING: ( Same Layer Cut Spacing ) Regular Wire of Net u_ctrl/n_995066 & Regular Wire of Net u_ctrl/n_1232570  ( metal4 )
Bounds : ( 222.575, 50.400 ) ( 222.715, 50.540 )


SHORT: ( Metal Short ) Regular Wire of Net u_ctrl/FE_OFN1352_n_1204141 & Regular Wire of Net u_ctrl/n_1019333  ( metal2 )
Bounds : ( 215.330, 54.635 ) ( 215.400, 54.705 )


SHORT: ( Metal Short ) Regular Wire of Net u_ctrl/CTS_1216 & Regular Wire of Net u_ctrl/FE_OFN5304_n_1016322  ( metal2 )
Bounds : ( 216.280, 55.720 ) ( 216.350, 55.860 )


SHORT: ( Metal Short ) Regular Wire of Net u_ctrl/n_995066 & Regular Wire of Net u_ctrl/psum_mem[509][26]  ( metal2 )
Bounds : ( 220.840, 48.195 ) ( 220.910, 48.265 )


SHORT: ( Metal Short ) Regular Wire of Net u_ctrl/n_1205453 & Regular Wire of Net u_ctrl/FE_OFN6409_n_1033970  ( metal2 )
Bounds : ( 222.550, 44.695 ) ( 222.620, 44.765 )


SHORT: ( Metal Short ) Regular Wire of Net u_ctrl/n_1232563 & Regular Wire of Net u_ctrl/psum_mem[506][26]  ( metal2 )
Bounds : ( 225.020, 46.200 ) ( 225.090, 46.340 )


CUTSPACING: ( Same Layer Cut Spacing ) Regular Wire of Net u_ctrl/FE_OFN5452_n_1044144 & Regular Wire of Net u_ctrl/n_1045190  ( metal5 )
Bounds : ( 215.155, 47.460 ) ( 215.295, 47.600 )


SHORT: ( Metal Short ) Regular Wire of Net u_ctrl/FE_OFN7970_n_1019331 & Regular Wire of Net u_ctrl/FE_OFN7213_n_985780  ( metal2 )
Bounds : ( 216.470, 49.035 ) ( 216.540, 49.105 )


SHORT: ( Metal Short ) Regular Wire of Net u_ctrl/psum_mem[471][28] & Regular Wire of Net u_ctrl/FE_OFN5418_n_1033745  ( metal2 )
Bounds : ( 217.990, 45.080 ) ( 218.060, 45.220 )


CUTSPACING: ( Same Layer Cut Spacing ) Regular Wire of Net u_ctrl/FE_OFN5304_n_1016322 & Regular Wire of Net u_ctrl/FE_OFN4180_n_995128  ( metal4 )
Bounds : ( 212.495, 54.600 ) ( 212.635, 54.740 )


SHORT: ( Metal Short ) Regular Wire of Net u_ctrl/n_985873 & Regular Wire of Net u_ctrl/FE_OFN5304_n_1016322  ( metal2 )
Bounds : ( 209.820, 54.600 ) ( 209.890, 54.740 )


SHORT: ( Metal Short ) Regular Wire of Net u_ctrl/n_1251565 & Regular Wire of Net u_ctrl/psum_mem[467][26]  ( metal2 )
Bounds : ( 210.770, 53.795 ) ( 210.840, 53.865 )


SHORT: ( Metal Short ) Regular Wire of Net u_ctrl/psum_mem[470][26] & Regular Wire of Net u_ctrl/FE_OFN6085_n_985869  ( metal2 )
Bounds : ( 212.480, 50.995 ) ( 212.550, 51.065 )


SHORT: ( Metal Short ) Regular Wire of Net u_ctrl/CTS_1216 & Regular Wire of Net u_ctrl/psum_mem[470][28]  ( metal2 )
Bounds : ( 212.670, 53.340 ) ( 212.740, 53.480 )


SHORT: ( Metal Short ) Regular Wire of Net u_ctrl/FE_OFN1716_FE_DBTN2_n_1204128 & Regular Wire of Net u_ctrl/CTS_1216  ( metal2 )
Bounds : ( 212.860, 53.340 ) ( 212.930, 53.480 )


SHORT: ( Metal Short ) Regular Wire of Net u_ctrl/FE_OFN9913_n_1019327 & Regular Wire of Net u_ctrl/psum_mem[341][28]  ( metal2 )
Bounds : ( 214.380, 55.755 ) ( 214.450, 55.825 )


CUTSPACING: ( Same Layer Cut Spacing ) Regular Wire of Net u_ctrl/psum_mem[464][26] & Regular Wire of Net u_ctrl/FE_OFN5136_n_994890  ( metal5 )
Bounds : ( 204.095, 53.480 ) ( 204.235, 53.620 )


CUTSPACING: ( Same Layer Cut Spacing ) Regular Wire of Net u_ctrl/FE_OFN10439_n_1034078 & Regular Wire of Net u_ctrl/n_1208612  ( metal5 )
Bounds : ( 206.475, 55.580 ) ( 206.615, 55.720 )


SHORT: ( Metal Short ) Regular Wire of Net u_ctrl/FE_OFN4532_n_1078730 & Regular Wire of Net u_ctrl/FE_OFN7389_n_1033755  ( metal2 )
Bounds : ( 205.260, 46.515 ) ( 205.330, 46.585 )


SHORT: ( Metal Short ) Regular Wire of Net u_ctrl/psum_mem[340][26] & Regular Wire of Net u_ctrl/FE_OFN4572_n_1084203  ( metal2 )
Bounds : ( 207.350, 45.815 ) ( 207.420, 45.885 )


SHORT: ( Metal Short ) Regular Wire of Net u_ctrl/n_1020597 & Regular Wire of Net u_ctrl/FE_DBTN67_cla_sum_b_22  ( metal2 )
Bounds : ( 209.630, 44.940 ) ( 209.700, 45.080 )


CUTSPACING: ( Same Layer Cut Spacing ) Regular Wire of Net u_ctrl/FE_OFN10973_FE_DBTN1_n_1208503 & Regular Wire of Net u_ctrl/FE_OFN4278_n_1017383  ( metal5 )
Bounds : ( 200.035, 65.100 ) ( 200.175, 65.240 )


SHORT: ( Metal Short ) Regular Wire of Net u_ctrl/n_1130803 & Regular Wire of Net u_ctrl/psum_mem[465][26]  ( metal2 )
Bounds : ( 202.030, 62.055 ) ( 202.100, 62.125 )


SHORT: ( Metal Short ) Regular Wire of Net u_ctrl/psum_mem[465][26] & Regular Wire of Net u_ctrl/n_1130803  ( metal2 )
Bounds : ( 202.220, 62.615 ) ( 202.290, 62.685 )


SHORT: ( Metal Short ) Regular Wire of Net u_ctrl/FE_OFN3582_n_1109988 & Regular Wire of Net u_ctrl/FE_OFN5436_n_1034036  ( metal2 )
Bounds : ( 202.600, 63.595 ) ( 202.670, 63.665 )


SHORT: ( Metal Short ) Regular Wire of Net u_ctrl/FE_OFN3582_n_1109988 & Regular Wire of Net u_ctrl/FE_OFN9850_cla_sum_b_18  ( metal2 )
Bounds : ( 202.790, 63.595 ) ( 202.860, 63.665 )


SHORT: ( Metal Short ) Regular Wire of Net u_ctrl/FE_OFN3582_n_1109988 & Regular Wire of Net u_ctrl/n_1034035  ( metal2 )
Bounds : ( 202.980, 63.595 ) ( 203.050, 63.665 )


SHORT: ( Metal Short ) Regular Wire of Net u_ctrl/FE_OFN4536_n_1078730 & Regular Wire of Net u_ctrl/n_1115294  ( metal2 )
Bounds : ( 195.950, 64.575 ) ( 196.020, 64.645 )


SHORT: ( Metal Short ) Regular Wire of Net u_ctrl/psum_mem[465][26] & Regular Wire of Net u_ctrl/psum_mem[507][18]  ( metal2 )
Bounds : ( 202.410, 57.155 ) ( 202.480, 57.225 )


SHORT: ( Metal Short ) Regular Wire of Net u_ctrl/n_1016324 & Regular Wire of Net u_ctrl/psum_mem[379][18]  ( metal2 )
Bounds : ( 200.700, 56.560 ) ( 200.770, 56.700 )


SHORT: ( Metal Short ) Regular Wire of Net u_ctrl/FE_OFN2729_n_1109981 & Regular Wire of Net u_ctrl/psum_mem[379][18]  ( metal2 )
Bounds : ( 200.510, 56.315 ) ( 200.580, 56.385 )


SHORT: ( Metal Short ) Regular Wire of Net u_ctrl/FE_OFN5136_n_994890 & Regular Wire of Net u_ctrl/FE_OFN7263_n_994894  ( metal2 )
Bounds : ( 199.370, 58.415 ) ( 199.440, 58.485 )


SHORT: ( Metal Short ) Regular Wire of Net u_ctrl/FE_OFN5136_n_994890 & Regular Wire of Net u_ctrl/n_1232277  ( metal2 )
Bounds : ( 197.850, 56.035 ) ( 197.920, 56.105 )


CUTSPACING: ( Same Layer Cut Spacing ) Regular Wire of Net u_ctrl/n_994903 & Regular Wire of Net u_ctrl/n_994902  ( metal4 )
Bounds : ( 200.455, 56.840 ) ( 200.595, 56.980 )


SHORT: ( Metal Short ) Regular Wire of Net u_ctrl/FE_OFN2723_n_1109978 & Regular Wire of Net u_ctrl/FE_OFN1939_n_1109976  ( metal2 )
Bounds : ( 202.600, 59.255 ) ( 202.670, 59.325 )


SHORT: ( Metal Short ) Regular Wire of Net u_ctrl/n_1033896 & Regular Wire of Net u_ctrl/FE_OFN4161_n_994900  ( metal2 )
Bounds : ( 195.950, 57.015 ) ( 196.020, 57.085 )


SHORT: ( Metal Short ) Regular Wire of Net u_ctrl/psum_mem[496][29] & Regular Wire of Net u_ctrl/n_1202363  ( metal2 )
Bounds : ( 180.940, 65.415 ) ( 181.010, 65.485 )


SHORT: ( Metal Short ) Regular Wire of Net u_ctrl/FE_OFN10831_FE_DBTN44_cla_sum_a_18 & Regular Wire of Net u_ctrl/n_1016413  ( metal2 )
Bounds : ( 184.550, 64.015 ) ( 184.620, 64.085 )


SHORT: ( Metal Short ) Regular Wire of Net u_ctrl/FE_OFN10831_FE_DBTN44_cla_sum_a_18 & Regular Wire of Net u_ctrl/n_1230001  ( metal2 )
Bounds : ( 184.740, 64.015 ) ( 184.810, 64.085 )


SHORT: ( Metal Short ) Regular Wire of Net u_ctrl/n_1115439 & Regular Wire of Net u_ctrl/n_983299  ( metal2 )
Bounds : ( 187.210, 64.995 ) ( 187.280, 65.065 )


SHORT: ( Metal Short ) Regular Wire of Net u_ctrl/FE_OFN5129_n_994845 & Regular Wire of Net u_ctrl/n_1157929  ( metal2 )
Bounds : ( 190.060, 64.540 ) ( 190.130, 64.680 )


SHORT: ( Metal Short ) Regular Wire of Net u_ctrl/CTS_1380 & Regular Wire of Net u_ctrl/n_983210  ( metal2 )
Bounds : ( 184.930, 57.435 ) ( 185.000, 57.505 )


SHORT: ( Metal Short ) Regular Wire of Net u_ctrl/FE_OFN7861_n_983295 & Regular Wire of Net u_ctrl/psum_mem[341][29]  ( metal2 )
Bounds : ( 185.690, 60.235 ) ( 185.760, 60.305 )


SHORT: ( Metal Short ) Regular Wire of Net u_ctrl/FE_OFN6264_n_1016409 & Regular Wire of Net u_ctrl/FE_OFN6409_n_1033970  ( metal2 )
Bounds : ( 185.880, 59.815 ) ( 185.950, 59.885 )


CUTSPACING: ( Same Layer Cut Spacing ) Regular Wire of Net u_ctrl/n_1229807 & Regular Wire of Net u_ctrl/n_1033851  ( metal9 )
Bounds : ( 191.305, 59.910 ) ( 192.105, 60.710 )


SHORT: ( Metal Short ) Regular Wire of Net u_ctrl/FE_OFN3537_n_1079490 & Regular Wire of Net u_ctrl/n_1208760  ( metal2 )
Bounds : ( 202.410, 50.540 ) ( 202.480, 50.680 )


SHORT: ( Metal Short ) Regular Wire of Net u_ctrl/FE_OFN2729_n_1109981 & Regular Wire of Net u_ctrl/psum_mem[380][26]  ( metal2 )
Bounds : ( 200.510, 54.215 ) ( 200.580, 54.285 )


CUTSPACING: ( Same Layer Cut Spacing ) Regular Wire of Net u_ctrl/FE_OFN5577_n_1045625 & Regular Wire of Net u_ctrl/FE_OFN9651_n_1034075  ( metal5 )
Bounds : ( 199.475, 55.580 ) ( 199.615, 55.720 )


CUTSPACING: ( Same Layer Cut Spacing ) Regular Wire of Net u_ctrl/FE_OFN7264_n_994895 & Regular Wire of Net u_ctrl/n_1209485  ( metal5 )
Bounds : ( 198.075, 51.380 ) ( 198.215, 51.520 )


CUTSPACING: ( Same Layer Cut Spacing ) Regular Wire of Net u_ctrl/FE_OFN5447_n_1044085 & Regular Wire of Net u_ctrl/FE_OFN1403_n_1202455  ( metal5 )
Bounds : ( 195.275, 45.500 ) ( 195.415, 45.640 )


SHORT: ( Metal Short ) Regular Wire of Net u_ctrl/FE_OFN10625_n_1033889 & Regular Wire of Net u_ctrl/n_1209525  ( metal2 )
Bounds : ( 195.950, 47.495 ) ( 196.020, 47.565 )


CUTSPACING: ( Same Layer Cut Spacing ) Regular Wire of Net u_ctrl/n_1251998 & Regular Wire of Net u_ctrl/FE_OFN3250_n_994852  ( metal5 )
Bounds : ( 190.095, 52.080 ) ( 190.235, 52.220 )


SHORT: ( Metal Short ) Regular Wire of Net u_ctrl/psum_mem[341][14] & Regular Wire of Net u_ctrl/FE_OFN4384_n_1044150  ( metal2 )
Bounds : ( 185.690, 54.495 ) ( 185.760, 54.565 )


SHORT: ( Metal Short ) Regular Wire of Net u_ctrl/FE_OFN4156_n_994846 & Regular Wire of Net u_ctrl/n_1208593  ( metal2 )
Bounds : ( 189.490, 53.480 ) ( 189.560, 53.620 )


SHORT: ( Metal Short ) Regular Wire of Net u_ctrl/FE_OFN6264_n_1016409 & Regular Wire of Net u_ctrl/FE_OFN4156_n_994846  ( metal2 )
Bounds : ( 189.490, 53.795 ) ( 189.560, 53.865 )


SHORT: ( Metal Short ) Regular Wire of Net u_ctrl/FE_OFN5304_n_1016322 & Regular Wire of Net u_ctrl/FE_OFN6061_n_983204  ( metal2 )
Bounds : ( 190.820, 54.215 ) ( 190.890, 54.285 )


SHORT: ( Metal Short ) Regular Wire of Net u_ctrl/psum_mem[343][26] & Regular Wire of Net u_ctrl/n_1209507  ( metal2 )
Bounds : ( 187.970, 46.795 ) ( 188.040, 47.285 )


SHORT: ( Metal Short ) Regular Wire of Net u_ctrl/CTS_1380 & Regular Wire of Net u_ctrl/n_1033896  ( metal2 )
Bounds : ( 187.400, 45.815 ) ( 187.470, 45.885 )


CUTSPACING: ( Same Layer Cut Spacing ) Regular Wire of Net u_ctrl/FE_OFN3542_n_1092008 & Regular Wire of Net u_ctrl/FE_OFN4289_n_1020319  ( metal5 )
Bounds : ( 186.455, 46.760 ) ( 186.595, 46.900 )


SHORT: ( Metal Short ) Regular Wire of Net u_ctrl/psum_mem[339][22] & Regular Wire of Net u_ctrl/FE_OFN10831_FE_DBTN44_cla_sum_a_18  ( metal2 )
Bounds : ( 182.270, 45.815 ) ( 182.340, 45.885 )


SHORT: ( Metal Short ) Regular Wire of Net u_ctrl/psum_mem[342][22] & Regular Wire of Net u_ctrl/n_1209514  ( metal2 )
Bounds : ( 185.120, 49.000 ) ( 185.190, 49.140 )


SHORT: ( Metal Short ) Regular Wire of Net u_ctrl/FE_OFN7861_n_983295 & Regular Wire of Net u_ctrl/FE_OFN6061_n_983204  ( metal2 )
Bounds : ( 185.880, 45.815 ) ( 185.950, 45.885 )


SHORT: ( Metal Short ) Regular Wire of Net u_ctrl/FE_OFN2454_FE_DBTN57_cla_sum_b_12 & Pin of Cell u_ctrl/g72689  ( metal1 )
Bounds : ( 242.880, 33.495 ) ( 242.950, 33.565 )


CUTSPACING: ( Same Layer Cut Spacing ) Regular Wire of Net u_ctrl/FE_OFN3427_n_1033984 & Regular Wire of Net u_ctrl/psum_mem[510][18]  ( metal4 )
Bounds : ( 225.795, 44.380 ) ( 225.935, 44.520 )


SHORT: ( Metal Short ) Regular Wire of Net u_ctrl/FE_OFN6399_n_1033719 & Regular Wire of Net u_ctrl/FE_OFN3426_n_1033978  ( metal2 )
Bounds : ( 227.490, 43.435 ) ( 227.560, 43.505 )


SHORT: ( Metal Short ) Regular Wire of Net u_ctrl/n_1208765 & Regular Wire of Net u_ctrl/n_1033726  ( metal2 )
Bounds : ( 228.630, 40.915 ) ( 228.700, 40.985 )


SHORT: ( Metal Short ) Regular Wire of Net u_ctrl/FE_OFN10404_n_979678 & Regular Wire of Net u_ctrl/n_1033726  ( metal2 )
Bounds : ( 229.200, 41.195 ) ( 229.270, 41.265 )


SHORT: ( Metal Short ) Regular Wire of Net u_ctrl/n_1033726 & Regular Wire of Net u_ctrl/FE_OFN3419_n_1033724  ( metal2 )
Bounds : ( 229.960, 44.415 ) ( 230.030, 44.485 )


SHORT: ( Metal Short ) Regular Wire of Net u_ctrl/n_985692 & Regular Wire of Net u_ctrl/psum_mem[468][29]  ( metal2 )
Bounds : ( 227.300, 36.995 ) ( 227.370, 37.065 )


SHORT: ( Metal Short ) Regular Wire of Net u_ctrl/psum_mem[505][1] & Regular Wire of Net u_ctrl/n_1202958  ( metal2 )
Bounds : ( 225.780, 28.735 ) ( 225.850, 28.805 )


SHORT: ( Metal Short ) Regular Wire of Net u_ctrl/FE_OFN5309_n_1017467 & Regular Wire of Net u_ctrl/psum_mem[342][5]  ( metal2 )
Bounds : ( 227.680, 32.200 ) ( 227.750, 32.340 )


SHORT: ( Metal Short ) Regular Wire of Net u_ctrl/n_1202950 & Regular Wire of Net u_ctrl/FE_OFN997_n_979694  ( metal2 )
Bounds : ( 229.770, 31.255 ) ( 229.840, 31.325 )


SHORT: ( Metal Short ) Regular Wire of Net u_ctrl/psum_mem[470][29] & Regular Wire of Net u_ctrl/CTS_1217  ( metal2 )
Bounds : ( 230.685, 31.395 ) ( 230.825, 31.465 )


SHORT: ( Metal Short ) Regular Wire of Net u_ctrl/n_1033907 & Regular Wire of Net u_ctrl/n_1168504  ( metal2 )
Bounds : ( 228.630, 22.295 ) ( 228.700, 22.365 )


CUTSPACING: ( Same Layer Cut Spacing ) Regular Wire of Net u_ctrl/FE_OFN10255_n_1107621 & Regular Wire of Net u_ctrl/FE_OFN3439_n_1044142  ( metal4 )
Bounds : ( 227.615, 22.120 ) ( 227.755, 22.260 )


SHORT: ( Metal Short ) Regular Wire of Net u_ctrl/psum_mem[382][5] & Regular Wire of Net u_ctrl/FE_OFN6409_n_1033970  ( metal2 )
Bounds : ( 229.200, 24.815 ) ( 229.270, 24.885 )


SHORT: ( Metal Short ) Regular Wire of Net u_ctrl/psum_mem[343][5] & Regular Wire of Net u_ctrl/psum_mem[337][5]  ( metal2 )
Bounds : ( 229.960, 22.995 ) ( 230.030, 23.065 )


CUTSPACING: ( Same Layer Cut Spacing ) Regular Wire of Net u_ctrl/FE_OFN3379_n_1020596 & Regular Wire of Net u_ctrl/FE_OFN6552_n_1045867  ( metal5 )
Bounds : ( 238.115, 21.140 ) ( 238.255, 21.280 )


SHORT: ( Metal Short ) Regular Wire of Net u_ctrl/FE_OFN1679_FE_DBTN50_cla_sum_b_5 & Pin of Cell u_ctrl/g68727  ( metal1 )
Bounds : ( 240.030, 11.095 ) ( 240.100, 11.165 )


CUTSPACING: ( Same Layer Cut Spacing ) Regular Wire of Net u_ctrl/FE_OFN1130_n_1090410 & Regular Wire of Net u_ctrl/FE_OFN3417_n_1033675  ( metal4 )
Bounds : ( 232.655, 21.000 ) ( 232.795, 21.140 )


SHORT: ( Metal Short ) Regular Wire of Net u_ctrl/psum_mem[469][5] & Regular Wire of Net u_ctrl/n_1045190  ( metal2 )
Bounds : ( 232.240, 20.440 ) ( 232.310, 20.685 )


SHORT: ( Metal Short ) Regular Wire of Net u_ctrl/FE_OFN6427_n_1044066 & Regular Wire of Net u_ctrl/n_1145665  ( metal2 )
Bounds : ( 229.580, 20.615 ) ( 229.650, 20.685 )


SHORT: ( Metal Short ) Regular Wire of Net u_ctrl/n_1145680 & Regular Wire of Net u_ctrl/n_1168501  ( metal2 )
Bounds : ( 228.820, 20.615 ) ( 228.890, 20.685 )


SHORT: ( Metal Short ) Regular Wire of Net u_ctrl/n_1145758 & Regular Wire of Net u_ctrl/n_1145750  ( metal2 )
Bounds : ( 230.150, 19.460 ) ( 230.220, 19.600 )


SHORT: ( Metal Short ) Regular Wire of Net u_ctrl/FE_OFN4599_n_1084920 & Regular Wire of Net u_ctrl/psum_mem[339][5]  ( metal2 )
Bounds : ( 230.340, 20.195 ) ( 230.410, 20.265 )


SHORT: ( Metal Short ) Regular Wire of Net u_ctrl/psum_mem[339][5] & Regular Wire of Net u_ctrl/n_1145811  ( metal2 )
Bounds : ( 230.530, 20.195 ) ( 230.600, 20.265 )


SHORT: ( Metal Short ) Regular Wire of Net u_ctrl/psum_mem[339][5] & Regular Wire of Net u_ctrl/n_1145806  ( metal2 )
Bounds : ( 230.910, 20.195 ) ( 230.980, 20.265 )


CUTSPACING: ( Same Layer Cut Spacing ) Regular Wire of Net u_ctrl/FE_OFN1210_n_1145327 & Regular Wire of Net u_ctrl/FE_OFN5452_n_1044144  ( metal4 )
Bounds : ( 227.615, 19.600 ) ( 227.755, 19.740 )


SHORT: ( Metal Short ) Regular Wire of Net u_ctrl/FE_OFN2721_n_1109978 & Regular Wire of Net u_ctrl/n_1145751  ( metal2 )
Bounds : ( 225.780, 20.335 ) ( 225.850, 20.405 )


SHORT: ( Metal Short ) Regular Wire of Net u_ctrl/FE_OFN6398_n_1033709 & Regular Wire of Net u_ctrl/psum_mem[505][5]  ( metal2 )
Bounds : ( 225.970, 19.355 ) ( 226.040, 19.425 )


SHORT: ( Metal Short ) Regular Wire of Net u_ctrl/FE_OFN1211_n_1145327 & Regular Wire of Net u_ctrl/n_1145790  ( metal2 )
Bounds : ( 227.300, 20.055 ) ( 227.370, 20.125 )


SHORT: ( Metal Short ) Regular Wire of Net u_ctrl/FE_OFN6329_n_1020769 & Regular Wire of Net u_ctrl/n_1145792  ( metal2 )
Bounds : ( 225.780, 17.675 ) ( 225.850, 17.745 )


SHORT: ( Metal Short ) Regular Wire of Net u_ctrl/psum_mem[505][5] & Regular Wire of Net u_ctrl/FE_OFN6329_n_1020769  ( metal2 )
Bounds : ( 225.780, 18.655 ) ( 225.850, 18.725 )


SHORT: ( Metal Short ) Regular Wire of Net u_ctrl/FE_OFN10370_FE_DBTN23_n_1107621 & Regular Wire of Net u_ctrl/FE_OFN6329_n_1020769  ( metal2 )
Bounds : ( 225.970, 18.235 ) ( 226.040, 18.305 )


SHORT: ( Metal Short ) Regular Wire of Net u_ctrl/FE_OFN10747_n_1033713 & Regular Wire of Net u_ctrl/n_1145680  ( metal2 )
Bounds : ( 227.490, 18.480 ) ( 227.560, 18.620 )


SHORT: ( Metal Short ) Regular Wire of Net u_ctrl/psum_mem[338][5] & Regular Wire of Net u_ctrl/FE_OFN4376_n_1044076  ( metal2 )
Bounds : ( 227.870, 18.200 ) ( 227.940, 18.340 )


SHORT: ( Metal Short ) Regular Wire of Net u_ctrl/n_1145804 & Regular Wire of Net u_ctrl/n_1145811  ( metal2 )
Bounds : ( 229.200, 17.395 ) ( 229.270, 17.465 )


SHORT: ( Metal Short ) Regular Wire of Net u_ctrl/psum_mem[376][5] & Regular Wire of Net u_ctrl/psum_mem[466][5]  ( metal2 )
Bounds : ( 230.150, 17.395 ) ( 230.220, 17.465 )


SHORT: ( Metal Short ) Regular Wire of Net u_ctrl/psum_mem[466][5] & Regular Wire of Net u_ctrl/FE_OFN3537_n_1079490  ( metal2 )
Bounds : ( 230.340, 17.395 ) ( 230.410, 17.465 )


SHORT: ( Metal Short ) Regular Wire of Net u_ctrl/psum_mem[379][5] & Regular Wire of Net u_ctrl/FE_OFN1933_n_1109976  ( metal2 )
Bounds : ( 229.010, 15.715 ) ( 229.080, 15.785 )


SHORT: ( Metal Short ) Regular Wire of Net u_ctrl/CTS_1211 & Regular Wire of Net u_ctrl/FE_OFN18_n_1145461  ( metal2 )
Bounds : ( 229.545, 10.955 ) ( 229.685, 11.025 )


SHORT: ( Metal Short ) Regular Wire of Net u_ctrl/n_1145747 & Regular Wire of Net u_ctrl/CTS_1211  ( metal2 )
Bounds : ( 229.580, 9.800 ) ( 229.650, 9.940 )


CUTSPACING: ( Same Layer Cut Spacing ) Regular Wire of Net u_ctrl/FE_OFN1933_n_1109976 & Regular Wire of Net u_ctrl/FE_OFN5617_n_1145626  ( metal5 )
Bounds : ( 240.915, 21.980 ) ( 241.055, 22.120 )


SHORT: ( Metal Short ) Regular Wire of Net u_ctrl/n_1168508 & Regular Wire of Net u_ctrl/n_1168504  ( metal2 )
Bounds : ( 227.870, 22.015 ) ( 227.940, 22.085 )


SHORT: ( Metal Short ) Regular Wire of Net u_ctrl/n_1205449 & Regular Wire of Net u_ctrl/FE_OFN3426_n_1033978  ( metal2 )
Bounds : ( 224.985, 43.015 ) ( 225.125, 43.085 )


SHORT: ( Metal Short ) Regular Wire of Net u_ctrl/FE_OFN3426_n_1033978 & Regular Wire of Net u_ctrl/FE_OFN7393_n_1033979  ( metal2 )
Bounds : ( 225.210, 43.015 ) ( 225.280, 43.085 )


SHORT: ( Metal Short ) Regular Wire of Net u_ctrl/psum_mem[510][18] & Regular Wire of Net u_ctrl/FE_OFN3426_n_1033978  ( metal2 )
Bounds : ( 225.590, 43.015 ) ( 225.660, 43.085 )


CUTSPACING: ( Same Layer Cut Spacing ) Regular Wire of Net u_ctrl/FE_OFN1373_n_1092172 & Regular Wire of Net u_ctrl/FE_OFN9315_n_1033974  ( metal5 )
Bounds : ( 215.015, 42.840 ) ( 215.155, 42.980 )


CUTSPACING: ( Same Layer Cut Spacing ) Regular Wire of Net u_ctrl/FE_OFN10882_n_1208503 & Regular Wire of Net u_ctrl/FE_OFN1373_n_1092172  ( metal5 )
Bounds : ( 215.015, 43.400 ) ( 215.155, 43.540 )


CUTSPACING: ( Same Layer Cut Spacing ) Regular Wire of Net u_ctrl/FE_OFN1373_n_1092172 & Regular Wire of Net u_ctrl/FE_OFN3542_n_1092008  ( metal5 )
Bounds : ( 215.155, 43.540 ) ( 215.295, 43.680 )


SHORT: ( Metal Short ) Regular Wire of Net u_ctrl/FE_OFN9037_n_1034086 & Regular Wire of Net u_ctrl/FE_OFN5418_n_1033745  ( metal2 )
Bounds : ( 217.230, 42.595 ) ( 217.300, 42.665 )


SHORT: ( Metal Short ) Regular Wire of Net u_ctrl/FE_OFN9035_n_1033746 & Regular Wire of Net u_ctrl/FE_OFN5418_n_1033745  ( metal2 )
Bounds : ( 219.700, 41.615 ) ( 219.770, 41.685 )


SHORT: ( Metal Short ) Regular Wire of Net u_ctrl/n_995073 & Regular Wire of Net u_ctrl/n_1033969  ( metal2 )
Bounds : ( 224.260, 36.855 ) ( 224.330, 36.925 )


SHORT: ( Metal Short ) Regular Wire of Net u_ctrl/FE_OFN1145_n_1092182 & Regular Wire of Net u_ctrl/psum_mem[505][1]  ( metal2 )
Bounds : ( 224.830, 36.435 ) ( 224.900, 36.505 )


SHORT: ( Metal Short ) Regular Wire of Net u_ctrl/FE_OFN10438_n_1033767 & Regular Wire of Net u_ctrl/n_1110064  ( metal2 )
Bounds : ( 222.740, 33.775 ) ( 222.810, 33.845 )


SHORT: ( Metal Short ) Regular Wire of Net u_ctrl/CTS_1217 & Regular Wire of Net u_ctrl/FE_OFN10438_n_1033767  ( metal2 )
Bounds : ( 222.325, 34.615 ) ( 222.465, 34.685 )


SHORT: ( Metal Short ) Regular Wire of Net u_ctrl/CTS_1217 & Regular Wire of Net u_ctrl/n_1110064  ( metal2 )
Bounds : ( 222.325, 33.775 ) ( 222.465, 33.845 )


SHORT: ( Metal Short ) Regular Wire of Net u_ctrl/psum_mem[504][22] & Regular Wire of Net u_ctrl/FE_OFN8026_n_1045006  ( metal2 )
Bounds : ( 221.030, 35.315 ) ( 221.100, 35.385 )


CUTSPACING: ( Same Layer Cut Spacing ) Regular Wire of Net u_ctrl/FE_OFN10537_n_1033770 & Regular Wire of Net u_ctrl/FE_OFN11090_n_1216771  ( metal4 )
Bounds : ( 222.575, 35.840 ) ( 222.715, 35.980 )


SHORT: ( Metal Short ) Regular Wire of Net u_ctrl/FE_OFN11090_n_1216771 & Regular Wire of Net u_ctrl/CTS_1217  ( metal2 )
Bounds : ( 222.895, 35.595 ) ( 223.035, 35.665 )


CUTSPACING: ( Same Layer Cut Spacing ) Regular Wire of Net u_ctrl/FE_OFN9035_n_1033746 & Regular Wire of Net u_ctrl/FE_OFN8027_n_1045008  ( metal5 )
Bounds : ( 219.635, 34.580 ) ( 219.775, 34.720 )


SHORT: ( Metal Short ) Regular Wire of Net u_ctrl/FE_OFN6329_n_1020769 & Regular Wire of Net u_ctrl/psum_mem[380][5]  ( metal2 )
Bounds : ( 218.560, 33.355 ) ( 218.630, 33.425 )


SHORT: ( Metal Short ) Regular Wire of Net u_ctrl/FE_OFN5538_n_1045001 & Regular Wire of Net u_ctrl/n_1174632  ( metal2 )
Bounds : ( 219.510, 36.435 ) ( 219.580, 36.505 )


SHORT: ( Metal Short ) Regular Wire of Net u_ctrl/n_1174632 & Regular Wire of Net u_ctrl/psum_mem[510][22]  ( metal2 )
Bounds : ( 219.700, 36.295 ) ( 219.770, 36.365 )


SHORT: ( Metal Short ) Regular Wire of Net u_ctrl/FE_OFN1939_n_1109976 & Regular Wire of Net u_ctrl/n_1110066  ( metal2 )
Bounds : ( 209.250, 39.795 ) ( 209.320, 39.865 )


SHORT: ( Metal Short ) Regular Wire of Net u_ctrl/psum_mem[467][21] & Regular Wire of Net u_ctrl/FE_OFN1939_n_1109976  ( metal2 )
Bounds : ( 209.250, 41.195 ) ( 209.320, 41.265 )


SHORT: ( Metal Short ) Regular Wire of Net u_ctrl/FE_OFN11090_n_1216771 & Regular Wire of Net u_ctrl/FE_OFN1939_n_1109976  ( metal2 )
Bounds : ( 209.440, 38.955 ) ( 209.510, 39.025 )


SHORT: ( Metal Short ) Regular Wire of Net u_ctrl/FE_DBTN67_cla_sum_b_22 & Regular Wire of Net u_ctrl/n_1173802  ( metal2 )
Bounds : ( 209.630, 43.400 ) ( 209.700, 43.540 )


SHORT: ( Metal Short ) Regular Wire of Net u_ctrl/psum_mem[467][22] & Regular Wire of Net u_ctrl/psum_mem[467][29]  ( metal2 )
Bounds : ( 212.290, 40.495 ) ( 212.360, 40.565 )


CUTSPACING: ( Same Layer Cut Spacing ) Regular Wire of Net u_ctrl/FE_OFN4572_n_1084203 & Regular Wire of Net u_ctrl/n_1017385  ( metal5 )
Bounds : ( 204.515, 42.140 ) ( 204.655, 42.280 )


SHORT: ( Metal Short ) Regular Wire of Net u_ctrl/psum_mem[340][26] & Regular Wire of Net u_ctrl/psum_mem[340][29]  ( metal2 )
Bounds : ( 207.540, 43.400 ) ( 207.610, 43.540 )


SHORT: ( Metal Short ) Regular Wire of Net u_ctrl/n_1174013 & Regular Wire of Net u_ctrl/n_1033762  ( metal2 )
Bounds : ( 203.550, 39.655 ) ( 203.620, 39.725 )


SHORT: ( Metal Short ) Regular Wire of Net u_ctrl/FE_DBTN67_cla_sum_b_22 & Regular Wire of Net u_ctrl/n_1112237  ( metal2 )
Bounds : ( 205.450, 39.095 ) ( 205.520, 39.165 )


CUTSPACING: ( Same Layer Cut Spacing ) Regular Wire of Net u_ctrl/FE_OFN2682_n_1109867 & Regular Wire of Net u_ctrl/FE_OFN2250_n_1202236  ( metal5 )
Bounds : ( 208.715, 42.980 ) ( 208.855, 43.120 )


CUTSPACING: ( Same Layer Cut Spacing ) Regular Wire of Net u_ctrl/FE_OFN4496_n_1045709 & Regular Wire of Net u_ctrl/FE_OFN9285_n_1017379  ( metal4 )
Bounds : ( 209.975, 34.440 ) ( 210.115, 34.580 )


SHORT: ( Metal Short ) Regular Wire of Net u_ctrl/psum_mem[380][21] & Regular Wire of Net u_ctrl/psum_mem[380][1]  ( metal2 )
Bounds : ( 208.870, 33.355 ) ( 208.940, 33.425 )


SHORT: ( Metal Short ) Regular Wire of Net u_ctrl/FE_OFN9285_n_1017379 & Regular Wire of Net u_ctrl/psum_mem[465][22]  ( metal2 )
Bounds : ( 209.440, 34.055 ) ( 209.510, 34.125 )


SHORT: ( Metal Short ) Regular Wire of Net u_ctrl/FE_OFN4179_n_995121 & Regular Wire of Net u_ctrl/n_1045173  ( metal2 )
Bounds : ( 210.770, 34.055 ) ( 210.840, 34.125 )


SHORT: ( Metal Short ) Regular Wire of Net u_ctrl/FE_OFN4180_n_995128 & Regular Wire of Net u_ctrl/FE_OFN4179_n_995121  ( metal2 )
Bounds : ( 210.960, 34.615 ) ( 211.030, 34.685 )


SHORT: ( Metal Short ) Regular Wire of Net u_ctrl/FE_OFN5155_n_995117 & Regular Wire of Net u_ctrl/n_1235851  ( metal2 )
Bounds : ( 212.860, 36.015 ) ( 212.930, 36.085 )


SHORT: ( Metal Short ) Regular Wire of Net u_ctrl/n_1237276 & Regular Wire of Net u_ctrl/n_1112965  ( metal2 )
Bounds : ( 207.350, 34.195 ) ( 207.420, 34.265 )


SHORT: ( Metal Short ) Regular Wire of Net u_ctrl/FE_DBTN67_cla_sum_b_22 & Regular Wire of Net u_ctrl/n_1112238  ( metal2 )
Bounds : ( 206.590, 38.815 ) ( 206.660, 38.885 )


SHORT: ( Metal Short ) Regular Wire of Net u_ctrl/FE_OFN9285_n_1017379 & Regular Wire of Net u_ctrl/FE_OFN1147_n_1092214  ( metal2 )
Bounds : ( 207.730, 35.315 ) ( 207.800, 35.385 )


SHORT: ( Metal Short ) Regular Wire of Net u_ctrl/FE_OFN9285_n_1017379 & Regular Wire of Net u_ctrl/n_1033885  ( metal2 )
Bounds : ( 208.300, 35.455 ) ( 208.370, 35.525 )


SHORT: ( Metal Short ) Regular Wire of Net u_ctrl/CTS_1217 & Regular Wire of Net u_ctrl/FE_OFN3426_n_1033978  ( metal2 )
Bounds : ( 225.400, 30.940 ) ( 225.470, 31.080 )


SHORT: ( Metal Short ) Regular Wire of Net u_ctrl/FE_OFN3426_n_1033978 & Regular Wire of Net u_ctrl/FE_OFN11090_n_1216771  ( metal2 )
Bounds : ( 225.210, 31.955 ) ( 225.280, 32.025 )


SHORT: ( Metal Short ) Regular Wire of Net u_ctrl/FE_DBTN67_cla_sum_b_22 & Regular Wire of Net u_ctrl/FE_OFN1145_n_1092182  ( metal2 )
Bounds : ( 224.450, 32.795 ) ( 224.520, 32.865 )


SHORT: ( Metal Short ) Regular Wire of Net u_ctrl/FE_OFN1145_n_1092182 & Regular Wire of Net u_ctrl/n_1110062  ( metal2 )
Bounds : ( 224.450, 31.955 ) ( 224.520, 32.025 )


SHORT: ( Metal Short ) Regular Wire of Net u_ctrl/n_1033969 & Regular Wire of Net u_ctrl/FE_DBTN67_cla_sum_b_22  ( metal2 )
Bounds : ( 224.260, 32.795 ) ( 224.330, 32.865 )


SHORT: ( Metal Short ) Regular Wire of Net u_ctrl/FE_OFN1147_n_1092214 & Regular Wire of Net u_ctrl/n_1033969  ( metal2 )
Bounds : ( 224.260, 32.480 ) ( 224.330, 32.620 )


SHORT: ( Metal Short ) Regular Wire of Net u_ctrl/n_1033907 & Regular Wire of Net u_ctrl/FE_DBTN67_cla_sum_b_22  ( metal2 )
Bounds : ( 223.310, 31.255 ) ( 223.380, 31.325 )


SHORT: ( Metal Short ) Regular Wire of Net u_ctrl/n_1033969 & Regular Wire of Net u_ctrl/n_1110062  ( metal2 )
Bounds : ( 224.260, 31.955 ) ( 224.330, 32.025 )


SHORT: ( Metal Short ) Regular Wire of Net u_ctrl/n_1237284 & Regular Wire of Net u_ctrl/psum_mem[508][29]  ( metal2 )
Bounds : ( 220.270, 30.835 ) ( 220.340, 30.905 )


SHORT: ( Metal Short ) Regular Wire of Net u_ctrl/psum_mem[508][29] & Regular Wire of Net u_ctrl/CTS_1211  ( metal2 )
Bounds : ( 220.840, 31.955 ) ( 220.910, 32.025 )


SHORT: ( Metal Short ) Regular Wire of Net u_ctrl/n_1033969 & Regular Wire of Net u_ctrl/FE_OFN1145_n_1092182  ( metal2 )
Bounds : ( 224.450, 29.400 ) ( 224.520, 29.785 )


SHORT: ( Metal Short ) Regular Wire of Net u_ctrl/psum_mem[511][29] & Regular Wire of Net u_ctrl/psum_mem[470][21]  ( metal2 )
Bounds : ( 215.710, 28.595 ) ( 215.780, 28.665 )


SHORT: ( Metal Short ) Regular Wire of Net u_ctrl/n_1202971 & Regular Wire of Net u_ctrl/FE_OFN7391_n_1033904  ( metal2 )
Bounds : ( 223.120, 27.055 ) ( 223.190, 27.125 )


SHORT: ( Metal Short ) Regular Wire of Net u_ctrl/FE_OFN1152_n_1092926 & Regular Wire of Net u_ctrl/FE_OFN5417_n_1033733  ( metal2 )
Bounds : ( 223.690, 26.215 ) ( 223.760, 26.285 )


SHORT: ( Metal Short ) Regular Wire of Net u_ctrl/FE_OFN1152_n_1092926 & Regular Wire of Net u_ctrl/n_1202971  ( metal2 )
Bounds : ( 223.690, 27.055 ) ( 223.760, 27.125 )


SHORT: ( Metal Short ) Regular Wire of Net u_ctrl/FE_OFN7391_n_1033904 & Regular Wire of Net u_ctrl/FE_OFN7388_n_1033734  ( metal2 )
Bounds : ( 223.880, 25.340 ) ( 223.950, 25.480 )


SHORT: ( Metal Short ) Regular Wire of Net u_ctrl/FE_OFN10875_n_1202367 & Regular Wire of Net u_ctrl/FE_OFN10758_FE_DBTN27_cla_sum_a_1  ( metal2 )
Bounds : ( 224.830, 25.375 ) ( 224.900, 25.445 )


CUTSPACING: ( Same Layer Cut Spacing ) Regular Wire of Net u_ctrl/FE_OFN3427_n_1033984 & Regular Wire of Net u_ctrl/FE_OFN3426_n_1033978  ( metal5 )
Bounds : ( 220.895, 26.040 ) ( 221.035, 26.180 )


SHORT: ( Metal Short ) Regular Wire of Net u_ctrl/FE_OFN10438_n_1033767 & Regular Wire of Net u_ctrl/FE_OFN8006_n_1033773  ( metal2 )
Bounds : ( 220.460, 25.095 ) ( 220.530, 25.165 )


SHORT: ( Metal Short ) Regular Wire of Net u_ctrl/n_1237251 & Regular Wire of Net u_ctrl/FE_OFN10438_n_1033767  ( metal2 )
Bounds : ( 220.650, 25.655 ) ( 220.720, 25.725 )


SHORT: ( Metal Short ) Regular Wire of Net u_ctrl/n_1033740 & Regular Wire of Net u_ctrl/FE_OFN7393_n_1033979  ( metal2 )
Bounds : ( 224.830, 23.555 ) ( 224.900, 23.625 )


SHORT: ( Metal Short ) Regular Wire of Net u_ctrl/FE_OFN10023_FE_DBTN66_cla_sum_b_21 & Regular Wire of Net u_ctrl/n_1033740  ( metal2 )
Bounds : ( 225.020, 23.555 ) ( 225.090, 23.625 )


SHORT: ( Metal Short ) Regular Wire of Net u_ctrl/n_1108985 & Regular Wire of Net u_ctrl/FE_OFN7391_n_1033904  ( metal2 )
Bounds : ( 224.260, 24.815 ) ( 224.330, 24.885 )


CUTSPACING: ( Same Layer Cut Spacing ) Regular Wire of Net u_ctrl/n_1045177 & Regular Wire of Net u_ctrl/FE_OFN6501_n_1045003  ( metal5 )
Bounds : ( 217.255, 27.440 ) ( 217.395, 27.580 )


CUTSPACING: ( Same Layer Cut Spacing ) Regular Wire of Net u_ctrl/FE_OFN4496_n_1045709 & Regular Wire of Net u_ctrl/n_1045177  ( metal5 )
Bounds : ( 217.115, 27.580 ) ( 217.255, 27.720 )


SHORT: ( Metal Short ) Regular Wire of Net u_ctrl/psum_mem[380][21] & Regular Wire of Net u_ctrl/FE_OFN11119_FE_DBTN12_n_1216771  ( metal2 )
Bounds : ( 209.250, 30.975 ) ( 209.320, 31.045 )


SHORT: ( Metal Short ) Regular Wire of Net u_ctrl/FE_OFN3479_n_1045182 & Regular Wire of Net u_ctrl/n_1045180  ( metal2 )
Bounds : ( 213.430, 29.715 ) ( 213.500, 29.785 )


SHORT: ( Metal Short ) Regular Wire of Net u_ctrl/n_1230123 & Regular Wire of Net u_ctrl/psum_mem[471][21]  ( metal2 )
Bounds : ( 212.290, 29.400 ) ( 212.360, 29.540 )


SHORT: ( Metal Short ) Regular Wire of Net u_ctrl/psum_mem[471][21] & Regular Wire of Net u_ctrl/n_1045180  ( metal2 )
Bounds : ( 212.290, 29.015 ) ( 212.360, 29.085 )


SHORT: ( Metal Short ) Regular Wire of Net u_ctrl/CTS_1384 & Regular Wire of Net u_ctrl/FE_OFN3537_n_1079490  ( metal2 )
Bounds : ( 211.495, 28.175 ) ( 211.635, 28.245 )


SHORT: ( Metal Short ) Regular Wire of Net u_ctrl/psum_mem[464][29] & Regular Wire of Net u_ctrl/n_1045173  ( metal2 )
Bounds : ( 210.200, 27.895 ) ( 210.270, 27.965 )


SHORT: ( Metal Short ) Regular Wire of Net u_ctrl/FE_OFN3582_n_1109988 & Regular Wire of Net u_ctrl/FE_OFN4572_n_1084203  ( metal2 )
Bounds : ( 203.360, 29.575 ) ( 203.430, 29.645 )


SHORT: ( Metal Short ) Regular Wire of Net u_ctrl/n_1202484 & Regular Wire of Net u_ctrl/FE_OFN4572_n_1084203  ( metal2 )
Bounds : ( 204.120, 29.855 ) ( 204.190, 29.925 )


SHORT: ( Metal Short ) Regular Wire of Net u_ctrl/n_1202498 & Regular Wire of Net u_ctrl/FE_OFN4532_n_1078730  ( metal2 )
Bounds : ( 205.830, 30.695 ) ( 205.900, 30.765 )


SHORT: ( Metal Short ) Regular Wire of Net u_ctrl/n_1112966 & Regular Wire of Net u_ctrl/FE_OFN3537_n_1079490  ( metal2 )
Bounds : ( 207.350, 28.595 ) ( 207.420, 28.665 )


SHORT: ( Metal Short ) Regular Wire of Net u_ctrl/n_1237277 & Regular Wire of Net u_ctrl/n_1112966  ( metal2 )
Bounds : ( 207.350, 31.815 ) ( 207.420, 31.885 )


SHORT: ( Metal Short ) Regular Wire of Net u_ctrl/n_1112966 & Regular Wire of Net u_ctrl/FE_OFN3537_n_1079490  ( metal2 )
Bounds : ( 207.540, 31.255 ) ( 207.610, 31.325 )


CUTSPACING: ( Same Layer Cut Spacing ) Regular Wire of Net u_ctrl/FE_OFN8249_n_1112059 & Regular Wire of Net u_ctrl/FE_OFN6921_n_1174066  ( metal4 )
Bounds : ( 212.495, 24.080 ) ( 212.635, 24.220 )


SHORT: ( Metal Short ) Regular Wire of Net u_ctrl/n_1237275 & Regular Wire of Net u_ctrl/FE_OFN6329_n_1020769  ( metal2 )
Bounds : ( 208.870, 23.415 ) ( 208.940, 23.485 )


SHORT: ( Metal Short ) Regular Wire of Net u_ctrl/FE_OFN6329_n_1020769 & Regular Wire of Net u_ctrl/psum_mem[508][21]  ( metal2 )
Bounds : ( 209.060, 23.415 ) ( 209.130, 23.485 )


SHORT: ( Metal Short ) Regular Wire of Net u_ctrl/FE_OFN5303_n_1016319 & Regular Wire of Net u_ctrl/FE_OFN9973_n_1153353  ( metal2 )
Bounds : ( 212.480, 22.155 ) ( 212.550, 22.225 )


SHORT: ( Metal Short ) Regular Wire of Net u_ctrl/psum_mem[510][21] & Regular Wire of Net u_ctrl/FE_OFN5303_n_1016319  ( metal2 )
Bounds : ( 212.670, 22.155 ) ( 212.740, 22.225 )


SHORT: ( Metal Short ) Regular Wire of Net u_ctrl/n_1045177 & Regular Wire of Net u_ctrl/psum_mem[511][21]  ( metal2 )
Bounds : ( 212.670, 24.395 ) ( 212.740, 24.465 )


SHORT: ( Metal Short ) Regular Wire of Net u_ctrl/FE_OFN8249_n_1112059 & Regular Wire of Net u_ctrl/FE_OFN5303_n_1016319  ( metal2 )
Bounds : ( 212.860, 22.155 ) ( 212.930, 22.225 )


SHORT: ( Metal Short ) Regular Wire of Net u_ctrl/n_1174801 & Regular Wire of Net u_ctrl/psum_mem[511][21]  ( metal2 )
Bounds : ( 212.860, 24.395 ) ( 212.930, 24.465 )


SHORT: ( Metal Short ) Regular Wire of Net u_ctrl/FE_OFN1939_n_1109976 & Regular Wire of Net u_ctrl/FE_OFN4599_n_1084920  ( metal2 )
Bounds : ( 203.740, 22.855 ) ( 203.810, 22.925 )


SHORT: ( Metal Short ) Regular Wire of Net u_ctrl/FE_OFN3582_n_1109988 & Regular Wire of Net u_ctrl/psum_mem[378][21]  ( metal2 )
Bounds : ( 205.260, 22.960 ) ( 205.330, 23.100 )


SHORT: ( Metal Short ) Regular Wire of Net u_ctrl/psum_mem[469][21] & Regular Wire of Net u_ctrl/n_1174805  ( metal2 )
Bounds : ( 214.380, 27.615 ) ( 214.450, 27.685 )


SHORT: ( Metal Short ) Regular Wire of Net u_ctrl/n_1235711 & Regular Wire of Net u_ctrl/FE_OFN5446_n_1044073  ( metal2 )
Bounds : ( 198.230, 43.855 ) ( 198.300, 43.925 )


SHORT: ( Metal Short ) Regular Wire of Net u_ctrl/n_1235707 & Regular Wire of Net u_ctrl/psum_mem[383][22]  ( metal2 )
Bounds : ( 198.800, 39.935 ) ( 198.870, 40.005 )


SHORT: ( Metal Short ) Regular Wire of Net u_ctrl/FE_OFN5137_n_994892 & Regular Wire of Net u_ctrl/n_1254965  ( metal2 )
Bounds : ( 199.940, 39.655 ) ( 200.010, 39.725 )


SHORT: ( Metal Short ) Regular Wire of Net u_ctrl/CTS_1380 & Regular Wire of Net u_ctrl/FE_OFN5137_n_994892  ( metal2 )
Bounds : ( 202.030, 43.435 ) ( 202.100, 43.505 )


SHORT: ( Metal Short ) Regular Wire of Net u_ctrl/n_1033762 & Regular Wire of Net u_ctrl/n_1204174  ( metal2 )
Bounds : ( 202.980, 43.715 ) ( 203.050, 43.785 )


CUTSPACING: ( Same Layer Cut Spacing ) Regular Wire of Net u_ctrl/FE_OFN5136_n_994890 & Regular Wire of Net u_ctrl/FE_OFN1403_n_1202455  ( metal5 )
Bounds : ( 193.875, 42.140 ) ( 194.015, 42.280 )


CUTSPACING: ( Same Layer Cut Spacing ) Regular Wire of Net u_ctrl/n_1044076 & Regular Wire of Net u_ctrl/FE_OFN4162_n_994903  ( metal5 )
Bounds : ( 194.855, 41.440 ) ( 194.995, 41.580 )


SHORT: ( Metal Short ) Regular Wire of Net u_ctrl/CTS_1380 & Regular Wire of Net u_ctrl/FE_OFN3251_n_994855  ( metal2 )
Bounds : ( 192.340, 40.635 ) ( 192.410, 40.705 )


SHORT: ( Metal Short ) Regular Wire of Net u_ctrl/psum_mem[382][29] & Regular Wire of Net u_ctrl/psum_mem[338][22]  ( metal2 )
Bounds : ( 194.810, 42.420 ) ( 194.880, 42.560 )


SHORT: ( Metal Short ) Regular Wire of Net u_ctrl/FE_OFN5577_n_1045625 & Regular Wire of Net u_ctrl/FE_OFN4376_n_1044076  ( metal2 )
Bounds : ( 196.520, 42.035 ) ( 196.590, 42.105 )


CUTSPACING: ( Same Layer Cut Spacing ) Regular Wire of Net u_ctrl/FE_OFN10514_cla_sum_b_22 & Regular Wire of Net u_ctrl/FE_OFN2876_n_1217021  ( metal4 )
Bounds : ( 202.275, 37.940 ) ( 202.415, 38.080 )


SHORT: ( Metal Short ) Regular Wire of Net u_ctrl/FE_OFN1939_n_1109976 & Regular Wire of Net u_ctrl/psum_mem[465][22]  ( metal2 )
Bounds : ( 197.850, 36.155 ) ( 197.920, 36.225 )


SHORT: ( Metal Short ) Regular Wire of Net u_ctrl/FE_OFN5419_n_1033760 & Regular Wire of Net u_ctrl/n_1174511  ( metal2 )
Bounds : ( 202.220, 37.415 ) ( 202.290, 37.485 )


SHORT: ( Metal Short ) Regular Wire of Net u_ctrl/FE_OFN5419_n_1033760 & Regular Wire of Net u_ctrl/FE_OFN4572_n_1084203  ( metal2 )
Bounds : ( 202.600, 38.255 ) ( 202.670, 38.325 )


CUTSPACING: ( Same Layer Cut Spacing ) Regular Wire of Net u_ctrl/FE_OFN10172_cla_sum_b_29 & Regular Wire of Net u_ctrl/FE_OFN5436_n_1034036  ( metal4 )
Bounds : ( 197.655, 35.000 ) ( 197.795, 35.140 )


SHORT: ( Metal Short ) Regular Wire of Net u_ctrl/n_1034035 & Regular Wire of Net u_ctrl/FE_OFN10172_cla_sum_b_29  ( metal2 )
Bounds : ( 197.660, 35.035 ) ( 197.730, 35.105 )


SHORT: ( Metal Short ) Regular Wire of Net u_ctrl/FE_OFN5436_n_1034036 & Regular Wire of Net u_ctrl/n_1034035  ( metal2 )
Bounds : ( 197.660, 36.015 ) ( 197.730, 36.085 )


SHORT: ( Metal Short ) Regular Wire of Net u_ctrl/psum_mem[465][22] & Regular Wire of Net u_ctrl/FE_OFN5436_n_1034036  ( metal2 )
Bounds : ( 197.850, 36.015 ) ( 197.920, 36.085 )


SHORT: ( Metal Short ) Regular Wire of Net u_ctrl/FE_OFN4572_n_1084203 & Regular Wire of Net u_ctrl/FE_OFN10106_FE_DBTN46_cla_sum_b_1  ( metal2 )
Bounds : ( 202.600, 35.315 ) ( 202.670, 35.385 )


SHORT: ( Metal Short ) Regular Wire of Net u_ctrl/FE_OFN10334_FE_DBTN69_cla_sum_b_29 & Regular Wire of Net u_ctrl/FE_OFN5305_n_1016407  ( metal2 )
Bounds : ( 194.810, 37.415 ) ( 194.880, 37.485 )


SHORT: ( Metal Short ) Regular Wire of Net u_ctrl/FE_OFN5305_n_1016407 & Regular Wire of Net u_ctrl/psum_mem[342][29]  ( metal2 )
Bounds : ( 195.950, 36.295 ) ( 196.020, 36.365 )


SHORT: ( Metal Short ) Regular Wire of Net u_ctrl/n_1016413 & Regular Wire of Net u_ctrl/n_1202938  ( metal2 )
Bounds : ( 194.240, 36.540 ) ( 194.310, 36.680 )


SHORT: ( Metal Short ) Regular Wire of Net u_ctrl/FE_OFN10334_FE_DBTN69_cla_sum_b_29 & Regular Wire of Net u_ctrl/n_1016413  ( metal2 )
Bounds : ( 194.050, 37.415 ) ( 194.120, 37.485 )


SHORT: ( Metal Short ) Regular Wire of Net u_ctrl/FE_OFN10924_FE_DBTN22_n_1202367 & Regular Wire of Net u_ctrl/FE_OFN10334_FE_DBTN69_cla_sum_b_29  ( metal2 )
Bounds : ( 193.860, 37.415 ) ( 193.930, 37.485 )


SHORT: ( Metal Short ) Regular Wire of Net u_ctrl/FE_OFN10924_FE_DBTN22_n_1202367 & Regular Wire of Net u_ctrl/FE_OFN10334_FE_DBTN69_cla_sum_b_29  ( metal2 )
Bounds : ( 193.670, 37.555 ) ( 193.740, 37.625 )


SHORT: ( Metal Short ) Regular Wire of Net u_ctrl/FE_OFN10924_FE_DBTN22_n_1202367 & Regular Wire of Net u_ctrl/FE_OFN8428_n_1016411  ( metal2 )
Bounds : ( 193.480, 37.555 ) ( 193.550, 37.625 )


SHORT: ( Metal Short ) Regular Wire of Net u_ctrl/FE_OFN8428_n_1016411 & Regular Wire of Net u_ctrl/FE_OFN3251_n_994855  ( metal2 )
Bounds : ( 193.100, 36.855 ) ( 193.170, 36.925 )


SHORT: ( Metal Short ) Regular Wire of Net u_ctrl/FE_OFN8428_n_1016411 & Regular Wire of Net u_ctrl/FE_OFN10924_FE_DBTN22_n_1202367  ( metal2 )
Bounds : ( 192.910, 36.155 ) ( 192.980, 36.225 )


SHORT: ( Metal Short ) Regular Wire of Net u_ctrl/FE_OFN10334_FE_DBTN69_cla_sum_b_29 & Regular Wire of Net u_ctrl/n_1202938  ( metal2 )
Bounds : ( 194.240, 37.415 ) ( 194.310, 37.485 )


SHORT: ( Metal Short ) Regular Wire of Net u_ctrl/FE_OFN10924_FE_DBTN22_n_1202367 & Regular Wire of Net u_ctrl/FE_OFN10334_FE_DBTN69_cla_sum_b_29  ( metal2 )
Bounds : ( 194.430, 37.415 ) ( 194.500, 37.485 )


SHORT: ( Metal Short ) Regular Wire of Net u_ctrl/FE_OFN10334_FE_DBTN69_cla_sum_b_29 & Regular Wire of Net u_ctrl/FE_OFN10333_FE_DBTN69_cla_sum_b_29  ( metal2 )
Bounds : ( 194.620, 37.415 ) ( 194.690, 37.485 )


SHORT: ( Metal Short ) Regular Wire of Net u_ctrl/FE_OFN8428_n_1016411 & Regular Wire of Net u_ctrl/FE_OFN10372_FE_DBTN23_n_1107621  ( metal2 )
Bounds : ( 192.910, 36.015 ) ( 192.980, 36.085 )


SHORT: ( Metal Short ) Regular Wire of Net u_ctrl/FE_OFN1939_n_1109976 & Regular Wire of Net u_ctrl/n_1229801  ( metal2 )
Bounds : ( 195.380, 34.755 ) ( 195.450, 34.825 )


SHORT: ( Metal Short ) Regular Wire of Net u_ctrl/CTS_1384 & Regular Wire of Net u_ctrl/FE_OFN1939_n_1109976  ( metal2 )
Bounds : ( 195.570, 34.195 ) ( 195.640, 34.265 )


SHORT: ( Metal Short ) Regular Wire of Net u_ctrl/n_1229801 & Regular Wire of Net u_ctrl/FE_OFN1939_n_1109976  ( metal2 )
Bounds : ( 195.950, 34.195 ) ( 196.020, 34.265 )


SHORT: ( Metal Short ) Regular Wire of Net u_ctrl/psum_mem[382][29] & Regular Wire of Net u_ctrl/FE_OFN10172_cla_sum_b_29  ( metal2 )
Bounds : ( 197.470, 35.000 ) ( 197.540, 35.140 )


CUTSPACING: ( Same Layer Cut Spacing ) Regular Wire of Net u_ctrl/FE_OFN3250_n_994852 & Regular Wire of Net u_ctrl/n_1044147  ( metal5 )
Bounds : ( 189.115, 43.540 ) ( 189.255, 43.680 )


SHORT: ( Metal Short ) Regular Wire of Net u_ctrl/n_983299 & Regular Wire of Net u_ctrl/CTS_1384  ( metal2 )
Bounds : ( 187.745, 39.375 ) ( 187.885, 39.445 )


SHORT: ( Metal Short ) Regular Wire of Net u_ctrl/FE_OFN5448_n_1044087 & Regular Wire of Net u_ctrl/n_1112253  ( metal2 )
Bounds : ( 189.870, 43.015 ) ( 189.940, 43.085 )


SHORT: ( Metal Short ) Regular Wire of Net u_ctrl/n_1238130 & Regular Wire of Net u_ctrl/FE_OFN4159_n_994854  ( metal2 )
Bounds : ( 190.820, 39.795 ) ( 190.890, 39.865 )


SHORT: ( Metal Short ) Regular Wire of Net u_ctrl/psum_mem[343][26] & Regular Wire of Net u_ctrl/n_1202773  ( metal2 )
Bounds : ( 184.550, 39.340 ) ( 184.620, 39.480 )


SHORT: ( Metal Short ) Regular Wire of Net u_ctrl/FE_OFN6061_n_983204 & Regular Wire of Net u_ctrl/FE_OFN10404_n_979678  ( metal2 )
Bounds : ( 185.500, 43.295 ) ( 185.570, 43.365 )


CUTSPACING: ( Same Layer Cut Spacing ) Regular Wire of Net u_ctrl/FE_OFN7201_n_983208 & Regular Wire of Net u_ctrl/FE_OFN10333_FE_DBTN69_cla_sum_b_29  ( metal4 )
Bounds : ( 182.535, 34.440 ) ( 182.675, 34.580 )


CUTSPACING: ( Same Layer Cut Spacing ) Regular Wire of Net u_ctrl/FE_OFN7140_n_1174601 & Regular Wire of Net u_ctrl/FE_OFN10924_FE_DBTN22_n_1202367  ( metal5 )
Bounds : ( 187.715, 34.580 ) ( 187.855, 34.720 )


CUTSPACING: ( Same Layer Cut Spacing ) Regular Wire of Net u_ctrl/FE_OFN5129_n_994845 & Regular Wire of Net u_ctrl/FE_OFN6263_n_1016320  ( metal5 )
Bounds : ( 190.095, 38.640 ) ( 190.235, 38.780 )


SHORT: ( Metal Short ) Regular Wire of Net u_ctrl/FE_OFN10583_FE_DBTN67_cla_sum_b_22 & Regular Wire of Net u_ctrl/FE_OFN4156_n_994846  ( metal2 )
Bounds : ( 187.780, 36.575 ) ( 187.850, 36.645 )


SHORT: ( Metal Short ) Regular Wire of Net u_ctrl/psum_mem[336][22] & Regular Wire of Net u_ctrl/psum_mem[343][22]  ( metal2 )
Bounds : ( 188.540, 36.995 ) ( 188.610, 37.065 )


CUTSPACING: ( Same Layer Cut Spacing ) Regular Wire of Net u_ctrl/FE_OFN4130_n_992249 & Regular Wire of Net u_ctrl/n_1033851  ( metal9 )
Bounds : ( 191.305, 34.310 ) ( 192.105, 35.110 )


CUTSPACING: ( Same Layer Cut Spacing ) Regular Wire of Net u_ctrl/n_1034038 & Regular Wire of Net u_ctrl/FE_OFN4603_n_1084920  ( metal4 )
Bounds : ( 197.655, 31.920 ) ( 197.795, 32.060 )


CUTSPACING: ( Same Layer Cut Spacing ) Regular Wire of Net u_ctrl/FE_OFN7264_n_994895 & Regular Wire of Net u_ctrl/FE_OFN3437_n_1044079  ( metal5 )
Bounds : ( 201.295, 31.920 ) ( 201.435, 32.060 )


SHORT: ( Metal Short ) Regular Wire of Net u_ctrl/FE_OFN4532_n_1078730 & Regular Wire of Net u_ctrl/FE_OFN4603_n_1084920  ( metal2 )
Bounds : ( 197.660, 30.835 ) ( 197.730, 30.905 )


SHORT: ( Metal Short ) Regular Wire of Net u_ctrl/FE_OFN4532_n_1078730 & Regular Wire of Net u_ctrl/FE_OFN4603_n_1084920  ( metal2 )
Bounds : ( 197.850, 31.115 ) ( 197.920, 31.185 )


SHORT: ( Metal Short ) Regular Wire of Net u_ctrl/psum_mem[381][29] & Regular Wire of Net u_ctrl/FE_OFN5137_n_994892  ( metal2 )
Bounds : ( 199.560, 32.515 ) ( 199.630, 32.585 )


SHORT: ( Metal Short ) Regular Wire of Net u_ctrl/n_1202788 & Regular Wire of Net u_ctrl/psum_mem[381][29]  ( metal2 )
Bounds : ( 199.940, 31.815 ) ( 200.010, 31.885 )


SHORT: ( Metal Short ) Regular Wire of Net u_ctrl/FE_OFN5130_n_994848 & Regular Wire of Net u_ctrl/psum_mem[381][29]  ( metal2 )
Bounds : ( 200.320, 31.395 ) ( 200.390, 31.465 )


SHORT: ( Metal Short ) Regular Wire of Net u_ctrl/psum_mem[382][21] & Regular Wire of Net u_ctrl/FE_OFN3582_n_1109988  ( metal2 )
Bounds : ( 202.980, 29.995 ) ( 203.050, 30.065 )


SHORT: ( Metal Short ) Regular Wire of Net u_ctrl/n_1174013 & Regular Wire of Net u_ctrl/psum_mem[382][21]  ( metal2 )
Bounds : ( 202.790, 29.995 ) ( 202.860, 30.065 )


CUTSPACING: ( Same Layer Cut Spacing ) Regular Wire of Net u_ctrl/FE_OFN3582_n_1109988 & Regular Wire of Net u_ctrl/FE_OFN3436_n_1044071  ( metal4 )
Bounds : ( 200.455, 30.240 ) ( 200.595, 30.380 )


SHORT: ( Metal Short ) Regular Wire of Net u_ctrl/n_1174013 & Regular Wire of Net u_ctrl/psum_mem[380][21]  ( metal2 )
Bounds : ( 202.600, 28.035 ) ( 202.670, 28.105 )


SHORT: ( Metal Short ) Regular Wire of Net u_ctrl/psum_mem[380][21] & Regular Wire of Net u_ctrl/FE_OFN4572_n_1084203  ( metal2 )
Bounds : ( 202.600, 27.755 ) ( 202.670, 27.825 )


SHORT: ( Metal Short ) Regular Wire of Net u_ctrl/n_1174013 & Regular Wire of Net u_ctrl/FE_OFN4572_n_1084203  ( metal2 )
Bounds : ( 202.410, 27.755 ) ( 202.480, 27.825 )


SHORT: ( Metal Short ) Regular Wire of Net u_ctrl/psum_mem[382][21] & Regular Wire of Net u_ctrl/FE_OFN7263_n_994894  ( metal2 )
Bounds : ( 202.220, 28.595 ) ( 202.290, 28.665 )


SHORT: ( Metal Short ) Regular Wire of Net u_ctrl/psum_mem[382][21] & Regular Wire of Net u_ctrl/FE_OFN4572_n_1084203  ( metal2 )
Bounds : ( 202.030, 27.755 ) ( 202.100, 27.825 )


CUTSPACING: ( Same Layer Cut Spacing ) Regular Wire of Net u_ctrl/FE_OFN4572_n_1084203 & Regular Wire of Net u_ctrl/FE_OFN6329_n_1020769  ( metal1 )
Bounds : ( 202.790, 27.685 ) ( 202.860, 27.755 )


CUTSPACING: ( Same Layer Cut Spacing ) Regular Wire of Net u_ctrl/n_983210 & Regular Wire of Net u_ctrl/FE_OFN4458_n_1045018  ( metal4 )
Bounds : ( 202.835, 28.980 ) ( 202.975, 29.120 )


SHORT: ( Metal Short ) Regular Wire of Net u_ctrl/FE_OFN4603_n_1084920 & Regular Wire of Net u_ctrl/psum_mem[471][29]  ( metal2 )
Bounds : ( 197.850, 29.995 ) ( 197.920, 30.065 )


SHORT: ( Metal Short ) Regular Wire of Net u_ctrl/FE_OFN4603_n_1084920 & Regular Wire of Net u_ctrl/FE_OFN4532_n_1078730  ( metal2 )
Bounds : ( 197.660, 29.995 ) ( 197.730, 30.065 )


SHORT: ( Metal Short ) Regular Wire of Net u_ctrl/FE_OFN5137_n_994892 & Regular Wire of Net u_ctrl/psum_mem[383][29]  ( metal2 )
Bounds : ( 199.560, 28.455 ) ( 199.630, 28.525 )


CUTSPACING: ( Same Layer Cut Spacing ) Regular Wire of Net u_ctrl/FE_OFN3439_n_1044142 & Regular Wire of Net u_ctrl/FE_OFN5452_n_1044144  ( metal4 )
Bounds : ( 192.615, 28.840 ) ( 192.755, 28.980 )


SHORT: ( Metal Short ) Regular Wire of Net u_ctrl/FE_OFN5452_n_1044144 & Regular Wire of Net u_ctrl/FE_OFN5732_n_1052774  ( metal2 )
Bounds : ( 191.960, 29.155 ) ( 192.030, 29.225 )


SHORT: ( Metal Short ) Regular Wire of Net u_ctrl/n_1249229 & Regular Wire of Net u_ctrl/psum_mem[511][29]  ( metal2 )
Bounds : ( 197.280, 28.595 ) ( 197.350, 28.665 )


SHORT: ( Metal Short ) Regular Wire of Net u_ctrl/psum_mem[342][21] & Regular Wire of Net u_ctrl/psum_mem[382][29]  ( metal2 )
Bounds : ( 197.280, 31.395 ) ( 197.350, 31.465 )


SHORT: ( Metal Short ) Regular Wire of Net u_ctrl/FE_OFN5137_n_994892 & Regular Wire of Net u_ctrl/FE_OFN4162_n_994903  ( metal2 )
Bounds : ( 202.410, 25.375 ) ( 202.480, 25.445 )


CUTSPACING: ( Same Layer Cut Spacing ) Regular Wire of Net u_ctrl/n_1249234 & Regular Wire of Net u_ctrl/FE_OFN2721_n_1109978  ( metal4 )
Bounds : ( 197.655, 27.440 ) ( 197.795, 27.580 )


CUTSPACING: ( Same Layer Cut Spacing ) Regular Wire of Net u_ctrl/FE_OFN10625_n_1033889 & Regular Wire of Net u_ctrl/psum_mem[337][21]  ( metal4 )
Bounds : ( 197.655, 26.040 ) ( 197.795, 26.180 )


CUTSPACING: ( Same Layer Cut Spacing ) Regular Wire of Net u_ctrl/psum_mem[337][21] & Regular Wire of Net u_ctrl/psum_mem[340][21]  ( metal4 )
Bounds : ( 197.795, 25.900 ) ( 197.935, 26.040 )


SHORT: ( Metal Short ) Regular Wire of Net u_ctrl/FE_OFN4162_n_994903 & Regular Wire of Net u_ctrl/n_1112971  ( metal1 )
Bounds : ( 200.130, 26.635 ) ( 200.200, 26.705 )


SHORT: ( Metal Short ) Regular Wire of Net u_ctrl/psum_mem[382][21] & Regular Wire of Net u_ctrl/FE_OFN4599_n_1084920  ( metal2 )
Bounds : ( 199.560, 25.655 ) ( 199.630, 25.725 )


SHORT: ( Metal Short ) Regular Wire of Net u_ctrl/psum_mem[379][29] & Regular Wire of Net u_ctrl/psum_mem[382][21]  ( metal2 )
Bounds : ( 199.750, 26.600 ) ( 199.820, 26.740 )


SHORT: ( Metal Short ) Regular Wire of Net u_ctrl/n_1112971 & Regular Wire of Net u_ctrl/FE_OFN5137_n_994892  ( metal2 )
Bounds : ( 200.320, 27.475 ) ( 200.390, 27.545 )


SHORT: ( Metal Short ) Regular Wire of Net u_ctrl/FE_OFN4161_n_994900 & Regular Wire of Net u_ctrl/psum_mem[379][29]  ( metal2 )
Bounds : ( 200.320, 23.800 ) ( 200.390, 23.940 )


SHORT: ( Metal Short ) Regular Wire of Net u_ctrl/FE_OFN6130_n_994897 & Regular Wire of Net u_ctrl/psum_mem[376][21]  ( metal2 )
Bounds : ( 200.890, 23.415 ) ( 200.960, 23.485 )


SHORT: ( Metal Short ) Regular Wire of Net u_ctrl/psum_mem[337][21] & Regular Wire of Net u_ctrl/psum_mem[339][29]  ( metal2 )
Bounds : ( 192.720, 25.655 ) ( 192.790, 25.725 )


SHORT: ( Metal Short ) Regular Wire of Net u_ctrl/n_1202509 & Regular Wire of Net u_ctrl/FE_OFN3417_n_1033675  ( metal2 )
Bounds : ( 192.530, 22.540 ) ( 192.600, 22.680 )


SHORT: ( Metal Short ) Regular Wire of Net u_ctrl/FE_OFN5415_n_1033672 & Regular Wire of Net u_ctrl/FE_OFN6396_n_1033677  ( metal2 )
Bounds : ( 192.720, 22.540 ) ( 192.790, 22.680 )


SHORT: ( Metal Short ) Regular Wire of Net u_ctrl/n_1033673 & Regular Wire of Net u_ctrl/FE_OFN1154_n_1106413  ( metal2 )
Bounds : ( 193.100, 22.295 ) ( 193.170, 22.365 )


SHORT: ( Metal Short ) Regular Wire of Net u_ctrl/n_1202508 & Regular Wire of Net u_ctrl/psum_mem[339][29]  ( metal2 )
Bounds : ( 192.340, 23.415 ) ( 192.410, 23.485 )


SHORT: ( Metal Short ) Regular Wire of Net u_ctrl/FE_OFN3417_n_1033675 & Regular Wire of Net u_ctrl/n_1202508  ( metal2 )
Bounds : ( 192.530, 23.415 ) ( 192.600, 23.485 )


SHORT: ( Metal Short ) Regular Wire of Net u_ctrl/n_1202508 & Regular Wire of Net u_ctrl/FE_OFN5415_n_1033672  ( metal2 )
Bounds : ( 192.720, 23.415 ) ( 192.790, 23.485 )


SHORT: ( Metal Short ) Regular Wire of Net u_ctrl/n_1174013 & Regular Wire of Net u_ctrl/FE_OFN6329_n_1020769  ( metal2 )
Bounds : ( 202.410, 27.615 ) ( 202.480, 27.685 )


SHORT: ( Metal Short ) Regular Wire of Net u_ctrl/psum_mem[380][21] & Regular Wire of Net u_ctrl/FE_OFN6329_n_1020769  ( metal2 )
Bounds : ( 202.600, 27.615 ) ( 202.670, 27.685 )


CUTSPACING: ( Same Layer Cut Spacing ) Regular Wire of Net u_ctrl/n_1044147 & Regular Wire of Net u_ctrl/FE_OFN3250_n_994852  ( metal4 )
Bounds : ( 190.655, 32.480 ) ( 190.795, 32.620 )


SHORT: ( Metal Short ) Regular Wire of Net u_ctrl/n_1016500 & Regular Wire of Net u_ctrl/psum_mem[341][21]  ( metal2 )
Bounds : ( 187.400, 28.455 ) ( 187.470, 28.525 )


SHORT: ( Metal Short ) Regular Wire of Net u_ctrl/n_1174684 & Regular Wire of Net u_ctrl/n_1052774  ( metal2 )
Bounds : ( 190.250, 28.035 ) ( 190.320, 28.105 )


SHORT: ( Metal Short ) Regular Wire of Net u_ctrl/FE_OFN1939_n_1109976 & Regular Wire of Net u_ctrl/n_1249367  ( metal2 )
Bounds : ( 190.630, 28.455 ) ( 190.700, 28.525 )


CUTSPACING: ( Same Layer Cut Spacing ) Regular Wire of Net u_ctrl/FE_OFN10172_cla_sum_b_29 & Regular Wire of Net u_ctrl/psum_mem[336][29]  ( metal5 )
Bounds : ( 189.675, 24.220 ) ( 189.815, 24.360 )


CUTSPACING: ( Same Layer Cut Spacing ) Regular Wire of Net u_ctrl/FE_OFN6263_n_1016320 & Regular Wire of Net u_ctrl/FE_OFN5129_n_994845  ( metal5 )
Bounds : ( 190.235, 26.180 ) ( 190.375, 26.320 )


SHORT: ( Metal Short ) Regular Wire of Net u_ctrl/n_1016589 & Regular Wire of Net u_ctrl/FE_OFN9973_n_1153353  ( metal2 )
Bounds : ( 182.840, 24.255 ) ( 182.910, 24.325 )


SHORT: ( Metal Short ) Regular Wire of Net u_ctrl/CTS_1384 & Regular Wire of Net u_ctrl/FE_OFN4384_n_1044150  ( metal2 )
Bounds : ( 190.440, 22.575 ) ( 190.510, 22.645 )


SHORT: ( Metal Short ) Regular Wire of Net u_ctrl/FE_OFN8006_n_1033773 & Regular Wire of Net u_ctrl/FE_OFN9843_cla_sum_b_21  ( metal2 )
Bounds : ( 220.460, 21.000 ) ( 220.530, 21.140 )


SHORT: ( Metal Short ) Regular Wire of Net u_ctrl/FE_OFN5421_n_1033771 & Regular Wire of Net u_ctrl/n_1145754  ( metal2 )
Bounds : ( 221.790, 19.215 ) ( 221.860, 19.285 )


SHORT: ( Metal Short ) Regular Wire of Net u_ctrl/n_1112046 & Regular Wire of Net u_ctrl/n_1033737  ( metal2 )
Bounds : ( 223.120, 20.335 ) ( 223.190, 20.405 )


SHORT: ( Metal Short ) Regular Wire of Net u_ctrl/n_1145753 & Regular Wire of Net u_ctrl/n_1033737  ( metal2 )
Bounds : ( 224.260, 19.495 ) ( 224.330, 19.565 )


SHORT: ( Metal Short ) Regular Wire of Net u_ctrl/n_1033737 & Regular Wire of Net u_ctrl/FE_OFN11051_FE_DBTN31_cla_sum_a_5  ( metal2 )
Bounds : ( 224.450, 19.495 ) ( 224.520, 19.565 )


SHORT: ( Metal Short ) Regular Wire of Net u_ctrl/n_1033737 & Regular Wire of Net u_ctrl/FE_OFN7393_n_1033979  ( metal2 )
Bounds : ( 224.830, 19.495 ) ( 224.900, 19.565 )


SHORT: ( Metal Short ) Regular Wire of Net u_ctrl/FE_OFN7393_n_1033979 & Regular Wire of Net u_ctrl/n_1145751  ( metal2 )
Bounds : ( 224.830, 20.055 ) ( 224.900, 20.125 )


CUTSPACING: ( Same Layer Cut Spacing ) Regular Wire of Net u_ctrl/FE_OFN5539_n_1045010 & Regular Wire of Net u_ctrl/FE_OFN5448_n_1044087  ( metal5 )
Bounds : ( 221.455, 17.920 ) ( 221.595, 18.060 )


SHORT: ( Metal Short ) Regular Wire of Net u_ctrl/n_1145755 & Regular Wire of Net u_ctrl/FE_OFN7393_n_1033979  ( metal2 )
Bounds : ( 222.930, 16.415 ) ( 223.000, 16.485 )


SHORT: ( Metal Short ) Regular Wire of Net u_ctrl/FE_OFN3537_n_1079490 & Regular Wire of Net u_ctrl/n_1145755  ( metal2 )
Bounds : ( 222.930, 16.555 ) ( 223.000, 16.625 )


SHORT: ( Metal Short ) Regular Wire of Net u_ctrl/n_1145753 & Regular Wire of Net u_ctrl/FE_OFN11051_FE_DBTN31_cla_sum_a_5  ( metal2 )
Bounds : ( 224.260, 18.795 ) ( 224.330, 18.865 )


SHORT: ( Metal Short ) Regular Wire of Net u_ctrl/FE_OFN2721_n_1109978 & Regular Wire of Net u_ctrl/FE_OFN7393_n_1033979  ( metal2 )
Bounds : ( 224.640, 18.515 ) ( 224.710, 18.585 )


SHORT: ( Metal Short ) Regular Wire of Net u_ctrl/n_1112051 & Regular Wire of Net u_ctrl/n_1178757  ( metal2 )
Bounds : ( 217.610, 20.860 ) ( 217.680, 21.000 )


SHORT: ( Metal Short ) Regular Wire of Net u_ctrl/CTS_1211 & Regular Wire of Net u_ctrl/FE_OFN4569_n_1084203  ( metal2 )
Bounds : ( 217.385, 17.115 ) ( 217.525, 17.185 )


SHORT: ( Metal Short ) Regular Wire of Net u_ctrl/CTS_1211 & Regular Wire of Net u_ctrl/n_1145655  ( metal2 )
Bounds : ( 217.420, 17.360 ) ( 217.490, 17.500 )


SHORT: ( Metal Short ) Regular Wire of Net u_ctrl/FE_OFN4569_n_1084203 & Regular Wire of Net u_ctrl/n_1237527  ( metal2 )
Bounds : ( 217.800, 17.080 ) ( 217.870, 17.220 )


SHORT: ( Metal Short ) Regular Wire of Net u_ctrl/FE_OFN5418_n_1033745 & Regular Wire of Net u_ctrl/FE_OFN10731_cla_sum_a_1  ( metal2 )
Bounds : ( 217.990, 17.955 ) ( 218.060, 18.025 )


SHORT: ( Metal Short ) Regular Wire of Net u_ctrl/FE_OFN4532_n_1078730 & Regular Wire of Net u_ctrl/n_1145637  ( metal2 )
Bounds : ( 216.850, 18.375 ) ( 216.920, 18.445 )


SHORT: ( Metal Short ) Regular Wire of Net u_ctrl/FE_OFN4569_n_1084203 & Regular Wire of Net u_ctrl/psum_mem[380][5]  ( metal2 )
Bounds : ( 215.140, 17.535 ) ( 215.210, 17.605 )


SHORT: ( Metal Short ) Regular Wire of Net u_ctrl/FE_OFN5418_n_1033745 & Regular Wire of Net u_ctrl/n_1168710  ( metal2 )
Bounds : ( 220.840, 14.595 ) ( 220.910, 14.665 )


SHORT: ( Metal Short ) Regular Wire of Net u_ctrl/FE_OFN8026_n_1045006 & Regular Wire of Net u_ctrl/n_1168709  ( metal2 )
Bounds : ( 221.220, 15.855 ) ( 221.290, 15.925 )


SHORT: ( Metal Short ) Regular Wire of Net u_ctrl/FE_OFN2721_n_1109978 & Regular Wire of Net u_ctrl/FE_OFN10105_FE_DBTN46_cla_sum_b_1  ( metal2 )
Bounds : ( 222.170, 16.135 ) ( 222.240, 16.205 )


SHORT: ( Metal Short ) Regular Wire of Net u_ctrl/psum_mem[511][5] & Regular Wire of Net u_ctrl/FE_OFN8027_n_1045008  ( metal2 )
Bounds : ( 222.360, 15.435 ) ( 222.430, 15.505 )


SHORT: ( Metal Short ) Regular Wire of Net u_ctrl/FE_OFN2721_n_1109978 & Regular Wire of Net u_ctrl/psum_mem[511][5]  ( metal2 )
Bounds : ( 222.360, 16.135 ) ( 222.430, 16.205 )


SHORT: ( Metal Short ) Regular Wire of Net u_ctrl/FE_OFN2721_n_1109978 & Regular Wire of Net u_ctrl/FE_OFN3537_n_1079490  ( metal2 )
Bounds : ( 222.550, 16.135 ) ( 222.620, 16.205 )


SHORT: ( Metal Short ) Regular Wire of Net u_ctrl/CTS_1211 & Regular Wire of Net u_ctrl/n_1033982  ( metal2 )
Bounds : ( 222.705, 13.055 ) ( 222.845, 13.125 )


SHORT: ( Metal Short ) Regular Wire of Net u_ctrl/n_1033982 & Regular Wire of Net u_ctrl/FE_OFN1679_FE_DBTN50_cla_sum_b_5  ( metal2 )
Bounds : ( 223.310, 13.055 ) ( 223.380, 13.125 )


SHORT: ( Metal Short ) Regular Wire of Net u_ctrl/FE_OFN6501_n_1045003 & Regular Wire of Net u_ctrl/n_1237527  ( metal2 )
Bounds : ( 217.990, 15.995 ) ( 218.060, 16.065 )


SHORT: ( Metal Short ) Regular Wire of Net u_ctrl/psum_mem[509][5] & Regular Wire of Net u_ctrl/n_1145653  ( metal2 )
Bounds : ( 215.710, 11.795 ) ( 215.780, 11.865 )


SHORT: ( Metal Short ) Regular Wire of Net u_ctrl/n_1145654 & Regular Wire of Net u_ctrl/CTS_1211  ( metal2 )
Bounds : ( 214.570, 12.600 ) ( 214.640, 12.740 )


SHORT: ( Metal Short ) Regular Wire of Net u_ctrl/FE_OFN11051_FE_DBTN31_cla_sum_a_5 & Regular Wire of Net u_ctrl/FE_OFN6501_n_1045003  ( metal2 )
Bounds : ( 214.190, 19.740 ) ( 214.260, 19.880 )


SHORT: ( Metal Short ) Regular Wire of Net u_ctrl/FE_OFN11051_FE_DBTN31_cla_sum_a_5 & Regular Wire of Net u_ctrl/n_1112058  ( metal2 )
Bounds : ( 214.380, 20.195 ) ( 214.450, 20.265 )


CUTSPACING: ( Same Layer Cut Spacing ) Regular Wire of Net u_ctrl/n_1237735 & Regular Wire of Net u_ctrl/psum_mem[381][5]  ( metal2 )
Bounds : ( 211.150, 20.965 ) ( 211.220, 21.035 )


SHORT: ( Metal Short ) Regular Wire of Net u_ctrl/FE_OFN1939_n_1109976 & Regular Wire of Net u_ctrl/FE_OFN11051_FE_DBTN31_cla_sum_a_5  ( metal2 )
Bounds : ( 209.060, 21.035 ) ( 209.130, 21.105 )


SHORT: ( Metal Short ) Regular Wire of Net u_ctrl/FE_OFN1939_n_1109976 & Regular Wire of Net u_ctrl/FE_OFN5304_n_1016322  ( metal2 )
Bounds : ( 209.060, 21.175 ) ( 209.130, 21.245 )


SHORT: ( Metal Short ) Regular Wire of Net u_ctrl/cla_sum_b[5] & Regular Wire of Net u_ctrl/psum_mem[511][21]  ( metal2 )
Bounds : ( 210.580, 21.000 ) ( 210.650, 21.140 )


SHORT: ( Metal Short ) Regular Wire of Net u_ctrl/psum_mem[497][1] & Regular Wire of Net u_ctrl/psum_mem[341][1]  ( metal2 )
Bounds : ( 210.960, 20.195 ) ( 211.030, 20.265 )


CUTSPACING: ( Same Layer Cut Spacing ) Regular Wire of Net u_ctrl/FE_OFN10372_FE_DBTN23_n_1107621 & Regular Wire of Net u_ctrl/FE_OFN2552_n_1041706  ( metal4 )
Bounds : ( 207.455, 18.200 ) ( 207.595, 18.340 )


SHORT: ( Metal Short ) Regular Wire of Net u_ctrl/FE_OFN10761_FE_DBTN27_cla_sum_a_1 & Regular Wire of Net u_ctrl/FE_OFN10245_n_1034074  ( metal2 )
Bounds : ( 207.730, 20.300 ) ( 207.800, 20.720 )


SHORT: ( Metal Short ) Regular Wire of Net u_ctrl/psum_mem[508][21] & Regular Wire of Net u_ctrl/n_1153744  ( metal2 )
Bounds : ( 210.580, 15.155 ) ( 210.650, 15.225 )


SHORT: ( Metal Short ) Regular Wire of Net u_ctrl/psum_mem[508][21] & Regular Wire of Net u_ctrl/FE_OFN4599_n_1084920  ( metal2 )
Bounds : ( 210.580, 15.400 ) ( 210.650, 15.540 )


SHORT: ( Metal Short ) Regular Wire of Net u_ctrl/psum_mem[340][1] & Regular Wire of Net u_ctrl/n_1153737  ( metal2 )
Bounds : ( 210.960, 15.015 ) ( 211.030, 15.085 )


CUTSPACING: ( Same Layer Cut Spacing ) Regular Wire of Net u_ctrl/FE_OFN11119_FE_DBTN12_n_1216771 & Regular Wire of Net u_ctrl/n_1033749  ( metal5 )
Bounds : ( 212.495, 11.480 ) ( 212.635, 11.620 )


SHORT: ( Metal Short ) Regular Wire of Net u_ctrl/FE_OFN10439_n_1034078 & Regular Wire of Net u_ctrl/psum_mem[340][1]  ( metal2 )
Bounds : ( 210.770, 12.600 ) ( 210.840, 12.740 )


SHORT: ( Metal Short ) Regular Wire of Net u_ctrl/FE_OFN4371_n_1034091 & Regular Wire of Net u_ctrl/n_1112055  ( metal2 )
Bounds : ( 212.100, 13.055 ) ( 212.170, 13.125 )


CUTSPACING: ( Same Layer Cut Spacing ) Regular Wire of Net u_ctrl/FE_OFN1377_n_1092070 & Regular Wire of Net u_ctrl/FE_OFN10986_cla_sum_a_5  ( metal4 )
Bounds : ( 212.495, 13.440 ) ( 212.635, 13.580 )


SHORT: ( Metal Short ) Regular Wire of Net u_ctrl/psum_mem[383][21] & Regular Wire of Net u_ctrl/psum_mem[380][1]  ( metal2 )
Bounds : ( 204.120, 15.120 ) ( 204.190, 15.260 )


SHORT: ( Metal Short ) Regular Wire of Net u_ctrl/n_1033990 & Regular Wire of Net u_ctrl/FE_OFN18_n_1145461  ( metal2 )
Bounds : ( 203.930, 13.755 ) ( 204.000, 13.825 )


SHORT: ( Metal Short ) Regular Wire of Net u_ctrl/psum_mem[383][21] & Regular Wire of Net u_ctrl/FE_OFN18_n_1145461  ( metal2 )
Bounds : ( 204.310, 13.615 ) ( 204.380, 13.685 )


SHORT: ( Metal Short ) Regular Wire of Net u_ctrl/n_1033990 & Regular Wire of Net u_ctrl/psum_mem[383][21]  ( metal2 )
Bounds : ( 204.310, 13.755 ) ( 204.380, 13.825 )


SHORT: ( Metal Short ) Regular Wire of Net u_ctrl/n_1153736 & Regular Wire of Net u_ctrl/FE_OFN3582_n_1109988  ( metal2 )
Bounds : ( 204.690, 15.400 ) ( 204.760, 15.540 )


SHORT: ( Metal Short ) Regular Wire of Net u_ctrl/FE_OFN3582_n_1109988 & Regular Wire of Net u_ctrl/psum_mem[509][1]  ( metal2 )
Bounds : ( 204.880, 15.155 ) ( 204.950, 15.225 )


SHORT: ( Metal Short ) Regular Wire of Net u_ctrl/FE_OFN2229_n_1092066 & Regular Wire of Net u_ctrl/FE_OFN3582_n_1109988  ( metal2 )
Bounds : ( 205.260, 15.155 ) ( 205.330, 15.225 )


SHORT: ( Metal Short ) Regular Wire of Net u_ctrl/FE_OFN3582_n_1109988 & Regular Wire of Net u_ctrl/n_1178005  ( metal2 )
Bounds : ( 205.450, 15.120 ) ( 205.520, 15.260 )


SHORT: ( Metal Short ) Regular Wire of Net u_ctrl/n_993843 & Regular Wire of Net u_ctrl/psum_mem[509][1]  ( metal2 )
Bounds : ( 205.640, 12.635 ) ( 205.710, 12.705 )


SHORT: ( Metal Short ) Regular Wire of Net u_ctrl/psum_mem[379][21] & Regular Wire of Net u_ctrl/psum_mem[509][5]  ( metal2 )
Bounds : ( 217.230, 6.055 ) ( 217.300, 6.125 )


SHORT: ( Metal Short ) Regular Wire of Net u_ctrl/psum_mem[379][29] & Regular Wire of Net u_ctrl/FE_OFN1939_n_1109976  ( metal2 )
Bounds : ( 200.130, 21.315 ) ( 200.200, 21.385 )


SHORT: ( Metal Short ) Regular Wire of Net u_ctrl/n_1033990 & Regular Wire of Net u_ctrl/FE_OFN1939_n_1109976  ( metal2 )
Bounds : ( 201.270, 16.835 ) ( 201.340, 16.905 )


SHORT: ( Metal Short ) Regular Wire of Net u_ctrl/psum_mem[383][21] & Regular Wire of Net u_ctrl/n_1174640  ( metal2 )
Bounds : ( 202.790, 18.655 ) ( 202.860, 18.725 )


CUTSPACING: ( Same Layer Cut Spacing ) Regular Wire of Net u_ctrl/FE_OFN6396_n_1033677 & Regular Wire of Net u_ctrl/FE_OFN3439_n_1044142  ( metal4 )
Bounds : ( 192.615, 19.600 ) ( 192.755, 19.740 )


SHORT: ( Metal Short ) Regular Wire of Net u_ctrl/FE_OFN5447_n_1044085 & Regular Wire of Net u_ctrl/FE_OFN10747_n_1033713  ( metal1 )
Bounds : ( 195.000, 19.775 ) ( 195.070, 19.845 )


SHORT: ( Metal Short ) Regular Wire of Net u_ctrl/psum_mem[338][1] & Regular Wire of Net u_ctrl/CTS_1377  ( metal2 )
Bounds : ( 192.495, 16.555 ) ( 192.635, 16.625 )


SHORT: ( Metal Short ) Regular Wire of Net u_ctrl/FE_OFN10747_n_1033713 & Regular Wire of Net u_ctrl/FE_OFN9843_cla_sum_b_21  ( metal2 )
Bounds : ( 194.430, 21.000 ) ( 194.500, 21.140 )


SHORT: ( Metal Short ) Regular Wire of Net u_ctrl/FE_OFN10703_n_1033892 & Regular Wire of Net u_ctrl/FE_OFN8952_n_984006  ( metal2 )
Bounds : ( 195.000, 12.460 ) ( 195.070, 12.600 )


SHORT: ( Metal Short ) Regular Wire of Net u_ctrl/FE_OFN7256_n_993838 & Regular Wire of Net u_ctrl/FE_OFN10703_n_1033892  ( metal2 )
Bounds : ( 201.080, 12.355 ) ( 201.150, 12.425 )


SHORT: ( Metal Short ) Regular Wire of Net u_ctrl/psum_mem[376][21] & Regular Wire of Net u_ctrl/n_1033990  ( metal2 )
Bounds : ( 202.980, 15.995 ) ( 203.050, 16.065 )


SHORT: ( Metal Short ) Regular Wire of Net u_ctrl/psum_mem[497][1] & Regular Wire of Net u_ctrl/FE_OFN3582_n_1109988  ( metal2 )
Bounds : ( 187.400, 21.000 ) ( 187.470, 21.140 )


SHORT: ( Metal Short ) Regular Wire of Net u_ctrl/n_1154937 & Regular Wire of Net u_ctrl/n_1154938  ( metal2 )
Bounds : ( 188.920, 19.495 ) ( 188.990, 19.565 )


SHORT: ( Metal Short ) Regular Wire of Net u_ctrl/n_1155031 & Regular Wire of Net u_ctrl/FE_OFN5452_n_1044144  ( metal2 )
Bounds : ( 190.820, 19.740 ) ( 190.890, 19.880 )


SHORT: ( Metal Short ) Regular Wire of Net u_ctrl/psum_mem[345][1] & Regular Wire of Net u_ctrl/FE_OFN7201_n_983208  ( metal2 )
Bounds : ( 187.210, 16.975 ) ( 187.280, 17.045 )


SHORT: ( Metal Short ) Regular Wire of Net u_ctrl/psum_mem[345][1] & Regular Wire of Net u_ctrl/FE_OFN1810_n_1082864  ( metal2 )
Bounds : ( 187.210, 17.255 ) ( 187.280, 17.325 )


SHORT: ( Metal Short ) Regular Wire of Net u_ctrl/n_1109753 & Regular Wire of Net u_ctrl/n_1153690  ( metal2 )
Bounds : ( 187.970, 17.255 ) ( 188.040, 17.325 )


SHORT: ( Metal Short ) Regular Wire of Net u_ctrl/n_1109753 & Regular Wire of Net u_ctrl/FE_OFN10924_FE_DBTN22_n_1202367  ( metal2 )
Bounds : ( 188.160, 17.255 ) ( 188.230, 17.325 )


SHORT: ( Metal Short ) Regular Wire of Net u_ctrl/FE_OFN997_n_979694 & Regular Wire of Net u_ctrl/n_1109753  ( metal2 )
Bounds : ( 188.350, 17.255 ) ( 188.420, 17.325 )


SHORT: ( Metal Short ) Regular Wire of Net u_ctrl/FE_OFN6061_n_983204 & Regular Wire of Net u_ctrl/psum_mem[336][29]  ( metal2 )
Bounds : ( 189.300, 16.415 ) ( 189.370, 16.485 )


SHORT: ( Metal Short ) Regular Wire of Net u_ctrl/FE_OFN2663_n_1082183 & Regular Wire of Net u_ctrl/CTS_1377  ( metal2 )
Bounds : ( 180.905, 20.755 ) ( 181.045, 20.825 )


SHORT: ( Metal Short ) Regular Wire of Net u_ctrl/psum_mem[346][5] & Regular Wire of Net u_ctrl/FE_OFN2771_n_1110029  ( metal2 )
Bounds : ( 182.840, 18.795 ) ( 182.910, 18.865 )


SHORT: ( Metal Short ) Regular Wire of Net u_ctrl/FE_OFN2588_n_1080626 & Regular Wire of Net u_ctrl/psum_mem[337][1]  ( metal2 )
Bounds : ( 185.880, 17.815 ) ( 185.950, 17.885 )


CUTSPACING: ( Same Layer Cut Spacing ) Regular Wire of Net u_ctrl/FE_OFN3422_n_1033873 & Regular Wire of Net u_ctrl/FE_OFN10624_n_1033871  ( metal4 )
Bounds : ( 182.535, 16.240 ) ( 182.675, 16.380 )


SHORT: ( Metal Short ) Regular Wire of Net u_ctrl/psum_mem[499][5] & Regular Wire of Net u_ctrl/psum_mem[498][1]  ( metal2 )
Bounds : ( 180.940, 14.595 ) ( 181.010, 14.665 )


SHORT: ( Metal Short ) Regular Wire of Net u_ctrl/FE_OFN1154_n_1106413 & Regular Wire of Net u_ctrl/n_1154924  ( metal2 )
Bounds : ( 182.080, 16.275 ) ( 182.150, 16.345 )


SHORT: ( Metal Short ) Regular Wire of Net u_ctrl/n_1154925 & Regular Wire of Net u_ctrl/FE_OFN10761_FE_DBTN27_cla_sum_a_1  ( metal2 )
Bounds : ( 182.460, 15.155 ) ( 182.530, 15.225 )


SHORT: ( Metal Short ) Regular Wire of Net u_ctrl/psum_mem[344][1] & Regular Wire of Net u_ctrl/FE_OFN8804_n_1033850  ( metal2 )
Bounds : ( 185.690, 15.260 ) ( 185.760, 15.400 )


SHORT: ( Metal Short ) Regular Wire of Net u_ctrl/FE_OFN8805_n_1033894 & Regular Wire of Net u_ctrl/FE_OFN6696_n_1172240  ( metal2 )
Bounds : ( 195.760, 9.800 ) ( 195.830, 9.940 )


SHORT: ( Metal Short ) Regular Wire of Net u_ctrl/n_1033896 & Regular Wire of Net u_ctrl/psum_mem[376][29]  ( metal2 )
Bounds : ( 197.660, 9.800 ) ( 197.730, 9.940 )


SHORT: ( Metal Short ) Regular Wire of Net u_ctrl/n_1208600 & Regular Wire of Net u_ctrl/n_1033982  ( metal2 )
Bounds : ( 227.680, 44.555 ) ( 227.750, 44.625 )


SHORT: ( Metal Short ) Regular Wire of Net u_ctrl/FE_OFN1339_n_1204128 & Regular Wire of Net u_ctrl/FE_OFN4608_n_1091743  ( metal2 )
Bounds : ( 224.450, 44.555 ) ( 224.520, 44.625 )


CUTSPACING: ( Same Layer Cut Spacing ) Regular Wire of Net u_ctrl/n_1016585 & Regular Wire of Net u_ctrl/FE_OFN3250_n_994852  ( metal9 )
Bounds : ( 176.185, 74.310 ) ( 176.985, 75.110 )


SHORT: ( Metal Short ) Regular Wire of Net u_ctrl/n_1202366 & Regular Wire of Net u_ctrl/psum_mem[376][22]  ( metal2 )
Bounds : ( 175.050, 67.340 ) ( 175.120, 67.480 )


SHORT: ( Metal Short ) Regular Wire of Net u_ctrl/n_1174603 & Regular Wire of Net u_ctrl/FE_OFN4288_n_1020227  ( metal2 )
Bounds : ( 179.230, 75.215 ) ( 179.300, 75.285 )


SHORT: ( Metal Short ) Regular Wire of Net u_ctrl/n_1041944 & Regular Wire of Net u_ctrl/psum_mem[346][29]  ( metal2 )
Bounds : ( 160.230, 74.060 ) ( 160.300, 74.200 )


CUTSPACING: ( Same Layer Cut Spacing ) Regular Wire of Net u_ctrl/n_1044656 & Regular Wire of Net u_ctrl/FE_OFN2616_n_1081493  ( metal5 )
Bounds : ( 165.315, 74.900 ) ( 165.455, 75.040 )


SHORT: ( Metal Short ) Regular Wire of Net u_ctrl/n_983566 & Regular Wire of Net u_ctrl/CTS_1385  ( metal2 )
Bounds : ( 157.345, 79.835 ) ( 157.485, 79.905 )


SHORT: ( Metal Short ) Regular Wire of Net u_ctrl/n_1155155 & Regular Wire of Net u_ctrl/n_1112556  ( metal2 )
Bounds : ( 150.540, 79.835 ) ( 150.610, 79.905 )


SHORT: ( Metal Short ) Regular Wire of Net u_ctrl/FE_OFN10014_FE_DBTN66_cla_sum_b_21 & Regular Wire of Net u_ctrl/FE_OFN1279_n_1190704  ( metal2 )
Bounds : ( 149.590, 79.800 ) ( 149.660, 79.940 )


SHORT: ( Metal Short ) Regular Wire of Net u_ctrl/psum_mem[469][34] & Regular Wire of Net u_ctrl/n_1019506  ( metal2 )
Bounds : ( 149.210, 79.800 ) ( 149.280, 79.940 )


SHORT: ( Metal Short ) Regular Wire of Net u_ctrl/FE_OFN2422_n_1177708 & Regular Wire of Net u_ctrl/n_1019506  ( metal3 )
Bounds : ( 149.210, 80.115 ) ( 149.280, 80.185 )


SHORT: ( Metal Short ) Regular Wire of Net u_ctrl/FE_OFN3639_n_1220823 & Regular Wire of Net u_ctrl/n_1224762  ( metal2 )
Bounds : ( 140.850, 78.995 ) ( 140.920, 79.065 )


SHORT: ( Metal Short ) Regular Wire of Net u_ctrl/n_1223756 & Regular Wire of Net u_ctrl/n_1019415  ( metal3 )
Bounds : ( 138.950, 78.575 ) ( 139.020, 78.645 )


SHORT: ( Metal Short ) Regular Wire of Net u_ctrl/FE_OFN3944_n_1177637 & Regular Wire of Net u_ctrl/n_1223756  ( metal3 )
Bounds : ( 138.950, 78.715 ) ( 139.020, 78.785 )


SPACING: ( ParallelRunLength Spacing ) Regular Wire of Net u_ctrl/n_1225544 & Regular Wire of Net u_ctrl/CTS_1385  ( metal3 )
Bounds : ( 142.525, 78.645 ) ( 142.665, 78.680 )


CUTSPACING: ( Same Layer Cut Spacing ) Regular Wire of Net u_ctrl/FE_OFN8385_n_994989 & Regular Wire of Net u_ctrl/FE_OFN1977_n_1175910  ( metal5 )
Bounds : ( 151.315, 71.540 ) ( 151.455, 71.680 )


CUTSPACING: ( Same Layer Cut Spacing ) Regular Wire of Net u_ctrl/psum_mem[479][29] & Regular Wire of Net u_ctrl/FE_OFN1391_n_1145373  ( metal5 )
Bounds : ( 154.115, 72.380 ) ( 154.255, 72.520 )


SHORT: ( Metal Short ) Regular Wire of Net u_ctrl/CTS_1385 & Regular Wire of Net u_ctrl/FE_OFN10926_FE_DBTN22_n_1202367  ( metal2 )
Bounds : ( 152.215, 67.375 ) ( 152.355, 67.445 )


SHORT: ( Metal Short ) Regular Wire of Net u_ctrl/n_1223904 & Regular Wire of Net u_ctrl/n_1172498  ( metal2 )
Bounds : ( 155.100, 72.940 ) ( 155.170, 73.080 )


SHORT: ( Metal Short ) Regular Wire of Net u_ctrl/n_1183661 & Regular Wire of Net u_ctrl/CTS_1385  ( metal2 )
Bounds : ( 142.370, 74.200 ) ( 142.440, 74.480 )


SHORT: ( Metal Short ) Regular Wire of Net u_ctrl/FE_OFN6083_n_985692 & Regular Wire of Net u_ctrl/n_1177968  ( metal2 )
Bounds : ( 142.940, 73.815 ) ( 143.010, 73.885 )


SHORT: ( Metal Short ) Regular Wire of Net u_ctrl/FE_OFN1437_n_1208868 & Regular Wire of Net u_ctrl/n_985782  ( metal5 )
Bounds : ( 144.595, 74.200 ) ( 144.735, 74.340 )


SPACING: ( ParallelRunLength Spacing ) Regular Wire of Net u_ctrl/n_985694 & Regular Wire of Net u_ctrl/CTS_1385  ( metal3 )
Bounds : ( 142.095, 73.080 ) ( 142.145, 73.115 )


SHORT: ( Metal Short ) Regular Wire of Net u_ctrl/FE_OFN10288_n_1177635 & Regular Wire of Net u_ctrl/FE_OFN2050_n_1184010  ( metal2 )
Bounds : ( 141.230, 67.340 ) ( 141.300, 67.480 )


SHORT: ( Metal Short ) Regular Wire of Net u_ctrl/FE_OFN10288_n_1177635 & Regular Wire of Net u_ctrl/psum_mem[467][37]  ( metal2 )
Bounds : ( 141.040, 67.375 ) ( 141.110, 67.445 )


SHORT: ( Metal Short ) Regular Wire of Net u_ctrl/n_1177968 & Regular Wire of Net u_ctrl/n_1177969  ( metal2 )
Bounds : ( 142.370, 70.455 ) ( 142.440, 70.525 )


SHORT: ( Metal Short ) Regular Wire of Net u_ctrl/n_1177968 & Regular Wire of Net u_ctrl/n_985694  ( metal2 )
Bounds : ( 144.840, 67.655 ) ( 144.910, 67.725 )


SHORT: ( Metal Short ) Regular Wire of Net u_ctrl/n_1178700 & Regular Wire of Net u_ctrl/FE_OFN10648_n_1188537  ( metal3 )
Bounds : ( 144.270, 69.755 ) ( 144.340, 69.825 )


SHORT: ( Metal Short ) Regular Wire of Net u_ctrl/psum_mem[466][36] & Regular Wire of Net u_ctrl/n_1033843  ( metal6 )
Bounds : ( 138.995, 68.040 ) ( 139.135, 68.460 )


SHORT: ( Metal Short ) Regular Wire of Net u_ctrl/FE_OFN1384_n_1202104 & Regular Wire of Net u_ctrl/FE_OFN8428_n_1016411  ( metal7 )
Bounds : ( 146.145, 70.430 ) ( 146.545, 70.830 )


SPACING: ( ParallelRunLength Spacing ) Regular Wire of Net u_ctrl/n_1221608 & Regular Wire of Net u_ctrl/n_1177969  ( metal2 )
Bounds : ( 142.370, 70.105 ) ( 142.440, 70.140 )


SPACING: ( ParallelRunLength Spacing ) Regular Wire of Net u_ctrl/CTS_1385 & Regular Wire of Net u_ctrl/n_1033970  ( metal2 )
Bounds : ( 157.950, 69.160 ) ( 158.055, 69.195 )


SHORT: ( Metal Short ) Regular Wire of Net u_ctrl/FE_OFN3619_n_1110008 & Regular Wire of Net u_ctrl/FE_OFN8850_n_1177691  ( metal2 )
Bounds : ( 172.200, 62.195 ) ( 172.270, 62.265 )


SHORT: ( Metal Short ) Regular Wire of Net u_ctrl/n_1174603 & Regular Wire of Net u_ctrl/FE_OFN765_psum_mem_497__29  ( metal2 )
Bounds : ( 179.230, 62.580 ) ( 179.300, 62.720 )


SHORT: ( Metal Short ) Regular Wire of Net u_ctrl/n_1033689 & Regular Wire of Net u_ctrl/FE_OFN8055_n_1153939  ( metal6 )
Bounds : ( 161.115, 59.360 ) ( 161.255, 59.500 )


SHORT: ( Metal Short ) Regular Wire of Net u_ctrl/psum_mem[472][29] & Regular Wire of Net u_ctrl/n_1249050  ( metal2 )
Bounds : ( 159.850, 62.615 ) ( 159.920, 62.685 )


SHORT: ( Metal Short ) Regular Wire of Net u_ctrl/n_1202482 & Pin of Cell u_ctrl/g869429  ( metal1 )
Bounds : ( 164.980, 57.715 ) ( 165.050, 57.785 )


SHORT: ( Metal Short ) Regular Wire of Net u_ctrl/CTS_1385 & Regular Wire of Net u_ctrl/n_1155155  ( metal2 )
Bounds : ( 162.510, 60.200 ) ( 162.580, 60.340 )


SHORT: ( Metal Short ) Regular Wire of Net u_ctrl/n_1177648 & Regular Wire of Net u_ctrl/FE_OFN1810_n_1082864  ( metal2 )
Bounds : ( 164.600, 63.000 ) ( 164.670, 63.140 )


CUTSPACING: ( Same Layer Cut Spacing ) Regular Wire of Net u_ctrl/FE_OFN5080_n_985955 & Regular Wire of Net u_ctrl/FE_OFN8154_n_1225795  ( metal5 )
Bounds : ( 160.275, 49.420 ) ( 160.415, 49.560 )


CUTSPACING: ( Same Layer Cut Spacing ) Regular Wire of Net u_ctrl/FE_OFN10413_n_994980 & Regular Wire of Net u_ctrl/FE_OFN5146_n_994977  ( metal5 )
Bounds : ( 163.075, 51.380 ) ( 163.215, 51.520 )


CUTSPACING: ( Same Layer Cut Spacing ) Regular Wire of Net u_ctrl/FE_OFN6396_n_1033677 & Regular Wire of Net u_ctrl/FE_OFN1887_n_1088018  ( metal5 )
Bounds : ( 167.975, 52.640 ) ( 168.115, 52.780 )


SHORT: ( Metal Short ) Regular Wire of Net u_ctrl/psum_mem[500][21] & Regular Wire of Net u_ctrl/FE_OFN3619_n_1110008  ( metal2 )
Bounds : ( 174.670, 52.535 ) ( 174.740, 52.605 )


SHORT: ( Metal Short ) Regular Wire of Net u_ctrl/psum_mem[496][21] & Regular Wire of Net u_ctrl/CTS_1380  ( metal2 )
Bounds : ( 179.420, 44.695 ) ( 179.490, 44.765 )


SHORT: ( Metal Short ) Regular Wire of Net u_ctrl/CTS_1385 & Regular Wire of Net u_ctrl/FE_OFN2422_n_1177708  ( metal2 )
Bounds : ( 148.225, 61.775 ) ( 148.365, 61.845 )


CUTSPACING: ( Same Layer Cut Spacing ) Regular Wire of Net u_ctrl/n_1045177 & Regular Wire of Net u_ctrl/FE_OFN7392_n_1033950  ( metal5 )
Bounds : ( 144.035, 65.940 ) ( 144.175, 66.080 )


CUTSPACING: ( Same Layer Cut Spacing ) Regular Wire of Net u_ctrl/FE_OFN3937_n_1177833 & Regular Wire of Net u_ctrl/FE_OFN2081_n_1186313  ( metal5 )
Bounds : ( 145.715, 63.980 ) ( 145.855, 64.120 )


SHORT: ( Metal Short ) Regular Wire of Net u_ctrl/n_1194700 & Regular Wire of Net u_ctrl/n_985694  ( metal2 )
Bounds : ( 144.650, 65.800 ) ( 144.720, 65.940 )


SHORT: ( Metal Short ) Regular Wire of Net u_ctrl/FE_OFN2032_n_1184007 & Regular Wire of Net u_ctrl/n_1244745  ( metal2 )
Bounds : ( 145.980, 62.195 ) ( 146.050, 62.265 )


SPACING: ( ParallelRunLength Spacing ) Regular Wire of Net u_ctrl/n_1177969 & Regular Wire of Net u_ctrl/CTS_1385  ( metal2 )
Bounds : ( 145.100, 64.540 ) ( 145.185, 64.960 )


SHORT: ( Metal Short ) Regular Wire of Net u_ctrl/FE_OFN3944_n_1177637 & Regular Wire of Net u_ctrl/FE_OFN4536_n_1078730  ( metal2 )
Bounds : ( 139.520, 66.955 ) ( 139.590, 67.025 )


SHORT: ( Metal Short ) Regular Wire of Net u_ctrl/n_1226855 & Regular Wire of Net u_ctrl/FE_OFN3944_n_1177637  ( metal2 )
Bounds : ( 139.710, 66.955 ) ( 139.780, 67.025 )


SHORT: ( Metal Short ) Regular Wire of Net u_ctrl/FE_OFN3944_n_1177637 & Regular Wire of Net u_ctrl/n_1177968  ( metal2 )
Bounds : ( 140.660, 64.540 ) ( 140.730, 64.680 )


SHORT: ( Metal Short ) Regular Wire of Net u_ctrl/FE_OFN4536_n_1078730 & Regular Wire of Net u_ctrl/CTS_1385  ( metal3 )
Bounds : ( 139.710, 66.115 ) ( 139.780, 66.185 )


SHORT: ( Metal Short ) Regular Wire of Net u_ctrl/FE_OFN10288_n_1177635 & Regular Wire of Net u_ctrl/FE_OFN4536_n_1078730  ( metal3 )
Bounds : ( 139.710, 66.535 ) ( 139.780, 66.605 )


SHORT: ( Metal Short ) Regular Wire of Net u_ctrl/n_1044142 & Regular Wire of Net u_ctrl/psum_mem[468][39]  ( metal3 )
Bounds : ( 140.470, 62.615 ) ( 140.540, 62.685 )


SHORT: ( Metal Short ) Regular Wire of Net u_ctrl/FE_OFN3417_n_1033675 & Regular Wire of Net u_ctrl/FE_OFN5159_n_995127  ( metal5 )
Bounds : ( 140.395, 66.360 ) ( 140.535, 66.500 )


SPACING: ( ParallelRunLength Spacing ) Regular Wire of Net u_ctrl/FE_OFN6083_n_985692 & Regular Wire of Net u_ctrl/FE_OFN3944_n_1177637  ( metal2 )
Bounds : ( 140.850, 64.365 ) ( 140.920, 64.400 )


SHORT: ( Metal Short ) Regular Wire of Net u_ctrl/FE_OFN2050_n_1184010 & Regular Wire of Net u_ctrl/n_1184766  ( metal2 )
Bounds : ( 144.840, 60.795 ) ( 144.910, 60.865 )


SHORT: ( Metal Short ) Regular Wire of Net u_ctrl/FE_OFN2151_n_1197242 & Regular Wire of Net u_ctrl/n_1019415  ( metal3 )
Bounds : ( 140.280, 59.255 ) ( 140.350, 59.325 )


CUTSPACING: ( Same Layer Cut Spacing ) Regular Wire of Net u_ctrl/FE_OFN3047_n_1222993 & Regular Wire of Net u_ctrl/FE_OFN5850_n_1222397  ( metal4 )
Bounds : ( 139.275, 59.500 ) ( 139.415, 59.640 )


SHORT: ( Metal Short ) Regular Wire of Net u_ctrl/n_1019415 & Regular Wire of Net u_ctrl/FE_OFN5850_n_1222397  ( metal5 )
Bounds : ( 140.675, 59.640 ) ( 140.815, 59.780 )


SHORT: ( Metal Short ) Regular Wire of Net u_ctrl/FE_OFN10288_n_1177635 & Regular Wire of Net u_ctrl/FE_OFN10522_n_994983  ( metal5 )
Bounds : ( 140.395, 58.520 ) ( 140.535, 58.660 )


SHORT: ( Metal Short ) Regular Wire of Net u_ctrl/FE_OFN7925_n_995325 & Regular Wire of Net u_ctrl/FE_OFN6599_n_1225555  ( metal5 )
Bounds : ( 140.395, 56.560 ) ( 140.535, 56.700 )


SHORT: ( Metal Short ) Regular Wire of Net u_ctrl/FE_OFN10522_n_994983 & Regular Wire of Net u_ctrl/FE_OFN1318_n_1197239  ( metal5 )
Bounds : ( 137.875, 58.520 ) ( 138.015, 58.660 )


SHORT: ( Metal Short ) Regular Wire of Net u_ctrl/n_1223904 & Regular Wire of Net u_ctrl/n_1223902  ( metal3 )
Bounds : ( 140.280, 57.855 ) ( 140.350, 57.925 )


SHORT: ( Metal Short ) Regular Wire of Net u_ctrl/FE_OFN3944_n_1177637 & Regular Wire of Net u_ctrl/psum_mem[467][31]  ( metal3 )
Bounds : ( 139.710, 56.035 ) ( 139.780, 56.105 )


SHORT: ( Metal Short ) Regular Wire of Net u_ctrl/n_1224756 & Regular Wire of Net u_ctrl/FE_OFN3944_n_1177637  ( metal3 )
Bounds : ( 139.710, 55.895 ) ( 139.780, 55.965 )


SHORT: ( Metal Short ) Regular Wire of Net u_ctrl/n_1045008 & Regular Wire of Net u_ctrl/FE_OFN3944_n_1177637  ( metal2 )
Bounds : ( 139.330, 56.315 ) ( 139.400, 56.385 )


SHORT: ( Metal Short ) Regular Wire of Net u_ctrl/FE_OFN2232_n_1221207 & Regular Wire of Net u_ctrl/FE_OFN6599_n_1225555  ( metal5 )
Bounds : ( 140.675, 56.840 ) ( 140.815, 56.980 )


SPACING: ( ParallelRunLength Spacing ) Regular Wire of Net u_ctrl/FE_OFN3944_n_1177637 & Regular Wire of Net u_ctrl/FE_OFN4653_n_1220843  ( metal2 )
Bounds : ( 139.140, 57.365 ) ( 139.210, 57.400 )


SHORT: ( Metal Short ) Regular Wire of Net u_ctrl/CTS_1379 & Regular Wire of Net u_ctrl/FE_OFN9739_n_1177910  ( metal2 )
Bounds : ( 147.465, 50.575 ) ( 147.605, 50.645 )


SHORT: ( Metal Short ) Regular Wire of Net u_ctrl/FE_OFN3944_n_1177637 & Regular Wire of Net u_ctrl/n_1019415  ( metal2 )
Bounds : ( 144.080, 54.600 ) ( 144.150, 54.740 )


SHORT: ( Metal Short ) Regular Wire of Net u_ctrl/psum_mem[467][34] & Regular Wire of Net u_ctrl/FE_OFN3944_n_1177637  ( metal2 )
Bounds : ( 144.235, 54.215 ) ( 144.375, 54.285 )


SHORT: ( Metal Short ) Regular Wire of Net u_ctrl/psum_mem[471][34] & Regular Wire of Net u_ctrl/FE_OFN3944_n_1177637  ( metal2 )
Bounds : ( 144.460, 54.215 ) ( 144.530, 54.285 )


SHORT: ( Metal Short ) Regular Wire of Net u_ctrl/FE_OFN2113_n_1190727 & Regular Wire of Net u_ctrl/n_1225553  ( metal2 )
Bounds : ( 145.600, 53.935 ) ( 145.670, 54.005 )


SHORT: ( Metal Short ) Regular Wire of Net u_ctrl/psum_mem[467][34] & Regular Wire of Net u_ctrl/FE_OFN2095_n_1188540  ( metal3 )
Bounds : ( 145.185, 53.935 ) ( 145.325, 54.005 )


SHORT: ( Metal Short ) Regular Wire of Net u_ctrl/FE_OFN2095_n_1188540 & Regular Wire of Net u_ctrl/CTS_1379  ( metal3 )
Bounds : ( 145.220, 53.340 ) ( 145.290, 53.480 )


SHORT: ( Metal Short ) Regular Wire of Net u_ctrl/n_1019415 & Regular Wire of Net u_ctrl/FE_OFN8387_n_995166  ( metal5 )
Bounds : ( 144.315, 53.760 ) ( 144.455, 53.900 )


SHORT: ( Metal Short ) Regular Wire of Net u_ctrl/FE_OFN5176_n_995322 & Regular Wire of Net u_ctrl/n_1019415  ( metal5 )
Bounds : ( 144.315, 54.040 ) ( 144.455, 54.180 )


SHORT: ( Metal Short ) Regular Wire of Net u_ctrl/FE_OFN3251_n_994855 & Regular Wire of Net u_ctrl/n_1019415  ( metal5 )
Bounds : ( 144.315, 54.320 ) ( 144.455, 54.460 )


SPACING: ( ParallelRunLength Spacing ) Regular Wire of Net u_ctrl/FE_OFN3944_n_1177637 & Regular Wire of Net u_ctrl/psum_mem[507][34]  ( metal2 )
Bounds : ( 144.080, 54.180 ) ( 144.150, 54.215 )


SPACING: ( ParallelRunLength Spacing ) Regular Wire of Net u_ctrl/FE_OFN10288_n_1177635 & Regular Wire of Net u_ctrl/FE_OFN3944_n_1177637  ( metal2 )
Bounds : ( 144.650, 54.740 ) ( 144.720, 54.775 )


SHORT: ( Metal Short ) Regular Wire of Net u_ctrl/FE_OFN4180_n_995128 & Regular Wire of Net u_ctrl/FE_OFN2722_n_1109978  ( metal2 )
Bounds : ( 142.560, 54.215 ) ( 142.630, 54.285 )


SHORT: ( Metal Short ) Regular Wire of Net u_ctrl/FE_OFN3944_n_1177637 & Regular Wire of Net u_ctrl/n_1225550  ( metal2 )
Bounds : ( 142.940, 55.055 ) ( 143.010, 55.125 )


SHORT: ( Metal Short ) Regular Wire of Net u_ctrl/FE_OFN6519_n_1045175 & Regular Wire of Net u_ctrl/FE_OFN2722_n_1109978  ( metal3 )
Bounds : ( 141.610, 55.615 ) ( 141.680, 55.685 )


SHORT: ( Metal Short ) Regular Wire of Net u_ctrl/psum_mem[466][39] & Regular Wire of Net u_ctrl/FE_OFN1962_n_1175175  ( metal3 )
Bounds : ( 141.990, 54.775 ) ( 142.060, 54.845 )


SHORT: ( Metal Short ) Regular Wire of Net u_ctrl/FE_OFN3479_n_1045182 & Regular Wire of Net u_ctrl/FE_OFN3260_n_994974  ( metal5 )
Bounds : ( 142.355, 55.160 ) ( 142.495, 55.300 )


SHORT: ( Metal Short ) Regular Wire of Net u_ctrl/FE_OFN3268_n_995122 & Regular Wire of Net u_ctrl/FE_OFN3479_n_1045182  ( metal5 )
Bounds : ( 142.355, 55.440 ) ( 142.495, 55.580 )


SPACING: ( ParallelRunLength Spacing ) Regular Wire of Net u_ctrl/FE_OFN4180_n_995128 & Regular Wire of Net u_ctrl/psum_mem[467][34]  ( metal2 )
Bounds : ( 143.130, 54.740 ) ( 143.200, 54.775 )


SPACING: ( ParallelRunLength Spacing ) Regular Wire of Net u_ctrl/FE_OFN6519_n_1045175 & Regular Wire of Net u_ctrl/FE_OFN2722_n_1109978  ( metal3 )
Bounds : ( 141.715, 55.475 ) ( 141.765, 55.545 )


SHORT: ( Metal Short ) Regular Wire of Net u_ctrl/n_1191237 & Regular Wire of Net u_ctrl/CTS_1379  ( metal2 )
Bounds : ( 144.235, 52.395 ) ( 144.375, 52.465 )


SHORT: ( Metal Short ) Regular Wire of Net u_ctrl/CTS_1379 & Regular Wire of Net u_ctrl/FE_OFN4180_n_995128  ( metal2 )
Bounds : ( 140.815, 54.355 ) ( 140.955, 54.425 )


SHORT: ( Metal Short ) Regular Wire of Net u_ctrl/FE_OFN4180_n_995128 & Regular Wire of Net u_ctrl/n_1223904  ( metal2 )
Bounds : ( 140.470, 54.355 ) ( 140.540, 54.425 )


SHORT: ( Metal Short ) Regular Wire of Net u_ctrl/n_1045008 & Regular Wire of Net u_ctrl/FE_OFN6519_n_1045175  ( metal2 )
Bounds : ( 139.330, 55.615 ) ( 139.400, 55.685 )


CUTSPACING: ( Same Layer Cut Spacing ) Regular Wire of Net u_ctrl/psum_mem[338][34] & Regular Wire of Net u_ctrl/n_1019415  ( metal2 )
Bounds : ( 140.280, 53.445 ) ( 140.350, 53.515 )


SHORT: ( Metal Short ) Regular Wire of Net u_ctrl/CTS_1379 & Regular Wire of Net u_ctrl/FE_OFN10288_n_1177635  ( metal2 )
Bounds : ( 140.850, 54.600 ) ( 140.920, 54.740 )


SHORT: ( Metal Short ) Regular Wire of Net u_ctrl/FE_OFN10288_n_1177635 & Regular Wire of Net u_ctrl/CTS_1379  ( metal2 )
Bounds : ( 140.850, 54.635 ) ( 140.955, 54.705 )


SHORT: ( Metal Short ) Regular Wire of Net u_ctrl/FE_OFN2722_n_1109978 & Regular Wire of Net u_ctrl/FE_OFN6519_n_1045175  ( metal3 )
Bounds : ( 139.295, 55.615 ) ( 139.435, 55.685 )


SHORT: ( Metal Short ) Regular Wire of Net u_ctrl/psum_mem[467][39] & Regular Wire of Net u_ctrl/n_1224760  ( metal3 )
Bounds : ( 139.520, 54.775 ) ( 139.590, 54.845 )


SHORT: ( Metal Short ) Regular Wire of Net u_ctrl/FE_OFN2098_n_1188540 & Regular Wire of Net u_ctrl/FE_OFN4180_n_995128  ( metal3 )
Bounds : ( 140.435, 54.355 ) ( 140.575, 54.425 )


SHORT: ( Metal Short ) Regular Wire of Net u_ctrl/n_1224760 & Regular Wire of Net u_ctrl/FE_OFN2098_n_1188540  ( metal3 )
Bounds : ( 140.850, 54.355 ) ( 140.920, 54.425 )


SHORT: ( Metal Short ) Regular Wire of Net u_ctrl/n_1224760 & Regular Wire of Net u_ctrl/n_1177648  ( metal3 )
Bounds : ( 140.850, 54.495 ) ( 140.920, 54.565 )


SHORT: ( Metal Short ) Regular Wire of Net u_ctrl/n_1045008 & Regular Wire of Net u_ctrl/n_1232210  ( metal5 )
Bounds : ( 138.995, 53.480 ) ( 139.415, 53.620 )


SPACING: ( ParallelRunLength Spacing ) Regular Wire of Net u_ctrl/n_1223904 & Regular Wire of Net u_ctrl/CTS_1379  ( metal2 )
Bounds : ( 140.730, 53.760 ) ( 140.815, 54.145 )


SPACING: ( ParallelRunLength Spacing ) Regular Wire of Net u_ctrl/CTS_1379 & Regular Wire of Net u_ctrl/n_1177638  ( metal2 )
Bounds : ( 140.765, 54.215 ) ( 140.815, 54.285 )


SHORT: ( Metal Short ) Regular Wire of Net u_ctrl/n_1221608 & Regular Wire of Net u_ctrl/psum_mem[466][39]  ( metal2 )
Bounds : ( 138.000, 54.215 ) ( 138.070, 54.285 )


SHORT: ( Metal Short ) Regular Wire of Net u_ctrl/FE_OFN5159_n_995127 & Regular Wire of Net u_ctrl/n_1221608  ( metal2 )
Bounds : ( 137.620, 55.055 ) ( 137.690, 55.125 )


SHORT: ( Metal Short ) Regular Wire of Net u_ctrl/n_1240205 & Regular Wire of Net u_ctrl/n_1221608  ( metal2 )
Bounds : ( 137.430, 53.795 ) ( 137.500, 53.865 )


SHORT: ( Metal Short ) Regular Wire of Net u_ctrl/FE_OFN2138_n_1195019 & Regular Wire of Net u_ctrl/psum_mem[475][39]  ( metal6 )
Bounds : ( 137.875, 55.160 ) ( 138.015, 55.300 )


SHORT: ( Metal Short ) Regular Wire of Net u_ctrl/n_1186686 & Regular Wire of Net u_ctrl/FE_OFN6330_n_1020769  ( metal2 )
Bounds : ( 137.620, 50.540 ) ( 137.690, 50.680 )


SHORT: ( Metal Short ) Regular Wire of Net u_ctrl/n_1186686 & Regular Wire of Net u_ctrl/FE_OFN2151_n_1197242  ( metal2 )
Bounds : ( 139.330, 52.955 ) ( 139.400, 53.025 )


SHORT: ( Metal Short ) Regular Wire of Net u_ctrl/FE_OFN1977_n_1175910 & Regular Wire of Net u_ctrl/n_1045177  ( metal3 )
Bounds : ( 135.635, 51.835 ) ( 135.775, 51.905 )


SHORT: ( Metal Short ) Regular Wire of Net u_ctrl/FE_OFN10288_n_1177635 & Regular Wire of Net u_ctrl/FE_OFN3944_n_1177637  ( metal2 )
Bounds : ( 141.040, 54.635 ) ( 141.110, 54.705 )


SHORT: ( Metal Short ) Regular Wire of Net u_ctrl/FE_OFN9315_n_1033974 & Regular Wire of Net u_ctrl/n_1191799  ( metal3 )
Bounds : ( 146.550, 49.035 ) ( 146.620, 49.105 )


SHORT: ( Metal Short ) Regular Wire of Net u_ctrl/n_1194176 & Regular Wire of Net u_ctrl/FE_OFN3067_n_1178729  ( metal2 )
Bounds : ( 145.220, 46.235 ) ( 145.290, 46.305 )


SHORT: ( Metal Short ) Regular Wire of Net u_ctrl/n_1045173 & Regular Wire of Net u_ctrl/n_1225553  ( metal2 )
Bounds : ( 144.270, 46.795 ) ( 144.340, 46.865 )


SHORT: ( Metal Short ) Regular Wire of Net u_ctrl/FE_OFN5157_n_995124 & Regular Wire of Net u_ctrl/n_1045625  ( metal5 )
Bounds : ( 144.595, 44.800 ) ( 144.735, 44.940 )


SHORT: ( Metal Short ) Regular Wire of Net u_ctrl/FE_OFN10648_n_1188537 & Regular Wire of Net u_ctrl/FE_OFN2081_n_1186313  ( metal6 )
Bounds : ( 144.875, 47.040 ) ( 145.015, 47.180 )


SHORT: ( Metal Short ) Regular Wire of Net u_ctrl/FE_OFN5157_n_995124 & Regular Wire of Net u_ctrl/FE_OFN3067_n_1178729  ( metal3 )
Bounds : ( 143.130, 45.395 ) ( 143.200, 45.465 )


SHORT: ( Metal Short ) Regular Wire of Net u_ctrl/FE_OFN890_cla_sum_b_33 & Regular Wire of Net u_ctrl/CTS_1379  ( metal3 )
Bounds : ( 142.335, 46.235 ) ( 142.495, 46.305 )


SHORT: ( Metal Short ) Regular Wire of Net u_ctrl/n_1178728 & Regular Wire of Net u_ctrl/n_1188558  ( metal2 )
Bounds : ( 141.420, 45.955 ) ( 141.490, 46.025 )


SHORT: ( Metal Short ) Regular Wire of Net u_ctrl/FE_OFN3538_n_1079490 & Regular Wire of Net u_ctrl/FE_OFN3067_n_1178729  ( metal2 )
Bounds : ( 142.560, 46.235 ) ( 142.630, 46.305 )


SHORT: ( Metal Short ) Regular Wire of Net u_ctrl/FE_OFN3067_n_1178729 & Regular Wire of Net u_ctrl/n_1194175  ( metal3 )
Bounds : ( 143.320, 45.675 ) ( 143.390, 45.745 )


SHORT: ( Metal Short ) Regular Wire of Net u_ctrl/psum_mem[373][21] & Regular Wire of Net u_ctrl/psum_mem[471][32]  ( metal5 )
Bounds : ( 142.915, 45.920 ) ( 143.055, 46.060 )


SPACING: ( ParallelRunLength Spacing ) Regular Wire of Net u_ctrl/FE_OFN2072_n_1186310 & Regular Wire of Net u_ctrl/FE_OFN3067_n_1178729  ( metal2 )
Bounds : ( 142.750, 45.745 ) ( 142.820, 45.780 )


SPACING: ( ParallelRunLength Spacing ) Regular Wire of Net u_ctrl/FE_OFN3538_n_1079490 & Regular Wire of Net u_ctrl/FE_OFN3067_n_1178729  ( metal3 )
Bounds : ( 142.665, 45.815 ) ( 142.715, 45.885 )


SHORT: ( Metal Short ) Regular Wire of Net u_ctrl/psum_mem[464][39] & Regular Wire of Net u_ctrl/n_1195628  ( metal2 )
Bounds : ( 138.950, 44.835 ) ( 139.020, 44.905 )


SHORT: ( Metal Short ) Regular Wire of Net u_ctrl/n_1221603 & Regular Wire of Net u_ctrl/psum_mem[464][39]  ( metal2 )
Bounds : ( 139.140, 46.235 ) ( 139.210, 46.305 )


SHORT: ( Metal Short ) Regular Wire of Net u_ctrl/CTS_1379 & Regular Wire of Net u_ctrl/n_1221603  ( metal2 )
Bounds : ( 139.485, 46.795 ) ( 139.625, 46.865 )


SHORT: ( Metal Short ) Regular Wire of Net u_ctrl/n_1221603 & Regular Wire of Net u_ctrl/n_1045173  ( metal2 )
Bounds : ( 139.900, 46.795 ) ( 139.970, 46.865 )


SHORT: ( Metal Short ) Regular Wire of Net u_ctrl/n_1045625 & Regular Wire of Net u_ctrl/n_1044079  ( metal5 )
Bounds : ( 136.755, 44.800 ) ( 136.895, 44.940 )


SHORT: ( Metal Short ) Regular Wire of Net u_ctrl/n_1033846 & Regular Wire of Net u_ctrl/FE_OFN7971_n_1019501  ( metal10 )
Bounds : ( 157.705, 49.510 ) ( 158.505, 50.310 )


SHORT: ( Metal Short ) Regular Wire of Net u_ctrl/CTS_1383 & Regular Wire of Net u_ctrl/FE_OFN2081_n_1186313  ( metal2 )
Bounds : ( 129.415, 80.115 ) ( 129.555, 80.185 )


SHORT: ( Metal Short ) Regular Wire of Net u_ctrl/psum_mem[468][34] & Regular Wire of Net u_ctrl/n_1223908  ( metal4 )
Bounds : ( 135.075, 80.360 ) ( 135.215, 80.500 )


SHORT: ( Metal Short ) Regular Wire of Net u_ctrl/CTS_1382 & Regular Wire of Net u_ctrl/n_1052331  ( metal5 )
Bounds : ( 124.715, 79.100 ) ( 125.415, 79.100 )


SPACING: ( ParallelRunLength Spacing ) Regular Wire of Net u_ctrl/FE_OFN3880_n_1223758 & Pin of Cell u_ctrl/FE_OFC3880_n_1223758  ( metal1 )
Bounds : ( 134.685, 78.995 ) ( 134.745, 79.065 )


SHORT: ( Metal Short ) Regular Wire of Net u_ctrl/CTS_1382 & Regular Wire of Net u_ctrl/FE_OFN1221_n_1145344  ( metal6 )
Bounds : ( 124.015, 80.080 ) ( 124.015, 81.620 )


SHORT: ( Metal Short ) Regular Wire of Net u_ctrl/FE_OFN5586_n_1220882 & Regular Wire of Net u_ctrl/CTS_1382  ( metal5 )
Bounds : ( 123.875, 80.080 ) ( 124.855, 80.080 )


CUTSPACING: ( Same Layer Cut Spacing ) Regular Wire of Net u_ctrl/FE_OFN5008_n_1187027 & Regular Wire of Net u_ctrl/CTS_1382  ( metal4 )
Bounds : ( 127.655, 76.440 ) ( 127.795, 76.580 )


SHORT: ( Metal Short ) Regular Wire of Net u_ctrl/psum_mem[341][38] & Regular Wire of Net u_ctrl/FE_OFN1985_n_1177048  ( metal2 )
Bounds : ( 124.510, 75.915 ) ( 124.580, 75.985 )


SHORT: ( Metal Short ) Regular Wire of Net u_ctrl/n_1177982 & Regular Wire of Net u_ctrl/psum_mem[469][36]  ( metal2 )
Bounds : ( 129.450, 74.935 ) ( 129.520, 75.005 )


SHORT: ( Metal Short ) Regular Wire of Net u_ctrl/n_1240206 & Regular Wire of Net u_ctrl/FE_OFN3382_n_1020821  ( metal10 )
Bounds : ( 125.785, 73.510 ) ( 126.585, 74.310 )


SHORT: ( Metal Short ) Regular Wire of Net u_ctrl/FE_OFN2072_n_1186310 & Regular Wire of Net u_ctrl/n_1177652  ( metal2 )
Bounds : ( 119.950, 74.200 ) ( 120.020, 74.340 )


SHORT: ( Metal Short ) Regular Wire of Net u_ctrl/psum_mem[338][36] & Regular Wire of Net u_ctrl/FE_OFN2072_n_1186310  ( metal2 )
Bounds : ( 120.140, 74.235 ) ( 120.210, 74.305 )


SHORT: ( Metal Short ) Regular Wire of Net u_ctrl/CTS_1382 & Regular Wire of Net u_ctrl/n_1190473  ( metal3 )
Bounds : ( 113.110, 72.940 ) ( 113.180, 73.080 )


SHORT: ( Metal Short ) Regular Wire of Net u_ctrl/n_1033843 & Regular Wire of Net u_ctrl/FE_OFN3382_n_1020821  ( metal10 )
Bounds : ( 120.745, 73.510 ) ( 121.545, 74.310 )


SPACING: ( ParallelRunLength Spacing ) Regular Wire of Net u_ctrl/psum_mem[338][36] & Regular Wire of Net u_ctrl/n_1177652  ( metal2 )
Bounds : ( 120.140, 73.465 ) ( 120.210, 73.500 )


SHORT: ( Metal Short ) Regular Wire of Net u_ctrl/FE_OFN872_cla_sum_b_37 & Regular Wire of Net u_ctrl/n_1177652  ( metal2 )
Bounds : ( 119.760, 68.915 ) ( 119.830, 68.985 )


SHORT: ( Metal Short ) Regular Wire of Net u_ctrl/n_1177652 & Regular Wire of Net u_ctrl/n_1033673  ( metal2 )
Bounds : ( 119.950, 71.715 ) ( 120.020, 71.785 )


SHORT: ( Metal Short ) Regular Wire of Net u_ctrl/FE_OFN3417_n_1033675 & Regular Wire of Net u_ctrl/FE_OFN4158_n_994851  ( metal5 )
Bounds : ( 120.795, 68.880 ) ( 120.935, 69.020 )


SHORT: ( Metal Short ) Regular Wire of Net u_ctrl/psum_mem[351][37] & Regular Wire of Net u_ctrl/FE_OFN1941_n_1109976  ( metal2 )
Bounds : ( 114.630, 67.935 ) ( 114.700, 68.005 )


SHORT: ( Metal Short ) Regular Wire of Net u_ctrl/n_1183655 & Regular Wire of Net u_ctrl/FE_OFN4573_n_1084203  ( metal2 )
Bounds : ( 114.060, 67.795 ) ( 114.130, 67.865 )


SHORT: ( Metal Short ) Regular Wire of Net u_ctrl/psum_mem[338][37] & Regular Wire of Net u_ctrl/n_1044142  ( metal2 )
Bounds : ( 113.300, 67.340 ) ( 113.370, 67.480 )


SHORT: ( Metal Short ) Regular Wire of Net u_ctrl/psum_mem[340][37] & Regular Wire of Net u_ctrl/n_1044144  ( metal2 )
Bounds : ( 113.110, 68.355 ) ( 113.180, 68.425 )


SHORT: ( Metal Short ) Regular Wire of Net u_ctrl/psum_mem[340][37] & Regular Wire of Net u_ctrl/psum_mem[339][37]  ( metal2 )
Bounds : ( 112.920, 68.355 ) ( 112.990, 68.425 )


SHORT: ( Metal Short ) Regular Wire of Net u_ctrl/n_1222757 & Regular Wire of Net u_ctrl/FE_OFN10648_n_1188537  ( metal3 )
Bounds : ( 112.920, 68.215 ) ( 112.990, 68.285 )


SHORT: ( Metal Short ) Regular Wire of Net u_ctrl/FE_OFN4159_n_994854 & Regular Wire of Net u_ctrl/FE_OFN4573_n_1084203  ( metal5 )
Bounds : ( 115.475, 71.400 ) ( 115.615, 71.540 )


SHORT: ( Metal Short ) Regular Wire of Net u_ctrl/FE_OFN4156_n_994846 & Regular Wire of Net u_ctrl/FE_OFN2616_n_1081493  ( metal5 )
Bounds : ( 115.755, 67.480 ) ( 115.895, 67.620 )


SPACING: ( ParallelRunLength Spacing ) Regular Wire of Net u_ctrl/CTS_1382 & Regular Wire of Net u_ctrl/FE_OFN10747_n_1033713  ( metal3 )
Bounds : ( 117.290, 69.300 ) ( 117.395, 69.335 )


SHORT: ( Metal Short ) Regular Wire of Net u_ctrl/FE_OFN3382_n_1020821 & Regular Wire of Net u_ctrl/FE_OFN6698_n_1221612  ( metal10 )
Bounds : ( 124.105, 73.510 ) ( 124.905, 74.310 )


SHORT: ( Metal Short ) Regular Wire of Net u_ctrl/n_1186690 & Regular Wire of Net u_ctrl/FE_OFN2081_n_1186313  ( metal2 )
Bounds : ( 103.990, 78.995 ) ( 104.060, 79.065 )


SHORT: ( Metal Short ) Regular Wire of Net u_ctrl/FE_OFN2239_n_1221327 & Regular Wire of Net u_ctrl/n_1224556  ( metal2 )
Bounds : ( 99.430, 79.800 ) ( 99.500, 79.940 )


SHORT: ( Metal Short ) Regular Wire of Net u_ctrl/FE_OFN2239_n_1221327 & Regular Wire of Net u_ctrl/n_1222762  ( metal2 )
Bounds : ( 99.620, 79.835 ) ( 99.690, 79.905 )


CUTSPACING: ( Same Layer Cut Spacing ) Regular Wire of Net u_ctrl/n_1195496 & Regular Wire of Net u_ctrl/n_1044160  ( metal4 )
Bounds : ( 107.495, 75.600 ) ( 107.635, 75.740 )


SHORT: ( Metal Short ) Regular Wire of Net u_ctrl/n_1188547 & Regular Wire of Net u_ctrl/FE_OFN4816_n_1178715  ( metal2 )
Bounds : ( 102.850, 77.595 ) ( 102.920, 77.665 )


SHORT: ( Metal Short ) Regular Wire of Net u_ctrl/n_1246547 & Regular Wire of Net u_ctrl/n_1044158  ( metal2 )
Bounds : ( 104.940, 76.755 ) ( 105.010, 76.825 )


SHORT: ( Metal Short ) Regular Wire of Net u_ctrl/n_1044087 & Regular Wire of Net u_ctrl/psum_mem[341][35]  ( metal2 )
Bounds : ( 109.120, 75.355 ) ( 109.190, 75.425 )


SHORT: ( Metal Short ) Regular Wire of Net u_ctrl/psum_mem[341][35] & Regular Wire of Net u_ctrl/psum_mem[340][35]  ( metal2 )
Bounds : ( 109.310, 75.355 ) ( 109.380, 75.425 )


SHORT: ( Metal Short ) Regular Wire of Net u_ctrl/n_1044087 & Regular Wire of Net u_ctrl/psum_mem[340][35]  ( metal2 )
Bounds : ( 109.310, 75.495 ) ( 109.380, 75.565 )


SHORT: ( Metal Short ) Regular Wire of Net u_ctrl/n_1034075 & Regular Wire of Net u_ctrl/n_1187008  ( metal2 )
Bounds : ( 112.730, 74.200 ) ( 112.800, 74.340 )


SHORT: ( Metal Short ) Regular Wire of Net u_ctrl/n_1241600 & Regular Wire of Net u_ctrl/psum_mem[341][38]  ( metal3 )
Bounds : ( 105.510, 73.255 ) ( 105.580, 73.325 )


SPACING: ( ParallelRunLength Spacing ) Regular Wire of Net u_ctrl/FE_OFN4159_n_994854 & Regular Wire of Net u_ctrl/psum_mem[380][35]  ( metal3 )
Bounds : ( 108.845, 74.375 ) ( 108.895, 74.445 )


SHORT: ( Metal Short ) Regular Wire of Net u_ctrl/FE_OFN4606_n_1084920 & Regular Wire of Net u_ctrl/psum_mem[340][38]  ( metal2 )
Bounds : ( 107.220, 68.635 ) ( 107.290, 68.705 )


SHORT: ( Metal Short ) Regular Wire of Net u_ctrl/psum_mem[340][37] & Regular Wire of Net u_ctrl/CTS_1382  ( metal2 )
Bounds : ( 108.895, 67.655 ) ( 109.035, 67.725 )


SHORT: ( Metal Short ) Regular Wire of Net u_ctrl/FE_OFN10439_n_1034078 & Regular Wire of Net u_ctrl/FE_OFN2138_n_1195019  ( metal3 )
Bounds : ( 109.880, 67.935 ) ( 109.950, 68.005 )


SHORT: ( Metal Short ) Regular Wire of Net u_ctrl/n_1184764 & Regular Wire of Net u_ctrl/psum_mem[343][34]  ( metal3 )
Bounds : ( 112.350, 67.795 ) ( 112.420, 67.865 )


SHORT: ( Metal Short ) Regular Wire of Net u_ctrl/FE_OFN4573_n_1084203 & Regular Wire of Net u_ctrl/FE_OFN4653_n_1220843  ( metal5 )
Bounds : ( 110.435, 67.760 ) ( 110.575, 67.900 )


SHORT: ( Metal Short ) Regular Wire of Net u_ctrl/n_1172445 & Regular Wire of Net u_ctrl/n_1223560  ( metal5 )
Bounds : ( 112.395, 70.000 ) ( 112.535, 70.140 )


SHORT: ( Metal Short ) Regular Wire of Net u_ctrl/FE_OFN531_n_1225982 & Regular Wire of Net u_ctrl/psum_mem[350][37]  ( metal6 )
Bounds : ( 110.715, 70.840 ) ( 110.855, 70.980 )


SHORT: ( Metal Short ) Regular Wire of Net u_ctrl/psum_mem[350][37] & Regular Wire of Net u_ctrl/psum_mem[344][37]  ( metal6 )
Bounds : ( 110.995, 70.840 ) ( 111.135, 70.980 )


SHORT: ( Metal Short ) Regular Wire of Net u_ctrl/n_1178700 & Regular Wire of Net u_ctrl/FE_OFN3088_n_1178701  ( metal2 )
Bounds : ( 97.530, 75.495 ) ( 97.600, 75.565 )


SHORT: ( Metal Short ) Regular Wire of Net u_ctrl/FE_OFN3088_n_1178701 & Regular Wire of Net u_ctrl/n_1178700  ( metal2 )
Bounds : ( 97.530, 76.755 ) ( 97.600, 76.825 )


SHORT: ( Metal Short ) Regular Wire of Net u_ctrl/psum_mem[336][37] & Regular Wire of Net u_ctrl/FE_OFN7860_n_983206  ( metal2 )
Bounds : ( 98.860, 76.160 ) ( 98.930, 76.300 )


SHORT: ( Metal Short ) Regular Wire of Net u_ctrl/psum_mem[336][37] & Regular Wire of Net u_ctrl/n_1044152  ( metal2 )
Bounds : ( 99.050, 75.775 ) ( 99.120, 75.845 )


SHORT: ( Metal Short ) Regular Wire of Net u_ctrl/psum_mem[348][32] & Regular Wire of Net u_ctrl/n_1224662  ( metal3 )
Bounds : ( 100.190, 76.055 ) ( 100.260, 76.125 )


SPACING: ( ParallelRunLength Spacing ) Regular Wire of Net u_ctrl/n_1178700 & Regular Wire of Net u_ctrl/FE_OFN7860_n_983206  ( metal3 )
Bounds : ( 98.775, 76.195 ) ( 98.825, 76.265 )


SPACING: ( ParallelRunLength Spacing ) Regular Wire of Net u_ctrl/FE_OFN1279_n_1190704 & Regular Wire of Net CTS_258  ( metal2 )
Bounds : ( 92.470, 77.000 ) ( 92.555, 77.385 )


SPACING: ( ParallelRunLength Spacing ) Regular Wire of Net u_ctrl/FE_OFN6765_n_1177952 & Regular Wire of Net CTS_258  ( metal2 )
Bounds : ( 92.695, 76.580 ) ( 92.780, 77.140 )


SHORT: ( Metal Short ) Regular Wire of Net u_ctrl/n_1177803 & Regular Wire of Net u_ctrl/psum_mem[511][31]  ( metal2 )
Bounds : ( 125.840, 57.015 ) ( 125.910, 57.085 )


SHORT: ( Metal Short ) Regular Wire of Net u_ctrl/psum_mem[469][31] & Regular Wire of Net u_ctrl/FE_OFN2031_n_1184007  ( metal2 )
Bounds : ( 127.550, 64.855 ) ( 127.620, 64.925 )


SHORT: ( Metal Short ) Regular Wire of Net u_ctrl/psum_mem[469][31] & Regular Wire of Net u_ctrl/n_985782  ( metal2 )
Bounds : ( 127.740, 64.855 ) ( 127.810, 64.925 )


SHORT: ( Metal Short ) Regular Wire of Net u_ctrl/n_1194085 & Regular Wire of Net u_ctrl/FE_OFN7213_n_985780  ( metal2 )
Bounds : ( 129.640, 65.380 ) ( 129.710, 65.520 )


SHORT: ( Metal Short ) Regular Wire of Net u_ctrl/n_1222919 & Regular Wire of Net u_ctrl/n_1045182  ( metal2 )
Bounds : ( 132.870, 63.595 ) ( 132.940, 63.665 )


SHORT: ( Metal Short ) Regular Wire of Net u_ctrl/n_1186766 & Regular Wire of Net u_ctrl/FE_OFN1977_n_1175910  ( metal3 )
Bounds : ( 129.640, 64.575 ) ( 129.710, 64.645 )


SHORT: ( Metal Short ) Regular Wire of Net u_ctrl/psum_mem[468][33] & Regular Wire of Net u_ctrl/n_1177951  ( metal3 )
Bounds : ( 134.010, 61.355 ) ( 134.080, 61.425 )


SHORT: ( Metal Short ) Regular Wire of Net u_ctrl/FE_OFN5130_n_994848 & Regular Wire of Net u_ctrl/psum_mem[340][38]  ( metal2 )
Bounds : ( 113.490, 66.955 ) ( 113.560, 67.025 )


SHORT: ( Metal Short ) Regular Wire of Net u_ctrl/psum_mem[342][35] & Regular Wire of Net u_ctrl/FE_OFN3583_n_1109988  ( metal2 )
Bounds : ( 114.250, 63.595 ) ( 114.320, 63.665 )


SHORT: ( Metal Short ) Regular Wire of Net u_ctrl/FE_OFN4606_n_1084920 & Regular Wire of Net u_ctrl/FE_OFN10747_n_1033713  ( metal2 )
Bounds : ( 117.670, 61.355 ) ( 117.740, 61.425 )


SHORT: ( Metal Short ) Regular Wire of Net u_ctrl/FE_OFN864_cla_sum_b_38 & Regular Wire of Net u_ctrl/FE_OFN3106_n_1177660  ( metal2 )
Bounds : ( 119.760, 59.815 ) ( 119.830, 59.885 )


SHORT: ( Metal Short ) Regular Wire of Net u_ctrl/cla_sum_b[34] & Regular Wire of Net u_ctrl/FE_OFN3106_n_1177660  ( metal2 )
Bounds : ( 119.950, 57.015 ) ( 120.020, 57.085 )


SHORT: ( Metal Short ) Regular Wire of Net u_ctrl/cla_sum_b[34] & Regular Wire of Net u_ctrl/FE_OFN6398_n_1033709  ( metal2 )
Bounds : ( 120.140, 57.015 ) ( 120.210, 57.085 )


SHORT: ( Metal Short ) Regular Wire of Net u_ctrl/FE_OFN11016_n_1181688 & Regular Wire of Net u_ctrl/FE_OFN7797_n_1249039  ( metal5 )
Bounds : ( 114.635, 66.920 ) ( 114.775, 67.060 )


SHORT: ( Metal Short ) Regular Wire of Net u_ctrl/n_1044144 & Regular Wire of Net u_ctrl/FE_OFN7862_n_983297  ( metal5 )
Bounds : ( 115.755, 65.800 ) ( 115.895, 65.940 )


SHORT: ( Metal Short ) Regular Wire of Net u_ctrl/FE_OFN4536_n_1078730 & Regular Wire of Net u_ctrl/n_1247405  ( metal2 )
Bounds : ( 132.490, 53.095 ) ( 132.560, 53.165 )


SHORT: ( Metal Short ) Regular Wire of Net u_ctrl/n_1033881 & Regular Wire of Net u_ctrl/n_1186698  ( metal2 )
Bounds : ( 134.960, 45.815 ) ( 135.030, 45.885 )


SHORT: ( Metal Short ) Regular Wire of Net u_ctrl/n_1033881 & Regular Wire of Net u_ctrl/FE_OFN2072_n_1186310  ( metal2 )
Bounds : ( 134.960, 45.955 ) ( 135.030, 46.025 )


SHORT: ( Metal Short ) Regular Wire of Net u_ctrl/psum_mem[471][35] & Regular Wire of Net u_ctrl/n_1045709  ( metal2 )
Bounds : ( 135.150, 53.515 ) ( 135.220, 53.585 )


SHORT: ( Metal Short ) Regular Wire of Net u_ctrl/n_1178721 & Regular Wire of Net u_ctrl/FE_OFN2072_n_1186310  ( metal2 )
Bounds : ( 135.340, 45.955 ) ( 135.410, 46.025 )


SHORT: ( Metal Short ) Regular Wire of Net u_ctrl/psum_mem[337][31] & Regular Wire of Net u_ctrl/FE_OFN4606_n_1084920  ( metal3 )
Bounds : ( 126.410, 46.935 ) ( 126.480, 47.005 )


SHORT: ( Metal Short ) Regular Wire of Net u_ctrl/psum_mem[465][35] & Regular Wire of Net u_ctrl/psum_mem[471][34]  ( metal3 )
Bounds : ( 132.835, 50.715 ) ( 132.975, 50.785 )


SHORT: ( Metal Short ) Regular Wire of Net u_ctrl/n_1240196 & Regular Wire of Net u_ctrl/psum_mem[511][35]  ( metal3 )
Bounds : ( 135.340, 53.095 ) ( 135.410, 53.165 )


SHORT: ( Metal Short ) Regular Wire of Net u_ctrl/psum_mem[507][32] & Regular Wire of Net u_ctrl/FE_OFN6271_n_1017292  ( metal5 )
Bounds : ( 125.835, 45.640 ) ( 125.975, 45.780 )


SHORT: ( Metal Short ) Regular Wire of Net u_ctrl/FE_OFN10747_n_1033713 & Regular Wire of Net u_ctrl/n_1191241  ( metal2 )
Bounds : ( 117.290, 54.635 ) ( 117.360, 54.705 )


SHORT: ( Metal Short ) Regular Wire of Net u_ctrl/FE_OFN10747_n_1033713 & Regular Wire of Net u_ctrl/CTS_1382  ( metal2 )
Bounds : ( 117.670, 54.355 ) ( 117.740, 54.425 )


SHORT: ( Metal Short ) Regular Wire of Net u_ctrl/CTS_1382 & Regular Wire of Net u_ctrl/n_1183967  ( metal2 )
Bounds : ( 117.670, 54.600 ) ( 117.740, 54.880 )


SHORT: ( Metal Short ) Regular Wire of Net u_ctrl/n_1199551 & Regular Wire of Net u_ctrl/psum_mem[339][31]  ( metal2 )
Bounds : ( 120.900, 53.795 ) ( 120.970, 53.865 )


SHORT: ( Metal Short ) Regular Wire of Net u_ctrl/n_1199618 & Regular Wire of Net CTS_273  ( metal3 )
Bounds : ( 117.445, 51.835 ) ( 117.575, 51.905 )


SHORT: ( Metal Short ) Regular Wire of Net u_ctrl/FE_OFN3106_n_1177660 & Regular Wire of Net u_ctrl/n_1178706  ( metal3 )
Bounds : ( 120.900, 53.795 ) ( 120.970, 53.865 )


SPACING: ( ParallelRunLength Spacing ) Regular Wire of Net u_ctrl/FE_OFN2771_n_1110029 & Regular Wire of Net u_ctrl/FE_OFN4606_n_1084920  ( metal2 )
Bounds : ( 115.770, 54.425 ) ( 115.840, 54.460 )


SPACING: ( ParallelRunLength Spacing ) Regular Wire of Net u_ctrl/n_1177658 & Regular Wire of Net u_ctrl/FE_OFN900_cla_sum_b_31  ( metal2 )
Bounds : ( 120.520, 53.480 ) ( 120.590, 53.515 )


SHORT: ( Metal Short ) Regular Wire of Net u_ctrl/psum_mem[382][32] & Regular Wire of Net u_ctrl/FE_OFN7264_n_994895  ( metal2 )
Bounds : ( 113.110, 45.395 ) ( 113.180, 45.465 )


SHORT: ( Metal Short ) Regular Wire of Net u_ctrl/psum_mem[382][36] & Regular Wire of Net u_ctrl/psum_mem[383][32]  ( metal2 )
Bounds : ( 113.300, 44.695 ) ( 113.370, 44.765 )


SHORT: ( Metal Short ) Regular Wire of Net u_ctrl/n_1194180 & Regular Wire of Net u_ctrl/n_1195365  ( metal2 )
Bounds : ( 115.960, 47.635 ) ( 116.030, 47.705 )


SHORT: ( Metal Short ) Regular Wire of Net u_ctrl/psum_mem[379][34] & Regular Wire of Net u_ctrl/FE_OFN4573_n_1084203  ( metal2 )
Bounds : ( 120.330, 45.815 ) ( 120.400, 45.885 )


SHORT: ( Metal Short ) Regular Wire of Net u_ctrl/n_1195638 & Regular Wire of Net u_ctrl/n_1197520  ( metal2 )
Bounds : ( 122.230, 48.615 ) ( 122.300, 48.685 )


SHORT: ( Metal Short ) Regular Wire of Net u_ctrl/FE_OFN3583_n_1109988 & Regular Wire of Net u_ctrl/psum_mem[468][39]  ( metal3 )
Bounds : ( 116.150, 49.315 ) ( 116.220, 49.385 )


SHORT: ( Metal Short ) Regular Wire of Net u_ctrl/FE_OFN4161_n_994900 & Regular Wire of Net u_ctrl/n_1197530  ( metal5 )
Bounds : ( 114.355, 47.880 ) ( 114.495, 48.020 )


SHORT: ( Metal Short ) Regular Wire of Net u_ctrl/psum_mem[381][35] & Regular Wire of Net u_ctrl/n_1195372  ( metal5 )
Bounds : ( 114.635, 48.440 ) ( 114.775, 48.580 )


SPACING: ( ParallelRunLength Spacing ) Regular Wire of Net u_ctrl/psum_mem[380][36] & Regular Wire of Net u_ctrl/FE_OFN1941_n_1109976  ( metal3 )
Bounds : ( 116.065, 46.235 ) ( 116.115, 46.305 )


SHORT: ( Metal Short ) Regular Wire of Net u_ctrl/psum_mem[338][34] & Regular Wire of Net u_ctrl/CTS_1379  ( metal2 )
Bounds : ( 124.130, 54.635 ) ( 124.200, 54.705 )


SHORT: ( Metal Short ) Regular Wire of Net u_ctrl/FE_OFN5832_n_1177927 & Regular Wire of Net u_ctrl/n_1045867  ( metal2 )
Bounds : ( 102.470, 61.740 ) ( 102.540, 61.880 )


SHORT: ( Metal Short ) Regular Wire of Net u_ctrl/n_1177951 & Regular Wire of Net u_ctrl/psum_mem[342][33]  ( metal2 )
Bounds : ( 102.850, 61.215 ) ( 102.920, 61.285 )


SHORT: ( Metal Short ) Regular Wire of Net u_ctrl/n_1194166 & Regular Wire of Net u_ctrl/n_1245978  ( metal2 )
Bounds : ( 105.890, 56.175 ) ( 105.960, 56.245 )


SHORT: ( Metal Short ) Regular Wire of Net u_ctrl/FE_OFN3251_n_994855 & Regular Wire of Net u_ctrl/n_1247070  ( metal2 )
Bounds : ( 107.220, 56.595 ) ( 107.290, 56.665 )


SHORT: ( Metal Short ) Regular Wire of Net u_ctrl/n_1188544 & Regular Wire of Net u_ctrl/FE_OFN1962_n_1175175  ( metal2 )
Bounds : ( 109.690, 59.815 ) ( 109.760, 59.885 )


SPACING: ( ParallelRunLength Spacing ) Regular Wire of Net u_ctrl/FE_OFN10648_n_1188537 & Regular Wire of Net u_ctrl/FE_OFN9677_n_1192894  ( metal1 )
Bounds : ( 102.005, 61.775 ) ( 102.055, 61.845 )


SPACING: ( ParallelRunLength Spacing ) Regular Wire of Net u_ctrl/n_1016409 & Regular Wire of Net u_ctrl/FE_OFN5832_n_1177927  ( metal2 )
Bounds : ( 102.280, 61.600 ) ( 102.350, 61.635 )


SHORT: ( Metal Short ) Regular Wire of Net u_ctrl/FE_OFN6806_n_1177804 & Regular Wire of Net u_ctrl/n_1177803  ( metal2 )
Bounds : ( 97.340, 65.555 ) ( 97.410, 65.625 )


SHORT: ( Metal Short ) Regular Wire of Net u_ctrl/n_1199552 & Regular Wire of Net u_ctrl/n_1016409  ( metal2 )
Bounds : ( 100.570, 56.455 ) ( 100.640, 56.525 )


SHORT: ( Metal Short ) Regular Wire of Net u_ctrl/n_1190596 & Regular Wire of Net u_ctrl/psum_mem[342][35]  ( metal2 )
Bounds : ( 100.950, 62.195 ) ( 101.020, 62.265 )


SPACING: ( ParallelRunLength Spacing ) Regular Wire of Net u_ctrl/FE_OFN6765_n_1177952 & Regular Wire of Net u_ctrl/CTS_1382  ( metal2 )
Bounds : ( 94.595, 61.740 ) ( 94.680, 62.125 )


SHORT: ( Metal Short ) Regular Wire of Net u_ctrl/n_1228550 & Regular Wire of Net u_ctrl/psum_mem[336][31]  ( metal2 )
Bounds : ( 102.850, 55.615 ) ( 102.920, 55.685 )


SHORT: ( Metal Short ) Regular Wire of Net u_ctrl/psum_mem[337][33] & Regular Wire of Net u_ctrl/FE_OFN9677_n_1192894  ( metal2 )
Bounds : ( 102.280, 50.855 ) ( 102.350, 50.925 )


SHORT: ( Metal Short ) Regular Wire of Net u_ctrl/psum_mem[343][31] & Regular Wire of Net u_ctrl/n_1228550  ( metal2 )
Bounds : ( 103.040, 54.775 ) ( 103.110, 54.845 )


SHORT: ( Metal Short ) Regular Wire of Net u_ctrl/FE_OFN5129_n_994845 & Regular Wire of Net u_ctrl/n_1247067  ( metal2 )
Bounds : ( 104.180, 54.915 ) ( 104.250, 54.985 )


SHORT: ( Metal Short ) Regular Wire of Net u_ctrl/psum_mem[341][31] & Regular Wire of Net u_ctrl/FE_OFN3583_n_1109988  ( metal2 )
Bounds : ( 107.790, 52.395 ) ( 107.860, 52.465 )


SHORT: ( Metal Short ) Regular Wire of Net u_ctrl/psum_mem[340][31] & Regular Wire of Net u_ctrl/FE_OFN4159_n_994854  ( metal2 )
Bounds : ( 107.980, 54.215 ) ( 108.050, 54.285 )


SHORT: ( Metal Short ) Regular Wire of Net u_ctrl/n_1244148 & Regular Wire of Net u_ctrl/n_1190629  ( metal2 )
Bounds : ( 112.350, 50.540 ) ( 112.420, 50.680 )


SHORT: ( Metal Short ) Regular Wire of Net u_ctrl/n_1190629 & Regular Wire of Net u_ctrl/psum_mem[511][35]  ( metal2 )
Bounds : ( 112.540, 50.575 ) ( 112.610, 50.645 )


CUTSPACING: ( Same Layer Cut Spacing ) Regular Wire of Net u_ctrl/n_1246444 & Regular Wire of Net u_ctrl/FE_OFN7264_n_994895  ( metal4 )
Bounds : ( 112.535, 45.080 ) ( 112.675, 45.220 )


SHORT: ( Metal Short ) Regular Wire of Net u_ctrl/n_1184640 & Regular Wire of Net u_ctrl/FE_OFN4653_n_1220843  ( metal1 )
Bounds : ( 110.260, 44.835 ) ( 110.330, 44.905 )


SHORT: ( Metal Short ) Regular Wire of Net u_ctrl/FE_OFN4573_n_1084203 & Regular Wire of Net u_ctrl/psum_mem[380][36]  ( metal2 )
Bounds : ( 105.890, 48.615 ) ( 105.960, 48.685 )


SHORT: ( Metal Short ) Regular Wire of Net u_ctrl/FE_OFN2098_n_1188540 & Regular Wire of Net u_ctrl/n_1223791  ( metal2 )
Bounds : ( 107.980, 46.795 ) ( 108.050, 46.865 )


SHORT: ( Metal Short ) Regular Wire of Net u_ctrl/n_1044085 & Regular Wire of Net u_ctrl/n_1177811  ( metal2 )
Bounds : ( 109.500, 44.940 ) ( 109.570, 45.080 )


SHORT: ( Metal Short ) Regular Wire of Net u_ctrl/FE_OFN7346_n_1017469 & Regular Wire of Net u_ctrl/psum_mem[377][36]  ( metal2 )
Bounds : ( 109.880, 44.695 ) ( 109.950, 44.765 )


SHORT: ( Metal Short ) Regular Wire of Net u_ctrl/n_1183712 & Regular Wire of Net u_ctrl/n_1183690  ( metal3 )
Bounds : ( 108.930, 48.615 ) ( 109.000, 48.685 )


SHORT: ( Metal Short ) Regular Wire of Net u_ctrl/n_1195380 & Regular Wire of Net u_ctrl/psum_mem[337][31]  ( metal3 )
Bounds : ( 112.395, 46.515 ) ( 112.535, 46.585 )


SHORT: ( Metal Short ) Regular Wire of Net u_ctrl/FE_OFN1941_n_1109976 & Regular Wire of Net u_ctrl/FE_OFN6271_n_1017292  ( metal5 )
Bounds : ( 107.355, 45.640 ) ( 107.495, 45.780 )


SHORT: ( Metal Short ) Regular Wire of Net u_ctrl/psum_mem[344][21] & Regular Wire of Net u_ctrl/n_1112983  ( metal2 )
Bounds : ( 172.200, 40.215 ) ( 172.270, 40.285 )


SHORT: ( Metal Short ) Regular Wire of Net u_ctrl/n_1113006 & Regular Wire of Net u_ctrl/FE_OFN10023_FE_DBTN66_cla_sum_b_21  ( metal2 )
Bounds : ( 175.810, 37.415 ) ( 175.880, 37.485 )


SHORT: ( Metal Short ) Regular Wire of Net u_ctrl/FE_OFN10023_FE_DBTN66_cla_sum_b_21 & Regular Wire of Net u_ctrl/n_1113006  ( metal2 )
Bounds : ( 176.000, 36.855 ) ( 176.070, 36.925 )


SHORT: ( Metal Short ) Regular Wire of Net u_ctrl/n_1016324 & Regular Wire of Net u_ctrl/n_1016413  ( metal2 )
Bounds : ( 177.900, 43.995 ) ( 177.970, 44.065 )


SHORT: ( Metal Short ) Regular Wire of Net u_ctrl/CTS_1380 & Regular Wire of Net u_ctrl/n_1112957  ( metal2 )
Bounds : ( 179.420, 44.415 ) ( 179.490, 44.485 )


SHORT: ( Metal Short ) Regular Wire of Net u_ctrl/FE_OFN1810_n_1082864 & Regular Wire of Net u_ctrl/CTS_1386  ( metal2 )
Bounds : ( 159.280, 42.280 ) ( 159.350, 42.420 )


SHORT: ( Metal Short ) Regular Wire of Net u_ctrl/FE_OFN9843_cla_sum_b_21 & Regular Wire of Net u_ctrl/FE_OFN7390_n_1033862  ( metal2 )
Bounds : ( 167.830, 40.495 ) ( 167.900, 40.565 )


SHORT: ( Metal Short ) Regular Wire of Net u_ctrl/CTS_1386 & Regular Wire of Net u_ctrl/FE_OFN9843_cla_sum_b_21  ( metal2 )
Bounds : ( 167.985, 40.495 ) ( 168.125, 40.565 )


SHORT: ( Metal Short ) Regular Wire of Net u_ctrl/FE_OFN5428_n_1033937 & Regular Wire of Net u_ctrl/psum_mem[349][21]  ( metal2 )
Bounds : ( 170.870, 31.395 ) ( 170.940, 31.465 )


SHORT: ( Metal Short ) Regular Wire of Net u_ctrl/FE_OFN2588_n_1080626 & Regular Wire of Net u_ctrl/n_1174664  ( metal2 )
Bounds : ( 172.770, 32.795 ) ( 172.840, 32.865 )


SHORT: ( Metal Short ) Regular Wire of Net u_ctrl/psum_mem[346][21] & Regular Wire of Net u_ctrl/FE_OFN2588_n_1080626  ( metal2 )
Bounds : ( 172.960, 32.795 ) ( 173.030, 32.865 )


SHORT: ( Metal Short ) Regular Wire of Net u_ctrl/CTS_1386 & Regular Wire of Net u_ctrl/psum_mem[498][21]  ( metal2 )
Bounds : ( 174.255, 32.795 ) ( 174.395, 32.865 )


SHORT: ( Metal Short ) Regular Wire of Net u_ctrl/psum_mem[351][5] & Regular Wire of Net u_ctrl/FE_OFN5437_n_1034045  ( metal2 )
Bounds : ( 170.870, 22.540 ) ( 170.940, 22.680 )


SHORT: ( Metal Short ) Regular Wire of Net u_ctrl/psum_mem[374][5] & Regular Wire of Net u_ctrl/psum_mem[351][5]  ( metal2 )
Bounds : ( 170.300, 22.575 ) ( 170.370, 22.645 )


SHORT: ( Metal Short ) Regular Wire of Net u_ctrl/FE_OFN5437_n_1034045 & Regular Wire of Net u_ctrl/cla_sum_b[5]  ( metal2 )
Bounds : ( 170.870, 22.995 ) ( 170.940, 23.345 )


SHORT: ( Metal Short ) Regular Wire of Net u_ctrl/n_1153697 & Regular Wire of Net u_ctrl/FE_OFN8479_n_1034049  ( metal2 )
Bounds : ( 172.390, 23.555 ) ( 172.460, 23.625 )


SHORT: ( Metal Short ) Regular Wire of Net u_ctrl/n_1145717 & Regular Wire of Net u_ctrl/FE_OFN5416_n_1033685  ( metal2 )
Bounds : ( 167.640, 23.800 ) ( 167.710, 23.940 )


SHORT: ( Metal Short ) Regular Wire of Net u_ctrl/psum_mem[472][5] & Regular Wire of Net u_ctrl/n_1041909  ( metal3 )
Bounds : ( 159.280, 24.395 ) ( 159.350, 24.465 )


SHORT: ( Metal Short ) Regular Wire of Net u_ctrl/n_1041909 & Regular Wire of Net u_ctrl/FE_OFN20_n_1145427  ( metal3 )
Bounds : ( 159.435, 24.395 ) ( 159.575, 24.465 )


SHORT: ( Metal Short ) Regular Wire of Net u_ctrl/n_1168723 & Regular Wire of Net u_ctrl/FE_DBTN50_cla_sum_b_5  ( metal3 )
Bounds : ( 160.040, 23.415 ) ( 160.110, 23.485 )


SHORT: ( Metal Short ) Regular Wire of Net u_ctrl/n_1168750 & Regular Wire of Net u_ctrl/n_983562  ( metal8 )
Bounds : ( 161.265, 24.230 ) ( 161.665, 24.630 )


SPACING: ( ParallelRunLength Spacing ) Regular Wire of Net u_ctrl/FE_OFN7529_n_1168751 & Blockage of Cell u_ctrl/FE_OFC7529_n_1168751  ( metal1 )
Bounds : ( 158.440, 24.215 ) ( 158.485, 24.255 )


SPACING: ( ParallelRunLength Spacing ) Regular Wire of Net u_ctrl/FE_OFN7529_n_1168751 & Pin of Cell u_ctrl/FE_OFC7529_n_1168751  ( metal1 )
Bounds : ( 158.625, 24.255 ) ( 158.685, 24.325 )


CUTSPACING: ( Same Layer Cut Spacing ) Regular Wire of Net u_ctrl/n_1033840 & Regular Wire of Net u_ctrl/n_1168710  ( metal4 )
Bounds : ( 162.655, 23.800 ) ( 162.795, 23.940 )


SHORT: ( Metal Short ) Regular Wire of Net u_ctrl/psum_mem[375][5] & Regular Wire of Net u_ctrl/n_1033840  ( metal2 )
Bounds : ( 162.890, 24.395 ) ( 162.960, 24.465 )


CUTSPACING: ( Same Layer Cut Spacing ) Regular Wire of Net u_ctrl/n_1222925 & Regular Wire of Net u_ctrl/psum_mem[465][38]  ( metal5 )
Bounds : ( 136.475, 44.380 ) ( 136.615, 44.520 )


CUTSPACING: ( Same Layer Cut Spacing ) Regular Wire of Net u_ctrl/FE_OFN9647_n_1033863 & Regular Wire of Net u_ctrl/n_1221494  ( metal5 )
Bounds : ( 138.715, 41.020 ) ( 138.855, 41.160 )


SHORT: ( Metal Short ) Regular Wire of Net u_ctrl/psum_mem[464][39] & Regular Wire of Net u_ctrl/FE_OFN2032_n_1184007  ( metal2 )
Bounds : ( 137.810, 41.195 ) ( 137.880, 41.265 )


SHORT: ( Metal Short ) Regular Wire of Net u_ctrl/FE_OFN2072_n_1186310 & Regular Wire of Net u_ctrl/FE_OFN3067_n_1178729  ( metal2 )
Bounds : ( 142.370, 43.015 ) ( 142.440, 43.085 )


SHORT: ( Metal Short ) Regular Wire of Net u_ctrl/FE_OFN8475_n_1033883 & Regular Wire of Net u_ctrl/n_1044071  ( metal3 )
Bounds : ( 137.810, 41.195 ) ( 137.880, 41.265 )


SHORT: ( Metal Short ) Regular Wire of Net u_ctrl/n_1033746 & Regular Wire of Net u_ctrl/FE_OFN6739_n_1173806  ( metal5 )
Bounds : ( 135.915, 41.440 ) ( 136.055, 41.580 )


SHORT: ( Metal Short ) Regular Wire of Net u_ctrl/n_1221494 & Regular Wire of Net u_ctrl/FE_OFN6739_n_1173806  ( metal5 )
Bounds : ( 137.595, 41.160 ) ( 137.735, 41.300 )


SHORT: ( Metal Short ) Regular Wire of Net u_ctrl/n_1033746 & Regular Wire of Net u_ctrl/n_1044079  ( metal6 )
Bounds : ( 141.795, 43.400 ) ( 141.935, 43.540 )


SPACING: ( ParallelRunLength Spacing ) Regular Wire of Net u_ctrl/n_1178728 & Regular Wire of Net u_ctrl/n_1197580  ( metal2 )
Bounds : ( 142.370, 39.760 ) ( 142.440, 39.795 )


SHORT: ( Metal Short ) Regular Wire of Net u_ctrl/FE_OFN7391_n_1033904 & Regular Wire of Net u_ctrl/n_1197581  ( metal2 )
Bounds : ( 142.750, 38.395 ) ( 142.820, 38.465 )


SHORT: ( Metal Short ) Regular Wire of Net u_ctrl/n_1197580 & Regular Wire of Net u_ctrl/FE_OFN7391_n_1033904  ( metal2 )
Bounds : ( 142.750, 38.255 ) ( 142.820, 38.325 )


SHORT: ( Metal Short ) Regular Wire of Net u_ctrl/FE_OFN7391_n_1033904 & Regular Wire of Net u_ctrl/n_1186676  ( metal2 )
Bounds : ( 142.560, 36.575 ) ( 142.630, 36.645 )


SHORT: ( Metal Short ) Regular Wire of Net u_ctrl/psum_mem[464][34] & Regular Wire of Net u_ctrl/FE_OFN3067_n_1178729  ( metal2 )
Bounds : ( 144.650, 37.695 ) ( 144.720, 37.765 )


SPACING: ( ParallelRunLength Spacing ) Regular Wire of Net u_ctrl/FE_OFN3067_n_1178729 & Regular Wire of Net u_ctrl/FE_OFN900_cla_sum_b_31  ( metal2 )
Bounds : ( 144.460, 37.765 ) ( 144.530, 37.800 )


SHORT: ( Metal Short ) Regular Wire of Net u_ctrl/n_1183902 & Regular Wire of Net u_ctrl/psum_mem[464][34]  ( metal2 )
Bounds : ( 144.270, 34.055 ) ( 144.340, 34.125 )


SHORT: ( Metal Short ) Regular Wire of Net u_ctrl/n_1183900 & Regular Wire of Net u_ctrl/FE_OFN11016_n_1181688  ( metal2 )
Bounds : ( 144.270, 34.755 ) ( 144.340, 34.825 )


SHORT: ( Metal Short ) Regular Wire of Net u_ctrl/psum_mem[464][34] & Regular Wire of Net u_ctrl/n_1183900  ( metal2 )
Bounds : ( 144.460, 34.755 ) ( 144.530, 34.825 )


SHORT: ( Metal Short ) Regular Wire of Net u_ctrl/FE_OFN864_cla_sum_b_38 & Regular Wire of Net u_ctrl/psum_mem[508][34]  ( metal2 )
Bounds : ( 144.840, 34.055 ) ( 144.910, 34.125 )


SHORT: ( Metal Short ) Regular Wire of Net u_ctrl/psum_mem[508][34] & Regular Wire of Net u_ctrl/n_1033901  ( metal2 )
Bounds : ( 145.030, 35.000 ) ( 145.100, 35.140 )


SHORT: ( Metal Short ) Regular Wire of Net u_ctrl/FE_OFN864_cla_sum_b_38 & Regular Wire of Net u_ctrl/FE_OFN10537_n_1033770  ( metal2 )
Bounds : ( 145.220, 34.055 ) ( 145.290, 34.125 )


SHORT: ( Metal Short ) Regular Wire of Net u_ctrl/FE_OFN2073_n_1186310 & Regular Wire of Net u_ctrl/n_1178728  ( metal2 )
Bounds : ( 146.360, 36.015 ) ( 146.430, 36.085 )


SHORT: ( Metal Short ) Regular Wire of Net u_ctrl/n_1177642 & Regular Wire of Net u_ctrl/FE_OFN11016_n_1181688  ( metal3 )
Bounds : ( 142.370, 34.195 ) ( 142.440, 34.265 )


CUTSPACING: ( Same Layer Cut Spacing ) Regular Wire of Net u_ctrl/psum_mem[504][36] & Regular Wire of Net u_ctrl/FE_OFN2081_n_1186313  ( metal4 )
Bounds : ( 140.535, 37.240 ) ( 140.675, 37.380 )


SHORT: ( Metal Short ) Regular Wire of Net u_ctrl/n_1188580 & Regular Wire of Net u_ctrl/FE_OFN10695_FE_DBTN7_n_1188537  ( metal2 )
Bounds : ( 136.670, 35.035 ) ( 136.740, 35.105 )


SHORT: ( Metal Short ) Regular Wire of Net u_ctrl/n_1222994 & Regular Wire of Net u_ctrl/n_1033773  ( metal2 )
Bounds : ( 137.620, 35.035 ) ( 137.690, 35.105 )


SHORT: ( Metal Short ) Regular Wire of Net u_ctrl/psum_mem[504][35] & Regular Wire of Net u_ctrl/n_1045001  ( metal2 )
Bounds : ( 139.710, 35.315 ) ( 139.780, 35.385 )


SHORT: ( Metal Short ) Regular Wire of Net u_ctrl/psum_mem[510][35] & Regular Wire of Net u_ctrl/n_995077  ( metal8 )
Bounds : ( 140.265, 38.510 ) ( 140.665, 38.910 )


SHORT: ( Metal Short ) Regular Wire of Net u_ctrl/FE_OFN7971_n_1019501 & Regular Wire of Net u_ctrl/CTS_1386  ( metal2 )
Bounds : ( 152.630, 31.640 ) ( 152.700, 31.640 )


SHORT: ( Metal Short ) Regular Wire of Net u_ctrl/FE_OFN1281_n_1190704 & Regular Wire of Net u_ctrl/FE_OFN3717_n_1098657  ( metal5 )
Bounds : ( 150.755, 32.200 ) ( 150.895, 32.340 )


SHORT: ( Metal Short ) Regular Wire of Net u_ctrl/n_1034038 & Regular Wire of Net u_ctrl/n_1019506  ( metal3 )
Bounds : ( 150.160, 31.815 ) ( 150.230, 31.885 )


SHORT: ( Metal Short ) Regular Wire of Net u_ctrl/n_1019506 & Regular Wire of Net u_ctrl/n_1257050  ( metal2 )
Bounds : ( 151.110, 32.200 ) ( 151.180, 32.340 )


SHORT: ( Metal Short ) Regular Wire of Net u_ctrl/FE_OFN878_cla_sum_b_36 & Regular Wire of Net u_ctrl/FE_OFN2073_n_1186310  ( metal2 )
Bounds : ( 147.120, 31.255 ) ( 147.190, 31.325 )


SHORT: ( Metal Short ) Regular Wire of Net u_ctrl/n_995066 & Regular Wire of Net u_ctrl/cla_sum_b[34]  ( metal2 )
Bounds : ( 147.690, 30.940 ) ( 147.760, 31.080 )


SHORT: ( Metal Short ) Regular Wire of Net u_ctrl/n_1257050 & Regular Wire of Net u_ctrl/n_1155160  ( metal2 )
Bounds : ( 150.920, 31.815 ) ( 150.990, 31.885 )


SHORT: ( Metal Short ) Regular Wire of Net u_ctrl/FE_OFN7919_n_995070 & Regular Wire of Net u_ctrl/n_995067  ( metal3 )
Bounds : ( 147.690, 30.415 ) ( 147.760, 30.485 )


SHORT: ( Metal Short ) Regular Wire of Net u_ctrl/psum_mem[511][34] & Regular Wire of Net u_ctrl/cla_sum_b[34]  ( metal2 )
Bounds : ( 148.260, 29.400 ) ( 148.330, 29.540 )


SHORT: ( Metal Short ) Regular Wire of Net u_ctrl/CTS_1386 & Regular Wire of Net u_ctrl/psum_mem[510][34]  ( metal2 )
Bounds : ( 150.160, 27.860 ) ( 150.230, 28.000 )


SHORT: ( Metal Short ) Regular Wire of Net u_ctrl/n_1172487 & Regular Wire of Net u_ctrl/CTS_1386  ( metal2 )
Bounds : ( 150.350, 27.860 ) ( 150.420, 28.000 )


CUTSPACING: ( Same Layer Cut Spacing ) Regular Wire of Net u_ctrl/n_1034056 & Regular Wire of Net u_ctrl/FE_OFN8806_n_1034055  ( metal5 )
Bounds : ( 151.315, 22.260 ) ( 151.455, 22.400 )


CUTSPACING: ( Same Layer Cut Spacing ) Regular Wire of Net u_ctrl/FE_OFN20_n_1145427 & Regular Wire of Net u_ctrl/n_1034064  ( metal5 )
Bounds : ( 152.995, 24.220 ) ( 153.135, 24.360 )


SHORT: ( Metal Short ) Regular Wire of Net u_ctrl/psum_mem[476][1] & Regular Wire of Net u_ctrl/n_1153722  ( metal2 )
Bounds : ( 152.820, 23.555 ) ( 152.890, 23.625 )


SHORT: ( Metal Short ) Regular Wire of Net u_ctrl/n_1168751 & Regular Wire of Net u_ctrl/n_1168750  ( metal2 )
Bounds : ( 157.950, 23.555 ) ( 158.020, 23.625 )


SHORT: ( Metal Short ) Regular Wire of Net u_ctrl/FE_OFN5417_n_1033733 & Regular Wire of Net u_ctrl/n_1045018  ( metal3 )
Bounds : ( 146.550, 30.975 ) ( 146.620, 31.045 )


SHORT: ( Metal Short ) Regular Wire of Net u_ctrl/n_995074 & Regular Wire of Net u_ctrl/n_1034038  ( metal3 )
Bounds : ( 142.560, 31.815 ) ( 142.630, 31.885 )


SHORT: ( Metal Short ) Regular Wire of Net u_ctrl/psum_mem[510][34] & Regular Wire of Net u_ctrl/n_1188577  ( metal2 )
Bounds : ( 145.600, 29.575 ) ( 145.670, 29.645 )


SHORT: ( Metal Short ) Regular Wire of Net u_ctrl/n_995066 & Regular Wire of Net u_ctrl/psum_mem[508][36]  ( metal2 )
Bounds : ( 142.750, 29.155 ) ( 142.820, 29.225 )


SHORT: ( Metal Short ) Regular Wire of Net u_ctrl/n_1223740 & Regular Wire of Net u_ctrl/n_995067  ( metal2 )
Bounds : ( 142.370, 29.015 ) ( 142.440, 29.085 )


SHORT: ( Metal Short ) Regular Wire of Net u_ctrl/FE_OFN8027_n_1045008 & Regular Wire of Net u_ctrl/psum_mem[508][38]  ( metal5 )
Bounds : ( 142.355, 29.400 ) ( 142.495, 29.540 )


SHORT: ( Metal Short ) Regular Wire of Net u_ctrl/n_1045003 & Regular Wire of Net u_ctrl/psum_mem[505][35]  ( metal2 )
Bounds : ( 140.090, 30.940 ) ( 140.160, 31.080 )


SHORT: ( Metal Short ) Regular Wire of Net u_ctrl/psum_mem[511][38] & Regular Wire of Net u_ctrl/n_1241379  ( metal2 )
Bounds : ( 137.810, 30.415 ) ( 137.880, 30.485 )


SHORT: ( Metal Short ) Regular Wire of Net u_ctrl/n_1243962 & Regular Wire of Net u_ctrl/psum_mem[511][35]  ( metal4 )
Bounds : ( 139.835, 28.560 ) ( 139.975, 28.700 )


SHORT: ( Metal Short ) Regular Wire of Net u_ctrl/FE_OFN11017_n_1181688 & Regular Wire of Net u_ctrl/n_1223742  ( metal5 )
Bounds : ( 135.635, 32.760 ) ( 135.775, 32.900 )


SPACING: ( ParallelRunLength Spacing ) Regular Wire of Net u_ctrl/n_1045006 & Regular Wire of Net u_ctrl/FE_OFN3538_n_1079490  ( metal2 )
Bounds : ( 135.720, 32.025 ) ( 135.790, 32.060 )


SHORT: ( Metal Short ) Regular Wire of Net u_ctrl/FE_OFN7919_n_995070 & Regular Wire of Net u_ctrl/FE_OFN5153_n_995071  ( metal1 )
Bounds : ( 135.530, 22.715 ) ( 135.600, 22.785 )


SHORT: ( Metal Short ) Regular Wire of Net u_ctrl/CTS_1381 & Regular Wire of Net u_ctrl/n_1033737  ( metal2 )
Bounds : ( 144.995, 22.575 ) ( 145.100, 22.645 )


SHORT: ( Metal Short ) Regular Wire of Net u_ctrl/n_1033737 & Regular Wire of Net u_ctrl/CTS_1381  ( metal2 )
Bounds : ( 145.030, 22.540 ) ( 145.100, 22.680 )


SHORT: ( Metal Short ) Regular Wire of Net u_ctrl/psum_mem[508][32] & Regular Wire of Net u_ctrl/n_1033746  ( metal6 )
Bounds : ( 138.155, 23.520 ) ( 138.295, 23.660 )


SPACING: ( ParallelRunLength Spacing ) Regular Wire of Net u_ctrl/FE_OFN7919_n_995070 & Regular Wire of Net u_ctrl/psum_mem[510][37]  ( metal3 )
Bounds : ( 135.825, 22.575 ) ( 135.875, 22.645 )


SHORT: ( Metal Short ) Regular Wire of Net u_ctrl/FE_OFN10624_n_1033871 & Regular Wire of Net u_ctrl/psum_mem[344][5]  ( metal2 )
Bounds : ( 177.710, 17.115 ) ( 177.780, 17.185 )


SHORT: ( Metal Short ) Regular Wire of Net u_ctrl/FE_OFN10624_n_1033871 & Regular Wire of Net u_ctrl/psum_mem[345][5]  ( metal2 )
Bounds : ( 177.900, 17.080 ) ( 177.970, 17.220 )


SHORT: ( Metal Short ) Regular Wire of Net u_ctrl/n_1172106 & Regular Wire of Net u_ctrl/n_1172416  ( metal2 )
Bounds : ( 179.990, 20.755 ) ( 180.060, 20.825 )


SHORT: ( Metal Short ) Regular Wire of Net u_ctrl/n_1172416 & Regular Wire of Net u_ctrl/n_1044646  ( metal2 )
Bounds : ( 180.180, 20.755 ) ( 180.250, 20.825 )


SHORT: ( Metal Short ) Regular Wire of Net u_ctrl/psum_mem[349][1] & Regular Wire of Net u_ctrl/n_1044653  ( metal2 )
Bounds : ( 172.390, 16.695 ) ( 172.460, 16.765 )


SHORT: ( Metal Short ) Regular Wire of Net u_ctrl/n_1172107 & Regular Wire of Net u_ctrl/n_1172106  ( metal2 )
Bounds : ( 172.010, 18.375 ) ( 172.080, 18.445 )


CUTSPACING: ( Same Layer Cut Spacing ) Regular Wire of Net u_ctrl/FE_OFN18_n_1145461 & Regular Wire of Net u_ctrl/FE_OFN8479_n_1034049  ( metal4 )
Bounds : ( 172.455, 21.840 ) ( 172.595, 21.980 )


SHORT: ( Metal Short ) Regular Wire of Net u_ctrl/psum_mem[368][5] & Regular Wire of Net u_ctrl/n_1168557  ( metal2 )
Bounds : ( 169.350, 19.215 ) ( 169.420, 19.285 )


SHORT: ( Metal Short ) Regular Wire of Net u_ctrl/cla_sum_b[5] & Regular Wire of Net u_ctrl/CTS_1386  ( metal2 )
Bounds : ( 169.730, 21.280 ) ( 169.800, 21.420 )


SHORT: ( Metal Short ) Regular Wire of Net u_ctrl/FE_OFN7390_n_1033862 & Regular Wire of Net u_ctrl/CTS_1386  ( metal2 )
Bounds : ( 170.075, 21.035 ) ( 170.215, 21.105 )


SHORT: ( Metal Short ) Regular Wire of Net u_ctrl/n_1145835 & Regular Wire of Net u_ctrl/CTS_1377  ( metal2 )
Bounds : ( 177.485, 11.655 ) ( 177.625, 11.725 )


SHORT: ( Metal Short ) Regular Wire of Net u_ctrl/n_1145760 & Regular Wire of Net u_ctrl/psum_mem[373][5]  ( metal2 )
Bounds : ( 167.260, 17.955 ) ( 167.330, 18.025 )


SHORT: ( Metal Short ) Regular Wire of Net u_ctrl/n_1044112 & Regular Wire of Net u_ctrl/n_1168560  ( metal2 )
Bounds : ( 167.830, 17.675 ) ( 167.900, 17.745 )


SHORT: ( Metal Short ) Regular Wire of Net u_ctrl/n_983829 & Regular Wire of Net u_ctrl/FE_OFN10106_FE_DBTN46_cla_sum_b_1  ( metal2 )
Bounds : ( 164.980, 14.595 ) ( 165.050, 14.665 )


SHORT: ( Metal Short ) Regular Wire of Net u_ctrl/psum_mem[368][1] & Regular Wire of Net u_ctrl/n_983827  ( metal2 )
Bounds : ( 165.360, 15.715 ) ( 165.430, 15.785 )


SHORT: ( Metal Short ) Regular Wire of Net u_ctrl/FE_OFN10372_FE_DBTN23_n_1107621 & Regular Wire of Net u_ctrl/CTS_1386  ( metal2 )
Bounds : ( 167.450, 12.600 ) ( 167.520, 12.740 )


SHORT: ( Metal Short ) Regular Wire of Net u_ctrl/CTS_1386 & Regular Wire of Net u_ctrl/FE_OFN4101_n_983831  ( metal2 )
Bounds : ( 165.895, 13.195 ) ( 166.035, 13.265 )


SHORT: ( Metal Short ) Regular Wire of Net u_ctrl/psum_mem[368][5] & Regular Wire of Net u_ctrl/FE_OFN10372_FE_DBTN23_n_1107621  ( metal2 )
Bounds : ( 165.170, 12.600 ) ( 165.240, 12.740 )


SHORT: ( Metal Short ) Regular Wire of Net u_ctrl/n_983918 & Regular Wire of Net u_ctrl/psum_mem[368][1]  ( metal2 )
Bounds : ( 162.510, 12.460 ) ( 162.580, 12.600 )


SHORT: ( Metal Short ) Regular Wire of Net u_ctrl/FE_OFN11051_FE_DBTN31_cla_sum_a_5 & Regular Wire of Net u_ctrl/CTS_1377  ( metal2 )
Bounds : ( 170.075, 8.155 ) ( 170.215, 8.225 )


SHORT: ( Metal Short ) Regular Wire of Net u_ctrl/FE_OFN4860_n_1177700 & Regular Wire of Net u_ctrl/FE_OFN1281_n_1190704  ( metal2 )
Bounds : ( 147.690, 10.815 ) ( 147.760, 10.885 )


SHORT: ( Metal Short ) Regular Wire of Net u_ctrl/FE_OFN1281_n_1190704 & Regular Wire of Net u_ctrl/n_1177871  ( metal2 )
Bounds : ( 147.880, 10.815 ) ( 147.950, 10.885 )


SHORT: ( Metal Short ) Regular Wire of Net u_ctrl/FE_OFN1281_n_1190704 & Regular Wire of Net u_ctrl/n_1033982  ( metal2 )
Bounds : ( 149.020, 12.075 ) ( 149.090, 12.145 )


SHORT: ( Metal Short ) Regular Wire of Net u_ctrl/FE_OFN2113_n_1190727 & Regular Wire of Net u_ctrl/FE_OFN1281_n_1190704  ( metal2 )
Bounds : ( 149.210, 12.075 ) ( 149.280, 12.145 )


SHORT: ( Metal Short ) Regular Wire of Net u_ctrl/FE_OFN12_n_1092058 & Regular Wire of Net u_ctrl/FE_OFN7912_n_993839  ( metal5 )
Bounds : ( 142.355, 19.600 ) ( 142.495, 19.740 )


SHORT: ( Metal Short ) Regular Wire of Net u_ctrl/n_1177962 & Regular Wire of Net u_ctrl/FE_OFN1300_n_1195015  ( metal2 )
Bounds : ( 144.840, 18.515 ) ( 144.910, 18.585 )


SHORT: ( Metal Short ) Regular Wire of Net u_ctrl/FE_OFN4139_n_993841 & Regular Wire of Net u_ctrl/CTS_1381  ( metal2 )
Bounds : ( 142.750, 18.760 ) ( 142.820, 18.900 )


SHORT: ( Metal Short ) Regular Wire of Net u_ctrl/CTS_1381 & Regular Wire of Net u_ctrl/FE_OFN4139_n_993841  ( metal2 )
Bounds : ( 142.715, 18.795 ) ( 142.820, 18.865 )


SHORT: ( Metal Short ) Regular Wire of Net u_ctrl/FE_OFN12_n_1092058 & Regular Wire of Net u_ctrl/FE_DBTN15_n_1020593  ( metal5 )
Bounds : ( 145.435, 19.600 ) ( 145.575, 19.740 )


SPACING: ( ParallelRunLength Spacing ) Regular Wire of Net u_ctrl/n_1177962 & Regular Wire of Net u_ctrl/psum_mem[509][38]  ( metal2 )
Bounds : ( 141.610, 17.885 ) ( 141.680, 17.920 )


SPACING: ( ParallelRunLength Spacing ) Regular Wire of Net u_ctrl/FE_OFN4139_n_993841 & Regular Wire of Net u_ctrl/CTS_1381  ( metal2 )
Bounds : ( 142.630, 20.055 ) ( 142.715, 20.440 )


CUTSPACING: ( Same Layer Cut Spacing ) Regular Wire of Net u_ctrl/psum_mem[511][39] & Regular Wire of Net u_ctrl/psum_mem[510][31]  ( metal4 )
Bounds : ( 137.455, 21.840 ) ( 137.595, 21.980 )


SHORT: ( Metal Short ) Regular Wire of Net u_ctrl/psum_mem[510][31] & Regular Wire of Net u_ctrl/n_1221488  ( metal2 )
Bounds : ( 137.430, 20.055 ) ( 137.500, 20.125 )


SHORT: ( Metal Short ) Regular Wire of Net u_ctrl/n_1199542 & Regular Wire of Net u_ctrl/n_1194171  ( metal2 )
Bounds : ( 142.370, 12.775 ) ( 142.440, 12.845 )


SHORT: ( Metal Short ) Regular Wire of Net u_ctrl/psum_mem[506][36] & Regular Wire of Net u_ctrl/FE_OFN2013_n_1181692  ( metal2 )
Bounds : ( 138.190, 10.255 ) ( 138.260, 10.325 )


SHORT: ( Metal Short ) Regular Wire of Net u_ctrl/n_1033881 & Regular Wire of Net u_ctrl/n_1192923  ( metal2 )
Bounds : ( 134.200, 42.455 ) ( 134.270, 42.525 )


SHORT: ( Metal Short ) Regular Wire of Net u_ctrl/FE_OFN11016_n_1181688 & Regular Wire of Net u_ctrl/n_1183890  ( metal2 )
Bounds : ( 135.340, 38.955 ) ( 135.410, 39.025 )


SHORT: ( Metal Short ) Regular Wire of Net u_ctrl/psum_mem[508][36] & Regular Wire of Net u_ctrl/FE_OFN6330_n_1020769  ( metal3 )
Bounds : ( 129.260, 39.515 ) ( 129.330, 39.585 )


SHORT: ( Metal Short ) Regular Wire of Net u_ctrl/FE_OFN6330_n_1020769 & Regular Wire of Net u_ctrl/psum_mem[464][31]  ( metal3 )
Bounds : ( 129.260, 39.655 ) ( 129.330, 39.725 )


SHORT: ( Metal Short ) Regular Wire of Net u_ctrl/FE_OFN2151_n_1197242 & Regular Wire of Net u_ctrl/FE_OFN2123_n_1192897  ( metal3 )
Bounds : ( 133.820, 43.155 ) ( 133.890, 43.225 )


SPACING: ( ParallelRunLength Spacing ) Regular Wire of Net u_ctrl/FE_OFN6330_n_1020769 & Regular Wire of Net u_ctrl/FE_OFN1941_n_1109976  ( metal3 )
Bounds : ( 128.985, 39.375 ) ( 129.035, 39.445 )


SHORT: ( Metal Short ) Regular Wire of Net u_ctrl/n_1178743 & Regular Wire of Net u_ctrl/FE_OFN878_cla_sum_b_36  ( metal2 )
Bounds : ( 124.320, 37.555 ) ( 124.390, 37.625 )


SHORT: ( Metal Short ) Regular Wire of Net u_ctrl/psum_mem[381][34] & Regular Wire of Net u_ctrl/FE_OFN10695_FE_DBTN7_n_1188537  ( metal2 )
Bounds : ( 128.310, 35.035 ) ( 128.380, 35.105 )


SHORT: ( Metal Short ) Regular Wire of Net u_ctrl/n_1183963 & Regular Wire of Net u_ctrl/FE_OFN3379_n_1020596  ( metal2 )
Bounds : ( 130.970, 34.615 ) ( 131.040, 34.685 )


SHORT: ( Metal Short ) Regular Wire of Net u_ctrl/FE_OFN3583_n_1109988 & Regular Wire of Net u_ctrl/n_1191056  ( metal2 )
Bounds : ( 131.730, 36.855 ) ( 131.800, 36.925 )


SHORT: ( Metal Short ) Regular Wire of Net u_ctrl/n_1177642 & Regular Wire of Net u_ctrl/FE_DBTN14_n_1020597  ( metal2 )
Bounds : ( 133.250, 34.755 ) ( 133.320, 34.825 )


SHORT: ( Metal Short ) Regular Wire of Net u_ctrl/psum_mem[510][36] & Regular Wire of Net u_ctrl/n_1045016  ( metal3 )
Bounds : ( 134.580, 36.855 ) ( 134.650, 36.925 )


SPACING: ( ParallelRunLength Spacing ) Regular Wire of Net u_ctrl/psum_mem[507][36] & Regular Wire of Net u_ctrl/FE_DBTN15_n_1020593  ( metal3 )
Bounds : ( 133.545, 34.895 ) ( 133.595, 34.965 )


SPACING: ( ParallelRunLength Spacing ) Regular Wire of Net u_ctrl/CTS_1379 & Regular Wire of Net u_ctrl/n_1191069  ( metal3 )
Bounds : ( 135.255, 35.140 ) ( 135.305, 35.175 )


SHORT: ( Metal Short ) Regular Wire of Net u_ctrl/n_1044079 & Regular Wire of Net u_ctrl/n_1226701  ( metal2 )
Bounds : ( 112.920, 38.815 ) ( 112.990, 38.885 )


SHORT: ( Metal Short ) Regular Wire of Net u_ctrl/psum_mem[376][32] & Regular Wire of Net u_ctrl/n_1044079  ( metal2 )
Bounds : ( 112.920, 40.600 ) ( 112.990, 40.740 )


SHORT: ( Metal Short ) Regular Wire of Net u_ctrl/psum_mem[383][34] & Regular Wire of Net u_ctrl/psum_mem[381][34]  ( metal2 )
Bounds : ( 113.110, 36.295 ) ( 113.180, 36.365 )


SHORT: ( Metal Short ) Regular Wire of Net u_ctrl/n_1044076 & Regular Wire of Net u_ctrl/n_1227543  ( metal2 )
Bounds : ( 113.110, 43.400 ) ( 113.180, 43.540 )


SHORT: ( Metal Short ) Regular Wire of Net u_ctrl/n_1044066 & Regular Wire of Net u_ctrl/psum_mem[381][33]  ( metal2 )
Bounds : ( 113.300, 39.655 ) ( 113.370, 39.725 )


SHORT: ( Metal Short ) Regular Wire of Net u_ctrl/n_1246443 & Regular Wire of Net u_ctrl/FE_OFN6944_n_1177679  ( metal2 )
Bounds : ( 115.390, 43.855 ) ( 115.460, 43.925 )


SHORT: ( Metal Short ) Regular Wire of Net u_ctrl/psum_mem[376][35] & Regular Wire of Net u_ctrl/psum_mem[383][35]  ( metal3 )
Bounds : ( 112.920, 43.155 ) ( 112.990, 43.225 )


SHORT: ( Metal Short ) Regular Wire of Net u_ctrl/psum_mem[376][35] & Regular Wire of Net u_ctrl/n_1242837  ( metal3 )
Bounds : ( 112.920, 43.295 ) ( 112.990, 43.365 )


SHORT: ( Metal Short ) Regular Wire of Net u_ctrl/psum_mem[336][31] & Regular Wire of Net u_ctrl/n_1044076  ( metal3 )
Bounds : ( 113.110, 43.575 ) ( 113.180, 43.645 )


SPACING: ( ParallelRunLength Spacing ) Regular Wire of Net u_ctrl/psum_mem[379][32] & Regular Wire of Net CTS_272  ( metal3 )
Bounds : ( 119.865, 34.125 ) ( 119.915, 34.160 )


SHORT: ( Metal Short ) Regular Wire of Net u_ctrl/psum_mem[376][36] & Regular Wire of Net u_ctrl/psum_mem[381][36]  ( metal2 )
Bounds : ( 124.130, 38.115 ) ( 124.200, 38.185 )


SHORT: ( Metal Short ) Regular Wire of Net u_ctrl/FE_OFN9839_FE_DBTN5_n_1192894 & Regular Wire of Net u_ctrl/n_1184631  ( metal2 )
Bounds : ( 129.260, 30.940 ) ( 129.330, 31.080 )


SHORT: ( Metal Short ) Regular Wire of Net u_ctrl/FE_OFN3874_n_1178746 & Regular Wire of Net u_ctrl/FE_OFN4536_n_1078730  ( metal2 )
Bounds : ( 127.550, 30.940 ) ( 127.620, 31.080 )


SPACING: ( ParallelRunLength Spacing ) Regular Wire of Net u_ctrl/FE_OFN4763_n_1222307 & Pin of Cell u_ctrl/FE_OFC4763_n_1222307  ( metal1 )
Bounds : ( 133.355, 32.795 ) ( 133.415, 32.865 )


SHORT: ( Metal Short ) Regular Wire of Net u_ctrl/psum_mem[505][32] & Regular Wire of Net u_ctrl/psum_mem[506][37]  ( metal2 )
Bounds : ( 133.250, 22.680 ) ( 133.320, 22.820 )


SHORT: ( Metal Short ) Regular Wire of Net u_ctrl/psum_mem[381][37] & Regular Wire of Net u_ctrl/n_1178757  ( metal2 )
Bounds : ( 129.260, 23.660 ) ( 129.330, 23.940 )


SHORT: ( Metal Short ) Regular Wire of Net u_ctrl/n_1178760 & Regular Wire of Net u_ctrl/n_1033773  ( metal2 )
Bounds : ( 127.360, 23.415 ) ( 127.430, 23.485 )


SHORT: ( Metal Short ) Regular Wire of Net u_ctrl/psum_mem[379][39] & Regular Wire of Net u_ctrl/n_1184324  ( metal2 )
Bounds : ( 124.700, 22.575 ) ( 124.770, 22.645 )


SHORT: ( Metal Short ) Regular Wire of Net u_ctrl/n_1184324 & Regular Wire of Net u_ctrl/psum_mem[379][33]  ( metal2 )
Bounds : ( 124.510, 22.575 ) ( 124.580, 22.645 )


SPACING: ( ParallelRunLength Spacing ) Regular Wire of Net u_ctrl/psum_mem[507][39] & Regular Wire of Net u_ctrl/psum_mem[506][32]  ( metal2 )
Bounds : ( 131.730, 23.940 ) ( 131.800, 23.975 )


SPACING: ( ParallelRunLength Spacing ) Regular Wire of Net u_ctrl/psum_mem[338][38] & Regular Wire of Net CTS_272  ( metal2 )
Bounds : ( 120.210, 29.400 ) ( 120.295, 29.785 )


SPACING: ( ParallelRunLength Spacing ) Regular Wire of Net u_ctrl/FE_OFN5667_n_1222209 & Pin of Cell u_ctrl/FE_OFC5667_n_1222209  ( metal1 )
Bounds : ( 113.785, 31.815 ) ( 113.845, 31.885 )


SHORT: ( Metal Short ) Regular Wire of Net u_ctrl/n_1183703 & Regular Wire of Net u_ctrl/psum_mem[382][38]  ( metal3 )
Bounds : ( 114.440, 32.655 ) ( 114.510, 32.725 )


SHORT: ( Metal Short ) Regular Wire of Net u_ctrl/n_1226695 & Regular Wire of Net u_ctrl/FE_OFN2722_n_1109978  ( metal2 )
Bounds : ( 117.290, 31.780 ) ( 117.360, 32.340 )


SHORT: ( Metal Short ) Regular Wire of Net u_ctrl/psum_mem[379][33] & Regular Wire of Net u_ctrl/n_994902  ( metal2 )
Bounds : ( 117.290, 29.015 ) ( 117.360, 29.085 )


SHORT: ( Metal Short ) Regular Wire of Net u_ctrl/FE_OFN3583_n_1109988 & Regular Wire of Net u_ctrl/FE_OFN6330_n_1020769  ( metal2 )
Bounds : ( 115.390, 32.200 ) ( 115.460, 32.340 )


SHORT: ( Metal Short ) Regular Wire of Net u_ctrl/n_1222209 & Regular Wire of Net u_ctrl/n_1044087  ( metal2 )
Bounds : ( 113.110, 31.955 ) ( 113.180, 32.025 )


CUTSPACING: ( Same Layer Cut Spacing ) Regular Wire of Net u_ctrl/psum_mem[510][38] & Regular Wire of Net u_ctrl/psum_mem[377][31]  ( metal5 )
Bounds : ( 116.455, 27.440 ) ( 116.595, 27.580 )


SHORT: ( Metal Short ) Regular Wire of Net u_ctrl/n_1044079 & Regular Wire of Net u_ctrl/n_1044071  ( metal2 )
Bounds : ( 114.630, 26.215 ) ( 114.700, 26.285 )


SPACING: ( ParallelRunLength Spacing ) Regular Wire of Net u_ctrl/psum_mem[378][37] & Regular Wire of Net CTS_272  ( metal2 )
Bounds : ( 117.635, 25.340 ) ( 117.775, 25.375 )


SPACING: ( ParallelRunLength Spacing ) Regular Wire of Net u_ctrl/FE_OFN1941_n_1109976 & Regular Wire of Net CTS_272  ( metal2 )
Bounds : ( 117.775, 24.395 ) ( 117.860, 24.885 )


SHORT: ( Metal Short ) Regular Wire of Net u_ctrl/n_1223791 & Regular Wire of Net u_ctrl/n_1186702  ( metal2 )
Bounds : ( 107.790, 43.295 ) ( 107.860, 43.365 )


SHORT: ( Metal Short ) Regular Wire of Net u_ctrl/FE_OFN4102_n_984008 & Regular Wire of Net u_ctrl/n_1223791  ( metal2 )
Bounds : ( 107.790, 42.140 ) ( 107.860, 42.280 )


SHORT: ( Metal Short ) Regular Wire of Net u_ctrl/n_1044066 & Regular Wire of Net u_ctrl/psum_mem[383][35]  ( metal3 )
Bounds : ( 112.540, 43.155 ) ( 112.610, 43.225 )


SHORT: ( Metal Short ) Regular Wire of Net u_ctrl/n_1044066 & Regular Wire of Net u_ctrl/n_1242837  ( metal3 )
Bounds : ( 112.540, 43.295 ) ( 112.610, 43.365 )


SHORT: ( Metal Short ) Regular Wire of Net u_ctrl/n_1199550 & Regular Wire of Net u_ctrl/FE_OFN1445_n_1220838  ( metal5 )
Bounds : ( 110.155, 44.240 ) ( 110.295, 44.380 )


SPACING: ( ParallelRunLength Spacing ) Regular Wire of Net u_ctrl/psum_mem[380][32] & Regular Wire of Net CTS_273  ( metal3 )
Bounds : ( 110.155, 42.000 ) ( 110.295, 42.035 )


SHORT: ( Metal Short ) Regular Wire of Net u_ctrl/FE_OFN5764_n_1220848 & Regular Wire of Net u_ctrl/psum_mem[380][39]  ( metal3 )
Bounds : ( 107.790, 40.775 ) ( 107.860, 40.845 )


SHORT: ( Metal Short ) Regular Wire of Net CTS_273 & Regular Wire of Net u_ctrl/n_1044087  ( metal2 )
Bounds : ( 112.315, 40.635 ) ( 112.455, 40.705 )


SHORT: ( Metal Short ) Regular Wire of Net u_ctrl/n_1220848 & Regular Wire of Net u_ctrl/psum_mem[380][39]  ( metal2 )
Bounds : ( 109.880, 40.355 ) ( 109.950, 40.425 )


SHORT: ( Metal Short ) Regular Wire of Net u_ctrl/psum_mem[377][36] & Regular Wire of Net u_ctrl/psum_mem[377][39]  ( metal2 )
Bounds : ( 109.310, 41.195 ) ( 109.380, 41.265 )


SHORT: ( Metal Short ) Regular Wire of Net u_ctrl/FE_OFN3093_n_1178707 & Regular Wire of Net u_ctrl/n_1178706  ( metal2 )
Bounds : ( 108.170, 40.355 ) ( 108.240, 40.425 )


SHORT: ( Metal Short ) Regular Wire of Net u_ctrl/FE_OFN5764_n_1220848 & Regular Wire of Net u_ctrl/n_1223787  ( metal3 )
Bounds : ( 107.790, 40.915 ) ( 107.860, 40.985 )


CUTSPACING: ( Same Layer Cut Spacing ) Regular Wire of Net u_ctrl/FE_OFN4279_n_1017471 & Regular Wire of Net u_ctrl/n_1187122  ( metal4 )
Bounds : ( 105.535, 42.840 ) ( 105.675, 42.980 )


SHORT: ( Metal Short ) Regular Wire of Net u_ctrl/FE_OFN7346_n_1017469 & Regular Wire of Net u_ctrl/n_1226702  ( metal2 )
Bounds : ( 105.130, 41.895 ) ( 105.200, 41.965 )


SPACING: ( ParallelRunLength Spacing ) Regular Wire of Net u_ctrl/FE_OFN7346_n_1017469 & Regular Wire of Net u_ctrl/psum_mem[382][33]  ( metal3 )
Bounds : ( 106.375, 40.495 ) ( 106.425, 40.565 )


SHORT: ( Metal Short ) Regular Wire of Net u_ctrl/n_1245817 & Regular Wire of Net u_ctrl/psum_mem[380][33]  ( metal2 )
Bounds : ( 110.830, 37.415 ) ( 110.900, 37.485 )


SHORT: ( Metal Short ) Regular Wire of Net u_ctrl/n_1220845 & Regular Wire of Net u_ctrl/n_1220844  ( metal2 )
Bounds : ( 110.260, 33.495 ) ( 110.330, 33.565 )


SHORT: ( Metal Short ) Regular Wire of Net u_ctrl/n_1225977 & Regular Wire of Net u_ctrl/n_1226695  ( metal2 )
Bounds : ( 109.310, 38.815 ) ( 109.380, 38.885 )


CUTSPACING: ( Same Layer Cut Spacing ) Regular Wire of Net u_ctrl/psum_mem[382][39] & Regular Wire of Net u_ctrl/n_1225975  ( metal4 )
Bounds : ( 109.455, 34.440 ) ( 109.595, 34.580 )


SHORT: ( Metal Short ) Regular Wire of Net CTS_273 & Regular Wire of Net u_ctrl/n_1226701  ( metal3 )
Bounds : ( 110.070, 37.940 ) ( 110.140, 38.080 )


SPACING: ( ParallelRunLength Spacing ) Regular Wire of Net CTS_273 & Regular Wire of Net u_ctrl/FE_OFN5136_n_994890  ( metal3 )
Bounds : ( 112.645, 37.905 ) ( 112.675, 37.940 )


SHORT: ( Metal Short ) Regular Wire of Net u_ctrl/n_1177811 & Regular Wire of Net u_ctrl/n_1195355  ( metal2 )
Bounds : ( 107.030, 36.435 ) ( 107.100, 36.505 )


SHORT: ( Metal Short ) Regular Wire of Net u_ctrl/n_1183622 & Regular Wire of Net u_ctrl/n_1177975  ( metal2 )
Bounds : ( 102.660, 36.540 ) ( 102.730, 36.680 )


SHORT: ( Metal Short ) Regular Wire of Net CTS_273 & Regular Wire of Net u_ctrl/n_1245827  ( metal2 )
Bounds : ( 102.245, 36.855 ) ( 102.385, 36.925 )


SHORT: ( Metal Short ) Regular Wire of Net CTS_273 & Regular Wire of Net u_ctrl/FE_OFN3935_n_1177976  ( metal2 )
Bounds : ( 102.245, 36.575 ) ( 102.385, 36.645 )


SHORT: ( Metal Short ) Regular Wire of Net u_ctrl/FE_OFN2138_n_1195019 & Regular Wire of Net u_ctrl/FE_OFN9912_n_1017381  ( metal5 )
Bounds : ( 102.595, 36.680 ) ( 102.735, 36.820 )


SHORT: ( Metal Short ) Regular Wire of Net CTS_273 & Regular Wire of Net u_ctrl/FE_OFN2151_n_1197242  ( metal2 )
Bounds : ( 100.190, 36.820 ) ( 100.260, 36.960 )


SHORT: ( Metal Short ) Regular Wire of Net u_ctrl/n_1177977 & Regular Wire of Net u_ctrl/psum_mem[380][39]  ( metal2 )
Bounds : ( 100.760, 40.355 ) ( 100.830, 40.425 )


SHORT: ( Metal Short ) Regular Wire of Net u_ctrl/psum_mem[382][39] & Regular Wire of Net u_ctrl/FE_OFN7346_n_1017469  ( metal2 )
Bounds : ( 107.600, 32.795 ) ( 107.670, 32.865 )


SHORT: ( Metal Short ) Regular Wire of Net u_ctrl/psum_mem[382][37] & Regular Wire of Net u_ctrl/FE_OFN2032_n_1184007  ( metal2 )
Bounds : ( 108.930, 30.555 ) ( 109.000, 30.625 )


SHORT: ( Metal Short ) Regular Wire of Net u_ctrl/n_1241562 & Regular Wire of Net u_ctrl/psum_mem[383][38]  ( metal2 )
Bounds : ( 112.160, 31.955 ) ( 112.230, 32.025 )


SHORT: ( Metal Short ) Regular Wire of Net u_ctrl/FE_OFN5137_n_994892 & Regular Wire of Net u_ctrl/psum_mem[383][37]  ( metal2 )
Bounds : ( 112.350, 26.635 ) ( 112.420, 26.705 )


SHORT: ( Metal Short ) Regular Wire of Net u_ctrl/n_1222206 & Regular Wire of Net u_ctrl/n_1045625  ( metal2 )
Bounds : ( 112.730, 31.815 ) ( 112.800, 31.885 )


SHORT: ( Metal Short ) Regular Wire of Net u_ctrl/FE_OFN1279_n_1190704 & Regular Wire of Net u_ctrl/FE_OFN10254_n_1107621  ( metal5 )
Bounds : ( 112.675, 24.360 ) ( 112.815, 24.500 )


SPACING: ( ParallelRunLength Spacing ) Regular Wire of Net u_ctrl/FE_OFN1321_n_1197239 & Regular Wire of Net CTS_273  ( metal2 )
Bounds : ( 107.100, 30.695 ) ( 107.185, 31.080 )


SHORT: ( Metal Short ) Regular Wire of Net u_ctrl/n_1183696 & Regular Wire of Net u_ctrl/FE_OFN11017_n_1181688  ( metal2 )
Bounds : ( 115.200, 17.255 ) ( 115.270, 17.325 )


SHORT: ( Metal Short ) Regular Wire of Net u_ctrl/psum_mem[379][31] & Regular Wire of Net u_ctrl/n_1033746  ( metal2 )
Bounds : ( 122.990, 18.515 ) ( 123.060, 18.585 )


SHORT: ( Metal Short ) Regular Wire of Net u_ctrl/FE_DBTN15_n_1020593 & Regular Wire of Net u_ctrl/FE_DBTN14_n_1020597  ( metal2 )
Bounds : ( 130.780, 15.715 ) ( 130.850, 15.785 )


SHORT: ( Metal Short ) Regular Wire of Net u_ctrl/n_1045010 & Regular Wire of Net u_ctrl/n_1228389  ( metal2 )
Bounds : ( 130.780, 20.475 ) ( 130.850, 20.545 )


SHORT: ( Metal Short ) Regular Wire of Net u_ctrl/FE_OFN9680_n_1192894 & Regular Wire of Net u_ctrl/n_1177642  ( metal3 )
Bounds : ( 130.780, 15.855 ) ( 130.850, 15.925 )


SHORT: ( Metal Short ) Regular Wire of Net u_ctrl/FE_OFN890_cla_sum_b_33 & Regular Wire of Net u_ctrl/n_1044045  ( metal8 )
Bounds : ( 110.025, 11.630 ) ( 110.425, 12.030 )


SPACING: ( ParallelRunLength Spacing ) Regular Wire of Net u_ctrl/FE_OFN2073_n_1186310 & Regular Wire of Net u_ctrl/n_1177678  ( metal2 )
Bounds : ( 119.570, 11.305 ) ( 119.640, 11.340 )


SHORT: ( Metal Short ) Regular Wire of Net u_ctrl/psum_mem[382][36] & Regular Wire of Net CTS_273  ( metal2 )
Bounds : ( 112.505, 44.555 ) ( 112.645, 44.625 )


SHORT: ( Metal Short ) Regular Wire of Net u_ctrl/psum_mem[383][32] & Regular Wire of Net u_ctrl/FE_OFN10514_cla_sum_b_22  ( metal5 )
Bounds : ( 110.715, 44.520 ) ( 110.855, 44.660 )


SHORT: ( Metal Short ) Regular Wire of Net u_mac_a/mul_29_51_I6_n_249 & Regular Wire of Net FE_OFN279_win_data_5__14  ( metal2 )
Bounds : ( 49.650, 71.995 ) ( 49.720, 72.065 )


SHORT: ( Metal Short ) Regular Wire of Net FE_OFN250_win_data_5__11 & Regular Wire of Net u_mac_a/mul_29_51_I6_n_152  ( metal2 )
Bounds : ( 50.980, 76.195 ) ( 51.050, 76.265 )


SHORT: ( Metal Short ) Regular Wire of Net FE_OFN280_win_data_5__15 & Regular Wire of Net u_mac_a/n_438  ( metal3 )
Bounds : ( 47.370, 79.555 ) ( 47.440, 79.625 )


SHORT: ( Metal Short ) Regular Wire of Net u_mac_a/mul_29_51_I6_n_218 & Regular Wire of Net FE_OFN293_win_data_5__3  ( metal5 )
Bounds : ( 50.795, 70.560 ) ( 50.935, 70.700 )


SPACING: ( ParallelRunLength Spacing ) Regular Wire of Net FE_OFN852_win_data_5__0  ( metal3 )
Bounds : ( 52.465, 59.045 ) ( 52.605, 59.080 )


SHORT: ( Metal Short ) Regular Wire of Net u_mac_b/mul_29_51_I6_n_168 & Regular Wire of Net u_mac_b/mul_29_51_I6_n_196  ( metal2 )
Bounds : ( 66.370, 58.275 ) ( 66.440, 58.345 )


SHORT: ( Metal Short ) Regular Wire of Net u_mac_b/mul_29_51_I6_n_75 & Regular Wire of Net u_mac_b/mul_29_51_I6_n_299  ( metal2 )
Bounds : ( 74.350, 55.615 ) ( 74.420, 55.685 )


SHORT: ( Metal Short ) Regular Wire of Net CTS_257 & Regular Wire of Net FE_OFN852_win_data_5__0  ( metal3 )
Bounds : ( 52.500, 59.080 ) ( 52.570, 59.220 )


SPACING: ( ParallelRunLength Spacing ) Regular Wire of Net CTS_257 & Regular Wire of Net wgt_b[5][2]  ( metal3 )
Bounds : ( 52.795, 59.045 ) ( 52.845, 59.080 )


SHORT: ( Metal Short ) Regular Wire of Net u_ctrl/FE_OFN3088_n_1178701 & Regular Wire of Net u_mac_b/mul_29_51_I6_n_187  ( metal3 )
Bounds : ( 85.940, 57.015 ) ( 86.010, 57.085 )


SHORT: ( Metal Short ) Regular Wire of Net u_mac_b/prod_reg[8][23] & Regular Wire of Net CTS_263  ( metal2 )
Bounds : ( 77.580, 40.460 ) ( 77.650, 40.600 )


SHORT: ( Metal Short ) Regular Wire of Net CTS_263 & Regular Wire of Net u_mac_b/prod_reg[8][23]  ( metal2 )
Bounds : ( 77.545, 40.495 ) ( 77.650, 40.565 )


SHORT: ( Metal Short ) Regular Wire of Net CTS_263 & Regular Wire of Net u_mac_b/FE_OFN840_rst_n  ( metal2 )
Bounds : ( 65.230, 35.980 ) ( 65.300, 36.120 )


SHORT: ( Metal Short ) Regular Wire of Net u_mac_b/n_324 & Regular Wire of Net CTS_273  ( metal2 )
Bounds : ( 85.180, 42.175 ) ( 85.250, 42.245 )


SHORT: ( Metal Short ) Regular Wire of Net u_mac_b/csa_tree_add_38_31_I9_groupi_n_98 & Regular Wire of Net u_ctrl/FE_OFN1272_n_1177098  ( metal5 )
Bounds : ( 89.155, 42.000 ) ( 89.295, 42.140 )


SHORT: ( Metal Short ) Regular Wire of Net u_mac_a/mul_29_51_I9_n_477 & Regular Wire of Net u_mac_a/mul_29_51_I9_n_231  ( metal2 )
Bounds : ( 65.610, 17.535 ) ( 65.680, 17.605 )


SHORT: ( Metal Short ) Regular Wire of Net u_mac_a/mul_29_51_I9_n_266 & Regular Wire of Net u_mac_a/mul_29_51_I9_n_185  ( metal2 )
Bounds : ( 50.410, 12.600 ) ( 50.480, 12.740 )


SHORT: ( Metal Short ) Regular Wire of Net u_mac_a/mul_29_51_I9_n_182 & Regular Wire of Net u_mac_a/mul_29_51_I9_n_31  ( metal2 )
Bounds : ( 45.470, 12.075 ) ( 45.540, 12.145 )


SHORT: ( Metal Short ) Regular Wire of Net u_mac_b/mul_29_51_I9_n_168 & Regular Wire of Net u_mac_b/mul_29_51_I9_n_179  ( metal2 )
Bounds : ( 79.670, 17.955 ) ( 79.740, 18.025 )


SHORT: ( Metal Short ) Regular Wire of Net wgt_b[8][9] & Regular Wire of Net u_mac_b/mul_29_51_I9_n_113  ( metal2 )
Bounds : ( 84.420, 20.755 ) ( 84.490, 20.825 )


SHORT: ( Metal Short ) Regular Wire of Net u_mac_b/mul_29_51_I9_n_14 & Regular Wire of Net u_mac_b/mul_29_51_I9_n_115  ( metal2 )
Bounds : ( 84.610, 17.955 ) ( 84.680, 18.025 )


SHORT: ( Metal Short ) Regular Wire of Net u_mac_b/mul_29_51_I9_n_159 & Regular Wire of Net u_mac_b/mul_29_51_I9_n_106  ( metal2 )
Bounds : ( 87.270, 17.255 ) ( 87.340, 17.325 )


SHORT: ( Metal Short ) Regular Wire of Net wgt_b[7][5] & Regular Wire of Net u_mac_b/mul_29_51_I8_n_114  ( metal2 )
Bounds : ( 10.700, 24.955 ) ( 10.770, 25.025 )


SHORT: ( Metal Short ) Regular Wire of Net u_mac_b/mul_29_51_I8_n_140 & Regular Wire of Net u_mac_b/mul_29_51_I8_n_187  ( metal2 )
Bounds : ( 10.890, 25.795 ) ( 10.960, 25.865 )


SHORT: ( Metal Short ) Regular Wire of Net u_mac_b/mul_29_51_I8_n_226 & Regular Wire of Net u_mac_b/mul_29_51_I8_n_116  ( metal2 )
Bounds : ( 11.650, 21.420 ) ( 11.720, 21.560 )


SHORT: ( Metal Short ) Regular Wire of Net u_mac_b/mul_29_51_I8_n_163 & Regular Wire of Net u_mac_b/mul_29_51_I8_n_115  ( metal2 )
Bounds : ( 12.220, 29.015 ) ( 12.290, 29.085 )


SHORT: ( Metal Short ) Regular Wire of Net u_mac_b/mul_29_51_I8_n_313 & Regular Wire of Net u_mac_b/mul_29_51_I8_n_33  ( metal2 )
Bounds : ( 12.980, 32.795 ) ( 13.050, 32.865 )


SHORT: ( Metal Short ) Regular Wire of Net u_mac_b/mul_29_51_I8_n_192 & Regular Wire of Net u_mac_b/mul_29_51_I8_n_167  ( metal2 )
Bounds : ( 15.260, 31.955 ) ( 15.330, 32.025 )


SHORT: ( Metal Short ) Regular Wire of Net u_mac_b/mul_29_51_I8_n_178 & Regular Wire of Net u_mac_b/mul_29_51_I8_n_179  ( metal2 )
Bounds : ( 19.630, 22.295 ) ( 19.700, 22.365 )


SHORT: ( Metal Short ) Regular Wire of Net u_mac_a/mul_29_51_I9_n_103 & Regular Wire of Net u_mac_a/mul_29_51_I9_n_236  ( metal2 )
Bounds : ( 44.710, 12.600 ) ( 44.780, 12.740 )


SHORT: ( Metal Short ) Regular Wire of Net u_ctrl/FE_OFN8730_n_995158 & Regular Wire of Net u_ctrl/FE_OFN8976_n_995159  ( metal2 )
Bounds : ( 180.560, 57.995 ) ( 180.630, 58.065 )


  Total Violations : 1000 Viols.
