0.401676
0.705637
0.538209
0.348388
0.574861
0.361168
0.238317
0.485233
0.656983
0.382157
0.622494
0.477011
0.924946
0.431163
0.616326
0.238310
0.045470
0.207003
0.262051
0.333511
0.500251
0.275834
0.915310
0.096970
0.699344
0.277255
0.470815
0.623665
0.535418
0.413401
0.091904
0.253934
0.122415
0.345550
0.134299
0.847929
0.003296
0.424105
0.108204
0.488322
0.309812
0.259430
1.023624
0.685757
0.416290
0.298317
0.072834
0.781359
0.555624
0.446459
0.556163
0.508823
0.314105
0.201240
0.089693
0.067987
0.132055
0.266054
0.106339
0.235127
0.008181
0.364879
0.209222
0.537292
0.064954
0.630924
0.093640
0.104046
0.297804
0.850660
0.605130
0.723701
0.659815
0.158214
0.791083
1.406014
0.982939
0.257192
0.100314
0.598992
0.135589
0.169139
0.878079
0.337020
0.400092
0.000844
0.175936
0.566504
0.647723
0.205154
0.972944
0.039679
1.165242
0.481446
0.112142
0.121213
0.482554
0.570249
0.801568
0.518820
0.996396
0.056002
0.024143
0.824268
0.292774
0.540846
0.073722
0.889420
0.495278
0.012046
0.075325
0.590003
0.228032
0.183791
0.034827
0.188559
0.061120
0.066409
0.069630
0.459896
0.105512
0.465845
0.076870
0.744571
0.629306
0.119961
0.704418
0.612505
0.702196
0.071217
0.142429
0.023475
0.074725
0.052839
0.539033
0.152910
0.578987
0.088313
0.057671
0.147806
0.230139
0.445508
0.534873
0.783032
0.253602
0.165270
1.005240
0.478860
0.084749
0.268521
0.149711
0.555757
0.462759
0.094797
0.253531
0.141337
0.026543
0.439194
0.678023
0.838437
0.051173
0.510768
1.061266
0.853310
0.240860
1.154501
0.451846
0.403351
0.047023
0.400390
0.517567
0.665930
0.603720
0.029037
0.572640
0.038061
0.205414
0.954616
0.260420
0.732873
0.899734
0.667325
0.829255
1.155129
0.782204
1.069709
0.472473
0.191116
0.001863
0.225513
0.335574
0.589180
0.162009
0.263691
0.970197
0.475246
0.571927
0.532715
0.144953
0.151049
0.283533
0.290052
0.920307
0.884740
0.709604
0.248402
0.859233
1.124657
0.732729
0.469917
0.945697
0.041445
0.121125
0.502411
0.291775
0.318659
0.233016
0.601411
0.495547
0.097291
0.219622
0.682093
1.293329
0.218785
0.362072
0.089820
0.687763
0.429638
0.854537
0.595533
0.513503
0.503875
0.601273
0.247059
0.816817
0.793351
0.138289
0.528513
0.456063
0.539679
0.104001
0.145770
0.090904
0.541088
0.734438
0.537497
0.503891
1.175138
0.250823
0.215442
0.029436
0.941587
0.837785
0.936080
0.643368
0.161017
0.795026
0.480103
0.175369
0.005994
1.021943
0.187703
0.420970
0.628237
0.281334
0.035592
0.597689
0.510534
0.256127
0.408735
1.315754
0.683816
0.936435
0.851719
0.043444
0.252217
0.072349
0.150954
0.232244
0.405403
1.080317
0.038108
0.452688
0.248450
0.666272
0.910759
1.065218
0.393707
0.139102
0.449311
0.347300
0.070336
0.255525
1.610074
0.642415
0.830455
0.674226
0.756047
0.755835
1.041766
0.690176
0.603830
0.655388
0.554396
0.702658
0.672477
0.343300
0.382834
0.401010
0.019265
0.432268
0.920096
0.290874
0.036251
1.313613
0.264857
1.754326
0.477139
0.629080
0.253111
0.635089
1.105846
0.488117
0.241036
0.322336
0.107685
0.025352
0.410446
0.583249
1.089857
0.483902
0.251506
0.287242
0.356684
0.807626
0.278458
0.058300
0.859804
0.373617
1.026690
0.667183
0.874612
0.153004
0.125199
0.338771
0.024438
1.120325
0.193536
0.030662
0.223739
0.130463
0.112158
0.242262
0.298535
0.517404
0.174576
1.080246
0.168924
0.511042
0.533170
0.347915
0.608694
0.487099
0.527442
0.187004
0.121715
0.007151
0.261881
0.091250
0.505998
0.013060
0.102669
0.036583
0.110932
0.255747
0.033112
0.134327
0.030581
0.813515
0.223121
0.601432
0.473252
1.013733
0.166952
0.041396
0.643166
1.055278
0.531214
0.039986
0.063933
1.035153
0.796343
0.157911
0.587335
0.754814
0.063671
0.582893
1.041406
0.172993
0.467065
0.373170
0.377896
0.453525
0.651980
0.224854
0.301697
0.352751
0.532768
0.446274
0.391659
0.046637
0.221467
0.696048
0.885255
0.303016
1.003730
0.022772
0.328196
0.308269
0.688188
0.754583
0.745984
1.015604
0.222864
0.562748
0.226665
0.522398
0.226740
0.295207
1.118975
0.034816
0.073275
0.187861
0.316870
0.260231
0.250553
0.282437
0.935418
1.431799
0.327365
0.782555
0.717631
0.012566
0.036792
0.895635
0.100048
0.744819
1.028137
0.290854
0.252039
0.120905
0.559169
0.342789
0.871299
0.521257
0.200559
0.164331
0.397518
0.023693
0.250401
0.334965
0.706822
0.897261
0.920420
1.193141
0.227057
0.098726
0.849873
0.171811
0.641974
0.216857
0.734918
0.737721
0.359321
0.562722
0.211409
0.539072
0.233900
0.572464
0.529389
0.272406
0.274796
0.421814
0.429154
0.443436
0.253814
0.153216
0.474340
0.366862
0.503811
0.188729
0.711685
1.117870
0.073555
0.743382
0.453768
0.769174
0.148429
0.421631
0.428028
0.691401
0.310648
0.007055
0.693710
0.061668
0.004659
0.002752
0.369597
0.608270
0.224867
0.147334
0.150086
0.539924
0.042519
0.084692
0.115089
1.071827
0.184918
0.361285
1.047847
0.032802
0.510957
0.387444
0.774623
0.073145
1.180363
0.625499
0.517774
0.324864
0.163266
0.098856
0.310110
0.371672
0.386405
0.266727
0.611111
0.320123
0.154869
0.039362
0.716663
0.275963
0.045736
0.121764
0.299378
0.537411
0.255970
0.488866
0.488128
0.459682
0.941500
0.621707
0.261456
0.251376
0.276523
0.997484
0.405233
0.556162
0.207302
0.083771
0.074738
0.095098
0.426252
0.261403
0.396448
0.204911
0.541550
0.551428
0.295092
0.187119
0.135539
0.288280
0.385639
0.500993
0.240192
0.498617
0.882083
0.434440
0.248334
0.824016
0.737036
0.112102
0.206868
0.120418
0.434049
0.194992
0.791474
0.220706
0.321376
0.685540
0.490659
0.452107
0.671037
0.105748
0.590762
1.177482
0.373733
0.111386
0.480803
0.045568
0.591654
0.260021
0.562480
0.537460
0.465978
0.170120
0.205307
0.208028
0.244991
1.145971
0.039936
0.798048
0.631463
0.292713
0.470890
0.767019
0.262656
0.467407
0.239245
0.676359
1.299587
0.386102
0.313241
0.037701
1.040189
0.342208
0.054818
0.435997
0.793940
0.178598
0.154818
1.023041
0.099592
0.962325
0.405927
0.200473
0.464954
0.371071
0.981827
0.745501
0.724417
0.048784
0.467116
0.084791
0.400067
0.606571
0.379439
0.275684
0.099838
0.154475
0.450136
0.962395
0.901527
1.233583
1.587805
0.054243
0.059859
0.216874
0.070270
0.224021
0.520430
0.951307
1.057320
0.791768
0.995782
0.722444
0.131127
0.663916
1.146655
0.695461
0.305478
1.284564
0.366350
0.321343
0.015035
-0.126644
-0.004655
0.009883
-0.067786
-0.067248
-0.025299
-0.011543
-0.040164
0.067013
0.088057
-0.045833
-0.011701
0.029055
-0.045852
0.028010
0.027086
-0.033604
-0.036955
0.031446
-0.085200
-0.032329
-0.008932
0.034591
-0.261162
-0.129137
-0.331909
-0.283190
-0.311471
-0.140360
-0.224042
-0.110429
-0.201218
-0.244630
-0.139239
-0.175556
-0.176700
-0.128508
-0.130218
-0.173357
-0.168451
-0.214113
-0.193936
-0.231818
-0.233697
-0.230849
-0.313622
-0.066060
-0.252898
-0.486460
-0.394040
-0.445283
-0.413386
-0.414735
-0.380711
-0.371745
-0.398503
-0.321361
-0.439805
-0.295230
-0.419327
-0.286546
-0.442831
-0.350950
-0.356930
-0.410216
-0.362984
-0.513808
-0.331942
-0.505553
-0.228416
-0.085702
-0.288450
-0.531666
-0.489567
-0.400228
-0.364754
-0.312055
-0.221296
-0.341766
-0.424752
-0.334323
-0.394378
-0.289822
-0.303023
-0.401476
-0.400788
-0.318301
-0.330792
-0.304314
-0.357951
-0.297439
-0.565629
-0.525512
-0.295316
-0.084802
-0.259493
-0.375655
-0.277853
-0.381537
-0.273467
-0.432257
-0.393026
-0.263505
-0.298461
-0.321111
-0.345053
-0.483738
-0.444559
-0.399032
-0.446984
-0.412445
-0.377114
-0.341622
-0.511841
-0.483933
-0.393389
-0.344435
-0.313639
-0.031817
-0.256173
-0.401141
-0.332653
-0.399528
-0.369630
-0.327406
-0.333138
-0.256678
-0.263465
-0.332137
-0.349000
-0.340659
-0.506999
-0.329263
-0.513306
-0.468215
-0.340538
-0.472481
-0.277987
-0.257747
-0.489392
-0.353814
-0.495132
-0.100601
-0.185913
-0.440330
-0.413193
-0.465241
-0.383705
-0.517175
-0.389335
-0.337160
-0.379957
-0.253251
-0.397970
-0.450880
-0.474213
-0.497064
-0.557832
-0.435503
-0.428744
-0.224720
-0.542073
-0.316952
-0.439358
-0.323714
-0.160629
-0.106667
-0.261286
-0.527438
-0.311029
-0.501520
-0.477805
-0.413142
-0.389694
-0.266888
-0.276852
-0.279978
-0.193459
-0.430687
-0.378269
-0.395772
-0.444879
-0.360296
-0.353742
-0.368909
-0.524939
-0.389933
-0.272536
-0.571361
-0.357999
0.004623
-0.341400
-0.420994
-0.485302
-0.534617
-0.522192
-0.334290
-0.437154
-0.380468
-0.384555
-0.267511
-0.163277
-0.255254
-0.361524
-0.375034
-0.427327
-0.332628
-0.398936
-0.392746
-0.401443
-0.363582
-0.429217
-0.497294
-0.263712
-0.093421
-0.324194
-0.521444
-0.473715
-0.513781
-0.417056
-0.426817
-0.456777
-0.298448
-0.368771
-0.340296
-0.406261
-0.279568
-0.396080
-0.374398
-0.437424
-0.432213
-0.333865
-0.225359
-0.292837
-0.500805
-0.509475
-0.458889
-0.423520
-0.111975
-0.234735
-0.424438
-0.443195
-0.398772
-0.561941
-0.379263
-0.329359
-0.355689
-0.474812
-0.391343
-0.355397
-0.440262
-0.254740
-0.391095
-0.427808
-0.466165
-0.520264
-0.405174
-0.451588
-0.582156
-0.486550
-0.429046
-0.408869
-0.080113
-0.150900
-0.506166
-0.410257
-0.377360
-0.398647
-0.451191
-0.254299
-0.563720
-0.371833
-0.710458
-0.531575
-0.613161
-0.437033
-0.435484
-0.504020
-0.314849
-0.429036
-0.393905
-0.386985
-0.487589
-0.381673
-0.490517
-0.297273
-0.069177
-0.334696
-0.267517
-0.422222
-0.353860
-0.419698
-0.461646
-0.383663
-0.276710
-0.464811
-0.426536
-0.383062
-0.455497
-0.438165
-0.282090
-0.493737
-0.485761
-0.436906
-0.545923
-0.334882
-0.356622
-0.438096
-0.418166
-0.300884
-0.052901
-0.265680
-0.276729
-0.319558
-0.347450
-0.441589
-0.485747
-0.568234
-0.431547
-0.365488
-0.423044
-0.396597
-0.337689
-0.415994
-0.276073
-0.386915
-0.475195
-0.406944
-0.444225
-0.511723
-0.498003
-0.447867
-0.377753
-0.380037
-0.009287
-0.271970
-0.380598
-0.361955
-0.475097
-0.464476
-0.416460
-0.403960
-0.397733
-0.418530
-0.498220
-0.498441
-0.332802
-0.433176
-0.333179
-0.433556
-0.419696
-0.480748
-0.449005
-0.443704
-0.460833
-0.285709
-0.349476
-0.328148
-0.120210
-0.517304
-0.427473
-0.421139
-0.507011
-0.384247
-0.527184
-0.496947
-0.427661
-0.425875
-0.291411
-0.501361
-0.407658
-0.287776
-0.404271
-0.379286
-0.444731
-0.495383
-0.440785
-0.481306
-0.354206
-0.505558
-0.335860
-0.272627
-0.092868
-0.190577
-0.403006
-0.505264
-0.284467
-0.366233
-0.465670
-0.497244
-0.262600
-0.516980
-0.403767
-0.444426
-0.386586
-0.299877
-0.361327
-0.375513
-0.392698
-0.356150
-0.429664
-0.358849
-0.303319
-0.324634
-0.329734
-0.267908
-0.131491
-0.384101
-0.462688
-0.374009
-0.393105
-0.559359
-0.366770
-0.620190
-0.325219
-0.379620
-0.236980
-0.411233
-0.339411
-0.300161
-0.280595
-0.460319
-0.341967
-0.334007
-0.413049
-0.272943
-0.445686
-0.474829
-0.407846
-0.330497
0.014392
-0.398533
-0.314836
-0.407648
-0.418469
-0.470132
-0.387555
-0.417346
-0.455484
-0.301469
-0.514824
-0.259374
-0.430396
-0.295484
-0.309065
-0.402374
-0.581076
-0.338472
-0.491763
-0.428676
-0.434266
-0.363567
-0.407278
-0.338677
-0.019239
-0.385775
-0.317544
-0.508166
-0.369466
-0.420193
-0.441622
-0.491503
-0.434886
-0.339508
-0.482647
-0.314561
-0.381295
-0.375028
-0.336792
-0.438525
-0.347934
-0.312782
-0.346677
-0.335544
-0.354216
-0.357445
-0.387988
-0.185227
-0.000207
-0.318010
-0.284693
-0.435152
-0.361673
-0.392093
-0.547800
-0.300578
-0.409223
-0.395481
-0.252329
-0.443213
-0.250510
-0.404148
-0.299005
-0.442163
-0.568193
-0.525261
-0.491039
-0.396163
-0.400834
-0.413268
-0.409873
-0.368969
-0.056192
-0.279399
-0.471300
-0.401022
-0.474419
-0.235095
-0.517726
-0.220253
-0.507952
-0.431475
-0.415174
-0.430880
-0.401894
-0.286881
-0.429715
-0.433709
-0.439109
-0.320391
-0.336340
-0.425513
-0.431966
-0.502220
-0.406740
-0.246938
-0.080692
-0.103183
-0.436122
-0.297769
-0.306485
-0.407434
-0.352033
-0.428614
-0.360650
-0.355126
-0.511772
-0.298083
-0.473751
-0.309396
-0.452556
-0.430118
-0.421966
-0.410219
-0.479820
-0.501267
-0.478572
-0.457949
-0.517945
-0.199601
-0.067744
-0.307008
-0.568521
-0.518835
-0.306562
-0.439896
-0.350234
-0.482313
-0.424380
-0.544502
-0.431975
-0.315807
-0.264082
-0.380764
-0.238021
-0.411548
-0.467768
-0.326131
-0.447051
-0.434739
-0.422779
-0.459230
-0.320626
-0.432619
-0.082814
-0.312498
-0.271141
-0.638765
-0.437189
-0.324810
-0.559248
-0.386534
-0.377213
-0.542245
-0.351738
-0.497172
-0.317176
-0.441915
-0.391130
-0.343833
-0.452783
-0.443105
-0.424626
-0.365912
-0.504635
-0.537363
-0.518681
-0.325149
-0.027709
-0.389861
-0.432349
-0.497558
-0.386168
-0.421054
-0.303241
-0.346092
-0.423527
-0.456443
-0.321151
-0.405963
-0.262872
-0.345711
-0.452738
-0.448391
-0.561611
-0.623911
-0.458434
-0.488592
-0.373280
-0.297250
-0.370640
-0.220358
-0.030675
-0.261737
-0.426276
-0.450725
-0.311940
-0.523964
-0.368112
-0.465302
-0.292431
-0.328188
-0.454995
-0.477146
-0.469502
-0.401071
-0.521689
-0.542351
-0.389687
-0.441482
-0.378946
-0.379909
-0.396429
-0.439372
-0.417796
-0.307365
-0.017135
-0.103053
-0.291371
-0.279661
-0.346062
-0.349223
-0.293105
-0.394341
-0.173809
-0.280058
-0.196240
-0.398207
-0.243048
-0.454477
-0.306512
-0.326452
-0.260441
-0.260321
-0.259718
-0.382670
-0.260916
-0.263021
-0.292844
-0.077433
1.041036
1.088238
1.278533
1.500535
1.533057
1.422217
1.425323
1.504833
1.442032
1.184324
1.085711
1.062042
1.117100
1.098323
1.054259
1.137265
1.067987
1.098778
1.053035
0.875354
1.005948
1.306655
1.448721
1.308130
1.014033
1.144241
1.223964
0.887676
0.829561
0.842264
0.881514
0.897907
0.939779
0.962274
1.106251
1.005803
0.876577
0.918963
1.071837
1.211062
1.025674
1.120229
1.207566
0.979089
0.573977
0.769283
1.227925
1.266359
1.222323
1.330540
1.186081
0.739219
0.843706
0.955808
1.058538
0.924877
0.793679
0.898417
1.072644
0.900537
0.997905
1.218258
1.199585
1.147149
1.063518
0.989871
1.206759
1.531195
1.422402
1.120651
0.873075
1.028925
1.007416
1.111388
1.184587
0.980921
0.935977
0.999946
1.077031
0.832307
0.812097
0.797779
0.741192
0.817205
1.132845
0.998192
0.973500
1.216702
1.120837
0.918933
0.915932
1.001169
0.921376
0.907883
0.776212
0.879204
0.892990
0.923447
0.878415
0.825376
0.819996
0.653256
0.670795
0.737685
0.865441
0.877218
0.863812
1.058405
1.069617
1.039787
1.007739
1.220967
1.244568
1.417694
1.355482
0.894813
0.672056
0.896367
1.245773
1.126386
0.960476
0.936369
0.925291
1.193364
1.311173
0.995234
0.769522
0.692443
1.019548
1.089839
1.000903
1.049098
1.091433
1.183297
1.102584
0.910043
0.983438
1.164588
1.282792
1.100094
1.206626
1.308536
1.202380
1.045948
1.038731
1.046456
0.958591
1.002714
1.012005
0.754235
0.946020
1.024299
1.003819
0.277062
-0.016701
-0.032330
0.533424
0.869243
0.847078
0.798236
0.804703
0.691824
0.714568
0.742138
1.128585
1.256865
1.034420
0.903208
1.125374
1.066496
0.957254
0.945537
0.983541
1.176326
1.506547
1.187601
1.114808
0.709781
0.622970
0.671640
1.137965
0.899370
0.901292
1.119742
1.030193
0.730970
0.735409
0.744287
0.899546
1.007216
1.025101
1.415179
1.022763
1.060111
1.166929
1.259822
1.257712
1.265031
1.103696
1.063747
1.601394
1.947646
1.820131
1.635937
1.369184
1.024899
1.122622
1.199390
1.108366
1.028045
1.121925
1.451857
1.252990
0.838384
0.978611
1.428033
0.977359
1.045736
1.050363
1.082529
0.843290
0.744694
0.254268
0.683063
1.280466
1.576306
1.648342
1.653421
1.338675
1.292741
1.272503
1.243988
1.266652
1.226573
1.074475
1.141179
1.069738
1.234141
1.059093
0.894939
1.044677
0.909825
0.699374
0.761094
0.838414
1.036500
0.703764
0.468584
0.472582
0.998816
1.207313
1.238556
1.058081
0.845913
0.760047
0.816273
1.068605
1.016262
0.767391
0.674897
0.816033
1.116896
0.883831
0.766466
0.942430
0.798016
0.755373
0.784387
1.014319
1.371254
1.467013
1.291641
1.081544
0.841336
0.415832
0.309229
0.622294
0.751145
0.803025
0.690482
0.731938
0.779067
0.924306
0.976106
0.959956
0.906335
0.953474
1.053419
1.050000
1.118249
1.146395
1.099411
1.048369
1.064438
1.402664
1.273989
1.393973
1.154760
1.269820
0.980072
0.972696
0.994581
1.174942
1.042819
0.920787
1.105732
1.149286
1.061245
1.028167
1.090003
1.177962
1.195418
1.071521
1.122262
1.185807
1.089868
0.900500
1.069427
1.319998
1.133411
1.002683
0.919488
1.325569
1.265480
1.310165
1.150370
1.264155
1.196966
1.208015
1.440739
1.339308
1.160818
0.999920
0.893448
0.909053
0.915019
0.868255
0.847466
1.041567
0.973650
0.930108
1.043017
1.121792
1.167241
1.063045
0.887821
1.055780
1.114179
1.213487
0.942372
1.071555
1.042519
1.021918
0.988565
0.927182
1.131764
1.134753
0.881013
0.659314
1.030655
0.949992
0.957159
1.100080
0.921237
1.051865
0.969854
0.745481
0.703851
0.910571
0.920177
0.877863
0.849352
0.870968
0.677890
0.748318
0.790154
0.820701
0.770734
0.675764
1.074921
1.280728
1.202791
1.088589
1.338008
1.189412
1.089616
1.052530
1.081770
1.211917
0.935853
0.797373
0.875007
0.848571
0.698543
0.893538
1.098886
1.140330
1.115917
1.154927
1.107754
1.005915
1.216011
1.102167
1.031369
0.874925
0.885565
1.097180
1.201463
1.181957
0.931078
0.928097
1.002912
0.987386
0.878946
0.973836
1.026053
1.031894
1.122771
1.344732
1.188048
1.053030
1.073212
1.050496
0.947827
0.690830
0.968428
1.008075
1.007919
0.701957
0.649952
0.916915
1.019527
0.916665
0.794618
1.015253
0.901700
0.911948
1.177111
1.214663
1.047945
0.923406
0.962172
1.001709
0.866309
0.733494
0.923239
0.974434
1.061097
0.912871
1.044400
0.864232
0.954131
0.992349
1.115011
1.070819
0.930379
0.753558
0.738197
1.094373
1.086418
1.198560
1.334911
1.266267
1.154604
1.007665
0.875184
0.986859
0.980470
0.887296
0.917152
0.854194
1.094310
1.024084
1.091789
0.926608
1.010266
1.239002
1.180289
0.935790
0.886713
0.612088
0.689534
0.927998
0.844941
0.891682
0.962630
0.962028
0.952772
1.060396
1.184968
1.119290
1.034491
0.947142
0.882339
0.860985
1.023094
0.911978
0.870892
0.796126
0.938829
1.093657
0.886547
0.874863
1.089770
0.993241
1.257600
1.160080
0.939517
0.779949
0.879007
0.520516
0.098421
0.439497
1.101201
1.044809
0.982649
0.883184
1.020868
1.155817
1.204717
1.018607
1.044226
0.852162
0.930548
1.007396
0.906006
1.148034
1.342371
1.329695
1.387452
1.227963
1.073473
0.974214
0.935603
0.865440
0.716047
1.073968
0.905664
0.833800
1.047750
1.086986
0.910622
0.916800
0.945439
0.939513
1.063062
0.917317
1.230321
1.137447
0.937563
1.363711
1.311250
1.041053
0.866339
1.034957
0.898236
0.955615
0.907838
1.301925
1.360383
1.414751
0.960373
0.959239
1.007872
1.076964
0.951893
1.158845
1.142774
1.301310
1.162058
0.999104
1.181485
1.012473
0.921762
1.167286
0.984677
1.138884
1.188988
1.246243
1.152658
1.150106
1.061037
1.243844
1.244749
1.057100
1.073971
1.113208
0.972953
1.136835
1.204237
1.262140
1.109413
1.231244
0.939041
0.806690
0.872916
0.993909
1.080230
1.017980
0.795120
0.953458
0.922274
0.815879
0.958472
0.977990
1.146868
1.231001
1.122851
1.009438
1.303673
1.077670
1.066582
1.297801
1.183138
1.012812
0.877661
0.971226
0.962792
1.089635
0.963700
1.007668
0.881088
0.824922
0.906618
0.849321
0.863560
0.769379
0.892472
0.841878
0.845347
0.855961
0.937397
1.224777
1.554089
1.289930
1.103579
0.914976
0.768016
0.809957
0.902627
1.104561
1.090952
1.248322
1.060314
1.037748
0.907043
0.895887
0.949889
0.911527
0.856633
0.796130
0.793481
0.713203
0.618719
0.671269
0.661901
0.642673
0.613918
0.556208
0.584618
0.541182
0.529503
0.623101
0.656993
0.648102
0.548880
0.685421
0.606341
0.762513
0.738872
0.762685
0.804373
-0.308930
-0.460720
-0.276881
-0.542531
-0.235118
-0.280265
-0.271539
-0.404627
-0.311592
-0.248840
-0.294196
-0.410417
-0.310287
-0.248277
-0.361496
-0.304988
-0.359964
-0.299809
-0.307918
-0.406164
-0.273132
-0.405450
-0.295832
-0.114164
-0.667049
-0.205305
-0.420087
-0.452914
-0.405854
-0.181435
-0.365522
-0.298750
-0.284582
-0.255106
-0.262700
-0.441011
-0.327354
-0.318946
-0.210801
-0.569563
-0.282250
-0.384465
-0.303951
-0.288353
-0.506170
-0.397004
-0.405908
-0.046660
-0.488932
-0.424965
-0.352158
-0.320057
-0.411954
-0.377850
-0.353716
-0.304224
-0.479498
-0.359631
-0.296366
-0.293607
-0.475575
-0.288720
-0.512379
-0.307784
-0.300600
-0.342624
-0.376258
-0.559557
-0.242799
-0.423534
-0.535367
-0.050982
-0.732674
-0.482245
-0.334917
-0.243204
-0.447870
-0.340225
-0.352155
-0.289181
-0.185423
-0.451783
-0.385609
-0.374845
-0.290523
-0.512092
-0.449459
-0.401709
-0.245490
-0.459120
-0.400489
-0.432939
-0.250597
-0.438898
-0.498994
-0.105333
-0.664193
-0.267835
-0.298140
-0.373384
-0.133329
-0.616577
-0.277912
-0.177209
-0.310345
-0.475607
-0.365264
-0.356814
-0.321008
-0.464505
-0.500279
-0.531066
-0.212078
-0.500052
-0.308604
-0.437540
-0.436769
-0.374997
-0.370784
-0.144627
-0.589176
-0.510963
-0.499792
-0.353368
-0.242032
-0.389890
-0.503337
-0.288688
-0.181954
-0.337968
-0.435305
-0.346194
-0.339796
-0.629334
-0.475651
-0.296534
-0.327766
-0.434340
-0.219633
-0.305324
-0.379436
-0.421202
-0.619131
-0.025983
-0.559278
-0.355623
-0.362727
-0.362146
-0.044730
-0.336986
-0.412677
-0.237571
-0.217536
-0.373971
-0.440793
-0.353278
-0.352024
-0.486169
-0.358848
-0.308690
-0.439969
-0.470094
-0.426566
-0.091849
-0.548577
-0.375767
-0.550989
0.007728
-0.611250
-0.448009
-0.571125
-0.428041
-0.430903
-0.264826
-0.412153
-0.401704
-0.193928
-0.336010
-0.425480
-0.411583
-0.309911
-0.422700
-0.644263
-0.251458
-0.311751
-0.467925
-0.325829
-0.204954
-0.580881
-0.283844
-0.701202
-0.095314
-0.625519
-0.266778
-0.358327
-0.282813
-0.370599
-0.203446
-0.318740
-0.395899
-0.410286
-0.227912
-0.207726
-0.455003
-0.464584
-0.278729
-0.383463
-0.257466
-0.402178
-0.401307
-0.490060
-0.425250
-0.323614
-0.584935
-0.402087
-0.113017
-0.698422
-0.528159
-0.270588
-0.448407
-0.350351
-0.477779
-0.262225
-0.335752
-0.484838
-0.334287
-0.410950
-0.348357
-0.540093
-0.463687
-0.446325
-0.383189
-0.310831
-0.387463
-0.355576
-0.289455
-0.425025
-0.437756
-0.469545
-0.186036
-0.496332
-0.469632
-0.345704
-0.276504
-0.478071
-0.369896
-0.151686
-0.252857
-0.622167
-0.297804
-0.139857
-0.241161
-0.281883
-0.413689
-0.407219
-0.265460
-0.378525
-0.284995
-0.451322
-0.543514
-0.313326
-0.422984
-0.501304
-0.086921
-0.394266
-0.405585
-0.477770
-0.492794
-0.358939
-0.499127
-0.221108
-0.451587
-0.363801
-0.517479
-0.463366
-0.379549
-0.273084
-0.539138
-0.571868
-0.313374
-0.440249
-0.210215
-0.368362
-0.414803
-0.383442
-0.605950
-0.360692
-0.091797
-0.439997
-0.390041
-0.486652
-0.383971
-0.439265
-0.514264
-0.201104
-0.100790
-0.414156
-0.456883
-0.251401
-0.432468
-0.311685
-0.241716
-0.488114
-0.287460
-0.558949
-0.299265
-0.284781
-0.305863
-0.561726
-0.365014
-0.570328
0.077682
-0.273874
-0.291857
-0.348651
-0.410600
-0.336315
-0.517185
-0.395486
-0.297252
-0.416310
-0.361479
-0.345957
-0.423529
-0.247730
-0.523085
-0.410116
-0.306664
-0.479876
-0.450151
-0.365989
-0.465373
-0.365633
-0.319890
-0.593485
0.016529
-0.495213
-0.446079
-0.469491
-0.317511
-0.387644
-0.438348
-0.294671
-0.271291
-0.297772
-0.529741
-0.359511
-0.383820
-0.254106
-0.360811
-0.314975
-0.354020
-0.350322
-0.357859
-0.262969
-0.431730
-0.266025
-0.463752
-0.496005
-0.224489
-0.431878
-0.344675
-0.260011
-0.282852
-0.496283
-0.475855
-0.311720
-0.399930
-0.281145
-0.424289
-0.262811
-0.358494
-0.269788
-0.314310
-0.417691
-0.385778
-0.525798
-0.333257
-0.479452
-0.499666
-0.470315
-0.231899
-0.482532
-0.194313
-0.408055
-0.366905
-0.475143
-0.316634
-0.378925
-0.515254
-0.211706
-0.319596
-0.387675
-0.410032
-0.394869
-0.370730
-0.295239
-0.334083
-0.423647
-0.317378
-0.524007
-0.297287
-0.442790
-0.386409
-0.250894
-0.235594
-0.376603
-0.122140
-0.427744
-0.295685
-0.401571
-0.220237
-0.426100
-0.550891
-0.463977
-0.111040
-0.465874
-0.263937
-0.555949
-0.149523
-0.345232
-0.324896
-0.447322
-0.317660
-0.529708
-0.361009
-0.374148
-0.448233
-0.374855
-0.399621
-0.553341
-0.113250
-0.506278
-0.354841
-0.301349
-0.429486
-0.422992
-0.331292
-0.407291
-0.308540
-0.381754
-0.402338
-0.415813
-0.267732
-0.305997
-0.454077
-0.405450
-0.376214
-0.273356
-0.486900
-0.409335
-0.381660
-0.259357
-0.349082
-0.574746
-0.094005
-0.589519
-0.398552
-0.362845
-0.280741
-0.516242
-0.070443
-0.464671
-0.357803
-0.311047
-0.631547
-0.303355
-0.493817
-0.131584
-0.423260
-0.346040
-0.352519
-0.293604
-0.316744
-0.431175
-0.495415
-0.332241
-0.276101
-0.446192
-0.173688
-0.516259
-0.326094
-0.486436
-0.109935
-0.533950
-0.395829
-0.326096
-0.346618
-0.443582
-0.365512
-0.369567
-0.191933
-0.392281
-0.510110
-0.507460
-0.369302
-0.298365
-0.399178
-0.257867
-0.477382
-0.184801
-0.372651
-0.516310
-0.181443
-0.581245
-0.422465
-0.458228
-0.309601
-0.373411
-0.408808
-0.244433
-0.547125
-0.387892
-0.509095
-0.350287
-0.333979
-0.363092
-0.305212
-0.433843
-0.326297
-0.346437
-0.402254
-0.320222
-0.543804
-0.493384
-0.297050
-0.457179
-0.141449
-0.340804
-0.607327
-0.275518
-0.499763
-0.144041
-0.356256
-0.418245
-0.263870
-0.381096
-0.479310
-0.305523
-0.427815
-0.238333
-0.402848
-0.432843
-0.353925
-0.327141
-0.404826
-0.485692
-0.279060
-0.207207
-0.269569
-0.442009
-0.124820
-0.405097
-0.807013
-0.320741
-0.381549
-0.317024
-0.340590
-0.325182
-0.326605
-0.490771
-0.413133
-0.370968
-0.391993
-0.382465
-0.324622
-0.524969
-0.562665
-0.295902
-0.297475
-0.454474
-0.362365
-0.486852
-0.389383
-0.612466
-0.043255
-0.483749
-0.569407
-0.533311
-0.281440
-0.324606
-0.316968
-0.516583
-0.227722
-0.446058
-0.558398
-0.241141
-0.469453
-0.381113
-0.243582
-0.409941
-0.482746
-0.350768
-0.210258
-0.539779
-0.457146
-0.416778
-0.369016
-0.357547
-0.139413
-0.345890
-0.558478
-0.433887
-0.218650
-0.356023
-0.395168
-0.321821
-0.349335
-0.408251
-0.498588
-0.240787
-0.417134
-0.500894
-0.315604
-0.307581
-0.520587
-0.363881
-0.223878
-0.397667
-0.343806
-0.365662
-0.485350
-0.281902
-0.194363
-0.551464
-0.473417
-0.423648
-0.313755
-0.460107
-0.319977
-0.028401
-0.504175
-0.349036
-0.568598
-0.280219
-0.344991
-0.449696
-0.272298
-0.383189
-0.578575
-0.375680
-0.416008
-0.258815
-0.592737
-0.325500
-0.447929
-0.429462
-0.001156
-0.386548
-0.307890
-0.280011
-0.206159
-0.303946
-0.361067
-0.195090
-0.345502
-0.572767
-0.369314
-0.238383
-0.249883
-0.341015
-0.237458
-0.215819
-0.320196
-0.279918
-0.206654
-0.290795
-0.338189
-0.280637
-0.274015
-0.335745
-0.160571
-0.519359
-0.216280
-0.181633
-0.235683
0.636090
0.357745
-0.697965
-0.405274
0.491454
-0.281303
-0.352032
0.039599
-0.221300
-0.091849
-0.360770
-0.054481
-0.458186
-0.420373
-0.537050
-0.353177
0.203054
0.688333
-0.412552
-0.540043
-0.431058
0.251319
-0.141597
-0.238744
0.393790
-0.375394
0.328133
0.616430
-0.227495
0.239926
0.623970
-0.405733
-0.307294
-0.172219
-0.240488
-0.120231
-0.343078
-0.039453
-0.249476
-0.334075
-0.062936
-0.100444
-0.100310
0.401633
-0.416838
0.410062
-0.632704
1.153843
-0.128173
-0.100946
-0.092964
-0.370393
0.334496
-0.066724
-0.493727
-0.128766
0.229275
-0.060136
-0.420170
0.025404
-0.531621
-0.388708
-0.387707
-0.076745
0.839494
-0.498805
-0.313410
-0.022535
-0.541918
0.108711
0.653912
0.537317
-0.549149
0.054254
-0.037877
0.056093
0.095977
-0.419907
0.139778
-0.161902
-0.195926
-0.512426
-0.065601
0.047992
-0.163662
0.955214
-0.359553
0.248512
0.113919
-0.692859
1.013089
0.081477
-0.436604
0.362407
0.092782
-0.357165
0.220187
-0.141682
0.264524
-0.446020
-0.328652
-0.104672
0.798396
-0.895644
0.045526
-0.193529
0.872361
0.280135
0.523840
-0.475071
-0.423965
0.244289
-0.598397
-0.123041
0.731220
-0.546728
-0.393642
0.391011
-0.176395
-0.263757
-0.148614
0.047342
-0.365643
-0.279422
-0.265506
-0.316443
-0.672282
0.451624
1.859152
0.384639
0.082473
-0.290406
-0.090639
0.070081
0.202521
-0.116466
-0.738690
1.181995
-0.696396
-0.415751
-0.440855
0.000048
-0.258250
0.381596
-0.093093
-0.109648
-0.427897
-0.030236
0.250009
0.333499
-0.531449
0.099000
0.127506
-0.324950
0.523064
-0.233801
-0.049115
0.077324
0.110706
-0.116153
-0.082349
-0.065642
-0.614781
1.008598
-0.396580
-0.131352
-0.158504
-0.313676
0.235808
0.725811
-0.257256
-0.379045
0.278603
-0.799686
0.335755
1.151373
0.205626
-0.096034
-0.266057
-0.277123
-0.154692
0.114752
-0.472930
0.496959
-0.131767
-0.122894
0.902401
-0.457543
-0.490731
0.034548
-0.106259
-0.227031
-0.106228
-0.240568
-0.150617
1.522680
-0.400840
-0.142727
1.098688
-0.173354
-0.357323
-0.272307
0.100653
0.212604
0.410784
-0.387481
0.469792
-0.348763
-0.295581
-0.024833
-0.432527
-0.484109
-0.396950
0.102662
-0.280842
-0.411701
-0.377332
0.182825
0.369988
-0.010273
-0.174946
0.524825
-0.104256
0.100963
-0.453807
-0.070876
-0.022762
0.544453
-0.392848
0.352124
-0.160341
-0.356445
1.335633
-0.556405
-0.345652
0.504682
-0.502214
0.145324
-0.264091
-0.173475
0.146507
-0.175732
-0.412878
0.064393
-0.415803
0.158182
0.614165
0.177391
0.142210
-0.182259
0.038721
0.361577
0.991559
0.719041
-0.520476
0.636850
-0.341827
-0.413985
0.879296
0.030336
-0.367244
0.374007
-0.128351
0.254652
-0.150070
-0.224734
0.043940
-0.466523
-0.025229
-0.029971
-0.023095
0.126353
-0.173669
-0.170117
0.353051
-0.028737
-0.197768
-0.083561
0.154665
-0.502116
-0.156479
0.542476
0.080964
-0.130932
-0.185194
0.276300
0.211652
-0.516796
-0.253918
0.358459
-0.070567
-0.194868
-0.189627
0.103911
0.173850
-0.534345
-0.274394
-0.318356
-0.150174
-0.630911
0.503089
0.065572
-0.546447
-0.162485
0.119792
-0.282282
-0.235082
-0.301083
-0.458009
0.652322
0.368250
-0.346144
-0.075567
0.334217
-0.299760
-0.294298
-0.461942
0.419185
-0.332553
0.515366
-0.253741
-0.134009
-0.215921
-0.334193
-0.085069
-0.530798
-0.373435
-0.029983
-0.419094
0.078861
0.039799
-0.430585
-0.264383
-0.383266
-0.448334
0.243701
0.257266
-0.246570
-0.256512
0.348311
0.161936
0.089699
-0.076305
-0.043240
-0.424183
0.312724
-0.116117
0.648412
-0.037581
-0.172874
-0.255558
0.026871
-0.320253
-0.217021
-0.257803
0.692648
-0.550520
0.270378
-0.035995
-0.012431
-0.184865
-0.122322
-0.142455
-0.058122
0.908204
-0.319379
0.130646
0.228179
0.221217
-0.101357
-0.236740
0.298172
0.322405
-0.348947
0.144173
0.013284
-0.540035
0.066115
0.182542
-0.464573
-0.436302
0.220904
-0.088674
0.258038
-0.333658
0.412404
0.041266
-0.200051
-0.147060
-0.340370
1.407411
-0.045823
0.087865
-0.010605
-0.401129
-0.389396
-0.448622
0.764904
-0.032372
-0.581940
0.281527
0.376044
-0.600644
-0.103772
-0.360038
0.035525
-0.412291
0.496747
0.398555
0.161940
-0.483258
0.504732
0.055681
0.005070
-0.385660
-0.123543
0.061698
-0.122403
0.250456
0.718811
-0.023949
0.171541
-0.456253
0.557987
-0.086097
-0.122409
-0.559185
-0.022451
-0.486165
0.724074
0.865409
-0.338579
-0.231050
0.116700
0.262097
-0.102386
-0.445218
-0.103021
0.257223
0.274504
-0.131589
-0.089890
0.331276
-0.304625
0.304674
0.253470
-0.158026
0.779753
-0.315738
0.057222
-0.072168
-0.139239
-0.243273
0.122503
-0.217091
0.162484
0.210847
-0.408126
0.032781
0.203618
-0.312151
0.099376
-0.640584
0.195176
-0.253251
0.645950
-0.394939
-0.057798
0.679021
-0.217812
0.574787
-0.216610
-0.338436
-0.110971
-0.158510
-0.082380
-0.477671
-0.004006
-0.382875
-0.510380
0.088013
-0.017742
1.725649
-0.288415
0.331164
-0.603676
0.092008
0.376140
-0.095369
-0.444690
-0.446978
0.694508
-0.183641
-0.110856
-0.013975
-0.124440
-0.244676
-0.130209
0.108376
-0.350040
-0.324552
-0.373636
-0.710037
0.802270
0.020389
0.699282
0.074141
-0.339262
0.193423
0.421595
-0.064674
0.102449
-0.474788
-0.385379
0.122496
-0.192529
-0.326186
-0.115007
-0.071299
-0.608670
0.339469
-0.124279
-0.342732
-0.331007
-0.495720
-0.363193
0.471589
-0.193489
-0.474098
-0.509641
0.194528
0.881111
1.130294
0.317167
-0.374359
-0.316129
-0.337473
0.249525
-0.287552
-0.053643
-0.411116
-0.037822
-0.484890
-0.062149
0.382636
-0.289005
-0.398502
-0.015576
-0.564625
0.250016
0.493888
-0.207049
-0.318830
0.091798
0.223268
0.427076
0.023067
-0.587785
-0.838550
1.467257
-0.155627
-0.428048
0.389838
0.115380
0.056892
-0.176045
-0.628277
0.315928
-0.236942
-0.464988
0.446187
0.270789
-0.561123
0.211247
0.395391
-0.614488
1.434076
-0.243037
-0.196461
-0.449111
0.096290
-0.040096
0.931300
0.383745
-0.206018
0.157481
-0.150798
-0.397034
-0.256967
-0.299434
0.580374
0.020339
-0.243180
0.823587
0.200816
-0.583865
-0.342849
0.943386
-0.728064
0.272225
0.308051
0.046247
-0.613329
0.531755
-0.326024
-0.158654
-0.062949
0.147256
-0.444533
0.482537
0.199440
0.162792
-0.217230
0.287653
-0.004840
-0.344025
-0.584415
-0.028059
-0.603777
1.266671
-0.083516
-0.565798
0.748532
0.003129
-0.823140
-0.541662
0.274983
0.716965
-0.343047
0.243717
-0.373379
-0.697809
0.522917
0.574461
-0.233427
0.096346
-0.343132
1.008692
-0.209447
-0.020816
-0.138563
-0.182343
0.039539
0.863793
-0.675801
0.172557
0.019067
-0.866957
1.592938
0.576072
-0.288478
-0.322772
-0.214430
0.867389
-0.357229
0.478486
-0.219408
-0.500787
0.772253
-0.100821
0.036940
-0.216988
-0.117352
0.310964
0.301344
0.083708
-0.052690
-0.261476
1.084355
1.193577
1.293345
1.659522
1.529565
1.400668
1.406643
1.476789
1.443773
1.404997
1.078737
1.433684
0.951674
1.470940
0.901574
1.364199
1.270178
1.333353
1.217529
1.357089
1.351387
1.555823
1.487444
1.547119
0.988304
0.868392
1.062938
1.684046
1.049439
1.460706
1.016025
1.567728
1.417679
1.282665
1.296556
1.068310
1.207635
0.969077
0.811072
0.923766
0.895640
1.290885
0.752564
1.157545
0.863600
1.603233
1.361137
1.567769
1.331208
0.724557
1.177300
0.621269
1.106663
0.546980
1.322053
1.025771
1.653481
1.270502
1.308561
1.382882
1.277598
1.572715
1.260077
1.247779
0.969588
1.147690
0.980070
1.024684
1.302108
0.972224
1.448232
1.682057
1.522135
1.451755
1.177427
0.815176
0.666121
0.885241
1.487505
1.315158
1.295947
1.082648
0.983605
1.089830
0.935179
1.270130
1.529161
1.375661
1.106521
1.132354
0.992610
1.571305
0.795844
0.884826
1.157158
1.346504
1.711244
1.713409
1.679496
1.444595
1.637978
1.439238
1.596437
1.443374
1.333726
1.094429
0.961221
0.871140
0.572367
1.010691
1.001646
1.106201
0.975751
1.146009
0.906759
1.496585
0.926777
0.754050
0.330326
1.326892
1.702349
1.741268
1.805016
1.697349
1.210359
1.075058
0.956811
0.992728
0.708114
0.257411
0.291166
0.909205
0.866987
0.613441
0.923461
0.914963
1.540131
1.516019
1.196204
0.945548
0.945387
0.727464
0.874523
1.400094
1.668211
1.510830
1.676376
1.661369
0.777815
0.522521
0.247454
0.835917
0.949017
0.422390
0.075417
0.413213
0.495702
1.247645
1.067000
1.279855
1.680251
1.650337
1.514816
1.437602
0.914874
0.835026
1.554088
1.285732
1.142711
1.301912
1.148682
1.554705
0.988366
0.817495
0.156333
0.637333
0.507952
0.916837
0.085715
1.041025
0.792392
1.224358
1.294769
1.534747
1.519750
1.684093
1.565054
1.249969
1.624047
1.417871
1.316176
1.402140
1.356975
1.121724
1.112083
1.340078
1.531560
1.155066
0.999151
0.802225
0.458784
0.189422
0.336239
0.728186
1.167865
1.406785
1.364408
1.287768
1.667130
1.586179
1.281190
1.594354
1.346416
1.461707
1.686496
1.530453
1.583408
1.697017
1.704920
1.655750
1.466212
1.285608
1.160802
0.985276
0.881614
0.810804
0.640635
0.912850
1.423225
1.161740
1.222167
1.270982
1.542670
1.741933
1.466734
1.330580
1.441711
1.710207
1.696582
1.685807
1.660942
1.321061
1.682045
1.648180
1.125359
1.173300
0.776505
1.190844
1.274099
1.000752
1.361018
0.699746
1.507640
1.354447
1.453367
1.410485
1.585653
1.282001
1.104355
1.389971
1.417405
1.689475
1.594316
1.649281
0.943551
1.326320
0.915924
1.444910
1.256975
0.974498
0.617642
0.858379
1.197873
1.253692
1.199225
0.934649
1.004523
1.569696
1.395306
1.673671
1.678842
1.391407
1.169414
0.927873
1.229226
1.574596
1.746666
1.399271
1.126907
0.905809
0.762390
1.336966
1.232471
1.431546
1.442578
1.144684
1.129850
1.255746
1.027990
1.421951
0.432283
1.367721
1.207252
1.558872
1.470817
1.187212
1.352350
0.969532
1.475679
1.457259
1.200550
1.624074
1.233387
0.799030
1.357520
1.101074
1.541871
1.508128
1.278390
1.444526
0.821671
1.344418
0.629572
0.543773
0.818061
1.014423
1.638811
1.287271
1.442782
1.244705
1.398787
1.142052
1.301654
1.501507
1.658636
1.466998
1.320023
1.207067
1.312597
1.356995
1.378629
1.467218
1.439910
1.342226
0.806514
0.973761
0.935545
1.254720
0.928515
1.055964
1.514508
1.625999
1.539733
1.457198
1.523805
1.509475
1.640395
1.520153
1.683027
1.757671
1.127002
0.874555
1.545444
1.575300
1.565938
1.715791
1.620767
1.686660
1.538661
1.546574
1.383376
1.727035
1.572469
1.503832
1.231248
1.482022
1.008145
1.268949
1.056969
0.855289
1.166224
1.191081
1.386378
1.546310
1.038663
0.798547
1.248024
1.645051
1.514612
1.495214
1.488373
1.360913
1.429476
1.392138
1.438044
1.663670
1.236151
1.433856
0.498464
1.364748
0.958106
1.001371
0.910331
0.956215
1.189757
0.997541
1.352058
1.464686
1.189652
1.082796
1.149326
1.580289
1.220668
1.093096
1.407053
0.876788
1.217012
1.439566
1.248956
1.624227
1.484602
1.033707
0.921259
0.771997
1.186039
1.659403
1.608070
1.236511
1.370880
1.303386
1.064256
1.685302
1.327427
1.338767
1.374854
1.405299
1.328160
1.301344
0.934045
1.017130
1.396790
1.263412
1.605066
1.742844
1.664974
1.466988
1.132958
1.138794
1.299487
1.387999
1.778575
1.424364
1.096148
0.858276
1.154775
1.242741
1.164412
1.173517
1.161508
1.581431
1.553899
1.300509
1.287369
1.187841
1.040451
1.529416
1.529526
1.497625
1.711666
1.377354
1.375996
1.167475
1.124161
1.421140
1.250810
1.452726
1.202919
1.399224
0.723991
1.559983
1.111888
1.127757
1.021547
1.674089
1.745230
1.771101
1.620818
1.522002
1.437852
1.600531
1.462932
1.817446
1.016484
0.941444
0.936625
1.146423
1.021490
1.256803
1.359339
1.273287
1.164971
1.215369
0.936788
1.076208
1.503125
0.546548
1.580191
1.072759
1.799061
1.663981
1.654281
1.458016
1.748458
1.262059
1.631526
1.082324
1.499839
0.865016
0.920685
1.015229
1.099486
1.354079
0.901183
1.074465
1.259060
0.951261
1.329619
1.292486
1.138433
0.923205
0.916543
1.184455
1.662970
1.382820
0.957235
1.033017
0.411147
0.989586
0.661204
0.937373
0.996365
1.043921
1.647252
1.611944
1.608752
1.276986
0.875260
1.041808
0.992167
1.117067
1.101233
1.415041
1.160430
1.113665
1.266724
1.671159
1.506202
0.977911
0.367389
0.107742
0.269493
0.446211
0.367450
0.734542
1.129858
0.984356
1.371204
1.562379
1.327218
0.786776
1.181795
0.751835
1.368779
1.538485
1.331677
1.666864
1.261263
1.203712
1.394535
1.782446
1.476240
1.228905
0.886830
0.156103
0.298029
0.275496
1.274483
1.482328
1.088179
1.100780
1.024020
1.565487
1.184149
1.294042
0.737197
0.968687
1.644726
1.485180
1.519950
1.390416
1.462371
1.393168
1.609390
1.235557
1.423513
1.257271
1.651257
1.303343
1.493997
1.152032
1.662140
1.335434
1.715425
1.442752
1.588787
1.499067
1.435534
1.094823
1.612797
1.188416
1.836980
1.497121
0.992971
1.419200
1.522351
1.506842
1.414777
1.195391
0.981985
0.973620
1.504975
1.557545
1.613172
1.525697
1.894002
1.717626
1.366357
1.479151
1.475767
1.738561
1.585241
1.574650
1.107737
0.999834
1.159374
1.562635
0.521139
0.930283
1.509661
1.104219
1.373505
1.121099
1.038439
1.259833
0.751882
1.604291
1.297174
1.895955
1.854335
1.514273
1.693647
0.856983
1.562686
1.215003
1.625340
1.440037
1.133006
1.422897
1.079192
1.040579
0.779039
1.192814
1.268278
-0.185120
-1.150186
-0.127344
0.748563
0.257208
0.726819
-1.192683
0.361366
-1.095705
-0.177764
0.917927
-0.815329
0.130582
-0.332316
1.235252
-0.700772
-0.275572
-1.078234
0.868933
-0.471727
0.234162
0.857710
-0.558688
-0.127911
2.828443
-0.137199
-1.982365
0.471412
-1.687902
1.294281
1.758244
0.091570
0.210283
-2.594390
1.514537
0.545162
0.632655
-0.266876
-0.884424
1.513024
-0.219390
-0.299603
-1.200295
0.783680
-1.219191
-0.012377
1.691387
-1.078164
0.845121
2.227785
-0.635793
0.998509
0.573307
-0.337311
-1.214387
1.633973
1.330451
0.004498
-1.114838
-0.079528
0.190302
0.108610
-1.863714
-1.793559
-0.292502
1.474489
-0.709963
0.102690
-0.995227
-1.860429
1.690028
0.250498
-0.301320
-0.969972
1.245169
0.033393
1.340418
1.726458
-0.811981
-0.550057
0.207618
1.834592
-0.519076
-0.477660
-1.597434
-0.027188
-0.487986
-0.529542
-2.395454
1.167109
-0.410506
1.228652
-0.017465
-2.600091
-0.497958
-0.767569
2.844344
-0.901628
0.793555
-0.996707
-0.162459
-0.214666
-0.823729
0.869948
0.686663
-2.135134
-0.250786
-1.767460
0.009532
-1.127402
0.986705
0.969453
2.503011
-0.912100
-1.330125
-0.616548
1.397120
0.914262
-0.364064
-1.039304
1.130223
0.572413
0.377837
2.300057
-1.663801
0.770226
-1.300737
-0.640357
-0.692232
2.371164
-0.163316
-0.353472
-1.094023
1.880983
0.097227
0.616339
-0.202529
2.005435
-0.982973
-2.051994
1.692481
-1.017614
0.783816
0.102550
-0.634467
0.576413
-0.327000
-1.207094
-0.001752
0.442483
-0.541420
0.254541
-1.318388
-0.393348
2.385971
3.055700
-0.213098
-0.047528
0.238618
2.956577
-2.116887
0.598040
1.123957
-1.486814
0.966312
0.957474
-0.328983
0.573508
1.589857
-1.497736
-0.981324
-0.632989
-0.920674
-0.643299
-1.071696
-0.301845
-0.146161
-1.554259
1.078522
-0.025977
0.098448
1.229500
-0.743801
0.724867
1.133480
-0.114873
-0.353616
-0.163263
-0.968034
-0.141611
1.178565
-0.278188
-0.078230
0.967785
-1.110866
0.581268
-0.519454
3.389622
-1.468153
-1.127526
1.624955
-1.750512
0.997025
0.720774
-0.662365
0.882944
0.299518
-0.655481
0.401918
1.308336
1.375114
-0.590163
-0.714255
0.043711
5.509128
-0.383326
0.288866
-0.506211
0.030615
-0.403723
0.089446
-0.570809
1.991870
0.772575
-0.317863
1.695486
-2.296967
-0.028137
0.825599
-0.045749
0.729231
-1.479322
0.183971
0.481898
-1.111364
0.807391
1.614112
-2.036812
0.293272
-0.996069
1.123493
0.215556
-0.139967
-0.550525
1.924587
-0.863867
-0.245105
-0.381162
2.204620
1.156479
0.447870
-0.916276
-1.569354
-0.377452
-0.135231
1.262765
-0.921521
-0.561708
1.277483
0.020533
-0.280710
-0.108611
0.967436
-0.750603
-0.248699
1.809358
1.228768
-0.316800
-0.625489
0.089870
1.549490
-0.659089
-0.072399
-0.050670
1.414830
1.288956
-0.605470
-0.188144
-1.808956
-0.980445
-0.597743
0.543903
-2.135131
-0.174266
-0.167116
-0.749629
0.929278
0.663135
-1.247333
1.712607
-0.579024
-0.482011
1.234216
-1.048410
-1.972699
1.760433
-1.540451
-0.738578
-0.547389
2.601619
-1.282856
1.308954
-0.766507
-0.656428
-1.056605
-0.108646
-0.041065
-0.094971
-1.501114
-0.961128
3.156152
-0.260238
-0.309338
-1.350733
2.773303
-1.586427
0.262804
0.912349
-1.025162
-1.941020
2.579543
-0.904368
-2.390622
1.549220
-1.310502
0.524472
0.103195
1.905004
-0.632300
-1.965834
-0.579842
-0.155061
1.309615
1.301571
0.155780
1.800531
-1.292447
-0.960448
-0.300411
0.954065
-0.613259
1.425203
2.142552
-0.021620
-1.417767
1.944487
0.314012
0.408872
0.696793
-0.837067
0.467032
0.640091
1.965396
-0.614490
-0.109167
-0.628706
0.515387
-1.652541
3.976578
-0.965666
2.776477
-0.116273
0.439892
-1.308471
1.159717
0.062268
0.104385
0.574249
1.641207
-2.661040
0.810700
-0.297363
2.032904
-0.278177
-0.796027
-2.267551
1.540394
1.936602
-0.536065
-0.208511
-1.060514
0.643943
-0.892991
-0.219828
0.511254
-0.806847
0.794762
1.173860
-0.913235
0.932873
-1.405224
0.320359
-0.756853
1.816190
-0.621623
0.023139
0.214237
0.203034
-0.115064
-0.286052
-2.749073
0.718788
2.111590
1.299607
-1.084566
-0.583815
-0.905948
0.804310
0.983527
0.828359
1.122541
-1.451369
-0.395242
2.258416
-3.931213
-0.388398
3.560692
0.229610
-0.028969
-0.614468
-0.517651
1.739493
-0.443036
0.727264
2.377359
-1.571429
0.194115
0.493094
-0.081263
-0.315925
1.386791
-0.378467
1.972933
-0.394139
-0.736985
-0.036050
-1.279328
-0.030598
4.579847
-2.858148
-0.391194
1.642050
0.914844
0.144836
-1.805499
0.092138
2.274171
-1.851938
-0.426924
-0.560679
-0.609822
0.603675
-0.311382
-0.500253
4.162735
1.147727
-1.840031
-0.475440
0.843608
0.083243
1.169598
-0.878838
0.743040
1.940562
-0.338270
-0.584033
0.505955
1.077650
-0.326499
-2.474578
-0.292356
2.229608
0.103222
-0.583925
-1.643847
1.773359
0.429120
-3.392041
3.833003
0.770196
0.607746
0.420053
-1.161172
-0.948602
0.858463
-0.424905
0.608435
1.147690
0.734629
-1.056766
-0.336403
0.003563
0.383343
1.093119
-1.489376
-2.425541
0.047615
1.741775
-1.234283
-0.334683
3.321747
-1.071808
-0.187830
-0.314555
-0.275032
0.886002
0.069238
-1.186664
1.517357
-1.181128
-0.359583
-2.091062
0.711773
-0.556299
-1.167741
0.558488
-2.450852
0.619644
1.812707
2.012945
-1.457967
0.421538
1.086290
-0.972342
-0.257557
0.896907
-0.186236
0.384015
-0.618724
0.960664
0.409286
-0.539244
-1.715474
1.443018
0.200702
-1.219300
-0.382997
-3.252749
0.903325
0.404169
-0.619869
-1.746573
0.387564
0.397220
1.571289
-1.826414
-0.523110
1.187345
0.874607
-1.198760
1.346503
-0.086787
0.114639
0.404925
-0.289004
-0.038091
0.424054
-0.391148
-0.804204
0.807550
-1.342220
3.613607
-3.053376
3.191834
0.441282
-0.393566
-1.062059
-0.299030
-0.277650
-0.100729
-1.688000
-1.541255
0.906390
-0.940909
-1.344124
-0.003008
-0.663466
0.784891
-0.526109
-1.384931
-1.545577
0.960362
0.045402
1.509197
-2.255688
3.058956
0.325255
-0.902586
2.258011
1.420684
0.385493
-1.143290
0.634873
-1.614244
0.701501
-2.635249
1.016093
0.442325
0.775695
-0.717982
-0.522198
-1.237292
0.540874
1.925882
-1.353490
-1.838353
-0.545537
2.719611
1.423402
-1.686472
1.992941
0.067638
-1.954303
0.682806
-0.604803
0.481568
-1.473851
2.103149
0.888967
3.929740
-2.631899
1.541514
-0.960632
-0.012961
0.052312
-0.602120
-2.007010
-0.002564
1.850571
-1.664040
-0.990892
0.188477
2.063635
-0.099065
-1.255483
0.973555
-0.513932
-2.078642
-0.060218
0.118970
2.013784
-0.399166
-0.754122
0.789728
-0.086966
-0.644458
3.048134
-0.647238
0.612888
3.502640
0.713930
-2.600737
-0.158491
4.509850
-0.600011
-1.098340
1.664716
0.757786
0.990443
-0.429891
0.364134
-0.284268
1.863406
-1.506693
1.896021
0.324320
-0.098102
-0.449290
0.449474
-0.982881
2.006274
-0.303518
-0.123021
0.471804
0.573245
0.430663
-0.018596
-0.226696
-0.109751
-0.138442
-0.145430
-0.193473
-0.136488
-0.107447
-0.044459
-0.166379
-0.246862
-0.302211
-0.290260
-0.192861
-0.186099
-0.103676
-0.002129
0.125353
-0.135614
-0.202687
0.249660
0.708437
1.545478
0.274271
0.233648
-0.025622
0.268627
0.884024
0.769186
0.325136
0.211626
-0.031933
-0.057064
-0.084792
-0.124298
0.037304
0.124700
0.238507
0.176057
0.278883
0.906079
0.882651
0.225307
-0.026352
0.645632
0.833121
0.161991
0.118951
-0.309293
-0.161732
0.503675
0.602808
0.768216
0.199796
-0.116032
-0.160860
0.013908
0.591067
1.197972
0.901837
1.080942
0.370094
0.228137
0.573385
1.306015
1.824780
0.732568
0.021656
0.584690
0.444303
-0.013632
-0.173937
0.082017
0.204415
0.505615
0.259099
-0.040470
0.014663
0.182278
0.266713
0.451366
1.383119
2.225280
1.641051
0.390150
0.428735
0.399187
1.008806
1.642589
1.548326
1.207995
0.321516
0.755426
0.624017
0.311675
0.126204
0.457599
0.770607
0.531038
0.339256
-0.088137
0.782405
0.620351
0.607361
0.319751
1.780138
2.184977
1.521207
0.072102
-0.037730
0.246669
0.773414
1.074943
1.305831
0.645525
-0.181371
0.417777
-0.003418
0.163870
0.682095
0.348847
1.049609
0.502059
0.049749
0.559160
0.681808
0.975454
0.794646
0.922923
1.694596
1.519168
0.458127
0.716642
0.653665
0.379581
0.073698
0.839348
1.550956
0.539164
-0.257193
-0.117259
0.013415
0.454108
1.068290
0.864304
0.501425
0.546138
-0.177958
-0.025399
0.497588
0.321904
0.125788
0.847474
0.412929
0.238808
-0.057944
0.615822
0.901820
0.182039
-0.061210
1.036477
2.012690
0.986647
-0.172794
-0.041570
0.901558
1.566245
1.202910
0.972697
0.705714
-0.006484
-0.031435
0.113048
0.070006
0.141435
-0.013351
-0.024792
-0.049077
-0.198703
-0.026062
0.504171
0.455560
-0.066411
0.111982
1.080360
1.189385
0.789991
-0.015170
0.970637
1.586726
1.708033
1.225566
0.737890
0.837075
-0.054483
-0.014035
0.342080
0.059854
-0.113328
-0.044018
0.088873
0.035004
-0.084829
-0.071302
0.063587
0.076562
0.026603
0.317752
0.562072
1.396234
0.974442
0.184040
1.045878
1.912812
1.180764
0.390260
0.757639
0.510742
0.639103
0.567544
0.576659
0.113388
0.013121
0.346716
0.044245
0.564772
0.412622
0.408902
-0.011423
0.620817
0.521947
0.624157
0.165343
1.396732
1.578246
-0.032506
1.284197
1.398216
0.757016
0.283398
0.314078
0.309972
0.160936
1.209257
0.932690
1.236667
0.952950
1.013357
1.339375
1.009683
1.216550
0.827467
0.552835
0.290652
0.959738
0.537161
1.130745
1.690615
0.758287
-0.209361
0.289194
0.312397
-0.065580
-0.118927
-0.117481
-0.137631
-0.065855
0.111536
1.296398
0.924342
0.961540
0.714526
1.197925
0.664863
1.510716
0.901345
0.396375
0.049498
0.416946
0.704373
1.464930
0.878167
0.406811
-0.286187
-0.144002
-0.011121
-0.049440
-0.070403
0.065789
0.162660
0.553017
0.369431
0.472945
0.298570
0.347433
0.704426
0.412520
0.770132
0.973035
0.917696
0.263493
0.554128
0.937839
1.040268
1.105433
0.684243
0.226618
-0.061303
0.487438
0.912692
0.659728
0.465030
0.901791
1.528982
0.825854
1.069728
0.590666
0.541120
0.308895
0.093588
-0.036824
0.489914
0.484258
0.391732
0.694430
1.033759
1.053440
0.896897
0.075970
0.828282
0.202564
0.189823
0.961487
0.898026
0.951801
0.278736
1.121193
1.322495
1.075890
0.438430
0.936721
0.376245
0.250791
-0.051468
0.280395
-0.007182
0.257824
0.484691
1.278212
1.603430
1.213761
0.429419
0.500326
0.104278
0.143737
0.117827
0.776707
0.986047
0.270185
0.229926
0.159113
0.661706
0.669360
0.594968
0.693808
0.239411
-0.122926
-0.106764
-0.115928
0.370611
-0.060218
0.349252
0.614744
0.947424
1.201627
0.749868
0.437839
0.139820
-0.212424
0.071478
0.609167
0.899908
0.199868
-0.024703
-0.107976
0.128255
0.772977
0.456822
0.348351
-0.066402
-0.140938
-0.162431
-0.157995
0.129570
0.574100
-0.002486
0.107710
0.734378
1.640194
1.968715
1.414795
0.884482
0.458165
0.266919
0.381019
0.231302
0.848844
-0.055165
0.042753
0.567974
0.678025
0.681819
-0.060165
-0.002078
-0.019586
-0.097392
-0.098066
0.230315
0.338074
0.538563
-0.020877
0.858518
1.430892
2.017101
1.360386
1.244687
0.746148
0.032867
0.386935
0.648550
0.745056
0.121099
0.014320
1.351940
0.787845
0.670149
0.129942
0.226508
0.448231
0.347420
0.036002
0.722592
0.428821
0.264875
-0.016890
0.258896
1.053258
0.900426
0.795731
0.878748
0.198673
-0.012413
0.301659
0.932208
0.712091
0.400211
0.809762
0.717416
0.657185
0.063004
-0.042988
0.092898
0.667727
0.656102
0.232159
0.449756
0.933720
0.005297
-0.033736
0.362822
0.631520
0.790878
0.537704
0.627810
-0.098404
-0.147899
0.494989
0.908939
0.465699
0.263793
0.439177
0.495614
0.141801
0.343295
0.474611
0.907633
0.566157
0.207570
0.054614
0.374878
0.718788
0.064011
0.075452
0.233764
0.237996
0.558542
0.795438
-0.088946
-0.228304
-0.218169
0.347831
1.239268
0.470773
0.118929
0.161546
0.307419
0.356723
0.473430
0.830811
1.166302
0.703692
0.028937
-0.032436
0.465571
0.778107
0.268451
0.295322
0.262945
-0.088728
0.490332
0.230128
-0.051452
-0.129165
-0.161964
0.563017
1.012730
1.065695
0.267755
1.123328
0.987120
1.148316
1.148285
1.427847
1.043935
0.793201
0.181219
0.161592
0.284634
0.464874
0.330390
0.243226
0.234685
0.386352
0.615823
0.507572
0.722540
0.504848
-0.285727
0.441631
0.872959
0.842894
0.415251
0.668828
0.932378
1.083407
1.236434
1.634902
0.500248
0.825121
0.095510
0.148724
0.181687
0.189835
0.379208
0.808732
1.017434
1.137510
1.167780
1.177286
1.292597
0.796650
-0.249365
0.670729
1.721444
1.297129
0.701705
0.272411
0.394867
0.644206
0.954250
0.512330
0.502805
0.263870
0.143573
0.204425
0.720031
1.308615
1.311129
1.098581
1.221415
1.404362
0.987332
1.564275
1.840183
0.686640
0.142770
1.317513
2.451967
1.562238
0.827545
0.692238
0.841460
0.720375
0.467581
0.870561
1.110821
0.499085
0.017559
0.154870
1.465381
1.782613
1.208203
0.735611
0.384554
1.207677
1.135084
1.512290
1.888938
0.884191
0.123557
1.059146
1.054129
1.273436
1.102589
1.342197
1.384086
1.017044
1.274099
1.588246
1.543578
0.594502
0.675314
0.604213
0.930355
1.360775
0.675172
0.169025
1.076874
0.773937
0.893007
0.525981
1.122984
0.509557
-0.163187
0.279792
0.961142
1.069610
0.961190
0.969135
0.554213
0.227211
1.160511
1.712752
0.991944
0.856588
0.941822
0.855168
0.621486
0.312984
0.613177
0.323490
1.049857
0.811067
0.210603
0.158189
0.503996
-0.029217
1.281835
1.632109
2.347835
2.537213
3.406613
2.587036
2.667208
3.128470
2.147496
2.613236
2.084555
2.400762
2.066233
1.808204
1.398011
2.053914
1.678646
1.916819
1.830289
1.970461
2.006198
2.525108
3.029324
2.359277
0.204413
1.853371
2.399671
1.798923
0.145507
0.745873
0.844732
0.995799
1.625005
1.450688
2.405663
-0.016888
1.842668
1.593228
2.564977
1.548404
1.860962
1.741460
2.575297
1.677499
0.812181
1.237138
2.093893
2.499748
0.313076
0.372046
-0.630814
-0.762408
-1.159037
-0.071848
-0.529970
-1.668932
-0.108640
-0.568634
-0.059017
-0.583337
-0.334402
-0.408963
0.146343
0.320571
0.570299
-0.262141
-0.323045
-0.015597
0.946136
-0.629212
-1.075750
0.022916
-0.524944
-0.420189
-0.082356
-0.711574
-0.932960
-0.215842
1.004641
0.280518
-0.610596
0.011190
-1.161806
1.049920
0.647844
0.981338
-0.313669
-0.373438
-0.249335
-0.404406
-0.246010
0.278837
0.485866
-0.419542
-0.371354
-1.442788
0.161294
0.691794
0.781052
-0.141927
0.368615
-0.473527
-0.619411
0.115006
-1.000669
-0.323124
0.439559
-0.100022
-0.366205
-0.251241
0.363985
-0.678867
0.237680
0.429165
0.088843
-0.846581
-1.785891
-0.617536
-0.126943
-0.731734
-0.885145
-1.840320
-1.424545
-0.348421
0.682853
-0.079942
-1.226613
-0.250327
-0.115111
-1.272907
0.231495
-0.880624
-0.061787
0.920091
0.239295
-0.944287
0.011488
0.616970
0.373481
0.436739
0.310702
0.539231
-0.402243
0.131503
0.593452
-0.645365
0.105786
1.858392
0.495092
0.151526
-0.315765
-0.134475
1.250150
-0.255464
-0.703045
-0.477694
-0.972904
-0.615959
-0.660622
-0.485887
-0.765020
-0.943407
-0.452502
-0.128384
-0.408080
0.229499
-0.444266
-0.085412
1.253307
-0.585767
-0.086378
-0.939421
-0.665492
0.761448
-0.024008
0.176832
-0.348064
0.752657
0.033361
-0.017256
-0.152649
-0.765113
-1.500865
-0.393957
-0.372724
-0.452188
-1.401322
-0.794867
0.129864
-0.579978
-1.019479
-0.137454
0.419368
0.333461
0.982740
-1.033622
-0.490804
0.388449
0.359255
0.190421
0.100273
-0.312381
-0.402232
-0.172683
-0.860270
-0.183319
-0.632636
0.118322
0.232631
-0.865078
-1.021757
0.700081
0.253302
-0.912602
-0.059514
0.090631
-1.043149
-1.502775
-0.646415
-0.437315
1.248889
-1.208447
-0.753002
0.710431
0.716607
0.358397
0.235352
-0.104060
-0.480753
0.452113
0.758294
0.127600
-0.059966
-0.147195
0.570130
2.242136
-0.809552
-0.961549
-0.501770
-2.523532
0.039178
-0.483123
-1.181832
-0.634141
-0.544447
-0.440149
-0.785021
0.108321
-1.312555
0.293987
1.808881
1.889080
1.878015
-0.251987
1.407427
0.699401
0.025291
1.215518
-0.762552
-2.310072
-0.310890
1.696551
-0.186493
-0.912338
-0.486600
-1.222602
-1.306438
-0.607218
-0.410712
-0.597377
0.857233
-1.256152
-0.371317
-1.318303
-1.696217
-0.496252
-0.669018
-0.569058
-0.948520
-1.194980
-0.863003
-0.384440
0.316854
-0.460986
-0.308725
-0.755134
-0.644577
-0.272664
0.082389
-0.141555
0.789823
0.746702
-0.664546
-0.113572
0.661090
0.926591
0.473775
0.036414
-0.460955
-0.562260
-1.212951
-0.222712
0.079451
-0.416277
-0.977320
-1.236735
0.993832
0.296753
-0.137599
0.108965
-0.566112
0.279774
1.320456
1.063627
0.805611
0.514988
-0.241474
0.543333
-1.336516
-0.635379
-1.380267
-0.063863
0.970322
-0.336149
0.013774
-0.262112
-0.405042
-1.238181
0.163260
0.206967
1.080471
0.369547
-0.613233
-0.208982
-0.697673
-0.271411
-0.576540
-0.724754
0.655137
-0.794851
-0.163828
-0.544317
-0.047333
1.273196
1.000471
-1.129746
0.223117
0.467962
0.412690
0.050816
-0.277982
0.395744
-0.142975
0.622340
-0.368625
0.119475
0.201428
-0.825455
-1.036428
-1.194946
-1.046060
-0.719865
-0.610071
-0.557766
-0.552216
-0.222379
-0.691233
-0.698677
-0.183543
-0.476361
-0.360256
0.054505
-0.496117
-0.033152
-0.943635
0.977300
-0.201576
-0.860966
-1.772756
-1.066007
-0.148726
-0.611069
-0.599590
0.192708
0.692658
0.339366
-1.353847
-0.426508
-0.231813
-0.605161
-0.126516
-0.471923
-0.635881
-1.042707
-1.266077
-0.489792
-0.564706
0.373849
0.235556
-0.055506
-0.493395
-0.255391
-0.979174
-0.314579
0.173707
1.561786
1.708693
-0.200832
0.180336
-1.272806
-0.325924
1.299021
0.606457
-0.542295
-0.151713
0.978443
-0.405997
0.981344
0.450634
0.574934
-0.458840
-0.031105
-0.270585
0.317093
-0.574460
-0.154146
-0.058688
-0.101322
-1.541455
-1.506387
-0.604508
-0.370592
-0.377793
0.072448
0.396115
-0.761883
-0.052885
0.748038
-0.368878
-0.510809
-0.663845
-0.311215
0.328608
-0.714832
0.245429
-0.055884
0.044027
-0.184929
0.159804
-1.154172
-0.486234
-1.403645
-1.241931
0.291460
-0.078856
-0.104744
-1.342286
-0.242672
0.088063
-0.796644
0.269164
-0.059172
0.271591
-0.546820
-0.513974
-0.616322
0.080123
-0.916080
-0.223353
-0.745773
-0.428390
-1.108476
-0.114013
0.246481
0.692723
-0.505063
0.428680
-0.132408
-0.861968
-1.251662
-0.194174
-0.580174
-0.528027
0.186520
-0.904380
-0.951026
0.091065
0.337148
0.722062
0.561136
-0.864228
0.761351
-0.252769
-0.178572
-0.392323
-0.871136
-0.780917
0.058832
-0.192895
-0.457407
1.420688
-0.342672
-0.317563
-0.382339
-0.056231
-0.445153
-0.314443
-0.233659
-0.247737
-0.823420
-0.593684
-1.407764
-0.217182
0.538546
-0.432741
-0.205371
0.219302
-0.144674
0.488556
-0.009436
-0.125513
0.344400
-0.019893
0.447565
-0.352385
-0.080299
0.712312
0.326139
0.734815
-0.282692
0.791296
-0.239054
0.610826
-0.339391
-0.468673
-0.094546
0.349267
-0.081759
0.111397
-0.382406
-0.107994
-0.769181
-0.655374
-0.445926
-0.412478
-0.738254
-0.223488
1.403312
-1.119559
0.133788
0.852869
0.000444
0.598515
-0.690961
-0.082891
0.183253
-0.698649
-0.168285
-1.194085
0.198673
-0.551756
-1.311628
-0.658598
-0.047350
-0.019773
0.397504
-0.648352
-0.205126
0.817376
-0.445301
-0.231745
-0.471156
-1.253843
0.164712
-0.187253
-0.398304
0.304989
1.125062
0.013938
1.513183
-0.145547
-0.324012
0.341874
1.058755
-0.057135
-0.584518
-0.920506
-0.377620
-0.644468
0.690133
-0.102226
0.922580
1.862920
0.773848
-0.298882
-1.277959
0.129582
0.497479
-0.605472
-0.432863
0.449884
0.389722
-1.807617
-0.921125
0.714447
0.305605
1.008218
-0.338647
-0.332472
0.118917
-0.379308
0.588161
-0.014984
0.204066
-0.512545
-0.967796
-1.017014
-0.745752
-0.807355
-0.508964
-0.152424
-0.199621
-0.274287
-0.178959
-0.499601
-1.534126
-0.948381
-0.844732
0.679628
0.964554
-0.371177
-0.704658
-0.076096
0.650734
0.007642
-0.443165
0.223092
0.261128
-0.238378
-0.863955
-1.664178
-0.009004
-0.145710
-0.567694
-0.814059
-1.309662
-1.233681
-0.579776
-0.494883
-1.217458
-0.304756
-0.007269
-0.785690
-1.529759
-1.355964
-0.446338
-1.102841
-1.881435
-0.067683
-0.394324
-0.750974
-0.843758
-0.479429
-0.209806
-0.298849
0.165765
-0.684250
-0.630057
-0.596088
-0.518633
-0.998863
-1.478419
1.159821
0.797218
0.120470
0.372171
-0.073743
0.274852
1.438621
1.640590
1.068681
0.244618
1.332595
0.485138
-0.008437
-0.016829
0.357249
0.510084
0.324169
-0.014723
0.353725
0.546656
1.221715
2.176946
2.528698
0.785800
0.101603
1.990734
0.358641
-0.012571
-0.035019
-0.057357
0.199894
2.353700
1.963377
0.308623
0.146184
0.514787
0.261785
-0.063494
-0.010275
-0.014126
0.518725
0.341968
-0.088449
-0.042630
0.900096
0.768727
2.790420
2.786699
-0.041892
0.395724
-0.021867
-0.108817
-0.066831
-0.033674
-0.122570
-0.059004
0.549137
1.335604
-0.052428
-0.092840
-0.035480
-0.024279
0.443691
-0.002818
-0.070458
0.852475
0.800451
-0.024744
-0.010731
0.151820
0.183389
0.525737
0.809581
0.076858
-0.017361
0.213700
-0.112755
-0.105975
-0.113760
-0.089568
0.323484
0.695817
0.466213
-0.015382
-0.019265
0.593097
1.755049
2.264109
2.050168
0.863827
1.074965
1.108073
0.271601
1.619326
0.944085
0.499894
0.402584
1.146915
1.088214
-0.004875
-0.071935
-0.076697
-0.112007
-0.089993
-0.024731
0.036015
0.540460
0.547778
-0.105593
-0.024255
1.604837
2.041685
1.911689
2.021541
1.021882
-0.077403
0.146641
0.878668
0.697723
0.693882
-0.079248
-0.007846
1.158095
0.194594
-0.098399
-0.055450
-0.085905
-0.092905
-0.147609
-0.008409
0.754383
0.647283
0.064351
-0.039236
-0.064072
1.404228
0.125154
0.832373
2.512667
0.936134
1.795915
0.826502
1.140620
0.321661
-0.075103
-0.063927
-0.090189
-0.087251
0.480172
-0.047842
-0.078266
-0.093675
-0.092471
-0.095207
-0.091841
-0.009763
0.693380
-0.012086
-0.127137
0.067988
0.882597
0.907069
0.001636
1.188597
1.534738
2.166671
2.733318
0.333040
-0.052851
-0.025558
-0.005734
-0.075097
0.767484
1.264143
0.350059
-0.049238
-0.035346
-0.100039
-0.098909
-0.083683
-0.113434
-0.071580
-0.083263
-0.136347
0.356342
1.575631
0.265141
0.266408
-0.137274
0.814429
2.998976
0.499008
-0.075222
-0.013152
-0.006132
0.278356
-0.023664
1.218021
2.299045
1.228134
-0.078669
-0.126746
-0.103955
-0.143227
-0.129615
-0.096257
-0.076615
-0.036050
-0.059016
-0.034029
1.154389
1.481175
-0.031401
-0.044482
0.940284
1.655161
-0.059305
-0.027752
-0.072258
-0.041712
-0.010110
-0.072221
-0.006721
1.556334
0.815408
-0.029562
-0.078963
-0.050408
-0.089959
-0.134913
-0.094829
0.566957
-0.055384
-0.074442
-0.013020
-0.029757
1.065247
0.457945
-0.066382
0.261010
-0.060549
0.077999
0.029688
-0.033205
-0.075769
-0.062965
-0.090869
-0.048188
1.186663
1.021021
-0.010654
1.335146
-0.007704
-0.018749
-0.069619
-0.006870
0.318459
0.229628
-0.109890
-0.091976
-0.048723
0.306845
0.724054
-0.011023
-0.079007
0.013450
0.775241
-0.022356
-0.083243
-0.079858
-0.050091
-0.086074
-0.108391
-0.034739
-0.022449
1.090026
2.161521
2.332824
-0.008448
-0.049894
-0.013482
0.712967
-0.030239
0.056395
-0.017002
0.052424
1.346201
0.971230
0.269564
-0.017062
0.844038
0.085852
-0.042919
-0.038610
-0.045518
-0.062491
-0.038360
-0.109388
-0.179964
-0.100724
1.116037
1.942673
1.076245
3.027331
0.998566
-0.086268
0.740462
1.080285
0.811761
0.626118
0.792059
0.687058
0.193263
0.352055
0.433042
0.755585
0.717969
1.338880
1.378188
0.858933
1.333941
0.779118
-0.014796
-0.120734
-0.045762
-0.001447
0.865053
3.779155
4.017786
2.803234
1.009653
0.367627
0.850492
0.371399
0.013479
0.189765
0.465499
-0.012539
-0.037991
-0.002761
-0.035944
0.534338
2.397148
2.810813
1.736632
0.441705
0.994923
-0.006071
-0.017192
0.309502
0.772504
0.104549
2.093163
6.047247
3.847806
0.864711
-0.016654
-0.100891
-0.109960
-0.095727
0.678477
0.390353
-0.029577
-0.035201
-0.097825
-0.096352
1.299933
2.584238
1.303296
0.594703
-0.057805
-0.064834
-0.010661
0.481948
0.979577
0.055877
0.017618
1.721843
4.329688
4.967055
0.054400
-0.103017
-0.077447
-0.104687
-0.076929
-0.011145
0.953442
-0.071273
-0.082856
-0.061843
-0.040427
0.542973
1.632172
2.544243
1.308561
-0.019179
-0.023393
0.381800
0.640239
1.333487
0.991207
-0.076953
1.222497
4.303895
3.816517
1.327790
-0.024914
-0.073381
0.001821
0.626834
0.307428
-0.036880
-0.010769
-0.011242
-0.021351
-0.040352
0.500350
0.236894
0.042391
0.706192
0.406161
0.583930
1.389042
0.227918
0.282076
0.044532
-0.047604
1.012491
2.215231
1.942168
1.208205
0.826822
-0.017048
0.759071
0.367937
0.257580
1.218875
0.233207
0.303881
0.100128
-0.056970
-0.083713
-0.043522
-0.001706
0.176426
-0.051643
-0.002329
0.276645
-0.008427
-0.015976
-0.073617
1.056377
0.465242
-0.062672
0.517736
1.633426
0.044395
0.030067
0.268758
0.232673
-0.001172
0.651318
0.198465
-0.000808
0.307776
-0.116112
-0.032660
-0.003354
-0.041701
0.040988
-0.043334
-0.018481
0.367738
0.615791
0.309948
0.626515
1.139915
0.497397
-0.110974
-0.060429
0.759547
1.856510
1.002853
0.557001
0.653236
0.826215
0.409077
0.191160
0.608284
0.224726
-0.081005
-0.086575
-0.009834
0.601425
0.507735
0.045547
0.061565
0.013797
0.765044
0.261070
0.277297
0.326145
-0.088309
-0.091157
-0.028586
1.486915
1.592713
1.217732
1.009297
0.993210
1.222514
0.932918
-0.004662
0.689285
1.612247
-0.030872
-0.041102
-0.046824
-0.022294
1.215411
1.171955
-0.056213
0.047354
0.569164
0.156951
0.071417
-0.015481
-0.045324
0.163894
2.093894
2.051758
0.965970
0.206058
0.293594
1.261853
1.924527
-0.077915
-0.016264
0.865076
1.330266
0.274697
0.335060
-0.015645
1.172006
0.409621
-0.007995
-0.014708
-0.063881
0.531343
0.939195
0.128571
-0.099937
-0.006834
1.429617
2.835047
2.237841
0.199128
-0.029035
0.480081
0.784792
-0.032772
1.306411
0.119030
0.527493
0.370386
0.527080
0.511958
1.382043
1.674014
0.666822
0.076508
-0.122596
-0.118321
0.228430
0.282486
0.304987
0.529543
0.345610
0.958620
1.702253
1.031509
-0.072435
0.633911
1.227644
1.146511
0.869795
0.821135
0.202232
-0.069484
-0.016353
-0.018184
0.873584
0.818157
1.957175
1.487087
2.104457
1.037510
-0.033545
0.283916
1.026117
1.193416
1.220734
1.767586
2.454925
0.864835
0.183181
-0.046859
0.898279
2.956887
-0.018265
-0.077883
0.043403
-0.010742
-0.052948
-0.082304
-0.014629
0.239320
0.956811
-0.022553
1.678317
2.611107
1.302219
1.019572
0.087865
-0.004031
1.982391
3.229717
2.280289
0.236685
1.891056
1.066944
-0.010056
1.944165
0.968797
-0.007436
-0.015108
0.471854
-0.016085
-0.012193
-0.070655
1.056672
1.413248
-0.067737
-0.116475
0.165914
0.932302
1.127144
0.722004
-0.061253
0.567168
1.200623
0.762785
0.956686
1.053128
0.268601
0.693324
0.628332
1.540510
1.815910
-0.040330
-0.078254
-0.052143
0.076626
-0.030098
-0.048395
-0.003448
0.736523
-0.037783
-0.050322
-0.019115
0.081900
0.277975
0.264228
0.668906
0.268684
1.120804
0.577212
0.848904
0.001261
0.312914
0.311069
0.580443
0.505670
0.218844
0.055642
0.600076
0.153904
0.789209
0.268567
0.535113
0.101719
0.463371
0.062808
0.626841
0.272176
0.243783
0.357418
0.527804
0.127958
0.790460
0.146938
0.823162
0.483038
0.144360
0.437701
0.124824
0.319278
0.665991
0.294487
0.966930
0.139758
0.394984
0.019624
0.991255
0.279692
0.588459
0.678354
0.847850
1.014315
0.492967
1.386457
0.397002
0.790919
0.053704
0.108503
0.379078
0.722541
0.329918
0.710970
0.557278
0.554819
0.929502
0.051613
0.290303
0.562944
0.015206
0.157254
1.656217
0.578127
0.515452
0.546308
0.705472
0.162147
0.880975
0.896117
0.429741
0.381884
0.442601
0.187223
0.365554
0.020519
0.190820
0.636651
0.252643
0.133572
0.492534
0.106840
0.360439
1.191139
0.561032
0.025532
1.469655
0.254895
0.888076
0.346573
0.816194
0.184662
0.832904
1.675972
0.890860
0.563086
0.122420
0.356040
0.855456
0.328167
0.080545
0.790859
0.017829
0.374443
0.526287
0.256650
0.643986
0.844223
0.210201
0.155449
1.036840
0.106695
0.219277
0.397744
0.577350
0.643688
0.093818
1.331613
0.365285
0.018729
0.619534
0.541019
1.348658
0.076784
0.031826
0.363147
0.509546
0.044732
0.673682
0.052673
0.014192
0.554747
0.276251
0.022915
0.565570
0.224483
0.634450
0.114130
1.193443
0.667775
0.486933
1.485521
0.349469
0.055836
0.996755
0.530052
0.754165
0.201465
0.567629
0.361931
0.761265
0.280873
0.158930
1.108034
0.212403
0.270322
0.478529
0.036434
0.767881
0.408520
0.760626
0.248419
0.287320
0.592105
1.100875
1.018233
0.167779
0.259076
0.134472
0.052979
0.545774
0.112661
0.752936
0.175147
0.108335
0.485955
0.415491
0.477485
0.211152
0.765959
0.013623
0.066735
0.426158
0.364365
0.048558
0.991089
0.162746
0.091039
0.650364
0.684953
0.149593
0.295607
0.066035
1.006914
0.324802
0.529619
0.295611
0.078608
0.027856
0.878176
0.047893
0.584125
0.146712
0.725806
0.487641
0.320739
0.644714
0.043326
0.159709
0.682643
0.434108
0.176633
1.172086
1.432108
0.533461
0.473296
0.140352
0.575318
0.139918
0.415234
0.227793
0.094137
0.296821
1.008564
0.183718
0.671646
0.002034
0.643295
0.449521
0.341110
0.781875
0.828199
0.586559
1.160547
0.559024
0.022689
0.680565
1.457651
0.163384
0.096720
0.480312
0.325261
0.371851
0.436300
0.606751
0.716820
0.382781
1.316529
0.461884
0.822161
0.481174
0.407214
0.354131
0.105912
0.157841
1.043568
0.210313
0.108274
0.393317
0.136212
0.449755
0.521274
0.083911
0.375021
0.183897
0.047717
0.215884
0.335578
1.085599
0.761520
0.482675
1.065075
0.190734
0.177126
0.871635
0.271774
0.754286
0.252928
0.489168
1.133064
0.120490
0.305490
0.430183
0.262044
0.327651
0.282872
0.177414
0.299776
0.515083
0.132732
1.125671
0.557073
1.202521
0.033307
0.198918
0.050487
0.438242
0.417125
0.689581
0.408237
0.487077
1.168156
0.381078
0.441624
0.191509
0.149286
1.051519
0.670828
0.194248
0.014774
0.434895
0.386508
0.235665
0.177299
0.566422
0.387314
0.800762
0.324889
0.165561
0.268242
0.372833
0.516865
0.641258
0.163760
0.016197
0.796653
0.676215
0.556905
1.061416
0.190553
0.151388
0.475077
0.946165
0.206652
0.336186
0.181103
0.680528
0.366305
0.213448
0.144859
0.526302
0.095998
0.775113
0.147621
0.507750
0.009712
0.995012
0.257144
0.799357
0.222461
0.677226
0.100880
0.096016
0.733722
0.041285
0.390915
0.704316
0.291599
0.490642
0.378961
0.877826
0.133790
0.550805
0.144369
0.577515
0.051144
0.855506
0.382964
0.498414
0.072805
0.745769
0.190855
0.736095
0.074479
0.061622
1.032641
0.603864
0.346465
0.368177
0.098747
0.656015
0.241396
0.365457
0.271837
0.913340
0.308471
0.324813
0.073714
0.115772
0.306494
0.746437
0.229811
0.023036
0.165151
0.608234
0.052822
0.525577
0.411011
0.181599
0.923987
0.075773
0.013221
1.045460
0.159143
0.744302
0.351353
1.229402
0.288140
0.010397
0.767366
0.252192
0.474186
0.584070
1.220573
0.114857
0.751297
0.375413
0.587055
0.171586
0.204581
0.127434
1.128443
0.067628
0.135741
0.633080
0.164033
0.901473
0.196016
1.084031
0.661230
1.244788
0.152692
0.220594
0.394761
0.253398
0.421456
0.019885
0.615315
0.084847
0.878248
0.137967
0.386520
0.121472
0.348218
0.261333
1.326714
0.065126
0.024813
0.220803
0.124520
0.205046
0.910144
1.196573
0.265591
0.110895
0.115701
0.608066
0.722316
0.204016
0.227370
0.231870
0.484002
0.821708
0.706076
1.123017
0.160274
0.482430
0.084151
0.124543
0.320328
0.489227
0.188942
0.892277
0.121464
0.388250
0.571174
0.853894
0.976929
0.168090
0.387619
0.291684
0.548503
0.253569
0.160050
0.006198
0.792502
0.878581
0.567927
0.631491
0.099630
1.040063
0.027677
0.158081
0.033749
0.330830
0.161503
0.631577
0.013581
0.030164
1.058359
1.197102
1.150237
0.487448
0.782559
0.229236
0.105703
0.509522
0.218665
0.834758
0.204807
0.080201
0.896136
0.081121
0.028619
0.785383
0.062022
0.544575
0.178558
0.398430
0.145327
0.628338
0.010043
0.104850
1.640171
1.473708
0.553501
0.646868
0.756891
2.157300
0.546887
0.072297
0.602023
0.916006
0.133663
0.233675
0.537147
1.036142
0.553539
1.114160
0.179911
0.385093
0.213884
0.359451
0.527936
0.276775
0.186013
0.268291
1.005283
1.021186
0.082526
1.740524
1.348978
1.809000
0.114594
0.427708
0.710972
0.554052
0.713697
0.473522
0.510810
0.888812
0.602040
1.167501
0.233535
0.339853
0.172951
0.150683
1.562659
0.561575
0.232134
0.724739
0.013838
0.712649
0.426047
1.438392
0.800780
0.317104
0.668305
0.012423
0.070371
0.366438
1.278685
0.293589
0.276545
1.648155
0.678836
1.133815
0.099395
0.408509
0.090640
0.311142
1.096724
0.121288
0.022985
0.496643
0.075036
0.500843
0.504953
0.010752
0.530929
0.087613
0.008204
0.922584
0.461317
0.910443
0.229571
0.763542
0.700337
1.567718
0.309213
0.556458
0.002515
1.149644
0.711500
0.742116
0.749944
0.090790
0.220764
0.608960
0.476377
0.137288
0.793526
0.188906
0.080862
0.023902
0.968832
0.053297
0.427700
1.554882
0.520334
1.192126
0.337452
1.000270
0.145020
0.379099
0.020003
1.147276
0.706667
0.796792
0.513542
0.037466
0.069990
0.433277
0.182848
0.486851
0.981648
0.095675
0.939155
0.546225
1.140531
0.193945
0.170217
0.674890
0.154213
1.225202
0.387747
1.182043
0.498556
0.418639
0.369040
0.466239
0.108608
0.467446
0.127620
0.565667
0.128302
0.200812
0.622049
0.492594
0.108560
0.470252
1.220437
0.793371
0.004770
1.876844
0.224468
0.236499
0.109923
0.233037
1.486999
0.275846
0.773517
0.000145
1.209572
1.139120
0.076710
0.015913
0.101358
0.381487
1.513183
0.959825
0.289579
0.018835
0.105380
0.467351
0.669240
2.307888
1.791073
0.334189
0.391394
0.058606
0.244808
0.204556
2.056715
0.214097
0.038654
0.102016
0.205475
0.761575
0.176001
0.941900
0.247804
0.079743
0.369299
1.800377
1.021366
0.300639
0.356215
0.411752
0.016020
0.687225
0.387886
0.346802
0.113756
2.041391
0.117876
0.804496
0.318356
0.052295
0.288716
1.771837
0.766244
0.369603
0.349879
0.966163
0.189328
0.254505
1.156939
0.512074
0.092580
0.468252
0.756520
0.532921
0.075672
0.447416
0.561011
1.065290
0.285988
1.769676
0.252760
0.715499
0.220368
1.085828
0.917268
1.369356
1.086057
0.515267
0.253930
0.385993
0.566162
0.115253
0.463500
0.104071
0.454990
0.322954
1.536181
0.121015
0.414146
0.525609
0.731017
1.825779
0.314295
0.872296
0.089376
0.393144
0.739644
2.051656
0.101569
0.847648
1.189295
0.836797
1.098529
0.713501
0.147555
0.602705
0.055171
0.829640
0.072758
1.158758
1.185225
0.563311
0.227338
0.202811
0.204077
0.408188
0.484923
1.721821
1.523199
0.698626
1.553406
1.396192
0.013635
0.306726
0.936660
0.202574
0.752961
0.115052
0.795673
0.223712
0.241292
1.778882
1.197392
0.437544
0.115991
0.518314
1.635079
0.074761
0.797152
1.100410
0.390533
0.329453
0.543732
0.300259
0.103569
1.331858
0.078671
0.455675
0.424922
1.281777
0.070133
0.247516
0.105335
0.285718
0.267744
0.646171
0.965937
1.000811
0.882090
0.348515
0.281142
0.049088
1.036252
0.141760
1.410287
0.135369
0.277081
0.773911
1.238940
0.284104
0.176035
0.353147
0.602019
0.089661
1.135447
0.138099
0.532872
0.232040
1.083762
0.022887
0.726773
1.905063
0.098582
0.451430
0.434581
0.371179
0.677020
0.273136
0.429595
0.629598
0.233258
0.136701
0.967150
0.093345
0.267047
0.294174
0.194839
0.006413
1.072572
0.270128
0.107859
0.242871
0.524269
0.036112
0.152924
0.827766
0.298101
0.745134
0.745135
0.352182
0.050335
0.434914
0.392555
0.085829
0.084978
1.004665
1.031879
1.263622
0.965484
0.020260
0.005156
0.542447
1.323456
0.059293
0.088670
1.548519
2.324313
0.175103
0.137039
0.265304
0.863282
0.624133
0.469802
0.500627
0.064621
0.072352
0.254692
0.342638
1.303835
0.002275
0.944030
0.628237
0.070775
0.626883
0.442261
0.583645
0.835331
1.302565
0.366616
0.734431
0.627790
1.334584
0.483341
0.059425
0.957907
0.459231
0.491725
0.172565
0.132568
0.599700
0.208340
0.267551
0.083888
1.136976
0.658533
0.614908
0.386135
0.416649
0.557298
1.194828
0.582105
0.545803
0.581378
0.001987
0.181538
1.720891
0.287595
0.648073
0.202712
0.019925
0.252468
1.133651
1.647941
0.658574
0.888937
1.367034
0.108979
0.884758
2.369282
1.015797
0.084271
1.055706
0.494515
0.472862
0.657539
0.006091
0.059917
0.977368
0.194896
1.050634
0.823091
0.648084
0.041426
0.874706
0.259104
0.450279
0.435174
0.471575
0.827579
0.274408
0.562145
0.584137
2.907096
0.114715
0.815616
0.207937
0.249183
0.540728
0.527717
0.958547
0.119309
0.321896
0.938924
0.741012
0.349551
0.199637
0.201473
0.212446
0.775723
0.459639
1.342537
0.157666
0.036837
0.555804
0.455791
0.209498
0.284829
0.532393
0.772186
0.229548
0.188542
0.058082
0.025113
0.468644
0.588364
0.031450
0.607139
0.149690
2.092152
0.015104
0.564259
0.093940
0.604883
0.449441
1.047927
0.814317
0.342060
1.746117
1.089775
0.631437
0.246441
1.838014
0.092196
0.420207
0.109245
0.119090
1.467722
1.159696
0.590508
0.348257
0.706301
0.744143
0.347631
2.420120
0.716205
0.404938
1.057401
0.987160
0.260779
0.124142
0.540412
3.305442
0.978885
0.400536
0.016241
0.758674
0.402980
0.069904
0.060190
0.050329
0.247911
0.966288
0.619129
0.808600
0.729086
0.635784
0.551333
0.469533
0.146803
0.585028
0.322460
0.139745
2.320961
0.063725
0.896976
0.343723
0.623121
0.937855
0.168504
0.096044
2.175944
0.582957
0.147086
0.899161
1.017629
0.335782
0.356735
0.328156
0.714070
0.407197
0.873780
1.323439
0.099429
0.167824
0.306398
0.166862
1.217676
0.196481
0.062616
1.229269
1.522789
0.086053
0.241153
0.411151
0.057751
1.698514
0.919298
0.635344
0.231902
0.629076
0.030204
1.085544
0.482788
1.214526
1.552006
0.175673
0.269440
0.155516
0.383154
0.150453
0.205257
0.502387
0.267573
1.013465
0.348508
0.479452
1.179651
0.056698
0.721659
0.644599
0.415388
0.494017
0.138824
1.342049
0.351922
0.006546
0.609234
0.340678
0.521099
0.221571
0.077065
0.550705
0.553651
1.277927
1.914058
0.230218
0.053392
0.303612
0.204882
0.251600
0.292849
0.201158
0.377102
1.197671
0.996301
0.457920
0.648214
0.037115
0.267503
1.763123
0.330637
0.776814
0.155286
0.342862
0.035850
0.151474
0.395310
0.090075
1.920204
0.918996
0.274210
0.626974
1.518901
0.066421
0.596543
0.912974
0.322882
0.698262
0.339640
0.862723
0.684290
0.300723
0.080035
0.284637
0.604126
0.077839
0.145645
0.337062
0.659855
0.517967
0.309387
0.547141
0.361714
0.926154
0.517886
0.390970
0.009349
0.007531
0.003745
0.170711
0.800828
0.220705
0.077545
0.157901
0.343789
1.335178
0.139150
1.436359
0.131900
0.457563
1.897240
0.214303
0.732972
0.586344
0.332752
1.130177
1.094917
0.861351
1.254292
1.481766
1.155541
0.773329
0.697839
0.116829
0.970391
0.248374
0.448747
0.027535
1.260896
0.500450
1.149534
0.082020
0.370683
0.474333
0.112318
0.695443
1.459317
0.178688
0.960421
0.253891
0.472130
2.244214
0.177879
0.992938
1.116925
0.541701
0.650149
0.102028
0.542732
0.029029
0.271927
0.490031
1.337723
0.530270
0.284461
0.572879
0.244294
0.818588
0.340914
0.081382
0.704586
0.059594
0.711771
0.421504
0.886515
0.090801
1.563336
1.140900
0.857439
0.104353
0.343106
0.313221
0.325717
0.200844
2.441279
0.565290
0.303416
0.977698
0.450990
0.158074
0.444176
0.580176
0.708913
0.762514
0.303217
0.167189
1.108777
0.453744
0.080851
0.285540
0.173698
0.599689
0.704994
0.036163
0.174685
0.779190
1.909931
0.766479
0.616447
0.295516
0.179879
0.687914
0.024654
0.636588
0.682264
1.135500
0.870121
0.726199
0.120077
0.426208
0.632495
0.700047
0.471666
0.518514
0.135993
0.504009
0.418955
0.038584
1.788242
0.323299
0.819500
0.246686
0.244651
0.189954
1.811097
0.612225
0.409252
0.475864
0.686201
0.622083
1.176946
0.681140
1.626571
1.448008
1.968456
1.723820
0.948669
1.057537
1.540316
1.165058
1.031101
1.463585
1.698712
1.469666
1.589267
1.446390
1.498909
1.702060
1.528727
1.512457
0.957459
1.810692
1.714262
1.362966
1.508269
1.231657
1.685363
1.325869
1.547671
1.682476
1.708957
1.650297
1.426795
1.210940
1.290497
1.884768
1.399745
1.420548
1.386183
1.262730
1.729574
1.405245
0.925885
1.177867
1.260068
1.594868
1.414207
1.513051
1.336381
0.888240
1.702185
1.206897
1.531879
1.895666
0.962075
1.167147
1.740365
1.192151
1.199005
1.750970
1.454485
1.413768
1.414411
1.426503
1.405814
1.268232
1.252413
1.642533
1.039718
1.272291
1.443559
1.296120
1.632616
1.019487
1.863662
1.658922
1.629240
1.535318
1.294819
1.323430
1.651564
1.353668
1.560981
1.272849
1.242581
1.273309
1.325256
1.147584
1.332225
0.956657
1.315411
1.421647
0.992528
2.114143
1.941533
0.794451
1.631445
1.019491
1.972226
0.973835
1.197795
1.627209
1.013043
1.213144
1.575790
1.316216
1.383936
1.337654
1.330025
1.548122
1.816712
1.513139
1.345761
0.778251
1.941015
2.075942
1.317423
1.600602
1.085018
1.347568
1.895765
0.914741
1.623360
1.590072
1.883776
1.128402
0.965263
1.675813
1.918129
1.640369
1.332683
1.278803
1.246447
1.659515
1.793303
1.432092
1.007438
1.421753
1.744607
1.104473
1.038059
1.788751
1.340097
1.377622
1.683800
0.929905
2.201916
2.043636
1.164588
1.099163
1.610418
1.156548
1.126785
1.287869
1.377606
1.537689
1.756024
1.672691
1.170701
1.407187
1.208371
0.764049
1.501207
1.617306
0.813533
1.381403
2.041387
1.454938
1.655337
0.827381
2.587583
1.113924
0.791501
1.479282
1.385352
1.264168
1.315010
1.866305
1.852704
1.421647
1.399948
1.391218
1.296612
1.377249
1.150383
1.437503
1.550529
1.312455
1.279977
1.934709
1.895431
0.843061
1.822618
1.152443
1.883761
1.317988
1.103472
1.440292
1.594040
1.559574
1.221583
1.665320
1.585973
1.470127
0.949223
1.140773
1.352087
1.175076
1.062940
1.384378
1.781656
1.238164
1.207387
1.719152
1.475107
1.179835
2.151834
0.710636
1.960440
1.309917
1.238357
1.397081
1.724813
1.419642
1.423591
1.611831
1.489674
1.449434
1.506582
1.477303
1.164932
1.381787
1.461091
1.741720
1.769118
1.816129
1.361865
1.704995
1.364388
1.239187
1.491873
0.686026
1.759156
1.341510
1.123400
2.029576
1.669099
1.350684
1.646093
1.462566
1.147434
1.476932
1.120902
1.040204
1.190299
1.339704
1.781511
1.264795
1.508182
1.595952
0.793626
1.061708
0.921484
1.069761
1.598349
1.215315
1.650071
1.437556
1.737753
1.682215
1.407257
1.066385
1.243753
1.433389
1.563174
1.416672
1.595719
1.283204
1.328679
1.393829
1.440780
1.341563
1.513014
1.289475
1.152866
1.572010
1.244141
1.397058
1.794571
0.999047
1.764497
1.540372
1.106392
1.265091
1.358234
1.302519
1.493186
1.255020
1.244960
1.482979
1.347397
1.037329
1.072466
1.333701
1.300153
1.244721
1.572384
1.422804
1.367152
1.494602
1.501223
1.515144
1.737523
0.973128
1.517322
1.188816
0.886612
1.679177
1.697781
1.515403
1.047028
1.411156
1.949226
1.322024
1.306253
1.704555
1.026973
1.104129
1.638324
1.265975
1.360588
1.896321
1.525210
1.233854
1.381848
1.494792
1.521337
0.760728
1.659777
0.463442
2.147840
1.772785
0.999005
1.007294
1.276305
1.734268
1.998946
1.138919
1.095373
1.678662
1.269884
1.117078
1.228875
1.347208
1.603367
2.359396
1.291567
1.126720
1.892511
2.002446
1.379630
0.739949
1.349083
1.050403
1.510100
1.428301
1.514851
1.596487
1.260881
1.136096
1.207469
1.443543
1.404476
1.148285
1.013397
1.249533
1.376028
1.705630
2.095474
1.334902
1.026691
1.147658
1.214784
1.420211
1.216245
0.568910
1.513387
1.307481
1.405468
1.524151
1.464103
1.371401
0.500525
1.197999
2.003641
1.687945
1.107545
1.366542
1.817901
1.291482
1.355406
1.376215
1.498012
1.581111
1.475427
1.234712
1.387071
1.371534
0.941857
1.051406
2.101081
1.245565
1.195125
1.451365
1.294162
1.702984
1.340120
1.512964
1.373891
1.412536
1.287729
1.285728
1.604624
1.466951
1.293580
1.632195
1.345629
1.510836
1.763029
0.957133
0.751240
0.727374
1.964709
1.561219
1.613724
1.231664
1.295274
1.304273
1.470213
1.432912
1.000699
0.971263
1.327047
1.504550
1.310537
1.116818
1.115109
1.653112
1.820742
1.615054
1.377392
1.208669
1.013515
0.633244
1.459618
2.119266
2.298454
0.843686
2.035911
1.615856
0.867003
1.326370
1.553718
1.209803
1.227260
1.523368
1.509729
1.570518
1.057486
1.003006
1.430923
1.718308
1.728309
1.566996
1.400517
1.009643
1.147780
1.436929
1.594336
1.648534
1.627374
0.599618
1.672508
1.421697
1.320555
1.440337
1.601309
1.190966
1.538949
1.533055
1.356454
1.495069
0.594408
1.494846
2.048139
1.503832
1.311722
1.584888
1.641393
1.161965
1.216324
1.611030
1.438865
0.997395
2.021656
1.230986
1.616153
1.387521
0.754378
1.263848
1.502590
1.722501
1.245177
1.610363
1.865030
1.673678
0.585186
1.592592
2.195438
1.269953
1.176810
1.287772
1.374764
1.765774
1.519549
1.994320
1.012417
1.034888
2.086031
0.802946
1.609505
1.501572
1.499123
1.485696
1.680156
1.316348
1.227685
1.288031
1.927908
1.418355
0.628837
1.224729
1.480061
1.270701
1.458032
1.306474
1.240547
2.024398
2.061512
1.548491
0.911573
1.238702
1.456269
0.948270
1.585339
1.477024
1.557512
1.279392
1.396185
1.537213
1.487102
1.319147
1.848369
1.371154
1.264633
1.702815
1.497180
1.249243
1.559220
1.228432
1.274207
1.671870
1.564708
1.185315
1.433961
1.242296
1.326130
0.930376
1.572054
1.575664
1.422704
1.374946
1.606759
1.341460
0.854260
1.452298
1.718797
0.967276
0.649199
1.822439
1.919872
0.807565
1.743880
1.533861
0.979091
1.567577
1.792917
1.286450
1.905085
1.560528
0.864161
0.852448
1.580362
1.301994
1.626622
1.582294
1.248567
0.917821
1.170871
1.705078
0.886653
1.490360
1.607616
1.965953
1.698809
0.794349
0.742720
1.251118
1.610535
1.774146
1.499012
1.030948
1.650317
1.710198
1.426520
0.961330
1.830200
1.346686
1.615778
1.722507
1.441478
1.330271
1.345730
1.671719
1.247382
1.138911
1.720552
1.786609
1.401537
1.069675
1.397228
1.881156
1.764455
1.235294
1.944515
1.808965
1.500884
1.192284
1.414812
0.880272
1.563555
1.148570
1.032438
1.091088
1.403767
1.026100
1.083345
0.956856
1.096997
1.126428
1.450311
1.410869
0.797534
1.080573
1.108415
1.367325
1.261725
0.968522
1.207587
1.282701
1.088392
1.030522
1.207327
0.615694
1.077401
1.988050
1.279286
0.830075
0.437397
1.790757
1.330356
0.684622
0.726801
0.872031
0.653470
2.100854
0.888848
1.129366
0.678087
0.874389
1.422629
1.028387
0.850730
0.427652
1.875825
0.989475
0.504705
1.377101
1.150640
0.520942
0.476267
0.381178
0.843624
0.759973
0.399214
0.714155
0.939380
0.314451
0.685780
0.020282
0.799721
0.712389
0.375055
0.542846
0.665979
0.756466
0.353430
0.845710
0.000504
0.397959
0.744337
1.027956
0.890045
0.911934
1.012269
0.027589
0.033004
0.205733
1.005991
0.872389
0.991261
0.101271
0.326371
0.589896
1.140144
0.530387
0.383052
0.419262
0.389751
0.990559
0.125945
0.616187
0.687456
0.402862
0.497580
1.155085
0.693665
0.444357
0.462693
0.032051
0.833258
1.144357
0.757374
0.625937
0.896057
0.854065
1.486302
1.133724
0.837570
1.123338
0.008694
0.045858
0.354794
0.227514
0.877725
1.000406
0.913933
0.697114
0.417903
0.735053
0.373093
0.851594
0.438399
0.754382
0.426776
0.561750
0.334428
0.070968
0.658382
0.459359
1.249999
0.962990
0.686575
0.516641
0.639933
0.061306
0.319411
0.633542
0.275326
1.059843
0.975529
0.285389
0.647491
1.319806
0.021190
0.026690
0.295918
0.376436
0.880918
0.693260
0.685410
0.402086
0.049643
0.443371
0.539453
0.975230
0.853153
1.047064
0.703378
0.355145
0.488794
0.754950
1.072722
0.330007
0.057682
0.024478
0.063620
1.048835
0.461076
0.660536
0.303577
1.150605
0.626629
0.618612
0.259714
0.701952
0.306535
0.602699
0.230510
1.136475
1.267532
0.677819
0.712367
0.476158
0.623210
0.188086
0.001542
0.694952
0.266765
0.198535
0.000444
0.639080
0.559934
0.669585
0.600859
0.747406
0.129417
0.891078
0.472879
1.058442
1.074710
0.818738
0.473538
0.297639
0.039689
0.982817
1.162868
0.630855
0.277772
0.354636
1.080800
0.041534
0.238347
0.535804
0.095373
0.281845
0.853382
0.515466
0.403895
0.709667
0.795438
0.575989
0.988547
0.527869
0.445077
0.568223
0.052330
0.350672
1.181973
0.749483
0.667522
0.959419
0.514431
0.455033
0.557620
0.280908
0.751360
0.667992
0.462656
1.004198
0.550306
0.583551
0.504157
0.622056
0.390850
1.141054
0.935791
0.314555
0.888334
0.026348
1.154280
0.188005
0.000764
0.831906
0.917251
0.723849
0.908399
0.863894
0.376490
1.089777
0.726784
0.527578
0.635368
0.961874
0.540583
0.008970
1.000898
0.141365
0.653031
0.873440
0.994321
0.248391
0.202854
0.629441
0.006852
0.780931
0.449271
1.157264
0.906749
1.019639
0.898110
0.702018
1.034847
0.425242
0.491991
1.492953
0.483136
0.977512
0.480981
0.592456
0.359120
0.164724
0.001373
0.513372
0.668372
0.957289
0.516827
0.576965
0.993831
0.210326
1.379219
0.127855
0.145771
1.237805
0.950345
0.966447
0.625932
0.672391
0.525228
0.149467
0.963882
1.241808
0.555287
0.385205
0.185584
0.565604
0.007629
0.086189
0.438635
1.114777
1.166905
0.830421
0.747899
0.562567
0.013215
0.710986
0.725330
0.007061
0.205990
0.866528
1.519637
0.686219
1.188830
0.892074
0.756668
1.129262
0.912165
0.871846
0.652419
0.184750
0.425174
0.545387
0.178535
0.835753
0.387359
0.900558
0.125373
0.318099
0.846941
0.084418
0.469356
0.723004
0.957264
0.127212
0.375469
1.203033
0.820455
0.773419
0.625615
2.115950
0.777784
1.016143
0.875449
0.980129
0.623559
0.054266
0.328734
0.016889
0.401053
0.664326
1.063189
0.984566
0.853648
1.068973
0.871640
0.332139
0.078596
0.002945
0.077643
0.163021
0.980279
1.082049
1.163754
0.523550
0.833147
0.706395
0.281937
0.371969
1.512463
0.550354
0.456231
0.706881
0.566669
0.871892
0.860766
1.092194
1.248242
0.551434
0.777333
0.878490
0.120683
0.426316
0.005351
0.031659
0.330085
0.769543
0.340176
1.171457
0.597503
0.706003
0.723101
0.631099
0.571199
0.854415
0.550298
0.205233
0.532368
0.747540
0.936823
0.842568
0.526269
1.300847
0.666456
1.142869
0.953074
0.349998
0.028067
0.026724
0.076631
0.037317
1.087476
1.446687
0.800807
1.194311
0.437072
0.418887
0.803947
0.823479
0.657122
0.297743
1.299632
1.031300
0.474877
0.921848
0.967632
0.735146
1.028924
1.138666
0.891017
0.810815
0.315327
0.025532
0.043697
0.954242
0.668077
0.971770
0.942981
0.656816
0.523488
0.831368
0.675106
0.466475
1.341412
1.113700
0.577717
0.485050
1.042840
0.468436
0.958825
0.770806
1.093061
0.660961
1.185706
0.878883
0.429499
0.433969
0.688734
0.079623
0.425969
1.640154
0.684079
0.888791
0.387181
0.832484
0.616551
1.211736
0.375813
0.403911
0.768221
0.733431
0.495985
0.591819
0.168289
0.137921
0.854931
0.770288
0.859846
0.580593
1.074002
0.607022
1.142222
0.496225
0.791380
0.479901
0.912553
0.617519
0.622704
0.570366
0.843841
0.328609
0.793084
1.200772
0.195525
0.364554
0.001920
1.184077
0.497159
0.997537
0.392202
0.879002
0.696417
0.492880
0.684272
1.212833
0.496468
0.862897
0.367555
0.996455
1.005290
0.092845
0.462109
0.762954
0.828512
0.819589
0.932785
0.712688
0.523126
0.350211
0.397873
0.206462
0.597849
0.841200
0.891527
1.372582
0.600668
0.316163
0.042576
1.023303
0.771097
0.966530
0.902975
1.324819
0.529622
1.515571
0.167875
0.491458
0.846630
0.959799
0.974316
0.378429
0.631523
0.549923
0.364864
1.025004
0.774705
0.763716
0.804988
0.590577
0.675168
0.443405
0.476271
0.040965
1.121648
1.249321
0.665777
1.746155
0.613602
0.005672
0.258224
0.696137
1.108639
1.249675
1.169059
0.767081
0.975367
0.273256
1.255413
0.665932
0.871576
0.502683
0.847689
0.682792
0.501545
0.006987
0.474663
0.260804
0.961418
0.689644
0.927542
0.959289
0.113559
0.010632
0.324802
0.626481
0.922095
1.130268
1.215644
0.574096
0.633398
0.605073
0.563981
0.968972
1.059073
0.710820
0.725662
0.029161
0.694375
1.046342
0.599976
0.046032
0.007365
0.093281
0.708929
1.071780
0.403345
0.027401
0.005270
0.026282
0.366988
0.742478
0.712338
1.240868
0.005903
0.345205
1.491889
0.844752
0.771156
0.788238
0.601902
0.747204
0.261470
0.432799
0.320405
0.091282
0.698817
0.002172
0.310224
1.115646
0.023565
0.651753
0.000711
0.460089
0.086678
0.379787
1.295137
0.757921
0.023747
0.013784
0.000713
0.651122
0.001960
1.242218
0.195606
0.503907
0.548291
1.000035
0.826164
0.287700
0.111727
0.111009
0.770556
1.272886
0.664650
0.002275
0.543458
0.720513
0.453532
0.463290
0.306285
0.818931
0.018235
0.100712
0.003177
0.568248
0.737115
0.275402
0.852670
0.816967
0.714177
0.880547
0.311872
0.672397
0.506415
0.785301
0.821765
1.112509
1.262017
0.999165
1.480322
1.112039
1.478948
2.001908
1.490730
1.782406
1.640753
2.190294
1.524769
1.880284
1.699150
1.852050
2.307807
1.348710
1.268576
1.504662
1.768982
1.661697
1.040477
1.496314
0.741071
0.873229
0.113266
-0.077746
0.598095
0.168740
0.868021
0.579787
0.138715
-0.055922
-0.138390
-0.077395
-0.208504
-0.165564
-0.223067
-0.191677
-0.110808
-0.133530
-0.017583
0.194802
0.806616
-0.088184
-0.062174
0.476926
0.164982
0.843916
0.599087
0.825044
1.895551
1.678522
1.950440
0.970844
-0.012393
0.624074
1.324642
-0.001440
0.227267
-0.054522
-0.018259
-0.191075
-0.195487
-0.227734
-0.095758
0.940238
0.411135
-0.005030
-0.114225
0.018020
-0.018626
-0.088082
1.520285
1.259042
1.324141
0.667768
0.157325
0.483830
-0.014432
1.073188
0.977519
0.310247
-0.018335
0.069605
0.825520
0.775349
1.639412
1.978477
2.165098
1.920022
0.573193
1.107423
-0.065230
0.675210
0.423448
-0.006490
2.152759
0.436521
0.192093
-0.150087
-0.147225
-0.054220
-0.069062
-0.044181
0.291308
-0.128465
-0.094159
1.733632
2.698732
1.194517
0.859856
2.988606
2.747051
2.321454
0.746439
0.987011
0.119343
1.041359
2.286520
0.344195
1.703419
-0.027181
0.253788
-0.010211
-0.026045
-0.039088
-0.120861
-0.104828
0.671716
0.733246
0.482043
1.598037
2.431828
0.376595
1.058234
1.327279
2.114810
0.634203
0.875564
1.198982
0.804460
0.136425
1.990842
0.413089
1.797348
-0.055233
-0.105422
-0.095885
0.557823
0.565978
0.300576
0.159448
0.900957
1.125090
-0.021752
0.886776
0.905524
-0.081348
-0.013212
1.566646
0.856457
-0.146114
-0.094289
0.118670
0.701282
0.405444
2.273318
0.258729
1.839014
0.059490
-0.204639
-0.086772
-0.042961
0.158655
1.002536
2.004686
1.652981
0.584835
0.034545
0.475271
1.103908
0.574876
0.807135
1.124072
0.216663
-0.020412
-0.143035
0.539170
0.205859
0.048928
0.565518
0.217279
0.593354
-0.080996
-0.071867
1.891015
2.234926
2.573328
1.094191
1.300686
0.881907
0.074574
0.501331
0.274162
0.818566
0.991698
0.789188
0.512840
-0.097853
-0.082662
0.924646
2.364724
0.403279
-0.015919
-0.020026
-0.067616
0.413351
-0.061760
-0.054787
1.179725
0.462792
0.050123
0.533961
1.371825
0.245448
-0.047043
-0.019308
-0.062378
0.072498
1.081396
0.720010
0.169410
0.326886
0.025875
1.959643
2.023251
0.751271
0.180343
0.016429
-0.006588
0.919537
-0.067448
-0.084968
0.166404
0.222267
0.261927
1.236795
1.558774
1.158397
0.257316
0.861585
1.137222
1.016970
0.267330
-0.026893
-0.107298
0.765803
0.381318
0.955025
1.337685
0.733744
0.492125
0.134183
-0.040169
1.199828
-0.068933
0.193131
1.296100
1.287664
-0.008119
1.905263
1.853275
0.669791
-0.028591
1.132182
1.181438
0.992221
0.050023
-0.026081
-0.027961
0.913698
-0.011512
-0.023790
-0.059032
-0.032643
-0.133484
-0.063919
-0.057276
1.236319
-0.112776
-0.076209
0.875351
0.594981
-0.084546
-0.058342
0.590100
-0.037893
-0.013319
-0.013012
0.713361
0.596877
-0.024118
0.365847
1.479668
1.328695
1.227084
0.773682
1.050574
-0.009963
-0.006236
0.801300
1.087399
0.734296
-0.127767
-0.004349
2.111824
1.919183
0.597986
0.611289
1.780506
0.552773
-0.089263
-0.063177
0.428375
0.949701
0.509405
0.898864
2.358474
0.863196
1.516053
0.369262
2.008033
0.997401
3.454395
2.540337
1.152537
-0.028424
-0.187354
-0.013865
1.363626
0.735114
0.563438
1.870367
2.008240
1.336117
0.570731
1.467696
2.735886
2.125507
1.045772
0.781509
1.541221
-0.001141
-0.085018
-0.006295
-0.002609
1.316928
1.466172
1.528449
-0.017949
0.287843
0.829986
1.354920
1.492904
1.229958
-0.043427
0.768653
0.797062
0.305377
0.092189
0.161069
1.660860
1.036931
0.759087
0.091727
0.538105
0.032546
-0.075251
0.238327
-0.085187
0.353378
-0.188473
-0.158847
-0.291242
1.298233
1.978450
2.173050
1.729928
2.165651
0.984801
1.077868
0.736992
-0.009496
0.016759
0.000091
0.303359
0.779917
0.552685
0.223033
0.921747
0.487853
0.220968
0.785392
0.128070
-0.102084
-0.078653
-0.105301
-0.058131
1.288869
0.221502
-0.043690
-0.135922
-0.024223
-0.016715
-0.048058
0.045720
0.878580
1.603675
2.054478
1.310833
1.077887
-0.005037
-0.120340
-0.107158
-0.019399
0.134175
0.916746
0.986781
0.564846
0.862711
-0.058523
0.459374
0.850473
-0.056378
-0.095303
-0.008661
0.273617
0.451767
0.171349
0.377692
0.593703
1.737324
0.852118
-0.087070
-0.116436
-0.044316
-0.167976
-0.094081
-0.061047
-0.008877
0.796163
0.999765
0.123713
2.823390
1.085767
0.946818
-0.026065
-0.156990
-0.038364
1.487402
1.433702
1.290361
0.943509
0.460178
-0.078592
0.017333
-0.138039
-0.061432
0.122558
1.223213
-0.037105
-0.010535
0.869592
1.380900
0.659155
0.979059
0.020531
1.899320
0.339099
-0.013405
-0.122219
-0.224540
-0.156537
-0.087497
0.111333
0.015097
-0.011935
-0.058225
-0.160089
0.407988
0.376633
-0.052591
0.815982
0.306347
0.170092
-0.038988
0.546788
1.189233
1.676199
1.504735
0.182095
1.184504
1.348411
-0.106632
0.896477
1.020638
1.412817
1.006758
-0.004744
-0.148569
-0.274348
-0.256881
-0.018756
1.552243
1.963648
-0.051871
0.582506
-0.005899
0.285947
0.685789
0.491495
1.338511
1.518274
2.077865
-0.001478
0.178073
1.223048
-0.064812
1.735904
2.227201
1.323150
1.284456
0.951493
0.912208
-0.003356
-0.033345
1.589082
0.399077
0.969202
-0.044699
-0.005838
0.253419
-0.127965
0.105071
0.411131
0.989220
1.029289
-0.044529
-0.108568
-0.190122
0.187666
-0.139834
0.814716
0.708840
0.004735
0.555440
1.879606
2.224650
3.037376
1.860981
2.778509
1.883460
0.838610
0.128267
-0.005046
0.653866
0.765353
1.608973
1.737849
1.132450
-0.047714
-0.180769
-0.119434
-0.143846
0.560028
0.207177
0.576036
-0.095444
0.032532
0.023176
1.399167
1.348484
0.665733
0.013943
1.065006
2.635602
1.297323
1.097065
0.694351
1.291569
1.244470
0.341700
0.473482
0.213906
0.682123
0.531042
0.855628
0.922842
0.884791
0.999983
0.098344
-0.111377
-0.047490
0.670656
0.984899
1.000731
-0.084424
0.337611
-0.019781
0.840809
-0.041213
0.195937
0.949415
1.695610
0.465869
0.756143
-0.012632
0.250897
2.377637
2.239572
2.982765
1.819764
1.125119
0.819663
0.745737
-0.057066
0.148830
1.190332
0.626574
0.515027
0.753687
1.106171
-0.054464
-0.024727
0.256943
-0.000804
0.243322
0.851403
0.743833
2.431918
2.104983
2.437265
2.902140
2.208778
1.218617
2.096701
0.876974
0.181141
0.877860
-0.003085
-0.010524
-0.000597
0.409559
0.096824
0.647340
0.509952
-0.003932
0.194102
1.204205
-0.053782
-0.108659
-0.034131
0.254834
0.000911
-0.061683
-0.120232
-0.075948
-0.118765
-0.246647
-0.172315
-0.126168
-0.017653
2.599748
2.418475
1.927585
1.059765
0.872391
-0.108291
0.517341
0.584850
0.219946
0.695903
0.679532
1.236102
1.055967
0.641674
0.624994
2.107820
3.081593
1.904611
1.136276
1.648850
2.893831
3.056294
2.003100
0.979249
2.958500
1.762320
-0.063455
-0.894490
-0.732964
-0.203806
2.365105
2.384197
1.674121
2.932757
2.953948
3.562742
3.963179
4.222366
3.165923
2.514987
0.910575
-0.761210
-0.455387
0.942345
1.944194
-0.177358
-0.138045
0.266842
1.195331
-0.388265
-0.572523
-0.039071
1.115554
0.688733
2.317432
1.763379
0.493555
1.320363
2.868520
4.419101
3.351745
2.694955
3.021836
2.313421
1.130090
-0.058561
1.381167
1.617473
2.495199
1.027701
0.178023
-0.155676
-0.232951
-1.037441
-0.347422
2.379540
2.406165
1.025082
0.330002
-0.093866
-0.256489
1.832148
2.606569
1.240089
-0.948930
-1.538643
-1.070236
-0.790091
-0.808266
-0.678311
2.142498
2.598473
1.095402
0.409385
0.997307
0.649196
-0.373880
-0.046667
2.959451
4.520427
3.667951
1.879064
1.176261
2.188630
1.800250
2.353890
1.404114
-0.249331
-0.549181
-0.142809
0.668795
-0.259469
-0.629849
-0.454669
-0.122718
-0.774167
-0.696322
0.062906
0.569291
0.436090
2.497300
2.906420
1.735613
-0.076717
0.515301
1.168720
2.935078
3.285038
0.843060
0.837509
0.973447
-0.017442
0.701838
1.442773
1.326244
0.237684
0.290507
1.055106
-0.222179
-0.872348
-0.176471
-0.063741
-0.483883
-0.234093
1.658818
0.937762
0.762820
2.254001
3.139061
1.216220
1.671101
2.691250
2.494243
2.979457
2.040010
1.139916
2.645891
1.937560
0.142026
-0.664111
-0.521853
1.503709
4.752554
4.364455
2.714115
-0.138351
-0.361384
0.143090
-0.285272
-0.223512
2.263914
3.856207
1.860699
0.008421
-0.032447
0.197941
0.333159
-0.104094
-0.175880
0.439197
1.632047
1.402236
-0.143705
-0.191938
1.739434
5.198205
6.418035
3.765115
2.009013
1.269342
1.843503
1.823212
1.596924
1.518398
0.020437
-0.635363
-0.832008
-0.121320
0.185704
-0.342065
-0.913229
-0.397725
1.933791
1.147883
-0.123451
-0.203289
-0.149319
1.578608
3.449630
3.367777
1.214243
-0.236376
1.588211
4.130821
2.844223
1.737156
0.497237
1.592878
2.454155
3.223711
2.215897
1.860996
1.501674
-0.133723
-0.228960
1.546420
2.955125
2.395615
1.955185
0.238024
1.394236
4.242154
1.429192
-0.603969
-1.036469
-0.850288
0.311636
-0.077913
-0.297808
1.252074
-0.139650
1.180335
4.281734
5.558976
2.675576
2.018955
1.321025
0.474541
0.683709
-0.004295
-0.517961
-0.353871
-0.236376
0.181313
3.395803
3.962707
0.310450
0.156617
-0.170450
-0.409144
-0.760085
-0.723575
1.500123
3.192140
1.157884
1.302933
2.105409
1.916981
-0.419260
-0.088312
0.879243
0.642709
2.052602
2.304611
0.845317
-0.022698
-0.454719
0.711073
1.875743
0.014864
-0.222260
3.006061
2.374834
1.612402
3.242732
4.574345
4.754485
1.735923
0.126167
0.079853
-0.216082
-0.889560
-1.414650
0.363619
2.280022
0.676627
1.225866
2.783932
3.508971
3.590222
1.774927
3.121670
3.141164
-0.038517
-0.413320
-0.190702
-0.391220
0.210045
2.920043
3.165551
1.067225
-0.505556
0.972856
1.778032
1.499683
-0.115741
-0.420123
0.614258
0.222171
0.114645
0.884675
0.670876
0.740135
1.496751
0.243513
0.309969
0.549265
-0.055751
1.230566
0.622426
-0.116849
-0.082631
-0.411636
-1.000530
-0.845415
-0.422359
2.182284
2.616753
3.522290
4.164447
3.350165
1.605487
0.080295
0.089852
0.078543
-0.159281
-0.283745
-0.600988
-0.402087
-0.262525
-0.589587
-0.121992
4.005981
6.064281
3.893464
1.423768
0.333731
1.058849
1.189457
1.143924
1.454661
0.101919
-0.532931
-0.525869
-0.019822
2.395282
1.350908
-0.272938
-0.259733
1.722854
2.827676
0.107558
0.265479
0.863216
0.202584
0.008143
1.006495
2.114093
2.607701
3.776997
2.956412
2.612097
2.640537
2.146933
1.125821
0.665573
-0.381548
-1.236709
-1.002761
-0.316862
-0.183918
0.244888
3.720411
4.167373
1.706508
-0.066596
-0.042440
-0.163684
-0.128058
0.549763
0.141603
0.174998
1.975150
2.292059
1.847544
2.501565
3.045138
2.127302
1.648584
3.700350
4.728533
3.315641
1.951362
1.011888
0.904992
1.792751
2.756697
-0.020765
-0.471923
1.262912
2.084152
2.036581
2.873248
4.830409
4.635334
3.520178
0.791122
-0.342486
1.133010
2.601334
1.803203
1.588294
-0.062176
0.545353
2.034241
2.032032
1.830104
1.030770
0.029426
0.111688
0.558618
0.037448
0.446624
1.576618
1.399396
3.388910
4.502640
4.696393
4.438203
2.298980
-0.289182
-0.236896
1.519647
-0.077573
-0.378941
0.502030
3.525379
3.531989
3.372092
2.309779
1.176736
-0.465421
-0.881210
0.699145
4.706826
5.496734
3.087193
1.839826
1.605069
2.387064
2.426168
2.120902
1.216399
0.196416
0.103056
0.135529
-0.239724
-0.180679
0.920473
1.670998
6.440883
5.257294
3.701470
4.482300
4.309649
2.419553
2.109699
5.314438
4.845791
1.976072
0.314525
1.903937
2.455166
0.528467
-0.211388
-0.040300
0.782953
0.331651
-0.021077
0.335934
0.744772
0.868936
-0.166025
-0.336987
-0.357014
-1.769761
-0.968918
1.425881
3.491626
5.150726
6.950508
6.824914
1.967874
-0.879819
-0.619615
1.381994
2.868099
1.757135
2.716787
2.892766
1.413430
-0.028070
-0.362646
0.260074
1.239271
2.535686
1.046972
-0.004699
-1.095386
-1.392404
-0.260367
0.737510
-0.071817
-0.114914
-0.046510
-0.173659
-0.599887
-0.581336
0.086359
1.694071
1.976573
1.527639
3.105163
3.193737
1.281379
-0.055862
0.747376
3.517908
4.372998
3.187827
3.206181
3.128557
0.735472
1.039549
1.703925
0.922631
-0.187616
-0.793348
-1.201478
-0.737145
-0.264993
-0.120669
-0.109750
2.398499
3.546461
1.118359
-0.490520
-1.053799
-1.274411
-0.416231
3.064066
5.604043
4.809289
3.379243
3.095405
2.166168
0.692970
2.312282
4.121346
1.822038
-0.279769
-0.204971
2.868711
4.320463
1.805270
-0.015448
0.678440
2.359717
3.026543
2.496426
0.697122
-0.092053
0.545960
2.163962
1.330603
-0.162296
-0.299039
-0.290080
-0.513450
-0.104651
2.577300
2.994192
2.727432
-0.013766
-0.168518
0.071181
3.378984
3.017003
0.669938
2.251527
3.658218
1.073849
-0.531757
-0.880221
-0.271285
3.012156
4.689080
1.628853
-0.483397
-0.478577
-0.912662
-1.013094
-1.024832
-0.257556
1.651063
1.444603
2.006341
0.120253
1.013892
1.845822
0.554436
-0.545622
-0.014303
3.671472
3.635919
0.953594
-0.174731
-0.979201
-1.137134
-0.019837
0.072611
-0.964888
-1.154505
-0.538809
-0.177200
1.459899
1.969649
1.968748
-0.040894
0.064315
0.778161
-0.069920
0.526167
0.806326
-0.053445
-0.019204
0.609682
0.684390
-0.186066
0.121049
1.367762
1.465221
1.274231
1.608062
0.206679
0.115997
1.486995
2.265952
1.747071
2.236166
1.791316
1.758205
0.321696
0.214757
0.573463
0.956278
0.825685
1.988693
1.166167
0.381630
0.141461
1.065968
0.183291
0.158280
0.444760
0.392097
0.173195
0.504607
0.551981
0.247580
0.758247
0.250556
0.173399
0.608261
0.809946
0.834045
0.027844
0.089705
0.047207
2.371282
0.618214
1.504589
0.585701
0.132381
0.834256
0.191705
1.079023
2.044892
0.806398
0.241566
0.085567
0.117833
1.350277
1.572046
0.616864
0.445876
0.643948
0.890725
1.187019
0.747620
0.144913
0.564346
1.832087
0.386612
0.969921
1.299141
0.090652
1.306044
1.482583
1.267368
0.724506
0.158699
0.995557
0.983856
0.832646
2.015113
1.706215
1.474726
1.109122
0.120569
0.108242
0.840438
0.987138
1.986580
0.304176
0.240422
1.039382
0.213880
0.523373
0.385268
0.550409
0.146392
0.107922
0.825394
2.006023
1.544921
0.401815
1.520169
2.436581
1.853523
1.708627
1.042303
0.794807
1.020346
2.050050
1.814506
2.700250
0.531522
0.116341
1.456484
0.257375
0.305334
0.651757
1.199962
1.073037
0.224525
0.099586
1.568119
0.494978
1.094696
2.264615
1.072742
0.254697
1.029388
1.164780
1.819078
0.775774
2.178178
1.209955
1.198426
1.456035
0.679809
0.181390
0.515853
0.074135
1.155879
0.856824
0.971815
0.258564
0.125402
1.594845
0.132438
1.243163
1.437998
0.104828
0.254980
2.034491
2.209684
0.963336
0.797456
2.162595
1.149034
0.493516
1.020126
0.697501
1.741408
0.389615
0.328906
1.813384
1.579203
1.663502
0.889771
1.708167
1.020442
0.517434
1.228664
1.083386
0.514698
0.237726
1.197856
0.530109
0.204699
0.749741
0.842590
1.355499
0.784184
0.299131
1.165037
2.078293
0.555620
0.373903
0.115403
1.135663
0.775525
0.742914
1.655865
0.162980
0.582626
0.989349
0.003536
0.063762
1.149100
0.936394
0.613300
0.143401
0.722530
0.242658
1.750731
1.130990
0.184087
0.856476
2.416329
1.185000
1.171095
0.052927
0.815174
1.318209
1.184192
0.001327
0.251148
1.922748
1.004753
0.778454
1.976037
0.792500
0.621444
0.724038
0.122704
1.055471
0.066708
0.933957
1.191497
0.368699
1.406367
1.380648
0.438525
1.203406
1.026119
0.176747
0.568187
0.641442
0.236671
0.841623
1.146173
0.856386
0.515649
0.781335
0.251373
0.234417
1.681126
1.783204
1.097830
0.203337
1.336066
1.129049
0.245105
0.906070
0.709337
0.764195
1.584606
0.942778
0.548695
0.020122
0.774929
0.799104
0.592507
0.035387
0.816456
0.107453
0.693612
1.161849
1.366001
1.510401
0.043914
0.113250
1.887825
0.521442
0.730392
0.216607
1.987991
1.188445
0.920070
0.176621
1.567250
0.980544
0.589447
0.156072
0.458842
0.304606
0.245657
1.150424
0.061496
1.424529
0.329050
0.162628
0.107176
0.468397
1.424051
2.052984
0.047852
1.966889
2.380953
2.363708
0.890874
0.331847
1.248404
2.059836
0.277560
0.815074
0.388490
0.275829
0.827381
0.779279
1.295914
0.052704
1.667876
0.410780
1.786427
0.277944
0.170842
2.340955
0.568393
0.318739
2.370795
1.997718
0.243061
0.710093
1.405077
2.300549
1.033195
0.919088
0.839617
0.104513
0.901142
0.534550
1.067160
1.851698
0.086721
0.412490
0.068007
1.548485
0.938936
1.219121
1.287318
0.062588
0.872016
1.246485
0.788034
0.504735
1.748942
1.231781
1.125158
0.548770
2.044035
0.819547
0.136854
0.299719
0.379890
0.835232
0.887096
0.186626
0.749861
0.833487
0.987570
0.926994
0.560008
1.466609
2.059688
0.608028
0.322804
0.498480
1.322661
0.224542
0.033107
1.458870
0.584508
1.238924
1.668576
1.661625
0.258956
0.842787
0.133481
0.587484
0.243132
0.870372
0.248403
0.352235
0.871981
0.811812
1.619738
1.838715
0.596702
0.370319
0.983428
0.809925
0.306436
0.930359
1.223295
0.032910
2.020782
2.866259
1.739680
0.661155
1.778169
0.057943
0.166651
0.164772
1.072431
0.304317
0.609633
2.043543
0.106806
0.695180
1.766742
1.116308
0.572396
0.756598
0.361644
0.201170
1.069868
0.553851
0.510759
1.499293
0.758511
0.098223
0.241451
2.928463
1.322763
1.229197
0.461247
0.538571
0.030052
0.857825
1.476604
0.396455
0.959414
1.101720
0.799714
1.074941
0.981619
0.219598
0.815178
0.641774
0.283129
0.564097
0.980391
1.080452
0.216577
0.178609
3.065300
0.544141
1.170959
0.251181
0.209437
0.243362
1.633122
2.028170
1.459167
0.735614
1.044676
1.857770
1.336453
0.489917
0.776734
0.090062
0.034609
0.970757
1.390650
1.362215
1.238115
0.072734
0.827447
1.597250
0.667735
1.117080
0.259144
0.168902
1.459186
0.931280
0.378548
1.318799
0.729746
0.580366
0.984576
0.016009
0.846035
0.919625
0.050213
0.686924
1.977529
0.770301
0.115354
0.076725
1.326665
1.689123
0.801934
0.021871
0.165220
0.253973
1.540804
0.941129
0.526845
0.014434
1.102663
1.128924
1.291022
1.196901
0.262151
1.865647
1.280050
0.356287
0.086565
1.153160
0.654702
0.532457
1.301758
2.760713
1.406281
0.227992
0.049340
0.914423
0.449849
2.190732
0.644582
0.106638
0.258233
0.242024
1.144338
1.950779
0.510247
0.019015
1.620224
0.650701
0.379591
0.786299
2.236111
0.979040
0.365534
0.979057
1.098816
1.665035
1.379629
0.406168
1.338821
0.080923
1.015459
1.207339
1.415451
0.542028
0.667262
0.304654
0.467665
1.164602
0.886321
1.202532
0.863782
2.231800
1.810850
1.638633
1.065045
1.602414
1.853624
0.978565
2.438653
0.064898
0.104892
1.662920
1.023436
1.118232
2.117039
0.847504
0.244112
0.181602
1.933316
0.149793
0.181278
1.206132
2.753650
1.384561
1.170730
0.417672
1.468292
1.973124
1.002218
0.689804
0.634699
1.466668
0.493850
0.054523
1.181958
1.587816
1.819043
1.809189
0.199946
1.177106
1.373756
1.268073
0.494995
0.340445
0.636823
2.790161
0.462968
0.322433
0.979354
1.799310
1.242401
0.152972
1.647185
1.479183
1.418744
0.219532
0.257115
0.560699
1.453327
1.503790
0.866740
0.106203
1.387580
0.645755
1.397900
1.017608
1.657400
0.033097
1.894370
1.562722
1.314358
1.586034
0.864870
0.496456
1.389504
1.531503
0.792116
1.337113
0.093471
0.687723
0.175566
1.784806
1.349472
0.579779
0.497763
1.026129
0.613931
1.542189
0.829697
1.763635
1.063232
0.795588
0.218412
0.313929
1.418109
1.149739
1.476140
0.038791
0.490008
0.611812
0.974976
0.500924
0.508015
1.374382
1.039838
0.172635
0.359990
0.044508
1.581418
0.990945
0.248271
0.292400
1.098389
1.670193
0.999483
0.521844
0.254452
1.615677
0.698819
0.584703
0.283961
1.043156
0.091009
0.118771
0.273039
0.408474
0.955561
0.243500
0.109542
0.606685
0.435428
0.358800
0.471610
0.131524
0.100215
0.039311
1.157043
0.528998
0.128137
-0.123302
-0.083148
-0.107545
-0.052842
-0.023287
0.123615
0.010325
-0.005008
0.627472
0.344597
1.557147
0.589465
0.784793
-0.034973
-0.104315
-0.109129
-0.113851
-0.121589
-0.049714
-0.057751
-0.051405
-0.057120
-0.103033
-0.105087
-0.104052
-0.099955
-0.095852
0.038807
0.075924
0.323737
0.291835
-0.041489
0.537301
0.217681
1.400709
0.548588
0.335988
-0.016795
-0.071140
-0.089414
-0.097543
-0.071446
-0.022720
-0.030603
-0.042884
-0.084303
-0.093334
-0.105243
-0.118214
-0.106817
-0.020834
0.185139
0.362200
0.009912
-0.053054
-0.065138
0.238505
-0.030017
0.313732
-0.040197
-0.014381
-0.060003
-0.074103
-0.089803
-0.083283
-0.037827
-0.055995
-0.036697
-0.098685
-0.066073
-0.010283
-0.052526
-0.059004
-0.061427
0.370739
-0.055378
0.160702
-0.016642
-0.049989
0.137677
0.330907
-0.034986
0.192560
-0.017393
0.083174
0.110086
-0.041628
-0.032809
-0.003877
0.144025
-0.007791
-0.040999
-0.083539
-0.015161
-0.002980
-0.046554
0.079327
0.064244
0.694052
0.074599
-0.075753
0.101032
-0.021035
0.172940
0.559053
0.068862
0.013500
0.266622
0.156746
0.452105
-0.003196
0.417361
0.204499
0.819956
0.229018
0.344061
-0.023432
0.189772
0.454508
-0.026088
0.049119
0.583134
0.244125
0.157533
-0.076186
-0.008000
-0.040044
-0.006533
0.448920
0.294881
0.441084
0.447885
0.430108
0.649311
0.376413
0.922139
0.097707
1.008936
0.116136
0.800150
0.416238
0.437820
0.788229
-0.000009
0.188877
0.639160
0.344792
0.029990
-0.053677
-0.052735
-0.075105
-0.083033
0.344475
0.615316
0.397462
0.187586
0.010890
0.623712
0.746449
1.365882
0.403946
0.316352
0.234338
0.438120
0.379710
1.013990
0.892751
0.846393
0.416225
0.184646
0.673821
-0.066700
-0.092273
-0.090731
-0.074554
-0.075957
0.126751
1.052196
0.324927
0.409844
-0.021893
0.448689
0.774967
0.577953
0.160807
-0.021985
-0.032566
0.390317
-0.043733
0.740862
0.946496
-0.025215
0.575504
0.441925
0.511598
-0.022166
-0.107195
-0.089635
-0.013610
-0.061610
0.334305
0.800702
0.276877
0.607848
0.006384
-0.004381
0.314915
0.219474
-0.006427
-0.064498
-0.107792
-0.011841
-0.064388
-0.051844
0.499421
-0.014208
0.097426
0.695102
-0.004640
0.211596
-0.111477
-0.096533
0.239408
-0.011806
0.591559
0.333320
0.247253
-0.004347
-0.007572
0.059834
0.580893
0.060996
0.747727
0.368475
0.707213
0.189440
-0.015315
0.130817
0.226264
-0.010958
-0.053769
0.496825
-0.007899
-0.066825
-0.111846
-0.068947
0.334991
-0.000337
0.411584
-0.046968
-0.091968
-0.060545
0.157732
0.293466
0.559264
0.292693
1.343322
0.250398
1.397654
0.256123
0.071072
0.456049
-0.016589
0.325562
-0.059438
-0.084556
-0.086766
-0.104591
-0.109975
-0.070521
-0.003491
0.068953
-0.033701
-0.039311
0.031215
-0.015725
0.571191
0.139462
0.576763
0.276818
0.730561
0.689318
0.482900
0.017403
-0.058248
0.066282
-0.042615
-0.078610
0.122524
0.379151
0.161747
-0.024995
-0.071255
-0.072268
-0.063472
-0.007190
-0.031539
-0.035141
0.444396
-0.005922
1.232560
0.096099
0.095456
0.063947
-0.076543
0.034023
-0.088159
0.052502
-0.037519
-0.017161
-0.071858
-0.097659
0.315305
0.890572
0.470408
0.097398
-0.030405
-0.065753
-0.079711
-0.038332
-0.024527
0.017743
0.329600
0.449904
0.624289
0.439007
0.099568
0.043222
-0.059648
-0.065653
-0.060918
1.133420
0.234953
1.130408
0.141781
-0.060290
0.378179
0.416593
0.234612
-0.035522
-0.028194
-0.093685
-0.061295
-0.071814
0.072244
-0.067437
-0.002224
0.120446
0.033430
0.676610
-0.025822
-0.003109
-0.093889
-0.092413
0.094935
1.192915
1.189954
1.124237
0.527887
-0.027192
-0.080494
-0.058847
-0.010333
-0.068171
0.044756
-0.090586
-0.085433
-0.043235
0.275873
-0.012311
-0.031314
-0.015458
0.024233
0.828497
0.232333
0.540225
-0.040327
-0.024202
0.249570
0.310095
1.535070
0.340689
0.673062
-0.078098
-0.099813
-0.077504
0.173091
-0.065284
0.228067
-0.064198
0.083554
0.388513
0.211115
0.119883
-0.081761
-0.072229
0.449859
0.746488
0.800762
1.149602
-0.025755
0.387955
-0.016178
0.225010
0.766674
0.241143
0.032816
-0.098443
-0.079543
-0.032195
-0.002692
-0.026746
-0.026010
-0.055085
0.332488
0.374541
0.598593
0.201607
0.037008
-0.028301
0.875545
0.451116
0.905928
0.635379
-0.000832
0.086430
-0.044615
0.306524
0.147584
0.452866
-0.078465
-0.114134
0.199084
0.422019
0.056613
-0.024854
-0.010905
0.026215
0.255743
-0.020989
0.259028
0.142276
0.536168
0.255424
0.901721
0.287379
0.307053
0.031315
-0.055733
-0.035932
-0.004483
0.192638
0.290710
-0.023565
-0.053795
-0.096344
0.400116
0.192339
0.332911
0.010091
-0.049553
0.312233
0.131367
-0.039552
0.205866
0.237573
0.285446
0.284079
0.356180
0.200242
-0.008338
-0.038144
-0.093708
-0.024094
-0.023001
0.102957
-0.005660
-0.010185
-0.043921
-0.060681
0.183480
-0.015284
-0.039523
-0.011984
-0.037710
0.179524
-0.026020
0.113419
-0.060783
-0.066517
-0.016552
0.226861
0.203443
0.342118
-0.042895
-0.058580
-0.079996
-0.040024
-0.055717
-0.037459
-0.038119
0.391410
-0.028103
-0.037925
-0.100839
-0.100945
-0.084111
-0.086905
-0.100226
-0.018479
-0.059117
-0.058773
-0.026326
-0.025356
-0.000343
0.476130
-0.013302
0.295717
-0.077137
-0.097299
-0.039051
-0.012176
-0.017778
0.093266
-0.009143
0.261423
-0.017365
-0.040186
-0.085892
-0.074657
-0.103982
-0.092150
-0.097813
-0.033228
-0.030575
-0.016638
0.452224
-0.002095
0.435092
0.589010
-0.037757
0.103349
-0.086460
-0.065144
-0.029859
0.414724
-0.003510
0.515126
-0.028681
0.141108
-0.003738
-0.092777
-0.111521
-0.011270
-0.067860
-0.055669
-0.072748
0.033007
-0.010213
0.047912
0.926750
0.093429
0.843787
-0.001432
-0.004024
-0.014740
-0.011426
0.212782
0.416901
0.797466
0.056047
0.319042
-0.048202
-0.064748
-0.099888
-0.118888
-0.080070
-0.032686
-0.047175
-0.041463
-0.047375
-0.011683
-0.007843
-0.043231
0.475680
-0.016001
0.784006
-0.064101
-0.009632
-0.034525
0.372858
0.094459
0.698593
0.070060
0.794611
-0.012587
-0.005493
0.146150
0.182483
0.150761
-0.093167
-0.014709
0.014539
-0.019641
-0.056682
-0.075631
-0.076242
-0.114913
0.083050
-0.042407
0.536690
-0.034378
-0.008875
-0.069129
0.284636
-0.011286
0.328557
-0.054970
0.891306
-0.051454
1.271720
1.079173
1.102072
0.800995
-0.061298
0.186283
-0.081860
-0.008154
-0.038057
-0.090820
0.172227
-0.062107
0.098503
-0.066327
0.267175
-0.075446
0.389355
-0.058564
0.369687
0.086369
0.419365
0.200708
1.748367
0.574206
1.552846
1.106299
1.884037
0.589132
-0.105811
0.210395
-0.083637
-0.082473
-0.058798
-0.091417
0.300712
-0.084019
0.103035
-0.101595
0.113345
-0.076538
0.188775
-0.049256
0.283571
0.126375
0.659901
0.538861
1.112885
0.350611
1.082765
0.603216
0.113191
0.103438
1.235549
0.698677
-0.410538
-0.248942
-0.032824
0.082887
-0.028268
-0.300698
0.163546
-0.136809
0.770845
0.410653
0.380032
0.250696
0.838187
1.279209
1.504371
1.324504
0.877232
1.949745
2.526829
1.585211
0.098148
0.960927
-0.122275
-0.169105
3.789222
4.019082
3.219142
0.995293
2.636539
3.092051
2.521047
1.930340
-0.061930
0.546294
1.294980
0.519233
-0.256854
-0.278870
-0.393576
-0.147360
-0.253358
-0.369168
-0.454847
-0.278258
-0.008301
-0.074652
0.344242
0.659041
-0.969733
-1.467405
-1.334104
-0.771113
-1.061882
-1.005749
-0.965489
-0.500902
1.068234
0.659590
-0.096558
-0.121329
2.284642
1.552752
1.685013
1.537806
0.275771
-0.304927
-0.509323
0.297058
-0.072452
1.142593
1.280721
-0.067437
-0.226936
0.197485
1.890201
1.291741
1.725599
1.232429
0.426384
-0.120181
-0.325598
-0.851757
-0.094841
0.828002
-0.424645
-0.426971
-0.268099
-0.470887
0.068508
3.643120
2.108799
-0.650892
-1.049023
-0.681432
-0.521384
-0.390924
0.504716
-0.026477
-0.596340
-0.273082
-0.561940
-0.454482
0.056785
-0.014468
0.533719
2.017028
-0.283176
-0.669782
-0.385024
-0.198906
-0.166709
-0.405383
-0.709259
-1.463575
-0.988781
-0.129914
0.320806
-0.001710
-0.017816
-0.323322
-0.629480
-0.694003
0.185181
0.436557
0.840018
-0.161324
-0.473154
-0.101796
-0.224454
-0.104821
1.420174
0.414477
-0.055960
-0.103455
-0.349386
-0.152017
0.597799
0.210400
-0.348149
-0.446125
1.351274
-0.122352
0.831913
1.145176
-0.159832
0.455662
0.329248
-0.662233
-0.739279
0.236981
4.190142
2.193342
1.930370
-0.147713
-0.628608
-0.247566
-0.403558
-0.689598
-0.209061
-0.233566
-0.167441
-0.235004
1.923558
0.526279
-0.833884
-0.132751
-0.509578
-1.122724
-0.968437
-0.397408
-0.446870
-0.592662
2.169530
0.030533
-0.580854
-0.498695
-0.028163
-0.006064
0.794998
0.447265
-0.132013
-0.479895
-0.373042
-0.484944
-0.263478
-0.162981
-0.642501
-0.446710
-0.109597
-0.487424
1.722502
1.855582
1.541811
-0.371229
-0.390861
2.204993
-0.136543
-0.296511
-0.438838
-0.065043
0.438947
1.035738
0.811792
-0.655123
-0.282317
0.465040
-0.235714
-0.477640
-0.904629
-1.528106
-0.466033
0.473083
0.062389
2.005478
-0.219934
-0.544777
-0.502374
-0.118582
-0.217437
-0.465138
-0.327449
0.166820
2.189362
1.115531
0.206899
-0.661713
-0.556027
-0.246859
-0.691215
-0.577033
-0.460487
0.771540
3.125398
6.484681
-0.107272
-1.055024
-0.934586
-0.541303
-0.106480
0.541812
-0.155985
-0.107546
-0.291592
-0.355318
-0.116776
0.030080
-0.119062
-0.028180
0.471160
2.628750
0.517650
1.261932
1.069611
-0.410055
-0.334555
-0.990057
-1.534967
-1.872977
-0.651702
1.118248
0.697291
0.363185
1.416916
-0.323328
-0.535301
-1.029692
-0.877301
-0.304019
-0.426067
-0.540428
-0.900674
-0.126603
-0.292353
-0.325504
-0.515254
-1.100015
-0.957422
-0.631579
0.279356
1.190012
2.265271
1.290167
-0.539515
-0.927276
-1.361368
-0.360448
-0.424146
-0.613994
-0.113316
0.257049
2.067916
1.015903
2.940351
1.809377
1.971916
-0.725935
-1.147524
-0.716084
0.713257
0.374232
-0.087831
-0.388488
-0.801457
-0.525827
-0.715374
-0.460309
-0.227663
-0.338901
0.533484
-0.437822
1.322158
1.600361
-0.106400
1.118542
-0.156677
-0.507967
-1.102148
-1.009034
-0.606872
-0.055620
2.049691
-0.225566
-0.765522
-0.638333
-0.357808
-0.140812
-0.594829
-0.464534
-0.081354
-0.434599
-0.620104
-0.373330
-0.171131
1.296849
0.422560
-0.176458
-0.023812
-0.870510
-1.046768
-0.565136
0.934964
1.072976
-0.013914
-0.826342
-0.534313
-0.176782
1.795727
0.196028
-0.050947
-0.350003
1.611689
3.218836
0.516863
2.175908
0.681157
0.063746
-0.815529
-0.810495
-0.244134
-0.568243
-0.220657
0.175136
0.946122
-0.167431
-0.508881
-0.735071
-0.200797
1.189291
1.366540
-0.308224
-0.570661
-0.319365
-0.095258
-0.499712
-1.156044
-1.690926
-1.312722
-1.333041
-1.555723
-1.170355
-0.594049
-0.022681
0.001453
0.979580
-0.320914
-0.940991
-0.381250
-0.309346
-0.646848
-0.488021
-0.145764
-0.720798
-1.290369
-0.764101
-0.161839
-0.413434
-0.697088
-0.612728
0.349814
0.574959
-0.110719
2.600897
5.208072
3.827893
0.432916
2.187683
0.559671
-0.552509
-0.269924
0.275068
0.137666
-0.449873
-0.414545
-0.094017
-0.432590
-0.235265
1.838168
0.425920
-0.238163
-0.535335
0.692461
0.691388
-0.205716
0.924390
0.768657
-0.795023
-1.879451
-1.270937
-0.311561
-0.477012
1.435978
-0.262028
-0.225033
-0.747661
-0.829283
-0.745803
-0.427496
-0.167861
0.039783
0.091119
-0.879031
-0.418542
-0.048365
1.216401
-0.185163
-0.478045
-0.790719
-0.554322
-1.084859
0.046294
1.059469
-0.046800
-0.211693
-0.111037
-0.151244
-0.395348
-0.383063
-0.415033
-0.099335
0.666594
0.116520
-0.485789
-0.319544
-0.413365
-0.287510
-0.822171
-0.820334
-0.115102
0.476954
0.835078
1.134905
0.456987
-0.138176
-0.714076
-0.793358
-0.379760
-0.525622
-0.318118
0.381862
0.987022
2.500863
0.248739
0.122978
-0.393188
-0.199240
0.175616
-0.251358
-0.175002
1.337429
0.864377
0.488027
-0.667188
-0.922554
-0.526541
-0.596966
-0.564864
-0.127208
1.215286
1.862169
0.680842
0.786606
-0.063079
-0.053632
-0.665135
-1.558968
-0.952524
-1.258639
-0.491867
-0.710274
-0.224204
-0.362125
-0.249183
-1.158149
-0.480419
-0.513583
0.994855
1.051602
0.278457
0.297774
0.461138
-0.341527
-0.747228
-1.313799
-0.902816
-0.701213
0.483600
0.972528
1.958717
1.827858
0.351397
0.107863
-0.350005
-0.398502
-0.479168
-0.208537
-0.488060
-0.750726
-0.513173
-0.304858
-0.167150
-0.236454
-0.083371
-0.201340
0.415225
-0.107714
-0.161779
1.393465
1.316662
0.050387
-0.046259
0.194047
-0.475630
-0.365927
-0.743897
-0.241897
-0.281420
-0.106222
-0.219808
0.285552
-0.140922
2.181781
0.719935
0.179373
-0.266401
-0.372940
-0.664186
-0.572564
-0.592036
-0.465749
0.426159
-0.377556
-0.474595
0.516684
-0.242007
-0.448189
-0.732875
-0.394740
-0.409993
-0.220350
-0.316385
-0.523040
-0.116773
0.083866
-0.527227
-0.675753
-0.375269
-0.084126
0.242405
0.741867
-0.337656
0.270120
1.348799
1.999936
0.735904
-0.353483
-0.942672
-0.753227
0.027437
2.857152
2.962449
-0.024318
0.141163
-0.517491
-0.238156
1.639122
1.527312
-0.416314
0.379017
0.958599
-0.268190
-0.632928
-0.442378
-0.562886
-0.388336
-0.279651
-0.810768
-1.135227
-0.639583
1.302435
3.133131
0.772966
-0.416858
-0.707347
-1.131131
-0.890631
-0.605582
0.105663
0.520008
-0.391541
-0.518804
-0.274989
-0.023869
-0.905539
0.459026
2.112876
0.418747
0.437968
-0.510829
-0.281389
-0.014243
2.352399
-0.065170
-0.797096
-1.386160
-0.474959
-0.083900
0.834204
2.074049
1.276804
1.628605
0.222703
-0.505886
-0.404720
-0.634147
-0.225640
-0.062510
0.871668
-0.667410
-0.685232
-0.466544
-0.498521
-0.197996
-0.175370
-0.438054
-0.105691
-0.220772
2.007164
1.674477
0.359912
0.611031
-0.468065
0.713305
-0.151551
1.263167
-0.373096
0.245676
0.392975
-0.158538
-0.005169
0.093003
-0.083978
0.862349
0.655762
-0.316778
0.688265
0.216953
-0.434169
1.305879
0.042676
0.255929
0.722847
0.044060
-0.489908
0.149665
-0.547545
0.720808
1.002089
0.321878
1.410771
0.582187
-0.039474
-0.230003
-0.907273
0.006223
0.856624
0.363296
0.118110
1.700696
-0.094828
0.183898
0.266258
0.636801
-0.450569
-0.065767
0.439063
1.589328
0.077443
-0.161330
-0.241598
-0.460296
0.071446
-1.553427
1.896519
2.047630
-0.274505
-0.253940
1.326081
0.623297
-0.060146
-0.314205
0.858503
0.453910
0.588276
-0.108604
-0.398975
1.462376
0.651754
-0.280431
-0.987438
1.490762
0.996580
0.104363
0.215872
0.199132
-0.099628
-0.258957
1.717707
0.108892
-0.076748
-0.339599
-0.303627
0.761153
0.084243
0.238127
-0.058474
1.563715
-0.233511
-0.184637
0.160624
-0.774722
1.512439
0.594013
-0.011406
0.127772
0.918422
-0.128753
-0.169186
-0.289569
0.780055
-0.046643
0.305406
0.571711
-0.030237
0.015416
0.495994
-0.117138
0.081004
1.562885
-0.196361
0.909625
0.311361
-0.017275
0.213158
0.105609
-0.342005
-0.783797
-0.033300
1.031780
0.757977
0.217193
-0.034223
0.207444
-0.231417
-0.586517
0.410253
0.574600
0.357303
1.067781
-0.216644
-0.342368
-0.060624
1.583249
1.539304
0.108493
0.317641
0.114090
-0.026238
0.057337
-0.073954
-0.226089
0.209885
0.418983
-0.391487
0.808698
-0.118616
0.216715
0.661151
0.423591
-0.684429
-0.868150
0.607818
0.306907
1.795155
0.537634
0.343718
-0.424209
1.530260
-0.158430
1.139692
0.779893
0.080196
-0.076466
0.031497
0.354658
-0.014445
0.336854
-0.236953
-0.569494
-0.353589
-0.504019
1.075833
0.086143
0.690308
0.047248
0.809944
0.248904
-0.414642
-0.546760
2.001931
1.188419
0.565335
-1.050681
2.045302
0.006111
0.678002
-0.047137
-0.309329
0.018967
0.125014
-0.500565
1.407786
-0.031655
0.021770
0.435176
-0.278549
-0.889441
1.450649
0.790019
-0.418593
0.915868
0.096849
-0.280960
-0.398593
1.536588
2.164370
0.071476
-0.200171
0.411812
-0.274763
0.483807
0.078653
-0.031525
-0.194141
0.350473
-0.210299
1.160732
-0.358123
-0.267170
1.382137
0.345612
-0.061177
0.643746
-0.604573
-0.170672
1.647215
-0.302731
0.341905
0.477262
0.308641
0.590828
-0.045348
0.073001
-0.198936
-0.209429
0.366877
0.805741
0.045517
-0.185762
0.678557
-0.277539
-0.353219
-0.562709
1.690805
0.072830
-0.329604
1.176799
0.295276
0.665947
0.374344
0.635682
-0.031732
-0.025700
0.865854
-0.083712
0.235490
0.122550
0.003863
-0.197770
-0.874295
-0.004803
2.044785
0.249343
-0.231670
0.027862
0.022286
-0.448167
-0.015794
0.722061
-0.533760
0.307015
0.943665
0.505375
-0.407654
-0.289796
0.936315
0.041992
1.100051
-0.464515
0.216799
0.565350
-0.314619
0.189943
1.185670
0.474914
0.455714
-0.102256
-0.339590
-0.111745
0.208995
0.114583
0.154834
0.250543
-0.340715
0.849200
0.196312
-0.118627
0.781583
-0.213861
-0.835475
0.291651
1.675035
0.482604
-0.266381
0.311443
0.107938
-0.204033
0.098701
0.724258
0.786783
0.176765
-0.086441
0.203297
-0.163911
0.014940
-0.263368
1.178302
0.040402
0.053206
-0.009898
-0.090186
-0.082391
0.388566
0.324597
-0.639645
-0.117104
1.178865
-0.676396
-0.878445
2.504057
-0.116449
-0.218703
0.326165
-0.496994
0.061163
0.920014
0.833121
0.040859
1.508029
0.554821
-0.147415
-0.143083
0.323357
0.342955
-0.190426
-0.289235
0.041085
1.031417
0.332459
0.021229
0.048068
0.372711
-0.005688
0.059365
0.264307
0.009894
0.428435
-0.064574
-0.228898
0.114808
1.147439
-0.915844
1.354853
1.408161
-0.075254
-0.163796
-0.497298
1.093516
0.285209
-0.602054
0.163812
0.971463
0.343176
-0.141339
-0.129756
0.542054
-0.197157
-0.528653
0.601669
0.683337
0.272375
-0.393008
-1.267436
0.163999
2.532724
-0.319459
1.340125
0.711459
-0.118759
-0.066641
-0.397616
-0.535648
2.533810
0.212526
-0.163717
0.026646
0.363323
-0.144780
-0.198971
0.168814
0.283966
0.089539
-0.353062
-0.058128
0.820581
0.170676
0.425667
0.056244
0.378891
-0.250025
-0.567975
1.078448
0.667185
-0.085987
-0.571645
-0.220662
2.084881
0.455422
0.108899
0.039234
-0.075965
-0.043015
-0.072764
0.158936
0.166544
0.382260
0.294717
0.093141
-0.131440
-0.383753
0.598273
0.501925
0.298414
-0.073893
0.371749
0.277612
0.198942
-0.086887
-0.361805
-0.441736
1.255391
0.268098
0.134578
0.173469
-0.216050
0.022214
0.352447
-0.480855
-0.628566
0.854604
0.035878
0.486595
-0.195575
-0.347762
1.062079
-0.445800
-0.755857
-0.099349
0.273682
0.425979
-0.192484
0.231641
0.310949
0.238491
-0.143779
-0.104723
0.177969
0.134817
-0.104017
0.043819
0.268096
0.344664
0.320052
0.403722
0.822282
0.077754
-0.103741
-0.132370
0.542489
-0.192941
-0.224722
-0.237175
0.524753
0.920067
0.103251
0.044464
0.084235
-0.214835
-0.086618
0.291637
-0.132672
-0.027892
0.458749
-0.173419
0.196392
-0.204828
0.491575
-0.630242
1.560624
0.453927
1.283765
0.061471
-0.090242
-0.512364
0.037352
-0.446058
-0.183873
0.812077
0.279567
-0.019057
0.404707
-0.149884
-0.186324
0.867198
1.923324
0.300439
-0.506818
-0.476062
1.036066
0.865680
1.274408
0.143024
-0.647818
-0.424345
2.265768
0.141913
0.234218
-0.617498
-1.371093
0.216616
0.345439
-0.097116
-0.203196
-0.333494
0.472347
-0.685304
-0.425291
0.010138
2.225564
1.246346
-0.492279
-0.999954
1.662014
1.283704
-0.152165
-0.172368
0.383170
-0.239531
1.333027
-0.170333
0.290882
2.029871
0.150212
-0.023651
-0.005235
-0.077875
0.001049
0.465227
-0.091613
-0.484635
0.752289
1.453169
0.226780
0.799471
0.178511
0.259594
0.191134
0.247418
-0.199224
0.835423
-0.277698
-0.315203
0.102473
-1.011577
1.829227
0.505084
-0.368950
-0.077988
-0.139075
0.182451
-0.164424
0.050406
0.583434
0.559120
-0.510798
0.383660
0.216528
0.978234
-0.261494
-0.545183
1.462648
0.370797
-0.086889
-0.038592
0.160404
0.382243
0.788381
0.889391
-0.150530
-0.166312
0.012395
0.274689
0.186590
0.073243
0.020352
-0.583286
0.375346
1.004804
-0.404058
-0.615359
1.780533
-0.049122
0.095059
-0.199493
0.892483
0.335245
0.160968
-0.392931
-0.656743
0.044721
0.489475
1.535022
-0.331868
-0.431591
0.812954
-0.518153
1.360260
0.333783
0.672951
0.062218
0.334750
0.381041
0.133837
0.353378
-0.161360
-0.653642
0.399579
-0.074681
0.587809
1.113715
-0.022571
-0.184314
0.750730
0.151872
-0.366064
0.792568
0.286488
-0.031944
0.627103
-0.663447
-0.279605
1.830212
-0.117358
-0.298418
-0.581609
1.413869
-0.074606
0.219607
0.088731
-0.280897
-0.907568
0.234193
1.490734
0.211255
0.233972
-0.340456
-0.475268
1.197827
0.154022
-0.092863
-0.265378
-0.275941
-0.749850
0.133158
-0.097638
0.575740
-0.216272
0.931547
-0.173940
-0.212260
-0.040035
0.448613
0.085437
-0.267974
-0.074536
0.040524
-0.200315
0.501565
0.277590
-0.290815
0.309685
-0.116458
-0.083160
0.062033
0.313212
0.877051
-0.443179
-0.046914
-0.058315
0.358765
0.708493
-0.229877
-0.353387
-0.177964
0.373322
-0.119194
-0.100965
-0.210226
-0.232002
-0.071909
-0.064034
-0.128994
0.886115
-0.418258
-0.075294
-0.125309
-0.012239
-0.091322
0.043590
0.338322
-0.465549
-0.038362
-0.003122
0.646886
0.516600
-0.621434
-0.279893
-0.040986
0.036126
-0.257683
-0.025194
-0.326265
-0.022895
-0.003502
-0.014968
1.327025
-0.006078
-0.631071
-0.021190
0.141900
-0.199737
0.854661
-0.132586
-0.302509
-0.254641
0.224330
0.071193
-0.065883
-0.081202
-0.398015
-0.365768
0.025972
0.010167
-0.032963
-0.119186
0.771500
-0.233782
-0.265810
-0.117284
0.726460
-0.241665
-0.221645
-0.082710
0.145538
-0.160360
1.106745
-0.415367
-0.199043
-0.191345
0.517804
-0.224519
0.074171
-0.012773
-0.445578
-0.076496
-0.114250
-0.028071
1.005755
-0.083695
-0.117498
-0.421587
-0.150423
-0.017828
0.302597
-0.194645
-0.204983
-0.041503
0.350756
-0.119360
0.753239
-0.379905
-0.371357
-0.210126
0.507931
-0.355368
-0.037620
-0.155887
-0.143680
0.437387
-0.217530
-0.044876
0.594288
-0.306918
-0.301566
-0.089267
-0.158786
0.376436
-0.218476
-0.189042
0.094870
-0.088579
0.304389
-0.184406
0.202998
1.137266
-0.405539
-0.545990
0.519077
0.229761
-0.429128
-0.150144
0.598261
-0.090076
-0.467504
-0.009855
0.802562
-0.216364
-0.488490
-0.194222
0.750831
-0.090096
-0.200115
-0.167338
0.475544
-0.146739
-0.123189
0.101142
-0.121923
0.667334
0.182172
-0.560505
0.291429
0.133486
-0.363445
-0.019381
0.543652
0.499684
-0.138987
-0.377880
1.263154
-0.466810
-0.414559
0.449429
0.558734
-0.129747
-0.116919
-0.208674
0.291653
-0.325616
0.048713
0.006995
-0.071876
0.430633
0.790787
-0.989644
0.435991
-0.171322
-0.252596
-0.123115
0.175668
0.365644
-0.403948
-0.180016
1.222697
-0.512223
-0.259923
0.106196
0.331012
-0.066080
-0.155128
0.170854
-0.210345
-0.248405
0.659081
-0.237982
0.114331
-0.092878
-0.030490
-0.309338
-0.030136
-0.165408
0.215645
0.175884
-0.246179
0.516912
-0.008155
-0.181906
0.063884
-0.276149
-0.134163
-0.118599
0.288707
-0.181556
-0.058561
-0.045615
-0.328235
-0.041148
0.434641
-0.168985
0.200927
0.179329
-0.123913
-0.456735
-0.161137
-0.130072
0.644577
-0.097553
-0.298148
0.097155
-0.087028
-0.033644
-0.071205
-0.028774
-0.063373
0.326855
0.566339
-0.279482
-0.276268
-0.146685
-0.119927
-0.036856
0.001908
0.109880
-0.216374
0.743113
-0.377077
-0.341316
-0.109481
-0.160398
0.456201
-0.179321
-0.147735
-0.066423
0.236485
-0.140342
-0.141010
0.215698
0.368120
-0.116642
-0.248756
-0.087329
-0.053879
-0.046491
-0.157459
-0.028429
0.596228
-0.121958
-0.220843
0.034671
-0.326801
-0.226542
1.231342
-0.453585
-0.020673
-0.135336
0.790662
-0.307508
-0.158049
-0.113592
-0.091675
0.739833
0.128679
-0.164976
-0.081979
-0.086646
-0.189013
0.307186
-0.124283
-0.251763
0.339912
-0.190977
-0.175385
0.174352
-0.133475
-0.272985
0.816192
-0.447285
0.538651
-0.074035
0.090220
-0.268956
-0.091450
-0.096267
0.018332
0.445990
-0.217979
-0.028732
-0.153470
-0.034722
-0.039531
0.241630
-0.337307
-0.297497
0.092647
0.852964
-0.424969
0.511948
-0.110877
-0.404392
0.869310
-0.147891
-0.271422
0.085682
-0.201800
0.109408
-0.253374
-0.144090
1.148956
-0.057482
-0.347237
0.086045
-0.228348
-0.191083
-0.125474
-0.026105
-0.029445
-0.056009
-0.202935
0.587956
-0.408563
0.548518
-0.055966
-0.420025
0.302490
-0.124820
-0.220817
0.454359
-0.256638
-0.201221
0.036184
0.517163
-0.040462
-0.391453
-0.162242
-0.001202
-0.029691
0.987404
-0.316123
0.326581
-0.230330
-0.263034
-0.109230
-0.015834
0.274930
-0.219257
0.040571
-0.414303
-0.178501
0.406774
-0.473485
0.213436
-0.159714
0.119290
-0.149799
-0.056833
-0.247949
-0.007992
-0.155545
-0.196850
-0.005088
0.297297
-0.384575
0.855392
-0.336299
-0.023326
-0.153612
0.571206
-0.128697
-0.292292
-0.040592
-0.236329
-0.063249
0.017169
-0.224429
-0.144547
-0.039421
0.014087
-0.060927
0.007200
-0.263068
-0.251655
-0.073240
-0.019232
0.037641
0.170067
1.321314
-0.316135
-0.418541
-0.164941
-0.251759
0.841586
-0.486490
-0.062010
-0.192683
-0.127061
0.475494
-0.185413
-0.190223
-0.262332
-0.000786
-0.068483
0.195666
-0.281524
-0.104600
0.258548
-0.102746
0.655945
-0.257390
-0.078189
1.300652
-0.400539
-0.005960
-0.217569
-0.069160
0.334416
-0.376524
-0.103826
-0.118347
-0.226203
0.274845
-0.211625
-0.006954
0.283836
-0.120323
-0.255040
0.027211
-0.074772
-0.018754
0.110477
-0.308659
0.872645
-0.333861
-0.109522
0.446738
-0.214575
-0.228990
-0.226884
0.294863
-0.141922
-0.212209
-0.019110
0.163719
-0.273650
0.057617
-0.080320
-0.060476
0.150689
-0.057547
-0.016549
0.000552
0.119382
-0.091413
0.600168
-0.195072
0.167605
-0.279549
-0.378759
-0.010182
-0.120290
0.205934
-0.078342
0.076611
0.431378
-0.302623
-0.154202
0.259905
-0.429474
-0.005172
0.047663
0.293990
0.250478
-0.129453
-0.123600
-0.072564
-0.065532
0.527691
-0.042447
-0.509191
0.884101
-0.160043
-0.432973
-0.101826
-0.074477
-0.015471
-0.004775
0.306352
0.242222
0.549571
-0.221408
-0.285312
-0.313590
0.078997
-0.081144
-0.039093
0.101929
0.092201
-0.098269
0.315114
-0.373925
1.189412
-0.090259
-0.366244
-0.119206
0.199621
-0.481270
-0.224202
0.116475
-0.090507
1.626074
-0.306901
-0.413331
0.831574
-0.328926
-0.259129
-0.323464
-0.034328
1.227677
-0.270075
-0.338120
-0.093338
-0.103148
1.023846
-0.373667
0.575511
-0.176718
-0.382971
0.168310
0.254187
-0.596745
0.272657
-0.118642
0.510174
1.016405
-0.783671
-0.022345
-0.051056
1.098011
-0.288830
-0.531324
0.431034
0.762460
-0.487233
-0.350431
-0.015566
-0.000004
0.412759
-0.392670
0.645403
-0.215805
-0.152061
-0.089765
0.437764
-0.345848
-0.200061
-0.256463
0.735989
-0.106936
-0.107114
-0.250755
-0.240617
3.729182
-0.489255
-1.159869
0.407605
0.918520
-0.315036
-0.627476
0.509282
-0.052207
-0.191366
-0.139619
0.033391
-0.100944
-0.025914
0.003310
0.333831
-0.399983
-0.208701
0.361546
-0.034795
-0.237675
-0.048039
0.014676
-0.105742
1.993980
-0.761835
-0.700088
0.427221
0.076127
-0.118865
-0.379542
-0.070321
-0.054167
-0.054438
0.225107
-0.195799
0.080820
-0.165791
-0.154293
1.183693
-0.457069
-0.329103
0.288212
0.711450
-0.130034
-0.182713
0.063873
-0.323513
0.730653
-0.362879
-0.698197
0.038715
-0.059779
0.262272
-0.437100
-0.027927
0.001749
-0.139579
0.061476
-0.237619
0.144286
-0.132302
-0.083835
0.487025
-0.340880
-0.122661
0.037930
0.498229
-0.302744
-0.162076
-0.008914
-0.152512
-0.003201
-0.209254
-0.127319
0.101428
0.084016
0.150497
0.003262
0.863795
0.693812
0.069788
0.023372
0.083731
0.499148
0.021781
0.130460
0.943641
0.486925
0.518806
0.040598
0.577271
0.769870
0.329262
0.287247
0.017473
0.043767
0.752205
0.650367
0.174124
0.434526
0.011188
0.190376
0.406151
0.144321
0.064178
0.189008
0.484956
0.177613
0.639831
0.347688
0.167940
0.056355
0.032003
0.058667
0.261424
0.243220
0.793330
0.005297
0.145733
0.150007
0.105074
0.027248
0.261649
0.112946
0.059610
0.040962
0.137078
0.091459
0.532119
0.186405
0.220904
0.050185
0.006825
0.078055
0.007573
0.088946
0.049414
0.203250
0.063332
0.146112
0.330368
0.164608
0.022971
0.236614
0.294394
0.021508
0.074043
0.074176
0.459705
0.078112
0.185431
0.167395
0.227944
0.000486
0.017862
0.079774
0.206001
0.232093
0.175380
0.295401
0.012191
0.585735
0.308846
0.112477
1.137716
0.408224
0.063936
0.181686
0.248229
0.093835
0.074235
0.163972
0.142242
0.037556
0.167900
0.070407
0.088517
0.259294
0.062265
0.133953
1.081117
0.837153
0.089282
0.159361
0.199273
0.285281
0.783519
0.121673
0.111530
0.046337
0.150014
0.605289
0.307613
0.151798
0.146451
0.253106
0.365050
0.210726
0.844309
0.959578
0.354648
0.641320
0.209994
0.208956
0.155401
0.115136
0.132384
0.009671
0.086530
0.537270
0.165679
0.134873
0.168570
0.229233
0.195261
0.288220
0.090853
0.090441
0.789875
0.050765
0.325069
0.145767
0.218133
0.361724
0.098827
0.554629
0.551669
0.071662
0.199201
0.147749
0.235454
0.078331
0.386489
0.111208
0.117639
0.059471
0.419766
0.103691
0.365725
0.032026
0.266462
0.867955
0.092175
0.099367
0.748209
0.104936
0.100768
0.328513
0.206684
0.097131
0.094717
0.173505
0.434466
0.010146
0.047815
0.185101
0.129725
0.092669
0.125774
0.142023
0.162147
0.072549
0.150308
0.547329
0.047043
0.361240
0.111800
0.216496
0.000141
0.201974
0.449269
0.103955
0.652392
0.192268
0.011792
0.760785
0.392342
0.177683
0.183112
1.150046
0.078341
0.139091
0.370137
0.167779
0.097282
0.490542
0.147649
0.208363
0.340416
0.300664
0.116318
0.263736
0.012006
0.041900
0.070490
0.047176
0.131259
0.630617
0.276954
0.166775
1.589849
0.928755
0.205901
0.151686
1.378595
0.920862
0.096658
0.717837
0.027664
0.125144
0.078675
0.155525
0.190419
0.031877
0.179526
0.067512
0.261879
0.002662
0.006541
0.175997
0.513653
0.150394
0.045807
0.201107
0.386002
0.155798
0.192348
0.263762
0.428801
0.155514
0.891678
0.317248
0.133837
0.340975
0.037058
0.296497
0.084089
0.340504
0.179645
0.032857
0.048458
0.026813
0.167794
0.206998
0.183399
0.001265
0.171855
0.142117
0.070169
0.569842
0.010552
0.141556
0.636364
0.056769
0.217189
0.034462
0.176817
0.184069
0.153654
0.616869
0.168181
1.262419
0.959721
0.178033
1.420501
0.320045
0.020464
0.021100
0.174909
0.229324
0.207041
1.430187
0.023284
0.302301
0.001993
0.079136
0.182423
0.273525
0.126147
0.012117
0.197526
0.099544
0.115503
0.465902
0.046528
0.027747
0.049321
0.128739
0.402360
0.046743
0.119030
0.075608
0.428359
0.063848
0.128268
0.409578
0.444799
0.101992
0.200409
0.009451
1.022398
0.030189
0.128041
0.207010
0.631453
0.057124
0.370669
0.170817
0.006510
0.297238
0.246952
0.147838
0.168401
0.192695
0.068976
0.171450
0.097451
0.095073
0.356779
0.150085
0.116426
0.084917
0.516423
0.220246
0.286050
0.711413
0.407537
0.172938
0.029967
0.948685
0.541458
0.200989
0.409776
0.313903
0.046118
0.105033
0.102204
0.145442
0.192532
0.228816
0.065593
0.109296
0.189208
0.072227
0.093971
0.197531
0.236337
0.440719
0.171505
0.008254
0.028039
0.168714
0.112212
0.426266
0.063978
0.080344
0.257350
0.927529
0.257547
0.215181
0.077621
0.047910
0.120392
0.285251
0.098645
0.139489
0.034123
0.102794
0.127236
0.455816
0.032406
0.065384
0.378186
0.098206
0.094134
0.074252
0.254834
0.566078
0.331950
0.088487
0.130472
0.124357
0.120189
0.098471
1.075431
0.050946
0.136877
0.454467
0.155790
0.091735
0.198696
0.028589
0.017705
0.120151
0.021702
0.078228
0.154004
0.144643
0.019049
0.186990
0.925846
0.190048
0.029767
0.188218
0.127110
0.139745
0.179631
0.187684
0.014610
0.092803
0.583585
0.034576
0.096698
0.030266
0.184362
0.030160
0.292929
0.005272
0.157787
0.043058
0.961646
0.106226
0.026072
0.048293
0.112757
0.069635
0.058428
0.872194
0.620162
0.621315
0.161953
0.375812
0.226122
0.127211
0.234937
0.173096
0.113652
0.179517
0.651444
0.040057
0.003315
0.219761
0.076938
0.203073
0.046866
0.086188
0.075755
0.065568
0.140325
0.186821
0.672226
0.218700
0.121952
0.085479
1.204674
0.100690
0.445272
0.570594
0.052157
0.038463
0.083205
0.128505
0.244965
0.225412
0.910404
0.061843
0.019594
0.173323
0.195558
0.012403
0.181109
0.002021
0.092259
0.086283
0.212067
0.146143
0.015110
0.115914
0.130152
0.079490
0.260330
0.057366
0.495841
0.327236
0.775373
0.328796
0.109259
0.200588
0.054500
0.355087
0.340633
0.373327
0.029620
0.157514
0.042520
0.085521
0.998570
0.165110
0.159664
0.121036
0.003529
0.005781
0.083174
0.147568
0.154411
0.088933
0.186356
0.189508
0.138952
0.036036
0.946702
0.150685
0.206617
0.042687
0.278164
0.225634
0.120204
0.063526
0.001621
0.225549
0.166174
0.097976
0.221895
0.031463
0.020172
0.269671
0.084854
0.191586
0.013079
0.368868
0.085821
0.133520
0.219388
0.204036
0.261855
0.118422
0.106879
0.124785
0.248316
0.436858
0.168548
0.014840
0.882008
0.093876
0.309559
0.115306
0.018995
0.043386
0.141241
0.944412
0.019450
0.732571
0.132206
0.328437
0.145612
0.958486
0.166742
0.389704
0.094979
0.136283
0.258488
0.158046
0.546438
0.046881
0.107292
0.392630
0.093862
0.066066
0.422286
0.058206
0.133583
0.007638
0.190563
0.500440
0.094916
0.132821
0.126147
0.000624
0.190405
0.127225
0.851483
0.065289
0.076784
0.296934
0.161146
0.011035
0.345379
0.106717
0.057888
0.182617
0.259297
0.452124
0.205860
0.164418
0.018179
0.058829
0.006693
0.173313
0.069540
0.085149
0.117642
0.218340
0.044061
0.168730
0.106636
0.039559
0.293422
0.327845
0.082781
0.054538
0.184127
0.130840
0.018231
0.413008
1.088556
0.187656
0.606161
0.057457
0.427667
0.282113
0.196404
0.172060
0.158800
0.085573
0.156006
0.110418
0.240502
0.239436
0.124870
0.358525
0.159674
0.335042
0.030455
0.221239
0.146348
0.111476
0.205042
0.453829
0.363318
0.147727
0.228897
0.167574
0.307856
0.200370
0.221311
0.046650
0.499548
0.577630
0.419667
0.963139
0.079674
1.567252
0.285513
0.218611
1.105866
1.126243
1.297823
0.131617
0.169661
0.117101
0.064959
0.165514
0.031896
1.388931
1.285322
0.906045
0.123557
0.474621
0.651983
2.280838
0.548623
1.125438
0.868278
0.262448
0.465412
2.308272
0.807765
1.381261
2.535932
1.608569
1.857226
0.410905
0.119536
0.629339
1.749208
0.156719
0.025145
2.229885
0.381500
0.008001
0.280312
0.188460
0.013605
2.436224
0.080922
0.015104
1.102256
0.047262
0.610644
1.583267
0.325541
0.371197
0.720965
0.177986
0.707754
0.470795
1.157683
0.544975
1.399204
0.166869
1.201724
3.166551
0.362690
0.159760
0.029028
1.984957
0.560448
0.041113
0.343569
0.593591
1.811925
0.194444
0.342246
1.248393
0.393059
0.110367
1.773007
0.583063
0.007630
0.019437
0.074446
0.620876
0.429150
0.586573
0.747630
2.882788
0.152608
0.082861
0.000441
0.292728
1.101173
0.657670
0.127350
0.109053
0.093928
0.048314
1.535030
3.158847
0.022033
0.028352
1.515663
0.435290
0.311730
0.645028
1.231211
0.119719
0.375553
0.234130
0.772869
1.328432
0.317142
0.111338
0.721723
0.202648
2.010149
0.939076
1.308328
1.248856
0.162569
0.224162
0.201257
1.689749
0.461093
0.314002
1.668192
0.565683
0.358784
1.334793
2.221943
0.843257
0.204072
0.037383
1.624343
0.511460
0.348497
0.134972
0.372475
0.151086
0.124187
0.682810
0.681756
0.160958
0.064729
0.114037
0.877810
2.954424
0.254920
0.162030
1.896811
1.586627
0.657882
2.068045
1.816197
0.857485
0.047904
0.052637
0.050315
0.338433
1.049609
3.112431
0.045513
0.134297
0.091377
0.049397
0.244207
0.118654
0.800781
0.923052
0.991841
0.839811
0.192209
0.222858
0.048246
0.731479
0.042064
0.342321
1.457457
1.376511
1.337289
0.617659
0.411347
0.165474
1.985629
2.825652
1.041313
0.014648
0.499513
0.326530
0.498070
0.750402
0.477360
0.547877
0.044757
0.793038
1.250069
0.387974
0.443944
0.246230
0.060119
0.759878
0.713087
1.330004
2.475261
0.885639
0.097238
0.677516
0.113694
2.503078
2.311835
0.695263
0.974352
0.056210
0.177987
0.185962
0.811007
1.036387
1.436103
0.027823
2.089558
1.944862
0.442827
0.231692
0.176584
0.119781
0.339165
1.000715
1.121317
0.137174
0.019131
0.762048
0.345923
1.091302
0.411234
0.223863
0.049970
0.187351
0.290253
0.488003
0.388344
0.823072
1.911993
0.143534
1.369984
1.994479
0.260604
0.579841
0.161107
0.053759
0.619242
1.364570
0.359301
1.172822
1.990369
0.357633
0.194998
0.393764
0.313905
0.475967
0.048057
0.185230
0.715755
0.693713
0.641723
0.133531
2.858822
0.164009
0.019878
2.593038
0.094324
0.165369
1.906359
0.312038
1.541171
1.358046
0.361979
1.068769
2.553163
0.365416
1.184138
0.776684
0.130395
2.222325
0.054384
0.891649
1.555539
0.251973
0.581251
0.181269
1.682382
0.213309
1.427871
3.470457
0.121220
0.337549
1.056901
1.456405
2.466532
0.032280
0.276952
2.703475
1.626649
0.313353
0.581644
0.182637
0.116521
0.048988
0.331960
1.705920
1.762407
0.157831
0.317745
0.126522
1.339499
0.201152
0.100610
1.967888
0.088173
0.365310
0.178841
0.882455
1.970165
0.436711
0.530242
2.284068
0.906326
0.120283
1.749347
0.067420
0.261054
0.584601
0.012773
0.976886
0.981848
0.108591
0.157345
2.160641
2.217535
0.088416
0.022703
1.863836
0.939820
0.158499
0.626593
0.627790
1.848586
0.315807
0.490265
1.463828
1.309093
0.916715
2.378152
0.905266
0.336249
0.465956
0.004221
0.731834
1.342195
0.769479
0.417515
0.116075
0.863519
0.071650
0.902806
0.668218
0.139000
0.047761
0.029904
1.408723
1.771793
0.509675
0.076110
0.051515
0.159136
0.136838
1.472148
1.532223
2.295370
0.711629
0.093848
0.194547
1.151880
0.267024
0.237633
0.191353
0.074400
0.157274
0.224261
0.842644
0.017451
0.939152
1.413889
1.136968
1.277792
0.068471
0.059236
0.151823
0.273872
0.411062
1.664355
2.689225
1.634945
0.033085
0.537098
1.317809
0.345311
1.512174
2.831590
2.421707
0.097808
0.276266
0.464955
1.671992
0.235060
0.172761
0.615796
0.342431
2.304485
1.485892
0.884700
0.743466
1.494882
0.159541
0.163983
0.018794
1.179012
0.959712
0.961882
0.517466
0.052175
0.260136
1.406253
2.488897
0.534870
0.039919
0.878499
0.005740
0.393270
1.081743
0.999270
0.355442
1.606876
1.108683
0.893234
1.001647
1.194099
0.115115
0.097810
0.474530
0.234563
0.024851
0.831430
0.026318
0.417610
0.482355
2.041280
3.791698
1.805473
0.009026
0.007171
0.208987
0.074684
2.905986
1.941424
0.187897
0.438590
0.868460
0.237817
0.101875
0.572174
1.457251
2.601502
0.005149
0.471167
0.059872
0.693181
0.207610
0.775159
2.136009
1.591587
1.881002
2.161927
2.081650
1.549016
0.317532
0.051845
1.838502
2.305594
0.234463
0.376374
1.341278
0.247846
0.336530
0.141811
1.801932
2.458164
0.573610
0.353875
0.077072
0.101771
0.426176
0.578818
0.248558
0.357006
0.170891
2.602476
3.698074
2.271695
0.307961
0.098275
0.991363
1.525666
0.249494
0.225255
3.714445
0.780552
0.328518
0.074969
1.161632
1.075422
0.841239
0.368879
0.338107
0.625361
0.816215
0.418618
0.779718
0.292722
0.412837
1.102156
2.147479
0.193928
0.778272
0.179161
0.753250
1.226051
0.425075
0.194291
2.117991
1.300943
0.367477
1.096789
2.071773
1.638837
0.152158
1.048436
1.661547
1.588322
1.908186
1.324305
1.540332
0.588253
0.382589
0.432439
2.469842
0.031867
0.510799
0.199370
0.911569
0.672419
0.683485
0.201621
2.184824
0.672010
0.354879
0.361134
1.270589
0.679448
0.160716
1.288205
0.206268
0.853721
2.888666
1.347372
0.857993
0.087424
0.663197
1.095579
2.545507
1.494568
0.102700
0.739863
0.764185
0.661109
0.388074
0.219869
1.714129
1.438389
0.163345
0.547318
1.394764
0.110211
0.471213
0.807173
0.897649
0.142284
0.118547
1.099838
0.833493
0.201483
0.607771
0.677842
1.562056
0.683634
0.386584
1.699443
1.762450
2.735936
0.365169
0.635265
0.532119
1.810087
0.361506
1.382334
1.836045
0.318319
0.658983
0.339557
0.330636
0.402675
0.143407
0.218935
0.328437
0.356597
2.852476
2.072334
0.510012
0.048331
0.239805
0.346501
0.001830
3.315998
1.517503
0.562954
0.482747
1.212172
0.658015
0.106534
2.752229
0.510724
0.759318
0.389088
0.182926
1.083436
0.013437
0.404558
0.013733
0.307192
1.104064
0.846107
0.099806
0.549982
0.008180
0.356902
0.448798
1.793074
1.455081
0.155165
1.532803
1.697753
0.524737
0.034581
3.440285
1.922528
0.125841
0.573331
0.302119
1.390707
0.769796
0.005301
0.002741
0.004134
0.001073
0.003237
0.214126
0.002659
0.015138
0.000658
0.007952
0.006600
0.009387
0.190766
0.002755
0.093725
0.008901
0.256624
0.866158
0.001558
0.004848
0.001880
0.285020
0.006928
0.018224
0.585849
0.925184
1.779180
1.926922
0.291079
1.204687
1.181973
1.841854
0.003886
0.266107
2.293225
0.682700
0.571454
1.832595
0.805429
1.205557
1.248817
1.051411
0.000698
0.598241
1.722661
1.218200
0.350016
0.276974
0.004941
1.394905
0.727332
0.035580
0.003036
0.664468
0.936630
0.075250
0.427999
1.567031
1.148293
0.004463
0.742123
0.664770
0.713840
0.554549
0.000130
0.000086
0.236527
0.116285
2.063665
0.015808
0.471084
2.141068
1.970706
0.326901
0.000846
0.087313
1.829269
1.279671
0.826964
0.540474
1.735716
0.312355
0.002157
1.955525
1.211552
0.084060
0.909871
0.481011
1.481144
0.006581
0.920270
1.777911
0.550170
0.001647
1.378551
0.427078
1.384447
0.004793
0.263169
2.241217
0.443853
0.779010
1.216804
0.850439
1.381261
0.000382
0.589957
1.469562
0.205734
1.267473
0.874232
1.405224
0.392522
1.511811
0.001185
0.000524
0.274247
1.806166
0.755772
0.396088
0.719673
1.727146
0.496572
1.448388
0.838270
1.039083
0.002385
1.453394
1.333588
0.000765
0.002127
0.697544
0.002600
0.752330
0.079357
1.602390
0.003721
0.396304
1.041876
0.752979
0.500409
0.003746
0.738145
0.859209
0.652225
0.538297
0.001661
1.185139
0.939772
0.010283
0.515651
0.278166
0.850485
0.334460
0.000282
0.351396
1.759154
0.366467
1.585492
0.526135
1.784702
0.303681
1.696097
1.676445
0.154833
0.648708
1.751559
0.006583
0.545899
0.014943
2.870436
0.004417
1.865616
0.003691
2.265612
0.000147
1.108557
0.187145
0.047147
1.325855
1.729463
0.003601
1.417670
0.686640
1.315880
1.389586
0.256334
0.920501
1.147514
1.817704
0.468874
0.006874
0.168253
1.113252
0.989841
0.359658
0.359159
1.665405
0.886190
0.485174
0.645930
0.000062
0.813339
0.604415
0.832382
1.048881
0.527080
1.259487
1.307121
0.539878
0.000778
1.555268
0.238950
1.637260
0.000489
1.944463
0.907817
1.798748
0.003375
1.981014
0.644956
0.960625
0.704366
0.205296
0.964176
0.000948
1.109311
1.808177
0.338965
0.004327
1.401440
0.680931
0.796316
0.525614
1.909124
1.026240
1.595677
0.692829
0.866470
0.103092
0.564348
0.806986
0.540676
0.680337
0.945015
0.213133
0.385157
1.031092
0.867355
1.331614
0.895590
1.053828
0.624918
1.514522
1.145649
0.003093
1.252434
1.154926
0.637978
0.985281
1.235163
0.567872
0.032574
0.465977
1.609175
0.293846
1.325634
0.007821
0.422267
1.503396
0.985072
1.842033
0.201575
1.106945
1.122479
0.003253
1.612730
0.196495
1.096043
0.999876
0.980403
1.352356
0.121110
1.135563
0.041405
1.555854
0.241243
1.249645
0.673906
0.001435
0.228128
0.861068
1.072335
0.400560
1.562307
0.701210
0.957200
0.457741
1.936932
0.000320
1.051167
0.246459
1.707055
0.662303
0.048166
0.525990
0.718291
0.359881
0.001390
0.001435
1.455062
0.008229
0.004944
0.746187
0.006701
1.882653
1.446874
0.003728
1.072012
0.767951
0.013893
0.001114
1.398228
1.262736
0.594371
1.802349
0.483976
0.969142
0.798154
1.285877
0.003993
0.683260
0.101385
0.156658
1.661426
0.321981
0.281082
1.531836
1.616271
0.134361
0.952203
1.736222
1.066134
0.933763
0.661584
0.333061
1.639753
0.717338
0.010864
1.840455
0.000469
0.982322
1.052644
0.721629
0.197622
0.666654
0.614881
1.804603
0.004126
0.996809
0.315326
0.868430
0.568892
0.020625
1.256445
1.452861
1.518509
0.004855
0.308435
0.382380
0.819659
0.965979
0.186749
0.207655
1.161683
0.003792
0.617395
0.023251
1.598354
0.301433
0.554600
1.253323
0.344837
0.180642
0.233443
1.045979
1.878513
0.485090
1.059744
0.932377
1.481054
0.000516
0.827559
1.977552
0.069912
1.155277
1.259076
0.010842
0.032700
0.120680
1.169162
1.787902
0.343661
0.444778
1.010696
0.821003
1.333567
1.289044
0.950165
0.356755
0.602388
1.144092
0.629726
0.408358
0.574568
1.317259
0.719379
1.169447
0.911457
0.457265
0.723898
0.586462
0.307642
1.063047
0.217043
1.084678
0.481429
0.371405
1.236120
0.227737
0.715160
0.351492
0.669970
0.552517
0.472364
1.082044
1.487116
0.001740
0.292111
1.254116
1.792560
0.000220
0.903050
1.143437
1.204772
1.095836
1.519770
0.261796
1.208905
1.057403
0.350260
1.630227
0.006961
0.496152
1.707236
0.005173
0.552390
0.946342
1.659726
0.000717
0.904402
0.794321
0.771746
0.820630
0.732293
0.105705
2.009786
0.433716
0.522646
0.893994
0.277006
2.089150
0.651709
0.550290
0.902711
0.302928
0.634424
0.833679
1.416707
0.003809
0.280428
1.229042
0.214724
1.003862
0.739049
1.610166
0.004150
1.631585
0.267855
1.154808
0.002465
1.700127
0.355891
0.777438
1.556262
1.361429
0.651905
0.650750
0.004367
1.590940
0.430938
1.562926
0.431343
0.246861
0.380962
1.058830
0.472150
0.439457
2.035388
0.002848
0.808529
1.300892
1.165083
0.005129
0.009070
1.749337
0.000591
0.963473
0.567309
1.100879
1.396011
0.889035
0.873565
0.750853
0.007203
0.534099
0.475309
1.033898
0.364237
1.366470
0.801760
0.007169
1.653852
0.495798
1.664300
0.425711
1.632728
0.015004
2.004829
0.725773
0.217867
0.304054
0.221298
0.709125
0.821459
1.307430
0.000723
1.568810
1.015674
0.750354
1.094526
0.840494
0.047294
0.728694
1.283736
0.624758
0.920678
1.633121
0.583966
0.095594
0.952561
0.969765
1.485441
0.515344
1.168078
1.086918
0.912681
0.301721
0.612299
0.138799
1.676296
0.347178
1.111440
1.825394
0.389234
0.120999
0.148515
0.870256
0.172627
1.805030
0.927097
0.010086
1.435786
0.745926
0.639972
1.807898
1.037238
0.349655
0.004224
1.117256
1.559050
1.193052
0.813899
1.131351
1.690639
0.020262
1.771812
1.015246
0.009154
1.326766
1.070372
0.533334
0.009904
1.105375
0.603143
0.006441
1.646760
1.062427
0.120506
0.394423
0.836434
1.298005
0.003042
0.487823
1.264807
1.474930
1.008652
0.925029
0.798982
1.049532
0.985674
0.003067
1.696356
0.195342
0.113240
1.485369
0.892413
0.333506
0.226173
2.210520
0.993088
0.046591
1.108747
0.004469
0.993491
1.106193
1.371775
0.447904
1.190582
0.863227
0.255930
0.392084
0.000955
1.448422
0.668713
0.000855
1.147554
1.485183
1.102854
0.504806
1.506705
1.563298
1.604889
1.185002
1.369560
1.179847
0.882204
0.727744
1.731649
0.477686
1.685524
0.907660
0.780356
0.801396
0.824675
1.156053
0.574020
1.357120
1.537918
1.377356
1.115136
0.858098
-0.098162
-0.087814
-0.095158
-0.094564
-0.214446
-0.091175
-0.051599
-0.071106
-0.104115
-0.085198
-0.085102
-0.101346
-0.095045
-0.112974
-0.076016
-0.107624
-0.067074
-0.077072
-0.084481
-0.084979
-0.087697
-0.086963
-0.078824
-0.104722
-0.109780
-0.201102
-0.080338
-0.114756
-0.218458
-0.080095
-0.348630
-0.078912
-0.075502
-0.122808
-0.073841
-0.101838
-0.068433
-0.103403
-0.074888
-0.152736
-0.109268
-0.144186
-0.114666
-0.066562
-0.096464
-0.112302
-0.111285
-0.133555
-0.134408
-0.238386
-0.079996
-0.314841
-0.131824
0.593117
-0.026054
-0.183490
-0.138937
-0.177332
-0.126931
-0.141623
-0.135022
-0.113128
-0.080115
-0.131039
-0.097447
-0.148658
-0.174672
-0.133433
-0.141055
-0.131920
-0.137862
-0.159692
-0.125052
-0.133280
0.394342
-0.092086
-0.090373
-0.133187
-0.161579
-0.130478
-0.126030
-0.148845
-0.123915
-0.121852
-0.125907
-0.125309
-0.156849
-0.163078
-0.125194
-0.110655
-0.111685
-0.090714
-0.121030
-0.144555
-0.153173
-0.144204
-0.102299
-0.120033
-0.103514
-0.145068
-0.100760
-0.122750
-0.218677
-0.107930
-0.107156
-0.115029
-0.069595
-0.145882
-0.136882
-0.121246
-0.151536
-0.187616
-0.122441
-0.123615
-0.116348
-0.134479
-0.180176
-0.154229
-0.171454
-0.178414
-0.114267
-0.206988
-0.179381
-0.155824
-0.151070
-0.138062
-0.243251
-0.091477
-0.253653
-0.207893
-0.166672
-0.165924
-0.146369
-0.139487
-0.118552
-0.145519
-0.134467
-0.156211
-0.178253
-0.116710
-0.136526
-0.151123
-0.140059
-0.147309
-0.098277
-0.161658
-0.125362
-0.086561
-0.142016
-0.119494
-0.140777
0.247200
-0.041625
-0.134012
-0.164573
-0.136910
-0.163108
-0.147701
-0.171542
-0.132326
-0.136091
-0.135633
-0.161671
-0.166369
-0.106366
-0.119930
-0.160842
-0.153148
-0.113554
-0.155252
-0.137878
-0.163613
-0.104324
-0.070848
-0.151313
-0.128144
-0.120468
-0.144088
-0.120718
-0.059829
-0.161496
-0.116385
-0.118633
-0.147572
-0.154971
-0.138023
-0.139581
-0.090650
-0.112191
-0.175899
-0.170679
-0.151061
-0.117910
-0.134912
-0.109679
-0.183733
-0.149957
-0.130115
-0.131340
-0.105944
-0.129459
-0.180386
-0.132937
-0.141681
-0.177527
-0.317369
-0.207151
-0.095064
-0.133147
-0.148098
-0.160221
-0.129063
-0.115559
-0.123178
-0.111807
-0.195367
-0.112552
-0.173154
-0.124505
-0.126160
-0.102463
-0.140049
-0.166240
-0.120080
-0.139894
-0.218200
-0.193397
-0.166157
-0.177268
-0.245138
-0.107240
-0.342801
-0.290271
-0.199119
-0.139861
-0.123237
-0.172046
-0.177879
-0.160684
-0.160669
-0.119408
-0.177513
-0.191024
-0.145417
-0.153577
-0.147470
-0.171013
-0.141074
-0.137984
-0.147780
-0.111056
-0.150687
-0.162789
-0.114510
0.734293
0.536112
-0.090441
-0.169168
-0.101793
-0.263034
-0.144475
-0.092960
-0.134465
-0.176546
-0.120238
-0.141675
-0.135364
-0.124997
-0.143844
-0.114969
-0.152429
-0.140593
-0.148089
-0.158960
-0.010142
0.016748
-0.076682
-0.061478
-0.106123
-0.071435
-0.075925
-0.091489
0.161460
-0.110404
-0.111748
-0.118041
-0.175711
-0.158265
-0.042667
-0.273412
-0.110024
-0.107511
-0.111032
-0.096128
-0.200976
-0.092982
-0.096519
-0.116974
-0.137398
-0.164205
-0.148239
-0.145051
-0.190717
-0.162967
-0.159600
-0.132559
-0.108879
-0.110001
-0.145652
-0.102012
-0.155043
-0.112015
0.374993
-0.062669
-0.134565
-0.135553
-0.151486
-0.060853
-0.123258
-0.155587
-0.138478
-0.136287
-0.092326
-0.157910
-0.149619
-0.159310
-0.176754
-0.144664
-0.158866
-0.151392
-0.163071
-0.109715
-0.133362
-0.264516
-0.172923
-0.149139
-0.147239
-0.158441
-0.153322
-0.097267
-0.134246
-0.153424
-0.113923
-0.142335
-0.071633
-0.177874
-0.114133
-0.128318
-0.129444
-0.183655
-0.143863
-0.105532
-0.155239
-0.127206
-0.115075
-0.119779
-0.114304
-0.204815
-0.063072
-0.338128
-0.097245
-0.230988
-0.141239
-0.148780
-0.124417
-0.145099
-0.108394
-0.153602
-0.122367
-0.203818
-0.126823
-0.129869
-0.098975
-0.084998
-0.103346
-0.081900
-0.138786
-0.155849
-0.189561
-0.122861
-0.115732
-0.161718
0.331006
-0.066445
0.128426
-0.255383
-0.172947
-0.196449
-0.097200
-0.265339
-0.127098
-0.145537
-0.138207
-0.176419
-0.142539
-0.118483
-0.169987
-0.165395
-0.112392
-0.111388
-0.128452
-0.112639
-0.173107
-0.151708
-0.125878
-0.082872
-0.104187
-0.133373
-0.116383
-0.271370
-0.042817
-0.266268
0.171380
-0.101103
-0.125433
-0.125276
-0.177486
-0.106634
-0.136593
-0.146991
-0.126649
-0.184497
-0.134885
-0.178942
-0.166435
-0.153800
-0.136455
-0.151328
-0.215367
-0.191460
-0.144929
-0.140067
-0.101043
-0.172195
0.426941
-0.017464
-0.108374
-0.131616
-0.161189
-0.114327
-0.136038
-0.115223
-0.153426
-0.136910
-0.124540
-0.154863
-0.009054
-0.114057
-0.112872
-0.136699
-0.110221
-0.144296
-0.154009
-0.134834
-0.167269
-0.132527
-0.109924
-0.149608
-0.151842
-0.173172
-0.133353
-0.093154
-0.122990
-0.139077
-0.150918
-0.119054
-0.152922
-0.148902
-0.108301
-0.146055
-0.096413
-0.177359
-0.187048
-0.159579
-0.114996
-0.120093
-0.167149
-0.140171
-0.232659
-0.170946
-0.122983
-0.133677
-0.115224
-0.141478
-0.190701
-0.151719
-0.152089
-0.103061
-0.133860
-0.145457
-0.116517
-0.114402
-0.136107
-0.127502
-0.126178
-0.143370
-0.117703
-0.126367
-0.138174
-0.095379
-0.133520
-0.158139
-0.387716
-0.061718
-0.142083
-0.137169
-0.139745
-0.101427
-0.108246
-0.071184
-0.129752
-0.104868
-0.109311
-0.139340
-0.099862
-0.132330
-0.127043
-0.133025
-0.119073
-0.136468
-0.141341
-0.142072
-0.145094
-0.098500
-0.174739
-0.105341
-0.268757
0.486789
-0.137398
-0.127514
-0.167137
-0.151828
-0.152627
-0.129609
-0.167539
-0.113120
-0.103942
-0.157623
-0.115796
-0.142080
-0.114157
-0.114842
-0.144988
-0.142157
-0.138607
-0.147747
-0.085349
-0.094997
-0.184755
-0.095077
-0.130873
0.948111
-0.131740
-0.110824
-0.162491
-0.153532
-0.132824
-0.133284
-0.187133
-0.141133
-0.172705
-0.166926
-0.123294
-0.127902
-0.144533
-0.150898
-0.161612
-0.148359
-0.117072
-0.116285
-0.097490
-0.131781
-0.182521
-0.116353
-0.163500
-0.149276
-0.087658
-0.084165
-0.147709
-0.149888
-0.092127
-0.103484
-0.081194
-0.089554
-0.127035
-0.158690
-0.153100
-0.185056
-0.162350
-0.109937
-0.126851
-0.106891
-0.168312
-0.166169
-0.159245
-0.182166
-0.123776
-0.104206
-0.159540
-0.136055
-0.097584
-0.120422
-0.122265
-0.156848
-0.113038
-0.190120
-0.132300
-0.163702
-0.119837
-0.143741
-0.101439
-0.129247
-0.126390
-0.133307
-0.227244
-0.163874
-0.143749
-0.124800
-0.172857
-0.152691
-0.119115
-0.044331
-0.176618
-0.161763
-0.124150
-0.194538
-0.159348
-0.136635
-0.069666
-0.170386
-0.126804
-0.236688
-0.062245
-0.151611
-0.108038
-0.151446
-0.114924
-0.028400
-0.087780
-0.153236
-0.174053
-0.294757
-0.212906
-0.384097
-0.166139
-0.150978
-0.222345
-0.128069
-0.160238
-0.215399
-0.166729
-0.182390
-0.145446
-0.182597
-0.149966
-0.230877
-0.112463
-0.364190
-0.142870
-0.131164
-0.144943
-0.170086
-0.118235
-0.144267
-0.117439
-0.257376
-0.083633
-0.549743
-0.127368
-0.515296
-0.193003
-0.167151
0.322874
0.109602
0.626321
0.908410
0.104921
0.387388
0.697114
0.363334
0.152134
0.303482
0.173824
0.485926
0.122779
0.034606
0.292878
0.054896
0.099613
0.263045
0.119946
0.189261
0.476405
0.515258
0.243591
-0.104468
0.736129
0.565127
0.794816
0.585957
0.267318
0.123085
0.642721
0.325346
0.211412
0.454840
0.397600
0.476241
0.379159
0.356959
0.347801
0.363704
0.149097
0.133143
0.226906
0.517875
0.535670
0.938606
0.600736
-0.248569
0.946705
0.639708
0.413334
0.063156
0.062253
0.589268
0.581337
0.703755
0.230295
0.488159
0.418279
0.158948
0.495612
0.406049
0.491511
-0.001182
-0.008810
0.383180
0.704787
0.638261
0.345984
0.299251
0.386250
-0.096185
0.651967
0.674021
0.324661
0.112060
0.666689
0.667626
0.585189
-0.000948
0.225090
0.226169
0.081100
0.407898
0.466116
0.434429
0.389906
0.254723
0.147610
0.611836
0.666686
0.446430
0.018841
0.026795
0.647400
-0.191554
0.785906
0.411406
0.468657
0.393728
0.194724
0.326234
0.037603
-0.095289
0.303066
0.401918
-0.015423
0.169923
0.593195
0.514611
0.877727
0.392927
0.235386
0.753313
0.446551
0.286884
0.296354
0.400851
0.386502
-0.156238
0.576626
0.283721
0.396754
0.612094
0.196629
0.239774
-0.027853
0.260212
0.423662
0.083056
0.240742
0.665904
0.899969
0.566024
0.415170
0.354221
0.645832
0.486709
0.166020
0.485291
0.540816
0.225662
0.297807
-0.233140
0.458106
0.469713
0.314388
0.392799
0.275425
0.278366
0.037387
0.492321
0.287489
-0.021791
0.119667
0.354567
0.560484
0.488555
0.135032
0.278304
0.303217
0.303184
0.378579
0.094905
0.817869
0.576623
0.050592
-0.216058
0.787478
0.171435
0.299913
0.432568
0.331242
0.147896
0.394604
0.156986
0.211293
-0.039435
-0.002330
0.638702
0.446399
0.363949
0.598061
0.557010
0.302436
0.112929
0.171374
0.488238
0.871062
0.708626
0.415441
-0.060321
0.528820
0.572017
0.108990
0.621920
0.598901
0.456138
0.109583
0.477064
0.378467
0.234580
0.129009
0.059238
0.348237
0.111740
0.329126
0.723369
0.375312
0.205994
0.582655
1.036868
0.671976
0.523727
1.099331
-0.084488
0.677991
0.426707
0.513383
0.413832
0.702639
0.129741
0.067416
0.360526
1.111870
0.398652
0.437159
0.610241
0.301732
0.490919
0.562798
0.649241
0.724848
-0.032285
0.987432
1.209219
0.219794
0.691799
0.323623
-0.274870
0.779149
0.476988
0.227779
0.552466
0.433244
-0.007967
-0.013106
0.611433
0.641016
0.627743
0.803377
0.620986
0.025694
0.310469
0.566242
0.633724
0.151211
0.364940
0.521615
0.398757
0.489426
0.258546
-0.071093
-0.283810
0.598877
0.354699
-0.009688
0.166978
0.902400
0.514921
0.323953
0.522891
0.356644
0.312590
0.257223
0.299936
0.153330
0.120803
0.328716
0.344938
0.534523
0.378392
0.155178
0.448105
0.100529
0.056094
0.251393
-0.155497
0.349229
0.258251
0.028810
0.327772
0.257547
0.413469
0.180542
0.390473
0.638309
0.128858
0.425254
0.338858
0.181391
0.296831
0.512369
0.109569
0.392238
0.464833
0.632104
0.338043
0.455643
0.887929
0.548287
-0.164700
0.470027
0.246419
0.558981
0.023836
0.189624
0.305695
0.510194
0.229514
0.413559
0.830424
0.533885
0.397149
0.198406
0.546177
0.452296
0.660912
0.440782
0.791801
0.807287
0.477918
0.617362
0.656849
0.537553
-0.283501
0.378654
0.517682
0.348970
0.511981
0.217445
0.636700
0.749902
0.577985
0.401036
0.710029
0.868954
0.585399
0.391382
0.400761
0.526042
0.207286
0.730408
0.585598
0.707445
0.425321
0.262346
0.651171
0.529597
-0.332629
0.399331
0.273222
0.553675
0.709471
0.787372
0.670460
0.440233
0.508155
0.142616
0.099430
0.906313
0.468414
0.186695
-0.003492
0.093407
0.410576
0.336252
0.589561
0.342777
0.710915
0.744551
0.321510
0.381883
-0.003280
0.407054
0.837593
0.588223
0.308084
0.882334
0.177957
-0.022007
0.129019
0.183881
0.131015
0.558871
0.447771
0.424431
0.333067
0.406402
0.315042
0.532838
0.529993
0.461465
0.407665
0.128699
0.507283
0.486903
-0.159293
0.688034
0.289905
0.455869
0.263843
0.209930
0.254551
0.267153
0.403800
0.571897
0.526295
0.581697
0.291683
0.307240
0.499584
0.231524
0.174506
0.289626
0.524516
0.516112
0.236304
-0.064710
0.237340
0.469161
-0.211575
0.383216
0.198671
0.529808
0.424479
0.562889
0.699843
0.408484
0.243277
0.296244
0.452549
0.198193
0.186483
0.012538
0.219725
0.536212
0.511422
0.632185
0.822682
0.343449
-0.017855
0.123994
0.642168
0.308242
-0.171920
-0.027965
0.318425
0.473900
0.223359
0.987059
0.654872
0.460995
0.212123
0.234502
0.486864
0.623738
0.022814
-0.016991
0.183027
0.573864
0.762268
0.509380
0.374318
0.170883
0.283471
0.573248
0.450505
0.447321
-0.246025
-0.028461
0.077976
0.217835
0.265519
0.622284
0.457206
0.049547
0.602814
0.269040
0.725924
0.424581
-0.090184
0.181211
0.542592
0.683857
0.455187
0.400770
0.325506
0.483869
0.701615
0.548085
0.040390
0.280262
-0.055565
0.267772
0.448139
0.150319
0.208903
0.332973
0.509150
-0.061909
0.062649
0.867884
0.574881
0.153795
-0.010733
0.444640
0.831421
0.385918
0.300878
0.269720
0.515555
0.534021
0.851185
0.186906
0.100575
0.432588
-0.086099
0.574453
0.600016
0.236635
0.244077
0.617476
0.332923
0.116015
0.286965
0.694139
0.174333
0.292775
0.205783
-0.014977
0.251210
0.359245
0.220066
0.320344
0.359584
0.586891
0.789937
0.146804
0.318497
0.719466
-0.179177
0.709254
0.540065
0.341734
0.191187
0.448596
0.326825
0.125661
0.380267
0.665423
0.140951
0.118110
0.507752
0.010526
-0.004156
0.568852
0.590022
0.588451
0.169864
0.360194
0.439175
0.329818
0.381215
0.448434
-0.298871
0.705949
0.525022
0.507476
0.338716
0.311417
0.495189
0.318916
0.393451
0.443916
0.675858
-0.002482
0.382705
0.745350
0.445898
0.462993
0.837111
0.458936
-0.015857
0.106752
0.314473
0.542122
0.157471
-0.032175
-0.054066
0.548051
0.105414
0.383762
0.631065
0.196834
0.515245
0.674395
0.133468
0.454306
0.338304
0.519469
0.590711
0.819571
0.701905
0.245084
0.595801
0.421677
0.423221
0.326400
0.386698
0.868533
0.500120
0.027329
-0.174022
0.358095
0.336197
0.036647
0.291080
0.265560
0.441350
0.502686
0.233495
0.668076
0.457165
0.402712
0.596510
0.268295
0.098709
0.094180
0.190046
0.600248
0.173027
0.278742
0.461088
0.436107
0.172484
-0.012014
-0.207848
-0.025652
-0.142941
-0.235552
-0.278032
-0.113121
-0.131389
-0.157771
-0.095716
-0.154683
-0.186115
-0.088547
-0.127788
-0.314991
-0.322765
-0.144404
-0.142659
-0.238173
-0.238547
-0.171540
-0.154384
-0.191356
-0.122689
-0.250777
-0.404098
1.321455
0.111321
1.561707
0.162982
1.041058
0.326533
-0.109625
1.638936
0.112007
0.633596
0.887830
0.938983
0.889632
0.505270
0.974098
-0.225345
2.415544
0.372721
0.499475
0.877659
0.737474
0.028914
0.838349
0.695172
0.006649
0.974322
0.268953
0.799623
0.731716
0.958084
1.447780
-0.647981
1.759533
0.604693
0.261164
-0.120673
1.293892
0.486751
0.881264
0.639596
-0.036149
0.374694
1.095609
0.562340
1.198726
-0.429772
2.618165
0.585261
0.663792
0.932842
0.671090
1.266225
0.804692
1.373381
0.389719
1.950645
-0.115350
1.503489
0.125737
1.137907
0.115818
0.786941
0.616300
-0.002751
1.886701
0.599357
1.011272
1.356581
0.554992
1.472295
-0.194774
0.062413
0.940360
0.777387
0.510736
0.855951
1.058923
0.844472
0.690214
0.875687
0.814382
0.509117
1.407790
0.669209
0.427238
0.881600
0.800261
1.191970
-0.015537
0.307407
1.519291
0.218595
1.051301
0.963503
0.608777
0.681460
-0.025635
1.738117
1.206937
0.294904
1.035659
0.587875
0.870800
1.032660
0.592900
0.389435
1.384069
-0.077890
1.803404
1.171616
0.669382
-0.007094
1.384329
0.577959
-0.198028
1.959569
1.263391
0.829840
1.195002
0.479268
0.906320
0.074833
0.791535
0.940084
1.096137
0.679847
0.785829
0.771762
0.825832
1.074713
0.820346
1.057703
0.308127
0.852666
0.732254
0.643507
1.286334
0.714015
0.729747
0.000897
0.413575
1.133092
0.964778
0.804052
1.110079
0.103523
1.400377
0.382239
0.669569
0.853082
0.760147
1.466495
0.464531
1.057113
0.525803
1.995074
0.548987
0.554327
1.328383
1.106814
0.262938
1.346020
0.593279
0.605949
1.228195
0.549254
0.010982
1.172570
0.148873
1.285432
0.623195
1.371518
-0.310239
2.310927
0.541069
0.402065
0.983126
0.514863
0.998157
0.349024
0.451083
1.394219
0.561426
0.815916
0.758453
0.918561
0.970970
1.532338
0.105826
0.830914
0.402304
1.254551
0.845360
0.692123
0.471063
0.767981
2.174851
-0.234241
0.569238
0.601913
1.090426
0.395407
0.665632
1.220399
1.152084
0.334116
1.026481
0.456926
0.801837
0.734217
1.185801
0.472307
1.293363
0.486990
1.576210
-0.179703
0.923171
0.128912
1.645752
0.530752
0.625486
1.159635
0.588134
1.290941
0.124881
1.274586
0.624783
0.449778
1.055183
1.209823
0.810862
1.120167
0.811071
0.785353
0.967368
0.373421
0.300686
1.465906
0.551837
0.746583
0.534145
1.286031
0.830069
0.676375
0.985071
0.869910
1.496001
0.365383
1.223609
0.980185
0.238542
1.182314
0.707326
0.655563
-0.406267
3.179942
0.496300
0.876073
0.642802
1.275925
1.646438
0.228386
0.712755
0.660442
1.099733
0.458813
0.479215
1.453575
0.853262
0.788046
0.667955
0.882749
0.685363
1.069645
1.155806
0.718745
0.892051
0.604750
1.769582
-0.222548
0.231121
0.705078
1.011869
0.637664
0.727543
1.008909
0.799063
1.078757
0.980900
0.721782
0.518911
0.705085
0.552610
1.102091
0.393470
1.478418
0.367964
0.475065
0.759084
1.215923
0.727665
0.720868
1.138489
0.438842
1.416910
1.040005
0.336285
1.560340
0.755235
0.808350
0.896090
0.408744
0.858605
0.779640
0.836017
0.782054
0.904868
0.455146
1.508938
0.108823
1.506977
1.110813
0.603030
0.465950
0.556100
1.229853
0.235842
0.987637
0.828153
0.735883
0.858347
0.553622
0.719263
1.259157
0.481454
0.813979
0.764077
1.265726
0.410511
0.791176
1.024710
1.011851
0.534264
0.529102
0.894417
1.429023
0.649082
1.002705
1.233995
0.536882
0.818778
0.505674
0.881099
0.524063
0.895526
0.734083
1.023760
0.294649
0.946272
0.893984
1.079584
0.689303
0.650021
1.596687
1.143759
0.720077
0.755702
-0.355898
3.294422
0.713051
1.351462
0.543477
0.775965
0.940450
1.203569
0.577957
1.322401
1.035396
0.301193
1.053698
0.246422
-0.062683
2.162853
0.541023
0.897648
0.475139
0.645265
0.166527
0.833419
0.946982
0.669665
1.615331
-0.503986
0.097822
1.514323
0.739120
0.477562
0.799104
1.213958
0.627575
0.233507
1.065932
0.417704
1.308097
1.073305
0.642091
-0.042678
0.445538
0.893478
0.189881
1.895289
0.807379
0.497297
1.212564
-0.087918
1.890395
0.655344
1.154381
0.328955
0.933373
1.018524
0.480363
0.937559
0.575790
1.550359
-0.033174
1.514942
0.521432
0.897735
1.414786
0.254339
0.494664
0.807498
1.162575
0.306267
0.659040
0.781757
0.528623
1.686930
0.026050
-0.126569
1.530379
0.469933
1.113248
0.727532
0.747294
0.873940
1.214816
0.184881
0.978316
1.030007
-0.024718
0.970073
1.624480
-0.126687
1.943265
1.045669
1.054451
0.722656
1.184042
-0.105279
1.987252
0.198288
0.736360
1.537345
-0.010203
1.037588
0.870507
0.845079
0.792525
1.240334
0.449144
1.056078
0.956346
0.629433
0.504916
1.378986
0.076719
1.247751
-0.013033
0.786707
0.945033
0.823510
0.752964
1.457799
-0.102657
0.980560
1.115122
0.975147
-0.252639
2.128602
0.018520
1.692572
0.441114
0.938108
0.559040
1.409041
0.430396
1.086277
1.013057
-0.044956
0.696189
0.434956
0.960853
0.691616
1.016989
0.393742
1.183605
0.664554
0.026920
1.712664
0.745754
0.942874
1.077155
-0.048992
0.503202
0.329653
1.335858
0.984976
0.681676
0.620954
0.394163
1.362067
1.177405
0.901052
0.844343
-0.087026
1.648998
1.125035
0.368578
0.733823
1.025360
0.795849
1.463174
-0.283906
0.321787
1.063513
1.315270
0.187705
-0.022318
1.197700
1.532387
0.545467
0.885840
1.521708
0.598400
0.459359
0.544920
0.012832
2.302785
0.811668
-0.379960
0.451441
1.005415
0.775920
1.362458
1.125122
0.600131
0.965858
1.411665
0.272245
0.878878
1.443127
0.893560
-0.088481
0.310423
0.491140
1.645776
0.516326
1.272045
0.926667
0.442061
1.411372
0.295960
-0.022088
1.444255
0.998147
-0.133346
2.061187
0.370215
0.974273
0.763728
0.855298
1.049667
0.715937
0.628442
0.828544
0.196391
2.663261
0.712823
0.611225
0.337180
-0.071729
2.124808
0.498376
1.802079
0.190188
1.130672
1.493052
0.266261
0.832825
0.247648
1.366122
0.258113
0.807770
1.403465
0.911131
-0.042084
1.707750
-0.173733
2.377481
1.108122
-0.105518
0.842251
1.421352
0.506453
0.661864
1.122494
-0.065493
1.318726
1.490304
0.276830
1.131047
0.682915
0.904702
0.667254
0.222376
0.969819
0.818243
0.415468
0.990990
0.940458
0.847494
0.401060
0.202659
0.504994
0.349663
1.200763
0.628535
1.082578
1.380010
0.058219
0.531222
1.588530
0.127806
1.353529
0.717697
0.420017
0.626322
0.925845
0.750713
0.788426
0.592198
1.003869
0.886163
0.505952
1.182534
0.648259
0.225648
1.302502
0.898803
0.571887
1.134883
0.687512
0.240184
0.952561
1.238075
0.339426
1.117000
0.383133
0.862154
1.031876
0.138552
0.181040
0.099973
0.153907
0.125159
0.029914
0.084286
0.105663
0.071104
0.034166
0.151558
0.360590
0.394256
0.317083
0.259070
0.112137
0.081650
0.173345
0.185349
0.151584
0.072554
0.059954
0.080056
0.077537
0.298467
1.840656
3.127154
2.271111
3.507915
3.770468
2.799001
2.018824
1.489717
1.960161
1.568246
1.004142
0.171528
0.111762
0.054538
0.168715
0.025953
0.147539
0.052941
0.637424
0.238069
0.230084
2.639453
3.514182
1.408153
1.585209
0.902766
1.827277
3.984209
1.214826
0.004881
0.003584
0.084938
0.206516
0.116750
1.002251
3.110314
2.727008
0.960354
0.860096
2.259247
1.958938
1.130460
1.099312
1.899776
1.308717
0.927356
0.059162
0.108161
0.118240
0.773147
2.278867
1.201223
0.282127
0.308895
0.256213
0.115959
0.843178
0.351873
0.434884
0.847355
1.159011
0.534088
1.142787
2.237998
1.290635
2.222755
2.299135
2.196618
1.576082
0.045675
0.125949
0.098655
0.066701
0.003031
0.093808
0.356317
0.307325
0.106611
0.336442
0.442760
1.838719
2.261080
1.421068
0.031646
0.688572
0.937517
0.553489
0.067878
0.034749
1.347363
0.484574
0.132340
0.085980
0.000229
0.739078
2.930286
3.964279
1.983735
0.187717
0.293778
0.026500
1.273813
0.629555
0.379053
0.705728
0.811336
1.196372
0.794884
1.914104
2.053449
0.562576
0.112599
0.102801
0.006529
0.195246
0.161029
0.020227
0.070787
0.324705
1.646473
2.432761
0.836199
0.213944
0.031964
0.954553
1.940284
2.192702
4.255283
3.250977
2.013880
0.464178
0.998697
0.165185
0.150686
0.138277
0.210539
0.314457
0.085139
0.144017
0.121881
0.150139
0.125854
0.205362
0.203810
0.336394
0.100132
1.780364
3.298805
0.376608
0.183921
0.516895
1.618098
0.217369
0.487282
1.810176
1.626185
1.752293
0.939728
0.253581
0.071780
1.036845
1.620045
0.679451
0.114684
0.234010
0.991760
1.905671
1.661123
2.095342
1.166547
1.705785
1.090858
0.981120
0.050280
0.254351
0.489426
0.440262
0.143155
1.325132
1.467626
0.668868
0.034388
0.860186
1.207626
2.058910
1.442134
0.564173
0.765463
0.914006
0.724391
0.012020
0.390522
2.079350
1.715848
0.570765
0.003036
0.905199
0.443440
0.582851
0.000474
0.519619
0.599178
0.134201
0.308199
0.229690
0.273394
0.041855
0.090010
0.025904
0.050244
1.071491
2.545711
2.563279
0.117551
0.173141
0.206681
0.240675
0.176938
0.323182
0.049787
0.169590
0.362990
1.230476
0.605544
0.790498
0.086504
0.150054
0.163124
0.176344
0.081452
0.292226
0.076417
0.127805
0.238205
0.079577
0.711658
1.472615
0.463738
0.449561
0.106535
0.147115
0.302996
0.192353
0.129194
0.054368
0.015203
0.096398
0.005817
2.126278
0.574153
0.825427
2.626205
2.726203
1.887448
1.068481
1.066986
1.312073
0.034740
0.196123
0.133526
0.050691
0.949120
0.033408
0.010106
0.839894
0.514242
0.375774
0.368077
1.825182
0.845129
0.420411
1.671512
3.069238
4.157249
3.564267
2.107854
2.114607
3.014101
2.148570
1.382266
1.764831
2.019701
0.785250
1.469149
2.214755
2.693149
2.271704
1.419231
1.992469
0.000961
0.061556
0.077694
0.806769
1.693648
1.546777
0.755475
0.060218
0.085198
0.845303
0.130833
0.188384
0.177037
1.006145
0.162147
0.498049
2.146595
2.421744
2.058858
1.096596
2.139528
2.326905
0.051608
0.097748
0.178544
2.248432
1.994112
0.033150
0.002348
0.785617
0.893638
0.061707
0.145472
0.180052
0.115219
0.149268
0.144522
0.126922
0.068088
0.924309
1.500403
0.846250
0.431692
0.059436
0.070151
0.816784
0.378849
0.064526
0.778621
2.178684
0.403302
0.096925
0.076686
0.052589
0.346380
1.579132
1.534515
0.073952
0.062493
1.703447
2.081703
0.885694
0.037700
0.115688
0.230228
0.028647
0.124176
0.311267
0.325071
0.133390
2.123997
2.958104
1.854224
0.045999
0.076308
0.479084
1.163774
0.045530
0.764414
1.280546
1.371890
0.783908
1.288222
1.455668
1.448682
0.898081
0.153180
0.658882
0.880723
1.813741
0.481728
1.545906
1.924097
0.598124
0.569412
1.693198
0.883697
0.293762
0.355103
0.039540
1.903979
2.294661
0.010958
0.070987
0.018638
2.658695
3.729500
1.332922
0.196772
0.200583
0.008032
1.782225
1.619629
0.113041
1.057076
4.856275
3.269770
0.903500
0.040416
0.142260
0.140972
0.071269
0.246576
1.514083
1.130599
0.776597
0.426827
0.092101
0.273968
0.094757
0.095239
1.318033
1.771827
1.555248
0.676161
0.005740
0.076149
0.015023
2.485334
2.125344
0.007243
0.852081
0.000859
0.031277
0.673354
2.481973
3.006983
1.359884
0.075640
0.109581
1.354104
0.071279
0.213787
0.063117
0.015423
0.180407
0.002206
1.334923
1.758420
2.378822
0.801714
0.302955
0.057270
0.056819
0.944434
2.363591
1.182361
0.488980
0.060169
0.138300
0.016795
0.069423
0.039205
0.248160
0.024717
0.002890
0.832977
2.659820
2.789513
0.740775
0.383911
0.157789
1.904302
2.241376
0.881438
0.053036
0.240092
0.427487
0.242844
0.159454
1.685539
0.580492
0.051456
0.070327
0.069473
0.038169
0.039482
0.500084
0.513209
2.025995
3.260869
1.705048
3.337253
3.058234
1.083022
0.063065
0.085301
0.196486
0.343931
0.091106
0.210042
0.252056
0.112714
0.169038
0.622422
0.683651
2.167145
3.023789
1.664196
0.043008
0.228728
0.138926
0.154353
1.208629
0.015947
0.153002
0.162341
0.182727
1.196591
1.536649
0.367347
0.056936
0.342539
0.026324
0.607301
1.354796
1.964027
1.168198
0.061102
0.106710
1.031961
1.998428
2.901364
0.775413
0.061482
0.553116
0.005592
0.537182
0.207930
0.184884
0.246143
0.345523
0.023144
1.738343
0.896608
0.617331
0.734746
1.015310
0.346539
0.116921
0.872851
2.346007
0.852283
0.859118
1.309859
0.814518
1.756851
1.479403
0.875366
0.049437
0.043853
0.368710
0.073013
0.329202
0.959222
2.678249
1.100320
0.091042
0.088990
0.212245
0.151117
1.109143
1.762484
0.078249
0.089078
1.684477
0.013194
0.248693
2.034136
1.170014
0.039953
0.458591
2.302314
1.555170
1.179622
1.162608
0.652725
0.657919
0.413065
1.073225
0.332244
0.966282
2.735032
1.776663
0.683552
1.449814
1.252462
0.770436
0.207095
0.208389
0.028477
0.218045
1.248792
1.246080
0.988518
2.669100
2.878192
2.586430
1.834681
2.253949
2.282820
1.730404
0.546102
0.067861
0.117808
1.000836
2.805511
3.150172
1.430251
1.511927
0.697145
2.200401
1.071901
0.237468
2.430439
3.025302
1.954206
0.917528
1.865355
2.783942
1.963798
2.179240
1.134692
1.184027
1.404158
2.026109
1.720388
1.624348
1.393858
1.094196
0.029639
1.221848
2.154864
2.117486
1.001368
2.297629
2.194569
2.106416
-0.144931
-0.138596
-0.138084
-0.216611
-0.161887
-0.144698
-0.170568
-0.158189
-0.142241
-0.152649
-0.148333
-0.144324
-0.178772
-0.160979
-0.116080
-0.151127
-0.132190
-0.149427
-0.154487
-0.127817
-0.180335
-0.137489
-0.120835
-0.157193
-0.121739
-0.118062
-0.068814
-0.059819
0.000188
-0.071680
-0.086498
-0.085984
-0.085166
-0.099102
-0.076715
-0.068280
-0.109545
-0.064893
-0.108758
-0.153449
-0.098294
-0.120367
-0.103092
-0.081735
-0.111665
-0.062534
-0.139308
-0.159469
-0.078639
-0.071646
-0.027498
-0.068970
-0.071466
-0.115146
-0.063533
-0.084730
-0.055079
-0.059855
-0.095174
-0.079325
-0.094078
-0.064902
-0.056164
-0.034575
-0.030341
-0.086569
-0.078101
-0.073163
-0.107503
-0.090022
-0.091801
-0.085729
-0.095027
-0.128539
-0.095388
-0.096190
-0.057670
-0.042264
-0.012322
-0.070436
-0.095911
-0.119728
-0.093710
-0.027569
-0.035764
-0.091727
-0.107681
-0.095269
-0.079083
-0.046946
-0.073709
-0.090928
-0.149726
-0.064071
-0.070102
-0.127595
-0.067554
-0.100329
-0.035561
-0.066518
-0.048856
-0.057969
-0.027503
-0.101390
-0.047425
-0.050632
-0.044393
-0.055225
-0.034689
-0.102953
-0.082856
-0.051585
-0.071793
-0.094011
-0.146028
-0.064201
-0.094881
-0.043818
-0.103648
-0.157616
-0.090091
-0.130576
-0.064680
-0.088098
-0.006956
-0.020037
-0.059966
-0.057734
-0.053328
-0.064995
-0.117937
-0.108042
-0.177900
-0.137277
-0.086657
-0.154125
-0.178014
-0.068573
-0.078432
0.006676
-0.071156
-0.080894
-0.084369
-0.104753
-0.035724
-0.104995
-0.042815
-0.111809
-0.114078
-0.124843
-0.101795
-0.070555
-0.074876
-0.087456
-0.105566
-0.010025
-0.023682
-0.032692
-0.104704
-0.061540
-0.024155
-0.035678
-0.101348
-0.034196
-0.118954
-0.117018
-0.052133
-0.134607
-0.088785
-0.121306
0.309814
-0.065570
-0.047805
-0.044979
-0.043263
-0.051635
-0.077145
-0.068723
-0.110606
-0.081580
-0.148313
-0.058263
-0.049237
-0.041805
-0.078755
-0.071175
-0.082372
-0.034437
-0.051434
-0.081652
-0.093088
-0.182124
-0.063322
-0.098153
-0.129918
-0.445373
-0.086291
-0.119466
-0.161190
-0.153253
-0.119850
-0.068901
-0.093449
-0.041261
-0.089685
-0.061442
-0.080946
-0.070138
-0.077482
-0.030450
-0.063989
-0.017247
-0.125007
-0.107236
0.013408
-0.086859
-0.097823
-0.117169
0.417264
0.059205
0.230699
-0.107651
-0.065314
0.039521
-0.018930
-0.073553
-0.067245
-0.059000
-0.085791
-0.096963
-0.102926
-0.083039
-0.038245
-0.070692
-0.098487
-0.051690
-0.059016
-0.032287
-0.089691
-0.176799
-0.131647
-0.071090
-0.074941
-0.201665
-0.046732
-0.037669
-0.079411
-0.124219
-0.132543
-0.099737
-0.058144
-0.099664
-0.094855
-0.063668
-0.074267
-0.119658
-0.065285
-0.093019
-0.068459
-0.016416
-0.103059
-0.052661
-0.067963
-0.099617
-0.097029
-0.095827
-0.032014
-0.052303
0.013273
-0.108903
-0.085169
-0.046784
-0.062914
-0.080267
-0.069717
-0.090505
-0.069567
-0.100627
-0.106653
-0.134270
-0.043711
-0.121861
-0.059682
-0.043642
-0.079376
-0.071288
-0.074540
-0.143853
-0.094260
-0.102140
-0.072097
-0.028673
-0.063370
-0.056552
-0.066161
-0.097985
-0.101880
-0.121738
-0.125023
-0.144100
-0.103092
-0.108462
-0.062204
-0.082293
-0.025824
-0.086189
-0.046062
-0.103597
-0.091345
-0.106881
-0.069632
-0.148261
-0.133037
-0.033394
-0.054934
-0.042063
-0.087173
-0.060199
-0.054277
-0.034511
-0.009823
-0.059918
-0.048923
-0.035290
-0.069170
-0.107776
-0.079175
-0.073458
-0.079135
-0.119028
-0.103412
-0.083403
-0.042859
-0.072028
-0.059297
-0.132568
-0.109894
-0.099984
-0.175420
-0.123552
-0.139607
-0.100643
-0.118183
-0.107672
-0.099013
-0.096732
-0.071481
-0.057359
-0.106930
-0.071449
-0.097629
-0.092757
-0.071453
-0.053085
-0.024739
-0.078280
-0.081199
-0.120308
-0.097388
-0.123819
-0.096194
0.008884
-0.047522
-0.006200
-0.018082
-0.043622
-0.080650
-0.090391
-0.061132
-0.064694
-0.102269
-0.113545
-0.100145
-0.078778
-0.092333
-0.053508
-0.079744
-0.151388
-0.133917
-0.143510
-0.055865
-0.072161
-0.074212
-0.092949
-0.095656
-0.117857
-0.123993
-0.097054
-0.111159
-0.178895
-0.102464
-0.084345
-0.047189
-0.061868
-0.057606
0.028744
-0.075775
-0.058709
-0.119522
-0.065909
-0.084336
-0.071330
0.077162
-0.070452
-0.046274
-0.082513
-0.017636
-0.078838
-0.101308
-0.099157
-0.073664
-0.060577
-0.038169
-0.017727
-0.007017
-0.087478
-0.094626
-0.073023
-0.114114
-0.099025
-0.119128
-0.037392
-0.079008
-0.044555
-0.080670
-0.082932
-0.093044
-0.158178
-0.051115
-0.073557
-0.080435
-0.155086
-0.094184
-0.109255
-0.056691
-0.056433
-0.078182
-0.108353
-0.156306
-0.094349
-0.058826
-0.093418
-0.095417
-0.054417
-0.046855
-0.029704
-0.132206
-0.048767
-0.114129
-0.106641
-0.089252
-0.100945
-0.062252
-0.080290
-0.106247
-0.153146
-0.082188
-0.086166
-0.075374
-0.079421
-0.098577
-0.072997
-0.053227
-0.070270
0.124976
-0.143584
-0.080976
-0.047074
-0.048691
-0.076917
-0.090584
-0.023362
-0.080921
-0.062919
-0.013605
-0.058453
-0.105364
-0.101554
-0.148159
-0.136104
-0.125635
-0.114409
-0.087279
-0.109545
-0.092312
-0.094492
-0.100129
-0.114483
-0.167041
-0.348605
-0.048729
-0.121537
-0.113223
-0.113121
-0.081632
-0.052793
-0.100975
-0.079793
-0.090424
-0.096615
-0.139601
-0.055999
-0.048442
-0.058431
-0.090758
-0.099395
-0.075955
-0.073451
-0.034832
0.149632
-0.007754
-0.123273
0.254992
0.071301
0.189858
-0.052904
-0.020138
-0.097524
-0.047126
-0.069606
-0.074380
-0.022208
-0.052975
-0.061234
-0.127925
-0.047724
-0.091478
-0.117355
-0.131643
-0.128395
-0.087246
-0.129960
-0.090065
-0.190977
-0.374780
-0.186801
-0.035567
-0.098641
-0.090558
-0.104048
-0.101620
-0.129940
-0.042750
-0.073872
-0.087972
-0.079329
-0.141904
-0.090585
-0.126667
-0.061603
-0.103754
-0.125916
-0.135293
-0.070312
-0.063268
-0.127288
-0.049285
0.216271
0.249836
0.275332
0.101202
-0.070386
-0.049402
-0.109890
-0.032937
-0.086067
-0.048289
-0.090903
-0.111705
-0.086688
-0.088217
-0.013663
-0.017455
-0.028485
-0.055445
-0.127776
-0.102850
-0.097802
-0.124595
-0.070801
-0.074473
-0.166893
-0.097060
-0.115003
-0.089956
-0.132005
-0.091411
-0.087706
-0.052369
-0.108591
0.522362
-0.126879
-0.148092
-0.065595
-0.028566
-0.054592
-0.055671
-0.113397
-0.094913
-0.145910
-0.125184
-0.084126
-0.066602
-0.063997
-0.080148
-0.074865
-0.036708
-0.101113
-0.100802
-0.086933
-0.042050
-0.068902
-0.082635
-0.138321
-0.300803
-0.631946
0.060002
-0.043806
-0.070719
-0.133827
-0.090618
-0.105044
-0.079500
-0.108041
-0.098539
-0.122207
-0.079894
-0.114644
-0.125648
-0.062962
-0.091115
-0.097101
0.185332
-0.101113
-0.119419
-0.127069
-0.082503
-0.071481
0.657468
0.391445
0.478919
-0.138959
-0.069844
-0.124768
-0.106597
-0.135250
-0.124365
-0.124823
-0.155475
-0.114321
-0.103625
-0.139881
-0.096347
-0.095145
-0.138256
-0.106229
-0.221234
-0.383718
-0.075929
-0.071931
-0.061348
-0.089471
-0.111956
-0.132646
-0.167271
-0.073004
-0.049322
-0.088993
-0.035167
-0.050078
-0.055467
-0.094564
-0.040264
-0.179054
-0.489547
1.154381
-0.252606
0.034786
-0.262767
0.744909
-0.330303
-0.232005
-0.121264
-0.139810
-0.001425
-0.229659
0.472401
-0.117084
-0.046170
-0.193647
-0.287152
0.030910
0.210314
0.185854
-0.360177
0.044305
0.213561
-0.025095
-0.535127
0.642854
-0.346431
-0.006114
-0.156983
0.840272
-0.250527
-0.357391
-0.000694
-0.290230
-0.097991
-0.201661
-0.079734
0.198200
-0.096584
-0.013354
-0.340314
-0.110486
-0.107897
-0.058325
-0.053682
0.205813
-0.305462
-0.129269
-0.184398
-0.170398
-0.240408
-0.211583
-0.364807
0.014972
-0.224380
-0.131148
-0.169526
-0.322339
-0.063909
-0.080623
-0.221838
0.125058
-0.702745
0.442584
-0.259332
-0.038264
0.415819
-0.790713
-0.133305
-0.061003
-0.094253
-0.402771
-0.087717
-0.435550
-0.087362
-0.286111
-0.249183
-0.193799
-0.131138
-0.188137
-0.086004
-0.472170
-0.054877
0.227979
0.112674
0.196012
-0.522243
0.445277
-0.336859
0.298635
1.006072
-0.647178
-0.210189
0.098758
0.673122
-0.426007
-0.220264
-0.106061
-0.280684
-0.124675
-0.431490
-0.196785
-0.232350
-0.103953
0.128203
-0.557091
-0.184207
-0.005293
-0.140807
0.172599
-0.186097
1.145815
-0.616397
-0.276582
1.127933
-0.086055
-0.260632
0.179630
-0.282404
-0.134448
-0.319929
0.178670
-0.500062
0.358424
-0.500958
-0.093884
-0.297336
-0.013330
-0.135752
-0.270056
-0.227762
0.341927
-0.354472
-0.137405
-0.306638
0.999393
-0.471163
-0.362874
1.262111
-0.467870
-0.119397
-0.106538
-0.389422
-0.008461
-0.283559
-0.049171
-0.449365
-0.021612
-0.325159
-0.146692
-0.194854
-0.207166
-0.362714
-0.032762
-0.354189
-0.126091
-0.178776
-0.074401
-0.021666
-0.312285
-0.174242
-0.198241
0.763271
-0.327953
0.133183
-0.284163
-0.169704
-0.044370
-0.219233
-0.057764
-0.152989
0.145827
-0.572534
-0.139038
-0.153248
-0.383968
-0.064569
-0.225114
-0.382096
-0.332925
-0.207077
-0.250235
0.153702
-0.355256
-0.123286
-0.364753
-0.001545
-0.267993
0.564255
-0.244042
-0.084953
-0.160691
-0.249164
-0.266247
0.223725
0.228804
-0.376403
-0.108412
-0.192882
-0.260248
-0.145986
-0.266766
-0.224698
-0.342753
-0.115736
-0.470424
0.046330
-0.184832
-0.244999
-0.142312
-0.129614
-0.413817
0.037159
-0.132864
-0.031159
-0.130805
-0.281617
-0.355406
0.497159
-0.374809
-0.102690
-0.162902
-0.104047
-0.206044
-0.207847
-0.054413
-0.348093
-0.300174
-0.180822
-0.291837
-0.171643
-0.340493
-0.226071
-0.122365
-0.142265
-0.338561
0.666432
-0.596799
-0.250366
0.031727
-0.212772
-0.559505
0.650764
-0.268820
-0.323589
-0.235604
-0.064744
-0.417969
-0.045347
0.415457
-0.612452
0.057450
-0.280124
-0.223234
-0.299708
-0.148182
-0.495944
-0.105102
-0.163121
-0.265438
0.695871
-0.556162
-0.391326
0.197614
-0.184490
-0.593757
-0.028530
-0.102983
-0.321036
-0.125601
-0.166659
-0.319886
-0.153567
0.271922
-0.493190
0.694459
-0.197002
-0.487129
-0.019467
-0.137612
-0.488183
0.594906
-0.593467
0.175645
-0.228950
-0.064107
-0.068379
-0.348505
0.036994
-0.484772
0.628690
-0.394017
-0.069486
-0.613583
-0.130250
0.002404
-0.595432
0.422373
-0.079471
0.089038
-0.162796
0.540916
0.437347
-0.837501
0.305235
0.434368
-0.420309
-0.018166
-0.100010
-0.114220
-0.586778
-0.161089
-0.030628
-0.189742
0.661888
-0.159762
0.175658
-0.536995
-0.083603
0.318078
-0.575900
-0.078462
0.076771
-0.266394
-0.106922
1.082206
1.059568
-0.810038
0.473371
-0.233971
0.167518
-0.689959
1.661235
-0.445971
-0.390400
-0.045464
-0.363980
0.010416
-0.084472
0.143986
-0.073227
-0.066044
1.178880
-0.806138
-0.010519
-0.135430
-0.102005
-0.182650
-0.234979
-0.079820
0.518447
-0.139972
-0.014096
-0.238617
-0.122830
-0.650023
0.900028
-0.439080
-0.049280
-0.208209
-0.288558
-0.233885
-0.154938
-0.156224
-0.081865
-0.344409
1.320286
-0.852264
-0.175365
-0.161700
-0.102459
-0.102914
-0.373825
-0.219064
-0.214688
-0.119538
0.475616
0.011375
-0.862833
-0.022629
-0.131482
-0.123098
-0.510333
-0.225250
0.321997
-0.480340
-0.137027
-0.016383
-0.304262
-0.384569
0.548827
-0.253081
-0.099111
-0.221616
-0.235785
-0.056564
-0.197468
-0.166579
-0.166888
-0.320228
0.739447
0.203973
-0.509645
-0.089388
-0.240165
-0.220544
-0.279749
0.500515
-0.299481
-0.343178
-0.228162
0.133298
-0.257048
-0.461044
0.231699
-0.171354
-0.137586
-0.191985
-0.292073
-0.180929
-0.043232
-0.251968
-0.080309
-0.283855
-0.078848
0.364881
-0.247077
0.361838
-0.026491
-0.298361
-0.454872
0.643246
-0.433610
-0.228559
-0.064687
-0.174388
0.013630
-0.313770
-0.189823
-0.316121
-0.036036
-0.241018
-0.182643
-0.355005
-0.119233
-0.247858
-0.149570
-0.290147
-0.176502
1.226471
-0.779448
-0.202986
0.816616
-0.228774
-0.587509
0.512044
-0.442226
-0.364536
0.045814
-0.279635
-0.246050
0.021677
-0.257261
-0.430601
0.260601
-0.112114
-0.446987
-0.180087
-0.112631
-0.355194
-0.121578
-0.222784
-0.230381
0.666742
-0.308053
-0.375869
-0.020291
-0.146729
-0.280236
0.971330
-0.297375
-0.452841
-0.055728
-0.213691
-0.142394
-0.334676
-0.119284
-0.318842
0.064960
-0.119158
-0.402090
0.023518
-0.088872
-0.213337
-0.328809
-0.204426
-0.196213
-0.017564
-0.118136
-0.243893
-0.322173
0.239215
-0.442315
1.488572
-0.188593
-0.272196
-0.080603
-0.181623
0.096272
-0.545598
-0.023173
-0.405432
0.203378
-0.206525
-0.349014
-0.023264
-0.141997
-0.024942
-0.325027
-0.306225
-0.150932
0.010518
-0.271289
-0.241825
-0.316567
0.239040
-0.409151
2.222959
-0.542079
-0.298729
-0.093456
-0.192684
-0.032095
-0.062253
-0.291431
-0.051955
-0.343962
0.159122
-0.333085
-0.207238
-0.126016
-0.006007
-0.337450
-0.454069
0.339719
-0.459580
-0.053801
-0.215856
-0.204707
-0.138635
-0.271458
1.870426
-0.343245
-0.040266
-0.228333
-0.124187
-0.076889
0.014582
-0.713743
1.398571
-0.547238
-0.073031
-0.099072
-0.015533
-0.300577
0.445823
0.380349
-0.678212
1.169449
-0.852900
-0.026438
0.437845
-0.530642
-0.049044
-0.026104
0.116864
-0.428908
0.356481
-0.103978
-0.378644
0.365046
-0.316199
-0.261005
-0.004554
-0.192941
-0.182695
-0.195632
0.560455
-0.517148
0.469931
0.349294
-0.218595
0.922524
-0.352377
-0.220740
1.838961
-0.894132
0.211851
-0.060951
0.167610
-0.581782
0.254066
0.448240
-0.568386
0.443861
-0.371619
1.158021
-0.637800
-0.252593
-0.118554
-0.342615
0.096750
-0.318767
-0.090223
-0.151525
-0.155581
0.020372
0.214987
-0.273203
1.631743
-0.726363
0.597030
-0.235635
1.030880
-0.098417
-0.449163
0.161351
-0.109050
-0.277351
-0.168249
1.014609
-0.550255
-0.227745
-0.088622
-0.123007
-0.375536
0.160701
-0.486077
0.189046
-0.419460
-0.330903
-0.023468
-0.044553
-0.078136
-0.268424
0.187336
-0.165785
0.561077
0.320454
-0.469149
-0.065957
0.231121
-0.398704
-0.106270
0.103120
-0.252819
-0.138406
-0.168070
-0.057772
-0.387037
0.244183
-0.386325
0.023455
-0.362836
-0.274503
-0.141399
-0.041255
-0.408211
-0.059409
-0.100485
0.539919
1.025510
0.321948
0.067650
0.204500
0.324122
0.125290
0.468990
0.471844
0.157664
0.006838
0.860407
0.453870
0.357345
0.220329
0.015515
0.131283
0.327643
0.481944
0.738187
0.693168
0.093397
0.162346
0.360003
0.148215
0.420513
1.783654
2.964313
0.990249
0.460684
0.802459
0.846632
0.394629
0.171008
1.259473
0.681844
0.275002
0.753269
0.259765
1.043563
0.275199
0.219692
0.556842
0.432019
1.067344
0.675936
0.467043
0.068937
0.258632
0.674646
1.613692
0.965339
0.809525
0.053094
0.353025
1.119292
0.112998
0.915002
1.769519
1.575028
0.012713
0.310017
0.028664
1.154879
0.108075
0.417407
0.511710
0.485726
0.443081
0.390022
0.073350
1.229630
0.852726
0.262931
0.989410
1.030352
2.470518
0.995870
0.972970
1.089019
0.646913
0.400936
0.767866
0.611460
0.399632
0.388498
0.248208
0.597183
0.566479
0.066196
0.418524
0.524043
1.268048
1.705906
0.702093
1.680776
1.076867
0.403806
0.063819
1.613631
0.614610
1.842770
1.848002
1.316796
0.611126
0.351564
0.255436
1.495353
1.045984
1.009796
0.417411
0.898283
0.108434
0.257245
0.057164
0.519390
0.902324
1.825574
0.221606
0.559152
1.734730
2.867472
0.525136
0.629777
0.460511
0.510646
0.803038
1.099890
1.373690
1.071103
0.428109
1.504967
0.315325
0.114153
0.578704
0.032824
0.567288
1.097468
0.887288
0.190156
0.191155
0.077426
0.489646
0.050176
0.853317
0.760812
0.144126
0.718953
0.414780
0.436068
0.552713
0.577311
1.508507
1.114449
0.635032
0.479720
1.661397
1.232690
0.513951
1.096804
1.994629
1.150454
0.872676
1.317830
1.704391
0.663961
0.344103
0.025087
0.009593
0.119300
2.254321
0.897877
1.046400
0.095517
0.427741
0.509940
0.357176
0.015603
0.207401
0.565002
2.261476
1.912583
1.498844
0.977699
1.151891
1.182451
0.742078
1.190531
2.184558
1.247630
0.855356
0.291638
1.989756
1.039720
0.631124
0.526862
0.087542
1.135570
0.682996
0.242665
0.183726
0.234339
0.198206
0.204995
0.095928
0.284446
0.361589
1.185181
1.246565
0.896756
0.589601
0.080711
0.997227
1.798720
1.057475
0.192816
2.236725
1.718239
0.125471
1.035474
0.399017
1.706124
1.856290
0.717627
0.316837
1.483365
0.150247
0.409733
0.150546
0.413287
0.116756
0.320183
0.165033
0.209814
0.536917
0.677724
1.013632
1.264520
1.432553
1.078807
1.858295
2.590285
0.867053
1.157787
0.539763
0.358519
0.494719
2.208595
1.440691
0.998174
0.098396
1.520993
1.492844
0.239627
0.012603
0.290745
0.704005
1.049899
1.490349
0.745587
1.268579
0.657577
1.393001
0.266196
1.607340
1.646635
1.065486
1.238180
0.308028
0.441375
0.626701
1.491144
0.498047
0.665141
0.936412
1.109702
1.069548
0.362556
0.910110
0.577723
1.407403
2.474923
2.000995
0.272068
0.000647
0.888985
1.129637
0.392944
0.125138
0.047080
0.531958
1.099262
1.016520
0.043090
0.021465
0.817088
1.949975
1.450089
0.325594
1.071805
0.711762
0.747379
0.895863
0.721619
1.021685
0.703576
0.173139
0.516368
0.503171
0.300835
0.801292
0.075250
0.343380
0.832795
0.195722
0.311648
0.955389
0.223560
0.167227
0.950799
2.519238
1.490462
0.042010
0.673617
0.247577
0.609340
1.120072
0.716497
0.278408
0.112424
0.385297
0.353754
0.691537
0.178056
0.644293
0.198534
1.642270
2.174924
1.276006
0.262442
1.801469
1.711919
0.024422
0.112051
0.407251
0.687655
0.031354
0.660192
0.167621
0.849731
1.088436
0.375684
0.305355
0.458603
0.601537
0.532489
1.064377
0.898887
0.528319
0.579261
0.965461
0.103068
0.865819
0.668610
1.830818
1.812804
0.580601
0.301736
0.118262
1.145994
0.589838
1.062709
0.447170
0.122289
0.854967
0.187569
0.103895
0.841325
1.774691
0.567984
0.984467
0.920296
0.192715
0.763353
1.670394
0.855930
1.115865
0.718289
0.510924
0.282885
0.591314
0.767699
0.162347
0.817464
0.858215
1.284782
0.901208
0.717273
0.007703
0.440410
1.300339
1.198077
1.134124
0.207788
0.777672
0.759187
1.364679
1.132462
1.128156
0.962008
0.292285
1.512127
0.336318
0.008080
1.143941
1.281199
1.442584
0.632054
0.408936
0.534035
0.624393
1.264946
1.107538
1.092021
0.318472
0.267518
1.451961
0.810951
1.153958
1.418128
0.003519
0.968843
0.799172
0.976272
0.655505
1.849483
0.997912
0.593141
0.203263
0.887578
1.817030
1.302724
1.128036
1.341565
1.009695
1.878736
1.991458
2.285810
0.917337
0.325015
1.286912
1.593058
0.771958
0.283487
0.248390
0.424961
1.820102
1.348590
0.082755
1.335833
1.908784
0.342981
0.039550
0.469378
0.171043
1.135677
1.540892
1.299440
0.728922
0.445426
1.167488
2.601653
1.732875
0.294580
0.229051
0.556011
0.084749
1.016651
2.187368
2.033246
1.195324
1.371436
0.113243
0.583619
2.073159
1.281248
0.297136
0.200436
0.038164
0.294361
0.859865
0.225256
0.555427
0.105967
0.322317
0.425113
0.884259
1.209818
0.063843
0.245116
0.005301
0.325662
0.387410
0.542294
0.889073
1.405765
0.402853
0.046678
0.899636
0.799196
1.004273
0.689307
0.636033
0.034426
1.460152
0.260025
0.907061
0.431167
0.222892
0.490587
1.150541
1.368616
0.176758
0.375691
0.263377
0.454330
0.706669
0.523033
0.476381
0.704219
0.390156
0.289964
1.279590
1.792566
1.677258
1.092905
1.153403
1.897534
0.570055
0.010355
1.157609
0.127834
0.093113
0.471273
0.337412
1.486108
1.547481
0.128225
0.846015
0.006412
0.590935
0.311685
0.826689
0.144968
0.121599
0.379188
0.117385
0.907682
0.129292
0.265613
0.702861
3.167256
1.639631
0.386757
1.807245
0.735417
0.099015
0.366094
0.846101
0.589794
2.021784
1.371258
1.328765
0.986799
0.970362
0.556673
1.735064
0.257423
0.156697
0.240050
0.303408
0.362236
0.229824
0.254221
0.857650
2.490198
1.307863
1.428669
0.763535
1.550419
1.260716
0.947784
0.383675
0.423025
1.856543
1.369863
0.568851
0.526236
0.880053
0.083072
1.517717
1.178440
1.106684
0.565416
0.458451
0.836260
0.036320
0.934721
0.393024
0.061730
0.191146
1.375755
0.018346
0.604498
1.323307
2.563083
1.805062
0.366201
2.078349
0.983481
0.404636
1.195579
2.121618
0.168911
1.752428
1.730668
0.811571
0.405256
0.192371
1.185979
0.673831
0.599223
0.025234
0.095161
1.466290
1.047010
1.044646
0.272330
0.020199
1.350562
1.324455
0.149320
0.385820
1.354384
1.522359
1.171201
1.166706
0.681668
1.464086
1.383655
1.208916
2.098459
0.903840
2.345438
1.074789
1.387525
1.545987
3.168428
0.484784
1.136573
2.343116
1.449512
0.348624
0.780196
1.337250
0.887610
0.649154
1.438389
1.236983
1.683031
1.261925
1.038150
-0.266718
0.421736
1.230791
-0.593224
-0.704528
-0.315395
-0.162708
-0.164467
-0.169131
0.396232
-0.566377
0.682489
-0.465778
-0.012722
-0.113534
-0.477327
-0.420479
-0.182959
-0.140679
-0.206173
-0.358193
-0.219888
-0.016438
0.006785
-0.208538
-0.436245
-0.098836
0.013357
0.199533
-0.056732
-0.571960
-0.428248
-0.249670
1.042778
0.181343
0.163322
-0.035771
-0.859751
0.193967
0.647900
-0.230643
-0.683197
-0.007408
-0.004399
-0.392491
-0.420030
-0.238071
0.157276
-0.235552
-0.205494
-0.234909
0.269365
-0.646915
-0.280619
0.405364
-0.562849
-0.878727
-0.446029
0.324691
0.066743
0.300482
-0.392177
-0.465450
-0.245137
0.386504
-0.285310
-0.522953
0.172579
-0.215071
-0.308262
-0.330617
-0.043413
-0.566400
-0.103236
-0.042555
2.073488
-0.224813
-1.267977
0.451256
1.115414
-0.673343
-0.643918
-0.348483
-0.214747
-0.046860
-0.176001
-0.473353
-0.291958
0.092022
1.003342
-0.234819
-0.862705
-0.425036
-0.214381
-0.039728
-0.090102
-0.872056
-0.835875
0.388947
-0.026942
0.441596
-0.621285
0.073003
-0.215519
-0.410004
-0.158614
-0.234188
-0.234651
-0.053764
-0.656859
-0.459842
-0.210090
-0.266298
-0.213870
0.333315
0.131818
-0.519189
-0.420460
-0.133310
0.009717
0.138782
-0.787622
1.529921
-0.200150
-0.617043
-0.145301
1.248751
0.475198
-0.741380
-0.850667
-0.228388
-0.087516
0.826173
-0.360742
-0.654028
-0.219504
-0.235992
-0.499442
-0.223414
0.618446
-0.278723
-0.667586
-0.136102
0.145166
0.092317
-0.343794
-0.684044
0.364225
-0.057258
-0.279487
-0.117325
0.479722
0.076410
-0.109290
-0.369699
-0.325263
-0.266198
-0.064199
-0.258079
-0.248683
-0.259852
-0.129712
-0.127281
-0.156688
-0.275079
-0.577564
-0.303759
0.136433
-0.254866
-0.160680
-0.288283
-0.037767
-0.456187
-0.196378
-0.289641
0.263862
-0.280504
-0.189640
-0.069758
-0.200150
-0.045273
-0.423204
-0.283427
0.009333
-0.678997
-0.468652
-0.024852
0.148890
-0.182084
-0.547693
-0.497091
0.151562
-0.445128
-0.273291
-0.227967
0.903447
-0.347795
-0.685188
-0.123708
-0.212569
-0.055640
-0.139748
-0.077387
-0.228159
0.654813
-0.013102
-0.729051
0.695196
0.090237
-0.715948
-0.177188
-0.130673
-0.176566
-0.237671
-0.526432
-0.143846
-0.526015
-0.416263
-0.091386
-0.070083
0.075791
-0.226110
-0.089531
-0.355568
-0.457610
0.003239
0.252777
-0.171110
-0.592424
0.232716
0.013917
-0.337718
0.456693
0.097581
-0.729544
-0.017558
-0.081428
-0.362748
-0.330308
-0.009339
-0.201718
-0.610384
-0.565247
-0.023043
-0.331557
-0.405387
0.016346
0.129478
-0.549627
-0.639081
-0.113383
-0.221773
-0.215420
-0.324944
-0.139621
-0.271034
-0.161094
0.498694
-0.057504
-0.360557
-0.320798
-0.470194
-0.117475
-0.168151
0.136693
0.712488
-0.476268
-0.465214
0.137595
-0.728764
0.321965
-0.050069
-0.112944
-0.750951
-0.383990
-0.363427
-0.248589
-0.069599
-0.252057
-0.310645
0.024278
-0.166340
0.067345
-0.279251
-0.075362
-0.400434
0.119126
0.030860
-0.290319
-0.181592
-0.013728
-0.103151
0.970548
-0.174309
-0.449392
-0.007761
0.832534
0.598421
-0.724347
-0.400128
-0.321368
-0.338594
-0.262560
-0.286417
-0.218154
-0.062065
-0.317257
-0.372326
-0.125442
0.081151
-0.662230
0.137915
-0.335039
-0.409399
-0.082020
-0.171849
-0.624544
-0.057481
-0.187977
0.026450
-0.570348
0.011742
0.247165
-0.172660
-0.219903
-0.149082
0.326281
-0.489804
-0.663229
-0.127678
-0.000632
-0.223331
-0.229728
1.566980
-1.500950
-0.815793
-0.413082
-0.257420
0.038081
0.468022
-0.514478
-0.732337
-0.242739
-0.130921
-0.160575
-0.145012
-0.124844
-0.290370
-0.266623
-0.427521
0.253950
0.143747
-0.489673
-0.604410
-0.236083
0.015524
-0.031602
3.188857
0.359889
-1.784823
-0.265213
-0.473240
-0.185713
0.250145
-0.275489
-0.649522
-0.263523
-0.252178
-0.302572
-0.112333
0.266623
-0.162910
-0.102282
-0.306403
-0.520241
0.080442
0.087275
-0.469095
-0.545164
-0.359288
0.304710
0.016895
0.980537
-0.164458
-0.128341
0.469012
-0.044502
0.621084
-0.068234
-0.737137
-0.398513
-0.300895
-0.111283
-0.127126
-0.218224
0.091734
-0.377113
-0.184087
-0.410723
-0.195219
0.051875
-0.082213
-0.454993
-0.646102
-0.255993
-0.072238
-0.172634
0.099547
-0.182862
1.062600
-0.267108
-0.611071
0.232967
-0.104402
-0.585020
-0.108641
-0.176824
-0.197159
-0.220049
0.311082
-0.147803
-0.126928
-0.669025
0.023030
-0.290246
-0.297049
-0.205420
-0.335125
-0.324261
-0.111915
-0.332398
-0.128645
-0.296988
-0.396849
0.052592
-0.033394
-0.203016
0.481206
-0.134587
-0.430573
-0.062651
-0.340135
-0.375270
-0.256094
-0.124980
1.108086
-0.188432
-0.719604
0.390529
-0.297534
-0.385874
-0.258655
-0.141242
0.324865
-0.464663
-0.258636
-0.447103
-0.220171
-0.116654
-0.067437
-0.483998
-0.458302
0.057568
-0.142113
-0.122959
-0.048238
-0.319829
-0.242200
-0.291027
-0.539640
0.169224
-0.013512
-0.214465
-0.337738
-0.067673
-0.593393
-0.450754
0.542844
0.129535
-0.701429
-0.324521
-0.476357
-0.134683
0.512243
-0.106545
-0.630495
-0.125627
-0.116555
-0.318173
0.038797
-0.244696
-0.200289
0.456285
-0.851182
-0.450809
0.214202
-0.027768
-0.294667
0.810768
-0.293516
-0.816132
-0.013365
0.886494
-0.226534
-0.230836
-0.391866
-0.229460
-0.079039
0.083217
-0.291329
-0.229280
0.041569
-0.315972
-0.253085
-0.065744
-0.169191
1.542253
-0.107330
-0.998992
-0.275998
-0.143802
-0.022981
-0.208893
0.047279
-0.227613
-0.200061
-0.057736
0.220130
-0.294557
-0.630181
-0.202287
-0.103964
-0.236876
-0.357419
-0.243088
-0.042323
-0.234752
-0.389168
-0.022630
-0.348671
-0.181991
0.335576
-0.139227
-0.092939
-0.359121
-0.231076
-0.066591
-0.117675
-0.270219
-0.294642
-0.213071
0.009972
-0.092163
-0.705221
-0.356944
0.122049
0.073570
-0.578214
-0.291151
-0.434058
-0.299783
-0.425464
-0.085272
-0.264255
-0.250523
-0.143813
-0.124305
-0.006969
-0.240689
-0.342532
-0.422009
0.002122
-0.019015
-0.432812
-0.057553
0.006946
-0.028788
-0.526203
-0.573694
-0.010646
1.051689
-0.067941
-0.719097
-0.141153
-0.079507
-0.275367
-0.378728
-0.030176
0.071197
-0.781786
-0.592174
-0.125749
0.053749
-0.306407
-0.266831
-0.329194
-0.112822
-0.448245
-0.148833
0.240640
-0.437885
-0.327372
-0.126350
-0.187284
-0.462903
0.286856
-0.086205
-0.124732
-0.270453
-0.088852
-0.082984
-0.468958
0.830625
-0.009547
-0.956383
-0.054009
-0.643209
-0.259376
-0.187166
-0.925642
-0.355503
-0.322239
-0.291421
0.119673
-0.440247
-0.793799
-0.404442
-0.033296
-0.386283
-0.440149
-0.010779
-0.268897
-0.632268
-0.096151
0.966543
-0.101684
-0.713499
0.233183
-0.104168
2.265883
-0.108081
-1.161868
1.610420
-0.288534
-1.244553
-0.399175
-0.335068
-0.033416
0.798580
-0.752053
-0.972133
-0.276275
0.043027
-0.236808
-0.246269
-0.153929
-0.358426
-0.419978
-0.236714
-0.108397
-0.296341
-0.153843
-0.315241
-0.520225
0.540048
-0.319628
0.435685
1.052846
-0.602204
-0.436361
-0.181327
-0.189961
-0.066750
-0.776390
-0.550434
-1.062268
0.002699
-0.393669
-0.583796
-0.329146
-0.654291
-0.885955
-0.811705
0.480043
-1.493571
-0.575125
-0.688485
-0.336680
-0.441494
-0.733869
-1.212183
-0.381753
-0.675861
-0.947559
-0.120412
-0.405338
-0.468179
-0.294524
-0.385559
-0.594520
-0.408499
-1.006341
-0.567084
0.295198
-0.855656
-0.083488
-0.924249
-0.050387
0.320281
-0.648001
-0.873625
-0.531746
-0.669052
0.239544
-0.108568
-0.397735
-0.748736
-0.606547
-0.442780
-0.279717
-0.623506
-0.242614
-0.867750
-0.068151
-0.063988
-0.435418
-0.783094
-0.565129
-0.638875
-0.592401
-0.329628
-0.824278
-0.681818
-0.731898
-0.774707
-0.247015
-0.873281
-0.645260
-0.531971
-0.569510
-0.912123
-0.769222
-0.451277
-0.287381
-1.012997
-0.848303
-1.013979
-0.458180
-0.620611
-0.628517
-0.246902
-1.179337
-0.704355
-0.910625
-0.814804
-0.857055
-0.480579
-0.914472
-0.702300
-0.345464
-0.733759
-0.459373
-0.439329
-0.820570
-0.653147
-0.364074
-0.534889
0.386687
-0.539705
0.533991
-0.339645
-0.648902
-0.618520
-0.953815
-0.053713
-0.465906
-0.917725
0.626060
-0.928304
-0.471728
-0.438289
-0.945395
-1.139466
-0.524699
-0.567091
-0.781175
-0.085019
-0.947884
-1.035299
-0.842375
-0.637285
-0.404277
-1.590669
-0.529005
-0.176400
-0.969931
-0.074427
-0.973930
-0.562809
-0.314056
-1.617463
-0.594139
-0.743969
-0.602886
-0.300100
-0.378415
-0.371363
-1.044667
-0.545835
-0.769613
-1.119180
-0.262587
-1.040616
-0.555902
-0.154801
-0.253143
-1.193228
-0.511822
-0.432166
-0.910341
-0.746518
-1.163636
-0.432351
-0.174483
-0.599100
-1.015833
-0.892909
-0.903610
-0.631296
-0.956627
0.100342
-0.549486
-0.658388
-0.371009
-0.652089
-0.642861
-0.706285
-1.266111
-0.486411
0.358598
-1.030053
-0.906159
-0.856557
-0.122729
-0.047223
-0.653050
-0.545664
-1.293855
-0.420337
-0.326889
-0.104598
-0.752362
-0.324593
-0.069591
-0.635392
-0.764812
-0.673534
-0.477165
-0.378320
-0.643158
-0.786427
-1.109916
-0.824308
0.105807
-0.473160
-0.462277
-0.559809
-1.155796
-1.337022
-0.535125
-0.022306
-1.253893
-0.797994
-0.645116
-0.565581
-0.442580
-0.411362
-0.961033
-0.253321
-0.821635
-0.718112
-0.694815
-0.334508
-1.274822
0.517700
-0.527809
-0.529133
0.850215
-1.250064
-0.815779
-0.000745
-0.585387
-0.368105
-1.124745
-0.446318
-0.775688
-0.235500
-0.632394
-0.772863
-0.450331
-0.712949
0.508771
-1.598407
-0.465670
-0.717823
-1.086419
-0.096943
-0.678630
-1.243898
-1.217675
-0.729312
-0.133028
-0.712244
-0.577959
-0.171477
-0.901548
-0.712725
-0.460874
-0.701505
-0.345285
-0.597724
-0.478393
-0.291478
-0.894653
-0.321115
-0.516920
-0.793590
-0.575363
-0.311759
-0.572908
-1.232563
0.287849
-0.414569
-0.955188
-0.626501
-0.131386
-0.659480
-0.649201
-0.966173
-0.453847
-0.565964
-0.914932
-0.855594
-0.958430
-0.992211
-0.312767
-1.076583
-0.407643
-0.231427
-0.631132
-0.689914
-1.018332
-0.434251
-0.273771
-0.623083
-1.007660
-0.507962
-0.831919
-0.277101
0.131306
-0.450741
-0.874050
-0.757249
-0.652492
-0.560243
-1.333729
0.224694
-0.492878
-0.614352
-0.439478
-0.950852
-0.424541
-0.848149
-0.889193
-0.271960
-0.637664
-0.682835
-0.822199
-0.430661
-1.022610
-0.542516
-0.598586
-0.532313
-0.273145
-0.333455
-0.810158
-0.951571
-0.289802
-0.745667
-0.294351
-0.753932
-0.842070
-0.909345
0.695872
-1.012650
-0.794966
-0.392165
-0.436264
-0.545491
-0.518326
-0.378900
-1.152937
-0.122609
-0.964390
-1.188916
-0.305731
-0.653092
0.247351
-0.368323
-0.377147
-0.738257
-0.830275
-0.385801
-0.514279
-0.532098
-0.608369
-1.217481
-0.401058
-0.312533
-0.703139
-0.450916
-0.821090
-0.339709
-1.127043
-0.989312
-1.219049
-0.311524
-0.459698
-0.524539
0.108565
-0.891049
-0.000081
-1.052395
-0.733068
0.004980
-0.797082
-0.387394
-0.573023
-0.510823
-0.462386
-0.789647
-0.008972
-0.498372
-1.020004
-0.263210
-0.578678
-0.635302
-0.737094
-0.436157
-1.006154
-0.500325
-0.312220
-1.021031
-1.055949
-0.174690
-0.520862
-0.610294
0.467466
-0.877168
-0.606516
-0.764704
-0.537239
-1.064817
-0.616310
-1.032212
-0.817928
-0.183197
-0.561078
-0.652000
0.355706
-0.513727
-0.779356
-0.523112
-0.884488
-1.087376
-0.606956
-0.091119
-0.620119
-0.245528
-0.469720
-0.783948
-0.502168
-0.909593
-0.008919
-0.919470
-0.575242
-0.596682
-0.417946
-0.669207
-0.457832
-0.369955
-0.609776
-0.455711
-1.542541
-0.614886
-1.147381
-0.659245
-0.495736
-0.768562
-0.470533
-0.276908
-0.397613
-0.572034
-0.226768
0.479971
-1.122030
-0.563129
-0.027859
-0.588174
-0.763095
-0.702214
-0.120098
-0.353140
-0.773947
-0.861136
-0.411321
-0.402585
-0.271939
-0.951638
0.216708
-0.270402
-0.774052
-0.790091
-1.051815
-0.522376
-0.723049
-0.699930
1.586707
-0.470712
-0.306363
-1.063173
-0.792188
-0.590494
-0.447832
-0.816720
-0.983521
-0.750209
-0.290550
-0.117661
-1.217631
-0.122799
-0.921454
-1.233807
-0.986349
-0.428202
-0.456968
-0.703473
-0.363683
-0.855520
-0.116216
-1.354929
0.364814
-0.765015
-0.327459
-0.377532
-0.869914
-0.649512
-1.079060
-0.066116
-0.461167
-1.045425
-0.767860
-0.113489
-1.380758
-0.529434
-0.527476
-0.636959
-0.293890
-0.543372
-0.640530
-0.528046
-0.866502
-0.873746
-0.295118
-0.826223
-0.206244
-0.698054
-0.514214
-0.685733
-0.334741
-0.466447
-0.766836
-0.514418
-0.680303
-1.224266
-0.977061
-0.138415
-0.636040
-0.306192
-1.006012
-0.210304
-0.894972
-0.781005
-0.177536
-0.458240
-0.903758
-0.256921
-0.376541
-0.910908
-0.058993
-0.680477
-0.603417
-0.706096
-0.689353
-0.498078
-0.825372
-0.302412
-0.549605
-0.125339
-0.622986
-0.954349
-1.215790
-0.090019
-1.206599
-0.324695
-0.524729
-1.031515
-0.975353
-0.631895
-0.916571
-0.851892
-0.463842
-0.366697
-0.327613
-0.996732
-0.991330
-0.565497
-0.937910
-0.631642
-0.770721
-0.654282
-1.546735
-0.906981
-0.267739
0.818506
-1.139550
0.281627
-0.929567
-0.676976
-0.247759
-0.882533
-1.157706
-0.632459
-0.429958
-0.944975
-0.808628
-0.364744
-0.196813
-0.359896
-1.494116
0.656815
-0.523527
-0.731699
-0.274960
-0.839363
-0.476547
-0.447351
-1.419686
-0.252755
-0.991046
-0.395898
-0.708320
-0.480455
-0.325686
-0.982459
-0.670368
-0.795659
-0.287172
-1.245610
-0.790619
-0.427720
-0.573385
-0.725174
-1.037102
-0.574294
-0.432198
-1.355520
-0.480429
-0.550686
-1.231451
-0.270839
-0.735169
-0.490118
-0.507621
-0.439259
-1.259722
-0.537705
-0.760044
-0.076893
-0.918222
-0.453466
-0.524784
-0.518339
-0.677727
0.298038
-0.147168
-0.027317
-0.508275
-0.833166
-1.019282
-0.822202
-0.306655
-0.621834
-0.745791
-0.539809
-0.357273
-0.838199
-0.877437
-0.544353
-0.485075
-1.222787
-0.803916
-0.476407
-1.435291
-0.706412
-0.458472
-1.607193
-1.077224
-0.395828
0.272180
-1.423342
-0.093015
-0.391876
0.841570
-0.477976
-0.270358
0.203047
-0.446617
-0.924206
0.173430
-0.097668
-0.321117
0.135428
-0.366000
0.357300
-0.127468
-0.507336
1.184651
-0.401012
-0.364207
-0.216106
-0.221998
-0.409387
0.327831
0.076079
-0.583106
-0.657905
1.061425
0.375545
-0.077601
-0.720603
0.592173
-0.702974
-0.443547
-0.499710
0.258216
-0.715862
-0.422779
-0.672127
-0.359075
-0.693789
-0.647158
-0.630024
-0.617300
-0.165744
-0.393892
-0.467030
-0.257537
-0.350023
-0.683833
-0.945763
-1.382612
-1.889956
-1.607256
-0.533878
-0.922595
-1.375368
-0.609684
-0.480875
-0.893984
-1.005855
-0.156467
-0.964016
-0.027628
-0.695370
-0.243579
-0.418491
-0.689824
-0.864829
-0.884169
-0.682497
-0.508327
0.627136
-0.820663
-1.231355
-0.434237
-0.220427
-0.884944
-1.259891
-0.812373
-0.954821
-1.300892
-1.070033
-1.336294
-1.101185
-1.736211
-0.979384
-1.216035
-1.459607
-1.225301
-1.417858
-0.962682
-0.401610
-1.193864
-1.063691
-0.887540
-1.193114
-1.645264
-1.135956
-1.060746
-1.920393
-1.184442
-0.986226
-1.273292
-0.984643
-0.640012
-1.444393
-0.617963
-0.524939
-0.583808
-1.123387
-0.490153
-1.377263
0.275871
-1.234281
-1.381730
-0.992786
-0.642559
-1.290363
-0.237638
0.046908
0.169556
-1.189376
-0.754107
-0.785965
-0.801391
-0.564725
-0.977338
-1.111316
-0.630957
-1.209153
-1.164079
-1.575007
-1.526623
-1.272459
-0.703639
-1.805268
-1.102579
-0.326681
-1.260001
-0.725120
-1.908338
-1.016687
-0.313137
-0.801264
-1.081181
-1.469067
-0.858022
-1.370139
-1.486251
-1.242778
-1.049288
-1.172172
-0.636523
-0.967532
-1.168607
-0.534252
-0.069903
-0.693114
-1.361756
-0.267398
-0.315540
-1.864435
-0.879664
-0.415576
-1.010567
-0.899606
-0.807982
-1.015967
-0.473233
-0.874922
-0.710186
-1.104078
-0.386030
-0.637774
-0.769785
-1.239449
-1.623429
-1.323913
-1.076880
-0.841682
-1.704530
-1.162789
-0.701292
-1.584725
-0.865954
-0.504318
-1.391035
-1.048107
-1.224770
-0.809187
-0.671954
-0.554161
-0.094259
-1.841400
-0.880862
-1.095597
-0.680871
-1.393566
-1.461407
-0.023015
-0.561760
-1.147908
-0.912558
-1.422137
-1.037151
-1.199382
-1.205941
-0.632649
-1.268296
-1.351597
-1.160280
-0.745650
-0.642649
-1.792145
-0.379058
-0.335965
-0.694324
-1.408489
-1.101612
-1.220461
-0.885719
-0.790983
-1.248703
-1.356773
-0.957484
-0.739439
-1.367968
-0.632391
-0.612829
-1.042039
-0.949113
-0.825350
-0.316906
-0.944487
-0.961585
-0.340509
-1.254629
-1.178123
0.686925
-0.881696
-0.883134
-1.110847
-0.757452
-0.982691
-0.605566
-0.586394
-1.143648
-0.620214
-1.309022
-1.581621
-1.051490
-1.368382
-0.959536
-0.774978
-1.331345
-0.395862
-1.462006
-0.796172
-1.163748
-0.981823
-1.823795
-0.841627
-1.388086
-0.012820
-1.263149
-0.929934
-1.509304
-0.402174
-1.654235
-1.608315
-0.373486
-1.270822
-1.012675
-0.342697
-1.481694
-0.446539
-1.069613
-1.059384
-0.218041
-1.050713
-0.878243
-0.464392
-1.103497
-1.032956
-0.695376
-0.741148
-0.719877
-0.853115
-0.273375
-1.385989
-0.433160
-0.646659
-0.618916
-1.223549
-1.185987
-1.234003
-1.378532
-1.162756
-0.612191
-0.786429
-0.690124
-0.708576
-0.881629
-1.398146
-0.453367
-1.800431
-0.984873
-0.551421
-1.557762
-0.723461
-0.714302
-0.828474
-0.781740
-0.937187
-1.228148
-0.807088
-1.356369
-0.871191
-1.004044
-0.615816
-0.614626
-1.212464
-0.373216
-1.605120
-1.018964
-0.658625
-1.281878
-0.954408
-0.741889
-0.949151
-1.069803
-1.197128
-0.579959
-0.740067
-0.554285
0.465418
-1.061490
-0.630496
-1.524426
-1.159625
-0.926649
-0.785289
-1.111730
-1.285948
-0.716886
-1.661026
-0.807532
-0.574160
-0.983546
-1.156036
-0.572463
-0.850713
-1.378218
-0.327588
-1.043571
-0.455101
-1.099570
-1.187718
-0.669444
-0.508023
-0.689394
-1.477491
-0.082536
-0.334346
-0.827756
-1.490912
-0.916037
-0.816693
-0.330295
-1.319341
-1.198643
-0.936795
-1.398678
-0.267905
-1.077667
-0.899859
-1.510511
-0.196133
-1.976395
-1.370169
-0.869087
-0.494979
-0.959911
-0.274808
-1.497960
-0.779008
-1.154684
-1.399085
-1.104509
-0.942935
-0.441048
-0.972236
-1.056357
-0.756846
-0.660604
-0.156625
-1.278809
-1.467312
-0.874386
-0.739473
-0.044810
-1.364334
-1.057646
-0.415838
-1.328669
-1.268625
-0.392559
-0.052171
-0.675638
-1.222777
-0.704118
-1.154345
-0.158566
-0.968134
-1.126359
-1.150330
-1.251507
-1.126040
-1.518045
-1.191054
-0.379406
-0.777098
-0.584007
-1.287831
-1.645447
-0.971119
-1.559882
-1.563164
-0.923833
-0.975637
-1.491608
-1.147750
-0.241491
-1.495589
-0.697407
-0.985498
-1.285131
-0.805737
-1.608158
-0.173528
-0.745918
-0.657412
-1.171423
-0.697412
-0.747359
-0.905817
-1.368184
-0.664311
-1.278509
-1.022439
-0.075332
-0.577874
-0.851614
-1.159580
-0.550213
0.038579
-1.189954
-1.047828
-0.701084
-0.969930
-0.696104
-0.428367
-0.357557
-1.116814
-1.156206
-0.801288
-0.716976
-1.418544
-1.386039
-0.973746
-0.466207
-0.896961
-1.146379
-0.840137
-1.547125
-1.639502
-1.010378
-0.370379
-0.157217
-0.941084
-0.420840
-0.801368
-1.009034
-0.529318
-1.059620
-1.087545
-1.385058
-1.206379
-0.888437
-0.784576
-1.013299
-0.318229
-1.209274
-0.900720
-0.825271
-1.013873
-1.275323
-1.374643
-0.523720
-0.747928
-0.823471
-0.874193
-0.614675
-0.228720
-1.039291
-1.231670
-1.118076
-0.921566
-0.910200
-1.215496
-0.523750
-0.727950
-0.928632
-1.160792
-1.502865
-0.694379
-0.605740
-1.447868
-1.272309
-0.864104
-0.588345
-0.865661
-0.923943
-1.139909
-1.202632
-1.526992
-0.534427
-0.769622
-0.392216
-0.486596
-0.965244
-0.712463
-0.789083
-0.640252
-1.544408
-0.696609
-0.694798
-0.178001
-1.565274
-0.627017
-0.240510
-0.899401
-0.854317
-1.264561
-0.798024
-0.580373
-1.643933
0.946820
-1.252244
-0.691649
-0.382763
-0.663503
-0.663828
-1.184341
-0.676405
-0.710031
-0.883757
-0.665304
-0.791988
-0.957005
-0.343563
-0.957483
-1.126412
-0.918194
-1.431598
-0.699419
-1.128591
-1.282266
-1.487415
-0.909714
-0.929878
-1.078018
-1.981290
-0.457870
-0.961724
-0.319046
-0.618200
-0.939037
-0.796597
-0.986495
-1.286041
-0.902705
-1.107087
-1.266393
-1.020700
-2.164612
-0.557731
-0.877053
-1.261662
-0.619774
-0.824613
-0.776810
-0.751623
-0.581657
-1.063827
-1.531996
-0.670858
-1.330202
-0.626539
-0.133556
-1.125590
-0.399577
-1.304207
-0.862185
-0.055912
-1.014104
-0.548207
-1.141129
-0.569549
-0.654624
-1.489297
-0.941605
-0.671314
-1.667207
-0.457450
-0.930367
-1.526901
-1.180230
-1.539375
-1.173200
-0.782957
-0.814501
-0.851558
-0.445466
-0.950922
-1.210049
-0.282332
-1.239347
-1.044681
-1.127765
-1.142173
-0.802830
-1.431441
-1.245218
-0.557145
-0.622708
-0.643323
-0.886550
-0.951738
-1.016085
-1.210012
-0.237421
-1.165268
-1.237467
-1.000352
-1.074224
-0.602370
-0.413182
-0.725970
-1.393038
-1.128303
-0.735991
-1.039590
-1.009505
-1.232394
-0.211791
-0.697812
-1.183945
-0.960706
-1.084361
-1.050112
-1.337303
-1.389392
-0.474478
-1.012016
-1.230158
-0.409741
-0.922496
-0.717310
-1.440206
-0.670410
-0.310069
-0.436805
-0.823687
-0.347586
-0.951773
-0.337759
-0.828978
-0.119598
-1.567509
-0.193304
-0.811925
-0.182004
-0.138812
-1.222529
-0.241273
-0.580114
-0.428742
-0.661676
-0.962593
-1.067643
-0.863367
-0.727624
-0.642347
-0.496283
-0.069410
2.165298
-0.334307
0.789771
1.789516
0.415503
-0.311654
-0.250632
0.428676
0.191301
-0.197426
-0.347978
-0.146860
0.014419
1.116336
0.566366
-0.243781
-0.044381
0.660938
0.843054
0.231857
-0.012161
0.473321
0.521358
0.353766
4.546864
-0.414397
0.035190
0.843988
0.015713
-0.257591
-0.312497
-0.035695
-0.114058
-0.234807
-0.360954
-0.305343
-0.157527
0.281016
0.158211
-0.278561
-0.167559
0.014492
0.193069
-0.053756
-0.144472
0.092541
0.003435
0.594792
4.395803
-0.154582
-0.192109
-0.265554
-0.198934
-0.146869
-0.092987
-0.131474
-0.255712
-0.252392
-0.159160
-0.158781
-0.110687
-0.144181
-0.181858
-0.213769
-0.186704
-0.174288
-0.163357
-0.137699
-0.241614
-0.132051
-0.254773
0.801322
4.616446
-0.152652
-0.251699
-0.275818
-0.166300
-0.163483
-0.085487
-0.108335
-0.215664
-0.209845
-0.129089
-0.156362
-0.151190
-0.072550
-0.190665
-0.276603
-0.248471
-0.171996
-0.143527
-0.172484
-0.197851
-0.126105
-0.289874
0.788503
4.861463
-0.240439
-0.294545
-0.237093
-0.110469
-0.196159
-0.176695
-0.081494
-0.168311
-0.207873
-0.196108
-0.203269
-0.155362
-0.143909
-0.243096
-0.256708
-0.218087
-0.179909
-0.123359
-0.172586
-0.166426
-0.143339
-0.327428
0.809744
4.791626
-0.250094
-0.213599
-0.154657
-0.118784
-0.255018
-0.259747
-0.079176
-0.106833
-0.200585
-0.247689
-0.231013
-0.134065
-0.124226
-0.208783
-0.226409
-0.133062
-0.177076
-0.264513
-0.225438
-0.135463
-0.147867
-0.337506
0.674933
4.717310
-0.147251
-0.154784
-0.217038
-0.131844
-0.173173
-0.249695
-0.147043
-0.120639
-0.134151
-0.180836
-0.226014
-0.171131
-0.159319
-0.144116
-0.156481
-0.180065
-0.178390
-0.344545
-0.218003
-0.079868
-0.154261
-0.376238
0.614379
4.635142
-0.053505
-0.199682
-0.236854
-0.174495
-0.221199
-0.272131
-0.158956
-0.183943
-0.173961
-0.149182
-0.220632
-0.148709
-0.197676
-0.216457
-0.115721
-0.152122
-0.252218
-0.416079
-0.055340
0.284856
-0.168073
-0.392568
0.470424
3.983902
-0.134103
-0.368631
-0.160492
-0.076108
-0.276672
-0.298375
-0.059016
-0.015610
-0.368966
-0.190198
-0.180992
-0.166765
-0.170470
-0.258631
-0.116064
-0.111725
-0.256117
-0.230954
-0.145418
-0.098489
-0.089210
-0.320946
0.631817
4.033210
-0.184756
-0.333024
-0.156332
-0.090089
-0.227191
-0.243395
-0.175992
-0.118059
-0.537391
-0.095561
0.437399
-0.141687
-0.180454
-0.201064
-0.113753
-0.179992
-0.234042
-0.094093
-0.195578
-0.263530
-0.054937
-0.248692
0.753573
4.610439
-0.284200
-0.248035
-0.177744
-0.152675
-0.191008
-0.178080
-0.166522
-0.207072
-0.432471
-0.178025
0.278151
-0.111854
-0.190867
-0.160764
-0.136282
-0.215024
-0.169645
-0.133808
-0.181610
-0.139588
-0.149281
-0.323455
0.550187
4.199392
-0.379595
-0.097497
0.215696
-0.149473
-0.202168
-0.198351
-0.168715
-0.135690
-0.215964
-0.173666
-0.156464
-0.216402
-0.208388
-0.193587
-0.200898
-0.267333
-0.181496
-0.124255
-0.179257
-0.106233
-0.199469
-0.393819
0.739241
4.463612
-0.318850
-0.159735
0.024424
-0.158573
-0.226973
-0.214349
-0.206807
-0.172615
-0.142282
-0.144779
-0.143884
-0.173315
-0.164582
-0.210653
-0.223422
-0.242328
-0.138873
-0.135328
-0.226980
-0.141844
-0.169017
-0.390800
0.679905
4.376353
-0.241872
-0.189984
-0.163072
-0.142440
-0.231843
-0.231024
-0.124787
-0.232490
-0.207445
-0.171519
-0.202651
-0.167131
-0.146418
-0.131087
-0.217987
-0.249088
-0.094573
-0.149882
-0.307111
-0.192329
-0.137614
-0.336908
0.702727
4.190812
-0.233128
-0.244116
-0.158509
-0.095294
-0.168972
-0.214741
-0.132621
-0.272591
-0.268237
-0.141592
-0.222379
-0.194718
-0.264246
-0.038255
0.002452
-0.242420
-0.200159
-0.231934
-0.296151
-0.284849
-0.180076
-0.239409
0.601021
3.938245
-0.217331
-0.265059
-0.170941
-0.121619
-0.188783
-0.121927
-0.144601
-0.316555
-0.279181
-0.142894
-0.206427
-0.199613
-0.224881
-0.127884
-0.101069
-0.141583
-0.118684
-0.232587
-0.256180
-0.277132
-0.162912
-0.150889
0.679899
3.789128
-0.246916
-0.205241
-0.147481
-0.089609
-0.179046
-0.100988
-0.215890
-0.362808
-0.192605
-0.078738
-0.167531
-0.182408
-0.146031
-0.196798
-0.286656
-0.209075
-0.093258
-0.111708
-0.217563
-0.342027
-0.209816
-0.224513
0.672136
3.870056
-0.232634
-0.154020
-0.185708
-0.094779
-0.180030
-0.189139
-0.179928
-0.255910
-0.165257
-0.134601
-0.153744
-0.186369
-0.178913
-0.193645
-0.227280
-0.245665
-0.102541
-0.036262
-0.196177
-0.327633
-0.258154
-0.278291
0.632514
4.013040
-0.149826
-0.157418
-0.176523
-0.118820
-0.202241
-0.221666
-0.204766
-0.165476
-0.159387
-0.216242
-0.143106
-0.190829
-0.164951
-0.189526
-0.308428
-0.254467
-0.079224
-0.037988
-0.226664
-0.270650
-0.193334
-0.300496
0.479065
3.667525
-0.120888
-0.165425
-0.209424
-0.165785
-0.200317
-0.216676
-0.299263
-0.195426
-0.108568
-0.204373
-0.201171
-0.202053
-0.143197
-0.176238
-0.300704
-0.202265
-0.130341
-0.176781
-0.215561
-0.231726
-0.182771
-0.215861
0.620740
4.008832
-0.193970
-0.189177
-0.152700
-0.100217
-0.168747
-0.280184
-0.236402
-0.240529
-0.148741
-0.161437
-0.249515
-0.157339
-0.110602
-0.188950
-0.229794
-0.123586
-0.155163
-0.188771
-0.167883
-0.238519
-0.231363
-0.188151
0.649796
4.753814
-0.162695
-0.237618
-0.161534
-0.071060
-0.158393
-0.368576
-0.094575
-0.022093
-0.199382
-0.195705
-0.264138
-0.182430
-0.141212
-0.184014
-0.207031
-0.159115
-0.224638
-0.159154
-0.115091
-0.238757
-0.247929
-0.270377
0.574241
4.657948
-0.154594
-0.285200
-0.217838
-0.090084
-0.152138
-0.361434
-0.141889
0.019810
-0.218162
-0.250745
-0.209919
-0.189067
-0.177427
-0.196762
-0.190746
-0.154879
-0.209995
-0.121211
-0.148541
-0.255782
-0.158516
-0.280927
0.909123
5.295201
-0.159913
-0.243797
-0.215914
-0.090920
-0.161421
-0.234963
-0.158116
-0.103179
-0.256609
-0.324236
-0.183503
-0.148840
-0.192753
-0.171921
-0.160739
-0.159841
-0.195199
-0.195768
-0.163311
-0.173684
-0.151368
-0.305352
0.797646
5.215791
-0.199130
-0.268762
-0.269896
-0.153296
-0.090024
-0.169737
-0.234699
-0.131890
-0.170115
-0.275606
-0.189385
-0.154792
-0.132889
-0.140771
-0.192302
-0.196368
-0.183969
-0.216646
-0.216905
-0.103917
-0.142740
-0.329129
0.992608
5.124927
-0.264348
-0.280120
-0.242670
-0.188383
-0.093215
-0.138241
-0.224484
-0.197761
-0.169270
-0.260425
-0.259229
-0.121095
-0.012701
-0.125223
-0.309024
-0.279154
-0.195733
-0.103843
-0.179685
-0.198767
-0.219609
-0.366803
0.662522
4.386447
-0.251331
-0.208293
-0.174017
-0.208544
-0.241677
-0.181150
-0.082035
-0.212323
-0.287217
-0.199111
-0.181152
-0.158624
-0.154949
-0.237722
-0.241887
-0.147327
-0.214146
-0.168352
-0.112034
-0.139656
-0.165151
-0.386649
0.846027
4.920648
-0.127225
-0.154388
-0.252696
-0.258102
-0.217647
-0.218457
-0.047810
-0.162040
-0.343672
-0.178338
-0.171071
-0.263628
-0.273762
-0.319447
-0.163506
-0.015039
-0.256251
-0.258188
-0.113478
-0.140594
-0.176558
-0.335854
0.373641
0.301586
0.309539
0.118786
0.154666
0.240966
0.253864
0.208599
0.217863
0.411795
0.311163
0.257380
0.231834
0.242041
0.247202
0.218357
0.132182
0.176466
0.280812
0.239685
0.153219
0.130697
0.251290
0.073835
0.375526
0.239663
0.370151
0.344905
0.170524
0.328879
0.320339
0.276242
0.234697
0.244657
0.275701
0.275621
0.317984
0.254770
0.267947
0.263732
0.149587
0.168014
0.272641
0.437043
0.394156
0.185803
0.150832
0.108953
0.287516
0.249094
0.303477
0.460739
0.193094
0.073425
0.292367
0.417634
0.160398
0.142884
0.381246
0.391346
0.232605
0.193217
0.165820
0.127383
0.349488
0.259350
0.199082
0.282341
0.370397
0.136080
0.147376
0.165039
0.115184
0.354641
0.270896
0.173470
0.315091
0.321272
0.217830
0.249282
0.253112
0.174439
0.194639
0.258863
0.323282
0.173085
0.143446
0.175040
0.177793
0.233229
0.109184
0.234114
0.202143
0.337351
0.269891
0.110654
0.178478
0.142054
0.309506
0.343066
0.252567
0.197179
0.201999
0.261206
0.376560
0.332680
0.215274
0.258776
0.313941
0.421393
0.262081
0.096333
0.150143
0.259706
0.210516
0.288671
0.136655
0.199896
0.291009
0.106762
0.279913
0.180953
0.077521
0.217187
0.460359
0.390257
0.222679
0.198411
0.318006
0.386495
0.309550
0.218721
0.324831
0.194324
0.144062
0.268991
0.218627
0.138753
0.108437
0.344421
0.292639
0.011794
0.143796
0.130438
0.282440
0.199076
0.067646
0.197841
0.310885
0.311169
0.188835
0.281944
0.293759
0.222630
0.406906
0.215289
0.356040
0.358812
0.168689
0.223140
0.106311
0.274265
0.212369
0.190657
0.508138
0.242078
0.091422
0.112719
0.282518
0.103154
0.266719
0.282535
0.107927
0.192711
0.437786
0.335180
0.309590
0.341118
0.225835
0.190772
0.152791
0.385635
0.308090
0.215171
0.062520
0.008135
0.135488
0.334016
0.372595
0.364896
0.158827
0.069311
0.197707
0.182828
0.330123
0.388840
0.235683
0.187895
0.212109
0.347423
0.339810
0.361830
0.264134
0.180125
0.118417
0.218402
0.289549
0.246239
0.256875
0.236637
0.304584
0.151678
0.156549
0.358649
0.454248
0.040899
0.247043
0.261192
0.243847
0.394032
0.262681
0.191064
0.238083
0.171970
0.292638
0.406149
0.377888
0.287271
0.141198
0.209589
0.259620
0.273570
0.314206
0.253998
0.344199
0.376090
0.165815
0.031284
0.172286
0.234816
0.410301
0.278657
0.123541
0.399845
0.439962
0.142984
0.211970
0.277642
0.142883
0.210325
0.510340
0.240986
0.182699
0.191722
0.182048
0.232387
0.169737
0.243104
0.308650
0.155074
0.165006
0.202629
0.150426
0.092271
0.213193
0.339605
0.179130
0.366825
0.451894
0.264912
0.092575
0.343330
0.322586
0.054189
0.212438
0.361884
0.202991
0.174226
0.079570
0.199279
0.310822
0.198587
0.192821
0.221930
0.213139
0.386080
0.259846
0.045239
0.156247
0.243812
0.087318
0.118669
0.305405
0.286849
0.228072
0.141954
0.293147
0.155985
0.262205
0.427050
0.126312
0.047344
0.327615
0.189798
0.039099
0.397146
0.313889
0.389985
0.333380
0.263257
0.346188
0.109646
0.238121
0.267981
0.124018
0.005142
0.293126
0.193947
0.142011
0.232755
0.295277
0.327602
0.120879
0.332890
0.195972
0.202397
0.356999
0.226763
0.001036
0.261494
0.385993
0.237099
0.363599
0.419416
0.169592
0.060837
0.189126
0.172648
0.395617
0.204374
0.073886
0.235394
0.201647
0.210211
0.225546
0.382769
0.414000
0.132744
0.256455
0.179621
0.132665
0.277442
0.494634
0.231059
0.207814
0.191161
0.271479
0.420306
0.382075
0.062881
0.334744
0.170182
0.234985
0.378577
0.331758
0.350305
0.150102
0.116066
0.202142
0.240904
0.370802
0.301108
0.155008
0.178231
0.237932
0.172995
0.285159
0.300685
0.151106
0.046952
0.265301
0.230061
0.287282
0.156239
0.354539
0.269285
0.221349
0.254974
0.198074
0.293317
0.320568
0.178912
0.118538
0.088594
0.213532
0.328353
0.382439
0.270079
0.284879
0.212119
0.027092
0.248186
0.242039
0.052556
0.169116
0.228761
0.240796
0.177002
0.303130
0.297371
0.144764
0.191624
0.293180
0.342950
0.226759
0.234213
0.301792
0.155276
0.144708
0.184044
0.245331
0.357740
0.284936
0.318151
0.334869
0.105640
0.284547
0.244530
0.082572
0.241980
0.341762
0.130597
0.242463
0.219906
0.137287
0.245108
0.344869
0.177203
0.139920
0.085680
0.310312
0.265462
0.049685
0.189784
0.015892
0.166202
0.413758
0.387417
0.291907
0.233245
0.219871
0.226384
0.194237
0.346182
0.356373
0.125554
0.045890
0.169410
0.280069
0.349166
0.201777
0.188427
0.396738
0.240823
0.125298
0.250926
0.210783
0.041226
0.181835
0.231071
0.249061
0.305511
0.392998
0.302693
0.159866
0.291413
0.216157
0.147867
0.297115
0.210464
0.106349
0.115374
0.032783
0.165757
0.365721
0.226148
0.236646
0.339868
0.163927
0.120036
0.186308
0.242327
0.249345
0.272436
0.119702
0.178075
0.245743
0.392970
0.367960
0.241248
0.179511
0.167392
0.418204
0.216126
0.161179
0.172282
0.038260
0.050257
0.386969
0.328625
0.152816
0.383359
0.492336
0.295285
0.106817
0.313922
0.274035
0.141095
0.238906
0.183771
0.229472
0.441952
0.365070
0.251795
0.185811
0.224090
0.344124
0.216360
0.220972
0.136060
0.200981
0.140325
0.098760
0.305930
0.331069
0.195843
0.396652
0.346965
0.164653
0.122897
0.234996
0.176513
0.228819
0.112002
0.112410
0.345175
0.230682
0.277923
0.424914
0.256449
0.147834
0.162471
0.399997
0.086111
0.098422
0.126037
0.168507
0.200784
0.267412
0.264492
0.253547
0.188479
0.181728
0.199499
0.272025
0.289995
0.215222
0.167834
0.111160
0.229118
0.290655
0.308677
0.268149
0.134994
0.229973
0.128757
0.319877
0.152219
0.082156
0.268077
0.231030
0.173746
0.102036
0.345588
0.271729
0.183214
0.137808
0.280301
0.375186
0.139123
0.151233
0.403186
0.191350
0.124049
0.236214
0.675051
0.171249
0.234517
0.363329
0.201508
0.132876
0.196181
0.219927
0.258212
0.312107
0.199940
0.185974
0.126344
0.111076
0.123020
0.339479
0.394536
0.355883
0.293574
0.062441
0.142653
0.385262
0.264637
0.154322
0.278409
0.307030
0.213989
0.141721
0.117520
0.351680
0.262252
0.201823
0.090213
0.307047
0.233601
0.249306
0.102548
0.057338
0.209157
0.306103
0.375384
0.312983
0.344063
0.214105
0.195712
0.228663
0.217971
0.327198
0.342485
0.301558
0.077307
0.067005
0.116553
0.248688
0.121714
0.325940
0.054638
0.092837
0.170903
0.072713
0.148687
0.087758
0.020809
0.011795
0.190641
0.189595
0.162737
0.165429
0.263653
0.019571
0.126612
0.174602
0.071137
0.093031
0.210415
0.095004
0.074311
-0.069050
-0.690144
-0.872809
-0.415758
-0.080760
0.096900
-0.254254
-0.307608
-0.239764
-0.253942
0.094274
-0.370160
-0.442987
-0.050682
-0.474963
-0.485301
-0.220876
-0.101529
-0.187591
-0.502909
-0.288371
-0.001212
-0.609895
-0.632617
-0.340242
1.258180
2.129586
0.289170
-0.449830
-0.356659
-0.076432
0.834562
0.251332
-0.264396
-0.339678
1.034570
0.482047
-0.156349
0.891634
0.931959
0.311890
-0.132223
-0.118378
1.355340
0.801951
-0.047312
1.182558
1.085778
-0.116571
-0.047782
-0.629913
-0.203964
0.605278
-0.109257
-0.246661
-0.445277
-0.477064
0.178195
-0.193657
-0.604901
-0.422122
-0.403733
-0.541304
-0.418042
-0.541752
-0.134933
-0.545293
-1.250330
-0.733694
-0.071590
-0.280429
-0.178324
-0.287499
-0.788168
-0.362863
-0.112393
-0.699025
-0.629319
-0.426066
-0.401747
-0.386549
-0.154512
-0.522700
-0.521227
0.227902
-0.037159
-0.432079
-0.205022
-0.325748
-0.357087
0.199249
0.932674
0.093152
-0.630533
-0.589388
-0.038951
-0.096299
0.770515
-0.272732
-0.279282
0.264953
-0.012851
-0.220328
-0.072604
-0.249959
-0.372561
0.136837
0.604466
-0.519053
-0.289964
0.286304
0.045143
-0.168430
-0.085400
-0.271689
-0.279427
-0.412117
-0.215951
-0.311946
-0.198255
-0.431530
-0.750931
0.236655
-0.237871
-0.804448
-0.237592
-0.423775
-0.444420
-0.361797
-0.093466
-0.044647
-0.235011
-0.709233
-0.583224
-0.268047
-0.445293
-0.520563
-0.241897
-0.243220
-0.358592
-0.192086
-0.215765
-0.129718
-0.316438
-0.229384
-0.102335
-0.414787
-0.212532
-0.051714
-0.378851
0.085651
-0.066533
-0.435201
-0.637466
-0.856370
-0.619268
-0.027771
0.531615
-0.551277
-0.164573
0.020133
-0.364541
-0.470110
-0.202524
0.044362
-0.631189
-0.507339
0.121593
-0.118087
0.505305
-0.306948
-0.395540
-0.370324
-0.179054
-0.466655
-0.608716
-0.223379
0.349105
-0.267403
-0.048564
0.179985
-0.351620
-0.404872
-0.622329
-0.494051
-0.070946
-0.334354
-0.277138
-0.526858
-0.189852
0.198444
-0.393050
-0.391393
-0.084316
-0.083430
-0.106507
-0.257280
-0.206041
-0.181179
-0.237002
-0.412245
-0.755087
-0.023927
-0.141862
-0.920330
-0.339756
0.168446
-0.152091
-0.548954
-0.500360
-0.108324
-0.126604
-0.284794
-0.214289
-0.228958
-0.310299
-0.165872
-0.335612
-0.447360
-0.406316
-0.587416
-0.212545
0.038190
0.200291
-0.220819
-0.121552
-0.579183
-0.749004
-0.157885
-0.319507
-0.446679
-0.305918
-0.055322
-0.181172
-0.416361
-0.282443
-0.231998
-0.471922
-0.416756
-0.073148
-0.110864
-0.093303
-0.540489
-0.276519
-0.105717
-0.312410
-0.799214
-0.324075
-0.023339
-0.325640
-0.066164
-0.221449
-0.545084
-0.399061
-0.600589
-0.150540
-0.136583
-0.265798
-0.073309
0.211111
-0.268582
-0.516690
-0.093003
-0.470425
-0.545769
-0.270141
-0.186798
-0.550949
-0.126983
-0.073454
-0.012233
-0.454575
-0.463888
-0.193145
-0.583573
-0.254050
0.353488
0.002151
0.126765
-0.178218
-0.219819
0.120402
-0.532317
-0.974417
-0.233340
0.008750
-0.027304
-0.035058
-0.124893
-0.126070
-0.158369
0.106636
-0.279311
-0.461424
-0.571123
-0.281694
-0.415568
-0.059499
-0.190747
-0.079905
0.276854
-0.434919
-0.513775
-0.452453
-0.345099
-0.450187
-0.136432
0.618555
-0.309781
-0.361861
-0.379721
-0.421928
-0.084354
-0.166930
-0.483493
-0.235013
-0.458075
-0.337852
-0.021925
-0.389489
-0.552511
-0.523938
-0.482520
-0.378494
-0.539990
-0.028767
-0.042871
-0.243211
-0.230735
-0.423152
-0.283751
-0.416458
-0.221366
0.181616
-0.257935
-0.334028
-0.450831
-0.469940
-0.144428
-0.255854
0.055654
0.519119
-0.344360
-0.540571
0.222275
0.641878
0.340782
-0.201239
-0.101624
-0.550799
-0.585048
-0.042579
-0.252332
-0.234461
-0.154889
-0.266758
-0.245966
-0.410582
-0.188728
-0.006680
0.143226
0.111568
-0.553155
-0.054338
-0.429629
-0.797164
-0.278816
0.789515
-0.173777
-0.755065
-0.643922
-0.452316
-0.534747
0.605764
-0.047269
-0.575444
-0.187155
-0.002184
-0.035399
-0.408343
-0.292853
0.129242
-0.214387
-0.553668
-0.296264
-0.010017
-0.251164
-0.224111
-0.298430
-0.331484
-0.158830
-0.410622
-0.302992
-0.101412
-0.324226
-0.121562
-0.051472
-0.669952
-0.171765
0.254554
-0.186831
-0.582312
-0.447093
0.577849
-0.655631
-1.279696
-0.205475
0.222070
-0.601581
-0.682122
0.239528
-0.502863
-0.669320
-0.064819
-0.315938
-0.506925
-0.371855
0.134255
-0.020003
-0.353253
-0.664401
-0.241113
-0.164684
-0.390880
-0.146319
-0.085616
-0.185383
-0.709316
0.541881
2.388391
-0.171452
-0.632066
0.109381
1.057316
-0.721576
-0.282568
0.472417
-0.054873
-0.125202
0.017072
-0.071659
-0.780148
-0.643252
0.423733
0.515682
-0.390589
-0.521848
-0.250741
-0.183574
-0.166118
-0.433833
-0.293665
-0.439238
-0.881361
-0.255351
0.366160
-0.316365
-0.406217
0.029554
-0.077686
-0.274707
-0.255453
-0.467929
-0.139352
-0.242673
-0.228373
-0.062213
-0.580099
-0.560343
-0.037457
-0.350200
-0.149113
-0.353663
-0.629595
-0.224301
-0.241113
-0.185918
-0.167130
-0.419393
-0.289014
-0.032884
0.255810
-0.285355
-0.513272
-0.877193
-0.609298
-0.211443
-0.598186
-0.417856
-0.166523
-0.369739
-0.443316
-0.340054
-0.288442
-0.136887
-0.516868
-0.686354
-0.105960
0.189811
-0.242390
-0.124691
-0.069202
-0.518357
-0.658125
-0.201389
-0.255242
-0.340021
0.468402
1.519034
0.123326
-0.333505
-0.138371
-0.363394
-0.395933
-0.122782
-0.107591
-0.091120
-0.214121
-0.332292
-0.100741
-0.130182
-0.414048
-0.290505
-0.451655
-0.585307
-0.235550
0.985199
0.149185
-0.430550
-0.487870
-0.313374
-0.483055
-0.309330
-0.455322
-0.169321
0.032934
-0.253987
-0.288885
-0.022034
-0.064321
-0.199326
-0.389674
-0.324403
-0.097255
-0.363453
-0.406084
-0.379085
-0.239869
0.589587
-0.479086
-0.618249
-0.005788
0.002519
0.650468
-0.186657
-0.189609
-0.294438
-0.142755
-0.273132
-0.353489
-0.331010
-0.053156
-0.636636
-0.528760
-0.218786
-0.277069
-0.088040
-0.461915
-0.307174
-0.177013
-0.037713
-0.012956
-0.429396
-0.370994
-0.252334
-0.576788
-0.238748
-0.277755
0.067046
-0.140164
-0.388070
-0.180020
-0.114282
-0.397105
-0.442999
-0.057212
-0.212092
-0.259218
-0.398647
-0.311843
-0.435811
0.194352
0.529673
-0.301772
-0.606890
-0.927284
-0.750140
-0.209442
-0.083833
-0.066850
-0.082332
-0.345041
-0.663924
-0.212539
0.120109
-0.273023
-0.409974
-0.108836
-0.205512
-0.678286
-0.656199
-0.186455
-0.134679
-0.177151
-0.479800
-0.426325
-0.359945
-0.132953
-0.063673
0.087510
0.866735
-0.327213
-0.440258
-0.162015
-0.332625
-0.084089
0.260449
-0.119261
-0.437756
-0.303734
-0.160858
-0.500910
-0.182270
0.487050
-0.281792
-0.345013
-0.498099
-0.148797
0.005656
-0.540137
-0.423847
-0.220595
-0.517506
-0.353876
-0.397163
-0.186529
-0.142066
-0.396378
-0.120836
-0.179656
-0.421018
-0.399282
-0.316851
0.320354
-0.083035
-0.006277
-0.207814
-0.484427
-0.226566
-0.233100
0.587352
-0.040073
-0.253198
0.050344
-0.326126
-0.096695
0.343597
-0.258101
-0.455656
-0.429724
-0.277257
-0.174460
0.728485
0.453796
0.274671
-0.082750
-0.014696
-0.043377
0.209920
0.498745
0.454938
0.525382
0.265692
0.458700
0.162383
0.557986
0.481757
0.493198
0.660747
0.625736
0.563695
0.811281
1.078291
0.599882
0.887098
0.279904
1.506451
2.444303
2.162153
2.799753
2.718133
2.611368
2.513703
1.914787
2.216526
1.864280
2.896493
1.842970
2.431421
1.862582
2.412635
1.910195
1.710622
1.705954
1.570603
1.941967
0.509660
1.746397
1.445355
1.313034
1.962498
1.244308
0.461518
-0.214320
-0.040358
0.112439
0.827126
1.040511
1.007739
1.440838
1.337490
1.631039
1.184193
1.475765
1.745834
1.045508
1.695234
0.794967
1.311980
1.334957
1.256881
1.024096
1.478782
0.877863
1.500270
1.852678
2.021671
2.143485
1.934790
1.817524
1.628721
2.011532
2.314736
1.800476
1.945476
1.382616
1.395475
1.427761
1.754339
1.333823
1.355599
1.302793
1.738787
2.690667
2.316178
1.858746
1.818238
1.004161
0.562648
0.750733
1.641963
1.692364
1.468991
1.205710
1.192640
1.675745
1.453958
1.679443
2.158328
3.237620
2.277508
2.282262
1.472972
1.088996
1.886982
1.261825
0.684872
0.868494
1.151507
1.800723
2.018763
1.159376
1.839946
1.611107
0.732627
0.823755
0.771665
0.892598
1.239389
1.654002
2.018356
1.717499
1.591544
1.188752
1.625098
1.117686
1.237987
-0.051678
1.090417
0.916491
1.721809
1.987085
1.795886
1.971735
2.227978
1.403908
0.971325
1.141025
1.454428
1.784256
1.951349
1.689697
1.323929
1.498935
2.800344
3.129580
2.727247
2.797528
2.405183
2.676760
1.624901
1.819308
1.415907
1.523528
1.392453
1.813732
1.702598
1.103156
1.543335
0.707751
0.912733
0.510265
-0.125264
-0.201422
0.424730
1.446359
1.786418
1.453889
1.079446
1.197266
1.409310
1.323508
1.408928
0.845213
0.373472
0.191693
0.698824
1.562515
1.579553
2.152180
1.675109
2.447367
2.105866
1.384216
1.678569
1.831230
1.343224
1.524595
1.678766
1.423045
1.493723
1.963026
3.198997
2.442472
1.962120
1.443029
1.670494
1.440026
1.244683
0.996846
1.376572
1.526732
0.590928
0.497739
0.285074
0.488430
1.676499
0.983037
1.252067
0.220447
1.784907
1.257690
1.592763
1.978127
1.774537
2.175035
2.003037
2.511904
1.833103
1.136745
0.904248
0.878345
0.814208
0.456886
0.945857
1.298955
1.858619
2.847249
2.213049
2.276349
1.645022
1.283799
0.649632
0.804916
1.082099
0.964710
1.759733
1.429989
2.012753
1.941872
1.503012
1.104832
1.266929
0.626387
1.016743
0.904454
0.727883
1.396702
1.533225
1.704419
0.142884
-0.000982
-0.033913
0.805729
0.903108
0.992704
1.684286
1.788309
1.643253
1.918262
0.590507
1.639166
1.027823
1.393181
1.225221
1.584456
1.984050
1.604165
1.356223
-0.041701
0.911226
0.641826
1.040239
1.582668
1.660651
2.536787
1.730684
1.995700
1.695645
1.159490
1.574418
1.074274
1.633500
1.117716
2.076678
1.421650
1.729544
2.046736
1.559216
0.582429
1.684212
1.322412
2.173854
2.667321
1.832729
2.113119
1.657635
1.777333
1.465839
1.094918
0.966189
1.281631
1.146932
0.813428
1.312284
1.888514
2.420295
1.964620
1.150253
1.297493
1.166890
1.670561
1.670917
0.649792
1.828778
0.828099
1.367172
0.175296
0.768211
0.716074
1.123441
2.336123
1.509340
2.688295
1.492768
2.214556
1.880423
1.436708
1.506394
1.635690
0.760261
0.883542
0.873117
1.185057
0.940729
1.462903
2.583319
1.340695
1.851339
1.879321
1.742335
1.952216
1.935440
2.398747
2.047636
2.491117
2.366614
2.520042
2.060884
0.888673
1.109490
0.711096
1.355416
0.747640
2.005672
0.996186
1.604967
0.992587
1.273368
1.568069
2.030135
1.904256
1.640130
1.493515
1.546990
0.604539
1.061666
0.801231
0.445849
1.629484
0.262821
1.178589
0.656744
0.649076
0.289505
0.518610
1.804726
1.359865
1.722656
0.799325
0.833007
0.846512
0.887353
1.669830
2.016829
1.398113
1.328751
0.964596
1.263413
1.216198
1.335408
1.676757
2.175264
2.893423
3.116325
2.651857
2.824483
2.614416
2.442509
1.434133
1.593808
1.093639
0.975600
1.116875
1.541972
1.703000
1.569462
1.272123
1.051187
1.155144
1.115201
0.839120
1.793531
1.717450
2.850376
1.757444
1.278344
1.761636
0.437864
0.331714
-0.042380
0.206141
0.156751
0.324079
1.374537
0.391482
1.340717
0.154171
1.016619
1.291726
1.139566
1.465877
1.383761
0.595085
0.801602
0.897464
1.815506
2.452814
1.414566
1.974196
1.173161
0.501789
1.230774
1.322812
2.196693
1.803868
2.128258
1.104656
1.645273
1.876326
1.643790
1.519697
1.414509
2.197873
1.629343
1.195748
0.931589
0.507911
0.756340
-0.032325
-0.016033
0.641576
2.596681
2.480598
2.557419
1.853134
-0.016771
0.655794
0.470794
1.539315
1.830991
1.206344
1.075211
1.100582
0.821700
1.300881
1.562819
1.606689
1.615366
1.372602
1.437087
0.518334
0.461307
0.950540
0.907468
1.308159
1.201389
2.049186
1.979637
1.640695
1.589431
2.145025
1.832420
2.195158
2.079348
1.405650
1.427508
1.445700
1.484558
1.074139
0.644229
0.613977
1.342618
1.572015
2.131336
-0.038704
0.191128
0.323225
0.894802
1.808967
2.014659
2.070163
2.206007
2.140073
1.264998
1.025543
0.543451
0.833390
1.277185
0.839567
1.102302
1.506750
0.828383
0.829876
1.410060
1.887598
1.532903
1.879572
1.374640
1.419957
1.269164
1.469016
1.676014
1.989111
1.475552
1.734958
1.477545
2.015298
1.791686
3.126714
2.276326
2.547757
2.447042
1.433811
1.210336
2.076446
1.535733
1.428333
1.638761
1.514505
2.257242
1.697534
2.742771
2.190768
1.940768
2.436719
1.449978
1.658141
1.764808
1.408605
1.573614
1.921605
1.608149
1.870442
1.349171
1.076937
0.823126
0.952158
0.680159
0.912439
1.020045
0.678227
0.898251
0.991333
1.171533
2.066456
1.882964
0.667110
1.402121
0.605545
1.883924
1.603188
1.501841
0.668216
1.354490
2.147735
1.470848
1.656299
1.998039
1.704669
2.494155
1.287299
1.905473
2.668165
2.025027
2.107452
1.583542
1.686089
2.100048
1.801585
1.115828
1.419021
0.191811
1.699232
1.033503
0.878841
1.517422
1.396527
1.188636
2.011998
2.294347
1.766012
1.881493
1.517055
1.509295
0.971229
0.767027
1.261383
0.947237
1.324539
1.678897
0.689409
0.372817
0.932191
1.561526
0.320842
1.260263
1.033877
1.646316
1.304066
0.972627
0.702397
1.058870
1.214993
1.450496
0.221848
0.921046
1.059170
2.689570
1.709719
1.300486
1.702640
1.562857
2.223884
1.804977
1.253167
0.674826
0.354021
-0.144625
0.186322
0.085608
0.859967
1.256699
0.578227
0.821683
0.548542
0.916047
1.300773
1.439499
1.544702
1.912832
1.687130
1.766701
1.045614
1.077023
0.636123
0.689847
0.443186
0.279562
0.262879
0.132473
0.313092
0.739598
0.020882
0.053741
0.187930
0.024454
0.157299
0.531299
0.620144
0.930347
0.595878
0.372995
0.198738
0.190153
0.534725
1.020206
0.454646
0.902902
0.439104
0.562536
0.172773
0.138072
0.437966
0.281794
0.446914
0.897722
0.122262
0.133637
0.399382
0.472440
0.265398
0.710346
0.125059
1.074392
0.447460
0.857974
0.039720
0.080275
0.496816
1.405885
0.689137
0.169490
0.283937
0.249133
0.058806
0.379852
0.024344
0.329712
0.221708
0.174396
0.165381
0.450744
0.260839
0.117951
0.267477
0.082743
0.085980
0.293791
0.624392
0.909118
0.500776
0.311549
0.202801
0.408614
0.702321
0.017960
0.152563
0.381928
0.457776
0.140546
0.195484
0.256840
0.189279
0.091275
0.037865
0.087221
0.239949
0.197058
0.274874
0.331222
0.062066
0.295301
0.347990
0.752581
0.675433
0.440456
0.020229
0.348378
0.692858
0.136058
0.042937
0.374196
0.007851
0.142229
0.244413
0.363366
0.195125
0.070441
0.057530
0.145819
0.110557
0.304967
0.230703
0.060641
0.009596
0.363105
0.305377
0.221884
0.034348
0.094086
0.019820
0.296741
0.895327
0.032112
0.226467
0.001555
0.537691
0.387557
0.150066
0.100891
0.096050
0.241162
0.179065
0.200624
0.137006
0.079459
0.023162
0.174810
0.035555
0.325188
0.193049
0.056793
0.295977
0.189407
0.482667
0.110545
0.460548
0.003689
0.352070
0.752527
0.684092
0.232288
0.222283
0.184816
0.160903
0.081966
0.579823
0.175137
0.341607
0.611986
0.604120
0.272085
0.253635
0.155012
0.021725
0.117008
0.240131
0.351683
0.315746
0.350442
0.088283
0.124836
0.150924
0.145497
0.290918
0.031518
0.232928
0.039851
0.223971
0.165807
0.173383
0.257044
0.367543
0.723814
0.892339
0.381001
0.103399
0.089468
0.064578
0.272268
0.719549
0.507032
0.059957
0.390421
0.611072
0.202319
0.080915
0.021413
0.032798
0.517968
0.637293
0.095900
0.208617
0.015845
0.138040
0.405548
0.881028
0.470754
0.221773
0.143560
0.329680
0.620978
0.359811
0.131993
0.052175
0.509354
0.099622
1.227279
1.216754
0.317147
0.302176
0.030061
0.167499
0.641071
0.528458
0.348958
0.520680
0.222865
0.074423
0.341831
0.768969
0.498056
0.077405
0.199134
0.088294
0.003109
0.081820
0.154346
0.214790
0.507806
0.122786
0.388741
1.171254
0.299782
0.122479
0.308325
0.126099
0.062339
0.443876
0.272262
0.034470
0.156594
0.283557
0.381089
0.928822
0.251976
0.072237
0.106039
0.321670
0.178713
0.077853
0.251307
0.084254
0.236730
0.189263
0.283111
0.528496
0.058010
0.432597
0.015341
0.343603
0.458989
0.120467
0.015318
0.107182
0.325996
0.190436
0.462725
0.801279
0.189690
0.192213
0.488266
0.219026
0.060261
0.140099
0.039159
0.426745
0.334725
0.228780
0.103608
0.328319
0.621027
0.678410
0.339358
0.757112
0.314257
0.161136
0.035207
0.526500
0.061646
0.227830
0.352975
0.330966
0.333290
0.042421
0.145217
0.399341
0.076331
0.140125
0.025837
0.028539
0.153453
0.254525
0.046559
0.150183
0.701250
0.722001
0.141994
0.105329
0.229816
0.281484
0.270292
0.036636
0.044580
0.125164
0.133313
0.212762
0.115810
0.402579
0.316873
0.141670
0.011093
0.207669
0.496383
0.033786
0.246755
0.185642
0.201143
0.028768
0.752955
0.652797
0.042610
0.213684
0.072554
0.009409
0.140814
0.142958
0.725100
0.198160
0.055355
0.087472
0.080896
0.709625
0.514555
0.464300
0.093895
0.177216
0.452877
0.253115
0.077289
0.312526
0.054796
0.312409
0.755961
0.589987
0.214478
0.012001
0.137300
0.121133
0.029886
0.078238
0.142359
0.249232
0.386544
0.212806
0.239985
0.358865
0.145039
0.134431
0.014010
0.285788
0.016867
0.246966
0.444062
0.356149
0.652584
0.642987
0.800105
0.638505
0.198698
0.005579
0.097042
0.291984
0.016167
0.616330
0.408159
0.001357
0.040651
0.274889
0.405885
0.156207
0.364098
0.296731
0.194838
0.150477
0.272872
0.157519
0.128051
0.219235
0.730006
0.492263
0.701627
0.811011
0.475233
0.216574
0.203407
0.065711
0.414111
1.144413
1.056460
0.833166
0.327400
0.567795
0.296102
0.195060
0.454957
0.252965
0.018462
0.260902
0.846289
0.752078
0.302912
0.204689
0.152060
0.044877
0.481654
0.781565
0.785222
0.379758
0.256110
0.347454
0.124446
0.994879
0.490455
0.613004
0.709275
0.393698
0.066581
0.190313
0.012194
0.110968
0.158539
0.082320
0.921112
1.017575
0.924640
0.171823
0.539535
0.239157
0.901579
0.597675
0.071726
0.185852
0.335025
0.410075
0.103029
0.136509
0.039127
0.163032
0.044800
0.030411
0.426965
0.522188
0.706259
0.499277
0.186833
0.269336
0.532416
0.869674
0.933361
0.254974
0.481476
0.055890
1.092194
0.391676
0.424829
0.013989
0.064212
0.236229
0.504408
0.208351
0.762566
0.617491
0.376943
0.311461
0.655019
0.589189
0.638192
0.745543
0.795466
0.513326
0.688061
0.154741
0.359798
0.037844
0.142745
0.102356
0.908066
0.280200
0.178774
0.000180
0.042836
0.503621
0.200023
0.469885
0.495867
0.401949
0.322139
0.244121
0.473795
0.311122
0.380375
0.465591
0.755630
0.637762
0.185763
0.243812
0.310088
0.481738
0.643359
0.336573
1.003305
0.655961
0.431115
0.330318
0.350897
0.073707
0.028823
0.204759
0.167197
0.322547
0.853987
0.223888
0.454026
0.057036
0.134977
0.258249
0.447038
0.196285
0.227787
0.028373
0.238854
0.941032
0.902779
0.617685
0.714171
1.005321
0.830855
0.370175
0.110774
0.091858
0.354674
0.331526
0.061913
0.023752
0.399971
0.104599
0.805354
0.234439
0.206257
0.179550
0.189179
0.383340
0.221737
0.047905
0.181279
0.529657
0.855176
0.205241
0.477865
0.887282
1.039358
0.390444
0.253444
0.049868
0.066394
0.086498
0.352264
0.479441
0.627609
0.471260
0.652154
0.440945
0.321283
0.069438
0.346382
0.276965
0.338701
0.629277
0.188612
0.182676
0.101625
0.166682
0.334229
0.603480
1.034587
0.763346
0.400122
0.153475
0.379654
0.407967
0.845252
1.006555
1.365105
0.552007
0.181393
0.273708
0.650224
0.452606
0.091412
0.065997
0.200243
0.613810
0.382385
0.176549
0.200698
0.318400
0.209286
0.687154
0.451321
0.337542
0.088293
0.059475
0.063507
0.465908
1.001011
1.217342
1.508357
0.346811
0.002943
0.023025
0.177394
0.389041
0.019320
0.089656
0.100987
0.562063
0.680543
0.233668
0.076158
0.154786
0.342002
0.275763
0.289969
0.176723
0.264267
0.218633
0.251043
0.091817
0.617364
0.810567
0.768272
0.142394
0.026839
0.053753
0.155672
0.075821
0.173435
0.180415
0.005741
0.436885
0.464306
0.620643
0.344424
0.023205
-0.707766
-0.463097
-0.190741
-0.320148
-0.390318
-0.400093
-0.397363
-0.411403
-0.385618
-0.398967
-0.405580
-0.417910
-0.419143
-0.403408
-0.416142
-0.412153
-0.407200
-0.413025
-0.406480
-0.398937
-0.384644
-0.324305
-0.383234
-0.390093
-0.195917
-0.205334
-0.645641
-0.495418
-0.482377
-0.417383
-0.426678
-0.432229
-0.433532
-0.431124
-0.414409
-0.405714
-0.384354
-0.414167
-0.389673
-0.398735
-0.403779
-0.404752
-0.425276
-0.441761
-0.446496
-0.497688
-0.430161
0.227861
-0.400680
-0.268986
-0.261644
-0.292648
-0.393710
-0.443632
-0.448659
-0.411813
-0.099427
-0.325963
-0.432359
-0.433908
-0.458865
-0.424568
-0.437392
-0.431789
-0.428307
-0.427936
-0.184465
0.258881
0.255585
-0.278161
-0.351755
-0.962793
-0.417964
-0.482223
-0.441803
-0.425787
-0.443943
-0.429878
-0.392948
-0.419498
-0.752434
-0.470768
-0.409823
-0.414067
-0.406725
-0.437433
-0.431067
-0.403634
-0.304366
-0.386818
-0.623357
-0.932490
-0.924129
-0.468655
0.650066
0.267076
-0.404346
-0.268909
-0.319341
-0.439617
-0.253690
-0.085686
-0.284703
-0.226744
-0.211313
-0.229393
-0.440719
-0.421142
-0.123869
-0.144170
-0.277408
-0.378678
-0.528332
-0.326276
-0.021064
0.461863
0.331071
-0.161449
-0.942981
-0.539500
-0.396012
-0.525913
-0.523660
-0.421666
-0.566404
-0.752903
-0.555412
-0.472288
-0.407360
-0.393310
-0.407745
-0.425603
-0.746672
-0.670310
-0.579654
-0.414157
-0.375148
-0.350100
0.124332
-0.266156
-0.422396
0.611408
0.202687
-0.065103
-0.365337
-0.363698
-0.310219
0.223812
0.197871
-0.008991
-0.167468
-0.365390
-0.391602
-0.430376
-0.422621
-0.262698
-0.105698
-0.044291
-0.227902
-0.362018
-0.402804
-0.253746
-0.883537
-0.523363
-0.408490
-0.960423
-0.557356
-0.448314
-0.423127
-0.399190
-0.399068
-0.863860
-0.599090
-0.457322
-0.439517
-0.426818
-0.461145
-0.453349
-0.473310
-0.467253
-0.464034
-0.491278
-0.469478
-0.453306
-0.342185
-0.287427
-0.084628
-0.087041
-0.016968
0.316041
0.113601
-0.386528
-0.433817
-0.484851
-0.185588
-0.015865
0.446022
-0.222028
-0.426622
-0.431959
-0.401782
-0.370498
-0.377457
-0.407437
-0.428092
-0.391439
-0.409848
-0.406329
-0.457581
-0.346484
-0.012612
0.606752
-0.359745
-0.617832
-0.567306
-0.444661
-0.417616
-0.391147
-0.490799
-0.386288
-0.711603
-0.457695
-0.425593
-0.410795
-0.421945
-0.446057
-0.481866
-0.446257
-0.412065
-0.441000
-0.450228
-0.289023
-0.324994
-0.354504
-0.727465
-1.063433
-0.034037
-0.054905
-0.241767
-0.354503
-0.427414
-0.418824
-0.379542
-0.172976
-0.164712
-0.189138
-0.447303
-0.412476
-0.428044
-0.418786
-0.404207
-0.112446
-0.319572
-0.413054
0.186891
-0.372166
-0.441440
-0.253042
0.283673
0.556741
-0.345333
-0.247141
-0.354645
-0.419935
-0.419871
-0.452682
0.023322
-0.322787
-0.449984
-0.436167
-0.309661
-0.405781
-0.436193
-0.421066
-0.416017
-0.731919
-0.415431
-0.370605
-0.872047
-0.384284
-0.333858
-0.468230
-0.487447
-0.287826
0.491769
-0.290425
-0.264585
-0.338078
-0.423542
-0.374103
-0.886341
-0.035286
-0.235756
-0.405726
-0.541531
-0.454325
-0.424458
-0.296648
0.004944
-0.111777
-0.277511
-0.171815
0.231824
-0.104270
-0.277657
-0.367177
-0.395130
-0.395851
-0.735805
-0.337672
-0.438321
-0.481436
-0.363246
-0.048477
0.737176
-0.457871
-0.549577
-0.404180
-0.336847
-0.238915
0.220233
-0.395821
-0.579124
-0.394953
-0.352289
-0.374045
-0.579040
-0.392092
-0.388787
-0.302450
-0.393746
-0.210975
0.200673
0.082938
-0.252446
-0.251522
-0.484167
-0.566676
-0.199944
-0.045991
-0.082794
-0.398992
-0.423381
-0.478075
-0.862281
-0.309412
-0.110735
-0.261250
-0.431331
-0.032360
-0.179834
-0.082351
-0.397462
-0.459880
-0.440348
-0.440822
-0.660041
-0.519261
-0.457751
-0.431198
-0.292192
0.518136
-0.374728
-0.270533
-0.437797
-0.261902
-0.319751
-0.110368
-0.031306
-0.056080
-0.535501
-0.374007
-0.377838
-0.675648
-0.311877
-0.468187
-0.311704
-0.243158
-0.360309
-0.231420
-0.227734
-0.029723
-0.340532
-0.404181
-0.388718
-0.585074
-0.179051
-0.083810
-0.377573
-0.565979
-0.442176
-0.284480
-0.373344
-0.323713
-0.295190
-0.302022
-0.277532
-0.280707
-0.337062
-0.336077
-0.126660
-0.333304
-0.388673
-0.319847
-0.395954
-0.682361
-0.055819
-0.208979
-0.262623
-0.147262
0.257372
-0.338158
-0.355422
-0.317929
-0.300683
-0.442537
-0.422435
-0.437063
-0.450369
-0.272624
-0.360638
-0.260278
-0.201283
-0.273710
-0.643960
-0.502935
-0.401859
-0.572900
-0.174591
-0.081718
-0.655916
-0.601061
-0.419553
-0.425079
-0.767583
-0.472622
-0.423120
-0.413822
-0.345727
-0.451902
-0.338903
-0.355730
-0.308076
-0.568739
-0.444076
-0.451846
-0.523588
-0.352399
-0.142943
-0.206846
-0.282033
-0.248476
-0.399112
-0.345298
-0.118361
-0.055638
-0.412236
-0.237863
0.410061
0.438578
-0.139463
-0.367456
-0.360194
-0.320907
-0.332543
-0.499924
-0.147375
0.037822
-0.150366
-0.232207
-0.305175
-0.256378
-0.506406
-0.498100
-0.446702
-0.383173
-0.311035
-0.263624
-0.023916
-0.321170
-0.432000
-0.408914
-0.817672
-0.788918
-0.656142
-0.034768
-0.286936
-0.247090
-0.337272
-0.326507
-0.590794
-0.680593
-0.547839
-0.582921
-0.469999
-0.499334
-0.146560
-0.238384
-0.410570
-0.408291
-0.181763
-0.325474
-0.760475
-0.498331
-0.400683
-0.212246
0.219100
0.605171
-0.008215
-0.740461
-0.497213
-0.602803
-0.315403
-0.243741
-0.153362
-0.002181
-0.129718
-0.275481
-0.276305
-0.307082
-0.563437
-0.442539
-0.412157
-0.416095
-0.665990
-0.314839
-0.193790
-0.185148
-0.425999
-0.439415
-0.503484
-0.585298
-0.235140
-0.097077
-0.040189
-0.267978
-0.439549
-0.483320
-0.379385
-0.454006
-0.412244
-0.414178
-0.414691
-0.326722
-0.270934
-0.329083
-0.445246
-0.314756
-0.239594
-0.249633
-0.369092
-0.331190
-0.398956
-0.355617
0.061396
-0.161230
-0.338575
-0.437366
-0.436918
-0.248329
-0.180686
-0.296388
-0.442688
-0.412463
-0.390141
-0.456333
-0.430434
-0.413528
-0.068468
-0.009386
0.382578
-0.017967
-0.352007
-0.431048
-0.485951
-0.397095
-0.420994
-0.420019
-0.731431
-0.470114
-0.406436
-0.417259
-0.253140
-0.366736
-0.538143
-0.424325
-0.281107
-0.374010
-0.441494
-0.407467
-0.403880
-0.386603
-0.708861
-0.724123
-0.992140
-0.799390
-0.484349
-0.392240
-0.316708
-0.346062
-0.411267
-0.152003
-0.032089
-0.171463
0.344155
-0.151828
-0.442927
-0.331959
-0.290748
-0.362916
-0.434516
-0.411648
-0.418882
-0.427865
-0.430279
-0.018190
0.035684
0.465219
0.847297
0.313533
-0.273999
-0.429547
-0.389326
-0.438449
-0.421941
-0.516172
-0.157837
-0.244270
-1.024672
-0.526265
0.400590
-0.178706
-0.370922
-0.331368
0.306388
-0.085894
-0.409151
-0.423612
-0.052881
-0.532117
-0.482705
-0.426436
-0.639189
-0.489803
-0.408890
-0.427510
-0.375877
-0.357450
-0.344476
-0.230086
-0.668779
-0.118545
0.104665
0.241073
-0.839370
-0.417996
-0.359065
-0.290159
-0.914481
-0.520987
-0.405037
-0.378199
-0.629161
-0.314744
-0.233964
-0.298694
-0.263813
-0.276974
-0.429291
-0.428839
-0.418084
-0.404604
0.157547
0.102428
0.878502
0.345483
0.477956
1.590771
0.250549
0.451148
0.092855
0.561097
0.368702
0.446624
0.311362
0.727423
0.493397
0.378423
0.734405
0.711046
0.178342
0.238907
0.665988
0.126179
0.296301
0.877249
0.338808
0.794675
0.197238
2.257554
0.438380
1.760843
0.378061
0.724945
0.494269
0.297199
0.451223
0.058971
0.576997
0.121073
0.217324
0.056180
0.045590
4.579744
2.654240
0.870885
0.333890
1.458196
0.215732
1.723962
0.580635
0.021795
3.579942
0.024097
1.101266
1.916758
0.876569
0.933477
2.599966
1.831626
2.954867
0.415314
0.318383
0.683808
0.209841
0.182753
0.203255
3.472421
0.550035
0.505286
0.486832
0.178091
0.612646
3.050013
0.079001
1.807529
1.544260
1.441262
0.172831
4.168738
1.836167
1.540472
2.579931
0.060773
0.378170
0.568827
0.441437
2.065998
4.015836
0.577284
0.721505
3.300080
1.308686
0.822173
0.104469
0.493521
2.060046
1.031920
0.194729
0.609738
0.466781
0.397792
2.213928
3.089341
0.132210
0.461587
0.808772
0.025996
0.097969
0.487761
1.331124
0.850163
0.368596
0.296599
1.522690
2.873697
0.383934
2.333250
2.812362
2.145907
1.694103
0.054962
0.968645
1.053096
0.574575
2.768167
2.881078
3.309394
0.363266
0.281619
0.772948
0.045670
0.109470
1.977302
0.865811
0.317649
0.192481
0.361797
1.238233
1.569942
0.226262
3.628926
0.698233
1.088077
2.069508
2.050381
0.371667
0.061856
1.422386
3.312800
0.396731
0.890695
0.494948
0.237131
0.265445
0.705927
0.609371
0.484983
0.626203
0.128443
1.316302
1.482835
2.368156
1.256742
0.199324
0.395596
0.622200
2.209197
1.166323
1.300708
0.276966
1.965004
2.516278
0.470674
0.751817
0.010686
0.162264
0.035981
1.017920
2.003381
1.735775
0.579181
0.317560
0.428008
1.325018
1.204458
0.789231
0.774166
0.548135
0.088294
1.556841
1.888560
0.441977
0.475230
0.796307
0.730998
0.620904
0.940298
2.460607
1.035980
1.744939
0.914480
3.166902
3.469740
0.519521
0.093314
1.131241
1.590910
3.452111
0.462005
0.288918
0.995912
0.230103
2.239200
1.748656
0.609048
0.199037
0.677627
0.125087
0.431215
1.317808
0.048536
0.655363
0.012595
2.108417
0.191734
1.251957
0.214162
0.079882
1.075643
2.960763
3.167945
3.145328
0.250944
0.949786
0.284759
2.551022
2.590088
0.102894
0.231267
1.809054
0.318988
0.737171
1.643404
2.344331
0.440100
1.970920
0.173726
0.215026
1.482663
1.175483
0.660905
2.413893
1.755724
2.206470
1.914148
0.399284
0.686909
1.217456
0.053656
2.376402
2.498475
0.512054
2.603422
0.025250
0.640378
0.877831
0.710511
1.438046
0.153259
2.129195
0.406520
0.373805
2.690637
0.240247
0.993233
0.655835
0.475320
0.755703
0.016448
0.947023
0.536165
2.353555
0.422964
0.170607
1.785281
0.164710
0.832529
0.954259
1.537226
0.024336
0.540683
0.115334
0.355197
2.682869
0.248555
0.535644
1.836647
0.778638
0.099867
1.174300
0.792643
0.724320
0.144283
0.991859
0.794550
1.331371
0.000296
1.213271
0.883793
0.734892
0.547379
0.438214
2.097378
0.329336
0.419798
0.426460
0.138355
2.042426
1.283758
1.341591
2.549428
0.246894
1.549761
2.246506
0.335698
2.064493
1.211273
0.365662
2.532789
0.165962
0.587081
0.675320
0.380385
0.669237
0.167718
1.117159
0.976195
0.598444
1.567209
0.701425
0.538017
0.357170
0.330285
1.262379
1.516554
0.171070
0.165441
0.189718
1.761964
2.809914
0.903162
0.707999
3.146955
0.215512
0.734795
1.123668
1.415625
2.099425
1.362176
1.943542
0.782814
0.225392
0.467189
0.054571
0.617873
2.343275
1.086722
0.552902
1.429407
0.298919
0.079491
0.335725
1.643475
2.010364
0.228501
0.681397
0.319125
0.065599
1.347417
3.134258
0.018931
0.934211
0.846569
1.620426
1.623052
0.242070
0.146606
0.434078
2.217087
2.931996
0.529251
1.013927
1.708996
0.251988
0.787553
0.654648
1.309258
0.021600
0.226515
0.103899
1.267583
1.026681
1.052353
0.432479
0.714300
0.570505
1.028558
0.692489
0.636342
0.223307
0.031551
0.417623
2.731788
1.286118
0.042985
0.708483
0.961086
0.201211
0.070913
3.404119
0.107762
0.427881
0.427116
0.004186
0.011181
0.017056
0.651800
0.381514
2.704622
1.525458
1.289777
0.362163
0.360309
0.228382
1.410776
2.786309
2.006506
0.453877
0.582094
0.273502
1.500468
0.598825
0.936878
3.256338
0.183395
2.499622
0.228031
0.196314
0.230954
0.279179
0.377141
2.615184
3.139254
1.115689
0.520479
2.459392
0.690741
0.533539
0.000573
0.089161
0.057518
0.600044
0.220899
2.032993
1.471269
0.776802
0.069478
0.165392
0.706599
0.769701
0.609611
1.075670
0.916972
0.014476
0.146173
1.506978
0.337926
0.236646
1.999071
1.396371
0.305767
1.000136
0.070272
1.253906
1.249656
0.151141
0.918219
2.062881
0.836379
0.406349
1.260981
0.720954
0.533978
0.816856
0.857646
1.595224
1.690374
0.133477
0.864361
1.578865
0.140982
1.441361
1.946158
1.966507
1.822816
0.575460
4.397361
3.302063
0.205290
0.092702
0.084331
0.440976
1.097162
0.362334
1.463291
1.440368
0.064172
0.636136
2.191925
0.007562
0.666159
0.129794
3.690325
3.254010
2.329533
0.543478
0.306625
0.080690
2.139875
0.480862
4.482792
0.227206
0.779066
0.634123
3.226112
2.602873
0.832332
3.308561
0.807315
1.983225
0.269027
0.618150
4.271138
0.503014
1.265175
0.499935
2.363073
1.160903
0.040168
0.788837
0.048512
0.351211
0.718734
0.693681
2.428635
0.669349
0.151703
0.166694
2.834370
1.290891
0.239196
1.048728
0.023495
2.977494
0.191038
0.110168
1.974409
0.715503
0.547011
3.298000
1.584384
0.073203
1.249844
0.480788
1.041692
0.072606
0.234463
0.247049
0.021028
1.020973
0.228359
1.574699
2.910275
0.467958
1.215858
0.299958
0.439657
1.881446
0.506395
0.358636
0.262399
0.776219
0.724847
1.393890
0.653437
0.407386
0.486858
1.328860
0.636747
0.218841
0.774233
0.142297
1.069386
0.391986
1.658239
2.302444
2.579450
0.186068
0.519113
0.403202
0.547344
0.028281
0.686461
0.260178
2.228927
3.088831
0.297938
0.891265
0.426514
1.733195
0.405306
2.903710
1.753955
1.378620
3.419129
0.273043
1.036699
0.347544
1.170600
0.210602
0.709491
0.001951
0.950480
1.762827
0.693213
0.331951
0.961916
0.544503
1.715848
4.014015
0.275715
0.102345
3.124826
1.610253
0.494216
2.676665
0.015427
0.460041
2.325612
0.556375
0.780161
0.050593
2.465866
2.195802
0.092648
2.647542
1.084405
1.214473
0.907281
3.040870
3.087628
0.124714
2.667288
2.527674
0.587154
1.844733
4.678684
0.170822
0.295477
1.773033
0.070568
1.308129
0.959194
0.349665
0.470846
1.007336
0.945439
1.106519
1.247619
1.103203
1.076553
0.554447
0.884451
0.383747
0.756979
0.584908
0.769537
0.768541
0.881633
0.878756
0.857562
0.619219
0.967417
0.727267
0.895180
1.015267
0.302623
0.533758
1.065596
1.225820
2.042800
1.451362
1.675394
1.583048
1.337874
1.437806
1.584748
0.749522
1.151904
0.997128
1.104929
1.107097
1.011405
1.044720
1.276405
1.076451
1.358621
1.582346
1.425729
1.414027
0.758407
0.894935
1.285683
1.542221
2.078377
1.672508
2.017469
2.047794
1.574448
1.692779
1.226218
1.034406
1.597882
1.400924
1.330213
1.568985
1.442943
1.266531
1.608244
1.211684
1.564725
1.616493
1.689437
1.785092
0.434976
0.882569
1.466434
1.874309
1.658791
1.700622
1.583200
1.720755
1.472723
1.726500
1.307410
1.803594
1.169021
1.484575
1.441532
1.672923
1.491662
1.380334
1.674774
1.345550
1.639070
1.318828
1.563064
1.632930
0.750245
0.930514
1.295935
1.797072
1.430264
1.664094
1.489280
1.595350
1.582132
1.389394
1.269012
1.282986
1.211167
1.576286
1.837508
1.706379
1.686196
1.833415
1.449912
1.704999
1.946540
1.607393
1.675192
1.552732
0.817620
0.870799
1.473155
1.975171
1.546474
1.605272
1.439547
1.457770
1.349085
1.001151
1.681602
1.207915
1.677900
1.515839
1.795212
2.006229
1.903402
1.917129
1.931854
1.542506
1.794143
1.484156
1.600803
1.646678
0.620647
0.971231
1.316137
1.664613
1.633868
1.239485
1.312703
1.172032
1.526252
1.005356
1.102790
0.794527
1.347480
1.059341
1.845048
1.604077
1.791274
1.728315
1.958320
1.513251
1.683461
1.855026
1.529281
2.042166
0.819037
0.866356
1.336372
1.742040
1.921263
1.661146
1.460518
1.393907
1.292258
1.376519
1.037224
1.308643
1.581985
1.425118
2.040869
1.879350
1.699669
1.811884
1.595922
1.785235
1.429121
1.862558
1.325896
2.196606
0.643078
1.051454
1.276484
1.819782
1.328213
1.832446
1.102615
1.793015
1.462054
1.365085
0.955508
1.067983
1.245227
1.325124
1.495178
1.583510
1.773259
1.622906
1.633503
1.745296
1.510805
2.052806
2.132562
2.152364
0.489427
1.004205
1.138485
1.993905
1.483207
1.758405
1.385635
1.695656
1.556136
1.714347
1.862110
2.025239
1.648566
1.920938
2.144006
1.585041
2.323841
1.665314
2.062232
1.777355
1.660476
1.835954
1.848893
1.712301
1.162121
0.798112
1.417262
1.559393
1.494062
1.558843
1.596763
1.645362
1.631179
1.728392
1.403730
1.615965
1.507617
1.492011
1.579736
1.541199
1.871631
1.621529
1.630622
1.706810
1.897369
1.935924
1.650042
1.988301
0.909320
0.773741
1.357173
1.572462
1.662255
1.551898
1.574919
1.485914
2.000940
2.037015
2.128809
1.724799
1.960542
1.311316
1.733214
1.567900
1.691944
1.803566
1.555851
1.864520
1.394430
1.598589
1.778143
1.477563
0.679906
0.783288
1.029752
1.419272
1.467404
1.525789
1.717204
1.526696
1.717464
1.318932
2.022848
1.278181
1.846688
1.235336
1.501120
1.216921
1.634016
1.738123
1.442767
1.630033
1.616696
1.637338
1.810102
1.440709
0.902948
0.828909
1.289748
1.598554
1.553335
1.879440
1.960487
1.846844
2.017795
1.972544
1.946324
1.469748
1.717741
1.670359
1.730072
1.699293
1.855156
1.785012
1.695070
1.832404
1.434292
1.656739
1.402099
1.712146
0.664978
0.665716
1.078500
1.314312
1.518905
1.667894
1.684055
1.876565
1.654428
1.825519
1.708077
1.950863
1.619398
1.581045
1.633122
1.589611
1.789784
1.742929
1.712292
1.992057
1.608094
1.920396
1.497539
1.808237
0.536695
0.583073
1.347833
1.436613
1.938452
1.742891
1.915608
1.944625
1.826038
1.565053
1.708184
1.649081
1.625154
1.636068
1.852698
1.486380
1.638858
1.918672
1.663133
2.084447
1.609035
1.514004
1.957727
1.890108
0.571405
0.774069
1.248316
1.356818
1.809211
1.429573
1.804399
1.568191
1.679796
1.439122
1.636002
1.767886
1.796558
1.813926
1.710088
1.806237
1.653228
1.827522
1.638453
1.926501
1.819797
1.846004
1.643184
1.387641
0.847561
0.582153
1.073882
1.725007
1.504598
1.642998
1.814259
1.596402
1.493412
1.609565
1.843663
1.659442
1.887061
1.847322
1.429526
1.492136
1.481310
1.713566
1.553218
1.727690
1.645161
1.666252
1.641997
1.480153
0.896392
0.759798
1.278267
1.508055
1.708605
1.630383
1.640322
1.589515
1.637801
1.284213
1.867625
1.393285
1.814216
1.844407
1.653002
1.914158
1.677739
2.026309
1.699453
1.875075
1.619219
1.505078
1.655645
1.342694
0.888741
0.738715
1.084712
1.225784
1.789025
1.918946
1.559993
1.924499
1.594026
1.722872
1.872257
1.666248
1.587505
1.617880
1.287694
1.601551
1.191394
1.820591
1.420087
1.880733
1.798798
1.400763
1.589354
1.608042
0.647714
0.729482
1.022001
1.576446
1.488556
1.710240
1.545346
1.791340
1.599417
1.585521
1.298906
1.793881
1.330446
1.473638
1.367437
1.818171
1.574289
1.999708
1.541656
1.691941
1.582687
1.583293
1.657372
1.808982
0.539454
0.870617
1.049298
1.495966
1.789924
1.459744
1.828388
1.263404
1.584082
1.473446
1.463578
1.758471
1.400648
1.534241
1.215549
1.565391
1.320658
1.657723
1.304519
1.706188
1.617213
1.618731
1.959268
1.493149
0.728272
0.689248
1.389335
1.318745
1.835896
1.504324
1.342610
1.531935
1.318427
1.413893
1.537724
1.567220
1.480844
1.425599
1.707950
1.437362
1.794505
1.612807
1.372525
2.100493
1.228601
1.874314
2.200671
1.428044
0.965762
0.687911
1.547469
1.469040
1.763096
1.692397
1.387622
1.430723
1.362442
1.394969
1.774912
1.882690
1.666694
1.359594
1.671176
1.662225
1.826209
1.374123
1.597947
1.666175
1.410802
2.087125
1.811956
1.634478
1.148767
0.997846
1.298898
1.976550
1.574624
1.782360
1.748420
1.447678
1.478757
1.784725
1.231962
1.552224
1.999005
1.785311
1.617986
2.092000
1.820809
1.765847
1.887686
1.598729
2.072906
1.812417
1.828542
1.721349
0.958545
0.856380
0.864966
2.028749
1.154405
1.686500
1.768641
1.268056
1.454882
1.941225
1.621979
2.004010
1.705925
1.649299
1.855159
1.783810
1.902317
1.652359
1.817094
1.603654
1.918429
1.599554
1.950514
1.468687
0.730692
0.919170
1.070779
1.775621
1.444974
1.643546
1.568847
1.621531
2.054878
1.722707
1.763734
1.946017
1.906948
1.507188
1.812183
1.481482
1.839244
1.572328
1.724588
1.729988
1.925399
1.710484
1.964384
1.536795
0.449718
0.245262
0.546732
0.631356
0.686603
0.752786
0.806292
0.821759
0.792177
0.978905
1.157593
0.805353
1.076028
0.703934
0.854183
0.796997
0.718523
0.838846
0.953185
0.854493
1.015287
0.924152
0.729479
0.802418
0.359130
1.687204
0.466462
0.686642
1.053817
0.431038
0.517168
1.146025
0.153046
1.058169
0.111659
0.292696
0.121225
0.482988
0.101698
0.081598
0.205701
0.289089
0.100629
0.014536
0.504288
0.460094
0.409285
0.220685
1.299250
2.603228
1.023246
0.561172
0.074869
0.371758
0.376571
1.041172
0.144481
0.868459
0.250653
0.234378
0.363015
0.414365
0.140959
0.355889
0.030313
0.197496
0.335621
0.099913
0.078042
0.105502
0.809735
0.000073
1.992591
3.010361
1.334827
0.037299
0.792437
0.083120
0.072950
0.398688
0.133883
0.289074
0.438117
0.118820
0.493438
0.183613
0.030488
0.170975
0.088556
0.297424
0.599242
0.339507
0.286187
0.182374
0.508065
0.225337
1.768918
3.180312
1.383649
0.585842
0.905017
0.239283
0.438418
0.230791
0.471249
0.175348
0.689089
0.706738
0.310909
0.426463
0.439749
0.331590
0.204127
0.548146
0.962302
0.444565
0.601618
0.329672
0.115387
0.796743
1.615587
3.173433
1.037863
0.578433
0.292321
0.302446
0.322310
0.424385
0.383838
0.187590
0.336261
0.596197
0.233580
0.981168
0.246304
0.326448
0.238991
0.226281
0.636575
0.266960
0.439877
0.069951
0.168556
0.607444
1.949678
2.852467
1.427189
0.093694
0.316789
0.867916
0.326564
0.284790
0.037446
0.158800
0.212135
0.123157
0.573863
1.048876
0.073482
0.225713
0.207476
0.459000
0.410008
0.708477
0.394236
0.445106
0.291238
0.014638
2.075252
2.779320
1.533914
0.135410
0.278665
0.673737
0.426847
0.037664
0.269201
0.031308
0.621029
0.365374
0.753361
0.636694
0.021307
0.335064
0.011960
0.487292
0.002274
0.555438
0.056672
1.109502
0.190059
0.426215
1.901075
3.290097
1.382290
0.392305
0.149730
0.157397
0.122835
0.579080
0.402187
0.109785
0.505650
0.071674
0.632768
0.612914
0.192837
0.035877
0.056714
0.174468
0.119053
0.492250
0.464134
0.895698
0.100291
0.732445
1.589929
3.122871
1.055681
0.446491
0.257672
0.402514
0.212585
0.789543
0.838711
0.133697
0.965514
0.474515
0.326449
0.840635
0.259506
0.029633
0.323519
0.135246
0.227222
0.048132
0.760941
0.175206
0.194266
1.132546
1.648930
2.848964
1.041879
0.012807
0.142177
0.452928
0.311720
0.803687
1.150039
1.052666
0.595916
0.660128
0.129864
0.527068
0.162733
0.245613
0.558528
0.083017
0.623985
0.227775
0.270133
0.390795
0.132206
0.415231
2.036260
2.580357
0.956723
0.159186
0.239285
0.534167
0.620618
0.749858
0.924356
1.022398
0.094399
0.276771
0.324311
0.009767
0.385395
0.445965
0.726478
0.064771
0.448073
0.156285
0.157147
0.010219
0.008795
0.433238
1.842502
2.789443
0.805636
0.135546
0.416448
0.536331
0.512788
0.556961
0.448401
0.743011
0.134728
0.223086
0.007151
0.160135
0.211718
0.539554
0.041561
0.055997
0.076011
0.490130
0.531935
0.286787
0.038543
0.299157
1.826081
2.638024
0.820314
0.052820
0.140650
0.336884
0.150946
0.377576
0.177881
0.798846
0.080529
0.549237
0.254475
0.155540
0.369706
0.408040
0.319385
0.360551
0.220996
0.050549
0.478474
0.003008
0.010104
0.214507
1.913973
2.836057
0.921137
0.177197
0.207487
0.004967
0.558899
0.127721
0.399914
0.569231
0.111674
0.397606
0.340510
0.027867
0.406360
0.187182
0.394101
0.573085
0.666731
0.234642
0.688334
0.079144
0.229301
0.213733
1.997705
2.614585
0.905757
0.226843
0.052808
0.102810
0.364064
0.235310
0.245167
0.051191
0.104096
0.226867
0.226373
0.387266
0.294145
0.524887
0.036996
0.675179
0.759586
0.210541
0.482871
0.377207
0.535366
0.127358
1.574944
2.715201
0.831519
0.160503
0.030025
0.283344
0.149407
0.037196
0.094340
0.258907
0.133227
0.693052
0.088898
0.249533
0.478535
0.248300
0.398256
0.459379
0.608504
0.050081
0.266606
0.452644
0.927047
0.217904
1.352011
2.757286
0.629068
0.031876
0.103144
0.120582
0.398841
0.190201
0.371931
0.079723
0.018404
0.585373
0.235928
0.072963
0.131715
0.034615
0.075663
0.198700
0.190572
0.408107
0.868368
0.960276
0.772355
0.576706
1.580260
2.784825
0.092656
0.250521
0.326717
0.011496
0.244875
0.244697
0.224910
0.028215
0.212070
0.294775
0.402725
0.048827
0.202052
0.043110
0.220115
0.047483
0.382383
0.490672
0.031656
0.879845
0.154201
0.704257
1.812595
2.482481
0.491346
0.562760
0.203245
0.206754
0.459133
0.178849
0.457419
0.228044
0.702867
0.586944
0.589667
0.235927
0.287115
0.344802
0.143358
0.234990
0.209636
0.144329
0.492551
0.536102
0.395788
0.725720
1.730603
2.015234
1.417856
0.636164
0.389027
0.755211
0.533970
0.233374
0.629718
0.319396
0.722471
0.081893
0.621792
0.183779
0.165557
0.465022
0.438784
0.284003
0.135644
0.109288
0.348193
0.046404
0.169708
0.332565
1.262102
2.019767
1.708998
0.297573
0.215131
0.702688
0.720041
0.541584
0.472439
0.371360
0.903934
0.579536
0.807768
0.252368
0.359583
0.236935
0.144753
0.122945
0.347655
0.089764
0.315573
0.000118
0.909409
0.077002
1.052164
2.229551
1.760770
0.025821
0.171876
0.527493
0.384583
0.587470
0.444909
1.368694
1.046825
0.670076
1.141536
0.050590
0.644274
0.185086
0.361379
0.083727
0.692959
0.222060
0.660895
0.534958
0.917602
0.577232
1.383287
2.630907
1.699777
0.267810
0.440598
0.360725
0.044754
0.629726
0.029904
1.326784
0.786378
0.434957
0.516015
0.374921
0.343614
0.837236
0.479779
0.020103
0.037652
0.610529
0.591927
0.919699
0.055888
1.045213
2.122489
2.861712
1.589102
0.216620
0.596213
0.134888
0.200437
0.259653
0.159843
0.906242
0.346360
0.465075
0.007939
0.293528
0.136930
0.870126
0.060230
0.107696
0.523282
0.731421
0.501235
0.538626
0.175214
0.462752
2.262375
2.941767
1.169538
0.071237
0.321389
0.327688
0.076301
0.053872
0.013220
0.132738
0.146339
0.283495
0.556519
0.343179
0.425283
0.136968
0.683818
0.313484
0.849706
0.241877
0.483132
0.596020
0.042672
0.600135
1.826531
2.932746
0.880755
0.055200
0.542496
0.326099
0.010627
0.046002
0.289494
0.656432
0.171372
0.657010
0.725196
0.646395
0.513797
0.216977
0.793175
0.072037
0.812514
0.006940
0.390285
0.888095
0.355755
0.680561
1.403746
2.757833
1.060489
0.093923
0.554137
0.245780
0.024326
0.205484
0.175563
0.917976
0.199969
0.813518
0.477002
0.021266
0.442852
0.093629
0.454682
0.133297
0.426986
0.371569
0.421903
0.645187
0.564076
0.473738
1.508695
1.748207
0.786783
0.092153
0.201251
0.218917
0.008205
0.201189
0.174007
0.544079
0.190097
0.494767
0.053018
0.268880
0.312158
0.298693
0.238007
0.260719
0.101488
0.558994
0.278546
0.193621
0.473523
0.276146
1.118527
0.157611
0.150386
0.370501
0.109225
0.349606
0.492287
0.309101
-0.005921
0.455311
0.340164
-0.016830
0.369724
0.222756
0.144451
0.175699
0.048765
0.275287
0.228218
0.223763
0.240443
0.432366
0.261164
0.351548
-0.084682
-0.069363
-0.420186
-0.302594
-0.653227
-0.591761
-0.060902
-0.414740
-0.614591
-0.283637
-0.284267
-0.419042
-0.429748
0.030473
-0.304586
-0.221842
-0.246326
-0.130069
-0.032456
-0.326778
-0.459027
-0.289978
-0.583392
-0.385476
-0.450946
-0.149276
-0.142339
-0.109012
0.051926
0.244274
1.024988
0.281665
-0.656022
-0.147248
-0.305386
-0.026356
-0.235077
0.320359
-0.014840
-0.328823
-0.368323
-0.082229
-0.149859
-0.206521
-0.366572
0.497425
-0.163083
-0.693895
0.177014
-0.702330
-0.305869
-0.350989
-0.152030
-0.341567
0.005291
-0.167727
-0.640465
0.145213
-0.314088
-0.064862
0.231142
-0.237600
-0.024898
-0.171134
-0.256366
0.638440
-0.036912
-0.156022
-0.361630
-0.152035
-0.536041
-0.571936
1.355480
-0.179194
0.602990
-0.153266
-0.320415
-0.017646
0.532064
0.130626
-0.087664
0.892036
0.415511
-0.538637
0.574154
-0.667084
-0.208434
-0.324975
-0.398088
0.772263
-0.401825
-0.720327
0.281583
-0.034420
0.030329
0.042101
0.012752
-0.554099
-0.134279
-0.291498
-0.778868
-0.222170
-0.457589
-0.263536
0.227274
-0.099735
-0.256476
-0.625591
1.139350
0.344715
0.331727
0.025101
-0.231070
0.836854
-0.257764
-0.112088
0.894912
-0.183862
0.161014
1.039807
0.024478
-0.200990
0.929393
0.794351
0.175293
0.973736
0.576622
0.426211
0.237794
-0.082805
-0.153342
0.371762
0.367975
-0.344879
-0.652502
-0.265426
-0.733733
-0.243687
-0.122221
-0.268177
-0.375016
-0.314198
-0.205190
-0.151775
-0.431752
-0.298465
-0.286082
-0.465988
-0.460588
0.124328
-0.355567
0.023352
-0.459787
-0.009060
-0.419511
0.020853
-0.244805
-0.370495
-0.025835
1.449909
0.286241
-0.338928
-0.077783
-0.137531
-0.328757
0.212855
-0.606764
0.695353
0.898958
-0.046386
-0.341404
0.533847
0.180812
0.701283
-0.469628
0.053304
-0.557211
0.146516
-0.586283
-0.074458
0.147994
-0.102307
0.426940
-0.051936
-0.266567
-0.090104
0.385985
0.728874
-0.189613
1.104502
0.550805
-0.216512
-0.171945
-0.127054
-0.305098
-0.347904
0.161104
-0.225970
-0.030613
0.641690
0.779138
1.651683
0.325223
-0.413011
-0.168451
-0.712955
-0.334343
-0.809665
-0.156652
-0.532725
-0.043786
-0.176786
-0.391528
-0.443394
0.036439
-0.918224
-0.171026
-0.188302
-0.032314
-0.096682
1.458408
0.744688
-0.122142
-0.336096
-0.059442
-0.450321
-0.326317
-0.210075
0.019247
-0.135165
0.267031
-0.380576
0.163148
-0.850144
-0.055910
-0.253086
-0.064034
0.369662
0.348422
-0.024350
1.556162
-0.324116
-0.124413
-0.305276
0.148296
-0.133548
0.214771
-0.135863
0.362690
-0.543109
-0.143508
0.230154
1.565958
1.298557
0.767186
0.475142
0.838760
0.404947
0.553661
0.690098
0.129211
-0.221181
-0.125251
-1.121065
0.029557
-0.247308
-0.371900
-0.175924
1.461146
0.738400
-0.243631
-0.159399
-0.177091
-0.262479
0.251261
-0.082241
-0.433141
-0.166249
-0.385684
-0.579224
0.398308
0.141679
0.305546
-0.316733
-0.293131
-0.308481
0.560788
-0.025209
0.930650
-0.188313
-0.250746
-0.766622
0.616644
-0.585217
-0.169055
0.778475
0.457521
-0.065923
0.225107
0.382766
0.082253
0.402381
-0.185561
-0.201004
0.939037
-0.179218
-0.358178
-0.349754
0.016730
0.870559
-0.074012
-0.212824
-0.205885
-0.314765
-0.227646
-0.549753
0.884526
0.379939
-0.102071
-0.180891
-0.403201
-0.370636
-0.580260
-0.133034
-0.603633
-0.231918
-0.154954
-0.147097
-0.248802
-0.469288
-0.140209
-0.155494
-0.253518
-0.328783
-0.152894
0.187727
-0.388453
-0.006625
0.501323
-0.001954
-0.517859
-0.210832
0.333979
0.109484
-0.317472
-0.098538
-0.343737
0.003981
0.380900
0.032515
0.080033
0.089432
-0.266577
-0.201038
-0.271307
-0.482283
-0.339749
-0.185733
-0.036957
-0.081205
-0.193937
-0.463091
-0.146497
0.114205
-0.049427
-0.158769
-0.260318
0.127952
-0.079788
-0.296037
-0.072098
-0.432222
-0.072049
-0.473019
-0.292538
-0.013228
-0.238815
0.009972
0.351273
-0.003925
-0.169207
-0.291049
-0.029476
-0.390900
-0.160397
-0.158120
-0.071741
-0.105147
-0.093812
-0.113904
0.161816
-0.273644
0.172608
-0.628508
0.405037
-0.086983
0.532769
0.156220
-0.358576
-0.229996
-0.203287
-0.030921
0.250610
-0.444297
-0.293167
-0.125978
-0.004725
-0.135320
1.024585
-0.393815
-0.298002
-0.270806
0.258710
-0.163192
-0.034828
-0.120855
1.416741
0.223434
0.044012
-0.761192
-0.278869
-0.584679
-1.333312
-0.564284
-0.246619
0.232104
-0.077382
-0.498132
0.544995
-0.055398
-0.110708
-0.416132
0.347756
-0.154843
0.531959
0.073016
0.153881
-0.058392
-0.170331
-0.233296
0.022756
-0.103535
0.162710
-0.018219
0.305931
1.216077
0.343072
1.102811
0.252519
0.202283
-0.555543
-0.271338
0.776159
-0.209610
-0.253792
-0.156773
-0.167689
-0.309454
0.007174
-0.121668
-0.138007
-0.078715
-0.556249
-0.559304
-0.463193
-0.302472
-0.518160
0.475448
-0.234684
-0.250201
-0.411577
-0.115419
-0.599220
-0.259544
-0.243025
-0.060235
-0.035169
-0.397289
-0.068774
0.736730
0.102961
-0.400533
0.067190
-0.465217
0.115249
-0.265938
-0.242825
-0.235273
0.476536
-0.063801
-0.448318
-0.025962
0.275885
-0.000673
0.412959
1.654542
1.254648
0.187454
-0.257854
-0.288678
-0.070141
0.005110
0.013262
-0.414517
0.042052
-0.063278
0.868797
0.345152
0.805278
0.374785
-0.089763
-0.137978
-0.024445
0.184219
-0.623256
-0.262299
-0.017606
0.415393
0.367471
-0.612470
-0.277162
-0.426633
-0.333884
-0.199228
-0.438190
-0.538063
-0.115603
-0.662672
0.502198
-0.154252
-0.205656
-0.232840
-0.412937
-0.190127
-0.183075
-0.291713
0.052145
0.704822
-0.347055
0.605200
-0.445478
-0.108775
0.547620
-0.353755
0.015797
0.421207
1.682276
1.584601
-0.196910
0.199857
0.679029
-0.115532
-0.333938
-0.115724
-0.533647
-0.332045
-0.359073
0.031819
0.612073
0.328523
0.008119
-0.149927
-0.444204
0.187559
0.259785
-0.175225
0.150730
-0.246654
-0.311415
-0.620414
-0.855049
-0.261283
-0.361614
0.473506
0.314632
-0.327882
-0.076741
-0.299527
-0.169374
1.052108
0.856770
0.404826
-0.612390
-0.233758
-0.117150
-0.022361
-0.095321
0.129912
1.015378
0.234351
-0.290379
0.312847
0.226889
0.872168
0.306337
0.703573
-0.030554
-0.469551
0.198686
0.055027
0.822253
-0.185527
-0.416155
-0.131915
-0.428821
0.379967
-0.154329
-0.271985
0.095768
-0.091464
-0.179772
-0.525931
0.156646
-0.804422
-0.360279
-0.288383
-0.153966
-0.298415
0.047787
0.508131
0.994428
-0.042652
-0.019827
-0.157619
0.757062
0.080382
-0.506075
-0.147670
-0.316762
-0.581400
-0.229863
-0.048417
-0.152930
-0.382276
-0.540776
-0.460797
1.632071
0.066359
-0.060376
-0.069626
0.154415
-0.185123
-0.419632
-0.248234
-0.747949
-0.163142
-0.350155
-0.332105
0.039502
0.678960
0.467316
1.350708
0.519422
0.035557
0.075938
0.006332
0.020380
0.044679
0.017584
0.184265
0.013664
0.626714
0.023912
0.010567
0.791595
0.038796
0.227024
0.231456
0.182461
0.636941
0.045372
0.071598
0.022981
0.605519
1.851723
0.100248
0.046399
0.072771
0.022172
0.043203
0.074672
0.094869
0.056805
0.009616
0.037529
0.013803
0.083050
0.432707
0.058849
0.031402
0.050193
0.083238
0.056283
0.046552
0.035047
0.014443
0.100235
2.012959
0.002508
0.077102
0.016751
0.062191
0.022812
0.095116
0.042459
0.094336
0.152715
0.075305
0.049447
0.095216
0.005735
0.079100
0.040806
0.096827
0.100248
0.008335
0.018383
0.272807
0.062717
0.039459
0.141710
0.852125
0.651044
0.031267
0.073127
0.107966
0.053623
0.069622
0.039890
0.070389
0.046635
0.062215
0.015192
0.047094
0.086494
0.033428
0.053712
0.070285
0.002215
0.641542
0.070758
0.059996
0.143901
0.038130
0.116512
1.298571
0.682971
0.133297
0.125121
0.168798
0.082209
0.041367
0.117110
0.086554
0.063281
0.049013
0.045999
0.068248
0.000902
0.010927
0.057008
0.028589
0.090342
0.075938
0.083633
0.065510
0.085807
0.324952
0.134081
1.274790
0.707010
0.112337
0.000354
0.079039
0.088804
0.041945
0.051724
0.417371
0.082515
0.016713
0.011998
0.617549
0.109066
0.033051
0.036622
0.087935
0.069437
0.083307
0.142395
0.041970
0.618287
0.077795
0.147457
1.366873
0.197409
0.110197
0.044299
0.101776
0.116741
0.193355
0.306898
0.082847
0.089970
0.040360
0.025576
0.016377
0.043097
0.054231
0.169582
0.067227
0.067792
0.151356
0.061808
0.049710
0.028866
0.090638
0.077249
1.324668
0.219292
0.063849
0.006299
0.145479
0.984053
0.044968
0.051843
0.067640
0.043678
0.029689
0.004392
0.032283
0.108491
0.090394
0.090192
0.023395
0.085209
0.056705
0.086545
0.012797
0.494437
0.123241
0.099448
1.039978
0.574479
0.087548
0.064519
0.209968
0.004459
0.128214
0.095353
0.060829
0.027419
0.091255
0.036136
0.074846
0.072935
0.023683
0.045789
0.075331
0.060304
0.091778
0.197087
0.847093
0.199974
0.056463
0.085178
1.468451
0.181847
0.095803
0.088210
0.034578
0.101917
0.102158
0.049913
0.017169
0.075101
0.076329
0.389064
0.030424
0.019646
0.009265
0.038715
0.302413
0.071462
0.039451
0.013072
0.144018
0.062091
0.406294
0.183120
1.078604
0.022805
0.045965
0.018722
0.072028
0.040865
0.000534
0.075565
0.063078
0.024732
0.099489
0.024523
0.074569
0.022610
0.045878
0.053537
0.090482
0.076743
0.061076
0.017072
0.049856
0.019962
0.067672
0.167501
0.167045
0.193988
0.006424
0.081546
0.260782
0.045609
0.075209
0.116883
1.465660
0.097941
0.050145
0.039104
0.081703
0.064960
0.035021
0.033666
0.079413
0.059837
0.120431
0.042449
0.016062
0.026504
0.058140
0.188985
1.243442
1.045334
0.071430
0.356504
0.055377
0.027300
0.074477
0.065693
0.104425
0.091991
0.027860
0.118318
0.033614
0.040349
0.076819
0.076092
0.041902
0.037319
0.087458
0.029587
0.088364
0.713478
0.131173
0.100486
1.407045
0.046620
0.018673
0.040515
0.027400
0.089636
0.083504
0.010906
0.065562
0.204940
0.109217
0.081591
0.023203
0.075125
0.055130
0.031661
0.001165
0.000600
0.063549
0.100797
0.087564
0.005219
0.115330
0.109508
0.232022
0.378490
0.011481
0.060994
0.079871
0.035558
0.031188
0.081102
0.079348
0.037655
0.084266
0.050616
0.063239
0.088812
0.035451
0.051262
0.245072
0.087458
0.092723
0.052633
0.040856
0.146065
0.041241
0.078873
1.162632
1.351284
0.067929
0.141156
0.036439
0.550861
0.100412
0.123971
0.049655
0.075454
0.051812
0.076864
0.099901
0.036004
0.070626
0.051449
0.034547
0.041847
0.084199
0.045371
0.066971
0.021912
0.025922
0.114913
1.097482
0.578929
0.172262
0.019453
1.019010
0.069630
0.138900
0.083028
0.042971
0.051543
0.131115
0.033125
0.015432
0.089320
0.068813
0.015264
0.013150
0.076958
0.073882
0.865877
0.115442
0.149049
0.100312
0.143314
1.669227
0.043371
0.058130
0.366572
0.086451
0.087365
0.020322
0.037923
0.111497
0.148795
0.079143
0.042846
0.209334
0.022176
0.000773
0.002107
0.066825
0.061489
0.045100
0.103624
0.124975
0.048264
0.000326
0.113601
0.324971
0.031534
0.008667
0.084837
0.031277
0.033619
0.056864
0.110217
0.038403
0.023633
0.044184
0.156057
0.093709
0.251540
0.004459
0.082851
0.061631
0.059535
0.097099
0.048981
0.061597
0.007390
0.019549
0.127733
1.307633
0.995177
0.071885
0.035344
0.026004
0.080671
0.123551
0.018592
0.070554
0.058501
0.053436
0.087468
0.000893
0.020789
0.052378
0.074583
0.060701
0.088601
0.059085
0.030174
0.104837
0.053414
0.071082
0.137037
0.925474
0.137266
0.080340
0.045689
0.066862
0.059720
0.036313
0.025030
0.094919
0.020482
0.067717
0.024323
0.103558
0.040506
0.013350
0.019243
0.070031
0.079682
0.029083
0.035597
0.034010
0.142977
0.066757
0.084370
0.703106
0.517218
0.016015
0.061414
0.053332
0.064979
0.061933
0.100331
0.019633
0.076573
0.074669
0.107396
0.048574
0.152234
0.070102
0.039212
0.112678
0.050671
0.040030
0.007684
0.002902
0.138568
0.008494
0.087441
1.246797
0.069385
0.006380
0.077035
0.048163
0.068448
0.074818
0.046971
0.005575
0.072788
0.077420
0.009403
0.010557
0.111966
0.024653
0.035089
0.058430
0.046428
0.042034
0.830868
0.159430
0.137077
0.015374
0.098249
0.279242
0.636570
0.923288
0.115390
0.069993
0.059614
0.066150
0.042066
0.015406
0.002632
0.183133
0.076760
0.132901
0.026331
0.330170
0.024099
0.084006
0.118147
0.016855
0.078911
0.160472
0.016665
0.268551
0.133432
0.988842
1.845826
0.094200
0.102482
0.046848
0.050088
0.077166
0.002264
0.076929
0.004915
0.076734
0.122577
0.021201
0.036523
0.049824
0.066648
0.090871
0.105542
0.043581
0.041812
0.054149
0.348910
0.040618
0.222263
1.313131
0.000332
0.109567
0.057893
0.057979
0.010280
0.037518
0.105419
0.072095
0.647944
0.114789
0.075686
0.095682
0.050023
0.068874
0.047052
0.022519
0.097302
0.018027
0.013443
0.055751
0.092076
0.107783
0.172786
0.905972
0.097410
0.076442
0.038027
0.004513
0.038554
0.097596
0.105667
0.120400
0.339872
0.077308
0.073410
0.055803
0.124116
0.088180
0.213376
0.044646
0.099466
0.043898
0.058883
0.094013
0.023253
0.100736
0.095383
0.534127
0.062863
0.093801
0.053989
0.048505
0.099518
0.133670
0.086895
0.001770
0.080920
0.183166
0.129297
0.102915
0.107226
0.047386
0.040858
0.118461
0.136123
0.088689
0.050332
0.054674
0.126377
0.100394
0.128470
0.561418
-0.284437
-0.174654
0.563622
0.387592
0.176286
-0.053947
-0.208724
0.033884
-0.064500
0.468137
-0.221547
-0.333449
-0.100618
0.694148
0.627798
-0.022839
-0.165826
0.669328
0.558625
-0.096054
-0.171974
-0.062554
-0.053897
2.413796
0.418092
0.017188
-0.041612
0.065790
0.472856
1.901100
0.473690
0.586263
0.486123
0.081049
0.204640
-0.121058
-0.175719
0.662124
0.609008
-0.007035
0.959670
0.880417
0.903439
0.077386
0.327501
-0.055538
-0.454537
2.611993
0.868939
1.291852
1.669433
-0.021255
-0.141369
0.905950
2.350219
1.731821
0.675170
0.032426
0.146395
-0.067034
0.788582
1.792435
-0.106442
0.137893
1.696040
1.126608
-0.108915
1.068063
1.355590
-0.263133
-0.627267
2.293677
-0.206130
1.041745
1.236931
0.874158
1.012909
-0.167451
1.272262
1.632483
-0.020723
0.006838
0.495235
0.201123
-0.092311
2.356022
0.762388
-0.087722
0.839202
1.117234
0.915215
0.915265
1.134099
0.290886
-0.605449
3.599228
0.589377
-0.048539
-0.235651
-0.148759
2.893503
-0.151570
0.777577
2.609288
-0.158108
-0.206120
2.148825
0.893715
-0.268861
1.836806
1.519908
-0.012145
1.056061
-0.020434
0.590223
0.922918
1.341636
0.632737
-0.566474
4.541201
1.396835
-0.112007
-0.049149
-0.036114
2.213306
-0.077294
-0.180408
3.015694
1.805404
-0.130089
1.252978
1.117793
-0.174075
0.489094
1.356950
0.629738
1.391183
0.708787
-0.137574
0.245436
1.781248
0.005042
-0.697275
3.319972
1.081421
-0.237830
0.317656
0.698498
1.615110
-0.162456
-0.120947
2.313300
1.769837
0.163348
0.951612
1.861154
0.481382
-0.058494
0.564196
0.849996
1.133969
1.540155
0.554033
0.296565
1.251136
0.626647
-0.790947
2.611949
0.239320
-0.082116
-0.014997
0.917434
1.344206
-0.127925
-0.028466
1.997257
0.439566
-0.090806
0.296025
2.424613
1.244216
-0.138872
0.702088
1.061413
0.810332
0.409481
1.631422
1.892543
1.069571
0.660414
-0.783327
3.043799
-0.143773
-0.018016
-0.108548
0.574415
1.919167
-0.022923
-0.169782
1.064553
0.804035
0.262459
0.187618
0.670592
0.802540
1.415075
0.836799
0.108024
0.455413
-0.047762
1.996941
2.998796
1.390443
1.516065
-0.708275
3.216942
0.543369
1.115606
-0.188988
-0.026175
2.076788
0.876554
0.369914
0.839551
-0.164264
0.203706
0.794221
0.461186
-0.031066
1.241726
1.914089
-0.183073
-0.156376
1.104746
0.582497
-0.012463
1.156532
3.055842
-0.404810
3.272315
0.975850
0.654297
0.003080
-0.018975
0.173929
2.602641
1.785807
0.034400
0.124464
0.003338
0.393999
0.268067
0.624170
0.344072
0.987821
0.477380
0.001532
2.131348
0.955840
-0.318509
0.435869
1.348407
-0.510384
3.478944
-0.043731
-0.101697
1.248524
0.886414
-0.026899
1.260359
2.150003
1.117304
1.058148
0.412786
0.978299
0.119046
0.549325
0.188961
0.759674
1.508748
-0.154894
0.739805
1.835961
0.334878
0.532359
0.125706
-0.344718
2.275646
-0.181506
-0.113211
1.347397
1.300092
0.117058
-0.025462
1.153470
1.408341
-0.247205
1.303971
2.414722
0.667744
-0.003205
-0.027725
1.284920
1.248976
-0.088485
-0.038644
1.132419
-0.001376
0.596033
-0.097061
-0.608241
2.780051
-0.124211
-0.265075
1.216646
1.679446
0.559193
-0.158158
1.367576
1.642087
-0.298085
0.096206
1.743728
1.867008
1.321012
-0.049367
1.734426
0.911232
0.478921
-0.057480
0.487852
0.338313
-0.093650
0.952944
-0.568441
3.871161
-0.200967
-0.345057
1.136033
2.896456
0.685552
-0.096680
0.521302
1.561401
-0.040260
-0.206354
0.664535
1.093219
1.690323
0.301740
0.922182
2.473860
2.362565
0.095430
-0.118302
1.006389
-0.229737
0.220262
-0.359719
3.076364
0.310544
-0.343896
-0.184403
2.220601
1.693991
0.616536
0.353686
2.169390
0.803732
-0.366620
0.142541
-0.016439
1.149713
0.729092
-0.070655
1.640568
2.899346
1.855697
0.612779
-0.000981
-0.114381
0.562688
-0.305278
2.751554
0.642250
-0.050430
-0.114063
0.727282
0.771949
0.757335
1.641428
2.098312
0.846887
-0.147714
0.920828
0.633459
0.673523
1.414532
-0.095578
-0.179002
0.240825
2.339916
1.457299
0.371508
-0.055424
-0.010345
-0.423648
2.508817
-0.022874
0.995107
-0.027058
0.178139
1.381835
0.650134
0.585127
0.385596
0.552824
0.893386
0.584768
1.361325
0.940533
1.041027
-0.024363
0.105396
0.043321
0.389739
1.765114
1.876203
-0.012169
0.195815
-0.455767
2.056216
-0.139862
1.425753
-0.016288
0.014821
2.348485
1.331604
-0.107728
0.309432
0.922462
0.643995
1.057068
1.192964
0.493974
1.071917
-0.037987
-0.026468
0.545239
0.147789
2.113972
0.793497
0.293465
1.018906
-0.502635
2.650816
-0.222341
0.321969
1.418178
0.928677
0.603436
0.059498
-0.024181
1.260663
1.254413
-0.020886
0.780462
1.356644
0.767885
0.848418
-0.018429
-0.043118
0.777405
0.848415
1.006404
1.090407
0.739872
0.328456
-0.418902
2.531927
0.434562
0.393352
1.968707
2.782301
0.717649
0.582408
-0.210851
-0.103339
1.919956
1.757428
0.059215
0.517530
0.917673
0.412710
-0.020109
-0.004658
1.236353
0.990525
1.165530
1.087362
0.207839
-0.111266
-0.490163
1.252575
0.597644
0.393753
0.878969
2.222582
3.245270
0.569468
-0.227954
-0.122367
0.744562
1.948058
1.323837
-0.085326
1.299086
0.763687
-0.037948
-0.064076
0.731061
1.284026
1.400359
0.143184
0.186043
0.941201
-0.488307
1.540719
0.821036
-0.180419
-0.149745
1.667327
1.902775
0.399267
0.538834
1.974488
-0.105189
-0.069724
1.924911
0.047058
0.489467
0.825906
0.408808
1.085998
1.213529
0.331136
1.210876
0.397360
-0.090301
0.905261
-0.398320
2.125012
1.329197
-0.137662
-0.202266
0.742916
1.049699
1.014836
0.987292
3.147139
0.246129
-0.146652
1.455842
-0.000996
0.626676
-0.175604
-0.150186
1.846773
2.246355
0.881135
0.607091
1.028550
1.251815
-0.101221
-0.557451
1.940914
0.941473
1.060014
-0.412131
-0.109317
1.303764
1.569418
0.995757
1.064969
0.244669
0.158835
0.414295
0.212157
2.668356
0.836522
-0.271801
0.546749
1.539731
0.357105
-0.180020
-0.013031
1.823946
1.028476
-0.528767
3.626044
-0.017956
-0.056902
0.058817
0.150276
1.020635
0.898301
0.495528
1.170171
0.443556
-0.024075
-0.002074
-0.322880
1.736869
3.161045
1.369388
-0.024309
0.124272
1.072649
0.939297
-0.127049
1.503706
1.488825
-0.892641
3.792418
0.229812
0.056091
-0.111253
1.381845
1.148386
-0.196962
0.475325
2.166934
-0.081713
0.576976
1.243387
-0.153328
-0.143290
1.137555
0.850748
-0.074833
0.016614
0.813974
1.082158
1.484760
2.478673
1.426467
-0.667371
3.421653
0.779990
1.768317
0.637528
0.369949
0.736911
0.228051
1.212312
1.524183
0.691312
1.327709
2.841165
1.137807
-0.093127
0.698317
0.810046
0.542247
1.306116
-0.035267
-0.151812
1.961052
1.786685
-0.059527
-0.414042
-0.110927
-0.229186
-0.261136
-0.202570
-0.228589
-0.214291
-0.261498
-0.209889
-0.249943
-0.332245
-0.230526
-0.316624
-0.240653
-0.232728
-0.282498
-0.185755
-0.224495
-0.205110
-0.267805
-0.302900
-0.317879
-0.177538
-0.245403
-0.080464
0.209192
-0.155536
-0.107328
-0.308383
-0.147485
-0.251589
-0.055235
-0.111562
-0.059649
-0.178107
-0.081766
0.067452
-0.124007
0.057244
-0.132103
-0.027190
-0.077099
-0.032710
0.405619
-0.191125
0.442644
-0.207670
-0.124189
-0.087721
1.005862
-0.139244
2.243294
-0.133328
2.146880
-0.004160
0.717239
-0.052437
0.786118
0.134620
0.618569
0.608613
-0.013844
0.604003
0.399895
-0.014891
-0.001885
0.065808
0.128393
0.185761
1.866502
-0.071111
0.653785
-0.146118
0.025637
-0.122419
1.000878
0.034059
0.379337
0.700929
-0.051998
-0.005161
-0.018288
-0.064904
1.241851
-0.019900
-0.167487
-0.039506
-0.185961
-0.110893
-0.002425
-0.070779
-0.079336
0.469167
-0.195043
-0.035299
0.224544
-0.038354
0.879801
-0.052531
0.753219
-0.002183
-0.029715
0.191087
-0.096779
0.688400
0.314898
-0.046055
0.844757
1.478032
-0.055004
2.082488
-0.009431
0.271895
1.639517
-0.047520
1.255433
0.292917
-0.005468
1.185911
0.813188
-0.081756
-0.040416
-0.095217
0.116775
0.247649
1.138286
-0.013948
-0.051636
0.496815
1.221341
0.390956
1.309536
1.635664
0.246219
0.805638
-0.081292
0.505558
0.349165
-0.222534
1.075143
-0.016954
-0.013510
1.935418
1.611062
-0.109992
1.574141
-0.050595
-0.000823
-0.048913
1.100322
-0.048051
1.684731
0.927600
1.258966
-0.222599
0.629888
-0.069559
1.277979
1.687798
0.371453
1.188864
0.084032
-0.027078
0.685990
0.359762
0.263894
1.314451
0.308687
-0.212935
1.026121
-0.198892
0.121903
0.287880
1.276969
0.397280
0.279000
1.428248
2.046395
-0.061723
2.833477
-0.102204
2.455721
0.434846
1.176591
0.913445
1.665800
1.929098
1.068321
0.376186
0.147655
0.081836
-0.042413
-0.046549
0.386895
-0.040017
0.501033
-0.000494
1.028854
-0.038634
-0.066857
0.861305
0.217813
1.703478
1.377008
0.557942
1.577516
1.118871
0.081651
1.215066
0.698748
-0.070160
0.821007
0.178165
0.716494
1.505533
-0.129686
0.433179
0.359672
-0.035620
-0.066845
0.261759
0.634676
-0.012041
0.426573
-0.139618
-0.052520
-0.024844
-0.159295
0.771387
0.387977
1.021148
-0.045872
0.947456
0.960913
-0.053539
-0.112182
-0.161073
-0.166123
0.615207
-0.056646
0.992154
0.842700
-0.052563
0.989354
2.194939
-0.004107
1.034553
0.601307
0.572520
0.839747
1.745394
-0.045306
0.500278
-0.057931
-0.062199
0.164045
0.368912
0.068126
0.576111
2.046270
-0.027952
1.462158
0.157768
-0.168481
0.081874
1.461498
-0.166187
1.153706
-0.081126
-0.018054
0.468469
1.001609
0.691237
0.959240
0.974071
-0.029060
-0.023207
1.338417
0.199479
0.412735
1.914578
-0.053566
0.500372
2.421438
-0.101589
2.504948
2.173628
0.484686
1.691638
0.690925
-0.162410
0.519581
-0.029210
-0.025079
1.224304
1.668447
1.041123
1.276254
0.139943
1.725602
-0.069373
1.621400
-0.088702
0.312994
1.674992
-0.080743
1.742815
0.530246
0.295762
0.031732
0.387936
-0.047195
-0.002324
0.003846
-0.025925
0.065120
1.810175
-0.093222
1.851517
-0.036257
0.100976
-0.074719
-0.084777
1.740725
-0.051461
1.728932
0.658846
1.022647
0.554239
-0.054073
1.535027
-0.130745
0.474490
-0.096749
-0.011958
-0.039835
-0.078401
1.185787
-0.082898
2.404728
1.057289
0.763418
-0.001575
-0.034777
0.263798
1.379913
-0.110583
3.639143
-0.014514
0.244307
-0.032294
0.377150
-0.029389
-0.002588
1.990630
-0.009942
2.099519
0.364338
1.911387
0.285938
0.061656
0.417365
-0.033746
1.010595
-0.140888
0.037453
0.620689
-0.030736
1.173831
1.353783
-0.058405
1.153048
0.191346
0.146297
-0.079532
0.193924
-0.097993
0.296501
0.844538
0.707863
0.691346
1.677545
0.038518
-0.072929
-0.026925
-0.078439
-0.014740
0.147041
-0.016482
0.640725
1.100342
-0.101833
0.654015
0.970590
-0.070793
0.897310
0.567425
0.318912
0.026236
0.067851
0.431504
0.665370
1.415240
0.310628
-0.086140
0.414303
-0.173035
-0.090406
0.751978
0.561365
0.045932
1.201280
0.184512
0.262768
0.481202
-0.050275
1.402061
1.427510
0.600891
1.639198
-0.032106
0.357771
0.147182
-0.029667
0.267160
-0.039254
0.538868
-0.176478
1.662438
0.229364
0.593855
0.144018
0.030308
-0.065875
-0.070326
-0.044236
0.044339
1.744169
0.773145
-0.008859
1.871443
-0.134587
-0.048279
0.393719
-0.017513
1.788595
0.404529
1.089274
0.203992
0.392471
-0.008585
-0.121772
1.405111
-0.069680
-0.133520
0.688359
-0.126539
0.152819
0.289882
0.708977
0.393650
0.860986
-0.036776
0.632887
1.373116
0.839089
0.778691
1.206654
0.369456
0.128557
0.664613
0.257130
0.565736
0.360930
0.296425
-0.061650
-0.034621
0.483078
-0.042317
1.195097
0.082173
1.574550
-0.149568
0.981403
0.230415
0.181270
0.176908
1.236968
0.030167
1.767521
0.251594
0.151895
0.229298
-0.170885
0.678165
-0.005730
0.918841
1.309712
0.675854
0.131956
0.412726
1.560417
0.468567
0.577210
-0.016940
0.805077
-0.121472
0.224952
0.251643
-0.051696
0.432746
-0.111488
-0.006904
-0.006271
-0.130256
0.341268
-0.085047
0.895582
1.725757
1.344685
1.893254
1.367745
1.349213
-0.109681
0.904612
-0.001038
-0.000294
1.503150
-0.040129
0.226011
-0.092383
-0.107954
-0.007255
-0.068375
0.679939
-0.058310
0.393206
0.276104
-0.211115
0.473290
-0.087896
-0.059093
1.341809
-0.024173
0.953564
0.512686
0.516078
-0.067068
1.143819
1.272602
-0.070154
1.881367
-0.086488
0.905037
-0.181913
-0.073857
0.300294
0.569593
0.621949
1.384274
0.106320
2.591801
-0.130955
2.525495
2.105228
-0.037514
1.311467
-0.142874
-0.149650
-0.011383
1.414322
-0.034728
2.993261
1.600870
-0.008493
2.084318
-0.030099
1.509247
0.655127
1.098816
2.240349
0.308116
0.848861
0.981122
1.771185
2.913627
0.836476
1.268865
1.994862
-0.146444
1.472365
0.119674
-0.132699
0.525349
-0.055845
-0.315379
0.713804
-0.108500
-0.188561
-0.109353
-0.089499
0.434718
-0.011891
-0.082115
1.219333
-0.133017
0.972647
-0.139837
1.468358
-0.073447
1.264871
-0.014087
1.464700
-0.108493
0.305732
0.806731
-0.136461
3.144098
0.704921
1.292858
0.722091
0.822146
-0.048869
-0.029246
-0.086807
0.062255
-0.104617
-0.107440
-0.070291
-0.202020
-0.139989
-0.179228
0.463262
-0.210016
1.771740
-0.096848
-0.149184
-0.149040
-0.253524
-0.008422
-0.210598
0.682599
-0.112481
-0.101729
-0.138354
1.274501
0.412889
1.479718
0.210843
0.610074
-0.024716
1.100424
1.663526
2.756752
0.666732
2.832673
0.600084
-0.100193
0.861875
-0.089234
1.999831
0.585947
3.789635
0.765053
1.228972
1.384915
1.030684
1.945481
0.772078
2.912957
0.261735
1.444027
-0.020237
-0.046883
-2.282947
-3.093136
-2.498273
-0.671510
-3.161198
-3.483849
-1.320468
-3.495946
-2.568128
-2.043721
-1.751072
-2.038213
-2.715508
-1.671764
-2.084430
-2.175016
-2.042053
-2.002822
-2.587852
-0.892621
-2.968617
-1.503538
-0.615689
-2.221774
-2.707278
-3.769324
-2.270278
-4.827382
-4.199848
-1.783335
-3.577391
-2.695206
-2.365301
-2.610101
-4.604673
-2.317937
-2.737150
-3.110154
-2.398849
-1.424665
-2.629944
-2.236351
-2.907254
-3.892227
-3.624635
-1.549850
-1.741728
-1.308019
-2.483661
-5.121835
-3.723159
-4.762654
-4.178545
-5.629258
-2.511183
-5.343255
-5.303582
-3.205233
-3.309826
-4.283553
-3.605874
-3.382864
-2.654591
-3.409939
-3.363113
-3.789474
-4.972989
-2.147896
-3.776673
-2.517371
-0.871227
-2.045823
-5.138060
-3.467572
-4.885839
-3.337464
-3.366328
-4.737055
-3.960741
-3.762938
-2.264952
-4.057931
-3.447792
-3.300975
-2.058923
-4.237305
-1.810421
-4.099977
-2.756013
-2.871645
-4.422748
-3.157206
-4.908197
-3.987720
-0.653372
-1.829005
-2.054255
-5.099524
-4.451990
-3.861381
-3.582557
-3.384943
-3.287617
-4.040850
-3.567924
-2.689117
-3.981875
-3.876988
-5.135800
-4.161458
-2.314553
-5.185526
-3.578007
-3.212096
-4.739445
-2.192808
-4.548181
-2.730571
-1.187940
-2.318280
-4.425790
-4.738642
-2.153946
-3.932295
-4.213669
-2.711784
-4.020370
-3.742567
-2.978161
-2.896176
-5.364620
-2.798666
-2.846021
-5.008563
-3.833781
-3.463365
-2.958725
-5.086203
-4.973427
-1.845394
-5.810226
-1.798027
-0.819325
-3.189269
-1.328742
-3.324096
-4.254956
-2.779599
-2.598895
-3.337571
-4.114825
-2.578291
-4.080172
-3.797066
-2.413043
-5.037169
-3.897982
-4.827783
-3.639777
-4.810551
-3.909289
-1.623489
-4.980622
-3.549376
-2.744560
-5.425117
-0.602830
-1.994040
-3.312256
-4.788592
-2.645506
-3.306077
-2.848639
-3.754835
-3.765561
-2.565178
-2.860101
-4.484076
-3.397725
-4.735587
-4.206186
-5.263301
-4.184725
-3.485230
-5.072682
-4.221745
-4.199252
-4.088931
-3.596952
-4.465224
-1.244320
-2.186539
-1.464043
-4.256815
-2.777627
-5.740836
-2.154310
-4.923567
-3.921118
-3.561686
-4.413795
-2.508731
-2.813624
-3.438306
-2.578147
-3.571021
-4.184773
-4.702487
-2.980042
-5.079974
-4.676679
-3.568489
-4.461407
-3.680253
-0.186873
-2.373424
-2.539356
-4.643664
-3.456622
-3.687952
-3.665860
-2.401456
-3.746888
-4.042755
-3.304643
-4.385378
-3.664267
-3.575366
-4.572627
-3.822519
-5.559150
-3.268077
-3.824868
-4.521202
-2.305382
-5.272252
-4.860074
-3.740420
-1.554373
-1.812936
-3.196781
-4.684644
-3.923274
-2.545001
-5.230850
-4.464035
-4.833810
-2.454845
-3.669449
-4.625751
-1.870148
-3.976415
-2.985612
-3.480743
-3.428546
-3.297325
-6.173426
-4.242224
-5.124714
-3.151509
-3.700614
-2.492278
-1.995334
-1.328931
-3.103384
-3.184829
-4.704562
-5.077384
-3.919507
-3.547852
-4.856191
-5.191437
-3.667241
-5.679229
-2.206801
-3.960714
-3.975754
-2.682405
-3.300135
-5.020643
-1.551803
-4.373561
-3.151059
-3.313745
-4.807673
-2.544195
-1.618215
-2.753503
-2.549648
-3.656464
-4.474272
-2.451998
-3.091716
-3.891052
-3.328856
-2.889098
-4.115095
-3.615126
-4.505713
-3.412093
-2.909766
-2.582191
-4.771603
-4.075291
-3.333633
-4.131315
-4.395659
-4.618458
-3.836475
-3.077035
-2.726463
-0.488569
-3.756625
-2.396731
-6.009190
-3.099340
-4.930737
-2.980806
-5.085805
-4.099449
-4.931011
-3.826339
-3.766354
-2.926925
-4.231401
-4.761624
-2.018465
-3.704911
-6.745987
-3.226630
-4.256449
-3.793289
-4.431965
-4.199089
-0.423794
-2.041705
-2.581868
-4.200946
-2.214414
-3.368039
-4.877690
-3.451296
-4.493415
-3.205965
-4.185618
-4.556712
-5.041775
-3.869923
-3.932360
-2.230121
-4.370829
-3.672794
-4.735910
-2.281865
-5.757047
-3.170170
-5.523298
-2.103828
-2.813839
-0.630422
-3.538719
-4.293249
-4.355577
-4.554632
-5.231496
-3.328723
-3.609848
-2.911299
-4.549239
-2.245830
-3.441935
-3.257744
-4.053746
-3.951987
-3.616701
-4.009205
-3.542123
-5.294056
-3.592779
-4.020463
-3.643052
-3.319512
-1.162141
-1.572698
-3.754476
-3.072722
-4.690571
-4.145804
-2.643343
-3.767858
-3.280354
-3.504438
-4.681748
-4.350424
-5.461855
-4.668974
-3.886352
-3.540257
-3.568657
-4.348565
-2.750448
-5.001702
-2.962485
-4.328387
-3.749977
-3.442850
-1.614697
-1.839159
-3.232977
-2.566183
-3.441819
-3.930357
-4.855457
-4.797050
-4.774090
-3.512051
-3.162024
-3.305103
-3.453988
-3.480063
-3.731877
-3.094432
-4.153445
-3.032964
-5.266356
-4.081700
-2.621921
-4.271806
-2.931879
-2.585468
-2.631322
1.270959
-4.836662
-2.488004
-4.983654
-3.721281
-4.545013
-2.073967
-3.915232
-3.363530
-3.254120
-4.687204
-2.893411
-4.311191
-3.832392
-4.012261
-4.613389
-5.038723
-3.141692
-2.342594
-3.733563
-3.394080
-4.229275
-3.816448
-0.082589
-2.049198
-2.473333
-1.967987
-4.362849
-3.627619
-4.373965
-4.501415
-5.141932
-3.650088
-4.233984
-3.503450
-2.801332
-3.381064
-4.092436
-2.810664
-2.938995
-4.794192
-3.514007
-5.065123
-4.699256
-2.780812
-4.417255
-3.001316
-1.746622
-1.004117
-2.039361
-2.817955
-2.848202
-3.615600
-2.712560
-5.189485
-2.061437
-4.334790
-4.114348
-2.664291
-4.563132
-2.489829
-4.386855
-5.411994
-4.815675
-2.895386
-4.975646
-3.959775
-3.499819
-3.258660
-3.663709
-4.437881
-1.145774
-1.599115
-1.657517
-3.886407
-3.466020
-4.315458
-3.555172
-2.991210
-4.565239
-3.088014
-3.885687
-3.648206
-3.754449
-3.982028
-1.690548
-2.855378
-4.089808
-4.395203
-3.518053
-4.372611
-5.027596
-3.277510
-4.813364
-4.488693
1.451542
-1.494488
-2.888155
-1.998769
-4.136916
-2.766612
-2.428470
-3.944130
-3.317497
-4.108778
-2.426594
-3.250147
-3.803750
-2.664336
-4.272649
-4.011875
-3.768301
-3.163039
-5.967714
-2.890526
-4.001061
-3.078137
-4.578166
-3.660177
-2.019788
-1.199399
-3.738960
-2.420073
-3.990080
-2.972028
-3.812690
-3.929647
-2.792270
-3.592803
-2.797176
-6.290345
-0.612348
-3.419163
-4.568046
-2.918792
-3.745988
-2.951557
-2.379543
-3.849515
-4.103809
-3.636888
-2.973609
-2.730976
-0.133487
-1.892379
-3.427748
-2.296652
-4.706740
-3.710281
-2.419587
-2.938340
-3.008513
-4.753641
-1.310860
-2.688383
-5.036986
-3.063203
-2.775354
-4.809983
-3.051628
-2.613099
-4.338854
-3.469313
-2.978435
-3.083079
-4.670660
-3.790151
-0.996574
0.356398
-3.007212
-3.737468
-2.381141
-2.824247
-4.379918
-2.508921
-4.191803
-3.014869
-4.168730
-2.958201
-4.311287
-4.316428
-3.683461
-3.779705
-3.959587
-4.479245
-4.338836
-3.057506
-4.779051
-5.108907
-1.769784
-3.698783
-0.716006
-2.595484
-2.959876
-3.470257
-2.864278
-2.819795
-3.328119
-2.703490
-4.316535
-1.750988
-4.222848
-3.804210
-4.721183
-2.734035
-3.812764
-2.999704
-6.066292
-0.743095
-3.803447
-4.460012
-2.753587
-3.592185
-4.741063
-2.849460
-1.235583
-0.615476
1.098909
-0.878280
-1.237254
-1.388656
-0.593120
-1.205461
-0.909425
-1.191574
-1.641134
-0.530390
-2.098247
-0.276215
-3.326470
-0.656040
-1.799385
-1.298712
-1.472006
-2.847715
-0.973161
-2.665802
0.357269
-2.315182
1.610180
0.969952
0.854698
0.412728
0.279338
1.390609
1.912821
0.250202
0.970422
0.293902
0.314003
1.726867
0.174766
2.277591
0.364648
0.479654
1.251896
0.568668
0.717232
1.256072
0.327395
1.253237
0.639434
0.139360
2.050111
0.587237
0.224935
2.815647
0.103278
2.171992
2.908474
0.521268
0.019946
1.732993
0.850613
3.038772
0.143022
2.525903
1.021768
0.227228
1.624805
0.206227
3.262789
0.061631
0.487290
1.490230
0.848773
0.341206
2.063526
0.603553
1.164725
2.922572
0.872018
0.616430
2.317265
1.041708
0.568692
1.216514
0.500383
1.623232
0.875905
0.499928
0.220242
0.042556
1.775889
1.110086
4.287035
1.607016
1.763502
0.765325
0.515022
0.216653
0.209214
0.575035
0.589951
1.826870
1.955963
0.559888
2.557683
1.075427
0.236883
1.375191
0.543004
0.461856
1.283414
0.504972
0.352564
0.489954
2.418379
2.530338
5.346581
2.871113
1.826232
0.010521
0.286627
1.371347
0.033546
1.405534
1.981159
1.389037
1.594343
2.165245
4.169455
0.836536
0.200891
0.869927
0.651784
0.963732
0.015947
0.924625
0.180533
1.151695
2.307574
1.624304
2.191865
2.107045
0.338203
0.872003
0.267936
2.473931
0.224009
1.676207
1.283446
0.430835
0.664239
0.311378
2.510942
0.166222
0.501527
0.134222
0.584212
1.099485
2.527297
1.492628
0.703000
1.376590
0.106479
1.754252
0.813678
1.108301
0.104654
1.506205
0.225802
0.138945
0.007168
0.920916
1.744122
0.736410
0.505726
0.730745
2.667300
0.898601
1.863817
0.431800
0.354468
0.190596
2.633086
0.583276
0.623386
0.603347
1.635653
1.342832
2.201501
0.055006
2.150697
0.942666
0.530245
0.648461
0.896536
0.151738
1.704358
1.455525
1.116315
0.178955
1.154692
0.144530
2.337753
0.091132
1.573675
0.943428
0.934722
1.012647
0.283292
1.898899
1.774881
0.404750
2.913796
0.368948
2.408292
1.517844
0.491882
1.419597
0.950280
0.240303
1.426284
0.251515
0.171608
0.866900
1.096447
1.164795
2.355170
1.229364
0.466036
1.208763
0.353802
0.725821
1.132079
2.747955
1.296173
0.183571
3.843086
0.749594
3.365623
2.851289
1.047001
0.088392
1.322669
0.098163
2.201592
0.106363
0.861445
1.898900
0.159383
2.652267
0.628446
0.721049
1.750178
1.212403
0.736226
0.990975
0.531345
0.602696
0.262256
0.477941
3.438669
0.142527
1.401893
0.744384
0.466983
0.236682
2.050570
0.345062
2.341744
0.744922
0.793821
1.580890
1.246857
2.624104
3.094237
0.840375
2.633352
0.327052
0.172423
1.538499
0.348447
1.399383
0.253668
2.601509
2.006833
0.800038
0.336322
1.194384
2.248940
0.690891
2.380318
1.435393
3.451711
1.590294
2.167962
3.497265
1.378811
1.707960
4.169609
2.829159
1.278631
1.463301
0.901153
2.189790
0.053573
1.950446
1.652400
2.619253
0.810020
0.609355
1.183636
2.262037
1.995825
0.013729
0.621563
1.931181
2.131145
0.186012
0.882110
1.404322
2.673543
1.875465
4.214413
2.840769
1.066185
0.646123
0.699370
2.819264
0.978710
1.965262
3.817534
2.202428
1.040525
1.267037
0.268439
2.403685
0.499159
0.780745
1.690437
2.175207
1.816083
0.288129
0.774112
0.551961
1.516128
0.946622
2.434638
2.594937
1.172450
0.333791
0.728332
4.126265
1.252738
1.951488
3.666442
0.102959
1.796007
1.598833
0.839214
1.545918
1.386188
1.671066
1.534066
2.095733
2.566448
0.150943
1.029437
1.229106
1.531509
0.001045
1.688612
0.590250
1.125627
2.073978
1.953701
3.500546
1.321303
2.314889
3.205688
0.467892
1.799104
2.124700
0.373702
1.162267
2.040298
0.071472
0.014693
2.387426
1.484554
1.757869
0.143529
1.237611
0.294360
0.683269
0.136760
1.013094
0.335526
0.535497
3.104558
2.566796
0.702314
1.412297
0.676174
0.653853
1.259359
0.255811
0.600560
1.354674
1.171913
0.840957
0.591869
2.083910
1.061680
0.597208
0.650698
0.545690
1.070497
1.133081
0.392239
2.397623
0.699830
1.052043
2.809048
1.012507
0.881053
0.081955
0.971302
0.341110
2.235184
0.897548
1.418056
0.328072
2.132785
0.002823
0.174325
0.551926
0.248124
3.074263
2.822273
1.596663
2.341317
0.908000
1.113735
3.038142
0.241595
1.759121
0.299763
1.917819
0.324105
0.282042
0.510807
0.418817
1.498402
0.913305
0.191395
0.098513
0.473151
0.982761
0.362223
0.855048
1.605918
2.854538
4.255829
1.578758
2.172878
0.260484
0.509368
2.391572
1.620160
1.364406
2.164389
1.644131
0.303079
0.336892
1.372684
0.842572
1.954095
1.279589
0.782509
3.020059
0.496957
2.132679
0.405269
0.604684
1.025399
1.440578
3.920781
0.278568
0.872586
0.426362
1.100346
1.663581
2.504997
0.507485
3.121039
1.446169
0.192132
1.446014
0.919909
0.334595
0.192764
2.018998
0.445475
2.452155
0.277061
1.526326
1.211952
1.354040
1.110043
0.171080
0.703067
0.440844
1.435401
0.125933
3.191909
1.002090
2.831008
0.970510
2.028971
0.255434
2.139799
0.920647
1.490389
0.168575
1.260453
2.675900
0.319328
1.205764
1.497488
1.207537
0.768069
0.744519
2.617136
0.403469
0.964369
0.731583
3.211049
0.081536
3.292665
0.318140
0.968204
0.544862
2.976000
0.302367
5.176934
0.326889
2.169373
0.724009
2.601936
2.429088
0.050862
0.401774
2.205840
0.806734
0.642069
1.581479
3.049328
1.504150
1.999335
1.031517
4.058777
0.938658
2.727290
0.512404
1.201400
0.763510
3.143234
0.767315
4.356764
0.886472
3.337536
0.211934
3.014260
2.876159
0.795504
0.850127
0.481097
0.603185
1.440098
3.009131
1.592065
2.329154
1.945732
0.915204
5.013605
0.735070
2.156531
1.104234
1.433077
1.458884
4.376915
0.580798
2.457922
0.407709
0.983240
1.450143
2.339685
1.107454
2.379573
0.126961
0.357475
1.109446
1.269485
2.334483
0.363908
1.735211
0.193110
2.103667
4.877417
1.011844
1.873524
1.531116
1.560109
2.672114
3.162483
1.055491
2.259342
0.281571
1.173099
1.119260
2.528346
0.142947
3.244472
1.245003
0.487441
2.054410
0.611533
2.587431
0.478200
2.493323
1.056029
1.798242
2.402218
0.638362
1.788502
0.529497
0.692568
3.397720
1.927916
2.722878
2.081313
1.042364
1.715317
2.391938
4.194944
1.323982
3.833455
2.235488
0.189339
1.314865
1.103457
1.972568
2.063823
2.949464
3.554088
1.827287
0.028017
0.738762
1.407598
0.078411
1.745452
4.191940
0.975739
4.278887
3.232489
2.163408
4.639393
1.655717
6.930472
0.277661
4.374418
0.657454
0.479373
0.955636
0.553791
2.109514
1.460886
2.390365
2.293093
1.077074
0.714117
1.982242
0.727605
0.787592
1.717134
2.263565
1.788934
2.565735
2.674978
1.654462
4.051215
0.782563
5.527265
0.714870
2.256112
0.310123
0.873135
2.168186
0.440494
0.037069
0.793701
1.779474
2.665033
3.254518
2.137695
1.671228
1.723953
1.575832
1.197093
0.957069
1.132813
1.008898
0.903077
0.328059
0.572557
0.809615
1.022427
1.123054
1.274748
1.925296
2.450741
2.127426
0.587148
0.768165
2.403996
3.331949
4.478441
3.974646
3.659215
3.358736
3.880774
3.316614
2.461630
2.731758
2.564888
2.716798
2.528377
2.638354
2.032795
2.532127
2.257576
2.258306
2.046575
2.546590
3.395121
3.914130
2.538367
2.023085
3.843364
3.392325
2.639441
2.466647
2.815618
3.238364
3.057366
2.707052
2.321846
2.217173
2.576518
2.182591
2.689092
2.837177
3.035066
2.610752
2.389843
2.617273
2.799040
2.996126
3.037354
3.639593
2.698193
1.784927
3.276243
2.598273
2.018715
1.771559
2.928807
3.879130
3.540445
2.567735
2.142304
2.119478
2.208395
2.207549
2.559834
2.964221
2.667450
2.388546
2.196465
3.126110
3.824705
4.035294
2.883691
2.326976
1.513761
1.738744
3.673715
3.652655
3.264054
2.859602
2.676904
3.044092
2.721328
1.857190
1.529206
1.645370
1.674208
1.845778
1.771695
2.520170
3.038487
2.651780
2.371167
2.740955
2.843724
1.736877
1.713892
2.362769
2.034180
1.680750
3.531524
3.517706
3.131016
2.513881
2.129941
1.780187
2.064755
2.046793
1.584424
1.612696
1.718941
2.371479
3.075139
3.529741
3.388098
3.422358
3.400632
3.181676
2.457165
2.010830
2.572052
2.491362
1.982348
1.498775
3.008155
3.814439
4.108026
3.921822
2.588910
1.831997
1.854293
1.914950
2.277732
1.952672
2.507809
2.752800
3.167402
3.267662
3.214938
3.296918
3.041091
2.816638
3.072058
2.998864
3.561318
2.551725
1.088166
1.523379
2.900231
2.696628
2.846020
2.782659
2.359286
1.576589
2.156765
1.459893
1.334755
1.179950
2.340792
2.939348
2.893371
2.299763
2.608595
2.597493
2.464310
1.972817
2.690981
3.675981
4.179809
3.215654
1.430612
2.026515
3.875091
3.703306
2.932983
2.729607
2.837499
2.675458
1.829890
1.866159
1.767406
1.563865
2.182571
2.859033
3.171828
2.618901
2.717411
3.300494
2.496531
2.263903
2.910144
3.056623
3.550988
4.535225
3.235592
1.873590
3.175107
3.372342
2.983725
3.523977
2.988279
2.654337
2.616257
2.799763
3.401313
2.441449
1.887411
2.146855
2.698485
3.313323
3.031237
2.918350
3.085278
3.578045
4.913428
5.356334
3.940869
3.601419
2.761799
1.611029
3.078218
2.726794
3.139180
3.322377
2.932360
2.154525
2.386090
3.646151
4.235196
4.117623
3.188874
3.338174
3.296885
3.817640
4.254524
3.492078
3.212334
2.916402
2.964044
3.262826
3.677395
3.384473
1.816246
1.190709
2.603913
2.241330
2.671043
3.219858
3.105111
2.377992
1.592381
2.328661
2.899282
3.259270
2.552931
2.059212
2.078396
2.228520
2.795146
3.141273
2.717165
2.486242
2.185562
2.598471
2.444888
2.292907
0.972442
0.974578
1.996940
2.061143
2.151505
2.866381
3.370829
2.854119
3.076839
2.955407
3.190246
2.625909
2.326908
2.069464
2.521284
2.493304
2.297402
2.094256
1.993730
2.615531
2.278722
2.649619
3.254084
3.196172
2.110997
1.201975
2.444423
2.474821
2.146668
2.161646
2.589667
2.702093
2.336976
1.935955
2.174865
2.657125
2.644819
1.846274
1.946185
2.734413
2.384444
2.175225
2.378845
2.865319
3.119708
2.987966
3.993100
4.037415
2.715631
1.049304
2.711220
2.917550
2.936121
2.582295
2.983657
3.321716
3.239329
2.529994
2.437862
2.804282
3.148587
2.616689
2.899116
3.084380
3.660305
3.225599
3.881623
3.642364
3.297971
3.226786
3.054878
3.316447
2.227288
0.315494
1.954101
2.688735
3.309551
3.141196
3.533083
3.555832
3.103989
2.637312
2.509579
3.394771
4.516594
3.571004
2.559540
1.925202
2.700801
2.847023
2.799283
2.353809
2.243462
2.881437
2.929693
2.351011
1.848447
0.655348
2.292401
2.868192
3.214508
3.104623
3.374788
3.203702
2.323346
1.974701
1.952350
2.253385
2.987063
2.716255
1.942749
1.243050
1.810280
2.453722
2.597398
3.008760
3.274906
3.868700
3.889397
3.717044
2.160146
1.232314
2.567929
2.350693
2.821856
2.587542
2.156507
1.512047
1.846558
2.437598
2.951508
2.924075
3.443132
3.181702
2.994146
2.797130
2.593413
2.985888
3.154144
4.079388
3.868195
2.701200
1.872769
2.277509
1.715188
1.354128
2.979151
2.585952
2.700335
2.683658
2.357017
2.127767
2.168743
2.590575
3.248977
3.729632
3.384245
3.281318
3.151360
3.079611
2.553815
2.494970
2.797383
3.380156
2.892676
2.648769
2.100244
2.697531
1.985029
0.469093
1.835397
2.584769
3.062187
3.271043
3.874503
3.160535
2.556379
2.067180
2.838825
3.624508
3.402563
2.299086
2.490788
3.026706
3.198461
3.057414
2.822744
2.837001
2.479060
2.462179
2.523267
2.614207
1.645790
0.238378
1.637401
2.003472
3.207613
3.500012
3.881200
3.571397
2.758609
3.017383
3.503325
3.847478
3.838173
2.731999
2.156125
2.071865
1.592915
1.981200
2.264252
2.853226
3.115457
3.567513
2.922321
2.048430
1.104595
0.307777
1.335657
1.758872
1.887429
2.793877
2.436677
2.401642
1.988050
2.900903
3.586031
3.398424
2.070546
1.766407
1.744086
2.826808
2.380337
2.405516
2.266430
2.710698
2.725122
2.837128
2.473072
2.035611
1.108507
0.773690
1.775653
2.404465
2.413508
2.977555
3.005238
2.069737
1.701881
1.694488
2.900252
2.862414
2.602118
1.711952
1.971342
2.784094
2.980138
2.646967
2.243687
2.764593
3.667986
3.280613
3.322686
3.147745
2.590593
1.211598
2.553260
2.308308
2.614045
2.437353
2.595500
1.582040
1.280126
1.327412
2.175462
2.234379
2.475346
2.118685
2.143476
2.449001
2.908416
2.599054
2.191599
2.423945
2.787113
3.270567
3.006023
2.805487
2.520379
1.268532
2.676440
2.374779
2.736798
2.520774
2.638784
2.794053
2.037750
1.953485
2.571061
3.094536
2.282761
2.652071
3.045798
3.301125
3.686584
3.463852
3.115524
2.400134
2.587173
2.970314
3.280365
2.996129
1.924960
1.849374
3.496173
3.328282
2.887886
2.898488
2.545781
3.626701
3.631568
3.388311
2.709267
3.449115
3.272533
3.644307
3.711418
3.864276
3.712351
3.609795
2.940681
1.948777
2.296406
3.192702
3.343229
2.647385
1.047123
0.898951
1.906280
2.049191
1.948909
2.207932
2.490869
2.996098
3.189259
3.799503
4.131903
4.215901
3.253574
3.596967
3.501791
2.733900
3.187649
3.340483
3.317341
2.571660
2.747957
3.150172
2.812271
1.573573
0.564923
0.795604
1.999542
2.082574
1.688636
1.798914
1.637446
1.517027
1.699763
2.226514
3.262113
3.422708
3.036715
2.128474
1.911495
1.813847
2.551759
2.938673
2.812334
1.542568
2.016423
2.112078
2.391921
1.145493
0.074396
0.610796
0.525430
0.012327
0.813329
0.742869
0.220632
0.210531
0.359992
0.146794
1.089856
0.190195
0.654774
0.268545
0.939699
0.535375
0.727841
0.954165
0.521441
0.702402
1.108538
0.504135
0.050675
1.027622
0.759905
0.049930
0.002707
0.140298
0.157902
0.143908
0.063243
0.059448
0.105853
0.245422
0.019351
0.231421
0.185649
0.039573
0.110846
0.365488
0.051157
0.583532
0.332884
0.080299
0.354379
0.169340
0.183195
0.245628
0.008629
0.055128
0.249703
0.019653
0.365224
0.040526
0.017865
0.073497
0.162254
0.153902
0.247222
0.076600
0.250329
0.106858
0.268740
0.090134
0.066696
0.194553
0.217068
0.072167
0.030869
0.000888
0.305472
0.176753
0.098523
0.223685
0.206774
0.120687
0.223834
0.610249
0.226955
1.373969
0.151031
0.072949
0.089635
0.928218
0.220342
0.509149
0.142425
0.282400
0.190056
0.307230
0.162457
0.045575
0.109526
0.008989
0.268946
0.100198
0.283957
0.011844
0.209079
0.100597
0.153901
0.132287
0.131864
0.833686
0.033337
0.024337
0.150706
0.327848
0.204130
0.773894
0.059709
0.084201
0.171630
0.525157
0.355143
0.111183
0.201109
0.279974
0.068026
0.115557
0.170558
0.069509
0.219881
0.229484
0.002082
0.020403
0.090951
0.277814
0.672456
0.034739
0.028810
0.048837
0.070581
0.167403
0.015701
0.866350
0.070615
0.309660
0.023874
0.051956
0.241271
0.029665
0.062070
0.123497
0.827652
0.543514
0.328652
0.264849
0.463737
0.123450
0.585781
0.121047
0.034252
0.019785
0.032936
0.121358
0.426550
0.203769
0.606264
0.640147
0.355460
0.056294
0.155714
0.227401
0.123146
0.030540
0.058232
0.174200
0.893582
0.080887
0.508422
0.149321
0.857213
0.131992
1.031219
0.035602
0.191549
0.095681
0.179950
0.055040
0.017931
0.223662
0.141756
0.311520
0.437983
0.121861
0.023278
0.028782
0.241851
0.259086
0.181165
0.155251
0.805626
0.310225
0.121662
0.387440
0.248896
0.001181
0.118442
0.675120
0.035924
0.010655
0.152059
0.042234
0.074219
0.266965
0.089657
0.333737
0.159486
0.709124
0.057731
0.415956
0.031808
0.116455
0.087722
0.240805
0.056214
0.196102
0.281644
0.053935
0.236138
0.274801
0.171455
0.535424
0.074870
0.998528
0.015482
0.259288
0.370181
0.151184
0.609993
0.164701
0.553691
0.085182
0.281004
0.120138
0.051347
0.184887
0.114864
0.189562
0.114039
0.007407
0.042714
0.223151
0.061835
0.030369
0.104011
0.057599
0.042977
0.100859
0.048232
0.621930
0.190412
0.950836
0.041911
0.121161
0.817701
0.442437
0.586070
0.044547
0.350396
0.507062
0.175766
0.144392
0.207909
0.305487
0.025011
0.090298
0.070445
0.465696
0.199544
0.237856
0.501264
0.074966
0.602183
0.146079
0.043754
0.705702
0.059480
0.326510
0.329219
0.070292
0.392583
0.038247
0.072462
0.305568
0.167295
0.168073
0.476919
0.854911
0.004282
0.120731
0.031699
0.051216
0.042860
0.707539
0.190771
0.298648
0.585671
0.136613
0.015748
0.103165
0.008319
0.129044
0.097753
0.054006
0.174826
0.080186
0.250095
0.469341
0.076901
0.207652
0.183565
0.509109
0.454644
0.038775
0.343278
0.145961
0.089804
0.005409
0.177415
0.133533
0.293445
0.050862
0.620359
0.020946
0.042212
0.037621
0.100246
0.081261
0.281633
0.136162
0.229505
0.083898
0.562199
0.119010
0.141505
0.034595
0.139139
0.243661
0.331185
0.349115
0.124207
0.037514
0.276091
0.606037
0.249310
0.729975
0.083817
0.512108
0.051961
0.072650
0.140112
0.083104
0.099337
0.263398
0.239579
0.000696
0.398655
0.210639
0.099474
0.564993
0.169562
0.090463
0.137591
0.012641
0.020206
0.017483
0.171645
0.076566
0.342941
0.315793
0.154988
0.014347
0.237182
0.124204
0.154071
0.072228
0.068020
0.384066
0.281433
0.114280
0.018372
0.292323
0.652069
0.376276
0.322202
0.126020
0.330919
0.144097
0.695430
0.067721
0.139219
0.115508
0.047353
0.094023
0.123806
0.037365
0.098870
0.502511
0.004478
0.521495
0.008198
0.065355
0.000897
0.156944
0.353690
0.024966
0.110609
1.144709
0.279562
0.955012
0.104942
0.154271
0.032255
0.141832
0.029612
0.065974
0.507426
0.043859
0.105649
0.157803
0.234540
0.287920
0.104540
0.095439
0.113435
0.094719
0.303760
0.270596
0.022725
0.313519
1.389753
0.365197
0.136844
0.156199
0.217582
0.117288
0.025198
0.092838
0.014599
0.248986
0.109702
0.050043
0.095875
0.161474
0.197346
0.044321
0.018834
0.116950
0.568288
0.058998
0.090955
0.028044
0.044737
0.367046
1.142038
0.005571
0.073637
0.503643
0.044817
0.081405
0.101069
0.428541
0.113378
0.195118
0.456911
0.711805
0.203538
0.738093
0.228445
0.279203
0.313765
0.181130
0.149456
0.691292
0.508246
0.111883
0.076833
0.203823
0.015661
0.808705
0.002725
0.078082
0.345737
0.310895
0.177141
0.288379
0.023145
0.151116
0.377872
0.137125
0.345684
0.479649
0.050410
0.078681
0.198997
0.191497
0.074123
0.608011
0.103039
0.753268
0.743940
0.135354
0.805074
0.743425
0.026299
0.143338
0.719094
0.311029
0.077255
0.200649
0.403091
0.004906
0.197610
0.288160
0.161450
0.040124
0.099032
0.364311
0.053331
0.168363
0.103287
0.114615
0.082942
0.699625
0.679422
0.065688
0.080498
0.365799
0.277002
0.093603
0.058079
0.063032
0.055362
0.157321
0.091047
0.021746
0.077471
0.020451
0.005621
0.139896
0.189890
0.125058
0.022413
0.533626
0.012855
0.001053
0.268327
0.229715
0.455089
0.027758
0.795585
0.205627
0.032488
0.004860
0.149020
0.165028
0.373318
0.060313
0.669778
0.273448
0.278184
0.378072
0.147409
1.041089
0.072135
0.015491
0.064987
0.060804
0.810831
0.048576
0.602277
0.067195
0.496587
0.026800
1.168190
0.183880
0.244527
0.018439
0.102665
0.037076
0.102875
0.255457
0.057281
0.547328
0.056529
0.047783
0.098666
0.237497
0.347465
0.378721
0.305180
0.168952
0.876543
0.031639
0.095973
0.034119
0.943316
0.034336
0.311569
0.103281
0.319435
0.107647
0.193621
0.395328
0.200661
0.206081
0.329786
0.279861
0.182249
0.062235
0.022092
0.352809
0.561799
0.091921
0.057649
0.618217
0.172725
0.194388
0.098400
0.164108
0.085641
0.034819
0.523510
0.060812
0.293073
0.191391
0.447952
0.888626
0.143924
0.104732
0.215269
0.311894
0.150991
0.252300
0.094567
0.250705
0.015356
0.025527
0.175142
0.042651
0.073042
0.038619
0.181616
0.192395
0.194100
0.011770
0.438736
0.102545
0.047995
0.327337
0.040222
0.100268
0.301200
0.094829
0.054592
0.185173
0.097803
0.112558
0.031357
0.199394
0.178126
0.041261
0.112610
0.243842
0.279764
0.056948
0.199708
0.363616
0.290230
0.415053
0.637081
-0.005759
-0.109498
-0.049892
0.182548
1.878477
1.726681
0.095763
-0.048755
-0.038906
-0.037603
-0.009141
-0.045530
-0.020230
-0.010406
-0.010202
-0.068873
-0.083819
-0.104632
-0.036766
-0.061113
-0.045080
-0.053889
0.099170
0.384415
0.287781
-0.014327
-0.039634
-0.046131
-0.118378
-0.139083
0.234881
-0.041004
-0.066743
-0.025199
0.231325
-0.022066
-0.033512
-0.031859
-0.027943
-0.001928
0.243307
-0.036291
0.279662
0.236734
-0.086807
-0.051994
-0.024320
-0.004389
1.415995
0.882186
0.421781
-0.034627
-0.000748
0.306176
1.351945
1.573219
0.488090
1.013229
-0.001525
0.043807
-0.067772
0.409976
0.510358
1.189782
0.336512
1.299273
-0.023598
0.170818
1.046233
-0.008582
-0.051861
-0.020776
0.850837
-0.022879
1.111115
1.683020
0.168771
-0.011195
0.000858
0.153183
-0.044741
-0.053463
-0.006446
-0.012310
0.835843
0.268306
0.199181
0.341975
0.168028
0.465888
0.751105
0.505486
0.613174
0.246458
-0.037488
-0.013458
0.613544
0.385339
1.111474
0.447686
0.244176
-0.035448
-0.028052
-0.047673
-0.048290
-0.034410
0.518127
-0.009934
0.301039
-0.026372
-0.011428
-0.134822
-0.038459
-0.002112
-0.057756
0.296542
1.014811
-0.030133
-0.034447
0.188057
-0.002095
-0.097831
-0.030145
-0.065661
0.672813
0.620826
-0.033177
-0.015664
-0.056419
1.027530
0.352966
0.267965
-0.029286
-0.005136
-0.000938
-0.003734
-0.040555
0.808854
-0.062138
-0.031740
1.388069
-0.009740
0.512290
-0.012639
-0.013467
-0.003399
0.082072
-0.038627
-0.053483
-0.031537
1.156335
1.566312
0.261297
-0.072946
-0.115999
-0.014842
-0.016168
1.082478
0.849415
0.916382
0.617096
-0.005264
0.112874
0.745198
-0.002687
0.012580
-0.032832
0.271286
0.060072
0.741759
-0.023706
-0.003183
0.358916
0.498732
0.394395
-0.032357
0.821660
0.212039
0.394082
0.080566
0.025379
0.007466
-0.033946
-0.053308
0.435437
0.277657
-0.072309
-0.009429
-0.077843
-0.004227
-0.026950
-0.047361
0.763342
1.233900
-0.025228
1.285761
-0.003537
-0.021596
-0.058943
0.210716
0.426094
0.564812
0.692806
-0.021725
-0.020598
0.447079
0.526734
-0.014402
-0.022312
0.069710
-0.015238
-0.013549
2.001848
0.326913
0.559231
0.305265
0.343057
0.331177
-0.018279
-0.031952
-0.024950
0.209289
-0.038806
-0.011203
-0.019322
0.679721
0.428717
-0.005419
1.066332
0.283345
0.471519
0.723992
0.133433
0.599658
2.593470
-0.063162
-0.047386
0.341407
0.940886
-0.001975
0.217270
-0.041105
-0.044407
0.007665
-0.018869
0.232444
0.379026
0.385299
0.575657
0.342324
0.570529
0.401070
-0.086419
-0.058060
-0.049420
-0.008217
0.559743
0.107349
-0.083674
-0.010942
-0.004434
-0.014652
-0.043994
-0.099721
0.341256
-0.035093
-0.009497
0.253381
-0.008356
0.522803
1.085657
-0.020819
-0.022395
0.362701
-0.082647
0.599795
-0.055270
0.556761
0.990610
0.035308
-0.012536
0.127884
0.035880
-0.048393
0.316158
-0.015459
-0.005213
-0.001435
1.094171
-0.017516
1.119266
-0.009083
0.913497
-0.027280
-0.061354
-0.013856
0.015866
-0.039964
-0.024626
-0.023212
-0.063368
-0.036546
0.167132
-0.072154
-0.003040
0.312079
0.863350
0.137855
-0.007170
1.289109
0.186046
-0.003199
0.710021
-0.029638
0.141765
-0.035016
-0.110229
0.325765
0.964453
-0.016660
0.359119
-0.001407
0.228339
-0.012594
0.604196
0.686781
0.343084
1.320839
-0.004524
0.302967
0.159559
-0.032388
0.199628
0.669787
0.637218
0.490500
-0.000726
-0.075919
-0.000650
1.046777
0.588282
0.043880
0.209383
0.618522
1.034640
0.922757
0.714084
0.936852
0.929378
-0.028553
-0.026058
0.404821
-0.088265
-0.051635
-0.087318
-0.108729
0.033440
-0.055281
-0.053813
-0.053430
0.781836
-0.067341
0.975049
1.644935
0.669963
0.465345
0.609154
-0.032210
0.406665
1.089350
0.620929
-0.054835
-0.005040
-0.052631
-0.088393
-0.005843
0.010512
2.592279
0.961895
0.044341
-0.003258
1.515006
1.686222
0.358585
1.310205
0.239780
-0.029588
0.582767
-0.038437
-0.010947
0.270308
-0.012885
-0.001959
-0.066714
-0.071383
0.287694
0.693113
-0.004055
-0.005548
-0.042566
0.348803
0.605627
0.542342
-0.011085
-0.082268
-0.066273
-0.057367
-0.070007
0.656890
-0.062728
-0.036640
-0.051824
-0.085269
-0.061141
-0.026886
-0.061369
-0.046805
1.432657
0.041873
0.116265
0.520932
0.571272
1.133627
-0.089954
-0.092264
-0.081809
0.754997
-0.054335
1.154440
0.386770
-0.129134
-0.083129
0.922193
-0.039738
0.173284
0.065425
1.662202
0.686161
-0.022871
-0.017831
0.248953
-0.031949
-0.070358
0.657918
0.836777
0.370706
0.376516
0.202357
-0.046762
0.294899
-0.035941
0.762688
0.528436
0.542389
0.099959
0.558858
-0.000507
-0.077148
-0.050339
-0.036852
-0.027595
1.072219
0.709599
1.573894
-0.008415
-0.044488
-0.054383
-0.024354
0.851088
-0.034573
0.587168
1.300784
-0.011399
-0.002772
-0.161252
-0.039209
0.740088
1.160547
-0.011534
1.075268
1.018448
-0.007325
-0.049522
-0.026221
-0.014105
-0.033737
-0.070944
-0.055545
0.265873
0.102829
-0.029803
-0.093218
0.481697
-0.054479
0.332532
0.145668
1.391860
-0.013682
-0.025430
-0.085275
-0.063353
-0.082734
0.304451
0.273141
1.333488
0.619760
0.363940
-0.003546
-0.009211
-0.052269
-0.058273
-0.020502
-0.047271
-0.050227
-0.116368
-0.032550
0.824452
-0.035524
1.099655
0.144099
1.104769
1.104254
1.119063
-0.038493
0.172978
-0.004533
-0.024298
-0.045563
0.450683
-0.006930
-0.025019
0.287080
-0.002621
1.009427
0.595818
0.721106
0.071140
0.835719
-0.083317
0.743344
-0.007052
-0.043331
-0.020947
0.007802
-0.063398
-0.042461
-0.029565
-0.028294
0.151133
-0.006354
-0.010184
-0.004020
0.094111
-0.073652
0.776177
-0.005622
2.227635
-0.031817
0.011622
0.643903
1.390065
0.730467
0.073228
0.587585
0.810308
-0.052299
-0.031368
0.625594
-0.007906
1.131597
1.643819
0.038239
-0.019671
1.077556
-0.020656
0.086446
1.055616
0.216132
1.760674
-0.085696
-0.008921
0.412983
0.608057
0.295557
1.894935
-0.033236
0.552722
0.074243
0.667629
-0.033537
-0.007250
0.142712
-0.023162
0.774635
-0.039516
0.259341
0.072637
1.131093
0.377160
-0.028441
0.559432
-0.080601
-0.075540
0.010268
-0.019986
-0.034679
-0.061460
-0.009734
0.607458
-0.030760
0.479936
0.996943
1.985955
0.462400
0.315187
1.377367
0.062752
0.475122
1.846766
-0.027942
-0.050619
0.458189
-0.052663
-0.059515
0.136489
0.533563
-0.023500
-0.006079
-0.003655
0.573567
-0.072487
0.286628
0.569559
0.174887
-0.023684
-0.069356
0.515969
-0.038762
-0.022247
-0.048902
1.193423
0.255418
-0.017846
1.014507
-0.015727
0.067540
-0.023887
-0.005274
0.630584
0.845969
0.945152
0.896652
0.856625
0.946947
0.141832
0.538044
-0.033286
0.117720
-0.009240
0.105734
1.265787
-0.010160
0.173070
-0.004695
-0.043503
0.434337
0.674799
0.100785
0.781991
0.937488
0.632064
0.229883
0.086933
0.061198
0.279231
0.085306
0.150424
0.267768
0.080593
0.053406
0.124059
0.150014
0.048379
0.814463
0.754220
0.162104
0.268917
0.373421
0.203283
0.235187
0.254632
0.577586
0.091971
0.025923
0.349106
0.318646
0.200472
0.087842
0.092164
1.491497
0.061598
0.065319
0.014339
0.258847
0.114409
0.260427
0.291648
0.133562
0.004927
0.067856
0.140671
2.719603
0.143644
1.058484
0.932621
1.501206
0.064363
0.936910
0.376754
0.337188
0.973050
0.039562
1.140534
2.595722
0.146490
0.092797
1.060415
0.112874
1.365683
1.755700
1.496903
0.430983
0.100550
0.185717
0.247566
0.313830
0.341546
0.262542
1.246225
2.680779
0.033078
0.250422
1.203209
0.036065
2.772278
0.215327
0.813052
1.491216
0.083484
0.989715
2.941823
1.045733
0.018097
0.377658
0.628325
0.020892
1.073358
2.619835
2.997859
2.554245
0.148804
0.141123
0.050249
0.011680
1.081165
0.209297
0.088017
0.418190
0.820397
0.938607
0.039293
0.823970
0.289008
0.138183
0.416744
0.021364
0.092426
0.721354
0.124788
0.011076
0.040068
1.321799
2.354076
2.825459
0.009697
2.439558
1.414062
2.297882
2.766299
1.545601
0.140430
0.111265
0.171966
0.393469
0.091718
1.887515
0.537403
0.132302
0.141481
0.072667
0.132190
1.389141
0.750236
0.087737
0.044745
0.050819
0.069772
0.024962
0.107433
0.855816
0.305289
2.668361
2.221701
2.096959
0.859092
0.015656
0.080918
0.087610
0.085874
0.739790
0.396820
0.094157
0.970894
0.034450
0.290182
0.074435
0.077687
0.144041
0.059126
0.135090
0.548358
0.432037
0.754211
2.284016
0.321054
0.090257
0.484154
0.607776
1.357610
0.007415
2.726907
1.865235
0.345633
0.159392
0.211281
0.180319
0.713760
2.701209
0.000965
0.075690
0.015497
0.256745
0.063743
0.246127
0.102845
0.064825
0.787422
1.405418
0.230892
0.329112
0.137622
0.036891
0.731190
0.020610
0.205364
0.287191
1.302445
0.877813
1.531255
0.054912
0.113923
1.798404
4.279461
2.871806
1.602511
0.056200
0.847705
0.035730
0.004573
0.061574
0.746012
0.759392
0.013459
0.174806
0.011078
0.050470
0.256083
0.091801
2.477096
0.185993
0.209273
0.060660
0.548205
1.176824
0.141140
0.176358
1.985547
2.020501
1.112280
0.057884
0.749547
0.170284
1.539023
0.027934
2.309641
3.619220
0.779705
0.042079
0.185168
0.063727
2.178146
0.146175
4.134944
1.415530
1.034986
0.289653
0.009861
0.010996
0.067906
0.251039
0.501928
2.127738
2.232898
1.262112
0.100842
0.031237
0.823856
0.215679
0.115654
2.992716
1.736788
2.616172
1.004563
0.014857
1.365020
0.119484
2.494821
2.633584
3.813898
0.043602
0.119430
1.755281
0.106644
0.018868
1.756113
0.178833
0.009065
0.011522
0.198066
0.076553
0.469770
0.106421
0.133089
0.064762
0.185463
2.049984
0.000247
0.460474
0.022962
0.040203
0.409639
0.736645
2.740050
1.143441
0.038045
0.328764
0.274950
0.237244
1.999798
0.066999
0.144575
0.138101
0.210828
0.814056
0.092892
0.248170
1.677488
1.477785
0.157931
1.025909
0.317745
0.156652
0.209715
0.214111
0.159641
0.127831
0.436830
1.147972
2.137783
2.083229
0.071476
0.093486
1.348515
2.650921
1.510239
0.088990
0.084540
3.472335
0.412736
0.381699
0.365142
1.248276
0.320258
0.255951
2.511468
2.165398
0.034381
0.195310
0.531736
0.733800
0.020740
0.254919
0.116662
1.828505
0.042561
0.783975
0.006061
1.272667
1.692933
0.092988
0.003113
3.553828
3.574301
0.015647
0.453395
0.247781
0.188403
0.584326
2.364208
2.485994
0.983137
0.058135
0.085038
0.628579
1.687107
0.074024
0.025105
0.015945
0.159054
0.020340
1.151105
0.477805
0.031346
0.090756
0.104285
0.007581
0.592337
0.024019
1.748611
0.006319
0.053127
0.070462
1.802563
2.158525
1.685912
0.072935
0.073488
0.107794
1.058011
2.016644
2.579518
2.239512
0.130845
0.091508
0.978694
0.052815
0.036889
0.161258
0.340567
0.459234
0.850974
0.183779
1.962652
1.189948
0.258921
0.376279
0.201087
0.101867
0.180619
0.029661
0.824552
0.149757
0.353600
0.134522
1.504058
3.066588
0.144394
0.112267
1.429109
0.110258
1.603412
0.126382
0.245703
0.061837
0.165195
0.166106
0.333615
0.746275
0.361727
0.081088
0.698298
0.166034
0.108285
0.343928
1.105506
0.902048
0.242239
0.214378
0.039075
0.534431
0.571993
0.019814
1.664162
0.135172
2.677259
1.637459
0.113414
0.187924
0.129362
0.298478
0.182186
0.327218
1.251650
1.570629
1.133341
0.091470
1.838747
0.208333
0.347595
0.933651
0.158441
0.214317
0.083429
0.062916
1.248194
2.588274
0.017276
0.391718
0.184243
1.459773
0.167682
1.677614
1.581166
0.083941
0.290505
0.226930
0.020925
0.838760
3.554989
0.088742
1.816897
0.131615
0.172590
0.359094
0.103918
0.228410
0.030941
0.125514
1.117705
1.160867
0.342662
0.203053
0.128619
0.014546
0.293481
0.097961
2.245102
1.859371
0.099375
0.274123
0.256066
0.088255
2.023470
2.095660
2.171810
0.278022
0.456682
0.949961
1.704248
1.266973
0.208001
0.393795
0.034291
0.008621
0.106041
0.060642
0.091392
3.446407
0.217514
0.349515
1.065872
2.391693
1.663459
0.285860
0.423008
0.477207
0.495239
1.084630
0.608239
1.538515
0.820379
0.592439
1.722287
0.724455
0.095853
0.205642
1.865359
2.143793
0.864046
0.127585
0.015345
2.600808
1.341264
0.304827
0.006336
0.060485
0.082714
0.098796
0.227924
0.589052
0.146999
0.117228
0.224682
0.269755
0.107649
1.064835
1.422896
1.102359
0.127335
0.035050
3.074498
3.682193
2.870772
0.045078
1.875344
2.795287
0.974288
0.028751
1.400166
1.255064
0.031148
0.034822
0.203726
0.023763
0.056555
1.022472
0.024770
0.349125
0.157698
0.086799
0.229162
0.351230
0.136311
0.323478
0.017615
0.096549
0.940650
0.172507
0.637361
3.256376
0.208661
0.405298
0.025360
0.457756
0.714598
0.079594
1.745720
0.584571
0.100452
0.659647
1.162985
0.293136
0.144552
0.720221
0.076444
0.089004
0.988514
0.075622
0.709193
0.157509
0.046930
0.225940
0.213314
2.157163
3.167096
0.097474
0.008999
0.030084
0.212768
0.184369
2.854035
1.013867
0.431217
1.292611
2.711142
1.263050
0.067531
1.661101
1.302226
0.297910
0.542047
0.198547
1.004643
1.227900
1.355349
0.090180
0.404736
0.316442
1.697192
0.136534
1.658599
2.901086
0.188780
0.279585
2.688990
3.084700
1.090922
0.973846
0.685078
1.270280
0.829138
1.243799
1.133128
0.176844
0.350952
0.080184
0.016021
1.367767
3.334665
2.640227
0.053888
0.712361
2.294294
0.128784
0.355224
3.667843
0.716080
0.343647
0.065832
1.680013
1.704333
0.090905
0.154696
0.029202
0.579503
-0.035987
-0.012395
0.535124
0.002667
-0.092651
0.497158
-0.005333
-0.075200
0.302429
-0.022685
0.387108
0.502581
0.764123
0.735062
-0.090700
2.029115
0.355929
-0.084110
-0.070325
0.585906
2.089983
0.589986
-0.131295
1.128104
1.030644
-0.004349
-0.011199
-0.116038
-0.020268
1.785820
1.573745
-0.009418
1.126379
0.906028
0.590552
0.895228
0.826566
-0.005136
1.659730
1.596061
-0.084675
-0.050147
-0.015612
2.798659
-0.006202
-0.058761
-0.016779
1.562962
-0.063373
-0.099199
-0.162024
1.170819
0.634427
1.216362
0.053144
-0.139337
0.746539
1.555313
-0.052699
1.715024
0.769190
0.050919
-0.005319
-0.086083
-0.063935
0.085775
0.655974
0.391827
-0.012327
-0.017704
-0.070131
-0.011746
-0.048581
-0.064351
-0.013561
2.470726
-0.134590
0.870487
-0.084919
0.591179
0.909740
0.543178
-0.072008
-0.002351
-0.081410
-0.055911
-0.021693
-0.117834
-0.034389
-0.019145
-0.042693
0.381114
0.366611
-0.062057
-0.063547
0.897780
-0.069647
-0.120556
3.429467
-0.056480
-0.013613
0.186627
-0.060547
2.121260
-0.099725
-0.003191
-0.068412
0.035935
-0.115144
0.677596
-0.029405
-0.098753
0.676493
-0.022273
1.218759
0.306326
-0.115973
1.020694
-0.107451
0.169531
-0.032572
2.382775
1.601316
-0.149512
0.134369
-0.090609
1.385119
0.707766
-0.110982
1.627677
1.306675
-0.065613
-0.032916
2.125291
-0.106420
0.559347
-0.056154
1.325113
0.142297
-0.108320
0.788464
-0.025059
-0.063323
1.074908
-0.002612
-0.117000
-0.143051
2.312025
-0.031637
0.218115
0.700189
-0.027941
-0.036503
-0.041215
0.592000
-0.102147
0.121339
-0.033904
0.223600
0.714157
-0.083781
2.597638
-0.125347
1.238699
1.406503
-0.096649
0.769463
-0.053419
-0.084155
1.114316
1.525888
1.872136
-0.223725
0.941992
-0.077037
2.219916
-0.087139
-0.102323
1.289155
-0.002116
-0.002216
0.127694
-0.035583
-0.034574
2.005552
0.618451
0.359829
1.443770
-0.133754
0.356605
1.147433
-0.017862
0.639711
0.371928
-0.087272
-0.037148
-0.024316
0.174120
-0.044771
1.973427
-0.239335
1.722012
2.280849
-0.005381
-0.114772
-0.006941
-0.008790
1.581961
0.830776
-0.059321
1.229406
-0.171347
1.455351
1.673077
-0.052436
-0.020988
0.725356
-0.071902
1.546711
0.851902
0.164801
-0.030899
1.240468
-0.031923
-0.030025
2.108487
-0.042167
-0.154404
-0.068814
0.042926
1.039889
1.259468
-0.118639
0.077968
-0.088387
0.812650
1.221194
-0.265937
0.161477
0.297635
0.483256
1.068259
0.864341
-0.071126
-0.052536
0.400843
-0.007226
-0.045622
-0.008581
-0.083544
1.388942
-0.064295
-0.053260
0.727052
1.370753
-0.091386
-0.079192
2.044292
0.089405
1.697575
-0.241320
-0.030416
3.549664
1.040510
-0.057931
-0.000215
-0.024549
-0.108831
1.962201
-0.047506
-0.008952
-0.061148
0.127783
2.330221
-0.056984
-0.074225
-0.047707
4.720618
-0.099240
-0.043599
2.843168
0.862375
-0.100994
-0.066511
-0.070495
2.409145
0.942847
-0.002434
-0.070195
2.626372
-0.066058
0.214807
0.347075
-0.029299
0.443645
-0.057148
0.444523
0.883051
-0.098727
0.489085
0.554582
0.754426
-0.077973
0.986912
0.687404
-0.118900
-0.064987
1.080656
0.322718
1.697541
-0.076610
-0.003503
0.345266
-0.024975
-0.097251
0.874767
-0.031362
1.930308
-0.101576
-0.084508
0.375354
1.489456
-0.024632
-0.109042
0.489591
0.575220
0.785854
-0.139783
-0.053369
1.315174
-0.015487
-0.055048
0.338140
1.624522
-0.128973
0.824149
0.203599
-0.104891
1.241141
-0.011885
-0.016561
0.483717
-0.121250
-0.005123
0.436690
0.301031
-0.085028
-0.080568
1.391178
-0.026851
-0.018428
-0.078864
2.630568
0.592421
-0.161246
-0.025554
0.365171
0.849804
-0.081321
0.997225
-0.048515
-0.057528
0.425948
2.181365
-0.026966
0.586673
-0.060649
0.319457
0.920414
1.543779
-0.080373
-0.033387
1.080204
-0.092254
0.524323
0.209000
3.107212
-0.199876
0.047538
0.346400
-0.018103
1.360806
-0.116425
1.750700
-0.125324
0.180397
0.492039
0.547720
-0.095251
0.426833
-0.116299
-0.044584
2.157267
0.086138
-0.150944
1.433627
-0.039656
-0.016410
1.109536
0.130056
0.175362
-0.004452
2.201976
-0.207786
-0.009721
0.598178
-0.029834
1.052803
-0.174212
2.351493
-0.079637
-0.074838
-0.000875
0.456884
-0.104382
2.709388
1.606923
-0.100968
-0.094300
1.739178
-0.109395
0.184204
-0.021245
0.597788
2.086336
1.876127
-0.169894
-0.015752
2.421401
-0.090602
1.184860
-0.008510
-0.066955
2.459984
-0.156743
-0.031250
1.589387
1.585709
-0.040968
0.320427
-0.110127
-0.109854
2.020545
1.417482
-0.078170
0.810968
2.191667
2.841072
2.132662
-0.144109
-0.156602
1.528760
-0.081366
-0.016436
2.481151
-0.008131
0.047951
0.269896
-0.076254
0.070364
1.503437
-0.124370
-0.039491
0.781081
0.646692
1.159978
-0.021194
-0.026234
-0.003315
1.586176
2.065504
0.043253
-0.088925
-0.248545
1.519952
-0.006684
1.164053
-0.004403
0.759321
1.215562
1.118941
-0.010521
-0.036106
0.308897
-0.040398
-0.105934
2.527446
2.124663
1.415318
-0.137439
-0.131425
1.106241
1.471816
1.286051
0.320015
-0.072688
-0.028259
-0.094015
1.581708
-0.089224
1.363716
-0.058650
1.324071
1.509691
-0.093108
-0.085542
-0.052011
1.193810
-0.080331
-0.026726
1.833363
2.842169
-0.191524
-0.218530
1.045133
2.033774
1.142813
-0.065733
-0.073696
1.490849
-0.056034
-0.134679
0.059801
-0.079595
-0.068176
1.270190
0.255964
-0.059546
-0.084621
1.064487
0.861283
1.083324
-0.055052
-0.046513
0.470168
0.844904
-0.281146
-0.012353
2.093209
0.580952
-0.067955
-0.031657
0.285827
0.169453
-0.142579
-0.051889
0.085320
-0.027618
1.352200
1.446415
-0.101061
-0.006339
1.521275
0.422831
-0.057485
-0.035876
-0.078190
-0.124764
0.241985
0.769713
-0.126597
0.805883
-0.071739
1.196793
-0.015385
0.661291
0.369181
-0.027218
-0.054846
-0.078832
2.017897
1.595243
-0.017686
-0.095142
-0.044108
1.694867
-0.084926
-0.060286
1.400147
0.662226
-0.061562
-0.029712
0.012038
1.293364
-0.119079
-0.050786
-0.023013
3.768590
-0.035528
-0.051560
-0.110737
-0.028727
0.280632
2.028333
-0.025972
-0.095668
-0.026135
-0.106815
0.769237
1.048902
-0.060873
0.642298
0.601804
-0.070818
-0.079503
-0.009143
-0.004519
1.548185
-0.132829
0.245344
1.792530
2.219999
-0.034587
-0.050358
-0.044903
2.144173
1.295563
-0.069644
-0.127568
2.240429
-0.033903
-0.088054
0.943629
-0.038587
-0.037876
-0.011338
0.669549
-0.017028
-0.070525
1.332250
0.614634
-0.025858
-0.076528
0.544606
0.334915
0.874220
-0.115785
-0.052859
0.699790
0.551655
-0.043465
-0.201855
1.203789
0.337086
0.025728
-0.016234
0.154405
-0.003463
1.554880
0.705237
-0.036340
-0.114963
-0.010628
0.663841
-0.058388
-0.046036
0.151587
0.312587
0.556684
0.190996
-0.090362
0.128001
0.314649
-0.022673
-0.063200
-0.090721
2.536472
1.546583
0.219770
-0.094742
0.670696
-0.269286
0.162054
-0.258693
-1.332510
-0.804816
-0.532260
-0.364926
-0.467851
-0.606319
-0.227842
-0.015435
-0.864757
-0.605781
-0.119071
0.172155
-0.769184
0.312966
-0.472971
-0.134924
0.287612
-0.211676
-0.463218
-0.091269
-1.804932
-0.485503
-1.285012
-0.681360
-0.726541
-2.182108
-0.468048
-0.356439
-1.744105
-0.779408
-1.235763
-0.533604
-0.716011
-1.462344
-0.374955
-1.169243
-1.320673
-1.038627
-1.021882
-1.506868
-1.202848
-1.049560
-1.206748
-1.132299
-1.303314
-0.189617
-1.826886
-1.069600
-1.182048
-2.202015
-0.538866
-1.592964
-0.916396
-0.728376
-0.492732
-1.289496
-0.412304
-0.712070
-0.815596
-0.512477
-0.435185
-1.150136
0.322026
-0.478447
-0.926550
-0.261956
-1.650164
-1.517458
-1.079932
0.072346
-1.943248
-0.948824
-0.813517
-0.180218
-0.906524
-1.002431
-1.197248
-0.511578
-0.455098
-1.391696
-0.718248
-0.890062
-1.439586
-0.980495
-1.875084
-1.027344
-1.130338
-1.492007
-0.978182
-1.134332
-0.570772
-0.507078
-1.212511
0.213622
-2.055889
-0.888906
-1.241235
-0.556922
-0.924562
-1.164141
-0.216904
-0.803088
-0.558730
-0.919682
-0.414279
-0.704773
0.180267
-0.921678
-0.987532
-1.516564
-0.519845
-1.837847
-0.528243
-1.145663
-1.630877
-1.042657
-1.297116
-0.574537
-1.243744
-1.571228
-1.324888
-1.465549
-0.293929
-1.320845
-1.346207
-0.460190
-0.357918
-1.668328
-0.639851
-1.927054
-0.584155
-2.651020
-0.351609
-1.360117
-0.556415
-1.491382
-0.443841
-0.440422
-0.548543
-1.579519
-0.649749
-1.258967
-0.363919
-1.059745
-0.806094
-0.301982
-0.019094
-0.436594
-1.239868
0.645231
0.219423
-1.377321
0.232701
-1.330727
0.947834
-1.516873
-0.499364
-1.311382
-1.285632
-1.530388
-0.599070
-1.181199
-1.336820
-1.473693
-1.420143
-0.970805
-1.718906
-1.088619
-1.995989
-1.190760
-0.665399
-1.718636
-1.443101
-0.035078
-1.459404
-1.871411
-0.485129
-1.573518
-0.669835
-1.202707
-1.552679
-0.494718
-1.075053
-0.851870
-0.489214
-0.120755
-1.696234
0.246149
-2.007483
-1.421950
-1.785107
-0.179010
-1.405862
0.777093
-1.318946
-0.597270
-0.577968
-0.396222
-1.011392
-0.450881
-0.207351
-1.454463
-0.620509
-0.158329
-1.009306
-0.451445
-0.945944
-1.170061
-0.944227
-1.480801
-1.237496
-1.163270
-2.409393
-1.028054
-1.648318
-1.172503
-0.938288
-0.875768
-1.087151
-1.011189
-0.726693
-0.182419
-2.268338
-1.126822
-0.889476
-1.237239
-1.054602
-2.029234
-0.824992
-1.184735
-0.942371
-0.908094
-0.701959
-0.946384
-0.288475
-1.162905
-1.482097
-1.357590
-0.437313
-1.366871
-0.461493
-0.721311
-1.352577
-0.696848
-0.788322
0.008952
-1.594289
-0.461933
-0.271123
-0.882210
0.291720
-0.319593
-0.612142
-0.933894
-0.714220
-0.504966
-1.378178
-0.682183
-1.175811
-1.380151
-1.273244
-0.520985
-1.185161
-0.713764
-1.155923
-1.388933
-0.678518
-2.143337
0.328425
-1.460444
-0.874057
-1.166923
-0.957276
-1.129080
-1.653354
-1.262404
-1.219403
-0.984615
-1.055123
-0.827314
-0.577088
-1.366928
-0.536419
-1.482766
-1.242442
-0.658117
-2.054667
-1.056249
-0.693614
-0.948748
-1.003174
-0.929761
0.549271
-1.682073
-0.666394
-0.667601
-0.978122
-0.129878
-0.685867
-0.635112
-0.822848
-0.554621
-1.216021
-0.072213
-1.251203
-1.430856
-1.876553
-0.746051
-1.665139
-0.526431
0.250121
-1.380755
-0.484160
-0.222432
-1.809595
-1.503985
-0.969631
0.201893
-1.482520
-1.141890
-0.710732
-0.711532
-1.428969
-1.693977
-0.433128
-0.272696
-1.684921
0.177443
-1.118276
0.208592
-1.566868
0.590740
-1.172489
-1.526477
-1.308292
-2.064063
-0.796942
-0.640289
-0.888660
-1.146435
-1.104818
-0.322914
-1.529352
-0.539174
-0.638849
-1.105824
0.592422
-2.083751
0.004140
-1.246827
-1.148225
-0.189598
-2.407847
-1.374392
-1.723781
-1.087745
-1.508547
-0.508367
-0.336636
-0.755122
-0.374188
-0.465617
-1.171432
-1.390565
-0.499358
-1.198631
-0.733487
-1.025547
-0.471930
-1.705949
-0.199689
-0.851198
-1.019886
-1.141835
-1.006938
-0.361217
-0.704661
-1.428265
-0.914311
-0.349294
-1.636334
-1.195912
-1.500324
-0.969607
-0.767004
-1.303924
-0.090088
-1.486186
-0.531961
-1.498176
0.970005
-1.606159
-0.620460
-0.890239
-1.480309
-0.141115
-1.619535
-0.674011
-1.544894
-0.726101
-0.721076
-1.032732
-0.640768
-0.342364
-1.350808
-0.798858
-1.595814
0.275439
-1.472917
-0.718390
-0.191913
-0.902438
-0.900063
-1.079656
-0.712205
-1.330069
-0.927723
-0.722591
-1.064913
-0.189384
-1.957236
-0.413929
-1.512511
-0.350045
-2.093719
-0.973713
-0.980818
-1.235601
-1.351943
-0.817457
-1.728360
-0.186477
-1.649004
-1.074661
-1.363420
-0.800595
-0.718847
0.097591
-0.501830
-0.904506
-0.667605
-0.740319
-1.628852
-0.634720
-1.144781
-0.811999
-0.791565
-0.601316
-1.223513
-0.032271
-1.135378
-0.985811
-1.169846
-0.278644
-1.382339
-1.099901
-0.489015
-0.650706
-1.127386
-0.557879
-1.170099
-0.789206
-1.466634
-1.033836
-1.127158
-0.167014
-0.761255
-0.839090
-0.932091
-0.912969
-1.081348
-0.887489
-0.888979
-0.744886
-1.431607
-0.303041
-1.039237
-0.618503
-1.300328
-1.349078
-1.330518
-0.542703
-1.398486
-0.546781
-0.805408
0.176491
-1.517272
-0.674410
-0.770834
-1.180334
-0.736061
-1.269702
-1.107647
-0.566461
-0.811863
-0.705051
0.405759
-1.387506
-1.065300
-0.587305
-1.170038
-0.500101
-1.093475
-0.977569
-1.504502
-0.342389
-1.642813
-0.866390
-1.010266
-0.602080
-1.792270
-1.417818
-0.385303
-0.916169
-0.857952
-0.705339
-1.196117
-0.829752
-1.018803
-1.150082
-0.887564
-2.052250
-1.268645
-0.645792
-1.115566
-0.756905
-0.908880
-1.114517
-1.150580
-0.373541
-1.162707
-0.842790
-0.405575
-0.890831
-0.675376
-1.904170
-0.346430
-0.733135
-0.766648
-0.732108
-0.965578
-0.627927
-0.493214
-0.749879
-0.818726
-0.697961
0.073458
-1.391146
-0.978563
-0.815475
-0.636179
-1.282548
-1.244657
-0.888322
-0.720440
-0.996038
-0.682141
-0.096336
-1.692852
-0.859994
-1.439531
-1.521453
-1.136378
-0.740471
-1.173769
-1.936015
-0.447973
-0.189814
-1.717939
-1.394777
-0.494594
-2.144073
-1.108299
-0.795801
-1.719059
-1.243183
-1.271420
-0.152609
-1.366628
-0.795818
-1.230653
-0.461481
-1.647262
-0.446494
-1.184051
-1.044169
-0.577866
-0.480151
-0.582098
-1.622076
-0.728569
-0.580331
-1.384656
-1.031221
-1.386261
-1.454149
-0.617627
0.065474
-1.304739
-0.800437
-1.143859
0.017498
-1.549749
-0.766982
-0.697500
-0.514823
-1.891759
-0.870183
-0.656399
-2.012924
-1.301150
-0.872290
-0.846907
-1.261538
-0.432566
-0.491663
-0.544844
-1.188573
-0.495152
-1.886015
-0.414251
-1.377913
-1.054868
-0.523595
-0.970004
-0.602319
-0.538205
-0.755309
-0.586257
-0.676622
-2.337620
0.020790
-0.426138
-0.526183
-0.868003
0.050166
-1.155864
-1.559535
-0.849567
-1.237184
-0.350348
-1.237655
-0.818849
-1.216144
-0.536825
-0.378193
-0.642905
-0.337002
-0.050978
-0.929097
-0.554485
-0.198947
-0.425659
-0.348203
-1.112010
-0.088637
-0.591350
-0.531884
-1.334186
0.574765
-0.545066
-0.305405
-0.032358
-0.774341
-0.116330
-0.278979
-0.489993
-0.574217
-0.282278
0.226689
0.776997
0.190768
0.616322
0.037552
0.479987
0.200898
0.160017
0.161949
0.028581
0.300552
0.106970
0.227160
0.067626
0.064025
1.043427
0.153328
0.162843
0.464159
0.354975
0.287615
0.893017
0.196624
0.224322
0.311781
0.488086
0.347167
0.858855
0.169211
0.298679
2.062301
0.373819
0.081183
0.377440
0.462987
1.008054
2.897549
1.579613
0.149365
2.301473
0.314928
0.696573
0.393526
0.847846
1.087091
0.864110
0.163858
0.269070
0.378847
0.270231
0.228055
1.385420
0.422764
0.188640
2.235908
0.250039
0.068285
0.722523
0.293246
0.872084
1.949616
1.652726
0.963450
3.036561
0.213171
0.521732
0.636038
1.783858
2.408698
0.019015
0.040519
0.892093
0.240538
0.585476
0.073892
2.402892
0.035663
0.157704
1.712388
0.470952
0.437016
0.907603
1.590424
0.894556
0.758378
0.001753
0.236808
1.134228
0.674268
0.697690
3.008977
1.537163
1.614608
0.009819
0.254862
1.452945
0.518617
0.139889
1.774305
2.907242
0.385871
0.449566
1.436978
0.711673
0.135743
2.385408
1.576745
0.254425
0.318440
0.061686
0.206756
0.983685
0.597085
0.335325
0.704838
0.036083
1.535035
0.177108
0.893713
2.065535
0.374028
1.883499
0.798111
1.087528
0.230805
0.298470
1.941251
1.370683
0.164059
1.653661
1.008838
0.381435
0.178732
0.624861
0.804471
0.891306
0.323712
0.154651
0.060919
0.215248
0.065677
0.340327
0.460365
1.615662
0.270708
1.706248
0.578263
1.230274
0.195315
0.502917
2.313954
2.729057
0.374784
1.335755
0.698031
0.285643
1.032700
0.985488
0.012700
0.118656
0.121201
1.042293
0.472439
1.069276
1.540846
0.000672
0.384244
2.272069
0.405946
0.083568
0.398477
0.757198
0.866285
0.123005
0.637498
1.376979
0.002027
0.052721
0.938150
0.132002
0.701461
0.198630
0.213334
0.121154
0.947975
2.745467
1.660636
0.388303
0.055705
0.407322
1.049236
2.379544
0.532191
0.495357
0.535926
0.064400
0.163584
0.459474
0.500280
0.707580
0.144797
0.044304
1.074066
0.098089
0.219967
0.520821
0.437662
0.047506
2.400301
3.505572
0.759247
0.616961
0.366481
0.555395
0.391516
2.836670
0.152981
0.640053
1.805976
0.325420
0.017987
0.609750
0.018347
0.162779
0.453504
0.646927
1.601226
0.005594
0.341724
0.445119
0.316966
0.173184
1.171259
2.157996
0.363953
0.492728
0.073258
0.013643
0.721113
2.484272
0.147985
0.106160
1.594087
0.106698
0.261575
1.417506
0.228521
0.281140
0.896284
1.345066
0.429442
0.398680
0.628397
0.301488
1.565487
0.585196
0.084848
1.597555
0.351447
0.021699
0.109625
0.314391
0.330755
3.167921
0.162768
1.210519
2.890912
0.075495
0.612114
0.888186
0.465365
0.670628
2.218936
1.626673
0.925250
0.728421
0.254185
1.286907
1.996602
0.155379
0.342394
2.213984
0.123746
0.568790
0.875711
1.308262
1.670134
2.841929
0.206967
1.862463
1.713767
0.316716
0.582821
2.138806
0.185967
0.432580
1.845815
1.385775
1.705526
0.944389
0.016017
3.248168
1.549120
0.684997
0.276028
1.076664
0.006844
1.289778
2.563667
2.458065
0.271679
1.578856
0.219378
1.520287
0.909126
0.092227
0.253691
0.901721
0.120453
0.361847
1.181139
1.539406
0.742398
0.118056
0.486185
1.401566
0.482829
0.842108
0.661510
0.885395
0.040363
0.584555
1.795138
0.606789
0.248305
1.133412
0.289470
1.483512
1.160690
0.889041
1.199621
1.233595
0.121243
0.271062
0.092879
1.776041
1.414139
0.434098
0.486252
1.165178
0.071931
0.672035
1.798577
2.243366
0.081622
0.831046
2.038850
1.020449
0.135303
1.406628
0.311370
0.347497
1.269226
0.657936
0.047933
0.080716
0.176421
0.401687
1.367942
2.035877
0.982789
0.380563
0.213935
0.564879
1.523177
0.400373
1.538602
1.357203
0.572722
0.067593
0.331624
1.947122
0.967523
2.065902
0.127034
0.234733
0.002283
0.232354
0.363926
0.074552
0.024833
0.555412
2.216020
0.697991
0.273070
0.300216
0.109722
0.004629
0.907192
0.550938
1.420591
1.503491
0.197938
0.205773
1.655433
2.060330
0.387610
1.241723
0.254598
0.111467
0.128054
0.002540
0.039613
0.947969
0.089739
0.475819
2.508380
0.060855
0.074820
0.131680
0.622080
0.428431
1.708907
1.939309
1.142358
1.748503
0.738707
0.222483
0.532476
1.528146
1.086035
1.547275
0.137540
0.688332
0.369589
0.011662
1.178726
1.199433
0.271139
0.554881
1.609560
0.509997
0.167695
1.252677
0.824116
1.155973
1.779776
1.728887
1.178121
1.270880
0.271295
0.050446
2.473688
0.281087
0.089869
1.447122
0.077386
1.000658
0.185356
0.284174
0.046619
0.246714
0.359158
1.597628
2.582888
0.163733
0.725639
2.049447
0.150475
0.064817
1.280639
1.168348
1.354473
0.169431
0.197208
0.024520
1.391052
0.336201
0.270861
2.257162
0.711432
0.936048
1.162047
0.529563
0.023042
0.230950
1.259657
3.000957
1.923239
0.109306
0.054361
2.782580
0.328739
0.247367
0.009616
1.292516
1.382541
0.168645
0.370038
0.115252
1.074376
0.263435
0.313581
2.291536
0.425180
0.754615
0.034429
0.881024
0.034392
0.115915
2.939085
3.397671
0.990422
0.305451
0.259482
3.135106
0.992749
0.460173
1.558048
1.946671
0.814124
0.558171
0.634042
0.115544
0.693301
2.389017
0.283448
2.090364
0.726061
0.870519
0.707791
1.845973
0.323774
0.788501
1.187832
1.301757
0.160307
0.440061
0.092463
2.396779
0.788698
0.721810
2.024327
2.835298
0.275166
0.507831
0.118609
1.528276
1.016877
2.046214
0.020103
2.702545
0.849213
0.508659
2.590421
3.046796
0.236532
0.789873
0.134120
0.503975
0.033910
0.559234
0.420401
3.054781
1.102445
0.637002
0.096807
0.011153
0.406839
0.301774
1.254934
2.335971
1.046681
2.069956
0.993949
1.159916
0.569179
0.782881
2.031064
1.363026
0.292002
0.551823
1.726393
1.973616
1.491583
0.407541
0.049354
3.433005
1.843561
0.135624
0.020946
0.335740
0.101099
0.141352
1.323291
1.463589
0.120564
0.169073
1.077082
1.099089
0.598275
0.791145
2.463786
0.429803
0.085306
0.325591
2.309182
1.219582
1.382277
0.011232
0.171222
2.870536
0.579697
0.885606
0.157148
1.307622
0.907266
0.283990
1.712948
0.588561
0.286452
0.074289
0.223613
0.323149
0.392860
1.432678
2.015719
0.643912
1.024200
0.006429
1.228328
0.534013
0.922911
1.406387
0.290431
1.449922
1.982171
0.998438
0.299288
2.640073
0.010274
0.989560
0.052407
1.014045
0.258389
0.681801
0.134848
2.186854
0.145029
0.970827
2.150973
0.227323
1.124396
1.071784
0.693646
0.922154
1.435125
1.247638
0.313360
0.664460
1.770597
0.155068
1.186766
3.661462
0.074465
0.535627
1.884454
2.706568
1.450125
2.046853
0.552095
2.423576
0.335177
0.536131
0.265814
0.338846
0.342444
0.177541
0.511551
0.642159
0.302231
0.354221
0.308785
0.760287
0.283045
0.324430
0.123275
0.689053
0.070819
0.064770
0.075891
0.499406
0.487874
0.385191
0.092038
0.774314
0.162036
0.863436
0.410300
0.499339
0.869924
0.603406
0.167043
1.684752
0.435750
0.408252
1.535518
1.514187
1.556634
1.337180
0.850319
0.275290
1.775070
0.251126
0.032609
0.277116
1.708558
0.188688
0.386521
0.225100
0.200658
0.723723
0.119106
0.208708
0.123209
0.080909
0.735212
1.480968
0.259180
0.982431
0.492685
0.191631
0.385994
1.025270
1.190256
0.000170
1.647645
0.266138
0.252021
0.175007
0.502850
0.075173
0.169736
0.159267
0.104819
0.589988
0.105664
0.925375
2.073927
0.185723
0.098634
0.682552
0.037158
1.250445
0.094708
0.764967
1.038230
0.231852
0.261090
0.310691
1.663844
0.176609
0.476654
2.405820
0.094924
0.955935
0.381364
0.078347
0.213589
0.059690
0.015819
1.005168
1.279044
0.104220
0.528490
1.521892
0.617881
0.063182
0.237882
1.112027
0.182873
1.184394
0.080763
0.266863
1.202384
0.240463
0.223559
0.503882
0.020930
1.683583
0.026384
0.178261
0.478173
0.221969
0.937244
1.103166
0.198368
0.611718
0.155713
0.503449
1.103414
0.174418
0.009948
0.762910
0.482981
0.267845
0.211501
0.942937
0.102523
0.372420
0.067238
0.004335
0.348572
0.326358
0.027005
0.032393
0.406636
0.028552
0.451819
0.038234
0.122918
0.354348
0.127540
1.349443
0.138907
0.060001
0.916906
0.528835
1.169588
1.773803
0.899394
0.871163
1.463567
1.545632
0.055293
1.417868
1.314909
0.182599
0.499294
0.428774
0.309892
0.450758
1.074303
0.052915
1.661717
0.531878
0.513384
0.124899
0.261140
0.078162
0.381185
1.000195
1.071847
0.277654
0.436932
0.274641
0.076211
0.202992
2.097495
1.883160
0.366073
0.487607
1.250202
0.420781
0.071135
0.063936
1.548928
0.216270
0.057941
0.277490
1.025682
0.235930
0.106109
0.128244
0.353845
0.322104
0.004655
0.460999
0.327876
0.042553
0.217859
1.118623
0.113155
0.489905
0.208003
0.590573
0.590164
0.155175
0.084569
1.370888
0.705361
0.000211
0.211870
0.707306
0.286917
1.446623
0.046230
0.414279
0.082551
0.526056
0.166169
0.214465
0.174864
0.029051
0.087812
0.488603
0.265423
0.209597
0.182487
1.846873
0.233933
0.287224
0.443952
0.230766
0.258156
1.289743
0.023010
0.020437
0.759146
0.830894
0.260222
0.999058
0.074257
0.332706
0.339828
0.110766
0.522659
0.670938
0.161256
0.024938
0.963468
0.629105
1.060105
0.232649
0.539999
0.116831
0.097899
0.051512
0.029873
0.638058
0.105441
0.058305
0.498770
0.713585
0.270624
0.968563
2.103789
0.641590
1.096238
0.744973
0.688485
0.960294
1.284540
0.078677
0.058886
0.281043
0.233168
0.862336
0.619778
0.775899
0.111291
0.744571
0.044951
1.063347
0.370757
0.639421
0.494607
0.883660
0.382318
0.000902
1.660509
0.067084
1.123204
0.196806
1.554819
0.128516
0.249779
0.256305
0.638539
0.150197
0.130947
0.393395
0.619420
0.415716
0.257990
0.026333
0.043963
0.003343
0.151451
0.347117
0.215945
0.033208
0.168791
0.300535
0.291681
0.560836
0.082549
0.024929
0.980532
0.773978
0.115853
0.271169
0.337184
0.531793
0.850711
0.048563
1.911350
0.000188
0.298633
1.012859
0.440509
0.411020
1.147647
1.553179
0.084518
0.035029
0.114076
1.121389
0.785558
0.382494
0.227855
0.386056
0.246355
0.011711
0.487196
2.160414
0.251610
1.308586
0.212261
0.680054
0.011661
0.198708
0.066691
0.345625
0.094660
0.649684
0.777649
0.354518
1.071340
0.294569
0.638804
0.274209
0.251699
0.009750
0.030975
0.624325
0.010217
0.130199
0.468082
0.726278
0.920381
0.762359
0.245249
0.694334
0.479884
0.258555
0.071803
0.181563
0.225971
0.088539
0.142571
0.153211
0.140980
0.190536
0.054634
2.144752
0.562377
0.721050
0.241908
0.161034
0.165372
0.144653
0.472869
0.598499
0.429350
1.643309
1.393125
0.594344
0.421580
0.129689
0.299373
1.038892
1.750162
0.315603
0.112070
0.300003
0.699562
0.081346
1.159038
0.738311
0.115758
0.237330
0.364363
1.332069
0.061056
0.727425
0.402464
0.231616
0.943334
0.226816
0.106049
1.540577
0.277280
0.341451
0.254434
0.984542
0.116288
1.146854
0.689167
0.125397
0.051524
0.193860
1.533682
0.011659
0.147358
0.638937
1.877365
1.628712
2.108645
0.008069
1.608469
0.844130
0.344078
0.124125
0.796000
0.161653
0.035303
0.598777
0.021011
0.409159
0.132204
0.154486
0.217160
0.299754
0.051450
0.109335
0.857555
0.116389
0.851388
0.508511
0.053810
0.064111
0.020335
0.663599
0.304552
0.141512
0.589525
0.140912
0.289387
0.451387
0.463920
0.473052
0.603041
0.974594
0.434987
0.384212
0.785522
0.014758
0.628570
0.126391
0.551736
0.414515
0.609995
0.039666
0.555727
0.014986
0.025213
0.478871
0.603617
1.824866
0.197722
1.225997
0.315012
0.853087
0.085187
0.127086
0.682227
0.115220
0.110831
0.694386
2.787709
0.313486
0.034743
2.024794
0.701131
0.211201
0.640545
0.110711
0.610070
0.324744
0.200151
0.016719
0.116227
0.133576
0.105063
0.277132
0.512013
0.629222
0.168867
0.414265
0.075588
0.414256
0.497638
0.328152
0.113133
0.111371
0.467244
1.116289
0.745021
0.390026
0.800263
0.440740
0.032321
0.560442
0.053100
0.685152
0.602684
0.695039
0.065932
0.788969
1.625616
1.110025
1.447128
0.212062
0.233056
0.843269
0.049237
1.164236
0.917122
0.365159
0.151427
0.297499
0.297030
0.352116
1.402441
0.607944
0.009740
1.257767
0.188112
0.009947
0.229280
0.132327
0.164335
0.672891
0.943674
1.024422
0.328301
0.350274
0.127140
0.662060
0.223070
0.311690
0.790605
0.135806
0.795178
1.074237
0.473425
1.755522
0.089529
0.107237
0.746304
0.896935
1.247218
0.962642
0.402217
0.757020
0.074503
0.314047
0.413912
0.685430
0.043822
0.010260
0.030364
0.008799
0.653215
0.876350
0.312141
0.390529
0.026365
1.342311
0.031356
0.069993
0.597034
0.944214
0.264799
0.246148
0.210200
1.457170
1.117885
2.053409
0.235258
0.704557
0.128056
0.047705
0.105460
0.373159
0.209912
0.486111
0.028823
1.019146
0.081855
1.114658
0.084121
0.677668
0.071528
0.865379
0.329448
0.542253
0.409679
0.726402
0.210655
0.117053
0.539453
0.126688
0.637607
0.056975
0.209421
0.356159
0.761237
0.124735
0.105362
0.384079
0.718445
2.008166
1.742301
2.438935
0.932743
0.752272
0.292541
0.725823
0.685904
0.081217
0.962943
2.167098
0.306022
0.041316
0.334362
1.807704
0.552271
1.611919
1.537352
1.396958
1.702462
0.004868
-0.229362
-0.174367
-0.200695
-0.128000
-0.204583
-0.160169
-0.248615
-0.234034
-0.062480
-0.092972
-0.213725
-0.125007
-0.194674
-0.276260
-0.200514
-0.245750
-0.241602
-0.270126
-0.238588
-0.259735
-0.253997
-0.185566
-0.115411
-0.275477
-0.270824
0.154942
-0.170307
-0.090824
0.115186
0.240749
-0.124563
-0.298641
-0.080826
0.377710
-0.062045
0.109588
0.038830
-0.178160
-0.134314
-0.100753
-0.032442
-0.213591
-0.214236
-0.101278
-0.205457
-0.157020
0.391050
-0.202098
-0.256074
0.427248
-0.068461
-0.153034
0.316558
0.736644
-0.167349
0.225103
-0.175043
-0.253508
-0.008021
0.053458
-0.106175
0.021880
-0.187652
-0.131219
0.223656
-0.176654
-0.266821
-0.247226
0.163453
0.183086
-0.027710
-0.204257
-0.379290
0.016681
-0.221999
-0.076535
0.444050
0.049857
-0.141614
-0.102353
0.039542
-0.021095
-0.178524
-0.200391
0.279078
-0.009914
-0.142596
-0.072270
-0.060871
0.332956
-0.051208
-0.343252
-0.261709
0.221663
-0.082577
-0.159849
-0.215191
-0.172813
-0.284437
-0.059896
-0.001180
-0.084332
-0.156040
-0.198829
-0.089839
0.210511
-0.161310
-0.155781
-0.025968
-0.083325
-0.184314
-0.182749
-0.262723
1.231062
0.305685
-0.139816
-0.185464
-0.166633
-0.236153
-0.176470
-0.271404
0.072218
-0.166168
-0.192931
-0.057792
-0.077302
-0.130853
-0.153468
-0.141572
-0.062744
-0.002752
-0.117101
-0.046556
-0.013263
-0.046540
-0.316248
-0.302794
0.761253
-0.057979
-0.068560
-0.122671
0.354147
-0.189005
-0.219933
-0.334406
-0.129988
-0.089609
0.055173
-0.068260
-0.243316
-0.028844
0.066809
-0.235433
-0.263709
0.275516
-0.105182
-0.156722
0.002303
0.555986
-0.049571
-0.192897
-0.173914
-0.017449
0.363426
-0.281112
0.346652
0.076029
-0.217362
-0.337739
-0.190447
-0.089988
-0.096019
0.273409
-0.303776
-0.047883
-0.124972
-0.163016
-0.003605
0.146432
-0.017982
-0.069911
-0.088677
0.171648
-0.135168
-0.133256
0.019761
-0.115657
-0.103234
-0.178911
0.274235
-0.158560
-0.254757
-0.279358
0.024527
-0.014241
0.033773
-0.105632
-0.134328
-0.223433
-0.307557
-0.269786
-0.051106
0.499347
0.587387
-0.105333
-0.296388
0.265861
-0.124235
-0.073760
-0.109576
-0.233800
-0.232052
-0.113985
0.225788
-0.110757
-0.078232
-0.342647
-0.041018
-0.110576
0.241735
-0.033798
-0.071531
-0.132978
-0.158290
-0.159450
-0.160429
-0.093267
0.545228
-0.107570
-0.295318
-0.197294
-0.159966
-0.182400
-0.064508
-0.148131
-0.179669
-0.136288
-0.083080
-0.309600
0.077936
-0.228587
-0.006742
-0.181386
-0.254708
-0.115027
-0.006001
-0.142259
0.123166
-0.196952
-0.142982
0.163201
-0.120507
-0.195241
-0.248299
-0.212996
-0.198680
-0.239344
-0.147921
-0.152368
-0.043883
0.168297
-0.068713
-0.282732
-0.271251
-0.313031
0.156225
-0.072496
-0.171069
-0.162216
0.404080
-0.214030
-0.160689
-0.097201
-0.058113
0.126721
-0.133646
-0.142907
-0.129552
-0.235372
-0.131369
0.009000
-0.185447
-0.316432
-0.154566
0.132283
-0.092795
-0.246786
-0.047398
-0.369455
-0.150568
0.085701
-0.257265
-0.154995
0.319034
-0.077776
-0.238291
-0.094387
0.292347
-0.148953
-0.174200
0.028287
-0.095561
0.082279
-0.035464
-0.054894
-0.174921
-0.101958
-0.171071
-0.119111
-0.245303
-0.284761
-0.105250
-0.282675
-0.114972
-0.091334
-0.128705
-0.074420
0.203496
-0.112045
0.122580
-0.187903
-0.056448
-0.025637
0.303670
0.622172
-0.279139
-0.243940
0.579499
-0.109630
-0.045171
0.355631
0.012953
-0.214367
-0.067470
-0.085279
-0.037522
-0.330174
-0.039764
-0.227592
-0.135137
0.474203
-0.286227
-0.101883
1.142686
-0.265620
-0.244375
-0.039738
0.803526
-0.051113
-0.036523
-0.230768
-0.166127
-0.287043
-0.363808
1.510284
0.113591
-0.192106
-0.031886
0.245201
0.309045
-0.252560
-0.026490
-0.221811
-0.263060
0.019984
-0.166594
-0.228008
0.274705
-0.286887
-0.168132
0.055308
0.214468
-0.128977
-0.204049
-0.084416
-0.128905
-0.238217
-0.236175
0.078285
0.073081
-0.317519
-0.123730
0.047138
0.892396
-0.256078
0.116968
-0.179073
-0.134901
-0.166797
-0.119861
-0.038837
-0.126186
-0.190996
-0.232052
-0.236818
-0.048124
-0.026033
-0.012208
-0.073844
-0.248833
-0.245743
-0.153296
0.095822
0.225834
-0.090832
-0.219904
-0.032980
0.248161
-0.354580
-0.066694
-0.087526
-0.166934
-0.128892
-0.215133
-0.088412
-0.082137
-0.144759
-0.075353
-0.191043
-0.213620
-0.169726
-0.094258
0.033088
-0.157159
-0.088181
-0.214323
-0.348290
-0.151947
0.103231
0.241372
-0.255342
-0.153038
-0.261393
-0.071723
-0.002726
-0.159505
-0.185443
-0.195667
-0.099232
-0.117453
-0.174000
-0.098834
-0.216168
-0.177156
-0.209697
-0.208930
-0.016400
-0.034967
-0.027259
-0.055599
-0.210098
-0.224434
-0.218375
-0.207543
-0.092941
-0.098919
-0.369616
0.273355
-0.092746
-0.164270
-0.237442
-0.120451
-0.127906
-0.083157
-0.289786
-0.153998
-0.071983
-0.180633
-0.248889
-0.249126
-0.097883
-0.047557
0.152967
-0.097498
-0.110265
-0.083237
-0.249009
-0.330849
-0.092127
0.286377
-0.324900
-0.236926
-0.062230
-0.218788
-0.156393
0.126852
-0.165430
-0.150995
-0.256060
-0.278735
-0.035222
-0.064321
-0.359685
-0.240324
0.182832
-0.092084
-0.049564
-0.080300
-0.151014
-0.020450
-0.112223
-0.283285
-0.235772
0.072915
-0.275128
-0.227443
-0.302391
-0.009429
-0.119082
-0.007743
-0.246289
-0.102170
-0.058237
-0.157883
-0.200210
-0.108890
-0.257468
-0.097086
0.069963
-0.213703
-0.237650
-0.009368
-0.040237
0.086727
-0.063424
-0.139839
-0.257815
-0.000671
-0.294687
-0.163685
-0.321256
-0.263608
0.048066
-0.143735
-0.045354
-0.196841
-0.125374
0.183061
-0.078595
-0.152197
-0.278225
-0.088441
-0.016143
-0.050338
-0.284382
-0.251396
-0.030602
0.209060
0.054345
0.118381
-0.263004
-0.139229
-0.274737
-0.178307
-0.250957
-0.193674
-0.214482
-0.262101
-0.105466
-0.088382
-0.203789
-0.078547
0.655278
0.023075
-0.214624
-0.125652
-0.208453
-0.133470
-0.075813
-0.249635
-0.252384
0.916157
0.156305
0.017075
-0.054363
-0.162069
-0.253140
0.096927
-0.123606
-0.270722
-0.243209
-0.212190
-0.063600
-0.124286
-0.253292
-0.265384
0.138816
0.147298
-0.073240
-0.166170
-0.243274
-0.205257
-0.069651
0.079581
-0.219864
-0.059778
-0.044172
-0.025615
-0.046488
-0.261879
-0.315193
0.464668
-0.082876
-0.213451
-0.249546
-0.230042
0.008456
-0.187544
-0.076538
-0.150880
-0.026516
-0.287599
-0.160775
-0.001664
-0.096469
-0.240386
-0.105644
-0.140487
0.009809
-0.095053
-0.134443
-0.089571
-0.159443
-0.180196
-0.270601
0.025340
-0.165048
-0.173984
-0.144883
-0.212832
-0.165837
-0.241462
0.064817
0.447144
-0.032119
-0.228823
-0.106088
-0.000187
-0.081094
-0.235179
-0.140310
-0.047383
-0.144064
-0.148851
-0.052790
0.834373
-0.151220
-0.239923
-0.255297
0.133641
-0.148953
-0.161738
-0.205955
0.016591
-0.071228
-0.239869
-0.250372
-0.220709
0.620995
-0.229318
0.027484
0.047021
-0.060665
-0.215456
-0.212842
0.061835
-0.241002
-0.183194
-0.002130
-0.054137
0.160146
-0.138816
2.266940
2.343959
2.387148
2.601132
3.100127
2.908736
2.530358
3.014920
2.148228
2.311425
2.803490
3.434530
2.379788
2.405097
2.512646
2.467198
2.671093
1.978632
1.954496
1.939900
2.132038
2.310671
2.307722
1.591911
0.020509
0.735653
0.471941
0.008287
0.050369
0.017097
0.246597
0.049156
1.268252
1.223927
0.603492
0.045711
1.474260
0.596265
0.598706
0.756351
0.991939
1.859571
1.801093
1.796203
1.081195
0.821453
0.440982
1.298877
0.022739
0.008557
0.435700
0.856412
2.230426
1.507179
0.346464
1.175871
0.885931
0.059126
0.036890
0.241634
0.014923
0.003770
0.453154
0.056064
0.524922
0.028233
0.014733
0.000838
0.355738
0.780621
1.021719
0.008117
0.059352
0.008102
0.875660
0.066118
0.131917
0.052429
0.025200
0.005060
0.541744
1.475986
0.774140
0.007881
0.175554
0.466824
0.367572
0.031069
0.017811
0.743281
0.598148
0.021207
0.065449
0.903557
0.280948
0.653440
1.019966
2.322950
1.048193
0.042550
0.427703
0.096630
0.010059
0.615466
0.008814
0.014018
0.143345
0.020476
0.021297
0.198109
0.024574
0.045696
0.055810
0.084327
1.420842
2.531970
0.841341
0.064246
0.018448
0.021437
0.041581
0.084667
0.058739
0.150787
0.019234
0.000375
0.033955
0.059913
0.059512
0.032589
1.100353
0.868810
0.932945
1.657880
2.092183
0.750354
2.038985
0.013021
0.055910
0.042484
0.061041
1.196962
0.863344
0.010196
0.311308
0.006657
0.689073
0.011389
1.078947
1.759326
1.204285
1.248184
0.240421
0.043145
0.026821
0.156911
0.011868
0.075036
1.157020
1.828744
0.043709
0.207434
0.721540
0.005211
0.035003
0.018654
0.538929
0.005697
1.153197
0.370107
0.023040
0.706039
0.581973
0.034665
0.070053
0.200674
1.778041
1.659072
1.005046
0.036385
0.056924
0.621196
0.117794
0.055238
0.836520
0.010404
0.221114
0.614064
0.277171
0.001544
0.050300
0.587943
0.368297
0.082856
0.164526
0.041286
0.003611
0.040603
1.445198
1.470344
0.024329
0.072367
0.019315
0.418398
0.004172
0.089724
0.031338
0.008982
0.012193
0.327590
0.071258
0.298309
0.016319
0.658328
0.169092
0.134376
0.051956
0.018861
0.576146
1.175420
0.929970
0.985297
0.039416
0.369403
0.048052
0.070707
0.122609
0.037176
0.623242
1.073857
0.502462
0.888361
0.604799
0.028944
0.320770
0.525424
0.102378
0.064953
0.007508
0.353833
0.012776
0.078756
0.008993
0.043261
0.615552
0.082842
0.051442
0.810961
0.235373
0.044241
0.195040
0.020366
0.021719
0.017265
1.551426
1.630144
0.353375
0.853615
0.952450
1.873036
0.597079
1.231975
0.292451
0.024029
0.060308
0.305094
0.667444
2.066096
0.016367
0.003016
0.009814
0.070308
0.286730
1.366049
0.358965
1.548668
0.739969
0.427255
0.267933
0.024561
0.747400
0.039263
0.064290
0.052345
0.014172
0.495072
0.018654
0.002011
0.455164
0.297267
0.420761
0.035899
0.025783
0.032372
0.010161
0.015181
0.109057
0.005336
1.115647
1.275024
0.624488
0.087340
0.231073
0.029834
0.271553
0.020026
0.413222
1.151075
0.705740
1.472869
0.317096
0.160136
1.327607
0.325877
1.115737
0.015752
0.005779
0.262576
0.007767
0.020551
0.075137
0.005378
0.061091
0.095030
0.455595
0.037457
0.025325
0.007767
0.023454
0.067068
0.467367
0.999454
0.607553
0.957249
1.144737
0.522606
0.035377
0.024740
0.084926
0.967183
0.815246
0.018404
0.028271
0.014730
0.006519
0.000610
2.125088
0.043979
0.063758
0.156912
1.272113
0.015845
0.019679
0.526692
0.074332
0.000966
0.003802
0.113184
0.969030
0.325223
0.064024
0.141740
2.380549
0.019763
0.069781
0.000528
1.800649
1.677474
0.596423
0.053182
0.694112
1.314642
1.626358
0.784767
0.012244
0.912751
2.001625
1.973158
0.048971
1.170727
0.036663
0.010668
0.031794
0.023431
0.003696
0.005226
0.005382
0.240755
0.820710
1.029372
0.476199
0.005483
0.029993
0.017281
0.203288
0.042657
0.061952
1.570879
1.851595
1.399251
0.016361
0.098325
0.047976
0.054775
0.310243
0.073268
0.094382
0.020023
0.055301
0.745517
1.079381
0.008298
0.589595
0.017137
0.474192
1.004227
1.293883
0.008272
0.010230
1.024173
0.357959
0.051686
0.363009
0.005649
0.223704
0.004110
0.048061
1.367581
0.408217
0.840449
0.768412
1.329672
1.284068
0.026884
0.854797
0.046975
0.764082
0.478158
0.541948
0.560441
0.035431
0.008198
0.269010
0.680839
0.015861
0.011576
0.001522
1.299005
0.564323
1.165596
0.824713
0.095387
0.029024
0.028699
1.526773
1.717778
0.044810
0.020991
0.060500
0.000026
0.890158
0.211495
0.107507
0.051941
0.004143
0.788146
0.013394
0.723445
0.556860
0.156733
0.007062
0.092371
0.049949
0.477204
0.029211
0.684455
0.424657
0.747191
0.342045
0.017003
0.008989
0.065547
0.004712
0.026417
0.038111
0.013133
1.317912
1.262158
0.784729
0.019116
0.316000
0.017926
0.036733
1.225225
0.028000
0.456764
1.386891
2.117394
1.981118
0.397839
0.450050
0.026607
0.063680
0.055744
0.012234
0.669334
1.702031
1.292797
0.154593
0.867953
0.320957
0.448690
0.645101
1.915372
2.196539
1.867105
0.154229
0.111754
0.245928
0.022791
0.083663
0.028567
0.492618
1.942373
2.438565
1.155960
0.661401
0.430710
0.007923
0.041529
0.050707
0.256678
0.439402
0.450183
0.164489
1.093151
1.280921
0.467124
0.038845
0.934904
0.025724
0.019931
0.265475
0.398869
0.479986
0.033269
0.348486
0.704132
0.043900
1.128509
0.146895
0.100759
0.347898
1.180178
1.232801
0.904425
0.930091
0.025565
0.012294
0.020742
0.037598
0.084194
0.038767
0.039503
0.034965
0.039518
0.070070
0.918041
0.808380
0.555621
0.086634
0.092380
0.086289
0.051051
0.004160
1.325954
0.364269
0.432766
1.571730
0.448966
1.153530
1.413173
0.014670
0.143097
0.004517
0.060903
0.312202
0.004404
0.013264
0.391146
0.013357
0.001982
0.885518
0.128214
0.071395
0.017615
0.005803
0.010535
2.526048
0.837488
0.019723
1.075749
0.031520
0.002474
0.380072
0.023960
0.018067
0.036313
0.356906
0.047448
0.012468
0.580433
0.770489
0.080020
0.299469
0.094029
0.020795
0.064230
1.619563
1.641476
1.036597
0.013138
0.025184
1.226138
0.295291
0.154386
0.578188
0.231645
0.749706
0.022083
1.453834
1.219458
0.014407
0.274092
0.994444
0.456422
0.724674
0.871072
0.287619
1.272590
1.305867
0.934373
0.068014
0.031361
0.915316
0.841256
0.016651
0.054117
0.064141
0.021476
0.039990
0.026615
0.015627
0.084689
0.530755
0.024227
0.058173
0.011949
0.031387
0.019538
0.039065
0.018133
0.919082
0.566110
0.410415
0.433555
0.600997
0.073857
0.067382
0.127806
0.042434
0.016150
0.418445
1.936823
1.736158
1.002216
0.436858
0.090168
0.725699
2.750752
0.869582
2.474672
1.371460
1.368007
2.210650
0.135734
0.266007
1.262023
0.456864
0.557460
1.627686
2.100973
0.619372
0.171757
0.469705
0.971292
0.500077
0.840635
1.409817
0.654441
1.958721
0.033858
0.442607
0.233199
0.081474
0.871707
0.377365
0.775580
0.296588
1.039306
1.115049
0.596727
1.734177
0.106200
0.260052
0.443556
0.231763
1.756603
1.669748
0.441366
0.950644
0.834753
3.075682
0.028867
0.719398
0.129686
0.456139
0.112841
0.081044
1.096762
0.243849
0.821140
0.680787
0.830735
0.567465
1.160091
0.858120
0.132972
0.196735
0.062953
0.012691
0.105147
0.077850
1.794435
0.179011
1.997413
0.027782
0.088629
0.650451
0.111219
0.302607
1.333124
0.443264
0.665171
0.071207
1.251574
1.665142
1.072239
0.803623
0.365790
1.424053
0.262666
1.091754
0.347281
0.843038
0.195909
0.412529
0.151585
0.571606
0.488186
0.195758
0.722653
1.060598
0.613899
1.208201
0.666118
0.742386
1.688187
0.546275
0.358670
0.687919
0.484080
0.014266
0.535451
0.108477
0.879015
0.209384
0.075970
0.915497
0.692942
1.758861
0.387273
0.221970
0.133813
0.264733
0.511745
0.287916
1.014517
0.634959
0.792054
1.244586
0.128808
0.068430
0.118914
0.668469
0.195330
2.405660
1.707136
0.194760
0.166971
0.285737
0.034361
1.090363
0.093819
0.656472
0.586356
0.209924
0.852239
0.999598
0.209484
0.131418
1.026192
0.198945
0.821950
0.663141
0.055722
0.923166
1.239463
0.465716
0.511520
1.266318
0.404485
0.745594
0.220055
0.264604
0.775299
0.465167
0.934585
0.980161
0.184266
1.456600
1.668116
0.449897
0.202788
0.623696
3.440549
0.011345
0.512999
0.979507
0.156289
0.110633
0.189982
0.468052
0.786415
0.030805
0.383718
0.557839
0.391814
0.100316
1.068219
0.257331
1.911075
0.380581
1.329989
0.431350
0.225925
0.310359
0.422582
1.341120
0.524841
0.450851
0.079101
0.625871
1.019062
0.671415
0.487540
1.069160
0.708324
0.602610
0.538456
0.661878
0.478496
0.310403
0.063218
1.328495
1.281840
0.464358
3.420331
0.133700
0.697696
0.227308
0.586717
0.158263
0.113187
0.025687
0.919740
0.920459
1.006495
0.641851
0.391300
0.883342
0.361506
2.271315
0.214858
1.398356
0.173919
0.129623
2.237702
0.547831
0.015387
0.142921
0.447425
0.059226
0.366879
0.256449
0.179007
0.492268
1.253453
0.025142
1.237081
0.100131
2.859847
0.324787
0.596301
0.362586
0.814123
0.821727
1.189361
0.785320
0.614110
0.580590
0.723845
0.208600
1.611190
1.304521
0.374225
0.697002
0.057161
0.039684
0.417137
2.837223
0.966344
0.014302
1.316014
0.618542
0.896118
1.444950
1.047117
0.562877
0.000765
0.137338
0.015530
0.447124
0.176367
0.639966
0.281757
0.169145
0.297234
0.147205
0.100847
1.725230
1.668564
1.471238
0.174813
0.864877
1.371099
1.478615
0.822010
0.595933
0.126838
0.657595
0.621247
0.666434
0.114881
0.079161
0.242975
0.439379
0.779426
0.581684
0.016301
0.402665
1.642640
0.398958
1.343456
0.071946
0.809116
0.774307
0.534702
0.004410
0.660634
1.727973
0.889355
0.210932
1.437470
1.137492
0.286681
0.500702
0.466149
0.819678
0.145037
0.509152
1.215772
0.145708
0.526581
0.965005
0.296064
0.452203
0.309987
0.403680
0.791342
1.271594
0.582768
0.538194
1.215834
0.734088
0.003512
0.231119
0.440365
0.313289
0.245313
1.046342
0.165645
0.036503
0.458115
1.395411
0.202367
0.382640
0.425288
1.154866
0.487439
0.978047
0.394619
0.384308
0.213649
0.558318
1.317871
0.163397
0.330141
0.417374
1.038709
0.084862
0.439008
0.070382
0.027699
0.300600
0.000370
0.335872
1.509821
0.081766
0.518345
0.353375
0.446164
1.817284
0.812218
0.301377
0.250403
0.634230
1.020158
0.235074
0.541364
0.806103
0.137928
0.299015
0.175738
0.740285
0.438478
0.133911
0.251267
0.147288
0.180906
0.254699
0.135901
0.405256
0.084718
0.117544
0.050724
0.107732
0.292542
0.444057
0.635084
1.696291
0.456746
0.029208
0.719303
0.152572
0.280082
0.357504
0.795726
0.460757
0.085756
0.271696
0.706459
0.352553
1.741147
1.362117
0.355470
1.321635
0.111227
0.244305
1.395720
0.301008
0.315998
1.651713
2.445044
0.625883
0.294233
0.217310
0.117682
0.848365
0.190555
0.585163
0.507120
0.931510
1.670178
0.866840
0.516962
0.309283
0.464731
0.944662
0.429499
0.844305
0.502405
0.157950
0.233715
0.516352
1.061026
0.078690
0.061258
0.294966
0.179519
0.225482
0.152627
0.397516
0.071045
1.555141
0.435872
0.055678
0.508304
0.051969
0.041216
1.054249
0.087942
0.819952
0.371955
1.479970
1.020576
0.713444
0.587242
1.441149
0.230558
0.361529
0.497005
0.240726
0.277111
0.117908
1.119238
0.115661
0.301598
0.080569
1.026503
0.231777
0.287218
1.102339
1.016622
0.512756
0.239785
0.889435
0.100756
0.512261
0.560930
0.740483
0.828770
0.636767
0.507976
0.379953
0.447981
0.576857
0.362060
0.051660
0.340491
0.418123
1.240951
0.053210
0.333375
0.763782
0.008207
2.238099
0.906724
1.598243
0.257892
0.734827
0.230106
0.088591
0.712433
0.531709
1.175542
2.085005
2.315025
0.874740
0.354871
0.522414
0.281648
0.388658
0.700844
0.047915
0.586083
0.163178
0.202661
1.081220
1.181346
0.223938
2.414169
0.532150
0.279056
0.307194
0.060113
0.289165
0.099116
0.409307
0.222147
0.279678
1.124687
0.766930
0.427428
0.417206
0.658616
0.171717
0.183034
0.296434
1.491012
0.595353
0.299210
1.685923
0.148175
0.442093
0.415238
0.230068
0.674876
1.791014
0.506106
0.528293
0.050284
0.664718
0.872386
0.732968
0.353933
1.812846
0.620708
1.153903
1.599470
0.628141
0.716720
0.284544
0.226030
0.302154
0.333692
0.268332
0.026330
0.064124
0.467780
0.444238
1.033327
0.414157
0.221623
0.313747
0.663880
0.834150
3.056670
1.436164
2.131578
0.671945
0.868101
0.054933
0.610390
1.346419
0.724066
0.361609
0.070177
0.358694
0.164949
0.662393
0.639667
0.054833
1.187825
1.138147
1.092815
0.103508
0.218954
0.078852
1.113670
0.452186
0.431074
0.168116
0.443525
0.020771
0.336497
0.172080
1.288552
0.864744
0.989840
2.327581
0.693486
0.184418
0.626252
0.454801
0.733078
0.411689
0.381932
0.317149
0.856562
0.114502
0.308373
1.137989
2.532407
1.258581
0.508840
0.510663
0.138729
1.043826
0.603316
0.200694
0.293448
1.989115
0.281552
0.041667
0.337569
1.511930
1.739855
1.465643
0.440206
0.819385
0.704616
0.423475
0.393317
0.603801
0.252065
0.630946
0.355633
0.050905
0.367393
0.657415
0.304334
1.313039
0.053881
0.992974
1.076748
0.670578
-0.012154
-0.000609
-0.038045
-0.055407
0.862744
0.819433
1.417106
-0.000076
1.157438
1.389070
-0.013117
-0.037339
0.761109
1.463631
-0.004566
-0.014959
0.700404
0.320831
-0.054598
0.727456
0.872740
0.784883
0.556979
-0.003141
0.007156
1.887199
1.572052
-0.007386
1.921800
1.017995
-0.001441
-0.053416
0.016422
0.920488
0.272130
0.630530
1.226245
-0.016619
-0.007554
1.004354
1.303459
-0.018721
-0.043556
1.669923
0.968589
0.645433
0.415438
-0.009862
1.516370
-0.015509
-0.057320
-0.013305
0.703900
-0.056701
-0.017911
1.207811
1.111935
1.098057
0.324170
0.056892
0.172402
0.244397
0.409515
1.000255
0.843733
-0.008630
-0.023394
0.815042
-0.000799
-0.015782
-0.007318
1.241562
0.951147
0.411147
1.459903
0.188987
-0.038940
-0.020294
0.905359
0.821877
-0.001008
0.480353
-0.033298
-0.009543
0.693296
-0.042966
0.807832
0.676961
1.010119
-0.004149
-0.085639
0.197311
1.790521
0.625846
2.109767
1.336397
-0.040046
0.188587
0.316786
-0.013382
1.141156
0.444673
0.668017
1.297371
0.169765
0.041963
0.380176
1.226800
-0.012071
-0.002917
1.141494
-0.000070
0.819298
0.400155
-0.041353
0.635592
0.686498
0.736329
0.316662
-0.034019
0.076522
0.097280
0.536491
1.143948
0.726196
0.355140
0.706226
0.352326
-0.041161
-0.000311
1.593469
0.448976
0.360460
0.470548
0.318859
0.411622
1.680496
0.732885
-0.019257
1.237990
0.932361
-0.027812
0.551010
0.423104
0.006751
0.875944
0.762164
-0.056265
-0.013432
0.047070
-0.009259
0.153032
-0.018029
-0.009839
1.014768
0.879167
-0.069559
0.530681
2.199212
0.288684
0.830041
0.614736
-0.040906
0.821623
1.128253
-0.003875
0.131951
-0.025544
0.928612
0.654293
0.893840
1.560475
0.120071
0.926636
1.504537
1.503451
0.355411
0.589834
-0.005368
-0.000693
0.274085
0.702458
-0.028634
-0.024832
1.460444
-0.008411
-0.127216
0.177227
0.915072
0.532749
-0.043654
1.598758
1.973753
-0.041606
0.511679
1.069912
-0.017046
-0.007570
0.121131
0.729959
-0.014250
1.336218
0.423494
0.296834
-0.040485
-0.036099
1.604009
1.258714
-0.018586
2.313739
1.491223
0.565508
1.866879
0.959818
-0.026892
1.484525
0.174358
-0.047865
0.191620
0.464156
0.405973
1.646634
1.256705
-0.037701
-0.022362
0.417827
-0.003779
-0.043894
-0.001281
1.505967
1.774753
0.419808
0.352381
0.726652
-0.017506
0.982224
-0.003303
0.648858
-0.000130
0.769292
0.465338
1.271779
0.036347
0.386062
-0.025291
0.617030
0.783990
0.166427
0.113468
-0.038573
1.167423
-0.030368
-0.014896
0.305948
0.188945
0.233963
-0.018295
-0.009070
-0.029322
0.865215
0.795042
0.390098
0.210354
-0.025391
-0.012980
0.053469
-0.031698
-0.009727
0.693698
2.281263
0.533041
-0.060142
0.437276
2.201269
2.108951
-0.016319
0.371192
0.506434
0.754132
1.019048
0.628359
1.071856
0.475871
1.302044
0.872632
0.111554
0.444521
0.424505
0.909385
1.007156
-0.026761
-0.017581
0.878741
0.795005
-0.043577
0.676506
0.456997
-0.023837
-0.015383
-0.000256
0.738514
0.897725
-0.001371
0.441911
0.168238
-0.021624
0.881340
1.463130
0.087285
0.454079
0.764255
-0.049309
0.256571
1.773977
0.443370
-0.005385
0.294970
-0.019043
1.619038
1.564921
-0.001503
-0.003380
0.131644
0.881359
0.150400
0.408599
0.729407
-0.028404
0.764615
1.972131
0.861497
-0.043831
0.259055
-0.022561
0.254513
0.626933
1.541284
1.671034
-0.004539
0.414854
-0.001703
0.543651
1.563661
0.581721
-0.010944
0.476430
1.658056
0.782588
-0.073024
0.617989
0.428337
-0.026684
0.250749
1.081844
0.697444
1.070080
0.739183
-0.009964
0.958589
0.356072
-0.000755
1.367053
1.213803
-0.022546
0.929802
0.817589
0.810404
0.655381
-0.004320
-0.056817
0.800128
0.467025
-0.035303
1.251469
-0.046777
-0.031914
2.106241
1.933643
0.783064
0.277384
-0.058344
-0.037308
0.237820
0.859440
-0.019816
0.441494
0.786624
-0.005724
-0.026764
-0.009581
0.618591
0.827444
-0.014049
-0.037356
1.755699
2.128274
-0.017023
0.941393
0.447151
0.712499
0.312538
0.828559
1.255928
0.159947
-0.006169
-0.000367
1.335636
0.700131
0.047112
0.262829
1.263062
0.612191
-0.012858
-0.006695
1.092474
1.031508
0.332820
0.510132
1.233578
0.136731
-0.071830
0.582826
1.412266
-0.013461
-0.035223
1.724052
0.591087
0.756832
0.813932
0.683794
0.101675
-0.044734
-0.001607
0.409605
1.061782
0.527240
-0.036270
0.701446
1.286644
0.172736
0.459023
-0.008590
-0.014472
0.489756
-0.016417
0.868632
0.634005
-0.005371
-0.016099
0.917183
0.876253
1.124146
0.895691
0.357601
0.455843
0.021794
0.963647
1.504353
0.097466
0.220472
0.628726
1.061153
0.225533
0.394216
0.492878
0.396320
1.437542
0.785788
0.215699
1.110747
0.356426
0.461161
1.672354
0.944133
-0.017417
0.938610
-0.054085
0.061706
0.828741
0.980622
0.181561
0.816480
-0.044242
0.351324
1.546632
-0.043561
0.488206
0.873249
0.171104
-0.001191
-0.009634
-0.016415
0.489252
0.853542
-0.037994
-0.043789
0.758942
0.255075
-0.011845
1.178951
-0.027759
0.243979
-0.026939
-0.000925
0.150756
0.399840
0.623894
2.020437
0.720309
0.168663
-0.003990
0.575642
1.800186
0.466805
0.480462
0.634959
0.885700
-0.031926
0.917016
1.409630
0.171431
0.172215
1.157073
2.368361
0.048082
0.136240
-0.034999
1.111599
1.055484
0.453274
0.564250
-0.023901
0.542234
0.570264
-0.065698
-0.009402
0.948360
0.392113
-0.036910
0.297801
1.241679
-0.038426
0.915809
-0.004913
-0.025404
2.409072
0.403405
-0.042969
-0.020243
-0.026670
-0.043541
0.429732
1.026461
0.536200
0.301498
1.476924
0.108637
-0.000462
0.137683
0.820651
1.326662
1.097821
-0.029230
0.557187
0.948509
0.029749
0.946163
0.220269
1.442036
0.303591
-0.085506
0.681587
1.457544
-0.009037
-0.012612
0.862185
2.472298
0.284767
0.331322
0.158162
-0.004092
1.415946
-0.030612
-0.001832
0.382689
1.481213
0.221488
0.824964
0.505525
-0.042963
-0.041520
0.358853
1.177052
0.596314
0.827505
1.229924
-0.006364
-0.026262
-0.023434
0.317807
0.376316
-0.025368
-0.014516
-0.004766
-0.011629
1.223682
0.865535
0.503448
0.948894
0.802099
-0.003232
0.182219
-0.046198
0.752108
0.798938
1.020573
-0.005385
-0.068593
1.467240
1.821997
-0.015057
-0.022812
1.061354
0.814124
-0.043680
0.442382
1.663087
0.579658
0.239984
0.341203
0.619967
1.142970
0.998334
-0.007162
-0.001512
-0.002190
0.223454
1.336117
0.535382
0.733433
0.916172
-0.004025
-0.012949
-0.012548
1.730645
-0.017673
-0.017609
-0.038022
-0.011932
2.404760
0.722711
-0.004227
1.750929
-0.000953
-0.002352
1.535262
1.263814
0.087324
0.508301
-0.017489
0.869391
0.318807
-0.009981
-0.019675
-0.005987
0.198747
0.641800
0.797421
1.264144
1.307465
1.309049
1.204269
0.660465
0.538449
0.857464
2.429201
2.476894
2.511782
3.160762
3.641287
3.342922
2.286083
1.643135
1.655268
0.817269
0.021478
0.023295
1.261795
2.201578
1.684176
0.095544
0.121332
0.214571
0.030792
0.048160
0.345378
1.624990
2.185595
0.014048
0.061747
0.509941
0.041003
0.087130
0.119046
0.053657
0.004588
0.025334
0.023778
0.004707
0.585190
1.203935
1.735480
0.016960
0.837987
3.055061
2.711374
0.023790
0.049281
0.035641
0.715665
3.078909
3.729312
1.414755
0.023520
0.059247
0.044737
0.475912
0.052327
0.031581
0.067699
0.127722
0.137033
0.060186
0.753369
0.088597
0.571260
0.074113
0.848567
0.450075
1.039714
0.554114
3.566228
4.644919
1.141820
0.012292
0.018525
0.806514
2.060586
1.608531
1.084214
2.677814
0.126836
0.016650
2.796746
5.646513
4.327497
2.620197
1.556956
0.028456
0.104003
0.037551
0.046986
0.012249
0.835950
1.496288
1.742280
1.269463
0.049041
0.047041
0.071160
0.007737
2.835588
1.104303
0.059244
1.010970
1.578003
2.053985
2.873571
3.084890
3.184679
3.225715
2.586621
1.528004
1.529699
2.026883
2.673349
1.028741
0.038906
0.631050
0.014139
0.023256
0.016906
0.013712
0.038243
0.037291
1.153573
0.005174
0.054265
0.927714
1.506606
0.541395
0.824586
0.769881
1.656339
1.946544
1.141963
0.377290
4.250953
5.120097
3.170705
2.198775
1.794524
1.652897
0.030054
0.176643
1.626292
2.036019
0.396584
0.107000
0.030712
1.006853
0.056283
0.050083
0.365637
0.042272
0.084331
0.064964
0.030643
1.059667
1.093129
0.723072
0.015747
0.104888
0.674431
2.971535
2.744463
1.376605
2.526787
2.338746
0.132108
0.065094
0.027188
0.034033
1.261529
1.221082
0.055468
0.031195
2.480540
0.730209
0.010775
0.000409
1.715248
2.771494
1.908122
0.038138
0.199623
0.197069
0.060837
0.008883
0.408008
1.001742
0.020766
0.636328
0.887624
3.844663
3.878540
1.257663
2.196594
3.728567
3.453112
1.781291
0.742148
0.741108
1.697439
1.336206
0.623483
0.536697
0.036814
0.022586
1.258503
0.835705
0.101670
0.063182
0.091792
0.174746
0.024121
0.467137
0.664300
0.792307
0.121390
0.434111
0.023862
1.541364
2.271896
0.013371
0.066551
0.046103
0.030840
0.000383
0.022759
0.043402
0.273797
3.211102
3.263252
1.290892
0.033266
0.005135
0.854268
0.708397
2.576561
3.255139
0.031456
0.167943
0.136869
0.047714
0.056502
0.308877
1.728236
2.861500
3.208580
1.177583
0.081361
0.476033
0.061730
0.103094
0.060526
2.185899
2.021389
2.019257
4.469581
5.009420
1.660103
0.127193
0.442885
3.243391
3.013905
1.213789
0.058979
0.408434
0.033640
0.081912
0.078886
1.277395
2.914476
4.463931
3.626778
1.737673
1.672085
2.169910
0.580703
1.740244
1.363648
0.920366
1.057421
0.073985
0.046982
1.418434
0.035852
1.297717
2.570925
3.450135
1.735308
3.021974
0.814682
0.063635
0.004232
0.033751
0.106705
0.061811
0.050982
0.057141
0.021359
0.933440
1.791051
1.189312
1.030332
0.192484
0.062454
0.117068
0.010648
0.887270
0.008567
0.498823
2.804354
4.682013
2.110944
1.944385
2.211816
0.257600
2.470819
3.431810
0.493862
0.024513
0.034991
0.605061
1.108784
0.010061
0.891785
2.564950
2.138413
1.675694
2.010026
2.540241
2.083338
0.680012
0.060210
0.005168
0.305040
0.062679
0.146074
0.236557
2.160218
0.139852
0.004551
2.377849
3.192501
1.649380
1.005714
3.547172
4.784656
0.850738
0.091816
0.095189
0.096933
1.401179
3.528054
3.308530
1.161132
0.816584
0.002765
2.293706
2.262407
1.103676
0.026766
0.047216
0.010411
0.823901
0.567126
0.004557
0.685817
1.187489
1.525382
1.702136
2.365329
1.567801
0.475539
0.080141
0.110292
0.091626
0.069755
0.024701
0.039859
0.009087
0.014991
0.387605
2.093143
5.289186
4.175047
1.569371
1.222754
1.219661
0.012111
0.087138
0.022168
0.638524
1.693849
2.187490
1.499227
1.596238
2.604798
2.043956
0.078640
0.123428
0.027669
0.734559
0.029514
0.049381
0.050597
0.077279
0.080149
0.522838
2.952446
3.042546
0.526411
0.027609
0.005234
1.459689
2.193997
0.006019
0.080588
0.031388
0.014669
0.509493
0.881007
0.442732
1.442633
2.614175
1.244169
0.792612
0.821290
0.080367
0.304894
0.741745
0.111987
0.156019
0.047165
0.460766
1.050824
1.270642
2.675599
2.256489
0.056484
0.042309
0.088349
0.082601
0.071667
0.060957
0.084512
0.016356
1.541198
0.509055
0.006625
1.331395
2.129697
1.634573
0.999218
1.580206
0.548867
0.042894
0.019051
1.273522
1.739098
1.334612
0.190318
0.075174
0.046007
2.244497
1.018432
0.023970
0.042124
0.180863
0.856236
0.110149
0.488504
0.491009
1.272372
1.056911
1.448691
2.083944
0.173994
0.129838
0.039470
0.100868
0.127386
0.019776
0.894612
0.016591
0.093217
0.114747
0.045862
0.016919
0.193819
0.949758
1.838278
1.948277
1.444697
0.961660
0.009722
1.170549
2.148181
2.015070
1.048281
2.423619
1.063822
2.899298
3.402361
0.139814
0.187121
0.193212
0.135091
0.080534
1.101912
3.748998
2.535115
1.010396
0.042353
0.033468
0.937108
0.201620
0.600107
0.783175
0.862289
1.814355
0.949496
0.903517
0.786716
2.608413
4.679956
4.392457
4.476393
4.368735
0.003239
0.143303
0.075780
2.039275
2.331364
1.757373
1.095596
0.605363
0.013687
0.094284
0.096759
0.039839
0.008537
0.335528
0.028882
0.067740
0.086562
0.075490
0.092272
0.081288
0.514648
0.003729
1.122267
2.615401
2.595707
2.121869
4.501610
6.007014
2.034402
0.019809
0.866981
1.996396
0.646925
0.611388
3.131976
4.263240
2.992500
2.258488
0.042694
0.159179
0.160935
0.089631
0.067112
0.100243
0.001506
0.364257
0.010020
0.814520
1.874247
0.004182
0.025845
0.066519
0.025049
0.006749
0.001500
1.098886
0.035262
0.137558
0.003635
2.604785
1.688140
0.308226
0.691830
2.511059
0.224534
0.045165
0.027523
0.489019
0.047196
0.054178
0.006397
1.651315
3.516551
0.457272
0.102931
0.106048
0.114646
0.205142
0.059308
2.821552
4.958989
1.193466
0.005451
0.046995
0.148535
0.064821
3.227543
4.641729
4.034812
5.334573
4.230144
3.453763
0.055014
1.017817
2.575498
0.236214
0.208912
0.159231
1.947818
2.986876
0.003177
0.061010
0.149118
0.033278
4.192313
4.301527
2.826490
2.705689
2.089466
2.109012
2.346918
3.168829
2.587100
1.785108
0.250111
1.020159
0.440609
0.023239
0.018223
0.054481
0.077012
0.001783
0.854901
0.590723
0.026926
0.589876
1.132400
0.009432
0.058940
0.133766
0.173411
2.417828
2.037753
0.048645
0.013864
1.263366
0.033068
0.055224
0.050962
0.022985
0.411797
1.385799
0.033585
0.894027
1.523922
-0.065327
0.389000
0.507208
0.967352
0.262502
0.263705
0.636684
0.011196
0.583803
-0.045451
0.676338
0.268161
-0.025909
0.819575
0.848271
0.456371
-0.029028
0.782425
1.234137
-0.009053
1.644976
-0.187600
0.576439
-0.283800
-0.179591
0.393027
-0.141121
-0.091014
-0.318696
0.283318
-0.246734
-0.141160
0.157403
0.885370
-0.543684
0.863111
0.060154
1.175677
-0.219080
-0.203798
0.379165
1.252784
-0.167641
0.175793
0.480723
-0.117525
1.391213
-0.394992
-0.316449
-0.208907
-0.145474
-0.131134
-0.070206
-0.137114
-0.074666
-0.341204
-0.247441
-0.188610
0.987620
-0.069983
-0.208611
-0.005084
-0.665216
2.078291
-0.147780
-0.840214
1.917102
0.292664
1.407348
-0.161201
-0.310737
-0.371281
0.513076
-0.163732
-0.025292
-0.059921
0.019436
-0.470335
0.508343
-0.094740
0.686716
-0.189480
0.312779
-0.228904
-0.053114
-0.584661
0.855550
0.012733
-0.295716
-0.072623
0.170518
-0.042703
3.132307
-0.720699
-0.058205
-0.055196
-0.093692
-0.052358
-0.054531
-0.312552
0.272975
-0.216967
1.152261
-0.549607
1.336978
-0.243043
0.087623
-0.511575
0.474609
-0.041189
0.428626
-0.076048
-0.457530
1.214308
-0.221258
0.318099
-0.257722
0.304821
-0.153030
-0.074325
0.013390
-0.070339
-0.403747
0.051311
1.320291
-0.097475
-0.596415
-0.076083
-0.276129
-0.233936
-0.050355
-0.121786
1.532690
-0.378385
-0.193633
0.056898
-0.163619
-0.378847
0.742064
-0.059206
1.859909
-0.208263
0.782901
-0.326198
0.009786
-0.123299
-0.218712
0.018589
-0.760289
-0.157376
0.723447
-0.196196
0.923598
-0.008647
-0.414314
-0.134084
-0.144686
-0.273758
-0.130563
-0.554518
0.901285
0.287204
0.024109
0.898657
2.449794
-0.545572
-0.124601
-0.720400
1.643780
-0.471462
0.546255
-0.115992
0.790675
-0.376293
0.398849
-0.333700
-0.290660
-0.090791
-0.268230
0.277057
-0.402112
-0.138399
-0.423295
1.431900
0.311699
-0.312716
-0.226884
1.270210
-0.283212
0.710600
-0.361169
-0.148534
0.327728
-0.287762
0.030246
-0.167403
0.391906
-0.047314
-0.640955
-0.067935
0.129827
-0.196642
-0.229987
-0.199101
1.345932
-0.222113
0.048869
0.973476
-0.851561
-0.106966
2.408773
-0.271431
1.973358
-0.682126
0.724963
-0.095014
-0.241316
0.089667
-0.246408
-0.071245
-0.134189
-0.439643
-0.060696
0.257535
-0.027588
0.834475
-0.208357
0.405724
-0.059330
-0.341757
0.568648
-0.403609
0.170039
0.509634
-0.375289
1.038275
-0.135008
0.607278
-0.637583
0.896402
-0.182289
-0.156715
-0.187194
-0.311469
-0.118613
0.415565
-0.147473
-0.248138
0.292565
-0.114476
-0.071397
-0.144853
-0.214045
0.518041
-0.342601
-0.067851
-0.363701
0.867343
-0.432804
-0.121779
1.893180
-0.504561
0.223699
0.396538
-0.236024
-0.483043
0.092818
-0.009739
0.451758
-0.604404
0.440776
0.424840
-0.276039
-0.139615
-0.195876
-0.203726
-0.211436
-0.252944
-0.139134
0.218413
0.072054
-0.054442
-0.166690
0.482007
0.627469
-0.026348
-0.445960
-0.034299
-0.047922
-0.139822
-0.129979
0.032594
-0.319090
0.241858
-0.180325
-0.089803
-0.422440
-0.153979
0.826319
-0.461614
-0.016145
-0.157760
2.032461
-0.246713
-0.486160
-0.193435
1.289182
1.369599
0.144300
-0.138270
-0.193970
0.146023
-0.272928
0.696697
-0.463463
-0.009584
1.207118
-0.654455
0.196178
0.634431
-0.548571
-0.002859
-0.148241
0.712067
-0.340892
2.524432
-0.348693
-0.468699
-0.299649
0.898887
0.341353
0.211532
-0.049698
-0.105307
0.510772
-0.320814
0.455505
-0.327770
-0.012111
1.336699
-0.363606
-0.158949
-0.156736
0.605644
-0.074874
-0.051802
-0.154022
0.143830
-0.076318
0.035482
-0.456945
0.049752
-0.452344
1.002033
-0.598513
1.200936
-0.018243
-0.228783
0.897422
-0.548672
-0.120848
0.523335
-0.216877
-0.090256
-0.273396
-0.170962
0.120166
-0.248647
-0.327492
-0.049833
0.510155
-0.116329
0.636193
-0.440893
-0.112839
-0.123664
0.404763
-0.330665
-0.144079
1.030786
0.564407
-0.405413
-0.025584
0.188970
-0.176165
0.578527
-0.572776
1.097595
-0.516351
-0.254520
-0.058591
-0.127663
0.665440
0.252938
-0.029638
-0.441046
-0.418014
-0.067305
-0.425675
-0.046807
-0.161426
0.396659
-0.062318
-0.048719
1.405702
-0.481106
0.644930
-0.229482
-0.022859
-0.051332
-0.179411
-0.022068
-0.008687
-0.152193
0.059155
-0.195815
0.607514
-0.230569
-0.306408
1.159050
-0.461841
-0.295337
1.791126
0.414844
-0.242573
-0.657661
0.923196
0.563818
0.233152
-0.076935
-0.279981
-0.056436
1.305889
-0.540295
-0.049431
-0.244531
-0.027110
0.087390
0.370617
-0.082997
-0.521142
0.220236
0.902721
-0.619712
-0.412792
1.016789
0.040532
-0.592477
-0.163829
0.417795
0.934494
-0.104453
1.443840
-0.294159
-0.090777
-0.110424
-0.154523
-0.144162
0.287485
-0.281773
-0.487192
-0.109474
-0.223898
-0.129043
-0.267114
0.341060
-0.449111
-0.248510
-0.027319
0.789702
-0.447746
-0.028532
0.328609
-0.439649
-0.282977
0.405794
-0.083085
0.169011
-0.417502
-0.086297
0.042317
0.081274
-0.081884
-0.389100
0.471996
-0.324595
0.856228
-0.444934
-0.008133
-0.031797
-0.207949
0.196364
-0.126940
-0.014277
-0.372672
1.283422
-0.399392
-0.348731
0.420915
-0.004431
0.721243
1.096380
-0.330405
-0.083254
0.589393
-0.055858
-0.516779
-0.183387
0.777324
1.192693
-0.525654
1.610446
-0.261323
-0.252110
-0.055896
-0.151635
-0.130424
1.261651
-0.266004
0.789190
-0.574703
1.280138
1.121578
-0.013306
0.722983
-0.238486
-0.050089
0.088983
-0.374789
0.222540
-0.007757
-0.403769
2.707956
-0.194108
-0.646386
-0.019034
-0.127689
-0.159204
-0.166481
-0.178310
0.028269
0.647838
-0.428982
0.400838
-0.266093
-0.566908
1.806026
0.998951
1.231659
-0.325179
0.038156
-0.272167
0.811848
-0.102741
-0.040860
-0.017753
-0.399962
-0.212379
-0.342419
-0.223064
0.134098
0.127279
-0.207703
-0.233304
-0.027010
-0.119273
0.055074
-0.518057
0.220979
0.212362
-0.181756
0.482971
0.812200
0.466801
-0.226721
-0.138235
-0.171893
-0.063832
-0.135994
-0.118711
-0.195888
0.342321
-0.181164
-0.323015
-0.043969
-0.311221
1.276263
0.188613
-0.368880
-0.007545
-0.215109
-0.357150
0.630670
0.295449
-0.376104
0.360083
0.476186
-0.522123
-0.141608
1.471810
-0.227618
-0.293209
-0.286305
1.260288
-0.379852
-0.123352
-0.061341
0.430118
-0.286796
0.058262
-0.294296
0.000841
-0.330777
1.500541
-0.481868
0.523830
-0.198828
-0.019966
-0.055486
-0.180888
1.127663
-0.205097
0.085677
-0.381438
1.673839
-0.322723
-0.212521
-0.188429
0.671194
-0.453418
-0.273698
1.519101
0.815399
-0.408250
-0.318225
0.021002
0.711903
-0.315656
-0.248279
1.307953
-0.113297
-0.334974
-0.149506
0.015653
-0.039471
-0.176607
1.298471
-0.396111
-0.349503
-0.274558
0.098968
-0.357950
-0.156718
-0.163088
0.088469
0.643335
-0.610115
-0.168516
-0.105132
-0.401487
0.022258
-0.159237
-0.112731
-0.271466
-0.090105
-0.404911
0.230020
0.033368
0.070515
0.439629
0.851191
2.318624
1.241605
0.654193
0.011843
0.814524
0.899610
0.197757
0.084919
0.064839
0.004463
0.120084
0.202994
0.233431
0.142200
0.061213
0.442347
0.420104
0.292523
0.360290
0.003299
0.054538
0.310921
1.528045
1.549169
2.539326
1.056102
1.625259
0.003890
1.434455
0.634322
0.993746
2.551438
2.090629
1.308681
2.204558
1.871066
2.444108
2.091550
1.457792
1.051933
0.360048
1.964993
2.008648
1.635913
0.537818
2.114885
0.731979
0.909960
0.055898
1.668701
0.038849
1.120833
0.905173
0.003709
0.361036
1.286802
0.546045
0.161369
0.639391
1.246487
2.199738
1.479049
1.456673
0.820111
0.111451
0.066888
0.111229
1.414824
0.160071
0.044283
0.198350
0.072350
1.347657
2.243566
0.754288
1.357192
1.058956
0.637852
0.190953
0.024875
0.146665
0.215697
1.193405
0.903463
0.445544
0.182287
0.247662
0.024826
1.662591
1.576377
2.417248
0.990361
0.009961
0.538537
0.009261
0.788697
2.541715
1.908756
2.693760
0.990385
0.706875
0.050926
1.332214
0.542310
1.012341
0.011317
1.005096
0.431549
0.093190
0.104551
0.841994
1.386710
0.112662
0.028447
1.774217
0.058696
0.990823
1.068368
0.012519
0.132881
0.472816
0.922226
0.431957
0.823498
1.935743
0.887289
1.104593
0.117258
0.121858
0.126313
1.334554
0.077965
0.045330
0.717686
2.983707
1.559342
0.061818
0.040537
0.732681
0.165453
0.224816
0.217327
0.177696
1.433545
0.600676
0.090646
0.105452
0.968413
1.450776
1.001429
0.709688
0.867538
0.870788
2.473501
3.464773
1.536662
1.176250
1.931660
2.201916
0.097337
0.012075
1.277755
0.977950
1.198600
0.167920
0.019804
2.225475
4.355662
1.153649
0.046908
0.011956
0.092909
0.150474
0.107775
0.013346
1.492113
0.847285
2.562858
1.785143
1.038198
0.756832
0.281158
0.029150
0.092004
0.559785
1.840075
0.930955
0.810789
0.061889
1.569705
2.824582
1.793314
0.208012
0.671839
0.333809
0.034334
0.053536
0.826945
1.249037
0.398993
0.070129
0.551850
1.235841
0.244021
0.873356
0.853774
1.242306
0.266312
1.429212
1.138382
1.186449
0.702060
0.385987
1.806519
2.864565
0.306864
0.570975
0.746294
0.846630
0.993395
0.682292
1.730869
2.874838
1.153448
1.929589
1.464540
1.486699
0.108303
0.205902
0.146173
0.137308
1.250210
1.583310
2.208459
1.361690
2.025898
0.752197
2.361120
0.463301
0.220616
0.202079
0.049790
1.186164
1.535572
2.187052
0.650402
0.923992
1.358357
1.767449
1.913167
0.325081
0.467081
0.988610
2.112111
2.141763
2.395173
0.904023
1.348131
0.526467
1.273937
0.268903
0.840879
0.144841
0.316968
0.903075
1.282272
1.802584
1.256881
1.152906
0.016541
0.335208
0.489794
0.729437
1.291522
0.069982
0.478632
1.763438
1.533098
2.411288
1.812728
0.428234
0.096487
0.048757
1.122391
0.146623
0.196400
0.866157
1.488519
2.509582
1.476473
1.019478
1.079168
0.645552
1.256872
2.208870
1.023702
0.683478
0.002621
0.941846
1.362017
0.482380
0.135589
0.183641
0.201119
0.214049
0.239599
0.008429
1.227608
0.014579
1.034728
1.233983
0.041090
0.166797
0.000060
1.156916
1.783534
1.565579
1.590874
1.400167
0.417773
0.694753
0.155597
1.032972
1.442317
0.282392
0.300183
0.088441
1.641680
0.520642
0.543490
0.013920
0.430945
0.296585
1.602094
1.674562
1.280649
0.749069
1.949937
1.507526
0.087669
0.064484
0.345844
0.694324
0.063744
0.515397
0.649074
1.464187
0.191503
0.443070
0.352981
0.137178
0.755339
0.093092
0.333357
0.620843
0.025982
0.073946
0.792728
0.247093
1.522509
2.061767
3.023719
1.488911
0.083822
0.638044
0.050158
0.917060
0.050146
0.299008
0.399383
0.119650
0.033612
0.132176
1.251890
1.291316
2.212584
0.681352
1.194075
2.424485
1.520044
0.101814
1.434932
0.686252
1.078387
0.172572
0.199834
0.590773
0.006549
0.694388
0.002476
1.096553
0.585661
0.410794
0.042157
0.266923
0.077095
1.326344
2.574806
1.450026
0.712976
0.309844
2.061555
1.566993
2.263796
0.332457
0.846149
1.489937
0.026915
0.221347
0.091958
0.929506
0.997735
1.081303
0.150998
0.493789
0.447193
1.725560
1.658640
2.090634
0.264672
0.968184
0.769061
1.051512
1.950879
1.531966
0.070796
0.171947
0.125058
0.027264
0.115020
1.577232
0.081214
0.789237
0.937712
0.425078
1.162827
1.752265
2.533045
1.264539
0.893760
0.671147
1.524107
3.025462
1.530143
1.119754
1.807334
0.615778
1.912118
0.708327
0.174205
0.248470
1.170824
0.046747
0.488724
1.930658
1.320383
1.830894
1.505046
0.526943
0.316173
0.113332
0.569161
1.483298
2.511390
0.211846
0.182380
0.631916
0.903585
1.407467
0.417833
0.009021
0.564070
0.308845
0.559724
2.266037
2.756984
0.102070
0.041802
0.376426
0.076343
0.005778
0.265029
0.261473
0.161762
0.141095
0.391680
0.217384
0.097574
0.433384
0.960989
0.247252
0.127972
0.596871
0.979893
0.636638
0.295775
0.221334
0.090243
1.278044
0.664303
0.639044
2.131848
1.826321
1.055675
0.038107
0.946391
0.341140
1.583447
0.110908
0.172179
0.222366
0.145434
0.134590
0.517157
0.910816
0.273002
1.054070
1.393105
0.822966
0.003502
0.040828
0.665185
0.004541
0.057109
0.105702
0.705710
1.846825
1.586186
1.327222
2.311310
1.637841
1.851081
0.313907
0.914703
2.152063
2.521118
0.088560
0.589974
0.099590
0.141520
0.008091
0.056587
0.047924
0.052718
0.653781
2.879267
0.470398
0.956858
0.092875
0.429255
0.391684
0.091914
0.035569
0.147590
0.105844
0.106020
0.042948
0.519897
2.845824
1.564985
0.341215
0.785904
0.085836
0.652142
0.722672
0.470056
0.607855
1.533850
1.487856
0.103755
0.128162
1.153710
0.008286
1.459567
0.364553
0.187277
0.278492
0.053666
0.113797
0.242780
1.153753
2.026501
2.394259
0.167184
0.282843
0.227199
2.018533
1.614028
1.796920
0.137435
0.068960
1.069208
1.894688
0.790603
1.044650
1.758894
0.005896
1.469681
0.495239
0.364013
0.200710
0.880825
2.086684
1.171253
0.388361
0.116038
0.860630
0.959603
1.557228
1.980419
3.259098
1.673948
0.959508
1.016067
0.685714
1.625318
0.018260
1.000085
1.842812
2.509871
0.123487
1.881174
2.203221
1.412140
1.393327
1.040288
1.385930
0.538439
0.120345
0.139910
0.170129
0.524716
1.910865
2.297336
1.563237
0.899054
0.398817
1.329819
1.424296
2.379130
2.091458
1.355250
1.074517
1.565029
1.271104
2.693547
1.940592
1.263731
2.747618
1.396067
2.314323
0.948799
2.127158
2.160246
3.344138
1.012772
1.286858
1.490328
0.658336
0.351254
0.979858
1.949273
1.398794
0.747748
2.431904
2.054745
2.292701
1.685997
0.157736
0.033493
0.000760
0.555014
0.246353
0.101253
0.257637
0.290150
0.195157
0.009627
0.199671
0.011137
0.032577
0.110980
0.096116
0.013149
0.092595
0.090718
0.146467
0.001269
0.421633
0.658820
0.010003
0.147593
0.179721
0.111460
0.224445
0.177793
0.616673
0.036699
0.218790
0.378901
0.019770
0.003717
0.010640
0.611256
0.899629
1.209090
0.116793
0.074840
0.055873
0.920367
1.067008
0.034222
0.124616
0.081793
0.303696
0.293778
0.732948
0.739174
0.125273
0.315831
0.378062
0.145673
0.240159
0.239648
0.107341
0.069551
0.056555
0.238204
0.211209
0.148895
1.129615
0.950439
0.903915
0.034750
0.039740
0.131394
0.044733
0.029132
0.068017
0.089098
0.030037
0.096344
0.173523
0.341332
0.683342
0.015234
0.278248
0.048018
0.057165
0.071369
0.140139
0.112562
0.088494
0.052219
0.259021
0.230199
0.240223
0.101657
0.065791
0.563290
0.087804
0.245340
0.131482
0.125204
0.090571
0.042622
0.023728
0.143065
0.276831
0.111946
0.079294
0.077265
0.081965
0.069851
0.033960
0.427407
0.037385
0.177487
0.084036
0.043833
0.011491
0.069016
0.073758
0.353846
0.053658
0.101817
0.233692
0.125263
0.147525
0.231730
0.268628
0.122293
0.186815
0.186161
0.223162
0.237057
0.257270
0.322915
0.420856
0.288306
0.073027
0.153904
0.119633
0.158941
0.032479
0.039383
0.026911
0.103813
0.139372
0.521350
1.186667
0.130844
0.073263
0.136536
0.170612
0.412881
0.109409
0.232079
0.120678
0.500789
0.899626
1.157807
1.896192
0.873175
0.084752
0.118797
0.610833
0.010987
0.127758
0.144756
0.211074
0.068682
0.345192
0.140272
0.271598
0.197708
0.116937
0.246311
0.129203
0.305681
0.038354
0.759174
0.633019
0.233128
0.365879
0.357981
0.191817
0.133599
0.109004
0.083176
0.221158
0.216548
0.122061
0.123298
0.054391
0.123017
0.172750
0.010714
0.030203
0.012246
0.596967
1.322321
0.684006
0.056244
0.215910
0.642949
0.139252
0.034480
0.077415
1.583648
0.702862
0.121921
0.069817
0.119902
0.066027
0.307205
0.150536
0.072853
0.195217
0.282212
0.054525
0.060174
0.230195
0.005816
0.056351
0.129060
0.159719
0.110968
0.025927
0.209594
0.048913
0.483950
1.871110
0.064894
0.342841
0.215386
0.162390
0.029291
0.192914
0.261135
0.053641
0.196295
0.080376
1.278673
0.097052
0.419295
0.046172
0.090368
0.123695
0.129927
0.203008
0.125569
0.104188
0.176694
0.230531
0.011911
0.143901
0.530241
1.110945
1.046396
0.018963
0.245818
1.226608
0.431945
0.165710
0.059244
0.096261
0.335080
0.091885
1.283851
0.010362
0.192555
0.108073
0.251004
0.180324
0.274530
0.064774
0.174421
0.076163
0.391174
0.292176
0.190950
0.077382
0.158281
0.005732
0.279195
0.460578
0.284588
0.174028
0.055174
0.092566
0.011485
0.057392
0.226648
0.271689
0.117958
0.152018
0.018695
0.008894
0.740309
0.702242
0.009365
0.928013
1.168707
0.579131
0.181855
0.155698
0.109979
0.169920
0.053718
0.145692
0.130004
0.208186
0.164808
0.090687
0.266994
0.300071
0.134212
0.010700
0.164822
0.547416
0.693560
0.414189
0.004489
0.291144
0.172176
0.349792
0.273156
0.169200
0.120196
0.021046
0.037280
0.155560
0.060809
0.162450
0.000969
0.103221
0.084583
0.031952
0.428128
0.401586
0.247838
0.089124
0.575298
0.153267
0.143066
0.101596
0.173962
0.046274
0.089799
0.562741
0.621689
0.098151
0.300606
0.026509
0.226848
0.370643
0.060771
0.734471
0.129934
0.208199
0.382011
0.034011
0.178969
0.166212
0.272281
0.283101
0.267328
0.063124
0.128516
0.031619
0.034739
0.034003
0.044069
0.132422
0.102337
0.003711
0.192784
0.158419
0.044267
0.046303
0.165550
0.237057
0.074573
0.229808
0.420437
0.241238
0.208267
0.183968
0.233454
0.068126
0.255394
0.180893
0.160109
0.202596
0.151631
0.148627
0.176745
0.303627
0.265785
0.243759
0.133655
0.224971
0.209446
0.136420
0.108939
0.241433
0.155706
0.246786
0.767907
0.266219
0.166600
1.532330
1.029501
0.067750
0.058963
0.721234
0.149639
0.064234
0.040192
0.040324
0.178877
0.110374
0.022077
0.061955
0.276004
0.595810
0.033666
0.029910
0.062177
0.593267
0.305400
0.162626
0.105653
0.117693
0.227641
0.584953
0.426916
0.219723
0.303937
0.065340
0.154132
0.248311
0.006739
0.231429
0.083604
0.270020
0.038223
0.001654
1.107654
0.145388
0.262954
0.202786
0.491828
0.064990
0.155452
0.174038
0.166643
0.192799
0.090104
0.019549
0.065312
0.263019
0.252650
0.165345
0.027665
0.192396
0.153373
0.525180
0.568421
0.017380
0.159204
0.182741
0.146394
0.045987
0.045529
0.158553
0.221167
0.127647
0.137994
0.149972
0.127692
0.017538
0.152074
0.284955
0.031042
0.112803
0.166403
0.116619
0.133694
0.065299
0.169607
0.176812
0.115684
0.047238
0.165544
0.141744
0.016729
0.108497
0.095797
0.084608
0.259480
0.385037
0.169291
0.045402
0.088011
0.073542
0.123654
1.384195
0.086941
0.096185
0.046926
0.059026
0.105322
0.153538
0.211234
0.174051
0.233275
0.294687
0.276347
0.294256
0.122330
0.241304
0.083731
0.050650
0.384237
1.106649
0.382071
0.155124
0.140076
0.174190
0.307151
0.297585
0.091178
0.093801
0.035101
0.017380
0.335259
0.104451
0.204714
0.139585
0.110006
0.082828
0.066304
0.353248
0.324284
0.157007
0.239289
0.259190
0.119859
0.077357
0.056121
0.110227
0.019229
0.044374
0.782267
0.883486
0.025490
0.011421
0.097223
0.027949
0.083862
0.072915
0.014392
0.064095
0.094228
0.049491
0.213152
0.227223
0.006123
0.067624
0.075618
0.307887
0.122682
0.183801
0.155422
0.030901
0.084075
0.006072
0.137553
0.414772
0.272967
0.079385
0.025183
0.272896
0.068127
0.071506
0.148831
0.013706
0.031701
0.036320
0.735516
0.614390
0.497691
0.167209
0.079684
0.079456
0.269530
0.272910
0.055780
0.064150
0.072234
0.164342
0.181463
0.588200
0.525176
0.102440
0.089413
0.059821
1.098089
0.019234
0.000178
0.399921
0.083789
0.227558
0.553211
0.011781
0.065170
0.007703
0.099206
0.205521
0.136389
0.182612
0.079078
0.062811
0.052438
0.150376
0.030203
0.000891
0.001312
0.124189
0.205835
0.155535
0.434905
0.332117
0.181103
0.586332
0.109865
0.229049
0.204356
0.033334
0.159839
0.186010
0.085153
1.011094
0.235972
0.001038
0.178789
0.162708
0.160127
0.422415
0.124940
0.408976
0.554994
0.266744
0.034689
0.079651
0.049203
0.063720
0.083542
0.418703
0.096096
0.208952
0.188389
0.100095
0.063203
0.045925
0.240714
0.356394
0.271271
0.288161
0.199257
0.127119
0.007331
0.117015
0.172671
0.323692
0.382636
0.012705
0.101143
-0.232702
-0.007211
-0.299365
-0.079681
-0.146543
-0.088210
-0.072452
-0.078468
-0.236624
-0.068872
-0.279583
-0.362398
-0.039061
-0.305550
-0.097960
-0.092194
-0.100266
-0.145101
-0.116790
-0.107563
-0.177529
-0.089091
-0.159331
-0.036757
-0.373537
-0.176248
-0.619532
-0.094874
-0.442718
-0.112844
-0.216064
-0.190814
-0.379571
-0.388309
-0.428297
-0.591703
-0.365247
-0.422927
-0.380469
-0.314397
-0.178232
-0.295601
-0.359982
-0.418699
-0.144898
-0.378527
-0.221325
-0.177446
0.071172
0.702452
0.175710
-0.013915
-0.218515
-0.208693
-0.169369
-0.123457
0.458497
1.306329
1.476915
0.899874
0.410179
-0.193320
-0.361333
-0.396629
-0.445285
-0.062198
0.046509
0.056996
-0.028984
-0.344619
0.100961
-0.063418
0.027522
0.204339
0.359197
0.656277
0.195184
-0.102695
0.044347
-0.375729
-0.040603
-0.466041
-0.023754
-0.130967
1.403437
1.480280
1.034256
0.540024
0.361980
0.232389
-0.166290
-0.115746
0.946909
-0.156402
-0.272906
-0.215163
-0.152507
-0.188659
-0.178675
-0.193277
-0.141213
-0.296646
-0.206150
-0.509225
-0.145375
-0.363271
-0.273329
-0.212876
-0.290846
-0.029778
0.542426
0.566476
0.459666
0.578678
0.237060
-0.211758
-0.436950
-0.225019
0.254219
-0.004259
-0.278343
-0.080430
-0.240619
0.015665
-0.084041
-0.208499
-0.168012
0.663339
0.045980
1.007239
0.189763
0.437199
-0.054574
-0.118700
-0.105733
-0.257327
-0.147495
-0.139730
-0.256665
0.530131
1.059842
1.051658
0.029002
-0.131876
-0.269440
-0.050430
-0.111198
0.058625
0.496933
0.323659
0.472948
-0.005015
-0.444362
-0.242072
-0.281969
0.184293
-0.273859
-0.206044
-0.248832
-0.257323
-0.218909
-0.306870
-0.058243
-0.014999
-0.142724
-0.069508
-0.064593
-0.008229
0.303027
0.693073
0.103430
-0.460199
-0.338170
-0.455694
0.676023
0.287014
0.288509
-0.327976
-0.497730
-0.556198
-0.416005
-0.194455
0.296103
0.131465
-0.065963
-0.339348
-0.428413
-0.306501
-0.296148
-0.095936
-0.543823
-0.158863
-0.174747
-0.214676
0.043948
1.120601
1.589318
0.021422
-0.098447
-0.373124
0.427521
1.203166
2.308462
1.523000
0.883990
-0.009775
0.020426
-0.200902
-0.217215
0.311715
1.353122
0.703347
-0.272741
-0.382390
-0.255680
0.125705
-0.111215
-0.043785
-0.019625
-0.092434
-0.136783
-0.117210
0.623241
-0.067964
-0.195429
-0.050337
0.446392
0.807719
0.633772
0.244539
-0.060932
0.176166
0.727605
0.643014
0.000381
0.105832
1.612684
1.974490
0.867779
-0.108055
-0.118590
-0.080319
-0.050887
-0.088126
-0.110504
-0.063435
0.277200
-0.102053
-0.271443
-0.014592
-0.174351
-0.042971
-0.239578
-0.381730
-0.197377
-0.332762
-0.402268
0.172148
-0.262335
-0.196860
-0.194876
-0.213859
-0.291224
-0.073561
-0.133235
-0.147549
-0.112232
-0.160724
-0.134392
0.002348
0.347542
0.735643
-0.167658
-0.361574
-0.212878
-0.649646
-0.398230
-0.540287
-0.366033
-0.557981
-0.656937
-0.423111
-0.529633
-0.152953
-0.026102
-0.029704
-0.288232
-0.082502
-0.177503
-0.073921
-0.224215
-0.239088
-0.202420
-0.189034
-0.212768
-0.118294
-0.075083
-0.119273
0.277388
0.413114
0.995932
1.194549
0.962429
1.382198
0.461426
1.262303
0.766373
0.307424
-0.170636
-0.137143
0.210658
0.316427
-0.178603
-0.226086
-0.160713
-0.104397
-0.002348
0.126827
0.454627
0.513667
-0.104314
0.831180
0.479392
0.558906
-0.228037
-0.053891
-0.168554
-0.004057
0.258011
1.457382
0.421390
-0.162758
-0.001708
-0.193936
-0.147824
-0.125553
-0.173330
0.149022
-0.127364
-0.165836
-0.030725
0.229054
-0.183738
-0.156524
-0.391790
-0.161141
-0.361654
-0.016584
0.098501
0.557049
0.224675
0.766048
0.212774
-0.189139
-0.100567
-0.112029
-0.133534
-0.239796
0.097836
-0.148322
-0.199465
-0.124998
-0.402973
-0.197577
-0.246797
-0.218206
-0.321888
-0.088680
-0.108802
0.957926
0.044538
-0.168892
-0.362285
-0.222715
-0.321409
-0.161685
0.393512
0.396035
-0.018723
0.033198
0.916975
-0.032893
-0.096459
0.000791
0.091152
1.015598
0.842623
0.131382
0.137408
0.419795
0.211331
-0.179498
-0.147418
0.059281
0.013657
-0.244228
0.545970
0.409762
0.271169
-0.226249
-0.245391
-0.246050
-0.238176
-0.392285
-0.492310
-0.147060
-0.072618
0.066655
0.002644
0.206156
-0.021164
-0.105785
-0.178015
-0.270227
-0.050409
0.097523
-0.019236
0.133043
0.059371
-0.268248
-0.177624
-0.080211
-0.136386
-0.272348
0.557480
-0.034988
-0.011316
0.506585
1.681821
0.566657
-0.104004
-0.088031
-0.114210
-0.149095
-0.168604
-0.186946
-0.111566
-0.235525
-0.224709
-0.332289
-0.343533
-0.037913
-0.214797
0.308337
0.041012
-0.190732
-0.364643
-0.496830
-0.340276
-0.336352
-0.172369
-0.276540
-0.037633
0.036054
-0.017641
-0.166475
-0.232236
-0.084479
-0.213464
-0.081565
-0.086598
-0.011502
1.029965
0.903833
-0.088105
-0.486922
-0.230853
-0.453101
0.255248
0.583175
0.886343
1.357096
1.311864
0.709341
-0.136832
0.523769
0.400164
0.326292
0.011415
-0.047125
-0.188237
-0.152740
-0.271945
0.067017
-0.002098
-0.003303
-0.279212
0.507401
0.733268
1.197616
0.261444
-0.250814
-0.336420
-0.197739
-0.326841
-0.440680
-0.328731
-0.266553
-0.256090
-0.331622
-0.247038
-0.216209
-0.169797
-0.180739
0.343427
0.630357
0.047911
-0.143677
-0.205620
-0.268672
-0.309778
-0.552477
-0.143366
-0.227129
0.513553
0.670056
-0.025623
-0.093063
-0.075364
0.481009
0.649951
-0.143672
-0.102723
0.071823
-0.005896
-0.002816
-0.055442
0.013405
-0.127200
-0.123800
-0.167059
0.163967
-0.204364
-0.268824
0.072617
-0.081911
0.030370
-0.571466
0.421253
-0.224221
0.472531
1.041583
1.068362
0.092722
-0.032626
0.322019
0.477602
-0.157926
-0.415208
-0.231438
-0.299877
-0.111954
-0.125087
-0.192592
-0.147542
-0.193050
-0.195810
0.260972
0.388623
1.790369
1.711665
0.126644
-0.276788
-0.349230
-0.125441
-0.161210
-0.067735
-0.225636
-0.239497
-0.163297
-0.220553
0.451166
1.088921
0.966761
0.075565
-0.084801
-0.179285
-0.163098
0.063632
0.346068
-0.028354
-0.220439
-0.303167
-0.293275
-0.211004
0.428314
1.194998
0.802224
-0.105395
-0.188856
-0.160276
-0.092011
-0.051534
0.721549
-0.187365
-0.087007
-0.182462
-0.157749
-0.205249
-0.318512
-0.194732
-0.040321
-0.014461
0.182034
0.333954
0.726253
0.572410
0.401468
-0.072193
-0.225334
-0.185238
-0.187090
-0.119227
-0.013036
0.024846
-0.062067
-0.211815
0.034452
-0.156439
-0.293741
-0.430523
-0.640728
-0.109983
-0.383711
-0.172620
-0.056539
-0.209317
-0.239176
-0.118287
-0.347188
-0.177208
-0.038939
0.307166
0.482304
0.152517
-0.199531
-0.233964
-0.175339
-0.305220
-0.024548
0.266125
1.215464
0.012148
0.702511
1.460976
1.260708
0.888437
-0.054143
0.092157
0.192034
-0.129607
-0.341367
-0.270259
-0.279103
-0.030614
0.157767
0.075939
-0.049123
-0.050329
-0.172213
-0.321336
-0.261259
-0.210072
-0.104111
-0.349805
-0.267785
-0.312972
-0.124192
-0.149654
0.434002
0.937508
0.579527
0.432513
-0.280617
1.192059
-0.058651
0.652346
-0.151082
0.520664
0.196889
0.441127
0.735081
0.388765
0.694920
-0.636703
0.753077
0.395189
0.241165
0.608158
-0.082649
0.197977
0.387591
0.579319
0.128569
0.816513
-0.649428
0.361699
-0.532714
1.601763
0.734985
-1.277793
0.887639
0.295131
-0.170910
-0.956303
0.902038
0.532135
-0.291513
0.814577
-1.008327
0.455405
0.621803
-0.095045
0.270275
0.346592
-0.167532
0.626423
0.537359
0.110001
0.165678
0.686228
0.158831
0.429403
0.411087
-0.075851
0.375439
0.919882
-0.448626
-0.761426
0.780474
0.222002
0.352968
-0.018686
-0.570520
-0.061854
-0.212350
0.557081
0.445372
0.268696
0.006551
0.133480
0.216946
0.669794
-0.134007
1.069285
0.680597
0.067212
0.733143
0.415858
-1.495408
0.321158
0.581186
-0.965389
0.309220
0.479190
-0.192584
0.747641
0.048759
-0.394815
0.725646
-0.335912
0.010164
1.341888
0.485869
-1.209665
0.189254
-0.073829
0.259618
0.757171
1.100628
-0.124673
-0.327252
0.217294
-1.277181
0.003783
0.845553
-0.765293
-0.266330
0.280739
0.340307
0.822299
0.826235
0.015488
-0.768154
0.267878
-0.284156
1.304946
0.369953
-0.402385
-0.096720
0.475680
-0.453614
0.674030
0.439536
0.320033
-0.200085
0.055018
-0.077956
0.711056
0.479487
-0.506068
0.008076
0.409500
-0.047962
0.913720
0.115592
-0.413322
0.261222
0.128197
0.486494
-0.139500
1.306542
-0.243889
0.045287
0.120399
-0.382278
0.626429
0.220094
0.417561
0.312832
-0.155256
0.092843
0.951282
0.644158
-0.119801
-0.731673
0.060486
0.098498
0.575799
0.299747
-0.588953
1.055772
0.910129
-0.382471
-0.515844
0.835669
-0.289795
-0.814152
0.864629
-0.523341
0.682167
0.324589
0.388632
-0.203293
0.342366
0.190458
0.838954
0.538993
-0.569393
-0.115973
-0.435640
1.215603
-0.020204
0.504143
1.594652
-0.254118
-0.365867
-1.164512
0.192531
0.256847
0.639904
-0.616226
0.194217
-0.162595
0.522761
-0.056419
0.963166
0.558446
-0.647286
1.223886
-0.727995
-0.115915
-0.198398
0.349674
0.597498
-0.208906
0.363101
0.712301
1.158729
-0.776508
-1.897796
-0.033175
0.178576
0.366450
0.684197
1.014045
-0.843963
-0.490356
0.426234
0.062765
1.385795
-0.040978
0.764573
-0.739308
-0.299963
-0.222319
-0.279092
1.175777
-0.198275
0.027319
0.470905
0.627881
-0.109177
-0.158248
0.428956
0.007726
-0.443015
1.260691
0.035955
-1.304726
0.432301
0.392449
0.587755
1.041995
0.008540
0.977562
-0.963575
0.118278
-0.074622
1.155154
0.703789
-1.016904
0.496317
0.649579
0.266507
0.503974
1.068306
-0.350625
0.496690
-0.881897
1.108631
0.225349
0.185894
-0.659349
-0.453403
-0.347362
0.934414
0.072701
1.494822
-0.241349
-0.675559
0.744076
0.351590
0.500014
0.035716
0.165439
0.155443
-0.010735
-0.147675
1.264210
-0.999777
0.416238
0.417608
-0.178182
0.028473
0.558180
-0.143530
-0.460499
-0.756154
-0.451765
0.993068
0.954595
-1.009473
1.382960
1.038524
-1.024774
-0.630894
0.797727
-0.325815
-0.129164
-0.136643
-0.351728
0.621347
-0.324916
-0.070147
-0.076784
0.776020
-0.229641
0.467856
0.121097
0.248753
0.130661
-0.529880
-0.135828
0.841968
0.548836
-0.259926
0.241427
-0.047633
-0.566846
-0.003719
0.489011
0.031016
-0.307140
0.482179
-0.324777
0.282889
-0.422992
0.520673
0.779241
-0.592589
0.365085
0.695206
0.038541
0.850655
1.285126
-0.604383
-0.788466
0.709185
-0.144594
0.577973
-0.609020
-0.441649
0.807790
1.133102
-0.361750
-0.597185
1.488737
0.329981
-1.253845
-0.080921
1.198549
0.207706
-0.483820
0.071756
-0.118501
-0.056278
-0.030869
0.469063
0.937805
-0.057544
-1.849880
-0.109369
0.972598
-0.125388
0.618778
0.694251
1.049600
-0.061283
-1.644128
-0.049162
0.951662
1.062057
-0.178961
-1.265345
0.560014
0.097119
-0.842069
0.096296
-0.504585
0.724673
0.192283
0.045841
0.435584
0.364453
-0.419291
0.849628
0.098885
1.505146
0.131035
-0.210240
-0.304707
-0.595825
-0.301815
-0.689487
0.913629
1.212583
0.525507
-0.773686
-0.050808
0.122283
-0.388105
1.271001
0.525023
-0.595008
0.084235
0.281659
0.487066
0.454512
-0.035335
0.826479
0.817901
-0.745468
0.471964
0.024521
-1.115932
0.109046
0.329369
0.230854
0.404821
0.962174
0.693125
-0.281962
-0.501372
-0.107968
-0.175481
0.927015
-0.366536
-0.602842
0.207609
0.845064
0.446819
-0.035800
-0.129639
0.782966
0.209789
-0.672126
1.505740
0.026341
-0.318907
-0.227545
0.891690
0.040797
0.062766
0.288520
-0.453274
-0.061250
0.549012
-0.377122
-0.712565
1.567019
-0.762064
-0.619734
0.806381
-0.583687
0.749518
0.282848
-1.038398
0.464068
-0.252900
0.076869
1.621514
0.827964
-1.357131
1.162735
-0.447727
0.829550
-0.345563
0.679510
-0.421857
0.699896
0.281908
0.017135
0.131670
0.196414
-0.118675
-0.465299
0.547334
-0.552166
1.224527
0.115307
-1.004716
0.307684
-0.592384
0.530697
1.749885
0.667016
-0.290426
-0.622378
0.366905
-0.497670
-0.272546
0.083693
0.369868
-0.907051
0.219751
0.408347
-0.162712
0.858944
0.166537
0.101952
0.463011
-0.330862
-0.067677
0.046347
-0.710708
0.280899
-0.041216
-0.031302
1.237331
1.075511
-1.234886
0.099772
0.050153
-0.505418
-0.215315
-0.044832
0.207928
-0.462359
0.457890
0.560639
-0.218670
0.180955
0.482122
0.254373
0.308362
-0.249443
0.011182
0.590597
-0.412206
0.559935
-0.040050
0.639810
-0.087383
0.471255
0.343896
-0.500059
0.450255
0.111642
0.344148
0.604075
-0.778132
0.322329
0.303436
0.330567
0.380096
-0.777468
0.679870
0.911719
0.028674
-0.194580
0.724905
1.056251
-0.938240
0.887795
0.509361
-0.556388
0.430430
1.010653
-0.167064
-0.094512
0.007275
0.731749
-0.148200
0.535741
0.173917
0.024396
-0.488744
1.059403
0.420888
-0.307223
-0.083295
0.473480
0.269097
-0.278259
0.990742
1.216906
-1.347520
1.138360
0.563050
-0.479694
-0.069715
0.533327
-0.108497
-0.140223
-0.117307
0.793271
0.290531
-0.046433
0.080602
0.522321
0.529549
-0.597157
0.162855
0.492611
-0.359744
0.435915
0.289596
0.447783
0.607471
0.183104
-0.839520
0.617242
0.494752
-0.372376
0.055019
0.547362
0.056675
0.089821
-0.004074
0.386089
-0.021335
-0.175534
0.433719
0.912344
0.495295
-1.051125
0.888483
-0.089141
1.289220
-0.644264
0.558887
0.369006
1.017232
-0.216371
-0.135075
0.880331
-0.383613
0.981422
-0.050465
0.267894
-0.076392
0.784374
0.459577
0.079870
-0.042804
0.137018
0.989248
0.263199
-0.516126
0.066428
0.402427
0.620454
-0.908204
0.535348
-0.274598
0.817988
-0.794984
-0.162204
-0.567692
0.894834
0.647019
-0.308873
-0.090575
-0.866566
0.304163
0.638276
0.351623
0.743810
-0.055865
-0.926272
0.088781
-0.370940
-0.295462
-0.088847
0.619743
-0.184843
-0.399266
0.566275
0.434493
-1.309421
-0.176941
-0.070389
-0.347411
0.369553
-0.417389
-0.306624
-0.007371
1.787854
0.686971
0.192760
-0.376417
0.388277
-0.264738
2.042323
-0.213982
-0.412432
0.440956
1.570279
0.600070
0.096085
0.019468
0.136715
-0.023095
0.910110
2.128465
-0.291072
-0.486055
1.482092
-0.703353
-0.772885
2.358706
-0.166797
-0.196418
0.051919
-0.409068
2.211472
0.031283
1.565174
-0.786325
1.027462
0.744168
0.094723
0.920656
1.957805
1.529231
0.212605
-0.113690
0.663101
-0.163573
-0.169494
0.055709
-0.383219
0.888310
1.832689
-0.724859
-0.649401
0.751334
-0.400013
1.629502
2.232950
-0.538285
-0.483362
0.217839
0.923643
0.426873
2.473264
1.517226
0.572908
0.685808
-0.981617
2.063736
1.152858
-0.692214
2.060103
-0.130607
-0.130767
0.392550
0.677612
-0.381387
-0.258999
0.994497
-0.114270
1.721393
0.909801
0.340277
1.989309
2.212515
-1.107316
1.925152
3.625741
0.783296
0.273741
-1.022910
-1.028973
3.640142
2.384473
1.278790
1.337824
-1.209658
2.159212
-0.572026
0.656305
-0.297078
-0.224276
2.827168
-0.272925
0.082103
2.972781
1.945356
1.257481
0.769055
0.433765
0.376490
1.269854
-0.128543
0.388071
-0.531073
0.823824
1.632596
1.270314
2.205798
-0.232586
-1.353346
0.621140
0.529113
0.123916
1.116167
1.145787
0.196284
-0.416200
0.928516
3.236924
2.641331
0.546729
-1.443591
-0.928698
1.343460
-0.079856
-0.466342
0.680412
0.029157
0.781994
0.443482
1.901950
-0.716810
0.791863
-0.032736
0.675870
0.681423
0.708836
0.621983
2.707174
2.255070
-0.619625
-0.973556
0.983134
1.667115
0.951519
1.066758
-0.502203
0.814828
-0.278994
-0.522188
-0.216691
0.809797
1.258113
-0.620135
1.278128
4.962720
1.549617
-1.823068
3.228045
0.678896
2.130669
0.151953
1.829376
-0.450289
-0.727389
2.523286
3.586590
-0.057435
0.077363
-0.293395
-0.288841
-0.011245
-0.729680
-0.364001
1.708982
2.939536
-0.675000
-0.285572
1.201739
1.307763
1.249486
-0.982814
1.688387
1.525249
-0.277872
-0.240775
-0.533632
2.525085
-0.010868
0.615857
2.829879
-0.176958
-0.814651
-0.560014
-0.047279
-0.076257
-0.661822
0.226257
2.214294
0.866407
-0.473431
1.899039
-0.973160
-0.573683
3.227421
-0.901582
1.085109
1.800062
-0.512697
-0.616070
1.497456
1.896222
-0.008132
1.697508
-0.546660
-0.060117
0.099322
-0.097832
1.140637
-0.234031
-0.331161
0.644205
-0.202346
1.183114
-0.413485
-0.066824
0.758303
0.087863
0.043549
-0.371381
0.658197
2.198334
-0.801225
0.300952
2.417506
1.267476
0.068814
-0.879119
-0.392791
2.171542
-0.633844
0.794896
1.512175
-0.939806
1.775324
-0.266423
1.125157
0.620234
0.204284
-0.480222
-0.304907
0.756295
1.210694
-0.203911
2.080409
-0.324666
1.641034
1.171518
-0.773826
-0.268333
2.209977
-0.595586
-0.851664
0.612775
0.348468
2.425810
0.259955
0.057685
1.015902
0.516526
0.007009
-0.040062
-0.023625
1.166693
0.085612
1.462672
1.471218
-0.634956
0.517043
1.556650
0.472295
-0.932443
0.011948
1.228816
0.364876
-0.213731
0.353130
0.593533
2.179005
-0.053616
-0.476933
2.606914
1.346715
-0.045577
-0.344470
0.763352
1.962909
1.619123
-0.509395
-0.705919
1.859112
-0.789932
0.749486
0.922619
1.152231
-0.238343
-0.207740
2.729417
0.834477
-1.302371
2.492175
-0.527076
0.240688
1.011163
0.642597
-0.222551
-0.705981
1.433016
0.332369
0.436405
0.934831
0.253251
-0.883927
-0.245714
-0.050017
-0.259854
1.890242
-1.055593
0.280582
0.307808
0.326646
-0.463279
-0.373798
0.972447
2.191824
-0.827488
-0.396731
0.731983
-0.340225
-0.345591
-0.245409
0.318503
-0.124499
3.261437
0.589140
0.474314
-0.269430
-0.250668
0.802517
-0.197658
1.799623
0.360405
0.267030
-0.827854
-0.516470
-0.204655
0.400391
1.575242
1.827196
-0.925119
-0.623361
0.830665
1.080387
-0.395443
0.880112
0.577162
2.298631
3.452323
-0.189826
0.359805
0.225120
-0.658316
-0.545034
-0.126449
1.445037
-1.316314
-0.603430
-0.049998
-0.076939
0.937944
0.398885
2.203399
0.804555
0.269374
-0.425656
-0.288187
1.818968
1.082359
-0.021440
0.373773
-0.582519
1.659541
-0.866377
0.703253
1.321798
1.213263
-0.756815
-0.137926
0.819002
-0.634656
0.702772
-0.120220
0.763590
3.396524
-0.502174
1.047080
1.863320
-1.111554
-0.998569
0.216682
0.606963
-0.102867
0.398212
2.062898
-0.458139
-0.403102
1.599532
4.247638
0.093206
-1.117635
0.736844
-0.472343
1.791370
1.595993
1.086916
-0.811704
0.348095
1.265951
2.110859
-0.067868
-1.069534
-0.281828
1.259792
0.507799
0.012551
0.140391
3.835203
0.211225
-1.454419
-0.238669
1.093828
1.195817
0.371083
-0.708072
0.652568
-0.297070
1.879914
-0.144094
0.584937
-0.742961
0.049553
-0.228125
1.119149
-0.395608
-0.030139
-0.272846
0.593621
2.495461
-0.269873
-0.708581
1.632461
0.680878
-0.596597
1.111008
0.495933
-0.147843
1.495038
-0.737886
0.277653
-0.351593
0.995391
0.201927
-0.184725
-0.416925
-0.256806
0.572553
0.266518
0.986227
0.284666
-0.522630
0.172169
1.045891
1.909653
1.924578
1.173117
-0.548675
-0.540148
0.949851
-0.143848
-0.204534
1.660769
-0.265136
0.154559
-0.185127
1.456717
2.357357
-0.285299
-0.793131
0.109580
0.199411
1.062536
0.300710
0.958739
3.012777
-0.175550
2.357560
0.217387
0.081802
0.595205
0.554686
0.544100
1.726399
-0.688667
2.067101
0.620743
-0.018621
-0.954038
-0.255495
0.870071
0.239677
0.516781
0.036690
-0.624827
3.126647
2.790112
0.195195
2.347969
0.012894
0.884263
0.783911
-0.239122
0.521210
-0.306163
-0.011110
1.702028
0.176954
0.301018
1.535133
0.045144
-0.392415
0.277110
-0.171765
0.656553
-0.010074
2.222368
0.124273
0.671059
1.957267
-0.052442
2.086063
1.714759
-0.256274
-0.803539
0.933732
0.990572
-0.539085
-0.216856
0.161509
1.821452
3.205016
0.530829
-0.669667
1.907662
-0.331848
-0.492283
-0.012236
0.762311
3.963079
0.969577
-0.860192
-0.366244
0.585539
1.823182
1.497183
-0.746534
-0.024710
-0.174301
0.417434
-0.447097
0.724639
1.372979
-0.161452
1.799178
1.303097
-0.139598
-0.090065
2.445742
0.724101
-0.253201
-0.211895
1.117630
2.893620
1.344432
0.490277
-0.208106
-0.308492
-0.002364
2.361627
-0.569996
-0.278976
1.134430
0.096852
-0.881296
1.181460
1.665903
0.594413
-0.899454
2.597133
-0.213454
-0.221800
0.006992
2.808231
2.697150
-1.383684
2.324083
0.717889
-0.181698
2.128310
1.732459
-0.570054
-0.180761
1.414126
-0.041654
-0.292133
-0.249955
-0.127816
2.294632
-0.046393
0.445489
-0.510142
0.289414
0.917832
-0.459738
-0.249482
3.567674
1.232034
1.113076
-1.209742
-0.259354
2.665119
3.434101
-0.141063
-0.624748
-0.020728
-0.107654
-1.067699
-0.291990
-0.245730
2.760521
2.318645
-0.495198
-0.402040
0.444327
-0.923571
1.663460
-0.131850
-0.859854
0.088914
1.984755
2.498669
-0.422395
-1.519878
0.031492
0.236963
0.217417
0.158097
0.229860
0.233223
0.163786
0.273884
0.272515
0.073339
0.175451
0.108113
0.183814
0.141064
0.135939
0.029396
0.180660
0.054229
0.047661
0.083490
0.273976
0.213127
0.248179
0.299247
0.031731
0.354212
0.321756
0.044694
0.282555
0.419577
0.313210
0.374588
0.332496
0.225134
0.301473
0.365302
0.315805
0.366475
0.313617
0.234122
0.385268
0.287084
0.328621
0.395095
0.276770
0.383449
0.349066
0.461911
0.303279
0.521273
0.309377
0.201837
0.581646
0.471414
0.392442
0.556280
0.298582
0.276625
0.425026
0.305010
0.441838
0.630291
0.348438
0.415001
0.443989
0.429674
0.661366
0.520797
0.236881
0.434685
0.303183
0.504679
0.139960
0.226815
0.258436
0.345115
0.676557
0.407998
0.252002
0.395076
0.297243
0.245879
0.480477
0.317843
0.352175
0.410071
0.211554
0.381837
0.448241
0.207398
0.419503
0.159288
0.164465
0.649353
0.374476
0.420352
0.150285
0.170771
0.408583
0.482914
0.625276
0.359784
0.373543
0.501901
0.244702
0.213201
0.409521
0.437228
0.413512
0.226931
0.324418
0.485953
0.290463
0.245846
0.412129
0.220543
0.291205
0.634584
0.310926
0.498553
0.171412
0.198694
0.322893
0.458510
0.486307
0.114338
0.327952
0.566559
0.468808
0.334748
0.515254
0.358011
0.329025
0.338950
0.186255
0.503594
0.368745
0.373663
0.539213
0.481236
0.577041
0.425415
0.105310
0.574954
0.003087
0.025353
0.531268
0.413143
0.482248
0.217140
0.498284
0.437680
0.174676
0.184466
0.383341
0.341803
0.407397
0.564682
0.439982
0.529521
0.460213
0.413338
0.447060
0.463413
0.357553
0.379203
0.154059
0.473897
-0.037863
0.126437
0.726662
0.556417
0.527131
0.293948
0.489984
0.502946
0.116650
0.034588
0.278577
0.476549
0.537430
0.450082
0.577747
0.675892
0.381889
0.304666
0.521609
0.354669
0.146181
0.373501
0.450578
0.518097
-0.020774
0.315772
0.630353
0.537316
0.365139
0.041905
0.345073
0.458487
0.344068
0.446648
0.693407
0.770924
0.477314
0.463442
0.544540
0.457708
0.328509
0.414507
0.516036
0.374086
0.381308
0.577685
0.253866
0.609001
0.076119
0.508947
0.629572
0.532579
0.144621
0.193290
0.354439
0.342664
0.356553
0.396214
0.668259
0.653080
0.381104
0.389921
0.420342
0.349230
0.250317
0.221104
0.248999
0.287203
0.506817
0.528136
0.217969
0.651831
0.179191
0.487313
0.609381
0.340112
0.119010
0.270107
0.419550
0.473272
0.593887
0.444700
0.428607
0.405575
0.233003
0.361302
0.380708
0.205667
0.313257
0.261817
0.525769
0.393703
0.526718
0.333100
0.268748
0.766774
0.232698
0.264576
0.552755
0.200872
0.339354
0.470165
0.446383
0.586105
0.475265
0.385203
0.297036
0.230819
0.381226
0.346030
0.416004
0.340504
0.267846
0.392946
0.527722
0.520614
0.403619
0.437357
0.377148
0.591619
-0.009706
0.229347
0.393440
0.393545
0.426491
0.546789
0.534989
0.513821
0.261879
0.356963
0.462061
0.234311
0.424003
0.481518
0.513915
0.422297
0.430635
0.436438
0.385967
0.304735
0.287278
0.343722
0.419406
0.430757
-0.003156
0.423308
0.422651
0.346640
0.340606
0.471648
0.475858
0.362798
0.192314
0.157431
0.666107
0.453774
0.486626
0.443068
0.491698
0.465914
0.425472
0.368564
0.314511
0.422779
0.274276
0.421034
0.382147
0.560497
0.203598
0.547073
0.469790
0.373978
0.537245
0.424410
0.393149
0.312514
0.204625
0.370170
0.596569
0.266722
0.346865
0.540269
0.450330
0.419305
0.238529
0.136248
0.170541
0.354848
0.355180
0.409587
0.480267
0.693316
0.171168
0.499794
0.356947
0.457248
0.560338
0.238215
0.343974
0.378320
0.252183
0.531735
0.582761
0.452117
0.263846
0.376237
0.390700
0.207199
0.257006
0.236895
0.448981
0.523382
0.377727
0.399826
0.578042
0.653318
0.143484
0.276849
0.519302
0.501272
0.455803
0.207136
0.435704
0.448038
0.171074
0.437814
0.502941
0.434701
0.320269
0.328326
0.437863
0.320130
0.400204
0.577401
0.494353
0.473918
0.284111
0.548142
0.686252
0.595478
0.142118
0.278750
0.530934
0.363760
0.372081
0.233535
0.368762
0.425283
0.342217
0.493973
0.352345
0.356401
0.339361
0.334615
0.403130
0.250022
0.426775
0.461179
0.401786
0.295376
0.471510
0.561407
0.517308
0.415602
0.024501
0.274463
0.503862
0.272871
0.267787
0.228951
0.481730
0.358966
0.438557
0.411508
0.382766
0.398898
0.405343
0.363761
0.235616
0.285547
0.581814
0.532466
0.280982
0.420049
0.511066
0.279438
0.195174
0.419015
0.149481
0.431097
0.684998
0.560775
0.383960
0.424510
0.539830
0.418724
0.431372
0.424251
0.573718
0.535724
0.311910
0.336206
0.328415
0.463232
0.533129
0.376927
0.365900
0.423605
0.303769
0.307838
0.420404
0.636866
0.194593
0.418286
0.442994
0.461775
0.486051
0.473281
0.400326
0.445953
0.346245
0.339891
0.437391
0.439407
0.241120
0.250648
0.400994
0.483012
0.473015
0.283678
0.357676
0.411952
0.110198
0.488450
0.532172
0.655860
0.278189
0.338874
0.349732
0.398324
0.364744
0.212470
0.177764
0.381490
0.291052
-0.011317
0.310804
0.365377
0.180976
0.342336
0.418976
0.546459
0.588430
0.328711
0.166090
0.174023
0.154647
0.611970
0.334603
0.544588
0.241781
0.303313
0.423758
0.381202
0.394242
0.232287
0.272172
0.439003
0.207908
0.092621
0.570517
0.350121
0.338341
0.545347
0.457970
0.487343
0.407033
0.035127
0.163028
0.387153
0.543778
0.598659
0.545117
0.589502
0.189249
0.230797
0.107822
0.344924
0.356896
0.268761
0.397814
0.506037
0.178990
0.265896
0.763622
0.495830
0.459078
0.487262
0.306359
0.244711
0.337382
0.275622
0.592991
0.736527
0.631222
0.294790
0.451600
0.557637
0.158336
0.187232
0.236446
0.459082
0.406542
0.379908
0.565547
0.469991
0.334018
0.497376
0.579915
0.492715
0.450315
0.417157
0.351693
0.327248
0.509772
0.375716
0.372519
0.394555
0.270105
0.244871
0.324860
0.493106
0.128276
0.216558
0.467028
0.464023
0.397991
0.447740
0.580895
0.323001
0.267917
0.497002
0.518469
0.413273
0.388173
0.444407
0.511181
0.563431
0.557214
0.442879
0.283726
0.188130
0.223366
0.150531
0.375057
0.617253
0.153223
0.443748
0.405297
0.333007
0.266156
0.370157
0.412561
0.324020
0.473005
0.524099
0.452861
0.149991
0.310208
0.436017
0.364445
0.238826
0.195687
0.272578
0.442989
0.452470
0.513655
0.302847
0.514528
0.798385
0.402694
0.606882
0.546827
0.590913
0.566893
0.670335
0.659664
0.555589
0.663925
0.596752
0.542746
0.420342
0.596012
0.692938
0.539615
0.468277
0.482681
0.630388
0.564809
0.619840
0.658317
0.664014
0.782519
0.845896
2.335261
3.680593
3.968540
2.718783
4.377730
4.077332
4.147435
5.693669
2.872082
3.362957
4.200380
3.743255
4.412448
3.809576
4.523772
4.149850
4.042498
4.211489
4.596830
4.285712
3.348311
4.065297
4.723897
1.490442
2.698187
4.441017
5.551891
7.273283
4.627575
4.958555
4.843530
4.016300
7.515481
6.370189
5.790622
3.948586
4.001055
3.746041
5.652414
4.623169
5.195940
4.255951
5.700415
5.082561
6.009375
5.589274
4.267300
4.488323
1.429165
4.349477
6.555988
4.828284
5.040668
5.639306
6.761250
6.330366
5.333657
5.276951
4.920891
7.151264
7.173816
5.565875
5.438325
6.604136
6.013129
6.294230
3.475213
6.534638
6.306397
6.231730
8.158959
4.657326
3.062783
6.322250
7.238107
5.924819
6.213732
5.263427
5.282962
5.472797
6.179861
7.058597
7.302008
6.123285
5.609832
8.078618
7.985941
6.752621
6.039560
6.338014
7.534992
6.134476
6.650960
6.351644
5.445192
4.892501
1.820460
2.859286
5.705102
4.523299
6.070920
3.863781
4.436076
4.924371
7.025153
5.536880
7.441318
6.367987
6.754856
6.720140
6.637317
5.414499
8.721405
6.325930
6.284346
7.447503
4.961607
7.836517
8.045023
5.435525
1.029137
4.668795
6.899075
7.654001
5.386936
6.819037
5.578119
5.946797
4.550343
5.259987
6.099587
6.463478
8.167300
7.633640
7.588390
8.435218
6.179755
5.016953
7.778556
5.247159
6.685666
6.474557
7.283086
5.193859
3.045424
5.315656
5.500024
4.630442
6.256244
4.892868
5.836759
5.431822
5.655032
6.976316
5.593595
6.775310
5.052947
6.495168
5.222577
5.933397
5.690796
7.437600
5.661509
5.857683
6.282720
8.449753
6.411233
6.746592
2.509819
3.864838
6.512789
7.373292
4.753207
7.572125
5.615933
6.680284
5.161348
6.339704
8.193267
4.895779
5.913316
6.276851
6.381100
6.061560
4.507099
5.754178
5.308526
6.183148
6.805483
5.109632
7.462802
6.334451
1.990842
4.968425
7.980460
3.624555
6.683943
4.888770
7.038614
5.850870
8.115889
5.910836
3.149097
5.468319
4.619424
5.684469
4.474309
3.718268
6.947688
4.249959
5.446305
5.982964
4.960298
5.695410
9.074038
3.896472
2.754092
5.096212
6.283823
6.299972
6.500475
4.939441
6.342787
7.414204
5.301176
7.003314
9.528612
6.926829
5.944855
6.024810
6.373902
7.382937
4.474628
7.768913
7.047709
6.953961
4.634593
7.321057
4.721639
5.373593
1.969095
4.078974
4.738212
6.155721
5.949717
6.808565
7.655843
4.341381
6.271990
6.149210
3.943543
5.263344
5.613474
6.353820
5.058642
5.339301
7.681094
5.031744
4.893003
4.128781
6.936061
4.909510
6.853271
3.938583
1.690165
4.052296
6.633430
5.789102
5.821008
5.390167
5.837630
7.113278
7.224566
4.933292
6.311779
7.251398
5.646447
5.798467
7.362491
6.802405
5.515286
7.051837
8.286079
6.392528
5.332295
6.393429
4.488835
5.513543
2.674871
4.810802
6.663865
4.258257
4.789250
7.167359
5.019519
5.968938
4.108513
8.344534
5.949336
3.971092
7.191672
6.219742
4.552466
5.725909
6.382970
7.475704
5.401515
6.438472
7.972512
6.206091
5.253788
5.162895
2.390414
5.155826
4.595081
6.906923
5.865966
5.668823
5.413330
7.079420
7.098793
7.059118
6.626198
6.563595
5.823786
5.489775
6.322658
5.180037
5.936151
6.987609
8.840457
7.483400
4.319197
6.477153
5.005135
2.271065
2.980659
3.698673
7.030309
4.965231
4.668588
5.141883
6.791145
5.013464
7.740856
5.904826
7.418124
5.493262
6.396925
5.539351
5.008890
6.092056
5.591107
8.254225
7.172719
9.670782
9.012129
5.893002
5.655099
3.898642
1.539925
5.274885
5.119088
5.078332
6.604118
5.900982
5.927564
5.662710
6.516476
5.525995
7.378566
5.463394
5.034842
6.882819
5.994825
6.488297
6.202574
4.954279
8.151007
6.138577
7.235308
7.275210
7.593715
3.475516
2.279772
5.469563
4.160213
5.186580
4.450821
4.744587
6.088105
6.554355
5.644190
6.770808
5.533505
5.755194
5.899212
7.278907
6.290604
5.644363
5.690766
7.571522
3.840770
8.542056
7.725836
7.283486
4.155952
4.449613
3.168806
2.511873
7.170557
5.399692
5.653687
7.112814
5.057365
6.111240
4.277086
6.405984
6.951830
6.089612
5.661573
4.249176
5.822046
7.545492
6.771976
4.980324
6.641650
5.656155
4.180894
5.249854
7.361040
4.371324
1.760400
5.641593
6.938865
3.854234
7.202332
4.920537
6.513662
6.071287
5.366121
5.759913
4.114747
4.988512
5.990424
5.460440
8.391522
5.815015
7.306674
6.667058
6.253493
4.221641
6.613069
7.695947
5.541973
3.708552
1.950307
3.685626
4.192176
5.412207
4.177673
5.845959
6.136432
5.313358
6.003666
4.921875
4.168881
5.271519
4.636208
4.775723
5.469295
5.665155
6.257074
6.376713
5.665236
5.732332
7.228732
4.457773
4.087258
3.807862
1.559132
3.697173
7.264875
5.202174
5.325166
5.132864
6.090717
5.076895
5.077843
5.810865
6.521752
4.413699
4.637522
5.738468
6.219103
7.336966
6.822473
5.478483
6.185472
6.790559
5.038443
6.651713
7.060937
3.777202
1.077392
4.604569
4.395558
5.404450
4.391515
6.006871
5.444420
6.885031
5.659692
7.050043
7.387164
5.843102
6.589115
5.381226
5.812164
5.430097
4.797114
6.582651
5.767177
7.910176
7.094595
5.948121
5.420691
4.700165
2.540546
3.333185
5.642060
6.385124
5.016084
5.465185
5.814808
5.343455
8.122113
6.506904
6.271664
7.730996
5.833945
5.726608
5.756190
4.981489
7.432098
5.839161
9.143669
7.980363
4.964476
8.791669
6.452440
3.726510
1.254445
4.584712
6.909185
6.257739
6.113333
4.682466
6.016500
6.794238
6.176758
6.381088
9.018353
4.974598
5.596900
6.709467
5.169122
8.510526
5.694330
5.987780
5.446363
5.678010
7.763279
6.293336
6.326954
5.077952
2.663504
5.970111
5.501756
6.712180
6.458722
6.924518
4.695633
5.784703
5.126679
6.018773
5.483990
7.103737
6.302226
5.330917
5.629394
5.523098
6.959582
5.806423
6.566947
7.644798
7.594573
6.966443
7.638437
5.947186
2.582724
3.809314
6.315283
7.216350
6.108598
6.605834
6.371194
4.365290
5.806602
7.136269
6.155534
4.972023
4.897373
5.785299
5.229295
4.164717
4.811653
6.041544
5.189137
6.038634
6.500951
7.961975
7.262471
6.449425
1.907545
4.070572
6.353179
5.423184
7.782199
5.943014
5.752370
7.205568
5.375389
5.134503
5.986107
6.791909
7.477497
4.652907
4.799884
5.532959
6.205477
5.748026
5.857786
6.018979
4.903899
7.075518
7.245410
4.158858
-0.045852
0.915381
1.820306
1.832011
1.848256
1.697159
3.591331
0.084362
2.819456
0.993725
3.157482
1.478227
0.523684
2.875628
1.784528
0.796656
1.711962
1.014097
1.798999
0.975063
3.326781
1.169223
2.158818
2.342272
0.244391
0.767306
0.495009
1.363849
0.658302
1.440889
0.592018
0.314302
0.366860
0.149681
-0.070977
0.104489
0.148261
0.132855
0.238614
0.923999
0.530419
1.128484
0.352292
0.815839
0.830307
0.982434
1.407348
0.758682
0.394132
1.398631
1.292182
1.090402
1.995585
0.367665
-0.031975
0.341480
0.244987
0.444948
0.239462
-0.274172
-0.235113
-0.005674
0.190567
-0.056369
0.985927
-0.047187
0.668994
0.540222
0.093323
1.350000
0.674945
1.794420
1.287131
1.644359
1.965115
0.216716
0.427419
0.540373
0.659329
0.880024
1.394835
0.476165
0.426256
-0.100984
0.003464
0.464514
0.085874
1.347357
1.065587
1.577437
0.336689
0.551523
1.361648
-0.127598
2.226001
0.239934
0.687791
1.162675
0.756714
0.143104
0.223719
0.550666
0.485994
0.668130
-0.098682
0.290341
-0.294042
0.157743
0.687598
0.542592
1.969975
1.227995
2.271010
-0.004610
0.493742
1.512201
0.737575
1.133383
0.567562
1.307401
0.142029
0.615089
0.460432
-0.150920
0.708964
-0.021649
0.021237
0.164954
-0.104610
-0.023941
0.605766
0.392926
0.656438
1.182231
0.768277
1.802136
1.564230
0.298009
0.956409
-0.043243
1.695921
1.288253
0.790486
0.725331
0.073893
0.367112
0.231442
1.315554
0.687084
1.448873
0.478731
-0.041699
0.438391
0.750176
0.565339
0.803544
-0.069960
0.202732
0.613462
0.735174
0.121025
0.463306
-0.288255
0.879504
0.576710
0.353719
1.378352
0.438443
0.037571
1.649202
0.781625
0.981565
1.708343
0.727126
0.575158
0.738968
0.141616
0.161968
0.866461
-0.076366
0.881137
0.854477
0.711908
-0.163157
0.027361
-0.441907
0.173222
0.129873
-0.113048
2.058527
0.788084
0.129661
1.219342
0.550993
1.321334
0.712510
1.146293
1.293308
0.419929
1.222064
1.228012
0.153468
-0.005572
0.008027
-0.169627
0.486632
0.106892
-0.382968
-0.239352
-0.197671
0.626483
0.360613
1.059698
0.079423
0.460825
0.683763
-0.127841
1.070842
1.391378
1.179777
1.672109
0.018622
0.752230
0.933368
0.807122
1.010924
0.092687
-0.004327
-0.014787
0.695124
-0.048912
-0.103122
-0.211764
0.662367
0.059160
0.912519
-0.031769
1.105749
1.280897
0.406718
0.504271
0.371029
1.562441
1.892317
1.482185
0.447256
-0.257321
0.195699
1.142050
0.591334
2.201467
2.204634
2.607584
1.357379
1.345775
1.195106
0.579228
0.406173
2.339663
0.258791
1.283652
0.686271
0.664214
1.226084
0.074455
1.288722
1.288276
3.324488
1.858320
1.068280
0.271352
-0.197538
0.016209
2.376039
2.625553
3.421674
2.283432
2.138198
1.923350
0.714250
2.096754
1.106724
0.962382
1.008354
-0.386809
0.162414
0.561777
-0.162024
-0.316508
-0.098038
1.755260
1.604054
2.568711
0.497915
0.873225
0.023955
-0.103863
0.125938
0.886734
1.091061
0.445311
-0.136266
-0.173738
1.612944
-0.620939
0.510035
0.374310
0.309583
0.636418
0.251610
0.241758
0.448065
-0.339835
-0.185857
-0.143815
1.630173
0.268327
0.865147
0.418673
0.649853
0.177284
0.523486
1.271779
0.118105
0.081669
0.400974
0.771864
0.259450
0.020480
0.079302
0.548035
1.131623
1.510352
1.939558
0.291257
0.192389
-0.119060
-0.050559
-0.005984
0.546202
-0.145963
0.420743
1.109696
0.204001
0.043152
0.510400
-0.175631
0.615063
0.259128
0.668860
0.701025
0.549888
-0.110866
-0.051465
0.107602
1.190314
1.056238
0.155098
0.722528
-0.367800
0.079079
0.264308
-0.102134
0.333903
0.439136
-0.048889
0.936230
-0.112908
-0.162413
-0.082566
0.173121
0.275848
0.212737
0.299776
0.976148
-0.157990
0.177928
0.619208
0.484408
-0.285974
1.260756
0.301340
-0.158213
-0.243840
0.150688
0.052490
-0.030590
-0.048487
0.142610
0.665298
0.240980
-0.040599
0.025704
0.248668
-0.036902
0.152519
0.216798
-0.058213
0.117023
0.434454
0.258893
0.796151
0.354219
1.025782
0.607083
0.439845
0.956196
0.656729
0.141110
-0.010327
-0.363390
0.451126
0.484650
0.713353
0.341768
1.385065
0.605999
1.121681
0.514409
0.155982
-0.023848
0.063948
0.542214
-0.149764
-0.020054
0.500336
0.693831
-0.013338
0.572631
1.252042
0.927072
1.678091
0.692210
0.416251
-0.037661
-0.074054
0.165411
0.047104
0.832148
0.047613
1.514394
0.406255
1.036800
0.866521
1.122995
0.519563
0.401725
0.313118
0.584594
0.497315
0.472598
1.222106
-0.125012
0.030177
1.459461
0.683774
0.902663
0.779709
0.891799
0.292764
0.000835
-0.181381
-0.148072
0.457024
0.402394
0.591130
1.635384
0.549173
0.922993
0.985029
0.391723
0.212869
0.159109
0.705952
1.458078
0.138863
1.566080
0.565163
0.666411
0.972067
0.264611
0.946260
0.049349
0.582887
-0.063172
-0.154578
-0.058520
-0.234534
-0.191730
0.317384
-0.508531
0.749165
0.809750
0.215289
0.981047
1.057194
0.318005
1.060959
0.477695
1.414212
0.623250
1.869945
0.536655
0.404954
0.679891
0.411815
1.144006
0.100609
-0.034044
-0.126397
-0.376620
0.052692
-0.014261
0.523159
-0.069011
0.429581
-0.049098
1.397675
0.018793
0.188528
0.768880
-0.121730
0.342451
-0.359086
0.468027
0.231639
0.029990
0.043437
0.934106
0.648046
0.563947
-0.000479
0.463265
0.470841
-0.079283
0.707885
0.454782
0.237435
0.583329
0.318279
1.323474
0.407752
0.800927
0.499075
0.337118
1.077411
0.144221
-0.234535
-0.150159
0.021362
0.108310
0.039133
0.862123
0.699510
-0.460316
0.770263
0.684556
0.735344
0.993271
0.138126
1.829727
0.798311
0.838655
1.372989
1.767070
1.589411
0.580391
0.069974
1.529091
0.247593
0.675858
0.472510
0.933032
0.355849
0.526941
0.199419
0.471383
0.524291
0.281998
0.769350
0.960578
0.908913
0.021712
0.878426
0.539589
1.203475
0.495159
0.539750
2.188405
0.976377
-0.140396
1.004694
0.017111
0.667942
0.735861
1.722398
0.887703
1.927950
1.000654
0.865604
0.921544
0.502391
1.145869
0.963782
1.774572
0.519199
-0.259291
0.588398
0.548305
0.371452
0.717535
0.502241
1.714588
1.392538
0.707239
0.832967
1.286569
0.771016
0.446502
0.940401
2.186334
0.310447
2.550350
0.850226
0.176532
0.676293
0.830609
1.737845
0.239542
1.306973
0.978349
0.180164
-0.029463
0.609915
-0.073770
1.037810
1.322704
0.427835
0.321799
0.730068
0.544657
-0.032689
0.430801
0.657719
-0.213547
1.238513
0.544918
0.801854
0.824478
0.352346
0.879763
0.472631
1.914828
0.646507
0.361553
0.994918
0.119141
0.269009
0.835240
-0.113975
1.240175
0.305369
-0.204368
-0.225489
0.321706
-0.042534
0.411911
0.607920
0.379187
-0.257041
0.600267
0.008738
0.016254
0.254878
1.152403
0.292579
0.876094
0.033878
0.909059
0.013295
0.112686
0.656665
0.053364
0.755021
-0.213497
0.456355
-0.331482
-0.000961
-0.316438
0.597610
-0.106536
0.406062
-0.335316
0.182613
-0.301877
-0.131815
0.448594
3.737899
3.052239
4.385743
2.944895
0.840171
2.762905
3.155434
1.234670
1.181103
1.040349
4.210659
3.760731
3.485531
3.075059
2.706332
2.923897
2.472799
2.092903
1.549174
1.942596
1.581197
1.309073
3.004724
1.326401
0.998515
0.401959
-0.137892
-0.251009
2.339207
2.456459
0.974908
1.473652
-0.270302
2.459602
2.040359
0.224072
0.900971
-0.083878
0.916265
1.458676
0.225892
-0.094994
-0.095064
0.388527
0.845864
1.351267
-0.188629
-0.137256
-0.134867
2.596315
0.273429
3.202437
2.268337
2.004469
2.860040
4.061316
4.037118
1.142303
0.741543
1.379018
1.099402
1.705144
-0.407697
-0.752750
-0.081604
1.826029
3.025772
1.848966
0.219202
-0.150118
-0.055184
-0.084944
3.310339
-0.223503
0.243858
0.178262
2.970146
1.763591
1.650642
2.128205
1.681786
-0.188022
1.291808
-0.068486
1.499891
0.961946
0.276452
0.555688
-0.273452
0.724954
1.389866
0.564882
0.780893
-0.097889
0.228262
1.542315
1.534355
0.517247
1.653443
3.446796
-0.117079
0.162744
-0.302890
2.197171
1.290340
-0.089178
-0.320762
1.037806
1.168335
2.451751
0.336161
0.509560
2.142866
2.377985
-0.066604
-0.216774
0.566227
1.252507
0.666069
-0.075206
2.147431
2.253380
1.789885
-0.163832
0.303933
0.327275
0.624365
0.405902
2.958230
1.628006
1.637091
1.542041
2.657575
1.253234
0.077904
2.590615
2.646440
-0.201765
-0.051407
2.676447
3.661972
1.144818
-0.422631
-0.379798
2.095292
2.090149
-0.205963
-0.020980
1.724209
1.930135
-0.298168
-0.192567
0.262801
1.453707
1.732021
-0.036029
-0.085364
-0.051498
1.097443
1.158139
-0.090536
1.844001
2.412682
0.517174
3.501111
2.004955
0.243151
1.239156
0.664689
1.684045
-0.062379
-0.157889
0.604437
0.887529
2.925316
2.656945
1.648885
-0.016617
-0.123609
1.512239
-0.247864
1.767383
0.350089
1.946456
3.785004
-0.322990
-0.127718
2.630641
0.526938
1.416366
1.518995
-0.193471
-0.367806
-0.684260
-0.183587
4.009971
1.380302
-0.058577
2.132499
1.701278
1.540511
0.264019
2.026041
1.435073
1.839456
0.615660
2.604926
1.180477
1.344614
3.060494
3.622043
-0.097460
-0.000310
2.268529
1.704849
0.313562
1.799995
0.150817
3.169790
-0.041545
1.346533
0.963895
-0.255503
-0.500933
0.646396
2.538496
4.200604
4.253588
0.432565
1.862017
1.864784
0.137808
2.456593
2.811200
1.372745
1.823222
2.608480
-0.081210
-0.027595
0.766092
2.681888
3.292902
1.327517
2.401688
3.879854
0.486793
0.403993
4.624827
2.392325
0.523958
0.261122
2.067663
1.329507
-0.181213
-0.019567
-0.004397
-0.000123
2.340196
1.075739
0.562116
-0.324416
-0.223186
-0.272398
-0.280140
1.809628
3.239214
2.973203
0.447066
1.372068
2.567323
2.364060
1.167911
2.202558
1.274328
-0.148541
-0.660970
0.419397
1.470894
0.273077
-0.060228
-0.102729
-0.282737
2.410433
-0.137727
0.931189
0.647269
1.981479
0.638558
-0.020394
-0.115933
-0.382952
-0.597741
-0.045286
-0.152469
-0.046150
-0.073921
1.432569
2.021226
-0.039640
1.434781
1.935891
0.507127
1.303195
1.599333
1.422627
1.091351
1.917403
1.899209
1.495699
1.684814
1.346987
-0.296480
-0.069951
-0.309978
0.607985
2.471123
0.241169
1.585422
-0.071691
0.054363
-0.105711
-0.030692
0.783652
1.603374
0.610145
3.724643
0.751678
3.552213
1.950245
2.147628
0.081498
0.721793
-0.049411
3.392834
1.294399
-0.006031
1.922978
0.928197
1.426332
1.057382
3.188144
1.748705
1.080358
2.488664
0.489435
-0.015489
3.270085
3.610571
2.272244
-0.238747
2.297080
1.770181
2.535129
0.178741
0.410305
-0.032301
1.729550
2.503955
2.941457
0.543051
0.017986
0.892649
1.225126
1.720613
2.542861
1.919683
2.264817
-0.131057
-0.045402
1.253030
3.073648
1.933015
-0.071961
3.093863
0.145615
-0.353679
2.168791
1.391126
1.853835
1.572470
1.339622
-0.273488
0.990100
-0.285567
0.377458
3.135047
3.224108
2.472633
2.199147
2.965375
-0.254348
0.412307
1.301610
1.555437
-0.059321
1.945914
2.559011
1.309119
2.297003
0.738300
0.134462
0.285192
-0.077121
-0.208164
-0.363231
-0.247034
-0.343366
0.537172
1.524637
-0.040713
0.207364
-0.220807
0.510550
-0.261057
0.958824
1.013700
0.287457
2.073635
0.712898
-0.085335
1.734550
1.579187
1.576971
0.907414
1.298911
1.900311
1.932982
1.921166
-0.206571
0.059634
3.044885
-0.035433
0.589870
-0.007347
-0.129469
0.817682
-0.023391
1.770089
0.328877
-0.084043
1.326878
1.590264
0.849507
-0.090198
-0.405341
-0.314512
-0.018644
-0.110471
3.854071
2.417122
0.144862
-0.019198
2.481414
2.464839
0.678811
-0.046833
-0.047490
-0.198974
1.359234
0.879207
1.323402
0.498978
2.114155
2.737010
-0.106425
-0.191497
-0.011767
-0.017519
1.643424
0.149010
1.014804
1.925092
1.853448
1.207394
-0.199718
3.829414
1.325063
-0.106946
1.381914
0.281499
0.928135
0.431495
0.598278
1.054564
3.461289
3.054242
2.079948
0.331298
1.858930
-0.353714
0.893870
-0.052983
1.921137
2.686499
2.702840
-0.119077
-0.393847
-0.080444
3.445292
1.927599
2.335220
-0.090585
0.746076
-0.299200
1.293928
1.752881
-0.162069
-0.360829
0.508052
0.715241
-0.523243
0.843430
1.690611
3.051098
0.654485
0.245157
-0.007102
0.079153
1.080102
1.960445
0.221733
1.589440
2.345268
1.387093
1.412893
0.167311
0.568044
1.327826
2.854352
0.863563
0.827563
0.937794
0.763792
-0.126589
0.684368
-0.315937
0.094897
-0.019822
0.808220
2.986453
1.084423
0.641122
2.045133
0.372559
1.064614
0.995753
-0.089638
-0.141983
0.644497
1.071639
-0.153521
1.300074
2.857157
2.091437
0.231573
-0.024533
0.195291
2.806049
2.593273
2.130853
1.005705
0.174570
1.394911
1.034232
0.217942
3.107741
-0.167498
0.515208
1.675798
-0.200576
-0.014690
0.544207
2.472763
1.676379
-0.189007
-0.267700
1.281257
-0.085324
0.298052
0.000303
1.695873
1.288304
0.733335
1.147944
1.972078
2.633548
0.286428
0.296115
2.735037
1.051216
0.484976
-0.074711
0.937999
3.903884
1.508000
-0.289018
-0.319701
-0.099524
-0.370159
0.478096
-0.441905
-0.052446
-0.208155
3.978306
0.213591
-0.173042
0.690392
0.118161
-0.219389
-0.593591
-0.097933
3.478128
2.283825
2.377615
1.534765
-0.204944
2.568222
0.596215
0.906983
2.044812
1.290200
1.480166
-0.048318
-0.429783
2.359432
2.172904
2.244509
-0.120934
-0.105109
-0.081455
1.270665
0.246266
-0.002320
0.353535
2.960077
2.083531
-0.592843
-0.172687
1.397043
1.915615
2.622233
0.339126
2.269299
5.495448
4.451003
1.788343
1.260985
2.047384
1.251339
1.092931
-0.141341
-0.545515
-0.097372
-0.052751
0.984658
1.733690
0.784995
0.428538
-0.278619
-0.378763
0.114406
-0.163941
0.458727
-0.074291
-0.529418
-0.271653
0.590556
-0.061006
-0.290317
0.105215
-0.184333
0.017389
0.006225
0.607945
0.875041
0.201231
0.086098
0.293049
1.125167
0.245469
0.239916
0.592163
1.480951
0.570903
0.777338
0.659347
1.082573
0.055003
0.137814
0.052402
0.498029
0.149562
0.151201
0.084236
0.371716
0.058165
0.067189
0.916995
0.120360
0.232287
0.192451
0.807693
0.595692
0.154145
0.664785
0.093920
0.450286
0.539265
0.067327
0.294870
0.256815
0.866207
0.127511
0.249571
0.276057
0.317272
0.097582
0.743034
0.057007
1.010107
0.072901
1.616523
0.497524
2.280453
0.304624
0.125405
1.445440
1.253042
0.684070
0.764776
0.780530
0.018731
0.108311
0.024344
0.026783
0.128988
0.443651
0.692280
0.087791
0.532922
0.367727
0.631987
0.680855
0.723398
0.352805
0.190401
1.117792
0.285477
0.204022
0.022943
0.288697
1.028414
0.830556
0.968134
0.329913
0.299753
0.397222
0.018078
0.982826
0.389597
1.292425
0.264979
0.151621
0.853275
0.239711
1.227192
0.432530
2.060376
0.413331
0.326762
0.234621
1.114593
0.812874
0.062889
0.071360
0.143783
0.458391
0.024897
0.016154
0.058602
0.110250
0.118616
1.942703
0.705606
1.212953
0.844370
0.251756
2.323844
0.371501
0.284293
0.960119
0.546093
0.650579
0.367951
1.035341
0.396968
0.545444
0.694230
0.069479
0.335957
0.885894
0.690843
1.236351
1.522574
0.879136
1.017975
0.238381
2.406857
0.435503
0.500988
0.078087
1.145981
1.159430
0.031294
0.437153
0.001577
0.720027
0.489688
0.885744
0.188709
0.609115
0.609808
0.041875
0.280956
0.236650
0.900033
0.435596
0.092830
0.138867
0.004677
0.870094
0.226848
0.451191
0.487717
0.509385
0.020400
1.197903
0.405589
0.286871
0.403027
0.783759
0.966966
0.635236
0.312570
0.210247
0.355309
0.572327
0.687938
0.032080
0.138830
0.021078
0.408459
1.149362
1.729787
0.774182
0.655264
0.062118
0.416808
0.635201
0.783665
1.625816
0.175291
1.007841
0.196299
0.240449
0.067122
1.089455
1.456270
0.180657
0.153500
0.039840
0.667689
0.458685
1.116485
0.127451
0.702386
0.247462
0.072542
0.544983
0.021662
0.460840
0.702600
1.320285
0.458353
0.473796
2.360485
0.673593
1.894967
0.193629
0.041200
0.252386
0.191115
0.154920
1.166507
0.018001
0.405378
0.310622
0.085925
1.411736
0.093326
0.176342
0.407483
0.215044
0.792541
1.345124
0.057041
0.053249
0.591590
1.120420
0.565591
1.922178
0.693418
3.200540
0.231528
0.381684
0.248399
0.741492
0.529093
1.042192
0.923157
0.492504
0.070612
0.286658
1.002186
0.176778
0.225560
0.428981
0.211743
0.012480
1.875084
0.101692
0.124345
0.047671
0.527804
0.054101
0.345598
0.010687
2.154505
0.112999
1.844521
1.256959
0.602960
0.316926
1.324107
0.674986
0.033270
1.707524
0.648811
0.471010
0.118308
0.041801
0.005755
0.270518
0.304099
0.890966
0.347406
0.076766
0.252550
0.161631
0.633562
0.153669
0.458211
0.176965
0.674851
0.694626
0.655946
0.057655
0.273667
0.453049
0.077238
0.046680
1.993552
0.257947
0.136733
0.152585
0.002517
0.439290
0.021998
0.059052
1.201901
1.799534
0.024221
1.007801
0.171738
0.022289
1.127760
0.204344
0.501485
0.247632
0.177077
0.100636
0.512736
0.766444
0.399673
0.030286
0.387857
0.073373
1.559362
1.491524
0.024207
0.540974
0.090225
0.010928
0.640935
1.415562
2.207321
0.599808
0.664660
0.040057
0.218649
1.832528
0.887949
0.401263
0.435766
0.006228
0.183653
0.024527
2.363970
0.221069
0.060577
0.341831
0.405754
0.188752
1.229450
0.595756
0.462089
0.079179
0.499965
0.307168
2.111018
1.192910
1.456326
0.398585
0.459366
0.377769
0.619440
0.569356
0.911476
0.163889
0.572391
0.097013
0.426537
1.738415
1.034639
0.559297
0.121875
0.179651
0.071730
2.569118
0.065532
0.015253
0.305098
0.404834
0.464028
1.554720
0.176270
0.257530
0.424014
0.650541
1.322049
0.090441
0.031829
0.030884
0.599442
1.068503
0.111019
0.590936
0.597467
1.668614
0.066521
1.338023
0.001044
0.627057
2.075904
0.372408
0.038403
0.221717
0.734335
0.392220
0.922967
0.855573
0.063419
0.464185
0.221978
1.381418
0.137926
0.108950
2.055998
0.853413
0.396411
0.156565
0.235522
0.122975
1.954509
0.048590
1.657212
0.688709
0.370555
2.480314
0.094565
0.608645
1.408360
0.691095
0.089675
0.018623
0.640131
0.163294
0.326856
0.157357
2.008766
0.025868
0.232951
1.965313
0.029852
0.555917
0.370857
0.610117
0.328798
0.194365
0.032214
0.567126
0.927330
0.060951
0.952694
0.261786
1.315211
0.436410
0.202643
0.556359
0.362009
1.016456
1.061218
0.199987
0.479063
0.999138
0.185892
0.050568
0.165822
2.004520
0.818427
0.246611
0.347912
0.377119
0.373371
1.157412
0.129224
0.480543
0.571641
0.163041
0.000865
0.876682
1.294543
0.037645
0.043795
0.249324
0.631143
0.893100
0.409606
1.058563
1.278671
0.838687
0.375693
0.251036
0.163477
1.933006
0.778078
0.094833
0.298448
0.106617
2.039012
0.016150
0.949051
0.186947
0.501830
0.953909
0.628655
0.642933
1.142814
0.347808
0.429827
1.290596
0.209652
0.354618
0.143743
0.611922
2.669616
0.424318
1.117169
0.293681
0.177787
0.554489
0.371641
0.074761
0.400738
1.057601
0.307838
0.843202
0.580486
0.651604
1.272832
0.021990
0.345297
0.729018
0.294094
0.025577
1.232313
0.298894
0.109872
0.247375
0.173675
1.046638
0.349047
0.631629
0.809746
0.686980
1.273534
0.488331
0.736934
0.174797
0.416420
0.049607
0.585912
0.812542
0.623829
1.292195
0.377694
0.051995
0.716273
0.261352
0.882118
0.570477
0.114963
0.314951
0.354272
0.109596
0.128425
0.434672
0.616994
0.427621
0.027331
0.460351
0.286704
0.588885
0.454413
0.703902
0.060164
1.088230
0.461125
1.366271
0.364555
0.268975
0.776051
0.934312
0.347397
0.178574
0.393892
0.858320
0.044029
0.840326
1.040157
1.340803
0.913613
0.468672
0.754452
0.038760
0.038030
0.826377
0.452346
0.461904
0.102384
0.015398
0.318865
0.230911
3.086752
0.183977
0.426563
0.037677
0.059649
0.484184
0.713210
0.020538
0.013915
0.058186
1.013015
0.986732
3.163465
0.060738
0.158258
1.795717
0.591107
0.725601
0.174488
0.359993
0.208598
0.609333
1.678040
0.304131
0.111423
0.076188
0.921941
0.633372
0.026485
2.232589
0.542513
0.197965
0.876012
0.532194
0.126467
0.337606
0.650921
1.509797
1.195742
0.508482
1.565217
1.128360
2.038390
1.747947
0.157231
0.302797
0.632493
2.921967
1.754820
0.331277
0.046475
2.156357
0.197030
0.180677
2.796233
2.265603
0.239475
0.018001
0.058933
0.096371
0.893478
0.161562
0.051642
0.446964
0.169445
1.291999
0.035374
0.140115
1.854896
0.210121
0.058529
0.250115
0.032404
0.511812
0.441558
0.548054
0.251259
0.028944
0.159200
0.281226
0.094207
0.173351
1.290443
0.356511
0.051636
0.319499
0.317330
0.164924
0.196281
0.057784
0.312243
0.307497
0.143422
0.165150
0.573570
0.527131
1.177724
2.456780
2.577852
1.703535
1.764120
1.692578
0.779174
0.848837
0.934627
1.825283
2.468464
0.916655
0.292039
0.533625
0.744419
1.219611
0.804829
0.732259
1.382294
1.416414
0.731653
0.146927
0.437227
0.966291
0.271113
0.882158
2.963410
0.799418
0.809946
0.534341
0.533592
0.912157
1.380230
0.765029
0.096291
0.553037
1.360747
1.653305
0.698653
0.064924
0.160636
0.079955
0.331243
0.020085
0.678861
0.662715
0.370000
0.347911
0.124310
0.703130
2.253638
1.448622
0.835413
0.535191
1.154983
0.139713
0.241080
0.538433
0.622048
0.090189
0.194450
0.143217
0.204140
0.573259
0.426609
1.131874
0.093384
0.727742
0.883862
0.877608
0.340322
0.935795
0.320037
0.781248
0.743840
0.209999
0.922519
0.408936
0.451413
0.782205
0.597460
0.697467
0.044120
0.147272
0.156634
0.389698
0.208503
0.324742
0.670621
0.363054
0.789510
0.229023
0.490055
1.007926
0.427475
0.203017
0.956269
1.284565
0.423873
0.169891
1.029160
1.033691
0.612022
1.358738
1.590035
0.694942
0.357483
0.134296
0.901941
0.132109
0.207818
0.096466
0.307848
0.258977
0.376830
1.174466
1.317945
0.396775
0.116996
0.491377
1.677559
0.309936
0.229050
1.160806
0.659483
0.773359
0.403627
0.277257
0.996008
1.068479
0.682353
0.724028
1.783978
0.713456
0.729856
0.632438
0.119134
0.059335
0.013413
0.099012
0.209101
0.006381
0.020655
0.180320
0.617149
0.742029
0.956667
0.964004
1.425689
0.076819
0.533569
0.076182
0.348725
0.161210
0.605600
0.186398
0.249802
0.352837
0.219220
0.002141
1.224589
0.795759
0.533752
0.733925
0.174237
0.190397
0.403220
0.032041
0.258114
0.275170
0.684568
0.735877
0.065029
0.068034
0.223115
1.080164
1.213328
0.319275
0.491117
0.472449
0.485433
0.602623
0.711378
0.752623
0.680717
0.718080
1.679622
0.936767
0.411795
0.217976
1.344499
1.289649
0.823480
0.607127
0.431331
0.538374
1.162209
0.154597
0.757536
1.011142
1.875656
0.948048
1.333570
1.485464
1.315332
0.312318
0.716568
0.497501
0.205263
1.785335
0.683524
1.026494
0.423660
0.670325
0.208130
0.351640
0.224267
0.479208
0.525573
0.969005
1.285713
0.294471
0.753810
1.209293
1.739088
1.564962
1.102503
2.111394
1.790196
1.241865
0.326613
0.221736
0.112541
0.910322
0.701876
0.832142
0.752990
0.653836
0.357476
0.351232
0.302875
0.921189
0.022245
0.468316
0.594486
0.228829
0.822230
0.555489
0.201165
0.131234
0.275694
0.769131
0.207382
0.414087
1.382526
1.650339
0.649226
1.104949
0.644718
0.163487
0.376664
0.766924
1.636323
0.099439
0.348482
0.418811
0.777860
1.569746
1.373920
1.316257
1.677881
0.808725
0.834695
0.273320
0.244867
0.716723
0.568726
0.665488
0.578720
0.354360
0.408072
1.305954
1.211488
0.444672
0.494504
0.682533
1.271161
0.228185
0.129551
0.568071
0.398467
1.174443
0.898558
1.341362
0.968498
0.119921
0.301043
0.055115
0.140229
0.148383
0.440102
0.826087
0.457268
0.381671
0.446662
0.615968
0.729671
0.993845
0.770287
0.866412
0.267144
1.067921
0.662909
0.239621
0.330874
0.594269
0.529636
0.891169
0.497716
1.244692
0.735939
0.557349
0.543087
0.637508
0.885621
0.375850
1.284851
1.476798
0.313080
0.440388
0.505113
0.165353
0.052794
0.746497
0.483189
0.517698
0.282878
0.678839
0.539482
0.421597
0.639291
0.831955
0.277613
0.777853
0.369877
0.585719
0.107503
0.081853
0.264386
0.117118
0.998899
1.582656
0.453657
0.537655
0.674912
0.401847
0.132068
0.100965
1.048508
0.313349
0.094837
0.678297
0.841938
1.221923
0.414982
1.294096
0.228158
0.339280
0.222602
0.058318
0.236348
0.478767
0.670598
0.371236
1.652518
1.781772
0.627108
0.555925
2.437999
1.337575
0.479031
0.752430
0.209831
0.504372
0.614516
0.344301
0.253704
0.923612
0.707316
0.275608
0.189386
0.436604
0.946336
0.393436
0.266203
1.167939
0.096799
0.452067
0.163462
0.726348
0.394091
0.552945
1.528162
1.049557
0.247804
0.361296
0.844751
0.152668
0.394501
0.717572
0.432979
0.253901
1.755278
1.919344
1.281290
0.909705
0.095201
0.077128
0.042868
1.102280
1.585948
1.231628
0.498482
0.623789
0.126714
0.338520
0.113871
0.454787
0.213058
0.530298
0.018635
0.682294
0.651145
0.651780
1.301038
0.841789
0.952952
1.653428
0.881366
0.451249
0.445660
0.354867
0.334378
0.749923
0.049144
0.267286
0.426958
0.499383
0.466199
0.740541
1.377575
0.629515
1.124300
0.694765
0.015620
0.296838
0.121149
0.525745
0.302830
0.141145
1.051135
0.839205
0.397752
0.687933
0.890733
0.393373
0.403931
1.270612
0.377321
0.639497
0.791967
0.207791
0.224728
1.676186
1.893853
0.188461
0.294578
0.055788
0.628526
0.074019
0.075873
1.097211
0.110706
0.476157
0.632894
0.527401
0.139389
0.894478
0.386969
1.001303
1.162621
1.448612
0.958233
0.212563
0.469169
0.509637
0.081596
1.351614
1.490125
0.197638
0.747266
1.284565
0.520065
0.617545
0.440571
0.482001
0.279979
0.351746
0.242850
0.753338
1.235438
1.105966
0.315156
0.637700
1.036047
0.395987
0.643724
0.805095
0.868345
0.588575
0.373108
2.205496
1.988506
0.115561
0.570698
0.516430
0.008205
0.208336
0.046045
0.144060
0.471863
1.057955
0.674001
0.656570
0.315109
0.058250
0.402824
0.771543
0.129714
0.878910
0.508101
0.107542
0.070633
0.311138
0.383017
0.114582
1.383736
0.641329
1.085422
0.193204
0.007185
0.212106
1.052853
0.576591
0.071757
0.227908
0.200157
0.258007
0.141571
1.375165
0.466993
0.313227
0.549540
0.684121
1.176170
0.746946
0.126232
0.133912
0.049276
0.042605
0.661285
0.189565
0.265610
0.533343
0.533329
1.332940
0.419825
1.099901
0.354685
0.222532
0.620216
0.800053
1.113207
0.112863
0.008786
1.225014
1.367222
0.078730
0.462125
0.254679
0.691729
0.438387
0.159389
0.368873
1.414064
1.809193
0.808522
0.084973
0.508045
0.065293
0.569694
0.856994
0.295330
0.448128
0.182474
0.046854
0.342540
0.042228
0.291807
2.029635
2.222247
1.739639
1.361104
0.354125
0.099975
0.085879
0.996996
0.751424
0.992958
1.834246
0.074190
0.391923
0.375680
0.564584
0.485571
0.573948
1.629188
0.414197
0.572322
0.677574
0.665804
1.813796
1.176233
0.192339
1.007854
1.397725
0.728249
0.638481
1.034471
1.011549
0.663882
0.008175
0.816456
1.371019
0.971358
0.570818
-0.133913
-1.208005
0.028695
0.252755
0.918730
0.593540
0.751791
0.227674
1.607358
-0.637354
1.792551
0.074544
0.969562
0.632849
-0.353803
0.415015
-0.287159
0.273327
0.064205
0.223178
0.367679
1.065436
0.345107
0.090812
-1.352999
-0.397929
-0.046447
-0.491583
0.076990
-0.076417
-0.025212
0.087297
-0.073475
-0.092477
0.234818
-0.233055
0.326093
0.462281
-0.113492
1.430359
-0.649082
0.874055
-0.241423
0.075358
0.370063
0.369257
-0.161295
0.216784
-1.383771
0.635740
0.613591
0.083867
0.418225
0.175571
0.424363
0.205437
0.627285
0.040540
-0.481995
0.285123
-0.383812
0.176896
0.005089
0.501218
-0.232263
0.590491
0.327630
0.513488
0.166522
0.437988
0.193347
0.337198
-0.224328
-0.508830
0.121835
0.115490
0.353920
0.053025
0.354858
-0.035145
0.640306
-0.796186
1.170037
-1.046942
-0.056826
-0.190801
-0.322894
0.205596
0.472160
0.246640
-0.009487
0.159354
-0.163334
-0.017144
0.017695
0.374458
-0.584939
-0.560864
0.083670
0.620184
-0.443264
0.423510
-0.003987
0.197968
-0.415581
0.217800
-0.424569
0.264455
0.483443
0.027311
0.416969
0.358406
0.383162
0.281439
0.380155
0.526085
0.160741
0.015580
0.064946
0.489001
-1.219731
0.086400
0.888890
0.089534
-0.060961
0.491723
-0.356130
0.523734
-0.303082
0.669660
-0.353150
0.779265
0.008554
-0.043459
0.413442
0.544952
0.237474
0.321547
0.415167
0.661566
-0.026902
0.086360
0.301036
0.157045
-2.209521
-0.422805
-1.276525
-1.096860
0.596836
0.054662
0.574836
-0.982196
-0.004616
-0.705023
-0.722696
0.328655
0.287016
0.235294
0.329307
0.182038
0.339829
0.266349
0.351292
0.350592
-0.077018
0.434856
0.292501
0.123778
0.977557
0.307001
0.191501
-0.329468
1.438433
-2.221802
1.049206
-0.520672
0.481338
-0.946282
-0.020625
0.243557
0.186322
0.399203
0.234159
0.279157
0.393419
0.196532
0.046811
0.285866
0.344178
0.087546
0.479427
0.112283
0.146668
-0.690279
0.170610
1.809811
-0.534951
0.854191
-0.127799
1.600925
-0.544980
-0.435857
0.247054
-0.327695
-0.292726
-0.101424
0.264981
0.395280
0.191043
0.304028
0.705708
0.141887
0.415492
0.242281
0.226957
0.223407
0.112009
-0.093361
0.190807
0.734557
-0.676706
0.851302
0.238717
0.379254
-0.078351
0.599444
0.881543
0.093519
0.258444
0.469352
0.163953
0.577003
0.075347
-0.206232
0.208778
-0.504693
0.589176
0.173209
0.454497
0.397589
-0.246623
-0.152063
-0.325156
0.410241
-0.389627
0.315322
-0.409747
0.041847
-0.732904
0.361947
0.212678
0.071720
0.124968
0.386615
0.421432
0.073613
0.420178
0.923085
-0.180836
0.604640
0.214756
0.141957
-0.248092
0.602274
-0.078969
-1.534001
0.918594
-0.239491
0.414576
0.490673
1.047620
-0.074034
-0.195770
0.520120
-0.278310
0.271482
0.172311
0.302561
0.422175
-0.253548
0.539594
-0.031609
-0.351679
0.456713
-0.076588
0.469114
0.888605
-0.056170
-1.040361
-0.185188
0.295034
-0.009802
0.535003
0.008475
0.952599
-0.872217
0.916463
0.081676
0.563301
-0.226925
0.414748
-0.313265
0.127750
0.570111
0.090443
0.303475
0.392263
0.052107
0.353246
0.112831
1.003166
-0.465920
-1.722080
0.393694
-0.543071
0.412691
-0.512029
0.340714
0.214545
0.331387
0.323827
-0.020317
0.235022
0.672719
0.071050
0.491006
0.159298
0.720756
-0.016683
0.446150
0.491152
0.073089
0.398991
0.308375
0.033385
0.238689
-0.740207
-1.707617
1.053986
0.021644
0.297602
0.458937
0.148765
0.366441
0.565687
-0.104231
0.431457
0.514118
-0.111953
0.296305
0.406047
0.261868
-0.588947
-0.255825
-0.723672
-1.028021
-0.096978
-0.080909
0.209712
-0.572521
-1.492872
-1.214721
0.761767
-0.500170
0.359113
-0.139290
0.441807
0.424261
0.265514
-0.288234
0.456757
-0.228177
-0.025970
-0.277093
0.110882
-0.548834
1.237913
0.693703
-0.221434
0.854643
0.575161
0.902348
0.236871
0.086602
-2.901274
0.818257
0.124906
0.491470
-0.018560
0.118907
0.231940
-0.059666
-0.093346
0.904241
-0.325884
0.482230
0.706142
0.578823
-0.126402
0.254707
0.726689
-0.301586
-0.087770
0.256789
0.597212
0.051554
-0.359624
0.746903
-1.212185
0.275704
0.284342
0.333642
0.132685
0.668859
-0.252336
0.524769
0.021871
0.354548
-0.385693
0.523126
0.625850
0.025852
0.062695
0.658262
-0.029144
0.298554
0.203946
0.453219
0.332292
0.303749
0.368774
0.290153
-0.129898
-1.279045
0.434097
0.300044
0.420980
0.385039
0.310346
0.151811
0.746014
-0.125173
0.515641
0.338778
0.221697
0.221583
0.313969
0.078272
0.147791
-0.162720
0.152801
0.261852
0.294343
-0.083926
0.210437
0.128555
-0.807733
-0.975065
0.216165
0.404075
0.259325
0.410884
0.432634
0.090593
0.515695
0.013366
0.561259
0.177790
0.289388
-0.111931
0.234029
0.046150
-0.308941
-0.089480
-0.129416
0.712426
0.075151
0.465758
0.588090
0.010869
-1.776494
-0.650624
0.273958
-0.323782
0.287257
0.161534
0.332864
0.124401
0.270640
0.309021
0.278635
0.252987
-0.096938
0.326536
-0.426997
0.979666
-0.126947
-0.140811
0.453609
-0.435104
0.067549
-0.128252
0.688161
-0.296663
-1.512674
0.390734
0.024717
0.558875
0.304121
0.403277
-0.133818
0.393947
-0.618764
0.452687
-0.291820
1.010253
-0.076817
0.347004
0.004890
0.693104
-0.152030
0.653694
0.087382
0.783979
-0.020005
0.577753
0.319367
0.247246
-1.174316
-0.159830
-0.042898
0.429675
0.219174
0.281224
0.512194
-0.005181
0.236667
0.138626
0.400989
0.404668
0.003639
0.002777
0.240371
0.366208
0.170101
-0.034585
0.122517
-0.464351
-0.440197
0.422152
-0.381058
0.412399
-1.149900
-0.410426
0.193389
-0.001090
0.412924
0.260358
0.709854
-0.451930
0.620287
-0.539814
0.613956
-0.464289
0.441775
-0.322008
0.363130
0.397149
0.340877
0.961137
-0.266931
0.453002
0.000951
-0.002990
-0.612000
0.298507
-0.576338
-0.262611
0.423341
-0.155539
0.486243
-0.368410
0.496985
-0.391737
0.587366
-0.321383
0.190610
0.961866
-0.206858
0.256609
0.303004
0.333833
0.166240
0.265795
-0.565028
-0.188192
1.595845
-1.001727
0.990330
0.269830
-1.057212
-0.454504
-0.027197
0.487342
-0.072212
-0.267412
0.262108
1.218356
-0.288422
0.683391
0.289494
0.691455
-0.088644
0.496463
0.296507
0.297972
0.670541
0.789359
-0.506158
0.431233
-0.698285
-0.297143
-0.872860
0.313185
-0.773879
-0.952771
0.100799
0.753078
-1.095892
0.340467
-0.177251
0.266912
-0.869958
0.796844
0.230210
0.103162
0.155423
-0.181758
0.311256
0.253655
0.354139
0.379003
-0.481592
-0.092240
1.058791
-1.586158
0.479819
-0.639690
-1.456093
1.061453
0.285350
0.310722
0.001000
0.648694
0.177126
0.185160
-0.000858
0.431412
0.288393
0.337391
0.078779
0.269660
0.124553
0.191602
0.478492
-0.019489
0.965209
-0.130556
0.660050
0.080413
0.669183
-0.106026
0.164242
0.145167
0.215066
0.144047
1.488461
0.685548
0.033170
0.383702
0.661188
0.061895
0.122702
0.518866
0.434876
0.615244
0.386923
0.059097
0.136095
0.133943
0.034650
0.012465
0.003346
0.411609
0.346411
0.517007
0.089775
0.109105
0.061343
0.026038
0.162770
0.053504
0.134739
0.122750
0.061653
0.145567
0.137106
0.044156
0.094373
0.107914
0.698129
0.045985
0.031465
0.015579
0.071070
0.075942
0.028829
0.072853
0.066735
0.136060
0.027323
0.115308
0.142177
0.102575
0.005387
0.009448
0.130020
0.132506
0.106247
0.084728
0.115856
0.003972
0.016547
0.023126
0.037254
0.213013
0.091124
0.506210
0.020268
0.123325
0.089220
0.092597
0.163787
0.017198
0.135745
0.173239
0.121490
0.101217
0.328169
0.674545
0.019238
0.065867
0.083411
0.019617
0.018540
0.170335
0.258434
0.480152
0.479265
0.045464
0.068298
0.202453
0.487367
0.038457
0.126117
0.598980
0.093007
0.029742
0.249650
0.076700
0.108884
0.046077
0.178216
0.232294
0.052296
0.573317
0.028242
0.022679
0.079555
0.002418
0.052014
0.096804
0.139231
0.032938
0.032944
0.041381
0.063910
0.289491
0.114977
0.010861
0.501140
0.004118
0.023190
0.091237
0.029081
0.035077
0.027513
0.538019
0.006611
0.123092
0.780302
0.024547
0.044989
0.011837
0.248898
1.393559
0.102903
0.126546
0.281775
0.824004
0.052288
0.158248
0.039233
0.153083
0.071182
0.344252
0.105965
0.025855
0.032434
0.136741
0.074416
0.374229
0.420710
0.024939
0.532799
0.015270
0.161304
0.031202
0.173992
0.454324
2.216149
0.077349
0.065669
0.147354
0.019775
0.088015
0.105107
0.008978
0.085526
0.081535
0.020894
0.067534
0.267800
0.644031
0.151930
0.063742
0.124697
0.123020
0.000971
0.805301
0.126184
0.021356
0.120870
0.200540
0.399739
0.687457
0.438425
0.017583
0.325066
0.038088
0.032422
0.030800
1.243669
0.191325
0.021776
0.122108
0.080820
0.204579
0.243520
0.171487
0.022144
0.029348
0.001572
0.359524
0.086430
0.005272
0.057651
0.136080
0.055289
0.044272
0.851053
0.847780
0.033838
0.014876
0.899008
0.114891
0.030939
0.981409
0.142391
0.054684
0.090565
0.095503
0.032894
0.003599
0.234560
0.120816
0.109846
0.191324
0.233994
0.794981
0.079625
0.152988
0.157846
0.054024
0.041774
0.644351
0.070964
0.058706
0.015062
0.836528
0.079065
0.057688
0.184599
0.115067
0.227149
0.128553
0.108754
0.273935
0.405914
0.072939
0.126424
0.066164
0.013990
1.106016
0.383068
0.099046
0.092385
0.121013
0.081855
0.052472
0.625646
0.109830
0.206584
0.079161
0.483285
0.159824
0.199449
0.246152
0.127373
0.188703
0.061212
1.150014
0.917580
0.364108
0.044242
0.022611
0.095245
0.086810
0.205630
0.068142
0.350275
0.076793
0.144647
0.099017
0.086642
0.382412
0.046397
0.130796
0.010655
0.290865
0.360874
0.148248
0.489999
0.090286
0.237261
0.039990
0.722625
0.051422
0.106250
0.138239
0.028642
0.088175
0.010525
0.122257
0.036850
1.627690
0.067560
0.114925
0.040888
1.274737
0.602552
0.036944
0.614111
0.633231
0.188015
0.088399
0.838217
0.000617
0.107229
0.098085
0.005610
0.031519
0.079167
0.062254
0.111846
0.157546
1.821582
0.333229
0.175732
1.166155
1.464141
0.165634
0.103707
0.305052
0.547180
0.136500
0.008300
0.887598
0.055592
0.176971
0.027994
0.337330
0.032748
0.431606
0.551626
0.034465
1.324353
0.357428
0.028704
0.082186
0.912808
0.661360
0.138877
0.036939
1.354868
0.047631
0.277677
0.168914
0.008632
0.222979
0.113525
0.267089
0.339395
0.093383
0.106544
0.028078
0.181386
0.035520
0.584248
0.027539
0.672009
0.163234
0.248639
0.042283
0.039067
0.013283
0.109301
0.112492
0.389070
1.198284
0.409650
0.163310
0.093977
0.068099
0.109176
0.379370
0.121517
0.000070
0.005545
0.107143
0.126016
0.047188
0.279038
0.033663
0.068509
1.066867
0.158067
0.078518
0.286430
0.297121
0.223018
0.070526
0.079026
0.776692
2.002136
0.855020
0.020911
0.078740
0.030226
0.506945
0.064332
0.139210
0.092094
0.167807
0.112302
0.011092
0.003008
0.667397
0.232090
0.945452
0.381734
0.138876
0.247461
0.092065
0.323255
0.034063
0.098169
0.149094
0.050787
0.619387
0.344514
0.007170
0.075597
0.366173
0.029352
0.028770
0.563606
0.085348
0.052526
0.065722
0.048346
0.119392
0.076557
0.030637
0.061691
0.076584
0.811657
0.054726
0.062558
0.402893
0.031775
0.124534
0.158426
0.057455
0.040232
0.032730
0.133595
0.032371
0.153338
0.053512
0.462315
0.032169
0.129915
0.049741
0.048403
0.039784
0.036320
0.030007
0.066711
0.113942
0.071653
0.107937
0.110108
0.501178
1.654316
0.066246
0.156596
0.060068
0.006378
0.018441
0.081895
0.073235
0.001236
0.144403
0.133004
0.142259
0.115832
0.085392
0.103573
0.202825
0.015278
0.074413
0.020804
0.758267
1.181010
0.150686
0.027629
0.039822
0.791434
0.486475
0.057239
0.036411
0.029037
0.745574
0.235891
0.791817
0.471503
0.039375
0.764340
0.039573
0.105762
0.028401
0.109337
0.039782
0.292484
0.193139
0.032627
0.063679
1.034862
0.916400
0.075855
0.017666
0.082724
0.077452
0.038779
0.379658
0.059921
0.034383
0.213900
0.033233
0.061802
0.032230
1.225522
0.064037
0.170516
0.345747
0.381758
0.059558
0.014617
0.181137
0.088213
0.184887
0.265738
0.010978
0.625411
0.156446
0.059774
0.214052
0.103311
0.364157
0.380123
0.588219
0.164056
0.094826
0.093991
0.007019
1.098542
0.153871
0.084231
0.091578
0.120682
0.066184
0.006841
0.055706
0.366983
1.109233
0.131915
0.098708
0.047285
0.669288
0.123733
0.081644
0.059322
0.033925
0.969359
0.519979
0.018453
0.106544
0.145609
0.094655
0.234294
0.428405
0.090081
0.230133
0.091051
0.291474
0.265297
0.178180
0.022647
1.106655
0.292145
0.242770
0.097381
0.008130
1.468765
0.229762
0.080162
0.173963
0.027476
0.593192
0.137280
0.031154
0.105802
0.121614
0.060825
0.094261
0.053063
0.264939
0.310267
0.101344
0.178125
0.067663
0.089008
0.018254
0.330481
0.907439
0.950796
0.049386
0.954953
0.988706
1.017800
0.041138
0.079887
0.066781
0.159802
0.148252
0.066010
0.047303
0.046336
0.009362
0.157952
0.082631
0.088475
0.106628
0.174646
0.060045
0.031758
0.119846
0.146501
0.055000
0.020783
0.218289
0.228782
0.168076
0.034947
0.199723
0.612873
0.465727
0.347415
0.046426
0.043309
0.215786
0.015306
0.850479
0.011303
0.037195
0.018653
0.144840
0.030492
0.088458
0.002198
0.172834
0.140081
0.102566
0.130273
0.198029
0.043507
0.118879
0.137780
0.147775
0.018061
1.062594
0.654598
0.654765
0.064141
-0.359188
-0.324877
0.150168
-0.180371
-0.208415
-0.227159
-0.156457
-0.172371
-0.404671
-0.790790
-0.208304
-1.028880
-0.045553
-0.585659
-1.167413
-0.330225
-0.290842
-0.547994
-0.662098
-0.071451
-0.397499
-0.170960
-0.281261
0.873238
-0.034410
2.915868
0.764358
1.105649
-0.543433
0.254121
0.206756
0.895426
-0.013694
-0.043664
1.240651
-0.081165
1.108824
0.217605
0.357776
1.599761
1.116664
-0.126852
-0.853708
1.172385
-0.188610
-0.199183
-0.267504
1.290867
-0.474875
-0.083841
-0.019579
-0.118570
0.068413
-0.423078
-0.335386
-0.893323
0.860997
0.162923
0.394635
1.641935
0.447667
0.626147
1.994677
0.802879
0.358216
0.550629
0.868079
0.094186
-0.069507
-0.520034
-0.135919
0.737168
-0.589247
-0.752871
-0.166367
0.370502
0.051981
0.299212
-0.307005
-0.225651
-0.224998
-0.232110
-0.114334
0.043942
0.755068
-0.243239
-0.163235
-0.204320
-0.424333
-0.558657
1.011579
0.099596
-0.412254
-0.621559
0.023830
0.257928
-0.604194
-0.582244
0.508767
-0.378279
-0.200651
0.089125
-0.135035
0.834660
-0.518086
0.729987
0.030804
-0.535953
0.283685
-0.275413
-0.428677
-0.097473
-0.094372
-0.218599
-0.651518
0.135400
-0.378725
0.174006
0.018952
0.561660
-0.657406
0.325299
1.232877
-0.417175
0.939300
0.022318
0.501705
0.205055
0.344938
0.038569
-0.842662
1.105133
0.052306
-0.590770
-0.132366
-0.218886
0.340982
0.594604
0.830099
-0.016851
-0.946726
0.881746
-0.212892
0.114672
-0.074292
1.001379
-0.009093
-0.123786
-0.133930
0.618020
0.156579
0.790134
0.625144
-0.319753
-0.274242
0.314288
-0.282139
-0.246683
0.161706
0.310804
-0.480717
-0.147843
-0.261626
0.091214
-0.341209
-0.256588
-0.098636
-0.274928
0.586816
0.745541
-0.612787
0.244709
-0.376340
0.370133
-0.535503
0.009370
0.168684
-0.139994
0.401611
-0.403833
-0.202075
0.162352
-0.167961
-0.890647
0.045541
-0.986310
-0.071390
-0.044282
0.950720
-0.238882
-0.118060
1.764712
0.086630
-0.212663
-0.278057
-0.533346
-0.487349
-0.148130
1.342576
0.747380
0.390613
1.239046
0.193433
-0.095773
-0.182447
-0.279850
-0.227858
-0.207587
0.223414
-0.099624
1.218397
-0.113234
-0.195197
0.014728
0.038452
1.671905
-0.298451
-0.243241
0.680666
-0.170845
0.158441
-0.596843
0.615312
1.319209
1.122398
0.184560
0.657932
0.832522
-0.200531
-0.668898
-0.100769
0.152758
-0.762916
1.485872
-0.002241
-0.187983
-0.163908
-0.033889
-0.102245
0.252941
0.085893
-0.850212
-0.395595
0.938340
0.848946
-0.983529
0.241556
-0.418271
-0.017675
0.509538
0.166486
-0.295092
-0.239316
-0.778142
0.140956
-0.347245
0.518213
0.075292
0.323773
0.654184
-0.178314
0.336869
-0.165604
-0.456612
-0.077146
-0.714882
0.082897
-0.202590
0.094201
0.510103
0.320507
-0.828793
-0.243052
-0.683029
-0.092739
-0.313324
-0.411121
0.660282
-0.073462
0.781289
1.548927
0.092002
-0.338343
-0.294732
-0.193411
-0.552086
-0.118396
1.079268
-0.162850
0.816421
1.239708
0.197119
-0.484141
1.524628
-0.069255
-0.314754
0.245878
-0.597864
0.080986
-0.321868
-0.234630
1.006567
-0.141820
-0.272041
-0.240168
-0.196884
-0.670608
-0.053811
-1.067395
0.106933
-0.275519
1.308218
-0.195654
-0.135808
-0.314667
0.276880
-0.248080
0.144132
-0.219694
-0.185931
0.559394
0.552864
0.031908
-0.325659
0.177618
-0.165795
-0.124095
-0.232084
-0.074049
-0.214688
-0.226226
-0.200406
-1.084417
1.115004
-0.403843
0.430256
-0.388499
-0.859326
-0.011328
-0.376737
0.340181
-0.205418
-0.552345
-0.091039
-0.140731
0.584503
-0.874534
0.151163
-0.248354
-0.214591
-0.423626
-0.951083
-0.318712
-0.244557
-0.152664
-0.423426
1.520198
0.004496
-0.358893
0.948926
-0.432385
0.000991
0.891162
-0.418903
-0.160415
-0.284670
-0.223667
0.896965
-0.050964
-0.194953
-0.233487
0.027244
-0.313565
-0.231678
-0.249311
-0.249251
-0.085080
-0.157056
-0.273730
0.199723
2.012179
-0.077216
-0.296477
-0.569986
-0.371813
1.023099
0.318605
-0.110690
-0.099070
-0.325955
-0.429611
-0.397124
-0.032211
-0.340213
1.272738
-0.442582
-0.171182
-0.371778
-0.103524
1.517321
0.695634
-0.233748
0.443771
0.819420
-0.067700
-0.076229
-0.209312
-0.618880
0.308502
-0.061857
0.120603
-0.015134
-0.143784
-0.266738
-0.404870
0.333471
-0.221191
-0.458320
-0.100022
-0.247511
-0.332660
-0.189474
-1.118389
0.513357
-0.398272
-0.132663
-0.260996
-0.137975
-0.535201
-0.458174
-0.177424
1.426188
0.282736
-0.184188
-0.441239
0.061112
-0.242323
-0.224268
1.124998
1.037308
-0.179565
-0.336524
-0.424456
0.585143
-0.179216
-0.552488
0.224088
0.043311
-0.342527
-0.132177
0.089064
0.008855
-0.539883
0.051671
-0.240550
1.888781
-0.127370
0.334793
-0.203959
-0.159346
-0.260571
-0.251822
-0.463655
0.291294
-0.346761
0.198537
-0.293052
-0.551797
0.099385
-0.187099
0.907451
-0.304618
0.083981
-0.316015
-0.245020
0.037000
0.623254
0.409270
-0.179996
0.530460
-0.474662
-0.329770
-0.150163
-0.169881
-0.287700
-0.236635
-0.336749
-0.150017
-0.309120
-0.030421
-0.030149
-0.512081
-0.007874
0.518371
-0.087094
0.048993
-0.179025
-0.257265
-0.742974
-0.030234
0.378789
-0.153277
-0.223534
0.646770
-0.344560
-0.209853
-0.100582
-0.229258
-0.618851
-0.485143
0.990561
-0.398026
-0.317780
-0.256174
-0.107956
0.115412
0.450648
-0.494357
1.100844
0.830218
-0.588955
-0.392937
-0.614631
0.056020
-0.799329
0.292938
-0.268600
0.954592
1.127129
0.249359
0.118271
-0.236589
-0.251684
-0.072760
0.121808
-0.091129
-0.011603
-0.192055
0.245512
0.541443
0.021909
-0.564905
-0.031971
-0.355100
-0.691338
0.139192
0.390057
-0.211893
-0.223174
-0.136643
-0.271469
0.264470
-0.293137
0.045233
-0.558648
-0.280235
0.228896
0.747330
-0.160680
-0.615884
1.181004
0.073685
-0.706028
0.088176
-0.021919
-0.170658
-0.118415
-0.075667
0.806156
0.795109
0.618869
-0.809102
1.022215
-0.369502
-0.253154
1.020539
-0.611131
-0.039584
-0.082447
-0.089904
-0.225234
-0.273934
-0.220771
-0.102691
0.036127
-0.491171
-0.100560
-0.300013
0.048903
-0.142391
0.227786
-0.225855
-0.137589
-0.260632
0.273196
0.442396
0.046761
-0.319688
-0.214360
0.453847
-0.353809
-0.421153
0.479664
0.274894
0.017079
-0.340032
-0.321125
1.284835
-0.081990
-0.368623
0.924812
0.865557
-0.074681
-0.311437
-0.443953
-0.334859
-0.124461
-0.245880
-0.014202
-0.097197
0.375792
-0.404382
-0.210777
0.505665
-0.102818
0.189956
-0.361470
-0.631143
-0.214832
-0.247110
-0.141218
-0.222810
-0.257749
-0.293617
0.237750
0.317389
-0.163462
0.073817
-0.390359
0.317392
1.447752
0.625643
-0.152209
-0.268027
-0.653030
-0.037380
-0.354843
0.615799
-0.330073
0.259513
0.157003
-0.100065
-0.107251
0.009542
0.079787
-0.210846
-0.248167
-0.096846
-0.019989
-0.297684
-0.223555
-0.232284
0.282854
0.271102
-0.229987
0.171027
-0.167542
1.767510
0.094936
-0.029696
-0.299692
-0.013799
-0.072007
-0.227764
-0.065600
-0.191960
1.100483
0.270605
-0.186138
-0.113751
-0.033360
-0.240400
0.207507
-0.368559
-0.081372
-0.039160
-0.020464
-0.340625
-0.033288
-0.267576
0.216423
-0.120757
0.612635
-0.042756
0.470827
2.179767
0.248426
-0.325275
0.752499
-0.128625
-0.121113
0.651979
-0.055654
-0.107989
1.054592
-0.101113
-0.016969
0.165987
-0.094610
-0.229503
0.499433
-0.175445
-0.048448
-0.241911
-0.139729
-0.179760
-0.027865
-0.200985
1.438065
2.092943
0.175330
0.688737
0.636823
0.407313
-0.035690
0.512141
-0.107006
0.974338
-0.098756
0.223202
-0.051788
0.451875
0.155570
0.492993
0.235319
-0.185877
2.270731
-0.070207
-0.017574
0.683606
-0.297302
-0.204531
-0.131781
0.476976
0.398201
0.860842
0.441481
0.443114
-0.043891
0.717690
-0.192100
0.527858
0.645987
0.026291
-0.096871
-0.067743
-0.155181
1.599813
0.179944
0.268468
0.668067
-0.168109
-0.166943
0.705572
1.642004
0.141501
-0.275755
1.856199
1.507340
0.020574
-0.127322
-0.081343
0.655925
1.633006
-0.057224
1.723331
0.512055
-0.332141
-0.111126
1.022040
0.045066
0.004504
-0.038809
-0.067829
2.290715
-0.233711
-0.112510
1.522104
-0.212322
-0.093000
0.396377
1.842711
2.055697
-0.059571
0.028819
-0.176003
0.967568
0.067239
-0.136212
1.000747
1.035293
0.629349
0.246311
-0.006647
-0.001147
-0.001045
-0.414103
0.763411
0.834583
-0.165673
2.263976
-0.001349
-0.068731
-0.032922
-0.009617
0.978540
1.189497
0.204659
0.244702
-0.139691
1.615278
0.702371
-0.062457
-0.062099
0.858054
-0.096414
0.698735
0.398383
-0.071188
1.929553
-0.092199
-0.081634
-0.186304
1.097756
0.344326
-0.159975
1.128396
0.569780
-0.292594
1.042581
0.641138
0.190266
1.192553
0.655450
0.106274
0.244275
-0.254842
0.727440
0.401463
-0.069205
0.253762
-0.050119
0.551431
0.975363
0.598972
1.041993
0.866250
0.370017
-0.217391
0.853336
-0.135651
0.928773
0.437839
1.886003
1.809798
-0.131377
-0.116386
-0.060993
0.800321
-0.009751
-0.169896
1.295528
1.101435
0.890393
-0.181695
-0.055795
-0.131929
1.243503
-0.068476
0.626036
1.752568
-0.214652
1.378112
2.547420
-0.030268
-0.032038
0.883558
1.228670
1.119807
0.718058
-0.104004
0.746788
0.605214
-0.055076
-0.180389
0.383800
-0.175981
0.622231
0.017136
1.006514
-0.048224
-0.152709
0.172699
0.405131
-0.091848
-0.039092
-0.129487
0.075094
-0.150950
1.445843
0.298174
2.015318
1.188725
0.058123
-0.149288
1.056188
2.426111
-0.016450
1.316552
-0.051560
-0.170959
-0.047741
-0.204736
0.873883
0.087357
-0.014752
-0.177766
0.813080
0.133125
-0.051920
0.699263
-0.250203
0.426580
0.470971
-0.078337
1.330037
0.117487
-0.158145
-0.092291
1.375971
-0.000773
0.651532
-0.001912
-0.021622
0.726752
0.060077
-0.102161
0.477488
0.506105
-0.176268
0.255767
0.347274
-0.068432
0.139695
0.539384
0.278477
0.121556
0.614929
-0.129107
1.824060
0.324914
-0.193851
-0.000424
0.091774
0.843146
0.026169
0.159508
-0.151614
-0.093682
1.438000
0.830472
-0.074881
0.368803
0.812432
0.959200
0.569842
-0.122952
-0.017872
-0.050919
1.149301
-0.104520
-0.225167
1.450691
1.663818
1.742132
1.324710
-0.265274
1.072574
0.676346
-0.068127
1.296244
0.029031
-0.020397
-0.241996
1.193935
1.506396
-0.081245
-0.125748
1.729530
1.540805
-0.098047
-0.090938
0.134608
0.380196
-0.005231
0.138476
-0.008279
2.406629
0.380314
-0.322634
1.267522
1.006778
-0.076622
0.279858
0.012539
0.595457
2.093027
-0.335227
-0.098519
0.287814
0.680866
0.280093
-0.012938
0.108475
0.472548
0.736626
-0.320795
-0.062793
-0.129456
-0.107425
0.722413
2.598556
0.709747
-0.245530
-0.014683
0.037009
0.996331
0.855616
-0.106902
1.070041
0.833041
-0.355375
0.455623
0.363093
-0.057269
-0.109152
-0.123338
-0.057795
2.763163
1.115862
-0.043453
-0.204922
-0.065628
0.098339
-0.172085
2.077065
0.522725
-0.100210
0.981591
-0.062456
-0.022926
0.784165
0.586310
0.603880
0.377488
-0.027989
-0.012067
1.316767
0.327778
-0.226675
0.659755
0.488831
1.141075
1.405361
0.018881
0.088946
-0.089351
-0.103670
-0.087676
1.982812
-0.019683
-0.166546
0.945894
-0.123160
0.400196
0.414016
-0.209473
1.284737
-0.070710
1.089573
-0.015653
1.372322
-0.071898
0.972462
-0.082929
-0.192399
-0.084901
-0.123994
2.007545
1.761938
-0.023179
-0.271814
-0.008569
1.213102
0.078259
0.673450
0.943726
-0.157041
1.058612
0.601305
0.817258
-0.143990
-0.230722
0.442891
-0.226545
1.588794
0.950603
-0.040808
0.911578
0.306114
-0.247933
0.134950
1.334095
0.038238
-0.176129
0.138372
0.301924
2.395059
1.283585
-0.044629
0.327788
0.620575
-0.023294
0.343964
-0.060772
0.352166
1.085492
-0.057266
0.558964
0.499392
-0.090015
-0.012952
1.233801
-0.226377
-0.161819
-0.072623
0.206698
-0.057013
1.069028
-0.044733
0.653225
1.524016
0.866146
-0.097159
-0.110646
0.797767
1.006166
0.140459
1.032005
-0.051526
-0.069441
-0.178012
0.434070
1.163583
1.061720
0.027376
0.372863
-0.084064
0.354943
0.187305
-0.264680
0.926446
-0.000815
-0.011466
0.054775
1.400641
1.211646
1.415555
-0.212967
-0.122128
-0.002774
0.585665
-0.155373
-0.214952
0.525552
-0.128020
-0.091614
0.899288
0.813067
1.748943
-0.054424
-0.050124
1.197482
-0.144250
-0.023759
0.262958
-0.170966
-0.025805
-0.027355
1.103235
2.089055
0.584200
-0.038381
-0.138224
2.085739
0.910541
-0.283255
0.149869
0.201423
-0.213812
-0.150406
-0.082211
0.346585
0.725075
-0.155405
0.163161
0.161397
0.676226
0.805942
-0.089264
-0.049327
-0.053531
-0.061043
0.867193
1.788520
0.027159
-0.018674
-0.072599
0.759785
1.177323
-0.087893
1.305768
0.540790
0.336119
-0.065256
1.402406
-0.048451
0.014653
-0.062970
-0.013611
1.431472
1.518454
-0.277808
0.812584
0.892058
-0.167891
-0.234827
1.006053
1.324544
1.011092
0.448744
-0.191455
0.825288
0.882937
0.694214
1.823906
0.144102
-0.062881
-0.084596
0.691112
0.754471
0.799435
0.369604
0.400588
1.260457
-0.276817
-0.239548
0.009711
0.309152
-0.208488
-0.317053
1.319202
1.075409
-0.003221
-0.024108
-0.039124
1.051109
-0.310559
0.359074
1.766507
-0.098847
-0.120527
1.230038
-0.040393
-0.211098
1.648617
1.152307
0.075317
1.223194
1.743153
-0.006103
0.203456
0.094601
-0.156912
-0.235611
2.355457
0.270604
-0.132910
0.000537
0.187655
-0.163076
-0.330651
0.510857
0.477245
0.122275
-0.094149
0.874484
-0.151601
-0.229317
-0.073493
-0.045758
-0.374887
0.647898
-0.081113
-0.115723
1.312026
1.794648
0.914875
-0.174011
2.383289
2.203291
2.306449
1.305680
2.227445
0.116053
1.218808
1.460613
1.009541
0.723811
0.312208
3.381079
1.217355
1.396185
2.316949
0.564233
0.957560
2.685189
-0.012211
0.856750
1.549181
2.226659
1.585389
-0.075200
1.243351
0.675243
0.340142
1.356278
-0.207891
3.215898
0.776690
0.606351
1.951107
0.638697
0.923843
0.493395
-0.115735
2.235023
0.192067
0.982062
-0.094344
1.131897
0.464743
0.018260
0.382761
0.526954
1.143391
0.764295
1.834428
1.164565
0.578288
0.248512
0.255703
-0.502669
0.558333
-0.079676
0.997393
-0.081709
1.893176
0.723216
0.558204
1.285281
0.148062
2.364306
0.279368
0.606046
1.460558
0.882076
1.623297
-0.111277
1.762161
1.158305
1.023376
0.922864
0.469118
-0.287496
2.478733
-0.013577
2.492277
0.167231
1.702088
0.923113
0.791574
1.085010
0.310267
0.912974
0.975058
1.044734
0.858537
0.506647
0.433184
0.150567
1.379358
0.338154
-0.042822
1.265352
1.033935
1.170259
-0.048529
1.603878
0.428973
0.536234
0.606491
0.417046
0.021764
0.292378
-0.036510
2.113270
-0.142800
1.245439
0.817086
1.087996
0.396757
1.582480
0.802493
0.834698
-0.381383
2.673589
0.356003
0.935689
0.997441
1.219205
0.760391
1.157339
0.800433
1.587819
0.022053
1.550876
1.435139
0.303244
-0.704958
2.089885
-0.003660
0.779493
0.286509
0.582115
0.541525
0.979764
0.513096
0.390666
1.502533
0.781967
0.156467
2.185792
1.043022
1.089456
0.808113
0.835214
0.923913
0.601426
0.164907
0.077394
0.131212
2.256763
0.612335
1.179530
0.328192
0.585055
1.680741
0.499523
-0.100113
1.555770
1.153855
0.882632
1.023472
0.971498
0.475904
1.492401
1.285468
0.256170
1.251232
0.812061
0.744081
0.545070
2.182164
0.699997
0.344631
0.403674
-0.290491
-0.488200
0.969575
0.740023
0.007795
2.358535
1.056391
0.908553
1.399072
0.913710
1.098199
0.940646
1.297339
1.023813
0.370017
2.038220
0.972990
0.631481
1.574179
0.592439
1.156180
0.671094
-0.144393
0.664827
0.116149
1.205222
0.621157
0.952565
0.319316
1.084745
0.989733
0.816906
1.415816
1.133738
0.764969
0.927522
0.755048
1.109949
1.077406
0.728930
-0.035240
0.915937
1.136283
0.482120
1.558533
0.651784
0.081238
0.061600
2.214971
0.135312
-0.081401
1.771924
0.834397
1.135556
1.215915
0.932061
0.828195
1.021157
0.569487
1.291763
1.149890
1.506597
-0.079113
2.688776
0.822117
0.957299
0.940972
0.994115
-0.035671
0.208748
-0.029736
0.150435
0.756899
0.835001
1.285951
0.754498
0.895760
0.754189
1.222883
1.030431
0.463698
1.192197
0.830322
1.012741
0.995611
1.248079
0.779076
0.779046
0.515168
0.902186
-0.015440
0.069171
0.661922
2.374181
0.834926
1.117587
0.555686
1.443164
0.920798
0.895223
0.069767
1.577362
1.027326
0.298114
2.030771
0.608733
1.197079
1.141008
1.188581
1.058204
1.044387
1.310023
-0.031682
2.538932
0.630770
0.695977
1.128006
0.784269
0.893034
1.028929
0.426481
0.338234
-0.307782
2.267876
0.867781
0.991254
1.044854
1.198877
1.063461
1.147090
1.185583
0.967333
1.034398
1.346993
1.053850
1.210606
0.695558
1.021677
0.854729
1.185822
1.035832
0.917462
1.031776
1.058865
-0.007058
2.236967
0.169308
-0.022365
1.306982
0.897024
1.049150
0.945733
0.905775
1.155131
0.859266
1.062264
1.088774
1.144662
0.876935
1.451928
0.811155
0.974507
0.900543
-0.072641
1.073424
0.895834
0.787241
0.936276
-0.051233
0.718016
2.188979
0.680023
1.111005
0.780538
0.990238
0.806548
0.880914
0.956104
0.956957
0.915543
1.103775
1.087492
1.326445
1.190216
1.102584
0.146753
1.962568
0.835022
1.432079
1.054220
0.224864
1.734769
0.658741
0.649899
1.002606
1.022279
1.211292
0.865825
1.081180
0.934023
0.461720
0.939131
0.863145
0.983701
0.626183
1.742226
1.062141
0.495535
0.933117
0.587144
0.800677
0.604600
0.980075
0.592769
1.091608
0.646893
0.992357
1.175962
0.972864
0.921505
0.619964
1.047397
-0.093386
1.245309
0.848274
0.731433
0.507863
1.349195
0.722023
1.271746
1.920031
0.052111
0.142644
0.908193
1.275508
0.697819
1.439279
0.478164
0.514315
1.259605
0.939068
0.953160
0.678144
1.678911
0.289802
1.801393
0.764305
0.467545
1.634705
0.725943
0.938920
0.347695
0.545631
1.491197
0.184355
1.588942
0.312764
1.011213
1.151426
0.758904
1.445302
0.721340
1.256212
0.992124
0.761188
0.949947
1.266459
0.951411
1.142415
0.510021
0.784707
0.128079
0.934939
0.345890
1.663404
1.193605
0.848017
1.074764
-0.075287
1.922414
0.120363
1.121809
1.007502
1.025430
0.955074
1.080413
0.752119
0.985987
1.073269
0.859847
1.095812
1.085453
0.885223
0.398926
2.270624
0.756291
1.030737
0.827153
0.853069
0.583922
1.069927
1.566333
-0.084821
1.875782
0.576543
1.047809
0.508483
1.239951
0.782143
0.898751
0.208152
1.524193
1.136673
0.877696
0.731151
0.958941
0.361286
0.736049
0.774032
0.748075
0.173516
1.163554
0.889490
1.421187
0.921009
1.222509
1.136195
0.446262
0.710207
-0.121927
0.699810
0.396868
0.797363
1.616097
0.939314
0.596280
1.548768
1.292176
0.087864
2.384887
0.918570
1.076765
-0.016557
2.505071
0.829745
0.498675
1.040515
0.676513
0.903453
1.253752
1.698215
-0.094863
2.488429
-0.043197
1.963292
0.849576
0.704095
0.087074
0.300653
0.592093
0.294816
0.567513
0.793020
0.986411
1.219806
1.001649
0.891185
0.709602
1.402459
0.512295
1.829252
0.466791
0.871509
1.174476
1.220698
0.542618
1.242374
0.716978
1.233196
0.202977
1.084196
1.972164
0.066531
1.212319
1.620917
0.783472
1.224820
0.904045
0.668988
1.138295
1.091056
0.082623
0.497287
-0.323558
1.330212
0.498474
1.553987
0.952081
1.313057
0.729135
1.266666
0.855429
1.040813
1.061068
0.436372
1.017894
0.485476
1.105508
1.104115
0.731935
0.614534
1.571004
0.527159
0.896250
0.031828
-0.053879
3.120535
0.688673
0.857251
0.431081
1.001632
0.152586
1.601599
0.693414
1.110232
1.103902
0.958243
0.966548
1.286821
0.680832
1.307643
0.642283
1.445147
0.735280
0.642521
1.713442
0.428251
1.479983
0.927917
0.467184
0.037999
-0.031037
0.327419
-0.249901
2.832449
0.842302
1.110094
0.939147
1.382159
1.173643
1.021346
0.618295
1.098889
0.785674
1.200903
0.810293
1.232393
1.101981
0.763788
1.114260
0.890792
0.590981
1.270056
-0.242004
2.048659
1.683667
0.848744
0.909172
0.400077
1.204098
1.495716
1.080382
0.959914
1.173142
0.670904
0.679948
0.150127
0.764783
0.685518
0.883988
1.101738
0.851668
0.616581
0.265194
1.401145
0.636675
1.432842
0.815317
1.121190
0.789253
0.698175
1.334645
1.356831
0.896861
1.322720
1.231846
1.308190
1.311324
-0.147737
3.074253
0.499000
1.584070
1.483983
1.059835
1.289221
0.382680
2.446205
0.807257
1.535107
1.196483
1.270362
1.126773
1.380197
1.197664
1.200108
0.978001
1.355932
1.541890
0.265190
0.327747
1.061364
0.843984
0.550645
0.393079
0.375638
0.760081
0.442423
0.579504
0.511180
1.143675
0.764261
0.343498
0.683652
1.028549
0.845450
0.511385
0.487014
0.898010
0.880075
0.360989
0.333580
0.326109
0.575574
1.590298
1.818821
2.749164
3.826900
3.777286
2.409068
1.722281
1.951012
2.302471
1.398519
0.848653
1.569666
1.308831
1.354320
0.740522
1.322103
1.664090
1.112171
1.987306
2.122543
1.930014
1.100279
0.399657
0.890156
1.189722
1.058622
2.347346
1.635882
1.274526
2.272837
2.050218
1.371189
1.271520
1.955051
1.114627
1.704651
1.799865
2.015526
1.648778
1.369151
1.546489
1.310974
1.426382
1.633963
2.069881
2.305724
0.598738
1.140636
1.597704
2.464600
2.845331
3.639782
3.015069
2.339371
1.871641
2.383130
1.416771
1.438405
1.029823
1.714580
1.178717
1.183556
1.060362
0.514175
0.878460
1.863472
1.948735
2.035618
0.956954
1.120782
0.580041
1.243202
1.427532
1.987491
1.791221
1.540600
1.610650
1.795314
1.183137
1.305162
1.115117
1.924636
1.476668
1.732415
1.787930
2.135347
1.517043
1.946560
1.719592
1.046516
1.444608
2.368222
2.082042
1.906998
0.833459
1.607193
2.640869
2.585023
3.100277
1.916662
1.953685
2.116283
2.043607
1.766374
1.601942
1.779592
2.077357
3.114403
2.619539
2.131812
2.239520
2.232162
2.310929
1.809897
1.551490
1.674013
1.587208
1.172846
0.691489
1.575942
3.154817
2.296275
1.538232
0.884510
0.715738
0.301240
1.596668
2.033744
1.989684
1.508866
1.681823
1.887002
2.289301
1.792442
1.510790
1.620828
1.750006
1.295727
1.454998
1.259883
2.132103
1.635952
0.956080
2.096691
3.065130
2.315039
2.039309
2.127243
2.539993
2.152460
1.611133
1.813645
2.249007
2.296093
2.618394
2.738570
2.264500
2.372401
2.229351
1.793852
0.773245
0.716340
1.673060
1.382278
1.122105
1.638317
0.539287
2.401646
3.266216
2.753520
1.159006
1.453710
1.161822
1.454312
1.411287
1.693568
1.533793
1.805605
1.521691
2.365474
1.707820
1.563692
0.926241
0.941274
0.955018
0.913988
0.925566
1.999856
1.764205
1.592196
1.262779
2.625235
1.991448
1.813668
1.265026
2.009475
2.363645
2.207115
2.047928
3.006695
2.213396
2.804283
2.305351
2.229557
1.310721
1.337838
1.656502
1.204087
1.469063
1.975328
1.709303
0.835693
1.223034
1.378285
0.562671
2.335041
2.622691
1.989521
1.412406
1.569918
1.228545
2.310883
1.215961
1.246532
1.080536
1.887225
1.541337
1.523127
1.862149
0.717923
0.444089
1.379913
1.377562
0.585062
0.679976
0.817154
1.110705
1.580217
0.963196
1.633286
1.511514
1.745232
0.909864
1.819196
2.076269
1.707098
1.977618
2.516565
2.165779
1.864219
1.844407
1.549912
1.264081
1.504053
1.562204
1.504887
2.319349
2.433849
1.619638
0.703058
0.835823
0.697395
0.620831
1.369156
1.661714
2.244951
2.046381
1.086811
1.795179
1.237665
0.990706
1.286539
1.304417
1.025670
0.616253
1.087811
1.336143
0.963440
1.081884
0.985110
1.181182
0.764477
0.510976
0.492490
1.819777
0.878923
0.522495
1.216061
1.292323
0.362759
1.283019
1.862236
1.701770
1.297134
1.155286
1.410351
1.721620
2.248551
1.919347
1.702809
1.245076
1.346948
1.344166
1.503894
1.693438
1.646623
2.104181
0.957002
1.091161
1.535508
0.268397
1.563743
1.970163
1.329432
1.520113
1.206913
0.455038
0.696100
1.080582
1.691087
1.015229
1.385491
1.132126
1.888399
1.559848
1.146589
1.237265
1.473862
2.232005
1.421545
1.428029
2.460092
1.809740
1.855781
1.015633
1.163553
1.887175
0.999706
1.402623
2.258154
1.823091
1.392945
0.921702
1.561375
1.599358
2.380068
1.726554
0.958521
1.480385
1.239407
1.875065
1.859431
1.707080
1.569013
1.759662
1.810287
1.841504
2.051576
1.061123
0.360937
1.174228
1.772790
0.679069
0.890117
1.284978
1.398764
1.656569
2.300960
1.713009
1.576168
1.800346
1.530825
1.765878
2.449193
2.008864
1.736000
1.641268
1.305315
1.704110
1.830335
1.891793
1.558784
0.729864
1.735071
1.543674
1.742746
1.376741
1.332747
1.298619
1.169815
1.406014
1.311047
1.656067
2.335721
1.900851
2.139971
1.201293
1.838700
1.737318
1.645508
1.453694
0.966519
1.117645
1.299325
1.465569
2.009395
1.036218
1.349247
1.421078
1.512768
1.317784
1.150486
1.751206
1.280016
1.674646
1.862188
1.620292
1.409411
0.965741
2.033196
1.940333
2.267478
1.874923
1.545266
1.536681
1.690751
1.076981
1.605704
2.101834
1.727616
0.883457
1.603335
1.533797
0.657997
0.829088
0.441255
0.457131
0.777688
0.560066
0.744774
1.198963
1.689664
1.696344
1.795515
1.414234
1.236063
1.038450
1.040575
1.305552
1.622804
1.540593
1.808887
1.963057
1.235293
0.406457
1.466392
1.980066
1.542791
1.290386
1.511062
1.381594
0.951905
1.306751
0.901561
0.818542
1.524790
1.552821
1.328780
1.484841
1.328854
1.467337
1.894713
1.082657
1.046319
1.945668
2.232186
2.450624
1.685285
0.869647
1.398363
1.406175
0.180335
0.171674
0.244635
1.088348
1.000249
0.837792
0.903721
0.664790
1.581102
2.050774
1.898879
2.011811
1.419368
0.735690
1.187257
1.828152
1.469540
1.948243
2.006432
1.946117
1.324295
0.818405
1.459182
2.225974
1.093673
0.964168
0.511269
0.562074
0.780168
0.735267
2.198898
2.469479
1.666333
1.944234
1.723154
0.951581
1.512448
1.661344
1.434570
1.426393
1.755122
2.321258
1.564167
1.662175
0.834347
0.519557
1.057423
1.470854
0.678527
1.018416
1.444311
1.123165
1.235810
0.988884
1.795360
2.364097
2.849339
2.427493
2.410423
1.651750
1.516432
1.335510
1.770665
1.770673
1.997771
1.813816
1.305251
1.831848
1.820083
1.427562
1.571242
2.415133
2.167093
1.146198
0.803934
1.212490
1.185569
0.999228
1.948338
1.109314
1.594854
1.141579
1.943763
1.861557
1.894420
1.315072
1.344106
1.564659
1.897801
2.693399
2.202150
1.900157
1.495692
0.908559
1.449410
1.200829
1.328722
2.346023
2.161269
1.077477
1.659648
0.868331
1.987772
2.228625
2.376249
1.352764
1.397134
1.588059
2.217528
2.026758
1.428648
1.584782
1.415875
0.841492
1.225566
2.487756
2.409662
1.233732
1.839876
2.667744
1.929785
0.717934
1.746172
1.453328
1.588485
0.837307
1.740672
1.085799
1.391785
1.498531
1.555590
1.205356
1.042540
1.317236
1.699702
1.395978
2.269910
2.411906
1.732012
1.729219
1.989563
0.908589
0.500833
0.407566
1.173059
0.800555
1.267946
0.305294
0.909106
0.511551
1.641469
1.236794
0.910102
1.216202
0.896062
0.242903
0.355391
0.826211
0.796004
0.444637
0.617822
0.727006
1.553697
1.257666
0.622672
0.143681
0.001182
0.096044
0.757772
0.080818
0.202720
0.187814
0.024262
0.058141
0.133529
0.013165
0.070160
0.076684
0.009786
0.016798
0.068761
0.109772
0.079435
0.086910
0.097547
0.080585
0.172475
0.165846
0.099055
0.051784
0.037254
0.490836
0.083018
0.248514
0.311276
0.080174
0.097993
0.174141
0.020979
0.123352
0.128836
0.066470
0.038253
0.102626
0.107043
0.148570
0.225974
0.218250
0.065131
0.153712
0.171823
0.163512
0.079342
0.177855
0.113805
0.170391
0.125274
0.277421
0.077703
0.046560
0.135433
0.092888
0.187822
0.077813
0.171095
0.067156
0.252127
0.152537
0.157571
0.288517
0.393352
0.276269
0.163213
0.074271
0.217839
0.257566
0.300971
0.188490
0.101316
0.100404
0.270663
0.161698
0.050737
0.092121
0.095639
0.170654
0.191532
0.218492
0.170239
0.230359
0.217583
0.132326
0.325372
0.340730
0.266563
0.162549
0.093328
0.228575
0.307180
0.246875
0.295038
0.168864
0.046529
0.112561
0.161877
0.008578
0.017981
0.232624
0.113572
0.139593
0.187086
0.166393
0.263855
0.351527
0.112901
0.199427
0.332422
0.371260
0.167362
0.117221
0.200467
0.371708
0.284550
0.174472
0.314842
0.105589
0.097191
0.164810
0.158940
0.095145
0.304793
0.214355
0.203192
0.172655
0.208413
0.159824
0.298977
0.134237
0.082187
0.233850
0.279277
0.305107
0.244649
0.203928
0.230870
0.219527
0.141507
0.195597
0.263294
0.251033
0.098979
0.168809
0.196806
0.307518
0.259465
0.270840
0.192941
0.045489
0.142454
0.275262
0.283203
0.151373
0.217743
0.245024
0.289700
0.136521
0.097924
0.259963
0.245895
0.142616
0.156024
0.217696
0.319750
0.151989
0.098567
0.332979
0.428716
0.347629
0.105229
0.167155
0.181721
0.091424
0.191892
0.220361
0.253085
0.263187
0.049461
0.292866
0.159669
0.026524
0.143011
0.200067
0.186780
0.039333
0.132199
0.362884
0.331641
0.096566
0.247976
0.274148
0.443103
0.132570
0.112401
0.249608
0.198198
0.177800
0.239032
0.301132
0.210701
0.118610
0.056479
0.100109
0.139133
0.068594
0.202518
0.161047
0.078915
0.134079
0.189054
0.184150
0.206708
0.199081
0.242386
0.267950
0.064121
0.078637
0.203662
0.304933
0.187909
0.206786
0.343259
0.152201
0.150193
0.140594
0.041195
0.215079
0.086043
0.141879
0.163936
0.164672
0.190846
0.190974
0.157404
0.006975
0.406181
0.134704
0.153192
0.110825
0.165734
0.513411
0.313964
0.237280
0.161870
0.283144
0.113555
0.102588
0.089394
0.012138
0.338134
0.214706
0.162810
0.129891
0.197865
0.296595
0.118773
0.120330
0.043628
0.336221
0.277608
0.158899
0.065603
0.170309
0.400725
0.235289
0.239024
0.162693
0.207661
0.099555
0.094173
0.256250
0.220076
0.220247
0.367257
0.095789
0.229528
0.290160
0.293671
0.071910
0.173004
0.050280
0.310208
0.302183
0.271444
0.023527
0.076268
0.065515
0.283716
0.183030
0.170580
0.196945
0.271549
0.067848
0.209044
0.164270
0.219764
0.298659
0.097723
0.212729
0.312321
0.163104
0.025154
0.165984
0.125147
0.270246
0.221789
0.202720
0.110473
0.056361
0.166009
0.252312
0.257651
0.147922
0.110462
0.300375
0.188603
0.176513
0.128756
0.281233
0.231403
0.122011
0.157629
0.192282
0.136522
0.089035
0.120572
0.143253
0.200594
0.310172
0.143831
0.213970
0.135234
0.032658
0.213984
0.070139
0.213932
0.220078
0.231077
0.151575
0.134281
0.093508
0.264143
0.146266
0.147715
0.135405
0.095530
0.114778
0.075731
0.060137
0.209803
0.178048
0.267900
0.185146
0.228711
0.076080
0.096957
0.066976
0.070378
0.206993
0.250713
0.114173
0.019023
0.004841
0.163172
0.155342
0.237931
0.177580
0.103343
0.094772
0.166522
0.097956
0.047006
0.158739
0.245317
0.313792
0.191813
0.229839
0.213258
0.111632
0.215831
0.079546
0.164080
0.196846
0.064553
0.722405
0.031854
0.201288
0.120863
0.221102
0.245516
0.168235
0.101962
0.177667
0.094388
0.081660
0.110676
0.157223
0.201676
0.167928
0.170045
0.236649
0.352118
0.197403
0.140805
0.082202
0.116281
0.052403
0.061616
0.077159
0.236106
0.134825
0.197907
0.183932
0.294618
0.146250
0.037430
0.132181
0.197199
0.142664
0.221017
0.223307
0.198916
0.181127
0.110208
0.440608
0.249912
0.152917
0.071420
0.026815
0.113685
0.116692
0.320559
0.212000
0.064341
0.263025
0.179948
0.293334
0.168899
0.077550
0.219560
0.165350
0.093935
0.222182
0.204563
0.288464
0.173397
0.272471
0.212778
0.309216
0.169518
0.047141
0.169932
0.122920
0.160318
0.263327
0.285699
0.081035
0.095265
0.075758
0.209863
0.106299
0.021369
0.237582
0.234546
0.168720
0.235168
0.122887
0.329820
0.227213
0.305907
0.074794
0.292359
0.143025
0.051627
0.203456
0.182077
0.052316
0.226206
0.195478
0.176898
0.101503
0.192915
0.120352
0.073100
0.108430
0.202048
0.080125
0.223030
0.259737
0.195427
0.201925
0.211158
0.112702
0.009442
0.257529
0.207789
0.073898
0.243753
0.216258
0.140281
0.091629
0.134833
0.135227
0.177110
0.069813
0.126275
0.062246
0.145210
0.304313
0.151795
0.257887
0.248919
0.240123
0.193609
0.134399
0.207436
0.163822
0.155980
0.140283
0.134229
0.166646
0.334795
0.177410
0.103246
0.050310
0.058670
0.173201
0.168784
0.153469
0.072914
0.218047
0.288692
0.080838
0.228257
0.326792
0.279628
0.226564
0.147528
0.231133
0.200722
0.108575
0.165365
0.232816
0.169406
0.443698
0.306151
0.127028
0.071533
0.103074
0.085262
0.075165
0.225348
0.281041
0.217223
0.280099
0.170802
0.127428
0.315139
0.302928
0.200825
0.163833
0.220120
0.106879
0.126874
0.210763
0.315996
0.312444
0.343502
0.266041
0.118119
0.256304
0.253764
0.144026
0.014509
0.162752
0.409302
0.208719
0.175491
0.137131
0.174853
0.198797
0.247222
0.200744
0.202240
0.285924
0.084890
0.102739
0.192761
0.266127
0.314765
0.308916
0.184188
0.169938
0.305255
0.347244
0.235184
0.168487
0.025435
0.485211
0.254473
0.194078
0.084338
0.202573
0.241333
0.227117
0.093079
0.346611
0.326412
0.068328
0.057719
0.142625
0.328907
0.213272
0.137626
0.752595
0.200197
0.175504
0.262571
0.287445
0.301788
0.164889
0.229973
0.126669
0.090729
0.219294
0.314233
0.269240
0.239923
0.159384
0.227977
0.273726
0.104812
0.079942
0.101163
0.289511
0.259598
0.179118
0.002410
0.314250
0.241565
0.205050
0.135958
0.353522
0.274456
0.110273
0.039543
0.080257
0.228421
0.209988
0.195836
0.116555
0.098430
0.097990
0.196607
0.097804
0.037582
0.122597
0.160960
0.070558
0.132308
0.540045
0.119332
0.107298
0.072291
0.034770
0.246374
0.175808
0.174198
0.306893
0.295575
0.040687
0.189743
0.069411
0.144011
0.649767
0.487126
0.194716
0.109230
0.112479
0.110549
0.123359
0.062089
0.035819
0.283697
0.057579
0.059515
0.414576
0.253022
0.014995
0.078207
0.002905
0.586731
0.295522
0.082288
0.022665
0.176599
0.061377
0.053082
0.012344
0.207956
0.083502
0.053899
0.073707
0.039032
0.205939
0.179258
0.126162
0.315356
0.195172
0.086011
0.162879
0.185948
0.045121
0.027159
0.587772
0.222872
0.323435
0.018737
0.048139
0.019701
0.253970
0.058778
0.028105
0.476678
0.055073
0.087405
0.203000
0.013224
0.059473
0.268893
0.332392
0.056391
0.106198
0.439139
0.404264
0.068529
0.224549
0.269729
0.036319
0.235689
0.023158
0.154639
0.042540
0.153802
0.107442
0.478042
0.040430
0.088814
0.269777
0.098389
0.084132
0.259493
0.075880
0.407715
0.092370
0.118870
0.052033
0.416235
0.113081
0.198656
0.328641
0.138666
0.041141
0.366631
0.190580
0.408268
0.149865
0.129231
0.241068
0.048168
0.104272
0.083101
0.108082
0.179637
0.136074
0.217669
1.061490
0.393751
0.068052
0.141194
0.150895
0.672433
0.115349
0.063735
0.002801
0.235365
0.801752
0.002282
0.290954
0.094031
0.222539
0.227798
0.047026
0.004755
0.234202
0.009639
0.223540
0.541891
0.079822
0.039538
1.039829
0.101134
0.123167
0.083896
0.193304
0.258849
0.147915
0.095447
0.098548
0.197527
0.014307
0.284392
0.109940
0.505375
0.065684
0.082215
0.001365
0.029967
0.110737
0.009032
0.423364
0.077229
0.028760
0.018341
0.103329
0.088230
0.121358
0.141201
0.056315
0.031217
0.057044
0.153508
0.609697
0.019232
0.209782
0.060805
0.049931
0.448179
0.423759
0.119175
0.201224
0.351563
0.263096
0.271923
0.117543
0.164099
0.021393
0.061934
0.278645
0.578915
0.252124
0.152650
0.172918
0.112465
0.139624
0.418730
0.625345
0.009898
0.254586
0.241147
0.297857
0.077978
0.352210
1.109462
0.319478
0.046766
0.130782
0.473979
0.001087
0.122667
0.286100
0.040440
0.105285
0.000595
0.171933
0.383931
0.056157
0.091214
0.287279
0.072007
0.344675
0.137969
0.056984
0.070932
0.230896
0.012279
0.061719
0.574047
0.098312
0.091599
0.066347
0.022025
0.081785
0.136115
0.103460
0.148876
0.265708
0.366441
0.313152
0.112721
0.387806
0.150761
0.133954
0.330154
0.003152
0.185085
0.055287
0.197952
0.213482
0.039278
0.016539
0.084091
0.471898
0.069181
0.109562
0.035090
0.736907
0.017178
0.017559
0.231594
0.280559
0.206355
0.126886
0.109467
0.081284
0.099879
0.059426
0.060543
0.215073
0.101001
0.047890
0.166563
0.097288
0.083692
0.039453
0.105321
0.502299
0.235294
0.164962
0.029242
0.570983
0.108121
0.220813
0.019498
0.184128
0.140780
0.145625
0.021541
0.066047
0.417503
0.181108
0.092002
0.043189
0.044669
0.060499
0.124049
0.051184
0.027681
0.143256
0.020447
0.139624
0.176768
0.061394
0.098985
0.336891
0.207758
0.042973
0.498248
0.107972
0.294283
0.066151
0.147649
0.214175
0.122795
0.039163
0.372322
0.166329
0.371859
0.137323
0.040866
0.184934
0.089893
0.087500
0.023323
0.066887
0.044872
0.172171
0.181068
0.132370
0.131821
0.042010
0.057454
0.065431
0.315013
0.017305
0.393249
0.098158
0.012619
0.283093
0.202214
0.047455
0.082652
0.227530
0.021750
0.272667
0.027893
0.112678
0.062405
0.446821
0.157822
0.079228
0.018441
0.205376
0.004214
0.008823
0.125039
0.476309
0.130448
0.003569
0.103152
0.150683
0.148544
0.363513
0.249712
0.553726
0.061911
0.368239
0.130897
0.230822
0.080641
0.031201
0.257306
0.251093
0.138262
0.001872
0.146241
0.102725
0.117350
0.248560
0.040020
0.131307
0.245190
0.104047
0.133968
0.163221
0.213394
0.079494
0.004213
0.089333
0.112038
0.002705
0.204279
0.172261
0.095533
0.317949
0.073795
0.242748
0.112155
0.168723
0.168542
0.044266
0.087057
0.505336
0.075881
0.105172
0.000241
0.173154
0.000602
0.050337
0.416071
0.120066
0.071077
0.203041
0.196308
0.135395
0.104267
0.286383
0.118633
0.073877
0.037821
0.096954
0.072294
0.031725
0.433393
0.095708
0.109491
0.819313
0.078918
0.042633
0.005583
0.029217
0.115117
0.051512
0.052611
0.112626
0.095442
0.118269
0.048750
0.517906
0.306696
0.298304
0.224435
0.043566
0.029722
0.053473
0.303709
0.032727
0.150727
0.250731
0.639104
0.240529
0.154287
0.141764
0.041896
0.253361
0.003675
0.036323
0.503879
0.131925
0.107116
0.232443
0.308420
0.558230
0.136767
0.249797
0.104388
0.370004
0.039601
0.450383
0.090247
0.105483
0.089413
0.213121
0.310860
0.003796
0.036084
0.121188
0.324455
0.379817
0.138997
0.220573
0.342880
0.222095
0.139033
0.188010
0.049467
0.146294
0.064786
0.278894
0.144022
0.354808
0.250699
0.452196
0.154581
0.036472
0.028443
0.179053
0.216914
0.237487
0.090639
0.070584
0.356209
0.324198
0.095981
0.309536
0.148052
0.063070
0.001104
0.537477
0.259406
0.010847
0.285167
0.164081
0.460928
0.079259
0.092347
0.053312
0.299852
0.017627
0.380743
0.420057
0.247589
0.085912
0.204399
0.063364
0.625093
0.270420
0.168803
0.047814
0.053251
0.236704
0.270065
0.043350
0.296018
0.128957
0.659406
0.479809
0.305801
0.068010
0.010852
0.300280
0.370188
0.226640
0.040893
1.104550
0.032648
0.145449
0.190943
0.440248
0.171665
0.146998
0.118267
0.011752
0.002006
0.191321
0.093330
0.167087
0.088504
0.040716
0.435736
0.308602
0.115518
0.036261
0.051076
0.348028
0.080260
0.136042
0.119967
0.009281
0.065795
0.235593
0.573966
0.345209
0.146891
0.050119
0.028482
0.130658
0.034367
0.022564
0.001446
0.243881
0.131467
0.170371
0.268196
0.233741
0.141408
0.024138
0.007114
0.070637
0.490856
0.017651
0.112513
0.036395
0.717436
0.166273
0.219385
0.051245
0.058552
0.000384
0.016187
0.034248
0.057283
0.038530
0.250550
0.079980
0.067371
0.253605
0.013813
0.177813
0.156988
0.011382
0.267302
0.350177
0.100950
0.262200
0.041375
0.307326
0.083074
0.220920
0.174444
0.755809
0.052412
0.194582
0.308466
0.749028
0.486374
0.198498
0.356475
0.159272
0.391732
0.021056
0.038437
0.148381
0.148696
0.120927
0.086224
0.032160
0.113153
0.120154
0.026194
0.320720
0.213209
0.594540
0.490628
0.234636
0.338319
0.128586
0.081810
1.337481
0.087300
0.142458
0.247306
0.021189
0.124412
0.302098
0.015584
0.057035
0.065521
0.320377
0.189022
0.555067
0.410933
0.146521
0.117588
0.206373
0.235037
0.306784
0.097698
0.174017
0.194596
0.469898
0.111463
0.397268
0.320203
0.015417
0.008058
0.248058
0.162226
0.109759
0.277708
0.102094
1.850638
1.714607
1.646529
1.700706
1.798733
1.839646
1.762731
1.456112
1.568354
1.524076
1.732612
1.654934
1.694014
1.548442
1.590160
1.694602
1.747170
1.742689
1.551012
1.457335
1.498193
1.562858
1.621237
1.735074
1.694822
1.343424
1.019830
0.972133
1.302944
1.728524
1.792734
1.375687
1.639318
1.055453
1.494172
1.260468
1.558178
1.150695
1.259684
1.399036
1.515210
1.670303
1.377019
1.046261
0.932745
1.031394
1.210333
1.279422
1.421888
1.078991
1.379663
1.340771
1.182937
1.182732
1.425428
1.499280
1.448196
1.673385
1.707111
1.640566
1.239934
1.061131
1.236769
1.767863
1.652987
1.426013
0.655029
0.459844
0.958134
1.659768
1.701879
1.701030
1.769883
1.531021
1.511012
1.408521
1.453992
1.479512
1.589529
1.737614
1.743378
1.679571
1.728705
1.673744
1.575486
1.609192
1.464751
1.685996
1.706200
1.676038
1.495207
1.474884
1.321776
1.575507
1.736416
1.667832
1.638995
1.490885
1.513951
1.561455
1.613331
1.399258
1.300690
1.392104
1.284011
1.594485
1.522382
1.572044
1.311099
1.512077
1.208839
1.684908
1.670236
1.523715
1.008670
1.078444
1.014420
1.746305
1.780596
1.790256
1.507417
1.511966
1.778498
1.755096
1.576553
1.539198
1.345142
1.271824
0.957566
1.273625
1.692163
1.583328
1.607122
1.530549
1.499182
1.397730
1.441531
1.495063
1.698577
1.628532
1.301591
0.952752
1.198146
1.762033
1.838956
1.596375
1.670213
1.712649
1.741377
1.791616
1.621859
1.562182
1.286782
1.362127
1.400895
1.452075
1.538873
1.542830
1.670330
1.690362
1.734147
1.676030
1.747497
1.546476
1.675872
1.696051
1.647175
1.779471
1.695594
1.359963
1.644478
1.641110
1.452363
1.468665
1.529282
1.388818
1.592126
1.101077
1.437068
1.571359
1.695633
1.680922
1.535056
1.088101
1.253124
1.442567
1.661451
1.353245
1.290038
1.548283
1.301779
1.805161
1.734286
1.636284
1.531038
1.643289
1.623475
1.719172
1.672191
1.769499
1.740878
1.479907
1.162382
1.197507
1.435651
1.605567
1.307403
1.325094
1.504640
1.650788
1.693011
1.709610
1.688193
1.748181
1.823852
1.855577
1.813270
1.731227
1.533452
1.446558
1.426762
1.560505
1.559399
1.679651
1.638741
1.576344
1.524027
1.242490
1.266457
1.398443
1.505458
1.081975
0.674715
1.026342
1.478269
1.570208
1.305568
1.426073
1.600183
1.904765
1.530326
1.251996
1.214329
1.460383
1.603473
1.659263
1.673316
1.676922
1.764321
1.724227
1.548057
1.345042
1.365943
1.504487
1.410413
1.267433
1.409275
1.533411
1.522095
1.633462
1.452872
1.269785
1.394003
1.795722
1.646642
1.345209
1.422727
1.442351
1.643303
1.774538
1.727954
1.729628
1.682484
1.662049
1.536851
1.328095
1.468924
1.310036
1.684587
1.457710
1.609038
1.182468
1.636339
1.685452
1.347629
1.316576
0.967660
1.678732
1.771496
1.265920
1.536859
1.328798
1.677202
1.572375
1.569880
1.754056
1.712913
1.026091
0.439237
0.785982
1.480072
1.110775
0.839359
0.726267
1.110331
1.024381
1.515990
1.730521
1.466946
1.570185
1.360047
1.780575
1.786613
1.064486
1.083914
1.111183
1.795718
1.448559
0.847999
0.879733
1.385491
1.453971
1.422753
1.394789
1.368021
1.183821
1.131173
0.687953
0.395686
0.611338
1.333372
1.745888
1.586981
1.448238
1.450453
1.649428
1.756054
1.444739
1.598496
1.274306
1.141046
1.169856
1.399271
1.422722
1.569194
1.238356
1.445931
0.826680
1.605743
0.930828
0.674804
0.087201
1.160770
1.188476
1.419739
1.793591
1.739574
1.584015
1.248275
1.118313
1.815733
1.307889
1.288866
1.007853
1.784649
1.441996
1.270062
0.888810
1.196295
1.830890
1.698159
1.629376
1.328424
1.434748
1.326834
1.277085
1.160958
1.137205
0.998183
1.044188
1.307153
1.707889
1.514762
1.749456
1.605078
1.510440
1.656311
1.123442
0.927454
0.893552
1.587620
1.701034
1.537962
1.608175
1.282844
0.859196
0.965390
1.102976
1.535007
1.250870
1.489315
1.350414
1.132638
1.472034
1.501402
1.516517
1.013057
1.270160
1.831181
1.572385
1.739846
1.249948
1.447767
1.414771
1.660003
1.643349
1.581927
1.712104
1.549155
1.432950
1.557748
1.562801
1.816744
1.769536
1.497210
1.351084
1.187548
1.565267
1.291092
1.486228
1.320593
1.473615
1.759283
1.536770
1.666053
1.477250
1.575299
1.021118
1.552508
1.552563
1.809180
1.524629
1.367221
1.217153
1.313989
1.433277
1.735868
1.532111
0.756021
0.551396
0.760771
1.308720
1.289150
1.099484
1.450125
1.426430
1.817466
1.429853
0.687672
0.095323
0.404257
0.621064
1.209999
1.495822
1.844884
1.776763
1.612724
1.356163
1.511443
1.782714
1.756207
1.722398
1.364714
1.608474
1.225072
1.540426
1.612710
1.503578
1.662999
1.510692
1.848365
1.634206
1.453150
1.274386
0.856238
0.386363
0.790838
1.179676
1.777177
1.656523
1.652545
1.529507
1.639005
1.679756
1.773854
1.604574
1.279944
1.290896
0.902329
1.416933
1.546194
1.431688
1.701187
1.719338
1.570955
0.973564
0.696343
0.239552
0.481581
0.772241
1.160068
1.220054
1.682805
1.625508
1.567266
1.631500
1.524496
1.725513
1.640694
1.401166
1.432464
1.580028
1.499069
1.519663
1.482610
1.667153
1.629372
1.630458
1.914856
1.501036
1.537852
1.293261
1.539551
1.137664
1.172522
1.237879
1.676196
1.568280
1.722455
1.732596
1.788387
1.695118
1.613127
1.148109
0.908691
0.926976
1.479208
1.494004
1.623284
1.559478
1.058175
0.994726
1.866558
1.222066
1.533275
1.108143
1.580947
1.366694
1.628986
1.729695
1.652645
1.631915
1.622900
1.706683
1.840116
1.828996
1.643944
1.339518
1.387318
1.205584
1.045001
0.844988
1.345520
1.632342
1.492127
1.643692
1.852137
1.595673
1.668273
1.609035
1.768332
1.606286
1.260761
1.168243
1.301155
1.586361
1.572400
1.869110
1.845807
1.619901
1.595112
1.269322
1.619107
1.008661
1.485705
1.424255
1.670863
1.689108
1.379726
1.348111
1.827944
1.779459
1.740819
1.705267
1.625147
1.568488
1.382432
1.650546
1.682805
1.843293
1.745001
1.873631
1.719584
1.632687
1.507458
1.307454
1.169404
1.053712
1.169608
1.075848
1.335392
1.684464
1.619258
1.828194
1.853177
1.852540
1.745625
1.806313
1.705455
1.421197
1.403308
1.068714
0.405236
0.114014
0.326464
1.069952
1.634117
1.627648
1.641318
1.552941
1.724264
1.579763
1.741409
1.515977
1.284087
1.262019
1.477735
1.795517
1.969750
1.893787
1.950818
1.871372
1.879434
1.745150
1.842840
1.637124
1.700922
1.528116
1.694790
1.701955
1.899816
1.737574
1.856055
1.525858
1.811636
1.351780
1.853763
1.562358
1.742976
1.764624
1.748342
1.910079
0.326298
0.147819
0.319912
-0.588235
-0.027199
2.019668
0.061104
-0.145439
-0.073814
1.359729
-0.089008
0.374620
0.276328
-0.173325
0.901884
0.584870
-0.263364
-0.189135
0.945960
0.198693
0.816863
1.291878
0.470863
-0.271444
0.555459
-0.384660
-0.528005
0.933186
-0.168934
-0.341976
0.042679
-0.245615
-0.627860
-0.270093
0.506840
-0.377363
-0.374533
-0.186151
-0.389273
-0.145117
-0.013576
-0.185961
-0.091118
0.283889
0.086608
-0.029374
0.120864
-0.142077
-0.079030
0.191183
-0.571454
0.209873
-0.257551
-0.738503
-0.252455
0.167496
0.459671
-0.697131
-0.309158
-0.605920
-0.190408
-0.838560
-0.925867
-0.215371
1.035431
0.216735
-0.022131
-0.461090
-0.516145
-0.398401
-0.123176
0.029948
-0.394850
-0.348596
-0.242853
-0.371536
-0.357342
-0.366797
-0.325411
-0.032213
-0.642431
-0.427188
-0.200615
-0.200998
-0.137637
0.738127
0.651149
-0.483514
-0.471667
0.924353
-0.106258
-0.219865
-0.392412
-0.065806
0.696593
-0.155009
-0.152049
-0.065592
-0.116337
-0.854807
-0.496810
-0.029097
-0.376251
-0.497254
0.271647
-0.132256
-0.461372
0.312967
0.443930
-0.014989
0.175439
1.403161
0.706260
-0.804382
-0.715874
1.117557
-0.857170
-0.020204
0.102158
-0.084859
0.717271
-0.333623
-0.534368
-0.337844
-0.095984
-0.483553
-0.404713
-0.013758
-0.104714
-0.172044
-0.010773
-0.163598
-0.225637
0.003290
0.316716
-0.372156
-0.107149
0.982002
-0.102658
-0.539968
1.630597
-0.409988
-0.404228
0.130061
-0.208240
-0.594064
-0.482155
-0.037700
-0.649093
-0.175626
-0.137817
-0.158979
-0.410796
0.136183
0.706470
-0.302383
-0.704441
-0.145685
-0.247535
0.257366
-0.684427
-0.614607
0.131015
0.397622
1.534201
-0.395439
-0.216104
-0.075621
-0.343048
-0.168945
-0.606119
0.085890
0.671208
-0.110907
-0.204027
-0.043610
-0.163165
-0.058808
-0.544928
-0.341956
-0.115064
-0.497130
-0.364722
-0.076182
-0.167717
-0.230126
-0.195584
-0.631194
-0.045366
0.718011
-0.158729
-0.224908
-0.156971
-0.276446
1.223562
0.483967
-0.190559
-0.059959
-0.479423
-0.636352
0.351527
-0.412550
-0.463421
-0.211207
-0.591178
-0.202948
-0.268235
-0.290459
0.661985
0.516988
0.403914
-0.332360
-0.592077
-0.348355
0.297906
-0.168583
-0.335451
-0.276920
-0.138720
-0.040805
-0.457262
-0.357343
0.344926
0.223916
-0.487387
-0.538077
-0.024168
-0.661060
-0.272647
0.627096
-0.067582
-0.474482
-0.512892
0.437046
-0.341805
-0.139270
-0.586180
-0.433312
-0.463648
-0.055367
0.296078
0.220112
-0.483147
-0.291167
-0.059487
-0.445479
-0.250472
-0.254324
-0.093770
-0.316697
-0.181499
-0.493250
0.237967
-0.316377
-0.207312
-0.131413
-0.188607
-0.593072
-0.566844
-0.646956
-0.032888
-0.095628
-0.234005
-0.064341
-0.205061
-0.012321
-0.408629
-0.102987
0.136841
-0.302586
-0.258602
-0.064789
-0.162274
0.168508
-0.230024
0.645836
-0.401494
-0.864786
-0.358736
-0.321664
-0.045430
-0.302220
-0.270879
-0.376907
-0.087660
-0.061885
-0.007794
-0.130613
-0.298455
-0.287252
-0.790423
-0.463449
-0.364658
-0.364677
-0.782020
-0.228481
-0.329490
-0.429406
-0.137251
0.782246
-0.629556
0.189083
0.885158
-0.628519
-0.990289
1.651708
0.599759
-0.216961
0.357130
1.077619
-0.158808
-0.443405
-0.132746
-0.107484
2.002041
-0.337852
-0.478991
-0.068039
0.339777
-0.073027
-0.044737
-0.101029
-0.517154
-0.363371
0.020863
0.881912
-0.049496
1.156762
0.324906
-0.320988
-0.093859
0.002429
-0.389650
0.544424
-0.546646
-0.428588
-0.538335
-0.099669
0.949938
-0.303868
0.133796
0.271501
0.217324
-0.408528
-0.440689
0.548135
0.632472
-0.401360
-0.145706
-0.312379
-0.507147
0.721957
2.071932
-0.632386
-0.683682
-0.255483
0.136662
-0.713618
-0.243544
-0.195802
0.518153
0.651127
-0.328796
-0.074647
0.058216
-0.250739
-0.583360
-0.644593
-0.169395
-0.608492
-0.432855
-0.215902
0.000969
-0.410033
-0.143029
-0.329303
-0.241817
-0.195431
-0.250862
-0.689688
0.015451
-0.742212
-0.269259
-0.037197
0.788396
-0.181157
-0.595567
-0.440923
-0.521163
-0.619448
-0.108480
1.031898
0.082718
-0.322879
-0.410696
-0.258902
-0.122231
-0.028957
-0.096438
0.094099
-0.618541
-0.021593
0.425761
-0.068631
-0.544234
-0.352508
-0.378085
0.072377
-0.081307
-0.758604
-0.637531
-0.211666
-0.235752
-0.083582
-0.286698
-0.095601
0.828802
-0.283688
-0.221133
-0.126565
-0.232691
0.760581
-0.284984
-0.177219
-0.100326
-0.232849
0.215251
-0.126757
-0.289157
1.314211
0.532400
-0.336733
-0.133435
0.216192
-0.032638
-0.002114
-0.288890
-0.325211
-0.039920
-0.280866
-0.146867
-0.076322
-0.573648
-0.711364
-0.469069
0.147297
0.376649
-0.465444
-0.355394
-0.394997
-0.559083
0.242475
0.063276
0.908508
-0.120384
-0.406175
-0.430152
-0.353445
0.270818
0.054925
0.395980
-0.414277
0.814874
-0.277439
-0.797179
-0.007186
-0.047367
-0.161249
0.371981
-0.763355
-0.450800
-0.070437
-0.009480
-0.170572
-0.010209
0.922840
-0.481863
-0.734802
-0.300659
-0.098649
-0.132512
-0.098895
-0.465180
-0.373490
-0.013911
-0.235414
-0.307335
-0.034599
-0.131350
-0.642442
-0.315990
0.613435
1.030288
-0.487630
-0.538828
-0.325607
-0.327334
0.267297
-0.238068
-0.154383
-0.575517
-0.385376
0.919444
-0.222056
0.079665
-0.341654
0.381513
-0.127843
-0.246934
-0.123879
-0.545723
-0.195528
0.267159
0.446821
-0.480084
-0.286980
-0.367639
-0.270078
0.025780
-0.175588
-0.404752
0.955513
-0.160835
-0.153988
0.108973
-0.306255
-0.603502
-0.182477
0.205943
-0.102506
0.389383
0.043082
-0.386371
-0.149265
-0.040466
-0.798986
-0.218301
-0.420712
0.660929
-0.506427
-0.451194
0.584669
0.016789
-0.395262
-0.208223
-0.662984
-0.517919
-0.126680
0.473883
-0.456737
-0.469409
-0.048849
0.238189
0.009328
-0.238834
-0.149415
0.551606
-0.020830
-0.425254
0.314692
0.987718
-0.311802
-0.210573
0.275751
0.311166
-0.480095
-0.202577
0.857952
-0.265048
-0.618163
-0.356292
-0.690304
-0.169896
-0.460233
0.396706
0.013695
-0.521259
-0.566376
0.263130
0.349309
-0.485429
-0.135714
-0.043447
0.837301
-0.497916
0.099658
-0.285893
0.536760
0.205704
-0.127056
-0.619903
-0.693774
0.555102
0.534055
0.089402
-0.620979
-0.077340
0.039267
-0.327512
-0.024215
-0.423028
1.182807
0.236237
-0.134258
-0.218779
-0.194585
0.167433
-0.172211
-0.775982
-0.102777
1.026446
0.404711
-0.650616
-0.194084
-0.241386
1.467391
-0.053854
-0.544023
0.715923
1.346505
-0.183167
-0.100178
-0.521592
-0.054765
1.476538
0.069817
-0.649019
-0.015004
1.137916
-0.223273
-0.341623
-0.234225
-0.232379
-0.035790
-0.194295
-0.287946
-0.487599
-0.059966
-0.117021
-0.036533
-0.493339
-0.407824
-0.001166
0.409105
-0.462442
-0.167704
-0.025845
-0.104084
-0.348106
-0.069251
0.276807
-0.244453
-0.487492
-0.187630
-0.163943
-0.183290
0.449973
-0.235948
-0.458974
-0.655069
-0.357974
-0.348126
-0.168957
-0.781816
-0.208771
-0.090895
-0.698746
-0.706812
-0.312979
-0.111287
-0.087501
-0.013979
-0.053492
-0.513142
-0.356991
-0.459590
-1.290033
-0.075960
-0.552484
-0.863823
0.002587
-1.341099
0.307964
-0.674925
-0.897779
-0.325503
-0.941491
-0.231858
-0.316894
-0.189553
-0.276927
-0.099642
-0.562798
-0.928333
-0.762331
-0.249474
-0.179041
0.138897
0.589233
0.060515
-0.028819
1.299901
-0.085750
0.286222
0.740679
-0.073942
0.470544
0.240379
-0.149193
0.515856
0.105041
0.510114
-0.185077
-0.226862
0.121228
0.037388
0.296638
0.804618
-0.172012
-0.015003
0.503341
-0.067379
0.437356
-0.425017
0.105405
-0.468048
-0.198864
-0.509502
0.048193
0.044695
-0.377264
0.292662
-0.501964
0.424512
-0.026999
0.075223
-0.064797
0.328155
-0.020919
-0.117352
-0.238861
0.128321
0.208548
-0.254186
0.391400
-0.450530
-0.213651
-0.059828
0.277347
0.419061
0.302552
-0.023954
0.479396
0.217377
0.144044
0.423158
-0.141096
-0.283296
-0.164560
-0.086616
-0.090366
0.137350
0.008863
0.403908
-0.646134
0.445128
-0.282674
-0.611868
0.137168
-0.297367
0.068675
-0.137758
-0.167552
0.106835
-0.320763
0.011211
-0.210747
-0.178946
-0.260818
0.134436
-0.193330
0.405594
0.378469
-0.211028
-0.304517
0.207918
0.116370
-0.065498
-0.252509
0.643867
-0.026415
-0.298074
0.297029
-0.008903
-0.017788
-0.151342
-0.148654
-0.034600
-0.224842
-0.028033
0.082133
0.190175
0.092270
0.315766
-0.278200
-0.277313
-0.410419
-0.126530
0.164230
-0.003596
-0.413673
0.147617
-0.321404
0.245603
-0.293705
-0.339379
0.440437
-0.407994
0.377087
-0.064274
0.418155
-0.183739
0.204486
-0.197822
-0.063080
-0.043294
0.079988
-0.176152
0.366516
0.370181
-0.143601
-0.196749
-0.065046
0.375772
-0.197947
0.120493
-0.382625
-0.102440
-0.124921
-0.259177
0.233487
-0.483371
0.438850
-0.256637
-0.272980
0.078087
-0.000106
-0.008584
-0.189297
-0.006890
0.235813
-0.080651
0.301595
0.166976
-0.268915
0.361882
-0.040885
0.279712
-0.255891
1.000149
0.168091
-0.235380
-0.252114
-0.494403
0.401117
-0.225092
-0.027733
-0.275001
-0.255417
-0.173030
0.155205
0.294008
-0.294449
0.263784
-0.163871
0.131473
0.017344
-0.034692
-0.083620
-0.015350
-0.302694
-0.307798
-0.679429
-0.122950
-0.522296
-0.092426
0.199626
-0.488488
0.111231
-0.293799
0.304174
-0.024966
-0.146135
0.051838
-0.365520
0.303295
-0.085626
-0.284939
-0.674116
-0.552405
-0.296370
-0.385370
-0.178232
-0.121396
-0.192068
0.255947
1.152790
-0.305650
0.017548
-0.046450
0.119524
-0.419728
0.220289
-0.014932
0.165299
0.195013
-0.302721
-0.304495
-0.230393
0.769326
-0.160627
0.691911
0.928861
0.177112
0.783977
0.527713
0.763353
-0.308118
-0.058875
-0.120824
0.119730
0.075523
0.027443
0.195962
-0.268901
-0.352572
0.414938
0.011333
0.013502
0.622652
-0.237501
-0.158548
-0.017668
-0.382353
-0.041470
-0.483066
-0.311000
-0.535413
-0.190801
-0.232539
-0.115648
0.003682
0.548395
-0.141366
0.002283
-0.216882
-0.293449
-0.016123
0.093982
-0.350440
-0.088817
-0.176657
-0.039388
0.098623
0.024166
0.241115
0.285946
0.885213
0.186655
0.065600
0.337099
0.160099
-0.194599
0.325011
0.055755
-0.216094
0.003971
-0.113756
0.253184
-0.133819
-0.076898
-0.241627
-0.269369
-0.671134
-0.163040
0.076530
-0.093596
-0.070650
-0.193577
-0.046262
-0.587136
-0.202050
-0.083703
-0.217347
-0.067195
-0.026461
-0.426922
0.151850
-0.038895
-0.488957
-0.048585
0.216252
-0.332078
-0.127483
0.187805
0.640065
-0.060951
-0.327285
0.486716
0.022094
0.233230
-0.251610
-0.140779
0.356017
-0.191611
0.474922
0.047821
0.056174
-0.220011
-0.079662
-0.332464
0.687018
-0.208694
0.316624
0.204297
0.341422
-0.216593
0.149415
-0.304225
0.493411
-0.748713
-0.109314
-0.289890
-0.206478
0.334504
-0.481033
-0.095300
-0.296849
-0.479510
0.243993
-0.310894
1.190606
-0.032806
0.145361
0.021453
0.313428
-0.164763
0.195225
0.146027
-0.192405
0.033512
-0.133891
0.152369
0.096925
-0.744507
-0.215815
0.106444
0.529619
-0.204079
0.539446
0.512128
0.423000
-0.403645
0.286989
-0.639545
0.356834
-0.492614
-0.169418
-0.091349
-0.028490
-0.237939
0.267135
0.357078
-0.484806
0.113429
-0.149884
0.480764
0.173112
0.426328
-0.282329
-0.306902
0.121932
-0.259397
-0.038090
-0.244782
-0.241251
-0.035168
0.442710
-0.214936
0.256784
-0.288411
-0.201092
-0.368404
0.046856
-0.253467
0.093843
-0.086638
-0.194308
0.311825
-0.233373
-0.238665
0.007824
-0.081679
-0.549330
-0.138193
0.381244
-0.300481
-0.056073
0.102349
0.008509
-0.012108
-0.061170
0.575335
-0.450053
0.787553
-0.103587
0.335564
0.529227
-0.277107
-0.290636
0.083371
-0.268420
0.553009
-0.448424
0.405921
-0.166091
0.129891
-0.750452
0.030402
0.634485
-0.203911
0.363160
-0.055079
-0.357558
-0.381615
-0.186279
-0.046051
-0.073533
-0.071706
-0.547274
-0.032754
0.472422
-0.190222
0.054862
-0.026077
0.278884
-0.101457
-0.358591
-0.000333
0.274769
0.241011
-0.469976
0.075657
0.176762
-0.135930
0.752423
0.440098
-0.144008
0.891695
-0.162254
-0.239768
0.889119
-0.225698
0.215119
-0.106697
0.237136
-0.330808
-0.054295
-0.226216
-0.064029
-0.105780
0.572097
0.114321
0.271047
-0.255185
-0.525933
0.238102
-0.113118
0.105930
-0.362754
0.208902
-0.573259
0.360980
-0.291520
-0.081314
-0.072518
-0.400489
-0.006946
0.263326
0.267817
-0.192118
0.118750
-0.111602
-0.053182
-0.247351
-0.581507
-0.693472
-0.004851
0.606235
-0.566408
0.167717
-0.212225
0.069473
-0.038503
0.171765
-0.253166
-0.068503
0.138257
-0.042740
0.229467
-0.053983
0.036069
0.015772
-0.211198
0.245061
0.023753
0.477604
0.982040
0.387042
0.214902
0.014682
-0.189255
0.189700
-0.818550
0.110990
-0.110949
-0.350225
0.293848
-0.097426
0.169148
0.227621
0.156532
-0.167734
-0.138477
-0.257959
0.357031
-0.292180
0.190003
-0.158627
-0.595029
-0.454066
-0.337538
-0.437280
0.408755
-0.107470
0.592988
-0.011892
-0.335719
0.028910
0.511318
0.139343
-0.081862
-0.227135
-0.208492
-0.159767
-0.128978
0.489817
-0.337405
0.015827
-0.081662
-0.171553
-0.196306
0.287657
0.371889
0.305044
-0.056705
0.243482
-0.113758
-0.012367
-0.624744
0.583611
-0.588782
-0.065085
0.250463
-0.151421
0.381401
-0.237872
0.337584
-0.188254
0.207445
-0.033269
0.177956
-0.293452
0.118445
0.006240
-0.281754
0.060754
-0.188310
-0.127592
-0.293209
0.093872
-0.285908
-0.043318
-0.331560
0.557397
-0.720112
-0.282765
-0.055742
-0.329178
-0.112809
-0.095668
0.310786
-0.285726
0.086694
0.419656
0.896789
0.453676
0.255143
0.164385
-0.269834
-0.142251
0.168127
-0.174768
-0.154034
0.459899
-0.152726
0.028602
-0.159024
0.141292
-0.298624
0.569443
0.662220
0.452496
0.728795
0.774198
0.462851
-0.034054
0.635356
-1.050272
1.416580
-0.036407
0.630464
0.441415
0.567472
0.575291
0.958991
0.123019
0.632879
0.814587
0.675612
0.402799
0.432620
0.145296
0.016713
1.319330
0.913653
1.052058
1.262359
1.172444
1.197799
1.074885
1.104493
0.410476
0.878173
1.094105
1.125018
0.951695
1.097062
1.011795
1.276409
1.003114
0.984822
0.992157
0.927860
1.028766
0.971977
0.947214
0.472609
1.216564
0.902142
0.891736
0.786258
0.711292
0.760333
0.915295
0.676497
0.157301
0.701655
0.978763
0.373543
0.690757
0.613703
0.867109
1.079464
0.713921
1.162184
0.980107
0.762342
1.062130
1.070217
0.921109
0.518752
0.747433
0.834825
0.958571
1.121185
0.746609
0.958689
0.968843
1.151261
1.666983
1.552169
1.054208
0.581457
0.819338
0.504010
0.091398
0.515499
0.044212
0.935114
0.452008
0.845956
1.190488
0.865320
0.847974
1.587457
1.031568
0.949344
0.468583
0.714784
0.338640
0.948292
0.971834
0.881601
0.959011
0.950144
0.876160
1.389135
1.445806
1.320258
0.758624
1.133664
0.700835
1.001146
0.460717
0.950333
1.053504
0.835966
0.828389
1.225487
1.224516
0.979006
0.363602
1.096221
0.748292
0.622247
0.919672
0.985745
0.761742
1.105874
0.973470
0.876710
0.919321
1.461044
1.393554
1.058024
1.487993
1.676444
1.294597
0.924845
1.036617
0.947423
1.053263
0.996952
0.435351
1.056819
0.846618
1.066125
0.679286
0.693854
0.672001
0.817821
0.540535
0.799840
1.081902
0.654616
1.103652
1.187437
0.710970
0.574894
0.758493
1.336571
0.854505
0.549878
1.009326
1.052276
1.099279
0.954634
0.741418
1.500047
1.283194
1.197060
1.267447
1.024157
0.554778
0.225786
0.668465
0.562622
0.656186
0.454704
0.877687
0.755172
0.806283
1.041697
0.674664
0.749694
0.622558
0.929238
1.216906
1.067443
1.080875
1.134930
1.672937
1.326218
0.690060
0.452861
0.844649
0.691478
1.105046
1.184647
1.882645
1.650456
1.203147
0.880930
0.641763
0.520537
0.009595
0.525698
1.324354
0.764247
0.391355
0.806557
1.426389
0.899180
0.586603
1.113535
0.915060
0.574484
0.503191
0.770414
0.977215
1.294452
1.401936
1.323888
1.233864
0.864167
0.798092
0.690821
0.424308
0.899542
0.542773
0.613700
0.957500
0.987198
1.432602
1.171192
0.999336
0.605917
0.891046
1.221186
0.964351
0.720679
0.791345
1.016576
0.977681
0.806330
0.804722
0.953996
0.783400
0.633944
1.182288
1.121734
1.128447
1.043045
1.423848
1.744216
1.276386
1.304323
1.295163
0.851024
0.735822
0.369178
0.701270
0.541326
1.042602
0.751749
0.145756
1.248582
1.262621
0.858435
0.714329
0.992207
0.716918
0.213022
0.502704
1.129472
1.065978
1.139342
0.561573
1.038558
1.065139
1.144221
0.497390
0.885446
0.546922
0.284013
0.544617
0.562509
0.974399
0.823237
0.482115
1.235221
1.233852
0.750154
1.317609
1.056795
1.010543
0.332001
0.044868
0.764716
0.002844
0.812014
0.701906
0.792044
0.488980
0.466553
0.008376
0.783487
1.065503
1.476771
1.443902
1.221249
1.250533
1.169767
1.008269
0.917909
0.340132
0.107642
0.985492
0.570620
0.966514
1.838057
1.012433
1.266524
0.824496
0.907335
1.111880
0.356489
0.652884
1.113475
1.578400
1.335591
1.345269
0.854155
0.964178
0.942971
1.150328
0.667445
0.174650
1.032423
1.006096
1.023424
0.728058
0.518494
0.660890
1.185628
0.687331
1.096738
1.523461
1.156481
0.841116
0.598606
1.153269
0.869588
1.156392
0.330229
1.081307
0.980582
1.017412
0.733068
1.053446
0.803520
0.546773
0.846275
1.507751
1.176030
0.265048
1.251832
0.910261
1.224311
1.022966
1.035753
1.121714
0.561096
0.611901
0.990757
1.224427
1.001104
1.113385
0.503987
1.018121
1.154799
0.806158
1.081794
1.066823
0.669658
0.421038
0.374935
0.727857
0.827341
0.362161
0.377542
0.676952
0.737990
1.031595
0.831673
0.880912
0.529386
0.666284
0.954906
1.368602
1.370504
1.533359
0.990173
0.728835
0.920152
0.377289
0.287680
1.142374
1.439631
0.966250
1.727549
0.739864
1.423818
1.413286
0.640866
1.145725
0.830154
0.722510
0.187355
0.970454
1.575830
1.481407
1.259159
0.950210
0.318718
0.076530
0.025519
0.092708
0.630538
0.354935
0.522566
1.016343
0.867398
0.107825
1.037246
0.445873
0.918534
1.143007
1.245192
1.135888
1.221208
1.021387
0.545526
0.723074
0.537845
0.694651
0.901136
1.151751
0.822232
0.937576
1.566064
0.884486
0.711616
1.045869
1.657681
0.916595
1.133098
1.180623
1.462581
1.311143
0.560633
0.878657
0.707805
0.227119
0.781541
1.366441
0.995504
1.153587
0.326037
0.943594
1.302963
1.139887
0.826443
1.089593
0.415332
0.028831
1.009573
1.882566
1.228171
0.728185
0.729685
0.173561
0.611366
0.715989
0.170686
0.965047
0.664585
0.218808
0.587068
0.170906
0.086138
1.194270
1.385194
1.182104
0.931320
0.995894
0.991512
0.533207
1.068365
1.597593
0.932951
0.249096
0.813985
0.906906
0.600896
0.164894
0.303374
1.213990
1.281611
1.359439
0.835159
1.447518
1.130810
0.543571
0.047632
1.331316
1.200891
1.000233
0.858578
0.843258
0.816286
0.756710
1.303558
1.547693
0.477399
0.299637
0.750603
0.815867
1.336184
1.262281
0.803073
1.289996
0.972664
0.914428
0.650762
1.112150
1.759399
1.813680
1.281568
1.323040
0.743980
0.994513
0.915139
0.526513
1.164994
1.432216
1.235917
1.482151
1.025712
1.806132
1.298892
0.997126
0.584908
0.242481
0.462653
1.118876
0.647627
1.021892
1.119736
0.939530
1.360721
0.825784
1.495690
1.219214
0.582958
0.989065
0.523060
0.251413
1.112841
1.315263
1.053113
0.759540
0.653098
1.103148
0.927244
1.219541
0.975624
1.319715
0.985642
0.645501
1.025440
0.866275
0.989497
1.127000
0.836135
0.114468
0.692014
1.220982
0.992021
0.721794
0.932146
0.921391
0.721276
1.132290
0.895759
1.020512
1.458742
1.021871
0.542043
1.024397
0.829315
1.052652
1.418268
0.883020
1.009461
0.922814
0.940939
0.948656
0.778005
0.643200
0.929840
1.157063
0.999175
0.781992
1.223312
1.267326
0.570861
1.129071
0.538096
0.562689
1.000212
0.981380
0.810722
0.952033
0.430942
0.162021
1.063147
1.435321
0.920372
0.750895
0.474177
0.764494
0.051467
0.059725
1.218477
0.966343
0.769487
0.624922
0.334251
0.973952
0.851758
1.154628
0.990541
0.807466
0.956861
0.962677
1.082329
1.184510
1.350883
1.127841
1.213284
1.077476
1.264617
0.930186
0.630602
0.602041
0.672905
1.232511
1.347615
0.754317
0.379440
0.470759
0.492451
1.153237
0.943168
0.945014
1.229548
1.421685
1.354652
1.139752
1.014280
0.903629
0.771320
0.853734
1.238825
0.851847
0.923534
1.234867
1.389062
1.039059
1.404591
1.355461
1.148093
1.139657
1.121209
1.492537
1.494689
1.186681
0.851099
0.929192
0.875169
0.759596
0.707640
0.778466
0.746988
0.174456
0.689535
0.377347
0.581987
0.816083
0.543655
0.428357
0.507370
0.640150
0.330045
0.511633
0.352212
0.841842
0.527496
0.310163
0.428728
0.532286
0.410374
0.402182
0.299222
0.331508
0.424577
0.464576
0.564019
1.135816
0.469553
0.129272
0.079207
0.605002
0.523580
0.143712
0.510689
0.428927
0.197895
0.382423
0.088739
0.608042
0.708952
0.402947
0.226485
0.535432
0.646376
0.626052
0.271271
0.409107
0.302926
0.375055
0.609805
1.954843
0.221469
0.162227
0.925381
0.173218
0.780004
0.367335
0.196791
0.052991
0.988151
0.434182
0.211259
0.697904
0.265254
0.149729
0.021223
0.590352
0.059323
0.322475
0.741157
0.029237
0.205229
0.068198
0.608525
2.447037
0.076077
0.439760
0.019362
0.041949
0.170446
0.072879
0.233009
0.434406
0.323888
0.189251
0.127454
0.001701
0.023064
0.476389
0.036232
0.397749
0.351316
0.671333
0.127719
0.546642
0.112255
0.367205
0.731421
1.134323
0.349379
0.414842
0.161514
0.035380
0.039364
0.020737
0.154565
1.188046
0.245641
0.103788
0.017345
0.004142
0.087151
0.481411
0.006355
0.245391
1.566720
0.445851
0.258673
0.277469
0.339451
0.935193
0.423700
2.805287
0.063208
0.409773
0.186512
0.284240
0.457561
0.590757
0.206727
0.049165
0.495559
0.235854
0.251815
0.316352
0.617599
0.466428
0.293065
0.307332
0.081974
0.485835
0.825140
0.012259
0.383451
0.550505
0.357753
2.227660
0.990824
0.121470
0.446201
0.353665
0.117096
0.054212
0.043328
0.324246
0.149830
0.040914
0.251381
0.996475
0.165901
0.315649
0.219793
0.061372
0.005836
0.459890
0.010725
0.837057
0.107445
0.007906
0.580381
1.841687
0.052708
0.356778
0.766402
0.383653
0.156742
0.144631
0.411910
0.154710
0.475290
0.125370
0.093155
0.199424
0.029191
0.194798
0.010994
0.028953
0.356719
0.181930
0.162703
0.207183
0.411950
0.112828
0.371373
1.973154
0.034906
0.339777
0.968778
0.454071
0.092854
0.237705
0.469841
1.368576
0.201751
0.224220
0.279335
0.635598
0.097037
0.123799
0.739559
0.180159
0.367370
0.331367
0.039481
0.461205
0.568433
0.299508
0.400432
1.988325
0.792247
0.221055
0.237347
0.100580
0.430994
0.419766
0.404847
0.336153
0.260394
0.168213
0.050803
0.876043
0.005828
0.372602
0.050648
1.355973
0.070866
0.074216
0.002437
0.052868
0.020946
0.643256
0.196800
1.440906
0.249050
0.265980
0.492966
0.878790
0.232542
0.570068
0.093974
0.246552
0.201235
0.196149
0.528925
0.209956
0.083116
0.235059
0.130015
0.159268
0.017164
1.195704
0.624336
0.161680
0.254342
0.032057
0.481224
1.883114
0.157510
0.315091
0.172137
0.096560
0.608747
0.272970
0.349417
0.090752
0.127428
0.023856
0.154279
0.239063
0.084701
0.557387
0.035667
0.471039
0.049380
0.453743
0.146236
0.029579
0.201749
0.341693
0.436928
1.309611
0.792551
0.011149
0.931922
0.983393
0.239179
0.298388
0.117697
0.135473
0.293585
0.171651
0.339908
0.331527
0.001317
1.154204
0.023165
0.358399
1.453888
0.328863
0.049324
0.145666
0.330138
0.343362
0.382792
0.915330
0.338304
0.328285
0.140361
0.426249
0.748046
0.619259
0.191979
0.879526
0.820923
0.135251
0.618423
0.238362
0.047583
0.161002
0.089257
0.060253
0.661838
0.090820
0.479892
0.117453
0.643020
0.319109
0.634664
1.583921
0.444381
0.207915
0.080239
0.345828
0.227984
0.249024
0.201386
0.135616
0.016599
0.314752
0.201303
0.215977
0.231344
0.732736
0.108742
0.127136
0.177396
1.099840
0.314134
0.075491
0.470075
0.357229
0.845878
2.160419
0.070731
0.156919
0.233137
0.247637
0.547890
0.284860
0.070664
0.015314
0.374207
0.268524
0.370665
0.370151
0.482004
0.243278
0.589425
0.040729
0.095374
0.251429
0.198287
0.026013
0.024039
0.889752
0.474609
1.558220
0.072010
0.020567
0.682923
0.224378
0.179959
0.341830
0.608369
0.046968
0.561273
1.713605
0.773819
0.368080
0.365707
0.500752
0.402286
1.194053
0.563755
0.212751
0.036957
0.075370
0.040736
0.310261
0.345597
1.478500
0.037204
0.268827
0.095491
1.248456
1.031004
0.422851
0.332357
0.186730
0.370550
0.104027
0.228430
0.706020
0.056584
0.104849
0.189804
0.660351
0.072211
0.056456
0.093664
0.294052
0.073762
0.306863
0.643683
1.816961
0.131063
0.022998
0.279765
0.154618
0.100446
0.390884
0.390951
0.079033
0.102151
0.261282
0.002955
0.164519
0.196375
0.015268
0.288215
0.265785
0.485077
0.610034
0.917095
0.073887
0.337870
0.017034
0.614225
1.882051
0.147150
0.015960
0.086655
0.066582
0.008684
1.157944
0.848463
0.863368
0.050226
0.485557
0.169482
0.184423
0.055658
1.290680
0.415559
0.110184
0.287855
0.031965
0.098473
0.181887
0.786481
1.354350
0.313877
1.167576
0.159278
0.314853
0.027931
0.673218
0.244537
0.342567
0.223061
0.162021
0.506519
0.224399
0.298450
0.759062
0.254484
0.101479
0.542343
0.065566
0.546845
0.292869
0.261201
0.640777
0.064354
1.145514
0.232761
1.240710
0.083441
0.008714
0.035380
0.132247
0.071252
0.160342
1.016078
0.022924
0.006630
0.252252
0.671411
0.795726
0.136586
0.518602
0.005555
0.735994
0.062885
0.225726
0.215053
0.502510
0.737669
0.238705
0.231200
1.473513
0.134220
0.068017
0.897310
0.246658
0.090502
0.329834
0.074174
0.514179
0.082941
0.126602
0.251496
1.377437
1.918850
0.147793
0.503226
0.098242
0.782689
0.194344
0.079768
0.085095
0.553972
0.050882
0.260041
1.095791
0.063143
0.251522
0.957230
0.189446
0.319042
0.077379
0.382361
1.421590
0.070085
0.061961
0.156024
0.177717
0.933422
1.091494
0.049211
0.279520
0.157311
1.398968
0.331127
0.103320
0.330535
0.218785
0.514302
0.976428
0.098749
0.228175
0.198678
0.494549
0.110301
0.430348
0.038174
0.183252
0.156607
0.215564
0.214422
0.180536
0.170581
0.166565
0.846160
0.011358
0.125246
0.045999
0.037262
0.157225
0.255867
0.266205
0.226090
1.400524
0.010085
0.718771
0.191199
0.032182
0.651196
0.136000
0.104258
0.025592
0.199001
0.267803
0.047244
0.037596
0.329539
0.419505
0.132341
0.299013
0.088131
0.047313
0.216327
0.499813
0.220977
0.552202
0.254352
1.353264
0.303439
0.038585
0.468580
0.130657
0.248464
0.135385
0.297487
0.840719
0.172002
0.015320
0.132757
0.102814
0.070350
0.412424
0.292388
0.171373
0.445220
0.010863
0.180323
0.080799
0.184191
0.384524
0.315956
2.018209
0.316847
0.194353
0.202872
0.292197
0.138814
0.023296
0.248754
1.108896
0.440636
1.378840
1.019175
0.613600
0.843213
0.421963
0.723700
1.509342
0.127642
1.063415
1.644392
0.831245
0.012054
0.195100
0.345180
0.073101
0.264602
0.201232
0.291013
0.287114
0.226595
0.342021
0.295471
0.289065
0.330092
0.323235
0.299589
0.362649
0.307211
0.207564
0.260860
0.241770
0.275891
0.263310
0.226921
0.214411
0.215145
0.278881
0.211152
0.345162
0.484679
0.434322
0.590156
0.464885
0.472359
0.396767
0.502335
0.457458
0.407040
0.507372
0.491875
0.448346
0.351848
0.418587
0.450300
0.466378
0.381819
0.337955
0.408328
0.517029
0.512365
0.458489
0.235455
0.148854
0.386537
0.576828
0.554256
0.548313
0.456568
0.515092
0.512825
0.562914
0.642009
0.552042
0.554506
0.624789
0.574109
0.568738
0.608187
0.562579
0.645399
0.563332
0.431591
0.458893
0.487346
0.556316
0.510142
0.311008
0.708470
0.630362
0.571391
0.546269
0.431644
0.544218
0.478111
0.499149
0.612572
0.577996
0.429109
0.523131
0.528267
0.493933
0.537895
0.461821
0.538422
0.619559
0.603809
0.711167
0.522676
0.496153
0.418114
0.161873
0.463238
0.538706
0.567806
0.440492
0.362007
0.401171
0.374907
0.483545
0.573057
0.570584
0.479961
0.612344
0.664960
0.546153
0.452743
0.625081
0.558867
0.561381
0.630344
0.541146
0.593863
0.667257
0.497198
0.189527
0.583452
0.662912
0.586253
0.462544
0.472643
0.492030
0.541402
0.451042
0.507793
0.541802
0.629876
0.608099
0.561692
0.652179
0.547786
0.509944
0.539880
0.571061
0.581510
0.604181
0.584041
0.570177
0.452531
0.187971
0.506689
0.545175
0.523326
0.424616
0.536007
0.435443
0.415667
0.595620
0.630645
0.574276
0.557124
0.540801
0.651616
0.564187
0.517344
0.491548
0.495565
0.553556
0.510047
0.554037
0.637449
0.630555
0.650569
0.253087
0.572279
0.604236
0.518381
0.440334
0.458162
0.472257
0.423702
0.463316
0.582161
0.713897
0.574934
0.590184
0.544519
0.533391
0.508738
0.490308
0.642802
0.497857
0.500168
0.673814
0.608079
0.640310
0.580726
0.266896
0.504739
0.619471
0.345735
0.459471
0.575703
0.650991
0.543886
0.619995
0.634523
0.448999
0.348231
0.385514
0.459557
0.390657
0.352911
0.529779
0.472868
0.470500
0.492188
0.457806
0.430817
0.574205
0.429194
0.290281
0.523843
0.551560
0.408602
0.526316
0.475592
0.494968
0.530923
0.543466
0.550729
0.543175
0.437121
0.380045
0.421565
0.435812
0.549044
0.438732
0.556794
0.613196
0.582940
0.526336
0.548286
0.586737
0.415127
0.209057
0.476137
0.427499
0.407727
0.471354
0.616174
0.610150
0.569378
0.512685
0.485432
0.380829
0.362493
0.435695
0.422429
0.451550
0.472147
0.481632
0.636220
0.468358
0.475586
0.518529
0.364301
0.444396
0.331128
0.158732
0.474892
0.403769
0.523530
0.580839
0.603359
0.541625
0.550070
0.557401
0.535682
0.491791
0.534106
0.394877
0.449400
0.594323
0.475989
0.596415
0.557334
0.597572
0.514683
0.411823
0.549093
0.483941
0.358408
0.305708
0.456102
0.573072
0.378096
0.444580
0.520746
0.548562
0.448651
0.493731
0.542222
0.386896
0.465752
0.516224
0.499537
0.408657
0.557692
0.573863
0.527048
0.607259
0.608448
0.617125
0.609014
0.504111
0.452912
0.246276
0.490205
0.369008
0.499121
0.540646
0.456152
0.407882
0.426059
0.510416
0.687459
0.497319
0.435776
0.455471
0.384646
0.533935
0.426337
0.468891
0.600951
0.788951
0.595664
0.579580
0.558405
0.634009
0.375310
0.338403
0.507825
0.529100
0.525333
0.403056
0.417842
0.457432
0.508234
0.660148
0.566917
0.582372
0.494571
0.628100
0.445377
0.313159
0.405516
0.501883
0.611887
0.634097
0.747330
0.640167
0.619617
0.587884
0.378355
0.249795
0.408784
0.453812
0.460670
0.489270
0.528175
0.370487
0.417200
0.514333
0.532696
0.562063
0.375004
0.439172
0.542237
0.451074
0.460183
0.493473
0.590974
0.637872
0.678101
0.614217
0.585935
0.513080
0.298717
0.226337
0.584522
0.514236
0.450936
0.432950
0.422447
0.463489
0.417256
0.586507
0.610346
0.539987
0.515635
0.586428
0.606474
0.494480
0.422946
0.478523
0.420893
0.495790
0.690252
0.628959
0.584510
0.430851
0.243944
0.301885
0.387033
0.424224
0.460501
0.429282
0.519169
0.632937
0.562070
0.469236
0.483646
0.438703
0.455510
0.364429
0.508144
0.560642
0.632162
0.563859
0.521963
0.551075
0.477314
0.521487
0.488653
0.500736
0.460324
0.249799
0.528155
0.538900
0.446256
0.541510
0.605067
0.498849
0.482343
0.437030
0.535620
0.488970
0.537833
0.518090
0.547886
0.646436
0.632811
0.518956
0.402160
0.383712
0.476906
0.505372
0.503924
0.586105
0.371625
0.180930
0.388957
0.357989
0.295891
0.434093
0.517905
0.567433
0.606142
0.530650
0.500714
0.507414
0.330680
0.415592
0.373923
0.460013
0.576042
0.674899
0.562560
0.521178
0.451730
0.455685
0.445268
0.443915
0.412457
0.160208
0.378345
0.418086
0.441277
0.401045
0.494232
0.560547
0.406254
0.438551
0.595891
0.660770
0.470657
0.531576
0.685166
0.599287
0.556778
0.493492
0.581107
0.557537
0.501099
0.613420
0.464779
0.529570
0.450709
0.126008
0.323683
0.347457
0.347597
0.334265
0.435199
0.493452
0.510007
0.593787
0.659325
0.592313
0.506585
0.472042
0.518304
0.530864
0.496547
0.467728
0.453817
0.596865
0.718227
0.658037
0.512824
0.438054
0.248973
0.093075
0.358020
0.440717
0.456183
0.411133
0.354799
0.449954
0.458191
0.490508
0.683277
0.578471
0.596229
0.475456
0.496631
0.564515
0.529603
0.494627
0.577571
0.691668
0.639628
0.501472
0.559801
0.446925
0.345299
0.165775
0.354871
0.568948
0.466691
0.483212
0.482869
0.461397
0.516532
0.484686
0.640248
0.538980
0.421254
0.488456
0.481971
0.429174
0.540453
0.467580
0.451838
0.395971
0.560860
0.567977
0.545539
0.461627
0.302629
0.201063
0.483645
0.576687
0.574284
0.487856
0.510494
0.394944
0.404727
0.554463
0.503615
0.540339
0.486273
0.446874
0.408855
0.409993
0.485767
0.516652
0.514721
0.526633
0.546313
0.568678
0.637632
0.624306
0.396580
0.248646
0.510666
0.512878
0.565364
0.550179
0.481882
0.449333
0.431498
0.598156
0.547855
0.484698
0.411979
0.494641
0.520260
0.428042
0.410943
0.557633
0.444704
0.445504
0.548310
0.584284
0.664948
0.638085
0.382735
0.202984
0.488326
0.514529
0.529259
0.570042
0.495948
0.409642
0.404376
0.378415
0.462599
0.420809
0.562136
0.564981
0.429319
0.435443
0.456511
0.552636
0.554336
0.503683
0.511289
0.562950
0.656198
0.682781
0.395568
0.003074
0.118658
0.161952
0.152380
0.163552
0.140808
0.114399
0.109289
0.149212
0.162510
0.158930
0.141447
0.157839
0.171294
0.136235
0.140768
0.149454
0.172071
0.159285
0.159207
0.226419
0.218407
0.222686
0.082057
0.214510
1.240779
0.057728
1.074798
1.229471
0.094135
0.010757
0.456500
0.624054
0.082920
0.006624
0.024734
0.747562
0.038023
0.056476
0.626337
0.028830
0.175257
0.025364
0.079047
0.603271
0.695745
0.031388
1.271332
0.274776
1.645594
0.902159
0.099426
1.350371
0.164407
0.070717
1.534796
0.088847
0.063691
0.356029
0.039980
0.008803
0.002487
0.047733
0.035678
0.186010
0.044657
0.173610
0.052044
0.056011
0.044112
0.560710
2.251295
0.261163
3.350255
0.329851
0.216842
0.048171
0.064803
0.131821
0.776310
0.132833
0.063029
1.096946
0.142685
0.040777
0.031543
0.015314
0.041955
0.632924
0.191847
0.378222
0.662790
0.119114
0.059542
0.159811
3.465463
0.254440
3.174241
0.006156
0.127735
0.088352
0.633813
0.062573
0.443927
0.152081
0.325992
0.081024
0.031790
0.118664
0.821157
0.128979
0.485337
0.477528
0.255995
0.007838
0.433059
0.021703
0.110980
0.063439
1.921142
0.341762
3.106055
0.023266
0.041228
0.106082
0.027377
0.021250
0.048049
0.122094
0.401816
0.163268
1.263262
0.076763
0.122393
0.027884
0.875932
0.050208
0.190171
1.737332
0.052750
0.159428
0.137589
1.523619
0.514501
0.261985
3.251989
0.118817
0.051040
1.425288
0.207390
0.004197
0.046499
0.400245
0.136607
0.000974
0.045208
0.040525
0.077675
0.001394
0.098242
0.030218
0.047545
1.815269
0.214010
0.052510
0.020308
1.309374
0.022437
0.222323
2.317829
0.162526
0.664644
1.457508
0.216522
0.021957
0.083495
1.693921
0.240374
0.905288
0.114575
0.089639
0.083590
0.446044
0.147293
0.055559
0.066904
0.949563
0.217219
0.043213
0.740594
0.036728
0.598079
0.174310
2.312638
0.147152
0.516504
0.056957
0.084597
0.037201
0.068673
0.106528
0.149832
0.027206
0.097262
0.983447
0.112697
0.025235
0.061515
0.093946
0.145798
0.032260
0.155901
0.044324
0.534454
0.071712
1.552626
0.134196
2.216264
0.077401
0.818574
0.254851
2.833649
0.214288
0.010553
0.004355
0.018388
0.086228
0.114139
0.912861
0.020968
0.142497
1.029891
0.127292
0.327745
0.050040
0.018074
0.046680
0.036327
0.165846
4.085174
0.232996
1.900282
0.105926
0.845850
0.150853
1.216716
0.171393
0.113319
0.637819
0.452603
0.027749
0.072357
0.038053
0.020063
0.039797
0.038091
0.038533
0.052479
0.114477
0.809549
0.006342
0.096975
0.062605
1.799405
0.340274
2.335616
0.027190
0.018656
0.045667
0.332182
0.169304
0.053175
0.109478
0.581287
0.011830
0.077002
0.960044
0.166884
0.013296
0.035312
0.384641
0.069375
0.058299
0.173860
0.007827
0.024396
0.104717
1.728549
0.299203
1.700824
0.028495
0.056137
0.015828
0.033810
0.004400
0.114932
0.046599
0.226245
0.093995
0.128182
0.842525
0.195114
0.036243
0.019138
0.048983
0.025041
0.131237
0.022751
0.023925
0.050228
0.184834
0.861658
0.323922
2.089338
0.030768
0.003888
0.076521
0.088974
1.963543
0.283384
1.600311
0.043709
0.022461
0.131986
0.325658
0.155840
1.039489
0.086161
0.211144
1.530420
0.171665
0.025939
0.020475
0.068500
1.262106
0.454569
0.250594
2.704832
0.055161
0.264571
0.149325
0.022639
1.531322
0.173603
0.128063
0.047608
1.509801
0.090337
0.049976
0.145791
1.902153
0.148578
0.095004
0.872447
0.041973
0.041888
0.126479
0.373484
0.016318
0.650889
0.245316
1.574668
0.959442
0.088159
0.107385
0.004842
0.342878
0.091723
0.613256
0.225088
1.110677
0.033706
0.003503
0.204210
2.018875
0.208507
0.128815
0.483443
0.078563
0.145733
0.135589
0.062578
0.137941
1.224143
0.323539
1.189794
1.344529
0.104606
0.069218
0.313476
0.056692
0.152098
1.009597
0.197640
0.329382
0.011929
0.009335
0.217150
0.324593
0.084355
0.051119
0.930636
0.239334
0.004671
1.359750
0.119236
0.163334
3.389423
0.197808
1.906892
0.819423
0.181246
0.015780
0.327816
0.081460
0.138238
1.134062
0.165242
0.012167
0.059070
0.004813
0.115304
0.059934
0.009590
0.085378
1.387915
0.275415
0.966036
0.329944
0.120403
0.052108
2.843640
0.056418
0.972402
0.091545
0.029004
0.004824
0.062519
0.119375
0.011653
0.285041
0.134591
0.091064
0.953398
0.097758
0.067582
0.053543
0.519587
0.172150
1.414752
0.232328
2.185285
0.117554
0.216830
0.223756
1.800495
0.163828
0.952868
0.145005
0.013867
0.109637
0.234720
0.069842
0.029377
0.099252
0.040559
0.043346
0.781830
0.142284
0.016063
0.078014
0.948534
0.146638
0.341359
0.155750
0.960913
0.129661
0.107137
0.217672
1.742512
0.333978
0.949461
1.792303
0.131123
0.072127
0.758978
0.066184
0.014698
0.090506
0.097584
1.039075
0.059393
0.114817
0.055384
0.071722
0.299617
0.066900
0.063413
0.175839
0.087415
0.038022
0.020514
0.073858
1.133264
0.245689
1.517132
0.669405
0.060003
0.094687
0.817697
0.153245
0.589654
0.114115
0.353468
0.050505
0.006974
0.066917
0.078572
0.082756
0.569816
0.097006
0.060712
0.065091
0.073344
0.864820
0.071240
0.104102
1.149778
0.257399
2.673665
0.093550
0.002882
0.108677
0.267569
0.091700
0.052302
0.133197
1.099995
0.078620
0.051945
0.065427
0.028422
0.098743
0.724789
0.057883
0.031008
0.042188
0.067924
0.786848
0.135545
0.013338
1.123691
0.221062
1.572518
0.390762
0.110289
0.384298
0.053998
0.061200
0.099954
0.067219
0.036347
0.675150
0.080035
0.073636
0.040928
0.061959
0.405151
0.072824
0.045252
0.117236
0.001582
1.140533
0.273460
2.205170
1.044271
0.161660
0.949371
0.603236
0.098495
0.174070
0.038383
0.102046
0.054416
0.005343
0.116538
0.279450
0.043641
0.024610
0.111105
0.000725
0.085277
1.477280
0.112885
0.206108
1.524500
0.008285
0.266895
1.843649
1.801483
0.205541
1.682002
0.081224
0.010627
0.011857
0.133887
0.052273
1.118135
0.133454
0.053685
0.053198
0.007947
0.100198
0.534531
0.102139
0.093734
1.815112
0.130072
0.126578
0.011918
0.025626
0.053209
0.105607
2.189986
0.247827
3.425768
0.125162
0.009624
0.041778
0.131648
0.002167
2.118325
0.300261
1.328141
0.033242
0.110301
0.047424
0.542011
0.097198
0.136614
1.999344
0.138786
0.119095
0.117234
0.535983
0.016209
0.080472
0.971705
0.291496
2.576623
0.110894
0.019267
0.071286
0.096229
0.993438
0.091143
0.246553
3.354927
0.141704
0.089784
0.025667
0.016224
0.136321
0.089674
1.324805
0.179195
0.470199
0.151010
1.130040
0.091799
0.068126
0.840392
0.222358
1.479755
0.067372
0.331479
0.089257
0.104578
0.008154
0.129128
0.123680
0.530506
0.064382
0.107346
0.052878
0.016899
0.163302
0.016002
0.443507
0.243889
0.983101
0.192139
0.950863
0.078791
0.037932
0.013155
0.010989
0.290703
0.105329
1.297232
1.801041
0.968154
2.379291
1.729331
1.190462
0.727123
1.556716
3.167693
2.557337
1.913061
1.665622
2.070053
1.716388
0.528728
0.260543
0.865567
1.666405
2.223900
0.277626
1.033973
0.032423
0.031391
0.079791
0.003826
0.962809
0.258455
1.083579
0.372646
0.130333
0.027455
0.034198
1.817746
1.569569
0.799883
0.245125
1.486470
0.971337
0.173121
0.435136
0.717184
1.146132
2.064617
0.005759
1.182146
0.124733
0.018812
0.062819
0.149120
1.471376
1.059896
1.322894
0.000394
0.867012
0.969048
0.016602
1.248637
0.678474
0.269791
0.000091
0.787532
0.031522
0.030753
0.775880
1.434798
0.795020
0.713207
0.613581
1.621453
0.866171
0.167938
0.010455
0.096480
0.206886
0.780494
2.148225
0.005758
0.599078
1.647799
0.755748
1.178870
0.861478
2.193280
2.441110
1.782566
0.024680
0.036553
1.416811
1.404768
0.013193
0.765499
1.002738
1.597616
0.035427
0.283048
1.082354
1.318320
0.022812
0.014601
0.935485
0.536127
0.015010
1.781272
1.402981
0.697163
0.021133
1.181804
2.917786
1.656909
0.015419
0.454432
2.769514
1.743230
0.490434
1.378973
0.500945
1.579943
0.100395
0.027137
1.268672
1.778471
0.569546
0.019454
0.623120
0.737847
0.024681
1.900544
1.385822
0.005009
0.032080
1.318090
2.138705
1.075001
0.033288
0.831362
1.972806
1.198173
1.992149
2.419491
1.159650
2.249145
0.066493
0.022623
1.120231
2.562814
1.154705
0.039564
1.282788
1.143922
0.058112
0.002975
0.599931
0.010406
0.028198
0.938745
0.976289
0.169650
0.013933
2.479445
0.114122
0.040574
0.591445
1.441620
1.531751
3.313592
0.013382
0.010304
0.875330
1.566920
0.013457
0.020792
1.828142
2.357160
0.219248
0.013874
1.109424
0.272869
0.003812
0.004934
0.002099
0.014214
0.320328
2.674381
0.191809
0.069269
0.022453
0.159075
0.901571
3.298818
0.083385
0.219820
2.408123
2.037560
0.366613
0.001057
0.923299
3.028752
1.452676
0.798843
1.663146
0.837941
1.259949
0.814518
0.006632
0.016837
0.216299
3.041010
2.005222
0.057195
0.021800
0.252734
0.011977
2.886524
0.068351
0.869083
1.468318
0.060095
0.004697
0.098211
0.014557
0.784586
0.324323
1.357508
1.483270
0.015193
0.879131
0.669661
0.443976
0.601690
0.550385
2.502418
2.171603
0.092124
0.686963
0.059639
0.403464
3.071903
0.022695
1.137912
1.141514
0.012576
0.023830
0.702427
0.005877
0.013200
0.448117
2.577427
2.002652
0.011055
0.625044
0.029351
1.611323
0.258405
0.037555
1.140575
1.860514
1.239448
1.315314
0.018916
1.131582
2.967669
0.026380
1.049455
3.281342
0.999818
0.053942
1.576285
0.001336
0.047366
0.478988
1.624123
1.441792
0.970228
0.717692
0.303247
2.376374
0.223256
0.040755
0.351625
0.006048
1.677557
1.070832
0.023505
1.219730
2.288311
0.059149
0.612993
3.366513
0.754512
0.027924
2.857245
0.719018
0.072755
0.540589
0.650587
0.084701
0.114376
0.025171
1.070300
1.424691
0.015793
0.497738
1.321306
0.001143
1.869780
1.384361
0.783192
0.118001
1.808768
0.073417
0.622930
2.837705
0.576275
0.025564
3.585042
1.520849
0.064401
1.002227
1.638495
0.812061
0.071786
0.019507
1.895664
1.299987
0.053579
0.880808
1.034328
0.013219
2.297411
1.946211
2.127126
0.309450
1.994142
0.070945
0.251754
1.279656
0.023066
0.052651
2.259324
1.556069
0.015085
0.001874
2.038681
2.249591
0.233224
0.075827
2.144929
2.296489
0.014054
0.739791
0.005646
0.012512
1.375206
1.283145
1.845514
0.731506
2.515062
0.038044
0.676918
2.216369
0.958586
0.020965
0.283354
0.426999
0.904927
0.492416
1.354270
0.869679
0.007936
0.695851
0.744661
0.962035
0.969285
2.448888
0.483740
0.001799
0.000957
0.006621
1.433648
1.067284
2.579240
0.064274
0.032164
1.409750
2.179192
2.061785
0.887502
0.020432
0.672631
1.203264
1.418881
0.010055
0.040247
1.111311
0.820912
0.758858
0.885638
2.153031
1.701446
0.380288
0.051732
0.013295
1.066500
0.384345
1.643850
0.071069
0.001549
0.035782
0.015826
2.933317
1.446543
0.038300
0.000311
2.068128
0.982872
0.266192
0.003720
0.034144
0.149169
0.628613
0.973631
1.915347
1.674937
0.813185
0.005971
0.664090
0.922729
0.780604
1.959698
0.047751
1.694021
0.011839
0.079126
1.118402
2.030703
0.152689
0.221729
1.688382
0.014626
0.576880
1.176768
0.024941
0.005715
0.005583
0.153667
1.343270
1.070441
0.028387
0.064241
1.721625
0.943095
1.323434
2.340800
0.066079
1.342198
0.849556
0.069129
0.013106
1.509728
1.430198
1.899356
1.611312
0.065275
0.017771
0.811936
0.987784
0.734824
0.682012
0.544287
1.301375
0.134787
0.038810
0.994974
1.317674
0.189352
1.337085
2.285279
0.084359
0.017077
1.261653
0.030944
0.068816
0.042252
0.912621
3.184187
1.897636
0.021865
0.031141
0.324911
0.884327
0.947521
1.809106
1.539302
1.124090
0.019745
0.017251
0.305138
1.262884
2.188060
1.741015
2.619148
0.020155
0.016252
2.643678
1.346392
0.060642
0.105047
0.003193
2.584675
0.485089
0.000376
1.054525
2.158863
0.147162
0.011638
1.306345
1.122620
0.963027
0.037162
0.312691
0.353417
1.292841
2.337395
1.147534
2.670885
0.039870
0.010644
3.009737
2.619407
0.012522
0.085524
1.032548
2.110779
0.031610
0.050942
2.121346
2.632903
0.478256
0.171880
1.157389
1.537354
0.525426
0.068846
0.043638
0.523411
0.543652
1.281953
0.016115
2.027122
0.083949
0.516348
2.539615
2.994941
0.765020
0.039598
1.569428
2.453778
0.003453
0.066065
1.679779
3.116840
0.360759
0.008619
2.175937
1.794469
1.540644
0.020360
0.008597
0.975887
0.013016
0.645273
0.003502
1.801772
0.088736
0.722486
1.953941
1.988117
0.008001
0.040834
0.383921
1.363786
0.398574
0.056729
0.389995
3.386976
0.841273
0.063697
0.016258
0.699716
1.683181
0.762407
1.389231
1.876020
0.594859
0.004241
0.763132
2.600285
0.087215
0.811692
1.447935
0.820563
0.005747
0.007248
1.372974
0.674070
0.012350
0.012260
0.022919
2.669147
2.425744
0.003089
0.017772
0.020821
0.008987
0.017781
1.763541
1.862174
1.278366
0.362808
1.674646
3.291260
0.086325
1.500027
1.618715
0.022954
0.022711
0.541441
2.497431
1.042969
0.012364
0.988472
0.023461
0.031856
2.254514
0.569981
1.107333
1.955051
0.530972
0.046977
1.181353
1.453133
1.146347
0.245177
0.894891
2.833179
0.053282
0.514516
0.000940
0.043233
0.026714
0.015182
0.279285
0.287447
0.013038
1.136949
0.003327
0.053555
0.037557
0.029197
0.320192
2.131021
0.012547
0.072933
0.383957
0.387163
0.001508
0.041945
0.001997
1.447516
-0.731823
-1.121783
-0.927772
-1.144220
-1.095489
-1.144395
-1.291923
-1.165342
-1.000451
-1.730971
-1.974816
-1.815260
-1.762651
-1.497055
-1.202233
-1.433901
-1.236816
-1.391646
-1.521372
-1.533530
-1.263516
-1.100056
-1.054588
-0.747518
-1.895302
-2.026630
-1.870870
-3.293857
-3.119305
-2.010315
-1.508725
-1.488138
-1.761181
-1.970625
-2.162783
-1.726980
-1.608393
-1.351557
-1.221462
-1.383300
-1.252524
-1.406235
-1.603435
-2.134060
-2.392421
-1.782009
-1.469808
-0.707035
-0.810932
-1.071254
-1.484267
-1.684148
-1.213199
-1.553082
-2.202560
-1.870796
-2.106091
-2.531693
-2.124336
-2.501652
-2.603670
-1.595434
-1.909059
-2.250356
-2.296793
-2.364712
-1.676096
-1.116310
-1.912871
-2.164567
-2.132612
-1.424823
-1.542295
-2.313353
-2.602716
-2.682298
-1.814034
-1.370958
-1.959500
-1.940165
-1.981390
-2.331471
-1.904828
-1.860595
-2.306634
-2.155739
-1.795625
-1.692327
-1.488876
-2.499514
-2.709929
-2.615057
-2.656221
-1.932770
-1.923657
-1.617391
-0.987928
-1.907920
-1.923044
-1.717756
-1.296937
-1.210288
-1.372592
-1.373333
-2.255121
-2.683544
-2.677972
-2.492945
-2.266395
-2.683576
-2.313547
-1.573756
-1.820969
-1.524644
-1.431994
-2.360811
-2.452437
-2.132157
-2.511228
-1.618429
-1.251298
-2.418793
-2.718922
-2.253310
-1.989464
-2.781667
-2.788365
-1.823215
-1.519815
-1.859680
-2.107710
-2.978369
-3.058499
-2.860327
-3.354599
-2.372858
-2.061689
-1.699982
-1.917635
-2.294820
-1.928539
-1.687024
-2.316852
-1.393882
-1.461067
-2.699172
-2.485368
-1.969567
-1.550224
-2.401668
-2.125018
-1.797218
-2.581060
-2.884792
-2.509192
-2.377256
-2.386676
-2.445930
-2.185483
-2.272987
-1.904677
-1.635970
-1.786535
-1.827447
-2.171468
-2.190071
-2.377686
-1.906958
-2.191650
-2.877743
-2.205352
-1.766155
-1.731043
-1.976395
-2.070193
-1.513644
-1.957358
-2.665677
-3.266763
-2.518518
-1.855170
-2.454196
-2.226364
-1.780634
-1.585294
-1.697513
-1.519526
-1.702086
-2.002249
-2.198601
-2.225162
-1.228174
-2.159482
-2.692200
-2.089702
-1.295865
-1.452886
-2.100552
-2.281701
-2.171504
-2.223355
-2.504453
-2.011521
-1.377802
-1.686182
-1.910238
-1.730422
-1.422818
-1.792472
-1.666291
-1.463970
-1.425850
-1.632834
-1.506400
-2.415217
-1.122256
-2.043785
-2.113085
-1.893057
-1.395191
-2.048630
-2.052197
-2.071846
-2.565419
-2.471138
-2.571496
-2.485019
-1.800540
-1.640543
-2.018303
-1.895141
-1.581879
-1.769453
-2.842427
-3.144336
-2.621830
-1.420409
-1.199137
-1.661877
-0.878505
-1.596250
-2.078434
-1.524635
-1.511680
-2.380385
-2.892709
-2.529231
-2.195471
-2.126045
-1.766996
-1.303218
-1.011630
-1.568502
-1.626226
-1.261014
-1.617340
-2.016320
-2.468175
-1.813779
-1.770067
-1.135076
-1.039557
-1.458927
-0.790320
-1.089635
-1.604169
-1.016947
-2.092919
-2.425353
-2.243054
-2.222259
-1.980868
-1.949266
-2.021535
-2.119003
-2.241887
-1.696455
-1.950390
-2.056305
-1.680239
-2.369526
-2.683861
-2.724925
-1.871306
-1.128221
-1.124984
-1.166815
-0.535136
-1.711903
-2.160925
-2.241863
-1.636888
-2.083764
-1.918863
-1.650483
-1.627934
-1.858123
-1.597510
-0.764038
-1.868550
-2.271958
-1.581215
-1.420410
-2.012491
-2.165850
-1.937281
-2.434007
-2.523267
-2.609648
-2.065196
-1.495221
-0.881741
-1.904936
-1.771555
-1.168487
-1.736015
-2.110561
-1.610016
-0.843017
-1.020647
-1.648681
-2.528060
-1.625509
-1.317992
-1.598515
-1.714915
-1.781519
-1.655692
-1.592580
-2.148195
-2.791991
-2.046810
-2.450344
-2.356020
-2.046807
-1.067593
-1.782933
-1.759318
-1.045432
-1.311102
-1.242423
-1.420668
-1.449791
-1.541812
-2.164719
-1.993181
-2.044979
-2.234491
-2.222663
-1.326422
-1.196905
-1.097637
-1.621619
-2.137676
-2.300365
-2.749378
-2.285518
-2.401195
-2.193714
-0.706453
-1.647391
-1.229200
-1.561997
-2.239944
-2.020678
-1.888211
-1.754398
-1.507696
-2.238785
-2.099914
-2.032888
-1.481238
-1.460625
-1.553314
-1.756701
-2.041708
-2.070881
-2.191027
-1.979330
-1.825939
-1.803849
-1.999732
-1.964412
-0.571194
-1.016020
-1.999813
-1.619353
-1.407941
-1.264880
-1.576728
-1.743134
-1.652759
-2.231379
-2.276514
-1.968587
-1.594236
-1.635843
-2.393608
-2.099670
-1.803880
-1.513635
-1.208657
-1.761794
-2.007282
-2.319315
-2.030966
-1.156515
-0.356974
-1.494383
-1.750396
-1.651311
-1.538770
-1.469605
-2.046554
-2.439611
-1.907999
-1.564159
-1.515715
-1.540960
-1.581246
-1.553044
-1.977420
-2.078405
-2.385750
-1.934391
-1.779226
-1.640842
-1.445277
-1.171081
-1.638473
-1.650700
-1.174752
-2.052635
-2.510861
-1.978599
-1.608592
-1.871497
-2.115403
-1.805668
-2.037530
-1.733286
-1.844975
-1.518818
-1.809803
-2.211880
-1.958693
-2.301412
-2.249383
-1.867647
-1.293234
-1.623109
-1.908043
-1.884721
-2.201089
-2.821416
-1.682773
-1.049295
-1.411976
-0.857238
-0.463202
-1.264796
-1.808781
-1.627444
-1.331005
-1.183872
-1.337341
-1.219242
-0.970259
-1.539226
-1.655550
-2.032681
-2.111351
-2.268056
-2.130549
-1.563466
-1.412355
-1.816288
-1.713261
-1.780426
-0.944735
-1.202002
-1.644210
-1.358971
-0.935880
-0.726454
-0.733718
-1.462217
-1.173864
-1.746492
-2.165959
-2.090619
-1.422489
-1.645908
-2.723893
-2.502693
-2.177836
-1.659247
-2.298488
-2.613478
-2.112373
-2.364295
-2.067945
-2.099206
-1.688218
-0.789363
-1.124616
-0.669547
-0.788359
-1.136703
-1.535669
-1.845189
-1.837160
-2.011545
-2.552468
-2.355251
-2.024573
-2.290113
-2.292877
-2.052555
-1.568569
-1.290446
-1.684369
-2.846767
-3.082027
-2.669106
-2.031198
-1.628962
-0.722146
-1.302312
-1.665309
-1.411527
-1.286688
-1.280009
-1.665135
-1.762233
-2.167818
-2.433307
-3.126366
-2.242942
-2.241317
-2.665638
-2.012907
-1.706166
-1.150811
-1.310832
-2.316096
-2.964238
-2.812667
-2.275946
-2.081860
-1.448381
-0.203685
-1.006609
-1.459974
-2.162723
-2.139716
-1.976164
-2.038032
-2.052175
-2.069676
-2.238124
-3.050673
-2.141517
-1.418582
-1.424845
-1.723651
-1.569380
-2.185572
-1.747812
-1.802978
-1.470901
-1.363532
-1.672390
-1.759656
-1.509320
-0.657865
-1.443856
-1.906466
-1.714509
-1.855011
-2.206589
-2.028849
-1.544220
-1.231882
-1.832799
-1.677841
-1.815753
-1.705677
-1.488644
-1.667030
-1.566083
-1.692480
-1.927423
-2.221953
-2.194870
-2.250404
-2.249847
-2.095807
-2.245535
-1.375438
-1.303278
-1.950882
-1.729621
-1.676655
-1.464718
-1.337980
-1.177836
-1.280632
-2.178966
-1.634233
-1.223703
-1.244861
-1.571265
-1.427929
-1.591715
-1.045377
-1.154832
-1.194909
-1.312617
-2.257411
-2.606592
-2.880262
-2.499622
-1.253713
-1.420061
-1.671011
-1.630487
-2.076334
-2.058515
-1.785869
-1.184535
-1.277379
-0.783529
-0.472264
-0.623487
-1.867507
-2.588905
-1.892935
-1.648211
-1.713153
-2.237485
-2.356707
-2.516588
-2.317853
-2.006162
-2.303912
-2.152873
-0.644049
0.114994
0.034152
0.026754
0.073515
0.033122
0.081234
0.144759
-0.027984
0.215514
0.229614
0.271955
-0.002898
-0.128959
0.018416
0.153424
0.104665
-0.030580
0.037981
-0.294608
-0.205062
-0.290676
-0.164035
-0.087662
0.372170
1.868453
1.470966
1.059460
0.935671
0.398850
0.014165
0.874394
0.598530
0.553904
1.263176
1.112832
0.782635
1.084414
1.370608
1.145791
1.300459
1.265088
1.838649
1.492140
0.839240
0.774439
0.472714
1.788795
0.793758
1.880999
1.604901
0.263361
0.657852
0.258177
0.069087
0.017735
0.043600
0.352689
0.031530
0.069428
0.019379
0.008704
0.025281
0.496610
0.437448
1.211523
0.573187
0.799195
1.008482
0.996193
0.001088
0.322666
0.167003
0.936623
0.034657
0.005257
0.703641
0.152181
0.049559
0.524666
0.732717
0.017109
0.096543
0.728139
0.553115
0.417688
0.951514
1.053575
0.962268
0.603616
0.000891
0.057722
0.013651
0.633424
1.931881
0.341762
0.163464
1.079768
1.131616
1.031883
0.022299
0.103459
1.061824
0.950586
0.056281
0.020522
0.711298
0.574806
0.010640
0.015746
0.283751
0.017016
0.024734
0.192939
0.027021
0.090231
0.530031
0.761967
0.065808
0.016066
0.096703
1.519796
0.406419
0.092295
0.033574
0.613434
0.045580
0.016685
0.036119
0.622148
0.455648
0.730624
0.745381
0.890936
0.235025
0.684076
0.204354
1.415813
1.817053
1.468931
0.961071
0.644311
0.051680
1.038822
0.101918
1.234031
0.002729
1.430732
1.877136
1.031203
0.763987
1.214111
0.763744
0.249759
0.020311
0.752604
0.976913
0.667272
0.248980
0.268525
0.044748
0.438671
0.017652
0.101267
0.098429
0.057366
0.934490
0.598479
0.128175
2.054312
1.772146
0.973457
0.046858
0.042339
1.108019
0.144387
0.548004
0.004765
0.744411
0.128920
0.053968
0.128212
0.042651
0.019122
0.100811
0.073004
0.037975
0.061262
0.063240
1.332873
1.373977
0.004254
0.081923
2.459086
1.661566
0.006636
0.536605
0.295991
0.484550
0.006649
0.063962
0.186076
1.025931
0.169207
0.006843
0.089069
0.163969
0.080401
0.024442
0.908195
1.310573
0.377441
1.371509
1.517768
0.040578
0.344688
0.610200
1.187580
0.025168
0.010884
0.066763
0.026731
0.007469
0.103741
1.015660
2.014405
1.165397
0.047547
0.078774
0.542448
0.187826
0.001771
0.325103
0.511315
0.635082
0.049562
0.773594
0.662141
0.116087
0.524491
0.231034
1.067803
0.569855
0.011280
0.043139
1.134076
0.553575
0.162377
0.261369
0.057695
0.030399
0.036875
1.268674
0.427012
0.342800
1.109162
1.256043
1.356088
0.160066
0.292954
0.078681
0.014054
0.016739
0.716986
0.161543
1.044871
0.047325
0.382611
0.721756
1.559603
0.474563
0.017747
0.093961
0.060270
0.280102
0.269301
0.942346
0.356874
0.060310
0.363475
0.393881
0.000656
0.276164
0.014906
0.005415
0.039451
0.010898
0.728990
0.073856
0.770701
0.155886
0.012008
0.506571
0.262388
0.006074
0.011774
0.023805
1.096334
0.043604
0.039015
0.004188
0.056314
0.243945
0.951669
0.173434
0.296124
0.641126
0.192754
1.335666
0.912033
1.178190
1.875216
0.064011
2.390557
2.307724
1.011044
0.039273
0.035767
0.709023
0.582152
0.694952
1.021867
0.809506
0.816438
0.463621
0.107486
0.059110
0.717034
0.187888
0.477551
0.197457
0.652201
1.479529
0.964838
2.069256
0.608629
0.141274
1.930122
0.156563
0.038786
0.010803
0.467303
0.133567
0.050854
0.018289
0.060898
0.640396
0.044776
0.478575
0.192758
0.164895
0.078436
0.019378
0.232073
0.547253
0.854323
0.016822
0.100054
0.085260
0.134947
0.205661
1.299823
0.160209
0.544654
1.269668
0.148629
0.023410
0.037840
0.710752
1.647488
0.442003
0.392005
1.109347
0.010317
0.007301
0.154016
0.093334
1.603313
1.503287
0.846419
0.007158
0.904937
0.210458
0.940237
0.042200
1.474455
0.098040
0.057994
0.098355
0.026365
0.452963
0.282621
0.322384
0.261323
0.104122
0.078877
0.063215
0.016587
0.999534
0.622090
1.254724
0.461323
0.037664
0.124065
0.190115
1.223658
0.157866
0.363465
0.185769
1.388204
0.066691
0.052735
0.771042
0.903890
0.332606
0.834565
0.146900
0.179416
0.031678
0.669209
0.034129
1.017008
0.820563
0.659571
1.095943
0.260133
0.073970
0.478402
1.839097
0.019440
0.027574
0.052211
0.066409
1.199429
0.604065
0.469644
0.978603
0.005746
0.914475
0.400879
0.223707
0.031134
0.208716
0.435901
0.771347
0.052979
0.076500
0.876170
0.544868
0.006580
0.047965
0.171265
0.055483
0.129134
0.019705
1.092404
0.287972
0.860925
0.000777
0.627668
0.002064
0.796420
1.201810
0.034244
0.171172
0.076912
0.243749
0.000804
0.954224
0.258161
0.518917
0.626695
0.200256
0.017551
0.307498
0.811350
0.026942
0.762197
0.078675
0.063962
0.117609
1.313764
0.337112
0.469705
0.024347
0.036639
0.080967
0.083940
0.808743
1.824273
1.044020
0.559330
0.310925
0.002285
0.209117
0.156278
0.043778
0.357220
0.320219
0.028766
0.026486
0.125107
0.009479
0.040144
0.121668
1.469922
1.105055
0.753740
0.027322
0.207115
0.482608
0.707985
0.517419
0.178020
1.395750
1.335826
0.024319
0.787068
0.648402
0.513385
0.613540
0.109145
0.410321
0.892509
1.085688
1.777669
0.012223
0.890914
0.094796
0.839803
0.576613
0.113311
0.355183
0.797935
0.426175
1.089645
0.488625
1.275606
1.887185
0.564544
0.018847
0.993315
0.644255
0.395226
0.373270
0.038914
0.009097
0.215201
1.224003
0.611640
0.048372
0.719935
0.106532
1.194095
0.492414
0.301041
0.686799
0.034827
0.041257
0.648396
0.103350
0.529777
0.062390
0.137575
0.001267
0.006496
0.273341
0.847483
1.223283
0.776473
0.963347
0.940054
0.839524
0.041943
0.066144
1.111573
0.000413
1.280702
0.842607
0.644383
0.166976
0.219351
0.302533
0.296488
0.156371
0.031353
0.105665
0.046036
0.266886
0.679968
0.022640
0.035693
0.584082
0.842176
0.538991
0.396726
0.294591
0.041444
0.938285
1.363769
0.062131
1.650274
1.820274
1.569480
0.004521
0.760769
0.644199
0.175452
1.081880
0.352172
0.197573
0.105160
0.972820
1.126108
0.489208
0.160282
0.715353
0.176090
0.018789
0.053663
0.044844
0.008952
1.368043
0.501931
0.166301
1.808517
0.763402
0.057572
0.146380
0.622810
0.822529
0.233169
0.204384
0.408054
1.593119
0.195185
0.068994
0.928304
0.014929
0.124516
0.032538
0.008405
0.224887
0.358463
0.258401
1.256029
0.059407
0.034466
0.201348
1.204231
0.080831
0.004536
0.016288
0.047825
0.116193
0.037771
0.099680
0.006543
0.840552
0.076367
0.658249
0.508504
0.066403
0.079065
0.088548
0.035864
0.040344
0.079658
0.035209
0.004235
0.005416
0.028574
0.120281
0.122934
0.234818
0.280021
0.310389
0.296201
0.266944
0.228143
0.216524
0.182175
0.337955
0.283667
0.204995
0.300374
0.337175
0.217928
0.201505
0.241463
0.255818
0.251658
0.219250
0.225034
0.276158
0.286483
0.287446
0.436462
0.468987
0.461946
0.067240
0.444581
0.647365
0.518779
0.728445
0.719497
0.732910
0.712349
0.752518
0.766703
0.437803
0.885534
0.181500
0.470579
0.232540
0.475827
0.016252
0.702343
0.289930
0.838594
0.267952
0.198001
0.353419
0.313299
0.491600
0.777362
0.343022
0.355887
0.537785
0.537900
0.720112
0.733189
0.238552
0.052037
0.069314
0.114411
0.625685
1.093500
0.481086
0.485719
0.211865
0.883458
0.020513
0.473103
0.213277
0.569356
0.671169
0.362450
0.538594
0.730424
0.453159
0.566195
0.624044
0.635003
0.727058
0.335690
0.335652
0.277022
0.058566
0.366962
0.179650
0.816656
0.057150
0.716898
0.203414
0.923981
0.244730
0.739411
0.757151
0.771685
0.565732
0.353365
0.539565
0.550811
0.531200
0.674089
0.624810
0.516193
0.039373
0.322179
0.046781
0.441745
0.169647
0.155114
0.196640
0.555152
0.307362
0.719588
0.731273
0.695855
0.316388
0.668682
0.813903
0.738023
0.725147
0.429947
0.238863
0.432735
0.287377
0.031805
0.845614
0.259729
0.074634
0.847525
0.337335
0.251984
0.559538
0.775152
0.289463
0.705703
0.681030
0.646155
0.642405
0.661231
0.779278
0.622865
0.795228
0.568078
0.368778
0.286364
0.312228
0.386436
0.482302
0.256909
1.075160
0.152308
0.874871
0.669949
0.190190
0.569408
0.479312
0.787397
0.508371
0.745428
0.685246
0.664365
0.688265
0.670598
0.718602
0.692397
0.770361
0.583175
0.556529
0.035461
0.043085
0.283434
0.277812
0.083525
0.518402
0.106135
0.024886
0.115147
0.363446
0.004062
0.570304
0.758009
0.545129
0.727827
0.420463
0.215287
0.503375
0.131147
0.636417
0.669264
0.757837
0.812317
0.444017
0.049693
0.068558
0.787164
0.077989
0.800268
0.158291
0.031244
0.214980
0.007438
0.535520
0.200106
0.637467
0.344407
0.635229
0.543657
0.142231
0.111194
0.536222
0.034770
0.711310
0.687096
0.771436
0.815441
0.706822
0.775132
0.832590
0.279439
0.048369
0.620139
0.732230
0.768133
0.120555
0.594442
0.140390
0.039401
0.701517
0.501739
0.647501
0.547004
0.313074
0.408574
0.430237
0.175234
0.688270
0.684960
0.757220
0.781987
0.653253
0.599254
0.762010
0.497982
0.320289
0.754719
0.138772
0.659403
0.058906
0.804265
0.293500
0.606638
0.585025
0.478102
0.640084
0.674848
0.535823
0.590775
0.481918
0.427217
0.665799
0.730585
0.740158
0.776399
0.689517
0.310715
0.828405
0.326427
0.222641
0.870789
0.476194
0.709763
0.704213
0.472798
0.285617
0.404469
0.205093
0.513373
0.233975
0.299124
0.708380
0.707712
0.622110
0.660650
0.626925
0.539294
0.687289
0.785624
0.492920
0.141674
0.644231
0.171932
0.840723
0.754908
0.392418
0.669106
0.707069
0.367144
0.758344
0.559940
0.214554
0.488308
0.542692
0.326030
0.768138
0.418727
0.738562
0.685684
0.409921
0.552299
0.534082
0.759944
0.425768
0.504588
0.727257
0.334628
0.579217
0.694101
0.502984
0.520186
0.705545
0.150067
0.812315
0.000483
0.672879
0.769255
0.279486
0.192688
0.758815
0.549953
0.665284
0.754629
0.431839
0.818372
0.615840
0.765556
0.746074
0.415757
0.684221
0.121302
0.521901
0.673486
0.633149
0.676047
0.711527
0.076550
0.889098
0.414950
0.525151
0.717177
0.621379
0.729544
0.681975
0.578046
0.632882
0.707804
0.746067
0.742023
0.621259
0.797014
0.755115
0.361005
0.631954
0.362267
0.505954
0.482673
0.597189
0.639482
0.714892
0.728528
0.722826
0.217541
0.689180
0.604008
0.612317
0.717027
0.710989
0.650824
0.692046
0.639825
0.663045
0.707832
0.802864
0.823331
0.682925
0.797108
0.406006
0.359648
0.649408
0.593138
0.655640
0.718379
0.707146
0.699186
0.748259
0.613663
0.703511
0.626084
0.692668
0.721925
0.761337
0.325086
0.800950
0.274543
0.726163
0.652024
0.774956
0.834255
0.650739
0.722121
0.708853
0.770859
0.540182
0.538224
0.725529
0.213438
0.797096
0.206366
0.727357
0.678619
0.697517
0.578651
0.638833
0.683828
0.300166
0.442309
0.396717
0.176467
0.593415
0.353138
0.626042
0.827727
0.406740
0.793030
0.446327
0.707374
0.729559
0.702838
0.796122
0.163353
0.852538
0.429184
0.688642
0.682325
0.699502
0.714354
0.036571
0.602351
0.264813
0.602096
0.376980
0.157497
0.528726
0.423021
0.738384
0.794211
0.378941
0.874137
0.555018
0.716784
0.730485
0.735307
0.763609
0.602279
0.772085
0.297357
0.696637
0.699609
0.751931
0.701279
0.083363
0.711931
0.444046
0.569753
0.250967
0.809250
0.637930
0.311719
0.695364
0.233298
0.142283
0.144067
0.176121
0.266912
0.668373
0.645213
0.433989
0.101958
0.579690
0.142083
0.401526
0.746650
0.469479
0.598870
0.541851
0.537130
0.059039
0.280699
0.704754
0.624147
0.530857
0.802524
0.757739
0.018293
0.175277
0.379263
0.159137
0.284991
0.251235
0.451732
0.167356
0.146221
0.547526
0.205423
0.453467
0.832898
0.584186
0.573362
0.259005
0.288078
0.545282
0.221190
0.701825
0.715612
0.673078
0.704746
0.732388
0.599785
0.148557
0.386152
0.517382
0.250725
0.375434
0.060621
0.058029
0.152137
0.091656
0.120470
0.670277
0.738372
0.504176
0.404687
0.564581
0.005070
0.531041
0.391062
0.748826
0.674733
0.448075
0.721890
0.545551
0.834233
0.315439
0.172734
0.321304
0.135688
0.318861
0.062032
0.208934
0.369114
0.227939
0.729069
0.688309
0.719067
0.598725
0.136595
0.384164
0.144748
0.155731
0.242162
0.707912
0.728106
0.401679
0.819917
0.610321
0.782011
0.714043
0.376324
0.260518
0.077196
0.133012
0.192036
0.639822
0.274455
0.324146
0.686005
0.110108
0.400499
0.190023
0.042632
0.193412
0.172140
0.522519
0.246183
0.775314
0.276902
0.759718
0.644451
0.621797
0.753629
0.380076
0.789731
0.132110
0.119102
0.552699
0.120218
0.785845
0.367528
0.698532
0.688212
0.100638
0.259303
0.414042
0.257296
0.543834
0.259975
0.402190
0.091797
0.802077
0.372042
0.775347
0.595102
0.719489
0.655311
0.049169
0.645816
0.596759
0.781434
0.339472
0.116457
0.913010
0.281136
0.727700
0.727036
0.715347
0.522009
0.209602
0.405477
0.457151
0.327995
0.521181
0.579950
0.690622
0.426187
0.743444
0.541313
0.789174
0.723648
0.624463
0.341836
0.632003
0.431956
0.722803
0.440617
0.846215
0.343522
0.526946
0.756173
0.570504
0.752122
0.718591
0.561862
0.386026
0.770610
0.587149
0.470941
0.579859
0.665267
0.780329
0.612996
0.778986
0.848950
0.540525
0.332437
0.898221
0.629067
0.799313
0.742395
0.752547
0.597041
0.603435
0.825440
0.699941
0.763529
0.749128
0.742833
0.787072
0.759679
0.569432
0.721007
0.757439
0.778661
0.769927
0.695494
0.823717
-0.378067
1.059775
2.245355
3.465069
3.510145
1.785201
2.801178
2.278566
2.043724
0.028050
-0.132577
-0.008258
0.529190
-0.280786
-0.421955
-0.373398
-0.295114
-0.110662
-0.213126
0.270390
2.319255
3.877605
2.329117
1.595886
0.448710
1.493680
1.743412
2.625960
2.706728
0.347324
1.685477
2.744535
2.269929
0.745773
1.277113
-0.235631
0.949026
0.735353
1.074443
0.613872
0.312234
1.005850
0.922504
-0.308806
-0.090151
2.232909
3.701068
3.754510
1.953903
4.025914
1.516745
-0.549127
0.153356
0.229111
0.932674
-0.179636
-0.453466
-0.154373
2.328238
-0.237779
0.557107
0.172161
1.561115
1.792465
1.386542
0.573608
3.992829
4.271676
0.841295
1.324124
1.280825
2.438959
1.865706
4.706121
2.914444
0.084167
1.118031
1.436081
2.531929
1.163004
-0.110524
-0.579258
1.474337
-0.320198
-0.378814
0.844200
1.849486
0.768064
-0.119783
-0.579543
-0.135508
2.287081
1.571774
0.305834
0.143695
0.024882
0.436506
0.942225
1.938480
0.472955
0.471424
0.735660
0.240321
-1.001325
-0.430263
-0.289502
-0.218987
0.664437
-0.064698
0.043026
2.135766
3.589557
1.435561
1.919446
1.261445
-0.279907
-1.231160
-0.164209
2.289770
0.573239
1.840562
0.718692
0.801324
1.073599
1.149869
0.594256
0.282091
0.369448
0.521267
-0.232696
-0.323092
-0.064882
0.324629
1.234873
1.965903
2.074317
1.147652
3.715354
4.979555
0.908676
0.856692
1.008349
2.036956
0.361265
1.226342
0.039797
-0.118612
2.844330
2.766119
0.954642
0.756320
-0.205354
1.879840
0.456556
-0.066594
0.450969
1.062750
1.253597
3.161724
1.994924
1.378677
0.955318
2.406441
0.656472
2.941136
4.472177
1.044833
-0.519760
2.157620
0.862759
1.218199
1.177760
1.613372
2.099078
1.966926
0.753962
0.078977
-0.595530
-0.293114
-0.064297
1.454085
-0.020395
3.474167
2.949853
1.370234
-0.327532
0.117741
-0.684935
1.776746
4.830136
3.208290
2.366667
3.409270
1.622646
3.629536
4.358415
0.682438
2.465493
1.164682
0.965713
1.514844
0.015023
-0.531903
-0.353161
1.405015
0.312873
2.564212
4.428963
1.852045
-0.365058
2.384139
4.027658
1.072514
2.127851
2.706192
4.974382
2.406678
2.625625
1.978768
3.639864
0.115506
0.114917
-0.754134
0.123851
3.523894
4.962589
3.508019
2.200280
1.999723
3.623823
3.951737
3.843937
2.423882
0.909581
0.776465
7.032207
6.709904
3.958444
3.035199
4.002511
1.504585
1.780684
1.047278
2.566364
0.762868
0.601022
-0.078690
-0.171324
1.779203
4.348280
3.415582
4.366812
2.199253
2.509086
4.498210
3.142544
4.683791
1.178642
-0.126226
1.002435
1.795682
3.750785
2.813888
1.270080
1.086058
-0.453949
-0.580781
0.166345
1.894323
2.951578
1.866590
1.753940
0.967871
1.780502
0.102416
0.086350
0.598043
-0.388714
-0.407571
-0.526508
2.883258
0.676075
0.787979
1.606769
1.849141
2.420400
0.846814
-0.125832
1.153414
0.764583
0.504929
-0.117285
2.407915
2.715529
2.351337
1.470919
2.944377
2.077725
1.103450
-0.211265
1.806612
0.663129
0.905230
1.128158
0.043473
-0.073187
0.129516
1.040362
2.799685
3.435291
4.222033
1.879011
0.057118
3.070719
2.886635
0.528876
0.408099
3.036274
3.683864
0.377585
0.194669
0.419000
4.049630
1.120897
1.768955
1.847695
2.817364
3.058506
2.363437
2.282330
1.178664
2.038449
0.699527
1.771423
2.836652
1.579212
-0.321125
0.532936
2.214397
0.349579
0.717265
3.685591
5.216100
3.457188
0.976607
0.789121
4.744058
2.084271
1.620298
3.030032
4.982996
1.847609
1.744167
3.086260
0.702531
3.418540
0.170737
-0.426019
-0.253968
-0.222773
-0.411801
0.282513
2.230186
0.151617
2.212234
3.610270
3.059048
0.158115
-0.150487
0.055244
2.521207
3.311592
0.378683
-0.862695
1.236705
0.237979
-0.084539
-0.264023
-0.766596
3.992853
3.815860
1.770267
2.148669
3.344887
0.445723
-0.018816
3.031600
1.781466
2.282520
1.086273
1.393710
0.140594
0.886250
0.413827
0.850800
1.801961
0.699766
0.940914
1.341644
0.973662
1.649009
3.035459
0.533636
1.636431
3.574488
3.304938
2.683438
3.880066
3.156798
0.672547
1.242631
1.928550
2.821004
-0.358341
-0.353313
0.222383
2.098418
1.297929
2.639823
3.596225
3.185894
2.584713
2.388229
1.988230
0.297450
3.211983
2.043895
2.591699
-0.370367
-0.804787
0.718525
1.013042
1.414866
0.967984
0.999699
1.706702
2.232565
1.808037
0.798651
-0.093785
0.520305
2.319292
2.659126
0.896369
1.610459
3.543844
2.714761
1.324426
-0.236330
2.693174
0.369018
3.476004
1.167736
0.983115
1.738935
0.377181
-0.474871
-0.045622
1.962434
2.201199
4.408679
4.555024
3.409673
2.284203
1.061311
1.437960
3.983284
2.076176
-0.512312
-0.019926
1.167600
1.259093
-0.118906
1.386927
1.332433
3.564750
1.260338
2.160626
1.400189
-0.309628
-0.419194
-0.434828
1.659708
1.244738
2.535175
3.793892
1.797764
2.210630
1.686092
1.812611
2.949718
3.575208
-0.147114
-0.230004
0.730592
0.897819
-0.399774
-0.103939
-0.247724
1.020546
2.755902
2.026284
1.393433
0.321872
-0.160728
0.799333
0.741845
-0.116845
0.433354
2.144062
-0.341724
0.068582
-0.622760
1.250527
0.322189
0.352493
-0.985894
0.075309
2.570129
3.079627
1.024242
0.727863
-0.230585
1.004472
0.649377
-0.227638
2.461992
2.980156
0.001037
1.227979
3.126774
0.836292
1.838114
2.755111
0.744612
-0.153346
-0.358926
0.757704
2.538367
0.989314
-0.434716
-0.092232
1.331430
1.325048
-0.064219
0.880627
1.379997
2.310083
2.544791
2.735447
5.209541
3.764935
1.203211
0.528446
2.172029
0.472218
0.798858
1.009365
0.542900
-0.364845
1.061734
0.992806
2.889335
0.705134
1.570924
1.416441
1.979663
1.811732
1.239614
0.461557
0.267207
2.700376
1.508160
0.038813
4.807684
2.433739
2.722635
2.599230
1.789691
2.211583
0.180813
1.304344
3.028796
1.085266
1.432422
3.078082
2.531338
0.832144
1.231192
2.479457
3.707607
3.632946
4.856322
1.667218
0.172571
1.633303
1.471626
1.143820
1.473124
0.155035
1.205330
3.260948
0.068250
1.514584
-0.151956
1.360080
3.721284
3.565569
2.470909
4.061524
2.482711
3.451458
2.827924
3.590984
2.407854
2.441586
3.622104
1.548342
0.130298
0.286191
1.941744
1.553982
0.955246
-0.384763
-0.093657
-0.106792
-1.137905
-0.016161
-0.637391
0.334415
1.266744
1.024659
0.996225
5.810338
2.171684
1.626210
4.200531
3.377363
2.268587
1.940158
1.514454
2.014764
2.418881
1.284670
3.364097
0.192951
-0.414211
-0.397023
-0.256964
0.641999
-0.186449
-0.147669
-0.256265
-0.527410
-0.574009
-0.698869
0.064348
1.639084
0.305776
-0.501210
-0.356456
-0.170967
-0.523536
-0.002922
0.827149
-0.258114
0.291796
-0.499439
1.631062
-0.172684
-0.451436
-0.575319
0.115155
-0.310606
-0.192765
-0.095245
-0.134409
-0.224891
-0.184363
-0.194176
0.523274
-0.018132
-0.319995
-0.173157
-0.205838
-0.189065
-0.183849
-0.101755
0.142967
-0.210676
-0.224991
-0.170034
-0.141442
-0.127780
-0.220759
-0.188953
0.146154
-0.351800
-0.166092
-0.040445
0.124665
-0.297508
-0.182213
-0.169526
0.831752
1.920295
-0.560645
-0.128164
-0.122617
-0.145282
-0.180419
-0.245791
-0.093566
-0.003199
-0.267940
-0.143789
-0.169528
-0.202679
-0.190902
-0.184145
0.639495
-0.415204
-0.185094
-0.283940
-0.158664
-0.156607
-0.158142
-0.196525
-0.649535
-0.177781
-0.309179
-0.068773
-0.051893
0.122181
0.005579
0.297546
-0.249187
-0.220623
-0.239474
-0.203904
0.183550
-0.017133
-0.139600
-0.159103
-0.095480
-0.212944
-0.211857
-0.189055
-0.194957
-0.108251
-0.060579
-0.251326
-0.078844
-0.128586
-0.218211
0.096552
0.147324
-0.191632
0.537148
0.895619
0.665095
-0.139258
-0.197908
-0.117128
0.371011
1.242565
-0.195847
-0.007486
-0.077773
0.071792
-0.235878
-0.187973
-0.184671
-0.235474
-0.140022
-0.205207
-0.055437
0.721862
-0.095504
-0.270680
0.062368
-0.310192
-0.462996
-0.405675
-0.135467
0.324987
-0.191741
0.330118
-0.390242
-0.080403
-0.486178
-0.195932
-0.271205
-0.041022
-0.076009
-0.254373
-0.127946
-0.002351
-0.124718
-0.268569
-0.288547
0.285145
1.101266
-0.321408
-0.347715
-0.046740
-0.129481
-0.187020
-0.356469
-0.227981
-0.375617
-0.196444
-0.141650
0.689830
-0.260123
-0.232256
-0.146414
-0.130544
0.318307
-0.203282
-0.126911
0.339350
0.474185
-0.367627
0.053746
-0.202647
-0.308319
-0.293838
-0.054973
0.201137
0.303096
-0.263996
-0.038194
0.011413
-0.070849
-0.247394
-0.334845
-0.035565
0.791334
-0.237999
-0.027927
-0.390976
-0.071024
0.153897
-0.191101
-0.357536
-0.145594
-0.265356
0.372072
1.468947
0.381886
-0.274459
-0.082271
-0.060017
-0.344685
-0.303090
-0.176864
0.421409
1.171937
-0.418368
-0.116724
-0.395539
0.116302
0.508069
0.791355
-0.275319
-0.307020
-0.288969
-0.204765
-0.060318
0.168324
-0.303542
-0.340926
-0.176686
0.234604
0.666706
-0.422229
-0.155963
-0.276629
-0.181359
-0.185003
-0.510216
-0.185896
-0.296882
-0.169670
-0.185384
-0.367981
-0.172145
1.616820
-0.096329
-0.142297
-0.274313
-0.121781
-0.209378
0.160251
-0.148138
-0.349877
-0.249712
-0.409734
-0.055396
0.188227
0.134230
-0.342597
-0.178171
-0.121187
-0.151638
-0.060181
-0.131533
-0.250931
-0.183574
-0.119474
-0.081421
-0.224282
-0.328384
-0.093018
-0.255813
-0.106644
0.138039
0.584308
0.624128
-0.417746
-0.184910
-0.216857
-0.266514
-0.360611
-0.188715
-0.216445
-0.136449
-0.087210
-0.046521
-0.070467
0.380320
-0.336925
-0.181728
-0.223661
-0.168894
-0.181521
-0.269432
-0.013314
-0.114980
-0.338135
-0.273474
-0.469413
-0.205042
-0.237164
-0.167898
-0.087606
-0.143005
-0.213018
-0.079929
-0.126525
-0.119598
-0.155257
-0.190075
-0.350798
-0.205593
-0.210817
-0.186232
-0.180538
-0.180286
-0.110707
0.016744
0.338267
0.362961
-0.363837
-0.183452
-0.138740
-0.165649
-0.204610
-0.183880
-0.059750
0.065382
-0.198671
-0.014472
0.072364
-0.304825
-0.108372
-0.162563
-0.060604
-0.103899
-0.102450
-0.242172
-0.182217
-0.179788
0.608464
-0.092973
0.118480
-0.411647
-0.216156
-0.183335
-0.135154
-0.093964
-0.218173
-0.183063
-0.310809
-0.179300
-0.122145
-0.159783
-0.257766
-0.258344
-0.183027
-0.153511
-0.140516
-0.068270
0.408979
-0.337082
-0.182477
-0.172439
1.239202
-0.773209
-0.218672
-0.248195
-0.180550
-0.182929
-0.245664
-0.194712
-0.170993
-0.150706
-0.205136
-0.189281
-0.277832
-0.177636
-0.196201
-0.193052
-0.189564
-0.039766
0.172162
-0.472710
-0.169762
-0.211719
-0.189800
-0.171159
-0.114148
-0.232214
-0.195053
-0.183811
-0.188096
-0.178331
-0.163889
-0.173617
0.179482
-0.027905
-0.295902
-0.188449
-0.172883
-0.184384
-0.176457
-0.106443
-0.147781
-0.255632
-0.137586
-0.192427
-0.158673
-0.190536
-0.186866
-0.186227
-0.010446
-0.283604
-0.191581
-0.180954
-0.188330
-0.137363
-0.153852
-0.187722
0.240695
0.965073
-0.400256
-0.192505
-0.183181
-0.183455
-0.171940
-0.086237
-0.028517
-0.151377
0.038634
-0.193809
0.175224
-0.197546
-0.214442
-0.177757
-0.118620
-0.230939
-0.165409
-0.200852
-0.192934
-0.111351
-0.078621
-0.224688
-0.465815
-0.199422
-0.251280
-0.162263
-0.151350
-0.183596
-0.191404
-0.222393
-0.181949
-0.324340
-0.175502
-0.277633
-0.035979
0.106767
-0.295850
-0.176080
0.808013
-0.365610
-0.136802
-0.198672
-0.197307
-0.241300
-0.175402
-0.192151
-0.157912
-0.180692
-0.189240
-0.109662
-0.031113
-0.136849
-0.222270
-0.098418
-0.102712
-0.225581
-0.171929
-0.179881
-0.108885
-0.094802
-0.299106
-0.167235
1.041276
-0.366474
-0.238047
-0.176250
-0.176659
-0.182511
-0.192234
-0.182703
-0.145470
-0.126243
-0.204055
-0.148611
-0.051754
-0.008317
-0.152078
-0.223735
-0.205684
-0.204481
-0.176879
-0.185652
0.223242
0.828663
-0.398847
-0.176300
-0.104347
-0.269934
-0.151371
-0.163570
-0.219801
-0.184820
-0.169643
-0.181989
-0.200971
-0.174717
-0.184358
-0.205827
-0.184743
-0.044963
0.208071
-0.111138
-0.151118
-0.169622
-0.196033
-0.183861
-0.445403
-0.178766
-0.234704
-0.171179
1.000074
-0.283474
-0.129875
-0.014706
-0.231829
-0.059634
-0.018704
-0.084137
-0.173625
-0.214681
-0.177551
0.120857
-0.087260
-0.394737
-0.267395
-0.227394
-0.137580
-0.079482
-0.227459
-0.185144
-0.167173
-0.165955
-0.198815
-0.178151
0.188059
-0.402098
-0.285698
-0.160746
-0.138180
0.019323
0.632610
0.260963
0.501936
-0.165407
-0.257674
0.353829
1.066968
-0.420323
-0.191059
-0.186018
-0.225646
-0.152712
-0.182366
-0.175798
-0.146324
-0.122639
-0.205500
-0.195855
-0.186662
-0.221236
0.010426
-0.120047
-0.272156
-0.352294
-0.315412
-0.257037
0.661556
0.812407
-0.363871
-0.485409
-0.152801
-0.069227
-0.094479
-0.262804
-0.189813
-0.152616
-0.153247
-0.187301
-0.202709
0.030201
-0.102950
-0.270526
-0.163089
-0.164375
0.154542
0.562154
-0.305771
-0.159845
-0.200508
-0.255050
-0.461480
-0.220813
-0.267596
-0.206070
-0.185613
0.168231
0.771360
-0.382881
-0.187119
-0.098259
0.103548
-0.009522
-0.091363
0.443991
1.189084
-0.373507
-0.025819
-0.106544
-0.328541
-0.253983
-0.153160
-0.050807
-0.239444
-0.126280
-0.172493
-0.195275
-0.186883
-0.182117
-0.188256
-0.449394
-0.175700
-0.226757
-0.184274
-0.069741
0.744908
0.806544
0.299047
-0.126191
0.302439
-0.095066
1.268948
-0.352660
0.786014
-0.194087
-0.287764
-0.195804
-0.146694
-0.070920
0.021599
-0.189886
-0.165757
-0.130064
-0.190135
-0.189435
-0.136920
0.091443
0.473341
-0.256192
-0.554936
-0.381949
-0.266387
-0.071532
-0.264495
-0.288703
0.286717
-0.510776
0.261540
0.559948
-0.203049
-0.219192
-0.153429
-0.155385
-0.107788
0.045178
-0.223312
-0.022749
-0.190252
-0.186793
-0.125658
0.507102
1.664940
0.784112
-0.484596
-0.188012
-0.283732
-0.268151
-0.198991
-0.202776
1.084678
0.724605
0.023702
0.273412
0.563943
0.780930
0.313081
0.034033
1.125474
0.050347
0.536796
0.758818
0.040438
0.694698
0.301055
0.844163
1.063208
1.079690
0.756342
0.551699
0.037235
0.822615
0.636187
0.326197
1.109508
0.067814
0.041158
0.445733
2.912631
0.235528
0.115708
0.079913
0.730949
0.729013
0.145823
1.447228
0.418633
1.111947
0.722311
1.099208
0.552024
1.397623
0.737998
0.002419
1.036843
1.198903
0.390959
0.244301
0.684557
0.082322
0.059827
0.026952
1.976458
0.501201
1.121368
0.257177
0.902315
0.716228
0.038244
1.391776
0.088378
1.375781
1.033947
2.404095
1.441802
1.520321
0.204464
0.666804
1.990060
1.403215
2.387157
0.873060
1.814290
0.427878
1.415578
0.784619
0.262998
0.149988
1.147233
0.302318
1.859975
0.591351
1.534669
0.099105
1.903365
0.672137
1.538356
1.654182
0.433387
0.001833
0.744916
0.327970
2.797405
2.117810
0.537954
0.854287
0.411383
1.082809
0.369290
0.877997
0.225560
0.553646
1.673599
0.430256
1.071164
2.666510
0.419970
1.582943
0.550858
0.352822
0.028459
0.406111
0.345941
0.158849
0.670532
0.055582
4.021163
0.385347
0.261349
0.004136
0.023471
2.828630
0.815627
0.358422
0.988847
1.046318
1.605635
0.411282
0.739203
0.679080
0.208817
1.522573
0.517822
0.020232
0.189405
2.170839
0.167653
0.099355
0.083035
0.168125
0.194108
0.757186
1.613618
0.467193
1.089814
1.418885
1.294047
1.884133
0.518195
0.574165
1.453898
0.105559
1.547217
0.478613
0.918415
0.077860
0.226641
0.490854
2.249981
0.237177
1.169795
0.399924
1.115454
0.868302
0.793570
3.870216
1.037884
0.694459
0.392953
2.105443
0.701906
0.956240
0.323361
1.826364
1.084706
0.062271
1.037522
1.958667
1.544211
0.489567
1.120935
0.608073
1.433946
0.552393
0.131979
0.264351
0.789738
0.800523
0.030035
2.980475
1.345388
0.104004
1.466416
1.530242
0.671460
0.360232
0.165934
0.036714
1.279717
0.240310
1.928395
2.444701
0.440590
0.341928
1.473439
0.324694
0.497908
0.065776
1.302749
0.499082
0.365187
0.497115
0.915614
0.246841
0.246776
2.178974
0.475896
1.263240
1.175118
0.665526
0.376708
0.992235
2.865294
0.608891
2.655018
0.074329
0.640308
0.144809
0.269295
0.047441
0.993218
0.747490
1.727236
0.622035
1.055950
0.277253
1.041510
0.401441
0.038097
3.407220
0.298265
0.720267
0.148473
0.753219
0.173205
2.182878
0.528698
0.700422
0.119722
0.410052
0.518952
0.637370
0.836768
1.011643
0.059065
1.440901
0.649071
1.653393
0.591374
0.813301
1.217359
1.355385
1.580732
1.041288
0.805329
0.080167
0.837287
0.372167
1.310633
1.097805
0.060232
0.444734
0.660386
1.433134
0.210160
0.329008
2.289220
0.643614
0.388584
2.008698
1.333971
0.762171
0.026503
0.103998
1.002844
0.809823
1.081959
0.807808
1.299797
0.675843
1.598373
1.820848
0.352142
1.904271
1.795464
1.107365
0.549254
1.037354
1.008340
0.140763
1.611295
0.469166
1.973221
0.312465
0.262627
0.498450
1.377077
0.108446
2.420384
0.405456
0.144848
0.745589
2.149198
0.527352
0.002949
0.044505
0.370300
2.738281
0.472638
0.935386
0.039252
0.479472
1.361610
0.475050
1.015672
0.464741
0.685881
0.601902
0.241213
1.076774
0.040546
1.318203
0.177402
0.404834
0.125637
1.180570
3.250391
0.238384
0.213017
0.158723
0.152627
0.786242
0.168504
0.103276
0.283814
1.847819
0.431617
0.168762
0.990007
0.885533
0.393293
0.554790
1.166034
0.921004
0.170761
1.205888
0.396971
1.381443
0.297525
2.791339
2.008566
0.253909
0.254244
0.075704
0.472562
0.055961
0.168059
0.573173
0.926642
3.852372
0.824400
0.401212
1.629315
1.141912
0.068377
1.224370
1.008250
1.442924
1.383527
0.489957
0.968968
1.326183
0.208184
2.108616
1.590922
1.252923
0.504423
0.234511
0.473032
1.471601
1.113221
0.778951
0.875932
0.753144
0.672860
0.388689
0.993694
0.524713
0.069116
0.783028
0.998517
0.056965
0.841708
0.045482
1.397306
0.221173
1.562301
0.400552
1.596897
0.184924
0.372742
2.355866
0.950594
0.300436
2.814641
0.364221
1.102526
0.518557
0.139939
0.237549
1.449598
1.072749
0.041151
0.403554
0.347702
0.223765
0.046841
1.674700
1.061884
0.561930
0.165922
0.140139
1.309979
0.649652
0.550286
2.550365
0.448064
0.443010
1.379102
0.123824
0.286386
0.005298
1.078844
0.098036
2.213790
0.803874
0.388018
1.826538
0.818295
0.273905
0.686405
1.869797
0.769691
0.417513
0.368420
2.023624
1.614658
1.502187
0.383263
0.413487
0.933836
1.239866
0.041742
1.194132
0.463914
0.281064
1.170890
0.106470
1.146364
0.476276
0.228883
2.567880
0.103330
0.289545
1.756465
0.136454
0.553169
0.001997
0.181415
1.949118
2.119349
0.373557
0.019121
0.666763
0.172867
1.275228
0.011276
0.089897
0.909475
0.291949
1.035608
1.381815
0.775426
0.054495
0.183281
1.472283
0.537455
0.710807
1.176602
0.175798
1.087039
1.858828
0.612377
0.273814
1.126470
0.149050
0.863410
0.018676
0.349791
1.872770
1.951733
0.882873
1.211652
1.757218
1.747602
0.036763
2.138165
0.437242
0.673474
0.654826
0.312477
0.103924
0.107803
0.157295
2.442724
1.262143
0.274077
0.606045
0.538979
0.484861
0.616890
0.300792
0.127125
0.026709
1.457573
0.272698
0.534579
3.530380
0.358745
0.254440
0.299942
0.853224
1.169991
0.195675
0.268770
1.552671
0.217465
1.171306
2.937755
0.278373
0.068363
0.548988
0.035295
0.422851
1.256327
1.425224
0.023832
0.455327
1.965393
0.070033
1.600957
0.000920
0.078961
0.143914
0.568614
0.094731
0.121754
0.224207
1.636537
1.040784
0.370950
3.518440
0.038466
0.894959
0.300526
0.924767
0.815679
0.014253
4.139876
0.554548
0.110493
1.466734
0.665964
0.025905
1.678063
0.445308
1.453102
0.614991
0.744123
0.467944
0.311689
1.507334
0.107756
2.224070
0.047499
2.135300
0.617606
3.711115
1.573318
0.337206
0.540053
1.967982
3.350657
0.203873
0.204962
1.469954
0.032247
0.006398
0.547505
0.055034
1.806510
0.235269
0.272142
0.224653
2.467762
0.241612
0.093003
0.273598
0.012434
0.114148
0.306465
1.516859
2.096061
0.622137
0.809500
2.276012
0.153958
1.238617
0.273333
1.648037
0.340994
0.602370
2.325282
0.708804
0.087574
0.281701
0.809382
0.337516
3.635176
0.673581
0.114594
0.234073
2.685366
0.537978
0.077812
0.118806
2.024847
0.313998
1.273786
0.433501
0.087349
0.994513
0.407640
0.183008
0.008487
0.226652
0.850452
0.725915
0.700921
0.994913
1.348620
0.331660
0.110294
1.125523
0.315189
4.207438
0.226302
0.258228
1.187992
1.993874
0.439337
0.140312
0.303545
0.431854
0.412361
0.658732
0.829765
0.755226
0.539809
0.386690
0.366027
0.512140
0.443869
0.458639
0.537356
0.424621
0.375356
0.273523
0.468566
0.594610
0.575010
0.365884
0.484050
0.414932
0.348522
0.255599
0.303053
0.573266
0.763360
0.538260
0.062791
0.116412
0.481620
0.811028
0.479192
0.751610
0.921786
0.497622
0.384381
0.581859
0.575394
0.813134
0.469965
0.142756
0.219965
0.826834
0.597235
0.659075
0.971759
0.764577
0.092332
0.319381
1.251176
0.305660
0.871289
0.439385
0.015101
0.138714
0.139034
0.628426
0.133884
0.228776
0.190514
0.052812
0.076387
1.115067
0.500029
0.029105
0.071796
0.535823
0.327891
0.012318
0.561430
0.325424
1.192289
0.682426
0.202872
1.076673
1.196151
0.112861
0.403108
0.160272
0.270626
0.141519
0.055692
0.325978
0.527049
0.238180
0.008367
0.408393
0.312932
0.344273
0.114284
0.123482
0.184268
0.448214
0.018582
0.134284
0.202446
0.526424
0.384472
0.659963
0.584625
0.179321
0.027008
0.036955
0.223815
0.172987
0.168985
0.426205
0.201099
0.529866
0.627798
0.345647
0.275915
0.078994
0.242440
0.116692
0.129237
0.056773
0.371626
0.546173
0.101217
0.135239
0.225331
0.694451
0.030541
0.133751
0.236548
0.197323
0.182094
0.513479
0.687292
0.480219
0.181958
0.268069
0.295015
0.220179
0.335590
0.347421
0.063081
0.082265
0.352580
0.304224
0.565092
0.369177
0.497276
0.428087
0.463068
0.479383
0.272587
0.578848
0.400003
0.162328
0.047342
0.312447
0.748338
0.010811
0.203851
0.223550
0.244087
0.169284
0.122935
0.211529
0.626264
0.058802
0.018229
0.675558
0.204725
0.123542
0.150702
0.103177
0.129823
0.154038
0.304653
1.300065
0.221001
0.261236
0.445793
0.563873
0.564757
0.561826
0.169834
0.086152
0.253295
0.261984
0.322827
0.044989
0.701539
0.116888
0.157173
0.317466
0.376673
0.191226
0.085430
0.409517
0.224912
0.099437
0.197109
0.482295
0.162527
0.114952
0.033516
0.009561
0.149211
0.026888
0.187139
0.011087
0.046892
0.116339
0.224584
0.215391
0.049296
0.297956
0.111666
0.146293
0.625536
0.653213
0.918476
0.038046
0.276007
0.290684
0.457126
0.318984
0.215659
0.206377
0.253302
0.279138
0.212119
0.086440
0.034866
0.003769
0.099308
0.035521
0.185300
0.416411
0.736660
0.679363
0.480556
0.123812
0.467413
0.060267
0.054540
0.024831
0.256562
0.003008
0.319032
0.172776
0.248689
0.386862
0.314310
0.181597
0.260701
0.421865
0.099093
0.184246
0.285703
0.242900
0.513955
0.018355
0.014848
0.004641
0.139143
0.012410
0.601381
0.052975
0.620670
0.259635
0.033689
0.034313
0.029489
0.528238
0.205726
0.231869
0.063630
0.460585
0.257531
0.124353
0.411140
0.388148
0.230505
0.338764
0.572976
0.234225
0.175508
0.339314
0.497316
0.010358
0.297973
0.104823
0.440069
0.209586
0.176506
0.112494
0.114374
0.512584
0.134242
0.072197
0.456114
0.003677
0.308257
0.464466
0.533220
0.017574
0.004684
0.097877
0.206255
0.086169
0.478810
0.389859
0.609647
0.367909
0.278809
0.351774
0.199950
0.312499
0.370655
0.484859
0.010649
0.230510
0.088402
0.334716
1.070398
0.272590
0.210675
0.262713
0.293993
0.094894
0.097274
0.134167
0.069866
0.548945
0.180001
0.289157
0.179019
0.155352
0.476082
0.566856
0.046114
0.047086
0.005655
0.746886
0.218849
0.134413
0.118654
0.219010
0.409307
0.211066
0.481452
0.050678
0.403904
0.225531
0.185022
0.052267
0.398019
0.464125
0.364653
0.143133
0.126267
0.280298
0.031546
0.055703
0.253253
0.022449
0.142087
0.069985
0.048054
0.427771
0.357797
0.053950
0.452702
0.125641
0.496336
0.541539
0.430619
0.135601
0.110174
0.005919
0.004948
0.340104
0.178803
0.072730
0.038943
0.204539
0.055418
0.171982
0.138121
0.631369
0.388982
0.111274
0.326149
0.235264
0.544326
0.358793
0.321653
0.067048
1.056160
0.337894
0.115397
0.114523
0.380935
0.472350
0.105981
0.415001
0.210878
0.137402
0.433874
0.046982
0.223704
0.308385
0.664643
0.139967
0.097158
0.005032
0.208272
0.389349
0.114280
0.105191
0.331199
0.557221
0.218505
0.150187
0.100351
0.562892
0.151755
0.056777
0.158521
0.194323
0.229684
0.324184
0.410407
0.120211
0.028021
0.243383
0.207324
0.214521
0.475206
0.071675
0.333409
0.457287
0.093138
0.115241
0.850862
0.009088
0.090213
0.441166
0.305449
0.640495
0.171216
0.393266
0.542619
0.338219
0.044830
0.202423
0.025124
0.252005
0.347746
0.643317
1.246943
0.279930
0.052975
0.259615
0.209904
0.122708
0.079852
0.319330
0.253045
0.134764
0.172483
0.972813
0.069880
0.148478
0.187660
0.323119
0.208957
0.151544
0.223892
0.080720
0.296880
0.117269
0.142963
0.072517
0.156717
0.010104
0.217043
0.142453
0.601374
0.124872
0.050081
0.182074
0.257628
0.113856
0.184393
0.435338
0.274178
0.392856
0.133566
0.092247
0.011232
0.308058
0.170183
0.229214
0.230988
0.145475
0.553702
0.408307
0.005056
0.207223
0.222784
0.095449
0.112422
0.022326
0.274959
0.195987
0.458364
0.551090
0.039693
0.484494
0.046701
0.338680
0.177126
0.181748
0.258187
0.133264
0.456809
0.293590
0.211937
0.108684
0.239967
0.542955
0.093036
0.009251
0.116644
0.293388
0.410288
0.372688
0.527491
0.147562
0.413821
0.544257
0.813371
0.324036
0.618802
0.025366
0.103634
0.097044
0.817743
0.051100
0.551522
0.447668
0.404653
0.380133
0.375376
0.217053
0.234418
0.354374
0.254485
0.104964
0.054462
0.080690
0.985738
0.119191
0.228945
0.122110
0.336907
0.264639
0.517767
0.192314
0.237426
0.103171
0.088130
0.212111
0.670323
0.005343
0.285614
0.531579
0.001978
0.016543
0.493267
0.260591
0.375676
0.552180
0.190762
0.265166
0.402865
0.022671
0.169946
0.166479
0.249580
0.701930
0.072807
0.389811
0.146265
0.549945
0.733036
0.186925
0.027135
0.126507
1.079553
0.914974
0.454197
0.421247
0.253108
0.246927
0.291941
0.555563
0.316680
0.117630
0.199149
0.229799
0.417179
0.658596
0.298730
0.525351
0.206119
0.232297
0.234564
0.387216
0.086464
0.181702
0.199219
0.282954
0.290018
0.288143
0.305679
0.021581
1.165142
0.238346
0.115040
0.317898
0.138146
0.561885
0.254213
0.101081
0.324937
0.165544
0.057237
0.244061
0.082481
0.030381
0.149316
0.777245
0.034508
0.100210
0.457508
0.193290
0.680555
0.589205
0.535603
0.142343
0.212080
0.158530
0.058428
0.106449
0.041819
0.072742
0.017849
0.485191
1.533928
1.765770
0.667413
0.123651
0.358830
0.391912
0.358287
0.305564
0.208614
0.024524
0.081447
0.504768
1.121662
0.002246
0.916848
0.458341
0.148672
0.860894
0.886234
1.901490
1.508585
2.479546
2.303917
1.207167
0.802265
0.552270
0.597424
0.809637
0.697723
1.247884
1.137539
0.986713
1.094111
0.469066
-0.046993
1.073099
0.324021
1.241574
1.862135
2.429645
0.331750
0.517614
0.640903
-0.797113
-1.559586
-0.316490
-0.484690
-0.853390
-0.106895
-0.343569
-0.052160
0.103485
-0.357054
-0.794023
-0.131785
-0.475044
0.191289
1.258553
1.683537
1.152808
-0.029640
-0.648400
-0.336430
0.806475
0.300734
1.429615
1.608984
-0.135896
1.255080
1.985944
1.491689
1.118041
0.723371
0.759984
0.340049
0.264929
1.072848
-0.207435
-0.958144
-0.453221
-0.320142
-0.167375
0.793379
1.021193
-0.433224
-1.168790
0.354009
-0.340489
-0.041135
-0.674659
-0.222609
-0.162211
0.437224
-0.205268
-0.107482
-0.465451
-0.200777
-0.508262
-0.289632
-0.698193
-0.215052
1.227915
2.451447
1.655392
0.297459
-0.174402
-0.091687
-0.127155
-0.264330
0.389805
1.957468
0.615452
1.356280
2.003518
0.360846
-0.130276
0.170568
1.203466
1.355144
0.834539
0.851247
0.315935
1.009232
0.727952
1.159315
-0.999914
-0.468463
-0.094906
0.969999
2.132106
2.618735
0.935067
-0.554269
-0.553054
-0.058214
-0.225801
-0.736326
0.036337
0.339331
0.908054
0.154879
0.388732
-0.784015
-0.062440
-0.111280
-0.029956
-0.225059
0.099478
1.145978
2.211585
1.448550
-0.406940
-0.529069
-0.116581
0.424983
0.659416
0.017464
0.094759
1.978203
0.033801
0.087171
-0.747245
-0.214240
0.171684
-0.356033
0.146642
0.227553
0.478561
-0.205335
-0.400802
-0.165843
1.029610
-0.364409
0.065344
1.541336
0.748518
0.959929
0.599978
-0.196782
-0.383430
-0.244047
0.031914
0.533243
-0.159048
0.595747
0.319706
2.618705
2.159877
0.782770
0.308943
-0.428046
-0.145475
-0.549336
-0.143363
1.010761
-0.250560
0.669768
1.510550
0.815975
0.033332
-0.189963
0.820894
-0.214130
-0.130612
0.308163
-0.296439
0.096268
1.581296
-0.525843
-1.094900
-0.248016
0.361869
-0.081225
1.091146
0.987996
0.526528
0.524384
1.300543
1.356018
-0.671832
-0.104604
0.866179
0.993130
0.211105
0.524212
1.471256
0.830791
3.774104
2.382624
0.428293
-0.187366
-0.219883
1.061410
1.229829
1.904572
1.167198
0.087213
-0.826397
-0.525391
0.026076
0.028015
1.064451
1.082023
1.468012
1.997436
1.052967
1.786708
-0.340281
-0.361889
-1.109826
-0.274135
0.070107
-0.070279
1.182741
1.616735
-0.187418
-0.077209
0.561664
0.399983
-1.000211
0.143973
0.284511
-0.351984
1.168807
0.869319
-0.079629
-0.679707
-0.605608
0.472663
0.859091
-0.262113
-0.073471
1.094016
0.731397
1.935128
1.334713
-0.104692
-0.309695
-0.115632
-0.241562
0.676478
0.051707
0.123893
0.828883
2.113195
0.187992
0.475483
0.943471
1.014813
1.019680
0.398927
-0.245541
0.577482
0.762080
-0.111562
0.377926
-0.236243
-0.210187
0.177217
0.943665
0.692737
0.339762
-0.066523
0.626148
-0.205026
0.344341
-0.801349
0.375950
1.033686
-0.544170
-0.354960
-0.376880
-0.058730
0.821406
1.390608
1.081771
0.574851
-0.526539
0.614899
1.883217
0.623405
-0.508992
0.379730
1.355892
0.988866
1.204871
1.696083
0.278491
-0.065827
1.090301
0.308174
0.883741
0.041568
-0.039094
1.090785
2.015564
1.503768
0.166330
0.741329
0.592194
0.211863
-0.000565
1.489598
0.721053
0.719422
0.791808
1.242618
1.137406
0.262120
-0.365755
0.002364
-1.161533
0.713616
0.676075
-0.212760
0.462813
0.916371
2.122563
0.064814
-0.708821
0.098680
-0.040427
1.373523
0.900500
-0.098550
0.136954
0.629008
-0.214223
-1.333434
-0.372229
0.485669
0.575357
0.564734
1.705646
0.295987
-0.175159
-0.183176
0.987801
2.343469
0.062097
0.132823
1.413240
0.861859
0.364224
0.765447
-0.138860
-0.350511
-0.433093
-0.146898
0.163401
0.058087
0.418260
0.473806
1.118334
0.348242
0.334742
-0.179198
1.011907
-0.071444
0.339469
0.559914
0.805210
1.296521
-0.150709
0.128431
-0.112639
-0.425335
-0.093981
0.415264
0.620268
2.732407
1.383726
0.485360
0.816448
1.996137
-0.035224
0.302362
0.936798
-0.375484
0.514932
0.348895
-0.319928
0.168386
-0.105127
0.306637
1.315328
0.364109
0.200651
0.520586
0.648776
0.164271
0.591036
-0.005776
-0.337671
0.460582
0.743287
-0.018158
0.077161
0.688642
-0.386669
-0.260942
0.372344
-0.064018
1.891084
1.133788
0.908578
1.368533
-0.021412
-0.530752
-0.303822
0.333522
0.560736
0.961090
0.370315
0.456804
1.710281
0.571693
0.659264
0.927531
0.529712
-0.182152
0.308122
1.070305
0.593826
1.033090
0.282443
0.500805
0.415424
-0.767798
0.016762
0.195858
-0.107675
-0.398251
-0.487086
-0.023314
0.278752
1.712426
1.263029
-0.014534
0.853948
1.004544
0.446808
0.265053
0.727362
-0.038855
0.916616
-0.310405
-0.835535
-0.399089
-0.145810
0.823208
0.482886
1.306961
1.652262
0.378419
-0.221246
-0.610621
0.469622
0.546782
-0.372617
-0.578119
-0.024384
-0.269172
-0.191694
-0.753501
-0.024683
-0.463697
-0.628723
-0.044995
1.915854
1.450156
0.809523
0.518737
0.664461
0.064392
-0.511505
-0.852153
-0.040391
0.736531
-0.175979
-0.823360
2.226410
2.415790
1.083779
1.607044
0.790890
1.133997
0.333727
-0.309841
0.754903
2.198337
0.114766
-0.814448
-0.230207
-0.003849
-0.177714
-0.128434
0.967868
1.407785
1.324045
0.785949
1.126236
0.724308
0.271281
-0.273748
1.095525
-0.346855
-0.351330
1.264761
1.041197
0.571694
0.094689
0.259236
-0.096247
0.069581
0.324682
0.520674
1.071305
0.543890
-0.471391
-0.248675
-0.066534
-0.261944
-1.711247
-0.364955
1.149940
1.706723
-0.130770
0.694733
1.546148
-0.387403
-0.166895
-0.067952
-0.107733
-0.451701
-0.654855
0.327402
1.655153
0.144773
-0.593838
-0.172939
0.879426
0.269630
0.547205
2.179918
0.899563
0.329471
0.655009
1.412336
-0.823295
-1.386617
-0.527713
1.200234
-0.080484
-0.366892
1.545583
0.219935
-0.097097
1.356554
0.994893
0.614057
0.529352
0.908411
0.984389
0.187966
1.027494
-0.131555
1.251809
0.163636
-0.224526
-1.667649
-0.910869
0.384707
1.005398
0.617979
1.179558
-0.489784
-0.733739
-0.457693
0.398089
-0.043016
0.584954
1.205869
-0.021171
0.168965
-0.091947
-0.123386
0.552734
0.733913
0.455114
0.256256
1.410407
0.402645
0.438091
1.062183
1.921024
1.517268
-0.696593
1.125491
1.986765
1.029567
1.625034
0.745805
-0.394609
-0.395885
0.192130
0.539334
-0.156740
0.315939
-0.117412
0.290682
0.452529
0.569421
0.145112
0.375236
-0.223425
-0.448667
-1.399305
-0.837383
0.243588
1.154992
-0.937706
-0.242534
-0.544510
-0.177739
0.059190
-0.220421
0.640009
0.821998
-0.020279
0.104350
-0.126580
0.087223
-0.160262
0.399463
0.170554
0.025441
-0.114567
-0.259090
-0.125017
0.213083
1.151575
0.587898
-0.346909
-0.247070
-0.400735
0.493855
0.165787
0.000233
0.033259
0.016741
0.022002
0.029244
0.010599
0.059074
0.084211
0.038723
0.247867
0.103446
0.072157
0.040455
0.098749
0.090561
0.035824
0.090095
0.375449
0.364723
0.158642
0.132885
0.108266
0.024437
0.089275
0.389800
0.075562
0.198884
0.350886
0.277933
0.254139
0.069165
0.309398
0.423835
0.012082
0.006469
0.298416
0.256225
0.077502
0.078852
0.014725
0.020903
0.025317
0.001710
0.142114
0.115399
0.044930
0.037403
0.018420
0.026412
0.028459
0.088432
0.022633
0.035171
0.030443
0.008032
0.002439
0.059438
0.243449
0.305404
0.194257
0.008899
0.188528
0.505344
0.079849
0.077079
0.247993
0.167426
0.008287
0.028575
0.054311
0.018384
0.054602
0.471457
0.627501
0.480443
0.113166
0.219091
0.230933
0.057986
0.242931
0.009761
0.009608
0.009979
0.030711
0.052878
0.042512
0.024009
0.001133
0.088738
0.045275
0.048015
0.588911
0.506002
0.012687
0.046456
0.019851
0.124104
0.033853
0.027600
0.118958
0.005680
0.001723
0.006968
0.008949
0.144907
0.028873
0.021427
0.453521
0.723698
0.757977
0.653979
0.088850
0.434611
0.536724
0.011797
0.018690
0.026085
0.399174
0.309060
0.010781
0.317972
0.011698
0.106449
0.009957
0.160493
0.552777
0.411502
0.219826
0.233162
0.043234
0.017256
0.009362
0.042597
0.103743
0.063214
0.193350
0.006255
0.026153
0.307455
0.138438
0.033102
0.043035
0.002470
0.012712
0.560005
0.524403
0.000012
0.235687
0.295903
0.005632
0.032395
0.016198
0.426813
0.666171
0.371516
0.011819
0.027590
0.306863
0.213870
0.008778
0.361904
0.122594
0.027955
0.106382
0.348426
0.063754
0.026231
0.023189
0.312182
0.027109
0.009730
0.015473
0.101403
0.015747
0.013234
0.368365
0.067512
0.059465
0.041704
0.215725
0.419275
0.024053
0.023831
0.003740
0.017915
0.231193
0.184895
0.142346
0.281246
0.313526
0.449619
0.048280
0.233063
0.032062
0.055109
0.211095
0.079432
0.419571
0.504781
0.181216
0.059802
0.199905
0.008935
0.032117
0.018720
0.303697
0.299061
0.306946
0.378878
0.003162
0.025981
0.346296
0.045025
0.084613
0.030965
0.010047
0.316877
0.311370
0.043573
0.016048
0.024339
0.033508
0.051370
0.023171
0.056085
0.023897
0.139782
0.222301
0.433701
0.201443
0.002775
0.460310
0.130865
0.229844
0.306120
0.046065
0.265669
0.554680
0.508931
0.215042
0.004788
0.001378
0.216671
0.460749
0.421900
0.132391
0.224598
0.308858
0.166767
0.289241
0.009692
0.160831
0.101411
0.021868
0.345237
0.000913
0.002644
0.060654
0.010123
0.030664
0.003648
0.021387
0.037307
0.029281
0.385206
0.172292
0.100457
0.096324
0.045099
0.049576
0.042700
0.008158
0.031013
0.016984
0.183829
0.119655
0.115727
0.100266
0.013632
0.011396
0.372324
0.073039
0.007561
0.114915
0.130076
0.475048
0.379280
0.209994
0.430106
0.130185
0.016956
0.045717
0.359454
0.392203
0.136511
0.208202
0.153066
0.208382
0.320697
0.023835
0.004652
0.151325
0.160567
0.049869
0.010750
0.052526
0.286686
0.276847
0.038769
0.021416
0.000477
0.024870
0.149607
0.177183
0.005165
0.002400
0.191997
0.098709
0.098256
0.007687
0.046984
0.058858
0.021785
0.322011
0.005828
0.011991
0.292286
0.239184
0.024138
0.014701
0.010386
0.017074
0.017352
0.005878
0.425277
0.304665
0.124985
0.025955
0.264279
0.231493
0.029348
0.024236
0.085207
0.434720
0.373010
0.122059
0.153024
0.360791
0.477608
0.337890
0.025766
0.070843
0.503134
0.781299
0.054549
0.253234
0.462146
0.153692
0.036085
0.035734
0.241933
0.100292
0.092324
0.086083
0.060351
0.319792
0.441485
0.044000
0.000457
0.015282
0.006366
0.009080
0.046767
0.005316
0.527752
0.362851
0.099768
0.025522
0.018183
0.059137
0.048221
0.014339
0.030374
0.032992
0.281331
0.105390
0.098840
0.226189
0.401675
0.011626
0.009427
0.226077
0.192621
0.302856
0.062021
0.132290
0.454612
0.003070
0.019386
0.013152
0.121858
0.147745
0.026175
0.364030
0.473492
0.222875
0.386976
0.512403
0.285680
0.009099
0.145343
0.012706
0.001290
0.396460
0.322692
0.301251
0.176091
0.013239
0.041499
0.058234
0.026337
0.030294
0.043385
0.129749
0.140346
0.001611
0.548256
0.019993
0.054547
0.005034
0.016084
0.024891
0.194267
0.163680
0.009664
0.014791
0.269466
0.139107
0.047011
0.084231
0.034497
0.150903
0.032611
0.160130
0.574749
0.521815
0.376171
0.028713
0.026174
0.192280
0.027749
0.235327
0.465641
0.153512
0.203897
0.122679
0.294696
0.051250
0.090472
0.046038
0.030161
0.006800
0.210111
0.559251
0.513456
0.238949
0.112635
0.015048
0.039290
0.103261
0.370355
0.333599
0.109794
0.068070
0.469151
0.029149
0.026878
0.148494
0.147611
0.020188
0.229228
0.240154
0.337073
0.319474
0.001556
0.184543
0.181239
0.029017
0.015008
0.201168
0.607477
0.670400
0.388367
0.117331
0.038458
0.052524
0.021409
0.074882
0.000501
0.277398
0.735753
0.522671
0.326364
0.033054
0.354320
0.182928
0.000900
0.061138
0.336347
0.191220
0.002100
0.380691
0.220567
0.292343
0.049352
0.023838
0.234281
0.017529
0.005736
0.190770
0.272957
0.019550
0.070025
0.283502
0.083271
0.077711
0.003281
0.033332
0.216481
0.127048
0.096020
0.009893
0.071259
0.095312
0.082469
0.114619
0.250780
0.039237
0.031657
0.010994
0.124511
0.123947
0.027240
0.019691
0.276731
0.454986
0.002515
0.047460
0.011495
0.246131
0.278496
0.257116
0.388170
0.135760
0.242798
0.411898
0.128731
0.336558
0.103649
0.007486
0.077704
0.017599
0.089418
0.179016
0.011940
0.240347
0.092547
0.030405
0.062097
0.179721
0.000988
0.078931
0.277886
0.003698
0.085306
0.000531
0.067154
0.070641
0.016450
0.021069
0.194855
0.096994
0.097509
0.021994
0.134127
0.159377
0.020913
0.114180
0.410640
0.254027
0.538334
0.097640
0.041059
0.013890
0.195838
0.220627
0.011945
0.011202
0.030210
0.150253
0.366228
0.506365
0.277589
0.004977
0.165378
0.004852
0.003003
0.506459
0.003818
0.015092
0.393737
0.298968
0.018978
0.030574
0.018613
0.243130
0.272440
0.489281
0.153227
0.002426
0.469796
0.429451
0.417521
0.028737
0.200373
0.022580
0.017451
0.081579
0.033204
0.016584
0.200565
0.196288
0.147448
0.170741
0.043270
0.055298
0.251791
0.070234
0.103138
0.345666
0.333857
0.009607
0.001454
0.005340
0.037100
0.061428
0.028853
0.028751
0.042073
0.023957
0.012911
0.008360
0.007848
0.021366
0.034452
0.059514
0.034347
0.027248
0.077533
0.037466
0.055714
0.083944
0.030753
0.073996
0.066175
0.044179
0.029148
0.026251
0.008937
0.013936
0.048793
0.066256
-0.358038
-0.556885
-1.035700
-0.232945
-0.028060
-0.416696
-0.522262
-0.582861
-0.515379
-0.738053
-0.179410
-0.596351
-0.190818
-0.681498
-0.897076
-0.946461
-0.793846
-0.743342
-0.429273
-0.466046
-0.564898
-0.564439
-0.498056
-0.199060
-0.031925
0.166328
-0.743762
-0.548922
-0.348282
-0.028175
0.622464
-0.293680
-0.014451
-0.505862
0.637986
-0.179213
-0.105342
-0.015668
-0.323873
-0.749148
-0.281311
-0.543813
-0.431981
-0.883940
-0.813972
-0.756358
-0.213463
-0.231342
0.761573
0.262992
-0.773927
-1.149950
-0.618435
0.151022
-0.535341
-0.216890
-0.612146
-0.677345
-0.526990
-0.845052
-0.405419
0.071443
0.294352
1.554965
0.532702
0.095257
-0.202714
-0.820616
-0.166023
-0.098501
-0.034015
-0.006914
0.036468
0.963984
1.425945
-0.219767
-0.384665
-0.352004
-0.489523
0.293231
-0.367371
-0.206350
-0.145152
-0.082554
-0.118293
-0.097906
-0.469858
-0.421627
-0.277753
1.381335
1.690234
-0.025350
0.942687
-0.234865
0.180024
-0.180918
0.175053
0.362150
0.463996
0.079034
-0.123215
0.347374
-0.062178
0.138366
-0.467560
-0.227986
0.364681
-0.134022
0.345011
-0.799289
-0.647591
-1.034001
-0.951307
-0.109700
-0.402673
-0.219591
-0.249425
-1.023544
-0.106483
-0.473409
0.126706
0.450114
-0.531740
1.051850
-0.275422
-0.344683
-0.367149
-0.271678
-0.317957
-0.781419
-0.535811
-0.876421
-0.675053
-0.677406
-0.419906
-0.379515
-0.745923
-0.215312
-1.148290
-0.962546
-0.375408
-0.847893
-0.315474
-0.017004
-0.034393
0.284074
-0.513050
0.476839
-0.059654
-0.317406
-0.152285
-0.003582
0.494232
-0.301479
-0.158681
1.727121
0.473487
2.239695
-0.059562
0.378210
-0.025486
-0.098373
0.169217
0.481686
-0.288582
-0.331737
-1.344108
0.840646
-0.146335
0.890783
-0.428671
-0.008236
0.110757
-0.208797
-0.528788
0.023960
-0.349544
-0.278154
-0.031701
1.157358
-0.228701
-0.250755
-0.781442
-0.718039
-0.462326
0.426154
0.728977
-0.048177
-0.214228
-0.130256
-0.581639
-0.234515
0.561949
2.118097
-0.235956
-0.458920
-0.315855
-0.371650
-0.528036
0.261231
-0.502723
-0.882614
-0.345051
-0.367081
-0.229205
-0.175599
-0.347414
-0.926398
-0.546192
-0.821752
-0.818591
-0.226704
0.007238
-0.661411
-0.715922
-0.247003
-0.041496
0.218428
-0.363690
-0.021673
-0.109451
-0.410066
-0.401127
1.046186
-0.357804
-1.399277
-0.746914
-0.655451
-0.405865
-0.449631
0.753531
-0.689627
-0.732381
-0.898565
-0.463283
0.047599
-0.575532
-0.610327
0.140264
0.686616
-0.853420
-0.367367
-0.894012
-0.555240
-0.431171
-0.979707
-0.566526
-0.349995
-0.057286
-0.972487
-0.643529
-0.844418
-1.305163
-0.039656
0.187478
-0.234996
0.909112
-0.464862
-0.458527
-0.227952
-0.101678
0.174714
-0.485966
-0.327665
-0.089538
-0.402462
-0.552596
-0.719821
0.132498
-0.557820
-0.953720
-0.195352
0.112232
-0.206859
0.349693
1.207350
-0.492393
-0.192627
-0.112687
0.669703
0.471024
-0.407426
-0.845988
-0.139682
-0.500209
-0.321915
-0.511450
-0.863586
0.980924
0.688870
1.369488
0.375869
1.327544
0.828622
-0.249734
-0.015159
-0.223142
-0.757787
-0.108744
-0.406159
-0.330343
-0.123057
-0.027832
-0.461442
-0.828104
-0.586277
-0.892651
-0.541014
-0.758860
-0.361311
-0.460625
-0.544004
0.952442
1.404689
0.373483
-0.506494
-0.416647
-0.412282
-0.160828
-0.383029
-0.625502
-1.029067
-0.263900
-0.797270
-0.191480
-0.729610
-0.717891
-0.375198
-0.777147
-0.810467
-0.520419
-0.709909
0.343813
-0.174932
0.434155
-0.318880
-0.382042
-0.374297
-0.700959
0.134479
-0.502657
-0.523137
-0.439385
-0.413832
-0.006194
-0.485408
-0.099615
-0.723633
-0.718210
-0.543228
-0.799723
0.429353
-0.265775
-0.700665
-0.166793
-0.942781
-0.463745
-0.897564
-0.306273
-0.837318
-0.081331
-0.019361
-0.302745
0.256313
-0.389685
-0.747836
-0.580830
-0.334615
0.136943
-0.459575
-0.260580
-0.051867
-0.468387
-0.246351
-0.615444
0.497988
-0.025462
1.537185
-0.233545
-0.805765
-0.368643
-0.193535
0.303707
-0.174686
0.107822
-0.278469
-0.441992
-0.630967
-0.295752
-0.660885
-0.362992
-0.559569
-0.095908
0.431848
0.416589
-0.464193
-0.637165
-0.551113
-0.783158
-0.599826
-0.205078
0.657161
-0.099523
0.812143
-0.075469
0.469478
1.384493
-0.100469
0.684150
0.334613
0.042756
-0.076402
0.177649
-0.517564
-0.627663
-0.340885
-0.494151
-0.303696
-0.551330
-0.748723
-0.109893
0.440757
0.510584
-0.511322
-0.182785
-0.369472
-0.700426
-0.386850
-0.285848
-0.293950
-0.114627
-0.303723
0.555244
0.092548
0.707775
-0.399544
0.157690
0.011408
-0.461783
-0.539020
-0.712812
0.166732
0.822105
-0.196549
0.811692
1.974483
1.766820
-0.074566
-0.708800
-0.774740
-0.691617
-0.473796
-0.257484
-0.747000
0.760553
-0.014910
-0.022500
0.321233
0.810752
-0.290093
0.237832
0.258038
-0.180901
-0.521518
-0.639246
-0.203598
0.565635
-0.257235
-0.423095
-0.452648
-0.527738
-0.830845
-0.319937
0.192363
-0.575020
-1.089002
-0.080636
-0.808329
0.102205
-0.194449
-0.097809
0.766227
-0.129035
-0.212728
-0.721344
-0.293765
-0.605542
-0.095305
-0.490213
-0.517539
-0.054881
-0.040177
-0.280565
-0.161779
-0.199936
0.226659
1.268505
0.064332
-0.291442
-0.840998
-0.559170
-1.059346
-0.437418
-0.274440
-0.089475
0.184309
0.066967
-0.160641
0.866033
-0.231597
-0.032504
-0.206652
0.812547
-0.519690
-0.670254
-0.047970
-0.388172
0.752197
-0.131237
-0.521426
-0.619548
-0.236186
-0.139531
-0.451498
-0.590213
-0.375478
-0.099304
0.749366
-0.420621
-0.155723
-0.609223
-1.021353
0.100331
0.209266
-0.262265
-0.290638
-0.499107
0.198692
-0.439929
0.149321
-0.467300
-0.151880
-0.143214
-0.508798
-0.360102
-0.429151
0.547427
1.338764
-0.003317
-0.424395
-0.174305
0.819373
-0.130522
-0.101769
-0.330910
-0.435932
0.344949
-0.126636
-0.468684
-0.718450
-0.197240
-0.530740
-0.448537
-0.271093
-0.130739
-0.995049
0.216816
-0.267648
-0.608959
-0.502886
-0.353964
-0.894748
-0.672740
-0.656567
-0.521158
0.537904
-0.125707
1.202406
0.561643
-0.274113
-0.409323
-0.880397
-0.039277
-0.179284
0.082686
-1.124933
-0.155082
-0.809857
-0.019868
-0.863247
-0.481418
0.188078
0.320503
-0.281576
-0.420820
-0.211996
1.036494
1.327518
0.884529
0.910227
0.974115
1.173870
-0.342416
-0.393485
-0.391093
-1.084215
-0.029221
-0.393239
1.602880
0.344657
1.028284
-0.807920
-0.245112
-0.942412
-0.466495
-0.251766
-0.294154
-0.545803
-0.459046
-0.496113
-0.640084
-0.444341
-0.682596
-0.104669
-0.314926
-0.447942
-0.857788
-0.100591
2.016599
-0.353308
-0.236705
-1.010498
-0.606051
-1.010302
-0.381248
-0.347058
-0.141284
-0.212686
0.293054
-0.847440
-0.092763
0.012200
-0.535467
-1.575494
-1.376015
-1.157292
-1.010265
-0.290936
-0.263271
-0.098054
-0.243921
0.300479
1.000291
0.304862
-0.121020
-0.513715
-0.622756
-0.692530
-0.254479
-0.069463
-0.248462
-0.694202
0.635401
-0.037189
1.397228
1.644677
0.974176
0.300763
0.417588
-0.035455
-0.437494
1.076790
0.139584
0.915457
0.913283
0.187579
0.743019
0.656576
0.418322
0.294674
0.081634
0.489404
0.886916
0.997117
1.282098
0.662571
0.792120
1.036186
0.966110
0.408303
0.712928
0.776910
0.867017
0.365149
0.403372
0.166030
0.389575
1.253796
1.477767
0.143956
2.115992
0.391377
0.551198
1.007570
0.488923
0.900696
0.720947
1.310780
1.473929
1.273011
0.439440
0.470795
1.314478
0.133139
0.364413
0.503081
1.271330
1.424142
0.322198
0.814709
0.427390
0.753807
0.417025
0.643000
2.531062
0.958516
0.352882
0.866866
1.021143
0.083381
0.196415
0.823032
0.980807
1.934055
0.302847
0.013178
0.351409
0.045427
1.280990
0.870637
0.011094
1.959227
1.092831
0.397715
0.128175
0.003848
0.412226
0.636649
1.396489
1.565891
0.386170
0.150384
0.819124
1.519906
0.265359
0.675273
1.248990
1.754710
0.605196
0.250122
0.726284
0.812567
2.498013
0.114804
0.615241
0.918365
1.445600
0.715746
0.260552
0.744305
0.612362
0.390123
1.454924
1.407536
1.023417
0.157276
0.829945
1.664429
1.052314
1.353797
0.863607
1.601702
1.391518
0.896270
0.970910
1.569576
1.338618
0.063814
0.194225
1.093034
0.191245
0.079709
0.211410
0.897819
0.211061
0.289127
0.716462
0.012013
1.971300
0.520605
0.829726
0.870506
1.375357
1.363669
1.027385
0.869382
1.633855
1.140769
0.262989
0.537627
0.111797
0.814587
0.292335
1.753851
0.248088
0.665293
0.086476
0.582092
1.188228
0.208580
0.041265
0.853224
1.821286
0.969334
0.940385
0.825286
2.230000
1.018706
1.776888
0.802351
0.957747
1.059700
0.436375
0.208275
0.072504
0.110117
0.213189
1.380130
0.016290
0.214406
0.220845
0.215736
1.279222
0.230988
0.447941
0.045842
0.775718
0.710645
0.182254
1.196028
2.310246
2.073346
1.992118
0.391924
0.612908
1.032263
0.144685
0.928034
0.087990
0.290648
0.458714
1.532719
0.309920
0.384305
0.224787
0.401563
0.470008
0.320933
0.386949
0.980866
0.325190
1.074959
0.315287
0.174855
1.296128
2.360853
1.540447
0.115056
0.190669
0.874846
0.378619
1.048803
0.317201
0.248016
0.347766
1.059645
0.122525
0.542472
0.056219
0.837946
0.139546
0.399831
0.499619
1.352143
0.393845
1.661479
0.466622
0.631432
0.445376
1.352083
0.898289
0.006377
0.635641
0.019457
0.748186
0.021508
1.021294
1.186510
0.612596
0.716263
0.271540
0.432302
0.223420
1.201338
0.839671
0.182737
0.274191
1.254940
0.092797
1.444381
1.934224
0.133743
0.881280
0.039923
1.050224
0.078392
0.114136
0.143385
0.361519
0.622125
0.300111
1.666935
0.581702
0.692052
0.584964
0.032095
0.303936
0.711661
1.487843
0.568652
0.177560
1.013271
0.317158
0.126106
1.882993
1.414191
0.267162
0.166464
1.431731
0.447640
1.103016
0.288201
0.043364
0.099068
0.041348
1.185439
1.158269
0.198273
0.490756
0.257250
0.130093
0.185447
0.631321
1.193104
0.663050
0.872516
0.316099
0.507021
0.895780
0.383313
0.297201
0.044827
1.854106
0.324421
0.773086
0.057784
0.225028
0.592110
0.217096
1.679548
0.806410
0.536698
0.291533
0.360554
0.120075
0.415024
0.821846
0.585206
0.449619
0.915655
0.092657
0.910577
0.259218
0.538588
0.820916
0.902107
0.978784
1.019510
0.209895
0.499316
0.759740
0.440096
1.199303
1.452010
0.439127
1.095526
0.210006
1.029409
0.149106
1.018456
0.697662
0.419470
0.349703
1.115728
0.080597
0.963097
0.599661
0.260415
2.069014
0.371855
0.393840
0.679210
0.252781
0.872465
0.990068
0.486550
0.533589
0.777618
0.195965
0.564103
0.271963
2.683936
0.136246
1.768759
1.307703
0.620493
0.952509
1.014527
0.487296
0.033135
0.362908
0.263182
1.320096
0.469562
0.637425
0.681656
1.661681
0.225663
0.203113
0.215725
0.243699
1.167464
0.652133
1.093243
0.304836
1.895130
0.315118
0.964277
1.385661
0.236667
1.007896
0.483619
0.162058
1.064876
0.031515
0.015867
0.799258
0.207094
0.039710
0.378308
1.368235
0.646616
0.166565
0.103676
0.009118
1.332147
0.477899
1.361959
0.700925
0.574590
0.213204
0.024024
1.245509
0.088637
0.278821
0.209940
0.376171
1.230313
0.522567
0.410032
0.490376
0.179217
0.795428
0.601407
0.790974
0.974887
0.564063
1.408769
0.175236
0.477881
0.287838
0.255723
1.246989
0.221655
0.035002
0.058758
1.284298
0.215556
0.074931
0.137290
0.123551
1.204710
0.007564
0.696178
0.859145
0.445793
1.029236
0.580791
0.462104
0.912190
0.441284
2.138775
0.722844
0.242509
0.295314
0.105711
1.048974
0.614202
0.132819
0.748687
0.677830
0.278978
0.029238
0.838631
0.620123
0.134081
0.026323
0.614203
1.214108
0.620104
0.460262
0.877971
0.352494
0.443755
0.370356
1.950443
1.269757
0.162357
0.212025
0.444600
0.092130
0.972635
0.206990
1.295925
0.557322
0.283013
0.345793
1.173875
0.185842
0.086027
0.032881
0.390512
0.785661
0.256560
0.712618
0.808708
1.041408
0.769480
0.307543
1.444975
1.465452
0.921900
0.871198
0.066255
0.038361
0.779007
0.211550
0.721737
0.624478
0.256920
0.715399
0.911719
0.264858
0.403314
0.881718
1.162628
0.852224
0.816093
0.912296
0.393300
1.525993
0.573868
0.117315
0.318361
0.646865
1.915878
1.149518
0.446801
0.238975
0.399859
0.000253
0.559941
0.521391
0.163895
0.015616
0.241876
0.348882
0.464328
0.965710
1.028492
1.513429
1.076768
0.402225
0.603371
1.296776
0.317653
0.023004
0.358475
0.351502
2.156950
0.522284
0.584777
0.796887
0.390168
0.041530
0.946561
1.156435
0.692033
0.679667
0.232802
0.803734
0.688196
0.480060
0.704978
1.225406
0.653945
0.208272
0.064367
1.254972
0.185750
0.146145
0.402141
0.011993
1.428461
0.748201
0.193633
1.258997
0.870483
0.384628
0.776767
0.746713
0.623434
0.247222
0.291067
0.932488
0.072979
0.150297
1.108286
0.422138
0.035389
0.144212
0.238387
0.975302
0.363177
0.235615
0.384932
0.429671
1.548259
0.741421
0.441595
0.763612
0.693596
0.099416
1.042648
0.435088
0.302306
0.475282
0.297004
0.943025
0.886483
0.980087
1.734051
0.766413
0.278994
0.024909
0.188604
1.035440
0.121488
0.686665
0.551683
0.728448
1.568790
0.527924
0.030228
0.844453
0.030153
0.049137
1.059572
0.684024
0.106175
0.114917
1.450497
0.866247
0.618162
0.347868
0.145208
1.623274
0.507629
0.324702
0.716469
0.896859
0.783095
0.536791
0.386865
0.532972
0.276974
1.013622
0.009325
1.492848
0.609880
0.239314
0.466548
0.648391
0.122496
0.035077
1.039987
0.737317
0.005054
1.183065
0.037108
1.610668
1.024904
0.065538
1.014123
0.716031
0.786091
0.371010
0.076561
0.385360
0.551199
0.760814
0.369121
0.942364
0.580118
0.010406
0.107011
0.051965
0.705982
0.798999
0.479992
0.038446
0.517774
1.165741
0.247350
0.243052
0.608191
1.246899
0.263928
0.559790
0.441708
1.000918
0.676706
0.227872
0.095618
0.569481
0.265409
0.592871
0.916489
0.822094
1.487979
1.964473
-0.397006
0.231452
1.176490
1.201951
0.733883
0.509526
1.141022
1.121793
0.043730
0.595149
0.891270
0.956063
0.902350
0.456517
0.566670
1.448752
1.329773
0.392701
0.966275
0.743509
0.055203
0.330132
-0.168278
0.043479
2.134156
0.970698
0.645710
0.569075
0.321405
0.464893
0.426975
1.158711
1.165164
0.680805
0.967711
0.551707
0.501096
1.206502
0.764949
-0.050713
0.190666
1.221144
0.900054
1.114488
0.625417
0.656699
0.968960
0.857661
-0.062351
0.784311
0.401616
0.532218
1.155704
0.881227
0.804082
0.440929
0.793488
0.707600
0.771034
1.023138
0.813562
0.805411
1.094297
1.706719
1.421018
-0.304762
0.197483
0.450585
0.789040
0.426716
0.392331
1.207981
1.421439
-0.170613
0.615073
0.402399
0.416263
0.698195
0.425204
1.241469
1.075425
0.762458
0.705933
0.744705
0.884105
1.133318
0.025833
-0.081932
0.946760
1.246735
1.891149
1.017305
0.258192
0.707063
0.621503
0.221441
0.165592
1.234852
0.928657
0.877400
0.625180
0.545489
0.943164
0.506744
0.752084
0.814390
1.196056
0.981493
0.275925
0.494257
1.436980
0.360918
0.651414
0.791480
0.055220
1.346400
0.646426
0.900842
0.613641
0.389019
0.376466
0.758184
0.773066
0.590232
0.769362
1.237878
0.508203
0.169122
0.415246
0.855591
0.890796
0.187881
1.258904
0.580500
0.823274
1.244117
0.670233
1.110648
0.609917
0.395674
1.094342
0.105623
0.278542
1.350937
1.042491
0.519455
0.251813
1.342714
0.717557
0.452207
1.089206
1.584689
0.909836
-0.053902
0.639707
0.589373
0.760975
0.712891
0.452675
0.554280
0.979784
0.619615
0.786717
1.034739
0.030802
0.904954
0.858126
0.465527
0.212641
1.291868
0.739990
0.478902
0.910080
0.935870
0.035743
0.275659
1.056025
0.649447
0.862876
0.356120
0.456320
0.771562
0.427003
0.444246
0.414027
0.668935
1.428132
0.967935
0.026850
0.499569
0.514115
0.965455
0.950040
0.358555
0.780307
0.377418
0.533056
0.736662
1.766930
1.210852
0.355179
0.591326
0.470884
0.969651
0.783459
0.571058
1.334958
0.915149
0.913805
0.318764
0.314478
0.924533
0.888278
0.433735
0.708407
0.422772
0.758232
0.747450
0.794051
1.296171
0.998081
0.532103
-0.150554
-0.018317
0.964290
0.763110
0.901109
0.510093
0.537351
1.074437
0.564453
0.491014
1.015222
0.980035
0.326228
0.799931
0.654976
0.677082
0.738732
0.387599
0.694705
0.813340
0.856021
0.364439
0.979788
0.917660
1.155322
0.539569
0.619440
0.459969
0.982875
1.102087
0.643221
0.618209
0.734532
1.084283
0.407276
0.607887
1.416963
0.359630
0.572172
0.403321
0.770681
1.121724
0.519089
0.841304
0.688200
1.113304
0.724390
0.669024
0.935640
0.556017
0.883086
0.974957
-0.057258
0.248865
1.248871
1.099607
0.999162
0.239964
1.290540
0.811294
0.656260
0.943717
0.094992
0.531912
0.650605
0.345583
1.260196
0.929433
0.428875
0.433145
0.672023
0.471398
0.805326
1.271012
0.361762
0.479154
1.692480
1.111780
-0.137658
0.393576
0.907425
1.256046
0.068317
0.730700
0.755440
1.009299
0.304133
0.605164
0.939617
0.976958
0.040828
0.789198
0.852328
0.690668
1.197436
1.155300
-0.075957
0.622837
0.956043
0.648976
-0.021941
0.832028
1.622126
0.866048
0.432440
0.927810
1.694696
0.867061
0.680261
0.715402
0.231025
0.408619
0.672001
0.910484
0.415294
0.753577
0.926190
0.495546
-0.004642
0.890770
1.125624
0.946335
0.196088
0.865022
1.337244
0.295430
0.277644
0.770612
0.976946
0.192368
0.650715
1.157529
0.710635
0.702254
0.847202
0.673292
0.584569
0.678681
0.775544
0.045538
0.659464
1.047473
0.878292
0.480953
0.347660
0.298203
1.513321
0.389523
0.170589
1.294975
0.698916
0.526576
0.889969
0.843729
1.246342
0.157668
1.127726
0.678634
0.616640
0.399079
0.302726
0.853841
0.491778
1.086068
0.599015
0.690356
1.150412
0.601310
0.954887
0.453555
0.185261
0.635211
0.614726
0.400537
1.336366
0.775322
1.455963
1.197479
-0.517553
1.242000
0.436384
0.637848
0.337685
0.819922
0.639144
0.605566
0.620390
1.030568
0.648600
0.413878
0.468027
0.748318
0.358345
0.428687
1.655960
0.799234
0.677740
0.483530
0.153260
1.071548
-0.208817
0.810569
1.910430
0.534185
0.808825
0.537039
0.322153
0.223976
0.549317
1.133951
0.692412
0.545226
0.787937
0.945786
0.857573
0.720671
1.094108
0.166912
-0.534832
0.742013
0.596947
1.257976
0.912378
0.539141
0.954407
0.597582
0.063833
0.761210
0.462256
0.840269
0.443258
0.746350
0.789417
0.959573
0.787088
0.760843
0.568651
0.603946
0.144147
0.321610
0.589154
2.078212
1.214749
0.176314
0.619552
0.411988
0.796108
0.621954
1.008149
0.847924
1.405600
0.116027
0.865104
0.998564
0.358241
0.526648
0.419425
0.472266
0.878978
0.798249
0.804130
0.841203
1.275525
0.738959
-0.121702
-0.086889
1.593689
0.542362
1.048913
0.983437
0.864136
0.797668
0.340065
0.647753
0.417123
0.871475
0.866786
0.457965
0.578841
0.508631
0.888901
0.890324
0.506783
0.907625
0.470025
0.644112
0.449995
1.322393
1.504804
0.640673
0.562066
1.151819
0.165477
0.984703
0.988406
1.046340
0.920987
0.792983
0.969184
0.852657
0.867712
1.083174
0.292237
0.639676
0.510068
0.933623
0.482374
1.002379
0.593362
0.640043
1.044185
0.532211
1.080551
0.963548
0.502702
0.516067
1.415922
0.244398
0.719504
0.658154
0.668029
0.660502
1.308958
1.080288
0.671718
0.624646
0.592240
0.538062
0.756116
0.717596
0.820475
0.798821
1.332667
0.632924
0.705146
1.086931
0.487504
0.298907
1.091413
0.778281
0.640960
0.986080
0.209666
0.966941
1.171884
0.980833
0.130350
0.785495
0.836331
1.283897
0.960239
0.702698
0.391220
0.738668
1.201124
0.791768
0.378309
1.338220
0.414820
0.297879
1.442286
0.761083
0.359592
0.666862
0.745055
0.875724
0.780650
0.578921
0.703945
0.849562
1.195914
0.582203
0.823274
0.676047
0.486564
0.304527
1.326902
0.955086
0.189963
0.929376
0.697264
0.446987
1.232616
0.704801
0.171527
0.899590
0.929771
0.338995
0.294566
1.036273
0.949388
0.493778
0.596660
0.690287
0.783178
0.986841
0.862094
1.047496
0.549254
0.580969
0.344454
0.426188
0.827349
0.090032
0.763973
0.123830
0.243697
0.782722
0.454806
0.845083
0.212156
1.170745
0.551280
-0.057540
0.379813
0.794705
0.283190
0.736890
0.498426
0.642504
0.359519
0.395082
0.470269
0.413630
1.188217
0.498466
-0.021790
0.305438
-0.113519
1.046595
0.404709
-0.062805
0.285988
-0.015452
1.832587
0.109673
-0.018215
1.321222
0.781162
0.762578
0.597206
0.453654
1.452051
0.211672
-0.036678
0.122217
-0.050844
-0.019690
1.870852
-0.159814
-0.069832
1.896038
1.159848
0.090829
0.235255
1.084768
-0.163252
-0.137530
0.358986
1.154772
-0.073363
0.842930
-0.148498
0.839379
-0.082120
0.219304
-0.177418
-0.077155
0.245688
0.186237
-0.225442
-0.026629
0.666812
0.062426
-0.174320
-0.054630
-0.016616
-0.052069
0.590992
-0.137562
0.247359
-0.066267
-0.015780
-0.058624
-0.090742
0.229201
-0.114700
-0.134558
-0.164376
1.231947
-0.180316
-0.215470
0.869352
-0.224269
0.295072
-0.013759
3.358642
-0.304841
-0.161007
2.172789
-0.020798
0.869944
0.831626
0.755335
-0.120185
-0.031823
-0.106509
0.603838
-0.069178
-0.134272
-0.204053
-0.143810
-0.122694
-0.011254
-0.203446
0.328405
-0.242905
0.906423
-0.249334
0.097366
1.857870
-0.045554
-0.047931
-0.074064
-0.013680
0.439565
-0.116153
0.247337
0.921279
-0.056297
-0.129704
0.332249
-0.191831
0.593779
-0.124249
-0.273982
-0.064623
-0.108992
-0.036602
-0.295497
0.013222
-0.043135
-0.237340
0.434795
2.135951
0.089501
1.031404
0.151022
-0.005738
-0.083437
-0.004151
0.797702
-0.125821
0.943700
-0.151941
1.197700
-0.268665
1.064472
-0.187277
0.370563
-0.264980
1.030150
-0.267240
-0.061448
0.109244
-0.228611
-0.094189
0.710580
1.759506
0.570085
-0.018546
0.281822
-0.080454
-0.192232
-0.063671
-0.081888
0.059984
0.749984
1.759243
-0.151934
1.739856
-0.089893
-0.139522
0.388768
-0.062487
-0.011697
-0.202241
-0.036415
-0.021732
-0.235750
0.254993
0.346802
2.394357
0.140032
-0.030078
-0.190462
-0.115881
-0.057191
-0.056348
-0.138849
1.000723
0.337963
1.016812
1.085312
-0.027884
0.267247
-0.055168
-0.078663
0.642826
-0.029749
-0.162345
-0.067184
0.700468
-0.064006
-0.228990
0.108544
2.773919
0.229903
0.103233
-0.172544
-0.055103
-0.146759
0.305476
-0.166269
-0.150797
1.111920
1.218594
1.271778
-0.045677
-0.008734
-0.113817
-0.161562
0.257179
-0.117576
-0.133917
0.182611
-0.221348
-0.164240
0.460290
0.683907
1.059224
0.248185
-0.394779
-0.122439
-0.037376
-0.073573
0.867380
0.200969
-0.181553
-0.178894
-0.303337
-0.194299
-0.118697
-0.106806
-0.234976
-0.096744
-0.143682
-0.106382
1.399581
-0.396477
-0.034643
-0.142770
-0.219840
-0.159232
4.138662
-0.239582
-0.028933
-0.200248
-0.019493
-0.006483
0.328777
-0.046914
-0.071165
-0.037501
-0.114517
-0.219612
-0.120214
-0.170724
-0.016151
-0.187309
-0.178766
-0.036992
-0.128760
-0.078241
-0.122387
-0.243980
-0.126810
1.211738
0.675166
-0.038321
-0.285625
-0.035078
-0.091916
-0.095166
-0.030395
0.373118
-0.045442
-0.030695
-0.096155
-0.065987
-0.240518
-0.009146
-0.211925
-0.121576
-0.172175
-0.012931
-0.086116
-0.149365
-0.240124
-0.158357
-0.111692
0.672311
1.819110
-0.016091
-0.046365
-0.266109
0.532540
-0.158513
-0.190646
0.543029
-0.149206
-0.221900
-0.055849
0.153106
-0.133364
-0.026327
-0.178770
-0.131660
-0.229428
-0.142014
-0.059970
-0.102250
-0.282664
-0.074635
0.014279
-0.015326
1.528677
-0.038560
-0.046713
-0.116154
-0.008441
-0.062330
-0.444950
-0.182358
-0.039901
-0.016341
-0.235358
-0.134980
-0.147400
-0.064154
-0.189557
-0.154823
-0.205105
-0.225845
-0.150809
-0.132312
-0.036920
0.223503
-0.069589
-0.041225
2.569546
-0.081622
-0.084889
-0.226734
0.490808
-0.091259
-0.256226
-0.121229
-0.306569
-0.120499
-0.103186
0.169875
-0.083886
-0.026295
-0.291972
-0.086364
-0.109768
-0.250331
-0.037816
-0.331793
-0.109225
0.685344
0.170838
0.716531
1.799912
-0.132837
0.287454
-0.088796
-0.177376
0.472460
-0.272749
-0.061094
-0.251455
0.274552
-0.140999
-0.119127
0.292066
-0.139929
0.619698
-0.279007
0.132978
-0.193689
-0.086362
-0.177497
-0.109329
-0.066659
-0.064859
-0.043858
0.900380
0.668799
-0.270093
1.164763
-0.191230
-0.082747
-0.117315
0.024787
-0.180154
0.301550
-0.155537
-0.001454
-0.009959
-0.044234
-0.266396
-0.023858
-0.094385
-0.164068
0.673925
-0.288157
-0.142271
-0.078289
-0.104636
1.611565
-0.053432
1.288259
-0.089872
-0.172501
-0.094626
-0.125085
-0.049328
-0.164784
-0.074466
-0.064832
0.023547
-0.113211
-0.077408
0.856131
-0.164886
-0.069982
0.463062
-0.135089
-0.134802
-0.040817
-0.120318
-0.040824
-0.069121
-0.035618
1.375698
0.516962
-0.173295
-0.065808
0.732218
-0.202192
-0.165418
-0.148052
1.315302
-0.180810
-0.021513
0.033117
-0.040366
-0.124725
-0.001782
-0.284884
-0.093973
-0.237859
-0.163785
-0.030187
-0.113918
-0.214524
0.351336
0.692371
0.928883
0.614448
-0.310696
-0.167273
-0.011694
-0.192039
-0.174185
-0.119226
-0.225421
-0.020757
-0.017960
-0.141788
1.083711
-0.125504
-0.202218
-0.046438
-0.047230
-0.093203
-0.270834
0.700817
-0.189880
-0.136769
0.173699
-0.041317
1.789180
0.002900
-0.179463
-0.144951
0.260460
-0.394631
0.821405
-0.234580
-0.006611
-0.054632
-0.042146
-0.066922
-0.187691
1.115047
-0.077876
-0.246259
-0.158350
0.034047
-0.120042
-0.067483
-0.075872
-0.112087
-0.061599
0.330937
1.804397
-0.174292
-0.162979
-0.289236
-0.019005
-0.084230
-0.195520
-0.082527
-0.053507
-0.149768
0.194292
-0.062819
-0.089160
-0.045804
-0.129939
-0.094401
-0.086800
-0.117026
1.710835
-0.117892
0.313103
-0.054002
0.142053
0.200582
1.030468
0.271995
-0.273116
-0.113850
-0.046024
-0.284539
-0.098844
-0.203568
-0.027918
-0.186281
1.170658
-0.232849
-0.072011
-0.058455
-0.063327
-0.124073
0.407213
-0.113327
0.365550
-0.029118
-0.051000
-0.205436
-0.163125
0.006010
2.141755
-0.192333
-0.187153
-0.118188
-0.063612
0.208460
-0.103737
0.305465
-0.373961
0.954647
-0.112939
0.439348
-0.190642
0.946507
-0.118119
-0.002029
-0.241046
-0.034510
-0.139316
-0.022275
-0.159766
1.285530
-0.154411
-0.013664
1.925098
-0.136268
-0.211031
-0.082246
-0.240925
0.121299
-0.042080
-0.099386
-0.135684
-0.045059
-0.039176
0.422517
-0.311791
-0.043661
-0.002600
-0.103086
-0.104763
-0.136915
2.112504
-0.210547
0.018896
-0.258477
-0.081461
0.369483
1.524600
-0.021932
-0.237527
-0.053261
-0.215375
0.269407
-0.152288
0.131583
-0.070655
-0.017201
-0.136610
-0.016440
-0.145991
-0.213800
-0.046647
-0.180130
-0.094793
-0.176446
-0.144336
0.982084
-0.016394
-0.045463
0.350996
0.062290
2.063099
-0.147806
-0.286645
-0.034920
-0.191123
0.571119
-0.273599
-0.215338
-0.122549
-0.126759
-0.119916
-0.226928
-0.003221
-0.161971
-0.089354
-0.115324
-0.065649
-0.014598
-0.225185
-0.054845
0.118876
-0.158617
0.506600
-0.000889
0.258669
1.409611
-0.162733
-0.050216
-0.088868
-0.007703
-0.109916
0.520264
-0.167862
-0.030802
-0.061291
-0.039100
-0.099689
-0.022067
-0.024956
-0.126433
0.376637
-0.025294
-0.103162
-0.032115
0.291850
0.145994
-0.057290
0.680599
0.847627
1.087043
0.313718
-0.000462
0.935172
1.259151
0.600298
0.679583
1.200876
1.113338
1.148397
0.970468
0.265473
0.911676
0.937867
0.042634
0.658657
1.295082
1.278971
0.750396
0.082334
0.776509
1.213398
0.996954
-0.015346
0.610199
1.512971
0.709580
1.706880
0.634868
0.052014
-0.035217
0.360962
0.572529
1.000320
0.919561
0.553992
1.181253
0.816315
-0.009484
-0.014493
-0.000693
0.996607
1.434489
0.089716
0.633723
-0.016904
0.386704
0.963326
2.099434
2.597759
0.589064
0.026996
1.080003
1.126295
0.611108
0.611261
1.492677
1.681745
0.672172
-0.011116
-0.026205
0.530699
0.176294
1.113027
1.748672
1.773184
-0.014948
0.094794
0.153062
1.241768
1.184108
1.236178
0.981735
1.785676
0.747642
0.908609
1.468072
1.819429
0.618742
0.582719
1.002688
0.794963
0.739192
0.223577
0.536913
0.060688
1.298368
0.496521
-0.013578
0.998081
1.954030
-0.001313
0.588785
0.299277
0.162797
1.265291
2.304740
0.910030
1.193206
0.188774
0.112213
0.696535
0.651230
0.005716
-0.049612
1.233427
1.675996
1.058604
0.380185
0.342759
0.951848
2.155892
0.492989
1.485286
-0.037886
-0.040987
2.003758
0.464837
1.533494
1.243828
0.446434
0.111965
0.162672
0.987343
1.033882
1.472191
1.473765
1.117988
1.015579
1.034223
1.297238
-0.009715
0.918329
0.413111
0.304503
1.335980
0.886009
0.706361
1.752947
-0.033200
-0.006423
0.523299
0.275872
-0.007600
0.645705
0.581497
0.694152
0.552909
0.912053
0.221638
0.918643
1.333341
0.712626
1.508462
1.607658
1.545715
1.168677
0.066773
0.758254
1.397114
1.259804
0.549149
0.161674
-0.050709
1.400117
1.318912
1.210034
1.411026
0.562675
0.793679
-0.008212
1.105844
0.344393
0.966596
0.638717
2.602430
1.659050
0.419204
1.637832
0.504475
1.705566
1.026724
0.725733
1.673244
0.713431
0.223358
2.293743
0.914830
-0.012004
-0.031518
1.169607
-0.000439
0.140313
0.715511
1.735864
1.294611
0.514046
-0.015468
0.955872
1.583705
0.114880
0.594108
0.491958
-0.001258
0.001621
0.382220
0.996369
0.420242
1.092262
1.386654
0.083142
-0.056343
0.452370
1.667688
1.011924
0.579839
-0.040124
1.927606
-0.011504
1.100545
0.571608
0.329307
0.200837
0.890923
1.029316
-0.031656
0.441086
0.799314
1.482414
1.087597
0.385984
0.760831
0.270059
1.448538
1.568212
1.826608
0.741593
-0.041692
1.213193
0.772295
0.262234
0.047404
1.338163
1.941590
1.480412
-0.005018
0.228574
0.665726
0.864469
0.804477
1.573540
1.139033
0.533476
0.455200
1.563965
1.168295
1.245793
1.412794
0.880842
-0.006196
0.691506
0.561727
1.013964
0.886248
-0.018084
1.747977
1.932922
0.158539
1.214196
1.671380
1.173458
0.536659
0.555873
-0.001824
-0.002208
0.079129
-0.005803
0.661726
0.987585
0.018078
0.427787
0.239294
0.750624
1.543022
0.841701
-0.044464
1.413864
1.536343
-0.002804
0.336047
0.598374
0.664108
-0.017627
0.308555
1.005651
0.443249
1.282370
1.023433
0.579260
1.047940
0.637269
1.152522
0.417256
0.548280
-0.009050
1.172295
1.654262
1.769265
1.130700
0.151077
0.244400
0.934817
0.939403
1.515461
1.392730
-0.046344
1.183251
1.723572
2.178040
2.006203
1.288350
0.424618
-0.050565
0.471389
0.401480
0.401860
1.454267
0.859892
1.119076
0.478825
1.399326
1.898295
0.708585
-0.061179
1.025781
1.808586
1.505414
0.270643
0.866823
1.491827
0.640961
0.743538
1.530153
0.298488
0.532439
1.431665
1.032651
1.053770
0.167235
1.318575
-0.000218
-0.022693
0.349465
0.482310
0.228490
2.251626
0.648255
0.378560
-0.013973
1.102482
1.027893
0.790518
0.489645
0.418003
0.298046
0.788149
0.118542
1.690165
0.411792
1.034757
0.715969
0.411125
0.746634
0.189569
1.168590
1.267022
0.772932
1.023984
1.961779
1.082829
0.575280
-0.051280
1.281315
2.105507
0.976822
0.376413
1.347196
0.895068
0.165564
0.454827
0.847886
0.485184
1.942817
2.145747
2.061090
0.399579
0.070205
1.084080
0.460653
0.411994
0.537984
-0.008316
0.450412
1.035897
0.149441
0.289393
1.112597
0.621210
-0.002631
0.698344
0.253854
1.478895
0.545752
1.069039
0.042246
0.152687
0.416781
0.326379
1.042959
1.698379
1.203840
1.192360
1.269183
0.807960
0.507068
0.296229
1.600269
1.728951
-0.019830
0.136769
0.414333
1.435431
0.227783
1.264024
2.024137
0.506230
-0.014239
0.195414
1.760928
0.488896
0.991597
0.756379
1.211758
1.204521
0.968549
0.513547
0.127600
-0.021615
0.238103
0.696392
-0.016691
1.666866
0.605995
-0.058159
1.018871
0.842418
-0.010658
1.405143
0.887106
0.128086
1.160037
1.050297
1.583007
0.482591
0.027357
0.220816
0.649625
1.481998
1.039649
1.466504
1.791881
1.337343
0.776822
0.602088
0.825753
1.754472
1.874826
-0.007164
0.147663
0.264096
0.140047
1.656085
1.872290
0.120636
0.219886
0.585826
0.781102
1.221772
0.091433
0.692609
1.064055
0.963533
1.294945
1.079160
-0.000001
0.399319
-0.005873
0.761269
0.280612
1.198031
1.440055
-0.037628
0.555921
0.760106
0.758761
0.613923
0.857837
0.808492
0.698001
1.037203
1.304258
0.853022
0.352382
-0.009035
1.062022
0.563719
0.247385
1.166664
0.800712
1.148582
1.519758
2.349794
1.337027
0.616990
1.286730
0.104303
0.275360
0.413218
0.833192
1.056496
0.434463
0.699978
0.108625
0.010065
0.107063
0.995260
0.961870
0.654523
0.276255
1.120176
0.798911
1.030878
0.759917
1.095094
1.051647
-0.009777
0.567297
0.224486
0.819619
0.350595
0.977250
0.556574
0.491319
0.677146
1.019855
1.686568
0.426534
0.205241
1.637924
0.869873
0.351761
0.396987
1.033347
1.205617
0.980404
1.180842
-0.023527
-0.010464
0.462897
0.871890
1.524010
-0.017607
1.336965
0.033019
0.544070
0.960676
0.608627
1.176907
0.037150
0.381387
0.579144
0.176106
0.712769
0.680439
0.513198
1.638149
-0.030442
0.380232
0.215874
1.398374
0.813272
0.916799
1.121265
0.558344
1.065970
1.076497
0.352292
0.836923
1.273879
0.649603
0.178230
0.342262
1.238850
0.953163
0.469692
0.711878
0.596267
1.549958
0.338623
1.120909
2.235151
0.982246
0.476502
1.301573
1.144926
-0.004683
1.700365
1.210996
0.283080
-0.002217
0.422500
0.544850
0.839113
1.041645
-0.011132
0.579698
0.712454
1.089336
0.419958
0.341877
0.968006
1.664975
0.740728
0.791453
-0.034531
0.766663
-0.012057
1.510261
0.504293
0.809396
0.281426
0.216112
0.085987
1.482630
0.193754
0.016411
0.686958
0.097055
-0.002889
1.198489
0.787549
-0.040593
-0.000595
0.907532
0.533594
0.511336
0.231568
0.471458
0.702634
0.680751
0.247611
0.905397
1.102535
-0.050094
0.881170
1.192858
0.049136
0.371379
0.480691
0.010965
0.816109
1.018456
1.926512
2.273565
2.020094
0.809801
0.912454
1.963330
1.777799
0.190302
0.969199
1.142051
1.084462
1.177195
1.074290
1.320512
1.313909
1.037932
1.456358
1.638335
1.844497
1.323777
1.489009
0.647441
1.193407
1.454362
0.410447
-0.339128
0.047078
-0.086834
1.782634
0.947619
-0.355541
0.906224
1.146281
1.218107
-0.182127
0.482571
1.015530
0.649691
0.919141
1.333783
0.973448
-0.557472
-0.266032
1.053785
0.570908
-0.289671
0.340834
0.369032
-0.143914
0.659604
-0.172020
0.008423
-0.204115
-0.355624
0.039712
0.658674
0.114953
-0.874142
0.915351
1.103611
0.888179
1.142942
-0.103331
-0.626761
-0.059859
0.745222
1.821573
0.819833
-0.070147
0.952141
0.128243
0.111384
1.119141
-0.183812
-0.336229
0.581207
0.064196
-0.478626
0.174985
0.748705
0.112311
2.310416
1.331801
-0.066247
0.496458
0.465317
-0.222610
0.522176
0.237267
1.426679
0.610534
-0.423385
-0.024416
0.962134
0.765305
2.011961
-0.907272
-0.063590
0.499467
0.579391
-0.180816
0.238292
0.710394
1.091447
1.517475
0.571923
-0.715691
-0.224335
-0.300637
0.489838
0.991421
1.102108
0.707217
-0.049842
-0.613619
-0.101908
1.258112
-0.022086
-0.637003
-0.836220
2.132828
1.209066
0.344359
-0.563298
0.055157
1.406900
0.617267
-0.375822
-0.628079
-0.782803
0.722993
0.831422
0.824233
-0.309660
0.649185
0.784474
0.091840
-0.400266
-0.238386
1.597815
0.832511
0.690770
0.776503
1.216285
1.188529
0.133514
0.141193
1.018299
0.862564
0.068680
-0.435364
-0.608915
0.257586
1.184125
1.337563
-0.105536
-0.208354
-0.118534
-0.106352
-0.388526
-0.199664
0.259557
0.770210
0.113006
0.711263
0.434493
0.743370
0.737495
-0.552537
0.548310
0.298332
0.521885
-0.000290
-0.268970
1.070924
1.417369
0.181123
0.491021
0.144593
-0.366373
-0.373931
0.192576
0.326671
0.183783
0.810649
0.809008
0.443709
0.679854
-0.983043
0.077521
0.068171
0.121816
1.221570
-0.643159
0.212914
1.828774
0.396818
0.030044
1.409000
1.929831
-0.254340
-0.361136
0.190234
1.515182
0.233543
-0.191787
0.098302
0.692738
-0.016108
0.093726
-0.049739
-1.033741
1.291709
2.927611
0.296809
0.854876
-0.572418
0.587037
-0.081700
-0.249883
0.735828
2.383188
-0.265159
-1.135465
0.868343
0.424232
-0.144764
-0.141086
0.798498
0.871086
0.902442
-0.331835
0.749462
0.239523
-0.300018
1.153294
0.910920
-1.220995
-0.198154
-0.481017
0.406730
-0.119511
0.677322
-0.206516
0.323867
-0.442086
-0.390535
1.762660
-0.138206
-0.191299
0.483779
0.896016
0.485933
1.319495
0.344509
0.679242
-0.102327
-0.345349
0.504969
0.827606
-0.609325
-0.012028
-0.011387
-0.397720
-0.043159
1.675684
0.199638
0.290508
-0.399925
-0.562575
0.671205
0.176251
0.767195
0.505088
0.167056
-0.388520
0.935500
-0.252147
-0.460312
0.115721
-0.149232
1.484250
1.385811
-0.597921
0.935827
0.615322
0.788547
1.546879
0.571121
-0.097210
0.508540
-0.018024
1.423296
1.649995
0.302613
-0.187994
0.216769
-0.055036
-0.241979
1.052626
0.082959
-0.657482
0.735653
0.876662
0.767561
0.208268
-0.385939
0.879706
-0.003197
-0.298782
0.759604
-0.317344
0.480713
-0.177822
-0.046774
1.384163
0.546832
-0.333422
0.060276
0.804822
0.794921
0.061641
0.563292
-0.016785
-0.282313
1.064220
0.316192
0.931212
1.001336
0.253103
0.538438
-0.268230
-0.317588
1.601370
-0.318184
0.538420
0.519942
0.727255
0.362500
-0.169459
-0.393339
1.077640
1.404431
0.939459
-0.663453
0.922387
0.950093
-0.173727
0.354754
-0.082976
0.752619
0.365678
0.473011
0.093530
-0.044121
0.932396
-0.035410
-0.069249
0.923195
0.510107
-0.202927
-0.442846
-0.425079
-0.169187
0.798213
0.314929
-0.227352
-0.354029
0.309760
-0.129550
0.081289
-0.205423
0.072018
1.377864
0.248831
-0.281827
-0.123173
1.650093
1.335122
-0.283586
0.795737
0.519281
0.151489
-0.352838
-0.273934
0.617538
0.498020
0.137333
-0.148891
-0.239764
-0.131501
-0.194458
1.322142
0.179658
0.081162
1.379991
0.741817
-0.109050
-0.488025
-0.062234
1.291522
0.132421
0.271025
1.542239
0.925185
-0.523546
-0.098642
0.961355
0.565167
0.882905
0.704124
0.211059
0.317512
-0.007648
0.987014
1.088390
-0.087860
0.810521
0.748254
0.836481
-0.257692
0.278238
1.270552
0.819070
0.054098
-0.225904
0.755118
-0.385164
-0.690797
1.163818
-0.040462
-0.255909
1.236890
0.963919
-0.128732
0.987705
0.898459
1.805713
-0.137346
-0.268355
1.578615
0.339644
0.014583
-0.254381
1.128413
1.656791
-0.121167
-0.386840
-0.228183
-0.311101
-0.875164
0.479878
1.957416
1.077193
0.654024
1.670344
-0.240406
-0.398360
0.767696
0.605261
-0.120097
-0.734495
-0.114831
0.476485
0.064923
-0.350072
-0.000831
0.765403
-0.232742
-0.353427
-0.124556
1.104898
-0.208174
-0.028892
1.691604
0.783032
-0.915512
-0.516443
0.194403
0.072105
0.688791
-0.034026
0.213825
0.180255
-0.091857
0.396400
0.776666
1.673620
-0.263172
-0.061991
0.452864
-0.389827
0.081395
0.740735
1.397651
0.216384
0.238106
0.740813
-0.135375
-0.279930
-0.274698
0.888469
-0.084078
0.442039
0.381419
1.272431
0.407687
-0.158584
1.017756
-0.176468
0.950913
0.662143
0.663537
1.180851
0.395990
0.820189
0.960220
-0.279881
-0.548213
-0.053252
0.212989
-0.198700
1.791699
0.569291
1.522962
0.472481
-0.247054
-0.282955
0.396809
0.125934
0.410210
-0.041997
-0.286670
0.928430
0.305978
0.066303
0.483547
-0.132089
0.309220
0.099235
0.310235
-0.271514
0.579433
-0.133500
0.490547
3.136912
-0.092360
-0.097682
1.494575
0.000788
0.335535
0.376187
0.879528
-0.307340
-0.381398
0.515122
0.353952
0.313356
-0.038016
-0.221635
0.059657
0.790414
0.188292
0.274101
-0.002554
1.300825
0.754481
0.707528
1.465439
-0.152132
-1.292570
1.631402
0.484808
0.257950
0.503329
0.969109
0.868161
0.560990
1.481003
1.005108
0.444500
0.046690
-0.213896
0.686765
0.124699
-0.155736
0.803712
0.272118
0.769811
-0.134936
-0.263953
-0.128460
-0.443445
-0.248364
3.020335
2.299277
0.628996
-0.609933
1.014065
1.153328
-0.262113
1.119233
-0.654588
-0.195199
0.562052
-0.137624
0.117880
0.345962
0.375328
0.298006
-0.204298
0.040896
0.366350
0.847689
0.150958
0.028274
1.379720
0.269970
0.224248
-0.937480
-0.282359
0.160834
-0.109836
-0.736798
-0.516501
-0.094774
1.015127
0.636622
-0.296646
0.638023
2.557870
-0.118166
-0.385031
0.839254
1.502960
0.512875
-0.903985
-0.570338
0.775303
0.651383
-0.411533
-0.507947
-0.670923
-0.215587
0.680549
1.528056
-0.552890
-0.353864
0.560137
0.396752
-0.624594
-0.785320
-0.081464
-0.280181
-1.221745
0.170797
0.272015
-0.421070
-0.665464
-1.019463
-0.089789
0.597496
0.219193
0.246702
-0.982913
-0.630513
0.271675
0.335514
-0.635585
-0.294782
0.037451
2.708749
4.115363
-0.001357
-1.727026
-1.437720
1.200104
2.840062
4.126964
4.921976
3.299730
0.317969
-0.422581
-0.145564
0.105439
1.085911
-0.094194
0.138058
4.223567
3.513315
1.249386
-0.055060
0.410598
3.558162
1.365696
-0.157036
-1.660478
1.330237
4.583812
3.846257
2.396233
0.057268
-0.937392
-1.639554
-1.022452
1.203693
1.551987
1.045253
0.004330
-0.291146
-0.055890
-1.426157
-2.339819
-0.784426
1.702343
2.210261
0.668605
-0.585090
-0.850874
-1.175282
0.450437
3.014647
1.926150
-1.034973
-1.885318
-1.205683
-0.135827
-0.571529
-0.956946
-0.070377
0.457553
-0.177555
-0.226541
-0.558656
-0.269288
3.043451
3.597810
0.766503
-0.736476
-0.126196
-0.640994
-1.190323
1.110217
0.497438
1.261437
1.657153
1.022766
1.363008
1.570458
0.662939
2.399019
3.572320
3.900635
0.732359
-0.792441
-1.362947
-1.418603
-0.719281
-0.238276
-0.476285
-0.756433
-0.780534
0.727020
0.672729
-0.404070
-0.060622
-0.391774
-0.361093
-0.086124
-1.524138
-1.167108
0.200706
1.951407
-0.275733
-1.020679
-0.977788
-0.634791
-0.302222
1.777360
5.565038
5.953696
2.981293
-0.397933
-0.609662
-0.353731
-0.015877
-0.747084
-2.105045
-0.140057
1.768554
3.723682
4.672351
1.327486
-1.503712
-2.302088
-1.519926
0.013284
1.610443
2.071084
1.269438
-0.930607
-0.837621
-0.906002
-1.546562
-1.420720
-0.469401
-0.182815
1.647081
0.752747
0.092130
2.184524
1.187136
-0.612664
-0.695088
-1.186710
-1.822814
-0.854711
3.273723
4.025365
0.706813
-1.388016
-0.666087
2.090581
4.813859
5.130704
3.972722
0.912129
1.789834
0.279793
0.350895
-0.212859
-0.074897
1.278721
-0.141026
-1.637724
-0.733296
0.442941
-0.170694
1.215417
1.131680
-0.077637
-0.257033
-0.603006
1.245135
1.061145
-1.481835
-2.024526
-1.069389
-0.436055
2.366048
2.808590
2.951563
2.490280
2.259733
2.922658
1.301004
-0.941423
-0.009353
1.208183
2.973011
3.448941
0.726005
0.598357
2.109116
0.572380
-0.396803
0.640624
1.149161
1.906016
1.770714
-0.883401
-1.455553
-0.855277
-1.119877
-1.177043
-1.880064
-1.596598
-0.751854
-0.638697
-0.030172
0.030736
-0.437981
-0.477970
-1.402959
-1.769289
-0.961873
-0.816659
-1.075704
-1.271024
-0.433704
-0.377589
-0.989731
0.372860
1.969285
1.996160
-0.740608
-3.042336
-3.618975
-3.113340
-2.090932
-1.644372
-1.718413
-1.671076
-2.561953
-1.512689
0.108179
2.786550
2.276750
1.939397
1.133661
-0.093881
-0.145808
-0.550593
-1.428174
-1.673338
-0.801825
-0.589463
-0.506682
0.424744
3.769035
5.516392
7.347620
6.807609
6.664207
6.573270
2.346740
1.553038
2.672849
2.539199
1.398045
0.697134
-0.083049
0.660893
0.020989
-0.329052
-0.089479
1.490661
1.454271
3.173500
0.552430
-0.230361
-0.272108
-0.273578
1.900681
2.421958
0.764531
0.880643
-0.203779
-0.483341
-0.192713
2.226997
3.567138
0.999560
-1.099526
-0.851756
-0.039461
0.527813
-0.925493
2.529378
3.293764
0.231758
0.115063
3.068025
2.226017
-0.187572
0.550612
0.805906
-1.065208
-0.500041
0.831628
-0.425220
-0.604780
-0.195006
1.331982
-0.184705
-1.090148
-0.016989
0.961897
-1.232991
-0.639869
1.188995
2.365549
-0.309181
-0.510239
1.309128
2.801713
-0.029383
-1.087963
-0.861410
-0.242960
1.169764
0.929610
-0.603836
-1.078008
-1.473184
-1.260066
-0.980867
-0.470110
0.207948
1.618512
2.236900
4.052478
4.503482
3.324087
1.498058
1.397691
-0.554526
-0.449748
1.078915
-0.371192
-0.261134
1.127405
1.392645
-0.645955
-0.586645
1.069146
1.557988
-0.085248
1.887439
3.313549
-0.008252
-0.301485
-0.857724
-1.239732
-1.755876
-2.667113
-2.356567
-1.581052
-0.893693
-0.667651
1.970562
0.802622
-0.549672
-1.233215
-1.851637
-0.678857
-0.066579
1.592965
-0.754152
-0.982831
-1.196827
-0.360967
1.310391
3.301283
3.406766
1.406814
-0.235753
-0.386423
0.677849
3.165868
1.800544
-0.477236
-1.695906
-1.530313
-0.378824
0.686956
0.320614
0.362251
1.828630
1.633522
0.795406
-0.537075
0.642353
2.278084
0.938351
2.592615
1.558491
-0.849789
-1.030781
-0.681934
-0.391629
0.501058
2.527901
0.118403
0.868805
5.445560
3.209349
-0.634269
-0.560053
-0.745121
-0.759190
-1.041467
0.210511
0.100829
1.645647
1.302433
0.820129
-0.949183
-1.408650
-0.836003
-0.906553
0.746457
1.824347
1.876051
2.653941
1.864260
-0.896027
-1.153991
2.490751
2.163713
1.880508
2.354864
0.391965
-0.533406
-0.730375
0.264875
1.921320
0.977348
-0.160998
0.094319
2.569679
1.900849
-0.086042
-0.239392
-0.763528
-1.177146
-0.198512
-0.110528
-0.996072
-1.092036
-0.836907
0.558043
-0.560328
-1.780861
-1.613775
-0.257336
1.919612
1.514175
1.322282
0.225586
-0.366141
-0.656984
-0.918598
-1.017973
-0.308276
0.124075
2.008549
2.362870
3.087638
-0.277743
-1.279874
-0.118110
1.797519
3.030555
2.544441
1.168809
-0.984644
0.625958
2.146101
0.679139
-0.463502
-0.986805
-1.024702
-0.790922
-0.022241
-0.508727
-0.231129
1.379435
-0.688255
-1.016564
-0.536045
-0.051701
1.624086
3.394479
0.405291
-0.716610
0.763390
0.755904
0.326033
-0.254724
1.427978
0.628863
-0.411927
-0.852535
0.492036
-0.042784
2.107558
0.814677
-0.088351
-0.420502
1.124800
0.788012
0.408193
-0.186644
-1.046006
-1.097547
-0.971611
-1.186718
-0.197884
-0.290368
-1.137871
-1.993424
-1.159319
-0.325639
1.082893
-0.301168
1.281181
-0.056369
-0.845725
-0.113562
2.493127
1.825012
-0.463785
-1.112321
-1.164295
-1.630579
-1.072198
0.189070
1.507055
0.218307
-1.584641
-0.969839
-0.287793
1.836750
2.142426
2.489760
1.286552
-0.817453
-0.927039
-0.509418
-0.728656
0.789125
1.991751
0.551113
-0.915453
-0.778499
2.631009
4.148514
1.767592
2.173665
0.728682
-0.500488
-0.721409
-0.546589
0.939700
2.631410
1.063131
-0.961260
-1.077181
-0.321878
0.116602
1.225417
-0.313380
-1.232035
-0.750569
-0.073647
0.396105
0.508066
0.630950
-0.399363
-1.643525
-0.210283
0.591626
0.312179
0.020410
1.071311
2.161315
2.219593
-0.419803
-0.001028
0.718055
1.605068
-0.152702
-0.038640
-0.183962
0.723199
0.862331
0.989303
0.502570
-0.296067
-0.143298
-0.279354
-0.023193
1.581795
1.238180
0.365745
-0.691624
1.696071
2.888352
2.306013
0.260188
-0.278502
0.784279
-0.230957
-0.747105
0.826213
1.627101
-0.337733
0.402832
1.214623
-0.300504
-0.222204
1.624722
-0.592776
-1.002496
-0.065180
-0.471519
0.904377
1.639720
3.411235
-0.261326
-1.776149
-2.157043
-0.932167
0.161807
-0.473846
1.880743
2.357744
0.070774
-0.534856
-0.264703
-0.388484
-1.415752
-1.139200
0.141999
1.801394
0.239277
-0.227653
-0.106677
-0.045972
-0.327148
-0.286760
-0.690874
-0.517248
-0.063756
0.755727
0.268505
-0.253505
-0.173787
-0.129065
-0.248178
-0.355010
-0.092587
-0.067976
-0.098484
0.852796
1.045575
0.563865
0.045269
-0.003983
-0.078639
0.367702
-0.032713
-0.134208
-0.186602
-0.043038
0.504933
0.255198
-0.094197
-0.206951
-0.088619
-0.050371
-0.087679
-0.018077
-0.054897
-0.039074
-0.050697
-0.052008
0.064861
-0.030971
-0.125779
-0.267361
-0.230151
-0.254270
-0.176313
-0.152350
0.543979
1.216387
2.169935
0.251609
-0.120560
-0.056927
0.866149
1.516696
1.159716
1.468455
1.198014
0.762365
0.586965
0.774271
0.887034
1.252692
0.692363
0.861809
1.955330
2.902335
2.847859
2.130331
1.898121
0.970128
-0.095435
-0.173439
-0.266066
0.169238
1.346449
0.589395
-0.008315
-0.011863
-0.033465
-0.144723
-0.109576
-0.068001
-0.059784
-0.109864
-0.165685
-0.188997
-0.143534
-0.105549
-0.153399
-0.128384
-0.050754
0.078440
-0.024471
-0.054277
-0.095227
-0.013681
0.221607
-0.101206
-0.245946
-0.198332
-0.099899
-0.100588
-0.065623
-0.018788
-0.038128
-0.043005
-0.057269
-0.073787
-0.041869
-0.039491
-0.041336
-0.054937
-0.071919
-0.082186
-0.013414
0.124266
-0.014524
-0.038993
-0.015296
0.144437
-0.015572
0.080716
-0.009764
-0.006422
-0.021355
0.130361
0.111692
-0.036582
-0.061686
-0.064488
-0.007495
0.372558
0.157704
-0.029079
-0.118035
-0.106234
0.026040
-0.011289
-0.073554
-0.092625
-0.065008
0.125167
-0.056322
-0.034577
-0.071757
-0.051253
-0.060915
-0.018333
0.142752
-0.078352
-0.081627
0.211280
0.908276
0.587965
-0.027461
0.067906
0.190630
-0.037837
0.129322
-0.046116
-0.127677
-0.088392
-0.090189
-0.199106
-0.180333
-0.129500
-0.038376
0.073217
0.649561
-0.030632
-0.047004
0.152083
-0.030077
-0.054494
-0.111159
-0.170519
-0.212260
-0.176585
-0.102620
-0.106833
-0.028830
-0.062932
-0.212791
-0.082314
0.326701
-0.047913
-0.076064
0.201266
0.594361
0.139610
-0.001440
-0.003817
-0.128438
-0.027514
-0.102908
-0.177693
-0.235971
-0.077098
0.150897
1.137110
0.869315
0.660141
-0.024095
-0.120519
-0.209178
-0.059263
0.366431
0.289970
-0.143526
-0.090039
0.092860
-0.043085
-0.067918
-0.039035
-0.021742
-0.036259
-0.087238
-0.171573
-0.112507
-0.026802
0.553810
0.152035
-0.043102
-0.130599
-0.136419
-0.095772
-0.121173
-0.096089
-0.116084
-0.214327
-0.129917
-0.105289
-0.069876
-0.026823
-0.057291
-0.009440
-0.056430
-0.086833
-0.155235
-0.094618
-0.101531
0.523250
0.260900
0.105956
-0.031220
-0.147931
-0.114653
-0.120614
-0.127381
-0.119828
-0.048546
-0.027550
0.129551
-0.005974
-0.054493
-0.032646
0.649544
-0.034735
-0.112834
-0.143792
-0.134485
-0.061302
-0.078968
-0.174521
-0.168432
-0.255716
-0.096887
-0.038745
0.208559
0.410329
-0.024556
-0.164123
-0.098208
-0.213708
-0.177728
-0.117422
-0.040785
-0.007557
-0.057937
-0.040232
-0.070637
0.072184
-0.065027
-0.162480
-0.120479
-0.073502
-0.020192
0.145608
0.564066
0.609398
0.272751
-0.091359
-0.152712
-0.134842
-0.077413
-0.011569
-0.067896
0.158232
0.807972
0.214609
-0.012647
0.271744
0.453105
-0.024538
-0.192234
-0.266757
-0.104389
0.275055
0.315120
-0.056779
-0.075672
-0.041128
-0.071707
-0.057458
-0.170743
-0.146044
-0.123961
-0.076183
-0.074200
-0.058744
0.636178
0.854869
-0.037209
-0.075930
-0.085510
-0.078841
-0.097249
-0.048243
0.425593
1.051754
0.878707
-0.058524
-0.104733
-0.053783
0.171255
0.148034
-0.012696
-0.102606
0.033954
0.025637
-0.068999
-0.112073
-0.064607
-0.059179
-0.245434
-0.171319
-0.101072
-0.069315
-0.115251
-0.160488
-0.133764
-0.096195
-0.079170
-0.085896
-0.113842
-0.036260
0.067531
-0.015375
-0.020283
-0.119394
-0.176324
-0.082662
-0.011580
-0.127774
-0.125740
-0.056554
-0.048724
0.413377
-0.005319
-0.126158
-0.194314
-0.144406
-0.112231
-0.078574
-0.082979
-0.098522
0.042985
-0.037562
-0.003072
-0.002915
-0.050532
-0.029145
-0.114422
-0.046765
0.289943
-0.085525
-0.220627
-0.087667
-0.038348
-0.096611
-0.127047
-0.059742
-0.020883
0.322084
0.492162
0.402366
0.163866
0.064855
0.665485
1.077416
0.018818
-0.117338
-0.083514
-0.103876
-0.131342
-0.174573
0.320061
-0.003449
-0.016020
-0.004098
0.304916
0.505754
0.581205
0.933002
0.069287
-0.078099
-0.131016
-0.187387
-0.145626
-0.048151
0.468942
0.588914
-0.117097
-0.214664
-0.213316
-0.180210
-0.216301
-0.161084
-0.070137
-0.173977
-0.113937
-0.091891
-0.094208
-0.058887
-0.133318
-0.123522
-0.037960
-0.073636
0.006849
-0.014707
-0.030295
-0.073231
-0.028736
-0.071104
-0.131906
-0.098737
-0.044889
-0.011004
-0.018519
0.677725
1.109928
0.116120
-0.075993
-0.010351
-0.017431
0.140196
0.074395
0.216119
0.180783
-0.019925
-0.072077
-0.136251
-0.126128
-0.156464
-0.026948
0.773217
0.305483
0.074972
-0.007125
0.531139
0.248469
-0.031823
-0.052302
-0.109479
-0.133224
-0.038774
0.660161
0.705045
-0.096260
-0.087437
-0.113503
-0.112931
-0.094501
-0.108575
-0.110193
-0.104682
-0.035038
0.367656
-0.109283
-0.150167
-0.136513
-0.141826
-0.061781
-0.092699
-0.070962
-0.090476
-0.055144
-0.063420
-0.033989
0.180669
0.196613
0.203163
-0.069418
-0.084417
-0.143877
-0.115500
-0.124861
-0.122008
-0.133383
-0.045177
-0.092988
-0.199431
-0.103526
-0.024165
0.487647
0.700094
0.431017
-0.045354
-0.049882
0.177084
-0.021610
0.177172
-0.049998
-0.047628
-0.213038
-0.211302
-0.055644
-0.050491
0.223022
-0.064633
-0.062778
0.342133
0.599792
0.544636
0.497302
0.341388
0.143451
-0.102328
-0.136870
-0.112298
-0.160675
-0.141854
-0.128669
-0.054429
0.059693
0.531141
0.246662
-0.034117
-0.027625
-0.003377
-0.115379
-0.130575
-0.088494
-0.001905
0.384527
0.085699
-0.002176
-0.036381
0.186800
0.933448
1.089029
0.652713
0.251259
-0.066514
-0.142030
-0.258503
-0.164563
-0.117880
0.235952
-0.001613
0.159912
-0.007523
-0.006618
-0.035792
-0.017963
0.195411
-0.033713
0.059116
-0.034943
-0.115512
-0.116846
-0.072950
-0.128442
-0.087285
-0.134852
-0.077959
-0.054344
-0.071575
0.229772
0.439551
-0.020226
-0.061373
-0.102892
-0.234475
-0.133182
-0.151786
-0.164043
-0.217432
-0.072209
-0.051230
-0.013840
-0.049190
-0.090782
-0.038088
-0.075482
-0.099169
-0.143252
-0.135448
-0.169517
-0.203193
-0.169200
-0.063022
-0.050885
0.973050
0.845374
0.276500
-0.119603
-0.195397
-0.264298
-0.134617
0.458057
1.009477
-0.057226
-0.211188
-0.262656
-0.154998
-0.005865
-0.086406
-0.216469
-0.264318
-0.153513
-0.104454
-0.034005
0.206123
0.137702
-0.084021
-0.107244
-0.224861
-0.216536
-0.180736
0.388473
0.812481
0.728311
0.271251
-0.003486
-0.004060
0.046515
0.819005
1.386785
0.545845
0.450126
0.566553
1.065313
0.472601
-0.040616
-0.181341
-0.195088
-0.162764
-0.079608
-0.065212
-0.162858
-0.150145
-0.144707
-0.163273
-0.266761
-0.122509
0.335792
0.751342
-0.003309
-0.079556
-0.084756
-0.088281
-0.039695
-0.000262
-0.056152
-0.018264
-0.026101
-0.132492
-0.363868
-0.444266
-0.213087
0.132441
1.114230
1.237318
1.431397
1.848383
1.401057
1.440289
0.545014
0.045084
-0.148731
-0.179499
-0.187499
-0.134527
-0.665366
-2.447598
-4.131655
-3.458800
-4.646455
-2.822244
-3.170348
-4.248135
-2.883303
-3.469912
-3.368940
-3.382551
-3.674633
-3.367411
-2.144624
-2.280008
-2.261482
-2.959243
-2.690598
-3.438752
-2.536778
-3.561217
-2.652039
-5.253050
0.124505
-1.936935
-0.669511
-0.003577
-0.194227
0.468703
0.105952
-0.923718
0.114482
-0.931043
-0.739709
-0.700751
-0.683452
-1.740359
-1.792416
-1.393187
-1.654246
-0.812827
0.128926
-0.811653
-0.301263
-1.634919
-0.054478
-4.613320
0.379458
-2.056973
0.700471
0.394629
1.169273
0.363892
0.580435
0.216936
0.840968
0.695191
0.744217
0.900169
0.870143
0.929705
0.226202
-0.132079
-1.342293
-0.109337
0.376048
-1.330435
0.134366
0.527091
0.746017
-2.870841
0.731127
0.063192
-0.049396
-1.127549
0.103380
-0.448553
-0.055157
-0.445866
0.292325
0.450564
-0.069176
-0.404811
-0.257522
1.024135
0.309442
0.510345
-0.224571
1.467884
0.818650
-0.535242
0.846203
0.941465
0.019015
-2.657917
0.334165
0.239885
-0.574944
0.134284
-0.606169
-0.055491
-0.218562
0.099375
0.480155
0.920857
0.768416
0.061313
0.683783
1.351752
0.482040
0.283544
0.160056
1.530390
0.056608
0.577064
1.698511
0.642151
-0.433411
-2.306235
-0.024955
-0.607766
0.288222
1.544183
-0.584403
1.499766
0.492512
0.326119
-0.359015
0.299911
0.138299
0.121760
0.604339
0.141073
-0.065619
0.013073
-0.036979
1.048220
-0.186354
-0.276194
-0.106059
0.843458
-0.214407
-1.463239
0.349104
1.003232
1.657143
0.207421
-1.255011
1.682528
-0.236711
0.152179
0.170987
1.003753
-0.538550
-0.783765
0.035194
-0.068482
-0.134369
0.462196
0.445816
0.693616
-0.496908
-0.491998
0.093355
0.951261
-1.096395
-1.410856
-0.733373
-0.738947
-0.403200
-0.958165
1.095123
0.258686
-0.003417
0.513087
1.228546
1.739937
0.468632
0.778159
0.301187
0.418768
0.898095
0.296926
0.909253
0.562631
-0.205769
0.542847
1.027273
0.124445
-1.382640
-2.167540
-0.168330
-1.075724
-0.368355
-0.934798
1.777774
-0.721260
0.574967
0.283160
0.412665
-0.229775
-0.357791
1.764080
0.936461
-0.296795
1.023042
-0.076084
0.702825
-0.030244
0.008851
-0.711884
0.121311
-0.162844
0.288248
-2.192723
0.621270
0.035050
1.204534
-0.363038
0.623591
-0.521304
0.443856
0.242024
0.695350
-0.664670
-0.435913
0.464276
0.815978
-0.136577
0.029049
0.102917
0.591817
1.092800
2.001922
0.559971
0.291140
0.393219
0.449740
-2.900596
0.816832
-0.344763
0.738030
0.880873
1.180411
0.502072
0.389205
1.034105
1.232058
-0.298160
0.263505
0.121292
-0.242079
0.448613
0.405690
0.471483
-0.492585
0.362954
1.054487
0.826733
0.842203
0.244145
-0.466930
-2.984576
0.869100
-0.090435
0.462916
0.607395
0.093341
0.063855
-1.099740
0.706582
0.302102
-0.263896
0.437323
0.888557
-0.080387
0.476640
0.072254
0.547023
0.332341
0.093634
0.459711
0.176167
0.736438
0.286664
-0.928164
-1.692109
0.943086
-1.003620
0.168447
0.083096
-0.283428
0.371754
-0.676967
1.373948
0.469054
0.682901
-0.111447
0.093661
0.773893
0.661322
-0.504206
-0.299325
1.150841
0.787459
0.890417
0.181284
0.995092
-0.129164
-1.530616
-1.874855
0.882661
-1.885125
-0.944597
0.671125
1.179006
0.797965
0.001435
0.138073
-0.226615
1.163873
-0.449847
-0.939537
0.532245
1.283483
-0.235235
0.381087
-0.063644
-1.404727
0.524568
-1.326161
0.457968
0.483235
0.705557
-1.627800
1.223606
-0.205971
-1.194219
0.101558
0.068914
-0.216679
-0.237524
-0.196051
-0.498574
0.975597
-0.030565
0.088768
0.279024
0.960743
-0.311030
1.072520
0.597298
-0.143187
2.000787
0.294900
1.404684
0.807592
1.534713
-1.692717
1.014087
-0.037257
-0.141104
0.960319
0.408707
0.043754
0.488240
0.717626
0.149804
0.779945
0.806668
0.429733
0.419706
1.100298
0.766910
1.144338
-0.005961
0.121898
1.106412
-0.158633
-0.744099
-1.108845
-0.486264
-3.935958
0.420882
-0.622699
0.446448
1.477531
1.093305
0.537146
1.422560
0.482966
-0.559729
-0.062986
0.577544
-0.143872
-0.145339
1.218305
1.196968
0.203419
0.382977
-0.561040
0.079702
-0.157690
-0.464968
0.227613
-0.083870
-2.919281
-0.254139
-0.775481
0.399192
0.504627
0.353249
0.643542
0.933233
0.561476
-0.047184
0.406365
1.130424
-0.590638
-0.507331
-1.106819
-0.680237
-0.917289
0.840744
0.239295
1.866775
-0.343591
0.464662
0.962148
-0.012463
-1.573504
0.232132
-0.392132
0.232644
-0.146159
-0.505517
0.042951
-0.193126
-0.055495
0.318073
-0.105640
0.102978
-0.288762
1.013490
-0.565793
-0.567875
-0.314274
1.127946
0.176396
1.202291
-0.599438
1.540110
0.271977
0.366073
-1.135781
0.166383
-0.454790
-0.554974
0.237693
-0.315418
0.205742
-0.053293
0.052054
0.678199
-0.265243
-0.707852
-0.733882
1.252609
1.054331
1.349241
0.216432
1.127784
1.021643
0.344867
-1.002602
1.069761
-0.115015
0.138132
-1.848408
-0.216912
0.012871
0.692712
0.402278
-0.100606
0.802429
1.019278
-0.041379
1.733629
0.732853
1.569455
-0.311403
0.299759
0.729169
0.849338
-0.162932
0.338667
0.039847
0.214644
0.965037
1.650486
-0.141003
-0.395585
-1.560851
-0.015962
-0.392369
0.915933
0.205653
-0.184560
0.866447
0.728517
-0.426609
0.658246
1.258986
1.783081
0.793862
0.722561
0.627044
0.302287
-0.201464
0.147741
-0.434675
-0.043254
0.654826
0.912973
-0.062258
-0.869481
-1.935190
0.557502
-0.498198
0.432722
0.030522
-0.457826
0.598152
0.078151
1.010588
0.512645
1.090903
-1.259927
-0.115077
0.989381
0.438827
0.589547
0.490520
0.066733
0.373957
0.786159
0.837721
-0.161918
0.829007
-0.786708
-3.156520
0.721099
-0.745428
0.610602
0.548341
-0.109808
1.075598
0.451171
0.467163
0.271670
0.929473
0.070913
-0.362760
0.641997
-0.116344
-0.392742
0.581758
-0.064481
0.150772
0.245999
0.351761
-0.837128
1.796816
0.365255
-3.552531
0.202775
-1.602843
0.095685
0.318831
1.073814
1.440071
0.047725
-1.882938
0.118418
-1.073987
0.501679
0.004974
1.528381
0.667904
0.038818
-0.008753
-1.049817
-0.655178
1.568128
1.273949
-1.769856
-0.072057
0.252223
-2.720338
0.323933
-0.775405
0.447831
-0.069881
1.220761
0.280554
0.284398
-1.357389
1.790945
-1.727723
-0.071459
-0.553650
0.376722
-0.496462
0.594140
0.164969
-0.671088
0.187781
1.285419
1.140333
0.330269
1.955666
0.466069
-2.044921
0.803047
0.003071
0.603965
-0.399260
0.347425
-0.683564
1.549667
1.190312
2.984581
-0.982534
0.416112
1.050314
0.148588
-0.723460
1.517145
1.056966
0.470288
1.816994
0.653911
0.670840
-0.361467
2.034231
0.246200
-0.918248
2.102242
2.636867
3.970259
3.744207
3.859860
3.345855
4.122335
3.965337
4.835259
3.878816
4.253542
4.812979
4.083378
3.765376
4.721550
4.140863
3.733532
4.083358
3.006208
4.145067
2.570616
3.699411
2.180702
1.723094
-0.115471
-0.421028
-0.645651
-1.093695
-0.586106
-0.481218
-0.337078
-0.528969
-0.938910
-0.483104
-0.716634
-0.323575
-0.944565
-0.654494
-0.456056
-0.075941
-0.472781
-0.608426
-0.834855
-0.736992
-1.004765
-0.579425
-0.161418
-0.315992
0.511764
4.287833
3.116389
3.205351
2.269304
1.641239
2.122513
2.978567
2.331147
4.089649
1.350541
1.403719
2.457687
1.841574
0.630415
0.934917
0.503233
2.613080
3.692647
3.958282
2.221470
1.749527
0.852261
2.637838
1.317869
1.668774
-0.407601
1.737260
-0.230292
0.575876
-0.053821
-0.230122
-0.395443
-0.367279
-0.223964
-0.234203
-0.078800
0.276027
-0.106189
-0.046474
-0.234670
-0.246446
-0.488090
-0.080232
1.416138
-0.073743
-0.300346
-0.172465
-0.358513
0.864235
-0.235504
-0.118609
-0.260442
-0.154115
-0.220223
-0.087116
0.219035
-0.131540
-0.234562
-0.147803
-0.344186
-0.486155
0.205799
0.341708
0.381127
0.734082
-0.274063
-0.479310
-0.434249
-0.248824
-0.022105
-0.026999
0.731943
1.619983
-0.249560
-0.043462
-0.188397
-0.271333
-0.011446
-0.048702
-0.150497
-0.270396
-0.346134
-0.275859
0.086233
0.122610
-0.159306
-0.123062
-0.188659
1.091076
1.178560
0.598182
0.371204
-0.156160
-0.059690
0.729404
-0.001518
2.223496
1.058881
0.466800
0.150918
-0.071059
-0.146750
-0.331414
-0.070631
0.442100
-0.042944
-0.067377
-0.299901
-0.219326
-0.427774
-0.217078
-0.279630
-0.357108
-0.457214
-0.144525
-0.111012
-0.141931
-0.230258
-0.198474
-0.226438
2.107790
-0.606934
-0.469693
-0.310708
-0.291758
-0.066916
-0.228261
-0.493766
-0.510876
-0.621992
-0.297301
-0.298129
-0.110782
0.604348
-0.014857
0.004002
-0.054370
-0.072878
-0.066884
-0.238604
-0.131956
-0.024681
-0.133076
-0.093019
0.701622
0.086620
2.285019
0.827876
0.728400
-0.103435
-0.200180
0.443466
0.373162
-0.044428
0.077628
-0.054901
0.806431
-0.008951
0.541662
0.101661
-0.162772
-0.046163
-0.195415
-0.319280
-0.459228
0.960518
2.667899
0.348434
2.236239
-0.221965
-0.386295
-0.539698
-0.483474
-0.262255
-0.099510
-0.027348
-0.263396
-0.173435
-0.183635
-0.278231
-0.232830
-0.135431
-0.363427
-0.006528
-0.086766
-0.186193
-0.078930
1.902056
0.907032
-0.076027
-0.546302
-0.173342
0.996026
0.316325
0.728046
0.281258
-0.000820
0.274943
-0.388393
-0.154274
1.246375
0.490955
-0.037314
0.548035
0.701036
0.621923
1.273504
1.390270
0.411976
-0.108508
-0.441708
-0.056846
0.105896
0.403611
0.685277
0.853240
0.494619
-0.216347
-0.201121
-0.056758
-0.255246
-0.138761
-0.148014
-0.255011
-0.501272
-0.156267
-0.213702
-0.372430
-0.195068
-0.322516
-0.462251
-0.531517
-0.320845
-0.209793
0.465861
-0.109753
-0.531685
0.246043
-0.038486
0.059311
2.415871
-0.033824
-0.219608
-0.072290
-0.247453
-0.110806
-0.085404
0.659623
0.459870
-0.204440
0.066911
-0.100533
0.458514
0.442671
0.241881
0.489375
0.872710
-0.190267
-0.139024
-0.035800
0.209650
1.198951
0.155784
-0.244888
0.616602
-0.058726
-0.087864
-0.067149
-0.066850
-0.015560
0.127249
-0.100896
0.152997
1.446941
0.716611
-0.226935
-0.173013
-0.097202
-0.120180
-0.186564
-0.083920
-0.265368
-0.212614
-0.091469
-0.068657
-0.247004
0.201410
-0.186099
0.930516
0.549351
-0.060811
0.396582
0.067722
0.419783
0.019703
-0.220205
-0.182361
-0.596733
-0.004146
0.627088
0.110420
-0.065157
0.694463
-0.034790
-0.301278
0.556257
-0.115977
-0.289951
-0.048339
-0.009621
-0.039404
1.274624
0.486429
-0.355702
-0.350220
0.217358
-0.297405
-0.490781
-0.053668
-0.037929
0.726071
-0.124877
-0.152946
-0.401417
-0.261291
-0.141924
-0.103089
-0.068228
-0.190785
-0.179667
-0.217743
1.134329
-0.237420
0.433533
1.805942
-0.150848
1.234559
0.161974
-0.081130
-0.144477
0.102231
0.569346
-0.037165
-0.107306
-0.064752
-0.155116
0.398242
0.505186
-0.023273
-0.194523
-0.161981
-0.174100
-0.137326
0.873794
0.207159
-0.396513
0.383327
-0.007725
-0.489494
0.138974
1.464120
-0.235682
1.167539
0.244061
0.148433
-0.079451
-0.153609
-0.277895
-0.095557
-0.100064
-0.080773
0.062564
1.523526
0.983823
0.433354
1.007053
1.052792
-0.008489
-0.364456
-0.205684
-0.219152
0.064164
0.075794
-0.242017
1.639181
-0.303282
-0.085262
-0.331701
-0.153306
-0.308272
-0.305350
0.012567
0.509944
0.225160
-0.166771
-0.157254
-0.644214
-0.454869
-0.532801
-0.355291
-0.401532
-0.176907
1.007177
0.197129
0.215053
-0.097337
-0.104470
-0.138296
1.106888
0.114328
-0.090494
-0.132988
0.136082
1.785813
-0.018947
-0.274459
-0.528200
-0.252673
-0.126674
0.163586
0.836448
1.593923
1.642455
1.395037
0.305351
-0.075496
0.074685
-0.070333
-0.187925
-0.096737
0.693683
0.856251
0.985444
-0.129300
1.316867
1.267109
-0.088513
-0.309059
-0.198929
0.759196
1.848721
0.136880
0.805407
0.149702
-0.373326
-0.433050
-0.679762
-0.321990
-0.150898
-0.054222
-0.055155
-0.241815
0.253962
0.032705
0.274157
-0.076725
1.124707
-0.173123
-0.349218
0.060682
-0.399581
0.539427
-0.176881
-0.231544
-0.218454
-0.360237
-0.342967
-0.312818
-0.198918
0.128045
1.046833
0.128738
-0.364036
-0.254943
-0.128707
-0.150348
-0.123358
-0.195154
-0.210283
0.595309
1.077538
0.972357
-0.078569
0.377995
0.121172
-0.045204
-0.232126
-0.406615
-0.077262
0.534195
0.308960
-0.072283
-0.102998
-0.085956
-0.313427
-0.127207
0.244760
-0.108755
-0.297819
-0.194687
-0.083520
1.761967
1.428901
0.534472
1.096427
-0.040918
-0.049455
-0.123366
-0.330340
-0.061261
0.151290
0.328023
-0.312117
-0.399952
-0.265226
0.186302
-0.166153
-0.233603
-0.065856
-0.030625
-0.187341
0.993634
0.616650
0.713799
-0.109187
-0.445152
0.152405
-0.088567
1.399721
-0.303646
-0.090231
0.009037
-0.018672
-0.076221
-0.325330
-0.234852
0.693939
1.087361
0.105322
0.483890
0.803930
-0.105355
-0.063337
-0.160926
-0.204354
-0.089769
-0.495611
0.820952
2.256796
0.050274
0.280553
-0.078024
2.775159
2.373195
1.310389
-0.167124
-0.002995
0.488261
0.957338
-0.254153
-0.339993
-0.198823
-0.098669
-0.151337
1.261580
0.826535
0.511773
-0.110695
-0.032529
-0.055652
-0.173316
-0.293236
-0.705748
-0.257132
-0.059854
-0.112146
-0.118701
-0.604170
-0.262530
-0.068345
-0.036142
-0.323533
-0.169506
1.800009
0.711279
-0.127739
-0.035891
-0.349398
-0.444966
-0.156387
-0.262392
0.143804
-0.022315
0.192164
0.054173
1.277110
0.626975
0.584529
0.285552
1.785148
2.647652
0.820039
-0.157633
-0.269823
0.338974
-0.140144
2.495977
2.272669
1.990368
2.550255
0.337331
0.319374
0.312594
0.030882
-0.067012
-0.143414
-0.245380
-0.069669
-0.037334
-0.173888
-0.132214
-0.037004
-0.071900
-0.384101
1.138626
0.184418
1.832704
1.216126
1.126793
-0.035619
-0.047675
-0.587385
-0.282243
-0.147379
1.141986
1.422894
0.838226
0.634194
0.608006
1.098517
1.280877
-0.010682
0.890452
0.210581
0.846079
-0.003016
-0.015519
-0.211152
-0.108744
-0.029754
0.336774
0.485451
0.312519
-0.071597
-0.066817
-0.127256
-0.198891
-0.013650
-0.212319
-0.108857
-0.107025
-0.164575
-0.066796
-0.166908
-0.111577
-0.177379
-0.161103
0.114941
-0.036879
-0.146180
-0.235203
-0.144766
-0.045947
0.319174
0.529740
-0.004747
-0.024105
0.604417
0.564213
0.032038
0.327337
0.215628
-0.008550
-0.030381
0.062838
-0.059789
0.200219
-0.051122
-0.010686
0.078828
0.141155
0.320784
0.123501
-0.024062
0.183834
0.164064
0.364231
-0.173247
0.272643
0.562057
0.262655
0.265981
0.231651
-0.057558
-0.224797
-0.031338
0.251109
0.144326
0.038465
0.103205
0.010247
0.239279
-0.113305
-0.197609
0.041125
0.351140
0.077765
0.093896
-0.092893
-0.107605
-0.083792
0.329556
0.354213
-0.030133
-0.006337
-0.061142
0.112355
-0.035751
-0.061418
-0.092587
-0.011248
-0.044505
0.257402
-0.030897
-0.054534
-0.094487
0.344921
-0.031581
0.256929
0.099281
0.228876
-0.078968
-0.093957
-0.022182
0.329379
0.290072
0.263979
0.157621
0.355496
0.005999
0.103423
0.136969
-0.024372
-0.061370
0.184644
-0.157583
-0.164962
-0.083937
-0.043820
-0.130246
-0.037692
0.099607
-0.151361
0.104450
-0.096918
-0.030104
-0.036829
-0.052516
0.339694
0.017515
-0.136027
-0.054634
-0.135418
0.145747
-0.078759
-0.091818
-0.068175
-0.104374
-0.090459
0.312575
0.697553
0.218741
0.148585
0.094670
0.395309
-0.007721
0.072520
-0.023499
-0.159463
0.382675
-0.101554
-0.034389
0.497389
0.493469
0.412728
-0.070248
-0.134033
-0.040322
-0.008896
0.166090
-0.042547
-0.011257
-0.002452
0.310193
-0.030277
0.164217
0.189488
0.047295
0.377404
0.143969
-0.078235
0.304455
0.165474
-0.122799
-0.195763
-0.064540
-0.105732
-0.114775
0.155044
0.156221
-0.094148
-0.148906
-0.051550
-0.010225
0.183773
0.192157
0.272493
0.281879
0.324024
0.011088
0.045818
-0.014235
-0.104127
-0.059590
0.040142
-0.010097
0.087392
-0.079960
-0.102623
0.406391
0.509992
-0.037872
0.171036
-0.142042
0.739232
-0.087217
-0.132832
-0.086206
0.162514
0.162635
0.082536
0.434735
0.184874
-0.018627
0.318735
0.068760
0.131364
-0.047415
-0.030703
0.160779
0.480609
0.172138
-0.054217
0.032430
0.588099
-0.070359
0.217549
0.190264
0.220244
0.456822
-0.030106
0.040528
0.171536
-0.120085
-0.111356
-0.090774
-0.012014
-0.107276
-0.170903
-0.034428
0.108821
0.302258
0.561634
0.557352
-0.169584
-0.021618
-0.081138
-0.012927
-0.055778
-0.100993
-0.059451
0.196898
-0.061363
-0.029086
0.167808
0.224208
0.062538
-0.202595
-0.230457
-0.186987
-0.090623
0.152410
-0.081607
0.034053
-0.149691
-0.057978
-0.062176
0.033309
0.508004
0.219843
-0.073203
-0.108185
-0.043707
-0.074913
-0.020742
-0.038993
0.306689
-0.020141
-0.165168
0.017167
0.222102
0.144933
0.148594
-0.020222
0.092494
0.040187
0.133368
0.085981
0.451907
-0.091640
-0.031801
-0.057791
-0.039306
0.089576
-0.292185
-0.161821
-0.013739
-0.145786
0.008874
1.025169
-0.040348
0.228890
0.013124
0.346108
0.133054
0.193940
-0.008517
-0.044783
-0.057806
-0.061027
-0.078682
-0.133746
0.182688
0.028727
-0.175361
-0.040290
0.271593
0.524476
-0.210710
0.062398
0.554464
0.066899
-0.170028
0.014315
0.318980
-0.164171
-0.023864
-0.040912
-0.013963
0.105590
0.169294
-0.047369
-0.136214
-0.071521
0.001034
-0.109833
-0.111542
-0.031701
0.073574
-0.038302
0.532012
0.193082
0.295320
-0.111521
-0.041535
0.340267
0.074338
0.278048
-0.050995
-0.032940
-0.042852
-0.029796
0.260637
0.210395
-0.001602
-0.158472
-0.116230
0.160641
-0.092776
-0.004927
0.236305
0.079528
-0.031210
0.326597
0.427403
0.287421
-0.107684
-0.179313
-0.000365
0.230088
-0.042061
0.063541
0.550870
0.035469
-0.040985
-0.103081
0.094886
0.317248
0.765885
0.375528
-0.113085
-0.072018
-0.030337
0.134518
-0.067556
-0.073725
-0.116336
-0.062965
-0.115625
-0.004706
-0.031783
-0.050326
0.128116
-0.090934
-0.028672
-0.177199
0.295016
0.091471
-0.027982
-0.118779
-0.130071
-0.113025
-0.025713
0.085065
0.062494
-0.089398
0.037200
-0.033519
0.213590
0.037739
0.047285
0.550584
0.295757
-0.195300
-0.213853
-0.146274
0.380635
-0.186230
-0.019771
0.198060
-0.117987
-0.044105
-0.146373
0.020154
-0.068038
0.302417
0.209917
0.315999
0.142915
-0.005936
0.135693
-0.020497
0.040313
0.198461
0.474611
-0.127198
0.198779
0.162862
-0.325130
0.046580
0.091937
-0.077868
-0.034664
0.046790
-0.066347
-0.021185
-0.043067
-0.000084
-0.067265
0.103853
-0.031632
-0.134994
0.309574
0.146201
0.374730
0.321601
-0.018651
-0.060538
-0.014588
-0.008084
-0.025922
0.584725
-0.062705
-0.205892
0.120816
-0.089886
0.151564
0.725738
0.228825
-0.026748
-0.082163
-0.022529
0.019540
-0.053357
-0.024532
-0.111974
-0.124857
0.159433
0.321688
-0.058078
-0.086476
-0.140073
0.157289
-0.137252
-0.029930
-0.084783
-0.133673
-0.117628
-0.038367
-0.028061
-0.042596
-0.020389
-0.005808
-0.045922
-0.028558
0.239309
0.300729
-0.024398
0.018937
-0.009899
-0.091119
-0.253469
-0.066381
0.254582
0.305648
0.048636
0.193971
0.099730
-0.085475
-0.037953
-0.185866
-0.159716
-0.070473
-0.133110
-0.103343
0.073906
-0.062141
-0.106687
-0.029896
-0.007291
0.580385
0.215128
-0.039173
-0.020496
0.160703
-0.016092
-0.075405
-0.076665
0.154154
-0.001951
-0.014021
0.485213
-0.070290
-0.037935
-0.167692
-0.135487
-0.054521
-0.010449
-0.040702
-0.036567
0.000752
0.102740
-0.078135
-0.012535
0.230744
0.463451
-0.151025
-0.043403
-0.007673
0.237264
0.229589
-0.081374
-0.089083
0.348944
0.258535
0.556981
0.134439
0.730536
-0.165980
-0.119688
-0.097663
-0.026298
-0.025438
-0.042756
-0.155156
-0.146165
-0.159010
-0.139525
-0.034010
-0.062683
0.157621
-0.188754
-0.058480
0.141320
0.419869
0.013094
0.018345
0.184506
0.363169
-0.067817
-0.030577
0.206382
-0.015704
-0.013368
-0.058827
-0.136631
-0.067577
0.161605
0.506209
-0.040618
-0.114822
-0.105614
0.082583
-0.101179
-0.077130
-0.017120
0.432451
0.018242
0.339840
0.014821
-0.178651
-0.010135
0.088690
0.093138
-0.103827
0.435382
-0.036028
-0.038071
0.376272
-0.000994
-0.001201
-0.178267
0.198750
0.079005
0.346499
-0.069557
0.230059
-0.069990
0.080061
-0.012545
-0.000468
-0.010963
0.317017
0.086763
-0.078108
-0.015007
0.163544
0.003230
0.308096
0.039282
-0.204430
-0.058943
-0.085465
-0.082285
-0.002084
-0.066566
0.025521
-0.101785
0.159312
0.408082
0.932292
-0.040489
-0.018110
0.707153
-0.009134
-0.035430
0.040352
0.494162
-0.062063
-0.006127
0.437685
0.488298
-0.127235
0.036801
-0.247013
-0.187641
0.059988
-0.230414
-0.153602
-0.071051
0.013477
-0.180369
-0.199689
-0.161569
0.741065
0.247854
-0.133929
-0.062042
-0.015663
-0.103398
-0.001664
0.243986
-0.082779
-0.192339
-0.147156
-0.056298
0.174110
-0.135161
-0.126414
0.647339
0.827526
0.837569
0.855759
1.668108
1.779089
1.008107
1.706301
0.999269
1.249702
0.860025
1.230619
1.474340
1.695949
0.907170
0.238778
1.196554
0.792607
0.944554
0.631722
0.119394
0.516631
1.525528
0.964207
0.908654
0.463879
0.194550
0.706595
0.437660
0.035148
0.289957
0.192665
0.322459
0.103122
0.430122
0.548132
0.203182
1.312591
1.054995
1.234207
1.737175
0.743081
0.942967
0.504803
0.064935
0.081794
0.163608
0.189386
0.879906
0.118089
0.793535
0.109869
0.406888
0.064562
0.063910
0.335269
0.033545
0.665410
0.162558
0.239403
0.521538
0.143041
0.024561
0.054554
0.136129
0.020680
0.166865
0.379864
0.546358
0.336669
0.331865
0.054676
0.157328
0.241803
0.105554
0.420985
0.277388
0.046846
0.057851
0.147305
0.211568
0.146426
0.293717
0.319744
0.035264
0.476718
0.135391
0.104529
0.108106
0.098382
0.079434
0.223411
0.421196
0.159455
0.351182
0.053883
0.289789
0.527387
0.327680
0.597087
0.177622
0.324589
0.111289
0.206212
0.093257
0.645344
0.022923
0.618335
0.796094
0.072115
0.073128
0.055883
1.482641
1.263217
0.080392
0.078350
0.129302
1.445788
0.107392
0.037623
0.074895
0.472728
0.054399
0.020444
0.559612
0.069825
0.275111
0.914104
0.947074
1.391121
1.067312
1.026982
0.080834
1.197759
0.567652
0.172464
0.007948
0.030132
0.365592
0.133244
0.000371
1.167871
0.404232
0.459875
0.139941
0.400929
0.216880
0.567459
0.252512
0.364356
0.527167
0.023460
0.209560
0.571218
0.035699
0.293341
0.017464
0.526858
0.209296
0.121173
0.363786
0.380273
0.369920
0.260086
0.000759
0.081193
0.565516
0.231440
0.069890
0.787547
0.781433
0.266227
0.122370
1.503296
0.359843
0.200806
0.442204
0.724978
0.792326
0.203709
0.196536
0.002053
0.308535
0.036828
0.170955
0.237662
0.176189
0.006323
0.308925
0.213850
0.547844
0.006000
0.045740
0.441186
0.734660
0.029592
1.103846
0.191697
0.955933
0.166503
1.379053
1.147557
0.165246
0.132406
0.392546
0.821614
0.311013
0.533820
0.108237
0.039806
0.169483
0.715479
0.176604
0.298614
0.028977
0.031162
0.129198
0.278930
0.237653
0.159842
0.056873
0.167325
0.082540
0.784117
0.072553
0.269805
1.269001
0.629632
0.208718
0.698009
0.597472
0.294996
0.220700
0.208511
0.038496
0.643005
0.227002
0.143629
0.077424
0.405741
0.088791
0.194940
0.164385
0.174252
0.261163
0.131519
0.002027
0.002157
0.409372
0.240717
1.774925
0.054690
0.666637
0.325546
0.525669
0.162877
0.058037
1.365625
0.636849
0.361418
0.300350
0.247572
0.278923
0.272732
0.310453
0.246295
0.258158
1.143525
0.027794
0.282256
0.471616
1.437523
0.048290
0.563963
0.067973
0.152420
0.221216
0.233988
0.401445
0.374194
0.216879
0.111629
0.420156
0.151626
0.369390
0.217190
0.106334
0.488781
0.444656
0.011980
0.614770
0.219954
0.410631
0.227231
0.048738
0.027545
0.212392
0.458411
0.343860
0.939491
0.212443
0.015251
0.149293
0.174450
0.240866
0.467732
0.170320
0.109491
0.057147
0.060461
0.080657
0.760142
0.127700
0.377729
0.237518
0.354492
0.399845
0.268945
0.271372
0.314778
0.052434
0.701814
0.248874
1.016697
0.643284
0.489722
0.884624
0.067358
1.068802
0.012451
1.022305
0.169186
0.432917
0.596488
0.445274
0.625103
0.176107
0.111697
0.160039
1.459725
1.182898
0.631274
0.313687
0.568213
0.816050
0.000372
0.309966
0.731398
0.962825
0.203435
0.324240
0.140414
0.200419
0.259885
0.005952
0.295607
0.460395
0.112616
0.387030
0.087893
0.775404
0.165064
0.296879
0.034251
0.281629
0.033983
0.460671
0.239188
0.169276
0.123529
0.491275
0.452523
0.134964
0.143587
0.532993
0.144090
0.190130
0.316196
0.577731
0.319484
0.960312
1.220972
0.070277
0.220756
1.019619
0.039349
0.393563
0.434383
0.318605
0.390337
0.446071
0.311308
0.175604
0.489217
0.187754
0.116544
0.199191
0.395089
0.518938
0.044227
0.008769
0.287179
0.954150
0.331750
0.615256
0.308871
0.049219
0.549848
0.298245
0.099417
0.257838
0.015412
0.463048
0.035671
0.074716
0.083064
0.116469
1.749434
0.053503
0.111405
0.229100
0.761125
0.846321
0.043765
0.217930
0.410032
0.669911
0.356959
0.355524
0.208637
0.277281
0.077616
0.285899
0.080766
0.171280
0.093080
0.103147
0.823923
0.666990
0.266259
0.159448
0.001766
0.161387
0.091246
0.141513
0.251747
0.539495
0.224042
0.119187
0.320879
0.124982
0.523974
0.049466
1.036874
0.065087
0.022859
0.205775
0.149021
0.072192
0.097918
0.175247
0.155341
0.594523
1.317315
0.000266
0.018972
0.016527
0.021106
0.847989
0.547717
0.493751
0.093420
0.369687
0.198157
0.139611
0.088630
0.987408
0.211204
0.216784
0.393994
0.902691
0.134618
0.264401
0.231809
0.507459
0.528636
0.048778
0.313293
0.067907
0.230522
0.392550
0.211846
1.188710
0.441610
0.167386
0.064674
0.166967
0.324138
0.048139
0.123068
0.256228
0.172927
0.222693
0.706212
0.773361
0.026949
0.217743
0.194939
0.038784
0.529026
0.137718
0.422803
0.224269
0.533657
0.219501
0.216477
1.162480
0.025585
0.670268
0.050235
0.267187
0.027860
0.486480
0.052913
0.549127
1.256662
0.010101
0.281452
0.624063
0.065050
0.190915
0.037512
0.026854
0.351844
0.403219
0.815849
0.308261
0.112309
0.258709
0.674976
0.714059
0.568505
0.179531
0.219013
0.057319
0.175422
0.113245
0.199522
0.375487
0.363209
0.035859
0.123972
0.461334
0.110484
0.428521
0.174992
0.169185
0.087911
0.529971
0.859695
0.148829
1.058571
0.236894
0.358828
1.573133
0.188632
0.048392
0.194891
0.237811
0.489994
0.520274
0.448044
0.250720
0.458216
0.433922
0.139715
0.588162
0.503200
0.215328
0.073340
0.226290
0.246694
0.006851
0.912289
1.716702
0.144621
0.508594
0.133753
0.377788
0.285346
0.003624
0.017771
0.503479
0.661134
1.163284
0.095675
0.496079
2.134721
0.185229
0.312792
0.103830
0.619123
0.216465
0.136280
0.392126
0.327532
0.066989
0.067777
0.765803
0.136269
0.079449
0.134329
0.382605
0.432340
0.492216
0.311742
0.261626
0.957776
1.221509
0.334394
0.211025
0.344194
0.032140
0.634860
0.272370
0.328836
0.035407
0.209572
0.295097
0.168871
0.492220
0.350743
0.186242
0.504183
0.042278
0.176069
0.566332
0.335021
0.328145
0.190221
0.386919
0.282922
0.081030
0.162657
0.594729
0.004256
0.153189
1.221668
0.401055
0.229572
0.716177
0.168864
0.148172
0.540670
0.136101
0.043575
0.523486
0.889844
0.366425
0.223968
0.283406
0.460171
0.159813
0.417459
0.693537
0.338800
0.200640
0.017095
0.256940
0.106570
0.315366
0.231419
0.265688
0.373086
0.903035
1.987082
1.297998
1.482452
1.131571
0.925581
1.564774
1.199414
0.589529
0.444698
1.299851
0.704849
0.603029
0.608490
0.823883
1.100425
0.928846
1.014370
1.420535
1.182591
0.410349
0.863355
1.225661
1.306071
0.807500
0.860994
0.178753
0.092946
1.067489
1.500772
0.605233
0.081301
1.636182
1.704988
0.059662
1.150239
0.980136
0.979201
0.690623
0.397946
0.811339
0.604330
0.229832
0.312536
1.563176
0.493303
0.214581
0.842292
0.785789
0.601766
0.443959
0.407087
1.527553
2.333821
0.074734
0.260658
1.853606
2.894598
1.349816
2.064330
0.548359
1.201373
1.586549
1.301281
1.366156
1.162151
0.021241
0.423030
1.495284
0.129904
0.396537
0.821453
0.696316
0.457974
1.338453
0.598271
0.327214
0.422600
0.619707
1.031099
0.946202
0.745448
1.311937
0.285195
0.512015
0.281247
0.287882
0.273747
0.512965
0.822462
0.097346
0.620960
0.090505
0.274720
0.148731
0.411426
0.126015
0.482296
0.086332
0.042838
0.133184
0.782075
0.433728
0.031339
0.744417
0.724213
0.067365
0.044782
0.577808
0.044616
0.228104
0.839416
0.252700
2.131456
1.673000
1.421261
0.640578
0.725262
0.647696
1.246136
0.927761
2.142900
0.488665
1.454865
1.620615
0.305766
0.420723
0.305947
0.803311
2.052676
1.836668
1.315760
1.360859
1.432775
0.390791
0.128344
0.536620
0.100668
0.064060
0.323268
0.078754
0.558706
0.463516
0.527050
0.444889
0.945968
0.354576
0.101839
0.712524
1.596322
1.138316
1.512704
0.945735
0.466678
0.672736
0.276061
0.774445
0.437039
0.764591
2.171575
1.105828
0.049120
0.316193
0.684395
0.135760
0.558867
0.400664
0.003632
0.945737
2.596301
1.036507
0.482967
0.141659
0.113210
0.455565
1.082364
0.532800
0.722760
0.846023
1.675272
0.705296
1.094434
0.576812
0.449270
0.717988
1.324954
0.077613
0.651459
0.957982
1.235278
0.607060
0.428286
0.175027
0.318630
0.353754
0.731243
0.577464
0.414426
0.744331
1.135305
0.290508
1.491174
0.181410
0.906176
0.190391
0.017191
1.298924
0.001994
0.054360
0.239635
2.417651
2.421509
0.994351
0.910103
0.603950
1.255390
0.670683
0.419707
0.668422
1.106021
0.150630
0.135545
0.113004
2.247919
0.674018
0.013851
1.341283
1.328954
0.154653
0.611829
0.324310
1.262167
0.363180
0.387666
0.824017
0.332189
0.156261
2.333281
0.035551
0.757586
0.597202
0.676962
0.689737
1.576843
0.985580
0.159810
0.489839
0.474284
0.107834
0.523618
0.350691
1.180152
0.596595
0.115763
0.491772
1.102313
0.343198
1.608326
1.756237
0.519456
1.568122
1.640224
0.934980
0.951284
1.614426
0.648674
0.495592
0.001754
0.582287
2.243507
1.612658
1.497964
0.333195
0.465703
0.688372
0.351789
0.742384
0.107855
1.139510
2.605878
2.144252
0.214758
0.299086
0.042613
0.257583
0.262574
0.140125
0.835456
0.057807
0.893257
1.119538
0.466745
0.016503
0.114978
1.148905
0.239619
1.352159
0.423485
0.388190
0.732954
0.405061
0.942986
0.339559
0.816266
0.574589
0.476290
0.982279
0.330981
0.451966
0.247185
0.169781
0.356099
0.236785
0.172402
1.467626
0.494938
0.766796
1.225040
2.312248
1.588590
0.357526
0.576443
0.940412
0.116133
0.404147
0.302228
0.495072
0.431319
0.533795
0.052205
1.087753
0.328076
0.403061
0.272480
0.833087
0.283033
0.264610
0.191531
0.721857
0.366643
0.672484
0.883876
1.212848
0.642871
0.468581
0.530583
0.506660
1.056394
0.818612
0.170362
0.117020
0.261636
0.655056
0.092118
1.914038
0.059219
0.868224
1.035025
0.107075
1.492971
0.580037
0.173648
1.199739
1.267276
0.029591
0.682121
1.112028
1.008290
0.134539
0.898257
0.525861
0.381235
0.755959
0.343970
0.714974
0.517800
1.874673
0.711164
0.516344
1.913940
1.623036
0.094057
0.158347
0.140183
0.537097
0.106003
0.293473
1.037007
1.199299
0.894147
0.551986
1.038289
1.059816
0.412098
0.654288
0.315447
0.044763
0.190820
0.952260
1.952092
0.470764
1.107655
1.520381
0.639629
1.269187
1.121169
0.567861
0.433754
1.227408
1.710695
0.272909
0.254042
0.209819
0.332191
0.439198
0.313481
0.031758
1.035826
0.728684
0.810505
0.498223
0.774355
0.197983
0.697950
0.253922
0.323805
0.398486
1.287536
1.893249
1.134036
0.620711
1.630700
0.654141
0.450511
0.555655
0.208395
0.181771
0.340874
1.161682
0.156333
0.358474
0.373655
0.216691
1.358271
0.321375
0.868213
0.557927
1.475639
1.896487
0.088377
2.123880
0.290912
0.995657
0.278689
0.479229
0.403283
0.004836
0.864601
0.028053
0.677393
0.454650
0.011501
1.072023
1.394147
1.295580
2.003232
0.954548
0.963634
0.695774
0.307836
0.870322
0.038143
0.297350
1.623165
0.273878
0.370587
1.902382
1.954781
0.035279
1.076947
1.071236
0.976429
1.333870
0.009405
0.885481
0.623040
0.173591
0.410070
1.549006
0.044178
0.699942
0.493090
1.133950
1.846635
0.505153
0.023749
0.519909
0.615501
0.356791
1.491469
1.177647
0.258088
0.501754
0.228731
0.307328
0.515772
0.280359
1.520374
1.433995
1.344885
0.095539
0.183418
0.167497
0.550275
0.139135
0.602774
0.224988
0.344026
0.318343
1.580528
0.554785
1.410430
1.179703
0.417217
0.308349
1.019277
0.214461
0.355802
0.749900
0.530882
0.486243
0.749790
0.751548
0.499655
0.683895
0.123952
1.129624
0.057355
0.252112
0.361967
0.642579
0.859955
1.117976
0.078942
1.151235
0.195905
0.369723
1.367368
0.395187
1.059954
0.607793
0.129021
0.281482
0.510099
0.829917
0.094453
0.659086
0.441134
0.305406
2.077459
2.016238
0.554135
1.225480
0.021168
0.253198
0.905397
0.569900
0.245960
0.480667
0.624206
0.911067
0.391507
1.274589
1.515993
0.606744
0.206010
0.332489
0.172655
0.158534
0.180590
0.439291
0.495021
0.491404
0.130132
0.106874
0.802246
0.095995
0.251261
0.108039
0.405335
0.916633
0.134404
1.174406
2.571454
0.383180
0.062137
0.643463
0.238008
0.047195
0.216582
0.046959
0.012018
0.269413
0.730067
0.098779
0.373443
1.583167
2.019886
0.787862
0.147144
0.065988
0.980170
1.218106
0.391409
0.163690
0.778009
0.741510
0.713484
0.266746
0.488100
0.256330
1.276837
1.509670
2.172892
1.071750
1.256026
1.052374
0.013530
1.023757
1.367826
1.158820
0.344545
0.518166
0.805762
0.425172
0.186959
0.423281
1.940406
1.144223
0.394945
0.724046
1.266313
1.378744
0.850835
1.448735
0.273375
0.385156
0.457824
0.302818
0.034770
0.242631
0.876541
0.864089
0.374936
0.885101
0.770696
0.291468
0.030586
0.051819
0.910283
1.119261
0.715546
1.099666
0.510434
0.697888
0.597589
0.794577
0.428393
0.419482
1.374425
0.747265
1.729684
2.341184
2.368300
2.574277
2.107473
1.919385
2.637250
1.663572
1.470654
1.838955
2.102098
2.318158
1.873601
1.427784
1.809207
2.003010
2.059933
1.882582
1.465431
1.450861
1.448016
2.237066
1.320213
0.427887
1.798634
1.720101
2.032195
1.568967
1.973355
1.841969
1.877525
1.465129
1.591110
2.962446
1.263262
1.042706
1.708813
1.836450
1.594693
1.582509
1.770876
1.899714
1.729027
1.735687
2.102984
2.232886
1.707948
1.371872
2.263479
2.387036
2.273441
2.378659
2.808212
3.238147
2.966443
2.244645
2.648728
2.248142
2.152174
2.420756
1.979579
2.290163
2.933591
3.021266
1.723986
1.782677
2.668059
3.318336
2.672596
1.999250
2.754040
0.999583
2.989856
2.828658
2.779542
2.418584
1.882546
2.825064
2.191198
2.079709
2.308315
1.915505
2.816733
2.636318
3.009654
2.474078
2.691923
2.330474
2.591482
3.115556
2.971491
2.808356
2.299967
2.912892
2.468327
1.499163
2.523736
2.754180
2.819660
2.426248
1.929483
2.058053
2.359534
2.839741
2.165186
2.514435
2.326850
1.875220
2.335087
2.366118
2.564097
2.398297
2.513278
2.829593
2.713824
1.876547
2.597888
3.329364
2.090371
1.189135
2.850190
2.793632
2.953498
2.966967
2.376650
1.878827
1.878717
1.969784
1.800257
2.123098
1.891732
2.606585
2.816780
3.522218
3.260374
3.548124
2.521880
2.869237
2.779500
2.441978
2.896139
2.655157
2.728115
1.595173
2.787905
3.014794
2.550929
2.183779
1.668572
2.554178
2.231342
2.274678
2.048858
1.942589
2.159549
3.173845
2.038873
1.604365
1.974627
2.770890
2.921154
2.379550
2.356665
3.014715
3.416019
3.076309
2.272543
1.197684
2.281089
3.356870
2.162449
1.889737
2.746409
2.611825
2.221247
2.244879
2.884384
1.974111
2.199373
2.538106
2.955710
2.485149
2.558559
2.708183
2.946285
2.300434
2.640382
2.803373
3.274565
2.398977
3.001096
1.489720
2.822235
2.611274
2.727604
1.619199
2.484498
2.527806
2.368215
1.968362
1.915594
1.937639
2.188201
1.855093
2.079817
2.342581
2.520976
2.761041
2.367304
2.554270
3.198360
3.649838
2.785257
3.229381
2.888020
1.519957
2.296598
2.626027
2.185107
2.677455
2.612259
2.072501
2.649489
3.157865
3.123817
2.858148
3.153790
2.787515
2.630738
2.666385
2.106152
2.202620
3.553001
3.427472
2.700547
2.520456
2.045895
2.381208
1.444077
1.593124
1.966491
1.993288
1.739877
2.536250
2.582199
3.237291
2.418780
1.571591
2.028446
1.801908
1.527024
1.951954
1.832494
1.860711
3.190605
3.093070
3.073719
2.310419
2.479165
2.758286
2.834624
2.522769
2.495038
1.043007
2.469999
2.344182
2.329600
2.634618
2.653939
2.705773
2.948983
3.494314
2.763761
3.125901
2.147094
2.537038
2.592271
3.262681
2.793642
2.268337
3.080307
2.833457
2.687306
2.227934
2.312576
2.504808
1.782576
1.311196
1.959898
1.784565
1.933520
2.120967
2.029894
2.578123
2.222359
1.440088
1.745391
2.435151
1.720252
1.568677
2.429172
2.933710
2.236530
2.838300
2.911373
2.984515
2.459018
2.860172
2.529910
2.376180
2.111593
1.493791
2.306494
2.066573
1.621442
2.293351
3.121708
2.949434
2.914716
2.673334
3.661490
2.114752
2.397680
2.530700
3.139255
2.639962
2.463812
3.315130
3.417573
2.956960
2.455543
2.041178
2.874116
2.483936
2.018840
0.790885
1.770029
2.122799
1.924314
1.954221
2.531029
2.653386
2.700053
2.298394
2.475994
2.548131
2.550343
2.485907
2.104762
2.245327
2.009925
1.866456
2.249827
2.355861
3.795919
3.128457
2.613838
1.790321
1.604493
0.901935
1.871481
2.322269
2.456295
2.614000
3.437513
2.973050
2.136045
2.714302
2.774483
2.830250
2.233354
2.573961
1.923113
2.047546
2.430874
3.223066
3.136324
2.476594
2.278266
3.125703
2.987196
3.147866
2.379155
1.262738
2.316474
2.384707
2.043186
2.047289
2.006960
2.102118
1.929534
2.218883
2.584242
2.846833
2.403252
2.277709
2.594429
2.054663
1.834315
1.718416
2.170918
2.900570
2.903677
2.881638
2.127690
1.894840
1.698158
1.130724
1.784220
2.022303
2.786223
2.524205
2.273013
2.717154
2.722044
2.602902
2.354911
2.861789
2.950004
2.735766
2.713470
2.651288
2.387155
2.886095
2.930040
2.373308
3.192329
2.445897
1.844622
2.474058
2.729746
1.177148
2.156859
2.478294
2.323909
2.348676
2.479921
2.199850
2.326727
2.427797
2.613553
2.947746
2.535538
2.110603
2.650416
2.772872
2.558222
2.810528
2.651371
3.027133
1.731775
2.006809
2.699708
3.256890
1.790038
0.991288
1.945341
2.410478
1.756643
2.267281
2.758543
2.819817
2.425081
1.975003
2.142089
2.395831
2.534858
2.549291
2.592681
2.384125
2.964303
2.466714
2.528675
1.819364
2.727225
3.281275
2.649461
1.740551
1.196038
0.662755
1.749590
2.124449
2.636164
2.088006
1.797766
2.667961
2.351574
2.327049
3.215534
2.116985
2.286741
1.591546
2.465020
2.986714
3.059400
2.698776
2.631447
2.681854
1.959920
2.063977
2.249277
2.023892
1.910130
0.951282
1.787175
2.379439
1.937239
2.848351
2.678002
1.989229
1.535202
1.949075
1.951921
2.808160
2.474067
2.648442
2.701910
2.615500
2.624259
2.367417
2.201020
2.089041
2.849708
3.861526
2.279918
2.168902
2.345938
1.323623
1.577816
2.392739
2.206350
2.269312
2.722281
1.985568
2.061028
2.310176
2.486722
2.826095
2.570483
2.797083
2.202903
2.467216
1.928249
2.580512
2.617497
1.881583
3.507971
2.029190
2.286896
2.561268
1.523748
0.397981
1.417611
2.960974
3.504921
2.181180
2.642803
2.534559
2.287490
2.225190
3.387660
2.989129
2.362725
2.059385
2.308486
2.923956
2.596640
2.586295
2.631111
2.620244
1.889101
2.076787
2.645748
2.669212
2.185547
1.157597
3.199995
1.868809
2.308901
2.997238
2.126992
2.125234
2.649663
1.992173
2.587312
2.523123
2.242863
2.303750
2.321556
2.354301
2.369805
3.198025
2.426987
2.558413
2.838787
3.976507
3.455109
3.387270
1.451487
0.628694
2.026319
2.312021
2.392592
1.943517
2.186374
2.344284
1.623287
2.739123
2.812758
2.455815
2.573996
2.597276
2.417578
2.553329
2.244502
2.136061
2.207974
1.872343
2.125380
2.540209
2.316085
2.712773
2.612526
1.506291
1.733594
2.342711
3.074821
3.130932
2.159450
2.212504
2.170995
2.211293
1.364276
2.127123
2.326840
2.605413
2.670176
1.385020
2.343068
3.562686
3.332111
2.665167
2.973866
3.140410
3.770399
2.451660
1.587932
0.476187
0.421860
0.737140
0.373729
0.389346
0.470422
0.477273
0.615975
0.555162
0.821317
0.801392
0.716937
0.616990
0.579296
0.628793
0.828407
0.397637
0.330546
0.572731
0.646316
0.647759
0.726716
0.656515
0.368507
0.209334
-0.035637
-0.086483
0.523120
0.139178
0.154988
0.156882
0.494164
0.075085
0.314761
0.036316
0.309481
-0.076687
0.244282
0.011286
0.145827
0.333891
0.016878
0.098997
-0.101817
0.304107
0.502647
-0.237960
0.777292
0.072042
0.081111
-0.255439
-0.671091
0.109294
-0.269683
-0.255871
-0.104084
-0.237153
-0.466802
-0.179438
0.049999
0.054202
0.252672
-0.538541
0.279063
-0.318547
0.068055
0.209485
-0.113000
-0.153840
-0.267345
0.316955
-0.064463
-0.229135
-0.185961
-0.651022
0.193677
-0.644902
-0.558348
-0.779235
-0.178818
-0.687077
-0.159391
-0.178879
-0.729916
-0.751534
-0.625183
-0.467715
-0.387277
-0.165313
-1.013395
-0.331243
-0.951506
-0.287793
-0.034220
-0.656824
0.360700
-0.513524
-0.716452
-0.650704
-0.300900
-0.393147
-0.407519
-0.285050
-0.562766
-0.305619
-0.347970
-0.736464
-0.228315
0.070297
-0.429623
-0.685424
0.016424
-0.926720
0.294630
-0.419631
-0.804070
-0.268783
-0.880762
-0.351393
0.998491
-0.400812
0.430949
-0.616082
-0.281061
-0.663273
-0.661862
-0.089490
-0.288981
-1.110187
0.148506
-0.304143
-0.683661
-0.354483
-0.410722
-0.521506
0.054585
-0.898587
-0.288016
-0.207032
-0.529508
0.361608
-0.628395
-0.903199
0.024129
-0.645095
-0.486862
-0.667304
-0.246301
-0.123053
-0.671755
-0.618742
-0.896128
-0.549666
-0.389847
-0.522783
-0.676414
-0.723283
-0.334092
-0.624065
-0.913092
-0.273827
-0.350995
-0.559101
-0.565907
-0.776232
-0.260787
-0.352616
0.683480
-0.607270
-0.417221
-0.379459
-0.329569
-0.591183
-0.071531
-0.251471
0.052782
-0.638358
-0.766321
-0.523862
-0.492730
0.118122
-0.719780
0.101109
-0.207663
-0.725378
-0.479671
-0.506219
-0.748722
-0.359828
-1.363367
-0.144675
0.106329
-0.475345
0.428972
-0.665550
-0.458330
-0.457401
-0.507868
-0.234268
-0.695732
-0.083500
-0.016505
-0.909012
-0.528703
-0.715193
-0.508273
-0.776941
-0.552957
-0.438081
-0.688289
0.066189
-0.365101
-0.742384
0.472503
-1.152262
0.634560
-0.618743
-0.169324
-0.955058
0.735309
-0.827970
-0.258855
-0.476830
-0.460767
-1.141953
-0.403647
0.845789
-0.667296
-0.475149
-0.464758
-0.128276
-0.240024
-0.957061
0.049695
-0.365575
-0.975118
-0.119229
-0.426805
-1.105089
0.457757
-0.437098
-0.148712
-0.119934
-0.776661
-0.837509
-0.117089
0.010262
-0.569496
0.089200
-0.606063
-1.312187
-0.718771
-0.365528
-0.417387
-0.364735
-1.120190
0.424293
-0.906971
-0.627014
-0.499567
-0.439456
-0.759099
-0.534095
0.700477
-0.561776
-0.410210
-0.340136
-0.529996
-0.212122
-0.832073
-1.028673
-0.160077
-0.553043
-0.523988
0.415507
-0.120707
-0.390259
-0.249854
-0.046161
0.472404
-0.674485
-0.044299
0.256822
0.051364
-0.487742
-0.501808
-0.416103
-0.211451
-0.475774
-0.276181
-0.681769
-0.603877
-0.206073
-0.110628
-0.274420
-0.533817
-0.688276
-0.416525
-0.535636
-0.761942
-0.168240
-0.450607
-0.572421
-0.682473
-0.387306
-0.149653
-1.346805
-0.585810
0.067093
-0.752868
-0.143281
0.281952
-0.750580
0.079558
-0.452737
-0.461570
-0.401033
-0.850003
-0.296250
-0.403866
0.089008
-0.560667
-0.449702
0.197107
-0.553375
-0.782868
0.221960
-0.930245
-0.374146
-0.366102
-0.027376
-0.223191
-0.909817
-0.424213
-0.183790
0.172779
0.143822
-0.648169
0.194558
-0.493613
-0.618173
-0.672899
-0.170594
-0.918702
-0.886017
-0.141139
-0.700038
-0.543740
-0.373047
0.025460
-1.031421
-0.039795
-0.705050
-0.610327
-0.387208
-0.696284
0.337754
-0.145935
-0.586869
0.422167
-0.751149
0.321326
-0.833901
-0.351966
0.098415
-0.028414
-0.652945
-0.202538
-0.862214
0.761461
-0.515086
-0.354030
-0.347999
-0.721937
0.541459
-0.716591
-0.536039
-0.576332
0.262086
-0.628120
-0.849541
-0.523346
-0.302658
-0.029290
0.051431
-0.432558
-0.243238
-0.038387
-0.912472
-0.390684
-0.265470
-0.263529
-0.315714
-0.753280
-0.566020
-0.791027
0.207135
-0.470837
-0.746553
-0.310001
-0.348276
-0.321745
-0.661274
-0.104681
-0.289338
-0.197254
-0.601332
0.292707
-0.364755
-0.632852
-0.560537
-0.450419
-0.489829
-0.106792
-0.367794
-0.998000
-0.607509
-0.435885
-0.265466
-0.611276
-0.559149
-0.208802
-0.167257
-0.507955
-0.457694
-0.783458
-0.186918
-1.015184
-0.838199
-0.453134
-0.002162
0.206838
-0.841693
0.727506
-0.242859
-0.610957
-0.497897
-0.651864
-0.161973
-0.658567
0.295606
-0.741883
-0.258891
-0.426571
-0.518050
-0.120079
-0.692582
-0.515108
-0.099369
-0.495954
-0.910391
-0.293543
-0.104300
-0.382652
-0.828433
-0.165563
-0.395329
-0.387671
-0.986689
0.699701
-0.718839
-0.374644
-0.037094
-0.227842
-0.414131
-0.461258
-0.203109
0.082493
-0.700119
-0.488220
-0.724909
0.158946
-0.527143
-0.375462
-0.376795
-0.499920
-0.720723
-0.755546
-0.440491
0.860557
-0.555384
-0.073649
-0.110901
-0.727940
-0.193922
-0.263549
-0.700248
-0.781800
-0.571012
-0.668456
-0.711482
-0.239520
-0.440645
-0.037532
-0.607496
-0.281383
-0.780157
-0.517955
-0.314841
-0.352376
-0.695619
-0.219802
0.143793
-0.108706
-0.306452
-0.401144
-0.599542
-0.760617
-0.561640
-0.489500
-0.520580
-0.014801
-0.084973
-0.204701
-0.013430
-0.835661
-0.385511
-0.776923
-0.583345
-0.659040
-0.029567
-0.351140
-0.173987
-0.618408
0.008486
-0.436934
-1.093512
0.296898
-0.314370
-0.195039
0.252211
0.157710
-0.171155
-0.347304
-0.154305
-0.757047
-0.793594
-0.277094
0.052150
-0.476343
0.002140
-0.134418
-0.365526
-0.208206
-0.712618
-0.795235
0.037658
-1.024428
-0.142113
-0.352102
-0.308799
0.629444
-0.482629
-0.472225
-0.627242
-0.711427
-0.376149
-0.668493
-0.133830
-0.144004
-0.420694
-0.157741
-0.345170
-0.470099
-0.702606
-0.348961
-0.446263
-0.562764
-0.546266
-0.432922
-0.746497
-0.201871
0.477513
-0.845666
-0.347025
-0.033133
-0.167590
-0.296805
-0.402597
-0.057455
-0.318246
-0.485069
-0.279168
-0.670493
-0.780340
-0.465037
-1.052479
-0.150373
-0.467268
-0.727939
-0.623610
-0.477271
-0.223285
-0.723166
-0.081714
-0.399316
-0.949582
-0.360825
-0.308247
0.248015
-0.135117
-0.606922
0.006611
-0.506325
-0.254440
-0.459093
-0.462015
-0.382127
-1.096885
0.691705
-0.546274
-0.641669
-0.178700
-0.189348
-0.639330
0.124204
-0.471177
-0.799247
-0.940939
-1.039819
-0.591160
-0.356000
-0.365432
0.457909
-0.601680
-0.254354
-0.426446
-0.151085
-0.453289
-0.122102
-0.536151
-0.423559
-0.482110
-0.953277
-0.346204
-0.447278
-0.461306
-0.414577
-0.788307
-0.206528
-0.420620
-0.431846
-0.115583
-0.023893
-0.445212
-0.676451
-0.180389
0.187468
-0.226835
-0.103407
-0.786011
-0.497545
-0.937275
-0.360066
-0.305926
-0.500789
-0.225852
-0.236996
-0.446377
-0.471840
-0.381919
0.310608
-0.551027
-0.620846
-0.272936
-0.614023
-0.745810
-0.376997
-0.795986
-0.518433
-0.874809
0.366337
-0.131163
-0.314717
-0.487324
-0.681948
-0.214285
0.283763
-0.819949
0.251502
-0.951218
0.426601
-1.021374
0.255784
-0.028310
-0.981634
-0.428003
-0.460016
-0.380042
-0.032892
-0.483616
-0.435169
-1.102992
-0.551223
-0.198581
0.236971
0.142069
0.111161
0.199739
0.286807
0.222471
0.149338
0.095648
0.080154
0.193139
0.111699
0.233280
0.140018
0.160280
0.147746
0.073749
0.013094
0.013432
0.066425
0.129613
0.252564
0.165498
0.118411
0.311955
0.593299
0.193953
0.246918
0.158769
0.459325
0.387963
0.402665
0.396140
0.401305
0.312752
0.299248
0.317611
0.355490
0.282146
0.365618
0.396342
0.298551
0.230474
0.110880
0.190977
0.329478
0.458548
0.410567
0.477538
0.293618
0.284449
0.569188
0.414583
0.384449
0.494053
0.210059
0.227810
0.337493
0.287342
0.144855
0.145678
0.295956
0.270871
0.268463
0.110986
0.387467
0.164747
0.344402
0.142298
0.251720
0.535600
0.103254
0.452037
0.475272
0.146494
0.301127
0.418118
0.283436
0.354047
0.328576
0.314368
0.341386
0.395071
0.253141
0.287540
0.147757
0.419634
0.202452
0.303293
0.716169
0.276291
0.107483
0.278477
0.287358
0.187094
0.780739
1.177533
0.194090
0.216640
0.230529
0.242143
0.356394
0.289503
0.320019
0.261960
0.329644
0.199343
0.202871
0.073764
0.358807
0.017804
0.233537
0.372832
0.207357
0.184535
0.192643
0.074985
0.087809
0.347174
0.077684
0.518360
0.230888
0.143989
0.343134
0.206355
0.290653
0.251009
0.336758
0.232907
0.261178
0.250124
0.259095
0.162978
0.119891
0.603474
0.308178
0.224697
0.373223
0.243549
0.380755
0.232058
0.059608
0.327522
0.135320
0.456445
0.251099
0.113053
0.326932
0.141270
0.395634
0.330328
0.341431
0.406812
0.318162
0.293277
0.200590
0.280406
0.448017
0.194130
0.428197
0.493059
0.324913
0.140910
0.073034
0.439283
0.245659
0.139705
0.417884
0.682733
0.063422
0.151803
0.195130
0.259100
0.082765
0.168139
0.197515
0.137344
0.392034
0.306070
0.143774
0.345805
0.221328
0.397825
0.316947
0.547744
0.527894
0.328149
0.013186
0.179717
0.218634
0.321372
0.399463
0.309216
0.019060
0.259617
0.412949
0.368488
0.209002
0.490401
0.168025
0.881300
1.254978
0.162999
0.166969
0.293707
0.336004
0.354021
0.300839
0.486457
0.439869
0.444899
0.192531
0.008906
0.181068
0.063206
0.251590
0.422188
0.416335
0.222807
0.402596
0.330590
0.235994
0.567882
0.333318
0.436705
0.498197
0.263113
0.334895
0.202786
0.208136
0.125085
0.238030
0.317210
0.363933
0.340884
0.323727
0.323721
0.522244
0.447820
0.319442
0.320413
0.399977
0.185197
0.492117
0.354462
0.312404
0.489308
0.439617
0.143290
0.225154
0.219939
0.396129
0.551933
0.472085
0.177173
0.272964
0.501233
0.600325
0.455646
0.304899
0.261905
0.422893
0.626126
0.444457
0.405222
0.203878
0.141015
0.433396
0.362007
0.219344
0.449588
0.577340
0.303764
0.156670
0.263007
0.343363
0.336638
0.405995
0.264201
0.155724
0.124191
0.213689
0.337754
0.307144
0.180298
0.275839
0.299690
0.250695
0.317981
0.190515
0.094095
0.137597
0.297243
0.139069
0.307000
0.459185
0.445535
0.188971
0.363567
0.358849
0.315781
0.493452
0.409008
0.002904
0.117528
0.090219
0.551198
0.070504
0.352369
0.160530
0.237905
0.208703
0.270883
0.353959
0.064454
0.207258
0.261710
0.312083
0.081725
0.212788
0.086383
0.135773
0.023641
0.200907
0.256224
0.261393
0.483258
0.264274
0.038165
0.233434
0.755559
2.417744
0.524113
0.280558
0.390135
0.337918
0.751534
0.511958
0.076371
0.049953
0.297292
0.545128
0.268822
0.164544
0.164531
0.220037
0.273350
0.048938
0.549734
0.327480
0.347438
0.348753
0.183241
0.318717
0.320665
0.102038
0.330809
0.242058
0.355770
0.219925
0.372613
0.566648
0.206220
0.026474
0.133141
0.356548
0.548302
0.291515
0.356814
0.240129
0.227669
0.613145
0.021429
0.697137
0.386079
0.298046
0.104921
0.370675
0.211346
0.300948
0.026234
0.849404
0.362751
0.489808
0.241918
0.589851
0.081489
0.252550
0.156588
0.281336
0.434889
0.429958
0.439083
0.328914
0.096127
0.011902
1.646304
0.361282
0.290754
0.206220
0.065363
0.063012
0.065254
0.167354
0.414439
0.120282
0.653298
0.100620
0.455812
0.434994
0.216384
0.260292
0.247482
0.323938
0.190941
0.277369
0.233107
0.335757
0.315159
0.423257
0.125922
0.300828
0.294535
0.310989
0.390598
0.340850
0.235716
0.253819
0.349609
0.405811
0.110745
0.087815
0.153924
0.222560
0.195317
0.470885
0.208003
0.160139
0.245275
0.384268
0.325806
0.217258
0.260278
0.443718
0.429808
0.267512
0.389423
0.230459
0.439425
0.363369
0.158625
0.128311
0.339736
0.439332
0.269885
0.251742
0.357892
0.255432
0.339520
0.161733
0.298164
0.265307
0.300378
0.504426
0.346829
0.345996
0.128325
0.156087
0.493896
0.272272
0.201008
0.162353
0.359722
0.424599
0.356386
0.050262
0.255436
0.282715
0.359204
0.089849
0.380981
0.486683
0.007557
0.458463
0.257080
0.229799
0.271744
0.506779
0.375322
0.411069
0.516902
0.309997
0.425389
0.504758
0.223288
0.066599
0.081482
0.134130
0.206793
0.245057
0.307773
0.323891
0.369302
0.279946
0.185364
0.533223
0.076480
0.087177
0.421036
0.306118
0.146091
0.215116
0.182806
0.034351
0.374906
0.324530
0.241179
0.268325
0.337765
0.304298
0.301404
0.213205
0.066471
0.160868
0.366134
0.306651
0.142306
0.223365
0.252766
0.492646
0.081182
0.131719
0.136151
0.273152
0.189479
0.242963
0.453153
0.254773
0.176087
0.456629
0.244118
0.378160
0.127144
0.199463
0.269478
0.355723
0.034178
0.326756
0.472798
0.415251
0.438538
0.194107
0.278999
0.306789
0.177595
0.267701
0.179657
0.083998
0.197092
0.245054
0.360115
0.321856
0.190102
0.261296
0.216790
0.040601
0.177184
0.098000
0.068156
0.226990
0.210733
1.035286
0.195966
0.252334
0.194044
0.364319
0.144775
0.404234
0.255974
0.304803
0.333595
0.179944
0.107936
0.180314
0.129820
0.115650
0.073892
0.243100
0.566094
0.007189
0.372908
0.413148
0.123164
0.322809
0.375565
0.373266
0.503901
0.262156
0.025964
0.431773
0.081112
0.213138
0.201333
0.210853
0.264392
0.335091
0.272805
0.237060
0.281733
0.335835
0.199513
0.162979
0.477853
0.397341
0.319773
0.572430
0.442464
0.182785
0.383457
0.281586
0.108820
0.142355
0.053820
0.091804
0.004758
0.394754
0.050403
0.169247
0.012275
0.095276
0.238369
0.350612
0.203509
0.393138
0.333313
0.291823
0.231892
0.439450
0.454137
0.405229
0.556041
0.232572
0.474518
0.271317
0.464547
0.405273
0.577744
0.074481
0.162287
0.583561
0.182156
0.371627
0.085297
0.906940
0.832388
0.296630
0.336214
0.216318
0.255558
0.311572
0.284386
0.362026
0.400681
0.325003
0.320941
0.314426
0.141165
0.192367
0.148966
0.331628
0.336108
0.158739
0.062746
0.108473
-0.086651
0.115572
0.272150
0.458071
0.268218
0.159500
0.602954
0.783956
1.020483
1.224231
0.342122
0.417362
-0.053142
-0.036263
0.318040
0.467404
0.293464
0.276826
0.385507
0.456200
0.013309
0.326018
0.117352
-0.027614
-0.042068
0.563080
0.184594
1.113486
1.998786
2.108244
1.170500
0.816147
0.401453
0.454081
0.992245
0.954094
0.614314
0.609832
0.734813
0.120208
0.659258
0.398441
0.399556
0.707590
1.188872
1.019502
0.756346
0.078787
-0.024420
0.331001
1.205075
1.984160
0.601801
1.171685
0.997331
1.256024
1.222205
1.510210
1.025338
0.207453
0.802707
0.513808
0.736464
0.772579
0.960331
0.945974
1.095618
0.910420
1.178331
0.429469
0.443157
0.244628
0.061317
0.764043
0.927390
1.474676
2.547984
2.141935
1.170443
0.518324
0.846103
0.861207
0.610756
0.594974
0.529945
0.380290
0.707938
0.635524
0.617631
0.676442
0.717595
0.798072
1.011997
0.811903
0.797081
0.095181
0.106666
0.581282
1.121474
1.490730
1.351873
0.612291
0.837057
0.819555
0.432267
0.280977
0.852500
0.455966
1.516065
1.861349
1.391142
0.908729
0.944137
0.948066
1.644690
1.461651
1.079263
0.677900
0.966074
0.357222
0.624499
1.586121
1.624352
1.430729
0.755612
1.197759
0.308114
1.016317
1.148960
1.236222
0.739838
0.795441
0.235631
0.365305
0.545410
0.644146
0.427581
1.529387
0.770091
0.997520
1.284500
1.135916
0.718231
-0.269900
0.572197
0.927764
0.604914
0.924070
0.334555
0.680253
0.588217
0.805939
0.614363
0.762995
0.993163
0.556671
1.296987
1.962818
1.811277
1.482962
1.347764
0.543099
0.931133
1.350067
0.327687
0.648677
0.979365
0.834650
1.075240
1.606356
1.565423
0.777856
0.467802
0.755343
0.948578
0.617722
0.769058
0.797380
1.193482
0.984609
1.313484
0.636355
1.632758
0.713529
1.018177
0.653609
0.897650
0.665995
0.809976
0.911931
0.637893
0.056990
0.769592
1.727836
1.537908
0.486025
1.045121
0.389224
0.774943
0.601317
0.874030
0.725872
0.915560
0.090818
1.032823
0.827918
1.585667
0.970358
1.257095
0.565744
0.261514
0.334249
0.528249
0.234072
0.866589
0.479593
1.048352
0.879940
0.928415
0.229662
0.538154
0.487170
1.050515
0.856485
0.949553
0.578887
0.912696
1.165317
1.087438
1.191119
1.595045
1.017654
0.888570
0.005900
0.512128
0.538477
1.420449
1.250588
1.770152
0.780251
0.948951
1.652209
1.588276
1.000476
0.956261
0.717230
0.870202
0.329392
0.939358
0.664337
0.738271
0.689295
0.953941
1.023272
0.679659
0.468279
0.821022
0.549185
0.673330
0.434448
0.955535
0.691708
0.647910
0.312048
0.369687
0.490171
0.809370
0.300306
0.450776
0.691124
0.527157
1.199178
1.501329
1.129585
0.731651
0.786279
0.916286
0.972215
0.824406
0.902412
0.449570
0.352670
0.284897
0.696910
0.902660
1.394482
1.496562
0.613587
1.318477
1.703828
1.333501
0.930444
0.995423
1.005151
0.789900
0.877767
1.037960
1.234162
1.469242
1.174394
1.302157
0.963711
0.768329
0.844932
0.687725
1.247157
0.891364
0.828315
0.563726
0.596403
0.339008
0.407239
0.314247
0.458573
0.732696
1.153231
1.024839
0.846446
1.002604
0.937967
0.938459
1.524810
0.786242
0.516980
0.396388
0.921173
0.800438
0.431671
0.821972
1.291779
0.764425
1.478028
1.250708
1.434888
1.724567
0.499142
0.580885
1.595690
0.885321
0.827821
0.512345
1.231017
0.603106
0.816201
1.215442
1.402208
1.477286
1.161071
0.974039
0.950362
0.511255
1.097609
1.060904
0.801963
0.980072
0.999465
0.449936
0.350543
0.893486
0.575176
0.806518
1.215788
0.843791
1.009416
0.707944
0.873281
0.469306
0.959466
1.373508
0.555972
0.543416
0.342613
0.169206
1.076046
1.460697
1.228907
0.970068
0.924396
0.730328
1.222474
1.269051
1.504972
1.672480
0.565736
0.061275
1.014608
1.123226
0.899639
0.838975
0.905067
1.006112
0.361309
0.600858
1.084804
1.910329
1.729666
1.666723
1.766743
1.519467
1.022451
0.785118
0.451287
0.473851
0.208105
0.380682
0.729453
0.824834
0.640898
0.756086
1.110016
1.101567
0.909018
0.886213
0.545166
0.534834
1.618479
1.320001
0.830436
0.529431
0.236188
0.950704
1.100795
1.675595
1.589746
1.167540
0.213804
-0.035718
0.297092
0.748625
0.469597
0.580033
0.426786
0.516940
1.362272
1.259808
0.841530
1.304491
1.639935
1.322679
1.339364
0.749593
0.838585
1.253413
1.462655
1.529900
1.410613
1.370804
0.903943
0.642641
0.492390
0.682768
0.711087
0.955308
1.409641
1.469194
0.740315
0.012472
0.422321
0.330677
0.665192
0.421292
0.860109
1.204781
1.228289
0.599440
0.739709
0.752537
0.622534
0.912060
0.791321
0.408235
0.647048
0.951942
0.621534
0.872257
0.567111
0.820672
1.540572
1.306054
0.333996
0.555980
0.752293
0.830132
0.662129
1.347182
0.711487
1.063712
0.672352
0.992152
0.449982
0.931801
1.162125
1.092744
1.116132
0.721975
0.511123
0.858877
0.330375
0.682854
1.067221
1.480675
1.271067
1.000303
0.992688
0.497295
0.983056
1.041397
0.488129
0.536970
0.773158
0.631383
0.336708
0.804818
1.078718
1.143812
0.915329
0.820039
0.698013
0.380584
0.388294
0.574060
0.862994
0.784908
0.609404
0.667214
1.413810
1.289025
0.656049
0.283110
1.052203
0.777677
1.144693
0.695892
0.220847
0.335242
0.362930
0.910785
0.067988
1.213478
1.260883
0.958558
1.120665
0.607642
0.407217
0.424024
0.525786
0.616042
0.779527
0.523965
1.087096
0.453975
0.757733
0.591219
1.615808
0.709943
0.802351
0.542496
0.193392
0.475747
0.334447
1.093223
0.939820
1.265200
0.134001
0.816106
0.563062
0.480026
0.902949
0.955410
0.500751
-0.030065
0.504464
0.620483
0.882865
0.965374
0.618294
0.546657
1.057938
0.928554
0.268959
0.307521
0.328404
0.677144
0.246353
0.915350
0.797574
0.691248
0.640085
0.199757
0.410857
0.582542
0.426544
0.716261
0.616817
0.703401
0.584112
0.439839
0.346124
1.317699
0.595341
0.239357
0.390931
0.721781
0.442694
0.483712
0.227946
0.429380
0.394154
0.859743
0.387076
0.756036
0.509770
0.813573
0.970396
1.069624
0.855353
1.323366
0.651201
0.940783
0.501473
1.152244
1.187144
0.745885
0.286941
0.746639
1.047790
0.441976
0.120700
0.713605
0.418712
0.987072
0.598665
0.546030
0.478438
0.619801
0.670089
0.305554
1.012560
0.935993
1.259156
1.186287
0.788713
0.907734
0.870922
0.878039
0.865210
0.997777
1.060961
-0.162786
-0.050464
0.471651
0.158783
0.405538
-0.156801
0.454560
-0.156227
0.601049
0.281137
0.130950
0.496155
0.269107
0.765999
0.462784
0.317935
0.284077
0.774257
0.413495
0.627199
0.876894
0.236839
0.343137
0.138335
-0.357782
-0.184976
0.097393
1.261137
0.492592
-0.010091
0.021765
0.904027
-0.002811
1.140536
-0.417271
0.530674
0.134018
0.080977
-0.233086
-0.291735
-0.224144
-0.161933
-0.157374
-0.197969
-0.049074
-0.291527
0.856049
0.316473
-0.261308
-0.028791
-0.044586
-0.069932
-0.047468
0.028064
0.049862
-0.229750
0.685392
-0.515413
0.962820
-0.087051
0.073329
0.679816
1.079845
0.906674
0.682983
-0.022847
-0.015885
-0.029852
-0.281831
1.137808
-0.062434
-0.315685
0.175092
-0.404665
0.269012
0.628122
0.138325
-0.491874
-0.121486
0.299947
-0.238771
0.315121
-0.110946
-0.520748
1.049227
0.772267
0.447083
1.238695
0.217002
0.718602
-0.020347
-0.075753
0.321716
0.033690
-0.011232
0.311990
-0.387798
2.033808
0.510289
-0.384914
-0.037643
-0.002166
-0.126167
0.462401
0.192773
-0.387719
-0.309010
0.561825
-0.167128
0.067515
0.429243
0.522841
0.003727
-0.208014
0.929885
-0.317985
0.498224
-0.442995
0.027874
-0.292718
0.827257
0.207144
-0.222064
0.857441
0.015896
-0.375245
0.593957
-0.427459
-0.306540
-0.169675
-0.036912
-0.628854
-0.287512
-0.137876
-0.020560
-0.221640
0.846693
-0.090527
-0.155423
1.611243
-0.788162
1.422329
0.516573
-0.166786
-0.131519
-0.012764
1.894939
0.925287
-0.212174
0.192329
-0.286175
1.285182
-0.206689
-0.127043
-0.230818
0.231265
-0.278456
-0.083878
0.094969
1.218529
0.448798
0.329977
0.206285
-0.283445
1.331143
0.043400
-0.444241
0.054852
-0.664485
0.856602
-0.111433
-0.173107
0.845932
-0.093416
0.550168
-0.205650
-0.319529
-0.186532
-0.193130
0.007320
-0.251724
0.960214
-0.232326
0.692717
0.489521
-0.139429
1.537107
0.113748
-0.414177
0.170589
1.364992
-0.153121
0.288824
-0.094573
0.841522
0.939599
-0.157084
0.524460
-0.234006
-0.193495
-0.081543
-0.268018
-0.209640
-0.018543
0.247567
-0.544408
0.703689
0.620211
0.191642
0.735845
-0.550332
0.309313
0.012455
0.392799
0.009556
-0.094309
-0.014100
0.604998
0.622490
0.238670
1.849916
-0.908299
0.781252
0.240922
0.056268
-0.101724
-0.099399
-0.071005
0.278648
0.890043
0.261312
-0.768131
0.903446
-0.329955
0.392171
-0.040225
0.524038
-0.519287
1.379778
0.348734
0.200292
0.134017
1.494262
0.005609
-0.482406
2.368803
-0.106203
0.255354
-0.040972
-0.028339
-0.124377
-0.069141
0.396360
-0.254846
1.615964
1.533685
-0.136275
0.001827
0.241741
-0.342788
-0.198890
1.808838
0.400139
0.551202
-0.340844
0.431334
-0.167129
-0.037264
0.459550
-0.525226
0.115749
-0.269233
0.846408
0.952492
0.264801
-0.342150
0.390393
1.351034
-0.688948
1.755398
-0.088964
0.321522
-0.127973
0.257124
0.766926
-0.160463
0.996044
0.164125
-0.471995
0.350083
-0.113276
1.258456
-0.018365
1.435555
-0.129517
0.297886
0.253697
-0.126146
-0.155021
0.637426
-0.198248
-0.126687
2.373724
-0.432970
0.261957
0.190805
-0.592643
0.168457
-0.170518
1.121430
-0.275227
0.846677
0.172467
0.031953
3.016170
-0.279205
0.346018
1.243801
0.360017
-0.131667
-0.416984
1.508806
-0.219374
-0.249139
-0.192102
-0.002443
-0.434989
0.593050
-0.083058
-0.392632
0.039046
-0.294428
0.448024
1.033686
0.987710
0.712793
-0.051188
0.474766
-0.533837
1.228541
0.647133
-0.447909
1.272578
-0.080159
-0.409612
-0.133758
0.217656
-0.354670
0.201368
-0.253370
1.467716
-0.338225
0.398077
-0.050778
0.756055
-0.038800
1.009867
-0.213196
1.006675
-0.507314
-0.441285
1.283995
1.286995
-0.108442
-0.280784
2.199970
-0.231537
0.230646
0.781746
-0.149450
0.077981
0.085917
0.224960
0.619637
-0.439954
1.217214
0.215558
-0.138803
0.051878
-0.336504
-0.163090
0.099666
0.275020
0.415576
-0.119676
-0.120317
0.236258
-0.014202
0.276302
-0.267841
0.678050
0.654781
-0.153317
-0.130546
0.747867
-0.190432
-0.347594
0.125292
0.106837
0.049524
-0.186892
1.480414
-0.364698
2.319132
0.860810
1.164667
-0.227355
0.840812
-0.458009
-0.043001
0.140839
0.122999
0.236508
0.044844
0.249935
-0.215228
0.875560
-0.227471
-0.209709
0.577086
-0.089384
-0.614397
0.823398
-0.185749
0.955733
-0.339307
1.342669
1.012544
-0.280440
0.876228
0.958436
-0.471470
-0.066011
-0.136981
0.483911
0.842751
-0.366754
-0.144364
-0.195183
0.111571
-0.264098
1.048845
-0.217691
-0.120560
0.731493
0.712811
-0.156080
-0.323083
1.262777
0.026896
-0.025707
0.737312
2.574528
-0.630388
0.075026
1.477811
-0.201972
0.171402
0.718228
-0.327118
1.948524
-0.176058
-0.400817
-0.014345
-0.032836
-0.181766
0.598902
1.003546
0.424196
-0.330029
0.907335
1.272118
-0.857912
0.688650
-0.067953
0.559646
-0.398322
1.743439
-0.153493
-0.569870
0.181066
-0.017153
0.221552
1.289598
-0.199862
0.354813
0.468667
0.196216
1.213714
1.079440
1.673383
-0.019034
0.901338
0.565603
-0.497395
-0.380912
1.225792
-0.312166
0.335929
0.188322
1.403071
-0.685061
0.356459
0.283487
-0.067825
0.870454
0.214307
1.053340
1.210933
-0.076557
0.281118
0.492003
0.513495
0.781130
1.052492
0.889088
-0.452858
-0.042301
-0.206665
0.149421
-0.489685
0.318036
-0.374430
0.372683
-0.580757
0.439166
-0.405572
-0.109876
-0.381025
-0.063792
1.568413
0.065016
0.124501
1.645455
0.557236
-0.246897
0.954536
-0.124024
0.689894
-0.154012
-0.054435
-0.171891
-0.037691
-0.151449
0.780670
-0.461290
0.499624
-0.391741
0.780303
0.822070
0.615538
-0.477263
-0.196115
-0.028360
0.013565
1.090901
0.841694
-0.480843
-0.183006
0.655063
-0.795777
1.338733
-0.140735
0.417279
-0.322134
-0.143899
0.258378
0.439667
-0.203264
0.520756
-0.430048
1.123193
-0.081897
0.354329
-0.179932
1.220113
-0.265387
-0.378722
0.126580
1.013993
-0.033885
0.680677
-0.178814
-0.349837
-0.185394
-0.181593
-0.258097
0.462716
0.475675
0.417498
0.338314
0.128388
0.078019
-0.063104
0.588186
-0.224547
0.386232
1.330127
1.416787
-0.352638
-0.043740
1.528544
1.301044
0.155774
-0.244129
1.130808
-0.075272
0.595472
-0.151928
-0.124706
2.642071
-0.495768
0.056997
-0.059096
-0.100098
1.127903
1.100995
-0.269770
0.364089
0.832025
1.523628
1.004121
0.413254
-0.022088
0.971115
-0.345918
-0.186362
0.855559
0.968572
-0.577816
2.253120
-0.144760
2.219207
2.190096
-0.051326
1.019977
0.509695
0.593887
0.420924
0.117135
0.641095
0.038139
-0.182571
0.152310
-0.036868
-0.150291
1.122654
-0.103766
-0.619487
1.564035
0.091016
-0.564413
-0.103923
0.315035
-0.301004
0.844667
2.288029
0.980733
2.041260
0.463846
-0.395279
0.674432
0.243251
0.971491
0.405847
1.395755
-0.519633
-0.075885
-0.302220
0.487395
-0.527641
-0.201560
0.217510
-0.569871
-0.189755
0.125481
-0.646487
-0.073284
-0.303554
0.693893
-0.297524
1.380390
-0.281012
-0.359684
1.122177
-0.700715
0.236690
-0.101029
0.608823
-0.476386
-0.104426
-0.265344
-0.237911
-0.514790
0.342112
-0.564353
0.040376
0.281958
0.132670
1.435909
0.182579
0.409385
0.282065
0.220597
0.043531
0.258435
0.630953
0.581783
0.560166
0.029306
0.230740
0.211750
0.188145
0.962033
0.129104
0.440731
0.555041
0.175496
0.524307
0.015587
0.823595
0.249842
1.231014
1.044852
0.209001
0.561146
0.709159
0.147951
0.137396
0.199159
1.216462
0.679339
0.529264
0.669116
0.101661
0.604976
1.265955
0.692379
0.800167
0.925726
0.958121
0.362118
0.185652
0.859815
0.872630
0.274033
0.659561
0.119921
0.334534
0.521146
0.030513
0.424980
0.149649
0.494101
0.691541
0.367452
0.572146
0.268929
0.109241
0.299044
0.430523
0.091345
0.602853
0.657553
1.031350
0.890122
0.288897
0.867934
0.436595
0.480606
0.353765
0.304000
0.511586
0.392948
0.252128
0.471026
0.247854
0.571325
0.062163
0.695106
0.114014
0.112646
0.169256
0.710712
1.044303
0.233756
0.043138
1.517735
0.185850
0.816517
0.671064
0.237250
1.037535
0.304004
0.220314
1.282600
0.664751
0.644237
0.231178
0.009014
0.236202
0.346250
0.100742
0.362925
0.776089
0.444987
0.460756
0.360291
0.208016
0.104311
0.326236
0.305682
0.403515
0.146311
0.813879
0.808041
0.757444
0.301893
0.976773
0.755632
0.392881
0.751163
0.384010
1.010646
0.325604
0.162858
0.516744
0.473025
0.242737
1.304326
0.158462
0.751205
0.232710
1.195947
0.927675
0.037612
1.361707
0.578962
0.101887
0.241943
0.513355
0.831719
0.263623
0.617941
0.105611
0.933429
0.421800
0.011106
0.122919
0.245349
0.360160
0.000653
0.600697
0.379952
0.368354
0.034115
0.096189
0.041934
0.340712
0.909838
0.210058
0.270159
0.512152
0.310104
1.374723
0.735358
0.081236
0.710115
0.387709
0.583478
0.344246
0.396210
0.921482
0.051949
0.500879
1.083317
0.421879
0.486474
0.498461
0.410852
0.356037
0.224935
0.295693
0.303929
2.183706
0.168562
0.722638
0.586154
0.965806
0.395682
0.069731
0.696646
0.617672
0.503768
0.579503
0.602955
0.536955
0.121002
0.588082
0.130389
0.205926
0.595130
0.467705
0.126716
0.388996
0.257791
0.252880
1.583847
0.339013
0.755930
0.002342
0.532259
1.090855
0.279259
0.969559
1.200337
0.915260
0.461138
0.480774
0.344301
0.380034
0.176987
0.426918
0.027776
0.352108
0.171296
0.265363
0.205175
0.472009
0.211892
1.289927
1.246762
0.312118
0.244841
0.248297
0.416249
1.135451
0.665942
0.270218
0.844110
0.694406
0.189057
0.952128
0.446789
0.551592
0.543807
0.534001
0.513016
0.288433
0.427572
0.242924
0.173851
0.146755
1.084744
1.042283
0.673306
0.033197
0.743899
0.464275
0.292821
0.089104
0.965690
0.059063
1.050209
1.154474
0.512823
0.277455
1.217334
0.234296
0.430234
0.121384
0.216119
0.133825
0.304888
0.023142
0.460494
0.214607
0.443891
0.547146
0.012610
0.232173
0.459475
0.500631
0.696489
0.893632
0.434442
0.065935
0.217749
0.120720
0.077810
0.127464
0.050497
0.318664
0.822839
0.157471
0.557605
0.313608
0.628749
0.270509
0.482921
0.862578
0.061171
0.122768
0.416669
0.443914
0.401324
0.155212
0.568268
0.447574
0.087582
0.245060
0.072707
0.649020
0.167773
0.201778
0.152531
0.413465
0.374566
0.161503
0.537679
0.382062
0.656667
1.115746
0.397262
0.675115
0.243824
1.406828
0.060273
0.064071
0.241351
1.737990
1.026988
0.405299
0.815165
0.259771
0.966094
0.365634
0.444437
0.007780
0.233491
0.586053
0.330035
1.076892
0.070132
0.130536
0.162304
0.486310
0.274041
0.113865
0.795756
0.047730
0.114471
0.026210
0.849561
1.128281
1.490470
0.423279
0.317553
0.131561
0.607834
0.037173
0.256649
0.069306
0.055347
0.686435
0.163265
1.429833
0.507045
0.143376
0.113971
0.433756
0.011052
0.061186
1.487043
0.433704
0.350945
1.199265
1.087440
0.563960
0.978417
0.257058
0.949630
1.201518
0.509793
0.822960
0.658270
0.227074
1.464355
0.453914
0.786187
0.657230
0.098622
0.625771
0.569273
0.176580
0.639650
0.797781
0.209039
0.971888
0.043453
0.117209
0.374247
0.270813
0.084685
0.707052
0.864868
0.004900
0.042864
0.161147
0.356840
0.835637
0.365183
1.664603
0.208584
0.265055
0.137035
0.009347
0.212183
0.665669
0.509149
0.568425
0.054786
0.013332
0.230810
0.490573
0.485735
0.054255
0.037005
0.574843
1.084927
0.106276
0.047600
0.355339
0.338010
0.185769
0.663088
1.165742
0.409555
0.116156
0.520019
0.693045
0.304530
1.026690
0.044093
0.377256
0.309690
0.328948
0.452467
1.594934
0.919700
0.824073
0.621163
0.205839
0.877016
0.138354
0.083661
0.736439
0.531136
0.012981
0.153085
0.048408
0.075416
0.384851
0.038025
0.268007
0.287798
0.245674
0.829118
0.228381
0.139070
0.520780
0.586153
0.182938
1.352269
0.453312
0.512625
0.223215
0.523308
0.244707
0.130860
0.189175
0.151466
0.720964
0.987688
0.474094
0.013625
0.151641
0.196048
0.345558
1.247795
0.680291
0.599239
0.670635
0.439164
0.235028
0.717882
0.368954
0.447699
0.139908
0.779810
0.133884
0.976071
0.433214
0.197505
0.480798
0.273102
0.538920
0.799491
0.259601
0.282792
0.433287
0.803816
0.736939
0.783841
0.649167
0.055292
0.207519
0.443585
0.306651
0.725435
0.384552
0.540614
0.372570
0.288957
0.368940
0.822667
1.478788
0.564818
0.757965
0.127323
0.763739
0.391574
0.307688
0.583718
0.421964
0.238953
0.055581
0.203242
0.121696
0.373467
0.193846
0.729390
1.060019
0.502092
0.195998
0.435741
0.811795
0.448615
1.198220
0.105460
1.493294
1.156771
0.761556
0.467914
0.179538
0.071700
0.555437
0.091662
0.199807
0.761059
0.123980
0.834555
0.336296
0.007310
0.124063
0.523693
0.150889
0.328167
0.339231
0.737437
0.426099
1.369774
0.825420
0.468584
0.556735
1.663244
0.253660
0.252387
0.225952
0.129960
0.466218
0.677433
0.230309
0.256156
0.107442
1.087585
0.539799
0.705943
0.471976
0.071340
0.611376
0.235472
0.675927
0.291726
1.638200
0.529436
0.726898
1.456573
0.236042
0.993874
0.302124
0.903258
0.403934
0.366548
0.190651
0.294470
0.422010
0.445676
0.993353
0.875659
0.042886
0.512910
0.593917
0.046023
0.768891
0.584830
0.408886
0.497602
0.274431
0.870521
0.393719
0.200732
0.554285
0.970331
0.196601
0.269286
0.603624
0.182603
0.228139
0.118558
0.272267
1.140781
0.319492
0.180577
0.279804
0.244831
0.553142
1.022826
0.453191
0.074385
1.377515
0.320045
0.118242
0.098278
0.715568
0.239773
0.421477
0.732913
0.004212
0.610830
0.370894
0.110019
0.275626
1.292719
0.789519
0.264815
0.279473
0.090282
0.399309
0.308056
0.608162
1.492178
0.066516
1.225926
0.881299
1.002137
0.028241
0.977514
-0.380439
-0.368222
-0.442470
-0.386304
-0.247788
-0.065626
-0.230372
-0.233200
-0.323791
-0.280931
-0.356940
-0.287349
-0.361333
-0.334093
-0.417313
-0.343775
-0.352443
-0.286261
-0.305368
-0.404529
-0.406933
-0.387320
-0.351751
-0.282784
-0.280376
-0.093661
-0.053951
-0.174429
-0.275874
-0.321944
-0.222954
-0.068286
-0.253787
-0.165516
-0.117644
-0.053236
-0.250754
-0.181399
-0.153442
-0.017380
-0.073399
-0.054782
-0.064389
-0.046580
-0.112879
-0.120505
-0.250824
-0.173885
-0.320498
-0.235417
-0.293024
0.106529
0.248642
-0.145763
-0.122550
-0.278896
-0.125896
-0.054897
-0.070893
-0.245774
-0.334993
-0.308521
-0.254347
-0.227909
-0.271834
-0.176284
-0.364443
-0.399724
-0.003835
-0.074242
-0.244468
-0.084991
-0.356311
-0.257346
-0.369353
-0.250391
-0.128394
-0.206433
-0.196771
-0.226176
-0.186825
-0.172809
-0.297547
-0.027888
0.005351
-0.219068
-0.200176
-0.041158
-0.044820
-0.146271
-0.222686
-0.212133
0.100126
0.195341
-0.114402
-0.163421
-0.336167
-0.122350
-0.253842
0.110395
-0.104327
-0.158988
-0.139537
-0.356468
-0.213483
0.045400
-0.060518
0.326056
-0.063932
-0.005285
0.076071
-0.068039
-0.117449
-0.013649
-0.084222
-0.216470
-0.216876
0.044752
-0.000531
0.116037
-0.366106
-0.123470
-0.131061
-0.341990
-0.186811
-0.089225
-0.057995
-0.099332
-0.146184
0.193125
0.242967
0.321007
-0.141374
-0.050580
-0.046467
-0.129299
-0.327159
-0.140844
-0.215322
-0.250258
-0.157587
-0.066097
-0.246514
-0.269227
-0.387530
-0.127148
-0.107322
-0.098026
-0.235447
-0.179650
-0.068779
-0.230356
-0.327815
-0.246550
-0.241635
-0.279758
-0.148000
-0.061242
-0.103900
-0.178266
-0.239743
-0.248291
-0.056273
-0.072909
-0.231046
-0.194823
0.358961
-0.083129
-0.227382
0.008659
0.205618
0.299929
0.037855
-0.062656
-0.027237
-0.257610
-0.030313
0.432930
0.080787
0.047332
-0.023996
-0.210099
-0.286864
-0.304445
-0.163715
-0.029983
-0.173497
-0.263928
-0.140064
-0.124006
-0.043225
-0.183604
-0.222299
-0.004746
-0.022345
-0.243353
-0.240929
-0.274774
0.036623
-0.071010
-0.093629
0.229763
-0.121969
-0.274024
-0.250421
-0.084324
-0.317185
-0.423444
-0.233600
-0.206645
-0.268202
-0.203445
-0.066208
-0.121581
-0.197753
-0.080018
-0.368159
-0.086832
-0.133527
-0.134782
-0.212929
-0.079290
-0.035146
-0.185103
-0.208752
-0.082325
-0.052869
-0.156645
-0.286046
-0.246151
-0.224113
-0.173097
-0.219173
-0.207731
0.118034
-0.197456
-0.163490
-0.214159
-0.124455
-0.334980
-0.254036
-0.252894
-0.267844
-0.282708
-0.208904
-0.145979
-0.132306
-0.106191
-0.327470
-0.224254
-0.102520
-0.220872
-0.160324
-0.282214
-0.380583
-0.422636
-0.334732
-0.168142
-0.109469
-0.172092
-0.280165
-0.370113
-0.218673
-0.261771
-0.419538
-0.102598
-0.248031
-0.137098
-0.126020
-0.099665
-0.216452
-0.110283
-0.138346
-0.262517
-0.385685
-0.202793
-0.063125
-0.016618
-0.007940
-0.103004
-0.126705
-0.100806
-0.234529
-0.254722
-0.301404
-0.261237
-0.144539
-0.109346
-0.266828
-0.244401
-0.146019
-0.222889
-0.272971
-0.245481
-0.121067
-0.280945
-0.150888
-0.024727
-0.290077
-0.041292
-0.165930
-0.252429
-0.043404
-0.072677
-0.127699
-0.223637
-0.118823
-0.026405
-0.046008
-0.195311
-0.241404
-0.266191
-0.194602
-0.110981
-0.310250
-0.214204
-0.100682
-0.116837
-0.138543
-0.114018
-0.281818
-0.040752
-0.283335
-0.177557
-0.065909
-0.114527
-0.049041
-0.304542
-0.080934
-0.121948
0.071091
-0.054927
-0.157162
-0.375006
-0.287203
-0.354735
-0.092376
0.015859
-0.096783
-0.198050
-0.038901
-0.028647
-0.297142
-0.214809
-0.155637
-0.006417
-0.227057
-0.222152
-0.208715
-0.237941
-0.258150
-0.323174
-0.192588
-0.192354
-0.051716
-0.189675
-0.092376
-0.063978
-0.311130
-0.202227
-0.286132
-0.237757
-0.215042
-0.267677
-0.358359
-0.196157
-0.360702
-0.343289
-0.306423
-0.082316
-0.161389
-0.296589
-0.193916
-0.163826
-0.217548
-0.236067
-0.215967
-0.175839
0.261625
-0.097924
-0.025871
-0.083368
-0.315029
-0.318474
-0.135794
0.392683
-0.168457
-0.209522
-0.369344
-0.192754
-0.141523
-0.241835
-0.020847
-0.153861
-0.256492
-0.189071
-0.167541
-0.201267
0.003846
0.025743
-0.000749
-0.283563
-0.214197
-0.293847
-0.267386
-0.146552
-0.107092
-0.213018
-0.348362
-0.105898
-0.183581
-0.123763
-0.340404
-0.281560
0.077218
-0.214689
-0.226390
0.259965
-0.151352
-0.367955
-0.317408
-0.150013
-0.174525
-0.241909
-0.145847
-0.222207
-0.258079
-0.236249
0.296609
-0.003649
-0.242822
-0.158743
-0.341246
-0.153289
-0.204909
-0.114804
-0.117592
-0.224593
-0.240927
-0.034865
-0.151140
-0.290555
-0.238927
-0.039480
-0.067625
-0.254514
-0.143064
0.277648
0.171992
-0.289629
-0.410834
-0.293796
-0.297293
-0.136789
-0.066834
-0.181634
-0.192284
-0.031797
-0.190982
-0.211527
-0.132126
-0.162684
-0.143965
-0.049498
-0.129044
-0.144079
-0.228542
-0.324927
-0.014199
-0.177249
-0.311147
-0.178310
-0.092980
-0.204532
-0.184642
-0.150487
-0.172234
-0.145087
-0.268953
-0.148752
-0.222370
-0.114250
-0.164661
-0.355894
-0.411142
-0.383581
-0.277214
-0.364945
-0.380454
-0.345894
-0.374385
-0.303789
-0.142047
-0.106934
-0.074977
-0.022238
-0.204181
-0.241366
-0.302924
-0.276270
-0.153848
-0.169335
-0.332493
0.665909
-0.341670
-0.203516
-0.132270
-0.270387
-0.271790
-0.248913
-0.090831
-0.120440
-0.282324
-0.213500
-0.150192
-0.203794
-0.095711
-0.137694
-0.094215
-0.115061
-0.062961
-0.128704
-0.073838
-0.210539
0.384535
0.065020
-0.154079
0.863206
-0.324217
-0.118373
-0.224228
-0.207140
-0.164367
-0.358069
-0.124024
-0.056504
-0.117708
0.194548
0.173842
-0.128358
-0.059384
-0.216515
-0.212577
-0.273778
-0.322668
-0.121204
-0.040718
-0.181079
-0.085716
-0.121699
-0.227678
-0.080110
-0.301566
-0.167607
-0.226586
-0.314988
-0.263059
-0.138746
-0.170757
-0.146566
-0.064608
0.300013
0.190687
-0.110713
-0.024583
-0.055107
-0.102988
-0.232433
-0.300811
-0.183360
0.177948
0.035030
-0.176348
-0.030934
-0.108685
-0.275791
-0.326926
-0.182287
0.520292
0.037076
-0.229612
-0.170600
-0.179343
-0.065178
0.142925
-0.212152
-0.160169
-0.203727
-0.254099
-0.190594
-0.099743
-0.002967
-0.045560
-0.086345
0.150084
-0.114943
-0.256742
-0.148682
-0.158210
-0.153653
-0.274745
-0.252796
-0.302655
-0.256075
-0.128992
-0.283973
-0.278530
-0.214218
-0.223686
-0.134739
-0.263481
-0.132107
-0.245226
-0.352214
-0.199504
-0.078152
-0.017895
-0.287178
-0.092739
-0.201520
-0.102662
-0.267255
0.099760
-0.037277
-0.266731
-0.026394
-0.036394
-0.077082
-0.147921
0.265907
-0.158162
-0.373270
-0.097226
-0.230857
-0.301360
-0.363079
-0.296226
-0.203083
-0.269447
-0.333009
-0.193755
-0.283313
-0.275775
-0.210506
-0.228093
-0.082695
0.065593
-0.108814
-0.319908
-0.359437
-0.231038
0.582846
0.006353
-0.020940
-0.036356
-0.313648
1.787447
1.806444
-0.110744
-0.330145
0.024521
-0.016889
-0.167167
-0.216377
-0.241641
-0.257113
-0.279202
-0.256829
-0.152111
-0.043735
-0.043156
0.236703
1.042869
1.123194
1.406830
1.385267
1.401858
1.402245
1.538705
1.387197
1.218741
1.129960
1.061796
1.219408
1.137666
1.306203
1.165255
1.271534
1.102544
1.121067
0.681239
0.753312
0.719577
1.035932
1.325469
1.229055
1.048335
1.451393
1.203320
1.699856
1.207409
1.386691
1.437743
1.446185
1.377813
1.482947
1.280393
1.501969
1.271005
1.294971
1.285235
1.212837
1.395607
1.396444
1.446308
1.026990
1.426169
1.162292
1.416718
1.159645
1.212674
1.460750
1.490200
1.502381
1.448869
1.514535
1.655977
1.367862
1.491170
1.307406
1.174549
1.182087
1.317807
1.126364
1.357657
1.189301
0.785257
1.399359
1.074695
1.176438
1.157679
1.172655
1.327513
1.016525
1.252647
1.476949
1.364089
1.410967
1.229629
1.307015
1.338115
1.192813
1.149875
1.160313
1.131445
1.092081
1.242905
1.353319
1.277050
1.170128
1.150664
1.267531
1.453014
1.438501
1.104706
1.150687
1.091749
1.057958
1.192329
1.320466
1.432214
1.110920
1.214272
1.217909
1.287479
1.260508
1.211637
1.082730
0.958057
1.269590
1.211821
1.500922
1.472465
1.381939
1.460258
1.490991
1.558473
1.413872
1.373337
1.393112
1.331001
1.142665
1.134232
1.294385
1.486246
1.546036
1.272043
1.201961
1.172778
1.202343
1.074201
1.320358
1.006479
1.293190
1.360657
1.235371
1.394638
1.442172
1.463368
1.675896
1.493976
1.551770
1.530356
1.275973
1.427270
0.936016
1.153826
1.371116
1.267607
1.284449
1.120049
1.035926
1.170285
1.196560
0.651993
0.927202
0.063667
1.100897
0.377071
1.312057
0.899047
1.452458
1.454638
1.384233
1.350328
1.275621
1.496858
1.551184
1.404454
1.165372
1.095974
1.274966
1.190940
1.269549
1.336884
1.227032
1.442485
1.189178
1.119248
0.586691
0.914129
0.658341
1.031753
1.087230
1.370315
1.344154
1.569085
1.433135
1.443060
1.468922
1.471398
1.450166
1.640694
1.035874
0.907586
1.081833
1.132732
1.116467
1.244543
1.190162
1.267835
1.404609
1.298510
1.063136
0.926730
1.086800
1.147341
1.357737
1.326773
1.659697
1.555085
1.510124
1.505057
1.485408
1.470608
1.622483
1.492264
1.320242
1.011831
1.280837
1.327874
1.282228
1.368673
1.145734
1.230415
1.401555
1.455503
1.531262
1.579634
1.562007
1.545945
1.648086
1.506585
1.727539
1.628483
1.719810
1.428296
1.483932
1.433479
1.422618
1.522994
1.162587
0.969676
1.393639
1.201525
1.523278
1.321399
1.430775
1.089826
1.386463
1.327223
1.409364
1.370373
1.258431
1.318492
1.129423
1.329641
1.254924
1.527012
1.350560
1.395940
1.440382
1.551651
1.496046
1.464491
1.094618
1.272010
1.453708
1.553931
1.524259
1.471600
1.407322
1.418443
1.356298
1.468519
1.365002
0.736918
1.198010
0.753586
1.253369
1.362546
1.253261
1.398797
1.263410
1.438445
1.322529
1.525113
1.462250
1.471176
1.091506
1.189633
1.351174
1.347823
1.404826
1.422487
1.409593
1.325526
1.544709
1.405540
1.617575
0.978318
1.102577
1.072358
1.278667
1.184854
1.573470
1.380434
1.565860
1.611038
1.583163
1.600262
1.435931
1.472563
1.034111
1.079859
1.336387
1.384551
1.379496
1.447301
1.595145
1.520965
1.606541
1.474163
1.378204
1.258180
1.243691
1.389696
1.581070
1.602012
1.597177
1.563080
1.612752
1.472977
1.261924
1.482133
1.215855
1.275371
1.102941
1.018873
1.199684
1.221315
1.360424
1.181908
1.558026
1.589533
1.453149
1.590024
1.410455
1.608793
1.378617
1.387232
1.534899
1.308999
1.668887
1.608115
1.560797
1.869135
1.612522
1.587499
1.475737
1.420640
0.960266
1.010718
1.240190
1.252884
1.635348
1.444578
1.447934
1.555002
1.411611
1.295723
1.411402
1.221558
1.589089
1.380217
1.443871
1.522193
1.316283
1.513127
1.271602
1.554105
1.411076
1.386774
1.263906
1.331634
1.096441
1.016022
1.387497
1.477618
1.488439
1.552391
1.349731
1.339726
1.130554
1.279229
1.300243
1.406657
1.625124
1.659689
1.747211
1.483890
1.696283
1.430968
1.403180
1.519522
1.321219
1.380627
1.189245
1.317198
1.099982
0.999002
1.217155
1.280203
1.551583
1.497421
1.395634
1.232359
1.212334
1.230251
1.445447
1.327328
1.590491
1.352140
1.473641
1.295473
1.288222
1.323819
1.410752
1.475792
1.268255
1.219935
1.342497
1.282722
1.282396
1.001610
1.151335
1.210076
1.342419
1.396671
1.458288
1.291340
1.354154
1.313517
1.467280
1.319881
1.321543
1.401221
1.316881
1.418650
1.530408
1.650654
1.594161
1.573952
1.380360
1.107157
1.335609
1.349946
1.069233
0.996466
1.232933
1.429793
1.546499
1.759463
1.739760
1.815572
1.403649
1.533714
1.173909
1.505111
1.073855
1.268364
1.162363
1.246758
1.208760
1.330530
1.339900
1.310280
1.394175
1.321802
1.293167
1.321591
1.074447
0.969003
1.066748
1.283825
1.347881
1.511205
1.664839
1.476718
1.664690
1.310287
1.472251
1.299532
1.250587
1.156958
1.146566
1.263235
1.302591
1.385569
1.277189
1.493266
1.417578
1.478226
1.459207
1.331474
1.067834
1.043758
1.330171
1.431778
1.514546
1.591618
0.706184
0.910170
0.359359
0.786593
1.299546
1.307909
1.262529
1.224569
1.259878
1.335278
1.282998
1.264990
1.183527
1.192512
1.345214
1.245944
1.351375
1.322097
1.095297
1.116565
1.390331
1.434151
1.359127
1.380636
1.046573
0.891643
1.041542
1.160347
1.364931
1.319216
1.329728
1.195707
1.492846
1.297842
1.620515
1.215003
1.013785
1.365054
0.897405
1.362207
1.471818
1.401914
1.321710
1.184837
1.302949
1.437697
1.251448
1.450331
1.198913
1.184013
1.041136
1.065846
1.366279
1.316645
1.464438
1.400591
1.252155
1.250902
1.399442
1.262628
1.357333
1.362187
1.376359
1.422888
1.287818
1.078871
1.088850
1.242943
1.320242
1.431744
1.287670
1.353636
1.403877
1.412208
1.310883
1.394309
1.234719
1.416937
1.494986
1.545303
1.609769
1.273905
1.477145
1.229651
1.314137
1.022527
1.226342
1.208806
1.283284
0.889893
0.899445
1.109113
0.842628
1.305673
1.324228
1.323510
1.544044
1.205456
1.382208
1.303612
1.262873
1.429435
1.465417
1.474385
1.503363
1.214553
1.507606
1.418795
1.615045
1.355436
1.579135
1.305596
1.466439
1.063676
0.818853
1.004454
1.126476
1.226077
1.199606
0.474355
1.221996
0.563065
1.518478
1.379628
1.657808
1.162414
1.284100
1.193222
1.181422
1.299702
1.287363
1.316752
1.482563
1.371845
1.614859
1.565200
1.366676
1.256191
0.853022
0.817988
0.856472
0.882299
0.894716
0.736227
0.723236
0.975756
0.994994
0.999279
0.981055
0.959390
0.859655
0.900103
0.935105
0.938597
0.972690
0.959388
1.008346
1.061479
1.078696
1.050405
0.948656
0.864433
0.853114
1.538919
0.169740
-0.072702
0.097256
-0.033138
0.519952
0.173539
-0.059457
-0.042827
-0.039013
0.372820
0.259598
-0.035350
-0.042033
-0.013636
0.298590
0.252092
-0.016254
0.774186
0.268189
-0.078443
0.741461
0.627527
-0.078532
-0.145634
-0.070697
0.089027
-0.007289
-0.013091
0.088876
0.051516
-0.040861
-0.044804
-0.001807
-0.014248
0.044179
0.044104
-0.036991
-0.017487
-0.037689
-0.048104
-0.022062
-0.063290
-0.024903
-0.028077
-0.075976
-0.073123
-0.070841
0.098406
-0.028474
-0.035697
-0.018118
-0.035566
-0.033884
-0.017816
-0.047900
0.509555
0.056909
-0.057744
-0.048517
-0.045123
-0.042197
-0.046589
-0.015875
-0.040641
0.812941
0.076378
-0.056053
-0.008453
-0.042234
-0.043392
-0.069523
-0.050336
0.030289
-0.009345
0.125516
-0.008577
-0.074673
-0.047132
-0.011267
-0.038870
-0.037486
-0.064512
-0.068092
-0.063428
-0.052381
0.470731
1.112886
0.159290
-0.142578
-0.054092
-0.040014
0.831179
0.111097
-0.056254
-0.011302
0.003097
-0.068430
-0.057027
-0.027924
-0.015682
-0.033387
0.006053
-0.023190
-0.074763
-0.042869
-0.043481
-0.034929
-0.005701
-0.026982
-0.080617
-0.126661
-0.103149
-0.043092
-0.016341
0.135894
-0.051059
0.862776
0.380954
-0.103872
-0.046844
-0.003144
0.167365
-0.057816
-0.073699
-0.057571
-0.064568
-0.053274
-0.020181
0.573680
1.390814
-0.002527
-0.053914
-0.010623
-0.044451
-0.009519
0.134363
-0.056151
-0.070053
-0.012365
0.771537
-0.036770
-0.059704
-0.074650
0.043565
0.096047
-0.017341
-0.054034
-0.064732
-0.054048
0.030261
-0.008165
-0.063713
-0.074680
-0.094651
-0.006911
-0.020715
0.172232
0.314425
-0.047012
-0.034405
-0.025995
-0.059453
-0.020042
0.255929
-0.060089
-0.134366
-0.066775
-0.054738
0.052920
-0.018664
-0.076155
-0.072198
0.062922
-0.044554
-0.035621
-0.028768
-0.035812
0.002015
0.048752
-0.047422
-0.051680
-0.019850
-0.009980
-0.063543
-0.047236
-0.006766
-0.026600
-0.077406
-0.060757
-0.021325
-0.043056
0.104251
-0.031287
-0.058167
0.130108
0.102284
-0.032715
0.351755
-0.005422
-0.047835
0.457504
-0.006459
-0.045042
0.094540
-0.001754
-0.044053
-0.045514
0.031211
-0.019725
-0.058787
-0.024726
0.027134
-0.031478
-0.067713
-0.057294
0.238318
-0.046508
-0.086161
-0.040944
0.059568
0.162137
-0.067322
-0.077610
-0.035918
0.342941
-0.010805
-0.076487
-0.042885
-0.039046
-0.044710
-0.009969
-0.032069
-0.041375
-0.001218
-0.010106
-0.066596
-0.028995
0.217159
-0.037201
-0.067144
-0.086843
-0.050819
-0.017192
-0.065372
-0.075379
-0.003279
0.011884
-0.022947
-0.101810
0.513693
1.873470
0.223343
-0.070217
0.146976
-0.060153
-0.070673
0.100854
0.008143
-0.046444
-0.030940
-0.018075
-0.023637
-0.062160
-0.003811
-0.045210
-0.057842
-0.035154
0.084906
-0.009815
-0.067533
-0.063140
-0.028615
-0.016710
-0.090248
-0.163946
-0.085056
-0.099123
-0.067929
-0.036346
0.200701
-0.059379
-0.069345
0.033209
-0.017050
-0.026439
-0.065743
-0.068736
-0.001189
-0.027464
-0.043285
0.389634
0.160339
-0.052805
-0.015337
-0.001296
0.079729
0.175799
0.040768
-0.057625
-0.066321
-0.054395
0.935112
0.660880
-0.088721
-0.017137
0.467670
1.579796
0.110160
-0.135785
0.221375
-0.024167
-0.034289
0.047084
0.210751
-0.050333
-0.097273
0.027863
0.646475
-0.021203
-0.102977
-0.089251
-0.014860
-0.022942
-0.065266
0.864687
-0.019474
1.221531
1.552006
-0.075234
-0.128805
-0.127631
-0.009901
0.049595
-0.004967
-0.038698
0.241080
-0.112079
-0.007461
-0.003398
-0.049128
-0.075630
-0.090903
-0.051581
0.259530
0.182379
-0.043659
-0.036943
-0.052480
-0.027594
-0.043645
-0.194657
-0.157095
-0.095238
-0.043365
-0.018753
-0.070301
0.237382
-0.035293
-0.102704
-0.032377
-0.037190
-0.014344
-0.028379
-0.023400
0.087151
0.118410
-0.024684
0.308195
0.218895
-0.052613
0.061967
-0.029368
-0.062997
-0.035586
-0.016195
-0.015647
-0.017049
-0.053858
-0.065741
-0.001067
-0.049560
-0.031898
-0.059848
0.257566
0.089930
-0.032615
-0.031297
-0.009836
-0.032187
-0.085258
0.276253
-0.044250
-0.114969
-0.076924
-0.055222
-0.034332
0.133344
-0.035095
-0.101873
-0.013126
-0.006340
-0.039938
-0.053872
-0.036986
-0.043453
-0.045330
-0.049077
0.157849
-0.000073
-0.068437
-0.032750
-0.057686
0.096594
0.335486
-0.026492
-0.049287
-0.030390
-0.031165
-0.018323
-0.003558
-0.065501
-0.033434
-0.006040
-0.068636
-0.036200
-0.009591
-0.053648
-0.034719
-0.047000
2.244486
0.697571
-0.034954
0.525932
0.125326
-0.088555
-0.032632
-0.022709
-0.068251
-0.020295
-0.010843
-0.043139
-0.015831
-0.044191
-0.017189
0.147608
-0.028038
-0.025002
-0.013842
-0.010297
-0.016613
-0.030356
-0.043923
0.439051
-0.145287
-0.102627
0.391709
-0.093751
-0.071094
0.132016
0.200501
-0.049874
-0.068150
-0.070860
-0.015638
-0.010220
-0.021854
-0.042192
-0.052309
-0.000724
0.135705
0.340133
-0.050942
-0.085887
-0.043724
1.828722
0.551147
-0.067901
-0.014119
-0.090174
-0.087162
0.128410
0.633805
-0.025878
-0.050067
-0.049870
-0.020578
-0.007558
-0.011123
0.119196
-0.044141
-0.080375
-0.057994
1.118434
0.168306
-0.097785
0.132957
-0.020322
-0.010019
-0.120583
-0.087019
-0.090949
-0.029795
-0.053454
-0.038733
-0.073168
-0.087277
-0.024924
-0.067350
-0.070385
-0.073578
-0.062989
-0.030191
-0.034882
-0.057595
-0.012780
0.334250
-0.089292
-0.101639
-0.017969
-0.025591
-0.046561
-0.053755
-0.035961
-0.043668
-0.018359
0.055237
-0.048276
-0.013701
0.588129
0.007121
-0.114556
-0.022172
-0.024143
-0.053373
-0.025902
-0.027444
0.336068
-0.009381
0.052008
-0.036834
-0.023469
-0.026852
-0.061194
-0.018557
0.032300
0.223714
0.320966
-0.010557
-0.036084
-0.063612
-0.080433
-0.030955
-0.059727
-0.040864
-0.027092
-0.028502
-0.041481
-0.028243
1.316349
0.488882
0.026483
0.146384
0.515839
0.392608
-0.092191
-0.022000
-0.031669
-0.051920
-0.017128
-0.005191
-0.049573
-0.044345
-0.050406
-0.049836
-0.066951
-0.029789
-0.060051
0.655157
0.084705
-0.022023
0.019125
0.002494
1.000293
0.666256
-0.155734
-0.090221
-0.061024
-0.028876
-0.061081
-0.052537
-0.040085
1.551022
2.326370
0.691091
-0.063389
-0.053407
-0.044338
-0.052724
-0.062971
-0.046463
-0.067262
-0.066590
0.471317
-0.048862
-0.080624
-0.073685
-0.147903
-0.094915
-0.018446
-0.033861
-0.067041
-0.030533
-0.043452
-0.036395
0.400681
-0.097677
-0.152878
-0.104723
-0.069696
-0.009674
-0.040431
-0.051584
-0.049190
-0.055710
-0.001184
-0.024199
0.208346
0.081488
-0.097816
-0.022747
0.063407
-0.014334
-0.070451
-0.034752
0.138168
-0.008125
-0.029870
-0.030916
0.052173
-0.039519
-0.076741
0.165290
0.128994
-0.065154
-0.063996
-0.021414
-0.041650
-0.011415
1.229767
2.392194
-0.016049
-0.105399
0.000321
-0.064683
-0.081982
-0.060242
-0.036739
-0.070178
-0.076153
0.480479
-0.010434
-0.106511
-0.024369
-0.033804
-0.091564
-0.064341
-0.052177
-0.081375
-0.039120
-0.058118
-0.078205
1.589283
2.824954
3.905663
5.933933
3.656366
1.957840
3.049100
4.330874
3.085486
2.750172
3.838190
3.067732
3.434339
2.028868
2.205926
2.665850
1.413330
1.312530
2.712871
3.841102
4.695910
4.433416
2.384463
2.747689
0.151220
-0.059842
-0.176739
-0.056178
2.034538
2.838202
0.965508
1.239323
0.502675
-0.074155
-0.030847
-0.010443
1.794241
1.328635
0.431717
0.721032
1.687208
-0.029185
-0.104686
-0.189160
-0.209403
1.060964
3.681213
1.936206
1.035273
2.195338
0.096026
-0.306363
-0.195611
-0.293741
-0.323029
-0.098225
-0.100774
0.026228
0.744020
-0.122525
-0.085092
0.217785
0.771191
0.646749
0.188604
1.773153
2.918534
2.598086
-0.093825
-0.228589
-0.150261
1.762602
-0.133463
-0.070949
1.854686
0.998493
3.390133
2.873017
1.223709
0.369367
1.815979
-0.068648
-0.073037
-0.086806
-0.038005
0.464399
-0.177211
-0.159062
-0.172597
-0.123868
-0.165987
0.228931
-0.004008
-0.308894
-0.182575
-0.004357
-0.035255
-0.247961
-0.083741
-0.095336
-0.309013
-0.144876
-0.118719
-0.191137
-0.130399
-0.145170
-0.107158
-0.100103
-0.053602
-0.161943
2.415893
3.369081
1.454806
-0.071739
-0.141059
-0.197402
1.579398
0.156719
-0.080532
-0.007172
-0.017467
-0.063850
-0.175614
1.142187
-0.087618
-0.192208
-0.094278
0.725247
1.020874
-0.063569
-0.047188
-0.112566
1.469869
0.758991
-0.207884
-0.021487
3.128453
2.333154
1.519370
-0.011488
2.433244
1.517649
1.660457
2.377788
-0.136007
-0.043882
-0.113201
-0.033825
2.022132
0.109323
-0.138150
-0.039306
1.328417
1.806858
3.664947
1.999238
-0.120784
1.617416
1.116726
-0.147603
-0.178254
-0.194870
0.227703
-0.044097
0.524609
1.199624
-0.359635
-0.043814
-0.031277
-0.128820
-0.156861
-0.228629
-0.222637
0.343608
0.244447
-0.029319
-0.210137
-0.189311
-0.264444
-0.228106
-0.097843
-0.172348
0.942860
1.240166
-0.124443
-0.209263
-0.169163
-0.077833
-0.145615
2.592718
2.975988
1.319893
0.292103
1.586696
1.327531
4.565875
2.043586
3.002032
-0.194764
-0.056846
0.920977
1.170212
2.080094
0.007487
0.414269
-0.019271
-0.038517
0.964318
1.584410
1.003460
-0.054561
0.408654
-0.179426
-0.237106
1.241127
3.791367
0.265207
-0.034193
-0.126191
-0.197360
-0.071582
-0.139534
2.364445
0.911344
4.032828
1.727093
-0.116310
-0.092095
-0.224579
-0.192830
-0.181156
-0.279713
1.234552
-0.031150
-0.023056
3.373043
2.436423
-0.039819
-0.155122
0.929612
0.165688
2.360940
0.449453
0.195572
1.074229
-0.133282
-0.247061
-0.189409
0.141616
2.089053
4.122357
3.867673
1.761001
1.083666
1.239511
0.915818
-0.053039
-0.020972
-0.122960
-0.379453
-0.064870
1.797030
-0.095710
-0.119658
-0.068685
-0.162651
-0.066544
-0.312180
1.285887
3.671173
2.685548
-0.134264
-0.224905
-0.248752
-0.207117
-0.264994
-0.118708
-0.231755
-0.398324
-0.340808
-0.120390
0.909933
-0.131182
-0.020569
-0.202911
-0.161815
-0.013279
0.786184
-0.176177
0.264816
-0.059180
0.235148
-0.031857
-0.008613
1.526482
1.335175
1.863066
-0.077400
-0.068892
-0.142829
0.028751
0.715169
0.656132
-0.073434
-0.213795
-0.075924
-0.035177
-0.208768
-0.139171
0.137036
1.474979
2.155857
-0.120543
-0.022007
1.536884
-0.166909
-0.379921
-0.186741
-0.137668
-0.347906
-0.201356
0.334561
2.526865
1.580631
-0.102194
-0.073085
1.889743
2.230745
0.674676
-0.107675
-0.022048
1.445660
1.144721
1.185373
1.026962
1.645090
-0.115557
-0.140782
0.677705
2.574446
0.039916
-0.014928
3.232061
3.478221
-0.028600
-0.147549
0.194954
1.862966
1.574260
1.088172
1.569752
-0.088019
2.449233
2.239627
0.283894
-0.005358
-0.344097
-0.373254
-0.070495
-0.058853
1.812561
-0.059157
-0.103290
-0.041913
3.081834
0.363653
-0.162325
-0.056336
0.837066
-0.184535
-0.075036
1.216643
-0.049483
-0.292567
-0.214637
-0.043183
-0.230488
-0.141575
-0.194263
0.511073
1.466970
-0.139900
-0.201428
5.917678
-0.172322
-0.113189
0.990780
-0.152877
-0.020686
-0.125958
-0.189399
-0.169039
-0.118513
-0.162052
-0.293923
-0.231104
0.827679
0.045316
-0.250863
-0.197531
-0.095625
1.900313
0.008323
-0.126456
-0.025766
0.918831
-0.104417
-0.016551
3.132135
-0.007081
-0.092215
-0.073197
-0.110531
-0.103331
-0.164965
-0.077413
1.202804
-0.004756
0.812387
0.690534
0.234747
3.806937
3.630574
1.276485
-0.027207
0.391596
-0.028327
-0.063762
-0.315801
-0.208757
-0.050555
-0.121276
-0.068971
-0.119542
-0.167553
-0.138203
-0.067724
2.127111
2.386634
-0.145091
-0.028587
2.486939
-0.103819
-0.306476
-0.343274
-0.190501
-0.115538
-0.136752
-0.198446
-0.036115
-0.066246
1.241120
1.908557
0.063626
1.073291
1.996947
-0.285227
-0.101108
0.781382
-0.014036
0.188459
-0.030436
0.336935
1.938183
-0.174903
-0.275807
0.833170
0.998488
-0.211119
-0.177249
0.414080
2.298103
1.367487
-0.046106
-0.003704
-0.066490
0.044433
-0.204271
-0.086489
0.622470
0.155597
-0.035387
-0.110449
0.171342
-0.013048
1.777968
0.339770
2.929209
2.511034
0.891958
-0.111898
2.020526
1.055863
-0.210804
-0.298113
-0.241879
-0.180162
-0.167444
-0.021417
0.957245
2.250169
0.253718
-0.083728
4.077825
0.169205
0.023201
-0.151684
-0.280802
-0.334999
-0.225318
-0.283186
-0.385020
-0.051726
-0.115323
-0.135781
-0.071073
0.633454
2.800932
2.528885
1.498640
-0.108334
-0.117120
-0.167268
-0.126634
-0.259336
-0.090015
-0.101047
2.069322
1.201016
0.975125
2.594886
-0.050168
-0.055190
-0.045592
-0.051248
-0.175078
-0.234072
-0.155319
0.676089
0.579798
-0.149771
-0.138977
-0.033188
0.484606
1.170848
-0.014146
-0.020632
0.777362
2.173172
-0.117651
-0.083317
-0.068818
0.828437
0.102139
-0.105103
0.518366
-0.072370
-0.052466
1.807434
1.120544
-0.023990
-0.055249
-0.301987
1.420751
0.875871
-0.203192
-0.135518
-0.118687
0.927269
-0.122563
-0.193274
-0.153563
-0.026928
-0.062052
0.124092
2.775757
-0.065630
0.423090
-0.134516
-0.037251
-0.096797
-0.023776
0.098891
-0.002361
-0.028075
3.787681
1.075519
-0.101712
3.536502
2.628596
-0.194210
-0.073225
0.641156
0.723995
-0.041461
0.159294
1.069110
-0.068454
-0.488013
-0.109775
-0.101335
0.963181
1.830234
1.965336
-0.030666
-0.036595
2.740975
2.802773
0.273027
-0.172182
0.477595
-0.017707
-0.148949
2.096983
1.112656
-0.056568
0.447500
2.221663
-0.070431
-0.206676
-0.049983
1.627054
-0.022194
-0.042266
-0.250763
-0.275264
-0.332834
-0.214464
0.577746
-0.196914
-0.134617
-0.083034
-0.044172
0.488677
-0.089067
0.134115
-0.093099
-0.108912
1.798353
-0.052265
1.525511
0.831056
4.638822
2.003256
0.324297
-0.148964
0.799035
2.487626
1.541549
2.792303
0.474685
-0.255450
-0.085835
-0.080251
-0.251491
-0.012429
1.657013
1.256420
0.707955
-0.191281
-0.318923
-0.304451
-0.278997
-0.250599
-0.338050
-0.263579
-0.220096
-0.140181
-0.100639
1.170037
-0.060004
0.653859
0.673906
0.323018
0.177398
0.776704
0.441341
0.215930
0.253407
0.000764
1.149359
0.833134
0.134631
0.585106
0.819052
0.840397
0.872861
0.405989
0.612393
0.324550
0.257329
0.239394
0.432483
0.196971
0.262859
0.914616
1.056959
1.169325
1.449262
0.262420
0.966363
0.855632
0.344644
2.257996
2.166903
0.600337
1.543162
0.032116
0.191083
0.034469
0.078081
0.089067
0.030615
0.604567
0.295077
0.535314
0.984010
0.710791
2.813313
0.364867
0.092508
0.054702
2.039152
1.679640
1.598229
0.329440
0.670523
0.376421
0.337483
0.129971
0.212635
0.144714
1.138445
1.813727
0.588400
1.736508
0.076931
0.778087
1.625847
1.202882
0.761477
1.612221
0.155687
1.154778
0.266141
1.925749
1.003049
3.171332
1.061647
1.740733
0.345153
0.274622
0.149563
0.711886
0.088465
0.349421
0.246621
0.128761
0.267225
0.679613
1.068212
0.681178
0.558263
0.989259
0.921066
0.022957
0.126570
0.749313
0.042056
0.259496
1.827628
1.059803
1.480300
0.925733
0.297397
0.705772
0.164504
0.919438
0.371136
0.455591
0.280796
0.692939
0.236337
0.285016
0.596735
0.228507
0.321366
1.258188
0.267942
0.130035
0.330975
0.121447
0.317702
1.800190
0.494169
0.084824
0.484504
0.193350
0.109570
0.900734
0.238940
0.253409
0.392805
0.430832
0.039139
1.853643
0.787964
0.777259
0.199563
1.424438
0.834683
0.460821
0.994564
1.445191
0.016311
0.046371
0.742688
0.382020
1.205130
0.253398
0.092427
0.148080
0.814448
0.306879
1.996611
1.150165
0.910941
0.510011
0.014246
0.140891
0.489927
0.179161
0.299158
0.504024
1.396798
2.420473
0.265003
0.414029
1.232728
0.290132
0.171700
0.697409
1.055278
0.424052
1.258856
0.471450
0.266028
0.172928
0.221810
1.059871
1.249157
1.136340
2.339809
1.105525
2.254911
1.201230
1.167956
2.057770
0.697680
0.150680
0.911471
0.981516
0.738773
0.533548
0.549470
0.814007
1.494005
0.181906
2.015354
0.738439
0.608513
0.059561
0.458211
0.378527
0.788730
0.829978
0.491342
1.714581
1.006426
1.865751
2.485834
0.526240
2.095068
0.841218
0.109720
0.778644
0.891657
0.145662
0.144155
1.029754
0.121919
1.632519
0.199253
1.239302
1.328243
0.412976
0.350307
0.011423
1.116548
0.257317
0.802819
0.925099
0.346041
0.157872
0.436323
0.792169
0.180248
0.013944
1.166253
0.937225
0.800777
0.262197
0.001175
0.522011
0.723730
0.784949
0.337881
0.116674
0.353584
1.064705
0.022386
0.477854
0.543758
0.027412
0.134477
0.090489
0.093334
0.152275
0.414095
0.260955
0.296924
1.850442
1.946587
2.493448
2.184689
0.642440
0.869046
0.295353
0.797940
0.090188
0.318962
0.246757
0.177268
0.074668
1.203192
1.268337
1.877424
1.757795
1.094609
2.089930
0.329034
0.437083
2.071008
0.805861
1.514073
1.121798
0.561385
2.793163
1.111685
0.452602
0.296654
0.638523
0.777951
1.501945
0.740998
2.641428
0.869245
0.793528
1.334871
0.896409
0.869581
1.198197
0.171658
0.240374
0.558127
1.571878
0.765492
0.838826
0.506113
0.274607
1.192742
0.978638
1.704973
1.903114
0.668471
0.826500
1.655162
1.685669
1.690122
0.207485
1.005068
1.561749
0.033374
2.323219
0.617859
0.069424
0.018655
0.165328
0.896565
0.573910
1.969568
2.303328
2.776488
0.840465
2.720230
1.658405
3.457579
0.671221
0.389240
1.291684
1.864645
0.464215
1.285570
1.114564
0.012448
0.514550
1.356351
0.840389
1.266428
0.386640
0.349928
0.169610
0.600583
1.155990
0.987388
1.520230
1.935358
2.691205
0.716836
1.638674
1.430358
1.414451
0.287992
0.910459
0.498457
1.526886
0.003459
0.480564
0.188338
1.456593
0.313859
1.466049
0.050019
1.322505
0.672085
0.680605
1.222658
0.530130
0.198114
0.225893
0.038942
0.701454
0.722011
0.206110
0.180382
0.417204
0.112049
1.293705
1.072124
0.191485
0.030761
0.179067
1.673811
0.769885
0.498768
0.195424
0.854314
1.502179
1.957014
2.092176
0.342701
0.472208
0.468867
0.361746
2.258348
1.182585
1.589178
1.414700
0.410640
0.406403
0.345493
1.478847
0.270649
1.263388
0.201610
1.679749
0.341388
1.836251
0.055594
0.067668
0.997488
1.462809
1.144682
2.630206
0.769124
0.352406
0.091447
1.301483
0.277629
1.099024
3.105556
1.778884
1.561441
1.567525
0.589170
0.525014
0.454085
0.162333
0.699806
2.092244
2.067926
1.678399
0.806066
0.515269
0.112061
0.363223
0.936897
0.029164
2.164860
1.539850
1.587969
0.396887
0.580981
1.324650
0.221825
1.704937
2.542329
0.306893
0.127307
0.076420
0.705872
0.458556
1.910090
1.310990
2.370223
2.018699
1.887350
2.337637
1.836236
0.629829
0.005431
0.820511
0.132498
1.188671
1.428284
0.968272
0.742045
0.375838
0.592810
0.030419
0.965458
0.881097
0.112105
0.284341
0.070302
0.525079
1.123984
0.489004
1.454945
0.768544
2.161169
2.476918
1.223001
3.162714
0.475778
1.566726
1.054862
1.183348
1.410053
2.350646
1.241859
0.633730
1.357846
0.388698
1.248577
0.518468
0.426282
0.201983
0.570426
0.288470
0.258277
0.171461
0.903805
0.062051
1.507881
0.266225
0.705863
0.047101
2.164745
0.714829
0.953397
1.471316
0.290018
0.305456
0.070658
1.097117
0.125866
1.016084
0.785672
0.017086
0.644431
1.605066
1.113653
2.171566
0.601548
0.084927
0.385612
0.592031
0.317075
0.063815
0.126813
0.140658
0.651430
0.409541
0.146034
0.358442
1.167810
0.043299
0.487702
0.268240
0.084722
1.302697
0.010696
0.975633
0.141797
0.526879
1.407185
0.881288
1.100432
0.058084
0.462146
0.507576
0.200944
0.310471
0.253514
0.392200
0.637668
0.313931
0.400743
0.557334
0.554735
0.093012
0.036986
0.114330
0.468245
0.783841
1.370623
0.598964
0.045645
1.188362
1.493313
2.134853
0.222322
0.365816
1.710218
0.027651
0.187099
0.102935
0.140768
1.310780
0.156466
1.214331
0.196195
0.374269
0.060932
0.173858
0.934485
0.165106
1.025269
0.818337
0.334008
0.359838
0.686910
1.839387
1.587333
0.487138
1.357973
0.679417
0.233783
1.890932
2.115276
1.861052
1.410737
0.033115
2.140993
0.540110
1.653879
0.511994
2.114150
0.097195
0.772371
1.283610
1.311124
0.225950
0.808278
0.458660
0.286073
0.923599
0.866841
1.658631
0.224914
1.090559
0.836988
1.093365
1.537386
2.666078
1.994193
2.210847
0.269741
1.976308
1.162934
2.064279
0.056062
2.673136
0.106813
0.124264
0.678475
1.470085
0.570759
0.013186
0.066305
0.511775
0.674133
0.210999
0.559445
0.071968
0.582883
0.312094
0.295978
0.863655
0.362187
0.772827
0.744429
0.112987
0.334244
0.015697
0.873582
0.625259
0.071606
0.095657
0.098242
0.511215
0.946081
0.857028
-1.079798
0.316107
0.347968
-0.231267
-1.286695
-1.045068
0.605979
-0.081327
0.627745
0.699353
-0.924479
-1.108461
-1.953655
-0.989921
-0.449040
0.119902
0.249961
-0.178060
0.648648
-0.061591
-0.040860
0.276059
0.021041
2.317556
1.408291
1.784463
-2.412280
2.587420
-1.164317
-0.020587
3.232642
-1.014363
-0.096498
-0.062729
-2.541936
3.139241
-1.096286
-0.063978
0.082164
1.073103
-0.088258
-2.001487
-2.482629
1.940318
-0.427654
0.729514
-1.461985
5.386551
1.313862
-1.574899
-0.366496
1.726917
0.176258
-0.074779
-3.067172
-0.873993
-0.372035
-2.156282
-0.438696
0.888366
2.154255
-0.157506
-0.042953
0.090212
-0.666705
2.969873
-1.042980
0.643854
-0.926324
0.807375
-0.036250
-2.806287
-0.700173
-2.325421
4.523532
0.013366
-0.950784
1.056770
-0.738957
-2.102598
1.886436
0.821298
0.826287
-1.044856
-1.677062
-2.465835
-1.712013
0.553515
-2.469448
1.971874
1.266511
-2.095896
-0.699637
0.584392
-0.340320
-0.235317
-0.332377
-1.790864
-0.344383
-1.141835
-0.630078
3.050326
0.541007
-1.654040
-1.020507
-1.305063
0.013225
-1.474627
-0.435805
0.877994
0.543496
-0.062199
-1.240561
-1.044243
-0.481993
-1.304104
0.483554
-3.593043
2.758938
0.978422
1.202436
2.428322
-0.975475
-1.714602
-2.555485
-0.588170
0.630426
0.708238
-0.198094
-0.410369
-1.490811
-0.895890
0.583163
-0.673293
-1.411068
-1.703740
-0.583413
0.634359
-0.224946
-1.799145
-0.884848
-0.702676
-1.649416
-0.646981
-0.563526
0.374556
-2.563281
3.138738
-0.168819
-0.365158
-1.361656
-0.158198
2.208340
4.166223
-0.747413
1.958304
-1.016255
0.456222
-1.345283
-0.657702
-1.249480
-0.358901
-1.519158
1.592972
-3.706129
1.691332
-3.363316
-0.736675
-0.852714
-0.877666
-0.105873
2.814858
-0.018126
0.501752
-1.293279
-2.939653
-1.547836
0.010968
0.936509
0.536943
1.636939
2.397113
1.162568
-0.391684
-0.031477
-0.808242
-1.003398
3.751533
-2.257836
-1.298928
2.402057
0.584578
3.033569
0.703656
-0.441799
-2.184397
-1.010963
-0.075219
3.459779
-1.286304
-2.557600
-1.538286
1.056621
-0.473877
-0.028043
-2.104479
-0.865096
-0.772222
1.263993
2.169676
-2.140090
-0.795404
3.033898
-1.626565
-2.811775
-0.926468
-0.800103
-0.561874
-0.392778
-0.379545
2.432184
-2.709588
-0.059232
2.625765
-0.502027
-1.954250
-1.917499
-3.554374
-2.232083
-2.532445
-1.904960
-1.129654
-1.143126
-3.773611
-0.589014
-1.818820
1.723263
1.006742
-0.829108
-0.476183
-0.758562
-2.578826
0.191054
-0.383512
-2.243683
-0.990821
0.600855
-1.599735
0.860915
-0.520480
-1.760832
0.628234
0.065825
0.405414
0.446169
-1.607053
-0.082641
-1.771686
-0.647908
-0.884922
-0.375073
-0.926317
1.513278
-0.178801
1.007588
-3.377814
2.076730
-1.682192
0.838243
1.431201
-1.897629
-0.292052
-0.098078
-0.717251
2.037727
-0.552210
-0.119418
-1.496671
1.046229
-2.822446
-1.060461
4.331101
-2.041266
-0.848799
-2.593459
0.774480
0.818154
-1.813601
2.336776
-1.511670
0.611263
-2.318553
3.825144
-1.869141
-0.418551
1.730811
-0.361720
-0.519366
0.887485
0.275505
-0.685600
-0.399935
-0.026704
0.315818
-1.005854
-1.119986
-1.760535
1.183637
-2.755008
3.244614
-1.369541
2.985948
1.561624
-1.962239
1.696071
-0.296457
-1.386711
0.171829
-1.690208
1.126958
0.446892
-2.106695
-0.205622
1.040499
-2.285204
-1.050098
-1.939879
0.485508
-0.166953
-0.647947
-0.960528
4.396083
-1.116935
-0.084980
-1.448870
5.594207
-0.211809
-2.095093
0.206731
2.127378
0.164299
-0.824194
-0.385529
-1.232968
-1.515980
1.538971
-0.618761
-1.523576
0.425150
1.467172
-3.211477
-1.714939
0.836026
-0.455240
-1.778604
-4.466242
-0.188375
-2.985151
-0.367195
-0.082655
2.245548
-0.515047
-1.847300
-2.275950
-0.768822
0.041117
-0.954312
-0.405381
-1.796913
-0.571470
-1.129989
-1.196687
0.576341
0.552578
-0.843015
-0.418704
-0.971011
-1.675300
0.445398
0.264111
-0.546143
-1.876069
-3.129108
-1.054700
1.102745
-0.235729
-0.576611
-1.121235
-1.198411
-0.445036
-1.402080
-0.456580
-0.942164
1.088003
-1.111180
0.518062
1.566514
-1.568703
1.232333
-2.149050
-1.004684
-0.743661
-0.107131
2.905701
-1.274375
1.706420
-0.884911
-1.722324
-0.128720
-0.600870
0.346369
-2.181765
1.587697
-2.309959
0.524505
-0.733863
0.815154
-2.174721
-1.056650
-0.565387
0.601014
-0.936486
0.564660
-0.137942
1.233692
-0.165154
-1.084108
-2.709232
1.365637
1.974906
2.055443
1.023585
0.905790
-2.522031
-0.581319
1.564124
-0.626382
1.060379
-1.814646
4.459517
-0.608352
-1.915766
-0.083039
-1.854935
-0.840943
-0.968870
0.964499
0.527234
1.243446
-1.084755
-2.985349
0.140639
3.270344
-3.339004
-2.124209
3.619780
0.897695
0.013035
-0.287242
3.386975
-1.774220
-0.006451
-2.289389
-0.500247
-0.295303
2.331333
3.194443
-1.874811
0.321027
-1.812803
-1.474522
-0.500500
1.636090
0.339784
0.997970
2.132193
-3.956320
-0.350438
1.527155
-0.563481
1.201653
-0.318942
-1.811175
-1.074172
0.661325
-1.621099
-1.138170
0.038969
-0.531282
-0.156711
2.674532
-0.937165
1.919234
1.536989
-2.108956
-2.369351
1.964159
0.588054
2.142340
-2.041011
-0.007519
-0.664175
1.595750
-2.865058
-0.048875
-0.988153
-0.239718
-0.351537
1.722001
-0.530111
1.798963
1.353880
-1.362440
-0.664629
-0.399828
0.106849
-1.264965
1.405362
2.807554
-1.700852
-0.890848
-2.908070
-0.348798
-2.147985
4.151498
-2.680709
1.007027
-1.448173
-2.065140
-0.547947
2.676615
0.052454
-2.664555
-0.798159
0.272655
-3.830194
-0.332521
-0.507653
-0.847169
-0.036041
-3.149922
-0.994783
0.890457
2.748698
-1.317372
0.059785
-0.332581
-0.125307
-1.984490
0.304699
-0.492266
3.589297
-0.662758
1.421385
-2.256280
-0.220127
0.637225
-0.155505
-1.267606
-1.847923
-0.258692
-1.211066
-1.077917
-0.407809
-0.800123
1.961703
-0.950458
-2.502612
-0.400608
-0.752618
0.727049
1.318946
-1.415816
1.875229
-2.389564
3.734250
2.561262
-0.507007
-0.078336
-0.408683
-2.052620
1.289363
0.106326
1.523181
-1.127113
-1.041539
0.924711
-2.230442
2.911450
0.027714
0.905997
-0.957425
-0.248737
-0.889594
-0.624179
-0.608013
0.814268
-0.355307
-0.551498
-0.951022
-0.622077
-0.718658
1.492131
1.484106
-1.749394
-0.511250
1.819492
0.216198
0.112715
1.220522
2.080387
-0.046828
-2.093702
0.122811
-0.449685
1.952149
1.853418
-0.312027
-0.503053
-1.739236
-0.649764
-0.181202
-1.340086
-1.825018
-0.755970
0.019923
-1.028084
-0.362138
5.065578
-1.137337
-0.279158
-2.422645
-0.158376
0.996477
2.114463
-1.049770
0.628007
-1.733650
0.285639
-2.263991
1.445512
-1.681347
-1.601460
-1.277673
-0.372832
-0.742854
1.047253
-0.954053
-0.009049
0.377035
-0.565657
-0.439853
0.978349
-0.770173
2.126860
-1.348667
0.044776
-1.073024
0.174280
2.655263
-1.397416
-0.204209
2.006512
-0.970136
-1.770249
2.201399
0.403590
-2.194077
0.255932
2.574585
-1.931059
3.355078
1.902935
2.680707
4.061500
3.808116
3.951155
4.547723
3.706163
4.118687
3.852785
2.881094
3.279291
2.985719
3.374004
3.069901
3.007968
2.876208
3.238449
3.022224
2.843229
3.347014
3.213867
3.993810
4.134249
2.647867
2.765253
3.721470
5.520787
5.199809
4.607704
5.767160
5.241110
4.859146
4.884878
4.308861
4.535989
4.650645
4.333395
4.785390
4.477790
4.687497
4.824914
5.062816
3.997268
4.395990
3.409818
4.613348
4.094326
3.034132
2.786453
3.828555
5.157009
5.784808
4.389393
4.642272
4.810397
4.120793
5.454176
5.330360
4.644265
5.144104
3.685673
4.492060
4.880494
4.494030
4.266937
4.456951
4.177229
5.643507
5.081450
4.767802
4.740519
2.929618
3.049019
3.553608
5.047677
4.996275
4.684717
4.986742
5.299997
4.138384
5.264978
4.065675
4.370038
4.945500
4.870213
4.944725
5.340432
4.681194
4.436365
4.622615
4.031407
5.757017
4.901165
5.205696
5.268586
2.819101
3.470480
3.297779
5.851892
4.518252
4.263920
4.154166
3.788727
4.049031
4.654264
3.741398
4.778475
4.736903
4.953793
5.231599
5.247316
4.281105
5.477635
5.223468
5.252013
5.883954
4.391892
5.557847
4.812080
3.187994
2.776123
3.135906
5.436933
4.672272
4.537411
4.020954
3.323425
4.235519
4.543175
4.476796
3.802299
5.040142
4.580662
5.731132
5.235028
5.060547
5.448377
5.914094
4.949291
5.434505
5.074239
5.722874
5.461027
3.745651
3.054836
3.091308
5.503669
4.285429
4.305285
4.545683
4.031598
3.947000
3.413424
4.701999
3.198593
4.634475
4.125927
4.584445
4.557766
5.039670
4.326640
6.020893
4.005581
5.458260
5.157652
5.004661
5.955196
3.093419
3.279823
3.113003
5.372204
4.271111
4.163369
4.791762
5.027365
5.457638
4.039890
4.351497
3.304155
3.634399
3.139004
4.248145
3.379967
4.005847
4.057598
5.081296
4.173130
5.037872
5.767697
5.312365
6.727179
3.015267
2.355243
2.282371
4.415122
4.283943
5.031109
4.578640
5.522264
5.137888
4.778859
3.954630
4.376500
3.772643
3.474666
4.432912
4.414886
4.483620
4.546916
4.795721
5.502244
5.436340
5.282824
4.877566
6.362394
2.649540
2.566738
3.059417
4.452737
3.960155
4.835962
3.571832
5.033843
4.999443
4.867414
4.776368
4.748007
4.401468
4.039324
4.350224
3.697871
5.605220
4.555668
5.291008
5.107638
4.906078
4.799010
5.465218
5.222164
2.553548
2.979728
3.709306
5.152486
4.970647
5.063735
4.134929
4.512239
4.276137
5.051065
5.581742
6.305439
5.989538
5.878332
5.488300
4.407289
5.326465
5.422636
5.883736
5.489551
4.984535
4.297400
4.737070
4.251931
2.691360
2.428592
3.405977
4.485795
5.044251
5.045889
5.859914
5.166052
5.033086
4.063027
3.757889
4.074016
3.156645
3.793917
4.344520
4.518526
4.711987
5.144463
4.445234
5.142715
4.600163
4.532442
5.041265
5.121926
3.254344
2.358691
3.332167
4.309878
4.514913
4.324147
5.103622
5.114003
5.860448
5.097941
5.346292
4.473001
3.850290
3.313504
4.990454
4.516363
5.328849
5.279880
4.923614
5.963297
5.080297
5.151369
5.265588
5.268110
2.939998
2.146155
2.880500
3.892653
3.684399
3.937646
4.777634
4.233170
5.411180
4.742796
5.012297
4.827412
5.070381
4.099335
4.920825
4.556255
6.098969
5.777782
6.439852
6.021217
6.013933
5.072105
4.954329
4.818105
2.280338
2.627847
3.160562
4.731975
4.078049
4.810934
5.117075
5.244777
5.757493
6.107463
4.746291
5.584505
4.932851
5.370255
4.836923
4.614833
5.453188
5.245214
6.404016
5.970034
5.587854
5.503885
3.824864
4.820237
2.665550
2.426757
3.052186
4.387180
4.218541
4.520571
5.072909
5.116062
5.219659
5.722062
4.818116
5.729552
4.503434
4.591910
4.425699
4.170776
4.818163
4.963745
4.960506
6.609227
5.835187
6.806901
4.762267
4.701692
2.321436
2.487111
3.310604
4.638559
5.102663
4.878968
5.065981
4.697247
4.143456
3.909063
4.686593
4.615497
5.170475
4.734574
5.215201
4.776361
4.692179
4.724225
4.243453
5.118559
4.053124
5.064587
5.152525
5.095309
2.866878
2.532866
3.541644
4.592556
4.440657
4.370216
4.065919
4.168497
4.167700
4.049273
4.528337
4.813022
5.461622
5.021818
5.258087
4.860952
5.277062
4.469254
4.740121
5.656801
4.473356
4.857671
4.301280
5.053319
3.044719
1.586286
2.896874
3.828896
4.169770
4.815272
5.060370
5.178608
5.174678
4.847308
4.583896
4.316655
4.786180
3.948129
4.321516
4.336425
5.294009
5.861595
5.170600
5.395579
3.787966
4.004246
4.220543
4.851065
2.855193
1.956689
3.457448
3.850581
4.306847
4.640006
4.672666
4.955716
4.623347
4.425796
4.264097
3.569075
3.969025
4.037244
4.132385
4.801877
5.651449
6.248855
5.809855
5.137144
5.034685
4.192081
5.574994
4.707835
2.596685
2.158933
3.465989
4.270060
4.812944
5.059290
4.914228
5.602808
4.582962
4.973272
4.100139
4.206378
3.575513
3.648047
4.255835
4.848640
5.097343
5.055157
4.539402
4.803093
5.560002
4.795051
4.971442
4.604521
2.162158
2.222541
2.753868
4.369673
4.407071
4.735621
4.477293
3.943695
4.622150
4.616786
4.846154
5.696664
4.700107
4.609319
4.636906
5.331849
4.864869
4.920731
4.716902
4.663586
5.571270
4.685121
5.246521
4.911736
2.584121
2.441692
3.795760
4.297939
5.455292
4.402899
4.050653
3.390174
3.619576
4.621572
4.497347
5.716709
5.020713
5.185869
4.610714
5.062364
4.646160
4.908680
4.079624
4.523475
4.801207
4.303587
5.314503
4.473411
2.801144
2.133873
4.008790
4.201896
5.247015
4.704471
4.106292
5.008726
4.847514
4.622724
4.878661
5.075948
4.528790
4.561005
4.965210
4.246066
5.311306
4.770858
5.172601
5.941232
4.139949
5.789105
5.464767
5.337967
3.287052
2.360184
4.076872
4.791495
5.510335
5.508203
4.283152
5.001224
4.745881
4.884590
5.017969
4.787583
4.731002
4.145037
4.702173
4.402122
4.559777
4.364244
5.171621
5.162633
4.283892
5.552782
5.167011
4.784487
2.992760
2.993582
3.338659
5.367595
4.952467
5.257072
4.994183
4.376507
3.910464
4.186003
3.724972
4.162591
4.720823
4.923304
5.333255
5.043941
5.204182
3.973771
5.545810
4.193163
5.356775
5.333418
6.266668
5.299606
3.786460
2.769767
2.476186
5.098650
4.403443
4.183834
4.680720
3.645490
4.412884
3.747523
4.232124
5.011094
4.970491
4.974081
4.660664
4.089777
5.266030
4.068744
5.530830
5.114735
5.512444
5.062713
5.273774
5.145334
2.982404
2.102261
2.683709
3.828312
3.530469
2.938375
3.519914
2.828211
4.181654
3.966271
3.765751
3.933741
3.791019
3.135749
3.007567
2.298584
3.072944
3.036849
3.570350
3.742419
3.780167
4.523183
3.715336
4.641737
1.577970
0.115005
0.406406
0.490516
0.219510
0.226485
0.197913
0.512706
-0.031274
-0.165555
0.795668
-0.526941
0.950893
-0.138571
0.411011
-0.468131
0.492664
0.074003
-0.387642
-0.046584
0.697900
0.118870
0.459191
0.211082
0.866756
0.117295
0.542663
-0.567687
0.468515
0.535681
0.426556
0.428955
0.146300
-0.735749
1.155843
-0.309189
1.171716
0.131237
-0.234813
0.249752
0.473531
-0.371430
0.002312
0.073423
0.344565
-0.037755
0.794956
0.170408
0.931599
0.509587
0.454348
-1.026586
0.520994
0.526259
-0.530683
0.877365
-0.496644
-0.257619
0.835333
-0.798916
0.388655
0.707350
0.021714
0.447374
0.536900
-0.077276
0.654541
0.559006
-0.372662
0.436406
0.366131
0.618208
0.880954
0.774152
0.247864
-0.728593
0.740833
0.909275
-0.110672
0.760909
0.144802
-0.257309
0.493877
-0.619105
-0.506611
0.036496
-0.860914
0.686396
-0.231681
-0.556514
0.812834
0.036869
-0.246349
-0.795906
0.569876
0.126084
0.614562
0.759280
0.265484
-0.085328
0.527724
0.586448
0.015393
0.540902
0.141960
-1.393503
0.053506
-0.997443
-0.190655
-0.115886
-0.369115
0.150160
-0.108373
-1.057064
1.592555
-0.955226
-0.047508
-1.392963
1.108082
0.314051
1.054538
0.577157
-0.085172
0.549147
0.272453
-0.281407
0.361633
0.277313
0.060525
-1.426594
-0.139242
-0.480921
0.400941
-0.960913
1.028805
0.881811
0.547173
-0.259075
1.579506
-0.121250
0.227910
-0.986868
0.997106
-0.196252
1.191311
-0.142735
-0.405695
0.911142
0.433605
-1.103973
-0.218690
0.592253
-0.766936
-1.097223
0.426723
0.638595
0.675118
-0.668823
0.877897
-0.146265
0.088040
0.480028
0.340637
0.198920
0.736086
-0.105060
-0.201503
1.041878
0.430693
-0.768032
0.067705
-0.214983
0.420832
-0.893028
0.132841
0.161263
-0.621112
-1.513257
-0.112793
-0.001402
0.391030
-0.389809
1.132469
0.020577
0.641984
-0.074224
0.247826
-0.164221
0.479798
0.535305
-0.283623
0.497499
1.076209
-0.129836
0.579901
0.299377
0.992047
0.038807
-0.335014
-0.050543
0.194370
-1.004947
0.343422
0.075919
0.819636
-0.088661
0.672189
0.080729
0.652801
0.009957
0.120097
0.087430
0.193981
0.472081
-0.231893
0.236691
1.255815
0.203221
0.160391
0.509417
0.490394
0.078182
-0.345422
0.208932
0.969703
-0.145415
0.056197
0.119527
0.922220
-0.384751
0.696102
0.260312
0.217096
0.288724
-0.191528
-0.114853
0.839347
0.410833
0.241981
0.507273
0.708856
0.076735
0.125175
0.581414
0.385075
-0.286233
-0.358735
0.391082
0.311569
0.406050
-0.341376
0.540293
-0.105199
0.394937
0.062572
0.857524
0.185681
-0.264678
0.569129
-0.851620
0.826795
-0.024437
-0.105457
0.763296
0.912589
-0.482823
0.798876
-0.633430
0.768599
-0.316911
-0.594650
0.544779
-0.068189
0.106583
-0.134927
-0.213774
0.704180
-0.517139
0.538899
0.243772
-0.136189
0.587065
0.289828
-0.084480
1.155455
0.548506
-0.229081
1.052111
0.360306
-0.336333
0.563260
-0.167498
0.464834
0.405825
0.545663
0.224326
0.678567
-0.148476
1.030245
-0.832559
0.995807
-1.290799
0.787091
0.267354
-0.645111
0.846327
-0.994866
0.571539
-0.262396
0.415121
-0.035525
0.567318
0.977947
0.096703
0.363190
0.627257
-0.263000
0.623576
0.336953
0.191233
0.512466
-1.502811
1.272036
-0.676155
-0.056915
-0.077019
0.022383
0.554877
-0.555103
0.997955
-0.632347
0.858187
-0.626453
1.288847
-0.255318
0.414058
0.838405
0.013207
0.765291
0.307739
0.070317
0.355001
0.529148
0.036081
0.260301
-0.913949
1.445978
-0.291171
0.475883
-0.202976
0.679347
0.640489
0.050151
0.362627
-0.280382
0.361842
0.016213
0.779568
0.368957
0.857997
0.773393
-0.168927
0.893169
0.160715
0.505814
0.260731
0.678794
0.177601
0.322445
-0.786630
0.944903
-0.170890
0.969165
-0.546812
0.413093
0.081843
0.348408
0.165189
-1.398635
0.035603
-0.065875
-0.743678
0.560704
-0.153730
0.996026
-0.465638
0.849152
0.021606
0.655750
0.017202
-0.095817
0.088673
0.081512
-0.645127
0.008777
0.343364
0.752379
-1.290963
0.290588
0.142039
-0.192495
0.403959
-1.147041
0.800844
-0.279553
0.256065
0.471779
0.623632
0.608953
-0.585814
0.935188
0.430344
0.004293
0.285712
-0.405320
0.350669
-0.014870
-0.612064
0.719489
0.180301
0.822345
-0.690302
1.110174
-0.173558
-0.045613
1.389787
0.001731
0.710434
-0.868785
0.392160
0.100716
-0.284613
1.345399
-0.349084
0.739557
0.495511
-0.118511
0.509678
0.102568
-0.012449
0.670232
0.091355
0.393158
0.929298
-0.215480
-0.209637
1.274152
0.039212
0.008761
0.652730
0.046753
0.436383
-0.641994
0.050278
1.690076
-0.333416
1.202126
-0.183506
0.955768
-0.202182
0.837316
0.076665
0.359208
-0.500188
1.056256
-0.215480
-0.001012
0.571799
-0.539655
0.491554
-0.084134
-0.113511
0.408325
0.997745
-0.228387
0.387118
-0.641026
0.118586
0.778263
0.168201
0.859961
-0.094758
0.649048
0.252342
0.867454
0.145963
-0.216258
0.045029
0.704582
0.504447
-0.283142
0.923916
-0.585940
0.236638
-0.120539
0.313795
-0.123002
0.316874
-0.178578
0.737185
0.026250
0.097721
0.909927
0.686599
0.849208
0.240154
-0.551006
1.154948
-0.570102
0.750904
-0.960823
0.758056
0.366464
0.117187
-0.478300
0.920539
-0.824146
0.623415
-0.460260
0.786453
0.235882
0.152763
-0.592323
1.023092
-0.418290
-0.318318
0.166551
-0.029090
0.620238
0.573188
-0.120584
1.009709
0.277411
0.416349
-0.873040
0.125175
0.368652
-2.041046
1.256738
-0.401576
-1.486116
0.965466
-0.024981
0.490743
0.630992
-0.316329
-0.009429
0.796941
0.385969
0.190958
0.657227
0.783117
0.983730
0.457221
0.164078
0.087026
0.834651
0.140334
-0.278133
-0.599102
-0.845412
-1.284767
1.217114
-1.069246
-0.408703
0.793345
0.142177
-0.063777
0.660808
-0.437540
-0.687172
1.230734
-0.141123
-0.111865
0.434506
0.354908
0.916384
0.229202
-0.117709
0.304621
0.185454
-0.156767
0.577849
0.002877
-0.619997
0.747897
0.250676
0.382175
0.163320
0.607560
0.518412
0.198044
0.562304
-0.131496
-0.717442
1.060838
0.404341
0.209573
-0.178261
0.653477
0.614412
-0.021374
-0.149398
0.481634
-0.042828
0.258456
0.506277
0.063971
-0.192418
1.147910
-0.161655
0.646504
0.097486
0.641735
0.182259
0.336785
0.259436
0.786422
-0.355719
0.682027
0.086824
0.070183
-0.937851
0.353699
1.164492
-0.186894
0.089752
-0.306104
-0.325157
-0.769593
1.283444
-0.420897
0.421769
0.674307
0.326010
0.531072
-0.203211
0.902650
0.613793
0.610171
-0.168564
0.846219
0.185913
0.170953
0.576016
-0.704847
-0.231662
-0.039861
1.268125
0.243279
0.598137
-0.020611
0.734079
-0.415497
1.084848
-0.740193
1.034739
-0.187343
0.250077
0.716076
-0.209643
0.990070
0.263264
0.722960
0.148078
0.607705
0.675218
-0.066294
0.425305
-0.213105
0.094814
0.921346
0.792859
0.761183
1.600547
2.552097
2.706528
0.601323
0.875361
0.262259
0.625857
0.260756
1.129225
2.232228
0.112850
0.057016
0.609409
0.386279
0.437371
0.216441
0.536450
0.985309
1.607875
1.187513
0.125589
0.084751
0.895458
0.309400
1.058898
1.866033
0.293439
0.441880
0.084027
0.768964
0.211553
0.193222
1.137570
1.408635
0.464825
0.482573
0.711627
0.646363
0.285477
0.373467
1.424620
0.555186
0.856723
0.307200
0.113194
1.045825
0.650497
0.394319
0.342794
1.736609
3.416814
1.134942
0.617395
0.124338
0.365397
0.592143
0.288374
0.791869
0.320233
0.426575
0.188648
0.066228
0.123156
0.656443
1.716990
0.240790
0.643541
0.424509
0.529991
0.441992
0.016137
0.408822
0.502691
2.635710
0.652530
0.438943
0.582805
0.208917
0.462992
0.590596
0.106671
0.372655
0.599760
0.321355
0.919810
0.227864
0.039249
0.973049
1.242683
0.222015
0.040706
2.465246
1.432681
0.874394
0.077807
1.891588
1.778922
0.127869
0.471544
1.028525
0.852712
0.027338
1.435112
0.280348
0.376472
0.484442
1.326500
0.035984
1.212901
0.361982
0.332826
1.533369
2.353142
0.492828
0.300841
1.280442
0.182278
0.203129
0.773320
1.481828
0.675496
0.349237
0.245133
0.534072
1.032856
0.387910
0.104946
0.779914
0.036190
0.054757
1.310553
1.594165
0.742234
0.316889
0.534281
1.823630
0.371425
0.370880
1.546027
0.126541
0.055498
1.193446
0.055251
1.209377
2.765623
1.987313
0.295191
0.117652
1.188840
0.065632
0.036990
0.559897
0.047498
0.290583
1.610217
1.317126
0.089759
0.048416
0.114719
0.893237
0.035378
0.065063
0.475833
0.286303
0.702812
0.229876
0.482815
2.578552
1.209558
0.279086
0.690734
0.245121
0.826890
0.378060
0.411474
0.325959
1.570354
0.587040
0.197809
0.302203
0.513868
0.391795
0.310952
0.856838
0.414809
0.691311
0.492060
1.205498
0.838877
0.675435
0.165002
2.957652
0.277570
0.795967
0.004582
1.927843
1.869936
0.023491
0.139815
1.026451
1.467395
0.146051
0.449236
0.280124
0.132331
0.688584
0.689106
0.014196
0.453408
0.328438
0.930809
1.507176
0.747764
0.785820
0.191742
2.361777
0.102331
0.437985
1.973160
0.152357
0.207395
0.921891
0.731855
0.715210
0.283676
0.324439
1.492865
0.695418
0.189724
0.044001
0.433214
0.596252
0.584496
0.469579
0.226461
0.127251
0.640424
2.016877
0.539067
1.535609
0.246032
0.120342
0.009914
0.863013
0.307200
1.502153
1.150483
0.269180
0.253412
0.163788
0.344804
0.067396
0.466953
0.567690
0.296604
1.559068
0.258676
0.249560
0.417700
0.012601
2.532401
0.980633
0.684806
0.967423
0.501129
0.124751
0.331385
0.922930
0.009156
0.091732
0.284444
1.425119
1.424193
0.253149
0.031722
0.910236
0.284519
0.284905
0.411490
0.944492
0.125160
0.019216
0.139063
0.114689
1.437945
0.562994
0.478176
1.327612
1.237614
0.088061
0.646800
1.598530
0.377910
0.110337
1.629560
1.160885
0.380884
0.095491
0.004586
0.218934
0.083693
0.408452
0.944361
0.428882
0.501798
1.610128
0.045761
0.169619
0.207672
0.855255
0.008759
3.106938
1.865497
0.147247
0.103593
2.064711
0.703839
0.740269
1.852532
0.888933
0.391522
0.146284
1.388455
0.490824
0.660069
0.219017
1.214642
0.234940
1.276099
2.105797
0.054019
0.199645
0.518574
1.218463
0.160435
1.531134
0.002754
0.208588
0.114807
0.340849
0.533854
0.217336
0.309286
0.603470
0.734219
0.252101
0.939367
0.293720
0.004722
0.965004
0.640278
0.325994
1.358838
1.397020
0.366741
0.350012
0.069099
0.133378
0.115360
1.400286
0.501121
0.100756
0.608179
0.112845
0.236426
0.745189
0.569551
0.936018
0.682557
0.052603
2.026065
0.242650
0.046004
1.636469
1.310713
1.047309
0.108251
0.041518
0.163091
0.786430
0.071066
1.017619
0.063821
2.275134
0.318492
0.305111
0.006703
0.161050
1.203826
2.045838
0.448977
0.099523
0.236983
0.602181
1.618598
0.589191
0.642071
1.024525
0.993887
0.328797
0.285324
0.287892
0.073805
1.477489
0.051057
0.038497
0.229550
1.233773
0.010006
0.170598
2.795213
0.087616
0.096719
1.058392
0.838933
0.204442
0.574116
1.333154
1.050929
0.843981
1.008396
0.622465
0.482049
0.397382
0.219749
0.822839
1.106681
0.026907
0.243567
0.261751
0.036405
1.789217
0.194520
0.100024
1.925665
0.190756
0.528772
0.002503
0.359207
0.015558
0.322810
1.093532
0.191507
0.577639
0.131991
0.400218
1.078008
0.685251
0.473295
1.021073
0.253936
0.191162
1.502953
0.910126
0.315782
2.122108
0.888240
0.586033
1.380357
1.197723
0.100806
0.058966
0.170520
0.010566
0.027909
0.210639
0.965162
0.331593
0.182896
0.670527
0.404523
0.194467
0.089537
1.248519
1.042309
0.442006
0.872243
0.247957
0.047670
1.228006
0.938710
0.475734
0.043521
1.184950
0.860149
0.353027
0.158889
0.054822
0.322307
0.794657
1.304904
0.303691
0.117334
0.171928
0.605450
1.014101
0.873708
0.624207
0.553089
1.383049
0.343237
0.132272
0.176748
1.396102
2.116930
0.507727
0.443047
1.469992
1.320800
0.364475
0.388053
1.103500
2.904855
0.541686
0.488495
0.330209
0.303072
0.721987
0.033733
0.008952
1.748484
1.236045
1.133773
0.525203
0.554589
1.573480
0.181589
1.809813
1.593815
0.252417
0.307715
0.509458
1.558642
0.123194
0.375351
2.381825
3.272759
0.710556
0.840491
0.923117
0.082403
0.008122
0.320737
0.232870
2.385097
2.248664
0.164714
0.239938
0.116039
1.115209
0.421386
2.174072
0.783264
0.238718
0.441238
0.126443
1.464298
0.454838
0.438251
1.131380
1.712055
0.258705
0.420555
0.747366
0.982961
0.611875
0.072593
0.215283
1.528222
2.184266
0.183411
0.470264
0.083355
0.922735
0.361873
1.770808
0.771196
0.004452
0.242858
0.406387
1.974966
0.314664
0.001344
0.243995
0.920506
0.886446
0.689380
0.127949
1.805542
0.436587
1.551335
0.166027
0.283202
0.840400
0.421962
0.082418
1.154514
1.198188
0.695276
2.468752
0.455826
0.801428
0.132422
1.302588
1.528121
0.542029
0.270875
0.560546
0.855471
0.513605
0.746859
0.134218
0.178872
0.662423
0.656623
0.281863
0.783963
1.359423
0.348584
0.933801
1.179776
0.419204
0.611894
1.518168
0.094932
0.130916
1.078579
1.005037
0.887123
0.496213
0.565103
2.316616
0.957469
0.899670
1.338656
1.024185
0.052898
0.110587
0.218977
0.657259
1.368603
0.302227
0.197221
0.578714
0.341217
0.451110
0.369414
1.270207
0.119121
0.283527
0.786902
0.502964
0.020144
0.008767
0.343348
1.251811
0.961960
0.924002
1.057889
1.304493
0.431806
0.311674
0.128146
0.700646
1.449461
0.236245
0.302482
0.589760
0.466802
0.048948
0.194167
0.025207
0.007940
0.251561
2.192985
2.810951
1.446116
0.052092
0.238561
1.256014
1.863589
0.766750
0.147517
1.460536
2.348760
1.347330
0.000267
0.319436
0.137956
1.616716
0.718405
0.066314
0.219787
0.401646
0.088566
1.556154
1.102557
0.300945
1.019712
0.817531
0.020862
1.424161
0.262665
0.590005
0.687597
0.076566
0.434017
0.705616
0.749752
3.010301
3.946735
3.117470
1.737511
0.015955
1.977473
1.053967
0.407097
1.057998
0.363570
0.003326
0.801411
1.269991
2.428983
2.695925
0.177561
0.155665
1.541035
0.514442
1.093664
0.395084
0.088509
0.046624
0.440361
0.812135
0.460846
0.767870
0.077615
0.316635
0.213835
0.516623
0.069739
0.716717
0.300605
0.273143
0.060028
0.076333
0.318985
0.293055
0.311314
0.025528
0.008071
0.415539
0.102284
0.178385
1.162865
1.511721
0.216438
0.471386
0.713560
0.634312
0.189828
0.396181
0.304629
0.346805
0.029672
0.006638
0.573193
0.602121
0.221640
0.635932
0.124449
1.476599
0.609408
0.470795
0.255443
0.404125
0.501368
0.104742
0.966841
0.179653
1.188363
2.764226
1.344533
0.040147
0.319468
0.580684
0.400432
0.360780
0.365309
0.424516
0.585700
0.058806
0.006872
0.412132
0.376194
0.087977
0.114789
0.098467
0.281263
3.138258
3.368641
2.075315
1.321820
0.047770
0.047605
1.048671
2.078822
0.512908
2.095329
1.237918
0.443400
2.390573
0.998900
0.618628
0.243447
0.012424
0.155551
0.779004
0.603562
0.561916
2.350583
3.076241
0.083522
0.286447
0.373840
0.060295
0.400726
0.996733
1.605976
0.246503
0.065453
0.096649
1.068496
0.989232
0.556654
0.975664
0.334732
0.074818
0.062455
0.393586
2.952477
0.730498
0.108044
0.236045
0.944475
0.085278
0.433005
1.211311
1.572938
0.413337
0.603684
0.637956
0.695953
0.178127
0.134777
0.476985
0.196363
0.560835
0.564192
0.263417
0.681141
0.398816
0.486578
0.620762
0.609706
0.342428
0.403181
1.613171
0.051567
0.241838
0.184236
0.413219
0.096116
1.980798
0.160891
0.361696
1.902829
1.238298
0.016338
0.086226
0.120952
0.062636
0.997794
0.296254
0.909230
0.147967
0.811181
0.089426
0.185489
0.195547
0.277803
0.544121
1.054196
0.052103
0.255439
0.220892
0.395404
0.424808
0.606818
1.229149
0.168822
1.612823
1.444898
0.168647
0.118827
0.093230
0.942951
0.131654
2.189352
1.382637
0.334692
0.416286
0.246390
0.156533
0.273630
0.336849
0.133949
1.015900
0.144083
0.351880
0.389341
1.682659
1.237293
0.101964
0.487356
0.765828
1.077654
0.621136
0.384983
2.013633
2.412057
0.492400
0.560046
0.624850
0.323501
0.276152
1.541563
0.843317
1.593876
2.481953
2.472716
1.267069
1.763815
0.876167
0.262918
0.313016
0.068080
0.111443
0.024905
0.465788
0.582902
0.167224
0.556757
0.638588
0.470478
0.387639
0.236376
0.352610
0.053822
1.595306
0.574691
1.678263
0.233940
0.586848
0.545319
0.341429
0.479370
0.104634
0.068015
0.910130
1.415175
0.892049
0.623898
0.450684
0.198555
0.208374
0.220874
0.165355
1.380997
0.607525
0.266072
0.541772
0.682726
0.301470
0.312468
0.193906
0.405837
0.286859
0.518649
0.068833
0.212563
0.022317
0.111084
0.209233
0.164214
1.945658
0.056003
0.202504
0.299835
0.334361
0.060408
0.017834
0.258662
0.779320
0.391155
0.119557
0.393461
0.216683
0.155718
0.032649
2.977438
1.616901
0.837013
0.289505
0.037387
1.059682
0.905213
0.523913
0.234641
0.050651
0.667371
0.275660
0.253976
0.526141
0.690386
0.455352
0.070922
0.780288
0.337149
0.749223
1.006316
1.605103
0.090124
0.266507
0.587173
0.678672
0.182438
0.138830
0.222369
0.325471
0.102792
0.097676
0.225528
0.072956
0.040780
0.567170
0.389152
0.631520
3.536962
1.057762
0.029361
2.118241
3.216152
0.181613
0.942376
0.045851
0.704344
0.164935
0.109847
1.093065
0.331885
1.360211
0.789311
0.305554
0.106328
0.296324
0.140994
0.137288
0.187054
0.411539
0.593430
0.337308
1.206254
0.257336
0.317660
1.645867
1.051199
0.788554
0.286657
0.078610
1.217000
0.005520
0.013036
0.079045
0.030574
0.469486
1.229263
1.230227
1.859617
0.288072
0.340011
0.320992
2.069884
2.059305
0.392679
1.735329
0.575351
0.166622
0.078596
1.587713
0.313220
0.826541
0.290420
0.073517
0.317890
0.390640
0.223502
0.542344
2.995726
0.659724
0.378660
0.579535
0.097374
1.546413
1.165357
1.010236
0.999908
0.163416
0.239640
0.637576
0.087850
0.132403
0.589680
0.731313
0.324355
0.487620
0.565882
0.028129
0.401522
1.299339
0.419234
0.489397
0.847009
0.737861
1.113291
0.225908
0.455881
0.368447
0.380066
0.069136
0.154364
0.456151
0.885629
1.923904
1.878745
0.088791
0.489564
0.989258
0.088632
1.097234
1.505087
0.777919
0.309608
0.924574
0.014203
0.196260
0.193176
0.461096
0.288237
0.761260
0.273768
0.387464
0.311187
0.194839
0.235375
0.540791
0.212429
0.492483
0.008102
0.403875
0.252545
0.533463
0.287096
0.299789
0.446740
0.368394
0.573324
1.964454
0.234715
0.007351
0.303341
0.345796
0.363426
0.688474
0.417295
0.294817
0.672310
0.378116
0.112718
0.273205
0.021808
0.557421
0.171950
1.048964
1.503809
0.765194
0.603242
1.335719
0.017264
0.171905
0.037487
0.658100
0.338294
0.523116
0.035024
0.188284
0.631859
0.802881
1.432516
2.010657
1.620021
0.311603
0.251078
0.264689
0.454597
0.430341
0.289465
0.222344
0.965101
0.253130
0.430630
0.466262
1.036871
1.494916
0.696658
0.353360
0.082128
0.046247
0.033768
0.181849
1.257219
2.527286
0.510799
0.526274
0.420404
0.231283
0.009347
0.529661
0.110041
0.155989
0.370989
1.071861
0.214791
1.054489
1.094145
0.144946
0.256581
0.404739
1.760351
1.009538
0.147988
0.311174
0.561541
0.309250
0.427337
0.423882
1.140825
2.384469
0.466327
0.501790
0.331377
0.500532
0.168359
1.013190
0.209981
0.578676
0.111720
0.478781
1.032972
0.839293
0.391676
0.037344
0.882444
0.508258
0.068019
1.846466
1.735277
0.648033
0.232667
0.413875
0.532578
0.286623
1.389583
1.939789
3.399499
2.162622
0.194798
0.202674
0.003938
1.469197
1.117080
0.573208
1.796198
0.808827
0.185054
0.412175
0.253462
0.337018
0.616354
0.007121
1.240093
0.143217
0.183834
0.628921
0.112384
0.533571
0.081856
1.291587
0.882409
0.441565
0.776364
0.073753
0.677978
0.057259
0.542425
2.465626
2.908295
1.329836
0.287069
1.265171
0.358458
0.358536
0.308437
0.561337
1.587047
1.769015
1.996171
1.020463
0.200482
0.535778
0.487926
2.311990
0.580874
0.691823
0.048994
0.535982
1.000924
0.184449
1.273916
0.805152
0.499873
0.683256
0.468010
