1701
2084
1808
1570
944
737
1063
395
1289
1233
1358
1794
55
1213
1874
1233
450
2636
2587
3226
2438
2431
2146
460
-760
-310
-54
2146
4878
2900
2734
955
1666
4778
3327
1497
-601
-751
580
2901
3049
3168
3848
3390
1709
2010
3314
833
-563
-580
798
469
85
1470
3990
311
1599
781
64
-504
-1266
-1659
-3649
-3417
2580
3419
1576
1036
1110
-1315
-1239
-1656
-1152
-2516
-1522
-1932
-187
4955
-3074
2014
1216
-1341
-687
-1762
-971
-2923
-1822
-567
-1629
1995
-1028
404
-2815
1932
1014
-2994
-489
-1589
-847
-220
-3237
-1243
-440
-447
-3841
-385
129
-2713
-298
-1768
-1582
-1588
846
2781
-2371
1426
2007
-1839
-218
-3285
-307
-1468
-1525
-6
-88
2951
905
2401
1249
3591
-2401
-2063
-753
-1254
-1531
675
-34
-841
-298
-2749
379
2258
-1287
-1478
-69
376
-686
1699
1861
-3322
-2744
-892
-619
3183
1396
-1204
-931
-1652
-2221
-2455
-2192
-3515
-3186
-2562
-2663
-2835
1019
-2847
-518
-46
-164
-27
-245
-54
-616
-1258
-201
-431
-2053
-1211
-637
-700
-623
-426
251
620
789
142
-443
411
-376
-684
51
277
-287
660
2525
245
-1266
-1766
156
1817
960
-1903
-181
126
2034
2192
1382
162
-404
-209
-347
368
1172
-1153
-184
655
1419
-11
121
-1275
-837
206
-40
829
-1427
-1313
-123
170
107
241
-1031
1469
420
828
290
887
-299
-3012
-263
130
51
-2845
-3811
-79
-1336
1080
-4169
-4148
-784
-2823
-34
-187
1488
567
-620
693
1724
1924
25
220
840
-2715
0
335
168
3728
2268
2287
1675
3850
4225
3910
554
-1558
-93
279
1752
1938
3558
271
2367
136
3512
3133
-275
-1803
-88
108
17
838
-1238
306
3918
1051
-2771
1235
20
-1889
-156
-613
-468
2761
-1157
-6388
2471
-4838
-2471
1456
1781
-1346
-142
-606
-355
770
4171
-2723
-7124
-1237
2109
1187
2039
-1848
-1284
-1339
-1532
-1230
3043
1927
1585
2753
3255
1115
-1481
-3310
967
-410
-740
-1788
-1581
12
317
816
361
-713
-1551
-1028
1001
1018
1323
1941
-560
291
-363
-1545
8
1581
248
1084
1910
2431
2142
336
-1231
-1714
-1025
-3543
-2951
-2053
-1786
1817
1868
2453
1393
-2857
-3852
-1454
-1418
-2275
-6460
-5076
-3314
592
1716
2115
444
-3849
-5325
-3619
-3942
-3553
-6206
-5228
-4114
575
1743
2914
-158
-5587
-2278
-1505
634
1660
-3158
-3789
-1446
702
1720
2634
617
748
-956
2240
2233
1958
-1679
2879
-150
-1962
1710
2606
1234
-1681
-799
-1070
686
-4171
914
4169
673
693
1383
1853
1337
-649
-1454
-1483
-2590
-733
-249
1673
-377
980
1414
2556
1293
761
163
-940
-228
634
1623
-352
-98
1378
1587
1584
-667
1162
-2626
-3046
623
-3735
-1487
735
-2196
386
1555
2232
1806
-168
2233
-757
-298
481
2112
-775
-2658
1151
1278
1678
2189
-1385
-1750
-1851
1855
-728
-533
-533
598
3231
898
1829
2121
2446
961
-1145
-446
-1985
-811
2906
3423
2434
4
854
-34
-303
7
-412
-1162
-878
-218
-374
55
-589
1133
1337
1483
2057
849
-1581
-3261
-3533
-1965
1793
2401
105
1498
2493
3592
1514
-1343
-1562
-1887
-1578
-1758
-479
1979
1724
1350
2326
3224
-215
996
1798
1909
3090
3728
1492
1840
2992
1620
3042
1789
1452
-2586
-2077
-931
-137
-558
-1936
-1111
2315
1950
3287
4605
5571
1300
4124
5406
3289
2424
792
1486
1274
1452
2896
1092
71
-2697
2349
-145
1597
958
186
477
1538
937
1429
1558
4320
-2513
-402
-1922
243
-208
2112
407
2015
908
1111
236
-696
-2889
-4037
-4612
-3088
-1227
-1282
-1651
956
1230
2287
2654
2339
1166
81
-500
-241
449
2591
2303
1587
1449
1839
1027
-1061
-1226
813
-1533
-438
-1877
-1225
1322
937
1401
1245
1491
-1016
-2412
1391
2456
3377
-1905
-1427
737
521
1760
2534
2996
-114
-2791
-2757
-881
-1930
-2312
-2793
1807
2337
-290
-318
-650
-153
-194
-2087
-1179
1104
-826
1056
-749
377
-341
1575
2090
-615
-935
308
155
1266
-41
-1200
-1420
-739
-1398
1542
412
193
438
-218
620
1061
498
-673
95
-434
-778
107
329
-938
-62
1937
-188
-129
563
-387
645
224
-625
1033
-147
-3017
-3406
1091
2429
1632
-1275
-2607
-765
-84
-615
730
-343
-1927
-702
-1808
-810
-840
-2192
-1740
-3021
-2159
-502
852
-76
-629
-1656
-1042
-113
-2346
-3558
1449
-2204
-2136
-470
307
-2529
21
1909
585
5068
2671
-2688
5344
1793
-1845
-638
259
-2129
-1866
1506
821
-677
1320
566
1396
-372
-1997
-666
1558
-75
-3004
3721
2493
-915
1240
5383
-212
-2640
-3078
-396
2020
-1140
-3261
1174
87
-1927
727
1195
275
-2279
-1965
-576
1924
791
-2950
-755
5617
1080
3855
4598
871
-402
61
-1155
608
732
-284
-843
-677
3737
1497
-1382
1543
-586
-566
-1430
148
1540
-147
-918
1829
-237
2616
5012
-1071
712
-1121
-2612
-1152
-455
-2576
-2367
133
2496
-811
-3448
-2835
-1709
18
1488
-36
1129
2812
3951
3809
983
581
2109
3017
1956
1891
1098
338
872
1614
1203
165
-3745
-3611
-1652
766
1522
1895
1014
328
767
-337
-1137
-3609
-4547
-4041
-2916
-173
205
849
505
315
694
151
-429
-1105
-2547
-1493
-651
-1353
-1510
-615
938
133
1023
2511
-264
-493
-1683
252
1474
1760
299
550
742
895
2410
-2540
-4017
-1258
-1481
-2270
-1699
-324
-1015
1718
895
1993
2005
-715
1646
1873
-957
-6
3269
3932
63
2452
702
849
1648
-3319
-787
-2839
-4259
-1923
-311
-2448
-2447
764
944
749
545
-2374
-1273
-1399
-846
-1773
-1426
-1835
-702
199
1134
645
144
1862
2533
546
-1491
2833
3731
3072
1261
-563
835
241
1720
1348
661
2467
-2382
5694
2433
63
3377
1015
440
-541
441
-195
-2690
-1451
1263
108
-1112
36
1156
1058
-871
-2347
-1592
-860
-3282
-4289
-1821
-388
-1910
-1827
215
682
-100
-1826
-331
2431
1063
-3909
-8021
-2643
-145
-659
894
1868
-347
340
-743
1117
592
663
1501
1761
682
-315
29
40
647
704
-141
-448
-987
-973
2191
1868
-549
-2246
-1135
244
806
1168
-1306
-2454
-2688
-800
2766
1912
-758
-1469
-3661
-1400
719
800
-1502
-432
1848
1848
3116
2999
3229
615
-3631
-2266
819
694
-1852
-370
1600
3851
2196
3940
1701
731
-711
-1962
1095
426
-2448
1639
2608
5358
2917
3030
2258
5081
-1330
-2580
1587
397
-3766
1671
960
2178
1526
876
416
2275
-1596
-1055
1413
65
-2188
-1653
-3934
352
3484
-830
-4615
2213
-334
-164
1320
720
-446
-24
-2654
659
2094
1864
-1242
1369
40
-2769
1090
1704
183
144
678
2099
3428
2954
1470
2156
515
-542
1248
1862
226
-1255
818
3046
-1001
1006
1085
1622
-732
1
865
2762
1576
-1426
649
2006
-1193
-1007
1044
897
-642
1152
174
1323
-172
2097
510
404
2187
867
-1852
1781
1737
1999
-532
360
717
1216
-1130
-2772
-871
-1513
-446
20
699
249
-414
-1193
-279
-429
-485
-503
-1384
-1690
-427
-271
313
138
295
-1506
-308
-183
744
2212
1306
-1517
777
1062
762
-124
876
-753
-626
-1225
681
2911
-2699
-1494
1178
1615
-1118
-113
845
-555
474
3749
3475
677
743
-870
2883
4543
1164
-195
439
-1182
-1517
-1285
234
-1726
-1766
-2446
-463
-397
1234
119
617
-1844
-2505
-200
3297
2412
942
2051
1704
-977
594
406
576
-1364
-4146
672
1612
-623
-4085
3840
776
-1437
-2737
-1320
902
-112
-1635
1950
1448
1557
-1991
2205
1754
2481
-341
-242
1110
-1497
-1355
-1674
1022
-1146
-3157
-1127
-1211
726
-1157
-1534
1487
-786
-818
164
201
662
926
518
-1109
970
1535
62
1256
-1012
-1353
-889
826
833
4271
105
-511
-1078
2147
-793
945
-2302
-2003
-1107
4054
627
2296
656
5178
2380
1792
-3848
1383
-592
-2188
-3777
0
1120
-362
2242
-345
-1177
-298
-3407
324
-1502
-1612
-1396
-1048
-1326
1226
777
-36
2884
-1861
-3081
-2473
367
-85
-708
367
-133
-2071
-1226
38
-1861
-875
-1477
-1286
1908
-763
628
-1299
-2774
-4622
-2910
-831
3
675
-639
-1056
730
2333
1775
-245
-2172
-2969
-1700
-1755
-574
1000
663
-571
1766
1722
1965
1876
2150
925
876
2215
444
233
-12
-185
2271
1025
-987
-1162
1440
391
992
-660
-1488
-740
-611
122
3385
2080
-4061
266
-194
-1827
1385
510
-2052
-30
1709
288
3368
-1311
-2034
-1222
-7208
-4899
-6571
-1172
-1728
-2219
-788
290
1839
640
-2817
484
144
-2035
-497
663
-3147
-204
-710
-423
1495
1949
377
-10
1845
444
659
318
1177
1304
2297
-525
2810
2669
13
-1146
166
-2663
-797
-2646
860
2064
1885
-602
3329
4195
1085
-521
674
-2539
600
1065
-128
2077
1177
-1204
2742
4863
631
-346
3079
573
3941
1685
-237
3451
2234
-1887
921
2397
1725
-2994
273
7356
2255
-3056
1339
1729
3114
-3250
-1411
69
517
545
-2035
-2784
-449
1096
1360
1466
1460
488
882
1799
1896
1046
330
779
749
953
1526
1195
3438
507
842
357
813
-113
-1562
123
467
-390
334
1561
2545
768
1219
-553
-78
-3731
-4548
-892
71
-3257
-2417
-131
1190
772
375
-152
348
1198
1003
281
2147
367
367
313
335
615
-814
-18
844
2986
1715
46
426
599
-307
-1462
93
553
-148
851
1692
-201
1708
4122
-2211
-2682
2221
1692
790
444
-620
2223
-2218
-6742
-126
5406
-6011
-6932
688
2436
909
610
-522
2641
3826
-3220
604
7117
718
-3470
2998
3150
523
382
1019
575
1864
-2721
-3632
3876
-1095
-4674
68
-101
227
840
1313
2218
2455
-1875
-605
-1346
559
-917
763
-1821
2825
950
1137
-916
1567
-2435
-2035
-1177
-2635
-3726
-1076
-615
2453
1804
2655
2040
3563
-306
-584
-2182
-485
-1279
783
1595
2349
691
1221
1564
2385
3617
-609
-1095
-1062
-891
821
262
1422
38
-151
-642
-192
3367
-974
-6066
-4768
-396
-1377
11
657
-179
2069
2166
-396
255
-269
123
153
6
864
641
506
1211
1758
-687
728
-1199
-1281
-866
191
-245
456
1023
2275
1556
2606
150
-788
-2670
-2706
1799
1067
46
-1322
-1420
727
1332
900
532
-2047
-138
1360
1675
672
447
-79
-1800
458
1569
1571
-1399
-2157
-1559
-673
2929
-1158
-1756
-1425
-890
-1280
1745
2621
-841
-707
-4928
-3209
1617
-5670
-3367
454
2901
-831
1937
2528
2208
2923
-1927
-4159
1577
-5955
716
2445
1414
1855
1887
864
1046
-803
-2850
-4263
3563
-1880
-5227
796
1279
-1307
1182
268
-1525
-1288
-6604
-2616
-1317
-797
-6588
-607
2101
-712
1074
946
758
2081
-3023
-1322
-2623
43
36
184
994
-319
1108
1327
-414
-94
-299
-2536
-176
-1806
-2015
-642
-1036
142
1472
1497
511
-660
-1134
390
1606
1409
503
-366
-707
-954
1014
1151
103
-73
837
-3653
140
-4499
175
408
-466
333
1571
1079
792
538
3148
-2480
-921
-1487
2254
2379
-423
-1458
1574
-772
-1503
-1368
-1684
-1186
-516
-401
-1571
-1697
-883
455
448
-2603
-2336
-263
-359
937
1262
401
-387
-914
-1896
-1094
-57
-2626
-1767
1100
3618
1368
1748
893
1958
2292
1208
591
-381
-2177
-1361
2120
1077
2094
3307
609
1435
116
1916
892
-770
-2106
670
449
637
-318
1721
-1692
1119
795
1508
-380
-910
-1611
-697
931
-1329
-2856
-2458
-1530
1061
37
-1464
-163
-1207
-2166
-625
1282
-249
-71
1329
3922
-3197
-2227
-1719
8
-1297
-1571
-437
-422
2548
3358
653
3775
573
-86
-1013
91
-660
-1810
-200
3209
1150
2816
2299
-813
2640
3869
556
478
-196
-2966
-1845
127
-1104
-240
4241
556
219
1019
-769
-1060
176
-2347
-1860
-1635
-2367
-1360
1229
-1732
-3999
-2914
-1363
-657
134
-3030
-3995
828
-289
-244
2072
-2976
-1195
3539
-1686
-469
989
-2060
-3081
-871
2207
-2082
-854
-432
4765
588
-2290
-3355
74
-1763
-2194
-2473
-144
28
206
291
2443
1145
-2042
-1242
1454
3612
2331
953
-16
796
1911
1709
528
1426
1660
827
1270
1509
1606
-343
-1537
-2590
273
1119
-1603
-1504
-404
-657
1149
1098
650
-2012
-656
-463
-1405
22
495
-290
582
-1305
984
1181
1799
-1177
-2241
-1815
407
-1738
-96
235
301
158
917
924
1954
-1419
-1435
-1298
103
-846
-753
-1890
720
1687
1140
2253
4906
2157
751
1151
2787
-884
-787
170
4602
3366
1288
2613
3763
-669
1616
-756
-1629
358
-1194
-5217
1193
2521
1093
1924
1805
189
129
-4876
-5195
-3375
166
-2786
232
1525
887
1065
507
651
2195
-3237
-2884
-2752
3765
-608
11
942
934
1346
1731
-263
1005
17
359
-1961
-1734
-1759
-755
719
1321
2320
2433
847
-549
2938
2877
2032
-3049
-1610
-1901
880
1064
1169
1758
1929
-2327
-1114
2732
-1652
-3046
-2492
-1795
1655
1038
1329
1134
444
-1297
-2300
-4496
-2192
-1700
-312
-1165
1204
2979
3176
3086
1324
811
567
1277
-463
-393
117
870
2283
-207
-601
309
-484
-1447
-1335
-1693
-913
-2344
-2117
-2211
-1184
-688
-586
-1918
-2181
-1414
-1722
-413
-3230
-2295
-2553
-2250
-1151
-1587
-911
-1025
1971
300
145
-363
532
1081
-529
156
-292
-753
-241
1622
2607
854
1496
1548
2444
-737
-9
1105
309
-987
129
2705
3325
1620
-31
-583
80
-688
1156
1146
1744
-1226
-651
2892
993
-4118
-760
-89
-2462
-3794
636
-1466
-258
-1381
-360
3483
798
-3323
-2294
1098
-1837
-4348
-161
1504
741
-1135
188
3480
1905
-2437
-1574
-621
-3244
-770
-1072
498
1923
-789
-728
2940
2104
-79
2805
-957
2164
628
-133
-434
1023
-923
-820
1350
-376
1956
3972
-2502
3778
2897
-539
-1570
606
-793
-924
1129
-441
380
-434
-1237
347
-1239
-36
-1745
433
-956
-1508
-900
2867
981
-1894
-2011
-599
-1178
1913
-1127
854
-1581
-1233
-404
1571
909
-140
-460
2332
-19
-1499
893
867
-1002
-2010
-1647
-326
-2470
2865
1413
1364
2094
119
1569
265
1203
471
433
2080
813
-570
-1465
-1509
-659
324
885
196
639
406
2279
2845
-635
-1072
-3138
-828
-1975
1031
1570
891
60
50
959
1325
-308
-3349
-2290
-2627
-2746
-818
1878
1790
-33
-480
2011
468
-11
-657
339
-1400
-894
-2097
96
2081
25
968
2174
1764
1751
765
-256
-1365
439
-1107
-979
1362
-193
1317
-1494
761
691
20
-772
-400
-390
-167
-1758
-1413
-436
875
-4947
251
2719
1448
174
1903
255
2343
-1596
-2961
-446
1517
-1071
-1096
-1414
-1042
-2920
-1260
-1486
-1521
697
-1749
-160
708
-236
379
-3404
-1774
-1402
1111
-4621
-620
-147
-944
-323
-404
1064
1194
-3846
2030
1427
542
-1595
167
3
904
-141
-696
2567
2892
163
3739
52
3379
4217
424
2556
1957
-260
-1053
-734
3748
2549
1305
1205
1111
2424
2546
1078
723
-267
-1421
-1284
436
2290
2532
4778
4137
-854
1927
116
211
394
-1639
-728
-385
-415
652
-757
-641
-2192
1181
-416
-791
1238
1396
768
1108
22
253
653
-150
377
-10
425
358
1182
1265
1505
-746
-1476
-1331
-271
1113
-514
-293
234
11
1126
2318
1440
-2098
-1775
-100
1053
1890
1089
263
-453
787
1409
2401
1383
-552
94
-44
-847
412
-347
-792
-704
1406
1772
2198
1964
-62
-1558
-1083
-1697
-1171
-2558
-1766
1627
2322
1576
2828
3489
2020
807
-1597
-1150
-1755
-1025
935
2972
4648
1383
2382
69
-969
3626
-570
-4681
520
1841
-1272
-3195
3752
1239
1650
1810
2178
3090
3248
-400
2029
3485
3703
290
3146
878
2539
3016
-616
-1511
2522
-1759
140
-1314
-595
-2548
1600
1251
2330
2128
-87
2193
2028
-2707
876
-603
-1023
-365
730
1031
1678
3168
-1151
336
-661
-5113
360
3467
-1990
-835
555
955
1464
1826
1515
1850
513
1135
-2565
395
338
-1426
-275
-560
-174
790
-1865
2284
540
-4186
-964
-361
-3095
-3937
-2134
-742
-1173
368
-1240
1032
4651
5688
2353
-476
-2611
-1507
-1623
383
1482
2663
2910
4069
3006
2673
2302
2341
3657
3769
3058
-46
749
2152
3269
3498
-330
-2357
-2775
-2546
2169
3948
3263
658
1183
1522
1520
-1112
-3103
-3635
-3414
-738
-1269
1168
2942
894
2226
1939
39
-543
-2365
-1331
-1808
-1100
354
-725
2354
843
2133
440
-915
-948
-1638
-1137
-1587
-1088
1836
-1563
1644
943
1647
-1056
89
1365
-2728
-937
660
761
2653
-1080
-709
1267
2383
1662
-1271
-190
-3804
-4321
444
-2091
-2761
-473
-240
1452
2840
2046
-6128
-1241
-4502
-515
-4586
-3741
-5715
-2945
-1330
1336
1553
1820
-1787
-610
2724
-362
-1949
247
-177
-1494
-604
1183
499
309
-2172
-712
3302
784
-754
-866
0
-1583
-48
1119
901
821
857
138
-310
1494
-5740
-4206
-471
-3226
-1976
961
771
1290
1410
-1022
-2586
-1112
-1816
-4288
120
-1279
-1049
627
428
-271
473
-2311
-4061
-5698
-3850
-3399
-610
-1471
113
-177
-999
-622
-2556
-721
-2375
-5442
-3639
1112
275
-93
-510
-1422
-765
-127
-66
-789
-1475
-2629
-2017
-2794
-2352
-1732
-868
-2790
-1544
430
-1248
397
1678
2278
1608
1824
1683
89
-122
-1726
692
254
-1014
-780
3082
919
1339
3253
2115
644
-626
-1352
921
-156
-1035
218
204
-248
1387
4525
1654
-976
-968
-826
1535
-719
-563
-1296
573
650
862
1113
-1617
-731
-599
-539
892
615
-553
1724
969
2465
-1100
2750
2402
-859
-420
-670
-112
1693
519
3280
1937
2391
-152
4431
3809
2508
-964
-677
736
2525
-1877
221
-891
2513
-370
922
1240
-1705
-354
-1005
591
340
-2239
373
-1992
4377
48
56
-164
-1469
391
-1513
-93
-296
964
475
-809
-5287
882
1243
-1235
-460
320
-1689
-832
-475
538
2116
21
-3107
3283
2164
-1096
-104
104
-1148
-200
214
792
-370
1693
345
3488
-498
1644
-252
-478
-1147
-977
-901
-1199
-1537
1520
-2418
-395
2306
-1491
-1405
-1461
-279
328
-9
1417
2005
467
1423
-126
-620
569
1098
452
-1798
-120
-2457
-765
34
-140
1015
417
1058
-495
5
-1552
-2156
-839
-2700
-240
-174
-214
-27
2043
1901
910
276
-1825
-2376
-1987
-1005
460
-468
-798
1205
1229
1476
915
1805
-1886
-2468
-2502
-1108
228
420
-2680
-1011
-708
1590
1742
582
-1417
-2182
-2090
-2305
-610
-75
-1050
351
808
377
1937
1217
-665
-1951
-1871
1540
3714
576
-481
3974
261
55
-1287
4530
1842
-2126
-2149
2510
2360
-3605
-1302
3411
501
-1038
-652
2150
315
-2291
-2423
-960
1074
-1012
-2291
4040
-364
-691
-2516
1272
-1905
-2688
-2124
-1607
31
-1240
-145
125
3583
652
376
-1894
-509
-2817
-1723
-122
-228
792
-923
932
3196
1364
1885
772
-933
-2922
-917
485
1043
1555
821
2377
209
73
3828
1833
-929
-2722
-98
1203
1467
-392
-965
66
-882
1338
4035
263
-825
-2758
-374
357
1763
3016
-177
-2409
-214
2550
2114
-2228
-734
-2965
-1673
-1117
-2163
1657
2487
-1786
-97
1679
-430
-2539
-784
869
433
-920
-557
-1245
-526
383
-1698
-1330
-620
-413
-521
-871
28
-1891
-2091
-567
471
1263
-2232
-125
104
621
-1280
-881
-72
-2497
-923
-142
3239
1465
2205
1921
-288
5
87
-831
-831
-1584
1148
1803
-899
-1345
-673
848
374
-1108
-337
-814
-843
-930
850
1617
876
-2175
1170
3043
779
-998
589
-1117
-1178
-990
-1243
1059
-22
-1636
1940
-1158
-963
-910
-356
-1267
-1471
872
2553
7042
2146
574
1370
2915
2788
1257
-1318
-1178
-1443
1217
3633
2743
1088
-218
-1243
3662
2285
1724
502
-1380
-1360
364
1663
-571
254
813
1170
-930
715
-1148
-1338
-1221
-999
-1112
-432
-1792
-1109
-3692
-55
-1510
-882
-1353
-1237
-1520
-573
-1595
662
251
3144
534
774
4107
318
1175
-3448
-1051
-231
-174
1500
2175
-2150
-204
-2539
2337
3206
62
-2832
-12
630
1532
2531
-1326
684
1638
3567
-788
1156
753
9
-1814
-1522
-1780
-1032
2388
-692
3975
4232
1116
173
-3607
-2222
1241
163
-2307
-2392
-1949
-1611
-1811
-2681
-2199
-407
-857
-500
558
-915
-3670
-3890
-2018
-1701
-3852
-862
-1499
-693
-1996
-1465
-92
-535
-2247
-1371
-938
716
-955
-1452
-117
162
-1807
-1336
-342
-1715
-2351
22
-15
32
747
-513
-986
879
-101
-1480
-52
-1039
352
3183
1137
-130
-699
472
1376
880
1225
-2323
-66
-1141
-626
3990
491
-2406
-2083
-2443
417
2733
-2314
-2181
-274
-777
1961
1979
-1234
1916
643
-818
1063
2238
-441
-479
-920
-1994
485
-900
1309
1276
849
1156
2499
686
1498
2909
-721
-2330
371
2281
2803
2042
4299
1392
1988
2314
1913
1331
-433
-1579
-920
2076
-1178
-1655
-2347
-1410
458
838
940
-1848
-66
-1590
201
4261
-2903
628
-1475
4189
-719
335
197
-2125
-141
-1355
236
4352
-3286
700
1241
858
-1597
33
-356
-631
-128
-1653
-519
2909
2454
1440
-573
226
3293
977
-280
35
1117
-629
-66
1062
3356
3341
2351
3036
3244
1135
2878
717
526
-67
317
-501
-1900
-2151
-163
1217
-1249
-1228
-1148
-415
-557
1048
-264
-535
213
136
2404
2857
940
-343
-254
1576
-721
-460
20
-827
-2042
-274
-2401
-2815
-801
-1049
-1642
1348
-663
-258
926
-1260
-3058
-3858
-1815
-2284
-1755
-1720
-3117
552
-1047
771
1852
-849
-2077
-2237
-2284
-1796
-646
-1722
-2132
-738
-947
2113
3238
3015
2744
6523
5532
3677
2121
3710
3935
2306
-1154
1995
2857
2697
742
4281
-635
5954
714
1234
2368
4373
-848
2677
3863
3202
5393
1556
-1885
3932
3760
3696
-56
2108
-878
495
762
-2911
1726
588
-3261
-908
1089
-2302
-3391
1042
-766
-420
124
-810
688
-2510
449
-3960
554
1499
-434
1333
-962
-166
1431
1085
-1401
823
3976
-2085
-3395
1893
1747
2070
-958
241
1373
899
1535
1250
2928
485
-1028
2092
3004
1668
-1148
-356
-579
-1464
-3249
2712
1708
3523
-1885
-263
2793
1018
-221
1274
-190
839
-70
2992
1845
2004
383
1553
2235
1506
-229
331
-247
-1813
-970
295
1194
621
1014
589
-730
-1002
-1606
-1864
-3056
-1674
385
663
766
-308
469
92
-1303
-2668
-986
-1408
-3153
874
-615
-2750
-940
648
-630
1458
-125
-2224
-785
-1393
417
1095
987
-973
112
417
44
-139
944
-2031
-1230
-689
2301
1791
5017
1671
180
1052
3502
1164
2303
-917
-1354
-279
2816
2093
-490
-1436
-1155
-1790
-187
-1075
1224
-1037
-1687
188
874
466
-2407
-1415
1392
-3642
-4811
1324
990
-427
-1387
-283
2210
5670
577
1445
604
2079
248
4246
5169
386
-898
-2333
558
2342
-2410
2083
1237
2016
-3863
-149
1815
-916
-873
-3543
-2077
3380
-1844
-178
-567
-988
-1550
1038
923
-1024
-882
-2819
-3036
2292
2111
-3377
-2484
-1985
954
2448
3004
-685
-1087
-2700
-3147
1813
723
-2054
-5079
175
1113
2644
2984
-1373
-586
-2087
-2737
-151
1493
-840
-442
3383
870
2781
1663
-2395
593
-498
-1332
33
2413
2158
2788
2610
3565
2054
-2887
-1461
-1282
-2150
-1786
-1279
-31
842
770
-1295
-1075
231
-763
-657
-1139
127
-1024
-950
-315
604
822
-817
-328
806
-1231
-1594
-933
271
-143
727
1336
-150
-204
-1122
41
855
-1626
-2142
-1219
-621
-155
1547
698
-62
-2101
-1194
-764
1158
-348
-1005
-893
251
2494
1428
142
3007
1620
2000
1866
2740
1637
-554
-928
829
298
-1206
981
-1130
-1081
-692
829
509
636
-658
-742
1055
543
-504
-2044
-814
-1594
-2194
-3405
1336
1007
559
-1021
-146
945
180
1163
2189
5322
1330
124
1242
1770
-261
-851
620
509
-3145
454
812
599
-324
328
-1379
277
-331
-768
82
-249
317
2828
-838
-1682
-1103
3274
815
-1124
-1493
-706
153
4
1801
212
-694
-476
-736
3468
2466
-1896
-957
-930
496
1296
-2258
-1389
3672
2903
5572
1580
-2056
-608
-234
-273
992
3371
5607
-775
-1722
2744
229
-3631
4529
2540
-594
-1473
211
984
1553
902
-2577
-235
984
-867
452
1651
349
1040
-451
-290
673
-658
-1513
-2200
-1826
-1050
-1486
-601
-478
-188
-605
-500
-90
-2469
-1986
-1474
-310
-414
-1339
-2041
-935
-747
-1650
-1043
-631
-276
-713
-1027
-1407
364
-401
-883
-1175
-868
-2120
-1143
827
634
1292
1463
2241
547
1019
669
-1694
-1184
-2030
427
-547
-2590
1306
319
763
-2142
-1352
924
-140
-1494
-2064
3015
-2740
-4783
1654
-1171
-1502
-4524
-1349
2106
-214
-1351
-451
2700
336
1227
5487
-1182
-551
-728
4281
-660
2797
-1235
-489
1894
142
4728
-242
1415
-2052
1085
1795
439
2196
-1106
-1361
1868
733
-753
-2422
945
-53
338
496
1796
2686
-1281
-1701
1765
2103
800
213
1121
-1330
2488
1551
3242
1995
-1339
-1737
1426
4980
2209
1681
1657
921
299
2187
1126
489
-1247
-1826
1742
2847
2519
120
551
64
1495
-1206
917
-911
-849
-932
760
-290
-1334
-633
927
-2049
-1623
253
-781
-702
-836
-1632
-318
1876
1593
-819
-1225
-2486
-548
-297
589
-245
-882
568
2547
2378
1585
1708
1563
46
1664
1368
845
-94
996
661
-59
1359
1074
1740
-1626
-3139
-2147
1154
1136
1534
1324
1494
971
491
-601
-3277
-3828
-2602
-4052
-2410
-1700
365
820
1745
1809
-644
490
-1600
-782
-75
384
-1275
-2191
1082
919
1755
1076
2746
6307
5467
3781
4355
5408
3512
1176
644
769
1200
675
3765
2801
2897
3257
2680
5675
1299
-1132
-2494
418
1630
-55
1949
2399
-275
-2013
-2532
3889
648
-5576
-1883
392
570
1490
-1202
654
-323
-2029
527
589
1536
-217
-951
-78
771
2914
1529
-2571
331
898
694
-3380
-198
3036
726
-124
2275
4232
4378
1823
1437
2131
2381
2383
3379
2395
2597
302
1647
2819
602
864
-3736
-4299
-26
-419
-2049
-1520
1362
366
-34
1257
-2482
-2111
-510
-247
708
1239
-2368
-955
-769
68
378
1489
887
1507
-2852
-3350
-3585
-1874
-75
-1598
697
807
-253
274
682
864
-1043
-4984
-630
2700
886
-1684
-391
-621
-1273
-27
549
567
-223
-76
157
123
104
-217
448
-1323
-877
1705
619
-149
82
-1307
656
133
-170
-558
-2
-930
-487
476
-480
-1362
-1013
-706
-1345
-2452
-1582
-451
524
-1109
-271
-1392
-860
-1250
-1624
-2352
-2493
-2507
-1928
-2425
-133
-992
243
-1772
-1564
-1519
-294
959
-990
-2696
-3435
-2874
-578
-909
-225
-2393
-260
4908
1935
-735
1596
1197
1062
-3041
-3570
-877
-9
-983
1086
2874
3601
76
-373
4200
4065
-4317
-2009
-894
-132
-890
-1996
3569
1402
2554
589
2716
-1487
-3095
-86
-1011
-487
794
-3145
-1411
-81
-3379
-1212
-3793
-5459
-2185
1399
-1055
-1104
-32
263
3296
3439
2489
1712
2891
-972
-1246
105
-901
-1292
1636
2359
2783
2289
4286
2589
1038
2403
-1010
504
-822
-1015
564
-1810
1649
3486
2431
2645
3044
-3643
-471
466
-1088
-773
262
1214
-1451
2197
6020
16
-1866
1322
40
-511
-1140
-1771
-1085
590
372
-1207
-1889
-899
516
2911
2335
-9
92
-1261
-622
-21
354
1167
689
728
1349
1076
101
-120
35
-1245
-564
820
-83
816
2800
3576
893
257
83
544
58
-1395
-2076
-930
227
1860
4182
3336
987
10
-106
224
-213
-2757
-1897
-1929
-302
348
1158
1765
662
-1507
-1670
-195
-380
-2267
-2576
-3068
-997
1379
2288
3180
-2199
-4010
-2331
-1607
-379
-2466
-2971
293
1031
2907
4669
1946
638
4775
-2494
-1462
-299
-2179
425
4474
1195
1665
4616
167
-2106
5150
3645
-429
-129
-1975
-1047
-3331
-3722
-4858
-256
-4324
-2473
-2498
-1108
-789
348
-1659
-461
-678
524
1528
-1762
-260
1588
1088
1831
-16
248
-1983
-1683
-1771
-529
1782
425
555
-458
1842
1586
-990
101
-1796
-3648
-2365
1850
-1872
77
-2181
3039
-422
-3764
-2435
117
-2001
-3244
-4729
-2015
-459
492
-652
93
-901
-4580
-2974
848
-1110
-2299
-1366
96
-266
6128
1300
-1300
1264
-3988
-3506
1592
145
490
-1373
-1416
-515
-2071
-1012
1847
-1624
-2675
-3361
-1662
-371
-1351
-1273
-1037
-2457
-825
-42
-1923
-4079
-3684
-3468
-906
1119
1011
-591
854
1975
-1440
-664
1851
522
-1033
-2511
-133
945
1802
1425
2023
-778
-2645
-1859
1338
4171
1165
-1555
186
1073
1811
3833
4189
2317
119
1879
3210
2105
3736
152
403
1737
3426
5585
3671
1196
-470
3880
3874
1688
1569
716
611
1857
1837
2501
2724
467
-22
3557
2577
-1585
30
593
676
1440
1585
-420
-198
799
-2173
-226
5475
-3406
-1360
260
641
671
837
1718
3096
-708
-284
1295
4365
2660
-1218
-521
545
1445
824
1125
1464
-3305
2948
-276
-711
-477
328
479
643
2424
2705
1663
215
2226
-1896
4273
1530
-847
-39
1174
309
1499
1590
2698
790
-2600
-1594
533
-1873
1455
-807
2349
36
931
962
-1206
-907
1705
-3378
2465
1934
-4297
-2730
969
-369
947
1206
-326
-758
1576
3282
2827
-246
-479
654
-372
-603
154
-424
-645
-1950
-3113
-4604
-4674
-3323
-555
203
-1222
1042
790
-1501
-710
552
1623
2327
3595
1251
-82
-301
-814
999
202
-1667
-686
818
204
417
726
-443
1411
1304
-705
1009
222
-1092
-599
305
-1712
-1104
-1094
-726
834
119
943
845
325
-1111
32
951
-1369
-527
-1709
97
397
920
1094
1129
423
-356
-427
-2983
-2051
423
-2297
-3064
-1152
-413
824
1632
1109
-1768
-969
-4782
-6611
-572
-5807
-4890
-2026
-1362
140
1256
-38
-1301
-1007
-172
-1765
4085
-1767
1271
-3046
-790
149
1449
233
-113
1495
818
-700
4830
1232
991
-1176
1017
1448
1196
154
-847
1041
-1875
-1165
1473
1386
-60
-434
-718
1325
737
196
-233
263
2009
748
-2188
156
2378
1283
933
-119
945
-119
-795
670
848
-1758
-1903
-1553
-365
1544
-594
-335
773
-315
-496
-188
581
1041
306
-851
1394
-660
-1217
-608
1192
-143
-758
-1031
2000
-3577
877
-58
-1369
411
108
-1129
387
-837
-1847
418
2847
1602
3814
1626
3039
241
835
4
-1039
-491
-803
55
-528
-1517
-789
-1294
-2078
-1592
-398
0
-1063
-917
722
1640
415
-21
-166
1172
-665
-13
-1237
-556
-1197
-693
12
-756
-718
-1423
-2950
-4427
-3351
-1934
-1150
-684
-1059
-1147
-2130
-2203
-3812
-5599
-6302
-6345
-6577
-3894
-1727
-554
-1063
-1351
-2281
-975
-1887
-3043
-3876
-1919
-2594
-2436
-2388
-1243
-808
-1336
1203
6406
6350
2830
4743
4500
5723
5210
2710
114
-990
-1203
1868
1750
551
1100
1405
2454
1837
1839
1965
1373
-764
-774
1703
5556
-4291
-2083
3842
-171
-3140
3996
2558
1478
-798
-200
316
-923
-2655
-1557
-348
-2310
-2710
-85
49
1490
-712
-871
-1265
-3402
-1289
897
2730
242
-3975
-4461
-2185
171
-799
-403
-676
-471
111
2753
4868
-944
1055
528
-3103
315
-770
-625
-964
-95
3656
2201
1273
3195
4681
2751
-2603
1282
-248
168
83
-1238
1816
-629
-353
-922
3007
989
-947
1568
156
-44
-302
1525
982
843
1269
978
2721
3321
1053
1309
-969
-222
1572
1501
388
534
62
-768
1322
968
58
480
751
891
1563
1812
817
-1704
-6364
-4658
-296
2220
749
937
415
545
1317
1343
-949
-3956
-3435
-2350
-1514
2063
3188
2561
181
66
1192
-637
-2790
-1696
-780
-667
-1313
-251
1919
2766
8
-482
-54
614
225
-72
-1650
1612
1265
708
714
3010
-25
-466
-897
1088
-3233
-250
-3901
1230
-3839
-1317
-2967
453
-307
-1154
866
1543
-2801
1662
27
2837
-527
1573
-710
-1085
-135
-729
427
-448
-2564
-581
-5081
34
-1100
-545
-658
-296
219
-305
1656
2212
-378
871
-1854
-1687
130
2572
-298
263
187
90
1097
-468
-3365
694
-1040
-3908
-3867
-2916
-3370
1304
430
469
353
-4310
-2758
3792
-3585
902
2359
-4965
-1910
1383
457
297
-374
-812
1823
-1507
-1699
1379
251
-3661
-3356
-1352
546
-58
-673
1928
645
333
-422
2160
559
-1030
-1032
272
1552
1959
1871
2914
1306
2704
-608
1601
-427
1375
396
1675
412
-169
1
1391
1435
1147
-79
-194
72
1818
2450
2922
802
111
930
3494
4171
1556
2990
3095
419
1240
2167
3010
1262
647
1174
-766
-1141
507
778
-255
-1512
-1439
-299
789
1003
-76
-971
-3347
-2140
-549
14
-1039
-1672
-1837
-2685
-644
499
-447
-1543
-1154
326
1641
4408
-455
2181
1343
-1552
-1125
562
-202
-3266
-710
-3574
-432
1642
-1769
-1744
-372
-4158
-2972
598
193
-3414
-2116
-2542
-188
2360
8
-785
-2555
-4592
-2981
536
548
45
4963
-843
-3288
4828
-3370
-932
2643
-23
-2133
362
-496
449
2584
2574
-86
2831
1217
2240
2086
1857
-479
504
-922
-1823
-2284
-1496
-1642
-1481
-2342
-1564
-2970
-834
334
696
-96
-1457
-558
-667
-623
-4883
-1404
659
-2351
-2267
884
342
-636
-3935
946
1719
-2042
1614
-2466
585
-116
-2989
424
1218
467
-1940
-1978
1392
440
-668
393
-154
-1682
-1391
-247
2254
1408
-28
470
-5
2293
4189
1917
733
956
461
423
348
884
-886
-1285
-1415
-1963
-1922
-1851
-1734
-1630
-2446
-2087
186
1068
-1390
-1613
-1059
-1597
1824
3764
-1703
-3232
-3041
-1624
-446
39
-1961
-1407
-1387
-960
3260
3005
472
-1880
-3671
-2439
-281
913
-538
-1490
46
2822
2638
2429
2540
2067
-2794
-2377
15
1078
101
-446
1256
3273
4017
1796
-937
2552
398
-2404
369
1541
1716
2983
-1725
-2157
3467
-1453
-2456
1632
1181
-2692
289
185
926
3153
949
657
1619
3441
-1402
4807
2068
-2901
193
534
198
4624
-1631
973
4451
3169
-47
993
3423
-11
-131
1063
-365
4042
-144
912
2058
1677
965
1564
469
-339
85
851
373
-680
1071
628
-1061
1177
-595
1268
1078
-302
-56
405
297
29
1057
1429
-2350
-899
1673
345
-303
110
-267
705
932
72
2666
821
-65
1044
3388
1006
75
1083
177
794
973
-316
2731
2089
822
3666
830
-875
633
363
-1196
-1000
-1277
-1307
706
1798
-1055
-554
4077
1528
-275
-504
182
-238
411
772
2084
1669
823
283
645
732
1357
1202
-633
-334
950
2023
3237
1962
2289
1124
659
631
1078
466
-1268
-791
1039
2475
1586
2694
4479
3477
2357
587
284
615
-651
-33
-63
-732
1440
2384
-131
1450
2244
-1246
-2825
-511
-800
637
-479
45
2773
1629
-913
2388
3795
-24
-2493
-1557
-1070
-522
-3577
-1761
2361
981
-5060
1255
2372
-1250
-4430
-3236
-1211
-1130
-2982
1112
4118
4468
-454
3699
5060
-205
-4439
-2548
-983
-329
-1896
3249
2344
-298
-1942
1611
4311
3605
-5071
-3603
-1069
21
-660
84
1665
1326
-774
1643
4269
1872
-3080
-2593
-788
40
-713
-4613
-1836
-4784
-5917
-3139
-609
-3103
-3752
-2210
-344
51
-156
-735
-723
-2035
4012
-2143
-1507
-1700
-1870
193
-822
-278
-329
-1110
-492
5763
1064
2230
-106
-2400
-2116
848
-1168
-1164
-558
-1069
-391
1665
211
-189
1432
-3897
-2073
340
-1202
-538
-843
-1382
-2579
-90
2289
147
-1137
-2873
-1632
1286
1578
316
-1017
-140
-611
991
2285
3044
1830
874
-492
197
-812
-1707
-871
443
588
777
2516
3295
2285
2652
-538
0
-1843
-2145
-535
1646
4626
4458
3214
3569
3537
4020
733
-355
-1648
-1397
-506
2912
3336
1472
2222
1658
443
4432
3595
-812
-1573
-2499
-579
1727
-878
-3925
-2754
-4455
-449
1036
158
-1031
-2285
-2698
-477
3097
2123
-1660
3343
-1158
3153
919
2732
2151
-2479
-2554
-4289
-3061
138
-3664
285
-3958
-2016
-4054
-5800
-1393
-2059
-1651
-1552
1114
2186
2585
2064
1678
4170
3805
-118
-1290
-1921
-1782
-2027
-1445
-1534
-1890
-2409
-1204
-1733
-2214
-2644
-2426
-1742
-1772
-2053
2390
2817
894
3562
1640
-615
-987
-1736
-3044
-1434
-1481
-1441
-2321
-560
981
-3237
-1861
-60
-1013
-178
-3601
-1417
-1191
-1122
-1646
1378
-101
-371
-243
1735
-546
-2839
-3517
-1222
-1598
-1685
-3641
-2164
-1124
-1886
282
-1621
-3024
-6443
-3750
-1111
-804
-672
-26
-205
3022
494
1968
1416
484
-3380
-894
-131
326
-919
411
1022
1641
1963
1652
2092
1462
888
-178
430
1079
989
-28
-814
854
-277
26
-261
-1060
624
-904
-103
273
436
-893
-767
-2802
1158
247
-223
-966
-593
-845
-138
-716
-768
-533
-465
2519
5109
5614
2357
-80
482
305
-143
-1905
-2549
-1839
824
731
-257
1131
920
-959
-781
482
103
-1509
-1563
-2774
3014
870
-268
1993
2924
-3442
-1982
-521
328
-1182
-1624
-6999
1356
-2421
-1850
-233
2601
-4384
-1854
1114
200
-593
-1143
-3119
-1364
268
-3614
-2495
2790
-400
-180
301
-380
-430
208
-1013
-2182
-601
2753
1255
647
309
614
282
102
412
-1044
-1676
-1467
14
2048
-176
3122
3728
-140
1282
232
1252
-917
-499
397
694
2747
-982
2952
2160
167
880
-725
535
335
914
1213
151
2259
2778
1214
1163
1066
1229
-854
778
32
-273
-2822
-1411
863
-3781
-3265
-640
2068
1338
-1343
-585
-343
-430
618
-1371
1596
-2111
-1448
-121
960
-749
-335
897
1012
-687
-1506
-57
18
1536
1555
-354
-1041
-744
1979
2138
209
-779
-1125
-1029
-3318
-1618
-34
-240
-1268
53
1823
1134
186
-1450
-794
883
-1597
-3203
-626
-1516
-1132
1833
1470
740
932
-1257
-1668
-187
-2219
-1025
-1204
-2319
-2436
2275
1743
1880
-229
-2138
-1487
-35
-2009
274
-1428
-371
-3002
1032
1751
1454
-1633
1350
-905
2517
-3848
1910
-1258
-1450
-1994
-436
1623
2026
753
-2734
-619
1301
-8584
3766
2370
-5582
-152
1897
1332
1421
915
899
5039
2859
1815
4124
3253
2178
3069
910
1446
1105
135
-2878
1186
2479
634
-79
920
-1653
-692
580
1513
1203
971
-3153
44
-2869
-2789
2367
-123
-2711
-1131
1644
1759
1132
1203
-1004
-4861
-5069
-2217
-1270
-3782
-579
678
2497
1697
1911
3555
-482
-2858
-2426
-3247
240
-943
-1419
2803
2031
2344
2601
3518
2010
-230
-1295
-1191
25
1321
-769
2784
2448
1369
17
-532
744
563
1003
1194
1626
-703
397
-582
441
-1027
-840
-748
-843
-406
-1072
-757
-639
-231
-1117
-1730
-805
-12
422
448
575
-215
269
-1024
932
948
718
364
-28
-696
-275
487
150
-697
-965
-2072
-519
-403
-855
-74
606
-916
-240
563
-580
431
-564
-1995
-234
-456
-219
582
596
-1167
206
2196
-485
-1237
-990
-2021
-2133
-1518
-356
115
704
-1228
340
2121
-677
370
3107
1006
747
-803
-798
456
1331
-1610
479
2583
-855
-1435
694
-244
-812
-1306
304
-352
2216
-1090
965
4867
4240
1211
2356
5505
2511
-1505
1158
2966
2028
-575
1792
4860
2593
977
1702
615
1151
849
-730
1822
3017
-431
-336
2147
2204
2739
1253
4575
-6
3284
1011
673
-115
-876
-1257
-905
768
-1857
-322
4562
971
-1037
1558
-800
-957
-1422
-1821
-1309
1404
596
3115
1619
4996
752
2478
1313
-1013
-1762
-2343
-1665
1408
1803
1004
-422
1125
1122
4191
114
-2608
-993
-2382
-2232
880
2720
1
-1970
3420
2244
864
419
-3148
724
2650
1467
2302
1442
1046
1356
395
1593
2196
1616
1910
-100
1238
1567
345
2
-635
-1139
-2436
618
1657
754
771
298
1488
1333
213
2084
2230
1404
337
-177
2700
2679
1128
187
966
79
512
1346
-89
-1089
747
936
2398
1884
1772
254
1173
-1807
-795
-424
41
-1588
-277
-290
19
-505
768
-22
683
-1936
-974
-719
-1121
1160
-1098
380
-2490
-1505
-978
-103
1635
-1293
-2425
199
1094
-742
-864
-2376
-2667
-65
-129
-199
870
-1370
-1313
-1646
-226
-850
-348
-3291
1381
334
789
265
1479
-2293
-1186
-933
60
517
678
251
874
-1277
-2014
-103
1372
-1733
-1547
617
1134
1353
2069
1755
1013
50
-1884
-55
1169
-1840
3361
1053
-450
-1303
1434
-1885
593
-1687
-832
-117
1023
-451
-1792
-2653
1391
-1161
1524
-295
-5395
-1123
-69
-476
151
-372
-2051
-56
1231
-470
1218
34
-1641
-1562
-1869
-835
-273
-1299
-3446
-1859
-4609
-4969
-4006
-393
-2685
-907
-2535
1431
1289
2282
2237
316
-611
755
180
1259
411
1846
1859
654
1442
1243
1506
-710
673
3114
1037
1658
314
-353
334
1499
1838
1740
12
319
900
2075
3361
2791
1501
-567
1140
614
639
426
-577
-1088
-2225
-1413
-450
162
-595
-2474
687
778
1250
374
-1393
-1560
-3982
-3339
-2119
-1073
-1241
-78
572
1039
1490
-1174
-5774
-4740
-5001
-4430
-5214
-5727
-5137
-953
-2024
1334
2235
1510
3320
1500
1693
94
1310
-1936
2132
2250
-1828
595
571
-365
-1157
-3771
1936
-2525
415
-4227
1272
-1092
-2253
535
819
1047
795
-606
2248
-138
1020
203
899
-125
-247
753
547
364
-2916
-4194
-1850
-6269
-2327
-2088
-3608
-377
1592
716
628
2049
1889
416
-1094
-2619
-2885
2699
4947
1361
1840
454
-377
-1186
-1422
594
250
-4074
-2547
4431
1300
717
1065
656
316
172
1556
523
-145
-3457
-277
82
1230
2260
870
1313
1178
150
847
-1747
-731
-324
1084
1750
2987
214
1246
-1800
-241
-45
-905
-250
152
-1001
-1025
0
396
-153
-932
498
152
51
1679
1487
-677
-2495
-3082
-200
344
1919
976
334
692
713
2188
-853
-490
-389
-1916
-1770
571
2025
1416
300
802
1687
974
599
1175
66
-618
-938
897
1968
2325
41
787
1702
1640
735
3450
3027
2498
-470
2053
1765
1828
71
1142
1960
230
-1799
2137
262
-1349
-2972
2885
1523
1442
-28
612
1247
1853
-438
2274
-1090
-1459
-2513
4988
4358
1869
114
1507
2722
2528
2317
1294
-1148
1306
84
3927
3386
1064
553
395
2959
1769
2072
2078
-1948
154
1204
2537
2758
-704
618
211
1501
1910
-140
169
-2262
-1445
311
1582
940
-110
646
246
426
1253
928
623
2878
875
-1051
1337
1819
309
660
977
1405
-1052
135
596
878
-1441
2112
-2503
1646
679
74
60
462
2357
147
2236
2051
1148
972
-3215
200
2386
28
-421
381
486
153
-138
3427
-499
-2396
-1377
422
1830
-2058
-1547
-1037
-313
-616
-1855
-2125
-3022
-2437
-1787
-531
-452
-1100
219
467
-347
-874
-2101
-2516
-1689
-5233
-3232
-1572
-264
-707
1367
1477
1183
1071
-2266
-1554
-1018
-2824
-1525
-82
179
-509
1834
1301
1123
-1333
-4676
-4542
-4192
-420
972
593
389
-84
2066
1540
947
929
-787
-629
-112
2426
1835
1533
1439
-239
1786
652
2995
-4133
-5859
-2521
-2927
-1127
-2442
-36
-980
-133
1936
1803
4679
-392
-2362
925
1387
-2435
4082
3709
-763
-805
979
759
1232
-823
-848
-1392
-769
-1523
-755
218
-1419
-755
425
-726
1396
1534
2794
3311
3957
704
-850
1180
-616
-961
570
-813
393
703
-98
-3172
1279
-1414
-1256
1323
574
-528
1201
1529
-479
726
4958
-1370
2446
2042
-1743
2677
624
-85
1298
652
184
270
-1871
-3194
-4972
-1738
-981
1058
965
-300
564
-623
-1380
2012
-1699
1427
1657
-130
2279
1678
241
1374
2438
2286
1968
2422
2599
2081
1506
98
1188
3844
2064
915
36
-1138
-1041
-271
179
914
534
1131
608
758
1123
1330
154
-1132
943
154
-549
401
988
484
1230
871
138
994
818
624
-146
-1835
-406
-235
-1579
-799
2319
1660
-332
825
378
-83
-1373
-8
-1957
-4422
-3455
-2352
1657
1449
472
440
560
-551
-632
-391
-3177
-6006
-1125
-329
1774
1956
54
345
527
237
-3015
-1139
176
-5994
-1898
-2782
705
3653
-779
585
823
-19
-3447
-2854
253
-4062
-2151
-5265
1234
1961
-74
653
682
-172
-289
-961
-1964
-4865
-3819
-4038
361
709
-1045
1004
-610
-1375
-2495
-1822
844
2046
-336
-2569
-1200
-145
-1401
1018
-561
-2476
-2194
-1861
-400
2786
-1362
547
-77
-135
-183
920
-59
-2229
741
2552
117
-3863
824
1092
2392
2243
-3158
648
-613
-1396
308
-1832
958
369
1939
3431
-17
206
-2768
1276
184
-480
716
1533
3005
426
-44
3205
2490
-1326
-1445
1929
501
146
660
1412
3407
379
240
438
-1783
-441
-276
-904
-1215
-1335
-718
-1447
-1492
-1561
-2385
-914
-125
383
-1432
-454
-989
-821
-913
-2059
-1215
-1038
-1670
-2328
-1764
-1871
-651
258
-266
-862
-343
432
276
1437
-126
-1722
-2065
-2091
-1103
-161
-39
-384
760
603
808
1641
1720
-585
-2687
-2946
-269
-370
-521
-1438
-120
1245
1868
2406
3346
909
168
-57
-621
-448
-123
137
3833
5722
3809
1855
5412
5102
4178
-1068
-2336
-192
676
1114
6543
4476
1646
384
5270
1657
4148
1866
-861
-76
1082
3884
2684
-506
1302
3476
2410
-1277
2067
1867
-1470
-248
-97
1799
1480
983
1826
784
2057
2875
1716
1883
-2191
-343
90
-1047
-1106
1914
-780
-801
1182
2940
29
-1068
-2194
-521
-79
-340
243
289
2816
831
-1044
2154
326
-3173
-603
-496
-1085
-631
-1587
2179
2834
1822
1587
2919
-1530
-2905
-1472
-10
-608
-1439
-1089
2131
128
116
-939
271
-1024
-4535
-1269
376
809
1782
-1675
-1616
1217
2022
-321
-805
-2067
-1407
451
145
1119
-28
866
-1680
-1795
105
579
-1441
-1234
-1155
-798
-1320
-1414
-305
-2233
-1947
-1466
1503
1799
-1
-1682
-2183
-2513
-2250
-2298
-987
-2736
-1729
17
99
74
592
-1634
-2155
-2836
-2222
-2833
-2404
1973
1986
1403
2133
1824
839
351
-1440
-1548
-2387
-2719
-323
2863
-158
672
1073
1536
1785
600
-1305
-2692
-2399
-1132
427
2518
-2645
2265
3798
2721
-4006
-1080
1400
-1467
-2304
-327
1031
934
683
-1520
-1466
627
-1256
909
946
-843
-2013
-727
1789
3938
5859
3416
298
1406
6006
2913
1103
-547
-1535
-1826
-512
488
4984
2821
2061
1031
4978
1626
-1852
404
-1036
-2815
84
1546
433
3237
1056
1468
622
-1042
629
240
-1008
-2699
559
2318
3640
2459
4062
2740
1357
-241
1260
153
-1369
-2492
-2381
-369
2805
-3413
-309
-1690
-261
945
-603
700
-1064
-2295
-1856
-1558
-1328
296
595
-85
2095
-3256
1278
150
-475
-1854
-778
-642
-1350
2693
3123
1877
-1792
-45
-564
-1521
1030
-596
-215
-768
-1355
-1316
-1198
-461
-301
-1431
-239
98
-97
-701
-1955
-1492
-1972
-2478
-2858
-1096
-1165
-2147
-1896
-1669
-368
-1158
-1212
-427
-23
697
1601
2326
1016
799
49
-2006
-957
-1946
-759
-317
925
-1032
-4211
-2530
1358
1428
217
-1969
-1062
-1676
-867
-925
1993
-50
-3057
1394
34
1231
619
-1237
-954
-986
-1104
-1449
398
-956
-1511
-1931
-600
-756
206
-1866
-610
-819
1543
300
-2427
1930
713
-1103
-1555
-919
364
-291
-861
-733
-705
1419
494
-1190
-981
994
1947
-81
-1897
1060
-654
-1540
-753
-1827
-1248
-2294
1303
-3114
-2306
-1021
885
431
-1014
-1719
218
-1194
-371
-39
1334
-1283
592
-79
2169
1389
-1024
-1480
1218
3509
5308
1534
2843
-1763
2338
4181
4387
381
-1056
-1659
-199
170
-3304
3240
330
1767
-901
-2840
3501
1224
-1054
-1298
901
768
3929
1469
-600
-232
-1919
3447
731
363
-859
-1876
-1159
-994
1703
3034
-228
2372
4950
127
-1080
-241
35
1181
1675
246
344
749
-199
-1115
-194
405
-641
-1590
-1163
-112
-996
-728
1594
1947
289
113
812
2172
-749
-2662
-1305
339
884
1977
4143
3357
1232
490
1343
3320
890
-655
-1060
549
446
2710
862
1392
-1538
-479
292
1340
-91
-168
-752
1282
721
-1036
-566
-104
-860
-935
-1308
9
-31
630
-826
866
-2295
-2198
-2565
-4156
-5799
-2639
-1879
-2710
-1865
-1915
-793
38
-350
2093
1320
491
-3458
135
1605
750
-1423
-1525
-604
553
673
1978
1580
-2605
-3095
-137
1862
3024
125
-808
-543
1749
2108
3851
3304
27
-2757
1382
3389
2820
1010
-635
-524
1956
1544
-620
267
-44
-1558
-1059
1177
-3305
-1320
-1128
-679
1646
460
-3265
1365
4424
3294
3163
849
-2466
-3847
-2180
-868
1319
555
-1954
318
2637
873
385
39
-3561
-2085
-1792
-627
1226
1601
-803
2157
3981
2373
2967
-400
-902
-2522
-778
-1196
200
892
-584
-2771
-824
553
-1593
-4630
-1084
666
125
-285
22
-11
-115
-350
-441
240
-425
39
-119
-735
-760
404
342
378
20
-163
-852
-315
-314
-916
-583
327
223
794
1189
585
-1264
-1131
930
4
-2294
-2717
-2518
-1065
-372
947
1041
143
1042
446
819
2695
417
-754
96
-638
-1011
511
611
1277
-493
-1210
605
-197
-1199
-1027
1926
-1489
-378
496
63
-441
-3931
-576
-2147
-4356
-2731
733
-2156
-2899
-1589
710
-290
-650
-4777
719
3923
-2068
1179
2172
-6340
-675
733
856
935
474
-2704
2638
6451
283
3184
2835
-1365
889
-282
629
1407
362
555
947
3175
572
91
-568
2817
1278
866
685
1414
1922
694
571
3042
-473
5968
-437
973
1914
1410
518
1516
2293
672
259
552
3193
2052
1537
-2618
294
-424
-71
353
1242
1140
1919
3770
4678
507
-792
884
31
332
140
-122
-94
725
1058
343
-661
-1056
-160
1515
1270
1413
-140
-15
-231
1879
-393
-2611
-1500
-1073
550
-855
1287
924
1552
385
173
-496
199
1104
-69
-825
311
1144
-89
-194
90
280
-207
735
-1245
-107
227
525
-657
-2082
-1327
-1381
-1206
-864
-522
-569
-335
615
540
-1724
-480
-1117
-1261
-1243
-876
-1150
-1067
112
1394
2428
1226
-435
-1193
-18
-254
-1943
-850
-1005
-284
2789
805
2502
328
2441
1824
2545
636
-1276
-1164
-774
1111
4373
1738
3344
3746
4496
1313
1675
1331
-485
-1399
-633
275
254
-838
-1428
-47
-51
-2252
-3143
-2154
-153
-1206
-1197
1012
480
317
-473
-1734
3179
-780
-3386
-2557
-1038
-907
-1010
1649
2269
1409
1795
3964
3914
-740
1288
484
-362
-938
-2037
-242
-363
1230
2029
3500
2437
-1977
-10
28
-2067
-978
-1532
-595
-1872
-738
1397
1763
1991
-1685
-3145
-710
-1528
-945
-1401
-239
680
2031
2372
1832
2922
1492
-388
2127
-1478
-649
-513
419
113
-124
-414
-5531
-3436
-2707
-481
1682
-1354
-2254
-2231
-1231
-382
-1586
-291
-1930
-189
1125
-1777
-1976
-1287
-7
831
109
-728
-1235
-1051
158
494
-1394
-2704
-2239
-1186
550
1420
768
-952
887
702
1107
398
-258
-117
-1085
-370
502
963
332
1508
1863
2025
2460
-1253
-469
796
258
-855
512
1977
1639
318
-971
-388
688
28
-2548
-935
-588
250
749
2475
2640
4197
975
1743
4488
2579
603
-161
1323
1079
1165
2205
3945
1337
-3019
24
-329
-1339
-4476
-1909
1141
2222
1089
2392
3463
-3256
-765
807
-1946
-1041
-1418
-4625
2504
2667
414
2487
2602
-1299
110
2011
1470
-1023
1618
1002
1944
2224
-300
1076
2254
795
1252
407
-1395
131
515
-237
-1028
1810
444
1320
1430
-618
1285
-4733
-107
-5393
586
-1653
-1113
1445
850
1635
3507
4234
159
-2345
3222
-2952
36
5630
1547
2941
501
1320
4044
2663
2117
-4229
-724
-4515
-115
3320
458
1978
-25
691
2960
2784
2445
-443
-7
-3094
2424
201
879
2309
67
995
672
241
916
-424
-607
928
2182
-2213
-123
2004
-197
400
537
-516
322
218
577
-797
336
730
1320
978
-201
245
-235
-538
-149
-295
-391
-756
-1404
-778
270
294
733
1124
-760
-967
-1159
-1718
67
-544
302
-467
-696
18
701
246
-1520
-1773
-1137
-2238
-2274
-2955
-1327
-492
-1794
-271
788
1007
-1767
-1680
1918
2491
468
2489
589
1742
570
777
761
1334
-2779
-4565
-2428
718
-1316
-2919
-1102
-337
-117
304
495
1614
-433
-1094
-1796
1068
2773
-3513
-2246
588
-885
436
374
867
209
-255
-226
-2026
-3322
-2989
2173
-3625
-3341
271
156
249
-16
-1542
1695
5610
549
5656
3551
1219
1205
-693
592
1145
1029
-2487
-2068
-1082
-363
-1377
-940
-646
2284
-112
847
2266
3268
-353
1962
1002
-220
1080
1222
138
3066
1293
878
2547
2356
-1460
-776
1063
-433
1714
876
-3242
2760
1191
297
1646
1918
607
1707
250
5408
3169
1390
1890
1410
1414
557
358
-736
1477
-258
653
-2720
241
3871
2007
2092
693
1617
1125
-328
359
1453
-175
-1498
-1605
-337
275
344
-547
2653
3354
1089
-71
782
-1707
-1437
-2307
-1923
-759
396
1707
2378
2190
1029
973
-832
-2612
-3564
-4674
-3946
-793
83
1549
2189
1423
299
2257
1075
-1120
-1900
-1418
-1138
-362
2143
1344
2548
533
-1741
-154
-1995
-1512
-1296
-689
-1874
-479
1115
-66
2850
-36
-237
2815
-3709
-2777
1042
-2547
-2762
1859
170
-1900
2926
52
957
6869
-577
-4824
-1877
-3152
125
4036
189
-1805
2759
-774
-630
1927
124
-1544
-3409
-1914
-1063
-1685
-2562
-1510
2519
-308
-1901
-1221
-351
-369
510
-508
-1969
-2687
-4133
-628
2396
1632
-774
-1714
564
315
-2312
980
-152
360
-374
1128
2177
1375
354
-747
4352
729
-3075
349
901
-965
-156
242
1895
1169
-259
-2300
730
2071
3342
1867
-1933
-4564
-4110
1344
1772
1745
587
-3127
-3885
-763
-440
-2761
-6677
-4893
-1573
3468
2136
2554
543
-354
-865
-1205
-639
588
-646
198
-221
1901
1843
1921
853
1712
447
1411
1036
312
817
1218
770
1613
1148
1690
-1743
-2217
-1521
1505
3084
1655
473
101
-1173
-723
894
138
-3053
-3004
387
124
888
68
-845
-771
-2852
-2252
688
224
-1645
-99
472
-1947
-3058
-1566
-1300
-995
-2894
-2498
730
-590
324
-505
698
877
-2529
-355
1256
27
-875
-2337
390
-734
-567
-948
3208
-3707
-7133
-1075
2279
-2150
-1571
-922
570
-716
-254
-563
-2702
-2006
-3981
-2296
-3497
-1097
-1771
-2049
364
-1310
-428
-2707
-5573
-3227
1988
-934
-6837
-2139
-6
-929
417
-849
-1692
-322
-2310
-2443
-467
-326
-2944
462
-108
182
761
154
-802
-787
1417
-2128
-475
1209
353
-1425
1128
-137
1261
237
231
727
-44
162
279
1391
-2521
-1160
946
-50
792
407
-1426
319
-2221
-565
-1047
-705
-1905
539
914
562
856
619
-822
-158
-745
-2342
3721
2079
575
-6
685
1056
522
1330
600
1222
-38
-1201
851
2256
1980
5555
1050
1196
-353
705
-470
17
356
47
601
718
1022
723
391
-914
576
2003
499
-749
-300
1026
373
994
470
1148
376
-401
874
1735
77
505
-1300
-180
1106
146
1058
2067
9
-488
1206
871
1205
-128
-794
245
-50
129
974
1554
1068
-354
1245
1420
3126
2780
1479
1476
-469
361
1466
3949
2832
738
1575
2375
530
1778
36
-1463
1113
838
-3537
-1637
1133
94
1347
1636
1293
1576
1413
1562
3220
1584
1947
1814
3953
23
1549
2111
2214
3859
-774
-2108
3085
-604
-3197
1993
3123
-1211
1236
1956
-894
2389
-70
-302
2864
-386
-693
-245
-74
-1893
1375
1735
-345
-500
-1552
-1232
-1788
-81
-1418
-2087
-2648
-2913
1243
2537
1090
-2922
-3675
-1971
3828
186
-4193
-2729
171
-525
1102
2587
2053
-25
-305
-1179
-3098
-1340
-2596
372
3217
-363
1787
4070
4306
2780
556
1453
-2224
-349
430
840
1845
589
913
1104
1254
-1018
-2838
-421
829
-696
-2726
-1938
81
-407
1025
563
522
55
-111
-583
-2020
-2100
-1308
980
1166
633
-80
-969
-1189
-1062
-2949
-2386
-2025
-3195
-2414
-469
-520
-306
-902
-2656
-1806
-463
-1154
278
78
-502
-963
-135
89
271
-641
-1956
-1960
497
2529
4042
1679
2387
2632
2099
428
-359
-818
-862
617
154
2610
4543
2786
3040
2917
3582
809
-1439
-946
-1230
-7
-503
492
636
1939
2384
-2021
-392
1052
-1637
-776
-1288
3371
4727
369
-332
410
1161
-1351
2625
4276
-1221
-574
-2232
880
1293
1935
-557
1649
-863
-938
-1427
818
-2142
168
-1927
-2104
4003
2864
1046
1351
-743
2236
3896
1208
-1516
-150
-3028
-3304
-1443
-1325
746
-1137
-1347
-643
137
677
-1106
-407
-3470
-2390
1444
-1482
765
4093
77
245
1271
1905
-1375
-701
-3656
-3410
1525
1296
-3222
-573
-1704
-367
1936
975
-2932
-606
-2855
-2990
159
3580
4381
5031
5526
4860
1971
-1169
-4202
6
-1756
-1850
-3365
-5486
969
6078
2469
-668
-2293
-4259
-4398
979
1681
597
-161
-190
530
657
32
1092
-88
-357
-368
943
350
637
-560
-1326
346
1605
3698
912
-880
-1435
-327
1862
2121
2272
-2281
-701
2378
1394
-9
135
1126
-716
711
2170
3361
1757
-2068
-14
-1101
-610
-1957
-1481
-118
-649
780
2278
3405
1035
-3029
-2311
-1307
-548
-910
-1452
-2602
-1312
1444
2166
2830
224
-1228
1010
468
1037
854
1871
-1217
1323
1783
1894
2498
-1069
-111
-454
1849
-1049
1597
2998
1880
-1525
1754
2027
2851
1846
-1306
1158
711
-875
66
4780
-1858
23
2325
1991
3703
3310
-1703
417
2285
1853
-822
292
-1730
524
3226
1961
4523
4611
-422
-2996
1527
317
-2271
-2582
-879
441
3752
1738
3075
2181
-4229
-2185
2274
-384
2544
-2431
-7548
-1855
2028
924
2310
2084
-1732
-632
-856
-1853
-1191
-708
-5283
-750
1340
452
831
178
1748
-967
-895
-1064
-993
-801
1830
-999
1632
-23
-73
1687
1653
-1384
-3885
-2564
-1856
692
779
303
1577
-1766
-2019
-810
-961
-1014
701
1481
1009
1401
-14
-436
-1285
-1702
-919
-2003
853
-88
-1143
866
146
-2530
-639
655
151
-1903
-1818
58
2010
-629
-588
716
2070
105
-675
-452
336
-2458
-1937
1496
565
1723
2292
3279
2553
1
-159
79
-163
-2719
-1195
979
1516
844
808
1210
1178
-306
1690
1801
-1140
-2621
-1088
1422
2497
-2592
246
712
-619
-3604
762
2516
-1576
-2794
-2332
4114
2015
-1941
-626
1758
2141
-3969
184
3608
238
-2769
-1276
1704
2309
-4566
-451
528
813
-2550
724
804
402
-2321
-1897
2793
6553
595
-371
7713
3002
971
3546
4260
-2
-2491
-2665
-325
4540
-945
-1033
2241
1785
-114
2613
1079
-955
-2347
-2624
-190
1607
-2119
-309
1010
-292
-2548
996
1074
-682
-1674
-1882
-790
6266
1061
-800
-1379
-1127
-31
4507
747
444
-2173
-2362
-1850
1874
3209
1043
957
5004
4633
2154
437
-200
-2229
-1821
-1594
-783
3423
1294
2501
1543
1885
-110
-2314
-61
-1177
161
85
447
1222
2479
3153
2349
4106
1421
505
537
-1024
-516
-1167
-1676
-76
714
1699
3811
2658
474
277
135
-1365
-2065
-1233
-497
182
-1139
463
1705
284
302
515
-112
-1553
-2575
-2048
67
1050
1429
168
2832
674
1202
2222
1239
-1400
-1833
-1028
1541
3129
3487
1634
4011
2903
2964
4635
1762
-1384
-1733
-990
313
-2198
1759
1469
1125
-940
583
1483
1797
-1457
-1630
-3950
-2030
-2717
1050
1389
-1071
-1698
-51
-4556
1878
-1296
-2341
-1404
-1132
11
1243
3326
2137
490
-2377
-33
862
-1050
-2733
372
-1308
-4455
2056
-2051
2378
-1856
-5631
-2112
1558
-1161
-2105
-559
-2522
-1002
-332
-3547
1227
2331
-1680
556
-215
-1345
-1759
150
-893
-674
1580
-2850
4989
1913
1510
602
-546
-1072
-1813
-391
828
3203
-1479
-5648
-2377
3519
2820
1337
1124
-728
-1561
-2068
1551
3689
3562
3963
-1832
25
2380
-217
1638
-1088
-3172
-2183
-773
282
862
-1240
-1341
1654
-736
-1359
-2631
399
2062
1295
-632
-1305
-2654
-2996
-3286
-1521
-871
197
761
242
458
-1733
-3494
-4010
-3114
-438
-1245
-2779
-3373
-1848
-1404
-807
-998
-1274
-2381
-1546
80
2015
-850
287
603
-1609
-2455
-1105
-707
147
-166
-234
506
2537
1993
1718
528
-1117
-1087
-1381
32
1236
-338
-812
2256
5100
768
71
132
226
-923
-1791
-1187
-1104
-687
-873
-193
2336
840
-1888
-3328
350
-1491
-1680
-875
68
-2682
-1373
-2153
-2022
-247
-1614
-3534
542
-354
-1657
-1990
-262
-2545
208
-1304
-2565
-3907
-1107
319
66
-2347
-866
-1349
-270
893
3084
1888
32
-3
4706
3989
295
-1850
-713
-1088
-512
-685
784
-395
-1661
-244
976
-217
255
82
-349
146
-124
2601
3467
-59
-1347
447
203
2512
1435
-623
74
139
476
2859
873
1610
3904
595
-5
2241
995
-1122
155
-237
-814
1359
2562
-181
3485
29
3734
1253
-747
-1723
567
1370
568
1369
2336
1640
6115
2718
2181
3073
705
-408
-382
1149
515
-534
-1070
-1681
-1637
-2047
-892
587
394
-971
730
2752
3621
1502
-917
-1218
-618
-1712
-337
1613
1216
508
77
2523
3452
373
167
41
1427
644
993
739
1937
1517
81
2954
3477
35
-1064
1044
1120
505
-887
-617
1399
2431
328
4111
1578
-1951
-4559
-1942
704
-1578
-2934
-1070
691
1662
226
3707
2050
-4342
-4943
-1446
686
-1071
-3732
-2910
573
3203
110
3657
1493
-297
-1546
2678
4813
3384
-164
645
571
3118
-215
2319
-92
-1598
792
997
2053
4643
694
-1061
-557
-986
4
2881
1193
-815
582
1762
-281
-112
2366
1144
-461
-300
226
1999
571
-542
9
-3462
331
-4635
-710
738
125
642
-353
875
-40
430
-1787
-1338
2536
-1728
-2376
450
-815
1277
-864
1053
934
781
-365
736
2980
141
-845
-1807
327
2109
-486
886
727
-1974
-4722
-1228
1485
-1309
-3084
-1674
2463
95
160
159
1189
-381
-3351
-1692
-3063
-1970
-2544
-66
1382
-497
-272
-1354
949
867
11
-785
-2516
-2197
-1015
811
811
1671
-530
-1459
1272
525
2469
2220
1254
1213
1100
1267
1236
1355
-458
-729
-939
2084
2411
3656
-124
-1823
860
1868
1614
2345
-297
-968
880
1823
-948
-1834
-4056
-3805
-1903
595
1106
2026
-934
-1952
444
704
-2205
-2751
-2549
-2479
-2443
4
3231
2242
-1544
-2487
1441
1887
1227
-388
-1038
-517
-296
850
2051
2312
-1288
-1809
1026
591
1415
-2271
-3976
-2088
-69
-939
235
-1160
-1087
-2150
-612
-449
-765
-2011
-3703
-3049
488
1623
-34
-879
-256
-1956
-133
968
-2006
-2573
189
-561
-1201
1146
1757
452
108
-3091
544
674
2211
-120
-2108
2815
1770
1359
1179
53
488
-2504
476
476
-2357
1305
-2866
2352
-129
-459
1561
967
596
-2287
-1066
-121
-108
638
-849
832
2501
257
699
-476
866
-1856
-1045
-370
1078
3566
-1069
1968
3917
120
221
-2247
203
-1186
-492
912
-1321
302
626
1523
269
-866
-643
-1545
-1348
-1802
-1743
-1913
-637
-87
-396
-325
-1560
-1389
-1042
-689
-567
-1633
-1880
-1496
1765
1114
1977
2295
1191
-537
-2239
-1448
-884
-1630
-31
1589
2608
4221
3998
4194
4468
2588
580
-122
-883
-1327
437
1576
2061
1674
3272
2926
2229
3036
2003
538
-754
-794
1266
1167
2535
1411
1899
2196
3302
-444
608
513
-415
-495
446
2757
1598
2099
-212
-911
352
1732
-1529
1238
-797
-1192
-900
-539
-198
3396
271
1576
1758
2603
-76
640
-481
-1077
-1001
-1973
-212
528
-3264
-1744
3052
-714
-549
758
-626
-1076
1102
3184
3833
301
2110
1158
6729
3880
852
31
-814
-1299
1444
4631
404
545
3629
1794
3243
3587
159
453
-785
-1493
-1621
-513
-4659
226
-988
-683
-69
-2129
1011
584
-684
-1341
-1559
-716
-2111
-2995
225
-2408
-3061
612
949
-466
477
-845
-2
459
1483
1667
548
950
1307
-666
-1466
475
-210
-1300
-1191
689
-1915
423
3449
-439
-2492
-2882
-2145
345
-1594
-633
-1764
-1271
-1553
-1749
-3127
-2684
-3303
-2346
-1548
-1931
-1226
-454
872
-141
-1305
-708
-2335
-857
-3842
-1885
-464
-193
-1093
1139
1459
-168
-606
242
52
363
-590
-1875
-194
261
-1611
1789
1470
37
1949
2939
1937
3586
3684
2040
1322
2577
-1073
1641
1693
683
2569
-1313
814
699
242
-532
-92
457
-592
1361
921
-972
964
-1748
-3004
-2227
727
-3940
-1388
-763
-515
1318
902
-2758
1520
1277
636
-2102
1076
-3506
-229
748
-364
1179
1302
225
-1278
2826
559
-467
957
1646
710
913
-1101
1641
414
-1258
-509
-473
-2982
-1679
1865
-115
-917
1904
-859
1861
3033
-82
1247
1620
2005
791
1163
-678
-257
1739
-794
1520
3392
-589
417
287
-2098
1200
1276
-2655
17
3971
-1390
1286
3856
2144
1081
574
-1792
-2018
-2250
-1704
3229
3408
-1939
1196
2458
2350
3745
1453
-1360
-3444
1779
1326
4272
4169
-2371
224
-248
231
2359
629
-1641
750
2632
-462
1440
1779
-1614
-1235
-56
-606
-2309
-2128
-1049
-660
-753
-2040
-1300
-624
-306
191
-512
-1747
-2435
-1789
568
1341
123
-2565
-2703
-353
321
262
-1236
-1460
-2051
-3456
-1661
-602
-2045
-2091
-2193
-1888
258
529
-459
-836
-391
735
1818
644
1163
1198
475
-1037
-63
68
-1975
-2695
-1191
2117
1778
-827
-3343
-799
-282
-610
-56
87
400
590
-151
1066
3022
2170
-45
-1134
787
-199
-146
-668
-2370
427
-1559
2720
1688
-46
-1791
-1072
1804
-517
172
-7
-703
-1311
-660
-771
4086
-2864
-2516
-293
-968
-2561
-245
531
-1413
1435
1517
-1565
-2744
-1256
-2954
1259
576
-313
10
2031
788
2322
1921
-248
-2099
-1991
2425
4783
3412
1685
-119
1022
127
422
1265
-643
-444
-1874
-1339
1348
2324
547
-338
370
-32
55
1272
305
-242
691
1179
18
3707
-482
-729
637
-759
-1550
397
2842
2685
3960
1665
-1775
547
-317
-958
443
1059
1225
487
1039
164
1385
2676
2691
-2346
-2305
1620
1037
580
456
1243
1759
1724
1394
659
1531
1126
502
-119
-1993
-122
-2464
226
386
1210
757
1312
-536
-409
81
-1221
-2538
-1258
-1116
1199
2816
1435
2934
4316
4146
1469
-188
-1059
-1634
-1067
1489
2382
3771
2946
4152
1861
2853
2954
1699
-976
-1908
187
-898
1476
1325
1004
2532
346
950
2066
2980
-834
-1982
1758
-3630
-1192
-2009
-5954
360
-3722
-3427
1482
2984
-970
-1061
3401
-2066
-698
851
-43
1240
691
-3411
990
3991
-865
-1011
1248
48
-348
-1041
-247
-1891
-2070
-2492
-1589
2608
-652
-1462
-1637
-335
4799
-1291
-1651
-1111
4400
-1395
-3210
1711
-913
-1722
165
-567
2150
-3338
-2770
-2402
3330
70
-1225
1087
-1502
-1932
-86
1231
461
-658
-1582
-2486
-1401
1506
78
120
-1375
-1797
-954
509
700
-1630
2326
1285
-695
1824
-793
607
-709
-422
-91
-1179
142
2372
1419
2992
719
-3963
-3330
338
-641
-429
247
-2457
-3904
185
2200
163
-4311
-5850
-2832
893
836
-382
-1444
-1631
-117
70
1285
1633
773
-710
-184
1144
-52
-443
-1753
838
2007
792
1635
2291
1333
568
1113
1485
-242
-1460
-1977
919
-157
143
-503
-1312
-176
123
-1124
-369
-438
-1448
-639
2281
2025
1125
28
-117
1475
2511
-316
-403
-874
-1694
-1679
1607
-661
-3622
-1942
-2321
-2789
-33
823
-1508
-1218
-2206
-784
-1503
-1230
-2252
-642
-4487
-4058
-1352
752
-1458
-1233
-3057
-1181
-3034
-312
523
-1614
-3052
-596
-2853
-1160
-720
-1190
-3790
1617
4613
-1060
756
3852
608
-1577
3290
1682
-2505
-952
-2719
-2759
1660
-573
-275
4980
-52
-44
2837
-104
-1521
-394
-1231
-2481
1034
2664
1717
2807
-970
1948
837
968
596
-180
-732
-3845
-616
4447
-1811
-3932
-2053
-618
-1259
-990
177
284
-610
-4285
1166
1939
-1519
2234
-1779
-958
1421
-1035
-822
-63
-1506
-3942
-821
19
590
1000
455
-1559
691
-2716
-1869
-131
-55
-1039
-1770
-1898
1234
-1027
2083
1765
-906
-3708
-1672
948
349
523
407
881
1856
1928
1404
926
1014
385
-839
-1534
-1886
221
167
2395
71
789
251
-1910
-916
480
-449
-1028
-859
-608
-230
-1338
-2024
-2797
-3344
-2373
-1002
-248
-554
-929
-333
771
614
-487
-158
-186
-438
1613
880
-86
-663
-894
-70
2321
-594
-2774
-3276
-1754
-930
-2079
-45
-1267
-1949
-796
120
2257
3319
1192
1457
1958
2850
-1184
1618
-466
-504
-693
-655
2767
-6315
-7644
-5750
-262
-5830
-7286
-9202
-2878
1209
-690
-1434
-182
833
-2723
-1258
237
-4885
-5574
-906
164
585
-371
-1672
688
4151
1183
-40
-1278
-988
193
1764
1480
-713
-273
-1432
209
2157
1764
3327
-1646
3791
5253
710
443
-1885
-188
-922
-771
3860
905
-1285
4162
-3658
2165
3680
-743
-707
332
-225
-1276
3557
541
-1488
1157
628
2125
4696
159
1375
333
-386
-1082
814
528
-3108
-4365
-267
1243
1899
-492
205
-192
-737
-2238
-1066
-187
-1118
-674
-1132
1315
-2128
891
-13
-1661
-230
-887
-221
-747
-1739
-2271
-1562
37
-80
-807
-1663
-382
-277
981
1308
-199
-2439
-1760
-2952
-214
525
79
-509
-125
351
1871
-294
-970
-1268
-1563
-1191
31
-1359
-1045
109
-83
674
1758
-110
276
115
-1205
1207
2016
344
-155
1256
457
33
-1605
-982
3537
836
1640
2406
2610
386
18
-534
390
-326
-1632
-5180
1341
-5417
-4566
-1872
1200
-4609
-2147
-1458
943
137
-95
-1486
-4084
-4607
-1910
-3691
-2266
-2992
-1812
-461
345
30
-1214
840
1926
-309
2334
-950
1871
2865
71
-5
-27
829
-1633
-957
1257
-222
-2466
1463
-795
-1819
-1430
-194
-91
2346
305
1093
1338
-571
-133
388
241
-37
-517
-203
249
1825
1271
2184
2032
-1158
537
-3807
-990
1718
-2577
-388
-204
1272
1366
-861
1332
524
-992
1441
-360
-1501
-2291
-562
65
448
2728
2366
-1927
-3092
-4213
-2619
606
1321
722
778
252
-522
1563
1754
4018
3584
3074
3676
3332
2469
3260
331
-1370
-1028
613
693
22
-2208
-3160
-1788
-867
573
482
-855
-1399
-110
648
441
59
-1504
-3468
-1211
-333
1244
1325
-530
-1825
140
-496
229
-764
542
1655
3555
557
-2075
-58
-1456
-1626
-345
-414
-1820
1098
-864
-2558
-700
-798
-2293
-2019
-264
-1901
-347
-83
-1258
1668
330
-1485
410
-929
1286
373
843
-1649
423
-325
659
647
2412
-965
2954
43
3409
843
64
-1715
346
-1458
-1327
1358
-1873
-1666
-100
1823
-1518
1346
-1493
-1637
716
-2256
-1303
2183
-1632
-2034
154
2551
-532
-807
433
-1203
940
-287
1678
1021
387
3972
4707
4089
1045
152
361
-1449
402
-1098
-2889
-4231
12
456
1829
-3237
-3052
239
1154
-1203
1118
807
-4141
-851
-1567
624
-4003
-1970
-1780
892
1300
-1090
756
1622
-861
437
2748
-143
98
-1063
-333
2951
1596
-1447
4
-97
-1113
-1592
-1088
-1531
-2870
-482
-223
476
645
-2615
-1600
-601
-2141
-954
-875
-1180
-834
112
98
-1039
-700
1987
1879
402
225
-493
22
-633
179
-581
-1144
-642
783
144
-737
-616
-873
-394
-7
-1601
-764
-879
-372
-442
324
-54
-641
-1343
-1090
2504
-1644
-3674
-4954
-1398
-741
-903
-700
-530
-1692
-552
3223
1384
-2228
-2149
-2268
-1387
-560
1134
-1522
-608
-1793
546
3608
1714
1145
2050
414
1438
1830
1461
-1112
-801
-1662
1395
1526
-1438
1861
4307
448
-368
-271
1298
1799
-953
-1901
-121
-1815
-890
2594
2239
1393
-346
-1301
1419
1964
-1106
-2371
540
-146
-1063
-203
-1176
-1767
744
-1131
2371
-266
-1242
-1430
-331
-420
656
-57
-1629
881
1125
-100
-1462
-1114
-673
-1175
-267
2058
-251
-6036
-990
-1278
-782
168
82
-551
-631
-1034
-1621
-133
-2011
42
-1517
1736
1764
438
-650
1144
-391
362
-472
719
419
1524
2928
2110
8
297
1242
2338
-320
-63
-1632
-2616
567
-1763
-346
-1583
417
786
825
1527
-509
-545
-1092
-163
2314
158
-1487
938
1486
53
678
1383
-1067
195
14
-1551
-1682
-1163
475
570
214
476
-240
-427
-1317
558
1320
511
521
-904
-69
1562
368
1564
1496
537
8
1927
1915
-71
-442
-1883
-1215
24
-2672
-1741
274
70
171
1665
881
-2773
-1632
94
1335
758
-1278
-1883
-1139
336
448
1823
-682
-4235
-1806
1930
3786
697
316
-2074
-3059
208
591
1381
-2824
-2614
-2774
4045
7144
-678
-1167
1850
-661
-770
709
1380
-1003
-2700
-4109
1477
5677
-998
-2993
-854
-1308
-2334
663
664
-1870
134
1965
2082
-2926
1428
2926
-927
-2464
-1932
753
507
-2051
-734
2092
-476
408
-2769
2976
1389
-2814
-2285
-20
315
-2870
-500
1455
-846
-1678
-1564
2684
3702
-335
-2393
-96
491
-996
402
-562
819
-1542
253
-1653
-1425
251
-1404
-731
54
-1329
480
-3918
-4865
-1826
-2963
-5284
1570
-1361
-725
-844
83
-1326
-2424
-1588
163
2055
94
-3499
-1004
-2651
-507
577
2174
2327
1427
-2241
-259
142
-728
-601
-581
2107
1270
1081
861
70
-1392
-361
373
-1027
-1903
-392
294
-450
-1147
687
1031
32
-683
439
2965
1054
-1914
210
627
-88
-843
1178
1965
228
-225
-47
1970
2460
1142
1459
1861
1460
210
941
1347
1323
2481
1606
1052
1917
2871
2043
2937
640
-276
1204
1720
2317
1914
523
1791
302
475
-1008
1238
1504
561
1211
1495
776
-2314
-903
-2503
-1207
-1473
-1828
-219
-740
151
1055
-209
-1731
-6248
-1408
-2457
-3464
-3597
-1426
-772
-967
421
951
158
777
552
1388
2343
-1054
-1108
2543
3970
3117
2429
948
1197
-257
3438
-402
631
2091
-1229
-1034
3103
3355
1231
745
1070
-79
542
-3503
-2850
-2372
-3061
-2409
-182
1179
-587
781
554
-569
443
-2687
-2456
339
-4415
-1798
-369
33
-1726
445
197
-149
157
-2153
-1278
-2159
267
-953
-3032
2517
-1256
111
-1003
-829
135
-1862
-145
2350
3295
-2593
-777
1142
-1395
-1021
-1219
-1396
-1829
32
-720
1637
546
-2059
-1623
-249
-2716
-164
-982
-881
-1086
-594
-576
-338
-556
-770
-208
-333
-391
123
-540
298
1674
1878
3683
1014
2811
2118
1618
1987
-151
-607
-999
1604
1956
3292
-993
-4056
-3951
-231
2935
3976
466
-553
-184
1909
4195
1626
143
-1185
-1199
-1144
1792
4298
1994
-674
-29
2553
2328
1758
-736
652
-432
375
1004
3146
3082
-644
165
3292
-1311
2772
54
1626
-2171
737
-1237
2114
1669
-390
841
-402
-925
1476
122
-1472
-488
206
-3682
-2896
1545
-366
643
-18
219
1096
474
1466
3172
95
-2024
392
1433
-430
1009
98
-200
-259
1218
-1248
771
-1257
-330
-808
1297
49
232
-198
-234
1014
1163
188
761
2246
1513
-138
-528
257
190
1224
-708
489
-22
-1155
-889
-491
1244
-1936
177
193
-170
1578
-16
916
4771
5686
2392
1021
3214
-760
1613
-14
-426
1426
331
2236
143
-4661
-2500
-2410
821
101
1559
-764
-905
680
216
-611
-1308
-1864
-313
-822
-1855
586
984
979
21
-239
413
-98
387
669
676
-827
-726
-516
102
-30
-838
-428
134
2294
2151
3282
2140
1852
1920
-237
-115
-659
-1819
-898
545
3240
3187
1725
323
1166
3948
2693
182
-576
-1389
-1071
1107
727
218
-875
-1194
-291
-1544
1587
-542
-864
-1166
460
1536
954
1114
374
346
684
-531
1276
-478
-1319
-1820
-1521
-2451
444
1900
-1214
167
1354
-2752
-1963
206
-1330
-2085
-1938
-410
1431
3657
-374
1919
3910
1529
-960
-709
-1015
-2222
-2012
-1508
1073
3029
-1363
305
2362
1461
-962
-776
-767
-2720
84
215
2902
1540
-2108
2036
2288
2124
395
-152
-635
-2307
-1773
-387
-696
98
-1566
-748
-2425
-1674
-202
346
-646
-2518
-1205
-1163
-1914
-1043
83
346
-2930
-3152
480
719
-872
-2188
-1964
1056
-44
-2723
-2684
-1559
-772
-1556
-1926
540
-700
-2773
-2389
-890
-491
835
2477
1460
-567
-1137
-770
-63
-563
-2514
-2079
-1397
-649
273
-139
-647
-798
-902
-1383
-1440
907
492
940
1126
425
1438
1362
-799
518
712
-49
-21
1480
968
-599
-105
-1768
-684
288
-593
-2784
-2145
-1096
-434
1194
565
-1053
-2165
-870
378
-264
731
-159
-2744
-1636
-1361
943
-325
-840
-1118
1453
2750
1254
2885
1062
165
-788
-2177
790
-1267
-2567
-926
4948
1205
-703
1339
1518
1431
-880
-4581
667
-1017
-873
669
-941
323
2143
-1822
-1295
1738
-1452
-4815
361
-1362
-132
-1572
-599
-2408
-2427
-1618
-3903
-199
-893
-1672
707
-1138
-133
-354
-44
950
-3902
-1561
712
-885
882
-2072
168
-1230
-1760
-51
-144
-2114
-1319
-32
-1197
-583
1078
-1965
701
-97
-414
1380
3314
-53
745
-1504
2156
2244
570
-1800
789
-140
-566
-365
698
616
-2954
-940
239
-837
316
-2
638
-888
-1765
-1798
-1811
179
-373
-1113
110
1265
1110
-353
1828
560
-148
-253
2754
1517
647
2364
924
2555
3092
1056
401
355
-331
-2327
-199
2013
-2539
963
-2160
984
684
-1196
-105
-182
-49
272
582
-354
-377
1123
-206
-118
-709
-774
-410
-144
-968
-1540
-734
-2286
-1870
-898
-46
-189
-819
-95
-187
457
38
-1996
-3224
-2219
-1648
66
316
-16
-458
-835
-126
-384
-952
-4004
-2984
-2679
-2662
-4282
-2132
-828
210
-191
-728
-686
1004
-133
-313
-1080
-498
583
714
718
2247
802
-491
-692
801
-996
-1521
-2130
2727
-357
-1691
-3294
2429
1185
-381
203
2105
-52
1335
421
2859
3549
1530
-4191
2556
1193
-591
820
2552
1293
-1915
-4275
1874
362
-4078
-4566
895
2577
-450
620
3350
2271
-369
392
4034
441
-1159
-1356
3183
2074
-117
904
1779
2928
131
-579
-308
-3600
60
1400
3377
1140
263
316
1119
4336
3438
-3942
749
-5117
395
5781
2553
-181
-57
-332
709
2368
950
-3509
424
-2810
-1456
990
-425
-1302
-673
78
226
999
2141
161
-1068
-213
-1493
-2858
-636
-1677
-1190
-692
325
160
-822
-3017
-2770
-3335
-983
-683
-1082
-152
-1354
-1125
-1218
-1442
-1480
-440
-91
207
196
435
271
-986
-929
-47
1222
-812
-848
1060
2535
1620
1149
257
200
359
-478
690
-208
-1274
1290
1512
2405
275
1622
-679
-874
-163
-641
-385
230
2149
1646
2999
2837
3075
1581
-87
83
-829
-554
239
2056
1853
2635
2099
1746
1449
368
-818
32
-557
-317
767
824
2235
5864
2792
-310
1765
4642
2499
-2062
-2111
-341
155
2771
1590
867
80
-578
742
2758
2960
-10
580
-543
-219
1886
-891
1474
-932
3732
2816
377
-497
2063
-189
-511
-1576
-515
2949
54
1804
-162
2681
1227
1245
1623
120
-549
-2319
-2189
180
1192
585
2569
408
1575
2316
94
-1239
-936
-2112
-2147
-1226
1254
-2210
-719
-1527
-372
360
-3162
-397
-982
-1823
-1352
-3370
135
-641
-2024
2544
819
-710
94
649
-920
-1070
-1475
1011
1807
-925
1235
-2179
80
3433
3791
1385
-853
-1058
-2541
-631
2696
4288
919
2873
3215
1002
1856
-421
1663
2594
3143
1274
1101
880
-531
-1192
200
1304
2255
1424
1418
2650
631
1128
526
-1625
-1233
-3874
-2395
-888
2145
1836
1845
2055
-127
985
-502
-1370
-2912
-2075
-2603
-1891
278
1437
1090
1184
134
564
-532
-228
-1303
-1997
-1166
-2138
-1256
600
922
817
-1387
-1192
1728
2517
2151
2418
3554
479
-2192
-792
664
566
-1881
-1271
548
-13
3513
-1008
-1475
2516
-2142
-3098
875
1236
-1774
1889
-3632
-1856
3760
-4670
-4131
3299
-961
-1425
804
801
-1702
-647
2481
2009
-722
-1510
1387
-801
1407
564
1243
-1647
-78
995
-81
1494
4764
225
-424
-1238
1464
-667
1034
-1834
-1692
253
357
2040
2782
321
1302
-671
179
-327
1032
-1055
-1555
-1445
910
-1149
-3326
-2197
2083
-87
1688
-381
1182
-465
-2017
2745
-517
-1566
-5365
-3005
-1726
4512
3071
-2118
1155
-300
-1895
625
-139
-546
583
-662
-3827
3247
728
-2328
1120
1090
-2202
-1173
983
2155
1658
1672
1266
526
-2746
-1962
-1114
-223
-1312
-2246
-1262
-955
-517
-1219
-1602
-1942
-1722
-757
-615
47
-1940
-925
77
475
311
-374
-550
-1789
-1004
-939
-707
-451
-2655
-2572
-2636
-2042
1556
2488
-795
-2298
-1531
-877
-660
-911
-3551
-4449
-2942
456
1069
685
171
-2661
-3850
-1846
-1036
-1935
-2615
-3143
-1731
-248
-1407
434
1077
1625
-2292
-2058
-1144
-1262
-295
1543
3042
3492
1057
3548
3072
6980
2078
-1877
-793
-971
1453
1940
1238
2146
-2132
-607
998
1988
2587
408
-616
-1081
-1095
193
-550
-639
-1164
1054
-2471
2476
1511
500
-509
-542
-2204
1818
2844
380
1209
3803
3413
4142
474
-1630
-707
-426
-1573
474
2914
360
2585
2680
5617
1210
-626
-863
-619
-130
-2080
-929
689
-44
5107
270
509
865
-577
-95
-480
118
-1305
-1531
-1275
2327
3557
3111
-650
-2642
-369
-543
-244
330
-33
-53
-693
809
2731
1687
-458
-1178
215
233
-602
2066
1869
854
579
664
1003
790
1052
207
504
973
-661
1182
516
125
-207
748
2845
3995
2032
48
-701
-764
-303
436
-310
583
994
-256
1942
2622
-612
-1642
-555
-1069
-275
437
530
946
-1220
-1639
-822
2571
202
-2492
-1210
-499
-290
892
1734
247
-428
889
69
1948
1830
1197
-475
-867
-515
343
2096
528
1504
1762
2210
1747
1769
2332
3041
409
-580
909
2082
-2119
-3357
-695
1910
1320
-1717
-2164
2472
1715
-464
1078
789
-3034
-4618
-4883
4082
2017
-3721
-1231
2467
1769
-131
1493
1318
1241
-1650
-3281
4389
2403
-1563
-602
1295
1656
-172
1185
2390
-1526
-1816
-2702
-4406
-1275
-2509
-3327
830
-18
-175
1527
1449
-1193
271
912
-204
1223
-68
-818
1202
-736
-115
1517
148
-982
-1340
-2469
-3370
-1270
1384
1280
2115
1007
-191
1000
1585
-585
1086
2967
1458
1660
79
-2877
1902
-83
-533
446
1483
2018
-638
1102
-798
-1451
-2340
-160
722
-136
-47
-1208
-104
-652
-3100
-2112
-2410
-3896
-3634
-1634
-590
-1112
-188
-378
-891
-2269
-687
385
77
1273
637
858
520
219
-135
-1527
-990
1169
66
-2387
-1431
-1665
-179
-11
246
-325
-430
-2464
51
2550
-71
-75
-1445
-1020
-1152
-440
143
72
-451
-2032
1801
2334
1120
2557
1087
-634
-446
986
2455
539
-811
-1438
4438
1880
-760
29
-167
-1865
-2404
-908
1877
991
-1074
-1699
2941
3084
-1179
-1921
1599
-2431
-1379
-872
2437
1411
-847
-2288
3699
5672
587
735
2543
270
450
214
2611
700
-1030
-2478
1875
1018
2352
-1650
-3857
1750
2436
-876
2247
1477
-453
-2925
-499
857
933
773
-2845
-1275
984
1010
-1383
-434
-168
-3387
-951
3727
3118
724
-573
-170
844
3777
791
-409
112
-3081
-2943
544
4167
-1304
-4184
-903
-287
-1380
914
-447
226
-1342
-647
3013
3084
2324
-748
100
213
1803
684
1437
236
-1373
-1515
1658
490
285
-542
-1047
-347
782
-101
577
-774
-1374
-348
-461
2126
548
-1606
1210
-1072
-2832
-439
-1015
501
-969
-1478
-1019
-208
-72
1020
1448
490
469
-1771
-1536
-365
-1710
-1508
-957
1755
1881
4
-1371
928
727
-958
-2198
-281
-1944
-3008
949
1112
2341
-452
-1855
244
-25
-939
-1452
-26
-2007
-3708
1648
1296
3493
1639
1359
45
447
-163
-2608
-588
-2943
-3006
455
2228
-2322
-5982
-602
1831
1043
-1208
-1937
-485
-2234
82
-1962
-1075
-522
-2433
227
-2328
-3206
-581
-419
-334
-2043
-1288
-154
3705
-165
-3963
-1055
1323
649
-1104
-2801
18
-1476
-873
431
1292
-415
-2772
-40
1911
2407
-975
-2831
-403
-1570
-1823
-4135
1345
-617
-5464
-2975
2972
-3925
-4345
-2043
144
-2365
-3657
-2255
533
-4477
3731
-3933
1068
-596
-4020
-2558
186
-1446
-2464
266
-2279
-4351
3349
-5
-3123
1843
-3410
-945
47
-901
-2446
-1594
-515
-2076
2119
80
-273
-2236
-650
-1399
31
-518
-1518
1145
-137
3107
2968
3245
955
-1768
405
-2215
-597
-1184
-2040
-1317
-3221
3980
5544
6137
277
-1994
-726
-457
791
1023
350
-1223
-2894
-2630
-525
-1006
-1669
-2558
-1840
-1073
1356
-550
-1294
-2535
-2274
-1735
-2420
-479
-628
-2776
-3847
-2045
1262
-940
-2505
-61
-61
549
1204
318
-278
267
144
-347
1388
-372
-725
-4
-185
-919
-368
1062
820
-248
1014
-933
1025
-1026
512
584
3682
4058
3121
3596
4114
544
2731
750
589
-1308
-5
-1087
366
-1810
1051
1443
-427
-3881
278
1136
521
-1317
-919
-4427
-2741
-1117
1427
-2116
-4720
-9312
-1897
2203
395
-549
-830
-2126
-5541
934
4200
-1890
-5423
-6476
-1830
1048
144
-1716
875
552
-3905
705
5577
-599
-2376
-2643
-201
-578
391
-1261
122
1058
-1657
-777
955
-1517
-1981
1541
771
-677
1039
-783
174
4931
5233
1207
2927
-784
2097
4408
2494
-963
1152
-934
-1404
2314
2254
2547
1545
1827
1721
1304
-2
-1904
687
-1364
-3264
690
-2216
1728
4722
1712
-2961
1242
-1783
-2699
1217
-2
-1765
-1725
-58
-744
-1333
942
1932
4
-2613
-2539
-588
1790
1578
-76
-1227
492
-65
-551
517
-297
-156
-63
-766
3195
1286
710
1584
1539
1653
83
83
103
1180
2235
89
3319
3001
1636
-1092
-1443
451
1903
-1007
-650
367
3563
423
4122
3152
-1302
-1322
-27
2709
435
1551
-785
-277
4286
454
4912
1991
-3478
-953
-1199
-1042
-276
-1281
-2885
-2550
2845
1091
4894
2589
-1335
-2299
-502
353
-357
-3247
-3055
185
2395
1026
4891
2378
-900
3097
-1287
117
-71
198
113
1746
1882
1027
5340
4492
1196
1265
-2101
-2271
1118
262
-1825
943
2698
557
5154
4195
1101
-200
-5057
728
-3374
-1657
-2596
-10
1890
447
5394
3321
847
-708
1175
791
1783
-724
-85
-1498
3588
347
4641
4248
501
609
-3677
-163
-1638
-929
108
1165
2884
117
4025
5382
2876
-2758
-5501
-4530
-4629
-2049
-141
-208
1273
-795
1652
3245
1875
-3585
-6288
-2623
-1602
-4758
-2832
-1460
1120
-762
2081
2591
1124
-1232
-4786
-3018
-5624
-2663
1553
419
1697
-375
-1384
-1341
1756
1017
-577
-1326
-392
-1157
288
268
1565
916
-485
327
1586
-1124
-3873
-3533
-1126
-3408
-906
-363
2564
1520
735
2004
-29
-759
-2415
-440
-1985
-407
-86
-170
1047
1752
177
1
-640
-1005
-2252
-2674
-2634
-996
-244
-51
-73
1718
-115
980
2111
1364
1532
2439
1694
962
2526
2609
-148
1267
-516
167
-744
-1144
-465
-602
-1507
1618
1199
-42
-839
1455
755
3490
1889
-1209
2731
-1735
1640
-1057
-1615
603
1346
1529
-378
1690
-453
-7291
-3580
790
-2380
-6736
-2902
289
945
1541
470
1013
-1179
-2154
-732
2954
1750
-1160
-1446
2539
665
1723
-259
-1004
-2281
-1294
-557
-3709
-937
-1197
-2002
915
-255
1980
385
-367
1346
-1208
57
-3115
-1893
950
1760
400
1552
1949
516
336
1433
1294
-3762
-1029
-2908
492
1871
1842
1732
1098
-291
-769
1415
1415
-3018
-4436
-3665
2781
3417
417
192
2216
994
1094
2235
52
-2863
-4239
-2942
60
-416
1306
1139
-1573
-619
-458
1257
146
-574
29
260
-962
-880
8
-717
-2036
-786
1858
1197
-47
-109
3136
1257
-733
-1922
-1115
-595
-1789
-150
1575
772
691
1758
2438
2715
2301
2314
393
377
-2036
699
2772
1583
674
-153
-960
1015
1458
2735
1327
1492
-1694
902
188
-492
858
-25
-1536
332
2157
-504
-929
715
-1846
180
475
1285
1115
-382
-2274
508
5483
447
-1818
395
-1786
1016
3063
2117
-901
64
1659
1582
-335
-1096
446
631
-1613
1431
2296
1551
737
-439
-14
-1094
-240
-1182
842
919
-1355
851
691
-669
-1574
-2021
-5478
-2665
-1592
-2084
-1382
221
-1489
745
3035
240
-558
-3384
1096
-2835
-2567
-1446
-1003
566
-1911
-131
2725
381
-847
-1705
2105
-1009
-1727
-2804
-471
1496
-1730
17
1809
1789
1251
-691
-528
1189
-1924
-60
-356
375
-2126
-617
1069
1444
-306
-485
2993
1543
-1127
-948
-863
-1141
-1970
-546
909
550
1054
1703
4197
1096
-465
-705
-1056
-718
-1308
-143
1041
681
-431
-382
-823
-517
-1477
-799
111
1826
-620
710
759
-566
555
-283
-1238
-631
352
220
147
663
-389
75
-1575
-1923
-1277
15
-1338
-1578
-735
799
-279
-644
-358
-50
-1431
-3790
-4205
-12
1188
-457
-1930
-1264
-614
-1255
-130
-206
150
-633
-1308
1270
2171
424
-708
893
-152
-1123
-81
22
-512
1102
-2230
1001
4198
144
-4685
1866
-1660
-640
222
-133
-1812
-2659
-3441
-1531
-429
-3590
-4635
-1811
-3740
-1361
163
500
-1139
-3175
338
-1389
-4022
-1795
-1138
-1033
-1768
-1877
-202
192
-1069
-2540
-476
-229
-6555
-5036
-1128
-320
164
-1317
-520
6
-382
37
2447
-234
-2966
-1974
2919
1606
-403
-637
-255
328
119
449
-3697
-2356
-5424
-5734
-1003
-915
723
960
-161
-22
-498
422
1323
797
1048
392
2948
1218
2503
727
-71
600
433
795
-565
539
325
-2947
-659
1894
1550
-100
512
237
-689
159
779
-559
-101
1534
2222
2004
300
-1001
3282
47
-992
-596
15
-133
-501
789
-565
-888
-1064
798
802
-26
521
626
1032
1376
643
3101
797
860
507
1343
-130
-697
145
308
1776
-393
-1368
-1341
395
611
2185
1434
-198
-1096
-1400
109
-941
-350
-88
2322
-403
-132
1861
2084
-382
-2565
-771
2277
1740
-1633
213
79
701
607
646
1361
-721
-2365
74
-1477
22
-106
-937
-1370
920
-835
-1059
2227
-737
-1237
12
161
-728
289
3165
106
114
-39
-1444
1211
-508
-1921
-10
1078
-232
-1512
1063
976
-790
1577
2905
1406
-565
-1443
-132
4627
1708
853
-513
4448
913
3181
1762
639
-458
-2539
-4494
-803
-1485
-1899
82
-1341
-1472
673
95
-1743
-710
-2612
-3992
348
3019
293
-3896
3610
3432
3001
-2063
-2047
-269
-1259
-3122
-3184
4375
215
-2172
545
5026
-830
-2287
-1382
227
-990
-1455
-1285
1877
-2462
-152
-1348
675
874
-552
-617
1389
412
-32
-1048
1670
3187
-1095
1422
354
-3137
-798
124
-916
-646
-225
-378
-1103
-105
-178
-196
369
816
-667
-790
-1110
-1609
-2321
-2513
-1309
-1930
-1148
-579
2393
2166
-783
-996
-499
-1539
-1805
848
-71
-1002
595
-350
-602
1976
1835
-521
-204
-1475
-2074
-1902
-2793
-4061
-2063
-2172
-2385
85
-299
-539
-434
-948
113
-554
-380
590
1480
-117
802
927
-959
-1065
-312
-943
-1001
-830
-1246
79
807
-229
-3658
21
-479
-688
-153
-2104
-1769
1016
2833
3615
729
-1458
2891
30
-1816
-3335
-143
-3588
-1396
1931
2976
248
-237
-1879
3921
636
-1462
-2794
-35
-3059
-1964
2511
765
-1626
4614
-1996
487
777
884
-3355
-27
-1071
-490
3989
-389
197
-1435
-1633
-3697
1594
-1492
-1973
-137
-725
-480
3356
1498
-2726
-1050
-645
-1908
1254
1248
-1792
-239
-234
-1414
-1092
133
-2687
-457
-1377
-908
-1422
650
-2357
-435
-933
-1099
1937
1649
3260
6700
938
561
1461
861
-2097
-1714
-1788
-1146
1337
3856
1179
2999
2261
2748
2109
-1735
-1539
-369
1024
35
-355
-1576
-1762
-1520
-2379
-2929
-1772
-894
-394
-178
807
644
-1366
-1614
-3082
-2311
-682
-4977
-3759
-3035
-2136
116
1138
54
-1007
-2220
-2340
-553
-761
-3687
-1987
-1132
-1648
474
1858
2108
-830
-598
1424
1678
3555
1169
361
869
-600
791
1138
2413
818
43
-254
681
-643
-268
627
2700
253
1171
628
2709
1108
3433
-303
319
-569
2378
-1540
1264
7
884
1091
1997
1515
4350
1645
-703
1384
4950
-1383
-334
-184
941
1158
2028
4833
-1058
1188
3605
4459
370
292
3288
-284
281
1941
3703
4812
-2259
-441
-1210
1468
-2043
1178
3005
1631
190
816
2883
2183
2513
-2937
1597
-3400
2932
3433
1961
2002
492
1286
1508
1245
1532
-155
-2630
750
-483
1947
731
1852
897
1452
2193
-247
3639
-743
-1160
-811
1296
837
1483
356
893
1303
2277
2919
5626
793
-1785
1110
6084
3757
1257
1596
282
700
1162
1311
-1727
183
-4194
312
2118
762
1944
190
478
1877
2228
2161
1749
964
512
721
-59
1608
1817
1818
1029
2302
3908
3750
1577
1409
-1088
-1531
51
2338
3427
3200
1551
2239
3975
2062
-213
-1282
-1512
-519
-772
-5
2247
3548
1867
3070
2376
-165
-459
1089
2728
3452
1002
-1165
699
3104
1793
2814
545
-1590
702
1285
4138
1529
1050
-155
-318
532
1736
1805
-1682
-1463
-2051
-3122
2894
-1972
246
-4013
-1160
-943
1625
307
-1560
910
-232
-1972
1094
2007
592
-2104
463
-2940
1413
563
-2138
1633
-980
-3061
75
1723
-2617
-963
-593
-2774
1111
1744
-846
-472
-1097
-166
2806
-335
85
-658
-186
14
1132
2283
1423
-1703
-1053
-867
2079
-1637
-2103
-491
-45
1466
1242
885
1099
-806
761
-1529
5330
-3308
-8
-726
-1662
2032
1663
875
208
16
197
-710
-5992
-1569
2213
-3945
-163
1910
1577
1155
332
-1530
1599
-4351
-1130
-4251
-1054
1066
19
778
2122
1910
-278
-1347
-444
-1388
-2128
-3684
645
-456
640
-1572
-60
1104
1693
2545
2209
2230
1733
408
683
1896
1236
-130
-508
444
1712
2238
683
-59
-578
-967
-2591
-233
579
525
54
533
763
779
-90
298
-720
-1530
39
-595
-232
-489
22
614
1315
152
-108
697
58
242
-43
234
622
-966
-421
111
2049
2201
-179
3965
2516
2302
-74
89
1970
-610
-633
199
1923
47
-2954
247
-2892
-828
-2361
-2527
-202
579
-630
-912
38
-215
-1021
1875
-4580
1364
-3875
536
-1931
778
-631
-1330
-528
-270
180
5
-4857
2026
-3130
-2957
-4759
-126
-458
-320
1947
831
1063
2841
1782
2447
-265
-2150
-2122
-1119
-334
-532
780
3504
2494
123
550
-1080
-562
2172
1716
120
-493
-300
-726
2976
3278
1819
2745
2057
-2068
1856
2990
-202
40
456
-135
2601
1279
-473
-354
-542
-3042
772
1343
921
29
214
-1931
-806
-2429
3516
-1932
1369
579
-2106
-1944
60
-179
-29
-873
923
-556
-421
209
1155
691
2233
-889
-157
-6
-529
-1078
555
686
809
558
619
1338
1886
1006
465
-712
-332
283
592
2476
4209
1864
2690
3440
4381
3247
608
-1279
-1165
-304
-7
2665
826
-1128
-1001
-777
2848
3083
-176
-1363
-1072
-624
926
753
-66
-2806
-190
354
-654
360
127
-1681
-2102
-3572
-1713
-576
-1734
-4869
744
-156
-2124
-2038
-492
-1774
-2002
-1258
-2173
-633
2244
15
3888
-3443
-175
-1900
-3163
-2076
-2036
-748
464
-3095
-522
1508
113
-1041
-864
-1007
-2276
-1653
-848
2179
155
2028
3827
2960
2757
4013
-1382
2337
-344
-1498
-1526
-1345
-2247
-2683
116
-477
1872
-929
-1974
-4573
-1557
-612
-2288
-3353
-388
-161
228
-3733
261
1375
-3721
-3170
-3266
-375
-1780
-3483
1553
3416
595
-3236
2399
804
192
-2500
-3179
-304
-1172
-1392
2002
173
-6180
1466
-5014
-2536
3065
-1741
-1348
-370
-598
731
815
308
-3038
-3478
-3517
-945
828
646
764
-547
-225
-613
1130
336
-2410
-136
-390
-2127
159
492
394
-524
-897
-500
-638
967
1991
510
1378
1021
1345
1379
-27
189
-567
-1372
-228
1235
1091
1017
2681
2111
1469
1204
477
-496
-1916
-2081
-607
-2330
-2115
-1005
-31
-653
1032
0
-1776
-612
-2477
-3061
-3295
-1955
912
1040
166
39
-163
-415
-2273
-1190
-2093
-5608
-5343
-859
-1954
2025
10
95
-1167
-3483
-2117
-1358
-1978
-5178
-550
-155
-1986
-1376
-481
4097
-3421
-5272
-3313
-1050
-1596
-3920
616
1422
-2804
-3063
1010
721
-3098
-3797
-3441
-729
-977
-1193
5449
-24
473
969
3715
-489
882
1663
-1442
-691
-2010
-1794
-475
-1220
878
-90
1212
-1650
484
2700
-1076
-205
-2528
-2425
-1191
4480
806
3370
-589
-678
1603
783
-627
-177
-2611
-3240
-2341
4266
2378
4372
-1287
3309
1180
161
-1677
79
-1905
-2430
-257
3611
4539
3381
6989
752
361
813
-2851
1243
299
-482
1224
1437
2793
3863
1450
2017
1530
284
-1703
-82
-1042
-2210
-2149
2155
2577
-231
1409
2615
1411
-1830
-2545
690
-472
28
-27
920
1658
3510
4078
2441
788
1077
1206
-1155
-2082
174
-234
472
2246
6557
5330
2786
582
663
469
-1788
-2244
-1836
-594
2141
2125
2683
425
1435
78
-326
810
-1488
-1044
-1618
1868
519
-521
-1810
-1441
-322
632
786
753
-1068
-1773
378
1169
503
1661
1857
-1858
-361
3750
2454
1652
-1195
-1902
618
-2699
-3034
1163
4235
-3544
-2686
-2773
796
880
-1244
-1252
-1000
-3067
-763
3732
3693
-2271
2128
-1093
-3706
275
-1645
-2356
-2487
-3712
-71
534
-1367
-344
2821
-3267
-4932
-542
-1534
-1650
215
267
740
2480
-1541
1128
1804
-206
-1601
734
-1361
-893
404
2058
1891
-2655
-5296
-3694
-244
-1395
-626
-344
-1226
-998
-644
579
-2547
-439
2091
-210
-4911
-616
-1968
1699
-1189
-716
-721
-1741
-5815
-4806
441
-3366
-5772
-3038
-540
3562
-809
306
347
296
-1474
-5371
-473
-388
-1762
-480
1977
3023
584
941
803
1221
2337
739
351
2361
5387
1096
4657
1942
95
1625
1146
-247
387
-424
-227
-165
776
-519
-1133
-901
197
1014
2193
619
-1016
-926
-263
-946
-1469
-1967
-1464
-1781
719
1348
3102
365
-654
-679
-1512
-974
-2880
-3683
-1489
494
636
608
1503
546
-1589
-354
-887
-215
-1725
-3080
-2080
-62
928
539
-807
-1756
24
-772
-844
-2204
124
-1363
-4072
-1784
1004
412
-2225
2200
-935
3230
3353
2769
2049
-739
-975
-2916
915
1300
2363
2719
2016
5776
5919
5753
4217
2549
2423
305
820
1337
2021
3362
-755
-977
2357
3629
-4601
1978
2240
-572
650
191
1806
2022
-781
-472
2536
1309
-2871
-1208
192
-1597
754
504
340
469
843
-1979
-4223
-507
263
-1848
-2161
-3177
817
957
1092
582
567
-802
-2176
-1963
404
-146
-1218
-757
329
590
2648
2341
-124
-473
-134
-1256
1198
3084
907
956
309
577
745
1237
251
304
256
1031
481
578
1516
767
331
481
-77
988
2046
2112
73
3624
2846
965
1327
-621
125
117
1216
702
441
230
645
2470
1178
1136
327
299
-915
1932
2040
1392
438
942
156
1045
1171
1971
1087
1209
-691
1685
1121
2336
973
-231
-1578
-1489
-192
-113
1391
1454
-236
1952
2263
1211
-64
51
-1574
-1012
-583
136
202
1539
-607
2127
404
1297
1204
-295
-1845
936
2267
1531
-2770
80
-520
2800
2649
-1404
1608
2855
1848
4965
2151
2674
1400
1084
-385
1917
3345
-195
-940
-4362
2272
1126
-4763
-977
680
1690
-14
1615
1258
-1916
-3038
-4308
1721
-549
-2154
-4508
-529
1423
284
1177
981
-2923
-5500
-1750
2821
-782
-2929
-4751
-1588
891
272
1842
1849
-735
-1454
196
3464
148
-398
557
775
1843
-11
1775
2466
2087
907
304
-351
-2607
-994
2123
1506
2999
-723
1260
1224
2089
924
-1245
-1673
-3743
217
-1481
617
1559
-1024
888
-122
-85
-994
-1356
-242
-1040
-2428
-1426
878
924
-1206
222
-100
-568
-1255
2571
3212
1186
607
-280
-2484
-1411
-16
43
-120
796
2122
1779
2242
1653
1357
560
808
1334
-20
-1377
329
1309
1697
2051
-894
911
1250
25
-379
-343
328
77
551
159
-1438
-3102
-4889
-5219
-1121
-416
-130
-1112
162
210
-543
267
-1618
-1163
-3101
-1573
-2185
-1039
-349
-446
-412
-406
-142
-990
-1774
-1680
-3126
-422
-1813
-1896
1480
1186
-498
-549
-518
-5636
2327
2092
-3497
2217
-912
-3946
1497
1186
-584
-1484
-2504
-868
4226
2197
-2895
2396
2913
129
-1176
2045
-562
-1125
-2894
-1173
-100
306
32
160
2922
-1274
-3288
-138
-610
-317
-1224
280
780
3802
110
2381
1607
-327
-1668
450
-473
-487
114
1796
5441
-12
2178
-1129
3472
1581
-240
-1000
-271
-485
70
-1417
-1410
1923
1888
934
-2530
313
-1948
-1563
302
-196
370
-2982
-3132
338
-5030
-853
120
-1767
-942
44
432
-64
-395
-991
1427
3873
-2638
1318
1398
895
-1766
9
-569
493
1135
1044
322
1538
-2558
-100
2209
-3572
-2703
-445
-105
769
-829
-2034
-2058
-1024
-794
-2495
-1544
-1531
-2415
-793
1217
36
-814
-1606
-1483
-528
-478
-1533
-1431
1012
-1869
-542
1178
377
-206
-1491
-311
-970
1048
-168
141
918
-434
-93
1688
1068
-292
-62
1900
2383
2867
2284
-415
405
125
557
1737
456
951
-2454
-75
-1357
-1241
848
-2878
-1261
-1670
-954
1849
471
1237
-1709
-87
710
-2213
-1639
-2807
2377
-313
404
1311
-309
-3109
-4895
1462
-2940
-3134
797
-1990
-2267
-3840
-1938
1378
-29
-1258
-2032
2468
1625
2269
-823
2110
-2309
-3066
-2627
1135
772
-781
-1808
-2590
-281
-2876
-2288
-1401
-1427
-2385
-473
1762
1218
-69
-1165
-1428
-1219
-2152
-3644
1182
-1086
-938
-921
2080
1257
-1130
-1952
-766
-939
1390
-2602
190
323
-922
1179
2146
2082
224
-169
-1998
-2136
4252
-1583
-2622
2534
590
1986
1839
1177
-989
-956
-582
-1325
3649
61
-3255
-1616
878
1055
2134
2068
1668
-529
-1683
-820
4763
353
47
-216
1732
663
536
-28
-1412
-1415
-266
-238
830
1368
-28
-667
531
956
1088
274
-657
-890
-1301
-1388
47
798
511
-362
288
300
615
-347
-314
-2095
-2456
-2520
-1586
64
533
-33
-1352
-386
656
-959
-2051
-594
-190
1822
3225
2504
2282
2858
119
-1152
863
-1231
-2522
3028
1286
-114
3772
264
2221
3217
374
736
878
-2535
-3974
5179
772
961
1279
1388
2208
3618
1895
-1681
956
-2967
382
659
-95
-1236
-1609
-4087
1309
2103
876
-1500
719
-3864
-139
-472
-1614
-4719
2979
-3746
1042
-1103
-1353
-1088
692
-1800
-731
-920
1075
-3537
-721
-1563
34
-3022
-2246
157
809
-1201
-1968
-1082
2066
-1512
-2157
157
3546
-862
-1993
-765
875
-720
-2582
-1243
-2617
-767
-765
-3362
1738
1781
-1996
-317
825
300
-829
406
3598
1695
-1012
-703
6564
2728
-1110
397
-88
-563
-1851
-1066
1069
-3194
-405
-1021
1294
1439
-1854
46
1064
1442
1181
505
118
-1934
-4866
-4567
-1645
-3025
-607
762
-38
-354
490
505
65
644
1509
-29
-395
319
1036
120
-313
11
607
1905
1331
1218
2517
1668
2475
481
1262
880
-844
1097
1864
3223
2772
2233
4272
4696
2455
2954
1290
1413
-1114
1039
1862
368
-527
-320
2361
2815
581
99
95
856
-742
630
837
-825
104
550
2446
1241
-957
-995
-1262
483
-401
1151
2767
-2078
-2758
956
2376
-1349
-1975
-2174
758
-5
-142
1257
3256
1717
2298
81
1927
-1057
2721
-440
3534
1881
-187
603
533
2225
358
-2175
3266
996
1672
1911
621
-3
-348
336
-124
-1303
969
-1470
1987
-567
2359
1527
1563
127
-588
1462
-711
-1105
814
4099
3144
378
2558
-225
-3059
10
-1136
1215
-1046
-62
2234
835
5515
465
2091
-1808
-2613
-1914
-1002
804
-1343
-2644
-2816
1078
1156
597
173
-1950
-1384
-1631
-1234
119
-1346
-1781
351
1364
349
-2175
1800
875
-3947
-816
-1268
-668
-681
-2753
-2938
-1164
288
-2492
-1741
-5236
-6003
-1805
-427
516
556
-29
-572
-737
-444
749
-479
170
25
300
-708
49
-184
-275
1312
709
-526
357
628
800
174
263
234
168
-629
-1096
152
119
-4072
-3881
-851
372
-512
365
-56
362
-857
-1044
-4209
-4557
-4786
-2343
-2164
-772
-1337
633
78
-90
-772
-497
-3259
-4835
-4041
-2547
-233
459
-1384
134
464
-454
1578
3333
2762
-1376
929
-419
2489
-506
927
487
360
310
700
2970
2216
790
-261
1757
1868
-1335
-1902
-557
344
598
-403
-267
-466
-799
-1007
-959
2031
-2519
-1022
321
-243
857
901
133
-804
3861
390
1308
1898
362
1192
2873
-411
1065
1360
-2361
-8
1613
798
765
-2287
-3157
1496
1928
-345
106
771
-205
1177
-618
2013
-2577
-561
696
707
2010
209
1090
1905
-383
60
-2769
160
-2890
441
811
1873
2396
531
1171
1049
1788
3101
-677
-728
-547
1312
3841
4524
1821
-232
-251
-157
739
4081
3148
-332
1373
3022
5073
4726
-890
-1232
-951
-835
-925
-1346
-1498
-172
937
-1449
-1757
-1837
-1332
417
878
-93
-171
-612
-770
-131
90
-183
-2013
-586
-1312
571
724
526
-2083
-411
763
-1307
-1279
-634
936
-1055
-1468
539
1164
-592
-420
-348
-1941
-1247
-1070
-1520
655
745
-1130
698
1022
-941
-2951
-4048
-2587
-3091
-3249
-4638
-2724
1005
-1505
771
662
-138
-2500
-1135
5159
1157
1729
-1033
-424
3435
53
945
24
-61
-2478
549
3418
-1211
1389
926
-878
1886
281
978
-635
-343
-934
2669
637
-3918
577
6812
-487
1465
-1432
815
30
-2184
-2993
293
-1785
-2032
-2523
2657
-378
678
-20
912
1580
-498
-811
-2248
-3578
3037
-2850
-1726
10
960
767
653
1106
413
1690
1605
-1114
3062
972
-2339
3771
2931
989
335
1259
2120
-635
2045
4005
-3142
1260
4342
-2428
2701
-794
-135
630
626
-505
-811
-503
668
1167
-937
685
354
308
-449
116
836
339
-1777
-1686
-4025
-2140
-2771
772
-155
63
-31
-246
154
-93
835
1239
555
-193
1147
960
1581
756
-310
1076
3973
3504
2304
2876
269
-74
2451
3339
4581
3260
280
1943
2582
1142
-1155
-1446
-1577
-3242
-3691
-3001
1395
2515
772
2954
3011
-527
-1198
-1283
-2433
118
-582
-2474
-933
2330
850
1658
1371
-2393
-2418
-1981
-3008
-1041
-3439
-4157
1524
2586
688
1161
1887
-2954
-2560
-1394
-2008
-1755
94
-5429
2112
2263
814
1039
-772
-2043
-1553
-726
-510
-797
1408
-1915
1283
1948
612
938
-74
1114
-1192
-4740
452
-3014
-1329
1013
644
222
591
1693
170
699
-5553
-6893
-1548
-5963
-6316
-3156
187
3
1044
2917
1554
716
-749
-2127
-266
-3866
-112
1894
3135
2899
828
2834
1081
-1497
3596
706
1791
1003
1622
307
3473
3737
-289
1644
1144
-1408
3454
-533
-934
-2397
2361
1163
779
2195
-432
2387
2756
762
1519
2398
3667
1809
1769
-113
-707
2515
-2642
-980
-1110
-794
-1025
-1212
169
1978
2805
-136
-1619
-368
-1494
-585
-610
-96
-808
-141
1181
1196
686
613
427
-269
-1174
549
-1455
-296
316
1136
3759
3653
2915
-74
265
907
-1089
-229
-394
-930
-588
3080
2219
966
657
-176
20
367
-836
-185
-955
-929
393
1497
332
1326
179
1049
8
-1017
-931
-397
-376
4520
3462
3429
1183
2720
1737
2586
4567
397
-1076
-831
-861
6022
3267
2417
704
4238
1131
-322
3171
2760
-1003
-262
1036
3127
2138
1262
331
5376
1759
-418
1085
3087
-872
-104
-277
3032
4066
1690
1672
1237
5235
724
736
-105
-819
-1434
-348
1971
1559
404
-435
2440
2588
-327
1020
-2072
-1034
-2809
-2647
1646
224
154
1993
-70
962
-215
-395
-1528
-1200
-1991
-1814
388
-3987
1117
1683
545
-1950
-64
1223
-1682
-1166
-1427
-329
-1304
2033
1379
-1331
5408
1407
-1098
888
-2662
-1500
-1130
-1434
-2
1224
-1144
-4594
-1561
1087
1893
196
-2015
-1706
-1045
-410
-1882
-1067
198
-2913
-556
-758
1110
-1281
-392
1875
586
-13
1713
-212
-1729
-2228
-1342
-849
-1187
-491
750
1583
-271
-714
59
-1522
-1726
721
1312
588
-3158
-1221
-271
1109
-1367
-604
211
1411
988
-181
423
269
-1112
-2340
-760
920
-1004
-802
-849
-2504
-148
159
1729
-127
-1743
-1828
849
835
-1386
-1967
-5349
-1375
-708
-3017
-991
195
-3943
-3683
-788
1060
-1709
-486
-1967
-5503
-408
-346
-1434
-1329
-3097
-3472
124
1276
-974
1914
-569
-8170
-1543
-1945
-3132
-4132
-324
-2991
-1436
1409
-676
593
3259
1649
739
3321
728
2257
6007
-174
-459
1387
-1004
980
1406
-800
-30
-3774
-794
-330
177
-75
939
1156
506
534
-2079
646
261
-2027
576
1073
-2844
-1409
953
1277
705
631
-1381
-426
2189
634
3020
688
-3450
-2950
9
1406
610
13
331
1743
2357
-2536
2723
5412
-1073
-1191
583
407
-371
-970
862
3035
-1399
-3625
-5111
855
1613
-33
679
1195
445
430
1879
1164
2721
3133
1670
596
-713
-508
750
696
436
1196
1532
1673
876
427
500
1909
1182
1283
1802
-83
626
277
669
723
466
-2353
-512
200
334
1869
2480
242
816
453
-1045
-203
-416
-3232
-1806
488
-352
230
1345
162
629
310
-3695
-1453
-3868
-3318
-2463
-1418
-2097
-1881
658
-386
211
1544
-1624
221
-1207
-14
237
-728
-1638
1015
1624
-429
275
2675
129
-187
200
-176
2154
1795
-2164
-674
727
-265
772
1492
-2315
506
-2495
-5889
3737
1293
-3048
-2434
4
-137
626
3390
2550
284
-2192
-875
1399
368
221
-1457
-455
-309
-583
-1049
-1336
-2391
205
1178
-29
-1079
-2586
-1290
-1067
-272
-1002
-2104
-840
-3559
-1895
-593
-2324
-4287
-1374
-1193
-685
-426
-492
-1062
3782
-3142
-1454
85
-3158
-1996
1509
-483
1248
-249
-718
-316
2982
-1128
-2059
-3149
494
-799
-658
166
362
86
-433
-659
1613
435
2109
-932
3061
-1724
-1705
256
811
732
-223
5
471
1332
460
2084
948
-1391
-268
430
-698
-940
-1098
-1505
-413
971
1909
620
-589
-594
-212
339
-292
-62
-1488
-979
1999
1860
1501
3634
1236
-162
-794
429
680
12
-577
1683
2351
1695
-277
-291
-1110
-1291
-1179
-1006
-428
-239
328
78
405
1089
-207
-2621
-637
-372
-1452
-1179
-632
-489
-761
-201
-329
-828
498
119
1109
-1208
-3111
-408
-1643
-555
-1257
-267
1128
-798
222
568
131
-752
-453
34
-1682
-209
-843
-3086
-930
919
-2909
-1144
-1297
-3912
2
-3710
-4153
-345
-542
-2751
-2015
-146
-348
1068
-2226
-1359
-1770
-1984
-1027
-585
-284
-1192
-2994
-3453
-1778
-2726
-1689
-3417
-879
-1298
-422
-369
1265
875
2524
1043
-3186
1552
-2030
-822
1703
-141
-1346
-404
64
-907
-3001
-2177
-2658
-1161
-2482
-1440
-193
-1025
-1903
291
701
-177
-2399
-797
-612
-441
-1417
559
-269
-258
-845
855
576
1116
-1016
-679
-681
2766
-367
1440
502
1961
28
-65
630
937
-135
-693
-2447
236
-1668
-2989
-758
1767
622
-876
-1942
-1353
-768
-1649
-1791
-403
602
-1156
-2045
-1151
-1331
-567
-2399
-639
-15
381
1154
3473
3619
406
-1414
-1207
164
-366
-2288
-1214
-291
598
786
1565
2515
437
-1009
-2543
-939
-671
-2504
-598
-432
233
-349
1245
1098
193
-644
-1605
-1149
-917
-3150
20
857
1035
-2457
-653
-561
774
1313
1030
356
-1168
-3205
2216
-422
-7
-1755
696
-1566
567
-1137
1239
90
-1159
-2681
1585
342
898
-647
2659
-2087
-205
-2959
48
457
-868
-931
953
83
2674
371
1489
2011
3345
-3515
-1190
-704
-609
-1946
1451
589
-497
1187
5285
151
633
-1849
529
-284
-645
-2326
-325
-2268
-4190
-275
3601
-2636
-3530
-1991
-1491
810
-408
-1064
1740
858
4273
566
-1055
991
1589
1115
105
934
-360
-779
-4
1679
782
-1407
5655
-54
-862
1909
27
376
-1354
-1743
-610
0
826
-2337
-857
-797
-607
96
-2138
-355
-462
-961
-17
609
-1968
-2221
-468
-2456
-1012
552
-850
178
352
291
41
-546
-654
-196
-1768
-1480
-152
-267
-135
-88
437
1115
244
474
-1761
-200
-639
-1143
-856
-719
218
-110
609
869
-936
516
-845
-417
2093
1827
-636
-2866
-1401
144
783
1462
1456
-1755
-2466
463
1917
1152
1094
47
-2668
-229
836
2046
-295
-3310
-1410
-1817
-1195
778
359
-491
-1982
-808
605
2461
385
-4247
-5282
-2322
-773
-1475
-4186
-863
1844
-1349
725
1660
-923
1903
-1572
-4246
-3499
-3843
-6134
2862
1213
-1966
654
1488
2699
3474
2683
677
1836
322
-794
2309
1454
-1124
317
2062
1617
1041
-4324
446
1187
-2496
-5610
154
2245
44
449
1786
2002
96
-3310
-822
2130
-413
-3775
1372
3955
2152
81
978
638
-2646
-3477
2986
-615
3075
-1017
-1511
1915
2325
242
1155
314
-558
-281
3072
-1755
1403
1331
608
1022
1733
783
1396
922
1464
-2271
222
-756
-1193
-2124
2655
864
1082
-244
-636
-1104
429
468
-2346
-3877
-1820
2166
4325
79
1138
-1288
-196
-1333
-1223
368
957
740
51
993
218
511
814
-1545
-2498
-409
105
16
595
-414
1208
2676
2646
1845
734
-813
-2346
-465
-27
-1177
-924
-973
-802
-701
-632
1208
860
-845
-1945
-316
-1724
-768
-2730
-1603
-1316
-148
526
55
797
-1283
-2321
-2065
-3976
-2562
-2226
-1056
-1800
-3922
-1607
356
1967
-1440
-3272
-2486
-2083
410
89
1659
-977
-908
-809
-1923
-1305
-1655
-2691
-2323
-2239
1383
3213
-723
446
4306
-2021
-3831
-1529
-1465
-1827
2214
1000
-1392
-1561
-1391
1751
2075
-817
285
2058
-2112
-2326
2462
-1477
-4596
-2787
-1051
-1285
-5254
-3294
1209
1158
-1589
-2168
1174
-624
20
4097
2295
4534
-992
-3867
3299
-43
-1372
-2600
-797
1687
1325
2582
-636
1071
122
-672
450
-285
-1000
-2174
-585
940
-342
2346
-3349
-1117
-349
-2677
737
1590
132
-1072
-778
4385
1609
1250
4596
-1867
-1363
4283
2179
2235
392
335
-738
2036
5423
-1499
-1420
-903
4950
3492
2147
895
442
1088
1744
-198
-612
-1816
-2447
-2176
-335
-1396
-841
977
2054
1570
169
-1272
-1394
-1326
-3526
-3818
-428
-946
-835
560
1341
782
76
126
-1953
-3689
-2474
-3282
-1923
-522
1215
859
1504
47
568
-1448
-1742
-1547
-1360
-1800
-1963
-1782
26
317
1405
-527
450
-361
2646
1584
2354
2081
2205
1194
58
1052
1116
-1478
-2255
216
-96
-1668
-4807
-1551
4447
1351
-5494
-2742
985
-1197
-499
3489
2417
-283
2826
-597
5281
2045
-339
-2563
778
-1576
-375
-908
-3371
-1418
-666
-3754
-2922
-87
-2295
-1815
1089
-1562
-640
541
-2206
-1152
-710
-3109
-4399
-81
-85
-2072
1098
-1877
-1893
547
1296
103
1841
-1315
-600
-782
-1456
-1505
1300
-1517
-1602
1278
2906
-1307
3540
1465
897
3678
1309
-1111
1033
-1684
-1719
1617
644
1191
-3166
-94
-427
4528
3891
-180
875
-1379
-2512
-1889
1742
-1826
356
-407
766
2080
2060
-1020
1117
218
660
-1850
889
-38
-1446
-214
301
1017
-735
-991
-1906
-1016
-440
-582
-1556
-1806
-591
-742
-1116
-1887
-1089
-1015
604
1237
870
-565
218
-519
-1424
88
1383
683
-1147
-276
603
733
-84
-30
-3235
-3432
-2747
-703
-898
-507
534
683
766
-279
-242
-1184
-2271
-1370
-1351
-974
-1001
-1445
138
652
631
-360
471
-1169
1079
768
-895
2342
1033
-1357
210
527
787
330
-1750
1052
2231
-39
-2040
3173
2881
604
-740
1205
930
-319
-1586
-458
837
-903
-1003
605
2610
-1896
-2235
-975
1146
1557
-222
1025
2152
-373
-677
1359
2844
-1739
-167
-159
1139
1271
465
-333
-2511
-1990
212
-2566
-4101
-2559
417
137
978
1030
103
-1623
-2433
1812
757
1396
-2075
1190
412
-36
911
1329
1773
-1539
-859
-2028
545
-654
-1361
-1726
313
-713
477
1231
2109
-1512
-1059
405
-407
373
-414
508
2296
1855
527
2024
2519
1813
-3196
-1445
226
-146
-2630
137
2476
2504
160
931
2324
2620
-283
-897
2245
-2200
-2983
4217
2671
1419
1422
1416
1350
-477
-597
-968
-901
-144
-517
-1301
143
827
924
1187
596
483
249
829
1058
1990
1253
1276
424
-1187
359
1073
1070
-1169
-653
-2499
-2856
-1370
-471
-1048
594
-292
-245
775
-56
-417
163
1016
-226
758
2643
714
-1
787
-146
-173
-1583
-945
485
1910
-3583
951
-60
-653
1103
2207
119
622
420
922
1596
2332
-1401
1199
2777
-342
-660
2578
-167
1162
715
-1492
2885
1822
-391
838
1720
-1413
-1590
3980
-214
565
1905
-194
1822
-2450
4760
-1206
-315
-2560
1248
2875
-564
912
1655
137
-3633
-2796
-919
-3088
-1838
-1947
1993
3147
-336
350
-649
195
-168
-136
3742
488
-1728
3019
2808
1073
-20
1090
-1646
-2948
-1920
-2351
-1452
-2712
-1829
-2687
173
1316
-117
655
-393
-634
-603
1285
-1203
-49
-1436
282
1365
2853
-155
167
475
1124
-264
-2196
-3644
427
902
2047
1993
3327
1382
1789
2597
2107
640
-3
-912
-1523
3033
3064
5156
3193
137
-1134
-792
-527
356
-212
-967
-233
567
289
797
1562
392
-1202
-561
485
-11
-502
311
-317
-1055
-591
168
1119
529
322
1729
1178
1314
-462
119
49
206
-1185
-286
49
448
958
2884
542
-2921
-3621
-4741
-2005
-1283
-3249
-229
1327
567
1044
2398
-3024
-2728
-991
-3124
20
-116
-3549
-936
1082
871
1513
74
-3156
1046
976
-3702
1770
1519
749
-4173
-132
989
2202
2955
4949
2876
4352
1009
6399
549
5081
231
910
775
1548
793
-470
-3744
2271
224
2509
-3773
-1159
-1129
-473
425
1516
80
-699
-4869
-442
3359
1020
-4672
-2300
-1481
-1347
282
1356
1924
-2690
-4614
-3222
3195
-2607
-3920
-3391
-1619
365
483
1107
2922
-1774
-2661
471
979
3514
-2608
-1658
-1988
148
473
1268
3080
-314
517
-260
424
-224
2405
-831
-2398
-816
501
735
1537
-231
592
-1430
637
95
-1584
-2565
-3401
267
-119
-207
19
1322
-33
-1266
-3273
-3129
-2816
-2624
-2220
486
1460
1130
803
634
344
-256
-54
-640
-477
-38
599
650
468
450
410
1934
704
-105
925
1641
-412
-111
291
695
1328
1229
1235
1528
-1708
-145
3223
3935
1425
1167
2156
1226
1597
1807
3001
-481
-566
443
2329
-581
-732
748
1735
1364
1489
1839
3413
-1589
-1835
-4561
-1243
-1902
316
2002
-621
983
1513
1415
1030
-3188
-2495
-1299
-4538
-335
-755
-1068
756
-89
1627
1836
812
-4058
-2540
-2409
600
-3938
-440
-3466
-2477
1470
1794
2396
1008
-186
401
-2696
-593
20
-1093
-3826
816
2151
1645
2540
2348
299
579
1957
-2259
1889
1995
474
2178
1642
1672
2373
1884
-890
-2119
742
48
-1318
-663
792
753
2250
1852
2731
1922
297
-3424
-5096
-4065
-3954
-4244
562
-295
1352
1384
1396
1151
-2009
-3443
-4560
-1268
-2020
-4386
-5186
-2512
-789
1411
1764
2680
-2161
-2101
-402
1828
-1494
-4286
-2657
-1386
161
1513
2436
3943
656
1
2388
1385
1292
-938
-1472
-1397
2000
-207
-985
-1486
-1238
-747
1188
2421
1018
184
-949
-1765
-1583
384
-232
-565
-826
-415
-184
-1040
-3010
-477
-1301
-668
-630
810
-198
-548
-936
-894
-888
-2033
-4466
-196
-392
-1621
-415
867
-124
-409
-503
-2320
-2957
-4054
-4048
-3308
-434
-1712
-807
794
-898
-86
-842
-3077
-2979
-4501
-4436
-2410
-1629
-1968
-840
736
-902
-1745
-1965
110
-58
-4977
1324
-1196
-1149
-1999
-1253
644
-587
-2640
-2559
2749
3438
-1697
3493
1841
-1710
-2967
-927
947
-655
1551
1003
-615
243
-1684
-1561
-1188
3962
-216
-788
1286
-347
858
557
-177
-898
-1463
52
1825
1722
-1271
-1077
1306
379
488
178
2830
-4068
-4626
354
1348
-2406
-1503
-1125
1316
176
365
2528
3788
-2678
-1825
-2119
-78
1077
-1300
-815
961
-412
-8
-2258
818
-90
-1747
1135
-104
-4127
-936
-778
758
307
478
193
1952
2443
1459
948
1252
625
-259
729
283
-480
516
-398
-765
1404
-1058
112
-510
-3408
-2621
305
-1118
-1552
-328
1168
1172
1912
2241
2349
-6
81
778
765
228
1445
320
1234
-220
-436
599
-329
975
102
326
1074
-659
364
1694
975
825
232
-2589
-816
-1084
-1336
-377
97
-689
950
1770
1587
737
311
-312
-2169
-2596
-880
45
681
-389
1743
3111
1418
1104
1780
219
-1244
226
2291
860
1061
-159
2061
834
302
-1751
-2141
282
-2062
-3689
-1588
-866
1549
-40
2725
849
-1283
-2383
1679
1269
-400
-3478
-1239
1291
709
86
2677
1010
1933
3528
2540
-1514
1470
5508
3666
-149
309
-6
2303
-531
2526
3078
-1621
935
-1233
1928
1376
187
621
-693
1337
-2380
-517
1659
-732
-3644
-1339
-1107
-1522
-2572
-495
-654
1691
-1417
-890
-81
925
-3839
657
-1194
-1468
-1155
-428
-396
899
-1018
909
3503
3249
391
-1171
1998
-1172
-1032
283
22
1627
727
-2638
2705
2346
991
2394
3289
212
-697
1375
-381
1862
2638
-728
-116
-11
-4638
-1588
-868
363
887
1510
-711
-1483
154
373
77
-390
-109
-426
-277
623
1065
329
-1076
-1018
976
706
582
-793
-1230
-2061
-2305
-162
1133
582
-1579
-1019
187
71
-204
317
292
-208
-435
-465
1448
-266
-889
-643
-255
-958
-2260
-333
-17
-965
-594
-3362
-477
-514
-989
-510
2521
880
288
-896
263
672
2379
-329
-198
891
-1051
-1623
-575
1702
-584
-2803
1106
153
1252
-181
-2149
-7
-396
-279
-929
2233
3638
1696
2318
2925
3764
1412
-633
737
-522
358
-327
-682
4352
2927
-2318
3861
5218
-2760
-1977
-362
-452
420
-1251
-639
1207
2976
-1005
1469
2400
-1052
-4723
-2643
-899
-471
-3164
-6236
-670
2456
1966
-740
-2900
-3212
-4371
-1449
-864
-281
-802
-6433
2164
608
1666
391
-890
-3880
-940
-516
-736
302
453
-866
2562
3854
3146
2484
2301
-85
-1043
1029
27
901
-106
-2351
403
2343
4884
4970
4072
-995
-631
1500
-487
1013
1245
-1444
-3884
-1012
-1766
-353
1311
-755
932
1487
374
1253
-320
-37
-1245
-2053
-3190
-2623
-2309
-1671
125
521
793
305
-93
146
1162
753
466
-1207
-862
-1973
-1258
208
494
785
1275
131
693
1645
431
-999
-458
419
-511
568
255
615
-75
-337
92
-203
-97
1658
607
-904
-646
-213
907
240
94
1232
699
287
592
29
784
-1677
-2208
-709
1324
1026
1251
-480
1845
-4300
-2269
-1744
689
-3762
-6350
-3839
1134
592
-487
-405
3311
-1770
-2728
138
2264
-3109
-5898
-3283
818
-126
-286
-871
1873
2310
-1934
1543
3721
128
-2670
-1808
947
-664
1328
897
2109
370
-258
3077
3013
468
-2679
-1784
793
-260
1124
894
-788
-850
-1631
2318
930
-2166
-620
-702
712
-431
636
1096
331
2231
294
4594
237
-269
-658
-1626
507
-258
470
-185
-2540
984
491
-283
153
-615
-415
-515
169
79
1288
737
-42
1302
1155
1889
1302
1672
-501
559
262
-466
343
-355
-2510
-992
723
-726
-3938
-2857
-455
-183
351
-652
-654
395
-1013
-1368
-1376
-761
-1662
-1437
-988
-575
-718
-1893
-393
99
8
778
1070
64
-870
-1010
-823
119
-948
-1474
-231
486
963
1682
1382
938
689
420
-870
307
-1030
-1655
74
610
-373
656
2418
1353
232
1368
-331
-1475
-1228
-2115
-988
-1413
-3699
-3739
-1256
-1181
-1702
-520
455
-1444
-1493
-3059
1241
863
-799
140
1096
-682
-78
4264
5039
-770
-1346
-3173
529
2473
1670
723
437
2180
674
3289
1895
-73
-1358
-2461
764
907
4323
3684
3072
2073
4189
994
593
-159
-1330
-3230
-426
520
370
-611
-822
222
1474
589
-1890
-1260
-1223
-3139
-1947
1254
-2625
-17
107
482
305
1221
1584
1935
-1161
-2051
-1008
419
-150
-801
-4028
658
78
2314
2988
472
-539
-1988
-1289
2206
5844
1209
3639
1118
5892
5652
2049
1794
-414
-2166
-2729
696
545
1811
1058
2730
1780
-1845
90
1460
-719
-1989
-1637
153
73
-88
1198
-391
97
1386
329
-127
608
94
679
2492
1687
1078
963
464
1048
633
1722
2501
1202
391
1180
2808
1576
456
-1395
-463
259
25
2312
3315
374
-431
1776
3391
-381
-1452
-2104
-1766
308
-393
2126
3950
-145
170
3240
2928
549
-3943
-5287
-4255
-3018
605
2562
4235
-462
724
3446
-384
-706
-831
1589
-463
-430
502
879
5168
-525
488
1419
-2405
-4443
-1100
-657
-2644
-4622
-3218
-1195
4816
-611
339
2175
-1500
-2023
1509
616
-1808
-1723
-3539
707
4335
-513
1785
3233
-2380
-306
1789
-613
-728
1750
-2124
2278
4929
-750
340
2543
1373
-1097
463
894
3737
-1931
-137
620
4955
-486
-630
614
-519
-4593
-2638
849
-1654
-5810
-2668
545
3308
-451
-603
2075
1104
-1928
-28
-1934
-1607
167
653
3236
1965
-744
-1640
1253
-568
-796
29
-167
-727
-3894
-1012
1375
674
-155
-2058
-906
3086
1103
541
-1348
-3118
-2404
2893
-670
-375
148
-129
-1242
-680
1083
237
-1144
1430
231
144
-2413
575
-104
-1638
-1845
-1866
-2476
-2751
-2497
-3661
-2595
-2535
-1938
-1192
-68
10
-1140
-2355
560
142
964
1937
220
-45
358
1034
-419
-99
-1910
-1645
-1407
1831
-2512
-1678
262
-360
-1165
729
-560
-1572
-1092
-1744
-2544
-1344
-957
-1709
-1188
-155
-1770
1667
-518
-1039
-825
-1147
-2309
-506
1713
827
-445
-224
-1906
-662
-392
-259
-716
2229
-301
164
-1138
873
1436
3110
-2096
-2070
-671
-859
-2723
-1047
1063
-2287
-6308
-141
703
-1285
-3784
-1778
-703
-525
1571
3409
5865
-720
2040
1595
2476
679
-1655
-1215
-717
-1607
284
-178
265
1400
1280
-1567
901
1277
-1690
-588
-300
-999
802
2330
1858
3347
376
4858
684
1382
1156
954
-180
-923
-296
-1064
2660
1947
661
3762
2620
1113
-612
295
321
-155
-175
-845
1722
226
-2806
1947
4385
1285
-2093
-164
-69
-1761
-3135
-981
1176
2564
-4690
3585
6730
-640
-2199
-1511
115
-192
-808
-289
332
-1110
1557
2250
2322
-18
-304
-1364
1600
2370
2531
2523
1347
615
-357
204
477
818
85
669
-93
638
-514
-266
-940
-1469
-1522
-807
-2066
-109
292
-284
-1461
-1461
-37
759
602
-2098
-1174
51
-378
851
2507
635
-1686
-1383
1634
2196
3184
-1058
-1368
-353
509
3530
4260
1933
-1138
-255
445
3412
-1111
-3813
-3490
-2250
-1423
-671
2069
503
-817
-396
2102
1977
-6286
1476
4324
-922
-2060
476
2422
758
-1206
-456
-211
-497
-6124
-570
2934
-2337
-5590
2263
441
503
-1480
-842
687
1733
-1203
300
3000
2269
-2630
848
3160
1331
-1708
-1743
-555
-623
-755
-1368
2405
-1361
-2282
-430
735
-539
-1752
-1190
-630
1607
2955
-123
-517
-2440
3342
3389
679
-1394
-1698
-2051
-3303
1605
2837
581
-5619
-1240
3887
3576
-2887
-1137
-2290
-2358
-3620
2188
4460
758
-2975
-1419
607
4312
-3088
-983
-1896
-1854
-1878
398
2887
1382
125
-2484
1969
1761
56
-529
-2243
-1332
-2184
-3080
-1072
587
-205
-519
286
-250
-3497
-3543
1884
971
620
189
673
848
2191
1762
2256
786
1144
271
1183
-561
434
481
132
777
2033
137
307
398
-1607
-787
-27
-552
1010
2167
672
2033
4617
2429
-110
521
-370
-610
-458
-718
976
894
711
1509
2296
1161
-160
-612
-30
906
-517
-697
1488
1577
416
385
2260
-277
1357
3963
1270
1553
-240
-1470
-437
1189
-2329
292
89
-830
-474
4235
4357
219
-559
-1388
2551
625
-1578
2734
181
-4262
1857
2157
1201
-637
-527
-68
-381
-2260
-980
2106
-71
-2147
1934
4989
-2786
-1923
-24
-49
1092
202
-365
-373
3486
-547
883
3068
-502
-715
-516
-46
-250
337
-681
487
1373
34
-436
640
-914
-539
-364
-367
-2826
-414
1650
-975
576
-413
-1274
2123
-1767
-400
-226
-537
-2803
-3648
-3752
-185
-3026
832
-1549
-1920
-1492
143
124
-159
-2175
-3207
-6020
-2953
-807
-4737
-3527
-3532
-880
-198
-618
536
714
-1207
-1006
-538
-3934
524
1393
2476
669
1713
-850
-1169
-433
-1826
-2507
-2638
-3421
-4228
-2857
-2044
-1892
-336
-311
-1208
-2553
-3659
-4667
-6083
-4366
-4540
-3365
-3471
-4321
-1225
-889
-1810
-3968
-3880
-5247
-2968
-84
-1335
-2688
-3440
-4511
-2982
-1110
-1572
-1748
-1682
-305
2600
2145
2441
1758
670
-2148
-3060
-1307
-597
282
2401
4229
4625
4196
3909
2923
3580
1131
-3091
-1513
-551
-1711
301
3276
3485
3932
2506
2522
1397
1246
-2295
-1690
-455
613
-537
-2368
3879
4141
2166
639
2259
2553
-801
-1357
-271
-1432
-5088
-6397
568
-1281
-899
-5120
-740
680
-1266
-931
-1444
-3028
-3772
-2514
-1055
-527
-1055
-2629
-1812
-92
-1950
-912
-1751
-1669
2547
2359
1206
2880
1338
2989
1530
626
-538
-789
-2115
-2643
1973
1371
1561
703
2445
1570
2748
585
-578
-956
-1848
-2321
845
-1
1555
183
2000
2972
963
273
-1194
-1045
-1713
-2126
-1690
1704
993
-2718
722
2376
2218
1755
-1609
-418
-1453
-1611
-1056
1932
5157
-430
2745
4006
2979
227
-2377
1251
-427
-30
-1023
-175
799
452
1085
1485
68
-1201
-824
727
-541
77
-1467
-754
797
779
1957
908
701
-2135
-1755
-278
-1963
-1110
-117
1487
699
2699
1805
-652
-934
-669
-1395
-46
-1616
979
2073
1438
-157
-273
-2272
1029
192
759
-1662
144
-1234
2037
1561
801
479
404
-1341
1150
2433
1958
-531
36
-2218
2682
2130
1478
-574
949
-4065
-1864
2547
1560
-273
109
-1388
1273
3183
5014
3116
4174
725
5938
3837
374
1377
-191
-808
2444
-90
3545
4634
4414
2706
2545
2228
1049
2271
-148
-921
-791
-842
-451
3114
4274
409
-795
-865
-1991
-628
-533
-1703
-997
-2063
-570
3293
-679
2806
-365
-2563
-1331
-1577
-72
-1614
-1385
1451
3043
1917
-895
-1030
2828
787
-607
-969
445
-991
-791
1110
-5085
981
-1456
-742
-3734
1183
-847
-218
731
206
926
2757
431
-300
4040
360
297
3851
1218
353
1686
1564
979
1680
3206
-1036
2166
-448
3303
2168
4546
1337
