-1.529293
0.289027
0.126960
0.591384
1.314475
-0.207716
0.838285
1.477053
0.368291
-0.214348
0.919288
-0.134959
1.214719
0.832897
0.757630
-0.880839
1.013522
-0.060044
1.049790
-0.408015
-0.400775
1.891347
0.347941
0.142960
-1.956304
-3.128667
-3.217377
-3.358930
-1.659961
0.035768
-3.737691
-3.746253
-2.831035
-3.320903
-2.284592
-1.758576
-2.437036
-1.768098
0.657815
-1.381202
-0.427065
-0.608512
-1.375278
-2.815687
-1.835920
-3.980841
-1.426404
-1.613673
-1.788400
-2.341675
-0.831210
-2.293806
0.169357
-1.055765
-1.942454
-1.681188
-1.466404
-0.576315
-2.103478
-1.602624
-1.967571
-1.502364
-3.948435
-4.344849
-2.115033
-2.048549
-1.385105
-0.585965
-4.380898
-3.506521
-2.899731
-3.626078
-1.293004
-2.177660
-3.310227
-1.568302
-4.333312
-1.896825
-1.249792
-1.361112
-3.902601
-1.057189
-1.283918
-2.330872
-3.139130
-1.460668
-1.018802
-3.043898
0.421186
-2.814406
-2.251972
-4.262001
-3.137475
0.012858
-3.452714
-1.572567
-1.849543
-2.209826
-3.187942
-2.567786
-1.299034
-2.405976
-3.422359
0.999688
-2.905427
-1.943209
-1.780337
-1.941584
-1.804622
-0.004651
-2.022350
-2.741060
-0.862250
-0.689284
-2.306919
-0.414569
-1.988022
-1.825390
-2.737317
-2.081456
-0.895185
-1.430925
-3.259123
-0.979246
-2.688378
-3.153737
-3.304244
0.307348
0.282975
-2.310210
-1.530350
-1.173618
-4.044060
-1.698560
-2.904345
-2.218185
-1.507123
-3.503370
-2.165396
-1.153031
-3.268593
-0.318954
-2.419147
-1.502073
-1.647928
-3.430711
0.691652
0.088346
-0.095956
0.052232
-0.766262
-2.388326
-3.135101
-1.744160
-0.945628
-0.772754
-1.024168
-2.757525
-1.433094
-1.074511
-0.357899
-2.448464
-5.201443
-1.956813
-2.101739
-3.103731
-1.996952
-1.863026
-1.108727
0.439190
0.136009
-3.224786
-3.887938
-0.560361
-1.678025
-1.091047
-2.834814
-3.587126
-1.095043
-3.135804
-2.167696
-3.209466
-1.968120
-0.885518
-1.641980
-1.756640
-3.826154
-1.889784
-1.257625
-2.664248
-1.195099
-1.383106
-0.733420
-2.509360
-1.123727
-3.740081
-0.584172
-3.367021
-2.215698
-1.209838
-1.083400
-0.918819
-2.461570
-1.331887
-2.747225
-1.819166
-2.343879
-2.571258
-1.681986
-3.554931
-0.031653
-0.653512
-3.758817
-3.398938
-2.914402
-4.153647
-0.950080
-0.648857
-2.588027
-2.642356
-3.442525
-3.590615
-2.845543
-0.706345
-2.902083
-0.801741
-1.716947
-0.384034
-0.287904
0.386022
0.286150
-1.554340
-4.501956
-1.725870
-2.947757
-6.299654
-1.743784
-0.730356
-1.585080
-2.547806
-0.823684
-4.121327
-1.332268
-2.619955
-2.243944
0.304405
-1.004468
-2.094207
-2.438144
-2.895421
-2.114814
-1.447555
-0.737828
-1.284397
-2.691624
-2.424478
-2.639142
3.108696
1.482201
-2.130377
-4.963572
-4.021507
-3.213311
-0.924408
-2.153265
-3.075815
-1.594906
0.442979
-1.183107
-2.414164
0.555012
-0.303723
-1.842306
-1.956730
-2.292769
-4.106794
-2.589450
-2.310417
-4.422749
-1.686408
-2.932642
-4.125219
-0.600743
-3.352461
-2.426780
-2.160267
-2.210863
-1.938103
0.236194
-0.165335
-2.414912
-0.048132
-3.145903
-2.349191
-4.254793
-1.759888
-4.104161
-1.855850
-0.879462
-3.042351
-2.219395
-2.341160
-1.837561
-0.313512
-2.547402
-3.255619
-2.018580
-0.213428
-2.389924
-3.532163
-4.002954
-1.761652
-1.628038
-1.815283
0.116754
-1.147595
-1.546328
-2.951772
-0.724945
-0.037706
-0.830557
-3.320625
-3.214382
-3.279314
-1.635579
-1.626595
-2.031624
-3.358525
-2.296019
0.164658
-3.663476
-2.489158
0.218473
-3.378316
-4.560537
-2.896948
-1.667366
-2.279120
-3.143628
-1.999983
-0.346514
-0.676275
-2.329649
-3.780252
-4.025796
-3.385631
-4.797385
-2.614831
-1.115630
0.304718
-2.413465
-0.958402
-3.439174
-3.939883
-4.645092
-3.632558
-3.064590
-1.009947
-2.125533
-0.200540
-1.628180
-2.697670
-4.118028
-2.809270
-2.151327
-2.785098
-3.155875
-2.318604
-2.934300
-2.073347
-4.331847
-2.668589
-1.068365
-2.571872
-1.360566
-3.565828
0.213800
-1.954757
-3.588356
-2.068560
-1.354833
-0.893788
-1.568719
-1.769872
-1.427886
-2.905932
-1.269827
0.073781
-1.534500
-2.846334
-1.476079
-1.685052
-1.057824
0.792028
-0.288729
-2.264236
-2.945332
-3.427924
-2.030941
-0.960201
-0.889302
-1.829220
-2.022084
-3.275242
-3.030563
-3.649384
-0.791184
-2.489124
-1.862626
-1.097637
-2.243328
-0.882210
-0.972358
-1.296972
-2.160820
-0.959768
-1.705580
-0.923030
-2.935527
-2.893971
-3.033463
-0.147593
-1.209228
-1.817022
-1.749264
-2.617254
-1.168095
-1.822196
-2.435809
-1.578209
-3.130567
-1.041170
-3.218053
-0.916000
-2.140000
-1.431260
-1.434133
-1.657873
-3.491433
-4.582333
-1.968868
-2.248856
0.703774
-2.114062
-0.770208
-2.992687
-3.666327
-5.233960
-1.612075
-3.739452
0.861531
-1.278184
-2.929679
-2.548550
-2.019688
-2.411774
-0.405860
-0.550171
-0.713183
-0.755281
-3.053705
-3.018651
-2.124373
-0.831593
-2.227738
-2.846095
-3.700642
0.179197
-1.038534
-1.513922
-2.278017
-3.036847
-2.117343
-2.244208
-1.172817
-1.222196
-0.440055
-0.950010
-1.212923
-2.320297
-1.029535
-1.163588
-2.936252
-1.935545
-3.594207
-2.541128
-2.102530
-4.796275
-1.897888
-1.531381
-4.078443
-1.412630
-1.592591
-0.495456
-1.306448
-3.058114
-2.824373
-1.248753
-3.220583
-3.045617
-3.108779
-1.193455
-2.701149
-2.087615
-0.186438
-0.421741
0.511890
-1.878011
-1.345452
-4.751574
-2.210889
-2.267922
-1.065469
-2.228858
-0.167966
-3.090305
-2.931129
-2.818507
-4.067976
-2.089693
-2.449019
-1.339422
-2.174074
-1.710903
-2.385900
-1.158585
-1.839077
-2.650852
-0.563840
-1.064810
-3.154039
-1.306773
-1.939101
-1.959030
-3.234800
-0.992822
-4.179426
-3.133102
-0.284227
-2.073229
-0.952858
-0.655623
-2.121605
-2.159547
-2.897985
-2.320739
-1.472797
-2.667993
-3.671302
-1.913373
-1.268204
-2.375748
-0.055699
-1.402870
-2.735626
-1.418214
-1.499031
-0.975433
-2.043792
-0.566380
-2.612634
-1.128658
-0.859186
-3.294665
-0.634664
-0.369485
-1.861727
-1.620912
-2.344278
-1.666275
-2.639717
-0.250118
-1.617277
-2.554822
-3.272759
-3.307950
-2.322948
-2.685892
-3.504778
-0.388775
-0.975570
-2.251151
-1.388894
-2.256130
-2.663642
-2.236931
-0.546415
-0.400085
-2.326032
-0.711590
-2.956509
-1.778395
-2.377477
-0.985331
-3.192988
-2.692020
-0.932530
0.975961
-0.290631
-3.377695
-3.040222
-3.018499
-1.596889
-4.508492
-0.134384
-0.694389
-3.790882
-0.945148
-3.385568
-2.489938
-1.782558
-2.272103
-0.480033
-1.915929
-1.279462
-3.283370
-1.666985
-1.216723
-0.417203
-0.573560
-2.915241
-2.653060
-3.302799
-2.671131
-1.263579
-1.778104
-2.059771
-1.026311
-3.182748
-3.298843
-2.627093
-1.462869
-2.377532
-1.136459
-1.329762
-2.771524
-4.546305
-4.038722
-2.716341
-3.149336
-3.163579
-0.351539
-4.096017
-1.582385
-0.772293
-1.281886
-1.830554
-2.081422
-0.571332
-2.662988
-3.022982
-1.773594
-2.766935
-2.923609
-2.039684
-0.050545
-0.057324
-3.747997
-3.838933
-2.824754
-2.329635
-1.554730
-2.964539
-1.884012
-0.912993
-2.381375
-0.793828
-0.149984
-1.950389
-2.662854
-1.467642
-0.829950
0.776861
0.845689
2.009581
3.570652
3.985499
0.494013
1.118210
3.441565
2.822358
1.318122
2.036200
2.241271
1.538113
1.229494
1.130735
1.498509
1.867155
0.979844
1.545948
1.314428
3.101740
2.998220
0.692288
1.091258
0.833500
0.937180
3.841623
3.709050
5.657948
3.179442
3.530197
3.792751
0.754459
2.740816
1.732305
2.002928
2.967594
2.824510
2.625969
2.817319
2.846793
3.333316
1.130145
0.781841
1.642239
2.084887
5.779433
-0.378349
1.676470
3.451301
3.611643
1.422057
3.554056
1.807665
2.612158
3.546331
1.909146
0.753921
2.581511
1.579331
0.325660
2.104205
1.862170
1.433932
2.339105
1.606569
4.205496
2.729626
0.891566
1.704908
2.955946
1.867908
1.613394
2.602899
0.825989
1.437773
1.523551
3.389522
4.015163
2.768112
0.868619
3.082509
2.430366
-0.012460
1.093508
3.112144
1.150635
1.885354
3.674331
0.736666
1.093782
2.439877
3.811949
3.403825
0.258417
2.402777
0.925546
3.925743
2.317966
1.555881
1.738537
1.101525
2.530045
2.413001
0.029979
0.295986
0.428583
2.332144
1.822206
2.235100
2.071406
3.116247
2.511767
0.721994
2.924260
3.795000
0.976889
0.438945
2.736034
2.536142
1.812899
3.227138
3.655035
2.808173
1.895089
-0.777181
1.369529
3.328759
2.313840
2.202679
2.762858
0.736507
1.081675
2.434688
0.230654
1.431978
3.296905
3.500273
1.697262
-0.080199
2.504117
3.935326
3.357268
0.655371
0.521851
2.123266
4.817087
3.650101
5.394052
2.459305
0.849633
0.494653
2.084631
0.978333
3.702891
2.083724
1.880311
4.051622
3.556795
2.874370
2.510813
2.704935
0.673394
0.847353
3.349743
0.924223
2.880606
2.741259
1.701579
4.688894
2.105722
1.613909
1.158595
0.064346
2.057637
2.179506
1.818542
-0.164741
3.094236
1.141107
2.232687
1.783763
0.585741
1.803697
2.718673
1.415876
0.484240
1.572009
6.326440
3.347892
2.544458
1.440813
1.868987
3.565784
3.481422
0.268225
2.741884
2.900564
0.214600
2.000173
4.425597
2.199003
1.464779
1.909946
1.930170
3.133213
-0.483589
1.757068
1.651812
1.737891
3.912299
1.353200
0.920895
1.736647
1.656092
4.932505
1.971768
3.177577
2.262085
4.551279
1.485612
2.186669
1.570447
1.624048
2.793575
3.728348
1.590879
2.242073
2.495030
4.293231
2.744449
2.254928
2.707452
2.056569
3.320422
5.617661
3.309422
3.939244
2.879413
3.501662
2.109402
1.746237
3.382179
1.957635
3.141226
4.034808
1.895393
2.168811
1.863410
3.221422
3.584484
3.481750
3.872170
3.347598
3.546870
4.708224
2.088434
5.060205
4.290279
1.218750
2.730053
1.420123
0.405510
1.828519
0.211651
1.843773
1.333653
4.480551
4.699725
1.834995
1.478680
0.340532
1.411736
2.651077
1.329108
0.941064
-0.374269
-0.389868
-0.675311
2.426818
1.051083
0.169184
1.141746
0.673573
2.099036
1.556223
0.574512
0.221758
-0.197081
3.134958
0.811982
2.662611
3.455243
3.072516
2.482027
0.763885
2.816158
4.124107
2.212581
2.731199
2.272969
1.982538
2.318111
1.846048
0.400241
1.520268
-0.247765
2.396221
2.559771
1.872764
3.162079
0.481958
1.552248
1.606265
3.049526
0.849494
1.467796
0.946093
2.603739
1.338590
0.339441
0.772062
2.018235
0.515707
0.118628
1.348808
3.308249
1.114753
-0.857583
1.829402
3.514501
0.508232
4.296703
4.156223
3.303855
2.763820
0.829024
1.419257
1.826889
1.161666
1.978948
3.444863
2.550575
0.795307
1.291589
0.382716
2.036808
1.794436
3.864691
1.494755
4.586527
2.177782
1.108859
1.185803
2.122702
2.020459
0.614050
2.761953
3.902193
2.412558
-0.205352
1.026392
2.163959
2.376773
2.517458
1.194254
2.354647
3.139888
1.694175
1.472866
3.299821
3.149542
2.085995
-0.564351
2.102381
0.941569
2.894931
4.651095
0.078783
2.444901
3.889609
3.483561
1.813987
2.554075
0.845437
1.701361
2.416808
2.946212
3.510102
2.558544
2.472046
0.710561
1.970125
1.719265
1.930702
1.664950
1.781611
0.756010
-0.356536
1.938612
1.338568
2.266183
1.560900
2.015465
1.411409
1.990121
3.612722
2.546735
1.444673
1.560019
2.449516
1.600179
0.847478
1.645874
0.532507
3.105190
1.696320
3.142740
1.740650
1.567006
1.120106
3.173761
1.926788
2.426650
1.771474
1.913473
4.175702
2.423149
2.102917
1.013625
1.133457
2.318872
3.329914
2.242663
1.846023
1.485252
1.560475
1.270828
1.496258
0.727405
3.224924
3.912839
3.506726
3.879020
4.749407
2.690432
2.047617
0.588000
1.455765
0.974456
2.436496
5.324659
-0.107051
1.822794
2.837554
2.863542
-0.979615
2.177089
2.583822
1.359941
2.806669
1.786378
1.513907
1.401567
0.625380
1.962072
4.742437
2.611363
1.479146
3.457633
2.516970
2.552665
1.412372
1.583723
2.141484
0.311045
2.228472
3.295287
2.615781
2.211738
-0.378211
0.265576
1.525211
1.276994
2.702646
3.276361
3.672374
2.763532
1.305789
1.977617
3.750587
2.089851
1.797487
2.883909
1.839799
0.745750
0.905332
3.125600
1.445796
3.530328
2.198373
1.448054
0.421974
2.150426
0.742261
2.277595
1.268214
2.461803
1.847023
1.590229
1.270116
1.505738
3.130019
2.571100
1.840098
0.876789
2.606840
0.849285
0.867278
1.464991
1.015922
1.782049
2.209135
1.992161
1.023648
1.397194
0.901771
2.567492
0.706434
0.979720
0.579508
1.217793
3.583011
3.339511
0.006390
0.727674
1.157378
2.123271
4.944209
1.074641
4.362423
2.047791
1.905632
1.960391
1.713223
2.096989
3.367137
1.624307
2.144920
1.680363
2.931607
1.099191
2.636772
1.732885
1.085028
-0.009076
2.873324
1.050605
0.755580
1.573871
1.009887
2.527385
0.259595
1.699619
1.806039
1.682129
2.847427
2.965059
0.891722
0.747726
-0.265341
3.874441
2.788369
0.365251
2.829375
1.208158
0.790231
1.052720
1.628440
2.539611
1.355302
1.730485
1.655398
0.118517
0.352885
4.459433
1.776302
4.069607
3.115729
2.541258
2.780318
2.675533
2.472554
2.156115
1.284991
1.057943
2.563316
4.211663
3.531808
1.865418
3.089918
2.107980
1.865687
2.999193
2.902330
1.517686
2.392864
3.192454
1.251708
2.857716
1.667278
0.419089
6.052169
2.983677
2.263904
1.465750
2.922176
0.810597
1.211426
2.782418
2.613013
1.722144
1.976033
0.979262
0.074146
-0.374498
1.899193
1.710141
0.254002
2.586391
2.720960
1.180247
2.963039
3.541902
1.092748
3.757993
3.211651
2.460257
1.330197
2.414465
4.149294
2.932775
-0.066567
2.510571
3.860553
2.879475
0.994043
0.077255
1.903244
2.597810
1.079047
3.597883
0.145041
2.109734
0.599139
2.387427
3.856272
2.095406
2.596978
0.870905
2.625213
1.810114
0.578773
2.894124
5.140182
0.934982
2.205463
2.620325
3.007872
0.573420
1.946136
-0.573777
-0.037069
0.125473
-0.558324
0.619435
-0.005065
0.611782
-0.223769
-0.161267
-1.872538
0.705226
-0.832268
0.833836
0.401136
-1.012164
-0.571330
-0.201065
-1.246360
-0.236749
-1.300431
-1.336316
-1.886532
-1.516166
-0.122355
-1.080722
0.421677
2.954890
2.043858
1.477688
-1.657460
-0.136654
1.328085
1.499847
0.146870
1.622079
2.991248
2.355817
0.319498
1.954499
0.273927
1.836840
1.815026
1.331671
0.633297
2.364711
0.347647
1.107153
-0.643122
2.120971
2.214970
0.147600
-0.186580
1.879901
1.338002
2.125777
1.593006
0.144631
1.113538
0.973355
1.181733
0.943405
2.050756
1.370876
2.097775
0.518346
-0.431993
2.226038
-1.729710
1.006886
2.681631
0.370881
0.688959
0.106667
0.524194
-0.963959
0.936258
0.144005
0.947270
0.177444
-0.112860
1.223969
2.269516
1.548129
0.284439
2.426719
1.481717
0.681354
0.967892
0.623355
0.293046
1.951984
2.345971
2.351863
-0.198093
0.775229
1.314777
-0.646550
2.229154
0.348558
1.182336
4.237149
1.800629
1.381537
2.652931
0.760550
2.781236
1.585653
1.912129
-0.082769
0.762963
1.297701
0.250561
-0.815471
-0.134891
1.385968
1.027576
-0.902732
0.907389
2.003979
1.000636
1.539952
1.207008
1.436592
1.133171
0.670279
1.088938
2.347855
2.142580
2.324711
1.554858
1.103389
0.775667
2.357161
1.989557
2.684011
1.958447
1.058095
-0.514057
1.144253
-0.910473
1.694638
2.342746
0.046007
-0.977346
1.130128
0.514654
2.107016
0.416395
1.535700
-1.033816
0.814877
1.724422
0.733908
0.675983
1.598545
0.610324
0.400847
1.547078
-0.698395
-0.313033
0.824017
0.269433
0.422140
2.378722
2.482312
1.168838
2.188932
0.418003
-1.174908
1.355341
-0.736838
1.993830
1.166503
2.454805
1.907337
0.686191
-0.281475
2.374896
2.471627
2.550045
2.882516
1.291299
1.032569
1.658935
0.494479
1.783973
1.396554
0.902765
0.521541
0.891425
0.245265
1.598719
0.454323
1.406602
2.048831
1.080148
-0.392769
0.941478
-0.832293
2.167940
0.465573
0.510350
0.597552
0.506694
0.650495
1.747357
1.222224
0.550040
0.332632
2.032507
2.770635
-0.234076
1.842345
2.296931
2.191929
2.154652
1.360873
0.594851
-0.587280
0.749117
1.307214
1.243347
1.926612
2.314209
0.904460
0.403384
0.444016
3.063046
1.404488
1.038486
0.183989
0.737466
1.711065
1.244845
1.423946
2.541619
-0.594690
1.435132
-1.271139
0.145221
-1.071031
1.978903
-0.901822
-0.531706
0.480726
1.612037
0.419571
1.432112
1.396727
2.134626
0.130933
-0.587710
-1.786956
-0.010137
-1.112863
-0.357741
-0.785426
0.170683
-0.317705
-0.348777
1.040328
1.541500
0.889363
0.942146
0.934328
1.222359
1.723535
1.408494
-0.368976
0.979251
1.378461
-0.228594
2.403651
1.702048
2.265277
1.635096
1.711320
2.284174
2.839463
2.876775
1.464637
0.093438
2.367190
1.322462
1.520711
0.750313
1.057284
0.381867
1.625167
2.154367
0.647903
1.238198
-0.045104
-0.069153
1.100137
0.716888
1.785501
0.670398
2.318398
0.544296
1.200375
1.052317
0.750519
0.795327
1.381307
2.129403
1.033524
1.608727
0.800551
0.808426
2.150320
-0.337594
0.167138
0.760222
2.081850
0.491360
0.921546
1.896843
2.072345
0.293104
0.595386
1.104880
1.044190
0.949846
1.257184
1.038870
1.744908
2.406685
1.092833
3.105942
-0.204564
2.253396
2.654405
-0.395407
-1.156184
2.528617
-0.390373
2.501677
1.998242
1.858418
2.577187
2.196173
-0.571144
-0.326940
1.794303
1.310474
1.392974
0.479712
0.359522
-0.432526
0.303321
-1.579229
0.779382
2.484530
1.215969
2.495958
1.215868
1.880832
2.019406
1.614769
1.679206
1.210526
0.950106
1.472372
0.948828
1.457053
2.240511
0.316468
0.402688
0.024660
1.915883
1.348417
1.659703
2.257038
1.862400
0.381038
1.283233
0.084578
1.299946
1.583835
0.103852
0.278074
-0.321584
0.731700
0.025393
1.235463
1.980503
1.870826
2.142936
0.018459
0.654897
-0.167153
1.779947
0.708601
0.947641
0.292997
1.335949
2.187171
1.344704
3.050885
1.308957
0.823608
-0.117513
1.032035
1.370304
0.571059
1.059431
-0.463463
-1.929653
0.943574
2.222616
0.776104
1.665231
1.914136
0.599807
1.680048
-0.746628
2.442931
2.292441
1.902726
-0.003657
2.962829
1.888006
2.644887
1.614711
0.670391
-0.210034
0.972136
1.031057
1.577315
1.340253
1.005701
-0.442326
0.772069
1.030657
1.395092
0.802194
1.869192
1.470275
1.656003
2.041435
0.503712
0.094762
-0.253215
-0.323152
0.489983
1.283685
3.215618
1.156003
2.961868
0.759224
-0.873515
-0.833054
0.387099
2.062649
2.120986
0.258043
1.591959
0.039537
0.205136
0.127698
1.963408
0.692936
1.712034
1.943519
1.513489
2.014122
1.251863
0.620248
1.530427
-1.134166
0.004344
0.625857
1.979201
1.359942
-0.374905
1.738311
-0.141595
-0.224554
-0.360217
0.687633
1.770301
0.661191
0.629650
0.948586
0.900923
1.340464
0.888626
1.336432
1.561916
0.600787
0.351083
1.635268
1.955454
2.530904
0.677640
1.057940
0.754000
1.612395
1.093250
1.622495
0.520059
1.396966
1.434125
0.417345
0.565648
-0.094406
0.354694
0.512439
0.545782
0.929819
1.115514
1.469953
0.647155
0.510225
1.147688
0.643026
0.529435
2.001969
1.910768
0.611130
1.194184
0.705984
1.387881
1.628749
3.345527
1.967360
1.484824
-1.512892
0.674006
1.815980
0.237388
1.889352
0.684386
-0.170315
1.848160
0.693597
1.255306
1.010452
0.422634
1.092505
0.265635
-0.791540
1.015620
1.235647
-0.299372
0.550735
1.799842
1.779871
0.435081
0.663815
1.213241
1.770021
0.562503
2.634391
-0.106966
1.508615
0.438576
1.072203
0.441295
0.414634
0.127345
2.131618
2.230912
1.831733
0.040088
1.495765
0.793312
-0.173134
1.634300
0.586205
1.785717
-1.337265
0.342170
2.400719
0.588270
0.079755
1.646587
2.491258
0.833147
0.342948
1.186917
2.096229
1.674798
1.730690
2.136720
-0.999843
1.017956
-1.031633
-0.994609
1.485141
1.139729
0.077574
1.159333
1.696766
2.044448
0.321711
0.451712
0.474067
-1.991958
-0.206176
2.149918
-0.490807
-0.076972
0.304879
-0.093949
-0.063430
1.385082
0.792268
1.345515
1.316161
0.028007
3.410651
-0.908779
1.151719
1.533045
1.871997
1.080357
2.248189
1.232813
-0.028897
0.801180
0.026416
0.229854
0.805410
1.251558
2.068293
-0.029031
2.011411
2.150515
1.557796
0.177407
0.569978
1.382365
0.577869
0.481387
0.036812
0.070424
0.475418
0.813595
0.843526
0.388170
0.173542
0.994887
1.003746
0.677141
1.142806
1.731052
1.139590
-0.065012
1.075848
1.076806
2.501499
1.351872
0.748795
1.046789
-0.638138
-1.149875
-1.427917
0.546782
0.537610
1.860152
3.288976
2.728465
1.471877
0.754178
1.136104
0.095473
1.153985
2.338092
1.528722
0.264252
-1.659926
-0.902543
0.628380
0.418590
3.026863
0.941862
3.233431
1.388356
-0.209505
0.365371
0.616924
0.341559
1.617264
1.606775
1.632070
0.752881
1.224045
0.395692
0.642451
0.211026
-0.962606
0.380727
2.617531
0.820045
0.490422
-0.871762
-0.419942
-1.208393
2.612556
-0.889145
-1.337677
-0.494666
0.047247
-0.451042
-0.106648
1.041740
1.493950
0.197027
-0.529751
-1.801515
0.790622
-0.897459
0.205163
-0.146522
-1.543577
-0.466960
-0.664655
-0.697765
5.551670
-1.384640
-0.197644
-2.072312
-0.431222
1.936587
1.754867
1.543594
-0.678872
-1.467762
-2.071445
-0.034066
-1.365013
2.598422
-0.731487
0.429108
-0.069728
0.616824
2.444960
-3.839555
-0.038110
-0.426207
-1.226802
1.325498
-1.075315
-1.374847
-0.189558
1.066079
1.283468
1.207484
-0.221375
-1.179424
-0.505921
1.296766
0.161930
0.151480
-0.250336
-0.581211
0.535676
0.160202
0.004768
-0.747017
1.068411
0.303058
0.657989
-1.354394
1.003933
0.416086
-1.141191
-0.898661
0.305841
1.670130
-0.479120
0.283467
1.419223
1.625747
0.230672
2.590076
-0.202670
1.058774
2.737260
-1.162218
-1.677590
-3.320785
-3.390867
0.320333
-1.866597
0.155223
-1.521945
0.881036
-0.474205
-2.046221
-0.307054
-0.163550
1.162494
-1.329243
-0.725825
-0.844855
-0.091242
0.078833
0.401083
-2.485582
-2.747116
-2.940123
0.322899
0.542308
1.384894
-2.113486
-0.779961
0.416101
0.564177
1.729212
0.277700
-1.733187
-0.878145
-0.370086
0.672898
-0.185552
1.018454
-1.452410
3.394985
-2.374269
-3.110725
-1.787796
2.746073
-0.294992
0.267526
-0.261464
-1.217890
-0.165483
-4.089130
0.821135
-0.881488
-0.290968
1.545683
0.713458
0.834723
-0.986311
1.644821
1.019625
-1.300433
-1.008243
-0.426038
0.606855
0.808399
0.331231
0.559531
-1.088323
-2.291990
-0.760933
-0.502131
2.926592
-0.631321
0.932042
-0.996891
1.512840
-1.587103
-0.149276
-0.294042
0.688280
0.481740
-2.199817
-0.574944
0.090439
1.594721
1.066870
0.050281
0.300987
-2.072570
-1.022738
-0.574994
1.692669
-1.873939
-1.694323
2.502615
-0.539930
-0.688270
0.912069
-1.096584
-1.612330
0.046086
1.201784
1.773170
-1.166632
-1.229326
1.985188
2.771330
-2.014864
0.120989
0.828875
0.535750
-0.264625
-0.633780
-0.152738
-1.374572
1.654111
-0.586903
-0.580826
-0.752472
0.837981
-0.113687
-0.579830
-0.746529
-1.762125
-0.518767
-1.192669
0.455137
0.479859
-2.220731
2.439020
-3.944456
-2.164031
0.302719
0.433739
-1.659047
-3.019882
-2.336877
-0.571003
-1.511439
0.008052
0.423732
0.392424
-2.554547
-2.605357
-4.780514
-1.987948
-2.133162
-1.187077
-2.045228
-0.159576
-1.030614
-0.931084
-3.221835
0.677233
0.360505
1.491351
0.761304
-1.053389
-2.323437
-0.000236
-2.882330
-1.821697
-0.655737
-0.175534
1.412344
-0.601358
-0.880183
1.717661
-0.693594
1.525626
1.447683
-0.113260
1.165523
-0.486598
2.056711
0.313575
0.923468
0.975486
0.029207
-1.566423
2.939580
-1.507114
-1.398610
-0.067590
-2.380548
0.740926
-0.104388
0.846019
0.793711
0.421415
0.742911
1.107207
-2.903514
-0.871199
-0.480449
-1.335087
0.936263
-0.855746
-0.354052
-1.350094
-1.497680
-2.031777
2.015116
-0.984227
1.397957
1.603657
1.808987
-0.843312
1.579108
-1.091259
0.680783
-0.689660
0.132754
0.184077
-1.523613
-1.042898
-1.105466
1.008327
-0.298451
-0.442989
-0.219137
-0.155298
-0.965877
-1.015200
2.201078
-2.934587
0.864549
1.926652
0.700325
-0.290785
-0.473989
-1.173655
0.397881
1.731149
-1.271356
-0.569316
-0.027123
-0.991245
1.111099
-0.495290
-0.470688
-1.086846
-0.521842
-0.904078
-1.546851
0.583136
-0.245788
-2.131934
0.176657
0.975608
1.124040
0.875000
1.631277
-1.189870
0.540541
0.122290
-0.375092
-0.056432
1.243994
-2.998215
-1.070816
0.071709
-0.274777
-0.928784
1.170461
1.959796
0.195649
-1.012382
-1.517309
0.151613
-2.523718
-0.169169
-1.376829
-3.152960
-1.606730
0.490275
1.725080
-0.645431
0.715142
-0.030994
-1.116297
-3.361416
0.515591
-2.060869
-0.179083
-1.126642
-0.137845
-1.569650
-0.831571
1.043254
1.527294
-0.367687
-0.667420
3.378749
1.921086
-0.636843
-0.056680
3.526385
1.862223
-3.637418
-1.884161
-2.392096
1.942582
-1.350760
0.057134
2.380140
0.296976
-0.689389
-1.823367
-0.644833
-1.915537
0.979604
-0.070112
2.738980
-2.033785
-0.698216
-0.991600
0.249205
-0.342134
-1.669392
2.150835
-1.473307
-1.310861
-0.587023
-1.302048
-0.755384
1.488083
-2.699442
0.864616
-0.326397
-2.770463
-0.595970
1.959425
-0.950091
-1.230554
-0.454663
-2.027266
-0.923159
0.614938
2.036457
0.951755
2.963131
-0.106540
-3.406555
-0.346441
1.097287
-1.296607
1.305504
1.068897
-0.879577
0.131359
-2.285686
1.589349
1.574578
-0.362317
-0.305236
-0.349274
-0.635410
-0.285106
0.799662
-0.010388
0.910625
-1.168506
-0.474806
-2.325648
-0.649562
-3.567388
-2.105444
1.487940
-3.053506
-2.815616
-0.777087
-0.033199
0.102450
0.310881
-0.305310
-0.812187
-0.020462
-0.290583
0.872353
-0.361889
-0.213026
-0.605157
0.611928
-0.223939
1.311305
0.733658
-2.880986
-1.075671
1.571155
1.863176
-1.531926
0.221014
-1.501257
-1.339612
-0.004405
-0.596835
-1.487489
0.040859
-0.761211
0.068885
0.278720
-0.339247
-0.788443
1.017955
-2.193394
0.048209
2.224057
0.249815
0.583516
0.977963
-0.210464
-0.497103
-0.107456
-0.766028
-0.520868
-1.739338
2.205784
-0.213555
-0.619555
-1.748469
-0.105601
-0.153698
-1.248482
1.053155
-1.590994
-1.681353
0.612571
-0.954081
1.232792
-2.272336
0.928817
-0.831456
-3.670863
0.902039
0.838882
0.867005
-0.505137
-1.127886
-0.836160
1.344801
2.219834
0.686322
0.408110
0.498765
-2.203753
0.052717
-1.746945
1.090080
-0.929111
-0.960819
-0.563552
-2.549131
-3.777757
-1.940936
3.233368
-0.328279
-1.660093
-0.642418
-1.053888
0.287925
1.510864
-1.161003
0.144917
0.156405
-2.062143
-0.532441
-2.096423
2.086128
-0.648543
0.172333
0.041251
0.374590
-0.853873
2.915351
-1.154759
0.483344
-0.315263
-2.796576
0.421257
1.392006
-1.371920
2.273572
-0.274279
-1.886334
1.237989
1.195547
-0.322517
-0.578901
0.481324
1.752413
0.213701
1.249573
-2.255006
2.725443
0.354121
1.367820
-4.696872
-0.385358
0.272824
2.613864
2.088539
-0.449011
-0.748678
0.580356
-3.651721
0.855798
0.826191
-1.258590
-0.014122
0.921543
0.470777
0.445506
0.799546
1.581589
0.212322
-1.479339
0.274238
1.419501
-0.863147
-0.094134
1.177962
-1.361452
-1.167649
1.538825
-0.459583
0.845415
-0.278226
0.714969
1.267060
-0.349405
1.260013
0.103959
-0.098621
-1.156587
1.719447
1.070734
-0.510317
-1.060325
1.267627
0.475803
-1.757568
-0.588378
-1.177541
-0.529944
2.460954
-1.111446
-0.136180
-3.123591
-2.808738
0.921417
0.062279
-1.117045
-3.525139
2.179367
-0.958998
-0.555468
0.962961
1.379707
-1.106744
-1.776123
2.825424
-0.436446
0.815715
1.202431
1.432370
2.388146
2.056291
3.808928
1.471567
2.893868
2.249103
-0.651141
2.398036
2.215419
2.952723
2.070247
1.690717
2.100240
1.774664
1.203995
0.958420
1.108121
1.652809
2.514234
2.374608
0.794639
0.417570
3.143564
2.315433
1.649156
2.212406
2.972077
-0.348329
0.862147
1.100462
1.964974
1.453372
0.683149
2.369259
2.964887
2.634350
-0.186217
1.534079
3.260911
1.112755
0.112569
-0.039553
-0.887823
-0.839061
0.616215
1.746269
0.669564
-0.486510
1.815299
1.545376
0.694139
4.755463
1.819922
1.575417
1.943030
2.683789
2.081033
2.928052
0.833017
1.244027
0.356044
1.109796
0.419941
-0.964632
2.239215
3.096828
1.447740
-0.075284
1.695169
2.326135
0.459525
2.986430
2.104340
1.720732
2.949112
3.038527
3.106077
2.634036
2.583209
1.640592
1.007653
2.555121
-0.272050
0.890762
2.733205
0.498494
0.897466
-0.573589
-0.572396
3.206521
2.858769
2.114666
2.617774
0.868724
0.416708
1.418380
3.176115
2.827029
1.817516
0.883842
3.061412
1.606111
0.192637
2.637880
1.307412
1.534123
1.553862
2.583571
1.623365
1.389800
0.405968
1.064101
1.907062
3.340476
-0.375328
0.548130
1.614900
1.155742
0.958324
3.907490
2.508582
1.551387
2.136185
0.857258
0.508667
2.462257
3.081620
1.023716
-0.284944
0.006938
1.563829
3.758743
2.890345
2.140018
0.792151
2.050349
1.857147
1.031780
2.834898
1.151692
0.292959
2.202488
1.798904
1.997256
1.641493
2.202739
0.905548
1.310940
1.021832
-0.629942
1.750436
2.713455
1.373152
1.507360
-0.553354
1.023540
1.533170
0.408131
-0.042746
1.678704
0.731179
4.358918
2.559379
2.116022
3.778975
1.042898
1.447973
3.429714
2.997908
2.444307
-1.156756
1.597244
0.005083
1.938153
0.068332
-1.907913
-0.304448
0.472899
-0.171925
1.872510
-0.027907
1.274798
1.944856
3.829441
2.937095
-0.413908
1.261597
3.460077
4.800031
2.286782
0.966743
2.666465
-0.066567
0.931016
0.161538
3.305652
1.503462
3.994679
2.878664
2.145095
2.920948
0.132794
1.765100
2.485121
1.318478
1.102977
3.214447
3.218884
-0.274167
-0.392229
0.887887
1.381563
2.898948
1.952077
3.851089
1.365500
1.146632
1.527378
2.778071
2.459845
-0.802834
0.636083
2.640043
2.832810
1.133954
1.815872
2.313774
2.242103
-1.274014
1.911144
2.373034
3.048267
1.520968
2.724864
1.508797
3.037988
0.821729
1.992385
2.049042
3.666900
2.571352
0.921117
0.534542
0.687627
-0.738751
-0.527587
2.421349
3.076611
3.014387
0.719919
4.117395
2.397841
0.376723
2.593090
-0.500349
4.480812
2.278245
1.503884
2.668260
3.013875
2.441555
1.343994
1.485427
4.656764
0.966622
2.813887
-0.353314
2.068653
1.260478
0.968074
0.288002
2.233374
3.380500
1.355939
1.894886
1.542590
2.143462
1.887889
0.258635
1.978944
2.398267
1.056974
2.025296
1.615941
2.649381
-0.491674
3.837954
3.500460
0.276535
3.296212
-1.275332
2.033590
3.256951
2.590344
2.763231
4.317153
1.393615
1.423493
0.243009
1.652758
2.148537
1.399349
0.813737
2.724271
2.263987
1.993991
1.817200
1.198748
0.980213
1.980582
1.737806
3.227374
3.402135
0.898076
1.413879
1.817930
3.120257
0.900554
1.455022
3.725114
0.968181
2.338279
-0.337812
1.174886
2.907735
2.747789
2.116261
3.647894
3.390178
3.688023
1.899224
1.955233
1.828743
1.821495
1.426466
3.597974
1.964024
2.376538
0.903987
2.147202
2.698413
3.559217
3.261692
1.313208
2.757736
2.162527
1.324639
2.450363
2.474632
0.628295
2.267277
4.636542
3.144222
1.449943
3.171739
0.369984
4.693663
2.197284
2.447205
4.062221
2.073925
1.043225
-1.831849
0.769171
2.554321
0.549661
1.773569
1.486376
4.942062
2.514690
3.064268
0.719724
1.433076
3.833406
1.514400
2.207040
2.265916
1.541389
3.767482
1.161078
0.714133
2.496318
3.818254
2.762938
3.260325
3.025812
1.146287
3.328869
1.004110
2.414004
2.882572
1.862105
0.617478
2.659908
2.120656
3.526525
2.002655
2.466811
2.295798
2.341357
1.083152
0.058145
1.325526
0.887499
2.471004
1.531612
1.013050
3.969131
1.313718
2.808788
3.319291
2.671862
1.653157
2.616945
2.086007
-1.183665
0.411099
2.686196
2.771076
3.582546
3.389137
2.707874
0.724322
2.115908
3.137534
2.484081
-0.188969
0.905030
-0.012376
0.299697
2.589689
2.587636
0.760944
0.448629
2.018296
3.057302
0.118464
1.586793
2.169120
1.199310
2.732838
2.257613
-0.440063
2.377797
1.504658
2.428251
1.506943
1.014460
3.237967
0.431658
1.705168
0.133279
0.096918
1.699390
2.712476
3.014448
0.959512
0.566704
0.713274
1.569969
1.102438
2.434149
1.122296
1.946521
0.380972
3.119954
-0.233188
0.194361
0.595513
0.338008
0.806451
3.170973
3.902451
1.074059
0.275070
2.207563
1.256808
1.932827
3.155824
1.583670
1.360404
1.618075
2.299818
2.970309
4.169263
3.088960
3.688008
-0.028216
-0.785938
1.477651
1.836674
2.219003
2.422717
2.139009
1.357787
1.973183
1.717241
0.690679
2.476662
3.500780
2.890038
2.357479
1.205217
0.141042
0.761117
0.579151
-0.489308
0.973298
2.988051
3.860647
1.570307
1.970595
2.001631
-0.754631
1.485227
0.185244
2.241260
3.385227
2.358968
1.635385
-0.309551
1.115988
2.011405
2.387568
2.473316
0.666182
3.929555
2.428542
1.975088
2.921721
0.397128
1.747132
1.145207
-0.779291
-1.194647
2.725659
1.689446
0.811751
1.336920
1.178158
1.074379
0.720709
0.168910
1.055830
1.282474
0.811612
1.861029
2.337647
1.679433
1.439435
3.500552
3.256802
1.921061
3.012531
1.335246
-0.205500
1.190947
1.177767
0.932979
2.034001
1.057789
2.035792
1.291676
2.012495
1.318676
2.634895
1.191292
1.584769
0.399516
0.310276
3.859200
2.189697
3.176266
1.946493
2.283811
2.696241
2.614513
2.076267
2.194940
-0.423594
4.153433
2.331709
2.496955
3.487011
1.213796
3.655516
0.306886
0.795870
2.316722
1.043844
0.400606
3.572936
3.813615
3.619174
2.332698
-0.391233
0.559301
0.078690
1.428515
4.043966
4.000286
0.159383
1.073727
1.166026
1.914488
3.340438
0.329800
1.701956
2.274200
0.434249
2.070729
2.570602
2.617854
2.828177
1.139334
2.541423
1.533108
1.677706
1.734077
2.781997
0.211618
4.148319
0.143251
1.918503
1.621269
0.506596
1.785940
2.557558
2.029151
1.396439
-0.694395
1.788565
0.036522
0.889142
2.179508
3.012998
1.836192
2.960392
0.856830
1.470149
1.936542
3.145812
2.268696
2.642348
-0.295075
1.721676
2.038247
3.003906
3.772712
1.633775
1.664135
1.796990
0.280740
3.706313
1.913202
2.244537
0.279314
2.179272
1.477751
1.521165
1.683319
2.287907
2.622245
1.855940
3.397144
2.918742
3.168134
3.431047
3.242084
0.601234
1.609793
-2.220638
-1.781032
-0.513507
-1.979746
-1.609031
-3.948833
-0.623048
0.453505
-1.197385
0.372599
-0.715672
-0.087483
0.042013
-1.923457
-1.924692
-1.418490
-1.908275
-3.119893
-2.510011
0.335207
0.414132
-2.234638
-2.644333
-1.153579
-3.546198
-0.067326
1.344319
5.429454
2.059155
2.746460
3.246754
2.952091
3.509993
0.945823
0.688817
0.423408
2.933514
-1.448392
-0.559530
-0.425130
1.218681
-1.907578
-0.477026
0.066150
-0.943331
0.846795
4.870524
1.497379
-4.038713
1.047081
1.113664
-1.247798
-0.883468
1.099571
0.701419
1.124510
-1.558992
-0.052865
2.268610
1.322399
1.541971
-0.043522
0.888462
-0.491665
0.897769
0.849112
1.069722
2.561126
-0.860561
1.177193
2.864754
0.844741
-1.653638
2.881212
3.152449
1.135147
5.546613
2.335521
0.246182
2.560753
2.507364
1.540653
0.766744
-1.707119
-0.939159
1.955030
-1.700029
-1.268705
-0.195972
-0.637483
3.016430
3.909119
0.240636
-3.105388
-0.173628
0.662233
-2.266153
1.949548
2.634341
0.169362
1.287936
0.766592
2.013232
0.180501
0.667786
-0.763444
0.168773
-0.871794
0.769955
-0.246102
-0.521471
0.549511
1.418569
-1.894398
0.665691
1.521133
0.303571
-0.497624
0.155251
-0.538327
-0.928709
2.026031
2.625513
1.584110
-1.066023
0.051341
1.832088
2.133222
-0.579405
-1.394514
-1.218532
-2.388438
2.706219
0.959675
-0.538261
1.747043
3.220130
1.708153
3.338011
0.248376
2.125267
-0.366172
1.448664
0.471838
-1.908332
1.909393
0.134037
0.626421
1.450817
-2.178597
-1.467660
1.565447
1.804238
0.630398
0.994533
0.523242
-1.529677
2.878820
1.577079
1.018887
1.820354
3.987504
2.421004
1.682939
3.143322
2.193720
-1.782623
-0.183332
-2.272851
-1.012491
-0.074753
-0.052237
-1.277641
0.072955
0.452314
1.447117
-0.921259
-2.067108
0.234710
-0.608840
0.645498
1.427410
2.245056
3.232819
1.712245
0.339185
0.258766
1.078048
0.038162
1.742731
1.478760
-1.031658
-2.169725
1.594028
0.732296
1.850560
-0.249002
2.448151
-2.262169
1.498975
0.107089
-1.166575
0.002744
0.544993
1.384509
1.681814
1.115684
2.792749
1.790154
3.274293
0.204565
0.148175
2.370618
1.576066
1.560807
2.699306
-1.808415
-1.026178
1.496332
2.773846
3.295952
0.806041
1.253578
1.324223
0.396508
1.197594
0.316499
-0.643476
0.378467
0.668203
1.925143
2.562843
4.190608
3.127294
1.491312
5.418581
2.283467
0.511432
0.877248
2.854642
-2.013887
2.133767
0.129310
2.666939
1.356787
-0.174762
-1.552199
-2.586355
2.990195
0.890455
1.563064
1.317807
-0.248561
0.515708
2.092000
2.088471
2.021216
0.265242
0.246661
0.559873
4.268044
3.286925
2.170433
-0.723621
-0.356123
-0.354798
2.816674
-2.816780
1.619270
0.361798
0.805565
-0.140252
2.003151
2.405271
1.854015
1.459072
1.143815
0.787959
0.999223
1.187649
-0.034015
2.594697
1.246082
2.485897
2.600915
3.019502
0.288291
0.692700
-2.268537
2.355623
0.656088
0.118630
2.979491
2.546755
0.964152
2.238166
2.477946
2.712119
0.679885
-1.263050
2.547736
1.477069
-0.836646
0.685844
0.486372
0.778732
-2.301097
0.481487
0.005577
2.016995
1.746857
0.094770
-2.278556
0.656537
0.861326
1.793408
0.858846
1.427158
1.258597
-2.881073
1.944047
0.880372
3.653417
-0.448114
-0.268730
0.212762
1.875628
1.667787
0.697784
-0.316685
2.389406
2.536609
0.498264
2.982466
3.192892
2.860703
-4.453314
0.340095
2.392113
1.558695
0.304821
0.722670
4.302087
3.018813
3.114992
0.295472
1.765261
2.124185
3.502088
2.064738
3.395102
0.755635
3.465860
3.156969
-0.054475
3.122441
1.258089
0.523027
4.911198
0.502658
-1.490263
0.116693
0.954302
2.340990
2.561692
1.748622
3.459882
2.022270
1.916822
-0.479744
4.464283
2.456503
1.353320
0.412783
1.659735
2.559371
0.251024
1.162324
-1.730949
3.000119
-0.625538
0.270698
0.170243
2.727107
-4.380082
-0.191665
3.417824
1.641253
2.213036
1.695297
0.066996
1.734535
0.615774
-0.806286
0.169842
0.291655
2.017362
1.310091
0.827682
-0.488988
0.570846
2.802629
-0.844578
3.007037
0.606459
0.904277
0.049151
2.528968
-0.006220
1.107609
4.441545
1.437606
2.884953
1.788673
-0.944384
1.482478
0.462840
-0.114586
2.971659
2.812606
3.084182
1.734639
3.657677
0.394930
1.366934
1.438089
1.857109
0.807342
-0.326464
0.786580
1.971174
-0.345941
-0.131487
-0.115411
-0.413266
-1.309017
1.704122
2.597301
2.678047
-0.058391
1.648889
4.236924
0.646583
1.431932
1.850912
2.768713
4.708878
-0.689447
0.262694
2.238745
0.915097
2.768489
1.875236
1.375663
2.604381
3.569954
-3.627113
-1.335003
0.792004
0.592699
1.283027
2.068909
2.086203
1.086532
2.102056
0.954368
4.545529
1.673786
-0.749352
1.870914
2.656545
0.884840
-0.054728
1.701199
1.850467
0.705067
0.708268
-1.003827
1.070945
1.214544
-3.383650
-1.090697
1.447834
1.803460
4.197862
4.995166
3.689897
4.729582
0.410799
1.070023
2.431978
2.621752
0.843261
-0.041148
-0.373285
0.594756
1.191378
0.245379
1.099996
2.428292
1.391756
0.947860
1.505478
2.325976
-3.656696
-1.697938
-1.920048
0.878339
-0.845612
2.662940
3.257595
0.826015
0.746815
-0.109930
-0.409016
2.184817
2.372267
1.285080
1.167620
-0.203565
0.547956
-0.382438
-0.697487
1.426498
-0.039808
0.965802
0.946830
3.352504
-2.271816
-0.163866
2.240100
0.303283
0.521622
0.941895
-2.270180
-1.984718
-1.090763
0.120838
0.658333
-0.603415
-0.529418
0.885733
0.830760
1.144210
0.586603
-0.171834
0.945807
0.844684
1.317566
0.278224
-0.237274
2.438939
-1.583843
1.644838
0.112218
0.662699
1.306899
0.168604
-0.111564
-0.014981
-1.945143
-0.686866
0.505661
1.835134
-1.035740
-0.764058
1.385637
0.732003
1.611278
-2.005806
-2.595887
-1.810470
0.238594
-0.528824
2.952483
3.911727
-2.157487
3.330786
-0.067171
0.226792
-0.002666
1.340625
-0.012766
0.170951
-0.392617
2.270681
0.381235
1.609895
2.160889
0.328667
0.281510
-1.052367
1.624308
0.990675
-1.432898
1.587588
0.445184
-0.590821
-2.028276
-0.085947
-1.054104
1.406309
0.651977
0.948137
-0.514556
-0.405935
2.649269
1.871567
1.843480
2.262592
1.913890
0.126979
1.624466
2.542080
0.909251
-0.139472
0.737635
1.562240
-3.193653
0.645261
0.862488
0.936996
-1.413602
-1.924892
-4.632461
-0.283175
-0.386927
-0.165605
0.648022
0.377839
1.969898
0.936144
0.903420
0.774216
1.513890
2.532650
3.319255
3.688304
2.958676
2.321742
6.054355
0.686639
3.323403
2.721643
1.568823
-1.569281
0.285271
-0.211730
-2.711809
1.830135
-0.511041
-1.623265
1.096865
-0.793797
0.404478
-0.121212
3.078403
-0.040697
3.442874
-0.218481
-1.822018
2.003007
0.646213
0.962399
1.950639
-0.291462
1.631911
3.128747
3.406249
1.361958
-0.681038
-0.658148
-1.484907
-1.367171
-1.025422
-0.809992
1.152151
1.273858
-1.152068
-1.961648
-1.291028
-2.785118
-0.912934
-2.325503
-1.171571
-0.274367
-0.471824
-1.681082
0.529743
-0.133125
-0.136756
-1.230668
-0.305742
-0.870398
-0.263283
-1.689717
0.003227
-0.788805
1.618228
-0.216613
-3.206620
-1.044979
-0.451826
0.320417
-1.335090
0.044067
0.453438
-0.284054
-1.075734
-1.819122
-1.169053
0.563101
-0.379478
-0.568783
-0.113175
-1.038952
0.116037
-0.372077
-1.404669
-1.011222
-1.351698
-0.296541
-1.745404
-0.413888
2.410582
-0.325209
1.235370
0.247368
-0.028417
-0.071880
0.866279
-0.276422
-0.366017
0.719180
-0.045755
-1.621967
-0.641931
-1.144580
-1.599040
-0.431942
-0.672374
-1.479211
-0.077595
0.885696
0.007006
-0.733044
-1.830706
0.581727
0.253395
0.353814
-0.855988
-0.121500
-0.824745
-0.426694
-0.893954
0.503736
-0.107662
0.259605
-1.026191
-0.456992
-0.656044
-1.847085
0.216695
0.083949
0.118837
0.974946
-1.901452
-1.326028
0.991449
0.355440
-0.548483
0.322439
0.133388
0.688549
-1.432966
0.853614
0.627305
-0.068116
-0.827895
1.894549
-0.020977
-0.193347
-1.700181
-1.558725
0.686002
-0.098918
0.164467
-0.201404
-0.888643
1.619398
-0.663777
-0.886898
-0.314167
-0.468882
0.829498
-0.864369
0.910571
-0.442033
-0.249495
0.550885
-0.511905
-1.168328
-0.867268
-0.658733
-0.565886
1.875995
-0.251144
-0.220119
-0.739423
-1.412872
-1.445841
-1.767345
-1.495084
-1.250535
-0.326545
-0.083827
1.252157
1.668580
1.467354
-1.912014
-1.390645
-1.069453
-0.180967
-0.156426
0.780865
-0.088971
-1.585791
-1.635901
-0.436507
0.339424
-0.145587
0.260395
-0.345842
-0.195035
0.560312
-0.406793
0.801691
-0.384288
-1.154959
-0.897114
-0.432797
-1.071449
1.082173
0.391447
1.740444
-0.728842
-0.685396
-0.823927
0.162721
0.234292
0.801649
-1.294623
0.940118
0.066169
-0.925452
-0.059730
-0.076647
0.694645
-0.150573
0.642528
-0.637955
-1.638035
-0.589353
-2.017323
0.781033
-1.051333
-1.090659
-1.394066
-1.754089
1.231510
1.529024
-0.012412
0.354400
-0.098174
-1.986348
0.365552
-1.062642
0.787496
-0.402469
-0.239578
0.716391
-0.272151
-0.811593
-0.359510
-2.625343
0.524416
-0.857472
-1.299873
0.232464
1.283861
-1.159341
1.241218
-0.075716
-0.341604
-1.224156
0.025289
-2.394115
-0.604623
0.882594
1.763865
0.561399
-0.764582
-1.574167
0.372385
-1.081778
0.722533
1.159004
-1.302540
-0.802009
-0.686188
-0.402772
-0.422613
-0.029763
0.240331
-0.560413
0.459638
0.471627
-1.067210
0.463467
0.407190
-0.189290
-0.768745
-1.095093
-0.272721
-0.066935
-1.605369
-1.480603
-2.015533
0.317893
-0.367983
0.281023
-0.355627
-0.570795
-1.145892
-0.713993
-0.297063
-0.045240
-0.990873
-0.734785
1.366059
-2.490030
-0.363377
0.148638
-0.592003
-0.137358
1.041713
-1.215867
-0.648227
-1.025159
0.179881
0.265946
-0.953025
-0.332951
-0.049497
-0.337115
-0.484217
-1.432404
0.356744
0.175602
1.151714
-0.009684
-1.050875
0.492878
-0.151218
2.332861
-1.452744
1.389237
-0.402286
0.781019
1.880365
-0.004167
-0.860528
-0.286112
0.029935
-0.216296
-0.613209
-1.110659
-0.935692
-0.263974
-1.596998
-0.057653
-1.143076
0.444890
-2.484104
-0.523968
0.355360
-1.454230
0.570820
0.680863
0.627845
-1.310652
-0.843914
-0.245072
-1.319402
-0.208844
-0.091347
0.391933
-0.428683
1.125386
-0.982510
-0.914081
-0.783199
-0.622598
-0.907415
-2.505978
-0.346245
-0.727050
0.019284
0.260909
-0.525189
0.447943
0.292939
1.318995
-0.412270
-0.840405
-0.854361
-1.190189
-1.072049
-0.352079
0.104605
-0.489070
-0.030021
-1.980434
0.028506
-0.537262
0.433503
-1.061153
0.252490
-0.628396
0.945725
-2.657292
1.008998
-0.612927
-0.932454
0.062613
-1.948922
0.256552
0.268701
-0.521020
-0.995154
-2.146247
-0.015950
-0.604282
-1.262530
-1.534427
-1.335168
0.884824
-1.208746
0.928952
-0.669196
0.818145
-1.637221
-2.053689
-0.759777
-0.371578
-0.516228
1.222563
0.636022
0.096270
0.123214
-1.564723
0.325154
-0.092538
-0.204212
-1.968411
-0.079159
0.061740
0.495994
-0.399858
-0.904263
-0.005496
-0.871938
0.266393
-0.533875
-0.794587
0.186483
-1.628525
-0.745560
-0.749979
-0.929561
-1.587962
-0.163124
-1.245306
0.210554
-0.198935
0.017842
0.450510
0.205938
-0.809160
0.938742
-1.115819
0.590549
-0.613824
-0.609000
-0.728064
-0.636704
-1.015407
-0.567186
0.545402
-2.168864
-0.963471
0.199491
-0.376806
0.102786
0.832538
-0.116776
-0.848907
-0.837536
0.627189
-1.778200
-0.527551
-1.249880
-0.711278
-1.072957
-1.473094
0.590337
-0.168629
0.438974
0.021377
0.229435
0.998691
0.868016
-0.667298
-0.891150
-1.364195
0.363711
1.832149
0.798113
0.205626
0.560732
-1.162024
-0.865796
-0.291242
-0.795091
-0.877517
-0.597522
0.161902
0.203698
-0.795135
-1.984300
-0.606956
-0.320273
-0.064574
-0.722066
0.316282
0.029000
-1.710366
-0.759547
0.262371
-0.147233
-1.080055
0.553330
0.566693
1.907635
0.370149
0.208084
-0.001812
-0.886831
-0.195455
-1.350248
-0.673634
-0.216961
-0.609867
-0.686145
1.230824
-0.457049
-0.109529
0.317014
0.577720
0.402265
-0.455270
0.705909
-0.869232
0.415829
-0.079421
-0.233820
0.608932
1.318300
-1.127878
-0.756454
1.228731
-0.830867
0.176281
0.935106
0.189005
-0.288245
-1.790558
0.700015
0.373073
-0.221029
-0.120496
-0.721827
1.094310
-0.609458
-0.504100
-0.598419
0.000325
-0.898357
-1.074675
-0.292803
1.074963
-0.630409
-0.177638
-0.796080
0.303891
0.739321
-0.441180
0.705631
-0.435183
0.159301
-1.078566
-1.340796
1.573339
-1.275181
-0.891598
0.050016
0.601091
-0.456223
-0.005784
-0.959053
-0.554586
0.051952
1.046647
-0.095944
0.351736
-0.612563
0.187742
-0.667289
-0.237291
-0.357945
-2.765779
-1.108062
-0.627989
0.892988
-0.792776
0.149419
0.080252
0.628939
-0.421852
0.054249
-1.039523
-1.066669
-0.620877
0.972292
0.717410
0.385476
-0.573957
-0.029548
-0.303968
-0.492418
0.421384
-0.116410
0.661283
0.768574
-0.135857
-0.216154
0.424130
-0.348047
-0.771784
-0.976801
-0.739933
1.453276
0.536026
-0.753611
-1.137953
-1.167975
0.840008
0.882541
-0.255701
-1.675282
0.618420
0.344948
1.077830
-0.239834
-0.864238
-1.362856
-1.718403
-0.974506
-0.188123
-0.214427
-2.462264
-0.286372
-1.223976
-0.351272
-1.215881
-0.298697
-0.050982
-0.721237
-0.221119
-0.124354
0.199844
0.295465
0.396032
-1.150710
0.180335
-1.017615
0.626864
-0.282118
-0.478965
-0.737236
-0.828938
0.664544
-0.889713
-0.233077
-0.197501
-0.622530
-0.011970
0.195849
0.247645
-1.568232
-1.133597
-0.464463
-0.045640
-1.973866
-1.585660
0.450123
-0.632101
-2.223202
0.100752
-0.311298
0.054665
0.353263
-0.455466
1.843076
-0.141197
1.432950
0.462586
-0.343118
-1.076642
0.898429
1.029902
-2.003810
0.424943
0.504419
-0.203377
-1.074559
0.556756
0.494592
-0.910506
-0.117007
0.354264
1.316138
-0.604007
-0.217254
0.441368
-2.440896
-0.942396
-2.120515
-1.473261
-0.929747
-1.062409
-0.052069
-3.031090
-0.599495
-0.608312
0.373422
-2.102215
-2.060686
-2.089437
0.287844
-1.186680
-1.789052
-2.291961
-0.557090
-1.294646
-2.465277
-1.224363
-1.919669
-0.920461
-0.100969
0.141669
-0.778975
-2.927023
-1.749216
0.922352
0.520928
-0.315038
0.098915
-0.669435
-0.254598
-1.211044
-1.464814
-2.053322
-1.005145
-2.850267
-2.885401
0.108886
1.404412
-0.904820
-0.349118
-2.552918
0.460701
-0.577734
-2.063115
-3.122857
0.859465
-1.670833
-1.507687
-0.235148
-1.616054
-0.741924
-1.744720
-1.601055
0.338142
-0.564416
-1.331073
-0.772768
0.082031
-0.050776
-0.957574
-2.496634
-2.052013
1.946205
2.210448
-0.735941
-0.545049
-1.844715
-1.525472
1.735013
0.186778
2.089761
-1.129518
-2.820389
-3.293953
1.801736
-2.232745
-1.431021
-0.920042
-0.544806
-2.015198
-2.790288
-1.049515
-3.562248
2.142371
-1.209664
0.578411
-1.628085
-2.609896
0.340694
-1.444135
-0.197989
-1.218727
-0.493506
0.573532
-0.624231
-0.177225
-1.130314
-1.301113
0.940308
0.819477
1.035884
-0.311739
-0.662787
-0.744641
-0.961101
-1.544175
-1.520032
-1.497908
-2.581848
-1.627283
-0.549716
-0.365402
-1.351380
-1.160180
-1.987583
-2.075260
0.370224
-2.264381
-0.300169
1.873870
1.754403
-1.568287
-2.282077
0.331171
-0.008484
-2.204290
0.751994
-0.689082
-0.491176
-0.475651
-1.257679
-0.419581
0.113811
-0.636115
0.150195
-2.676409
-1.224875
-0.856708
-0.773951
0.747973
-2.284422
-3.993473
-3.928533
-2.043295
-1.026883
-0.291717
-0.124970
-0.752238
-1.334192
-1.286869
-1.104512
0.159543
-1.332621
-1.303261
-1.927850
-0.396796
0.458363
-0.460653
0.469251
-0.968583
-0.442943
-1.032539
-0.714297
-4.595150
-3.109014
-0.081395
-1.136938
-0.433934
-1.317827
-1.102754
0.068637
2.062682
0.147552
0.354630
-1.176869
0.690056
0.650121
-0.153276
-1.503340
-0.909131
1.701858
-0.469416
-2.845554
-1.081544
0.275407
-2.027978
1.128843
-0.515830
-1.078454
2.203401
-3.755260
0.697425
-0.568416
-1.584319
-3.462601
-0.601063
1.498635
-1.427824
-1.977242
-0.500037
0.597580
-1.050259
-1.228935
0.916266
-1.221586
-2.318836
0.956428
-0.573213
-0.433513
-0.536728
-0.215525
-1.987387
-0.941461
-0.524943
0.846598
-0.069433
1.012042
-0.241907
-0.320978
-1.177977
-1.205410
-1.804722
-0.457616
-1.707350
-2.679310
-0.090518
-0.224597
-0.333354
-0.337170
-0.204234
-2.156608
-3.425736
-3.306857
0.030702
-0.745407
0.076327
-1.840677
0.367539
-0.698421
-2.405058
-0.472872
-0.013900
-2.412880
-2.711246
-2.015041
-3.069511
-2.869246
-1.599987
-1.717622
-1.880110
-0.735657
-4.989617
-2.063841
-0.625873
0.292956
-0.205154
1.234994
-1.404884
-0.855701
0.132361
-0.866167
-3.443165
-2.350251
-1.420317
-2.902163
-1.471925
0.891915
-0.154728
-0.600032
0.759812
0.525968
1.089564
0.534187
-2.553310
-0.148822
0.470891
-0.529495
0.550068
0.264150
0.515374
1.333545
-0.796245
-0.569527
-0.036501
0.671745
-1.911925
1.443760
-1.264591
0.504923
-1.091676
-0.554056
-0.750547
-1.781003
-0.938240
-0.495944
-1.463346
-3.238961
-1.444181
-0.594279
-1.573494
-0.968633
-2.190866
-0.278710
-0.131783
0.255814
-1.062778
-0.808065
0.778282
-0.479392
-1.126172
0.421474
0.027325
-1.915139
-2.902870
0.500242
0.741346
-0.854304
0.172687
-0.441672
-1.324818
-1.207270
0.487757
-0.088031
-3.810524
-1.605390
-0.168430
-1.897704
-0.018080
0.185657
-0.305081
-1.906047
-0.275925
0.342872
0.933305
-1.983179
-2.887158
-0.645022
-0.239447
0.329605
0.174785
0.232643
-0.788012
-0.279396
-2.981393
-0.279471
-2.037003
-0.879693
0.368873
-0.045945
0.993147
1.287192
-1.346580
0.074445
-1.859098
0.346164
-0.786436
1.458274
-0.088382
-0.446578
-0.503520
0.395420
-1.466913
-0.638707
0.505860
-0.417380
-2.391313
-0.829342
0.155672
-1.499097
0.687557
-1.178369
-1.580645
0.702820
-1.046146
-2.010168
-0.766258
-1.367087
-0.968927
-0.553018
-0.241990
-0.704626
-1.163324
-2.811806
-1.687713
-2.048432
0.110377
-0.841010
-1.875467
-2.486158
-0.589870
0.933591
1.084669
0.061497
-0.328653
-1.756722
-2.310179
0.226850
-2.472389
-1.355546
-0.256463
-2.744661
-1.483178
-0.379832
0.309673
-0.127771
-0.145968
-1.116242
-0.059550
0.174961
-1.721391
0.801977
-0.828116
-1.352326
-0.213421
0.348424
-0.350543
-0.329023
-0.238879
-0.455971
-0.544859
-2.480365
-1.990854
0.259247
1.556006
0.714205
-2.494445
-0.189128
-0.708422
-1.209082
-2.090012
-0.551803
-0.357412
1.038547
-1.050372
-0.287874
-0.548459
-3.383871
-1.008025
-2.180499
1.181978
1.517902
3.033158
-0.641868
0.103296
-2.373913
-1.047330
0.843818
1.271046
1.291361
-0.096983
-0.912711
-1.313127
-3.033530
-1.366821
0.404225
-0.275620
-0.269497
-0.429930
-0.207856
0.481604
-1.152593
-1.580371
-1.773464
-0.873115
0.481208
-0.080447
-3.007631
-1.458332
-1.577683
0.094133
-2.682817
-1.382758
-2.378532
-1.312630
-0.441985
-0.541303
-0.328654
-1.243843
0.341244
-1.001268
-0.003380
0.563188
-0.527715
0.938742
-1.332538
0.000962
-0.855808
-1.056130
-2.138225
0.702216
0.685210
-1.705442
0.966837
-0.554270
-1.389993
-0.183724
0.481925
0.093213
-0.893819
-1.800676
-1.895187
-1.791099
-1.131489
1.806086
-1.005538
0.306999
-2.358393
-2.532412
-0.512019
0.231031
3.085002
-0.606924
0.449289
-1.775414
-0.018615
-1.459613
-0.563897
-1.857665
-0.336948
-0.837643
0.778766
-1.406523
-1.085817
-0.816378
1.498335
-0.898727
-1.798391
-2.268043
0.381563
0.051183
0.470342
1.056744
-0.783419
-1.343972
-0.626771
-1.554839
-0.590368
-1.119762
-1.048309
-1.021410
-0.245459
-1.583061
0.615260
-0.831923
-0.289362
0.140750
-2.550624
-0.677938
-1.574112
-0.019114
-1.837547
-1.348014
0.503063
-1.760343
-1.252740
0.671496
-0.217641
0.327737
-3.269999
-0.970396
-1.321150
-1.684756
-0.787505
-1.090191
0.319301
-3.289332
-1.779531
-0.468944
0.122242
0.859087
-0.279337
1.202660
-0.970645
-2.282415
-1.016129
-0.445088
-2.106397
0.200134
-0.548739
-0.638314
-3.321081
-1.660152
-0.604965
-0.507631
-0.076060
-2.223594
-1.021495
-2.428788
-0.095940
-0.751965
-1.055484
-4.186916
-2.063204
-0.643611
-1.088367
0.115732
-0.396115
-0.746166
-4.008844
-1.088714
-0.964721
-1.408890
0.099933
-0.471949
-1.354262
0.793305
-3.704049
-2.144977
-2.024986
0.275137
-1.287347
-0.794739
-1.300575
-2.706317
-1.366388
-0.469641
-0.969444
0.117286
-0.271027
0.013335
0.390114
-1.401253
0.721604
0.134858
-1.690442
0.822476
-1.159325
-0.143684
-1.476230
-0.281052
0.714587
2.451434
-0.866004
0.393894
0.933141
-1.787196
1.188572
-0.028298
-2.259292
-1.774769
-0.493258
-0.700786
-1.949666
0.411110
-1.776382
-1.901859
0.314757
1.006301
-1.525378
-1.534824
-2.255445
1.304854
-0.383392
-0.531741
0.684176
0.157425
0.338332
-1.819994
-2.260214
-0.397343
-1.942752
-2.585385
-2.086383
0.042001
-0.078791
-1.607964
-0.933661
-1.339558
-1.985454
-2.729295
0.596992
-1.785726
-1.118187
-1.654335
-1.913913
-1.406813
-1.293181
-1.856844
-1.655707
-2.185015
-1.625890
-1.048083
-0.079497
-1.506900
-1.870918
-2.623244
-1.503100
0.174845
-1.285753
-2.816785
-1.469400
-1.237904
0.904300
1.739191
1.249620
-1.160926
-0.573756
-0.527827
-0.191966
0.821310
-0.054692
-0.147334
1.581070
-0.628464
-0.346125
-1.069415
-0.821802
-0.307111
-1.211827
-0.962975
0.520817
-1.202904
1.105144
-0.201869
-1.181906
-0.584140
-3.228734
-0.344379
-1.642414
-0.414070
-0.625533
-0.095482
-1.366377
-0.753561
0.986172
1.441319
0.524115
0.865420
-1.482539
0.726680
0.565791
0.302883
0.040423
-1.327438
-0.434680
-0.595805
-0.067796
-0.289873
0.399681
-1.757761
-1.782908
-0.887438
0.416005
0.852484
-0.275367
-0.075001
0.033440
1.486763
0.156760
-1.103265
-1.478135
-1.481278
0.504212
0.548800
1.710793
-0.368146
-0.351056
-1.174163
-0.635524
-0.663008
-1.475327
0.252111
-1.241563
2.334747
-0.364554
-0.322795
0.903691
-1.175861
-0.823175
1.076159
-0.323269
-0.969263
-2.002994
-1.811324
-0.915555
1.527992
-2.282450
0.071290
-0.345045
-0.260411
0.216615
1.997431
0.071540
-0.750680
0.738988
-0.888556
-0.079075
0.436832
0.674520
1.694120
-0.824299
-0.463537
-0.915951
-2.156678
0.142208
-0.914977
-0.958586
0.110167
-0.895464
-0.092287
-2.152178
0.154014
-1.645514
-1.629221
-0.843522
0.103254
-1.138420
-0.154045
1.100480
-0.679496
-0.514842
1.488520
0.688245
-0.775920
1.331966
-1.110743
0.448371
-0.657047
-0.592148
-1.123476
-1.333715
0.876211
0.297777
-0.237540
1.191832
0.247026
1.249049
-0.160516
-1.870059
-0.158776
-0.773800
0.755532
-0.901250
-0.597343
-1.705251
-0.404730
-0.785056
1.433363
-0.461509
0.511509
-0.520958
0.229713
-0.805543
-0.057963
0.306208
-0.253910
0.766150
0.307473
0.430354
0.288062
0.056077
0.531564
1.746093
0.218133
-0.776385
-2.176458
0.822788
-0.135392
0.555809
-0.375278
1.231004
-1.305054
-2.359196
-1.595801
0.169391
-1.104979
-0.565500
-1.319737
0.436129
0.990119
0.013452
-1.336436
-0.150588
-0.636693
1.469519
1.274927
-0.997267
0.202461
0.897075
1.074063
0.321021
-2.064073
0.968334
0.779643
-1.515810
0.674298
-0.568289
-0.375374
0.143359
-1.649661
-1.682692
-0.492735
-0.422278
-0.168133
0.658465
-0.173213
-1.439256
0.047141
-0.580366
0.228377
0.546473
-0.276212
-0.376745
1.003631
-0.890978
-0.856363
-0.473796
-0.932850
0.165513
-0.828670
1.115653
0.525512
0.728883
-2.043824
0.151743
-0.533962
-2.971395
-0.491878
-1.922304
0.683204
-0.100536
-1.277867
-1.834079
0.858088
0.171625
-0.702529
0.751619
-2.169377
-0.662140
-0.020084
-0.169140
-1.725326
0.623059
-0.552528
-1.493705
-0.697830
-0.576207
-0.347085
-0.034851
2.435178
0.295544
-1.504633
0.515628
-1.207621
0.354262
-0.076565
-0.148668
0.730168
1.220466
-1.007327
0.090806
-1.016285
-1.932223
0.975440
-1.336111
0.166996
0.377449
0.713426
-1.826118
2.036084
-1.754185
0.813329
-1.033867
-1.946882
3.319750
-0.835154
0.805381
0.292972
1.267744
0.714475
-0.882252
0.513872
-1.253030
-0.488533
-0.754665
-0.346556
-1.223220
-2.282566
-0.626869
0.116085
0.660472
-0.841670
1.279476
-0.923900
-0.599360
0.230173
-0.563678
-1.115640
-1.131973
-0.162343
-1.180210
-0.587718
-1.159095
-0.370142
-1.146495
-0.381203
-1.370376
-0.085209
-1.195322
-0.573071
0.031841
2.347488
0.426367
-0.638639
-1.839911
-1.713356
-0.282528
-0.491005
-1.184348
-2.235646
-1.556820
-0.841196
-0.763792
-1.678383
-1.625490
0.380934
0.451574
-1.099365
-0.213092
0.134111
0.407814
-0.688507
-0.292318
-0.279824
-0.802881
0.449762
-1.527990
-0.330494
0.070847
-0.046602
-0.305086
-0.536314
0.608438
-0.387016
-0.225069
-0.921898
0.617494
0.098350
-0.222749
-0.365392
0.245325
-1.825457
-0.039285
-2.264424
-0.992009
0.338668
-2.170793
1.004543
0.810061
-2.615031
-2.011812
-1.187530
0.438574
-0.365799
-0.248145
1.065713
-0.263416
-0.761079
-1.410748
0.919190
0.063881
-1.971838
-0.011512
-0.626855
-0.569260
-2.049365
0.225981
1.498219
-0.763408
0.262413
1.899165
-1.454493
0.966079
1.153734
-0.639304
-1.154943
0.895386
0.024294
-0.302040
-1.002451
-1.150328
0.356130
0.651464
0.020833
-0.292816
-1.017546
-0.461612
-1.507560
-2.149379
-1.831635
-0.854480
-1.093949
-0.583093
1.256374
-0.742695
-0.110625
-0.916930
-1.076682
-1.562717
0.054910
-0.089725
0.078297
-1.436732
-1.973221
0.743994
-0.504619
0.443930
-1.665941
-0.608107
-0.375239
0.550535
1.063926
0.428086
-0.309669
-0.541830
-0.123476
0.407562
0.781234
0.605856
-1.633981
-2.152305
0.485967
-0.096799
1.209249
-0.379412
0.393468
-0.449956
1.036692
-2.406478
-1.726741
0.632525
-0.424351
-0.019162
1.378428
-0.088186
1.329960
0.724320
-0.927951
-1.930274
-2.298855
0.367552
-0.197239
-2.103024
-0.149131
1.102976
-0.845734
-1.175375
0.779358
0.086882
-1.347217
0.636706
-1.427712
0.113136
-1.279262
-0.126740
-1.201065
1.169278
1.051372
-0.163423
-1.511842
0.008315
-0.028714
0.363074
-2.661242
-1.896262
0.459162
-0.106874
0.958397
-0.302771
-1.713393
-0.200253
0.572846
-1.435018
0.055099
-1.204436
-0.072377
0.686720
1.331479
-0.074451
-0.033108
0.081977
0.265556
-1.188774
0.953674
-0.201505
-0.587258
-0.093978
1.580976
0.006693
-0.747638
-2.046874
-1.978618
-0.807771
1.691371
-0.257892
-1.483212
-0.560493
-1.313621
0.459049
-0.803576
-0.200567
-0.493141
0.179757
-3.259442
-0.537615
-0.189840
0.006134
0.947169
-0.689983
-0.948298
1.274624
-0.919075
1.044459
1.360816
0.997386
0.389894
-1.156462
-0.784210
-1.529679
-0.118414
-0.640839
0.489481
-0.284648
0.831759
-1.215830
-0.706271
-0.617710
0.293218
1.374063
-0.838834
-1.073553
-0.013519
-0.244687
1.317128
-1.450161
-0.710265
-2.666483
-0.358229
-0.978439
0.449914
-1.147875
-0.670528
-1.708506
-2.776995
0.560454
3.317206
-0.423521
-0.086771
1.379719
0.018391
-2.070426
-0.258342
-0.810678
-0.246909
-1.474515
0.193474
0.371960
-0.398499
-1.176595
0.195978
-2.565408
-0.977791
-0.388882
-1.806405
-0.526689
-0.386891
-0.095504
0.603108
-1.118743
-0.791923
-0.297712
0.254806
-1.549100
-0.144945
-0.653209
-0.356154
2.038999
0.436151
-2.117490
-1.019645
0.503721
-1.133313
1.089984
-0.170063
-0.443892
0.468929
0.943316
0.057249
-0.576616
-0.420607
-0.570276
0.926669
-0.448023
-0.161394
-2.047282
0.222076
-0.441299
1.039372
1.292462
1.631045
0.141136
-1.671755
-0.889161
-0.997673
-0.769778
-0.342132
-0.670437
0.286313
-2.437027
-0.453065
0.748545
-1.690675
0.922792
-1.161695
-1.535703
-0.208381
-0.909660
0.625600
0.422907
-1.158858
-0.226034
-2.226972
-2.759150
-3.688447
-1.909125
-1.359179
-1.184872
0.386751
-0.616904
1.403268
2.223318
0.496870
-0.946388
-0.118868
-0.208648
-0.122490
-1.222703
-1.180430
-1.823093
-2.487453
-1.341135
-4.004601
-4.440359
-2.460990
-3.260471
-2.439039
-3.509063
-2.345505
-1.212261
-2.142452
-2.422399
-1.647722
-1.051950
-2.086282
-1.530424
-2.449069
-2.233993
-2.325936
-3.498239
-4.242671
-2.475005
-3.127288
-2.439080
-2.928334
-5.359504
-5.233418
-7.424103
-5.368765
-4.251193
-5.193138
-3.271696
-3.627651
-2.979418
-3.224235
-5.012207
-3.974382
-3.195949
-3.767254
-3.405218
-4.346216
-2.560014
-2.153888
-3.900890
-4.614944
-6.743577
-3.429996
-2.508470
-5.911312
-5.817243
-3.189766
-4.146256
-2.564740
-2.774302
-3.821903
-4.543918
-5.150159
-6.334917
-2.776458
-2.945670
-3.247078
-5.221003
-4.154220
-4.629423
-4.281394
-6.817681
-4.747244
-2.724937
-5.031822
-3.572423
-7.596514
-3.164412
-7.061209
-3.587021
-2.294431
-3.262356
-4.384640
-6.812732
-5.133235
-2.389035
-4.363572
-4.564667
-3.745625
-3.506613
-4.361364
-3.017910
-5.319861
-5.494303
-1.878051
-2.856478
-5.744170
-6.981647
-3.799909
-4.441071
-5.474640
-2.166904
-5.582684
-4.984671
-4.353432
-1.770347
-2.918106
-3.540319
-2.740722
-2.721268
-3.159424
-0.963504
-4.494238
-3.985431
-4.537572
-6.670003
-7.063677
-3.596277
-3.108550
-5.306285
-4.984010
-2.614380
-3.495990
-6.209742
-5.106209
-2.674400
-4.947456
-2.842744
-4.208637
-5.166046
-2.931188
-3.714630
-3.188344
-3.715096
-3.330192
-5.815136
-4.396939
-4.167545
-3.270491
-5.135307
-4.337408
-5.635434
-5.100490
-5.544871
-2.806056
-4.172463
-5.086153
-5.626321
-3.577374
-1.919431
-4.608262
-3.813475
-6.356304
-6.608900
-5.652242
-3.465105
-3.004716
-3.877872
-1.524955
-4.159008
-3.656955
-4.119884
-6.265965
-6.824073
-4.337266
-4.119947
-3.642953
-5.809363
-3.241775
-3.469581
-4.715409
-5.843432
-5.334286
-3.152869
-6.031799
-4.193007
-4.753332
-4.898160
-2.088690
-5.753582
-4.583219
-3.028965
-2.137836
-1.943026
-2.969534
-4.448394
-2.415378
-4.032408
-3.246676
-3.811146
-3.945700
-3.753763
-2.672294
-6.280280
-7.263212
-4.720414
-3.153649
-3.803562
-4.275581
-5.703680
-4.993037
-3.984044
-5.799434
-4.083262
-4.742555
-5.066177
-2.774144
-2.671408
-2.748750
-3.791844
-2.836954
-1.911869
-4.799997
-2.898218
-3.276928
-3.553513
-3.682856
-3.896235
-4.328563
-3.880111
-9.641883
-3.114367
-5.196627
-3.857453
-5.688335
-3.343433
-4.679016
-2.909810
-2.563694
-6.017864
-5.349824
-3.477894
-2.592611
-2.736324
-4.921757
-4.633101
-4.070738
-4.176322
-4.045973
-4.281606
-8.391503
-5.735938
-5.389847
-6.682086
-5.615142
-2.925168
-5.367034
-6.525986
-5.264812
-5.566110
-5.074995
-2.242618
-4.224680
-4.186061
-6.889798
-9.359857
-8.384658
-7.063126
-5.849511
-6.977976
-5.551094
-5.075523
-6.462736
-5.840046
-4.422940
-4.581593
-4.477491
-3.564745
-4.453333
-2.112525
-3.582525
-2.439692
-5.221486
-5.460051
-5.820690
-3.887072
-2.828394
-2.737481
-4.185420
-2.326000
-2.370240
-4.581981
-1.843230
-1.515846
-4.567389
-6.332305
-3.938394
-2.430103
-2.617034
-3.784155
-4.193755
-4.047306
-4.129651
-1.925641
-3.509140
-2.833350
-4.397535
-4.512972
-4.500457
-6.164374
-3.295514
-6.283373
-2.772718
-2.868261
-3.895388
-4.751929
-3.056886
-5.883628
-5.178502
-2.461641
-4.248581
-3.787029
-5.276870
-6.113214
-3.562569
-5.611869
-4.566929
-2.321464
-3.766453
-4.237402
-4.576040
-2.602240
-4.209681
-5.346527
-2.814004
-2.214668
-5.872718
-4.720391
-3.198093
-3.687202
-2.867054
-4.932107
-3.095494
-3.181468
-5.457427
-4.153795
-3.918779
-6.481299
-5.581974
-5.297058
-4.304196
-3.780493
-4.529901
-3.839785
-2.495704
-3.449598
-5.456490
-6.563353
-5.279082
-3.512213
-3.171392
-5.054179
-4.455158
-5.408101
-4.447701
-5.942927
-3.710703
-4.522170
-5.650302
-4.518560
-5.502960
-2.210953
-4.094226
-2.923791
-2.848300
-1.875151
-2.388848
-3.895642
-3.949400
-4.245142
-4.330168
-4.764164
-4.173159
-3.715384
-4.128095
-5.060860
-5.746946
-3.310387
-1.803089
-4.207107
-3.657393
-3.387189
-6.780527
-5.092619
-6.087685
-7.259519
-3.717445
-2.416054
-4.307824
-2.541953
-3.752743
-4.705587
-3.325068
-6.137552
-5.939935
-4.997462
-1.545296
-5.206484
-3.120000
-4.734198
-3.282620
-3.137738
-1.751481
-2.231953
-4.391768
-4.348728
-4.626812
-2.531070
-4.740243
-5.172303
-5.797029
-5.657504
-6.623355
-4.763128
-3.668806
-2.907793
-4.347596
-2.969363
-2.386433
-4.538177
-3.976426
-4.845745
-3.674604
-4.411912
-3.700263
-2.341894
-3.908919
-3.794454
-4.443984
-3.690113
-6.338857
-2.911981
-5.093990
-4.347569
-1.712968
-3.032484
-5.848900
-3.872432
-4.898936
-4.635124
-5.582466
-3.536653
-3.607131
-2.902466
-3.127616
-3.252481
-5.769035
-4.754012
-5.967779
-5.289639
-3.801746
-3.675769
-5.008371
-3.302455
-4.104131
-3.762051
-6.468091
-2.203707
-2.488495
-4.466383
-4.704031
-1.634455
-4.201795
-6.314906
-2.774881
-3.831060
-4.741942
-4.055261
-3.557173
-2.626289
-2.827961
-4.616989
-3.338950
-3.137707
-5.243742
-5.193273
-5.407884
-6.054462
-5.104824
-6.155756
-3.036602
-3.992059
-5.524420
-5.271585
-5.047175
-1.451256
-3.410466
-5.114940
-4.174657
-4.038300
-5.523241
-3.193304
-5.600901
-4.043486
-3.830127
-4.356633
-4.881538
-2.724704
-3.025927
-5.327424
-4.882282
-2.534909
-3.402529
-2.689483
-4.299599
-6.541192
-4.611326
-2.443291
-2.610342
-1.941822
-4.169292
-4.367447
-4.384200
-1.903051
-4.803623
-4.450910
-3.527833
-3.846608
-4.883060
-2.838155
-3.792380
-2.675250
-3.697538
-4.458130
-5.687250
-4.645836
-4.352238
-3.654736
-3.599498
-4.878514
-2.290175
-3.925351
-3.429927
-1.617952
-4.037176
-4.118391
-3.139200
-4.975493
-4.855899
-4.405496
-3.483815
-2.964781
-5.707087
-6.106904
-4.524526
-4.152902
-4.410000
-4.174702
-4.220095
-3.669748
-6.032674
-4.739836
-4.927951
-5.998899
-3.130501
-4.959792
-4.355246
-3.405966
-3.418435
-4.104218
-3.537140
-4.864460
-4.727213
-3.468931
-3.832457
-5.209778
-4.398704
-4.678019
-3.946978
-6.774918
-3.433408
-4.741285
-2.504525
-2.710158
-3.024153
-4.121498
-6.299438
-5.588068
-3.876611
-7.617876
-3.180664
-1.740880
-3.389200
-6.690493
-6.582022
-3.850212
-2.287583
-3.458595
-3.660812
-4.568489
-5.277485
-3.784102
-4.545052
-3.496884
-3.887937
-3.916889
-5.586369
-7.152784
-4.875866
-4.681428
-4.921982
-3.769620
-5.845230
-4.469166
-6.185644
-3.482879
-5.356513
-3.830129
-5.110273
-5.930904
-3.078037
-4.144174
-5.779268
-2.889937
-4.958288
-3.652256
-3.311265
-6.629195
-5.427170
-4.637442
-4.829897
-5.952224
-4.078187
-3.581255
-3.572599
-5.059670
-5.175352
-5.658557
-4.516173
-1.463866
-3.519746
-3.332961
-4.096708
-3.976385
-5.469751
-5.278695
-3.437849
-3.871773
-6.059697
-3.476819
-4.523993
-4.581278
-4.758934
-3.972018
-3.533762
-4.024295
-5.056921
-3.112576
-2.741374
-4.860507
-4.197836
-4.077942
-4.909939
-2.612955
-4.046050
-5.686580
-7.011234
-4.635510
-4.372484
-5.007078
-4.037644
-4.416999
-4.487566
-4.591237
-3.725332
-5.613124
-4.420178
-3.222078
-4.551300
-5.586991
-3.299180
-5.688784
-4.114157
-6.388155
-4.898072
-3.820442
-2.042791
-2.483200
-1.510399
-1.645896
-0.196740
0.393201
1.685482
-0.235047
-1.091310
-0.591845
-1.132752
-1.806370
-1.518790
-0.805624
-0.666899
-1.149488
-0.337044
-0.654001
-0.120982
-1.657138
-1.827191
-0.514423
0.767573
-0.451751
-0.492198
-1.052471
2.185000
1.755744
2.029843
1.254817
-0.177279
1.882727
3.610101
0.964928
2.284742
2.447837
2.747259
0.754025
1.839928
-0.553368
1.155980
2.172160
2.098071
2.856182
2.204002
1.040408
0.723997
-0.339937
2.491772
-0.860268
0.909096
0.064008
-0.185071
3.178059
1.891527
1.633687
0.133031
0.981932
0.842624
0.720037
-0.311159
0.783949
1.450259
2.438253
2.399280
2.155779
0.969322
-0.124663
0.376924
1.656181
2.290232
0.904061
-0.070125
-1.596095
-0.218082
1.195782
1.326196
0.697763
-1.348860
0.095221
-0.261347
0.186661
2.700374
1.530698
0.769512
1.336615
0.531615
1.770260
2.268031
2.047584
1.331593
0.521143
2.358413
2.416844
2.170115
1.181099
2.699028
-1.856093
3.079096
2.045683
2.909589
0.204684
1.035507
2.905993
1.249825
1.612687
2.982497
2.460534
2.866806
1.157220
-0.070442
-0.130116
2.367020
0.825630
0.587412
2.113285
0.281008
1.872486
0.178382
0.560791
2.545263
-2.803709
0.739948
2.994394
0.822584
1.231445
0.375723
1.680296
1.991664
0.176508
1.500093
2.141160
2.305567
0.594029
1.469406
2.966339
0.641536
1.126671
1.426427
2.399513
1.417423
-0.012314
0.985471
1.506940
2.310251
-0.780346
1.185086
0.712592
2.829838
-0.504454
-0.197813
1.656255
2.514588
0.246376
1.083151
1.254222
-0.050868
1.315989
-2.533288
1.642572
2.114058
0.868581
1.530747
1.473839
1.468932
1.400631
1.728354
3.244608
2.591855
-2.206549
0.797288
-0.712512
2.880430
1.822837
1.148227
0.955162
-0.075636
1.043808
1.013992
3.199829
2.902230
2.214579
0.368061
-0.289775
-0.355400
0.262316
2.097016
2.206145
0.682312
1.912421
1.157342
1.956352
4.101712
-0.729319
4.079244
2.185683
0.963441
-1.735718
3.609846
1.941388
0.334439
-0.682015
3.955142
1.923151
0.065594
2.319890
1.669672
0.443230
0.041617
-0.979592
2.888687
0.741730
0.322403
0.996279
2.419109
-1.283172
3.166311
-0.465575
0.814433
1.974897
1.541314
0.636122
3.474124
2.170975
0.889578
0.331210
-0.029141
2.569664
-0.413068
0.590011
1.158540
0.106156
-0.747619
0.451575
-0.643650
1.489892
0.455636
1.522643
-2.077245
-0.002920
3.161536
-1.144772
0.953889
1.366475
0.309681
-0.700111
1.761244
1.865469
4.303498
0.138664
0.888946
0.211727
-3.755270
1.193337
-0.499856
0.584452
0.085010
1.525246
1.783653
-0.136990
0.582927
0.178838
2.172538
1.390914
2.604146
-2.351649
0.617997
0.004216
0.278060
1.559093
0.119946
0.739529
0.757302
-1.030739
1.002007
3.090957
0.288358
1.943892
1.540073
1.543196
3.158607
1.348765
0.620794
0.759958
0.789621
2.355097
0.959975
2.713580
2.527908
-1.890596
0.687848
1.180987
0.959336
1.665766
0.344111
2.743611
0.658744
1.976309
1.406030
0.576136
1.422953
1.119224
0.938301
1.030956
1.324661
1.821110
2.728964
-0.236940
-0.194193
1.629802
2.413398
1.789392
2.926562
-1.058692
2.678165
0.813428
1.885831
0.093668
2.563640
2.643622
0.975467
0.076008
0.887693
0.894282
1.179586
-0.217068
2.010341
1.491141
-0.068826
0.891961
1.698874
1.519179
0.872285
0.370764
2.903267
1.143287
1.776644
-0.608175
0.987842
0.594268
0.704011
1.112587
1.222415
0.394198
1.426842
1.704123
3.860506
1.055361
0.601887
0.296832
-0.637544
2.217514
-0.857008
0.987299
1.725435
2.075999
2.507392
1.034280
2.997842
-0.029379
1.445932
-1.272716
0.791712
3.079451
1.606185
-0.304037
1.857220
2.076678
-0.128186
1.349030
2.250963
1.104769
0.167841
1.876588
0.188687
-0.106890
0.881423
0.139499
2.907035
-0.102046
0.903915
-0.186307
-0.424964
-0.409340
1.687764
0.030184
1.579976
0.487418
1.289436
-2.288403
0.540617
-0.455970
1.141170
1.098087
1.758697
0.065568
0.571375
1.459638
0.773134
0.796029
2.116413
1.879631
0.212664
1.176861
1.475015
3.876770
2.564209
-0.054374
0.691622
-1.430383
1.617494
0.536072
-0.438673
0.976105
0.785363
0.921188
-1.081735
2.052910
0.588713
1.335736
1.692449
1.383418
-0.381612
0.484995
1.231558
0.301406
1.419764
1.525622
1.850779
2.191752
3.421298
-0.121136
-0.034000
-1.643543
1.364412
0.663487
1.926338
-0.953870
1.632261
1.761442
2.360256
1.222237
-0.672805
0.620927
0.872845
1.223911
2.308745
2.878844
3.773250
3.405061
1.230369
-0.439878
2.432516
1.078032
0.449335
2.030996
3.966249
-1.861648
0.974164
-0.796993
1.220264
0.707272
1.871105
0.641833
1.128444
0.923217
2.032249
2.520496
0.718727
1.530465
0.402087
1.071786
2.651607
-0.018387
0.175595
0.151230
0.941480
-0.037668
1.693922
0.028809
2.262025
-0.281174
0.807269
1.833915
-0.235727
0.023917
1.374157
0.877360
1.066125
1.968973
2.002550
0.162359
0.648564
1.667350
2.636975
-0.037691
1.960665
1.558662
2.418070
2.194802
0.676655
1.206334
0.866817
0.918068
1.926715
-0.802487
0.501985
1.210311
2.831552
1.053995
-0.540739
0.277832
1.529065
-0.263612
3.078035
0.209505
0.455441
1.793952
0.354956
0.572192
0.255549
0.867369
0.321936
1.790157
-1.139800
2.178072
2.381121
-0.097932
-1.233030
-1.561792
0.284989
1.362988
2.455281
0.594640
1.114200
2.512213
2.117758
1.341081
3.349080
2.389998
1.156043
0.339292
0.302575
1.815828
1.533364
-0.161808
-0.413643
1.029955
1.213384
3.059976
1.267942
3.003145
1.657143
-2.862433
0.387052
0.060834
1.765966
0.540185
-0.845556
-0.064926
-0.953007
-0.941476
1.813122
3.467901
1.561139
-0.007191
1.481955
0.238633
1.121032
2.565682
1.502086
1.942732
2.723296
-0.016057
2.039818
0.643125
1.189260
-1.000922
0.301970
0.571823
1.462874
2.649873
1.806166
1.200546
1.641689
1.719337
0.926136
0.313596
1.135265
0.383939
2.138504
1.633464
0.404548
0.205591
2.172639
0.411572
0.606142
0.996479
2.549554
2.487326
2.322429
-1.797380
3.761683
3.379814
2.308567
-0.325282
1.028612
0.348159
2.344620
-0.577792
1.094039
0.877921
1.812842
-0.199608
0.615048
1.730140
1.814760
1.152638
0.796691
1.347197
2.643059
3.384797
2.491513
2.883230
1.355656
-0.026339
1.529427
0.888754
0.371605
1.301835
0.714037
0.800725
1.559153
2.194735
3.450025
0.292963
1.464047
0.895242
0.900656
0.699799
1.405563
0.198134
-1.040354
0.970921
-0.294248
0.227606
1.259857
1.854951
2.684106
-1.012791
0.003582
2.130747
3.253477
3.467623
0.830576
1.301654
-0.261957
0.784557
3.291156
0.588548
2.894918
2.189726
2.160569
1.055414
1.827670
2.882956
1.960235
1.997674
-1.256978
2.082069
1.405074
2.288984
1.107493
0.320040
-0.992215
-1.935463
-1.724012
1.465527
1.102788
0.557260
0.469234
1.082137
-0.582316
-0.354312
-1.223016
-1.313299
-0.963304
-1.071213
0.155154
1.003108
-0.606861
-1.252085
-1.240650
1.042797
1.474295
-0.302388
-1.564940
1.026421
1.271087
3.120652
0.478373
4.589400
1.859468
2.177282
2.896560
2.383837
1.171989
-0.241715
2.463179
-0.832925
2.230070
1.692741
2.531667
1.315177
3.043275
4.315076
2.656495
2.862468
3.060933
3.863949
-0.374605
1.409384
2.458113
2.592863
1.959548
0.089998
1.621213
1.552971
1.031872
2.264275
3.350346
1.542192
0.805513
0.131701
0.955954
2.243495
4.318734
3.454415
0.587775
2.360014
0.859700
0.810662
3.520263
3.040796
4.079062
1.527093
1.154783
2.295680
3.600010
2.163299
1.867489
1.521082
-0.209462
2.004314
2.708021
0.600921
1.752584
2.475817
1.119403
2.445287
5.524917
1.855967
1.838832
2.326829
1.918818
4.510629
2.001670
3.342839
5.251191
1.271551
4.912301
3.528728
2.413893
0.289907
1.094886
4.205240
2.848725
1.236572
5.994675
2.667386
2.928979
2.966717
1.728961
3.374944
4.835110
5.743472
3.362673
2.228778
1.074330
3.086993
3.068957
1.962986
1.050617
-1.506796
2.486551
2.748726
-0.572411
2.142461
0.107773
1.626667
0.990736
-0.179697
1.961998
1.710128
1.111353
1.523156
2.907351
3.896300
3.117313
3.465243
3.924103
5.404007
3.405588
1.344656
3.455091
4.742664
5.464698
0.081185
2.185709
5.139606
3.450771
1.907953
-0.057987
2.853190
1.717823
0.947964
1.835294
1.496018
2.174531
3.095369
1.542492
4.948304
4.332778
1.858876
3.758524
1.375009
2.330117
2.360513
1.701673
5.466578
4.830674
-1.188262
2.018562
1.584703
3.454224
3.331044
2.099256
1.155355
1.166394
2.519294
3.765548
1.629326
1.813019
2.551373
2.327277
0.833707
1.641188
1.019138
4.283578
5.565967
3.438822
-1.034956
1.796924
3.375466
5.129148
1.278458
4.986135
3.603279
4.358571
-1.519849
4.896548
1.791268
0.386587
-0.138349
2.016198
3.979062
2.251089
2.623001
2.384168
1.939926
2.509714
0.568170
4.469069
1.911579
0.355272
3.911976
3.816478
1.307143
6.488741
1.662415
4.742895
4.311753
1.240654
0.854650
4.287185
2.669174
2.968526
4.202812
0.848506
-1.417888
0.318945
1.878606
3.650449
-0.347299
1.948862
1.543517
0.291839
2.527958
2.608732
0.341925
0.395462
3.454396
4.091418
-1.134995
3.011400
3.513376
2.458826
1.860240
2.551352
2.587157
2.949952
3.690907
4.093709
2.430589
0.021654
2.086859
3.439141
3.581865
4.775006
2.569355
3.192559
0.772642
3.732769
1.527391
4.579352
3.899275
2.903594
1.150957
0.969209
-0.874604
1.965930
-0.333844
2.463181
2.676433
1.091039
0.497002
3.045388
3.515736
1.555272
5.050748
1.838338
2.694970
1.649156
3.598448
2.509803
0.306984
1.292965
3.922996
2.952238
5.318208
1.289554
-0.286368
2.261976
1.474136
2.649185
1.110904
0.296996
4.128781
2.380180
2.582282
2.688918
1.754503
3.289428
0.318826
2.248763
4.277129
1.763140
2.902824
3.142721
2.015835
1.362201
1.700740
2.250829
4.079001
-0.332770
2.059215
2.796129
2.882781
5.050187
2.390702
2.690349
3.008406
0.899577
2.623894
4.319979
3.692586
2.194248
1.665474
3.705301
0.191443
1.208614
2.285435
3.473433
0.639027
1.144306
3.040356
2.014213
0.317401
4.954265
1.765169
4.290420
2.668368
3.018270
2.637885
3.027011
2.597622
3.538047
3.384435
4.498517
1.432452
2.958030
1.992092
1.126556
3.596550
-0.533551
1.868718
4.520482
6.291149
3.479819
3.829345
4.008030
-0.691731
2.918797
0.687678
1.636525
4.627589
2.715162
1.273245
1.439884
2.518593
2.580017
3.785868
2.705519
2.104972
-1.105645
3.647068
1.916487
1.701317
3.212585
2.589926
0.525957
3.422138
3.617753
2.990061
0.882729
-0.357988
1.696111
1.135780
1.898111
0.862700
-0.433694
-1.819299
2.510279
0.659767
2.483679
2.425268
2.349581
1.806637
1.508725
1.974367
3.214357
2.813936
1.268973
2.522470
1.872440
3.109280
5.665784
7.511581
3.399039
4.229711
3.251200
0.558247
3.131515
1.991103
1.454885
1.563185
1.734520
3.310426
3.898346
3.072997
3.297376
2.676847
3.094337
1.481807
1.619757
0.743645
3.152748
1.635505
2.084647
3.370652
3.605364
5.577937
3.252145
2.563692
0.198164
0.929534
1.226472
0.837582
4.715910
0.269673
2.041309
2.334505
3.896327
2.691757
2.039643
3.324008
4.913711
0.227265
4.730718
0.859843
4.111383
0.593670
1.492122
1.923907
1.212548
3.198173
1.736773
0.878745
2.243198
1.442541
4.187432
3.925375
1.268039
1.319510
4.485535
2.521922
2.090779
1.943098
0.828112
3.462666
2.941996
2.585873
4.423392
3.384634
4.738879
-0.809099
0.059189
3.318606
2.425769
1.010745
2.882044
2.338594
1.371009
1.125469
3.333815
1.735291
1.104471
-0.127416
2.079211
2.232753
1.708200
3.365833
2.783033
3.782598
1.277670
3.376585
0.831762
1.250531
2.172846
1.870397
2.002536
2.395505
1.362995
3.228253
3.046656
1.913269
2.546198
0.759574
2.099313
2.235587
4.658719
1.928574
0.114558
2.955634
1.879678
0.321984
2.983354
2.391423
4.093953
3.194444
1.660449
2.345667
2.846787
2.639347
1.902181
3.005898
-0.918179
3.238829
2.774328
2.331800
0.235367
-0.311020
2.550288
2.939710
1.760250
0.785127
1.320659
3.802001
3.741879
1.023930
3.209154
1.847286
2.945961
1.619819
1.304295
2.614482
1.697421
1.252630
2.463994
0.290048
4.042675
4.467004
2.443906
4.320645
2.485226
-0.845852
0.736672
4.825165
3.082447
2.146321
1.579154
1.939993
1.422524
2.098508
3.825332
2.694810
3.719836
3.392360
-0.144484
1.767176
2.972230
3.423369
3.291704
5.370882
4.747115
0.619672
2.062638
2.734790
2.397067
-0.067650
0.450433
7.624258
2.551359
3.448674
-0.209747
2.364683
2.107083
1.893384
4.046175
2.766673
1.530637
3.832211
1.455796
4.764400
5.515554
1.848906
2.531130
1.307089
2.558815
3.764207
4.755301
5.107879
1.499510
-0.098507
4.445262
5.464722
4.993991
1.284451
2.690788
2.629304
3.317777
0.376434
2.402202
5.781307
2.357268
1.485569
0.623107
1.616015
6.756517
4.259506
2.523586
2.871577
6.661203
5.407229
3.205793
4.633043
3.316518
2.521264
3.360725
2.991987
2.438091
1.792335
4.630615
3.283540
2.556533
4.428021
6.883267
1.899989
1.449867
0.470953
2.411844
0.720892
3.459917
0.668793
-0.288318
1.190435
3.471434
0.340350
2.415470
4.384559
3.562034
-0.293067
0.102496
3.397177
2.968312
3.699611
4.798498
2.896203
2.341768
1.799375
6.036887
4.987289
4.302250
3.150482
0.875746
2.747835
3.743999
2.282522
3.371195
3.264606
0.197445
1.458750
1.667399
4.070769
2.025550
-1.566081
-0.917563
-1.178642
-3.214075
-1.894463
0.804143
-0.032417
-2.600223
0.833467
-0.046938
-0.213254
-1.699437
-1.913395
-1.493362
-1.243545
-1.075428
-1.341829
0.356353
-0.737147
-0.216487
-0.915523
-0.409137
-0.150293
-0.628695
-1.313159
-0.473997
0.151313
-0.093616
-0.185978
-3.218152
-1.479624
1.616668
0.552839
1.505367
-1.698162
-0.953125
-2.238519
-0.374781
0.599256
-2.327160
-2.401894
-1.528479
0.630454
1.397500
-1.819501
0.322280
0.374935
2.302708
0.269328
0.957342
-2.737307
0.244388
-0.368347
-2.579334
-2.274160
-0.865802
0.739670
-0.681215
-1.303065
-1.100843
-1.912625
-0.873175
1.103407
0.950863
0.877683
-1.625636
1.768074
-0.207748
-0.077667
1.215450
-0.995223
0.614597
-1.072870
-0.374613
0.750125
-0.802486
-0.765308
-3.566458
0.194188
-3.397812
-1.172884
-2.344892
-0.703006
-1.034802
1.976771
-1.406446
-0.520348
0.792074
0.744622
0.419617
-2.229828
-0.091618
-2.612734
0.770321
2.080447
-2.039815
-2.007802
0.363025
1.217732
-0.228662
-1.464598
-1.127987
-0.627829
-2.292466
-0.286511
-0.081067
0.988871
-1.112196
-0.990240
1.576282
1.033592
1.779305
-0.576211
0.377480
-3.808406
-2.049578
0.711854
0.803858
-0.621862
-0.887286
-1.413589
-3.396082
-3.221445
-1.326011
-0.516384
2.063655
0.883766
-4.894744
-0.995027
-0.860636
2.005450
0.890895
-1.954407
-6.032049
2.536321
0.770146
-1.966397
0.276727
1.359660
1.948315
-0.773383
-3.127991
-0.467737
0.850100
-0.076142
-2.888928
0.478518
0.969303
-2.683128
1.204345
1.442024
0.535441
-0.535937
-0.955003
-2.594082
-0.229053
0.741511
-2.051400
-1.715209
-3.015496
0.234639
-0.312767
-1.214902
-1.505721
-2.093996
0.540704
0.453859
0.236185
-1.383886
-3.128604
-1.129749
0.053254
1.329763
-1.694014
-0.240195
-0.548070
-2.116810
0.496337
-1.622840
1.283613
-1.597514
-1.224526
1.967026
-0.647397
-1.751091
-1.312528
2.036784
-2.799196
-3.069620
0.740800
1.478639
-1.675850
0.726103
-0.702338
1.846211
2.652712
-1.917812
0.072610
-0.705001
-2.883511
-3.974227
0.927240
2.490293
-0.135187
1.331931
-1.727989
2.746540
2.503532
-3.064997
-1.560263
-3.403697
-1.360914
-0.832029
-2.894649
1.097268
4.861898
-0.725003
0.942384
1.296097
-1.300002
-0.288214
-1.187955
-2.349716
0.821162
3.156506
-0.809648
-0.972342
-2.372802
1.432231
-1.924477
-1.883229
-0.037296
0.046980
-0.928928
-1.787249
-0.090048
-1.996792
-1.176805
-1.189371
0.198124
-2.642902
1.542754
1.638683
0.971957
-1.317306
-0.276535
1.035419
0.073766
-2.072768
1.338067
0.348271
-1.865420
-4.401819
-0.255644
1.194351
-1.499714
-1.046493
-3.825974
-2.322332
1.437485
-0.042325
2.966560
0.402114
1.657546
-0.122769
-1.343228
-2.126914
-5.655213
-3.168896
-1.198802
-1.398164
-1.536344
-1.767051
0.245358
1.755160
-0.141982
2.630389
0.634728
0.238883
-0.774522
2.361757
-2.246457
-0.035405
-0.857799
2.415573
-1.006089
-0.025519
-2.155178
-1.231637
-0.054538
-0.421446
0.588364
-0.613242
-0.337374
-0.094579
-1.422363
-0.496014
-4.754591
0.179523
-0.805517
0.421990
-0.844401
0.538163
-0.283723
1.066644
-0.865462
0.996468
-0.289695
0.764755
-1.344595
0.127412
-0.503690
-0.418271
2.865339
3.630508
-2.287430
-1.156515
1.093656
0.713247
0.549814
1.434612
0.393083
-0.782991
2.437606
0.531490
-2.235706
-1.858587
0.971199
-0.316068
-0.317065
-3.398462
1.723623
0.107069
-0.936698
1.637034
2.625839
-1.478082
-1.692098
0.478743
1.032702
-4.338181
-2.290889
1.497614
1.032327
-1.304744
1.669422
0.803082
-2.240199
-1.255690
-1.056543
0.352000
-1.877209
-0.051279
0.234481
2.122622
3.100263
-0.652001
-2.130186
-2.605298
-1.742290
-0.038632
0.458821
0.474264
0.238663
-1.578290
0.454141
0.222417
-2.986846
1.191485
1.055809
0.234643
-0.672325
-0.938188
-0.188892
-1.190306
0.500926
-2.797765
-1.752124
-0.968442
-1.853851
0.045765
-1.133455
-0.581159
-0.590024
0.427327
-0.018025
-0.774964
-1.977982
-0.190896
-4.831472
0.092000
0.515332
2.957385
-1.412763
-2.566533
-1.409122
-0.472440
-0.647614
0.101144
2.154617
-1.060857
-2.314820
2.058440
0.575702
1.975065
-0.105581
0.669044
0.841379
0.633252
-0.732584
-0.821253
0.502060
0.450464
-1.511817
3.587030
-2.386228
0.035935
-2.247427
-1.312002
-0.530886
-1.443586
1.803191
-0.587205
1.110708
-3.283229
0.248374
-2.083183
-2.674876
0.234721
2.062095
-0.315403
-1.237770
0.265703
0.339741
-0.108888
0.375088
-1.488013
0.975297
-3.111338
-0.794686
0.921086
-0.590213
-1.080832
-1.384872
0.726477
0.564557
-2.281106
1.048105
-0.522871
-0.075310
-1.403076
0.329325
1.837054
0.259395
-2.268039
0.019524
-0.053280
0.057065
0.512577
0.245071
1.023587
1.687355
1.893541
1.415411
0.285396
-1.787380
-2.198897
-0.193476
-0.747974
-0.554867
-0.261793
2.187687
-1.979966
-1.683631
0.651428
-0.033994
-2.010360
1.645173
-2.567054
-1.356147
-2.595044
-0.857904
-0.222355
-0.481106
-2.712091
0.795891
-1.346092
1.189721
0.867734
2.072685
0.417176
1.766892
-2.301670
-2.800502
-0.995816
-0.444971
-2.024658
0.836009
0.373191
-2.223786
0.064027
1.797116
-1.015025
-1.550961
-0.838036
-1.886086
1.318204
-1.992803
-0.833849
-0.336702
-1.879976
0.553707
-1.866048
-0.103780
-2.676056
-0.596508
-0.201634
-1.203279
-0.001836
0.670035
0.200940
-0.222821
-1.243365
-0.971693
-3.473902
-0.137066
-0.628016
-0.867705
-1.501427
0.057937
2.099105
-0.085989
-1.243709
1.331359
4.260325
1.664556
0.725042
-0.061354
1.382876
-0.765107
0.148819
-2.140749
0.280940
-1.242186
-1.703845
0.380391
-2.584347
-0.186301
0.335953
-0.117553
0.394510
1.049601
-3.171434
0.281459
1.013921
0.083614
-2.368852
-1.960711
0.532892
-0.735397
1.575534
1.034190
1.014714
-1.301157
-1.180779
-0.933404
-1.276029
-2.412040
-1.850610
1.401909
2.871452
-1.173654
-1.014032
-0.116869
2.271914
-1.716889
-0.243708
1.490085
-1.328344
0.158973
0.539456
-2.974897
0.518556
-0.631824
0.040369
-1.860899
-1.165055
-2.157972
0.993404
-1.399238
1.117904
0.168967
0.391713
-0.681151
-1.303013
1.081867
-0.777288
-2.138209
-0.641421
-0.231868
-0.415313
2.545738
1.967877
1.070083
-2.078477
-0.060502
0.116915
-1.397476
0.209443
-0.741277
1.306411
1.866001
-0.635043
-1.957093
-0.782189
5.262137
-0.351118
-0.253357
-0.434386
-1.664829
-0.521494
0.123394
0.000676
0.709772
-0.551586
-0.612081
-0.461316
1.190130
-0.242211
2.134212
1.742557
0.523336
2.159794
4.848668
-1.066839
-2.992397
-0.332426
0.461541
-0.850155
-0.517978
-4.132584
-1.618794
0.534671
-4.170680
-0.429196
-2.150297
1.573620
0.220384
-3.626398
-0.387519
-0.134456
1.070837
1.418745
0.611996
-1.381971
-0.379946
-0.656428
2.352831
-0.413742
-0.164227
2.632456
2.057698
-0.324939
0.484637
-3.649435
1.050961
-0.329251
-2.647653
-2.917713
-0.101524
0.063003
-0.198008
2.463008
0.014663
0.815181
0.120569
0.852832
-1.055548
-1.130621
0.885776
-0.852169
-0.491315
-0.380741
0.422487
-0.224865
0.106725
0.957609
-0.172747
0.747215
-0.199780
0.276090
0.048577
-0.423767
-0.478042
1.738938
-0.343976
1.599162
-0.991038
-0.825579
-0.938087
-2.188344
-1.034635
-0.925275
-1.397884
-1.396741
-0.604064
-0.565606
-1.187307
-0.459095
-0.785007
-1.481064
-2.146482
-0.396593
-1.658060
-1.047175
-0.855214
-1.433569
-2.498311
-1.472260
-1.331491
2.083294
-0.679360
-0.723262
-2.129619
-1.091137
-1.645020
-1.585437
-0.083089
-1.717327
-1.205924
-1.560932
-0.111801
-0.930837
0.109207
-0.035798
-1.083717
-0.071536
-2.159876
-0.807555
-0.187892
-1.279848
-0.381105
-1.315958
-2.240170
1.145949
-1.252964
-0.594052
-1.375140
0.366244
-1.722617
-2.183393
-1.350516
-0.970219
-0.285496
-1.326617
-2.317388
-1.370199
-0.868607
-1.964947
-1.449248
-1.919753
-0.580719
-1.175130
-1.710232
-2.830745
-1.613020
-2.093901
-0.502300
1.767652
-1.258966
-2.012392
-1.680604
0.029106
-1.676151
-1.786163
-0.524793
-1.758056
-2.581926
-0.884068
-2.746917
-0.906897
-1.996145
-3.169286
-2.089781
-1.305494
-2.032149
-0.541802
0.493281
-1.053200
-2.209579
-1.134274
-1.744363
1.164248
-2.835081
-0.359981
0.601762
-0.591148
-1.567011
-1.134572
-0.800793
-1.273553
-1.133793
-1.316146
-2.528053
-0.148298
-2.000303
-1.123677
-2.738316
-0.565514
-2.508527
-2.048561
-1.953566
-1.283371
-2.112301
-0.608773
-1.508859
2.320639
-0.363673
-0.851921
-3.336023
-1.465617
-1.629840
-1.443612
0.223569
-0.315531
-1.006979
-0.783814
-0.802895
-1.953442
-1.836208
-1.579087
-1.131015
-1.364762
-1.884959
-1.994995
-1.392345
-0.605265
-2.115762
-2.739733
-0.208590
0.685075
-1.476085
-1.675019
-2.182874
-0.851073
-0.363413
-1.735546
-1.466026
0.012167
-0.930079
-0.565145
-1.037374
-2.116558
-0.498201
-1.133967
-0.906382
-1.860838
-1.923700
-0.772788
-0.247599
-0.976930
-2.547563
-1.642853
-0.621366
1.709838
-1.894165
-1.145026
-1.295509
-1.149960
-0.951069
-1.645306
-2.468225
-1.450268
-2.595033
-1.357754
-0.684323
-1.587448
-0.607434
-0.367307
-0.763743
-0.679554
0.155892
-0.685481
-0.450890
-2.503580
-3.338315
-0.247121
-1.914678
2.341651
-2.526706
-1.469258
-2.109416
-2.059290
-1.396877
-2.061149
-0.048629
-1.913025
-1.974296
-0.503426
-0.191426
-0.506742
-2.263796
-1.385408
-0.501582
-0.943953
-0.224926
-1.462450
-2.838986
-2.170955
-0.895838
-2.284955
-1.683704
0.681036
-0.942743
-1.382482
0.291913
-0.319351
-2.281886
-0.773895
-0.252409
-1.870337
-1.327791
-1.680951
-1.723752
-0.788486
-1.418534
-2.366435
0.283537
-1.167611
-1.928040
-0.580902
-1.101705
-0.859496
-2.592256
-2.218021
-0.727373
1.480116
-0.943306
-1.037570
-0.179344
-1.537602
-1.087432
-1.476825
-1.563714
-0.706654
-1.222826
-1.643973
-1.038487
-2.128110
-2.068111
-1.865158
-2.192610
-2.070047
-2.059426
-0.765460
-1.196151
-0.879556
-1.683175
-1.287886
-0.774110
1.758396
-2.225076
-1.494735
0.327106
0.387962
-1.358666
-1.149301
-1.078824
-2.462750
-0.051209
-1.325776
-1.575826
-2.661189
-1.156420
-1.706090
-2.934980
-1.294211
-0.665033
-1.275477
-2.151085
-1.867909
-0.786771
-1.086676
-1.549974
1.233162
-1.064251
-1.264853
-1.243909
-1.197396
-1.500503
-0.553739
-1.832414
-0.857986
-2.362395
-1.986503
-0.398698
-2.469325
-1.136941
-0.457782
-0.130541
-1.874326
-2.093143
-1.302259
-1.064987
-0.304580
-0.080610
-1.230283
-0.491114
0.652556
-1.343957
-2.119390
-0.303585
-2.374284
-2.117009
-2.384773
-2.290373
-1.068484
-1.763087
-1.336173
-0.786076
-1.062657
-2.447086
-1.371675
-0.340218
-0.873780
-1.574541
-1.215815
-0.895665
-1.367487
-0.827761
0.073342
-1.300779
2.303968
-1.930707
-0.942413
-1.104099
0.534217
-1.441144
-0.353919
-1.411378
-0.109895
-1.363936
-0.567371
-1.721568
-1.805352
-1.521867
-1.188487
-1.239049
-0.750490
-0.439414
-2.031083
-2.370463
-2.490670
-1.804462
-0.982370
0.086535
1.878995
-2.549698
-1.387326
-0.038688
-0.146273
-1.500227
-2.175776
-1.537283
-2.549297
-0.775353
-0.941572
-1.658313
-0.984680
-1.399608
-1.121325
-0.935563
-2.099156
-2.356328
-0.996901
-0.021249
-2.413771
-2.532577
-1.901051
-1.404314
1.493950
-1.127565
0.855830
-1.764843
-1.262767
-0.194685
-2.090301
-1.369607
-1.505912
-1.210418
-1.013415
-1.114889
-1.950956
-1.020026
-1.745234
-1.489418
-2.229062
-2.202668
-0.460740
-2.525542
-2.001408
-0.439378
-1.627109
-1.531426
3.105034
-2.277900
-1.011022
-2.067489
-2.190194
-1.000800
-0.211288
-2.323013
-2.023287
-0.972431
-3.533648
-1.350626
-0.836923
-0.971035
-0.684797
-1.517184
-1.718131
-0.513105
-0.218290
-2.262980
-1.962012
-0.465338
-0.556277
0.519007
1.593351
-2.186735
-1.451777
-1.441823
-2.265598
-1.166934
-2.150154
-0.979403
-1.539542
-0.211533
-0.264873
-1.582782
-1.785640
-1.870852
-0.085742
-1.607217
-0.298763
-0.792691
-1.810166
-2.031966
-1.245397
-1.256512
-0.396598
-0.770899
2.375612
-0.449346
-1.236194
-0.773326
0.078287
-1.678145
-0.905038
-0.853853
-1.070268
0.258800
0.298459
-3.048677
-0.842451
-1.452413
-1.945999
-1.704039
0.001347
-0.378859
-1.146933
-0.103981
-2.514394
-1.985780
-0.241029
1.667145
2.246217
-0.554287
-2.840454
-0.361905
-0.390904
-0.756857
-1.777219
-1.479624
-0.180877
-0.947306
-2.269251
-1.534024
-0.489812
-0.297973
-1.733198
-1.922361
-1.231645
-1.174774
-0.027143
-0.719627
-2.516912
-1.400122
-1.677985
0.291248
1.947149
-1.607826
-1.621174
-1.726907
-0.594900
-0.403654
-3.325235
-0.408671
-0.643139
-2.591584
-1.531365
-1.279651
-0.120461
-1.631371
-0.919441
-0.858322
-0.339536
-2.130388
-1.336136
-2.406155
-2.098276
-0.863459
-1.505954
-2.248921
1.310661
-0.589692
-0.759947
-0.389902
-1.448626
-1.848752
-2.330594
-2.026747
-2.673931
-1.453452
-2.571462
-0.852184
-1.768684
-1.343731
-1.698305
-1.165677
-0.893138
-0.930122
-2.195955
-2.165836
-0.809369
-1.448709
-2.116750
-0.862185
2.391963
-0.918134
-2.499816
-2.836588
0.224994
-1.128117
-1.289734
-1.100836
-2.090556
-1.186414
-2.028881
-1.976102
1.741145
-1.295366
-1.473510
-3.725430
-2.664726
-2.341027
-1.495516
-1.497451
-1.260703
-1.572959
-2.259390
-2.060618
1.969140
-0.839484
-1.122235
-1.740644
-1.250486
-1.682926
-1.003699
-1.540390
-0.642627
-2.173293
-1.349408
-2.198094
-1.320560
0.169261
-1.435594
-2.346058
-2.127899
0.397490
-2.058746
-1.970001
-1.652651
-0.190351
-3.016742
-1.228767
1.454403
-2.482323
-1.191704
-2.012550
-0.663272
-3.635418
-0.817429
-1.168364
-0.363706
-2.714163
-1.542853
-0.268044
-1.237991
-1.624418
-1.628970
-0.542459
0.764299
-1.913586
-1.993325
-0.795650
-2.028395
-1.004405
-3.049294
-1.435178
1.621894
0.039247
-0.687104
-0.663678
-1.433440
-1.682404
-1.662354
-0.927929
0.156804
-1.264030
-1.341089
-1.093785
-0.430543
-1.237475
-1.360122
-2.010439
-1.101748
-1.761798
-0.456189
-0.569486
-0.821237
-1.912772
-1.725454
-0.231768
-0.095628
0.337642
1.493906
2.206054
1.178745
1.796554
0.207688
0.899227
0.592926
-0.435432
0.279977
-0.892695
0.749515
1.131745
1.010744
1.183861
1.243789
0.723395
0.522946
0.846888
0.501750
1.653378
2.797271
1.152846
-1.079635
-0.795553
-0.438788
-3.756154
-2.554862
-3.985608
-1.578063
-1.341909
-0.809471
-1.279846
-1.513435
-0.831350
-3.677568
-1.637211
-1.666226
-1.771491
-2.004798
-2.220371
0.023344
-2.325132
-1.754027
-2.016154
-2.060501
1.944273
-0.115276
-0.975863
-0.760311
-3.405625
-0.082532
-1.595788
-0.461073
-0.508520
-0.525331
-1.659798
-2.735884
-0.720253
-0.821770
-0.637231
0.067989
-1.603432
0.293394
-1.568895
-1.458964
-0.499233
-1.886238
-0.466510
-0.466821
-0.527548
-0.796290
-1.216181
-1.413017
-0.701385
-1.637197
-2.686399
-1.983727
-0.667726
-3.544820
-2.483352
-1.545616
-0.570141
-1.483867
-0.218530
-0.526850
-0.629896
-0.790867
-2.160208
-0.195768
-0.772374
-1.365235
0.717521
-1.554556
-3.678539
-0.725281
-1.700062
-0.140231
-1.044481
-1.157842
0.156989
-2.687501
-1.914830
-1.623236
-1.896569
-0.543614
-0.054043
-1.769696
-2.942833
-1.784539
-2.418539
-1.147853
-1.691697
-0.373793
-2.633844
-2.196274
-1.348209
-1.846704
-1.721704
-1.950219
-3.273423
-1.686191
-3.392599
-0.032590
-1.655400
-2.145298
-1.674837
-1.309266
-2.254345
-1.791687
-1.717162
-1.314889
-1.549488
-0.068811
-0.949304
-1.512329
-1.747073
-1.153328
-1.717180
-2.766400
-1.824975
-1.113347
-1.415781
0.880920
-1.801585
-0.541391
-1.815093
-1.983711
-2.011725
-0.562248
-0.173377
0.475919
-0.837794
-0.609239
-1.899803
-0.933504
-3.170317
-3.567325
-1.777395
-1.828608
-2.461805
-1.613569
-2.278916
-0.403273
-0.144568
-2.230195
-3.337519
-1.056984
-1.497729
-1.233749
-1.493216
-0.242697
0.079027
-2.441420
-0.660402
-2.354138
-1.255948
-0.536481
-1.815911
-1.064165
-1.081329
-1.635851
-1.863258
-2.628343
-1.933020
-1.419635
-0.640008
-4.236965
-2.255747
-1.721929
-2.159590
-0.600610
-2.135667
-1.847225
-0.439915
-1.378358
-1.074160
0.141631
-1.555315
-2.409611
-0.892886
-3.259859
-1.046346
-0.788168
-1.287229
-1.688033
-0.718783
-1.015126
-0.957986
-0.075304
-0.138291
-3.915354
-1.909519
-1.399575
-1.342010
-1.667806
-1.729741
-1.606744
-2.269467
-1.989141
-2.297821
-3.514007
-0.501963
-1.703386
-2.296512
0.264979
-0.970476
-1.022117
-1.629710
-1.261388
-2.095055
-1.710272
-0.883911
-1.434897
-2.983593
-1.064124
-2.164730
-1.572914
-3.327667
-1.317429
-1.624388
-1.416992
-0.553274
-2.136998
-1.577615
-0.433823
-1.811086
-2.860948
-0.828172
-3.238070
-3.109679
-1.317145
-3.206016
-3.028778
-1.814484
-0.423597
-3.905369
-3.200285
-3.470973
-2.476649
-0.898341
-0.974471
0.200615
-2.087594
-1.933199
-0.391808
0.471616
-3.440543
-2.115313
-1.634957
-2.868064
-1.534500
-1.701504
-0.710326
-1.506488
-0.849424
-0.827199
-1.213802
-1.411737
-2.835944
-2.901003
-1.477371
-1.253318
-1.992378
-2.150880
-1.365613
-0.696327
-0.579219
-2.237115
-0.816606
-0.674924
-0.695356
-2.929276
-2.025334
-2.138448
-2.297775
-0.668618
-3.357281
-2.234227
-1.809290
-0.968486
-1.266464
-1.521690
-0.806674
-1.173318
-0.654801
-2.021770
-0.558569
-1.050922
0.311490
-2.490336
-1.434995
0.311038
-1.341118
-1.287490
-1.543663
0.401744
-1.298589
-0.167838
-0.172860
-2.333277
-0.378102
-0.825536
-2.304124
-0.847513
0.095689
-1.883285
-0.924307
-0.943218
-2.369379
-0.062158
-2.613502
-1.212125
-2.189712
-1.499887
-1.277307
-3.160383
-0.356976
-0.669007
-1.979433
-2.119163
-1.646774
-0.860678
-1.646779
-2.084354
-1.833665
-0.895480
-1.756595
-2.667070
-2.772196
-0.717763
-0.772120
-0.550301
-2.026606
0.096973
-2.395514
-1.874822
-4.369256
-1.085634
-1.193091
-1.284390
-0.553648
-1.189822
-0.530851
-1.397816
-2.034094
-1.402314
-1.143328
-0.567126
-2.814859
-1.059534
-1.903027
-1.580405
-0.931988
-0.270291
-0.633317
-1.684181
-1.522166
-3.290032
-1.211182
-3.060764
-1.189397
0.479662
0.282699
-2.305810
-1.890046
-2.261247
-3.322685
-2.587355
-2.287595
-0.420577
-1.953865
-2.513319
-0.882359
-1.366705
-1.078782
-0.798174
-0.448873
-0.671734
-1.976578
-3.028127
-1.472651
0.527688
-0.659675
-1.784977
-2.130849
-1.439403
-0.991043
-1.523899
-2.665411
-1.863561
-0.519556
-1.368834
-2.022144
-1.643578
-1.239028
-1.131288
-2.252290
-0.064324
-0.026155
-0.118457
-1.548979
-2.052247
-1.651095
-1.251838
-0.073575
-2.166281
-2.567381
-1.704581
-1.011550
-1.034261
-2.145177
-0.678923
-1.280613
-1.727621
-0.751652
-2.217515
-2.719685
-1.827222
-2.549641
-2.086371
-1.551956
-2.098844
-1.921159
-1.313533
-2.489315
-0.959371
-1.146264
-0.702613
-1.335963
-2.372399
-0.205467
0.087673
-1.105555
-1.866547
-1.073511
-2.293796
-2.329248
-1.196279
-1.712696
-0.835292
-0.329196
-0.589130
-0.960972
-0.749787
-2.139393
-2.216519
-1.778495
-1.603596
-1.234220
-2.271572
-1.209880
-0.234397
-2.605158
-1.034655
0.390066
-1.346913
-3.760454
-0.685159
1.318130
0.258384
1.114208
0.329881
-1.492532
-1.919583
-2.540353
-2.894402
-0.604084
0.038051
-2.176132
-0.794589
-0.264099
-2.074635
-2.714046
-2.461530
-1.488375
-0.780273
-0.369600
-1.841082
-2.956747
-1.427062
-1.154536
-1.144015
0.419196
-0.069929
-1.609591
-1.159693
0.755546
-0.899138
-0.413774
-0.716167
-1.439006
-1.115823
-0.593784
-1.279126
-1.677023
-2.239217
-1.696374
-1.796263
-0.308952
-1.652416
-1.942177
-1.579564
0.069510
-0.685739
-1.177560
-4.290786
0.214950
-1.728859
-0.529846
0.424614
-1.417094
-0.441569
-1.224880
-1.222405
-2.212720
-1.651818
-2.698248
-1.175173
0.067265
-1.878642
-0.998619
-0.327403
-1.293690
-2.458265
-3.383655
-3.829356
-2.209338
-1.736387
0.371667
-1.896626
-1.367108
-1.439162
-0.664431
0.707594
-2.691974
-2.434519
-2.941803
-2.575280
-1.110652
-1.385168
-1.411189
-1.060257
-1.721896
-0.306109
-0.892121
-0.807322
0.256151
-0.701018
-2.101154
-0.818759
-1.563781
-1.946121
-2.292457
0.322157
-0.379898
-0.996467
-2.683162
-1.752958
0.418972
-0.665931
-1.340362
-0.471349
-0.915366
-3.497441
-1.526660
-0.514069
0.128227
-0.231767
-0.906888
-3.768969
-2.505538
-1.508500
-0.432560
0.143345
-1.687210
-1.425228
-0.374261
-1.204464
-0.629579
0.255661
0.831241
-1.387258
-3.120034
-0.328700
-0.797637
0.346801
-2.184729
-0.838094
-2.067639
0.541666
-1.365662
-0.504891
-1.664954
-1.756754
-1.406759
-0.992895
-3.132770
-2.573977
-1.018832
-2.314194
-1.375737
-2.055861
-0.484098
-1.778358
-0.928496
0.065347
0.047110
-1.337962
-1.537138
-0.564962
-0.966841
0.835434
-0.686687
-3.012816
-0.966615
-1.866157
-2.516201
-1.749994
-0.907997
-1.342345
-1.135469
-2.500067
-2.196715
-3.038426
-2.233984
-3.088213
-2.114995
-1.372030
-1.321416
-1.183197
-2.602472
-2.233198
-1.904349
-3.187985
-1.954091
-0.402009
-0.110324
-3.446533
-2.772140
-0.483778
-2.632168
-2.788746
-2.380896
-2.098295
-2.765156
-3.415067
-2.301122
-1.407523
-1.644733
-2.506939
-1.083202
1.119783
1.702117
-0.918920
-3.178408
-0.584376
0.333767
-0.857720
0.629199
1.378142
1.326706
0.899421
0.268106
1.426221
0.485408
0.645116
-0.476588
-0.833503
0.919215
1.706894
-1.891003
-2.536407
-1.337499
1.265891
-1.600188
-1.164224
-5.281374
-4.217525
-4.186296
-1.680503
-4.747537
-4.750627
-3.111565
-4.111905
-1.658784
-1.540104
-2.405770
-1.786138
0.223031
-3.420772
-1.475391
-3.186872
-2.946056
-1.967175
-2.014348
-3.827509
-3.702213
-2.744603
-3.661086
-4.866747
-1.143795
-1.286466
-1.975292
-3.925212
-2.930647
-3.224062
-0.730957
-0.495380
-3.970294
-0.867674
-2.650345
-2.360793
-4.376824
-3.101359
-3.978592
-0.672634
1.079100
-2.533630
-1.783562
-3.547218
-5.089033
-4.498952
-3.019399
-2.647207
-4.019967
-1.878533
-5.184393
-2.535485
-2.432175
-1.033138
-2.404495
-1.994079
-0.393045
-1.707610
-2.849001
-2.702934
-2.069611
-2.374248
-1.640242
-2.380436
-4.063450
-6.857588
-4.291144
-0.192191
-2.626648
-3.238235
-4.047989
-4.613107
-3.974181
-3.108539
-1.975900
-2.701468
-4.591607
-1.585660
-2.708632
-3.346881
-1.821148
-3.503059
-1.528700
1.629032
-0.007969
-2.988767
-3.206164
-1.157039
-2.672834
-1.198111
-2.973157
-2.183693
-2.759118
-1.552430
-1.314208
-2.448108
-4.616664
-2.127382
-2.105986
-1.630509
-2.142010
-1.066830
0.204705
1.395101
0.732940
-0.004542
-4.548306
-4.458650
-5.068452
-3.449631
-3.742356
-1.829403
-4.987375
-1.400570
-1.219668
0.227816
-5.322517
-3.465084
-3.186101
-6.836751
-2.693247
-3.592268
-0.077820
0.268591
-0.705750
-1.627033
-3.826500
-1.709979
-1.742572
-1.155873
-2.771614
-0.580034
-3.883299
-4.318358
-2.643661
-4.038883
-5.079129
-1.116044
-4.323987
-3.462816
-0.609022
-2.428996
-1.451866
0.166085
-0.413349
-4.441382
-4.766731
-1.223103
-1.457811
-0.795672
-3.288235
-1.893820
-1.905434
-1.398749
-4.452089
-2.949578
-2.042043
-2.492170
-1.612583
-1.986991
-4.310588
-3.949891
-0.837533
-2.235890
-2.396896
-2.199526
-3.212580
-4.401969
-4.123160
-3.150876
0.108831
-6.002809
-3.424868
0.659229
0.491584
-0.553005
-1.178596
-2.859140
-5.000887
-2.994761
-3.065113
-4.532709
-3.967091
-4.025393
-1.385292
-1.051958
-3.819350
-5.851302
-3.976862
-5.721264
-4.283542
-4.808056
-3.935165
-2.218644
-2.342129
-4.758654
-3.940768
-1.557107
-2.852567
-0.312611
-0.360106
-0.480192
-0.896773
-1.859444
0.113891
-3.007151
-3.436469
-0.972300
-2.766572
-8.248923
-2.512304
0.774116
-2.751893
-4.505350
-2.246432
-3.000540
-2.077549
-3.557525
-3.623410
-0.614188
-0.728255
-4.448825
-4.914527
-5.388880
-2.571607
-1.479900
-0.536660
-2.785066
-3.573078
-4.194086
-3.325719
-0.780486
0.096243
-2.228032
-5.337130
-6.124898
-4.965510
-2.760138
-2.765872
-1.246565
0.195258
-0.066685
0.970124
-2.639814
-2.258959
-0.704444
-0.366163
-3.577022
-3.478101
-2.320359
-4.724634
-1.129053
-2.129717
-3.814868
-4.274378
-4.479820
-2.126846
-2.744581
-4.353532
-3.287760
-2.155784
-2.560783
-0.976814
-1.700719
-0.515107
-2.074044
-4.374078
-1.993243
-5.360846
-3.735136
-4.722304
-4.532312
-3.420439
-0.428440
-2.692281
-1.906838
-2.092730
-1.269957
-1.229950
-3.475549
-1.712010
0.806985
-2.181783
-4.021445
-5.181635
0.602294
-3.146464
-3.154010
-0.859395
-3.585847
-1.777759
-3.493401
-1.855346
-0.877746
-2.307195
-2.537306
-4.759389
-2.759921
-0.647670
-2.534772
-2.951518
-2.915112
-0.872246
-1.596898
-2.500464
-2.017049
-0.345592
-4.513791
-3.594383
-4.796758
-2.516571
-2.790280
-3.974140
-4.159202
-2.541182
-2.043557
-4.322301
-3.926432
-2.599144
-3.915466
-3.539798
-2.355787
-1.346905
-1.493103
-4.619186
-1.360812
-3.570204
-6.694847
-3.199023
-5.205542
-3.368930
-4.573406
-4.257725
-2.428448
0.044546
-1.206427
-4.925230
-2.566801
-3.463675
-3.523441
-5.558884
-3.678991
-2.110763
-1.347945
-5.436761
-3.140293
-2.760661
-2.367495
-1.393362
-2.900675
-1.135939
-0.736811
-0.176260
-1.021234
-0.265941
1.233662
-0.223068
-4.134686
-1.099694
-2.042788
-3.822105
-0.726061
-0.570152
-5.008580
-0.671511
-1.495553
-0.468858
-2.240636
-0.765086
-2.155888
-2.206386
-1.846122
-1.308335
-1.331320
-2.426270
-3.232506
-1.360628
-6.273306
-6.889130
-4.835028
-0.811431
-3.337918
-2.451879
-2.084505
-4.944813
-2.349407
-3.355521
-1.324730
-1.105391
-0.938718
-2.541419
-1.991918
-5.069346
-5.176017
-4.384240
-0.962683
-2.071153
-2.850951
-0.249706
-2.915106
-4.341484
-4.804537
0.443199
-3.120021
-4.994584
-0.358253
-4.621639
-1.385463
-1.935186
-2.513791
-0.434052
-1.832120
-3.854547
-3.371377
-3.456475
-2.749745
-0.801323
-3.417787
-1.206137
-4.842884
-4.321278
-3.002736
-1.367036
-3.848831
-1.669601
-1.712396
-2.725974
-2.429077
-3.543310
-2.936436
-1.208508
-1.496011
-3.011817
-1.536052
-4.126120
-5.364552
-2.695233
-0.856951
-2.274907
-3.496232
-4.196385
-2.106000
-0.807601
-2.545193
-4.344814
-4.029539
-2.405130
-1.726546
-1.124894
-2.029310
-0.744913
-2.475729
-3.981235
-1.637128
-1.968784
-2.518831
-3.888994
-1.973742
-3.936329
-4.395851
-1.856215
-2.883784
-3.448935
-3.628437
-6.638727
-2.875538
-3.592370
-1.785986
0.077807
-3.869723
-2.049789
-4.846214
-2.318230
-5.307231
-2.687778
-3.142042
-3.965302
-3.492728
-0.956178
-1.527760
1.054888
-3.852685
-2.189874
-2.788919
-0.887961
-1.653250
-1.414541
-4.121292
-2.317733
-3.746766
-1.904319
-4.654487
-2.427641
-2.172756
-2.610641
-3.393404
-1.022738
-1.151917
-3.096935
-1.458036
-1.475297
-1.953048
-1.928432
-2.681823
-3.974961
-1.588700
-3.135261
-2.632437
-2.635417
-0.537040
-3.264305
-1.810469
-0.962221
-1.505240
-0.459932
-0.340860
-4.225528
-4.484768
-1.446449
-1.405881
0.038417
-4.350376
-5.986038
-0.949082
-6.798264
-1.910098
-0.962742
-0.536274
-3.660673
-2.672135
-2.952334
-1.487874
-0.754664
0.881863
-0.851489
-1.150768
-2.570811
-4.490947
-1.004900
1.017419
-1.103115
-3.500395
-4.125124
-2.973985
-1.430838
-4.116691
-0.277900
-2.185924
-5.244814
-2.813383
-2.664649
-1.260900
-4.123629
-1.962152
-3.516132
-4.346398
-1.447703
-1.591422
-1.993467
-4.671302
-0.650426
-1.178928
-3.747927
-2.894229
-5.192879
-3.048589
-2.915663
-1.536689
-1.691522
-2.834149
-4.392236
-2.244047
-3.122049
-3.056069
-3.062487
-4.743137
-3.714020
-6.296067
1.872299
-1.326076
-4.682981
-5.056083
0.115560
-3.977673
-4.349139
-2.912029
-0.399785
-3.809738
-2.941810
-5.200275
-3.364810
-2.572909
-1.465163
-3.311425
-4.273004
-6.583074
-2.531909
-1.929382
-2.452672
-1.827142
-1.281942
-1.255455
-2.728365
-1.617932
-2.868875
-3.188516
-4.071032
-6.936991
-3.086039
-4.664484
-4.678865
-2.744222
-3.010033
-3.824204
-5.729016
-1.534588
-2.651036
-4.213260
-1.500092
-0.370811
-2.193522
-2.106294
-1.650323
-3.014260
-2.699258
-3.298465
-3.575896
-3.823959
-3.280076
-0.957067
-3.146920
-6.649570
-7.344116
-2.809021
-2.489614
-1.942926
-1.824428
-3.641264
-5.758363
-3.725038
-1.744598
-1.079089
-4.083339
-3.364743
-2.466223
-1.888454
1.071095
1.496442
0.858895
2.158854
1.668858
2.645065
1.124382
0.834911
1.404577
0.637101
1.601467
2.597367
0.204212
1.214227
0.616263
1.548776
0.090210
0.610257
0.099139
0.707392
0.638197
1.121578
0.323601
1.101583
1.180220
0.596122
1.089804
2.060630
1.009036
-0.113771
1.786883
1.949912
1.563309
2.661215
3.032383
1.693622
1.504691
2.658554
0.959082
1.395892
-0.929425
1.623501
1.117306
2.310770
1.869755
1.910601
-0.232323
2.180014
1.721366
0.499265
0.055947
2.320140
4.231763
1.719458
1.270013
0.432032
3.192456
-0.388209
-0.133176
2.601613
1.168453
0.823032
0.796749
2.360442
0.747550
1.787187
2.042217
0.863026
2.452940
1.292002
0.584973
1.980638
1.340386
-0.480326
1.191587
2.206179
-0.083103
0.290044
2.755202
0.259847
1.363453
1.796820
1.401986
1.288680
1.372150
0.847377
1.310928
1.218532
1.620470
2.850300
-1.299423
-0.050296
0.920654
3.601368
2.296305
1.348402
0.871348
1.983064
2.564848
0.664824
0.872628
1.526194
0.743605
2.339024
2.371175
0.636721
-0.179528
1.966986
0.789575
1.597563
0.991615
1.126098
-1.178545
1.792510
2.013906
0.969412
2.339525
0.273558
0.467442
2.317902
0.914610
1.296378
1.517360
0.092185
0.591473
1.493265
2.135822
-1.055846
0.348459
3.589696
1.981154
2.174982
1.019317
0.912378
1.594167
0.713336
0.742996
2.222128
-0.185099
2.364226
1.965585
0.681268
1.791054
1.791411
0.071540
1.215005
2.524189
2.429215
1.430941
3.709074
2.933722
0.860678
1.343705
1.822490
1.080776
2.544806
2.806103
1.128939
3.121862
2.333020
0.798959
0.965817
0.590423
1.708552
0.712192
0.977760
2.620493
1.564380
1.499954
1.991130
0.319592
1.788568
0.844500
1.067474
0.993917
-0.121720
0.048821
1.844301
2.371017
2.605646
0.748930
2.787544
1.774649
0.995179
1.936921
1.490955
1.101709
-0.294814
2.597504
0.334231
1.046624
3.492006
3.107731
2.427135
2.110168
0.269578
0.478150
2.223183
2.231841
1.611698
1.478642
2.222345
3.748221
1.256641
1.380157
-0.395736
1.733535
1.533726
0.106012
0.677846
0.255603
-1.200197
1.022484
1.935979
1.193816
1.328529
1.428345
3.299904
0.826167
2.684427
1.986834
0.549340
2.170696
0.637414
2.206321
2.252228
0.497869
0.599010
2.353798
2.726689
0.391321
0.334865
1.189346
0.424464
0.720106
1.582375
0.974704
-0.735322
1.882939
2.370330
2.597911
1.256642
2.292245
-0.586492
1.648154
2.750958
2.003858
4.681007
1.055971
1.926090
1.268700
0.152571
0.283712
1.860325
3.943813
1.599836
0.832548
1.123923
1.184125
2.321095
0.545114
1.323588
2.763463
2.276694
0.715219
2.282854
0.359419
1.597329
1.911484
0.882856
0.255083
0.314435
0.387453
2.517501
2.857893
0.512244
1.016364
1.487557
0.260156
0.481366
1.723206
1.055047
1.046884
0.810452
0.220545
0.569370
1.679159
0.305334
-0.241869
0.511108
0.216227
0.850816
1.670448
0.985257
0.517813
0.419432
1.413710
-0.345577
1.957860
3.217541
1.207583
1.801187
0.646399
1.662843
0.795689
0.361411
1.505046
1.708185
1.895917
0.145134
0.306147
1.516945
2.200044
3.671016
4.046703
-0.102055
1.728164
2.727548
-1.112407
1.146911
1.219897
1.642017
-1.583793
1.295510
2.063469
-0.158930
-1.903862
1.423067
0.062554
-0.093415
1.931408
1.570111
1.658837
1.862104
1.865061
2.900973
2.632037
0.999430
0.444140
0.609281
0.717424
0.294069
0.173980
-0.050110
0.586104
1.682242
1.576015
0.436897
0.229291
-0.090010
2.299711
1.230532
-0.472568
-0.446592
2.994556
1.743783
2.582489
0.592436
0.828985
0.440908
1.070236
1.231945
2.727551
1.360164
0.065650
0.273291
1.003389
1.629568
1.060339
2.179934
0.004032
2.864699
1.935851
0.471102
1.035657
1.243230
1.374687
2.226518
1.059440
0.599629
1.423655
2.086972
2.615084
1.132374
2.394925
1.556684
0.359598
1.542535
0.813137
0.247326
2.256442
1.428493
1.317943
1.238851
0.094070
0.908757
1.250226
2.312350
0.907143
2.869518
0.999520
0.181690
2.167137
-0.622680
2.854600
1.754974
1.107828
1.816409
-0.136624
0.643309
-0.039228
2.159236
1.162137
0.568823
1.432623
2.029656
3.484735
-0.606047
0.557735
0.389201
0.696534
1.268348
1.486928
2.579900
0.733372
0.664117
0.239214
2.067209
2.174414
1.271262
-0.081820
0.205277
1.776341
2.575842
1.037301
1.676836
0.515700
1.166100
0.586632
1.253749
2.141253
0.177389
1.807041
0.933316
1.666661
2.409162
0.522564
2.703080
1.433343
-0.774635
0.835500
2.635426
0.838760
0.669953
0.827231
0.768585
0.983233
3.874099
0.663642
1.075988
3.054189
1.975333
1.022182
0.193473
0.813019
2.068609
0.853963
0.819143
1.083262
0.908349
1.858824
1.548772
-0.530657
-0.468402
-0.124490
1.924325
-0.519238
3.601392
2.273022
1.810656
0.368627
0.503901
0.174703
-0.503402
1.089175
0.892876
1.602230
1.689070
1.305969
0.357391
1.224069
1.633044
0.630192
2.125907
0.867747
-0.026602
1.074136
1.537483
2.268578
0.640782
2.257399
0.519691
1.359968
0.561378
0.685652
1.144830
2.134363
-0.072880
0.111962
0.918211
1.080705
1.158315
0.201213
2.408606
2.429101
1.228776
0.852184
0.594619
1.648528
1.628695
-0.446952
1.404383
2.216669
1.421687
1.518742
0.010925
1.380470
4.136935
-0.276970
1.236948
0.238208
0.787883
-0.083425
1.889353
3.151136
0.738639
1.802758
2.999928
3.545235
0.448106
2.272784
0.896406
1.085054
0.434091
0.516987
0.900318
4.084589
2.827652
3.081126
2.855117
1.945808
0.719386
1.414361
1.483117
1.330420
0.824323
-0.090635
0.253496
2.001804
2.119573
1.351903
2.244127
2.356499
0.634752
1.395688
1.587127
1.335632
1.132753
-1.092584
0.787792
2.311077
1.743066
1.416759
1.052060
-0.082155
-0.058802
1.376498
0.813399
1.108583
2.257273
0.023214
1.117078
1.983391
1.492588
0.095455
1.222435
1.842442
1.746035
-0.435185
1.092239
1.631494
4.232993
2.170441
1.367061
1.046948
-0.923722
0.508119
0.187761
3.155208
1.277514
2.055762
3.511894
0.195389
1.039172
1.075453
2.497609
0.358696
-0.489407
1.317003
1.245224
0.855702
1.788848
0.528350
-1.013813
0.428378
1.557561
0.955583
-0.052634
2.914532
1.825601
1.183622
1.892467
2.454574
3.250499
1.540939
0.122389
1.245813
1.770426
0.309916
1.832721
0.653496
1.121930
1.710827
3.049697
0.190211
1.590982
2.890416
1.701291
1.395457
0.117604
-0.717376
1.509922
0.902897
-0.431700
1.808781
2.490263
1.771804
1.253771
1.671894
1.575384
0.801134
0.888390
1.352461
1.196010
-0.589589
1.192561
-0.230916
2.231933
-0.423208
1.637676
2.857415
2.379306
3.081054
3.038221
1.705994
3.117783
2.464867
0.335256
-1.035267
0.226748
1.007352
1.914311
-2.375326
-1.988344
-1.991849
-5.425044
-2.614104
-1.958230
-3.196641
-4.367363
-3.083621
-3.642791
-2.088242
-3.452572
-2.136692
-1.705869
-1.083508
-1.816040
-0.365516
-1.382091
-2.583821
-2.391398
-4.025548
-3.389868
0.226992
-2.406020
-3.784255
-0.861995
-1.138165
-6.744462
-6.324628
-7.099030
-5.473933
-3.695393
-2.090684
-2.291197
-2.619313
-2.682555
-5.478558
-4.043993
-2.949177
-4.452769
-3.053811
-4.909312
-1.267713
-3.260572
-3.602264
-4.611449
-5.009426
-2.874184
-5.570088
-3.521481
-5.853592
-3.754212
-1.584655
-2.722245
-2.870230
-3.565578
-2.159429
-3.710666
-4.353589
-3.382429
-3.928088
-1.690387
-2.494853
-2.851352
-2.518311
-4.146472
-3.554337
-4.332059
-3.333762
-1.284159
-3.567185
-3.755929
-3.471239
-5.020091
-3.568516
-2.284654
-4.141096
-5.037324
-5.308319
-4.368739
-3.005773
-5.050693
-2.978779
-3.887753
-2.696698
-2.898296
-1.246953
-1.681940
-2.674325
-3.890991
-2.151039
-1.916605
-3.401222
-0.045404
-3.707087
-5.490438
-3.852245
-2.842881
-2.643812
-3.123142
-2.375958
-3.377854
-3.426911
-3.720409
-2.826083
-2.599617
-1.815428
-0.290824
-2.494379
-4.151253
-6.979817
-4.422541
-2.945359
-2.845964
-5.837996
-4.629154
-4.888111
-1.661424
-1.139983
-5.265809
-4.127965
-5.317239
-2.588330
-4.531283
-1.701779
-1.635417
-2.372758
-2.486412
-3.048816
-4.270573
-1.873206
-1.524853
-3.010679
-4.705626
-1.588454
-2.218299
-5.205070
-6.056653
-3.363863
-2.693613
-6.045379
-4.902781
-3.035648
-4.145194
-1.683128
-3.082438
-4.960846
-7.649031
-5.024788
-4.817220
-2.334900
-4.301728
-1.139543
-2.298393
-4.014797
-4.668994
-5.242224
-6.031171
-7.820729
-5.556437
-2.170848
-4.455628
-3.583226
-2.435046
-3.446733
-0.126321
-4.427376
-1.612911
-4.162443
-5.050591
-2.902364
-3.364184
-0.163105
-1.337666
-3.598069
-3.857423
-3.462513
-1.610467
-2.509775
-2.784887
-4.319020
-2.115285
-4.287006
-4.499628
-3.291695
-2.721656
-2.281723
-2.696374
-5.533127
-3.564337
-1.769714
-5.610624
-4.052568
-5.536705
-1.802329
-3.200928
-2.944466
-2.229553
0.611764
-3.465407
-3.210245
-1.976346
-6.575641
-2.228422
-3.139935
-4.367793
-2.859904
-3.028615
-2.376502
-4.122293
-3.411647
-3.241949
-3.723678
-4.364349
-2.486912
-3.864297
-5.734762
-4.321517
-2.249511
-2.408584
-3.604760
-5.485525
-4.996325
-0.427590
-4.264177
-5.538589
-0.336567
-0.768340
-1.360647
-4.565310
-3.004365
-1.373380
-4.753691
-3.035582
-4.343681
-6.471187
-4.204058
-3.453582
-6.391333
-4.494229
-6.180165
-1.470034
-3.773860
-2.831553
-4.485855
-4.024770
-2.190528
-1.958661
-3.694682
-4.867569
-7.805052
-4.417452
-4.300397
-4.907365
-6.354910
-6.214864
-1.925222
-5.559808
-6.700543
-4.282145
-2.176674
-4.307881
-3.207783
-1.856557
-3.988986
-3.881608
-2.592442
-3.006914
-5.760168
-4.809879
-4.178087
-3.180144
-2.962207
-1.927956
-2.282538
-0.718241
-2.112985
-1.772753
-0.492385
-3.618063
-2.871796
-5.559160
-0.795732
-3.120339
-4.000694
-1.627160
-2.611474
-1.953021
-2.271909
-4.933037
-0.144265
-4.460276
-4.506525
-4.199635
-3.534682
-2.654657
-4.527709
-4.275364
-2.571831
-6.679968
-1.802906
-3.120261
-3.894597
-2.688217
-2.063491
-1.821124
-2.607231
-2.753132
-1.786491
-3.234747
-1.499788
-3.645262
-4.715559
-0.623199
-4.990465
-2.736425
-2.876602
-1.508746
-2.421222
-1.680493
-2.200120
-5.318710
-2.845989
-3.560094
-3.880140
-2.367822
-1.189571
-1.939168
-0.478588
-2.657594
-2.191557
-3.002867
-5.126874
-5.597414
-4.296585
-4.674325
-2.592649
-3.530529
-2.000974
-3.461838
-4.094806
-2.920627
-4.688429
-3.055134
-2.081163
-4.338108
-3.983979
-3.607463
-3.937181
-3.925423
-6.572296
-1.981227
-1.121009
-0.922152
-1.842738
-1.287228
-2.467220
-1.955583
-4.967115
-1.960189
-4.634788
-0.718681
-1.915680
-4.807842
-3.120186
-2.336508
-2.632741
-3.959787
-2.974992
0.159749
-4.360066
-4.325217
-6.011368
-0.854477
-2.112824
-3.117880
-3.165025
-4.200244
-3.853606
-5.649101
-5.948340
-5.921348
-2.776656
-3.476311
-2.539774
-0.954834
-4.588973
-3.577201
-4.615508
-6.719685
-3.524661
-1.301255
-3.009588
-1.066522
-4.466349
-2.169967
-1.999006
-1.985780
-0.792454
-1.413612
-3.668511
-5.806240
-3.311719
-1.427504
-1.952030
-4.515882
-4.085940
-4.351938
-3.411778
-5.156439
-2.640155
-2.008479
-2.185773
-1.966250
-1.555637
-2.516304
-4.570611
-3.079890
-3.134355
-2.140285
-3.023576
-3.871175
-3.755232
-3.782545
-4.042808
-3.250417
-2.020430
-4.347021
-3.216120
-1.331903
-1.686385
-2.696862
-5.264317
-3.197179
-1.655739
-3.873107
-2.927676
-3.342390
-3.428516
-3.077726
-2.890857
-4.140104
-5.105747
-4.765939
-2.120223
-2.539347
-3.118931
-1.988113
-2.879336
-2.223474
-5.348863
-5.350305
-0.392317
-2.478112
-3.949451
-2.150128
-2.098906
-4.938548
-5.481238
-3.165809
-4.736063
-3.820955
-3.577677
-1.970924
-1.599449
-2.751378
-3.024186
-4.006314
-2.946324
-5.272817
-5.121042
-4.774743
-3.272808
-2.282201
-3.901308
-3.337372
-0.864598
-2.981642
-7.493988
-4.768941
-0.913086
-1.610168
-0.801941
-1.368041
-3.234155
-4.782894
-1.675041
-4.568928
-3.284185
-2.917801
-3.497102
-1.295086
-1.255882
-1.436517
-2.520218
-1.864714
-3.925098
-2.761183
-2.104577
-2.475985
-5.348429
-2.907086
-1.928107
-2.994707
-2.812215
-2.750052
-2.959669
-3.575029
-0.820239
-1.906044
-2.923261
-1.260425
-3.285191
-4.277169
-4.981829
-2.089017
-2.731404
-5.197292
-3.238791
-4.008866
-1.698159
-3.104415
-2.139180
-2.667067
-3.981397
-1.811048
-3.575341
-3.600525
-2.366627
-4.303145
-0.458633
-2.761793
-1.003344
-4.677728
-2.528738
-2.404407
-1.421406
-2.415314
-6.860960
-3.084612
-1.132258
-4.731802
-4.549523
-2.565491
-2.996598
-3.837743
-6.718861
-5.913490
-4.522783
-3.886657
-2.821099
-2.777197
-4.806420
-3.367256
-1.325845
-1.593476
-5.591259
-3.303837
-4.057395
-4.689938
-2.191773
-4.880630
-0.711898
-4.484041
-4.525879
-0.795654
-2.688834
-3.938412
-2.832181
-2.418716
-4.266107
-2.776613
-2.869345
-1.096381
-5.289504
-1.723513
-2.564866
-1.973784
-3.777579
-3.026278
-2.413210
-3.255796
-2.819747
-0.542727
0.059392
-6.753715
-2.726782
-4.579782
-2.711998
-3.998866
-1.140538
-5.364872
-5.532283
-1.272703
0.647786
-1.224414
-4.666563
-5.010083
-1.046931
-3.942062
-4.461013
-0.963956
-2.681561
-3.489879
-4.230525
-2.401848
-2.081562
-3.225263
-2.835791
-3.495149
-3.360372
-2.015175
-4.641056
-4.394363
-1.937386
-3.446916
-1.960739
-2.341322
-2.647092
-3.417563
-2.838236
-3.000161
-1.434710
-3.024834
-2.500260
-2.588985
-1.495148
-2.700138
-1.600098
-2.627711
-3.933090
-1.769477
-3.708689
-3.732877
-2.186037
-3.198453
-2.499058
-3.264607
-3.793088
-1.965575
-3.752186
-3.171882
-2.551831
-5.755713
-5.299151
-5.362234
-3.420161
-3.021484
-4.534091
-1.739947
-0.918247
1.490996
-2.897343
-3.126954
-1.294196
-2.674861
-3.336054
-1.140474
-1.704793
-1.958029
-0.308757
0.263828
-2.017630
-3.367670
-5.476909
-0.491922
-2.921323
-4.209053
-3.140425
-0.936356
-3.653076
-1.104297
-2.218247
-0.254174
-0.278846
-2.245161
-1.668341
-2.390618
0.232569
-1.532341
0.089143
-0.814886
0.295473
-0.600355
-0.570514
-0.991368
-0.916821
-1.268986
-0.816831
-0.964326
-1.190904
0.787084
-0.413455
-0.165451
-0.568751
2.267901
-1.216025
-0.608393
-1.133890
-0.453161
0.069006
-0.122044
-2.066833
-0.395156
0.748649
-2.103611
-2.229844
0.806537
0.142491
-1.048128
-1.507782
-3.538020
-1.986100
-1.251696
-0.746851
-2.316994
-1.693450
-1.988468
-1.798121
-2.273592
-3.169102
-0.718490
-0.270310
-1.590438
-3.791646
-2.693081
-2.380392
-2.178763
-1.868948
-0.239824
1.361164
-2.106361
-1.468147
-0.547745
0.107916
-0.454467
-1.424192
-0.970686
0.134271
-0.052441
-2.029683
-0.692188
-0.832924
-0.979162
0.040740
-0.021052
0.108004
-1.860036
-0.894365
-0.914826
-0.200268
-1.639825
-0.818379
-1.737157
-0.992309
-2.586303
-1.219114
-0.616158
0.016346
0.385840
-1.016442
-2.032950
-0.120373
0.570222
-1.175212
-3.801243
-0.668546
0.766131
-1.954976
0.587875
-0.031845
-2.274994
-2.280767
-0.879505
-1.031799
-2.021441
-1.350236
-0.847287
-0.271499
0.692717
0.610806
-1.156188
-2.069218
-0.008289
1.152102
-0.116273
-0.750855
-1.602944
-1.552774
-0.661110
-0.247848
-2.410161
0.162030
0.234945
-0.940286
-0.061419
0.218133
-0.532950
-0.343920
-1.222903
0.096712
-3.171531
-3.149316
-1.800872
-1.230500
-3.863076
-3.477007
-0.269838
-1.439276
-3.136102
0.527901
0.503258
-4.014670
0.713717
1.557943
-0.388723
-0.315812
-2.669422
-4.528867
-0.297930
0.017403
-3.829184
-2.453587
-0.633247
0.441314
-1.531172
-1.498579
-0.257931
-0.344838
-1.270893
-1.630501
-1.824256
2.266238
-0.824989
-0.528981
0.884567
-1.222697
-0.303593
-1.017204
1.203936
-0.706119
-3.679013
0.066808
-2.217945
-0.968527
-0.411656
1.866037
-1.143655
-3.852567
-4.897631
-4.071569
-2.962341
-0.607130
-1.107641
-0.671349
0.155232
-0.278311
0.181928
-0.416347
0.230764
-1.573689
2.523591
0.749059
-2.510102
-1.821423
-3.784555
0.493749
0.778921
-0.696872
1.065521
-0.290121
-0.926746
-2.639768
-0.121837
-2.183988
-2.417124
-0.626056
-0.767707
0.857502
1.180299
-0.026149
-1.927049
-0.581625
-0.367475
-0.369204
-0.782005
-1.666683
-0.884906
-0.846737
-1.941421
0.507756
-0.903974
-1.918249
-1.889738
-1.024235
1.205315
0.145015
-1.572307
-2.040933
-1.548277
-1.335441
-2.155526
1.165077
-0.468406
0.642233
-1.138187
-2.654541
-1.177402
-0.173366
-0.030680
-0.667816
1.486886
-1.599289
1.257782
-0.038370
-0.202944
-1.839187
-2.359713
-2.251677
-1.674831
0.039748
0.380230
-0.999218
1.454922
-0.573761
0.615507
0.662757
-2.031228
2.441958
-0.513214
-0.965767
-0.997814
-1.971460
-0.171115
-0.443992
-0.206940
0.990593
-2.977864
0.790728
-3.844637
-1.271964
-1.462026
-1.064684
-1.885337
-1.031698
-0.107148
1.203095
-1.067840
1.052644
-0.464349
-0.054325
-0.968348
1.191681
0.615495
0.295053
1.369033
0.619749
1.587525
-0.898096
2.212030
0.460328
-1.532385
-0.304254
-2.170433
0.540659
1.350191
0.490324
0.833712
0.139986
-2.645710
0.272737
-4.183047
-0.114627
0.278147
0.429197
-0.565785
0.265509
0.303447
-0.573081
0.033307
-2.344380
-0.573017
0.186493
0.321609
-1.156549
-0.896131
-2.016021
1.303488
-1.323768
-0.076979
0.719930
0.174547
-0.129135
-2.711218
0.198158
-2.538643
-1.773995
-0.187522
-0.705023
1.192271
0.648346
1.530123
-1.351575
-0.141232
-1.035755
0.089716
-1.259123
-0.913461
-1.718016
-1.312603
0.442031
-2.931995
-1.574614
-0.209460
1.255668
1.031873
-0.680923
-0.016600
-0.345659
0.196224
0.896933
1.630033
0.606703
0.449227
2.289028
2.507317
-2.386025
-0.624926
-1.655037
0.122515
-2.892250
0.813049
-0.625552
1.645725
-0.342730
-1.944566
-0.374859
2.037426
0.899933
1.031167
1.179708
0.255958
-1.610590
-0.581852
-2.346099
-0.129526
0.471328
-0.248493
-0.297775
-4.940957
-2.632584
0.046266
-0.830923
-1.247191
-0.634632
0.665189
-1.686766
-0.728074
-0.643822
-0.928583
1.232599
-1.603118
-0.809554
-0.092240
0.718985
0.380356
-1.444457
0.775957
0.541772
-1.500548
-0.782206
-1.459886
1.026401
0.090134
-0.500933
0.431715
1.999483
1.049860
0.782516
1.632650
-0.002582
-1.959195
0.905482
0.367146
1.684935
0.179810
-1.199652
-0.126851
-3.353489
-3.647270
1.247643
0.248151
-0.408187
-1.047317
-0.252259
0.124094
-1.032413
0.654420
-0.302814
-0.965810
0.053013
-0.973947
-0.605169
0.614454
-0.863238
-3.178899
-1.468315
1.449503
-0.315866
-0.294346
-0.323630
0.947933
0.396992
-0.352066
0.186242
-1.936408
-0.440462
-0.484569
-0.166825
-1.874227
-1.380682
-0.091812
-1.061151
0.322133
0.470099
-2.014639
-0.580595
1.595819
0.890568
-1.746802
-1.538851
0.336170
-0.092808
-0.290346
0.079859
0.204419
0.120801
-2.260032
0.970877
0.481825
-0.052215
0.620371
-1.998385
-2.317520
-0.225187
0.021076
0.683214
-0.159004
-0.086365
-0.938683
-1.175695
-1.878163
-1.153164
-0.141888
0.237327
-0.554666
0.149391
0.318669
1.000269
-0.339876
-1.954561
1.174636
0.718984
-0.005709
-1.272844
-1.822389
-0.556594
-0.315584
-0.796013
-2.171531
-0.779227
0.641153
1.178946
-0.715445
-0.564453
-0.674372
-1.920631
-0.532745
-0.904173
1.360608
0.144653
-0.009069
0.418396
-1.228785
-1.806667
-0.456057
-1.528665
2.165755
-1.634133
-1.370777
0.214074
1.370825
-1.943220
-0.927576
-1.186094
0.044251
-3.978313
1.112517
-0.974816
3.380181
-0.551544
-0.057539
1.472406
-1.490226
0.663949
-1.330442
-0.814318
-1.447842
1.669642
-4.787273
-1.962493
-0.541606
-1.997171
-1.378660
-0.299098
-0.297538
1.294554
0.090402
-4.160760
-1.155896
-1.872924
-0.050397
-2.315043
1.178882
-0.776801
-0.511965
0.596683
-1.293815
-1.181951
1.105032
0.528939
-0.533368
-0.347696
-3.595716
1.385806
-0.551457
-0.608121
-0.099260
-0.176230
-1.713016
0.871374
-1.063119
-2.036957
1.194173
-0.663443
-1.078234
0.415846
0.744126
-2.263548
0.020174
-1.131750
-0.112917
-0.047365
-1.011317
0.400544
0.982320
-1.113042
-0.119259
1.102413
-0.585819
-1.097363
-1.606802
0.640638
-0.955236
-0.975449
-0.582569
-0.500690
-1.013934
0.054814
-1.213728
-0.842593
-0.274988
-1.614556
2.866287
-0.567076
0.731531
-0.743769
-0.408610
1.697370
-0.041785
-1.070724
0.461966
0.196814
-0.536693
-3.353829
-2.143610
0.224378
0.582056
1.491481
0.535229
-1.877352
-0.131280
2.083770
0.786813
0.968846
-1.928322
-0.279134
0.097223
-1.704211
-1.985076
-2.230465
-2.655926
-0.164948
-1.460097
-0.961851
-0.436457
-0.069232
0.777014
0.903642
-0.017880
2.762758
0.453317
-0.763095
-0.840420
1.754475
-2.898638
-2.217232
-4.817522
-0.964621
0.988045
-0.755476
0.637998
-0.740508
-1.074780
0.381819
-3.322433
-0.726361
0.027450
1.497862
1.751366
0.081370
0.383095
-1.189847
-0.463655
-1.382610
-0.445436
-2.354961
1.598143
1.692581
0.016268
-0.180563
-0.201055
-0.935427
2.738223
-2.558342
-1.595727
-2.196933
-1.337693
-4.563791
-1.898980
-2.535722
-4.687602
-0.696418
-1.662497
-3.118425
-3.367686
-1.274689
-2.041387
-1.545929
-2.988697
-2.420499
-0.999033
-1.218170
-1.253842
-1.968717
-2.395311
-3.275610
-0.784831
-1.570087
-1.718575
-1.617164
-0.571941
-2.128438
-0.431053
-1.943590
-1.627107
-1.418449
-2.278590
-0.968860
-1.974646
-2.608409
-1.761576
-1.693524
-3.187570
-2.465422
-2.351467
-2.331522
-0.161942
-2.960785
-1.575167
-2.268144
-1.842761
-2.960668
-2.873260
-1.961100
-2.730152
-1.555925
-2.769155
-1.521023
-2.085095
-1.737757
-2.604461
-1.375045
-1.437899
-2.651278
-1.478257
-2.590023
-3.124670
-3.387489
-1.209397
-0.471495
-1.660065
-2.273761
-1.557668
-2.965057
-2.077483
-1.614484
-1.935689
-0.136049
-3.110287
-1.134061
-1.262683
-1.771451
-1.344135
-1.076016
-1.515054
-1.769380
-2.358382
-2.088241
-2.208898
-2.506510
-2.880909
-2.225228
-3.078810
-2.107459
-1.699611
-2.798919
-2.164500
-2.118093
-1.914861
-1.790244
-3.715887
-2.522288
-1.918152
-1.425952
-1.141729
-2.183531
-1.812582
-2.127275
-3.610862
-3.443447
-1.744894
-1.574609
-0.780014
-0.498176
-2.329125
-1.413766
-1.950328
-2.973770
-1.698299
-2.718162
-1.324659
-2.007555
-2.118019
-0.515788
-2.662870
-2.940072
-1.277431
-1.510196
-0.242572
-0.672043
-1.385068
-0.965479
-1.376159
-2.225169
-0.728253
-3.110929
-3.153413
-1.458476
-0.835637
-3.041723
-0.676519
-2.617952
-1.798149
-0.847815
-2.933583
-2.880398
-1.302074
-1.393616
-2.038173
-1.408133
-1.882883
-1.566182
-1.336748
-1.345133
-1.269599
-0.559106
-1.298835
-1.873020
-2.251486
-2.673540
0.304711
-2.402185
-1.939405
-1.462582
-1.754621
-2.145257
-0.146065
-2.408065
-2.503020
-3.014257
-2.360421
-1.147234
-2.478914
-2.095943
-2.594662
-2.264611
-3.592638
-1.720836
-1.492357
-2.361771
-2.859738
-2.411428
-1.052131
-2.974441
-1.786546
-0.871308
-0.381848
-0.870174
-2.215986
-2.475545
-2.064260
-1.372086
-2.664461
-1.372467
-3.392596
-0.816723
-2.721887
-1.696565
-1.951579
-0.642104
-1.859388
-3.056320
-1.388294
-2.105559
-2.793564
-2.880280
-1.091708
-1.545210
-1.526860
-0.568932
-0.287759
-1.498448
-2.124722
-2.952002
-1.680736
-3.741600
-3.375095
-1.180280
-3.045701
-1.444781
-2.097624
-2.468044
-1.817952
-1.023306
-1.989147
-2.416741
-1.158100
-2.099137
-2.813813
-1.227463
-0.279841
-0.086295
-1.644785
-0.349677
-0.730819
-0.598819
-1.312400
-2.213012
-1.499570
-2.114386
-0.531004
-1.612041
-1.071544
-1.507700
-1.531695
-1.130821
-1.085894
-2.451228
-1.981532
-1.907746
-1.460836
-0.950669
-1.708588
-1.265626
-1.226492
-1.709442
-1.784353
-0.072437
-4.159202
-1.093265
-2.426063
-1.494794
-0.186150
-2.170885
-1.681869
-2.733395
-2.427101
-0.849577
-1.065848
-0.999477
-3.050167
-1.846481
-1.913631
-2.134486
-1.051213
-1.529967
-1.007305
-1.025175
-1.412736
-2.629363
-1.377761
-2.489544
-3.268137
-1.461937
-3.143030
-2.131638
-0.288181
-2.461002
-0.914306
-2.612576
-2.570799
-0.836949
-1.916368
-1.880481
-2.526765
-1.553596
-1.724015
-2.143811
-1.579948
-1.433172
-2.765074
-1.418610
-2.414484
-1.913867
-1.212886
-2.368924
-1.367525
-1.864167
-1.942183
-2.381513
-1.438546
-2.576432
-1.936399
-3.517118
-1.642211
-2.145259
-2.018970
-1.037470
-0.926170
-0.653934
-2.509461
-2.947141
-1.946761
-2.377292
-2.427382
-1.427265
-1.304208
-2.199747
-2.010957
-1.140284
-2.029792
-1.761688
-2.012035
-1.402061
-1.689736
-0.980792
-2.648257
-0.811704
-2.317289
-1.985660
-1.838234
-1.505862
-2.993972
-2.310331
-1.348190
-1.703990
-1.802171
-1.304946
-3.345072
-0.687778
-0.965521
-1.814264
-0.934373
-1.299880
0.108621
-1.277167
-2.927617
-2.300741
-1.758461
-2.328835
-2.560178
-1.606372
-2.265541
-1.120633
-1.801784
-2.354467
-2.278925
-1.227390
-0.934962
-1.139865
-1.699300
-1.862806
-1.628971
-1.645467
-1.420075
-2.919855
-1.408209
-1.251265
-1.128794
-1.873739
-1.560960
-2.741892
-2.395391
-1.707379
-1.984711
-3.118387
-0.901134
-1.470652
-2.127936
-0.643898
-0.130124
-0.206593
-2.698888
-0.798545
-1.059050
-1.819239
-1.360147
-2.844803
-0.346760
-0.921401
-3.054687
-1.793179
-0.132644
-2.395750
-1.474006
-1.266496
-2.096004
-3.676384
-2.932207
-1.082013
-0.631502
-0.189529
-1.765828
-0.872236
-2.174954
-1.107854
-1.085933
-1.253369
-0.110339
-1.501932
-1.800931
-1.877018
-1.685629
-2.491778
-1.138865
-2.506685
-1.474929
-3.330315
-1.060661
-1.410167
-4.487670
-1.354514
-2.344720
-2.233456
-1.888201
-1.370089
-2.091523
-1.860188
-2.045268
-1.593086
-1.055022
-3.087316
-2.256336
-0.673315
-1.470978
-1.965292
-1.545124
-0.279460
-1.589213
-2.192325
-3.577382
-2.635920
-1.618755
-1.938653
-1.252882
-1.564979
-1.466666
-2.051472
-3.064851
-1.899472
-1.583717
-1.145537
-2.327640
-1.922878
-2.363223
-1.177521
-1.217934
-1.262588
-1.608476
-0.606415
-2.160466
-1.383556
-2.244062
-1.693143
-1.936634
-1.734555
-1.963209
-1.079433
-2.135386
-1.670583
-1.359385
-1.187889
-2.281751
-2.302454
-1.873264
-1.632659
-1.550365
-0.667996
-1.382168
-0.888031
0.430911
-2.293336
-1.527440
-2.110745
-1.528115
-3.082623
-1.714646
-1.319321
-1.548990
-1.455137
-1.791724
-1.665479
-1.427521
-1.181605
-1.690228
-1.397885
-0.628159
-0.643320
-1.671873
-1.148639
-2.491771
-1.644863
-1.723454
-1.373232
-1.733583
-1.172130
-2.579004
-5.268912
-1.322549
-2.058335
-2.401201
-1.199777
-0.908418
-1.719239
-2.591775
-1.073893
-1.393638
-3.794966
-1.759423
-2.097772
-1.305492
-1.578693
-0.840651
-1.315535
-2.968200
-1.215147
-2.074859
-1.368149
-2.442158
-2.631300
-2.638225
-2.055545
-1.612859
-2.285532
-2.781039
-2.818962
-2.675055
-1.362660
-1.140303
-1.302905
-2.169756
-3.197956
-1.360140
-3.025478
-0.711211
-0.812743
-0.572733
-1.047178
-2.394065
-0.745995
-0.789147
-1.670035
-1.015352
-1.623111
-2.519964
-1.163312
-1.193653
-1.204518
-1.621472
-1.842081
-3.347782
-2.543262
-2.290063
-2.406445
-3.037495
-1.086860
-2.399445
-1.644168
-2.134009
-1.113775
-0.539884
-3.079779
-2.016951
-2.766888
-2.436869
-1.480543
-2.028283
-1.798821
-1.110300
-0.786488
-1.486665
-2.215923
-1.155264
-1.471667
-3.164709
-2.657129
-2.361761
-1.845063
-3.668290
-1.722806
-4.120397
-3.831065
-2.276298
-1.011379
-1.870980
-4.274369
-2.457896
-0.788900
-2.217227
-0.946009
-2.499479
-2.440098
-2.450494
-1.605394
-1.484897
-0.665151
-1.855851
-1.796296
-2.382756
-2.585387
-1.820310
-0.502778
-1.996753
-2.479510
-2.638928
-3.331180
-2.437667
-2.797997
-2.366995
-2.582267
-2.553076
-2.067015
-2.243236
-1.507376
-2.137326
-2.286594
-3.720913
-2.366524
-1.298714
-2.011594
-3.240013
-1.024729
-1.473087
-2.070683
-1.678782
-0.704358
-3.763450
-1.106513
-2.094410
-2.505775
-1.893380
-1.627110
-1.663335
-2.134224
-1.902632
-2.534501
-1.712012
-1.658111
-0.847276
-1.261126
-3.995281
-3.064399
-2.679412
-1.123195
-1.730304
-0.888008
-2.218488
-3.774954
-3.440341
0.103844
-1.271161
-1.644538
-2.721080
-3.042899
-1.970358
-2.582532
-1.774794
-0.229423
0.765357
-0.997898
-1.276370
-1.360023
-1.112188
-0.968637
-0.833109
-0.277700
-2.373871
-0.397753
-1.186653
-0.006737
-0.865341
-0.087510
-1.255968
-1.751477
-0.661695
-0.370077
-0.837599
-0.974370
-0.726921
-3.247231
-0.927337
-1.438778
0.278974
-2.002338
-2.072646
-2.366819
-0.931157
-0.920832
-2.440706
-0.483788
0.058815
0.148386
-1.606582
-1.468917
-2.048855
-0.761645
-2.395399
-2.688450
-2.453040
-2.366694
-3.045870
-2.529573
-2.006289
-3.686320
-2.835300
-1.821562
-4.807079
-0.881994
-0.431468
-0.747548
-0.940036
-1.945723
-0.406951
-1.503270
0.131048
-1.023187
2.055501
-1.139963
-1.577436
-2.147316
0.439874
-1.041157
0.493699
-2.774951
-1.586808
-0.986255
-4.396681
-0.772628
-0.847927
0.141923
-0.719404
-0.200181
0.119559
-1.909317
-0.462296
-2.782336
-0.178245
-0.886145
-3.504968
-4.246982
-0.432500
-0.659991
-1.910202
-0.708601
-3.281862
0.313458
0.894132
-4.280822
-1.011376
-2.489701
-2.766439
-1.983419
-2.632618
-0.256799
-1.556098
-0.486789
-1.418125
-2.340023
0.172716
-0.369071
-1.572906
-2.172534
-2.243890
-0.948518
0.532272
-1.868887
-3.796700
-1.125510
-1.341921
0.570901
-1.239604
-2.106698
-1.975977
-3.877144
-2.213480
-1.092486
0.701788
-0.247770
-0.957171
-1.385804
-2.479031
-0.057424
1.248368
-0.370632
-3.651567
-3.137776
-2.082722
-1.952354
-0.440037
-2.965675
-0.941691
-0.683156
-2.080592
-1.871953
0.323521
-2.410359
-0.575605
-0.686755
-1.635458
-0.786358
-2.119242
1.466871
-0.375248
0.155857
-4.733170
-1.388414
-0.145831
-0.250997
0.832258
0.080692
-1.873768
-2.174640
-1.062908
-1.640195
1.177968
1.490529
-0.866440
-3.165570
1.574645
1.508363
-2.302397
-3.428332
-3.640345
-2.341589
-3.959338
-0.272649
-3.492171
-1.700975
-1.493848
-1.600218
-1.136417
-3.026369
-3.655043
-0.168447
-1.433971
-0.758785
-1.702583
-2.046501
-0.252136
0.165069
0.271277
-1.438183
-0.799015
-0.385425
-2.613545
-0.400515
-0.587685
-2.038470
-1.187156
-1.669881
-2.945682
-2.487914
-1.372393
-1.429097
-0.913908
0.026688
-2.096458
-3.611712
-0.510664
-1.098689
-1.564769
-1.602612
-0.421344
-1.055363
-0.002643
-0.723515
0.629075
-3.046755
0.362647
-0.995746
-3.618706
-2.293987
-2.578881
-2.503246
-1.039226
-0.967851
-1.933087
-2.041547
0.175533
-2.189548
-1.227658
-0.246729
0.863494
0.548631
0.572343
-0.995957
0.278353
-1.834754
1.067127
0.829459
-3.345654
-0.685452
-0.675712
-1.456262
-1.685184
-1.678944
-2.426339
-1.555576
-0.496266
-2.677752
0.432604
-1.258940
-0.687626
0.530578
-2.145370
-5.080586
-2.829281
0.396494
-3.357266
-0.490503
-3.810791
-0.386699
0.019496
-0.381725
-1.360954
-2.087764
-0.993731
-2.442701
-0.327430
-0.232235
-2.571162
0.823285
-0.282945
-2.512185
-2.231627
-1.127203
-2.177605
-1.099035
0.147337
-0.417009
-1.699278
-2.180258
-1.461398
-1.483515
-0.315720
-3.164122
-1.085925
-0.139792
-1.006211
-0.926446
-0.032921
-0.177173
-0.992328
0.164221
1.296182
-1.072663
1.772740
0.617580
0.325606
-2.177965
-0.237926
-2.575724
-0.715929
-0.605298
-2.729980
-1.455741
-0.319882
-0.171616
-2.371002
-0.866837
-1.208800
-1.902996
-2.703899
-2.167520
0.066665
-2.755516
-2.622422
-2.675076
-0.969411
0.321231
-2.181383
0.137669
0.179627
-1.535509
-1.848813
0.326895
-2.817662
0.807003
-2.386896
-2.257008
0.621169
0.142821
-1.450280
-0.332632
-0.294475
-3.365294
-1.909360
-0.552861
-1.702756
-1.320165
-1.936859
-1.919016
-0.941311
-1.891945
-3.279600
0.383919
-1.186764
-0.068013
-1.111289
-2.628232
-2.325724
-2.092445
-0.155223
-2.643591
-0.738954
-0.945241
-0.105534
-0.313683
0.484120
-1.522637
-0.855506
-1.463353
1.031355
-3.598923
-0.314685
-1.668255
-1.046598
-1.515051
-2.190343
0.326931
-1.232874
-0.868293
-0.835951
-1.466392
0.144698
-2.467170
-1.786168
0.719806
-1.688225
0.885178
-0.996504
0.524732
-1.300147
-2.363171
0.280329
-2.674353
-2.209316
-0.906197
-0.482276
-2.248207
-1.895929
1.337346
0.966341
-0.789081
-1.593272
-3.468723
2.106751
-1.625172
0.614341
0.154720
-1.156667
0.482374
-1.509000
-1.881986
-1.045786
-0.844994
0.338253
-3.753758
0.821921
-1.038538
-2.177433
-1.565602
-1.634513
-1.209464
-2.172612
-1.027539
-1.680934
0.492626
-0.368609
-3.799197
-0.709067
-0.793878
-0.483619
-0.325120
-1.552987
0.933651
-1.049747
-0.391279
-1.529420
-1.671111
-1.275458
-0.291623
-2.200427
-2.573028
-0.598504
-1.733829
-3.103269
-2.300800
-1.570975
-1.054242
0.573606
-1.143963
-2.204823
-1.638282
-4.198374
-1.829255
-2.192565
-0.102595
-3.147904
-0.180439
0.526385
-1.507644
-4.526822
1.045883
-0.970938
0.278969
-1.196564
-0.720373
-2.163944
0.703449
-0.148326
-0.716978
-0.617681
-0.852676
-1.890509
-2.309268
-2.288700
-0.409555
-1.410538
0.227560
0.252895
0.341862
-0.492932
-1.710831
-0.081670
-0.764528
-1.174622
-1.861897
0.399623
-1.781623
-1.878893
-0.636770
-1.522475
-1.231480
-2.016123
-0.667442
-0.027169
-0.685712
-0.192940
-0.024436
0.649719
-0.662921
-1.278354
-1.325219
-0.609808
-1.222419
-0.293893
0.982902
-0.766317
-1.935145
-1.940297
-0.330833
-1.312768
-0.798671
0.320736
-2.316733
-0.170519
-0.240214
-1.365210
-0.352083
-1.298982
-2.126134
0.239616
0.443153
-1.222780
1.286307
0.643720
-1.310919
-0.840600
-2.111289
-1.092769
-2.728892
-2.392439
-1.702608
-1.351377
-1.596934
-1.254114
-2.446697
-0.738065
-2.613538
-1.386197
-2.006683
-2.772779
-1.297090
-1.260544
-1.345211
0.134459
-1.351266
-0.179803
-4.005372
-2.374025
-2.789708
-4.292528
-2.218961
-2.289304
-1.239730
-0.731300
-1.932245
-1.174909
-0.386832
-3.045428
-0.702112
-1.703790
-2.704905
0.066673
1.805522
-2.658022
-1.235025
0.086084
-0.899865
-0.346245
-0.418615
-1.525422
-3.133939
-1.616279
-2.557096
-0.243984
0.345809
-0.735007
-0.837312
0.104839
-0.525000
-0.821380
1.326034
-1.950788
-3.818714
-2.386044
-1.378961
-2.415140
-1.738540
-1.758276
-1.613886
-2.553004
-3.538825
-1.282617
0.208401
-0.384648
-0.096703
-0.655740
-2.161860
-3.100624
-2.787159
-0.744822
-2.068930
0.591687
-1.025289
-3.055149
-2.636817
0.371561
-1.665709
-1.612944
-2.200366
-2.310999
-2.116989
-3.278016
-0.746217
0.228019
-1.339964
-4.733995
-2.680507
-0.557428
-1.240005
-0.450291
-3.268344
0.318385
-0.915026
-0.284338
-1.446901
-2.465011
-1.052703
-2.184420
-0.556068
0.725218
-2.751448
-0.608885
0.988512
-1.310568
-2.310783
-4.754242
-1.094777
-1.613559
-1.596006
-0.981948
-2.284642
-2.656795
-1.810345
-0.883090
-0.721598
-0.253224
-1.281787
-2.224209
-1.325894
-2.939538
-1.519523
-0.678275
1.030527
-2.296209
-2.257423
-1.900913
-2.483803
-2.427477
-0.216411
-1.422916
-2.322957
-0.926444
-1.650532
-2.763805
-1.211694
-3.947014
-2.410431
-2.001415
0.037142
-1.363785
-1.609169
-2.827162
-3.253874
-0.272041
-1.280505
-1.547149
0.006481
-0.505968
-1.164631
0.255852
-1.335869
-1.853642
-2.961864
-3.194951
-0.568676
-0.288070
-1.721032
-0.723552
-0.842115
-1.052909
-0.520932
-1.065126
-1.202067
-1.471184
-2.473915
-0.662613
-0.444011
-1.327226
-0.333264
-1.294766
-0.969194
0.037482
-1.767068
-1.662174
-1.784628
-0.686163
0.335075
-0.923122
0.912844
1.777603
0.769583
2.742995
1.961012
-0.094407
2.101737
1.728309
1.034254
1.850578
3.289032
1.516397
3.443699
2.824399
1.416003
0.132939
2.422746
2.111060
2.204804
1.355548
0.578989
0.497878
0.110592
1.295813
1.137944
3.541008
1.943487
1.635380
0.848891
1.069896
0.464176
1.636900
-0.519470
0.772967
2.248302
2.189120
2.062563
2.274638
2.777253
1.755631
2.431597
1.687852
0.553343
1.239310
2.204193
0.975443
0.748503
-0.413696
1.192833
0.635073
1.334225
0.451853
1.567818
0.062983
0.655512
0.510567
-0.032914
2.783881
1.708457
1.947575
0.868327
1.050194
2.615139
2.328997
2.606850
1.837613
1.883554
0.721170
0.926835
2.320011
2.896549
0.856607
0.817520
2.424000
1.224065
0.080883
0.695279
0.874782
2.178446
2.341998
1.677364
1.708200
1.911304
1.548063
2.463712
0.559169
0.845343
1.394447
0.206792
0.304900
2.923638
0.788311
3.005525
0.999104
1.053416
1.513855
0.819409
0.709310
1.579060
2.564795
2.168993
1.447944
1.099213
0.787315
1.228676
0.435866
0.496541
2.507070
0.521109
0.464234
1.945116
0.899080
1.475272
-0.252256
-0.418975
1.759163
2.054708
0.568277
1.895812
1.336988
1.092886
1.650170
0.230192
2.985311
1.241183
1.267520
2.092623
4.149190
2.043779
1.033609
-0.010372
1.931424
2.226851
-0.478192
3.985445
2.627590
1.481424
1.067447
1.384070
1.527389
-0.263117
-0.602675
1.756964
1.356645
-0.492085
0.369849
1.094757
3.018744
3.527906
1.973306
2.060516
0.927585
2.220616
0.464261
1.094826
3.382082
1.183301
0.863284
1.881323
-0.222002
1.425759
0.978640
2.177338
1.137685
2.003458
1.509547
1.114613
1.292351
-0.111271
2.983947
2.289342
-0.591166
-0.095777
1.914943
1.705847
-0.085773
1.590830
1.045474
1.758422
0.924870
2.146489
1.185396
1.388813
1.246139
0.585179
2.782447
0.484732
1.430510
0.842493
2.484334
1.513565
2.426533
0.308243
1.993575
2.504359
1.211739
2.545627
3.009305
2.881815
0.918140
1.514771
0.657810
0.689919
0.547040
0.351084
1.455653
0.066666
0.427277
0.766980
1.419702
1.362641
1.162258
0.328611
0.952977
1.297091
0.920555
-0.204321
1.301016
1.934502
1.479620
0.982502
3.112870
1.725496
2.632970
2.438408
1.396463
1.118636
1.631938
-0.111165
0.739751
2.009375
1.951310
1.540357
0.366976
0.943506
1.924548
1.626306
0.757798
1.089506
1.309017
0.155472
1.077828
1.838863
0.191237
1.637901
0.149045
2.036566
0.581191
-1.385881
2.109375
1.721728
2.176525
2.457021
1.000919
1.455338
2.742541
2.251241
2.699546
2.820656
0.883959
2.310244
0.503079
1.571316
2.434006
0.401438
-0.654272
0.609594
1.476910
1.966170
3.736043
1.654664
2.291194
2.062866
1.275277
2.863270
2.026568
1.666598
-0.047033
3.185545
1.457152
1.439184
2.722722
2.167397
0.098979
-0.138518
1.568413
-0.348645
0.861473
1.462609
0.245285
3.553974
1.831817
1.537965
1.632207
2.921035
0.831312
0.280957
0.025785
0.618354
1.075294
1.964214
1.166039
-0.861484
2.412928
-0.244127
0.776531
2.235303
2.506283
-0.879602
1.964809
3.218696
1.464485
1.830184
2.785507
0.547654
1.724672
1.437674
0.444455
0.559472
0.456757
0.833695
1.824529
2.267294
1.413534
1.015675
-0.360620
1.822687
1.009293
0.138636
1.444722
2.706735
2.500824
1.959407
-0.452709
-0.254922
1.542090
1.806125
1.311553
1.432368
3.182293
0.869631
0.581369
3.247793
0.557433
2.370266
0.409270
1.609210
1.622818
2.081805
1.231026
-0.213364
0.176006
0.477152
2.742643
1.286172
0.187720
0.305429
-0.379537
2.729708
-1.023110
2.685172
1.657955
0.465915
0.892567
2.828912
1.486838
1.649096
0.376483
-0.480743
1.177189
1.650642
0.608814
-0.139901
1.894147
-0.426353
-0.031741
2.057378
3.178365
0.414954
2.985981
2.441769
2.320328
1.873785
0.657661
1.571672
0.161387
1.473980
1.069352
1.853115
1.999362
0.601289
0.117844
2.635152
1.293666
1.870672
0.126397
0.836325
-3.311715
0.147620
1.239574
0.717047
0.517539
0.946284
3.042777
1.892340
2.274347
1.324359
0.108261
2.308728
-0.752148
1.750241
1.565836
0.702576
0.946816
1.941502
3.392977
2.443315
1.104395
-1.311485
1.062855
1.420728
1.618485
2.467026
1.568378
2.971799
1.750173
1.376503
1.237610
1.220387
-0.077261
-0.860786
4.009632
1.798370
2.165997
2.837332
-0.224696
0.951439
1.594338
1.430267
-0.637073
1.444637
2.780928
0.414172
1.498143
2.121161
-0.020038
1.602971
2.769619
0.850797
0.482121
0.510427
0.701588
0.066149
2.135131
1.684818
2.151239
1.516181
1.522707
2.917407
0.518663
0.039624
2.351936
-1.263869
1.905283
1.408723
2.311325
2.855827
-0.085373
0.417050
0.771540
1.640846
2.803677
2.766328
1.609745
1.874106
1.397339
1.080688
1.720899
0.851354
0.641881
2.360429
1.582249
1.977004
2.976463
1.365026
0.589867
-0.247113
1.642722
0.219186
1.928642
1.952955
1.010920
3.107953
2.328436
1.951148
1.056325
0.065832
3.052521
2.649669
0.925038
-0.225062
-0.175731
0.036440
2.004955
0.142355
1.234516
0.019280
2.064884
0.892380
1.500379
2.551005
3.122295
4.267643
0.731428
0.577515
-0.041122
0.922144
1.506653
0.556038
0.577564
1.381605
0.213216
1.662497
3.130797
1.300045
2.475922
0.698867
0.174693
-0.632585
1.193687
2.029153
1.856395
2.946154
2.073680
1.059846
0.746643
1.098469
-0.107341
3.453148
0.304979
1.886722
0.752142
0.901456
2.057132
2.066217
1.909427
3.648115
1.131599
2.558461
1.232409
1.596639
0.500707
0.383015
1.321921
2.136368
1.039793
3.260311
1.510659
1.416108
1.053751
1.641106
1.765954
0.991538
0.550791
-0.010345
0.868534
0.977277
1.044385
0.880737
2.861439
0.094298
1.537190
0.568189
2.310373
-0.322443
2.188490
1.706103
1.074899
2.229734
0.699407
1.109179
1.271553
1.039190
0.046165
1.061592
0.581857
2.473390
-0.453666
0.498531
0.872984
1.368917
1.469628
0.245129
2.377695
2.108099
1.540547
1.686049
3.763260
2.174257
1.860857
1.857748
1.165909
0.064186
0.404314
0.024381
1.235368
1.403380
1.841076
1.694450
1.695309
1.552288
0.484266
2.274157
2.684490
0.282931
1.421666
2.594556
0.233459
0.067167
0.609222
-0.766215
1.332105
1.793999
1.117576
-0.280846
1.939842
3.702013
1.907529
2.741425
2.202731
1.712045
-0.521679
-0.121646
-0.578649
0.780186
1.534150
3.121262
1.060050
2.706395
1.259952
0.552042
2.173891
-0.356723
0.804552
3.134993
1.940341
1.133987
1.577615
-1.322361
1.030067
-0.034785
-0.372962
-3.986483
-2.191666
-0.121595
1.114541
-2.241469
1.200848
0.475011
0.788376
0.321640
-0.564858
-1.212802
-0.630333
-1.048125
-0.369482
-0.689869
0.898823
-1.928552
-0.961566
-3.363561
-1.296764
-0.680422
-1.371192
-3.703972
-1.297479
-0.476825
-0.622829
-2.074084
-2.237836
-3.040180
-2.109040
1.384787
-0.295480
-0.882925
2.282496
-1.410193
-1.007917
-2.522913
-2.264913
-2.645214
-0.717489
-0.497599
-1.035743
-3.036442
-0.911433
0.305750
-1.975776
0.762103
-1.030326
-3.765193
-1.972725
-2.751853
-2.479125
-0.912575
0.488374
-1.812795
-1.349697
-1.642570
-2.523394
-1.502618
-2.059661
-2.844923
0.179779
-0.984561
0.652770
-0.522792
-2.112164
-3.852051
-0.198466
-1.761381
0.390887
-1.614601
-1.916177
-2.557299
-0.463593
0.408199
-0.482807
-0.323303
-1.187369
-1.115673
-0.192165
-0.087254
-1.156116
-3.141545
-1.778288
0.109466
0.518250
-1.817442
0.014170
-3.808279
-2.909270
0.597763
-1.889645
0.167610
-5.633055
0.349097
0.225629
-0.764160
-2.280314
-1.721710
-1.055041
-0.694029
-0.395810
-1.393457
-2.816144
-0.029600
1.777945
1.809269
-1.551994
-1.632318
-0.303415
-0.068096
-1.105387
-2.338003
-0.951137
-2.725902
0.030103
0.125462
-0.650103
-1.621405
-1.570886
-0.505326
-0.429083
-0.770222
-1.173405
0.594672
-0.699216
-1.062695
-0.686252
-1.847140
-1.278164
-3.455165
-2.803613
-1.020735
-2.210692
-2.818705
-0.520557
-0.182073
-0.606720
-3.386723
-1.632093
-1.394513
-3.136617
-4.865170
-0.133275
-0.271547
-0.168584
-0.655479
-2.111330
-1.404443
0.005898
-0.401699
0.383007
0.387097
0.989696
-1.566528
-2.138941
-0.998978
-2.174386
-2.539041
1.170132
-0.413830
-3.150320
0.830113
-3.560551
0.689525
-2.826050
0.218509
-3.259108
-2.145242
0.263142
0.715200
0.336537
-1.487590
-2.342515
-1.561795
-0.124441
-2.990720
-0.301183
1.709516
-0.461078
-1.864429
-1.369695
-0.170193
-3.055462
2.072111
-0.472113
-1.991943
-2.223819
-0.986878
-1.689805
-2.611821
0.067891
-0.389864
-2.899373
-2.952615
0.663536
-0.538367
-1.865239
0.177357
-2.486703
-1.767277
-0.650048
-1.222855
0.545394
-3.064275
-2.186069
-1.531397
-1.233074
-2.713907
-2.153016
-0.368222
-2.583019
0.482115
-4.177797
-1.459849
-0.483617
-0.410540
-1.654744
-1.676237
-1.879083
-0.374926
0.410807
-0.767829
-1.273229
-1.938441
0.046569
-0.155121
-1.360009
-0.731814
-0.209882
-1.830351
-0.808368
0.096808
-0.036519
-2.534419
-3.384836
0.201203
-0.784474
-2.110075
0.773861
-0.749540
-0.330015
-2.835358
-2.277514
-1.587291
-2.802125
1.443480
1.204588
0.002150
-1.818525
-0.214329
-2.748360
-2.549230
0.604493
1.097937
-0.578959
-1.424591
-2.950357
-2.188881
-0.619553
-1.420626
0.278120
0.197921
-2.540895
0.542421
-1.378957
-1.778968
0.407279
-0.044616
-2.921589
-0.643542
-2.344299
-1.246225
0.127392
-3.037606
-3.110540
0.300901
-1.407256
-2.239276
-0.061585
-2.605060
-1.445044
-1.941443
-1.946753
-0.098212
-1.547060
-1.497651
-1.887511
-1.019614
0.726436
-0.970244
-2.867254
-0.748251
-1.129582
-2.457223
-0.105381
-0.334889
-0.794751
-1.608788
-0.598597
-0.165542
-2.561831
0.169373
-1.270873
-2.900812
-1.071210
-3.048401
-1.042514
-3.463164
-0.918600
-0.348121
-2.007678
-1.430948
-1.746006
-2.012101
-1.390271
-1.340730
-1.551143
-2.803491
-0.155961
1.021527
-0.635102
-1.339108
-0.196135
-0.657036
-1.778523
-1.906768
-1.028618
2.331988
-1.008150
2.148398
-3.594650
-1.691541
1.573532
-1.427646
-2.446727
-0.962163
-1.226224
-2.453820
-1.472698
-2.290612
-2.071280
-0.187753
0.258866
-0.534218
-1.689311
-0.034586
-0.220971
-1.963006
-1.976637
-1.551444
-1.129207
-0.864164
-1.137590
-1.365474
-1.225467
-0.041814
-2.233415
-3.055605
-1.006875
-0.672145
-0.890975
-2.121954
-2.490191
-0.574592
-2.603181
-1.098233
1.049960
-0.173028
-1.047120
-0.699146
-0.926925
-1.565110
-1.125645
-0.692507
-1.707891
0.353664
1.210480
-0.539905
-1.178356
-0.934073
-1.004784
0.385627
1.356229
2.487336
-0.619209
-1.767527
-2.270182
-0.063498
0.308083
-1.384546
-0.158358
-0.744417
-1.810835
-1.775234
-1.908736
0.364860
-0.723691
-0.877053
-4.242937
-2.842080
0.128933
-0.226057
-0.214772
-0.889087
-0.731317
-2.230809
-1.445159
-1.356262
0.433290
-1.829960
-0.377248
1.511122
-2.912320
-0.763333
-1.955716
-1.399859
-0.747772
-1.576812
1.035666
-0.118525
-1.217400
-4.679827
-1.542270
-0.887031
-2.746915
-2.424577
-0.329050
-1.063087
1.008918
-2.352962
-0.885295
-0.970404
-1.751465
-1.329208
-2.563923
-2.014675
0.255899
-1.008945
-1.798762
-2.016528
-1.559690
-1.754973
-2.228834
-2.057914
-1.419263
-2.585729
0.478622
-2.120701
-0.024519
0.186386
-3.887563
-0.045929
-1.374542
-0.034139
-1.271369
0.346575
-4.029654
-0.417760
-0.288321
-2.205842
-1.470678
-1.738373
-0.235464
0.209885
-0.956406
-1.294575
-1.806200
-1.355772
-2.306285
0.620282
0.251983
-1.342174
-1.631923
-0.187075
-2.833915
-2.310110
-3.923109
-2.668197
-2.803939
-1.092915
-2.163268
-1.288112
-0.383485
-1.290964
-1.998333
-3.510908
0.247711
-2.756800
-1.035763
0.348744
-2.849794
-3.282447
-2.817583
-0.861643
-1.337265
-0.311968
-2.191081
-0.258702
-1.975731
-0.454446
-2.755628
-0.335401
-2.488913
-1.800578
-1.285945
-2.725898
-1.081784
-2.661034
-1.815328
-0.297180
-0.942485
0.123760
-1.509522
-1.515056
0.457254
-1.366784
-1.280884
-1.382745
0.113784
-3.218575
-2.116154
1.403425
-1.541315
-0.536322
-0.625706
-3.115020
-2.492209
-2.904377
-2.891584
0.328253
0.117796
-2.135272
-2.866908
-0.348742
-0.791464
-1.434052
-0.848112
-2.073091
-1.523996
-0.749233
0.582511
0.341478
-1.320954
-3.553892
-1.697418
-1.430114
-2.314361
0.706748
0.462098
-3.565456
-1.311031
-1.128247
-0.432564
0.693173
0.110685
-1.188853
-1.750994
-1.177395
-1.229296
-0.695728
-0.219298
0.098930
-3.084826
-1.726860
-2.274329
1.135892
-5.068940
0.464089
-0.743244
0.156024
-2.014072
-1.228044
0.722753
-4.359041
-0.025250
0.298652
-3.657233
-1.898315
-0.135858
-0.625579
-0.720017
-2.982569
0.397530
-3.584144
-1.073794
-2.808502
-0.730833
-0.167588
-0.402786
0.130195
-2.445763
0.001343
-3.047943
-4.650836
0.724425
0.091322
-2.294141
-2.547042
-3.039063
-1.101473
-1.240395
-1.209690
-0.103494
-0.980883
-1.027317
-2.605678
-0.664525
-1.938951
-0.995398
-2.794739
-0.113220
-1.219663
0.077491
-3.807931
-3.867406
-2.793643
-2.838779
-2.065499
1.035004
-0.697272
-2.081922
-1.421445
-1.302955
-1.901245
-1.812253
-1.597650
0.411481
-4.209383
-1.441748
-1.184470
0.037507
-1.751790
-1.169217
-1.549771
0.128361
-1.241999
0.230523
-0.585271
-2.192814
-1.447825
-0.012009
-2.242461
-0.367564
0.767659
0.002413
-1.570812
-3.026487
-0.384715
0.039235
-2.591935
1.186977
-1.098453
-1.047929
-3.409495
-0.137443
-0.809548
-0.861344
-0.804861
-2.049819
-3.436882
-3.768984
-1.261299
0.651836
-0.219332
-3.096573
0.953697
-3.146111
-3.337381
-1.981008
-1.329584
1.593616
0.064037
0.732982
-3.223738
-3.027667
1.016427
-1.614178
1.556072
-4.614972
0.751268
0.751775
-0.406951
-1.740974
-1.050742
-1.013505
-0.088571
-1.960216
-0.586601
-2.587505
-4.156922
-2.122894
-1.859154
-3.225646
-1.198431
-2.761067
-4.722706
-0.566019
-0.910183
-2.033142
-0.830859
-4.471032
1.775703
-2.708942
-2.067993
0.696712
-0.425491
-0.101646
-1.977399
-2.212843
0.099765
0.569887
-0.665181
-1.978242
-2.259045
-1.496771
-2.406782
-2.211337
-4.922332
-1.782878
0.636022
-0.057853
-0.870631
-1.576184
-1.282614
-3.614948
-3.346820
-0.640055
-2.396708
-2.756832
-3.023826
-4.055538
-2.406397
-4.624148
-4.395743
-3.348735
-2.267819
-2.658425
-3.454224
-1.500796
0.336068
-2.908671
-1.394313
0.117051
-1.394547
-0.079971
-3.681609
-0.189866
-0.900175
-1.643118
-4.765568
-1.380457
-4.932000
-1.263241
-4.656451
-5.703665
-4.279599
-2.811852
-2.423454
-0.206077
-3.161456
-3.219760
-4.512520
-3.587516
0.215857
-3.244279
-2.288549
0.254231
-0.175200
1.167224
-2.855321
1.645604
-1.069919
-2.918344
-3.321369
-0.907113
-2.548344
-1.996911
-1.566329
-3.144408
-0.706854
-2.485110
-1.844061
-3.688908
-1.571968
-2.666978
-4.446196
-1.760334
0.082530
-1.091300
-0.321801
-3.888008
-0.642889
-2.656032
-1.426302
-1.018840
-1.833329
1.048253
-4.438506
-3.746268
-4.397311
1.471303
-2.802624
-1.709970
-2.656240
0.419084
-4.325182
-2.859655
-0.548883
-5.018392
-2.552269
-1.484811
-0.005539
-1.369433
-0.030443
-1.563962
-1.647964
-2.357231
-2.186889
-3.268735
-0.018025
-0.455830
-1.545191
-2.474741
-0.367725
-1.615501
-1.876764
0.254126
-4.041356
-0.741568
-3.450814
-0.596425
0.184350
-3.267888
-3.977589
-4.339983
-1.056371
-2.376068
-2.257204
-3.809348
-3.586754
-3.942079
-3.180981
-0.996693
-3.074869
-3.571199
-0.609252
0.472679
-1.018271
-0.897685
-1.662538
-0.534469
0.368336
-1.387743
-5.357426
-1.323615
-2.262261
-2.798608
-1.849151
-2.938356
0.578477
-1.038441
-2.118227
-2.138335
-2.441128
-1.053845
-3.516523
-0.407958
-2.143665
-2.401889
0.652187
-1.664744
-1.751766
-0.184734
-1.371222
0.084783
-1.012009
-3.043506
-1.885484
-2.550871
-5.118387
-0.218766
-2.395688
-7.055970
-0.723807
0.947647
-2.842123
0.489300
-0.926551
-1.718621
-1.449387
-2.723149
-4.986503
-0.648146
-3.291200
-0.595349
-0.180070
-1.543429
-0.680335
-2.471439
-3.999348
-1.363851
-2.671027
-2.752060
-0.208345
-2.138100
-1.455276
-0.982680
0.086671
-3.081697
-4.023130
-3.714489
-1.996323
-3.070523
-1.371698
-0.634532
-1.690309
-1.217153
-5.815026
-3.994438
-4.843670
-3.072145
1.200344
-3.025063
-1.493400
-1.542644
-1.155008
-1.915844
-1.888249
-2.840387
-1.851282
-3.007864
-1.146031
-0.338914
-2.069774
-0.443876
-1.538695
-1.293590
-1.993001
-2.259808
-1.649787
0.981574
-1.660398
-1.473592
-3.322431
0.131765
-1.433763
-3.468269
-2.303188
-3.086601
-2.925275
-2.024192
-3.915165
0.395167
-1.530247
-4.311620
-1.701565
-2.006949
-2.174487
-4.555596
-0.273538
-3.131185
-2.037905
-2.067737
-0.804539
-0.597075
0.272469
0.416196
-1.719588
-2.150346
-5.240105
-2.952055
-3.233911
-1.661117
-2.861018
-2.234165
-3.385803
-4.394036
-2.321569
-5.107725
-0.735046
-0.235347
-3.854715
-2.661810
-1.441993
-1.880993
-6.377961
-4.109227
-2.198359
-4.150949
-2.595852
-0.893318
-2.727647
-2.270101
-4.183076
-3.592314
-4.082899
-3.388111
-1.235041
-2.878550
-4.228303
-1.528749
-1.868011
0.293540
-2.425829
-2.454354
0.514544
-2.133054
1.549524
-0.348445
-3.820037
-1.584618
-0.646948
-1.887338
-0.376102
-0.688625
-2.175074
-2.099436
-2.564554
-0.623657
-2.690153
-2.940219
-4.098194
-1.765153
-0.716391
-0.126815
0.115822
-1.227664
-2.564984
-3.777039
0.755841
-1.645720
-2.398631
0.326675
-1.070952
-0.895062
-2.272127
-2.152979
-1.587243
0.083618
0.158189
-1.021359
0.183367
-1.737551
0.474896
-2.827599
-4.872245
-5.222788
-2.576042
-1.264927
-0.936010
-1.398319
-1.323683
-2.184564
-0.126209
0.289500
-2.310906
-0.561259
-0.790209
-2.112708
-3.203310
-1.500090
-3.904799
-0.772135
-1.719980
-2.112373
-1.034557
-1.266532
-3.495898
-2.247064
-1.973867
-2.836100
-3.846776
-0.410864
-1.189829
-1.437637
-3.517769
0.258724
-2.491172
-2.209643
0.964368
-1.315176
-3.301005
0.195211
0.522249
-2.598804
-1.311939
-0.680526
-2.008268
-0.872085
-2.057906
0.008356
0.736912
-1.340742
-0.563609
-3.405959
-2.212991
-3.021797
-3.140788
-5.040515
-1.807865
0.147857
-3.929009
-2.867031
-0.210449
-1.633475
-3.532711
-4.048569
-1.332338
-0.985221
0.477327
1.528832
-2.852535
-0.129131
-0.580494
-3.054967
-3.034605
-3.004851
-2.522794
-1.521991
-2.362219
-1.307966
1.251171
-5.480436
-2.251755
-0.218465
-2.052391
-3.205158
0.474054
-2.555029
-2.260236
-2.032613
-1.170453
-1.393712
-1.358208
-2.013323
-2.273818
-3.459014
-1.587048
-2.216523
-4.993073
-3.458364
-2.309005
-0.423891
-2.643497
-1.529042
0.368937
-4.004592
-0.183709
-2.490947
-4.837902
-3.202144
-2.443527
-2.316116
-1.242220
-2.060142
-1.500666
-3.696883
-2.005906
0.390979
-1.630714
-1.213842
-3.787497
-4.520931
-2.863075
-1.880629
-1.473241
-1.402245
-0.336893
-2.427254
-0.207718
-3.730608
-0.307892
-2.483824
-2.277375
-3.319629
-0.122231
-2.540013
-2.450551
-1.458327
-2.594603
-3.505798
-2.735817
-0.791841
-2.085159
-2.061550
-3.433313
-2.536993
-2.826857
-4.413219
-1.685811
-2.605437
-2.655312
-1.956547
-0.499844
-1.867404
-1.751932
-1.849006
-4.190121
-3.608438
-3.543551
-4.193668
-3.033828
-2.913822
-4.582618
-3.206703
-1.083549
-3.236017
-2.173512
-1.903942
-4.184767
-2.114124
-2.207433
-2.204049
0.728261
-2.119643
-0.073956
-1.121905
-0.777573
-2.209998
1.271140
-1.843023
-2.591424
-2.917398
-2.014749
-2.718409
-2.517802
-1.569293
-6.050264
-3.459325
-3.182707
-2.073329
-4.708464
-2.079154
-2.106435
-1.607281
-3.010353
-2.628572
-1.580444
-2.004968
-2.020306
-3.955024
-3.861669
-1.434944
1.058662
-0.886659
-4.339756
-3.844332
-1.790431
-1.332353
0.058167
-2.744672
-3.494218
-0.381710
-0.811473
-0.394776
-4.203005
-0.950768
-1.605649
0.061143
-1.913947
-3.637042
-2.229468
-4.505862
-3.049037
-2.589934
-1.995968
-0.893533
0.143755
-2.491266
-4.404937
-4.285883
-2.428570
-2.016665
-1.977051
-1.796899
-4.848938
-0.998713
0.722664
-0.762537
-3.791067
-2.177281
-3.004413
-1.275391
-3.263040
-2.562756
-2.125187
0.386855
-4.378994
-4.910184
-2.446587
-3.131806
-2.045648
-3.503624
-2.684745
-1.543104
-5.269066
-1.269328
-3.289904
-0.952382
-2.971311
-1.539208
-1.045765
-2.251502
-0.693242
-2.333455
-2.597987
-0.988460
0.647341
-2.243687
-2.005649
-0.311356
-0.464231
-2.538680
-2.984634
-4.835039
-0.627091
-0.444434
-5.223833
-4.367326
-3.271042
1.982265
-3.144554
-2.268759
-2.310264
-2.583054
-1.502490
-3.325706
-1.205333
-1.791422
-0.895379
-1.854617
-1.236762
-4.371751
-2.116092
-0.227425
-1.639353
-3.739243
-2.567479
-2.300156
0.922784
4.098341
1.854830
2.741714
2.144792
3.173586
4.253477
3.329556
3.477227
3.867785
3.904826
3.860975
3.066252
1.928024
1.205103
2.965787
1.027564
2.295005
2.477853
3.868441
4.478320
5.222429
2.375097
4.204626
-1.278280
2.186546
1.680194
2.675717
4.230593
2.135488
2.623290
2.891561
4.060433
2.898435
0.342954
2.128573
0.322211
2.324681
1.523447
0.055304
0.545295
2.846489
1.114660
-0.029773
0.846410
2.999342
2.918018
4.080495
1.077379
0.351028
4.709271
0.777421
3.600672
2.289959
1.128198
-0.456957
3.792161
2.523184
2.075188
0.896319
0.237501
-0.223581
1.585869
1.999064
0.933003
3.460001
2.850384
2.707180
1.990403
2.480198
1.069263
4.958109
1.408913
3.758212
1.886564
0.720927
-1.237362
1.146810
3.882164
2.195948
1.138478
1.619763
1.199635
0.877963
1.710897
4.067814
3.220793
3.900493
5.071051
0.537967
1.803919
3.339969
3.489870
3.555528
2.175028
2.578403
0.327224
3.898120
4.017649
2.343317
0.050367
2.904076
0.784988
-2.238648
1.376374
3.297753
0.367562
4.654641
0.184031
2.731607
4.019704
4.220264
1.325259
3.408882
3.863645
0.782729
1.016593
2.782987
3.708733
3.727764
1.705477
4.360686
1.691878
-1.591096
1.787532
1.513374
3.012774
1.263819
1.267509
1.946683
2.681798
2.704049
2.923699
2.134640
1.604077
2.911982
1.915116
2.108294
4.545723
4.304362
1.814735
4.090347
2.407310
2.860880
1.355912
1.192175
1.703039
5.054521
2.944475
2.059391
2.341837
-1.044251
1.730063
1.161782
1.870099
1.654340
1.910898
2.566854
1.511215
0.790084
3.854616
2.337127
3.772317
3.184152
1.122063
4.034171
4.547561
1.528966
3.566247
3.026993
3.995403
2.706347
0.370442
4.131049
3.542748
2.975856
1.256718
0.817688
-0.957132
0.169102
2.401185
1.287682
2.527642
1.790292
2.703223
3.274969
1.183679
-1.143324
3.700671
3.550141
3.025588
2.211111
2.018226
3.153812
3.369328
2.333758
2.475855
2.127576
2.869976
3.451059
1.919344
3.366446
-1.992514
0.687481
1.775257
1.263472
0.097784
2.211715
0.662117
1.042355
0.993635
2.104203
2.079026
1.459156
1.135296
6.935804
0.517216
2.429262
1.451481
2.811475
0.779636
2.410483
2.091191
1.419495
5.056098
3.898211
1.603042
-0.107930
0.505874
4.194842
3.710411
2.632206
2.466251
1.610899
2.998024
4.837198
3.013583
0.894050
3.396969
2.208839
3.584370
2.331526
3.058747
1.338080
0.506241
3.030337
0.566593
1.204022
1.548259
4.800183
3.416615
3.218597
4.469834
2.313458
3.771779
0.121899
3.751810
3.742911
1.942091
0.350138
1.596559
4.864638
4.438694
4.012648
2.101093
2.401019
2.067463
1.632404
2.215862
0.971872
0.324325
1.180507
1.689921
1.445513
2.151396
0.487530
3.904696
2.264796
2.325519
3.372497
2.371061
3.002198
2.222776
2.240756
1.461679
2.060944
1.671269
1.995477
2.044935
2.390770
1.395571
1.874307
2.754967
4.047604
2.602445
-0.036938
3.358040
2.046484
-1.246643
0.099322
3.197794
2.304430
3.744080
4.078249
1.927980
1.029348
2.182733
4.436165
4.845842
2.080701
1.715646
3.077921
2.440965
3.765267
2.716740
2.376108
1.717957
4.124393
3.495310
4.455617
2.366135
4.129822
3.034774
0.547602
1.813620
1.044747
3.177884
1.159288
5.817931
4.996678
4.148776
4.105468
2.864181
0.505259
1.026277
2.141705
3.058413
2.795248
3.175080
-0.624650
1.277683
2.667219
5.194383
3.055846
2.010859
1.060524
0.742900
2.713609
1.693927
3.441680
3.296434
1.322248
3.099327
3.721817
3.292929
3.424160
2.693156
2.811513
-0.716684
2.018386
-0.029220
2.448100
1.869280
1.034720
0.465782
1.241249
1.649417
2.989150
2.747933
3.921828
1.294048
3.803009
2.567099
0.325245
3.372669
3.563269
1.359899
0.646276
2.624403
4.433171
4.991013
0.695027
-0.292086
2.132435
2.278856
3.089691
1.942358
2.164395
2.108579
2.138214
1.424765
3.369180
5.210285
0.823723
1.602801
2.437652
2.749589
1.315119
3.905099
3.853840
3.858747
1.825954
-0.023190
1.561424
4.878545
3.487639
1.375695
3.145148
2.707310
0.891072
0.237237
4.272198
2.645166
2.161951
2.733490
1.280614
1.099477
2.482584
1.985688
2.305130
3.323644
3.696275
4.720187
2.711824
2.391180
3.167152
0.700505
3.335267
3.465943
2.654815
3.244770
4.738609
0.796870
1.833480
1.866514
2.210855
1.889292
2.223153
1.693505
3.604977
2.350572
2.062089
4.172667
1.698394
2.344157
2.141866
1.017836
3.171377
0.873770
-0.186204
1.614045
3.775017
1.569972
1.799980
2.951831
2.135679
3.027871
2.761225
2.098749
3.076173
2.935924
4.068244
4.766724
3.246060
2.406256
1.305174
0.601145
2.695298
3.263278
2.896661
0.921015
2.184907
2.543255
2.333855
2.959010
2.775625
4.496459
3.842804
0.708475
2.347523
-0.061482
0.567276
3.782259
0.930725
0.328312
3.954312
2.486366
3.297706
1.031820
1.072184
-0.801456
4.148325
1.336205
1.111612
2.432010
2.316849
1.043894
0.600439
1.981092
0.868330
3.616978
2.782317
1.553549
-1.269166
-0.377041
1.377060
2.403275
1.038453
-0.987078
2.684323
3.382268
1.432693
0.190823
3.532518
5.147285
2.556293
2.288489
1.534731
1.871122
2.703931
2.586441
2.302319
-0.247686
3.389095
4.808215
1.663128
2.838308
1.406307
2.520067
3.899657
3.969553
3.106462
0.816583
1.178617
1.920636
-0.248878
0.445908
3.852821
4.052625
3.098202
1.848004
2.207521
2.224566
2.256477
1.535347
2.154747
1.266617
0.157709
2.059597
2.488786
3.086289
3.294045
2.186160
2.311072
2.180198
0.570921
1.089824
2.572155
2.832522
3.083934
5.176426
1.998383
4.069582
0.902627
2.712029
2.825824
4.443347
0.487645
2.184501
1.533239
1.236393
3.411132
0.998347
1.808680
4.891694
2.091839
0.387639
2.520344
3.839149
4.408851
1.469201
1.634544
1.448598
3.265330
2.514733
-0.016104
1.961248
2.954693
-2.771507
1.250034
1.713095
3.616240
5.774830
4.238714
3.487909
3.348243
2.393576
0.348595
1.807990
2.767472
1.903624
4.915444
2.276595
1.806495
2.933115
2.481988
1.759161
2.777459
0.850623
4.441548
0.680654
4.465062
1.842042
0.514021
1.751449
3.163170
3.501369
-1.384043
1.429843
0.123351
4.014131
1.410862
5.353227
3.703807
0.205686
2.654340
2.031561
2.777496
2.027165
3.241453
2.167348
0.364409
1.959812
6.034424
2.076838
0.425125
4.101930
3.706911
4.046948
1.487884
0.256267
4.447629
4.020604
-1.197687
2.617697
2.425817
1.976008
1.935209
-0.072333
-0.160822
2.324537
3.311983
0.797680
-1.326907
1.722008
0.565838
0.261748
0.347779
1.192218
0.267682
0.374175
2.578703
2.213318
2.902913
1.450879
1.165304
3.521743
1.775753
2.168670
3.441522
1.803667
-0.541745
-0.655255
-1.543022
-1.249430
-1.628229
0.496474
-0.479547
-1.192831
-2.522500
0.642766
-0.544684
-2.119205
-0.859254
-1.777834
-1.778434
-1.293297
-1.482155
0.133991
-0.386797
-0.965777
-0.653603
-1.017633
0.337187
0.567560
0.798340
-1.013319
-1.128080
0.917058
0.806316
2.882311
-0.713540
-1.760700
0.677543
-0.587869
0.779040
-0.841959
0.870485
0.605869
-0.867221
-0.602589
-3.225326
-1.133124
0.302719
0.091172
-1.220420
-2.632430
-0.618142
1.853005
-0.883521
-2.488967
0.269097
-0.982475
-0.072914
-0.836548
-1.258140
-0.768871
-1.220368
0.477932
0.473983
1.360316
-1.634521
-2.118914
0.237068
0.985582
0.604955
1.186356
0.168835
2.472454
-1.301209
-1.179831
1.284434
-0.650165
1.232133
0.798086
0.608996
-1.107660
-2.170408
-2.853806
-1.086417
1.070410
-0.870951
-1.248845
-1.016499
-0.053316
-2.589984
-1.235453
-1.581720
0.696257
1.557890
2.247091
-2.426495
-1.794771
1.163064
2.160002
1.797592
0.237660
0.888343
-1.599967
4.270514
0.320220
0.137755
-2.133166
-1.330323
-0.172110
-0.982252
-1.911080
-2.199559
-1.411733
2.752706
0.777861
1.367905
-0.329279
2.005907
2.068432
-0.533281
0.215590
1.635165
-1.284713
0.379987
2.834928
-0.091608
-0.551390
-0.398001
0.345878
-0.082262
1.747443
0.541407
-0.037745
0.037738
-0.969117
0.100440
1.417489
1.101707
-2.901171
-3.313462
-0.970516
-0.165441
-1.264855
-1.094511
0.100396
-0.379223
-2.291369
0.986609
1.197420
-0.732769
-0.815782
-0.284470
0.044980
1.529250
2.012033
0.371241
0.197539
-0.587014
-0.095532
-2.255306
0.329405
-1.842443
-1.663740
0.562951
2.176419
-0.027694
1.283952
-1.485242
-0.582648
1.218976
-1.320807
-0.379892
0.614837
1.909219
0.285676
0.187028
0.427409
2.040782
0.347773
-1.355883
1.141301
-0.680801
-1.497004
-2.439019
-1.570958
-0.556587
0.414306
-1.027583
-2.367091
-0.432003
1.014622
0.409669
0.345697
0.087045
0.386153
1.426288
1.956204
-2.079138
1.291879
-0.942308
3.757847
-0.952574
-0.237354
0.051564
2.024976
-0.151687
0.832222
0.232077
-2.615125
-1.185751
-1.517870
-2.479899
-1.820090
-1.167721
-0.302469
-1.620538
1.391995
-0.856654
-0.959382
-1.292912
-0.646303
1.555466
-0.527306
0.836637
0.625150
1.712684
-0.820396
-1.316889
-0.340210
-0.463680
0.691725
0.856601
0.396506
0.395429
0.210782
1.161323
0.452116
0.629333
0.180022
-1.206173
-0.873149
1.590427
0.325778
1.173640
1.405545
1.950505
0.193858
-0.589590
2.206197
-0.544383
-0.485450
0.585266
0.027715
0.436275
-1.673902
0.500310
-0.208290
1.690613
0.785876
1.694601
1.673542
0.424572
1.054396
2.277467
-0.364716
0.444700
-1.389239
-2.583205
-1.107338
0.122119
-0.200423
-1.028508
-1.437375
0.574304
0.723303
-0.706745
-0.976806
-1.936329
-1.873982
2.027622
-1.642554
-2.089061
-0.391148
-1.813789
-1.432847
-0.508466
1.057152
-1.544311
-0.639255
-1.381220
-0.159777
1.232318
-0.305216
1.307187
0.783369
-1.695700
-0.412169
0.437904
0.127582
-0.412520
1.008889
-0.181427
-0.621870
-1.855190
0.018406
-1.814570
0.329457
-0.454461
1.070778
1.128599
-1.778814
0.231142
-1.028531
1.178394
1.404431
-0.921079
-0.125334
-0.646738
0.646798
0.905692
-0.024671
1.067803
-0.511652
0.491587
1.064593
-0.014594
-2.080183
-0.854445
-1.317325
-1.849712
-2.180208
-0.175506
0.923742
-1.172022
-0.261691
0.674638
1.057986
-0.292961
0.576811
-0.775901
-0.894126
0.279864
1.733104
0.002202
0.855251
-3.668270
-1.366682
1.864573
0.697499
0.029422
-0.516236
-1.181922
-1.101636
-0.566192
0.862684
0.089811
0.380030
-0.193848
-0.031620
0.564331
-1.548929
1.641121
-1.617292
-0.924171
-2.095301
-1.080724
-1.026779
0.117583
0.735627
-0.986046
-0.604310
0.047463
1.039905
0.493587
-0.397265
1.643591
-0.768081
-1.260324
-1.775661
-1.535204
0.059240
-1.231740
1.171005
-0.051489
-0.818092
2.340189
0.604303
-1.436442
-1.733797
-1.418870
0.070189
0.262472
-1.056351
-0.402364
0.475338
-1.474903
0.138363
-0.597562
0.931114
0.198396
0.329512
0.411161
-0.790935
-3.170620
-1.031634
0.563206
0.165501
-1.056488
-0.799751
-0.761000
1.764427
0.702358
1.850234
1.673494
1.605761
-0.752769
-0.097592
0.557087
-0.614358
-0.473149
0.285809
1.316889
-0.577086
-0.324259
-1.002689
-1.674535
-1.983127
-1.471188
-1.791984
-0.655530
-1.140061
0.455870
0.406539
-1.128979
1.242829
0.149359
-1.617640
0.423021
0.966522
-0.083608
0.608721
1.948057
-1.201408
-0.568990
-1.820248
-1.007376
0.429407
0.258603
-0.049639
0.857131
3.263350
2.084499
0.141318
0.535393
-0.701306
-1.932655
-1.154774
2.324587
-0.214462
-1.107739
-0.581178
1.288828
0.504164
1.238637
-0.295372
0.219153
-1.248811
-0.004337
-0.750943
-0.310509
-0.508114
0.019398
2.045517
-0.923965
0.489373
0.838164
0.692482
-1.751702
-0.572164
-0.562329
1.436399
-1.010914
-0.616594
2.552826
-0.415665
-1.676265
-0.116123
0.511778
1.557552
-0.470131
0.119400
-1.097481
2.098178
-0.025355
-1.133603
0.542127
1.148231
0.973215
-1.195410
0.323870
1.506529
1.105183
-0.698766
-0.391545
-2.350482
0.119212
0.024113
0.833905
-1.855758
-2.036741
0.584324
1.065486
1.138641
2.147424
-0.488743
0.404496
0.546402
0.299511
-0.259743
0.289093
-2.835595
0.943980
-0.930640
-2.272779
0.357274
0.193137
-0.352897
-0.379844
-0.024665
-1.278335
-1.563020
-0.674308
-1.546608
-0.379012
-0.820623
-0.936922
0.267245
-0.500044
2.448196
-0.584357
-0.112115
-0.595162
1.124758
-1.461669
0.133119
-0.481832
1.539218
-0.327660
-0.519325
-0.833063
0.917351
1.217316
-0.586940
-2.424414
0.554125
1.044502
-0.461748
0.525757
-0.223987
-0.465903
0.481192
-0.244693
-0.391609
0.641052
-0.729221
-0.711790
0.386173
0.112418
3.501119
-1.994047
1.306784
0.614686
-0.764160
-2.192194
-1.769451
-1.270253
-1.851417
2.687438
0.402714
-0.732460
0.885933
-1.375129
-1.266900
-1.055740
1.813767
1.637462
-1.563656
-0.130252
0.017186
0.791963
0.697981
-0.720064
0.762603
0.055351
-0.227286
-0.789879
1.855956
-1.080792
0.100052
1.953245
0.685541
-0.426790
-0.877016
1.266700
1.514069
-1.030982
0.413551
2.332000
-1.035619
-0.174893
0.467850
-0.966257
1.065194
0.216340
-0.442677
0.418686
0.890701
0.421368
-0.042573
-2.705990
0.567279
-0.376733
2.777745
-0.581823
0.759630
-0.311604
2.694300
0.946840
2.738000
-1.490131
-0.140831
-0.839063
-0.494787
-1.724248
-1.959108
0.885898
0.292598
-0.943911
0.427170
1.337600
-0.330246
0.027038
-0.135641
0.372296
0.249360
-0.572348
-1.061696
-1.370490
-1.557150
-3.475764
-0.970231
-1.962300
-0.994100
-0.678367
-1.774432
-1.104793
-0.018193
4.882411
0.547098
-1.561556
-0.208726
-2.047215
-0.068266
-1.991225
-0.514903
-1.278747
1.797606
1.348020
-1.135387
0.245579
0.363906
1.456955
1.278600
-1.692017
0.620042
0.450426
-1.373427
-1.651078
1.686081
-0.164470
1.033247
-0.750730
0.121054
-0.318357
0.272632
0.944535
0.642813
1.940435
1.044657
0.277507
0.795045
0.274514
0.070021
0.846671
1.098434
-0.415409
-0.046676
1.777024
0.542090
-0.757672
1.138184
0.827543
1.185740
0.372583
-0.724182
-2.666671
-0.993391
-1.170912
-1.518421
-1.380255
0.742252
-0.455222
-1.589409
-0.740946
-1.578758
-1.225860
0.347604
-0.876437
-0.478327
-1.830620
-0.506065
0.072400
-1.528643
-1.439124
0.915601
-1.814758
0.507363
-1.388035
-0.047864
-1.144908
-1.053123
-1.398218
-0.549783
-0.986154
-0.270766
0.422665
-1.501879
-0.283905
-0.861129
-0.431618
-0.911105
-1.780813
-0.409464
-0.180240
0.820870
-0.246018
-1.737648
0.390358
0.150576
-2.449826
0.758001
-1.190856
-1.192599
-0.520181
-1.805193
-1.438839
-1.164589
-1.638316
-1.958099
-0.783002
-0.554600
-0.294819
-1.442500
-0.318923
-1.484970
0.017207
-1.713025
-1.533552
0.650287
-1.350753
-0.349527
-2.288634
-1.411909
-0.824474
0.705240
-0.572460
-0.955285
-0.552604
-1.153577
-1.150060
-1.500817
-0.847678
-1.725312
-0.275734
0.377628
-2.554480
0.493010
-0.552564
-0.090202
-0.806832
0.531007
-1.069076
-0.453483
-1.180811
-1.450269
0.000245
-0.975752
-0.981916
-0.401119
0.453000
-1.128260
-2.663930
-0.794563
-1.510256
0.248785
0.502851
-1.781167
0.578447
0.590536
-1.760890
-0.999608
-0.389494
-0.649795
-0.096149
0.298815
-0.188705
-0.070312
-0.538786
-0.530522
0.722437
-2.258057
-1.068249
0.562894
-2.161501
0.392971
-1.915966
-0.877966
-1.540108
-0.486848
0.175279
-1.292243
0.060090
-0.705397
-1.305919
-2.585598
0.088975
-2.082962
-0.788627
-1.551890
1.221483
-0.667907
-0.839323
0.402820
-1.187669
-0.792445
-0.018112
0.777387
-1.035208
0.019975
-1.280377
-1.425607
-0.658870
-1.389757
0.250788
-1.188954
-0.627117
-1.083761
-0.818865
-1.272402
-0.469678
-1.877460
0.095165
-0.389136
0.347649
-1.303097
-0.226908
-2.076329
-1.310575
-0.049000
-0.170846
0.649386
0.583209
-2.072955
0.650752
-1.020484
-0.429222
-1.660494
0.585343
0.015797
-1.286215
-1.718308
-0.171076
-2.208097
-0.465638
-1.501713
-0.950048
-0.975536
-0.542401
0.110123
0.203268
-0.591159
-1.071842
-0.484262
0.094376
-0.809171
-2.264229
-0.378023
-1.519470
-0.339292
-0.261908
-1.317781
0.448452
-1.116491
-0.525063
-0.236933
-0.611650
-1.367639
0.031091
-1.230842
-0.119512
-0.771027
-0.422175
0.126748
-2.420239
-2.200965
-1.034468
-0.000212
-2.153847
0.384276
-0.739084
-0.075577
0.089801
-1.563581
-0.120066
-0.076969
-2.357703
-0.882687
-1.169437
-0.775287
-1.350016
0.280571
-2.299296
-2.070932
-0.248669
-0.180770
-1.347733
-2.201004
0.068187
-2.293481
0.526320
-0.385684
-0.853579
1.021934
-0.647491
-0.335587
0.539870
-1.000299
-0.410896
-0.731540
-0.810633
0.450456
-0.782206
-1.568015
0.234726
0.399474
-0.101700
0.178174
-0.654476
-1.803884
-0.339695
-0.851681
-0.218188
0.260480
0.105802
1.114082
-1.373382
2.191282
1.045981
0.137560
0.271315
-0.834188
-2.505349
-1.397650
-1.032349
-0.865670
0.315473
-3.951177
-0.151412
-1.489867
-0.127256
-0.155490
-0.617892
0.336420
-0.527963
-0.722227
0.577458
0.193950
-0.641712
-0.364602
-0.893541
1.486876
-0.661232
-0.643937
0.882278
-0.419868
-0.242668
-0.150136
-0.661785
-0.108912
-0.223129
-0.062912
-1.236938
-0.929620
0.620652
-0.040227
-2.059656
0.859945
0.812600
-0.965109
-0.674187
-1.117130
-1.136518
-2.810598
-0.860785
0.730438
-0.996911
-0.446531
-0.632145
-0.194731
-1.463378
0.170382
-0.337395
0.291192
-0.779148
-1.097154
-0.941679
-0.389720
-0.782010
-0.556186
-0.669410
-0.666599
-0.373335
-0.034297
-0.892419
-0.551151
-1.448898
-3.140663
0.229326
1.478481
-0.033633
-0.755322
-0.662485
0.169556
-1.711361
-1.890926
-0.978501
-0.488605
-0.195427
-0.585941
-3.517711
0.350251
-0.788027
-0.436838
0.360676
-0.081550
-0.405875
-0.132175
0.695198
0.453959
-0.492114
-1.421288
-0.640703
2.199827
-0.869373
-0.782012
-0.952011
-2.482415
-0.960470
-1.336333
1.045078
0.314741
-1.661811
1.250907
-0.785083
-0.062018
0.372026
1.194381
-1.159188
-1.066311
-0.127051
-1.228109
0.544686
-3.756214
-1.123447
0.287768
-1.040423
2.144375
-1.270583
-0.542248
-0.414006
-1.480612
0.239028
-0.224247
-0.155104
-1.131425
0.927654
-2.304541
-1.180450
-0.144945
0.502595
0.262729
-0.912800
-0.694414
-0.548130
0.108354
-2.836827
0.413584
-0.555613
-0.696859
-0.119021
0.625572
-1.354437
0.001351
-0.200188
0.334940
0.697227
-0.971851
-0.305146
-1.646615
0.042358
-0.809351
0.244208
-1.777742
-1.802048
-1.621808
-0.578146
-0.427523
-0.400084
0.614667
-2.103658
0.177678
0.631025
-1.409000
-0.183870
1.396791
-1.123240
-0.623822
-1.369862
-1.246024
-0.174526
0.655672
-0.130763
-0.048895
-0.792522
-0.408013
-0.920335
0.109026
0.250721
-1.268925
-0.561345
-1.077273
-0.864521
-0.162788
-0.590930
1.326256
-2.609407
-2.930939
1.041647
1.410327
-0.217980
-0.410993
0.061545
-2.129906
0.282771
-0.685575
-0.399052
-0.639711
-1.074988
-1.234041
-1.624684
0.155517
-1.425938
-0.285036
-1.557378
-0.157366
-2.230225
0.165311
-1.963912
-0.757468
-0.413129
-1.466097
0.202084
1.674934
-1.137953
-1.485285
0.976393
-0.565763
-0.386281
1.772647
-0.502329
-0.444123
-1.666903
-1.131004
-1.018343
-0.209063
-1.908527
0.227316
-1.480513
0.353849
-1.506634
-0.643471
-0.955989
1.223644
-0.303601
-0.126649
-2.502214
1.019474
-0.532164
0.167712
0.756584
-0.744997
-0.302873
-1.551496
0.142390
-1.804169
1.424671
-2.414964
-1.330285
-0.269345
-1.480614
-0.295181
-0.631656
-0.954202
-1.000176
-0.364306
-2.136195
-2.910177
-0.415054
-1.092109
0.494157
0.371981
-1.227288
0.599123
-0.934362
-0.233993
-2.040329
-0.976141
0.742176
-0.479322
0.984323
-1.370288
-0.540425
0.412819
-0.633907
-0.384746
-1.210736
-0.949076
-0.723954
0.421278
-1.672480
-0.440240
-1.775291
-1.686283
0.291277
0.201191
-0.657373
0.877059
-1.793019
0.060628
-0.869006
-0.282854
-0.075969
-0.213784
-0.993467
-1.226505
-0.669818
0.559473
-1.231504
-0.857497
-1.386786
-1.224873
-0.093130
-0.189272
1.066756
-1.260031
0.288171
-1.782304
-1.555306
0.544407
-2.237140
1.297036
-2.453334
-0.119605
-0.781793
-0.606611
-0.843850
-1.347363
-0.058484
-0.501971
-0.029354
0.289126
-1.268355
-0.804164
-0.935590
-1.045075
-0.739491
-1.948954
-0.327337
-0.893498
-1.660921
-0.449667
-1.577142
1.159178
0.001540
0.091774
-1.148120
-0.265698
-0.230976
-0.037864
-1.505959
0.320642
-2.164085
0.111580
-1.905313
-2.186736
-0.135878
-1.397282
-1.812115
-0.647637
-1.691931
0.114180
0.048182
-1.661715
-1.236264
-0.209277
-0.892809
0.729702
-1.852146
-1.022716
-0.081522
-1.573889
-0.273955
-0.043499
-1.456465
-0.132256
-1.281132
-0.330495
-0.355262
-0.884260
-0.672876
-0.331117
-1.376496
-1.160211
-0.934350
0.406851
-0.555590
-0.101295
-0.332957
-0.311470
-0.580480
1.153625
1.013649
0.895517
1.338383
1.822228
1.683478
1.188083
0.080804
0.585004
2.138747
0.325786
2.519001
1.214072
0.663202
1.292079
-0.153423
1.496719
0.859897
1.079962
0.784920
0.517516
-0.906757
0.188969
1.936678
1.770411
2.650168
2.364383
1.516415
0.694009
1.023545
1.771698
1.183868
2.212125
2.574643
2.661497
2.755368
2.795390
2.340309
3.169575
3.009702
2.187558
0.632733
2.575703
4.244852
1.508177
1.680403
3.414677
2.018875
0.242040
3.601449
1.725677
6.133236
2.929728
0.847838
-0.556066
1.666800
2.150093
3.703824
2.262841
1.115007
1.870778
0.727861
2.558475
0.223908
1.663045
1.616546
3.569915
2.323621
2.758477
2.711880
1.146845
3.273169
-0.442437
1.753912
1.443146
0.986001
-0.189455
1.692045
3.006611
2.197370
2.876680
1.812812
1.966467
2.858437
3.736739
1.146890
0.725776
2.646361
0.821302
2.055409
1.621576
1.082748
4.088436
0.134094
3.136756
1.555873
-0.195231
2.534350
1.568499
3.433644
-0.046157
2.476263
2.185359
1.542586
1.470809
1.906954
2.810292
1.053301
4.238563
3.729787
5.547412
2.357638
1.731644
1.832928
1.749695
0.976728
2.207560
2.982512
2.674269
3.006661
0.808684
2.040268
0.597511
0.679389
2.321425
2.763934
3.078588
2.377154
2.011229
4.246631
4.140657
3.808860
2.351941
1.053741
2.790060
2.127235
2.228414
3.385086
1.473781
2.171847
3.417484
0.403753
0.998486
2.587387
-1.156415
1.545445
1.868905
3.033639
1.279926
5.923615
2.547312
2.814361
1.545529
1.939600
1.909353
2.970553
2.566964
3.347917
4.482841
1.903936
1.025044
0.922734
5.070313
1.717290
1.070632
2.324467
2.410664
4.013073
1.265632
3.486569
1.285672
2.371599
2.620125
1.784766
3.108450
1.891588
1.777838
3.235900
1.757743
3.137180
1.030665
2.566342
3.787076
2.153090
2.318729
3.173279
1.913124
1.551382
2.020713
4.730803
2.294660
2.425751
1.901786
3.368934
2.068666
3.270681
2.976755
1.482237
3.086377
3.333231
2.205724
1.862946
3.488701
1.600080
1.646333
0.441435
2.182301
1.882980
2.219329
0.314225
1.135187
0.177153
1.924546
1.385966
3.856990
2.278348
-0.817412
1.334862
3.051052
2.146997
3.110562
1.658327
1.165923
2.724324
2.911817
3.391214
1.696777
0.462385
2.178026
1.451878
2.432885
2.159541
2.308779
1.871328
2.913243
2.289097
2.755751
2.173418
3.829849
2.256670
0.600507
2.521470
3.494840
2.444113
4.041797
1.617084
1.876452
2.332613
1.719929
1.100316
5.543399
4.937137
2.635764
2.218060
3.294391
3.649058
1.449508
2.598420
2.707978
5.212806
2.389087
0.711506
2.064016
1.927651
0.816360
3.680581
2.107203
1.674546
3.575909
3.474091
2.195847
3.087236
1.272594
3.789847
0.737326
2.190820
2.716735
2.786240
1.504178
1.498577
4.326622
2.781206
0.868834
2.035208
1.030136
1.637066
3.432649
2.776787
1.769844
0.104283
2.419364
1.120568
1.589008
0.918975
3.237306
2.562941
3.968731
0.181415
1.359081
4.300410
1.652865
1.037698
2.043480
2.813976
3.049186
1.652730
3.315133
4.693067
2.948410
0.863379
1.818617
3.019405
0.815576
2.146500
3.146626
3.116450
2.408481
1.902107
1.931979
0.556315
1.583649
4.306767
0.633266
1.970820
4.123651
2.246419
1.113884
2.394388
2.042016
1.459488
3.298138
2.847052
3.935145
1.944033
3.757888
1.113600
2.100948
2.890423
1.594024
3.961622
1.619958
0.977565
2.223286
3.026019
3.179336
3.071233
2.812860
1.762185
2.848934
2.136140
1.335677
1.112624
3.207137
2.678513
3.934915
2.526761
2.739722
0.586722
1.053338
0.566830
2.790835
1.565000
1.795432
2.672499
0.480342
3.522746
1.330653
0.131280
3.235834
2.993104
3.503513
1.864419
2.162148
2.372740
1.536610
1.853401
3.312928
3.693319
2.492357
2.841320
2.995711
2.459823
2.217172
0.496735
2.198658
2.991077
2.652961
0.699125
3.598400
1.782972
4.565893
1.705045
4.168387
0.073611
1.625537
1.975766
1.730938
0.642035
3.827863
2.844757
2.599236
1.152230
2.662785
0.217583
0.570454
3.706888
4.852720
2.541040
1.230912
2.271731
1.282849
2.293251
1.271589
2.029125
4.467292
3.279769
3.165285
1.699961
1.032964
1.431135
1.008518
3.248796
2.076068
2.004083
2.638528
2.367867
1.232411
1.454090
4.082658
0.955852
0.333320
2.645333
2.289563
2.419074
2.686283
3.025238
2.143089
4.362020
1.195783
1.188672
0.782702
3.364251
0.716861
4.034537
1.933153
0.827308
1.591208
3.414339
1.373976
2.195336
1.432722
2.013281
1.407844
2.451722
0.923860
2.733830
0.912376
2.497006
2.754152
1.796561
2.174997
2.900480
1.527418
2.483430
1.795168
1.715879
2.450250
0.581912
2.390760
-0.107633
3.168341
2.037363
3.588825
2.648657
3.149938
1.744821
2.268239
2.105942
2.780658
2.786830
0.653890
1.250422
1.394528
2.048778
1.546127
2.171019
0.887536
3.344145
2.319481
1.512899
2.996607
2.188307
2.272907
2.041133
4.209594
2.177580
1.018402
1.251285
2.126010
0.624116
3.512088
2.514509
1.088919
1.007055
-0.043971
2.309993
3.259427
1.630880
0.923668
1.931692
1.617131
2.034956
1.439048
0.975494
0.844163
1.202739
0.751536
2.423935
3.701632
3.086082
2.966830
0.938293
4.264426
2.434804
2.172620
1.915497
2.112951
3.171662
-0.971260
2.524073
2.178015
2.341230
2.088546
2.208364
4.492812
2.963501
2.431537
4.962086
2.434431
1.799552
3.223772
1.382365
1.355648
1.815315
-0.046320
3.253188
4.862322
1.968009
2.152681
2.630711
1.143760
4.144721
1.470138
1.828875
1.200387
2.574635
2.136192
2.958131
3.062416
4.054124
2.799801
3.440942
3.456892
2.122614
3.889485
1.942109
1.242207
0.076968
0.179637
1.773088
4.202402
1.823569
4.848889
3.867422
1.927542
1.992519
-0.199787
3.455398
5.569408
2.927283
1.520428
0.862341
1.923155
2.617323
4.118618
2.077013
3.233373
0.523706
2.627285
2.344479
0.750633
4.535809
4.150175
3.835319
2.843047
1.941544
0.347343
2.938429
-0.862725
2.894284
1.461823
1.329809
2.415045
0.564987
4.075056
1.033686
3.377789
1.615357
2.351436
0.523171
4.199064
2.851910
2.098743
2.328488
2.327160
2.103785
2.365185
3.674649
2.448279
2.408662
0.507360
1.467061
3.021967
2.764458
0.956492
2.224626
2.094663
1.602639
3.514916
3.232248
3.561685
0.513306
1.514485
0.684612
2.777862
1.367681
1.488770
3.010835
1.496540
-0.214943
0.252338
1.875417
2.885837
2.340407
1.953412
4.680456
2.924151
3.419811
0.684310
2.250045
2.019146
2.924997
2.312418
3.909585
2.707752
1.618000
1.124084
-1.340905
0.837215
4.017922
5.655088
3.321524
3.325738
1.723555
0.108092
2.275446
3.158627
2.604508
1.801946
1.927958
2.171759
1.841934
-2.810071
-2.209959
-3.172012
-3.278099
-5.262134
-3.623464
-3.067504
-5.587566
-3.044645
-2.217604
-4.697985
-4.188795
-1.683055
-3.027931
-2.387682
-3.965760
-2.008976
-1.027905
-0.895112
-2.237621
-1.930269
-2.734905
-3.546905
-2.813490
-1.690192
-2.931304
-2.390639
-0.621723
-1.039366
-0.130081
-3.035751
-1.901515
-2.384846
-1.096646
-2.195062
-1.856861
-0.499441
-2.913816
-1.599446
-1.783240
-2.457879
-2.875571
-2.895145
0.035984
-1.245319
-1.206224
-0.346092
-2.599109
-1.384541
-1.318572
-2.641213
-2.173505
-1.935987
-1.802453
-2.445031
-1.214294
-3.292787
-1.245843
-3.406444
-2.005173
-1.447124
-1.548724
-1.687273
-3.855714
-3.174257
-3.127208
-1.633865
-1.859588
-3.106005
-3.447675
-1.527823
-1.881281
-2.689485
-1.550190
-2.640895
-2.669951
-1.785089
-1.671422
-0.973795
-1.054032
-2.471599
-2.508190
-1.940091
-1.689789
-1.299687
-4.274987
-1.952901
-3.387128
-1.265825
-2.079381
-1.772689
-2.289583
-1.262271
-3.981170
-1.029787
-2.348759
-2.683797
-3.035204
-2.480547
-1.633572
-1.480400
-2.085979
-1.619195
-2.588955
-1.795651
-3.360714
-2.374630
-2.920056
-0.069072
-1.773799
-0.435585
-1.199768
-1.402282
-1.772406
-2.101671
-0.249905
-2.708457
-1.975191
-2.333354
-1.886834
-1.090721
-2.269809
-0.626423
-1.371982
-2.693265
-1.157533
-2.794906
-1.736726
-1.261285
-1.696798
-1.845033
-2.469515
-2.802428
-2.019051
-1.640162
-1.633766
-2.105441
-3.252070
-1.870065
-3.022069
-1.374825
-2.337481
-3.487118
-1.783364
-1.036265
-1.945782
-2.872975
-3.185383
-1.678483
0.571370
-1.664214
-1.019090
-2.442932
-0.772326
-1.494173
-1.975944
-2.756286
-0.817890
-0.818710
-1.767284
-1.429989
-2.955288
-1.760039
-2.985433
-1.080021
-4.097252
-3.944697
-3.513180
-1.818644
-3.011050
-3.442075
-1.322698
-2.116953
-4.169051
-0.910222
-0.711628
-1.676223
-2.683524
-1.827311
-0.965239
-1.197058
-1.598880
-1.290673
-0.687358
-2.398859
-2.310860
-1.434347
-1.175522
-2.381911
-2.863373
-2.912370
-3.705138
-3.698931
-2.000702
-3.256714
-0.053349
-0.798513
-2.056041
-3.821727
-1.494804
-2.268003
-3.916080
-0.785800
-1.219759
-1.440346
-0.999920
-0.445212
-1.274727
-2.163361
-2.058710
-1.705163
-1.746631
-3.643524
-1.183943
-1.520070
-5.433197
-0.776681
-2.874875
-1.204202
-3.237298
-1.109030
-2.190932
-2.187589
-3.492048
-4.796969
-1.817070
-2.619276
-1.734332
-1.790619
-0.792872
-2.009941
-2.287800
-1.036958
-2.226312
-1.190153
0.442659
-1.528292
-1.017715
-0.361956
-0.758145
-1.870832
-0.416439
-1.330545
-0.524467
-1.522395
-2.468658
-2.222973
-2.364749
-0.363609
-1.166853
-0.297104
0.707723
-3.086842
-1.143049
-1.365810
-1.621923
-3.908642
-1.149009
-1.568766
-0.620720
-1.138822
-0.598269
-2.463049
-2.525874
-1.916607
-0.635271
-1.659436
-2.469721
-1.416445
-0.956982
-0.599342
-1.609068
-2.228315
-2.295077
-1.448570
-2.216653
-2.987486
-1.764386
-2.323188
-1.355843
-1.153597
-2.434900
-2.193139
-0.893163
-2.334820
-2.844761
-2.438112
-2.257781
-3.042079
-1.786076
-2.809445
-1.227510
-1.566657
-2.285272
-2.151167
-2.291375
-1.061339
-2.194923
-1.815378
0.697216
-0.493147
-2.051273
-3.165519
-1.229526
-1.060385
-1.324633
-0.693066
-2.588850
-1.828798
-2.949417
-2.073859
-1.848460
-2.839535
-3.337292
-0.857904
-2.097022
-1.686208
-4.165968
-2.902554
-3.223542
-3.020178
-3.015601
-2.236557
-1.650462
-0.956407
-1.710974
-1.291209
-1.476260
-3.328292
-2.476959
-3.698306
-3.362442
-1.350655
-1.661753
-2.106857
-2.311307
-3.346098
-2.350380
-2.869812
-1.502146
-3.393131
-1.718836
-1.491935
-1.283364
-1.527014
-1.364379
-1.233160
-0.291059
-2.247067
-2.570945
-0.865937
-2.047049
-1.727351
-2.645297
-4.195706
-2.150573
-2.255444
-3.279114
-0.700505
-2.158315
-2.653852
-2.898135
-2.414266
0.665215
-2.103954
-2.573263
-0.397452
-1.620625
-1.898714
-4.739015
-0.732477
-2.421328
-2.497710
-1.673715
-1.185494
-2.011268
-3.416147
-3.588669
-4.691775
-2.221859
-2.897595
-0.930806
-2.507474
-2.926528
-3.807651
-3.612743
-1.332446
-1.205900
-0.293062
-1.165871
-1.586529
-1.701839
-1.725622
-0.940664
-1.291241
-0.347893
-2.540179
-3.753894
-2.385452
-3.325052
-1.163931
-1.171870
-0.877434
-2.255953
-4.333230
-1.400482
-0.687801
0.885369
-2.015417
-2.715260
-0.096683
-4.432988
-2.279739
-1.752945
-2.889918
-2.404000
-1.439805
-1.730673
-2.194234
-1.084156
-2.955696
-1.277034
-1.349659
-1.904260
-2.672822
-1.260386
-0.450102
-4.607483
-2.000176
-2.422365
-0.840130
-1.214027
-1.755496
-1.996484
-1.881831
-3.270037
-1.862734
-1.718121
-1.486936
-3.689230
-1.664105
-0.639403
-3.122697
-1.100243
-1.884342
-1.654144
-1.508201
-4.074039
-2.586288
-0.163728
-2.760211
-1.631449
-1.356494
-0.740357
-5.034431
-2.721938
-2.201549
-2.782970
-1.131738
-1.893088
-1.690511
-1.598012
-2.810998
-1.198997
-0.992191
-0.978216
-2.204094
-2.351008
-2.322995
-0.759389
-1.788415
-1.859892
-1.495255
-1.681607
-0.575999
-2.164967
-0.996544
-1.395000
0.022636
-0.996674
-3.274104
-1.796915
-1.926285
-1.609204
-2.482388
-1.395776
-2.757038
-1.262472
-1.626086
-3.504586
-1.231287
-1.337124
-1.526922
-2.244254
-0.466639
-2.171721
-2.192029
-1.216437
-2.006078
-0.818666
-1.399422
-1.548148
-1.026542
-0.809293
-1.245548
-1.427782
-2.254130
-0.552867
-3.221845
-3.032206
-3.532773
-1.657608
-0.465502
-2.334202
-5.156597
-1.424638
-2.238409
-2.473959
-1.348730
-1.243502
-1.709218
-4.011539
-2.082545
-3.206762
-5.249678
-1.651576
-2.499327
-1.606313
-1.320550
-2.735704
-1.906773
-1.965023
-2.082865
0.064133
-1.399448
-1.562057
-3.171985
-3.353242
-2.936521
-2.124724
-0.758560
-0.471557
-2.172248
-1.973425
-1.808750
-0.300353
-2.272767
-1.521686
-2.982847
-2.520180
-2.269410
-2.487993
-1.151255
-1.819792
-2.129321
-2.765573
-0.212713
-0.954483
-1.664974
0.041280
-1.671489
-2.484024
-3.013214
-0.795965
-1.294209
-2.325707
-3.128317
-2.528937
-2.863941
-2.138794
-2.228529
-3.917572
-1.377736
-2.737579
-2.660971
-2.324085
-3.258186
-2.096206
-2.558686
-0.587434
-1.567614
-3.406394
-2.016803
-3.687817
-1.554273
0.631802
-2.868551
-1.697994
-0.902311
-2.875750
-1.560628
-1.460571
-1.567663
-2.106718
-3.802838
-2.909907
-2.620341
-2.543287
-4.871374
-0.966268
-2.356891
-3.299061
-1.215474
-3.154932
-0.347482
-2.553283
-1.236791
-2.239483
-2.692711
-2.259554
-1.486236
-3.664352
-1.610799
-0.159510
-2.942053
-1.761031
-2.650006
-1.273330
-3.201291
0.340363
-1.615937
-2.742644
-3.639569
-1.475640
-3.821168
-3.527593
-1.725356
-1.681100
-3.667683
-3.781058
-1.281420
-1.863232
-2.912059
-3.659228
-1.017116
-1.439908
-3.670555
-1.569443
-1.386730
-1.279239
-2.030737
-1.856867
-2.236726
-1.292207
-2.304462
-2.069704
-2.638902
-1.776221
-0.677587
-2.673023
-0.604504
-4.482553
-1.921183
0.084926
-1.985402
-1.955685
-0.925361
-4.231731
-1.762373
-1.870793
-3.265939
-2.076780
-2.404370
-2.047390
-0.384370
-2.230245
-1.630683
-1.570415
-4.273652
-2.975283
-3.531133
-3.247967
-0.555359
-0.577673
-1.168540
-2.682165
-2.757315
-1.764243
-1.863914
-1.154722
-1.933013
-1.344499
-0.381409
-0.534201
-1.047418
-0.911294
-0.814647
-2.431714
-0.597444
-1.022089
-1.073967
0.423284
-1.861427
-1.934198
-0.647876
-0.101570
-0.929755
-1.438077
-3.059481
-4.034110
-5.128322
-4.157428
-1.924812
-3.767170
-1.047667
-2.878500
-0.709011
-1.105043
-3.836732
-1.227445
-0.363284
-2.409112
-3.463876
-2.382751
-0.330713
-0.703875
-2.582753
-1.785379
-2.936595
-2.658693
-0.063798
-2.908228
-1.002810
-0.322064
-2.315144
-1.661198
-1.801818
-1.460052
-1.922958
-2.656976
-2.924546
-2.008882
-2.205278
-3.669357
-3.980863
-1.888454
-4.066087
-1.552482
-3.081203
-1.237908
-1.779255
-1.131181
-1.487617
-4.938866
-0.808977
-3.320985
-1.047013
-3.066804
-2.678365
-2.608953
-2.081680
-3.930424
-1.906583
-2.437059
-2.558782
-2.036119
-1.588247
-2.461343
-1.768220
-0.588652
-2.506120
-0.680909
-0.500700
-3.591910
-3.223305
-2.177398
-2.039931
-3.520080
-1.344648
-2.758223
-2.554344
-2.747225
0.237582
-2.315071
-2.213012
-2.934247
-2.137072
-1.262784
0.396930
-1.714659
-1.940934
-2.957205
-3.905938
-3.530012
-1.545745
-0.970449
-2.413132
-2.674174
-2.460317
-2.295497
-1.139330
-3.480655
-1.016222
-3.014149
-2.704136
-0.865783
-2.814945
-1.468928
-2.865756
-3.295848
-1.143950
-0.422106
-2.528738
-1.843768
-2.656506
-1.702083
-2.258645
-1.474122
-3.902337
-3.448599
-4.285143
-0.348555
-2.290025
-2.736280
-3.105774
-2.042075
-0.571092
-1.671977
-3.247843
-3.582573
-2.685028
-2.208371
0.130241
-1.888252
-1.396363
-0.981545
-3.841374
0.094452
-2.078563
-2.774111
-4.351065
-2.826593
-2.216238
-2.250664
-4.101863
-0.545355
-1.548000
-2.541172
-2.893638
-1.598853
-1.484309
-2.391096
-0.431264
-2.330975
-4.198597
0.869643
-2.707903
-2.674601
-1.322928
-0.792615
-1.771058
-1.299889
-3.840679
-1.883925
-3.199179
-1.620556
-2.377944
-2.338445
-4.031662
-1.737633
-4.020729
-2.910739
-1.111446
-2.903621
-1.341139
-3.641449
-1.739933
-4.164300
-1.803253
-4.750445
-2.359829
-2.879748
-2.714487
-0.629300
-1.926897
-1.362776
-2.023828
0.157740
-0.458550
-1.711107
-1.083839
-3.266083
-2.159767
-1.550049
-2.182819
-4.742873
-0.840174
-3.120550
-1.023229
-3.230094
-2.119122
-2.924123
-2.566339
-3.480632
-2.334462
-0.640042
-2.217162
-2.858011
-1.875394
-0.963056
-2.093395
-2.359296
0.322275
-0.839404
-0.732970
-2.477674
-3.840313
-4.903327
-4.483084
-2.064969
-2.776529
-5.242643
-1.305004
-2.436582
-2.861533
-3.714352
-1.596598
-2.607553
-1.858054
-2.651039
-1.070108
-1.894571
-4.437539
-4.696571
-4.734080
-1.925644
-4.322791
-4.915010
-1.373956
-4.369475
-2.723422
-3.197771
-3.900084
-2.184386
-2.606941
-4.051012
-0.290306
-0.316312
-1.233134
-4.227099
-3.493436
-3.531897
-3.251420
-0.926550
-0.996393
-3.264565
-0.711763
-2.026920
-1.561857
-2.010273
-0.644863
-3.312515
-4.876020
-1.983599
-1.569049
-0.780909
-0.694687
-1.783599
-3.511747
-1.993076
0.358464
-1.721144
-1.755900
-4.621040
-4.202294
-1.177233
-5.299471
-2.578311
-4.513803
-2.306950
-0.381252
-2.534647
-3.250964
-0.431403
-1.192679
-3.850051
-0.806008
-1.099384
-2.070184
-0.770473
-4.562840
-2.732002
-2.816383
-3.279966
-0.660102
-3.067922
-2.636304
-2.766843
-1.388862
-2.251563
-1.211104
0.215700
0.194731
-4.022977
-2.768217
-1.274787
-2.046631
-1.687640
-4.148784
-0.235468
-0.282443
-1.493623
0.276873
-1.263857
-2.504748
-4.033065
-3.455340
-2.681411
-1.010132
-2.580250
-2.128019
-2.741805
-1.371818
-1.526113
-3.982558
-2.276539
-0.691165
-1.586416
-3.379143
-2.753645
-1.643828
-2.982258
-2.960830
-0.392343
-1.939329
-2.854106
0.022429
-2.499373
-0.377026
-2.162116
-0.600311
0.259137
-0.372345
-1.573732
-2.473257
-3.346523
-2.338720
-3.405868
-3.004285
-1.831420
-1.106222
-1.973966
-1.928634
-2.513011
-1.631250
0.101148
-3.373779
-1.688616
-2.772200
-4.459166
-4.646827
-3.371283
-2.058871
-1.809695
-0.396800
-1.866822
0.364215
-1.338657
-2.205790
-1.481894
-1.887342
-3.418386
-3.091211
-0.367633
-1.617580
-1.103717
-1.792907
-1.164946
-1.573277
-1.143890
-0.432391
-2.055398
-2.946665
-3.228093
-1.348829
-1.633305
-3.546042
-4.353215
-1.870886
-3.318834
-1.312906
-3.622952
-0.557667
-1.639272
-1.990707
-1.015420
-3.138163
-1.689206
-3.582582
-1.293063
-1.096064
-2.574656
-0.764664
-1.320982
-1.217939
-3.194483
-2.170455
-3.916070
-1.007733
-2.228214
-0.753140
-1.849303
-1.721819
-3.003282
-2.019909
-4.809020
-2.720608
-3.254884
-2.175102
-2.329827
-0.831184
0.941590
-1.433144
-2.762526
-1.646870
-3.665617
-1.170752
-2.447810
-2.001029
-3.150110
-3.427634
-2.174531
-1.570408
-3.429283
-0.937614
-0.949678
-3.520867
-3.572092
1.039304
-1.679124
-2.696203
-1.847122
-3.888332
-3.246240
0.361365
-0.121154
-0.334288
-2.170619
-1.356791
-1.243726
0.322832
-2.174464
-2.528234
-2.296105
-3.767695
-4.142070
-2.164273
-0.957553
-0.341763
-3.453098
-1.854802
-2.202765
-0.321200
-2.531175
-3.353205
-2.318405
-1.648638
-1.858747
-1.326470
-4.023094
-4.718324
-2.685515
-2.059654
-3.234639
-1.879851
-2.157660
-3.696980
-3.424630
-2.325146
-2.769478
-1.447690
-2.218174
-3.813574
-3.456819
-1.622172
-1.781641
-2.033726
-2.517630
-3.894853
-4.152655
-1.565936
-2.941152
-0.919059
-3.620082
-1.827142
-2.937957
-0.633469
-1.715266
-1.587223
-0.546455
-1.443076
-2.763120
-3.103697
-0.465024
0.404052
-1.269254
-2.329624
-0.413484
-1.520211
-0.387515
-1.143678
-1.297659
-3.051579
-2.944322
-2.302289
-3.736969
-3.081409
-3.165650
0.019795
-4.098416
-3.624187
-1.835512
-2.044144
-2.796863
-1.248398
-5.516598
-1.548636
-4.677947
-4.544430
-1.260560
-4.941168
-1.776279
-4.442872
-2.571612
-0.943372
-0.755778
-0.153282
-2.730928
-3.393831
-2.389307
-1.803071
-1.275011
-1.967374
-1.586598
-2.864026
-2.658539
-2.642729
-2.011212
-1.736472
-3.189043
-0.930219
-0.888686
-2.059106
-2.991746
-3.764360
-2.642946
-5.040781
-2.587261
-0.181577
-0.850336
-2.865425
-4.993723
-2.603801
-0.614718
-1.329916
0.241828
-2.701635
-3.145331
0.233030
-2.978674
-4.194310
-3.970413
-1.180126
-2.921905
-4.585257
-2.686357
-3.350427
-4.293955
-2.296531
-3.305999
-2.878710
-3.872756
-0.535613
-1.642772
-3.244599
-1.367167
-2.466456
-2.207995
-1.061712
-4.850973
-0.614909
-2.260482
-1.720551
-1.601836
-3.171577
-2.586044
-0.499033
-1.962301
-2.938780
-2.529808
-2.711754
-2.882342
-2.706071
-3.341462
-3.187443
-2.566818
-1.105118
-1.387491
-1.503130
-2.230778
-2.557409
-4.152603
-2.736236
-2.753995
1.466019
-4.696347
-3.004521
-3.744754
-2.316809
-2.748477
-1.394245
-1.758702
-2.891639
-2.920684
-0.724038
-2.419679
-2.845495
-2.425995
-3.225654
-3.335353
-1.684047
-1.354312
-2.213087
-2.248767
-2.003187
-3.023329
-2.719995
-1.908489
-2.084582
-4.947671
-2.942580
-1.029517
-0.425176
-2.984805
-1.310929
-2.939109
-4.079080
-2.296021
-1.856761
-2.453787
-1.146495
-3.084481
-1.661060
-0.878327
2.627423
3.213001
3.063542
6.382363
4.557141
3.788857
4.498382
5.428857
3.739630
4.375446
3.100402
4.913020
3.422886
3.401113
2.790266
4.056101
2.758685
1.881779
3.123688
3.301600
3.350139
2.466604
2.086333
3.776125
3.658571
5.136832
2.654365
3.322364
3.630923
3.922572
4.255007
5.049350
1.830532
3.395339
5.421865
3.818308
4.959641
4.919087
4.288809
7.358711
4.477747
4.193752
5.000410
4.119916
3.415340
4.324155
6.802104
3.957586
3.221824
3.742223
4.752852
6.676075
5.022952
4.786830
4.238660
5.688940
5.807971
5.839883
5.558293
3.970652
4.203433
2.352334
3.941395
4.439895
2.748774
5.573118
6.757789
3.810948
4.504649
3.686381
5.583951
5.022878
2.134638
4.776949
3.328133
5.366825
3.459464
6.554615
5.557557
6.495809
3.892447
6.218884
4.875510
5.435987
4.812622
4.014036
3.291618
4.133434
2.984273
3.741704
4.002384
3.553683
6.239793
4.750197
4.106164
4.212999
4.515817
7.523050
5.346354
5.415725
3.813323
4.421137
5.266762
5.749920
4.774584
6.006855
3.889700
4.134861
5.477139
6.436154
5.628436
4.210355
2.555947
5.804482
6.672965
4.912313
5.748247
1.937066
3.937948
5.556380
1.872130
5.491111
4.307369
3.773818
3.434967
1.524715
3.203291
4.332650
3.393768
7.646596
4.723397
3.837773
6.023219
8.243481
3.849510
2.427458
6.272741
7.590837
3.457377
4.338613
5.645521
6.320646
5.136400
4.302498
1.222921
5.288723
5.413238
5.768973
5.681486
5.142504
4.305595
3.128142
4.031256
4.504464
5.327249
3.216690
5.980060
5.679051
6.858503
6.210366
3.558925
4.386105
6.093544
4.634293
5.914001
5.168673
5.685151
4.679224
3.105194
8.433331
4.254704
3.130420
2.381808
4.346685
4.405324
4.128314
4.820134
5.376350
5.795913
3.697387
5.127312
4.339633
3.035694
3.584222
6.159130
5.611887
2.263434
4.142577
6.017604
5.531668
5.116219
7.441789
3.312637
6.500114
2.341441
3.950415
3.011964
4.309203
3.645671
6.462142
6.197378
5.584470
6.153309
2.613102
2.976055
2.539317
2.294484
2.223060
3.432065
5.002969
5.736712
3.314418
6.230793
6.964545
3.535283
4.535145
1.782517
2.835874
4.463222
5.534122
4.211631
4.671970
4.533072
3.202083
4.681911
5.579608
3.384082
3.951654
3.868251
5.774161
4.076168
2.484315
4.814394
4.032786
5.344374
4.399624
5.443347
2.905343
6.718802
4.363122
4.658142
3.616518
3.591350
2.061642
4.998241
4.958772
4.752295
5.142133
5.863731
4.486778
6.686011
5.115067
6.245515
4.649416
5.070789
6.034548
4.965180
8.878798
5.784433
5.035939
4.232981
3.193344
4.893237
3.131399
2.044445
4.717303
3.652140
7.376016
7.236311
5.036323
5.462040
3.646595
5.616396
4.895882
1.688629
3.208385
2.499247
5.321972
4.181915
4.597743
3.351744
4.537922
2.484924
3.959896
3.258182
4.651186
5.639529
2.507793
3.013806
5.361611
5.375825
3.825836
4.407000
2.660407
4.891815
4.849377
5.791127
5.017464
3.335148
7.349441
3.629203
5.094572
3.874029
4.937231
4.732360
4.305614
4.194960
5.100235
5.871092
4.996187
3.931178
3.781260
2.950293
4.433875
4.119869
3.145951
4.466773
3.316459
2.494723
1.641560
4.049083
7.680617
3.257776
2.698261
4.617654
4.942739
3.754997
1.334581
5.053391
4.666335
7.087245
4.232884
6.154933
4.996114
3.280615
4.705096
3.521503
4.971860
2.555231
4.641510
6.245748
5.376797
3.224791
4.248257
5.101238
7.144799
3.831504
4.649212
5.357725
4.706050
3.583055
3.627890
4.990183
3.427171
7.116700
3.603095
4.612118
5.440087
4.184976
2.528277
2.900438
2.995843
4.131135
4.316894
3.130910
3.503105
3.259479
5.454302
5.200255
5.948398
3.936096
5.059110
6.377362
3.281661
5.252332
3.724504
5.470138
8.085278
8.044819
9.190931
5.768292
6.219197
5.531429
3.665602
2.636900
4.332919
4.567250
5.291705
4.460546
7.128264
4.016622
3.583401
4.234243
3.714554
5.580621
3.744947
4.549079
5.845310
5.518316
5.018390
4.821710
3.410674
4.776236
3.037251
3.482169
4.931215
5.790857
2.709924
1.750604
5.051683
0.561716
4.382223
3.619700
3.851320
3.042979
5.263034
6.156840
4.256996
4.476031
4.857074
4.628948
6.399768
6.127156
3.656360
7.368081
4.424522
3.141456
4.923151
5.368987
2.954806
2.208822
4.247704
2.888855
5.196218
3.664948
5.021741
5.116246
5.162224
4.386221
2.697389
1.122688
4.705906
7.320833
5.962152
2.665203
4.691330
4.342580
5.688740
5.214095
4.556089
4.563294
5.142741
1.792353
3.264907
6.232303
3.606383
1.778617
4.501872
3.326163
3.651171
4.020056
3.743246
3.645205
4.585274
3.200662
5.169745
5.632501
1.926187
3.294594
4.230526
5.898884
4.598637
6.045842
5.374382
4.220188
3.680933
4.980531
4.504644
5.797490
4.355042
2.705617
3.628769
2.492865
3.099177
5.105328
3.580692
6.491400
4.872241
3.393461
1.623114
1.472366
3.217686
3.891204
5.303556
4.518545
2.756648
3.382451
4.455780
4.807921
3.206971
6.023654
2.473271
2.461660
2.422018
2.072703
4.370209
5.071630
3.885566
4.136898
4.394021
7.458432
3.107810
5.254560
4.654166
6.157310
2.631446
2.841698
4.198491
4.993881
4.669671
4.413166
3.505507
4.675434
4.443925
8.044994
4.479843
4.826972
3.324858
1.329203
2.725993
3.450357
3.993964
3.171841
4.440166
3.088416
2.846554
1.918403
8.971704
6.170484
4.600198
5.878025
5.055898
4.843193
4.471200
2.560713
4.595666
7.643428
5.691955
7.538047
3.745986
4.278969
3.991755
3.754339
3.459734
2.780437
4.384830
3.845772
3.922884
3.783803
3.913611
3.581357
7.570220
3.340301
5.284883
5.908382
4.530063
5.636235
3.975401
4.175971
4.158044
5.828202
6.438148
4.633090
4.884417
3.256714
4.754323
3.179871
3.672606
7.318027
4.729358
3.015239
5.489804
4.718515
3.749567
4.912205
5.363720
6.007411
4.042190
3.828898
3.445434
3.504033
6.130593
5.317140
4.884510
4.774550
4.224515
2.485359
6.255177
6.194838
3.265091
4.079404
4.087280
3.919715
3.233256
5.733295
5.221540
2.808315
3.903426
3.979571
3.793770
3.873520
4.549133
5.520076
3.556747
3.361851
1.665371
4.524982
2.444499
3.781714
5.573966
3.989780
3.896287
4.603627
4.002326
2.074794
5.153491
3.805341
4.830295
5.764623
5.587273
4.035892
2.676374
3.515865
3.547245
4.176951
3.804257
4.428206
3.958484
2.708507
3.024179
4.682793
4.321943
3.391883
6.472534
5.976337
7.960458
5.568006
5.059524
4.050497
3.092315
3.939092
3.766382
4.905853
5.043458
3.764004
5.324544
4.886514
4.218972
3.736305
4.958197
5.020441
3.971206
4.942595
4.569703
6.127487
5.177006
5.135237
6.483174
4.348007
4.680289
4.577171
2.797734
0.826559
0.649616
1.164560
1.998304
2.358256
2.200165
0.672100
0.551615
2.504532
0.193489
-1.404406
-0.069344
1.066277
1.711132
0.185816
0.683473
1.353818
1.964502
2.293664
1.485010
2.731505
2.330170
2.036526
1.364177
1.941620
0.087677
3.565905
1.551726
2.423770
2.238823
1.789020
3.752667
-0.297131
0.440628
1.341796
0.909355
0.902688
-0.278972
1.740211
2.061891
0.589605
0.306504
1.374606
1.032268
1.215512
2.336437
4.002961
1.030269
2.092007
3.060914
1.956464
0.455168
3.537636
1.556449
2.246935
2.567768
2.817808
2.069674
2.733570
0.025645
1.132444
1.512599
1.796593
1.618038
1.918139
0.488746
3.923971
1.988612
-0.642923
2.665139
2.242990
3.712302
2.244827
3.425788
0.416175
0.341577
0.898905
2.410770
4.263477
2.635076
-0.012695
0.433814
1.593922
1.518646
2.287743
0.631443
0.490077
1.517919
2.707706
-0.076642
-0.565671
3.492081
4.383622
3.172078
1.351393
1.225182
0.827528
2.013600
1.954087
2.227360
1.594069
0.604995
1.296214
0.946982
0.932811
0.045671
0.567050
3.131294
1.491653
2.483062
3.087923
3.941201
1.202116
1.596618
2.245550
2.763841
-0.500015
1.076478
2.672557
2.166865
1.623433
0.378780
2.721978
0.796287
2.085061
0.581477
0.911826
1.981768
2.114472
2.416427
3.587725
0.687835
0.106858
0.139473
2.878508
2.125720
1.878778
3.260111
2.742360
0.003891
1.324669
1.629490
0.933058
0.453566
2.404849
2.052211
3.678209
1.690818
2.884102
3.565502
1.625811
0.564992
1.106352
0.225401
1.931161
0.963263
2.008814
3.602529
1.844598
2.573662
1.603750
0.478677
2.288215
0.499564
2.319001
0.877833
2.005747
1.300404
2.523485
3.530639
1.700989
2.233496
2.214684
-0.937865
2.024610
1.641900
0.246035
0.357722
1.854467
0.989305
3.541492
0.282130
-0.047231
0.980497
1.496336
1.321632
0.785282
1.210859
2.970847
3.205897
1.745296
-1.007915
2.681405
2.470949
2.856055
2.456285
0.882119
3.929317
1.811049
2.741687
2.378115
1.650785
0.846549
1.250414
0.903554
2.440061
0.825488
1.840585
0.685496
0.235305
2.468934
1.139949
-0.988732
1.557866
1.955597
3.741622
2.347796
3.456315
-0.014065
3.489269
-0.012250
1.584839
-0.202561
0.811792
0.833440
2.339623
1.538901
2.177599
2.464570
3.202351
2.100382
2.768859
1.447307
1.520903
2.740815
4.842869
2.481088
2.304978
4.581449
3.107356
1.934302
2.740981
3.949044
3.582735
2.508372
2.910860
1.246522
3.238160
0.268050
4.953204
5.608771
5.030473
3.346088
3.310891
2.974035
2.843622
1.696007
3.668939
3.407820
1.802126
0.870577
2.737617
0.493901
1.245655
1.017683
1.982808
-0.591857
3.306265
2.213497
1.915323
1.921736
-0.689469
0.075613
1.185549
0.087692
-0.411149
-0.401792
-0.251311
-0.296987
2.031660
2.708232
-0.283293
1.128293
0.529231
1.051368
1.691992
2.163353
1.332446
1.216372
2.776596
0.523727
2.650133
2.070188
-0.384665
2.717027
0.788326
2.428219
1.945604
0.620892
1.927529
1.161933
1.675310
1.331604
2.097346
-0.210933
0.938411
1.628951
1.917992
4.345924
0.205624
2.527308
0.142645
0.299137
1.800235
1.876454
1.069478
0.778442
1.192237
1.755266
0.313841
0.732999
2.954062
3.015973
1.485786
1.094485
1.463697
3.525627
-0.131263
0.043561
1.606582
2.166848
0.029402
4.460896
2.450198
0.959913
1.424041
1.225303
1.265216
2.718309
2.053863
0.113454
3.774595
3.394356
2.689982
1.776453
1.829259
2.303077
2.277265
2.922199
2.065043
2.823608
1.533327
1.907173
2.167220
0.532575
2.478508
-0.322150
0.913130
0.208513
-0.866079
0.453377
-0.705968
1.718978
1.397042
1.547175
0.190735
2.235524
2.314939
0.274064
1.428133
2.011203
1.370852
0.498921
-0.260130
2.645134
1.524781
0.918843
3.871236
1.224552
2.954494
2.998262
2.875715
0.497909
1.346850
1.266851
0.333627
1.922308
0.951512
2.352771
2.135542
2.129785
0.323458
1.721982
1.251151
2.505309
2.623765
1.171540
-0.427815
-0.591152
3.227777
0.957611
0.578067
1.513492
1.358392
1.502752
1.850872
3.327373
3.856872
1.864251
0.723999
0.474610
1.280810
0.720669
0.115777
0.052889
1.839736
2.256094
1.837785
0.060116
1.912572
-0.040233
3.071496
2.359916
2.053777
0.974696
3.860206
2.852849
0.796892
1.303899
1.070330
2.038223
2.769441
1.914855
2.798877
2.115122
0.726250
1.609351
1.831429
0.734154
-1.280605
0.907423
2.565296
2.146282
2.974103
4.202284
2.614796
1.128972
2.058475
1.361058
2.168894
1.513498
4.401335
-0.015428
1.991302
1.849755
1.150180
0.174116
1.358565
2.087519
1.472575
1.048974
1.684321
2.129529
2.271752
1.178488
1.694758
1.552887
-0.153263
-0.062228
2.947487
2.250071
2.507554
2.073239
3.127165
3.029165
-0.180773
1.814270
3.698919
2.856681
1.294508
1.139035
1.672671
2.422074
2.624359
2.661100
2.811933
1.407518
0.831177
1.177764
1.192856
0.601220
2.980053
0.894816
1.790822
1.875186
1.717066
-1.197339
2.326981
0.123998
1.698828
2.601076
2.690992
0.763303
0.046358
1.118861
1.532459
1.358748
1.113143
0.910905
0.787812
1.657387
1.426126
2.649652
2.393485
-0.770584
0.866908
0.672732
-0.403441
0.681210
2.087326
1.823520
1.351999
0.969292
-0.218768
0.979219
0.691874
1.226070
-0.774031
1.058089
0.468971
2.330556
1.291561
2.893974
3.480933
0.604967
1.282462
-0.202985
2.870635
4.770616
1.413190
3.790391
1.738650
2.067170
1.830758
0.157867
3.121260
1.273217
2.083366
2.436674
0.268589
4.376425
2.827724
3.615901
0.787037
1.571783
0.404321
2.182097
1.836401
0.695022
1.113643
1.437610
2.829116
1.423960
2.012824
3.159632
1.606773
1.873074
-0.154726
-0.043047
1.024346
0.856744
4.329338
1.641956
1.006382
4.149806
0.169942
2.048965
1.198010
1.875490
3.269885
1.233886
1.253356
1.626470
-0.140897
1.791538
3.616595
1.368287
2.344591
2.221922
1.790879
3.144526
2.499868
3.172876
0.949346
1.294211
1.367397
1.419292
3.359868
3.625753
1.483274
2.454941
2.919631
1.426216
1.286566
2.244339
0.261938
1.573076
2.941016
-0.276991
1.145000
0.981533
0.346880
3.773464
3.883335
1.434224
2.539830
3.315711
0.980484
0.332391
1.288940
2.149563
0.812459
1.141969
0.581805
0.637494
-0.194057
2.049545
1.884064
-0.003418
2.608019
2.072309
1.130564
1.206777
4.307404
1.749683
1.666729
1.423314
1.836710
0.783179
0.628503
0.644545
1.263070
0.038071
1.050710
2.790384
1.040812
1.354520
1.783274
1.489689
0.031544
1.807135
3.148072
1.035090
2.113174
0.129089
2.028506
2.075846
0.235648
2.876024
-0.045703
2.594380
2.062397
-0.840423
2.115024
3.281183
0.654923
1.492978
1.009015
1.773985
2.132019
1.422723
-1.593306
3.695516
1.352993
4.421435
5.320484
7.993220
4.624287
1.899515
5.380299
0.919025
1.791145
4.770457
3.678838
2.805856
2.251167
2.970846
2.501486
4.024104
2.738274
1.791020
1.886938
3.690639
4.264499
4.746808
2.848307
3.388597
4.216739
5.185109
4.703938
2.977483
1.624577
5.092664
4.028413
5.034375
6.105211
4.714196
5.535171
4.573990
4.887412
3.354490
4.210985
5.195775
3.801628
5.496428
4.608526
3.475616
3.891539
4.220443
4.873766
6.800870
6.471452
0.530329
7.266328
6.782959
3.577172
3.467640
5.294985
2.348855
1.653242
2.699249
3.782198
3.810099
4.211718
4.991839
3.738320
5.189859
1.978253
-0.171170
3.511002
7.126308
5.443957
5.102501
3.553337
2.594303
0.343393
3.554916
4.501766
2.757727
2.334177
3.481421
3.551507
5.045312
4.016771
2.623116
3.890193
5.321202
4.269541
3.806009
4.903863
1.500017
6.401683
6.022404
2.903193
3.521793
3.632999
2.027975
4.279544
5.218954
5.969786
3.589931
5.235552
4.562486
3.627911
4.787675
3.639812
2.925403
5.141649
5.790502
4.216508
3.062037
0.946220
1.696571
3.125397
2.105472
2.566405
3.778053
2.912708
4.116854
3.617352
3.519666
4.052394
2.946702
4.058683
4.506121
4.166238
4.114748
2.603653
3.475040
3.899831
3.305633
3.360950
3.378679
2.893032
4.783076
6.422069
5.178561
4.365554
3.260233
3.204792
2.182192
3.450009
4.526566
2.044728
5.725289
4.375276
3.530005
5.467011
5.305990
2.826755
1.776552
3.027888
4.861806
5.557827
3.229886
3.588090
3.448520
5.868991
4.818839
4.261309
4.115589
3.977138
3.278370
4.576135
4.042941
2.035755
5.066751
3.414987
1.928137
3.717806
2.839528
3.590882
2.647583
6.138317
4.925229
5.711030
2.684384
2.055453
5.254111
6.000317
4.359166
5.190335
2.477852
6.255997
3.684894
3.722849
2.876004
2.137774
4.251401
4.639228
2.445221
5.750076
2.649055
2.690929
5.633312
7.499039
4.622665
5.844942
2.487141
4.626815
4.714156
0.300488
1.219486
4.409556
5.882150
4.676877
4.813002
4.695949
3.641860
3.559589
4.932532
4.644921
3.688848
2.907242
6.189154
3.832333
6.775501
5.188205
3.991732
6.543966
3.780560
1.663986
4.887321
4.557560
6.020255
6.499871
4.386701
4.727518
3.203254
2.402266
2.749960
2.926443
1.912762
1.990228
4.770250
3.355041
4.870823
4.452840
3.594699
2.314192
2.547890
3.294463
4.090968
4.059948
3.019622
2.939143
5.680173
1.642093
3.475731
4.431513
4.498902
3.583120
1.914567
1.595391
0.865806
2.115589
2.472460
5.654162
4.128254
1.583482
4.938688
3.899639
4.370188
3.281852
4.242447
2.550647
2.950421
4.380006
3.636300
3.124092
3.594753
6.421208
2.608224
2.873515
3.716787
5.482415
4.004391
4.408804
5.091393
3.740895
4.535809
3.169896
2.741605
5.806273
3.002748
4.016323
3.765500
1.555397
3.900362
4.033507
2.904692
3.320804
3.064488
3.677354
6.866024
4.356145
4.729313
4.358911
3.473411
4.432869
4.902820
3.619963
2.128009
1.723402
3.893900
1.608299
2.912394
3.501664
4.020942
2.796458
1.534217
3.586840
5.693371
1.586634
5.260246
4.090258
4.785857
2.378803
3.421513
4.276944
3.212014
2.972717
3.568118
1.854110
1.865270
5.256949
3.809065
2.252386
3.004570
6.174909
2.254837
1.048744
4.894120
4.816370
4.213030
5.569362
5.365767
3.827742
4.252831
3.782141
3.641611
6.151035
4.758587
2.366884
1.352975
1.919008
4.085617
5.180559
3.539744
3.164541
3.070498
1.112929
5.269135
2.093395
4.760103
5.142199
6.443068
4.249531
4.538867
4.229259
7.210392
4.671895
5.441624
3.453871
5.378531
3.760516
3.789329
5.225406
4.349361
4.159423
5.050269
3.140058
6.037498
3.970271
4.680479
3.095212
0.503251
2.607116
5.673866
3.411767
2.009575
-0.188784
2.184954
2.860121
4.861416
3.622344
4.690224
3.990985
2.404907
2.882683
1.613617
3.479826
3.454115
3.360609
1.920836
2.299525
2.116243
3.228240
4.150147
3.425848
3.311959
2.903440
3.367740
4.410738
4.540869
5.114634
3.531782
3.283918
3.072988
1.403417
2.828528
5.040198
5.017507
2.908519
3.464179
3.070567
4.051687
1.396268
4.117734
5.213554
3.766816
3.819123
4.362918
4.828907
3.706032
3.546305
3.641170
2.121312
6.263696
5.859192
3.499536
4.783255
3.811132
0.935194
6.084287
2.652122
2.661342
2.925137
3.372325
4.097458
6.281236
4.403808
4.890278
3.371576
0.675331
3.495670
2.692273
3.966546
4.977238
5.832715
5.161054
3.766752
3.942280
0.804651
3.594497
4.877459
4.997381
7.133749
3.077461
4.358645
2.776987
3.499719
4.715686
6.071512
2.865948
3.051381
3.037360
3.357358
5.335032
3.962954
4.151392
1.644642
3.726257
4.829973
3.452354
2.878339
1.371507
4.795274
2.991562
2.250349
2.386050
3.955556
4.178569
3.819462
3.509815
2.166067
2.904582
3.709581
2.660133
3.805196
3.956473
6.517055
7.627729
1.502248
4.730759
3.260262
1.680964
3.743233
5.936721
5.092436
4.564547
4.214335
2.122651
3.539592
2.072945
5.229194
3.242219
4.838733
1.634838
3.379829
4.614889
3.174851
2.378295
3.031265
4.477840
4.427011
6.291911
2.741959
5.027382
6.896094
4.819795
2.244007
2.520294
5.509155
6.441229
3.488985
6.702257
3.747929
2.540736
5.640999
2.799268
2.451335
2.577635
3.215083
4.855442
3.780799
4.966606
4.276672
7.216623
5.069434
4.048550
1.908240
3.498180
2.134966
4.880433
3.384840
3.061965
1.120774
4.813029
5.395353
5.149454
4.178818
4.840402
1.907369
2.005546
3.685596
3.498580
4.322143
2.999106
1.986017
2.889344
2.396399
2.099142
3.924311
3.473912
3.717639
1.338453
3.041193
3.515702
5.238213
3.288573
3.766865
4.714893
4.083463
4.818119
3.916965
1.956554
5.332873
5.018353
3.660641
5.359203
1.653827
4.840581
5.580614
2.315034
4.601938
2.958556
6.652267
2.217517
0.447484
5.724740
5.175454
2.861231
3.852328
2.970818
1.641295
3.017651
4.799089
4.239042
4.830885
3.926087
3.656012
3.728012
4.203990
5.156051
6.137694
0.776297
3.919727
5.854287
4.197314
4.059852
2.961771
4.242677
4.297136
2.857158
5.441413
4.913240
4.548059
4.325390
5.597332
4.657645
4.292281
4.741327
5.753075
4.045433
2.353014
5.707209
4.205291
2.946707
2.825232
3.766320
2.563356
2.616994
3.818237
6.094385
5.010126
3.919796
3.113257
6.230215
5.132474
3.124141
3.200331
7.261804
2.667725
3.570460
6.804635
3.650968
2.461627
2.680383
1.435374
1.977704
5.489871
3.069634
4.543861
3.083584
5.869754
2.804666
1.084691
1.111241
3.816190
4.506112
4.634499
5.379732
3.172254
3.566229
1.315244
3.510138
4.713410
2.518725
1.294206
3.938188
3.791893
3.957173
2.613338
0.540320
-0.020444
-0.664515
-2.127835
-2.808499
-1.832007
-1.562070
-0.371052
-3.190755
-0.188969
0.139439
0.310547
-1.038803
-1.052425
-0.742016
-1.183520
-1.691569
-1.008243
-1.017832
-0.383584
-1.642696
-2.407212
-2.437129
-3.105036
0.650118
-3.145782
-3.631136
-1.936549
-4.230983
-1.484553
-2.661245
-5.361755
-2.540782
-0.819543
-1.462433
-3.057813
-2.564640
-2.008249
-1.969799
-1.626990
-3.607728
-2.663663
-4.673141
-1.044811
-1.921017
-1.751134
-3.381773
-1.967042
1.596233
-4.522575
-1.939124
-1.764437
-0.169931
-1.371186
-1.020400
-2.929164
-1.428484
-3.385521
-4.098150
-0.474263
-1.419015
-3.500966
-3.464786
-2.888330
-4.205881
-1.449542
-2.675116
-1.800666
-2.624908
-4.000198
-2.158706
-2.174658
-0.320700
-2.619571
-2.506664
-2.358672
-2.374074
-1.945865
-1.327361
-3.190704
-0.711680
-3.064065
-1.673385
-1.793333
-2.252174
-2.078325
-3.581056
-5.304142
-2.788020
-0.407409
-2.192712
-3.852109
-3.303912
-3.146617
-3.039348
-3.133200
1.287635
-4.486145
-1.532915
-3.356130
-1.202736
-2.493667
-3.033315
-2.108496
-0.714133
-2.480727
-3.233808
-3.916476
-2.517082
-3.044267
-3.360027
-3.755732
-3.428111
-2.093994
-3.140809
-2.834432
-2.962643
-2.453272
-3.246722
-2.271523
0.316480
-1.619736
-1.043850
-3.299668
-3.797632
-1.321991
-1.812996
-2.368614
-3.396213
-1.270465
-2.512404
-2.493764
-2.152235
-1.045613
-2.924085
-3.927773
-2.836299
-3.318148
-4.580702
-3.360124
-0.836829
-2.759872
-5.378088
-2.865722
-0.207293
-3.336502
-2.991483
-4.406293
-3.423683
0.387460
-0.919849
-3.512321
-3.080749
-0.389555
-2.238922
-1.242556
-2.647751
-2.654536
-2.135767
-1.955344
-4.353152
-1.549907
-2.184432
-1.672300
-1.056612
-2.702805
-4.049922
-4.315942
0.534385
-3.182499
-2.555918
-2.767321
-3.072337
-2.679337
-3.478891
-2.498871
-3.605783
-1.917638
-0.871956
-1.818837
-3.416368
-0.118351
-1.695273
-1.467236
-2.143904
-1.572876
-2.815493
-2.685763
-0.902274
-5.939319
-3.650101
-1.937460
0.502188
-1.876663
-4.676625
-2.588516
-1.598953
-3.357822
-3.202144
-0.924384
-0.501613
-2.757667
-0.657731
-1.035556
-4.419567
-3.091746
-1.552665
-2.020831
-2.446613
-4.051629
-2.216197
-3.825985
-2.788645
-2.032656
-1.322659
-6.812131
1.098422
-3.482215
-2.768246
-1.608354
0.251365
-3.580338
-1.554721
-4.126795
-3.614221
-1.162708
-2.337908
-1.906183
-1.527620
-0.320562
-3.068637
-1.828452
-2.113377
-2.649438
-1.788063
-1.760669
-3.719548
-3.974085
-3.056134
-1.118559
2.031643
-2.761197
-3.246531
-3.215599
-2.299188
-1.051804
-1.728366
-3.110228
-1.313760
-4.229825
-1.975598
-3.196984
-3.590444
-1.980548
-1.451049
-1.311906
-2.669415
-2.379016
-2.806557
-1.365914
-1.230732
-1.295196
-1.517549
-3.004232
0.245019
-0.995460
-1.702658
-2.314270
-1.736811
-2.825348
-3.511183
-1.412302
-1.080750
-1.376161
-1.878580
-3.286512
-3.583226
-1.693718
-2.730987
-3.395628
-2.416017
-2.759246
-1.594550
-1.948923
-2.998578
-1.529243
-2.730140
-3.171457
0.368163
-1.172057
-2.402277
-2.512813
-2.175497
-2.580712
-4.194288
-2.559309
-2.929309
-1.545300
-2.316758
0.330336
-1.478735
-1.755129
-5.739826
-1.503717
-2.054666
-4.951439
-2.475290
-2.649351
-0.935048
-3.370817
-4.617370
-2.926058
0.040635
-2.522102
-1.526438
-2.418611
-1.682473
-2.004658
-5.342485
-2.081309
-1.109759
-2.249074
-4.666345
-2.172799
-0.854437
-2.838341
-4.226438
-2.572824
-3.145295
-3.829368
-1.993370
-3.314488
-3.128511
-2.316945
-2.855489
-3.067266
0.516269
-2.299870
-3.147169
-1.438736
-2.305547
-3.751170
-2.444450
-3.884556
-1.819489
-2.695018
-1.442966
-2.866602
-3.473832
-2.308946
-0.742309
-2.033266
-4.412375
-4.910941
-3.148159
-3.018940
-0.754873
-3.769846
0.354488
-2.078767
-0.122101
-2.970654
-2.183374
-2.895267
-2.858443
-3.565449
-2.268868
-1.722872
-3.192216
-4.155849
-1.707703
-1.878233
-2.607202
-1.972509
-1.742872
-2.176164
-3.068614
-3.314581
-3.433752
-4.206030
-3.193746
-0.224116
0.326015
-2.413810
-0.235052
-3.022460
-1.872046
-1.396931
-2.637006
-2.517585
-2.236349
-1.084914
-3.420621
-2.213618
-2.239492
-0.746629
-2.880616
-1.826423
-2.663241
-2.935498
-3.033757
-2.421742
-1.642826
-4.441870
-4.738875
-3.700921
-3.773664
-2.079849
-0.949737
-3.904285
-0.973894
-1.044816
-2.143611
-1.873977
-3.268311
-0.828925
-1.910963
-3.343963
-3.349648
-1.501338
-2.110376
-2.244760
0.147604
-0.635281
-2.387659
-3.376550
-2.080701
-3.531215
-4.013159
-2.627383
-1.957031
-2.765180
1.299142
-1.797137
-2.197131
-3.820757
-1.663904
-2.233106
-1.734411
-3.001657
-1.995114
-2.076790
-3.334042
-3.761355
-2.583361
-1.540412
-1.511674
-2.982796
-2.939438
-3.444297
-1.319607
-2.383200
-2.371547
-1.193585
-2.972197
-3.566571
0.207048
-2.378328
-3.266103
-1.998137
-2.167270
-3.097498
-3.000210
-3.043803
-2.117472
-1.147950
-2.714577
-2.076365
-1.817783
-3.253446
-3.359201
-2.683914
-3.899070
-3.897121
-3.639483
-0.537867
-2.472071
-2.400331
-0.908293
-0.205177
-1.292283
-3.548436
-3.632549
-2.697791
-1.196205
-1.302427
-1.314296
-1.510723
-2.387250
-4.567880
-3.106550
-1.597547
-2.444609
-0.350329
-0.986955
-2.774901
-2.595853
-2.646557
-1.056431
-3.185309
-2.763336
-2.864715
-0.660047
-0.689152
-0.008646
-2.863208
-3.029190
-3.122113
-3.385174
-2.724774
-2.922276
-2.191087
-1.351326
-4.141068
-0.713735
-2.704744
-1.570897
-2.634898
-2.787965
-3.805059
-3.372421
-1.816414
-3.616498
-0.737689
-2.730542
-2.889505
-1.669174
0.717713
0.474710
-2.321551
-3.722321
-2.244331
-4.294721
-0.749361
-1.071636
-2.623490
-2.980298
-2.397883
-2.571583
-2.605128
-2.742707
-2.379724
-2.946572
-3.385453
-2.233178
-2.244635
0.293384
-1.878204
-4.460986
-0.495122
-2.767992
-3.075572
0.857123
-1.931262
-3.698253
-4.084761
-2.294358
-3.394631
-0.939044
-0.914989
-2.702787
-2.224881
-2.597041
-3.858568
-2.482937
-2.141980
-2.413805
-2.276219
-5.504553
-3.552070
-2.332377
-6.654524
-1.719055
-2.563670
-3.797988
-3.285398
1.070754
-1.945817
-4.060432
-2.298909
-2.787421
-2.716894
-2.435531
-3.355419
-2.034173
-0.914881
-3.151267
-1.619437
-3.560821
-3.565127
-2.867040
-0.822239
-0.931464
-2.386585
-2.818208
-3.708689
-2.332968
-3.062106
-3.471253
-3.227034
0.653696
-4.876164
-2.924429
-3.911762
-3.394810
-1.640763
-3.025620
-4.636714
-1.498890
-3.066848
-3.124734
-2.243793
-2.283736
-2.194008
-2.736274
-3.191334
-5.156820
-3.299797
-2.468126
-1.469346
-5.360274
-4.664765
-4.823243
-0.055742
0.277808
-4.145401
-1.955656
-2.107094
-2.093831
-3.454195
-3.297344
-1.021754
-3.003201
-4.270993
-2.330820
-1.243101
-2.092917
-2.478130
-2.045791
-1.535826
-2.864521
-1.738308
-2.668297
-1.729892
-2.059884
-1.394949
-3.212701
-2.855312
1.460193
-1.945653
-1.887954
-5.485742
-2.724535
-0.487986
-2.346983
-2.099766
-0.667312
-3.810256
-4.053157
-2.192749
-3.976122
-1.249465
1.945187
-1.080086
-0.949884
-1.479247
-0.434899
-0.567163
-2.016640
-3.897896
-2.533591
-2.656964
-2.683038
-2.944988
-1.243758
-5.308592
-4.418009
-2.742044
-3.782843
-4.537274
-4.469255
-2.854132
-2.656661
-3.430193
-3.802946
-2.731123
-1.853486
-2.080581
-1.497104
-1.412006
-2.267901
-3.073248
-4.708459
-4.420950
-0.738069
-3.748449
-3.213226
-0.529357
-1.619737
-1.118248
-3.158088
-4.495225
-2.552183
-1.629036
-1.547309
-0.340411
-1.570368
-0.467713
-0.451966
-2.634336
-1.208663
-2.879638
-1.261391
-2.687853
-0.712858
-1.367190
-0.779062
-0.564035
-1.861910
-1.017177
-2.121136
0.089164
-3.888595
0.200481
-4.957005
-1.834874
-2.424443
-0.946809
-3.316719
-0.384778
-1.876969
-1.858125
-0.540936
1.136245
0.091141
0.411719
0.759576
-2.478803
-4.880503
-3.390825
0.490401
-1.620218
-1.449274
-2.305271
-3.367438
-1.283225
-2.292656
-0.907088
-0.781463
-2.336503
-3.466901
-1.757285
-0.524594
-3.414868
-1.993229
0.012766
0.441645
-2.586735
-0.408218
-1.725791
-1.754478
-0.529733
-0.353991
-0.434029
-3.217304
-2.720871
-0.745850
-3.329592
-2.484611
-2.606398
-1.658924
-1.632143
-0.268661
-1.676219
-0.792232
-1.774642
-1.392855
-0.741230
0.946676
-0.818599
-0.701436
-1.008111
-2.092309
-2.137961
-0.857611
-2.044258
-2.837421
-1.923610
-0.767391
0.581148
-1.556284
-3.054129
-3.112173
-2.733464
-0.294688
-1.636856
0.188692
1.024317
-1.464895
-2.387035
-1.859620
-2.415714
-2.431265
-1.380049
-1.846157
-3.234082
-2.840068
-0.864045
-3.319394
-4.787635
-3.522431
-1.266507
-2.083258
-3.403810
-1.987158
-2.767876
-2.394111
-0.980859
-3.368411
-4.453387
-3.454313
-3.450810
-1.764829
0.769223
-1.510246
-0.986831
-1.745751
-1.811595
-2.307264
-1.886013
-3.415435
-3.920412
-0.806165
-1.551354
-2.393168
-2.045053
-2.214344
-2.829070
-2.351044
-3.197910
-3.862989
-4.725686
-1.072887
0.020724
1.016850
-0.469367
-1.264243
-0.892428
0.045588
-0.052132
-0.786326
-0.282092
-1.309225
-0.103530
-0.764713
-1.607181
-2.634566
-2.559980
1.520913
-0.607125
-4.210505
-1.893868
-1.366243
-3.490788
-4.771836
-3.021824
-1.946162
-0.572230
-1.790976
-2.378873
-1.055976
-2.191784
-2.260370
-1.060983
-1.563122
-1.355500
-1.102548
-2.155723
-1.251009
-1.910867
-0.344676
-1.107624
-1.644574
-1.503579
0.102984
-1.627301
0.546295
-5.691022
-3.571819
-1.455479
-0.684137
-2.954500
0.512183
-2.049927
-1.107660
-1.539239
-2.738984
-2.529945
-1.396590
-0.742495
-2.921979
-4.284078
-3.992785
-2.791950
-1.087487
-0.450769
-1.904239
-1.649274
-2.290737
-0.505515
-3.839728
-3.464233
-4.717882
-1.090107
-2.897310
0.240573
-1.131252
-3.218116
-0.377364
-3.719242
-2.236432
-3.757351
-4.460458
-1.252453
-3.717897
-2.723410
-3.598488
-1.762886
-3.817588
-6.339962
-4.447750
-0.954631
-0.539668
-2.926470
-1.650764
-1.815579
-3.776104
-1.083433
-1.130519
-3.234969
-3.245313
-1.877111
-1.333143
-1.367703
-1.733301
-1.349437
-2.015559
0.973590
-0.350791
-0.749212
1.365673
-0.872493
-0.254726
-0.551123
-0.556822
-0.963732
-2.040345
-1.882994
0.128286
-1.078407
-4.079640
-3.371350
-0.592435
-0.516965
-1.146547
-0.947143
-0.358911
-0.867798
-1.858820
-1.654801
-0.101410
-2.399299
-1.742006
-2.284993
-0.711829
-2.484179
-1.137281
-1.803842
0.183521
-2.770434
-2.730014
-1.066996
-0.476012
-2.621537
-3.738626
-1.701711
-2.718415
-2.024028
-1.077596
-1.975948
-1.328616
-2.023243
-1.795182
-2.078400
-2.766768
0.502454
-0.627213
-1.392946
-1.364673
0.849899
-1.775082
-3.803940
-1.616412
-0.720133
-3.450407
-2.338867
0.145398
-2.184129
-4.651114
-1.225777
0.135188
-0.475273
-2.294638
-3.221166
-2.887022
-0.957265
-1.343596
-1.111934
-0.791420
-1.311653
-3.382271
-2.918504
-4.145543
-2.963860
-0.440643
-0.731886
-1.553627
-0.528870
-0.863782
-3.116506
-1.585397
-3.559586
-2.959448
0.019166
-1.832182
-0.155688
0.096240
-0.411215
-1.543785
-2.816973
-0.998191
-2.368555
-0.821115
-1.903648
-2.095647
0.206696
-2.052718
-1.896577
-1.458270
-4.033800
-0.545089
-4.218011
-5.683625
-1.507632
0.031760
-3.628629
-3.254178
0.543950
-2.339252
-3.163890
-1.238976
-1.563428
-1.222787
-1.219303
-1.672373
-2.704118
-1.760401
-0.354401
-2.177577
-1.142887
-1.495681
-2.796731
-1.068747
-0.238190
-1.383299
-1.118608
-0.663319
-1.128325
-1.395205
-2.415071
-4.137896
-1.900328
-1.514195
-2.545902
-2.358806
-0.856938
-0.713679
-1.975821
-2.286764
-1.144591
-2.217587
-1.413075
-1.735849
-3.611223
-4.374646
-2.990059
-1.887611
-2.581871
-2.029631
-1.868333
-3.189337
-0.359178
-0.158424
-2.547813
-2.863487
-1.732989
-0.365467
-1.759370
-0.969863
-2.652744
-1.032391
-1.160925
-0.837154
-1.125769
-3.976565
-1.610665
-2.296626
-1.358759
-0.812340
0.243747
-0.455316
-0.561444
-2.955315
-3.200940
0.699307
-0.374240
-2.473958
-0.805257
-2.243474
-2.307019
-2.468885
-0.165799
-0.481211
-0.806254
-2.470932
-1.674013
-0.664904
-1.949095
-2.698823
-2.392901
-1.449640
-2.904328
-1.959258
-2.098831
-1.848861
-1.417667
-1.860725
-1.562911
-2.322170
-3.117383
-3.190796
-3.877310
-1.680766
-0.003218
-0.714113
-1.108159
-0.791002
-3.624603
-1.287814
-2.074713
-0.944880
-0.430887
0.578811
-0.915311
-1.455414
-3.183122
-0.902776
-0.286160
-0.405858
-1.962154
-1.887540
-1.614937
-2.371218
-1.511989
-1.012280
-2.142378
-1.934473
-2.039208
-2.342777
-0.795516
1.035480
-0.330407
-2.919081
0.149181
-1.593901
-2.515328
-2.642099
-0.423863
-0.263758
-0.357467
-1.343259
-2.765247
-0.359027
0.240674
-1.122434
-2.011808
-3.512925
-1.348202
-1.435263
-1.805565
-1.938938
-2.684334
-1.219620
-0.697370
0.159412
-1.994174
-0.233462
0.819650
1.668238
-4.043599
-4.304017
-2.648994
-0.804840
-0.893068
-2.023850
-0.123565
-0.282582
-1.131741
-2.182012
-2.220535
-1.448476
-1.856148
-2.951348
-2.011531
-5.055984
-1.144460
-2.090321
-0.627407
-1.591725
-0.494846
-1.239944
-2.977326
-1.344915
-1.720466
-1.093381
-1.622201
-4.241608
-1.580498
-2.406167
-0.488818
-1.712157
-1.816287
-0.991791
-3.412818
-0.883783
-0.459387
-1.988223
-1.139928
-2.347596
-0.821825
-1.472303
-1.949955
-0.265918
-1.080871
-2.529278
-0.162589
-0.492647
-3.177538
-2.975370
-2.506680
-0.120400
-2.139443
-1.296130
-2.257228
-3.479178
-1.699097
-0.446401
1.466607
-1.411489
-3.002661
-2.891561
-0.480719
-3.282343
-2.529978
0.335056
-2.627507
-3.634902
-2.672540
-0.560860
-1.451380
1.050348
-1.297042
-0.460564
-1.269209
-4.089162
-2.058374
-1.970718
-1.051906
-0.773095
0.237140
-2.568487
-3.459246
-0.987898
-0.065398
-1.475140
-1.939725
-1.210447
-0.847574
-1.111751
-1.518602
-1.883495
0.267953
-1.524264
0.002531
-2.914485
-2.309317
0.535338
-1.608552
-1.097510
0.560798
-1.096524
-1.033598
-0.745614
-3.054058
-1.160280
-0.746507
-3.246265
-4.352626
-0.879814
-2.709106
-5.228338
-1.676099
-2.291773
-1.933153
-0.681307
-0.675401
-1.854000
-3.393450
-4.536742
-0.935735
-0.604446
-2.021678
-1.455888
-1.889708
-2.803910
-3.372724
-4.832834
-0.846949
-6.077520
-3.242709
-3.359705
-0.460853
-1.716345
-1.269302
2.553554
-2.054586
-1.339402
-1.509693
-0.545391
0.535346
-2.289788
-1.660762
-1.968341
0.514448
-2.742313
-0.091647
-0.104130
-0.507033
0.033186
-1.399867
0.399306
0.596836
0.007713
-2.763004
-2.933725
-3.109854
-0.699568
-3.267127
4.433288
1.204962
-0.275781
-1.069352
-2.262205
-2.575294
-0.235849
-2.255813
-1.152893
0.542433
1.062323
0.719601
-1.523975
1.623029
0.719009
1.713693
3.338465
0.223685
1.529779
2.723832
1.450688
0.117289
-0.115459
-2.520086
2.660524
-1.672594
-2.259666
1.204084
-0.589724
0.534293
1.094901
-0.813978
-1.436594
-0.259693
-2.039436
-1.072043
-0.621860
-0.226959
-1.190043
-1.782746
-0.410226
-1.314385
-3.280895
-3.360477
3.158385
-1.660236
-0.490429
-1.389526
0.483828
-2.188037
-2.148060
-0.923362
-1.710856
-2.599938
-1.522607
-1.545137
0.211806
1.173084
-1.139256
2.129338
1.077410
-3.398208
-1.355565
-0.469451
-0.910218
0.641602
-0.936919
-1.577625
0.228114
-1.525115
-1.527265
-0.247689
2.669479
-1.301405
-3.375341
1.913521
0.504246
-1.283021
0.581562
-0.362244
0.370904
0.428509
1.431527
-1.289100
-0.144552
0.328615
-0.887768
-1.720479
0.549396
-1.264782
-1.667567
0.027651
1.166260
0.208584
-0.270734
0.870637
0.662662
-0.531428
0.928871
-1.337617
-1.136562
0.719495
0.180936
2.027892
-0.796741
2.956984
2.768201
0.816132
-1.881310
0.641049
0.267662
-1.583802
-2.291608
-0.991182
-2.480285
-2.541379
0.955781
-2.396626
-3.121761
-0.799852
0.315466
0.622888
-0.476312
-0.749229
-3.704878
0.286080
0.580581
-0.298807
-3.543684
1.188895
-0.790149
-2.100340
-1.758311
-0.480568
-1.361477
0.497252
-3.556063
-1.050772
-1.400195
-1.002202
-1.043087
-1.386499
1.992235
0.296396
1.362094
1.773302
-0.142082
1.185818
0.097279
-0.343049
-2.999874
-1.617203
3.343013
3.646723
3.227148
3.573922
-0.478174
0.313103
-1.170420
-1.377912
-0.630608
-0.787758
-0.023595
-0.803003
1.007189
-2.100070
-1.752600
0.741159
0.627208
1.554744
-0.574460
-3.362895
0.292478
-4.367832
0.574885
-1.586144
1.440354
1.846136
1.044083
0.026134
-0.728332
1.197774
-1.901596
-4.528770
0.096708
-0.388242
-1.600937
0.175103
0.678595
-1.188358
-0.262541
-0.598609
1.054801
-0.498537
0.345764
-1.768049
-0.123409
1.330280
0.322676
-1.331014
-2.612910
-1.785193
1.640318
0.145356
-1.398818
-1.145829
-1.692376
-0.722653
-0.608876
-1.076390
1.329047
-2.169170
-1.302851
0.067439
-2.118508
-1.684883
1.254978
-2.157185
-1.831936
-1.715880
-0.086514
-0.702884
0.915517
0.235064
-1.266410
-3.135710
-2.727555
-4.279685
-2.190925
-3.152732
-4.095202
0.591421
-4.986500
-0.230519
-0.127789
0.275676
-0.471251
-4.043393
-2.326827
-2.224793
-0.727568
1.566227
-2.558500
1.758411
0.492764
-0.627800
-1.185578
2.955869
-0.988689
-2.641835
-1.214322
0.299160
-0.972799
0.304937
0.556065
0.597049
-1.507933
-1.150550
-1.307203
-1.239563
-1.655381
-2.527690
-0.717693
-0.854031
1.872034
-0.361050
0.558157
-0.853782
-1.985065
-1.836165
-1.764509
-0.696664
-2.453247
1.546498
-0.488402
2.680613
-0.863205
-2.396948
-0.904476
-2.063257
-0.516851
-0.419542
-0.334770
-0.145106
-0.472462
-0.741427
-2.455545
-0.287224
2.698596
-1.983573
-3.450378
-1.313326
-0.983481
-2.810250
0.016919
-0.853570
-2.371864
-0.975285
-3.741065
0.811203
0.362185
-0.201759
-0.577738
-2.196525
-1.582184
-2.989500
0.266434
-1.290803
-1.246446
-3.877107
0.625087
-2.157243
2.195950
0.524739
-3.457794
1.324331
0.892142
-1.523567
-4.342069
-2.312668
1.490645
1.037888
-2.434917
-1.784275
-2.289273
-2.928864
-3.224370
-1.706121
-1.841326
-3.300443
0.082005
-1.946020
1.600963
-0.235751
2.669321
0.255999
1.778444
-2.280040
-1.632776
0.745240
-1.139249
-1.143398
-2.659333
-3.149912
-1.405770
-2.108580
0.680988
-2.761381
0.400151
0.883724
-3.951069
-1.814589
-1.542066
1.181617
1.208063
-2.957066
-1.299320
1.165954
-0.055293
-2.190118
3.236888
-0.007510
-1.535123
-0.050687
-2.730067
0.057505
-0.968249
-1.716052
-0.790321
-0.814712
-0.907642
-1.444832
-1.541954
0.195653
1.418215
-1.206833
-0.959024
-2.046429
-0.213516
-1.525143
-4.057001
-0.904456
-1.130673
-3.634846
0.281071
-0.188177
-0.130399
-3.312494
-3.586516
-0.027695
0.579956
-2.380417
0.661466
3.848391
-2.222558
-3.363629
-1.868202
-0.724888
-3.211888
-2.696318
-0.619177
-3.307890
0.291510
-2.387708
1.768671
0.070400
-2.736867
-1.700926
0.375105
1.025874
-0.302597
-0.605918
-1.352789
-0.056041
-1.238576
0.370958
-0.695507
-0.960582
-1.728349
1.855601
-0.526285
-1.441480
0.823623
-0.302133
1.590799
-1.931669
-0.759786
-1.643875
-0.991067
1.035525
-0.815350
0.638091
1.682196
0.464285
-0.887673
-0.713857
-1.031519
-1.359830
-2.148270
-0.880019
-0.284245
0.531974
0.084638
-2.235887
0.689052
-2.409631
-0.176394
0.523496
-1.278488
-2.792627
-0.674607
-1.774712
-1.228440
-1.911562
0.271429
0.090563
3.231335
-1.120444
-2.929612
-2.951459
-2.670257
-2.495378
-2.518806
-2.787208
-0.396233
-3.483824
0.827859
-2.250414
0.671829
1.695408
0.329676
-0.057075
0.430320
0.284512
-1.399860
-0.540082
-2.957834
-1.654336
-1.024559
-0.570210
2.260321
-1.121977
-0.640027
-1.108788
-0.624330
-2.006750
-1.726292
-0.033376
-0.168350
-2.405694
-1.960386
-2.974496
0.730706
0.591280
-1.072128
-2.233393
0.588802
-1.002959
0.660617
-1.855803
1.987106
-1.077295
-0.438062
-2.896098
0.592529
-1.222322
-4.261774
-1.050820
-1.495994
-2.024422
1.201721
1.540102
-0.195245
1.436703
-0.710628
-0.516619
0.020332
-1.536359
-1.056698
-0.809241
-1.888146
-0.622723
2.308849
-0.118667
0.120399
-0.327770
-0.588924
-1.031062
0.437963
-1.481011
-2.522547
-1.145639
-0.526419
-2.145685
-1.635803
-0.753269
-0.967013
1.687506
-1.902083
-0.628636
-1.535642
-0.208901
-1.130255
-0.578476
-2.653983
0.189614
1.585592
-1.447077
-0.124050
2.141437
-4.505964
-3.249528
1.094274
-0.235712
1.681765
-1.726643
-0.722812
-0.054730
-0.566794
-0.266495
0.068835
1.098895
-1.537827
-1.971138
1.183996
-1.138057
-0.722972
-0.138779
-2.233350
0.063648
-0.242296
-1.407089
-1.991505
1.762097
-2.468123
-0.637219
1.512981
-4.273780
-0.812874
-0.802516
-0.084012
-2.832701
-1.037201
-2.051990
-0.644981
-1.574211
0.028445
-0.263371
-1.477763
-0.783162
-0.516187
-0.369473
-2.650984
-0.580308
1.931976
1.499476
-1.851425
-3.197331
-1.245323
0.208808
1.893926
0.063051
0.393268
-1.204673
0.543694
0.065834
-1.518508
-1.131777
1.041119
-4.570755
-0.695643
-1.049900
-3.169878
-1.084961
-2.866091
-2.081445
-1.648072
-1.651910
-2.529102
1.419888
-2.536714
3.551872
0.601745
-0.727103
1.041403
-1.755548
1.077190
1.874908
0.559095
2.632909
1.707275
-1.917031
-4.017663
-6.675916
-2.211032
1.552210
1.561204
0.044717
0.672686
-1.230625
0.236819
-0.420622
-2.055213
0.221178
0.056976
-0.512102
2.231884
-1.658841
-0.260286
-0.845417
-0.703139
-0.755587
0.158671
1.972770
-0.446871
-0.750846
0.977414
-1.656755
0.348790
-1.416806
-1.369107
-0.132089
-1.124884
-0.150820
0.062459
0.503121
-0.923421
0.722282
1.471394
0.357661
-0.994110
0.159199
-0.361839
-1.089536
1.719539
0.477088
1.009368
2.060287
-0.414144
3.974760
0.803027
1.953732
-0.621733
-0.837213
-1.781077
-0.582204
-0.648641
1.214651
-1.756408
0.178202
0.404137
2.410536
0.747604
3.151719
-0.438892
0.993287
1.428951
1.028472
-0.728517
0.638897
2.589156
0.049285
0.419256
-0.069652
1.770253
0.249991
0.001085
1.529682
-0.633524
-0.551055
1.095294
1.096045
0.160213
-0.757990
0.087138
1.060514
0.470493
2.966085
1.063576
3.020902
-0.186583
0.961629
0.506831
0.267848
-2.147435
-0.356749
0.784306
-1.178791
0.115653
-1.123011
-1.087430
0.820333
2.501190
0.149518
-0.281606
1.829671
-0.037530
2.251451
-0.402877
1.943142
2.046562
2.112962
0.574189
0.899022
0.698582
-0.995475
1.814358
1.320541
-1.733494
0.859003
-1.334935
-0.190118
0.779961
2.631468
-0.304840
2.549773
-0.277029
-0.467243
2.853893
3.521823
1.465516
1.812144
-1.654267
-1.195063
-1.092793
2.007936
0.147571
1.660956
-2.084834
-0.498187
-0.271177
-3.067745
0.576679
1.066779
0.984808
-0.043095
-0.899933
1.909559
2.083743
0.482206
-0.126846
1.073043
3.726818
1.457704
0.028698
1.084931
1.321958
0.547366
0.472751
-0.278899
1.449475
1.652181
0.091114
0.072064
2.492429
-0.063821
0.789255
1.374693
2.683569
0.687732
0.668490
0.018806
-0.173420
0.198845
1.248500
2.671108
0.935792
1.214691
0.346074
2.049373
1.002957
-0.209227
2.619627
-0.418514
1.304743
-0.208912
0.335523
-1.862189
-0.248883
2.417604
2.377701
-2.084234
0.716555
1.116385
0.028550
2.060218
0.569616
0.263655
-0.009162
3.215588
0.447544
1.408821
-0.854810
0.611798
0.895343
1.043443
-1.170853
-0.592935
0.669862
-0.841871
2.809190
2.133998
0.606643
5.369556
-1.369960
3.657400
-0.950153
0.454021
-0.953967
-0.479080
2.036438
0.246262
-0.879651
0.471800
2.405373
1.615834
-1.983508
-1.606202
0.059891
-0.613924
-0.475308
1.372076
1.201516
-0.002004
0.496846
1.937818
0.537849
1.304933
1.919041
1.852612
-0.057038
1.131989
2.673694
1.857812
0.112689
0.267271
-0.261818
3.032750
-0.869231
0.497627
0.556290
-0.558613
1.931482
3.381925
-0.843141
-1.154740
2.023242
1.429707
-0.238536
1.784555
1.080889
2.415857
0.133015
-0.103818
0.717091
1.820364
-0.858696
0.935286
4.453689
-0.807474
1.063119
1.372909
2.580598
-0.115219
2.620598
-0.160114
0.400290
2.174919
-1.711555
3.484905
2.049025
0.779971
-0.186237
0.503622
-2.023132
0.713022
-0.741143
1.316813
0.266241
-0.988205
1.355484
0.951220
1.418223
0.515639
1.795716
1.677093
0.400602
-0.669855
2.921524
0.132516
-1.218665
1.030912
0.108342
1.078095
2.532729
-2.626337
-0.969787
1.043252
-0.048969
1.942197
3.488991
-3.259441
3.095142
-0.916734
1.305252
0.695032
-2.517648
3.405194
0.044016
0.508611
-0.247199
0.791341
0.157396
-1.080112
1.420195
-0.696137
1.881866
-0.166956
2.658509
-1.120846
-0.008671
1.058954
2.922127
1.796683
1.305609
3.628891
-1.003197
-0.096678
0.173958
3.072513
1.505601
2.322187
1.332931
-0.605897
0.350689
-0.286857
-1.475893
-0.740902
0.062235
-1.626554
2.203525
1.368339
-1.811714
0.437738
-0.146973
0.699379
3.619665
0.447664
1.146905
2.066202
1.613168
1.560007
0.996464
0.301694
2.328025
1.155129
0.574565
-0.590115
3.291971
-0.351917
-2.358183
1.224377
0.633763
0.517127
1.131770
1.187444
-1.813620
-0.486991
-0.130155
-0.241509
2.102639
-0.265406
-0.277968
0.700603
1.704896
0.416601
-1.742369
0.745340
0.440528
-2.044043
0.824889
-0.381088
0.180887
2.234867
0.991815
0.814854
0.655795
-1.327318
0.846774
-0.714598
-2.065366
0.353687
0.927161
1.642925
-0.768696
0.654451
-1.809237
-0.895263
0.596749
1.115771
0.882299
0.033741
-0.488703
1.769772
-0.346754
-0.363144
0.607090
2.492357
0.046517
-0.621970
3.121115
0.604474
-0.519603
0.032088
0.968164
1.650824
-0.164025
1.134191
-1.184115
0.637150
-0.226868
0.146860
1.778746
0.893388
1.363829
-0.019050
0.272377
0.894212
-2.192258
0.947802
1.337088
2.649628
-0.096234
3.718183
2.293446
-0.744550
2.590815
1.910070
2.582891
-0.714040
1.765892
0.494396
0.638707
1.358957
1.347359
1.723700
-0.271788
-0.415248
1.288900
-0.419334
0.197652
2.011932
0.020186
1.070406
-2.092796
2.514186
0.832800
-0.285985
0.653841
-0.014186
0.846437
1.302993
2.413485
-1.090778
-0.891021
1.371015
1.614457
0.139168
1.273119
0.383354
1.958725
-0.282448
-0.148993
0.891593
0.041122
-0.913177
0.176124
1.569713
-0.280441
2.714077
-0.487187
0.044542
1.072190
2.250812
0.144018
2.107712
-0.652011
1.175361
-1.543283
1.188687
1.814723
1.030289
0.547586
0.131570
0.324493
-0.446895
0.283904
2.517353
-0.688484
0.622644
-0.102477
0.792016
-0.618140
1.081453
-0.652053
2.150280
1.981864
-0.315900
0.846919
0.803286
-0.340326
-0.089401
1.128090
1.353503
1.174454
0.700245
1.734719
-0.657081
0.380710
-0.123922
1.031878
0.944409
-0.368618
1.952192
1.339989
-2.063319
0.648772
1.649657
0.433897
1.402933
-0.777640
-0.484970
0.889147
1.509668
0.597066
-0.219891
-0.527516
1.444867
1.850446
0.163416
1.143914
2.267485
3.891939
1.843680
0.216059
3.408815
2.059541
0.181243
1.207168
-1.672824
1.928504
-0.908997
-0.803624
2.782482
1.188162
-0.012640
-0.239998
1.322667
4.206071
0.518852
0.612820
-0.173029
1.007130
-1.055671
1.868279
-0.137706
0.986411
1.111995
1.409048
3.109621
0.008150
1.765162
2.764433
0.119878
0.040060
-0.317013
-1.182986
0.336532
4.534982
1.555244
1.607485
-0.179987
4.211603
-0.144631
0.875068
0.583012
-0.397656
0.327360
1.101789
-0.454568
-0.488222
-0.400245
0.905551
1.324127
-0.710759
0.249309
0.726440
0.809761
2.698329
3.605046
0.050524
-3.000654
0.570320
0.831451
2.431955
-0.486871
2.824232
1.239020
0.020270
-0.025964
1.384366
1.656256
-0.683657
1.305338
1.917821
1.177628
-2.403958
0.795704
-0.204277
0.435862
2.042749
-0.613718
-0.000265
3.518557
0.520681
-0.573544
0.867231
1.417361
0.120456
0.644921
0.981837
1.664708
0.964204
0.656002
1.208044
0.447778
-0.811499
2.819756
1.076419
1.632719
1.037184
2.600089
0.117114
-0.681321
0.668532
0.470207
-0.639159
1.055943
-0.359848
-1.869937
1.164662
0.120594
-0.164195
-0.632531
0.608419
0.972724
-0.710929
0.957064
0.064478
1.093482
0.603632
4.106382
-0.317036
2.659031
0.569154
4.611895
2.433707
-0.383174
1.749542
0.430508
1.667321
0.963628
0.348339
0.226075
2.846126
-0.722041
-1.759606
0.564681
-0.007513
-0.766698
4.280515
3.624068
3.994322
5.246925
2.165289
0.746140
4.329290
5.707891
3.334000
4.458887
3.489008
4.813714
2.000566
2.922860
3.137482
4.380817
1.849038
2.138918
3.208369
3.882524
3.025095
2.332235
2.606333
4.483276
5.151222
4.219337
1.366474
2.902325
4.332357
4.146294
3.367137
3.700953
1.244712
0.765143
3.373586
3.402719
4.453389
3.164950
2.513560
3.816112
3.312102
3.882407
1.752683
0.517253
1.805399
3.185597
4.419147
0.133936
4.132604
2.541665
6.546084
3.722239
1.810147
1.696612
3.543293
5.169245
3.230788
4.036931
5.698936
3.421731
1.422546
2.891326
3.505092
4.914598
1.462865
3.951463
6.025525
3.836852
3.453937
3.879701
2.561877
2.975177
3.777102
4.366889
3.484992
2.906137
4.389014
4.455694
5.488309
4.314597
3.754097
3.351569
4.058980
2.982275
3.259058
5.147880
3.465810
3.262290
2.706667
3.030849
1.932647
2.288426
3.389417
3.889300
4.306023
4.046586
4.911222
4.719775
3.437936
1.410169
3.249162
1.565910
3.735030
3.082002
2.234042
4.922563
2.064537
2.238094
4.220256
5.727628
3.557457
4.529875
0.841145
4.434760
4.633212
4.721035
4.331180
2.209484
3.234859
2.188667
4.165764
3.516906
2.586993
4.871763
3.268746
1.790960
0.898542
2.453892
4.689387
3.862161
3.593592
3.246786
3.752601
3.080439
1.937622
1.452267
3.247402
4.959032
1.805417
3.037221
3.868349
6.899419
4.492685
2.556403
1.866903
1.652671
2.542405
2.236105
4.450262
4.499684
2.633176
1.212652
4.685783
2.401439
3.713233
3.961755
4.814588
4.934619
2.815432
2.665874
3.475491
2.891747
3.419468
2.634738
3.353590
3.457297
4.079054
3.059719
5.299894
5.758354
3.662233
0.576936
1.947808
2.491260
4.187970
3.599086
4.098386
3.108662
1.182025
0.523492
3.114372
3.231981
1.146991
1.754360
3.880357
2.734355
2.292441
1.100207
6.575531
6.575593
2.473090
3.341358
1.965786
1.563186
1.199282
3.187788
4.228135
2.057550
2.534714
4.443897
6.065744
4.757991
3.466767
2.634293
1.986656
0.861286
2.488180
2.085507
1.693519
3.715199
4.871460
2.996320
4.589900
1.789381
4.004529
4.985734
2.586276
1.854977
2.808172
2.555331
2.749084
3.145045
4.135992
2.717007
5.261548
2.671554
1.651031
4.055785
3.280637
2.734198
3.315562
1.313627
4.564820
1.596269
1.579571
2.865050
2.605803
4.465362
3.913418
4.301182
4.480864
4.637450
3.678541
2.925744
2.949111
3.916495
1.761926
2.645900
4.388083
3.488173
5.506666
7.403310
5.964408
3.809961
3.947599
3.908895
4.288497
5.298563
5.166028
4.447682
3.235174
1.104445
1.454409
1.473434
3.983488
3.030221
3.327666
3.704591
6.614090
2.776940
3.151876
2.381232
3.187289
2.665026
0.994975
2.910425
0.667270
1.931178
2.954078
2.069984
3.280438
2.430397
1.824662
2.757540
2.310260
2.780031
2.514027
2.726094
4.501180
4.758209
3.310931
2.852670
1.896816
3.264128
2.846171
4.303864
4.557882
2.874649
2.366878
2.817158
4.151151
2.723743
4.110393
2.755137
3.182799
3.111445
4.034492
2.864997
2.630314
3.556911
2.299572
3.612573
3.212054
0.834380
4.231469
0.727483
1.188287
2.099129
3.147233
2.172035
2.896958
5.253098
3.541681
0.870426
2.665473
3.423062
3.402596
2.658626
3.632152
3.752162
5.732422
1.655588
5.579712
3.517082
3.365422
1.614597
3.272866
4.433270
1.760480
1.550706
3.221830
3.988788
3.062453
2.685652
2.565060
4.451568
4.019640
3.542254
4.127761
4.045587
3.179000
3.487978
2.440937
1.706557
6.191141
1.928909
-0.064812
2.216793
3.429290
1.654276
5.120307
4.154879
2.489624
2.491986
2.985044
2.144839
3.635692
5.462949
4.697735
3.860334
2.004556
4.591034
2.924811
1.947589
2.956890
3.345880
3.657609
7.194356
6.689898
8.081820
6.855768
4.837977
4.061630
3.410383
2.878305
3.084378
3.231019
3.652431
6.526779
3.452038
2.652457
1.542343
2.601383
2.876524
4.764699
3.262989
3.080099
4.258021
1.762825
3.345839
2.098105
2.933167
3.973460
2.462365
1.640136
2.285583
4.859194
3.086961
4.796344
4.508969
1.563562
3.590363
2.242519
2.624348
1.950221
4.126235
3.472461
1.297470
3.306175
2.393764
2.704268
3.639269
4.521024
3.230513
4.335097
3.580769
1.598119
4.334937
3.714083
2.612354
2.208030
4.283689
4.148849
2.514832
3.359782
4.550939
3.469986
3.427564
3.961327
2.666456
3.192811
4.099006
5.410893
1.921259
2.781858
1.570519
2.540602
3.861321
3.384112
3.553083
4.749246
4.123552
1.570468
1.027040
3.813299
3.627244
3.474058
2.295363
3.887249
1.259908
2.982639
1.708171
3.003961
0.627326
1.294049
1.844657
2.344310
2.557190
2.790833
3.924537
2.846856
3.529046
4.263589
6.677491
3.110570
0.696643
3.959101
4.715763
4.595407
3.000175
3.137736
1.317183
1.902094
2.623688
4.520734
3.494300
4.347574
4.975289
2.763131
3.072178
1.018517
1.350381
1.700238
3.004237
4.638878
4.193854
4.220096
3.910014
4.071045
1.816644
3.982176
2.236573
0.919770
3.432955
3.661776
3.717801
6.112842
2.772183
3.295535
4.966278
4.946946
1.078629
4.181273
4.356499
4.543523
1.309306
3.368123
2.710546
3.833247
3.838530
2.695786
3.993258
2.659299
5.394987
3.841406
2.370307
2.746519
5.116988
3.943064
2.015560
2.232544
1.821062
2.479605
3.513442
2.680321
2.363949
4.527851
5.473770
4.105100
4.077010
4.408876
4.213472
3.024327
3.078311
3.595219
3.399547
3.712145
4.807632
3.323385
1.195588
2.821864
2.812054
4.928285
2.601885
3.399393
2.141253
2.272087
3.871160
3.450487
2.833878
5.156616
4.001967
1.254374
2.055283
3.753139
2.694943
4.147773
2.879416
3.862623
2.475415
2.742053
4.775862
4.082629
4.056570
5.799037
2.538158
4.604696
3.298783
2.260661
3.631285
1.540095
3.394956
2.854038
2.289677
3.440174
5.303484
3.234247
3.219659
2.403342
2.413041
2.228294
3.247495
3.377952
2.672173
3.857025
2.616287
2.526976
3.677364
3.812545
1.406935
5.239116
3.034452
1.674947
3.677557
5.254388
5.608940
1.634191
0.993095
4.485333
1.588680
0.770581
2.455018
5.687995
3.477004
2.704919
0.966324
2.878528
1.420054
3.765003
2.819371
2.598412
3.150177
4.222738
3.092386
4.174583
3.900823
2.093243
4.074601
3.405875
3.750409
3.060647
2.035292
1.553164
1.823966
1.871984
4.038583
4.069879
3.505840
2.238729
2.817539
5.391901
4.624466
2.975952
1.770142
4.040362
5.590673
3.055912
3.997808
5.017420
4.788125
3.144410
2.192974
3.250535
2.411701
2.390385
6.055573
4.786474
4.785456
1.739659
4.734316
2.479175
0.860190
2.673354
2.974529
2.819035
4.575122
2.555726
4.535408
1.912547
4.857455
3.637003
2.724827
0.035107
0.219262
1.058637
1.490787
-0.101227
1.242046
-0.039024
0.254172
-0.131221
-0.570910
0.307891
-1.016956
-0.222492
0.986862
0.421942
0.310021
0.126472
0.671840
0.827515
-0.226739
0.324052
-0.172762
0.388218
0.235049
-0.035152
2.155018
1.453382
0.685584
-1.423918
0.084544
1.494596
2.560219
0.402828
1.794017
2.370048
1.041374
0.465197
0.274993
0.220876
3.323339
1.550416
0.866925
1.937670
1.631919
1.416204
0.646621
-0.589364
1.163327
0.727474
1.667714
-1.277319
1.659620
3.274015
1.500761
0.944018
1.964396
0.614597
0.291199
1.781414
1.426746
1.589960
1.724748
0.279179
0.469032
-0.010777
-0.968438
-0.637943
1.244395
2.752969
2.440567
0.395818
-1.433760
-1.555387
-0.292043
1.778676
2.425947
0.846767
0.556749
-0.186397
1.130262
1.265568
0.815186
0.360721
1.772581
3.423842
1.138512
-0.262287
0.562454
0.320439
1.800454
1.258925
0.713816
0.246768
2.276464
0.798399
-0.100569
-0.767184
0.321424
0.867892
2.681263
2.473213
1.669696
0.443642
0.750342
0.657789
2.345093
1.615904
0.025985
0.651393
0.146632
-1.003399
0.543607
-0.973697
2.662649
1.144291
0.282570
2.753258
0.874728
-0.109752
1.089920
0.100369
-0.311845
0.585350
1.700662
0.150560
-0.011751
1.127440
0.202128
1.942011
1.343065
1.511780
2.105280
2.009968
2.380740
2.175052
0.623285
0.408199
0.944231
0.271240
1.084336
0.983575
-0.591427
2.071889
0.639359
-0.131280
3.609742
2.010203
-2.234965
-0.084357
1.142802
1.578927
0.500428
1.934827
1.486707
1.285834
1.316876
2.581187
0.993967
0.054646
0.338385
0.947015
0.305250
0.688259
-0.381983
1.499975
1.380205
-0.722378
-0.410421
-0.063765
1.474330
-0.105976
-0.219956
1.230680
0.724729
0.339975
1.230541
2.839794
3.620725
2.551636
2.070215
0.295944
2.706621
-0.389130
2.187886
0.691651
0.451432
0.156156
0.954316
0.260857
0.445773
1.047879
1.282627
0.107201
0.714502
-1.411094
1.754354
-0.179434
0.043955
0.780309
0.538361
-0.113915
2.083217
2.127640
2.883435
1.777363
2.491806
2.624506
1.832045
1.520651
0.992120
0.767790
1.773182
0.656422
0.477281
1.967467
-2.032190
0.289464
1.251428
0.628430
0.359535
0.021762
1.549843
1.942394
1.688148
-0.505720
-0.126914
2.028463
1.889218
0.483414
-1.555341
0.418664
-0.496035
1.473800
1.494308
0.112250
-1.521939
1.814598
0.113325
-0.676479
-1.033414
-0.498802
0.594568
-1.109856
1.341825
1.243712
-0.996763
-0.159991
1.193635
0.331425
-0.687022
-1.094091
-1.541958
-0.215043
-1.242763
-1.011246
-2.871209
-0.476133
0.128488
1.084387
1.719242
0.934764
-0.420846
-0.549654
0.738051
-0.878732
1.456733
0.903907
-0.474049
0.202015
1.605667
2.885768
0.794400
1.601940
0.262202
0.437043
2.412161
-0.189544
1.805911
1.223982
-0.597050
1.151205
-0.050588
0.495199
1.595220
-0.178448
-0.765714
0.240444
-1.599651
-0.984745
0.557440
0.391101
0.566975
1.520538
0.091347
0.096547
-0.028112
2.209685
1.204678
1.237407
0.966321
0.693280
2.079825
0.243271
-1.176464
1.813072
3.262117
1.764647
-0.479735
-1.066138
0.990881
1.182234
-0.909500
-0.257437
2.429632
0.722548
-2.083863
0.805884
0.893608
-0.400738
0.831094
1.226641
1.868156
0.770957
2.150369
0.809887
1.595261
1.595986
2.002494
0.975542
0.152520
2.239943
0.219824
2.853508
1.083078
0.683225
0.720194
-1.059728
-0.052194
0.255931
0.385349
2.012555
0.845563
-1.938315
0.435875
0.251700
2.065133
0.678764
0.991711
-1.020001
0.643968
-0.435196
0.696267
0.847040
1.239853
2.549901
-0.397211
0.963939
3.470734
2.148134
0.028789
-0.364153
0.781673
0.014223
-0.539369
0.917540
2.263042
1.433605
0.462477
0.118355
3.172579
1.745093
1.924175
1.287585
1.590639
0.397921
0.076773
0.423453
1.695097
0.011355
2.018805
-0.202214
1.233850
1.292151
1.532537
-0.452353
1.600898
1.435817
1.854358
0.238293
1.136967
1.030945
1.202756
-0.322885
1.372344
1.033659
-0.119620
0.931210
1.570910
1.936890
2.971987
-0.049038
-0.360243
1.936087
0.620319
0.515403
-0.310125
-0.326036
-1.477363
-0.376506
3.919213
0.153853
0.174113
0.294241
0.638198
1.293778
-0.322631
0.166277
0.864318
2.178460
1.773473
1.540744
3.692761
-0.461556
-0.501428
-0.343474
0.948284
0.754026
-0.665123
-0.134995
2.170257
2.059196
-0.556316
-1.525866
1.308814
1.180888
-0.989011
0.115364
1.045924
2.458922
0.231487
0.824445
-1.257405
0.722490
-0.507283
0.133650
0.288933
0.021162
1.489635
0.925978
2.423748
0.779915
-0.838883
0.962804
0.807967
2.212424
0.012075
-0.407733
0.306832
0.231228
0.516348
1.745822
-0.346342
0.492762
0.655088
1.136566
1.614406
-0.029294
0.720138
0.338195
-0.743137
0.867215
0.637565
1.314969
1.307201
0.186554
0.634780
1.791564
0.942742
1.641014
0.218297
0.455007
0.443950
-0.711217
0.190988
2.099345
-0.812251
1.557252
-1.391416
0.453035
1.300263
-2.074977
-0.518578
0.819458
1.007117
-0.352645
1.474847
1.712200
2.066335
0.743167
0.943458
0.235065
0.461377
1.339837
1.628388
-0.382037
0.006196
0.392989
-1.827542
1.821394
-0.047907
0.586784
-0.050091
1.811101
1.235920
-0.107444
0.180278
0.830749
2.158767
1.648193
1.032244
1.994866
1.582407
1.745654
1.537540
1.212569
2.143065
0.744649
1.083464
0.495099
0.155861
1.582594
-1.404961
1.972131
-1.256339
0.041155
1.085642
0.465141
1.917120
0.359967
0.443313
2.340173
1.109331
0.333943
0.876518
-0.157761
-0.418911
0.757356
0.562826
1.185951
-1.504283
1.246092
0.174380
0.252141
0.609804
1.363395
0.986047
-0.010912
0.232210
-0.063648
-0.311129
0.419998
2.170461
-1.220946
2.965331
-0.338804
-0.425905
0.947069
1.012568
2.778255
1.619728
1.290451
0.634785
0.978109
2.247847
0.361883
1.276198
1.099968
1.199461
-1.942437
0.694334
1.862188
2.257664
0.848836
1.661615
1.359290
1.350029
1.047513
-0.675578
0.524450
1.371195
0.618387
0.539068
-1.313108
-0.867597
0.110155
-0.158975
1.155269
-2.784823
0.428989
0.150133
-0.483645
1.577603
-0.541597
0.858757
0.533855
1.653087
-0.075296
-0.095521
0.548043
0.283112
-0.610079
1.088725
1.015293
2.291864
0.586724
-0.267290
0.904438
0.167100
0.127485
0.470850
0.458584
0.592012
0.141540
0.843691
-0.306105
0.410810
0.587395
2.088167
-0.288515
0.839149
-0.411506
1.156368
0.470298
-0.126944
1.119273
0.119241
0.921077
-0.480243
0.109655
-0.128796
2.337176
0.896888
0.586149
2.120100
2.719146
0.792016
1.823069
0.579462
-0.308920
2.268868
-1.614960
0.933160
0.569483
1.775918
-0.075796
3.034093
-1.263803
-0.763783
-1.233997
0.339133
1.998394
-0.179791
-0.857760
0.468117
0.775175
-1.745722
-1.014118
1.535694
-1.116976
2.519441
0.982400
-0.252944
1.426336
2.144490
0.658664
5.503507
3.388451
5.169513
3.060652
1.343073
4.164672
2.544332
2.306118
2.579657
2.613207
3.138305
1.800915
1.734164
1.663528
2.196221
2.568352
1.899815
3.568325
2.826985
0.197671
3.022849
2.502575
1.859806
2.483363
1.789799
2.401118
2.331962
3.273468
2.097470
2.821978
2.125919
2.380868
1.798461
2.053156
2.518954
2.534657
4.140478
1.845824
3.867278
3.570662
2.334505
2.402605
2.219692
3.100696
1.848972
-0.030123
1.669297
1.909629
3.457969
5.277074
3.391763
3.866123
2.555714
4.247304
1.317490
2.760194
2.161548
1.305430
0.387876
1.196364
2.012742
1.487400
2.169426
4.024329
1.667517
2.510656
3.248408
2.421561
4.019865
2.474631
2.848347
2.735028
3.716179
1.748437
3.833344
3.582272
3.103313
2.428126
3.177154
2.234733
3.347956
1.996921
3.461569
2.065028
2.976742
2.601259
2.127884
1.452020
1.569138
5.718281
4.672877
2.422464
2.311805
-0.090577
5.002118
2.437021
2.817216
1.825394
3.850352
2.975393
2.685362
3.088262
3.395163
0.740784
4.506104
1.821167
2.140825
2.572795
3.704536
1.027574
3.111849
3.004050
1.880476
3.490800
1.838678
3.650575
2.952752
2.040824
3.299781
1.951854
3.218811
1.756081
1.604324
2.431942
0.432160
3.013470
4.926806
4.507573
4.587935
2.757053
3.034000
3.466600
2.370005
4.027530
5.171223
2.834821
2.367938
2.877700
1.976920
2.076949
3.464111
1.135639
2.013669
3.829792
2.620380
2.693969
4.272360
3.194299
0.498951
2.892648
2.264787
2.971016
2.085242
4.051536
3.171448
4.234047
3.225993
0.849452
2.571803
3.815687
1.737117
1.775948
4.648906
3.881782
3.582114
3.113330
7.967629
2.114160
2.798187
1.072389
1.555196
2.229912
2.009202
1.193179
2.283660
1.473716
2.168749
2.402809
2.327091
1.143003
1.494337
3.007357
3.097710
0.038643
0.751582
4.456407
5.371671
2.442621
3.883262
2.727704
2.921216
2.396544
1.015132
2.520314
3.009411
4.290446
3.792233
4.297959
5.160733
3.603799
2.475058
2.612849
2.170930
1.262903
1.924311
1.037257
1.148316
1.938709
1.526496
2.803277
2.690509
1.630874
3.111995
1.341227
5.614327
2.751084
5.003594
2.810921
2.845356
2.791055
2.556556
3.512964
3.372973
1.986844
2.295701
3.610055
3.188261
3.673064
1.123743
1.939738
2.170267
1.675483
3.171920
3.581732
2.400172
3.924785
4.695945
2.483652
1.640895
2.397518
-0.678877
2.412534
3.233516
1.386377
5.026207
2.524707
3.033364
3.284207
2.494745
2.307829
2.449886
4.369694
0.911640
3.209394
4.511983
3.489376
3.450254
2.337151
2.003236
2.359086
1.360187
1.375123
3.239798
2.642648
3.586219
3.560055
2.854831
2.288085
2.305785
1.595895
3.835559
1.681517
2.456776
1.649546
1.817448
2.174732
1.894204
2.871738
0.895320
1.252423
0.810924
1.657794
2.728722
1.590909
1.234318
1.131027
2.777538
2.362867
-0.398802
0.693457
2.639604
1.126998
1.808040
4.373418
1.513552
3.488101
3.869791
3.667963
2.318013
2.334377
2.877597
2.096244
2.963656
1.407855
3.859994
3.591893
1.038812
1.760731
3.624014
2.918563
3.258522
1.615540
0.735521
1.870504
2.634919
1.962747
2.581823
1.553154
3.647570
2.458448
1.844448
3.312689
1.670375
0.415271
1.017915
2.257127
3.643937
4.584693
1.663171
2.771441
2.532322
1.930289
2.391507
3.852871
1.355943
0.895004
0.576977
3.762828
4.675574
2.497541
2.372966
3.187022
3.706429
3.183320
2.268827
3.197875
3.221820
2.639096
2.881581
2.070344
2.170266
3.916020
2.104565
1.664868
2.798172
3.051900
2.076322
1.208974
1.699044
2.662952
2.379366
-0.417865
2.608498
2.080858
3.172899
2.610274
4.505208
2.106745
3.411315
2.948151
1.802565
2.220729
2.389883
2.514732
6.080990
2.982331
3.895284
5.104304
3.369232
3.619329
2.265208
2.742638
3.300095
2.253860
1.837276
2.885090
2.817141
4.287273
1.332721
2.876943
2.286234
1.887964
1.762825
2.475057
2.901346
2.970334
4.790009
1.291364
1.657769
1.745738
1.358602
2.660893
2.844467
3.413326
2.129883
2.153666
3.193405
0.987981
3.130095
2.434929
1.597045
3.720545
2.506777
2.390780
1.438122
2.651157
3.009285
1.457995
3.812864
2.071771
2.704409
3.574126
3.284392
1.093509
3.987331
3.586258
1.670789
1.345126
2.080434
0.850574
3.774569
2.709909
1.602757
1.516508
2.622210
1.873938
2.791876
1.969665
3.180049
5.127538
3.516204
3.342903
1.837690
2.392215
3.683936
1.804319
1.773458
2.850577
3.683320
1.374524
0.997602
1.970636
1.451138
0.880516
3.603235
3.130789
1.507503
1.809133
2.339478
1.643631
1.739849
1.874777
1.540847
1.718933
2.336624
2.417888
1.760210
2.881958
2.371735
1.720674
2.486181
2.880247
1.366727
3.265111
4.330151
3.742355
2.825014
1.669013
0.701109
1.698779
1.319245
1.589333
2.010935
1.828571
2.821928
1.870600
-0.479679
0.904915
2.548094
1.885484
3.605242
3.357383
2.631634
2.282284
3.008409
2.682346
0.921064
3.869933
2.026682
1.216602
0.420297
0.374564
3.304215
4.797750
0.334241
1.164375
2.653067
3.305584
1.338521
1.718001
2.745518
1.746487
1.583038
1.789077
1.979695
1.953824
3.792105
2.482828
1.242104
2.193479
3.136704
5.002138
2.067971
1.842211
2.615620
0.713599
2.383127
2.155743
0.807117
1.351988
0.547733
2.996304
0.832928
1.923612
7.585405
3.911998
2.796311
2.340119
3.787942
1.517919
-0.007672
1.933665
2.563170
3.602779
4.013443
5.595287
2.258047
2.284813
2.171606
3.384273
1.881567
1.867374
2.001222
1.384987
2.446831
2.446590
2.892481
3.732101
2.199438
1.916332
2.621447
3.335866
1.754156
3.304280
2.804161
2.113550
2.586324
2.905848
4.820193
3.308424
3.440656
2.453312
1.833290
2.745382
2.118340
3.045121
2.535120
0.483556
2.632978
3.016376
2.642897
3.299441
3.325654
4.372403
2.638596
-0.609936
2.845418
2.249147
5.355531
4.498637
2.878473
2.236008
0.644372
1.183287
2.571003
5.331013
2.816816
1.722471
4.046495
0.769896
3.152400
3.987210
2.777593
1.528956
0.672537
1.378023
2.023248
2.591387
2.093074
3.901348
1.832680
3.141092
0.898403
1.648879
-0.389836
4.761371
3.840694
2.124003
0.746891
3.900410
3.413066
1.184767
2.582622
2.286544
2.628943
2.598526
3.411356
2.145571
1.588765
1.430938
2.758925
1.400305
2.265967
4.470406
2.652614
2.210336
1.385294
1.572895
4.347589
1.617306
1.596864
4.804862
4.682060
2.382217
2.159829
2.891438
1.807113
2.133101
1.918413
2.539853
3.276849
3.102107
3.591210
2.244544
2.330436
0.338318
3.582885
3.735567
2.011006
2.645177
3.255620
3.221148
2.926371
2.703604
2.399583
2.152327
3.388729
2.844983
1.980500
1.123078
0.857540
0.310721
-0.757899
1.585422
1.597818
0.639619
1.150132
1.052026
0.634299
1.709209
1.303122
1.359185
1.479146
-0.147808
0.782966
1.776887
-0.266125
0.406580
1.392962
1.514430
-0.421189
-0.076765
0.351473
-0.059891
1.001634
2.335727
-1.005632
0.268821
1.304380
0.359757
0.892926
1.608922
1.990767
1.290709
0.141422
-0.153037
0.463041
0.934578
1.779293
-0.664354
0.367545
0.713964
1.015638
2.121660
-0.151872
1.899899
0.208988
0.001968
1.755222
0.366885
1.541912
3.717464
1.801426
0.956212
0.870488
1.359006
1.181723
-0.634207
1.473870
0.286002
-0.925070
-0.423507
-0.413024
2.348928
-0.633916
0.750375
1.825507
0.166034
1.686215
0.059516
1.000422
-0.070511
0.595930
-0.097414
1.725071
-0.488383
0.553401
0.153313
-0.023645
0.699362
0.349898
-0.390691
0.649495
1.080352
1.487211
-0.745851
2.633182
0.818832
1.757237
0.442827
0.930915
1.852768
1.452119
1.217996
1.067046
-0.650998
1.586202
1.429997
1.824877
0.277493
0.401133
0.665520
0.045903
1.187898
0.269127
-0.169685
0.932577
0.869223
0.610287
0.631996
1.459962
1.445805
0.808760
0.962468
1.077587
-0.315037
1.310208
1.756229
1.010556
-0.517451
1.527885
0.595387
-1.753613
1.839892
-1.142105
2.032485
-0.427537
-0.853394
2.855346
2.366869
-0.492369
1.376789
2.133200
1.604229
1.020656
2.394431
0.357657
2.786468
0.178427
1.696123
0.972261
-0.059935
-0.636798
0.315817
0.528577
2.014841
0.073244
1.080869
1.055296
1.483636
-0.260841
0.422266
0.761272
0.574689
0.538105
0.183893
1.131970
0.708287
0.048791
-0.892686
1.795669
1.580432
-0.136417
2.213972
0.471675
2.191446
2.783210
0.224385
1.825297
1.795633
0.239049
0.332303
0.246921
1.194480
1.582501
2.184143
2.686445
1.331501
0.717644
0.137465
2.640720
-0.266295
-0.359817
-0.499381
0.881102
-0.796945
0.146644
-0.495293
1.405782
0.512269
1.487520
1.171554
1.499564
0.044396
2.701266
1.496977
1.341233
0.686888
1.606544
1.436991
0.033384
0.586796
1.137195
-0.989470
0.967807
-0.194045
0.667990
-0.444256
0.172365
0.084235
0.140208
-0.205861
0.899417
0.934307
2.302538
-0.072190
1.009242
1.292290
1.884414
-0.823895
1.901435
-0.813415
0.264025
-0.037602
2.111717
1.009235
0.750456
0.397814
1.047869
0.257952
0.353451
-1.095246
1.097408
1.042374
-0.375449
0.560748
-0.195757
0.312571
-0.481737
-0.707596
2.483945
1.539383
1.121021
2.226451
0.190339
0.862156
1.688706
-0.855998
0.984849
2.276195
1.695546
1.160278
-0.184288
0.408262
1.424141
-0.480812
0.489184
-0.012683
0.888308
0.682494
0.757808
0.895264
0.811936
-0.190615
1.702102
-0.871536
2.147477
-0.649422
1.114226
0.153724
-0.001230
1.381300
0.905843
0.329817
1.852380
1.223011
0.670371
1.937841
0.315429
0.893575
1.503654
0.056118
0.131701
0.414429
0.273167
0.862952
-0.337407
-1.434877
-0.342171
0.282277
-0.418879
1.529086
-1.039148
1.795001
-0.653042
1.499634
1.348425
-1.353492
3.415520
0.542671
1.242301
0.811147
0.818821
0.769214
1.263911
1.557456
2.093253
1.212789
0.303168
3.159219
0.965690
0.646591
1.479007
0.032188
0.812479
0.284862
2.435205
1.020633
-0.127973
0.043941
1.798365
0.532779
0.588848
0.992196
1.342999
0.848227
0.675765
1.336193
1.379095
2.303900
0.320877
1.504711
1.567716
-0.457451
1.631924
1.064870
-0.428684
0.673744
-0.232704
1.371814
1.833297
0.665826
0.976833
1.544310
0.730892
0.551940
0.985994
0.559791
-1.136360
0.323006
0.142999
-0.611277
1.105849
2.924763
0.179258
2.098609
1.891192
-0.940186
1.981713
-0.667671
0.878911
1.826971
1.384439
-0.285087
-0.216024
0.057826
-0.129519
1.412324
1.469098
1.301783
0.252295
1.114596
0.032493
1.444869
1.861383
0.449757
1.230402
0.584501
0.144282
0.976544
0.012509
0.366914
1.295673
1.817073
1.061600
-0.505548
1.136723
-0.612118
0.723048
1.309873
0.536558
0.932274
0.901371
1.028988
-0.054116
0.317187
1.925094
2.371221
1.227170
0.859891
-0.344157
0.372871
0.632057
-1.331890
1.994490
0.839257
0.301493
-0.382965
0.696637
-0.051058
0.798666
-0.458241
0.807241
1.514909
1.489088
0.154751
0.406983
1.017125
1.020174
0.097650
0.831250
1.228271
1.478078
0.737325
1.666753
1.200608
1.187193
1.545416
0.307958
1.164584
2.069760
0.793104
1.102681
-0.048421
-0.237738
0.291191
0.342514
1.239550
1.161187
-2.164098
2.021541
-0.011673
2.188881
0.344878
-0.889510
0.552465
2.868673
-0.186627
0.251971
-0.654202
-0.216473
0.968828
1.990225
1.132949
1.136115
0.676757
-0.000647
0.464775
-0.155786
1.032894
1.439221
1.141036
0.954985
0.793520
0.580868
-1.290763
0.263284
1.808255
1.276972
0.633843
-0.391248
0.831608
0.250155
0.744216
0.693278
2.300045
1.066731
1.209308
2.005977
0.391327
0.382875
0.509999
0.045907
-0.101407
-0.392457
0.217182
0.083442
0.071541
-1.901861
0.115233
0.534555
1.622448
-0.823846
0.835092
-0.233774
-0.295819
1.285997
0.245544
-0.152362
0.445531
-0.010057
0.972095
0.701689
-0.139720
-0.217765
-1.066202
-0.351048
-1.171357
0.795419
1.594555
0.354489
-0.347085
0.785245
0.026261
1.247980
2.587627
0.458430
0.051704
0.033330
1.390322
-0.156891
2.023040
0.518346
1.843787
-0.502250
1.512113
0.938147
0.757541
0.408422
0.886155
-0.034927
-0.412204
0.213561
-0.787520
1.339616
0.445911
3.483383
0.174277
1.064087
3.517363
0.836827
-0.059712
0.410960
0.731663
1.301312
1.273185
0.396477
0.588951
2.170928
0.295848
0.151267
1.029881
-0.630539
1.177895
-0.727202
0.288889
-1.221093
0.505243
2.217443
0.391163
2.911696
-0.793611
1.034189
0.819602
1.105959
1.095162
0.426486
-0.367095
0.217413
2.680142
-0.257056
0.739071
0.040581
0.962087
1.118121
0.873059
0.416221
2.266000
0.532891
1.264517
-0.605837
0.623071
1.416301
0.270048
-0.322338
0.479759
1.709484
0.629445
-1.007456
1.616114
2.282837
2.036586
0.373141
1.564649
0.508637
-0.339915
-0.281104
1.006983
2.713097
1.118656
1.055271
1.130626
-0.092104
1.755502
0.313522
-0.430845
-0.115664
0.181099
1.086078
0.677496
-0.070854
1.771259
0.783804
0.356991
1.154722
0.270031
-0.365487
-1.237404
2.109701
-0.508106
-0.547901
3.690003
2.417940
0.056029
0.036573
2.527892
1.020589
0.211557
2.799290
1.688966
0.225369
1.219446
-0.820633
1.275744
-0.312425
1.137244
1.241868
-0.394569
0.759528
0.225210
-0.259742
0.957456
1.647689
-0.891688
1.748632
0.442736
0.574676
0.993262
1.297718
1.034052
2.300961
0.175174
2.596951
-0.381819
1.031416
-1.069290
1.378359
1.896647
1.552777
1.914795
1.188863
0.723424
1.002482
1.301647
0.794375
2.697701
0.492406
0.682466
1.679382
1.059832
0.886355
-0.632001
0.016857
-1.278237
0.110349
-0.369857
1.245636
-0.153417
-0.473078
-1.276953
-0.617381
-0.162869
-0.450802
-0.567913
-0.703048
-0.217173
0.643618
-2.594378
-0.077276
-1.784063
-0.814569
-1.360976
-2.060195
-0.360111
-1.739311
-0.165335
2.290235
1.192152
0.984255
-3.390666
-0.628135
2.486663
0.695776
1.202215
0.972796
-0.004698
-1.158624
-2.124201
0.791897
0.574398
2.197949
1.188933
0.922546
1.019097
2.326108
0.201476
2.579152
-2.688884
4.431105
0.175224
-1.368094
0.935411
0.967431
1.006957
1.088985
2.269399
-0.636961
1.325990
-1.707756
0.316408
1.922074
1.747405
0.309315
0.748770
2.148740
-1.044286
2.605593
-0.680914
0.360706
2.430987
1.560606
-0.180480
2.982056
-1.790807
-0.159642
3.125980
0.284873
2.248281
0.288581
-2.441520
-0.940132
3.307423
0.307178
0.408713
1.637470
0.476055
1.351897
0.681269
-1.631808
-1.486036
1.922217
2.090600
1.467826
-0.232149
0.613933
0.237887
-0.043947
1.177424
-0.877641
0.907972
0.737371
0.900748
2.022928
0.118848
-1.038070
1.974612
2.528581
0.727106
-0.025483
-2.613276
-0.548053
1.314688
-0.131795
-1.954886
0.443736
-0.902037
-2.429761
-0.633779
1.677082
1.731105
1.235619
-2.067038
0.465524
-0.305927
-1.594202
-0.582564
3.454523
3.628661
1.028261
-1.193149
0.529747
0.762833
2.308593
4.188368
3.748672
4.836590
1.925120
-1.707696
3.703969
-0.639293
1.681918
3.351842
-3.167902
-0.393540
1.383076
-0.893157
2.389172
-0.984428
-0.451281
-2.068213
-0.146430
0.909590
-0.145459
2.056429
0.650843
-1.353552
-0.316682
-0.004524
-1.182365
-2.891581
-0.379817
-0.721046
2.894393
4.730483
1.311907
-0.033766
4.166144
-0.713116
0.525792
-1.130781
-2.936542
-1.215362
2.987327
3.186028
1.611322
-1.559672
-0.039075
1.460194
3.552940
1.139606
1.896117
-0.294258
0.815741
2.101336
0.462443
0.154657
1.742333
1.315649
-0.892703
-0.856309
-1.603074
0.976021
-0.660013
0.935822
1.448712
0.961118
0.167087
-1.286599
1.435692
0.637015
0.548201
-0.160396
-1.167786
-0.269129
-0.437335
1.385195
-0.319108
1.667927
0.984339
0.536491
2.166808
-1.152202
0.462294
3.180171
0.946831
2.321962
2.343771
-1.790077
-2.556799
-0.559761
0.234482
3.554562
2.318738
1.528584
0.877014
1.554334
-0.802792
1.661754
-0.284953
-0.303530
-0.825038
0.366906
1.535440
-0.453605
1.548699
3.388022
1.006167
0.392194
-1.507579
-1.587194
-0.325263
-1.110572
0.313752
-1.089113
0.927047
0.220840
0.801206
1.409502
-1.309434
2.757187
0.410027
-0.619077
-3.288591
-0.074256
-1.003008
-1.835809
-1.726202
3.083096
-3.458224
-2.853430
0.691901
2.576641
3.500687
2.113096
1.543434
0.070969
0.895375
0.998652
-0.741194
-0.005461
0.221872
-2.002159
2.307076
1.760399
1.582051
2.079957
4.607984
2.390169
3.590148
3.482045
0.407810
1.309604
1.919329
2.037982
1.469834
0.568263
1.905216
2.580640
0.401196
0.940897
1.439563
4.326622
0.132589
0.491620
0.373551
1.575103
1.669958
1.900154
0.387060
0.541003
0.422397
0.873808
-0.474681
-2.330605
1.956185
0.675088
1.100794
-0.008939
0.213641
4.131920
1.928317
0.364754
1.746481
-1.158604
1.588047
-0.228836
0.923196
2.926584
2.902625
-0.241718
1.507525
2.252535
4.237983
1.821907
1.889733
2.218707
-1.296045
-0.353130
0.739805
3.191594
-0.626036
1.186542
3.099795
-3.169971
-1.177502
1.470508
1.050723
0.634675
0.957725
2.956868
3.750826
0.782452
-1.670750
1.782976
1.303338
2.639569
0.034473
2.455058
-0.289695
-0.434666
0.309954
-0.918862
0.193058
0.976169
0.871749
4.371704
0.396841
2.109462
1.011687
1.018047
0.028826
-0.826676
1.340347
1.484015
-0.730071
0.950003
1.429592
1.304353
-0.317627
-0.305249
1.888917
1.845051
1.587478
0.670144
1.592475
0.091249
2.661449
0.214065
1.118435
3.105192
-0.107111
0.748086
-2.597834
-0.659826
0.757884
0.368530
3.272536
1.124991
-0.645800
-2.002620
0.729433
0.298297
2.012153
-0.224938
-1.533946
-1.563868
0.684318
1.702717
3.210435
2.405689
1.783392
-1.318495
-0.045045
0.242656
1.020013
1.183805
0.143716
-3.106663
-1.816801
0.551856
0.508846
-0.884759
3.243128
2.550765
0.873534
3.211240
-0.991670
0.877288
0.912530
1.857574
1.809007
2.701879
-0.538702
2.485646
1.256202
0.972069
0.936793
-1.224385
2.085922
1.251682
2.759732
2.893919
0.375405
-0.920533
0.168975
2.276567
-0.180768
1.662655
3.029040
1.009396
1.671536
1.927686
-1.667648
-0.823893
-1.868909
-2.044201
1.443458
1.366762
3.365721
1.366319
1.615775
0.241879
-2.005440
1.879948
0.529088
2.665160
0.941284
-1.598022
-0.211683
-0.592278
0.114269
0.432746
-0.340957
1.751303
-0.547939
1.425145
1.806314
-0.366056
-0.405032
0.398709
-2.653693
-1.013507
2.821574
1.866829
2.413681
-1.316911
2.138236
-0.670121
-0.960122
-2.398087
2.196722
-0.713770
1.515900
2.721652
2.662717
0.875047
1.368248
-0.079922
2.430490
2.037728
2.759170
-1.847873
1.590983
-0.034217
2.037489
0.210404
2.322445
0.447605
0.238383
2.520537
-0.170652
-0.440321
0.978721
2.337516
0.745902
-1.062639
0.009855
0.993827
-1.386544
1.522520
2.175518
1.196173
1.890115
0.710947
0.004114
1.937449
0.682569
0.755867
1.857903
1.188711
-0.740729
1.978007
2.515714
0.463595
2.711898
5.140727
0.895391
0.904247
-0.187677
-1.544257
2.388107
2.894999
1.994826
-0.688612
1.187288
3.722129
1.301845
0.630549
3.030098
0.094107
0.794754
-1.775145
-1.687528
0.856078
0.833532
-0.088915
-0.370536
1.795416
-0.070596
0.016021
0.454786
2.182203
1.728191
-3.486765
1.557042
1.207875
1.072047
-0.485314
-0.028789
0.118155
0.241442
1.760148
0.304323
2.101244
0.027965
-0.300042
0.332527
1.795368
1.690801
1.827166
1.898606
1.678304
-2.079242
0.742801
2.838003
3.342097
2.451746
0.662250
3.625185
0.790302
0.035195
1.350780
1.872733
0.311748
1.127626
3.721134
-2.623187
0.414712
-2.019444
-0.255363
1.898451
-0.682645
0.048514
1.897648
0.582305
3.149902
2.329162
1.063826
-1.913169
-1.416622
-1.398905
-0.583936
-0.410196
-0.153989
0.515496
-0.936867
0.747234
0.600092
-0.283524
1.222527
0.143649
-0.237094
3.632731
0.423086
1.095570
1.992175
1.775140
0.047726
-0.171205
2.777316
-2.083107
-1.929137
0.184883
-2.395531
1.477231
-0.719331
2.712399
-0.171495
0.732481
5.441140
2.351527
0.855814
1.808155
0.523680
2.530430
0.613269
-0.179952
0.226626
-0.385780
0.126516
1.359211
0.991247
1.243526
2.552475
-0.995222
1.654642
0.519763
1.648610
0.168653
-3.761477
1.198213
1.457937
0.782227
1.272309
1.792177
3.110142
-0.970035
-1.049845
1.509233
1.838205
0.839105
1.293378
2.014861
5.249410
1.850462
-2.496821
-0.743176
0.539070
0.524991
2.656197
2.133337
-0.145225
1.718615
0.514720
-0.014556
0.745939
-1.290787
0.706973
-0.993707
-1.375582
0.118541
-2.269633
-1.565250
0.125967
-0.790549
-0.225277
-0.196376
-0.263694
-0.284915
0.686871
0.133569
-0.044454
-0.814745
-0.932662
-0.497528
1.074981
-1.566011
-1.942927
0.053654
-0.376721
0.041738
-0.668709
-0.457481
-0.885352
-0.832906
0.439140
2.201465
0.431440
-1.629268
1.586319
-0.496745
-1.416079
-2.006239
-0.431041
-1.045697
-0.712673
-0.663641
0.955064
-1.535439
0.041587
1.388736
1.116438
2.461574
-2.677079
-0.448242
0.315680
-0.239574
-1.426351
1.166246
-1.665902
-0.641476
-1.811006
0.879802
0.479285
1.875877
1.591411
-0.647232
2.492262
-1.979319
-1.475314
0.572511
0.216420
0.094439
-0.579477
-1.500102
-0.888916
0.044178
-0.042615
0.901952
-0.074369
-1.586322
-1.339059
0.554062
-0.752130
-0.641978
-0.539973
-0.963916
-0.445062
0.241189
-0.809116
-0.396344
0.454868
0.731504
-0.541349
0.061295
-1.668245
-0.094040
-1.402481
-0.366702
-1.281800
-1.012301
0.124957
0.385975
0.127540
-1.207543
-1.601862
0.068871
-0.595039
-1.587315
-1.020583
-1.407331
-0.770136
-1.717998
-2.407202
-0.717667
-2.113040
-2.238341
0.581586
0.975565
0.802423
-1.062978
-0.530562
-0.076939
-0.151832
-0.071976
0.188168
0.578367
1.225608
-1.373741
0.262322
-1.583081
-0.792153
-1.338989
0.310121
-1.291491
0.124586
-1.114830
-1.475732
-1.548681
1.120727
-3.673207
0.639773
-0.399822
-0.757957
-1.678468
0.663640
-1.798683
1.032502
0.695384
-1.066178
-2.593091
-0.032432
-0.400347
-0.406591
0.269830
0.090813
-0.036620
0.829044
0.563219
-1.819771
-1.614219
0.775483
-0.923028
0.056715
-0.639968
-1.190104
-1.968356
0.427499
-1.896024
-2.743306
-1.279334
-0.986035
-1.686384
-1.677190
-1.246595
0.024117
-0.415960
0.212912
0.944705
0.662703
-0.045414
0.014580
0.357231
-1.362349
2.138510
-0.331473
0.040918
-1.224180
-2.820777
0.084104
0.048353
-0.365534
-0.943124
-1.621725
0.457585
-0.476325
-0.436262
-1.307157
1.407625
-0.855529
0.582634
-1.667967
-0.970951
-0.075705
-2.030498
-0.561261
0.912678
-0.950321
-1.359266
-0.708296
0.474632
-0.898951
-0.535387
0.171637
-0.452799
-1.239217
-0.665985
0.909399
-3.189785
0.233479
-0.076838
-0.687845
-0.680184
-0.991115
-0.542563
-0.459927
-0.725419
-2.151502
1.303976
0.460044
-0.504418
-1.292548
-0.751504
-1.414448
-2.051914
-1.812183
1.236522
-1.679602
-0.476027
0.564644
-0.662626
-2.470732
-0.117059
-1.134580
0.601595
-0.591549
0.998103
0.839633
-1.448188
-0.443739
-0.214689
-1.452550
-1.777617
-1.677313
0.748368
-1.218683
-1.408725
-0.442601
-0.484883
-1.499129
-2.013442
-0.502205
0.044480
0.447243
-1.540293
-1.476540
1.100433
-1.114282
-0.374190
0.416805
-0.751613
-0.824798
0.755549
0.805745
-1.782608
-1.085379
0.370737
-2.459697
0.159015
-1.562557
-1.366470
-0.814668
0.244796
0.041081
-0.424962
0.531967
-1.443778
-1.998718
-2.424659
0.089867
-1.883967
-2.679454
-1.517641
-2.880507
1.896660
2.365981
0.077242
0.678545
-1.009766
-0.938099
-0.874134
-0.561798
-0.770542
0.021403
-1.301796
-0.335404
-1.430577
-0.846500
0.312290
0.343525
-2.075241
-0.582454
-0.412069
1.670475
-0.921464
-1.092018
0.457485
0.449397
-2.636783
-1.239502
-0.369969
-0.227167
-1.208897
-1.069744
-1.201706
-1.108994
0.534661
-0.531204
-1.240830
0.212426
2.475963
-1.580900
-1.683370
-1.176102
-0.616557
0.404116
1.954222
0.781086
0.464805
-0.800559
-1.661118
-1.406207
-1.947709
-1.368544
-1.806579
-0.649629
-0.914090
-1.155308
-1.565820
-0.723851
0.157865
-2.282750
-2.235303
-0.146292
-0.623364
-0.565680
0.727929
-0.725364
-0.282067
0.257097
-0.023900
0.823789
-0.675948
-1.106647
-0.496954
-0.380546
0.468699
0.721962
-0.091377
0.377198
-1.508187
0.092752
-0.262679
0.174472
1.623071
0.308716
-0.807751
-0.769935
-1.871785
-0.681742
-0.690425
-1.970616
-2.215247
-3.707881
-1.117139
1.322799
-0.536246
-0.430765
-1.534406
-0.919584
0.641075
0.610519
0.327082
-0.217805
-0.693196
-0.959382
0.439624
-0.228700
-1.283035
-1.519238
-1.463362
-1.374604
-0.222715
-0.606596
0.389950
-1.494103
0.078899
0.446163
-0.417651
-1.998488
-0.435229
-0.339528
0.911604
-0.107667
-1.643510
-1.242484
-0.320980
-0.829791
-1.969474
-0.773149
-1.143020
0.546354
0.419830
-0.980291
-1.072147
-1.047266
-0.961680
-2.151562
-0.670853
-0.637328
0.139269
-3.618437
0.285174
0.856803
-1.127210
1.238693
0.035571
0.817443
-2.734094
-1.676474
-1.502050
1.047979
-2.409408
-1.767575
0.393162
-3.050399
-0.449108
-0.705724
-0.450901
-0.704652
0.350222
0.096615
0.640633
-0.639666
-0.677186
0.679346
-0.239347
-1.023152
1.859657
-0.489797
-1.993097
-0.695435
-0.065634
0.095475
0.203633
-2.094390
-1.195245
-0.661083
0.559498
-2.315319
0.220733
-1.759701
-1.590541
1.136489
-1.169868
-0.151526
-0.300543
-0.764386
-0.739233
0.016709
0.148752
-0.183313
-0.164765
0.412368
-0.532209
-0.016294
-0.258928
-0.072108
-0.614478
-0.814190
-0.439155
0.524969
0.236095
0.424238
0.015484
0.097624
-1.798602
-0.535158
0.295834
1.413913
0.537623
-0.322708
0.363884
-0.912344
-0.479210
0.380281
0.777391
1.056088
-0.477989
-2.337987
0.043161
-0.959624
-0.766610
-2.647766
0.035353
-0.036505
-0.154226
-1.579290
-0.721578
-0.151150
0.208854
-1.386914
-1.370654
-0.376179
0.193377
-0.223092
-0.556317
-2.807217
-2.404735
-1.318962
0.850555
0.977951
-2.138504
-0.726487
-0.613554
0.880361
0.214279
-1.649727
1.041742
0.979456
-1.012411
-0.763684
-1.839207
2.062007
1.795364
-1.060058
0.795744
0.265353
-1.170765
0.798398
-2.571889
0.219285
0.246871
0.081301
-3.268921
-0.327169
-1.140111
-0.785037
0.042173
0.683419
-1.708860
-1.392341
-1.102233
-1.935774
-0.697026
-1.442819
-0.497664
-2.306074
-0.836062
-1.091177
-0.169105
-0.169241
-0.358411
-1.719328
-2.440974
1.746251
-1.730134
-1.182236
0.216252
0.352892
-0.795613
-2.361426
-0.452318
1.600535
-0.749348
-1.606420
-0.754596
-1.616869
-0.414535
-2.966880
-1.321295
0.641288
0.149589
-1.783101
-1.262759
-0.445595
-0.978513
-1.732580
0.660812
-0.731683
-2.915345
-0.971580
2.073820
-0.053426
0.477910
0.353303
-2.449047
-0.519017
-0.036672
-1.648922
0.609814
-0.280652
0.291888
-0.881287
-2.206935
-0.693583
0.911664
-1.526566
-1.870007
-0.699465
1.195883
-2.874574
-1.038575
-0.912804
0.933364
-0.820798
-0.225256
0.108062
-2.776579
0.039405
-0.227397
-2.028176
-1.704304
-1.064051
1.316604
-1.633258
-0.946053
1.311548
0.137715
0.727208
1.093507
-0.186287
0.119581
2.693081
-0.031989
-1.931164
0.363307
-0.793139
-1.074460
-0.661988
-2.804294
0.108238
1.308792
-0.785890
-1.262998
-1.617191
-0.470100
-3.053245
-1.138641
-0.813913
0.551024
-0.996979
-0.624836
0.020871
0.369174
-2.287688
-1.840626
0.826860
-0.925185
-1.575281
-0.968380
-1.916974
0.008081
-1.977054
-0.347113
-0.173134
1.096604
1.865820
3.871783
1.256527
2.327315
1.050374
1.804354
2.189154
1.570553
0.637170
0.540853
1.371210
2.237453
1.852523
1.220852
0.888105
0.879380
2.164478
0.983867
1.786864
1.775262
0.791054
1.876642
1.746259
-0.465261
-1.244080
-1.138705
1.625029
0.784819
-0.361115
0.753460
-1.361624
-2.741795
0.539347
0.922203
1.055146
0.337869
0.377640
2.348397
1.874890
0.004676
-0.208007
-1.095683
1.353794
0.596764
2.392579
0.406502
0.666333
-0.015687
2.901356
-1.343569
2.285935
0.089534
0.713885
1.777905
1.929205
2.719429
0.155226
-1.224936
-0.111872
0.952108
1.542628
1.130527
0.755453
-0.753339
2.140578
1.808944
-0.067791
-0.232751
-0.632046
1.904322
1.081825
2.296169
-1.097224
0.211356
-0.476961
0.815308
2.476687
3.186629
-0.795261
0.631614
0.163407
2.258679
0.816395
1.747737
0.814839
0.770690
1.328157
-0.730882
-1.116277
0.295874
0.802968
2.521067
1.443613
0.436279
0.618794
0.470831
1.347596
0.053206
0.281491
0.038851
0.304048
-0.513019
-0.089779
1.290525
0.112008
0.769585
1.330385
2.643658
2.183043
1.632203
0.190304
0.468232
1.886058
2.281704
-0.455084
-0.103284
-0.632389
0.890925
0.505848
0.313870
0.031896
0.162935
1.039012
-1.252646
-1.953356
0.645563
1.899972
1.351842
1.721850
0.716765
-0.479736
-0.537334
0.154363
-1.322119
2.047760
1.562833
0.558354
-1.437687
1.251301
3.184736
-0.306560
-0.443980
-0.236280
-2.777556
1.251952
1.343169
1.301603
2.133995
0.594509
0.642486
-1.007945
0.030711
1.825139
1.266124
3.329309
1.024629
0.879702
0.426809
0.084671
-0.076432
0.106801
-0.575884
0.520885
0.083212
3.406061
-0.448789
0.755720
3.423921
2.407856
-0.469345
0.713913
0.250371
1.489030
1.232350
0.411995
0.225438
-0.408356
-1.022138
1.454136
-0.880490
-0.943234
-1.726726
-0.118970
1.316151
-0.080264
-0.816076
2.419903
2.875377
-0.844302
0.642800
-0.951831
-0.494342
-1.354295
1.289150
2.336545
-0.848842
1.263832
2.303484
2.584366
2.011889
1.643792
-0.718501
-0.306159
0.411936
-0.632483
-0.181813
-1.113808
0.058138
1.862446
1.386600
-0.845110
-0.570442
-1.017628
1.453757
0.123573
0.126607
0.183770
0.543381
-0.623439
0.958806
-0.425583
-0.084921
0.797639
0.912645
0.046793
1.384565
0.813466
0.614791
0.323889
-1.805174
-0.200723
-0.721183
0.351815
-0.332542
2.219239
2.032812
3.479583
1.534247
0.155595
1.381240
1.697723
0.945523
0.268000
1.620540
-0.648937
0.509383
-0.314304
1.715932
4.378422
2.737469
3.714459
0.618021
0.544411
3.090523
-0.088675
4.083820
3.545632
0.296130
-0.879228
-0.326059
-1.656829
-0.777070
-1.441883
0.359661
0.441466
4.258529
2.858533
1.122266
0.691710
0.371464
-0.314101
-1.331120
-0.195741
-2.045994
-1.021875
-0.007170
-0.870713
0.921322
0.518304
-1.628891
-1.271257
-1.086459
-0.763924
-0.807835
-0.184353
0.725054
0.297302
1.296804
0.298913
1.646390
-1.011105
-0.304735
0.913419
0.452351
0.755633
0.606599
-0.788133
2.731532
0.560562
-0.504797
2.142519
-0.246338
0.630032
-0.518737
1.189475
1.299949
0.814288
-0.580594
-0.269760
0.797248
-1.029492
-1.097070
0.192980
-0.115607
-2.478581
0.342929
1.622735
-0.341549
-0.946772
2.025926
-0.151411
0.085320
0.538157
1.054229
0.439499
-1.916534
0.003099
1.504446
-0.259716
-1.082198
3.757681
1.497506
0.651124
-2.021499
-0.826460
0.740052
-0.247542
0.303339
0.420668
2.139286
0.494938
0.918322
-0.630110
1.562262
0.821651
1.559613
0.707860
1.055323
0.710260
0.297489
-0.185949
-0.981590
-0.288698
-0.455546
-2.320608
0.626316
-0.730231
-1.235338
0.723599
-0.431278
0.139125
1.405956
0.299134
-0.492998
-0.695981
1.552760
1.906702
-0.841020
-1.168151
0.831792
1.531180
-1.131418
0.797747
1.220316
1.150591
3.661176
2.447957
2.062885
4.060028
2.050337
0.783422
1.304232
-0.628209
-0.881306
0.047116
0.076487
2.184160
0.277686
0.317951
-1.622825
1.026308
-0.044091
2.157854
-0.119108
-0.299248
0.255311
-0.211309
0.722496
0.435276
0.141873
0.867944
0.570974
-0.853218
0.751742
2.829013
1.189952
-0.437866
1.056548
-0.937822
-0.813020
0.060673
-0.217849
-1.478019
0.073830
1.896420
-0.781207
-0.238155
-1.403647
-1.760376
2.303215
1.169736
0.801517
1.852795
1.116825
-0.021359
0.951039
1.617148
-0.852428
-1.145705
1.625875
-0.853643
3.322142
0.428167
2.826952
0.320254
0.108927
-1.074523
-0.962609
-0.373608
1.345835
2.718987
0.681151
0.218904
-1.230249
-0.453439
1.447633
1.090335
-0.061613
0.862719
1.243776
-1.726526
0.069809
1.400121
-0.079755
-0.803461
0.464921
1.895009
-0.654057
-0.051678
-0.713125
-0.602579
-0.902558
-1.444681
-0.554955
-0.805146
-0.451804
0.211220
1.755641
-1.218841
1.017861
1.593161
3.210577
1.746622
-0.787767
0.926789
1.998392
2.510524
1.737918
0.832902
-0.522879
0.170510
0.514220
-0.363263
0.380092
-0.626127
0.055716
0.775950
-0.872251
-0.913512
-0.492777
0.158811
0.304502
1.537925
-0.155707
-0.065420
1.547255
-0.167018
-1.254569
0.660737
-0.127266
-0.455647
-0.697489
1.262496
2.254611
3.313458
1.634636
1.087853
0.027654
2.431916
-0.436571
0.474189
1.612264
1.351994
-1.639567
0.794248
-1.061960
-0.897343
1.675979
0.588749
-0.114477
-0.682362
0.289367
1.070434
0.168061
0.902380
-0.404647
-0.270456
-0.958809
-2.002162
1.242751
-0.842021
2.099051
0.437506
1.321077
0.190433
1.849851
2.608223
1.740173
1.069653
2.573553
0.570493
0.662697
0.132383
1.872802
0.166230
1.210211
0.964334
-0.266860
1.699937
-0.920903
1.833074
0.755679
-1.668503
0.695708
0.242694
0.855197
0.215883
1.302186
0.895901
1.404524
-1.812008
0.132629
2.446022
0.980644
0.653200
0.840237
0.432299
-0.383681
2.369437
2.501611
1.662862
0.642468
2.630757
-0.104722
1.101666
0.805953
0.316756
1.739949
1.157261
-0.199138
0.738384
-0.085289
0.719191
1.312919
0.187261
2.379576
1.980384
0.658744
-0.573120
2.182460
1.271843
0.823448
0.582658
0.844141
-0.761041
4.424888
1.527108
0.388631
-0.357372
0.319885
2.412004
1.068612
2.879324
0.555310
-0.302983
1.379695
-1.253314
-0.403483
-0.649650
0.694869
2.357533
1.914079
-0.074356
0.592633
0.119412
0.256519
0.089336
1.115522
-0.263999
-0.884686
0.976068
0.457248
0.459686
0.549451
0.295567
2.533777
0.024847
0.700534
1.599217
0.338147
-0.327693
0.977004
0.563313
-0.200135
-1.192147
0.956793
-1.098824
-0.065563
-0.666943
1.274399
-0.662825
0.397157
-0.143162
3.184135
-0.346141
1.259343
1.234618
-0.695761
1.290906
-0.471636
0.522953
1.099699
-0.220281
2.736253
1.556265
0.966997
-0.117661
1.190671
-1.765139
-0.933077
-1.320550
-0.369933
0.274613
0.033704
0.991494
1.027754
-1.466926
-0.089743
2.319312
-1.641605
-3.883358
-1.404308
-1.708508
-1.374662
-1.021820
-0.733969
-1.147642
-2.385551
-1.595168
-1.182035
-1.737309
-3.821901
-0.367846
-1.141511
-1.356782
-2.369720
-0.469684
-0.907691
-1.047995
-1.851630
-1.270272
-1.974555
-1.877347
-1.059136
-1.352781
0.338243
-0.736587
-2.730918
-1.446619
0.340500
-1.378708
-2.062866
-0.373538
-2.323477
-0.005572
-0.926294
-1.404742
-0.475668
-0.227594
-0.841045
-0.246602
-1.375990
-1.203200
-1.637735
-1.176503
-2.915457
-0.810990
-0.054838
-2.282225
-0.301938
0.809966
-0.878878
0.458900
-0.772275
0.028544
0.681150
-0.000826
0.587026
-0.711224
-1.086715
-2.034236
-0.077917
0.345210
-1.914367
0.362698
-1.551954
0.039121
-0.136118
-1.623973
-0.988743
-1.896449
0.385927
-1.163088
0.384668
-1.281284
0.305557
0.597531
0.615195
-1.387780
0.925456
-2.242364
-0.943801
-1.728138
-0.473844
-1.283242
0.769636
-0.690831
-0.314873
-0.500845
-2.791140
-0.620752
-0.736822
-0.669054
0.360451
-1.336816
-0.464997
-1.528780
-0.483390
-1.026273
-0.604185
0.048860
-0.866817
-0.931323
0.013749
-0.200089
-1.169888
-0.574095
0.017881
-0.193326
1.359607
-0.578233
-1.224621
-0.526714
-0.031572
-0.825375
0.183803
-0.091463
0.221823
-0.387306
-0.504591
-1.041353
-0.739752
-0.718933
0.348606
1.093643
-0.920210
-1.476354
-0.421802
1.386055
-1.171295
-0.071837
-1.438232
-3.114556
-1.385412
-1.212287
-1.201280
0.150133
-1.364906
-0.326775
-1.099307
-0.820882
-0.207162
-2.672176
-0.626060
-0.087959
-2.009938
-0.298230
-0.812225
-1.293475
-0.424004
-0.511891
-0.524043
0.340951
-0.416789
-1.428521
0.052958
0.375679
-0.259645
-0.235779
0.129474
-1.244892
-1.149971
-0.165073
-0.456757
-0.536906
-1.216627
-1.141058
-0.323999
-1.779601
0.356323
1.482625
-3.039574
-0.186158
-0.255612
-0.369416
0.181180
-1.528997
-1.647583
-2.175116
-1.106697
-0.140798
-1.768859
-0.495274
-1.797660
-1.260600
-0.348778
-1.688325
-0.932542
-1.124049
-0.175643
-1.370982
-1.246302
-2.637921
-2.377672
-1.243349
-0.026683
0.470280
-0.357225
-0.495349
0.392726
0.800241
0.547070
-0.696070
0.080579
-1.697479
0.442770
-0.438943
-0.294259
-2.148583
0.039952
-0.532651
0.499632
-3.080895
-0.871057
-1.627457
0.639361
-1.463732
0.396277
-1.304740
0.310620
-2.306286
-0.637624
-3.242648
-0.170833
-2.028063
-0.746335
-0.283315
0.040535
1.450562
-1.103371
-0.011071
-1.354288
-2.031228
0.809083
-0.867758
-3.896489
-0.161647
-0.001932
-0.508481
0.202887
-2.426225
-0.073759
0.140740
0.452541
-0.200195
-0.022813
0.155329
-0.894505
-0.080689
-0.577217
-0.247123
0.612192
-1.503527
-1.736530
0.190639
-0.654925
-0.159511
0.063252
0.950031
-0.776595
-1.157646
-2.512516
-2.277420
-0.709177
-1.057975
-0.892458
0.432008
0.416843
-1.902209
-0.049858
-0.552699
-1.650188
-1.173120
0.574632
-1.779333
-2.450628
-0.794775
-1.178076
0.101211
-0.484693
-1.011132
-1.691553
-1.316692
-1.871722
-0.255207
0.232319
-0.785118
0.902480
-1.259128
0.070503
0.082977
-0.802557
-0.291467
0.080663
-1.694793
0.982011
-0.696499
0.231414
0.142875
-0.196266
-0.528212
-0.853480
0.743744
-0.680516
-0.878870
-0.717844
-0.469288
0.102264
-0.742473
-1.828234
-1.215047
-1.494922
-3.320398
-0.780197
-1.285754
-2.334775
-1.383791
-1.236061
0.546305
-1.746428
-0.781036
-2.696727
0.056067
-0.626937
-0.308701
-0.386575
-0.737958
-0.935065
-0.557696
0.451589
-2.072011
0.338376
-0.660402
-1.619990
-0.455792
-0.847580
-1.996515
-0.784368
-1.948660
0.013674
-0.617104
-0.603719
-0.169021
-0.356537
-0.232095
1.403213
-0.757106
0.353525
-0.649696
-0.702420
-2.098929
0.914209
0.508200
0.223059
-0.495716
-0.261008
-2.373141
-1.654259
-2.590770
0.903590
-0.522562
-0.904854
-1.094189
-0.446552
-0.625175
-0.281869
-0.243057
0.107674
0.981420
-0.631640
-1.693044
-0.992220
-1.170540
-1.939328
0.352215
-0.685301
-1.174036
0.197864
-0.279298
-1.287388
0.190755
-0.042232
-0.029324
0.425354
-0.634886
-2.361652
-0.772307
0.375483
0.668390
-0.453828
0.225077
-0.830011
-0.940385
0.764137
0.129222
-0.267355
-1.297671
-1.813734
-0.327308
-0.429880
-1.297696
-1.170442
-0.886687
1.169832
-2.801022
-1.368703
0.751318
-0.215103
-2.234475
0.348018
-0.196101
-1.010911
0.221326
-0.459627
-0.713343
-1.145115
-0.348879
-0.814739
-1.286182
-0.468867
-1.341490
0.355978
0.030193
0.580827
-1.258305
-1.394923
-0.078474
-1.188174
-1.314310
-0.364929
-1.866555
-0.585076
-1.855433
0.522708
-1.440322
-0.682518
-0.646698
-1.057137
-0.653495
-1.382605
-2.161774
0.774756
-0.295317
-0.376555
0.516517
-0.878207
0.081326
-1.415872
0.343971
0.336281
0.314656
-0.487131
-1.263528
-0.332248
-1.139560
0.616014
-0.868548
-1.387547
0.313062
-1.047238
-1.687084
-0.517307
0.004138
0.576838
0.194716
-1.417362
-2.814258
-0.256191
-0.676161
0.080808
-0.491326
-0.167036
0.667808
0.919614
-0.869096
-2.316706
0.787318
0.436515
0.566180
0.554000
-0.562729
0.508911
-0.384279
-0.825045
-2.000736
0.526973
-1.975543
0.094237
0.455552
-0.816750
-1.775638
-0.408140
-0.177011
-1.755577
0.748136
-1.069238
-0.450235
0.444100
-0.783701
-0.980460
-0.578662
-0.326657
-1.475713
-0.484655
0.152606
0.456289
0.527072
-0.228647
-0.189960
-1.237475
1.627256
-0.192679
-0.605154
-0.332080
-1.649830
-0.697234
-0.440131
0.281246
-2.336252
0.045944
0.190357
-1.483102
-0.604159
-1.332658
-1.653080
-2.094089
-0.272892
-0.833891
-0.459408
-1.261621
-1.427202
-0.748889
-1.476708
0.207731
-1.128476
0.194751
-1.816871
-1.083327
-0.617391
-0.185847
0.522272
1.326594
-2.019682
-0.705722
0.387191
-0.597610
-2.265725
-0.289131
-0.223161
-0.349781
-1.149570
-0.131087
-0.379462
-0.039899
-0.571283
0.071962
-1.249770
-0.075538
-1.826443
0.584246
-1.245708
-0.948060
-0.961892
-0.865184
-0.261469
1.006863
-1.987532
-1.667172
-0.391250
-0.766899
-0.457989
-1.088356
0.299032
-0.285707
-1.381886
-0.354738
-1.139223
0.014829
-1.360144
-1.311213
0.956225
-2.062225
0.435950
-0.861052
0.050587
0.642584
-0.219608
-0.568228
0.047225
-0.353336
-1.257084
-1.309602
-0.203621
-1.088725
-0.627607
-1.305451
-1.564678
-0.563907
-0.430665
-0.080234
-1.157611
-0.970676
-0.737106
-1.485502
0.793256
-0.757288
-2.421038
-0.780513
-1.545262
-1.023250
-1.043303
-0.975153
-0.762338
-0.441298
-0.779300
-0.100073
-1.799187
-0.089534
-1.197131
0.597055
-1.295787
-2.013758
-0.582061
-0.917392
-1.885173
-1.161996
-1.269621
0.104505
-1.725750
-1.028010
-1.321536
-1.239686
-1.108568
-0.777876
-1.113468
-1.560602
0.277508
-0.598399
-1.310028
-0.575845
-1.474253
-1.330707
-2.491987
-1.165805
-0.830057
-1.421783
-1.498016
-0.010820
-0.479640
-1.068384
0.777004
-0.221373
-0.673582
0.438406
-1.298156
-0.229453
0.419223
0.148080
-0.816301
-1.302401
0.384544
0.903568
-1.164288
-2.343908
-0.102891
0.526731
-0.030089
0.148452
0.657294
0.240485
-0.648925
-0.044661
-2.099015
-1.190817
-1.606412
-1.117583
-1.902268
-1.298437
-0.089588
-1.250589
-0.945159
-0.286381
-0.828277
-1.270926
-0.566695
-1.742593
-1.331447
-1.253997
-1.418520
-0.826929
-1.908080
-0.577403
-0.332372
-0.483554
-2.084195
-0.708562
-0.681061
1.719792
0.602792
2.152792
0.430305
0.787398
1.948970
3.742249
0.821741
0.996374
2.335669
1.537839
1.760959
2.490792
-0.966844
-0.188897
-0.263342
-0.174714
1.384751
2.075963
-0.836886
2.064129
-0.473971
0.125988
-0.420673
0.841170
0.602392
0.959599
-0.690497
0.603217
0.277209
0.006937
-0.263640
-0.111841
2.573545
0.227552
-0.037997
0.536470
1.874618
2.253862
-0.091967
1.258933
0.714303
0.571952
1.604828
2.743395
1.694975
1.019196
0.571236
0.815006
3.327559
0.047112
3.069055
0.713719
1.084966
0.421775
2.273867
1.818887
0.432012
-0.949826
1.031053
0.652891
-0.095719
1.653493
-1.485459
0.041796
1.705961
3.533103
-0.930202
-2.173253
1.863601
1.242832
1.832072
1.744157
2.455844
1.589188
-0.268300
0.782155
2.995643
0.653010
1.252059
1.192897
0.895208
1.611564
1.754493
1.404881
0.783342
1.414186
1.217474
1.329967
0.222739
-0.929240
1.676280
0.826439
-0.204414
0.217121
0.396062
0.399425
1.158985
0.532184
0.733257
0.981676
1.494792
0.450063
-0.473655
0.272419
-0.405862
-0.701232
0.647143
1.200961
0.825975
0.761562
0.201362
1.729977
1.242484
1.684205
0.691131
-0.459466
2.602767
2.592063
0.650455
2.032267
-1.567895
1.944217
-0.510818
-1.790542
0.157848
1.756811
2.468094
1.368307
-0.025483
0.120608
0.948732
0.441456
2.140709
1.904000
1.736425
0.802170
1.533064
3.556842
1.822732
1.501010
0.876261
1.149580
0.031878
-2.293418
0.592888
0.011122
1.395897
0.518510
1.316913
-0.705430
-0.287661
-0.084695
0.232641
1.528960
1.000524
1.108951
2.063496
1.998386
2.455904
0.589787
2.106145
1.484182
1.108633
1.350213
2.086040
0.232120
0.870389
1.386954
2.226343
1.046438
-0.342280
3.177623
0.718472
-0.224544
-1.251545
1.090629
2.035819
0.274441
1.257313
0.941237
2.565053
3.528866
0.642903
1.737556
-0.576269
-0.509979
0.880363
2.275640
0.454305
2.459100
1.165293
0.484651
2.279311
1.290827
1.359360
1.184905
1.792549
1.593919
1.924506
-0.609604
0.461816
-0.151660
1.273633
0.209941
0.876057
1.743543
2.750189
0.961145
0.110902
2.673303
0.717346
-1.159270
1.064241
3.060510
0.969296
2.358191
0.300401
1.664211
0.168288
-0.544139
0.926694
2.471260
3.190521
1.481663
0.340238
-0.823714
-0.465081
1.640658
2.984995
0.216672
3.829911
0.303970
0.640768
1.756044
2.569029
2.533285
3.150243
0.435526
1.825855
0.851019
-0.002068
-2.540371
-0.396469
0.761643
-0.181589
0.918649
1.372415
1.769862
2.788260
0.330648
2.074745
2.087529
0.688915
0.649868
2.572556
2.145645
0.477705
2.643804
2.662259
2.985792
1.410782
0.795576
0.694729
1.049507
0.725511
-0.347529
3.442671
1.979878
2.918018
2.285453
2.972871
1.098626
1.326562
-0.064242
1.071580
1.545789
0.339265
0.071816
2.279877
1.385744
0.482897
-0.380651
-1.006663
1.779859
1.062353
-0.124916
0.599063
2.016036
1.214822
1.950753
1.589136
1.667781
-0.368189
-0.315535
1.411004
-0.452995
1.437694
0.788935
0.460860
1.715257
0.620287
1.594122
1.354132
-0.017821
2.075817
1.971828
0.884661
1.833718
2.700764
2.253726
-0.647162
1.627905
1.786052
0.556000
1.226254
0.640845
1.385822
1.983713
1.548626
3.389954
2.174830
1.226608
1.497888
0.960371
3.230541
1.124539
2.676756
3.244911
3.141580
3.334430
2.478614
1.144419
1.525263
1.240227
1.260161
2.072150
2.137349
-0.098337
1.073324
2.981459
3.036051
1.259444
1.989958
1.770396
2.269958
1.213685
1.488983
1.501551
0.988194
1.684443
0.440380
-0.662105
0.094962
0.786741
-0.354431
-0.248589
-0.722930
1.621939
-0.272856
0.051160
1.904850
2.303179
1.197766
1.039278
-0.318865
1.338933
0.981762
0.997325
-0.551711
2.358575
2.650370
0.020857
1.341932
0.925972
1.814415
0.500342
1.656357
2.719014
2.496749
2.400301
0.112974
1.724207
0.177347
1.130827
2.669722
0.689786
2.013973
2.043246
0.833762
0.806376
1.337362
-0.423418
2.870145
2.234629
2.483994
0.810180
1.169791
2.173069
0.959727
1.316314
0.731173
-0.052580
1.544108
1.122384
0.590690
-1.496545
2.024733
-0.684465
-1.202832
2.005498
0.649644
1.227635
1.214151
1.855984
2.567122
1.079501
0.779130
0.234148
1.870074
3.637436
2.340479
1.508231
1.492611
1.967805
-0.025706
1.904055
1.141640
0.243925
2.865592
1.452042
0.796727
1.363542
0.565411
0.570617
2.768169
0.865030
2.556402
1.943205
1.192990
1.485371
4.224543
0.876303
0.378683
1.025047
2.018414
2.253631
-0.289072
-0.084507
0.773640
1.021794
-0.604179
0.494263
1.481321
-0.284827
-1.000185
0.169509
0.633473
-0.013754
2.250921
3.090257
3.370708
3.397675
0.509935
2.094243
2.989619
1.370296
0.738289
0.576920
-0.627928
0.852649
1.822865
1.457443
2.337160
2.756654
2.888467
0.203730
1.076678
1.510658
-0.745905
-0.919289
-0.438665
1.165876
1.150856
1.045811
1.080776
0.875225
-0.118521
0.273066
-0.297714
2.669675
1.127187
1.812219
2.619992
1.103578
-0.112981
0.009345
1.739272
0.387286
-0.547418
0.818941
1.314054
1.992911
-0.773720
1.297567
1.383186
-0.526929
0.734608
0.927634
1.834435
0.369710
1.169904
-0.372480
1.019444
0.870279
-0.331219
-1.355837
1.480655
0.954143
1.102172
0.906188
0.306103
1.951242
1.851088
1.592122
1.519302
1.622401
-0.756911
1.245577
1.793795
1.096099
0.509697
0.532044
0.874627
-0.427317
-0.545539
0.553672
1.761684
1.582441
0.078548
0.926806
0.655274
-1.724342
1.022027
0.627578
2.144348
0.393751
-0.540870
1.242338
1.621250
1.298396
0.683039
2.752913
0.716854
0.060723
1.036560
1.561217
1.035110
1.239697
1.012567
2.657782
1.552844
0.222621
1.129587
1.107574
3.077730
-0.923891
-0.056050
0.711055
1.423687
-0.550264
1.367867
0.187410
0.843537
0.580666
1.645506
3.274834
-0.181174
2.281997
-0.921905
0.391060
3.346806
1.252710
0.998610
1.678221
1.370358
2.480924
-1.203383
-0.269347
0.810742
3.016963
0.734177
2.057917
1.183711
1.683511
2.230965
3.038645
2.306778
-0.053617
-0.050532
0.822490
0.371617
-0.131075
0.719524
0.927195
1.520635
1.123419
2.867667
1.046203
0.088672
2.824587
3.877342
0.497947
2.359715
2.445369
2.136566
-0.424627
2.434433
0.218961
0.537037
0.076717
1.215783
1.609006
0.040884
2.012112
1.042100
1.587826
2.993699
1.416096
0.993001
0.796391
2.520394
2.979645
1.836268
2.275003
2.540154
1.740115
2.406619
1.442782
0.946446
2.531184
3.213637
1.665903
3.149575
0.889679
1.188842
1.094805
-0.312403
-1.095362
-0.193250
-3.739662
-0.837703
-0.486537
-1.320805
-1.091349
-1.568016
-1.918557
1.167105
-1.760371
-1.441470
-0.845706
-1.196727
-0.686440
-1.154463
-1.136289
-1.209532
-1.027171
-1.484858
-0.825131
-0.059230
-2.393628
-2.078911
-2.429966
-3.056274
-3.530466
-5.366476
-4.748864
-3.726520
-2.709128
-1.149903
-1.371229
-3.836660
-4.598299
-4.703686
-3.626084
-2.977457
-3.233936
-3.402897
-3.297734
-1.613133
-1.924072
-3.497052
-2.394150
-5.651557
-0.888977
0.505110
-2.355256
-5.735618
-2.842317
-3.337213
-2.584637
-3.195677
-3.474403
-3.497812
-5.373678
-5.010626
-1.289168
-1.967959
-2.431880
-3.203773
-3.281993
-2.566222
-3.284602
-5.263610
-2.224618
-3.073693
-3.581203
-1.749677
-5.211397
-1.168035
-5.445271
-2.560174
-2.128211
-4.088166
-5.189996
-4.971843
-4.937544
-3.893064
-4.315825
-2.949809
-2.859760
-2.795892
-3.254563
-2.490992
-4.089531
-3.500465
-0.842140
-2.055741
-2.798551
-6.219963
-2.439997
-3.381827
-5.081341
-0.499206
-5.097811
-3.093521
-2.570704
-2.666754
-2.328725
-4.066950
-2.812271
-2.685661
-3.078192
-2.380906
-3.945287
-4.751005
-5.407269
-4.557375
-4.626102
-2.911413
-2.264623
-5.072353
-6.017822
-2.852880
-2.278201
-5.033830
-3.676603
-1.782847
-5.052470
-4.444531
-5.908345
-4.206201
-2.130161
-1.962536
-3.284534
-3.974772
-5.090451
-4.624441
-2.953487
-2.869802
-1.762232
-0.572402
-0.940865
-5.115160
-4.456016
-2.402127
-1.777618
-4.589897
-6.199735
-2.870986
-2.041846
-0.138969
-2.924275
-1.979323
-3.543002
-4.609925
-4.318021
-1.321487
-2.707271
-3.096885
-1.614303
-3.491832
-2.662169
-4.017283
-5.670769
-5.719090
-3.942979
-2.978104
-2.014098
-4.123086
-3.230143
-2.517604
-2.131230
-5.454446
-5.485117
-1.478136
-6.837911
-4.441525
-2.557689
-2.055091
-2.090339
-4.581159
-2.668015
-3.946721
-2.099806
-1.458826
-2.766031
-4.170877
-1.757770
-1.944992
-1.263521
-3.224101
-3.884809
-2.529003
-2.353157
-6.250960
-5.538782
-3.827762
-3.934569
-0.196662
-2.208847
-4.000905
-2.099187
-4.161936
-3.597456
-2.805018
-4.615362
-6.056744
-4.118040
-2.910616
-1.744360
-1.813556
-2.833215
-0.885533
-1.074090
-2.627804
-3.689192
-3.355939
-2.260117
-3.121718
-2.523224
-2.018195
-5.584191
-1.555506
-3.038421
-3.624601
-4.518167
-2.868613
-3.072150
-3.125626
-1.863203
-3.963993
-2.954238
-1.807834
-3.213045
-3.324604
-3.607742
-3.422361
-2.015722
-3.839654
-2.529918
-2.968886
-4.640704
-3.994882
-4.877048
-5.402827
-6.001520
-1.404659
-4.395138
-4.727195
-3.176114
-4.527091
-4.009862
-1.772017
-4.152629
-3.254288
-4.345133
-6.830757
-6.556360
-5.405072
-3.504184
-4.522243
-6.322340
-3.473357
-6.702766
-6.104110
-3.026338
-3.325695
-0.549785
-1.040508
-1.036128
0.050930
-4.070217
-2.359348
-5.192459
-6.390076
-3.551860
-2.237737
-3.225893
-1.398951
-3.044515
-1.371754
-1.640936
-1.246780
-1.564898
-1.934700
-3.783161
-3.273642
-2.878428
-1.238249
-2.269016
-3.165640
-3.995075
-2.579619
-5.361376
0.054891
-2.993186
-3.078550
-2.255308
-2.503583
-4.765711
-3.993598
-3.452223
-4.759667
-3.721153
-3.142883
-4.021714
-2.608399
-1.936002
-4.713278
-2.951694
-1.996428
-3.029797
-1.446681
-4.826780
-4.076230
-1.978597
-2.150105
-4.074811
-0.937205
-0.912181
-1.430767
-3.233829
-1.033813
-0.649800
-4.323694
-0.129997
-0.094529
-4.890156
-2.027643
-1.170152
-2.091234
-3.304644
-2.918234
-1.714111
-1.899824
-3.682603
-4.708745
-1.927727
-5.033077
-4.330361
-4.762928
-2.276834
-0.606696
-5.095966
-0.835686
-1.605224
-3.133728
-5.095480
-3.165885
-2.638000
-3.810162
-4.133578
-3.653726
-4.431321
-4.805523
-2.850048
-3.432685
-3.030915
-3.601980
-2.861778
-3.950416
-4.037054
-1.176413
-3.004935
-4.371540
-2.420785
-1.004606
-2.402568
-2.727425
-4.157451
-2.748749
-2.374086
-2.835624
-4.623694
-4.832750
-2.504247
-3.326204
-3.238875
-3.538734
-1.722785
-3.136849
-2.625347
-3.517323
-6.665409
-4.260501
-5.805980
-6.016311
-5.080264
-2.984588
-3.544687
-1.034139
-2.951250
-3.605175
-2.951751
-6.422011
-5.427778
-3.706162
-0.641361
-4.167682
-3.463855
-4.227616
-3.427417
-2.864187
-2.210886
-1.878957
-2.508786
-3.907686
-3.675104
-1.926757
-2.413270
-1.159167
-4.495683
-5.747286
-5.349771
-1.346457
-2.618552
-3.631550
-2.618921
-1.825836
-3.168668
-2.128883
-3.985016
-3.558788
-2.305841
-2.750085
-1.321502
-0.852143
-2.618255
-3.143661
-3.217924
-4.494383
-3.522975
-2.730393
-3.673792
-5.280476
-1.303855
-1.299406
-5.186280
-1.223231
-2.971502
-2.464246
-4.722134
-1.899076
-2.400696
-3.526371
-3.395044
-2.313959
-5.025852
-4.527164
-5.327904
-4.793077
-2.088918
-4.266852
-3.693056
-2.772185
-2.365106
-2.782962
-5.766188
-0.613273
-2.743053
-2.506488
-4.754417
0.129124
-2.969568
-4.085145
-1.890385
-1.851750
-2.628783
-1.821877
-2.346787
-1.869873
-1.628147
-4.186507
-1.953139
-2.680567
-4.192793
-2.907108
-3.751744
-5.072927
-3.711844
-4.600027
-0.100917
-3.107128
-5.085168
-6.370088
-3.966370
-0.732430
-2.583608
-2.444627
-2.123560
-3.680275
-4.164731
-3.321453
-5.448732
-1.815678
-0.884294
-3.494561
-1.618212
-2.189792
-3.008872
-5.071027
-3.579936
-3.510957
-2.111044
-2.154289
-3.889472
-4.820613
-2.017642
-1.239740
-3.436382
-0.610628
-5.104847
-3.407456
-4.630500
-1.656657
-3.857466
-4.673690
-1.784165
-3.216305
-3.589621
-2.789360
-2.733088
-4.019522
-3.086119
-2.791895
-4.182825
-3.464883
-2.189815
-4.468075
-2.898615
-3.037562
-1.812290
-2.949802
-5.033041
0.050399
-2.131654
-1.272505
-2.238127
-3.415277
-2.645816
-1.388331
-1.329930
-4.084213
-5.121046
-5.276740
-4.008015
-3.683053
-5.699192
-1.924919
-2.515883
-4.065748
-4.641404
-4.089688
-4.499451
-4.654967
-2.959044
-1.470520
-3.002356
-2.213677
-3.395876
-1.589349
-1.576272
-3.658486
-4.350092
-3.069236
-3.445169
-3.650681
-3.248127
-2.944518
-2.479006
-4.267516
-3.146523
-2.882933
-2.645758
-2.331272
-0.532148
-2.173576
-5.228987
-4.672023
-2.977149
-4.472871
-2.094819
-0.072242
-3.097171
-6.435597
-4.567211
-1.598417
-2.437136
-2.627723
-2.940554
-3.069140
-6.268929
-3.435809
-4.085919
-3.266453
-2.097804
-2.219780
-4.711062
-4.872548
-4.067759
-3.466039
-1.342407
-1.800070
-5.259860
-3.274668
-4.286298
-1.120171
-4.024752
-2.494112
-3.280180
-5.814504
-1.281458
-2.468103
-1.725704
-3.035938
-2.234588
-2.476161
-1.453616
-4.698266
-3.254425
-2.512004
-2.045340
-4.217161
-2.095583
-3.736501
-3.845201
-4.522167
-4.107931
-4.548341
-3.576912
-0.017092
-3.588617
-2.737621
-2.861920
-3.429318
-2.777286
-3.851357
-0.906495
-2.341360
-1.891331
-2.057849
-5.193118
-3.062488
-5.227259
-3.459072
-3.013421
-3.554418
-3.330798
-1.838964
-3.133952
-2.691437
-4.958526
-2.203836
-4.232747
-3.226520
-2.731867
-4.887505
-4.083783
-4.202596
-3.359970
-3.665406
-5.188892
-5.432411
-3.061624
-2.280842
-5.450789
-4.927365
-2.508122
-2.664665
-2.724682
-4.293089
-3.401443
-4.486511
-4.310268
-4.056441
-3.415690
-4.011652
-3.730665
-4.355793
-4.428263
-3.272485
-5.500522
-4.675231
-4.339007
-4.989876
-4.910726
-4.457282
-2.948726
-2.968998
-4.967416
-2.956394
-3.823134
-3.585294
-3.970273
-2.059805
-2.866508
-3.188554
-4.004007
-4.431146
-3.421016
-3.838302
-3.405258
-4.616129
-1.824363
-1.074350
-1.999017
-2.233161
-2.290143
-1.679552
-2.645233
-1.629853
-1.373568
-0.375642
-0.990062
-1.302996
-0.882576
-1.342649
-2.659206
-2.197828
-1.097760
-1.168735
-1.641645
-2.551976
-2.572332
-3.328585
-0.179482
-3.276171
-1.770633
-4.519624
-1.003733
-3.029713
-1.329908
-2.048010
-2.526709
-2.738791
-3.912969
-3.834032
-2.497884
-3.282128
-2.251102
-3.041004
-3.063042
-0.778644
-2.357557
-5.793055
-3.429729
-2.709179
-1.854581
-3.318124
-4.169436
-4.422945
-3.004002
-2.580884
-2.183451
-1.665762
-3.576241
-3.867711
-1.896383
-2.159977
-1.783253
-3.782187
-3.284162
-3.408677
-3.449544
-0.968176
-3.263839
-1.885700
-1.899198
-1.029764
-1.302122
-3.615922
-3.188899
-3.755167
-2.067581
-2.982456
-3.409066
-3.505331
-1.000952
-0.792367
-2.446019
-2.292129
-1.703687
-3.485063
-3.063938
-1.191990
-1.464036
-2.295020
-2.483982
-3.300237
-3.202974
-0.758361
-3.024662
-2.829313
-2.212091
-2.219789
-1.464540
-1.936993
-1.566149
-3.163281
-2.603001
-0.239716
-2.064347
-0.732763
-1.060532
-1.943930
-1.088865
-2.803472
-2.518459
-3.451891
-2.874557
-4.837984
-0.918878
-2.583103
-1.597129
-4.280565
-4.491492
-3.725228
-2.399764
-2.357081
-4.136835
-2.531325
-2.491729
-2.886143
-1.263807
-2.602786
-2.277637
-2.826289
-3.779745
-2.277088
-1.749918
-2.481720
-0.562466
-2.512481
-2.126542
-3.835143
-2.688803
-3.689985
-2.170448
-1.636525
-2.725339
-3.788399
-1.298714
-1.659521
-3.811005
-3.537254
-2.398767
-3.925240
-4.033296
-1.879539
-0.247984
-2.747664
-1.075453
-2.581872
-2.398451
-1.557859
-2.393776
0.091844
-0.298572
-1.928053
-2.512034
-2.807989
-1.365018
-1.240101
-2.684471
-2.879691
-0.235558
-3.181805
-4.351849
-2.063772
-3.261460
-4.416830
-2.255808
-0.005194
-4.030188
-2.142486
-3.713303
-2.386998
-4.077865
-3.778839
-1.879367
-1.363621
-1.660502
-1.289712
-1.373942
-2.069544
-2.954766
-0.807289
-2.027481
-2.333786
-1.879894
-2.752752
-2.200504
-1.354365
-4.228996
-2.660469
-2.203105
-2.000974
-3.931115
-3.035393
-1.508666
-1.890926
-1.815748
-4.947116
-2.799664
-0.883756
-2.515726
-1.918980
-2.825126
-1.356714
-2.381729
-3.239925
-2.653432
-1.852919
-3.549442
-1.997704
-1.905778
-4.405644
-3.313592
-2.644441
-2.843280
-2.900061
-3.990804
-1.921166
-2.804314
-0.834359
-1.985500
-2.199181
-2.361330
-5.883664
-4.864090
-5.729092
-3.567491
-3.718025
-4.125811
-4.388247
-2.106014
-2.735815
-2.503869
-2.731490
-4.687763
-2.044386
-2.885205
-3.750341
-1.448927
-3.313500
-3.479074
-2.918907
-2.715704
-2.735879
-1.415721
-2.444556
-2.966451
-2.312013
-2.346203
-1.948970
-1.764680
-1.770852
-2.076487
-3.375412
-2.651901
-2.608337
-1.973864
-1.897610
-1.949060
-3.115912
-1.410622
-3.320284
-2.645120
-2.195028
-3.406062
-1.565951
-2.370742
-3.118024
-1.774833
-4.310780
-1.715483
-0.408266
-2.145156
-3.001720
-2.487715
-2.018020
-2.757003
-3.542278
-2.272953
-2.795334
-1.980677
-4.070290
-2.859078
-1.782913
-2.927594
-3.493678
-1.811585
-3.806474
-2.517718
-2.067462
-3.303384
-3.501597
-1.848486
-2.604604
-6.299406
-4.402840
-1.241457
-3.891761
-1.765847
-1.727842
-2.149352
-2.867728
-2.993858
-1.754434
-1.481737
-3.610631
-1.547262
-2.564346
-2.152318
-4.001991
-2.269122
-1.528318
-3.168648
-2.273472
-2.447245
-4.419888
-3.488234
-1.823328
-1.331308
-3.372942
-2.569044
-2.981251
-3.814389
-3.242843
-2.344373
-2.310849
-2.751993
-4.529295
-0.750650
-1.631642
-1.557121
-0.634531
-0.415259
-3.620022
-2.141223
-0.827563
-3.035926
-1.852400
-2.014395
-2.359798
-1.881071
-2.155743
-2.878551
-2.035751
-2.487386
-2.386119
-0.966661
-2.587194
-2.563273
-2.242306
-5.194429
-5.738146
-5.612393
-5.257799
-2.750523
-3.367549
-2.454209
-4.639978
-2.346688
-2.711000
-0.787422
-3.677485
-2.520375
-2.840653
-1.241375
-2.810908
-1.118249
-3.515403
-1.650309
-1.985703
-3.317792
-2.052587
-3.233155
-2.338523
-2.510408
-3.247989
-2.980535
-3.005190
-1.871428
-2.972515
-2.491760
-4.248990
-2.286270
-0.830686
-3.407306
-2.727205
-2.482792
-3.005112
-2.479409
-1.809703
-0.068259
-2.847543
-2.181107
-1.501066
-3.258098
-3.914107
-2.768766
-2.728313
-3.466116
-0.905371
-2.903620
-2.194039
-2.154897
-3.382024
-3.074111
-4.146250
-2.663506
-3.532681
-3.319231
-2.114494
-3.519949
-2.804123
-2.149201
0.032958
-2.986285
-3.411257
-2.564376
-0.900271
-0.977406
0.010933
-3.048781
-1.987100
-2.969226
-3.772693
-1.343669
-1.506717
-0.333559
-2.408095
-3.051857
-2.785139
-1.269973
-4.242095
-0.517151
-1.575286
-1.250133
-2.433913
-0.883443
-0.890082
-0.433842
-0.508714
-2.122039
-0.695676
-1.817955
-2.261045
-4.052430
-2.873437
-4.351360
-2.537105
-1.708941
-2.907828
-2.692158
-1.800019
-3.798867
-2.934032
-1.982720
-1.967630
-3.945414
-1.823213
-3.490563
-0.955193
-3.068322
-2.724902
-2.414052
-0.272027
-1.156263
-2.449120
-1.371049
-3.257321
-2.856128
-2.770178
-2.568226
-2.742225
-0.565810
-3.063822
-1.968682
-1.640540
-2.340191
-3.291576
-2.984285
-4.077133
-3.198068
-2.111041
-3.737625
-2.374190
-1.216286
-2.788329
-2.606216
-2.676588
-1.416093
-2.162487
0.014482
-2.746515
-4.754954
-2.944013
-1.658297
-0.147398
-4.241406
-2.552825
-1.304854
-1.527730
-4.098747
-2.394958
-2.299762
-3.234825
-2.481179
-2.287304
-4.562464
-2.526546
-2.702080
-0.752603
-4.404869
-2.324128
-3.140535
-2.177810
-3.114841
-3.504924
-3.606347
-2.005577
-3.991156
-3.733726
-3.244399
-2.810019
-1.493617
-2.737361
-2.636058
-4.586749
-1.753268
-2.985673
-1.643573
-2.781994
-2.635957
-2.877603
-2.584466
-4.495954
-2.870808
-0.555918
-3.274122
-5.559175
-0.828349
-3.453022
-2.201130
-3.919974
-1.854327
-3.083537
-4.410962
-4.698541
-3.731141
-4.859171
-2.987916
-3.261481
-2.183411
-2.534281
-3.033898
-2.951388
-1.498701
-2.627166
-1.333290
-3.832046
-2.550212
-2.425343
-1.547701
-2.596199
-2.553800
-1.934678
-4.426904
-3.684128
-1.518257
-2.794740
-3.890777
-2.284441
-3.741270
-3.066883
-2.138325
-4.247186
-2.768847
-4.215412
-2.544739
-3.557804
-2.637189
-2.390545
-2.069274
-1.820624
-1.244467
-1.474459
-1.244978
-3.574752
-3.423214
-2.142704
-2.874810
-1.945448
-1.801616
-3.270708
-2.092621
-1.577540
-2.463939
-0.518749
-3.607757
-4.068841
-2.165262
-1.660632
-2.243444
-2.874207
-2.568293
-4.442044
-2.301837
-0.956474
-2.790254
-1.846680
-1.908384
-2.298802
-3.336446
-1.437928
-1.511580
-2.100976
-3.567204
-2.451908
-1.947003
-2.952068
-4.120853
-3.671572
-3.887385
-4.002680
-2.288028
-3.599257
-0.255223
-2.082634
-1.454760
-2.497689
-4.287750
-4.233722
-4.288643
-2.097808
-3.054904
-1.965701
-1.997805
-2.608551
-3.572304
-2.087337
-3.181619
-2.584835
-3.058506
-1.152275
-3.488418
-2.025656
-2.829157
1.006927
1.839076
1.310486
3.559065
0.641263
1.514837
2.577930
0.851801
1.762206
2.562327
1.547318
3.308794
0.588247
0.529968
0.725965
1.325341
0.153369
0.755337
1.282431
1.796774
0.618280
1.563966
0.986758
3.417762
1.922213
2.082026
1.533603
4.603297
1.978235
1.410167
2.315689
3.374998
1.731796
1.905386
2.614205
3.851670
2.704334
2.525639
1.822888
2.194325
0.671354
2.613791
1.521739
2.042416
0.064341
2.854655
4.003845
2.705745
1.981652
0.840162
3.000278
3.742471
0.752385
1.835227
1.289193
1.740672
1.450529
2.999557
3.849657
0.465762
2.085660
0.871779
1.393734
3.120349
-0.252652
3.815758
2.743705
1.915019
1.672625
2.498794
2.834352
1.238498
1.393931
1.213773
3.162611
1.009811
1.821148
2.768478
3.804417
1.296439
3.828010
1.981202
2.458140
1.049158
2.168178
2.360966
2.825625
1.960652
1.634513
2.047249
1.878034
2.080431
1.753442
2.268066
3.650805
3.033546
2.911743
4.017960
2.697630
1.847150
1.871001
2.088896
3.839469
0.869768
1.266043
3.126343
1.739590
2.687949
2.802387
3.285648
1.868584
1.972942
1.048722
3.242869
4.053181
1.983082
1.423067
1.431706
2.843335
1.008041
2.489247
3.565369
1.371092
2.756211
1.399277
2.592510
2.463790
1.574420
1.593928
2.398815
1.266762
3.566567
2.975540
2.452433
1.175280
2.252475
1.907390
3.544229
1.255764
4.003854
2.302976
2.616529
4.000915
1.684401
-0.221290
2.909232
0.731123
4.934905
2.968702
1.844461
1.553255
1.288491
2.752695
1.836593
1.763157
1.801195
2.488260
2.345139
1.393067
0.235110
4.510254
2.430517
3.432445
2.854062
1.866050
2.986343
2.794741
2.731097
3.501856
2.305828
2.940563
2.568988
1.238883
2.948844
3.299719
0.882796
1.735080
1.347422
1.990120
0.766428
1.701877
1.548747
1.588238
1.845953
3.438655
2.459406
2.190303
1.288866
2.755663
3.616592
3.740963
3.014523
3.127638
2.555111
2.758008
0.627093
3.073458
1.722305
2.709248
1.787450
1.832368
3.348391
1.277229
1.437327
2.928938
-0.286504
2.267505
2.150180
3.723881
2.068022
1.316089
1.183569
3.815749
2.269046
4.165167
2.466511
2.031703
0.619777
2.680439
1.468034
3.092808
0.912600
4.104942
1.735954
4.005919
1.286310
0.716270
2.315719
1.323031
1.878223
1.727689
1.924899
4.130945
0.050714
1.779058
2.918638
2.479344
1.004545
2.493360
2.239263
3.495214
1.684670
3.026377
0.693728
2.016028
1.454576
0.856000
3.317279
4.116248
1.963154
3.021476
3.920600
3.309186
2.356030
2.038549
0.869376
2.582524
4.071795
1.709527
2.995684
1.337967
1.427111
2.423344
0.914827
2.597333
2.152951
1.966873
-0.804314
4.240800
1.213644
1.590202
3.781175
1.804029
2.566096
2.906942
1.855248
2.930843
1.803409
2.719084
2.172569
3.038730
2.895124
1.461302
3.539544
2.039593
1.790446
2.036793
3.220552
2.723540
2.156342
1.930670
0.638594
1.737508
1.219153
2.336451
3.891086
3.784619
0.216471
2.577102
0.360261
1.983070
1.804630
2.945590
3.568380
2.453936
2.576443
2.699383
3.208903
1.588609
2.857639
1.652370
3.674230
2.526086
2.613720
2.041893
2.123085
2.495368
1.314263
1.663833
2.874487
2.087505
3.033683
0.742837
0.693736
0.979951
2.736678
2.072274
1.733250
4.731487
2.820564
5.362656
3.768038
3.487929
0.617822
3.689299
2.078578
3.011996
3.078790
2.794776
0.770197
2.329580
2.173413
2.091064
1.983838
2.266973
2.753204
1.369712
1.850806
1.984199
3.046101
1.692714
1.704478
3.329075
2.019312
5.218059
1.818018
2.215562
3.249310
3.717572
0.707447
2.695351
2.593010
3.295354
0.553059
2.034167
2.550990
1.669649
3.525872
3.740001
3.809750
2.531756
3.482983
3.587077
1.445845
2.009837
2.302596
3.532960
1.176104
2.691432
5.772761
2.503906
1.042358
0.696010
2.723434
0.916779
3.974260
3.714924
1.670579
2.602288
2.156438
1.468094
2.785791
3.053826
2.607092
1.567144
2.832169
3.021149
1.374327
2.678726
3.042116
3.577324
3.029524
2.203197
0.433821
4.161374
2.929593
2.504916
2.352777
2.747839
2.914344
2.313550
3.502328
3.197710
2.125718
1.541495
2.762980
2.456013
0.839149
2.735095
2.242912
3.291727
2.747718
2.166625
1.544203
2.507167
2.196262
1.105691
4.008512
2.933278
1.240686
1.774004
2.159309
2.220142
0.229497
2.818933
3.430611
2.311251
2.786779
2.471527
2.915128
3.414874
2.050996
3.105026
0.634318
1.922221
2.586914
1.603458
2.803716
2.838383
1.677312
1.921177
2.632075
2.075678
0.383157
3.205065
2.820689
2.356580
1.246533
1.048146
2.895379
2.830274
2.414989
2.217649
1.871477
1.272759
1.784828
3.155246
1.324675
3.512548
1.285436
1.529440
0.523053
3.392439
3.116242
2.182003
2.493215
0.918571
1.803016
3.228187
0.199072
1.350653
1.267343
1.093542
0.962902
3.785894
2.067111
5.500031
3.299911
0.749369
2.455353
2.270957
1.953358
0.348782
2.411738
2.264329
1.951317
2.419526
0.548320
1.619064
1.198119
3.324124
1.615908
1.342695
0.973666
0.061854
2.264760
2.717299
1.403675
1.592087
2.966305
3.413998
1.047337
3.029290
3.120302
3.578178
1.915421
0.245917
4.001424
3.826766
2.536098
1.096546
4.244283
3.031767
2.824017
2.758802
2.320148
1.443727
3.464622
1.365580
2.477926
3.072505
1.079786
2.472280
0.542903
2.457917
-0.136654
3.796381
2.576860
3.157071
2.547132
1.088024
2.252205
2.933411
1.396649
0.887695
1.778300
2.885053
3.692616
2.523436
0.592191
1.573741
3.781345
1.776937
2.899361
2.979589
1.477322
1.023303
3.703007
2.196520
1.068793
1.980534
2.555831
4.468360
1.788619
2.105587
1.179522
2.524511
0.050979
2.788118
1.584989
1.693162
3.698430
1.221983
2.716323
2.889360
2.453823
2.121227
3.265802
4.373645
3.799153
0.004797
3.805536
1.809749
4.043991
2.210813
1.511125
4.082577
1.442414
-0.030401
2.011549
2.493597
1.183496
3.078644
3.825584
2.998971
0.791321
3.114081
1.632419
1.414205
0.162061
2.056893
4.840546
0.840021
2.790937
2.544563
3.471749
3.342347
1.760038
4.128953
1.641521
2.254481
4.205754
0.503292
1.089835
3.021458
1.158043
4.565166
1.329798
3.330614
0.986867
3.201388
4.879330
2.806649
1.132204
1.506293
3.661591
1.412510
2.233048
3.278722
2.023007
2.916254
1.556771
3.413455
2.763776
1.877151
2.112210
2.397004
1.411096
4.250404
0.867031
2.407906
1.906203
3.589994
0.768481
3.100444
3.123566
3.086128
3.194368
1.636502
2.384870
0.341622
2.940532
3.662628
-0.209990
1.933456
1.960018
1.820308
2.552566
1.323988
4.339322
2.040973
2.096354
2.170712
2.532965
0.869835
2.819604
2.646987
1.985216
1.542553
3.370215
1.245570
3.495643
0.624736
0.318105
0.221613
-2.974544
-2.991131
-3.502123
-0.442074
2.295151
-1.097256
-0.899037
-1.438958
0.892601
-0.189118
-2.355560
-0.226544
-0.416200
-0.553780
-0.941811
-1.522800
0.862642
-1.066058
0.536951
2.399483
-0.450849
-3.762458
-2.459411
-1.452258
-1.096904
2.143640
-2.241369
-2.857496
-3.221275
0.112447
-1.360953
-4.888359
-1.550153
-2.966836
-2.320232
-2.888698
-5.158735
-1.243309
-2.824786
-2.669560
-4.334745
-2.419132
-1.546259
0.854789
-0.909207
-1.674077
-1.130507
2.495860
-6.734318
-7.124577
-2.796501
-3.892226
-2.035653
-1.117396
0.412516
-1.109507
-1.899314
-0.924575
-2.278985
0.983941
0.411620
0.247840
-0.874089
0.747876
0.878332
-3.216100
-1.387875
0.796639
1.801784
-0.118245
1.785094
-1.615081
-3.939392
-0.990958
-1.970199
-0.983538
-1.088997
-1.324883
-2.108022
-0.273467
-2.770226
-0.739284
1.040196
-0.193195
1.139667
1.590715
-2.552083
1.621015
0.570563
-0.819209
-3.233195
-0.000999
-2.644691
-2.434171
-1.431596
0.498430
-3.227638
-3.204142
-2.215421
-1.416539
-4.374640
-3.221937
-0.573063
-0.447833
-2.886772
-2.218550
-5.489619
-2.186532
0.062850
0.538369
-2.635342
-0.389735
-0.770039
-5.291456
-1.115726
1.045489
-3.221675
-2.749585
-0.611434
-2.366816
-0.526796
0.641093
-1.066554
-2.047820
-1.841307
-2.377905
-5.537016
-2.215377
-1.859980
0.529861
-4.780863
-1.759417
-1.468977
0.566446
-4.536957
0.707640
-0.974378
-3.161905
1.047996
-0.478610
-2.267837
-0.746666
-3.986316
-3.929800
-2.620044
-0.395775
-3.913700
-2.751008
-1.854400
-0.750038
-1.815070
-0.564863
-1.702487
-3.132569
-3.106289
-4.281726
-4.809064
-1.068175
-1.889365
-1.654887
-1.304238
-1.524436
0.853642
-0.332687
-1.505456
-2.200770
-4.240363
-0.224811
-0.297892
-0.198474
1.367269
-0.787315
-0.405074
-2.001194
-4.287106
-4.423336
-4.954270
-3.011012
-1.543426
-0.874670
-2.672150
-3.750444
-1.912920
0.434626
-1.535486
-2.254009
-1.503654
-1.091144
-2.425427
-3.316022
-1.977833
-0.218546
-0.985153
0.258658
-2.224738
-2.068376
-1.566775
-2.379609
-4.361228
-6.773474
-2.487708
-0.762393
-2.701731
-2.513634
-0.392891
-1.719613
-1.544484
-0.490088
-1.550686
-1.503703
-4.303772
-0.363311
1.810679
-3.063241
-4.931035
0.767185
-1.848191
-0.526675
-2.322815
-3.611906
-1.108562
1.618069
-1.777418
-0.989519
-2.604744
-2.765434
-0.183513
-1.020043
-0.379859
0.281516
-1.983621
-1.744954
2.162875
-2.645933
0.554089
-1.843117
-4.527515
-4.197520
-0.121073
0.041607
1.332391
-2.200141
-1.224008
-3.749335
-4.488857
-2.787365
1.172960
-0.049365
0.979053
2.164970
-0.373423
-2.023685
2.472828
-0.348310
-3.311205
-4.616179
-4.826168
0.078064
1.139260
-0.519760
0.344109
-2.619225
-2.773921
0.369742
-1.380680
-2.179829
-4.265225
-3.486341
-1.813900
-1.918528
-2.173831
-0.177841
-1.767469
0.831845
-3.407068
-1.116850
-1.441690
-2.564196
-2.254902
-0.325611
-0.541107
-0.326593
-1.250812
-2.790449
0.085929
-1.318792
-3.637947
-0.993344
0.278030
-4.426816
0.968705
-0.584010
-3.282196
-2.086807
-0.890647
-4.926107
-4.315071
-0.895418
-1.226857
1.205605
-0.770790
-0.418543
-2.439345
-2.470467
-0.620637
-0.023403
-0.048600
0.382464
-0.481698
-3.741663
-3.019366
-2.235937
2.599150
-2.709140
-0.092822
2.536163
-0.040976
-1.164746
-0.965370
1.962186
-1.501622
-4.182992
-0.335619
1.394524
-0.891669
-0.046062
0.769928
-0.852068
-0.557307
-1.461889
-0.698291
-0.052671
-2.808790
-2.183473
0.200422
0.352509
-2.162706
-3.585627
-1.477242
1.204480
-0.568970
-1.548189
-6.707783
-0.895324
-0.193169
-0.244857
-1.566902
0.543005
-1.453047
0.661557
0.777741
-0.619730
1.083186
-1.965496
-2.639903
-2.275021
-1.488600
-3.536871
-1.277525
-0.803621
0.090016
0.687494
-1.770440
-1.341650
-1.231785
1.188415
-2.738432
0.000741
-1.072043
-3.068917
-1.036525
-0.968072
0.668760
-1.547964
-2.087981
-2.564720
-2.752859
0.162472
-3.719687
-1.534613
-0.290383
-2.401697
-1.691421
-0.551068
-3.042440
0.657509
-1.940182
-3.935555
-1.408477
-0.134946
-2.796123
0.037272
-1.424029
-1.592348
-1.574719
-1.337654
-2.891433
-0.033736
-0.284081
-2.974615
2.980304
1.604689
-1.269790
-0.839598
0.831946
0.962609
-5.526157
0.742231
-0.212987
-0.414968
-0.585942
-2.238709
0.632535
-3.121492
-1.822148
-0.467789
0.200559
-0.724220
-3.710792
-0.488998
-0.729051
-1.851998
-0.504615
-0.419276
-0.010477
-2.363813
-2.717415
1.487324
1.590643
-1.716720
-3.287220
0.519938
-1.352657
-2.030446
-1.830526
-1.821473
0.610026
-1.832598
0.512674
-3.308136
-1.503210
-0.866699
-1.744382
-2.584608
-2.599604
-4.858611
-1.230120
-0.368307
-2.150235
0.093933
-0.032562
-3.093958
-1.417821
-0.511189
-4.161914
0.515366
-0.994340
-3.235672
0.060624
0.181406
-1.363757
-1.955312
-3.216760
0.501493
0.110350
-0.834024
-0.979073
-2.719024
-1.822867
-0.077601
-0.704251
0.372236
-1.376127
0.679776
-2.298854
-4.902483
-2.203934
-2.125650
-2.184988
2.631864
2.077266
-0.248698
-0.388797
-1.076092
0.644721
-1.138268
-0.088304
1.798827
-0.391652
-1.065995
-3.084546
-0.948373
-1.086742
-2.471802
-4.117400
-0.788756
-1.924114
-2.217976
-1.309404
-0.420002
0.197551
-1.478806
-1.186026
-3.498701
1.187775
-1.685162
1.126603
-2.139738
-1.765050
-1.200122
-1.438720
0.070491
-0.416278
0.420877
-1.983198
-2.347553
-1.227799
-0.789891
-0.505256
-3.596175
0.997803
-1.829111
-0.567927
-1.900545
-2.408906
-0.273183
-0.241132
0.586028
0.292651
-0.054974
-1.051106
-2.759518
-1.638936
0.618889
-2.866106
-5.565166
0.257168
-3.375703
-1.701564
-0.163104
-0.208008
0.015901
-0.495277
-4.752945
-3.363858
-4.785572
-1.276705
-2.133095
-2.911815
-3.174630
-0.574021
-0.203822
-0.234269
-0.453116
-1.251449
-1.810442
-2.936297
0.645337
-4.871226
-0.622325
-2.786326
-1.158143
-1.551825
0.372122
-1.245129
1.146346
-2.217943
-4.388236
-1.721547
-0.523234
-1.884649
2.118357
0.384564
-2.372000
-1.133125
-0.895046
-1.379397
0.148310
-3.772805
-2.976913
0.134674
-1.684540
-3.907049
-2.875741
-0.319231
0.100966
-3.783045
-1.457851
-3.329586
-0.034048
0.828069
-0.385892
2.783981
1.146748
-0.211932
-2.474711
-0.012016
-1.588673
-0.065588
2.518255
0.560909
-2.259417
-2.006355
1.476681
0.923620
-0.639233
-0.901880
-0.395011
-1.178765
-0.472269
0.264860
-0.470143
-0.192918
0.250909
-1.028272
-5.239309
-5.117903
-0.178120
-0.302766
-2.363532
0.519095
-1.202113
-1.332071
-0.234992
-1.659566
0.874740
-2.479352
2.441412
-0.787094
-1.113119
1.210619
0.074034
-0.209039
-1.161362
-0.060065
0.413713
0.982066
0.648593
-0.023296
0.396594
-3.508433
-4.678637
-3.036994
-4.684170
-1.350078
-2.351692
-1.712876
2.778756
0.879868
-1.649456
-4.388355
0.879816
-0.668001
2.938368
1.738341
1.729096
-0.039254
-3.682759
-1.601918
-1.693044
-0.925430
-4.058157
-2.496379
-1.062145
-2.568505
0.715945
-2.003076
0.083255
-2.090726
-1.431755
-3.225010
-1.929046
-3.942959
-3.612846
-2.333695
-4.720048
-4.175170
-3.187936
-4.024626
-3.132904
-4.128596
-3.392482
-1.688530
-1.175258
-2.402291
-1.231421
-2.565539
-3.264385
-3.646966
-4.349247
-4.994644
-1.407727
-4.150620
-3.250669
-3.640344
-3.798168
-2.979203
-6.232812
-4.645990
-5.137103
-5.762919
-3.356674
-3.133873
-3.120294
-5.007951
-2.958223
-5.049677
-4.414214
-4.441770
-3.457750
-4.280433
-3.100251
-3.941256
-3.970552
-5.233565
-5.487324
-3.932537
-4.973731
-4.254203
-5.841641
-5.330774
-3.203145
-3.236986
-2.783188
-3.608366
-4.814579
-4.829822
-4.648807
-1.916564
-2.368356
-1.941226
-3.017359
-3.789804
-2.349175
-2.832438
-5.134453
-4.379785
-3.335568
-4.535096
-3.412899
-5.339847
-2.796300
-3.956835
-3.914048
-2.895839
-1.456349
-3.943472
-6.561093
-4.209077
-2.932977
-3.031325
-3.620228
-4.631052
-5.399271
-4.357216
-4.234802
-4.571011
-3.213329
-3.435347
-2.780548
-4.394373
-5.346403
-3.034313
-4.039661
-5.490337
-3.177866
-5.029037
-5.513093
-4.741045
-3.057891
-3.321419
-4.721207
-2.197420
-2.050848
-4.813835
-3.523577
-3.255474
-4.373711
-4.380918
-6.136162
-6.734666
-2.689913
-5.822529
-4.474618
-2.963688
-3.538976
-2.486917
-4.186337
-4.857387
-3.183534
-4.224247
-3.262473
-2.928561
-2.383190
-2.508392
-2.795791
-2.814652
-4.712369
-4.626999
-4.244673
-3.222577
-4.461719
-3.922712
-4.713280
-4.949334
-4.881686
-5.798257
-5.974164
-4.338659
-4.711404
-5.798105
-3.419060
-4.609991
-0.599702
-2.767752
-3.282867
-6.715284
-4.766238
-5.063837
-3.733372
-1.526565
-2.462660
-3.087536
-4.448763
-3.994281
-5.648797
-4.857323
-4.284225
-3.559561
-4.791721
-3.440286
-5.067702
-3.604449
-4.113138
-5.360574
-5.609557
-4.885813
-4.339020
-5.374427
-4.080807
-3.136148
-2.223095
-3.579165
-5.333149
-3.094774
-3.825263
-2.594276
-1.189626
-3.052860
-4.097391
-2.302406
-3.645557
-3.506855
-4.276991
-3.645478
-3.347692
-2.345098
-4.862038
-6.720303
-4.486662
-4.878682
-2.763520
-5.436671
-3.402088
-5.891642
-4.017344
-5.819865
-3.125500
-4.729624
-2.283687
-5.529270
-4.330779
-2.461995
-4.539465
-4.543884
-4.231345
-4.594239
-3.450016
-3.322529
-3.292376
-3.430519
-5.342280
-3.935459
-4.117910
-7.983564
-2.606802
-4.281785
-4.708832
-3.279142
-2.625395
-5.160729
-5.105942
-2.997385
-6.284690
-4.364806
-1.330582
-1.393210
-2.222751
-4.532674
-4.777821
-3.037471
-5.918736
-1.910933
-2.567914
-7.131350
-5.502624
-2.782528
-6.262772
-5.416502
-4.060823
-4.291286
-5.129213
-3.624937
-3.923137
-4.293660
-2.306296
-3.974641
-4.487374
-6.404302
-7.682311
-6.337779
-5.426486
-5.229187
-5.033625
-5.809204
-4.308543
-5.571627
-4.625663
-3.610023
-2.859209
-5.587311
-5.763927
-3.015541
-3.009241
-4.737597
-3.148497
-2.880260
-5.979042
-5.448196
-4.209971
-3.769603
-3.061606
-2.428594
-3.915396
-2.881995
-4.815582
-3.543317
-3.186976
-4.249011
-4.799644
-4.433718
-2.840886
-4.100729
-4.524093
-3.517588
-4.537558
-2.790069
-2.739239
-5.021033
-3.057152
-2.959854
-3.050688
-3.439646
-3.790938
-3.646357
-6.078851
-3.124863
-2.529823
-3.831165
-4.282648
-4.169172
-4.277870
-4.506964
-4.132455
-3.255952
-5.025880
-4.963665
-4.177213
-4.079415
-5.119872
-5.068016
-3.055691
-3.788503
-3.906565
-3.259465
-3.072414
-3.983028
-4.258950
-3.289724
-3.191127
-5.481197
-3.450625
-2.727909
-3.757668
-3.902189
-3.170762
-3.063570
-5.437827
-5.419552
-4.856111
-4.607229
-6.974137
-4.178892
-3.135710
-4.055927
-2.325155
-4.399283
-4.128920
-4.671703
-2.803247
-4.702861
-5.202530
-4.930980
-4.405560
-5.889443
-3.730502
-4.223766
-5.185822
-5.100456
-5.921136
-3.347270
-5.399990
-4.835116
-5.818606
-4.308041
-3.030113
-3.755180
-4.492412
-2.296566
-3.195371
-3.352926
-3.715014
-4.182867
-2.960478
-3.673922
-3.352679
-5.031418
-4.129505
-3.653251
-4.672838
-4.888554
-4.713837
-3.152506
-4.033667
-5.147648
-3.221381
-3.544593
-4.440055
-5.799765
-7.713600
-4.754776
-1.916388
-5.439881
-1.637423
-3.633930
-4.526354
-3.379983
-4.139596
-4.510858
-4.102420
-3.377982
-6.166579
-3.221770
-3.631919
-4.803213
-4.667342
-2.984834
-4.203484
-4.677820
-4.335516
-3.251828
-5.231162
-2.645961
-5.152266
-5.512667
-5.397213
-5.375391
-3.554491
-3.635809
-3.504626
-4.362449
-3.655148
-3.177427
-3.189711
-3.288892
-4.939156
-3.274978
-3.725916
-4.346542
-3.973146
-7.501956
-6.318737
-5.562911
-4.139006
-5.092107
-3.631429
-5.046804
-4.260948
-2.916973
-3.816816
-5.210020
-3.036246
-3.528921
-2.962971
-4.993043
-4.307228
-5.311011
-3.391006
-4.809888
-3.305904
-4.344243
-6.608527
-4.636325
-2.634831
-2.999513
-3.720809
-4.611142
-2.812925
-3.256751
-3.599325
-5.143467
-2.344049
-4.223451
-3.750995
-3.160347
-2.382695
-3.533556
-4.837988
-4.390969
-5.454241
-5.945645
-5.916332
-4.889235
-2.568325
-1.839403
-4.108507
-4.166367
-3.865356
-4.539111
-3.387684
-5.578615
-4.759108
-4.191858
-5.175805
-4.057902
-4.521730
-4.462680
-4.685508
-2.769942
-1.382629
-1.905853
-3.393807
-2.542093
-3.106216
-5.950455
-4.395836
-5.121120
-3.429554
-3.000449
-2.988625
-5.051549
-1.768401
-2.884551
-3.470907
-3.146004
-2.311851
-3.311001
-4.192144
-3.179977
-6.712429
-3.611714
-2.329131
-3.588152
-0.493077
-2.399435
-3.778365
-3.037342
-1.631767
-4.079032
-4.235398
-1.519502
-3.558719
-5.589925
-5.566910
-3.000454
-2.359897
-3.432311
-4.020697
-5.529224
-3.280899
-3.343997
-4.281911
-3.924731
-5.727356
-4.754521
-4.877873
-4.176111
-1.799022
-5.232806
-5.120986
-3.884457
-3.489721
-3.494380
-4.639234
-2.008905
-2.062161
-6.108960
-6.815813
-4.855802
-3.180845
-3.714972
-5.068068
-4.754312
-2.300013
-4.330774
-3.310362
-5.497412
-5.260763
-2.018897
-4.043320
-6.089697
-3.832626
-4.131592
-4.523828
-2.667703
-3.099897
-4.754468
-5.000628
-4.445507
-5.422139
-4.544080
-3.652179
-4.886065
-4.658594
-3.137694
-5.001080
-2.768795
-3.152401
-4.047232
-4.844247
-6.037905
-2.853027
-3.749652
-6.209900
-3.496154
-2.725914
-4.519109
-4.851479
-4.553545
-2.740390
-2.871207
-3.871517
-3.940195
-3.758002
-6.070972
-4.853066
-4.352878
-3.842768
-2.961348
-3.939546
-6.398154
-6.395345
-3.827095
-4.300102
-3.286297
-4.204992
-5.112282
-4.834418
-3.836517
-2.422736
-5.158503
-4.602682
-5.835510
-5.444225
-3.932495
-5.046975
-5.273847
-2.808574
-4.208117
-3.819537
-5.091055
-4.483187
-4.292939
-3.101121
-5.582617
-5.060384
-2.771784
-3.588394
-2.857404
-4.623725
-4.945692
-5.643996
-4.175099
-1.578348
-4.137793
-3.359338
-4.981542
-4.023774
-3.963755
-5.124547
-2.478384
-3.924468
-6.021198
-3.191691
-4.339202
-3.711169
-4.471951
-4.302640
-2.045147
-1.741292
-5.132325
-4.557747
-3.654384
-5.700408
-5.206985
-3.359381
-5.513154
-3.946414
-2.523690
-3.306108
-1.986373
-2.965787
-3.113912
-3.492312
-5.334073
-4.354507
-5.380864
-3.795400
-5.571806
-3.539018
-2.491638
-2.725939
-3.562907
-3.457443
-3.117371
-5.174908
-3.489573
-2.389693
-4.437380
-4.403021
-3.143625
0.841312
1.739741
2.098150
2.805459
3.664533
2.553665
2.126900
3.662548
-0.313319
1.194240
1.909620
1.574328
1.127632
1.462398
2.343771
1.203286
1.197216
1.227963
1.155079
1.016885
3.649986
2.292263
3.106294
0.772078
0.899758
4.511319
3.617182
5.320861
2.062592
3.311149
6.483432
5.705572
4.623391
4.309396
4.039498
3.947361
4.021776
2.693236
3.074599
4.973611
3.646839
2.432961
4.593204
3.864749
3.318122
4.115445
2.947703
4.708722
3.211092
5.553221
3.242518
5.111329
5.623150
4.638497
4.043913
5.969929
1.751981
2.722635
4.840140
4.082603
4.540563
4.289186
4.457699
3.834758
3.602693
2.432484
1.746212
3.358141
6.420260
5.192233
4.562119
2.618520
0.380477
3.469114
5.683596
5.757190
6.153677
3.313853
2.586467
3.521680
4.243766
4.774164
3.184110
3.975839
5.953916
4.724615
2.762298
3.950125
1.674046
4.689605
5.263694
3.806951
3.133655
2.449916
3.410626
4.217590
3.041380
6.503722
4.733810
4.104558
4.216294
4.932223
4.311803
3.728559
3.873250
5.526483
5.009413
3.428649
3.350644
2.585478
2.752586
3.053777
1.093430
4.505169
4.058250
3.312095
6.456006
3.453722
2.422170
3.979896
1.225683
3.719421
4.324397
3.732151
2.230913
2.114122
3.736486
3.303244
1.859351
2.983741
2.424538
0.899857
6.933050
6.937334
4.041561
3.526573
4.610635
3.701810
4.046024
4.594810
4.899052
0.918012
5.310961
5.763095
1.982246
7.292613
4.147326
3.214629
1.389654
2.574750
2.449357
4.871737
4.482062
3.505327
3.046859
3.950533
4.767610
3.214972
4.124151
4.044284
3.566784
5.843397
5.618881
2.816700
5.439054
4.501760
2.413970
2.955775
0.983585
3.115469
2.806080
3.581149
3.659172
4.380657
1.920846
2.720828
6.228266
5.166940
2.978401
3.519755
4.896254
4.597507
4.846512
5.176328
4.013557
1.469442
5.070128
3.513495
2.472801
4.712832
3.665674
5.167026
2.789726
4.289852
2.557399
4.014869
1.302948
5.878838
3.116862
2.190780
1.870048
5.214637
4.996084
3.828067
3.894634
5.596379
4.937845
4.880031
3.604671
5.609689
2.837001
2.981482
5.868910
4.192782
3.394348
6.137091
2.404699
5.572979
3.433080
2.522222
4.307045
5.228626
6.009690
4.832387
4.297144
2.939664
2.468361
1.894462
2.274929
0.868063
2.046065
2.082627
5.228712
5.207305
3.744045
4.160758
2.823496
1.006541
2.935770
3.372512
2.492415
4.495529
2.197513
5.096837
4.519714
1.042666
3.115591
3.073846
6.003635
3.774393
2.723360
1.703594
2.193437
2.852041
3.168154
4.470082
4.554914
1.860809
4.405940
4.020936
5.611142
5.831158
6.299664
3.809454
2.040401
3.763846
2.980297
2.030918
2.120679
4.784129
4.028722
3.450765
4.094700
3.798765
2.998068
4.525091
4.095190
4.963078
4.112374
3.953493
4.014351
6.245776
3.939375
4.860858
5.404843
2.497632
4.675961
3.059119
0.344817
5.089992
3.254207
4.014925
7.736737
5.584055
5.285429
4.284587
6.294485
6.889970
3.416343
2.579018
2.528981
3.292947
2.750610
1.684929
3.881210
4.195128
4.293110
1.854414
1.799301
3.840508
4.887957
1.498883
2.987179
5.146480
4.942519
2.322632
3.898413
3.293398
3.608661
2.516210
5.289217
4.239269
3.450464
4.737295
4.665116
2.334673
3.083422
5.975291
3.960603
2.535286
5.180870
5.651857
4.231369
4.699946
4.554885
6.232340
-0.411841
4.038675
3.495159
6.713017
4.397229
2.424850
3.787227
3.537379
3.542459
6.476461
3.509428
3.678475
3.744164
2.575515
5.106256
2.318916
4.546402
5.373993
7.188140
4.884640
6.025664
4.577576
6.888169
3.195127
2.731189
3.113900
2.060969
3.746261
4.375028
4.100019
4.825148
3.635969
4.070612
4.128456
5.694564
5.061255
6.171944
3.510201
2.372590
3.050859
4.381763
3.549975
4.474153
4.295119
2.093187
2.719469
3.405727
4.303658
1.914327
3.215275
4.718031
3.822675
3.366788
6.380102
2.990301
3.679737
3.342779
1.026292
3.485842
3.204322
4.195896
5.068394
4.522782
3.635199
4.459078
4.364804
4.425377
5.546528
3.718080
3.525866
1.885567
1.706037
0.655752
6.426017
4.650547
3.996883
3.904701
4.349894
4.282180
0.822650
2.854217
3.917623
4.642062
4.811464
6.399526
6.703923
5.380579
2.443644
3.101357
2.513763
3.899796
4.345757
1.825382
5.951969
5.374728
1.596734
3.449801
1.878845
2.132987
2.667793
3.111897
4.527826
6.464915
4.023808
4.545130
3.936471
3.313391
2.627356
2.207901
3.826990
4.152319
6.132627
5.276618
5.913761
4.508517
1.822404
3.137434
3.474734
5.482034
6.471676
1.304313
4.020752
3.626810
3.571764
5.811187
4.957838
5.184047
3.273581
4.043847
3.281444
2.465754
3.838261
1.890147
2.170998
5.122181
6.536124
4.250560
2.874843
1.489981
3.229033
3.193732
2.188741
4.682351
4.636494
0.929009
3.625226
3.434335
3.482871
3.194781
6.254281
3.887829
4.946598
3.722776
4.895434
3.741836
1.493535
4.149322
0.631533
0.704472
4.511209
7.397280
6.068392
4.839715
4.670631
3.402654
2.983542
3.490469
5.190729
0.891855
2.350004
0.583624
2.666189
3.978162
3.880361
3.243927
2.210704
3.429821
4.978895
4.660169
3.219724
5.846662
7.224165
4.216516
3.157411
4.408694
4.155618
3.775782
3.953041
6.644399
2.992500
4.339059
5.622364
1.702996
3.521955
3.794487
3.140176
3.604408
5.063593
2.609386
3.937167
3.305399
5.341904
4.187784
2.602177
3.576787
3.101901
5.241291
5.649073
2.622348
1.381984
5.164642
4.861007
6.175238
2.657780
4.819150
3.869538
0.213543
3.319810
3.917292
3.566640
3.440470
2.372999
2.712841
2.215989
3.187974
4.992612
1.534962
5.249296
1.604297
1.456636
3.782553
3.404007
4.767712
4.248526
5.303332
4.727120
2.974344
4.315250
3.996614
5.018909
2.507323
4.903711
3.692216
2.041337
5.433352
6.455765
2.745194
3.190282
3.105481
6.004958
3.342467
1.363059
4.869454
5.536483
2.344040
3.729550
3.359967
1.180922
2.772824
4.998343
3.954081
3.195319
2.965262
3.097057
2.834790
4.419340
5.372998
3.983903
1.533813
3.344234
4.222336
3.056170
3.632321
3.738237
3.140842
3.889084
3.424641
5.961322
2.758564
4.328989
1.997511
3.615546
4.727880
2.829329
4.354233
6.683565
3.616902
3.800244
1.934498
3.318808
2.731811
3.417822
4.164360
3.142525
3.196480
3.111411
4.771496
3.414646
4.212280
4.348955
6.676615
5.583578
4.225223
2.259358
7.735536
3.793273
4.983786
6.606553
5.539094
3.301341
4.962258
2.185218
0.797511
4.631740
1.785546
2.200104
3.759203
4.698680
4.215845
3.122421
2.452745
3.623949
4.839369
3.279438
4.590889
2.547011
3.696680
2.787770
4.609499
4.122887
2.322781
4.534906
4.643638
6.822357
4.170941
3.653406
-0.060176
1.268918
1.649305
3.755061
2.365348
1.115198
1.046971
3.991141
0.370993
0.666866
2.814757
0.113219
1.669445
1.277977
1.227313
0.195594
0.261624
-0.202018
-0.265783
1.246860
1.700919
2.175596
0.841908
0.190950
-0.483412
2.107599
0.288005
1.260936
-0.609057
-0.213583
2.600200
0.438737
2.495100
0.640347
1.467981
0.748665
-0.598987
2.692824
1.975453
0.950819
2.959882
0.917327
2.088195
-0.245564
0.359918
0.683933
1.478825
3.020030
1.913459
1.017970
1.983208
-0.569108
3.666958
1.692176
2.062347
1.772163
-0.186777
-1.147550
-0.713240
0.910519
0.189142
0.313803
0.232823
0.880799
-0.339062
1.195299
-0.401767
2.689421
2.139454
0.411935
0.235482
-1.477946
-0.936872
-1.603565
2.165350
2.570472
3.382155
-0.641690
-1.541879
0.386972
1.130158
2.009000
0.708573
0.006477
0.699411
1.861095
0.475872
-0.676032
-1.192536
1.430026
4.094094
-0.269556
-2.851945
1.331782
-0.574898
-1.149825
2.938706
1.499024
1.384467
0.075938
2.820041
0.974625
1.239802
1.212343
0.589954
1.799489
1.886791
-2.083254
-0.915233
-0.566041
-0.377880
-0.867554
-0.689874
0.698734
0.021436
-2.029546
1.826547
0.093089
-2.393922
0.276311
0.425974
-0.952166
0.014626
1.547165
-1.851903
-0.613831
0.157753
1.786660
1.334971
-1.268929
-1.896285
-1.642719
3.000921
3.723118
1.887514
2.388062
0.263740
1.370033
-1.013278
2.441520
3.509686
-0.941395
2.104253
3.656815
1.472839
1.821496
2.541998
0.915406
-1.394064
-0.627111
1.241331
3.104325
1.559446
1.437032
0.192482
2.388558
1.278432
0.261369
-2.198891
0.248340
2.186454
1.723892
-0.657939
0.918733
1.659100
0.551169
-1.590374
0.544325
-0.589280
1.212552
0.184305
-0.933374
-0.541307
2.801811
-1.929004
0.373789
1.252470
0.863587
0.037077
0.740435
-1.094675
0.659445
2.205971
2.204714
-0.004005
-1.065424
1.201934
-0.444979
-0.521770
1.478489
-0.133896
1.816847
0.285210
2.122577
1.203043
1.799217
-0.691722
0.659299
-0.494169
-2.275457
-1.886612
0.250536
1.762033
1.092407
3.040776
3.423739
2.182762
2.368887
1.756063
4.362926
-1.352106
2.382276
1.217948
-0.542269
1.786786
5.233969
0.828268
0.300819
0.270449
-2.086203
0.964444
1.746858
0.867007
3.241019
1.188961
-0.884667
0.619172
0.518894
0.611768
-1.124832
2.174083
0.680582
3.207124
1.010312
0.230653
-0.570924
0.458248
-0.463844
-0.939903
-0.741241
1.814931
2.551621
-0.557571
1.038741
-0.375865
-0.045552
0.958270
1.613347
3.435492
1.593414
-2.291431
-2.550202
-1.047873
-1.563149
-0.407437
-0.096314
2.190173
-0.545247
1.007189
0.359988
1.752252
3.624974
1.844018
0.616103
1.570827
1.014880
1.634611
-2.119494
0.074800
0.463494
0.629115
0.832534
1.660803
0.706356
3.981830
2.136012
1.465329
2.223839
0.811785
-0.723746
-2.396878
2.357524
1.054000
2.441776
2.953860
-1.015239
0.417729
1.060307
1.808679
3.071809
0.400298
-0.317726
2.935399
3.449554
-0.330192
1.426459
-0.684489
2.572524
1.848392
-1.715596
-0.493931
0.268512
-0.223329
-1.749404
1.688707
1.456166
0.666423
-1.433294
-1.488663
2.679977
0.483801
0.591882
0.921948
1.414916
2.909393
-0.558090
0.803858
1.097910
0.391261
1.471406
4.410061
-0.942750
1.464538
2.146268
0.048589
-0.339556
0.052181
3.179801
1.976798
0.188120
1.273577
3.073313
0.445004
1.571030
2.221982
2.385172
-1.086559
0.391077
0.768931
4.274720
1.293941
-0.746520
-0.304009
-0.087167
0.122501
1.236768
-0.328061
0.019759
-0.254620
0.031354
1.381910
0.672271
0.727449
0.477259
2.921492
1.037997
-0.142300
1.863648
2.819839
2.357198
2.727641
0.745324
-0.674872
0.554817
1.562539
0.975417
1.946766
0.703461
1.883808
0.454500
1.227882
2.322775
1.377927
0.477231
0.027784
1.599452
0.969785
0.468974
-0.279730
-0.779630
0.642035
-0.749476
1.495247
3.831019
1.038443
-0.846068
0.221891
1.130186
-0.814017
-1.094558
-0.635807
1.852093
-1.484765
0.415754
-0.508735
-0.115578
1.964473
2.904059
0.547679
0.251073
-0.481021
1.178079
0.151954
1.890752
-0.145631
-2.110274
-1.838496
-1.463673
1.460537
2.411365
2.145199
0.424181
2.270954
0.626173
0.618256
-1.095477
0.591682
1.323549
2.248129
2.626040
4.163162
3.945132
3.627317
1.332545
0.385521
-0.851637
2.265880
0.529028
-0.438779
2.688158
0.498093
-0.882856
-0.145537
-0.388242
-1.361469
-1.088534
1.426146
2.186610
2.799798
1.643799
1.887036
0.459851
0.579142
-2.525304
-0.922287
0.755389
1.523540
-0.782442
0.246737
2.010611
1.086876
-1.962503
1.413939
1.625165
2.507316
1.863281
-0.147971
1.082990
-0.217677
-0.844139
1.124809
1.899492
2.451729
1.202198
1.257473
-0.587497
1.585769
2.491028
0.021393
-0.405207
0.645225
1.952964
-0.165888
0.771834
-2.338748
2.032611
1.687642
-1.425182
-1.782364
1.214939
0.047963
0.293920
0.488571
0.768962
0.189784
2.914205
0.462469
2.830714
1.897498
3.286841
0.459589
-0.089784
0.816098
-0.007956
-2.059456
-1.231728
2.163316
2.106980
3.094723
0.603128
-0.675906
1.380450
1.646504
4.792758
-0.460201
-0.116486
-0.666394
-1.492549
1.519914
-0.531241
0.533524
-0.427213
0.746753
1.066217
3.479306
0.337195
2.278820
2.895369
1.061563
-0.702444
-0.281428
1.575298
1.817710
1.543435
2.663832
1.496986
1.222029
2.655095
0.723284
0.549656
1.490800
0.893269
-0.718818
0.818123
-0.151863
-0.142435
-0.206570
1.584048
-0.253456
0.604620
-0.385157
-1.668167
0.970144
0.488371
0.272419
-3.584617
-0.710476
0.949255
-0.938014
-0.742170
1.223310
1.428235
-1.270961
2.761352
1.374324
1.446129
-0.883097
-1.285628
-0.138211
-0.521842
-0.196468
-0.040513
-0.695379
0.549977
-1.861407
0.109841
2.265818
3.351907
1.868091
0.831178
1.684187
-1.228516
-0.538081
1.002525
0.074564
2.682525
1.562423
2.056753
-1.692008
-0.584921
2.377987
2.429400
0.452158
0.518045
0.121135
0.940378
0.140289
-1.719680
1.812209
2.254292
-1.802911
-1.782881
-2.198319
-0.742884
-0.646798
2.056629
2.326214
0.708953
-0.224544
-1.745891
0.882520
0.908505
2.492261
3.167494
-2.351866
1.730393
0.859373
-0.124403
1.628343
-0.296091
0.122809
2.794806
2.825053
2.820210
0.778759
2.246000
-0.460853
2.377672
1.977103
-0.135085
0.316809
1.897753
-1.442484
-0.182283
-0.107640
1.007284
-1.319070
1.207883
1.653984
-0.505560
-0.525082
0.354151
2.653013
2.017926
0.179207
0.357269
1.716756
0.527951
0.872180
1.267908
3.811451
1.434728
2.749322
2.778102
1.866383
-1.142093
-0.075364
0.404632
0.181657
3.074901
0.140647
-1.353318
-0.766579
0.947668
0.495268
1.176743
1.831200
3.175531
1.610005
0.049901
0.261248
-0.447345
1.842027
-0.133801
-1.432774
0.567284
0.430664
1.230317
2.934036
0.915363
0.693793
1.983793
1.918832
1.464903
2.209603
4.428596
2.553647
1.733377
2.905126
4.265794
1.996536
3.265694
1.958146
3.881764
1.851751
1.752761
1.428318
2.143689
1.957164
0.793718
1.910765
1.608191
1.807437
2.318800
0.729452
1.588025
1.967376
2.445988
1.355623
2.794960
3.120669
3.054508
2.329444
2.521602
0.943560
2.222296
2.936587
4.354598
3.950329
3.075264
1.976166
2.472725
2.435140
2.815906
2.071343
1.361722
2.114714
1.629643
4.724603
1.625441
2.359425
1.552136
3.246650
2.980097
3.211801
2.803994
2.007005
2.651661
2.684177
4.235114
2.252882
2.630501
1.823671
1.907829
2.545025
2.287435
1.508032
1.932151
4.614829
2.913208
2.027685
1.625023
1.636056
2.549499
0.551903
2.289337
1.824459
4.544958
2.793525
3.447790
3.216394
4.298199
4.309296
4.354005
2.444053
2.160421
2.522021
2.616976
3.232262
2.584403
2.346618
3.080106
1.437951
0.797172
2.273281
4.199733
2.880809
5.107734
2.875890
5.348786
2.619789
2.418017
2.705102
1.774908
4.391738
4.546784
1.741501
4.111690
1.445848
2.586841
3.690157
4.307226
2.130218
2.843797
1.205695
3.342022
4.326929
4.449980
3.837355
1.239604
2.662356
2.412802
1.473942
3.545419
2.943306
3.676255
2.281185
1.296160
0.927097
1.957559
3.342383
3.215585
2.941292
2.228238
3.085249
4.714450
1.693374
1.538022
4.363678
3.887944
2.668743
2.954584
3.158227
4.376123
4.082479
3.556555
-0.182770
3.072263
3.567501
3.303208
3.814338
3.630023
2.682759
1.414486
1.622797
2.826168
3.191123
2.302831
3.668498
4.315652
3.311383
2.842618
3.889705
1.942589
1.449433
2.922025
3.207076
2.928311
3.406387
2.712393
2.196041
5.230644
2.714628
1.917236
0.173754
3.682003
2.712357
2.583543
3.233783
2.506219
2.600637
0.987313
2.023690
2.712475
1.087511
1.988710
2.985360
2.143198
3.347047
2.015894
2.757868
3.537113
2.545696
5.269022
1.525150
3.821926
1.471201
2.645970
2.847795
3.198535
2.512217
2.696539
2.754816
3.731481
3.397896
2.282308
2.035209
0.386587
2.090538
0.815995
2.325094
4.850387
2.877277
2.661489
4.446754
2.205596
3.250429
3.429016
1.582912
1.838346
3.728364
1.355918
2.616305
2.045794
3.645392
2.649805
3.000465
3.146099
0.804669
2.593017
2.954511
3.670300
1.757548
0.335938
3.915474
1.254137
1.399519
1.659962
2.666469
2.613342
2.880617
5.311672
2.651763
3.448339
3.444148
1.519945
2.948544
2.561492
1.918184
3.902145
4.070634
2.184136
3.269303
3.619137
3.620475
2.256981
2.928427
4.461391
2.779257
6.689982
4.629517
3.468132
1.811150
-0.216031
1.165502
1.560984
1.405733
1.489585
2.392266
2.950384
5.058348
2.893819
3.555677
2.692832
2.463713
3.275167
2.634875
2.030469
1.143797
1.973913
1.773566
2.064674
2.547035
2.280555
1.215190
2.294275
1.495227
1.664048
2.695841
2.383794
0.775940
3.244878
1.957620
3.005760
3.808497
1.499979
2.485540
3.981467
2.139878
1.965608
2.491611
2.779228
2.180077
2.003505
3.107237
2.623526
2.662145
2.794628
3.210210
2.580012
1.760038
2.632496
2.010233
3.922117
2.471819
2.298750
3.251204
1.173940
1.764442
1.437833
2.233216
0.733597
1.967040
3.470144
0.830828
0.938125
1.993503
2.284328
2.426516
1.730558
3.082009
2.175894
3.519825
3.263542
5.592447
3.054687
2.075039
3.050061
1.871150
3.892372
0.655672
2.010932
3.042339
3.104083
1.653273
2.304789
3.229954
4.762695
1.314329
3.988729
2.653946
2.642290
2.464446
1.760705
3.584826
2.092589
4.325430
2.352479
1.266687
3.758883
4.242554
1.251585
2.686830
2.171972
3.327981
3.095273
2.478274
2.076651
2.929906
5.208906
4.717533
3.725225
1.555402
2.881492
3.347330
1.192084
2.434581
1.588215
4.977887
3.816009
4.159956
6.296121
2.842385
3.535995
2.469712
3.638461
0.625301
1.774998
1.930494
3.287276
3.661979
2.986538
1.707438
1.631089
1.420000
3.851030
2.617454
2.617316
3.128710
3.443027
1.841260
2.289109
3.163912
1.875416
3.093114
1.032332
3.131701
2.402465
3.113283
3.230879
0.786978
4.654899
2.677764
1.655537
2.960923
2.600061
1.443186
3.095181
4.344014
1.830099
2.310515
2.734674
2.085809
3.605723
2.981942
2.884429
3.905610
1.739325
2.138814
4.623433
3.128175
1.915148
1.046211
2.600525
1.388563
2.782247
2.232858
2.253592
2.109675
3.166306
4.007660
0.348467
1.635043
3.056239
3.223718
2.342660
0.863653
3.566488
2.589721
2.313098
2.991607
1.892427
2.884001
2.141146
1.598542
1.600837
3.526777
4.638532
1.142978
3.319872
2.062049
2.845934
1.854835
1.948975
0.327709
2.103014
1.278614
2.081713
2.882312
2.530470
2.642344
2.414142
3.008221
1.731887
4.075547
3.520496
2.707703
1.930520
2.311683
3.898440
3.905336
1.891147
1.028179
2.053362
0.753157
0.956982
3.463608
1.375133
5.062255
3.319200
2.602227
1.989080
0.512471
1.274904
1.980021
3.032537
3.226329
1.917391
4.321315
1.817642
3.362636
1.268689
2.875226
1.742252
1.374822
3.672192
1.462687
3.758383
4.657279
2.541646
1.206451
1.957493
4.000728
1.724416
3.564537
3.355768
3.934547
1.785986
2.005064
2.813790
2.395631
2.459337
2.171413
3.243402
3.122258
2.256028
3.848619
1.889775
2.562445
4.426370
1.167985
0.806527
2.384032
1.723829
1.825881
1.820338
1.683917
1.404430
2.035548
4.095831
3.343323
3.761209
3.471029
4.012991
1.162479
1.780577
2.370808
2.405538
3.542544
4.111559
4.701303
1.476864
1.600321
1.599638
2.318491
3.065545
1.514882
3.316749
1.858514
2.266223
2.220532
1.941395
2.569361
3.606452
2.147479
2.502271
1.744224
2.415791
2.737308
2.750040
2.388392
1.531371
2.419785
3.747762
3.485304
2.915927
1.741793
3.260971
1.070999
1.973276
2.808195
4.098039
1.698280
2.150381
3.109881
3.507816
1.899294
5.187555
2.671065
2.546734
2.985577
2.664642
1.328243
2.882714
2.670892
2.875425
2.658285
1.639017
2.698484
2.371514
3.750475
1.159042
1.552198
4.439995
2.841231
2.752648
3.308087
4.663760
0.900641
1.809383
2.858942
0.665911
1.915283
3.050191
3.964694
3.096403
1.347888
1.162663
3.875417
2.582003
3.541014
4.400205
3.470363
3.484826
3.548722
3.106987
1.602162
2.889827
1.864650
3.282435
3.235045
2.936133
1.628274
2.640088
1.574936
3.271789
2.091158
3.445820
1.807800
2.383995
1.950617
2.319852
3.214278
2.512189
1.780241
3.182703
3.765012
4.108025
3.291608
4.126337
2.712939
3.070704
2.249215
1.621542
3.121760
2.350454
1.465764
3.791890
2.953590
3.152004
1.310182
4.635406
1.500152
1.548242
1.957975
2.227403
2.852523
3.745958
3.157484
3.353450
0.501132
3.471484
2.636835
2.865025
0.543313
-0.343119
-1.075643
-5.638867
-3.507802
-1.818533
-0.419565
-0.601355
-2.176255
-0.619996
-1.383931
1.568123
-2.651171
-0.277892
-1.665582
0.360602
-0.035039
-2.406810
-2.490575
-1.552192
-3.587927
-2.848521
-0.720085
-0.867384
0.493933
0.604358
-3.312486
-2.560256
-0.143761
0.051027
-3.681406
-3.483472
-1.572752
0.719219
-1.052010
-0.099142
1.022139
-0.827481
-1.161679
0.555177
-0.804538
1.399170
0.809706
-0.134771
0.486136
-1.487203
-3.318769
-1.108068
-1.018841
-1.745932
-0.774173
1.921782
-0.656950
-0.663643
-0.845311
-2.680403
0.840766
2.431458
-1.076084
-0.229183
-0.350784
-0.767094
-0.998798
1.775186
0.835769
0.686866
0.718170
-0.787329
0.948323
-0.782933
-1.596866
-0.583504
-2.961173
-1.643022
-3.295087
0.612538
-2.460382
-2.301984
-0.186584
-1.396384
1.381254
0.966438
0.295479
1.099417
2.236266
-3.197350
1.081324
2.516864
1.736172
3.162710
-1.604340
-5.250685
-1.439888
0.957101
2.987083
3.183021
-1.418680
1.215649
-0.926159
-0.819823
-1.756402
-3.108084
0.629337
-0.310506
0.108219
3.429174
0.548730
-0.656150
2.687448
2.420296
-0.749930
-0.450904
0.903441
1.902189
0.414000
1.908822
2.650540
2.218280
-0.537130
0.518723
-3.058735
0.427863
-0.518679
-0.918786
0.052082
-0.611552
-0.270252
-1.877698
-0.086157
1.914626
2.828321
2.542343
-0.404546
-1.458042
-1.111030
-3.277861
-0.777434
-3.308121
-1.578388
1.666792
-0.399320
4.857235
0.446151
1.780486
-3.610507
-2.046232
-1.472087
-3.028380
-1.328263
1.337329
2.931873
0.505938
-4.035006
0.416529
0.391815
2.613068
1.555372
-0.835990
2.500629
-0.660995
-0.771604
-1.008550
-3.004777
0.555094
-2.122362
-2.538030
4.216681
2.210195
-2.033951
2.667363
1.389228
0.878920
0.149703
3.290095
1.756286
-0.667946
1.158810
4.353312
1.968934
-0.970696
-1.290339
1.860255
-0.556542
-0.802917
-1.686395
1.640124
2.467843
-0.378523
-0.778497
-1.200895
-0.578311
4.611042
-2.216370
-1.290604
-0.289292
1.268265
-0.755485
-4.070075
1.727677
0.539218
1.474654
0.965129
3.427899
0.519356
-2.450433
-3.139838
-1.084851
-4.168399
-2.378993
0.366576
0.906387
-1.156484
2.626031
-0.329050
-1.752775
-2.916561
-1.347748
-0.380717
1.865662
-2.303523
-2.505596
-0.688400
0.823858
1.619497
-0.217947
-0.538502
-0.685442
-0.417987
-0.218076
0.613389
-2.573117
-1.748845
-1.531239
-1.737608
-1.080500
-6.834306
-2.376430
-0.582217
-0.869387
-0.462231
-2.045835
0.835053
0.555721
-2.000107
-0.688461
0.567188
0.780175
1.014640
-2.238782
-2.734049
2.128494
-1.557923
0.987337
0.655796
-1.406196
-0.407456
-3.326650
3.426321
1.533842
3.318193
-1.711190
-3.408792
-0.338887
0.893749
-2.954620
-0.729249
-1.655006
0.838950
0.000138
-0.005900
1.150069
1.457103
0.732536
-1.867678
-1.532881
-1.477132
0.761654
1.469207
-0.027890
-1.227417
0.897071
0.225111
-0.989439
-0.655503
-0.290612
-1.599827
-0.496848
0.680905
-1.543462
-0.705968
-0.511703
0.966357
-2.467844
-1.359430
0.759594
-0.568388
-2.026089
-1.189717
-1.291944
3.759456
-1.029098
0.639804
1.352866
1.383254
2.938003
-0.421512
1.479947
0.654563
0.260681
-0.515044
-2.909268
0.214366
-1.246641
-0.417395
1.155725
1.513352
-0.919096
-0.081768
-0.914417
-0.060285
-0.238667
2.862036
-4.522161
-1.040951
1.750308
2.017389
-1.613725
-0.821397
1.019355
0.670882
-0.376004
-0.146299
2.385546
-0.878795
-3.384548
-2.495213
1.219542
2.045750
-3.783779
-2.693570
0.706068
0.016524
-4.005239
-1.658651
-2.342625
2.365239
-2.077520
-0.983026
-1.395358
-0.592314
-1.657203
-2.733652
-3.971235
-2.090394
0.144309
-1.986789
0.601868
0.104222
-3.916972
0.445933
0.504745
2.196779
-0.985721
-1.536501
-1.953542
-1.749897
-1.619518
-0.710543
0.386164
1.829979
-3.135588
-3.500227
-0.212230
-0.137470
-1.590807
-0.681427
-0.604471
-0.065992
2.857166
3.280470
-0.619504
2.241036
0.602742
-4.081178
-0.724028
-1.078421
-4.840970
0.189205
-1.724874
-1.944636
-1.084053
-1.209325
0.164190
2.342294
1.817620
-1.955705
-1.840525
1.665560
1.081752
0.138426
2.052141
-1.148647
1.806275
-1.884869
-1.058067
-0.723843
0.895671
-1.705517
-2.198058
1.875723
-2.399759
-1.273899
-3.762488
-0.524297
2.385990
0.907718
-0.099590
-0.459464
-0.863460
-3.862234
-1.648836
-1.012159
-1.311533
-0.526438
0.416598
-2.249035
-4.633276
-1.066058
3.748009
1.323996
-2.446069
0.608088
-2.109438
1.070903
-0.952231
2.178483
-1.728317
-0.679103
1.533896
1.904579
-0.395773
-1.768256
-0.882874
-1.617465
-0.951337
-1.185454
-1.893102
3.064110
0.692790
-2.119948
-1.185260
-2.252457
0.333283
-0.805319
-2.456610
-0.288801
0.943400
2.088709
-0.927696
0.019510
-0.573065
-1.681976
-3.266607
-0.688433
-1.101416
-0.040885
-2.512764
0.559294
2.580724
1.349479
-1.746203
-3.139363
-0.520977
-1.991746
-0.103450
0.867715
-0.941065
1.123231
-0.102241
0.774257
-1.155143
0.578598
-2.120314
-3.041859
-2.552017
-5.864891
0.103654
-1.820131
-0.691424
-1.552417
-2.531130
-3.909515
-0.081736
0.211362
3.311228
1.034847
0.336973
-0.936434
-0.022384
-2.689816
-1.440213
-0.153223
-0.644198
-0.693061
0.259052
0.161654
3.204765
1.425965
-1.082351
-1.949977
1.012533
-0.678032
-2.930643
-0.847426
1.176924
0.758254
2.002581
-0.829438
1.048136
0.573128
-1.207055
-0.189359
0.778346
-0.512125
0.718106
0.616361
0.633858
-0.474143
-1.434242
-1.295273
-1.918950
-0.975374
-1.962292
-0.921876
1.934421
4.055705
1.267324
1.186748
-1.997728
1.354776
1.570961
1.265305
0.439231
-1.183547
-0.198173
1.557210
1.054550
0.230485
-0.740870
1.742975
-3.769523
-2.751452
-2.632899
-0.775088
-2.337546
0.622216
-0.785983
-0.323631
2.860798
1.955474
1.736465
3.316683
0.656601
-0.778641
2.688167
0.623435
-0.875365
-0.372992
-2.594199
-0.018946
5.311490
-1.374782
-0.083915
2.182467
-2.559099
-2.370856
-2.305028
-1.842670
2.439583
2.571058
-0.010554
-2.344160
-0.302563
0.926358
0.873182
-0.721192
0.068773
-0.625728
-0.438023
-2.731731
-0.696320
1.659239
-2.825267
0.746415
-0.093946
-0.674833
-0.467252
1.310903
1.690522
-0.881037
-3.506371
-1.309769
0.062987
-1.011407
0.963240
1.680661
-3.092755
-3.190771
2.194467
-0.815401
-2.302079
-0.921515
-0.860447
-4.151620
-1.966501
-0.208089
0.180540
0.472310
1.289405
2.524057
0.054965
-1.043285
4.060235
4.154137
1.985960
1.093440
1.919941
0.270990
-0.409138
0.615028
-2.618547
-0.238088
-1.867948
-3.304909
-0.021039
-0.611223
-2.716927
-0.402534
-1.425480
0.898474
-4.440413
-1.167855
-1.287589
-0.817805
-2.859364
2.878360
1.793193
2.670718
-0.664907
-1.313962
0.519403
2.756732
2.143694
1.703997
-0.644433
2.764970
-2.530666
-1.378979
-4.109604
1.837110
0.759421
0.129920
1.028296
0.682292
-0.922554
2.850714
1.466131
0.735223
-2.514836
-0.529202
3.186747
0.830910
-1.307980
-0.873133
-1.312907
-1.222985
-5.532027
-3.433045
-1.565217
-2.510182
-0.992617
-0.326494
-2.207877
-2.349072
-1.082147
-1.056982
-0.770459
-1.469752
-1.330216
-0.868351
-0.730801
-0.316612
-1.528357
-0.261369
-1.959238
-1.111995
-1.903101
-5.490379
-6.085000
-4.684508
-1.336012
-1.770305
-6.266527
-5.936223
-5.171676
-6.264609
-6.147910
-4.088560
-4.446081
-4.185709
-4.017355
-6.206777
-4.993950
-3.565414
-5.268951
-5.765199
-4.698328
-5.442081
-4.875043
-6.822997
-3.693218
-6.849680
-1.115608
-7.477559
-6.197514
-4.932930
-3.874278
-5.420653
-4.381429
-2.555759
-4.397574
-5.326813
-5.119743
-4.023686
-4.298087
-5.253493
-4.596761
-3.050172
-3.942237
-3.960236
-5.801300
-4.884902
-5.588341
-5.389775
-0.505253
-2.659236
-5.692728
-4.981520
-4.045306
-3.475606
-2.956247
-4.125054
-4.720497
-4.543077
-3.801106
-6.001839
-5.913841
-3.828418
-3.620121
-4.232147
-2.650120
-5.723195
-4.411555
-4.231970
-5.536999
-5.129085
-2.526074
-4.647560
-2.809299
-6.909000
-4.889274
-5.565880
-5.385430
-4.914619
-4.321068
-5.010394
-4.510198
-4.861680
-3.702928
-3.877164
-3.297016
-2.071778
-2.488959
-3.968975
-2.326341
-3.392331
-4.509274
-3.203098
-5.142365
-2.407674
-4.624633
-5.815844
-0.359589
-3.557855
-4.822639
-3.229306
-3.266913
-3.433858
-5.053676
-3.406754
-2.731564
-4.983381
-4.515251
-4.123209
-6.587007
-7.956128
-7.695209
-5.347423
-3.943074
-5.999490
-4.309261
-4.586211
-5.515200
-1.504253
-5.703158
-4.877780
-0.560093
-8.036596
-5.500681
-3.724239
-3.437024
-3.811771
-5.511572
-4.067156
-4.555615
-4.225927
-2.905377
-4.324309
-3.983417
-3.985148
-4.976183
-4.794968
-3.226096
-5.838120
-7.076236
-4.070914
-5.536845
-7.275330
-2.344171
-5.912090
0.142326
-4.018809
-1.904633
-6.850047
-5.294299
-4.124155
-2.120491
-2.510234
-5.892793
-7.335242
-6.361704
-5.867133
-4.184331
-5.671918
-3.833220
-4.434663
-4.706748
-4.284810
-3.512210
-4.502344
-2.048859
-3.774777
-5.042972
-6.031828
-3.456268
-6.991498
-4.578369
-4.430225
-1.365621
-6.916176
-4.580857
-3.721931
-3.433411
-4.447351
-5.562928
-4.355777
-5.182008
-4.445372
-5.867647
-4.111944
-5.340070
-5.168715
-2.782518
-2.938658
-7.128175
-6.107602
-6.444920
-6.523619
-0.337916
-4.870500
-4.209705
-4.707936
-5.359147
-5.494833
-5.109685
-4.164905
-3.461945
-4.773443
-4.075955
-2.598864
-2.477304
-2.930915
-3.018252
-4.363470
-5.213548
-5.298384
-5.099359
-5.344783
-4.892369
-1.708656
-4.148357
-4.699450
-0.838100
-5.121093
-3.843853
-2.888563
-6.200152
-3.558553
-5.080895
-5.253166
-6.025577
-5.577312
-3.421248
-1.839539
-1.911335
-3.174957
-3.331617
-5.345727
-5.059091
-2.109019
-2.295980
-4.681404
-5.618632
-4.867065
-5.224517
-4.423673
-1.711360
-4.404343
-2.854902
-3.524366
-3.723636
-6.596102
-4.422349
-3.712473
-4.083284
-5.180858
-4.223125
-6.880452
-4.641770
-5.184245
-5.816601
-4.117590
-4.524156
-5.832992
-4.649619
-4.202016
-3.819834
-3.885398
-6.549191
-3.507413
-0.753545
-3.288910
-4.740170
-4.048967
-5.729198
-2.631811
-4.996091
-5.110182
-5.853765
-3.985280
-5.439233
-5.273902
-3.810373
-4.909529
-3.231811
-3.787416
-3.210244
-6.136366
-4.441083
-3.639317
-4.874724
-5.183709
-6.437752
-4.497448
-2.851650
-5.899561
-3.297320
-3.028798
-5.359464
-5.770051
-2.839364
-2.400285
-4.540060
-6.441558
-3.503510
-5.753716
-5.198130
-2.557935
-3.094267
-5.375937
-4.310421
-2.463779
-6.041180
-6.516319
-2.555950
-5.768461
-4.471043
-7.450991
-3.002545
-3.928402
-4.480842
-7.404064
-4.885134
-3.322904
-2.843728
-4.292487
-6.372360
-6.465433
-4.290598
-3.847194
-3.199345
-2.722809
-3.352038
-3.161020
-5.557253
-5.271703
-8.929949
-4.892914
-6.256156
-5.318170
-6.328017
-4.301112
-2.164137
-3.318072
-5.544501
-4.268453
-4.016949
-4.836043
-4.734221
-3.621851
-4.621606
-5.424930
-6.708258
-5.868244
-4.933856
-4.665428
-3.441699
-3.746009
-4.678306
-4.523560
-5.020817
-4.494732
-2.446986
-3.665846
-5.148608
-5.188431
-2.641794
-5.821117
-4.119998
-3.698391
-1.715634
-5.600994
-4.991785
-4.903871
-2.403883
-3.228354
-2.612208
-3.207907
-4.484564
-6.207682
-5.032343
-5.119754
-2.903641
-3.303055
-4.952786
-5.473376
-6.377257
-4.308366
-2.749048
-2.613128
-1.187615
-4.614097
-3.210435
-4.965613
-4.426044
-2.662259
-4.476810
-4.157924
-5.272183
-5.265001
-5.704649
-5.771832
-5.536231
-4.838013
-5.693709
-3.194841
-3.539419
-3.484910
-5.189689
-6.032811
-3.575061
-5.033607
-4.123696
-2.280829
-3.864064
-3.974015
-4.759045
-2.792648
-4.803400
-6.266856
-5.823578
-4.723801
-3.636797
-2.552500
-3.207201
-5.057290
-2.268054
-5.382023
-5.743175
-6.978333
-5.312119
-5.188488
-3.191409
-2.131470
-4.982991
-4.306512
-5.167910
-7.102285
-0.785835
-4.992775
-2.541060
-4.143391
-5.012846
-6.378788
-4.395274
-4.537091
-4.569812
-5.460032
-6.305860
-2.762014
-3.134304
-1.620978
-5.992521
-5.802321
-5.523013
-3.592472
-2.578696
-5.173543
-3.070260
-3.260439
-3.889969
-5.896158
-1.630832
-5.226568
-3.751158
-4.013902
-5.289854
-4.539655
-4.781069
-4.348568
-4.039509
-3.937854
-4.805343
-3.766770
-4.626253
-4.182380
-2.519045
-4.606546
-5.076692
-4.725496
-4.807450
-4.429163
-4.051725
-3.715381
-3.995165
-5.529561
-0.230425
-2.519628
-1.413078
-1.710859
-3.899192
-4.526835
-5.326703
-4.304068
-4.695065
-5.601483
-4.244581
-4.013474
-3.483447
-6.100523
-5.288790
-2.634899
-4.165893
-4.976201
-6.548384
-4.461509
-7.929893
-4.618442
-3.785141
-6.660378
-0.390826
-3.202292
-5.243110
-3.551531
-3.958609
-4.480351
-5.408454
-4.104569
-4.380179
-6.533484
-4.916649
-3.044567
-5.271006
-2.175493
-3.925789
-5.189703
-2.935413
-1.722597
-6.223814
-6.433245
-7.435385
-4.115533
-5.128805
-5.429052
-0.399364
-3.877622
-6.084321
-4.355084
-2.857108
-2.332233
-2.637148
-2.731734
-2.966707
-5.743443
-4.498201
-5.138980
-3.253141
-2.968944
-5.019377
-5.964144
-3.552799
-5.218202
-4.468744
-4.532327
-3.905424
-5.756522
-3.518852
-6.196088
-2.658845
-4.375472
-6.340130
-3.582337
-3.683267
-5.192823
-4.673960
-4.304860
-4.286376
-4.939282
-4.965428
-1.196837
-5.482298
-4.698099
-3.621691
-5.815906
-4.255057
-3.273059
-4.324528
-5.308608
-2.894608
-2.466932
-5.727947
-3.615141
-2.523765
-5.529017
-3.802691
-5.055030
-3.173517
-4.734224
-4.205717
-3.665393
-4.353460
-3.665076
-5.656062
-5.077794
-4.063466
-5.575878
-4.850914
-4.167189
-5.093362
-4.423488
-4.287342
-4.477282
-3.800257
-5.673534
-4.708694
-4.161162
-1.921800
-4.091855
-4.410606
-3.954516
-5.795455
-5.889300
-4.150287
-4.648828
-5.632079
-4.736892
-4.355213
-4.058599
-4.595873
-3.589967
-2.979143
-2.990917
-4.878553
-2.858767
-4.739326
-6.410966
-5.599525
-4.366636
-6.046499
-4.261930
-0.138960
-5.683063
-4.172415
-5.605389
-3.948850
-6.078231
-4.815640
-3.028586
-1.374162
-4.198393
-5.811025
-4.939443
-6.927740
-5.694270
-6.055427
-4.627450
-4.630821
-4.567063
-4.383540
-4.013773
-4.827186
-6.187313
-3.491375
-5.065277
0.924646
-1.597878
-1.374499
-3.785661
-0.674241
0.229021
-1.866440
-1.664091
-1.235445
-2.373539
-1.191154
-2.759820
-1.038977
-0.359322
-0.797282
-0.544758
2.484013
0.556482
-1.156609
-1.884713
-1.741330
-0.087870
0.984637
-3.242889
-1.713127
-1.394469
-0.268304
-4.977917
-3.828798
-6.799345
-4.901838
-2.730613
-1.279163
1.550717
-3.034333
-3.297695
-5.658615
-3.318968
-3.773355
-3.674175
-2.916651
-2.594533
-0.627366
-2.482634
-1.981525
-4.103353
-2.167657
-1.547220
-0.687033
-2.423172
-5.537307
-3.587892
-1.138981
-2.246800
-2.192788
-3.174709
-3.119527
-2.526445
-5.427886
-2.165338
-3.933294
-2.096297
-1.570324
-2.395969
-0.737107
-4.365246
-4.341308
-3.975178
-2.900913
-1.487190
-1.642404
-2.934985
-1.407123
-4.997849
-4.901093
-1.079681
-4.344196
-5.232850
-4.359603
-5.544125
-3.354819
-3.925954
-3.411001
-3.800957
-1.583493
-2.800148
-1.169558
-0.388982
-0.098052
-2.006551
-1.963990
-3.215730
-1.841655
1.351658
-3.079943
-4.110848
-1.714720
-2.042906
-1.965311
-1.507060
-2.765077
-2.765398
-2.496624
-4.379202
-3.038087
-0.580920
-1.713331
-0.504385
-1.982685
-3.833251
-5.251813
-2.153710
-1.176039
-3.427973
-4.462272
-3.565366
-3.175710
-0.325980
-1.876973
-4.466969
-2.731310
-4.076975
-1.779951
-5.665657
-0.974448
-2.900161
-2.472206
-3.533180
-4.486331
-3.092138
-0.050873
-1.425002
-3.064789
-3.164320
-2.310470
-3.223187
-4.090229
-4.891343
-2.308462
-2.737085
-5.387081
-2.833776
-2.187747
-2.441595
1.902759
-2.551917
-1.395384
-5.369162
-4.436849
-3.879094
-0.759959
-2.191614
-2.006372
-1.731779
-2.872913
-4.017977
-5.104383
-5.812400
-6.025089
-5.299649
-3.703642
-3.453322
-4.928177
-4.755144
-2.167191
-2.873011
-2.415756
-2.753920
-1.627985
-3.395032
-3.500496
-1.137270
-1.203836
-1.467521
-3.596275
-1.585637
-1.164492
0.588172
-0.238229
-2.421682
-3.697774
0.246184
-3.347489
-3.635581
-5.230436
-2.981577
0.027470
-2.579959
-5.396967
-4.685623
-2.893923
-3.420851
-0.083798
-2.998806
-1.941823
-0.153354
-3.147534
-2.857044
-1.038517
-4.461200
-3.368111
-2.022751
-4.434275
-0.495905
-3.130165
-4.124816
-3.443506
-3.662448
-3.683723
-2.972207
-2.600513
-3.319090
-4.581236
-3.326091
-1.981937
-2.925746
-1.184754
-1.960105
-0.632621
-3.647921
-2.614485
-3.242738
-4.121927
-1.901267
-3.194161
-4.618566
-0.447795
-1.200372
-2.584177
-2.270344
-5.785462
-3.373562
-4.703088
-4.024713
-2.999195
-4.829299
-5.386517
-4.395563
-6.581984
-4.001663
-2.650148
-2.005092
-2.225018
-2.509241
-5.031605
-3.225242
-0.910086
-2.512827
-5.780150
-5.495088
-7.507518
-6.945973
-4.219079
-6.075452
-6.125493
-4.862948
-4.749794
-5.383332
-6.269008
-3.546754
-2.478971
-3.678732
-3.807882
0.082852
-2.692653
-4.000595
-3.517677
-3.078415
-6.200630
-5.023922
-4.236344
-3.543120
-3.669075
-2.206799
-2.453742
-2.025228
-0.831964
-2.136830
-0.859112
-2.385873
-3.329929
-5.779371
-2.502528
-4.289665
-3.521700
-4.120558
-2.639466
-2.979830
-2.286424
-4.520136
-2.872432
-2.062417
-3.590808
-5.510995
-1.975317
-4.269544
-4.232871
-2.114870
-4.538450
-2.908765
-1.065906
-3.391920
-2.317976
-2.242690
-1.147396
-1.996943
-2.326068
-4.987393
-0.736571
-2.217417
-0.687104
-4.123721
-0.513296
-0.330913
-2.601867
-2.898150
-3.262572
-1.050893
-1.676119
-1.229824
-2.759318
-3.296311
-3.017477
-2.248924
-2.959583
-2.133424
-0.946313
-2.391033
-3.001478
-3.228193
-3.466195
-3.798376
-5.096309
-4.193990
-3.504811
-2.183890
0.806274
-2.764697
-2.655802
-4.368177
-3.272668
-3.865855
-4.660780
-4.434484
-3.161553
-4.236747
-3.814009
-4.208731
-4.368035
-5.751521
-4.893597
-4.291575
-4.654950
-1.345845
-1.892350
-1.108859
-2.261409
-1.520599
-5.851836
-1.234266
-1.722620
-1.250272
-0.765627
-2.438878
-3.621622
-3.747874
-3.479440
-5.225394
-3.238165
-0.413841
-3.352751
-5.688461
-3.866591
-2.744620
-3.549991
-3.406757
-2.771764
-3.517697
-3.053688
-5.995966
-6.070303
-5.795307
-3.158545
-3.829856
1.921264
-1.489933
-4.931321
-4.251351
-7.155249
-5.679730
-4.903053
-2.567992
-2.501882
-1.737810
-3.192807
-3.620239
-3.531485
-2.508987
-1.480843
-1.941235
-2.889359
-4.820278
-3.403923
-1.511384
-2.131586
-3.959663
-4.408341
-3.481070
-0.265986
-2.430425
-3.163512
-4.130270
-4.386678
-2.051498
0.057739
-3.193141
-2.421003
-1.056174
-4.163961
-2.310579
-4.090003
-4.760451
-5.291222
-4.077315
-3.635796
-2.565793
-1.444730
-4.410485
-2.247648
0.264662
-1.284045
-2.672960
-1.426582
-2.239628
-0.576843
-4.328948
-4.359623
-3.878179
-2.745226
-2.469745
-3.080928
-4.068869
-5.963081
-2.423257
-3.140909
-2.913934
-4.236462
-1.051322
-2.390076
-2.413656
-4.512939
-4.759433
1.126259
-0.813335
-4.114047
0.107252
0.286677
-4.025572
-4.411392
-2.977663
-3.655915
-2.319464
-4.629207
-3.336342
-2.096310
-2.394451
-4.817294
-3.438492
-2.126861
-2.945185
-3.523851
-3.586485
-4.459786
-4.553761
-3.832229
-2.612339
-0.211328
-1.873326
-7.669632
-2.368475
0.938333
-1.439542
-0.519571
-2.672708
-5.067731
-5.497959
-4.159163
-4.907776
-1.388952
-3.085214
-2.819824
-1.768404
0.143835
-3.198353
-2.283577
-2.044265
-1.480156
-2.100144
-1.646713
-3.756784
-5.447471
-1.292219
-2.586885
-2.554724
1.494053
-1.305409
-2.708920
-1.959604
-1.860051
-3.147291
-4.233982
0.268950
-2.573011
-3.927888
-3.240309
-1.805578
-0.482986
-4.446729
-3.409167
-4.295874
-0.395148
-3.594043
-3.604308
-3.989418
-3.560510
-2.803039
-4.499064
-5.657323
1.567783
-4.790438
-1.234692
-1.899998
-1.608214
-4.114518
-1.008049
0.052877
-1.450057
-1.109338
-5.302850
-2.714067
1.043792
-2.626668
-3.092299
-2.522046
-2.916834
-3.716223
-4.882403
-7.242780
-4.122795
-3.299134
-0.650505
-4.223648
-2.563932
-4.098497
-1.941182
-1.831754
-3.364731
-5.713643
-4.700913
-4.602454
-1.893701
-2.542734
-1.566664
-3.734165
-4.280957
-1.923963
-3.364566
-2.020181
-3.053497
-1.989576
-2.463667
-2.486054
-2.171590
-2.104668
-4.801868
-1.717707
-0.693184
-4.107785
-3.513870
-1.178121
-0.309196
-4.080826
-4.117556
-1.287151
-1.438321
-5.324449
-5.075559
-3.917302
-1.839524
-2.426195
-1.537848
-4.988192
-5.934559
-1.467356
-1.535886
0.177134
-3.111834
-4.210811
-1.150441
-0.348434
-1.181574
-1.783044
1.753586
-3.057159
-4.642817
-1.569899
-2.583975
-1.578388
-3.727314
-2.833058
-2.862929
-1.637429
-4.175225
-4.824602
-3.301784
-2.320214
-2.535289
-3.028258
-3.239129
-1.647770
-2.368217
-4.354420
-1.155147
-1.343202
1.308396
-2.245088
-0.796947
-2.328601
-2.198568
-0.727420
-3.490213
-0.934159
-1.847893
-0.005843
-1.844974
-4.782649
-3.476724
-3.143187
-5.257516
-2.032818
-3.539350
-4.086940
-4.298717
-4.531199
-5.191323
-3.670415
-1.370837
-3.910830
-2.432993
-2.409358
-1.590861
1.223654
-3.093817
-0.886480
-2.599861
-5.338203
-4.737767
-1.285123
-2.304097
-3.435922
-2.516744
-0.463576
-3.395491
-2.976657
-3.320759
-1.980671
-5.371075
-6.597330
-5.558913
-1.445179
-2.663076
-2.935734
1.254123
-0.074028
0.960626
1.506466
0.193577
-0.324381
-0.127795
1.644547
-0.967363
0.853630
-0.135302
1.628216
0.610576
-0.016487
1.269504
1.337003
0.744111
0.485687
0.173730
-0.519203
-0.349030
0.317916
1.458524
0.106335
0.434156
0.428491
-0.032929
0.110287
-2.200169
-1.649681
0.235072
-0.737738
-0.646202
-0.379735
-0.402988
0.726359
1.045599
0.596815
-0.190090
0.008176
-0.508997
1.080272
0.085829
-0.709645
-0.511141
-0.405682
-2.096492
-0.033432
1.673659
-0.337389
-1.831600
-0.329807
-4.209086
1.180066
-0.198260
0.523119
-1.108554
-1.628649
-0.622433
0.750459
1.754738
0.385979
1.014074
-0.178660
-0.586672
0.359192
-2.246826
-0.297736
-0.337298
-0.399521
0.434979
-2.681111
-0.711576
-0.821536
-0.144080
-1.065296
0.204658
0.094549
-1.757596
-0.110944
0.801292
-0.275275
-0.663062
-0.389435
-0.828968
-0.170518
1.137756
-1.129711
-1.960843
1.893070
0.570849
0.787828
-1.418370
-2.353567
-0.460009
-0.356609
1.424333
-0.049554
-1.583156
-1.085191
0.909798
0.949975
0.538752
0.654659
0.554425
-0.228843
1.140759
-1.330432
-1.496176
-2.272147
-3.293132
-2.540157
-1.323185
-1.376848
0.848446
-0.517671
0.016045
-2.114543
0.335561
0.437829
-0.162051
-0.443152
-0.090680
1.703550
-0.852312
1.068531
-1.691695
-0.201091
-0.370364
-1.237121
-1.874404
-0.595827
1.363125
1.753491
0.108040
-0.385188
-0.350404
-1.600728
-1.715696
0.281109
-1.336061
-2.150497
-0.720669
-0.465740
-0.305080
1.284558
-2.110344
-0.649791
-1.128073
-1.688172
-1.676958
0.041840
0.096982
-0.018824
-0.785745
-1.552318
-0.368695
-2.350912
-2.987934
-0.125911
-0.932275
-0.116956
-0.988215
-0.735958
0.115308
1.414924
-2.207505
-1.013907
0.030911
-1.652288
-2.136619
0.469232
-0.173380
0.823131
-1.882457
-1.362015
1.085470
-0.781162
0.340252
-0.717439
1.235071
-0.407558
-0.269437
-1.036191
-0.365335
-1.958835
-0.955570
1.073965
-1.085173
-1.314114
-1.143566
-0.945352
-1.706532
-1.064189
-0.798355
-3.291793
-0.129940
-1.646163
0.249599
-1.802604
-0.542824
0.062532
-1.092393
-0.811374
1.658616
-0.306042
-0.094996
-1.128066
1.668992
0.670639
0.828374
0.685275
2.096307
1.220615
0.383847
-1.849803
-0.538698
-2.789567
-0.102010
-1.656272
0.529991
-0.856212
0.249391
-0.230082
-0.256835
-1.682574
-0.152432
-0.749108
-0.826181
-1.322773
-0.435990
-0.820161
0.086854
-0.391824
0.007086
-0.993859
-0.189333
-0.609713
-1.765740
-1.436819
0.153447
-2.864013
-2.619372
-1.616735
0.495525
-1.567880
-0.103527
-0.638623
0.797204
-1.562022
-3.861979
-3.453656
-2.135461
-0.702886
-2.632031
0.080352
-1.624598
-2.036781
-1.778217
-2.225537
-0.285642
-1.008645
-0.201411
0.323879
0.432772
-0.652053
0.142751
-0.623992
-0.745837
-1.375002
-1.208271
0.402440
0.534648
-1.441853
0.447204
0.689257
-0.476235
-0.521572
1.208585
1.382161
-1.927845
1.090837
0.890002
0.353490
0.773064
-0.911700
-1.884398
0.921011
0.065301
-0.156671
1.236800
-0.585173
-0.274762
-0.356123
-1.383544
1.533089
-1.695382
0.472312
0.503370
-1.603263
-0.785935
-0.315309
-1.326835
-0.703335
-0.429663
0.512658
-0.798648
-1.407014
-1.656516
0.545015
-0.039026
0.015975
0.435095
-1.073762
-2.431327
-1.455703
-0.297037
-1.128556
-0.180662
0.482687
-0.181102
-2.362090
-0.459058
-0.020703
-1.348282
-0.202007
-0.505189
-0.278489
0.002452
-0.971293
-0.745656
0.771471
-2.044002
-1.725572
-1.147435
-0.563438
-0.990610
-0.465004
-0.300381
1.683425
-0.168292
-1.616473
-1.668929
0.056537
0.125493
0.764408
-1.124242
-1.180180
0.085893
-1.770438
-1.452577
-0.088159
1.049316
0.291397
-1.181411
-0.794184
-0.089317
-0.464822
1.951509
-0.337862
-0.900435
0.170160
-0.117127
-0.234304
1.447957
0.071091
-0.837263
1.384245
-0.386501
-1.174878
0.408990
-0.391053
0.926796
0.830952
-1.866014
-1.426726
0.295029
-0.617921
-1.080565
-1.825028
-1.296424
-0.580102
-0.127516
-0.030337
-1.656892
-0.094483
-0.060719
-0.301556
-0.067397
1.625079
-1.665416
-0.305904
-2.445552
-0.875835
-0.933456
-0.387671
0.963777
1.383979
-0.563047
-2.315129
-0.889192
-0.046473
-0.063055
0.486672
0.017602
0.370120
-2.092266
-1.721518
-1.568623
-0.317211
1.123046
-1.044829
1.296664
-0.027521
-2.295406
-2.657963
-0.425702
-0.797729
0.110667
-0.946250
1.740542
-2.220575
-1.661630
-1.775744
0.974008
-1.563161
0.240451
1.881114
-2.742744
-0.834302
0.178022
-1.562315
-0.625411
-0.943440
0.520115
-0.222329
0.047296
-0.684469
0.560661
0.030018
0.518561
-0.668812
-0.841197
-1.829716
-2.024654
-0.822847
-0.099700
-1.889292
1.601878
1.210474
-0.027231
-1.654118
-0.404896
-1.125317
0.316939
-0.584523
-1.199365
-0.809839
-1.282470
1.165455
0.134075
-1.029139
-0.537958
-0.772359
0.217047
0.726132
0.112048
-0.461411
-0.604374
-1.099897
-0.563068
-0.999619
1.006090
-0.188315
-1.793918
-0.427999
-1.928519
-2.616030
-0.397711
-2.008068
0.033233
0.038516
-0.237667
0.470454
1.467671
-1.680968
-0.963141
-1.385917
0.487499
0.444164
1.149443
-0.851990
-0.184426
1.414505
-2.089355
-0.759488
-0.251029
-0.371870
-0.208788
1.828805
-2.146788
-1.497586
0.389758
-0.631862
-0.849464
-0.298993
-1.066975
0.239476
0.826700
1.074166
-1.289928
-0.939766
0.302036
0.817790
0.525255
-1.399045
-2.665862
2.140063
-0.935986
-1.345191
-0.801997
1.122343
-0.750780
-0.248575
1.908167
-0.019977
0.095171
-1.756298
-0.581898
-0.069568
-0.856664
1.388696
0.322655
-0.716097
-0.852352
-1.452850
0.455945
-3.612914
-2.530980
-0.003547
-2.961636
-0.915680
0.875697
0.919375
0.318321
-1.619453
-1.214341
0.790700
0.895999
-1.620451
0.247194
-1.559127
-1.178330
0.465681
-1.947747
1.339229
-1.027867
-0.638713
-0.893193
-1.552539
-1.187851
-3.333998
-0.998864
-0.193096
-3.496331
-0.183150
-0.420314
0.217316
1.438018
0.551722
-1.822551
-0.202854
-1.422582
-0.246267
-2.357537
-0.737121
0.287415
-1.119117
-2.921287
-2.606831
-0.646377
2.633666
0.587095
0.754502
-1.445487
-1.859554
-1.301056
-1.011394
0.160708
-0.506982
-0.994728
-2.843774
-1.176796
-1.494282
0.259765
-0.858815
0.003407
-1.044650
-1.016362
-1.424795
-0.778720
-1.400368
-0.994770
0.131332
-2.752118
-0.343212
0.004240
0.174054
0.100870
-0.443095
-0.493874
0.193010
-1.808281
0.576841
-0.017780
-2.293329
-1.284830
-0.221343
-0.531716
-1.680910
-0.601625
0.895662
-1.719848
-1.032962
0.070807
0.277823
-1.088630
-1.101253
1.698885
-2.789573
-1.394239
0.778344
-0.168991
-0.617474
-0.590180
0.350853
-0.336536
-1.412326
-0.476218
-0.512789
0.848139
0.217261
0.952108
0.161339
0.571647
-1.102680
-1.343565
-0.208433
-0.454288
0.195272
-0.942152
-1.452796
0.058984
-2.093933
0.211992
-1.332127
-1.067837
-0.227414
0.878536
-0.130376
-2.174904
-1.122966
-0.185907
-0.618833
0.770681
0.083615
-3.045035
-1.116394
0.178054
0.372706
-0.090678
0.695239
0.549418
0.178140
0.626852
-1.291771
-2.501772
-0.700095
-1.528078
-2.427677
0.593065
-1.392526
-1.284747
-0.863420
-1.958553
-0.657608
-0.922589
-0.249761
-1.538662
0.303136
0.376149
0.339207
-1.876841
-0.811229
-0.713328
0.388882
1.524258
-1.530643
-1.292941
-2.181616
-0.747956
-2.412848
-2.501685
-0.555738
-3.115598
-0.965022
-2.952937
-1.010347
-3.499888
-0.248657
-1.830544
-4.385047
-3.182252
-0.818251
-2.347407
-0.360911
-1.820243
-0.441606
-1.850115
-3.015857
1.425948
-3.355826
-2.217700
-3.071793
-5.108747
-4.295470
-1.462921
-3.485175
-1.411782
-2.289992
-1.903405
-2.010220
-1.937313
-0.938936
-1.332709
0.651265
-1.509043
-0.937735
0.131162
-2.778835
-1.941971
-1.581306
-1.820054
-2.573886
1.068472
-2.203577
-2.237248
-4.572222
-5.315256
-2.677006
0.257264
-2.782257
-0.871093
-2.893272
0.036050
-1.843531
-1.222550
-3.950051
-1.373253
-1.228308
-2.082014
-1.500875
-4.082695
-1.079037
-2.282327
-1.822175
-1.158579
-0.810990
2.043651
-2.767387
-1.668633
-2.923429
-2.603236
-2.477136
-1.287374
-1.070657
-2.579873
-3.800299
-3.167089
-0.592505
-2.203114
-1.516479
-1.310910
-0.560885
-1.629834
-1.495707
-2.363474
-2.885421
-3.911386
-2.158831
-0.638975
-1.975204
0.850232
-1.515767
-2.226430
-3.401714
-0.330663
0.317986
-1.542048
-2.442700
-2.834146
-0.523062
-1.321054
-0.667831
-4.032619
-4.317762
-3.140314
-1.276907
-4.216715
-1.475480
-2.662756
-2.613022
-3.209479
-1.011701
-1.678758
-3.341328
-0.102083
-3.225881
-3.736749
-1.552807
0.036069
-1.865672
-1.036502
-3.476084
-1.702842
-1.566270
-1.697679
-2.868967
-2.187391
-0.979027
-3.646392
-2.162341
-0.450256
-2.279110
-4.103891
-1.128090
-2.761360
-2.369807
-1.111334
-2.281741
1.655056
-4.626008
-1.756752
-1.032110
0.235877
-3.508828
0.208263
-1.480460
-3.477918
-2.706470
-1.338473
-0.832234
-1.680719
-0.944041
-3.349460
-1.902339
-1.602572
-2.444945
-1.103063
-0.689801
-0.698594
-2.180483
-1.272757
-3.749321
0.843886
-2.110631
-1.295494
-1.501736
-1.646180
-1.253542
-2.398951
-1.489149
-1.417102
-1.767209
-3.130749
-2.565121
-2.350604
-3.934729
-2.829718
-1.490351
-1.983259
-3.726180
-0.815309
-2.659939
-1.902934
-2.843199
-0.349163
-2.573827
1.145611
-3.725016
-1.681021
-1.070881
-1.260116
-3.799666
-1.834607
-1.973877
-0.657634
-1.166087
-1.391859
-0.626466
-2.362746
-0.349876
-2.430979
-1.285252
-0.104797
-2.996971
-2.903257
0.154438
-1.871054
-0.862527
-1.382914
-0.830090
1.171094
-2.244013
-0.594347
-0.535663
-1.843423
-0.873212
-0.734295
-2.608120
-3.275229
-1.706514
-1.749150
-1.810022
0.445780
0.227705
-0.107534
-1.194372
-0.838959
-1.591969
-3.071891
-1.397146
-3.588142
-1.626679
-1.630383
-1.312734
-0.653096
-2.666393
-2.227310
-0.895302
-0.365097
-2.835181
-2.796750
-1.607835
-1.548480
-1.580512
-0.849430
-1.439714
-2.599746
-1.537601
-2.125632
-1.645736
-0.639081
-3.252956
-1.023554
-0.118648
-3.061489
-1.199992
-1.020157
-4.132829
0.648755
-1.589707
-1.975117
-0.869051
-1.882391
-4.260862
-0.778943
-1.790542
-2.508122
-4.269803
-2.789580
-1.893533
-1.805951
-0.722035
-2.215484
-1.142988
-2.388844
-1.847391
-0.846065
-0.875148
-0.406499
-1.447108
-1.030497
-2.092486
0.080744
-1.803682
-2.333886
-0.499694
-1.629717
-2.230237
-3.217018
0.080169
-3.325671
-2.559685
-3.287084
-1.897951
-3.914303
-1.347692
-2.249137
-2.993481
-2.530846
-2.255914
-2.220424
-2.559909
-1.171308
-2.366810
-2.003808
-1.348226
0.340067
-3.093454
-0.426069
-3.837072
-3.533750
-1.627488
-2.381150
-1.050725
-2.477695
-4.404619
-1.230284
-1.275091
-1.922409
-1.082508
-1.252800
-1.900192
-1.697784
-2.591996
-2.241881
-2.470203
-0.908385
-3.315966
-4.446318
-3.304376
-1.478922
-0.957347
-0.496702
-2.121034
0.020419
-0.121044
-2.290940
-0.566332
-3.942160
-2.215031
-2.469448
-1.653792
-3.389266
-1.634119
-1.694093
-1.835053
-0.259402
-4.226445
-1.052549
-2.719520
-1.220926
-1.565783
-2.669508
-2.738545
-1.069017
-1.662875
-3.114231
-2.924593
-2.028952
-1.967675
-1.729322
-1.589592
-1.831716
-2.574995
-2.847451
1.325398
-1.643325
-3.027197
-3.529675
-1.714855
-1.767666
-2.290575
0.437763
-3.193821
0.551451
-0.322269
-0.955421
0.336192
0.417457
-3.339932
-3.696231
-2.564506
-1.814660
-1.470751
-2.322304
0.119176
-1.916728
-3.333639
-2.337921
-2.332506
-3.458227
-2.889464
-4.679981
-1.158821
-3.126397
-0.136459
-3.248329
-3.300798
-0.917709
-4.122023
-1.288761
-0.357233
1.098924
-2.305934
-0.395407
-0.259811
-1.534395
-1.914025
-4.889049
-2.943495
-1.263913
-1.904930
-1.218025
-2.357187
-1.389237
-0.654987
-3.624564
-2.223699
-0.450978
-2.789849
-2.700747
0.660602
-1.256840
-2.311661
-1.379347
-2.632233
-0.266076
-1.562650
-3.064240
0.242864
-1.070066
-3.333390
-2.564495
-1.792110
-3.193743
-1.093444
0.315040
-2.842904
-0.196567
-1.273664
-2.531161
-2.795899
-2.885191
-2.452519
-0.421016
-0.663630
-3.108935
-1.519589
-3.174140
-4.813069
0.237478
-1.426206
-1.535945
-0.125090
-0.533178
-4.012033
0.930203
-3.384126
-2.853129
-0.465786
-0.989789
-0.539265
-3.822591
-1.139266
-1.294711
-3.005679
-2.817827
-4.028939
-1.389156
-1.376222
-0.959235
-3.389878
-1.768335
-2.154161
1.065186
-1.511306
-1.623656
0.855460
0.001875
-1.338253
-2.887847
-2.449474
-0.547681
-2.979583
-3.914544
-0.979932
-4.082446
-4.325879
-0.680378
-1.693977
-2.591696
-0.668937
-3.323537
-2.290388
-3.888821
-1.510080
-2.615099
-3.132600
-0.657486
-2.122744
-1.773716
-1.965992
0.006722
-0.886293
0.502730
-1.181771
-0.520557
-4.065979
-2.223150
-1.478971
-1.812825
-3.378229
-0.486978
-1.281992
-0.366017
1.033267
-0.135435
-3.218361
-3.909001
-1.244408
-2.167836
-1.631566
0.102823
-2.633437
-2.264031
-3.195033
-1.064471
-1.069170
-1.007029
-2.754308
-0.943825
-1.893826
-0.852941
-1.868483
-2.358407
-1.174765
-0.976795
-3.978852
-3.582996
-1.577865
-2.144353
-0.744228
-0.717932
-2.959042
-2.262216
-2.481879
0.463430
-1.367852
-2.490313
-1.360132
-2.285463
-1.715970
-0.624224
-1.646295
-1.892332
-1.913002
-1.767839
-0.754852
-1.306432
-2.163424
1.654585
-2.693713
-3.030180
-2.173753
1.369312
-1.984654
-0.402225
-2.270726
-0.530892
-2.362339
0.294359
-0.731701
-2.421845
-1.707311
-2.140363
-1.585609
0.555990
-1.465513
-1.017579
-1.512764
-1.565342
-0.599058
-1.985720
-3.305857
-1.319958
-1.974478
-0.401007
-2.092485
-1.088528
-2.228746
-1.764932
-1.341278
-2.285613
-2.233116
1.024899
-2.582122
-1.339999
-2.033160
-2.096221
-1.393970
-0.289221
-0.715824
-1.046502
-1.878367
-1.452325
-0.039380
-1.839112
-2.903824
-0.898541
-1.949185
-2.792242
-2.129551
-1.582855
-5.281770
-2.280712
-3.053452
-1.709482
-1.723939
0.132532
-2.440915
-2.574898
-0.983449
-1.441473
-2.939929
-2.385139
-2.034483
-1.124453
-0.116056
-2.187126
-1.151717
-2.919459
-1.647706
-1.103567
-1.464799
-2.879952
-1.960649
-1.783594
-3.656912
-2.565795
-2.519870
-3.202480
-1.192728
-1.240276
-0.222314
-0.414012
2.297816
0.479348
4.819814
1.392679
-0.463390
1.607782
1.206765
0.632887
0.161967
0.345673
0.983081
0.459935
1.688288
0.100376
1.305763
0.767182
-0.444094
-0.017624
0.787131
1.892868
-0.449667
0.215262
2.089925
-1.327528
-0.611629
-0.782459
-1.860613
0.435437
3.140119
-2.090389
1.466167
0.639801
2.727145
-2.449978
1.799653
2.095435
1.320059
0.648728
2.693793
3.194133
1.400856
0.724276
1.184421
-2.565107
2.606946
0.521019
-2.289485
-1.095525
-0.203391
2.201466
1.676257
3.448667
-0.056799
1.551678
1.082842
0.228001
0.034278
0.252186
0.991007
-0.940804
0.157727
-0.775440
0.300674
-3.525635
-0.599957
2.643016
0.116173
0.762515
-1.711451
-0.363549
-0.270015
0.831904
2.750488
-0.126662
-0.147425
-1.844052
-0.588262
-0.723163
0.945017
-1.192721
2.814616
1.357528
-0.393571
2.251043
-0.393704
1.755606
0.335631
0.564498
0.914681
-1.423061
4.219283
2.020761
0.215026
1.175883
1.158353
0.462220
0.901369
2.240314
2.189534
1.510509
1.187722
2.461456
3.937118
2.785418
4.520605
0.360529
2.641309
0.385107
-0.403851
1.011390
3.837621
2.336703
-0.909083
1.826245
1.863576
-0.678377
0.979899
-0.809091
-0.346619
1.265901
-0.573921
-0.854999
1.505185
0.378633
0.070057
1.422272
2.517599
1.833595
2.003443
0.138371
2.675228
2.297886
0.891549
0.509420
1.735615
0.569153
1.910964
0.348878
0.515511
-1.663990
1.232626
0.413537
1.247685
1.881492
2.045480
-1.726915
-1.152900
1.926817
0.257275
-0.404020
1.922355
0.474672
-2.080142
3.234336
-0.970953
-0.836033
1.460738
2.124533
1.243030
-0.620925
1.181767
-0.105150
0.967705
3.819722
-1.558808
0.804325
2.247855
3.459756
2.305624
1.721834
2.985595
-0.675475
-0.565687
2.235502
3.164397
3.898202
3.427745
2.409489
-1.364779
-0.052836
-0.391313
0.202713
0.905345
0.236770
-0.529127
-0.681045
-2.977439
1.540139
2.189979
-0.009183
2.260919
1.722674
-3.686635
-1.340804
1.725685
3.327826
0.334710
0.613263
5.711239
0.873005
1.335846
2.479464
2.297304
-0.171311
-0.955837
0.635601
2.024799
-0.284893
3.366119
1.798782
0.194496
-0.860752
-0.140050
0.461571
2.791634
1.044087
-1.185714
0.863238
1.383132
1.780960
1.601503
-0.094689
-1.185240
0.662645
1.798295
0.296580
-0.173993
-0.365545
0.079924
-0.375591
1.059388
1.383906
-4.051248
0.192391
-1.903826
0.311796
-1.894075
0.927091
-2.552795
-1.412255
-0.805429
-1.432138
1.870753
2.644820
2.398825
0.026633
0.452270
-3.225105
-6.310363
-1.729875
-2.714496
-3.517301
-3.008273
-0.603747
-0.257688
-0.427243
-0.203687
-2.349161
0.030883
1.680274
0.325958
-2.018031
1.615139
-0.654120
0.653275
-2.705167
-0.989997
1.827055
2.554223
-0.023100
-2.130059
0.736525
2.571441
3.081841
2.865263
2.079989
3.484025
0.335574
-0.718578
1.643237
0.015554
1.649309
-0.144114
2.773815
-0.891388
0.020405
2.905650
1.713914
0.874253
0.059750
-0.172283
-1.812120
-0.728845
0.114078
2.409423
0.584758
0.116785
-0.841072
0.881055
1.279960
1.253311
1.667815
-0.399328
1.391096
-0.768391
0.334993
0.785222
-2.213990
-0.984727
2.430489
3.206295
0.016398
-0.509884
2.018129
1.614119
0.523995
2.550544
1.904748
1.323952
-0.742132
2.110542
1.657789
1.743087
-0.282129
-2.741081
2.481428
1.565413
0.655938
3.105183
-0.906440
-2.952341
-1.109792
-0.651921
0.502208
0.624539
0.571954
1.863163
2.766948
1.286658
-1.105065
0.481609
0.624366
4.389021
-0.548716
0.660544
-1.701292
0.909327
-3.505709
-0.062563
0.431341
-0.149362
1.528927
0.379113
1.774495
1.150132
-0.821908
0.374570
-1.487877
0.777770
-0.015824
-0.213944
0.055012
-0.924689
-0.369536
0.485373
-0.674771
1.908541
-1.720907
-1.206328
2.129921
1.246400
-0.304683
0.921006
0.892272
0.318769
3.554785
0.215669
1.999162
0.261596
-0.747866
-0.893440
2.003929
3.295893
-0.160722
0.925940
-3.125896
-0.621054
-1.625054
2.135106
1.813685
1.457159
0.219569
0.954736
0.621504
3.487458
2.899378
3.085138
2.614163
-1.405426
1.417484
0.064658
1.505515
0.507160
-0.858750
-3.858905
-1.895077
3.097656
-2.185910
0.166266
1.804226
1.536192
1.650440
-3.277560
0.768234
2.606760
-0.542074
0.461112
1.737486
1.843905
-1.149729
-0.044343
0.968561
-1.337982
-1.479836
0.825044
1.892997
2.696125
0.248809
-1.126170
-1.775810
0.884047
0.257036
0.834344
0.529473
-0.529751
-1.532550
0.751056
2.088079
-2.267438
2.838599
-0.226870
-0.472881
0.755132
0.188477
1.616358
4.803002
-1.568290
-0.234950
-1.402265
1.091125
0.706024
1.913265
-1.737256
1.687802
2.762933
0.301573
2.437515
1.523373
-0.352057
2.235598
2.605038
1.601964
1.570897
-2.258241
0.282774
3.705280
-0.810145
-1.093203
2.031618
-0.470042
-0.736695
-0.248551
0.846402
0.232656
0.816367
-2.086724
-2.526095
2.079033
1.981444
0.297143
-1.597228
-2.145617
-1.738354
-0.017972
-3.355533
-0.147813
0.080874
-4.185872
-0.530195
0.643136
2.298060
-0.283854
1.277717
-0.262137
1.549983
0.531923
0.519092
-1.682401
0.175113
-0.136767
-2.819673
0.454442
-0.059044
3.100761
-0.474918
2.067868
0.095891
0.439309
0.466317
-2.199471
1.642562
3.020949
0.201062
1.137998
1.167169
-0.693681
1.237054
1.021545
1.309602
0.874865
0.070189
5.194439
2.544940
1.576117
-7.241925
0.860019
1.786561
0.480354
2.312772
-0.902670
-0.636164
1.329738
1.272185
-2.494256
2.011529
2.768311
0.068020
0.561319
0.448426
1.136817
-0.064539
-1.332274
0.521728
-1.278511
0.992237
2.649409
-1.523297
2.037813
-0.546540
-0.654041
1.609806
-0.678917
1.205197
-1.635537
-0.108108
-0.708976
-1.439104
1.665237
2.685226
2.250452
2.107213
0.200580
1.192203
0.830547
1.390693
2.835234
2.971849
3.670380
2.113421
-2.576929
1.117591
-0.344572
-0.977551
1.421306
1.497002
0.908218
0.102158
1.376223
2.660329
1.708284
3.034629
2.467133
-2.393974
0.705222
1.066007
-1.908312
0.331411
2.473919
-0.103196
-0.742789
0.686156
1.803156
0.266299
1.105055
0.300273
2.549565
-1.257858
-1.361923
1.472258
0.529831
-0.987608
-2.426098
0.260497
-0.632954
-0.476687
-1.023410
1.817358
-1.796492
2.249363
-1.555715
-1.984099
-0.609501
1.665691
0.206863
-1.839075
2.897662
-0.460797
1.817846
1.702289
1.299423
0.337288
0.746964
2.120027
0.898453
2.982815
2.173023
2.157049
-0.568646
0.084579
1.468028
3.376628
0.103467
-1.575191
-0.848629
-0.588724
-1.358071
-0.340539
-1.648833
-0.173912
-0.910793
-0.506963
-0.547282
1.791351
3.692291
1.089043
-2.239995
-2.729838
0.189403
2.357215
2.877071
0.495813
1.446191
1.712377
-2.000313
2.746003
-1.130821
-0.424187
1.222038
1.469980
-0.797204
0.760513
-0.569532
1.401078
-3.015989
-0.168882
-0.397842
2.837087
2.236866
-0.400490
2.887209
2.857964
3.651099
4.735273
2.243859
3.883355
1.627465
2.570984
3.185814
1.805150
3.193827
2.499896
2.102783
4.103688
3.086136
1.968720
2.421125
1.778306
2.697801
2.630030
2.853812
1.072686
1.261789
1.733209
3.759040
-0.604185
-1.530194
-1.035938
-2.943532
0.600749
-0.396287
-0.400771
0.004886
-1.416430
1.370771
0.096362
-1.112073
0.111543
1.018249
1.467649
-0.524948
-0.139739
0.554848
0.771930
0.847140
0.561933
0.909335
-1.826834
4.009324
-1.798916
-0.456470
0.696515
1.283360
0.303012
1.082675
1.576015
-0.664034
-0.600659
-1.038629
0.508155
-0.419884
-1.769084
-1.435929
0.681607
-1.729308
-1.343241
0.045696
-1.493396
0.808679
0.409004
-0.708826
-0.421006
1.485907
-1.287189
-0.295822
0.477188
0.214848
0.544284
-0.057468
-0.867834
2.510958
0.377523
0.400554
0.358631
1.907734
0.367063
-1.324737
-1.351652
-3.462403
2.324597
-1.642773
-1.499638
-1.136616
-0.111662
-0.790157
1.048829
4.085505
1.314834
-1.012762
-1.400766
1.233115
0.444911
0.418166
1.024873
0.664521
1.756226
-0.624989
0.115907
-1.594959
-0.404339
-1.756245
-0.791209
-1.384817
0.734153
-1.630090
-0.923118
-1.142614
-1.248278
-0.794060
-1.048300
2.848435
-1.925084
-1.448031
0.506325
-2.014820
0.566296
-2.060420
-0.078228
-0.176605
2.658447
0.651373
-0.445388
0.722857
1.147602
-0.489928
-1.241487
-1.009587
0.975083
-2.001831
-0.609923
1.669031
-0.698743
-0.933731
1.897799
1.651725
-0.273094
0.449092
-2.348239
-1.712988
1.026166
0.260022
-0.394516
0.927911
-0.208055
-0.116376
0.815474
0.133349
0.247926
-3.057827
-2.125458
-2.139392
1.142893
-2.289275
-1.460214
0.014268
-0.049249
-0.406303
1.226757
2.830163
3.261170
-1.102908
-1.534692
-0.480377
0.596363
-1.783069
-0.152653
0.723280
1.254900
-0.648103
-0.649555
-0.444230
1.785656
-0.133591
0.219890
-0.419210
-2.227880
-1.665275
-0.933432
0.490397
1.665646
-1.462187
-0.476895
3.102246
-2.828145
-1.527656
0.185645
1.077546
-1.162645
0.016254
-0.192151
0.363707
1.659826
1.863908
1.021567
-0.602679
0.073038
0.743313
-0.847622
-0.400789
-1.150733
0.391879
-1.271324
0.554922
-2.088396
0.343965
-1.194721
2.885284
-0.194577
-0.469507
-0.147996
1.199636
-0.873714
0.288299
1.722395
1.061350
-1.729023
-0.087001
2.032812
0.771921
-2.024805
-0.502575
-1.663778
0.630061
-1.392677
-2.268454
-1.406728
-1.666816
-0.361537
-0.937481
0.218827
3.005378
0.033174
-1.347267
-0.958135
0.179596
-2.587923
-0.721199
1.565354
0.408497
-1.537525
-0.438064
-2.390393
-0.432235
-0.041331
-1.380355
0.428490
-0.618686
0.308558
1.667177
0.584043
-0.304161
-0.557125
0.118128
-0.578582
1.357054
1.270917
-1.236707
0.851979
1.152198
-0.455811
-1.783228
1.474197
1.719606
-0.169847
1.115709
0.596857
-1.331308
0.878613
1.294659
-1.670860
-0.686647
-1.506405
-0.767232
0.377031
-1.088227
-1.558341
-1.723505
-1.328412
1.887822
0.202148
0.578625
-2.031670
-1.628776
-1.396111
-1.033840
0.706463
-0.075845
0.403514
0.085283
1.455104
-0.384853
-0.232001
-3.243017
-1.555905
0.107443
-0.301228
-0.003734
-1.357875
-0.965136
-1.306432
-0.068599
0.099655
3.284107
-0.275863
-0.785917
-1.240347
-0.292110
-1.588817
-1.762403
-0.215784
0.464463
-0.629475
-2.044042
0.632054
0.389579
-1.391418
-2.378165
-0.158363
-1.810584
-1.831475
2.922750
-1.090240
1.471016
-2.003220
-0.723033
1.122606
0.400313
-1.039792
-0.409090
1.397749
0.857296
1.188506
-3.284756
-1.549723
0.203423
-0.006631
-0.377822
-1.532871
0.631856
-0.506580
-0.428086
-0.436250
-2.545335
-2.489581
1.244047
-1.583224
-0.776930
-0.625726
3.346305
-0.068078
3.716087
0.582977
-1.497325
-0.609284
-0.607702
-0.522901
-1.187830
-0.025774
-1.379760
-0.539455
0.694110
0.238461
0.206000
-0.408719
-1.942888
0.302968
1.829253
2.192554
-0.073429
-1.312910
0.235787
1.159876
0.631402
1.248432
2.718366
-0.419422
-1.047797
-0.113311
-0.642038
-0.613798
-0.934741
-1.649517
-1.704116
-0.713112
-0.703753
0.964420
-0.169621
1.123808
0.747180
0.598167
-2.251214
-1.238696
2.398162
-2.205258
-3.718529
-1.429759
-0.330241
-1.131604
0.845525
1.417097
-0.345655
-0.891168
-0.070033
0.174249
-0.287153
0.264814
0.004141
-1.939300
-0.537288
0.096226
-0.740369
1.493109
-1.074836
-0.201553
1.733810
0.000123
0.114392
-1.459552
0.760006
-0.382992
-0.967673
-0.100957
2.022710
0.426808
-0.537363
-0.801504
-0.035027
1.083596
0.077811
-0.815411
1.165476
0.660297
0.886751
-1.396602
-0.662177
-2.605791
-1.463098
1.866432
-0.153938
0.420371
0.198718
-1.149870
-0.796527
-0.988544
0.083681
0.259044
0.794597
0.174417
-1.168251
-0.059558
0.346395
-1.466700
-1.291720
-2.549037
-1.609420
-2.858986
-0.683399
-2.033807
-0.450521
-1.459255
-1.858974
-0.944181
-1.337759
-1.376925
-1.228765
-0.277071
-0.308506
-1.192781
0.388792
-1.002449
1.596093
-1.251034
-2.827199
-0.914487
0.208877
-2.601365
0.503550
-0.023186
-0.131061
-0.728517
-0.845350
-1.282820
-1.089341
0.102918
-0.966713
-2.248541
0.894576
1.460036
1.032446
-0.321732
-0.817832
-1.758990
-0.825928
1.623077
1.578036
1.018827
1.006686
-1.886764
1.474626
0.717116
-1.220154
-2.649543
2.170754
-0.333968
0.238536
-1.385093
0.620222
1.064515
-0.359970
-0.788877
-1.162032
-1.186067
0.446344
0.682392
1.434716
-0.346709
0.201329
2.209223
1.869049
-1.136681
-1.299002
-2.687602
-0.289377
-0.228058
0.513518
0.767849
-0.289949
3.506941
-0.313747
0.014834
-0.316861
-0.691075
1.166923
-1.026447
-0.524195
0.329518
1.140495
0.022947
-0.683693
-2.237240
0.782891
-0.428301
2.943322
0.567840
-1.292464
-1.611835
-2.304959
-1.079681
0.477151
-0.099448
-0.460504
-0.499383
-3.897531
-0.827127
-1.568162
-0.086730
0.651162
-0.617935
-1.998415
-0.150735
1.600983
0.987403
0.573657
1.671273
-1.997982
0.269986
4.911329
1.490731
-3.262851
-1.282117
-0.973653
1.429852
0.101229
-0.414858
-0.590101
0.762703
0.962682
-1.251225
0.783982
0.112687
-0.280108
-0.253599
-2.689012
-3.680023
1.237494
-0.767634
0.359877
0.763877
2.072231
-1.144375
1.768360
-1.195570
-0.661904
0.492771
0.585298
0.578127
0.363080
-2.622724
1.406618
-3.002553
-0.938834
0.328362
0.449286
0.651390
-0.928451
-1.041828
-2.800520
-1.607237
3.147981
0.957195
-3.510923
-1.273104
-1.371182
1.135435
2.549245
0.101358
-0.632211
-0.663934
-0.248432
-1.103884
0.005174
0.054137
0.611107
-2.325069
-1.357133
1.515504
0.446959
-1.211982
-0.375294
-1.002313
0.715477
1.123733
1.113573
0.266614
1.479355
1.429794
-1.737236
0.531283
4.445448
0.978941
-1.835052
-0.820175
-0.557597
1.810330
-0.320109
3.496992
0.868289
3.691827
-0.327903
2.282139
0.703680
-1.377910
1.312602
-0.369817
-1.541372
0.059801
-0.954805
-0.042291
-1.238693
0.737639
1.324920
3.886317
-0.217816
-1.512252
-1.335558
-0.074652
0.311084
2.164425
0.268005
-1.572282
-0.828524
-0.114476
-0.490191
-1.653934
-0.404045
-1.020769
-0.877416
-0.793448
-0.255792
0.014274
-0.874544
-1.675433
-1.140712
-0.865234
-1.405568
-1.539109
0.268426
1.209054
1.113072
-0.663371
-1.669065
-1.531511
-0.240049
-0.508596
1.378856
2.139225
-0.084500
-0.339670
-1.304835
0.327355
-1.083361
1.327571
-0.116850
-0.129869
0.646697
1.383382
0.712581
0.148410
-0.636321
1.636872
-0.591595
-0.036068
-2.832644
0.715840
0.716151
0.820343
1.590921
0.210324
1.611600
-0.775027
-1.100035
0.538511
0.267439
1.037498
0.899999
-0.055638
1.417963
-0.075471
0.601810
-0.090596
1.323544
1.124953
0.526966
1.249142
0.669612
-1.509220
0.532330
0.504938
-0.125011
-0.435825
-0.464219
-0.398379
0.070899
0.006044
-0.119123
0.469106
-0.635445
0.367852
-0.690304
1.051777
-1.356750
-1.492515
0.095604
0.528840
1.361986
0.565842
-0.195190
-1.105718
-0.033345
1.690112
1.410516
2.457148
-1.234295
0.906331
0.404838
-0.184256
0.553250
0.133587
0.193710
-1.493029
-0.365114
0.042151
0.134041
0.081286
0.360939
-0.144015
0.347287
-0.900718
0.936116
0.903756
-0.365445
0.974926
-0.861356
1.974985
-0.975142
-1.393530
0.903984
-0.466354
2.323403
-1.356446
-1.423650
1.002807
3.071864
0.829126
-0.748777
0.053200
1.646647
-0.527036
0.501908
0.846654
0.705479
0.779999
-0.149438
-2.167265
-0.323533
-0.038025
-0.236256
-0.251527
1.624470
0.230316
-1.540238
0.785716
1.184912
0.252869
0.139001
0.502229
0.047127
-2.057450
-0.360202
-1.845162
1.233545
0.386660
-1.398631
-0.316448
1.747844
-0.534240
0.639275
2.137583
0.421919
1.139277
0.644015
-1.048467
-0.369386
0.721547
0.706116
-2.355763
-1.552398
-0.839000
-1.509720
1.057936
0.314396
0.655562
0.121382
1.795894
-0.881643
-0.142640
0.829452
1.425087
0.529105
0.106933
-0.224341
-0.057196
-0.105154
1.851775
1.206303
1.554747
-0.903737
0.184700
-0.285482
-0.024037
1.078624
0.989160
1.263699
0.649657
0.812424
1.335986
-0.546165
-1.664988
-0.274454
0.829485
-0.491490
-0.956479
-0.675697
-1.214753
-0.884850
0.676794
-0.445222
-0.934434
-1.128184
0.759688
0.443099
0.757249
1.179449
0.184924
-0.085152
-0.623155
-0.368802
0.300975
1.354033
-0.121878
1.215150
0.311181
-1.360030
-1.482479
-1.930750
-0.484049
1.018257
-0.628294
1.372138
-1.419875
0.227457
2.380171
0.396258
-0.382387
0.130702
-1.060441
-0.325925
0.066020
1.129494
1.210936
0.311159
-0.573598
-2.905823
-1.178119
-0.922773
-1.570871
0.507296
-0.289646
-0.986303
-1.268135
-1.817758
2.606915
-0.630177
-0.324307
-0.449456
0.247172
0.413426
-0.012906
-0.342076
0.140176
-1.282402
1.174223
-0.027269
-0.057769
-0.814737
2.541491
-0.110285
0.167010
0.068035
0.376995
0.982737
0.393262
0.514647
-0.066477
-0.844200
-0.879232
-0.864468
-0.373968
1.737170
-0.976541
0.116824
0.005939
0.726522
-0.058483
0.712167
-1.733726
0.599163
0.350535
1.238296
-1.831207
-0.860437
1.602845
0.660379
-0.515538
0.215142
0.547508
0.666576
0.531085
0.835601
0.752669
1.697271
-0.601850
1.047759
0.679119
0.471690
2.212884
0.985545
-0.520345
0.110282
1.575458
-1.034060
0.084782
-0.764020
0.463503
-0.334471
0.114322
0.022675
0.877117
-1.157093
-0.830459
1.118388
0.438214
-1.367101
0.246532
-0.956082
-0.149651
0.612616
0.998052
1.854518
-1.555534
-0.792106
-1.348564
0.658952
-1.628247
0.359596
-0.248956
-0.382499
0.737465
0.240855
-1.113792
-2.030886
-0.227096
-0.488354
-0.522485
-0.455688
0.229752
2.801099
0.264838
0.821878
0.347395
-1.006934
-0.073598
-0.523173
0.894939
1.509005
-0.524051
-1.001374
1.887356
-0.265605
-1.905029
0.219347
2.090990
0.570799
-0.352070
1.965609
-0.508571
0.415705
0.160511
0.324114
0.730315
1.424467
-0.387030
0.411894
-0.517696
0.553853
0.355977
1.519583
0.167811
0.013849
-0.388405
-2.530707
-0.391728
1.806330
1.495346
0.950582
-1.237723
0.488907
-0.904916
0.208197
-0.387629
1.419487
1.434147
-0.751342
-0.560661
-0.157543
0.419588
0.665155
1.240989
-0.770324
-0.565346
0.333314
1.150371
-0.756420
0.229949
0.066034
-0.768194
2.652613
-0.203863
0.353548
-0.019042
-0.350379
0.323167
0.320618
0.985286
-0.488285
0.689455
-0.884133
-0.176802
-0.725375
-0.640159
-0.399422
0.307632
-1.288935
-1.996919
0.203845
1.467721
1.779039
1.172939
0.104924
0.180866
-1.280524
-0.711479
-0.920629
0.299860
0.810039
0.384523
-0.465425
1.310021
-1.248662
1.349191
1.274794
0.090164
0.593053
-0.458785
1.333903
-0.113709
0.696994
0.233107
-0.239549
0.354255
-0.352353
-0.629729
1.229691
0.958122
-0.128560
-0.983083
0.010679
0.687538
-0.325808
-0.659665
-1.231069
-1.304814
1.123652
0.672454
-0.415154
0.710309
-1.011354
-0.566938
-0.092550
0.983691
-0.577918
0.733523
0.478889
0.087629
0.551334
0.326870
-0.968537
0.254799
-0.555066
1.490366
1.492564
-0.569936
0.709637
0.372002
0.966707
1.092249
0.574355
0.132944
1.079961
0.382607
0.480920
-1.553087
0.560358
0.735705
0.496520
-0.335968
0.452803
-0.038713
1.140045
0.030791
-0.942741
-0.426323
0.397310
1.103638
-0.386883
0.129494
-2.088380
-0.468475
-1.345132
0.418123
0.725376
0.122266
0.862525
-1.171603
-0.031708
-0.052340
2.016640
-1.644268
-0.404684
-0.722675
-0.511148
0.165517
0.271354
0.955455
-0.443987
1.173101
2.251733
0.350650
0.327015
1.922003
-0.206014
-0.312477
1.525100
0.277297
-0.734791
-0.043303
-0.139137
-0.226658
2.138385
-1.399048
1.756931
2.113103
1.581145
-0.222703
-0.752555
-1.105303
0.861494
0.960072
-0.377784
-2.097990
-1.524227
0.131863
-0.521334
0.921301
0.413001
-0.166675
-0.329796
0.305024
-0.580227
-0.325286
-0.119127
0.571729
0.499449
-0.006459
0.948753
0.530041
-0.618045
-0.376300
-0.115363
0.231372
1.311880
-0.273524
-0.069222
0.521478
0.401716
0.310261
0.919193
0.090241
-0.806010
-1.185987
1.167603
0.585244
0.319269
-0.705957
1.796244
1.407531
0.476671
-0.362752
-1.457459
-1.764408
1.225337
0.366919
0.672992
0.737118
0.713476
-1.088117
-0.138016
0.795823
0.029507
0.059197
-1.826605
0.803876
0.820933
2.100358
0.897938
-1.624487
0.249329
0.678862
0.164550
0.131802
1.183084
1.749032
-0.232866
-0.329962
0.487762
-1.198228
0.501550
0.183055
1.200598
0.316958
0.287856
1.511745
1.078026
0.700564
0.750585
0.475693
0.918697
-0.138005
0.038340
-0.684022
-0.976774
-0.836118
-1.045929
-0.350698
-1.421386
-1.115593
0.035371
1.352532
1.517280
-1.372434
0.003860
-0.048745
-0.550398
0.437305
0.170306
1.472427
0.181777
-1.154317
-0.228756
1.600807
-0.366869
1.694218
0.867421
1.995447
0.306636
0.516781
1.160715
2.108679
0.824056
-1.102459
-1.708105
0.771084
0.192982
-0.412867
-0.301762
-1.472387
-0.924051
-0.898592
0.863298
1.530145
0.839614
-1.071124
-1.438197
-1.467496
-0.374281
-0.557359
-0.341453
-1.204363
-1.169801
0.130101
0.849112
0.587547
-1.717010
-1.407832
-0.194331
0.753640
0.538241
-1.397062
0.018462
3.153039
5.169918
2.887371
1.958949
-0.622433
1.769634
3.626446
2.811542
5.160507
2.686663
2.382911
2.105558
1.495408
-0.809192
3.183739
1.375299
2.184783
3.305670
1.094815
2.382762
1.173855
0.577788
2.755945
0.049806
3.365248
-1.930021
1.694874
2.034705
3.341766
3.172745
1.566575
1.830028
0.220349
3.013268
1.576317
2.137179
2.782830
3.213340
1.290281
2.687236
2.201516
-0.971786
1.530799
2.630527
2.924911
3.856071
1.020181
1.095962
-0.552473
1.174136
3.301422
3.330123
1.638044
1.128182
2.052880
2.242116
2.238115
0.658225
1.330811
1.911284
2.683507
2.425614
4.400098
1.332887
1.582164
4.214788
3.478350
2.145054
3.829058
3.003074
1.845146
1.298296
4.552117
3.483161
3.697115
1.211600
2.791265
3.833287
0.970083
3.137630
3.257925
3.008834
2.949327
1.899290
0.373170
-1.175446
0.723929
2.234921
2.321368
3.602212
0.297351
3.255617
4.249699
2.268208
2.358960
0.661067
4.505119
2.235241
1.622422
3.070877
0.430573
3.508004
0.617002
0.569239
-0.390485
1.607164
2.080409
2.778357
4.654497
3.038494
3.151361
1.746997
0.500340
1.895496
3.093542
-0.036117
0.277191
4.580304
1.634805
1.862088
4.975513
2.212392
1.077998
-0.054635
-1.192449
1.399182
2.196879
3.843576
2.861614
0.270454
0.387560
2.404822
1.394003
1.920054
1.902867
3.214127
2.093134
3.544021
1.428400
2.761775
4.206821
2.235322
1.856399
1.048338
-0.642224
2.641750
3.118551
5.053763
0.955222
1.886576
0.086409
1.731785
2.408554
2.451935
1.471074
2.504173
3.484804
1.752669
1.380220
2.403835
2.674464
3.164304
3.014308
0.517331
1.593732
2.054099
1.899848
1.579553
3.884149
1.954667
1.058451
0.149002
3.340888
4.762204
0.569582
1.472979
2.567218
0.184696
4.045467
4.281496
2.097892
1.048239
3.179977
4.211675
3.427139
-0.160031
1.968922
3.277739
6.269198
2.353021
3.980899
0.726706
4.419305
3.311245
3.121436
1.987782
2.811482
2.742859
2.987981
1.892944
0.818403
2.019473
1.239450
2.067334
1.018268
-0.622169
1.244885
1.976095
2.001380
4.052735
2.386861
3.578987
-0.178264
-0.070100
1.429239
0.551160
2.980626
0.545715
1.565986
2.137051
0.642720
1.763549
3.097782
3.295762
2.206479
-2.431796
0.257374
-0.949679
-0.967786
1.268766
-1.748741
1.692574
-0.657757
-0.723572
1.613796
2.687355
2.350943
2.217441
2.500338
1.893757
0.030463
2.169580
-0.839144
-1.724257
1.783135
2.555629
0.431955
1.210307
4.742671
2.742250
3.652617
3.558972
2.456480
4.548177
3.661449
2.295348
5.902590
1.581138
3.454579
2.603539
1.661796
1.314750
2.463190
-0.179929
1.652554
2.897475
0.868446
4.301748
2.541865
4.112073
2.881861
3.391060
2.212507
2.506867
0.536487
2.946135
2.359630
4.383584
2.122384
2.459606
4.307493
2.869040
0.647804
1.343162
3.140945
4.247912
-0.281987
2.118984
4.230787
1.890993
1.156336
2.487990
4.085936
0.956821
2.308758
1.348147
0.396847
3.715445
1.710027
1.701658
3.129678
2.471567
2.808063
3.342812
2.455777
2.576941
3.181944
-0.097241
1.597321
2.777771
2.505524
3.302961
2.803437
2.083573
0.042925
3.489461
0.317775
1.485793
1.894438
0.865971
2.995660
2.184830
1.717345
-0.047880
0.746690
1.048817
1.870660
3.062380
5.662036
4.224095
3.048674
2.680483
5.144480
-0.277749
4.396289
-0.917775
4.162972
4.548267
-0.368510
2.248204
4.291369
3.099911
1.357193
1.415013
5.105818
2.952746
2.131679
3.007247
2.095761
2.024281
0.810399
0.877455
-0.147536
2.154340
0.944586
0.379969
-0.344026
1.790174
1.582542
1.687670
3.797411
1.191173
1.357789
-0.309474
2.941067
1.557674
3.442123
0.792982
2.344824
1.889071
1.154501
2.809561
2.843630
3.189594
1.354759
3.971077
3.295374
1.119575
4.719407
4.719308
3.601290
0.497984
-0.346159
0.543270
3.293257
1.654741
2.102990
2.438942
2.247673
3.588208
0.431429
1.215013
1.881178
3.196365
2.266389
3.876670
0.179702
0.709836
2.199277
0.122127
1.922291
2.638802
1.992599
1.268982
2.700270
3.145259
0.238261
1.341483
1.645491
1.714444
1.515214
2.196948
-0.169515
3.486730
4.314649
2.615735
0.501444
0.557383
1.551807
0.507605
3.708727
2.461903
2.540432
4.014397
4.192290
0.377831
0.037838
3.608426
1.747342
3.632118
3.403134
1.772305
1.965513
0.866321
1.645801
4.043431
2.784803
2.190218
0.540083
3.228117
3.299732
1.743238
2.162944
2.014620
1.368949
1.803769
2.301791
1.778063
1.730270
-0.416089
1.266686
1.806691
1.674151
-0.537914
1.377697
1.273090
2.769800
3.972703
1.689473
1.768892
1.699466
2.044433
2.134760
2.101824
2.098964
3.700499
2.105464
4.022816
1.924268
0.924073
3.303725
3.647895
2.120175
2.213569
3.688840
1.881744
2.746535
2.315554
0.372250
0.026501
1.807296
0.518800
1.483800
1.542529
1.621822
2.646257
3.752326
1.038899
3.012860
1.475443
3.500795
1.268275
4.344826
3.967913
2.383576
3.048845
3.439216
2.013246
1.061511
4.127855
0.727013
0.761262
0.327053
1.304200
1.876339
3.821254
2.019503
3.597859
1.025110
2.542313
1.315958
4.625817
1.733007
-0.185029
0.360469
2.415912
1.721171
2.232881
2.211963
2.263532
1.274135
0.129171
2.707862
4.376984
2.320986
3.150030
0.947912
-0.366298
0.915143
4.381144
3.152987
1.622116
0.749722
-0.415359
-0.093719
1.267420
1.702570
3.685727
3.566629
0.460546
1.780392
1.536834
2.252162
3.828962
2.386747
2.777924
2.765902
1.420383
2.565965
1.539247
2.369153
-0.332141
1.813374
3.664804
2.198967
2.583806
4.820458
2.471177
3.477905
3.041885
1.551083
0.410860
-0.070880
1.168070
2.088830
3.959846
0.605081
1.732160
2.937716
2.662086
2.391014
2.536077
-2.220222
2.633985
3.857375
1.624194
4.573293
1.340165
2.676307
-1.057814
2.155042
2.974324
2.630332
0.107923
4.378993
0.894467
2.166221
-0.135967
0.093091
2.740978
3.467175
3.739727
1.763806
1.862273
3.569597
4.156451
4.600337
5.052649
0.245054
1.670936
3.364796
2.166661
2.644115
1.414544
3.005119
0.191049
2.512943
3.660745
3.576260
2.657876
1.670614
4.606401
2.079979
1.922293
2.265550
2.805060
0.415648
1.809263
2.305849
0.864019
-1.083148
4.488759
0.883998
-0.794520
3.458049
1.663760
4.669454
2.839165
2.949286
1.951621
-0.347332
-1.399577
3.371406
3.415023
0.919161
2.525529
4.004987
0.386362
1.959698
3.467452
3.955888
-0.842198
0.317714
2.443025
5.041911
1.140621
0.948299
3.413901
2.553942
1.875283
2.112752
1.224690
1.209623
3.407943
2.971463
1.886012
3.696034
4.374515
5.931406
1.590872
1.677293
1.331810
1.549101
1.289819
-0.215859
1.915024
3.205421
2.122716
1.797993
0.402671
2.606397
1.404938
-0.847469
-0.715634
1.333212
0.161968
1.136869
-0.062074
0.096552
0.748317
2.276730
-0.600131
0.313999
2.367186
-0.551049
1.043940
1.493376
-1.822573
1.514693
-0.517792
-0.037111
-1.230691
-0.775289
2.451183
-0.082304
1.170686
-1.330130
0.697472
1.676463
1.603967
0.689177
-0.730563
-0.649812
1.621965
0.907730
0.973607
1.371922
0.109127
-1.979950
-1.987374
-0.718436
-0.717540
1.546189
2.130098
2.723285
-1.949137
0.438403
0.914430
-1.802851
1.560698
0.890539
1.432500
0.254250
-0.275828
1.728974
1.880311
-0.333455
1.260205
1.411162
1.255381
-0.926998
0.038831
1.793571
-0.254091
-0.602261
0.142150
0.919063
1.143113
-1.452830
-0.465083
-0.212073
1.292095
0.808142
1.135663
2.522194
0.815613
-1.325486
0.052576
0.432737
0.227579
-0.498015
-0.292719
1.123172
-0.983476
-1.314427
1.894439
0.911194
-0.164843
-0.183002
0.278554
1.840231
1.947586
0.818132
-0.002724
-0.039698
0.115376
-1.055499
2.483823
2.205478
-1.592992
0.548707
-1.227992
-0.217476
1.841411
-1.585280
-1.261169
1.119427
0.323407
0.672239
3.162988
2.203925
-0.581042
-0.002588
2.593282
0.425581
-0.085191
2.133572
0.962875
1.821721
0.140667
0.082209
-0.105109
0.171918
2.020787
0.565909
1.485263
1.342775
0.480818
-0.207787
-0.324162
1.364806
1.191870
0.804737
0.083200
1.346046
1.687161
-1.197402
0.757344
1.992867
0.753883
1.083264
1.072876
0.961405
1.064354
0.770655
3.181671
2.662834
1.665544
0.434077
-3.346602
1.353198
1.591959
0.274292
-0.162736
-0.024906
0.774050
-2.632222
-1.003520
0.506528
0.223570
1.787277
1.688751
1.711849
-1.849554
-0.492814
1.116743
0.475782
2.206751
2.019029
3.246007
0.269536
-0.657275
-1.207939
1.756620
-1.002751
0.829661
2.025051
1.123667
0.301503
0.310482
0.454534
-0.545908
-2.128429
0.140665
1.279418
1.768408
-0.886735
-0.438951
-0.465529
2.237796
-0.553534
1.972341
-1.377067
2.006889
-0.542017
2.290387
0.499301
1.721647
-0.732045
0.758416
0.340749
1.930940
2.020806
-1.100561
0.437577
0.570604
1.365507
0.677125
1.582604
1.045619
0.139251
-0.164163
-0.234100
-0.623948
-0.422816
0.541389
0.356073
3.629514
-0.891746
0.850433
-2.227660
0.539875
1.123154
-0.974281
-0.363162
0.819596
0.093283
1.592988
2.012163
2.416410
0.890372
0.973033
0.300755
0.142788
2.311424
0.551887
2.435750
-0.130659
0.763064
2.122284
-0.208710
2.607267
0.470411
1.195996
-0.618415
0.223891
0.053271
-0.439782
1.883491
2.045106
0.534897
-0.312497
0.889260
0.825660
-0.014532
-0.842133
-0.731673
0.784402
1.162786
1.099375
0.270975
1.008629
1.478060
-0.582536
-0.473310
2.935965
0.842244
-0.070840
-0.348087
-0.391665
0.395456
-0.829565
0.115199
1.648234
-1.170393
0.186792
0.986583
0.255816
1.765486
0.630751
1.509953
1.299785
-0.331486
0.365380
2.486811
0.186721
0.718947
-1.677832
1.183077
4.394230
1.901961
1.446233
2.371636
1.392521
1.240273
-0.341286
1.304602
2.202530
2.771523
-2.104420
-1.230888
0.846774
1.177342
-0.687098
-0.552502
3.052970
2.450726
2.432038
1.309855
2.249023
1.102235
-1.754014
0.683849
3.689549
-0.124720
-0.419505
-0.598263
0.806340
0.408619
1.348329
-0.633616
-1.377875
-0.015315
0.463150
-0.505666
1.455337
2.339347
0.711449
0.021863
-0.090606
-1.237754
2.421317
0.380758
1.570788
1.362947
1.460556
-0.054272
2.751651
0.863110
0.180053
-0.722588
0.039656
-0.661348
-1.179502
1.037391
1.854156
2.475568
0.720382
0.169632
1.468219
0.289515
2.037044
0.851640
1.820567
0.236011
0.499920
3.073676
1.514536
0.693087
0.754427
0.759408
2.135581
1.545395
1.556889
1.035110
2.271759
-0.067251
0.023037
1.436145
1.961285
-0.131157
1.487471
-0.081993
1.070813
1.666008
1.906811
2.004243
1.480799
0.717603
-0.583375
-1.452419
-0.195138
0.807987
0.222451
-0.475369
3.554677
-0.260014
1.014706
3.388929
1.126647
1.551633
1.461486
2.622103
-0.685595
-0.716590
0.976880
0.791727
0.622357
1.779635
2.105494
0.572906
1.565545
0.774470
-2.290121
0.771558
-0.022613
-0.925724
-0.448940
1.689397
3.535886
-0.580406
0.979087
-0.385396
0.761699
0.694142
0.184503
0.309631
-0.390259
1.887915
0.967841
-0.033120
-0.374820
-0.562740
0.245578
0.155998
-1.515582
-0.656336
1.300938
-0.366914
-0.119785
0.383177
0.898564
0.005915
3.621474
1.958171
0.679030
0.816899
0.620408
2.226898
-0.001240
0.634469
-0.220015
0.473188
0.305077
1.107352
2.182589
0.208161
0.705627
-1.179670
1.236693
-0.581653
0.885807
1.258874
1.365777
0.038204
1.226493
0.847441
0.450774
-1.015241
-0.864258
-0.398887
1.781671
0.073311
3.241748
1.760936
-1.489560
-1.907934
0.454480
0.164863
-0.071089
0.635383
1.362992
0.099575
0.555183
-1.976947
0.098629
-1.609087
1.793236
0.259894
1.328705
-0.312873
-0.042618
-0.400962
0.422006
-0.825701
-2.560955
1.819636
2.083601
-0.418553
0.126593
-0.662418
1.842152
0.234720
0.238426
1.683987
1.356083
0.500437
-0.099709
0.797796
0.307509
2.810068
2.255132
0.956673
0.689377
2.709892
2.429940
2.152215
1.340805
-0.118037
-0.883572
-1.198998
-1.616184
-1.609977
0.721163
1.365219
0.720064
0.454807
0.383531
0.943503
0.431188
-2.324361
-0.020624
0.010166
2.118720
1.023221
0.347751
1.210715
-2.331487
-0.301334
2.804251
1.833315
0.787765
0.193206
0.017631
0.218178
1.371298
1.594504
1.262609
2.028654
0.855514
0.592918
1.812592
-0.615784
1.461368
0.559268
-0.877090
-0.311660
0.318258
-0.194349
-0.244818
-0.658147
0.666366
-0.201263
2.716684
0.371707
2.282728
0.948682
-2.042409
0.469376
0.416376
2.743526
-0.434678
-1.830919
1.582926
1.420040
-1.851265
-0.753679
-0.599032
1.520486
2.728505
2.460099
0.274088
0.121871
-0.034733
-0.664332
-1.187276
-0.542659
1.838209
0.415166
-0.293687
-1.273197
1.474267
1.583088
0.258006
-1.656443
1.587121
0.803286
0.984331
0.889315
1.334178
-0.924074
0.628227
-2.757843
-0.239741
-1.046510
0.103840
-0.452765
-0.813307
0.232653
1.386876
1.155034
1.587564
0.760992
1.200759
0.451825
2.515377
0.767164
1.618118
-0.616176
0.534509
-0.726221
0.448011
0.051929
0.349167
0.259716
1.225666
0.045846
-0.715481
1.536275
1.545310
0.831576
1.401831
2.835741
0.803282
0.256295
1.355254
0.193749
-1.333815
-0.272075
0.496748
-1.009315
1.424379
1.088205
0.891879
-2.551172
-2.174105
0.237557
-1.001468
-0.280315
1.661166
1.912145
-0.015272
-0.133221
3.234066
2.459621
0.507630
0.188057
0.559188
-0.668887
