134
-140
-66
-163
-108
106
-230
-339
-139
-398
-303
-265
-207
-139
270
-89
-192
-94
-226
-298
-89
-170
-270
-271
-52
73
67
-93
-266
-216
-167
-147
-188
-115
-55
-270
-227
-204
-357
-203
-200
-215
-311
-53
-135
-288
-380
-143
-204
-285
-58
-214
-235
-101
-90
111
-353
-251
-25
-41
351
155
-103
-376
-185
-82
-334
153
-51
-382
-385
-355
-298
-411
-311
-372
-131
-384
-285
-352
-262
-120
102
-111
209
137
-265
-110
-61
-48
-272
-67
-263
-316
-322
-409
-226
-556
-205
-242
-92
-190
-252
-23
-52
-186
-301
31
12
-374
-198
-409
-348
-149
-254
-257
-228
-270
-204
-344
-94
-318
-363
-60
-212
-141
-140
-338
-234
-124
-76
-76
-49
-180
-398
-376
-295
-184
-80
-370
-328
-242
-115
-471
-44
-57
-155
-3
-44
-124
-106
-265
-125
-230
-211
-233
-239
-263
-295
-77
-410
-73
-237
-367
-120
-59
-185
-375
-314
-421
-362
-106
372
-256
-206
-27
-20
-216
-166
63
-214
118
-280
-211
219
-283
-143
-24
-90
-130
-235
-378
-107
-521
-631
-136
-162
-93
-230
-147
-70
-205
-275
-134
-194
-217
-69
124
-254
-125
339
-121
-122
-261
-283
-652
-144
-251
-193
138
-202
35
-160
-219
-379
-397
526
268
-293
-136
-198
-64
-370
-25
-276
-154
-339
39
-277
-248
-119
-175
-326
-8
-262
-37
-188
-218
-175
-425
-69
-67
156
-71
-179
-242
-240
-279
-106
-276
-255
-426
-332
-228
-289
-50
-108
-80
-303
-288
-82
-98
258
-116
-144
-133
-161
-93
273
-83
-168
-307
104
-195
-203
-226
-201
-195
-336
-230
-246
-273
-391
-338
-246
-116
-274
-13
-201
-300
422
191
-14
-357
-217
18
-141
-331
-158
-319
-173
-287
-189
-85
-202
-114
-221
-117
-125
-173
-355
-153
-115
199
-75
-82
-213
-119
-117
-158
-139
-187
-200
-195
-102
-253
-275
-279
-134
-164
-150
-40
-436
-439
-111
-341
-189
-424
-127
-81
-95
-153
-490
-193
-173
-242
140
36
-3
-110
-339
-90
-196
-54
-36
-218
-182
-233
-366
-301
-107
-57
-193
361
-150
-244
-544
-67
-118
-338
-176
-130
-4
-273
-212
-42
-87
113
-302
-271
-227
-36
-148
-183
-260
-37
-149
38
-327
-68
-158
-113
-193
-80
-153
-380
-308
-231
-446
-270
-313
-93
-218
-389
-397
-18
-128
-94
-104
-231
-258
-314
-267
-307
-269
-26
-263
-198
-408
-331
-105
-263
-149
-89
14
-21
-145
-246
-199
-52
-250
-460
-252
-160
-138
-230
-263
-241
-59
-80
-64
-528
-204
-382
-135
-372
-297
-195
-67
-235
-97
-325
-234
-464
-236
-148
-366
-260
-407
-273
73
-10
-390
-500
-342
-194
182
-265
-221
-363
-145
-217
-344
-314
91
-220
-85
-353
-215
-27
-108
-240
-45
-84
-201
-106
-376
-162
-214
624
-153
-97
-83
-64
162
-160
-195
-21
70
-149
-261
-74
101
-135
-296
-214
-162
-244
-49
639
-158
257
-480
348
-258
-9
-55
234
12
-200
-405
-236
-49
6
-25
157
-84
-73
-77
-59
10
-109
-101
-195
-286
-91
-18
29
-352
-178
-17
-296
-108
-134
-133
-354
-15
-155
-122
-172
-78
-93
-139
151
-8
-208
-234
-355
-114
85
453
-92
-183
-370
-283
-479
-141
-436
-221
-277
45
-35
-44
-43
-300
-114
-68
-173
-203
-218
-25
82
-321
-186
-357
-367
-240
-310
-149
187
-227
-172
-89
148
-93
71
-89
-156
-305
-393
-276
-201
-291
-92
-163
-185
-338
-43
-123
-339
-271
-116
-480
84
-40
-326
-173
-187
-320
-282
-79
-113
-351
-381
-219
-109
-352
-492
-224
-371
-183
-146
-186
-276
-140
-64
111
-105
-175
-47
-108
-187
-223
-81
-49
-46
-336
-340
-211
-226
-253
-69
406
-66
-68
-126
-123
-70
-141
-128
-110
-111
573
266
66
-33
-421
-130
885
908
830
884
503
539
1060
511
232
403
147
74
601
753
545
244
-343
415
378
186
235
687
347
574
724
736
553
699
566
678
784
706
242
439
28
378
554
634
344
185
796
746
242
146
875
340
-191
266
661
381
291
396
779
866
-184
-1181
-842
-89
-180
153
400
874
211
569
854
813
941
891
691
203
501
887
556
1106
909
563
355
107
-55
370
-205
-66
500
810
1096
308
195
609
874
823
694
720
373
594
782
830
752
202
468
500
-27
375
914
992
783
682
643
716
701
346
111
311
700
952
947
357
497
236
-41
30
235
-104
290
760
513
451
512
814
600
709
949
744
708
315
391
423
689
758
760
580
262
810
478
642
266
-508
234
658
340
250
596
972
394
641
709
19
104
370
735
740
864
784
907
818
469
-341
-577
548
397
310
253
633
494
413
339
334
434
565
96
241
-181
145
896
651
6
395
560
678
531
279
1331
619
642
774
620
284
498
728
622
468
515
383
365
9
-264
276
520
659
416
523
750
858
713
199
458
174
400
701
163
540
-142
-201
270
411
187
565
795
639
377
561
745
89
328
593
518
517
400
-393
229
200
-49
422
225
432
460
996
194
-6
289
-108
120
587
656
531
437
3
269
198
411
491
621
-629
243
327
672
837
608
484
515
631
280
583
589
286
548
900
819
803
560
487
269
462
760
890
593
-65
484
820
54
132
412
288
173
553
613
467
134
457
592
283
513
303
246
488
473
827
890
222
575
587
570
545
-251
465
-11
339
411
439
784
645
196
44
522
284
272
809
811
617
737
489
859
464
484
227
401
582
536
523
518
749
440
682
696
414
418
534
760
601
-12
-6
196
439
616
470
1019
606
602
262
-52
533
775
809
861
285
285
377
45
295
456
500
265
29
266
526
522
815
405
690
923
642
737
650
559
561
808
416
390
645
459
578
877
399
-28
-5
570
200
384
-102
461
869
856
687
1090
887
601
-270
269
605
225
167
728
896
687
668
321
-691
-437
-95
807
1005
217
446
512
108
-88
672
780
138
-257
64
895
780
753
395
624
762
315
434
78
183
584
-120
-407
435
543
669
530
842
668
369
306
83
591
920
458
497
283
310
731
757
668
385
328
698
577
44
184
265
911
507
701
439
-18
-71
-132
-254
-11
-76
-46
-263
-498
201
-275
-1048
89
261
205
582
407
450
-166
10
387
582
591
578
471
274
-285
-321
373
-990
-876
205
419
528
-126
238
815
195
119
401
356
468
82
276
571
624
823
912
885
67
652
480
630
-480
-358
80
464
-203
19
519
509
760
461
141
187
250
401
815
846
615
621
719
525
135
568
541
676
-195
29
364
529
-180
882
505
790
575
140
538
880
162
-12
545
751
149
100
617
855
404
695
516
451
442
-190
270
419
354
593
981
699
359
-768
14
385
-267
-245
220
598
-134
31
-360
202
1263
959
357
-481
-4
535
886
471
-293
1
346
526
631
505
-24
241
780
366
33
479
1090
66
-159
751
458
299
565
499
380
614
621
250
253
403
175
333
781
377
-42
157
421
532
509
844
688
103
946
815
777
783
946
458
49
660
794
114
457
426
186
188
733
469
647
511
545
268
-44
34
-17
333
677
400
660
2213
1721
4759
1794
5904
841
24
2962
879
9
73
92
873
2192
3812
2891
1940
1779
1828
15
409
857
7066
2165
2677
2479
7
127
236
96
104
616
103
49
48
2070
1914
632
330
15
4709
585
206
35
1209
17
115
155
2796
1888
2810
19
162
54
69
2401
72
4347
878
31
2089
6483
3687
3676
3662
137
1158
16
1784
310
1231
32
1574
180
61
147
80
9
1375
1260
28
322
2666
1297
1286
856
917
33
144
62
10
1353
31
75
74
3082
3803
44
54
41
42
26
1467
2665
14
57
2737
71
1073
213
68
151
7
82
400
2528
55
82
552
1144
30
114
2666
649
2902
743
80
4611
4
41
410
103
742
115
637
36
484
64
1082
63
9
3211
1728
37
1483
36
41
129
13
146
29
3187
216
102
2886
445
287
32
408
1657
32
157
219
85
195
28
1158
2466
3
6
67
2
5107
599
4
20
2118
790
72
960
1721
107
41
72
102
54
2951
2340
1478
938
64
122
86
343
172
870
1548
2866
1719
1478
1781
120
114
35
26
20
78
97
535
1252
4508
18
1838
13
12
1303
39
2
61
17
15
158
100
2525
5
68
1214
1105
96
65
133
358
16
649
251
87
13
2181
1151
1248
83
982
1512
5069
887
1523
1904
0
124
50
1292
2588
6233
1321
83
9569
2263
678
1297
24
84
49
54
4059
51
85
126
8320
3192
2294
37
103
8
4
44
593
67
173
920
3015
22
861
2530
19
12
56
5834
3399
2405
20
2581
6284
340
155
5031
2322
12
2383
98
50
100
56
736
57
26
706
402
118
3010
2646
2406
1222
37
96
22
2430
107
64
2550
107
128
884
326
1153
39
1893
1142
237
74
48
110
547
2019
1100
27
59
114
1698
1759
4847
122
12
64
1321
734
10
23
108
459
39
50
346
2905
1310
81
139
69
122
117
43
1745
869
42
1389
4019
898
550
977
40
170
432
62
151
494
54
52
3575
2116
3694
38
506
289
289
204
2006
53
116
67
260
2166
1355
128
151
292
2674
2003
293
18
90
111
32
939
1037
3254
1927
1168
888
607
23
43
6
91
37
1422
106
71
1174
1435
72
107
145
170
91
50
1254
88
3224
1787
46
1319
1
1769
2495
2421
2525
5210
342
2152
258
7
30
2
118
1387
68
86
41
2748
3386
1025
2478
184
44
33
2057
4822
91
60
38
1528
138
571
126
43
60
479
1016
107
75
153
49
2849
2349
4290
6
163
7
123
80
1070
4132
4027
1701
3414
32
113
141
83
3759
5020
3303
114
2848
341
1552
1402
360
2029
55
2042
21
88
27
3506
3971
1455
2
6861
4874
2665
34
742
3109
1711
146
114
114
150
42
36
310
1637
1143
61
2932
651
5
56
274
155
77
4435
3321
5845
9
5692
1236
211
33
741
81
632
3512
8485
1303
1692
2275
53
1128
10
3612
533
47
33
43
2354
777
490
145
59
90
50
368
26
1804
1911
0
768
179
1043
19
4695
3365
1214
53
1362
1618
76
1881
61
3847
495
6
54
1073
698
36
78
7918
1401
18
134
158
36
4317
3945
7
8889
1627
546
76
113
4938
3
2458
66
1646
3511
900
55
296
69
10
2724
918
1489
2509
4979
1665
37
1933
4099
242
9
4756
5
29
232
1966
56
2518
760
96
69
1991
2169
27
769
79
18
1915
3
37
1564
37
73
47
2874
1325
101
2767
1233
179
53
700
87
3115
3521
3444
2758
1060
8
38
53
1151
2390
45
119
2093
1592
958
5116
2277
310
440
3206
2371
1637
1150
2742
1417
924
1024
2200
195
751
973
1658
-3
-9
-7
285
1129
1362
1504
361
507
670
2219
709
1124
903
1888
1232
1334
706
804
1088
1134
644
901
1799
885
1213
1949
1192
1217
1215
2514
690
1392
1289
2052
412
3207
2572
2015
1147
2344
726
1724
2059
1105
495
1204
1648
1688
1064
2723
696
1965
3093
1550
2913
2630
1428
1485
2242
1356
1566
1251
1585
1105
2146
2371
1973
963
1464
484
2368
1031
2057
1195
1495
3877
2037
-66
1279
73
3057
1503
2838
404
1174
812
2431
931
1349
169
1585
297
35
991
1376
688
1249
2092
512
2006
1050
2825
2398
10
1885
806
699
823
927
2047
1872
637
2390
3074
1199
2814
1873
1906
1337
1747
2204
773
1316
1034
1013
2001
1990
70
2597
3121
853
891
2135
532
552
689
248
1891
1348
1777
1056
1437
1853
111
1520
900
1691
1853
1607
1986
2070
1418
3723
609
1234
703
1084
-39
376
607
1183
1667
495
1036
1420
161
1229
1460
849
1523
547
1294
1885
2122
3578
2985
2384
1911
1043
1356
2272
2866
2786
1665
1771
809
1329
1044
217
-280
850
1163
920
1398
459
2527
882
1029
1892
590
2990
1888
2378
1421
705
860
874
1165
2324
1406
1211
1183
1468
1364
1314
1510
1142
857
1999
1549
375
1684
2308
1577
557
1658
442
1967
1489
1159
3024
316
1979
1174
814
2708
1371
1549
1530
3586
1837
1221
1873
708
1197
1104
1562
229
1529
1250
3260
1486
1584
901
870
1299
2896
532
1257
782
647
74
143
1119
1318
477
359
1684
2117
1220
572
1381
1962
1733
1065
1202
1492
1725
320
2101
1861
324
1015
807
1021
748
415
767
1507
400
2322
2438
872
1808
974
2274
1898
597
1764
868
1839
809
742
1617
3431
1721
972
571
682
933
916
947
662
2176
783
2223
1872
1143
2152
1748
485
1672
1089
3074
1952
1520
1665
1326
884
1497
454
1876
574
1739
1684
1287
937
2277
1721
770
2499
2403
629
759
610
1693
598
1150
1726
865
1775
303
3503
1292
2040
1681
1052
552
1143
2018
3558
1024
2899
2092
1011
1636
2540
2698
1226
1626
1194
605
1432
1658
676
1048
753
2675
220
966
1825
1518
3103
18
151
408
1642
2231
1536
1779
1103
2004
2546
997
1696
869
206
1651
2125
1722
1486
1703
1623
2326
2541
1530
1052
1174
2134
1945
2522
747
701
657
557
765
1887
1255
581
1465
2163
2241
1125
566
1325
2090
2795
2091
2049
1089
2818
338
620
2137
1193
311
1030
2385
354
327
2312
1341
708
1108
1857
893
273
654
533
1770
797
-128
490
2129
1501
905
857
925
1018
684
1884
311
2721
1554
1551
1655
1627
1471
2404
1400
1307
1034
840
1224
1129
1714
2230
711
730
1924
1078
2399
525
1686
736
695
1559
1308
1253
1042
346
1276
1565
2032
596
2013
404
1592
964
493
44
903
1229
1365
1891
813
1176
4258
1429
1655
1671
552
1456
948
134
1957
518
618
605
1181
3855
1176
1581
247
639
1793
778
848
731
3948
830
3511
975
2415
1512
1298
1494
1051
1023
276
880
676
572
1230
3764
773
1067
1867
955
1523
1745
1059
415
895
3320
1915
2349
1543
829
1488
428
1211
1429
595
2923
965
1801
1463
423
2099
1279
1804
3517
485
2009
705
711
1341
920
1284
3482
2799
1070
1963
2465
1402
1571
1258
1720
1274
310
392
1861
1829
2637
2820
2284
2607
1201
2007
827
2625
1554
1510
1116
1576
2107
1279
1390
1492
1134
1706
2740
1088
1495
1907
1677
1453
1320
999
1752
441
458
2579
1843
662
2788
2287
636
808
-56
1828
2109
552
2790
1781
750
1732
839
1125
1287
987
1331
3615
1073
1823
2127
2106
1102
2573
1418
2701
1943
1415
926
-362
-367
-419
-383
-111
-303
-401
-365
-434
-308
-250
-449
-337
-398
-366
-390
-329
-331
-349
-383
-311
-365
-400
-369
-436
-66
-203
-77
209
4
31
-276
-233
-222
23
515
-313
-412
-310
-261
-239
-379
-333
-422
-229
-190
-321
-31
-366
-371
248
175
5
-83
-189
-35
-52
780
-60
-42
-430
-380
-189
-62
221
251
-448
-331
-122
157
-193
847
-375
-48
-193
328
1799
813
-159
-90
548
203
-271
-83
-343
-282
-385
-394
127
-75
-431
-23
-242
308
-241
-8
-411
-377
164
699
172
-336
208
-84
-342
-134
-287
130
-152
380
103
-358
116
-44
-267
-140
-7
507
70
-178
-414
-118
783
150
100
450
75
-208
150
-197
227
-148
-279
-121
-398
-455
-271
247
-114
-262
275
490
-111
-243
-369
583
-140
187
3
-267
309
-357
-258
-329
-252
30
-290
494
380
-411
-86
-284
-65
369
207
-603
68
-65
-371
-224
697
13
-165
243
50
-71
-116
845
23
-43
-102
-396
164
-289
-80
415
1110
-336
23
12
-56
119
-319
-277
222
405
39
-355
-55
-120
-394
14
369
-13
-304
-161
-35
-44
-130
1185
-426
-258
23
-382
-230
303
-312
348
-128
-3
-180
-264
-28
61
-226
48
-300
160
4
102
-105
797
-218
-55
323
15
-283
260
-290
467
-373
-5
-90
168
-63
-200
-167
-289
-24
-26
248
-181
-34
36
-81
-230
-78
60
767
-253
575
-452
-264
-416
-279
-196
-334
-428
173
256
-269
-259
-155
-290
-88
-118
52
-190
109
-422
-348
-121
-423
-395
125
-121
104
259
-351
-69
-165
-469
-409
65
-141
-75
-266
-86
-33
-251
-8
-382
295
-260
-333
-426
-266
-211
413
-61
-351
-462
-331
362
-93
-458
-163
-304
-82
-389
-47
240
-234
304
38
-288
-44
-261
-107
-483
-121
712
345
-349
436
-27
-277
1293
461
-433
-77
22
-136
-199
383
-276
-360
-73
10
-153
-230
-419
-247
-93
-11
756
-57
208
291
-66
-235
-275
-269
-104
-345
-262
-153
-79
-359
44
70
62
-140
-286
70
-137
-277
-243
333
694
-149
71
-264
-54
-341
186
65
-325
-287
-349
-394
-413
285
49
0
121
-46
-289
181
-78
-131
-427
-437
-141
-94
-406
-271
759
-299
331
81
133
-70
-151
-140
-220
938
192
-354
-87
-176
-58
691
304
439
-349
-289
-27
-11
309
-300
-122
-406
80
-250
254
-116
-341
488
-145
-43
-318
-278
-158
76
1243
1279
344
-271
-392
-357
-29
-281
524
-310
-119
-222
-65
-117
-420
-356
-233
-186
-194
-50
-170
-189
72
197
-28
-150
-71
-21
-380
-135
-44
-412
224
-119
-324
-186
63
-132
-417
-282
482
458
563
192
352
-175
-1
290
-299
-259
-174
-199
-427
-227
-238
-44
751
-28
-53
-328
-397
-140
-453
-244
680
276
837
-308
-274
12
-299
886
232
-178
28
-322
508
-382
-166
-145
-24
221
-81
-305
-92
-414
-413
-350
-349
247
-115
-251
276
438
-118
-158
384
-314
-313
41
-212
-262
109
46
-242
-68
-137
-336
305
-226
-202
-279
-111
-164
-320
-269
472
321
-290
-42
-150
-405
-400
-395
-419
-348
-253
-220
-198
121
-407
-395
328
27
153
-313
-390
-470
489
-278
351
-52
-204
-383
-16
-308
172
40
-2
-142
-217
-180
28
-228
96
-367
43
-172
252
-14
165
-313
-1
-99
-334
-241
398
-384
-100
-346
1400
1075
724
37
-179
25
-490
-427
-195
-331
395
-326
16
-532
82
-233
-286
-266
751
-342
-286
-29
-47
167
435
-68
-435
-504
-104
-290
-45
-16
364
-416
-109
-316
693
336
-202
-239
-279
-112
-60
170
28
471
340
5
-211
-264
-232
-300
294
-72
-105
-38
-193
-34
1631
562
1251
-790
206
1960
2930
-208
1632
270
1476
1992
546
1109
87
149
704
-12
1122
1129
3109
830
199
-5
-61
-954
-139
1406
1105
1024
-810
1477
-69
-430
644
-156
1843
-290
294
1252
-134
332
-576
712
-13
-760
2172
1784
-443
5078
-1020
-589
1731
-104
-209
-290
1922
-571
-74
1054
-387
1263
479
501
1708
-1274
2537
-45
-256
-20
-175
-767
2002
301
1057
2294
-533
1116
373
653
1351
28
628
172
2156
515
620
-321
1886
1570
1204
-1033
-544
2961
456
1418
-1919
2271
-49
-295
275
2795
-366
-95
2522
2558
-698
1016
-672
1605
-618
-207
-4
1970
-499
2476
251
-464
84
-292
1423
-31
130
-120
-233
-72
337
-15
-807
-70
-304
2090
-278
176
-614
3078
-875
225
529
1952
2533
-681
1310
-244
-438
-621
3978
-718
-213
-3
3012
-809
2209
1857
1570
1402
-234
184
870
309
339
-677
794
153
-596
3863
-867
594
457
3344
-868
-146
3181
688
-81
726
-53
-469
-309
-771
-67
3138
-4
-340
-565
3696
-428
1121
-376
-1176
2295
-645
2191
-890
1903
1147
-451
-75
-253
-308
133
1210
-143
2103
886
-121
1846
313
3412
-540
1174
1300
-172
-22
3260
960
-85
907
-794
-75
1994
490
1680
2670
-108
-365
-513
-308
2044
-443
-261
-28
401
-328
-91
103
-197
-30
-62
535
144
-249
1765
-102
1242
-853
-237
266
-427
3435
-79
1657
-498
-330
1800
-30
-142
638
-88
-48
1856
2371
-215
-507
-20
1293
-60
1285
-210
728
1830
-229
-975
2273
-455
3411
402
-377
2005
-136
3044
-144
1086
2215
-310
-46
596
-167
1259
-597
642
462
2057
661
4
-410
3109
-1255
408
-200
-650
2632
-374
2406
-975
831
33
-693
2360
-392
1524
-74
-305
1515
1695
-1019
202
2593
201
831
761
-198
607
1458
1419
-472
418
1709
530
-798
3036
2879
-109
1940
-1498
-731
3040
-48
606
909
-450
235
319
-44
643
-8
1551
176
-341
2790
-53
-221
438
-624
838
970
-168
631
835
1722
-54
-469
1559
1834
-73
-559
1039
1171
-872
-156
269
3469
128
-519
2022
-652
1276
1271
-1157
1670
-32
-549
1047
-20
-659
-59
-130
424
485
-108
-480
1489
246
1192
501
-192
1408
345
-509
3013
2756
-1013
2939
732
410
-305
-24
-392
807
1157
-403
-43
2651
-155
-1016
2657
-260
593
-423
1232
18
1186
2039
1269
-499
-699
3545
-143
-31
1109
692
-426
976
-351
2387
38
-519
1063
2826
-254
1634
90
-322
-789
-126
123
-255
654
-165
1068
-796
-230
1214
742
-770
-83
-62
3056
66
939
-233
1448
-143
-277
-147
-751
3109
1043
842
-754
891
564
59
126
1124
649
-612
138
925
-165
-208
936
-57
-713
1806
-1082
2015
1905
341
1390
-566
1150
-26
-280
-247
758
398
1547
-217
-25
-165
1038
530
-32
-120
958
1543
-281
-451
437
-196
-793
728
4687
-287
2597
1492
-203
1892
-391
3023
-1113
-100
2263
-276
2674
-973
-164
2644
-746
2664
-833
998
1040
760
152
42
-468
1602
-1418
1599
2405
522
-209
-8
-409
1041
-237
463
127
-1077
-474
1417
-639
2085
2016
-427
1479
411
64
-145
-461
673
908
-366
590
-156
1421
-82
4842
-1166
57
-628
2499
-189
-77
1964
72
-648
2668
614
-995
1005
294
1347
-430
2081
1168
349
-986
-17
789
1566
-153
580
1289
3328
-1071
1140
-995
-580
3938
1359
-439
-66
1054
3207
10
1770
-528
657
-64
511
-299
3080
-845
3014
-451
-461
-69
1107
-200
1393
684
432
-216
1032
1884
-1036
-139
869
-373
1318
791
276
1123
1924
1176
1244
717
1052
1170
1894
-214
1493
-15
-114
-196
-363
1359
-1640
1778
-94
-99
-298
786
752
400
661
-1348
-373
-129
-521
-86
-128
-456
-36
1453
-673
2418
-246
1338
743
1571
2297
1048
820
995
983
1681
1531
621
1516
860
1681
458
1230
216
268
361
1452
1417
734
748
1316
888
-90
-363
-68
927
370
766
467
704
-206
-219
460
1651
687
-65
-227
-275
817
97
-90
-230
-341
247
-328
781
-47
1023
32
4
-51
-277
-208
-423
-116
-27
-169
162
-126
161
140
-19
-150
886
485
429
529
-247
-708
71
-234
318
-98
-187
-132
-171
-291
-46
-118
-9
-366
-113
-346
-185
1078
-262
420
38
-360
-238
-311
518
466
97
505
-211
-109
-375
-255
728
-374
-199
-204
1105
-95
350
-282
-189
126
-13
-62
249
104
-192
-515
-370
-274
780
271
-105
140
-241
-168
-26
109
373
184
-56
-241
645
-294
-353
-95
-5
617
-188
651
-135
361
34
-39
780
10
-266
470
200
174
-246
984
-163
-123
451
318
305
598
246
-149
387
301
-249
-299
-364
-174
123
150
969
362
-150
-45
-320
-103
402
-258
-245
-301
-335
-68
-170
-104
-145
-175
-232
-240
-82
-119
-22
1616
-258
-125
346
106
-26
46
27
336
-133
-98
-131
-252
275
-181
-61
-177
-13
-172
-100
117
520
9
478
-176
-58
415
781
-54
536
-328
-137
-123
344
492
602
-61
-180
-361
-155
-308
-194
-486
379
-374
-275
-149
443
268
1127
764
650
-205
-113
-145
-323
-94
-235
-90
-90
-47
1043
318
891
-282
-193
1080
-67
175
453
-129
-224
-41
-41
-66
771
-208
-63
161
1056
449
-200
-63
-293
-185
1056
1096
-285
-234
-327
690
-76
1503
84
-29
700
42
174
464
253
166
-1
444
805
573
-107
418
-10
-56
-47
98
-274
-83
-197
464
772
860
-291
-177
-314
226
-82
1365
2033
-318
378
148
-267
-262
-27
-196
-208
-145
-104
-467
-287
-32
-176
411
-137
-53
-67
-95
9
1189
-80
455
236
-239
-255
-243
-239
-321
41
163
-274
1115
268
-250
317
-198
137
-166
-156
-162
-31
-276
-227
-352
-6
89
1498
809
-222
669
-84
-20
496
407
553
-112
-215
-378
524
-11
-334
-7
-149
-64
-165
617
-33
-60
-68
-116
1737
-296
-100
-170
547
-180
-122
-126
-260
-236
254
-94
1061
528
-216
-273
-393
314
-173
-370
-150
716
-9
-302
443
-27
683
-249
-69
413
-35
-365
-72
-207
-1
-443
-110
-285
-375
721
1184
-117
-284
692
957
-140
102
165
904
-368
-34
220
-131
1541
431
496
206
956
-289
-359
-418
-406
-280
-176
196
-75
25
-45
863
-201
-106
679
48
-181
-240
-92
-88
17
-139
-104
-233
-161
-103
329
-59
-112
-47
-195
676
530
-24
-163
-92
-159
120
298
267
169
-155
148
-288
-360
-370
-89
-46
680
221
-344
-224
422
73
-270
347
-106
88
-248
-49
-146
124
433
-66
806
837
2018
-200
302
-355
-178
-184
-167
63
-68
-104
316
852
-53
-344
-412
154
7
-168
-181
-139
974
-131
332
684
338
-225
10
-301
-100
1017
-344
-55
48
-309
-181
-24
394
-79
-165
-206
-295
-258
-204
-268
-83
959
-50
117
-248
65
-151
367
284
-201
-461
-158
-46
-137
-210
-38
-78
-79
-213
142
-215
-337
-323
-37
279
9
28
-18
-287
-150
84
75
-236
-171
-116
-181
40
994
-61
-117
-332
-21
-196
-42
-16
-103
1257
-75
-210
-17
-137
957
497
403
-140
-166
-75
1814
-105
-74
-363
-110
-127
-157
-103
259
578
23
76
13
1422
62
-257
648
-212
-239
-364
536
-324
-20
-364
288
343
397
-78
-168
1266
409
-16
514
-115
1162
-232
145
183
-178
-87
959
-211
-304
-382
-167
-170
-214
-250
-38
-215
-246
781
-533
-187
-243
-154
-146
-217
191
-98
-30
-394
-142
913
1290
1017
898
1840
4645
551
595
841
936
655
2432
1118
737
2046
1126
1679
333
1114
1061
1545
13
424
766
1781
1487
696
3049
948
2462
218
1916
1404
2275
850
2261
1703
409
2274
1069
3113
1007
1216
1502
596
3647
1547
1237
453
1214
1997
1074
10
779
61
1932
2317
2836
1304
5
971
39
346
1435
1221
1514
142
2512
1247
841
695
361
486
1126
316
938
1553
624
299
2350
89
613
613
1506
639
898
1435
420
1392
1057
1299
2161
512
757
3627
263
753
2537
10
1876
392
1075
1369
455
536
870
947
181
281
1096
156
2443
2106
1340
91
1732
440
102
574
1770
843
706
2145
1514
757
2453
214
684
1343
725
56
1556
440
2939
3187
1669
895
126
423
217
531
2047
24
4790
746
243
1795
675
1594
4722
2446
2159
27
2184
190
875
361
468
1337
923
89
2039
1333
198
112
2669
1742
1441
1239
649
373
1247
197
1214
347
2098
1958
889
116
529
868
395
436
841
1078
325
651
789
1132
547
4823
1221
678
1852
382
1916
1816
1239
855
31
304
991
1070
1116
89
1839
1830
57
1048
889
792
429
674
1172
622
567
3843
338
1910
1629
1818
1093
780
1169
191
2576
2018
203
710
168
1654
291
328
2429
128
372
3988
628
1938
652
603
806
3209
1085
1466
2091
188
21
2054
1971
3533
517
2863
3177
1341
1792
1414
483
998
1892
167
1290
989
329
1035
134
971
307
923
2731
2285
803
1109
1498
2084
1507
266
1230
1972
515
443
634
1058
68
1418
659
98
729
1248
750
109
669
270
3547
323
2762
263
55
889
22
118
1575
815
1212
49
153
2607
3470
1218
1331
222
4920
1044
1244
1282
1509
459
550
2350
807
1192
1055
114
109
894
652
461
486
2827
1678
1677
1102
312
1395
1284
2140
4669
1044
1069
2522
577
1612
502
2623
2929
1239
231
542
495
1228
45
823
1033
249
916
852
2882
1068
3841
1942
1661
1583
1287
3538
257
1409
2263
2024
595
897
1544
1895
2350
1308
215
2297
1706
1837
2193
2264
14
1175
50
2349
2212
44
854
738
904
1321
329
1941
279
1231
19
347
455
388
1270
609
727
676
1153
877
614
610
371
21
1864
2282
1748
1012
435
604
389
1971
1306
61
198
2664
126
395
1244
1132
175
1121
2115
425
224
1016
907
283
746
44
409
199
1650
4174
512
951
529
621
3795
1263
1302
731
1479
459
304
49
1775
417
758
1309
1143
3870
1931
49
128
1514
404
335
1000
960
106
316
413
2382
174
107
1828
2755
2004
174
3186
1093
2502
2024
613
464
649
1959
186
601
2614
1511
906
237
1510
1023
1705
358
887
203
178
254
162
247
1065
842
379
2505
1420
2634
2078
838
822
699
1308
875
1089
665
161
1871
1491
462
1730
111
1490
1972
1178
1170
2008
1355
1067
1063
1336
1842
2835
612
83
52
401
1466
194
1024
660
1844
1975
1389
942
2646
65
810
188
70
670
2534
959
1143
379
235
456
882
768
2631
475
216
278
896
403
1066
366
393
747
77
666
2346
1248
366
1323
1512
3334
2257
1006
973
344
103
1253
152
1334
2023
583
1678
933
968
1551
162
325
1286
60
1031
1294
1777
1345
1743
2716
300
697
1039
2684
3342
1501
1170
2681
383
607
2533
793
1095
2058
871
585
3311
1814
1166
2577
641
1598
704
218
2080
2443
1830
725
573
1110
961
1274
18
235
481
1095
1936
295
261
1309
1305
2736
403
1382
2113
1104
1896
170
704
205
1603
347
158
4690
31
331
569
3380
1236
670
1558
2850
2062
521
1678
130
298
551
1348
655
523
695
1294
141
566
1018
2457
1268
612
210
2180
2170
1847
1897
1883
735
98
1613
2366
67
422
2390
543
2857
3294
3550
1915
2137
351
1541
2891
242
4971
354
2020
4302
4400
381
2363
3130
273
658
2098
349
3158
746
1113
1214
773
2494
822
3433
6501
1040
1684
2555
2529
656
4480
2962
2326
2845
3942
3580
1814
1608
1378
93
3587
2974
3200
788
4047
2376
201
3497
1937
6298
2066
5056
3465
390
2218
831
2926
193
3694
136
3041
1679
2070
2500
153
2113
261
3256
835
5404
2900
217
3984
1335
1119
4553
2964
225
1096
2222
225
2567
2168
1149
801
2413
506
553
1667
3781
1631
1317
2075
598
3367
1868
2807
2103
1251
1370
1798
1245
2663
3922
2432
1228
24
3692
1741
396
1288
1118
3653
5078
2042
2304
7120
372
4567
2371
1856
1871
806
995
2104
515
688
4652
1778
1426
1494
785
1165
277
60
524
4321
4095
1677
2582
2858
696
2306
1883
599
3437
517
1920
874
3208
2504
304
4089
3420
1273
1074
683
3293
2661
46
416
1208
1968
1800
2063
2479
1040
4433
3148
1221
1144
4863
1294
5825
15
5644
325
1013
195
2366
1933
803
1696
2117
2171
250
1274
3366
1458
1644
825
3235
2879
8085
329
608
3052
2627
1864
4181
4425
411
5761
5057
262
866
2226
5912
310
3922
1709
1752
94
6288
2265
164
1180
9051
980
2212
3471
3377
2784
2492
1017
3945
302
2792
5412
3229
2440
4019
6701
4605
7738
1803
1120
2033
5054
8843
6473
1655
2342
3123
371
1079
4809
1000
1282
435
1568
5863
1018
1767
1734
1596
3634
1452
3381
2398
3724
3726
3065
5323
3802
1086
716
5213
1707
2860
4780
380
3192
761
1716
1014
739
1657
4592
747
941
1911
289
447
2252
249
7923
2303
3570
2090
653
2382
2276
3848
495
4264
3402
233
2291
3239
3111
1700
993
823
2933
1608
1876
2354
2298
241
2073
2779
1472
4855
256
185
1326
4973
540
3158
7247
7134
5232
3358
1934
4562
2448
2351
5260
6
3014
3263
1711
7542
2645
361
1000
150
103
2034
5784
4966
1059
1027
3743
5023
1159
1692
2522
2840
283
472
1685
1356
855
1976
1087
3243
3022
456
2568
2787
208
1371
760
88
1332
1530
253
2661
1627
9
1617
4928
3022
1840
1175
300
1868
1256
2470
924
6285
3078
946
4906
3043
139
942
3918
2380
1995
758
2161
466
1876
570
3466
3114
621
5834
3746
367
4727
3355
875
807
3246
6739
5802
902
1206
1227
1363
549
2904
2097
1361
452
4652
1074
4079
731
5692
5222
3906
186
3436
2931
4534
141
2689
897
3290
118
2426
1404
2642
509
3578
4470
1601
1731
1877
1687
2003
1453
2437
4611
5379
1039
3358
2421
1411
3491
2875
1230
3511
6
335
632
2381
2761
7386
5280
5772
4587
3084
3
5897
215
2018
2219
4342
3079
3191
4439
2214
4680
4505
3770
2320
653
1703
572
3091
260
3153
68
2231
1657
2591
3373
131
2329
594
2541
470
2235
2702
749
1009
2068
1214
1256
1947
518
2280
4701
3547
436
5106
4965
799
1700
6929
3408
776
958
1190
1783
661
2464
4980
3657
2025
4187
4410
4595
2291
686
47
1240
717
2885
1190
3806
2301
4382
2853
2101
564
65
716
933
465
1133
2089
1957
3011
2914
1140
3855
1221
1069
4560
3267
24
1393
2104
2265
1582
3513
6344
490
3213
385
1526
4527
6336
6328
1296
1260
3981
2443
2848
2555
3837
2807
6559
2957
2546
393
1715
59
2702
2147
191
3372
3355
2998
4266
1904
6148
1779
1354
1268
3721
916
559
2465
4217
1044
492
1102
740
1812
1137
2188
3860
2224
7679
538
3879
3627
6892
3584
2904
2278
399
3218
1520
1787
927
1232
3524
621
1769
5099
159
3961
3127
1450
120
4941
3366
4479
36
2242
529
4103
400
1749
3848
2817
62
3226
3275
2128
2380
511
1385
1401
2569
1856
762
722
727
1355
1659
1459
44
2926
738
47
881
1507
1018
524
898
521
1747
18
138
1577
1612
2987
1238
2420
1289
1945
26
4806
808
1812
464
314
2043
2518
1015
1459
678
1614
25
1706
1324
5167
1787
1517
2308
911
1760
677
1195
1673
2289
879
59
528
1853
558
822
1754
142
3397
2225
1818
1187
1711
2711
2224
3399
1421
1585
239
1149
536
1193
2049
675
6
468
1547
1673
572
464
858
2033
999
222
1633
4112
1814
297
179
537
1509
2694
2404
1881
2969
428
429
1345
283
397
468
517
895
2741
1066
2013
1312
498
909
715
242
993
1377
1908
1579
1755
10
118
1101
951
1787
1591
523
1584
104
925
85
170
579
2700
1224
1569
1636
1551
1372
764
1253
1337
563
677
3255
3175
269
1567
473
1374
1860
959
1776
1948
425
801
157
1140
240
3065
1530
652
1230
1368
511
2049
1654
2138
570
105
950
633
1153
2734
55
192
743
2119
1005
3369
2436
1350
62
189
1696
767
4196
5951
528
194
596
1649
2693
4103
965
362
305
582
1566
882
425
1787
2086
879
380
367
1764
1112
239
109
670
2230
3329
3226
1718
1315
816
678
1254
2024
1335
720
2042
490
1824
1737
431
623
625
490
1366
404
128
2337
4265
309
194
1993
1326
1008
2170
1506
1548
688
246
427
2166
1156
757
3536
452
1052
3106
454
52
2269
316
2853
2848
914
1795
1898
317
2046
1849
781
2698
455
960
666
707
2752
614
928
2091
1184
2215
648
1355
1392
406
896
220
1508
254
588
1368
723
1519
18
466
1224
170
2575
313
927
1704
27
2866
542
1095
2550
242
860
1485
551
1914
2409
1921
251
305
2128
1171
1567
27
418
217
180
1079
182
287
316
658
379
1927
2212
202
591
607
441
708
1472
4995
3653
496
967
376
1636
110
703
843
1094
422
907
508
180
827
146
1257
1306
824
1511
3184
2588
457
498
234
1256
628
1478
460
3497
2784
2196
645
704
1822
313
884
3572
524
367
156
1467
1550
2683
263
712
499
1052
3423
2946
704
572
1658
604
887
1150
2218
1142
1741
1350
428
602
2047
1318
998
1011
114
2266
1040
694
2221
2650
3736
2139
1964
1455
816
363
603
19
257
3433
3190
1177
21
1446
2592
959
73
976
302
1870
1926
101
112
412
84
1957
648
4236
1424
2705
75
2591
94
725
2485
4288
2175
2708
939
872
2357
692
291
1601
1968
3977
3302
1259
284
1564
196
339
1403
1116
3894
5047
1463
80
522
397
1268
80
693
2399
3539
420
1723
483
1431
261
2049
59
310
233
945
690
1688
329
79
2049
262
2063
3344
8
3350
4763
477
1335
1840
220
160
2412
127
2795
1758
1940
1291
359
568
818
1777
1126
1614
2220
514
1805
329
1781
633
500
46
1042
1494
1888
728
19
411
1232
469
239
1956
3034
307
144
1600
178
12
327
3604
220
1966
2379
2276
845
2551
374
184
3465
1203
1621
3175
441
2303
189
3884
3164
319
323
1536
797
753
1492
1095
542
269
505
2360
826
113
1882
2088
1152
200
572
233
1161
2565
1532
275
2111
560
2381
1571
2746
819
1565
951
306
1766
1079
740
1972
537
2297
873
2719
118
1277
954
2633
603
1535
1584
2455
1282
253
1692
2077
1199
1842
491
4986
832
2101
4885
3027
1831
365
456
2409
3230
1873
551
1999
351
1732
302
603
306
944
467
1105
421
473
170
2393
812
3698
2785
3604
1413
2655
1881
496
1689
3128
1959
1415
1430
1317
721
509
2089
1943
759
1249
611
2093
565
960
74
2366
2929
973
974
2539
1314
181
573
2545
367
682
22
1330
1966
1158
1473
1619
1765
869
2773
2923
1039
451
1381
1422
637
2694
410
3210
1088
1380
1137
1970
488
2974
1815
556
1827
1888
2850
964
1176
1932
1412
31
1125
444
1742
2508
632
772
665
863
1195
1825
1079
2179
2393
755
1137
2534
474
1575
1538
1473
2697
2463
620
206
2320
344
936
855
1749
1510
1678
37
2010
1051
1146
2356
667
332
352
311
3663
3262
709
2507
675
3858
1241
891
3064
1175
588
763
690
1750
2397
3045
1623
849
2899
2311
1313
1083
1071
1901
575
246
213
1519
2302
842
332
1137
1094
139
2254
1681
2503
1347
832
905
928
2652
738
1208
857
1037
1278
1835
1250
20
585
7
2601
1143
655
1432
1399
153
176
2086
788
2279
1770
891
1067
687
1650
518
219
349
604
68
1200
3127
81
191
822
757
2942
847
3496
142
1750
2118
3316
1757
191
1234
3297
1082
303
2257
3434
554
2382
3303
944
1345
941
3805
1028
2135
1645
2119
450
375
303
1413
3068
626
311
2355
1563
1392
85
887
466
384
2265
855
481
1336
1449
111
1675
44
174
1569
1026
1195
2181
1344
1262
65
1113
1414
673
209
224
1898
2956
246
1827
2568
2526
1505
179
2946
1416
2426
1543
2067
2989
3680
1851
1966
1183
51
81
2205
1144
689
1473
2346
2973
3752
860
461
531
501
593
1105
242
509
955
2242
1423
768
1194
254
2298
1949
86
1035
351
349
1113
223
946
1267
930
1380
3678
1246
125
2087
1726
2124
3288
358
930
236
1633
2304
149
876
749
1910
2011
543
1944
494
571
629
1408
821
830
1987
55
346
908
1954
1316
447
369
2008
420
4219
1189
3827
2006
1972
72
2449
1187
176
446
405
3084
623
3364
792
488
1458
1899
482
2262
3141
1522
554
1348
1683
106
207
3180
798
667
1482
622
651
4831
1591
28
321
1243
222
3031
1118
2538
1903
12
67
2041
1022
3610
1057
2097
88
3738
114
1932
1110
156
1842
108
977
1229
190
790
821
1971
281
1683
639
380
247
1149
905
155
179
1732
1189
1223
700
119
2570
106
2048
2021
932
123
1671
3357
156
1363
1581
1374
346
1562
932
170
997
2285
155
676
1111
221
1499
3125
348
1181
407
1773
91
46
51
887
373
1401
535
548
2135
700
3039
1078
345
1022
182
741
1993
1525
81
1889
2123
2329
1308
903
470
2014
2193
499
745
2267
1208
621
818
1038
1974
414
3491
1641
1993
155
487
1599
1257
3156
3765
1223
1206
1566
802
1201
2460
48
2713
874
469
812
1207
673
371
1106
64
2365
1870
132
989
1901
588
1632
508
996
691
1228
1325
2206
393
2597
1937
1719
110
2368
1541
1548
1143
653
115
1199
944
1342
2142
817
226
2383
2181
501
3198
3252
107
526
207
88
1433
489
1135
1081
506
2274
1190
2356
2385
672
704
891
315
1658
19
1783
1317
1342
1482
2060
2923
1669
2923
480
1484
253
1415
121
1595
668
2163
3399
2233
993
4283
1385
553
2203
1555
1934
967
39
1558
2797
1927
280
3192
688
847
1309
1153
1783
1325
1196
955
663
1768
1589
2465
3644
1459
2635
727
2171
1062
47
405
1658
12
2556
1963
861
703
2925
2634
1152
1934
1428
827
2016
568
2049
1133
3512
1215
113
819
1311
3520
1538
2751
216
2105
1017
3051
1247
178
3806
231
277
2741
1930
1455
2707
1042
3451
1950
991
291
632
450
404
658
430
234
931
28
1234
392
1289
1815
2382
466
31
730
2416
1892
705
7
319
1485
1131
2156
4256
2195
1897
1199
696
101
1770
101
1709
1551
2008
1054
1453
799
214
345
1154
1764
1119
112
941
1790
1934
2315
621
3306
2306
1798
1402
1910
967
1756
1305
1177
1202
1398
-102
487
996
440
-327
324
236
-888
608
357
559
-894
-43
377
1490
-112
65
646
1336
580
1138
-290
-113
60
-142
-389
-98
-571
-1165
-598
-569
70
-384
-301
-490
-754
-307
-519
395
-1045
-16
-277
-647
-133
499
285
-665
-1076
79
-1158
-190
-552
-781
-669
-262
-311
-1393
-834
-708
-590
-938
146
-596
-295
-1175
-735
-1712
-301
-273
-528
-942
-879
401
-665
-1029
-581
-32
-203
-1469
-147
-475
-516
130
-947
-1485
281
-478
-1933
-1023
-1398
-763
470
-373
-1567
-947
-1057
1226
-1286
-768
-729
-2
-133
-954
-702
-588
-2003
-956
-1187
-785
-69
-561
121
-289
-465
-127
-511
-1004
-193
-423
-1367
1425
-585
913
-480
-800
-609
-857
-5
-939
-523
-1035
-1400
-507
-67
-1270
-181
-948
-106
-990
-1766
-669
-1224
-809
-730
1434
-478
-621
-927
-277
-225
-1180
-826
104
-153
-525
-305
-1405
-319
-905
-845
-625
-149
-67
-777
-381
700
-1342
-544
649
-848
-327
-891
-196
-237
-966
219
-472
-519
-379
-6
-175
-757
-446
-1
350
-277
-468
-128
-66
-1584
-998
-1482
-576
-1423
-946
-934
-15
-837
-351
81
-397
-1092
-1280
-122
-79
-77
-629
375
774
-173
34
242
-1492
-1218
-284
-2236
1532
-521
-1161
-24
-39
-249
-584
-110
-1452
-952
-207
80
-841
-1429
-202
-199
-1211
-66
-214
-454
707
-208
-579
-1276
1242
-784
-1458
-287
-241
-716
-229
-1753
-393
-863
-1260
-608
-464
-418
-1080
-1692
-895
-779
-582
-146
-14
-667
-177
-1050
1398
401
4
347
-913
-20
-350
67
-154
-607
-633
-259
-1452
-219
-291
-81
-599
-1111
-316
-352
-1094
-475
-271
-310
977
-409
-189
-1309
-237
-567
-1296
-244
-784
142
-242
-592
-252
-299
-1078
-1319
-89
-223
-495
-618
-421
-737
-424
-753
577
-1045
-1176
-483
-233
-199
-748
-268
-180
-1352
-374
-77
-687
-697
-321
-565
-348
-23
-211
-931
-657
-1066
-495
-590
-446
-1149
-244
-638
-297
-1268
-726
-663
558
-1015
-374
-394
-526
-139
-712
-15
-31
-683
-1141
-730
-373
-434
286
-690
435
-403
-691
-877
-218
-337
-225
-530
-929
-1162
-116
47
-1319
-309
703
-684
-278
-1801
-1155
-569
-815
-715
-922
-1058
-111
-305
618
-618
-486
-186
-503
-300
-128
-1364
-618
-136
-667
-1088
660
-1537
-1292
-666
-620
-736
-1355
-547
-1170
-118
-518
-591
-67
-852
-345
-188
-1197
-293
-1044
-600
-1241
410
-242
-801
-1272
-886
175
-562
-815
-1540
-676
-980
-748
-372
623
-365
-352
-699
-527
-753
-848
-1204
-167
-703
-675
-809
-629
-479
-65
-839
-877
-621
-127
-165
-1053
-214
-233
-977
542
-381
-903
-112
-653
-615
-1128
-194
-128
-366
-518
-1100
-403
-775
-742
-65
-105
-33
-428
-746
527
-1159
-377
-592
1171
-405
-738
-149
-33
-807
-554
-721
-205
-613
-153
-42
41
-510
-311
-710
-753
-237
-661
-82
-129
-724
-194
-176
-215
-387
-919
-589
-34
-4
-488
-313
118
-1240
-991
-358
-1135
252
-363
-993
960
-597
-286
96
-1146
-544
-368
-528
1343
-140
-607
-58
-437
607
-749
-380
-1375
-765
-359
-467
-448
-554
-391
-406
945
-1053
-856
-1689
-1963
-1000
-406
-170
1012
-844
-618
-468
-778
585
-1285
-222
-366
-740
-1256
-699
-477
-349
-857
-267
-463
-59
-1189
-2047
-1007
-115
-2120
-279
530
238
-782
-818
-512
-305
21
-550
-3
-1415
-452
-304
-53
-631
-432
-998
-396
-355
-134
-982
-484
-1016
-1042
-976
1194
-1296
-1411
-736
269
-1082
-304
-851
-77
-200
-241
152
-1440
-469
-785
-950
-1194
-261
-1128
-848
-577
-1221
-944
-1098
-341
-677
-554
-208
-481
-326
-763
-1101
-496
-2007
-508
-267
-290
-1407
-176
-838
-153
153
-617
-842
-331
-451
-731
-1126
1046
-846
-1010
-762
-626
-1025
-41
-405
-277
-470
-168
-510
-1247
-423
-425
-75
-497
-1067
-886
198
-369
-183
-1328
-694
1841
843
378
2935
2760
2011
1845
2445
1638
817
733
3030
1129
754
966
1823
1111
765
444
460
540
1852
1729
1776
1908
2224
2598
1716
2225
1629
2137
2584
2720
2771
1809
2755
1974
1411
1450
4156
1980
2662
3104
1744
1219
737
2145
2394
1671
3158
879
3349
5523
4152
2633
2880
4427
2575
2418
2687
2423
936
2519
3364
2765
2088
4105
1167
3050
2922
2964
2467
913
2826
2156
3194
658
2126
4341
2133
2351
3515
3219
3378
4595
1682
2264
4687
2515
4117
1437
1850
5359
6167
2694
2828
787
5615
2747
4063
1698
3035
3503
3322
3436
4614
3309
5009
2510
1186
897
2016
1403
3142
2006
3091
3855
1374
3964
4854
9
3301
1704
3795
2664
1857
2915
2024
2741
3942
5404
3221
3101
3091
4743
1445
3396
1654
2556
3563
1331
3080
3211
3195
279
3628
4573
2624
1859
3370
3212
2360
1435
1406
2163
1111
4151
2356
2351
2511
1164
1730
2001
1832
1961
2811
4564
4071
2073
5557
2783
3059
1486
1212
2259
335
2148
2687
1865
570
1703
2877
1329
679
2587
2070
1422
1934
3262
5128
3475
3390
3404
3782
3314
2257
2491
2557
3761
1423
1997
6134
3371
1247
1688
2072
1675
138
946
973
2022
788
3509
2504
1672
5943
499
4141
2997
3350
1929
2136
1926
2758
4503
2945
2675
2209
3076
3279
1654
1772
2700
868
803
1526
1840
1602
2499
4011
1473
2131
3464
638
2035
1945
1649
5485
1363
2742
3226
1720
2465
1836
2862
3605
3344
3980
3400
1806
986
1254
1153
2977
-221
882
1140
4255
4077
1446
1491
742
2290
3383
2144
2057
3087
1753
2296
2012
3128
2054
2044
1851
3322
2490
931
1354
1304
1559
3076
1370
2081
2292
2988
1331
2950
1826
2015
2260
3148
1816
3655
1947
1322
2215
2602
3644
1938
2173
2728
3305
2547
3640
2543
2170
1446
2307
4145
2320
1448
2722
1486
1439
2381
1869
1519
2274
1963
1598
2100
3226
3198
2480
1115
2141
1963
2836
1326
2925
3928
4331
1685
2078
1442
3908
1746
1258
3477
700
1607
1843
2078
1122
2793
2830
1965
4264
3054
3170
1933
1887
2017
2666
1746
2167
1821
2508
1915
5188
1334
1589
3753
1718
543
689
2410
7251
3765
3317
2992
3693
3395
3768
3869
3367
1133
3389
2471
2115
4157
1408
2883
3797
3247
776
2803
3312
2203
5282
2527
1134
3715
2159
2898
3000
3324
1475
1809
3218
872
2750
2023
1861
4385
1254
3747
4053
2036
453
2018
3837
2840
1859
1223
2613
2535
4645
2726
3382
1568
2102
1060
3501
3305
2926
2764
2580
3625
2832
1564
3093
4276
4370
2871
2301
2717
3357
3203
1951
2035
2832
1550
1944
2707
3955
828
2808
2641
1597
2144
2726
2876
2343
841
2221
3065
1580
1625
2287
3056
1706
3040
2260
1339
1743
2228
4552
1377
3605
553
2332
2213
756
1170
1560
1338
1950
1446
1107
1712
944
2711
3908
1667
2564
3108
3776
1969
1676
1715
1872
662
1138
1700
3216
4075
1667
1566
2887
2164
1199
3143
4140
1823
1793
3751
1123
2293
2953
1282
1950
1193
1357
6768
2767
2440
2568
325
1829
2033
1429
2954
810
2612
1626
4373
5740
2432
2112
2893
2571
2980
1549
1489
2516
4100
3840
6712
2397
3352
1928
307
1620
2003
1873
1746
1536
2892
1037
3425
3885
3019
2195
2248
2622
2744
2014
1006
2822
3653
7341
2994
3587
3290
2000
850
944
2412
1448
1397
3925
1881
2352
1987
4644
3283
1505
1520
4129
2249
3621
2098
1213
2462
2905
1358
4113
6020
2782
909
3782
3174
2889
2311
3547
1521
2046
1333
2245
1249
2214
4830
2351
3972
2530
3800
1113
5086
3398
2444
2691
4256
3517
2738
3261
2896
1944
2226
3040
1517
2721
3125
3201
1754
2711
2481
3216
1196
1975
876
2170
1453
3373
3377
2468
2616
2446
1050
3416
2430
4009
3868
3260
2934
2889
1763
3235
2015
3026
5529
2245
2073
2757
3594
5144
2329
1128
2016
4383
4196
2955
-1605
-2077
-2157
-1372
-2023
-2859
-1902
-2132
-2197
-1547
-2819
-3026
-1327
-1819
-860
-1402
236
-1324
-2623
-2323
-1527
-1948
-2125
-1632
2102
-98
1894
-439
-449
1672
-909
-183
-590
-734
2107
2314
918
1586
-1905
-1633
-1808
367
1322
810
-239
-1356
-662
-2832
-602
-693
-1219
1298
-513
-412
1173
-52
1333
199
2161
1088
-1478
560
4143
2300
2980
-93
1404
-384
-1098
3696
150
3930
1158
917
601
-88
2184
2072
1600
1561
2730
817
-392
-1590
-694
231
146
2842
-1535
-204
72
2180
2286
-798
905
3025
2826
3270
1997
629
-168
-612
3010
2470
1865
1207
-365
4399
3647
1843
-1484
1394
2256
329
783
1118
1737
366
2077
-692
-276
1305
2869
1241
4243
1668
-352
-506
-210
791
1148
-698
-1416
-1115
-562
-2488
693
39
545
-1208
-722
1433
2708
1424
1867
139
-556
-1286
-980
304
381
266
2947
825
-165
610
1605
54
3216
5031
-667
-244
273
2671
2413
68
-222
2791
-300
490
-8
-697
3106
-583
1719
-306
-1834
-484
-466
538
2123
3240
-416
-929
1760
2747
2055
3826
-148
3145
580
-1683
842
16
1692
3187
-972
4484
2756
-25
1615
1325
2876
702
-1720
-1956
-203
1425
-267
1086
2623
-2010
-629
1955
137
-1282
2275
1484
2145
1971
379
-1141
-567
1364
45
-891
-671
1915
5041
2047
-1259
284
-1248
-1130
-1292
-548
-255
-394
1240
7680
217
2601
1802
904
1749
397
1126
4177
2203
481
926
2745
-547
2631
4966
3169
3729
3686
1742
3824
2678
-2268
533
-132
870
-89
-843
1915
-226
1628
-1265
-1339
-104
5164
502
-2331
-15
118
944
-485
2848
-308
-750
-67
835
6115
1451
4020
1114
-710
1811
-1292
2916
-1022
4260
4324
1486
361
1844
1620
1388
-4
-187
703
-37
441
-16
-390
405
-1484
902
-2526
-115
944
-798
3489
-678
-671
-1837
-3620
-1121
-1815
-941
-1266
-790
2654
-369
-224
-1572
21
-858
-1141
99
3324
52
2241
1870
1346
-592
-511
-430
2234
-513
713
1542
4744
3415
2464
2930
79
1266
854
1671
2954
1639
4488
-266
-134
-855
1240
1471
1954
4907
-220
683
2648
3803
4726
3491
898
-388
-1527
-1506
-171
1287
780
1005
2111
917
-1369
-253
-10
467
-289
-471
-1758
-816
1644
1903
638
320
-1473
-1924
2755
-605
3767
2112
-573
-637
-710
367
-969
2198
4816
1698
3074
2954
3977
-255
54
2012
-580
2079
1144
-107
3451
2826
-2656
954
1613
-1806
-1839
-1092
3156
1840
1256
-56
17
2399
-682
-1321
-150
2928
767
-765
3008
-563
-510
1394
-607
-18
2569
-100
2450
2631
4169
2493
1958
1542
1566
-152
2352
562
-85
1329
2047
-136
330
-58
-630
-492
1293
-2660
23
-4
1580
4196
-1417
429
2177
2196
-29
-697
313
1378
-694
-239
3778
2280
-716
1212
2145
316
-1032
2105
203
1860
3418
1189
1068
3811
-340
773
2754
3098
836
-626
938
1494
2980
3062
-132
343
1114
2044
3184
1710
5650
2337
1536
1508
-61
-727
-28
-2017
3899
502
-222
215
1719
-37
-1088
967
-1601
-2050
-1055
842
2651
-385
-983
-305
-1172
296
1658
2755
1313
2476
-279
-611
1278
1175
-351
-304
325
4452
2889
-494
1782
3987
2060
654
-102
779
-338
-448
2265
-325
1615
408
-493
-1502
-1797
1336
-394
-55
2212
-1549
-1299
-1758
-735
898
1888
1812
4
-459
715
1604
-361
2948
-398
1255
-539
1282
614
1865
5294
234
415
2083
-1438
4610
512
1286
-216
1837
-2190
-1064
2510
4013
1061
875
3556
-465
1423
-1114
868
1211
360
700
-485
2100
-951
-1556
-1128
434
117
170
2841
715
6033
2484
1554
2667
1374
2008
876
-132
-979
-393
-1170
-208
1812
-518
-215
423
4554
4107
1520
-192
4895
2489
-1803
-1018
-358
-1549
-356
-1047
2210
2301
2386
3966
2070
4738
4226
-8
1028
4550
5259
2670
3288
2491
2744
3603
579
3448
6165
4991
289
2507
-38
1326
2448
-27
-449
-671
-1320
-1697
-2135
-952
-249
-919
-279
-766
-1612
-329
-116
85
-730
-203
-331
-272
-454
-529
-1273
-1997
-1254
-461
-575
-1851
-2202
-2074
-596
-549
-1023
-1391
-1980
-751
-2268
-879
-1392
-1401
-204
-1363
-1487
-2087
-419
-1160
-1325
-3158
-665
-1402
-1027
-1142
-430
-534
-554
-814
-910
-1865
-2192
-1205
-976
-673
-590
-1657
-1255
-1206
-1797
-2556
-1438
-658
-1854
-3175
-2257
-1267
-1137
-730
-1109
-480
-354
-2524
-501
-880
-1962
-1641
-1729
-1253
-1380
-1981
-3380
-2649
-726
-1209
-925
-1603
-2620
-2373
-2229
-765
-3273
-1001
-1283
-259
-801
-1729
-536
-856
-1834
-690
-1597
-934
-429
-354
-2152
-838
-1416
-3995
-1780
-808
-1319
-3179
-1784
-511
-1902
-1434
-857
-1961
-702
-1390
-949
-1165
-1516
-2148
-1838
-1286
-794
-2015
-1214
-2473
-1581
-2004
-1640
-974
-3532
-3562
-1599
-322
-847
-1589
-1895
-1886
-977
-1693
-1107
-1200
-1075
-1077
-1153
-1288
-1316
-2143
-1323
-1858
-798
-1313
-1422
-806
-2251
-2402
-1815
-715
-1859
-1659
-2046
-2032
-2207
-1665
-962
-782
-1236
-644
-995
-767
-1214
-382
-299
-668
-561
-1878
-986
-1221
-2711
-1679
-1935
-1154
-2995
-2768
-955
-641
-1653
-1741
174
-1230
-1340
-754
-855
-1974
-877
-335
-700
-1402
-1887
-925
-1775
-1651
-1350
-2036
-3318
-529
-2484
-1727
-650
-418
-942
-774
-1102
-1916
-1525
-840
-720
-1371
-2478
-1002
-600
-1611
-1208
-1736
-1162
-1090
-909
-1396
-883
-552
-895
-2441
-667
-884
-1553
-965
-2830
-2055
-3306
-2161
-2871
-1902
-1522
-1617
-1465
-2577
-2580
-1077
-1304
-996
-1627
-1825
-1767
-719
-1246
-1062
-2003
-935
-1887
-1571
-1108
-756
-2016
-1263
-1378
-1586
-455
-1942
-1122
-819
-1744
-1530
-1582
-1177
-703
-1263
-2288
-480
-486
-1162
-2533
-1019
-1377
-1437
-949
-955
-903
-549
-542
-1007
-1265
-3082
-2121
-976
-2714
-1682
-1941
-2173
-1356
-1472
-1394
-1038
-746
-716
-1649
-1467
-1344
-1580
-1559
-810
-1533
-1205
-939
-795
-918
-2459
-420
-2859
-2587
-2024
-1760
-2198
-1384
-961
-1943
-2640
-1515
-107
-691
-1579
-1920
-1989
-1421
-1807
-1648
-57
-2103
-853
-198
-2242
-1900
-2576
-1291
-3029
-1924
-989
-1801
-677
-1770
-247
-800
-2720
-1608
-1638
-869
-1178
-2236
-2903
-2844
-727
-960
-796
328
-552
-1126
-1445
-1502
-2014
-1856
-2496
-925
-1665
-867
-159
-636
-357
-701
-716
-1008
-971
-1560
-1310
-1637
-2027
-1358
-1387
-1094
-2146
-1389
-2496
-1639
-1452
-2922
-3069
-1430
-1989
-958
-1326
-408
-518
-1448
-814
-918
-881
-724
-903
-1514
-1290
-2065
-1373
-1592
-1114
-1120
-1134
-1571
-2673
-1281
-2101
-862
-1400
-1389
-62
-385
-1119
-1788
-1135
-905
-1324
-2448
-1353
-651
-582
-1344
-1944
-2231
-771
-2025
-1411
-1200
-2333
-1483
-1213
-653
-782
-1840
-1650
-1437
-1391
-1738
-1406
-2722
-1610
-2038
-1465
-891
-1624
-1058
-2496
-2041
-679
-1657
-1908
-1484
-1284
-1011
-1254
-1328
-165
-941
-1154
-1631
-2015
-782
-709
-1269
-1658
-716
-1213
-1447
-2056
-1152
-756
-387
-1282
-1905
-1322
-563
-686
-430
-1975
-1418
-590
-893
-587
-1827
-1169
-1454
-517
-999
-2152
-1548
-1568
-1608
-1349
-1135
-495
-1742
-1639
-2300
-1063
-2404
-1922
-471
-1714
-1101
-267
-507
-648
-1476
-2474
-976
-1184
-1106
-1151
-1384
-2047
-3107
-2114
-2235
-1544
-1520
-1797
-841
-1438
-1789
-1478
-3133
-2209
-1518
-1165
-686
-30
-1597
-2899
-2269
-914
-1282
-1027
-1051
-1604
-2319
-2309
-1510
-2629
-1347
-2679
-880
-1775
-1364
-1767
-2438
-2069
-1667
-1105
-582
-192
-835
-4565
-3373
-1907
-731
-1577
-2716
-1807
-2072
-1335
-170
-834
-174
-1834
-2425
-2177
-1468
-425
-1316
-2095
-2331
-2150
-1752
-916
-3237
-1389
-2438
-2126
-1308
-865
-891
-1117
-2050
-992
-1193
-997
-1386
-1390
-2666
-3201
-1199
-1742
-1800
-4125
-1865
-2185
-2006
-752
-1327
-1645
-1997
-1273
-1335
-1304
-894
-2417
-2675
-939
-402
-1669
-1582
-2025
-1150
-82
-1042
-789
-1133
-719
-472
-1619
-1392
-137
-481
-3333
-3976
-1996
-851
-1531
-598
-643
-435
-885
-1687
-1994
-1116
-792
-1209
-1571
-2035
-1862
-1077
-1724
-1666
-1292
-646
20
-266
538
1683
-72
-150
-74
177
-90
89
-541
1373
-35
130
390
350
-175
-75
-89
-122
-176
20
423
-105
-54
597
-538
1323
107
398
-294
793
372
704
-42
251
1100
-5
339
789
126
-195
855
415
-220
151
632
-68
91
58
-251
67
-47
1134
-230
670
-60
-194
83
-359
356
-142
489
-66
94
393
453
-86
142
-285
1284
-271
-94
-277
427
-353
1308
459
-142
96
-196
1164
523
-102
-34
227
242
-72
-257
367
-37
1081
-205
-74
400
-292
-590
1251
-41
-62
427
-186
764
-500
1183
369
-22
140
-97
-34
-16
-103
-101
369
-222
911
-110
-55
-87
-204
-321
43
-123
496
-202
226
-248
724
568
-44
457
-27
670
-166
698
261
105
-234
133
129
817
-311
1256
-285
-160
-343
697
958
-86
-7
-205
237
285
-203
913
215
234
70
-54
-96
-72
-160
-85
-48
445
-291
288
335
-191
1102
20
508
-105
345
-196
351
-83
-504
1219
-45
278
-32
670
-107
-118
-103
-58
127
-242
1184
60
-282
-333
112
491
-501
1109
-48
756
-39
168
-183
430
41
588
-238
131
-62
-149
436
904
-141
-294
250
-94
245
-8
417
553
-220
852
57
648
-65
511
-41
-103
524
683
-126
16
-129
-152
-322
774
-82
309
145
-34
287
-216
-42
252
-102
38
-119
-136
1462
253
-68
329
96
280
158
-33
-86
100
-330
-222
712
442
336
318
108
-147
148
-98
-127
386
-215
117
-261
515
-254
1399
-84
726
-314
343
347
403
7
-183
108
74
-5
-83
626
-193
129
-109
-33
-156
217
-125
567
520
124
737
363
445
-211
105
90
-145
-111
48
-110
-281
148
38
443
-201
-278
1004
-404
394
-115
625
264
41
-94
117
476
56
-84
298
210
-124
138
533
101
1488
-265
1156
-57
-154
-162
-325
681
-17
580
15
-58
-3
-197
184
98
-132
-158
571
-125
-43
-41
498
-113
-78
-535
1960
-50
460
105
-31
510
725
-351
964
-149
441
-243
462
672
207
-142
-36
16
-131
1534
-99
-132
-67
-222
706
1040
-137
601
178
55
535
-82
59
-123
7
171
-93
-50
-293
570
-148
635
-50
-338
717
12
14
-200
117
-37
-140
-357
1338
-21
479
-114
-69
-73
510
368
412
-129
-242
-18
40
-202
120
63
216
577
817
689
159
-144
-156
108
99
-13
-17
198
1142
-215
268
1043
582
-11
321
-91
-167
197
428
-160
646
-279
449
-125
-286
774
-135
-47
112
95
98
734
-64
-25
-95
-243
520
130
-109
-209
569
-102
148
184
-36
-54
-74
-245
207
21
18
-74
-148
-15
284
86
-67
537
1206
88
783
343
-193
1212
-154
192
-136
1151
359
35
-185
168
149
219
-336
429
935
294
365
291
94
52
113
1072
-165
-250
238
784
-145
604
229
123
208
-41
187
-16
-123
-9
-217
-255
449
133
60
596
-153
-50
193
112
147
212
340
8
462
286
10
49
-277
1049
1174
-220
911
-66
-181
1035
-231
1054
-191
869
123
-130
-92
85
-123
555
46
129
-182
-72
451
89
-404
543
-363
488
-331
822
424
-200
836
218
-211
-21
194
297
-5
-46
-206
407
60
-150
820
-111
-65
-32
-170
99
-60
352
300
131
41
-188
187
1340
-115
906
31
-33
1452
-136
383
-170
339
544
84
-123
-60
-154
661
865
109
4
-23
287
-527
825
-112
43
-295
57
607
-23
-37
841
-133
211
1598
-84
-140
34
864
-132
208
77
-159
1623
-47
1277
-377
-520
1173
468
38
-136
-25
-121
297
799
893
65
-93
402
-429
863
-185
826
99
-197
236
-131
29
-65
2137
1540
1602
2768
6599
2989
4405
3239
5184
2507
2950
3150
1462
2520
828
2991
2468
1947
1323
2041
5163
6446
3563
3557
1302
3536
4934
6718
12009
6265
4697
8839
6250
5624
2439
5019
6012
3840
2391
4775
4736
6499
5486
2931
6094
6732
5975
6066
3005
6730
4683
4847
3791
3939
3628
2488
3713
5477
8131
3090
4037
4957
5370
7616
8218
4983
4082
3971
4174
6097
6118
6980
3548
7824
6216
4653
3816
4731
6632
4377
1883
5792
4370
3606
5044
4088
6505
7080
6581
2831
4314
7708
9550
4551
4143
10099
1342
8235
7146
5844
1808
3532
6255
2585
3723
7228
3139
8205
4973
3940
7674
10047
7742
5892
5003
5200
4528
3562
5774
5042
1498
6798
5387
3420
4843
2468
5689
4063
2425
2046
4105
4605
5887
4211
5991
5756
7312
5451
9754
5414
2206
6666
9983
6404
1642
6388
6593
11549
7258
1023
4207
4294
3421
2419
7656
4274
5174
5755
9954
6226
6583
6924
7844
5409
4906
6114
8422
7271
2187
5873
4657
8168
4430
3249
6264
4133
3628
3017
4362
3486
7041
3602
4196
5128
5181
6778
6387
5460
4467
7725
8097
8257
4708
6190
9099
6748
2827
8845
7019
4131
3320
4850
3597
3751
5514
3199
3645
5002
4114
4166
5204
4419
8607
7621
2959
8327
4171
9068
6412
5215
3482
8174
6604
3949
7758
4710
2781
1423
1520
4313
4566
4124
5631
3364
4999
10704
6930
4202
7911
7058
2689
5774
6371
3777
3837
4834
3100
5325
4308
8365
8316
5049
8349
7574
6812
6393
4683
6362
4868
4814
4076
6074
7026
5763
2340
1773
1358
4667
3190
6873
6480
2880
2018
2706
4366
3412
8691
3240
2900
8106
9809
6509
2901
3044
5796
5926
7331
4676
1275
2556
2309
6549
5853
5111
8058
5502
7064
3054
5016
3876
3875
5349
7320
5619
3557
5901
4781
4511
4593
7264
7836
6217
6002
5479
4309
7439
4197
7133
6488
4435
3550
9043
6278
3542
3956
5126
5928
3959
4412
6796
5429
5139
6861
8304
3533
6799
4787
6441
6620
1525
4640
7623
7403
5818
3863
5962
5855
4659
4758
6998
7593
2126
4760
8740
4459
5611
5001
7274
4242
3428
2300
4328
4948
4219
4055
5904
6671
3514
4498
5963
5907
5281
5760
4702
5930
7001
4823
4246
6081
8835
4750
2623
1663
6142
2495
5723
5151
3129
2950
6113
4773
4092
7867
5366
4517
2986
3405
3218
3468
7091
6442
6058
3891
6282
12331
8433
5307
6577
4261
4806
4138
4547
3930
2559
5385
6023
4974
4095
7405
6107
3951
3483
3110
4510
5022
7927
3510
8487
6109
4805
3409
4396
4978
5079
5227
8847
3499
5406
3947
5451
4779
3859
7815
7152
4498
4961
5131
7906
4419
2273
4291
6051
6265
2787
6358
7554
3641
6172
6917
6226
5680
8916
4226
3962
3321
4103
8053
4808
3976
6473
6706
4850
5387
3485
7373
5369
3445
6465
6924
4408
3203
5683
6815
3194
5128
4416
4605
3830
3710
5403
7273
5107
4587
3368
3726
7917
3710
4413
2354
5314
6840
5730
3719
3479
1043
3489
5139
7229
3337
5179
5658
4358
3001
7528
5201
7100
3627
3921
5729
7019
4386
4571
3974
4220
6914
6115
5316
4074
1804
5781
7150
4509
6693
3645
4508
3416
4494
4878
7835
5657
4193
5062
6397
6986
3523
5705
3426
5306
9915
4834
6305
5792
2563
3146
6775
4915
6013
5902
5329
1805
4762
5749
8797
7317
8319
3423
5674
6396
6178
6033
5342
9446
2118
4073
9673
5704
2247
1874
9308
7351
4762
4290
4400
4657
3485
4214
5853
6395
5158
4208
6996
7865
5666
6523
4915
6700
5830
7848
10213
6560
922
7258
6450
8993
4751
4644
6938
9351
3527
9043
7705
4009
4773
2048
4557
6243
9036
4706
4712
4864
9908
10074
10124
3986
3877
6698
5478
4745
4665
6706
6029
3953
5540
8151
5952
5663
5220
4515
6041
5463
3972
4855
4654
4853
3819
6005
7378
6349
1179
3018
4588
7045
6190
3669
6568
4842
4556
9220
6433
5704
4849
5462
2037
7717
7469
4493
6995
4444
4650
4807
5723
3120
-772
-806
-873
-852
-364
-815
-746
-723
-849
-653
-833
-686
-698
-744
-786
-945
-628
-651
-661
-832
-700
-738
-755
-837
-79
-191
711
520
426
631
632
372
-567
-96
5
-528
572
-123
-324
882
359
240
-41
-322
140
584
-400
-138
-613
1048
-205
350
-269
270
33
-110
-150
-133
1196
-193
-320
-120
-147
-881
281
-98
-835
-64
213
444
470
1063
-112
595
-187
-122
-83
593
-165
1095
-220
167
-406
920
-43
193
244
184
352
-354
159
549
410
-100
272
233
335
-614
-243
1073
-65
-140
-377
-37
86
-101
-66
232
359
537
1181
606
518
121
145
62
-5
1315
-228
403
-72
204
-75
637
1074
345
-150
404
834
-419
-324
302
-180
298
-150
174
242
-12
-250
-87
558
-237
647
-393
-185
182
-369
262
253
118
-319
-74
-1
-178
-66
-42
164
97
943
150
414
-501
1568
86
282
334
-70
-273
160
-595
858
-79
963
-438
367
526
212
202
933
-311
-99
-334
284
-515
-570
122
-533
198
437
20
-715
-130
-393
121
152
-399
-28
176
-184
-279
853
-615
-436
-321
193
272
-172
-303
-83
-476
-560
562
-311
222
-81
228
-573
119
-194
373
329
1039
-127
-518
-309
754
155
-179
-129
119
-233
-89
-54
397
1455
317
224
136
57
-309
-218
207
-19
-305
439
-67
-115
-230
-146
-588
617
1089
427
-360
-241
25
92
-563
-350
-205
-55
-322
-457
-361
-241
45
300
-120
-356
-89
542
340
-360
-349
-594
26
-129
-289
-559
-178
30
-20
-519
-491
-182
-145
-237
184
-132
-258
0
-187
523
-482
737
-226
53
210
442
196
6
-387
854
115
26
-486
-233
-421
-100
-376
455
-595
-980
-679
-421
-121
-182
214
-132
-100
-420
537
825
56
421
-60
1493
392
-479
-2
-157
-550
-668
146
863
-661
213
492
552
-95
970
91
1022
160
-423
-96
652
434
-334
45
-108
-169
262
-102
344
90
-385
-34
-147
45
-731
-592
-182
-355
-144
290
-208
-387
282
-201
-319
214
-373
-581
-162
-219
216
-153
1721
-386
-115
-125
-169
-365
-232
618
755
-180
714
158
125
-393
-30
-105
-25
-351
-103
-595
-369
-418
-5
-65
-239
-209
-396
-384
291
348
-445
312
178
-220
-588
-621
480
-388
239
406
306
-267
-488
-439
-400
-34
-380
-72
-210
926
259
-383
-187
55
-246
122
-78
-455
172
-619
-237
-110
322
-71
-376
965
614
387
-336
-348
-182
59
330
454
-759
167
462
-374
-484
-393
348
-476
-403
-283
-182
356
-50
359
-465
395
62
408
219
403
398
774
343
-272
-364
541
182
-99
-430
-230
1453
-91
-369
65
-477
-271
-70
-185
68
-366
-359
-73
666
1250
-15
-161
-115
-98
476
35
-242
-864
-136
359
-185
-21
690
-3
84
650
-296
106
267
233
-292
237
-548
-34
751
1097
-39
-203
-767
-600
-167
-141
38
150
-572
113
185
-116
-13
264
477
-262
137
-197
321
-308
-599
-47
257
428
803
112
-379
618
-208
61
-256
103
-525
416
777
591
-463
-183
-58
570
250
354
77
50
-110
401
-40
-503
-140
-142
1190
619
1548
-421
-418
322
768
752
-21
-265
-438
-768
556
225
-362
123
-41
952
-336
-142
353
-222
-83
499
385
-342
-317
1106
1140
-550
-676
-17
-36
-132
-310
706
-480
35
182
-267
-74
-74
40
7
-50
191
-679
-281
602
357
498
134
160
486
-220
-41
507
1438
266
327
-142
-316
80
-259
95
-100
-423
222
564
-328
-453
411
-473
-189
611
-177
-375
822
25
508
76
403
202
943
-358
-123
580
73
511
-107
-121
-645
-381
-631
-590
467
269
355
-146
-279
-613
1915
285
1464
2235
1959
1569
937
1286
606
1223
1115
71
188
1
1881
322
1541
461
554
372
3935
1056
1631
-54
1067
1326
1221
3256
-618
844
2407
-1275
4017
1448
-460
1975
2158
803
451
-666
2711
1858
-400
26
1433
-21
3803
1313
1667
-808
-639
817
1067
-25
-34
894
-505
636
274
434
292
931
1017
854
1239
1739
998
-552
63
-72
2059
-742
-142
-21
820
-831
-285
1479
669
-87
1165
1737
1993
618
-684
2347
-877
5189
1534
-321
1600
444
3329
-53
1326
1002
2253
1919
875
1261
319
683
1104
-189
1609
-1276
977
1071
130
-50
1522
-545
1206
3305
515
-392
-198
163
1768
-342
-1656
2522
570
1051
155
250
-166
1621
-127
34
2112
1998
1180
3195
1485
290
534
-1215
2199
-355
2176
1992
1131
450
1284
-708
2910
2387
344
2438
-210
812
55
442
-61
1633
-602
-83
-578
3437
456
165
753
1058
1513
1646
661
-67
841
-932
3163
759
1768
1436
898
77
478
2151
264
559
370
847
884
-544
111
2414
-603
2143
-564
684
1322
-104
2326
2956
1274
-1697
2100
236
756
-329
1235
221
-1292
2581
-949
1098
996
662
1516
94
857
265
711
1688
2251
792
144
445
393
489
507
586
-620
595
827
721
358
-625
2804
1247
1746
912
399
963
2577
456
272
-1343
1883
1049
1681
1320
-327
-703
3171
1596
1989
754
2429
427
2088
820
575
909
299
845
2428
-1127
962
-174
1419
923
3272
-588
-345
659
24
1992
-508
736
96
-335
-109
1386
1411
1062
1297
-1403
1527
2426
-169
2532
124
914
-935
870
660
-538
820
297
1123
1552
641
2150
-309
1412
-1269
1928
-1436
1811
1147
94
4151
-17
2084
948
-1195
2653
2210
47
817
-734
3525
1140
370
875
1526
-70
3601
1908
2141
-805
1036
662
-693
1817
-155
1981
1994
377
2055
7
1238
786
677
585
1878
1398
1122
-573
1723
313
-515
-735
885
-19
541
134
281
1675
805
324
-486
677
2253
-254
1492
-410
140
-1134
65
840
-137
-105
-183
1737
756
1959
1412
516
2181
-66
-72
1975
-954
1200
425
1410
1178
1304
1221
1159
541
-42
1524
94
1006
741
627
-136
85
106
3790
-442
913
235
1487
-678
1698
1733
752
289
-1295
3677
819
72
2309
187
-123
-570
1677
1383
365
264
5
2913
-109
840
2473
1151
872
804
715
30
767
720
2914
-1196
2192
-446
1305
-318
983
1027
673
861
-173
1160
-330
2466
-656
757
-127
-575
2879
725
876
1121
718
-1239
2468
635
776
431
153
-384
885
-991
973
447
2390
366
1775
48
2044
373
1469
1810
845
729
713
1665
1063
64
2460
-520
2613
-253
-723
-1004
734
3317
-384
990
-731
1218
109
862
1638
-947
2868
-1005
1758
976
1722
-960
-258
987
220
996
1870
1464
-778
153
461
1530
-358
330
1370
317
1942
717
3240
1629
633
557
175
-358
896
-366
3632
874
1055
1120
1295
-223
200
1666
-918
1798
834
360
235
2772
-440
-685
-322
2527
1246
2117
28
550
1536
479
360
1530
1394
1684
-576
2893
-117
-1267
1240
612
1064
-709
-436
1603
-1023
1649
-35
4569
67
1157
604
3118
2773
-86
982
-780
2079
351
1764
2160
207
673
-386
379
5800
939
-288
585
954
1048
1505
-1041
904
-964
2418
-617
304
741
2246
852
2425
1330
-307
845
1094
3
2323
667
1198
-301
3874
-1380
2009
-1017
892
648
2727
1378
1390
188
698
2889
146
614
-617
1761
2315
1908
1526
490
-108
1450
862
1539
2532
-384
3936
-781
6416
860
-61
-68
-398
-1285
2164
-620
2121
768
-1349
2795
-141
1195
-70
-1471
478
891
3124
1089
-42
1256
427
303
499
374
-168
1241
1303
1240
2657
1081
109
760
860
1997
1416
611
-106
-400
27
-977
-2617
-3953
-3154
-2143
-1428
-279
-345
-895
-637
-168
-406
-229
-944
-569
-772
-708
1091
-1632
-1145
-52
-402
-1947
-3575
-4559
-3512
-1330
-2054
-4895
-4439
-1737
-3824
-3168
-1783
-3720
-3401
-3032
-4910
-4482
-3811
-2469
-1407
-3845
-3256
-3064
-3249
-984
-4058
-2631
-4522
-6635
-2314
-4281
-4535
-3816
-2323
-4076
-2528
-2540
-4273
-3132
-2654
-1438
-511
-2855
-4037
-4425
-4051
-3447
-2549
-879
-2521
-3254
-5461
-4575
-3121
-3294
-3676
-1328
-2146
-4086
-2398
-1918
-3131
-2428
-3610
-1575
-933
-2379
-1757
-5073
-4330
-3152
-2781
-2615
-5776
-4003
-2725
-3785
-4218
-3108
-3530
-2234
-2980
-3401
-2948
-4012
-3398
-3836
-4363
-1339
-1367
-4919
-2464
-5177
-2190
-2370
-3265
-2877
-1960
-3314
-5041
-1954
-27
-391
-1937
-3505
-2661
-3331
-2747
-3943
-5802
-3756
-2473
-4436
-3824
-1340
-474
-3936
-1803
-3197
-3215
-570
-4063
-3772
-2359
-2258
-6215
-3154
-4474
-1819
-2725
-3552
-3601
-4525
-2660
-6228
-4724
-1786
-3212
-4026
-1498
-2901
-3865
-3953
-2362
-716
-5885
-1882
-3728
-3501
-1482
-2145
-1539
-2510
-5150
-5008
-3499
-3918
-2375
-2819
-3099
-4315
-3773
-3284
-3010
-5315
-5529
-2263
-3760
-449
-1858
-1608
-1705
-2544
-5729
-4860
-3881
-4520
-5780
-5969
-4557
-4404
-3006
-2345
-3543
-5613
-2776
-3325
-3313
-4590
-4781
-2302
-5104
-2642
-5606
-3191
-3431
-4438
-3669
-4980
-3899
-3030
-1673
-1367
-2378
-2151
-414
-1624
-1310
-3748
-2977
-2405
-2446
-5164
-1280
-4461
-5693
-3623
-3348
-1963
-819
-3729
-4429
-3120
-2569
-3678
-3567
-2428
-1086
-1349
-2968
-3373
-2532
-2332
-3720
-5185
-4631
-3756
-2179
-2609
-1381
-1753
-4022
-3030
-2554
-2420
-4951
-4017
-2905
-2418
-3631
-1136
-1377
-1728
-2851
-976
-2870
-1606
-1611
-1122
-1488
-3202
-2257
-3926
-3105
-423
-4968
-2381
-627
-3305
-3020
-1840
-3780
-4266
-4973
-4497
-4206
-3294
-2835
-3668
-2717
-4252
-2821
-2001
-2012
-2117
-1733
-2877
-2441
-3427
-3961
-4897
-1319
-1677
-3946
-2974
-1331
-4018
-4321
-1071
-2331
-3335
-2307
-1274
-2390
-2768
-3402
-2155
-2746
-4108
-4693
-4089
-2795
-2101
-2113
-800
-3880
-4708
-1482
-1560
-2905
-1249
-6087
-2424
-1882
-4132
-3637
-3336
-3550
-3907
-3087
-5097
-3360
-2022
-3967
-4929
-2157
-2912
-1271
-2258
-2479
-1770
-2677
-3818
-4639
-3739
-3994
-2734
-3496
-2295
-2149
-2513
-978
-2431
-4242
-4997
-4791
-4050
-3433
-4214
-2425
-946
-2669
-3460
-1990
-2447
-3360
-4625
-2308
-3069
-577
-2771
-1277
-3122
-4677
-1865
-1795
-2424
-2112
-2474
-3156
-3126
-1900
-1157
-1151
-510
-6383
-3607
-2975
-2587
-890
-3629
-1621
-2717
-3068
-2455
-2453
-3849
-4679
-2830
-1931
-3165
-1893
-2058
-1673
-3841
-1315
-1383
-1041
-3695
-4687
-3313
-3483
-2473
-1514
-1964
-3140
-5340
-4204
-4160
-2078
-1882
-2900
-4912
-3780
-4688
-4021
-3084
-2486
-2573
-1104
-2732
-3553
-993
-5480
-2378
-1573
-3904
-2245
-1856
-3091
-3126
-2294
-1634
-3352
-2113
-1381
-4547
-8180
-3771
-3330
-2080
-2220
-3120
-3007
-3935
-7205
-942
-2771
-1974
-1618
-2883
-4502
-3074
-2193
-2863
-1223
-1429
-932
-3108
-4967
-5257
-4765
-4261
-4307
-2464
-4492
-4483
-3789
-1765
-3315
-550
-2586
-4417
-1699
-1972
-1853
-4269
-2397
-1180
-1813
-3975
-936
-1031
-5295
-4844
-3631
-2506
-2045
-4471
-2188
-5475
-3828
-2101
-4701
-217
-2044
-2654
-3751
-2902
-4811
-4117
-2580
-1412
-2858
-7873
-2859
-3740
-3922
-2954
-1424
-1244
-335
-2707
-4436
-4544
-923
-2749
-2857
-2240
-2132
-963
-4760
-2604
-864
-2395
-2235
-2772
-3831
-2225
-3262
-3984
-1349
-2553
-4955
-2303
-3133
-3301
-4699
-2596
-3067
-1248
-2885
-502
-3949
-3682
-3702
-2120
-4958
-3669
-3258
-4798
-5829
-4167
-2100
-3567
-2825
-1688
-2361
-4365
-2940
-1240
-1875
-1622
-3901
-4807
-3047
-2010
-4345
-2553
-4635
-2006
-2893
-2141
-2860
-1941
-2739
-2318
-3016
-4612
-4319
-3214
-1011
-1506
-3662
-2893
-4703
-2597
-4321
-4734
-1758
-950
-2735
-2654
-4935
-5058
-4571
-1435
-1724
-3095
-2545
-1743
-4603
-2052
-5203
-2730
-648
-1834
-4383
-2572
-4778
-4142
-5174
-6742
-2573
-1488
-5014
-3689
-2934
-4047
-4539
-5145
-4913
-2018
-1873
-989
-3041
-3335
-2654
-2656
-3238
-6036
-6417
-3072
-3683
-2327
-4507
-3277
-1761
603
197
47
657
430
-397
-735
-358
1060
482
-171
-154
455
483
713
68
366
-35
-76
436
196
-465
94
685
64
1075
-14
-1072
220
306
599
287
267
-553
26
-558
681
347
647
-338
745
-24
1218
1010
-232
57
1426
-1061
-649
352
585
712
-624
447
136
137
-780
-133
239
-118
-473
-91
475
-40
739
714
-69
-698
391
504
-97
-595
313
412
397
-380
796
-313
-294
496
-106
867
54
112
-100
-291
-766
824
-615
-719
636
872
538
-1330
-585
-433
164
146
-423
1054
-463
180
749
416
-606
-42
703
613
408
210
797
-247
909
98
-330
-500
647
465
519
-185
310
360
426
375
307
536
-270
1118
-337
1234
489
-553
671
313
-389
532
48
1453
297
-982
509
513
75
-149
-27
403
-141
968
-244
-530
-1490
432
376
-142
-173
102
-487
871
-493
302
-124
307
-237
104
-246
-861
320
1195
394
703
599
-830
-582
217
294
143
498
1175
1
390
6
-818
-137
164
513
-492
-189
490
679
766
202
131
79
111
566
-441
787
651
154
230
-105
27
-294
-420
-419
258
-337
-170
-116
732
263
94
1023
-762
-214
1199
-308
349
793
-215
-265
660
-230
1099
187
677
304
372
-354
-109
482
436
318
206
-489
269
-544
645
441
-273
164
120
-374
465
352
136
103
-324
-189
-119
-137
386
153
324
-314
705
1197
280
340
-219
304
-24
504
-1045
-21
-86
183
658
1220
341
-15
311
711
-192
-262
211
499
62
214
-16
-407
203
81
198
1404
595
-50
21
642
772
169
-520
-195
-168
363
415
-42
1308
-343
-925
-107
-459
154
-772
397
468
-136
298
-283
405
704
-134
1177
-533
-1027
552
570
-1065
381
-10
309
277
654
-170
-241
158
540
-383
326
-394
422
530
-145
-96
677
-175
-325
455
396
446
770
282
50
540
1165
177
-167
-73
908
490
-466
653
987
219
79
5
941
-207
498
500
-11
736
-433
-117
628
413
-102
-138
824
-26
88
-232
-49
1374
-603
161
619
627
1113
387
708
168
-193
-662
1154
-25
-34
-295
124
583
177
-192
484
-417
406
407
63
-84
1127
-84
84
17
-525
678
-863
197
730
245
598
-408
665
88
-774
1415
4
251
-286
1113
546
140
374
82
63
-446
893
187
660
206
1438
-410
425
477
337
-486
-201
698
259
343
-237
708
137
632
-290
2000
-67
-387
779
327
-105
-546
828
-189
-481
1017
-17
-453
536
-191
559
-164
-253
90
492
452
-499
-114
584
321
101
202
749
188
88
-42
1231
-386
744
-303
-712
-83
805
-67
76
454
-426
321
59
-587
-181
-53
1299
-196
722
591
-435
-458
70
523
426
382
680
-104
-318
358
419
149
14
791
547
642
169
-127
640
-714
-177
171
508
-283
346
351
406
136
-59
-221
980
491
336
-414
-136
145
-449
-10
458
-771
-95
-464
739
1001
-139
254
48
-803
766
-12
188
485
475
-698
478
14
-245
832
493
-57
458
-849
578
-145
239
159
13
850
-891
177
-36
92
-175
-395
432
-233
498
602
176
39
-179
248
86
74
1449
-386
94
1065
-234
-65
-116
523
797
-471
889
910
332
-257
-1573
89
410
649
125
2297
-1021
623
457
-1097
-102
780
1083
-326
747
-17
629
234
954
127
-464
180
-73
21
335
595
533
813
101
526
-77
-680
-366
1116
416
-984
669
336
283
-491
810
-696
3
207
-299
487
311
-50
267
-182
689
811
-121
538
430
207
81
-101
286
948
-90
122
756
-441
915
-177
780
858
1654
-740
395
-213
-220
756
283
659
1160
-805
42
738
-91
-173
-201
-208
-371
-392
-192
-203
-273
-206
-264
-145
-218
-185
-147
-122
-203
-207
-261
-186
-183
-262
-252
-259
-11
232
-45
1162
2072
4318
-152
-99
878
180
677
-143
649
-41
-73
-52
-50
1833
770
260
-59
91
669
529
-154
-130
-26
-52
-64
-95
2587
683
-57
-85
1357
22
28
867
-17
-68
777
-79
-10
-8
664
314
-78
-57
-49
-69
2545
-40
2725
627
-73
-104
2965
1491
-45
238
143
1282
544
-29
-15
932
1723
-44
-20
-34
1175
4024
2164
2087
-80
75
-155
-35
1483
1365
532
2681
-30
1529
506
-165
-21
519
1653
-125
-81
1313
-22
2497
-34
-215
866
2189
466
469
2169
629
355
1741
-137
-135
-27
226
-11
1622
18
650
118
-77
290
-87
2313
1608
999
1870
-17
-35
-129
-19
-34
-40
-20
322
1161
180
1564
744
-91
807
1839
386
466
2886
325
984
-69
-74
411
413
85
-63
1201
2029
1234
-27
828
815
507
495
705
-82
-56
1107
418
1063
553
-59
1499
1192
737
277
174
-43
1033
-36
1343
516
-54
1360
-166
-128
405
-14
1196
1437
249
-115
161
-8
346
1932
830
-53
1672
35
75
498
1343
2484
1323
185
1178
1643
3099
1905
-61
-77
-218
673
1447
1165
-70
-31
-93
-117
-91
-42
-39
-81
-13
3370
766
1459
622
-2
-126
-68
-48
6
2174
213
1708
101
179
-49
1396
722
1290
2632
1593
2472
406
198
948
-22
-77
-111
-28
-22
634
1201
-10
1826
-112
2331
-10
1031
1299
2147
409
-87
2150
-39
465
1503
501
1717
318
-22
-32
1723
-25
-90
1830
-18
2450
1483
1454
1384
403
-1
664
-47
-108
2202
-45
-34
-217
-229
-8
-77
-102
-3
577
-107
1145
3196
-119
-116
-175
-101
-89
574
233
-188
-43
-101
665
-4
-15
674
1582
428
297
913
1389
147
801
1597
-39
-38
2523
702
1154
-48
230
36
904
1881
-7
1964
1824
-49
-188
-112
304
1021
787
829
2809
2539
-10
1461
1795
201
1053
1704
2618
1671
1195
145
186
-64
807
-7
-22
-3
2280
-19
887
820
33
-32
-141
-92
-29
-214
216
1334
-55
-22
-149
-106
-86
694
-67
1351
-53
830
-85
-54
1494
2686
1371
146
-107
-23
-14
227
863
3827
1363
795
1061
274
2039
2371
-93
-86
1526
662
-46
-158
412
1018
-42
972
-126
477
1480
778
757
279
1422
-142
-29
-49
433
935
1100
-27
3755
2541
-23
-48
76
1767
1656
1304
1208
-46
1142
-37
2087
-42
1080
1622
-28
874
485
-67
1401
-7
-164
-168
-97
-43
641
2223
2287
-1
-33
-34
-164
-135
-82
763
-137
-4
-15
-113
-26
-55
-77
-35
-135
-18
2466
3474
1392
1864
-38
-49
-67
533
1449
3404
3101
1331
802
155
-7
1109
774
2445
1655
1494
2846
2632
-8
195
-99
-32
-39
-182
130
1421
3401
1638
1323
-61
233
-18
804
801
1276
-16
116
73
1419
322
-13
-64
-26
49
1461
2137
1732
1318
-14
-35
-78
-41
-79
154
-18
1278
1010
1147
-66
1345
-153
-160
-18
-58
-15
-60
2475
1053
471
-32
-86
-54
2468
-33
-114
-109
-20
236
359
-2
1648
-177
655
-60
905
1743
-13
2422
1313
1344
507
-115
-42
-131
530
3326
-104
284
-54
630
1071
-45
153
-26
-210
381
2778
835
645
278
63
-68
-10
882
-64
199
309
-6
559
-27
321
-78
1444
708
-80
-80
-53
559
2381
2418
117
1672
977
1118
1994
1004
218
-133
762
511
-26
1153
-109
-127
971
3003
546
1414
1387
2600
3367
1147
1013
-6
-29
-29
1174
-42
47
891
-9
2043
1942
4074
2060
2233
1409
961
-36
686
-20
775
1457
913
226
986
1772
829
2336
1113
2056
1086
-580
363
-169
-83
-48
745
508
-254
-55
-429
28
-509
-142
89
-134
-362
-202
-224
-24
-361
433
373
-579
583
-267
892
752
887
792
2837
-136
1551
1080
-99
571
599
330
325
971
326
262
829
1374
687
466
617
1752
2602
-264
1450
1353
1397
-248
988
749
1590
853
643
993
-282
969
-116
597
1447
1052
306
1797
513
196
2112
998
1400
-553
2335
1470
3
819
1956
1037
1493
1785
405
994
89
2599
118
1158
2221
742
838
909
1699
1675
2203
1253
1371
-266
2611
857
197
1396
9
1423
733
992
1051
1581
1678
1423
680
1448
1711
628
1239
314
1505
629
610
1577
1776
-395
241
1163
458
1952
593
-129
718
622
633
1651
23
716
300
670
536
198
495
2073
1366
662
769
1220
1585
-332
677
365
698
2507
338
256
1252
801
316
1689
148
535
676
2069
1151
1796
1443
92
1970
640
931
442
1909
23
1261
561
1892
1208
1332
1159
629
-98
533
1384
838
647
737
326
620
693
-89
709
1784
405
2434
749
85
-395
482
1908
1951
377
1145
-385
1523
864
1287
885
464
139
680
781
907
748
518
1660
-11
1259
266
1422
1075
-179
904
786
1208
115
-201
878
2287
295
1762
70
965
519
573
930
1445
301
2142
260
558
2760
-257
1310
2605
-20
1004
522
799
593
704
575
233
725
2240
1404
1653
1507
1031
1051
1333
1575
2086
372
914
1222
309
2224
742
-290
454
239
1484
1364
911
361
921
1402
1022
448
1831
414
1625
595
646
621
301
612
512
1472
1853
1274
819
-362
541
858
567
754
1256
1468
754
708
739
823
1456
-39
1572
66
1128
-214
1460
433
1463
530
1001
1462
1341
-191
1061
800
2021
670
743
917
-99
202
1100
214
736
889
1245
176
1154
937
1331
352
1196
712
1418
-93
3622
-500
683
1002
1197
423
2538
1395
1795
1241
2208
847
2039
1587
765
690
1214
2183
1464
415
1841
2014
652
1062
918
-266
925
272
648
682
1331
1113
1505
887
140
868
157
837
430
1375
1086
1586
437
2071
2176
549
856
822
207
-521
978
-137
457
953
712
742
694
1128
748
893
1776
956
711
403
974
1170
388
1180
1424
1550
979
1050
1487
-381
1906
593
307
938
514
389
1444
35
711
1659
667
584
1023
421
1393
762
1514
275
1327
1097
882
317
1029
-145
1599
-235
630
427
1279
350
1148
665
1902
1698
864
2349
1685
1627
800
1287
1166
-45
652
1518
-16
478
861
-497
1541
241
2213
987
951
910
1967
375
-127
1799
682
1835
609
1707
814
2632
434
1096
629
943
214
1368
21
-527
2031
790
2091
189
944
1918
802
612
304
1049
813
261
645
771
609
1228
904
836
1480
1540
93
673
855
-209
1420
953
1998
1020
1122
1116
772
-53
732
451
924
1270
582
166
1640
1226
253
1293
-527
1272
1141
1548
767
-211
228
473
693
-158
843
545
1457
1592
749
2044
738
1138
1320
538
811
795
1364
1420
1145
1925
1381
923
1134
-388
227
1282
393
1114
847
1683
232
-24
893
1679
-178
1744
581
1087
1025
850
1046
1383
1992
285
876
1067
1430
-177
1131
2101
673
541
332
869
-61
1645
1732
1671
488
2217
1235
1377
400
1025
372
1247
1426
244
1321
2211
950
-350
1844
1005
651
1340
1471
1087
1749
1559
34
2044
-70
1586
2100
291
868
1791
1273
414
1526
325
1210
1244
524
-161
829
1238
124
1363
952
753
342
484
1331
814
1734
1204
1720
583
1418
1088
940
1373
385
249
-210
901
299
-264
387
779
1037
1129
1694
743
1236
813
1876
1303
1637
515
980
-65
-40
343
764
1384
-235
2102
482
1035
1491
1178
1149
1062
1769
1360
434
871
1123
1687
1651
1598
1521
1388
1118
488
1193
824
731
1201
2122
1364
1119
1059
1733
1824
1458
410
945
1867
1089
1271
1261
2475
879
628
700
1202
1844
1174
809
854
1849
2438
1828
863
1028
2040
1395
1657
1364
1211
1704
1171
1315
2159
1378
2205
875
738
987
1173
1027
1229
1925
1385
1702
2493
1313
685
2065
2102
771
1447
1002
2062
1672
1050
1463
2231
1748
1854
1433
1338
1595
1467
1504
1433
2145
500
1532
2139
1269
1116
931
1726
2410
1278
2591
1730
978
1580
1128
1758
1287
1140
1414
941
1347
1750
1164
1495
1944
1236
1831
2229
1269
2242
1131
1328
1364
862
2108
951
1084
1375
877
1399
417
704
2290
686
1115
1559
2041
2163
2412
1615
1970
1085
1971
1557
2184
1997
2198
786
769
555
948
1513
1071
1799
1861
1487
2565
1891
1692
1652
1571
1661
2071
1125
2131
581
2076
1164
1599
1030
1380
1415
1630
1020
1480
703
1214
1583
1335
650
902
1234
957
841
1638
864
2071
904
1401
1026
1209
835
2228
1704
1446
1325
2330
1673
2342
497
1333
735
1736
963
1516
2072
843
1777
1530
1407
2016
1179
2074
1281
1411
1777
2075
2214
1834
1200
1745
2624
1295
1329
1479
1731
1118
1851
1665
307
478
949
1937
2063
1071
3105
1296
-4
2035
2267
1216
2420
2127
1468
1520
1846
1002
778
1167
977
851
2048
2270
1340
367
1257
1138
2578
1228
2671
957
592
1666
985
2691
2199
777
1516
1071
2115
1594
1484
1788
779
995
1500
1095
1331
1339
1875
1766
1378
1124
757
1765
848
1740
1667
2084
1006
62
1144
2290
1524
1191
1480
1010
1124
1372
1445
707
1245
1718
1365
2517
1104
1305
2081
2210
558
1512
926
2149
1428
1133
1866
1443
506
1712
1044
1800
660
1480
2226
2089
1792
1448
1414
1561
321
1272
2192
2176
1522
1977
1537
2068
563
2427
1236
859
1139
1125
1825
1788
2050
2756
1676
2294
2127
1954
1465
1359
2110
1097
1602
2043
2653
1571
1179
1030
754
1499
1295
1574
2361
1332
1674
2182
1166
2295
2432
1783
1121
1243
2054
1534
1189
1632
1501
1355
1450
2519
2243
1329
1679
1933
1061
556
657
1212
1170
1527
1292
1504
1664
1171
1251
1510
1728
2075
1619
1130
1102
1853
2120
2289
1909
1675
1681
1631
1961
1833
1258
645
982
1518
2101
1546
1360
535
2192
1470
2019
2091
2218
1072
1343
1949
1001
1054
1200
1178
1149
955
1342
1307
887
1083
1188
1913
1754
2245
1284
2267
2137
1133
393
1912
1627
865
1200
1856
1636
1270
2357
1626
1149
1316
944
2152
1668
1507
1755
2015
1993
1619
1196
962
2815
2519
2726
2115
2202
1326
464
1064
1500
2279
1373
879
736
1094
1300
1324
1099
1568
1079
2117
1878
2333
1376
1367
1861
1875
1107
563
747
1158
1865
632
2077
815
1974
645
804
1589
807
662
1342
1872
953
1544
2480
987
990
1171
546
2071
827
756
1926
1974
1096
628
1352
1028
2367
1587
1159
1319
222
1204
1472
1835
1247
926
1387
1512
2001
1231
641
1377
170
937
1832
1039
2137
1156
1699
2479
2921
1530
223
464
757
1312
2188
1450
1219
919
1617
1609
1717
1651
981
2002
1496
831
1870
1637
2163
1743
1995
1699
1189
647
822
1680
1748
1566
1824
386
924
1109
1852
2054
1602
1763
1765
1108
1436
1248
2069
2074
925
702
1018
1609
1501
1858
1919
1312
1077
2123
1590
1898
913
906
1932
1292
1262
2071
2102
1415
1294
1176
1444
1268
1705
1112
689
1844
1487
1369
2424
1066
1212
1331
1517
1456
2053
752
937
1132
2144
1584
1592
1187
1790
1744
1835
1356
1571
1189
2116
1194
1830
552
1019
562
863
1034
749
670
1946
1708
1208
809
1961
1186
850
1719
702
454
1171
944
628
1464
1539
524
1982
1374
1433
1075
359
-624
-133
-386
-802
-1168
-663
-439
-584
-336
-138
-782
-1073
-679
-206
27
-964
-56
-105
-489
-976
-622
783
-1974
156
814
518
979
1410
-428
344
1832
-649
2321
463
-253
135
-202
829
-15
-36
1610
791
-12
174
1342
-218
-1747
1093
136
-1308
1078
939
1596
1622
1334
579
-1437
1089
1812
-223
1685
-251
1495
464
1433
-664
-115
1303
958
1889
-2078
1673
-167
1323
922
1210
1359
1364
-71
714
-514
831
-424
439
-85
2022
-1167
1980
-360
1199
1509
-1220
3813
1381
-1570
2432
-1280
675
-254
2050
-8
1725
-513
606
64
-80
1681
444
1390
-449
437
-379
2080
103
1252
543
723
677
-1142
931
274
1621
814
64
736
1526
-4
699
-6
1499
828
190
725
1785
857
-117
446
541
798
995
-547
2326
-2262
1064
2071
2643
-1056
1362
206
1745
-436
1022
642
1236
-625
535
1640
-220
768
2199
-226
213
584
1458
637
-791
-1786
1599
-160
1034
1287
1468
-210
457
267
799
646
1178
1204
-183
1403
-483
1325
1820
-314
207
629
1744
-509
983
-2509
982
2586
1364
-1080
1548
1263
1019
-492
2164
335
-547
2178
-5
-358
443
1244
1770
-365
958
680
859
-115
3107
-2935
501
2343
-159
306
1997
1
1454
50
436
296
-436
3127
1106
1001
-240
1523
115
-251
181
2185
-687
1173
-84
289
1277
-317
241
1084
-1119
1825
777
1449
1440
890
-2552
2590
-185
1564
39
-155
231
-172
-497
2470
1834
157
216
-1579
309
1701
261
613
196
-140
1172
-363
803
1004
-491
2103
-384
-265
125
1203
1870
-591
2191
-261
-4
1081
912
-2046
1635
1239
459
1816
874
908
-237
656
526
-430
2207
-640
2170
-132
252
1374
16
-569
2265
-589
241
1345
-189
-2339
1372
411
1810
-1005
2145
103
-788
1733
934
281
272
420
232
1574
814
629
793
-248
2265
-190
903
-494
93
-748
1823
481
1647
-579
280
1339
1143
-588
458
408
1881
-431
-845
1422
-489
1518
-207
-689
1539
-85
1233
-636
1749
-2029
420
1710
1236
-710
1560
-651
3257
1439
-646
805
787
244
-327
1487
800
477
445
973
2063
-127
-306
-239
712
-1124
-55
1829
343
1402
833
-1025
1564
1269
-350
1659
523
1339
381
750
-271
2445
-268
502
902
1434
1358
-637
-361
-1649
2151
-262
506
931
747
1224
626
482
545
1057
-20
1608
848
-182
197
734
142
-162
397
2226
-1303
2279
2124
-1933
1230
-448
2834
-136
1350
-59
663
-542
2479
-46
399
-657
2192
2164
595
-268
780
-435
1789
21
1600
-416
1972
-1342
1451
104
1347
168
808
616
-167
28
550
3068
223
192
1120
315
83
330
-487
2915
220
-156
891
1880
-67
-2687
811
632
1689
304
2123
639
1956
-771
119
1181
215
1196
-246
1603
1504
2710
-437
1404
125
706
-298
938
1122
-987
1303
-232
1211
-174
1407
1784
-433
790
1586
-265
711
545
611
503
643
-259
-351
3468
-292
1682
-218
-508
474
-1106
979
371
1325
209
2129
448
434
-84
1273
220
175
-862
1773
187
-165
344
750
918
726
323
1970
-519
739
-1207
1037
93
1775
-42
643
1172
85
-678
1531
-279
1269
184
114
636
656
1004
-32
1579
-141
-13
-292
334
1802
-970
3001
-422
111
285
-93
1674
-59
548
1593
468
-52
838
203
-66
3252
-776
126
1155
732
503
468
-559
2063
-2414
1732
-752
-638
-233
-46
1872
815
-447
837
1983
-148
-744
2038
-458
960
157
1606
-607
2360
-751
-99
3216
-909
-1411
752
-362
797
1157
-427
1265
-318
1167
402
102
2074
-39
2054
-142
-553
2196
1634
1438
-1320
-470
896
988
1451
-2251
-907
1008
381
264
85
236
-280
407
1045
118
693
-324
524
-154
-184
1203
-38
1948
-887
622
-499
1507
-799
-1955
13
-347
-907
-2820
-1447
-1608
-735
-1399
-1360
-923
-1896
-772
-911
-315
-289
-653
424
-166
-75
230
-355
-786
-45
376
-85
-302
-1856
-1738
-1149
-1481
-1495
-1599
-127
-93
-859
-1357
-1465
-1617
-400
-1489
-1052
-1714
-815
-180
-938
-1385
-1848
-658
-1508
-2263
-1538
-991
-1170
-1110
-24
-775
-657
-501
-934
-1041
-847
-696
-2507
-1089
-249
-52
-978
-1976
-731
-427
-458
-1786
-1058
-2160
-1265
-1350
-995
-1364
-950
-1787
-937
-347
21
-485
-717
-2019
-380
-335
-1050
-1274
-626
-2291
-542
-1397
-983
-1048
-713
-1796
-1303
-1449
-294
-1405
-1241
-1281
-832
-1866
-544
-944
-50
-588
-250
-694
-812
-1165
-1952
-906
173
-321
-534
-979
-610
-1195
-344
-1470
-2030
-694
-1231
-1567
-187
-278
-648
-875
-1128
-1618
-1811
-1399
-2367
-2522
-1106
-891
-868
-1055
-885
-1117
341
-277
-2391
-2857
-1420
-418
-39
-826
-1308
-609
-1082
-642
-2115
-960
-697
-655
396
-1537
-1041
-638
-1112
-1555
-1684
-955
-419
-14
-660
-1023
-1399
-553
-321
-810
-742
-145
-903
-998
-697
-562
-457
-462
-441
-400
46
-400
-1421
-1530
-1164
-903
-346
-1436
-875
-324
-1715
-1273
-356
-110
-1114
-915
-827
176
-812
-472
-1020
-1365
-194
-981
-1429
-903
-636
-1134
-1345
-2770
-287
-490
-1610
-1713
-1419
-1423
-1002
-690
-3018
-2111
-118
-714
-568
-706
-1011
-456
-625
-1276
-1826
-1056
-2034
-565
-203
-1459
85
-356
-917
-776
-1507
-743
-432
-1140
-1461
-1348
-288
-546
-730
-677
-1338
-2198
-1232
-1336
-886
-477
-803
-809
137
-1130
-785
-409
-508
-1223
-1791
-645
-474
-50
-517
-1165
-1318
-1007
-644
-30
-867
-684
-1780
-533
-373
676
-290
-862
-838
-674
219
-441
-925
-1396
-2081
-1324
-1799
-1377
-1602
-453
-1129
-1399
-1246
-68
-711
-626
-428
-1095
-855
-299
-543
-946
-1830
-518
-760
-1249
-201
-99
-700
-1952
-1257
-247
-1070
-1574
-1416
-630
-468
-112
-1098
-641
-485
-353
-1138
-893
-1745
-1099
-1954
-1256
-91
-1681
-1646
-1947
-1014
-1120
-1589
-2040
-1304
-1514
-1199
-1290
-1351
372
-806
-1091
-1240
-1243
-1988
-1155
-786
-1835
-2207
-1077
-467
-256
-2088
-882
-1445
-1246
-521
-1781
-1966
-1141
-1308
-2344
-1750
-6
-372
-861
-1931
-1775
-444
-820
-2713
-180
-1630
-2708
-685
-1840
-1406
-1164
-1662
-1486
-142
-929
79
-892
-486
-382
-800
-597
-479
-785
-115
-42
-1222
-1746
-2453
-1810
-498
0
-265
-1960
-1123
-1687
-2109
-767
111
-859
-1409
-1037
-1408
-1655
-667
-419
-1097
-2051
-1325
-796
-3060
-2770
-605
-848
-789
454
-1073
-1499
-1012
-1425
-562
-1161
-525
-481
-1379
-1075
-626
-1520
-317
-1189
-1262
-1205
-1476
-535
-1158
-1159
318
-616
-2945
-1937
-286
-1105
-1919
-374
-1373
-569
-1352
-418
71
-764
-759
-802
-288
-414
-644
-1531
-2041
-1999
-1211
-334
215
-1435
-1682
-1376
155
-382
-280
-1260
-1210
-1884
-1298
-691
-1938
-1586
-1429
-1595
-630
-1170
-145
-1014
-888
-1702
-810
-856
-400
-729
-678
-717
-29
-1506
-1387
-364
-784
-1263
-617
-1405
-1983
-2058
-1240
-247
-1198
-1497
-147
-828
-715
-1084
-901
-1422
-2165
-802
-586
-1017
207
-855
-260
-929
-501
-474
-1074
-778
-1197
-317
-1790
-891
-814
-1149
-481
-653
-1130
-1473
-1705
-1628
-2729
-1272
-3039
323
-711
-1725
-1722
-585
-230
-152
-225
-404
-403
-180
-105
-405
-481
-559
-832
-1076
-2508
-721
-1170
-1255
-1743
-1047
-2316
-820
-1762
-1348
-564
-122
-1283
-662
-1185
-907
97
-788
-1385
-904
-1279
-1599
-532
-1615
-2043
-967
-1022
-1396
-1161
-1606
-867
-521
-1202
-941
-948
-1204
-956
-1747
-129
-1886
-588
-1349
-1326
-1282
-1038
-2333
-662
-1955
-1373
-752
-653
-1031
-1072
-670
-1214
-750
-674
-221
-147
-1650
-953
-2175
-1373
-2064
-1966
-3853
-133
-1020
-1067
-717
-482
-1465
-1580
-500
-161
-985
-1861
-1229
-778
-859
-36
-1702
-1617
-859
-720
-1015
-225
-1608
-1611
-3482
-2024
-1622
-1068
-935
-1480
-1058
-397
-99
-523
-972
-780
-1207
-1192
185
-202
-65
-622
37
-181
-326
-237
-474
-223
69
-576
-261
-47
-523
6
-593
-163
116
-170
-494
-426
-32
-122
-17
541
16
424
3343
1261
590
1285
738
1314
-225
821
2115
2647
813
831
23
1739
543
439
986
67
898
2852
447
270
596
1389
942
-498
594
201
1838
-635
1954
1767
267
753
1201
562
2284
877
289
739
503
1342
1523
-88
1429
-415
1773
1682
-374
2563
982
912
466
1698
1084
1206
-85
1803
271
834
-59
805
1134
979
1395
-132
-404
1570
1169
112
2160
222
-687
1842
-247
1832
641
676
1796
617
905
800
1965
-76
1500
291
579
245
2572
1021
-370
1891
-471
365
-491
1963
3590
-245
3175
353
140
1507
679
430
1408
1143
-384
472
915
716
48
590
804
1387
75
458
1442
-540
1692
8
5
320
1068
566
1783
256
544
567
1041
1000
861
1150
117
1685
1533
-370
865
-142
553
1226
2058
-259
1571
-65
1812
144
2233
695
773
1588
600
-481
790
1060
8
780
585
248
-116
2131
-253
1204
2518
1536
-82
-316
-304
2510
316
643
-237
1068
-87
473
1418
1262
473
1721
797
1756
297
633
1988
-171
757
2692
-469
1851
1484
856
288
1514
683
2322
1543
1275
841
1222
-292
412
1084
907
-128
846
630
2145
663
-537
2695
521
2117
898
1666
-401
696
1445
1319
1420
546
-281
546
2030
565
1970
1934
963
1310
1048
1706
268
949
2372
564
2270
-36
682
7
-92
878
669
-178
1290
-100
-306
2341
464
1253
1425
627
1276
-298
1376
1074
1381
589
1871
73
1419
872
-3
2440
278
1300
1244
1200
-437
3614
-105
2608
223
-94
2754
-459
1375
-141
703
-95
479
847
-247
563
319
1319
-540
2049
-73
198
563
510
1026
-504
2489
-350
811
470
-53
1177
673
523
249
1999
396
-322
1294
1025
1658
283
1593
1492
-730
1456
-179
2063
-401
1372
576
1050
1413
1886
540
260
1160
991
1321
-5
1873
1311
1357
1698
159
-117
3370
-50
1036
228
-331
2584
491
192
2101
1235
1641
-302
1720
1649
326
1023
-369
1863
-35
1968
-3
2082
47
1162
1335
598
-667
345
1534
270
2852
848
522
1
363
1207
381
905
1485
-40
-179
749
-33
1698
-261
776
1622
159
1369
1800
1110
-541
2745
1042
685
849
-308
307
688
923
1331
806
58
81
-130
-210
1061
304
440
1844
208
1770
656
335
222
877
1602
995
-747
1792
1649
643
1699
2178
-3
772
2146
862
2507
1456
-75
1223
1357
1652
737
-129
-176
2838
-288
823
1462
1115
89
1502
115
-199
616
-683
1109
895
567
354
1765
1165
173
965
1802
-287
-162
858
2377
19
-172
42
-46
-240
2144
467
891
2621
1071
1077
2671
1711
-361
109
1235
1833
1031
679
-148
1204
967
1585
1099
1512
-498
604
1192
689
245
2070
-125
324
851
1440
2
45
2066
1417
349
700
486
1029
1199
785
-421
490
375
3236
-212
714
945
-194
656
421
973
1091
2135
1393
637
1507
-83
1717
881
152
932
572
1281
2753
2306
-445
335
946
-543
2047
97
1024
291
2086
840
47
736
31
558
329
-23
292
1058
1202
530
272
-37
1111
1218
2553
2208
-184
679
803
264
1010
617
765
441
1709
56
1395
897
56
1126
292
311
1154
231
663
716
893
547
1286
-124
252
-477
1582
1593
1383
1063
-192
872
437
2002
-382
1839
912
-537
1457
1156
628
514
1447
1534
-287
1331
1390
-247
1594
-225
1016
-23
-496
1249
-368
1327
1011
689
2102
-144
1595
1029
1982
1736
1103
2331
1451
690
488
977
556
-372
1639
-517
357
1230
151
2125
217
1300
986
450
498
56
2505
1260
-170
914
707
147
1212
-180
492
868
1205
1649
823
1965
3158
3242
10098
6180
3504
5363
6076
5481
3666
3792
4276
4422
3142
4104
4900
2105
956
395
3079
7474
3445
1607
4183
1229
4681
3342
7756
6624
5670
7242
9878
6950
4672
5277
3148
5796
3666
2357
5625
5035
2057
2109
2731
2152
4252
4945
7698
1162
3881
7942
3302
4991
4326
3905
5060
2940
4509
9222
6758
4296
4001
4200
6390
4490
4506
6288
8733
6099
9733
5857
7457
3095
6860
8669
3650
6722
10033
2992
5561
3797
4534
3841
3193
5208
7990
2954
8140
3447
3161
5179
5761
5078
5019
2998
5310
2583
4188
7057
4564
3390
6745
3295
3426
4179
7374
2606
4615
3124
4842
8330
6569
3124
6086
6567
3839
1806
2567
4007
4511
3108
4539
2385
4222
2112
2257
4871
7109
5752
2659
3994
3329
8211
7874
5361
5345
7816
10737
6597
5302
6545
5187
5861
5607
1965
6191
6368
7549
3678
1711
2767
5589
8064
3180
5977
6471
6863
7395
6070
6574
4390
8109
10858
5943
8508
6777
4031
4579
2537
4595
3998
5173
5747
4890
4496
6290
3626
3794
1311
2341
3393
4952
8336
5588
4108
6165
4829
4508
4141
7565
5067
3600
7026
5287
3107
6454
4899
10604
4973
8057
4194
2491
2080
3835
1840
3933
7351
7117
2856
5605
5157
4685
4984
5158
5724
6207
2573
3920
3802
6984
7644
6591
3299
5707
6637
3750
3321
4122
3859
4215
4757
5174
6548
6352
7290
7533
5902
3021
5178
3191
1947
4337
3845
8026
4152
6833
1400
3515
4824
4650
7996
5422
9255
4978
6502
7468
10235
6141
5829
3278
5787
4304
6030
4627
4070
4589
6664
5948
4122
5346
3673
3576
5925
5867
4638
4114
5629
5448
3559
4058
5784
6942
3488
4488
5251
5807
7609
4202
5265
5332
6683
6875
5137
4387
6375
7651
10224
6761
2901
4168
6138
5813
3242
6223
4566
5705
2998
3016
4225
8012
3141
5777
3022
4367
5176
5300
7754
7009
3708
2707
6192
10786
9672
3586
5748
4059
4700
3566
4819
4396
6458
6067
6177
8025
6630
5549
2263
6113
6348
6973
6891
4920
6743
3557
4681
4381
6939
3853
7567
6812
7096
6979
4941
7778
10038
3867
3167
4790
5232
2945
7039
3888
2075
4465
4536
4435
6649
3309
5940
6965
7385
3698
5638
3454
5778
8137
6980
9515
7581
8742
6746
1517
2524
7664
4321
4951
8720
5261
5438
6599
4684
4192
3994
4407
4261
3419
6805
6205
6970
7940
2704
5426
3964
7512
4857
4145
4097
4183
5121
6155
4730
7315
7617
5958
3684
6286
6022
3240
7388
7147
5653
6656
6952
5362
6933
8756
5299
6388
7381
4354
6574
2702
6388
5202
4942
4780
5725
8345
5454
4117
3252
2836
5819
4002
2429
3875
5372
6021
4190
6633
8257
4102
6719
2044
8079
6414
2059
4446
6988
3673
4934
5244
6662
2099
3254
4629
5358
3107
3465
3046
7168
7529
6470
6794
5972
4188
5311
4666
5288
7365
1996
4952
9385
5206
6756
6502
3524
5829
4481
6933
2744
4609
3451
3488
4722
5120
4805
4421
3995
4373
6406
4467
2664
5663
3274
6109
4732
4645
6820
8365
8144
3321
6051
4321
7007
4844
5588
5864
3519
6304
5150
3756
4542
7446
6529
3247
4174
6737
1747
7242
8659
2646
4696
3632
3466
3530
1704
7876
8595
6268
4049
4677
6707
6869
4389
4276
6102
4357
5374
2026
9607
7058
4454
5393
5783
4455
3534
7202
3962
4717
3991
3180
4968
7070
9008
3391
6185
5582
7696
4469
3937
5480
5978
6375
11460
10255
3493
6919
2737
5661
6521
6596
3251
4218
6138
2343
5366
4344
7439
8229
2950
3780
5774
3036
4678
5115
5832
4672
4565
4208
3078
4220
3623
3573
4893
5462
5526
7053
4101
4153
4991
5507
4636
4933
4847
1803
3155
3749
3360
1005
2900
9218
2895
2592
2131
7705
3805
6194
5720
5193
9383
4709
5620
5762
5001
4717
6159
3856
3630
3832
7226
5338
7246
6121
6411
7715
4201
6396
2231
6921
4745
2772
4555
4271
5259
8439
7958
6740
4684
3780
3687
3993
5083
5593
3989
2310
6916
9780
5852
7225
3198
5889
-330
-288
-212
-318
-229
-231
-273
-243
-254
-315
-246
-246
-322
-250
-370
-339
-368
-207
-291
-210
-276
-288
-259
-242
-283
-155
-129
370
-70
196
278
3
-16
-9
-131
-322
-240
-271
-283
-29
562
-188
-184
-207
-19
-179
-28
-221
-285
-190
452
-110
-187
-307
-232
-139
-238
-135
-336
-13
-180
-145
-270
-201
-195
-151
-78
-73
395
-163
-154
-243
-267
-197
-135
-98
57
-75
168
-241
-287
-31
-344
181
-184
-207
-193
-23
-128
202
-184
-308
-184
312
-258
-154
-243
8
-183
223
-217
-270
-223
-222
-23
-165
-40
-89
-191
65
-272
-227
-261
-232
-205
-295
-224
-181
-137
398
-271
-263
-252
-86
-193
-302
-223
-190
-250
254
69
219
-298
240
-264
-114
-204
-134
-261
-233
-299
-251
421
-147
-351
-273
-203
349
-32
-257
-137
-145
-246
-227
-225
-203
-172
275
-93
-234
-288
-198
214
-204
47
-221
268
-141
-255
-172
15
-23
512
-210
-197
-304
-288
-235
400
-68
-101
-84
476
-184
-361
378
-137
-89
1301
-127
-179
-287
-218
-172
-229
-167
-236
-206
-306
-156
-261
-274
213
-70
8
1348
-92
-221
-95
-165
-176
-296
-263
434
-283
222
-378
38
-104
64
-57
-78
171
-159
-131
-27
-156
-378
-50
-166
-250
129
-76
-337
1156
1058
334
17
165
-25
-307
-45
-106
282
-141
-205
94
912
92
-104
-167
331
-268
-214
-201
-40
-45
1384
694
-160
-321
-122
-165
-332
-329
-19
-226
435
829
-184
-324
-263
263
-478
620
-309
-64
-263
-329
-240
-277
-238
-325
-196
-292
-207
-192
-182
-31
-5
-151
-177
357
66
-255
-229
-318
648
-52
424
373
-273
-30
-340
-197
-109
-82
15
407
-243
-3
381
-164
-53
-27
-297
350
-139
-180
-291
-193
-156
-233
195
-109
-7
-194
-96
-170
-227
45
-218
293
-79
198
-93
-281
152
-73
40
-205
-118
-167
-111
-54
-213
-234
-187
-75
-368
-145
-234
-193
-148
-100
-155
-236
775
242
121
-283
-277
-166
-164
-216
-246
-257
-142
-174
-271
-251
-177
-232
-229
-48
-258
-162
-194
-46
-115
-277
398
-146
-253
-251
-132
-48
254
-211
-242
-148
64
-269
-79
-201
-165
-337
-234
-252
-69
-217
-190
-140
-136
-146
-221
-212
-183
-208
-91
-56
-281
-294
-246
-156
-248
56
779
-106
-253
-156
-187
-121
-319
-114
-184
-273
-283
-207
-181
-142
-211
-183
-280
-298
-330
-237
-44
153
135
483
-106
-177
-245
-236
-1
-256
-219
-115
-263
-155
-186
-113
-253
390
-23
-258
-169
-287
-193
-173
-200
-150
-34
-375
277
-264
-245
-217
13
-12
-106
-297
-276
-259
249
-199
10
-305
-102
-275
-137
-40
-116
-291
-156
-158
-218
-56
-212
-190
-233
-364
315
-217
-193
-201
-153
-138
274
-173
-112
-93
-93
-232
-93
-116
-206
-198
-165
-128
-334
196
-308
-272
-263
-35
-19
-152
-80
-146
-237
-232
-291
-98
-19
141
-312
-358
-288
-238
-297
-241
-483
300
487
-111
-284
789
-88
-221
-263
-235
-203
-243
-236
-426
283
-191
-159
320
161
-257
-241
-144
-249
-221
1375
-24
-276
-207
-134
-297
-113
-137
597
-238
-248
-203
-234
395
-61
-420
381
-175
-172
-282
-228
-91
93
8
-179
-262
-292
-104
-134
-273
-202
-275
-95
-158
-104
204
-45
-314
-232
11
-59
-211
-179
-212
-110
-100
34
-85
181
-216
-227
-214
-135
-36
-208
-210
-60
-223
307
-201
-163
260
135
194
-207
-194
114
-491
229
-187
-210
-187
-117
-234
-107
-201
-101
-245
-244
-155
-225
-176
-270
-243
-271
-110
603
-165
187
-274
1619
289
732
-245
-2
-218
314
-211
-141
-159
173
-283
-227
-211
-31
578
-455
53
-227
-36
461
-122
2
-16
-74
1512
918
282
-678
-945
-1085
1042
1172
-1291
-728
109
1293
-432
-132
253
754
-592
-591
-988
-113
-390
593
-594
-961
-268
1140
-1395
1982
2640
1742
787
528
1210
-522
601
-421
813
736
-1855
-1300
-68
-261
-768
1129
1779
623
883
-590
883
-964
1346
-2010
-439
-97
-676
-93
-1644
1600
-601
2033
1319
548
1738
2821
-542
1430
1451
-62
2115
-824
1545
864
1046
-773
555
2692
2728
-252
1090
-617
4865
2644
2521
-926
1760
-134
1014
1742
718
1979
-58
-1023
-2524
605
2682
1156
1624
-397
3188
-512
-1377
-457
2501
2695
1487
1697
-47
-667
551
-311
39
323
-787
534
-98
-494
3881
214
-1965
-1461
364
297
-126
-19
-36
-541
-1278
-111
-158
-846
-1117
1028
2222
1282
-1347
-763
207
1576
2754
2131
1304
3833
4552
3583
-349
-320
-39
500
1958
1066
1699
337
218
1302
1916
2696
770
-895
2188
496
2034
-450
-1639
2426
-111
-192
1740
-2668
-452
-824
-569
-1315
-178
2656
1807
389
2682
2734
698
-397
-766
3052
1773
682
181
-1561
5092
-279
1542
-326
-1614
6237
1043
1830
-996
4603
-654
-793
-1713
-408
-1689
-1682
812
937
-175
-2073
989
794
-270
4222
174
-1020
2815
1972
2011
-83
100
678
1139
-815
310
1921
3518
-197
3562
804
-565
388
757
3090
-2013
-305
2358
-951
-1384
1630
-884
-451
-233
700
533
2579
1072
1735
-808
-765
-793
1153
1496
-582
558
-293
2999
1546
4870
1895
2108
1201
1608
212
3332
2376
2219
1951
1227
14
1857
-1579
2925
816
1794
850
894
2286
1781
-193
-41
1219
665
-1194
-272
2443
301
2628
-491
-994
-333
-589
-1201
580
-2780
1960
-866
1357
1790
474
-476
-293
-671
236
1471
-67
118
627
2648
475
1504
-2073
-983
4106
-72
180
115
-698
5714
1744
-297
2279
-960
-1159
2100
2547
2030
-186
1004
232
-327
3196
36
-1237
850
-434
2718
-319
2590
1312
-454
3913
-477
-308
1972
-952
466
1624
454
-1002
-459
2756
-1394
276
2755
-849
-1066
408
1489
-36
2727
1583
261
-268
1265
1179
1540
2039
322
931
1441
1884
1555
420
-489
2431
1334
2033
-273
437
1932
-150
1967
3798
-2127
785
2200
-99
-1219
-3136
-50
259
-125
-109
-1758
-373
-777
608
656
-46
-212
1506
-656
-287
1422
2460
1331
1080
4896
-1365
-989
2527
-4
3528
61
-391
993
966
553
2394
2355
-278
2303
1
2513
-1774
2751
2313
560
983
-531
2542
1153
1377
3141
-1108
-62
-942
-727
2208
586
-411
2200
1138
-122
189
-1205
-1062
-977
3390
-760
1090
-516
218
-48
-1037
1190
-993
411
467
1466
605
2671
-608
389
279
-255
-2536
-1225
-843
1013
3683
-72
-1
1088
956
-1515
-403
-790
2514
-1049
66
81
-596
-155
-55
-1002
1966
1074
1701
2074
2549
2288
2159
315
110
2788
-969
-510
908
5096
2321
3555
-914
1573
1833
1111
2733
2027
612
1912
1567
-451
706
-1391
1062
1121
-142
2708
733
2190
-535
3064
1258
-454
412
-1030
1946
-2051
-504
-365
2010
497
-504
-649
-525
-1060
1082
2691
1366
1927
-299
-778
1823
-729
2137
1159
373
-352
352
2762
1353
-714
1512
1395
-628
346
61
2316
-99
3342
-365
1942
-419
425
2340
1282
-159
1278
-1324
697
-39
2299
-648
1498
-931
1892
1981
574
1446
574
30
-99
2251
447
-1329
-196
-342
-351
1838
-509
-73
-1219
3001
-334
2080
-1267
459
-1540
-165
3112
544
29
1680
1438
2145
2392
2098
122
4185
817
764
2619
-2105
1287
1147
-181
539
-704
2013
481
2558
2294
3136
248
965
-411
2113
1915
-179
886
412
-295
642
213
2491
-80
2396
-190
-74
1494
2610
1509
1657
2726
-96
1285
389
-343
3260
2839
1376
955
2341
1700
-2219
505
-284
-539
381
712
1843
-561
2306
-2006
-302
2449
793
457
3150
504
-254
-1041
-1355
-84
-550
1748
-24
2196
-2
652
2364
517
1560
2428
-281
3383
90
-273
1485
1417
390
2276
-23
1272
1024
1337
-173
-103
1497
1234
256
2158
1411
-854
-231
-300
-246
2479
885
-415
596
238
-283
2199
-108
1653
-153
2419
341
-138
-170
3144
-347
786
2281
-208
1562
506
436
-89
2363
-229
1640
213
2093
-52
-273
762
-235
2276
-283
1304
1739
-68
354
2202
-302
857
208
-119
2568
-99
108
-762
1413
-148
-19
-139
1050
-149
724
417
798
697
1252
644
-862
1374
438
-122
-261
876
2151
-242
160
885
723
-293
2280
-242
1486
-103
1279
1454
-483
1081
1097
1937
-361
1633
-400
1954
1062
573
-330
-80
1714
591
-156
1185
-241
1458
-97
304
1424
-1
-109
-104
1607
-76
1810
1815
-381
-490
1441
-157
-30
1697
244
1153
618
3758
-961
1290
-26
1020
903
713
1032
-78
1096
199
1788
-365
473
740
2960
-464
-139
2982
-682
-122
938
74
1810
260
724
-223
61
418
1777
-326
722
1746
-277
-41
3135
-577
706
1189
-202
-214
895
-835
2401
422
1407
1195
2284
-394
2671
-345
1803
-132
1085
1135
836
1661
1208
1255
-302
-130
690
270
-8
1115
287
732
-548
2623
-598
-169
1179
918
-97
1808
-473
-341
3050
-877
2639
-331
1382
-112
654
583
-234
541
1334
1565
-520
-553
1202
-83
-293
298
2193
1614
-326
750
452
1589
-169
-16
822
345
2384
-219
197
2043
-189
1519
367
-1
2789
-478
739
-74
-221
1817
-445
919
-247
23
-140
2443
-282
397
2163
-445
3224
-495
-254
1870
-211
-228
386
590
552
-138
261
2436
-363
754
1570
-21
65
2965
-96
930
1378
-86
868
492
2676
-556
74
2213
-559
221
1017
1990
977
-228
-489
2269
-134
1091
-73
1290
388
-180
-74
469
-221
1213
391
1073
1625
-272
749
373
1616
52
844
911
-38
-102
2040
-667
394
1938
-123
1552
-222
1470
2085
-407
464
692
306
332
2509
600
-347
716
-273
-154
867
2354
-168
1122
1143
-244
325
1486
-361
929
1837
-344
1392
800
712
739
1542
121
-326
400
-206
53
-32
2714
-316
-159
327
154
406
1546
-614
1245
2612
-489
-394
835
170
1089
938
47
-345
-95
917
-117
1672
-342
650
1153
541
-90
1532
-219
555
3265
-365
844
1327
-139
185
1428
-178
409
3009
-355
-47
-55
2111
-135
1458
403
-53
979
507
2117
99
-72
-114
840
-43
2929
-382
1003
-739
936
1590
1260
133
-236
2314
316
2425
308
636
-487
38
1195
648
1737
-429
1689
384
416
2027
1210
1925
-130
-299
-74
739
-30
930
1838
111
-529
-90
1973
-393
1628
1205
-104
354
-98
1404
2230
601
-171
745
1123
1141
-411
874
392
-237
1619
196
-350
1316
2525
-633
1218
-139
1090
89
1423
-413
2082
-310
-38
1018
-11
-5
2156
1206
-283
225
2775
-675
1292
-61
-39
-269
-179
458
2378
-177
-31
514
-218
1950
-287
-130
-25
1714
-464
1623
954
-112
1190
731
367
1485
-342
746
1439
1000
-596
528
2722
881
703
-707
863
-135
1859
946
-515
1857
-433
538
1599
-250
-12
320
2074
-483
-162
388
505
1173
-407
704
-194
-470
1063
1086
478
-67
1371
1100
2193
-335
-39
1661
1358
-233
1463
-428
1045
1482
914
514
-264
1928
419
-261
130
-92
-303
3033
-136
-220
-189
2205
481
226
627
420
1410
380
2313
-438
-574
2950
738
-889
-16
300
2047
-183
2522
-30
1013
-348
-39
909
-186
2756
357
-738
660
152
2761
-178
556
-122
-157
2419
-147
-236
-130
253
2782
-428
887
1416
540
568
3309
-530
1125
2846
-295
-607
1560
-291
71
2303
68
416
-164
1946
592
301
-273
144
2523
-202
737
-199
1084
-115
-208
1779
-165
1533
-185
1576
-170
457
601
548
36
940
2010
1389
1311
1297
1304
1810
1825
2244
1531
194
9
1024
829
203
691
1821
1522
494
98
676
485
412
321
330
983
1211
1007
1443
946
419
1013
1274
571
1059
1528
1118
-143
-138
1025
1179
439
301
1284
580
-1
72
-29
282
2377
1496
684
-4
2016
1193
382
712
-15
-139
-128
502
442
477
1452
603
431
919
1149
1369
1234
1007
1511
1305
1059
1580
1447
754
1273
1371
635
412
311
193
-2
24
-31
573
956
1647
157
88
1209
1601
1215
2323
2306
1409
337
741
973
582
745
888
276
479
1160
1684
1148
766
1370
1518
1243
54
154
957
855
1186
957
1599
1152
-151
18
171
1794
992
464
1788
1034
69
1077
1850
1287
1168
1199
1705
1301
1961
2370
563
214
1044
243
502
820
1131
799
270
1123
-64
411
1362
716
552
1488
1972
1782
1128
1427
791
1465
2768
1348
1710
1299
1203
1217
1371
1450
-22
-108
859
1035
240
73
993
717
1153
553
718
1357
814
1628
1967
-4
-215
518
494
2011
1620
1645
1728
1668
1022
325
1332
1033
1792
619
1189
1712
914
1415
966
726
1378
1756
960
-275
630
1137
1085
1579
2245
727
1170
1672
2266
1460
723
420
819
1127
1034
22
105
1523
1540
1675
2549
2028
1618
1066
1387
1839
766
1717
1676
1303
2052
1350
924
969
859
246
1411
1531
2062
686
435
472
-31
1934
1808
1785
1597
749
1008
1952
1758
1970
365
1402
1643
1212
477
345
748
-27
505
1118
1288
1413
1452
1319
1435
869
328
776
1325
539
975
1305
2105
769
-207
1619
1549
1279
109
488
1037
954
608
1074
385
1122
1676
1180
1818
986
1258
993
353
215
1950
1492
611
-33
-122
1375
2081
1009
669
974
2319
201
-62
2091
1996
954
305
1071
1379
-81
126
1667
955
1595
2096
1019
596
396
1158
1246
1227
807
1045
1232
1555
1428
1349
1196
1303
1281
1449
1019
1307
1178
699
2084
1967
2183
2279
1815
1533
588
959
418
333
1312
573
708
650
955
1643
1682
2265
1921
1721
1431
849
2216
2002
1673
248
601
1918
1933
954
673
2004
810
280
1169
1260
1230
571
-9
1754
1827
1527
1019
864
1269
1394
1926
1988
1220
-77
625
195
707
1404
1324
1615
1245
948
1085
1965
1864
1102
939
1830
2149
505
1539
1364
2480
3351
3038
1967
1541
754
448
369
1611
634
67
958
1442
1238
-8
1013
464
875
249
75
525
1179
2227
1897
1235
2508
1938
1456
128
-38
329
962
999
1397
1882
742
1505
2224
1112
687
913
1370
2138
2135
1095
1020
2161
1434
1595
993
797
1476
296
630
889
1272
342
895
1334
173
1010
838
549
215
864
2178
2718
2825
208
-316
379
2454
1300
333
578
411
28
-234
871
1154
1144
1277
1201
32
-117
-312
353
-95
-261
2060
3096
1109
-188
653
914
2015
1495
583
1355
1055
27
-39
1272
1292
1687
524
1173
1243
394
679
1168
271
-47
-95
-69
-204
-139
1452
1418
646
1530
1260
-80
-141
-13
857
1001
1333
2298
1379
368
902
1335
1502
1150
1267
-95
-50
855
1307
1004
2077
1955
1300
1428
1491
1372
745
-23
374
587
901
388
1102
1324
1952
1362
1616
1614
1478
-109
-69
1756
2051
835
353
906
1269
1344
490
771
2144
1894
2045
1719
391
78
-24
800
274
1071
2304
317
-39
578
486
1549
115
-34
1486
1524
2369
703
-25
680
2181
1736
498
-102
665
513
575
1843
1079
356
424
1462
1261
1412
2004
1522
666
1659
2745
517
555
1108
1346
720
1197
422
486
894
1112
933
669
1212
684
315
342
327
739
827
1041
1207
1226
1100
619
1210
1087
1665
1577
1041
1344
430
1405
2653
2040
1715
911
839
-186
-417
-598
-715
-414
453
415
398
-648
-620
-444
-859
-188
-379
-565
-473
-590
-348
-105
-554
-717
-663
-639
-423
-632
712
411
1468
64
-457
-208
-226
-12
-335
1237
259
13
-219
-19
259
760
688
-274
-288
983
198
-87
519
-484
-447
-617
105
-347
549
-414
248
-433
-101
-16
1289
14
353
-320
666
-118
-302
1169
347
-153
-296
21
378
1114
-604
145
-520
-608
-63
-333
956
-700
-4
13
682
183
452
-605
-326
-77
434
-604
169
416
811
-169
-589
154
-302
646
188
400
-91
-467
-372
84
400
-679
-506
-284
352
432
446
-211
388
-542
331
-390
-575
175
832
-99
-398
-213
-113
342
-344
138
39
1313
-123
251
2215
1204
-211
-429
309
-396
-241
361
-359
-500
31
175
108
-612
-317
937
-600
635
576
791
425
-502
-363
-370
-507
-361
-679
-373
591
528
78
-103
1449
-135
570
953
294
1242
-426
-47
248
1498
1070
11
-310
-367
-22
1164
2013
1455
1372
-147
-92
124
-12
545
-49
-323
879
-148
664
-276
927
455
1764
-495
-116
-464
536
548
1769
-377
-400
-608
-390
-262
-487
-439
579
-144
-320
-7
-240
-167
249
1902
-208
-1001
-394
1394
395
-165
-435
-577
379
291
1943
698
272
-151
-230
1560
-437
1227
1722
215
-92
490
-392
-28
-387
-306
1188
-5
749
566
322
301
-257
-507
865
-541
981
-406
-564
-209
348
275
-217
2
1020
-448
-529
396
-514
31
-492
24
239
340
-235
1184
412
-193
-346
21
7
207
-423
470
666
-32
438
-514
-539
1084
130
1422
208
-11
-56
80
-407
-210
-437
94
113
-216
-26
476
126
-175
-36
906
-194
914
-629
1029
1849
-135
-423
285
-487
381
-413
584
-269
444
649
168
175
987
-157
244
528
-192
1318
80
-109
301
-518
-340
-231
-862
1004
111
685
235
-561
752
-154
-1
-302
-88
21
-398
-49
-521
403
150
-346
-540
-261
893
402
561
134
-253
-95
928
-344
-653
-545
-350
32
507
-366
-527
-743
-128
813
-161
-389
197
17
-310
154
774
-10
730
240
1014
197
68
344
246
625
-385
-135
-127
-259
-412
817
401
156
-85
-39
-381
-85
306
-37
-223
-545
1156
-101
-489
-445
-44
56
-714
20
646
-109
-324
1808
-158
23
492
210
-547
-58
-601
724
-316
-91
25
-425
-479
818
26
-469
991
-501
-303
706
523
684
477
0
-569
33
-570
-385
-415
1120
-282
-220
-69
391
-38
-361
66
-362
-119
-249
945
-445
165
699
-212
-598
-322
-501
-83
106
224
2118
-397
-327
-595
-202
65
405
-371
341
167
-241
-135
-321
1154
-307
389
-278
1062
-218
693
-545
-258
-258
-363
17
82
1032
1182
764
922
-551
-458
-563
851
-25
1138
-182
154
-423
149
-387
-207
-604
-210
657
763
602
-269
-639
-523
-388
162
1077
73
675
-92
458
1051
-286
-260
-55
-308
-599
-60
-304
-387
1013
750
1351
177
-291
309
194
334
1062
-371
-505
-467
-11
710
1625
-141
-390
20
483
359
-216
77
337
-457
-134
-370
-532
-325
-298
898
877
-355
1312
610
30
-255
-173
-6
-561
-262
694
1594
341
-163
-626
-60
1872
1102
-286
-157
680
446
1191
-133
-551
-568
-346
432
-76
1085
414
1207
928
-222
-120
-8
199
-26
-425
-564
20
-386
159
-571
129
-51
-220
-238
-119
657
470
-97
1029
183
-59
484
748
-27
-301
-415
-376
-44
-483
193
437
-254
380
-140
658
-487
495
89
-22
205
-806
-581
-438
-559
-161
-312
-794
-161
-87
467
1472
207
-86
1141
1669
4136
942
424
2501
-38
1979
-335
211
1024
2985
3495
2181
1980
2470
731
902
952
3384
234
200
-195
3435
2797
4520
202
4091
-31
1265
4958
752
1418
5211
4970
591
2716
2307
2511
2789
-74
1842
3399
3334
1890
3515
2322
573
-40
-211
-6
165
2368
1246
-180
1168
674
-590
-560
2126
-154
3409
-142
-272
1369
1432
-157
1927
953
2891
-207
3665
1318
-94
3294
-334
-180
-189
1540
-309
314
1131
2944
1434
-32
-202
1964
3587
-52
52
693
1347
2423
2155
-532
552
1220
1674
1752
1313
2433
219
-157
3267
-27
1611
518
1426
1706
1324
504
-344
3975
1631
-88
-605
-118
-309
3152
2092
2348
-411
-425
3248
-319
126
488
878
2149
1979
-129
-250
420
-198
959
224
656
-34
871
39
22
618
-621
1573
-427
-138
1946
211
1359
-98
-142
794
-58
-281
-318
4342
-8
-46
423
2004
-329
2003
1721
3177
2875
2724
573
896
650
1694
-199
1483
-323
1057
69
-262
-233
1939
4594
264
1650
142
-575
1190
3081
-133
-192
702
-53
-66
1151
-69
2207
706
-108
-197
4378
2164
2140
2904
5510
879
-552
-66
2347
1807
1430
-422
-650
705
2009
-535
2834
-196
573
1516
-299
943
4584
967
-561
386
-590
-150
-705
1770
1531
-318
17
1673
769
2655
86
2005
543
4831
-364
3902
492
1803
2260
-150
-703
-50
-79
1585
2718
2811
2836
-599
1374
-143
-22
-69
2753
1335
1967
-29
-156
-781
1732
-283
-426
311
1422
1147
137
3157
-541
173
-396
-137
393
1788
2664
899
3243
-250
3662
-314
-362
1949
1573
1659
1496
3095
737
1138
1197
1750
-15
-96
2527
290
0
3234
-259
-104
2118
1414
670
1550
-61
255
2929
2829
-24
2008
-276
-189
227
504
323
-175
1314
266
657
1143
1983
-454
366
2382
-197
-512
494
337
-144
274
425
909
3
-103
795
2618
-286
1931
-546
768
948
1097
225
1378
1478
3674
4281
-124
1914
1068
-47
174
3172
1623
545
1124
1996
2153
1499
-294
2740
425
1202
2265
3242
-251
1474
1261
-154
-284
-261
88
506
1709
1449
1040
-521
456
74
1998
-397
2025
923
3104
378
3098
1419
-171
-233
2011
198
-151
1737
3322
-294
1936
-20
781
1305
555
1511
3313
-477
2376
1171
-36
1853
2433
-19
-104
-50
-124
-68
1613
-242
-22
-84
-190
983
1637
193
487
3507
977
-77
-276
2914
1720
313
342
-576
365
-218
1315
727
2738
599
547
490
831
1274
5
361
2717
1045
1191
1333
866
382
2491
1150
-238
3864
-9
2179
2038
2275
2584
-462
-87
-39
920
87
2889
926
1300
2707
-475
-248
-42
-300
-315
3498
-318
568
1896
-906
1024
1779
139
1127
1454
216
1465
1735
-196
4930
-52
856
-186
-345
-321
2952
1225
1991
866
-519
977
375
1164
2941
454
-463
469
-736
1203
2087
547
957
1768
-558
719
-334
-44
1977
2883
-402
-17
-661
518
1728
1331
-316
177
504
-105
2073
1538
2102
164
481
-337
321
745
3991
1090
-298
1898
887
4337
599
1699
4176
431
-217
393
4174
927
2677
-267
597
1785
3646
2334
200
1201
-77
648
-51
-624
1435
2609
-279
-221
1265
580
1115
1785
1034
2699
-45
135
1361
287
628
-529
139
245
2009
975
1100
581
1187
3606
812
1043
2787
-318
455
36
-347
2603
3646
418
1168
630
-300
333
612
2038
2142
4633
712
2839
822
-79
176
-73
759
-372
-32
-83
-82
2204
-111
-50
270
-102
-530
-101
3893
1788
1040
1681
-88
179
-383
642
2306
762
2265
-124
-209
4684
-166
3195
463
775
1520
67
-297
885
1549
-46
-413
-619
1667
963
1142
2206
1916
2070
573
2331
1218
2035
1813
1858
-194
1387
-384
1477
3247
986
2043
2738
2398
2134
4712
1147
1182
-127
-353
504
2027
-138
-365
-115
-117
-10
2876
335
2093
1679
1939
-180
-603
2119
142
-215
-33
1218
402
-28
1479
1022
3042
694
-176
42
-265
-22
-525
-496
585
-162
-371
-552
-379
-156
-107
635
478
720
561
687
49
-85
-14
1384
-291
-10
-292
-264
-398
324
-238
-610
-560
-236
129
-367
-814
-543
-539
-107
-593
-343
239
538
-575
-300
-51
-135
-349
232
981
-78
269
-723
-112
-570
1380
-659
-146
172
-626
-59
-202
914
-94
264
-477
-337
-450
363
-14
104
-121
-353
549
76
90
428
-513
-606
-235
-523
-761
-726
-223
279
-5
-185
297
401
609
256
-332
171
295
456
-325
352
-254
-417
-251
-198
-193
-445
-774
-375
-446
-33
463
7
-909
-476
169
390
-396
-452
451
274
2
975
-267
-320
-815
-338
228
159
-108
-1028
-407
-148
-292
-457
-118
-261
-463
-108
-581
-136
-733
-136
-732
-300
-845
763
-670
1258
400
-880
-348
-497
-11
-643
-123
275
-292
-229
-322
-110
-592
-285
-111
-908
-276
-26
-1121
-23
-263
-810
-118
-156
-89
-266
-134
1041
-412
-582
231
1453
322
-296
354
-283
368
-437
-295
-685
-1047
75
589
-853
-21
-1044
-405
-229
-543
-281
-129
423
-778
-318
-1225
56
136
-412
544
122
114
-259
-482
162
-643
1038
132
-474
-231
-89
-388
884
-15
-13
-465
-723
-122
-518
-372
-323
-679
-30
-69
-468
-519
-102
-318
-427
-103
-503
240
-182
476
-382
-981
-365
-156
-430
144
141
-1033
64
-476
-521
-603
-79
12
-564
223
-822
59
-677
-173
-548
-538
782
-688
-622
39
-142
-89
-982
237
-522
-329
299
-194
-120
-687
-1278
-450
-773
-515
72
-355
-134
-730
-590
-569
42
-771
-392
-622
-191
-441
-337
-113
202
-573
207
-534
-656
790
-291
-329
192
-404
153
-534
-352
-320
-184
-800
-13
-336
688
-497
101
-599
-725
-893
-736
-930
79
250
-316
-606
532
767
-34
-258
638
655
-769
-321
-111
-938
-400
-729
-2
-21
-40
30
-270
-363
-360
-189
-577
-390
325
-342
-396
-148
-74
-785
-732
548
-440
101
-499
-120
-143
-729
639
-214
-556
-273
-635
-307
-110
-421
-39
-214
-66
-486
-393
-139
-626
498
-838
-593
-663
-378
224
-423
-334
-472
497
-600
-354
-224
-347
101
-124
765
-242
-644
-790
366
-305
-142
-653
-408
-532
-724
-331
-211
-103
521
-77
-812
-78
-259
-357
1026
-370
-826
-1021
-634
-229
-521
-593
295
-477
179
-414
-368
-935
-784
-553
-448
535
-219
-706
142
716
-441
540
-14
146
-341
-711
-528
115
-52
-224
-118
-376
562
532
-240
-673
-181
-462
594
167
-564
553
-329
-8
-484
-37
-1187
-91
154
-677
-235
-91
217
-76
125
-669
-567
-251
-343
837
-341
-153
-182
-195
-670
574
-424
388
-791
581
-64
-99
-77
-312
-831
-375
-814
-88
-28
379
-482
-59
-931
-102
609
-507
1406
-799
705
-919
-309
-747
-379
94
366
-578
164
999
-126
-626
-438
432
-152
-351
-89
-266
-5
-876
-411
387
728
-432
-358
-800
-125
-378
-312
852
-702
-294
-674
587
-515
-211
501
171
-313
-707
-177
547
-98
601
776
-145
-46
-1101
-286
-191
-735
611
-426
-24
-773
160
-131
-129
-282
-521
-829
274
-385
-964
-247
-325
-542
-360
-418
212
814
-240
-122
-136
-367
-373
5
331
-751
-178
-980
404
-55
-829
-584
-150
-263
-198
-481
806
-816
104
-1043
-408
-884
-559
59
-30
581
373
526
-1
-307
-187
469
-646
-380
-325
-138
272
-504
16
-1069
-313
592
-153
177
-635
-364
-498
-233
-499
527
-381
85
174
-485
-296
-260
167
-345
-456
-269
263
-583
295
-506
141
-784
-99
-155
1119
-376
-60
256
-434
-200
-365
-628
122
-152
243
150
-46
314
-452
-120
-391
367
547
-711
73
-791
-775
-815
59
-121
-943
-516
-214
433
36
313
3372
2180
2986
8385
5776
7864
4805
4619
5228
2704
3355
3669
3284
5022
3442
4029
2928
3070
3439
2722
4435
4785
2192
3621
5289
739
1604
2531
1760
1328
4179
5124
241
198
2516
3533
-135
-117
1035
8165
2440
2697
4004
1204
2526
2491
2492
1163
1115
1235
805
3125
4351
3412
5429
5710
3975
2111
4353
2002
2271
428
-49
3668
1276
2655
3327
1107
3163
5687
5770
2774
3744
3216
4309
3436
4038
4656
4231
1931
3454
3950
3255
2959
3494
3056
-218
3055
624
2868
844
3036
4707
4226
2851
2756
2258
4498
4552
3573
1069
3390
3637
2729
3433
4459
3495
4001
1611
2220
-130
1594
1354
2513
2237
3026
3036
269
869
1699
1100
2666
1912
3527
-197
-47
1241
2094
1587
4390
5960
3625
4862
4816
3827
-131
4038
7201
4794
1680
1003
2968
4260
2187
1294
3078
4672
2627
1110
2292
2264
2258
2539
334
2962
640
4855
1656
3216
3171
-226
2726
3344
770
3309
7710
6308
3592
3538
6305
1667
1596
1510
26
132
356
1570
4649
4360
822
2675
3167
684
1653
2787
3602
1007
1652
6224
6002
2663
4219
5505
2033
1068
1105
908
1490
3261
2276
2382
7623
6056
1640
2260
3309
1127
2183
2027
883
3142
-345
3508
2148
-54
3557
3514
4675
820
3941
2607
2222
3048
2838
5323
357
2759
3702
4002
1770
1275
542
1157
1005
2826
1408
4079
260
2527
4940
2719
-80
523
847
1369
978
717
4015
2981
897
3130
371
2818
1586
1110
2026
3281
6130
5065
2664
1748
1496
733
733
762
1603
1523
4177
4730
2975
2249
2119
3012
2711
3066
1682
657
1402
1130
638
2111
152
1188
1283
1982
2533
640
869
2465
4113
5950
-292
-213
728
2695
1309
5720
2844
3294
3105
3671
1902
137
1640
2304
2078
-125
1226
1998
2078
3927
1769
3149
4010
2121
1084
1130
2476
2702
1486
2930
4421
2102
930
2680
2551
173
-280
363
1989
1849
-10
4531
2931
2043
1950
1505
929
-30
1366
5335
5959
2877
2267
2822
5908
3272
544
4417
2222
2698
1530
1356
1074
3872
2226
1443
6037
6510
2414
1868
1548
1912
198
143
2405
166
1671
1937
4088
1507
1995
4989
1524
-17
1051
4048
8388
5882
4482
5422
5102
3885
4569
3667
4199
4522
2159
-180
3950
2639
-210
1989
939
3732
28
3881
3764
2436
5171
2374
701
4555
2085
3408
1847
2613
-36
1879
5765
119
3149
1383
2652
3393
855
3390
2610
2147
1864
1076
5604
264
-51
3816
3110
972
4085
3094
1939
363
855
-47
4354
1517
5491
1385
752
1685
1998
2096
2054
7528
3179
3626
2974
2262
5648
3134
2523
4273
5038
137
-167
5117
1810
-389
1805
2133
1636
1017
224
2096
-268
-375
685
3408
121
562
3585
3480
4215
380
2894
2172
782
1154
2196
3904
1934
2352
816
-24
1538
3054
1776
3642
908
1610
512
-59
-289
3294
5438
613
2493
3278
6501
969
1141
2252
907
281
1103
1416
3898
4088
856
4020
4291
4900
748
3177
3236
1556
-176
3536
2320
1272
3200
3273
1653
854
1948
7849
2623
780
1138
855
1207
78
106
1229
761
2987
2315
2862
6471
6140
1264
1612
2692
5062
1792
966
1646
4056
4706
7419
1350
6573
1856
2186
640
1454
2025
55
591
530
-103
1717
4922
575
2740
2391
1427
3322
2757
2973
2383
2548
9610
2190
5520
3349
2804
4557
2250
2467
2262
-11
5832
788
2343
3478
6402
4145
2014
4602
5040
3509
2347
3379
1165
1511
1102
1956
5642
7128
1187
2256
6060
2106
3643
1821
3799
1196
2913
1532
934
1042
2434
4707
4402
4098
1629
2181
-79
5620
5378
1526
1451
173
878
3802
4003
1434
1292
4620
2739
2834
3310
3508
3790
951
2827
2726
1599
413
786
3185
4216
2100
3953
5248
5560
3528
2194
2706
2276
581
1406
5273
3649
3843
4587
3501
4120
2542
4811
2479
246
678
1884
4834
4133
2162
1251
2312
3032
6096
2979
-509
-850
-1184
-2239
-2379
-628
-901
-2940
-1560
-1289
-1071
-649
-1365
-290
-475
-781
-418
-764
-669
-2180
-1771
-2421
-1454
-1307
-747
-1261
-1163
-909
-1565
-714
-641
-507
-1148
-821
-1150
-564
-482
-2414
-1408
-1460
-1967
-1011
-1101
-201
-1136
-1897
-3118
-1535
-2120
-1539
-1002
-629
-1823
-680
-1255
-1450
-850
-1049
-1439
-852
-1194
-313
-1087
-1246
-756
-1028
-1859
-908
-639
-551
-1306
-2737
-375
-401
-714
-1543
-339
-587
-2474
-1435
-443
-1475
-1371
-1304
-1113
-765
-967
-1176
-1517
-742
-2469
-1702
-1716
-788
-86
265
-1667
-2763
-2649
-2453
-1145
-1037
-1605
-314
-6
-704
-1030
-975
-611
-552
-2155
-2307
-1454
-1007
-1120
-851
-548
-179
-1324
-1077
-32
-846
-907
-1113
-1240
110
-67
-578
-915
-1070
-804
-987
-1722
-2013
-2446
-1049
-691
-1237
-719
-907
-2015
-862
-2975
-1285
-421
-1038
-1403
-2866
-2494
-1371
-2022
-369
-103
-470
-2273
-829
-1056
-1050
-347
-47
-1507
-1165
-1050
-948
-2408
-1496
-149
-1041
-635
-1744
-1581
-1498
-32
-251
-993
-993
-840
-310
-592
-995
-612
-1136
-627
-1458
-1214
-718
-859
-462
-931
-2991
-1443
-222
-1434
-1710
-1739
-2675
-1246
-1435
-497
-340
-571
-227
-760
-530
-1485
-2294
-764
-1674
-1086
-460
-1229
-2189
-1679
-664
-1776
-3288
566
-709
-998
-214
-1291
-1530
-884
-1314
-1002
-1321
-1599
-751
-66
-1424
-2302
-85
-1746
-574
-567
-3266
-2067
-2443
-2835
-1006
-853
-2839
-1621
-526
-648
-880
-629
-1028
-1970
-2572
-1584
-1938
-1627
-1100
-583
-1827
-1939
-1486
-1251
-459
-1637
-1853
-141
-83
-118
-546
-210
-1196
-2455
-2084
-1008
-856
-1129
-872
-1310
-772
-1890
-1354
-915
-644
-235
-283
-14
-1794
-1111
-444
-1103
-20
-861
-1551
-923
-1091
-1496
-1391
-1181
-401
-933
-605
-660
-802
-1332
-778
-1349
-909
-1034
-818
-1226
-982
-1187
-1029
-2360
-2090
-785
-1070
-1538
-453
-119
-935
-896
-1134
-1080
-1114
-64
-487
-603
-555
-1831
-1477
-2200
-1787
-1382
-2067
-1640
-1898
-1875
-838
-576
-582
-1872
-552
-1383
-2114
-674
-633
-1241
-182
-381
-1154
-1413
-1487
-2244
-1222
-1712
-905
-1048
-611
-227
-1597
-2308
-1007
-440
-672
-521
-871
-792
-730
-1452
-2123
-1499
-676
-2289
-3147
-1180
-353
-939
-1708
-1452
-1567
-1258
-2316
-1866
-662
-1203
-2032
-220
-431
-1159
-911
-700
-123
-1112
-664
-1497
-1350
-1279
-578
-1028
-1249
-540
-149
-489
-1326
-841
-1498
-1234
-1133
-1674
-1593
-2113
-1225
-935
-1007
-1061
-123
-1078
-1297
-1329
-1675
-2028
-1651
-1771
-3295
-2187
-1160
-1471
-1045
-2218
-1691
-697
-559
-446
-1259
-214
-922
-1135
-1481
-2054
-2058
-790
-218
-782
-1432
-2349
-720
-152
-1371
-409
-316
-753
-847
-863
-520
-974
-1143
-1369
-842
-152
-391
-1064
-286
-1136
-648
-1695
-1570
-990
-322
-2830
-2073
-865
-622
-538
-401
-1196
-1869
-1064
-1979
-2069
-1187
-823
-941
581
-638
-1009
-705
-781
-2131
-834
-1835
-800
-1160
-781
-728
-523
-840
-760
-456
-622
-1389
-872
-253
-854
-1005
-702
-1934
-58
-154
-752
5
-564
-1007
-1397
-227
-2325
-1793
-1604
-959
-543
-930
-2215
-1225
-144
-1494
-1343
-2295
-2619
-1424
-1598
-1564
-177
-607
-1090
-608
-1333
-2201
-1131
-294
-210
-1269
-1059
-2121
-1279
85
-1131
-1211
-852
-487
-624
-957
-782
-656
-744
-414
-224
-1118
-1395
-737
-691
-192
-216
-178
-1007
-537
-408
-319
-787
-1337
-3512
-1551
-127
-112
-1081
-1992
-787
-495
-2501
-1898
-339
-1156
-1614
-1165
-1602
-1363
-1103
-1283
-1239
-2723
-2001
-731
-730
-845
-600
-425
-713
-1073
-1298
-1850
-1300
-2369
-1088
-279
-1599
-1918
-2626
-2649
-984
-1019
-3105
-2237
-759
-1753
-1009
-1821
-3123
-2275
-1678
-2105
-3078
-1795
-724
-964
-1742
-569
-670
-465
-277
-287
-458
-914
-1341
-1177
-1729
-1193
-1597
-2069
-1794
-760
-66
-177
-750
-1562
-2517
-1981
-1287
-1533
-1986
-596
-410
-219
-650
-2219
-1635
-1447
-968
-1251
-1213
-934
-2232
-2311
-2113
-1509
-1455
-592
-1273
-1332
-1203
-1127
-2501
-1255
-1778
-879
-866
-619
-2188
-1762
-554
-1622
-3339
-2916
-1877
-2542
-549
-1097
-593
-1984
-274
-68
-736
-1746
-1286
-959
613
-539
-1044
-1719
-1097
-1516
-1393
-5005
-3257
-1301
-3926
-1192
-3372
-2061
-2731
-4735
-2025
-3224
-1402
-2763
-2109
-1584
-1918
-3685
-2289
-1200
-1799
-1430
-1963
-2229
-1662
-2755
-2720
-3603
-4248
-2359
-2751
-1805
-3711
-3750
-3222
-1243
-1464
-2013
-3125
-4449
-4127
-2510
-3085
-2083
-5427
-3719
-1585
-2479
-984
-2441
-1993
-2456
-1101
-2436
-2103
-2206
-2293
-3184
-3110
-2373
-3589
-1323
-3252
-6792
-3247
-2548
-2164
-2495
-5178
-5069
-3213
-5005
-1586
-6357
-3974
-3395
-1258
-2126
-4539
-2144
-2448
-4544
-3089
-4250
-2707
-3343
-3131
-3239
-1983
-3204
-3664
-3247
-3378
-2358
-5209
-3041
-588
-4037
-1850
-4070
-4259
-1614
-2675
-895
-2552
-1944
-4657
-3874
-4135
-3663
-4005
-2484
-3647
-1780
-3555
-4651
-1684
-3155
-2836
-2440
-498
-4078
-2516
-4137
-2592
-3468
-3451
-1056
-911
-740
-2397
-2158
-4225
-2694
-3144
-2122
-2056
-2546
-3831
-2875
-2383
-3742
-5571
-4591
-1596
-4886
-4325
-3515
-2054
-3764
-3644
-2058
-3749
-3692
-610
-3064
-2822
-1958
-1794
-857
-1967
-3086
-3252
-1863
-3973
-4544
-3742
-4864
-2205
-2880
-3169
-2829
-2549
-3383
-4874
-2871
-2735
-4528
-584
-2308
-1706
-1882
-95
-478
-1365
-2895
-1873
-2598
-5225
-1504
-2014
-8598
-1677
-3223
-3343
-3730
-2273
-3285
-2875
-3529
-5985
-2884
-2358
-1398
-1265
-2078
-1322
-937
-2842
-1250
-2403
-2441
-2038
-1869
-1922
-3173
-1564
-2932
-3897
-2404
-3650
-3049
-1685
-2998
-1788
-2910
-1966
-2000
-3223
-3007
-2904
-4173
-4100
-3448
-2628
-2873
-2481
-1019
-1177
-2118
-673
-1826
-2287
-2572
-3556
-2907
-1663
-1248
-1806
-2436
-1564
-1843
-4281
-1006
-2821
-4294
-2902
-3477
-1694
-759
-2694
-1991
-2788
-2444
-678
-2760
-2934
-1807
-1913
-3627
-3063
-2940
-1690
-992
-2289
-2221
-2052
-2137
-5453
-3007
-3760
-3055
-3264
-3843
-3627
-3998
-2810
-2896
-2223
-4544
-3119
-2023
-2454
-3280
-5449
-3382
-2890
-4157
-1903
-1545
-937
-2895
-2052
-3158
-4517
-4548
-3144
-4502
-3533
-2180
-2724
-1341
-3387
-3809
-1254
-1111
-1803
-2349
-2068
-2879
-2729
-3958
-1531
-1328
-2446
-1841
-1633
-1122
-3606
-4979
-6407
-4105
-3961
-3562
-2155
-2916
-1928
-3154
-1693
-2133
-1346
-1417
-1995
-2422
-3067
-5012
-2380
-3412
-1983
-2364
-1146
-1209
-2687
-4777
-5316
-3787
-4221
-1651
-2887
-2292
-3896
-4197
-1218
-1544
-3049
-3742
-2823
-1651
-3480
-2603
-1968
-1615
-2280
-3248
-1950
-3487
-2462
-1130
-1561
-2235
-5215
-3348
-2854
-1317
-2375
-3708
-2577
-3545
-1053
-2019
-4784
-1915
-2048
-4164
-2823
-1077
-2059
-2560
-1763
-1929
-1978
-1101
-1155
-6135
-3311
-2664
-2705
-3161
-2138
-2153
-3477
-3467
124
-1481
-3821
-4239
-627
-3348
-2964
-2149
-1541
-2175
-3268
-4442
-3221
-818
-2074
-2510
-2422
-1961
-2045
-5430
-1890
-3353
-2509
-1893
-494
-2324
-2561
-2768
-1662
-2180
-1219
-2715
-2960
-1229
-3720
-4586
-4415
-2518
-3330
-1616
-2924
-4793
-2530
-3681
-1586
-2701
-3194
-1863
-1475
-2370
-1633
-2802
-1786
-2297
-1024
-958
-2409
-2946
-3687
-4486
-4373
-2112
-2057
-2078
-1846
-2362
-1485
-2011
-819
-3116
-3016
-3208
-883
-3498
-3661
-856
-1451
-4287
-3339
-2304
-3819
-4440
-2771
-3061
-2904
-3428
-2574
-2455
-5429
-1177
-2608
-2133
-174
-2525
-2453
-2351
-3520
-1637
-2201
-1098
-4410
-3134
-2925
-4661
-4332
-3175
-2934
-1227
-3067
-2252
-1806
-2403
-5335
-2981
-1905
-1789
-416
-944
-2539
-2691
-2086
-2247
-2864
-1466
-5562
-2741
-2886
-2835
-2428
-2454
-2805
-1784
-3388
-3285
-2672
-5199
-3225
-3545
-2288
-2459
-1010
-1551
-5753
-1773
-2070
-3534
-2368
-4121
-3635
-2950
-2672
-949
-1795
-2372
-2163
-2249
-3823
-3802
-4831
-3511
-1687
-1504
-3419
-3225
-1766
-3848
-3705
-3118
-2076
-3406
-1287
-2359
-3190
-3888
-1969
-2484
-4340
-1538
-3179
-2976
-3090
-1390
-4167
-2479
-3726
-4413
-5455
-3597
-2812
-3212
-2925
-2517
-4859
-3798
-2104
-1751
-3960
-3851
-1471
-2769
-2549
-4303
-2202
-2295
-1580
-2503
-1480
-1162
-2806
-4894
-3213
-3161
-1181
-2294
-4665
-4888
-2551
-1494
-3469
-3112
-2305
-3374
-2309
-3814
-4696
-2225
-2760
-2630
-2899
-5085
-2261
-1708
-2848
-4897
-2901
-1394
1865
-54
207
-659
805
-285
353
-31
106
1606
-111
1702
-169
-201
1211
-801
1697
229
1341
383
1281
926
1900
94
1426
-449
-271
694
1402
-348
-347
-767
-498
127
-796
1014
714
-1413
1028
-714
-322
-512
860
-231
-515
-11
2161
-902
-418
1980
-1270
1763
-617
-430
-449
1462
-708
-58
-38
-763
-229
672
-269
-189
-325
-791
-628
-289
-131
407
258
-699
482
-144
-1107
-325
-170
1032
186
-960
622
-444
-317
359
434
-992
551
-145
-662
1505
-60
-1307
1745
-824
420
1016
-719
3285
-530
-1004
929
-550
444
74
-952
354
987
-950
2002
142
-1789
-272
1390
-415
-1333
2905
-708
-305
1424
-982
474
-1367
-163
2436
-545
625
-1058
-875
-346
795
-201
-214
-73
-1448
-141
394
-23
247
-88
-736
-847
-309
-1478
1134
-20
-283
77
-1296
-514
-468
-519
1500
-345
-484
402
-167
-1026
1613
-465
-972
-666
870
175
-1136
-265
331
-503
1509
-269
1104
-1128
1064
1019
-393
-780
-644
1873
-726
-865
-323
212
-437
313
-556
-459
-459
362
1133
-1395
-237
547
-1650
-779
-1419
-31
-708
-700
-682
220
-927
-279
343
531
-436
49
1376
487
-583
-353
14
1378
40
3347
-1022
-11
1319
126
-513
1232
-908
987
-464
-8
756
-120
-1100
-781
430
-252
-1367
430
-78
1302
-396
-515
911
-1038
1643
-215
-158
-551
-177
-452
-101
927
-1062
-69
-1342
496
-393
-363
-371
-1320
1555
-1615
3044
-1406
-225
-682
265
373
-544
364
-1123
289
-255
-646
-209
-75
-314
-138
14
-406
-713
-732
1129
1381
-1115
218
-151
579
-726
-32
185
2001
-953
-262
1046
879
-763
919
-932
-1532
-91
-814
-383
-26
-476
1710
-640
681
-159
353
-528
-233
-112
174
237
-427
-269
-593
-789
1106
-611
-1065
-119
-103
-1322
1404
-630
-550
-1158
-892
685
371
-548
-414
210
-1026
502
1125
-761
506
164
-603
-187
-401
359
-842
953
-1159
1375
-226
-325
1573
422
-292
-401
2473
-260
-146
-224
678
-849
-1002
-91
-334
-1072
2641
-658
501
-228
-762
1451
1298
-1167
-175
546
453
-742
2971
-809
-1244
207
-440
-1345
240
-26
-37
-657
-169
574
293
-653
-339
1558
-515
-866
-1
-229
-501
-536
863
-828
149
-2
117
477
-158
-1032
-318
-88
1921
34
-1049
15
1384
106
949
-633
2067
-1194
-867
-342
-271
-539
-527
443
-1435
-277
-662
187
-1042
-1420
459
-863
1274
769
-77
-759
-372
-106
896
-237
344
620
-1163
-50
487
149
215
78
-697
702
-776
-1409
1005
-104
-581
1723
-989
-335
-116
479
-1392
909
-176
-64
-147
-172
66
-425
-984
-179
222
-574
1420
-366
-9
1571
-972
-326
-98
-1043
1464
-1662
-481
-749
611
-839
32
-96
892
-324
-120
-851
-136
583
-220
-446
2255
-767
-182
-611
-384
-205
259
209
-694
1121
-1150
-1011
-546
471
-359
800
-379
1095
-28
1949
-1092
-544
1295
249
-504
-581
545
370
-259
190
324
-518
1254
-302
110
776
-12
-155
-183
-1114
-134
-160
912
-195
-251
765
182
155
-1145
-830
-251
-28
964
-149
192
290
-1488
1160
749
-804
-1174
-272
-442
-509
-757
811
-575
1347
-292
-226
457
-1265
-128
845
-185
-919
-653
13
-527
644
1051
386
-566
-145
-1388
-373
4
-203
453
-1296
-334
379
71
684
-152
146
272
-28
2851
-1254
172
455
-627
-581
-1328
1138
-1000
2085
-310
-609
-88
-558
1698
1669
-82
-1231
2585
-714
-96
-428
645
-1651
-242
589
717
-623
-18
-60
208
-956
1730
167
-489
-428
460
1301
-410
-2
-97
-972
814
-256
556
-2262
24
7
-671
82
-513
-440
51
-112
-256
958
-196
-319
-959
773
-98
-725
-183
-78
-41
-220
1341
28
-271
-863
-296
-340
-379
-1154
-741
-728
-575
-202
-1154
191
-799
743
-117
-437
-202
22
289
1071
354
-386
123
592
-208
316
414
757
107
-50
-354
978
110
-433
-547
215
-151
436
-211
864
-552
-101
-80
-304
1158
442
617
973
378
499
106
-61
249
706
-536
-225
-850
620
-481
500
-20
-348
-66
1544
612
-374
-149
-660
305
-10
315
457
353
-640
-667
916
-187
309
436
372
1293
-31
-598
196
650
373
438
-462
-44
-784
1070
59
922
-96
-643
-120
-92
625
-656
-484
-115
778
306
-236
145
823
444
381
-716
811
281
608
-22
-164
517
-72
-392
862
-388
-611
621
-125
-369
760
-510
-328
-70
-117
-581
-29
65
72
-191
-478
-790
481
-264
39
290
-112
344
415
443
-533
56
556
-672
-430
385
-110
19
-110
410
-61
908
245
574
517
1146
-602
183
-281
117
920
482
-245
-18
-181
628
-255
661
566
1184
-253
-50
-326
284
216
7
-869
541
-368
582
-809
225
692
-510
-639
-181
858
224
837
153
935
196
-202
613
513
486
234
-315
-429
-416
112
-384
-479
-357
563
115
-224
363
500
733
-154
84
-919
-513
45
1016
242
608
69
206
-119
46
498
324
728
133
267
-275
-306
685
625
240
-140
-619
708
-62
36
917
-273
311
-621
584
-98
102
-587
-312
-468
-390
-35
-140
-415
4
35
173
72
430
-395
-264
-700
-63
909
-575
111
227
-182
-10
-240
968
289
52
-457
720
-500
11
-168
428
682
-267
23
690
126
-293
535
-896
-417
452
-19
520
-306
1163
-53
684
127
209
-461
260
56
187
-610
-1063
-98
-891
148
-318
-111
686
713
6
213
-618
-335
-382
501
5
-24
610
182
158
-24
291
-495
-130
219
755
-763
-357
755
708
-525
282
365
-357
303
432
-451
104
282
-857
-258
379
430
165
-290
-1
1216
807
-16
611
19
-20
-1138
-129
282
-723
-639
152
-168
-437
516
62
410
-365
-483
272
-130
-362
223
93
-178
167
537
-6
56
-230
449
1333
634
255
-99
503
832
843
529
-855
1226
554
139
57
1231
-73
-38
-412
-291
79
14
-168
1110
-357
-1336
-678
564
244
-490
-615
-201
156
434
-567
-192
107
346
899
756
-517
-250
346
10
71
-158
-589
-193
-176
723
229
405
357
-170
-253
-696
195
-329
693
208
610
1045
383
339
131
338
-146
1035
-424
102
393
-246
-329
-138
189
-477
56
-642
455
52
401
16
-251
-848
-74
197
-314
1241
-196
-608
129
97
132
1026
578
-199
-426
-828
-110
254
973
1033
154
75
-236
781
-724
645
146
603
-265
-428
-220
491
-360
255
-361
609
-123
-384
384
-718
273
-949
134
-451
-57
725
246
1192
-360
1
-60
-395
-439
61
-29
581
-94
324
6
500
441
-361
219
295
154
68
-245
659
89
-478
-414
556
1342
789
151
960
-180
-127
-917
169
11
376
-35
-218
714
-332
526
-43
236
80
-296
201
15
-571
539
-89
894
547
321
579
813
-683
82
194
-357
-336
450
-203
641
-883
125
382
-663
419
14
-148
-31
-148
58
143
-386
1057
-824
142
-274
551
623
654
-447
-560
-463
-498
-160
262
433
430
-409
-117
89
-273
-13
324
-1310
-164
-773
657
-92
-190
575
141
108
-636
-332
-1053
1110
-644
39
604
-254
795
59
1064
-124
431
-284
469
73
763
-982
634
-696
-407
-620
-111
-510
-244
-264
-609
57
126
9
1059
-356
-238
589
311
-165
-549
-47
45
21
1206
-540
-204
748
903
482
625
508
578
-233
33
53
449
-444
-747
-227
369
-208
-74
-141
-465
-1036
200
-6
1227
20
-448
-696
35
-381
446
732
481
-48
-330
-685
-633
526
-379
-74
945
923
171
959
1160
1505
1185
742
823
1654
1757
913
593
417
284
354
298
661
1229
1173
906
-14
225
-270
542
468
1419
625
1089
1087
-272
917
931
1725
395
-406
599
578
1382
98
405
1075
336
1192
1434
1372
1473
313
1207
810
1145
2610
1775
659
1144
2034
606
588
691
835
-376
493
-431
213
533
258
1750
871
-87
232
1050
1128
1026
640
2173
1394
583
1139
1107
875
877
394
1180
807
1008
206
896
935
1146
1437
187
643
1551
1636
250
82
954
2026
1415
931
1562
663
496
1298
1456
1102
690
1185
523
768
804
813
1864
1014
382
1584
2257
1264
355
598
1401
300
178
1358
44
1144
-41
717
1284
-5
890
1121
1784
944
1270
1076
1059
1013
1129
1109
-28
652
1516
223
435
1945
1503
465
2149
1435
252
1511
2556
603
1177
1574
253
1481
707
371
1729
1332
1218
1744
1312
1401
2
554
824
1870
-123
-5
671
990
761
434
671
1203
370
-218
1198
1347
1094
1711
1038
154
355
471
875
604
1756
934
1319
482
285
301
32
934
1289
475
1572
1502
1849
869
864
954
1839
873
98
-73
175
429
100
977
2152
716
1412
1369
1278
970
403
851
649
558
1113
263
280
1650
696
1919
799
1237
1106
803
695
1098
-110
1028
-340
1388
1223
1100
389
1686
992
670
581
1614
1821
1186
820
231
753
1859
60
174
498
508
1209
954
1150
1604
1051
1302
606
587
113
-127
-64
826
1160
902
1990
698
799
1531
1235
179
250
513
780
-135
668
920
776
374
-607
5
700
-37
-625
852
844
617
-292
968
1247
488
1515
1208
1661
1205
939
1310
-38
1606
1123
277
-152
425
853
827
1614
1527
786
1445
2413
53
1291
2922
1053
978
561
2035
473
319
907
1707
1141
2716
1253
687
963
686
1723
1082
786
935
145
1453
1214
2120
2216
893
696
700
733
880
1114
634
2033
1547
328
1614
1583
1686
1291
1566
1984
92
903
989
327
35
459
496
109
935
1725
1127
2274
425
1331
1425
1131
643
613
678
298
1197
-197
1356
435
829
1278
1740
1675
899
307
602
1441
2120
1076
1227
821
664
1294
2101
1592
1635
69
709
729
726
1149
1087
-26
-353
508
410
1107
785
430
1849
1955
749
808
198
1429
2069
3472
1632
1057
350
-80
1073
267
638
331
899
1441
920
1176
53
-159
263
125
211
1050
1114
1373
1962
1538
914
929
435
251
-96
289
779
985
1163
1268
656
-772
1710
1525
1052
689
1308
1372
2381
1534
1126
417
17
1237
2163
1231
1715
577
599
750
518
1400
1539
1661
1399
1220
458
-754
171
304
856
1559
1273
844
-73
-335
677
2291
1293
181
578
-80
658
729
1143
534
1058
762
1000
211
-340
277
287
-467
-449
670
1295
26
-135
677
1388
1466
1230
1551
535
1293
1108
-111
407
1217
1110
699
937
937
731
1600
893
731
-488
446
470
-7
130
2089
1547
517
1617
544
745
266
90
839
667
1337
365
1193
-125
725
1506
684
1446
758
-7
-42
1032
1219
1306
1994
529
1081
1418
630
1457
460
824
1127
993
483
308
698
511
601
282
1461
1420
671
1155
132
1343
1332
530
127
1366
1604
-105
141
1426
2586
3837
1255
137
251
1240
579
389
1377
2087
2409
883
530
-129
754
746
-174
704
1829
741
1156
1036
1294
1302
1002
149
-87
72
1621
173
-524
1673
1544
-23
718
921
2452
604
1459
964
489
2209
463
680
69
1503
1058
1284
703
100
928
1536
1011
946
1699
881
650
373
1493
701
370
860
1345
704
873
581
272
298
223
1154
1261
1432
1349
1077
1076
682
1652
1262
489
677
57
1342
42
430
1323
693
38
522
1378
555
1444
470
2021
971
82
1779
291
1671
4
75
862
504
142
1244
79
204
508
96
496
2166
26
466
249
361
2439
598
1253
2202
356
1188
186
1079
127
512
1128
57
292
3278
417
141
731
475
90
93
1298
34
563
30
2885
54
17
1492
223
1168
33
1010
151
1349
80
920
306
2774
325
290
1504
441
181
865
1211
1421
271
1121
1049
338
212
2332
514
1236
66
1290
66
2104
230
906
258
2360
383
499
2268
383
157
59
1065
2526
522
715
21
2232
345
2309
234
902
83
1227
3
83
1416
599
26
319
64
8
104
920
2110
242
1201
738
412
141
926
788
5
1851
286
320
15
2085
585
46
122
1276
888
125
395
188
366
514
1857
323
1400
257
2246
253
222
1567
224
85
164
1266
143
546
281
1664
180
1271
580
100
628
191
2389
503
2171
101
673
434
122
1586
194
639
1139
54
412
1850
75
143
59
1650
634
88
23
106
973
301
525
952
415
2658
424
1418
110
722
26
1114
79
800
623
1505
416
1295
597
544
766
538
144
1122
477
362
376
3877
602
2828
106
150
188
2037
45
136
63
854
66
236
763
2072
161
79
2528
18
64
1343
179
97
148
1499
696
368
528
83
1448
956
161
1715
675
170
96
8
5037
852
1458
437
270
1045
341
1240
85
104
1632
306
740
1129
346
89
1586
11
27
353
593
607
66
279
2353
216
149
317
145
2330
343
237
691
97
448
45
2008
227
815
267
772
196
619
220
1721
1723
147
87
1114
1546
190
30
667
870
1369
369
1240
718
250
675
1363
316
147
1468
83
804
1215
194
1456
660
500
461
322
58
136
1007
1259
484
66
1729
277
398
1630
587
2545
213
713
552
49
911
1737
237
60
2135
27
55
979
713
741
304
2112
944
415
3995
489
850
414
463
2979
107
118
796
130
1982
83
1548
202
1385
1318
185
104
1202
1662
270
799
614
161
1581
200
822
274
1783
160
1465
179
672
184
1602
121
1685
123
37
720
1124
318
1018
727
99
406
228
324
485
30
31
57
3354
614
854
1155
1352
218
665
1538
70
89
12
950
603
93
1590
109
1760
184
213
5
179
810
1026
244
2288
194
140
1479
243
186
20
1397
204
1932
199
73
1388
38
641
468
1101
176
1050
1476
252
1090
9
50
1055
1231
180
1759
182
1638
502
1107
945
200
889
74
1617
283
2867
77
1149
218
1036
42
286
789
345
95
1400
1557
271
807
243
1383
1085
227
2898
307
1020
436
1492
202
1280
262
938
803
11
406
72
551
59
1095
266
2054
425
2560
230
1281
1520
384
1458
166
585
1486
634
33
685
67
525
1347
192
721
513
71
64
34
41
2391
351
1046
336
75
18
1462
97
581
656
29
642
1107
271
826
294
196
1854
10
330
43
49
1086
165
725
1239
7
338
10
342
705
601
224
1606
96
51
827
719
537
446
434
820
256
166
421
347
1238
1827
81
887
41
133
1023
785
51
764
179
4593
443
2
427
194
2100
231
1937
422
2921
403
387
197
38
2988
119
501
377
1500
407
2064
378
2108
452
1410
317
107
366
11
1002
513
2
84
2637
442
857
98
174
765
128
3406
593
2249
218
2475
333
1096
223
221
1612
152
568
328
329
126
1610
78
1738
235
522
71
127
1995
83
1521
366
2292
308
3688
873
1448
1375
226
900
617
367
101
1532
39
1333
132
811
533
758
324
-206
-198
-228
-68
220
-464
-345
-193
-131
-520
-102
-240
-334
-56
-38
-356
173
-592
-539
-267
-478
-316
-440
83
-69
76
1132
-111
-78
371
495
-299
-30
-69
-381
-177
65
-121
-145
-376
-355
-443
1882
-62
-361
-27
547
-253
-377
-484
-510
-147
-304
-7
-416
-175
-287
717
1619
1247
1289
-379
-104
-180
1215
1024
-179
1267
-206
-44
47
-75
-466
1660
-545
925
536
-41
-216
337
-132
166
-354
-176
-748
-519
-173
1584
-80
394
512
-474
689
-216
-456
-20
-206
-60
2000
-492
-208
-494
-131
1476
-467
-575
-142
-94
2289
2470
-488
-199
-594
-338
-458
-623
-7
-457
935
125
820
-219
-476
455
1544
1967
229
-239
-318
-111
955
164
13
-146
-180
-363
2137
663
-25
2333
-198
-70
-718
-75
7
888
2860
934
-67
-51
-426
-168
-452
-300
-543
-229
-41
129
1979
-14
-108
-79
1216
-287
208
-314
-565
-235
-947
-534
-272
-188
-498
-52
2078
-149
3512
2026
2323
-16
468
68
963
242
-168
-59
90
-95
-577
189
1103
2429
35
-36
-56
-76
-260
-716
-149
-81
-850
-222
-96
-424
-539
-264
-287
567
-391
-348
-56
962
1792
878
-287
-97
-414
-557
1042
206
-319
-174
-565
-45
1421
1504
349
183
1360
-277
1743
-193
620
1644
260
-168
-33
-363
-72
799
-219
1229
-69
-412
1735
826
-176
-65
-477
-177
203
-40
-324
2216
-375
156
188
-95
-45
931
-145
-561
339
-191
-236
1089
-201
-377
-20
-507
421
773
2066
-42
-185
-130
2259
-313
-219
-26
339
970
-75
-564
-96
-35
-285
28
773
-220
429
1141
839
2271
1535
-230
-812
-138
623
942
278
-173
207
-283
677
-441
-233
1950
-34
-474
-167
-305
-93
242
649
1153
-62
-635
-145
-193
2464
-36
-413
-119
-388
-29
-122
-49
-360
-996
-219
-598
-137
2105
1583
2170
-168
-417
-7
-183
-253
1965
-94
-683
-526
-102
-237
-696
992
-43
-205
-355
-36
1113
-256
2623
1567
-75
-85
-468
-82
-176
-430
-35
660
-150
-233
-157
-91
-146
-47
-113
-13
-164
-289
85
-459
1233
1707
-361
-168
199
-311
-103
-152
1181
306
-51
-131
-157
-2
-405
393
-371
-224
-39
193
-453
-21
-191
520
-41
-338
-312
-485
-368
-89
1653
-94
-97
382
-56
-463
-22
1171
-20
1621
1997
-281
-130
-537
260
-255
-371
1165
-410
-205
346
-132
-113
-34
-133
677
-154
187
-43
-56
-219
-566
-64
-560
-271
-328
2112
1437
-401
-471
1070
-338
-112
-7
645
-353
161
-93
-257
-194
-92
-155
-14
-274
-275
-222
252
1596
-91
159
-82
-75
1884
1151
-66
-145
-213
820
-511
183
154
-10
-223
1531
-26
298
755
388
-194
-317
-190
-238
-518
1535
-94
-8
396
1012
-284
-304
-402
-128
338
1923
1277
-70
1832
-232
-43
407
-350
697
559
1823
-80
-358
-198
-28
-131
-136
425
-23
1583
805
-474
-17
-791
-705
-398
419
-68
-240
-102
-195
-233
268
201
-96
-34
-754
-176
56
95
-221
-195
-243
-374
469
2849
-191
-193
2178
-128
-265
-50
-166
-297
-586
2455
-40
51
-32
493
4043
1739
-113
256
-73
399
691
712
-425
-330
-568
1054
-8
791
-6
-572
-284
1372
2972
-286
-391
319
-559
-31
-150
-658
-287
-494
1497
522
-123
-481
927
-259
830
-57
-842
-758
-30
2392
-166
-252
-339
-148
-117
-487
-69
-411
-386
1400
1789
-285
-217
-220
-320
-101
-162
-26
26
-94
-89
-592
-140
-1
-257
-2
-161
739
1939
888
1084
505
998
-295
-414
-776
-317
-494
-15
477
-101
-286
-86
-158
-53
3135
-336
-160
1219
-125
-27
-354
-248
-15
-68
-131
-380
-500
-162
-44
1574
2806
1624
1503
238
2225
-30
-18
-534
-599
-219
-2024
-835
-2643
-886
-935
-661
-293
-1967
-1243
82
-850
-2056
279
-2354
-632
-492
-963
-129
-716
-2225
-1751
-872
-1356
-2073
-727
1052
2127
-2035
827
-1024
-1144
814
-2132
171
174
-251
-1094
897
-385
741
-1148
-682
-680
-836
969
-1963
-2111
551
-2496
971
-2436
-580
-152
633
9
95
1821
-1180
347
-416
-1041
-398
-89
-3896
117
-532
-1412
-1239
677
221
-700
568
-168
-927
-2225
260
-2068
6
-1302
1405
-3059
-1414
-1622
395
-631
-29
21
-700
1140
-2287
43
699
538
952
-429
-2779
-685
-893
449
1337
-1390
354
-2341
267
1414
-1038
464
-311
862
1252
-545
-1196
-423
431
-871
-926
-194
1361
-1007
1107
-1093
451
-352
-804
761
-112
1099
-183
-848
-539
-332
-836
-1537
-715
-76
-1650
-541
-2008
-466
-1365
-576
-2077
-2033
-2579
656
-772
-218
-320
-1145
-770
-1979
-1984
376
-347
-119
-2489
742
-2629
656
703
326
-861
2318
-1804
-44
193
402
501
-849
-1527
584
-2420
2575
-2415
151
-113
-1940
-752
1223
900
-558
-785
501
-2632
-425
976
-2419
401
-405
-2332
-840
-1347
-475
103
-28
-1975
-774
370
38
410
591
588
-794
-951
-814
1007
-1260
220
-1273
-2512
-813
250
-2683
2206
-1928
943
-1257
-1183
-748
1965
-892
-542
-2678
-1898
-1860
493
449
-1204
-3
-533
-801
-267
-2631
1739
1766
-2452
3125
-2847
-420
-2055
-737
-291
-480
-511
-327
560
1772
145
-604
-635
-1125
62
-1495
-2289
-101
-446
-1880
141
-2570
-1444
-523
-1452
-219
1105
-954
-598
-1541
276
-2380
-1686
-620
-752
-1526
1280
-1684
-133
638
941
-2056
1242
213
-995
545
-1928
240
-20
176
-747
-2
-504
1217
-1067
952
591
127
-706
636
-398
-2348
824
-428
-638
-224
467
-1126
-2180
281
244
524
-1586
-76
-2406
-2009
1465
-653
-1576
-70
726
-1127
-673
-1023
-1778
-743
-549
240
646
294
-797
-2230
1024
-3205
-1145
-3657
532
1059
-610
611
-555
-1100
430
-1000
-2067
1121
-1168
-1506
646
-425
-324
-1442
-1119
-2877
1673
719
-2
-1622
610
823
459
-3743
2124
-1921
-282
-535
-1704
-1874
897
-930
-1321
-840
-27
-1252
323
-1007
-1112
1097
-1688
-2043
-850
844
-3001
-176
-883
1047
-1337
605
1070
-178
603
-800
-551
904
-428
1194
-55
-558
-1573
922
-374
866
-727
1199
-2305
-405
-459
-544
1841
-475
-1856
-1141
-841
-455
-639
-92
-1406
600
-1981
-389
-575
-1714
-399
-621
777
-1014
38
-2366
-1031
769
-1608
-1349
-748
-1030
-80
-1478
1755
39
-169
274
-1907
-2477
-1668
-1146
-995
-108
528
-796
192
-330
-2455
2089
155
-1803
1645
-887
266
-188
-1781
-373
-1795
-1244
-1311
531
-101
491
1802
595
1668
-1344
-615
209
-454
-550
-241
256
-866
-751
-1959
-464
811
-1186
640
-875
-1056
1515
-1524
-2218
1552
-2212
-113
794
-2141
-1160
1060
-450
830
-71
-1441
-2437
619
-925
1366
729
-559
-646
-2645
-663
-426
-1296
-318
-923
192
-368
814
-2066
691
-1795
-1489
-10
-1836
-3064
789
2064
-1414
-303
-1017
-1062
-873
825
-3142
710
-165
-1201
1963
-1896
113
962
-141
-2208
-97
1167
-2137
2197
-2188
-1826
1270
-1231
607
20
-1780
1061
474
890
730
-671
-1805
-1772
-637
-1051
-46
-2594
-43
-1424
-564
1241
-691
-38
1765
-1384
-997
-1451
-237
-226
-708
-465
152
-576
-1864
-2208
-215
334
-707
782
-695
830
-1881
638
-843
-1192
85
191
-579
807
-68
1222
1105
21
175
-2232
-2107
-2193
980
799
-591
-437
-2496
-436
-2014
-2118
1184
-3561
1820
-1085
-871
-2147
-3384
-579
-483
-1566
-1662
-3282
175
-300
74
-361
-155
-674
-109
-279
985
-357
844
-1190
-1618
752
239
333
-889
312
430
-2440
-933
-1076
67
-2237
72
-3123
-752
797
-502
-169
-962
-372
725
-450
-85
-141
-599
-837
-156
-870
-2293
561
3179
-327
-203
504
557
357
45
944
402
-1198
-1247
746
1142
341
748
1155
1632
1283
323
146
1494
564
461
6
565
76
549
446
1696
1237
438
437
443
478
440
237
2363
840
771
294
1088
2985
6071
375
2186
3329
1052
2208
3114
407
2232
1831
891
3035
3336
3897
5262
4626
1608
1036
208
1478
2449
3059
1729
782
247
2431
2414
2212
762
1009
2827
1820
2025
2013
20
24
1035
5379
5808
962
2304
881
604
2301
1007
1625
461
2158
2241
3417
2649
469
1909
1381
2761
151
3852
231
157
636
2582
1350
2564
1170
1518
1939
1574
1963
4302
1518
1057
1735
844
1638
5247
4107
1392
16
5316
4050
5749
306
65
533
1268
893
3424
1312
2398
868
66
109
1051
1401
2245
62
654
632
5811
3530
3921
444
329
2669
440
1294
3866
1674
743
6146
1145
3398
919
143
1452
817
419
348
2777
3538
971
2241
390
1163
1981
912
949
3061
1553
2965
992
3118
280
91
1446
5284
3250
277
3141
1677
2647
2917
1758
1572
3737
3809
9806
2476
3186
459
2605
97
1025
155
2633
2125
1618
185
1981
2051
450
765
1850
1440
2021
1103
1473
1772
2616
2231
742
3229
1435
908
623
1649
1676
1978
1090
381
1043
2322
599
3189
3533
861
712
1578
2521
2174
2201
2262
1519
1975
1994
2357
2148
362
1236
1660
2055
876
389
408
1928
2210
938
2443
2589
1057
5892
1778
2419
2522
1780
1651
1438
658
1941
1868
2801
1078
894
940
1360
2676
1448
1292
3448
464
1244
426
1062
415
4362
560
1816
1865
2199
1068
3386
2317
2875
1334
1775
2083
4531
2565
892
2270
1936
34
279
53
82
3005
502
29
164
1606
1927
198
135
7258
1974
2118
264
399
2940
1512
273
3765
782
1397
3969
152
2392
1928
494
4194
701
428
954
2784
2319
483
2378
2088
1422
735
6954
995
2290
2572
783
563
1604
1539
816
4014
228
3370
2058
4420
2328
1950
831
3911
1917
1201
2017
1156
2026
834
1455
1351
600
568
1658
1090
410
1315
1541
6591
744
2344
4319
1649
1769
1098
1343
3133
236
997
2327
1942
223
4444
1087
2708
1129
3559
2247
681
2888
1226
1704
3071
3325
1360
208
48
372
1159
3001
281
127
1964
196
2589
524
4288
1994
1591
785
1298
1968
5173
356
717
656
1212
179
305
1365
202
2254
763
2709
1178
1122
279
1752
3640
146
2091
90
4537
1119
236
1217
576
1015
3471
3856
839
1368
8599
1637
911
2184
889
2572
2304
1654
565
1155
1692
2562
4216
129
1540
1451
399
1820
205
7027
1190
2117
69
680
1821
1917
2148
751
90
1691
1200
123
1381
593
65
770
1041
1663
733
2040
2500
307
388
3740
471
1538
4051
1598
309
1445
1552
3433
1314
527
1900
945
1119
2244
2773
1313
1152
1645
80
1255
1432
1391
2676
2513
11
1083
1032
1699
3363
2091
540
786
358
1410
2441
279
1267
165
1777
1467
977
1516
1575
452
2690
1110
3017
797
2651
3199
5142
1332
831
1687
1250
3205
109
49
839
1681
949
2416
4066
3424
4016
4343
3943
1828
3100
1591
632
52
484
2310
1874
222
318
476
2797
593
1116
1901
1244
1817
1227
195
7
1787
405
7342
295
361
2650
368
624
2358
1864
722
1603
2067
4062
2185
4238
2482
1616
5826
5233
5023
260
1713
1549
2172
3055
283
229
435
1517
789
1743
2193
593
2890
883
1326
233
351
662
2582
1666
2409
863
3715
5433
197
622
1468
400
353
2149
3737
1820
1152
1955
1492
3649
1524
246
1234
974
3067
2959
997
445
5657
2739
3643
1123
6333
5371
2945
4816
542
1534
1635
163
4671
362
2708
1599
91
3035
3599
790
4221
4463
151
941
3412
1053
3542
3578
2477
482
4391
1071
1394
1741
7354
3214
1950
1336
3081
1413
414
4309
46
487
2878
2301
4356
84
-99
-158
37
-17
-76
-120
-195
-128
-88
-218
-132
-16
-41
-15
-168
-10
-77
-105
-145
-159
-94
-120
-22
859
64
-37
-109
-159
67
45
-103
-176
-144
-233
500
-119
510
605
730
1061
865
265
-37
550
298
627
-268
220
-7
282
99
-194
-93
20
-44
-70
134
215
-158
-5
-70
97
-39
-213
587
334
19
253
-87
31
-185
-72
-70
-171
-33
-128
-93
-119
-184
-35
570
677
25
-70
27
11
-35
-177
-44
533
337
492
98
130
88
599
87
-197
-123
-144
-23
-44
-38
328
477
709
-26
545
-34
-22
147
7
-54
131
103
-15
-102
-72
109
-72
519
56
148
-136
-80
20
993
440
367
925
101
133
557
526
-42
601
-29
-88
-144
-10
298
245
37
-22
160
-92
15
-81
189
-118
257
-157
-48
-78
-30
190
-31
-49
-100
-157
-131
256
-166
-100
-24
737
1267
241
994
417
-25
73
136
200
-126
-42
144
-59
-51
-39
-25
-59
-59
-89
393
113
128
1037
226
-179
301
-112
366
832
163
62
-169
1020
-94
334
936
967
-74
592
854
-76
-113
686
105
-51
317
261
75
-72
1730
763
41
165
-43
141
21
172
-73
498
-256
-70
-26
-190
-27
-17
335
566
-222
-70
-247
416
276
1161
-3
552
290
146
-80
255
-138
-71
182
68
31
537
120
622
-26
-234
378
60
1010
806
449
365
157
-29
-101
-65
143
143
827
646
94
-71
771
242
-1
-4
-24
689
118
128
19
281
182
78
94
1219
621
265
1139
707
604
959
-180
-165
456
327
615
458
209
42
353
-101
-166
-46
-18
206
-85
107
511
-106
60
208
538
222
-250
-176
596
-80
-165
180
189
415
-76
-143
288
-32
414
217
-108
201
293
-75
307
982
-217
455
-140
155
8
-224
1099
830
34
-75
26
336
698
522
-102
455
65
19
-132
134
-61
-102
-245
-92
153
-7
134
722
-48
-27
-78
297
39
-107
198
-138
-167
61
-166
-62
288
-176
-154
-9
1015
283
-70
715
417
-215
71
-27
-14
72
-176
-25
756
230
-205
108
-81
293
-173
-65
-74
336
-266
170
-47
77
113
-179
365
350
29
568
224
341
-81
-78
-16
348
-203
688
398
-50
-97
-149
360
-137
-8
386
89
105
-81
-13
-60
-234
52
-98
-82
145
623
677
211
297
372
434
104
383
191
169
-173
379
483
354
456
343
23
-197
-37
517
620
-70
-160
17
-17
35
-60
-195
-70
-61
-126
1003
-87
521
478
-207
40
673
173
-46
85
-52
-209
-143
178
187
-73
-81
-36
200
217
-222
56
137
-31
410
-165
-7
755
550
224
-68
-65
-39
142
40
-67
-45
27
-132
76
255
363
665
-17
-72
-135
-192
-214
-129
28
-25
-1
52
709
-83
185
172
68
1302
747
68
-96
-183
574
-17
92
6
430
212
184
35
656
-80
193
-270
-199
572
-8
-4
76
-11
228
-160
-245
152
445
-156
150
-115
401
117
423
-125
63
110
101
-130
67
482
-5
-33
86
-110
319
1138
818
167
760
-44
-131
32
-19
821
191
154
183
142
829
626
851
82
-181
514
185
-32
119
-95
-60
111
-95
370
2497
303
240
-65
-57
778
1550
216
-142
748
373
368
20
-20
189
169
542
1259
278
487
612
1360
780
-88
14
99
598
24
356
-155
-208
268
-273
-112
-211
148
-255
77
188
91
286
-52
-78
421
74
32
1190
-144
240
-98
978
561
148
735
1051
1607
947
1126
515
333
101
113
822
352
214
527
215
366
312
230
232
1320
531
1124
1064
2126
585
-54
2250
1808
1457
4092
2438
-21
7082
3736
3826
586
-61
1688
4136
2452
614
1665
1451
1566
2479
-112
-86
2105
3801
4320
5473
3175
1602
3039
1545
1494
2781
1411
5130
4362
656
3169
5357
1895
2370
2711
827
2382
5196
5328
2695
279
2860
2782
8730
3754
6015
4102
2443
5465
4424
3414
875
703
2208
2569
4303
1423
7667
3012
510
3963
1514
2657
6857
3340
2233
1948
7580
5212
6096
4404
5736
6178
2271
1540
2788
2026
3911
5244
2403
2329
3261
4780
2175
3839
4952
3463
3521
3650
5901
4649
5671
3162
3445
4829
1768
5154
6427
3494
2971
4807
12144
6240
1906
5132
5352
3806
4716
5452
9069
2948
4210
2192
6045
4815
1424
2459
2007
6408
5884
1720
3712
2709
1697
4125
4609
2190
4700
3253
6801
3034
7611
4833
3883
3356
5158
1172
3221
7457
3836
2373
1320
1343
2955
1471
2507
2051
1475
3672
5919
5086
3192
5789
2397
7539
4549
3725
3927
4436
7300
3634
3946
4983
1213
910
3010
1563
1454
2791
5019
2239
836
4118
2300
4395
2449
4271
7292
6382
1520
1734
2990
3668
5595
3031
7084
4433
3794
2614
1536
4352
2528
4476
4702
4537
1474
1748
792
777
698
2763
6583
1622
2138
4350
5896
3082
7570
960
3118
869
1975
2668
1833
3699
2482
4602
5162
663
2120
5679
4122
1657
5148
2737
5473
11058
2539
3559
2384
1873
5514
4615
5588
4085
1465
2942
1923
5966
4018
6670
1218
77
7358
2372
2184
1791
2562
3440
3913
2204
6884
6264
2111
2026
2778
8131
4163
2304
1417
2779
3260
2937
2402
4314
5467
807
2447
4229
3730
5270
1674
5301
7860
2375
1718
3751
4932
6749
8135
5509
4264
6538
3172
6506
5237
6900
4534
4432
2383
3846
1377
1468
1338
5363
4141
3198
193
5872
5583
4713
3972
2348
3096
1586
2829
4077
605
5502
4057
2580
2441
5699
6595
5292
994
7570
3851
5747
4712
7699
3477
2384
3854
2194
1210
4676
2290
5365
7133
2679
5698
3001
597
7970
3643
4900
7641
3555
3435
1841
2851
1072
1280
6367
4285
5546
4517
2395
3333
550
3031
5894
5430
4175
659
1570
1794
529
2257
5446
6208
2221
1868
4437
457
5219
2937
3987
1537
9393
8231
3587
5720
3035
4187
3598
6770
3030
2730
2590
3148
3939
6029
5156
4200
4297
2423
6923
3119
4861
2004
5868
3532
2395
1138
3515
4264
5206
2647
2791
4574
1413
4165
2004
2521
6582
2864
3499
5474
102
3830
5968
6023
6602
2111
5213
699
4359
7072
3137
8496
1427
2253
1413
4159
271
5126
5277
1967
8205
2558
3181
2256
4161
3841
2879
6657
4073
5777
2975
2793
1988
4516
1370
4583
6584
6242
3481
4176
1614
1750
3297
5073
4094
5432
5691
3385
4235
1962
1793
7127
2974
2178
2892
7616
2182
887
1513
5030
3129
4149
1694
3176
3670
778
2245
6464
3451
8393
4428
2148
2517
4323
5182
1466
3992
4447
4230
3095
2487
666
3343
5684
1706
1323
268
4086
4220
241
785
3274
8294
8193
2443
6702
5326
4642
4897
2640
3400
2629
6574
3395
5191
2122
5480
580
4995
3468
3692
2768
4202
5351
1958
2223
3117
879
2530
4767
4051
3472
5455
5104
2107
2981
4833
3967
5949
4820
8334
6726
4145
6513
820
4434
4109
4227
-48
4741
4022
5496
5726
6479
6680
2189
2889
5244
2930
4421
2917
1463
3270
1331
2050
7244
5196
3384
1353
1291
11155
6485
733
3976
1249
2448
4810
2565
941
1680
2542
5988
869
5030
7596
6739
4679
4691
1854
2223
1421
948
4700
2869
3794
719
2310
3530
1177
3443
4592
5228
2627
5507
2436
830
3691
5412
6773
2411
5236
4472
8645
2427
6468
1756
4269
7318
3466
3993
3814
8870
1680
1694
3800
6003
2188
2114
3996
3942
2125
4755
831
1178
1292
5916
4640
2882
5880
4657
2192
1835
1449
2019
3445
3003
1575
-30
1170
5511
4708
2645
4084
3875
4260
4298
1553
8067
2260
3412
2658
4946
2856
1822
1888
17
717
827
3981
1372
9
2736
8
304
2234
3334
1122
95
11
396
1931
97
498
622
768
780
12
127
1672
509
60
579
608
411
520
973
139
2812
250
1460
4247
944
784
3885
1143
960
21
979
153
1080
1819
859
1413
2506
1111
4380
75
251
332
2415
240
73
590
1891
673
640
509
347
693
1309
909
3218
397
35
3290
239
237
307
182
712
520
1334
746
49
49
660
320
3031
1070
566
393
1179
515
4866
1154
160
667
224
1137
1074
193
800
145
588
448
730
220
2808
374
320
645
722
2163
333
1494
992
888
170
11
844
101
1017
649
423
0
135
1302
382
339
412
209
655
475
62
63
168
1672
4786
471
558
304
203
1335
720
162
22
566
202
56
109
31
649
1540
1883
1826
1556
394
1584
1549
1968
1832
2163
2930
225
1016
2713
3252
915
2518
1264
1626
1064
1606
284
510
2625
217
304
2317
1613
531
466
1202
649
40
930
2116
1639
146
243
1359
1873
1640
3248
293
42
2030
1981
699
250
980
633
95
146
709
1242
4293
306
545
1096
2025
363
537
236
1045
503
2569
1365
1339
1006
403
462
452
41
914
2032
1222
571
2
5644
598
175
130
2179
914
134
562
1131
1798
1598
231
1765
557
886
955
477
391
509
3442
458
1478
17
1971
138
4231
2242
544
2016
454
1610
2575
276
1122
1557
1051
9
179
302
456
256
1878
618
918
2474
373
609
2204
726
328
1914
1545
185
62
175
1703
3214
905
390
423
86
1754
140
916
670
817
1275
24
244
1097
1099
109
354
2584
2623
424
1674
1783
322
29
232
1147
1055
70
2110
539
2194
744
888
1585
159
1889
1592
761
1745
987
127
87
2391
3638
160
304
2990
153
533
944
406
63
4650
476
476
1779
904
725
2104
1355
94
2216
654
1445
2423
2287
282
378
33
3491
381
624
48
720
80
223
177
356
3559
403
594
1273
1072
548
163
306
100
329
193
717
974
420
1099
242
492
2459
457
327
472
937
2140
3205
312
455
1601
236
773
2434
448
131
705
696
481
79
1161
1027
1754
915
136
1209
1357
1176
93
290
397
2634
130
132
13
284
1697
6
838
173
1421
537
401
2606
833
267
255
2559
2045
95
905
2087
3233
1060
1015
335
1131
3001
733
110
51
1359
1448
662
192
476
299
275
159
162
564
2424
787
512
220
602
954
1244
1213
342
1218
1398
2437
961
952
1636
236
1536
354
407
1745
1534
1704
1898
1361
1768
1416
645
527
969
2340
534
38
1022
2558
220
185
779
1072
1056
455
1313
559
798
936
2085
242
2213
374
252
1175
1767
1876
19
435
137
8
1062
833
638
544
427
622
843
604
647
1432
687
1761
789
987
320
1942
1050
1310
13
2625
1374
1370
930
1065
580
3496
369
1420
29
471
394
2462
1655
3136
5026
1706
1124
374
2776
525
155
171
1297
1542
897
3307
1163
1535
902
422
843
451
589
1106
472
42
1834
2673
391
1488
104
1468
1274
92
305
2650
315
1267
2832
114
1630
96
3146
753
173
994
791
443
437
1222
8
121
307
790
470
1173
154
2098
154
3703
2383
664
7
1243
647
1316
226
2093
964
281
664
265
799
18
850
2352
669
440
789
116
268
1014
2083
565
414
2579
792
809
450
734
1204
1951
2222
446
680
933
653
245
1278
2159
817
127
60
1623
793
254
497
236
1767
1537
198
3424
469
164
85
989
798
1995
774
84
97
3472
97
41
119
404
1542
573
408
47
79
836
1901
1886
314
886
1167
346
655
187
-503
34
306
2120
2161
1475
781
1781
-5
242
586
1276
-638
-138
-128
589
-70
-477
113
-246
-211
-70
690
626
-856
-270
-447
-363
356
-149
1474
162
-38
-345
-558
514
-509
1163
80
329
-101
378
1181
380
-426
730
1375
529
-73
1587
2225
-40
1669
87
-299
1792
1457
590
-503
-424
1083
-82
1329
882
-87
-96
1683
2597
514
-488
374
4105
-382
1036
2174
221
1415
397
504
987
1309
-262
-136
704
256
2815
139
1334
936
-169
-262
1698
174
-391
1232
216
-556
861
782
435
183
302
61
494
919
1148
769
-146
-321
-265
267
486
907
-88
4656
1074
-120
-665
371
84
-859
694
-748
487
305
516
526
-403
1869
-425
980
-489
918
1023
1940
514
1784
1445
2021
2039
-151
1435
-249
1022
-715
685
-385
-60
-113
1405
-236
-225
1277
-62
-501
643
1529
-938
38
1031
61
-922
1258
434
-62
1813
659
-57
-674
-40
553
577
901
3217
-154
-338
246
-202
-440
-872
1718
-361
-580
435
-614
-14
-378
-269
1114
-317
34
776
-611
2342
1524
-501
-393
1268
-312
1315
-375
-92
-361
-128
1798
-126
704
1211
435
1720
1397
-705
583
-880
1754
1722
-803
-469
86
264
-182
84
-488
-409
1070
1959
-148
-143
127
1033
172
1655
-446
-403
-65
1293
267
-463
1043
361
-234
453
1134
1008
2300
835
22
2025
395
3765
794
2072
561
353
-336
2107
2418
1008
1035
708
-567
2606
1293
1378
-794
1667
546
504
1037
1214
-488
808
-393
-351
687
-68
236
-180
-22
82
969
684
1017
-31
242
-412
5
2191
-379
1005
-235
617
289
4
213
-94
1974
1002
-384
-577
-182
-679
1273
725
1120
274
437
480
1928
-368
384
154
-885
1587
-12
1983
-332
1112
1667
226
1625
1379
2655
1354
213
1069
716
-171
1889
1116
-1
22
361
-200
2040
889
-587
87
928
2850
2059
-313
1634
1950
929
828
188
1181
70
611
-159
18
937
-205
3931
788
-65
-196
581
534
-700
-345
2080
946
721
564
-294
1095
2408
-46
997
318
1759
-66
-191
343
1004
793
-94
-417
3286
933
394
1936
-283
222
2057
1226
441
1257
-342
139
746
-161
-465
455
389
150
9
360
1002
-26
570
1986
2421
1703
-116
1215
-765
1528
188
1448
2325
103
-78
-438
-422
-38
613
1569
2991
-384
3157
1824
556
-447
-279
3812
-245
150
850
-48
-367
621
-167
1108
745
243
995
1109
24
2587
-539
695
631
921
-357
1239
-586
781
52
-49
-527
377
538
-707
-761
1240
1000
16
371
1902
2277
1481
-423
-311
777
81
-46
454
2217
2036
950
2553
561
357
150
908
628
24
-849
1129
-446
1092
968
1320
-102
227
1751
2478
903
901
1387
1367
514
-649
-221
1733
2074
-381
938
221
91
321
-592
1876
1412
498
-165
-30
-863
-385
202
1022
2933
-313
-96
1855
281
468
230
-286
1076
698
1885
258
215
-290
-290
1463
347
1462
-757
942
1123
415
626
-135
1024
142
-203
-472
1259
-589
-659
292
-71
1810
754
1134
3425
-32
-874
828
1433
1243
-719
-170
-51
1019
1661
66
43
170
391
-567
-306
283
3902
1182
-76
1163
276
1418
1742
-153
-734
1120
1372
418
335
336
263
687
1061
751
-109
-186
131
2380
533
-380
2853
503
-662
1026
1404
1377
-75
-276
-221
1546
-94
1335
148
2208
689
-192
-449
-44
1016
1822
-246
3318
1000
2773
1476
15
-405
-265
1269
626
160
-161
-638
-231
1146
125
2199
-48
1850
108
694
4796
826
467
-617
946
229
671
984
184
812
-334
-386
1412
152
259
-610
820
965
1560
1136
-679
-123
672
1496
3335
1429
2620
1164
-55
-311
803
230
1617
875
79
1222
-205
2102
47
877
1157
816
548
-271
-128
340
-61
1476
-33
152
-12
-229
1010
537
331
780
588
897
856
783
864
1113
1077
-150
-338
-291
149
1297
747
-171
-464
629
-161
-655
-135
260
-279
579
-104
-379
288
-162
-365
-397
-471
-98
650
-21
864
1086
-68
-137
381
75
680
810
561
-156
705
1370
144
-24
-2
1388
533
1386
-181
-740
344
-42
-78
675
1081
687
1281
724
698
-32
-214
-7
195
1809
321
126
298
-163
303
1197
676
1064
-357
1606
974
1231
-95
-102
172
184
-545
206
1426
-9
1339
803
-18
1114
-106
-84
-514
-18
776
667
1384
-94
934
581
233
1260
661
113
1022
-346
1512
385
701
-18
-603
-154
-569
-254
113
645
95
1011
505
1169
-399
281
959
-663
-100
772
693
1065
-87
1386
-329
327
423
3
1457
1302
128
-193
149
1711
872
-240
394
172
-143
-233
-90
-197
1124
-538
-186
680
295
364
-142
708
-109
-409
1166
-476
-472
-536
-581
-88
-60
10
760
-509
855
1352
1263
-698
-55
1184
-152
-52
-184
-137
-77
36
-32
126
-98
-120
-81
1086
1180
628
32
1663
974
350
76
134
659
-84
582
821
-40
1332
589
765
93
1076
-766
-239
1153
1413
290
-238
80
276
298
-8
-230
754
-62
-182
-22
-66
1198
766
-125
-120
-34
-144
1427
-24
-11
-16
-499
132
712
65
618
-196
727
1357
203
760
1038
1224
201
-241
123
-46
596
364
-454
529
976
-560
-24
553
-243
758
697
1086
-4
1604
-67
-171
-221
615
884
-36
962
2025
822
-298
48
-54
-16
1247
551
222
1022
-221
67
-156
57
359
-244
-111
832
482
104
-24
697
989
884
-249
-174
-107
-28
1025
408
868
159
298
-184
-15
1123
1341
170
803
804
-122
311
-338
563
-18
840
-426
1170
330
928
-340
1307
-277
391
212
699
-30
919
-93
-184
-635
108
307
827
217
-158
537
35
47
-13
-24
1518
-143
161
-682
689
-115
-67
172
654
952
1031
1150
81
687
820
-125
-14
-137
1412
357
-60
1367
-476
-181
1092
-5
53
1341
214
1283
-29
-226
-154
791
784
1308
1533
-181
-88
1525
107
-12
994
-232
771
284
631
1157
554
1255
1187
1188
1435
157
-111
-217
1217
723
387
-202
1493
-489
-218
226
687
1344
344
-373
-93
-378
682
-229
-51
-403
-187
1116
486
-37
380
433
248
-289
-407
452
-143
-80
994
444
-116
-12
902
-390
-549
-113
-13
1280
-103
1319
-78
-5
-242
940
655
472
935
-91
579
1122
865
304
-2
-146
1272
519
1097
-80
-164
452
-357
411
163
341
895
335
220
-12
1262
661
1025
-33
-238
-91
-431
114
1373
552
595
-98
-402
-91
-256
48
-177
71
-380
-152
-199
254
600
995
987
577
472
637
-24
20
-336
622
305
-440
1614
-201
357
605
622
1171
1133
-698
-142
1050
757
524
306
706
1094
1240
-16
-119
-68
54
460
1235
-540
-364
297
-233
1092
-26
-226
818
-62
-126
699
-32
-10
250
768
-342
-71
915
1537
205
646
1235
1
1394
55
913
392
-29
-261
-91
801
984
1146
898
445
-23
-150
-106
623
-323
-333
-138
-159
986
-40
560
-88
42
-180
328
926
660
-4
1181
-197
-53
-126
646
490
825
-149
-104
-1
-131
731
629
696
-468
734
-56
-451
1256
302
1517
-122
883
721
221
1156
1650
147
-91
717
1187
1431
-22
1461
439
-81
1000
590
569
449
269
1301
-108
528
-8
-278
1001
-77
64
698
-68
-72
293
582
404
-762
397
683
-148
-108
-133
-106
1229
586
598
168
448
-73
264
-351
-377
-232
-11
764
-61
453
-227
-8
565
435
-225
619
3363
3623
2852
9458
5594
5272
4051
5042
5254
4578
2666
5652
4547
5787
4068
4188
2403
2972
4471
2958
5031
2615
2704
3585
8296
6240
4449
6821
5268
8361
9229
7178
5789
4273
8632
5988
8041
6085
7773
12409
7879
8915
9441
7141
6145
4605
9290
5257
8679
6947
5135
8172
8487
10566
8912
9399
4991
5872
7549
6656
8172
2734
4404
5823
7424
6425
4232
3554
3961
4141
8355
3128
4456
5064
4334
8679
8399
8572
8241
7640
7217
11567
5476
10568
9184
6276
5661
3757
4295
10023
5659
5092
6822
6051
4516
8911
6513
9904
4199
6641
8560
6704
11453
11725
8068
8275
6296
6564
5108
6559
4076
5199
3510
8316
8590
6008
11550
3979
5118
8422
4070
7629
8271
7747
3498
3334
4061
6423
5805
10695
5144
5640
7215
11036
8414
4958
7527
10609
5407
6948
9014
6006
5924
7984
2950
7987
10639
9994
5939
6494
6328
4375
5555
7169
5793
6374
10369
5264
6760
9497
4531
9735
7243
4060
7389
5400
5029
6793
6389
14650
6912
5257
3799
4879
6021
5416
8596
6240
8352
5914
9999
6641
4366
3398
6105
4384
1595
5790
7222
8276
3902
11336
5302
11545
5357
4076
3906
5763
3634
5747
6083
9986
10767
5349
7530
8693
5124
2408
4268
9132
5592
5255
8977
10376
7777
5960
4699
10313
6699
5107
4534
9956
7244
4516
3891
6484
4574
5452
6869
6698
4774
2554
5597
5245
6247
5357
6118
4295
7706
7479
5365
4023
5927
4233
7225
5572
6452
11075
9515
7739
9238
5818
4305
5129
6940
9071
6259
11440
7788
7493
6483
5835
6406
4175
2950
5873
3510
7662
10657
6069
10096
6478
5375
6491
4504
7305
4944
5735
9864
9429
6230
9060
6052
6525
7649
5262
4856
3589
3477
8090
5058
6264
4799
3037
5355
9295
7791
9037
8286
9574
5080
6347
5572
5614
3264
7785
7161
6642
5046
6612
4703
5421
5895
4618
3830
3758
5164
2640
3824
3527
5122
7758
5387
5986
7354
6564
3362
3512
3896
6152
10248
6834
5678
6787
4563
9402
3354
5389
4640
10982
9543
8890
4672
5835
8858
13071
6145
5470
6156
6096
4386
4005
3776
3047
7199
3688
6007
7642
8928
6394
4618
4259
6211
8197
5377
5566
5459
8326
5114
5131
7699
8523
10926
4532
4287
5448
6019
13797
6329
8583
4714
9819
8699
7166
4112
4627
5590
6504
5312
10584
7503
3818
2913
7580
7267
5021
3951
8629
6259
7890
5653
7839
7960
5997
4874
8231
9077
4239
2416
9506
3002
4893
6942
5609
3571
4644
7852
6415
7083
6989
6763
6889
7950
6196
7946
6237
7092
11159
3576
7411
5198
5000
3575
5418
3489
4450
7807
9792
9330
5580
3666
6160
9707
8613
4401
4590
7902
6861
9787
6638
8568
7006
2399
4851
6876
6689
1864
5036
6733
7361
7259
8394
5812
4268
5017
7182
5317
4289
6380
5575
7036
4436
6854
7031
3817
4432
4183
5965
11037
4412
5905
5418
2510
4421
5813
5916
3603
5066
6764
3413
4515
3703
5295
6263
2473
3556
5460
10177
5927
3375
6824
3943
4523
4375
3622
4892
7197
4821
6311
4045
6736
3289
9048
11108
6214
3704
4737
9022
4202
5375
3793
8330
4660
5198
11041
5661
6263
3775
3654
4296
2443
3871
2907
5155
4179
5084
5421
13234
7485
5802
5200
7231
7399
6675
2829
5833
11093
13725
13416
4655
7007
6148
5609
4282
5317
3692
5817
6486
4955
4666
1773
9658
3589
8314
3536
4332
6208
7175
6080
6641
9479
10281
4353
7083
6021
4120
8307
4489
7249
4620
5677
10575
7698
2670
3732
9960
8257
5810
4029
8119
4884
11928
5001
2920
2600
4486
5911
10284
8418
5339
4598
2804
5612
5297
7601
7000
3568
4087
6784
4594
7010
3328
7163
8429
6194
4710
4366
2621
8538
10470
4519
6078
4871
5675
4460
6418
4293
6337
4528
5444
4912
5837
6115
6951
7034
5443
8055
4077
3877
4117
8152
4160
3661
11705
10295
8901
6932
7233
7278
3567
2276
2968
7594
7958
4336
5704
5030
6933
7434
6737
6246
3295
5657
7038
10637
6565
2659
8250
7921
8108
6681
8036
219
315
348
268
11
172
216
328
203
323
393
105
242
302
297
235
282
102
81
290
201
277
279
218
44
164
40
2094
248
116
16
115
1295
2204
911
271
566
147
262
233
122
1133
283
217
102
883
38
2494
613
1191
86
628
3528
1743
1347
1062
864
803
113
2636
1280
1057
1017
68
529
1100
436
3461
225
224
79
758
7
506
17
487
32
75
1227
89
122
1100
1050
798
63
1327
69
1239
1362
95
91
25
48
1811
651
201
182
38
2266
76
5
294
812
2118
749
259
199
219
100
58
279
55
915
181
1937
683
1687
1056
279
1278
146
858
323
241
358
47
148
177
53
68
259
2685
58
956
2577
377
1961
352
622
897
230
47
158
1575
144
140
2562
1258
151
3516
3328
2162
57
357
154
725
832
72
2339
600
72
1015
347
842
11
323
225
83
264
1033
1231
1106
1261
168
72
140
60
219
1156
213
42
1267
878
490
733
1069
479
54
938
210
78
1842
1057
993
1
807
48
393
935
832
1023
14
144
2870
1007
78
36
2222
68
152
933
134
207
181
1574
109
138
2548
448
124
1784
96
95
252
1456
1109
972
600
1557
1720
206
332
426
683
3
163
1047
64
1691
59
981
110
273
390
1005
967
161
773
1361
14
1930
376
52
41
2073
251
86
389
1468
2444
134
1678
114
2096
1329
168
727
25
203
1833
2631
94
64
1274
133
27
440
80
135
69
77
661
159
332
34
66
108
59
96
47
191
1431
1476
480
95
123
98
1047
42
649
310
1073
390
1706
1056
44
452
82
48
966
120
144
1594
1442
4659
1160
230
2921
227
393
1605
60
715
1243
1924
69
91
183
42
419
31
1449
2225
729
131
259
1055
141
97
38
2110
204
585
1986
81
103
646
315
155
908
1132
839
148
92
22
1652
63
30
322
436
723
96
31
219
0
75
261
129
155
589
1372
1926
1157
113
1094
107
291
2198
68
136
303
56
1356
572
1222
40
446
550
147
254
2229
1020
23
301
1348
14
93
52
87
770
54
1095
69
1147
1672
65
25
866
105
1895
220
1511
1089
48
2425
515
759
797
96
454
1685
0
296
581
223
84
7
311
176
179
344
35
2749
369
994
1944
1110
62
164
149
97
753
538
208
119
1059
219
271
789
26
1919
263
71
218
381
209
311
1908
2185
992
405
337
1186
49
78
1
143
83
1800
14
1287
127
538
84
16
2233
47
564
462
2061
110
180
190
444
726
438
80
1676
1263
1168
14
82
856
1619
812
129
25
2959
407
72
1
2095
52
819
411
41
2659
238
46
237
59
49
33
1477
258
20
385
157
1326
890
38
127
229
1283
1656
27
171
91
63
1021
175
2015
2
2912
1762
1205
153
585
1509
71
90
17
1095
105
1
73
601
490
100
1302
793
5
1070
883
729
853
495
140
140
1142
631
118
703
78
2451
209
731
110
132
623
1077
17
1800
291
70
43
96
122
88
48
1333
668
3
550
1147
144
204
212
243
85
71
358
1802
22
4
194
587
800
1192
549
207
509
403
139
29
1810
578
107
186
453
177
146
2697
906
954
302
429
1694
156
1259
14
88
119
204
245
122
6
104
203
64
66
1179
134
1712
491
92
228
299
20
217
269
133
523
197
1869
781
3
1178
43
756
271
67
1462
854
687
274
38
545
3
124
39
614
182
50
1199
1921
290
241
1437
2
259
46
477
473
417
418
877
-238
-222
73
854
-406
287
68
253
-50
208
-32
466
55
543
305
233
-60
403
363
572
63
277
118
682
743
1115
1292
107
360
805
-15
604
-151
241
11
1519
123
988
472
557
368
564
295
1207
635
209
254
314
-195
515
1050
-390
-312
-265
1381
466
409
991
-112
861
-38
379
-321
1086
-79
442
251
1246
-228
49
1503
-325
291
283
1747
-67
587
986
1398
244
207
1565
269
1088
336
-101
214
1257
1477
-273
600
612
796
-473
595
-10
564
-73
1800
-366
102
176
1219
375
-81
991
366
61
229
1002
130
568
498
129
916
380
-11
324
649
554
164
-168
1166
540
670
-196
852
326
185
617
21
-73
534
-156
-257
492
601
548
737
-7
-173
641
-11
1115
102
327
686
741
176
205
54
400
675
3
-150
701
579
-283
-29
279
454
-168
-129
309
539
-127
786
866
31
755
378
636
91
711
666
736
192
687
0
661
-97
585
411
222
611
170
941
69
1395
765
37
326
1159
664
219
-234
705
-71
246
1229
403
-185
-369
577
634
484
247
-83
64
81
214
-267
927
213
47
204
329
900
603
593
1482
968
-235
-259
680
-54
-248
702
238
212
1178
487
962
532
595
52
377
197
279
41
-148
717
-149
-147
1235
-218
936
542
419
-77
581
932
443
332
258
411
587
945
260
-360
-117
1419
429
1529
213
1072
-254
256
663
-99
945
137
491
601
219
276
194
625
94
-145
-95
413
-36
-60
-304
1147
922
919
671
298
-133
171
846
-114
736
283
-247
560
180
359
373
782
-493
-69
333
1129
101
422
280
804
1203
832
292
-217
613
-488
441
817
829
-242
-78
1365
-131
-56
-148
249
748
-30
666
589
523
-90
42
1419
461
-10
1310
3
478
-168
-46
612
1489
369
-224
153
616
753
-253
-40
1118
25
-429
175
-421
818
318
427
646
151
749
509
18
-94
-214
324
236
13
-98
147
-81
1859
574
587
-124
-180
-87
334
-998
319
246
-416
-153
567
267
750
249
-43
-29
488
707
-233
251
206
115
1301
352
1223
498
836
1139
858
353
468
692
-319
-622
375
655
646
236
1050
778
-87
925
643
-100
-242
-104
892
206
957
-149
494
635
433
626
487
142
-60
-252
793
197
147
426
696
283
-447
1174
-270
251
857
1114
1000
271
133
1073
-180
463
-151
798
-145
760
672
908
602
571
-157
-206
-624
187
236
-244
771
306
-374
499
883
697
-67
564
-120
620
-327
496
1115
434
1119
941
-256
85
-48
173
137
644
827
-305
661
-132
277
820
1460
677
1350
354
-186
134
-418
191
1535
594
1120
1312
697
464
-491
279
1197
420
347
21
-237
-354
313
706
-155
311
163
-86
392
1165
-443
-107
262
-143
388
792
1298
998
732
467
894
1537
513
120
-31
-28
408
272
348
668
1045
-7
547
757
197
-158
50
482
540
582
1041
657
325
-62
988
617
242
647
440
380
450
714
996
422
76
1584
370
620
415
1276
758
422
137
171
239
878
432
-558
222
1303
1053
360
962
1695
215
-161
-660
-230
556
1200
159
1251
600
650
1141
-539
618
-168
951
712
1374
470
-214
122
308
514
885
947
-96
593
802
144
851
636
175
614
781
59
635
237
39
173
391
820
160
367
-7
978
909
546
-135
228
-203
322
664
914
44
540
576
-99
159
-301
384
672
555
671
10
99
459
92
509
909
723
-168
685
-183
-41
-294
-81
205
-610
130
-457
253
-129
71
220
-165
437
534
-1126
-664
-1008
-50
-941
760
584
-354
-22
69
998
-124
-45
-127
50
155
-291
-1116
-1000
-1088
119
-509
-1863
-1296
-2471
-1135
-789
-1768
-775
-1325
-933
-1246
-1576
-946
-1127
-1007
-510
-1533
-2179
-751
-1161
-1994
-2952
-2304
-817
-2720
-1182
-1781
-416
-503
-723
-1180
-1310
-1375
-1634
-529
-836
-504
-1301
-1548
-1469
-1005
-1660
-681
-350
-1623
-2801
-3050
-903
-856
-468
-785
-447
-826
-2154
-544
-182
-661
-1391
-670
-1481
-71
-1532
-2439
-2903
-1163
-1639
-1234
-1829
-2282
-1460
-1254
-61
-1811
-869
-980
-941
-492
-1245
-539
-489
-1203
-932
-2284
-1499
-1510
-1008
-2249
-2221
-1597
-2224
-1886
-972
-1380
-1294
-1509
467
-1073
-1347
-332
-1760
228
-489
-782
-583
-1282
-1742
-1299
-399
-261
-1075
-1891
-644
-1764
-2565
-1904
-588
-2415
-3172
-1593
-45
-1232
-1235
-2030
-2527
-686
-1337
-1777
-392
-548
-463
-1241
-1108
-1285
-3137
-1143
-1560
-609
-56
-788
-879
-1410
-2496
-2116
-63
-2098
-1414
-3027
-1157
-1914
-1819
-769
-508
-999
-1674
-1159
-1088
-825
-994
-1105
-435
-581
-1367
-1458
-467
-1861
-2330
-1254
-734
-2399
-3938
-2121
-557
-2161
-1315
-953
-717
-1520
-1331
-350
-1714
-999
-864
-485
-1265
-1220
-892
-344
-1567
-2121
-852
-2531
-328
-3216
-2218
-1481
-510
-568
-1408
-1446
-1852
-1435
-95
-425
282
-2272
-1172
-1716
-1775
-1253
-646
-2482
-2011
-601
-2224
-2228
345
-1339
-1943
-785
-1061
-1486
-1648
-2311
-810
-2921
-2326
-2554
-1434
-2339
-2252
-1701
-1764
-2207
-967
-1014
-791
-1903
-2204
-1493
265
-1414
-412
-1273
-1344
-1006
-1427
-1049
-1071
-1287
-1045
-235
-1846
-1559
-567
-1525
-944
-807
-922
-827
-1103
-1714
-2070
-2291
183
-1155
-544
-1523
-1580
-928
-2446
-710
-730
-951
-943
-871
-1074
-1166
-1943
-2896
-1348
-1003
-941
-1268
-2412
-1172
-2134
-1738
-639
-1542
-1449
-2595
-832
-1432
-1161
-958
-843
-2068
-794
-945
-1238
-1217
-1342
-685
-1081
-1712
-1571
-1156
-1595
-1444
-948
-2629
-878
-1477
-1221
-902
-1319
-2053
-1120
-2136
-1695
-2122
-350
-933
-1968
-937
-1617
-808
-2114
-2037
-1792
-2236
-1499
-1328
-8
-1238
-415
-925
-2465
-1597
-318
-634
-429
-1386
-1710
-1624
-593
-1244
-1485
-369
-1027
-799
-1396
-92
-1010
-1766
-1440
-830
-467
-111
-677
-914
-293
-691
-419
-591
-1016
-881
-1427
-1873
-1244
-967
-889
-416
-1354
-1263
-2212
-1338
-1225
-2054
-3428
-1259
-2138
-1731
-783
-1478
-142
-1178
-265
-223
-904
-1942
-935
-1524
-1737
-1497
-353
-887
-1353
-545
-1881
-1442
-2011
-1545
-2409
-1198
-548
-616
-427
-1080
-319
-1479
-834
-1429
-1052
-2257
-1860
-1495
-1697
-3221
-2266
-2185
-1084
-2053
-1370
-648
-1282
-2198
-1132
-393
-818
-1571
-443
-1266
-1088
-2068
-1047
-2796
-1182
-2450
-861
-520
-1536
-971
-1175
-2499
-2202
-1364
-1236
-1347
-1953
-1313
-745
-1504
-574
-826
-446
-2288
-1228
-1285
-857
-1331
-2158
-995
-1392
-915
-1605
-2352
-934
-685
-1182
-1141
-638
-969
-609
-1217
-2497
-1641
-214
-25
10
-987
-873
-1536
-901
-659
-1511
-1508
-530
-1308
-1585
-2241
-995
-1013
-1702
-1732
-734
-1145
-2031
-402
-1523
-1622
-585
-604
-163
-672
-1140
-597
-1072
-1362
-1873
-1588
-1278
-2616
-3132
-980
-1318
-1136
-1399
-1506
-610
-2230
-1584
-2053
-2811
-1201
-882
-1447
-269
-753
-1733
-1172
-830
-2262
-1016
-808
-724
-1889
-1941
-1084
-2453
-1291
-956
-1216
-802
-1161
-2028
-3855
-734
-1584
-247
-796
345
-697
-3446
-2569
-484
443
-389
-1506
-1138
-1149
-2143
-1525
-1747
-963
-1931
-2434
-1251
-1466
-770
-1145
-1217
-2853
-3103
-2247
-598
-2881
-2273
-2693
-1709
-1418
-1322
-2598
-1193
-1384
-2074
-624
-650
-1111
-918
-3192
-3537
-1478
-636
-1569
-3232
-2106
-2515
-1137
-278
-1124
-1626
-1080
-842
-2035
-676
-1290
-918
-2857
-863
-349
-1479
-1914
-1062
-1661
-876
-1082
-726
-617
-1052
-48
-1764
-1018
156
-792
-1607
-2565
-1475
-1342
-299
-760
-446
-1247
-2302
-644
-2486
-2186
-448
-1096
-756
-1401
-1839
-116
-1535
-1036
-1375
-1275
1586
-474
-104
-549
-206
-1141
-335
0
-404
1173
-1023
819
1329
-810
215
-762
467
-156
-509
-438
-30
-348
-289
-899
210
-666
-328
2451
3618
660
-663
-756
2176
1082
-1046
449
-68
-780
32
-120
3485
-273
-366
762
295
-1087
6235
-2079
-181
270
1776
-2566
2291
-705
-421
594
-1017
1295
-451
517
-452
744
1001
-1896
2020
-1165
1032
1174
249
-412
1905
-1889
1862
709
-727
719
-560
282
314
503
-1347
3063
504
-41
667
1125
-703
245
1848
-1201
3835
-2228
3569
-904
-36
268
-952
2753
-43
-126
-226
68
375
-418
-888
1344
1953
-2291
1603
-1016
1215
1429
1686
-1188
-21
1328
-63
385
-49
-890
390
1982
268
1019
-804
-934
721
1768
-1227
320
843
-9
279
-471
-244
370
3487
-739
1567
-191
947
1801
-727
1006
352
-2082
4345
509
-763
635
564
3122
-1935
1549
1648
546
-786
569
2221
163
-1064
3347
419
-1465
530
-1259
2249
99
154
2671
-270
-61
-899
-668
-72
2136
431
-89
32
-721
-508
1061
516
716
-842
2183
-350
-383
-143
506
994
2861
-1112
4205
-1944
1931
2860
-998
-1675
634
1337
-140
-1140
2502
-266
478
-2045
-455
-228
-19
-3
230
-70
-335
164
-145
-553
1333
2048
-591
2009
1479
-90
351
-299
210
-711
-122
-45
2330
-1120
-185
1683
-1046
2498
1761
-1504
887
1241
-333
-880
920
1616
1077
-517
1042
-479
-717
613
74
1091
1701
2305
-1687
1400
3799
-1678
223
679
1822
-156
1890
-832
-561
-1046
397
2620
1981
-115
244
414
367
-1236
2362
824
-511
727
-1042
324
1449
-432
-85
25
-9
-29
-1097
-12
-711
42
-306
-317
1461
-643
1123
-220
-175
744
1724
-1339
1674
370
-559
1801
-417
780
310
-754
1232
-353
30
-575
535
1715
-1714
2298
3643
-621
-482
3085
-1566
-829
1842
526
-1475
-577
1473
988
-1254
-443
433
988
-140
591
885
-43
34
541
399
-2064
1406
-533
-239
1795
-157
503
-545
1522
657
-192
-114
1194
-1246
460
-1444
1706
-105
-517
278
584
-206
1324
-675
-402
3271
-350
-722
-159
-607
3568
-1307
2028
-1660
1237
-938
-268
1613
394
2336
-1187
734
176
-570
1093
351
2697
-1734
574
157
1731
192
-558
637
938
-752
2855
-1010
-1459
543
1169
-103
1122
3326
-515
2379
-2499
-628
2508
-44
3055
-1282
1939
-1261
-329
1625
5
1380
-523
2654
-327
874
-876
-356
807
131
-836
923
2406
-916
301
990
-968
404
1432
-725
743
-1585
-1094
1921
264
910
-1274
3969
-1768
4107
211
-1253
100
-673
-1032
280
2762
-1211
117
2175
-1878
3232
472
-104
3534
-1021
-2137
4895
-361
-1502
-21
-246
684
683
621
-149
744
2872
-157
-629
1025
-1697
3269
-265
-116
3364
627
-740
585
-298
-1711
2951
-1305
2801
-88
-1171
1852
-2741
2126
-1231
2041
1709
1581
-191
256
-2307
129
783
110
3093
2768
562
-117
3811
-1763
-1031
375
-354
2164
-703
-767
-874
2094
59
-157
-476
1544
-735
206
774
867
-194
-2086
1510
1842
-192
-347
1068
503
522
-1038
839
519
2859
-1781
-393
-234
2359
49
-1057
-820
-49
2382
770
-613
1273
-1431
-583
249
262
544
278
2672
-459
-225
826
247
445
-78
478
878
-1250
-226
3023
116
-804
-378
44
2850
-297
-718
684
212
-635
2582
-255
1752
-1638
-378
-691
-6
1914
-836
1088
1789
-1027
-1400
536
1168
3369
-2112
2448
288
3411
-3330
1881
1986
-1306
4672
-1461
2122
-229
822
-461
-1138
-724
2611
-1684
2483
2259
439
-1144
-1464
275
-50
2952
406
-597
-659
939
537
346
384
-941
457
-5
3866
-981
1078
-1913
1546
-43
-1474
3200
-77
419
764
198
-442
2328
-1379
2027
0
-503
1206
-1356
3025
-873
-468
1175
1934
246
2595
-1912
-1137
2012
-691
-1496
308
178
1149
-169
2401
781
-156
-67
1392
-1106
1823
4257
4672
14105
8532
11732
1819
-42
8762
2115
3206
1733
4658
9306
6784
3476
5735
5511
6133
3672
9391
8419
5279
5585
3167
-44
236
1268
34
-78
801
1720
1225
688
1138
2535
553
-107
1942
2945
-41
1702
2268
30
-8
172
2994
1374
125
301
1021
300
14946
4395
4990
2734
1843
1017
216
-59
480
713
32
539
-65
447
138
201
134
2260
2278
906
695
1259
1494
5023
483
4404
3495
710
808
705
711
601
2394
3740
497
1319
-26
1009
136
956
2732
9710
98
-21
225
2876
2145
-6
1484
5957
3640
779
3902
1730
80
10956
323
1266
536
-53
-79
2070
874
-94
-19
262
-70
-36
2697
44
926
-81
-58
35
653
2183
241
3372
1245
2505
2445
3976
1838
887
3826
5058
1639
-38
963
599
829
3331
4213
2648
7387
3322
-26
2109
2468
3661
1782
1456
4197
-33
3707
3670
1236
1897
155
2258
2011
-89
1386
737
3058
219
3818
11389
3089
101
1153
-13
-22
30
652
2017
1040
-38
1814
488
271
-7
-157
-27
-3
-149
3034
5192
-24
324
6585
1212
941
721
3642
4228
5904
273
2909
6591
222
2376
604
2203
-39
2218
298
116
766
151
418
1156
270
1534
3515
9573
-118
2926
1706
182
-43
4347
3315
1315
882
6383
3702
1987
723
-56
601
209
322
1521
741
932
3571
3830
3897
1050
1104
261
-47
-34
-31
8467
1037
-34
2490
-5
4349
-38
3412
851
4592
3541
7197
176
-31
2186
946
148
-1
2185
156
6019
754
1909
-41
-20
682
846
1481
-51
630
768
-62
1831
2027
-27
-52
53
1016
586
-37
1178
-6
1422
-1
-73
3757
225
2922
2174
2635
3280
2587
-2
53
81
-16
-39
-25
-90
454
-48
2140
899
-85
521
5886
3267
1322
-16
687
1132
-27
1592
1629
1421
98
1129
3397
183
-36
-11
-75
609
5101
-48
5299
406
488
-5
3065
1433
559
2039
4256
5483
-29
-31
848
2811
1793
1071
1119
1055
2371
737
283
310
153
-91
-31
3639
1305
71
2559
137
-63
-5
-51
-13
-34
3377
169
4093
-3
1018
2124
-46
664
943
4754
6076
1706
-28
1044
443
2155
4010
5543
1507
-15
-110
463
507
1970
-77
257
1124
-74
3003
2649
1516
900
6778
1462
1967
605
-54
-22
-7
523
-20
-37
2591
-68
447
2119
3074
1368
-35
-69
-5
741
2071
-1
3528
49
681
2954
3999
3354
2920
1018
767
1154
-43
2389
3618
-66
2615
-16
-66
190
109
-10
2133
2461
1202
2775
-85
-73
4537
2606
38
-49
161
-20
-18
3913
2574
-125
3317
1845
287
-40
-25
-103
-46
-69
-64
-59
17
1793
-26
-4
-54
-116
686
-33
-41
2937
3715
2763
714
3027
1931
1803
150
217
596
-96
-41
435
-129
-67
-4
2692
1599
-100
149
2782
7071
-74
-104
84
-105
-123
-14
1655
5161
3565
-96
3574
2021
308
299
2689
1893
238
-19
2399
681
622
2982
1364
727
400
455
4512
-23
14
452
1264
1258
508
424
1497
1079
390
414
277
6943
3146
2105
1944
3413
1414
441
495
1513
1612
2107
5818
508
5945
373
4696
976
-128
-63
487
894
320
-18
1094
674
550
2715
2742
547
1412
926
9
355
4567
8124
3750
1252
290
839
6576
-3
701
866
1009
4826
146
1892
2835
581
3226
2678
66
5488
2460
3660
-43
-58
2795
959
171
6740
5619
1265
868
4668
2906
3006
-56
464
2700
1926
-66
-45
-15
-96
2166
2804
1752
-6
206
-61
7727
2798
2942
2000
2208
617
3361
153
-26
1064
1026
185
449
318
737
1383
115
-83
6084
1249
547
-71
1257
685
693
3064
3947
2937
424
1522
1424
-2
-61
-84
1207
2570
72
829
-29
1653
23
-53
-106
-16
-11
-23
1702
3265
824
-80
1046
3102
-53
1608
619
949
679
338
1373
633
92
14
1905
433
450
330
461
1287
418
735
791
624
157
330
707
247
1074
1823
941
1028
2486
413
1291
1638
107
3605
173
1829
1668
935
1958
1307
1562
3630
1771
1646
1762
3535
2457
2122
2070
700
2692
4640
2241
4657
3262
1898
690
3541
199
3515
1187
469
1203
1152
1548
4612
1025
24
2423
3409
1876
4111
803
2412
705
746
1937
384
409
471
3825
503
1726
145
2252
2142
4204
499
1118
1821
1779
4590
1231
1398
3011
490
7140
2149
842
2713
2903
3003
27
420
3519
31
26
127
83
411
4108
3497
2926
3281
1786
2226
777
979
1026
3830
1840
1476
908
487
1161
821
727
128
2114
1069
1202
3824
3740
1870
2580
226
2982
1974
572
2673
89
153
2766
2894
1716
2699
462
459
268
905
1646
4725
4136
5256
640
380
1543
5326
4430
799
4341
27
1534
1937
453
150
907
584
2062
4068
1128
625
1454
623
5070
643
4145
1586
1921
4276
3257
2944
670
3621
2764
2095
504
3006
4133
477
688
4949
1145
916
1491
352
2664
6916
2811
499
1138
581
648
527
7738
3006
2669
501
2674
4348
1072
773
1905
474
305
2240
2431
883
3134
1853
3036
486
51
1314
1985
3728
2779
798
907
1662
437
528
378
1779
1322
1946
2043
38
2896
263
4197
2035
207
2851
2410
4163
3029
61
2144
3336
3047
895
7080
386
2278
2617
1109
945
148
2964
5013
6356
1949
2002
939
1165
222
2996
24
299
692
5254
1934
2833
1483
2238
3123
966
3256
2297
496
857
4217
618
1272
2198
2573
473
1739
388
675
2146
123
780
474
403
1852
793
4473
2307
754
5192
2404
1250
767
560
5486
2269
4583
2377
1649
1153
1945
700
272
1397
4302
1252
1510
3669
1808
18
1970
3953
252
2532
3184
3104
717
3047
1348
372
1677
1642
6008
1666
2129
868
827
869
805
1488
3179
2845
665
3495
1088
4130
3336
980
1770
450
3650
520
378
1717
3973
1559
408
1726
313
1466
2498
3671
1901
2960
53
3264
2888
1331
1485
2462
2460
1791
2548
288
368
2486
1241
939
147
3499
3590
891
737
274
906
853
1311
1006
85
130
1855
564
2007
844
3389
717
1035
19
2059
3324
2861
567
5422
2200
868
2924
3605
1386
948
5059
533
66
422
414
2312
337
2255
350
1899
320
445
3713
1759
1769
905
2330
708
619
2644
2575
1559
704
2016
2754
917
4420
457
3356
2959
1118
2554
2563
1199
1020
2121
302
1808
4601
2319
1317
916
1184
1676
1226
1520
1711
232
1557
2594
169
3622
1166
1338
2024
978
1152
247
1312
3397
3807
163
2356
1691
3030
2190
2942
1535
1914
1854
3060
994
37
139
574
100
339
102
585
2607
2157
2045
624
1892
198
2292
1225
172
4800
1421
422
2097
1138
591
2800
810
727
2574
3101
1179
822
2419
666
1023
751
815
2859
67
1276
3699
2943
1586
2262
3954
558
1119
2486
1277
1869
234
602
495
1275
2442
2102
5294
5877
457
3080
2730
1074
2018
1227
5055
798
169
2234
3100
3033
501
303
2441
1178
316
1267
69
2562
732
2098
3938
4330
1955
4316
1713
2661
4028
1307
692
36
97
2301
7976
685
1028
3533
2031
491
1672
2745
1106
3320
4410
428
477
1165
3465
2258
3162
505
5604
1419
3954
1563
585
672
2093
567
2556
6831
1135
33
1214
3380
3346
1350
3128
659
3511
991
3173
1640
1905
2873
569
4491
1973
5415
1566
5269
1158
5043
522
2745
2941
2956
1677
724
2024
2303
1273
2903
2837
1089
2709
1621
1122
71
385
484
701
933
365
1912
926
318
115
2435
2665
3848
783
2145
405
4518
4221
4842
0
2825
1458
4589
454
3421
4763
2100
1404
2477
329
3755
2418
1123
369
1522
927
1189
-36
1707
908
5658
-2875
1460
1889
-648
3025
2020
-428
2994
-357
436
2089
1257
-3087
1822
2038
874
-723
1231
-321
4917
1951
924
-1415
4873
446
361
1952
1145
-618
-862
1351
4140
-698
2924
1286
-508
415
3708
-181
1459
-1658
3843
-588
3951
1094
-1745
3884
3246
-1096
-67
2057
-237
1079
-469
3129
-249
1381
-934
790
3987
-2693
5439
-269
248
3026
-559
665
825
815
706
3854
-2617
-163
1029
2604
685
3404
-519
1928
1069
315
457
3489
644
-534
2534
-737
-940
336
1288
3424
980
1736
-283
476
-219
-45
2813
2085
44
1295
-312
1264
2814
-1008
1317
2660
-235
-263
2108
452
-1280
1376
154
2649
995
2618
1466
-2909
2828
-328
5995
130
1392
1045
848
-1916
4771
-197
-273
-465
1637
-3079
4771
-1971
1878
823
336
1056
1300
-1483
442
-2581
7271
-692
2959
-270
1001
1716
236
-612
1069
2622
-283
-659
281
2474
-531
2550
2972
-2407
2021
1231
667
2269
-1183
1136
1531
772
-149
2023
-1607
170
-563
1120
1765
706
-2345
1835
-657
3039
632
-398
443
1700
2146
2253
753
1627
-536
2024
-3373
4616
-1515
1878
-276
-1012
3702
688
-1237
2992
-1968
1783
223
2293
-294
606
-38
3148
-487
1394
2163
960
-1407
182
-2029
2331
-2455
3815
-957
3330
-75
325
847
845
93
2545
-32
4355
-2201
-166
1380
2156
33
775
962
3934
-2317
346
-2954
671
1099
1120
1544
2097
467
1232
-520
318
2846
2035
-752
3156
329
-2
-5
-871
430
1226
-1295
1517
641
1193
-3285
4418
-721
-252
3679
-283
527
3397
-94
58
1413
553
665
198
1639
-71
4123
976
1176
-680
3159
3043
180
1969
-2574
-1049
49
-366
3218
1010
-1629
2972
-950
370
303
181
1836
-226
-193
1328
2590
-562
1665
-1923
6024
2741
-1482
709
662
433
-1013
-242
3778
545
407
-363
-159
-32
-362
-852
390
1431
-460
2453
2788
-1905
-329
3919
-421
1579
385
1669
364
606
-160
908
1760
1391
406
1605
93
1231
2440
-767
2009
2364
-2954
396
-473
-271
-1514
4134
-1154
1799
2272
1556
-686
154
3265
-1228
2902
602
593
-628
3531
14
1549
-1418
506
1482
-1488
1992
1087
2940
-1326
158
2345
-600
3788
2116
-67
1567
-78
1016
964
1554
-543
-1725
3751
1938
-343
-293
954
2145
355
3829
-2630
4289
2363
443
420
1045
1694
-573
1457
3466
-307
537
629
1289
-2016
1354
-73
2746
-395
299
335
1039
1468
-194
2477
2762
-2383
109
1978
1211
-1544
53
3906
1780
1535
-1800
3730
3060
-1758
3297
-2426
1176
959
1763
-1118
2738
-822
959
2939
144
-1101
1801
-760
472
1808
-1005
3615
1808
-1142
2483
167
-110
674
3357
-1409
3018
-762
161
359
2200
952
153
2724
-2403
902
2079
-300
90
453
-530
660
2769
1452
3043
1846
-1310
3304
1363
137
-2573
3555
-207
-106
1248
1182
1334
418
1663
-1431
-923
1405
-923
2552
3702
-104
2609
1289
639
-1503
2542
419
4193
-267
-3039
2084
2607
1829
-1010
2949
1254
1812
1212
3137
-774
2379
-1340
3957
-224
1206
805
126
4567
-2602
5241
-1720
3404
2434
-4433
-737
3325
310
1232
1538
969
3479
176
1298
-1139
3920
-159
2750
-127
-220
-854
4513
2790
422
2248
-1395
5020
-608
-180
1168
63
-1456
2300
1199
30
2902
-924
1098
823
663
242
3271
-131
-160
-3207
5341
643
1338
1630
-1092
5179
579
-1614
1059
1445
-955
2164
1230
2025
-2647
2978
2828
-474
-1144
496
2745
-3422
4144
4
1676
3347
-1834
5389
-660
128
3954
-1224
-670
3813
-466
1037
-937
5859
-1023
928
3490
-1154
-480
238
4693
-2555
1763
3935
-1393
1695
-1320
3510
-436
-1252
2051
424
-1689
5679
-1306
-1256
708
4839
-2234
2113
1448
425
3167
750
1284
-45
-514
3887
-3316
1664
-883
2156
1266
-1194
1421
-642
-515
2655
766
-1905
1767
1186
-400
785
-273
-1396
5281
-72
-119
-127
-75
886
1255
-85
510
220
-82
-105
176
-101
-141
-89
-88
-15
-81
-46
-140
-132
676
-17
185
-91
-67
118
107
1859
-2
490
801
-153
-103
835
-100
-141
-40
164
415
1584
363
362
-157
21
1147
2066
2993
328
1949
803
157
228
514
-65
685
1610
792
-59
281
-19
767
1215
585
1570
252
-113
-32
331
-25
245
3275
776
309
-122
2047
-165
-75
606
3395
-24
-60
-42
1313
276
614
1608
1296
1257
544
564
452
892
5241
1774
1302
167
2319
1690
2004
217
35
461
773
240
155
6
896
488
933
-65
357
617
816
156
1828
925
881
637
1471
221
-95
-8
607
981
-61
-121
-89
-55
241
-69
-38
89
1495
2643
697
438
-62
973
56
-97
-81
1382
407
-85
728
1580
875
280
-31
69
-23
-46
-66
-51
48
760
2051
1241
268
797
-152
-66
-121
186
177
504
242
-52
-23
758
454
1389
382
-96
123
1239
849
-83
157
156
-77
-34
-168
-122
-116
-82
-115
110
-18
85
1229
-56
1309
1070
28
764
282
980
-138
588
1609
-121
680
2314
98
-134
-131
-89
1110
541
628
457
71
243
4973
-111
1254
-59
420
139
-77
763
-133
607
1289
-53
-89
100
-40
-39
-31
1449
59
0
947
1551
-21
1094
-28
-72
148
-28
-94
758
734
1174
2
-139
1261
1341
1385
640
-15
-107
1150
-87
602
-78
-59
586
-109
256
-41
-94
-111
-56
1649
1288
199
1043
-131
-153
1105
-19
238
-18
-142
-131
387
-106
-137
-87
15
9
-173
297
232
-85
-137
-18
542
151
266
495
534
-81
349
83
-79
363
107
1295
-100
-92
-120
1094
278
13
303
383
126
-69
704
-79
-168
-96
1083
1723
-27
-114
30
525
830
-78
17
511
-98
-105
321
1132
444
-89
-105
1180
954
1210
2891
-76
-62
-81
175
-31
109
130
269
-93
1543
1093
-98
-159
-6
676
54
648
1774
-108
60
606
-100
-113
-132
529
531
444
-102
-45
-11
466
-88
268
2501
-100
-166
-91
-117
197
184
2785
921
688
-103
163
894
-68
766
-9
708
596
276
-89
-117
17
-130
896
286
-112
-113
-85
-137
972
-134
1580
749
874
280
1181
-69
-95
162
-123
-165
-130
-91
-110
162
2791
98
353
-52
-83
-85
-130
-110
86
-144
302
1217
-34
-24
-81
-47
205
1699
-95
29
-90
-113
-99
-83
527
479
1619
1185
-26
600
880
264
797
481
-21
808
-159
1087
1119
1323
-91
-52
513
-58
-45
347
444
-104
-114
350
-7
-69
-17
803
1044
1103
674
474
1032
-130
-79
2321
729
-104
308
-101
1037
-107
-111
-87
-18
281
-4
-96
301
392
-72
-113
-96
-108
1041
1116
253
-95
-44
-124
-82
-37
522
-69
698
-92
-26
394
976
-14
274
1521
778
-139
-35
39
-180
-5
1118
526
448
-103
1480
-17
163
258
-48
-114
-149
92
-57
432
41
-95
-18
606
987
-77
375
526
740
1030
565
751
183
1150
2575
0
284
425
-73
105
75
1941
-15
518
-148
-141
-67
814
803
-107
-40
894
12
731
-8
414
862
825
-46
1
315
957
-65
382
1194
-25
214
650
-115
-14
133
737
-122
-70
1138
893
161
-52
184
-96
1144
2172
835
483
1730
881
571
1398
429
2332
381
566
-84
733
239
1166
505
259
45
144
859
322
1146
39
961
351
656
1727
1378
743
159
892
-127
1154
170
1138
-83
221
789
434
62
-53
-32
494
-93
-12
704
-1
37
946
-135
137
-107
457
425
294
734
3083
253
125
728
-113
-136
1348
1386
-79
528
430
-88
-133
-4
16
-22
601
-100
545
385
-136
1390
1051
1006
1372
1503
1788
1111
850
1845
1587
719
1126
2023
1462
1128
1791
1022
1792
868
902
965
804
954
968
268
3170
2748
2017
667
1130
1402
2921
366
162
3147
721
245
3366
1979
282
2303
717
2423
3534
2815
2466
2593
1555
1284
1608
557
1373
860
165
1913
973
1222
459
1562
525
161
1708
502
1813
779
1802
1872
588
3153
3354
617
13
1463
604
2797
722
387
560
600
1008
1392
1277
1240
147
642
387
1542
1469
922
1856
960
2243
1789
1578
406
1773
1918
1457
1040
3444
1309
21
11
939
1250
969
1630
253
546
3398
3513
2671
428
524
301
475
278
605
1567
1070
1560
406
786
509
1971
1531
2899
3217
864
3056
3384
87
543
620
197
2512
134
3492
1393
2059
3695
888
627
900
1329
755
1117
3199
1720
941
1408
1100
239
1621
1896
1533
251
816
208
2043
1876
1200
1518
2518
1765
913
3205
2965
1576
930
489
462
443
237
493
1688
2851
3761
3603
4258
1423
961
987
244
2536
72
1694
393
1654
1042
1453
1870
1972
2886
3491
1751
130
1364
51
795
1873
872
2950
518
437
41
1578
933
881
559
57
1309
1162
390
958
3234
1106
386
278
1277
85
3188
1699
1268
1365
1911
2265
1451
1351
2179
2257
2299
76
1050
3336
602
1091
695
547
892
1569
2637
2671
564
1265
2043
3023
3515
659
675
1847
98
2511
1006
189
253
1648
1325
2683
1850
8
215
81
257
988
3143
442
570
1309
1493
243
2449
139
141
308
1050
59
2197
1392
1808
894
1007
1978
554
388
283
3387
829
1731
3115
643
341
2009
51
2293
1723
55
228
895
1384
529
273
970
572
1193
1614
930
1724
2899
1321
1632
1599
35
195
1152
62
960
1433
2283
17
1253
3946
1969
1737
452
582
2531
939
2393
417
2660
719
2590
933
2760
1194
1971
2172
946
975
761
910
1046
412
3094
924
1147
965
1266
527
1617
1037
1478
1342
3722
508
2531
1838
2519
1425
1384
157
1858
447
297
765
733
358
2283
2590
499
1827
1904
1587
630
2038
1096
858
2380
1743
1324
793
1402
54
1950
42
2223
2456
374
89
46
1573
2459
1239
828
965
2308
1743
1132
3101
575
1053
1041
195
821
119
356
113
1908
1333
709
484
273
179
353
952
2466
2874
1909
905
229
751
2477
1166
2201
3039
1535
1156
3636
2241
329
1197
204
1291
1148
159
1617
2885
612
191
1383
359
324
1897
2565
1181
237
3306
2216
525
542
2993
2128
1989
2530
1938
323
1319
118
480
1086
1724
2474
1935
2244
2146
1758
83
117
1051
1529
3864
447
547
2968
617
1122
1810
265
397
2033
421
1772
1304
982
2151
988
1602
68
1048
484
2351
174
1325
454
2805
228
632
1829
880
1275
1994
848
1021
1488
314
463
153
206
186
2465
2287
1942
769
1537
416
603
952
904
1038
1620
2510
3612
379
584
435
1094
200
1131
1524
1245
1736
1948
267
1279
2175
1070
3254
3603
2295
2568
623
952
247
40
339
3674
592
457
2349
2606
2765
976
2051
1342
1100
2392
145
999
653
15
3385
2880
61
1122
2256
2219
773
657
2110
2408
389
1424
206
1564
11
2030
2621
2312
2333
431
506
1234
505
44
74
1166
205
1722
375
489
40
1336
2350
860
316
654
1651
1219
978
2586
2384
524
279
2111
471
915
1385
814
793
1995
2471
587
833
378
1049
526
1539
1216
397
1346
849
2458
639
568
1880
2214
1771
2138
3586
2607
657
2994
318
1081
457
365
1106
490
625
1614
1165
350
222
138
3051
3094
526
897
1674
2796
2859
671
1510
731
2662
1390
721
88
3438
4312
2877
2557
2487
500
5
2727
1131
1634
1910
918
228
59
403
-172
2083
579
1067
1731
572
1092
-13
707
851
1114
-153
-133
356
-123
719
626
174
-66
2054
583
1052
871
-10
941
750
939
-33
2147
1523
1126
772
352
1541
65
1463
890
522
932
891
1605
1104
163
2305
2980
2415
1721
1568
3388
776
652
528
354
1095
997
1056
662
8
596
284
917
323
350
-54
956
2134
23
568
1261
3819
1194
949
1633
311
959
149
1339
1794
71
233
667
2245
638
1922
1030
780
1201
-21
11
1062
645
1226
951
890
907
1459
1999
-17
125
928
858
1160
168
958
339
1666
1304
233
744
249
1270
-146
2354
540
326
250
-35
278
195
-125
-25
-157
482
766
-210
532
1655
417
1260
838
558
228
2060
1865
1865
1837
1228
1787
573
2348
685
1649
-122
861
664
2062
1038
1234
1752
1038
1210
310
594
701
1564
444
1425
1049
1538
210
297
520
389
1449
1856
1423
837
939
1401
1119
889
2444
413
920
448
376
732
400
517
207
452
743
218
234
507
330
-69
54
971
1065
355
1532
1370
203
698
1140
-101
1167
64
962
-183
133
1841
564
910
1629
1561
1599
738
610
103
189
1335
3853
-188
793
1433
212
1170
2
677
663
2148
1102
-59
691
232
2707
1185
1194
1387
666
569
1706
1198
54
1598
2266
354
986
2432
688
1009
1497
565
1272
2085
2324
1612
1969
520
760
921
2158
2262
325
425
207
-4
1376
914
849
-154
1287
1126
514
1348
1007
1619
720
-56
146
1960
1005
2250
-202
306
648
703
1116
1076
597
222
719
1303
1120
-125
287
261
633
344
408
428
621
1499
-100
825
-22
820
26
1805
1220
767
1171
899
1731
1794
651
1101
297
51
1402
1493
1649
830
2110
1257
175
1501
1049
1041
207
711
-6
561
1018
1244
1264
399
2613
499
10
1726
998
-144
348
1173
2812
703
358
1867
1532
1558
778
124
1893
1046
-25
857
742
1173
856
1671
3326
375
285
1223
1357
-141
58
1562
1666
1560
3
320
1442
1356
255
407
1945
1151
298
-15
1624
699
472
43
547
2880
1399
1094
3363
1700
1146
797
561
684
742
-20
1240
1204
446
795
1048
977
508
813
1574
587
179
969
1944
2895
1488
891
2660
684
890
484
1705
1986
895
-38
795
1962
2448
1016
1186
1164
1527
2282
1545
27
101
1752
2111
658
306
963
774
-31
833
-97
887
2206
635
334
2000
1531
986
1409
1717
721
2285
726
878
-115
-116
14
1122
420
1564
131
1096
-20
1629
1529
-15
1413
1832
2595
1519
449
171
1903
695
611
653
880
2044
150
821
722
1101
1021
2078
282
1272
811
599
945
536
20
2545
1026
1793
993
1863
1428
1394
478
1028
215
227
1038
948
1682
48
1344
608
196
1090
704
1931
1575
0
317
455
1095
773
698
1303
2308
764
925
446
610
1069
772
1140
2091
600
1769
855
735
804
145
1959
664
1057
-51
970
1818
466
309
246
1515
497
1944
1674
1322
183
254
121
321
1475
1022
833
2948
813
-98
1717
2914
1244
-136
859
532
916
1563
1224
1242
703
1314
-82
1098
1127
1859
812
691
1796
1245
839
1458
763
304
2429
3042
1104
205
666
183
1266
782
1986
1186
1153
1444
917
923
992
1436
1418
586
1285
986
1202
944
732
142
2565
1531
1045
1124
1964
1020
2371
520
1499
546
2357
788
1595
536
2299
1510
1095
964
1272
1703
515
466
735
-252
254
701
2006
599
1436
1929
1804
1680
4453
-93
903
732
1750
441
809
1466
714
343
956
148
1100
359
385
-210
693
1707
1675
600
378
327
771
1038
2332
2055
1407
878
1636
1059
265
113
565
550
-172
633
574
837
1153
458
-231
-124
1375
2475
11
1884
4065
1421
1076
575
2959
-220
733
926
222
1087
454
1269
-157
3086
2752
1444
113
28
1804
951
2290
3648
1025
2454
3082
527
3347
148
1356
884
1917
879
310
3216
4656
2270
-18
1229
1200
2323
-52
2081
2934
2357
1908
52
1876
1599
1236
38
214
1206
1050
-217
1538
1702
1619
5053
814
-74
1452
1275
449
273
1062
-6
1357
2592
1210
1918
372
-108
-63
316
1272
494
170
674
2429
2076
1953
1888
1553
-42
931
393
1751
522
2731
727
3248
1886
615
311
499
3125
99
172
-128
297
332
-7
1226
-114
2135
3305
238
-102
2349
4114
328
1471
1562
187
301
1375
421
-158
-66
525
830
384
-31
742
-102
1969
-5
93
81
3316
1791
3043
-37
1113
1709
2031
1597
-162
2342
3284
2785
105
-157
252
1191
98
-101
1608
-4
583
58
3741
1576
1449
659
377
556
1499
988
1548
4108
-126
550
509
537
266
-139
-99
-29
6231
1419
531
51
1584
909
-40
496
262
-1
2681
417
2152
1365
1308
2340
-83
999
1640
642
631
1939
857
9
1463
617
-202
29
874
1172
816
1400
171
4605
1024
427
3986
155
110
4878
1363
2176
4083
-8
-11
2653
1571
423
1241
625
-155
414
-159
996
298
-85
1193
1314
-26
2453
981
764
216
4329
-182
-139
11
1358
738
2370
1510
167
476
357
438
-5
1133
1913
345
4757
-103
325
1094
1144
1998
31
549
1749
-153
-199
-171
1135
-90
1857
2740
-116
-141
-53
41
1882
-100
591
50
1309
494
1898
1116
29
3511
852
1088
113
-93
-129
-44
3069
2834
1280
2566
1232
2238
4502
828
256
1594
602
609
74
-45
1397
611
-44
256
3662
1598
2427
3940
-46
1218
-92
-11
267
3271
-137
-142
1642
432
-156
1333
-80
625
1952
-78
-29
154
1414
932
2447
890
2747
111
439
145
2085
-82
-45
478
-135
840
-102
-104
-28
2442
353
1725
-74
-36
1083
1503
402
256
260
2692
471
-190
1419
128
3905
2585
1664
2319
26
1723
-1
1893
-85
1330
615
-35
1290
364
815
2679
886
632
-166
-60
3444
498
1106
-106
568
-29
1587
1851
-69
240
155
285
-121
500
1897
145
945
165
313
1542
2103
2883
3594
301
-114
606
1934
1428
840
563
2346
1707
-61
998
-6
1809
1186
61
323
754
1512
722
-99
637
1323
382
2800
653
632
4696
968
67
1944
347
1465
1764
1704
-68
977
1067
2297
-75
1129
2923
1084
-88
-211
1470
652
138
1419
2426
4083
-74
1256
1398
1332
3853
3167
-123
-23
-124
1120
1589
1280
-2
2197
2316
928
395
-71
523
-128
118
1938
1652
-104
545
1392
1888
-101
365
46
-43
1349
996
2461
4502
673
1030
-76
-16
504
1894
5093
726
1365
-117
-121
-32
5263
-16
-183
667
1712
1251
1157
37
142
41
675
1256
948
3283
-76
-141
-60
1320
393
-98
1028
10
1257
-96
2722
519
2219
1061
1048
456
722
87
2027
1160
-18
1086
1308
1450
634
1113
4685
2482
55
-33
199
2376
1785
443
1058
-129
2040
1131
1108
630
-102
-150
259
149
1411
-53
3108
-83
-45
1883
4169
1607
360
531
953
768
237
2479
1148
47
-121
-4
-16
1816
669
-85
305
71
-164
-122
1408
6049
325
1273
515
-22
137
1477
829
2023
2403
1979
272
-133
-117
3556
4178
770
-165
2084
182
527
2033
2302
-64
2029
250
-82
1180
1113
389
2202
1791
1217
3725
1497
753
-242
114
210
407
864
988
2800
237
-206
1040
820
2354
1961
167
-150
1804
1946
446
1062
2178
484
1973
420
545
-7
-12
242
329
350
-53
204
-78
729
2110
2451
319
58
-38
-129
1700
2097
817
526
642
-23
983
594
1087
-97
-122
-47
306
-57
-21
-89
-60
831
802
-26
-114
270
-59
-145
-88
-57
548
529
350
-65
-74
-47
816
1235
1974
18
151
1744
762
2162
937
1117
-79
-4
2563
-24
1874
2361
780
2870
1165
1070
1101
-100
1313
840
1069
537
1173
2093
1173
626
-11
1521
1024
729
731
-57
-65
-111
443
191
-12
-30
-28
306
-54
679
1344
-32
-99
101
43
-5
-31
-13
307
-12
-16
-140
-26
-81
56
-25
528
660
-103
409
-58
270
1113
2396
1894
-11
893
-1
377
-26
519
1464
1322
2063
-67
-2
559
2188
2363
1873
1088
1728
2490
1433
352
1809
484
607
-27
1729
2464
402
780
2877
58
-34
931
1291
2449
1671
2113
1483
1046
-141
-71
2110
-9
45
1267
-53
-18
715
568
-54
-55
120
-28
-2
1726
1070
959
597
847
834
-20
396
-75
1147
1023
524
1705
889
575
1528
890
-27
-47
921
1604
1700
1141
281
898
-30
-23
754
838
-37
-197
-29
2562
653
-130
-51
384
-12
1734
-111
-87
1674
2265
665
-120
-19
2441
1535
430
1565
993
-11
1171
2063
3067
-18
-48
1841
3084
-61
-29
-2
907
1729
1818
-52
-14
197
2072
-61
-58
604
881
1397
1545
375
695
297
-21
-19
208
-7
-32
2424
-72
1721
-6
1062
1035
2199
1046
1392
639
1226
75
406
483
-51
1413
1300
-45
483
1350
322
-43
527
-63
-12
-9
-22
-18
-75
-3
-123
-2
-113
-74
1158
1740
404
334
1991
-82
1168
92
-15
-57
849
1163
1439
796
1093
2178
-3
-15
-41
521
1347
826
2029
465
1061
1070
1565
-13
773
470
-39
934
998
1045
-9
258
182
10
-6
1047
684
1120
239
1555
705
73
-5
2064
875
-110
-46
-134
290
696
1429
1253
-28
-127
961
-13
423
939
204
-31
802
1274
1765
774
400
-11
-61
67
368
2242
2033
243
383
1836
510
999
2021
2748
402
1706
1197
-10
1113
1085
753
-28
-58
-1
-204
-86
484
-70
-8
201
-16
1304
-59
786
1287
147
428
647
1267
262
607
233
401
1270
-19
2432
263
1324
3591
845
-59
818
1002
2446
-25
605
-5
-33
2596
1192
875
-43
183
1527
324
-73
-14
1649
96
47
647
-62
-95
739
2278
520
908
1189
836
-16
-5
913
66
-18
-95
930
-45
-11
-14
1418
-21
75
121
698
2092
347
2082
1666
-88
-85
325
570
1423
1818
908
1094
-77
974
1612
1534
2351
1389
1902
851
1284
-69
1798
39
-31
2247
292
-27
580
1163
496
-5
440
1200
348
42
1780
1261
832
476
1662
665
1347
406
612
858
63
2125
558
-108
1338
1688
843
375
1177
779
1632
-56
-72
1437
122
1113
1015
1021
-51
-7
-239
1956
1139
443
-57
874
-63
251
496
292
-114
-43
585
185
2021
1025
1315
301
96
249
-32
1789
-69
-8
1105
-46
-16
-5
644
-24
1429
-51
813
1961
1016
-123
67
650
689
1694
211
-10
-18
375
-42
679
2346
353
1842
294
329
1186
-8
-28
-47
-7
1083
-100
-6
2749
788
-99
332
-96
-32
795
548
663
215
-108
1196
284
34
709
1340
732
1864
1144
1221
1819
865
1194
1351
-32
597
1913
-53
-42
1495
1431
607
712
2544
1333
1063
1084
1326
238
790
-98
-31
1047
1567
-16
-52
982
554
-9
361
38
486
537
320
-64
467
875
-52
1239
379
-58
1824
-65
1239
1904
1274
-17
412
-28
1886
-12
329
-113
-43
7
-10
561
-44
361
-15
-145
499
239
-32
-67
334
1597
-21
-36
393
492
526
-51
-3
-30
-145
653
-9
-187
-82
317
-33
-50
-94
-135
-165
-87
-44
-11
714
-103
-252
-233
-295
-158
-229
-144
-11
495
-1
-69
-365
-482
-447
-308
-391
-381
-436
-371
-476
-483
-420
-449
-346
-527
-397
-451
-428
-316
-230
-414
-434
-503
-470
-439
-52
-173
218
-60
1064
98
-412
124
-382
-408
-230
277
-215
767
-175
51
1324
42
-32
-253
0
473
223
-240
-365
370
867
-86
-315
-204
2
-268
-75
428
780
-245
-468
-263
92
288
-292
-173
278
-124
1025
-290
20
1065
47
597
62
-122
-235
-182
-328
952
264
-361
-222
178
809
-29
44
-200
952
-140
-121
162
151
59
-45
557
335
-319
-275
-119
-429
-97
-313
-312
-141
332
331
-41
-306
723
211
207
63
54
90
313
-84
324
-151
828
-295
53
197
-19
362
44
-218
1359
-85
-104
-79
158
809
-381
-217
-53
-195
-28
191
-153
133
644
148
-251
-152
-47
-172
-198
682
-177
-188
-221
-74
194
205
-329
-215
1131
66
-39
524
-236
-268
-290
-220
-337
808
417
-5
161
-93
-235
1052
9
-158
64
564
-20
-8
-55
158
-82
381
-81
-159
-126
262
-223
761
-93
-240
82
-211
2
411
236
-226
-296
-62
-265
283
-21
-130
-342
-158
626
-372
-187
34
-5
420
893
-71
419
-282
1147
33
-137
-18
-194
-280
208
56
-210
649
-168
-181
-229
-446
-219
-167
-1
458
4
250
149
573
110
155
-315
-359
363
-106
1119
-110
-255
-408
-228
-188
144
686
1054
-53
64
-120
51
-335
1173
505
-142
442
-362
-85
347
-360
638
-128
349
650
-294
219
259
-206
-389
-264
-78
351
-136
-396
-196
-59
-56
-228
224
-139
-219
-77
345
-178
306
143
410
228
958
469
-380
58
991
-199
42
-210
-430
303
-17
-245
-181
-308
-428
302
-109
490
211
-393
-400
-440
-234
13
-310
723
58
-271
248
-150
705
-1
-12
1093
-341
-456
-160
-22
-83
568
-488
1537
-399
-134
19
-292
141
-238
575
-50
22
135
48
-10
182
-43
-226
-119
-206
-184
363
-234
92
-371
941
466
60
15
-404
72
18
114
-26
31
260
130
-339
-58
730
85
-186
-244
-189
-351
285
788
-412
408
-98
-350
182
-137
-200
-19
-175
520
437
-314
-422
30
-169
85
-343
-261
-369
-161
-409
1074
264
-160
-67
-170
120
-83
-211
117
669
-270
-336
-429
622
164
-339
-160
336
-17
-155
-343
-257
-332
-232
-104
-154
116
308
-18
397
258
887
-409
274
-223
-52
-21
-163
-39
629
252
-75
-217
220
-200
-204
-139
-126
431
-86
-101
-77
-467
58
274
-40
-155
-11
439
-204
-139
-184
-382
-193
-331
-176
203
354
230
202
-317
652
525
346
959
-283
-315
-247
-38
238
-48
99
-13
-133
-193
-45
-175
-250
289
131
46
-238
-205
505
577
464
-13
9
-399
52
-141
-248
-444
103
360
173
-125
240
498
-223
-258
-59
-122
-180
226
-67
762
-97
-312
-48
475
-70
-248
-296
-32
-196
251
-333
-220
-268
-191
-139
190
-49
515
1018
-35
287
-198
-219
-275
-178
-1
326
-2
628
-208
-257
152
-349
119
-3
-24
-304
-237
-64
-97
288
-129
-154
468
-76
-234
-173
-83
-76
505
299
-29
-30
64
263
189
390
512
-201
-241
253
638
8
482
-381
-381
-429
75
696
-264
-197
892
-84
168
131
274
-273
351
531
1027
1033
-209
53
-155
-282
-89
697
223
-407
-151
914
-78
-5
-291
-422
-188
65
-162
329
393
-62
34
-195
-83
63
259
859
-517
-18
116
-177
-122
-181
-357
-241
-334
-141
-114
228
320
826
-135
234
1012
321
107
378
-330
-50
-259
436
679
-56
267
568
139
405
926
856
-170
-250
63
-162
9
-49
-395
-329
-74
49
-304
-41
1108
338
713
-188
810
2015
2314
1931
4784
3286
1726
2647
1937
1619
4366
2634
1968
1843
398
471
963
835
1994
2744
2801
2511
2386
3118
354
2264
2421
1483
3989
2487
3736
3110
3950
2272
2813
1412
2749
3547
3442
2908
3276
1962
3788
1502
2404
4673
5324
6064
2679
4147
2589
2638
3661
2509
3087
3786
4696
2152
1944
2065
1428
1589
3317
4490
4126
1031
4820
3749
4051
3423
4577
4749
3814
4596
3602
3432
1936
1764
3159
4803
2323
2685
2440
3904
2311
2376
2820
3717
2981
2073
3709
3140
3143
3270
1733
2393
2988
6348
4854
4407
3290
2102
2479
2423
1355
3297
2756
2047
1054
994
2610
4126
2259
3183
3039
1776
2784
1706
2475
3648
1932
2443
2690
2801
2929
171
774
1249
3456
3496
2547
1562
3452
2609
4232
3822
3550
3076
3133
3596
4083
3339
4200
4130
1313
1275
3168
2583
3088
1995
4653
1582
1942
2948
4107
4004
3816
2773
3668
2089
3745
2565
2515
3793
4367
5247
3089
2174
1290
3866
4312
2833
1991
3844
3691
2257
1203
2896
1753
2076
2170
2158
1907
2581
2883
2050
1454
2275
2625
5509
3731
6337
1421
3527
4031
4768
1559
3506
3021
2441
1980
3653
3519
1805
2868
2827
1981
2670
2818
2116
1780
3225
4192
2616
3311
6520
505
4681
2688
3192
859
2627
2856
3564
4210
5678
1974
1089
1820
3706
4428
2895
6154
3172
1987
4499
4594
2659
4751
3734
2206
4427
2041
816
2818
1815
2722
2504
2587
7324
3267
2505
1674
4757
5562
4938
5345
3422
2445
2021
3484
5670
5179
1830
1721
3733
3859
2928
3762
4955
3150
1035
2772
4580
2329
2332
2820
3280
2742
1744
1483
3071
1889
2995
3323
2050
3244
572
1724
4326
2033
2705
3173
3716
2803
839
2622
2250
3713
3083
2452
3092
3120
1749
3029
2962
3389
3223
3686
3007
5063
2329
1684
3886
2299
1145
1315
4764
2183
3213
3935
3771
2284
3764
735
1280
2750
2645
3880
3699
4715
5597
3800
4971
2285
3713
1413
1612
3459
2237
2693
5078
3987
4944
3075
3929
1645
4074
1504
2940
4207
2598
5067
2867
4570
4970
2747
3553
4595
2352
1272
984
3716
3359
2076
4064
3258
3453
5156
3290
3442
5076
3844
2474
4143
3639
3864
1026
2660
3424
4315
3249
4882
3765
582
931
1462
2152
2680
2104
2704
3575
3648
2111
3104
2920
2399
2660
4105
4179
2372
1773
3616
3896
5011
2259
3526
3157
1883
3354
1737
2961
3152
1181
1889
3087
2379
2766
4716
4477
4054
7690
6926
4333
2749
2781
3288
3356
2528
2592
2218
1990
2530
2494
699
2261
3421
2685
2247
2826
2063
4165
5580
2578
3046
5614
4713
4472
1855
1810
3249
2835
2149
3627
3361
1486
2013
3233
2876
3329
3162
5395
4078
4599
1742
1341
4469
4242
2155
2533
2802
3736
2725
3383
2456
4168
3150
2681
2672
2931
1438
1852
2576
3411
2177
4380
6234
3918
1459
1419
3761
3746
2324
1319
1472
2451
3446
3250
3898
1620
3632
2940
2956
2663
827
1465
1241
1626
2667
3034
4465
1113
2137
3475
3996
2359
1763
3130
2560
2351
825
2693
2554
3724
5483
4444
2637
3670
750
1193
2552
1485
1871
3799
2004
126
2692
3563
4294
2877
2950
3226
3861
1727
2086
1954
2830
3805
3646
4362
1688
2247
1663
3661
3448
2633
1370
1278
3006
1461
2960
5203
2748
2400
2090
1921
5043
3075
1699
2637
2639
3120
1541
2834
3698
3938
3770
5096
3434
2340
1654
3211
3524
2169
2591
4290
3986
2157
2285
2458
2798
3727
3572
2065
1845
4241
2725
3969
6466
2299
3512
5394
3027
5126
2363
3437
3863
2846
3319
3608
4192
5257
4751
3820
2858
4727
4356
2849
1896
2587
2755
2642
4912
1913
850
1389
4049
5079
2558
3824
3397
3332
4718
3927
2601
2071
4935
4918
4453
3663
3433
4118
3750
3088
3672
3004
1650
501
998
3207
3347
2789
1335
2823
2792
3963
4090
3346
3043
2460
3621
3357
2626
1985
3140
3423
4776
3215
2685
2466
2408
747
-438
-729
-695
-175
-180
-201
-851
-940
-105
-1147
-795
-738
-488
-284
-471
-531
-451
-344
-527
-636
-650
-751
-961
-587
951
451
880
-213
-159
105
788
399
-362
-346
916
-181
-772
536
366
672
813
-482
478
677
-104
1317
-464
-349
-544
-318
1069
-937
375
-529
1296
-259
-143
805
186
-518
903
-23
-15
-135
-269
-69
948
-309
342
-242
518
1565
1084
623
-267
216
24
445
328
-192
726
845
367
1233
-21
16
-692
727
386
-355
-315
2132
1522
-506
-124
102
736
-157
167
933
-38
-178
293
1058
276
458
-316
1273
251
-237
1096
121
1078
-266
167
-306
-17
665
1235
154
-172
-144
126
-418
-4
371
459
1409
386
-34
160
607
-211
309
645
-151
248
1156
-281
-136
-335
-53
-381
411
-197
638
-561
1045
22
-150
-155
-726
443
-214
-537
-448
85
644
-387
1035
-263
948
180
1602
220
439
1447
-358
-152
101
816
462
739
131
77
-202
488
390
515
948
137
765
-160
-42
653
143
809
-280
1539
439
-255
-6
-18
435
-122
682
-258
402
633
1834
639
-233
-809
-481
177
527
-337
493
52
14
230
395
-392
387
380
1020
-117
-288
462
1146
-212
-69
402
-252
378
-550
1481
721
-336
220
909
1427
235
1135
142
1228
808
1338
30
-261
-62
111
14
681
277
190
-644
802
496
456
1472
-142
1470
-110
629
-290
2056
348
257
917
-116
-181
-100
-131
-113
-198
-334
865
390
338
629
924
246
-479
-84
923
97
334
-11
203
132
332
-55
425
-82
1248
639
-30
426
192
223
-557
-278
-14
866
35
778
1754
-255
109
163
465
-104
-289
-168
487
-87
544
164
187
-371
118
-357
-552
-362
1146
-6
975
-3
-113
191
950
1145
440
661
-52
168
-487
892
-164
906
-443
-6
-155
624
-731
-118
973
1455
-265
2059
2150
-603
1363
982
-803
265
846
765
41
-177
2020
-261
562
193
212
554
745
342
-193
-259
-792
-759
50
265
791
-423
-53
-989
1093
710
-37
159
474
-388
-49
249
1607
668
808
1229
-159
-160
-112
383
786
534
811
26
694
565
-207
36
287
155
737
-652
344
-261
555
341
56
-363
196
-111
603
882
45
-259
687
-566
62
-151
-72
536
784
103
1039
830
-476
546
38
-240
-139
388
836
89
-260
353
-624
378
94
-11
134
-115
1276
24
-184
-377
102
-232
945
476
1427
565
633
-3
112
1313
-39
-345
615
-411
-154
1284
-427
-146
925
868
-542
-32
-933
2217
-372
285
-14
1118
-371
-203
-104
566
1860
235
-377
470
339
-158
-71
531
63
557
607
167
648
482
711
-639
-514
-403
266
-89
161
652
1257
265
158
-344
609
1010
1069
52
85
-124
-70
286
-560
1025
-10
1014
502
1083
137
-84
-453
-553
644
-142
-617
689
1250
580
-128
-57
-164
139
354
-48
-488
-577
420
-456
-522
373
327
152
-249
-629
557
614
990
-608
-72
667
-58
-151
703
363
1017
-604
-140
1670
333
333
-209
511
-273
1083
-95
417
-432
429
1332
-338
697
1937
-622
1513
-440
1015
-68
856
1164
174
1320
745
-304
-161
1384
56
96
362
603
-83
816
2340
285
234
211
-331
897
401
734
-429
459
1479
-208
558
992
-162
844
177
-271
-484
261
-149
-87
992
415
-586
204
197
486
1353
638
761
1624
386
435
741
71
-126
-706
421
-332
148
-156
402
-161
1140
1775
-153
444
-235
519
145
476
-418
-596
-377
-151
-37
-57
30
-320
-60
678
428
267
64
148
1267
1791
946
1023
1750
806
173
412
724
504
1836
-58
988
271
556
86
681
1597
2336
768
674
-299
1614
698
45
666
2856
682
827
2376
3943
600
1292
1348
2397
511
650
520
504
2305
1153
546
1800
3042
434
773
1234
45
3859
94
5812
1730
3776
3433
1729
907
618
1635
517
3182
2600
937
2611
1954
885
523
1213
4937
537
389
1764
3067
4263
744
202
3173
3174
2374
3511
71
1865
1909
698
2325
1461
4088
322
930
3429
3497
1626
2759
3667
3140
4390
101
592
411
227
2530
2325
796
1371
2468
501
1229
1145
3504
3550
2372
991
1999
1481
1938
2574
3383
2569
1944
2496
2168
1289
255
956
1029
3623
2725
86
602
302
197
381
1055
2119
4647
284
669
854
956
956
3732
1622
1694
1304
4257
1771
813
1254
817
350
1067
1545
1642
823
654
401
1856
2836
4855
28
6045
254
1928
2899
4935
1817
3906
1318
1569
3447
5788
3602
917
1956
83
2618
1569
583
2171
2067
1970
924
4173
538
3156
197
1556
618
3845
3274
1174
1917
437
3034
2769
2765
1520
610
1624
1047
2355
159
1020
2585
1121
264
690
1566
1676
2382
1251
454
1009
645
1197
409
3873
5805
289
1929
745
453
130
1241
698
1706
479
3687
2706
1469
1203
1426
2722
2006
1254
1253
3155
1409
8431
1176
5093
1905
2367
995
2315
3008
872
5369
716
446
1762
1243
4453
2279
3424
3373
1222
1911
4865
1594
1471
4524
896
2043
2147
4492
2014
1388
3076
3996
2411
3046
6521
1102
1138
1635
4016
4911
4504
3926
1975
52
524
1099
4490
3829
2040
4449
531
284
1198
887
870
28
1167
306
1970
5255
2368
3267
174
889
1260
1
1847
2711
840
3380
1372
164
511
452
3985
517
1625
518
1918
2354
2090
1006
4163
1735
1497
922
2227
3827
682
645
1929
1162
1399
2704
322
2553
387
1244
603
3007
778
2807
4932
888
2713
903
1648
4357
777
202
1541
1309
1468
326
1636
1355
1849
65
786
2322
4936
3144
2916
3519
1938
2243
3062
4087
2147
442
1547
1827
924
1083
765
4755
2265
917
2629
5034
2488
634
1927
423
2969
432
3205
3578
2768
1657
284
795
4998
1290
1431
660
1171
3355
369
2055
2531
3442
684
735
1013
5054
755
435
1159
1539
1337
927
76
928
2473
1014
550
1466
572
1998
2563
2673
2164
137
108
2289
1652
2468
2871
1234
190
1
3426
725
845
2969
1979
723
439
1236
1946
2264
3334
1336
24
2636
1277
3471
2807
1068
2106
3049
4184
1637
988
3540
1869
306
952
1795
2775
567
1592
1477
4895
3260
207
3089
914
2492
2754
302
314
1641
328
3195
1321
2232
2786
400
170
490
4356
4410
1047
2276
345
4763
1052
953
460
2270
4988
2337
4565
339
5254
611
641
229
637
1206
1974
149
1451
10
206
1806
3494
385
5099
2108
3230
3688
925
2946
1392
2005
883
153
256
1960
1750
1459
2146
3061
2840
877
913
1388
1379
242
2675
1371
1046
2063
1228
1147
3239
2745
2660
1456
381
9
1402
941
2040
2799
1355
2929
146
646
2073
1042
2400
695
3239
1525
2617
2149
266
1466
398
2619
2446
2243
465
2804
1687
3048
242
1827
4770
472
2640
4129
1504
715
148
4045
1313
3082
1308
1084
2316
4365
2329
460
493
709
661
272
3577
1170
2982
531
4734
901
1671
2463
709
1023
419
96
534
438
1780
3982
89
242
4769
1794
1934
3313
1955
3616
4037
1779
2425
1362
1917
3804
2737
4383
212
4442
2682
818
5157
512
333
1193
2737
909
1479
1371
4006
3798
2290
1096
7352
2044
1953
3442
42
4316
570
3102
2295
3060
3317
1612
1840
345
5128
1776
261
4324
5229
148
1994
3092
781
1190
149
856
2399
1255
1316
2780
1396
2641
2042
682
1051
1934
3506
124
1481
1058
570
2176
756
4499
674
72
163
1465
3911
2648
2840
988
118
2045
1195
1919
2387
2742
5251
3971
3813
5930
2324
3460
5392
3140
3194
903
3157
4165
2184
2932
1034
1529
4206
5529
4520
3832
5082
5066
7904
3667
6482
7987
5025
4665
6496
9951
6365
5339
3373
5754
5338
6611
4833
3847
5907
3947
3169
5882
5191
4505
6797
9542
6960
5158
10680
7243
6819
5999
6083
4082
9539
8185
4875
7096
3840
5701
5291
9909
3036
3061
3943
10997
6879
6058
4626
8260
8563
4119
8740
8195
4388
7071
5641
9007
10348
6349
5304
4691
7492
6838
7074
4167
3984
5006
4506
6626
8417
9536
5968
7421
3662
4229
9888
6598
5894
5709
7543
5654
4693
4443
3304
6596
4783
5733
3444
3354
5081
1130
3874
6768
6838
7946
4117
7486
7908
4034
5862
5546
8366
9004
4421
4770
2844
4706
5288
4533
4506
9469
4184
6946
5162
7787
4756
7501
5303
6639
4376
8926
5406
4122
7650
3593
3620
9538
8139
4938
4740
9341
4711
4983
5124
7438
8051
7881
4813
8590
3931
9696
4232
4085
9172
3290
5911
4726
6656
5201
3997
4714
4059
5989
3362
6016
4950
3110
3794
4984
4835
4866
5645
6869
3455
3728
5067
7213
9113
6345
5951
1937
7013
5522
7222
4954
7660
4251
3982
5953
5568
5949
4023
9285
6731
7643
8324
7337
7476
4223
4548
5045
4567
7591
12246
1759
5111
5385
7090
2699
4653
7157
7481
9062
8754
3012
2387
4620
6608
7937
6811
10406
8617
4908
9709
8968
5483
10937
10640
3741
10743
7435
7004
10156
2339
3333
6845
10437
12981
9788
11876
4561
5929
7916
7207
9136
4324
6635
6880
6573
10035
5017
4425
4873
5310
7083
4045
9013
7609
6363
1946
3958
7030
5097
7075
3804
4656
3636
4995
5715
6109
5560
7143
5612
5406
4078
5403
1642
4757
4352
4318
10615
8918
8483
5150
6971
5323
4932
3691
4475
5767
7928
3986
4754
6715
6310
6584
6628
5779
10205
4427
1622
5908
7406
4658
2829
4662
6831
2959
4328
7370
7297
6369
4166
3616
6086
8950
6416
5247
9143
8493
8150
8173
9328
7534
2363
6480
6609
7507
1982
5189
9701
10952
7624
8184
8122
10703
5103
4007
8116
6660
13567
8594
8047
9926
6332
5591
6382
4984
2341
4269
8754
6074
7065
8224
8813
11280
11436
4509
6600
12195
6520
4330
5328
4073
6300
5954
4721
8257
8075
5435
6669
6332
2987
4529
5594
5100
13810
7794
6730
4972
5700
2701
5352
5334
6021
4762
4760
5230
7230
5421
5647
7868
8283
5876
7695
7978
4981
5452
7632
5079
6585
4316
3598
4195
6870
3418
9031
6615
7096
9304
8862
5088
3069
4220
7838
8762
2950
5706
7299
7035
5543
2591
5273
3903
3661
7558
8030
5959
7268
11033
4824
7882
7054
8500
5604
5297
5053
7967
5165
6477
1983
8126
6818
7578
1753
2950
6905
3399
5676
6821
8176
8556
5781
6936
7563
8219
3040
5625
7197
7164
12688
10033
5388
3968
5905
7194
7671
6948
2105
4017
5043
9284
8717
13405
7821
11187
4912
6361
6898
4345
5375
3554
3154
6768
7972
7234
8810
7791
5789
3751
5354
6727
541
4968
2735
5140
2998
6865
6744
3838
5135
10498
3470
4686
5117
7156
8436
8979
5995
7689
5486
7503
6483
6085
5651
9993
2076
3412
5009
7042
6120
9247
5086
1778
8728
6507
5558
3344
6481
4695
3481
6726
5009
5022
4517
7340
8404
5140
4675
5351
5233
6239
7668
5720
7449
4743
4273
4664
7030
4584
3819
6717
5298
2837
5722
3383
8225
5345
3091
9088
7563
4436
8601
6369
4885
8427
8961
3559
3282
3936
5834
2867
4593
12283
6533
3585
6729
5306
4805
6609
9140
5082
4283
5282
2951
3652
3455
3902
8591
11933
5186
8656
7814
4865
6323
6158
2778
4904
6916
4923
9285
11345
5510
7549
9336
6593
3143
5672
6848
8499
4355
5252
2704
2004
2707
3031
7467
3707
5268
3774
5529
7790
5106
7362
10092
11101
8139
5881
10468
6546
7578
5237
8612
3896
4397
4231
3893
7663
5892
4585
4290
5346
3308
5859
7500
4628
9415
6778
8574
6955
3762
2457
3784
5360
5407
4006
6567
7231
4007
3894
1578
1272
2274
2578
1173
1139
2017
2078
3704
2281
1158
1604
2029
3138
732
3614
588
405
1234
983
621
1463
997
1304
3931
4249
3745
3596
2217
2270
5497
2654
1487
2236
2542
2103
3544
2504
1408
4194
3433
1915
3213
3346
1523
2659
3563
1566
2173
2515
5438
2301
2285
2942
3206
2418
1079
903
3538
2083
2592
825
2285
3905
3761
5302
5221
1886
2052
3480
5544
2748
544
2226
2306
2786
5919
2592
3556
3218
3734
4784
4953
3517
2820
2816
1682
2488
1996
1052
1595
1707
826
2593
2293
2454
1359
1238
1051
1573
3323
1370
5630
1755
1578
1717
568
2595
2226
2523
3131
2817
1436
1197
2559
1860
1993
1905
2373
1509
733
1507
1924
2446
2622
809
4746
2915
1161
3524
2813
3280
2346
2719
2611
1412
3360
7879
3655
454
4618
3486
4300
1547
846
2933
2790
1945
3780
586
2589
3330
2576
1941
2692
2124
1425
1300
1380
332
830
3191
4093
1712
1663
4050
5343
4611
713
7616
2158
2953
2500
3992
1832
2648
1279
4280
6486
2652
787
1109
2075
1368
2185
1219
2744
2357
3637
4797
2940
4285
3116
5032
3137
882
3927
1768
1562
1470
3333
3197
3369
2942
2308
1135
813
996
1701
5043
1909
984
2156
1617
2943
5170
1933
1046
2491
1786
1545
3163
3480
2447
3414
1753
4653
3116
2362
1430
2089
2628
2651
2525
3577
2346
1268
2918
557
1876
1359
3832
4408
1813
2739
2877
3111
4133
3040
2970
4699
1869
5027
2731
2239
2466
2789
1681
2828
2456
5344
2918
2135
1326
860
1897
1258
1975
4122
1618
2271
3609
4247
302
2179
3248
1354
1627
1542
2315
2456
1097
897
1678
2155
1788
1125
2413
355
796
1483
1221
1393
1696
3528
4289
2474
2025
1452
3543
1070
2792
3081
3416
2464
4100
1552
3097
3148
5274
3514
3824
1057
1176
1287
3628
2411
1030
1672
2658
1932
3421
3809
2653
1873
4058
4838
2303
2066
1992
7364
2679
3703
5357
4854
3376
2807
2041
1643
2773
2028
2807
1980
2049
3111
3452
4416
1757
2808
2321
3250
931
1715
1015
6319
2464
2015
2369
1992
1255
4158
3545
3902
1314
2764
2579
2192
1013
2651
3663
3900
3578
835
1601
1066
3985
1614
6204
2903
4834
1663
2751
1755
4064
953
1239
903
1036
1885
2048
812
326
1133
1473
1608
894
3723
3651
2865
4207
1581
1852
1912
2175
1976
1411
1297
1371
2577
921
2235
1148
996
1110
2543
3884
1918
2630
2536
3810
4701
1957
924
1636
3109
2450
1706
2485
3803
1176
577
2381
1937
1748
1699
1085
1589
3123
3145
4938
2769
2751
1119
1547
5048
2488
2893
5559
2126
3007
1302
3917
2093
1802
3272
3590
507
752
1018
1241
1802
1863
1100
3124
687
3080
5353
1492
4026
1725
3031
1069
3222
2726
1492
2473
1203
582
1928
3986
2464
504
2507
2140
4971
2287
4938
4274
2331
2940
3153
1469
1073
1445
1836
1571
2454
1656
3234
1444
2801
1642
1649
3543
255
541
1155
-61
2641
2883
2720
3953
2107
1445
2158
839
4097
3148
3949
1264
2308
2777
5013
2365
2439
2364
2266
237
695
975
2677
1298
2041
2452
2422
2414
2490
7235
3742
4442
2731
1899
1358
2281
2084
3095
4105
2970
2667
1172
688
3028
632
1772
1897
2630
2243
817
3075
1077
475
3456
1480
3313
3446
1653
2576
1816
2748
2943
2532
1136
2079
4472
2321
3875
4264
2610
4621
4046
911
1114
1661
995
2225
2326
3796
5142
3589
2976
3077
1050
1692
4487
3525
2733
1519
4509
3771
1297
2623
2107
1486
4776
3627
3158
1107
3525
6544
653
1075
3329
5828
3738
3258
1147
2379
2721
2779
2371
1445
2336
3071
2139
1324
2900
3825
2522
4171
4481
2745
2450
3906
1512
1143
4255
4671
745
2090
3596
2833
1489
1775
2970
4438
5390
3080
2845
1395
2727
1980
5414
2494
2623
1999
1067
1640
1873
3238
4752
1801
3049
2238
2664
872
922
2285
3060
6267
2178
4366
1687
186
52
42
80
4573
1581
94
128
1603
127
1212
151
66
104
51
54
2122
308
1055
175
812
228
1212
61
11
31
3900
39
163
42
122
1147
377
82
2293
15
31
123
1694
1911
71
11
1098
1147
89
33
3352
141
136
2318
244
4376
2167
101
617
3009
1457
131
1901
527
7
151
198
41
45
54
4515
113
71
964
573
1240
1397
135
40
117
61
1878
66
35
16
111
29
15
98
59
43
1893
60
156
97
14
4158
2732
252
42
114
5283
307
1512
1325
1324
174
1962
28
208
159
2486
189
980
76
386
1334
1135
9
1579
163
51
4270
289
917
22
742
71
2162
560
318
724
189
2668
1018
961
195
1435
833
2192
150
1197
103
45
94
228
1705
48
311
3337
3036
437
1724
2204
208
104
3217
65
140
100
77
1177
1979
292
25
707
1239
386
728
1956
311
2960
314
243
33
1417
2097
176
31
99
53
50
1341
586
1734
37
261
1481
1745
1996
227
1551
18
802
4465
332
3287
142
1310
135
19
1964
1948
873
2520
775
19
2776
182
242
966
129
1704
247
1596
82
72
1281
254
70
54
1344
68
5010
22
64
25
30
207
1028
172
1764
2843
176
742
1677
276
513
1496
1068
144
901
2300
136
109
462
661
62
3356
112
3293
1009
515
1187
239
769
186
2281
26
122
654
817
0
124
732
77
111
195
1638
125
198
2960
150
848
552
143
106
4767
307
886
178
452
1899
225
773
58
727
132
92
1923
786
110
638
36
2816
88
1621
292
521
597
1793
141
3523
1220
19
1948
129
1456
157
1938
34
1007
2035
340
3293
66
2058
1570
113
116
2794
22
160
0
35
135
658
53
16
34
973
23
33
45
3196
251
74
0
177
4458
2012
219
883
38
1836
1602
49
828
1171
21
832
104
3
1154
230
902
792
1139
3057
63
73
528
78
1230
85
1189
2838
220
47
1431
1410
84
136
2766
1687
9
275
16
2025
77
2487
225
44
1844
106
62
652
209
1594
2282
999
7
110
1356
2129
1474
93
204
17
1026
3
165
964
530
142
146
2042
21
39
41
3266
52
154
32
45
2645
19
153
903
4533
217
0
92
1763
1
363
54
155
96
534
3197
377
1138
849
51
119
2442
2
1237
61
864
1769
103
122
143
1253
76
2223
2550
1601
1
1784
30
1675
564
1556
983
99
472
1141
566
1385
156
775
163
107
152
635
1061
552
2430
218
108
6
1936
91
192
22
131
13
221
1529
1165
0
136
2423
99
1547
2335
110
4388
206
90
616
978
1209
760
245
251
789
572
805
173
1466
7
543
73
76
321
2469
144
75
1582
71
856
988
2869
127
373
986
212
540
1817
189
1500
248
2681
43
435
182
208
2758
3
77
3139
207
3908
1087
186
468
1479
547
568
112
4006
115
149
13
81
1213
901
109
1650
1177
19
2671
1885
183
2626
96
163
1075
131
191
101
993
10
41
689
1908
12
96
96
979
187
2520
932
1114
166
1399
190
225
1635
158
137
1558
2768
55
1494
75
3381
280
71
290
3897
11
577
184
1702
32
165
1
2890
73
3039
1125
228
94
1153
45
1311
259
29
110
3093
25
321
46
1571
90
2387
117
1504
1721
14
172
2127
214
74
149
1233
51
146
1877
844
106
2622
136
697
265
20
145
45
95
145
5
95
87
2417
242
370
10
918
2080
180
4734
55
2909
16
611
96
124
1172
31
5142
1816
41
607
1469
1249
446
121
668
1275
120
1573
705
1266
2320
1126
1629
1255
1234
1002
1716
2091
2711
1125
679
1007
1313
2337
659
467
456
1148
1842
1283
1532
2453
407
1116
58
824
2646
829
313
1046
1107
534
784
851
1271
413
179
270
368
112
415
116
3
22
222
640
548
304
-126
8
471
145
-121
126
268
35
-34
117
64
324
107
1066
830
-27
29
235
1356
1458
-71
185
44
303
770
607
116
-29
68
-41
-23
198
229
254
117
210
169
21
266
1130
2
79
81
638
913
991
29
991
562
85
135
88
315
140
56
418
788
165
-11
175
112
120
157
91
71
247
909
20
92
382
678
-42
510
260
626
681
21
270
396
-103
161
129
320
-105
-49
469
181
565
376
223
649
1916
505
536
-73
-9
479
208
553
226
189
384
604
386
1131
1258
139
397
112
58
646
834
153
126
93
611
334
226
550
471
551
-10
212
710
478
722
253
265
-54
657
330
250
-45
382
233
206
255
154
197
518
209
980
99
-24
333
1989
-105
44
38
124
125
532
1264
451
262
399
350
366
-94
917
720
535
1836
75
159
188
372
612
32
251
283
636
905
624
703
666
269
-18
-73
52
50
-7
-40
121
285
-20
529
-110
-15
-2
453
58
56
88
-15
518
172
168
-103
364
-6
59
75
-18
374
486
818
140
344
249
91
276
566
545
-78
355
534
-103
1128
1303
250
171
412
151
78
1375
606
794
276
65
212
476
376
423
394
191
249
-23
270
1221
366
278
630
940
-78
234
1
28
-36
84
363
514
39
-96
-30
867
115
50
99
978
314
732
980
1325
731
12
-43
313
-68
-80
101
-31
-109
54
68
3
-20
672
36
269
-112
48
280
774
338
598
22
199
236
119
-69
359
10
16
43
639
-64
35
-127
165
902
152
4
-88
45
196
345
-39
1848
1261
1345
1611
540
527
-16
40
736
1775
1064
279
-39
355
83
-216
-67
362
245
267
-98
262
594
285
467
411
-71
260
26
-152
-117
16
-90
296
405
-49
28
7
274
964
-169
-30
-19
537
594
-4
256
118
-17
76
710
1006
833
698
-151
-47
67
27
205
634
284
-49
-5
79
92
259
635
75
-36
52
854
284
230
262
281
503
10
376
420
745
1095
555
757
395
110
19
90
22
1015
639
210
-49
126
164
870
251
-106
500
-120
96
-65
138
501
623
147
116
113
136
475
758
462
723
-22
121
-25
-32
215
555
113
-59
-131
-88
-173
-24
-17
-46
-54
149
331
289
431
1068
164
203
110
195
-98
-44
790
800
252
179
381
21
-78
452
199
59
497
918
355
1438
830
10
111
1048
1386
195
1859
618
723
480
119
186
192
-5
316
578
240
714
1071
196
177
-13
-57
-52
337
221
552
274
379
-137
319
379
127
-4
100
158
53
20
290
476
299
235
26
257
925
256
-126
443
1116
253
237
58
107
65
-36
-15
-26
1065
335
226
-19
8
96
54
-67
1320
188
-3
175
-39
-86
140
58
80
332
898
115
241
294
170
56
91
153
30
56
688
-21
-17
-20
-34
84
240
649
627
732
956
-78
-9
1727
879
246
33
101
262
-26
144
60
-90
30
397
506
714
857
-10
688
154
92
-99
229
561
158
378
328
667
-40
191
1183
1542
390
479
1503
413
800
-2
667
512
134
63
-64
143
126
181
51
100
80
-67
108
640
57
-54
101
403
14
76
372
68
-30
-34
78
90
-10
117
-95
-184
-241
-176
-37
-130
-50
-76
-230
-215
-77
-231
-64
-109
-179
-185
-141
-146
-180
-67
-118
-167
-161
-163
-355
-343
-457
-250
-200
-119
-185
-349
-223
-219
-251
-261
-347
480
-158
-832
-151
-67
-131
-106
1422
-41
3
-239
-165
-374
-43
-552
-66
-6
-156
-269
-110
159
-383
-244
-155
-52
-162
460
-256
-356
-22
-97
-112
-168
-370
-565
210
-102
-71
1672
1091
-69
-138
-493
-117
-61
-108
-276
-446
-140
-42
-77
-79
-235
-571
-234
-409
-513
-427
-366
589
-65
-282
-90
-15
-48
-99
2043
-170
718
532
-173
-443
-164
-142
47
-82
-58
-241
-221
-89
-169
-115
-113
-241
-302
-141
2478
-4
-86
-345
-317
-344
-141
-6
-261
-159
-554
-149
-6
2195
-73
559
-13
-92
-201
-91
845
-171
-511
-194
-190
-250
-266
-152
-136
-38
400
-58
-180
-220
-525
-142
-299
848
-29
-765
-295
-53
-176
-174
2484
-135
-127
-8
-733
-322
-71
-228
-80
-113
-19
-336
-36
-721
-224
-285
-239
-320
-189
-85
-165
-201
-163
-82
3120
-128
-98
-156
-337
-466
2135
-292
-600
-571
-471
-142
-42
-229
-143
-68
-41
-294
-87
-87
-216
-154
-405
-129
-186
-120
-93
-80
-149
-453
-143
-57
1287
-28
-325
-322
-158
-76
-53
-87
-146
-190
-339
-729
-575
-349
-227
-344
-290
-101
1482
-72
-99
-141
-242
-52
3449
80
-74
-334
-421
-1
-262
-151
-370
-400
-46
-80
-522
-410
-408
136
-293
-133
609
-530
-138
-111
-184
1465
537
-123
-57
-92
-56
-89
-151
-251
-170
-784
-282
-279
-135
-69
-82
1887
-108
-104
-21
-290
-306
-203
-178
142
-162
-639
-44
-251
-645
-316
-92
-113
-602
-38
-228
-88
-180
-214
-125
1181
2128
-165
-529
-58
-109
-224
-426
-273
-618
-99
-130
-223
-332
-649
-368
-838
-251
-323
-45
-143
-176
-93
1302
-23
-3
-501
-372
-523
-398
-315
-179
-506
-84
-110
-297
-80
-74
-98
-115
-180
690
-268
332
-153
-53
-148
-50
-201
-324
-104
-246
-152
-145
-123
-387
-470
-200
-117
-158
-291
-275
-147
-284
-438
392
267
-109
-340
-69
-79
-98
-116
952
-85
-154
-117
-100
-298
-206
-80
-2
-122
2135
-124
-133
-93
-135
-94
-105
-79
-54
-289
-376
-33
-65
-78
-37
-138
-54
-218
-271
-100
-129
-381
-241
-140
-228
-123
1304
-104
-232
-22
931
-118
-304
-291
-107
-81
205
-139
-331
-109
-212
-175
-140
-471
-153
-190
-293
-107
-98
-178
-59
-330
-290
-81
3
-100
-71
211
-169
-323
-198
-128
-661
-54
-115
-123
-142
-264
-236
-249
-72
-281
-494
-124
-121
-93
-282
-110
-216
-87
-505
-26
-128
-85
-27
-413
-590
-122
-25
-353
-317
-211
-284
-55
-143
-72
-17
-231
-305
-16
-29
-404
-390
-378
59
1020
-152
-75
-225
-354
2468
-125
109
-133
-129
-122
-128
-540
-550
-202
585
-38
-28
-119
-133
-249
-75
-231
-305
1242
-171
-293
-141
-124
-62
-183
-13
855
-115
659
-304
-557
-351
-232
2701
-94
-134
-863
555
687
-465
-160
-320
-145
-141
-333
-502
-326
-550
-22
-35
299
-10
-48
-25
-93
-269
-401
-269
-245
-284
-365
-58
-11
-171
-37
-17
-27
-78
-31
-248
-486
538
-115
-113
-135
-139
-10
-110
-412
-152
-380
-314
-285
-39
-294
-390
-82
-201
-615
-288
471
-452
1150
-39
1985
-72
-343
859
443
-71
-73
-206
-311
-32
-131
-408
-289
-336
-127
-278
-263
-250
-173
-26
222
-256
-136
3309
-25
-61
-97
-24
406
-79
-120
-768
907
-24
-71
-92
-399
2823
86
-146
1075
-49
-179
-97
-22
-137
-82
-142
-346
2050
3508
708
-68
-328
-38
-81
-54
3854
3877
8516
-36
3663
1935
-138
-16
-240
-76
1744
487
-306
-406
-31
-62
4116
536
557
871
3477
1622
3572
1178
142
2691
838
45
625
723
1981
2357
225
1239
1776
1752
229
1588
980
119
1562
3880
2033
411
1498
1698
275
1554
1398
1767
2033
1053
3554
2076
1634
3071
4180
2223
1799
3358
3230
29
1120
432
3427
2541
3594
404
3829
4561
865
1840
2268
4141
958
2147
1998
1200
1689
3134
154
2188
518
3261
1075
1806
626
1306
410
313
1246
1191
2954
193
805
96
877
1616
2762
429
4039
4809
1917
1515
1678
615
3548
334
123
1078
5169
1348
698
117
2435
575
1655
955
2003
1618
2081
2277
4555
2879
243
3783
435
951
1528
549
4618
605
1128
5057
824
415
3107
209
426
367
1186
1356
2856
2440
146
3590
692
4292
3250
655
934
4632
1812
1831
2072
1779
2685
1262
1489
1691
3599
20
3078
5229
3366
430
3142
1236
449
1181
3232
2307
296
4939
2855
2947
3174
658
163
1617
173
992
1899
1606
2055
2303
4143
1142
898
1136
59
182
413
2034
241
409
1266
1015
740
478
668
2920
511
460
1321
2608
801
2990
3555
2866
5236
2296
1227
216
68
3033
686
125
4402
3670
1658
2833
2890
4348
618
493
1903
1528
2025
1151
319
1086
2942
155
4189
2908
966
504
3125
2396
1873
1069
1596
1416
858
3925
1356
478
111
2369
126
320
147
1399
1694
1330
2937
506
314
3271
327
472
2037
1821
5419
378
660
3116
2788
773
1149
2626
2576
792
1596
13
2494
765
665
1757
2065
23
247
692
2096
4854
805
2668
305
648
1981
2018
3508
2196
1211
683
216
4630
1352
1652
1053
2891
325
794
90
1410
288
1999
1734
3217
967
820
1280
2067
472
3086
3475
126
1536
2190
620
2061
2558
3111
653
679
1222
840
2319
2493
3705
1907
113
1063
430
1327
1683
156
39
518
1864
2577
2069
924
455
93
802
235
2957
373
2516
1490
2139
1346
1614
1136
4044
197
236
791
1066
1372
4022
3286
1169
156
772
683
426
520
1186
517
2014
787
560
856
133
2613
827
1727
856
865
2357
786
346
813
4361
230
663
2645
1420
928
783
2185
6741
2495
875
3684
4790
2028
1669
3354
1506
1146
2800
3178
81
3710
117
1641
3509
722
1830
1006
1757
1145
4638
1111
764
4026
1399
477
1715
5016
1022
1869
2750
699
499
585
1684
2990
5
4281
2721
1017
1202
937
5257
739
2867
549
1519
1165
954
383
3122
234
831
1225
3577
2497
1781
2161
2812
737
2252
1690
806
1647
3041
2975
2047
461
1259
1477
2362
1114
696
572
2570
203
1204
616
2102
3203
1009
2021
3053
1833
420
899
2118
2302
31
196
440
2353
662
2313
925
585
416
593
4795
2464
15
1608
2264
319
621
517
417
670
2778
2437
2091
1677
762
1081
3240
626
1675
3015
2647
3539
343
1929
2708
934
396
2637
2957
5051
833
2745
1028
133
1504
2124
2760
79
92
4064
417
146
3796
1830
809
1636
1021
1891
2190
2835
1519
619
2750
1857
157
2072
655
2439
1357
3171
5298
925
1823
3683
1174
545
3130
174
3338
2114
3234
4179
1783
1529
3476
364
2256
2858
651
1772
2310
2538
994
3453
2396
875
2725
1621
956
984
1483
492
3308
5758
3900
3396
2748
2475
162
2239
302
417
470
1902
218
2700
9
2155
4894
1408
410
1555
2640
954
4915
1418
844
1190
1978
240
955
1833
2169
341
190
1894
3756
1769
3715
479
1230
239
417
1706
1920
4242
326
139
4721
1057
170
5083
1549
1986
181
1773
3812
2801
556
843
2271
492
1627
405
1430
259
1902
1361
1510
2270
1237
28
997
311
1751
514
2761
3677
2101
393
3355
1622
1195
34
2030
98
5963
1727
2187
463
380
125
102
5542
1503
1377
1232
1034
279
307
1679
125
1099
4446
1228
-379
1754
90
3383
2526
1146
1000
1641
1285
413
1036
369
1980
476
1282
377
116
1458
1172
225
477
1125
-67
1471
-46
3226
1947
4484
3288
2407
5716
2647
2868
2359
5111
2434
8118
5173
3277
4073
4187
2111
3189
1811
2670
2726
4483
4780
-39
7120
3612
4552
2757
4877
1942
6160
1892
2566
4630
3867
3278
3449
3382
5294
3278
3459
4065
2212
4988
3491
2612
4407
2423
5319
6200
3103
6867
5096
2955
4986
3323
5570
4203
3183
1715
5004
1967
2633
2548
2998
3529
5027
2419
2919
3353
937
-386
4493
3114
2376
3307
3530
3513
4848
3601
2230
1093
2398
2087
4184
2955
2886
73
688
4392
3948
4671
1855
2595
4226
2559
3778
3510
6458
4729
1371
4104
2171
2777
3613
1631
2919
2903
2489
1536
2000
3724
2820
1960
3103
5456
823
5236
2145
1769
4411
932
3642
6208
1265
2471
4905
5789
2158
2762
3106
3399
3317
8351
2918
3953
2409
3778
3174
1275
2094
2822
5011
-74
4080
2697
2969
2587
2587
3601
3013
2518
1473
1488
4244
1847
2175
4231
2069
4216
1825
1870
1864
5419
6287
4236
3488
1287
3016
5902
598
2609
2648
1625
1921
4404
3328
5638
1260
4197
3065
2610
3887
1921
3878
1872
1939
2195
4411
3016
6199
723
4381
2411
5551
4144
3826
4404
1743
4436
4954
2391
1869
2174
1870
4525
2539
2544
7791
1880
4971
5789
4908
3221
5405
550
3932
2820
2594
4345
3231
3233
4662
5845
4051
2373
5825
1662
2648
5673
3417
4741
1862
4518
2932
5901
2823
2637
3021
1382
3289
4065
2191
4971
2571
2182
2020
2227
6072
2581
5045
2494
1964
2126
2867
4447
3660
4618
1794
3449
3141
2961
3120
31
1838
2517
2602
4565
10400
3879
3533
4898
2009
7226
3185
2820
1376
5261
1005
1590
4624
1863
3071
1765
3222
3434
4317
127
2747
4069
385
3638
2713
5127
1909
1670
2116
3472
4059
4119
1840
134
6342
1125
1873
5180
3959
3208
5476
8485
5228
623
2829
1800
1843
4798
3922
4611
3589
3036
3214
5049
3150
2783
1620
5622
3444
4673
3862
5871
4638
4000
2773
4776
3825
2480
2555
2917
5205
1896
3913
4506
1902
5280
3279
4985
8529
6324
2105
3417
1000
2916
5990
2608
3006
2798
3414
6258
3345
1900
3699
4139
3128
8188
5896
4829
1375
2685
2901
3237
1171
2777
1853
1383
2388
3656
5684
-139
3170
4882
4082
3327
2995
2775
2400
3139
3357
3316
3111
2590
1235
3632
2306
6552
3470
3480
1051
1977
1940
3834
2630
2671
6821
1651
3412
2457
1256
2003
1826
3003
2840
1642
1933
4662
3606
3961
5193
4139
3567
5170
3994
5694
4664
3083
4339
3070
5907
1542
843
2373
6681
994
3403
4426
1044
2463
2136
3086
2178
2907
2568
3733
4599
1661
2115
5299
3972
3184
4332
2941
1718
698
3470
6668
4250
1509
830
3128
2368
4503
6312
3089
6942
3764
1963
5004
4392
1940
560
1955
3206
6567
3336
3038
3925
4741
2475
2768
1942
532
2028
1424
1315
2251
4103
2666
4398
1954
4206
2672
2252
5402
5499
2808
2533
2094
4109
5452
3697
1197
248
2351
6499
346
1106
483
1970
2802
2546
1848
2920
5682
4674
4591
1007
2684
5716
423
2019
4377
2259
6360
5069
6614
5068
2328
686
180
3298
2428
3461
3748
4245
2609
2748
1602
2378
3505
1824
2188
2490
3785
4050
4274
2990
2311
3796
4812
4155
4847
3226
2687
3708
4120
2988
3416
2933
2167
2360
1675
5627
3794
2664
1985
5286
1113
3861
4975
4357
1871
3231
655
3073
2632
5077
3931
5961
2259
2644
5527
1854
1781
2569
3854
3134
4752
2514
3834
4775
4720
3303
3420
3940
3382
2323
3390
4433
3293
2519
1144
2732
1767
1702
1555
4139
3528
3713
2983
4372
2317
3426
7446
5641
3748
3813
8458
4594
1394
4226
3939
2801
2412
893
958
5102
2637
2274
4080
3444
2463
863
2265
2757
2622
3795
6826
2903
2883
2032
2051
2641
1072
3594
7700
3827
2725
4496
-657
-603
-453
-968
-951
-882
-740
-605
-757
-837
-517
-707
-884
-688
-594
-479
-786
-968
-839
-687
-390
-604
-820
-772
-860
-715
-681
-618
-519
-832
-997
-854
-308
642
-371
-953
-500
-789
-412
-269
-953
-808
-943
-863
-760
-989
-637
435
-78
-323
-864
-369
707
-357
-783
-324
-884
-955
-875
23
124
-306
-360
-947
-393
-636
-679
-439
-888
-866
-639
-974
-997
-913
-736
-284
-868
-726
-791
-687
-882
-624
-459
-835
-835
-469
-566
-616
-427
-450
-847
-1008
-512
34
-940
-778
-1004
-559
-768
-856
-1006
-285
-839
-859
-992
-916
-759
-941
-896
-983
-1007
-900
-648
-419
-519
-835
-467
-993
-517
-181
-807
-312
-911
-898
-905
-879
-454
-861
-914
-763
-389
-356
-387
-676
-867
-919
-172
-788
-672
-473
-858
-787
-662
-711
-623
-659
-501
-506
-735
-27
-836
-392
-489
-675
-635
-590
-1035
-890
-868
-1004
-775
-548
-746
-1016
-786
-310
-924
-776
-1033
-898
-935
-604
-713
-760
-1015
-573
-551
-837
-455
-801
-725
-88
-812
-759
-391
-708
-764
-624
-737
-1027
-668
454
-649
-695
-939
-584
-453
-799
-686
-576
-848
-947
-761
-556
-703
-1014
-369
-700
-993
-651
-377
-318
-476
-866
-890
-970
-854
-853
-728
-619
-586
-603
-765
-643
-1000
-575
-193
-849
-927
-776
-818
-987
-968
-386
-347
-445
-28
-821
-929
-805
-749
-930
-839
-856
-499
-762
-751
-673
-738
-749
-1025
-675
-987
-874
-706
-637
-962
-1014
-878
-896
-827
-680
-689
-58
-908
-959
-670
-586
-883
-615
-352
-1007
-822
-985
-873
-445
-973
-1025
-688
183
-637
-616
-341
-558
-743
-981
-965
-915
-936
-824
-527
-393
-233
-550
-949
-847
-736
-810
-836
92
-596
-519
-685
-536
-593
-500
-206
-561
-213
-510
-693
-353
-103
-47
460
-913
-693
-594
-681
-125
-737
-990
-915
-823
-922
-939
-964
-493
-656
-780
-785
-669
-614
-661
-981
-598
-633
-970
-968
-784
-604
-960
-768
-909
-910
-821
-885
-953
-935
-881
-719
-589
-938
-967
-803
-941
-607
-979
-565
-806
-786
-250
-799
-198
-928
-989
-725
-767
-612
-78
-503
-660
-305
-782
-559
-836
-625
-775
-902
-925
-852
-781
-246
-732
-436
-350
-1024
-466
-752
-919
-280
15
-720
-645
-535
-881
-791
-644
-944
-654
-795
-622
-777
-709
-561
-592
-856
-960
-862
-780
-704
-932
-664
-773
-759
-1002
-988
-798
-862
-995
-490
-415
-991
-908
-930
-942
-378
-529
-833
-695
-451
-1010
-288
-1008
3
-616
-862
-803
-508
-633
-898
-543
-899
-874
-951
-1001
-930
-762
-597
-776
-204
-804
-557
-807
-1043
-557
-753
-904
-974
-434
-377
-498
-460
-1006
-467
-239
-947
-590
-1000
-852
-812
-821
-578
-871
-886
-786
-485
-604
-858
-99
-993
-920
-890
-756
-829
-913
-1011
-990
-790
-552
-469
-768
-384
-271
-961
-973
-333
-536
-531
-968
-993
-984
-837
-800
-761
-692
-540
-732
-949
-748
-924
-694
-386
-327
-216
-942
-868
-607
-536
-830
-940
-850
-869
-335
-785
-862
-913
-503
-594
-708
-329
-71
-464
275
-762
-945
-618
-677
-684
-729
-111
-346
-434
-472
-850
-837
-948
-936
-914
-459
-611
-815
-693
-744
-428
-534
-634
-822
-751
-383
-567
-884
-911
-576
-743
-758
-751
-919
-493
-496
-706
-633
-923
-964
-974
-373
-881
-1000
-878
-1008
-678
-276
-672
-521
-831
-888
-707
-587
-807
-865
-696
-479
-702
-813
-899
-871
-902
-884
-804
-515
-998
-891
-276
-719
-559
-38
-888
-986
-506
-353
-858
-873
206
-417
-584
-979
-977
-978
-911
-615
-727
118
-872
-846
-725
-877
-447
-748
-938
-960
-842
-770
-664
-574
-537
-940
-594
-567
-635
-852
-607
-630
-618
-544
-43
-160
-836
-938
-782
-705
-1002
-1008
-751
-658
-812
-957
-824
-711
-831
-930
-907
-402
-839
-499
298
-631
-848
-434
-948
-979
-970
-681
-1007
-487
-1543
-1014
-1529
-968
-376
-569
-803
239
-1227
-515
15
-1281
-712
-851
-605
-534
-623
-1323
-1125
-941
-696
-1000
-189
251
-170
-349
917
-108
-893
137
-1398
-431
5
-311
-835
1025
888
1138
-248
-14
-590
-495
517
-557
-977
1067
-742
-477
-916
-457
-349
461
-598
-507
1314
-317
76
-623
-319
-503
-661
-959
-896
-411
-395
-588
-275
-70
-852
332
-488
-329
-413
-140
-1252
313
-333
-289
-654
-917
-777
-751
-287
-613
-426
-1084
-28
-355
-354
-73
-443
-14
-127
264
-118
-602
78
-299
-307
-240
-808
-596
1385
-494
-187
-457
-247
1361
-284
-111
-100
-403
-1256
-126
-659
114
-556
1314
-160
-139
-21
-511
-517
279
41
580
-509
-535
-270
-125
72
-262
52
-1011
-798
-1000
733
-442
720
-1185
-941
-437
-225
-208
-762
-159
-348
-95
-604
-1212
-441
-492
138
-1330
-256
-960
-158
-111
-95
-947
1076
-89
-956
1559
293
993
-210
-536
-663
-1253
695
-801
-8
-467
-219
-200
343
759
-231
-777
1353
-807
-80
488
-1184
-466
425
-1141
-14
-235
-318
-287
1158
-874
533
-543
-552
-750
-66
112
-372
-639
364
-218
-922
-562
44
-1278
-869
-600
-757
969
-660
1585
-225
-1025
-788
-381
-811
-448
-717
-560
-472
-414
-292
-503
-483
-367
63
972
-1271
-210
1597
-339
1194
-1268
-385
-185
-251
-465
-212
-74
-470
-235
910
-100
-394
28
-487
-212
-692
-342
-790
-162
-1212
637
-628
-735
833
-745
-202
1340
-590
483
-1038
-538
-681
-1172
-806
-102
-223
-295
-706
-403
239
790
-976
62
1471
-991
871
-788
-182
-93
-738
539
314
-1079
1664
-746
336
513
125
-200
394
-764
-339
-226
-197
-746
-919
596
-597
-863
-389
510
33
-332
-740
-111
-850
385
-946
-472
-493
-523
-204
-279
-738
-441
-754
-977
-385
590
-407
-123
-916
643
-1323
-664
-725
-1016
-66
-167
-272
1312
-950
1041
-1035
-829
1498
-531
-325
393
-341
-229
-512
-616
-393
-524
480
-526
-835
63
415
237
-80
1406
-854
-571
-186
-1049
-352
-245
-205
-822
-387
-1025
-271
-529
-541
-536
770
-931
-847
-572
33
-982
-344
-139
-778
828
-633
506
374
779
6
-192
-309
-689
49
935
-870
-650
371
263
851
-813
803
-1442
761
-754
-750
577
-555
-343
-104
-480
852
-501
164
-206
-88
-883
263
-557
-231
-465
-851
184
-672
147
-704
76
-416
-727
541
-27
-1033
695
-722
1135
-760
302
-292
-346
-756
-894
-161
-316
240
-207
389
-230
441
-1104
-334
-361
-1326
1065
-754
-33
-107
638
-196
-1334
-369
-446
201
-620
-442
752
112
72
-185
-899
-175
-17
-1205
-358
373
-173
-168
-777
-353
-246
519
-390
-969
-527
-212
-559
-713
245
-647
-67
-158
-1381
-746
799
-391
163
511
-88
-1378
-382
-1501
1243
-175
-318
296
-696
-487
-489
-682
195
-1019
442
-260
-40
-1030
732
-363
-457
-184
-405
-1193
-566
837
-509
42
-584
-761
-862
287
-650
3
-161
-485
164
-599
-879
-257
-61
-794
-784
-234
-665
-44
-634
-993
1623
-835
341
-203
-434
453
-298
-167
878
-797
-448
-1394
-597
-792
248
-513
-16
-475
-725
2324
-980
-802
915
-488
-476
-1109
-511
-741
-810
-609
935
79
66
-577
-211
827
855
-149
-476
2
-1123
-52
-155
-1018
-247
129
-760
-101
-698
1405
1171
343
80
-730
-1290
-854
262
-181
-106
-618
-827
-290
-1368
-981
445
-666
-19
-516
-290
-844
-455
-332
-443
-638
-1211
-478
-651
-599
503
-326
876
-546
260
-964
-71
691
140
-232
-258
525
-334
-241
335
-403
18
-646
186
-357
1719
-610
-104
-968
706
-187
1124
255
-368
1670
1325
176
531
1208
1254
-356
91
883
230
466
2137
1053
818
777
-81
1570
225
761
466
672
1312
13
244
1314
284
787
1071
376
1563
866
-235
1092
-296
-203
607
533
689
389
325
1032
985
988
588
804
996
49
375
215
-519
9
619
-86
551
610
-636
961
-338
382
30
513
-323
222
-189
1265
-205
524
939
-620
147
602
1362
250
1042
-505
-343
-319
1239
415
316
967
246
832
707
1146
1124
703
-340
1033
427
126
862
-28
527
171
1213
357
1224
-490
-158
204
1054
874
-77
626
920
829
914
587
1409
-221
906
-115
895
274
1044
759
248
424
635
395
-185
912
-335
795
1203
-192
183
376
1072
303
-48
134
906
115
482
738
363
986
-300
1189
-20
385
92
-168
173
1581
388
-435
-439
1002
324
205
375
443
-212
288
569
236
-16
132
367
-430
297
1058
632
436
463
-106
-357
1308
302
215
789
632
180
89
977
472
159
-135
727
981
27
-472
842
-20
525
-86
331
393
170
305
116
1149
1068
602
-120
772
610
-159
200
396
1149
-487
-202
687
-548
399
776
-56
1469
-588
-333
564
-103
-286
1573
-482
1799
710
661
-153
393
437
-50
540
355
824
39
-74
588
789
-133
1012
309
518
323
141
898
-8
390
-21
361
554
1150
261
1024
164
1067
-205
-98
-226
-381
136
1315
-315
204
1027
350
1063
492
-38
665
244
707
872
-3
444
373
124
351
450
1327
190
1613
-254
537
1630
-229
263
112
-156
351
745
-116
203
16
487
1076
1145
660
1302
-28
391
491
-200
589
-321
163
237
537
421
809
2
332
157
-423
804
-60
87
172
-5
1230
1394
-378
864
152
-382
458
663
-331
-291
362
655
-172
-261
432
918
-228
-117
34
1329
591
387
413
-163
300
42
371
302
729
-229
-82
444
1072
561
451
-51
1253
-60
204
102
-136
822
1051
-311
395
-73
731
1796
-155
387
499
-234
95
962
572
79
434
419
339
398
213
541
954
369
-292
6
-536
-578
-340
385
395
629
916
487
1130
77
473
608
-188
-604
515
51
351
555
-356
696
517
1393
35
-101
709
957
-833
-47
777
-284
47
-274
362
1131
222
-496
160
808
1032
466
489
-556
317
-132
576
572
527
1901
386
980
195
-245
1261
-355
125
-455
377
-186
774
902
-55
317
341
242
-384
-660
379
250
629
76
1163
16
-5
907
615
450
-56
420
911
111
621
374
355
-36
216
240
95
657
106
-405
818
1135
1013
608
-268
434
-373
675
-401
171
487
-324
1325
586
-206
267
-186
-273
-146
689
-100
27
137
730
-19
439
1026
245
1035
549
-222
-194
-486
490
1526
-69
1325
972
-857
503
-539
38
605
964
349
-186
-74
-208
-31
1053
412
1006
363
652
5
-98
-228
208
1010
612
28
2123
184
240
529
241
1816
1529
84
-530
-492
245
474
-75
967
615
-301
681
934
657
416
444
-150
185
43
847
721
418
771
718
139
446
199
658
-101
167
741
713
569
453
651
640
33
406
490
474
-54
1121
781
113
432
695
-390
172
346
168
284
481
800
1232
-129
382
295
893
932
835
156
1173
676
1079
-125
-168
-191
774
950
526
-31
583
492
1283
-90
1122
1252
45
26
-314
-874
1121
1657
-119
516
2578
31
-182
826
153
846
226
1250
319
714
985
-477
442
363
175
595
637
589
829
881
468
284
-138
794
1661
-329
738
121
468
208
58
466
-605
1269
-269
1021
482
352
875
-309
532
-221
648
-321
1349
525
325
-99
368
182
292
667
-42
814
425
329
-198
191
-507
2002
952
-90
540
-142
-238
-417
-314
57
-389
-963
-333
664
100
668
-86
-1028
-347
290
-982
-1129
-1251
-646
160
-86
-245
-458
143
-528
-56
586
-475
-757
-557
-624
-309
-549
-619
-274
-260
-509
-995
-359
-700
-97
-861
-427
-490
-1088
-294
-336
34
-563
-481
-857
-620
-300
-960
-349
-1510
-1163
-1351
-389
-779
-1407
-625
-733
-1930
-642
-413
222
-956
-680
-603
35
-645
-726
-109
-1746
-702
-490
-829
-28
-562
-632
-942
-1331
-768
-991
-11
-267
-146
-167
-1612
-435
-217
-626
-1259
-148
-962
-549
-631
-1777
-1143
-258
-465
-178
-1255
-1498
-212
-370
-782
-1558
-890
-245
-655
-142
-630
-858
-143
-1012
-540
-451
-806
-370
-350
-1412
-772
-1540
-444
-545
-573
-512
-440
-800
-167
-400
-559
-742
-472
-498
-841
-798
-7
-21
-829
-781
-410
-575
-1022
-1284
100
-161
653
-320
-328
127
-1149
-1025
-284
-765
-961
-829
-896
-1348
-1166
-134
-860
-1069
-414
-750
-251
-779
-691
-706
-1132
193
-850
-1032
-346
-1010
-366
-1231
-16
-1182
-1316
-1080
-576
-118
-141
-140
-192
-797
-937
-413
-606
-598
-89
-566
-971
-1528
-864
-274
-963
-313
-528
-1846
-590
-1299
-1403
-74
-54
-785
-789
-956
-1550
-444
131
-611
-725
-615
-483
-556
-912
-306
-139
-527
-505
-693
-1071
-1847
-221
-1159
-839
-1140
-634
-466
214
-268
-649
-1096
-484
-385
-474
-739
-433
-1937
-582
-857
-820
-1267
-715
-656
-334
-597
-441
-1413
-353
-542
-601
-1073
-798
-1078
-628
-1052
-275
-976
-1039
-873
-560
-694
-824
-1239
141
-816
-875
-527
-842
-970
-535
-335
272
-958
-751
-1065
-962
-418
-192
-1365
-196
-325
-503
-236
-573
-385
-835
-514
-453
-410
-205
-943
-1155
-564
-575
-786
-1110
-1027
-65
-224
-794
-229
-1190
-464
-423
-672
-812
-565
-914
-939
-390
-690
-1174
-1129
-1223
-918
-468
-30
-210
-1872
-485
-926
-542
-669
-817
-1189
-1028
-524
-664
-405
-1061
-327
-681
-245
-830
-985
-1355
-575
-546
-255
-105
-502
-1352
-1116
-689
-751
46
-514
-347
-369
-530
235
-461
-1228
-721
-667
-191
-776
-183
-267
-1647
-493
-1031
-208
-25
-904
146
340
-566
77
-277
-612
-352
-36
-414
-576
-970
-1103
-120
-146
-1409
-290
-173
-45
-872
-744
-1108
-543
-1098
-778
-444
-1408
-520
-460
-78
-304
-1448
-738
-342
-1346
-790
-1084
224
210
-146
-420
-740
-79
-513
-1388
-2345
-142
-623
-654
-445
-312
-318
-1295
123
-275
-554
-1701
-549
-795
-103
-922
-330
-549
-813
-444
-397
-433
-884
-515
-551
-608
-304
-719
-893
-1346
-1234
-665
-378
-468
-607
-441
-335
-459
-766
-694
-602
-1209
-699
-909
-199
-1060
-1024
-219
-306
-681
-646
-695
-637
-559
-22
-139
-116
-882
-586
-665
-565
-488
-757
-86
274
-312
-1040
-780
-687
-940
-839
-671
-897
-193
-218
-1540
-231
-1202
-439
-862
-220
-654
-734
-515
-297
125
-938
-915
-1462
-568
-1070
-142
-554
-309
-1028
-99
-310
-575
-484
-842
759
-235
-230
84
-510
-511
-1172
-1434
-1159
-879
-1120
-453
-223
-463
-1001
-95
-422
-688
-273
-624
-532
-826
-176
-1313
-683
227
-356
-246
-794
-885
-868
-347
-379
-472
-222
-224
-746
431
-898
-525
-297
-596
-1303
-926
-365
-613
-211
-1044
-439
-533
-2139
-526
-305
-82
267
-139
-852
-1151
-1256
-410
-1511
-321
-1256
-866
-32
-515
-519
-989
-540
-1230
-146
-597
-370
-982
-1112
-1442
-321
-423
-532
-286
-1190
-702
-1360
186
-496
-278
-629
-792
-523
-1388
-913
-1586
-608
-1127
-1642
-126
-326
-1138
-538
-756
-995
-768
-775
-172
-1118
-725
-1094
-520
-974
-1270
-1516
-939
-704
-396
-456
-668
-505
-1604
-523
-704
-696
-515
-1308
-599
-751
-1152
-1037
-1039
-1049
-955
-555
-1183
-1181
-857
-628
-212
-409
-516
-453
-560
-972
-650
-1216
-432
-353
-108
-645
-1459
-510
-606
-1045
-369
-742
-1141
-578
-794
-1128
-1185
-862
-825
-536
-281
-426
-128
-1096
-402
-284
228
898
-92
-300
-741
-1043
-845
-1345
-796
-374
-45
-315
-418
-650
-528
360
-189
-211
-240
-12
-100
-216
-726
-86
-478
312
-910
-1258
-1695
-1399
-832
-1612
-1492
-726
-1234
-2361
-977
-2081
-1138
-800
-1271
-1424
-1020
-886
-659
-1324
-1038
-840
-1258
-86
-2162
-553
-1921
-1505
-658
-537
-1192
-890
-803
-1251
-92
-970
-1325
-694
-698
-1247
-1115
-764
-959
-1003
-1390
-1235
-641
-239
-515
-513
-834
-656
-424
-885
-1564
-562
-654
-986
-603
-718
-856
-1328
-1151
-1529
-999
-914
-401
-406
-968
-1130
-1063
-185
-948
-1559
-1126
-1080
-481
-709
-312
-472
-672
-719
-719
-1324
-1053
-584
-1489
-635
-144
-1763
-987
-1322
-712
-1073
-473
-491
-555
-985
-1721
-521
-114
-517
-1048
-1361
-616
-1979
-879
-1240
-1149
-273
-691
-1173
-1320
-1164
-1171
-1375
-1468
-1433
-627
-15
-687
-621
-533
-1093
-1166
-707
-2098
-537
-544
-990
-1773
-1031
-181
-1788
-1082
-1133
-777
-967
-1156
-1106
-1265
-1394
-1620
574
-1398
-610
-1548
-931
-1804
-1251
-530
-649
-731
-1529
-1858
-1142
-444
-1365
-1131
-1480
-600
-708
-928
-1479
-1999
-1195
-1127
-30
-1573
-1817
-838
-769
-1892
-1423
-1389
-1179
-1042
-1183
-1018
-1245
-845
-643
-851
-1227
-1217
-1073
-995
-834
-1146
-549
-1350
30
-1407
-1277
-841
-897
-1498
-1986
-1404
-639
-911
-702
-712
-490
-953
-407
-615
-292
-1124
-972
-1052
-1433
-209
-418
-521
-438
-1074
-940
-373
-1055
-1572
-979
-1187
-537
-1239
-1320
-347
-411
-725
-593
-688
-1310
-1291
-1276
-1071
-1363
-811
-567
-633
-238
-1438
-753
-509
-1204
-1753
-1491
-979
-513
-746
-299
-298
-1092
-948
-215
-1513
-910
-1077
-904
-267
-973
-702
-895
-1974
45
-1006
-137
-505
-876
-1043
-1363
-910
-1661
-912
-1195
-1186
-1500
-645
-1026
-1663
-1190
-767
-918
-450
-863
-670
-581
-1111
-424
-1206
-1131
-782
-240
-1464
-760
-554
-908
-1131
-463
-649
-1807
-789
-921
-1536
-565
-1328
-1634
-715
-737
-1899
-1127
-662
-306
-1481
-634
-527
-1418
-1174
-706
-685
-1078
-2007
-734
-561
-927
-694
-1096
-826
-563
-1512
-887
-1651
-227
-571
-1340
-1044
-464
-1341
-683
-442
-223
-303
-1061
-181
-755
-1100
-1133
-1171
-872
-470
-204
-365
-579
-957
-403
-1512
-584
-722
-1448
-344
-382
-1241
-1147
-1129
-453
-428
-1079
-292
-1172
-902
-934
-286
-918
-551
-252
-1072
-1241
-1155
-193
-1153
-1001
-1036
-551
-627
-289
-1119
-742
-1061
-544
-154
-549
-806
-1181
-388
-222
-297
-1280
-533
-1190
-599
-1256
-740
-542
-1411
-1166
-1061
-253
-402
-559
-1053
-496
-1036
-672
-744
-1357
-1526
-1625
-689
-136
-622
-2062
-820
-913
-1801
-1261
-926
-567
-1272
-443
-597
-426
-1664
-105
-1272
-448
-775
-1214
-778
-1094
-728
-554
-513
-921
-792
-521
-929
-892
-1901
-761
-699
-762
-1063
-929
-847
-902
-1772
-48
-1217
-489
-272
-739
-1565
-662
-1458
-476
-903
-994
-428
-694
-627
-1475
-1284
-850
-1132
-985
-1392
-1667
-1754
116
-923
-23
-984
-459
-604
-941
-505
-728
-1161
-410
-870
-1809
-560
-935
-1299
-1371
-820
-322
-312
-1959
-869
-1152
-1061
-244
-1023
412
-695
-635
-875
-1197
-889
-986
-1445
-1405
-1114
-2265
-37
-1214
-1189
-1088
-906
-733
-568
-1098
-1729
-499
-1065
-911
-778
-332
-1408
-645
-846
-515
-206
-956
-1039
-511
-426
-1734
-261
-1593
-954
-782
-1122
-489
-487
-1766
-530
-649
-1432
-839
-647
-275
-1358
-509
-1801
-791
-1050
-644
-1100
-1326
-923
-1001
-747
-1073
-947
-123
-1032
-1473
-1441
-347
-667
-730
-1859
-1728
-1767
-206
-1310
-680
-359
-366
-931
-747
-785
-1112
-722
-202
-732
-524
-791
-512
-689
-1103
-1303
-663
-576
-1197
-1824
-2328
-712
-385
-943
-646
-948
-450
-760
-98
-896
-1015
-1059
-839
-984
-986
-1054
-1113
-328
-480
-919
-937
-836
-825
-957
-1858
-652
-88
-1326
-994
-1775
-556
-1003
-319
-1065
-715
-617
-633
-729
-1987
-929
-557
-798
-800
-810
-774
-931
-1053
-767
-1228
-654
649
-95
-316
-2235
-219
-760
-1081
-1530
-643
-551
-1285
-978
490
-398
-206
-758
119
-253
698
-278
-1417
-391
-629
-219
22
-699
-842
-2761
-764
-1084
-1802
-2382
-458
-1101
-779
-1208
-787
-1175
-593
-1246
-464
-1035
-348
-520
-344
-553
-745
-557
-489
-1691
-2327
-946
-635
-812
-759
-966
-423
-589
-2169
-709
-404
-857
-1443
-1403
-775
-775
-1058
-1751
-1079
-1686
-651
-1810
-743
-2531
-2328
-994
-1622
-1813
-1035
-1018
-469
-816
-454
-663
-803
-2127
-304
-972
-871
-51
-746
-2328
-739
-572
-1016
-1662
-286
-1535
-2557
-424
-650
-1348
-926
-845
-515
-1914
-232
-936
-740
-1033
-1146
-1458
-1198
-1017
-1671
-935
-313
-646
-1040
-1271
-362
-675
-551
-898
-480
-412
-1227
-1075
-1054
-1217
-849
-369
-1309
-704
-999
-675
-2146
-3143
-1333
-654
-1052
-1115
-955
-1190
-227
-1033
-1706
-1574
-1039
-137
-103
-914
-1559
-899
-1077
-593
-1557
-1038
-818
-869
-998
-1805
-2169
-1054
-2013
-1119
-1463
-1363
-792
-289
-520
-868
-1176
-306
-183
-838
-1245
-539
-12
-417
-1451
-1077
-925
-1204
-840
-949
-895
-1102
-1078
-1051
-1716
-1161
-1904
-789
-616
-707
-1128
-2724
-529
-1608
-1177
-246
-574
-428
-193
-104
-1251
-1623
-696
-214
-570
-701
-838
-941
-1299
-1702
-1190
-1077
-1489
-980
-2307
-1633
-800
-979
-2183
-808
-418
-792
138
-349
-686
-504
-682
-842
-1669
-1373
-236
-697
-915
-1629
-363
-258
-1386
-1856
-1422
-1320
-236
115
-1618
-1041
-1705
-672
-1277
-301
-1813
-2100
-2153
-481
-1007
-852
-763
-1323
-795
-1258
-833
-486
-648
-870
-163
-1691
-731
-32
-736
-1288
-1130
-1292
-99
-68
-416
-1047
-2458
-1370
-621
-430
-652
-2077
-1722
-1051
-847
-542
-790
-1918
-1583
-320
-877
-1249
-2473
-1283
-322
-767
-253
-857
-906
-737
-346
-968
-569
-678
-578
-1825
-889
-960
-1171
-944
-578
-1074
-1380
-1445
-1372
-172
-1168
-2309
-2022
-978
-991
-879
-1249
-943
-177
-342
-1028
-805
-1888
-2498
-569
-471
-375
-1013
-1623
-1428
-1368
-1522
-1775
-1360
-1214
-903
-2540
-1330
-2702
-1640
-1757
-1049
-674
-1450
-2021
-723
-198
-1530
-1071
-543
-1238
-557
-264
-808
-2209
-1535
-1567
-878
-728
-1607
-1565
-1248
-1127
-768
-673
-1704
-1207
-2319
-727
-1137
-1766
-578
-801
-2932
-1314
-1776
-1853
-874
-1566
-2327
-710
-767
-629
-248
-761
-839
-1081
-1011
-556
-1883
-604
-1130
-1136
-996
-1823
-2096
-1122
-172
-1236
-726
-736
-2132
-1579
-1250
-544
-850
-311
-584
-1275
-2036
-803
-504
-1477
-2188
-1257
-1600
-1879
-1420
-961
-886
-1301
-492
-2408
-583
-1025
-1383
-883
-1512
-751
-575
-488
-887
-1199
-1215
-224
-428
-419
-1722
-394
-393
-1338
-1585
-648
-1171
-2122
-1430
-374
-816
-1353
-409
-2221
-1529
-1284
-149
-260
-871
-1511
-93
-123
-104
-645
-1963
-1612
-1138
-1310
-533
-327
-1208
-1196
-1104
-281
-611
-1591
-971
-2059
-936
-575
-916
-763
-1797
-1644
-1173
-485
-622
-581
-1565
-741
-1601
-962
-769
-1001
-339
-4
-1638
-454
-1144
-708
-762
-1259
-892
-1011
-432
-1101
-1415
-973
-1475
-943
-945
-142
-947
-1200
-1209
-766
-1868
-1212
-1037
-436
-948
-301
-1518
-2289
-698
-1660
-771
-777
-411
-838
-1588
-1724
-1313
-978
-561
-1330
-1400
-1176
-855
-721
-1106
-846
-355
-2690
-1645
-903
-1420
-1423
-1238
-789
-838
-799
-524
-480
-1262
-857
-2006
-1783
-90
-1231
-1481
-1922
-734
-403
-968
-1223
-1072
-3489
-986
-1931
-601
-1603
-957
-1153
-940
-536
-975
-702
-932
-1034
-1222
-1639
-1144
-1060
-1691
-1674
-296
-1300
-827
-1751
-725
-1134
-479
-1418
-458
-1580
-787
-611
-1336
-1914
-566
-684
-957
-182
-872
-1816
-1283
-1017
-729
-669
-92
-785
-593
-1366
-1551
-1027
-10
-210
-1100
-983
-1242
-1096
-2087
-2951
-455
-668
-2600
-674
-1955
-1462
-1167
-1062
-1074
-2092
123
-824
-1430
-1580
-1204
-1137
-917
-401
-892
-255
-731
-171
-336
-912
-1840
-1020
-2750
-1567
-1343
-570
-693
-686
-1610
-1169
-276
-1081
-1452
-1024
-1804
-1044
-676
268
1277
303
1447
890
1591
1496
636
325
1967
423
934
1100
1017
165
249
596
324
1091
70
94
336
897
729
42
947
32
2786
1300
3
1143
2309
384
1448
956
1242
141
709
1327
90
44
1582
435
222
696
557
1779
1700
113
1110
2585
1314
961
50
648
432
1281
1490
409
19
1275
707
1297
648
504
418
1704
3003
687
533
1437
216
936
2404
917
2455
26
494
808
241
1742
347
1133
177
1043
74
2173
338
1537
1070
1243
375
1880
2143
2044
1458
145
18
1256
468
433
538
2034
1482
401
145
1107
2047
196
322
112
591
44
271
1269
790
1586
708
2337
617
280
698
1462
7
810
934
618
1257
287
574
2847
234
1383
624
858
1358
3838
1870
4778
1663
1279
83
1203
480
136
1236
365
2846
1690
1038
166
1021
130
1678
900
115
593
513
1421
1496
1401
1225
1585
846
452
547
2573
859
823
1087
1154
865
858
3297
737
538
503
429
782
848
765
739
451
207
1110
369
1014
791
261
553
224
2271
234
2145
1946
83
1271
2435
621
321
738
1092
1146
7
921
91
976
1536
451
1238
360
1172
1809
7
1129
1657
128
524
1439
517
598
1130
14
77
491
1276
863
27
307
855
1224
701
766
787
694
407
742
379
1528
270
191
440
1590
2026
1181
212
1585
152
1790
590
1954
80
1461
1319
347
4161
643
2909
124
157
1086
429
751
1705
743
1695
1607
1947
1618
592
1295
1044
153
586
2326
1960
2917
583
11
1318
1732
479
2042
1
477
1759
1632
568
28
191
382
95
1463
18
548
12
2811
461
1395
357
156
603
1129
435
839
633
1037
2362
824
1250
1282
782
427
2156
133
981
646
2468
3475
892
784
484
294
316
2048
147
181
724
524
285
472
2621
969
1771
913
1414
13
56
744
1667
1056
154
3638
3404
3134
2356
692
2316
492
952
219
499
4236
1869
569
725
1778
14
860
63
1
298
1184
3062
1727
73
376
2117
2415
111
683
416
673
44
434
1021
2059
804
450
1102
321
1196
359
2202
967
892
1001
739
443
334
2173
351
1332
151
540
439
1670
1408
263
1181
1246
1218
201
2068
2802
2702
137
1985
455
1474
770
1633
2039
714
1860
111
1033
226
1572
2131
642
580
129
176
1025
493
460
5623
786
522
1830
1105
83
780
1080
955
481
927
347
291
748
1465
226
586
2143
1779
871
1341
648
281
637
2862
1720
859
163
1579
95
90
1812
1136
422
114
1504
1878
916
924
1382
709
1105
2004
771
446
165
1898
1595
1321
100
1380
28
888
550
147
389
73
1158
1186
2471
594
1381
1010
51
224
1057
329
748
70
374
848
90
650
666
910
1211
198
691
1231
2219
926
73
371
1528
143
1168
887
1011
1351
468
997
226
712
909
110
410
330
1745
523
1283
422
161
88
1264
332
1333
379
259
1169
665
841
1017
488
1289
2584
750
613
683
1305
765
1290
782
1076
215
2326
507
849
900
1646
807
659
82
1136
1135
271
960
578
1138
1462
136
715
877
829
1524
883
2152
966
1079
2585
23
715
424
1287
1021
321
717
3433
854
497
2617
1447
638
564
434
2395
3789
944
165
163
2241
1643
1491
364
581
3136
2093
1213
334
35
1168
1693
1448
115
892
779
1351
2375
1859
218
945
1190
429
215
1759
270
156
1184
186
30
379
1370
272
1416
2868
86
591
1511
2031
1209
801
1321
1842
139
646
876
53
875
1141
839
734
1502
29
878
563
295
1260
254
19
354
361
411
893
2447
1030
612
123
1109
565
303
1895
31
1219
320
2074
1190
1400
1255
1534
881
2252
1345
1215
1584
937
1234
604
946
1078
1098
938
931
934
1067
586
1000
692
1511
1143
480
2489
2695
2221
7263
3759
3570
4641
4391
2401
4135
2163
4353
4585
2983
1750
1723
3546
2281
1810
2199
3893
4118
4027
3397
1914
3443
2777
2211
4033
2085
3516
3000
1732
2294
5592
3720
3454
2833
4171
3015
2213
2867
2921
3340
5637
3019
3314
3878
2634
4894
1672
3866
3496
2330
2915
3553
4101
4535
2845
2170
3938
2068
1075
2441
2974
1586
2343
3140
2494
2543
2463
3574
3523
6339
3785
1256
3968
3601
2361
3463
2988
2593
3030
2768
3078
4135
1616
5027
3020
3644
4752
4985
4789
2514
3586
4434
2707
3295
3097
5122
1869
2618
3198
2049
1534
3614
3159
1629
2776
3299
1749
1806
3538
1563
1927
2350
2744
2987
4572
3736
1864
5934
2902
3398
3875
3092
2707
4650
2875
2187
1701
2654
4908
4921
5715
3851
4249
3564
3146
2844
2729
2606
3943
3560
2830
3865
3710
3326
2342
2587
1938
2296
3530
2791
2302
2871
3817
4462
3545
4815
2738
2427
3435
2570
4046
1660
2907
3563
3647
4029
3919
2376
1739
3022
1573
2253
4638
4187
3234
3279
2194
3501
3185
2704
4191
4050
2817
3590
3087
1879
2578
2972
4380
3119
1800
3502
3833
3350
4264
2519
3356
3394
2498
2357
1222
1801
2497
2033
5780
3792
4204
3603
3887
3154
3829
3441
3962
4263
2769
4244
4919
1432
3055
2247
3402
2829
1714
2094
2339
3363
3132
3336
2824
2938
5109
2716
2432
1234
3267
1902
2875
3201
1610
2067
3763
3040
3843
3039
3990
2594
3205
1624
2404
2106
2035
3305
3404
5792
2688
3050
3306
1873
3139
3178
1368
3226
2861
4312
6716
4796
2747
3430
2642
3626
3082
2337
1579
3175
3461
2058
1847
2732
2525
2128
1683
2990
2287
1503
3540
2895
3986
3304
3127
3309
2522
1662
2332
3630
1216
2794
3002
1882
1894
2560
1428
1034
4300
4694
3924
3967
3652
4808
977
3542
2176
2582
2440
1649
1847
2146
1958
4371
3611
3808
2815
2559
4165
2488
2169
2105
2924
2327
2673
1451
2610
1771
2947
2249
1045
1870
4067
3808
3573
2987
2233
2038
3523
4238
2752
1438
1318
2164
4100
3809
3745
3879
4369
4953
3483
3084
2564
1698
1737
4313
4491
5530
3238
1731
1828
2304
3684
2688
1967
2515
1883
2294
4733
3839
3449
2817
2477
2272
3188
3119
1966
4347
3044
2318
2150
3902
1769
1319
2257
3099
2956
2249
3378
3108
2133
2042
2203
2102
3126
1969
2685
4221
1971
1682
4081
3047
2217
4324
2111
1931
2980
3331
4031
3289
2585
3277
4599
3993
2988
4084
4600
2568
2777
4842
2226
2389
5881
4880
2448
5170
3746
3365
3855
3265
3675
1979
3005
3056
4075
2614
2538
3523
4151
4203
3476
1272
3258
2277
1612
4111
4337
3585
757
3163
3360
1801
4879
3591
4099
3090
1849
3680
3079
775
1759
2006
2067
3623
5059
2953
2339
4293
1935
1515
1359
2648
1869
3409
2038
2499
1977
2221
3627
2279
3358
4528
3068
3804
3871
4732
3480
3500
3148
4297
4199
2919
3275
1787
3876
6370
2142
2095
1864
2121
4642
3991
2686
1626
2582
1478
5662
3034
5115
3951
4041
2691
4627
3872
5457
2438
4455
3186
2304
3646
1587
3551
2603
2009
3016
1803
2271
1977
2653
3160
2208
2725
3085
2538
2970
2383
1947
1389
2578
3268
4215
3345
4604
1846
2901
3178
3509
3975
3227
4418
3000
2211
2053
5091
2793
3220
3219
2739
2543
1727
2294
1569
1806
2067
2679
1154
2071
2578
3579
3125
1019
2293
1567
2699
2328
2462
2983
3284
1513
2559
3670
2336
2488
3602
2858
2362
3649
3078
4574
5149
2430
1802
1547
1908
2083
2063
1163
3313
3133
2100
4707
2650
2408
5214
4724
4245
3575
2156
3241
1363
1709
3629
3899
2106
3325
3519
1820
3385
1937
3785
3446
2253
1457
3762
2065
3581
1397
1884
3213
2981
1757
2093
3671
4213
2480
4165
3825
4753
3090
2401
4167
834
1402
2029
3406
2149
1113
1871
1822
1184
2214
3950
2307
2116
2717
2862
1915
1034
1105
1292
1369
1758
2828
1499
-456
844
3865
1495
-859
660
2863
1468
1863
3208
-268
-2026
739
-36
-171
-1103
1322
1563
2566
1379
1822
174
-283
831
-1529
-935
-1573
-1581
1750
891
-171
-1725
937
-1338
972
4145
1415
1072
380
-316
1625
949
705
563
589
3314
50
2413
1946
-369
1201
2228
2783
-958
-708
797
4448
2922
577
-1300
-1821
1258
605
-877
1654
413
997
200
-336
-755
-1281
492
-280
1414
-243
1161
-771
1129
-401
1898
-888
-1971
-1655
-1414
-1446
520
-283
1022
-718
-1856
-202
-68
1463
1998
2591
-372
180
-819
-191
1144
1874
329
2092
-117
-1828
1846
2203
2428
4527
256
2524
1272
476
3499
-8
1000
2195
-371
1570
1022
729
1107
3627
258
1661
1036
1093
-509
1030
519
1024
-892
-2161
-608
-467
468
-148
-126
-95
384
-775
3668
-862
1854
1548
1799
-783
659
-958
1525
-260
1120
3391
3911
2448
1022
-918
3868
856
1243
1128
-1249
-448
-580
2526
-1887
-673
3194
2460
1021
3467
-81
-439
-264
-196
-301
-610
-2812
-2291
706
1112
-2718
-1394
-224
3678
1392
-251
104
666
-1386
3423
-1053
-1035
1072
-449
-505
-221
1165
496
1183
1395
385
3477
693
2219
1801
1607
3092
-2078
1738
1305
90
-886
950
-1339
1084
155
-209
837
-198
403
-61
1736
2642
-1494
-261
-1546
-187
1810
57
891
-352
1456
-660
-1077
1512
2544
-1165
851
1245
790
2408
216
1577
2006
-47
150
2849
1444
3496
-1453
3119
-857
-149
44
-233
-1072
1313
2243
-954
-1941
621
924
-781
1181
-180
-734
1231
-194
-143
931
-468
-1560
-373
-633
-2047
361
-332
-219
456
-1034
-71
-1900
1959
3463
740
110
1645
1923
1791
707
2791
898
2915
-380
262
533
5246
-227
-261
-463
-1230
2155
-308
1722
-164
2174
184
-625
-328
1224
1653
1604
-719
321
-1000
-176
-1144
912
-568
1603
-3860
-688
-743
640
714
-1234
823
-708
-573
1436
2509
1584
1060
1049
-526
189
1271
1771
-658
390
874
-1040
469
-4
3230
-112
2065
-521
436
460
812
2769
4833
620
-187
-1065
-900
399
-61
578
-1088
389
695
-54
-592
1261
-96
487
-78
-486
-1425
141
994
2009
3043
-1095
-649
-2252
1100
812
-1182
-1945
436
2121
1769
63
2471
-50
961
2824
2246
714
3352
612
436
-351
-1661
657
-16
1400
1071
-222
1597
-908
1635
1051
860
-84
-579
884
-753
669
951
-193
-1095
660
-715
-1111
2089
3055
978
221
1129
-363
-1613
1403
244
-1
1137
2524
-256
80
355
945
-277
-1191
2912
-898
-511
347
1396
69
177
-648
-1058
2106
534
1063
1804
-270
-167
374
1238
-1557
-627
2043
1241
1632
3102
3068
-279
-392
1266
1551
792
1214
1749
1785
1883
-402
2787
1575
87
1317
-341
741
2097
1363
359
560
868
1308
-1747
-1657
2733
1361
2346
1499
-338
-813
393
-1296
445
694
-1104
2221
2347
2127
3026
2635
-202
-539
848
1286
694
593
200
1623
-1295
-715
-1447
45
4048
1941
1335
2349
276
-224
-628
-58
-617
4910
-2119
-272
2567
329
-808
-256
804
1342
1682
1481
-915
27
-480
574
2822
2025
-1388
-1002
1243
2393
1120
-876
-1818
-3338
-603
753
101
1557
-793
2474
612
3013
1777
-1498
46
-954
936
-1086
-2931
-486
-228
-1211
2936
-1773
-313
787
981
-151
1185
18
-2322
-8
936
1723
439
-1836
-1661
1491
803
-561
659
699
122
2225
2264
1336
-211
600
-2828
-541
-104
2546
158
-477
114
1052
-287
-351
94
2094
-49
4357
3541
854
1602
-686
2351
193
237
2126
-447
-105
27
1678
2674
176
-522
2235
3320
1419
-1715
-648
1062
-287
3892
-1828
-2872
1671
-236
-279
-376
-776
-637
2541
1511
2763
1624
646
-582
2443
613
636
19
-1408
-224
-104
-67
-279
-1368
-206
-729
-303
-835
-537
792
-1223
-354
-86
-362
-144
-577
-40
129
-189
-522
-622
-458
754
-343
-157
-149
-812
-978
-188
-311
-986
-1092
-436
-250
-278
-682
-256
-856
-62
-917
-161
-841
-431
-29
-511
-822
-424
-461
-474
-572
-808
-280
-754
-469
-623
-548
-518
-199
-965
-613
-268
-797
-447
-683
-507
-508
-98
-1265
-939
-1194
-303
-978
-1170
-774
-773
-751
-800
-763
228
-478
-178
-776
-39
-681
-300
-1266
-192
-741
-689
-495
-577
-792
-464
-555
-628
-534
-622
-461
-1144
-502
-458
-851
467
-849
-246
-1018
-14
-767
-422
-296
-782
-1008
-460
-221
-1022
-308
-221
-548
-353
-362
-182
-634
-558
16
-516
-31
-1077
-445
-680
-674
-504
-490
-417
-957
-431
-710
-786
-1129
-148
-1053
-545
-598
-1038
-695
-303
-184
-1270
-150
-741
-137
-315
-478
-756
-331
-775
-465
-1157
-690
-66
-681
-393
-1183
-496
-564
-1178
-431
-1081
-334
-561
-496
-407
-725
-470
-468
-560
-743
-159
-526
-483
-82
-696
-1126
-184
-590
-664
-503
-347
-369
-527
-697
-616
-753
-1129
-790
-359
-915
-311
-1233
-493
-951
-752
-362
-518
-366
-442
-151
-317
-1138
158
-377
-842
-410
-525
-776
-472
-513
-414
-1046
-349
-1153
-1019
-522
-199
-752
-678
-661
-424
-718
-28
-674
-712
-178
-227
-541
-998
-398
-693
-268
-462
-473
-507
-469
-752
-572
-484
-743
-278
-722
-521
-362
-1081
-564
-1145
-329
-1496
-243
-1466
-418
-763
-936
433
-612
-181
-920
-402
-422
-606
-581
-5
-1023
-423
-112
-556
-971
-636
-618
-300
-191
-741
-63
-884
-687
-512
-454
-113
-878
-908
-423
-329
-857
-442
-785
-991
-373
-1017
-710
-994
-441
-458
-694
6
-451
-841
-266
-293
-487
-384
-447
-508
-557
-720
-260
772
-963
-506
-673
-461
-1329
-195
-415
-686
-877
-844
-827
-22
-377
-557
-322
-757
-517
-694
-278
-1155
-1074
-366
259
-759
-132
-1137
-242
-1113
-737
-619
-531
-377
-386
-1059
-616
-1003
-386
-745
-677
-8
-740
-1180
-150
241
-1787
-201
-252
-395
-134
-770
-142
-929
-967
-363
-739
-68
-1403
-329
-864
-673
-47
-415
-957
-924
-743
-339
-566
-840
-305
-198
-1332
-649
-1006
-609
-572
-366
-908
-454
-461
-464
-249
-299
-349
-749
-757
651
-1441
-252
-628
-325
-321
-1087
-1015
-576
-249
-664
-814
231
-1065
-881
-184
-399
-730
-308
-449
-680
-809
-533
-686
-621
-1040
-987
-1198
-565
-820
-414
-372
-402
127
-590
-577
-651
-228
-758
-701
-436
-738
-313
-275
-1018
-384
-340
-714
166
-1388
-695
-203
-901
-787
-268
-180
-1865
-219
775
-876
-685
277
-934
-585
-747
-267
-278
-541
-555
-291
-81
-426
-162
-1230
-373
-965
-273
-650
-259
-755
-236
-402
-433
-428
-272
-398
-987
-402
-670
-605
-374
-1258
-328
-528
-494
-599
-296
-616
-376
-566
-867
-364
-781
-492
-464
-282
-545
-557
-529
-222
-1029
-285
-684
-418
-484
-758
-541
-856
-623
-203
-110
-673
-476
-697
-195
-834
-707
-624
-141
-274
-188
-923
-821
-318
-647
-537
-529
-363
-421
-736
-545
-811
-573
-545
-892
-219
-475
-437
-787
-577
-477
-406
-1495
-649
-653
-850
-537
-487
-409
-255
-255
-244
-444
-710
-340
-1162
-634
-78
-864
-842
-808
-171
-741
-643
-859
-183
-1384
-430
-1258
-350
-537
-261
-923
-509
-528
-933
18
-327
-576
-600
-279
-999
-300
-838
-560
-136
-786
-299
-1182
-216
-952
-558
-420
-961
-737
-288
-8
-1316
-922
-304
-267
-987
1053
-1096
-647
-176
-851
-359
-819
-415
-738
-246
-894
-155
-584
-247
-602
-535
-341
-861
-271
-1321
-910
-876
-186
-1421
-316
-670
-911
-442
-214
-849
-1117
-313
-492
-466
-930
-172
-621
-285
-335
-823
-230
-862
-397
-399
-204
-1282
-125
-1859
-659
-239
-352
-351
-607
-712
-612
-639
-846
-471
-598
-594
-666
-106
-738
-1786
-1067
-2392
-2294
-643
-1885
-1450
-1470
-1002
-1867
-1549
-2560
-2069
-870
-1212
-1131
-1280
-1148
-752
-783
-1798
-797
-1453
-1233
-2389
-1752
-2508
-1795
-2520
-2245
-1543
-742
-1216
-2420
-2444
-3405
-1601
-1337
-2920
-2703
-1835
-1475
-1347
-1706
-1866
-2193
-1633
-2124
-4360
-2180
-2580
-2726
-3220
-1488
-2117
-994
-1744
-1997
-1230
-1740
-1646
-2147
-1622
-1319
-1881
-568
-1836
-2123
-1041
-1695
-1689
-1180
-2577
-1354
-1851
-1653
-2137
-2249
-3232
-2656
-2363
-1981
-1661
-2302
-2071
-1530
-191
-569
-2347
-2262
-1909
-1848
-1407
-1113
-2073
-1221
-1426
-1077
-2406
-1980
-959
-2629
-2256
-1520
-1543
-1279
-710
-1048
-1236
-1809
-1214
-669
-1915
-1340
-1783
-2058
-674
-1721
-1915
-1538
-2467
-1440
-2921
-1577
-306
-1660
-2586
-2281
-1689
-1019
-852
-2181
-3374
-2229
-2327
-1855
-1386
-960
-1060
-2316
-2039
-2594
-1870
35
-2614
-2070
-2409
-2400
-835
-1343
-2279
-2189
-1702
-2319
-2247
-1771
-2614
-1833
-1667
-1966
-864
-2315
-1296
-2389
-1240
-1258
-2288
-781
-3674
-1376
-1455
-1259
-1372
-1167
-884
-2351
-1319
-2665
-1134
-560
-1425
-2108
-960
-1430
-953
-442
-915
-2191
-2651
-2298
-2700
-1219
-2989
-2117
-1760
-3127
-2029
-1443
-954
-2036
-1491
-1905
-701
-2376
-1292
-1501
-1205
-1679
-2982
-1309
-1840
-2179
-2608
-2871
-2561
-809
-1743
-1770
-1041
-1101
-2358
-2147
-1565
-2056
-2178
-998
-859
-1335
-1916
-3166
-853
-2074
-2130
-2462
-2042
-3000
-2262
-963
-2060
-693
-1983
-1335
-1051
-2724
-1322
-1360
-2656
-3065
-2787
-2380
-2921
-1786
-1785
-1973
-2326
-1921
-1710
-2739
-926
-1636
-1795
-1888
-1367
-1221
-2278
-797
-2239
-3206
-2689
-2069
-1213
-2016
-2337
-2703
-2691
-1071
-685
-1131
-1850
-2357
-2855
-808
-1356
-1127
-1357
-1390
-1478
-291
-961
-1306
-1425
-3094
-2117
-2582
-2312
-1943
-1254
-2758
-2296
-1466
-1429
-864
-1288
-1052
-2383
-2195
-1358
-866
-2980
-3538
-2484
-176
-715
-1122
-1229
-1808
-1722
-2098
-363
-699
-2065
-2527
-1268
-1939
-1159
-2303
-2397
-591
-626
-4228
-2035
-3715
-2769
-1847
-773
-898
-1969
-1296
-1954
-2377
-2525
-1737
-2409
-2323
-2564
-2734
-2309
-2152
-696
-1655
-1247
-2715
-1880
-2267
-1612
-957
-2484
-3892
-1713
-1741
-1749
-1998
-1672
-1574
-3094
-2344
-941
-2221
-1366
-2275
-3397
-1564
-1367
-1122
-924
-1700
-3024
-706
-708
-992
-1666
-1925
-2391
-1431
-1665
-896
-2636
-3099
-2719
-1622
-643
-965
-2118
-1806
-1725
-1556
-652
-1060
-2199
-2168
-2194
-1437
-1619
-1466
-1589
-1258
-627
-977
-460
-1222
-755
-1029
-1160
-1252
-1186
-2352
-2123
-3489
-2439
-2213
-1471
-2150
-1982
-2594
-2214
-2994
-3248
-819
-917
-1338
-1713
-1415
-829
-1364
-877
-1319
-1495
-3007
-1816
-583
-2089
-1794
-2253
-1928
-1259
-2831
-2061
-1306
-2151
-1142
-1220
-710
-1816
-2957
-2663
-660
-712
-1998
-793
-2149
-1523
-1497
-1678
-809
-657
-2341
-1936
-458
-780
-1333
-1192
-3546
-2227
-1134
-1194
-1779
-1306
-2364
-2151
-651
-498
-1428
-947
-2745
-2215
-2173
-3147
-1519
-1838
-2511
-1666
-1923
-1358
-971
-1319
-1426
-2648
-2565
-1954
-1207
-657
-992
-2184
140
-711
-590
-308
-1387
-953
-895
-1648
-2637
-2511
-1825
-1032
-1161
-2220
-1316
-1119
-1228
-1916
-3610
-2058
-2261
-2208
-1316
-2040
-380
-1105
-870
-1157
-2758
-1773
-1014
-742
-1647
-2337
-1830
-1164
-2088
-1910
-1400
-2298
-1474
-1900
-2846
-2986
-2775
-1647
-1551
-1190
-1329
-2265
-1662
-1283
-2255
-1584
-1541
-1414
-742
-2523
-1644
-1878
-1644
-1687
-1508
-2543
-2323
-1696
-1071
-1234
-1773
-2467
-2137
-1630
-2654
-1078
-1253
-1872
-1348
-991
-1173
-1289
-1074
-2645
-2796
-1882
-2654
-1831
-1163
-3021
-2149
-1496
-1531
-1036
-1289
-2643
-2670
-2113
-2843
-1890
-787
-1779
-2211
-1632
-1224
-2133
-2658
-1254
-1084
-1051
-3905
-2941
-2727
-1568
-2598
-2493
-1808
-2591
-1797
-2433
-2004
-846
-1274
-2027
-561
-1249
-1573
-1930
-1708
-940
-1192
-969
-1374
-2587
-3018
-845
-2004
-2354
-1955
-831
-1071
-2970
-3289
-1883
-1247
-1740
-711
-2744
-1630
-1073
-1339
-1527
-909
-867
-1105
-1510
-2353
-1739
-2777
-1777
-928
-964
-1231
-858
-1619
-2306
-2516
-1683
-1644
-1067
4950
4128
4146
7153
6764
5007
1751
7164
1400
2953
3534
4601
2500
3157
3545
3327
3437
1797
3629
2031
5046
3429
2833
2476
859
2136
2451
3365
889
3297
4517
2093
1838
3523
4248
4009
3361
4319
2978
3707
2004
3817
1076
2774
4544
5790
4416
3269
5170
3151
2339
6533
7132
5283
3262
4623
4218
3651
2466
4236
4573
1250
2423
4556
494
2626
2135
3132
7431
4029
2668
3546
2315
3276
5154
2417
1798
4415
1484
4101
5629
2676
3120
3946
1982
3231
1693
4046
1157
4920
3144
3260
5772
2482
3266
2025
6875
4995
3505
5427
3465
5477
1730
2491
3689
5249
992
1662
2799
1380
2540
2859
907
1779
5833
5039
1062
1041
4118
5365
3212
5074
3332
3058
2247
3227
1405
4605
1925
4616
3941
2338
6596
9261
2710
2192
6099
3693
2138
1483
6195
4166
3332
3552
1941
8540
3020
2162
3597
6267
3629
2293
1442
2263
4362
3002
3959
4881
6675
4613
157
2016
3551
3330
5384
4693
1701
1499
3290
3375
1535
4034
1264
4286
1172
3399
7524
7504
3526
2986
3845
4520
1802
4392
5347
2950
2361
4582
3239
1401
3608
4206
4865
3909
1218
3066
3562
1323
4171
3355
4263
142
4171
3606
7
1822
2259
1639
6249
2273
5421
2177
4945
4292
3017
2071
5069
2133
1464
3752
5599
1858
7087
1289
3244
4745
2189
3800
-519
3766
1588
2993
3986
1743
3072
3720
3844
216
5829
3207
7849
1017
1814
1221
5181
1313
1527
3820
3756
628
2308
897
4350
4295
2021
6026
1591
5698
5960
2475
4388
1991
5018
885
1728
5645
2363
6453
5077
6576
1443
4584
5777
2559
1465
1291
2082
3507
511
869
1153
4169
2179
1900
1297
1452
2502
3025
2472
3665
2325
1729
4547
2009
2461
1981
4178
6662
1001
5685
2511
1507
827
2132
3901
2031
2906
1836
3060
1910
4016
2052
5761
2285
1964
2618
3782
2206
1197
1555
3032
5248
489
2240
1341
2835
3213
1242
3546
-228
3982
3158
3651
4199
2441
2144
4372
3592
2626
3199
6242
4129
654
2707
2962
652
1540
2886
2892
1123
3960
1961
2274
2827
4715
2155
6880
2861
8889
1672
4128
183
3273
3476
3845
1351
1587
5240
1536
2581
3991
2918
6317
3058
1413
1197
7097
2943
5618
3934
6068
2332
2099
2797
2052
3542
5041
3927
981
8041
2017
1727
493
2174
3925
3293
3772
2905
2853
783
3201
2078
3603
550
1128
3776
737
1657
2890
6943
4020
2880
1139
2165
497
2075
5885
5572
2621
2817
5081
5822
4971
953
7140
1746
3437
5286
3053
883
4764
1702
4697
4590
4178
3953
2119
1122
5581
3367
2952
4183
2061
3308
882
3053
4430
5650
2999
1480
3001
924
1710
3291
5028
1560
1873
6101
1989
823
3284
2308
1224
2364
1588
4147
3414
1516
2579
3536
3983
3185
4633
1937
2941
5373
2055
2089
5913
5077
2492
3156
1030
2013
4139
2469
4835
1243
2590
520
2737
2618
4093
4521
2650
3997
6994
1852
3627
4297
1882
2129
2901
5883
2817
6107
329
3627
1373
4525
4293
410
3763
573
8225
2270
5464
5515
3768
977
3836
2333
3377
1755
8310
1792
4715
4371
2111
2512
1368
3321
3397
405
1410
1098
2274
5102
2525
4710
2447
3844
4545
3461
2954
1259
7498
3244
3773
2758
4470
1779
3468
3667
2
3586
4012
3055
3388
3692
5247
4085
758
3262
2597
1903
4299
2524
1284
1662
3074
3348
3776
3281
150
4547
3909
1303
5665
3780
1390
5356
1325
3930
2895
5451
2172
1397
2563
3432
2322
1504
4273
1972
5024
3301
2867
4886
2583
1333
3746
1115
3062
4359
2699
3942
2766
2030
3360
3545
2282
5957
3316
6867
1746
1277
2938
2025
4871
2644
2013
3828
2945
5493
2856
2909
4074
3822
5858
3226
2476
3113
4382
510
2675
4343
1710
4389
3359
1802
6252
5559
4219
6998
4386
6939
1514
2978
6080
3589
2320
2696
803
5128
4867
4591
2792
1651
1773
4667
1894
520
5848
2160
5979
2570
4290
2403
2850
4253
2786
989
45
-146
921
850
330
1071
248
529
571
167
217
470
-1
604
891
-345
1520
159
171
614
1195
315
1731
2120
-19
-285
1000
434
510
-164
50
-282
490
62
1445
235
2052
-240
1550
705
-413
893
2914
-137
-486
-184
185
176
-861
2002
-34
1579
139
182
151
978
-373
135
968
-1033
734
-590
1022
-443
2142
-13
-175
1071
-218
1155
-42
297
-554
304
-677
366
636
-350
626
38
143
-226
614
-40
386
-195
403
1203
1683
284
662
593
1090
-652
1565
-109
-235
2403
-107
454
-307
601
761
226
-578
473
1881
712
1459
-595
142
-679
2538
122
2589
1097
960
833
248
80
-374
-527
531
976
2083
-22
-534
598
44
-173
-26
81
379
-107
1141
818
1185
-619
-330
820
399
108
1409
893
-479
936
143
1260
-482
750
-502
2079
920
204
-128
907
873
69
720
44
-324
196
52
-103
1114
-826
877
2182
-467
929
229
1879
89
1514
377
-179
1048
187
-103
-348
1458
313
-384
392
430
60
-45
1036
-30
2410
246
184
-156
-268
1473
8
560
-93
1829
465
169
900
-51
-416
758
623
74
-146
1624
101
1477
104
-674
349
160
312
-907
663
1854
-13
-18
528
128
989
583
-213
-64
195
453
-223
1256
-220
272
-603
502
145
-123
1556
397
-782
-460
553
836
-118
491
-253
160
1417
-495
1245
191
2016
-321
1604
474
1825
-120
1301
-165
744
336
-70
1006
63
-199
1387
-115
795
136
-667
676
-126
-128
-69
99
-220
-161
347
-258
479
-574
1307
-182
682
1205
187
-372
2909
-90
-474
812
-605
747
-108
1881
741
1034
622
543
271
-169
-21
284
936
380
1056
180
624
-390
-95
294
179
116
668
-229
1761
-60
220
554
892
1055
152
-57
106
-495
1303
926
-94
497
1903
2120
677
111
1946
-325
-843
-892
969
1285
803
80
1070
-669
244
-166
701
-204
-152
2166
-433
646
457
-716
435
-389
2121
-256
-98
-138
270
-52
470
500
324
-402
-4
171
258
2389
190
823
-262
48
458
-307
-37
1526
748
-889
312
1312
-7
131
-431
518
121
-55
-46
758
129
540
-285
-236
-128
816
-40
67
458
800
-537
657
714
-23
433
-460
2212
1383
338
-148
326
814
1211
-194
561
147
1435
2
-252
164
805
1505
-145
202
-393
1628
-335
1590
257
666
513
-123
671
164
144
-659
1315
-186
-48
318
1407
1137
1114
-473
655
655
13
593
1430
-7
970
506
708
294
981
-22
-442
-193
856
-70
-431
802
1191
999
-460
415
268
242
-50
734
-45
343
-57
113
378
-362
-42
416
895
1361
106
-286
681
904
-53
874
-355
-107
813
-58
1086
2741
-277
308
-133
33
1055
-330
961
87
256
-280
1495
794
-312
-382
737
482
87
889
838
319
-250
-672
1131
138
379
1706
1917
955
237
-23
-135
2236
-113
840
367
189
-200
-348
644
529
-3
1077
452
-356
-80
2086
423
-599
464
1011
283
943
257
567
174
-171
124
757
368
-210
-28
-526
-390
681
1433
-260
-94
1070
786
63
-72
253
-317
643
425
-152
819
891
241
843
1453
-172
243
240
286
-190
-118
1722
-86
-127
1881
-309
1604
45
64
1027
527
759
-133
-239
-145
318
529
-93
-83
339
1628
-201
1137
-284
224
635
1139
-220
210
446
-308
447
-160
1243
202
458
141
-160
334
60
377
-93
5
160
1352
3319
-379
-193
5
1386
-449
246
489
186
-73
322
374
1149
83
1203
918
373
598
1140
-116
2140
396
-312
601
-503
-467
-103
733
-74
2945
330
809
385
761
648
-702
2261
637
2695
-285
-48
193
196
531
545
24
1193
239
2206
157
-152
148
219
853
727
1325
1110
979
-21
562
1775
706
-92
16
-205
-159
-270
-274
-181
867
738
527
-232
635
686
1184
1826
1470
788
-159
3
2443
1766
920
2349
2245
1379
1507
1143
2390
-127
902
-136
1547
-4
982
2206
844
-143
-22
798
3021
4219
212
1167
1716
3610
1002
2933
-152
220
1066
-132
1288
-363
2967
2117
2919
-125
2756
272
183
704
-99
1872
923
1159
1972
1921
-47
436
1972
1214
-87
1167
4150
52
1321
-170
443
1131
1931
324
929
-67
887
2326
1417
3057
473
2405
696
1323
1331
1388
1699
-26
1125
2344
2794
300
1353
262
1647
994
1457
266
221
504
-54
318
3001
360
-198
-243
-82
3439
-227
200
1295
424
1002
1256
2828
1157
2398
2309
2747
765
2717
930
525
1125
284
73
1443
2160
1818
1181
116
1605
113
1239
1614
264
1696
2410
2725
1547
2094
1094
5348
2641
3362
3556
3302
2685
2756
572
759
2353
706
195
880
910
-61
361
-174
-104
549
1044
1412
-20
1887
3654
4345
432
-7
1475
1825
3567
842
3455
1615
16
939
-313
3346
1114
3614
1938
1444
603
135
-103
938
970
4544
1495
1488
595
401
4612
3567
1517
2323
935
1480
846
4763
2185
2938
1072
2853
2378
728
29
2104
1968
899
711
1483
542
1208
1141
1732
1354
-43
1582
406
1587
1848
1147
642
1103
2297
730
1551
4039
1553
2597
1520
2831
1343
3517
-58
2571
2919
1723
2268
366
2295
2583
842
2447
1137
761
1112
-230
3452
-3
1559
3124
2187
2233
622
2625
2314
2351
112
1768
2760
1354
2181
2319
5030
3451
966
2343
3983
2650
268
972
1277
1628
2582
3883
608
2295
905
533
2412
1899
1827
871
648
303
4037
1655
1576
481
497
641
3978
2643
1628
2085
3510
-8
-23
1541
1313
-76
947
1809
961
-263
347
4346
3873
2210
1403
3816
1782
46
1280
2452
1724
1789
531
2221
982
439
101
1216
2243
2302
195
1485
2730
2978
3035
2467
2182
5112
303
1496
4248
-159
1043
246
584
1371
-155
1934
1592
594
2063
1739
3193
1145
1121
3279
2128
3482
2511
378
740
1654
2682
3342
2243
1019
3293
1622
4328
3635
3110
748
2590
2603
3064
2070
1229
-93
1606
4458
2623
1569
3447
797
3028
391
3014
1586
1584
2155
531
940
484
-98
5822
3058
1896
1222
2973
472
-125
989
943
572
3357
4417
3739
339
2107
-87
1720
1643
877
-5
15
1750
3192
1600
4645
2558
2381
593
2460
-38
530
2963
494
354
1143
1485
3505
1104
782
564
275
497
35
3709
352
733
3068
947
96
2354
2547
2616
1789
2084
757
2994
974
1438
927
759
3214
473
-11
1460
1417
1565
512
2234
1578
-70
621
96
-163
1761
2475
5187
4091
1072
316
804
1088
438
1310
968
168
-119
1513
938
728
4311
667
1077
1066
-169
323
153
120
1286
1465
6008
1185
433
1570
843
962
950
1268
2032
1854
1972
1969
2580
2275
4153
1685
2969
3453
-20
2832
2592
872
1029
852
1362
663
721
2607
2986
665
109
-92
2262
1131
642
-149
1990
4607
2842
2207
1474
3948
1458
1823
3490
654
408
1268
169
1994
51
2946
1661
2322
3011
884
1966
307
-13
496
3955
1619
1132
630
1623
392
2221
1336
2428
149
655
1923
3081
4261
1561
95
2841
1637
-257
204
2064
4471
3143
2047
2583
-263
803
742
1670
-64
137
2933
330
1565
899
1788
1563
1301
18
1743
1402
1843
670
34
2414
1912
1315
776
1423
328
2197
2176
1743
471
792
2155
427
1440
1241
2005
1061
41
365
555
1146
810
2672
356
823
147
302
440
2977
626
1082
648
2493
2670
319
599
-160
1121
885
1132
348
2334
-15
2346
681
1999
1793
2181
3174
2169
1059
2674
6148
1739
3293
1125
1240
576
874
561
491
315
16
887
525
449
944
572
417
1017
69
937
361
19
515
115
696
543
615
790
399
1275
1816
1054
385
724
822
122
1812
336
760
633
843
1495
444
296
1160
950
336
535
1546
1760
276
1839
1516
1488
1770
559
1610
740
1664
575
1472
87
1615
451
883
590
1057
812
1369
1380
606
1241
1155
1184
373
1029
1372
1597
2216
1174
1449
590
1041
474
2153
243
1794
667
562
1261
319
327
367
129
976
1369
710
185
1151
582
1006
1214
977
2470
901
529
1368
1357
1659
864
1092
1299
832
1301
238
1275
518
211
1101
667
366
342
1260
661
1640
518
1371
1252
452
507
956
1347
1342
416
146
1016
67
963
1129
702
912
1171
277
1674
668
989
729
690
321
1596
817
781
759
1277
1
614
1592
375
605
1039
364
1404
1055
609
79
1163
718
1341
1030
1117
1190
1283
958
1115
1458
292
850
1032
56
1227
702
400
120
669
715
912
1006
721
716
1632
1824
1877
294
117
1386
1552
1955
538
2332
33
979
618
1229
658
1370
1739
584
722
170
46
956
780
952
1857
1018
765
2114
931
2174
652
1698
2861
1555
743
590
851
986
168
2290
2058
1598
468
91
607
599
959
1211
1253
1363
479
614
1926
339
731
1514
1673
1715
357
566
366
1328
762
300
1117
1831
2735
258
224
845
1815
1637
695
1905
584
1038
1489
810
2444
1457
66
2216
657
107
223
1814
237
369
1109
1323
1526
1428
499
1359
984
236
813
872
1748
1161
1142
651
2401
1126
561
2607
1321
166
238
386
1258
667
1638
771
101
937
272
868
1022
564
1013
389
1374
1115
2479
1138
882
185
1830
2599
951
1033
1144
685
837
220
1669
1634
1884
826
587
1321
319
216
697
1627
1209
1622
1218
1082
851
257
1306
1811
1468
1104
235
325
527
1012
1727
1014
959
689
1285
1294
1465
879
975
1530
443
855
1072
921
778
833
882
1788
605
517
532
944
865
170
1058
347
1607
731
2400
1141
1039
697
1031
862
153
424
1556
779
652
973
1509
1628
269
411
631
1533
1253
585
981
594
89
889
2447
1468
1484
1242
987
86
737
1000
1228
2253
1401
973
782
2207
84
664
2114
1084
772
470
1324
1026
567
2206
896
1398
2185
1900
855
266
1010
510
1035
1712
379
1126
925
1821
375
755
1409
597
1176
553
1129
1010
1202
1817
193
333
1915
2022
1528
457
856
231
1233
197
949
1081
1356
1965
1290
420
259
1005
350
1336
502
584
773
2116
735
952
929
1217
791
349
402
1437
1076
189
1556
1361
1946
1220
593
956
1365
1272
1741
1870
1317
69
912
774
1205
299
881
232
318
1625
177
1417
787
1629
946
1270
1357
525
355
939
567
436
1204
2367
870
707
209
776
290
422
560
1967
366
1110
723
610
1042
1662
1018
1002
1058
385
1300
818
227
760
583
1659
110
1752
1003
1285
354
1829
405
1644
408
899
982
766
1334
1121
1418
1127
1332
1321
467
973
540
671
919
2199
996
301
1353
669
1126
641
117
1504
300
1385
969
1004
1002
113
1091
1249
234
1873
1978
721
106
1455
1576
1425
1242
721
1602
1250
427
893
1108
1857
1874
1276
1507
1134
541
831
1079
343
561
1763
1683
755
603
82
1379
1237
821
826
1465
1623
1649
269
527
1973
1830
1129
451
1555
1244
697
34
378
301
1467
1602
144
495
716
560
451
467
1056
1118
555
1507
1411
1466
1910
1101
8
1475
1364
426
1278
559
486
276
525
607
73
967
581
174
832
14
1066
208
507
757
994
968
1557
827
9
1015
1419
1281
1256
755
954
678
1599
1037
138
1598
2833
2006
884
589
1533
916
514
207
360
35
1412
1876
2464
220
483
237
3080
2680
669
1095
1034
1514
4102
2870
2985
1
2270
810
2807
2415
548
1436
1709
713
923
1264
406
2672
663
1366
1986
736
5435
1480
1259
1629
554
519
789
1583
757
1559
805
939
328
14
679
783
1489
563
2149
924
2188
431
391
1180
332
2924
2345
674
454
97
462
1159
2399
2505
2453
756
287
1304
1095
869
2146
4748
4387
1322
930
992
2749
2176
292
920
430
3306
2103
1524
1020
1824
194
1187
148
1151
132
1395
132
233
814
163
3707
980
1949
927
1338
916
3099
2347
1906
29
2328
708
1180
163
38
1500
2262
1021
1982
1620
327
901
848
3313
778
446
3285
248
1366
611
1850
1104
61
537
4011
297
2286
1681
2217
635
535
488
727
2077
1251
1738
2917
1964
4553
803
165
688
2132
1850
431
4073
807
3398
154
4076
2945
876
348
544
1504
370
1326
948
190
1459
1715
414
2070
2229
2843
1703
1085
553
868
2240
2364
2960
314
626
687
2002
2302
1467
1761
952
395
3333
1991
825
1256
1739
2705
2511
948
1727
123
375
2723
3018
190
1351
883
2330
24
1592
1131
3004
570
2916
242
186
3143
3465
997
3186
692
717
3929
3041
1717
2845
1411
4130
234
468
1323
888
2993
3454
319
1388
1722
634
1620
814
1040
861
1628
2774
175
2561
1217
208
1809
1363
897
1341
1328
2498
1100
4284
3036
1158
906
1090
746
5147
1421
50
498
136
1476
2406
283
2328
419
1241
1500
452
1563
1068
1981
1900
1182
2071
738
1385
541
64
643
189
2094
1930
2812
1969
2463
2417
468
1308
118
2714
1250
2372
2781
481
1750
526
1641
1945
262
531
2498
2149
457
261
2702
1909
840
398
73
289
504
1780
1386
667
1406
757
1045
1152
1581
327
643
1301
1246
1292
1276
2129
3284
21
99
2053
1572
2113
1533
1295
1801
2792
249
2397
1701
495
207
2441
465
795
2877
795
101
1961
2218
635
368
213
2857
906
1253
766
128
183
1120
479
276
1752
2277
1610
565
147
1272
1136
911
142
7
631
1866
2381
452
1311
472
357
1446
912
2407
151
113
2312
408
3604
5194
1034
5175
2621
1175
122
898
1277
2083
475
134
2306
1797
3002
932
590
1266
2602
64
1203
115
310
4877
2105
3889
1062
1052
569
2194
1580
1385
1530
1209
779
724
1301
3055
1563
2186
3967
2384
3305
1408
326
341
1106
246
3021
1147
30
74
211
200
2194
556
961
338
3560
677
416
2370
1305
3314
918
2646
1830
2486
338
197
1037
2545
1944
933
2053
1752
1030
1222
1173
3020
1052
1175
741
1473
554
1161
2217
3916
3377
2274
1319
1392
453
230
457
2892
2394
155
1911
351
148
860
3690
1370
2339
1279
1059
2543
2133
1220
2284
2623
308
135
850
1300
974
1868
3226
1574
336
1627
953
607
238
397
820
1118
1755
2392
1791
3407
349
470
2659
860
376
347
301
1268
1485
419
2114
1208
765
1741
1395
3128
2313
2660
2017
254
50
630
1297
1405
2529
749
556
2406
34
2497
970
2391
1340
626
168
146
1280
637
924
1381
1041
300
524
4372
3665
1161
122
1018
609
175
540
782
1798
1944
2461
2656
2918
2361
1451
511
479
633
2218
1252
854
1463
2756
2459
818
1933
2757
2745
2303
267
665
4423
2130
2146
1367
3531
167
2388
419
271
5593
317
2569
2020
141
334
389
1406
2001
158
1411
3093
2619
4135
4546
1248
378
822
2097
45
2274
235
1024
1079
40
1920
657
45
482
1123
797
568
1829
35
1377
922
194
305
1697
1939
1026
1424
1404
1217
549
1598
1282
1174
132
1682
956
662
405
108
1233
1144
1765
2716
2364
1104
1005
2326
1627
3000
2957
2117
1061
-1
823
130
-215
-73
1495
1340
207
-207
1683
327
1102
-56
-86
243
157
1341
1251
228
142
1513
855
498
1312
951
451
-82
-144
839
938
-58
531
1626
748
695
-133
-71
399
2047
-168
-60
-270
480
-69
-185
226
438
-283
247
403
524
1211
1657
-26
720
804
-11
-41
1463
16
636
1415
509
552
798
214
2239
2078
381
575
-36
-230
-77
-76
-183
452
-27
712
-195
-19
465
1134
984
2185
699
341
-93
701
216
1259
1106
-70
-95
1266
641
1627
2083
128
-77
154
569
-148
453
-122
150
274
800
1760
1121
-54
476
55
1363
-82
11
1639
300
64
788
1967
-82
545
534
3262
1883
1001
1582
1106
1101
1474
-224
-2
1717
2820
892
425
552
-121
683
401
70
653
777
1118
910
-23
968
2309
1248
2310
299
1238
1512
102
745
363
1237
718
-31
1347
1217
829
-220
141
479
568
177
361
1136
844
2602
1445
-11
-204
1131
1885
2071
1754
2134
2098
2388
214
146
554
1098
1030
-212
998
825
-144
-50
110
396
254
366
704
-361
-157
1452
477
788
4215
275
197
312
419
630
839
1794
840
1723
1920
-185
-91
1192
668
1225
700
1113
407
1130
839
764
-118
2292
2423
1285
1151
1308
-90
852
746
817
1729
1778
3061
1351
-31
262
1133
2674
480
2713
920
746
664
244
1747
1545
484
803
-95
288
-148
1271
-3
-235
-16
1087
3472
1423
785
1353
1440
-20
1051
907
1071
114
907
378
848
228
-235
1194
905
335
-97
536
1549
755
971
446
-165
338
553
284
801
-180
315
635
252
211
1977
278
179
-49
247
2718
2260
1275
1079
1398
1371
69
646
1820
2145
409
-212
136
111
-253
285
1712
644
2250
2452
888
1099
588
2384
407
213
1690
129
613
1478
2773
2557
2306
1687
195
486
1160
1232
839
488
1253
1176
1058
1481
1159
1012
596
913
1074
1991
2144
-23
-134
745
441
1185
1861
2282
320
2050
1435
752
1068
1822
2927
868
883
3264
639
831
910
608
963
-112
190
345
251
4
-36
1379
1479
651
-2
799
890
2245
2023
1894
441
-180
552
238
1422
1259
1145
508
490
-133
427
1528
1721
669
528
1063
1472
948
830
-43
1789
1873
1760
1321
982
50
89
197
1894
260
-171
132
830
457
-170
-14
571
475
-5
296
668
1047
1932
551
-11
1318
1342
984
-85
-136
-102
1124
321
-222
848
862
1417
1299
-20
547
1439
874
1056
-22
-69
57
793
271
720
424
-197
-111
-107
23
883
1490
-147
394
318
1048
251
-168
-120
19
564
1332
1604
1349
-265
-255
-54
1151
1147
578
304
-126
882
-335
931
399
1551
1028
757
-46
-168
-273
394
299
-282
1098
2339
-15
-246
-11
1575
837
276
-76
923
-67
-189
152
1198
678
1018
103
424
1647
-251
-41
472
-75
-199
599
154
-181
777
2528
1978
42
-40
-93
-135
-122
-117
510
1815
1069
1142
808
279
722
544
895
325
36
-150
-105
2170
1400
-23
2060
1318
40
-5
341
1818
857
-11
436
894
1011
-71
-56
888
2361
674
1839
2230
1643
-240
1194
2136
657
-174
1273
2405
1137
-91
1423
1070
2030
2068
2069
1646
946
-53
170
726
-363
2230
3743
668
87
559
542
418
-177
495
786
471
3587
788
352
757
1818
927
-65
1844
1945
-198
576
2193
589
563
1199
235
993
782
1765
1054
373
1141
2457
448
436
1416
1490
1397
137
-90
2291
2067
818
1467
1049
1827
-68
-127
375
209
1140
363
290
-64
70
1068
403
539
1338
1885
1176
1870
1645
64
1090
1784
1552
1194
296
1158
74
1152
2661
1299
1599
1280
1408
1978
1839
379
990
1073
262
600
1008
539
370
944
1571
783
2386
1823
2619
1966
362
577
2053
254
1861
3105
2800
1521
3023
381
1349
897
605
636
1618
2310
2088
628
4086
1875
1150
3248
4428
2189
407
4827
1073
4120
142
2209
367
2485
2274
2799
2361
195
2437
279
575
2146
3624
674
5175
2389
494
333
1035
2573
1173
718
2178
458
1496
2999
22
3999
1579
1010
3883
3776
915
2192
502
3383
83
953
1052
4209
661
2199
1938
2037
3151
3731
1524
2067
908
829
369
3053
81
2484
1823
304
2017
1010
1962
4565
3298
1259
2618
441
53
100
2062
1821
2049
524
730
1182
2565
276
1669
585
685
80
426
1259
567
3463
5284
4075
1209
672
1260
399
3282
3672
1042
4166
3598
3135
2789
1239
1516
2899
2975
2735
2575
2171
361
293
2201
1124
2057
1769
728
2176
832
1322
1583
905
595
1722
1128
1647
2023
1319
299
1205
843
2675
1797
1934
978
99
713
2161
1090
1893
1984
1333
161
69
212
4227
2307
1161
846
801
163
4175
1374
1131
660
26
104
1093
402
2427
1370
3017
3424
735
2702
420
1190
246
1404
2546
2505
578
5852
3233
324
1797
232
2524
2924
154
175
3971
658
2392
605
1111
330
3426
130
4762
524
1266
5978
106
2034
3791
69
4116
4580
2881
2343
293
524
2930
1605
5866
4873
3713
116
3347
4494
2028
2027
2535
570
1962
1946
3098
6148
1622
2719
1291
2416
975
1048
1928
801
124
1227
2724
259
2768
1468
2915
2187
1099
2731
208
1903
566
2419
2974
248
52
703
671
1665
706
902
1261
4967
2875
630
1425
1728
1054
2910
879
846
2090
863
3574
1180
2387
1173
2253
2029
3156
248
2269
873
4339
1726
1898
2444
2335
3556
3769
828
2419
2526
2563
367
857
3371
824
2859
2708
1543
657
2210
401
2829
755
2479
3648
1733
574
2030
3575
2339
798
1020
2195
184
1232
297
2665
394
79
1194
2631
2349
1184
1579
1294
2639
349
2584
418
1263
1559
153
2093
577
24
200
1955
3899
973
965
1583
2716
474
2567
2316
810
3353
1620
321
2435
1677
645
1171
2225
1446
596
1445
1499
2274
104
3369
2533
1254
946
231
1354
59
1253
1872
2749
227
1522
1823
2975
2690
1342
1453
426
670
122
3861
319
1796
1163
3090
2349
1464
1478
3478
1707
2008
2167
1788
884
1986
1533
671
3287
1757
270
1324
2435
3237
565
1924
1821
5114
2023
3396
384
2682
521
1055
1407
641
3165
1073
2570
2
736
688
2181
1390
1415
2548
874
302
2275
2740
983
1816
503
2070
46
462
4665
847
3470
834
2688
172
2913
1806
2233
257
3815
60
2273
3381
3099
1251
3327
711
4071
1620
2361
1541
1617
1801
678
159
248
1377
2477
2998
3471
3792
2971
2467
2815
705
1298
1701
1082
960
1623
1562
914
3293
2716
1643
2679
1117
2209
3844
1560
353
1900
493
1504
3512
2374
2793
1726
1595
1499
58
1558
1764
4701
1216
2000
1692
2302
1638
1347
603
363
2780
66
1426
2400
746
1461
826
1088
205
294
137
3415
2269
514
2125
498
1279
1705
3641
3664
70
1355
2320
3787
3513
2254
245
1750
4654
2367
2338
1013
2382
484
932
1713
271
2996
1905
2182
583
816
1974
395
1447
298
631
1507
445
1662
138
388
2736
4070
2901
3226
2557
3026
1752
654
3526
4479
3002
1104
2899
528
1538
3264
104
1164
6081
1965
1820
4097
1056
875
3839
1711
1839
2229
910
3619
406
1252
671
2788
3414
1678
730
804
4587
1114
153
1032
980
352
2693
3045
1141
4245
1390
210
830
111
619
1034
1885
2846
3173
1573
320
2705
3269
1454
4939
6262
3876
1395
3491
473
4919
3298
1310
1129
2659
292
3148
159
422
253
5183
5077
2876
827
855
1258
1933
4407
600
506
2929
6552
1028
2389
3766
4657
625
122
420
1903
1664
866
2411
474
1250
1618
215
1104
42
807
613
746
1120
814
1429
217
1103
203
355
1087
793
523
814
428
3686
1953
416
907
2292
952
239
380
2033
478
315
368
1822
213
1937
2056
3973
68
423
3645
230
1059
1390
2007
3714
462
906
900
1229
140
2708
15
1819
390
1214
796
4621
2184
2332
2873
5064
828
222
2510
1745
5164
1865
112
1846
1978
2720
414
2220
908
2539
717
502
1410
631
147
3417
3284
902
794
873
159
25
46
353
533
860
777
1132
1112
1276
1788
1449
1003
831
59
138
757
1036
270
227
868
1863
820
6405
322
1816
96
511
160
1085
1488
2446
2849
2771
440
151
1633
508
286
777
1525
254
145
290
375
386
3319
3538
467
1342
1089
404
2009
214
1976
1
3526
1821
1404
951
1546
241
304
1836
1586
858
988
2431
5590
1882
255
336
4939
3454
9
282
1096
2606
269
548
60
548
3064
997
1124
436
1808
712
181
1732
631
749
822
2594
375
508
281
1798
1115
2548
51
227
48
2514
279
496
138
1078
820
990
1722
1217
387
743
964
1306
336
1153
398
1069
29
894
2270
878
381
157
219
745
14
850
1528
121
3278
775
1098
826
910
857
1271
468
794
3552
2062
1930
2624
965
2525
1738
843
219
610
4429
2278
2263
1070
11
1392
1025
1471
911
154
666
2750
2546
317
3298
2706
1650
2464
1196
651
2728
2894
4172
1956
208
1041
384
892
786
484
846
27
711
2591
3013
67
107
186
1057
141
1208
2829
359
614
2605
100
1395
1342
531
653
447
1308
996
282
829
4671
619
1984
405
1614
2181
6709
961
677
1938
79
766
2305
2323
158
443
753
378
2917
2578
274
822
1355
125
2641
929
1021
263
61
360
376
1163
808
294
2157
1591
583
151
488
3096
414
5592
1925
3359
737
146
3119
103
829
875
469
385
188
1679
1498
60
3121
431
2582
140
269
139
2084
4017
474
1187
2949
5018
366
1469
1265
373
588
1990
568
2031
636
616
417
417
77
673
5040
648
1435
2660
1338
2875
1704
3037
306
902
1
610
484
3
3553
302
551
673
3970
154
783
4054
1108
405
593
3230
29
1975
1308
337
3430
298
698
3351
1399
565
1390
1509
78
994
778
3329
3040
1502
647
372
1257
911
123
609
2623
663
16
307
578
2735
390
1550
505
284
1400
304
180
1484
639
612
734
553
889
746
1319
158
39
608
1559
1375
252
648
1826
619
1502
1017
1513
188
722
565
2198
2991
1172
799
600
593
157
262
90
1959
1830
464
4281
883
420
882
92
551
137
3909
1602
392
1196
1348
720
92
1051
10
166
51
640
3604
2481
4245
522
1124
1239
1262
3028
445
3066
1240
745
2401
6434
930
841
895
241
566
819
939
1475
3687
1692
410
3254
2241
148
1376
1565
736
1734
3724
3627
1892
3473
437
233
170
149
496
413
2560
1986
3658
71
3244
2329
170
89
351
856
3558
3128
615
128
2776
839
1062
2681
1979
1659
801
751
3751
4060
1105
1015
61
994
477
921
1087
152
134
458
473
5361
17
68
581
2712
1592
560
1563
2692
2276
73
2473
2261
98
1375
236
291
3441
794
633
13
1731
3304
634
1196
709
686
1525
1181
151
1172
367
5887
2922
801
2729
2083
3873
3434
2080
3273
214
152
2339
3043
260
1854
831
3298
174
3703
2388
2294
451
2975
3880
1793
1490
2864
3239
999
561
1436
2526
5536
1724
1608
958
1346
1649
24
4915
4864
24
2329
4019
3819
588
826
3589
1767
386
444
377
739
1335
1637
1513
586
476
1063
1276
1506
515
-39
-56
855
344
470
597
545
340
628
144
809
599
1993
1387
1551
2
-189
718
1520
513
1001
1905
1750
1325
1298
1552
564
223
66
654
1567
445
1267
388
1741
248
125
-276
1075
959
1357
1615
239
2422
927
1141
1290
953
392
477
982
154
2157
1437
1217
645
1525
1703
1319
813
-50
1297
536
1109
1570
1066
862
1758
966
163
1450
-91
311
883
181
-57
498
912
1474
262
816
601
83
1142
1977
1769
1172
1552
794
790
1420
1943
766
0
447
590
2119
1295
461
333
681
1018
-342
169
1044
748
794
985
1279
738
496
874
1978
1725
672
609
1266
735
939
1320
1701
1394
1511
750
1909
284
1808
1501
427
805
648
508
1355
1067
1105
1037
210
1983
316
1041
1549
-36
548
1305
926
1300
1295
2265
1294
2061
2317
1655
2381
1280
1641
1329
-418
1574
1225
1168
611
866
-132
-246
1264
2097
1395
1048
607
1144
728
1647
2480
459
548
423
504
1854
664
1723
2099
1848
305
-394
1049
1668
1769
1002
875
590
232
981
412
1126
1600
1387
1370
-291
947
1953
2045
1507
1700
514
180
621
1365
1201
449
1305
764
826
1336
704
1616
1568
1826
1398
1712
1085
1270
1835
1276
966
-147
1239
995
1676
1687
1227
372
1173
1554
1854
1448
2582
2088
-243
-105
278
1074
2175
421
1739
386
-39
901
528
1404
1116
222
1903
622
1552
-449
204
321
803
819
1539
2123
1309
1346
2459
1881
1368
679
878
1709
1795
1501
1222
2041
2175
574
1718
1968
1667
-128
1714
699
620
2216
1056
-483
1822
559
803
1473
1054
1556
350
628
1335
1693
1625
1075
786
730
827
2035
1819
331
2071
2112
-241
133
1896
1640
759
460
1377
488
-192
1457
2039
936
554
1950
-29
439
1477
1211
1639
1374
1150
1414
716
803
1480
1652
1208
1565
1151
1543
-25
1644
646
570
2186
2139
3020
1606
1841
1190
-90
655
97
1300
2228
73
894
1342
1676
1506
1779
1755
1015
1613
1212
916
2195
1318
1688
-263
1848
1930
1396
1507
2016
1054
625
1397
1406
448
801
624
732
1980
1121
893
202
1317
2180
2083
1261
1668
1341
707
493
5
1615
1300
607
1203
728
275
890
2310
2178
377
1277
1552
1921
-24
1601
1451
1449
1366
2651
1736
756
1297
185
1307
1395
-35
413
237
1033
576
872
1348
2252
1173
1107
-47
966
625
1127
346
603
2927
2314
731
1689
747
286
1174
1155
1524
1593
1012
1574
1609
312
399
938
971
1749
1438
1704
1591
1935
1295
1588
917
1250
1677
116
1178
854
1745
-281
1473
857
-232
746
1216
1600
1060
2000
2390
1916
2306
375
667
923
2165
1032
1843
479
603
756
-444
1121
1268
1937
1729
1673
134
-161
-80
621
-237
327
1671
2550
1487
632
461
1023
1338
715
878
1882
863
564
1749
1648
1102
1588
1082
1224
1551
62
983
1403
960
64
614
1237
-201
1002
627
1301
702
1347
650
-191
331
994
927
1962
2416
1010
2150
1347
1522
938
1678
1099
845
329
1167
300
574
115
2117
3069
1098
457
1748
2046
502
564
-27
369
282
1396
1343
848
1022
1005
1791
1460
1771
-139
1194
1976
1969
1360
594
269
338
-161
69
1373
2027
1733
1848
1555
661
503
-481
515
-138
2017
2701
-40
344
-159
679
1154
328
-182
902
1761
2283
418
-78
1107
1386
1931
1405
1085
814
1124
1423
1093
209
808
1885
1228
1754
1207
1741
806
1152
1664
1661
1241
568
1303
561
926
681
386
786
826
350
202
-208
2011
1655
-199
932
922
917
955
608
957
677
761
557
871
996
1488
2687
2561
1704
433
2218
1763
1433
1329
1518
-191
-159
362
-194
771
2037
3261
3748
951
667
1160
256
-443
120
851
375
683
844
1364
1442
370
524
-212
501
2795
1756
1023
1828
1183
604
-67
-81
-199
1195
-434
-156
506
943
757
341
981
38
1359
581
917
1034
1311
1769
1221
1303
728
2452
49
66
-1045
-414
1387
2126
1022
1924
1290
747
2300
3225
3044
2649
2444
2032
1174
1377
1414
1444
2091
2285
1289
2042
-119
-824
-188
707
538
1872
507
749
1877
3200
401
-486
1083
1306
-489
837
1286
1816
1506
1318
422
374
982
1954
202
770
611
867
360
1740
1579
-419
77
465
464
1036
731
755
960
-429
896
492
-314
606
1894
1970
-478
-405
272
1561
2380
1854
-224
510
2043
1269
1673
1567
193
92
1842
2184
1136
1533
397
-204
160
669
789
438
208
812
144
1198
1747
813
1467
2678
378
-535
221
-10
317
1119
1210
1713
939
210
844
411
388
1631
1292
920
-300
96
791
1607
2638
739
462
691
555
1334
1012
1006
1842
338
-255
-167
-238
-86
1241
1757
1326
1230
666
449
42
219
1679
1062
521
158
1245
1621
2162
712
-434
-348
172
1046
219
-507
1316
1795
760
2754
1509
1846
1408
457
-449
-56
-288
1165
2060
923
122
671
275
836
2762
2141
-134
1237
972
986
1174
2128
2093
1599
1839
2147
2786
730
-566
-356
1517
2292
2397
1221
1960
1096
555
778
1371
914
2318
1337
571
1535
1583
-409
935
897
-494
-223
-704
-95
-215
-154
1301
2769
914
1767
1109
743
936
1296
34
959
736
161
1293
1512
680
637
1364
889
189
-448
1540
1617
626
657
854
1798
1061
-451
838
1832
-267
-474
234
-16
-42
50
2201
788
-124
982
1383
1038
1789
2206
1066
1901
-280
-716
-137
1143
1574
2162
2131
1297
-6
521
2025
1547
1095
538
1390
374
107
553
-283
1005
-83
276
1259
-325
276
547
808
1986
1461
844
1905
2312
1928
-438
370
1242
824
725
-202
1263
1808
1910
-281
-1222
-551
-116
-797
-305
-120
965
519
1191
2839
1701
749
1335
743
-97
-40
239
141
90
351
408
2281
2679
3446
1034
561
1437
1914
1238
571
881
228
-243
205
1233
1094
498
-465
-10
2189
1361
218
543
-328
-526
-335
1575
1477
1339
-226
-46
1665
1825
217
469
64
-290
293
-6
-666
48
1635
1667
362
-229
-185
-738
-573
-537
441
1620
1727
1774
-132
-349
-779
177
234
1417
2785
2938
2042
509
128
-227
-111
578
300
1142
646
226
231
642
2838
1899
1536
40
-1
196
994
1409
-563
53
1416
850
69
96
473
-75
-95
898
1749
-200
-454
798
1528
910
2544
3065
758
379
-199
-604
-766
437
1806
3136
2364
3483
2185
-341
-824
-690
669
2302
1611
230
872
1309
148
959
1275
346
-175
1019
490
1046
120
689
754
1995
1122
1250
2093
1911
2098
1592
1969
1052
-105
-339
-836
-248
1176
1409
761
2422
1315
552
1853
478
78
-567
-280
-445
-161
1305
2472
2344
2616
1703
2039
-57
25
1146
845
500
889
1275
1844
2000
1860
1963
1571
1283
1918
494
-232
839
438
1306
1828
1335
392
-389
816
2133
1314
1369
2552
2208
1076
2374
1736
426
841
2228
3255
2033
915
908
319
-21
497
657
908
1498
2021
1976
1032
288
372
-322
1588
2601
611
-79
-425
-102
1752
2435
1562
1624
1912
1679
366
225
935
1328
134
329
1228
1907
-382
-9
1152
1725
1773
2313
1965
712
2492
3204
2205
232
515
595
-535
-554
1098
2229
1153
51
1110
1441
1036
2406
1247
129
83
-113
-325
90
-107
-347
419
178
153
654
-44
-135
778
1329
-329
766
1876
2311
895
451
912
-5
352
1819
2206
781
1738
1004
639
-55
777
1843
77
-759
1093
1625
747
243
467
740
269
538
-899
1433
268
738
1088
395
544
257
568
367
793
794
508
636
1024
761
454
520
900
375
-374
-861
-36
1065
-812
-359
-18
1502
804
746
611
1195
-1898
-399
317
-2432
23
785
1344
900
557
642
-286
1675
156
-2531
0
-1567
309
1252
1099
-803
1513
542
-611
1810
-282
961
1121
1635
1042
985
520
-389
1063
560
468
893
928
1323
625
380
558
-2046
-213
477
950
646
1130
1224
181
292
1126
377
2012
123
-876
1065
287
1798
1206
76
887
865
841
775
1055
1145
17
1227
47
887
-812
1530
-489
1190
358
581
598
-204
1283
183
1540
396
163
766
-501
20
1420
-332
-385
1183
-550
-133
1016
953
1412
1383
-374
-1559
866
-487
-384
728
1233
464
816
1055
687
940
274
-1639
907
364
-192
303
1363
284
172
835
1482
-709
284
-729
-1666
668
520
255
-2635
1434
191
940
958
-1744
879
1157
561
817
131
1258
143
1097
574
814
1392
1156
1238
992
1007
361
740
261
1311
-809
88
-675
875
1909
535
1225
593
449
-361
741
1268
974
-515
1993
87
909
971
-150
83
-206
384
1082
597
1266
-578
-436
521
-221
291
1489
543
-185
1293
-639
832
575
838
644
694
1019
404
1835
-926
445
1093
378
-1575
-540
295
161
366
2057
836
-704
489
1169
-2355
1132
102
1315
-2216
1117
-1930
-2780
-392
348
444
-244
467
456
-705
789
1391
971
1267
843
-1764
438
986
902
1119
-465
386
763
-182
-4
2093
292
847
553
1037
-97
-536
-1510
817
463
302
716
97
734
619
-152
-292
1261
-979
-540
-598
-2178
-153
1537
-978
-96
1320
344
53
530
1318
-181
741
75
1146
1323
-696
571
771
1524
766
881
556
1453
693
922
672
1053
-195
1712
-779
720
1413
-1162
100
1080
-852
2136
-809
204
-60
1723
127
-339
691
-860
173
1085
348
233
886
-371
972
933
-386
898
-399
-479
-818
-515
-176
2554
397
-541
-841
-628
-139
-23
1425
1262
970
431
544
210
12
92
-922
90
-301
321
420
1310
834
760
1154
244
917
372
-890
683
4
498
-375
780
-1144
-1591
-953
913
602
31
301
1232
53
863
665
1189
1090
-303
1111
1641
1123
720
70
1939
1366
888
-1208
-738
1315
712
255
787
1926
-169
-98
513
897
819
1071
1369
1106
352
-746
-305
698
1584
1075
1184
-428
985
209
449
-127
211
-527
781
1382
-1516
1760
268
993
1136
971
463
1046
-1958
1061
-310
1017
936
1086
0
569
1448
697
696
1137
1082
12
643
46
485
299
896
1463
29
-635
672
-1114
-955
1057
1262
-210
1481
-2584
173
1388
949
383
108
-673
178
1074
-291
485
497
-1334
551
216
885
-61
460
918
-261
1402
2
26
730
472
976
1465
-430
1674
847
1365
1119
-25
532
-1332
1291
604
1140
770
-2401
-1288
907
179
432
-3244
419
906
1505
693
-1563
617
384
241
1014
-408
696
1790
798
-659
-111
467
271
-428
296
945
426
1134
281
146
-736
905
-433
385
757
358
921
-122
496
133
-827
656
-451
1468
1963
261
-337
-578
481
941
1321
796
-173
222
305
-1055
-242
917
-265
1081
-84
-1269
1238
256
572
426
1103
541
-192
-1188
1545
-884
615
1358
-280
-304
80
137
770
575
858
2217
890
-74
2079
1325
-59
-558
1113
475
625
469
855
597
1303
-204
288
-390
576
721
-474
858
590
904
232
106
1541
223
493
1045
1211
709
308
-158
1604
-477
2108
-155
893
-470
214
873
713
554
469
431
-2169
-352
497
64
18
310
-144
424
946
631
-752
1124
700
514
1788
-285
272
-1389
849
683
484
107
1005
105
-1115
-1521
716
1044
18
1282
772
1544
637
1881
2227
2463
1622
161
1851
2052
2397
281
381
304
1574
723
1230
1464
1110
1831
1657
712
1109
2683
2643
2141
1460
2289
1205
5109
3778
792
1781
4702
1535
308
4093
1702
1492
62
321
3773
6430
3361
2785
347
934
4906
1887
1373
5563
894
725
593
1187
2484
1412
576
2022
114
3051
251
1607
2618
1188
1910
807
3291
4808
1229
2216
1397
102
4719
114
138
1663
3294
605
58
2553
1739
2915
3569
198
542
3747
1375
3739
113
379
1464
248
1863
4033
1227
250
1317
5295
1199
339
1287
1490
682
297
721
2567
236
5666
5713
723
495
2240
910
1620
649
1625
949
3469
365
66
892
282
2766
1155
2770
1272
1094
6354
5722
1162
832
1764
2490
3488
551
5495
2607
629
3853
1227
264
23
524
234
3491
4594
1300
1359
3719
1449
700
2703
1009
3748
1411
4161
1402
4872
1348
2405
1716
2733
1980
482
3054
3271
1061
382
609
3919
1689
1406
1031
1785
3735
6069
4324
5235
1019
3007
1933
991
1217
1658
1908
669
1754
2437
2530
5083
2211
5557
1888
1498
916
4824
2242
1179
212
3026
4340
70
335
1543
2843
1895
109
157
672
612
276
398
2029
2191
1658
3194
836
370
907
4705
1466
517
2004
2026
2296
679
1943
2050
1973
2146
1489
3187
1939
2432
143
1288
944
1871
833
2021
4533
2184
2082
4553
5104
4396
1266
2771
3731
1780
1869
2115
2483
2029
896
987
2297
3063
230
2670
758
730
978
4933
602
2952
358
2160
1045
2435
1833
1463
1598
1961
787
584
1318
726
3146
1451
566
2313
1275
1774
5381
490
2398
2716
1196
1896
4501
1326
4032
414
1886
66
2182
3625
598
2228
2144
1708
559
1145
2675
3050
675
643
3570
2229
1235
1740
1899
1118
2338
590
687
2002
522
4879
534
4141
3253
416
358
2374
2050
468
717
650
4603
2030
4077
3555
600
453
823
2746
920
2301
1339
173
1921
4347
1565
544
1052
246
2840
1549
811
1213
8639
1867
5273
1412
1795
49
2229
758
2762
1887
371
379
2694
69
5342
967
2208
1394
3126
708
301
2370
1225
1503
2749
1728
1056
2693
712
1716
4510
866
3052
3114
1097
1912
1870
2867
3735
819
956
1136
2631
145
2281
3534
1474
534
3877
520
1643
1600
1470
1639
93
169
482
1059
124
531
1902
2288
5611
3691
754
1887
374
2306
520
1827
526
622
473
1377
3391
1266
65
134
2653
55
295
722
460
4434
2488
154
1937
581
1356
5345
2820
2016
1077
5193
2050
1914
2823
2052
410
3825
3336
2807
2418
1703
1218
2943
820
2853
2217
3897
893
2462
1349
1205
2675
1558
4906
4999
284
223
1527
1730
328
1534
3480
1766
1724
1324
339
136
902
3126
1339
866
280
1604
310
393
608
6
2037
1258
603
977
2163
847
3835
736
503
1641
2687
23
141
64
1349
1093
496
2769
1347
1908
654
259
1037
2807
1820
1307
1092
3040
4564
2488
2828
198
1008
944
389
1630
375
95
210
2628
3709
4048
162
3998
5832
194
1904
125
985
1345
1667
718
6697
3267
1336
4556
4011
149
1668
1953
1810
127
2008
1539
1983
2255
444
8817
2107
2769
1849
3200
916
659
535
4035
3723
1062
16
2116
497
1179
2675
1170
4445
1038
1904
59
1162
2838
734
3029
540
1473
2390
2375
2097
4472
1161
214
40
261
1953
890
3024
2881
4422
3022
1482
460
3525
302
527
1631
1203
291
4189
3302
1047
2653
1492
1760
987
516
1747
1213
1684
3826
1645
2015
2721
2806
2686
92
2705
3196
3961
3064
4337
1308
2013
559
560
378
892
142
215
465
1248
1801
1210
6495
4529
253
374
1585
2189
2883
2959
2695
1213
208
797
1140
714
4579
7444
2117
4320
276
521
257
5259
1963
1616
21
2325
2402
-99
237
-11
590
680
630
1121
183
-18
206
571
636
267
-44
-38
421
-80
897
880
-206
307
602
-280
143
1077
1040
-33
722
-141
-75
-580
-76
707
1431
-238
-221
473
415
711
783
791
-41
-945
1579
589
599
533
2750
1686
-246
-450
-204
204
238
1896
413
-405
-325
-706
164
1225
810
-85
-506
-563
408
755
1663
-295
-394
1282
-557
-605
-366
1491
-441
-621
-164
-206
-367
-786
-405
2124
1236
-174
11
522
-543
977
854
-311
-909
1055
1284
-894
-246
-249
-1114
490
-244
829
-402
-329
-366
747
826
-804
-717
-390
-211
-214
34
-879
-342
280
513
-29
-649
494
822
186
2907
-537
-73
-754
12
1103
323
63
-250
2518
524
406
448
260
335
935
-515
782
572
-478
-420
-766
-730
-171
-227
-193
763
795
-188
531
-177
-117
1551
-378
-399
-162
-65
41
-367
1199
3069
-95
-513
2138
312
-378
-199
395
-148
-417
781
-96
-977
-759
-466
-892
-712
1220
-167
-17
-164
-240
-258
-249
-289
-136
-558
-232
-492
1311
1217
101
1055
-355
-468
-741
2219
-674
712
2927
2416
-349
1068
597
-343
126
-203
-370
-201
-8
1043
1286
797
230
-396
-95
-668
954
-84
1935
-487
675
-912
-478
717
-194
-308
-606
1561
-62
-417
168
764
65
287
1010
-524
-251
2066
-60
-21
101
-552
-634
2329
1475
-1091
1191
-456
-98
-1154
-40
-630
-605
-1201
50
-168
-258
-368
-1157
1996
-435
62
-78
-940
1018
-531
-208
-48
156
2217
-37
-566
713
1475
669
388
-272
3171
88
-168
892
-68
1607
93
1933
-874
-306
5080
-123
1755
1257
-23
-908
1173
-338
-841
41
94
443
89
-82
1076
-456
-386
200
-286
1816
-40
-517
1725
555
613
734
-819
565
-40
226
1221
-296
1010
-355
236
1290
-460
-367
-37
1154
898
-1342
732
-294
156
623
191
113
-1120
-955
145
-92
-815
679
-407
-464
393
-590
-451
-1304
-79
1740
-178
-150
-147
2171
-108
671
-307
1000
488
-299
515
-33
838
-73
-347
-224
-1005
-359
-100
964
494
2203
-185
-362
-501
-436
-234
75
239
788
-22
502
74
179
326
505
-544
-454
93
-414
2219
2247
224
-697
-57
-61
-274
-668
1614
639
1160
-177
-134
244
376
-1110
261
1146
105
-258
983
555
-477
-144
-544
204
-598
483
-108
1363
1250
1853
-660
-1426
-119
-627
403
-1585
0
1362
-865
1644
-315
2114
-515
-57
1181
-245
-601
332
295
1310
-604
-149
-279
-485
-456
4536
250
953
120
3114
98
-184
2884
-258
-264
-206
863
105
-877
714
278
14
-284
-1105
1368
536
-621
-456
2397
-238
-593
-530
737
-193
-1
-197
2084
-192
-317
-77
341
-252
3073
-105
1501
268
180
13
813
-378
172
75
583
1719
-538
1581
-179
-723
-242
-92
98
495
-231
140
-349
-144
-966
-615
-356
109
-452
-419
-806
-632
-643
-226
437
-11
127
-748
-93
1324
647
-314
-286
-158
-14
460
1177
-516
2913
1279
-47
-327
1418
3142
-3
827
2526
-9
-352
-576
-154
2450
865
-384
-115
954
384
-235
-3
-249
-309
818
-264
-579
-117
518
582
604
638
428
-44
33
79
365
921
-109
-783
303
-542
-294
-229
-160
345
-1073
-28
450
142
425
-298
-91
66
-798
27
-564
1185
-585
1188
937
-375
-627
-216
-276
-336
542
-9
-337
225
917
-65
-488
329
-212
-2
-479
776
-263
108
859
-463
265
-375
-412
43
805
-5
-124
239
-1271
-171
278
-13
1641
1449
904
-804
-474
1926
13
189
173
-521
-742
-907
-620
-651
165
-178
-518
-503
253
1475
3374
-144
-803
-135
-517
-1213
122
-26
-271
-938
80
-495
-1069
-237
-564
2842
-140
-89
1004
-282
-35
866
-590
727
-769
-740
-680
1602
419
-1313
877
-363
1130
1278
-196
1101
-277
-842
2073
898
556
-30
213
1030
538
-314
-1091
866
504
-477
-1353
-76
-2084
-3981
-342
-381
-426
-3643
-503
-1941
-320
-171
-1667
-460
-48
-1045
249
-1199
-835
-1319
902
-2552
-1300
2424
-902
-626
-933
161
-935
385
-254
-321
-755
-93
-1471
-719
-1337
-1129
-666
-1687
-274
77
-311
-496
-1213
-1277
-2856
-244
-1924
-185
-295
-1229
-1294
-1947
-1410
145
-1485
-552
-456
502
-216
-428
-398
-1224
1266
-1092
-1499
-265
-1237
-225
-477
-1818
-1989
-501
-418
-855
294
-329
-1157
-347
-259
-1786
-799
-828
-1354
766
-1841
-1527
-830
-52
-2917
-455
-97
-586
-1144
463
-1440
-1620
-2348
-117
-763
358
-1521
-371
-115
-1092
-500
22
-1098
-570
-1433
-167
-2170
-680
1864
-878
-331
515
-2104
173
-933
-1234
-2382
542
-823
563
667
-833
385
-1256
-1120
404
-824
-2217
-585
-941
-885
-1344
-320
-148
-3257
2660
-1844
-688
-1664
227
-689
-512
-1566
-313
-2051
392
-68
438
-2284
-143
-1116
-1262
717
-750
-929
-847
-506
-1290
-3433
176
-157
-769
-1390
-2599
-684
-648
14
-2403
205
-1126
-837
-102
-163
-1212
-1064
-869
292
-1706
-296
-150
-393
627
-1398
-1756
-2084
-811
-1692
-1899
-884
-1819
-2463
-132
-237
-1270
231
-1564
444
-1120
-543
-1709
2122
-961
-1957
2
-2854
-3679
733
-230
-1431
-195
-1850
-640
-960
-48
-1065
-314
-10
-2404
837
-1871
-2491
-1551
-1824
-1483
-1477
-1628
-823
-255
-280
-2588
-639
-1443
-961
-213
-841
-1806
-229
-955
-1544
-194
-90
125
-943
-862
488
-1009
-913
-253
-420
-455
-1113
-887
1003
-826
-1194
-62
-1432
1594
-319
-1436
798
-689
-3395
786
-2698
1001
-3189
-1997
516
-2857
1258
-1315
-1152
870
-1390
102
-197
-1252
-891
393
-1366
209
-1756
-1272
-831
-337
-1012
-815
-473
-166
-304
-293
-365
-748
157
-989
-1388
-118
923
-305
-1168
426
-359
-800
-1676
-456
-1553
-548
-1612
623
-1246
575
-659
-53
-662
705
-526
-948
-1360
-127
-2145
-477
-1790
-1401
-1362
-616
-1624
-1010
-1454
757
-1190
603
-2318
17
-1236
-578
-107
-1381
-146
-1164
-2974
1228
-1052
850
-1940
-1255
-1019
-1178
-627
-370
926
-1632
-830
-629
-919
-1706
-1458
224
-281
-1142
-1544
-902
-1214
143
-672
-2018
-855
-376
868
-868
-251
-1984
554
-2245
869
-2035
-1820
-1825
-394
152
-1365
-231
272
-462
-1307
-1315
300
-1369
-258
-790
-149
-627
567
-1228
-754
-1955
-1027
-177
-1390
143
-1070
63
-4234
1695
-1250
-22
-1835
1022
-1147
-386
-1919
-1398
-327
-1059
-2038
-2096
-333
-362
-832
-956
-1924
-1401
1026
224
-2011
-807
-121
-1086
-695
-410
-2439
-824
-61
-436
-125
-1101
-2523
1836
-179
-1937
-669
-716
-387
-1405
-806
79
440
-714
-1774
-787
-275
-985
-8
-3
-1166
-298
-1750
-1646
1406
-1230
-4326
1339
-462
-634
-433
773
-1511
281
-1252
-1633
-2766
-501
-661
-251
-332
-472
153
-91
-1773
-663
-1264
257
-2128
-292
-289
-352
-651
-1130
-1436
-37
679
-781
-555
262
1002
-857
384
-2065
-618
-888
-264
1857
-1334
-2062
1119
-248
-2191
-581
-905
-104
-1681
-306
-2308
1179
513
-1501
-2441
-2811
-361
-2122
-1054
-791
-1141
-306
-1848
1556
-1626
-194
70
-24
-63
-1878
1125
-1993
-1026
591
-2224
-146
-132
647
-1299
-1268
-1551
143
-1032
-414
-640
-549
-1617
478
-855
-1923
-201
-1161
355
-1632
-267
-163
-77
-999
-1944
-353
-775
566
-1383
-975
-2084
670
-1335
-1488
-2105
-1211
-797
-972
423
-622
-3609
536
234
-2843
-1024
453
-195
422
-1650
103
-1381
681
-21
-1243
-2074
-347
-1310
-117
-807
308
-2077
-342
256
-1257
-2198
314
-2711
-228
-185
-1279
-2759
-213
-1782
-442
-2975
650
-415
-1835
-444
216
-363
659
-1627
-894
151
-1471
-1244
-247
-735
-587
-609
-1777
-913
-905
-1397
1356
-680
-2531
-2561
-502
-949
-669
1118
268
-284
373
603
613
414
232
-11
334
632
441
672
784
785
790
429
423
565
539
467
501
309
776
586
489
-29
334
730
295
413
330
472
299
653
226
631
312
444
652
371
471
691
380
-12
-31
3
535
556
489
261
-115
325
-20
47
-32
702
510
386
-84
440
526
175
742
217
-67
-2
36
-55
239
369
464
494
487
581
355
571
503
545
162
451
615
355
-24
385
660
415
122
80
-28
-102
248
-47
142
379
501
266
-35
233
432
694
633
326
106
388
359
531
339
341
424
-12
-37
426
603
-39
285
670
744
238
-69
-3
456
261
469
485
738
-15
-38
-26
64
623
362
189
651
489
193
658
389
583
537
497
564
223
522
85
606
148
696
311
86
72
-18
511
134
587
-22
87
312
-18
57
392
608
547
629
642
399
63
781
247
777
382
164
609
644
613
-20
-71
664
671
86
-97
612
561
200
54
194
588
532
533
519
-15
257
200
512
684
518
721
456
691
421
-56
-28
431
787
71
255
519
235
543
279
321
739
788
223
-173
55
595
355
648
636
479
55
663
288
792
-80
30
749
707
254
449
162
356
798
560
759
732
136
209
218
609
471
591
751
772
-17
360
202
380
317
-42
479
524
766
136
56
103
387
742
433
156
596
562
694
653
693
718
18
695
-2
462
151
251
535
350
430
762
460
621
522
645
503
49
418
223
747
618
433
388
783
-18
125
724
427
658
-36
-34
749
-5
349
373
230
343
451
160
682
-5
561
689
402
505
695
339
348
199
180
789
454
258
721
637
519
47
-59
781
105
393
-62
59
647
-60
233
756
530
343
788
305
-9
-56
470
723
576
199
191
340
589
408
219
266
498
424
353
563
236
620
459
723
523
394
641
757
767
52
420
504
6
-6
95
260
589
433
327
-110
477
463
-13
606
606
535
699
378
-45
55
659
525
617
136
319
620
330
225
-3
738
204
410
736
244
219
676
309
678
541
649
552
765
280
292
-86
-25
789
788
270
703
104
659
620
785
744
519
649
692
-50
622
434
528
745
793
684
737
658
-67
-4
576
195
-15
433
542
-57
-42
325
671
577
48
214
522
791
612
210
543
677
419
298
327
-20
286
-18
295
257
616
292
792
784
417
511
681
604
305
582
415
75
547
253
440
380
463
131
617
330
12
646
515
392
343
125
452
450
490
587
555
731
782
671
-35
-102
253
626
148
342
197
168
403
-9
494
655
647
309
755
379
-91
-25
502
1
-154
723
714
428
-53
-75
-64
564
500
341
630
761
266
-65
284
499
330
432
739
790
208
157
493
126
-87
60
118
-124
-45
-19
-17
544
77
501
258
-178
43
438
370
653
665
353
396
737
698
634
315
518
301
453
696
681
33
259
713
471
579
621
414
392
21
187
302
533
258
507
-35
171
618
766
583
481
-53
81
724
642
381
447
448
259
-15
6
434
554
247
761
613
27
-36
-25
126
-42
-47
462
-143
-37
151
126
454
153
318
753
598
737
226
-3
128
626
507
518
494
487
122
-57
-48
220
269
162
736
28
640
474
272
223
482
437
-19
63
474
479
0
252
158
340
721
126
212
-18
118
345
606
325
53
241
377
131
749
335
444
-64
-1
129
-3
751
671
364
-53
516
749
648
432
-21
441
-2
1205
3488
760
218
323
191
2391
579
1071
3351
4229
2500
1475
1023
1624
509
34
0
1585
1596
1472
658
27
1611
4
11
24
2969
1083
3965
1672
425
2870
1111
4
163
1093
467
3055
1830
6
2404
110
1281
13
734
1271
1874
473
602
1344
3947
3663
1871
35
580
1341
38
471
1002
40
85
23
52
20
1117
959
1445
54
617
16
129
542
1736
1975
2895
13
583
1934
695
1847
1227
770
19
1197
2588
1126
1184
1340
925
98
41
11
592
583
1085
1
1386
1410
52
498
940
7
870
1354
1999
598
575
874
1635
812
336
478
3674
351
970
3738
1344
441
14
3306
3165
7
479
38
1223
2959
393
453
747
19
835
2569
674
25
300
1720
0
2256
3127
1847
791
1470
2246
123
5
1176
1414
934
2650
5
40
1515
2196
1228
2907
745
19
1417
328
1984
1750
1505
945
1
1017
508
1010
2394
2019
2394
31
18
1808
1908
959
352
110
346
43
36
1387
3427
3118
2999
1702
57
192
1447
1454
3196
2718
2495
218
495
6
2244
40
489
840
127
2526
2733
721
159
17
1832
2219
5
55
13
22
842
20
1388
9
2556
1541
1864
1115
536
4
2443
1090
3185
2250
91
429
2723
1374
2441
940
688
943
855
1
613
13
453
1012
3424
4
543
65
2463
985
403
546
1888
957
1238
2047
18
2774
2304
8
301
3665
1376
3111
3229
3008
5093
1379
3132
1426
551
28
1976
159
1487
2080
1566
939
1167
0
2352
1742
55
180
1983
0
1097
742
1006
864
85
43
1128
285
530
31
1370
1726
22
744
2818
400
2339
924
1951
615
3
2926
2300
24
1125
3216
41
52
87
1517
2949
2800
2433
1231
1897
33
353
2753
3505
653
31
23
982
592
68
1782
1498
3260
2759
842
2494
1893
577
2822
931
218
211
674
1317
759
2946
18
16
1545
757
736
1499
3115
1282
117
14
51
2244
1779
3482
2602
4280
1266
1822
1017
571
39
10
586
9
733
2414
2190
995
2357
2237
1104
2238
1287
420
25
2
411
117
17
15
481
385
2036
2119
2848
2607
389
1533
2318
3551
798
34
591
816
1488
4713
2256
2132
721
1573
28
792
767
459
768
1691
647
2250
3747
1433
2074
3772
1157
29
6
2067
2281
1360
5728
3216
1968
688
518
35
1136
2714
1391
2203
1667
1433
150
30
18
410
739
12
1739
1688
2303
2728
2
2290
16
529
45
82
309
1172
2942
9
217
26
52
3778
1273
1372
2042
3342
2084
1604
1717
939
4
1
2990
1724
339
760
74
1055
72
1822
1855
1303
2610
3859
1545
73
74
18
20
847
2862
4053
1828
44
48
1446
2306
33
1232
1149
7
800
1872
895
6
2616
304
1459
16
13
785
816
144
37
510
4
52
25
503
3110
1362
2120
2175
54
1359
921
20
1078
2161
6
1019
1326
4273
2188
4038
1885
13
13
8
67
16
1288
2502
2958
230
284
903
971
2
19
805
989
468
1758
1385
49
1401
2295
654
68
45
166
2126
3627
3718
1700
1389
6
8
794
5
747
393
356
1447
1247
85
46
377
1424
586
1712
2294
2077
1971
38
442
6
477
58
242
3261
2027
3
403
1261
3452
5362
2114
44
114
798
778
256
242
1035
1081
21
113
2348
1947
10
15
3478
1499
1185
494
1502
162
1469
36
66
66
1249
1541
37
909
2751
3089
18
1581
1056
3305
704
1209
1336
12
2045
5
1335
1011
2938
2842
4373
978
545
3170
1738
1087
3341
2641
9
12
3144
1474
12
66
1655
871
1764
3352
2176
44
34
1477
946
688
2665
2483
1285
1855
4489
4891
10
1271
1418
2695
1478
887
725
1021
961
856
667
1734
453
1258
767
1113
347
700
640
1461
617
488
735
944
524
1228
1309
208
212
1410
1118
4
778
1978
461
1064
1682
912
1548
1774
543
1861
1629
385
1557
2995
1828
640
1076
1671
1122
117
788
8
478
424
586
35
559
365
283
733
1179
1984
245
2
1413
2660
2498
1932
1079
142
3068
1975
82
1835
160
771
1817
2393
2717
206
1410
1570
2772
2974
819
1035
856
532
659
1056
779
743
804
552
476
793
1102
2194
1959
416
586
1242
1686
1007
689
3128
1135
2447
1976
775
698
1691
2645
2303
1071
777
828
1127
4278
1963
491
1120
1105
343
742
1239
588
2670
847
1021
1483
1465
761
2333
825
106
2244
27
958
1600
1741
3523
1748
65
3759
4731
494
2511
3137
370
100
2673
2577
1989
1686
386
1424
2868
715
2013
3752
746
588
822
249
1886
920
647
2002
468
72
3482
0
438
809
2609
1439
839
1598
2857
909
2290
862
977
4402
3456
655
242
2822
722
116
702
825
929
1874
356
1044
3208
877
891
287
280
416
605
2478
2712
1504
1716
315
1689
94
3703
285
326
1896
156
2227
3100
1202
4111
179
408
895
30
737
3213
2622
1240
214
530
2915
1507
1172
1291
167
1041
637
224
180
1519
1250
1513
836
905
162
1662
2496
279
269
345
448
1518
103
30
371
859
2287
754
389
298
3653
3326
2045
652
3416
2951
830
1699
415
353
31
3945
1760
1630
627
652
614
270
1072
2623
98
582
1275
508
184
22
195
688
1791
595
258
1389
332
3341
380
346
264
1232
744
285
1077
503
335
719
1019
493
396
681
757
505
193
866
231
291
1664
1975
4461
1318
1937
31
552
226
2496
1284
498
2094
1679
496
942
1842
267
118
434
2232
3379
507
1017
1926
1177
2862
464
1795
732
644
281
928
1314
985
537
2325
2132
1229
1061
720
1152
98
1236
2226
1207
78
1992
847
3637
1676
422
1425
2494
1680
34
771
346
1179
1615
445
1156
1792
237
697
1449
2036
2807
131
1137
806
159
1362
227
796
260
278
974
1166
916
497
561
588
467
914
150
1678
1700
1276
115
682
1088
1710
2279
687
1260
911
1987
3931
666
787
459
2190
4426
2214
1434
1099
450
959
502
1499
157
1691
1334
1266
280
1137
2647
2244
225
655
524
1527
314
1090
636
315
221
468
757
1281
1159
600
374
1806
88
690
1107
269
2356
1965
1320
662
862
614
802
5056
3369
776
2105
2623
967
1240
1057
432
1088
2352
60
1081
2900
1945
580
552
1834
679
757
1130
1659
74
220
1930
142
735
293
978
94
2287
3513
4508
2606
936
1817
171
538
2561
3032
1828
1073
382
565
1685
1392
3265
553
1234
2385
595
912
169
994
107
1064
793
1314
1504
2144
2662
2415
53
2065
933
2071
26
673
282
2153
753
391
1644
1094
485
62
892
2671
2606
1418
1665
938
2015
1178
876
899
778
617
660
735
1971
4114
475
746
1541
607
1325
2768
3827
535
1340
397
1089
1830
109
993
1105
578
397
1718
426
695
196
372
419
1622
1922
516
996
779
2236
2532
1373
711
511
1022
1269
442
1886
1783
310
1205
3332
451
972
577
1058
1436
524
2342
1339
1368
482
752
542
346
1400
1014
2111
1117
3
3082
907
654
139
1643
267
663
1167
1755
3566
4249
1401
833
209
1127
1823
591
927
815
1760
1482
1816
176
898
1363
2923
237
1081
1618
1316
250
1362
910
1303
1098
805
3638
827
1522
1008
1254
359
1576
87
902
718
1113
2388
214
107
522
540
642
118
397
1192
799
99
933
25
209
1480
2543
256
157
289
344
22
563
74
199
440
235
195
520
461
159
365
761
168
297
317
128
344
363
206
211
327
612
2
84
1850
22
505
255
890
190
13
2455
732
367
631
474
69
1348
248
103
347
89
12
370
150
96
358
350
684
2222
1135
462
268
1205
99
582
54
342
2
1092
160
402
784
177
136
511
294
202
856
291
730
185
266
144
22
17
202
235
570
1527
130
87
345
237
106
1369
550
62
1515
1189
2007
773
297
66
431
1028
1071
155
410
71
134
1500
528
616
1173
206
153
146
187
12
194
1
113
337
17
315
2050
25
608
456
141
576
959
406
2063
584
49
2027
2365
304
126
2072
164
60
268
393
70
218
298
127
51
479
745
232
2004
243
1709
50
367
456
1050
165
382
103
429
241
1404
104
485
261
569
297
1075
307
82
108
45
131
364
2290
446
206
70
308
412
680
1757
185
710
91
294
1401
1928
40
78
3473
322
70
120
161
1790
358
66
15
417
1917
894
1108
1256
339
152
753
32
333
130
352
240
64
111
963
1188
68
451
414
59
349
2690
1151
52
50
302
23
414
2856
692
542
944
773
577
283
240
1073
786
1558
129
1060
1740
147
324
441
96
335
1526
25
1992
604
51
341
275
33
300
1228
274
73
2863
220
289
965
193
232
596
54
277
366
461
2490
330
460
88
195
691
2115
233
387
162
387
1058
137
241
103
61
523
896
696
627
1393
134
2034
139
0
269
135
91
256
151
623
1215
1729
149
45
800
49
175
59
26
1421
125
320
1935
108
1402
730
362
429
271
148
245
158
287
320
183
231
242
64
81
63
16
274
247
69
399
2022
523
588
149
536
405
124
41
133
82
483
164
174
138
131
204
112
538
43
89
41
1247
47
1383
235
157
591
210
913
107
76
996
1204
160
343
509
358
27
100
85
23
185
314
3371
269
169
49
562
206
29
1115
1714
131
1281
262
87
495
541
65
1220
65
47
38
330
109
520
433
467
140
35
611
1231
274
79
463
32
82
260
85
37
357
141
2412
794
311
27
78
199
329
724
119
20
999
233
179
792
36
243
47
2221
594
699
163
467
78
213
501
146
38
28
2073
1716
1554
477
1630
74
23
2086
172
151
1327
544
38
171
243
267
115
85
121
143
317
1494
1926
261
251
384
36
1050
12
1203
164
242
72
1907
129
539
68
56
55
112
513
1287
157
721
809
283
252
991
859
3939
1445
147
264
1658
400
693
282
90
34
206
82
857
1846
8
128
317
192
753
1087
41
422
150
244
465
36
49
456
674
143
8
85
416
304
464
53
33
64
364
19
466
1530
218
613
1984
1629
24
180
37
93
109
256
87
4
4
37
264
3250
1115
44
19
24
441
174
300
361
75
118
390
1131
119
672
1562
98
277
155
93
278
183
452
1742
654
315
30
35
249
52
3
209
249
122
2408
140
116
159
69
21
1190
216
896
1684
411
389
109
366
152
238
51
646
97
286
199
136
20
224
180
15
107
139
443
245
1300
809
343
116
749
2538
202
142
79
140
222
262
161
263
334
218
241
465
408
787
10
251
204
429
362
219
182
199
475
657
161
925
417
1302
379
410
2063
2054
2296
313
5
239
109
149
198
132
1260
2208
1761
403
1541
1604
863
550
1102
62
178
343
822
841
387
-885
-1702
-1387
163
376
692
1841
-205
732
1564
1065
1290
1422
551
1493
1205
1260
-81
352
1611
350
1528
1724
1030
-676
2069
-358
306
3065
-1186
-1725
946
2538
-542
1184
1905
-475
592
-927
1042
817
2469
1214
326
-1351
1088
-9
864
-1131
-3765
-222
190
-107
-557
1127
2142
-335
238
852
-236
-14
-34
-4
-961
-1022
1771
1243
552
-304
2061
1156
972
-427
570
-224
362
745
122
-181
-331
2165
1935
-408
2073
1129
2993
151
1037
1980
-115
-1209
793
-120
858
-1866
703
1141
1098
-1109
333
-552
1832
1761
2498
681
1347
2895
1878
2409
1149
1629
-2207
-357
-1057
1213
178
-569
1335
-961
1183
-346
1360
989
-387
1387
1356
700
-293
-667
-225
-2293
-754
1343
-1358
117
943
354
1087
764
-854
-1476
2050
-2220
-1631
993
613
-2618
-957
-788
154
-253
-169
-976
1384
-153
-2821
-340
2122
-136
-335
978
490
1671
2268
722
287
-1005
1851
-1247
1014
324
464
1829
1220
806
1378
3189
654
-361
628
-1057
-855
-495
378
-120
452
910
1342
-814
-1378
-590
1968
29
-173
1124
-1205
-841
-226
2943
-547
-1142
1321
2378
-67
-503
731
375
-203
2601
634
-230
389
1592
-13
-1079
-161
-404
-1495
619
166
-527
-9
-1028
857
-57
89
-72
1787
1695
1081
1116
1563
-7
-546
908
-727
-1141
-1019
2110
-394
1436
-1326
527
1828
-723
218
1043
-47
1524
-530
-347
-480
732
244
-842
-1779
-1713
119
280
-233
-646
150
2050
-410
-466
-86
-1740
-543
1644
77
-1129
1489
1891
1488
2183
1380
2307
1378
427
2415
809
1485
1430
1948
636
977
1486
1827
-116
-1046
2660
867
729
-753
248
-56
-1004
-21
933
1151
-93
126
-331
1116
716
-472
632
348
-96
-894
-1534
-1403
669
-652
-627
1972
703
13
1647
1283
442
285
716
2075
931
376
1369
1468
-990
-769
-674
2318
-783
-1200
1175
227
1989
-1704
233
1857
1192
2135
2163
1197
1539
-291
314
-392
448
2673
657
1361
2497
863
-292
-68
731
-249
1002
-262
1228
-116
331
-9
-676
1529
-1882
-560
306
-473
2243
329
1116
-925
-1121
1975
-1008
580
2049
1431
-131
97
817
490
22
2323
-565
-1209
-105
2677
885
-980
1713
1354
2049
1054
-325
1706
-598
1912
1056
510
385
2269
1032
225
-1997
317
-173
401
423
-1399
213
298
659
1007
410
-487
805
357
-237
480
1475
1891
680
1345
811
687
621
-1713
-1022
-999
500
1007
216
-194
954
1219
-109
2105
553
2593
407
1591
67
2028
-295
-570
2214
1800
1450
493
467
1253
-2360
281
620
-217
765
2524
3193
1917
-685
411
388
1678
1108
-1388
3096
-686
-282
1998
-735
459
-486
63
-2297
1843
-565
992
294
684
2498
-157
-118
-437
-924
-418
2094
-581
-1165
-705
1933
-1533
-109
610
1165
777
-470
49
-875
192
-1405
-649
472
1174
1446
681
947
-775
234
-100
372
1527
-1741
-1255
772
2816
1425
2374
197
-1768
1942
2105
-821
1767
-55
-347
1150
480
-726
206
-212
505
-596
2676
1165
1308
-489
-157
1650
-133
2284
-991
1892
-891
-313
-238
2655
206
671
-357
-966
529
1995
1320
-806
1062
1115
2592
413
-1146
1984
1607
-85
1145
-247
136
-269
-1508
963
2006
-292
1209
1804
966
1684
1026
-1785
870
-507
-221
183
-760
1718
-113
-1206
2419
1120
-311
277
304
1048
-158
809
-1214
1550
1804
55
1199
652
211
-1898
20
1010
391
402
1830
172
-1455
-182
-609
1635
-238
-470
-1531
-19
1989
1654
955
623
1360
1862
1074
1955
882
2645
1123
531
893
311
100
-133
781
1696
-624
1635
-63
770
1367
-45
-2204
-223
2888
1725
-106
-549
1835
929
1267
-320
459
2000
118
278
1381
725
1119
1655
-6
845
-1805
371
331
1249
1366
674
2043
74
743
625
2380
5247
3419
460
3935
9322
1138
1846
5886
2686
2163
2268
1955
2463
1827
604
616
2398
2745
3946
3162
2448
116
1372
-304
-881
-360
917
368
-931
1148
-148
-595
-358
-308
3438
-253
360
2440
1778
4112
-137
-464
-250
-313
-214
410
-250
4315
1439
1103
-43
-444
-272
-363
-66
1622
106
1342
-804
1261
-8
-443
-60
-621
2707
4157
-188
-77
3793
-105
186
8
820
396
1166
1495
471
743
397
-37
131
882
3410
1182
104
364
-16
3289
-567
-676
-24
1254
-668
2639
1589
-48
-161
206
-38
86
667
-30
4479
2427
906
215
-243
766
447
-42
1930
-16
-326
2403
939
-188
-166
-353
171
-274
-107
672
-181
-20
-109
3079
-310
-378
-54
-126
-36
-512
-319
825
1000
-274
-24
-165
809
3794
1469
1587
-196
-135
-57
302
550
1115
-9
1878
-320
-141
1889
4414
509
429
1262
2041
-730
-438
-158
1172
-174
-260
945
746
1043
-217
-368
-463
6654
978
2048
-392
-261
-475
-279
-287
1663
423
994
-698
996
596
370
-440
2463
-354
-558
-53
2021
-110
4238
66
-203
-61
-113
-181
511
1376
1057
-94
-147
852
827
-79
721
3040
1257
-36
-218
341
-7
-262
-39
1909
-381
1300
-457
1441
2316
2038
2321
-217
-94
216
819
1943
-131
-40
-209
-550
-134
144
625
140
-49
1965
-130
-469
-145
-121
557
-154
-397
-311
-343
709
4
517
-193
-231
655
2910
2008
3215
-20
882
-155
2324
748
-193
-320
2045
829
41
-142
1561
-66
2504
745
965
-150
287
1980
-37
-141
-153
-9
-270
274
167
1463
655
1006
2575
1673
-251
620
3718
1998
-303
449
-18
865
-245
-177
1156
-312
-432
-335
1236
-291
214
1912
883
591
-415
-182
-421
-279
2014
-278
-584
1447
1686
1220
1795
-137
2327
850
538
657
505
783
-126
537
690
-304
-97
870
-231
-39
816
-29
151
1168
2134
-243
-210
-156
-164
-13
461
895
2744
3927
1891
1525
821
2725
117
-104
-148
-158
-312
433
1289
1212
1559
466
-204
3517
3917
2485
954
-51
785
560
-507
-486
688
1663
1082
-93
-23
771
2683
-78
2661
1485
336
-138
-86
-33
-178
-544
-384
-54
-384
-49
-137
-12
-12
-36
-226
-275
-227
-404
-151
466
-57
-101
-563
-491
-171
241
-68
2099
2899
-125
382
-185
-322
-113
684
2813
2255
411
2301
3413
4668
-182
-489
1828
769
2754
582
488
-153
-60
211
-228
364
3261
2464
-261
-30
-232
1402
-500
-505
-68
-157
-337
-663
-47
4587
-657
-128
-160
6364
1132
-54
610
-87
-96
1785
-324
-178
1130
-59
-37
-81
962
588
83
327
-47
1951
2957
-673
2595
3768
-82
-761
-260
1401
-197
-426
-28
-29
-430
-91
-103
1727
5880
-441
287
-26
-136
91
-580
-378
-400
4952
-354
-236
649
-86
621
-81
2544
4219
122
2883
-146
-40
-113
-296
-583
9610
-61
1250
863
1243
547
772
1635
-487
3387
-284
1210
1573
2586
707
-86
1698
541
-393
805
1307
772
-31
3603
-995
1071
-257
-106
300
327
-77
-238
-288
-636
-226
-279
751
-367
807
-285
-444
2339
-215
675
1604
473
906
-946
-798
-317
1343
1491
1303
2268
4860
1605
1158
-22
1535
1732
817
3331
-236
-92
-577
-571
3990
-255
-160
1765
874
1050
-30
459
215
-58
-170
-215
-585
-304
1451
2471
2326
326
3542
-669
-213
-267
3511
3222
-441
4262
1197
-65
-110
-87
-101
2416
-144
-139
801
446
531
-125
-84
-164
-667
-54
-607
406
-85
2460
-596
-129
1224
-249
-158
-82
-5
5386
822
-550
5149
236
-275
1705
5923
1814
-85
-151
625
-299
-152
748
1373
1702
-131
-388
-85
-260
-605
794
2815
6012
507
2351
-672
-341
-84
-294
-818
-67
-244
1233
-46
224
2598
845
3894
70
3730
1305
48
266
547
3242
23
2266
8
3951
1
2
503
13
1917
766
1070
1865
791
8
344
698
3183
22
20
380
3598
49
65
34
17
4005
155
3194
3
100
8
758
1258
399
1
981
65
513
4360
144
4898
6
16
1301
22
38
10
17
9
1773
24
2
1
44
11
645
31
27
38
667
17
45
2115
22
6
344
33
18
19
964
2927
50
2538
91
1028
53
5598
114
17
303
12
2399
536
79
1898
37
21
3180
2492
693
320
491
401
42
3265
50
63
1293
1809
40
577
54
3
8
2102
1088
24
784
46
151
0
37
2241
40
2443
2
82
525
36
2295
60
9
515
75
2
132
105
147
232
60
1469
5
337
1676
45
507
14
15
1393
24
72
289
1346
506
93
1991
2599
607
75
5387
150
3
32
279
3
32
1128
108
9
15
2637
1450
19
1770
66
307
5
19
15
264
679
45
28
3475
100
2558
33
39
397
1870
1
40
554
22
1514
1734
101
2229
2257
24
45
234
25
2683
38
1787
399
1096
798
57
1815
25
3127
45
3348
99
4508
90
1493
21
2823
115
2290
3
78
1330
2696
49
57
3
561
843
96
285
5724
128
100
4647
154
1564
51
1868
2302
31
5
2160
43
71
36
39
6
4
928
38
530
320
44
5687
128
1205
25
2092
5
36
38
20
1321
3
10
100
1473
35
372
9
872
66
1905
978
69
8
810
274
1283
48
57
3083
20
22
1
34
1957
27
0
2577
5
71
53
2218
56
1197
9
1215
34
2045
92
44
512
34
773
611
19
2187
7
430
2850
67
24
821
1204
51
2
16
630
2077
37
1143
68
1675
1216
1
19
2
3588
53
5496
32
156
14
510
1830
19
2411
36
50
17
176
2770
1641
52
19
148
840
1789
77
1464
25
33
13
63
354
3916
109
3324
6
30
857
925
48
92
1708
701
62
3719
66
83
749
35
768
1223
27
11
463
16
3015
86
3643
926
39
17
25
293
98
76
1879
69
63
132
2439
63
11
900
107
26
11
2889
30
346
18
46
797
2372
40
2398
72
3
1661
52
2591
73
451
31
2369
11
2390
41
1160
24
244
4304
93
157
454
593
34
2808
81
761
52
943
2898
1223
74
388
35
31
89
3
23
926
77
49
21
1127
132
716
2805
37
3466
1409
14
20
3457
38
832
58
665
3
53
4446
108
1183
27
24
6
462
302
1129
24
559
783
2015
134
1225
1
13
3
4906
143
3411
40
201
942
481
64
22
1350
931
67
864
86
228
49
70
13
119
4176
759
24
0
1211
8
703
1021
59
4406
2
85
214
382
1723
1814
80
439
878
3
1077
1368
1327
32
1275
1709
2
1529
2
2875
57
859
40
741
458
144
19
463
57
951
97
32
2268
36
146
835
75
37
44
2910
202
1
20
14
29
1720
41
223
885
41
2295
41
28
16
1637
30
1
11
14
808
1353
54
254
1675
729
25
8
35
897
26
1911
47
4682
36
39
5857
142
1414
961
43
3
6
20
3149
576
976
89
100
37
1678
2306
56
412
3091
327
1844
73
664
41
679
1518
8
15
1717
45
24
804
1032
25
75
17
2603
36
432
18
1667
71
3
11
696
103
1053
1382
72
27
741
6
7
38
869
2222
28
44
55
1229
1757
9
34
137
23
366
21
1658
2281
49
305
1690
45
38
10
12
19
55
9
1464
94
26
1552
23
66
-499
-219
1585
-296
-507
211
-115
-259
876
-120
249
-241
-392
-262
412
-377
-129
-505
-509
399
1039
217
-507
33
-243
-501
31
-437
-568
-579
-383
-448
-413
-549
-223
423
-346
-402
-8
-418
-163
-558
-562
-580
-377
-554
-556
578
-613
-157
-394
-303
-282
-249
-502
-571
-289
-411
-108
539
-104
-620
99
-323
227
-343
-534
-580
-566
-667
-543
-484
-600
-539
-593
-103
-32
733
-255
-484
-463
-313
-579
-548
-147
-511
-590
-87
288
-299
-540
-608
-585
-532
-51
-276
-612
-557
-57
-374
-340
-160
-132
-361
-302
-555
-249
-396
-439
-196
-490
-560
-291
-450
-82
-510
-584
-574
-600
-312
45
-244
-41
-598
-247
-427
-381
-489
-581
-565
-365
-390
-99
-75
-46
-444
-572
-566
-274
-162
-483
-384
-511
-439
631
-287
-550
-574
-425
-511
-552
-549
-541
-376
-430
-512
-4
-322
-570
-480
-524
-566
-549
-316
-413
-247
-459
769
-379
-536
-545
-589
-406
-509
-362
-489
-591
-276
-350
-496
-539
-554
-374
-507
-571
-28
-558
509
-235
-411
-628
817
-517
-599
-571
-432
-270
-488
-363
-468
1
-19
-194
-552
-461
-215
-260
-459
-228
-351
-501
79
-248
-396
-633
629
-513
-556
-583
-410
-322
250
-571
-579
-612
-482
-514
-498
-292
-493
-497
-293
-169
-523
-343
-591
-274
-494
-572
326
-248
-491
-417
-562
-125
-522
12
84
-543
130
-390
262
-20
-412
-464
-628
-138
-377
-585
-583
-511
-572
-536
-185
-298
-447
-297
-208
-379
-505
-107
-88
-432
-126
-554
-565
-493
-525
-249
-532
-544
-72
-204
-194
-489
-402
-486
-260
-14
-548
-112
-29
-228
-373
-190
-377
-119
-429
-369
-277
-488
-545
-454
-487
-532
-587
-499
-561
-523
-547
387
174
-346
-280
-528
-294
-480
-544
-565
-326
-469
-586
-313
-105
-562
-129
-207
-19
-397
-560
-477
-543
-549
-491
-563
-109
-11
-240
-428
-161
-494
-609
-619
-463
-541
-581
-601
-537
-542
875
-500
-582
-398
-500
-596
-573
-50
752
-555
-368
-371
-434
-349
-43
162
-446
-381
-473
-562
-13
-559
9
-493
-564
-552
-623
-332
-581
-427
-472
352
-325
-531
-495
-360
40
-46
-493
-4
-331
-547
-537
-369
-584
-533
524
-406
-572
-556
-576
-36
-537
-606
-526
-284
-550
-576
-210
-189
1070
52
-459
-531
-549
-569
-560
-378
-493
-597
-384
-578
-573
-194
-474
-543
-149
-490
-477
-504
-525
-540
-176
556
-399
-174
-59
-385
-60
-492
271
-410
-431
-586
-603
-369
-394
-128
-57
-493
435
-282
-340
-581
-573
-206
-555
-181
-418
-448
213
-345
-565
-478
-362
-469
-113
-455
-548
-264
-274
-574
-560
-590
-351
-58
-423
-549
785
-541
-553
-565
-569
-615
-341
-527
-450
-222
-202
-189
-72
-570
-581
-203
-465
-552
-578
-219
-581
-345
-60
-282
-493
-282
-466
-557
-484
-525
-531
-458
-472
-466
24
-448
-540
-432
-290
-72
-97
-554
-587
754
-438
-538
-107
-562
225
-91
-442
-266
-445
-262
-502
-506
-542
-269
-318
-510
-552
-77
-497
-529
-551
-357
-585
-79
92
443
125
-585
-542
-563
-507
-256
-407
-286
-522
-549
-178
-525
-575
-523
-555
-548
-579
-537
-469
-286
-545
-549
-159
-482
-587
-571
-553
-583
-506
-430
-596
-479
-275
-122
-443
-542
-511
-167
-558
-261
-591
-524
-452
-540
-568
-499
-547
-600
-7
232
-602
-613
-600
-584
-314
-115
-419
-549
-587
-268
-218
-387
-577
-558
-486
-558
-605
-634
-522
-381
-525
-606
-227
461
-465
-412
-333
-503
-577
-557
-419
-606
-503
-452
-555
-451
-325
-120
-344
-493
-122
-181
-186
-269
-275
-453
-97
-497
-82
-327
-209
-107
-526
-594
-102
-319
-453
-509
-350
-550
-175
-133
-607
-557
-547
267
235
-400
-566
-473
-521
-572
-396
-416
88
369
283
356
1354
2351
706
832
363
988
245
411
1599
610
664
485
1056
1700
265
424
181
28
346
42
1283
541
1325
1466
750
639
2263
1407
571
815
1336
464
150
994
555
2313
1949
16
1715
3154
2562
1979
284
1120
97
753
1409
1166
1391
2201
1251
475
1541
438
320
175
561
1340
923
938
1138
1949
408
131
3292
2752
658
2893
1404
617
804
2163
32
457
268
1277
2949
451
674
971
574
29
1193
445
1219
78
320
839
1584
1268
1211
1822
864
1058
612
479
2710
213
1246
113
1044
1058
1875
863
759
1572
2726
2602
356
1205
328
1241
355
1433
1378
1096
920
1129
2339
1295
521
898
2154
862
1220
2402
334
1261
20
1316
990
1318
1301
2966
789
1223
3285
57
118
559
738
1125
109
450
315
1519
868
335
321
238
885
1728
297
171
1870
934
32
925
2304
657
904
59
2666
2645
340
945
677
1652
905
1497
202
923
2047
2277
1583
2728
251
1005
757
671
347
1254
937
570
2316
802
770
206
1908
1063
2504
468
176
1749
264
1994
1910
742
1415
1059
782
3264
698
38
140
884
993
247
2104
695
1095
932
1923
5
14
2038
2090
1451
3327
1492
1314
1500
334
292
303
2081
748
1783
330
1659
2789
2000
1244
31
612
1230
85
1711
378
1507
1069
1995
78
362
1262
929
378
319
808
2205
525
2054
1144
152
1251
551
1580
969
15
236
962
2674
599
689
2182
1526
80
2898
53
1007
625
888
3
1679
846
175
543
345
1207
868
139
117
2568
410
847
672
1068
333
427
2278
897
519
1073
1150
1217
1822
294
83
328
622
162
1965
554
894
2130
1347
508
19
420
652
484
700
1436
910
2422
226
44
1776
347
1143
2926
43
136
1912
717
668
1653
259
2017
326
3160
483
1908
2402
305
1654
634
608
1237
620
2524
106
1179
1976
1629
600
409
1159
404
560
2934
40
2741
1379
3315
1213
1683
387
666
923
46
661
1132
267
1502
266
710
1247
283
682
354
989
1042
1140
1195
1411
1103
1195
86
61
459
1999
401
143
502
975
1266
313
1891
1985
90
1207
663
1691
817
23
320
872
1180
289
515
1099
473
593
557
635
2118
378
712
1877
863
882
319
1350
970
18
260
316
708
1632
1882
106
898
1263
3305
2444
1129
643
727
2198
1002
492
589
1804
2405
1465
2908
34
619
414
925
1617
595
1287
171
665
164
873
734
1396
112
377
1244
574
1080
530
390
637
722
1693
1352
1745
652
913
1369
108
675
3889
99
298
1706
930
182
853
378
1605
1014
12
1231
383
261
206
636
50
44
1105
501
351
607
2489
947
1299
111
708
497
1830
6
928
1667
356
111
152
409
239
445
308
996
1637
939
1565
2355
995
2466
615
177
1898
960
1485
2950
816
1421
1555
1597
1722
42
154
593
1528
1615
965
1543
433
24
7
4108
822
718
1316
1608
637
443
1793
885
145
96
359
48
875
1101
2187
648
437
1240
171
1962
1754
51
86
1138
589
2385
505
1011
1459
1883
44
144
78
1661
608
1566
950
290
2928
2111
1211
574
138
805
354
2057
2619
896
936
573
921
367
1857
2611
1118
1045
38
1036
1024
822
418
90
733
63
1619
1719
65
1846
1460
555
496
1554
103
524
47
973
1856
1603
901
1439
1873
727
1524
660
507
143
516
2444
47
232
385
262
1007
255
862
442
2653
209
2663
684
1901
88
1536
998
1602
184
3087
370
505
41
701
1717
12
311
1622
874
2275
360
117
1258
2382
2876
1369
1352
1065
121
23
529
350
1311
308
2507
451
2406
1628
2939
4025
2081
2305
1859
2533
3619
2296
1437
3164
1092
2360
686
2194
942
754
454
2517
2683
1612
1995
3966
1705
1380
129
1312
4373
1306
2123
1830
2537
679
313
1218
1658
1111
248
1434
1066
1118
1471
548
257
2109
3487
1275
482
-116
3100
367
654
292
3175
419
-400
440
313
655
1179
2335
617
1392
1082
1807
2010
1281
2618
1022
909
320
563
1342
2909
1096
1701
1128
1165
-89
1222
680
1067
1274
567
101
524
1267
964
2553
534
590
2175
666
3765
2108
711
2626
302
-277
303
256
2945
1327
1013
647
715
1230
147
284
1397
38
479
559
498
1159
955
-227
503
-316
1263
386
633
48
375
1883
715
673
894
1065
226
755
1630
539
555
3744
833
2810
1523
712
1783
3715
1106
1800
-250
443
-15
3025
364
-436
1146
2126
1620
1321
2668
1457
621
4513
897
967
1287
2968
537
899
473
-160
2743
724
2010
1360
48
2277
-122
411
956
1577
1328
545
80
895
1198
417
514
1417
-146
-512
1499
-36
66
3526
2329
1133
-176
-72
1192
2441
1852
764
1644
603
1192
751
-12
203
2065
1245
340
-119
458
3232
1777
2455
3635
1651
279
4943
-283
1059
1611
1493
723
1878
2129
1983
2367
841
4
579
139
2109
2146
1196
4666
1624
262
3814
875
1866
832
1078
770
1448
581
1214
644
1915
328
884
1452
1562
2014
1104
1554
969
1708
2509
1409
-26
240
-14
-293
3708
2067
399
374
762
1488
2242
1875
980
-398
627
933
115
3603
2893
670
1150
762
1620
244
2697
153
2896
1066
-379
1040
199
284
3043
519
919
1516
1421
519
765
264
690
1230
558
1140
1471
-235
823
1022
3700
-33
652
1074
3916
974
3879
2321
1293
798
412
10
406
1239
1181
817
2553
2140
242
570
-90
1605
563
1961
332
2118
2112
1040
-79
1475
1135
-167
449
1351
691
849
2002
1242
2896
1203
711
4
1296
750
277
2057
1094
672
44
1192
714
371
-2
1744
1856
512
1032
280
3552
430
622
841
2114
1960
894
146
1749
1976
647
437
2660
1317
1239
1748
4467
3772
382
373
892
1123
-178
-340
-157
844
377
179
1177
440
764
194
1146
444
2939
439
448
163
2653
669
769
1664
1073
59
610
1465
1920
83
333
510
796
-22
826
617
436
2875
636
2407
1628
1088
1335
1294
1482
1385
1845
2989
364
966
1406
36
1416
85
982
427
2526
718
1813
1328
2219
2431
184
306
717
1806
1188
2173
712
180
639
1817
1141
1053
1716
-71
1621
778
872
1370
987
1797
341
532
115
706
1849
1367
1992
1591
507
553
1264
347
1047
387
212
1461
1710
1379
1067
308
1704
976
460
2599
1571
924
2125
1066
142
962
-336
403
1170
2678
1062
1982
728
105
-68
404
1738
1214
536
2383
2244
1078
2546
1939
100
1535
919
1022
1053
1912
403
2374
1446
193
775
720
1565
3785
738
864
559
-315
4
1184
800
592
873
541
140
975
2019
563
929
403
931
2068
1641
654
1530
480
2740
805
-97
191
917
508
980
1321
268
188
772
2978
1398
1766
1298
-48
1884
1522
-105
2103
1643
3424
613
1859
1230
-284
80
1418
1161
572
2459
1012
10
304
1324
751
700
370
1681
1386
1684
1803
1216
1583
203
-153
21
1520
890
1393
2324
1334
294
749
1850
753
3120
1450
1651
1008
158
2698
1569
1099
885
1642
623
-296
1388
1540
418
1746
925
2761
1161
2535
370
355
621
855
483
2448
1655
873
1108
874
41
-337
229
1783
3308
2652
1463
3094
2391
4054
403
564
1007
917
757
7
912
540
230
561
-12
207
494
299
1505
1328
530
715
337
-71
330
811
264
4
563
93
1165
829
1416
-64
-21
-592
-293
-2077
-732
-791
-1033
-583
-146
-1480
-749
-502
-284
541
-484
-290
-198
-94
-138
-900
-727
-39
-205
-258
-1262
-1901
-2209
-1881
-1539
-1498
-2272
-1531
-1783
-3045
-745
-2936
-1849
-684
-1051
-2220
-973
-877
-1235
-1482
-2300
-1539
-734
-1253
-2749
-716
-2206
-1576
-1063
-813
-2120
-653
-1254
-1648
-585
-1054
-1612
-1588
-1597
-1139
-615
-624
-1543
-1821
-1410
-840
-1938
-1165
-624
-578
-606
-1156
-1358
-2210
-2251
-1307
-1425
-1054
-726
-1044
-1314
-877
-1423
-1122
-1586
-1087
-1479
-1095
-272
-337
-1980
-741
-1591
-1147
-1969
-1221
-53
-1580
-653
-717
-451
-733
-409
-1412
-1110
-1330
-1370
-123
-580
-1992
-1763
-1234
-394
-945
-1469
-1231
-1382
-2159
-2158
-1229
-589
-608
-1431
-2079
-1175
-1652
-663
-1713
-1315
-649
-1620
-1574
-1565
-646
-1126
-2044
-1160
-1585
-1256
-539
-1559
-754
-1957
-842
-934
-992
-2072
-413
-317
-1321
-2306
-705
-1419
-2072
-1590
-1372
-1236
-1449
-1243
-1683
-1378
-1095
-1681
-702
-882
-836
-1413
-1058
-1464
-1916
-902
-859
-587
-1768
-2103
-649
-993
-1523
-1283
-1783
-461
-1080
-527
-3615
-2893
-861
-1256
-716
-1740
-1597
-1613
-1595
-2011
-703
-1622
-1523
-806
-2019
-1254
-1826
-2146
-1220
-1362
-1512
-1052
-218
-1358
-1537
-1899
-1493
-2249
-546
-1410
-666
-1942
-1435
-1687
-2032
-1199
-1427
-1557
-1054
-1056
-761
-731
-1497
-1034
-1936
-1440
-1240
-3444
-2234
-1106
-1113
-1705
-1161
-1335
-1297
-735
-1437
-885
-603
-1753
-1201
-1605
-2286
-1998
-1572
-1518
-1748
-1466
-932
-1343
-2379
-1221
-2259
-1080
-1045
-226
-1134
-1833
-1551
-702
-2141
-2086
-630
-1149
-1024
-1785
-336
-487
-1066
-975
-743
-1679
-758
-1695
-537
-921
-751
-700
-831
-839
664
-1540
-650
-822
-2501
-2227
-1897
-1239
-2187
-1064
-1805
-1393
-1947
-1011
-1147
-790
-988
-818
-725
-480
-811
-1326
-1810
-1586
-774
-1003
-1084
521
-490
-1833
-1092
-147
-684
-262
-793
-1054
-1394
-314
-2101
-2271
-850
-186
-2200
-998
-1436
-2403
-2904
-1556
-822
-1490
-1009
-1015
-1438
-2179
-1419
-1402
-1552
-1545
-1474
-1144
-1688
-1197
-1942
-1682
-2081
-1805
-1408
-2157
-1119
-1180
-3746
-811
-1403
-1421
-1456
-1042
-737
-1314
-1710
-1342
-1512
-613
-2477
-2179
-1250
-308
-890
-949
-955
-1943
-1042
-1089
-728
-922
-1665
-656
-1052
-1543
-1366
-2133
-1567
-817
-1089
-528
-1188
-1152
-672
-884
-1766
-56
-461
-725
-826
-1310
-1302
-996
-1568
-984
-929
-1297
-366
-2152
-2080
-818
26
-328
-623
-927
-1470
-1122
-1432
-806
-1001
-1415
-1733
-1039
-1176
-894
-1481
-1946
-1004
-771
175
-672
-1977
-1449
-856
-944
-1236
-1811
-2202
-1090
-1704
-1606
-749
-2020
-1599
-1188
-2690
-1130
-1951
-1625
-1293
-1409
-165
-533
-1499
-2284
-341
-1077
-761
-1127
-2109
-1622
-952
-684
-561
-458
-2425
-1054
-494
-892
-2010
-2073
-1222
-1869
-403
-432
-1012
-553
-1467
-1449
460
-65
-117
61
-1139
-2643
-1794
-2596
-1144
-1238
-2660
-1495
-935
-1036
-1145
-1579
-1714
-1154
-1563
-2284
-2526
-1334
-990
-1048
-170
-754
-372
-517
-569
-1541
-1199
-1218
-1538
-1484
-1706
-142
-987
-1538
-1565
-1316
-176
-891
-2558
-1491
-1408
-622
-563
-3053
-245
-477
-302
-413
-1717
-1655
-1093
-1132
-1989
-1605
-3083
-315
-1699
-872
-1448
-1681
-398
-499
-2994
-2071
-2332
-1615
-879
-689
-1467
-1401
-649
-552
-903
-794
-1157
-896
-558
-932
-756
-771
-755
-1739
-1410
-1681
-643
-810
-1241
-1934
-1523
-1961
-898
-1260
-673
-1624
-317
-573
-927
-1793
-1208
-1445
-849
-2589
-904
-190
-1499
-1474
-695
-1049
-699
-662
-847
-1814
-1127
-1717
-1304
-2309
-2099
-1656
-446
-1728
-1575
-761
-1824
-2169
-1025
-1618
-1307
-538
-1093
-1718
-792
-1824
-1474
-2315
-677
-420
-927
-1738
-1885
-811
-715
-747
-695
-454
-655
-533
-517
-918
-2027
-769
-840
-1413
-1951
-1880
-1331
-1334
-1905
-1920
-1427
-1471
-1676
-1735
-927
-526
-1223
-2191
-1235
-1326
-1150
-1045
-537
-911
-1403
-1092
-1070
-1490
-2473
-1294
-640
-542
-2065
-907
-1797
-1007
-1424
-727
-950
-777
414
480
624
212
651
992
108
366
1028
71
46
615
505
664
227
-180
536
107
572
487
576
-117
872
-24
175
296
653
642
-235
870
-75
413
1269
41
76
409
528
-183
1087
546
811
166
233
534
1172
282
1545
891
36
752
667
603
369
623
65
654
552
1076
103
505
1070
545
87
691
336
18
1094
630
-33
-42
150
637
-40
770
628
587
-76
726
-67
423
394
1021
244
360
847
534
130
276
464
762
-72
162
703
1050
206
1601
-251
894
463
444
497
617
-48
437
286
552
127
-188
470
33
400
792
599
84
476
515
-134
217
465
659
684
82
-174
140
-139
528
609
387
282
947
871
371
628
248
338
812
297
397
711
321
1076
32
271
1056
294
958
1453
352
958
709
368
815
-164
239
804
1232
-395
551
400
135
533
546
334
219
175
539
311
2283
-73
1325
-147
734
100
471
62
984
625
265
689
468
395
461
140
1029
-193
768
-65
530
-90
426
550
1342
639
-35
622
764
311
403
-148
571
402
439
392
292
154
1089
187
-96
1032
339
577
1029
-9
194
349
474
380
-61
-183
914
174
1083
-36
518
-21
781
676
731
-59
-13
852
694
232
1117
247
-41
1091
365
429
507
136
-44
1478
202
686
259
541
338
-2
195
821
439
815
262
228
424
-40
741
-55
921
-242
339
-64
1802
263
1041
366
427
531
944
-70
722
469
333
387
704
114
169
643
155
573
34
974
301
194
-102
1643
702
310
338
84
710
234
-152
637
114
-9
214
304
1536
-358
1149
370
399
246
862
102
587
792
320
996
2337
49
698
137
570
725
442
1395
255
438
819
406
824
829
-13
-51
1176
-234
635
149
742
538
-45
305
1469
889
-146
271
1033
-19
358
384
503
643
-80
-29
403
631
851
-77
454
459
506
555
-74
512
921
473
509
513
-199
-108
580
417
352
-131
273
407
830
223
409
773
106
672
17
745
391
803
790
487
592
893
799
967
626
703
-13
134
962
737
212
748
-9
439
393
291
121
484
447
387
346
147
41
748
-167
337
555
246
918
-137
-7
122
280
583
220
177
1315
230
737
172
737
605
193
110
988
162
120
1224
461
-107
1415
88
489
2523
-303
418
1155
719
-223
-79
277
595
491
431
68
520
604
273
483
385
185
635
246
358
2018
86
562
43
1451
-198
1163
-54
780
787
-34
737
12
489
85
691
201
1459
-130
976
235
1063
-335
1047
740
132
715
-40
979
460
317
514
384
689
-48
-126
446
639
-19
647
-144
710
176
-141
254
1195
491
436
392
-4
286
-184
396
-118
48
742
558
747
970
-95
721
208
939
-341
157
858
119
1689
227
765
490
495
1477
637
462
799
689
586
722
-62
1147
-253
580
1033
334
989
564
386
370
98
345
785
12
577
372
365
1863
596
872
625
-54
536
455
-110
767
-46
990
471
380
594
162
464
687
300
855
-140
474
655
852
-200
1197
146
420
826
359
814
-182
636
626
187
-77
998
-242
343
982
-13
616
300
306
-15
756
574
-36
415
1256
-44
753
1215
-207
2057
-64
-147
569
801
-244
1499
11
722
946
328
211
940
899
46
516
-16
37
-289
1007
-1
237
780
-100
613
1030
727
80
1270
190
494
351
-309
157
944
-353
-37
436
667
527
592
620
1721
1636
476
-352
413
725
-34
-73
398
57
-7
-86
546
57
677
792
295
1111
243
85
626
-164
392
694
147
2507
15
433
1078
0
895
42
1039
1568
193
414
1195
409
69
937
375
1770
780
30
187
35
87
1804
149
57
323
789
92
0
229
363
211
1704
257
543
371
104
6
1730
617
989
107
700
674
213
851
1397
1437
1174
938
202
195
37
89
1667
619
13
1459
640
547
423
20
1213
436
2504
841
199
320
516
175
222
339
1094
192
136
209
67
143
1090
284
737
258
29
45
188
85
1268
101
95
47
68
386
503
661
1204
993
311
1086
1235
1943
761
144
245
142
884
66
691
842
24
292
1333
320
1662
980
1080
327
235
314
497
669
912
45
11
241
284
269
6
28
234
451
278
501
24
74
1489
27
232
422
169
190
611
37
225
806
245
710
231
95
98
1383
123
617
358
74
45
1070
415
1515
256
270
184
1977
879
143
856
203
129
862
382
1009
579
1152
65
224
98
496
120
256
37
718
0
398
360
121
54
1491
330
588
383
1232
206
706
42
461
916
387
812
702
2051
1088
794
487
202
1040
21
298
183
538
2100
1048
258
710
526
326
1711
520
144
755
370
459
1006
97
738
182
451
4
943
219
81
252
1498
348
214
129
831
441
167
1855
386
124
277
1359
430
451
8
301
1707
320
119
176
237
205
205
1033
172
150
517
816
0
510
228
16
292
564
973
52
77
147
339
427
700
139
12
614
226
794
387
86
574
151
101
1486
450
326
113
102
34
1629
866
270
1038
568
546
491
231
117
622
311
698
22
104
202
376
313
696
577
247
488
687
78
1152
1
767
218
2050
1487
897
561
823
344
1414
223
191
299
1067
152
836
507
315
1431
90
742
934
691
256
99
500
82
410
2682
1334
291
71
70
66
17
328
277
50
358
147
1343
533
961
59
949
328
536
231
99
152
91
870
148
78
612
119
528
1156
1252
136
449
803
1040
104
1361
158
327
166
1114
377
421
723
159
147
411
572
69
470
536
147
639
48
227
844
351
491
1080
311
203
665
22
471
21
420
3310
636
549
592
91
1324
586
736
1389
406
250
76
1162
396
453
50
19
176
278
1788
836
731
747
1653
330
653
1293
776
395
1627
263
183
1344
115
346
165
1517
929
1740
864
16
1530
450
289
116
134
799
101
76
584
1496
881
210
1405
370
1006
2182
848
458
71
61
33
173
1307
104
494
267
43
689
410
84
1127
208
273
93
582
174
416
119
73
200
306
640
366
1081
1313
1042
1822
101
1348
390
236
108
20
282
16
1905
361
69
518
165
126
1344
506
694
168
46
909
126
1030
1207
242
118
80
131
261
103
1948
626
6
308
5
1361
734
178
594
191
543
273
254
728
1055
715
19
1792
90
604
565
131
569
87
68
119
513
40
136
1520
534
131
1072
1034
644
235
508
187
115
32
18
1471
170
271
524
1961
861
260
485
1340
730
6
106
1283
628
204
1141
976
1130
1019
471
135
414
143
30
143
650
312
1098
154
197
488
205
983
384
2288
1787
2219
305
292
1374
138
613
684
1243
353
1590
149
519
853
1016
78
5
362
458
1436
174
422
310
221
1295
175
251
826
732
217
540
352
1446
1212
1505
670
3018
292
148
272
536
1132
253
14
399
24
243
1226
108
785
15
72
511
27
253
95
607
381
701
596
2995
365
83
469
1262
79
1830
479
215
413
245
238
286
5
271
-884
-897
-861
-1009
-881
-930
-1064
-932
-906
-834
-873
-872
-961
-889
-1001
-904
-907
-1108
-1055
-916
-812
-1069
-908
-913
-173
-301
-85
813
-20
821
255
67
-699
-792
-681
306
-348
-412
-74
-349
603
658
-47
-306
468
48
-293
-923
-861
-867
893
84
-840
-649
-252
-710
-842
754
1005
-721
-448
-249
-439
325
-453
648
-918
-379
452
-125
-13
816
-799
86
-683
-47
1668
552
-959
-152
904
275
-60
-262
-213
-728
-757
-357
-241
-283
625
-180
-215
-776
-430
134
-361
-590
-821
123
-584
-318
187
-242
-478
211
204
-243
57
870
465
-61
973
-459
-439
11
59
1123
-47
-699
-517
-55
705
772
130
603
524
937
487
-623
-358
83
301
-402
-800
-164
-492
-52
-107
-439
711
993
312
835
-568
28
-45
-272
-361
-758
-30
781
-850
-640
66
494
-110
1314
-55
-572
301
224
-329
261
-585
-868
1355
212
-213
1132
628
-136
332
1164
59
63
1334
696
-287
-248
37
-406
800
811
-30
231
1311
-23
-153
144
-301
-202
-882
-572
489
221
-267
-999
-327
-775
-386
-597
215
-372
-34
651
-538
-513
1141
1170
-325
246
605
-712
-116
-376
598
780
-607
-224
-445
1074
-164
803
367
-705
-226
541
-674
-891
-121
833
-470
-147
485
-716
-406
860
-246
-167
-501
102
-226
1066
180
-600
-183
-349
-491
-330
921
867
1170
-13
-1003
-698
-391
179
1754
487
211
-900
-406
-897
-501
442
241
-472
629
727
182
1226
292
-658
-484
-94
-63
-281
374
-374
34
1357
-171
-249
101
-350
-315
1962
474
378
229
-105
-247
1492
936
-90
-260
809
235
-252
-687
-690
574
-600
106
-738
-771
-419
-396
777
-505
-791
-723
-814
-385
1481
931
-897
465
-425
37
210
-199
347
-222
303
327
82
-58
-402
-253
132
460
-876
629
-375
-486
976
445
-48
102
-28
-403
-493
-3
-220
-362
-378
785
409
-231
-824
-770
-53
-876
-904
-638
95
-379
813
1401
-164
-786
-792
362
21
-395
-63
-308
-800
215
-704
-578
-8
-67
525
-333
-226
922
9
-170
579
-381
-565
-589
66
-55
-528
-433
513
142
-764
-485
51
-37
47
-252
-575
-37
-790
218
786
-580
153
-900
-618
-90
-660
170
719
586
172
-885
568
612
-312
-462
2001
-591
-377
-420
-488
-631
303
432
-484
-296
-515
1674
111
-349
489
-742
-727
-774
630
524
-678
522
1674
187
-585
-519
52
823
-764
795
696
-287
-621
-324
162
-528
736
346
-32
-381
147
258
-175
-391
126
-857
-310
-179
-869
-76
82
619
897
-718
-526
197
-73
920
-129
-825
-977
-386
-431
-183
574
-357
-239
-54
-462
-395
-141
-30
1037
586
-890
-264
-555
548
507
206
-633
-934
158
246
824
-534
-4
-753
436
-444
-144
123
86
310
-285
-235
-581
-166
851
1132
913
76
-97
-36
1066
402
-512
-24
488
83
-160
29
414
-89
-592
-56
-472
130
988
431
-57
20
356
-439
-47
147
-609
699
-156
-101
-369
-519
-505
-647
1077
-686
429
-18
-347
625
815
-4
-31
-65
702
-780
-142
675
-265
-69
254
-682
-857
-130
-399
115
251
777
-466
-139
-119
2318
-129
-448
-356
-657
-210
-550
350
351
-646
20
943
-246
-535
-634
-517
-477
380
983
937
-778
-594
-572
-774
-727
715
83
-651
-63
-164
1326
145
-61
-400
-857
444
210
335
325
1053
852
-445
732
-538
-36
-276
-395
829
-252
-641
-322
663
-481
-505
-379
-573
-277
-131
-73
57
319
220
455
-644
-194
926
-27
98
-46
5
-560
-707
70
479
-276
-517
39
353
-465
-24
277
334
-490
-767
-792
-505
-711
-446
-334
-5
1036
-478
467
-103
-155
-116
-101
-24
1391
-28
-40
-42
158
60
144
-74
-92
-181
183
-25
-185
-74
-45
-20
502
192
-109
1675
1816
676
1964
276
149
2582
910
157
2781
603
1185
388
848
-94
51
1356
799
57
-16
-187
993
959
857
-33
695
1467
3068
1173
3665
2798
188
1507
758
183
-129
1204
679
955
322
257
-62
-14
1816
-86
527
-65
343
2742
508
136
1698
1270
3077
-141
1516
831
-13
-79
-216
415
-83
1904
2061
804
391
-60
194
320
1514
1023
293
3523
839
498
-36
-43
-51
164
-119
-127
-109
-80
-187
-101
739
-41
165
784
-97
-70
529
3377
319
244
1648
311
-180
-108
1422
937
731
-107
715
1955
821
35
-140
-74
-122
26
3859
494
662
50
1374
139
903
226
2165
110
-223
-25
238
915
765
1581
497
1550
277
-36
48
151
-13
124
-162
-162
47
46
2772
-28
1023
1806
53
3924
-62
-63
402
-23
-10
29
-5
-1
-52
-14
-24
-31
-45
428
-89
896
443
-101
-90
843
265
-133
-39
1345
-241
2
676
2333
4280
1985
412
458
5
-143
618
935
361
622
3786
942
1225
187
64
288
-75
1280
1050
3728
-174
1067
-14
8
-138
447
27
-70
259
59
-154
-124
-94
144
314
93
508
-25
-170
355
59
-48
425
4389
-62
3486
2458
403
-104
-111
97
2353
2159
2396
2281
3657
-65
475
303
3768
2416
172
-128
1699
211
1266
-5
-246
1231
-166
-61
1264
2570
1687
154
232
179
515
2229
48
192
-107
617
255
1833
858
-141
-109
-14
419
-98
3819
-44
36
1085
1366
2184
-106
206
2850
316
451
537
1770
493
-78
430
867
709
1205
1211
1818
995
468
2269
4483
235
-103
87
237
-41
840
2046
668
881
288
177
170
223
-225
1932
1441
1103
767
346
417
469
-97
200
1081
519
-110
367
1368
3
500
2377
895
3861
2419
-97
62
136
-146
2135
2907
1846
87
881
172
372
239
3341
2268
3413
910
2116
-28
88
-48
1282
2462
2526
-168
1224
780
-132
-71
862
1263
-117
-82
94
-67
-39
-71
799
5474
1
-32
7
554
196
554
2714
780
-70
2711
33
706
-85
-21
327
-16
-25
-115
946
1891
212
27
-79
2177
255
-54
4950
1151
291
-98
239
503
49
16
-10
1421
239
224
3162
1433
167
-113
6860
2419
-113
1614
454
1004
-36
-80
-208
1653
967
1852
2742
2849
1949
255
262
-7
768
306
2176
151
124
-4
3874
-161
-122
-18
145
4827
-102
-11
105
440
298
2045
500
632
1049
509
40
-45
17
1776
-38
825
4269
4146
-27
-1
-130
1354
5135
5951
183
2164
597
278
1328
3826
562
1045
2089
811
2199
781
691
175
774
1838
3436
2777
1169
366
1153
44
110
5171
-35
1433
575
-64
-101
34
4185
929
3354
2492
766
-157
618
1469
-6
279
-121
2562
1457
103
-16
-122
256
7864
184
233
601
649
-72
2699
930
-159
2529
615
1211
1954
965
-80
-168
898
161
86
244
3363
1779
2843
804
1962
228
-12
4413
-51
-90
-58
851
3081
881
-22
-115
-75
1792
1131
270
649
339
46
-7
2075
519
1978
257
877
-132
571
2516
1454
275
-66
844
7
-102
5343
2390
455
4928
1171
469
419
1120
-20
278
130
23
2145
1326
-61
843
932
1610
3523
4663
3237
224
-78
-236
1249
980
59
706
2661
1541
2113
1147
-38
2062
4187
844
1948
1876
705
-204
59
749
292
2084
-24
-31
-26
2339
603
-63
862
454
-42
2269
81
-54
140
1722
790
952
-148
-166
697
2392
1985
2730
540
-83
-155
1698
542
2207
1066
2380
3627
380
33
1386
1236
1814
3499
5352
1376
-74
1236
-125
5374
1078
650
553
302
445
93
-278
587
564
-104
384
485
72
413
-22
-135
-40
252
-72
59
210
67
1389
-125
244
-75
-101
42
234
-62
15
-71
353
-54
-43
371
-110
474
-20
189
445
-33
-259
-278
-199
-279
115
97
720
141
-170
269
1121
230
-78
404
1104
461
-225
-276
-95
120
506
724
-16
-175
-52
343
600
76
-133
745
-266
-81
-1
281
-62
-4
132
-3
-157
-232
294
-177
713
604
127
-74
-207
-126
-311
-152
418
-63
-75
-150
-18
-137
296
500
-17
-79
-161
-11
-113
147
-44
-293
-52
-228
-261
-180
-219
311
538
540
-17
-191
-226
-151
-83
707
89
2
-13
-182
1037
760
48
-101
-107
-184
229
-70
87
-30
95
559
-103
-79
-5
165
-69
-127
124
267
229
197
-111
246
6
-121
-6
254
-261
64
-15
-281
217
-102
204
391
112
610
91
614
741
744
-221
-126
159
-209
-150
23
47
-215
286
-129
-10
13
-157
-110
203
74
1120
953
528
-226
-152
67
442
131
-17
-99
511
-138
-35
-43
-277
420
-31
19
167
-184
-151
44
55
789
45
-7
-163
-111
-205
-184
-270
1528
-214
22
-162
106
-200
-100
206
-144
-47
354
737
591
595
240
289
99
-153
-35
-150
-61
124
445
-92
-149
-22
119
210
232
-96
153
-22
153
881
781
-121
116
-253
-1
1179
1416
72
159
60
-13
-35
11
702
-40
83
-49
-180
392
36
433
-104
-167
-130
829
101
-273
-24
-23
-246
-106
-160
44
-24
-124
-208
513
6
-178
-70
46
11
267
-39
302
79
-142
176
478
-37
-5
-184
-79
-322
32
-22
-71
-75
958
142
-141
-56
102
-57
1025
510
-128
-186
-28
-14
-116
882
424
49
-167
-132
-171
819
852
892
714
-40
475
-56
271
-272
243
-175
-93
158
538
-80
505
513
276
-180
-54
-223
-71
-275
393
433
-81
283
-125
619
171
35
969
539
132
-12
-39
366
-112
-110
265
-29
-107
-152
477
-74
320
496
-101
1045
-37
-180
361
-202
638
905
-246
163
996
389
704
259
-2
88
-95
-91
304
667
18
-132
-52
273
667
891
424
221
-289
236
520
144
-15
-91
-266
-92
-239
-191
1671
1285
17
534
81
-223
285
128
202
34
1576
1425
1067
-304
-299
1032
-49
-174
-9
92
244
837
481
330
397
14
92
-24
-1
-284
40
744
82
-6
519
167
342
-177
-227
-350
-236
-225
77
-9
202
92
650
238
-231
125
-45
167
176
65
-222
-50
129
173
-155
-11
525
1258
252
-206
709
-8
492
215
613
786
-81
78
173
-43
836
1733
1393
677
408
-77
-47
-28
120
-109
-120
-112
-193
-45
183
721
208
756
534
-109
-113
-227
-109
-92
-116
-39
-105
31
281
377
-131
162
-46
-24
200
251
-112
812
38
543
-86
-98
922
-53
339
-155
43
747
200
-194
-81
-43
344
382
-173
274
-73
-226
526
-43
191
226
-12
823
81
-102
-1
179
-69
491
199
-163
-221
-74
901
-262
-22
25
-65
23
34
-34
-58
779
-176
184
1132
234
102
-154
394
737
433
-123
-26
-184
-266
-7
671
-138
-163
351
-6
1367
-22
-57
1449
1665
949
554
1122
-38
1076
301
-24
378
624
148
-29
-56
10
-222
238
1012
434
-216
107
7
827
-105
102
43
-79
-157
-140
870
194
-48
725
-11
-270
-15
966
690
90
-177
-374
-190
621
144
-109
337
683
488
141
575
185
-208
287
279
-155
-62
-181
-205
-115
136
1354
-25
-305
-262
-48
605
704
1167
-155
468
481
92
290
264
480
1027
583
10
426
181
-48
988
932
1607
1026
332
262
680
840
968
170
86
1823
1087
944
1415
1197
644
891
1134
1083
792
1166
1349
1109
1181
95
34
296
1639
393
570
1107
27
1
5
1092
1389
725
899
327
1531
136
1186
812
464
762
152
33
1192
1006
387
97
110
80
80
890
93
54
408
765
1548
1026
918
19
944
175
1197
11
876
7
422
136
909
234
57
83
147
10
367
1274
31
1613
1392
889
838
6
1426
780
146
1310
973
142
271
45
842
1433
1223
645
138
103
127
1214
739
1208
58
214
960
1032
618
26
1389
800
47
17
1151
580
22
83
990
1063
923
259
68
579
28
566
43
1636
684
12
63
1135
1080
401
1619
1334
948
16
536
21
535
66
723
682
409
49
78
1617
868
610
45
1079
4
814
912
247
1134
86
10
850
1048
892
588
68
11
1213
862
104
835
250
93
1318
1537
1228
1324
621
602
26
16
937
1170
392
856
655
1214
22
1086
1199
1199
1338
0
9
19
1394
199
642
1333
988
1287
287
21
84
133
44
1634
40
57
80
1306
556
1140
1319
1347
1404
423
2
323
22
1079
185
1029
1147
1073
1874
1392
33
441
74
82
1
60
46
761
587
1049
1409
990
1426
1097
35
28
487
700
849
498
1
336
566
806
872
1319
1305
1077
1057
34
969
814
1323
1381
487
251
1002
960
945
58
6
1467
1504
1504
1024
1457
1323
990
335
1104
1251
387
1318
799
1496
1366
1320
1516
1230
10
22
0
18
920
816
1574
1537
1232
881
988
1314
256
326
63
779
19
47
344
1025
1054
604
1491
815
30
280
1113
1489
739
47
1256
1534
975
0
730
976
60
27
488
138
730
256
1069
384
700
6
4
1112
1486
6
592
21
41
35
1162
1391
55
699
14
980
9
42
472
828
1402
957
1354
765
1127
521
144
84
418
145
3
108
1193
931
7
1531
719
1041
465
808
345
128
208
531
991
1278
13
666
1466
957
109
58
396
38
48
177
82
27
40
431
1507
1366
1225
249
12
48
74
749
744
883
47
26
1514
1529
1193
966
1167
1346
1388
22
284
133
235
63
1090
1129
74
42
2
1006
36
12
491
66
101
24
771
904
723
677
751
13
1419
1399
828
7
672
681
1364
1156
46
13
1218
1074
76
296
97
127
46
711
1487
783
934
168
25
105
14
1064
10
641
1230
1511
240
682
45
109
83
1130
765
44
223
21
66
380
1452
1439
1097
324
2
85
25
119
561
699
1436
1442
23
117
59
48
553
1325
1023
112
35
901
669
802
1057
936
703
1419
338
255
15
72
1169
1435
1439
1487
1317
12
107
40
1192
875
13
57
166
376
1101
298
29
770
393
461
848
985
254
68
17
483
756
1189
1467
1282
1174
956
1169
559
335
455
157
25
1460
874
25
1199
1154
366
94
810
728
41
41
157
426
1043
1517
1455
1090
416
1362
53
1
1116
409
962
1310
780
1187
1797
1316
1456
1335
1001
381
955
378
1156
751
5
1222
1398
1020
76
933
669
630
708
1690
1302
972
28
87
817
1281
1423
983
1423
500
317
14
62
976
106
883
761
1718
1175
194
316
1300
4
1039
1512
619
273
31
924
1484
981
966
1461
659
26
597
583
660
50
1623
16
1210
1131
52
26
1668
1068
105
953
484
9
1110
1628
1101
854
523
1242
678
8
455
3
1097
39
513
1
1264
789
42
35
1244
1138
154
67
561
56
11
947
34
271
16
365
411
866
-244
692
-467
-2242
-2271
-478
-538
-1091
873
-353
-721
-1084
-186
451
-181
-291
-131
138
352
-38
-1087
-960
-192
72
-850
-483
-2344
-2588
-1782
-1741
-1594
-2288
-747
-845
-2606
-1603
-1660
-1424
-1291
-1408
-1540
-927
-915
-961
-1984
-1627
-1129
-1081
-884
-851
-973
-1622
-2250
-355
-1653
-2035
-644
-631
-1826
-1440
-1819
-1827
-931
-748
-1428
-758
-1217
-1748
-1483
-2356
-1490
-1489
-86
-649
-1715
-1552
-1417
-1431
-2707
-2140
-1121
-1785
-401
-755
-754
-1655
-538
-1552
-696
-523
-1480
-1088
-1445
-1238
-581
-1906
-248
-1825
-2189
-2243
-1646
-581
-1165
-1279
-1243
-1166
-1262
-1517
-1634
-659
-876
-1078
-392
-537
-2548
-1568
-1570
-278
-652
-1565
-506
-1651
-1438
-2332
-294
-283
-1532
-946
-2165
-1450
-1530
-807
-1721
-1850
-1541
-1361
-1674
-2587
-960
-1036
-2182
-1022
-1990
-1169
375
-2288
-1584
-862
-939
-1529
-402
-1257
-721
-354
-1871
-1677
-1321
-821
-2314
-2557
-1218
-1241
-1089
-1232
-2006
-2245
-1049
-1015
-634
-2075
-985
-445
-1403
-1013
-1569
-214
-428
-915
-1550
-2036
-1229
-1641
-577
-1592
-1904
-1011
-849
-1076
-2335
-2083
-379
-1157
-1483
-2163
-532
-1282
-178
-2064
-1296
-1644
-829
-1227
-1408
-1747
-1397
-2403
-342
-1877
-2361
-765
-1127
-1053
-1281
-1552
-1202
-1288
-913
-2036
-319
-2115
-1034
-1094
-1977
-1549
-704
-1428
-1506
-1500
-903
-605
-1399
-1371
-1815
-1250
-1375
-3005
-3034
-465
-1384
-917
-1532
-1693
-859
-1025
-2126
-793
-351
-1659
-1082
-868
-1726
-1629
-1742
-798
-1674
-1658
-1848
-1653
-2170
-1290
-1875
-321
-768
-271
-831
-1927
-1976
-1353
-2671
-2321
-1068
-1359
-465
-1700
-297
-805
-373
-1205
-297
-1335
-312
-1633
-766
-1180
-522
-642
-889
-1573
-61
-1772
-651
-536
-2302
-1973
-1665
-570
-2452
-1747
-1326
-980
-1276
-194
-461
-693
-1112
-1137
-551
-920
-366
-829
-1499
-1151
-1154
-1405
-1671
-116
-725
-1693
-359
-373
-1308
-375
-583
-505
-1058
-1127
-1302
-1766
-246
-538
-946
-1041
-769
-2110
-1600
-1311
-1253
-1412
-717
-1162
-1599
-1786
-380
-204
-848
-1662
-532
-1623
-1391
-1453
-1859
-1679
-1443
-1856
-1700
-818
-263
-2573
-3509
-910
-268
-771
-498
-851
-818
-1357
-515
-1110
-458
-1348
-2286
-1880
-2373
-654
-767
-1216
-1399
-1322
-891
-1951
-2137
-2019
-1615
-1756
-466
-1315
-2627
-1794
-527
-1239
-1761
-493
-839
-962
-1571
-1446
-2603
-1507
-740
-1125
-851
-1224
-1228
-1020
-944
-1360
-1006
-1077
-36
-2874
-1543
-1401
-1285
-821
-865
-808
-753
-804
-868
-800
-1288
-2849
-2143
-1055
-850
-1147
-1061
-1229
-1088
-7
100
-707
-874
-2615
-256
-1066
-1442
-297
-1567
-1102
-911
-1081
-1839
-1649
-1091
-1615
-2358
-1242
-1580
-1629
-1507
-1820
-46
74
-1806
-1702
1175
-1487
-856
-1118
-1403
-1334
-856
-108
-693
-900
-2452
-795
-1442
-418
-2380
-1617
-471
-1218
-464
-916
-1003
-908
-1847
-1348
-263
-984
-155
-672
-1177
-1888
-1562
-1668
-1071
-1067
-2047
-979
-1314
-1875
-1012
-1056
-1510
-1492
-381
-2757
-3139
-1512
-494
-1325
4
-1679
-423
-689
-1139
-1949
-989
-360
-849
-1495
-2071
-250
-931
-803
-1205
-1132
-569
-789
-2786
-1145
-2712
-67
-911
-2664
-124
-1593
-420
-425
-981
-1382
-681
-217
-798
-1030
-3144
-307
-898
-1123
-1819
-773
-785
-437
-2526
-2457
-2639
-1166
-1750
-1149
-1043
-674
-1138
-713
-865
-857
-608
-483
-239
-1399
-373
-932
-906
-907
-1792
-1468
-489
-262
-742
-1970
-2373
-1320
-463
-1841
654
-2089
-534
-857
-1072
-2920
-963
-999
-1305
-2755
-631
-760
-1259
-2195
-863
-1111
-1780
-1129
-1136
-662
-1394
-1731
-593
-1496
-516
-2391
-500
-1268
-855
-1339
-1681
-2154
-1090
-1085
-426
-487
-1277
-3007
-932
-770
-1154
-2186
-571
-579
-855
-1304
-1074
-276
-157
-740
-1101
-1616
-1175
-718
-665
-1161
-1917
-743
-666
-1751
-1457
-2034
-947
-937
-2786
-2530
-808
-1487
-1747
-1290
-1014
-70
-950
-3082
-974
-645
-886
-1541
-727
-1350
-1858
-860
-479
-2066
-1434
-889
-760
-1514
-2734
-1364
-1927
-1525
-1095
-678
-1029
-1032
-651
-487
-429
261
261
-310
-402
-398
-300
-579
808
-109
-651
551
-506
-467
-457
-542
-573
-380
-452
-410
-150
-472
-588
-212
-543
-45
-91
-285
683
-164
-23
-118
39
194
521
320
160
77
-146
-508
-124
-60
-569
-56
626
363
-587
1062
-181
-142
2050
-308
-158
-33
-75
252
-135
-541
-145
-336
-214
87
-36
-248
125
-257
-243
-97
422
-202
-603
729
-48
-183
-154
-183
866
-434
-25
-94
-30
-578
163
278
-59
-311
-119
-250
-172
-177
-143
-553
-24
-68
-531
739
-234
-67
-213
-198
-112
-392
-199
-25
-316
-186
-293
-257
141
33
21
-336
-333
65
381
-424
-211
-193
-319
-231
-134
-414
199
-42
-203
-413
240
-44
-59
-279
-223
194
-153
577
-163
270
291
-386
153
-353
-152
424
-679
258
-533
-128
-160
-144
-292
74
-202
-315
-182
736
345
-105
509
-317
-321
-187
-134
-176
-80
-233
-110
-45
-688
182
-308
672
-401
-39
-400
-73
-214
-315
93
253
-127
-351
-246
-302
-94
-278
-272
-252
231
-98
161
-301
-462
-326
908
35
-263
1103
-2
-226
131
-122
-156
-448
132
-95
-469
224
-154
-34
-271
-179
-292
-575
268
156
-594
-594
492
-285
-65
-280
-27
-79
-26
-70
-197
-272
-161
-379
236
164
-54
-162
-77
-7
-150
-247
-87
91
-767
45
167
-121
-208
-337
-189
-200
-93
264
454
-233
-413
-164
-172
-44
3497
-137
-25
-265
-75
-323
443
-305
-398
199
-435
-1
-100
-163
56
-47
-156
-281
-85
-29
-118
-187
-227
-300
970
-469
-138
-254
-317
-191
75
-267
-720
-275
-360
45
-154
-141
-103
-319
1492
-294
-183
-210
1711
-356
-159
-33
-400
62
-281
-26
-231
0
102
92
-634
-354
-263
-27
-146
-244
518
-248
-135
291
-187
-197
-159
-359
-258
-22
-313
44
354
205
-315
892
-60
12
-370
-395
-666
370
-75
244
-62
829
373
-12
571
-98
188
-424
-296
-293
165
-6
-390
413
-417
-259
595
1455
-145
-723
-9
468
-244
-406
118
-190
-83
-485
-286
1613
-142
-354
-425
-151
153
-90
-310
270
-150
-257
-21
-71
73
-22
-125
-543
58
-305
878
-465
-232
260
-309
-353
-41
-325
-3
-320
-186
-325
-25
-237
470
-334
-235
291
-442
-308
-145
-39
-264
-17
-442
-401
-364
1043
-67
358
-139
195
-202
-190
-54
-51
-644
1785
-5
-262
-389
-129
42
-22
-368
-61
-504
14
356
-19
-134
-44
37
666
-37
-180
-74
1851
-217
-30
-206
238
-142
-187
-603
-61
-746
-158
-201
32
1094
-153
116
3
-255
-259
-214
171
-63
-295
-3
210
-73
-574
305
-617
174
-443
-269
1508
-648
-47
-334
-165
-255
540
-216
86
-352
-510
-57
-12
-288
-405
-303
302
-49
-589
1197
-227
-292
-43
-166
-98
-638
-191
-336
-206
-90
225
-414
490
-532
128
89
-223
-147
-371
868
-328
-92
-453
993
-473
-166
-223
-249
-110
-558
-305
-337
-287
-298
-299
296
-303
-434
273
65
-287
131
-275
-165
-333
-99
-213
352
-134
467
-366
-150
-251
-664
-138
-464
241
-191
-286
-420
-321
-398
157
-119
-469
-146
-544
-281
335
-117
-51
-484
-23
-114
-279
517
734
-387
195
-121
-102
-228
-439
-204
66
-210
-257
91
595
259
1480
-178
-45
-254
-131
-378
-87
-93
-227
306
690
-334
624
-49
-1
-524
1104
-114
-177
-76
319
335
-183
53
872
-258
-214
154
-174
-229
-182
-365
-620
2303
-40
-562
-394
27
-406
521
698
199
-419
298
115
41
-468
1220
30
-225
488
-43
-107
-86
-282
356
-85
467
-436
-869
191
91
-133
-193
-416
-68
-409
-532
1213
196
-60
915
-243
-523
-143
-233
-221
-292
-167
-234
-206
-170
-415
2025
1805
2130
609
380
-103
541
2418
1019
1263
1314
1880
1425
1201
1694
1993
1383
1552
1973
1396
1232
1676
2459
883
-252
-547
-901
1002
1180
728
-181
-444
96
-70
-404
-801
485
-232
-324
-869
330
144
53
-681
31
961
1271
364
1792
1109
1077
-634
-1098
-202
-814
-104
-372
-352
-73
857
252
354
1053
-146
1447
567
-367
285
-116
372
569
414
446
1664
-8
313
-419
-581
222
1564
438
211
-661
-226
148
1241
1421
662
1620
1174
332
226
-1048
-177
841
214
1140
-111
-401
-527
-314
-195
-766
340
-632
289
247
50
-789
279
1180
17
-497
-566
-73
460
1091
558
-268
-299
824
-430
-846
113
772
446
-934
-193
119
-1025
-877
81
-97
-429
-404
-118
504
-1084
532
777
51
-174
1425
625
543
-371
-404
174
47
519
178
-147
-50
443
742
1141
-64
-516
146
-114
1107
663
-472
-874
-42
-298
-15
-1089
1033
-345
13
-129
-127
759
441
2016
1007
438
151
-700
-230
834
1348
0
-276
-1042
36
-473
-225
-285
-401
395
194
406
87
385
1007
-907
-480
-783
-350
-1046
-1142
-335
287
-806
-465
123
-77
243
365
572
740
180
556
85
-41
355
-144
-932
-732
-178
62
29
1423
911
-545
-693
-149
1320
-571
-495
274
447
14
901
-799
890
-450
-908
465
773
-207
680
187
-200
-240
-114
-94
-191
815
1397
540
999
869
818
-388
-526
281
-639
913
782
285
818
2
-253
694
-144
78
-522
1001
-114
330
-269
-495
-606
97
-28
-266
186
426
510
419
628
-734
-1184
-519
-983
265
-316
-705
1980
1029
105
862
-206
-718
390
-687
-559
-344
-497
456
-35
-95
-430
636
-164
-290
-100
426
-37
297
-509
1598
-101
-151
-462
593
778
53
437
405
56
-69
-972
1474
525
-254
-460
150
716
970
299
537
-232
299
215
371
-150
-865
-520
842
361
-114
-776
487
464
-538
-183
242
-337
324
269
-390
-1
59
-455
-6
-965
12
-434
-419
329
580
-343
283
966
2101
-739
-332
992
372
-229
-354
145
-95
-548
31
-162
-1121
-194
44
-712
-297
-879
-63
285
2019
619
-362
-180
-40
-169
6
-284
-484
17
-215
-116
1194
1441
599
920
1256
134
-131
180
545
246
-310
-604
-297
797
79
-460
-38
242
261
221
-216
-680
-1
-204
-13
230
-249
421
-678
49
1067
781
-35
-156
-238
-1005
291
-43
32
-505
853
-18
-791
-121
-366
-164
-1124
-474
-516
-24
922
-141
-327
-133
-709
-935
611
26
1156
1186
687
574
-37
-760
-189
714
-621
839
8
432
420
-100
-257
269
569
-3
-219
941
574
-640
96
-581
439
-181
158
-289
-203
23
128
850
-57
-687
-332
-687
-50
688
805
720
420
-541
-307
-285
69
191
1683
-40
667
273
273
153
-695
-20
538
204
1437
-542
-51
616
-742
-106
391
1840
-703
559
-621
-288
-192
78
1460
316
-231
462
442
475
-274
425
288
-569
-511
328
-619
525
98
902
-29
558
107
26
-106
882
-136
-1559
359
-59
-234
595
1201
675
844
-86
100
-54
-694
-212
-711
-253
588
258
431
-78
-13
-60
740
-377
1146
-372
517
159
-726
478
549
109
-234
-607
-131
347
-609
427
-82
-137
-370
-20
182
-252
-350
1363
2204
-217
-536
268
1661
469
416
-476
-85
460
-89
1087
707
-82
-3
-512
-8
1229
-405
-363
-303
-222
-299
-287
-342
964
809
1397
756
-168
-26
871
-396
-482
3
1328
-974
107
1053
240
694
672
635
479
1438
1626
1492
272
-447
-115
-197
-880
152
646
222
-533
-640
-652
-696
802
451
-328
-420
-286
-727
-606
-138
-121
170
-490
-447
229
-621
-407
-103
54
2797
5636
4100
5749
-135
-33
5624
4437
7070
6573
3405
6926
3721
4427
2843
3863
1387
2002
5854
6743
3616
3347
-545
7499
4036
-1219
-2571
803
8422
8277
-114
-886
-1937
-3494
-212
1064
5232
2283
4042
1808
1245
2605
-2659
-1108
1935
1481
6084
-3429
-501
-904
10131
666
-425
-1300
-171
1231
5047
7287
4121
645
144
-690
-916
1461
-967
4105
11858
4085
-1624
-1325
-1180
4572
3427
7379
-1161
-809
-1272
6013
9101
6016
700
2772
4639
2243
200
2211
1355
692
5375
-1194
-3306
-1831
4138
1536
3951
4616
-579
656
916
-1281
-610
-870
-228
2280
-964
-406
-2585
-380
4349
8524
9286
5615
1798
3387
5392
7562
-261
-56
3042
2949
4381
4631
-615
4882
1913
167
-467
1700
6107
6071
5041
3824
-1026
-2932
-3010
-676
4927
4877
1229
671
3747
11435
-102
-746
-2194
-4832
1443
5402
10463
8687
1423
-1926
-1104
-43
5085
4021
4210
8661
6170
1847
2885
-546
406
2392
-578
-929
7571
3005
5219
9741
5553
-1637
-3548
338
7365
4968
-1103
-2785
-1851
-1994
1689
-1738
313
980
3420
3596
-1763
-1281
10337
5777
1444
3605
-455
-650
359
1148
7443
-2222
-1301
8733
8599
1363
2327
-930
-1755
-1184
-1185
-601
-1018
-2038
5206
2209
-391
-1561
-545
1242
1137
-344
529
4321
-265
77
9
-1362
4372
6761
-133
2845
2845
6710
6492
1341
2098
423
336
3561
3760
9371
8253
4022
3615
2289
6947
884
2526
6911
-570
385
-182
4113
13771
14140
11067
7686
7333
5818
1430
12672
9343
3505
-1970
-1727
-1680
-455
1189
3029
3095
7301
11225
2299
3749
2608
1967
-512
-2021
-2919
-3360
-1804
-3544
906
2991
-1134
-463
-196
-1212
1771
-163
840
2690
4009
131
2950
-2820
2641
-392
161
2011
-1829
-110
5642
2619
2497
4843
4665
1215
-912
1841
8011
4595
-978
-2069
6060
-857
-2944
3336
2029
-702
-1538
3285
1498
-988
6391
628
-2092
2056
2452
1711
-2303
1645
5972
2379
-1452
9862
2155
883
-2574
1517
3153
-865
-3651
765
6480
4513
1967
-32
-847
1778
4028
5876
7108
4332
3742
-631
-3530
-1670
-1881
-3170
-1002
-160
-1521
2366
722
-1411
2469
360
-1031
-772
4712
2556
491
-1397
3501
1403
-1229
4931
2175
3222
7429
4543
11050
11470
9795
3317
1174
-712
-465
2645
3258
10645
2862
4974
-1674
6014
3068
6385
2269
-137
-765
-1222
2523
2857
3262
1510
-4493
-2106
1962
8906
7124
3251
381
-1027
2775
-391
837
-384
7144
2509
-450
-436
-1880
-3051
3260
3815
3648
5337
4262
-2041
2369
4571
-3675
-2088
8437
14
4263
2567
5123
2861
1890
-1169
-1243
-314
5838
8330
3998
4765
-1305
-1553
-926
-1641
-1592
4860
8954
-3410
-356
-38
-2389
1003
3137
6219
1327
-459
-1401
744
1411
-1542
-823
640
2484
2494
6491
1046
-73
4494
5690
7748
-96
3812
5929
7688
2422
-929
-1619
-1100
1664
2659
1460
3359
3721
-11
-2001
-2395
1808
-2174
2340
8117
745
-1530
-2048
-269
-1603
6371
1503
-751
-1260
1626
3891
8510
2380
-1873
1985
4896
-757
3616
1992
2810
-659
-348
-2227
1310
5558
156
1197
826
4436
-1450
643
3161
4151
689
1914
-1283
692
1041
2956
-320
-55
-823
3383
6641
5084
3759
7475
685
-873
2737
7691
5872
3020
-534
2512
-2377
1571
7478
2532
-590
-1091
4286
6140
5753
7521
6038
3521
344
-167
8776
3279
3828
-321
-876
-786
1003
3843
5239
595
5646
-1773
-303
1127
3073
6517
-2460
-2684
2774
-38
622
4569
4618
7864
-994
-544
-981
6916
6428
4826
1383
-685
1076
5778
2432
1790
1787
-501
-1352
-703
11838
2973
-1394
346
2348
927
-98
-671
8536
1079
438
-1206
2837
-873
1389
1339
520
-2085
2502
3349
-521
707
2387
3085
28
2439
4350
-1250
-2415
-438
818
2934
-1430
2268
2877
379
-2222
6317
-391
-810
4553
8107
529
4337
6579
-607
2109
-399
479
-1450
455
8320
7298
-1219
-3449
3087
-18
-1303
161
3219
2164
-375
5920
6704
-345
-1164
3126
-49
45
168
248
678
-25
868
213
109
1087
-178
-35
-181
51
283
102
788
29
835
441
423
358
338
220
294
-104
513
675
859
839
593
428
1024
525
25
1311
-163
-362
279
-298
-95
827
-61
437
592
666
1246
1028
306
501
703
2016
-307
1332
395
1207
1407
2
691
620
-12
731
1123
616
909
582
108
867
-22
1092
480
506
1725
1244
1156
1104
1276
877
805
1133
256
241
-72
367
1009
834
863
-185
1327
2060
246
-140
1606
1622
1496
-41
1176
22
433
950
1516
1481
219
-52
778
114
858
-107
1549
-44
-152
973
1312
1168
154
850
735
1145
745
2062
190
241
-331
608
563
1195
215
196
647
546
108
899
839
-92
260
1011
1106
376
784
1240
72
191
1416
-209
956
178
744
640
969
977
43
409
303
1533
402
958
84
-52
843
238
720
-163
1332
-541
1431
533
35
910
-47
-129
1399
159
-118
592
445
112
403
1325
1134
815
1084
598
1279
-139
106
527
-567
1096
-336
872
-120
408
387
466
694
271
1438
479
915
-146
1717
143
934
88
884
620
600
119
369
-277
738
1712
362
-419
148
264
838
132
1344
588
989
-383
1016
1103
-268
256
405
1181
1231
7
821
128
244
738
765
-257
2250
257
787
-221
144
-372
88
407
1143
592
162
88
518
-295
859
1063
-183
528
-43
560
-316
1777
-125
-185
-237
510
414
-182
887
-133
940
107
1194
392
519
251
196
265
-201
77
-3
-97
-387
436
752
-44
-349
-170
-101
-426
629
641
-316
-525
256
-226
766
125
192
465
-344
408
1739
-43
586
488
1459
671
90
-338
957
-162
-39
-71
803
563
300
-66
424
-287
-118
6
686
1030
-140
-339
1632
2308
1329
82
229
1308
65
691
-84
1308
-424
776
-41
1323
648
-324
269
1252
-519
1292
1728
-20
1175
1357
15
167
1479
68
-275
527
1672
50
446
1142
960
-205
738
801
146
-168
34
220
623
315
339
235
593
-41
1201
720
801
223
-120
-413
324
-165
1538
179
826
257
69
-125
921
1211
461
920
1372
42
677
500
308
382
1182
626
775
-721
171
-153
1638
-113
301
-384
1761
1138
30
230
3
343
724
85
-334
-337
155
-142
1103
264
1231
852
906
1575
-12
288
-97
-111
772
1762
395
-122
918
1466
205
42
1009
242
27
-349
-57
728
1226
-16
927
348
1009
1634
426
299
1141
470
-41
506
913
1130
657
622
-194
-331
346
745
-141
221
-222
2339
-16
809
-196
354
-298
120
543
843
2239
564
609
485
160
1044
1238
1011
1045
548
1156
15
517
1027
859
-94
190
201
928
-97
887
834
231
-174
1205
732
1699
547
763
-218
110
-320
661
1684
370
992
367
819
34
1265
532
1437
845
-125
546
1260
-230
168
745
471
141
993
-363
387
253
-30
-61
350
34
571
-248
1628
461
-32
298
288
995
682
1197
683
1331
532
497
-10
556
463
701
879
-54
1474
-143
642
-139
1538
29
852
-310
752
-184
400
1369
-160
202
1132
-86
90
-91
2362
210
-185
417
-190
383
1405
639
548
540
-336
353
845
199
-422
183
335
1089
682
804
-117
881
769
1163
-60
-358
13
-82
651
1057
1179
1592
569
911
130
911
613
481
612
469
31
183
-55
812
761
742
574
886
233
-268
-60
438
751
195
1274
195
-50
-54
963
209
-190
2000
276
962
337
1643
312
488
411
338
65
225
447
63
-133
127
755
59
924
-107
589
-118
994
1578
62
595
16
701
492
1417
558
110
1950
-38
-506
503
1058
-239
-55
-190
580
-8
696
-269
545
74
393
47
2025
3287
1044
602
1330
2111
394
86
1847
305
158
226
665
3124
1526
11
878
107
496
1911
325
2337
608
329
159
1058
3095
807
2616
1443
378
489
253
955
1357
3783
475
1669
3
1564
2418
3608
172
3653
2280
1018
67
4454
1492
2661
1857
2245
4447
1053
100
481
178
972
430
1095
1850
1347
1726
365
5029
644
638
5830
163
2574
1760
626
940
3466
739
2233
1368
60
684
2220
1455
199
1378
1388
475
89
522
2332
4989
2623
1148
809
2286
1023
1685
1084
225
2268
1644
260
1983
4080
2036
4008
440
1180
2034
978
1148
578
1399
2253
1250
1531
3880
4456
131
4537
39
874
2687
4444
3724
800
859
1778
2859
2959
1694
4586
3440
526
1095
2078
927
795
3641
1626
130
1235
336
3774
338
431
199
2833
1966
719
307
723
547
625
539
2646
3520
1143
244
1723
3929
1862
606
921
3001
3017
1272
102
2602
4272
1340
1567
317
1789
3018
4298
2185
2442
1454
476
631
1245
1471
3932
623
974
733
388
1386
505
1797
1344
26
581
2296
1104
2717
4227
3542
1668
848
2008
2163
1638
374
80
58
212
996
650
3484
2751
691
2077
107
84
2064
4046
3633
1820
632
1179
1626
2403
399
254
14
4055
281
1052
1189
1681
5680
3390
2163
1003
2728
2722
2074
3033
640
152
3331
2783
1071
51
3208
3070
334
117
1687
1107
565
2357
169
269
2023
1392
1871
216
39
345
771
3194
360
3282
486
3494
68
2331
392
840
407
190
2507
2951
1491
3042
102
1802
952
334
105
1915
2554
1691
672
1142
4986
1416
1764
2490
3482
755
3060
576
460
4110
855
277
1087
2615
2360
946
1251
3246
4532
2970
200
2655
1624
128
549
334
2934
1324
138
552
1617
3174
121
1267
2999
52
155
726
121
764
1899
3081
208
710
2285
886
3709
2892
1749
1254
2726
129
1874
1550
1881
3321
2661
1913
93
1099
1916
521
1817
1570
2934
1758
3341
852
2002
2293
149
1654
738
1664
110
1710
438
2244
2589
1089
2915
2457
178
1904
665
1516
532
469
4031
1326
2234
2151
1573
253
3124
4794
740
713
204
3379
4425
867
93
85
712
1623
347
2649
67
2326
1049
1070
313
208
1457
3388
349
342
494
863
198
983
776
358
2515
618
982
2754
1048
1726
889
457
366
402
2817
451
221
3459
3046
89
1952
1467
1255
5229
3168
1461
2302
113
852
2084
2225
2223
1127
1647
572
3424
834
1541
2536
1038
444
549
2018
980
2173
1641
657
3348
344
2111
1952
744
173
1053
2561
3487
1400
1414
2663
16
616
2960
4199
905
1935
1689
423
1981
687
3554
302
2680
2728
123
1518
645
115
2600
1543
428
1187
1104
938
3844
3083
2436
17
683
796
628
1433
743
810
312
1081
1039
1862
1084
889
2365
1961
1218
404
1362
2374
1102
3058
2179
694
820
1833
2584
2415
349
5038
234
2322
1081
580
2302
1804
2576
852
999
3541
1144
1652
354
2293
665
786
736
2331
444
185
149
1438
555
4090
639
356
376
1373
673
87
1494
1894
115
1093
3376
1865
296
1104
312
2280
2784
2327
1448
644
2149
1036
2255
4003
1742
276
1687
755
2096
4009
640
1
1681
661
1230
2211
1983
149
1048
3383
587
612
167
4349
1100
5002
1118
415
1003
701
2220
1470
459
779
2808
523
405
132
1375
318
3091
1580
984
1780
404
2270
2301
795
281
109
1617
908
2131
333
2241
1397
1627
2745
178
2144
3278
697
969
883
760
360
1117
2039
3559
1243
3008
692
790
3173
768
579
3776
1285
2529
1352
546
2270
4312
1317
4410
1011
2926
203
1938
1676
2049
2468
2158
2157
1344
872
2606
1756
296
1582
32
3184
998
2737
1069
572
1866
2418
2042
555
479
2526
170
997
508
224
2058
1126
2144
53
381
25
529
239
330
361
43
5480
783
3593
2797
3105
2679
1293
88
116
3623
1953
41
237
2641
1430
2084
2216
1632
3248
3936
3783
2315
317
37
2331
764
1047
1998
173
667
2733
180
235
1389
2324
2836
3141
791
1407
1058
23
962
1216
908
2536
245
3052
5174
1577
1582
610
1890
1406
1696
1863
1134
1899
1888
1188
5439
2850
42
391
1252
2825
3429
265
211
1768
226
1919
3368
1481
142
1106
3837
536
2365
1302
1756
2953
510
250
173
23
407
3234
1247
2338
2079
1430
1522
1346
1535
1362
1222
797
89
2272
851
2240
200
2962
1292
1513
4652
3642
2591
3622
785
2509
1722
2218
3425
1235
732
1431
206
1414
1527
1825
811
785
751
2911
1594
2903
1910
1293
1192
1917
73
3892
3586
150
1532
163
3061
3282
496
1028
4195
4100
2004
834
3103
443
3623
4009
916
276
159
335
2140
1666
4217
533
3967
3180
2320
1085
1468
3239
1409
3646
1917
678
3750
3183
3675
2318
3434
47
3284
429
463
2128
315
3347
202
1514
726
2074
1335
2429
2701
628
1857
3318
723
1711
360
1519
3021
117
1708
1511
3557
2302
1027
3213
1997
2464
1895
817
349
1917
726
1725
3451
3162
3496
1075
3449
909
42
906
783
534
1340
2437
360
3007
2787
1130
2295
4453
2102
657
1352
1808
3081
1964
1113
454
3640
201
2786
1440
1318
1667
1249
1597
3576
3247
2285
2117
305
3376
2000
2582
5973
1356
2057
2407
1393
3540
2494
193
1832
331
1349
2047
69
246
1108
2370
1460
533
1204
2032
1438
1190
2015
1836
4890
1798
1577
410
3359
898
1126
1555
944
3968
1580
2145
2068
1492
3027
1177
2457
2841
2139
295
1873
132
5187
2420
4670
2263
903
557
1039
1807
791
2908
235
1169
1090
634
954
2132
2101
1630
2514
1697
2065
533
1810
4111
1304
3372
849
372
565
2019
2520
2021
306
986
153
81
1831
1042
148
700
170
2095
2312
129
1166
2957
156
611
234
2680
626
2216
2065
803
3447
1561
3149
3795
278
3359
3214
2802
283
3075
1636
630
1239
1721
2309
1104
470
2620
460
28
105
3023
2791
4710
2399
1195
1282
2820
1043
1277
290
1778
1027
1168
631
241
2882
1090
722
4140
1290
4045
917
1204
1139
358
2432
123
2390
851
726
2389
1394
3070
2141
619
400
2096
300
901
3032
319
3973
964
3177
424
740
1948
4685
341
536
2223
5171
158
18
2319
1311
980
2730
1986
45
22
296
2460
111
1095
12
1703
768
497
178
1298
669
1473
762
1189
2619
547
1977
1247
3249
451
1936
2560
2075
1902
592
520
1146
1450
73
518
2217
1748
154
936
531
163
364
2581
1604
1550
2289
2525
2048
1863
802
1045
1274
1405
2543
1943
262
2029
3686
1336
2095
1306
991
188
1039
601
1409
2912
4759
2192
177
1871
3923
3010
1950
1145
806
225
2798
807
470
1517
3027
4221
2478
23
6103
2807
2224
1638
1499
617
1809
3180
5823
4858
2495
1608
3462
3285
1238
1538
662
1410
673
1090
1466
3581
2092
3297
1141
886
4905
4475
150
1703
3628
855
2989
4949
720
2145
4473
4064
1231
2640
718
2554
1389
1832
26
2144
508
2678
2838
2809
776
2888
89
2247
5361
2744
346
243
1507
1450
1263
1665
969
1809
1096
391
171
3259
1058
809
367
195
838
1173
1737
1959
1949
209
3105
790
724
4142
1867
71
539
473
2559
3051
2933
162
1076
3482
2340
2101
829
667
2327
2013
254
559
570
640
822
1005
2161
465
1881
2623
2036
3079
38
54
1981
2478
763
2958
3538
2047
445
348
1126
1945
3261
3341
2759
2628
2226
299
747
478
4179
1239
1657
376
1900
-854
-110
-365
147
-932
-261
-28
-266
-243
-834
171
-736
-132
-473
-814
-898
-508
-772
-313
175
-499
-394
-155
-428
-465
1
-481
101
129
-11
-361
-199
361
1260
-101
1231
-162
15
-417
62
-63
179
-667
-206
-400
91
-628
499
280
481
633
639
1006
-562
-487
-220
-474
317
-818
-306
128
-334
-458
1098
-773
-306
-22
890
217
-504
-140
-165
-698
-573
-83
189
-350
-139
210
-132
-707
-847
-127
-791
697
345
122
286
-250
660
678
-1283
-595
26
482
451
-784
678
1164
-544
-57
-791
-125
-734
-379
809
82
-789
730
-950
-750
605
-695
1140
791
-40
-172
-369
-871
-515
-303
-167
195
789
-501
-777
-229
-361
-194
-51
-442
-96
-178
410
-878
13
-14
-16
-212
597
286
543
-1105
340
-220
-504
292
-690
-292
502
543
1016
-206
470
215
715
-451
-122
786
-457
-257
42
481
-515
65
-318
-147
300
-771
-41
-383
903
-483
651
-101
-387
-552
-603
-177
1013
-1340
633
-259
314
-284
-226
156
-400
666
-621
-742
640
-814
760
-1149
880
85
378
-461
326
-425
415
1108
285
128
-433
400
323
-578
899
-75
-749
-512
-143
138
-608
207
-706
579
-619
400
64
1021
-590
-91
-121
-520
-365
-462
-406
-462
-1070
234
-953
-455
-85
-401
-833
-420
180
346
-342
26
-473
40
179
-517
-215
-46
-511
133
-183
174
-1020
-419
133
-653
-192
-648
668
-541
28
544
-173
-182
566
-74
-1059
371
-327
18
-516
-584
19
131
-524
-523
-382
273
-656
54
-68
-138
-453
-45
-662
855
948
-361
-486
-982
-81
47
566
-963
-181
698
-446
-126
961
-365
709
216
-545
722
-503
2
-387
-993
39
-394
1120
281
111
1012
-758
140
214
-243
160
149
-853
-647
314
186
790
-1007
971
48
-275
1347
-990
865
589
-112
538
294
-124
-746
-579
23
-327
-760
-568
232
549
276
-406
-232
-428
443
-487
-444
-118
1439
-627
-699
-810
600
233
1205
-39
-419
-26
-368
-653
218
643
200
46
225
-337
59
-592
217
246
-886
-36
-1089
114
-718
-245
495
780
-1
247
-108
-12
-653
-201
-291
997
-569
-194
-171
142
-554
-513
-375
-199
560
-82
385
-347
392
-994
-535
-10
-224
-2
469
-211
-289
-125
-201
82
-669
-699
-670
1191
-528
-284
676
156
-479
-121
359
-246
93
-174
-385
-74
387
-637
228
-738
-516
353
557
475
-582
-701
-592
-730
-283
-836
238
91
-276
46
-98
-512
547
-368
-1076
1710
423
-102
-325
-42
-45
747
-121
-624
-341
-406
101
-178
-341
-460
54
-122
-308
188
-160
-173
926
-272
429
504
-246
-236
-299
-319
-32
-371
21
241
378
-403
-204
-475
-340
-479
852
-379
161
-307
338
-315
474
-424
-479
1581
-866
126
-424
529
-748
-247
60
-791
522
48
546
-83
603
101
778
-600
-671
-496
1460
-144
-532
542
-1175
2419
149
-543
255
-1
-81
-57
131
338
573
1706
-812
-367
479
679
-359
-72
-65
-1000
-223
404
-320
82
-629
-153
-42
-139
714
-989
-399
-304
-42
-63
-549
-558
-30
-102
273
-204
-303
545
341
-233
-112
-708
-313
50
-755
899
219
-383
-596
-513
422
-265
-201
430
-649
-220
477
-814
87
-597
-699
157
281
462
-989
226
408
-180
166
108
-911
132
900
-386
-517
524
-166
-598
841
-1124
-552
-717
-706
-372
-214
-790
-743
-34
-371
-659
614
463
669
500
395
282
-994
456
-800
-696
-387
-751
211
-112
110
-320
372
-364
394
-715
140
-120
-63
-208
-113
-417
-163
651
671
-449
853
-1200
6
-128
-542
578
-191
870
-680
776
-532
-225
-156
-53
-169
493
472
-659
-744
289
275
702
503
485
979
1676
3151
3165
3105
236
824
1446
3326
2541
443
965
271
1420
642
681
898
821
4714
2704
2468
312
561
1056
4088
6969
4449
2005
2240
7324
1842
3792
1300
2007
2662
1064
349
331
1133
1691
1599
3392
2619
2483
2460
2245
2323
3481
405
2863
1576
100
1379
616
162
422
3839
663
4097
1428
2959
2072
4344
1408
580
885
1983
3424
3813
1544
4081
779
456
3424
3433
2647
4017
2466
2915
861
2872
1744
1776
3088
1380
2136
2224
1275
498
2240
4031
358
1894
3441
3290
2855
2821
4775
758
2724
5902
1188
2863
178
1811
3591
2315
312
4587
5451
999
661
1478
1232
367
1982
4325
1445
3550
2800
3635
2085
1712
2014
2057
19
2230
170
4280
1451
2785
1370
3346
3236
5161
5594
3852
723
431
603
588
412
3499
2441
548
4942
1572
2953
271
206
1255
220
749
1652
3337
2810
1044
404
349
2582
5229
404
3669
5581
3705
581
4739
383
607
2870
3704
8
3385
1872
1068
580
34
879
5027
1959
4430
1120
2350
742
3593
714
2204
3406
832
65
5467
3979
1239
3903
2600
6031
3056
4439
260
1727
1676
2081
926
1682
413
6500
2119
584
1951
131
4369
3735
2037
3162
4762
7260
1490
5750
4637
1164
1351
210
270
3463
1738
137
2594
421
706
1547
1857
344
3931
8699
1702
1431
3368
642
3960
3127
3228
3887
2613
1996
1695
1700
2
3567
4316
6031
936
4481
3969
4355
407
305
1586
79
4093
2510
3570
1607
2959
1964
2306
41
636
5623
2848
1780
2304
2090
1693
1026
3278
129
2510
4519
3789
4549
1682
899
3570
1043
2881
2424
987
1899
574
4
1604
648
4639
2029
7533
1653
1446
1514
4725
1355
388
4617
1131
2541
2232
5008
1951
55
5703
3373
3783
2828
1672
845
1921
1774
1952
1876
916
1639
4336
2217
2706
697
1992
1028
1958
2582
543
4044
367
3459
2783
2121
3019
1136
5204
2221
532
1490
3735
986
1687
603
4433
730
5689
3576
3276
2155
2308
4493
1052
824
1857
405
5242
16
1310
178
3346
2073
2165
4521
2902
91
228
1756
5433
1111
1462
1979
3387
3039
783
1332
2797
505
3726
3694
62
1324
645
2172
4586
239
658
5065
5451
237
3203
509
1636
3130
763
14
413
2667
2226
4319
2272
3712
141
5299
2420
4576
1214
2570
3128
3962
3570
1717
4047
7
2448
1180
555
4119
921
3399
3307
5464
3625
4946
142
3798
97
192
2746
754
6053
2725
2928
453
5515
385
2317
2334
535
2442
581
2733
3741
1064
2673
4726
3494
2809
259
3221
1961
1171
4078
906
1454
263
2968
2600
5389
5021
1744
3227
1442
468
208
1191
918
1741
1066
3705
589
1502
3052
3433
15
1914
1590
310
1518
2433
4922
3975
515
1491
114
1752
1044
2900
5818
3126
2549
13
2015
1874
141
380
654
816
5050
3047
81
897
1440
1284
1362
1321
79
4094
1378
2390
3779
864
1168
3539
2082
3048
1575
2226
3345
1402
27
40
1654
32
1690
221
3141
2448
4217
1663
4728
2365
1195
2536
1169
1558
3449
3742
685
4524
6042
4107
1473
2907
1607
5557
4530
273
1126
6052
3433
1579
3414
1269
2712
2420
2612
1127
615
1697
2029
2809
1695
907
2340
356
415
243
1926
1783
1263
1552
5343
4013
3171
712
2866
4442
2194
2111
1609
1708
2267
1696
705
2195
2040
2357
2913
430
6964
2255
3817
3216
3428
1967
2976
6054
1180
231
3805
2470
1119
1883
5578
2971
3362
3764
951
781
127
4155
3519
1489
1254
942
2440
529
2262
4461
4214
1072
61
1671
4441
3877
1885
5869
5785
3168
1945
2101
3038
1914
5827
2459
2492
190
1545
3186
2036
2996
5050
155
2682
1722
3560
1035
1531
2350
861
1387
3685
267
1584
6092
3344
3994
872
2975
686
4270
7284
2958
1547
152
3026
4658
134
227
-280
-271
36
449
-29
251
-325
-286
-320
26
-333
-315
-276
13
-248
-250
-284
-35
826
-90
-182
390
-254
-85
-206
-69
2654
2601
894
-202
2072
750
71
879
675
1883
-110
386
2600
2119
348
990
260
255
2016
992
4258
7219
320
-252
955
1452
6973
1183
3624
403
3653
285
-249
-267
-240
880
-45
3586
991
1624
433
2135
75
655
-255
2329
595
2170
-169
742
1815
696
2660
1478
2480
1158
-42
411
-34
342
1445
1311
1816
162
-42
-97
117
2905
366
-67
-136
542
2047
-188
3494
23
-161
-314
1138
917
1341
1404
274
4741
1950
1442
-20
746
1157
3895
276
2957
2268
769
989
3372
2542
-30
2554
-6
1745
321
402
1216
1397
1129
285
796
256
1751
-110
3066
-173
332
2068
1644
1051
-55
938
600
3036
-70
687
3038
1445
611
1206
2433
437
3889
3209
2328
29
788
2930
-1
1834
956
-68
375
1012
337
-100
-205
3980
3872
185
1272
2845
500
497
1965
3860
846
585
-153
1413
-80
411
3978
1308
-259
543
-265
4053
490
3279
1620
4210
2018
-98
-53
1929
1129
-264
-85
2064
16
-239
-225
-67
504
1121
2767
-189
358
-202
-249
4953
4760
3039
1236
-215
-11
134
-126
920
632
466
1122
-117
755
3419
1108
1012
513
1505
1668
3969
-66
3973
1010
1510
518
1965
3521
4018
1603
3676
3507
1866
312
-256
5030
1510
-47
-269
-240
460
-285
-114
1590
1342
501
2231
1276
489
182
-181
-161
370
1004
1204
-152
-290
-287
-164
1896
1273
279
1411
1876
-200
-140
-64
-163
-195
1125
274
2341
872
2724
196
2011
2460
2110
309
942
935
339
807
33
3475
2328
-24
-42
1472
2235
-45
-256
444
4332
3128
1066
686
1420
-196
629
2731
-11
145
2085
-188
191
2255
3170
108
-48
-96
-169
-10
-84
-234
448
-129
1451
1206
6223
2302
1615
-198
-100
244
607
-33
-113
3051
1293
-17
326
3569
1825
-60
433
-23
153
1977
855
783
2250
-59
1900
-305
452
-257
66
4869
1187
2252
-318
-119
1526
2526
1170
208
1701
559
-77
2773
1975
1709
123
-237
-158
1815
405
-174
2367
-48
1988
1247
-277
826
526
404
1083
2386
1645
748
-97
1246
938
869
1473
1506
-279
324
-192
1280
1380
2548
2361
1376
32
-221
1408
453
-162
2478
1455
3116
1181
135
-100
-177
4109
3125
1573
-59
1757
0
368
4691
1333
1882
4136
365
1975
-279
376
-173
-353
-140
-237
970
-133
1258
-81
1467
1698
3903
1256
-63
-157
-193
3412
966
3643
1652
2798
1543
2533
-173
1474
1662
1300
-93
1084
1327
1006
1696
609
2023
2871
-154
-201
2108
2032
1055
1479
-93
3634
1943
4207
658
2795
2088
2097
1846
2598
2164
1108
-181
-120
867
3902
1685
722
727
-259
1433
-69
928
2
-96
1433
865
2393
-242
3975
53
-120
-91
-71
4581
3127
-302
-6
3525
1913
4118
374
780
-180
3122
-92
1852
455
285
132
-102
482
-267
489
1539
1976
-281
1298
-157
-170
5232
1546
5166
604
2488
2829
740
-133
1632
170
-115
602
738
2626
655
345
-274
1632
123
-116
-245
2188
247
2033
1977
4489
3402
-219
319
1880
795
3098
-213
-24
-151
-74
-57
387
3302
3159
-126
2103
4501
5328
623
933
517
1277
1657
-207
-184
2520
1438
1382
1689
2942
3997
3070
1020
-135
513
-105
505
441
-11
4620
2066
250
283
-161
-155
202
2143
1437
-51
2974
2927
1447
3142
1414
4217
-179
-202
661
471
102
65
160
-283
3632
1294
5851
2881
2364
1268
-108
4216
5487
1541
748
-115
3254
2331
1032
-197
938
-94
-100
797
-152
-202
-4
-281
1179
1438
1219
2225
3140
473
-296
1033
572
-21
63
137
2905
250
551
-302
494
1247
-214
341
-204
-227
-59
8079
4213
3410
4241
4126
3094
3445
3856
3737
4157
3801
4537
3264
3625
3162
3398
2735
3978
4735
4071
2847
3807
4532
3275
8132
121
-8
387
533
-121
24
100
-115
-43
811
-21
-229
970
363
536
-2
1076
-68
-38
200
732
1095
-182
8921
654
1004
995
159
-33
1187
1190
912
-146
861
-47
405
-85
559
-19
-155
768
391
83
319
-172
987
-229
9265
-37
201
-94
-188
32
2065
-211
-161
-156
851
931
170
457
246
-16
-16
988
-87
-96
623
967
-71
-80
8505
-160
-179
276
1409
40
-15
-202
717
-44
-60
-38
13
72
-132
706
349
1110
802
-47
583
579
1191
-40
8071
338
-252
274
513
181
-15
-48
104
747
-17
303
586
-190
584
-2
-23
109
-153
-1
-26
-135
189
-171
7620
-31
458
551
451
900
274
-197
1095
219
-106
91
394
-78
-94
-52
-31
-81
300
-75
-85
-64
-23
-60
8652
1170
975
-299
507
-18
-2
-133
32
-94
-64
-61
-97
369
-132
-57
951
424
-380
-29
1159
775
47
-47
8153
175
-123
-315
1376
-153
1544
-7
1033
475
-113
846
319
-1
-103
732
896
-424
315
1443
-105
-169
1846
290
7813
529
-26
131
2
-124
1084
-66
772
-77
-71
1001
-26
-59
463
1085
1245
-198
666
942
-10
-19
1163
-370
8531
-29
-120
-6
165
-179
319
609
616
1755
-257
1600
227
607
-8
-73
274
-233
-9
310
-123
346
-103
-138
8501
889
-80
801
-58
233
121
351
489
63
-149
-119
900
-228
-76
-22
182
-35
317
32
-64
146
-248
-92
8988
-100
-54
-71
-183
-95
-175
167
-43
32
-47
126
-112
503
354
-61
-113
-39
2230
171
-58
452
-18
-6
8774
-174
240
-126
143
587
-3
2002
793
-81
297
-34
476
180
-49
238
403
543
1428
-251
-26
-92
122
323
8796
-122
507
-48
245
-94
873
182
-75
-74
1020
-85
-204
928
-196
1559
359
-332
-52
-275
-83
-104
311
211
7814
-71
645
-280
340
-40
-175
-114
-165
-78
193
583
-182
276
-42
348
-156
-178
1567
16
1140
-182
725
610
8804
971
-90
-16
859
-60
194
114
-36
169
988
281
-166
174
-1
573
-63
-274
471
-65
-91
483
582
-133
8571
-157
-62
898
354
-24
-97
214
-13
-127
147
324
113
1125
-23
-94
-179
321
391
63
-79
-129
191
295
8580
-271
1075
-10
566
-148
-157
803
-92
790
101
-11
472
-95
-163
-164
329
-92
1061
-16
-12
-15
378
-254
9010
-195
547
-67
361
185
789
-2
-39
260
-35
-162
868
-74
60
56
-9
622
67
283
188
409
800
444
8229
-118
-70
-33
495
955
-55
-165
-264
-22
954
-97
-112
296
-29
-18
217
607
-60
-37
-1
-24
75
0
7381
673
387
-20
269
318
-37
-317
1033
530
748
-130
-118
-66
790
755
222
317
-31
732
836
-26
-29
172
7924
523
-13
-59
814
70
-29
-184
1569
-187
1263
-5
-50
-45
1617
-149
-59
504
-39
551
-145
-136
311
738
8733
-85
1577
-221
-2
549
412
-20
878
170
-135
-51
1406
41
517
-108
367
1188
112
1061
-164
270
480
-168
8558
72
293
-278
-103
1127
814
189
187
-31
575
71
-145
-74
1529
-53
1451
-128
1136
-247
412
901
-192
-76
8867
-8
-236
741
-68
252
1358
-197
531
100
67
-18
-26
698
1155
-9
-93
-225
443
-85
-156
431
-268
-89
8037
508
20
305
-54
-29
412
-187
1287
-303
-5
-29
403
-195
-62
-143
-86
480
-37
-148
-75
885
17
266
7852
568
-54
-130
-109
-27
-83
-161
-33
-7
-42
-16
143
-196
-173
331
-35
851
-107
-66
803
-233
182
149
-1355
-977
-957
-125
-934
-1350
-2511
-1894
-402
-1493
-884
-3490
-1009
-1529
-293
-1325
-2063
-1018
-1321
-1529
-693
-1630
-3069
-1135
-3588
-2607
-1881
-1381
-1966
304
-983
-1589
-885
-2134
-2815
-3849
-2718
-2326
-1817
-3522
-2322
-2161
-3201
-1386
-2399
-2040
-1680
-2584
-2050
-3674
-3609
-3354
-934
-2139
-2358
-3235
-2066
-3081
-2848
-2709
-1711
-1671
-3319
-2811
-2074
-3169
-3498
-1582
-563
-3009
-3445
-3997
-922
-2944
-786
-3402
-583
-699
-3954
-1230
-1727
-1722
-1531
-4250
-4247
-4138
-3695
-2644
-3746
-3275
-2684
-1005
-3097
-3104
-3562
-2953
-313
-4470
-2535
-1364
-2149
-1242
-1463
-279
-1979
-3543
-1959
-3168
-3931
-1560
-1681
-3032
-744
-4395
-4257
-1283
-3331
-3167
-2004
-2214
476
-2625
-3545
76
-2539
-1028
-2321
-716
-1104
-3036
-3960
-2892
-3033
-2045
-2276
-1410
-2656
-1682
-2682
-2800
-1634
-3340
-2910
-2688
-319
-575
-988
-1599
-1270
-1143
-2625
-2564
-3243
-3476
-2010
-2026
-2245
-1620
-1417
-962
-1688
-1618
-3818
-1488
-2238
-4749
-4152
-3187
-2250
-4235
-2857
-3279
-4331
-3872
-2713
-631
-2611
-2266
-2950
-1194
-1830
-3046
-1666
-566
-1943
-1896
-2899
-3
-3156
-4252
-1504
-4574
-983
-3134
-1976
-1769
-1633
-3032
-4399
-2307
-4534
-5757
-2374
-1974
-1528
-1161
-2265
-1737
-809
-1855
-1841
-1054
-2879
-2963
-3418
-3271
1236
-3525
-3198
-504
-1646
-2819
-3487
-2139
-3604
-2178
-2075
-1360
-1006
-1892
-1187
-579
-2595
-2830
-2456
-1690
-2184
-1611
-2233
-1190
-36
-2867
-2786
-1410
-1507
-2265
-2269
-4349
-2403
-2264
-4570
-3294
-3864
-162
-1016
-1933
-803
-1089
-1230
-2321
-1806
-2055
-4403
-3255
-647
-1934
-1140
-2040
-1866
-1841
-2040
-2262
-263
-574
-955
-4032
-2608
-2237
-3249
-2091
-3790
-2282
-1676
-2427
-1651
-641
-3833
-3269
-613
-1162
-2405
-2177
-3320
-1533
-2107
-1728
-5299
-3069
-482
-3004
-2932
-1927
-2787
-2742
-1584
-2089
-4547
-1064
-3313
-1344
-3673
-4025
-2065
-2285
-980
-652
-495
-3516
-2144
-2164
-729
-3184
-872
-2324
-4983
-2536
-1862
-1975
-3396
-2916
-5389
-3109
-2794
-2054
-1111
-2566
-2563
-4595
-307
-1444
-2389
-3216
-2229
-1277
-2923
-4582
-2444
-4295
-1424
-630
-1436
-1392
-1575
-2602
-5551
-2993
-1369
-1257
292
-987
-1757
-3207
-2901
-1072
-1137
-1694
-861
-1298
-3225
-3667
-1965
-1545
-3572
-743
-2032
-2604
-3592
-3340
-5151
-3858
-3776
-2175
-2178
-1790
-2861
-3274
-778
-1247
-1339
-2111
-78
-1816
-2195
-1250
-4364
-2718
-2069
-3628
-3854
-2906
-3935
-2308
-2628
-3418
-2648
-2878
-2966
-1300
-1190
-964
-244
-2239
-687
-2646
-2741
-2312
-2435
-1250
-1092
-2060
-2104
-2135
-2675
-2704
-1587
-2259
-1055
-2158
-2143
-3621
-921
-3952
-1529
-1033
-1746
-3049
-2406
-2532
-2107
-3303
-1310
-1412
-2083
-2394
-2223
-991
-594
-5403
-4037
-2935
-2548
-1623
-1250
-1856
-1390
-4638
-3530
-2091
-2937
-3133
-3120
-4024
-3488
-767
-1152
-710
-1057
-742
-3222
-2542
-1648
-1158
-2954
-2877
-63
-1067
-3803
-2375
-1635
-1728
-1546
-2057
-2757
-1508
-926
-1812
-2716
-2913
-2069
-789
-2417
-1528
-2142
-531
-2749
-2737
-4174
-2350
-3810
-570
-2450
-1926
-888
-1389
-909
-1905
-2056
-1078
-1896
-3635
-3367
-3085
-1728
-4301
-3674
-1651
-2245
-3008
-2476
-2780
-3584
-3311
-2830
-3926
-6010
-1012
-1879
-1759
-2372
-1717
-2318
-2398
-816
-2426
-4023
-4478
-3629
-7736
-2111
-826
-3054
-2611
-1303
-4084
-2384
-2647
-2851
-3664
-3225
-2569
-2741
-2339
-751
-2374
-3800
-1633
-349
-1603
-1637
-1564
-4278
-3173
-3528
-1208
-3220
-2360
-3506
-2332
-1545
-2302
-5716
-3321
-2282
-4881
-3634
-1571
-1584
-2481
-3535
-3370
-3117
-565
-1352
-3744
-4115
-2635
-2075
-2298
-1744
-1337
-2478
-4669
-3538
-4252
-4242
-4038
-2073
-2884
-5076
-2653
-1802
-5403
-3129
-1100
-2362
-3068
-2776
-1024
-2524
-160
-805
-2369
-1173
-1292
-797
-2281
-3262
-1533
-3150
-1795
-2991
-2325
-6653
-4297
-2829
-2205
-2571
-1984
-3369
-2537
-1770
-1685
-790
-2713
-2814
-1597
-4510
-1471
-1027
527
-1415
-3189
-948
-454
-1040
-2285
-2302
-3297
-179
-1848
-3972
-2930
-3163
-3397
-3356
-819
327
-3531
-1515
-3568
-3281
-3102
-2321
-384
24
-3015
-673
-1178
-1997
-5522
-3937
-3004
