-2171
-2709
-2852
534
3365
314
-517
-662
-2274
403
-714
-927
936
-601
-1903
-916
-1777
-2864
-1804
-3873
742
1310
-961
-3622
-941
-53
1530
-1384
2066
1431
394
1344
-2731
-406
711
337
920
-1292
260
940
2624
1335
520
-2313
554
35
4071
3043
3245
1295
-26
-510
2764
-1617
-505
-2921
1477
820
2729
-1852
2671
1050
-4828
-1934
1471
223
3186
-2198
-4454
-1844
-171
1192
1181
2987
-4783
1871
-2790
-1275
1037
755
-1332
188
-2169
-1209
2221
-1016
-47
1465
4687
886
2586
-3813
-690
1355
-1804
1539
1956
4416
-3869
-2232
97
-1345
2250
2073
-5147
-355
-109
-1404
2224
1316
1101
1596
1011
-1199
-363
2930
466
-735
-1943
206
284
1060
-3691
214
952
619
-1771
1251
824
-374
3433
-69
-7497
1563
2167
1868
-2312
569
4456
1902
-1
4202
-2222
406
2552
14
382
3052
1953
2990
1847
-283
-1475
-904
-974
-2425
-1704
2620
4915
4570
3844
-3268
-3396
2078
-364
-2708
1293
1527
1804
190
-783
-1259
-1901
-1523
2817
-1242
-3901
-3561
-125
-3094
-1844
-3047
2707
2055
-1456
-588
-103
-166
700
126
119
-2449
2144
-921
3451
-1251
4283
-2275
1019
-231
747
1322
837
1406
155
3692
3526
-1677
-112
-2548
766
424
-715
-2578
-1754
-4403
5029
3072
-2847
-3499
-2958
-1798
2018
1594
672
898
1578
2448
1328
2792
3911
1707
-619
2361
-914
-1461
1268
3132
1236
-771
4644
840
-631
-3322
-3106
2321
1220
930
1580
-246
127
-1869
-1369
1086
-1506
-4133
1478
7768
5910
1242
-1969
-2928
-809
1995
2304
125
-49
436
1720
4486
1418
-2274
562
611
-363
1711
2043
-728
562
528
3182
-1001
1707
-154
-1488
-2095
-2397
235
3524
810
3273
2761
-917
3935
-52
-1485
689
1985
135
-2116
693
-1800
878
1485
-846
508
-269
-1960
1138
-1629
-4725
-1620
1695
-455
1097
-182
-1726
-194
3178
4308
2819
1531
-1072
-4334
1763
-846
1354
-2219
-4317
2324
115
371
5539
-3126
274
45
2153
-2765
-4096
-2770
451
3322
3336
-992
-4118
3731
-891
-2035
3583
7246
3140
2152
-261
-2188
-4676
345
871
-1110
-748
3390
1203
119
-2875
-2544
616
219
-760
-3966
-3287
1518
-1306
725
969
3291
1466
-1648
-82
1528
-251
-514
-2621
1349
643
-970
-620
-816
-520
3570
2064
-2819
1612
-2850
-458
3044
175
1497
-1186
-730
-1330
-841
4002
1775
-312
-540
-216
-666
4257
-272
1627
-1117
-3807
-381
529
1114
-347
-3165
-563
2668
-2618
-1898
-831
1357
1147
-3170
-727
2369
-1257
-1093
2410
1237
-3310
-843
-1194
-28
-1043
1092
2297
1740
-4130
-3952
3235
-923
4333
215
4783
-2973
259
-1106
1182
-490
1545
5043
1602
-866
1263
1604
1015
277
-1740
-76
-656
-532
1907
2373
-3036
-1613
-446
1936
908
860
750
-21
3177
-1371
141
79
166
1897
326
3151
2851
-1370
-5890
-3440
-2687
201
-117
-3094
1466
405
55
1028
-1108
632
-596
-348
481
367
-100
812
-2145
1736
-141
1459
1369
965
3163
-568
-219
-5700
-1926
4043
500
-2886
88
-1635
-3097
-1700
2373
1261
-997
-1309
-597
-2917
-1115
1637
-3172
23
4951
1906
-1616
2348
-1309
703
2296
4808
245
-2777
879
503
26
730
166
933
-1744
-448
-2424
-246
942
3404
-896
1057
4201
-610
-260
-1299
773
649
-2158
-271
-1620
185
3971
-3172
-424
498
128
2031
-163
-1494
636
2744
-1846
1899
-1532
-2853
1237
-3471
-543
2669
1738
-2166
-345
-3667
-1630
-360
2760
1213
1141
563
-2118
1266
696
-34
-3571
-2917
1378
2936
3897
-239
496
218
13
-2393
3972
1066
1932
142
-3270
-2942
-239
2687
2238
720
3349
1284
3375
1872
2266
2681
2549
-2188
-799
1145
2945
-1126
-1692
-31
-3480
1046
-58
232
-602
2615
-2019
-2360
-1381
39
1766
-1000
-2127
5043
1627
1487
-1741
-3052
108
877
2226
-2888
-4963
1593
-3051
-2267
-1270
275
418
-2060
-3171
-3903
318
191
-2983
-278
0
1330
-836
-2344
-2044
-3800
567
-1411
1237
-3151
-708
2304
2587
830
-372
1464
1723
-2449
1820
2265
1020
1780
433
722
-133
-943
-658
-1778
212
-1304
-1388
-2180
-2333
-4519
-1709
-3078
-27
-5430
-3138
-544
-6461
-4782
-2260
-1999
-3255
-651
-1964
172
-1895
559
171
-3921
-2310
-1969
5315
-6827
-2463
-2101
37
767
4633
-1594
-1931
562
1244
-3212
-2148
-2184
-6580
-4942
-3293
-6578
-3197
-2396
1992
-2809
-1583
-2623
-3329
-1327
260
-2812
-6563
-3970
-6370
-2107
1108
1108
-2936
-784
-5287
-2495
216
2264
-946
-614
1772
300
-4832
-2337
-1500
1548
-1880
-958
1544
4857
-2331
-1618
-4494
-1405
-338
821
-885
-2049
-6659
2803
-1445
-1595
288
1016
2296
249
-1002
-2061
-450
-1568
-2391
-1975
-1109
-3757
-5502
-4406
-813
-7608
-3696
-3189
-1108
416
1516
-159
-1530
872
-9
-3016
2773
1955
-841
-79
1692
2923
2613
-1846
-1197
-3679
-341
-4770
-3136
524
-709
-2708
2705
-6411
-474
-2311
-1958
-2907
-3516
-572
-823
-1816
-3170
-7126
-108
-2864
4528
380
2593
-861
-4897
-6394
-2031
-3859
-1420
1181
1586
-2565
2058
-97
-704
-2924
-4565
-1584
1907
-134
-4927
-3686
3822
-939
-1698
-989
-584
-1695
-4156
-225
-1193
1974
-5152
-2088
3369
1200
1067
656
-2710
-2213
-4234
-594
-2044
1309
799
521
-1725
-3485
-1519
5491
-417
-423
-3271
1031
-5485
-1637
-3835
-3385
-56
-1108
-3244
-3897
-2584
-726
-1588
-2154
-2143
-282
-837
1089
-3749
-987
2579
-3593
1948
-2696
-3263
-5780
854
1514
-3154
1677
-5615
-1862
2211
950
287
-2644
-1564
-633
-3237
287
1663
1641
1885
1073
-3057
-1813
-1253
-1233
-5553
-1459
-2279
-2631
25
-1968
-4862
844
-4366
-1068
-3656
-1439
-3034
-1128
-3257
-5293
-2461
-2836
-1061
-3332
994
-3919
-3513
-3264
-5790
-96
33
-3056
-1629
-5137
-1367
92
-1138
720
-4845
-4314
87
-41
-127
-835
-2928
-1595
1674
-3206
4281
-5280
-601
-4156
392
-1176
-2442
-3501
-565
-2415
-2312
-323
-1390
-2914
-3190
-2933
3242
-1137
-2928
-262
-145
-5431
5854
1587
2617
-23
-878
-6326
-1817
-4230
-817
1778
51
-1495
-2225
513
-926
1167
-435
-3086
4093
-971
-3486
-3480
-2886
-1004
-734
3461
1103
-1447
-1069
-5293
-2348
-1716
-2269
-2917
-4061
-781
471
-309
-3424
3188
1884
-5358
858
-4004
-1096
5017
-2444
-2199
-682
-254
-1249
-1142
1591
-2458
-2653
32
3061
-107
-1400
-4203
-15
-6171
-2496
-1412
464
1093
-3456
1083
-985
-1543
-431
-1318
-3066
-5859
-1232
-2985
-473
-3662
-5734
-1906
-1564
1743
-60
-229
705
1078
-1100
-2785
-6078
-1190
-4280
-4025
-1591
-1884
623
328
1626
152
187
166
998
-4194
-4826
-4638
-3229
-3170
-845
-3917
-366
-1244
-1235
732
-782
-1694
-6998
-4012
-2760
-3316
-1469
3000
-5360
-2291
4326
1746
-3562
-4255
-3616
-5616
-848
-1663
-1528
-1369
-3625
-3041
-1490
-888
-1585
914
-548
-1989
-771
-3190
-2872
-3975
2831
213
1477
730
-4082
-6094
-6267
-7493
-2054
642
-1769
-2629
-5083
-166
-2724
-3532
-2240
761
-192
-2005
-4451
-28
-3663
-369
1409
-1038
-2324
1801
-205
-1824
-882
-2760
-2109
-3087
-4766
-9706
-2071
700
-1550
-1771
-1875
-2979
-1727
-1243
-1959
-680
-1692
-1332
-677
-4471
-1067
1068
3638
27
-1885
-4086
770
113
-5022
-308
-1968
561
135
-5458
743
-3111
-5255
-4636
-3503
360
-1437
-5733
-2696
-6748
1777
-3589
2542
-2557
-2919
-5139
226
-12
1181
2791
961
544
-5394
1566
923
-4719
1139
-1243
-853
-1432
-1416
-92
-2932
-5325
407
-5415
-1755
-6116
-1773
-4252
-1287
-4063
-416
-889
-821
466
-2751
2661
94
426
-2548
-264
-658
-2785
-1532
-2521
-4022
-978
-1123
-2569
396
-1818
-2727
-3471
3272
-3767
-4554
-387
-3154
-2245
-4202
-1452
6334
-1845
5
-1596
-496
-2892
3414
5160
841
1187
1720
-2004
-1473
-2168
-2366
-1030
-1523
666
-1205
1606
1226
2266
-3406
1128
1179
543
-3526
743
2102
-1727
-3378
2885
4856
2466
-263
-646
1668
973
555
5561
-778
2880
-266
5757
6330
3123
3150
-1473
2931
-818
-1257
5034
6042
264
-1405
543
771
1605
2751
-1621
-668
1408
-2549
1581
1323
2981
990
45
-858
3104
-779
3113
-494
-257
1795
374
-2216
60
-2943
-301
-3393
120
1334
662
1228
4274
-339
2608
610
2213
1738
2680
-860
-2264
250
2040
437
2218
2146
2994
4174
5319
122
1809
-501
5021
2152
5754
3922
2782
6418
2773
2976
3394
-976
-1478
4793
1852
1038
-2407
523
-106
1722
-2678
-2881
5411
-658
2045
3297
-568
139
706
2911
3121
2579
59
2636
1708
3465
2890
4050
-76
135
2637
621
1668
4940
303
422
1682
901
3008
333
1855
3597
-1738
6287
4916
718
2090
-2311
2476
3019
628
3287
-1501
-1155
2534
4001
2832
2854
665
1628
3250
-74
1676
2322
4741
491
-752
1717
2313
597
2224
1065
651
-3465
-1646
3579
2897
1800
3958
774
3608
1611
3013
1849
5079
-470
3080
2789
4448
-576
428
1934
2689
-321
5036
-437
2428
457
-927
1829
2568
-1060
1933
2764
-28
1984
1986
3046
-275
127
2029
-1018
5981
4461
-2206
3619
3199
5829
-941
3762
2694
1734
319
2263
716
14
7176
3099
628
2582
576
1646
-86
-838
-3212
2914
3134
7049
-827
2887
2709
4155
-1566
4221
1072
4550
6
1723
4101
734
1848
3540
397
2065
-722
2119
2097
-427
4453
2085
48
3675
2395
3528
1822
599
-1386
1216
2390
516
1106
2281
-2129
1870
-1243
139
1758
1200
1574
-358
3937
3967
-351
4907
3212
6791
-1835
5166
2142
-1322
-2948
58
713
644
2349
2596
2921
3244
2197
3566
-1012
1449
497
4717
3086
3232
4124
1754
3444
2794
-1628
3662
2722
1497
-275
4329
2303
1386
5885
-1644
910
2460
1949
4730
3116
2367
2274
438
-676
527
1887
-2611
1632
-1173
743
4914
1111
2722
-146
2171
1274
605
3616
893
1151
-42
-120
450
-288
1212
1214
3448
-1408
1680
1679
2220
-64
2074
1521
2390
3894
1129
3068
2137
1835
544
650
240
1933
-588
1763
2809
1458
3239
3271
6362
-1400
1703
3129
1498
819
8772
1822
5649
3178
2153
2498
3885
330
2025
4140
978
3260
3449
2712
1726
3466
-2646
3143
4610
1389
1511
3018
1787
1357
3283
3075
1859
2924
3565
1874
2358
1072
803
1937
1624
3049
-2078
4483
4092
3053
710
3482
104
3884
6087
2129
1460
-227
2446
459
3139
693
1063
2570
2603
934
324
3235
-1050
-2047
-1770
2225
2382
1176
4329
2146
87
-1074
3534
3361
2773
-626
1255
-2851
4368
2076
461
4324
1519
417
2564
-1227
3645
4174
2952
1258
2412
2731
5224
909
-1901
-2037
-124
3097
2818
637
267
-1071
3028
4588
1803
2027
1202
2383
2902
4033
-2348
272
3419
114
2346
242
2141
-1097
49
-2903
-151
2207
-100
941
4898
1928
3330
433
1420
685
1800
1051
3913
2170
-1706
14
406
2223
2270
-2020
-3131
1206
5701
2240
703
1323
-783
942
4
1921
2059
1782
221
-1579
-2187
2398
2505
-385
-950
684
-419
1787
1802
4895
1613
605
-2061
1927
2298
412
1479
3160
764
-830
3923
7168
5893
2152
-1204
-734
-1122
-2365
-303
3482
4296
1119
-2339
2167
2871
-765
-408
-1063
1463
4240
4877
1683
1700
-1468
2515
6768
640
1228
1382
2409
4275
1360
3495
672
4544
1397
-2763
-402
630
-1112
906
2191
-513
3668
686
126
1479
2075
1682
7641
1197
2085
173
3055
1397
950
830
1550
3788
-1201
-202
-229
592
1826
6717
2176
3376
-3396
-1345
2008
1370
-6
2786
5106
1479
-945
802
1664
3936
2372
2790
1103
5387
-236
244
3981
2952
1317
4817
3889
2526
-1264
2175
3775
9
-495
2489
2866
270
2087
2643
-178
-986
325
4960
1895
-1887
5903
909
4467
6068
2532
-903
2071
3875
1724
6129
2779
2972
-513
4814
5064
136
3563
6383
3229
1951
1588
3819
1054
319
590
-304
1830
3475
980
53
4596
3532
2077
4462
3885
2974
1515
3379
5957
7507
8202
5258
4727
8735
3230
2234
2960
5507
6666
4496
6803
5150
3115
3448
6944
-82
1193
5290
5727
3363
-421
-1466
1981
2012
4231
3267
4653
3301
4892
2369
2021
671
5416
3412
3129
626
1582
329
1100
1883
-15
155
1677
2578
3266
-2488
-4589
-3827
435
1465
-350
-3451
-303
-3057
-1853
-1042
-970
-4015
-4223
-2780
-2525
-3951
-4699
-1401
-4588
-5755
-1625
-1419
6662
293
-4460
-6733
-924
1122
2356
-2591
-2031
-4909
-1480
-1381
-3175
-730
-5369
-1110
-4272
-2223
-4049
-5685
2678
-2414
-1026
-163
-1064
865
29
-826
-4650
-3695
-2267
-16
-1003
1651
-465
-364
-1179
-955
1407
328
2304
2907
1912
-1272
-3244
-4391
3570
2520
-2400
533
-640
960
-2882
92
-1868
1353
-1990
1055
1083
897
16
-1657
-2810
-1607
361
682
-3456
4332
-1385
1463
-3803
-1256
-163
1689
-1230
-2182
-1640
-2525
-3287
1067
-1191
-7457
-5882
-3903
-285
2805
2101
-3567
-1484
-417
-363
3379
1339
3263
-1982
-1611
3777
3604
-701
-3322
6415
-1532
-1812
89
310
-2881
-2928
-3427
-3014
-5330
-6152
-3158
-4426
-1538
1025
-3817
-1652
-2564
3506
-858
-1140
1249
-2200
-2013
494
-261
9
-1491
-619
550
1173
1049
-2169
-3893
566
2774
-1719
285
-1742
-3576
-3165
-1723
428
1220
5168
1817
-2926
1693
727
-1582
-2597
1897
-787
-3961
6624
2736
-762
3762
-1804
-3525
2086
329
-2440
-811
389
-449
771
-3675
3291
559
-823
-1866
-2058
678
-4523
649
-1746
-2140
632
2319
2055
838
1055
-2813
362
-1748
-1136
307
2921
3635
-6285
-5332
1592
3216
-3290
-3666
-2146
-1053
-3848
-3049
-513
-188
-2520
1066
-3166
397
-2156
-3361
-2497
66
2494
1052
-2098
1266
3809
376
1926
-450
-3416
-596
-1010
2243
320
-1983
551
-2992
-4193
1968
-2105
2673
-884
-3089
-1346
-2457
831
-1065
844
-1193
-1532
-3541
2815
236
-2019
659
-4189
-1479
-246
-2342
-3145
1091
227
254
-4714
3
-2498
-512
2699
892
-231
-1319
-3364
804
3246
-2928
4921
3160
-1967
-1519
2734
-2172
740
-2759
-3315
-1070
-542
-2694
-2736
-1187
-1797
654
1278
-946
187
-1119
1192
-4924
4678
1884
2291
315
-1354
-3649
-2686
-2067
-1020
1056
1046
-1445
-577
-342
-2147
-653
-1480
438
-2374
-1038
-3241
-4899
1830
-191
3448
5243
3730
815
373
-2555
309
-2909
-3212
-6682
-2231
-2816
-2130
1479
-2196
1685
-1664
-1456
-10
391
-5035
-2468
1570
-2045
-3663
-1907
2913
1309
1731
280
-112
650
788
-4275
-2725
-4837
-1815
-4233
-4528
959
4572
-1705
-1316
4483
3454
-4162
-1806
-850
2873
-5519
-2500
-942
189
-4232
-5051
2984
-1778
-1295
721
934
-2148
374
-1345
-106
-3157
-720
-4651
-143
-1062
-2417
6882
-2894
-3400
705
1218
177
-1303
-5453
-1333
-3175
-4349
-442
2063
-2321
954
-2340
-4972
-3195
-921
-149
-2836
-136
-2327
-8708
-2100
1816
-1048
1311
2944
-722
-1076
-3646
-595
-381
-1836
-1138
-2920
-2747
-3495
-1312
-1509
3285
-2185
-1163
-2546
-1298
-4224
-1788
1455
-5897
-747
-503
921
852
-3860
-2666
-3789
-1744
376
1818
306
-2500
-4451
-2861
-1404
-109
-97
-2569
-1775
179
-822
-1147
-1939
-5158
-2432
-335
-104
34
-1270
64
-1788
-2617
-1677
-2378
-165
-3076
-740
5291
-218
1250
118
-2956
-2607
-3045
-3568
-2781
-3928
4611
854
-2079
816
1241
-1927
-255
1225
-5356
-1495
223
-453
1900
-1610
3719
-2477
-6807
3394
1378
-482
-3751
-2075
193
-436
1301
-1382
-2505
-846
-811
-2373
-1853
3125
-79
107
1551
-2353
-5876
-3107
3360
899
-4766
-1701
457
1013
539
-2361
-3703
-123
-3945
-1025
-284
8269
2098
-2356
-2655
1642
2958
579
-5026
-3233
-3020
422
-701
-1169
-3708
-271
-678
-790
1637
450
-1188
1386
2833
-1256
498
4888
-1606
931
-2369
1310
-4367
-1113
-416
1284
2601
-4205
-5444
-2922
-998
2405
530
-4866
1673
2831
-4192
-3168
1032
2491
-981
1660
1765
-66
-3096
240
-73
-2779
-334
1967
55
539
915
314
2821
1133
654
2211
4339
3275
3655
-1760
-1769
2932
1019
727
3001
-1584
-2992
-1497
2754
-1784
-315
-1255
-3013
2546
3177
-1658
-6925
1358
-2050
-169
-1711
-1357
-16
-2615
-1405
-2073
1233
1297
1769
1772
3141
5506
3578
2374
4453
1255
1476
6640
4863
3956
-1043
1758
2038
1882
-593
-9
3833
3244
2323
1645
3155
5394
1015
5025
6255
12075
2595
4242
6926
4401
2408
2523
4229
6431
5044
2331
107
5578
4732
-197
110
352
508
3658
4187
6692
339
3213
-387
514
4832
685
305
-1292
1512
789
2632
273
5592
732
3719
3843
2948
3454
3827
-1003
4963
2522
5036
3034
2173
265
2074
5904
8165
4704
3191
3112
3376
2723
1737
2085
625
2949
-1348
-269
-2222
-1061
6185
7600
2977
2846
2875
3733
1215
6996
3612
3758
3050
4855
3210
-951
1179
2675
928
291
344
4168
4543
1670
-2544
-1194
2011
-2578
-1203
289
395
4065
3874
6785
2943
2312
-1741
527
4010
2792
1307
1805
-3342
-2116
-3
4159
2655
-1387
1573
3293
447
4211
5024
1139
3928
4879
-2190
4584
3960
3631
1010
-328
-2344
1353
6501
4526
6853
-913
112
5972
-472
-1631
2283
-1659
5531
2570
2149
6495
6111
2680
3333
4759
1464
-421
2391
664
662
-2448
-2471
-2314
-1669
-1317
237
2225
-1065
946
4252
3169
-313
3075
6607
7028
5105
4114
4343
5095
3757
145
2819
-565
1867
4333
-432
1054
1344
-1441
744
-994
-2765
1634
4055
4179
-4526
1531
2197
4683
4321
8582
-755
1473
668
2587
3343
-2974
3983
6111
5619
-2917
708
-352
1508
-4487
-451
-992
851
765
7664
5676
-391
2212
2521
5706
3923
5473
-190
52
261
-5649
-4251
1793
4151
2959
2646
6426
2912
2242
5193
-2059
2996
1711
1183
160
1184
2026
4116
4356
3613
1426
3872
410
1878
1413
-926
-1406
60
6467
2671
2924
-890
873
3205
-1622
3879
9520
426
2616
-338
-833
2133
5511
2706
1077
5816
1779
6303
4061
4314
3270
5717
1386
2768
1702
-690
3231
4303
-1931
545
912
-98
968
-1980
1866
3992
3821
4734
6373
5511
-647
-247
2774
-1347
-67
6060
840
-1930
-1438
-1900
1699
599
2401
2898
2943
8036
4346
5700
630
2425
5241
868
807
1855
3085
1827
1352
2714
2588
1481
5382
1196
-390
781
3025
57
105
6312
6173
3410
368
1283
7201
2694
1993
6093
1585
1521
-489
-1626
3250
-652
234
15
3289
3192
1594
-2166
-187
5254
448
250
3184
2693
3776
-710
1904
1533
6168
998
4190
5277
2168
653
-1070
1151
1645
2829
1749
554
-846
2149
-640
3198
1322
3252
82
596
3517
8492
9339
5260
3952
3657
1710
2669
2371
3837
-1441
1553
-73
-951
15
2173
2051
5012
6689
3233
1190
3366
1597
561
-1292
67
3364
4378
4453
2662
129
643
1081
3930
244
1463
5252
3811
1935
719
-300
1589
3893
7300
2960
2208
3316
233
2050
-613
758
3719
8028
2047
3626
-769
619
5139
1867
1115
-2743
-399
-2803
5157
-951
-504
-2487
806
2854
5046
4841
201
533
1663
1551
4916
6245
67
2912
351
-1031
2109
2810
3268
3735
-2259
-3367
1747
859
4339
1383
552
-221
4421
3152
-1492
1810
5629
4057
5426
3649
-1551
-1013
3031
-2042
1212
696
3852
3830
4107
3089
-2729
-1239
-223
3972
6850
-363
816
319
1677
-1339
3181
481
-296
7355
2321
3635
8333
1702
2758
-2498
2232
-1251
2739
6959
-129
740
768
-1252
-1270
1938
53
-2509
1472
4381
4732
1874
743
7573
3613
1767
5449
3198
-418
-1068
-826
565
1019
-800
1503
3175
1211
1705
4685
306
1060
1125
1964
5636
-332
5947
-456
4629
1968
2336
6420
2173
-2585
3108
1450
3853
1185
-26
3881
261
274
2569
2652
2225
5735
6288
4241
478
982
-1623
2280
4568
3850
5492
210
4620
2078
1853
4746
-831
1203
-1488
1500
3785
988
1171
325
1357
3695
963
2642
4704
3740
3823
8126
2738
-375
2396
1062
5329
8669
7573
857
-1685
-82
-2421
22
2178
8184
2788
1510
-2450
4602
1914
3911
5484
5506
-2910
4647
4061
3346
6673
4034
4386
3868
3701
4775
3913
-480
-1224
2427
2878
2492
-961
3511
4331
3162
4691
2707
5253
6352
7226
1862
4773
650
998
1065
-235
-660
-5217
301
2888
-351
3978
541
1804
2165
-117
778
2513
-346
-551
107
3183
4197
-62
-2990
-683
-1592
108
2740
6859
6168
5698
6583
6480
7321
2874
918
4118
5715
1326
3564
5138
4523
745
-639
3394
1357
4134
6576
439
-2465
3649
2514
1337
2696
3893
3495
5619
-1063
84
4903
5698
6433
1956
1124
3641
4871
3228
4386
6111
1193
4927
6259
400
-405
2901
7740
4136
5133
8279
3338
6536
6164
8180
5588
1758
3741
5022
1198
4040
2685
359
7659
4188
2835
-1192
-449
2270
-2033
2454
4069
-513
3670
2544
7572
3182
-302
2159
4058
18
5502
2194
3095
6265
6233
-1434
3598
5943
1715
1217
4021
959
829
6160
4271
2691
824
2259
7305
7148
1482
2619
570
-1378
5481
4320
264
6977
3292
4871
7305
-726
6233
3399
4766
-2420
-606
947
-1062
2904
4078
-4148
-1175
3760
4553
6594
5658
2894
-1427
6480
6441
2986
2903
6469
5880
4750
4021
4951
29
2262
-1643
-1295
1359
3300
-208
2094
2595
4442
1257
-438
5310
1211
5593
4327
3620
5396
5750
3324
3045
7146
-2735
2506
3897
-823
-3843
2620
3255
4077
1418
6187
1576
5582
3266
-3329
2085
2414
2411
2798
2831
3325
5266
6554
4038
-1050
3041
2948
-714
1254
-911
-4058
2731
1886
3782
4454
837
2808
4401
5352
354
2355
138
1365
2614
2955
5775
5603
2236
8471
4891
1869
296
3670
-1690
2701
2294
4143
1671
2601
1297
-1664
5591
3471
3649
7953
3189
3739
3595
2854
3026
1340
244
4590
5116
3068
3502
-1846
2505
3108
7891
-1461
3000
4014
2123
725
6274
5385
3117
6170
4989
4110
3442
4229
980
6752
4249
4541
4623
8089
2098
-1043
1178
3457
3430
2844
7015
4475
4120
3850
4625
8018
3733
4322
6182
5308
74
4138
2103
5166
497
3365
979
4997
3597
-582
-1186
484
2706
7120
5443
2028
4356
580
5645
2708
9415
-85
1221
2265
4038
2468
4815
4237
4715
4555
4063
6141
1231
2431
-4459
799
5655
5764
5270
2946
6737
4639
7162
4603
5471
3101
5701
5258
8351
5094
7506
6053
5390
6868
6028
874
5351
499
726
1782
4656
3106
5433
5667
5748
5664
4311
1820
6580
1861
3925
5222
4280
2554
3756
1434
1493
8039
3356
2034
-2898
1280
-3706
1617
7819
1118
2692
5264
3795
5542
4448
1762
1597
2107
4164
2396
4098
1087
3574
4490
2323
7703
4157
3890
-251
2246
2407
2581
7119
2683
6476
3415
-1113
5935
2906
2119
5592
5612
5548
5383
6258
2263
4938
5529
3878
241
3738
3777
2988
8
1379
-1614
1926
-1867
3752
5599
2626
847
4482
7106
3461
2418
1227
7228
8947
3346
584
4323
2091
3654
4386
2551
2501
2790
-1357
-902
3649
5452
3462
4323
2537
2559
5096
3596
9837
1792
116
4833
4820
2377
4628
6314
5742
3035
2790
-1277
4137
542
-1888
-1125
4560
6038
6400
5878
5888
9217
1408
17
7064
5759
1919
2462
1338
4505
5745
2420
1928
4277
5719
4232
3188
465
-2372
-2171
-1160
5205
-1288
2844
7528
4318
757
-718
-443
4006
-266
2323
5344
4146
3780
643
3207
3373
1503
3333
1926
2541
-2788
-1229
5840
4546
3067
937
-2677
-496
-425
1646
-312
4616
2001
3967
2590
6664
2447
5742
1321
2571
5578
4745
-893
1525
-119
722
2717
2481
3950
1361
1129
3904
1602
1307
477
6022
-54
2928
7154
4795
3046
-1963
-2288
1220
2471
-655
2946
3950
-1426
1064
4069
3374
-629
4515
1690
4307
3400
4640
4271
4081
4879
517
3410
952
5123
2720
727
6986
1939
3038
-1351
-2291
-1322
2806
904
2110
2339
2335
5950
4483
2895
6350
4721
-399
2520
6319
2737
1667
3188
1718
-921
5589
842
3072
1495
-2264
-6132
1471
1514
-1109
2883
3210
6652
980
1726
2102
2032
2178
3730
4240
6857
6589
8495
-1506
5725
6062
-196
1419
2418
-209
-3558
581
-719
323
4913
4299
3544
1089
6864
172
2954
-447
1919
1553
-1188
2262
-96
-932
3590
1762
4107
2523
1929
2140
-2158
-4174
-2354
-5455
-466
-531
-3446
-4340
-4087
-4740
-3942
-6060
-4859
-2362
-2719
-4710
-930
-1893
-2054
-2657
-1824
-4072
-2389
-5609
367
-3802
742
-1075
-5524
-2327
-2564
-2961
-3436
-1740
-1216
-2337
-3930
-4306
-1977
-2035
-2038
-2520
-464
-3173
-1813
-1894
-3050
-4963
-675
-1391
-3629
-3590
-2992
-2609
995
-679
-1673
581
148
267
-584
364
-1291
-2556
-473
-1409
-4398
-2584
286
-1860
-1967
911
1995
-2748
-4375
-1536
-485
-1683
-681
514
-3198
-523
-1777
1222
-639
-738
-1492
-2580
1232
-2336
-2644
139
-746
537
-1355
-1166
1071
-2422
-2256
-189
-646
-246
-1141
3699
-513
-956
-691
4612
503
66
-1847
-2675
1295
704
-2621
-264
-3400
3132
-2722
-2802
1673
-3066
-788
-2949
627
1481
-1915
1007
-796
-2549
-2096
-1524
-1879
1010
-12
1575
-1581
-1834
-1570
-1332
-3527
-2740
-381
765
2820
-1744
-652
-2694
-1286
-2450
-853
-1
2288
1045
-2501
-1804
-595
715
-596
2292
1591
-49
-461
-1277
1862
-2396
-3104
-2319
-331
-4663
388
-2449
695
-546
-1059
325
-2301
-1526
1010
-1521
482
657
-1168
-27
227
-519
-1188
557
-1578
-3398
-1935
-3287
646
-4767
-1940
-1503
-1583
903
1535
-590
475
-769
-3219
27
-2120
1204
-50
904
3541
-2320
-963
-431
-4243
-538
-1474
-5507
1020
-415
-2669
174
-499
-1329
-1236
372
-3054
-252
670
3233
-921
-704
-1847
1440
-763
1671
518
-1463
-2044
-2027
-478
-2873
344
-1331
-3773
584
59
-1149
1215
458
-877
-2109
-1613
154
-525
-1120
-3070
-1987
-581
-649
-1640
-1863
-826
-1821
-1449
-2028
923
-1590
-2769
-81
-4931
-2490
201
-1193
-1232
-8
-3230
-302
-1587
862
-789
-1995
-1135
-880
1059
-123
-1213
311
-1213
61
176
-3869
-936
6
2479
-2773
2130
689
-1248
4069
-546
-563
595
-444
179
-761
-830
-3514
579
-1837
-1725
-3571
-2485
-4073
-27
-727
-3487
1786
956
-1516
-1869
457
-190
384
1043
1025
308
-609
1721
-2482
-1819
-1497
1093
-1817
-4237
-1879
-2506
-1959
-314
-2536
-243
-976
2244
-62
170
-837
-1932
-948
1170
607
-1654
1012
-1512
1197
-1220
-858
-334
633
-1320
1122
-4691
-1273
-965
-2923
-1685
-2229
1372
797
-306
-1781
-2590
1076
407
-1900
-2855
-1154
2165
-952
-311
-3973
1359
-3116
-4320
-2184
15
-2165
2132
70
-312
72
-2461
-1366
-357
-440
-3375
871
726
2590
-2516
-2565
-93
-3565
495
71
1258
-2291
-2658
-1470
-1821
-97
-1066
-477
-1983
-455
-250
539
143
1612
-2820
1307
-1078
1152
-1435
-166
-1659
-696
-124
-195
2268
-4092
-2831
-738
-1626
-509
1063
-355
-1164
-2571
816
-3005
-1746
-2206
19
-944
-1214
-1399
-1322
207
-576
1181
3122
487
1025
-236
-3533
452
-101
-2141
157
-464
-1842
-809
416
-986
151
-214
357
-607
-2406
-2796
7
773
1691
78
1098
123
-1483
-2728
-112
-792
-553
-194
1142
994
-270
783
-609
-2783
-1005
-4163
1269
-781
-743
-897
910
-1953
-1168
-508
1714
930
-387
-427
-1209
170
-635
-1679
200
-2776
-5295
-2624
3104
-3047
-970
1060
519
-1452
-2258
-1003
749
-3326
-2175
-438
2139
344
-778
-1011
-2780
-2458
-2432
-346
3084
-3080
-1584
-1851
1123
-224
-3747
39
-2345
86
-3949
-3467
2211
-1291
-916
8
1569
406
-201
-2210
-2108
1545
2137
-938
907
-4055
-1533
-192
-303
-177
-5136
-901
-487
2053
-839
-1415
-335
267
-2326
750
-1238
-1040
2424
-89
1641
-266
-1484
-1551
1147
-3249
-3659
-566
2471
-447
-1626
-1618
-151
775
-1584
-1723
-329
1615
394
582
-2996
-3242
1600
-1038
-215
-5048
-1303
-204
1593
-1962
-992
-3498
-1479
-613
796
-706
-2276
-455
-1737
-528
-3528
-781
1290
-464
-936
-1373
-224
-838
-949
-2410
-329
-187
1088
-1789
-309
-1008
-3465
1295
49
1378
-184
-1755
941
280
407
-167
530
-499
-230
-3252
-238
1307
-1109
-2789
200
-138
1526
-1680
-2928
-395
-2232
1477
526
1722
-593
-401
1426
-3381
81
209
-946
-2682
-751
-975
-1483
519
484
168
-24
386
1259
-3884
421
-5353
-5663
-3652
-2693
-1165
-5380
-1258
-1668
-455
-4346
-3995
-5099
-1183
-2361
-2791
-3895
-3308
-4540
-6943
-2626
-3975
467
-1671
2674
48
-6018
-3453
1290
-360
-1429
1740
754
-645
67
-1889
-2482
-1492
-6001
-4860
-668
3283
1378
-782
-6603
-2982
135
-1124
-6297
-1610
-186
432
2815
-1842
-2039
-2695
-3557
1387
1742
1046
-76
2365
-560
-1651
-4739
-2661
2078
1823
738
-2348
-1247
-580
1406
1482
-279
-4259
-5930
-3712
-68
-2054
-335
-441
-863
-6005
-1939
-231
-3194
6033
-1504
-2017
-5081
-1958
962
-334
1222
-4157
901
4136
-1715
-2022
33
-610
658
2206
513
-2007
1968
-273
1874
-1623
-2776
-3302
592
1943
913
-2318
-2498
-818
-593
546
6137
-3285
-3301
1857
4142
-586
-3986
-1028
-325
-685
2414
-836
-2448
1153
-2603
-3149
-1321
-975
2080
-5963
-130
-1746
-289
3933
-1296
-4611
-4769
-2235
633
1002
-1706
-101
-1618
-5291
-1959
2849
385
-1192
-2564
2901
4856
1467
3125
-735
1010
-2200
642
-1897
-3032
3444
3795
2450
-2543
-254
1227
1492
1140
446
-500
4341
1396
-905
-1039
1587
7436
2875
-66
-1353
1818
2257
2264
-715
-680
3654
-5877
-2254
1134
-1845
-5861
-3983
627
-2845
-3019
1558
-2869
-2204
1294
1728
1787
-1075
-718
3343
2724
-2185
836
-85
2098
1782
1201
1508
1362
-1512
-4729
-3123
123
-1918
-1880
-243
-2864
1773
372
-392
-1640
-6417
-2974
716
-2593
4771
-2212
-1339
-1144
3589
55
-4129
-473
3442
1062
-3327
-2228
-3893
-3123
-1675
975
-547
1015
-5383
-4531
-760
1991
-2645
2918
2032
-624
910
-1229
-2030
-2538
-3385
-3049
-3475
38
-511
791
1066
473
5454
4183
-345
2351
2001
-1099
1240
1679
818
7064
2559
-196
668
1538
-4811
3484
297
292
-773
1221
4591
-785
1488
-1525
-495
-1093
640
-4
-738
212
-1740
3231
2892
929
-1364
6
2225
1145
-1703
587
2571
818
-305
1816
-140
-3298
-173
-833
229
242
-480
1958
-3336
-372
-133
1104
2456
-1501
-1852
-335
1149
4328
1247
-1142
-791
-2615
-1702
3126
3494
1129
-1274
-2655
-4746
-544
-1955
-838
-564
265
669
2409
441
-784
-2518
1882
-3197
4625
3828
-1640
646
2000
-919
-1208
4686
2896
-7121
-727
-1290
-3109
-19
1629
2302
3461
1363
-522
-3231
-1377
-1588
998
1606
40
-28
-4170
-1609
-3553
2616
4819
3531
-4164
-83
1167
1861
-2031
528
-187
-2456
3119
-1056
-416
744
-437
149
-1657
1847
559
-352
-2538
413
-1404
415
3468
145
-2469
-919
2684
324
-1188
1429
363
113
-565
3273
4052
6391
3449
670
837
-4201
-1851
-1391
4031
524
1572
1125
3906
-254
-3821
852
-3194
3097
7302
5630
5932
2809
-3523
-1527
-350
4051
-971
-142
2643
78
-1961
1198
4249
3534
1672
-1908
1738
4303
-369
1123
201
210
1830
124
-2879
-2071
-2876
2742
-1129
-3040
1189
1779
1497
-95
1572
-943
2073
-263
1734
3709
1156
-1148
-2398
-399
378
-193
-1478
912
3579
1680
803
-1454
-2572
-2731
1696
-1393
320
-1330
335
-125
2289
5632
4607
5108
-3017
-3064
1092
1168
8388
-1748
-1798
-1883
1525
-1400
-616
-3791
2887
-948
1521
-2580
-191
-4503
-939
-781
-2447
-2708
4846
2617
-4894
1754
-317
-2375
-1484
35
3677
1250
-1511
-2648
2936
-1856
581
325
-984
-19
-853
-4430
1671
1510
-1748
-299
2148
-4309
-3658
-75
-1485
2759
-2820
50
-717
957
-2976
-529
-175
-2084
2864
1976
2575
1444
2723
904
2524
1722
-530
-1531
-1600
3204
2537
-1020
-1854
-1180
578
-3103
1003
1839
-299
-2009
1083
1240
152
-7710
-2761
618
-1307
-3639
1686
-637
-6048
-293
657
-1512
129
3008
-2228
377
-2503
-2347
-5032
760
1937
142
-794
463
-3056
-2951
-660
707
2034
2478
3759
98
-2650
2234
70
4850
-2102
-301
2975
-148
110
2476
686
2146
4339
-3257
-686
-2342
-2705
-385
-185
-2569
-1092
1483
-2908
-2869
5368
4292
-2150
-287
-3749
2235
-54
-907
4370
1860
3740
-1422
361
1882
5066
544
-2724
1511
3577
-795
-3298
-364
-3878
691
3820
-3242
-444
-2771
-1386
1895
-602
-1412
-773
-4039
457
-967
-1280
-2084
-597
-2704
-1289
-1393
-1711
-2556
-3288
2492
7174
3568
6335
4953
6199
-591
-186
7630
1057
7176
3986
1460
-1644
-296
81
-2035
-1235
2337
2815
-1229
-1221
-483
-266
3066
527
4763
2629
2905
3197
1634
1915
1428
5680
7317
5521
4055
3521
5972
3134
3368
5478
2210
3756
4055
1715
-1276
489
3363
2390
4640
2719
2098
2740
127
3594
2976
2276
-1494
911
-2581
-47
1542
802
2311
3217
2152
2507
-1174
-1363
-4867
-2661
6031
4373
4737
-40
-519
3746
-872
2899
2411
-3515
-4186
-578
3040
-1060
1347
-5024
2539
7454
838
730
-5392
1310
-6479
462
5503
3265
996
-2321
1534
6674
-2229
2222
-1920
-653
-140
2726
1483
2349
1072
-2942
-2785
593
5233
2031
58
-1852
-4541
-4679
8395
3170
3170
44
-342
3113
-2993
5402
5485
1876
-1125
1878
-577
1382
-4477
2068
3028
-2200
3110
2865
2279
-2090
-5579
-7833
2809
-1143
8652
2350
1544
2672
1604
3787
5799
-498
-608
4986
3303
3784
-946
-279
4269
4409
2785
2787
-1298
-19
-5072
-959
2562
2965
-546
-4206
164
3828
1228
476
471
2313
5984
7366
-1243
2072
963
2797
5717
16
2564
4655
918
-1270
-6807
-2139
739
1486
4123
607
3166
4091
-1926
2674
2645
3719
1617
6273
-831
1279
1238
3241
1310
-1842
-5
116
-720
-1894
-7899
-800
2343
3339
75
1696
143
629
1354
3901
-892
-2783
-3430
-1830
3546
2604
-1476
-2636
5626
2705
1701
-332
-4672
-909
-2001
1625
942
4316
1708
2001
687
-725
-1829
2661
6723
3174
-3376
-58
-1730
540
-4008
1343
7485
4536
2840
2364
-1334
-1663
-1460
-1758
2152
3757
4323
-1627
3043
-2263
197
5062
1205
9302
365
2958
2578
2892
1289
936
2480
-504
-283
611
4265
-2680
-5922
-658
7527
1835
255
3173
3386
-797
3006
7382
-139
-26
519
-3841
1176
-754
1471
1164
-1245
-549
5385
76
1117
-2099
-591
494
6423
1910
366
-952
1246
-273
-3206
1851
640
-3130
-523
-839
4324
2933
-2293
542
-152
1724
2208
4298
3239
635
107
-1995
5369
6206
3511
-243
3309
2766
-1555
-142
4637
5690
-1381
-658
3024
1318
-437
4311
372
-3201
249
1336
-3472
-3856
-5484
-3203
5739
7822
184
1385
2745
-4639
-1
1082
881
1326
-1792
7064
1887
-60
-926
4570
2434
-1542
1308
1908
-3395
-473
-4596
-2180
510
2310
4065
629
-1519
-2052
2331
2484
536
-180
-805
3334
-1444
-68
-149
-1090
-508
-40
5262
704
892
-716
-4004
-1753
141
1132
3469
2361
2365
-1013
2008
4905
-930
207
-2473
825
1982
3771
3278
2181
-79
-1957
2659
6812
847
-2476
-4053
2547
4141
1209
6103
5348
4038
-4269
-3210
3076
1029
3808
4330
1198
6602
4334
1672
447
-849
693
3817
-786
31
-797
-5708
-961
5274
2523
1453
6149
2065
2132
290
-177
-337
2769
3061
-1298
-2299
106
906
2375
-2247
-1841
2126
887
-1501
-786
-4446
-2908
2735
3420
2115
852
2807
4270
5198
714
1888
-319
2541
1346
2462
4940
451
3045
1413
517
1869
1665
-1971
-2401
-5094
-3997
1422
6628
2969
1193
19
5231
3495
4329
2738
-4258
2195
-552
1238
5187
432
-2483
-1984
-1350
-615
1410
-1659
-1894
-3249
-4021
3891
2197
3652
-2444
1249
4113
-688
739
-739
4213
-116
-2384
1385
6120
2019
-1476
-934
-5960
6542
-7
6775
-2228
-4098
-3024
2669
4599
6765
-700
396
4599
1928
-777
-3578
1928
-112
-2222
1755
3804
207
-2810
3670
-2202
1629
-1920
-239
-3300
-4588
-961
6054
-1244
-858
-783
1446
1047
2694
-2872
-1763
2028
2335
1982
-5104
959
1149
1978
-109
1994
6
-1542
-857
-2437
-6689
-1702
7910
824
-168
1980
1988
2507
-2134
5363
4477
1225
537
1352
-4006
212
4104
1146
1491
3346
814
-273
-671
377
-6557
75
4161
1422
278
4690
-1657
251
-1630
2322
-601
-4675
2757
41
1435
3545
6802
-1085
636
6226
3492
-2102
2701
-3175
-3863
-3523
-3436
-2083
-5567
-6446
-4464
-5659
-2155
-3551
-2006
-592
-4263
-3306
-2617
-2119
-3710
-2644
-3412
-2964
-1823
-2899
-5402
-4214
-5077
-5892
-3544
-5945
-6648
-6531
-3357
-1568
-2582
-2899
-2943
-3985
-2420
-3329
-1047
-2421
-3584
-4291
-5224
-6196
-2871
-3991
-5671
-6183
-3163
-2773
-4948
-6916
-2840
-2247
-1134
-2678
-1634
-5609
-6880
-5193
-156
0
327
-2228
-3415
-3958
-2384
-4490
-768
-1783
-4110
-2318
-8987
-3704
-9366
-2835
-1062
-1033
-3368
-4737
-3530
-227
-1686
-1146
-1617
-2642
-2396
-827
-3179
-5269
-757
-758
-5269
-3787
-3744
-8037
-6939
-4040
-8048
-4558
-4620
-2370
-3308
-2182
-979
-689
-2545
1934
-1295
-3626
-2042
-3527
-5579
-2960
-4750
-4434
-4839
-1796
-5168
-6516
-3579
-2575
-5268
-4333
-5698
-5007
-3108
363
-547
-1308
-2754
-4614
-2224
-1215
-282
-3623
-3047
-4639
-3939
-6380
-1330
-2639
-4075
-6584
-4554
-4347
-7745
-3298
-4111
-4142
-2472
-1940
138
881
3241
544
-1074
-1240
-4542
-2383
-2509
-4775
-799
-2470
196
-2591
-6345
-8872
-5994
-5329
-8340
-5205
-5829
-3363
-1179
-3436
-5451
-2833
-799
-333
377
150
255
-1271
-169
-1165
-2884
-1421
1431
-7189
-6076
-2281
-2485
-4434
-4632
-5847
-3798
-3532
-3380
-1896
-2972
-3810
-101
2474
2146
865
-1922
-721
-3036
-3399
-2363
-1034
-3619
-5684
-4770
-4774
-9338
-4639
-7226
-3841
-4189
-1929
-4816
-2682
-1942
-4942
-3015
-1794
-2445
-3088
-4379
-4910
-3969
-3560
-4723
-2386
-6382
-639
-2165
-5649
-5207
-4011
-8744
-7065
-4009
-4824
-3025
-840
-4888
-3365
-3831
-4248
-4008
-5955
-3556
-2153
-1938
-3404
-5772
-4539
-3585
-2318
-2069
-4564
-5308
-3944
-6158
-3072
-4000
-4467
-2838
-2683
-3365
-2078
-2358
-960
-3277
-3438
-652
26
-2811
-5586
-2654
-1839
-3035
-3242
-842
-3367
-6768
-4429
-4106
-3549
-4503
-2535
-3486
-4183
23
-2297
-404
1371
570
-1921
208
-3456
-2791
-15
-1928
-2891
-5518
-5891
-988
-3927
-5419
-4172
-5387
-2946
-3985
-1408
-4416
-4710
-468
-760
-5943
-2457
-1551
-3823
-2488
-4633
-1269
-1733
-3017
-3499
-1223
-4983
-4613
-5777
-2320
-6871
-6287
-3548
192
-427
-4843
-3616
-2973
-1536
-1315
-2893
-3885
-4605
-3196
-3376
-2118
-2238
-2931
-3861
-4791
-947
-7125
-3122
-1699
-5034
-3509
-3434
-4489
-2627
-3600
-5235
-2052
-2225
-1340
-1804
-4262
-1852
-193
-3260
-3227
-3034
-4842
-2408
-3451
-2626
-4625
-2770
-4419
-3874
-5494
-2927
-2892
-4097
-2137
-3245
793
-5353
-1141
-2690
-1539
-1835
-377
-869
-3736
-4580
-3490
1610
-598
-4963
-4511
-4257
-7816
-6757
-5049
-3178
-4827
-1769
-2744
-2970
-2268
-4034
-1863
-3084
-2429
-447
-2750
-888
-2773
-2142
-2437
-1839
-5336
-3762
-700
-3269
-6308
-4150
-6400
-5296
-4950
-2865
-4072
-2880
-3723
-1674
-2119
-3552
-5060
-3738
-1677
-2314
-3237
-2055
-2520
-4053
-7193
1383
-3206
-7388
-6910
-1921
-3852
-5309
-1006
-1455
-3226
-4465
-3384
-673
-910
-3348
-2988
-716
-3863
-4716
-2347
-1094
-958
-4719
-789
-5290
-6774
-6481
-4127
-1174
-2507
-4480
-2458
-1726
-2628
-2226
-3235
-2269
-2551
-2264
-1769
-671
-4030
-6226
-3617
678
-1091
-1996
-2617
-7072
-6567
-4914
-4709
-2496
-3496
-3976
-1842
-808
-3451
-1343
-1800
-2104
-7391
-3923
-4829
-3134
-22
-1730
-3939
-2309
-3798
-4028
-3195
-3283
-4148
-4034
-4471
-3506
-4935
-3667
-1388
-5068
-3534
-1831
-1043
210
-7413
-4770
-3934
-3819
-4723
-2219
-1498
-790
-5761
-4346
-1601
-2534
-1010
-3350
-3513
-5214
-4435
-5560
-3827
-2309
-4140
-308
-883
-4616
-5214
-4822
-3667
-5048
-1350
-2140
-522
-2420
-3526
-4288
-4546
-1768
-2820
-7821
-725
-3465
-5186
-5997
-6582
-3062
-1873
-1240
-1840
-4108
-4021
-1088
-3513
-1025
-313
-2923
-3979
-5029
-1761
-5450
-2180
-3070
-4206
-5156
-7341
-4228
-7733
-4457
-5717
-7851
-2139
-2573
-2902
-1813
-1387
-2904
-4484
-6401
-3912
-3947
-4225
-6019
-3184
-3101
-2555
-4207
-6608
-8001
-6893
-4366
-6781
-5000
-7281
-4009
-5173
-5623
-5264
-2848
-2335
-2335
-5897
-5415
-5471
-4956
-5878
-4923
-6289
-3657
-3403
-6169
-4561
-5311
-7225
-4061
-3780
-4672
-6194
-2316
-116
-2996
-2529
-2380
-2179
-2377
-2595
-4298
-2369
-1229
-3708
-3875
-2019
-4191
-2624
-3725
-3073
-1627
156
-3647
-1895
-588
-5236
-5128
-2624
-149
-3549
-2859
-1279
-4060
-3406
-3431
-3980
-3347
-3333
-2131
-2271
-2277
-3543
-2673
-3083
-3702
-1123
-4003
-93
1121
-1154
-1077
-113
1132
831
132
1692
-3307
1249
-2239
-2729
-6114
-4342
-4477
-3695
1437
958
-2236
-4519
-4060
1831
-2038
-1813
-6029
-5574
-2839
-3159
-2436
-3651
-3201
-4020
-3988
-1649
-3547
-1469
92
917
4817
-2868
-2620
-2840
-2133
-513
-1421
-3174
-3214
-5334
-1579
-4726
-6383
-7726
-7406
-3640
318
-1
-2656
-3458
-2197
-3270
107
446
-17
2159
-2988
-958
-852
-1304
-3978
431
-7924
-5219
-2040
-1059
-6227
-5845
1439
-1736
-2116
-406
1660
-1113
259
-2957
-569
3322
-1822
-962
849
-4124
-1227
-5061
-2091
2699
-3897
-14
1036
-6446
-3353
-2824
1686
-3376
-4169
892
-3871
-1854
-1267
-4790
1069
324
-1388
-1787
1855
1648
-4637
-4905
-3461
887
-7101
-4111
-3164
-2895
-2225
-2990
-1340
-122
-4433
-694
-2279
-2283
-2575
-7202
-1613
1255
266
3452
-3283
-1183
-2429
-3349
-1127
2468
-10924
-6882
-5133
5580
1205
166
865
-3132
-1527
-2548
-2057
-235
-1383
636
-2993
-2473
-753
-1947
-1066
-1479
-8456
-5824
-5655
1415
-5264
2232
-836
-625
-6340
-1244
100
-952
-6012
-1193
1357
-2002
1475
-2354
-2316
-4167
-6352
507
-1335
-8470
-5563
-2725
-10944
-4316
-5458
-4599
1266
-417
-38
-3995
1517
-4267
-4877
1244
765
-3279
1161
-1624
-802
-5415
-1725
-1775
-1396
-5366
546
-8514
-6531
1162
-3196
-5360
-2712
-3777
-5319
-3839
393
2023
-781
-1595
-3112
-9160
-3435
469
-502
-1371
-1095
-542
1051
-348
-2723
-3924
-1908
729
-4368
604
-3932
-3109
-1553
-2131
-4687
353
-953
2341
2745
-2856
-3358
270
-3871
3175
1300
3734
417
-3536
-495
-5868
-2585
-767
-5630
1414
308
-918
1299
-2367
-63
-36
-576
1115
389
-390
-3048
-1086
-1766
-2969
2167
-1344
-4524
-1662
2103
-275
-6885
1531
-4563
495
1700
-1326
-2049
709
1829
-1210
-2923
-515
-2045
-312
-3276
667
-1286
-2196
-2157
-2405
-2239
686
392
2171
-6961
1570
-6695
-2229
-4170
-3527
-6111
821
495
-2201
-5168
4482
-1211
-1718
-3232
1587
3872
-5384
-2979
-8368
-3397
-2804
-1498
-169
-3779
-3266
-4244
-1193
200
2207
-3678
2422
1260
143
-1764
2616
-759
-3891
414
2173
-1231
-1542
-3172
-6081
-7216
-2404
-7606
-4607
-6536
-1521
-3467
2407
646
4431
-5171
-408
-2615
-1029
-1470
-875
-444
-572
1926
-1464
-1000
2849
3032
1013
761
-3025
-3503
-2858
-3972
-2169
-9015
-343
-5278
-4401
-324
-1830
563
-5570
-1795
-4296
-2948
-3020
-1713
-3884
-2405
-2766
1737
-893
-357
-4162
-2126
-1479
-6068
-3933
-3200
-1505
-4051
-893
187
-3860
-2821
-925
2204
-1697
-3564
-1851
-4316
2383
-78
-2360
3319
361
-1462
1781
2974
-4361
-8244
-108
-6220
-168
-3238
-48
-293
-123
-3148
-1525
-1497
523
609
-1121
-2043
-1332
-1687
-365
-1462
-704
-1059
1342
-2891
-3963
-2828
2137
-3127
-1329
-1586
-2620
-3314
-4649
-2302
-3180
-2046
-3437
-1421
-2917
-3658
-2121
-1981
2226
3191
-73
-1755
-2990
-3421
-4511
-1787
841
-4449
-4136
-1569
623
-3381
-3434
-104
2010
-3274
-1541
-1259
-3252
162
-4197
-2275
-2507
-1146
-2499
-257
-9703
-1977
-422
-2825
-5114
-3802
-369
5910
3173
-204
-1187
2499
763
-3926
-132
-741
-30
-2392
-4124
346
-2
-1229
-4660
-1538
-9561
-2536
-1358
-2528
456
-6973
-4115
-4883
422
-192
-2091
1657
-3564
-8139
47
960
550
-3924
-281
-1591
-1211
-1989
-3808
-3087
-1171
-3234
-2083
-3416
1622
-5436
-4081
-4447
-602
1341
290
-1609
-583
-1234
-5595
-654
1262
-1811
-2376
400
-434
-4309
-4041
-2881
-369
-5280
-2348
990
2423
-7323
-5756
1098
-1482
-7182
-1768
-3418
-1501
-4418
-4382
-1360
-543
-576
-5162
-2792
229
-1867
-4086
-2021
519
-3873
-2782
414
1401
-4822
-2841
-3282
-7058
-8312
-4527
-3798
-1724
-1001
-3149
-3380
-3350
-399
-832
-1322
-2295
-4179
-7117
-1071
-2954
-8201
-6300
-7834
605
175
-2272
-3752
-2957
-1287
-2815
-3652
-793
-2931
511
-5037
-1677
-1671
184
1355
1540
-493
-1327
3173
-1287
-3026
-4291
-3258
213
-1496
-3847
-2796
-2703
-1023
-1415
-2430
-1889
-853
-3966
-1355
-2303
-2188
-3638
-1748
-240
-1202
-3700
-4396
-3201
759
-1989
-3862
-3379
898
-901
-912
-4802
1525
-2382
2449
-2114
-2088
-2650
-3012
1301
-1204
2147
-678
2062
-1569
514
610
392
842
1113
-1243
-8536
834
-556
-589
2310
811
-1206
-1803
66
671
495
-1142
-3657
-1904
-1399
-518
47
67
-1246
2338
-405
-1899
2551
629
-2995
238
-3948
786
4198
1187
2442
-1792
-1823
2107
-347
-1487
-2561
-913
-2070
-1310
1944
-3222
125
2763
-2214
696
-1941
-192
1299
2301
897
1100
-429
-1498
1911
4731
1934
209
4194
818
-1049
-2018
356
4281
4126
1440
1387
-1272
-4705
-196
-1841
-771
-2773
-1543
3818
-905
-4412
-484
-3172
709
370
-1989
4223
58
-3819
-799
353
-828
-2788
2492
2848
3773
881
1659
1523
-419
846
-1701
-1683
1856
275
-119
-3795
1269
616
-716
1690
2362
-531
3847
-2404
1262
1053
-1750
1854
-2440
935
2085
-1885
1356
-67
-3294
-892
-1208
-522
372
-2885
-2400
-1997
1396
-1903
-3348
-1910
-1622
-230
195
-1022
-690
4405
751
767
-4437
-438
15
2253
-1753
4560
47
-520
-5771
2819
-3998
-1793
-3659
-326
3288
1178
124
-3225
-761
2987
-2065
5445
180
-3186
3795
2520
-667
3434
2318
2461
1703
-2073
-1361
4021
1501
3552
4051
-1857
-6121
-4041
-1307
-881
-5432
-836
-500
-3768
1509
671
-1856
-5857
-568
-72
-5
2435
566
-354
-761
-190
1449
-693
3619
1858
-104
-1235
-1089
-192
-257
1292
-1162
475
-3420
2865
-904
-167
1125
140
2508
1843
-1354
240
-2841
3271
466
-3111
-1194
2425
1299
532
2915
-2360
-351
-3455
-205
3766
-3680
-465
3742
779
1678
-2242
-2164
1870
-2914
811
1683
-857
838
-884
2710
-2596
-2742
3200
-1806
1414
2613
-2856
1248
1378
-3486
-480
-3175
-453
-502
-5153
-832
-2343
1944
1454
-1837
1933
-611
-1356
2811
3049
1337
-706
165
3251
-5178
1122
2550
2439
-3741
-2951
32
-547
-4251
1808
444
3275
-2298
3866
2929
1590
-1586
733
-1480
3235
-387
-132
-1862
748
1386
-4207
1281
1694
5032
-3021
-1143
1938
-2144
2393
994
815
716
404
-659
-26
-873
422
3054
-1633
-835
-2519
3135
-876
363
-874
-1062
-4271
117
1306
-2459
-3427
-2646
668
-571
-239
-1841
-1962
-4054
62
-2500
1902
834
-569
1837
-1637
492
562
1412
-2788
-1403
229
1413
1914
2308
1910
243
-2050
-1574
2191
779
-3375
1148
1672
-342
2713
4491
221
-420
-822
-1067
-981
1297
-238
1738
2165
1793
-1211
2157
293
4
-2209
21
-813
-4072
1270
-3340
1348
779
3298
812
-1523
1470
2747
-5263
-11
-4040
784
-3530
-1051
-1802
-2562
2321
-845
-2042
-1363
1896
3544
1959
-116
62
2830
-2337
-494
910
-1268
383
4933
1675
2174
-70
3567
-3026
-1900
96
1277
-1366
-274
1167
735
510
1364
-1669
-1877
-95
-637
-1035
-82
1726
-341
1126
-2654
4015
-2074
-239
-417
-760
-2179
1505
481
-505
291
-825
2099
-1553
-2421
-2971
405
-335
-1153
386
-2107
-4887
-1876
-1471
2362
-2026
-859
2135
2433
1382
-827
2522
-2963
678
593
-1304
-3110
-3056
1561
2030
-1181
-3114
-2284
591
603
-3043
304
-3271
2913
-403
-846
-677
-110
-444
1730
-1224
4175
-548
-1404
119
-3309
-1230
-1205
2479
-255
-848
-1404
358
-580
376
1803
-945
4345
2583
-2835
-325
-1723
1023
991
5265
1558
-5535
-1031
-4099
-3848
-1094
-3776
5458
-4491
-389
-2761
193
1086
-1627
975
-262
-997
1883
548
3018
3278
-233
1512
-408
1650
-2553
-1269
132
-4201
-556
-1518
2599
3820
-4271
931
1827
-355
-3069
-1083
3943
1829
-831
-2450
707
6441
981
-651
2033
5956
1465
429
1852
-1255
2599
1685
1568
-111
-1245
1666
-610
-1442
1259
140
-2258
-1875
875
355
-1982
3067
-559
-4068
974
6334
70
4319
913
1876
690
1478
3542
-778
1245
3352
2026
-543
671
7693
2388
5052
2509
-2883
1492
5033
-849
820
1390
6
869
1170
1054
-1351
134
-840
-1630
-4609
-3813
275
34
-2450
2287
179
1628
-5353
-4422
-2248
-1664
-3569
-3307
-526
1918
-74
-2844
-499
67
-2446
424
-2415
123
-5595
-1414
-4076
-1506
2178
-2134
4001
-3838
-1738
-4294
-4061
-4518
-9020
-7676
-5205
-2039
-458
-1373
-2869
-3367
358
2064
2283
-6820
-5667
-3108
-6361
-1207
-2099
1392
-3120
-5470
-2827
-4214
-2174
1889
-1130
1802
769
3011
-3151
-5037
2901
-1793
1321
2407
-2499
-3760
-2441
-4856
-6195
-1583
-5784
-2467
-5107
-2454
-4195
2806
-4433
-1642
1109
925
2379
-2406
43
-3566
1563
-5363
-1861
-3292
-1461
-3325
-4786
-5207
-1500
-2197
-5447
-125
-277
-1132
1277
-1724
1140
-1846
1528
-1105
-2029
-4293
-6809
-1230
-361
-6606
-3008
-184
-3118
-8629
-8900
-2819
1906
3270
-7351
-2014
-3409
210
3794
-4470
-6426
5042
481
-4754
-3935
-1446
-1055
-3148
-6705
-4743
67
1032
-3357
-2096
-6032
-5859
370
-391
-3658
2094
3030
817
-3495
-1632
-6146
-4903
-5830
-35
-3200
-769
-1844
86
-1780
-7652
-2470
-4642
-4349
-7799
-2311
5366
-744
16
-2906
-949
2545
-2015
-30
-496
956
681
-4262
-5759
-5188
815
1671
-5940
-1421
-5938
-5490
1602
-341
-1208
2727
-5868
542
1371
-8077
-5740
-3401
-4633
-2810
-1847
-3321
3020
3069
-4783
-857
-4933
-3220
-3783
-2688
-2249
2948
-2051
537
-1539
-831
-3072
-2953
-1632
1821
1246
-2897
-1024
-2274
2100
-714
-3428
-1488
-5837
-2942
-4505
-1456
-2653
-3643
-7868
-2080
-2417
-88
-3156
-723
-4665
-1115
475
4847
-3485
-1018
-1815
-2593
-5835
-1076
2954
-1545
-3213
-9192
-8240
-746
-2268
687
-5325
1477
902
-1875
-8786
-8121
-7874
-5262
-3218
-2552
-5528
275
1152
-1733
756
-1435
-2199
-696
5624
-1276
2027
-2626
1594
-3428
-5661
-4532
-268
-2774
-4724
1059
2635
-3386
-1259
-608
-1059
-8717
-2435
227
1077
-4131
-1147
585
-2146
-152
2637
-2523
-894
-4129
-3160
-2877
-214
2962
99
-5822
-4271
412
-1636
4567
3463
-2743
-299
1795
1254
-3407
-2177
1973
-1765
-412
-6339
2660
-1170
-2291
-3909
3254
-2298
-6378
-3650
-276
-6584
-3114
1326
749
-2898
654
801
-4916
-161
-2198
-3212
-2525
-909
71
289
3198
-3984
-6267
-11565
-2608
-69
-145
-888
1331
-1684
893
434
-4905
-423
2056
-782
-1437
-3296
499
-1000
-1347
-1569
-4550
-3995
-6453
-3595
-10310
-6416
-819
2515
-884
-3461
-3418
-6357
-5895
795
595
651
-1287
-1383
260
-752
-907
-1647
1104
-4518
-2803
2060
1329
2705
-2293
-3406
330
1566
-4616
-2308
-1595
-3165
-4303
2265
-4524
-2814
-2933
-1786
25
-944
-531
-4214
280
-5156
-2267
-2411
-3501
-2627
-526
-5275
-1508
1000
-2630
-956
-1364
-590
1042
-6528
-905
-61
-2601
-2794
-2259
-392
-2197
-3566
1512
423
1746
-4097
1154
1528
-4284
-7150
-486
419
-3846
-4579
150
2697
2114
318
-228
-4215
883
1079
-778
-2366
-2536
-1281
-562
-3830
-4126
-148
591
-2883
-3862
-10579
-2096
-2360
-2422
-1546
-1030
-2264
447
-4098
-3098
-4113
989
2563
3199
-4035
-4012
-5114
-6696
-2168
2261
-1579
-1347
-214
-2699
-6007
-1261
2636
-1131
-777
-4724
1236
-1842
-5926
-2557
-4154
-1588
-5583
-2894
-3943
-650
800
-2138
-1920
-292
482
-3149
-5131
-4694
-6398
-3346
-1720
-2643
2625
-2301
-1808
1752
6927
912
37
-1577
-4468
-3171
-281
-5416
2717
-2296
-5893
1637
-2571
-6716
-2534
-3374
-100
-884
-2490
-2900
-644
-3365
-5335
-1131
-755
-4869
183
616
884
-1830
-4315
-2775
-2271
-4055
-4752
-190
-2988
-4317
-4374
-1221
-2403
-3266
878
-3329
-5126
-4762
-664
-2911
519
-3669
-300
-6790
-2273
-6824
-1424
-486
1849
-3185
-4334
-659
-5939
899
-2144
-621
-3281
-208
-668
1965
-1211
-1297
-6615
-2681
-870
229
-514
-4818
2401
1150
-3832
-3791
-4084
1935
126
-2856
-1139
-380
-5150
-2927
-4497
-2517
421
-3171
-5765
-1232
-2851
709
-1035
-1495
2504
4301
-3110
-2469
403
-3253
-888
-3230
-5033
-2593
638
-4982
-5465
-8169
-3602
-2722
-3819
-1344
-2899
-1762
-1813
-425
-4131
-4007
-3831
1002
-1690
772
1413
2502
-1770
-1047
-9475
3125
591
-5511
-6866
-2574
-4986
-905
749
-600
178
839
660
-2424
-3433
-684
-2164
-773
-886
-143
1655
-123
-1569
-614
-1130
-2639
-3091
-1994
-714
-1332
1724
2682
3332
-110
-1533
-1174
-1503
415
-796
-1909
-2600
277
345
1046
11
18
56
-1679
4114
-726
-1646
-2225
-1429
-2041
1733
-904
2503
-1301
1528
2083
2514
1154
366
487
-2678
2735
-303
876
-1938
2567
1153
-578
417
-3990
651
705
824
-616
-1027
537
-170
-471
240
-482
1341
-670
-3709
-1392
-4856
-2894
-2314
-1296
-1347
-2633
-2772
-5807
1296
844
-5287
-1472
-1182
2937
1262
2443
1428
2378
144
3517
4145
-1455
-3925
-284
-981
-2481
-1167
-4643
-4030
-6796
-6883
-5928
-3852
322
-2632
1123
-2683
-3319
-1666
598
1793
-2513
1865
1333
309
-3343
-2150
735
336
551
2874
-1751
-4461
-3953
281
-4977
-3810
-4073
-4905
-5027
-4039
-2172
1107
-1096
2783
90
1797
-3527
-433
236
-882
1149
-3028
-7038
-2826
-1812
-1378
356
-2355
-1610
-1283
-1148
-19
-1068
1817
-6070
-582
3337
332
2373
-811
-502
-154
-446
-5467
-1163
2058
-1351
282
-432
-4736
646
-3938
-2676
-3144
827
3548
-2561
4055
2667
638
5286
-1157
-1071
-823
97
-341
-2373
-5299
-3335
1461
-227
783
-2419
-4923
2519
-2423
-1206
-941
-934
-202
621
6
-884
4749
6105
2256
1495
-766
-689
-6688
-1713
-166
-3472
-7284
-2444
2294
2853
542
-1843
-393
1032
311
696
-3336
-7
-238
150
2734
6606
-1020
245
1797
3341
-973
-827
1282
20
-2804
-783
-1286
-1708
-1715
-1084
-1807
4890
-709
180
3331
1948
-2902
-3832
-517
3648
-289
4021
-2092
3333
2022
-3954
-858
785
-81
1221
-3801
-2067
-1988
1691
202
607
-1422
-3591
-2052
-4532
4
-158
4033
1724
18
1962
-2271
962
-1728
-3814
-2777
-1740
-5080
-93
-809
727
-3218
317
337
-779
1104
945
-1676
-2061
2302
-162
2570
1977
172
358
-541
-4459
209
-2446
2933
-1772
-1110
1304
-1229
-791
-1897
-3583
913
-406
-4145
-653
1258
-4729
1599
-128
63
-2031
1360
3553
-1160
733
-194
-576
-3943
-3015
739
496
-2396
130
-1363
-7121
-13
-1568
-3217
-946
3816
-843
-2207
3435
4572
487
4162
-1520
-39
3004
62
-3640
-2177
-1614
2528
-1157
-466
-2432
-3295
-5178
-2454
-3906
1202
4445
-1618
639
88
7308
6801
3431
1842
-2362
-176
205
-1077
-4058
-2151
-3335
-447
-1714
1168
-2155
-3277
-65
-2038
1633
-2386
-1018
-626
-1622
-2075
-2429
1129
2513
855
3906
1722
-1656
-5045
-1389
-2802
-2081
-2578
-1662
-1605
-2980
-2553
3474
-832
79
-1561
-2742
929
-3077
1147
2364
159
1225
2638
337
1139
1224
-1344
832
1357
-692
-1981
102
-4423
3654
-444
-98
-699
-648
640
31
163
-742
-3872
221
4403
1047
1785
2306
2355
-1434
1604
290
-341
2008
40
1423
-324
1811
-2158
-2207
2113
1344
339
-1394
-2531
-6428
265
2950
3191
2118
5106
5567
3109
2662
1584
1432
1926
1797
-492
979
1223
-2623
1038
-497
808
767
1174
-1073
-4733
-1415
-4026
-1084
-1125
4032
1484
-323
-310
-818
1236
1060
534
2088
-349
-557
-3670
-2646
5164
2086
-5784
-2827
-1494
-1456
375
-2027
-3744
1083
1459
3649
-2334
-3259
-3765
-4410
1929
1478
-4166
3227
-574
-1382
553
-2270
6292
2671
-2582
-2908
-1628
-4165
514
-426
1376
1685
2684
767
793
2177
1776
543
-3153
-2869
-4532
-2289
-3878
1907
-3046
-1634
403
-3024
-4551
-432
-1742
-2764
-587
1299
2836
-3833
2706
2037
2062
2654
3129
-935
233
-3373
-2318
-1770
-4990
2162
-2354
-117
1730
-1318
-5207
-2980
-328
-2185
-2319
248
-1982
-965
1306
839
2801
1404
2567
-873
2866
-1163
-4829
-1901
2129
-307
-36
-4052
2997
930
-1390
-2147
2681
1160
-3131
-1598
-3803
-1056
-4929
684
3335
307
2300
2356
-5637
-5778
-2249
-416
1172
-2238
507
663
-1956
262
-3741
-128
2246
-196
-6234
-2120
-1661
533
-2995
176
4325
527
903
2639
2971
3271
-92
3151
3495
671
732
1988
3701
1308
-1738
-1136
1311
-1324
-2691
3217
-938
-3290
1629
1845
550
2217
3588
2066
1571
3066
2345
2708
4419
317
3458
-1114
3315
3594
3519
3723
2212
4079
5862
3814
2968
2446
5966
754
-572
-2057
-3167
-3124
-5874
-4946
-2268
-1279
-1574
-732
-238
-178
-4588
-944
-2609
-5334
-2191
-3330
-1271
-1536
670
-3068
-3110
-1967
-278
517
-942
-3201
135
-2561
3141
3986
-22
-796
-3476
1694
-543
1410
2813
-721
1498
1719
-1787
2340
3352
172
3019
-1267
580
-383
1724
-859
-3102
-221
-2550
394
-2399
-1498
1480
2355
-1472
2454
1030
-834
455
1133
2122
551
-1424
-128
-1742
-5091
-2280
-7579
-2450
-3016
-1461
2514
-1369
-677
3100
1474
2160
1739
-1614
63
-3083
-870
153
3615
-322
-562
-1590
-555
701
-1579
-604
-5639
-4460
-3867
3287
3647
1487
451
639
-2473
-1661
1547
5258
2717
3575
2228
950
95
-163
884
-943
-3323
9
-580
-1083
-4703
-490
-2375
-2579
-996
-474
1160
5196
2626
6902
4431
3358
-3070
-4895
133
1217
756
3581
-1417
2244
836
-4734
-6883
-5146
-6770
-3362
-1198
2405
5017
-1802
-464
-488
-580
1051
244
-386
2214
1856
-883
870
-569
1723
-18
-3564
-5047
-3855
-1983
-2858
-4022
-4834
685
-492
-1300
4135
515
-675
3497
-5455
-1347
1276
1194
1250
299
-785
-1571
2577
1358
-4331
-2965
-1210
-1044
-4162
-3648
-2770
-985
2110
-678
-673
-275
-79
-232
3668
2266
2289
2501
642
-1787
-2401
-510
1401
451
-1100
-5693
-1830
-3562
-2605
-3424
-3344
540
1012
-1466
4142
-128
1801
2248
-2222
147
2483
-461
-442
2110
2351
-2458
-3937
-377
639
1118
-2552
-1450
-4374
-169
2237
2051
-2026
-2530
1224
1148
405
2147
5139
2714
-2243
728
940
1244
-600
-2238
4294
2972
2235
-1149
-2309
-2246
-2573
-2571
-2426
278
-897
-1040
-3096
-1382
-2860
-994
2151
1129
-1933
-694
545
1273
2136
1991
2725
-912
-495
-840
-454
-2462
-3839
-1914
542
-1784
-609
2209
828
3196
6849
11
3419
1803
-826
-2081
2853
1667
3692
1759
-371
2668
-1914
-1126
-3801
-4371
-2590
-4704
1725
870
821
-3012
170
3799
-106
-2325
-1952
1858
1612
-2597
-3374
2788
1756
-307
778
1958
820
-5850
-5647
-4746
-2443
-3102
-811
-1413
157
3553
1594
2132
995
200
524
1218
2820
970
1776
1631
794
-917
600
-2256
-1489
-5037
831
-991
-976
-2305
-1490
-420
-609
-1231
419
206
-1191
-3067
1846
3123
1911
1382
-444
-470
-669
-479
-2436
2601
148
-2559
-4208
-3567
-2890
-2127
-2355
-2214
3113
-482
1903
-1382
-1677
1842
-579
2831
3428
1403
941
-395
-2622
-1148
1422
-3
-4448
-2255
-431
-1201
-3796
-4016
112
-822
894
-2570
-1213
-2103
-967
1755
515
-4621
-2754
1335
142
-2577
-1337
-299
1272
-1473
281
388
-3300
-2333
-2080
-6064
-718
-1355
371
499
-112
1263
497
4717
-10
-1956
3469
-1778
-517
-1941
-595
2132
-3745
570
653
-3342
-6146
-1075
1095
-726
4257
5220
710
43
-1499
-1371
1593
2339
-2212
644
2771
-1187
-1762
-1395
893
421
244
656
-1522
-3339
1245
747
-822
-2339
-2234
-1442
2604
2114
-1945
2546
2337
-2889
1564
-1938
406
-473
-2662
-1264
4105
3844
-1170
1929
4944
-3382
-2212
-6161
711
-398
-14
2170
-2231
1213
180
1708
-2167
-3406
-2420
-3994
-467
2623
306
1552
3263
-750
269
-3845
-4672
-4193
1076
-3540
-2703
-2497
266
-1178
-943
501
-910
896
1676
-2330
-1081
-449
-2705
3029
1323
899
3035
2032
-950
-5502
2286
-761
-3366
-4479
-1775
-3741
-6598
-5606
3450
289
379
3125
3713
-1189
-625
43
-1151
3067
2188
-1630
-763
-1463
1073
3088
-341
-1637
-2824
-2432
-3056
-4323
403
-547
-3507
-1410
521
3710
-1575
2047
-1660
-368
-3976
1477
-1735
-1725
214
-148
40
-1483
-2310
-2626
-3671
-1879
-2302
-4399
-206
441
1890
-2204
-229
-544
16
-39
-44
-1586
2976
1176
-1028
-2177
1579
1593
1071
-2817
268
-907
-3682
-4642
-2196
-3118
-4309
-6654
-1613
-1735
-1658
-4133
-1345
-1263
-1077
-7552
-4551
-365
572
-5267
-5758
-4069
-1324
-6351
-2561
-5725
-2147
-5461
-724
1605
2674
391
-1638
1427
2590
616
-532
4041
-1724
-967
-628
1184
1588
438
457
228
1091
4304
728
-792
-1
2754
706
-2005
-10928
-6078
-8616
-2501
-5148
-7663
-2760
-4003
-3017
-1921
-1654
-2870
-246
-3144
-1996
-2136
-2735
-16
-2085
-4075
-4424
-3070
-737
-6388
-2880
-3280
-2972
-3150
1065
-1550
684
-10
-2007
608
-2404
851
-2126
-2578
-2895
-405
572
961
369
-1823
-4515
-5130
-561
-3039
-421
-1022
-6583
-2918
-996
-1385
-2076
-2195
1051
-402
-2829
-1778
1881
-444
-2091
-2512
-5981
-8208
-3657
-1940
-2046
-4283
-2869
-7970
-4563
-5086
-1998
-1856
-2640
-557
-1464
-3963
-3217
-4266
-659
2910
3966
-138
-978
1387
-4081
1981
-314
-5213
-2321
-3823
1271
-6375
-6394
-2785
-2763
504
-3228
-1834
1096
338
-2226
1503
-3335
-4399
-4555
-759
-533
-335
-4712
701
-2756
-998
-3825
-4834
-3282
-9806
-4874
-221
-977
-167
300
1145
-3029
669
-2866
691
-3647
-40
-2865
-3696
2220
-1939
-3616
465
-3428
-3838
-3467
-5012
-1877
-4253
-3970
-3018
-4284
-30
-3258
-1762
-4640
-3669
-1531
436
-1289
-141
-690
-1090
-1905
-1226
-2618
-5197
-4521
-4039
-2831
-4961
-2334
-7858
-4726
-4298
-41
-7177
-1176
4547
5360
-402
-2235
-4392
-3064
-3222
-139
-5103
-3095
-1563
-593
1647
-2356
-10003
-5596
-7993
-3633
-8448
-4707
-2651
1199
-5528
-2861
-328
810
2089
1873
2916
5430
-1259
980
-2027
-2691
-793
-2463
-8905
-2628
-417
906
-3479
-1953
-6136
-3454
-5401
-3571
254
1693
-3797
-2885
-4048
-570
556
401
1208
522
-4115
-4778
-1107
1014
-326
-4271
-5458
-4175
-4974
-2332
-3726
-411
-2465
3913
-2847
-2068
-1796
3404
711
1485
305
-1393
-1233
-310
-4516
-2068
-4243
-1202
-888
-3634
-1352
-1122
-5712
428
-5623
-1587
789
-2917
-2501
-5112
-1113
-5572
-3709
-113
1863
-1982
-1070
-1551
-181
-1935
-4483
-1405
2419
-4171
-2940
-6085
1824
-2382
-5512
-407
-4752
-326
-953
-790
2589
-1163
-901
-2207
-1676
1008
-941
-828
-1165
319
-2665
-3001
-569
-708
-4408
-4875
-4560
-2415
-5665
-5906
-2633
-3745
-766
-2245
-4004
-3923
-3290
-2690
-712
-1509
2170
-3739
2390
-203
-5073
-2334
-6412
-3843
-7864
-6614
-6187
844
-3760
-5254
-3368
-2787
-2256
-975
-2575
-979
-1009
-5317
-126
-828
-2311
-168
360
407
536
650
-3265
-1090
237
1027
-4528
-393
-6357
-3764
921
74
-6874
-248
-85
671
-1850
-443
-94
-1390
-3161
-101
-658
30
-3076
212
-5666
-7045
-5679
-2350
-5333
-312
-3682
-6195
-1144
166
691
-3775
-1440
-2547
-293
-1243
-2656
-2692
799
-1191
-1901
252
-1526
-3528
-5103
1116
-4137
-8632
-1892
-2620
-2967
-1134
-3612
-842
750
-5807
-3217
-2795
-1237
-1080
-3422
2292
-4254
-1252
-816
65
-1936
1961
3338
-1191
-4749
-4327
-4591
821
-5221
-4472
-1019
-3450
-3467
-2567
1177
-874
-1570
-2142
-481
-720
-4290
-1213
-3932
-2510
-2526
2793
-1094
828
-2059
-5579
-5584
-1191
-5426
-4724
-627
-4006
-4452
-1673
273
-376
-954
-5716
-2308
-2890
-4769
1070
-1413
-808
-5103
-1634
-5845
1369
-1724
-3784
-7307
1732
-1967
1986
-3737
-1409
-3495
901
-12
2648
-3929
-2916
-5578
-1473
-4580
-1920
984
-324
-1633
774
-726
-969
-3695
-1050
-2653
-1004
-2771
-3907
-806
-1856
2202
-46
2905
-1377
-3002
-2898
-1626
75
1799
-5079
-2806
59
27
-1859
-4469
-5778
-705
-5724
-1092
-635
-1850
-5777
-1598
-3892
-1229
-1212
1714
743
-2252
-3132
-5592
-934
3986
-48
-14
-1064
-982
-288
-3989
1437
-959
-5993
-5036
-1604
-5225
-6512
-1028
-2983
-2891
881
1497
-1786
-7068
281
1753
-1766
-1623
-3168
1659
-2388
-1819
-5285
-2998
-6374
-1813
-1393
-4525
-3142
-6392
-3584
-9532
419
739
-3619
-2607
1749
-2800
-2146
-2944
1233
-3852
-1023
-2616
-2845
-1899
-333
-2925
-3990
-9164
-2282
-2548
-2936
-5728
-2253
-2386
-2903
-3335
-729
-3171
-2323
-6824
-1221
-5268
-5066
-879
-875
-1767
-7080
-2360
-2563
-3399
-3882
-3137
-5271
-4856
-4013
-5778
-6101
-6903
-6074
-6129
-3147
-340
-806
-8223
-10591
-3757
-3128
-2956
399
-5326
-6876
-2864
-3557
-3348
-5732
-5947
-8501
-4825
859
964
281
2438
1624
3090
1544
167
1520
-496
3722
1414
64
1225
279
1009
-976
312
292
-689
845
2173
-1474
1593
2457
-37
460
316
-1142
-3359
744
2770
2004
2297
2029
978
-211
1750
-266
-57
-1563
1119
-773
263
-48
1888
-3991
2299
1933
-2488
-922
1992
3756
2384
-1764
-2139
4596
-1366
-1950
1561
669
-980
27
2221
-1098
1657
795
1353
1787
3845
1586
-1498
2599
-3903
799
847
-3495
2015
585
-771
2426
1756
1549
1841
2369
495
-102
-1800
1062
5923
-655
1510
-128
4756
2506
-466
2575
736
2987
-1211
1333
3810
-313
1230
4155
3010
1358
1218
-900
2990
1629
-251
-818
5687
2589
-1701
1733
-542
1678
1213
1839
-720
2308
-2555
42
2633
2924
-2547
1007
5561
1688
685
1661
338
445
695
63
-87
1404
4007
1825
352
3336
1922
1486
2013
2305
30
926
6212
4450
-720
1134
2577
-324
3043
4393
649
-389
146
491
-1355
-1032
3162
62
1111
2995
290
3859
1634
-1841
-659
285
957
884
702
311
2959
3868
-397
-3174
85
-976
-216
1607
2228
138
1203
2596
628
2302
3881
5692
878
-864
-928
-481
1736
919
2431
-15
942
2780
291
2581
-1111
2480
3558
416
493
-3151
-701
-458
2548
2322
-1838
2024
1768
-1376
1807
1075
339
3037
3116
1853
1663
-700
-784
2601
1064
-325
2335
3748
-527
-656
-1545
-1544
-5229
-1198
-2024
3529
-1648
867
-1518
1855
2444
1549
5097
1734
3287
-2544
-4013
-1904
613
3295
-534
2198
-436
-888
2374
1251
2423
4493
1561
1989
928
-683
-657
768
-470
-1921
121
1087
2074
4557
-462
1507
2886
1211
-130
-914
1615
1127
951
2149
1336
2432
-55
1689
1588
-858
-3647
3041
1964
-1908
1091
1088
-1776
3192
3113
3042
2425
-1336
2351
1451
297
3088
2423
1354
457
-2331
-342
4580
5102
4550
405
2476
4208
-2103
2725
3173
1214
-1609
1425
1572
332
-6336
3940
1324
969
2231
3053
-1305
-1059
117
2490
4114
-2460
-1843
-778
880
-259
-904
-270
1349
2592
-137
-909
-338
1007
3169
523
-374
593
5156
1007
2467
1080
2833
1196
2746
-1410
1138
-1995
-4163
-2787
1484
5609
1383
2531
-56
2570
3636
553
3719
2343
755
-2880
-1157
-338
3388
2144
2700
-152
3669
651
567
3002
185
-2112
1960
4321
303
1885
320
1934
3606
3189
1308
4316
1381
-699
-1392
-1408
4110
1086
-953
1096
-2063
-164
2175
1417
2214
1024
761
3716
3414
-2918
-9
-840
1555
1672
-199
2443
383
1208
-200
1437
1574
3115
1609
-854
3046
1127
293
1658
1484
3391
2368
3619
2033
-3464
1632
-29
1162
1555
-183
1995
2263
-1875
-1333
1282
886
471
2400
-965
3625
2103
-30
3162
4286
2475
1640
-1013
-703
3281
934
3133
236
1494
2048
-416
-3240
-839
513
2022
-1511
4201
2954
-1753
1250
-2432
-1123
-1497
1564
555
3267
1421
349
1144
3966
3761
-366
2542
516
-458
1471
1420
4432
1567
1785
817
4706
-253
76
-5119
-1776
-4488
302
252
-592
-549
-1101
4972
3682
2293
954
1718
2103
2879
-1628
1436
3531
2825
2522
1135
5536
2668
55
305
696
-597
-3729
215
418
-3166
1497
4081
4595
-1215
815
3626
1806
-940
-1326
2572
5684
1592
1055
2643
3606
-1870
2813
1028
1539
1730
-71
2381
5384
2475
1290
2088
2244
691
-860
4050
3162
-459
-2363
3056
2063
46
213
858
-149
433
2785
502
32
1302
1097
3507
4972
1631
-1154
310
3402
1972
-5272
229
3398
4159
1832
1235
-1010
-3955
-94
-4909
1607
750
3763
4171
-540
1745
1567
5877
-1675
-1299
131
3819
2011
4060
-1935
-4772
-1845
501
443
831
1425
284
1666
2410
1850
2312
1141
-3587
962
3343
-324
1957
-552
1490
618
4713
979
4035
5680
2278
2918
-967
-1326
3089
428
-2747
3001
2722
2319
916
2356
1312
-2377
-3445
-1687
-5444
-2989
-250
-4278
-1003
-2744
2118
-2037
909
1484
2149
-744
1257
3183
-517
-3839
-1045
-2105
-1218
-465
-51
-623
-3938
1325
-246
-228
493
-1490
-1251
274
-2792
-770
-385
1959
183
2321
-164
-884
190
-1506
-825
2950
-5687
-1570
2545
-578
-4294
-1544
-6690
-1204
1503
513
-1460
141
1924
-3353
-2911
-280
-1119
966
-4989
-216
-848
-139
-2635
-730
-2867
-2898
-2216
-5610
-840
2978
-1911
275
2866
292
-1019
-3166
391
236
3778
2166
-2110
-192
-2076
-3170
-2640
-887
691
-3693
-6759
-1544
-4545
-3921
342
-1866
-4166
-2697
735
-1729
-3414
315
-319
-180
1867
2132
2843
3477
-1725
2076
420
1783
6756
-2577
-6106
-2518
-2221
-1222
-2908
1814
990
703
1325
1131
1355
2847
3262
2328
331
-2021
10
2732
-1283
-3845
754
806
410
-1374
-5290
-1881
-2119
-3994
-5923
1394
1985
-1545
1619
433
1729
3202
4211
-480
-1520
2011
1333
111
-1281
1715
-3366
-2894
-2030
-1919
-4683
-227
-582
-646
-5868
-208
-8
3157
2161
1431
2952
-587
-2235
1003
-2919
-2223
785
691
-1495
2894
-1308
-2268
2390
-5341
-784
-4306
-4675
-1290
-1483
4893
1488
-3101
353
2104
-1304
2127
3055
928
1437
553
-2565
-1928
10
3453
1237
-5249
1879
-265
-4487
-1902
-2354
-3442
-1912
298
3362
3110
284
2148
2913
-1854
2721
-488
-2428
301
882
1164
1368
2914
-574
-4317
-1824
-4320
-3686
-4121
-1091
96
-851
57
1553
-2812
463
-4277
-1468
2285
4007
541
-1381
397
2766
-6671
1680
1652
-3534
-781
3021
-3211
284
-4663
-887
-5412
-1601
-2140
1833
2298
3393
-793
-2406
-6784
-842
185
-2117
-3647
736
732
-1501
-2244
1333
746
-4947
-4399
-2595
-4139
-2866
-2858
2321
-2090
1556
750
-2495
-1880
3738
1894
3093
3314
2045
4353
-22
1318
-1482
-320
-632
-1298
285
-638
-1748
-1027
-5726
1018
-2163
-2744
-1733
827
-716
-1945
1746
3764
-905
5351
-381
1073
3033
815
2729
1350
603
6482
1231
98
-5878
-2534
31
-3380
-1218
-2198
2374
4251
-189
1214
-4245
2268
2061
866
1167
5211
1919
1622
1546
1000
-581
-4175
-2916
-4431
-1722
-73
-2109
-490
3099
159
2175
166
-434
1194
-83
2037
734
1485
-110
-5025
749
3680
2477
819
2614
-350
2214
-5312
-1826
-2658
-2085
-705
-1077
477
3282
2460
-1742
616
1743
700
716
-1185
1623
2842
-47
1214
5384
4054
622
-5314
-2674
-1910
-1579
410
1956
-3272
-2970
-4162
-3423
1361
3379
1537
2175
-554
3364
2926
1712
4130
2485
-1781
-4298
2536
2342
-1642
-2439
-2643
-1912
-313
-823
-758
-2360
455
1860
2045
5067
387
1780
-1759
3047
4947
930
941
-2883
-1361
-1049
5289
-2236
659
5177
-2239
-2487
-3149
-1537
2007
-3072
-286
581
-1071
-470
-1468
-239
-1872
1206
2977
1283
379
3076
928
877
-2423
-1653
4058
-460
-4452
-1413
-934
-4014
-4728
-1907
-1486
-55
-4556
1641
2299
138
1256
-1920
-2129
-4762
-476
3076
1429
4827
-521
289
2533
-1133
-5649
-3014
1449
2066
1081
1394
55
66
-1449
-3208
3195
236
-2007
-203
5224
3482
1388
3106
2523
3700
946
-2152
-5551
-2945
-5433
-3026
-1341
-1847
-2883
234
4555
3345
-305
5309
6663
2834
-1042
-1222
-2416
-2438
-1384
-1540
4165
-443
1715
870
-3809
-753
-5588
-4402
-1629
-4983
-1279
-3196
5390
-344
867
2627
38
1902
-3745
4216
3415
-1021
-471
2485
1229
-1213
-3018
142
-474
1903
-1503
-1928
-3977
-2636
54
-278
-2295
-1466
-2360
-1792
1648
707
742
-596
90
1770
-613
2973
2403
580
935
4054
3129
2947
-4667
-610
-960
-2195
-3194
-848
1597
826
278
1423
2921
-2180
-538
-3418
6409
3361
1930
-931
-867
1926
1718
3716
-3868
-1405
2334
-2440
-2630
-1703
2372
-1882
-2043
1278
3161
-64
-65
-4509
-34
21
379
-306
4385
2301
3114
1318
-2500
4665
-1974
-2834
-3948
-6038
-308
-1910
2337
1504
1321
1035
-673
1308
-76
-2708
-709
-2500
-1753
-1266
-3327
-558
-531
-1440
-1898
-919
-3919
-2227
-3133
-4674
307
1441
1774
4233
931
3503
5615
3302
4771
8217
5245
1973
6086
6301
3926
1048
3505
5705
1584
-1375
2810
3437
-1200
1460
-4685
-1315
-1334
-5712
-4660
-3738
-2519
-3641
615
-1
-3871
-2089
-1987
-3235
-2479
-3224
-2694
-2670
-1290
-464
-2947
-3679
-3164
488
-790
837
-1855
2610
2743
3142
53
344
-1102
-316
-3032
3785
1431
-1114
-1314
-1232
-2518
-2347
-1237
-486
-1625
-562
7
1330
-4001
-2920
-324
3410
-695
-2751
-2303
-3321
-3468
-2385
1274
-1388
1253
-323
-1355
-415
-2051
3083
1694
-463
-4271
-233
545
1334
-2368
-260
4458
4411
2690
-430
-558
-2337
315
-1355
164
-4729
-2095
-3636
-3031
-2680
-29
-902
3826
-3145
-5007
-2256
1348
3216
-2408
648
2329
-2487
-2553
677
2408
-2237
-186
-1298
-681
596
2112
283
-1590
-396
2781
-2740
-4041
-1010
441
-1044
1384
449
1476
5346
3662
-216
-1554
1095
2146
-1611
1343
-3953
-6185
-2207
-320
-3467
-4128
-320
-2412
-2587
592
962
-5141
-217
311
2666
-806
37
-2593
3004
-377
-3326
-2193
-2402
2346
1817
119
1938
1543
1629
307
-1133
1945
-224
764
3493
-3569
1426
1687
3895
-770
-1796
3127
2427
284
-292
3336
-5590
-6173
-5061
-2289
-2286
-2263
726
2277
1710
-207
-522
-1060
2577
-1058
6061
6839
-2182
-688
-379
3950
-35
-2011
-217
3073
-1367
-4782
-2622
-2156
-2639
-1737
-357
-113
-809
-181
-628
-6120
-1404
3766
4883
-737
2184
-2083
-315
1016
-1449
-4096
-2456
674
3737
4215
-1388
-5059
-5831
-6237
-6356
538
-497
1531
-3376
-5535
-3793
1104
2524
226
5984
-3828
-157
2363
804
-3168
-2717
-1170
-2006
1112
-1284
-2653
548
-3002
1058
1506
-3814
3550
-143
1751
1157
-1649
-535
3786
3157
268
-5159
1547
-7109
-1453
788
-1873
-1703
-114
-2356
3726
789
1816
1523
1523
-3198
3056
3598
-292
2534
-2638
4820
1382
3189
2295
-1255
1341
-3016
4170
1680
-1243
-93
1523
-1418
274
-3967
-238
-1700
-2276
-705
1067
-1141
-2894
-375
-6742
-895
-1552
3343
-865
1195
-82
1615
725
-1747
-1507
3513
343
-4827
276
-2850
-2670
-1549
-2000
3093
34
446
1527
4641
-1093
1343
-434
3489
-1336
895
2713
403
-283
-1007
1892
-417
-980
1499
-1425
-3595
271
2442
-862
2655
3106
386
-3941
-3290
-3364
1498
111
5798
594
3570
-3602
-5109
-882
1288
3049
1680
-635
126
-3351
-2710
-2609
4376
-1356
-1139
-898
-5209
-808
854
-244
4631
536
-387
-1714
1170
198
-3514
-905
-4337
-718
151
85
2165
-1088
3476
2383
-3429
697
-3029
591
-440
2920
2252
-986
5928
3487
2337
-618
-33
3257
4693
3303
782
861
341
-2108
-5328
-2758
-683
1593
-3486
1132
-242
289
1982
-1841
-6394
2719
3110
790
2202
-2061
-2593
-1399
4363
3323
564
-1407
3056
689
-1099
276
-1461
778
-1278
1664
-61
469
-1238
-2659
2058
2164
-365
-1927
5428
1465
-919
1528
4922
723
-1405
-977
953
-1263
-2542
2046
-281
1131
1167
-3008
-4486
300
-1275
2959
1867
-4040
-1640
2921
1064
-3138
-1796
-692
-304
657
159
-1261
255
-4718
963
3325
-186
-2872
-587
-1374
-1333
811
166
2909
838
-1420
869
1758
-855
-5130
-5277
1745
2099
4122
752
4098
692
-5579
-3730
-1101
4052
-2502
521
3999
864
-3874
-3962
-709
-459
-2308
4236
-154
4267
-2347
-1248
4870
-749
-3818
-3337
-181
-5136
-695
-2440
-1588
524
-6193
-2487
1147
3120
35
1304
-3242
1808
2107
871
-4291
5620
-2120
1577
407
-3119
-1060
3091
535
-3803
-648
-2390
4944
-3758
-465
928
-2781
-4313
-1868
526
2042
3537
-1376
-682
-2588
4567
-1269
1068
849
1228
-568
2794
2985
-241
500
1246
6660
-3440
96
-1868
1052
-2202
-908
-956
-3113
-3344
-732
168
2524
629
-1886
3749
776
4107
-2061
-350
5167
-3027
-26
2021
2137
-2290
-5959
-3640
2594
1668
2533
-217
-1565
-1309
590
1659
4202
281
-249
3258
-2588
258
5956
-797
-1849
-4469
-1417
-1438
2303
-331
1453
-618
5003
44
-2968
-1338
5337
568
-2455
-1580
5457
3534
-3262
-1075
-1955
-2526
4537
-1218
1319
596
2682
1431
1013
4605
2514
165
0
1313
1065
7066
4728
1886
1509
4971
1383
7698
-4051
-3906
-4771
-1631
-4353
-1099
-4434
-7025
-3083
-3011
-4892
-7283
-3230
-4534
-2561
-4840
-3517
-1235
-535
-3382
-4319
-2776
-4377
370
-506
-2562
-2425
-1431
-6479
-2343
-1197
-4686
-2593
-4231
-1093
-2514
-7738
-4971
-4194
-5529
-5860
-6709
-4513
1134
-4887
-6149
-10881
-2505
-287
-1962
-1650
-3968
-10111
-6468
-2914
-3213
-2441
-6730
-3106
-3067
-4635
-3162
-3754
819
-2185
-473
-3807
-3880
-4281
-824
-4983
-4262
18
-1610
381
-6255
-10534
-6513
-4592
-3699
-2967
-4732
-5858
-2403
-2157
-6178
-5680
518
-4225
-700
-2694
-3342
-5340
-9224
-6178
-4169
195
-4248
-6152
-4900
-4616
-559
-2674
-5479
-3036
-7559
-9055
-3457
-5138
-9868
-4192
-4812
-6207
-2015
-5387
-1086
-3675
-6244
-5663
-7755
2897
-6221
-9590
-3933
-6321
1212
948
-5238
-4355
-5645
-8028
748
-5281
-8781
-3155
1047
-4851
-3496
-6546
-3562
-5331
-7053
-8349
-3605
-5664
-5932
-5408
-6187
-5948
-1092
-1828
-791
1601
2842
-5124
-2588
-2299
-550
-7365
-3263
-801
561
-4396
-2058
-8538
-11655
-11562
-4908
-7870
-8096
-4509
-1306
-2003
-6263
-3954
-2365
-1597
-99
-5392
-3496
-707
527
-4243
-876
-4811
-1794
-1249
695
-4447
-13682
-10146
-4725
326
-5192
-8028
-2603
-5308
-4139
-5369
-6544
-7797
-5989
-5248
-3497
-1226
-3364
646
-1302
-3733
-1269
-3533
-4265
-7267
-11894
-8546
-8964
-1039
-2158
-4120
-4440
-1028
-2269
-3820
-4718
-7303
-5547
-4327
-6125
-3041
-3705
-3927
-6770
-2703
-5756
-5371
-7526
-11789
-10377
-7037
-4551
-1705
-3813
-3846
-3211
-4045
-7323
-4816
-1757
-2838
-6517
-6173
-6250
-4604
-1670
42
-5234
-1258
-7113
-2780
453
-5370
-6371
-7299
-3678
1514
-1858
-2664
-5303
-2445
-6035
-3522
-1988
-3552
-2171
1264
-4976
-3160
-4974
-141
-6372
2273
-1781
-3607
-2035
-3358
-4183
-4981
-5929
-1417
-5339
-2760
-1062
-2009
-4325
-5368
897
-2804
-4680
707
-2940
-6989
-5946
-2574
-3261
-3240
547
-5083
-4463
-5006
-3724
-6680
-4831
-2294
-3082
-736
-4083
-2115
-2730
-3118
292
925
-4149
-4898
1013
-3669
-2084
-2080
-2262
-3613
-10764
-6568
-2952
-2241
-5315
-8123
-4924
-2070
-2297
-3310
-5715
-2448
-5116
-6899
-4364
-3784
-2438
-5671
-1481
-3102
109
-2557
-3013
-2816
-6792
-4010
-7123
-1568
-8444
-9992
-7305
154
-3
-2762
-1913
-1045
2481
-3306
-5090
-3711
-1731
1132
-1249
-3605
-3219
-4332
-374
2851
-1636
-3291
-8374
-4436
-11982
-10525
-7967
-301
-3022
-1573
-4221
-1359
-1680
-3090
-2354
-3832
-1290
-5439
653
-310
-7292
-5318
-2738
-89
-3087
-3447
-3882
-4210
-13793
-9161
-2165
-808
-1674
-3688
-5199
-3944
-2272
-4860
-1221
-5849
-1272
-3648
-3191
-4379
-5284
-7969
-5741
-7337
-5970
-2172
-4899
-3575
-6685
-6383
-3299
-374
-5672
-1344
-927
-5983
-1897
-7070
-4904
820
-3284
-1672
-5164
-2631
711
-3314
-4256
-3202
-2271
-2105
-6238
-964
-5806
-8082
-6922
30
-3477
-3886
-1656
-761
-3070
-8695
-9048
-2407
762
1944
-3023
-4388
-2434
-3768
-4445
-4715
-4930
-966
-1767
-1759
-4471
-6812
-8648
-1190
939
-1423
-3309
944
-4794
-3872
-3273
-7606
-3032
-4442
-4575
-1713
-6986
-4462
-3829
-993
-2758
-4041
-5143
-4068
-8125
-4261
-4887
642
-2992
-2358
-3571
1876
-2189
-1124
-1594
-2275
-6274
-11995
-4011
474
-1961
-2295
-3255
-552
-743
-2875
-3703
-5478
-10559
-6154
-5052
-1080
-3264
221
-3709
1522
-670
-882
-256
205
-7917
-8051
-5048
-5316
-5635
-4409
-5451
-2822
-1135
-5291
-8718
-8115
-8451
-6843
-5356
-1987
-5066
-3294
-2834
-253
65
-2857
-3456
-3618
-9316
-4594
-928
-5044
-6233
-1504
-6318
-2841
-2483
-6021
-7782
-4893
-4303
-5523
-5658
-1490
-3690
-5896
-4564
-4677
-4747
-3530
-1065
-1360
-5760
-5854
-2138
-4303
-1960
536
-6549
-9040
-7242
-7108
-4872
-4062
-8371
-6760
-3258
-928
-2135
-6023
-8855
-5352
-6798
-4603
-3134
-3073
-5036
-3647
-1178
-3163
-3569
-1780
-1878
-4483
-5604
-2653
-7716
-5038
-7776
-6385
-5376
-1456
-4096
-6316
-5496
-5371
-6285
-2004
-5608
-3160
-3614
-2364
-3532
-4655
-4086
-2726
-1407
-4808
-4461
-4282
-7791
-7769
-10942
-9927
-5251
-1308
-1516
-6616
-4423
-2775
-2555
-2594
-1810
-470
-3961
-5398
-6777
-5576
-1976
30
-1358
-8496
-5042
-1060
-4697
-7288
-6299
-6827
-3215
2301
2634
3965
6399
4900
2780
4768
6470
3571
3989
6725
2340
5526
4158
6490
6162
7339
5755
5495
6021
5495
6463
4248
4449
2469
3014
306
999
-1451
-497
4447
2779
1012
1241
2533
4552
4794
2638
2072
1823
4959
-757
-2310
1510
2687
222
-2495
1633
-1483
-1632
-83
-2692
4322
1699
2880
3442
4293
2123
351
5160
3471
6140
4491
4513
2826
3802
168
3162
1768
2533
1045
-3621
2627
-798
4021
783
1391
2119
236
700
1656
5008
3620
304
-2683
-2285
2862
2552
1266
-1643
3653
5440
-4428
2801
1184
-1090
1045
-5419
1076
1046
2584
1530
-1066
-212
5734
4339
933
627
3262
5306
2859
1131
589
984
4691
-1720
2410
-1254
-616
-252
686
2858
2235
1750
-3736
-1934
5662
5017
4975
1228
1114
2232
1305
3232
1510
122
438
20
339
-1289
1800
-2066
1436
727
2962
1797
3375
2242
3496
-3022
4125
2013
6024
5533
4992
1513
-1627
599
-2281
-302
1230
556
1949
5404
1685
1970
-3180
-1735
3590
-5818
1280
-897
3839
2247
1795
407
1182
-1097
2341
3241
3220
3105
-1530
-749
1796
7321
2929
3714
2865
-344
3718
2462
1445
-815
-1901
-2491
-2641
3821
3358
-2045
4104
2123
-2846
1588
-2314
-3541
-1147
1788
2134
7048
-385
3995
-1680
873
3864
-979
-798
24
-2146
1222
399
113
-1820
3739
-2221
-363
4177
5758
5843
3005
789
4850
-1918
1282
-523
-2424
593
1958
-4352
1176
-2465
-298
1226
3390
210
4351
1882
1166
2330
382
-6629
-2332
2484
-799
7832
-917
3344
288
-518
648
-2339
-1383
-4883
5470
3134
-2623
6889
3021
-947
1681
1333
105
3154
6063
4644
1909
-1772
-291
3086
-426
216
3239
2615
2348
1544
3609
4531
1266
5294
2692
810
1014
31
1855
-885
260
-891
-459
3835
-785
1663
3542
2861
414
-897
160
-303
576
-366
3718
1399
887
-11
-180
4018
-3014
1125
3637
-2560
914
6908
-2406
2946
2158
1710
3189
1924
2750
2439
4386
-3607
2555
1479
-1026
-849
2323
2329
-1064
4191
2791
4014
902
2385
2816
2780
1564
2081
2921
953
2280
-3730
1236
6853
8917
390
1569
3522
855
-4401
1954
3303
1496
1272
-2164
1702
3050
3097
-34
931
1691
-271
-217
2700
916
3272
-623
5727
3837
4275
2775
1798
-849
167
2261
3223
-629
985
-342
-3501
-2115
-1752
4306
3570
7267
1100
-1714
4915
2559
-415
2571
148
1683
-1312
5628
3736
815
-795
-1018
4032
-1985
3149
-1252
3404
2552
-2955
-1233
3697
1921
2511
-799
2347
798
3964
4878
393
652
-221
-222
-2168
1233
2865
1048
878
-1976
3358
2836
1233
1151
1322
-498
-417
-847
1783
-1660
2243
4434
4931
-374
6060
2922
2459
-633
3846
-2915
4822
4424
3997
430
-1570
406
-632
-1118
582
1738
3395
5510
3489
2814
-32
1197
736
1303
1683
5511
-744
1727
3075
-1266
-304
-872
4275
3561
3068
2398
2238
4253
1104
4995
-148
2030
1849
2266
5355
5257
851
14
4368
785
2092
4007
3877
1788
971
-101
3076
1748
-1149
3054
4602
1199
5527
6281
1607
1180
51
3072
-705
359
3716
914
-1194
1333
-400
4369
1354
-884
-2225
-1300
-1143
-1746
1136
733
6
3899
1040
-2080
10
-4623
1204
3949
-376
1713
4067
4518
3430
1358
4276
4207
1980
3412
2764
2278
1622
2995
3513
-704
425
-295
-436
-193
1866
-1354
1941
5298
-199
2992
2005
-180
1505
1442
-3022
219
3991
3245
-1716
2469
1094
2854
-482
-793
1012
631
5539
3486
1580
-2128
-1723
1131
3284
4554
3575
-3118
-1758
655
-2738
832
1935
340
1132
-1800
2330
3015
2521
-913
-5603
-568
2572
4412
-417
3490
1245
480
-1490
-529
2446
1173
1189
4185
-47
2554
1826
510
-574
-4236
2800
140
612
2841
2331
-1117
-113
-207
-822
-208
1633
269
1880
-4150
-1674
9
1648
-189
-2424
-1303
1087
305
3845
180
-2548
1956
-52
-6191
1761
-1201
190
-4467
2206
-1395
639
-2962
-6664
-637
883
-1546
-2344
-625
535
-1560
-2303
-815
-3766
-1294
-2344
-2349
-4596
-6545
-4834
-5089
-5249
-4534
-5309
-5365
-6527
-3687
-3845
-7057
-4639
-4348
-6131
-3557
-4137
-4416
-4959
-3087
-2764
-4364
-1446
1318
-1008
3922
2417
-4753
1073
1567
-2722
-2932
1627
1903
2351
685
-1134
-1404
1808
2205
-1418
-854
-923
415
840
-734
-1285
4494
-484
1264
673
-5554
-5477
-1955
-5204
-3818
-1048
1467
-819
-2308
-503
-457
-313
-2212
-4612
-855
583
-3382
-2030
-3770
-1600
-2458
1483
-2387
-3683
-3110
-3188
-2362
-3349
-952
-467
-629
-1561
-1287
-810
1508
-553
-1788
-2716
-1396
-3023
1570
-491
-3451
-1326
250
-42
-388
-328
-2024
610
-2500
-2708
-3536
-2534
-3537
-3117
-4547
-4670
408
-4834
-6928
-1762
-1840
-594
-6050
-1600
-3250
-2780
-1963
-994
1408
-1664
-4103
-1629
-1045
-1662
-3178
-838
-2652
-4531
-4763
-5527
-3259
-3704
-4330
-1417
-4975
1507
-2661
-74
-4129
-2993
-403
-1949
1937
-1831
-4485
-1009
1536
-1575
-3171
-4845
-358
-2542
-2180
680
-31
-4111
-2194
-1036
-4026
-6862
-3623
-255
-3287
-3542
-569
1163
383
1260
-2919
-3403
-6226
-163
731
-1032
2382
-225
-2455
507
-2962
-1705
-2102
-1317
-1782
-2544
-1518
-2931
-6148
-2527
3094
4178
-261
-6038
-1094
-2802
-5595
-2383
-3943
-280
-2457
-3809
-2836
-4323
-4338
-3467
1958
-1294
141
-2714
154
-457
-623
-3927
449
264
-4601
-5195
-512
-1016
-3149
-2267
-2937
-4203
-6279
-5979
-3095
-4993
-4701
-2177
1300
1922
297
4115
-109
-3547
454
-1935
377
71
-2482
-1842
-760
-1415
-133
1129
276
-1335
747
-2347
-4497
-1963
-3229
-196
-3833
-1652
-1749
804
46
-904
-675
-2817
-2274
3265
-4518
-3419
-3112
-1261
-4492
-6062
-1827
-2578
-1190
1238
-4288
496
1019
-2591
2322
-2585
-2918
-1154
-3391
-1561
699
-1253
-3519
1091
1106
701
1767
-708
-1280
1555
-3632
160
-3187
-191
-3372
3585
-1555
-5684
578
-135
-4528
-3182
-1806
-733
-1822
24
-580
5081
-1249
-1959
-364
1010
-2543
-1767
-3016
-1136
-2637
-2822
-1790
-1913
-1432
-5344
-260
-3824
-1359
-4178
2698
39
-2079
-858
3093
1400
-2619
-1308
-2769
-1745
-2586
-3306
-249
1745
-1335
-3478
-3753
-3701
-1815
-3426
-3177
-2747
-3350
-2615
-4588
-2874
-1147
-730
3698
1430
885
-655
-3289
-2193
-3267
-425
-2833
-2775
-622
436
-4113
-4498
-5873
-5462
-3
-1527
-2991
-3239
-2369
1442
-6733
1792
3069
-2052
-4466
-404
1364
-3103
-3278
-2548
-2273
-2475
-2385
-3753
-955
-4806
-5216
-3575
3356
-4459
3444
1479
2246
442
-3039
-2825
-271
900
-2706
-1209
-1882
-2012
-3256
2775
-994
-583
-5094
-4835
-8634
-2164
-2423
-4091
-2877
-3604
642
2799
2292
-1227
-5550
159
-2802
11
-320
-1782
-3537
1087
1311
694
-2158
-5755
-4143
-2911
-2896
2098
-1405
-2334
-4204
-4818
-3829
-1365
-5037
-2908
1344
-128
541
3834
195
-252
-665
-1643
-5868
-3980
-539
-3781
-303
-1540
-5885
-782
1792
675
-397
-4145
-3195
-5135
-1562
3144
-456
-1569
-1830
1169
-997
-1663
681
-8210
-480
-337
1220
-657
-2652
-642
-4958
-2570
-676
93
-2217
-865
-3168
-3504
-669
-2255
-5032
916
1987
1298
3471
-1507
-4327
-3565
-984
-1738
57
180
-1438
-1704
-2208
-1857
-2160
-2534
776
-2449
-5365
-4102
-6083
-2900
-216
-1495
77
-1584
1911
-1912
-1483
-1022
2420
2895
-3297
-1616
-4302
-4777
-1003
-3099
-2999
-1682
-4632
-2494
2026
-1837
-3280
-3546
-4234
-1242
-591
-663
-670
-718
-883
-3342
-3706
-631
-2558
-1866
-69
-1177
-2613
-2131
1439
-1011
-1362
2683
395
501
-1776
-305
-2652
-202
5
2226
688
-3091
-4417
-3006
-1691
-3176
1698
-2991
-4705
-3150
-6257
-1806
-979
-382
-947
-3488
335
-2615
-1831
-1814
-2188
688
2228
2335
-267
-3989
-1711
-884
279
-161
-1067
-1921
-4806
-2151
9
-2556
-332
-3541
721
945
510
-975
1995
-935
-2905
460
1976
-709
-1462
-1084
489
1521
278
602
60
1817
-4321
824
-1093
-1854
-772
2253
-697
-1461
-2291
-4772
-986
1145
-4056
-2274
7228
8319
7223
9156
6126
6425
-388
1509
1214
4320
3475
5241
2101
2322
1006
4440
3753
-17
-166
5357
6035
4772
2195
-2271
1074
-1379
1115
-5658
-3593
465
-768
-4857
-1537
-2356
388
-2228
-2323
-1906
-1486
-805
-155
-1646
19
-3210
-2329
-3769
-1354
-3440
-6208
-9436
-5711
-6121
-5715
-4499
-5694
-8938
-5731
-2353
-3699
-3835
126
-6444
-5526
-4538
-4725
-4643
-5370
-7249
-3336
-9056
-7578
-152
-6543
-2637
-6714
-12979
-7535
-5897
-6501
-5792
-1913
-4516
-4339
-5958
-6425
-5942
-3706
-5624
-3239
-4068
-2959
2339
-4664
-9220
-2754
-4394
-3339
-6703
-7063
-8437
-6147
-4297
-5247
-2428
-5247
-6891
-2603
-3512
-5217
-6137
-5774
-5216
305
-4320
-459
-5686
-8761
-4410
-9869
-354
-9051
-6076
-888
-2294
-7105
-7235
-6455
-2318
-999
-3496
-5486
-4223
-8751
-5035
-6952
-6812
-256
-4013
-8863
-6357
-2189
-5909
-7568
-2976
-8623
-7038
-2681
-4787
-3238
-5203
-3734
-2405
-4952
-7653
-4074
-4469
-3846
-6981
-7904
-2390
-5226
-8265
-4129
-3835
-1928
-13153
-5866
-6802
-6673
-10747
-3385
-2848
-2227
-4208
-4609
-4725
-2148
-3045
-1412
-6521
-5443
-7219
-7196
-7054
-6602
-6915
-3181
-6394
-5802
-6747
-11828
-3383
-10867
-7638
-7982
-5120
-2113
-617
-4250
-3324
-5196
-7005
-3227
-7839
-5593
-4512
-4003
-4878
-5004
-3177
-6288
-338
-6221
-13570
-5700
-4459
-7572
-6091
-3016
-2026
-6848
-8959
-3153
-4050
-5733
-184
-4827
-3124
-3722
-3675
-2314
-4798
-2915
-5769
-665
-5060
-10371
-5358
-6426
-3013
-10334
-5565
-3180
-771
-4308
-1876
-7196
-3330
-3701
-175
-1024
-4319
-2001
-1143
-4493
-170
-6062
-5633
-752
-5252
-7719
-9114
-13482
-2498
-6871
-7515
-3829
-1433
-4192
-6459
-5631
-6091
-6581
405
-4372
-5455
-5255
-3302
-4383
-9470
-5504
-5179
-10909
-6577
-4473
-9017
-4890
-5316
-5485
-6107
-6609
-6030
-6336
-5192
-2188
-3338
-8720
-5223
-6747
-7980
-5411
-4549
-7758
-4811
-4708
-6873
1109
-6414
-6766
-7134
-6278
-4646
-6994
-8984
-5716
-7728
-1472
-1834
-4478
-2973
-5540
-3834
-2110
-5063
1850
-2807
-6245
-696
-9326
-3446
-2940
-7192
-2775
-8865
-6642
-2512
-5323
-1302
-7363
-4027
-3534
-4660
-7128
-7047
-4991
-8632
-1743
-3248
-2442
-3744
-2195
-2669
-7255
-3495
-7175
-4733
-8911
-4883
-8891
-6111
-1007
-5540
-5079
-4900
-4818
-6282
-3069
-5879
-4730
-8622
485
-2642
-4813
-5565
-3141
-4632
-2704
-4400
-4064
-3186
-8795
-5307
-7486
-1654
-8841
-8744
-4803
-3668
-4581
-5715
-2905
-3191
-5986
-2804
181
-3970
-5574
-6226
-3286
-5135
-3626
-7731
-6628
-6473
-8839
-11539
-4523
-4430
-4788
-6864
-947
671
-3174
-5431
-5973
-4240
-2626
-5199
-3773
-5169
-3093
-1722
-5469
-1128
-4757
-6051
-10020
-7515
-5757
-6486
-8108
-2065
-5939
-6950
-3478
-4747
-3221
-5557
-3344
-147
-5314
-2373
-3541
-4784
-5916
-6318
-202
-1384
-7210
-6492
-1997
-7143
-10800
-10660
-5385
-1660
-3423
-4724
-7753
-6724
-3175
-2095
-8520
-5514
-2944
-6861
-5617
-7055
-8328
-6410
-5895
-4711
-6475
-4045
-6258
-2959
-3529
-4531
-7655
-4205
-5032
-3907
-7185
-2800
-6085
-3209
-4070
-5662
-4698
-6475
-2886
-1317
-4822
-4292
-3956
-4778
-8876
-5410
-3611
-4462
-4838
-7050
-12612
-5027
-10177
-8426
-6914
-3994
-6949
-930
858
-3018
-2467
-7847
-3563
-6165
-5656
-3201
-6266
-7818
-9175
-5864
-3572
-1925
-8481
-6977
-5429
-4659
-7841
-7507
-9421
-6131
-5981
-6163
-8463
-5375
-5246
-5266
-3086
-1901
-1847
-3127
-3271
-5953
-1409
-4241
-4509
-7067
-5323
-3656
-7099
-262
-3331
-8189
-5110
-4447
-9125
-3650
-2692
-3444
-11053
-8407
-7977
-4669
-5564
-5531
-4534
-2507
-6025
-5099
-4848
-10752
-8279
-5949
-9147
-2139
-4092
-6868
-3093
-5353
-4578
-2342
-1309
-7780
-10050
-10208
-5905
-4089
-4389
-4954
-9207
-2263
-2032
1029
-12124
-6071
-669
-5706
-6116
-4221
-1904
-6934
-4111
-2410
-4296
-4844
-3124
-5861
-4271
-7845
-3824
-5654
-3429
-7404
-6225
-5137
-3888
-1136
-9854
-2860
-7790
-13883
-7039
330
-2495
-6222
-6394
-5400
-5561
-2301
-2519
-2536
-6824
-6720
-3884
-7304
-5644
-6176
-5409
-8034
-4463
-8899
-12288
-5775
-5984
-8983
-6629
-3123
-7632
-6869
-5155
-4091
-4600
-6119
-1723
-4366
-1761
-3639
-3200
-5282
-3288
-1831
-2488
-5460
317
-1102
-6016
-5154
-5726
-12530
-7619
-1206
-3130
-2755
-7432
-6328
-6350
-7641
-703
-4265
-3412
-8528
-3954
-9637
-7089
-1954
-5613
-9963
-9092
-7461
-4479
-7255
-6987
-4365
-9501
-4471
-3861
-5366
1290
353
-571
-5899
-3914
-727
-1838
-703
-4995
-1790
-1185
-869
-2573
-825
-1328
-1483
-3855
-264
-1197
-4990
-1877
-1337
-1580
-282
1059
-4047
3397
1892
32
807
-912
2791
-811
1956
346
-1082
1558
2498
-1554
901
941
-305
-244
881
1472
885
-2534
-569
-406
4776
4333
791
-225
733
-1301
282
3119
3021
-1899
-1127
-580
1065
1610
297
-727
2612
-300
2811
-140
1234
-565
4618
5941
1825
2833
-2170
1122
3135
2012
-1135
1174
-2682
2023
-2087
-1610
1545
3655
220
4278
-1134
823
-2440
5
4091
-350
1817
5407
2419
3178
188
4374
3509
692
1543
3715
2780
2121
5457
3144
3683
594
-184
-3124
-232
606
-1527
998
2212
3411
558
-1210
496
1526
2219
3517
1252
5098
-1488
1675
2119
7510
4529
2253
584
2983
-925
1288
3270
-739
-39
2464
176
1367
1626
-551
2478
937
-754
-128
6997
5582
3737
-1017
167
429
-345
1188
393
1388
-757
1518
3026
2139
770
-712
-583
-755
2249
-1471
-1322
-936
-272
1991
604
76
5457
4120
-710
5176
2622
822
2511
2237
-4813
-1227
1259
-2475
2731
1274
1983
2444
-613
-1276
2100
2514
549
6348
424
-78
5912
689
405
4187
-584
2464
-146
418
-1468
-203
-3138
765
-1095
-2287
22
1264
-1466
4560
2208
140
4364
1652
1120
2094
-707
2215
1586
-920
-25
-901
-891
3280
1204
3479
714
-2610
-3431
3185
2743
116
-1681
-129
370
-484
3965
2929
565
156
-3001
-2168
-1688
-3071
1069
-2649
532
3229
2816
336
602
-1719
-5
2257
2807
2669
2472
1911
1150
1334
1126
2478
1488
4575
4037
3638
-366
4178
2216
-4654
-882
3341
2903
2798
-3899
2261
-57
-50
288
357
1603
-1147
915
-243
637
415
2457
2141
4510
2939
374
900
-3775
1987
2272
1745
-2094
620
-2596
-2204
-2042
-1621
2170
2007
-363
2219
2319
4274
-2290
3293
4925
-1024
311
3217
-2012
1173
-1567
782
-2407
-2350
3820
868
-2826
-3696
391
2489
735
1307
981
1022
5317
451
-1621
2045
2965
146
2377
2457
1342
3228
1843
2711
469
1912
771
1605
3095
2522
3397
2203
-861
-1808
2747
675
844
3193
1811
677
136
-122
3931
3150
3837
3768
6210
-760
2045
1383
-1555
-1981
-3678
-858
-1871
624
2466
797
7329
2049
1083
-206
1101
-406
225
1794
-1004
2377
2777
-109
2166
395
-1389
213
695
-1161
-2536
2967
-1665
-131
438
1310
2042
2117
5053
3344
-2108
2174
3068
-735
445
808
414
1119
-1700
1925
1458
3017
3137
-913
52
625
-823
-3839
690
340
-978
-2364
1808
3492
-2934
-3034
781
995
258
1440
-1132
1662
377
-2213
16
1380
496
3401
2158
2427
3664
-1039
-2145
1943
-1118
-1388
2577
-217
-1169
261
2241
-621
774
1014
840
-2065
1793
1646
-1837
1146
1568
4229
-865
-41
2982
-849
1664
-965
-2496
382
43
-1214
-1670
692
2022
-3247
1583
2997
719
3096
-236
-2629
393
1791
1664
1250
3823
2614
2641
847
-2029
-2906
-2820
-3704
829
-1663
-2456
3681
-814
-3266
-432
1627
-1764
2062
-811
1796
2614
-947
-66
2672
1229
4527
-2793
1723
1528
7121
2533
838
-2487
-1620
-3268
-1772
-2302
467
2018
-157
-128
1599
-2464
2030
-135
1138
3023
-921
274
2339
1394
1176
2073
2800
1247
2200
2020
1219
1233
5316
-688
1628
-47
1515
-2611
147
2968
-1662
-1492
2659
-185
404
1200
-2425
-3786
2861
2611
832
-2231
-951
1181
4207
4176
3197
746
4140
1029
910
-2333
3231
2597
1656
-598
1084
3571
-347
-2522
-4505
-2860
1126
2103
-1077
344
-300
885
466
3573
-1755
-3651
-742
4752
1616
-2926
132
888
1270
-2970
-1141
-927
4667
-2904
-298
1935
2442
-1290
-1052
598
2749
2336
-302
122
1236
-490
-1568
1777
-1580
3325
-919
1057
2690
3048
2142
3733
6577
5111
1620
2182
1648
1080
2547
-2231
-4849
-700
6068
-1011
-816
651
-3618
-810
-2054
-1978
-806
275
1426
-3219
-2208
-993
3201
580
-1736
-2811
-313
-2248
3515
56
4179
1116
4218
3686
5123
4646
3518
3001
6059
4421
3076
3684
4407
179
3956
3314
3616
3999
4731
897
8317
-3812
3271
1228
4044
3058
2632
3136
2908
5082
2928
4814
4225
639
3348
2905
3120
-252
3130
4502
4226
3339
2882
1634
4907
-1685
-515
7298
3315
3631
7044
2769
1904
5726
3361
5869
2107
3547
1754
4686
5780
-2
4095
1961
4814
3428
5893
1400
4110
-2172
6371
6924
4574
2406
4811
4748
3562
968
3992
2399
80
1248
4713
632
1447
4097
1897
2836
4623
-565
2051
7299
3731
-3917
2315
5521
4278
3883
9486
2532
-1998
2560
3992
1400
6882
2178
5360
2277
2618
-1285
3706
5532
852
-1130
1527
7339
5850
-2427
5345
4364
2815
3924
8139
6243
2911
2656
318
1647
1292
5636
1103
-2038
187
852
987
2402
4072
2606
5516
2817
5072
-1002
5820
1421
7710
1521
1280
4435
-1376
4342
1489
-2001
-2672
4827
2783
-122
-761
4972
2450
4202
4152
1603
7775
6321
3333
2166
3639
7827
4402
-379
3203
5138
3718
2429
2204
-113
-2251
4455
-1276
5428
1020
1001
4863
3407
-469
3780
3603
5436
4001
1969
2844
5308
3080
1249
3072
1813
3002
1818
3773
-3351
-2744
1813
-1078
-1003
5172
651
3522
-967
1526
7187
2996
2308
8359
-2028
4253
5016
3360
2161
2389
3750
1896
6720
4030
26
-698
1464
4186
3239
3453
5807
4341
1605
4577
4622
1139
5556
4686
2555
3623
7970
2973
2716
2008
761
2377
2812
4120
1587
1073
2518
-159
640
-3509
4801
1877
3542
18
2755
5910
4719
5830
3421
2930
9847
1677
1809
875
263
4747
4417
1825
6893
1497
5338
2537
5207
5903
1826
5252
2409
4802
2865
6981
4722
3423
1510
4770
4549
-61
2024
3750
1406
-1852
6278
-1619
1004
-1753
2954
2451
1040
2818
1708
2341
1394
4740
2695
3880
2059
4125
-224
2799
4343
1310
1861
4069
1057
6046
5031
1403
4513
1014
2712
3342
311
-830
7580
4192
5834
4994
1600
-1734
59
1839
1518
3771
7768
543
2382
-1317
2093
1736
2668
3498
-139
1214
1591
1344
747
355
3912
1132
2498
5128
3064
4115
3527
3289
1
5262
6301
802
1789
-2173
1541
4235
3229
3280
1753
2723
4426
55
3900
1752
-794
-1768
2304
5445
8504
3284
43
4741
-543
2997
4848
737
1989
1115
49
5272
6031
3219
1840
3184
4724
1318
4582
2526
2331
425
-235
2978
5928
4915
2025
5204
-1125
2796
4067
6645
5701
3591
235
2781
2306
-1313
2227
-889
4602
3840
5528
3409
1852
2778
-1805
4441
3503
5117
5713
5768
-1393
2103
3803
5266
1408
2522
3955
6022
4313
343
5419
94
5150
4795
3842
5238
3280
-147
275
4381
2534
3648
5975
1765
442
3959
3584
5922
4019
4067
7479
4220
4757
2088
-176
3216
3483
3595
3603
2903
1616
2553
4995
2801
5366
5354
4057
-127
-3608
2306
4657
4280
3458
6225
3047
2913
1008
2939
-1652
7122
2460
1002
4097
3687
1881
-1112
2593
442
6566
6262
5945
-498
-6177
750
3411
1884
547
5780
5909
2978
-2451
2873
7187
3917
-819
5718
3555
3961
1726
2749
-1906
4984
6753
2391
6294
3387
-2456
4581
5136
3692
-3185
1724
1880
-2711
-2836
1595
7368
4590
694
7266
6073
3323
-147
2566
246
3383
3393
-1625
8612
4046
-363
3935
2007
4918
-1708
1475
2568
35
5239
903
9436
5410
7
3783
6689
-1747
3025
348
-1248
7686
675
4734
6209
2582
648
4120
3550
4581
2479
2772
-7
4978
636
-524
1721
5650
-3439
-109
217
-1138
6417
2109
4998
1794
5154
353
823
4404
-851
8335
1835
2323
2843
2682
4326
2374
1382
7393
-531
3241
1171
1516
141
2515
5103
-287
791
-1871
3435
3773
4031
4685
-2487
3596
1425
5974
5066
-288
2400
-2229
240
4980
2553
1248
3947
3290
4865
2877
2028
6865
7108
117
3668
5471
4490
2920
-2073
-143
903
-95
2457
-4684
-987
-1482
549
-2447
1870
1509
-1680
2637
35
1570
-529
144
5440
4247
4759
6707
2141
1554
-113
-3110
-4233
-1836
2225
1090
-2903
-5830
-571
-5380
-5691
-4312
-4864
-2082
-831
-3044
2378
-1481
-2027
-5870
-3619
-1630
79
-3480
274
-2178
-1508
-1242
-3091
-3165
-2406
-293
-2369
-648
-1964
1401
3
-1193
-1355
-2976
-624
-2646
-1758
-1566
-3212
-2795
1034
-1673
-2803
894
-802
3886
1008
-1355
1357
2602
1740
886
3529
71
-729
925
3207
688
-2236
-2212
1516
-1433
-2194
1971
-2063
-2088
1508
-1153
-3724
1945
2168
-1428
-2529
-3943
-933
-3336
-1354
-4765
-303
-2701
-478
985
-296
-2329
-1230
399
-249
3865
2880
-1378
712
4848
-1018
1712
-212
-35
-2563
-2630
-1520
1486
-2534
-507
1319
60
-3174
-2258
1270
-1943
-2898
928
1265
28
2980
-3906
-1263
-2473
1174
1080
-745
-904
-881
1205
-2766
1056
2829
1716
-810
-393
-685
-2795
-2943
101
-3562
-3125
-964
-1382
1377
-5220
903
3595
3006
-2061
-3199
105
-1370
1106
691
-1765
-2066
-3029
-4062
1573
-560
-2389
-1612
-3238
841
3506
-2074
-2689
-1687
-8
-261
1354
1173
4076
-1781
-812
-2450
-1962
-625
-2346
-1726
374
-3048
-543
-3635
-1947
-663
260
4258
2862
1968
148
436
-4151
2960
-2063
1333
-3879
-2250
-981
341
-924
-2035
-507
-2434
-4116
-7580
-2496
-2316
-2167
1530
-1962
-402
1164
3704
4705
4239
-1007
-627
1160
-1659
3541
-2828
-3459
-1983
882
-4157
-2874
2634
3114
1791
-2152
-1982
4301
299
78
-187
-2743
-2814
2378
-2
-747
883
497
3451
3310
-311
-875
1102
2458
-1174
-4431
-5270
-1140
-4937
-1795
253
-1987
-519
-4161
-1288
666
-2638
-6823
-989
-1391
537
-1325
24
-590
-192
-612
-3690
-1298
-4597
-1120
-3798
-1633
-4129
-2868
47
-727
-419
-1529
-782
-1191
-1649
-169
2085
-457
-37
-4549
-2683
-5099
-1621
-2011
-754
-173
-2868
-2195
266
-2729
-797
-2512
-1141
-2129
-4007
2171
-3691
-344
4292
-2983
570
-4793
573
2111
-600
-569
971
-1238
-3374
-2046
783
-1200
-3665
1183
-4018
-1888
1873
-923
-2277
818
-828
-2453
-1775
-4998
-286
-2600
3270
-343
1009
980
-553
920
-3826
-2136
-1054
-1589
-5019
-3612
-934
-2484
-2939
-259
3804
4367
1882
-1599
-4325
-1276
1008
-3638
1157
-2695
-3075
-3660
-1399
65
-33
-1164
-1933
449
731
-3852
-1683
-2207
-2200
-4036
671
450
3389
3764
524
2975
1932
-3673
1788
-2120
-3444
-1101
298
-3507
-1201
-3064
231
1189
49
-1539
-2427
-5993
-4084
1054
-1267
-5793
-2394
-86
4793
2944
3485
-1842
986
932
5042
689
-2690
-1397
792
-113
-533
1068
-3579
-2162
-3688
-2970
-4484
-2457
-1499
-1773
735
-3928
-627
3672
1316
-1245
1080
-2467
1435
909
-3002
-2811
-4190
-1682
660
-1025
-5797
-889
5161
2535
72
381
2605
402
-2660
1396
-1443
-4075
264
1658
1494
1536
-1788
611
-3066
-4487
-2160
-617
1477
2629
1794
-2196
744
-423
2422
-4150
-1442
-2631
-1478
-2505
-4070
1149
1921
-4223
156
3408
3624
4166
3418
26
2323
198
-155
1658
2603
-381
994
1079
354
-2147
-3880
-3608
-2374
2270
-1779
-427
275
-3792
-2638
-3727
-45
-1004
2267
2359
3123
5743
1400
-812
-3603
1809
531
353
-868
-4275
-312
-1361
1682
-1867
316
-326
-657
-2448
-2266
-4835
-862
-3684
3657
-3454
-2091
-1752
1273
-3869
-935
-2606
3096
-1409
311
-1707
-1439
-1574
4653
-5079
1123
1843
-543
2296
-2562
-2398
-1025
-2775
-3937
-3045
-2562
-657
-1479
-1693
572
-3576
-641
-785
-3301
-5193
-5093
636
1981
4364
3285
-13
70
-2328
-108
-1605
711
-502
-3650
849
-973
-678
-759
-326
-862
-1256
698
-235
-1140
-5273
-3150
1345
2321
-1670
-2408
-1621
-317
-5450
2801
2073
-2656
1744
2263
-2043
-303
-3354
-2030
-4686
3493
-2696
-4006
-4385
-1339
-1807
4782
1169
-678
-1993
1042
3597
3406
-3611
-79
-1552
-1964
3186
-230
1079
862
-3041
187
-2095
554
1379
-2758
-3033
-2147
-2546
-103
-4139
-4650
-1092
2805
1818
3901
-3515
-3528
-794
-1303
1928
-852
-3941
-1718
-2957
-102
-6395
-2619
-485
4800
-118
87
-698
949
-1955
-2581
-17
-228
1798
-1442
-2282
2828
4222
5438
2565
2232
657
2804
3169
4064
5346
4447
3576
3275
1378
798
2487
2082
273
3356
4436
2232
539
3320
1537
2780
4705
4101
1505
6013
4897
3915
1300
2497
3509
510
3343
3021
1748
2789
3081
2344
-1026
2700
3720
1727
2175
5112
389
3484
2685
3947
5049
-1846
-3315
2288
-1119
185
1643
2754
4295
4824
1747
1083
2140
798
2897
5284
2070
859
2183
3192
-1332
3587
5604
4675
7025
2609
-214
3936
1673
766
2751
3853
357
463
1745
96
22
-742
579
6484
472
407
-1077
-1510
386
3209
3874
3317
4116
-240
-1348
1930
1060
-3583
-310
2687
-144
4341
3886
3003
-1163
2812
330
2170
82
-189
1562
-654
203
2341
5801
4669
695
-497
564
5406
2968
548
2310
1161
59
2569
2076
2377
2083
3385
1010
763
3805
4282
3684
-974
-13
3338
3170
5299
2788
1389
256
1390
-106
1087
5742
4673
1014
-1081
2214
-649
208
-790
2828
-915
1684
2688
2852
1676
1716
3983
3404
2944
241
-431
2310
2592
2690
-1415
2437
2937
-300
762
1912
-216
2726
1581
1732
-1357
3949
1884
2705
2314
-1757
3409
3384
4393
3195
2853
-202
2276
4952
137
-206
-2522
-771
-384
-638
-2954
198
2778
506
-454
2577
1470
3490
3598
524
2989
-587
3250
1509
1588
518
91
4257
3021
1328
988
-1372
-1993
-943
-334
3714
2268
4338
2355
-1234
131
2649
2408
-277
4650
3306
3104
3927
-564
-91
1678
-1353
880
2028
1159
463
1057
-1785
1641
380
2748
3514
-1941
836
-1424
3307
3894
1027
4235
4078
5415
4810
-1347
332
-133
1383
4813
-976
-1513
4507
-1312
1843
1722
-2336
1817
2086
2241
3500
788
1282
1026
-1146
6527
7023
6804
3345
2268
1655
-999
25
5255
1627
-2715
1166
-3473
3220
-1601
-2023
1888
792
870
2873
1960
2497
-1132
-634
4254
3737
2450
4533
4120
1806
-2541
2244
3444
2079
2256
181
-2120
2459
2131
-2863
776
4671
2640
3566
2187
3066
-1707
-249
908
2036
4621
1607
1002
-2044
1394
1809
3789
1105
1069
-1241
2517
4286
2443
2241
1510
539
-1399
2224
1813
471
-1293
-109
1802
5369
3522
1242
2392
400
230
350
117
2733
4819
-2790
811
3812
2512
4280
3405
-1233
-1200
3428
2551
1423
262
-1552
2981
4493
2198
2338
1042
563
1757
3085
1094
731
3725
1909
796
2202
3706
186
934
3686
487
1822
-1902
3776
3620
-1411
4734
2095
2326
4248
4113
1852
973
718
-465
3355
-1143
588
383
1529
1259
3267
1333
2253
2442
-2946
1347
165
1379
50
2825
3083
2548
2179
5012
3995
72
610
2095
2859
1001
-48
281
139
1067
1511
3540
1093
1547
-123
3416
4128
-547
624
4396
4471
-374
1440
2483
209
2884
2610
931
-747
588
660
3389
2271
1051
-425
4021
1787
1279
3710
2599
-1864
-918
944
3674
1892
1321
3524
2272
1056
2979
1520
-2493
-1
3092
2148
104
-166
-350
-1165
2419
-1623
2308
1318
3946
1829
1494
302
3327
3710
1081
3566
-104
1805
4550
3628
694
582
1051
2749
-321
-563
5075
740
744
-942
1801
2530
3466
4347
1448
-2014
3653
3226
6172
6110
-156
-1402
-317
579
374
4571
-16
1791
-760
-3365
4726
4117
273
-662
3922
-342
-2968
1354
-1202
2428
1625
1369
4013
2456
362
-2837
2095
2585
894
41
1273
762
1195
1477
2109
294
-298
2860
1601
-868
261
1025
74
2729
2276
3171
2376
145
934
1472
2787
237
4063
373
206
431
2515
102
-1316
-2025
-1883
1359
2594
2102
1461
2978
2913
-2090
3032
1955
3853
2559
1721
1032
3195
133
1852
821
1382
3954
2789
696
-726
-1284
-700
608
3529
201
-1552
1453
3956
-1688
2037
3158
357
683
4173
3865
2383
-395
1620
-93
818
1664
350
844
934
3293
1914
2294
7667
2408
-2249
-659
2662
-668
1820
-663
-686
-3451
-959
-348
-1279
-1438
-1735
-2253
-914
1077
-972
-773
975
1086
-2862
-3103
4377
813
565
-8
-591
-367
1966
4151
2486
-228
-159
-1163
3027
931
1268
1569
2401
935
1909
1098
4073
778
2954
165
2247
600
1271
-1954
92
3013
2041
4694
3488
-552
-2931
2024
1171
-123
2516
1757
3093
3217
2828
1370
1825
-361
172
-1260
3440
5659
1552
877
1040
4345
-336
5711
2456
10139
2509
3583
-2024
136
2188
3484
2602
1457
3282
1652
1474
-611
419
2464
1956
3961
3920
2610
1135
1872
-504
-1181
479
2146
2081
255
-2414
-172
663
-157
1161
1156
261
768
-477
3411
-1875
2553
2380
-319
1459
-1153
5596
1772
-3142
-2994
-707
3611
162
2314
2118
996
707
1971
3968
466
5210
4674
3536
-1277
1476
2506
1179
-598
-35
1288
4748
4044
1402
1963
3009
594
698
3609
2941
467
1511
3073
1232
3962
3685
-301
1907
-1836
-2099
-147
-1201
2217
1188
-3061
2121
3783
-3411
3443
669
1126
-1174
7726
108
2303
3869
2339
1904
4066
2287
-418
1012
-1221
-1153
-301
1728
689
-1595
1857
60
3736
-1918
3310
1021
2362
3628
2093
3523
-988
185
5111
2937
1872
1583
2182
3282
188
-1173
2394
-1660
1002
-611
-1229
2645
5027
870
2719
4742
3734
1678
-1646
3304
1071
114
2572
2570
-1659
3869
-386
-190
1236
1545
2187
1217
-2095
409
680
3736
-856
-1830
3542
5896
2927
3739
-929
2013
1277
293
3653
1213
-1710
120
-2142
-694
-2354
1197
-671
-891
-4431
4046
6142
3270
454
-1868
3012
3431
3189
1174
-2623
2204
1718
4196
-1168
13
1090
-3095
1388
466
-668
-615
-4553
2168
10
945
-1634
2964
4445
1737
5372
2563
838
-1826
-187
-118
3962
1442
1155
978
615
1908
2276
4340
-1154
1620
521
1192
2807
1846
1526
3871
3646
364
395
1093
-2724
-2265
688
-855
-551
3225
-1873
3773
1630
3056
120
601
474
4783
2354
1011
5095
-225
-1643
2428
5514
-315
3075
-615
1062
73
1761
1580
-741
1408
625
-2244
1425
574
-657
-1333
2184
-1271
-2268
-581
3788
1910
3432
3697
1304
2009
2580
-714
2076
-307
-3254
-1897
981
760
1664
-1129
224
253
-1319
-2381
-2592
-1962
1190
283
1169
2076
61
-449
-1051
4667
2976
2297
186
-959
692
-1772
-1634
3321
3237
1189
-1153
-131
4940
266
-785
-392
-352
856
-1394
2355
3409
2048
-191
759
2584
1020
-139
1253
-615
2175
-1793
1516
436
863
-139
780
420
5426
3144
2256
-463
-1790
273
-989
5434
6463
2294
-1879
1550
1329
-467
203
1176
1881
-580
1024
665
-957
-1671
423
-1718
-2543
4361
3236
408
657
-1008
5285
4084
3451
3497
357
2461
2981
1694
977
2414
-718
3640
2299
618
-2868
3538
1714
-2121
1334
1451
1327
1247
368
-1432
3506
2855
-2171
3382
1855
1378
2316
4540
696
2836
-417
2254
2409
317
519
2153
2850
-849
1351
-2125
552
-192
353
550
498
1446
3112
2973
1047
-537
-147
-449
1152
-148
814
4153
-121
2194
3237
631
2610
301
1758
-222
-795
-1836
368
3026
1443
2993
3673
598
-315
4439
3352
315
1851
502
2024
4089
-1048
293
2037
1170
760
1588
2926
2148
1272
338
3273
84
1054
2381
2858
1685
-1353
698
1699
2164
607
202
6326
1684
2663
4204
2347
1016
2149
220
2126
1678
-4322
3339
4199
-3138
875
1349
1495
6565
565
3141
413
1143
1427
414
4275
2366
-1277
310
2694
412
-1011
3724
-901
171
-38
2662
1808
2053
1571
3377
-3527
2297
-763
2461
2919
-270
1086
182
1719
514
1605
-1451
3932
-1036
-125
806
-2035
1840
854
1371
-1145
531
-1434
726
-1646
4148
1413
-14
4131
2853
1863
80
492
243
1162
836
4737
1852
-2071
-858
-3164
1437
-281
4220
2941
114
1992
1004
3560
4498
342
3721
2734
1864
1567
2811
3687
-309
-957
1396
3853
-288
1303
2105
991
-2511
-1547
594
565
2191
562
2633
4099
3640
1450
5857
5044
5666
4287
1306
2756
656
-1388
-3617
3240
9953
7839
7186
7060
3061
42
3856
3610
4554
-688
3679
2948
4134
-2209
-3715
-4128
-5039
-7867
-4927
-1903
-3992
-3945
43
-5814
-1232
-2544
-2685
-551
-3088
-3089
-627
-367
-931
-1608
-352
-2662
-1598
-855
-1099
-4574
153
732
-2353
-3099
-479
1052
1785
-1830
-2006
-2344
-4112
-3041
-3744
-1328
-4932
-3909
263
3616
2815
3149
-786
-2234
-1923
-3798
-7187
680
1063
-453
524
-2439
143
-4144
-4474
-405
1895
271
-596
368
-7383
-3609
-5034
-4542
-840
3494
395
-1952
3187
-1743
-5463
-3207
-3094
-1154
-124
-1927
-142
165
-4663
1023
-2090
-784
-597
3760
-3749
-1061
-3732
-419
-4350
1083
926
-3714
-922
-1564
-1006
-397
-3994
-281
-4799
-1039
109
-1622
-6320
-2817
-699
2039
4244
1975
-574
-231
2548
-489
-3308
419
2933
-1114
1054
425
-941
-2076
-2853
-99
-3767
-6260
-2601
2278
-408
1366
-1205
2344
3196
26
-3279
971
-2604
-2537
944
-1899
568
-604
-1540
-4687
-3930
-3850
-3223
-2153
517
-6986
-2853
-3461
-3621
-5133
961
353
-564
2113
-1811
1113
-2256
1690
-1493
1117
-1738
-463
-1360
-3548
-522
1862
-6203
-1265
-604
-3353
-2299
783
3330
2375
260
2184
624
-334
-1267
812
-2566
-4091
-3464
-1547
-1124
-5558
-272
-4317
-1243
1529
-2628
-2319
-351
-953
-3650
1328
2004
-10
-1331
-1057
-2721
144
-3754
2163
-1369
-7915
-1321
1025
-3044
-546
-2430
175
-4518
1346
852
-331
-2897
-4982
-3103
-1756
-1473
-644
2243
184
256
1969
-1927
2155
925
-1105
-955
1567
5323
-2415
118
-1396
-774
-1013
651
-1911
-2068
2063
-2074
400
1012
-2289
-1216
-3706
-126
-4827
-3930
-1107
2724
652
-482
258
-2337
-4978
132
1310
-490
515
-850
-3607
-5631
-249
-120
113
1840
3010
161
-1786
1316
-523
733
-1289
-2875
734
-3595
-1254
-90
-4415
1083
-354
2479
124
761
-4171
-5710
-3382
-3206
-3074
2513
2637
-3147
-1496
-23
-1599
-1402
-1747
-1252
1324
1856
-2624
3114
-4666
-3853
-778
182
-1754
-2348
859
-3400
-2709
868
-3241
-4333
-659
-333
1189
-1768
-1781
-123
-5383
-4541
-1474
-1212
1204
-2075
-3416
-805
-2635
251
-4842
-935
1797
-2805
-2139
-391
3112
2545
-4930
-124
2444
-2543
-508
-2298
-2043
-1571
-941
-527
1158
214
-2994
1397
-1477
5062
-1069
-1871
2539
480
-2449
-3534
-2260
-861
-69
485
1272
1054
-4250
-1093
-1947
1287
-5471
-1997
757
-513
-5153
-2348
516
1783
3622
-1429
-119
-383
3736
-981
2019
-171
-1532
-2752
-224
-2434
715
-314
1111
2918
-5588
-2710
-480
1958
-1719
347
847
-6551
-2173
-464
-821
-5089
-1966
-339
1486
96
-1669
-1538
1341
-3149
-895
376
-304
-4435
-1359
578
2211
2037
-1870
1170
2610
-4284
-2590
-283
-1057
-2401
-1457
795
-2248
-1900
-309
-688
490
-1199
-1340
2797
-599
789
-4744
1632
-1983
-540
-1474
-731
-844
-1025
-98
424
-1150
195
2111
-127
-398
-269
-1564
746
-2109
-2879
-1225
450
2276
-605
-585
861
2052
2246
-2312
939
1757
110
-2475
-524
-2918
-2548
517
-2637
-1484
-772
-2008
-1664
4005
-1059
61
2018
892
-1271
-3589
-608
129
2007
674
12
2558
2826
-3757
387
-745
-2421
2024
617
-1343
-3797
-216
-6069
-4713
-1855
-1014
-6348
-2937
204
-2970
212
-3211
267
94
-2629
-2215
-1461
-2048
1240
2083
1775
-1151
-3023
-1087
-333
-3278
953
-897
99
699
993
-3289
-1249
-1292
592
-3444
-457
51
-1729
-3379
-143
1491
-620
-84
1139
187
101
-972
-2563
162
-2913
-289
905
-4005
-5326
-4015
-3271
-1270
-3227
4593
2636
-2525
-719
-1914
1905
499
-4389
-3309
-2905
-1798
-1898
-2657
-574
-824
-3932
-495
631
250
-2893
-5973
871
-5519
-482
-350
3340
-3651
-1314
-257
-6958
1104
-3524
47
-1828
-686
-180
-1817
-4128
2907
1897
-1366
-1738
-1950
-2881
-1515
3067
2658
-3755
-1400
1390
-1552
387
2291
-2056
-5082
-5631
3688
1759
488
-2824
-606
-1561
-2584
1850
-471
1947
1189
-1616
-4046
-3848
-3921
631
-1080
1736
-1716
-3435
-511
-4380
-21
1284
940
781
4434
-2013
-418
-3719
-3113
-1535
-787
-741
2442
-1385
718
-482
-3574
-5753
-3223
38
-911
1086
1117
-1099
-4137
-3693
-1125
2316
-3596
-2442
-474
-926
-1173
-903
-1272
-1002
10
-1002
-508
2582
-1427
-1151
-1210
1300
-16
-1529
-3603
-8047
-7337
-3003
-826
-7257
-2962
-3500
-3730
-3560
-4824
-1851
-2514
-5562
-6183
-4029
-3402
-866
-5870
-1514
-4003
-2040
2953
-6206
-3621
2248
-2487
-4501
-4823
-3957
-3662
-4301
-2831
-2299
-2518
-4109
-4847
-2298
-7409
-1466
-4185
1663
-2816
-653
-4193
-6494
65
-4998
-674
-4475
-1101
-321
-3726
-5642
-614
-2946
-4582
-1703
-3569
-5774
-6069
-408
-6104
-967
-376
-5537
-3575
-4405
-1164
-7075
2435
-5297
-5201
-4210
759
-3947
-6917
-7961
-2711
-3718
-2049
-7861
-3223
-1618
-1794
-4229
-3171
-242
-3720
-7492
-3563
-3582
3026
-5102
2375
-4798
-4290
-5295
-5217
-3142
-2599
-4216
-245
735
-6960
-3937
-2991
-1959
-7819
-6080
-4440
-1334
-6607
-1753
-281
-2486
-2877
-3709
3050
36
-2673
-4640
-4407
-4281
-601
-1975
-2611
-1542
-5835
1871
-2336
-4866
-9996
-4719
-2645
-3293
-7077
390
-2462
-4104
-1459
-2546
198
-5808
-2523
-4736
-8087
1489
-382
-2744
-2946
-1498
-5167
-2989
-4848
-3178
-5878
1584
-672
-3145
-5811
-1568
-5360
-5836
1526
-5453
3149
-6451
-2163
-3871
50
-3837
-5690
-5073
-7523
-2546
874
1570
-3123
-522
884
-549
-3233
-6030
-4887
-3869
-2565
-7172
4976
-5909
1553
-5161
-3959
-5576
-4055
-4647
-3023
1163
-3175
-451
-3846
-1233
-3180
-4139
-629
281
732
-3872
-2507
-5675
-6755
-313
-1240
-8840
963
-2557
-2279
-4138
-747
-5244
-2859
-1435
-1832
-3403
-6775
-8182
-4771
-750
-3254
-5860
-4973
-7529
-2550
-4011
-4390
1733
448
-3294
2480
-2347
-2250
-6370
-7123
-3900
-4218
-2967
2394
-4882
-2969
-4992
-3974
-4210
-841
-6484
-4765
-931
-4263
707
-262
-2644
-1846
-2419
2707
-1878
-3352
-7815
-4881
-1385
-4215
-2866
-1980
-2381
-793
-1646
-4600
256
-3416
-6837
351
89
-619
241
-5837
-2353
-2795
-2964
2763
-3565
-2104
-3589
-369
-1453
-5014
-1898
2009
-5820
-5249
-878
-3954
-1408
-6658
49
33
-2636
-586
-2743
-737
-2205
-393
-391
1014
-3865
-4829
-5988
-2697
-1565
-7192
-7
-1206
-2125
-4974
-2206
-1721
-1164
-2589
-2135
-176
-1487
-2547
-5951
3464
-6567
-1639
-193
2862
-855
-2952
-6572
-6009
-5156
-4626
-4574
-2588
-1773
-3588
-4251
-3534
749
-3366
-2331
-6146
-9435
-9302
-4165
-3240
-4539
-1313
-414
5243
-3025
-4659
-3501
-3383
-3822
-6277
-1584
-3086
-1360
-2693
-2993
245
-1455
-359
-1709
-4597
-5290
-2131
-2372
-2923
-4026
2210
-3022
1620
-6410
-1038
-1584
-5208
-2476
-4531
-1092
-4747
-1842
-2067
-2450
-1139
-1819
-2128
-1472
-954
-5214
-1485
-6841
-2187
-1976
-1797
-4434
35
-7855
-2423
-3924
-1908
-1722
-2574
-164
-1643
-2505
-2064
-4882
-1646
-4314
-2591
-3053
-7423
-3232
-4449
-6446
1870
636
-2461
-8093
3327
-511
-5242
-265
-1962
-4397
156
546
-214
-4034
-299
-3661
1812
918
-2297
-4024
-5827
-4752
-4125
-339
1104
-3901
-2271
-5839
1152
-2805
-6334
-2108
601
-2725
-1051
-2109
-4250
-1996
552
-381
-2712
-4280
-7061
-4946
-3963
-4156
-764
-521
-2278
-2042
-424
-3641
-1296
-5417
-3985
-4325
-1636
-4453
-2733
-8410
-1278
-1182
-1526
-2091
-288
66
1600
-1526
-3401
-2487
-881
-3431
-4987
-2562
1647
-1761
-651
-3264
-1194
-2755
-601
-4612
-6190
-4471
1690
-3525
-6932
-446
-1011
-4945
-222
-6503
-3797
-3247
-4598
-560
-7619
-952
-4847
-1168
372
-1071
-1322
-5312
-4221
-1340
-2181
-1105
-1384
-2122
-3193
473
-5136
140
458
-6214
-1954
-1419
1047
-3813
-7033
-792
-1362
-4151
825
-218
-6280
-8327
-5093
-447
-520
54
-5116
-4195
2242
-3698
-6426
-5604
482
-2194
-6515
-1474
-2915
-8309
-4654
-2408
-853
-6970
2302
-2364
-5662
-2514
-2072
-316
771
-6174
-1432
-2046
884
1909
-4272
-6241
-170
-1654
-3158
-199
-3096
-4152
-1106
-4356
-3105
-4446
606
-3033
-4174
-2845
-6002
-3728
-3662
-4282
4396
-5181
-4041
-3651
-3386
-4449
-1703
-657
-3114
-4264
291
-1533
-3711
-4366
-3937
-3145
-1127
216
-2233
-3641
-4221
-6782
-7590
-4008
-3513
-7174
-6922
-343
1058
-5058
592
-2850
-5969
-5439
-1208
-3132
-728
-4601
-2340
-3768
2599
383
-175
3244
1400
426
1004
906
2674
-569
-434
2857
574
146
640
1280
-761
-509
1357
197
-453
-1881
-2542
-54
2833
2157
-56
-914
556
2448
157
3
-465
-57
685
-3796
464
790
1294
3371
1006
3116
4616
-515
-1102
1083
2808
299
3909
2132
6522
5317
3599
3270
364
3843
3923
4152
3109
-799
-686
-1681
-212
-3885
-456
3194
4940
2349
2080
-286
2260
2861
2437
5148
4264
3367
890
5017
2659
7169
2025
4803
1760
4279
2688
2888
3216
2988
2727
4907
-173
2470
5622
3360
5134
701
5013
9443
4558
489
1240
1972
-1484
4388
1884
682
1064
463
5220
1550
1391
1901
317
4290
3768
5028
3909
298
4300
2999
1725
4075
5475
2097
2572
397
-4146
1353
1153
4582
-251
251
3126
4009
-2581
-728
6031
7204
1588
356
4007
6265
4319
1981
1260
7235
3012
132
3335
5430
-17
805
2608
1043
2119
2830
3972
2647
2965
5347
-74
355
1150
2250
4019
1506
4310
2754
4992
11389
2777
-4504
-750
2741
-2401
2157
2616
693
2756
1161
4198
1176
65
1410
5973
3510
1747
2603
6378
1850
3860
3940
3712
4587
222
2000
2542
2078
-1876
1795
5970
3289
958
-1417
-680
797
2474
12
1029
3965
6622
4933
7149
3718
1103
2741
2673
2176
-197
3927
2155
2387
1938
1918
1634
2837
337
1927
-110
3727
4039
816
3132
4261
5275
1989
4295
3123
7258
-603
5701
5156
1874
835
4970
3795
4804
1890
-416
2012
4099
2648
3746
1512
2618
4498
5098
5050
4262
-1168
1399
2052
3865
590
2497
5662
2285
8329
7205
3690
3247
4644
2270
-197
-4436
-809
-2568
2203
-1895
5113
1903
-2946
-3400
1599
-2070
2751
4249
360
4670
5782
4108
3421
4633
-2557
4173
5863
1165
4625
-3685
5480
777
3915
962
4699
2973
1722
970
1527
3002
2167
3640
584
4934
2909
602
1050
-511
-2307
530
-1422
-1571
6297
1028
2476
3935
5085
2940
372
3713
662
6421
-1076
5940
5836
3181
1249
3861
2205
-2684
3455
4270
2240
161
4035
5183
3203
3643
3275
2971
1435
1801
5531
726
1896
8056
954
-1162
5558
1154
741
5037
2378
4270
4723
1691
-1524
808
2112
3038
2083
-425
2054
4830
-1871
1873
512
1001
6172
8303
6439
5764
4894
849
-715
4639
2575
2663
4049
2451
5810
2904
595
2313
1485
1397
929
-350
2281
3991
1941
65
-232
3986
1053
3286
5636
1748
-477
3359
5971
-403
3621
-431
4275
836
3153
6463
1652
3567
5307
1090
5345
5191
2336
4068
159
215
4083
1707
-1402
-320
1708
4618
4435
3252
6481
2602
2127
4395
106
-3978
1031
6001
6462
1714
3911
2071
3799
-719
113
4610
3077
-2915
2430
8128
213
2100
1014
3521
5494
3687
836
3996
1755
500
1061
-43
83
1399
1963
4684
3058
5101
5555
3124
-152
5842
2447
5722
327
2580
4030
2966
629
3707
3064
6251
1797
3294
2300
985
1066
2466
2580
2912
192
-459
4270
5345
-156
6148
2051
2819
221
2047
8626
5239
2339
2883
4071
5166
-713
4137
4774
7882
1823
1204
4632
1174
2326
405
2936
4437
89
3702
2777
5342
2416
1780
2314
-807
1933
1251
7834
132
2530
31
7857
2672
4848
3534
4076
-196
1295
-279
5974
5835
4550
4490
2371
2467
-578
5985
5329
3585
3028
1656
5257
-959
1343
5693
6479
-436
4059
5794
1425
3006
4086
2773
3442
3246
1244
2851
1895
2254
4479
1672
2602
6383
1764
628
3041
-1408
-2347
1820
1851
2768
1034
5555
1021
584
2818
1943
846
2199
3479
3084
5606
6666
1178
6258
3430
5296
-35
5148
1240
-4341
1136
1327
569
1937
1089
3916
3899
2999
385
1701
2415
2256
5801
3495
5880
6031
1458
4631
3120
2648
4287
7193
3835
591
2986
2483
3079
6177
1533
1556
2254
-1016
2638
6806
5251
-729
5092
5133
7036
2564
2139
5541
4533
6106
6528
4152
2983
5064
5521
4343
6159
5688
7798
3793
1405
4793
4416
6245
7021
1365
2538
1891
5160
2650
265
-453
-2058
-1006
-145
1285
799
-1168
-1874
-170
-897
-3943
-130
-178
-568
-2166
-1821
-138
-605
361
-1881
667
739
-83
-2799
-991
-2081
4534
3220
6174
5058
3928
4666
662
659
2530
1764
3752
2314
3356
5177
4320
3225
4504
662
899
2219
8335
41
-129
2549
4410
2552
9911
6900
7453
4430
4815
4863
4976
1328
2504
4419
5331
-438
3115
1252
10075
3455
1835
4318
2315
7911
578
3199
-420
5114
8603
7502
7196
4957
-758
732
935
4255
5560
6666
2913
2839
7461
3346
1244
2420
3877
7276
7534
4049
-1920
4046
6571
7991
7539
460
83
3259
3065
621
319
2139
1275
2871
4285
169
3378
4974
3255
3963
-126
4172
6700
3855
-1664
693
6778
5473
3601
-457
760
851
2423
2572
6259
3526
-547
2365
4434
1960
6863
3073
2750
874
4945
8928
7312
4465
-588
5568
10688
4856
1928
3357
5008
583
318
-1788
4032
1827
5285
6886
5603
4494
3325
8
3664
-534
3532
2018
7425
6567
-1791
6994
4698
-859
2523
-1015
1351
2433
2933
813
5461
2969
1391
39
-607
334
3409
1987
1668
950
7596
8700
5556
3370
-1270
3931
1991
4085
4701
6729
969
3835
4454
5815
9119
8435
947
5590
4380
4196
1987
194
3522
5916
2206
9291
7738
9159
-441
3574
778
4792
-771
3145
339
1047
4968
3149
3734
5782
5812
5029
1123
4437
-996
6427
8583
9700
2462
12820
10894
3119
-255
3521
6771
8071
3808
4816
3851
6248
877
3665
4807
9430
5640
3094
5371
5189
2109
5634
7326
5857
3400
6513
2136
2728
-2324
3257
2036
6717
2773
4317
6054
3
644
991
-2056
-1024
-2556
2277
1791
1846
3262
-2453
1339
2139
-469
880
4378
3516
-2286
3245
230
4527
3425
1015
6254
3512
6440
1315
-481
4341
499
3619
3503
3123
2286
4193
3292
1747
5551
-96
4994
279
-3533
4409
3106
3333
4295
3427
3765
2277
3594
5993
6207
-40
1182
3260
5743
303
1011
2516
2633
-1807
10917
6752
5386
1541
41
4783
5346
4524
1518
4314
3668
3329
4779
1523
2666
3530
3685
4302
5585
4042
915
5151
2986
6892
3695
11245
8703
933
-2711
412
5079
5608
3559
-1729
3566
2843
593
2018
5473
2471
-1435
-4998
2295
248
-209
8893
4454
4122
5163
11403
9404
3308
-1507
1296
5070
3118
5325
2526
4349
256
2766
1567
3042
2068
409
114
-739
4058
972
439
4342
2646
5800
8044
10243
5504
1716
5018
6724
5609
689
-857
-1733
4782
3717
4025
2954
4622
319
6734
4193
1812
-1013
6110
7466
2063
2853
5707
6975
2664
-1830
1918
5476
2379
528
3079
5347
10
593
3488
2763
6040
6496
4851
-1766
41
1392
5025
2679
5915
-320
7206
9404
1827
-1540
1187
4686
1229
4411
2558
5345
3800
3403
1066
678
-3590
-1453
5426
5610
4297
5917
6469
1643
-1429
7968
10688
7978
3652
-1336
2486
5995
7341
3179
3254
3574
566
2148
2696
1411
3747
2478
2920
4200
2188
-2069
2048
-176
2163
6039
6160
3868
4175
1294
3600
6774
4576
1129
898
-645
1507
3322
1407
1983
3456
2233
4846
2007
2491
5411
3765
2562
2505
693
2923
5116
4186
-1443
-1137
3477
2001
5460
4893
-596
3830
1129
7752
9169
4411
7938
4983
1434
843
-230
6072
2872
8136
4693
7167
6617
3984
1393
2130
5853
1974
1118
1558
2603
3673
4434
5805
3934
2967
3886
1007
4783
4042
1349
3055
3578
6216
3147
3460
7882
-2258
-3540
926
2987
3707
4131
486
1810
-1300
3671
6941
4221
700
3691
4103
4108
3687
7473
3513
4281
4874
1021
3727
6047
3401
853
4503
2995
2895
8133
4375
3186
2778
2058
-768
-78
-594
7935
8674
3688
3
2112
4539
1737
7289
5534
5033
4940
3996
-979
359
3905
5972
1616
6230
4878
4900
3772
4463
1649
3184
1715
2630
-1809
4580
3489
4750
1763
5823
7899
8489
8919
5653
450
569
4984
7222
7593
7672
4831
9043
6760
2
6364
1122
6944
6013
3055
5555
7693
4103
4766
5355
4871
5564
6811
-137
4385
4114
6902
5278
8434
3514
3177
7609
1551
3575
7682
4649
3695
2485
3581
4339
4640
2288
3080
4110
4307
4365
6674
3821
1960
4415
4314
3835
5020
3869
7942
3108
4378
7138
4743
7472
4091
6590
2964
2828
5027
2038
3672
4062
4637
1875
3603
5029
5746
6834
830
7068
6954
3146
2512
7059
1675
1398
3327
5082
4038
6909
8459
5021
5449
-1034
312
5191
6429
5250
3409
1836
-544
-2425
4603
4420
5942
3387
2311
2143
4248
3191
4005
2332
2211
464
189
1319
-2834
4485
6221
1329
3047
3136
2967
2761
1695
6221
3784
5013
4675
5348
2835
1735
2974
3516
3389
1847
159
-1084
-270
1415
341
238
2698
879
3844
-232
4692
2224
1886
5221
3764
6543
3859
447
2698
1460
2521
1175
687
549
3917
5029
4800
2447
1902
2491
-723
-398
2823
-35
8424
2018
2613
5546
5602
4096
1702
3334
5073
5453
3911
2986
2543
7246
5119
4973
2712
3113
4037
5717
3126
1334
4457
1560
240
1394
-818
3689
5052
9779
6458
7456
132
-1407
6123
4142
230
5141
1562
7519
2723
1318
2352
2203
5999
7315
1378
8488
3039
1424
1351
7584
3551
4379
-521
4371
2173
-4927
-1992
2679
7318
5039
5720
1824
2783
2424
4814
4379
1235
1132
8294
5105
8735
4614
1660
7560
4747
-804
4201
3998
4924
3653
765
3805
3337
-509
3966
2636
1479
1231
6242
60
980
2740
3915
1943
4269
3804
-962
3411
5775
5026
6651
-212
2605
2934
3683
3190
-761
1028
1292
4090
6196
8422
4928
-1843
7913
3416
2291
3902
6620
1598
-486
2974
5425
3687
5068
5374
-232
3259
1588
5814
4447
3292
4091
2702
5265
3347
1481
8728
3149
2126
4769
1558
7549
3079
753
3472
786
-789
7094
1634
2479
932
1128
2008
4632
3555
2601
2257
4925
-754
305
1656
1737
1414
471
5751
7585
-564
2172
2989
5674
-1227
399
2491
3519
224
3281
1292
-497
4082
3645
-1037
953
8526
212
-1640
2558
5714
4349
4770
4889
1914
2027
4741
3303
7770
4466
735
-78
-1271
2198
1297
615
847
1712
-1651
5383
28
4711
5203
6840
2106
5164
1146
10136
2935
4839
2868
5246
3777
2209
5185
4568
3023
4996
2219
3697
2863
2898
3257
-672
2750
3583
3757
1103
709
5590
2726
9444
2494
2372
1877
1216
-1327
217
1821
2295
1207
2339
2670
3253
2949
3031
2062
746
708
645
4555
3808
7077
3802
4107
4509
1651
1286
7502
7863
1732
2532
-172
3315
-261
6375
2236
372
5157
6225
4708
7301
4133
4713
61
4975
3781
469
5636
7555
1668
4043
946
4419
4231
4064
1946
5700
5189
4753
5338
-340
3255
2384
4704
8273
7102
5444
2719
2569
-1605
5114
4289
5337
6781
2438
4031
5164
4130
4380
5463
525
2067
3334
3344
5564
4850
5036
1977
2200
3998
4018
2090
-1988
5770
1457
3608
4548
3536
5782
4440
5086
1547
2742
3645
2107
6628
2294
6005
8825
165
5274
2634
540
2665
4991
3743
4633
4308
18
2946
1849
2675
1662
1678
528
5158
6603
7360
3375
3709
2186
2424
7628
2802
6320
8340
5295
77
-747
2926
3555
1438
9015
3280
2246
2317
-1272
-812
1218
482
3346
2785
2420
-145
5662
2129
3869
3087
3967
2856
5465
3473
3408
-1384
2852
3960
7143
4607
3822
568
-1208
3770
2766
2216
2468
-391
647
-1947
733
2398
3262
3495
2420
2757
731
1989
586
1851
4636
6397
5827
3236
3986
6841
2899
4174
5197
-409
4055
3417
1377
2586
789
5211
2311
283
7031
6592
978
-250
246
-380
-843
4923
2493
5649
6437
3446
1363
4833
7912
6881
-3435
3237
4125
3852
4290
3011
4220
2379
33
4265
3919
4409
6232
7308
3577
1272
4542
4055
2456
-879
5022
5404
1903
1953
4108
594
1776
382
3718
3686
2581
1847
5089
3757
-388
341
7899
1946
1772
3410
1586
2145
4077
-674
-1292
5047
1630
2211
543
2343
2082
-2400
1073
4801
1159
1733
2488
586
2283
264
520
3130
2344
408
4178
3800
4392
2040
2752
3789
1457
255
-2587
-1548
-926
728
-3770
462
1445
782
-3962
-1656
-1959
-1116
-3517
-3276
-1658
-702
-1593
-2888
137
-3140
2429
377
-1826
-7
-7777
-425
-1612
-2752
-674
4054
1382
3032
-665
718
466
1386
-3737
-1226
-3216
43
-1033
-2187
-1674
68
2200
-1721
-487
2187
2438
-15
-934
-731
-1654
-3142
-3663
-136
-1266
-2677
-2607
-3855
-4494
-707
-3269
1273
1406
-6197
-1504
884
151
-1615
499
1817
77
-2625
-2165
-4633
-3210
-3765
-1942
-3993
-5922
-2331
-4889
-9175
-5039
1751
-2021
-3528
-4837
-2318
-280
-993
107
-4246
799
449
-1024
178
-3651
-1080
-178
-1686
-4828
-4337
-3380
-736
-4094
-4896
-3686
-1051
-3615
-6026
-4816
-2525
-561
-59
4428
4796
2500
-3452
-3273
1396
-2083
-1293
-3308
-1531
-7015
-3583
-1587
1017
-5353
-4641
-3080
-999
-6120
-3010
-902
-5267
-3467
-3593
2458
2634
-247
-2268
-3810
3103
-1076
-4861
-1734
-2005
-1323
-2684
-2019
-3467
-1284
-2507
-5977
-704
2202
351
913
698
34
-4145
-573
-328
2705
-1065
-1861
-1801
-5898
-5677
-3835
-5305
-3109
-2369
-3777
898
-579
-1515
-54
-1498
-1635
-3995
660
-3887
2643
875
2322
2205
-4764
-3839
-5913
-4740
-3260
-3438
-1912
-537
-1289
-1212
-5452
-3956
-1146
-431
381
-3762
-1703
-4986
87
1800
3218
-4278
1828
1407
-2301
168
1642
-1919
72
-6449
-2966
-166
-1477
-74
78
3208
-2233
1221
-2098
-1753
-1274
-1800
-493
-2676
3221
2376
2404
970
-845
-543
-2518
-2355
-2065
-4107
1044
-5215
-5241
-3674
-3271
-2231
-2974
-1478
-2119
-2405
-3570
-3008
-1486
174
3306
-1214
1218
3580
-1180
-3689
-3716
-2938
-4874
408
68
3125
-2490
-1711
-4785
-180
-2655
-3747
-1674
-2980
-1269
-583
-364
2400
3510
-3748
663
929
-4230
-7967
-2423
-2804
-4057
-1530
-3907
824
1138
259
-4176
-1684
-5238
-1390
-2428
-6453
-4301
-4892
-1171
-4762
-359
-2165
3
3077
-1990
-5131
-761
-1347
-5215
-1797
280
-3898
-6916
-411
-659
-5765
-4113
157
-2518
-4873
-1512
-3666
-4352
-4581
-216
-3201
2687
1038
-1581
1313
1933
-5638
-3699
-5342
-1378
-3322
-5452
-5797
-5353
-4679
-2003
-575
-1859
-3141
-1857
-797
708
-2152
3377
-1579
988
-4105
-3518
-4209
-4815
-3236
-741
-2552
-3966
-3853
-1096
-1431
-2119
-778
-1041
-4922
-4438
-2879
-65
-2717
-440
2439
7406
239
575
-1483
-2130
-1256
-6040
-3644
-2473
-2794
-2840
-1578
-3858
-1797
-4378
-321
-2888
-5497
-4576
-4234
-1437
-5727
-4326
-126
277
1001
-740
1845
1550
4269
-2259
-4458
-1582
-2609
1006
-4331
-6190
1073
2041
1018
1285
1506
-2587
-7868
792
-257
-1962
-927
2210
0
1094
565
-3568
-2425
-3766
-4204
-1364
-3660
-1374
-1271
-2548
-1556
-1025
2347
1432
-3114
-1980
-3593
1005
-712
-1697
1286
1465
-2093
1758
836
-3034
-671
-954
-2562
-3737
-1905
275
-337
-944
-595
365
-6484
-3577
-1518
-6435
-6606
-2757
1904
-5988
262
3538
1855
1699
492
-2609
482
3186
-821
964
1281
-101
-6105
-2101
74
-194
-1452
-1111
-2676
-4969
-5673
-2783
-1510
-1101
-2509
3032
-664
-1719
-3579
-3666
-6094
-3358
51
-626
1801
-3942
-6761
2231
-3805
-1937
-3177
-3181
-4913
-3497
-2007
-5306
-1253
741
-3010
2473
3490
570
926
-2428
-4133
-7573
26
-2395
-6230
-6699
154
1594
-3159
-1731
-1462
-2215
-2846
-3263
-1908
2883
-2583
465
1021
3207
-395
2142
2358
443
-4941
-2427
-5244
-1489
-4510
-5176
49
-685
-4291
-2067
-1608
-3259
-4499
-9445
-2806
-1474
-7463
3233
-1273
-35
-883
2795
2717
-3
-3563
-2451
-1983
138
-3513
-1631
-1561
-3046
-2764
-5151
-2327
-1662
1322
-158
-2867
-357
-5584
-4351
-4882
-4179
-1843
2282
-2190
-426
-2621
-5639
-2349
-2525
-2014
-1909
-462
-2178
-933
-5968
-2279
-1677
1658
-1653
-4222
-1093
-6214
-10831
-4003
-4149
3586
48
-2735
-1094
-2229
-1179
-3146
-5938
-2676
-2745
-2313
107
-582
-391
-3007
-1444
-1915
-2839
-2591
-409
141
338
1908
528
-2841
1250
-312
-2266
-4067
136
1157
-2103
-4872
524
-2796
-5879
-891
-1261
906
3695
-2343
1182
105
-291
2246
732
-769
-752
-768
-3614
-3328
1280
-7229
-3490
-2391
-3653
-4664
-4925
444
-2482
-4408
792
-3577
-1094
-3787
-1780
-2914
-2413
-2644
-4915
-3709
-1513
-2618
-1990
-1037
-5287
-5271
-3502
-2176
-6888
-2791
-2503
-3963
-2292
-6324
978
-5306
-1175
-3454
-1439
-3666
-43
-3438
-3066
-3016
-1385
-5558
-2392
-299
-8122
-5003
-11922
-4316
-3113
-140
-8327
-1056
-2789
-4388
-1916
390
124
409
1892
-2801
-2399
-1211
-1020
-2110
-2657
-5237
-2184
-2161
-7099
-3931
-4519
-5559
-2911
200
-957
-3874
-1656
-28
-2
-5461
-585
-5588
-2473
-1124
-1764
3862
-2594
-3748
-3422
-5174
-2884
-4887
-784
-5019
-2467
-4402
1176
1973
-4251
-5561
2290
5570
1675
-4264
78
456
1564
-3438
-4468
-907
-1822
1297
-4483
-6309
-1311
-6164
-5723
-3436
105
-655
-3547
-48
-2362
-4362
-1420
124
1676
-3801
572
3759
-1155
-7504
-2233
-1294
-2025
-3066
-1309
-4025
-2607
-9094
-8352
-8557
-333
-3338
1577
6204
-3156
571
-781
-900
-1283
-289
-832
-811
-1137
1367
-4130
-1082
2183
-5523
-4475
-3777
-3697
-9517
-2707
-4702
-751
-1624
1276
7348
-1673
272
124
-679
2578
-1678
-859
-118
-5109
-2861
4081
2203
-8653
-175
-1155
-5186
-4657
-6334
-3976
427
-1321
-1081
-1580
3786
3158
-1620
1154
54
2747
-1476
-927
-789
-962
-1265
495
-3564
-6164
-7682
-5097
-8420
-4380
-5094
-3592
232
-121
-3610
-1722
596
-1992
-659
1895
2794
-3423
-3212
-7034
-5869
-3273
-2566
-8836
-3482
-8020
-7052
-2397
-6095
-6027
-2304
-9198
-960
-1474
-2999
2026
-6083
-4751
-2232
-372
1781
-1562
-778
-3838
-739
-3032
-3714
-4894
542
-2121
-5532
-3907
-4879
-4438
-3307
-4507
-6068
-189
-193
1556
328
-1846
-1317
-2480
188
240
-823
-4626
-2517
-3839
-2409
-1072
-1307
-3631
327
-2697
-3954
-4489
-4981
-4187
-10
-2624
-3678
-16
1114
-4356
1428
-103
-4636
-2316
1365
243
-2319
-147
-3402
-2972
-2791
-2204
768
-3174
-3639
-3582
-2492
-5505
-4022
-2308
-5159
-1669
-2913
-6222
-4289
3981
3891
-661
-1224
-582
1621
-1537
-2692
-373
-646
-2503
17
-4550
-3264
-8294
-1142
2857
1038
-4221
-3132
-1316
-470
-2598
-853
1979
953
-1579
-4282
-3027
-2097
-1040
-3608
-3893
1368
-5088
-5609
-4486
-7307
-4230
-2346
-7725
-1567
3596
-2571
-2943
-1175
1004
-4907
2301
-758
-2093
-2585
-1179
-2086
4192
-5349
-2832
-2684
-7567
-5953
-3967
-6382
-4361
-1641
-2945
-6315
-1730
-4103
-1961
1488
-1510
-3842
931
3590
-267
-3220
-396
-1445
-334
4019
119
-2669
-6433
-5037
-3184
-3582
-3538
-6370
-5691
-6825
-639
364
-1713
2107
412
-5025
-2020
-1509
-2576
213
-2472
-2174
-2255
-1243
-1151
-5340
-7643
-2679
-4078
-5360
-2437
-614
-5572
-3551
671
-3441
-2082
-4884
963
3736
-4570
-2472
-3594
1030
-2522
-1757
1455
125
-3671
330
2404
-1032
-4050
-5600
-3368
-3948
-2821
-3866
-1898
-1780
-3019
-1951
321
-2386
-3459
-2667
-2868
-1012
768
-2488
-4118
135
1220
-2405
-4578
-7607
-5263
-9374
-984
155
-2585
-3638
-1996
-5104
-2484
-264
1258
858
-2554
-2404
-3270
-4455
-1099
1655
2177
-2666
-1776
-5452
-6876
-6729
-3085
-3590
-2884
-5925
-8656
1670
1941
-2220
-4653
480
-1853
-7063
-6727
356
1090
-395
-3149
-1385
-391
1460
-1554
-1286
-7270
-425
-4757
-4232
128
-3030
-1772
-1520
1623
-3035
-3288
-230
958
-8616
-1426
-785
-1354
-451
-5028
2077
5102
234
-2954
-4552
-5249
-3118
1015
-3871
-3976
-4695
-5473
-598
267
19
375
-313
-1424
-3151
-3312
830
-3714
-994
-252
-3709
-126
-4092
-2687
-4673
-156
-3214
560
127
281
-4439
-5247
-2756
1306
750
-3112
1712
-1537
-2064
-6019
3986
4144
-400
360
-3111
-4539
-4058
1340
4796
216
-3188
-7011
-3576
-2899
-5714
-1044
-7405
-6713
-2199
150
556
-108
-1186
-120
-3418
-5572
-2352
-4225
-1563
-3661
-76
-5343
-4802
-8235
-3249
-6208
-4163
-2452
-3774
-2563
-4775
-4423
-4497
-3513
-2622
-6664
-3302
3103
-1419
-4832
923
-807
-1138
-4365
-6290
2941
736
-7868
-7338
-3989
-3610
-3061
-5632
-4983
-7660
-3876
-1408
-4101
-2428
-619
-899
2054
-4989
-5657
-3330
-6049
-4494
-7475
-3182
-7974
-2760
-3136
-1462
-2219
-39
1631
-4023
-1296
-553
-270
721
-1359
-1764
-2610
182
-1656
-539
-835
-1269
-501
-3395
-763
-822
1452
-3862
-4174
-2107
-1800
-5855
4065
660
154
3017
-2673
-1734
810
-2890
-532
1838
3438
-161
-3090
1456
-1485
138
4814
363
3281
2011
4557
2415
-820
-3504
2177
-1192
-2124
643
-4096
-880
1487
-986
-2099
-570
-4372
-3636
-1854
-174
-2649
-940
-735
-303
-3604
-5652
2099
-4708
-1134
-3601
-306
-109
-2939
-1826
-3867
-5494
-3108
-809
-699
-1420
-2769
3814
3246
-4331
-126
-724
-840
-553
-2868
-2441
94
-3648
-3559
-5010
3267
-4027
-4517
-558
-272
-2666
1418
-2792
-2367
-1918
719
-3291
-441
-1976
-2588
-2635
-1471
-3342
-4390
-985
107
-1179
-3241
-3905
-1621
-3674
2624
-1757
-3613
1045
-723
1037
115
1712
-505
-1065
-6766
-2265
-1708
-1755
-3598
-3081
-3672
-4445
-636
-6239
-6197
-4371
-1648
-449
673
-3049
-4821
427
-846
-1626
-5635
1719
-2191
-4171
-3903
-2858
-3538
769
-4433
-2874
-2867
-3280
-1692
-4029
501
-3567
-619
-2048
-317
310
1374
-1606
-3494
-2890
2801
2495
1052
2253
-2946
-798
-2418
-1807
-3740
-2238
731
-1437
1022
-2876
-5470
-2166
-2100
1046
-2162
-1544
255
-6713
123
-1881
1260
233
-1471
-1811
-4037
974
-1708
-6760
-2245
-1676
-1864
395
-4588
-5449
-1704
-5064
-1211
-282
268
-2222
-1155
-1428
-1587
-1255
-4937
-6574
48
-929
-3579
-2774
-2249
-2621
-1789
-3298
2739
-1876
-2089
-309
-5560
-3178
-101
-267
-4215
-3566
-267
-4401
141
482
-1582
-3004
-2388
-4532
-1658
-3356
-4608
-711
-6404
955
280
-1268
1600
-6397
-7160
-5217
-2210
363
-3907
1744
225
-2019
-686
1136
-3031
-3514
-525
-138
-4393
-3576
1184
1859
-16
-4166
-1126
-3072
-4678
-5298
-2479
-4283
1051
-1263
1845
290
-2173
-3025
-5078
-628
-6529
1280
1533
2431
-4820
-2872
-2454
-3150
-2329
-459
246
-1970
-3318
-1776
-1591
-3109
-211
-2268
-1079
-2700
-485
-4455
258
-2527
-2521
-5034
-4618
868
-847
-1011
-771
-1399
-2904
-5558
-1460
-379
-2160
-5914
235
-5669
-397
9
-4229
276
-420
-1324
-5276
-3419
771
385
-3724
-982
-1553
-2493
-5236
-1388
-3824
-6604
-2700
-4002
83
-5138
-2230
-5382
-533
-3490
-81
1453
-1881
-1429
-1307
-3893
-2869
-5220
1223
-3831
-698
-128
-4363
-4341
-1701
203
-865
-5136
-5134
-2089
-3983
-5910
1213
-2867
1339
2938
-2970
-744
84
-1693
-2342
-1258
-2593
-2872
-2358
43
-828
-3939
-2060
-3448
-2091
-3408
-4241
-1957
-4200
-7403
-1077
-3172
-366
-6116
-5231
-2055
-1438
-4176
-960
3224
-2956
-4178
-1124
0
-5685
-4570
-3026
-5887
109
-871
798
-918
-6149
-5085
-2640
-1145
588
-2290
-669
-1369
-2251
-3674
486
-2694
-2936
952
-1890
-1282
1648
-1093
-358
-1975
-1091
-2127
-1897
-1717
-2544
-3640
-684
-1325
-1928
-2370
82
-1517
-2818
-3723
-3614
-541
670
-3987
-1277
-5464
-1886
-846
-4026
-3249
-2651
-2500
96
-4030
-4125
-4748
-338
-2323
-2998
-3408
-2767
-3866
-5210
-6341
-2432
-4299
1062
-4321
58
43
274
-2927
-148
-379
-4374
1103
-3353
-6320
-5058
-3565
3121
-121
2254
-2170
-2505
-4083
-4872
-223
2141
-4489
-5084
-4935
142
-684
-3061
-5155
-216
-1408
-1327
-5178
-2621
-4875
-4177
-6678
743
-1821
-1863
-1035
-1638
-884
2200
4492
1094
-1648
-4082
-3154
-2115
-3810
-4066
-3461
-3651
-3317
-1130
-1426
-3418
-3817
-1448
-4898
-1489
-2954
-2189
-1266
-958
-1340
-1449
-598
-1592
-1309
-4987
-1788
-3586
-534
-554
-346
-2040
-261
-1498
-6197
-1421
1219
-6687
-8516
-1375
-1082
1271
-2006
-1093
-1484
-1242
-1737
-1452
-898
-4419
-2524
346
-2544
-358
405
-3150
-830
-1998
-3103
-3270
2224
-4551
-2732
-1430
-5609
-743
-1914
-1198
-5413
-3132
-2893
-821
-5327
-352
622
-1714
-518
-2469
453
-4151
117
2160
1529
-3561
-3418
-3738
-2711
-1410
-2718
-168
-1768
-1995
-732
-3301
-5
1394
-8570
-2239
-1944
-2355
-642
-4380
-2599
-3512
-1573
-4826
-935
-5478
-373
-4487
-3936
1037
-2752
1035
-1906
-555
174
-639
-1477
-4959
-8482
-1883
-363
-1739
-2801
-310
-2839
-199
-1304
-4028
-1025
-2308
-3758
-1763
-5489
-1574
-916
1675
-5838
-5212
2719
-1430
997
2264
120
2598
-273
-2029
-201
-266
1001
-1611
634
-1494
2211
-741
-1257
-1710
-1615
-754
-769
3735
3119
-1086
66
238
5786
3609
3180
1211
-4391
-954
2228
182
746
-3065
-1679
1808
3322
1244
3281
-2106
-479
2477
335
-3577
-1720
394
-2871
-440
959
1341
-1864
-433
4291
-94
-2803
3370
1810
-539
-2941
-4292
989
369
-2075
539
-762
1336
794
918
-3436
-8426
-5490
1905
847
-1365
-3696
-3216
2897
1803
-3766
594
2965
2481
4229
-2510
721
237
-1614
-3987
-5126
3116
-6389
3744
159
-2865
-2863
-2103
1431
-1957
912
-175
4240
-216
-2867
4077
4274
587
1928
-2278
101
-3246
-2319
-5816
-5119
-2442
-7281
-5501
-5646
-1291
3639
351
969
-773
547
-372
3095
2006
-709
1275
2162
360
-1101
-527
293
-1745
-7356
-5417
-2468
-1085
-8095
-1949
1427
4010
377
119
1360
3062
3058
-253
265
2380
2709
-1710
1280
-595
2377
1662
2416
2050
-6258
-3267
-6850
-1588
-14535
-1728
2236
4445
-1443
785
5720
-1083
-647
1690
577
-1398
4629
-863
1940
-2086
129
1055
611
-2191
-8914
-5389
-9481
2663
-4448
-1362
5029
297
1225
-3010
1337
-1941
-4682
474
534
-132
-286
-480
1481
-2668
-5063
-1457
-4207
-7900
-2587
-2329
-10104
-923
-2236
1017
2352
4773
-1196
-2515
-73
-1945
-1382
-427
1448
-2096
7471
-2294
435
3942
-3173
3329
1030
-5695
-9168
-4175
-5876
-2344
-2458
669
3075
1846
-2190
-267
809
-3588
2251
7536
321
62
-452
3730
-1217
-100
-1154
-2216
779
-2633
2639
-5005
-5841
-2398
-2661
-2113
-891
-2973
-2734
583
-5205
-1678
-338
5380
2337
-1258
1670
-299
108
5283
-2221
-925
-440
-2095
49
341
-8692
-1671
-1891
244
3429
1135
-8761
157
-2445
379
-316
-1807
7579
-1914
-268
-300
1323
1687
-3578
2685
-3474
2934
15
281
-5583
-121
-2563
2365
1277
955
4709
-3777
857
144
2327
-762
2311
-2551
-2346
1200
610
77
-968
-2576
-4355
1218
-2141
-5331
-4968
-1101
-2308
4601
1509
-240
3727
4727
3971
-1396
-524
1215
2249
-2175
1008
1893
1767
-670
1671
437
2783
3015
-3389
-6235
-7715
-3369
-346
4275
1193
-379
1808
2254
1493
-1220
-769
1551
724
2796
-3554
-37
2869
4419
-2602
-405
-1994
-3025
-8581
-7895
-8165
379
576
-465
1384
-174
-83
-191
924
962
2662
-4400
1587
1141
1870
-1655
890
2783
311
2326
-2906
-162
-5617
-4411
-2590
-1619
1333
-1845
-2568
1237
-1179
-3046
2211
1331
-323
102
2286
-2704
1474
1523
3106
-1944
3176
2426
-1716
690
-845
-3159
-4512
1741
1928
233
-1423
849
2058
-2831
-8197
548
2871
859
649
823
3171
-3564
6
2482
-4660
-178
-2632
-639
-1314
-3359
-9546
-2005
2607
1845
-1828
2248
-685
73
-3893
-2270
2026
66
-2185
833
3441
1659
854
-1608
1163
620
3692
-2014
-1818
-6664
-8508
-1462
1466
6943
2316
217
2149
1574
2362
2945
-170
-3211
870
937
-1924
-2542
114
1075
3568
2421
-750
-140
-8198
-5422
-6949
2895
3585
3469
4547
3364
-2
1773
3239
6743
295
-2607
-1984
3732
-7858
-2598
1275
-48
1934
-1653
-1742
-1941
-4748
-4721
-6590
1338
-303
1380
-59
2260
5506
5401
5995
1684
-1714
-3992
-4259
-1065
-1543
2954
-1201
625
-703
-1257
-3084
-4660
-2143
952
-8262
908
-1005
3159
1435
2195
-1315
1672
3426
-863
-1591
-7409
2062
2195
76
1268
-1032
-713
-3970
-751
-4364
1956
-858
2493
-2499
532
-987
-2997
2019
3605
-7430
-1677
-1086
1111
-96
-4131
176
3563
-616
3941
5897
35
-4785
-194
1432
2529
-4633
-828
-3997
-2117
-2451
771
-2361
-4934
-1192
698
-550
-800
-470
-1782
3548
945
-1137
-684
2344
-2827
300
-1369
-253
-1411
-4107
-6055
-3751
887
-3565
1475
-765
-5155
922
1026
3373
2182
4839
-523
-4577
-1708
396
-421
-909
-1655
-2458
1561
-4889
-7934
-7824
-9713
-5804
-2359
-771
-348
-969
936
5310
-4330
2939
-874
5616
5981
-5013
-5342
3083
4235
985
-1460
-2814
5013
-1762
-5793
-5805
-889
-6185
1795
663
2585
3869
-249
561
2475
3721
1198
2203
1524
2233
-897
753
842
516
-1523
-241
497
-988
-462
-1578
-363
849
4779
1967
371
537
2626
3588
2190
3543
3018
-351
1871
2879
279
3351
1568
-504
3637
5426
490
-2368
339
2530
2806
-1644
6417
3139
9310
3799
3410
5394
3699
5745
4724
4635
5621
4913
3099
2950
4939
3770
784
1247
6065
4508
4576
6169
3703
2279
4573
5452
7680
2102
5265
5027
2865
3533
7002
4270
3876
3500
3007
6801
5806
3519
5006
6144
318
-2181
3105
6075
5708
1877
7787
4761
4281
2792
6852
1833
3059
2242
7686
6409
1066
124
2307
4712
6016
8056
3704
6154
6427
4216
4692
74
4518
2094
5676
1721
3176
4931
4790
3333
-556
3778
6250
2867
4673
6061
5433
3762
-1012
220
4730
6252
5010
4942
9260
11406
4510
2608
1340
2363
5410
389
5916
6475
3917
-365
3413
-1346
662
4860
4088
2437
738
1718
4078
688
4267
382
-200
5370
4674
1603
7283
7789
8819
-7
2696
4063
3194
1554
7627
6604
1853
-3362
2625
5422
4622
6850
5792
3046
-214
2430
8054
6532
623
1199
875
1363
4401
5445
7424
1814
1035
3110
5993
6576
7052
5792
4207
3529
4760
3258
-201
898
6487
5312
4311
2566
2458
2328
4366
2540
3913
979
2106
4524
10653
3031
5201
1597
2907
5677
5206
5705
7728
2644
5119
77
1596
1147
2374
6224
4062
5075
7526
6509
7140
3834
5628
4365
3247
3137
4307
3697
7258
7436
5996
6292
1532
2979
3718
1574
7402
4181
5194
4451
3344
2052
4764
4148
6240
5506
7120
5784
2619
5182
5609
2691
2271
1543
2322
3493
5400
4208
4933
2865
1352
6310
5112
-817
2876
1741
5110
5318
5463
4354
3194
5101
1937
5219
4836
3953
3727
2751
5617
1593
4542
5588
7164
7223
5174
860
3302
2113
695
2985
3525
-2203
4379
2085
4324
3268
7279
9780
5731
7306
2731
3671
5183
3812
2031
4071
6380
5902
4864
41
2814
1291
1437
-544
4639
3982
-1864
1098
1352
3448
6351
4701
5382
4849
938
3794
4987
6934
6862
5617
2688
-1386
6075
993
-1254
1032
5169
3006
9538
4908
141
901
3782
1589
4830
8122
2610
1872
2497
6135
6511
3880
3479
4891
-1402
7853
8468
9510
7456
-1614
978
3050
2690
3873
6219
6408
8435
6649
5436
2820
850
2622
4360
3600
4947
8876
2104
3967
1992
2585
6598
2300
-2857
-2569
2498
-495
3463
5533
2034
1163
2722
5376
2637
2165
1016
2099
4567
1040
2163
1356
5124
99
3378
1202
109
7439
5625
3498
4131
2771
4744
1153
8963
3651
1530
2561
7455
4409
2890
6528
5350
2647
2362
-1780
2072
2323
1555
5821
6551
3883
3464
1644
2779
2014
5964
1087
5530
3424
4764
3142
4930
1457
1162
1346
991
3500
6503
4188
3043
6390
7737
8893
5250
4274
3982
6042
3887
2252
3975
-1402
1352
2771
6310
4743
2453
4165
3743
6555
1449
-1062
2508
1351
5405
4065
4345
3174
4490
3874
2166
4394
2011
2654
4308
5164
9559
2896
2399
6493
3531
-591
3978
3446
7512
-1117
3831
4772
2896
1532
5733
8227
5078
6309
5758
4663
3137
3013
7106
6679
5148
2195
1689
5218
5669
4561
8899
3182
5402
4078
4095
8035
4233
688
4106
2912
3977
2917
2772
295
-1197
-797
8024
4093
3462
-119
1928
7240
10181
4693
8321
6712
784
1691
2006
5307
6685
2684
4734
8263
1663
3299
5574
7353
8997
3333
6225
3078
2744
2812
895
2511
1625
-115
2093
7286
6784
741
-1444
1579
2954
1581
1723
1094
1607
3874
4254
4788
3619
466
6436
1814
2777
5043
7173
9955
20
-2383
3312
1517
-1720
-1401
5001
5204
5584
-432
-912
2722
1948
946
4693
3410
5438
5195
7018
2151
1122
3746
-1407
805
658
3029
1615
2573
2420
1750
1950
4013
4242
-1565
5175
9449
3394
-41
6617
8873
3005
2444
8192
5477
2483
-310
2019
868
920
5545
2716
1636
2163
6385
-66
1197
4313
-696
2862
5434
-1433
3176
77
4075
2727
87
-933
158
221
-1359
-1120
-669
-1024
-1391
-825
-3817
-3368
-4466
-2604
366
-1185
-4539
-2065
-91
-511
-2803
-568
-357
690
-1917
264
2596
5384
2291
-6332
2470
2510
3059
4248
2292
6076
677
1954
889
-897
3077
5402
827
3696
-1028
2675
-367
2246
-2097
604
4386
2037
3070
1837
1565
3166
4355
-301
3881
3301
1458
1164
1616
-517
1379
-1055
-3672
-741
3320
4643
88
1607
2063
-1056
3681
-3635
-573
-1433
-614
904
3205
-1696
-1106
1662
3828
5255
3099
1094
-438
5581
-912
-1325
744
1318
3792
115
-3818
1773
844
212
1388
2748
900
-1464
1927
-227
1242
2995
-2358
-1117
-2309
350
-462
950
4183
1435
-548
-2150
2633
-1473
-4950
-1205
-1692
3011
-1350
-26
-1828
506
1921
1301
-957
349
3450
-1317
58
-190
3016
1045
-2514
388
570
-498
-1853
4214
-2732
497
1988
-1006
-4443
1793
1829
774
-629
-1443
-765
-20
4072
-682
-42
-588
1315
2382
397
2361
-440
-90
-3191
-1315
-2993
1185
-997
3347
581
-210
-363
-1806
2177
2692
3661
2911
3835
-3206
226
-911
1746
1235
363
-2082
-3582
706
2289
-3298
-3085
684
-413
-3384
3175
506
922
-421
1378
1469
1797
1091
1996
932
3525
3192
104
1361
-4419
1897
3820
-5460
-360
928
-3686
1933
1991
-1003
2420
-2691
2408
392
768
-4437
2612
56
3805
1696
-1883
1282
-1667
2890
-839
-1907
1604
785
-185
-3433
-1287
-1323
1532
-3003
2268
2698
551
872
-1102
-2602
2332
682
1919
2651
-1100
-876
-1003
-1545
1691
3970
3724
6609
-1751
-3441
-4277
280
1182
-3263
-627
8
-1604
3080
798
1479
-104
533
4121
-1451
460
1281
53
-1181
-2961
348
1648
858
-699
-1369
-5797
-211
1196
-2290
1686
3038
-1791
-295
0
-474
3757
1414
-1938
377
2642
505
-1551
783
4000
4651
627
-1660
-1281
-1258
-4851
-201
4212
-951
-2987
3386
-983
2517
690
482
556
3342
914
452
-681
4179
4987
-16
930
3984
-1296
689
2995
779
-4266
-1101
1277
-63
-2096
-931
3983
-2873
1306
1580
-1597
1679
1985
-39
1137
2243
2581
-2575
1297
594
610
-3995
1716
-666
-2339
-581
10
22
-179
-1773
2172
6026
2426
1159
2641
3761
1822
-1770
-550
38
-1012
1266
187
-4743
2375
-1228
2156
-1210
-2579
1080
959
3997
2879
635
854
4526
-1061
-2108
1319
1878
1520
325
688
-1333
-500
-209
1744
-352
527
1604
-2658
-4487
-3093
393
3496
60
548
-3657
183
2230
1112
-2584
390
1105
4464
-1513
4395
-1936
-562
-1722
800
2771
3858
-2049
685
-3079
-1609
-1908
-661
839
-4830
750
-176
1992
-918
621
-1025
310
1145
-1480
2644
2531
-441
-2759
1619
2632
901
-3011
212
-576
-3293
-242
-696
489
-2399
2848
-1375
215
1425
893
1294
746
-1361
-1405
-1369
2058
-453
1239
58
-1118
-2531
2753
2384
-1171
-2335
-2180
-1234
-2103
1058
3653
54
3206
40
-1806
637
-2878
-1092
-2159
-3019
340
2129
2005
2789
-925
1742
-2964
553
-3324
-1667
1451
61
-1216
-5564
1084
-3640
-2563
-1672
2082
-1046
-3653
-860
715
-4336
-3586
678
4486
2678
-407
119
-3955
4031
-1795
-1728
1810
-1201
4153
-3174
3854
-1048
-4387
95
-1537
1608
-1184
-2300
2995
1145
-4646
-1762
-3214
-1833
611
-2408
-337
-4062
-1900
-4363
1083
-2791
2578
-396
-684
371
-1218
-160
-518
4397
-478
-2375
-168
-308
1838
1223
2134
2332
-975
-1606
2563
-504
1490
-5213
1903
-164
-6013
594
2400
-617
553
-242
1236
3947
3134
-853
-3757
31
-543
4465
-1967
-3806
-2810
1443
596
-466
1788
-1312
2037
505
-3437
127
4883
2062
-3599
-518
1674
672
-693
-2808
492
5456
-624
-274
672
-234
-3586
-2117
2282
1841
-224
-1609
-2724
-2299
-864
2830
-6592
602
-297
2863
1319
-361
-1268
-1693
3104
1576
-883
271
3000
1272
-3909
-4059
728
-555
-1333
-2264
943
2526
884
490
-1867
-208
-2344
3129
-1462
-704
-1755
-3350
1559
-2847
-2760
-2209
310
-6304
-2439
2518
-2502
-802
-1010
-2240
4830
5741
2295
4863
4149
5478
5780
861
3267
5504
4121
3646
5317
5700
1287
3383
4512
3225
3646
2050
4782
5193
1414
4890
4733
-1564
161
3044
7333
5035
3155
1947
1808
-1383
121
870
2040
1913
3480
3927
-2583
362
4940
-61
1395
2056
3759
-1446
788
-2058
-4604
146
100
-2592
2871
-3595
2920
-3965
4913
2845
2269
-3559
-702
1097
1921
2218
2588
-6412
-421
3333
1313
2476
3383
-395
1762
1404
-4404
1139
3593
3523
2612
539
-3411
-506
-1417
-2121
-474
-2830
366
2931
-4211
-2714
3551
-455
-2856
3356
-1815
1822
-1558
1806
-2694
1527
357
1118
-2604
-1282
-6101
6078
1775
-1081
6040
3096
-1684
-3635
-781
1781
2447
-1908
-832
719
7730
1492
-2564
63
-1934
254
2501
-1651
3571
3228
1027
1446
-447
-597
-2413
-1445
-92
5936
2104
116
-784
-5344
-913
-1264
2145
1055
1840
5073
2170
3466
364
-1593
6964
1398
1162
-6089
-1653
5375
-266
-263
-2960
557
3505
32
2462
2926
2194
2024
2754
6990
-3978
1342
725
559
-3708
1343
-1113
512
1720
224
1526
349
-2555
93
-3110
-1670
-114
2263
3211
8530
3270
-2381
4165
-929
-1517
-549
-1495
-256
1259
1132
2244
-1750
1145
1024
-1132
58
-2462
-428
832
-2566
-2455
-3294
2125
782
-3502
-1578
1256
1774
-2900
3775
-1400
-504
1931
-373
-31
-268
-634
-1290
-2576
2551
1961
-1600
385
5363
1868
5891
4511
-905
1720
125
1183
-200
-1512
-1436
1042
724
1221
2779
-1082
-727
1989
1748
-2019
922
6253
-2415
793
4520
1325
3128
-3098
-2687
637
-3050
4742
1397
-3518
-2864
2762
-2473
-638
-15
-2181
-645
-4707
-1099
-3223
-151
-1235
-2048
7624
1783
-170
-5964
-5594
900
44
263
1799
56
2437
-2582
1126
-3956
724
4596
1896
2586
-360
1224
-1730
571
-2086
1835
-2246
-406
-2372
423
-217
-3434
1946
4394
3491
-1093
105
-4858
-3751
-554
-4995
1080
-6464
2175
2685
-312
3934
-3070
12
-4855
-561
2274
1066
-2143
1012
384
136
4419
4918
-3195
36
-2372
-11
1543
1775
3531
2918
2445
-205
-2211
3273
-701
-2026
2224
3415
-2
3931
1218
-2268
2756
1456
-1218
1902
-2932
-3407
1886
949
935
-2351
-2708
-3645
3145
-1092
1403
1853
-1549
-957
1862
4174
1802
-1414
743
715
6682
3002
1541
4028
-1049
-2100
-4576
-1515
-1731
3444
-235
648
-2634
-2767
820
934
-4222
-642
4631
179
1492
2231
-1463
2113
2060
1398
3002
2826
-135
-3302
5469
2726
-2674
31
1034
-76
-833
-2355
-1344
-825
4907
-1614
1536
3221
3384
-2046
-3436
2980
-3656
-2422
459
4001
3093
-3694
1057
4457
-325
-4443
-1062
939
1121
2008
-840
2432
447
-617
1044
1549
542
-2711
6431
-4158
-5880
-1302
1695
2274
3292
-2370
-2667
1327
-1685
1223
-1681
-2349
-447
800
-1071
-2767
-881
3120
2961
3482
-2570
2999
-821
-441
-2840
6311
2191
4546
-284
1192
121
408
693
-1874
-1788
-1882
-3690
-1469
3205
1247
2315
647
1300
-340
114
702
-1495
5733
-2834
550
-2427
600
3085
2668
-2305
-818
3955
5858
2564
1637
868
-3065
-2643
788
271
71
-1243
-1899
-3141
44
-4563
2030
-2565
-3134
1220
2535
-326
-2145
-3227
-2884
-1234
1918
3740
-1493
7325
2421
-1463
66
3244
1260
-1894
-3930
548
5106
767
4286
-965
-635
3506
7055
-2901
-3009
-1646
-3022
2537
-2315
1422
-1503
-2289
-5964
3707
960
-2569
-395
-106
-2121
-3932
1196
4911
1626
-1675
4045
791
4352
-1178
818
-533
-1402
271
865
1146
-1589
-2753
-1842
2082
2957
692
-1341
1318
3971
2653
3132
-2530
239
825
2297
1163
3916
3467
-3080
-1386
2571
2885
338
768
-3172
-603
687
648
4604
276
-1060
-4331
796
-4234
3409
2741
-2348
426
3785
1499
1740
-231
-1487
566
3740
2256
1135
520
-866
-3446
1416
249
-2354
-1142
1800
-1134
-635
-667
6913
3823
828
-982
2140
-304
5768
2338
362
2111
7669
7529
1870
3271
6354
4735
4554
3081
4337
2018
3100
8489
8567
5585
3773
4571
5814
7049
4213
3975
-1126
-1239
-1176
-267
3401
1515
-2414
1819
-1882
-406
-2307
-823
-3088
-1788
-4159
-642
-37
-1464
-1404
-1838
-1431
-3406
570
1902
-627
6414
3560
93
-2286
-1676
3106
7699
-77
1220
3891
962
-2408
2966
4078
1632
-1734
84
2422
2149
-1022
-1525
5819
3356
-24
3123
-242
1883
506
-3852
-2421
-463
-1290
-3356
-3022
-2033
-2730
-3165
-1272
66
2529
-4513
-2453
-3609
1158
907
-2111
4211
-2210
1916
-1106
432
-3175
156
-5397
-4115
-1862
-4778
-7583
1583
346
-3745
-6323
-280
278
-4522
-5307
2224
704
-1473
-1362
-1457
-1919
2840
-3176
-1833
-2863
-3944
-514
-2484
-2532
-1740
-1818
645
-861
-3093
-1972
584
-828
-3071
-3352
-4823
-5686
-539
-384
-689
521
-1847
-3636
-5184
4
-4740
851
-3757
-2087
2695
12
-5252
-802
1
-729
-2572
3325
1068
-2347
-4809
-286
-1474
-2004
-2884
-417
-4018
-3901
-605
-1568
1118
-994
-2296
-5436
-5381
-5743
-1136
2073
-2819
-1149
-2344
-4181
-2912
1781
44
311
-6153
719
-3853
-522
-2151
-981
-639
-4689
-1939
1433
-945
-2002
-1456
-3652
548
-2998
-1226
-3531
-2725
-356
-5043
-3420
-2789
-7138
-10
-4870
-2278
1266
1292
-3931
1551
-2367
2884
-259
2233
-4543
-2415
-1151
-3438
456
157
-1769
948
-4692
-3540
-5294
-5704
-5574
-2560
-4251
-853
-1825
-1584
-2912
804
-1909
925
-1864
-1945
-3473
1487
-1129
239
1563
397
1177
-3464
-3842
-1072
-6445
278
-3558
-8046
-2912
-3443
-1949
-682
-2920
-1991
1892
-1643
-1721
-858
-4254
-3148
-1353
-2258
-3031
-7100
-4626
428
-3154
-1364
-4372
-2104
-4439
-1218
-2445
-5033
-3908
-171
-5457
-3575
-3177
-2544
-2789
-3372
-3480
956
-5461
-1614
846
-2628
-5856
-3508
-4657
-2118
-4466
-352
2228
1398
-2439
-6058
-2894
-2384
-1313
-4512
-3034
-3451
-518
-2506
-550
1662
-1300
2964
-800
-2186
100
-2685
-1784
-2627
-2512
4057
-350
-5455
-3696
-2635
1513
-902
3843
67
-900
-6
-1340
-4948
-6535
-651
-6078
651
1512
-2225
-2908
209
433
-1183
2604
-3343
-5114
-4993
-6372
1496
-2514
-1412
219
3665
1873
2202
253
3656
3569
407
-5696
-1251
-101
-5954
-1655
816
3340
-1758
1980
-2399
-4214
-6876
-3589
-578
-2064
-3002
-2693
-992
-4856
-361
-204
-154
348
-2899
-2635
1072
-657
-3128
-2047
-4335
260
-2181
-420
-2319
-1656
-6416
-3499
-2711
1701
2468
646
-1784
-4749
-420
549
-2917
-580
-3077
576
-2233
-1803
-1713
-142
-2944
-3399
-3456
78
-5768
-5494
-5209
-1022
-795
-1385
3077
-1475
1242
-2865
-1553
-401
-360
-2828
-2830
-2749
-489
1635
4526
-1091
-3564
111
-68
-3759
3011
-1212
-3060
-4475
-2174
1218
-132
-1179
-2481
-2315
-3148
-3010
-5145
-7701
1208
961
-753
-4137
3186
863
2967
-2208
-4716
-1603
1131
-4952
-990
-4205
-3875
-1622
725
805
-3162
-483
-2240
-208
-2064
-2641
-997
-2424
-5230
718
310
-1356
-2292
-3181
-3366
-2075
-2981
-793
-4141
-2913
-2502
2233
365
-1441
-66
101
-2704
-2496
-698
-2832
-2869
-1765
-360
831
-5141
-4384
-5314
-170
1167
-966
-2253
-3292
-8839
-7353
-5969
-2534
-7551
-3671
-1725
-1381
707
595
-2222
-2571
-484
-2934
-4496
-4453
-4363
-3665
-2451
-2257
-1005
-653
-4911
-967
-4959
-3326
-1658
884
-3628
-252
-2672
-1235
-3190
-5899
-5249
-6067
2743
-944
-4946
946
-4120
-6508
-1614
1199
-1937
-1567
3528
4843
-261
-512
1545
-254
-2701
653
-2411
-2739
-2658
-3509
-2435
-1972
-113
-5642
-2013
-3735
-2870
484
-4421
-3864
-1977
2566
-2389
-402
-3024
1111
-1313
-1436
420
5250
-539
-1694
-1029
1203
3259
-2649
2819
400
-1171
-5082
-1914
3715
1784
2713
-2679
-4921
-6896
-4492
771
-1667
-3053
-128
2614
-4066
-439
-1299
-4164
-1677
-1976
-985
-3237
-171
-3183
-3994
-2931
1361
-879
-399
-4193
-4589
-3386
-7192
-4257
-485
-3915
-39
-3877
-1834
232
-4219
3805
-2806
-2125
777
-2691
-1564
-6021
-5725
-790
-3374
-6629
-3064
-3918
-3015
-7291
-7176
-3464
-2242
-3811
543
-3230
-3462
-1896
-3879
667
-3022
1527
-7367
599
-2885
-4947
1646
584
508
-2042
-893
-908
-591
-3390
-3294
-2318
130
-2532
-1096
-532
-1827
-2452
-1327
653
163
126
-633
561
419
142
-925
-3288
-2136
-610
-4202
-1360
701
1220
-2254
-2773
-3485
-4419
135
2793
-835
1075
84
1334
4941
-389
585
1350
-1296
-874
-462
1718
453
2707
1442
18
-1049
3476
517
3852
-2906
7646
8
-1744
-2242
4855
6796
2563
820
-216
216
-3165
-1003
5665
6443
358
1513
1947
-1046
4496
1475
1111
3081
193
1092
508
-2573
-1206
2744
2496
3696
3371
-2324
-355
4874
3293
2766
2010
1617
-482
-2961
-4752
-3265
3620
4145
1411
1699
4629
1747
2266
501
-731
2140
3326
1907
4532
1887
-93
4159
647
264
-515
444
5247
3339
835
-1348
84
-2294
-4534
812
-1231
6185
5112
1117
5104
-600
-2143
-797
4014
5834
1317
204
2264
3027
3452
7826
6889
4719
2537
-705
6696
811
-61
3869
-4549
5990
2076
265
5163
-2239
1671
-685
3403
2989
3052
6556
4294
-613
4017
1095
228
-839
447
-703
3494
6663
964
-315
3854
720
3746
1212
-247
1000
4254
3986
256
-2888
-2325
664
5243
490
5666
2533
5391
3430
1923
1532
1320
-959
37
-1299
-1950
6305
2909
2571
5345
-1245
2251
-2595
2072
4026
1390
-971
130
3765
1292
913
-1332
4078
65
-242
3473
-4757
-3161
4419
4521
6045
2182
-2516
-2129
-2023
1238
4908
2444
4800
5642
4325
666
2105
-4256
-368
-1122
317
-467
-2519
-163
4318
2640
3021
-376
1597
3671
-486
-126
-2321
1201
-695
228
4047
-513
5021
1493
1353
-768
2182
687
3614
-2922
5323
-2691
1069
4265
3860
3978
4743
2589
-67
-1067
3764
-2762
3335
2119
-1704
4328
3812
3938
2891
3825
2120
4500
4968
-1512
2727
6457
3558
2004
-312
935
7798
-2890
2447
485
2294
-2697
2685
1930
714
1719
2960
-3010
1999
785
938
-2347
-2438
1357
-1186
-121
-3122
-2198
3544
3671
2467
2827
-71
2571
-3547
-1710
1421
3193
-3179
2542
6795
6021
2221
2656
4790
-3276
-1556
191
843
-1356
-978
6600
-480
1298
2122
5167
578
-1694
2524
3700
1416
-1114
2316
-1158
2879
1175
3876
-877
1025
1929
-1897
-269
-76
-745
881
-4520
3362
519
3267
159
1481
838
-200
-2459
1277
3032
608
-671
-1288
2061
1906
1887
3855
6061
1988
812
1951
3762
4393
284
2236
1011
4389
-2460
1039
4928
1077
-3098
-1740
1248
1130
687
1040
1519
-612
1970
2435
719
2009
678
-3436
249
1351
4882
1604
4836
-264
-3027
-299
2224
1750
787
5359
1518
6653
-2381
3001
-833
1447
1847
5003
-212
6590
3189
2360
1710
-3977
-930
2136
8102
7366
1199
-163
143
3055
-850
2709
4655
1640
2904
3416
-649
1126
-1473
535
2954
4401
5304
3123
3157
-1437
-1763
7007
1501
4338
2808
-1204
-1304
-2501
788
-260
-1573
-1033
467
2394
2328
958
-864
2206
-3431
-535
2258
7210
3842
-2601
3274
-1338
-658
4799
4245
-87
495
-292
2289
1620
723
-1191
3888
2094
4032
-2295
3046
2942
4683
-1493
-2048
1943
823
7092
-675
1252
3595
6629
-421
-1871
-1364
-1423
-1072
2744
3814
1792
5465
509
-1675
4920
1649
894
3063
1186
-1186
1183
2034
1976
4624
8724
2010
3893
464
-2348
4439
1884
2574
-2216
2345
2801
-1395
-1480
1739
4578
4683
-3877
333
1205
4448
-211
2382
6138
1479
3253
4437
3032
5079
-1229
4446
-1830
-1465
586
3903
2056
-537
5172
3146
5216
2314
1142
4092
2919
-594
-757
4384
3903
-744
4039
3753
2428
5911
3017
6288
412
-3076
-737
908
1134
509
5422
-1448
2295
-3340
1526
2367
14
1016
1451
1278
1090
1602
-721
-2229
935
-2294
663
-246
-327
-409
-746
3075
1537
492
2230
3790
3580
4432
-49
1781
1368
2573
995
680
3890
-1048
-4182
685
1481
2190
-1061
3464
-1654
838
10460
1759
3542
585
-2847
1298
3818
611
3346
26
292
1952
1310
2592
1942
-198
5848
4206
7241
2674
-1916
5499
-909
1732
8071
4058
8553
542
2987
3817
6192
3852
2452
6228
10031
3806
1000
5544
6787
4126
6207
6902
3113
7113
1222
-2318
390
-2549
-2576
-3273
-2926
-1355
-5477
-4048
-161
-837
-1628
-1503
-1626
-1157
-1097
-2450
-3281
-2393
-3160
-3077
-2361
-5222
-2873
701
1890
347
-2414
-2246
-1922
831
519
1637
1126
-4059
1537
-594
-2702
-2463
1807
653
-538
-1626
837
-2521
297
-639
1432
3978
-1482
-1058
627
-1084
-1144
1035
-1379
-2161
-4574
-2186
-1225
1459
-1059
-2388
3204
-3503
-4226
-2568
-307
-1796
-3675
-3081
172
1556
-3606
94
-2286
-4112
-4247
-328
-4516
-3024
-3530
-406
173
857
822
-2075
1721
-535
-3452
1256
-366
622
-4959
-3524
385
-368
-1195
-120
-1554
-4365
-3978
467
-3205
-3776
-1125
477
-1698
-6466
-7167
-2149
-3642
-4106
280
2606
2243
-874
-7550
-3292
196
-1391
-184
1887
903
-3773
-3231
-3343
-2132
-1217
2443
-662
-3330
-1203
-662
-731
311
-4112
-2520
-4310
-906
-6471
-2016
-3840
1855
-57
-3
-6507
-4720
-3709
-842
1411
-3646
-3819
-175
-2664
-3985
-2260
816
983
-2523
-2093
-2423
-4571
3011
-6163
-5643
-3167
1009
-600
-405
-4364
-1152
-1891
-1976
3871
-694
-2054
-1503
1677
-2999
-1027
-2107
-2277
-4650
-5344
-1113
-2462
-199
-3519
-7159
-2622
-1487
-1139
-2623
2648
-2624
405
-3666
-734
1021
-5679
-5735
-616
-2496
-504
-1317
-19
-3046
961
2254
-82
-6687
-4154
-2016
-6752
574
-96
-1277
-263
-2747
-1189
-2478
-3029
-4835
-1167
-977
-285
-3497
-1130
-3298
-7174
-3341
3803
-1451
-1432
-1568
-3855
-3897
-2982
-1545
2842
-2011
-404
-342
-4024
-835
910
-2870
-3207
-2058
544
-2730
-5585
-2936
-2616
-2339
-5343
-1051
-2290
-1730
-4493
-7429
-2058
-2415
1196
-72
-1302
-4092
-2419
-283
-4296
-5217
-70
-6315
-466
-2825
-999
-1330
2514
-878
-5622
-503
-4556
-3777
-6386
-3341
-4668
-4654
-1972
-3521
2848
561
-1122
-1857
-3936
-2929
-790
-4787
-3275
-1213
-1706
-2800
-4681
-3611
254
493
-3021
-835
-4611
141
-4807
-89
1359
1733
-5602
-28
-1741
490
-2995
-4535
-2546
-1077
-87
-706
-3052
523
1310
-2208
-3287
-1816
-4251
573
2302
-50
-2623
-173
327
-653
-2659
-1933
-2692
-761
-4378
-3307
-1943
-791
-391
-5787
-7536
-1253
436
-883
366
-422
-692
-981
-1589
-2252
-2608
-1742
1036
279
2094
2261
-2774
-1250
-652
823
-1315
252
2494
50
-2289
-1342
-6026
938
2379
-1819
-7951
-8905
-5059
-2266
-2019
145
-2888
-2335
-764
-1409
135
-125
-1427
-2825
-2286
-294
-1024
-5207
-2836
-2362
-460
-4094
-2568
-3615
-2596
-1458
-5066
-5226
-2559
105
1255
-1061
-3047
-3698
-1268
-4067
-5403
-1240
-37
678
-27
-2508
-1402
-892
-2616
-5106
-2689
-524
105
-6553
454
-3282
-4909
2105
2194
9
-5196
-3515
-2801
242
-6530
-3076
571
-4635
674
-1389
-636
-2923
-873
-1095
20
2475
-1858
-2289
-1062
-3967
-2380
-3476
-4339
-3777
-4121
-1426
-1433
-2173
-2790
-1319
-2465
-7104
449
-3313
-4172
-117
-2051
-1673
-343
-2959
-4083
698
-3500
-4164
-2475
-1820
1367
-561
-1788
-3620
-1848
-5260
-1769
1918
-1333
-2167
-1756
-157
-1742
-483
-2316
170
1602
-965
-262
-2165
-3845
-6222
-328
995
436
-2430
-855
-3234
-3621
-5480
-1163
3014
2362
-2545
-3745
-2150
-2317
-8262
-3712
1010
402
-361
-1040
-8034
-4510
-7555
-1152
1565
-3833
-4033
-1598
4073
-392
-3911
2951
-1018
-4622
-3632
-3648
4418
742
-5197
194
734
-4093
-461
-5223
1266
-2700
-2135
-8185
-303
-550
-1026
124
-959
-3218
-5228
-923
-2206
-2123
-5954
-1245
-2550
-4336
-1647
1702
1219
-2244
-3875
-7978
-472
-6783
-6181
-3848
227
-682
-2114
-417
1084
-1564
-5039
-2531
-4555
-3162
-7062
-2758
-309
454
-5375
-3331
-1450
-2347
-1363
1914
-3097
-4782
-3068
-412
1562
1122
1678
-3591
-651
-951
-5414
-1787
-1705
-3834
-3755
-4196
-362
4130
-1919
-5003
-5245
-2308
-2212
173
-1717
28
-3291
-787
768
-1043
1001
-61
-5074
-2963
-995
2312
-3342
-6882
-631
-2876
-2670
341
514
-2589
771
-1615
-2256
-101
-786
-3720
-5650
-5143
-1422
2703
1027
-950
-1424
685
-1506
-930
1056
2526
-1585
-3315
2229
2059
-3589
-1940
3127
1571
-3040
418
-2601
-1977
-3774
-1641
1743
3296
3135
3912
2259
2051
2627
3750
4014
1365
1557
2582
2353
3560
2143
1556
1964
1393
2344
498
1829
2211
1834
4516
2975
1191
1407
-2575
2173
241
2649
-124
-1693
-689
2722
3641
4547
617
2426
6712
4201
2434
1330
1933
4815
4885
5623
3131
4242
2885
4508
5461
4805
598
2964
3192
2239
5661
2958
3112
5493
2292
1925
3431
2597
1993
7096
4610
1469
448
-110
3401
1915
3971
2509
8557
3590
3155
5073
5608
98
4494
5233
3600
379
3106
261
5064
5215
2105
3186
286
-1368
3819
5831
4684
3434
3127
4078
5383
4627
2373
4134
1537
-663
2019
3438
2543
3987
4479
6100
3530
1115
2348
8662
3220
-1406
3411
2164
4517
2360
4431
5428
3739
3294
2964
1598
1627
1229
2068
1489
867
-707
-232
471
431
2119
2790
2506
1103
3171
5903
2508
2963
4737
2476
4481
5554
4060
3932
3796
2217
-960
2995
4762
4449
6120
2441
920
2654
236
-299
2795
-290
589
2279
7284
4518
8256
5823
3842
269
2285
923
3779
3485
92
1444
1514
-215
235
303
1317
-332
2254
5424
6369
6235
7776
7122
3396
3402
1465
869
2390
6344
3493
-208
3804
6999
1330
3435
6175
-1444
-439
650
-781
1649
-947
5352
5122
5758
3704
4936
2813
7918
4229
1554
2156
2549
1767
2733
178
377
4461
6285
515
366
-357
-2248
2243
1981
2434
6
-548
2289
5119
6243
6824
6858
2788
2452
5269
4535
3051
3276
-2170
2668
696
2787
5912
4529
2300
2254
5597
5384
3621
8778
5763
930
28
508
3011
6217
3510
4783
6760
9468
3159
5187
6249
4947
3017
-364
-949
1414
-875
2596
4990
4244
2339
410
-566
2470
1107
1720
4241
5557
5717
3321
5038
4707
1256
1634
2811
1677
5679
4151
787
3903
740
2288
3307
1010
3264
2270
2305
3198
2489
3028
6602
2500
2548
746
4383
-979
-2985
2391
3154
2345
5626
3927
2884
1974
1748
2906
4617
-587
-2041
3545
3329
3075
11113
7694
3047
-932
2633
933
2663
2264
2329
2735
1250
1167
856
3520
6051
1027
922
4500
4613
1923
-511
3080
1498
1985
2416
7635
3243
1435
5254
1542
7212
2588
-159
4
856
517
1206
-243
3970
911
845
546
2273
1835
4862
7229
6519
5247
8853
11290
5888
3478
1675
-323
3177
42
1711
-274
1188
-1866
4396
3249
4406
2431
-704
1460
2175
716
3418
2613
928
1790
2887
7937
10461
4728
3913
4465
3683
1256
4921
1361
-1703
3643
5983
382
302
46
470
2269
2121
4398
4278
4256
-538
1099
3881
2344
3111
5057
2042
3158
6782
5881
2324
3527
-1946
733
3266
1617
4994
3989
2756
263
1208
5453
6849
5612
2665
3485
2092
4328
4772
3562
2267
4183
6946
3454
-39
768
712
1381
1898
550
1505
1017
3385
5802
3652
2673
3938
5350
1816
490
4620
4112
6008
5246
3436
-631
800
4733
2621
1703
-490
4273
6212
4266
634
-1188
-2161
2962
2705
1704
3388
2679
1592
299
4931
5473
2120
3802
3590
5579
7969
9072
5865
4569
5217
5799
2749
2083
2960
2392
390
2680
3811
6496
3461
995
1046
646
3659
5622
5534
6190
1174
-2428
-843
4477
-991
4856
6051
10143
2708
7172
5781
7225
4086
2934
2233
5956
1654
3918
2725
5682
5051
4143
5993
5764
5133
2475
2846
5223
1707
-1095
-1952
2815
3485
3613
1807
7241
4733
4744
4437
2473
1636
4308
8125
9191
5093
4481
6872
3448
4262
569
3119
3451
3960
527
1400
334
3719
2255
2543
5408
4877
698
-2530
2525
3151
1174
2144
4376
1185
6127
5955
3888
4009
1950
6166
4523
6878
2365
5238
3969
-803
-337
2600
4533
5798
3547
2021
2833
4919
4483
5581
6355
2311
220
5592
4800
2775
2415
3687
5964
4339
4709
5190
668
-285
3079
993
-1005
1177
2305
1651
5060
372
2183
-1549
3608
1175
3693
3723
5709
1338
-2297
-212
2384
5231
5235
-107
3132
266
796
1777
3051
2723
-1235
1270
5333
-660
-166
6315
1697
-1098
-422
2822
2078
-3221
-621
2169
-919
2181
935
-496
640
-1430
1193
-322
-200
4113
-187
-248
2013
500
948
-116
713
568
2760
1119
-2658
-1869
668
-2031
-2069
-1157
-1515
-508
553
862
-660
1802
-2833
1756
4453
3018
1725
129
-242
530
-1064
181
-2898
-1316
-3574
-6933
592
621
-1696
-1009
-4787
43
-241
1619
-896
-241
-977
-2881
-62
2782
-1664
1651
-4687
-556
214
-2019
-3247
-1402
973
-2416
1881
-3364
-1246
-320
779
-45
-1214
-3344
-2245
-4062
319
-1489
-1039
-1283
-2640
-4736
-6006
-1257
1852
-1439
-2310
-2958
-2180
-2385
1339
30
-2
-738
-2553
-4193
-1719
-582
-317
-4008
-4275
-2185
-1802
-1471
-1069
-2486
-5533
-479
1763
-1926
-1742
-962
-5649
-4093
-707
-986
1246
875
-3045
-1183
-1080
-3090
-806
-2428
-4103
-4695
-661
-6222
-765
303
-2979
-3096
-5170
-2879
-2313
-1562
-3207
-1080
-3143
2735
-3000
-1650
-1439
-942
-1907
-3765
-1975
-1365
-945
-622
-2555
-198
705
-4561
-66
2477
-1546
384
-3723
644
-3943
-4952
-575
1460
-5799
-2009
-240
-528
-96
-836
-1714
-6100
-4159
-4201
-5916
-1445
-3251
-1267
929
475
1945
-886
1386
-448
-1980
-5494
-2544
170
-700
-4502
-647
-2739
-2412
-1117
-3247
-4244
-3677
-5277
-1789
-3687
-2805
-551
-1224
1802
-3747
-6846
2393
2286
3132
-4725
22
128
-2056
-3595
-2005
-3247
-1257
-4448
-46
414
-2521
-653
890
329
-737
-2329
2075
-2527
-5513
-3574
-4566
-4140
-2074
-4952
-589
-1249
1102
2452
-539
-1578
-2249
-3345
691
455
-84
281
-3778
3925
3489
2371
-994
-2395
-2672
-3081
-4027
-2362
-2797
-2850
-2351
202
-1760
-3479
-1177
1381
-2946
-2107
844
-4710
-3158
-1137
-2935
-441
125
-2091
-1516
-2875
-1982
415
-1164
1642
426
-3034
730
-1919
-5216
-2768
-584
-2209
-1000
-1447
2630
87
-1420
-3433
-1695
5051
-2839
-5884
-662
342
-3
3089
-1003
-1988
-6856
-6114
-1484
2063
-6575
-6523
727
-858
-5325
-1386
-2682
1906
-685
-68
1038
-991
-2722
1410
1047
-6619
-453
-593
-3738
-6005
-3482
-3346
1936
665
-651
-1371
-358
831
-2201
-2097
2194
-1937
-3481
-691
-1695
-3401
3030
3355
-50
1371
-419
-3938
-1816
-3822
-2836
-4767
-1788
-2605
-2792
-2258
1657
-841
-1136
-100
-2088
-3749
-1730
-1364
-4081
-1666
396
-836
-460
1929
1873
1530
-594
1228
-1176
-2171
-2384
-503
-795
-2749
-2377
-600
-2050
1010
1977
-2130
-1741
-632
-2455
-84
-196
-4489
-1241
-1510
1012
-1863
-1833
202
-1655
-2016
1180
1358
-613
778
-906
-4119
-2822
1837
-37
-3991
-264
-1286
1570
1492
3750
-2581
-2312
-1679
755
-3993
-588
-2033
-2755
-4324
461
-1878
1214
-1282
-3906
302
-3967
-3574
318
-2032
-723
-1513
496
1231
-2327
-317
-196
922
-2170
-3279
935
-2034
-3197
-2947
-1751
1774
-3672
707
-2664
1744
-1265
614
1915
-2492
-1088
-312
-2126
-1534
3051
247
-313
-1046
-3120
-1031
-2776
-421
-3781
-620
1508
2344
898
-1162
2944
-2706
2972
4070
-2319
-2488
514
4043
-5849
-466
-2684
57
-481
-2378
-3033
-1211
-1541
-1608
-3067
-2711
-5147
-3806
-3327
-1340
3081
3269
2289
981
-2756
-2083
653
1602
-1592
-2033
1379
118
-3380
-3941
-2319
-2178
-4350
-2390
-1889
-3953
-5598
-1838
-1214
-2744
-2083
-3135
-1933
-2189
-5369
112
107
-106
-54
-2197
-390
3409
-4471
-4913
2705
3261
-1744
-3083
-3094
-3157
-4343
905
-485
-2529
-2611
-4964
-1582
-2025
-3182
-2487
1707
3020
-513
-2135
-2845
-2449
-5274
-1359
-2197
1930
150
1564
-3069
-4528
214
3904
1035
-2655
-6797
-1157
3119
-851
1308
-1250
-493
-1337
-2223
-491
-1409
1487
-2095
-511
-2799
-1313
-535
-3690
-2948
-3953
-478
2437
-2112
115
-3433
106
-2484
-5537
-1858
823
-384
-3811
-2284
-3129
687
-904
-2005
-4971
-1991
-7758
-4796
-2909
-4613
-2406
-1757
-1238
-605
-3372
-789
-685
-2124
-1686
-15
-1191
-1103
-456
-1247
342
238
-245
-2699
-543
-4773
-2948
-3923
-3008
-782
-5030
-3078
-1111
-4578
-5835
-2178
-3632
-1886
-546
-186
-3795
-5952
-1271
-2692
-3240
-4287
-1540
-1753
-1634
-5301
-2341
-1764
-4340
-6603
-2090
1509
-591
-334
-5646
453
-418
-4468
340
2674
-681
-1405
260
-3383
-273
-916
-2135
931
352
2139
777
-2449
-3651
1481
447
4232
771
4071
788
2543
1563
4395
961
1754
3391
3525
1813
2262
1111
-65
-4266
-3448
-672
2669
-139
2142
-1973
766
-638
1612
-675
-915
-5436
-1467
-135
1946
950
-1271
3603
2553
2466
1751
3441
3206
450
4772
2526
-3561
217
5047
2312
-152
2086
1073
3962
2528
5299
948
-888
1372
5015
279
-1525
-802
862
-3202
-3557
-2595
-2458
4579
2455
6073
-1864
-1204
3113
1537
123
-673
-159
1362
-740
5354
2601
-379
381
91
-311
4326
1668
246
-3047
-253
-2633
1482
-4244
-2215
281
1300
-625
632
3608
6965
-1319
-2480
528
5030
3102
1926
-175
-2034
-3612
1285
-122
-2299
-1414
1714
-475
2010
-1067
-966
-3948
-6544
-3357
1194
-1211
4946
-2624
1189
-655
-2154
-2930
1085
5925
8552
4792
523
3308
2721
416
620
2401
3353
1247
6443
-511
23
-1413
220
-4422
-3794
-1017
48
2837
3423
2030
-4582
-5020
-859
-1188
2186
3590
3048
4189
1415
208
-1742
4148
3767
2049
4115
1091
-2015
2197
1945
-2248
-2405
-2245
2689
-2346
-4617
-4789
-1414
-3152
-3766
-219
-581
2613
3199
2009
2955
-4216
-974
4646
1414
-876
893
1619
3233
1688
1137
4645
-249
3209
-647
2507
-3050
-703
-930
2951
593
1693
1664
-27
-1155
-3178
-1634
-2456
-2063
1241
2569
2771
5280
-1008
202
-689
-3001
3592
2813
4716
-162
-2936
-2348
502
4054
3537
-2409
3960
-533
-5522
-1252
-1094
843
3269
-453
4353
173
-1713
-5160
2246
-1258
-2827
5044
4278
3875
3727
187
150
2521
412
688
5915
2492
2362
2300
437
5031
2263
-527
1286
1777
-3967
-2487
5369
80
630
4422
3830
-752
2575
851
-980
1693
-1096
-1223
13
-2389
-3011
-1993
-2532
2858
-26
606
-371
1990
-995
-2781
-205
-37
-5434
1620
4060
-1192
-1945
3206
1201
1057
-1029
1462
2318
-488
1599
4473
1344
-3491
2350
1955
1549
3153
2740
-495
1688
1638
312
1034
-442
3856
-3498
33
3220
303
-3782
-92
5581
-61
3701
2718
2041
-1943
-1067
-1584
2771
1836
-3287
-2392
2551
5525
1660
-59
-513
2228
2132
120
1024
827
1686
-185
-3448
-2546
3955
733
-2643
-1305
-2899
3977
1208
2792
2291
-2218
-3765
-2043
-1082
3397
1869
3178
-400
4803
1241
-4381
298
-1417
352
101
4606
1749
793
3530
2338
2175
949
31
1787
778
610
-2245
129
399
967
-2256
2651
351
2993
4858
3421
5516
2244
1543
-633
-4359
-508
1285
2499
-1579
2414
186
-1067
3615
-1601
-236
-2119
-198
4152
471
470
-1637
2941
4589
2134
2734
4322
3192
-1119
1645
1886
-121
1953
-705
3746
3304
-2788
664
1689
77
1359
-1384
1139
5648
7209
114
-313
-3955
817
5177
-210
440
2078
2028
-4866
-236
1333
-426
475
5093
-1513
1750
6751
4491
3713
-130
1086
1142
3488
3060
1223
-341
-1338
-9
1031
1425
2416
3017
2497
-3340
639
618
-1141
115
-5485
-4606
990
4590
3827
5594
989
-4793
-1303
1327
2613
2794
1972
-2167
-385
858
108
-811
513
26
284
578
-4437
1735
-2237
-4534
-1061
1707
2507
-3046
-916
-2879
-638
-2436
-2127
133
3356
1058
714
1449
376
-211
-580
212
4370
3438
-1377
3162
-2026
-1798
-1041
2076
-1140
-3808
-2902
113
-506
-100
44
1828
-1040
-3593
-818
-3395
2705
-1287
-904
1913
2173
3230
3344
4260
-990
-3652
-1102
2659
964
3997
389
212
-1064
-622
1399
1218
2283
-3145
-2923
-819
4047
-1858
2875
-920
-1662
-1366
1476
4707
1310
-1404
-5157
-942
3816
2431
2764
2021
3637
1947
-3174
-508
281
4781
997
-856
-2596
-2494
-4541
-260
1112
-3215
1034
1437
-1983
-727
2812
2784
-1727
-1769
202
-3214
1978
3968
1460
-1055
2338
445
-17
-2565
3938
-992
-4131
-1756
-319
-142
3079
1773
-410
-450
506
158
-2529
645
3377
2456
354
582
933
2600
2654
-2224
-3059
2190
1085
655
1832
2163
1830
3486
-96
1874
4366
1049
2587
4602
1048
2849
2560
2804
5071
1514
3848
562
1668
1745
-744
139
1921
206
-63
-205
608
548
570
2190
-1628
6594
2058
-1452
-1504
-6271
211
1810
-940
-1049
-2941
-1634
1767
78
-385
781
2510
2233
-425
3867
-1249
4871
3166
3348
-2696
5770
2839
-712
-1493
-2156
-471
-5185
-5750
530
-407
-842
-143
-2236
1034
439
-1582
1972
-3288
-2281
2030
-4021
630
1614
6485
3643
-2774
-2587
-4518
-1353
-3017
-3326
-1455
-1199
-3659
-1694
362
-4858
-2892
3503
-2760
-3175
-6427
858
2777
-1619
3045
-152
1095
-1543
-1133
1222
-4510
-282
37
-2282
-2212
-4560
-5081
-82
-824
-3873
-2139
-1580
-745
-1107
-1531
-2461
2938
2307
3541
1378
2131
-3243
-4819
66
-3357
-1136
-2786
-2122
-5382
-3322
1227
1046
791
116
-3357
-1284
627
893
-469
-5034
4280
1779
4666
4308
5672
1752
-3236
-2590
-168
-2843
-1701
3088
-3865
-354
-3086
-4372
-6516
-707
-4349
959
-5105
-3834
-710
2520
2868
-449
6411
594
-1449
894
716
1138
-5708
-689
-2471
51
-512
-4345
-3521
771
-661
-413
-1026
-1137
-2913
631
-628
1384
5847
3283
6828
5216
2717
974
-2155
-3498
-1169
-3684
-4381
149
-1807
-1365
-3423
-6359
-726
-1702
819
-807
-2660
155
2035
2024
8700
-2334
3199
3984
1717
-1822
1001
-1984
-490
2652
-3309
-1170
628
-3616
-2566
-3256
-1491
817
-2993
-1335
-3376
-3031
1650
767
2334
-2357
4063
1804
-1798
-196
-1417
-2596
-237
-4640
-1231
-678
-5037
-4841
-1152
-1101
264
-3096
-1189
-1077
-3095
-2041
-822
4326
6455
2397
3153
1833
1019
-2112
-1467
-1197
621
-1057
586
-2208
-2540
704
-706
-880
340
-1933
-575
-1817
-97
-1427
-2869
-1564
4294
-4343
5410
5170
4930
-592
5283
-2569
-4814
692
-4031
-3505
-3432
414
-3419
1358
-5214
-1798
-2251
-1945
1272
-2975
-4355
523
2781
1447
3149
6312
4949
-4443
-1018
3049
-4585
3911
3936
-3821
-301
1913
-1299
-2014
-4383
-931
-665
-2152
926
6374
-418
1265
-338
1624
2706
-410
2559
142
-1775
-3352
37
-3136
-60
-597
-3023
-5527
-3339
-663
-2714
-970
-2910
-6369
-1345
-1165
-288
-501
2661
-1695
4822
4187
343
-1614
-584
-3291
-2355
353
-3803
-2421
-3531
-1660
-2074
592
-1684
-2311
-558
-5015
-1453
-2470
-1837
-498
4621
-560
3816
3182
-644
-125
-5359
-3009
-1509
4077
-1874
-3465
-4588
-379
-847
921
546
-1859
-3578
33
81
-366
205
2611
-1113
-3658
2640
326
48
-2879
5114
-2280
-487
688
-1505
-3277
-3106
621
307
-1750
-1390
-3664
-1263
-3769
-998
366
-3298
575
4685
-1464
1520
3717
2631
-995
1564
200
-1702
-938
423
-2283
-3199
-4218
-4116
-3717
-2639
-2727
464
-1683
-3164
-2597
3211
1465
3489
-1027
3462
5790
853
3170
1063
1046
3622
-2273
-3710
-339
-3623
1099
966
-4032
-677
-2323
-3547
-1841
-2624
2861
662
-1355
3118
690
9
-704
-719
-797
-819
-3183
899
-2092
-1410
-2262
631
281
995
-1153
-3397
-1788
-1793
-933
-896
-2762
-320
2988
7913
-1197
4128
4422
4178
-736
-2085
-1579
-7354
-654
-2730
-433
1008
917
-505
1093
2587
-3313
-2920
-2388
-1547
-619
3598
1388
3367
-2000
3745
4658
5351
2003
-5027
3279
2537
1400
-2062
-335
455
-1533
-4217
-3043
-1198
-1546
-5824
-4195
3432
3315
-3945
-572
6510
919
2132
3952
2664
3677
-3495
-108
856
-110
437
152
2193
1262
-3983
-690
-2802
116
-255
2263
-193
-5290
-4402
-2546
119
2478
6233
6817
30
-1463
-1793
-29
-2228
-1279
-2113
-4949
345
-3636
-692
-1539
-2615
-3918
-2144
-5154
-1898
4361
1162
-1805
-8
-535
2420
3474
2582
-408
-6225
240
-158
-3505
-1143
822
-3
815
-3252
-170
-2629
-1798
-2553
-865
-1151
1032
-3769
1922
754
2233
4724
3558
1854
2283
2264
-3079
-2061
1321
-1129
-857
-183
-2602
2717
-2315
-2158
-1261
-1121
716
-658
-2099
2241
2521
5113
-2866
494
3171
-2800
-6696
-776
-4816
-1212
-6025
-4227
-5457
1953
-2629
-7148
-2548
-4010
-5333
-3826
-4533
-5306
-5995
-1992
-1842
-1771
-3651
-4764
-4735
-3647
-5891
-4505
505
-6181
-4899
-3008
-1764
-2666
-4635
-3922
-5617
-4160
-4338
-3721
-1847
-2566
-4563
-2631
-746
-3951
-3663
-4643
-2136
-2221
-4516
-3203
749
-3835
-2335
-1281
627
28
-3009
-2931
-4608
-2198
-634
-2348
-474
-2856
-3782
-3485
-1771
-4201
-4398
-1821
-888
-4825
-3494
-4808
-2716
-61
-912
-833
-4108
-5017
-2539
-2874
-230
-2006
-4609
1822
-437
-4237
-2658
-4100
-1030
-383
-4251
-3753
-1317
538
-4567
-3711
-3450
-215
1474
-428
-2126
-4821
-3634
-1524
-850
1501
175
-103
4571
-2238
-3032
-3778
-1686
-3396
-4085
-2229
-5830
-7580
-4899
-662
180
250
-2902
-4227
-7146
-3699
-418
212
-3130
-6472
-24
-217
-2894
-79
2058
-826
-4273
-990
-3886
-3600
-2653
995
-1757
497
-2829
-573
-1045
-2263
-1778
-3774
-3878
-3768
-1063
-3714
-2578
2331
-2453
-4327
-415
-2622
-5493
-460
-5510
-3755
-932
1204
-2298
-1863
-720
-3121
-1346
-4268
-534
-3875
404
-5637
-3545
217
465
-1842
-3664
-4051
-1080
-97
-3871
-4391
-4100
-4932
-4859
-6355
-4314
-4997
-279
-1849
-2550
-3460
-5794
-734
1485
984
-2432
-141
1153
-1561
-4898
-8190
501
-4995
-3573
-3983
-5699
-6332
-2710
1472
-6214
-2521
676
780
-2421
-1799
-1621
-1433
-3806
-712
-2742
2525
-3745
-398
-1778
1938
-40
-5790
-4367
-401
-5970
-5805
-3021
-713
-6238
-1477
-1714
1748
-1162
-3572
574
-3296
-2972
-1896
-472
1355
-3962
-1682
-1338
295
-5001
1162
-505
-308
-2488
-729
-6227
-5736
-8653
-2402
-3365
324
813
-2768
-3018
-4666
-1252
-3517
-777
-2458
-2588
-775
-1184
-5669
-7047
-3301
-2892
-2043
-6631
-4254
-2411
-4516
-1508
4134
-352
-635
-3263
-630
-706
126
-3797
-63
-1969
-752
184
-2202
-3956
-5281
-5478
-4096
-2701
-3754
-4716
-6152
-1603
-2196
-2666
-348
-2622
-3455
1664
-703
-856
2144
-920
-555
-4608
-2817
-1438
-4216
-1180
-2385
-2863
-4016
-1768
341
103
-2560
-2402
-1404
-5069
-2191
-607
-1706
345
-2832
-3059
-3129
-1011
-750
1128
1350
1258
-4796
-3903
-1696
-47
-3016
3466
-4804
-2610
-4933
-685
-5282
-593
-1924
-1194
-1011
-804
-2857
3130
-5504
1105
187
515
-1003
2764
-1196
-5225
-4383
-1720
-4805
-1655
-1708
-5362
-6448
-1652
-1675
933
2376
-776
-2497
-1621
-2468
-1128
-2151
2574
-451
-1056
-2610
-126
-83
-4300
-6186
-5857
-5971
-6407
-2868
-5422
-5485
-2024
-642
3514
-242
-3552
-1266
366
-2183
-2611
-3371
-3295
-2392
-5204
-4834
-1936
-3815
-6558
-4852
-1761
-8335
-4724
-4290
-6321
-6532
-825
-3508
-1387
-4195
-6216
-2157
-510
1013
1839
23
-1052
1944
-1424
-3221
-5162
-3052
-5795
991
-1328
-4075
-4453
-5687
-5262
-2924
-1036
-3013
-1931
-4446
-4113
-1107
-4872
1828
1796
-3684
-4019
2362
-895
-518
-4358
1891
-2694
1808
2279
-2152
1685
366
-7580
-5729
-1575
-4749
144
-1004
886
-1167
52
-2336
963
490
2761
2331
-5001
-2607
-2092
31
-4591
442
-797
-5895
-411
-1934
-6984
-5185
-2487
-2957
-1658
-1267
403
633
-2949
-1909
-610
1152
948
1966
-2032
-3311
-5275
-2782
-2363
-223
139
-3304
-2611
-1008
-2481
-2303
-392
-2181
-6687
-4014
-4501
-2453
-428
3455
-944
-920
-3927
-3305
1069
-1939
-4601
-2637
1446
2589
-4594
-1743
-3719
-1328
-1564
-1503
-1458
-4409
-2289
425
751
683
306
1016
-4094
-307
-5124
-1614
-2845
-4798
-4637
-1136
-1130
-389
-5569
-711
-179
-797
-2911
-3506
-6778
-6817
-1378
-3839
579
-1708
-1143
-7694
-2835
-3282
-3270
-6220
1414
-2178
3677
4
-720
-8067
-5275
-518
-462
-4175
-4188
-4487
-4803
-2747
-2540
-2469
23
-2551
-1665
-4575
-1073
-982
-1784
-3097
656
-1648
-53
-1717
-827
-3698
-4520
-4338
-764
-330
-2413
-2709
-4560
-1830
-2204
-4873
-9
-4611
1739
-2215
631
-37
-3534
380
88
1009
-3066
-3357
-1456
-2732
-2779
-972
-1898
504
-4792
-6725
-4621
-682
1606
-2991
-4832
-1554
-1785
1001
-1747
464
-2255
-1179
-3079
-768
-358
1816
636
-1516
2136
-5380
-4490
-5226
-6825
-822
805
-1948
107
-679
-2447
-1294
-1569
231
-564
1748
-4372
-993
-193
331
-3388
1521
-78
-1522
-1248
-3590
-1422
-234
-4509
1134
1679
-567
4670
1314
212
1907
-64
1426
4802
2649
2147
-677
-41
96
855
-1516
59
1980
420
21
-1536
-193
4273
1172
3558
-795
2948
157
1094
1335
3073
1079
2294
-322
3960
2718
2903
2092
-296
2261
5226
2021
844
-845
810
3147
1921
1511
578
2130
1779
1248
2678
-2043
9
-1467
385
3193
-3944
617
-1143
1292
1714
-401
4937
117
-1583
1669
3192
1878
-56
-1922
-2931
3631
898
3056
2861
-528
-562
2746
1528
-802
-442
354
1019
-1481
-2301
1499
5457
-594
754
-1281
-448
1863
2675
90
4124
-1759
886
1216
3831
994
363
-2488
2014
-2866
1612
1215
2741
-1466
-1595
-413
4519
4080
-226
-1125
-1634
2761
1138
-944
5349
-298
-1907
-1822
2812
1403
197
-1295
-1003
-1948
3081
2861
-182
-2182
-1742
2610
2187
-2441
1853
-40
2933
2512
874
-1882
4442
-287
1887
1960
-785
-1746
-1399
1915
-819
3376
727
2448
1173
1313
792
2885
-2662
3455
2401
-2436
1140
-737
-451
1835
2505
-3042
2227
9
2207
-1423
-1777
1564
-370
1749
-1355
-202
-954
1226
107
2646
-502
2759
507
1839
4180
-587
3140
1674
1616
-2567
-4626
-663
2188
1783
-628
-3310
1847
-310
-815
1158
-868
690
754
-896
-1147
-1829
5134
6710
3548
-875
4754
-1524
-1742
-4281
1489
1171
-1300
6154
2399
4056
-2670
-4448
-991
146
930
422
2020
-1762
-4987
-376
235
-2750
1447
1364
1622
1089
117
-1387
-159
-1561
-2724
-1464
2653
3446
734
2692
3210
1935
3708
2198
1565
3040
2721
-3328
2122
-866
378
2433
-1364
1274
255
-2835
-1708
4671
-1274
2169
3381
-1630
1156
-1046
4107
1540
248
1497
576
4891
2237
-4030
-669
-1863
325
-1691
703
2598
197
-1944
-1690
4926
-2713
3944
5932
3060
-3305
171
-97
468
-1118
846
731
-90
1714
-250
-1600
-4094
2002
1105
3001
2795
-2112
-1639
-1893
-353
-2645
-910
4524
1482
1318
-3013
-1427
-1441
-2677
171
1638
2361
1420
5341
1364
1024
308
6121
1894
2031
979
-1589
2386
2875
-1908
-570
2522
1191
-376
-233
251
2790
-2679
399
392
30
733
6263
-2764
-2354
3164
3045
1496
1098
-1424
1141
-851
-1571
-549
1042
4304
731
479
-308
2088
3527
-3993
-295
-680
375
-993
3548
5054
266
2185
-3757
3679
-1835
2450
431
690
1005
1374
-739
785
519
-90
1190
1673
-1528
-1074
2345
460
402
-1598
117
-615
3298
4232
4374
400
1921
4199
1894
4795
129
-2903
-1596
201
-1036
634
2566
-1542
699
740
-3
21
-620
-1339
-761
1571
224
2067
193
778
2427
-2330
899
5170
-1487
876
2934
4817
-523
112
2765
-1025
611
-250
-1553
1300
-892
-682
250
670
-6434
-405
943
3431
394
1071
-1711
3715
3999
-65
-2161
-2759
-997
2692
2133
-1077
1102
-1737
-2141
-1740
-250
4926
2061
-1614
-2395
3155
1026
244
-109
3124
-1372
-196
2852
-1240
2650
642
-310
1735
1489
-4650
-964
-179
599
-1751
2907
483
1111
-1783
2851
465
-1352
-122
-860
5000
637
-1265
842
4061
3954
480
1001
2699
2947
-1573
-448
5029
2410
-921
214
4134
4348
1681
4742
-521
1773
2952
-4007
900
-2243
-3707
427
-501
3880
-166
4339
5763
260
-1077
-721
2026
-1361
-1373
-809
1701
6537
4910
2064
-3408
1535
4014
-149
1501
-2419
-3320
-183
2102
-4730
-1578
-1650
5066
2457
-2069
214
-860
-709
526
2401
1802
1824
2169
-1763
1500
897
2736
1805
-496
3069
-947
-2406
5421
-947
2817
-2024
1762
3211
-4729
-4398
3769
137
1853
1515
-151
-920
602
1977
-211
-1437
404
989
-1447
-4170
1406
3213
1288
-1013
-1030
3031
1216
2164
-1686
671
1868
305
418
6339
-1445
1891
703
2727
3092
-931
-308
-492
-884
-2319
3233
4927
18
-1469
-1480
-41
-272
1461
-1154
215
754
1382
-2402
2845
954
-69
1367
2086
2008
823
1187
-580
-724
-393
3753
3719
1326
5109
1130
-2743
-192
2825
6293
4675
2797
2250
762
689
5465
1865
2744
2335
2586
121
3971
247
-2556
-3631
-6399
-6735
-6384
-2539
-1293
-4503
-3566
-5026
-1619
-4778
-7190
-2613
-3238
-3154
-3783
-4363
-1996
-4563
-3922
-1621
-2324
-5149
-6217
-6681
-3408
-1735
-6545
-6651
-8085
-4704
-3677
-6579
-1776
-5451
-3867
-4389
-9266
-3845
-3569
-3790
-7296
-5460
-2691
-4211
-5714
-2252
-4144
-433
-8269
-13350
-2956
-5738
-2876
-2267
214
-3882
-4116
-1084
-5256
-1558
-2595
-3489
-1611
-207
264
-2458
-1113
-798
-840
-1432
-578
-3907
-4494
763
-4859
-2501
-2758
-1402
-2607
-1684
-2384
-1561
-92
1024
1557
155
89
-1231
-112
-2089
-6329
1844
-6206
-2601
-2595
-2122
-3640
-4849
-2180
-777
-4833
-1431
1981
1129
-2517
-987
-4635
-1730
-1831
316
-2448
-444
-173
-3689
-1309
1266
-4352
-3892
-2563
-1115
1267
-1603
1103
-1963
-1010
-2293
-6164
-1669
-2864
-688
-4141
-4001
-1015
1096
-6313
911
701
-3883
-401
-2413
-851
-2421
-2912
-4520
-3126
-2835
-3244
-3344
842
-2412
-2935
-1546
-1498
-4677
-5239
-3089
-4031
-3201
-4088
-1891
-3390
-3260
451
-1847
-2110
-390
-4850
-367
-1738
-312
804
-2309
-1520
-2522
-3844
-3645
-4376
-4237
-5254
733
-735
-2907
-3405
-373
-5547
-2857
-1276
-5695
-3292
-4866
-3223
-907
-1534
-88
-2819
-2810
-1414
-1027
-304
-5958
-3845
1830
-3296
-283
-2018
-1222
-303
-744
-1073
-2306
-7788
-4531
-2191
-2411
-4710
1363
-2890
542
-4755
-5075
-597
1082
-4562
-2286
-2221
-1544
1824
-1458
-2715
857
-391
-850
-558
-4873
-1401
-2169
-8534
-4130
-1036
-1153
-2151
-2957
461
-3913
-3810
-3502
1826
-252
-2952
942
-894
-4213
948
-1033
-1506
-6483
-7493
632
1382
-3675
-1638
-3239
-2479
-1455
-2560
-2652
-4456
-3876
-2017
-3263
-3197
273
-2037
1170
-4833
-2151
589
-3815
-6101
-3293
860
-211
-2838
-4569
368
-1847
-2286
-813
-344
-5635
1090
-1891
-4743
-4868
848
-3124
-3097
-561
-1670
1004
-144
0
-3018
-1288
-365
461
-1758
-514
-1040
-3445
-3546
-1991
3936
-4341
-193
1477
-1437
-1875
2609
435
-1047
-3109
-247
639
-555
185
-400
-693
149
-2940
-3523
1381
-5526
-1129
641
-3793
-1685
-4446
-1263
-268
-2950
-3390
-7854
-1671
763
-193
-1155
275
-2527
-1016
-99
665
1463
-4506
-1051
-509
-3957
-3445
-1976
-974
-1003
-880
-5418
-2031
-1204
2235
-2833
-233
-1168
-1517
-2478
-1445
3173
-2564
-2833
-2015
-2987
-1426
-2547
-1611
190
-2699
-1916
183
-1974
876
-2300
-4464
-1622
-1229
-4379
1804
-1744
-2861
253
793
-2647
49
-2160
-4390
-930
-1932
-2330
-4078
-3092
1625
-7227
1953
-636
-1870
217
-1180
-225
-8
-4478
-1365
-1779
-1201
-3512
-2783
-1792
-2410
-1074
-1958
2399
-5213
-5300
706
-1241
-1545
-4364
-815
-1634
-4378
-2848
-2257
-1762
-2278
192
-4820
-3575
-2489
-3823
-4426
-3427
-6498
-1146
3354
-1492
-1878
312
-3458
-2894
-1084
-4303
-1043
-3512
-4524
-684
192
-2857
-364
-4980
-2409
-203
-1926
-2632
-1587
-1149
-1535
-1680
-775
-4175
826
939
-6170
-4030
-4487
-5289
983
135
-1415
-3858
-2533
1195
1182
149
404
-772
-892
-3283
-1551
-1375
-4150
-3206
-554
-2677
-1946
-1590
-2757
1135
-1793
-433
-3950
-924
-6314
887
-3832
-4252
1259
-1236
1462
489
2016
-2478
-4571
-1614
-2141
1050
-2770
1476
-1053
1515
-1945
-2399
729
942
-1600
1194
-196
988
-3961
-2291
1156
-3076
-5780
-833
-2784
597
-192
-1011
1003
1033
-5131
-2471
-7049
-1786
-1539
-4669
-4171
-433
-523
4020
174
-1688
-1872
-2217
-1085
-4933
-1434
-1297
-1116
-1506
27
-636
2588
-1278
-3427
-4315
-2933
-887
-283
-3045
-3757
-1772
-1701
-1114
908
-2469
-3652
-533
-2739
-4112
-2543
-56
1394
-4712
-957
-1413
-528
-2258
-3111
2047
1732
-1510
-6682
-748
-3227
-1135
3252
-61
-3747
-1565
-557
-73
-251
-3224
-599
-510
-1868
-1296
-1835
-1085
-1782
394
-5235
-6451
539
-748
-2848
2200
-1438
-2792
-1089
-3194
-1060
-4261
1234
1363
284
270
-1004
392
-1565
845
556
279
-985
533
724
-3045
-3735
-1709
-5673
-2306
-2292
-2599
3942
-449
-2963
-6241
1486
-1399
1489
2442
310
-587
-5178
-2420
-2198
-1744
-4172
-2413
-3899
-1312
740
-3120
-2097
-4967
-1697
-4166
1330
3602
3461
4950
-2329
-577
-52
-2245
635
-954
2073
2173
1283
-3
1044
262
-869
-2771
-932
-1625
152
-4325
73
156
1793
-990
-5146
-398
-1767
-4796
-95
-764
5040
-1855
1923
-1148
-1818
542
3833
17
842
-502
1727
-1542
1266
-3491
-3889
1739
2256
934
8196
3881
5474
3803
1811
541
1701
3531
5173
4450
1619
1569
1912
1087
1243
2917
2429
-204
6721
-220
-953
2051
4137
4649
8005
2952
-1739
2989
318
3969
4434
962
-1715
2990
397
-486
1018
971
4298
2007
-2461
1646
2522
-588
729
-132
974
2771
3649
3265
-1696
4239
3825
-1356
832
-1479
-1933
3937
1729
789
2021
-2430
2102
3718
1901
3915
3402
-488
-875
4019
3218
5076
3615
1820
2940
2246
836
3134
2072
1352
4909
6847
4523
5046
2540
765
-3
2810
3067
2519
8469
-2231
2552
3717
2852
-1582
-194
-297
4169
4550
1352
-1067
-233
986
1496
2311
719
4098
333
1971
2544
2038
5108
3222
6639
1305
932
1145
5402
4768
5075
-1930
-409
3350
936
1176
3260
1847
794
4110
1707
4244
3606
2961
-153
-892
1339
2325
6657
-642
2515
-879
2114
70
2171
-476
487
3721
5507
-1812
1376
1945
-2769
1641
1564
1136
4190
-497
1874
4380
2591
7532
9542
-1961
1224
3520
342
5571
2493
1629
650
4846
1477
4962
8861
7293
6243
856
1213
3363
-343
3905
5183
-3023
-794
4804
2863
-1529
-2572
3242
-1137
4326
3141
3871
4494
-237
3627
129
-4504
-2044
-1881
520
159
-1667
1349
-346
2791
5405
5866
1134
2746
158
-653
-848
2763
4017
825
3539
4376
2478
5678
5032
-1291
4754
-698
4245
3103
489
1005
2854
3964
1754
2292
1479
1025
-719
-119
-165
2891
3383
1521
4397
2709
-277
-104
3361
4209
1130
2375
2132
2203
946
594
6272
1194
964
1998
1408
3024
-3034
-3540
2131
-1260
587
2625
1578
863
2040
6467
-96
402
674
3688
1787
4297
4055
785
1795
1817
757
2724
993
7298
-3722
175
-136
2037
1299
5882
648
1616
-1900
-930
-4630
3806
-240
-1107
195
-672
1102
-2573
-1062
-199
1934
3505
3836
5935
3084
-329
1459
84
-82
3731
2440
1430
-90
377
-1725
-354
1232
200
2205
2831
-1647
1638
5115
1719
2393
1137
7873
10365
-2687
-307
16
3357
2298
2758
917
1289
-1793
-1880
2869
790
755
2290
2569
3153
26
-1299
1783
-987
3026
-993
1171
-159
-4521
-1299
1802
4583
2259
3844
5590
2925
1783
-47
2664
347
2283
2901
421
844
2096
3311
3
2919
672
2949
5264
4750
-2492
-2074
2268
2722
-218
2879
1181
5003
1728
994
2657
-2091
349
2649
885
313
-353
1905
4280
2039
3255
216
1600
5714
-788
-1749
219
1676
-1438
428
-328
554
2353
5046
3720
1313
940
1120
-81
-318
-3076
-1962
1100
329
2812
2177
1341
5030
3328
719
1520
1769
1307
1989
44
399
-959
216
-157
2648
1683
3007
4399
2921
1462
1113
1682
-314
2391
-711
3521
6162
976
712
496
-338
-272
1807
1125
1518
2668
1549
-726
3414
4118
1751
2007
4250
1886
1246
825
1437
5254
2257
4939
2857
-1561
-317
597
44
3038
1605
2115
-1487
2276
2622
970
2040
4907
2874
877
782
321
2678
673
4476
2823
345
4630
1963
-5418
-1974
499
4345
1236
5331
1127
55
3978
2996
5587
4691
942
1733
1455
692
2080
1682
3129
3325
-68
3868
612
2215
-2910
266
5387
2385
718
3047
4582
4321
2864
1516
1475
1267
1740
-180
4136
2696
417
2196
959
2055
2088
1232
-1255
4326
341
-847
-752
-744
1678
1923
1181
1449
-564
2770
4056
3344
-560
566
3697
3057
-683
1000
4836
3292
5637
-216
849
2211
1117
1449
908
5519
5601
2893
1488
-298
4003
-42
-794
3107
3975
4564
861
-763
4985
5924
3954
1756
8052
8572
6132
9550
-2373
-2981
2129
4170
674
120
2535
1851
-1613
2011
-3369
1850
-3499
1624
1608
459
-883
2531
-2423
-405
2676
8036
1078
3101
172
535
942
1144
1757
1905
2987
4009
2249
904
2337
6044
1123
1252
463
379
-616
-733
-2361
1260
496
4587
-1041
1130
-3134
-853
3294
6628
8304
8808
10373
8760
4091
4139
5223
3550
3308
6933
4802
3096
5794
3157
2285
7014
5154
8282
7635
8996
5905
958
5432
4716
12086
16660
8801
7061
7346
2531
2513
7719
4283
5279
8660
7319
5513
8656
4185
5606
6583
7494
4377
5229
2648
2301
3644
7449
9949
15529
5657
6391
5221
8135
9120
8145
6016
7341
5580
4781
4522
2498
2244
6954
9394
8601
6580
4006
5839
4508
9202
5203
6214
5906
5204
5670
8812
4333
7067
9928
8152
10138
10940
8630
3315
2452
3145
6250
8456
11900
7729
4467
7092
3024
4545
11757
7111
2035
-346
1822
6873
6331
7860
2309
-1443
3678
10023
8399
1632
5092
7619
6982
9537
6779
3677
7897
5595
5210
11909
10793
8195
6922
6235
2843
6538
3741
3975
6918
6249
8158
5510
6612
6847
3634
8050
4141
804
8579
11114
9120
5998
7142
8125
5112
4984
6021
4505
5478
7583
6795
2848
1952
6836
4815
6128
3709
10315
7236
1917
5568
5632
5890
11677
9700
6586
5147
3799
4694
6317
7371
10341
5370
7707
3552
6324
6092
7356
3691
6551
4488
6868
3893
5474
4050
2104
13329
10243
10868
8564
2750
8672
3621
4091
4547
6594
8126
11545
7317
2995
4746
3173
4514
977
3873
4872
4287
10480
6485
8229
9660
10848
7703
7683
5266
3502
2450
5155
4456
3383
4978
3681
5837
10416
7762
6623
4972
6084
7278
7049
6478
10368
10014
6974
8920
12040
10785
4065
2968
4023
6871
4359
1967
7676
6364
4778
6119
8546
5521
8282
6800
6934
4711
5540
9167
8867
5385
5769
5695
6032
6979
5008
2460
8621
7992
7953
11218
10773
9781
7303
6410
7587
5764
1695
2316
8128
4302
2229
7212
9283
4309
3207
1012
4073
10597
3528
5954
7594
7601
5891
5676
3536
5459
3962
12044
5691
1728
5013
2982
1758
1090
6812
3489
3810
5283
9687
11116
12325
13996
9921
777
2994
5086
10097
5852
4301
5248
3305
6571
13412
8082
2812
4584
6669
10205
3933
3289
6463
5682
5490
12252
9753
13705
3884
3018
2460
6470
6414
4306
3295
4775
4963
4820
4812
4210
4828
5646
10309
8509
5969
7131
6365
5090
6195
4645
10325
10478
3835
4613
405
7083
8139
6091
8385
5867
3900
2677
5103
4914
3949
6883
7047
8177
7018
5267
6672
6881
6172
2663
8273
9749
3872
1086
4979
7103
7707
10107
7519
8224
1344
1572
3363
2021
7235
8237
8190
6829
3683
4169
1877
7488
3551
6037
12312
9466
322
5768
2324
1323
3802
5218
9122
12005
5546
8684
6644
4385
6681
5145
4904
5584
5022
5219
9183
6348
3918
3693
7308
10886
8425
1316
7118
3628
4258
5623
11105
9591
6141
4226
-638
2562
4194
4080
2157
6381
10741
6349
5153
4159
6021
6698
8942
12737
9325
-868
1850
1901
2024
1173
6431
6473
5580
3968
1219
5700
3841
8275
6559
2582
8635
13285
9228
4162
8933
10760
9396
7072
7479
2742
4788
4812
6270
3064
3084
3802
4985
5582
9260
5711
10020
7906
9552
6245
3023
4050
1905
6110
4868
10119
7458
8631
11689
2817
4641
6118
5496
5117
4531
4685
3850
7686
12020
10428
4749
7695
873
5671
9681
7777
3171
9703
9565
11610
7563
8046
7662
3551
5352
5720
5638
10448
7104
6327
8599
4453
8130
5407
7288
2907
2056
5338
9238
6334
8497
6692
9338
4032
5183
6592
7703
3898
6171
7075
4070
8701
9716
4018
4392
2863
7238
4869
1914
5755
7593
3451
7133
5035
2168
5581
4881
7499
5891
9598
3244
3913
3458
9536
9221
5412
1839
3468
5130
5529
1833
6319
7805
10542
6696
2926
5522
2896
7451
12563
10162
7146
13438
10191
6117
3703
3627
6863
7723
9333
5501
6620
7936
9628
3094
3781
9892
14240
8538
4168
3661
10867
4884
7444
14862
13744
9760
11781
3531
2558
6955
5504
8409
6192
9921
4974
6519
4868
10518
8785
9044
10611
3048
6016
8819
12538
9229
5089
14017
14838
12520
7355
8127
-626
375
-712
1783
718
-4163
-1393
1197
425
-4912
-990
-3100
-1718
-416
-527
-1172
-1957
-4522
-4509
-2068
-925
-319
-1140
-371
1304
3852
-1876
-3665
-4990
-4937
-953
-2542
1334
-4512
-877
-3808
-6438
418
31
-2165
3356
-515
-1117
-6125
-4938
-5400
-375
675
2120
4348
4825
-4446
-518
-1506
-6057
-5213
298
-3855
-3704
-3435
-3013
-1990
-3331
-2272
-4102
-4029
985
2642
4149
-1452
-4631
-5245
-1238
-1373
-99
-3316
-5053
-3775
-7220
-5245
-3234
-1981
-1491
-842
-1840
-1945
-3178
-2161
-1297
-3963
-3577
-5521
-2470
-2393
-5163
-8477
2785
1977
-2291
-6467
-4998
-5770
-4919
-490
632
2676
-1267
-5327
-5790
-4833
-3438
-576
-2689
-886
-4320
-8279
-3493
-2957
-6262
-6463
273
-2335
-1832
-2382
-5516
-6081
-4823
-1261
703
-1832
-1931
-4646
-249
-1383
-1724
-1250
-1677
-2286
-2178
-1071
1717
42
-3826
-1561
117
-1896
-2949
-5564
-4602
1567
630
882
-2025
-2249
-3749
4044
-912
-2119
-5074
-2060
-2142
-7189
-3546
-1438
-4933
-2536
-8645
-6472
-324
1543
-2778
-6785
-4678
-1110
-5459
-3045
-266
-721
-5618
-2039
-4337
-2874
416
-488
875
-1595
-2562
-7560
-6057
-5275
-4401
-4102
-467
-981
-1106
-2878
-2077
-2504
-4929
-5869
-6460
-2636
818
-305
3382
2009
1949
1162
-3078
533
-1921
24
-6144
-12366
-5295
68
876
-1157
-4551
-4719
-885
-3075
-3226
2730
-1542
-3742
-2532
-2310
-2260
-5916
-821
-1542
1656
-5072
-7273
-8974
-3888
-6206
-6635
-11946
539
4474
-3308
-1975
-1335
-1233
-4541
-5996
-3788
-269
-6146
-2526
-2115
-4808
-4380
-2696
-405
-2557
-812
-5007
-606
-967
-4616
-6344
1935
-2253
2796
-2998
-319
-2521
-974
-3316
-4210
-5934
-1322
-2776
-1357
-2732
-4235
-6050
-10751
-4975
-740
-1102
1234
-4528
-4928
-3841
1509
584
1697
-4039
-2813
718
-4355
-6037
-4782
-179
2121
-3669
-2340
-2437
-333
-2071
-415
-453
-1754
-1907
-5310
-4214
-4561
-2653
-816
-1941
3210
1203
-4687
-2412
-184
-4146
-668
-3354
-983
148
-714
-3519
-4702
2325
3443
-3734
-4104
-1760
-5727
-4802
-2532
-3629
-392
-2757
-2445
1956
-644
-4508
-6722
-696
-3056
-9123
-5457
-1481
-1827
-325
-1560
-3182
-1101
-1825
1062
-2303
-9187
-7671
-4043
-2391
4486
-1717
-5790
-5337
-4352
-4307
-2747
-1158
2474
-3196
-2145
-616
-2395
-3284
-2714
-1585
-5700
-571
-4354
-256
-918
-9244
-5837
-498
941
-1554
658
142
-438
-4396
-3272
-1245
-3880
-2970
-857
-3949
451
-2108
-2913
-2611
-3021
-2812
-2249
-3696
-4971
-10194
-5392
-6270
2503
-1116
-3
-4358
-4096
-2146
-1019
-2328
-1537
-473
-1263
184
255
2273
873
-4536
-3406
-1429
442
-105
-2070
-2107
-3630
-4043
-1399
-2949
-3539
-6692
-6098
206
60
-2259
-4967
-3788
-637
-8165
-5938
-5217
-1193
-3671
-8598
-1628
91
-3551
486
-5787
-6007
-1945
-92
1025
1194
-2713
-2328
-1314
-4169
-3455
-2067
-4947
-688
2739
-174
-1737
-2739
-2629
-3986
-913
-4569
-4192
2068
-6457
-11317
-3463
466
-1556
-2417
-1833
-3928
-8
-2623
-1459
732
3076
-5313
-3545
-4439
-3149
-6029
-8837
-4418
-1772
-735
-5326
-5967
-6077
-7838
-1881
-1420
-2484
-3597
-6019
-2293
-3915
-3796
-9541
-3194
-2956
-1865
-2329
-2151
-3347
-1754
-1119
867
-336
-1323
-308
-3611
-2798
-4999
-3628
2234
916
4058
-1784
-3787
-4252
-6236
-883
-2948
-5596
-7768
-3441
-2992
-7001
-5751
-5591
-996
-6198
-7100
-3861
-10690
-6955
-5766
-3985
-2298
981
201
-1943
-4061
-2044
-2316
1176
911
-5490
-9530
-6076
-3623
-1700
222
-2383
-392
-620
-146
-4641
-3541
-1186
-5673
-4491
54
1868
-2143
-2861
-2693
-3615
8
-1112
-880
-2775
1472
-5368
-4128
1862
-1879
-5041
-7732
-5373
-9451
-4038
384
-2919
-8631
-10476
-439
1283
250
-239
-2905
-2954
-4515
-2408
454
-3714
-5209
-2246
-5354
-2241
-1216
-1184
-5135
-3299
-7347
-5012
-657
-4782
-5571
-7982
-2895
-2304
-5644
-3595
-3677
-2941
-4373
-3953
4024
3758
-3751
-5852
-5067
-2761
-2890
-5083
-1039
-498
-4981
-5107
1128
-6165
-4963
-3870
-1192
3391
2019
-6768
-11742
-5037
-2759
-3461
-2758
-3683
-5116
-4684
-6736
-5973
-2932
-4179
-9441
-7473
-5857
-5074
-5749
-3757
-7874
-5994
1130
-1071
-227
1962
767
1985
933
2564
1649
688
1047
2699
646
-1275
-513
1223
-301
-1790
82
-668
485
2021
-1272
-917
1784
1177
-1165
4522
1748
1856
3447
2537
1362
740
5232
5985
5612
3284
2412
4479
2538
2622
1756
528
2107
3091
4655
1743
3484
881
54
2297
3041
610
875
2360
2138
4043
3670
3694
497
1674
3555
3193
1797
-1975
5030
2546
2578
-1842
1325
3473
1238
587
-204
7815
6230
5682
3068
3264
4756
5165
3247
1799
-612
2474
6052
4265
-276
-538
3188
433
2337
4688
3927
8020
3468
5676
1324
4684
5155
4133
6139
5041
1116
3679
1851
-257
2061
5356
3192
3053
-1743
1409
3558
2438
4596
3471
4482
3907
3234
7074
3972
4250
806
-963
-2379
-193
6402
6486
404
-372
-666
5686
1892
4225
3339
6109
4731
7356
6376
3500
5250
6109
-1716
5486
5141
6151
3407
1334
1024
-647
-909
3808
4308
2316
3327
6745
4626
2553
4838
5121
4326
5532
6323
7469
6657
3728
1544
6606
2448
1243
2358
5534
2685
1774
46
-868
-723
1875
1824
3048
1837
2380
4978
3833
4327
3289
3264
6316
5987
7286
4400
10409
4743
4378
763
4065
1916
2112
3088
4954
3648
435
-390
-2780
1437
-969
3074
9153
4652
1056
8948
11401
8580
9989
2051
6391
4422
1584
5091
2418
5925
5577
8387
6554
1651
-477
4320
1497
-535
-774
4609
2514
704
837
7995
5094
6468
10551
6197
6371
5141
3919
4727
423
483
4498
5981
4538
3319
2523
1084
3035
6415
4732
1970
8951
6286
1197
4143
3860
6183
6147
4142
5119
3822
1702
5123
5261
5094
3657
1236
1694
4850
5530
797
1627
3994
5576
3171
4066
3132
4590
1954
1644
3974
4822
1530
4999
1670
4258
5689
3174
3989
5838
758
-2412
4559
2201
403
4930
2345
-1217
2274
4627
2050
342
-2748
1609
4502
8132
2391
5540
6225
-2447
-315
4299
1738
-1368
2860
2624
-1147
940
817
2867
1816
3610
1969
-294
492
4621
8937
5072
1097
5238
2735
5591
950
3421
4369
4780
1187
791
1029
5878
-107
-1071
908
4837
2680
-698
3480
2181
2791
2054
4568
6060
8126
1667
3814
5039
3543
1575
2030
3054
1583
4116
4372
3267
1550
2455
3650
803
1190
-2341
5305
3371
5685
7205
5691
10708
9499
9108
2539
-302
216
4904
3472
2800
1036
2055
706
5390
-122
781
1880
2460
-835
698
3285
4122
3996
-204
6071
8982
7425
5921
1681
5560
2973
4838
8379
4151
1325
2237
6470
2250
2329
922
1997
2939
6604
5202
7999
1605
1184
5006
4681
3579
1835
3450
2056
4611
1815
3312
3911
6087
4933
609
5807
3840
4102
2661
1389
4399
8450
4285
6107
2605
546
3824
2991
189
5548
6306
3255
9150
3962
3584
2027
873
3603
4300
587
2349
6034
5475
4176
1843
4784
4067
5574
763
-221
4289
3173
4963
9101
5895
2864
3019
1923
823
5660
1353
7232
7832
4035
1811
1544
1763
2877
2075
3907
3292
4447
-1584
1848
479
5129
4563
4486
7871
3854
8690
6230
1941
1531
3648
5146
3560
4398
2483
2957
2629
1681
6715
7854
5411
309
2879
2757
50
6704
6008
4005
8597
2594
2865
5725
3739
-932
3188
5379
3216
1642
4735
6185
5542
3140
4912
688
3100
588
-994
5108
9789
9125
4366
3293
5040
2780
3601
4745
4092
-672
968
4530
3605
3508
4624
5326
6963
2258
3465
1554
3453
1793
4146
4596
7466
5690
4930
1947
6361
853
6178
3352
2798
197
1676
6553
4956
2920
7260
3059
851
3580
2720
-1279
2732
3933
3315
6616
2086
5293
4696
6108
1838
2176
8368
5240
6336
2548
2942
1746
1590
1857
346
4302
6702
5289
3797
1460
4544
7346
5835
7208
7222
2531
6528
6800
6643
3433
4516
4953
5789
7769
4877
403
2974
2587
674
1706
3809
6108
2126
113
3800
3360
5691
2196
7967
7140
5571
8030
9807
3910
7797
6049
3762
5342
4345
1758
5555
2295
2973
4501
10290
7115
4414
2935
6235
6501
6801
6105
7535
7502
11588
7243
6802
413
-534
586
-6153
-2515
-2502
1922
729
-2334
480
-1644
3324
-2849
714
-2363
185
482
-3011
-2362
-34
-2919
-2905
875
-314
979
-295
-4958
-3893
2328
455
-448
-2568
-2964
-995
-1409
2307
2508
-377
-99
-333
-1567
-449
-155
-901
-1611
-3167
-3333
-2640
21
-4908
-3304
-1777
-1869
-2701
-338
-3669
-48
2975
-2351
-1286
950
-1085
-1225
2014
1093
856
2176
-1938
309
-111
-1673
-782
-2733
-3938
-5329
1675
-1586
-3096
1860
-902
3297
1590
-339
823
95
-6133
1254
3019
1899
2708
-1412
-6697
-2290
-2391
-1295
1831
-381
-208
-3805
18
-2789
-5175
2036
791
-177
3660
-738
-480
1616
2742
2827
1630
1440
3762
-1312
1798
1319
2668
-1926
-54
202
-454
-2228
-1183
-2578
-1724
361
-2182
-329
1100
2006
4731
2245
1295
2043
-1457
1312
-1534
-1073
4404
-882
6115
-2879
1250
-6369
-6422
-901
-2758
473
1661
3029
882
-3084
3287
4462
6153
1118
544
3758
886
135
-491
-1044
1494
-1515
-2585
3551
-1548
-4756
-1457
-2085
-24
2250
4435
2095
-2002
-1713
3356
1106
-260
-2911
3807
1145
584
-387
2153
1776
-636
-4079
-2147
-1429
5292
-1683
-2918
-996
660
1446
-4789
3326
1524
2384
1356
4641
1901
-450
-1095
12
-5318
-1107
-422
1976
379
2817
-2450
-5120
-5846
-1559
-4462
-36
-1729
-2533
197
-1081
3445
1846
-47
-1166
-674
197
1122
-3176
-3648
-3738
-3270
-194
-6202
-2616
-539
-2633
-3381
-2752
-2133
-141
-4273
-884
1395
-100
1512
-769
-532
6765
541
1691
1977
621
1649
-4614
4013
423
4804
-3536
-3289
-287
372
-2225
-3183
-3937
1185
93
867
2613
191
130
-673
1256
391
1406
1171
-710
-4148
2497
2447
331
51
-318
-2384
-3483
181
-1484
-3125
-866
3008
-1998
592
1032
510
-111
-326
379
5255
65
267
2280
2789
4399
-3489
478
1442
-107
48
-3573
2208
-1757
-2394
866
2713
-698
289
-739
-1078
-2383
4685
-5333
-2212
1943
-200
-1252
106
2722
989
409
553
3166
-1326
-1682
-1349
565
-861
-6423
-1466
2460
2272
-741
379
-2284
3075
-1751
417
550
2458
-1851
-3113
-2918
93
142
-910
1546
-1067
-5640
887
-518
1846
-3496
-1748
-879
1301
-1313
-1528
-394
3832
-2409
-367
31
-152
-1692
762
-410
794
1415
3744
-2693
334
-1304
-5324
-1901
-2772
-5468
1592
300
-2899
-732
-2175
-1084
1821
4576
-1825
-1860
2148
2797
460
4487
508
5491
-2598
-1278
-443
882
-5177
-1535
858
-4648
-529
-3750
-1472
2666
-376
-586
1704
-1448
-2289
-84
458
1206
-1885
3269
465
-5264
-2923
3612
-2161
-3576
2251
-2628
370
-1894
-1468
-2540
-481
643
2736
-793
311
873
-2767
-1850
-2435
-3918
2590
1032
-1192
-1069
-2646
-1639
-1291
-5031
-865
1859
783
-1568
279
1885
-1511
-4057
-545
376
1657
-641
3188
3694
4000
-4028
-3993
1853
-112
-913
1752
-430
-6
-3414
1308
-793
-1117
-3840
-2708
-1636
-6970
1047
410
380
-1887
-3720
-5654
-63
1299
3115
806
998
-475
122
-3088
-1658
240
-2519
-1094
-1053
-3017
2081
1131
-1440
-3834
99
-2774
-3661
-4348
728
-1331
1414
-1175
3928
1830
679
-1081
917
685
803
-137
-1759
-1632
-554
-2597
-1314
1051
-112
-2040
340
4592
316
-428
-5232
-615
-223
-69
1630
-238
2221
1764
-324
602
-1140
3682
-3387
-1543
-1195
-5090
-4698
8
281
-912
2668
3354
2565
2352
-325
-2033
3408
-500
-347
-321
-2834
-820
7201
-5237
95
3097
-3345
-2257
-1272
-3962
-288
1602
1651
-1305
1418
1393
3908
112
1143
-2850
731
-251
2427
2590
-4539
-338
-252
-365
-247
1219
221
-2963
-3407
-3762
-1239
-1118
272
-178
-2059
-3490
4641
-17
-4039
1625
984
-4779
239
1129
-375
249
2796
2484
1213
-4780
3568
3863
2899
-2172
465
-1906
-1216
1959
-4960
1459
16
-3656
92
-543
-2960
-95
-1995
-391
-4907
-630
1328
2221
-1358
2192
374
3229
-509
-2774
866
2558
1121
4383
-555
4912
-1986
863
-3061
2336
479
1183
3544
2731
-704
3801
2967
1830
-1361
-830
5561
1478
-1802
-1559
-346
-2334
-3618
-1364
413
-3411
-797
-230
-343
-3027
-1834
-1736
1768
-2438
-2769
-292
811
752
-2149
-2752
-3954
-2980
-738
-3606
-2645
-1342
1509
-3060
-8782
-5002
-2699
-6047
-4491
-3712
-7697
-5137
-2389
-7387
-3609
-461
-1919
-5336
-4348
-3177
-3545
-7751
-4440
-4663
3595
-1172
-2756
-1444
-5852
-4212
-1730
-2907
-6709
-6246
-8486
-4538
-5535
-5315
-3211
-2096
-7557
-4023
-6478
-850
-2628
-4666
3141
2906
-2734
-3454
-3281
-2990
-5562
-462
-2395
-6316
-4473
-4250
-4642
258
2202
-2429
1809
-4804
-5115
-2964
-4641
-5172
4330
-6110
257
-4332
-3687
-6323
-4672
-1837
-6224
-7265
-3976
-4127
-3500
-382
-140
1093
-3972
-1606
2777
-1366
-4783
1952
-4370
4260
178
-9655
-91
-3790
-4833
-3827
-1774
-316
-7538
-6355
-1767
-4231
-4541
325
-1884
-8387
-7941
-2485
-1051
-7240
-1636
-2298
-3261
-3455
-150
-6589
1067
-7576
-5880
-6338
-4297
-4913
-5996
-6261
-4198
-2490
-853
-1555
-2286
-983
-6167
-4381
-491
-3506
-10066
-4779
-3077
-3138
3043
-9027
3713
-1029
528
-8454
-5094
-2452
-3214
-897
-3464
-5741
-3937
-3833
-4181
-4864
-184
-2674
-6195
-6060
-4185
-7511
-2706
-2666
-2321
-8103
-1876
-2543
-5106
-1018
973
-3340
-4599
1100
2527
-1527
-9561
-4297
-335
-2042
-5398
-4152
-5716
-9039
-1165
2373
-7160
-8362
-3165
-13326
3160
-1952
-6832
-5655
-3386
-1559
-5363
-1438
-3077
-4480
-3363
-2949
-943
-543
-3856
-5321
-4090
-1371
-2676
-3402
-3559
-176
-2884
-7219
45
-16
-7569
-4535
-6573
-3842
-1625
-3994
-1754
-5095
-6805
-2813
-1263
-5072
-6667
-9622
-2754
-3253
219
-119
-2047
-1408
-4992
-8803
636
-3193
-1786
-5787
-3443
-9153
-4253
-1169
-4762
-5668
-889
-915
-1977
-6160
-3654
-1753
-3526
-8950
-1930
-1966
-2161
-3536
-6095
-6269
1355
-481
-4204
-2635
-1748
-401
-6583
-5149
-7691
-5388
-6947
-6306
-2607
-5498
-4755
-1080
-706
-4221
-1857
-1952
-7841
-7587
-2911
-6748
-2876
-4010
-2266
-124
-3092
-3089
429
-1579
522
-5336
-4305
-4775
-4633
-2931
-3067
-3532
-4144
1335
-5552
-4079
-2656
-2471
546
-10378
-1833
-4190
-3559
-8393
-4610
-2275
556
-2608
-2487
-7503
-3089
-1271
-3755
-5126
-1088
-485
-7295
-5963
-7357
-329
-4034
-3559
-3491
-7101
-1950
-255
-926
-1725
-3783
-5264
-2134
-1543
-1339
-6656
-7991
-3297
-819
-3651
840
-3879
-3489
-6307
-3302
-5175
-1769
-3329
-1834
-8668
-533
-3561
-419
-384
1078
-3419
-3792
-1530
-4148
-3288
-1544
-273
-2919
-4522
-4752
-6062
-320
287
-6908
-5544
-4756
-4552
-4764
-2422
1023
-4798
-466
-5338
-2262
1738
-4159
-3879
-6037
-5185
-3594
-5159
-3853
-4555
-7094
-3684
-7685
-5351
-3076
-1129
-3118
-5595
-2242
-5466
-2590
-878
-2637
-3983
-4060
-7500
-3840
-4060
-3614
-861
-1726
-5209
-685
-4490
-4798
-8678
-8349
-9132
-361
-819
-5973
-367
-1082
-10651
1010
-6877
-3374
-2113
-3150
-3326
370
-5553
-7456
-6827
-7315
1039
-4129
-591
-5075
-6710
-6886
-1384
-1676
-4849
-529
-1971
-859
-10427
-4000
-5457
-3037
-4069
-4668
-4056
-5608
-10049
-7379
-3688
-3886
-3898
-4373
-5506
886
-1849
-4878
-3102
275
-527
-3396
-2870
-490
-6622
1848
4737
247
-3193
-3568
-3398
-8340
-6533
-4477
45
-590
-4798
-1562
-7880
-8484
-3700
-3159
-1072
-4270
617
-8414
-7177
-4356
-8116
4530
794
-4093
-2750
-3349
-1463
-4587
-1580
2129
-413
-4112
-5646
-5691
2282
-6318
-9546
-1637
1509
-5709
-9228
-6750
-6829
-3710
-9955
294
-1344
-4032
-3545
-2200
156
-189
814
1517
-3937
-2780
-8386
-6810
-2170
-3068
-1288
-1174
-1182
-3912
-9655
-2818
-8929
-2998
-7464
-1014
590
-9584
-6050
1604
-3087
-4558
-6149
-3971
-2725
-5547
-1588
-10291
-6717
-1314
-3916
-3777
-5386
-5459
-2161
2062
-932
-2262
-3572
-1834
-2713
-358
-3955
-3376
-3318
-7099
-1937
-4769
-1282
-5474
-3394
-2271
-2841
-3680
-2674
-7651
-2728
-2767
-2257
1364
411
-902
-4148
426
-1199
-1801
-326
-1831
-4333
-2537
-56
-5917
-8746
-4152
-3213
-378
1406
794
-1421
-2053
402
223
-5907
-3793
-1494
-4759
-7231
-701
-3789
-3820
-5476
-3921
-8345
-2833
-5863
-775
-1708
-4116
-4291
-8414
-4304
-7613
-5226
-1235
-6686
-6221
-6070
-6493
-9382
-3561
-8199
1608
-644
-1747
-1594
1458
2321
-1086
-293
-379
-4556
1703
-3872
-937
900
-315
-818
5199
2006
-1331
-2182
-2816
27
1267
1380
-813
1755
1604
-8319
-4210
-6937
-2898
-3577
-4485
-4163
-1545
-2069
-5226
-529
-4021
-3237
-162
89
-370
-2328
-233
-2929
531
-949
-1366
3189
-1907
-3210
553
-1722
906
-1165
-2081
-1552
-5683
-4558
-6296
-1311
840
-2144
-1932
-6778
-2223
-1334
-1415
842
-3855
699
-1312
-2318
-8581
-1449
-4733
-4841
-5805
-4626
-5522
-5916
-4111
-3959
-2287
-3127
205
-370
503
-7689
-3587
-193
-970
2076
-3197
-5308
-2940
-1968
32
-1403
-3139
-4148
-3335
-2862
-1945
556
-1151
1178
-3851
-5802
-6017
-6116
-2090
-3314
-6476
-5054
-4603
2877
-1091
-3602
-5261
-5878
-895
-7041
-2113
-4650
-3881
-4575
-3798
-3632
932
-2980
-9381
-8620
-3526
-4654
-5719
-8308
-3068
-4556
-7212
-3410
-3273
-817
-943
-1933
1278
-6484
-5852
-4628
1321
-2094
-5572
-6479
-4866
-4128
-4849
-6724
-5565
-4170
-3425
-6959
-5549
-8104
-7341
-6209
-1641
-3364
-677
-2586
894
-1684
-2435
-5863
-5465
228
-3675
-361
-1434
-3146
-7734
-3178
-5014
-4430
-5212
-2364
362
-6507
-8274
-3045
-5869
-3040
-1623
-4114
-2573
-115
-5268
-2862
-3384
-4931
-2703
172
-4030
-500
-2119
-6013
-2917
-3066
-6273
-5313
-4377
-3773
-8520
-7708
-1983
890
-2029
2852
309
-2980
-7922
-3928
-8728
-3830
-6739
-6730
-889
1299
-315
-4392
-8761
-4000
-7668
-5052
-5283
-4599
-6432
-5242
-5686
-2656
-5903
1384
876
-3019
-6617
-1383
-1903
-3932
-8081
-2695
-7196
-7903
-7909
-8297
-6722
-6910
-6426
-6480
-5362
-1864
-3534
-6098
-7708
1945
-4685
-1702
-2034
-3552
-6737
-6708
-4811
-5189
-5380
-1377
-5238
-3089
-3727
-3967
-2542
-3467
-6323
-12268
-7680
-6482
-3762
-4287
-3062
-2149
-3843
-2972
-1528
-4372
-8523
-7242
-2577
-9110
-6593
-4112
-4718
-2955
-1028
-4677
-926
-1416
-3254
-4683
-4266
-4636
-1904
-3342
357
-5046
-3812
3022
-3091
-2373
-4057
-4101
-1569
-4209
-3889
-3757
-3369
-5337
-2988
-2887
-530
-1699
-5267
-4172
-9454
-5586
-9154
-5162
-1935
-2048
-1051
-450
-626
-6443
-3193
-1980
-5936
-4529
-4390
-5461
-1252
-3045
-4167
-6088
-5547
-5252
-5960
-215
-4661
-1360
-6823
-4169
-8253
3055
-3949
-752
1278
-1943
-3071
-5258
-2240
-4189
-4737
-165
-5681
-6275
-6665
-4558
-5063
-6054
-2967
-3295
-3554
-5579
-6676
-5637
-2175
-1591
-311
468
-4510
-6769
-4666
-7934
-4842
-2479
-4340
-2623
-488
-2210
-8339
-4637
-2908
-636
-4413
-8576
-4281
-4278
-4922
-7092
-2781
-2166
-1384
1104
-2801
-7362
-8651
-3472
-12
-3593
-4088
-1818
-5454
-4743
-6691
-6323
-6213
-7024
-5007
-1981
-2617
-1640
-4514
-3840
-4086
-533
-2377
1643
1570
-4922
-4772
-6814
-4880
-2870
-5981
-4687
-4496
-1690
-1427
-3634
-5449
-2799
-5755
-2254
-5047
-4908
-6092
-3002
-4040
-267
512
-893
-2950
-3784
-5849
-5452
-6036
-3251
-2527
-3155
-6894
-4636
-4342
-2305
-3206
-4693
-4624
-3864
-5333
-5254
-200
-732
-8764
-1934
634
72
-3
-2374
-6294
-8414
-7624
-6750
-5158
-3338
-4098
-3046
-4676
-3274
-1850
-4204
-3373
-3792
-4836
-3555
-8665
-1771
-5719
-2296
346
-1114
-882
359
-1677
-5557
-5122
-1886
-3081
-6775
-4812
-1819
-2539
-8288
-9004
-3777
497
-4907
-4441
-5066
-8074
-1578
-5047
-6451
-754
-4534
-2749
-1538
-848
-5018
-2510
119
-2584
-3283
-5917
-5716
-14
-4549
-7257
-6320
-4524
-930
-9029
-10899
-4576
-3561
2841
-1957
-2043
-1650
-1384
-686
-4604
-7572
-6350
-5515
-3266
-4688
-1659
-7473
-6154
-3556
-3987
-3653
-5176
-2276
-1378
-5928
-2866
-4182
-3636
-2332
-3380
-1148
-3834
-2632
-2438
-6805
-5113
-5558
-2759
-4951
-5091
-3271
-4545
-78
-1580
-4723
-6526
-3391
-7278
-820
-5417
-5219
-89
2028
-951
937
-1685
-3998
-6256
-3276
-6988
-1612
-4678
-4634
-6346
-2987
-5802
-5953
-4610
-2927
-3494
-3559
-4787
-1988
-1082
-8289
22
-1588
-809
528
-864
-3877
-9761
-1895
-4629
-1816
-3893
-1007
-6127
-9209
-7576
-3345
-9584
-4447
-8733
-5558
-11380
-7735
-4680
-5688
-1831
-3277
-6302
371
856
-895
-8234
-1557
-3342
-5547
-4078
-1320
-3217
-9110
-3599
-3406
-8108
-4981
-7529
-7433
-11142
-11013
-8392
-7418
-1430
-4867
1843
10
1513
-1695
-2851
-979
565
610
-1342
-341
545
636
-1012
-781
1890
2356
745
631
1549
1043
-677
-285
1823
370
2293
-1643
-3755
-1419
-4680
-15
920
-2921
1215
-2800
-2055
1157
869
-53
1746
224
-1800
-1789
-2106
-2254
-886
-2024
-7381
-3691
1888
-2185
-4734
-5646
-11321
-3073
-1177
1366
-567
-3406
-2262
994
1354
2080
4206
1268
172
1399
-4891
-2314
774
2422
-149
-6013
416
-1260
665
-6380
-3176
-1387
-1500
831
1638
-400
-330
-1762
-2069
-2217
1555
-2198
-5134
1565
-604
1191
-559
-3895
-614
-3806
174
-6231
-3981
-3251
-2671
1645
-1356
-988
1259
1456
855
-956
-883
-4420
-3615
-4905
-3713
-4614
-1931
-1132
-2931
-4287
-164
-3014
3013
-3459
-2647
13
-2567
3731
-578
2071
1067
-837
-4690
-1455
945
-2482
-976
-442
-1204
-1124
-3901
-2416
-2857
-4817
-5671
-3601
914
-3931
-5657
-377
-545
-1978
-3447
-515
2329
2124
1371
-152
-855
-1624
-4456
-847
-653
1207
448
1318
-2169
282
-6735
-2525
-2545
-7184
-5109
-468
-592
1015
-3123
-1761
-862
-3536
-883
604
4696
1316
-871
-1445
-1397
-997
-1367
1180
-3776
-3811
-4018
-7115
-391
-5386
-2082
-7191
-4897
-5871
-307
-2141
-2658
-1078
-5148
-1830
627
-4207
334
-2846
2970
683
97
-2280
-2019
-5655
106
-7624
-1889
-6682
-464
-4394
1106
-791
-635
422
-4595
-5310
-870
-2327
-1505
-724
-1114
-103
-2330
-1082
1430
-2917
-4103
-3569
-1920
-2238
-1035
-4777
-4780
-2679
-194
-3165
182
-2748
-1257
-1608
-5118
-4231
-1382
-223
-2573
-708
-2680
-3267
-6801
-6512
-4367
-3842
-3181
-2463
1016
-3431
-543
-1300
-906
-4089
-5206
-1710
-1250
-1607
541
1206
-3413
-2621
285
315
-1496
-1212
966
-729
-777
-361
-2795
-1245
1598
-3318
1665
-4361
-2165
-1752
-2190
2839
-5100
-1146
1576
22
-1445
0
-718
-548
-3749
-3354
-3106
-2036
-2060
-259
-3504
-2041
922
-5542
-1578
-3113
-2185
-1017
-4204
-2866
-3111
-4167
-2039
1467
-1555
-447
401
-2049
-282
-1727
-2154
-937
-7174
-5898
-5603
-2730
272
-3891
1363
1752
-1445
-2153
-2416
145
373
-92
-3520
-1158
1764
-2975
-7087
64
5421
307
-4001
-1599
-3429
-6163
-3283
-5042
-640
-2299
-2956
-657
1301
1357
-1814
1215
-978
-958
-62
-2021
675
-554
-2791
-1092
1323
-1920
-1430
-2056
-5158
-6455
-3572
-2536
-257
-2154
-3082
-2289
-1134
-85
-5273
-41
-1249
-680
-2028
-914
225
-527
-2626
-4787
-1917
-1013
2223
2226
-749
-724
-2876
-2269
-1089
-4777
-121
-2316
1071
-3035
-4513
-3099
-497
-857
-1395
-2389
839
-1701
-2628
120
3164
-3544
-452
114
-5967
-5595
-2253
-3411
817
-1720
-736
-1617
-1346
-1602
-2597
-3987
663
-330
-1902
-4984
-2244
-240
1254
-2173
1746
363
-1800
-3588
-819
-4170
-3121
-4850
1493
-1123
-2814
798
-2223
-1417
-2793
-3568
874
3495
521
-2474
-149
-2857
-440
-742
1991
443
-819
-3032
-7043
-7420
-2640
-6086
2726
1600
1829
2687
3046
-1220
543
-1592
462
-206
1026
-363
2325
692
-3014
-1682
-1915
-1087
-1631
596
-4333
-6129
-1404
-5433
-2040
-4591
-4899
-1977
822
2674
-802
2601
2587
-1262
-2509
-2731
-3693
-200
-3357
-4308
-1857
533
-2768
-3056
-823
-2927
-3062
-5084
-1205
-4356
-2410
150
68
-715
-2850
-3837
-2539
-7706
-6402
-874
-5728
-853
3017
2902
1393
-3112
-3597
-770
-3608
-3661
-2329
-1953
-1339
-3118
-4782
-348
-1809
-1334
-4009
-3617
-5438
-9032
-5614
685
-4868
25
-2160
-329
1758
-1809
-6181
-1575
-504
-1789
-3717
-3331
679
-2800
-3835
-6107
-2151
547
-165
1119
-1373
-5579
-3765
-609
1616
-2791
-740
-4363
-596
1143
2142
744
-297
-2338
-3351
-3326
331
-4431
-1689
-3671
-7735
-2656
604
2127
1368
-58
1880
-2492
-6832
-982
1106
-1184
-1849
-2293
-6473
-6543
-4719
-2844
-5053
-5779
81
-3022
-3254
-4944
1384
-3832
-1428
-1491
-1215
-1293
336
49
-3582
-3425
-774
-695
150
-981
-722
-4425
-3704
-4692
-3249
-3840
712
-983
-1123
-3460
-1290
-2206
244
-1834
-787
-873
-759
-1381
-5013
-1038
828
-3510
-1872
-906
-3573
-2022
-262
985
-128
1408
405
-756
-1236
21
-3025
-2194
-1419
-4848
-2290
-590
-1192
-2071
-2933
-3205
-1581
-1717
-730
-425
-89
-473
579
741
-1702
909
2385
1143
2775
3887
4601
4269
3644
3689
-36
3465
2162
1393
1238
2597
-3065
-4236
-5637
-590
-1570
3621
-809
-3312
-2087
1677
1879
-502
-1253
-1066
-5605
-1184
30
-945
-545
-3450
4208
3585
2405
714
3610
10024
4887
7167
1530
-868
-144
-10
1712
-606
1122
-238
4743
121
889
1428
534
-1670
5450
114
2624
-522
-2280
-5636
-545
3333
-1129
4384
2596
4878
3490
408
-574
877
1482
-3072
2298
4262
646
3123
994
448
247
-1922
-456
1793
-680
605
2946
2754
-1193
1028
-418
-2946
950
125
2273
-249
1835
5336
-190
147
1365
4287
5144
-651
-1512
-406
-987
1812
854
-1370
-2856
-404
-1223
-435
-3362
-3243
-1862
521
105
-3416
267
1285
-1217
5063
5529
-472
-1023
-1647
3645
3901
3551
1987
-403
2563
2810
-61
1928
2420
207
162
-903
2602
-2242
-263
411
-5490
3229
5882
4754
-3550
1844
797
851
1535
1388
175
3695
2997
-600
-573
2530
2192
3323
6763
1428
-144
1654
-3374
4496
3533
2419
-1513
-1698
5512
524
-1029
-462
1488
666
-3674
1246
-2697
-1629
-1755
1132
1319
-3113
-165
3240
3046
-475
-1855
1254
-757
1384
2863
2732
-484
3044
-501
3036
2373
-913
-341
596
810
-2308
-2188
-1885
-1861
-591
4996
-54
-356
-2120
6031
775
1209
2690
2542
1293
-790
2241
1269
343
-186
-3875
1286
1436
3279
4594
467
3235
1034
-986
-316
-2476
-1876
1042
3524
2793
-2482
2067
2008
2604
2767
-1292
2857
2806
2539
2185
622
-800
-1143
-1686
-437
6488
5659
971
2992
-2163
619
2053
-2934
882
565
1286
-695
3602
449
4184
4266
6226
499
4466
-634
-1108
1671
530
317
410
150
182
752
3171
2789
1862
-2411
2872
3293
-487
-9
668
617
-4336
3359
3608
-3466
-27
1499
-1275
-400
-2683
-284
-2657
-864
-542
1721
4046
-2233
-2266
3536
2129
451
3084
650
-1300
-1972
-2969
-181
387
-1132
-431
-605
2336
2029
1638
-2910
1978
4736
337
-425
5362
-207
-3408
-5272
831
283
2662
-3299
5301
5160
-62
-1487
-2336
1156
1725
-366
-281
123
-143
937
6142
-471
1008
-1315
1038
-1097
-2164
-748
818
-352
-500
-5088
-3316
-260
884
567
3225
2256
-1085
3364
4430
-2766
-2012
-387
-1946
3332
4246
1825
6175
4239
1487
2974
1874
-3213
222
1423
963
192
1984
1891
2593
-5589
-2073
-2753
562
-1262
-2922
2685
-4409
862
-703
-2331
-115
-2855
1156
347
3773
-2908
3443
6876
1235
-529
-3641
-2193
3272
-164
1323
-1390
2989
6999
5778
1178
2993
1016
-3434
5058
4620
-991
-3142
581
719
2122
-2377
3808
824
-4757
-4931
128
-415
2029
5877
-2879
-409
1407
3211
3073
-1259
-1434
2598
3270
-470
-2414
-778
-1098
1848
1464
395
1934
2199
-5023
-961
-893
-3701
70
4022
3450
-459
1128
-1950
-375
3709
-248
162
-204
3703
-3011
-127
659
664
1705
-1023
5858
3296
3626
2725
4591
2936
-2142
-2682
2745
-751
3317
2605
-87
-906
3284
-2003
-1542
-365
-171
-3784
-4557
-883
880
1905
1249
3295
4488
7674
-1378
2836
-2226
3333
3038
-1502
-1807
4079
4724
2079
5097
5558
-1991
2768
1813
615
-76
941
-736
623
-1999
1133
598
1380
-3417
-598
2051
4977
5366
-109
1661
-687
-6508
-2848
696
407
3095
4556
1105
-1910
2199
1383
-522
-211
-588
-1039
3526
1626
2566
1109
-977
320
2394
5524
-69
6494
-2355
-1961
1298
4542
752
4172
2116
276
635
3418
2450
-676
1143
-3861
1068
4626
3419
-1190
-1663
3252
4146
-2277
-3199
512
2939
4238
4850
1745
-98
-1275
2205
1992
1425
2395
631
-1140
-476
2546
817
328
168
1068
-912
-929
2217
-409
-4616
2980
977
-11
-890
598
-15
84
-5158
427
564
821
325
-2113
3126
4366
2068
-3166
-3238
1568
993
156
3563
96
1725
3802
2000
-1634
4517
1709
966
3965
3447
-1713
1370
-1098
-329
1793
2553
290
7931
4152
518
1299
2576
-1464
-2056
-4918
756
373
1463
-119
3717
2782
293
-1758
2161
6565
-667
3560
4879
4425
7486
3630
23
3134
7081
2202
7562
3482
8589
-1690
5129
7434
6302
2941
3819
3466
6664
5680
5731
-407
8492
3187
529
1555
2243
265
2690
8077
2499
4253
2445
980
6138
6623
4666
3442
5048
2574
7308
-3317
1359
9115
5548
5782
-2122
4298
1516
7066
7743
6399
919
-29
493
2133
2823
267
7045
4258
-2519
7159
4391
4251
5506
2230
3257
2220
7757
6266
782
4961
2629
3646
6363
4702
5677
351
2193
5410
7331
4698
8653
2347
5870
3298
2957
5030
5939
6613
3982
7273
5533
1925
5312
6636
5186
3694
4585
-431
6592
1322
6356
2713
5482
3470
7269
2486
8142
6319
6090
4306
5400
4094
7312
4382
-1312
-1408
4228
4681
6013
5542
8856
630
346
3756
6203
4442
8977
2263
942
6196
9251
161
5078
5304
5329
133
4367
2623
8005
6598
-197
4052
5660
7899
8854
5197
8076
1062
2370
3176
2038
7465
8602
5429
3601
6881
6056
1327
2929
7337
7651
2809
-590
9964
3752
7106
7785
4792
-524
3227
1704
7652
3153
4854
9488
2624
4413
4555
5740
6039
718
8953
5816
3289
8807
6689
1350
5801
-2936
3520
6067
6328
-72
11885
2559
5214
5127
855
-761
6924
7099
2095
5529
2192
5924
1982
6692
8280
-3293
4707
6401
5688
1742
3036
759
2966
5874
2926
5063
7471
6005
3902
3374
-220
-4712
1729
827
194
-3291
3476
2909
863
3598
10
5301
3114
880
795
4230
3422
1758
2700
1439
3050
6155
3026
-98
5177
8813
6805
6945
8424
7798
5807
2745
6305
2944
4445
5410
6187
-93
2719
4661
9087
4132
5846
6349
1053
4483
-220
10048
4100
6379
2476
4707
6895
7322
1557
1446
5620
64
5151
4433
466
2091
6657
6996
6247
2035
3234
4880
1151
9017
5215
3370
-1290
11059
6025
5123
5626
293
6303
7355
6626
10891
2418
1203
6645
4660
5626
2182
6968
6787
6252
5523
4410
2498
3377
10404
737
4884
449
3625
-5184
4954
5642
4838
7340
3178
3445
5325
2809
136
1899
3473
2578
4884
4633
3700
3090
1710
1416
8202
1677
2001
4459
4661
943
3613
4126
1696
11854
2532
4477
2269
3690
1943
6526
8656
1518
7086
-3112
782
269
4339
3511
8149
2401
8536
2887
5039
6395
3993
6311
1777
8398
4509
6873
3708
3645
-467
3002
8336
4761
4062
7887
4729
6277
-2275
2024
6928
555
5005
8243
5959
2184
4667
2526
-961
5300
1643
4813
5672
6689
-100
1020
4019
5003
5502
3727
1919
-176
2661
6264
1991
4206
1878
4666
4640
7519
8567
11945
698
5440
961
8081
4688
2432
-416
4121
4520
328
8824
5312
6034
6763
6018
4495
9459
3004
3376
8607
-1976
5263
9493
4123
868
3704
3770
1189
4946
1965
-848
4803
6274
1372
1690
3973
1204
2327
-4196
7308
5913
1291
4509
6162
4953
772
2701
4474
6999
7284
2604
2611
1593
5569
-1987
2876
1775
6036
-165
9066
4820
2946
7021
6063
3438
4636
2141
8671
5763
4242
56
6961
4922
2886
1784
9093
517
2591
-5978
3629
3929
3871
6178
3660
747
4265
5896
-131
8264
4162
180
4718
5739
9060
5152
3149
3680
6092
5498
7645
2018
3099
7927
3387
2939
-793
8917
1583
3394
-1694
3951
4204
5697
3628
4356
3653
7111
268
7276
3861
6098
11441
5677
2475
9197
-200
2766
8427
6869
5764
4758
6055
8277
5174
9174
7083
-1396
3168
4822
6461
5112
7311
5667
2901
3784
4329
1476
7528
2454
5577
-1233
3635
5151
10036
3674
-1174
4337
7250
5336
3478
4142
5222
6302
3432
4757
3386
7662
7263
3118
5754
2706
4962
7662
3066
-853
5700
6210
5411
7012
7398
4207
4242
5150
5366
7144
10264
1435
6758
4449
2729
2986
4094
2576
5434
4740
1588
5285
9773
-305
1647
-1189
2789
2461
5670
3962
5780
2166
254
3048
-259
-324
5033
5870
3047
1008
2418
7595
-155
3405
2964
7130
5266
968
2106
7508
7810
7181
3494
5947
7592
6714
5573
6743
3246
5563
5948
7983
6133
6361
5421
6942
6037
7250
5112
2359
2510
6217
2960
3883
6262
2614
-2341
5948
1452
290
1237
1861
2919
2971
677
1738
5434
7640
3054
4394
5285
5540
6339
6353
2257
518
5736
-902
5131
7409
7323
3978
5391
-144
-3164
3526
2714
1460
696
-3724
-2435
1346
-3110
-1624
-1871
1296
1132
3450
192
-1506
4392
3874
3368
2940
4642
670
4433
-269
2257
2236
-247
643
2730
4824
748
2548
-1657
3322
-2665
-1412
-648
1150
4939
-571
4178
4397
3322
910
2064
-2939
-1338
656
-439
3503
-2448
-3763
-85
-1098
3452
3028
-455
2924
-527
1355
641
-1525
3129
-417
3604
1178
4626
2383
-2816
3697
-2565
1503
-352
3392
118
526
1696
-1055
-1986
-2627
-1018
-358
-2982
1607
2788
4963
-348
2866
5768
2584
2078
2084
-1133
-2741
982
2192
543
-3369
-2702
-1725
-2211
-1049
-2295
-2006
-5000
3201
-2919
-3329
1006
529
2953
2788
4315
7544
3938
732
-5372
1799
-4408
1366
-2480
-1429
519
-4352
-2123
-1802
-395
1723
-180
-206
-1527
-262
1053
-987
2498
915
3293
-2621
-623
3113
2761
-490
171
4314
1617
4289
2347
-132
-1121
-242
1810
802
-1179
-2679
1564
2128
1233
-3023
-1254
-3789
4443
1800
2691
120
1713
-1673
-3200
-1956
4189
1675
3481
2762
-2271
1009
854
-3318
312
4088
3220
287
-6524
1159
1766
396
5776
3308
4754
1756
1034
-1434
808
63
-2059
-708
2663
-1412
4610
2305
-127
-83
-83
4826
2642
1161
2313
817
973
-88
3781
5704
4098
3367
6107
1584
-1716
-567
-338
-4694
615
-3268
-1604
173
2909
-6069
-877
-645
-4764
-1831
-3362
-3910
-553
630
3602
3288
4597
-1280
-3119
68
-1722
1853
1431
3662
-3719
1991
-43
-1084
-4305
2286
3186
1035
-193
890
1723
-1170
-521
2076
3618
2524
2951
4884
3330
-928
-4492
1718
-1411
1567
-1561
787
-1119
567
-2367
-4506
-410
1387
6251
-4170
13
4970
2890
-34
997
4132
2570
4620
-1442
1993
-6156
483
1692
101
1359
-580
3552
884
2829
-400
-4521
-2216
-200
-2559
-444
4735
2183
-682
2583
4426
1367
903
-1567
-4741
-1842
-2396
-4320
-375
-521
-4173
-1602
-2817
-2070
2373
256
-1347
-570
796
4207
2457
185
3246
2509
7013
-1067
2743
2566
303
-2550
-3302
-1400
138
-4051
-1281
-511
1282
468
709
750
-4795
113
-2507
-4783
-106
2956
-1728
2844
4838
840
1910
269
255
-2443
3717
-962
-158
507
402
-2958
2473
-2492
1130
659
940
1212
-3801
395
1437
-330
-1504
2348
4838
775
1067
659
2220
1253
1518
1991
-278
-2804
-1273
-1354
-2594
-5135
2768
252
-1157
651
-3555
-6060
-26
-99
-4204
2105
4807
-1172
1263
1469
-3024
496
1357
1499
-3607
-4127
-5736
-1013
783
-746
-796
1195
-1148
388
-773
-3
4224
3614
-2770
-470
2358
131
736
-1092
-4973
1269
452
-1452
2
-1757
1357
3882
118
609
914
359
-122
3677
-2110
-324
483
802
2602
-146
3507
3664
-1714
875
-630
668
-1665
1745
-248
3469
741
2887
366
-3830
-1277
288
-1119
385
1576
2336
-814
2655
4213
3697
3915
2102
1745
-847
-2570
-4831
-554
-1045
5661
2048
2147
2407
2259
3182
-1167
-1532
2715
4273
777
-2103
-1442
-2280
-576
3571
5269
1543
876
-4275
-316
-227
2069
865
-3509
-4169
625
-1661
2226
688
3843
2752
-1329
878
4746
177
1961
-4891
-777
4194
2792
-1847
3002
308
-616
-4619
-699
-760
-207
2612
1336
1321
-2577
-2869
3617
-378
-3399
4190
-1782
-358
-1185
3366
-347
1414
-448
-190
4250
3180
4543
-35
-5796
-638
-1848
-4449
-1588
6484
3024
-2520
-2882
-3071
-2661
2640
3711
5739
2086
2421
5806
2327
5369
5306
1802
-2252
-4443
3124
1359
-1656
-1305
-3225
-158
1608
686
1246
2669
2406
-723
163
2872
1188
2690
-2531
1147
4992
-938
-4260
-2287
2351
-2306
-545
4936
-222
545
-2264
-147
1674
-2195
171
1264
-3094
-2130
1474
383
-3675
-1445
2387
1680
-2215
-3413
-4202
-1316
409
1527
111
-4778
-319
-1680
-2233
-3121
-1383
-1511
-2730
-1859
-1346
-2674
-2293
-3586
-3320
-1887
-3360
-4683
902
-457
-938
-1580
-1066
-3672
-758
-807
-407
1213
-826
1887
-2339
488
-699
957
-1284
-2374
-121
2464
827
926
-1336
1853
-2604
-131
-4956
2791
-682
1639
282
174
1464
264
-55
2817
868
-3
1412
-738
-1049
-922
1467
718
168
555
-1080
-173
-770
-4906
3229
2376
3006
2983
225
-519
1782
-359
-511
-1366
-1610
-4816
-5118
-2171
-4307
-2783
-815
-195
2194
3643
4847
-2020
-1966
2535
4569
6021
274
3069
1995
-886
2894
315
-2629
-4109
-335
-415
-3228
-1489
-2653
-565
-1477
-3683
1938
-1089
1938
-371
-2201
2286
1829
-332
486
-1698
2545
-2517
243
2745
3457
-1083
-2745
-1713
-1221
-3279
-2977
823
2843
-827
-1203
-3724
2668
-705
-611
3264
2590
729
-4654
44
-128
-4093
138
820
-768
-2896
2152
-1305
1487
-1355
-891
-933
2010
122
-566
3094
3245
142
-103
1113
-717
1789
125
-4388
-2833
-3406
71
3550
-771
-1435
-1909
-141
-2321
-1459
-1042
1182
493
1358
-246
2710
5042
1614
1193
3411
1699
848
-2225
-1149
293
-5267
-2768
1084
1797
-771
-4440
-4688
-878
-904
-866
-3093
-2824
-1775
1735
5310
3792
1044
-1379
3888
1909
419
-1115
-529
-847
-550
-457
-1317
1136
-1986
-513
-2283
-3433
-1628
-1420
-994
-1857
-2803
5186
960
904
3785
1124
1215
3775
-356
1578
-362
792
4
2737
-951
-4284
-2316
-4324
-1833
118
-3280
472
-4278
-463
4615
-2027
-189
1806
-560
-20
-784
675
-2375
-1219
1999
-68
401
-1691
598
-1443
-2398
-855
1608
-207
-1481
2366
731
-2945
-1642
-1497
1440
6229
-564
1418
-123
-1399
-2546
1732
-3356
-2974
-496
1891
-4330
1037
219
28
-662
2193
412
-423
-1232
-612
-1652
2005
-1247
4535
343
-1112
3477
1355
-745
-2317
-671
-4401
-1127
701
-836
-1531
269
-429
-723
-4223
-1282
1080
-1028
-4174
-486
81
651
2011
-690
2076
-1017
847
-2223
3159
-709
203
-1090
-272
2053
-1846
-4184
-3685
-1678
-3060
-825
-3098
671
4370
-179
317
1168
-239
-1068
115
1382
86
-1612
135
2559
-837
-2863
679
4104
-3032
-2591
1339
-2051
-1489
-4500
-2090
358
4880
4282
3344
2669
1814
-1389
1615
667
951
-1560
-5050
-2023
918
424
810
402
569
-2858
1158
-859
582
303
-848
-1003
-366
775
3504
4901
929
-569
1332
2759
118
-1031
-2370
-3012
2346
-2453
1247
-408
-1722
-2728
724
3342
1322
515
-584
-2073
-2302
-1949
3004
1739
1332
-4716
-863
1686
2796
1562
325
482
587
1477
-863
-177
677
-1086
-1090
2147
1396
2678
1976
6
-3455
-159
3471
-432
3038
1212
501
-289
671
1710
2965
2733
-726
-2136
-1011
-776
430
633
-2784
-2599
2934
1822
-434
-1862
-4146
-2517
-1419
1804
5101
577
-541
-2080
1040
-460
122
1359
868
2515
853
-2796
1321
1368
-335
1509
-282
-1423
-411
-3267
-837
-1123
1590
2528
2735
-2454
-354
-1803
934
607
-258
995
1409
-138
-4894
-1918
-5172
57
-3010
148
3100
973
-1371
-4428
390
-2748
-307
-2956
1450
-2280
-3747
-953
-445
-1519
-3496
14
2615
-3540
-1724
3442
1335
329
223
705
620
-1283
-2309
1095
2900
-1867
3826
3263
1849
-606
-1738
-921
1786
881
-3081
-3280
-2150
-3777
-520
3399
2918
-120
297
267
-1999
-3570
-4091
547
1985
2767
1753
1365
-1121
-2412
-1341
1683
2040
579
-4319
-703
1701
-657
2447
2121
983
-3382
1359
663
2026
-2543
-1353
1912
-34
-3851
-1466
-1169
763
-1933
-1096
2977
1534
-1439
-1542
-269
-313
1562
-609
376
-186
1413
-563
-5447
356
1204
3098
4644
2391
-1406
-1344
856
2477
-3603
-252
2953
-216
1496
2279
2610
2470
407
1929
1500
2871
1838
-563
-4113
-514
-1018
-1497
-2289
-2961
-3545
-217
4030
7089
-564
523
4509
1451
2866
5831
3414
3180
-1521
1710
2708
3433
6399
2355
1748
44
-478
909
3548
3494
405
-141
6419
2358
881
647
-4281
-5932
-3243
-488
-1405
-790
-6191
-3063
-3947
-2879
-5467
-3139
-3065
-3855
-3229
-299
-1466
-3870
-6524
-3230
-2554
-2673
-4851
68
1823
5026
-3937
-7920
-3099
670
1145
863
7284
1797
85
10
4406
-3122
3708
519
-907
2476
251
3605
-2016
-4866
1221
682
1621
-3430
3092
-618
2256
3992
1221
2358
-1494
-286
2371
1411
3490
3778
2561
1419
1011
-4721
-1089
3784
2206
2678
707
1133
-7804
-2922
648
-3424
-3097
-1649
-1044
1380
1539
2646
2495
-443
913
739
7531
1499
380
4981
2605
1662
980
332
-670
2014
-3598
-1287
6601
375
1763
2985
-1819
3942
4435
3698
-1127
-4643
-2003
-3090
-1292
-878
1446
8324
-5777
-836
3543
3082
1770
914
-755
-2401
-6201
3054
-93
5423
-1478
-1767
-681
-113
1770
4327
5464
5268
3434
-356
-1770
817
-1001
-1522
-5016
-20
-2003
816
-703
-5362
-7625
-3427
-3849
2607
-128
5397
1581
-2266
-1393
3947
-1670
-1325
-787
1843
5258
4257
1966
2070
1910
-1499
-123
-1037
-5855
-4231
3035
6177
-1872
970
-2159
7169
7236
4890
1511
2869
4050
1432
-1986
3783
5756
4002
4364
-1224
-4023
-4569
-356
-798
64
-9474
-3936
-3326
2423
5601
-326
-3733
-279
-134
3949
5536
1898
701
2166
2819
1731
-459
4484
-484
3651
249
1329
-856
757
-716
1087
2619
4285
2668
-4056
-1827
213
2013
-198
3245
-1003
381
186
1966
341
-125
-3567
2563
-2419
-1953
1527
-862
-1220
-4325
427
1366
-1187
2882
2099
3772
1200
-5026
-882
378
-3952
865
-4259
-405
-4536
-1508
430
4344
-2970
-1120
2592
3783
-4637
-1435
1423
-3144
-70
2248
-1259
2857
4725
3106
3130
554
1796
9037
1334
-1897
7021
805
-1487
3186
-126
3402
375
-1566
-1381
-1889
-2851
501
1154
2922
1684
2751
2630
2962
2872
2801
5118
6298
-1392
2423
5415
2705
609
-50
5067
5087
-1143
8
-1168
-3464
-2001
2006
5033
265
3309
2101
-2107
2416
1638
-977
4118
4194
3503
4769
2084
963
-154
-5510
2522
2274
1099
3181
-1173
-2909
-2684
3265
-1556
-3701
811
1760
686
-2099
419
-4456
-127
-471
2208
1231
6051
5233
808
2872
3539
-3290
4567
-1586
411
2519
-876
-2937
3764
2585
376
1230
7148
4066
-1436
1042
6230
1570
-436
3592
-731
1808
-1459
1062
-1852
-649
-546
2990
1617
-2749
-1838
-2700
8494
908
-313
-1374
3705
6184
-80
2975
3780
4690
129
5299
2125
-2075
4765
3679
1151
-962
-3953
-1366
850
-2222
-1065
-2017
-1402
4393
-1952
-2188
475
1318
2867
1706
-3329
-361
3907
229
3123
5472
3658
-532
3210
4099
-1892
-144
-2032
-1361
-2779
1219
-2706
2867
3281
-415
-3898
-696
2505
-2336
2258
431
315
5768
3836
1910
-4358
4088
-1174
754
1909
4529
-2145
-3664
227
3771
1483
-168
41
6681
4042
1983
106
733
-1057
692
-24
2029
2083
-2268
-1066
2603
-601
-3315
2381
5595
1292
680
3597
1870
-818
-1268
2325
631
1206
4549
3130
2720
-874
-750
3568
3986
-4
-7
3867
-1061
-60
-2528
-2101
3331
3496
-2147
-1116
2575
1983
4025
3897
-3028
1128
-1311
3255
858
1250
1688
1079
5585
1192
726
-525
5430
290
-370
-1675
1041
-2703
1813
-745
4417
703
6273
2196
7544
2472
-5313
-2845
3677
470
3956
4346
2436
-368
-1432
-3671
2209
-1087
4477
1417
-1616
-4818
2131
-1437
492
-1790
-2329
-280
-1167
594
712
1533
386
2617
2403
-2012
-638
1628
1351
2062
2089
3133
486
940
-130
-1520
1546
-4923
-609
5002
3844
4335
2987
-1613
-374
-1587
-2227
4070
3239
577
-3014
-75
1227
1675
-468
-2096
1079
3846
2018
-4025
-3751
-1276
-5802
498
17
3202
-2345
6014
376
400
-826
1513
-805
3753
638
-432
2831
-943
1271
316
988
-3536
219
-2903
-936
-1351
-3385
191
-1463
698
4555
4051
-445
-3428
1029
-4482
-4116
-5010
-266
-2687
-3137
-3313
-4357
-6677
44
-2354
-4257
818
855
-603
478
3311
-1922
-5164
-5091
707
-3056
-734
1763
-1293
-1764
493
-3401
-1618
-2684
71
-2908
-1172
-3959
-839
592
3322
733
-642
305
181
2193
660
-3416
3138
4410
3098
-1022
25
-614
-1234
567
-2096
1304
1305
-282
-805
-2194
2172
-1321
-3241
-3066
3009
-679
719
-3756
-3299
-470
-817
-4350
-4249
-956
-4058
-450
181
-5003
-1897
-1069
-1808
-5414
-2853
-435
1204
-157
-4047
189
2636
-196
-96
-3438
-2681
339
-2781
412
1579
-861
-2692
-4838
-84
-97
1798
2229
-289
-5747
-638
-3529
-7649
-1801
-392
1995
-504
-5897
-1191
353
-4345
-2677
1219
-2725
-3396
963
2141
-4128
-1735
-536
194
240
-5873
-112
-1090
-1194
-3661
-965
4261
-914
-4160
-2275
-929
-256
-2768
-3167
2656
-882
-4835
4655
-1253
-4401
-4968
-773
3095
746
-2352
-3174
-4598
-1683
-6683
1020
-1260
-6037
-4016
-5505
-1421
1295
-3073
-3094
427
-3236
-744
4247
703
-1510
-5289
-283
-144
-5139
2650
-5348
-2298
-3283
-8110
-4780
-2409
1242
109
-623
1499
152
-419
1142
3571
-1081
-2161
-2107
-1259
-3205
-4128
-2224
-1936
-5402
-885
-2006
-5202
-6146
-4757
-3677
-215
2085
-523
-4052
1164
-1262
-3896
-6468
1397
3235
-5346
-690
2286
-3654
-660
-2201
-632
-4803
-1843
-262
-2738
-6767
-1498
564
-3097
-4225
-967
732
-2745
1074
1012
-4172
-3894
-585
902
-1651
-5617
-728
1392
-1831
-5952
-1968
-2317
2045
-4327
-5405
-9911
-2315
-3673
996
-2917
88
-2582
-3246
330
-1149
-829
-6392
-1375
-3366
-1486
-3591
-2190
1726
148
-1688
-1339
-2581
-5905
-4679
-5418
-550
-2366
-2256
-3877
-1697
-1303
-1523
-1031
-1122
-3730
-2284
-1687
106
-797
-2357
-2256
-4169
4044
-2984
1845
-3532
-1465
-2067
-7211
828
405
-2334
-3973
-1283
-5176
-4311
950
2144
-814
215
-1354
-1613
-1173
-3015
-4748
-1109
-856
816
-1816
-3296
-1721
-5704
-6276
1934
-1669
-2852
-2314
-2260
-4512
-2748
1464
-1535
-2566
-1887
2445
-1455
887
-1696
935
-1010
-3074
-1999
1291
-3476
92
-5857
-3060
2078
416
2076
1471
1968
-260
-3498
1339
1293
3541
-3138
-1091
-2549
-960
-3449
-5062
-1981
-71
103
-136
-1942
-2972
-8616
-3018
255
333
-2350
-983
-1900
-1579
-3136
-5295
-4155
-924
-3934
-2800
151
-1235
-929
-2858
-2316
-5072
2430
-1073
-359
-3868
-6145
-8456
-1041
-1181
2030
-2453
-4326
-1351
-3269
-131
-1482
-282
-19
-2203
1535
-2244
144
-899
-258
-4597
-1866
1363
-203
-3185
-7158
-7797
-460
-1155
1658
-484
-1326
-2161
-2322
-657
-254
-2825
-610
-2326
390
1410
-677
-1472
1609
-4347
-3762
-3122
-1599
-867
-6145
-3593
-173
-288
-780
2460
-337
-1363
-3662
4755
-4052
-5237
728
1209
-1900
994
-2820
-4824
-2766
-3211
-3193
-1903
-2533
-817
-3375
-2851
1750
-3492
-1652
-79
-3079
365
-6026
-3732
-1498
-2082
-1045
-2379
-2562
2034
-1917
-922
-4497
-5360
-2773
-2999
-597
-2828
-2481
-6795
-697
485
-1776
-1536
-282
588
-2392
-3296
-5332
-1461
829
-2791
-1255
-122
308
-2507
-737
-2660
436
1971
-1138
-628
-2981
-7974
-3292
-2419
-551
203
-610
-4769
4348
-701
-4859
-4443
2410
-2206
-1021
-1686
-1620
-1128
210
-3527
601
-5200
1293
-5776
-2905
-11014
-4820
-1905
-271
-3391
-2869
-1855
417
-687
-3973
-1956
1506
-1758
-1589
-349
-2790
-5573
-977
-1672
-124
1380
2427
-2988
-4926
-3240
-172
1049
2573
-1050
-3120
-3509
-4536
-4845
701
-2480
-3370
-4804
-1051
-3334
331
-3916
-4392
-1063
-1967
-3146
-4721
563
-5544
-3596
-999
-174
-605
169
-2315
-1720
250
-891
-3243
-942
-5518
-4488
-4721
-3515
1479
-1117
-4403
-2951
-4547
-1513
-2590
-5660
-1867
-2281
-1055
-540
1979
2197
-1981
112
-1824
2145
-3470
-6837
-2243
-525
-4679
-3876
-1401
-417
733
-708
-349
-1391
-3700
-4467
-5034
-8553
-2244
2462
1451
-3788
148
1308
-1881
-3488
-698
-1767
1062
-136
921
-5892
-1961
-3396
-2777
-4670
-3503
-3808
-5236
-1667
-3463
-4974
-1529
-1783
-541
-1839
2188
-1504
1637
-2282
-1070
-302
-897
-788
-4035
-2805
-140
1174
-3987
-1385
55
-2740
-3943
-1105
-5146
-10211
-1231
-1657
-5097
-3793
-105
-3653
-2398
-610
-1008
-5966
-7916
-2922
-4750
-3021
1483
-459
-5625
-3580
497
-1879
-5998
-3101
-3255
-5564
