0.401675
0.705638
0.538209
0.348388
0.574862
0.361169
0.238317
0.485233
0.656983
0.382157
0.622494
0.477011
0.924948
0.431164
0.616327
0.238311
0.045470
0.207003
0.262051
0.333511
0.500251
0.275835
0.915310
0.096970
0.699344
0.277256
0.470815
0.623665
0.535419
0.413401
0.091904
0.253934
0.122415
0.345550
0.134299
0.847928
0.003295
0.424106
0.108204
0.488322
0.309813
0.259431
1.023625
0.685757
0.416291
0.298316
0.072835
0.781359
0.555624
0.446460
0.556163
0.508822
0.314105
0.201239
0.089693
0.067987
0.132056
0.266054
0.106338
0.235127
0.008181
0.364879
0.209222
0.537294
0.064954
0.630923
0.093641
0.104047
0.297804
0.850660
0.605131
0.723701
0.659815
0.158213
0.791083
1.406015
0.982940
0.257193
0.100314
0.598991
0.135590
0.169138
0.878081
0.337020
0.400092
0.000844
0.175936
0.566504
0.647723
0.205154
0.972944
0.039679
1.165242
0.481446
0.112143
0.121213
0.482554
0.570249
0.801568
0.518820
0.996397
0.056002
0.024142
0.824269
0.292774
0.540846
0.073723
0.889419
0.495278
0.012046
0.075326
0.590004
0.228033
0.183792
0.034827
0.188558
0.061121
0.066409
0.069630
0.459896
0.105513
0.465846
0.076870
0.744571
0.629306
0.119961
0.704417
0.612506
0.702196
0.071218
0.142429
0.023474
0.074724
0.052840
0.539033
0.152910
0.578987
0.088314
0.057671
0.147806
0.230139
0.445509
0.534873
0.783032
0.253603
0.165271
1.005240
0.478860
0.084751
0.268521
0.149710
0.555757
0.462759
0.094797
0.253532
0.141338
0.026543
0.439195
0.678022
0.838437
0.051173
0.510768
1.061266
0.853310
0.240861
1.154502
0.451847
0.403352
0.047022
0.400389
0.517566
0.665930
0.603719
0.029037
0.572640
0.038061
0.205414
0.954615
0.260420
0.732873
0.899735
0.667325
0.829255
1.155128
0.782205
1.069708
0.472473
0.191115
0.001865
0.225512
0.335574
0.589180
0.162009
0.263691
0.970197
0.475246
0.571928
0.532714
0.144955
0.151049
0.283533
0.290052
0.920305
0.884740
0.709603
0.248401
0.859232
1.124656
0.732728
0.469917
0.945697
0.041444
0.121125
0.502412
0.291775
0.318660
0.233017
0.601410
0.495547
0.097291
0.219622
0.682093
1.293329
0.218784
0.362071
0.089820
0.687763
0.429639
0.854539
0.595534
0.513505
0.503876
0.601271
0.247058
0.816818
0.793353
0.138288
0.528514
0.456063
0.539680
0.104001
0.145770
0.090904
0.541089
0.734439
0.537497
0.503891
1.175138
0.250823
0.215442
0.029435
0.941586
0.837785
0.936080
0.643367
0.161017
0.795026
0.480103
0.175369
0.005995
1.021945
0.187704
0.420970
0.628238
0.281334
0.035593
0.597690
0.510534
0.256127
0.408735
1.315755
0.683816
0.936435
0.851719
0.043444
0.252217
0.072349
0.150954
0.232244
0.405403
1.080317
0.038109
0.452689
0.248451
0.666272
0.910759
1.065217
0.393707
0.139101
0.449311
0.347299
0.070337
0.255525
1.610074
0.642416
0.830455
0.674226
0.756047
0.755835
1.041766
0.690175
0.603831
0.655387
0.554396
0.702657
0.672476
0.343301
0.382835
0.401010
0.019264
0.432268
0.920097
0.290874
0.036252
1.313615
0.264858
1.754327
0.477138
0.629079
0.253111
0.635089
1.105846
0.488116
0.241036
0.322336
0.107684
0.025351
0.410445
0.583249
1.089857
0.483902
0.251506
0.287244
0.356684
0.807628
0.278459
0.058300
0.859805
0.373617
1.026690
0.667183
0.874612
0.153003
0.125200
0.338771
0.024438
1.120325
0.193536
0.030662
0.223739
0.130463
0.112157
0.242261
0.298536
0.517403
0.174576
1.080247
0.168924
0.511043
0.533170
0.347916
0.608694
0.487100
0.527441
0.187004
0.121716
0.007151
0.261881
0.091251
0.505996
0.013061
0.102670
0.036583
0.110933
0.255748
0.033112
0.134327
0.030581
0.813515
0.223121
0.601431
0.473252
1.013734
0.166953
0.041396
0.643167
1.055279
0.531214
0.039985
0.063932
1.035154
0.796343
0.157911
0.587334
0.754815
0.063672
0.582893
1.041406
0.172993
0.467066
0.373170
0.377896
0.453526
0.651979
0.224853
0.301696
0.352750
0.532768
0.446274
0.391658
0.046637
0.221468
0.696049
0.885256
0.303016
1.003732
0.022772
0.328196
0.308269
0.688189
0.754584
0.745985
1.015604
0.222865
0.562748
0.226665
0.522399
0.226741
0.295207
1.118976
0.034815
0.073277
0.187861
0.316871
0.260231
0.250553
0.282438
0.935417
1.431799
0.327365
0.782556
0.717631
0.012566
0.036791
0.895635
0.100047
0.744819
1.028138
0.290854
0.252039
0.120905
0.559169
0.342788
0.871299
0.521257
0.200559
0.164332
0.397518
0.023694
0.250401
0.334964
0.706821
0.897261
0.920419
1.193141
0.227057
0.098725
0.849873
0.171811
0.641974
0.216856
0.734918
0.737721
0.359322
0.562722
0.211410
0.539073
0.233901
0.572464
0.529389
0.272406
0.274795
0.421814
0.429155
0.443436
0.253815
0.153216
0.474339
0.366861
0.503810
0.188729
0.711684
1.117870
0.073556
0.743382
0.453768
0.769174
0.148430
0.421631
0.428029
0.691401
0.310648
0.007056
0.693710
0.061668
0.004659
0.002751
0.369596
0.608271
0.224868
0.147334
0.150086
0.539924
0.042520
0.084691
0.115088
1.071827
0.184918
0.361285
1.047846
0.032802
0.510955
0.387445
0.774624
0.073145
1.180364
0.625499
0.517774
0.324864
0.163267
0.098856
0.310111
0.371673
0.386405
0.266728
0.611111
0.320124
0.154869
0.039361
0.716662
0.275963
0.045736
0.121765
0.299378
0.537411
0.255970
0.488867
0.488128
0.459683
0.941498
0.621707
0.261455
0.251376
0.276523
0.997483
0.405233
0.556162
0.207302
0.083773
0.074738
0.095099
0.426252
0.261402
0.396448
0.204910
0.541549
0.551428
0.295091
0.187120
0.135539
0.288280
0.385639
0.500992
0.240193
0.498616
0.882082
0.434440
0.248333
0.824016
0.737034
0.112103
0.206868
0.120418
0.434050
0.194991
0.791475
0.220707
0.321376
0.685540
0.490658
0.452108
0.671037
0.105748
0.590762
1.177482
0.373732
0.111386
0.480804
0.045568
0.591655
0.260021
0.562480
0.537460
0.465978
0.170120
0.205306
0.208028
0.244990
1.145971
0.039936
0.798049
0.631464
0.292713
0.470890
0.767019
0.262656
0.467407
0.239245
0.676359
1.299587
0.386101
0.313241
0.037701
1.040190
0.342208
0.054818
0.435998
0.793940
0.178598
0.154819
1.023041
0.099592
0.962327
0.405927
0.200472
0.464954
0.371072
0.981828
0.745502
0.724418
0.048784
0.467117
0.084791
0.400067
0.606571
0.379439
0.275683
0.099838
0.154476
0.450136
0.962395
0.901527
1.233583
1.587805
0.054242
0.059860
0.216874
0.070270
0.224021
0.520430
0.951307
1.057321
0.791769
0.995783
0.722445
0.131126
0.663917
1.146655
0.695460
0.305478
1.284564
0.366351
0.321344
0.015035
-0.126644
-0.004655
0.009883
-0.067786
-0.067248
-0.025298
-0.011543
-0.040163
0.067013
0.088056
-0.045833
-0.011701
0.029054
-0.045852
0.028010
0.027086
-0.033604
-0.036956
0.031447
-0.085200
-0.032329
-0.008932
0.034592
-0.261162
-0.129137
-0.331909
-0.283190
-0.311471
-0.140360
-0.224042
-0.110429
-0.201218
-0.244630
-0.139239
-0.175556
-0.176700
-0.128509
-0.130219
-0.173358
-0.168451
-0.214114
-0.193936
-0.231819
-0.233697
-0.230850
-0.313622
-0.066060
-0.252898
-0.486461
-0.394040
-0.445283
-0.413386
-0.414735
-0.380712
-0.371745
-0.398503
-0.321361
-0.439806
-0.295230
-0.419328
-0.286547
-0.442831
-0.350951
-0.356930
-0.410217
-0.362984
-0.513809
-0.331942
-0.505553
-0.228416
-0.085702
-0.288450
-0.531666
-0.489568
-0.400228
-0.364754
-0.312055
-0.221296
-0.341766
-0.424752
-0.334323
-0.394378
-0.289822
-0.303023
-0.401476
-0.400789
-0.318301
-0.330793
-0.304314
-0.357951
-0.297439
-0.565630
-0.525513
-0.295316
-0.084802
-0.259494
-0.375655
-0.277853
-0.381537
-0.273468
-0.432258
-0.393026
-0.263505
-0.298462
-0.321111
-0.345053
-0.483739
-0.444559
-0.399032
-0.446985
-0.412446
-0.377115
-0.341623
-0.511842
-0.483933
-0.393390
-0.344435
-0.313639
-0.031817
-0.256173
-0.401141
-0.332653
-0.399528
-0.369630
-0.327406
-0.333139
-0.256678
-0.263465
-0.332137
-0.349000
-0.340659
-0.506999
-0.329264
-0.513307
-0.468216
-0.340539
-0.472482
-0.277987
-0.257747
-0.489393
-0.353814
-0.495132
-0.100601
-0.185913
-0.440331
-0.413193
-0.465242
-0.383705
-0.517176
-0.389336
-0.337160
-0.379958
-0.253251
-0.397970
-0.450880
-0.474214
-0.497065
-0.557832
-0.435503
-0.428745
-0.224720
-0.542073
-0.316952
-0.439359
-0.323715
-0.160629
-0.106668
-0.261287
-0.527438
-0.311029
-0.501520
-0.477806
-0.413142
-0.389694
-0.266888
-0.276852
-0.279979
-0.193459
-0.430687
-0.378269
-0.395772
-0.444879
-0.360297
-0.353743
-0.368909
-0.524939
-0.389933
-0.272537
-0.571362
-0.358000
0.004624
-0.341401
-0.420994
-0.485303
-0.534617
-0.522193
-0.334290
-0.437155
-0.380469
-0.384555
-0.267512
-0.163277
-0.255254
-0.361524
-0.375034
-0.427328
-0.332628
-0.398936
-0.392746
-0.401443
-0.363582
-0.429218
-0.497295
-0.263713
-0.093421
-0.324194
-0.521444
-0.473715
-0.513782
-0.417057
-0.426817
-0.456777
-0.298449
-0.368771
-0.340296
-0.406262
-0.279569
-0.396081
-0.374399
-0.437425
-0.432214
-0.333865
-0.225359
-0.292838
-0.500806
-0.509475
-0.458889
-0.423521
-0.111975
-0.234735
-0.424438
-0.443195
-0.398772
-0.561942
-0.379264
-0.329359
-0.355690
-0.474812
-0.391344
-0.355398
-0.440263
-0.254740
-0.391096
-0.427808
-0.466165
-0.520266
-0.405174
-0.451589
-0.582157
-0.486550
-0.429047
-0.408870
-0.080113
-0.150900
-0.506167
-0.410257
-0.377360
-0.398647
-0.451192
-0.254299
-0.563721
-0.371834
-0.710459
-0.531576
-0.613162
-0.437034
-0.435485
-0.504021
-0.314849
-0.429037
-0.393905
-0.386985
-0.487590
-0.381673
-0.490518
-0.297273
-0.069176
-0.334696
-0.267517
-0.422223
-0.353861
-0.419699
-0.461646
-0.383664
-0.276710
-0.464812
-0.426537
-0.383062
-0.455498
-0.438165
-0.282091
-0.493738
-0.485762
-0.436906
-0.545924
-0.334883
-0.356623
-0.438097
-0.418166
-0.300884
-0.052901
-0.265680
-0.276730
-0.319558
-0.347450
-0.441590
-0.485747
-0.568235
-0.431548
-0.365488
-0.423044
-0.396598
-0.337689
-0.415994
-0.276074
-0.386915
-0.475196
-0.406945
-0.444226
-0.511724
-0.498003
-0.447868
-0.377754
-0.380038
-0.009287
-0.271970
-0.380599
-0.361955
-0.475098
-0.464477
-0.416460
-0.403960
-0.397734
-0.418531
-0.498221
-0.498442
-0.332802
-0.433176
-0.333180
-0.433556
-0.419697
-0.480749
-0.449005
-0.443704
-0.460833
-0.285709
-0.349477
-0.328149
-0.120210
-0.517304
-0.427473
-0.421140
-0.507011
-0.384248
-0.527185
-0.496948
-0.427661
-0.425876
-0.291412
-0.501362
-0.407659
-0.287776
-0.404271
-0.379286
-0.444731
-0.495383
-0.440785
-0.481307
-0.354207
-0.505558
-0.335860
-0.272627
-0.092868
-0.190577
-0.403007
-0.505265
-0.284467
-0.366233
-0.465671
-0.497245
-0.262600
-0.516981
-0.403768
-0.444427
-0.386586
-0.299877
-0.361327
-0.375513
-0.392698
-0.356150
-0.429664
-0.358850
-0.303319
-0.324635
-0.329734
-0.267909
-0.131491
-0.384101
-0.462688
-0.374009
-0.393106
-0.559360
-0.366770
-0.620190
-0.325219
-0.379620
-0.236980
-0.411234
-0.339412
-0.300161
-0.280596
-0.460319
-0.341968
-0.334008
-0.413049
-0.272943
-0.445687
-0.474830
-0.407846
-0.330497
0.014392
-0.398533
-0.314836
-0.407648
-0.418470
-0.470133
-0.387556
-0.417346
-0.455485
-0.301470
-0.514825
-0.259374
-0.430397
-0.295484
-0.309065
-0.402374
-0.581077
-0.338473
-0.491763
-0.428677
-0.434266
-0.363567
-0.407278
-0.338678
-0.019239
-0.385775
-0.317544
-0.508166
-0.369466
-0.420193
-0.441623
-0.491504
-0.434887
-0.339509
-0.482648
-0.314561
-0.381295
-0.375028
-0.336793
-0.438526
-0.347934
-0.312783
-0.346677
-0.335544
-0.354216
-0.357446
-0.387988
-0.185228
-0.000206
-0.318010
-0.284693
-0.435153
-0.361673
-0.392094
-0.547801
-0.300578
-0.409223
-0.395482
-0.252329
-0.443213
-0.250510
-0.404148
-0.299005
-0.442163
-0.568194
-0.525262
-0.491039
-0.396164
-0.400834
-0.413269
-0.409874
-0.368969
-0.056192
-0.279399
-0.471301
-0.401022
-0.474419
-0.235095
-0.517727
-0.220253
-0.507952
-0.431476
-0.415174
-0.430880
-0.401894
-0.286881
-0.429715
-0.433709
-0.439109
-0.320391
-0.336340
-0.425514
-0.431966
-0.502221
-0.406740
-0.246939
-0.080692
-0.103183
-0.436123
-0.297770
-0.306485
-0.407434
-0.352034
-0.428614
-0.360650
-0.355126
-0.511772
-0.298083
-0.473752
-0.309396
-0.452557
-0.430119
-0.421966
-0.410220
-0.479821
-0.501267
-0.478573
-0.457950
-0.517946
-0.199601
-0.067744
-0.307009
-0.568521
-0.518836
-0.306562
-0.439897
-0.350235
-0.482313
-0.424381
-0.544502
-0.431976
-0.315807
-0.264083
-0.380765
-0.238021
-0.411548
-0.467768
-0.326131
-0.447052
-0.434739
-0.422780
-0.459230
-0.320627
-0.432619
-0.082814
-0.312499
-0.271142
-0.638766
-0.437190
-0.324810
-0.559249
-0.386534
-0.377213
-0.542246
-0.351738
-0.497172
-0.317177
-0.441915
-0.391131
-0.343833
-0.452783
-0.443106
-0.424627
-0.365913
-0.504636
-0.537363
-0.518681
-0.325150
-0.027709
-0.389861
-0.432350
-0.497559
-0.386168
-0.421055
-0.303242
-0.346092
-0.423527
-0.456444
-0.321151
-0.405963
-0.262872
-0.345712
-0.452738
-0.448391
-0.561611
-0.623912
-0.458434
-0.488592
-0.373280
-0.297251
-0.370640
-0.220359
-0.030675
-0.261738
-0.426277
-0.450726
-0.311940
-0.523964
-0.368112
-0.465303
-0.292431
-0.328188
-0.454995
-0.477146
-0.469503
-0.401072
-0.521689
-0.542352
-0.389688
-0.441483
-0.378946
-0.379910
-0.396429
-0.439373
-0.417796
-0.307365
-0.017135
-0.103053
-0.291371
-0.279662
-0.346062
-0.349224
-0.293105
-0.394341
-0.173809
-0.280058
-0.196240
-0.398208
-0.243048
-0.454477
-0.306512
-0.326453
-0.260441
-0.260322
-0.259718
-0.382670
-0.260916
-0.263022
-0.292844
-0.077433
1.041035
1.088237
1.278533
1.500535
1.533057
1.422216
1.425322
1.504832
1.442032
1.184325
1.085711
1.062042
1.117100
1.098324
1.054260
1.137266
1.067987
1.098778
1.053035
0.875354
1.005948
1.306655
1.448721
1.308131
1.014034
1.144243
1.223964
0.887676
0.829562
0.842265
0.881516
0.897908
0.939779
0.962273
1.106251
1.005803
0.876578
0.918964
1.071838
1.211063
1.025674
1.120229
1.207566
0.979090
0.573977
0.769283
1.227925
1.266359
1.222323
1.330540
1.186082
0.739221
0.843706
0.955808
1.058539
0.924878
0.793680
0.898418
1.072644
0.900537
0.997905
1.218259
1.199584
1.147148
1.063517
0.989871
1.206759
1.531195
1.422402
1.120651
0.873075
1.028925
1.007417
1.111389
1.184588
0.980921
0.935976
0.999946
1.077030
0.832307
0.812097
0.797779
0.741192
0.817205
1.132844
0.998192
0.973500
1.216702
1.120837
0.918934
0.915933
1.001169
0.921376
0.907883
0.776213
0.879205
0.892990
0.923447
0.878414
0.825375
0.819997
0.653257
0.670795
0.737684
0.865440
0.877217
0.863813
1.058405
1.069617
1.039787
1.007738
1.220967
1.244568
1.417694
1.355482
0.894813
0.672056
0.896366
1.245773
1.126386
0.960475
0.936368
0.925291
1.193364
1.311174
0.995234
0.769523
0.692444
1.019549
1.089839
1.000904
1.049099
1.091434
1.183297
1.102584
0.910044
0.983439
1.164587
1.282791
1.100095
1.206627
1.308535
1.202380
1.045948
1.038731
1.046457
0.958592
1.002715
1.012006
0.754235
0.946021
1.024300
1.003819
0.277063
-0.016701
-0.032330
0.533424
0.869243
0.847079
0.798236
0.804703
0.691825
0.714569
0.742139
1.128586
1.256865
1.034420
0.903207
1.125373
1.066496
0.957254
0.945536
0.983540
1.176326
1.506546
1.187601
1.114807
0.709780
0.622969
0.671640
1.137965
0.899369
0.901292
1.119742
1.030194
0.730971
0.735411
0.744288
0.899546
1.007216
1.025101
1.415178
1.022763
1.060111
1.166929
1.259821
1.257712
1.265031
1.103695
1.063746
1.601393
1.947645
1.820130
1.635937
1.369183
1.024899
1.122622
1.199389
1.108367
1.028044
1.121924
1.451857
1.252990
0.838384
0.978612
1.428034
0.977360
1.045737
1.050364
1.082530
0.843291
0.744694
0.254268
0.683064
1.280467
1.576306
1.648343
1.653422
1.338676
1.292742
1.272503
1.243988
1.266652
1.226572
1.074475
1.141179
1.069739
1.234143
1.059095
0.894940
1.044677
0.909825
0.699374
0.761094
0.838413
1.036500
0.703765
0.468584
0.472582
0.998816
1.207314
1.238556
1.058081
0.845913
0.760046
0.816273
1.068606
1.016263
0.767392
0.674897
0.816033
1.116897
0.883832
0.766466
0.942429
0.798015
0.755374
0.784387
1.014319
1.371253
1.467012
1.291641
1.081545
0.841336
0.415832
0.309228
0.622295
0.751146
0.803024
0.690483
0.731938
0.779068
0.924306
0.976106
0.959954
0.906334
0.953473
1.053418
1.050000
1.118249
1.146395
1.099411
1.048369
1.064438
1.402665
1.273989
1.393974
1.154760
1.269820
0.980073
0.972697
0.994582
1.174942
1.042819
0.920786
1.105732
1.149287
1.061246
1.028168
1.090002
1.177962
1.195418
1.071521
1.122263
1.185808
1.089869
0.900501
1.069429
1.320000
1.133412
1.002683
0.919488
1.325570
1.265480
1.310165
1.150370
1.264155
1.196967
1.208015
1.440739
1.339307
1.160818
0.999922
0.893450
0.909054
0.915019
0.868255
0.847466
1.041568
0.973650
0.930107
1.043018
1.121793
1.167242
1.063046
0.887821
1.055781
1.114181
1.213487
0.942372
1.071555
1.042520
1.021918
0.988564
0.927181
1.131764
1.134754
0.881014
0.659315
1.030655
0.949992
0.957159
1.100080
0.921237
1.051865
0.969854
0.745481
0.703851
0.910570
0.920177
0.877863
0.849352
0.870968
0.677891
0.748319
0.790154
0.820701
0.770735
0.675766
1.074922
1.280729
1.202790
1.088589
1.338008
1.189413
1.089616
1.052531
1.081771
1.211918
0.935853
0.797372
0.875007
0.848572
0.698544
0.893539
1.098886
1.140329
1.115916
1.154926
1.107754
1.005916
1.216012
1.102166
1.031369
0.874925
0.885564
1.097182
1.201463
1.181957
0.931079
0.928097
1.002913
0.987386
0.878946
0.973835
1.026053
1.031894
1.122772
1.344734
1.188049
1.053030
1.073213
1.050495
0.947827
0.690830
0.968428
1.008075
1.007919
0.701957
0.649951
0.916915
1.019526
0.916665
0.794617
1.015251
0.901699
0.911947
1.177111
1.214664
1.047945
0.923405
0.962172
1.001709
0.866308
0.733494
0.923239
0.974436
1.061098
0.912871
1.044400
0.864233
0.954132
0.992348
1.115010
1.070818
0.930378
0.753558
0.738197
1.094372
1.086417
1.198560
1.334911
1.266268
1.154605
1.007665
0.875184
0.986859
0.980469
0.887296
0.917152
0.854196
1.094311
1.024084
1.091788
0.926609
1.010267
1.239002
1.180289
0.935790
0.886713
0.612087
0.689534
0.927999
0.844940
0.891681
0.962630
0.962029
0.952772
1.060396
1.184969
1.119290
1.034491
0.947143
0.882340
0.860985
1.023094
0.911978
0.870892
0.796126
0.938829
1.093657
0.886547
0.874863
1.089770
0.993241
1.257600
1.160081
0.939518
0.779950
0.879008
0.520517
0.098421
0.439497
1.101202
1.044809
0.982650
0.883183
1.020868
1.155817
1.204716
1.018607
1.044226
0.852162
0.930548
1.007397
0.906007
1.148034
1.342372
1.329696
1.387453
1.227963
1.073473
0.974215
0.935603
0.865440
0.716047
1.073969
0.905664
0.833800
1.047751
1.086986
0.910622
0.916800
0.945438
0.939514
1.063062
0.917317
1.230322
1.137447
0.937564
1.363712
1.311252
1.041054
0.866338
1.034955
0.898236
0.955615
0.907838
1.301926
1.360384
1.414751
0.960372
0.959239
1.007872
1.076963
0.951892
1.158846
1.142774
1.301311
1.162059
0.999105
1.181486
1.012473
0.921762
1.167287
0.984677
1.138883
1.188988
1.246244
1.152658
1.150106
1.061037
1.243845
1.244749
1.057100
1.073971
1.113208
0.972951
1.136835
1.204237
1.262140
1.109412
1.231244
0.939041
0.806690
0.872915
0.993909
1.080230
1.017980
0.795120
0.953459
0.922276
0.815880
0.958472
0.977990
1.146868
1.231002
1.122852
1.009439
1.303673
1.077669
1.066582
1.297802
1.183138
1.012814
0.877661
0.971226
0.962792
1.089635
0.963699
1.007667
0.881088
0.824922
0.906618
0.849322
0.863561
0.769380
0.892473
0.841879
0.845347
0.855962
0.937398
1.224778
1.554089
1.289929
1.103579
0.914977
0.768016
0.809957
0.902626
1.104560
1.090952
1.248323
1.060314
1.037749
0.907045
0.895888
0.949889
0.911527
0.856633
0.796130
0.793481
0.713203
0.618719
0.671269
0.661901
0.642673
0.613918
0.556208
0.584618
0.541182
0.529502
0.623101
0.656993
0.648102
0.548881
0.685421
0.606342
0.762514
0.738872
0.762685
0.804373
-0.308930
-0.460719
-0.276881
-0.542531
-0.235117
-0.280265
-0.271538
-0.404628
-0.311592
-0.248840
-0.294195
-0.410417
-0.310287
-0.248276
-0.361497
-0.304987
-0.359964
-0.299809
-0.307918
-0.406164
-0.273132
-0.405450
-0.295832
-0.114164
-0.667048
-0.205305
-0.420087
-0.452914
-0.405853
-0.181435
-0.365523
-0.298749
-0.284582
-0.255105
-0.262700
-0.441011
-0.327354
-0.318946
-0.210801
-0.569563
-0.282250
-0.384465
-0.303950
-0.288353
-0.506170
-0.397003
-0.405908
-0.046660
-0.488931
-0.424965
-0.352158
-0.320057
-0.411954
-0.377849
-0.353715
-0.304224
-0.479498
-0.359631
-0.296366
-0.293607
-0.475576
-0.288720
-0.512379
-0.307784
-0.300599
-0.342624
-0.376257
-0.559557
-0.242799
-0.423533
-0.535367
-0.050982
-0.732674
-0.482245
-0.334916
-0.243203
-0.447870
-0.340225
-0.352155
-0.289181
-0.185423
-0.451783
-0.385609
-0.374845
-0.290523
-0.512091
-0.449458
-0.401709
-0.245490
-0.459120
-0.400488
-0.432938
-0.250597
-0.438897
-0.498993
-0.105333
-0.664192
-0.267834
-0.298140
-0.373384
-0.133329
-0.616576
-0.277912
-0.177208
-0.310345
-0.475606
-0.365264
-0.356814
-0.321008
-0.464505
-0.500279
-0.531065
-0.212078
-0.500052
-0.308604
-0.437539
-0.436768
-0.374998
-0.370784
-0.144627
-0.589175
-0.510962
-0.499792
-0.353367
-0.242032
-0.389890
-0.503337
-0.288688
-0.181954
-0.337968
-0.435304
-0.346193
-0.339796
-0.629334
-0.475651
-0.296533
-0.327766
-0.434340
-0.219633
-0.305324
-0.379435
-0.421202
-0.619131
-0.025982
-0.559278
-0.355622
-0.362727
-0.362146
-0.044730
-0.336986
-0.412677
-0.237571
-0.217535
-0.373971
-0.440793
-0.353278
-0.352024
-0.486168
-0.358848
-0.308690
-0.439967
-0.470093
-0.426566
-0.091848
-0.548576
-0.375767
-0.550989
0.007727
-0.611249
-0.448008
-0.571125
-0.428040
-0.430903
-0.264826
-0.412153
-0.401703
-0.193927
-0.336010
-0.425480
-0.411583
-0.309911
-0.422700
-0.644262
-0.251458
-0.311751
-0.467924
-0.325829
-0.204953
-0.580881
-0.283844
-0.701201
-0.095314
-0.625519
-0.266778
-0.358327
-0.282813
-0.370599
-0.203446
-0.318739
-0.395899
-0.410285
-0.227912
-0.207726
-0.455002
-0.464584
-0.278729
-0.383462
-0.257467
-0.402178
-0.401306
-0.490060
-0.425250
-0.323614
-0.584935
-0.402087
-0.113017
-0.698421
-0.528159
-0.270588
-0.448407
-0.350351
-0.477779
-0.262225
-0.335751
-0.484838
-0.334287
-0.410950
-0.348357
-0.540093
-0.463686
-0.446324
-0.383189
-0.310831
-0.387462
-0.355576
-0.289455
-0.425025
-0.437756
-0.469545
-0.186035
-0.496331
-0.469632
-0.345704
-0.276503
-0.478071
-0.369896
-0.151686
-0.252857
-0.622167
-0.297804
-0.139857
-0.241161
-0.281883
-0.413689
-0.407218
-0.265460
-0.378525
-0.284994
-0.451321
-0.543514
-0.313326
-0.422984
-0.501304
-0.086921
-0.394265
-0.405584
-0.477770
-0.492793
-0.358938
-0.499127
-0.221107
-0.451586
-0.363801
-0.517479
-0.463365
-0.379549
-0.273084
-0.539137
-0.571867
-0.313374
-0.440249
-0.210215
-0.368362
-0.414804
-0.383441
-0.605949
-0.360692
-0.091797
-0.439997
-0.390040
-0.486651
-0.383971
-0.439264
-0.514264
-0.201103
-0.100790
-0.414156
-0.456883
-0.251401
-0.432468
-0.311685
-0.241716
-0.488114
-0.287460
-0.558949
-0.299264
-0.284781
-0.305863
-0.561725
-0.365014
-0.570327
0.077681
-0.273874
-0.291857
-0.348651
-0.410599
-0.336315
-0.517184
-0.395485
-0.297251
-0.416310
-0.361479
-0.345956
-0.423529
-0.247730
-0.523084
-0.410116
-0.306664
-0.479876
-0.450150
-0.365988
-0.465373
-0.365633
-0.319889
-0.593484
0.016529
-0.495212
-0.446079
-0.469491
-0.317510
-0.387644
-0.438348
-0.294671
-0.271291
-0.297772
-0.529740
-0.359511
-0.383820
-0.254106
-0.360811
-0.314974
-0.354020
-0.350321
-0.357858
-0.262968
-0.431730
-0.266025
-0.463751
-0.496004
-0.224489
-0.431878
-0.344675
-0.260011
-0.282851
-0.496282
-0.475854
-0.311719
-0.399929
-0.281145
-0.424289
-0.262810
-0.358494
-0.269788
-0.314310
-0.417691
-0.385778
-0.525798
-0.333256
-0.479452
-0.499665
-0.470315
-0.231899
-0.482532
-0.194313
-0.408055
-0.366905
-0.475143
-0.316633
-0.378925
-0.515254
-0.211705
-0.319596
-0.387676
-0.410032
-0.394869
-0.370730
-0.295239
-0.334083
-0.423646
-0.317378
-0.524007
-0.297286
-0.442790
-0.386409
-0.250894
-0.235593
-0.376603
-0.122140
-0.427744
-0.295685
-0.401571
-0.220236
-0.426099
-0.550890
-0.463977
-0.111041
-0.465874
-0.263936
-0.555949
-0.149523
-0.345231
-0.324895
-0.447322
-0.317660
-0.529708
-0.361008
-0.374147
-0.448234
-0.374855
-0.399621
-0.553341
-0.113250
-0.506278
-0.354840
-0.301349
-0.429485
-0.422992
-0.331291
-0.407291
-0.308540
-0.381753
-0.402338
-0.415812
-0.267732
-0.305996
-0.454077
-0.405449
-0.376214
-0.273355
-0.486900
-0.409334
-0.381660
-0.259357
-0.349082
-0.574746
-0.094005
-0.589519
-0.398551
-0.362845
-0.280741
-0.516242
-0.070443
-0.464671
-0.357803
-0.311047
-0.631547
-0.303354
-0.493818
-0.131584
-0.423259
-0.346040
-0.352519
-0.293603
-0.316744
-0.431175
-0.495415
-0.332240
-0.276101
-0.446192
-0.173688
-0.516258
-0.326094
-0.486435
-0.109936
-0.533949
-0.395829
-0.326095
-0.346618
-0.443582
-0.365511
-0.369567
-0.191933
-0.392280
-0.510109
-0.507459
-0.369302
-0.298365
-0.399178
-0.257867
-0.477381
-0.184801
-0.372651
-0.516310
-0.181443
-0.581244
-0.422465
-0.458228
-0.309602
-0.373411
-0.408807
-0.244433
-0.547124
-0.387891
-0.509095
-0.350287
-0.333978
-0.363092
-0.305211
-0.433843
-0.326297
-0.346437
-0.402254
-0.320222
-0.543804
-0.493384
-0.297049
-0.457179
-0.141449
-0.340804
-0.607327
-0.275517
-0.499763
-0.144041
-0.356255
-0.418245
-0.263870
-0.381095
-0.479310
-0.305523
-0.427814
-0.238332
-0.402847
-0.432842
-0.353924
-0.327141
-0.404826
-0.485691
-0.279060
-0.207207
-0.269569
-0.442009
-0.124820
-0.405097
-0.807013
-0.320740
-0.381549
-0.317025
-0.340590
-0.325182
-0.326605
-0.490771
-0.413132
-0.370968
-0.391993
-0.382464
-0.324622
-0.524969
-0.562665
-0.295902
-0.297474
-0.454474
-0.362365
-0.486853
-0.389382
-0.612465
-0.043256
-0.483749
-0.569407
-0.533310
-0.281440
-0.324606
-0.316968
-0.516583
-0.227721
-0.446058
-0.558397
-0.241140
-0.469453
-0.381112
-0.243582
-0.409940
-0.482746
-0.350767
-0.210258
-0.539778
-0.457145
-0.416778
-0.369016
-0.357546
-0.139413
-0.345890
-0.558478
-0.433887
-0.218650
-0.356024
-0.395168
-0.321820
-0.349334
-0.408251
-0.498587
-0.240787
-0.417134
-0.500894
-0.315603
-0.307580
-0.520587
-0.363881
-0.223878
-0.397667
-0.343806
-0.365662
-0.485350
-0.281901
-0.194362
-0.551464
-0.473416
-0.423648
-0.313754
-0.460107
-0.319977
-0.028401
-0.504175
-0.349035
-0.568597
-0.280218
-0.344991
-0.449696
-0.272298
-0.383189
-0.578575
-0.375680
-0.416008
-0.258815
-0.592737
-0.325499
-0.447929
-0.429462
-0.001156
-0.386548
-0.307889
-0.280010
-0.206159
-0.303946
-0.361067
-0.195090
-0.345501
-0.572766
-0.369313
-0.238382
-0.249883
-0.341015
-0.237458
-0.215818
-0.320196
-0.279918
-0.206654
-0.290795
-0.338189
-0.280636
-0.274014
-0.335744
-0.160571
-0.519359
-0.216279
-0.181632
-0.235682
0.636092
0.357745
-0.697964
-0.405273
0.491455
-0.281302
-0.352031
0.039599
-0.221299
-0.091848
-0.360770
-0.054480
-0.458187
-0.420372
-0.537049
-0.353176
0.203054
0.688333
-0.412551
-0.540042
-0.431058
0.251321
-0.141597
-0.238743
0.393791
-0.375393
0.328134
0.616431
-0.227495
0.239926
0.623969
-0.405731
-0.307293
-0.172218
-0.240487
-0.120231
-0.343078
-0.039453
-0.249476
-0.334074
-0.062935
-0.100443
-0.100310
0.401633
-0.416838
0.410063
-0.632704
1.153843
-0.128173
-0.100945
-0.092963
-0.370393
0.334496
-0.066723
-0.493727
-0.128765
0.229275
-0.060135
-0.420170
0.025406
-0.531620
-0.388707
-0.387706
-0.076744
0.839493
-0.498804
-0.313409
-0.022535
-0.541918
0.108712
0.653912
0.537318
-0.549148
0.054255
-0.037876
0.056094
0.095979
-0.419906
0.139779
-0.161902
-0.195925
-0.512426
-0.065600
0.047994
-0.163662
0.955215
-0.359552
0.248512
0.113920
-0.692859
1.013089
0.081478
-0.436603
0.362408
0.092783
-0.357163
0.220187
-0.141682
0.264526
-0.446020
-0.328651
-0.104672
0.798396
-0.895643
0.045527
-0.193528
0.872363
0.280135
0.523840
-0.475069
-0.423965
0.244289
-0.598396
-0.123040
0.731222
-0.546728
-0.393642
0.391013
-0.176394
-0.263756
-0.148614
0.047343
-0.365642
-0.279422
-0.265505
-0.316443
-0.672281
0.451625
1.859153
0.384641
0.082473
-0.290405
-0.090638
0.070081
0.202522
-0.116465
-0.738688
1.181995
-0.696396
-0.415750
-0.440854
0.000048
-0.258249
0.381596
-0.093092
-0.109647
-0.427897
-0.030236
0.250010
0.333498
-0.531447
0.099001
0.127508
-0.324950
0.523064
-0.233800
-0.049114
0.077326
0.110706
-0.116152
-0.082350
-0.065642
-0.614780
1.008599
-0.396580
-0.131350
-0.158503
-0.313675
0.235809
0.725811
-0.257255
-0.379045
0.278603
-0.799684
0.335756
1.151372
0.205627
-0.096035
-0.266056
-0.277122
-0.154691
0.114751
-0.472929
0.496960
-0.131767
-0.122893
0.902400
-0.457541
-0.490730
0.034549
-0.106259
-0.227030
-0.106227
-0.240567
-0.150617
1.522681
-0.400839
-0.142726
1.098687
-0.173353
-0.357322
-0.272306
0.100653
0.212605
0.410783
-0.387480
0.469793
-0.348763
-0.295580
-0.024833
-0.432526
-0.484109
-0.396949
0.102662
-0.280842
-0.411701
-0.377331
0.182825
0.369989
-0.010271
-0.174945
0.524824
-0.104256
0.100964
-0.453806
-0.070876
-0.022761
0.544453
-0.392847
0.352126
-0.160341
-0.356444
1.335632
-0.556404
-0.345651
0.504681
-0.502214
0.145325
-0.264090
-0.173473
0.146506
-0.175731
-0.412878
0.064394
-0.415802
0.158183
0.614165
0.177391
0.142211
-0.182258
0.038721
0.361578
0.991561
0.719040
-0.520474
0.636849
-0.341826
-0.413983
0.879297
0.030337
-0.367244
0.374009
-0.128351
0.254652
-0.150069
-0.224732
0.043941
-0.466522
-0.025229
-0.029971
-0.023094
0.126354
-0.173668
-0.170117
0.353050
-0.028736
-0.197768
-0.083560
0.154665
-0.502115
-0.156478
0.542476
0.080963
-0.130931
-0.185193
0.276301
0.211652
-0.516795
-0.253917
0.358460
-0.070566
-0.194868
-0.189627
0.103913
0.173849
-0.534344
-0.274393
-0.318356
-0.150174
-0.630910
0.503089
0.065574
-0.546446
-0.162485
0.119792
-0.282281
-0.235081
-0.301082
-0.458009
0.652324
0.368250
-0.346143
-0.075566
0.334219
-0.299760
-0.294297
-0.461941
0.419185
-0.332551
0.515366
-0.253741
-0.134008
-0.215920
-0.334193
-0.085068
-0.530798
-0.373434
-0.029982
-0.419093
0.078861
0.039800
-0.430584
-0.264382
-0.383266
-0.448333
0.243703
0.257266
-0.246569
-0.256512
0.348313
0.161937
0.089700
-0.076304
-0.043240
-0.424181
0.312725
-0.116116
0.648412
-0.037581
-0.172873
-0.255557
0.026871
-0.320252
-0.217020
-0.257802
0.692648
-0.550520
0.270380
-0.035995
-0.012431
-0.184864
-0.122321
-0.142454
-0.058122
0.908205
-0.319378
0.130647
0.228181
0.221218
-0.101357
-0.236739
0.298173
0.322405
-0.348945
0.144174
0.013285
-0.540034
0.066116
0.182541
-0.464572
-0.436301
0.220905
-0.088674
0.258040
-0.333658
0.412405
0.041266
-0.200051
-0.147059
-0.340370
1.407412
-0.045822
0.087865
-0.010604
-0.401128
-0.389395
-0.448621
0.764905
-0.032372
-0.581939
0.281527
0.376043
-0.600643
-0.103771
-0.360038
0.035525
-0.412290
0.496747
0.398555
0.161941
-0.483256
0.504734
0.055681
0.005071
-0.385659
-0.123543
0.061700
-0.122403
0.250458
0.718812
-0.023949
0.171542
-0.456252
0.557988
-0.086097
-0.122409
-0.559184
-0.022451
-0.486164
0.724076
0.865409
-0.338578
-0.231049
0.116701
0.262098
-0.102384
-0.445216
-0.103021
0.257224
0.274505
-0.131589
-0.089890
0.331276
-0.304624
0.304675
0.253471
-0.158026
0.779755
-0.315737
0.057223
-0.072167
-0.139238
-0.243272
0.122504
-0.217091
0.162485
0.210847
-0.408125
0.032783
0.203617
-0.312150
0.099377
-0.640583
0.195176
-0.253250
0.645950
-0.394939
-0.057797
0.679021
-0.217812
0.574787
-0.216610
-0.338437
-0.110969
-0.158509
-0.082380
-0.477670
-0.004006
-0.382874
-0.510379
0.088014
-0.017741
1.725649
-0.288414
0.331166
-0.603675
0.092009
0.376140
-0.095369
-0.444689
-0.446976
0.694507
-0.183641
-0.110856
-0.013974
-0.124440
-0.244674
-0.130208
0.108376
-0.350040
-0.324551
-0.373634
-0.710036
0.802271
0.020389
0.699282
0.074142
-0.339261
0.193423
0.421595
-0.064674
0.102450
-0.474787
-0.385378
0.122496
-0.192529
-0.326186
-0.115006
-0.071299
-0.608669
0.339471
-0.124279
-0.342731
-0.331006
-0.495719
-0.363193
0.471591
-0.193488
-0.474097
-0.509640
0.194529
0.881112
1.130294
0.317167
-0.374358
-0.316128
-0.337473
0.249526
-0.287551
-0.053643
-0.411114
-0.037821
-0.484890
-0.062147
0.382637
-0.289004
-0.398501
-0.015575
-0.564625
0.250017
0.493888
-0.207049
-0.318828
0.091798
0.223267
0.427077
0.023067
-0.587784
-0.838549
1.467256
-0.155626
-0.428047
0.389839
0.115380
0.056893
-0.176046
-0.628276
0.315928
-0.236942
-0.464987
0.446188
0.270790
-0.561122
0.211247
0.395391
-0.614488
1.434077
-0.243037
-0.196460
-0.449109
0.096290
-0.040095
0.931300
0.383747
-0.206018
0.157481
-0.150797
-0.397033
-0.256967
-0.299433
0.580375
0.020338
-0.243179
0.823587
0.200816
-0.583863
-0.342849
0.943387
-0.728063
0.272225
0.308052
0.046247
-0.613327
0.531755
-0.326024
-0.158653
-0.062948
0.147257
-0.444533
0.482537
0.199441
0.162792
-0.217229
0.287655
-0.004840
-0.344024
-0.584414
-0.028059
-0.603776
1.266672
-0.083515
-0.565797
0.748533
0.003130
-0.823139
-0.541661
0.274984
0.716966
-0.343046
0.243717
-0.373378
-0.697808
0.522918
0.574461
-0.233427
0.096345
-0.343131
1.008691
-0.209446
-0.020815
-0.138563
-0.182342
0.039539
0.863793
-0.675800
0.172557
0.019068
-0.866956
1.592939
0.576073
-0.288477
-0.322771
-0.214429
0.867390
-0.357228
0.478487
-0.219407
-0.500786
0.772253
-0.100820
0.036940
-0.216988
-0.117351
0.310964
0.301346
0.083708
-0.052689
-0.261475
1.084356
1.193577
1.293346
1.659522
1.529565
1.400668
1.406643
1.476789
1.443773
1.404997
1.078737
1.433684
0.951674
1.470940
0.901574
1.364200
1.270179
1.333353
1.217530
1.357089
1.351388
1.555823
1.487444
1.547119
0.988304
0.868392
1.062938
1.684047
1.049439
1.460706
1.016025
1.567728
1.417680
1.282665
1.296556
1.068310
1.207635
0.969076
0.811071
0.923766
0.895641
1.290886
0.752565
1.157545
0.863600
1.603233
1.361137
1.567769
1.331208
0.724557
1.177300
0.621269
1.106663
0.546980
1.322053
1.025771
1.653481
1.270502
1.308561
1.382883
1.277598
1.572715
1.260077
1.247779
0.969588
1.147691
0.980070
1.024685
1.302108
0.972225
1.448232
1.682058
1.522135
1.451756
1.177427
0.815176
0.666121
0.885241
1.487506
1.315158
1.295947
1.082648
0.983606
1.089830
0.935179
1.270130
1.529162
1.375661
1.106522
1.132354
0.992609
1.571305
0.795844
0.884826
1.157159
1.346504
1.711244
1.713410
1.679497
1.444596
1.637979
1.439239
1.596439
1.443375
1.333727
1.094429
0.961223
0.871141
0.572368
1.010692
1.001646
1.106201
0.975751
1.146009
0.906758
1.496585
0.926777
0.754050
0.330325
1.326892
1.702350
1.741269
1.805017
1.697349
1.210360
1.075060
0.956812
0.992729
0.708114
0.257411
0.291167
0.909206
0.866987
0.613441
0.923461
0.914964
1.540132
1.516019
1.196204
0.945549
0.945387
0.727464
0.874523
1.400094
1.668212
1.510831
1.676377
1.661370
0.777815
0.522522
0.247454
0.835918
0.949017
0.422390
0.075416
0.413213
0.495703
1.247645
1.067000
1.279855
1.680251
1.650337
1.514815
1.437602
0.914873
0.835026
1.554088
1.285733
1.142711
1.301913
1.148682
1.554705
0.988365
0.817495
0.156332
0.637333
0.507953
0.916838
0.085716
1.041026
0.792392
1.224359
1.294769
1.534746
1.519750
1.684093
1.565054
1.249970
1.624046
1.417872
1.316176
1.402139
1.356975
1.121724
1.112082
1.340078
1.531560
1.155067
0.999151
0.802226
0.458784
0.189422
0.336239
0.728186
1.167865
1.406786
1.364408
1.287768
1.667130
1.586179
1.281190
1.594353
1.346416
1.461707
1.686495
1.530453
1.583408
1.697017
1.704919
1.655750
1.466212
1.285609
1.160803
0.985277
0.881614
0.810805
0.640634
0.912851
1.423225
1.161741
1.222167
1.270982
1.542670
1.741933
1.466733
1.330580
1.441711
1.710207
1.696582
1.685807
1.660942
1.321060
1.682046
1.648180
1.125360
1.173300
0.776505
1.190844
1.274099
1.000752
1.361018
0.699746
1.507640
1.354447
1.453367
1.410484
1.585652
1.282001
1.104355
1.389971
1.417406
1.689475
1.594316
1.649281
0.943552
1.326320
0.915924
1.444910
1.256976
0.974498
0.617642
0.858379
1.197872
1.253692
1.199225
0.934649
1.004524
1.569696
1.395306
1.673671
1.678842
1.391407
1.169414
0.927874
1.229227
1.574597
1.746666
1.399271
1.126907
0.905810
0.762390
1.336967
1.232470
1.431545
1.442578
1.144683
1.129851
1.255746
1.027991
1.421951
0.432283
1.367722
1.207252
1.558872
1.470817
1.187213
1.352350
0.969533
1.475680
1.457260
1.200550
1.624074
1.233388
0.799031
1.357520
1.101074
1.541871
1.508128
1.278390
1.444527
0.821671
1.344419
0.629573
0.543773
0.818061
1.014423
1.638811
1.287271
1.442783
1.244705
1.398787
1.142052
1.301655
1.501507
1.658636
1.466998
1.320023
1.207067
1.312598
1.356995
1.378629
1.467217
1.439910
1.342227
0.806514
0.973761
0.935545
1.254720
0.928515
1.055963
1.514508
1.625999
1.539733
1.457199
1.523806
1.509476
1.640396
1.520154
1.683028
1.757671
1.127002
0.874555
1.545445
1.575300
1.565938
1.715792
1.620767
1.686661
1.538662
1.546575
1.383376
1.727036
1.572469
1.503832
1.231249
1.482022
1.008146
1.268948
1.056968
0.855290
1.166224
1.191081
1.386379
1.546311
1.038663
0.798547
1.248024
1.645051
1.514612
1.495215
1.488374
1.360914
1.429476
1.392138
1.438044
1.663671
1.236151
1.433856
0.498464
1.364749
0.958106
1.001370
0.910330
0.956214
1.189757
0.997541
1.352058
1.464685
1.189652
1.082796
1.149326
1.580289
1.220669
1.093097
1.407054
0.876788
1.217011
1.439566
1.248956
1.624227
1.484602
1.033708
0.921259
0.771997
1.186039
1.659402
1.608071
1.236511
1.370880
1.303386
1.064256
1.685302
1.327427
1.338768
1.374854
1.405299
1.328160
1.301345
0.934045
1.017130
1.396790
1.263412
1.605066
1.742844
1.664975
1.466989
1.132959
1.138795
1.299487
1.387999
1.778575
1.424364
1.096148
0.858276
1.154775
1.242741
1.164412
1.173517
1.161508
1.581432
1.553899
1.300509
1.287368
1.187841
1.040451
1.529416
1.529526
1.497625
1.711667
1.377355
1.375996
1.167476
1.124162
1.421140
1.250811
1.452727
1.202919
1.399224
0.723992
1.559984
1.111888
1.127757
1.021547
1.674090
1.745230
1.771101
1.620817
1.522002
1.437853
1.600531
1.462932
1.817446
1.016484
0.941444
0.936625
1.146423
1.021489
1.256803
1.359340
1.273288
1.164971
1.215368
0.936788
1.076208
1.503126
0.546548
1.580192
1.072759
1.799062
1.663981
1.654282
1.458016
1.748459
1.262060
1.631527
1.082325
1.499839
0.865017
0.920686
1.015229
1.099486
1.354079
0.901183
1.074466
1.259060
0.951262
1.329619
1.292487
1.138433
0.923205
0.916543
1.184455
1.662970
1.382820
0.957236
1.033018
0.411148
0.989587
0.661204
0.937373
0.996365
1.043922
1.647252
1.611945
1.608753
1.276986
0.875261
1.041808
0.992167
1.117066
1.101233
1.415041
1.160430
1.113665
1.266724
1.671159
1.506203
0.977912
0.367390
0.107742
0.269493
0.446211
0.367450
0.734542
1.129858
0.984357
1.371204
1.562379
1.327219
0.786776
1.181795
0.751835
1.368780
1.538486
1.331677
1.666864
1.261264
1.203713
1.394536
1.782446
1.476241
1.228906
0.886829
0.156103
0.298028
0.275496
1.274482
1.482328
1.088179
1.100780
1.024020
1.565486
1.184149
1.294042
0.737196
0.968688
1.644726
1.485180
1.519951
1.390417
1.462371
1.393168
1.609390
1.235559
1.423514
1.257271
1.651257
1.303343
1.493997
1.152032
1.662140
1.335434
1.715425
1.442752
1.588787
1.499067
1.435534
1.094823
1.612798
1.188416
1.836980
1.497121
0.992972
1.419201
1.522351
1.506842
1.414778
1.195392
0.981986
0.973620
1.504975
1.557545
1.613172
1.525697
1.894001
1.717625
1.366357
1.479151
1.475767
1.738562
1.585241
1.574650
1.107737
0.999834
1.159374
1.562634
0.521139
0.930283
1.509661
1.104219
1.373505
1.121099
1.038440
1.259833
0.751882
1.604291
1.297174
1.895955
1.854335
1.514273
1.693647
0.856984
1.562686
1.215004
1.625340
1.440038
1.133006
1.422896
1.079192
1.040579
0.779039
1.192815
1.268278
-0.185120
-1.150186
-0.127344
0.748564
0.257208
0.726819
-1.192684
0.361367
-1.095705
-0.177765
0.917927
-0.815330
0.130583
-0.332317
1.235253
-0.700772
-0.275573
-1.078235
0.868934
-0.471727
0.234160
0.857711
-0.558688
-0.127911
2.828443
-0.137199
-1.982364
0.471411
-1.687903
1.294282
1.758246
0.091569
0.210285
-2.594391
1.514539
0.545160
0.632656
-0.266876
-0.884424
1.513025
-0.219390
-0.299604
-1.200295
0.783682
-1.219192
-0.012377
1.691387
-1.078165
0.845122
2.227785
-0.635793
0.998509
0.573308
-0.337312
-1.214386
1.633972
1.330453
0.004500
-1.114838
-0.079527
0.190301
0.108610
-1.863715
-1.793559
-0.292502
1.474489
-0.709962
0.102690
-0.995227
-1.860430
1.690028
0.250497
-0.301320
-0.969971
1.245169
0.033394
1.340418
1.726458
-0.811981
-0.550057
0.207616
1.834592
-0.519075
-0.477660
-1.597434
-0.027187
-0.487987
-0.529542
-2.395453
1.167107
-0.410505
1.228652
-0.017465
-2.600091
-0.497959
-0.767569
2.844342
-0.901626
0.793554
-0.996706
-0.162457
-0.214667
-0.823729
0.869948
0.686664
-2.135134
-0.250786
-1.767460
0.009532
-1.127401
0.986704
0.969452
2.503013
-0.912100
-1.330125
-0.616548
1.397120
0.914263
-0.364065
-1.039303
1.130222
0.572414
0.377837
2.300056
-1.663801
0.770228
-1.300737
-0.640356
-0.692232
2.371165
-0.163316
-0.353470
-1.094024
1.880982
0.097228
0.616338
-0.202529
2.005437
-0.982973
-2.051994
1.692482
-1.017615
0.783818
0.102551
-0.634467
0.576412
-0.326999
-1.207095
-0.001752
0.442480
-0.541419
0.254538
-1.318387
-0.393349
2.385969
3.055699
-0.213097
-0.047529
0.238618
2.956578
-2.116887
0.598040
1.123958
-1.486814
0.966313
0.957474
-0.328982
0.573508
1.589857
-1.497737
-0.981323
-0.632989
-0.920674
-0.643299
-1.071696
-0.301845
-0.146162
-1.554258
1.078523
-0.025978
0.098447
1.229501
-0.743802
0.724868
1.133481
-0.114873
-0.353616
-0.163262
-0.968034
-0.141610
1.178564
-0.278188
-0.078229
0.967785
-1.110867
0.581269
-0.519453
3.389622
-1.468152
-1.127526
1.624954
-1.750512
0.997025
0.720775
-0.662365
0.882942
0.299517
-0.655480
0.401918
1.308337
1.375114
-0.590164
-0.714255
0.043712
5.509126
-0.383326
0.288866
-0.506211
0.030614
-0.403724
0.089447
-0.570809
1.991871
0.772576
-0.317863
1.695485
-2.296967
-0.028137
0.825598
-0.045747
0.729230
-1.479323
0.183970
0.481898
-1.111363
0.807391
1.614111
-2.036812
0.293270
-0.996068
1.123492
0.215555
-0.139967
-0.550525
1.924587
-0.863867
-0.245106
-0.381162
2.204621
1.156479
0.447872
-0.916276
-1.569355
-0.377452
-0.135231
1.262766
-0.921523
-0.561708
1.277483
0.020533
-0.280710
-0.108609
0.967436
-0.750603
-0.248699
1.809358
1.228767
-0.316800
-0.625488
0.089869
1.549490
-0.659090
-0.072399
-0.050669
1.414830
1.288956
-0.605471
-0.188145
-1.808956
-0.980446
-0.597742
0.543903
-2.135130
-0.174265
-0.167116
-0.749629
0.929279
0.663135
-1.247332
1.712606
-0.579024
-0.482010
1.234215
-1.048409
-1.972699
1.760434
-1.540452
-0.738578
-0.547389
2.601618
-1.282855
1.308953
-0.766507
-0.656429
-1.056604
-0.108645
-0.041066
-0.094971
-1.501113
-0.961127
3.156150
-0.260239
-0.309338
-1.350732
2.773301
-1.586427
0.262805
0.912348
-1.025162
-1.941020
2.579542
-0.904368
-2.390622
1.549219
-1.310501
0.524471
0.103197
1.905005
-0.632300
-1.965834
-0.579842
-0.155061
1.309615
1.301569
0.155778
1.800532
-1.292448
-0.960448
-0.300411
0.954065
-0.613259
1.425203
2.142551
-0.021619
-1.417767
1.944486
0.314012
0.408872
0.696792
-0.837067
0.467032
0.640093
1.965395
-0.614489
-0.109167
-0.628707
0.515387
-1.652541
3.976577
-0.965666
2.776478
-0.116273
0.439892
-1.308472
1.159718
0.062267
0.104387
0.574249
1.641205
-2.661040
0.810699
-0.297362
2.032904
-0.278176
-0.796027
-2.267551
1.540395
1.936601
-0.536065
-0.208511
-1.060515
0.643943
-0.892992
-0.219828
0.511253
-0.806847
0.794762
1.173858
-0.913235
0.932872
-1.405226
0.320361
-0.756853
1.816192
-0.621623
0.023138
0.214237
0.203035
-0.115064
-0.286053
-2.749073
0.718788
2.111590
1.299606
-1.084565
-0.583815
-0.905947
0.804309
0.983527
0.828358
1.122540
-1.451369
-0.395242
2.258418
-3.931214
-0.388398
3.560691
0.229609
-0.028968
-0.614468
-0.517652
1.739494
-0.443035
0.727264
2.377358
-1.571428
0.194116
0.493095
-0.081263
-0.315925
1.386790
-0.378467
1.972933
-0.394139
-0.736984
-0.036049
-1.279328
-0.030599
4.579849
-2.858148
-0.391194
1.642051
0.914843
0.144837
-1.805499
0.092137
2.274171
-1.851937
-0.426925
-0.560680
-0.609822
0.603677
-0.311383
-0.500251
4.162734
1.147728
-1.840031
-0.475440
0.843606
0.083243
1.169598
-0.878837
0.743039
1.940563
-0.338271
-0.584032
0.505956
1.077649
-0.326497
-2.474578
-0.292357
2.229609
0.103223
-0.583924
-1.643848
1.773359
0.429121
-3.392042
3.833004
0.770195
0.607747
0.420055
-1.161173
-0.948602
0.858464
-0.424905
0.608435
1.147691
0.734629
-1.056767
-0.336402
0.003563
0.383343
1.093121
-1.489376
-2.425542
0.047614
1.741775
-1.234282
-0.334683
3.321746
-1.071808
-0.187830
-0.314555
-0.275032
0.886001
0.069239
-1.186665
1.517357
-1.181128
-0.359584
-2.091062
0.711775
-0.556299
-1.167741
0.558488
-2.450853
0.619645
1.812707
2.012946
-1.457966
0.421538
1.086290
-0.972343
-0.257557
0.896907
-0.186237
0.384016
-0.618724
0.960666
0.409286
-0.539244
-1.715474
1.443018
0.200702
-1.219299
-0.382997
-3.252749
0.903324
0.404170
-0.619869
-1.746574
0.387565
0.397220
1.571287
-1.826413
-0.523110
1.187346
0.874607
-1.198759
1.346503
-0.086787
0.114640
0.404925
-0.289004
-0.038091
0.424054
-0.391147
-0.804205
0.807551
-1.342221
3.613609
-3.053376
3.191834
0.441283
-0.393565
-1.062059
-0.299029
-0.277650
-0.100729
-1.688000
-1.541254
0.906391
-0.940910
-1.344124
-0.003008
-0.663466
0.784891
-0.526108
-1.384931
-1.545578
0.960364
0.045402
1.509196
-2.255688
3.058955
0.325256
-0.902587
2.258012
1.420685
0.385493
-1.143291
0.634875
-1.614244
0.701502
-2.635250
1.016093
0.442325
0.775695
-0.717982
-0.522199
-1.237292
0.540873
1.925884
-1.353490
-1.838354
-0.545536
2.719610
1.423403
-1.686473
1.992942
0.067638
-1.954303
0.682806
-0.604803
0.481568
-1.473852
2.103148
0.888967
3.929742
-2.631899
1.541515
-0.960632
-0.012961
0.052313
-0.602121
-2.007009
-0.002565
1.850570
-1.664040
-0.990893
0.188478
2.063636
-0.099064
-1.255483
0.973554
-0.513933
-2.078643
-0.060217
0.118970
2.013786
-0.399167
-0.754122
0.789728
-0.086965
-0.644459
3.048132
-0.647238
0.612888
3.502640
0.713931
-2.600737
-0.158492
4.509849
-0.600011
-1.098341
1.664715
0.757786
0.990445
-0.429891
0.364134
-0.284268
1.863406
-1.506693
1.896021
0.324320
-0.098102
-0.449290
0.449475
-0.982881
2.006274
-0.303517
-0.123021
0.471805
0.573245
0.430665
-0.018595
-0.226696
-0.109751
-0.138441
-0.145430
-0.193473
-0.136487
-0.107446
-0.044459
-0.166379
-0.246862
-0.302210
-0.290260
-0.192860
-0.186098
-0.103675
-0.002128
0.125354
-0.135614
-0.202686
0.249661
0.708438
1.545480
0.274272
0.233649
-0.025621
0.268627
0.884025
0.769187
0.325137
0.211627
-0.031933
-0.057064
-0.084791
-0.124298
0.037306
0.124702
0.238508
0.176058
0.278884
0.906081
0.882652
0.225309
-0.026351
0.645633
0.833122
0.161992
0.118953
-0.309292
-0.161732
0.503676
0.602809
0.768217
0.199797
-0.116032
-0.160859
0.013909
0.591068
1.197974
0.901839
1.080944
0.370095
0.228138
0.573386
1.306016
1.824782
0.732570
0.021656
0.584692
0.444305
-0.013632
-0.173937
0.082018
0.204416
0.505616
0.259101
-0.040470
0.014665
0.182279
0.266714
0.451366
1.383120
2.225281
1.641053
0.390152
0.428737
0.399188
1.008806
1.642590
1.548328
1.207997
0.321517
0.755427
0.624018
0.311675
0.126205
0.457600
0.770608
0.531040
0.339257
-0.088137
0.782406
0.620352
0.607362
0.319752
1.780141
2.184978
1.521208
0.072103
-0.037729
0.246670
0.773415
1.074944
1.305833
0.645528
-0.181370
0.417778
-0.003417
0.163870
0.682096
0.348848
1.049611
0.502059
0.049749
0.559161
0.681808
0.975456
0.794647
0.922923
1.694597
1.519169
0.458128
0.716643
0.653666
0.379582
0.073699
0.839350
1.550958
0.539165
-0.257193
-0.117259
0.013416
0.454109
1.068292
0.864306
0.501425
0.546140
-0.177958
-0.025399
0.497590
0.321906
0.125788
0.847475
0.412930
0.238809
-0.057944
0.615823
0.901822
0.182041
-0.061210
1.036478
2.012691
0.986647
-0.172793
-0.041570
0.901560
1.566248
1.202911
0.972699
0.705716
-0.006484
-0.031435
0.113049
0.070008
0.141437
-0.013351
-0.024792
-0.049077
-0.198702
-0.026062
0.504172
0.455560
-0.066410
0.111983
1.080361
1.189386
0.789993
-0.015170
0.970638
1.586727
1.708035
1.225568
0.737891
0.837077
-0.054483
-0.014034
0.342082
0.059855
-0.113327
-0.044018
0.088875
0.035005
-0.084828
-0.071301
0.063589
0.076563
0.026605
0.317754
0.562073
1.396236
0.974443
0.184041
1.045879
1.912814
1.180765
0.390261
0.757640
0.510743
0.639105
0.567545
0.576660
0.113390
0.013122
0.346717
0.044246
0.564774
0.412624
0.408904
-0.011423
0.620819
0.521948
0.624159
0.165344
1.396733
1.578249
-0.032505
1.284198
1.398217
0.757017
0.283399
0.314079
0.309973
0.160936
1.209258
0.932690
1.236668
0.952952
1.013358
1.339376
1.009684
1.216550
0.827469
0.552836
0.290652
0.959739
0.537161
1.130746
1.690616
0.758288
-0.209361
0.289194
0.312398
-0.065580
-0.118927
-0.117480
-0.137630
-0.065855
0.111536
1.296399
0.924343
0.961542
0.714528
1.197927
0.664865
1.510718
0.901346
0.396376
0.049498
0.416947
0.704374
1.464932
0.878168
0.406812
-0.286187
-0.144001
-0.011121
-0.049439
-0.070403
0.065790
0.162662
0.553018
0.369431
0.472946
0.298572
0.347435
0.704427
0.412521
0.770133
0.973036
0.917698
0.263494
0.554130
0.937841
1.040270
1.105435
0.684244
0.226619
-0.061303
0.487440
0.912694
0.659729
0.465032
0.901792
1.528984
0.825855
1.069730
0.590667
0.541121
0.308897
0.093590
-0.036823
0.489916
0.484260
0.391734
0.694431
1.033761
1.053443
0.896900
0.075971
0.828283
0.202565
0.189824
0.961488
0.898028
0.951802
0.278736
1.121193
1.322496
1.075891
0.438431
0.936722
0.376246
0.250792
-0.051468
0.280395
-0.007182
0.257825
0.484692
1.278214
1.603431
1.213762
0.429420
0.500328
0.104278
0.143738
0.117828
0.776708
0.986048
0.270186
0.229927
0.159113
0.661707
0.669361
0.594969
0.693809
0.239411
-0.122925
-0.106764
-0.115928
0.370613
-0.060218
0.349254
0.614745
0.947425
1.201629
0.749871
0.437842
0.139822
-0.212423
0.071479
0.609168
0.899909
0.199869
-0.024703
-0.107975
0.128257
0.772979
0.456823
0.348352
-0.066402
-0.140937
-0.162431
-0.157995
0.129570
0.574101
-0.002485
0.107711
0.734380
1.640196
1.968717
1.414797
0.884484
0.458166
0.266920
0.381020
0.231303
0.848846
-0.055164
0.042755
0.567975
0.678026
0.681821
-0.060164
-0.002078
-0.019585
-0.097391
-0.098066
0.230315
0.338076
0.538565
-0.020877
0.858520
1.430894
2.017104
1.360388
1.244688
0.746150
0.032868
0.386936
0.648552
0.745058
0.121101
0.014322
1.351941
0.787845
0.670149
0.129942
0.226509
0.448232
0.347421
0.036003
0.722594
0.428822
0.264876
-0.016889
0.258897
1.053260
0.900427
0.795732
0.878749
0.198673
-0.012413
0.301660
0.932210
0.712093
0.400213
0.809763
0.717417
0.657186
0.063006
-0.042988
0.092899
0.667729
0.656103
0.232160
0.449757
0.933722
0.005299
-0.033735
0.362824
0.631521
0.790879
0.537704
0.627812
-0.098403
-0.147899
0.494990
0.908941
0.465701
0.263794
0.439178
0.495615
0.141802
0.343296
0.474612
0.907634
0.566157
0.207571
0.054615
0.374879
0.718790
0.064012
0.075453
0.233765
0.237997
0.558543
0.795439
-0.088945
-0.228304
-0.218169
0.347832
1.239271
0.470774
0.118930
0.161548
0.307421
0.356725
0.473432
0.830814
1.166304
0.703693
0.028939
-0.032435
0.465572
0.778109
0.268452
0.295324
0.262947
-0.088727
0.490333
0.230129
-0.051452
-0.129165
-0.161964
0.563019
1.012731
1.065697
0.267756
1.123330
0.987121
1.148317
1.148287
1.427849
1.043937
0.793202
0.181220
0.161593
0.284636
0.464875
0.330391
0.243227
0.234687
0.386353
0.615824
0.507573
0.722542
0.504849
-0.285727
0.441633
0.872961
0.842896
0.415252
0.668828
0.932379
1.083408
1.236436
1.634905
0.500249
0.825122
0.095512
0.148725
0.181689
0.189836
0.379209
0.808733
1.017436
1.137511
1.167781
1.177287
1.292599
0.796652
-0.249364
0.670731
1.721446
1.297130
0.701707
0.272412
0.394868
0.644207
0.954252
0.512332
0.502807
0.263872
0.143574
0.204425
0.720031
1.308617
1.311131
1.098582
1.221416
1.404363
0.987333
1.564277
1.840185
0.686642
0.142771
1.317514
2.451968
1.562239
0.827546
0.692239
0.841462
0.720377
0.467582
0.870563
1.110823
0.499085
0.017560
0.154872
1.465383
1.782614
1.208204
0.735613
0.384556
1.207679
1.135085
1.512292
1.888940
0.884193
0.123557
1.059147
1.054130
1.273439
1.102591
1.342198
1.384087
1.017045
1.274100
1.588247
1.543580
0.594504
0.675315
0.604215
0.930355
1.360777
0.675173
0.169026
1.076876
0.773938
0.893009
0.525982
1.122986
0.509559
-0.163187
0.279793
0.961142
1.069611
0.961191
0.969135
0.554214
0.227211
1.160512
1.712753
0.991945
0.856589
0.941822
0.855168
0.621486
0.312984
0.613178
0.323491
1.049857
0.811068
0.210604
0.158189
0.503996
-0.029216
1.281833
1.632107
2.347834
2.537212
3.406612
2.587035
2.667207
3.128468
2.147494
2.613234
2.084554
2.400761
2.066232
1.808203
1.398011
2.053914
1.678646
1.916817
1.830289
1.970460
2.006196
2.525106
3.029323
2.359277
0.204413
1.853369
2.399670
1.798921
0.145503
0.745872
0.844732
0.995798
1.625005
1.450686
2.405662
-0.016890
1.842666
1.593227
2.564976
1.548404
1.860960
1.741458
2.575297
1.677497
0.812180
1.237137
2.093891
2.499747
0.313075
0.372046
-0.630815
-0.762409
-1.159038
-0.071848
-0.529971
-1.668932
-0.108640
-0.568633
-0.059017
-0.583336
-0.334403
-0.408963
0.146341
0.320569
0.570300
-0.262140
-0.323046
-0.015597
0.946135
-0.629213
-1.075751
0.022916
-0.524945
-0.420190
-0.082357
-0.711574
-0.932960
-0.215844
1.004641
0.280519
-0.610597
0.011187
-1.161807
1.049919
0.647842
0.981337
-0.313670
-0.373440
-0.249336
-0.404406
-0.246010
0.278836
0.485867
-0.419542
-0.371355
-1.442787
0.161294
0.691794
0.781052
-0.141928
0.368615
-0.473527
-0.619411
0.115005
-1.000669
-0.323125
0.439559
-0.100022
-0.366205
-0.251240
0.363986
-0.678867
0.237678
0.429163
0.088843
-0.846582
-1.785892
-0.617538
-0.126945
-0.731735
-0.885146
-1.840321
-1.424547
-0.348423
0.682851
-0.079943
-1.226614
-0.250328
-0.115112
-1.272909
0.231493
-0.880625
-0.061788
0.920090
0.239294
-0.944288
0.011487
0.616969
0.373479
0.436739
0.310701
0.539231
-0.402243
0.131504
0.593452
-0.645365
0.105784
1.858391
0.495091
0.151525
-0.315767
-0.134476
1.250149
-0.255464
-0.703045
-0.477694
-0.972903
-0.615959
-0.660623
-0.485887
-0.765021
-0.943409
-0.452504
-0.128383
-0.408082
0.229498
-0.444267
-0.085413
1.253307
-0.585767
-0.086378
-0.939421
-0.665492
0.761448
-0.024008
0.176831
-0.348063
0.752657
0.033358
-0.017257
-0.152650
-0.765114
-1.500867
-0.393956
-0.372723
-0.452188
-1.401323
-0.794869
0.129862
-0.579979
-1.019480
-0.137455
0.419366
0.333460
0.982739
-1.033622
-0.490805
0.388448
0.359254
0.190420
0.100272
-0.312382
-0.402232
-0.172683
-0.860271
-0.183321
-0.632637
0.118320
0.232630
-0.865078
-1.021757
0.700079
0.253302
-0.912604
-0.059515
0.090629
-1.043150
-1.502777
-0.646417
-0.437317
1.248887
-1.208448
-0.753002
0.710431
0.716605
0.358397
0.235352
-0.104060
-0.480753
0.452112
0.758295
0.127599
-0.059968
-0.147196
0.570130
2.242136
-0.809552
-0.961551
-0.501770
-2.523533
0.039178
-0.483124
-1.181832
-0.634141
-0.544448
-0.440150
-0.785021
0.108322
-1.312556
0.293986
1.808878
1.889080
1.878014
-0.251987
1.407425
0.699399
0.025288
1.215517
-0.762554
-2.310072
-0.310891
1.696551
-0.186495
-0.912339
-0.486600
-1.222603
-1.306439
-0.607218
-0.410713
-0.597378
0.857230
-1.256153
-0.371316
-1.318303
-1.696218
-0.496252
-0.669020
-0.569059
-0.948521
-1.194980
-0.863003
-0.384440
0.316854
-0.460987
-0.308725
-0.755135
-0.644578
-0.272665
0.082389
-0.141555
0.789823
0.746702
-0.664547
-0.113573
0.661090
0.926590
0.473773
0.036411
-0.460956
-0.562261
-1.212951
-0.222713
0.079451
-0.416278
-0.977320
-1.236736
0.993831
0.296751
-0.137599
0.108963
-0.566112
0.279772
1.320456
1.063627
0.805608
0.514986
-0.241475
0.543331
-1.336517
-0.635379
-1.380267
-0.063864
0.970321
-0.336150
0.013774
-0.262113
-0.405043
-1.238182
0.163258
0.206967
1.080470
0.369545
-0.613234
-0.208983
-0.697674
-0.271412
-0.576541
-0.724754
0.655137
-0.794851
-0.163827
-0.544318
-0.047334
1.273195
1.000471
-1.129747
0.223115
0.467961
0.412691
0.050814
-0.277984
0.395743
-0.142975
0.622338
-0.368626
0.119474
0.201428
-0.825454
-1.036429
-1.194947
-1.046060
-0.719866
-0.610072
-0.557768
-0.552217
-0.222380
-0.691234
-0.698679
-0.183544
-0.476363
-0.360257
0.054504
-0.496118
-0.033153
-0.943635
0.977298
-0.201577
-0.860966
-1.772756
-1.066008
-0.148727
-0.611071
-0.599592
0.192706
0.692656
0.339364
-1.353847
-0.426508
-0.231814
-0.605162
-0.126516
-0.471924
-0.635881
-1.042707
-1.266077
-0.489792
-0.564707
0.373849
0.235556
-0.055507
-0.493396
-0.255391
-0.979175
-0.314580
0.173707
1.561783
1.708691
-0.200833
0.180335
-1.272806
-0.325926
1.299020
0.606456
-0.542295
-0.151713
0.978443
-0.405997
0.981345
0.450632
0.574932
-0.458840
-0.031104
-0.270586
0.317093
-0.574461
-0.154148
-0.058689
-0.101323
-1.541455
-1.506387
-0.604508
-0.370592
-0.377795
0.072447
0.396115
-0.761883
-0.052884
0.748036
-0.368879
-0.510811
-0.663845
-0.311216
0.328606
-0.714834
0.245427
-0.055886
0.044026
-0.184931
0.159802
-1.154172
-0.486234
-1.403646
-1.241933
0.291458
-0.078857
-0.104745
-1.342286
-0.242674
0.088061
-0.796645
0.269163
-0.059173
0.271591
-0.546821
-0.513976
-0.616323
0.080122
-0.916080
-0.223353
-0.745775
-0.428391
-1.108478
-0.114014
0.246481
0.692721
-0.505064
0.428680
-0.132409
-0.861969
-1.251663
-0.194174
-0.580173
-0.528027
0.186520
-0.904380
-0.951027
0.091065
0.337147
0.722061
0.561135
-0.864228
0.761351
-0.252770
-0.178573
-0.392324
-0.871135
-0.780918
0.058829
-0.192895
-0.457408
1.420688
-0.342672
-0.317563
-0.382339
-0.056232
-0.445154
-0.314444
-0.233660
-0.247738
-0.823421
-0.593685
-1.407765
-0.217183
0.538543
-0.432741
-0.205372
0.219300
-0.144675
0.488552
-0.009436
-0.125513
0.344398
-0.019894
0.447565
-0.352386
-0.080300
0.712310
0.326138
0.734816
-0.282693
0.791296
-0.239055
0.610824
-0.339392
-0.468674
-0.094546
0.349266
-0.081759
0.111396
-0.382406
-0.107994
-0.769181
-0.655373
-0.445926
-0.412479
-0.738255
-0.223488
1.403313
-1.119559
0.133788
0.852868
0.000442
0.598514
-0.690963
-0.082893
0.183252
-0.698650
-0.168286
-1.194087
0.198673
-0.551757
-1.311629
-0.658599
-0.047350
-0.019773
0.397503
-0.648352
-0.205127
0.817375
-0.445301
-0.231746
-0.471158
-1.253845
0.164711
-0.187253
-0.398303
0.304990
1.125060
0.013937
1.513183
-0.145547
-0.324011
0.341873
1.058752
-0.057135
-0.584520
-0.920507
-0.377621
-0.644469
0.690130
-0.102229
0.922578
1.862918
0.773846
-0.298884
-1.277960
0.129581
0.497478
-0.605473
-0.432863
0.449884
0.389721
-1.807618
-0.921126
0.714445
0.305604
1.008217
-0.338648
-0.332472
0.118918
-0.379308
0.588160
-0.014984
0.204066
-0.512545
-0.967796
-1.017014
-0.745752
-0.807356
-0.508966
-0.152425
-0.199622
-0.274288
-0.178960
-0.499602
-1.534127
-0.948382
-0.844734
0.679626
0.964553
-0.371177
-0.704658
-0.076097
0.650731
0.007639
-0.443166
0.223092
0.261127
-0.238379
-0.863955
-1.664177
-0.009005
-0.145709
-0.567694
-0.814059
-1.309662
-1.233681
-0.579776
-0.494884
-1.217458
-0.304756
-0.007268
-0.785689
-1.529760
-1.355964
-0.446338
-1.102842
-1.881436
-0.067684
-0.394326
-0.750976
-0.843759
-0.479429
-0.209807
-0.298849
0.165763
-0.684252
-0.630057
-0.596088
-0.518633
-0.998864
-1.478421
1.159821
0.797217
0.120469
0.372170
-0.073743
0.274851
1.438622
1.640590
1.068680
0.244617
1.332596
0.485138
-0.008437
-0.016829
0.357249
0.510085
0.324170
-0.014723
0.353724
0.546655
1.221715
2.176947
2.528698
0.785800
0.101603
1.990733
0.358640
-0.012571
-0.035020
-0.057357
0.199893
2.353701
1.963377
0.308622
0.146184
0.514787
0.261784
-0.063494
-0.010275
-0.014126
0.518726
0.341968
-0.088450
-0.042630
0.900094
0.768727
2.790421
2.786699
-0.041892
0.395725
-0.021867
-0.108818
-0.066832
-0.033674
-0.122571
-0.059005
0.549138
1.335605
-0.052428
-0.092841
-0.035480
-0.024279
0.443690
-0.002818
-0.070458
0.852474
0.800451
-0.024744
-0.010731
0.151820
0.183390
0.525738
0.809582
0.076859
-0.017361
0.213700
-0.112755
-0.105975
-0.113761
-0.089569
0.323484
0.695817
0.466212
-0.015382
-0.019265
0.593098
1.755049
2.264109
2.050167
0.863827
1.074964
1.108073
0.271600
1.619326
0.944085
0.499896
0.402584
1.146915
1.088214
-0.004875
-0.071935
-0.076697
-0.112007
-0.089993
-0.024731
0.036013
0.540459
0.547776
-0.105594
-0.024255
1.604837
2.041685
1.911687
2.021542
1.021882
-0.077403
0.146641
0.878667
0.697722
0.693882
-0.079249
-0.007846
1.158095
0.194593
-0.098399
-0.055451
-0.085905
-0.092906
-0.147610
-0.008410
0.754381
0.647282
0.064350
-0.039236
-0.064073
1.404229
0.125154
0.832372
2.512666
0.936135
1.795916
0.826500
1.140619
0.321660
-0.075104
-0.063927
-0.090189
-0.087252
0.480171
-0.047842
-0.078267
-0.093676
-0.092472
-0.095208
-0.091841
-0.009763
0.693381
-0.012086
-0.127138
0.067989
0.882598
0.907068
0.001635
1.188597
1.534737
2.166672
2.733318
0.333040
-0.052851
-0.025558
-0.005734
-0.075098
0.767484
1.264142
0.350061
-0.049238
-0.035346
-0.100040
-0.098910
-0.083684
-0.113434
-0.071581
-0.083263
-0.136348
0.356342
1.575631
0.265141
0.266408
-0.137274
0.814430
2.998975
0.499008
-0.075223
-0.013152
-0.006132
0.278357
-0.023664
1.218022
2.299044
1.228134
-0.078669
-0.126747
-0.103955
-0.143228
-0.129616
-0.096258
-0.076616
-0.036050
-0.059017
-0.034029
1.154389
1.481174
-0.031401
-0.044483
0.940283
1.655160
-0.059305
-0.027752
-0.072259
-0.041712
-0.010110
-0.072221
-0.006721
1.556334
0.815408
-0.029562
-0.078963
-0.050408
-0.089959
-0.134914
-0.094830
0.566956
-0.055384
-0.074442
-0.013020
-0.029758
1.065247
0.457943
-0.066382
0.261010
-0.060550
0.077998
0.029687
-0.033205
-0.075770
-0.062966
-0.090869
-0.048188
1.186663
1.021021
-0.010654
1.335148
-0.007704
-0.018749
-0.069620
-0.006870
0.318458
0.229629
-0.109891
-0.091976
-0.048723
0.306844
0.724052
-0.011023
-0.079007
0.013449
0.775239
-0.022356
-0.083244
-0.079859
-0.050091
-0.086074
-0.108392
-0.034739
-0.022449
1.090026
2.161523
2.332825
-0.008448
-0.049894
-0.013482
0.712966
-0.030239
0.056396
-0.017002
0.052424
1.346199
0.971228
0.269565
-0.017062
0.844038
0.085850
-0.042920
-0.038610
-0.045518
-0.062491
-0.038360
-0.109389
-0.179965
-0.100725
1.116037
1.942674
1.076245
3.027330
0.998566
-0.086269
0.740462
1.080284
0.811760
0.626118
0.792059
0.687056
0.193263
0.352055
0.433043
0.755585
0.717969
1.338880
1.378187
0.858933
1.333940
0.779119
-0.014796
-0.120735
-0.045762
-0.001447
0.865053
3.779153
4.017786
2.803234
1.009654
0.367626
0.850492
0.371398
0.013478
0.189764
0.465499
-0.012539
-0.037992
-0.002761
-0.035944
0.534338
2.397147
2.810813
1.736631
0.441704
0.994924
-0.006071
-0.017193
0.309501
0.772504
0.104548
2.093163
6.047247
3.847805
0.864710
-0.016654
-0.100892
-0.109961
-0.095728
0.678477
0.390353
-0.029577
-0.035201
-0.097826
-0.096353
1.299933
2.584237
1.303296
0.594703
-0.057805
-0.064835
-0.010661
0.481947
0.979577
0.055877
0.017618
1.721844
4.329688
4.967054
0.054400
-0.103017
-0.077448
-0.104687
-0.076930
-0.011145
0.953442
-0.071274
-0.082856
-0.061843
-0.040427
0.542971
1.632172
2.544243
1.308560
-0.019179
-0.023393
0.381799
0.640240
1.333487
0.991208
-0.076953
1.222497
4.303895
3.816516
1.327791
-0.024914
-0.073381
0.001820
0.626834
0.307428
-0.036880
-0.010769
-0.011242
-0.021351
-0.040352
0.500351
0.236893
0.042391
0.706193
0.406161
0.583930
1.389041
0.227917
0.282077
0.044532
-0.047604
1.012490
2.215231
1.942168
1.208206
0.826822
-0.017048
0.759069
0.367935
0.257580
1.218875
0.233207
0.303880
0.100128
-0.056971
-0.083714
-0.043522
-0.001706
0.176425
-0.051643
-0.002329
0.276644
-0.008427
-0.015976
-0.073618
1.056377
0.465241
-0.062673
0.517738
1.633428
0.044395
0.030066
0.268756
0.232672
-0.001173
0.651320
0.198465
-0.000809
0.307775
-0.116113
-0.032660
-0.003354
-0.041701
0.040988
-0.043335
-0.018481
0.367737
0.615790
0.309948
0.626515
1.139915
0.497397
-0.110975
-0.060429
0.759547
1.856511
1.002853
0.557000
0.653235
0.826216
0.409077
0.191159
0.608282
0.224724
-0.081005
-0.086576
-0.009834
0.601424
0.507734
0.045547
0.061564
0.013796
0.765042
0.261070
0.277296
0.326144
-0.088309
-0.091158
-0.028587
1.486916
1.592713
1.217731
1.009296
0.993209
1.222514
0.932919
-0.004662
0.689284
1.612245
-0.030872
-0.041102
-0.046824
-0.022294
1.215409
1.171953
-0.056213
0.047353
0.569163
0.156950
0.071416
-0.015481
-0.045324
0.163894
2.093895
2.051758
0.965970
0.206057
0.293593
1.261852
1.924528
-0.077915
-0.016265
0.865075
1.330266
0.274698
0.335059
-0.015645
1.172005
0.409620
-0.007995
-0.014708
-0.063881
0.531342
0.939195
0.128570
-0.099937
-0.006834
1.429616
2.835047
2.237842
0.199128
-0.029035
0.480081
0.784792
-0.032772
1.306412
0.119030
0.527494
0.370386
0.527080
0.511957
1.382043
1.674015
0.666822
0.076506
-0.122596
-0.118322
0.228430
0.282487
0.304987
0.529543
0.345610
0.958619
1.702253
1.031508
-0.072435
0.633910
1.227642
1.146511
0.869796
0.821136
0.202232
-0.069484
-0.016354
-0.018184
0.873584
0.818159
1.957176
1.487088
2.104456
1.037508
-0.033545
0.283914
1.026117
1.193418
1.220734
1.767585
2.454923
0.864833
0.183180
-0.046860
0.898280
2.956887
-0.018265
-0.077883
0.043404
-0.010742
-0.052948
-0.082304
-0.014629
0.239320
0.956812
-0.022553
1.678317
2.611106
1.302218
1.019572
0.087864
-0.004031
1.982392
3.229717
2.280289
0.236684
1.891055
1.066943
-0.010056
1.944166
0.968796
-0.007436
-0.015108
0.471854
-0.016085
-0.012193
-0.070655
1.056673
1.413247
-0.067737
-0.116476
0.165914
0.932300
1.127144
0.722004
-0.061253
0.567168
1.200624
0.762786
0.956687
1.053128
0.268599
0.693324
0.628332
1.540511
1.815911
-0.040330
-0.078254
-0.052143
0.076626
-0.030098
-0.048395
-0.003448
0.736523
-0.037783
-0.050323
-0.019116
0.081900
0.277975
0.264228
0.668904
0.268684
1.120803
0.577213
0.848904
0.001261
0.312914
0.311070
0.580442
0.505669
0.218844
0.055640
0.600076
0.153904
0.789209
0.268567
0.535112
0.101720
0.463370
0.062809
0.626841
0.272177
0.243782
0.357419
0.527803
0.127959
0.790461
0.146939
0.823162
0.483039
0.144361
0.437701
0.124823
0.319278
0.665990
0.294487
0.966930
0.139758
0.394984
0.019624
0.991254
0.279693
0.588460
0.678353
0.847850
1.014315
0.492966
1.386457
0.397002
0.790920
0.053704
0.108502
0.379077
0.722542
0.329919
0.710971
0.557278
0.554820
0.929501
0.051613
0.290302
0.562945
0.015206
0.157253
1.656216
0.578127
0.515451
0.546308
0.705472
0.162147
0.880976
0.896118
0.429741
0.381884
0.442600
0.187224
0.365553
0.020518
0.190819
0.636651
0.252643
0.133571
0.492533
0.106840
0.360440
1.191140
0.561034
0.025532
1.469653
0.254895
0.888074
0.346573
0.816193
0.184663
0.832905
1.675973
0.890861
0.563086
0.122420
0.356040
0.855456
0.328167
0.080545
0.790858
0.017829
0.374443
0.526287
0.256650
0.643986
0.844223
0.210202
0.155449
1.036840
0.106696
0.219276
0.397744
0.577350
0.643688
0.093819
1.331613
0.365285
0.018729
0.619535
0.541020
1.348658
0.076784
0.031826
0.363146
0.509546
0.044731
0.673682
0.052674
0.014192
0.554747
0.276250
0.022915
0.565570
0.224483
0.634450
0.114130
1.193443
0.667776
0.486935
1.485521
0.349469
0.055835
0.996755
0.530053
0.754165
0.201465
0.567628
0.361932
0.761266
0.280872
0.158931
1.108034
0.212403
0.270323
0.478528
0.036434
0.767881
0.408520
0.760626
0.248419
0.287320
0.592104
1.100875
1.018233
0.167780
0.259076
0.134472
0.052979
0.545774
0.112660
0.752936
0.175147
0.108336
0.485954
0.415491
0.477485
0.211152
0.765960
0.013622
0.066736
0.426158
0.364365
0.048558
0.991090
0.162746
0.091037
0.650364
0.684952
0.149592
0.295606
0.066035
1.006913
0.324802
0.529619
0.295611
0.078608
0.027856
0.878175
0.047893
0.584124
0.146712
0.725808
0.487640
0.320740
0.644716
0.043325
0.159708
0.682643
0.434108
0.176632
1.172086
1.432108
0.533461
0.473295
0.140352
0.575318
0.139917
0.415233
0.227794
0.094137
0.296821
1.008564
0.183719
0.671646
0.002033
0.643296
0.449521
0.341111
0.781876
0.828198
0.586559
1.160546
0.559025
0.022689
0.680566
1.457652
0.163384
0.096719
0.480312
0.325260
0.371849
0.436300
0.606752
0.716820
0.382782
1.316530
0.461884
0.822161
0.481174
0.407214
0.354131
0.105912
0.157841
1.043568
0.210313
0.108274
0.393317
0.136213
0.449755
0.521275
0.083911
0.375020
0.183897
0.047717
0.215884
0.335579
1.085600
0.761520
0.482676
1.065075
0.190735
0.177127
0.871636
0.271774
0.754285
0.252928
0.489168
1.133063
0.120491
0.305490
0.430183
0.262044
0.327652
0.282872
0.177413
0.299775
0.515084
0.132732
1.125672
0.557074
1.202522
0.033307
0.198917
0.050487
0.438240
0.417125
0.689582
0.408237
0.487076
1.168156
0.381079
0.441625
0.191508
0.149287
1.051518
0.670828
0.194249
0.014773
0.434894
0.386507
0.235665
0.177299
0.566421
0.387314
0.800761
0.324888
0.165562
0.268242
0.372832
0.516865
0.641257
0.163760
0.016197
0.796653
0.676214
0.556905
1.061415
0.190553
0.151387
0.475078
0.946166
0.206653
0.336185
0.181103
0.680527
0.366306
0.213447
0.144858
0.526301
0.095998
0.775113
0.147620
0.507749
0.009712
0.995012
0.257145
0.799358
0.222460
0.677227
0.100881
0.096016
0.733722
0.041286
0.390917
0.704318
0.291599
0.490642
0.378961
0.877826
0.133791
0.550803
0.144369
0.577515
0.051143
0.855506
0.382964
0.498415
0.072805
0.745770
0.190856
0.736097
0.074478
0.061623
1.032641
0.603865
0.346465
0.368176
0.098748
0.656016
0.241397
0.365457
0.271838
0.913340
0.308472
0.324812
0.073714
0.115772
0.306494
0.746438
0.229812
0.023036
0.165151
0.608233
0.052821
0.525579
0.411009
0.181598
0.923987
0.075774
0.013220
1.045458
0.159142
0.744303
0.351353
1.229402
0.288140
0.010395
0.767367
0.252191
0.474186
0.584070
1.220572
0.114856
0.751297
0.375414
0.587055
0.171586
0.204580
0.127435
1.128442
0.067628
0.135741
0.633080
0.164032
0.901472
0.196015
1.084031
0.661231
1.244787
0.152692
0.220593
0.394760
0.253400
0.421455
0.019886
0.615315
0.084847
0.878248
0.137967
0.386521
0.121471
0.348218
0.261333
1.326713
0.065126
0.024813
0.220802
0.124522
0.205045
0.910144
1.196574
0.265592
0.110895
0.115701
0.608067
0.722316
0.204016
0.227369
0.231869
0.484002
0.821709
0.706077
1.123017
0.160275
0.482430
0.084151
0.124543
0.320328
0.489226
0.188942
0.892277
0.121463
0.388249
0.571174
0.853895
0.976929
0.168090
0.387618
0.291685
0.548503
0.253569
0.160050
0.006199
0.792501
0.878581
0.567928
0.631492
0.099630
1.040063
0.027677
0.158081
0.033749
0.330829
0.161503
0.631577
0.013581
0.030165
1.058360
1.197104
1.150237
0.487448
0.782558
0.229236
0.105703
0.509521
0.218665
0.834758
0.204808
0.080202
0.896135
0.081120
0.028618
0.785383
0.062022
0.544575
0.178559
0.398428
0.145326
0.628338
0.010044
0.104849
1.640172
1.473710
0.553502
0.646867
0.756891
2.157299
0.546887
0.072295
0.602024
0.916005
0.133663
0.233674
0.537147
1.036143
0.553540
1.114161
0.179912
0.385094
0.213885
0.359450
0.527938
0.276775
0.186012
0.268290
1.005285
1.021188
0.082527
1.740524
1.348979
1.808999
0.114593
0.427709
0.710974
0.554050
0.713697
0.473522
0.510810
0.888812
0.602040
1.167501
0.233535
0.339853
0.172951
0.150682
1.562660
0.561576
0.232134
0.724739
0.013839
0.712650
0.426047
1.438392
0.800781
0.317104
0.668304
0.012423
0.070371
0.366437
1.278684
0.293588
0.276545
1.648155
0.678837
1.133816
0.099396
0.408508
0.090639
0.311141
1.096724
0.121288
0.022985
0.496644
0.075037
0.500844
0.504952
0.010754
0.530928
0.087613
0.008203
0.922584
0.461317
0.910443
0.229570
0.763542
0.700337
1.567718
0.309214
0.556458
0.002516
1.149643
0.711500
0.742116
0.749944
0.090790
0.220764
0.608961
0.476378
0.137288
0.793524
0.188905
0.080862
0.023903
0.968833
0.053296
0.427700
1.554882
0.520335
1.192127
0.337452
1.000270
0.145021
0.379100
0.020004
1.147275
0.706667
0.796791
0.513541
0.037467
0.069989
0.433278
0.182849
0.486851
0.981647
0.095675
0.939155
0.546225
1.140531
0.193945
0.170218
0.674891
0.154213
1.225201
0.387747
1.182044
0.498557
0.418639
0.369041
0.466239
0.108608
0.467446
0.127620
0.565667
0.128302
0.200812
0.622049
0.492595
0.108560
0.470252
1.220437
0.793370
0.004771
1.876845
0.224468
0.236500
0.109923
0.233037
1.486998
0.275846
0.773517
0.000146
1.209573
1.139119
0.076711
0.015914
0.101358
0.381486
1.513182
0.959825
0.289578
0.018835
0.105380
0.467351
0.669239
2.307889
1.791072
0.334189
0.391394
0.058605
0.244808
0.204557
2.056713
0.214098
0.038655
0.102016
0.205476
0.761577
0.176000
0.941898
0.247804
0.079744
0.369300
1.800377
1.021365
0.300639
0.356215
0.411753
0.016021
0.687225
0.387886
0.346802
0.113756
2.041390
0.117876
0.804496
0.318356
0.052293
0.288718
1.771837
0.766244
0.369604
0.349881
0.966163
0.189328
0.254505
1.156940
0.512075
0.092580
0.468251
0.756520
0.532920
0.075672
0.447416
0.561012
1.065290
0.285988
1.769676
0.252761
0.715500
0.220368
1.085826
0.917269
1.369356
1.086056
0.515268
0.253931
0.385992
0.566161
0.115254
0.463500
0.104069
0.454990
0.322954
1.536181
0.121016
0.414145
0.525609
0.731019
1.825778
0.314295
0.872296
0.089376
0.393145
0.739644
2.051656
0.101567
0.847648
1.189295
0.836798
1.098529
0.713501
0.147555
0.602703
0.055172
0.829640
0.072758
1.158759
1.185226
0.563311
0.227338
0.202812
0.204077
0.408187
0.484921
1.721823
1.523200
0.698626
1.553406
1.396191
0.013635
0.306725
0.936660
0.202572
0.752961
0.115052
0.795673
0.223712
0.241292
1.778883
1.197392
0.437542
0.115990
0.518314
1.635079
0.074761
0.797152
1.100410
0.390534
0.329453
0.543733
0.300259
0.103570
1.331858
0.078671
0.455675
0.424922
1.281777
0.070133
0.247516
0.105335
0.285719
0.267744
0.646170
0.965937
1.000811
0.882090
0.348515
0.281142
0.049088
1.036253
0.141760
1.410287
0.135369
0.277081
0.773911
1.238941
0.284103
0.176035
0.353147
0.602020
0.089660
1.135447
0.138099
0.532872
0.232039
1.083763
0.022887
0.726774
1.905064
0.098581
0.451430
0.434582
0.371179
0.677020
0.273136
0.429595
0.629598
0.233259
0.136701
0.967150
0.093344
0.267047
0.294174
0.194839
0.006413
1.072573
0.270128
0.107859
0.242872
0.524269
0.036112
0.152923
0.827767
0.298101
0.745134
0.745134
0.352181
0.050335
0.434914
0.392554
0.085827
0.084978
1.004665
1.031880
1.263620
0.965483
0.020260
0.005155
0.542446
1.323454
0.059293
0.088670
1.548520
2.324312
0.175104
0.137038
0.265305
0.863282
0.624133
0.469801
0.500628
0.064621
0.072353
0.254693
0.342639
1.303835
0.002276
0.944030
0.628236
0.070775
0.626883
0.442261
0.583645
0.835331
1.302563
0.366617
0.734432
0.627792
1.334582
0.483341
0.059425
0.957908
0.459231
0.491725
0.172566
0.132568
0.599699
0.208340
0.267552
0.083889
1.136975
0.658534
0.614908
0.386135
0.416649
0.557297
1.194827
0.582105
0.545802
0.581378
0.001987
0.181538
1.720891
0.287595
0.648073
0.202713
0.019926
0.252469
1.133651
1.647941
0.658575
0.888936
1.367031
0.108980
0.884759
2.369280
1.015797
0.084271
1.055706
0.494516
0.472861
0.657539
0.006092
0.059915
0.977368
0.194896
1.050632
0.823090
0.648085
0.041426
0.874706
0.259102
0.450279
0.435174
0.471574
0.827579
0.274407
0.562144
0.584137
2.907096
0.114715
0.815617
0.207937
0.249183
0.540729
0.527717
0.958547
0.119309
0.321897
0.938924
0.741012
0.349551
0.199638
0.201473
0.212446
0.775721
0.459639
1.342536
0.157666
0.036837
0.555805
0.455791
0.209498
0.284828
0.532393
0.772186
0.229548
0.188542
0.058082
0.025112
0.468645
0.588364
0.031451
0.607140
0.149691
2.092153
0.015105
0.564260
0.093942
0.604883
0.449441
1.047927
0.814315
0.342060
1.746116
1.089775
0.631436
0.246441
1.838014
0.092195
0.420207
0.109245
0.119090
1.467723
1.159695
0.590508
0.348257
0.706302
0.744143
0.347632
2.420119
0.716206
0.404938
1.057403
0.987158
0.260779
0.124141
0.540413
3.305442
0.978885
0.400536
0.016242
0.758673
0.402980
0.069904
0.060190
0.050330
0.247911
0.966289
0.619130
0.808599
0.729086
0.635783
0.551333
0.469532
0.146804
0.585029
0.322460
0.139744
2.320960
0.063725
0.896976
0.343724
0.623119
0.937854
0.168504
0.096044
2.175943
0.582957
0.147086
0.899161
1.017628
0.335782
0.356733
0.328156
0.714070
0.407197
0.873780
1.323439
0.099429
0.167825
0.306399
0.166862
1.217675
0.196482
0.062617
1.229269
1.522789
0.086053
0.241152
0.411151
0.057751
1.698513
0.919299
0.635345
0.231902
0.629075
0.030205
1.085543
0.482788
1.214526
1.552005
0.175673
0.269439
0.155517
0.383154
0.150454
0.205257
0.502388
0.267573
1.013466
0.348508
0.479452
1.179650
0.056698
0.721659
0.644599
0.415388
0.494017
0.138824
1.342051
0.351923
0.006546
0.609234
0.340678
0.521100
0.221571
0.077065
0.550706
0.553652
1.277926
1.914058
0.230219
0.053392
0.303612
0.204883
0.251600
0.292849
0.201157
0.377102
1.197672
0.996301
0.457920
0.648213
0.037115
0.267502
1.763123
0.330637
0.776814
0.155285
0.342862
0.035850
0.151475
0.395310
0.090075
1.920205
0.918996
0.274210
0.626973
1.518899
0.066421
0.596543
0.912974
0.322882
0.698262
0.339640
0.862724
0.684290
0.300723
0.080035
0.284636
0.604126
0.077840
0.145644
0.337062
0.659854
0.517966
0.309387
0.547141
0.361715
0.926152
0.517886
0.390970
0.009349
0.007531
0.003745
0.170710
0.800829
0.220705
0.077546
0.157901
0.343789
1.335178
0.139151
1.436357
0.131901
0.457564
1.897240
0.214303
0.732972
0.586344
0.332753
1.130176
1.094918
0.861352
1.254292
1.481767
1.155541
0.773329
0.697840
0.116829
0.970391
0.248375
0.448747
0.027535
1.260895
0.500449
1.149534
0.082020
0.370683
0.474334
0.112318
0.695443
1.459315
0.178689
0.960422
0.253892
0.472130
2.244214
0.177879
0.992938
1.116926
0.541700
0.650149
0.102028
0.542732
0.029028
0.271927
0.490031
1.337723
0.530270
0.284461
0.572880
0.244293
0.818588
0.340914
0.081382
0.704587
0.059593
0.711771
0.421505
0.886515
0.090801
1.563335
1.140900
0.857439
0.104353
0.343106
0.313222
0.325717
0.200845
2.441279
0.565291
0.303416
0.977698
0.450990
0.158073
0.444176
0.580176
0.708913
0.762515
0.303217
0.167190
1.108777
0.453744
0.080851
0.285540
0.173698
0.599689
0.704992
0.036164
0.174685
0.779190
1.909931
0.766479
0.616448
0.295516
0.179878
0.687914
0.024655
0.636588
0.682262
1.135500
0.870121
0.726200
0.120077
0.426207
0.632496
0.700047
0.471666
0.518514
0.135993
0.504009
0.418956
0.038584
1.788240
0.323300
0.819500
0.246687
0.244651
0.189953
1.811097
0.612225
0.409252
0.475864
0.686201
0.622081
1.176946
0.681140
1.626571
1.448007
1.968454
1.723820
0.948669
1.057537
1.540314
1.165058
1.031101
1.463585
1.698711
1.469666
1.589267
1.446390
1.498909
1.702060
1.528726
1.512457
0.957458
1.810691
1.714262
1.362967
1.508269
1.231656
1.685363
1.325869
1.547670
1.682476
1.708956
1.650299
1.426795
1.210940
1.290496
1.884768
1.399745
1.420548
1.386184
1.262729
1.729574
1.405246
0.925883
1.177866
1.260067
1.594868
1.414207
1.513052
1.336382
0.888239
1.702185
1.206899
1.531879
1.895665
0.962075
1.167148
1.740364
1.192152
1.199004
1.750971
1.454485
1.413768
1.414411
1.426501
1.405814
1.268233
1.252412
1.642531
1.039719
1.272291
1.443560
1.296121
1.632616
1.019485
1.863662
1.658921
1.629239
1.535317
1.294821
1.323431
1.651564
1.353668
1.560981
1.272850
1.242580
1.273308
1.325257
1.147584
1.332224
0.956658
1.315412
1.421646
0.992529
2.114144
1.941532
0.794452
1.631445
1.019491
1.972226
0.973835
1.197794
1.627209
1.013044
1.213145
1.575789
1.316216
1.383937
1.337653
1.330024
1.548122
1.816711
1.513138
1.345760
0.778252
1.941015
2.075941
1.317423
1.600602
1.085018
1.347566
1.895765
0.914741
1.623359
1.590072
1.883776
1.128403
0.965262
1.675813
1.918129
1.640368
1.332683
1.278803
1.246448
1.659514
1.793302
1.432093
1.007438
1.421752
1.744607
1.104474
1.038058
1.788751
1.340098
1.377622
1.683800
0.929906
2.201916
2.043635
1.164589
1.099163
1.610417
1.156548
1.126785
1.287870
1.377605
1.537689
1.756023
1.672690
1.170702
1.407187
1.208370
0.764050
1.501208
1.617306
0.813533
1.381403
2.041386
1.454938
1.655337
0.827380
2.587583
1.113924
0.791501
1.479283
1.385352
1.264167
1.315009
1.866305
1.852705
1.421647
1.399947
1.391218
1.296611
1.377249
1.150383
1.437504
1.550530
1.312453
1.279977
1.934708
1.895432
0.843060
1.822618
1.152443
1.883761
1.317988
1.103473
1.440291
1.594040
1.559574
1.221582
1.665321
1.585973
1.470126
0.949222
1.140772
1.352087
1.175076
1.062940
1.384379
1.781656
1.238165
1.207386
1.719151
1.475109
1.179834
2.151833
0.710636
1.960440
1.309918
1.238356
1.397081
1.724814
1.419642
1.423589
1.611830
1.489673
1.449434
1.506582
1.477303
1.164932
1.381787
1.461092
1.741720
1.769117
1.816127
1.361865
1.704996
1.364387
1.239188
1.491873
0.686026
1.759156
1.341510
1.123401
2.029574
1.669098
1.350684
1.646092
1.462566
1.147435
1.476931
1.120901
1.040204
1.190299
1.339705
1.781511
1.264794
1.508181
1.595952
0.793626
1.061708
0.921484
1.069761
1.598349
1.215314
1.650072
1.437557
1.737753
1.682215
1.407255
1.066384
1.243752
1.433390
1.563173
1.416672
1.595719
1.283203
1.328679
1.393828
1.440780
1.341563
1.513014
1.289476
1.152865
1.572010
1.244140
1.397058
1.794571
0.999046
1.764496
1.540373
1.106392
1.265090
1.358233
1.302519
1.493185
1.255021
1.244960
1.482979
1.347396
1.037330
1.072465
1.333701
1.300152
1.244721
1.572384
1.422803
1.367153
1.494602
1.501223
1.515145
1.737522
0.973127
1.517321
1.188815
0.886613
1.679177
1.697781
1.515402
1.047029
1.411156
1.949225
1.322024
1.306254
1.704554
1.026973
1.104128
1.638325
1.265976
1.360588
1.896320
1.525211
1.233853
1.381847
1.494792
1.521335
0.760728
1.659776
0.463443
2.147841
1.772785
0.999003
1.007295
1.276306
1.734267
1.998945
1.138920
1.095373
1.678662
1.269883
1.117078
1.228876
1.347208
1.603366
2.359395
1.291566
1.126720
1.892511
2.002446
1.379629
0.739949
1.349083
1.050404
1.510099
1.428301
1.514850
1.596488
1.260881
1.136096
1.207469
1.443542
1.404475
1.148283
1.013396
1.249534
1.376028
1.705630
2.095475
1.334901
1.026690
1.147659
1.214784
1.420210
1.216245
0.568910
1.513386
1.307481
1.405467
1.524150
1.464103
1.371400
0.500525
1.197999
2.003640
1.687946
1.107544
1.366541
1.817901
1.291483
1.355406
1.376214
1.498012
1.581110
1.475427
1.234713
1.387071
1.371534
0.941858
1.051406
2.101080
1.245564
1.195125
1.451365
1.294163
1.702983
1.340120
1.512965
1.373892
1.412535
1.287728
1.285728
1.604625
1.466951
1.293578
1.632195
1.345630
1.510838
1.763030
0.957133
0.751238
0.727373
1.964710
1.561219
1.613724
1.231664
1.295273
1.304273
1.470213
1.432913
1.000699
0.971263
1.327047
1.504552
1.310536
1.116817
1.115110
1.653112
1.820741
1.615053
1.377392
1.208670
1.013515
0.633244
1.459617
2.119266
2.298453
0.843686
2.035912
1.615857
0.867003
1.326369
1.553718
1.209803
1.227259
1.523366
1.509730
1.570520
1.057485
1.003006
1.430924
1.718308
1.728307
1.566995
1.400518
1.009643
1.147781
1.436929
1.594334
1.648533
1.627375
0.599618
1.672507
1.421697
1.320554
1.440337
1.601310
1.190965
1.538949
1.533055
1.356454
1.495069
0.594407
1.494846
2.048138
1.503831
1.311723
1.584890
1.641394
1.161964
1.216324
1.611029
1.438865
0.997396
2.021657
1.230986
1.616153
1.387522
0.754377
1.263847
1.502589
1.722502
1.245178
1.610363
1.865030
1.673679
0.585187
1.592592
2.195437
1.269953
1.176811
1.287772
1.374764
1.765774
1.519549
1.994319
1.012416
1.034889
2.086030
0.802946
1.609505
1.501572
1.499123
1.485696
1.680156
1.316348
1.227684
1.288031
1.927908
1.418355
0.628837
1.224729
1.480062
1.270701
1.458032
1.306472
1.240547
2.024400
2.061512
1.548489
0.911574
1.238701
1.456270
0.948270
1.585340
1.477023
1.557512
1.279390
1.396185
1.537212
1.487102
1.319146
1.848370
1.371153
1.264634
1.702815
1.497180
1.249244
1.559219
1.228433
1.274207
1.671870
1.564707
1.185315
1.433962
1.242296
1.326128
0.930376
1.572055
1.575663
1.422702
1.374946
1.606759
1.341460
0.854259
1.452298
1.718798
0.967276
0.649199
1.822439
1.919873
0.807565
1.743880
1.533860
0.979091
1.567577
1.792917
1.286449
1.905083
1.560528
0.864162
0.852448
1.580362
1.301994
1.626621
1.582295
1.248567
0.917820
1.170870
1.705079
0.886655
1.490359
1.607614
1.965953
1.698808
0.794349
0.742721
1.251117
1.610535
1.774145
1.499013
1.030948
1.650316
1.710199
1.426521
0.961328
1.830200
1.346685
1.615776
1.722507
1.441478
1.330272
1.345731
1.671719
1.247382
1.138910
1.720551
1.786610
1.401538
1.069675
1.397227
1.881155
1.764454
1.235294
1.944515
1.808965
1.500885
1.192285
1.414811
0.880272
1.563556
1.148567
1.032437
1.091088
1.403767
1.026101
1.083345
0.956855
1.096997
1.126427
1.450311
1.410869
0.797533
1.080571
1.108416
1.367325
1.261725
0.968521
1.207587
1.282701
1.088392
1.030521
1.207326
0.615694
1.077400
1.988050
1.279285
0.830074
0.437396
1.790758
1.330356
0.684621
0.726801
0.872030
0.653469
2.100854
0.888846
1.129366
0.678086
0.874388
1.422629
1.028387
0.850729
0.427652
1.875826
0.989474
0.504704
1.377101
1.150639
0.520941
0.476265
0.381176
0.843623
0.759973
0.399213
0.714155
0.939379
0.314451
0.685780
0.020282
0.799720
0.712388
0.375054
0.542845
0.665979
0.756465
0.353430
0.845709
0.000504
0.397958
0.744336
1.027955
0.890045
0.911934
1.012269
0.027589
0.033004
0.205732
1.005991
0.872388
0.991261
0.101271
0.326371
0.589895
1.140143
0.530386
0.383051
0.419261
0.389750
0.990559
0.125944
0.616188
0.687455
0.402860
0.497579
1.155085
0.693664
0.444356
0.462692
0.032050
0.833257
1.144356
0.757373
0.625936
0.896057
0.854064
1.486302
1.133723
0.837569
1.123338
0.008694
0.045859
0.354793
0.227514
0.877724
1.000406
0.913931
0.697114
0.417902
0.735052
0.373092
0.851593
0.438399
0.754382
0.426775
0.561749
0.334429
0.070967
0.658382
0.459359
1.249999
0.962989
0.686574
0.516640
0.639932
0.061305
0.319410
0.633541
0.275326
1.059843
0.975529
0.285387
0.647491
1.319805
0.021188
0.026691
0.295916
0.376434
0.880917
0.693259
0.685409
0.402086
0.049643
0.443370
0.539453
0.975229
0.853152
1.047063
0.703377
0.355143
0.488793
0.754950
1.072721
0.330007
0.057682
0.024477
0.063619
1.048835
0.461076
0.660535
0.303577
1.150604
0.626629
0.618611
0.259714
0.701952
0.306534
0.602698
0.230509
1.136474
1.267532
0.677818
0.712367
0.476157
0.623209
0.188086
0.001542
0.694952
0.266764
0.198536
0.000444
0.639080
0.559933
0.669585
0.600858
0.747405
0.129416
0.891077
0.472878
1.058441
1.074710
0.818739
0.473538
0.297639
0.039689
0.982816
1.162868
0.630853
0.277772
0.354636
1.080800
0.041534
0.238346
0.535805
0.095372
0.281843
0.853382
0.515465
0.403894
0.709665
0.795438
0.575988
0.988547
0.527869
0.445076
0.568222
0.052331
0.350671
1.181973
0.749482
0.667522
0.959418
0.514430
0.455032
0.557621
0.280907
0.751359
0.667992
0.462656
1.004196
0.550305
0.583551
0.504156
0.622056
0.390849
1.141054
0.935791
0.314554
0.888333
0.026348
1.154280
0.188003
0.000764
0.831906
0.917250
0.723848
0.908398
0.863893
0.376490
1.089777
0.726784
0.527576
0.635368
0.961873
0.540582
0.008970
1.000897
0.141365
0.653031
0.873440
0.994323
0.248390
0.202854
0.629440
0.006852
0.780930
0.449270
1.157264
0.906748
1.019638
0.898110
0.702019
1.034847
0.425241
0.491991
1.492953
0.483136
0.977512
0.480981
0.592454
0.359121
0.164723
0.001374
0.513371
0.668373
0.957289
0.516827
0.576964
0.993830
0.210326
1.379219
0.127854
0.145769
1.237804
0.950345
0.966446
0.625932
0.672391
0.525227
0.149467
0.963882
1.241807
0.555286
0.385204
0.185582
0.565603
0.007629
0.086188
0.438634
1.114777
1.166905
0.830420
0.747899
0.562566
0.013215
0.710986
0.725330
0.007060
0.205988
0.866527
1.519637
0.686218
1.188830
0.892074
0.756667
1.129262
0.912163
0.871845
0.652419
0.184750
0.425172
0.545387
0.178533
0.835753
0.387359
0.900559
0.125372
0.318099
0.846940
0.084418
0.469355
0.723004
0.957264
0.127209
0.375468
1.203032
0.820455
0.773419
0.625614
2.115950
0.777783
1.016142
0.875448
0.980129
0.623558
0.054266
0.328733
0.016889
0.401052
0.664326
1.063189
0.984565
0.853647
1.068971
0.871640
0.332139
0.078595
0.002945
0.077641
0.163021
0.980279
1.082049
1.163753
0.523550
0.833146
0.706395
0.281936
0.371968
1.512462
0.550352
0.456230
0.706880
0.566667
0.871892
0.860766
1.092193
1.248241
0.551432
0.777333
0.878489
0.120682
0.426316
0.005351
0.031660
0.330084
0.769544
0.340175
1.171457
0.597502
0.706002
0.723100
0.631096
0.571198
0.854415
0.550297
0.205232
0.532367
0.747539
0.936822
0.842567
0.526268
1.300846
0.666456
1.142869
0.953074
0.349998
0.028067
0.026724
0.076630
0.037317
1.087476
1.446686
0.800807
1.194311
0.437071
0.418886
0.803946
0.823478
0.657121
0.297741
1.299631
1.031300
0.474876
0.921847
0.967631
0.735145
1.028924
1.138666
0.891017
0.810814
0.315326
0.025532
0.043697
0.954241
0.668076
0.971769
0.942980
0.656816
0.523487
0.831368
0.675105
0.466474
1.341412
1.113700
0.577717
0.485050
1.042840
0.468435
0.958824
0.770805
1.093061
0.660962
1.185705
0.878883
0.429497
0.433969
0.688733
0.079622
0.425968
1.640154
0.684078
0.888791
0.387181
0.832484
0.616550
1.211736
0.375813
0.403910
0.768221
0.733431
0.495985
0.591818
0.168289
0.137919
0.854931
0.770288
0.859846
0.580591
1.074001
0.607021
1.142222
0.496225
0.791379
0.479901
0.912552
0.617520
0.622704
0.570366
0.843841
0.328609
0.793083
1.200772
0.195524
0.364554
0.001920
1.184078
0.497160
0.997536
0.392201
0.879001
0.696416
0.492878
0.684271
1.212832
0.496468
0.862896
0.367555
0.996454
1.005289
0.092845
0.462109
0.762954
0.828512
0.819589
0.932784
0.712689
0.523126
0.350211
0.397872
0.206462
0.597848
0.841199
0.891526
1.372581
0.600668
0.316163
0.042576
1.023302
0.771097
0.966530
0.902975
1.324818
0.529621
1.515570
0.167873
0.491457
0.846629
0.959799
0.974317
0.378428
0.631522
0.549922
0.364862
1.025003
0.774705
0.763715
0.804987
0.590576
0.675167
0.443405
0.476270
0.040965
1.121647
1.249320
0.665776
1.746156
0.613600
0.005672
0.258223
0.696136
1.108638
1.249675
1.169058
0.767081
0.975367
0.273256
1.255413
0.665933
0.871576
0.502683
0.847689
0.682791
0.501544
0.006987
0.474663
0.260802
0.961417
0.689643
0.927541
0.959289
0.113557
0.010632
0.324802
0.626480
0.922094
1.130268
1.215643
0.574095
0.633398
0.605071
0.563981
0.968971
1.059074
0.710820
0.725661
0.029160
0.694374
1.046341
0.599975
0.046031
0.007365
0.093279
0.708928
1.071779
0.403344
0.027401
0.005270
0.026282
0.366987
0.742476
0.712338
1.240867
0.005903
0.345204
1.491889
0.844751
0.771156
0.788238
0.601902
0.747204
0.261469
0.432798
0.320404
0.091281
0.698817
0.002172
0.310224
1.115646
0.023565
0.651752
0.000711
0.460088
0.086677
0.379786
1.295137
0.757921
0.023747
0.013784
0.000713
0.651121
0.001960
1.242218
0.195605
0.503905
0.548289
1.000034
0.826163
0.287699
0.111726
0.111008
0.770555
1.272886
0.664649
0.002275
0.543458
0.720513
0.453531
0.463289
0.306285
0.818931
0.018235
0.100711
0.003177
0.568248
0.737113
0.275401
0.852670
0.816967
0.714176
0.880546
0.311872
0.672396
0.506414
0.785301
0.821765
1.112509
1.262017
0.999165
1.480323
1.112038
1.478948
2.001907
1.490731
1.782406
1.640753
2.190294
1.524768
1.880283
1.699150
1.852051
2.307807
1.348710
1.268575
1.504661
1.768982
1.661696
1.040477
1.496314
0.741070
0.873229
0.113266
-0.077746
0.598094
0.168738
0.868021
0.579787
0.138715
-0.055922
-0.138390
-0.077395
-0.208504
-0.165564
-0.223067
-0.191677
-0.110808
-0.133531
-0.017583
0.194802
0.806616
-0.088184
-0.062175
0.476927
0.164982
0.843916
0.599088
0.825046
1.895551
1.678522
1.950440
0.970844
-0.012393
0.624075
1.324643
-0.001440
0.227267
-0.054522
-0.018259
-0.191075
-0.195488
-0.227734
-0.095758
0.940238
0.411136
-0.005030
-0.114225
0.018020
-0.018626
-0.088082
1.520286
1.259042
1.324141
0.667768
0.157326
0.483831
-0.014432
1.073189
0.977519
0.310245
-0.018335
0.069606
0.825519
0.775349
1.639413
1.978478
2.165099
1.920023
0.573194
1.107423
-0.065230
0.675211
0.423447
-0.006490
2.152759
0.436521
0.192091
-0.150088
-0.147226
-0.054220
-0.069062
-0.044181
0.291306
-0.128465
-0.094159
1.733630
2.698731
1.194517
0.859857
2.988606
2.747051
2.321455
0.746440
0.987011
0.119342
1.041359
2.286519
0.344195
1.703419
-0.027181
0.253789
-0.010211
-0.026045
-0.039088
-0.120861
-0.104828
0.671715
0.733247
0.482043
1.598037
2.431827
0.376595
1.058234
1.327277
2.114809
0.634203
0.875563
1.198983
0.804460
0.136426
1.990843
0.413088
1.797347
-0.055233
-0.105422
-0.095885
0.557822
0.565977
0.300576
0.159448
0.900959
1.125091
-0.021752
0.886776
0.905525
-0.081348
-0.013212
1.566645
0.856456
-0.146114
-0.094289
0.118669
0.701281
0.405444
2.273319
0.258729
1.839013
0.059490
-0.204639
-0.086772
-0.042961
0.158655
1.002536
2.004685
1.652983
0.584835
0.034545
0.475271
1.103909
0.574876
0.807135
1.124074
0.216665
-0.020411
-0.143035
0.539170
0.205860
0.048929
0.565520
0.217279
0.593354
-0.080996
-0.071867
1.891013
2.234927
2.573327
1.094190
1.300686
0.881907
0.074573
0.501330
0.274163
0.818566
0.991699
0.789189
0.512841
-0.097853
-0.082662
0.924645
2.364725
0.403277
-0.015919
-0.020026
-0.067616
0.413351
-0.061760
-0.054788
1.179724
0.462792
0.050123
0.533960
1.371824
0.245446
-0.047043
-0.019308
-0.062378
0.072497
1.081395
0.720010
0.169409
0.326885
0.025874
1.959641
2.023250
0.751272
0.180342
0.016429
-0.006588
0.919537
-0.067448
-0.084968
0.166404
0.222269
0.261927
1.236796
1.558776
1.158399
0.257317
0.861586
1.137222
1.016971
0.267329
-0.026893
-0.107299
0.765801
0.381317
0.955024
1.337686
0.733745
0.492125
0.134183
-0.040169
1.199828
-0.068933
0.193132
1.296099
1.287663
-0.008119
1.905262
1.853277
0.669793
-0.028591
1.132183
1.181438
0.992222
0.050022
-0.026081
-0.027961
0.913698
-0.011512
-0.023790
-0.059032
-0.032643
-0.133484
-0.063919
-0.057276
1.236319
-0.112776
-0.076209
0.875350
0.594980
-0.084547
-0.058343
0.590100
-0.037893
-0.013319
-0.013011
0.713362
0.596878
-0.024118
0.365846
1.479668
1.328695
1.227085
0.773683
1.050577
-0.009963
-0.006236
0.801300
1.087398
0.734295
-0.127767
-0.004349
2.111825
1.919182
0.597986
0.611290
1.780507
0.552774
-0.089263
-0.063177
0.428375
0.949701
0.509406
0.898865
2.358474
0.863196
1.516053
0.369262
2.008034
0.997400
3.454395
2.540335
1.152536
-0.028424
-0.187354
-0.013865
1.363625
0.735112
0.563437
1.870368
2.008242
1.336116
0.570731
1.467694
2.735886
2.125508
1.045772
0.781509
1.541220
-0.001140
-0.085018
-0.006295
-0.002609
1.316927
1.466172
1.528448
-0.017949
0.287842
0.829987
1.354920
1.492905
1.229958
-0.043427
0.768653
0.797060
0.305376
0.092190
0.161070
1.660861
1.036932
0.759087
0.091726
0.538105
0.032547
-0.075251
0.238327
-0.085187
0.353379
-0.188473
-0.158847
-0.291242
1.298232
1.978449
2.173049
1.729929
2.165652
0.984803
1.077868
0.736991
-0.009496
0.016758
0.000093
0.303359
0.779916
0.552683
0.223032
0.921746
0.487853
0.220968
0.785390
0.128069
-0.102084
-0.078653
-0.105301
-0.058131
1.288869
0.221501
-0.043690
-0.135922
-0.024223
-0.016715
-0.048058
0.045722
0.878582
1.603677
2.054479
1.310833
1.077886
-0.005037
-0.120340
-0.107158
-0.019399
0.134173
0.916744
0.986779
0.564847
0.862710
-0.058523
0.459374
0.850472
-0.056378
-0.095303
-0.008661
0.273616
0.451767
0.171348
0.377693
0.593703
1.737325
0.852117
-0.087070
-0.116436
-0.044315
-0.167976
-0.094081
-0.061047
-0.008877
0.796161
0.999763
0.123714
2.823390
1.085766
0.946818
-0.026065
-0.156990
-0.038364
1.487402
1.433702
1.290361
0.943508
0.460178
-0.078592
0.017332
-0.138039
-0.061432
0.122558
1.223212
-0.037104
-0.010535
0.869593
1.380902
0.659155
0.979060
0.020532
1.899320
0.339100
-0.013405
-0.122219
-0.224540
-0.156537
-0.087497
0.111334
0.015097
-0.011935
-0.058225
-0.160089
0.407988
0.376633
-0.052591
0.815984
0.306349
0.170092
-0.038988
0.546788
1.189234
1.676200
1.504735
0.182096
1.184505
1.348411
-0.106632
0.896475
1.020637
1.412817
1.006757
-0.004744
-0.148569
-0.274348
-0.256881
-0.018755
1.552243
1.963648
-0.051871
0.582507
-0.005899
0.285946
0.685788
0.491494
1.338510
1.518272
2.077864
-0.001478
0.178073
1.223048
-0.064812
1.735905
2.227203
1.323152
1.284455
0.951495
0.912207
-0.003356
-0.033345
1.589081
0.399077
0.969201
-0.044699
-0.005838
0.253418
-0.127965
0.105070
0.411133
0.989220
1.029288
-0.044529
-0.108568
-0.190122
0.187667
-0.139834
0.814716
0.708841
0.004737
0.555440
1.879606
2.224650
3.037375
1.860981
2.778507
1.883460
0.838609
0.128267
-0.005046
0.653866
0.765353
1.608971
1.737849
1.132450
-0.047714
-0.180769
-0.119434
-0.143846
0.560028
0.207177
0.576035
-0.095444
0.032530
0.023175
1.399167
1.348484
0.665731
0.013942
1.065005
2.635601
1.297324
1.097064
0.694353
1.291569
1.244470
0.341699
0.473482
0.213905
0.682122
0.531042
0.855628
0.922841
0.884790
0.999982
0.098343
-0.111377
-0.047490
0.670656
0.984900
1.000731
-0.084424
0.337610
-0.019781
0.840811
-0.041213
0.195938
0.949415
1.695610
0.465868
0.756144
-0.012632
0.250898
2.377636
2.239573
2.982766
1.819765
1.125119
0.819663
0.745737
-0.057065
0.148830
1.190331
0.626573
0.515026
0.753686
1.106172
-0.054464
-0.024727
0.256943
-0.000804
0.243321
0.851403
0.743832
2.431920
2.104982
2.437268
2.902140
2.208781
1.218618
2.096702
0.876974
0.181141
0.877860
-0.003085
-0.010524
-0.000597
0.409558
0.096824
0.647340
0.509950
-0.003931
0.194101
1.204203
-0.053783
-0.108660
-0.034131
0.254834
0.000911
-0.061683
-0.120232
-0.075948
-0.118765
-0.246647
-0.172315
-0.126168
-0.017653
2.599749
2.418474
1.927586
1.059764
0.872393
-0.108292
0.517340
0.584849
0.219944
0.695902
0.679532
1.236103
1.055968
0.641674
0.624995
2.107820
3.081594
1.904611
1.136275
1.648849
2.893830
3.056293
2.003100
0.979247
2.958501
1.762320
-0.063456
-0.894490
-0.732964
-0.203807
2.365104
2.384195
1.674119
2.932757
2.953947
3.562742
3.963179
4.222366
3.165924
2.514986
0.910576
-0.761211
-0.455387
0.942345
1.944195
-0.177358
-0.138045
0.266842
1.195331
-0.388265
-0.572523
-0.039071
1.115553
0.688732
2.317432
1.763381
0.493555
1.320364
2.868519
4.419100
3.351746
2.694956
3.021837
2.313421
1.130090
-0.058561
1.381167
1.617473
2.495199
1.027701
0.178024
-0.155676
-0.232951
-1.037441
-0.347423
2.379540
2.406164
1.025081
0.330002
-0.093865
-0.256489
1.832148
2.606569
1.240089
-0.948930
-1.538643
-1.070235
-0.790091
-0.808267
-0.678312
2.142498
2.598474
1.095403
0.409387
0.997308
0.649196
-0.373880
-0.046668
2.959451
4.520427
3.667951
1.879063
1.176260
2.188630
1.800250
2.353891
1.404116
-0.249331
-0.549181
-0.142809
0.668796
-0.259469
-0.629848
-0.454669
-0.122718
-0.774167
-0.696322
0.062907
0.569291
0.436089
2.497301
2.906420
1.735613
-0.076717
0.515302
1.168720
2.935077
3.285039
0.843060
0.837510
0.973447
-0.017443
0.701837
1.442774
1.326244
0.237683
0.290507
1.055106
-0.222179
-0.872349
-0.176471
-0.063741
-0.483884
-0.234093
1.658818
0.937762
0.762820
2.254001
3.139062
1.216219
1.671101
2.691251
2.494242
2.979455
2.040009
1.139915
2.645890
1.937560
0.142023
-0.664111
-0.521853
1.503708
4.752553
4.364454
2.714115
-0.138352
-0.361384
0.143090
-0.285272
-0.223512
2.263913
3.856209
1.860700
0.008421
-0.032447
0.197941
0.333159
-0.104095
-0.175880
0.439198
1.632047
1.402236
-0.143706
-0.191938
1.739433
5.198205
6.418036
3.765115
2.009012
1.269341
1.843502
1.823211
1.596924
1.518397
0.020437
-0.635363
-0.832008
-0.121320
0.185703
-0.342065
-0.913229
-0.397725
1.933792
1.147884
-0.123451
-0.203290
-0.149320
1.578607
3.449630
3.367778
1.214244
-0.236377
1.588209
4.130821
2.844223
1.737156
0.497237
1.592879
2.454155
3.223711
2.215896
1.860995
1.501673
-0.133723
-0.228960
1.546421
2.955125
2.395614
1.955183
0.238023
1.394234
4.242156
1.429193
-0.603968
-1.036468
-0.850288
0.311637
-0.077913
-0.297808
1.252075
-0.139650
1.180336
4.281736
5.558978
2.675575
2.018956
1.321026
0.474541
0.683708
-0.004295
-0.517961
-0.353871
-0.236376
0.181313
3.395804
3.962709
0.310450
0.156617
-0.170450
-0.409144
-0.760085
-0.723576
1.500122
3.192140
1.157883
1.302934
2.105410
1.916982
-0.419260
-0.088312
0.879243
0.642708
2.052600
2.304610
0.845316
-0.022698
-0.454718
0.711074
1.875745
0.014863
-0.222261
3.006060
2.374833
1.612399
3.242730
4.574344
4.754486
1.735922
0.126167
0.079853
-0.216081
-0.889560
-1.414650
0.363617
2.280022
0.676625
1.225865
2.783933
3.508970
3.590222
1.774927
3.121670
3.141165
-0.038518
-0.413320
-0.190702
-0.391220
0.210045
2.920043
3.165552
1.067226
-0.505556
0.972856
1.778032
1.499685
-0.115741
-0.420124
0.614258
0.222172
0.114645
0.884675
0.670877
0.740137
1.496752
0.243511
0.309968
0.549266
-0.055752
1.230566
0.622427
-0.116849
-0.082630
-0.411635
-1.000529
-0.845416
-0.422359
2.182283
2.616752
3.522290
4.164449
3.350164
1.605487
0.080295
0.089851
0.078543
-0.159280
-0.283744
-0.600988
-0.402087
-0.262525
-0.589587
-0.121992
4.005980
6.064281
3.893463
1.423767
0.333731
1.058849
1.189456
1.143924
1.454661
0.101918
-0.532931
-0.525869
-0.019823
2.395283
1.350910
-0.272938
-0.259733
1.722854
2.827675
0.107556
0.265478
0.863215
0.202582
0.008143
1.006496
2.114094
2.607700
3.776995
2.956411
2.612097
2.640539
2.146934
1.125821
0.665572
-0.381548
-1.236709
-1.002761
-0.316861
-0.183918
0.244888
3.720412
4.167374
1.706506
-0.066596
-0.042440
-0.163684
-0.128058
0.549764
0.141605
0.174997
1.975149
2.292059
1.847543
2.501564
3.045138
2.127301
1.648584
3.700349
4.728533
3.315641
1.951362
1.011888
0.904991
1.792749
2.756697
-0.020765
-0.471924
1.262912
2.084152
2.036582
2.873250
4.830410
4.635334
3.520175
0.791121
-0.342487
1.133010
2.601335
1.803203
1.588293
-0.062176
0.545353
2.034241
2.032031
1.830102
1.030770
0.029425
0.111687
0.558619
0.037448
0.446623
1.576619
1.399395
3.388909
4.502639
4.696393
4.438202
2.298979
-0.289182
-0.236896
1.519649
-0.077573
-0.378941
0.502031
3.525378
3.531989
3.372092
2.309778
1.176734
-0.465421
-0.881210
0.699145
4.706827
5.496733
3.087192
1.839825
1.605069
2.387063
2.426167
2.120901
1.216398
0.196417
0.103057
0.135529
-0.239724
-0.180679
0.920473
1.670999
6.440884
5.257294
3.701468
4.482300
4.309649
2.419552
2.109697
5.314438
4.845792
1.976071
0.314524
1.903937
2.455167
0.528466
-0.211388
-0.040300
0.782953
0.331651
-0.021077
0.335932
0.744770
0.868936
-0.166025
-0.336987
-0.357013
-1.769760
-0.968918
1.425883
3.491626
5.150725
6.950505
6.824914
1.967873
-0.879820
-0.619615
1.381994
2.868099
1.757134
2.716787
2.892767
1.413431
-0.028071
-0.362647
0.260073
1.239273
2.535686
1.046972
-0.004700
-1.095386
-1.392404
-0.260367
0.737512
-0.071818
-0.114915
-0.046510
-0.173658
-0.599887
-0.581337
0.086358
1.694071
1.976573
1.527639
3.105164
3.193738
1.281379
-0.055862
0.747375
3.517907
4.372997
3.187826
3.206180
3.128556
0.735472
1.039548
1.703926
0.922632
-0.187616
-0.793348
-1.201477
-0.737144
-0.264992
-0.120668
-0.109750
2.398500
3.546462
1.118359
-0.490520
-1.053798
-1.274411
-0.416231
3.064066
5.604043
4.809288
3.379243
3.095403
2.166168
0.692970
2.312282
4.121346
1.822037
-0.279770
-0.204971
2.868711
4.320462
1.805269
-0.015448
0.678440
2.359718
3.026545
2.496426
0.697121
-0.092053
0.545959
2.163962
1.330603
-0.162296
-0.299039
-0.290079
-0.513450
-0.104651
2.577300
2.994192
2.727434
-0.013765
-0.168517
0.071180
3.378984
3.017002
0.669935
2.251524
3.658217
1.073849
-0.531757
-0.880221
-0.271286
3.012156
4.689081
1.628854
-0.483398
-0.478577
-0.912662
-1.013094
-1.024833
-0.257555
1.651062
1.444602
2.006342
0.120254
1.013893
1.845823
0.554437
-0.545622
-0.014303
3.671472
3.635919
0.953593
-0.174731
-0.979201
-1.137134
-0.019836
0.072613
-0.964888
-1.154505
-0.538808
-0.177200
1.459897
1.969648
1.968747
-0.040894
0.064315
0.778161
-0.069920
0.526166
0.806326
-0.053445
-0.019205
0.609682
0.684391
-0.186066
0.121048
1.367762
1.465220
1.274231
1.608062
0.206678
0.115995
1.486995
2.265952
1.747071
2.236166
1.791316
1.758205
0.321696
0.214757
0.573463
0.956277
0.825686
1.988693
1.166167
0.381630
0.141460
1.065970
0.183290
0.158280
0.444758
0.392099
0.173195
0.504608
0.551981
0.247579
0.758247
0.250557
0.173399
0.608261
0.809945
0.834045
0.027844
0.089705
0.047207
2.371281
0.618214
1.504588
0.585701
0.132381
0.834257
0.191706
1.079026
2.044893
0.806396
0.241565
0.085569
0.117833
1.350276
1.572047
0.616865
0.445876
0.643948
0.890726
1.187021
0.747621
0.144913
0.564347
1.832086
0.386611
0.969920
1.299141
0.090651
1.306045
1.482584
1.267369
0.724505
0.158699
0.995559
0.983857
0.832645
2.015114
1.706216
1.474727
1.109122
0.120571
0.108241
0.840440
0.987139
1.986579
0.304177
0.240423
1.039382
0.213882
0.523373
0.385267
0.550411
0.146392
0.107921
0.825395
2.006024
1.544922
0.401816
1.520169
2.436583
1.853523
1.708627
1.042305
0.794808
1.020347
2.050052
1.814505
2.700249
0.531522
0.116342
1.456484
0.257376
0.305334
0.651757
1.199963
1.073035
0.224525
0.099586
1.568119
0.494978
1.094698
2.264615
1.072744
0.254696
1.029389
1.164782
1.819079
0.775774
2.178179
1.209956
1.198426
1.456035
0.679809
0.181390
0.515853
0.074135
1.155880
0.856824
0.971815
0.258563
0.125403
1.594846
0.132438
1.243164
1.437998
0.104831
0.254982
2.034492
2.209684
0.963337
0.797458
2.162596
1.149034
0.493515
1.020127
0.697501
1.741408
0.389615
0.328907
1.813384
1.579202
1.663503
0.889773
1.708168
1.020441
0.517434
1.228664
1.083386
0.514701
0.237728
1.197857
0.530109
0.204699
0.749742
0.842590
1.355498
0.784184
0.299132
1.165037
2.078292
0.555620
0.373903
0.115404
1.135664
0.775525
0.742915
1.655865
0.162980
0.582625
0.989349
0.003536
0.063763
1.149099
0.936393
0.613299
0.143400
0.722532
0.242657
1.750730
1.130990
0.184086
0.856475
2.416328
1.185000
1.171096
0.052927
0.815173
1.318211
1.184193
0.001326
0.251149
1.922747
1.004754
0.778453
1.976037
0.792499
0.621443
0.724037
0.122703
1.055471
0.066709
0.933958
1.191497
0.368699
1.406365
1.380647
0.438524
1.203408
1.026120
0.176747
0.568190
0.641442
0.236670
0.841625
1.146174
0.856386
0.515648
0.781336
0.251374
0.234416
1.681126
1.783204
1.097829
0.203338
1.336066
1.129047
0.245104
0.906069
0.709338
0.764195
1.584606
0.942778
0.548696
0.020122
0.774928
0.799104
0.592509
0.035388
0.816456
0.107453
0.693612
1.161850
1.366003
1.510402
0.043914
0.113250
1.887826
0.521442
0.730392
0.216608
1.987991
1.188445
0.920069
0.176620
1.567250
0.980547
0.589448
0.156072
0.458843
0.304607
0.245658
1.150423
0.061496
1.424530
0.329052
0.162628
0.107176
0.468396
1.424052
2.052985
0.047851
1.966887
2.380953
2.363706
0.890874
0.331847
1.248405
2.059838
0.277561
0.815075
0.388491
0.275829
0.827381
0.779279
1.295914
0.052703
1.667878
0.410780
1.786425
0.277946
0.170842
2.340955
0.568393
0.318741
2.370794
1.997719
0.243061
0.710093
1.405078
2.300550
1.033193
0.919087
0.839618
0.104513
0.901141
0.534551
1.067162
1.851699
0.086721
0.412491
0.068007
1.548486
0.938937
1.219121
1.287318
0.062587
0.872018
1.246483
0.788034
0.504734
1.748941
1.231781
1.125158
0.548770
2.044035
0.819548
0.136855
0.299719
0.379889
0.835233
0.887095
0.186626
0.749862
0.833488
0.987570
0.926993
0.560007
1.466610
2.059688
0.608027
0.322803
0.498480
1.322660
0.224543
0.033107
1.458871
0.584508
1.238925
1.668577
1.661625
0.258956
0.842788
0.133481
0.587484
0.243134
0.870374
0.248404
0.352235
0.871981
0.811813
1.619740
1.838715
0.596702
0.370321
0.983429
0.809924
0.306436
0.930359
1.223296
0.032911
2.020784
2.866260
1.739680
0.661154
1.778169
0.057942
0.166653
0.164773
1.072431
0.304317
0.609634
2.043544
0.106808
0.695181
1.766743
1.116308
0.572396
0.756599
0.361644
0.201170
1.069868
0.553852
0.510760
1.499295
0.758511
0.098223
0.241450
2.928463
1.322763
1.229198
0.461246
0.538572
0.030051
0.857827
1.476605
0.396456
0.959414
1.101722
0.799715
1.074941
0.981621
0.219598
0.815179
0.641775
0.283130
0.564099
0.980391
1.080453
0.216578
0.178609
3.065299
0.544142
1.170959
0.251182
0.209436
0.243363
1.633122
2.028171
1.459168
0.735613
1.044677
1.857770
1.336453
0.489917
0.776734
0.090063
0.034609
0.970756
1.390651
1.362214
1.238116
0.072734
0.827448
1.597250
0.667736
1.117080
0.259143
0.168902
1.459186
0.931281
0.378549
1.318799
0.729745
0.580367
0.984577
0.016010
0.846035
0.919625
0.050215
0.686925
1.977529
0.770302
0.115354
0.076728
1.326666
1.689124
0.801934
0.021871
0.165220
0.253971
1.540802
0.941129
0.526845
0.014433
1.102663
1.128925
1.291023
1.196902
0.262150
1.865647
1.280049
0.356289
0.086566
1.153159
0.654703
0.532459
1.301760
2.760712
1.406281
0.227993
0.049339
0.914423
0.449849
2.190731
0.644583
0.106639
0.258233
0.242025
1.144338
1.950777
0.510247
0.019014
1.620224
0.650701
0.379592
0.786298
2.236111
0.979040
0.365535
0.979057
1.098816
1.665035
1.379630
0.406167
1.338820
0.080923
1.015460
1.207340
1.415450
0.542028
0.667262
0.304655
0.467664
1.164603
0.886322
1.202533
0.863781
2.231800
1.810851
1.638633
1.065046
1.602414
1.853625
0.978566
2.438655
0.064900
0.104893
1.662919
1.023436
1.118233
2.117038
0.847503
0.244111
0.181602
1.933317
0.149793
0.181280
1.206132
2.753650
1.384561
1.170731
0.417673
1.468292
1.973125
1.002218
0.689805
0.634699
1.466668
0.493850
0.054523
1.181958
1.587817
1.819043
1.809188
0.199946
1.177108
1.373757
1.268074
0.494994
0.340445
0.636822
2.790162
0.462969
0.322433
0.979355
1.799310
1.242401
0.152972
1.647186
1.479182
1.418744
0.219532
0.257115
0.560699
1.453329
1.503789
0.866741
0.106203
1.387581
0.645755
1.397900
1.017609
1.657400
0.033097
1.894371
1.562722
1.314359
1.586034
0.864869
0.496456
1.389504
1.531503
0.792115
1.337114
0.093471
0.687723
0.175566
1.784806
1.349472
0.579780
0.497762
1.026129
0.613931
1.542189
0.829699
1.763636
1.063233
0.795588
0.218412
0.313930
1.418108
1.149737
1.476140
0.038790
0.490009
0.611813
0.974977
0.500923
0.508015
1.374383
1.039837
0.172635
0.359989
0.044508
1.581417
0.990945
0.248271
0.292401
1.098389
1.670193
0.999484
0.521843
0.254453
1.615678
0.698818
0.584703
0.283961
1.043157
0.091009
0.118771
0.273038
0.408475
0.955562
0.243500
0.109544
0.606686
0.435428
0.358799
0.471611
0.131524
0.100214
0.039312
1.157043
0.528999
0.128137
-0.123301
-0.083148
-0.107545
-0.052842
-0.023286
0.123615
0.010326
-0.005007
0.627473
0.344598
1.557148
0.589465
0.784793
-0.034973
-0.104315
-0.109128
-0.113851
-0.121589
-0.049714
-0.057751
-0.051404
-0.057120
-0.103033
-0.105087
-0.104052
-0.099954
-0.095852
0.038808
0.075925
0.323737
0.291835
-0.041489
0.537302
0.217680
1.400709
0.548588
0.335989
-0.016795
-0.071139
-0.089413
-0.097542
-0.071446
-0.022720
-0.030603
-0.042884
-0.084303
-0.093334
-0.105243
-0.118213
-0.106817
-0.020833
0.185140
0.362201
0.009913
-0.053054
-0.065138
0.238506
-0.030017
0.313732
-0.040197
-0.014381
-0.060003
-0.074103
-0.089803
-0.083283
-0.037826
-0.055995
-0.036697
-0.098685
-0.066072
-0.010283
-0.052526
-0.059003
-0.061427
0.370741
-0.055378
0.160702
-0.016642
-0.049989
0.137678
0.330908
-0.034985
0.192560
-0.017393
0.083175
0.110087
-0.041628
-0.032808
-0.003877
0.144025
-0.007791
-0.040999
-0.083539
-0.015161
-0.002980
-0.046554
0.079327
0.064245
0.694053
0.074599
-0.075752
0.101033
-0.021035
0.172941
0.559054
0.068863
0.013501
0.266623
0.156747
0.452105
-0.003196
0.417362
0.204501
0.819957
0.229018
0.344062
-0.023432
0.189772
0.454508
-0.026088
0.049119
0.583134
0.244126
0.157534
-0.076185
-0.008000
-0.040044
-0.006533
0.448922
0.294883
0.441086
0.447886
0.430108
0.649311
0.376414
0.922139
0.097707
1.008937
0.116137
0.800151
0.416238
0.437821
0.788229
-0.000009
0.188877
0.639161
0.344793
0.029991
-0.053677
-0.052735
-0.075105
-0.083033
0.344477
0.615317
0.397462
0.187587
0.010891
0.623713
0.746450
1.365882
0.403946
0.316352
0.234339
0.438122
0.379711
1.013991
0.892751
0.846393
0.416225
0.184646
0.673821
-0.066700
-0.092273
-0.090731
-0.074554
-0.075957
0.126752
1.052198
0.324927
0.409845
-0.021893
0.448689
0.774967
0.577953
0.160807
-0.021985
-0.032566
0.390318
-0.043733
0.740863
0.946497
-0.025215
0.575504
0.441925
0.511599
-0.022166
-0.107195
-0.089635
-0.013610
-0.061610
0.334306
0.800703
0.276877
0.607849
0.006384
-0.004381
0.314915
0.219474
-0.006427
-0.064498
-0.107791
-0.011841
-0.064387
-0.051844
0.499422
-0.014208
0.097426
0.695101
-0.004639
0.211596
-0.111476
-0.096533
0.239409
-0.011806
0.591559
0.333320
0.247253
-0.004347
-0.007572
0.059834
0.580893
0.060996
0.747727
0.368475
0.707214
0.189441
-0.015315
0.130818
0.226265
-0.010958
-0.053768
0.496825
-0.007899
-0.066824
-0.111846
-0.068946
0.334992
-0.000337
0.411584
-0.046968
-0.091968
-0.060545
0.157732
0.293466
0.559265
0.292693
1.343323
0.250398
1.397654
0.256123
0.071073
0.456050
-0.016589
0.325563
-0.059437
-0.084556
-0.086766
-0.104591
-0.109975
-0.070520
-0.003491
0.068953
-0.033700
-0.039311
0.031216
-0.015725
0.571192
0.139462
0.576763
0.276819
0.730561
0.689317
0.482901
0.017403
-0.058248
0.066283
-0.042615
-0.078609
0.122525
0.379151
0.161748
-0.024995
-0.071254
-0.072268
-0.063472
-0.007190
-0.031539
-0.035141
0.444396
-0.005922
1.232560
0.096099
0.095456
0.063947
-0.076543
0.034023
-0.088159
0.052503
-0.037519
-0.017161
-0.071857
-0.097659
0.315305
0.890573
0.470408
0.097398
-0.030405
-0.065753
-0.079711
-0.038331
-0.024527
0.017744
0.329601
0.449904
0.624290
0.439007
0.099568
0.043222
-0.059648
-0.065653
-0.060918
1.133421
0.234954
1.130408
0.141781
-0.060290
0.378179
0.416592
0.234613
-0.035522
-0.028194
-0.093685
-0.061295
-0.071814
0.072246
-0.067437
-0.002224
0.120446
0.033431
0.676610
-0.025822
-0.003109
-0.093889
-0.092413
0.094936
1.192915
1.189955
1.124239
0.527888
-0.027192
-0.080494
-0.058847
-0.010333
-0.068171
0.044756
-0.090585
-0.085433
-0.043235
0.275874
-0.012311
-0.031314
-0.015458
0.024234
0.828498
0.232334
0.540226
-0.040327
-0.024201
0.249571
0.310095
1.535071
0.340690
0.673063
-0.078098
-0.099813
-0.077504
0.173092
-0.065284
0.228067
-0.064198
0.083554
0.388514
0.211116
0.119883
-0.081761
-0.072229
0.449860
0.746489
0.800763
1.149604
-0.025755
0.387955
-0.016178
0.225010
0.766674
0.241143
0.032816
-0.098442
-0.079543
-0.032195
-0.002692
-0.026746
-0.026010
-0.055085
0.332489
0.374542
0.598594
0.201608
0.037008
-0.028301
0.875545
0.451117
0.905929
0.635381
-0.000832
0.086430
-0.044615
0.306524
0.147584
0.452866
-0.078465
-0.114134
0.199085
0.422020
0.056613
-0.024854
-0.010905
0.026216
0.255744
-0.020989
0.259028
0.142277
0.536167
0.255425
0.901722
0.287380
0.307055
0.031315
-0.055733
-0.035932
-0.004483
0.192639
0.290710
-0.023564
-0.053795
-0.096344
0.400117
0.192339
0.332912
0.010092
-0.049552
0.312235
0.131369
-0.039552
0.205866
0.237573
0.285446
0.284080
0.356180
0.200244
-0.008338
-0.038144
-0.093708
-0.024093
-0.023001
0.102957
-0.005660
-0.010184
-0.043921
-0.060681
0.183481
-0.015284
-0.039523
-0.011984
-0.037710
0.179526
-0.026019
0.113419
-0.060782
-0.066517
-0.016552
0.226862
0.203443
0.342118
-0.042895
-0.058580
-0.079996
-0.040024
-0.055717
-0.037459
-0.038119
0.391411
-0.028103
-0.037925
-0.100839
-0.100945
-0.084111
-0.086905
-0.100225
-0.018479
-0.059116
-0.058772
-0.026325
-0.025356
-0.000343
0.476131
-0.013302
0.295717
-0.077137
-0.097299
-0.039051
-0.012176
-0.017778
0.093266
-0.009143
0.261425
-0.017365
-0.040186
-0.085892
-0.074657
-0.103982
-0.092149
-0.097812
-0.033228
-0.030574
-0.016637
0.452226
-0.002095
0.435092
0.589011
-0.037757
0.103350
-0.086459
-0.065144
-0.029859
0.414725
-0.003510
0.515127
-0.028680
0.141108
-0.003738
-0.092776
-0.111520
-0.011270
-0.067860
-0.055668
-0.072747
0.033008
-0.010213
0.047913
0.926751
0.093429
0.843788
-0.001432
-0.004024
-0.014740
-0.011425
0.212783
0.416902
0.797467
0.056047
0.319043
-0.048201
-0.064748
-0.099888
-0.118888
-0.080069
-0.032686
-0.047174
-0.041463
-0.047375
-0.011683
-0.007843
-0.043231
0.475682
-0.016001
0.784007
-0.064100
-0.009632
-0.034525
0.372858
0.094460
0.698594
0.070061
0.794612
-0.012587
-0.005493
0.146151
0.182484
0.150761
-0.093166
-0.014709
0.014539
-0.019641
-0.056682
-0.075631
-0.076241
-0.114913
0.083051
-0.042407
0.536690
-0.034378
-0.008875
-0.069128
0.284635
-0.011286
0.328557
-0.054970
0.891307
-0.051454
1.271721
1.079175
1.102072
0.800995
-0.061297
0.186284
-0.081859
-0.008154
-0.038057
-0.090820
0.172227
-0.062107
0.098503
-0.066327
0.267175
-0.075446
0.389355
-0.058564
0.369687
0.086369
0.419365
0.200709
1.748368
0.574207
1.552847
1.106299
1.884037
0.589132
-0.105811
0.210396
-0.083637
-0.082473
-0.058798
-0.091417
0.300713
-0.084019
0.103035
-0.101595
0.113345
-0.076538
0.188776
-0.049256
0.283572
0.126376
0.659901
0.538862
1.112885
0.350612
1.082765
0.603217
0.113191
0.103438
1.235548
0.698676
-0.410539
-0.248943
-0.032825
0.082886
-0.028269
-0.300698
0.163545
-0.136809
0.770845
0.410652
0.380031
0.250696
0.838188
1.279209
1.504370
1.324504
0.877231
1.949744
2.526828
1.585209
0.098146
0.960926
-0.122275
-0.169105
3.789221
4.019081
3.219142
0.995293
2.636537
3.092050
2.521046
1.930338
-0.061930
0.546292
1.294981
0.519232
-0.256854
-0.278871
-0.393577
-0.147361
-0.253359
-0.369168
-0.454847
-0.278259
-0.008301
-0.074652
0.344241
0.659039
-0.969734
-1.467407
-1.334106
-0.771114
-1.061884
-1.005750
-0.965490
-0.500902
1.068234
0.659589
-0.096558
-0.121329
2.284641
1.552750
1.685013
1.537805
0.275769
-0.304927
-0.509323
0.297056
-0.072452
1.142592
1.280719
-0.067437
-0.226937
0.197484
1.890199
1.291741
1.725598
1.232429
0.426384
-0.120182
-0.325598
-0.851758
-0.094841
0.828000
-0.424646
-0.426972
-0.268099
-0.470888
0.068507
3.643119
2.108797
-0.650893
-1.049024
-0.681433
-0.521384
-0.390924
0.504714
-0.026477
-0.596341
-0.273083
-0.561941
-0.454483
0.056784
-0.014469
0.533719
2.017026
-0.283177
-0.669783
-0.385025
-0.198907
-0.166709
-0.405384
-0.709260
-1.463576
-0.988782
-0.129914
0.320807
-0.001710
-0.017816
-0.323323
-0.629481
-0.694004
0.185181
0.436556
0.840017
-0.161324
-0.473154
-0.101796
-0.224454
-0.104821
1.420173
0.414475
-0.055960
-0.103455
-0.349386
-0.152018
0.597799
0.210399
-0.348149
-0.446125
1.351272
-0.122353
0.831912
1.145175
-0.159833
0.455660
0.329246
-0.662234
-0.739279
0.236979
4.190140
2.193341
1.930370
-0.147714
-0.628608
-0.247567
-0.403559
-0.689599
-0.209061
-0.233567
-0.167441
-0.235004
1.923555
0.526277
-0.833885
-0.132752
-0.509578
-1.122725
-0.968438
-0.397409
-0.446870
-0.592663
2.169529
0.030531
-0.580855
-0.498696
-0.028163
-0.006064
0.794997
0.447264
-0.132014
-0.479896
-0.373042
-0.484945
-0.263478
-0.162982
-0.642502
-0.446711
-0.109597
-0.487424
1.722502
1.855580
1.541809
-0.371229
-0.390862
2.204992
-0.136544
-0.296512
-0.438838
-0.065043
0.438946
1.035737
0.811790
-0.655123
-0.282318
0.465037
-0.235714
-0.477641
-0.904630
-1.528107
-0.466034
0.473081
0.062389
2.005477
-0.219935
-0.544778
-0.502374
-0.118583
-0.217438
-0.465139
-0.327450
0.166819
2.189359
1.115531
0.206898
-0.661713
-0.556028
-0.246859
-0.691215
-0.577034
-0.460487
0.771538
3.125396
6.484679
-0.107273
-1.055025
-0.934587
-0.541304
-0.106480
0.541811
-0.155986
-0.107547
-0.291592
-0.355318
-0.116777
0.030078
-0.119062
-0.028181
0.471158
2.628748
0.517648
1.261929
1.069608
-0.410056
-0.334556
-0.990058
-1.534969
-1.872978
-0.651703
1.118246
0.697289
0.363185
1.416916
-0.323328
-0.535302
-1.029693
-0.877302
-0.304020
-0.426068
-0.540429
-0.900675
-0.126604
-0.292354
-0.325505
-0.515255
-1.100016
-0.957423
-0.631580
0.279353
1.190010
2.265269
1.290165
-0.539515
-0.927277
-1.361370
-0.360449
-0.424147
-0.613994
-0.113316
0.257048
2.067915
1.015903
2.940351
1.809375
1.971915
-0.725935
-1.147524
-0.716084
0.713258
0.374230
-0.087832
-0.388489
-0.801458
-0.525827
-0.715374
-0.460310
-0.227664
-0.338902
0.533481
-0.437822
1.322158
1.600358
-0.106401
1.118539
-0.156678
-0.507968
-1.102149
-1.009035
-0.606873
-0.055621
2.049691
-0.225566
-0.765523
-0.638334
-0.357808
-0.140812
-0.594830
-0.464535
-0.081354
-0.434600
-0.620105
-0.373331
-0.171131
1.296848
0.422559
-0.176459
-0.023812
-0.870510
-1.046769
-0.565136
0.934961
1.072974
-0.013915
-0.826344
-0.534314
-0.176783
1.795724
0.196025
-0.050947
-0.350004
1.611687
3.218835
0.516860
2.175907
0.681156
0.063745
-0.815531
-0.810495
-0.244135
-0.568244
-0.220658
0.175132
0.946120
-0.167432
-0.508882
-0.735072
-0.200797
1.189288
1.366541
-0.308224
-0.570661
-0.319366
-0.095259
-0.499714
-1.156046
-1.690928
-1.312724
-1.333042
-1.555725
-1.170356
-0.594049
-0.022680
0.001453
0.979578
-0.320914
-0.940992
-0.381250
-0.309347
-0.646849
-0.488022
-0.145765
-0.720798
-1.290370
-0.764102
-0.161839
-0.413436
-0.697089
-0.612729
0.349813
0.574957
-0.110720
2.600895
5.208070
3.827891
0.432914
2.187682
0.559670
-0.552510
-0.269925
0.275066
0.137666
-0.449874
-0.414546
-0.094017
-0.432591
-0.235265
1.838166
0.425919
-0.238163
-0.535336
0.692460
0.691386
-0.205717
0.924389
0.768654
-0.795023
-1.879452
-1.270939
-0.311562
-0.477012
1.435979
-0.262028
-0.225033
-0.747662
-0.829284
-0.745804
-0.427497
-0.167862
0.039781
0.091117
-0.879032
-0.418543
-0.048365
1.216400
-0.185163
-0.478045
-0.790720
-0.554323
-1.084860
0.046293
1.059466
-0.046801
-0.211693
-0.111037
-0.151245
-0.395349
-0.383063
-0.415034
-0.099336
0.666592
0.116518
-0.485790
-0.319546
-0.413366
-0.287511
-0.822172
-0.820335
-0.115103
0.476950
0.835077
1.134903
0.456986
-0.138177
-0.714077
-0.793359
-0.379760
-0.525622
-0.318119
0.381862
0.987021
2.500861
0.248738
0.122976
-0.393189
-0.199241
0.175616
-0.251358
-0.175002
1.337427
0.864375
0.488026
-0.667188
-0.922555
-0.526542
-0.596966
-0.564864
-0.127208
1.215285
1.862167
0.680842
0.786605
-0.063079
-0.053633
-0.665135
-1.558969
-0.952525
-1.258640
-0.491868
-0.710275
-0.224205
-0.362126
-0.249184
-1.158150
-0.480420
-0.513584
0.994852
1.051600
0.278456
0.297773
0.461138
-0.341528
-0.747230
-1.313800
-0.902817
-0.701214
0.483599
0.972527
1.958716
1.827857
0.351395
0.107861
-0.350006
-0.398503
-0.479168
-0.208537
-0.488061
-0.750727
-0.513173
-0.304859
-0.167151
-0.236454
-0.083372
-0.201341
0.415224
-0.107714
-0.161779
1.393465
1.316661
0.050386
-0.046259
0.194046
-0.475631
-0.365927
-0.743898
-0.241898
-0.281421
-0.106222
-0.219809
0.285553
-0.140923
2.181779
0.719933
0.179371
-0.266402
-0.372940
-0.664187
-0.572565
-0.592036
-0.465750
0.426158
-0.377557
-0.474596
0.516681
-0.242007
-0.448189
-0.732876
-0.394741
-0.409994
-0.220350
-0.316386
-0.523041
-0.116773
0.083864
-0.527227
-0.675754
-0.375269
-0.084126
0.242403
0.741864
-0.337658
0.270121
1.348799
1.999934
0.735902
-0.353484
-0.942673
-0.753227
0.027436
2.857150
2.962448
-0.024318
0.141162
-0.517492
-0.238157
1.639121
1.527310
-0.416315
0.379016
0.958596
-0.268191
-0.632929
-0.442379
-0.562886
-0.388337
-0.279651
-0.810769
-1.135228
-0.639584
1.302434
3.133129
0.772966
-0.416858
-0.707347
-1.131131
-0.890632
-0.605582
0.105663
0.520006
-0.391541
-0.518805
-0.274990
-0.023869
-0.905540
0.459023
2.112874
0.418746
0.437967
-0.510830
-0.281390
-0.014243
2.352398
-0.065171
-0.797096
-1.386161
-0.474960
-0.083900
0.834203
2.074047
1.276802
1.628603
0.222701
-0.505886
-0.404721
-0.634147
-0.225641
-0.062511
0.871665
-0.667410
-0.685233
-0.466545
-0.498522
-0.197997
-0.175371
-0.438055
-0.105691
-0.220773
2.007162
1.674475
0.359912
0.611031
-0.468065
0.713305
-0.151550
1.263167
-0.373096
0.245676
0.392975
-0.158538
-0.005169
0.093004
-0.083976
0.862350
0.655762
-0.316777
0.688266
0.216954
-0.434169
1.305879
0.042678
0.255930
0.722847
0.044060
-0.489907
0.149665
-0.547544
0.720809
1.002089
0.321879
1.410772
0.582187
-0.039473
-0.230003
-0.907271
0.006224
0.856624
0.363298
0.118112
1.700695
-0.094828
0.183899
0.266259
0.636801
-0.450569
-0.065767
0.439064
1.589328
0.077444
-0.161330
-0.241598
-0.460295
0.071445
-1.553425
1.896521
2.047630
-0.274505
-0.253940
1.326082
0.623298
-0.060145
-0.314204
0.858505
0.453910
0.588276
-0.108603
-0.398974
1.462377
0.651754
-0.280431
-0.987437
1.490762
0.996580
0.104364
0.215872
0.199132
-0.099628
-0.258956
1.717708
0.108892
-0.076748
-0.339599
-0.303627
0.761153
0.084244
0.238126
-0.058473
1.563717
-0.233511
-0.184636
0.160625
-0.774721
1.512441
0.594013
-0.011406
0.127774
0.918423
-0.128753
-0.169185
-0.289568
0.780055
-0.046642
0.305408
0.571711
-0.030237
0.015415
0.495995
-0.117138
0.081005
1.562886
-0.196360
0.909626
0.311361
-0.017276
0.213159
0.105609
-0.342006
-0.783796
-0.033300
1.031781
0.757979
0.217194
-0.034223
0.207445
-0.231416
-0.586516
0.410255
0.574600
0.357304
1.067783
-0.216644
-0.342367
-0.060624
1.583250
1.539306
0.108493
0.317641
0.114090
-0.026238
0.057339
-0.073954
-0.226088
0.209885
0.418983
-0.391486
0.808698
-0.118616
0.216716
0.661153
0.423591
-0.684429
-0.868149
0.607819
0.306908
1.795156
0.537635
0.343720
-0.424208
1.530261
-0.158429
1.139694
0.779894
0.080196
-0.076466
0.031498
0.354658
-0.014444
0.336853
-0.236952
-0.569493
-0.353589
-0.504018
1.075835
0.086144
0.690310
0.047249
0.809944
0.248905
-0.414641
-0.546759
2.001932
1.188421
0.565336
-1.050680
2.045303
0.006112
0.678003
-0.047137
-0.309329
0.018967
0.125014
-0.500564
1.407786
-0.031655
0.021770
0.435176
-0.278549
-0.889440
1.450651
0.790018
-0.418592
0.915868
0.096850
-0.280959
-0.398592
1.536589
2.164370
0.071477
-0.200170
0.411812
-0.274763
0.483808
0.078652
-0.031524
-0.194140
0.350474
-0.210299
1.160732
-0.358123
-0.267170
1.382138
0.345612
-0.061176
0.643747
-0.604572
-0.170672
1.647216
-0.302730
0.341904
0.477263
0.308643
0.590829
-0.045347
0.073001
-0.198935
-0.209430
0.366877
0.805741
0.045518
-0.185761
0.678557
-0.277539
-0.353219
-0.562708
1.690806
0.072831
-0.329604
1.176800
0.295278
0.665947
0.374345
0.635684
-0.031731
-0.025700
0.865856
-0.083712
0.235491
0.122550
0.003863
-0.197769
-0.874294
-0.004802
2.044786
0.249343
-0.231670
0.027862
0.022286
-0.448167
-0.015793
0.722061
-0.533759
0.307017
0.943666
0.505375
-0.407654
-0.289795
0.936316
0.041992
1.100051
-0.464514
0.216800
0.565349
-0.314619
0.189944
1.185671
0.474915
0.455714
-0.102256
-0.339591
-0.111744
0.208995
0.114584
0.154835
0.250542
-0.340714
0.849200
0.196313
-0.118626
0.781583
-0.213861
-0.835475
0.291653
1.675036
0.482604
-0.266381
0.311443
0.107939
-0.204033
0.098701
0.724259
0.786783
0.176766
-0.086441
0.203297
-0.163911
0.014939
-0.263367
1.178303
0.040404
0.053206
-0.009898
-0.090186
-0.082392
0.388566
0.324596
-0.639644
-0.117103
1.178865
-0.676397
-0.878444
2.504057
-0.116449
-0.218703
0.326165
-0.496993
0.061163
0.920014
0.833122
0.040861
1.508030
0.554821
-0.147415
-0.143082
0.323358
0.342956
-0.190426
-0.289235
0.041086
1.031417
0.332459
0.021230
0.048068
0.372711
-0.005688
0.059365
0.264308
0.009895
0.428436
-0.064574
-0.228898
0.114809
1.147440
-0.915843
1.354854
1.408161
-0.075253
-0.163796
-0.497298
1.093518
0.285209
-0.602053
0.163813
0.971463
0.343177
-0.141338
-0.129755
0.542055
-0.197157
-0.528652
0.601670
0.683337
0.272375
-0.393007
-1.267435
0.164000
2.532725
-0.319458
1.340126
0.711460
-0.118759
-0.066641
-0.397616
-0.535646
2.533811
0.212526
-0.163716
0.026646
0.363323
-0.144779
-0.198970
0.168814
0.283966
0.089540
-0.353061
-0.058127
0.820581
0.170676
0.425668
0.056246
0.378890
-0.250025
-0.567974
1.078449
0.667185
-0.085986
-0.571645
-0.220661
2.084883
0.455423
0.108899
0.039234
-0.075965
-0.043015
-0.072763
0.158937
0.166544
0.382262
0.294718
0.093141
-0.131440
-0.383751
0.598274
0.501925
0.298415
-0.073893
0.371749
0.277611
0.198943
-0.086886
-0.361804
-0.441735
1.255391
0.268098
0.134578
0.173470
-0.216049
0.022215
0.352447
-0.480855
-0.628565
0.854603
0.035879
0.486595
-0.195575
-0.347761
1.062079
-0.445800
-0.755856
-0.099349
0.273683
0.425978
-0.192484
0.231642
0.310949
0.238491
-0.143778
-0.104723
0.177970
0.134817
-0.104017
0.043819
0.268097
0.344665
0.320054
0.403724
0.822283
0.077755
-0.103740
-0.132370
0.542489
-0.192940
-0.224721
-0.237175
0.524754
0.920069
0.103251
0.044464
0.084236
-0.214836
-0.086617
0.291638
-0.132671
-0.027892
0.458748
-0.173418
0.196394
-0.204827
0.491574
-0.630241
1.560624
0.453928
1.283766
0.061471
-0.090241
-0.512363
0.037354
-0.446057
-0.183873
0.812078
0.279567
-0.019057
0.404709
-0.149884
-0.186323
0.867200
1.923325
0.300440
-0.506818
-0.476062
1.036068
0.865682
1.274409
0.143024
-0.647817
-0.424344
2.265769
0.141913
0.234218
-0.617497
-1.371092
0.216616
0.345440
-0.097116
-0.203196
-0.333493
0.472347
-0.685302
-0.425290
0.010140
2.225564
1.246346
-0.492279
-0.999953
1.662014
1.283704
-0.152165
-0.172367
0.383170
-0.239531
1.333027
-0.170332
0.290883
2.029872
0.150213
-0.023651
-0.005235
-0.077875
0.001049
0.465227
-0.091612
-0.484635
0.752290
1.453170
0.226780
0.799472
0.178512
0.259594
0.191135
0.247418
-0.199224
0.835423
-0.277698
-0.315203
0.102473
-1.011576
1.829228
0.505084
-0.368949
-0.077987
-0.139076
0.182452
-0.164424
0.050406
0.583436
0.559121
-0.510798
0.383662
0.216529
0.978234
-0.261494
-0.545182
1.462649
0.370798
-0.086889
-0.038592
0.160405
0.382244
0.788382
0.889392
-0.150529
-0.166312
0.012397
0.274690
0.186590
0.073245
0.020352
-0.583285
0.375346
1.004804
-0.404057
-0.615359
1.780533
-0.049121
0.095058
-0.199492
0.892483
0.335246
0.160969
-0.392931
-0.656742
0.044721
0.489476
1.535022
-0.331868
-0.431591
0.812955
-0.518153
1.360261
0.333784
0.672952
0.062218
0.334750
0.381042
0.133838
0.353379
-0.161360
-0.653642
0.399579
-0.074680
0.587811
1.113715
-0.022571
-0.184314
0.750731
0.151872
-0.366063
0.792568
0.286489
-0.031943
0.627105
-0.663446
-0.279603
1.830212
-0.117357
-0.298419
-0.581608
1.413868
-0.074606
0.219607
0.088731
-0.280897
-0.907568
0.234194
1.490734
0.211255
0.233972
-0.340455
-0.475266
1.197827
0.154022
-0.092863
-0.265377
-0.275941
-0.749849
0.133157
-0.097638
0.575741
-0.216272
0.931546
-0.173940
-0.212261
-0.040034
0.448613
0.085437
-0.267974
-0.074536
0.040523
-0.200315
0.501565
0.277590
-0.290815
0.309684
-0.116458
-0.083160
0.062032
0.313212
0.877052
-0.443179
-0.046914
-0.058315
0.358765
0.708493
-0.229878
-0.353388
-0.177965
0.373323
-0.119194
-0.100965
-0.210226
-0.232002
-0.071909
-0.064034
-0.128995
0.886115
-0.418258
-0.075294
-0.125309
-0.012239
-0.091322
0.043590
0.338322
-0.465549
-0.038362
-0.003122
0.646887
0.516599
-0.621435
-0.279893
-0.040986
0.036126
-0.257683
-0.025194
-0.326266
-0.022895
-0.003502
-0.014968
1.327024
-0.006078
-0.631072
-0.021191
0.141900
-0.199738
0.854661
-0.132586
-0.302509
-0.254641
0.224330
0.071194
-0.065883
-0.081202
-0.398015
-0.365768
0.025971
0.010167
-0.032963
-0.119186
0.771499
-0.233783
-0.265810
-0.117284
0.726458
-0.241665
-0.221645
-0.082710
0.145537
-0.160361
1.106744
-0.415367
-0.199043
-0.191345
0.517804
-0.224520
0.074170
-0.012773
-0.445578
-0.076496
-0.114251
-0.028071
1.005755
-0.083695
-0.117498
-0.421587
-0.150423
-0.017828
0.302596
-0.194645
-0.204983
-0.041503
0.350756
-0.119361
0.753238
-0.379905
-0.371357
-0.210126
0.507931
-0.355369
-0.037620
-0.155887
-0.143680
0.437386
-0.217530
-0.044876
0.594288
-0.306918
-0.301566
-0.089267
-0.158786
0.376436
-0.218476
-0.189041
0.094870
-0.088579
0.304389
-0.184406
0.202997
1.137267
-0.405539
-0.545990
0.519077
0.229761
-0.429128
-0.150144
0.598262
-0.090076
-0.467504
-0.009855
0.802562
-0.216364
-0.488490
-0.194223
0.750831
-0.090096
-0.200116
-0.167338
0.475545
-0.146739
-0.123190
0.101143
-0.121923
0.667335
0.182172
-0.560506
0.291428
0.133487
-0.363444
-0.019381
0.543652
0.499683
-0.138987
-0.377880
1.263153
-0.466810
-0.414559
0.449430
0.558733
-0.129747
-0.116918
-0.208675
0.291654
-0.325616
0.048713
0.006996
-0.071877
0.430634
0.790787
-0.989645
0.435991
-0.171322
-0.252596
-0.123115
0.175667
0.365644
-0.403948
-0.180016
1.222696
-0.512223
-0.259923
0.106197
0.331011
-0.066080
-0.155128
0.170853
-0.210345
-0.248405
0.659081
-0.237982
0.114331
-0.092878
-0.030490
-0.309338
-0.030136
-0.165408
0.215647
0.175884
-0.246180
0.516912
-0.008155
-0.181906
0.063884
-0.276149
-0.134163
-0.118599
0.288705
-0.181557
-0.058561
-0.045614
-0.328236
-0.041149
0.434641
-0.168985
0.200926
0.179329
-0.123913
-0.456735
-0.161137
-0.130072
0.644578
-0.097553
-0.298148
0.097155
-0.087028
-0.033643
-0.071205
-0.028774
-0.063373
0.326855
0.566337
-0.279483
-0.276268
-0.146685
-0.119927
-0.036856
0.001909
0.109880
-0.216374
0.743113
-0.377078
-0.341316
-0.109481
-0.160398
0.456201
-0.179321
-0.147735
-0.066424
0.236483
-0.140342
-0.141010
0.215698
0.368119
-0.116642
-0.248757
-0.087330
-0.053878
-0.046491
-0.157459
-0.028428
0.596228
-0.121958
-0.220843
0.034672
-0.326801
-0.226543
1.231342
-0.453586
-0.020673
-0.135336
0.790661
-0.307509
-0.158050
-0.113591
-0.091675
0.739832
0.128680
-0.164976
-0.081979
-0.086646
-0.189013
0.307187
-0.124283
-0.251763
0.339912
-0.190977
-0.175385
0.174353
-0.133475
-0.272985
0.816192
-0.447285
0.538650
-0.074035
0.090219
-0.268956
-0.091450
-0.096267
0.018332
0.445989
-0.217979
-0.028732
-0.153470
-0.034722
-0.039531
0.241631
-0.337308
-0.297498
0.092647
0.852964
-0.424970
0.511948
-0.110877
-0.404392
0.869310
-0.147890
-0.271422
0.085682
-0.201800
0.109408
-0.253374
-0.144091
1.148956
-0.057482
-0.347237
0.086045
-0.228349
-0.191082
-0.125474
-0.026105
-0.029445
-0.056010
-0.202936
0.587956
-0.408563
0.548518
-0.055966
-0.420025
0.302490
-0.124819
-0.220816
0.454359
-0.256638
-0.201221
0.036183
0.517163
-0.040462
-0.391454
-0.162242
-0.001202
-0.029691
0.987404
-0.316123
0.326581
-0.230329
-0.263034
-0.109231
-0.015834
0.274929
-0.219258
0.040572
-0.414303
-0.178502
0.406775
-0.473486
0.213436
-0.159714
0.119290
-0.149799
-0.056833
-0.247950
-0.007992
-0.155545
-0.196850
-0.005088
0.297297
-0.384576
0.855391
-0.336300
-0.023326
-0.153612
0.571207
-0.128697
-0.292292
-0.040592
-0.236330
-0.063249
0.017169
-0.224429
-0.144546
-0.039421
0.014087
-0.060927
0.007199
-0.263068
-0.251655
-0.073240
-0.019232
0.037641
0.170068
1.321314
-0.316135
-0.418542
-0.164941
-0.251759
0.841587
-0.486491
-0.062010
-0.192683
-0.127061
0.475495
-0.185414
-0.190224
-0.262332
-0.000786
-0.068482
0.195665
-0.281524
-0.104600
0.258548
-0.102746
0.655946
-0.257390
-0.078189
1.300651
-0.400539
-0.005960
-0.217569
-0.069160
0.334416
-0.376524
-0.103826
-0.118347
-0.226203
0.274845
-0.211626
-0.006954
0.283837
-0.120323
-0.255040
0.027212
-0.074771
-0.018754
0.110476
-0.308659
0.872644
-0.333862
-0.109522
0.446738
-0.214575
-0.228990
-0.226884
0.294862
-0.141922
-0.212209
-0.019110
0.163720
-0.273650
0.057617
-0.080320
-0.060476
0.150688
-0.057547
-0.016548
0.000553
0.119382
-0.091413
0.600167
-0.195073
0.167605
-0.279550
-0.378760
-0.010182
-0.120290
0.205934
-0.078342
0.076611
0.431378
-0.302623
-0.154203
0.259905
-0.429474
-0.005172
0.047663
0.293991
0.250477
-0.129454
-0.123601
-0.072564
-0.065532
0.527692
-0.042447
-0.509192
0.884101
-0.160044
-0.432973
-0.101825
-0.074477
-0.015471
-0.004775
0.306353
0.242222
0.549570
-0.221408
-0.285312
-0.313590
0.078998
-0.081143
-0.039093
0.101928
0.092200
-0.098269
0.315115
-0.373925
1.189411
-0.090260
-0.366244
-0.119206
0.199623
-0.481270
-0.224202
0.116475
-0.090507
1.626074
-0.306901
-0.413331
0.831573
-0.328926
-0.259129
-0.323464
-0.034328
1.227676
-0.270075
-0.338120
-0.093338
-0.103148
1.023846
-0.373667
0.575509
-0.176718
-0.382971
0.168309
0.254187
-0.596745
0.272657
-0.118642
0.510173
1.016405
-0.783672
-0.022345
-0.051056
1.098010
-0.288830
-0.531325
0.431034
0.762459
-0.487234
-0.350431
-0.015566
-0.000004
0.412758
-0.392670
0.645403
-0.215805
-0.152061
-0.089766
0.437764
-0.345848
-0.200061
-0.256463
0.735990
-0.106936
-0.107115
-0.250755
-0.240617
3.729181
-0.489255
-1.159870
0.407604
0.918520
-0.315036
-0.627476
0.509282
-0.052208
-0.191367
-0.139619
0.033391
-0.100944
-0.025914
0.003310
0.333831
-0.399983
-0.208702
0.361545
-0.034794
-0.237675
-0.048039
0.014677
-0.105742
1.993978
-0.761836
-0.700089
0.427221
0.076126
-0.118865
-0.379542
-0.070321
-0.054168
-0.054438
0.225107
-0.195799
0.080822
-0.165791
-0.154294
1.183693
-0.457069
-0.329104
0.288212
0.711451
-0.130034
-0.182714
0.063875
-0.323512
0.730653
-0.362878
-0.698198
0.038715
-0.059779
0.262272
-0.437100
-0.027927
0.001748
-0.139579
0.061476
-0.237620
0.144288
-0.132302
-0.083835
0.487025
-0.340879
-0.122662
0.037931
0.498229
-0.302745
-0.162076
-0.008914
-0.152512
-0.003201
-0.209254
-0.127319
0.101428
0.084017
0.150498
0.003261
0.863795
0.693811
0.069788
0.023372
0.083731
0.499147
0.021782
0.130460
0.943641
0.486924
0.518805
0.040597
0.577271
0.769870
0.329261
0.287248
0.017474
0.043767
0.752204
0.650368
0.174123
0.434526
0.011188
0.190376
0.406151
0.144321
0.064178
0.189008
0.484954
0.177613
0.639832
0.347688
0.167940
0.056355
0.032003
0.058667
0.261423
0.243220
0.793329
0.005297
0.145733
0.150006
0.105074
0.027247
0.261649
0.112947
0.059610
0.040962
0.137078
0.091459
0.532118
0.186406
0.220904
0.050185
0.006825
0.078055
0.007573
0.088946
0.049415
0.203250
0.063332
0.146110
0.330368
0.164608
0.022971
0.236612
0.294393
0.021508
0.074043
0.074176
0.459705
0.078112
0.185431
0.167395
0.227944
0.000486
0.017862
0.079774
0.206001
0.232094
0.175380
0.295400
0.012192
0.585734
0.308846
0.112477
1.137716
0.408225
0.063935
0.181685
0.248229
0.093835
0.074235
0.163973
0.142242
0.037557
0.167899
0.070407
0.088517
0.259294
0.062265
0.133953
1.081116
0.837154
0.089282
0.159361
0.199273
0.285281
0.783519
0.121674
0.111530
0.046337
0.150015
0.605287
0.307611
0.151798
0.146452
0.253106
0.365048
0.210727
0.844309
0.959577
0.354649
0.641320
0.209995
0.208956
0.155401
0.115136
0.132384
0.009672
0.086530
0.537270
0.165679
0.134873
0.168570
0.229234
0.195261
0.288220
0.090853
0.090441
0.789876
0.050766
0.325069
0.145767
0.218133
0.361724
0.098827
0.554628
0.551669
0.071660
0.199201
0.147750
0.235454
0.078331
0.386489
0.111209
0.117639
0.059471
0.419766
0.103689
0.365725
0.032026
0.266462
0.867954
0.092176
0.099368
0.748209
0.104937
0.100768
0.328513
0.206684
0.097131
0.094716
0.173505
0.434467
0.010146
0.047815
0.185101
0.129726
0.092670
0.125774
0.142024
0.162147
0.072549
0.150308
0.547329
0.047043
0.361241
0.111800
0.216496
0.000139
0.201974
0.449267
0.103955
0.652391
0.192268
0.011792
0.760784
0.392342
0.177684
0.183112
1.150046
0.078342
0.139091
0.370137
0.167779
0.097282
0.490542
0.147649
0.208363
0.340415
0.300664
0.116318
0.263736
0.012005
0.041900
0.070490
0.047176
0.131259
0.630617
0.276954
0.166775
1.589846
0.928754
0.205901
0.151686
1.378595
0.920860
0.096658
0.717837
0.027664
0.125144
0.078675
0.155525
0.190419
0.031877
0.179527
0.067512
0.261879
0.002662
0.006541
0.175997
0.513653
0.150394
0.045807
0.201107
0.386001
0.155798
0.192348
0.263762
0.428801
0.155514
0.891678
0.317248
0.133838
0.340976
0.037058
0.296497
0.084089
0.340504
0.179645
0.032857
0.048459
0.026813
0.167794
0.206998
0.183399
0.001265
0.171855
0.142117
0.070169
0.569843
0.010552
0.141555
0.636364
0.056769
0.217189
0.034462
0.176816
0.184067
0.153652
0.616868
0.168181
1.262420
0.959721
0.178034
1.420502
0.320045
0.020462
0.021100
0.174909
0.229325
0.207042
1.430186
0.023284
0.302301
0.001993
0.079136
0.182423
0.273526
0.126147
0.012116
0.197526
0.099544
0.115503
0.465901
0.046528
0.027747
0.049321
0.128739
0.402361
0.046741
0.119030
0.075608
0.428359
0.063848
0.128268
0.409578
0.444798
0.101992
0.200409
0.009450
1.022399
0.030188
0.128041
0.207010
0.631454
0.057124
0.370669
0.170817
0.006510
0.297238
0.246951
0.147838
0.168401
0.192695
0.068976
0.171450
0.097451
0.095073
0.356778
0.150086
0.116426
0.084917
0.516423
0.220245
0.286050
0.711413
0.407538
0.172938
0.029967
0.948685
0.541457
0.200988
0.409775
0.313904
0.046118
0.105033
0.102204
0.145442
0.192532
0.228817
0.065593
0.109296
0.189208
0.072227
0.093971
0.197531
0.236337
0.440718
0.171505
0.008254
0.028038
0.168715
0.112212
0.426266
0.063978
0.080344
0.257351
0.927528
0.257547
0.215180
0.077621
0.047910
0.120393
0.285252
0.098645
0.139488
0.034123
0.102794
0.127236
0.455816
0.032406
0.065384
0.378187
0.098206
0.094134
0.074252
0.254834
0.566078
0.331950
0.088488
0.130472
0.124357
0.120189
0.098471
1.075430
0.050946
0.136876
0.454466
0.155790
0.091735
0.198696
0.028589
0.017704
0.120153
0.021703
0.078229
0.154005
0.144643
0.019049
0.186990
0.925847
0.190048
0.029767
0.188217
0.127111
0.139745
0.179632
0.187685
0.014610
0.092803
0.583587
0.034576
0.096699
0.030266
0.184363
0.030161
0.292929
0.005272
0.157788
0.043059
0.961648
0.106226
0.026072
0.048293
0.112758
0.069635
0.058428
0.872192
0.620162
0.621315
0.161953
0.375812
0.226122
0.127211
0.234937
0.173096
0.113652
0.179516
0.651444
0.040057
0.003315
0.219761
0.076938
0.203074
0.046866
0.086189
0.075755
0.065568
0.140325
0.186821
0.672228
0.218700
0.121952
0.085479
1.204675
0.100690
0.445271
0.570595
0.052157
0.038463
0.083205
0.128505
0.244965
0.225411
0.910403
0.061843
0.019595
0.173323
0.195558
0.012404
0.181107
0.002021
0.092259
0.086282
0.212067
0.146143
0.015109
0.115913
0.130152
0.079490
0.260331
0.057366
0.495840
0.327237
0.775373
0.328796
0.109259
0.200588
0.054502
0.355088
0.340632
0.373327
0.029620
0.157514
0.042520
0.085521
0.998570
0.165108
0.159662
0.121037
0.003531
0.005780
0.083172
0.147569
0.154411
0.088933
0.186357
0.189508
0.138952
0.036036
0.946702
0.150685
0.206618
0.042687
0.278164
0.225634
0.120204
0.063526
0.001621
0.225549
0.166174
0.097976
0.221895
0.031463
0.020172
0.269671
0.084854
0.191586
0.013079
0.368869
0.085821
0.133521
0.219389
0.204036
0.261855
0.118422
0.106879
0.124785
0.248316
0.436857
0.168548
0.014840
0.882008
0.093876
0.309560
0.115306
0.018995
0.043386
0.141241
0.944413
0.019450
0.732571
0.132206
0.328437
0.145613
0.958486
0.166742
0.389703
0.094979
0.136283
0.258488
0.158046
0.546436
0.046881
0.107293
0.392631
0.093863
0.066066
0.422287
0.058206
0.133583
0.007638
0.190563
0.500440
0.094916
0.132821
0.126147
0.000624
0.190405
0.127225
0.851482
0.065289
0.076784
0.296934
0.161145
0.011034
0.345379
0.106718
0.057888
0.182617
0.259296
0.452125
0.205861
0.164418
0.018179
0.058829
0.006693
0.173313
0.069541
0.085149
0.117642
0.218340
0.044060
0.168730
0.106636
0.039559
0.293421
0.327845
0.082781
0.054539
0.184127
0.130840
0.018231
0.413005
1.088554
0.187656
0.606159
0.057457
0.427667
0.282114
0.196404
0.172060
0.158801
0.085573
0.156007
0.110418
0.240502
0.239436
0.124870
0.358526
0.159674
0.335042
0.030456
0.221239
0.146348
0.111476
0.205043
0.453828
0.363318
0.147727
0.228897
0.167574
0.307855
0.200370
0.221311
0.046650
0.499548
0.577630
0.419668
0.963140
0.079675
1.567254
0.285514
0.218611
1.105867
1.126244
1.297824
0.131616
0.169662
0.117100
0.064959
0.165515
0.031896
1.388931
1.285323
0.906045
0.123557
0.474620
0.651983
2.280840
0.548623
1.125438
0.868282
0.262448
0.465413
2.308273
0.807766
1.381262
2.535932
1.608570
1.857228
0.410904
0.119534
0.629339
1.749209
0.156717
0.025145
2.229885
0.381500
0.008001
0.280312
0.188460
0.013604
2.436226
0.080922
0.015104
1.102258
0.047262
0.610643
1.583267
0.325542
0.371198
0.720967
0.177986
0.707756
0.470795
1.157681
0.544976
1.399206
0.166868
1.201724
3.166553
0.362691
0.159760
0.029028
1.984958
0.560447
0.041113
0.343569
0.593591
1.811925
0.194445
0.342246
1.248392
0.393060
0.110368
1.773008
0.583062
0.007629
0.019437
0.074446
0.620876
0.429150
0.586573
0.747630
2.882789
0.152609
0.082862
0.000441
0.292728
1.101173
0.657672
0.127350
0.109055
0.093928
0.048314
1.535031
3.158847
0.022033
0.028352
1.515663
0.435289
0.311731
0.645030
1.231211
0.119719
0.375553
0.234130
0.772870
1.328433
0.317142
0.111338
0.721725
0.202648
2.010148
0.939077
1.308328
1.248858
0.162570
0.224162
0.201256
1.689750
0.461094
0.314001
1.668193
0.565684
0.358784
1.334793
2.221942
0.843255
0.204073
0.037383
1.624343
0.511460
0.348497
0.134973
0.372476
0.151086
0.124187
0.682811
0.681755
0.160958
0.064729
0.114037
0.877810
2.954425
0.254922
0.162031
1.896812
1.586627
0.657882
2.068048
1.816198
0.857484
0.047904
0.052637
0.050315
0.338433
1.049609
3.112432
0.045513
0.134297
0.091378
0.049398
0.244207
0.118654
0.800780
0.923053
0.991842
0.839811
0.192210
0.222859
0.048245
0.731479
0.042064
0.342323
1.457459
1.376511
1.337290
0.617660
0.411347
0.165474
1.985629
2.825653
1.041314
0.014648
0.499514
0.326530
0.498071
0.750401
0.477358
0.547877
0.044759
0.793037
1.250069
0.387975
0.443944
0.246230
0.060119
0.759880
0.713088
1.330004
2.475263
0.885640
0.097238
0.677517
0.113694
2.503079
2.311835
0.695264
0.974353
0.056210
0.177987
0.185963
0.811005
1.036388
1.436105
0.027823
2.089559
1.944864
0.442827
0.231693
0.176584
0.119781
0.339165
1.000716
1.121319
0.137174
0.019131
0.762049
0.345923
1.091301
0.411232
0.223864
0.049969
0.187352
0.290253
0.488004
0.388343
0.823073
1.911996
0.143534
1.369985
1.994481
0.260604
0.579842
0.161107
0.053759
0.619243
1.364572
0.359303
1.172825
1.990372
0.357634
0.194998
0.393763
0.313905
0.475968
0.048057
0.185229
0.715757
0.693715
0.641725
0.133531
2.858824
0.164010
0.019878
2.593041
0.094324
0.165370
1.906359
0.312037
1.541170
1.358047
0.361979
1.068772
2.553164
0.365418
1.184139
0.776684
0.130396
2.222326
0.054384
0.891649
1.555540
0.251974
0.581252
0.181269
1.682386
0.213310
1.427868
3.470459
0.121220
0.337550
1.056901
1.456404
2.466531
0.032280
0.276953
2.703476
1.626651
0.313353
0.581646
0.182639
0.116520
0.048988
0.331960
1.705921
1.762407
0.157831
0.317746
0.126522
1.339502
0.201152
0.100610
1.967890
0.088173
0.365310
0.178841
0.882456
1.970166
0.436712
0.530243
2.284070
0.906326
0.120284
1.749346
0.067420
0.261055
0.584602
0.012773
0.976886
0.981849
0.108591
0.157344
2.160641
2.217536
0.088416
0.022703
1.863837
0.939822
0.158500
0.626593
0.627791
1.848588
0.315808
0.490266
1.463831
1.309093
0.916714
2.378152
0.905266
0.336249
0.465956
0.004221
0.731835
1.342196
0.769480
0.417515
0.116075
0.863519
0.071650
0.902806
0.668219
0.139003
0.047761
0.029905
1.408724
1.771794
0.509673
0.076110
0.051514
0.159136
0.136838
1.472148
1.532222
2.295371
0.711630
0.093849
0.194547
1.151880
0.267024
0.237633
0.191353
0.074400
0.157274
0.224260
0.842644
0.017453
0.939152
1.413889
1.136968
1.277793
0.068470
0.059236
0.151822
0.273872
0.411063
1.664354
2.689225
1.634945
0.033085
0.537098
1.317809
0.345311
1.512174
2.831592
2.421708
0.097808
0.276266
0.464954
1.671992
0.235061
0.172761
0.615797
0.342432
2.304485
1.485891
0.884699
0.743467
1.494884
0.159539
0.163983
0.018795
1.179011
0.959714
0.961883
0.517466
0.052175
0.260136
1.406253
2.488898
0.534871
0.039919
0.878500
0.005739
0.393271
1.081743
0.999271
0.355442
1.606877
1.108682
0.893233
1.001649
1.194101
0.115115
0.097812
0.474531
0.234564
0.024851
0.831433
0.026317
0.417610
0.482355
2.041278
3.791698
1.805474
0.009026
0.007170
0.208987
0.074683
2.905985
1.941423
0.187897
0.438591
0.868461
0.237817
0.101875
0.572174
1.457250
2.601503
0.005148
0.471168
0.059872
0.693182
0.207610
0.775158
2.136011
1.591588
1.881003
2.161928
2.081651
1.549017
0.317532
0.051845
1.838501
2.305594
0.234464
0.376375
1.341279
0.247847
0.336530
0.141811
1.801932
2.458165
0.573610
0.353876
0.077072
0.101771
0.426177
0.578819
0.248561
0.357006
0.170890
2.602476
3.698074
2.271696
0.307961
0.098275
0.991364
1.525668
0.249494
0.225253
3.714446
0.780554
0.328519
0.074969
1.161632
1.075422
0.841240
0.368878
0.338106
0.625363
0.816217
0.418619
0.779718
0.292722
0.412837
1.102157
2.147479
0.193928
0.778273
0.179161
0.753251
1.226053
0.425075
0.194292
2.117992
1.300945
0.367478
1.096790
2.071775
1.638839
0.152158
1.048435
1.661547
1.588323
1.908188
1.324305
1.540333
0.588254
0.382589
0.432441
2.469841
0.031867
0.510800
0.199371
0.911569
0.672421
0.683485
0.201622
2.184824
0.672010
0.354880
0.361136
1.270590
0.679448
0.160716
1.288205
0.206269
0.853719
2.888666
1.347373
0.857994
0.087424
0.663197
1.095582
2.545508
1.494568
0.102701
0.739864
0.764185
0.661109
0.388075
0.219869
1.714130
1.438389
0.163345
0.547317
1.394765
0.110212
0.471214
0.807171
0.897650
0.142285
0.118547
1.099838
0.833496
0.201483
0.607772
0.677843
1.562055
0.683634
0.386583
1.699445
1.762451
2.735937
0.365169
0.635266
0.532120
1.810087
0.361504
1.382336
1.836047
0.318320
0.658984
0.339557
0.330636
0.402676
0.143407
0.218936
0.328437
0.356598
2.852477
2.072334
0.510011
0.048332
0.239805
0.346501
0.001830
3.315998
1.517503
0.562954
0.482748
1.212173
0.658016
0.106534
2.752230
0.510726
0.759319
0.389089
0.182925
1.083437
0.013437
0.404558
0.013733
0.307192
1.104066
0.846107
0.099806
0.549982
0.008180
0.356903
0.448799
1.793074
1.455082
0.155165
1.532804
1.697754
0.524738
0.034581
3.440285
1.922528
0.125842
0.573332
0.302119
1.390707
0.769797
0.005301
0.002741
0.004134
0.001073
0.003237
0.214124
0.002657
0.015138
0.000658
0.007952
0.006600
0.009387
0.190764
0.002755
0.093724
0.008900
0.256623
0.866157
0.001558
0.004848
0.001880
0.285020
0.006928
0.018224
0.585848
0.925183
1.779177
1.926921
0.291077
1.204686
1.181971
1.841852
0.003886
0.266105
2.293223
0.682699
0.571452
1.832593
0.805427
1.205555
1.248816
1.051410
0.000698
0.598239
1.722659
1.218199
0.350014
0.276973
0.004941
1.394906
0.727331
0.035579
0.003036
0.664467
0.936628
0.075249
0.427998
1.567031
1.148292
0.004463
0.742122
0.664770
0.713840
0.554548
0.000130
0.000086
0.236527
0.116283
2.063664
0.015807
0.471083
2.141068
1.970706
0.326900
0.000846
0.087312
1.829268
1.279669
0.826962
0.540472
1.735716
0.312354
0.002157
1.955524
1.211552
0.084059
0.909870
0.481009
1.481144
0.006581
0.920269
1.777910
0.550167
0.001647
1.378550
0.427078
1.384446
0.004793
0.263168
2.241217
0.443851
0.779008
1.216804
0.850439
1.381260
0.000382
0.589957
1.469561
0.205734
1.267472
0.874230
1.405224
0.392520
1.511811
0.001185
0.000524
0.274246
1.806166
0.755772
0.396088
0.719672
1.727144
0.496572
1.448387
0.838269
1.039083
0.002385
1.453394
1.333587
0.000765
0.002127
0.697543
0.002600
0.752329
0.079356
1.602390
0.003721
0.396302
1.041876
0.752978
0.500408
0.003746
0.738143
0.859208
0.652224
0.538297
0.001661
1.185137
0.939773
0.010282
0.515649
0.278165
0.850485
0.334458
0.000282
0.351394
1.759154
0.366465
1.585492
0.526133
1.784701
0.303679
1.696096
1.676444
0.154832
0.648706
1.751558
0.006583
0.545897
0.014942
2.870437
0.004416
1.865615
0.003691
2.265610
0.000147
1.108557
0.187143
0.047146
1.325854
1.729461
0.003601
1.417670
0.686639
1.315879
1.389585
0.256334
0.920501
1.147514
1.817703
0.468872
0.006874
0.168252
1.113251
0.989840
0.359658
0.359157
1.665405
0.886189
0.485174
0.645928
0.000062
0.813339
0.604414
0.832381
1.048880
0.527080
1.259487
1.307121
0.539877
0.000778
1.555267
0.238950
1.637259
0.000489
1.944462
0.907815
1.798748
0.003375
1.981014
0.644955
0.960624
0.704365
0.205295
0.964175
0.000948
1.109310
1.808177
0.338963
0.004327
1.401439
0.680931
0.796316
0.525613
1.909124
1.026239
1.595677
0.692828
0.866469
0.103091
0.564348
0.806986
0.540674
0.680335
0.945015
0.213131
0.385156
1.031091
0.867354
1.331614
0.895590
1.053827
0.624918
1.514521
1.145648
0.003093
1.252433
1.154926
0.637977
0.985281
1.235163
0.567873
0.032571
0.465977
1.609175
0.293845
1.325632
0.007820
0.422265
1.503396
0.985072
1.842032
0.201574
1.106945
1.122478
0.003253
1.612730
0.196493
1.096042
0.999876
0.980401
1.352356
0.121109
1.135563
0.041405
1.555853
0.241242
1.249645
0.673905
0.001435
0.228127
0.861067
1.072334
0.400559
1.562307
0.701209
0.957200
0.457739
1.936932
0.000320
1.051166
0.246457
1.707055
0.662303
0.048166
0.525990
0.718291
0.359879
0.001390
0.001435
1.455063
0.008229
0.004943
0.746186
0.006701
1.882652
1.446874
0.003728
1.072011
0.767951
0.013892
0.001114
1.398227
1.262736
0.594371
1.802348
0.483976
0.969141
0.798154
1.285877
0.003993
0.683259
0.101385
0.156656
1.661425
0.321981
0.281082
1.531834
1.616271
0.134359
0.952201
1.736222
1.066134
0.933762
0.661583
0.333060
1.639753
0.717337
0.010864
1.840454
0.000469
0.982321
1.052644
0.721627
0.197620
0.666653
0.614881
1.804603
0.004126
0.996808
0.315326
0.868429
0.568892
0.020623
1.256445
1.452862
1.518509
0.004855
0.308434
0.382379
0.819659
0.965978
0.186747
0.207654
1.161683
0.003792
0.617395
0.023249
1.598354
0.301432
0.554600
1.253322
0.344836
0.180641
0.233442
1.045979
1.878513
0.485089
1.059744
0.932377
1.481053
0.000516
0.827558
1.977551
0.069912
1.155276
1.259075
0.010842
0.032699
0.120678
1.169161
1.787902
0.343660
0.444778
1.010696
0.821001
1.333566
1.289044
0.950165
0.356755
0.602387
1.144092
0.629726
0.408358
0.574568
1.317258
0.719378
1.169446
0.911457
0.457264
0.723897
0.586461
0.307641
1.063046
0.217041
1.084677
0.481428
0.371404
1.236119
0.227736
0.715159
0.351492
0.669969
0.552516
0.472362
1.082043
1.487116
0.001740
0.292110
1.254116
1.792559
0.000220
0.903048
1.143437
1.204770
1.095836
1.519769
0.261795
1.208904
1.057402
0.350260
1.630226
0.006961
0.496152
1.707237
0.005173
0.552389
0.946341
1.659726
0.000717
0.904401
0.794320
0.771746
0.820630
0.732293
0.105704
2.009785
0.433716
0.522645
0.893994
0.277005
2.089149
0.651709
0.550290
0.902711
0.302927
0.634422
0.833679
1.416705
0.003809
0.280428
1.229040
0.214724
1.003861
0.739048
1.610166
0.004150
1.631584
0.267853
1.154808
0.002465
1.700128
0.355891
0.777437
1.556262
1.361429
0.651903
0.650751
0.004366
1.590939
0.430937
1.562925
0.431342
0.246860
0.380961
1.058829
0.472150
0.439456
2.035388
0.002847
0.808528
1.300891
1.165082
0.005128
0.009070
1.749336
0.000591
0.963472
0.567308
1.100879
1.396011
0.889034
0.873564
0.750853
0.007202
0.534097
0.475310
1.033896
0.364236
1.366468
0.801761
0.007169
1.653852
0.495797
1.664299
0.425711
1.632727
0.015003
2.004829
0.725772
0.217866
0.304053
0.221297
0.709123
0.821459
1.307428
0.000723
1.568809
1.015673
0.750353
1.094525
0.840493
0.047294
0.728693
1.283735
0.624757
0.920677
1.633122
0.583964
0.095593
0.952561
0.969764
1.485440
0.515343
1.168077
1.086917
0.912680
0.301720
0.612299
0.138798
1.676296
0.347177
1.111439
1.825394
0.389233
0.120999
0.148515
0.870255
0.172626
1.805030
0.927095
0.010086
1.435785
0.745925
0.639971
1.807899
1.037237
0.349653
0.004224
1.117256
1.559049
1.193052
0.813898
1.131351
1.690638
0.020261
1.771811
1.015246
0.009153
1.326765
1.070371
0.533334
0.009904
1.105373
0.603141
0.006440
1.646760
1.062427
0.120506
0.394422
0.836433
1.298003
0.003042
0.487822
1.264807
1.474929
1.008653
0.925028
0.798981
1.049532
0.985673
0.003067
1.696356
0.195341
0.113238
1.485367
0.892412
0.333505
0.226171
2.210519
0.993087
0.046591
1.108746
0.004469
0.993489
1.106193
1.371774
0.447904
1.190582
0.863227
0.255929
0.392084
0.000954
1.448422
0.668711
0.000855
1.147554
1.485182
1.102854
0.504805
1.506705
1.563298
1.604888
1.185002
1.369560
1.179846
0.882202
0.727743
1.731648
0.477686
1.685524
0.907659
0.780356
0.801395
0.824674
1.156052
0.574019
1.357118
1.537917
1.377355
1.115135
0.858097
-0.098162
-0.087814
-0.095158
-0.094564
-0.214446
-0.091175
-0.051599
-0.071107
-0.104116
-0.085198
-0.085102
-0.101346
-0.095045
-0.112974
-0.076016
-0.107624
-0.067074
-0.077072
-0.084482
-0.084979
-0.087697
-0.086964
-0.078824
-0.104722
-0.109781
-0.201102
-0.080339
-0.114756
-0.218459
-0.080095
-0.348630
-0.078912
-0.075502
-0.122808
-0.073841
-0.101837
-0.068434
-0.103403
-0.074888
-0.152737
-0.109269
-0.144186
-0.114666
-0.066562
-0.096464
-0.112303
-0.111285
-0.133556
-0.134408
-0.238386
-0.079996
-0.314841
-0.131825
0.593117
-0.026054
-0.183491
-0.138937
-0.177332
-0.126931
-0.141623
-0.135023
-0.113128
-0.080115
-0.131039
-0.097448
-0.148658
-0.174673
-0.133433
-0.141055
-0.131920
-0.137862
-0.159692
-0.125052
-0.133280
0.394342
-0.092087
-0.090373
-0.133188
-0.161579
-0.130479
-0.126030
-0.148846
-0.123915
-0.121852
-0.125908
-0.125309
-0.156849
-0.163078
-0.125194
-0.110655
-0.111686
-0.090714
-0.121030
-0.144555
-0.153174
-0.144204
-0.102299
-0.120034
-0.103514
-0.145069
-0.100761
-0.122750
-0.218677
-0.107930
-0.107156
-0.115029
-0.069596
-0.145882
-0.136883
-0.121246
-0.151536
-0.187616
-0.122441
-0.123615
-0.116348
-0.134479
-0.180176
-0.154229
-0.171455
-0.178414
-0.114267
-0.206988
-0.179381
-0.155824
-0.151070
-0.138063
-0.243252
-0.091476
-0.253653
-0.207893
-0.166673
-0.165924
-0.146369
-0.139487
-0.118552
-0.145519
-0.134467
-0.156211
-0.178253
-0.116710
-0.136526
-0.151123
-0.140059
-0.147309
-0.098278
-0.161658
-0.125362
-0.086561
-0.142016
-0.119494
-0.140777
0.247201
-0.041626
-0.134012
-0.164573
-0.136910
-0.163108
-0.147701
-0.171542
-0.132326
-0.136091
-0.135633
-0.161671
-0.166369
-0.106367
-0.119930
-0.160843
-0.153148
-0.113555
-0.155252
-0.137879
-0.163613
-0.104325
-0.070847
-0.151313
-0.128144
-0.120468
-0.144087
-0.120718
-0.059830
-0.161497
-0.116386
-0.118633
-0.147573
-0.154972
-0.138023
-0.139582
-0.090650
-0.112190
-0.175899
-0.170679
-0.151061
-0.117910
-0.134912
-0.109679
-0.183733
-0.149958
-0.130115
-0.131341
-0.105943
-0.129459
-0.180386
-0.132938
-0.141682
-0.177527
-0.317369
-0.207150
-0.095064
-0.133147
-0.148098
-0.160221
-0.129063
-0.115559
-0.123178
-0.111807
-0.195367
-0.112553
-0.173155
-0.124505
-0.126160
-0.102463
-0.140049
-0.166241
-0.120081
-0.139894
-0.218201
-0.193397
-0.166157
-0.177268
-0.245138
-0.107240
-0.342801
-0.290271
-0.199119
-0.139861
-0.123238
-0.172046
-0.177880
-0.160685
-0.160669
-0.119408
-0.177512
-0.191023
-0.145418
-0.153577
-0.147471
-0.171013
-0.141074
-0.137984
-0.147780
-0.111056
-0.150687
-0.162789
-0.114510
0.734293
0.536111
-0.090442
-0.169168
-0.101794
-0.263034
-0.144475
-0.092960
-0.134466
-0.176547
-0.120238
-0.141675
-0.135364
-0.124997
-0.143844
-0.114970
-0.152429
-0.140593
-0.148090
-0.158961
-0.010142
0.016748
-0.076682
-0.061479
-0.106123
-0.071435
-0.075926
-0.091489
0.161459
-0.110403
-0.111748
-0.118041
-0.175710
-0.158264
-0.042666
-0.273412
-0.110024
-0.107511
-0.111032
-0.096127
-0.200976
-0.092982
-0.096520
-0.116974
-0.137398
-0.164205
-0.148239
-0.145050
-0.190717
-0.162967
-0.159601
-0.132559
-0.108880
-0.110001
-0.145652
-0.102012
-0.155044
-0.112015
0.374993
-0.062668
-0.134565
-0.135553
-0.151486
-0.060854
-0.123258
-0.155587
-0.138478
-0.136287
-0.092326
-0.157911
-0.149619
-0.159310
-0.176754
-0.144664
-0.158867
-0.151392
-0.163071
-0.109716
-0.133362
-0.264517
-0.172923
-0.149140
-0.147240
-0.158441
-0.153323
-0.097267
-0.134246
-0.153424
-0.113923
-0.142335
-0.071634
-0.177874
-0.114133
-0.128318
-0.129444
-0.183655
-0.143864
-0.105532
-0.155239
-0.127206
-0.115075
-0.119779
-0.114304
-0.204816
-0.063072
-0.338128
-0.097246
-0.230988
-0.141240
-0.148781
-0.124417
-0.145100
-0.108395
-0.153602
-0.122367
-0.203818
-0.126824
-0.129869
-0.098975
-0.084998
-0.103345
-0.081900
-0.138786
-0.155849
-0.189561
-0.122862
-0.115732
-0.161719
0.331007
-0.066445
0.128425
-0.255383
-0.172947
-0.196449
-0.097200
-0.265340
-0.127099
-0.145537
-0.138207
-0.176419
-0.142539
-0.118484
-0.169987
-0.165395
-0.112393
-0.111389
-0.128452
-0.112639
-0.173107
-0.151709
-0.125879
-0.082873
-0.104187
-0.133374
-0.116383
-0.271370
-0.042818
-0.266268
0.171381
-0.101103
-0.125433
-0.125276
-0.177486
-0.106635
-0.136594
-0.146991
-0.126649
-0.184497
-0.134885
-0.178943
-0.166435
-0.153800
-0.136454
-0.151329
-0.215366
-0.191460
-0.144929
-0.140067
-0.101043
-0.172195
0.426941
-0.017465
-0.108375
-0.131617
-0.161189
-0.114327
-0.136039
-0.115223
-0.153426
-0.136910
-0.124541
-0.154864
-0.009054
-0.114057
-0.112872
-0.136700
-0.110221
-0.144297
-0.154010
-0.134835
-0.167269
-0.132528
-0.109924
-0.149608
-0.151843
-0.173172
-0.133353
-0.093154
-0.122990
-0.139078
-0.150919
-0.119055
-0.152922
-0.148902
-0.108302
-0.146055
-0.096413
-0.177359
-0.187048
-0.159580
-0.114995
-0.120094
-0.167149
-0.140171
-0.232659
-0.170946
-0.122983
-0.133677
-0.115224
-0.141478
-0.190701
-0.151718
-0.152089
-0.103061
-0.133860
-0.145457
-0.116517
-0.114402
-0.136108
-0.127502
-0.126178
-0.143370
-0.117703
-0.126368
-0.138174
-0.095380
-0.133520
-0.158138
-0.387716
-0.061718
-0.142083
-0.137170
-0.139745
-0.101428
-0.108246
-0.071184
-0.129752
-0.104869
-0.109312
-0.139340
-0.099862
-0.132330
-0.127044
-0.133025
-0.119074
-0.136469
-0.141341
-0.142072
-0.145094
-0.098501
-0.174739
-0.105341
-0.268757
0.486789
-0.137398
-0.127514
-0.167137
-0.151829
-0.152627
-0.129610
-0.167539
-0.113120
-0.103942
-0.157623
-0.115797
-0.142080
-0.114157
-0.114842
-0.144989
-0.142158
-0.138608
-0.147747
-0.085349
-0.094998
-0.184756
-0.095077
-0.130873
0.948111
-0.131741
-0.110824
-0.162491
-0.153533
-0.132824
-0.133284
-0.187133
-0.141134
-0.172705
-0.166926
-0.123295
-0.127901
-0.144534
-0.150899
-0.161612
-0.148359
-0.117073
-0.116286
-0.097491
-0.131781
-0.182521
-0.116353
-0.163501
-0.149276
-0.087658
-0.084164
-0.147709
-0.149888
-0.092127
-0.103484
-0.081195
-0.089554
-0.127035
-0.158690
-0.153100
-0.185056
-0.162350
-0.109937
-0.126851
-0.106891
-0.168312
-0.166169
-0.159244
-0.182166
-0.123776
-0.104206
-0.159540
-0.136056
-0.097585
-0.120423
-0.122265
-0.156847
-0.113038
-0.190120
-0.132300
-0.163701
-0.119837
-0.143741
-0.101439
-0.129248
-0.126390
-0.133308
-0.227244
-0.163874
-0.143749
-0.124800
-0.172857
-0.152691
-0.119115
-0.044332
-0.176618
-0.161763
-0.124150
-0.194538
-0.159348
-0.136635
-0.069666
-0.170386
-0.126804
-0.236688
-0.062246
-0.151612
-0.108038
-0.151446
-0.114924
-0.028400
-0.087781
-0.153237
-0.174053
-0.294758
-0.212906
-0.384097
-0.166139
-0.150978
-0.222346
-0.128069
-0.160238
-0.215399
-0.166729
-0.182391
-0.145446
-0.182597
-0.149966
-0.230877
-0.112464
-0.364190
-0.142871
-0.131164
-0.144944
-0.170086
-0.118235
-0.144267
-0.117439
-0.257376
-0.083633
-0.549743
-0.127369
-0.515296
-0.193004
-0.167152
0.322873
0.109602
0.626321
0.908410
0.104920
0.387388
0.697114
0.363333
0.152134
0.303483
0.173824
0.485925
0.122779
0.034605
0.292877
0.054895
0.099612
0.263045
0.119947
0.189261
0.476403
0.515256
0.243590
-0.104468
0.736128
0.565127
0.794815
0.585956
0.267316
0.123085
0.642720
0.325345
0.211412
0.454839
0.397599
0.476241
0.379158
0.356960
0.347800
0.363703
0.149097
0.133144
0.226906
0.517874
0.535668
0.938605
0.600736
-0.248569
0.946705
0.639709
0.413333
0.063154
0.062252
0.589267
0.581336
0.703754
0.230294
0.488159
0.418278
0.158947
0.495613
0.406049
0.491511
-0.001182
-0.008810
0.383180
0.704786
0.638260
0.345983
0.299251
0.386249
-0.096186
0.651967
0.674021
0.324661
0.112060
0.666689
0.667625
0.585188
-0.000949
0.225089
0.226168
0.081099
0.407897
0.466115
0.434428
0.389906
0.254722
0.147609
0.611835
0.666684
0.446429
0.018841
0.026795
0.647400
-0.191554
0.785905
0.411405
0.468657
0.393728
0.194723
0.326233
0.037602
-0.095289
0.303065
0.401917
-0.015423
0.169923
0.593194
0.514611
0.877725
0.392925
0.235385
0.753312
0.446551
0.286882
0.296353
0.400851
0.386503
-0.156238
0.576625
0.283721
0.396753
0.612093
0.196627
0.239773
-0.027853
0.260212
0.423661
0.083055
0.240742
0.665903
0.899967
0.566022
0.415169
0.354221
0.645831
0.486708
0.166019
0.485290
0.540815
0.225661
0.297807
-0.233140
0.458106
0.469713
0.314387
0.392798
0.275424
0.278364
0.037386
0.492321
0.287488
-0.021791
0.119666
0.354566
0.560483
0.488554
0.135032
0.278304
0.303216
0.303182
0.378578
0.094905
0.817868
0.576622
0.050592
-0.216058
0.787477
0.171435
0.299912
0.432567
0.331241
0.147895
0.394603
0.156986
0.211294
-0.039435
-0.002330
0.638701
0.446399
0.363949
0.598060
0.557009
0.302436
0.112927
0.171374
0.488238
0.871060
0.708626
0.415440
-0.060321
0.528819
0.572016
0.108989
0.621919
0.598900
0.456138
0.109584
0.477064
0.378466
0.234578
0.129009
0.059237
0.348236
0.111739
0.329125
0.723368
0.375309
0.205993
0.582655
1.036867
0.671976
0.523726
1.099330
-0.084489
0.677991
0.426707
0.513382
0.413830
0.702638
0.129740
0.067417
0.360525
1.111869
0.398652
0.437157
0.610241
0.301731
0.490917
0.562797
0.649240
0.724846
-0.032286
0.987433
1.209219
0.219793
0.691799
0.323621
-0.274871
0.779150
0.476987
0.227777
0.552466
0.433243
-0.007967
-0.013106
0.611434
0.641016
0.627742
0.803377
0.620985
0.025693
0.310467
0.566241
0.633723
0.151209
0.364939
0.521616
0.398757
0.489425
0.258545
-0.071093
-0.283810
0.598877
0.354699
-0.009688
0.166978
0.902399
0.514920
0.323953
0.522891
0.356643
0.312590
0.257222
0.299934
0.153329
0.120803
0.328715
0.344937
0.534523
0.378392
0.155179
0.448105
0.100528
0.056093
0.251392
-0.155497
0.349228
0.258252
0.028809
0.327772
0.257546
0.413468
0.180541
0.390473
0.638307
0.128857
0.425254
0.338857
0.181389
0.296831
0.512368
0.109568
0.392238
0.464833
0.632104
0.338042
0.455642
0.887927
0.548287
-0.164700
0.470027
0.246418
0.558981
0.023834
0.189625
0.305694
0.510192
0.229512
0.413558
0.830423
0.533886
0.397148
0.198405
0.546176
0.452296
0.660911
0.440781
0.791799
0.807285
0.477917
0.617361
0.656848
0.537552
-0.283501
0.378653
0.517681
0.348969
0.511980
0.217445
0.636699
0.749900
0.577985
0.401037
0.710028
0.868953
0.585398
0.391381
0.400760
0.526041
0.207286
0.730407
0.585597
0.707444
0.425321
0.262346
0.651170
0.529596
-0.332629
0.399330
0.273221
0.553674
0.709470
0.787371
0.670459
0.440233
0.508155
0.142614
0.099431
0.906312
0.468413
0.186693
-0.003493
0.093405
0.410574
0.336251
0.589560
0.342776
0.710913
0.744550
0.321508
0.381882
-0.003280
0.407053
0.837593
0.588223
0.308084
0.882333
0.177956
-0.022007
0.129018
0.183881
0.131015
0.558872
0.447770
0.424429
0.333065
0.406400
0.315040
0.532837
0.529993
0.461464
0.407664
0.128698
0.507282
0.486901
-0.159293
0.688033
0.289905
0.455869
0.263843
0.209930
0.254550
0.267153
0.403799
0.571896
0.526295
0.581696
0.291682
0.307239
0.499583
0.231523
0.174505
0.289625
0.524515
0.516111
0.236303
-0.064710
0.237339
0.469159
-0.211576
0.383216
0.198670
0.529807
0.424478
0.562888
0.699842
0.408484
0.243277
0.296244
0.452548
0.198192
0.186482
0.012537
0.219725
0.536211
0.511420
0.632184
0.822680
0.343448
-0.017855
0.123993
0.642166
0.308242
-0.171921
-0.027965
0.318425
0.473900
0.223358
0.987059
0.654871
0.460995
0.212121
0.234502
0.486863
0.623737
0.022813
-0.016991
0.183028
0.573864
0.762267
0.509380
0.374316
0.170882
0.283470
0.573247
0.450505
0.447321
-0.246025
-0.028462
0.077976
0.217834
0.265520
0.622283
0.457206
0.049546
0.602813
0.269038
0.725923
0.424581
-0.090184
0.181210
0.542592
0.683857
0.455186
0.400769
0.325505
0.483867
0.701614
0.548085
0.040390
0.280262
-0.055565
0.267772
0.448137
0.150319
0.208903
0.332973
0.509149
-0.061909
0.062649
0.867883
0.574880
0.153796
-0.010733
0.444640
0.831420
0.385917
0.300876
0.269719
0.515554
0.534020
0.851184
0.186906
0.100575
0.432587
-0.086099
0.574452
0.600013
0.236634
0.244078
0.617475
0.332923
0.116014
0.286964
0.694138
0.174332
0.292774
0.205782
-0.014977
0.251209
0.359244
0.220065
0.320343
0.359583
0.586890
0.789937
0.146803
0.318497
0.719466
-0.179178
0.709253
0.540064
0.341734
0.191187
0.448595
0.326823
0.125660
0.380266
0.665422
0.140951
0.118109
0.507752
0.010525
-0.004156
0.568851
0.590022
0.588450
0.169863
0.360193
0.439175
0.329817
0.381214
0.448434
-0.298872
0.705950
0.525021
0.507475
0.338715
0.311415
0.495188
0.318914
0.393451
0.443915
0.675857
-0.002482
0.382704
0.745349
0.445897
0.462992
0.837111
0.458936
-0.015857
0.106752
0.314471
0.542121
0.157471
-0.032175
-0.054066
0.548052
0.105414
0.383761
0.631065
0.196833
0.515245
0.674394
0.133466
0.454305
0.338302
0.519467
0.590711
0.819571
0.701904
0.245082
0.595800
0.421677
0.423220
0.326399
0.386696
0.868532
0.500120
0.027328
-0.174023
0.358095
0.336197
0.036646
0.291079
0.265561
0.441349
0.502685
0.233495
0.668074
0.457164
0.402712
0.596510
0.268294
0.098707
0.094179
0.190045
0.600247
0.173026
0.278741
0.461087
0.436107
0.172482
-0.012014
-0.207849
-0.025652
-0.142941
-0.235552
-0.278032
-0.113121
-0.131389
-0.157771
-0.095716
-0.154684
-0.186115
-0.088547
-0.127789
-0.314992
-0.322765
-0.144405
-0.142659
-0.238174
-0.238548
-0.171540
-0.154384
-0.191357
-0.122689
-0.250778
-0.404098
1.321456
0.111321
1.561707
0.162982
1.041059
0.326533
-0.109625
1.638936
0.112008
0.633597
0.887831
0.938983
0.889633
0.505271
0.974098
-0.225344
2.415544
0.372721
0.499475
0.877659
0.737476
0.028914
0.838348
0.695174
0.006650
0.974324
0.268953
0.799623
0.731716
0.958086
1.447782
-0.647982
1.759533
0.604694
0.261164
-0.120673
1.293893
0.486751
0.881264
0.639596
-0.036149
0.374695
1.095609
0.562341
1.198726
-0.429772
2.618167
0.585260
0.663794
0.932841
0.671092
1.266224
0.804693
1.373380
0.389719
1.950648
-0.115350
1.503490
0.125738
1.137908
0.115819
0.786942
0.616301
-0.002751
1.886701
0.599358
1.011272
1.356581
0.554993
1.472296
-0.194774
0.062414
0.940360
0.777388
0.510737
0.855953
1.058923
0.844472
0.690215
0.875687
0.814382
0.509115
1.407792
0.669210
0.427237
0.881600
0.800262
1.191971
-0.015537
0.307408
1.519292
0.218596
1.051302
0.963503
0.608779
0.681461
-0.025636
1.738117
1.206936
0.294905
1.035659
0.587877
0.870801
1.032662
0.592901
0.389436
1.384069
-0.077891
1.803406
1.171617
0.669381
-0.007094
1.384329
0.577960
-0.198029
1.959571
1.263391
0.829840
1.195003
0.479269
0.906321
0.074834
0.791535
0.940084
1.096137
0.679849
0.785829
0.771761
0.825833
1.074714
0.820348
1.057704
0.308127
0.852667
0.732254
0.643507
1.286335
0.714014
0.729749
0.000897
0.413574
1.133093
0.964779
0.804052
1.110078
0.103524
1.400378
0.382238
0.669571
0.853080
0.760149
1.466496
0.464532
1.057113
0.525804
1.995074
0.548988
0.554328
1.328383
1.106816
0.262936
1.346021
0.593279
0.605950
1.228197
0.549255
0.010983
1.172570
0.148874
1.285434
0.623195
1.371519
-0.310239
2.310928
0.541069
0.402065
0.983126
0.514863
0.998158
0.349026
0.451084
1.394218
0.561428
0.815916
0.758453
0.918561
0.970968
1.532339
0.105825
0.830915
0.402304
1.254551
0.845361
0.692123
0.471065
0.767981
2.174851
-0.234241
0.569239
0.601914
1.090426
0.395408
0.665632
1.220400
1.152084
0.334116
1.026482
0.456926
0.801839
0.734216
1.185803
0.472308
1.293364
0.486989
1.576212
-0.179703
0.923171
0.128913
1.645752
0.530754
0.625485
1.159636
0.588134
1.290943
0.124882
1.274586
0.624784
0.449777
1.055184
1.209823
0.810862
1.120167
0.811072
0.785354
0.967369
0.373422
0.300686
1.465908
0.551836
0.746585
0.534147
1.286031
0.830069
0.676374
0.985072
0.869911
1.496001
0.365383
1.223610
0.980186
0.238543
1.182315
0.707327
0.655565
-0.406267
3.179943
0.496301
0.876074
0.642800
1.275926
1.646440
0.228385
0.712757
0.660441
1.099733
0.458814
0.479216
1.453575
0.853263
0.788044
0.667956
0.882750
0.685364
1.069647
1.155805
0.718746
0.892052
0.604751
1.769584
-0.222548
0.231122
0.705077
1.011869
0.637663
0.727543
1.008911
0.799063
1.078757
0.980901
0.721783
0.518911
0.705087
0.552610
1.102092
0.393470
1.478419
0.367964
0.475063
0.759086
1.215923
0.727666
0.720867
1.138490
0.438841
1.416910
1.040007
0.336287
1.560341
0.755235
0.808350
0.896091
0.408745
0.858605
0.779641
0.836019
0.782053
0.904870
0.455148
1.508938
0.108824
1.506977
1.110816
0.603029
0.465952
0.556100
1.229854
0.235841
0.987637
0.828154
0.735882
0.858348
0.553623
0.719264
1.259157
0.481455
0.813979
0.764078
1.265726
0.410511
0.791176
1.024712
1.011852
0.534265
0.529103
0.894418
1.429022
0.649083
1.002705
1.233997
0.536882
0.818779
0.505675
0.881099
0.524066
0.895526
0.734083
1.023760
0.294650
0.946273
0.893985
1.079585
0.689304
0.650022
1.596687
1.143759
0.720078
0.755702
-0.355898
3.294421
0.713053
1.351461
0.543477
0.775965
0.940451
1.203570
0.577958
1.322402
1.035397
0.301193
1.053698
0.246423
-0.062683
2.162853
0.541023
0.897650
0.475139
0.645265
0.166529
0.833419
0.946982
0.669666
1.615332
-0.503986
0.097823
1.514324
0.739119
0.477563
0.799104
1.213958
0.627576
0.233506
1.065933
0.417704
1.308098
1.073307
0.642091
-0.042677
0.445539
0.893478
0.189881
1.895289
0.807378
0.497297
1.212564
-0.087917
1.890395
0.655344
1.154382
0.328955
0.933375
1.018523
0.480364
0.937559
0.575789
1.550360
-0.033174
1.514943
0.521433
0.897735
1.414786
0.254339
0.494665
0.807498
1.162577
0.306267
0.659041
0.781757
0.528624
1.686930
0.026051
-0.126569
1.530378
0.469935
1.113248
0.727532
0.747296
0.873941
1.214816
0.184882
0.978316
1.030007
-0.024718
0.970073
1.624480
-0.126687
1.943266
1.045670
1.054451
0.722658
1.184042
-0.105278
1.987252
0.198289
0.736361
1.537345
-0.010203
1.037589
0.870506
0.845081
0.792524
1.240335
0.449145
1.056079
0.956347
0.629431
0.504918
1.378988
0.076720
1.247751
-0.013033
0.786709
0.945033
0.823509
0.752966
1.457799
-0.102656
0.980560
1.115123
0.975150
-0.252639
2.128602
0.018521
1.692571
0.441115
0.938107
0.559042
1.409041
0.430396
1.086279
1.013057
-0.044956
0.696190
0.434958
0.960853
0.691617
1.016990
0.393744
1.183605
0.664556
0.026920
1.712664
0.745754
0.942875
1.077157
-0.048991
0.503202
0.329653
1.335858
0.984976
0.681678
0.620955
0.394163
1.362068
1.177406
0.901055
0.844343
-0.087026
1.648999
1.125035
0.368577
0.733825
1.025360
0.795850
1.463176
-0.283906
0.321788
1.063514
1.315270
0.187704
-0.022317
1.197702
1.532386
0.545468
0.885840
1.521710
0.598400
0.459360
0.544921
0.012833
2.302787
0.811669
-0.379961
0.451443
1.005415
0.775920
1.362460
1.125122
0.600132
0.965860
1.411664
0.272247
0.878878
1.443128
0.893563
-0.088481
0.310424
0.491141
1.645776
0.516326
1.272045
0.926669
0.442060
1.411371
0.295960
-0.022087
1.444257
0.998147
-0.133346
2.061188
0.370215
0.974274
0.763729
0.855298
1.049667
0.715938
0.628442
0.828545
0.196390
2.663262
0.712823
0.611225
0.337183
-0.071729
2.124810
0.498376
1.802080
0.190189
1.130672
1.493053
0.266261
0.832825
0.247647
1.366122
0.258114
0.807772
1.403465
0.911133
-0.042084
1.707751
-0.173733
2.377481
1.108123
-0.105517
0.842251
1.421354
0.506452
0.661864
1.122496
-0.065493
1.318725
1.490306
0.276830
1.131048
0.682915
0.904702
0.667257
0.222376
0.969820
0.818242
0.415469
0.990991
0.940460
0.847494
0.401062
0.202661
0.504994
0.349663
1.200764
0.628536
1.082579
1.380010
0.058220
0.531223
1.588531
0.127806
1.353532
0.717697
0.420018
0.626323
0.925846
0.750713
0.788427
0.592198
1.003869
0.886164
0.505952
1.182535
0.648259
0.225647
1.302503
0.898804
0.571887
1.134883
0.687514
0.240184
0.952562
1.238076
0.339426
1.117000
0.383134
0.862155
1.031876
0.138551
0.181039
0.099973
0.153906
0.125158
0.029914
0.084286
0.105663
0.071103
0.034166
0.151557
0.360590
0.394255
0.317082
0.259069
0.112137
0.081649
0.173344
0.185349
0.151584
0.072554
0.059954
0.080056
0.077537
0.298468
1.840657
3.127153
2.271114
3.507916
3.770467
2.798999
2.018822
1.489716
1.960162
1.568247
1.004142
0.171529
0.111762
0.054538
0.168717
0.025953
0.147538
0.052941
0.637425
0.238070
0.230085
2.639453
3.514181
1.408154
1.585210
0.902767
1.827277
3.984208
1.214824
0.004881
0.003584
0.084938
0.206516
0.116750
1.002252
3.110314
2.727008
0.960356
0.860097
2.259247
1.958938
1.130461
1.099312
1.899777
1.308717
0.927356
0.059162
0.108161
0.118240
0.773146
2.278866
1.201220
0.282127
0.308895
0.256212
0.115959
0.843177
0.351873
0.434885
0.847354
1.159011
0.534089
1.142789
2.237998
1.290635
2.222756
2.299135
2.196617
1.576081
0.045675
0.125948
0.098655
0.066701
0.003031
0.093808
0.356316
0.307325
0.106611
0.336442
0.442759
1.838720
2.261080
1.421068
0.031646
0.688572
0.937517
0.553491
0.067878
0.034749
1.347362
0.484576
0.132340
0.085980
0.000229
0.739080
2.930286
3.964280
1.983733
0.187716
0.293777
0.026500
1.273814
0.629556
0.379055
0.705728
0.811336
1.196372
0.794886
1.914104
2.053450
0.562575
0.112599
0.102799
0.006528
0.195246
0.161028
0.020227
0.070787
0.324706
1.646472
2.432761
0.836198
0.213944
0.031964
0.954552
1.940286
2.192703
4.255284
3.250976
2.013880
0.464178
0.998699
0.165185
0.150686
0.138277
0.210538
0.314456
0.085139
0.144017
0.121880
0.150138
0.125853
0.205363
0.203810
0.336393
0.100131
1.780363
3.298807
0.376609
0.183921
0.516896
1.618096
0.217368
0.487282
1.810176
1.626186
1.752293
0.939727
0.253580
0.071781
1.036847
1.620046
0.679451
0.114684
0.234010
0.991762
1.905671
1.661124
2.095342
1.166547
1.705785
1.090859
0.981120
0.050280
0.254351
0.489425
0.440261
0.143155
1.325134
1.467625
0.668867
0.034388
0.860186
1.207627
2.058910
1.442134
0.564173
0.765464
0.914006
0.724390
0.012021
0.390523
2.079350
1.715849
0.570765
0.003036
0.905200
0.443441
0.582852
0.000473
0.519620
0.599179
0.134201
0.308198
0.229690
0.273393
0.041855
0.090010
0.025903
0.050244
1.071492
2.545711
2.563279
0.117551
0.173141
0.206680
0.240674
0.176938
0.323182
0.049787
0.169591
0.362990
1.230477
0.605545
0.790499
0.086504
0.150054
0.163123
0.176344
0.081452
0.292227
0.076417
0.127805
0.238204
0.079577
0.711658
1.472615
0.463738
0.449563
0.106535
0.147115
0.302996
0.192352
0.129193
0.054368
0.015203
0.096398
0.005817
2.126277
0.574153
0.825428
2.626205
2.726203
1.887448
1.068481
1.066985
1.312073
0.034740
0.196122
0.133526
0.050691
0.949120
0.033407
0.010106
0.839894
0.514241
0.375773
0.368077
1.825183
0.845128
0.420411
1.671512
3.069238
4.157248
3.564266
2.107853
2.114606
3.014101
2.148570
1.382267
1.764832
2.019701
0.785251
1.469151
2.214755
2.693148
2.271703
1.419230
1.992469
0.000961
0.061556
0.077694
0.806769
1.693646
1.546776
0.755475
0.060218
0.085197
0.845303
0.130833
0.188384
0.177038
1.006143
0.162147
0.498050
2.146595
2.421744
2.058860
1.096596
2.139529
2.326905
0.051608
0.097748
0.178544
2.248433
1.994112
0.033150
0.002348
0.785617
0.893640
0.061707
0.145472
0.180051
0.115219
0.149267
0.144521
0.126922
0.068087
0.924310
1.500402
0.846250
0.431692
0.059436
0.070151
0.816784
0.378849
0.064527
0.778623
2.178684
0.403303
0.096924
0.076685
0.052589
0.346381
1.579132
1.534513
0.073952
0.062493
1.703447
2.081703
0.885695
0.037700
0.115688
0.230228
0.028647
0.124176
0.311267
0.325070
0.133390
2.123997
2.958104
1.854224
0.045999
0.076308
0.479085
1.163775
0.045530
0.764414
1.280546
1.371891
0.783909
1.288223
1.455667
1.448682
0.898080
0.153179
0.658883
0.880724
1.813742
0.481729
1.545907
1.924097
0.598125
0.569412
1.693197
0.883695
0.293762
0.355102
0.039540
1.903979
2.294661
0.010958
0.070987
0.018638
2.658695
3.729500
1.332923
0.196773
0.200583
0.008032
1.782226
1.619629
0.113041
1.057076
4.856274
3.269770
0.903500
0.040416
0.142259
0.140972
0.071269
0.246578
1.514083
1.130599
0.776597
0.426828
0.092101
0.273967
0.094757
0.095240
1.318034
1.771827
1.555247
0.676162
0.005739
0.076149
0.015023
2.485333
2.125344
0.007243
0.852083
0.000859
0.031277
0.673354
2.481972
3.006982
1.359885
0.075640
0.109581
1.354104
0.071280
0.213787
0.063117
0.015423
0.180406
0.002206
1.334923
1.758421
2.378821
0.801713
0.302954
0.057269
0.056819
0.944433
2.363591
1.182361
0.488979
0.060169
0.138300
0.016795
0.069422
0.039205
0.248161
0.024717
0.002889
0.832977
2.659821
2.789512
0.740774
0.383911
0.157789
1.904301
2.241375
0.881437
0.053036
0.240091
0.427486
0.242844
0.159454
1.685539
0.580493
0.051456
0.070327
0.069473
0.038168
0.039482
0.500085
0.513209
2.025994
3.260870
1.705050
3.337253
3.058232
1.083023
0.063065
0.085301
0.196485
0.343930
0.091105
0.210042
0.252056
0.112713
0.169038
0.622421
0.683651
2.167145
3.023790
1.664196
0.043008
0.228727
0.138926
0.154355
1.208629
0.015947
0.153001
0.162341
0.182727
1.196592
1.536651
0.367348
0.056936
0.342540
0.026324
0.607301
1.354797
1.964028
1.168198
0.061102
0.106710
1.031961
1.998428
2.901364
0.775413
0.061482
0.553116
0.005592
0.537182
0.207930
0.184884
0.246142
0.345522
0.023144
1.738344
0.896609
0.617332
0.734747
1.015311
0.346539
0.116920
0.872852
2.346007
0.852283
0.859118
1.309860
0.814519
1.756851
1.479402
0.875366
0.049437
0.043853
0.368710
0.073012
0.329203
0.959222
2.678247
1.100321
0.091042
0.088990
0.212244
0.151117
1.109143
1.762484
0.078248
0.089079
1.684478
0.013194
0.248694
2.034137
1.170013
0.039953
0.458590
2.302313
1.555170
1.179623
1.162609
0.652725
0.657920
0.413065
1.073224
0.332244
0.966282
2.735031
1.776663
0.683553
1.449815
1.252462
0.770436
0.207096
0.208389
0.028477
0.218044
1.248792
1.246080
0.988520
2.669100
2.878193
2.586432
1.834682
2.253950
2.282820
1.730404
0.546103
0.067861
0.117807
1.000838
2.805509
3.150171
1.430251
1.511928
0.697145
2.200401
1.071901
0.237468
2.430439
3.025302
1.954207
0.917528
1.865356
2.783943
1.963799
2.179241
1.134692
1.184027
1.404157
2.026108
1.720388
1.624347
1.393858
1.094197
0.029639
1.221847
2.154864
2.117486
1.001368
2.297629
2.194569
2.106417
-0.144931
-0.138596
-0.138084
-0.216611
-0.161887
-0.144698
-0.170568
-0.158188
-0.142241
-0.152649
-0.148333
-0.144323
-0.178772
-0.160979
-0.116080
-0.151126
-0.132190
-0.149427
-0.154487
-0.127817
-0.180335
-0.137489
-0.120835
-0.157193
-0.121739
-0.118062
-0.068814
-0.059818
0.000189
-0.071680
-0.086498
-0.085983
-0.085166
-0.099102
-0.076715
-0.068279
-0.109545
-0.064893
-0.108757
-0.153450
-0.098294
-0.120367
-0.103092
-0.081735
-0.111665
-0.062535
-0.139308
-0.159469
-0.078639
-0.071646
-0.027498
-0.068970
-0.071466
-0.115145
-0.063533
-0.084730
-0.055079
-0.059855
-0.095174
-0.079325
-0.094078
-0.064902
-0.056164
-0.034575
-0.030341
-0.086569
-0.078102
-0.073163
-0.107503
-0.090022
-0.091800
-0.085730
-0.095027
-0.128539
-0.095388
-0.096190
-0.057670
-0.042264
-0.012322
-0.070435
-0.095911
-0.119727
-0.093710
-0.027568
-0.035764
-0.091727
-0.107681
-0.095268
-0.079082
-0.046946
-0.073709
-0.090928
-0.149726
-0.064072
-0.070102
-0.127595
-0.067553
-0.100329
-0.035561
-0.066518
-0.048857
-0.057969
-0.027503
-0.101390
-0.047425
-0.050632
-0.044393
-0.055225
-0.034689
-0.102953
-0.082856
-0.051585
-0.071793
-0.094011
-0.146028
-0.064201
-0.094880
-0.043818
-0.103647
-0.157616
-0.090091
-0.130576
-0.064680
-0.088098
-0.006956
-0.020037
-0.059966
-0.057734
-0.053329
-0.064995
-0.117937
-0.108041
-0.177901
-0.137277
-0.086656
-0.154125
-0.178014
-0.068573
-0.078432
0.006676
-0.071156
-0.080893
-0.084369
-0.104753
-0.035724
-0.104995
-0.042815
-0.111809
-0.114079
-0.124843
-0.101795
-0.070555
-0.074877
-0.087455
-0.105566
-0.010026
-0.023682
-0.032692
-0.104704
-0.061540
-0.024155
-0.035678
-0.101347
-0.034196
-0.118955
-0.117018
-0.052133
-0.134607
-0.088785
-0.121306
0.309814
-0.065570
-0.047805
-0.044979
-0.043263
-0.051635
-0.077145
-0.068723
-0.110606
-0.081580
-0.148313
-0.058263
-0.049237
-0.041806
-0.078755
-0.071175
-0.082373
-0.034437
-0.051434
-0.081652
-0.093089
-0.182124
-0.063322
-0.098152
-0.129919
-0.445373
-0.086291
-0.119466
-0.161190
-0.153253
-0.119850
-0.068901
-0.093449
-0.041261
-0.089685
-0.061442
-0.080946
-0.070138
-0.077481
-0.030450
-0.063989
-0.017246
-0.125007
-0.107236
0.013408
-0.086859
-0.097823
-0.117170
0.417263
0.059205
0.230698
-0.107651
-0.065314
0.039521
-0.018930
-0.073553
-0.067246
-0.059000
-0.085791
-0.096963
-0.102926
-0.083039
-0.038245
-0.070692
-0.098488
-0.051690
-0.059017
-0.032287
-0.089691
-0.176798
-0.131647
-0.071089
-0.074941
-0.201665
-0.046732
-0.037669
-0.079411
-0.124219
-0.132544
-0.099737
-0.058144
-0.099664
-0.094856
-0.063669
-0.074267
-0.119659
-0.065285
-0.093020
-0.068459
-0.016416
-0.103059
-0.052660
-0.067963
-0.099617
-0.097028
-0.095827
-0.032014
-0.052302
0.013272
-0.108903
-0.085169
-0.046784
-0.062913
-0.080267
-0.069716
-0.090504
-0.069567
-0.100626
-0.106653
-0.134270
-0.043710
-0.121861
-0.059682
-0.043641
-0.079376
-0.071288
-0.074540
-0.143853
-0.094261
-0.102140
-0.072097
-0.028673
-0.063370
-0.056551
-0.066161
-0.097986
-0.101880
-0.121738
-0.125023
-0.144100
-0.103092
-0.108461
-0.062204
-0.082293
-0.025824
-0.086189
-0.046062
-0.103597
-0.091345
-0.106881
-0.069631
-0.148261
-0.133037
-0.033394
-0.054935
-0.042063
-0.087173
-0.060199
-0.054277
-0.034511
-0.009823
-0.059918
-0.048922
-0.035290
-0.069170
-0.107776
-0.079175
-0.073458
-0.079135
-0.119028
-0.103412
-0.083403
-0.042859
-0.072028
-0.059297
-0.132568
-0.109894
-0.099984
-0.175420
-0.123551
-0.139607
-0.100643
-0.118183
-0.107672
-0.099012
-0.096732
-0.071481
-0.057359
-0.106930
-0.071448
-0.097629
-0.092757
-0.071454
-0.053086
-0.024739
-0.078280
-0.081199
-0.120308
-0.097387
-0.123819
-0.096194
0.008884
-0.047522
-0.006199
-0.018082
-0.043622
-0.080651
-0.090391
-0.061132
-0.064695
-0.102269
-0.113546
-0.100146
-0.078778
-0.092333
-0.053507
-0.079744
-0.151388
-0.133916
-0.143510
-0.055865
-0.072161
-0.074212
-0.092949
-0.095656
-0.117857
-0.123993
-0.097055
-0.111159
-0.178895
-0.102464
-0.084345
-0.047189
-0.061868
-0.057606
0.028744
-0.075775
-0.058710
-0.119522
-0.065910
-0.084337
-0.071331
0.077161
-0.070452
-0.046274
-0.082513
-0.017636
-0.078838
-0.101308
-0.099157
-0.073664
-0.060577
-0.038169
-0.017727
-0.007017
-0.087477
-0.094626
-0.073023
-0.114114
-0.099024
-0.119127
-0.037391
-0.079007
-0.044554
-0.080670
-0.082932
-0.093044
-0.158178
-0.051116
-0.073558
-0.080435
-0.155086
-0.094185
-0.109255
-0.056691
-0.056432
-0.078182
-0.108353
-0.156307
-0.094349
-0.058826
-0.093418
-0.095417
-0.054418
-0.046855
-0.029704
-0.132206
-0.048767
-0.114129
-0.106641
-0.089252
-0.100945
-0.062252
-0.080290
-0.106248
-0.153146
-0.082188
-0.086166
-0.075374
-0.079421
-0.098577
-0.072996
-0.053227
-0.070270
0.124977
-0.143584
-0.080975
-0.047073
-0.048691
-0.076917
-0.090584
-0.023362
-0.080921
-0.062919
-0.013604
-0.058453
-0.105365
-0.101554
-0.148160
-0.136103
-0.125636
-0.114410
-0.087278
-0.109545
-0.092312
-0.094492
-0.100130
-0.114483
-0.167041
-0.348605
-0.048729
-0.121537
-0.113223
-0.113121
-0.081632
-0.052792
-0.100975
-0.079793
-0.090424
-0.096616
-0.139601
-0.055999
-0.048442
-0.058431
-0.090758
-0.099395
-0.075955
-0.073452
-0.034832
0.149632
-0.007754
-0.123274
0.254992
0.071301
0.189858
-0.052904
-0.020139
-0.097525
-0.047126
-0.069606
-0.074380
-0.022207
-0.052975
-0.061233
-0.127925
-0.047724
-0.091478
-0.117355
-0.131643
-0.128395
-0.087246
-0.129960
-0.090065
-0.190978
-0.374780
-0.186801
-0.035567
-0.098642
-0.090558
-0.104048
-0.101620
-0.129940
-0.042750
-0.073871
-0.087972
-0.079329
-0.141904
-0.090585
-0.126668
-0.061603
-0.103754
-0.125916
-0.135293
-0.070312
-0.063268
-0.127288
-0.049285
0.216271
0.249835
0.275332
0.101202
-0.070385
-0.049401
-0.109890
-0.032937
-0.086067
-0.048289
-0.090904
-0.111705
-0.086688
-0.088217
-0.013663
-0.017455
-0.028485
-0.055445
-0.127776
-0.102849
-0.097802
-0.124596
-0.070801
-0.074473
-0.166894
-0.097061
-0.115004
-0.089955
-0.132005
-0.091411
-0.087706
-0.052369
-0.108591
0.522362
-0.126879
-0.148091
-0.065594
-0.028566
-0.054592
-0.055672
-0.113397
-0.094913
-0.145910
-0.125184
-0.084126
-0.066602
-0.063997
-0.080148
-0.074865
-0.036707
-0.101113
-0.100801
-0.086933
-0.042049
-0.068902
-0.082635
-0.138321
-0.300804
-0.631946
0.060001
-0.043807
-0.070719
-0.133827
-0.090618
-0.105044
-0.079500
-0.108041
-0.098539
-0.122206
-0.079894
-0.114644
-0.125648
-0.062961
-0.091115
-0.097101
0.185333
-0.101113
-0.119419
-0.127069
-0.082503
-0.071480
0.657468
0.391446
0.478919
-0.138959
-0.069845
-0.124768
-0.106597
-0.135250
-0.124365
-0.124823
-0.155475
-0.114321
-0.103625
-0.139882
-0.096347
-0.095145
-0.138255
-0.106229
-0.221234
-0.383718
-0.075930
-0.071931
-0.061348
-0.089471
-0.111957
-0.132646
-0.167271
-0.073004
-0.049322
-0.088993
-0.035167
-0.050078
-0.055467
-0.094564
-0.040264
-0.179054
-0.489547
1.154381
-0.252607
0.034786
-0.262767
0.744910
-0.330304
-0.232006
-0.121264
-0.139810
-0.001425
-0.229659
0.472400
-0.117083
-0.046170
-0.193647
-0.287152
0.030909
0.210313
0.185855
-0.360177
0.044305
0.213561
-0.025094
-0.535127
0.642853
-0.346431
-0.006114
-0.156984
0.840273
-0.250527
-0.357392
-0.000694
-0.290230
-0.097991
-0.201662
-0.079734
0.198201
-0.096584
-0.013354
-0.340314
-0.110487
-0.107897
-0.058324
-0.053683
0.205813
-0.305462
-0.129269
-0.184398
-0.170398
-0.240409
-0.211582
-0.364808
0.014974
-0.224380
-0.131148
-0.169526
-0.322339
-0.063909
-0.080623
-0.221838
0.125057
-0.702746
0.442584
-0.259331
-0.038264
0.415819
-0.790713
-0.133305
-0.061003
-0.094253
-0.402771
-0.087717
-0.435550
-0.087362
-0.286111
-0.249183
-0.193799
-0.131138
-0.188137
-0.086003
-0.472171
-0.054877
0.227978
0.112675
0.196011
-0.522244
0.445276
-0.336859
0.298634
1.006073
-0.647179
-0.210188
0.098756
0.673123
-0.426008
-0.220264
-0.106061
-0.280684
-0.124675
-0.431491
-0.196785
-0.232351
-0.103954
0.128204
-0.557092
-0.184207
-0.005293
-0.140807
0.172598
-0.186097
1.145815
-0.616397
-0.276582
1.127932
-0.086055
-0.260632
0.179627
-0.282403
-0.134449
-0.319929
0.178669
-0.500062
0.358424
-0.500958
-0.093884
-0.297336
-0.013330
-0.135752
-0.270056
-0.227762
0.341928
-0.354473
-0.137405
-0.306638
0.999393
-0.471163
-0.362874
1.262109
-0.467869
-0.119398
-0.106539
-0.389423
-0.008461
-0.283559
-0.049171
-0.449365
-0.021613
-0.325159
-0.146692
-0.194854
-0.207166
-0.362714
-0.032763
-0.354189
-0.126090
-0.178777
-0.074401
-0.021666
-0.312286
-0.174242
-0.198241
0.763270
-0.327953
0.133182
-0.284163
-0.169704
-0.044370
-0.219233
-0.057764
-0.152988
0.145825
-0.572534
-0.139038
-0.153248
-0.383968
-0.064569
-0.225114
-0.382097
-0.332925
-0.207078
-0.250234
0.153702
-0.355256
-0.123287
-0.364753
-0.001545
-0.267993
0.564255
-0.244043
-0.084953
-0.160691
-0.249164
-0.266247
0.223725
0.228802
-0.376403
-0.108412
-0.192882
-0.260248
-0.145986
-0.266767
-0.224699
-0.342752
-0.115737
-0.470424
0.046331
-0.184832
-0.244999
-0.142312
-0.129615
-0.413818
0.037160
-0.132864
-0.031159
-0.130805
-0.281617
-0.355406
0.497159
-0.374809
-0.102689
-0.162902
-0.104047
-0.206044
-0.207847
-0.054413
-0.348094
-0.300174
-0.180822
-0.291837
-0.171643
-0.340493
-0.226071
-0.122365
-0.142266
-0.338561
0.666432
-0.596799
-0.250366
0.031726
-0.212773
-0.559505
0.650763
-0.268820
-0.323590
-0.235604
-0.064744
-0.417970
-0.045346
0.415456
-0.612452
0.057450
-0.280124
-0.223234
-0.299709
-0.148182
-0.495944
-0.105103
-0.163121
-0.265439
0.695871
-0.556162
-0.391326
0.197614
-0.184491
-0.593758
-0.028530
-0.102982
-0.321037
-0.125601
-0.166659
-0.319887
-0.153567
0.271921
-0.493190
0.694459
-0.197002
-0.487129
-0.019467
-0.137612
-0.488183
0.594905
-0.593467
0.175645
-0.228950
-0.064107
-0.068379
-0.348505
0.036995
-0.484773
0.628689
-0.394017
-0.069487
-0.613583
-0.130251
0.002405
-0.595432
0.422372
-0.079470
0.089037
-0.162796
0.540916
0.437347
-0.837502
0.305234
0.434369
-0.420310
-0.018166
-0.100010
-0.114220
-0.586778
-0.161089
-0.030628
-0.189743
0.661888
-0.159763
0.175659
-0.536995
-0.083604
0.318079
-0.575901
-0.078462
0.076772
-0.266394
-0.106923
1.082208
1.059567
-0.810038
0.473369
-0.233971
0.167517
-0.689960
1.661236
-0.445971
-0.390400
-0.045465
-0.363980
0.010415
-0.084473
0.143987
-0.073227
-0.066044
1.178881
-0.806139
-0.010519
-0.135431
-0.102005
-0.182650
-0.234979
-0.079820
0.518448
-0.139973
-0.014095
-0.238617
-0.122830
-0.650024
0.900030
-0.439080
-0.049280
-0.208210
-0.288558
-0.233886
-0.154938
-0.156223
-0.081865
-0.344409
1.320287
-0.852265
-0.175365
-0.161700
-0.102459
-0.102915
-0.373825
-0.219064
-0.214688
-0.119538
0.475617
0.011374
-0.862833
-0.022630
-0.131481
-0.123098
-0.510334
-0.225250
0.321997
-0.480340
-0.137027
-0.016383
-0.304263
-0.384569
0.548826
-0.253081
-0.099111
-0.221616
-0.235785
-0.056565
-0.197468
-0.166579
-0.166888
-0.320228
0.739447
0.203974
-0.509645
-0.089388
-0.240165
-0.220544
-0.279749
0.500515
-0.299481
-0.343178
-0.228162
0.133297
-0.257048
-0.461045
0.231698
-0.171354
-0.137587
-0.191985
-0.292073
-0.180929
-0.043232
-0.251968
-0.080309
-0.283855
-0.078849
0.364884
-0.247078
0.361837
-0.026492
-0.298361
-0.454873
0.643245
-0.433611
-0.228559
-0.064687
-0.174389
0.013631
-0.313771
-0.189824
-0.316121
-0.036037
-0.241018
-0.182643
-0.355005
-0.119233
-0.247858
-0.149570
-0.290147
-0.176502
1.226472
-0.779449
-0.202986
0.816615
-0.228774
-0.587509
0.512044
-0.442226
-0.364537
0.045816
-0.279636
-0.246050
0.021676
-0.257261
-0.430602
0.260601
-0.112114
-0.446987
-0.180088
-0.112631
-0.355194
-0.121579
-0.222784
-0.230380
0.666741
-0.308053
-0.375869
-0.020291
-0.146728
-0.280236
0.971331
-0.297375
-0.452842
-0.055728
-0.213692
-0.142394
-0.334677
-0.119284
-0.318843
0.064960
-0.119158
-0.402090
0.023516
-0.088872
-0.213337
-0.328810
-0.204426
-0.196213
-0.017564
-0.118136
-0.243893
-0.322173
0.239214
-0.442315
1.488572
-0.188592
-0.272197
-0.080604
-0.181623
0.096273
-0.545598
-0.023173
-0.405432
0.203378
-0.206524
-0.349015
-0.023265
-0.141997
-0.024942
-0.325027
-0.306225
-0.150932
0.010520
-0.271289
-0.241826
-0.316566
0.239038
-0.409151
2.222959
-0.542079
-0.298730
-0.093456
-0.192685
-0.032095
-0.062253
-0.291432
-0.051955
-0.343962
0.159123
-0.333086
-0.207238
-0.126016
-0.006007
-0.337449
-0.454070
0.339717
-0.459579
-0.053802
-0.215856
-0.204706
-0.138636
-0.271458
1.870426
-0.343245
-0.040266
-0.228333
-0.124187
-0.076889
0.014582
-0.713743
1.398570
-0.547238
-0.073031
-0.099072
-0.015533
-0.300578
0.445823
0.380349
-0.678212
1.169447
-0.852900
-0.026439
0.437844
-0.530642
-0.049044
-0.026104
0.116863
-0.428908
0.356480
-0.103979
-0.378644
0.365046
-0.316199
-0.261005
-0.004554
-0.192942
-0.182695
-0.195632
0.560455
-0.517149
0.469932
0.349293
-0.218595
0.922522
-0.352376
-0.220741
1.838963
-0.894133
0.211850
-0.060951
0.167610
-0.581782
0.254065
0.448241
-0.568387
0.443862
-0.371619
1.158021
-0.637800
-0.252594
-0.118554
-0.342615
0.096749
-0.318767
-0.090222
-0.151526
-0.155580
0.020370
0.214988
-0.273204
1.631745
-0.726363
0.597028
-0.235635
1.030881
-0.098417
-0.449163
0.161352
-0.109051
-0.277351
-0.168249
1.014609
-0.550255
-0.227746
-0.088622
-0.123007
-0.375536
0.160700
-0.486077
0.189044
-0.419460
-0.330903
-0.023467
-0.044554
-0.078136
-0.268423
0.187334
-0.165785
0.561077
0.320453
-0.469149
-0.065957
0.231120
-0.398705
-0.106270
0.103120
-0.252819
-0.138406
-0.168070
-0.057772
-0.387037
0.244182
-0.386325
0.023454
-0.362837
-0.274504
-0.141399
-0.041255
-0.408211
-0.059409
-0.100486
0.539919
1.025509
0.321949
0.067651
0.204500
0.324122
0.125289
0.468990
0.471844
0.157663
0.006837
0.860406
0.453870
0.357346
0.220329
0.015514
0.131282
0.327643
0.481945
0.738188
0.693169
0.093398
0.162346
0.360003
0.148215
0.420512
1.783654
2.964312
0.990248
0.460684
0.802461
0.846631
0.394629
0.171008
1.259474
0.681843
0.275000
0.753269
0.259764
1.043563
0.275200
0.219693
0.556843
0.432019
1.067343
0.675937
0.467042
0.068937
0.258633
0.674645
1.613690
0.965338
0.809524
0.053094
0.353026
1.119292
0.112997
0.915001
1.769519
1.575027
0.012714
0.310017
0.028662
1.154877
0.108073
0.417406
0.511708
0.485726
0.443080
0.390023
0.073348
1.229631
0.852728
0.262929
0.989409
1.030352
2.470515
0.995869
0.972971
1.089021
0.646912
0.400934
0.767866
0.611461
0.399632
0.388499
0.248207
0.597184
0.566478
0.066195
0.418525
0.524042
1.268048
1.705907
0.702093
1.680775
1.076867
0.403806
0.063819
1.613632
0.614610
1.842769
1.848002
1.316796
0.611127
0.351564
0.255437
1.495354
1.045983
1.009797
0.417410
0.898284
0.108434
0.257244
0.057164
0.519390
0.902325
1.825575
0.221606
0.559151
1.734729
2.867471
0.525135
0.629777
0.460511
0.510644
0.803037
1.099889
1.373690
1.071103
0.428109
1.504968
0.315325
0.114151
0.578705
0.032824
0.567287
1.097470
0.887289
0.190156
0.191155
0.077425
0.489645
0.050177
0.853318
0.760812
0.144127
0.718954
0.414779
0.436069
0.552712
0.577312
1.508508
1.114450
0.635032
0.479719
1.661397
1.232689
0.513950
1.096803
1.994628
1.150454
0.872675
1.317831
1.704391
0.663960
0.344103
0.025087
0.009592
0.119301
2.254321
0.897877
1.046400
0.095517
0.427742
0.509939
0.357178
0.015603
0.207400
0.565001
2.261475
1.912583
1.498844
0.977699
1.151891
1.182450
0.742076
1.190530
2.184560
1.247630
0.855355
0.291639
1.989755
1.039720
0.631124
0.526862
0.087541
1.135571
0.682997
0.242665
0.183726
0.234340
0.198206
0.204995
0.095929
0.284446
0.361589
1.185181
1.246564
0.896756
0.589602
0.080712
0.997227
1.798720
1.057476
0.192817
2.236724
1.718239
0.125471
1.035474
0.399018
1.706125
1.856291
0.717627
0.316836
1.483366
0.150246
0.409733
0.150546
0.413288
0.116757
0.320183
0.165034
0.209816
0.536916
0.677725
1.013631
1.264521
1.432554
1.078807
1.858295
2.590284
0.867053
1.157786
0.539764
0.358518
0.494717
2.208593
1.440690
0.998173
0.098396
1.520992
1.492843
0.239627
0.012604
0.290745
0.704006
1.049900
1.490349
0.745586
1.268578
0.657576
1.393000
0.266195
1.607341
1.646634
1.065485
1.238179
0.308027
0.441374
0.626701
1.491144
0.498047
0.665141
0.936413
1.109702
1.069546
0.362556
0.910110
0.577722
1.407400
2.474922
2.000996
0.272067
0.000647
0.888985
1.129637
0.392944
0.125139
0.047079
0.531958
1.099261
1.016520
0.043090
0.021465
0.817089
1.949976
1.450089
0.325595
1.071806
0.711761
0.747379
0.895862
0.721618
1.021684
0.703575
0.173138
0.516367
0.503171
0.300835
0.801292
0.075251
0.343381
0.832796
0.195721
0.311648
0.955389
0.223560
0.167226
0.950798
2.519237
1.490461
0.042009
0.673618
0.247576
0.609340
1.120073
0.716497
0.278407
0.112425
0.385296
0.353754
0.691538
0.178057
0.644292
0.198534
1.642270
2.174924
1.276006
0.262443
1.801468
1.711918
0.024422
0.112052
0.407251
0.687655
0.031353
0.660194
0.167621
0.849731
1.088438
0.375683
0.305355
0.458602
0.601538
0.532488
1.064376
0.898888
0.528319
0.579261
0.965461
0.103068
0.865820
0.668612
1.830818
1.812803
0.580602
0.301737
0.118263
1.145995
0.589838
1.062709
0.447171
0.122290
0.854967
0.187568
0.103896
0.841325
1.774691
0.567984
0.984466
0.920297
0.192714
0.763354
1.670395
0.855929
1.115865
0.718289
0.510924
0.282883
0.591314
0.767701
0.162348
0.817463
0.858213
1.284781
0.901209
0.717273
0.007703
0.440410
1.300338
1.198076
1.134124
0.207789
0.777671
0.759187
1.364679
1.132463
1.128156
0.962007
0.292284
1.512127
0.336318
0.008080
1.143940
1.281198
1.442584
0.632053
0.408936
0.534035
0.624394
1.264946
1.107538
1.092022
0.318472
0.267517
1.451959
0.810952
1.153958
1.418127
0.003519
0.968843
0.799172
0.976271
0.655504
1.849484
0.997913
0.593141
0.203262
0.887577
1.817030
1.302726
1.128035
1.341563
1.009696
1.878736
1.991455
2.285810
0.917337
0.325014
1.286911
1.593059
0.771958
0.283486
0.248390
0.424962
1.820102
1.348589
0.082755
1.335834
1.908785
0.342981
0.039551
0.469379
0.171043
1.135678
1.540892
1.299440
0.728922
0.445426
1.167486
2.601652
1.732876
0.294579
0.229052
0.556010
0.084748
1.016651
2.187369
2.033245
1.195324
1.371435
0.113243
0.583619
2.073159
1.281248
0.297136
0.200437
0.038165
0.294360
0.859864
0.225256
0.555427
0.105967
0.322318
0.425114
0.884260
1.209818
0.063844
0.245116
0.005300
0.325662
0.387411
0.542293
0.889073
1.405765
0.402852
0.046677
0.899637
0.799196
1.004274
0.689306
0.636033
0.034426
1.460153
0.260026
0.907061
0.431166
0.222893
0.490587
1.150541
1.368618
0.176759
0.375692
0.263376
0.454330
0.706669
0.523033
0.476381
0.704219
0.390154
0.289962
1.279591
1.792567
1.677260
1.092906
1.153402
1.897535
0.570055
0.010355
1.157609
0.127834
0.093113
0.471273
0.337412
1.486110
1.547481
0.128224
0.846013
0.006412
0.590937
0.311685
0.826689
0.144968
0.121598
0.379188
0.117384
0.907683
0.129292
0.265614
0.702861
3.167256
1.639631
0.386757
1.807243
0.735416
0.099015
0.366094
0.846102
0.589794
2.021784
1.371260
1.328764
0.986799
0.970365
0.556672
1.735064
0.257423
0.156696
0.240052
0.303407
0.362236
0.229824
0.254221
0.857652
2.490198
1.307863
1.428669
0.763534
1.550418
1.260715
0.947784
0.383675
0.423025
1.856543
1.369862
0.568851
0.526235
0.880054
0.083073
1.517717
1.178440
1.106684
0.565417
0.458452
0.836261
0.036320
0.934720
0.393026
0.061731
0.191146
1.375756
0.018346
0.604497
1.323306
2.563082
1.805063
0.366202
2.078349
0.983481
0.404637
1.195578
2.121617
0.168909
1.752428
1.730669
0.811570
0.405256
0.192370
1.185979
0.673831
0.599222
0.025234
0.095163
1.466289
1.047011
1.044647
0.272330
0.020199
1.350562
1.324456
0.149321
0.385819
1.354383
1.522357
1.171200
1.166706
0.681667
1.464086
1.383656
1.208915
2.098459
0.903839
2.345439
1.074789
1.387523
1.545986
3.168427
0.484784
1.136573
2.343117
1.449512
0.348625
0.780195
1.337249
0.887609
0.649154
1.438388
1.236983
1.683030
1.261926
1.038150
-0.266717
0.421736
1.230791
-0.593223
-0.704528
-0.315396
-0.162707
-0.164466
-0.169131
0.396231
-0.566376
0.682489
-0.465778
-0.012722
-0.113533
-0.477326
-0.420478
-0.182959
-0.140678
-0.206172
-0.358192
-0.219888
-0.016439
0.006786
-0.208538
-0.436244
-0.098836
0.013357
0.199534
-0.056732
-0.571959
-0.428247
-0.249670
1.042778
0.181344
0.163323
-0.035771
-0.859751
0.193967
0.647900
-0.230643
-0.683196
-0.007407
-0.004398
-0.392490
-0.420029
-0.238070
0.157276
-0.235552
-0.205494
-0.234908
0.269365
-0.646914
-0.280618
0.405364
-0.562848
-0.878726
-0.446028
0.324691
0.066743
0.300483
-0.392177
-0.465450
-0.245137
0.386505
-0.285309
-0.522951
0.172579
-0.215071
-0.308262
-0.330617
-0.043412
-0.566399
-0.103236
-0.042555
2.073489
-0.224812
-1.267976
0.451256
1.115414
-0.673342
-0.643917
-0.348482
-0.214747
-0.046860
-0.176000
-0.473353
-0.291958
0.092023
1.003343
-0.234819
-0.862704
-0.425035
-0.214380
-0.039729
-0.090102
-0.872054
-0.835875
0.388948
-0.026941
0.441596
-0.621285
0.073004
-0.215518
-0.410004
-0.158613
-0.234187
-0.234651
-0.053763
-0.656858
-0.459841
-0.210090
-0.266298
-0.213870
0.333316
0.131818
-0.519189
-0.420460
-0.133310
0.009717
0.138782
-0.787621
1.529922
-0.200150
-0.617043
-0.145301
1.248753
0.475198
-0.741380
-0.850666
-0.228387
-0.087516
0.826174
-0.360742
-0.654029
-0.219503
-0.235991
-0.499442
-0.223413
0.618448
-0.278723
-0.667586
-0.136101
0.145166
0.092318
-0.343793
-0.684044
0.364224
-0.057258
-0.279486
-0.117325
0.479722
0.076409
-0.109289
-0.369698
-0.325262
-0.266198
-0.064198
-0.258079
-0.248684
-0.259851
-0.129712
-0.127280
-0.156687
-0.275079
-0.577564
-0.303758
0.136434
-0.254865
-0.160680
-0.288283
-0.037767
-0.456186
-0.196377
-0.289640
0.263863
-0.280504
-0.189640
-0.069757
-0.200149
-0.045273
-0.423204
-0.283426
0.009333
-0.678996
-0.468651
-0.024852
0.148891
-0.182083
-0.547692
-0.497092
0.151563
-0.445128
-0.273290
-0.227966
0.903448
-0.347795
-0.685188
-0.123708
-0.212568
-0.055640
-0.139748
-0.077387
-0.228159
0.654815
-0.013101
-0.729051
0.695197
0.090237
-0.715947
-0.177188
-0.130673
-0.176566
-0.237671
-0.526432
-0.143846
-0.526014
-0.416262
-0.091386
-0.070082
0.075792
-0.226109
-0.089531
-0.355567
-0.457610
0.003239
0.252777
-0.171110
-0.592423
0.232717
0.013917
-0.337718
0.456694
0.097582
-0.729543
-0.017558
-0.081428
-0.362748
-0.330307
-0.009338
-0.201718
-0.610383
-0.565246
-0.023043
-0.331556
-0.405386
0.016348
0.129478
-0.549626
-0.639080
-0.113383
-0.221773
-0.215420
-0.324944
-0.139621
-0.271034
-0.161094
0.498695
-0.057503
-0.360556
-0.320798
-0.470193
-0.117475
-0.168150
0.136692
0.712489
-0.476268
-0.465214
0.137595
-0.728764
0.321966
-0.050068
-0.112944
-0.750951
-0.383990
-0.363426
-0.248588
-0.069598
-0.252057
-0.310645
0.024278
-0.166339
0.067345
-0.279250
-0.075361
-0.400433
0.119126
0.030861
-0.290319
-0.181591
-0.013728
-0.103151
0.970550
-0.174308
-0.449392
-0.007761
0.832534
0.598421
-0.724346
-0.400128
-0.321368
-0.338593
-0.262559
-0.286417
-0.218154
-0.062065
-0.317257
-0.372326
-0.125442
0.081151
-0.662229
0.137915
-0.335038
-0.409398
-0.082020
-0.171849
-0.624544
-0.057481
-0.187976
0.026451
-0.570347
0.011741
0.247165
-0.172660
-0.219903
-0.149081
0.326282
-0.489802
-0.663229
-0.127678
-0.000631
-0.223331
-0.229727
1.566980
-1.500948
-0.815792
-0.413082
-0.257419
0.038081
0.468023
-0.514477
-0.732337
-0.242739
-0.130920
-0.160575
-0.145012
-0.124843
-0.290370
-0.266623
-0.427520
0.253949
0.143747
-0.489672
-0.604409
-0.236082
0.015524
-0.031601
3.188858
0.359889
-1.784822
-0.265213
-0.473240
-0.185713
0.250146
-0.275489
-0.649522
-0.263521
-0.252177
-0.302572
-0.112333
0.266624
-0.162910
-0.102282
-0.306401
-0.520241
0.080441
0.087275
-0.469095
-0.545162
-0.359289
0.304711
0.016897
0.980537
-0.164458
-0.128341
0.469011
-0.044503
0.621085
-0.068233
-0.737137
-0.398512
-0.300894
-0.111283
-0.127125
-0.218223
0.091733
-0.377112
-0.184087
-0.410722
-0.195218
0.051876
-0.082214
-0.454992
-0.646101
-0.255993
-0.072237
-0.172633
0.099547
-0.182861
1.062601
-0.267108
-0.611071
0.232967
-0.104402
-0.585019
-0.108640
-0.176823
-0.197160
-0.220049
0.311082
-0.147802
-0.126927
-0.669024
0.023030
-0.290246
-0.297049
-0.205420
-0.335124
-0.324260
-0.111915
-0.332397
-0.128644
-0.296987
-0.396849
0.052592
-0.033395
-0.203015
0.481206
-0.134586
-0.430572
-0.062651
-0.340135
-0.375270
-0.256094
-0.124980
1.108087
-0.188431
-0.719603
0.390530
-0.297534
-0.385874
-0.258654
-0.141242
0.324866
-0.464663
-0.258636
-0.447102
-0.220170
-0.116654
-0.067437
-0.483998
-0.458300
0.057569
-0.142113
-0.122958
-0.048238
-0.319829
-0.242199
-0.291027
-0.539640
0.169224
-0.013512
-0.214464
-0.337738
-0.067672
-0.593392
-0.450754
0.542843
0.129536
-0.701428
-0.324520
-0.476356
-0.134683
0.512244
-0.106546
-0.630494
-0.125626
-0.116555
-0.318172
0.038797
-0.244696
-0.200288
0.456286
-0.851181
-0.450808
0.214202
-0.027768
-0.294666
0.810769
-0.293515
-0.816131
-0.013365
0.886493
-0.226534
-0.230836
-0.391866
-0.229460
-0.079037
0.083217
-0.291329
-0.229280
0.041569
-0.315972
-0.253085
-0.065744
-0.169190
1.542253
-0.107330
-0.998991
-0.275997
-0.143803
-0.022980
-0.208892
0.047279
-0.227613
-0.200060
-0.057736
0.220130
-0.294556
-0.630181
-0.202287
-0.103964
-0.236875
-0.357418
-0.243087
-0.042323
-0.234752
-0.389168
-0.022631
-0.348670
-0.181990
0.335576
-0.139227
-0.092939
-0.359121
-0.231076
-0.066590
-0.117674
-0.270219
-0.294641
-0.213071
0.009972
-0.092162
-0.705221
-0.356943
0.122050
0.073570
-0.578212
-0.291150
-0.434057
-0.299783
-0.425464
-0.085271
-0.264254
-0.250523
-0.143813
-0.124304
-0.006969
-0.240689
-0.342531
-0.422010
0.002123
-0.019014
-0.432812
-0.057553
0.006947
-0.028787
-0.526203
-0.573694
-0.010645
1.051689
-0.067941
-0.719097
-0.141152
-0.079506
-0.275367
-0.378727
-0.030176
0.071198
-0.781785
-0.592174
-0.125749
0.053748
-0.306406
-0.266831
-0.329193
-0.112821
-0.448244
-0.148833
0.240640
-0.437884
-0.327371
-0.126350
-0.187284
-0.462902
0.286856
-0.086205
-0.124732
-0.270452
-0.088852
-0.082984
-0.468958
0.830624
-0.009547
-0.956383
-0.054009
-0.643209
-0.259376
-0.187166
-0.925641
-0.355503
-0.322239
-0.291420
0.119674
-0.440247
-0.793798
-0.404440
-0.033297
-0.386283
-0.440148
-0.010779
-0.268896
-0.632268
-0.096151
0.966544
-0.101683
-0.713499
0.233182
-0.104168
2.265885
-0.108080
-1.161868
1.610419
-0.288533
-1.244551
-0.399174
-0.335067
-0.033415
0.798581
-0.752053
-0.972132
-0.276274
0.043027
-0.236807
-0.246269
-0.153929
-0.358426
-0.419977
-0.236713
-0.108397
-0.296340
-0.153843
-0.315241
-0.520225
0.540048
-0.319628
0.435685
1.052845
-0.602204
-0.436360
-0.181327
-0.189961
-0.066749
-0.776391
-0.550434
-1.062269
0.002701
-0.393669
-0.583796
-0.329145
-0.654292
-0.885955
-0.811705
0.480043
-1.493572
-0.575125
-0.688485
-0.336679
-0.441494
-0.733869
-1.212183
-0.381753
-0.675861
-0.947560
-0.120412
-0.405337
-0.468179
-0.294524
-0.385560
-0.594521
-0.408499
-1.006343
-0.567085
0.295200
-0.855657
-0.083487
-0.924249
-0.050387
0.320282
-0.648001
-0.873626
-0.531747
-0.669052
0.239544
-0.108568
-0.397735
-0.748736
-0.606548
-0.442780
-0.279716
-0.623508
-0.242613
-0.867751
-0.068151
-0.063988
-0.435417
-0.783094
-0.565129
-0.638875
-0.592401
-0.329628
-0.824279
-0.681818
-0.731897
-0.774707
-0.247015
-0.873281
-0.645260
-0.531972
-0.569509
-0.912123
-0.769223
-0.451278
-0.287381
-1.012998
-0.848302
-1.013980
-0.458181
-0.620611
-0.628517
-0.246901
-1.179338
-0.704356
-0.910625
-0.814805
-0.857056
-0.480579
-0.914472
-0.702301
-0.345463
-0.733759
-0.459373
-0.439329
-0.820570
-0.653148
-0.364074
-0.534890
0.386687
-0.539705
0.533990
-0.339644
-0.648903
-0.618521
-0.953815
-0.053712
-0.465907
-0.917726
0.626060
-0.928306
-0.471727
-0.438290
-0.945396
-1.139466
-0.524700
-0.567091
-0.781176
-0.085020
-0.947884
-1.035300
-0.842376
-0.637285
-0.404278
-1.590670
-0.529005
-0.176400
-0.969931
-0.074428
-0.973930
-0.562808
-0.314056
-1.617464
-0.594139
-0.743969
-0.602886
-0.300099
-0.378415
-0.371364
-1.044667
-0.545836
-0.769613
-1.119180
-0.262588
-1.040616
-0.555902
-0.154801
-0.253142
-1.193229
-0.511822
-0.432166
-0.910342
-0.746518
-1.163637
-0.432352
-0.174483
-0.599100
-1.015834
-0.892909
-0.903610
-0.631296
-0.956628
0.100341
-0.549486
-0.658389
-0.371009
-0.652088
-0.642861
-0.706286
-1.266112
-0.486412
0.358600
-1.030053
-0.906161
-0.856556
-0.122730
-0.047222
-0.653050
-0.545664
-1.293855
-0.420336
-0.326890
-0.104598
-0.752362
-0.324593
-0.069591
-0.635392
-0.764812
-0.673535
-0.477165
-0.378321
-0.643157
-0.786428
-1.109917
-0.824309
0.105808
-0.473160
-0.462276
-0.559808
-1.155797
-1.337023
-0.535125
-0.022307
-1.253894
-0.797995
-0.645116
-0.565581
-0.442580
-0.411361
-0.961035
-0.253320
-0.821634
-0.718112
-0.694814
-0.334507
-1.274824
0.517703
-0.527809
-0.529133
0.850214
-1.250065
-0.815779
-0.000745
-0.585387
-0.368105
-1.124745
-0.446319
-0.775688
-0.235501
-0.632393
-0.772863
-0.450332
-0.712950
0.508773
-1.598409
-0.465670
-0.717824
-1.086420
-0.096943
-0.678631
-1.243899
-1.217676
-0.729312
-0.133028
-0.712244
-0.577959
-0.171477
-0.901548
-0.712726
-0.460874
-0.701506
-0.345285
-0.597724
-0.478394
-0.291479
-0.894654
-0.321115
-0.516920
-0.793591
-0.575363
-0.311759
-0.572908
-1.232563
0.287849
-0.414569
-0.955188
-0.626501
-0.131387
-0.659480
-0.649200
-0.966174
-0.453846
-0.565964
-0.914931
-0.855595
-0.958430
-0.992211
-0.312765
-1.076584
-0.407644
-0.231427
-0.631132
-0.689914
-1.018332
-0.434250
-0.273771
-0.623082
-1.007661
-0.507963
-0.831919
-0.277101
0.131308
-0.450740
-0.874051
-0.757249
-0.652493
-0.560244
-1.333730
0.224694
-0.492878
-0.614353
-0.439478
-0.950853
-0.424541
-0.848150
-0.889193
-0.271960
-0.637664
-0.682836
-0.822199
-0.430662
-1.022610
-0.542516
-0.598585
-0.532313
-0.273145
-0.333455
-0.810159
-0.951571
-0.289802
-0.745667
-0.294351
-0.753933
-0.842070
-0.909346
0.695873
-1.012651
-0.794966
-0.392166
-0.436264
-0.545490
-0.518327
-0.378901
-1.152938
-0.122609
-0.964391
-1.188917
-0.305732
-0.653092
0.247350
-0.368324
-0.377147
-0.738257
-0.830276
-0.385800
-0.514279
-0.532099
-0.608368
-1.217481
-0.401058
-0.312533
-0.703139
-0.450915
-0.821091
-0.339708
-1.127043
-0.989312
-1.219049
-0.311524
-0.459698
-0.524539
0.108564
-0.891049
-0.000080
-1.052395
-0.733069
0.004979
-0.797082
-0.387394
-0.573023
-0.510824
-0.462386
-0.789648
-0.008971
-0.498373
-1.020004
-0.263211
-0.578677
-0.635302
-0.737094
-0.436158
-1.006155
-0.500325
-0.312221
-1.021031
-1.055949
-0.174691
-0.520863
-0.610294
0.467467
-0.877168
-0.606516
-0.764705
-0.537239
-1.064818
-0.616310
-1.032213
-0.817928
-0.183197
-0.561078
-0.652000
0.355705
-0.513727
-0.779356
-0.523112
-0.884489
-1.087376
-0.606956
-0.091118
-0.620120
-0.245527
-0.469721
-0.783948
-0.502168
-0.909594
-0.008919
-0.919471
-0.575242
-0.596682
-0.417946
-0.669207
-0.457833
-0.369955
-0.609776
-0.455711
-1.542541
-0.614886
-1.147382
-0.659244
-0.495738
-0.768562
-0.470534
-0.276907
-0.397613
-0.572034
-0.226768
0.479970
-1.122030
-0.563129
-0.027859
-0.588174
-0.763095
-0.702216
-0.120097
-0.353141
-0.773947
-0.861138
-0.411321
-0.402585
-0.271939
-0.951638
0.216708
-0.270401
-0.774051
-0.790091
-1.051815
-0.522376
-0.723049
-0.699929
1.586707
-0.470712
-0.306364
-1.063173
-0.792188
-0.590495
-0.447831
-0.816720
-0.983522
-0.750209
-0.290550
-0.117661
-1.217633
-0.122798
-0.921454
-1.233808
-0.986349
-0.428203
-0.456968
-0.703474
-0.363683
-0.855520
-0.116216
-1.354929
0.364814
-0.765015
-0.327459
-0.377533
-0.869914
-0.649512
-1.079061
-0.066115
-0.461168
-1.045425
-0.767859
-0.113490
-1.380758
-0.529434
-0.527477
-0.636960
-0.293890
-0.543372
-0.640530
-0.528047
-0.866503
-0.873746
-0.295119
-0.826223
-0.206245
-0.698054
-0.514213
-0.685734
-0.334742
-0.466446
-0.766836
-0.514419
-0.680303
-1.224266
-0.977062
-0.138416
-0.636040
-0.306191
-1.006012
-0.210305
-0.894972
-0.781006
-0.177536
-0.458240
-0.903758
-0.256921
-0.376541
-0.910908
-0.058992
-0.680478
-0.603417
-0.706095
-0.689354
-0.498078
-0.825373
-0.302412
-0.549606
-0.125339
-0.622986
-0.954350
-1.215790
-0.090019
-1.206600
-0.324695
-0.524728
-1.031516
-0.975353
-0.631896
-0.916571
-0.851893
-0.463842
-0.366697
-0.327614
-0.996732
-0.991331
-0.565497
-0.937910
-0.631643
-0.770723
-0.654282
-1.546735
-0.906982
-0.267739
0.818506
-1.139551
0.281629
-0.929568
-0.676976
-0.247759
-0.882533
-1.157706
-0.632460
-0.429959
-0.944976
-0.808629
-0.364743
-0.196812
-0.359896
-1.494117
0.656815
-0.523527
-0.731699
-0.274961
-0.839363
-0.476547
-0.447351
-1.419687
-0.252755
-0.991046
-0.395899
-0.708320
-0.480455
-0.325685
-0.982459
-0.670368
-0.795659
-0.287171
-1.245611
-0.790620
-0.427720
-0.573385
-0.725174
-1.037103
-0.574294
-0.432199
-1.355520
-0.480429
-0.550688
-1.231450
-0.270840
-0.735169
-0.490118
-0.507620
-0.439260
-1.259723
-0.537707
-0.760045
-0.076892
-0.918223
-0.453467
-0.524785
-0.518339
-0.677727
0.298038
-0.147168
-0.027317
-0.508276
-0.833167
-1.019282
-0.822202
-0.306656
-0.621833
-0.745791
-0.539810
-0.357272
-0.838199
-0.877437
-0.544353
-0.485075
-1.222787
-0.803916
-0.476406
-1.435291
-0.706412
-0.458471
-1.607195
-1.077224
-0.395828
0.272180
-1.423343
-0.093015
-0.391877
0.841570
-0.477976
-0.270358
0.203048
-0.446617
-0.924207
0.173431
-0.097669
-0.321117
0.135428
-0.366001
0.357299
-0.127468
-0.507337
1.184652
-0.401012
-0.364207
-0.216106
-0.221999
-0.409387
0.327832
0.076080
-0.583107
-0.657906
1.061427
0.375543
-0.077601
-0.720603
0.592173
-0.702974
-0.443547
-0.499711
0.258214
-0.715862
-0.422778
-0.672128
-0.359075
-0.693789
-0.647159
-0.630024
-0.617300
-0.165744
-0.393892
-0.467030
-0.257538
-0.350024
-0.683833
-0.945764
-1.382613
-1.889957
-1.607256
-0.533879
-0.922596
-1.375368
-0.609683
-0.480876
-0.893983
-1.005857
-0.156467
-0.964016
-0.027627
-0.695372
-0.243579
-0.418491
-0.689824
-0.864830
-0.884169
-0.682497
-0.508327
0.627135
-0.820663
-1.231356
-0.434237
-0.220426
-0.884945
-1.259891
-0.812372
-0.954822
-1.300892
-1.070034
-1.336294
-1.101185
-1.736211
-0.979383
-1.216036
-1.459607
-1.225302
-1.417859
-0.962682
-0.401610
-1.193865
-1.063692
-0.887540
-1.193115
-1.645265
-1.135956
-1.060747
-1.920395
-1.184441
-0.986226
-1.273292
-0.984643
-0.640012
-1.444393
-0.617964
-0.524939
-0.583809
-1.123388
-0.490153
-1.377263
0.275868
-1.234281
-1.381731
-0.992787
-0.642559
-1.290364
-0.237639
0.046908
0.169556
-1.189375
-0.754107
-0.785965
-0.801392
-0.564726
-0.977337
-1.111317
-0.630958
-1.209152
-1.164079
-1.575008
-1.526622
-1.272460
-0.703638
-1.805269
-1.102579
-0.326682
-1.260001
-0.725120
-1.908339
-1.016686
-0.313138
-0.801265
-1.081181
-1.469068
-0.858023
-1.370139
-1.486251
-1.242777
-1.049289
-1.172172
-0.636524
-0.967533
-1.168607
-0.534253
-0.069902
-0.693116
-1.361756
-0.267397
-0.315540
-1.864436
-0.879664
-0.415576
-1.010567
-0.899608
-0.807982
-1.015967
-0.473233
-0.874922
-0.710186
-1.104078
-0.386030
-0.637775
-0.769785
-1.239449
-1.623430
-1.323913
-1.076881
-0.841682
-1.704530
-1.162789
-0.701292
-1.584725
-0.865954
-0.504318
-1.391035
-1.048108
-1.224770
-0.809186
-0.671955
-0.554161
-0.094260
-1.841400
-0.880862
-1.095597
-0.680873
-1.393565
-1.461408
-0.023015
-0.561761
-1.147908
-0.912559
-1.422138
-1.037152
-1.199382
-1.205942
-0.632649
-1.268296
-1.351598
-1.160281
-0.745650
-0.642650
-1.792145
-0.379058
-0.335966
-0.694324
-1.408488
-1.101613
-1.220461
-0.885718
-0.790985
-1.248703
-1.356774
-0.957484
-0.739440
-1.367968
-0.632390
-0.612831
-1.042038
-0.949113
-0.825350
-0.316907
-0.944487
-0.961586
-0.340509
-1.254629
-1.178124
0.686924
-0.881697
-0.883133
-1.110848
-0.757451
-0.982692
-0.605567
-0.586394
-1.143649
-0.620213
-1.309023
-1.581621
-1.051491
-1.368382
-0.959536
-0.774979
-1.331345
-0.395863
-1.462006
-0.796173
-1.163748
-0.981823
-1.823796
-0.841627
-1.388086
-0.012819
-1.263150
-0.929934
-1.509305
-0.402174
-1.654234
-1.608316
-0.373487
-1.270823
-1.012675
-0.342698
-1.481694
-0.446540
-1.069612
-1.059386
-0.218041
-1.050714
-0.878244
-0.464391
-1.103497
-1.032957
-0.695376
-0.741148
-0.719877
-0.853115
-0.273376
-1.385989
-0.433161
-0.646658
-0.618918
-1.223548
-1.185987
-1.234004
-1.378532
-1.162756
-0.612190
-0.786431
-0.690124
-0.708576
-0.881629
-1.398145
-0.453368
-1.800431
-0.984874
-0.551422
-1.557761
-0.723461
-0.714303
-0.828474
-0.781741
-0.937188
-1.228148
-0.807089
-1.356370
-0.871191
-1.004045
-0.615816
-0.614626
-1.212465
-0.373216
-1.605120
-1.018964
-0.658625
-1.281880
-0.954408
-0.741889
-0.949151
-1.069802
-1.197129
-0.579959
-0.740067
-0.554286
0.465419
-1.061490
-0.630497
-1.524426
-1.159625
-0.926648
-0.785289
-1.111731
-1.285948
-0.716887
-1.661025
-0.807533
-0.574161
-0.983547
-1.156035
-0.572463
-0.850713
-1.378218
-0.327587
-1.043572
-0.455101
-1.099569
-1.187719
-0.669444
-0.508024
-0.689394
-1.477491
-0.082535
-0.334348
-0.827756
-1.490913
-0.916037
-0.816694
-0.330296
-1.319342
-1.198643
-0.936795
-1.398678
-0.267906
-1.077667
-0.899859
-1.510512
-0.196135
-1.976395
-1.370169
-0.869087
-0.494980
-0.959912
-0.274808
-1.497960
-0.779009
-1.154685
-1.399085
-1.104508
-0.942935
-0.441049
-0.972235
-1.056357
-0.756846
-0.660604
-0.156625
-1.278810
-1.467312
-0.874386
-0.739473
-0.044811
-1.364333
-1.057647
-0.415837
-1.328668
-1.268625
-0.392558
-0.052171
-0.675638
-1.222777
-0.704117
-1.154345
-0.158568
-0.968134
-1.126359
-1.150331
-1.251507
-1.126041
-1.518044
-1.191054
-0.379407
-0.777098
-0.584007
-1.287831
-1.645448
-0.971120
-1.559883
-1.563164
-0.923834
-0.975639
-1.491608
-1.147751
-0.241492
-1.495590
-0.697408
-0.985498
-1.285131
-0.805737
-1.608158
-0.173528
-0.745918
-0.657413
-1.171424
-0.697412
-0.747359
-0.905817
-1.368184
-0.664312
-1.278508
-1.022439
-0.075333
-0.577874
-0.851615
-1.159579
-0.550213
0.038580
-1.189954
-1.047828
-0.701083
-0.969930
-0.696103
-0.428368
-0.357558
-1.116814
-1.156206
-0.801288
-0.716977
-1.418545
-1.386039
-0.973747
-0.466208
-0.896961
-1.146380
-0.840138
-1.547124
-1.639501
-1.010378
-0.370379
-0.157217
-0.941084
-0.420841
-0.801368
-1.009034
-0.529320
-1.059620
-1.087545
-1.385058
-1.206380
-0.888437
-0.784576
-1.013300
-0.318229
-1.209275
-0.900719
-0.825271
-1.013874
-1.275323
-1.374643
-0.523721
-0.747927
-0.823472
-0.874194
-0.614676
-0.228719
-1.039291
-1.231672
-1.118076
-0.921566
-0.910201
-1.215496
-0.523751
-0.727951
-0.928633
-1.160793
-1.502866
-0.694380
-0.605740
-1.447869
-1.272310
-0.864104
-0.588346
-0.865662
-0.923943
-1.139911
-1.202632
-1.526992
-0.534427
-0.769623
-0.392216
-0.486595
-0.965244
-0.712464
-0.789084
-0.640251
-1.544409
-0.696610
-0.694798
-0.178002
-1.565273
-0.627017
-0.240511
-0.899401
-0.854319
-1.264561
-0.798025
-0.580373
-1.643934
0.946819
-1.252246
-0.691649
-0.382764
-0.663504
-0.663829
-1.184342
-0.676406
-0.710030
-0.883757
-0.665306
-0.791988
-0.957007
-0.343563
-0.957484
-1.126413
-0.918195
-1.431598
-0.699420
-1.128590
-1.282267
-1.487417
-0.909714
-0.929879
-1.078017
-1.981290
-0.457870
-0.961725
-0.319045
-0.618200
-0.939037
-0.796597
-0.986495
-1.286042
-0.902705
-1.107087
-1.266392
-1.020701
-2.164612
-0.557731
-0.877052
-1.261663
-0.619774
-0.824615
-0.776810
-0.751622
-0.581658
-1.063827
-1.531996
-0.670858
-1.330204
-0.626539
-0.133555
-1.125590
-0.399577
-1.304208
-0.862185
-0.055913
-1.014104
-0.548207
-1.141129
-0.569551
-0.654625
-1.489298
-0.941606
-0.671314
-1.667208
-0.457449
-0.930368
-1.526900
-1.180230
-1.539375
-1.173200
-0.782958
-0.814501
-0.851557
-0.445467
-0.950922
-1.210049
-0.282333
-1.239348
-1.044681
-1.127766
-1.142173
-0.802831
-1.431441
-1.245218
-0.557145
-0.622708
-0.643323
-0.886550
-0.951739
-1.016085
-1.210013
-0.237422
-1.165269
-1.237468
-1.000352
-1.074224
-0.602371
-0.413182
-0.725970
-1.393038
-1.128302
-0.735991
-1.039591
-1.009505
-1.232395
-0.211791
-0.697813
-1.183945
-0.960706
-1.084361
-1.050112
-1.337303
-1.389392
-0.474478
-1.012016
-1.230158
-0.409740
-0.922497
-0.717311
-1.440206
-0.670410
-0.310069
-0.436805
-0.823688
-0.347586
-0.951773
-0.337759
-0.828979
-0.119598
-1.567510
-0.193303
-0.811925
-0.182004
-0.138812
-1.222528
-0.241274
-0.580114
-0.428742
-0.661676
-0.962593
-1.067643
-0.863367
-0.727623
-0.642346
-0.496284
-0.069411
2.165297
-0.334308
0.789771
1.789515
0.415503
-0.311655
-0.250632
0.428675
0.191300
-0.197426
-0.347979
-0.146860
0.014417
1.116334
0.566366
-0.243781
-0.044382
0.660938
0.843054
0.231855
-0.012162
0.473321
0.521357
0.353765
4.546864
-0.414397
0.035190
0.843989
0.015713
-0.257592
-0.312497
-0.035695
-0.114058
-0.234808
-0.360953
-0.305343
-0.157527
0.281016
0.158212
-0.278561
-0.167560
0.014493
0.193070
-0.053756
-0.144472
0.092541
0.003434
0.594792
4.395804
-0.154582
-0.192109
-0.265555
-0.198934
-0.146869
-0.092987
-0.131474
-0.255712
-0.252392
-0.159160
-0.158781
-0.110687
-0.144181
-0.181858
-0.213769
-0.186705
-0.174289
-0.163357
-0.137699
-0.241615
-0.132051
-0.254773
0.801322
4.616445
-0.152652
-0.251698
-0.275818
-0.166300
-0.163483
-0.085487
-0.108335
-0.215664
-0.209845
-0.129089
-0.156363
-0.151191
-0.072550
-0.190665
-0.276603
-0.248472
-0.171997
-0.143527
-0.172484
-0.197852
-0.126105
-0.289874
0.788502
4.861461
-0.240439
-0.294545
-0.237093
-0.110469
-0.196158
-0.176695
-0.081495
-0.168311
-0.207873
-0.196108
-0.203269
-0.155362
-0.143909
-0.243096
-0.256708
-0.218087
-0.179909
-0.123359
-0.172586
-0.166426
-0.143339
-0.327428
0.809744
4.791624
-0.250095
-0.213600
-0.154657
-0.118785
-0.255018
-0.259746
-0.079176
-0.106834
-0.200584
-0.247689
-0.231014
-0.134066
-0.124226
-0.208783
-0.226409
-0.133061
-0.177077
-0.264514
-0.225438
-0.135463
-0.147867
-0.337506
0.674933
4.717308
-0.147252
-0.154784
-0.217037
-0.131844
-0.173173
-0.249695
-0.147044
-0.120639
-0.134151
-0.180837
-0.226015
-0.171131
-0.159319
-0.144116
-0.156481
-0.180066
-0.178391
-0.344545
-0.218002
-0.079868
-0.154262
-0.376238
0.614379
4.635141
-0.053506
-0.199682
-0.236854
-0.174495
-0.221200
-0.272131
-0.158956
-0.183943
-0.173961
-0.149183
-0.220632
-0.148709
-0.197676
-0.216457
-0.115720
-0.152122
-0.252219
-0.416079
-0.055341
0.284855
-0.168074
-0.392568
0.470423
3.983902
-0.134103
-0.368631
-0.160491
-0.076108
-0.276672
-0.298376
-0.059016
-0.015610
-0.368966
-0.190198
-0.180992
-0.166765
-0.170470
-0.258632
-0.116063
-0.111725
-0.256118
-0.230954
-0.145418
-0.098490
-0.089211
-0.320946
0.631817
4.033209
-0.184756
-0.333024
-0.156332
-0.090089
-0.227191
-0.243396
-0.175992
-0.118058
-0.537392
-0.095562
0.437397
-0.141688
-0.180454
-0.201065
-0.113753
-0.179991
-0.234043
-0.094093
-0.195578
-0.263530
-0.054938
-0.248692
0.753573
4.610438
-0.284201
-0.248035
-0.177744
-0.152675
-0.191008
-0.178080
-0.166522
-0.207072
-0.432471
-0.178024
0.278150
-0.111855
-0.190867
-0.160764
-0.136282
-0.215024
-0.169645
-0.133808
-0.181610
-0.139588
-0.149280
-0.323455
0.550187
4.199391
-0.379595
-0.097497
0.215695
-0.149473
-0.202168
-0.198351
-0.168715
-0.135690
-0.215965
-0.173666
-0.156464
-0.216402
-0.208389
-0.193587
-0.200898
-0.267334
-0.181497
-0.124255
-0.179258
-0.106233
-0.199469
-0.393819
0.739241
4.463611
-0.318851
-0.159735
0.024425
-0.158573
-0.226973
-0.214349
-0.206807
-0.172616
-0.142282
-0.144779
-0.143885
-0.173315
-0.164582
-0.210653
-0.223421
-0.242328
-0.138874
-0.135329
-0.226981
-0.141843
-0.169017
-0.390800
0.679906
4.376353
-0.241872
-0.189984
-0.163072
-0.142440
-0.231843
-0.231025
-0.124788
-0.232490
-0.207445
-0.171518
-0.202651
-0.167132
-0.146418
-0.131087
-0.217987
-0.249089
-0.094574
-0.149882
-0.307111
-0.192329
-0.137614
-0.336909
0.702727
4.190811
-0.233129
-0.244116
-0.158509
-0.095295
-0.168972
-0.214741
-0.132622
-0.272591
-0.268237
-0.141593
-0.222379
-0.194719
-0.264246
-0.038254
0.002452
-0.242420
-0.200160
-0.231934
-0.296150
-0.284849
-0.180076
-0.239409
0.601021
3.938244
-0.217331
-0.265059
-0.170940
-0.121619
-0.188783
-0.121927
-0.144601
-0.316555
-0.279181
-0.142895
-0.206428
-0.199613
-0.224881
-0.127884
-0.101069
-0.141583
-0.118685
-0.232587
-0.256180
-0.277133
-0.162912
-0.150889
0.679899
3.789127
-0.246916
-0.205241
-0.147482
-0.089609
-0.179046
-0.100988
-0.215890
-0.362808
-0.192605
-0.078739
-0.167532
-0.182407
-0.146031
-0.196799
-0.286656
-0.209075
-0.093258
-0.111709
-0.217563
-0.342027
-0.209816
-0.224513
0.672135
3.870055
-0.232634
-0.154020
-0.185708
-0.094779
-0.180030
-0.189139
-0.179929
-0.255910
-0.165257
-0.134601
-0.153744
-0.186368
-0.178914
-0.193645
-0.227281
-0.245665
-0.102541
-0.036262
-0.196178
-0.327633
-0.258154
-0.278291
0.632513
4.013039
-0.149826
-0.157418
-0.176523
-0.118820
-0.202241
-0.221666
-0.204766
-0.165476
-0.159388
-0.216243
-0.143106
-0.190829
-0.164952
-0.189526
-0.308428
-0.254467
-0.079223
-0.037988
-0.226665
-0.270650
-0.193334
-0.300497
0.479064
3.667525
-0.120887
-0.165426
-0.209425
-0.165785
-0.200317
-0.216676
-0.299263
-0.195426
-0.108569
-0.204373
-0.201170
-0.202053
-0.143198
-0.176238
-0.300705
-0.202265
-0.130341
-0.176781
-0.215562
-0.231726
-0.182771
-0.215862
0.620740
4.008831
-0.193971
-0.189177
-0.152700
-0.100217
-0.168747
-0.280184
-0.236402
-0.240530
-0.148742
-0.161437
-0.249515
-0.157339
-0.110603
-0.188951
-0.229794
-0.123586
-0.155163
-0.188771
-0.167884
-0.238520
-0.231363
-0.188151
0.649796
4.753812
-0.162695
-0.237618
-0.161534
-0.071061
-0.158393
-0.368576
-0.094575
-0.022093
-0.199383
-0.195706
-0.264138
-0.182430
-0.141213
-0.184015
-0.207031
-0.159115
-0.224639
-0.159153
-0.115091
-0.238757
-0.247928
-0.270377
0.574241
4.657947
-0.154594
-0.285200
-0.217838
-0.090085
-0.152138
-0.361434
-0.141889
0.019810
-0.218162
-0.250746
-0.209919
-0.189068
-0.177427
-0.196762
-0.190746
-0.154879
-0.209996
-0.121211
-0.148541
-0.255782
-0.158515
-0.280928
0.909123
5.295200
-0.159914
-0.243798
-0.215914
-0.090920
-0.161421
-0.234963
-0.158116
-0.103179
-0.256609
-0.324236
-0.183503
-0.148840
-0.192753
-0.171920
-0.160739
-0.159841
-0.195200
-0.195769
-0.163311
-0.173684
-0.151368
-0.305352
0.797646
5.215790
-0.199130
-0.268762
-0.269896
-0.153296
-0.090024
-0.169737
-0.234700
-0.131890
-0.170115
-0.275607
-0.189385
-0.154791
-0.132889
-0.140772
-0.192303
-0.196368
-0.183969
-0.216646
-0.216906
-0.103918
-0.142740
-0.329129
0.992608
5.124927
-0.264347
-0.280121
-0.242671
-0.188383
-0.093215
-0.138241
-0.224484
-0.197761
-0.169270
-0.260425
-0.259229
-0.121095
-0.012700
-0.125223
-0.309025
-0.279154
-0.195733
-0.103843
-0.179686
-0.198768
-0.219609
-0.366802
0.662521
4.386447
-0.251331
-0.208293
-0.174018
-0.208544
-0.241677
-0.181150
-0.082035
-0.212323
-0.287217
-0.199111
-0.181152
-0.158624
-0.154949
-0.237722
-0.241888
-0.147327
-0.214146
-0.168352
-0.112035
-0.139656
-0.165151
-0.386649
0.846027
4.920646
-0.127225
-0.154388
-0.252696
-0.258103
-0.217647
-0.218457
-0.047810
-0.162040
-0.343672
-0.178338
-0.171071
-0.263628
-0.273763
-0.319448
-0.163505
-0.015039
-0.256251
-0.258189
-0.113478
-0.140593
-0.176558
-0.335854
0.373641
0.301586
0.309539
0.118786
0.154666
0.240966
0.253864
0.208599
0.217863
0.411795
0.311163
0.257380
0.231834
0.242041
0.247202
0.218357
0.132182
0.176466
0.280812
0.239685
0.153220
0.130697
0.251291
0.073835
0.375525
0.239663
0.370150
0.344905
0.170524
0.328879
0.320339
0.276242
0.234697
0.244657
0.275701
0.275621
0.317985
0.254770
0.267947
0.263732
0.149587
0.168014
0.272641
0.437043
0.394156
0.185803
0.150832
0.108953
0.287517
0.249094
0.303477
0.460739
0.193095
0.073425
0.292367
0.417634
0.160398
0.142884
0.381246
0.391346
0.232606
0.193217
0.165819
0.127383
0.349488
0.259350
0.199082
0.282341
0.370397
0.136080
0.147376
0.165039
0.115184
0.354641
0.270896
0.173470
0.315091
0.321272
0.217830
0.249282
0.253112
0.174439
0.194639
0.258863
0.323282
0.173086
0.143446
0.175039
0.177793
0.233229
0.109184
0.234114
0.202143
0.337351
0.269891
0.110654
0.178478
0.142054
0.309506
0.343066
0.252567
0.197179
0.201999
0.261206
0.376560
0.332680
0.215275
0.258776
0.313941
0.421393
0.262081
0.096334
0.150142
0.259706
0.210516
0.288671
0.136655
0.199896
0.291009
0.106762
0.279913
0.180953
0.077521
0.217188
0.460359
0.390257
0.222679
0.198411
0.318006
0.386495
0.309550
0.218721
0.324830
0.194323
0.144062
0.268991
0.218627
0.138753
0.108437
0.344421
0.292639
0.011794
0.143796
0.130438
0.282440
0.199076
0.067646
0.197841
0.310885
0.311169
0.188835
0.281944
0.293759
0.222630
0.406907
0.215289
0.356040
0.358812
0.168689
0.223140
0.106311
0.274265
0.212369
0.190658
0.508138
0.242078
0.091422
0.112719
0.282518
0.103155
0.266719
0.282535
0.107927
0.192712
0.437786
0.335180
0.309590
0.341118
0.225836
0.190772
0.152791
0.385636
0.308090
0.215171
0.062520
0.008136
0.135488
0.334016
0.372595
0.364896
0.158827
0.069311
0.197707
0.182828
0.330123
0.388841
0.235683
0.187895
0.212109
0.347423
0.339810
0.361830
0.264134
0.180126
0.118417
0.218402
0.289550
0.246239
0.256875
0.236636
0.304584
0.151678
0.156549
0.358649
0.454248
0.040899
0.247043
0.261192
0.243847
0.394032
0.262681
0.191064
0.238083
0.171970
0.292638
0.406149
0.377888
0.287271
0.141199
0.209589
0.259620
0.273570
0.314206
0.253998
0.344199
0.376090
0.165815
0.031284
0.172286
0.234816
0.410301
0.278657
0.123541
0.399845
0.439962
0.142984
0.211970
0.277642
0.142883
0.210325
0.510340
0.240986
0.182700
0.191722
0.182048
0.232387
0.169737
0.243104
0.308650
0.155074
0.165006
0.202629
0.150427
0.092271
0.213193
0.339605
0.179130
0.366825
0.451894
0.264912
0.092575
0.343330
0.322586
0.054189
0.212438
0.361884
0.202990
0.174226
0.079570
0.199279
0.310822
0.198587
0.192821
0.221929
0.213139
0.386080
0.259846
0.045239
0.156247
0.243812
0.087318
0.118669
0.305405
0.286849
0.228072
0.141954
0.293147
0.155985
0.262204
0.427050
0.126312
0.047344
0.327616
0.189798
0.039099
0.397146
0.313889
0.389985
0.333380
0.263257
0.346188
0.109646
0.238121
0.267981
0.124018
0.005142
0.293126
0.193947
0.142011
0.232755
0.295277
0.327602
0.120879
0.332890
0.195972
0.202397
0.356999
0.226763
0.001036
0.261493
0.385993
0.237099
0.363599
0.419416
0.169592
0.060837
0.189126
0.172649
0.395617
0.204374
0.073886
0.235394
0.201647
0.210211
0.225546
0.382769
0.414000
0.132744
0.256455
0.179621
0.132665
0.277443
0.494634
0.231059
0.207814
0.191161
0.271479
0.420306
0.382075
0.062881
0.334744
0.170182
0.234985
0.378577
0.331758
0.350305
0.150102
0.116066
0.202143
0.240904
0.370802
0.301108
0.155008
0.178231
0.237932
0.172995
0.285160
0.300685
0.151107
0.046952
0.265301
0.230061
0.287282
0.156239
0.354539
0.269285
0.221349
0.254974
0.198074
0.293317
0.320568
0.178913
0.118538
0.088594
0.213532
0.328353
0.382439
0.270079
0.284879
0.212119
0.027092
0.248186
0.242039
0.052556
0.169116
0.228761
0.240796
0.177002
0.303130
0.297371
0.144764
0.191624
0.293180
0.342950
0.226759
0.234213
0.301792
0.155276
0.144708
0.184044
0.245331
0.357740
0.284936
0.318151
0.334869
0.105640
0.284547
0.244530
0.082572
0.241980
0.341763
0.130597
0.242463
0.219907
0.137287
0.245108
0.344869
0.177203
0.139920
0.085679
0.310312
0.265462
0.049685
0.189784
0.015893
0.166202
0.413758
0.387417
0.291907
0.233245
0.219871
0.226384
0.194237
0.346183
0.356373
0.125555
0.045890
0.169410
0.280069
0.349166
0.201777
0.188427
0.396738
0.240823
0.125298
0.250926
0.210783
0.041226
0.181835
0.231072
0.249061
0.305511
0.392998
0.302693
0.159866
0.291413
0.216157
0.147868
0.297115
0.210464
0.106350
0.115374
0.032784
0.165757
0.365721
0.226148
0.236647
0.339868
0.163927
0.120036
0.186308
0.242328
0.249345
0.272436
0.119702
0.178075
0.245743
0.392970
0.367961
0.241248
0.179511
0.167392
0.418204
0.216126
0.161179
0.172282
0.038260
0.050257
0.386969
0.328625
0.152816
0.383359
0.492336
0.295285
0.106817
0.313922
0.274035
0.141095
0.238906
0.183772
0.229472
0.441952
0.365070
0.251795
0.185811
0.224090
0.344124
0.216360
0.220972
0.136060
0.200981
0.140325
0.098760
0.305930
0.331069
0.195843
0.396652
0.346965
0.164653
0.122897
0.234996
0.176513
0.228819
0.112002
0.112410
0.345175
0.230682
0.277923
0.424914
0.256449
0.147834
0.162471
0.399996
0.086111
0.098422
0.126037
0.168507
0.200784
0.267412
0.264492
0.253547
0.188479
0.181728
0.199499
0.272025
0.289995
0.215222
0.167834
0.111160
0.229118
0.290655
0.308677
0.268149
0.134994
0.229973
0.128758
0.319877
0.152219
0.082157
0.268077
0.231030
0.173747
0.102037
0.345588
0.271729
0.183214
0.137808
0.280301
0.375186
0.139123
0.151233
0.403186
0.191350
0.124049
0.236214
0.675051
0.171249
0.234517
0.363329
0.201509
0.132876
0.196181
0.219926
0.258212
0.312107
0.199940
0.185974
0.126344
0.111076
0.123021
0.339479
0.394536
0.355883
0.293573
0.062441
0.142653
0.385262
0.264637
0.154322
0.278409
0.307030
0.213989
0.141721
0.117520
0.351679
0.262252
0.201824
0.090213
0.307047
0.233601
0.249307
0.102548
0.057338
0.209157
0.306103
0.375384
0.312983
0.344063
0.214105
0.195712
0.228663
0.217971
0.327198
0.342485
0.301558
0.077307
0.067005
0.116552
0.248687
0.121714
0.325937
0.054638
0.092837
0.170903
0.072713
0.148687
0.087758
0.020809
0.011795
0.190641
0.189595
0.162737
0.165429
0.263652
0.019571
0.126612
0.174602
0.071137
0.093031
0.210415
0.095004
0.074311
-0.069050
-0.690144
-0.872809
-0.415758
-0.080760
0.096900
-0.254254
-0.307608
-0.239764
-0.253942
0.094273
-0.370159
-0.442987
-0.050681
-0.474962
-0.485301
-0.220876
-0.101529
-0.187591
-0.502908
-0.288371
-0.001212
-0.609895
-0.632616
-0.340242
1.258180
2.129587
0.289170
-0.449830
-0.356659
-0.076432
0.834562
0.251332
-0.264395
-0.339678
1.034569
0.482048
-0.156350
0.891633
0.931960
0.311892
-0.132222
-0.118378
1.355340
0.801951
-0.047312
1.182560
1.085779
-0.116571
-0.047782
-0.629912
-0.203963
0.605281
-0.109257
-0.246661
-0.445277
-0.477064
0.178195
-0.193656
-0.604900
-0.422122
-0.403732
-0.541302
-0.418042
-0.541752
-0.134933
-0.545293
-1.250329
-0.733693
-0.071591
-0.280429
-0.178324
-0.287498
-0.788167
-0.362863
-0.112392
-0.699024
-0.629318
-0.426065
-0.401748
-0.386548
-0.154511
-0.522700
-0.521227
0.227902
-0.037159
-0.432079
-0.205022
-0.325747
-0.357087
0.199250
0.932673
0.093152
-0.630532
-0.589388
-0.038951
-0.096299
0.770514
-0.272732
-0.279282
0.264953
-0.012852
-0.220328
-0.072604
-0.249959
-0.372561
0.136838
0.604466
-0.519053
-0.289964
0.286306
0.045144
-0.168430
-0.085400
-0.271689
-0.279427
-0.412117
-0.215951
-0.311945
-0.198255
-0.431529
-0.750929
0.236656
-0.237871
-0.804448
-0.237592
-0.423775
-0.444420
-0.361797
-0.093465
-0.044647
-0.235011
-0.709233
-0.583224
-0.268047
-0.445293
-0.520562
-0.241897
-0.243221
-0.358591
-0.192086
-0.215765
-0.129717
-0.316438
-0.229384
-0.102335
-0.414787
-0.212531
-0.051714
-0.378851
0.085653
-0.066533
-0.435200
-0.637466
-0.856369
-0.619267
-0.027771
0.531615
-0.551277
-0.164573
0.020133
-0.364540
-0.470110
-0.202524
0.044362
-0.631189
-0.507340
0.121592
-0.118087
0.505305
-0.306948
-0.395540
-0.370324
-0.179053
-0.466654
-0.608716
-0.223379
0.349106
-0.267403
-0.048565
0.179985
-0.351619
-0.404871
-0.622328
-0.494050
-0.070946
-0.334353
-0.277138
-0.526858
-0.189851
0.198447
-0.393050
-0.391392
-0.084315
-0.083430
-0.106507
-0.257280
-0.206040
-0.181179
-0.237002
-0.412244
-0.755086
-0.023927
-0.141862
-0.920329
-0.339756
0.168446
-0.152091
-0.548953
-0.500359
-0.108324
-0.126603
-0.284793
-0.214289
-0.228958
-0.310299
-0.165872
-0.335612
-0.447360
-0.406316
-0.587416
-0.212545
0.038190
0.200292
-0.220819
-0.121552
-0.579182
-0.749003
-0.157885
-0.319507
-0.446679
-0.305917
-0.055322
-0.181172
-0.416361
-0.282443
-0.231998
-0.471922
-0.416755
-0.073148
-0.110864
-0.093303
-0.540489
-0.276518
-0.105717
-0.312410
-0.799213
-0.324075
-0.023339
-0.325640
-0.066165
-0.221448
-0.545083
-0.399060
-0.600589
-0.150540
-0.136583
-0.265797
-0.073309
0.211110
-0.268583
-0.516690
-0.093002
-0.470424
-0.545769
-0.270141
-0.186798
-0.550949
-0.126982
-0.073454
-0.012234
-0.454574
-0.463887
-0.193145
-0.583573
-0.254050
0.353487
0.002151
0.126766
-0.178217
-0.219818
0.120400
-0.532316
-0.974416
-0.233339
0.008750
-0.027304
-0.035057
-0.124893
-0.126071
-0.158369
0.106638
-0.279311
-0.461423
-0.571123
-0.281694
-0.415567
-0.059499
-0.190746
-0.079905
0.276855
-0.434919
-0.513775
-0.452452
-0.345099
-0.450186
-0.136432
0.618554
-0.309782
-0.361860
-0.379721
-0.421928
-0.084353
-0.166930
-0.483493
-0.235013
-0.458075
-0.337852
-0.021924
-0.389488
-0.552510
-0.523938
-0.482520
-0.378493
-0.539989
-0.028767
-0.042871
-0.243211
-0.230734
-0.423151
-0.283751
-0.416457
-0.221365
0.181615
-0.257936
-0.334027
-0.450830
-0.469940
-0.144428
-0.255853
0.055654
0.519118
-0.344360
-0.540572
0.222275
0.641878
0.340783
-0.201238
-0.101624
-0.550798
-0.585047
-0.042579
-0.252332
-0.234461
-0.154888
-0.266758
-0.245967
-0.410582
-0.188728
-0.006680
0.143226
0.111570
-0.553154
-0.054338
-0.429628
-0.797163
-0.278816
0.789515
-0.173777
-0.755065
-0.643922
-0.452316
-0.534746
0.605763
-0.047269
-0.575443
-0.187155
-0.002185
-0.035400
-0.408342
-0.292852
0.129243
-0.214387
-0.553667
-0.296264
-0.010016
-0.251163
-0.224110
-0.298429
-0.331484
-0.158830
-0.410621
-0.302991
-0.101411
-0.324225
-0.121562
-0.051473
-0.669951
-0.171764
0.254554
-0.186831
-0.582311
-0.447093
0.577848
-0.655631
-1.279694
-0.205474
0.222070
-0.601580
-0.682122
0.239528
-0.502864
-0.669321
-0.064819
-0.315937
-0.506925
-0.371855
0.134254
-0.020003
-0.353252
-0.664400
-0.241113
-0.164683
-0.390880
-0.146318
-0.085616
-0.185383
-0.709315
0.541882
2.388390
-0.171453
-0.632065
0.109381
1.057316
-0.721575
-0.282567
0.472418
-0.054873
-0.125202
0.017074
-0.071659
-0.780147
-0.643251
0.423733
0.515683
-0.390589
-0.521848
-0.250741
-0.183575
-0.166118
-0.433833
-0.293664
-0.439237
-0.881360
-0.255350
0.366160
-0.316365
-0.406217
0.029554
-0.077685
-0.274706
-0.255452
-0.467929
-0.139352
-0.242672
-0.228372
-0.062213
-0.580098
-0.560343
-0.037458
-0.350200
-0.149112
-0.353662
-0.629595
-0.224301
-0.241113
-0.185917
-0.167130
-0.419393
-0.289014
-0.032883
0.255811
-0.285355
-0.513271
-0.877192
-0.609297
-0.211443
-0.598186
-0.417856
-0.166522
-0.369740
-0.443317
-0.340054
-0.288441
-0.136886
-0.516867
-0.686354
-0.105961
0.189814
-0.242390
-0.124691
-0.069201
-0.518356
-0.658125
-0.201388
-0.255242
-0.340021
0.468401
1.519036
0.123327
-0.333506
-0.138372
-0.363394
-0.395933
-0.122781
-0.107590
-0.091120
-0.214121
-0.332291
-0.100742
-0.130182
-0.414047
-0.290506
-0.451655
-0.585306
-0.235551
0.985197
0.149186
-0.430550
-0.487870
-0.313373
-0.483055
-0.309330
-0.455322
-0.169320
0.032934
-0.253987
-0.288885
-0.022034
-0.064321
-0.199325
-0.389674
-0.324403
-0.097255
-0.363453
-0.406084
-0.379084
-0.239869
0.589588
-0.479085
-0.618249
-0.005788
0.002519
0.650468
-0.186657
-0.189608
-0.294438
-0.142755
-0.273132
-0.353489
-0.331009
-0.053156
-0.636636
-0.528760
-0.218786
-0.277069
-0.088040
-0.461915
-0.307174
-0.177012
-0.037713
-0.012957
-0.429396
-0.370993
-0.252333
-0.576787
-0.238748
-0.277755
0.067046
-0.140163
-0.388069
-0.180020
-0.114282
-0.397105
-0.442998
-0.057211
-0.212091
-0.259218
-0.398647
-0.311843
-0.435811
0.194351
0.529672
-0.301772
-0.606890
-0.927283
-0.750139
-0.209442
-0.083833
-0.066850
-0.082332
-0.345040
-0.663924
-0.212539
0.120109
-0.273023
-0.409973
-0.108836
-0.205513
-0.678286
-0.656198
-0.186455
-0.134679
-0.177151
-0.479799
-0.426325
-0.359944
-0.132953
-0.063673
0.087509
0.866734
-0.327212
-0.440258
-0.162016
-0.332625
-0.084089
0.260450
-0.119261
-0.437756
-0.303734
-0.160858
-0.500909
-0.182269
0.487052
-0.281791
-0.345012
-0.498098
-0.148796
0.005655
-0.540137
-0.423847
-0.220595
-0.517505
-0.353876
-0.397162
-0.186530
-0.142066
-0.396378
-0.120835
-0.179657
-0.421018
-0.399281
-0.316850
0.320355
-0.083035
-0.006277
-0.207813
-0.484427
-0.226567
-0.233099
0.587352
-0.040073
-0.253197
0.050344
-0.326126
-0.096695
0.343598
-0.258101
-0.455656
-0.429723
-0.277257
-0.174460
0.728485
0.453796
0.274671
-0.082750
-0.014696
-0.043377
0.209920
0.498745
0.454938
0.525382
0.265692
0.458700
0.162383
0.557986
0.481756
0.493198
0.660748
0.625737
0.563697
0.811282
1.078291
0.599883
0.887098
0.279905
1.506451
2.444303
2.162153
2.799754
2.718135
2.611368
2.513704
1.914787
2.216527
1.864279
2.896493
1.842969
2.431422
1.862581
2.412638
1.910195
1.710622
1.705953
1.570601
1.941965
0.509660
1.746397
1.445356
1.313034
1.962497
1.244308
0.461517
-0.214321
-0.040358
0.112439
0.827126
1.040513
1.007740
1.440838
1.337490
1.631037
1.184193
1.475764
1.745834
1.045509
1.695234
0.794968
1.311981
1.334957
1.256881
1.024096
1.478781
0.877863
1.500271
1.852679
2.021672
2.143487
1.934792
1.817526
1.628723
2.011531
2.314735
1.800475
1.945477
1.382617
1.395476
1.427761
1.754339
1.333823
1.355601
1.302793
1.738788
2.690668
2.316179
1.858748
1.818239
1.004161
0.562648
0.750732
1.641965
1.692364
1.468992
1.205710
1.192641
1.675746
1.453959
1.679443
2.158327
3.237619
2.277508
2.282262
1.472973
1.088997
1.886984
1.261826
0.684872
0.868493
1.151506
1.800723
2.018762
1.159376
1.839946
1.611107
0.732627
0.823756
0.771666
0.892599
1.239389
1.654004
2.018356
1.717498
1.591545
1.188753
1.625100
1.117686
1.237986
-0.051679
1.090416
0.916490
1.721808
1.987085
1.795886
1.971735
2.227979
1.403909
0.971326
1.141026
1.454428
1.784255
1.951349
1.689695
1.323929
1.498934
2.800343
3.129579
2.727246
2.797529
2.405181
2.676761
1.624902
1.819309
1.415908
1.523528
1.392454
1.813733
1.702600
1.103156
1.543334
0.707750
0.912732
0.510264
-0.125264
-0.201421
0.424732
1.446361
1.786419
1.453891
1.079447
1.197266
1.409311
1.323509
1.408931
0.845213
0.373471
0.191693
0.698823
1.562517
1.579552
2.152181
1.675107
2.447366
2.105866
1.384217
1.678570
1.831231
1.343224
1.524594
1.678765
1.423043
1.493721
1.963025
3.198997
2.442473
1.962118
1.443029
1.670493
1.440027
1.244684
0.996848
1.376572
1.526731
0.590928
0.497738
0.285075
0.488429
1.676498
0.983036
1.252068
0.220448
1.784907
1.257691
1.592764
1.978127
1.774538
2.175033
2.003037
2.511903
1.833105
1.136745
0.904250
0.878346
0.814209
0.456887
0.945858
1.298956
1.858619
2.847248
2.213048
2.276348
1.645021
1.283798
0.649631
0.804916
1.082100
0.964710
1.759733
1.429990
2.012753
1.941873
1.503012
1.104833
1.266927
0.626387
1.016741
0.904456
0.727884
1.396704
1.533224
1.704419
0.142883
-0.000982
-0.033913
0.805728
0.903108
0.992704
1.684285
1.788308
1.643252
1.918261
0.590508
1.639166
1.027824
1.393181
1.225221
1.584455
1.984051
1.604167
1.356223
-0.041701
0.911226
0.641826
1.040239
1.582667
1.660652
2.536786
1.730684
1.995698
1.695645
1.159489
1.574418
1.074274
1.633501
1.117718
2.076679
1.421650
1.729542
2.046736
1.559215
0.582429
1.684211
1.322411
2.173853
2.667320
1.832728
2.113118
1.657636
1.777333
1.465838
1.094918
0.966187
1.281630
1.146933
0.813429
1.312286
1.888514
2.420295
1.964618
1.150251
1.297492
1.166890
1.670562
1.670917
0.649792
1.828777
0.828100
1.367172
0.175297
0.768211
0.716073
1.123438
2.336120
1.509338
2.688294
1.492767
2.214556
1.880423
1.436708
1.506393
1.635691
0.760261
0.883544
0.873118
1.185057
0.940730
1.462904
2.583320
1.340695
1.851340
1.879321
1.742335
1.952215
1.935441
2.398748
2.047638
2.491120
2.366613
2.520041
2.060883
0.888674
1.109491
0.711097
1.355417
0.747640
2.005672
0.996185
1.604966
0.992588
1.273369
1.568071
2.030135
1.904256
1.640129
1.493516
1.546991
0.604540
1.061666
0.801229
0.445848
1.629482
0.262820
1.178588
0.656744
0.649075
0.289503
0.518609
1.804725
1.359864
1.722656
0.799325
0.833007
0.846511
0.887352
1.669829
2.016829
1.398113
1.328750
0.964595
1.263413
1.216199
1.335409
1.676755
2.175265
2.893424
3.116324
2.651857
2.824484
2.614417
2.442511
1.434134
1.593809
1.093639
0.975600
1.116874
1.541971
1.703001
1.569463
1.272125
1.051188
1.155147
1.115203
0.839123
1.793534
1.717450
2.850376
1.757443
1.278343
1.761636
0.437865
0.331715
-0.042380
0.206139
0.156751
0.324079
1.374538
0.391482
1.340718
0.154172
1.016620
1.291725
1.139566
1.465876
1.383761
0.595084
0.801601
0.897464
1.815506
2.452815
1.414566
1.974195
1.173162
0.501789
1.230775
1.322811
2.196694
1.803867
2.128259
1.104656
1.645273
1.876325
1.643789
1.519697
1.414509
2.197875
1.629344
1.195748
0.931590
0.507912
0.756341
-0.032324
-0.016032
0.641575
2.596682
2.480598
2.557419
1.853133
-0.016771
0.655795
0.470795
1.539316
1.830992
1.206344
1.075211
1.100582
0.821702
1.300882
1.562819
1.606689
1.615366
1.372602
1.437086
0.518335
0.461308
0.950541
0.907466
1.308158
1.201388
2.049186
1.979637
1.640695
1.589431
2.145023
1.832419
2.195155
2.079348
1.405649
1.427508
1.445699
1.484557
1.074139
0.644229
0.613976
1.342619
1.572014
2.131335
-0.038705
0.191129
0.323226
0.894803
1.808967
2.014659
2.070163
2.206007
2.140073
1.264997
1.025544
0.543453
0.833392
1.277185
0.839568
1.102303
1.506750
0.828382
0.829876
1.410059
1.887599
1.532902
1.879572
1.374639
1.419958
1.269163
1.469016
1.676013
1.989110
1.475553
1.734960
1.477546
2.015301
1.791686
3.126714
2.276325
2.547757
2.447040
1.433810
1.210336
2.076443
1.535733
1.428332
1.638761
1.514505
2.257242
1.697532
2.742771
2.190767
1.940769
2.436720
1.449978
1.658142
1.764807
1.408605
1.573614
1.921605
1.608149
1.870441
1.349171
1.076936
0.823126
0.952157
0.680160
0.912441
1.020045
0.678226
0.898249
0.991332
1.171532
2.066457
1.882964
0.667111
1.402123
0.605545
1.883924
1.603188
1.501841
0.668218
1.354491
2.147737
1.470849
1.656300
1.998039
1.704669
2.494155
1.287299
1.905473
2.668164
2.025027
2.107452
1.583543
1.686090
2.100048
1.801585
1.115827
1.419020
0.191811
1.699232
1.033504
0.878842
1.517423
1.396528
1.188636
2.011998
2.294348
1.766013
1.881494
1.517055
1.509295
0.971229
0.767026
1.261384
0.947236
1.324539
1.678896
0.689409
0.372816
0.932191
1.561526
0.320841
1.260263
1.033876
1.646316
1.304065
0.972626
0.702397
1.058872
1.214993
1.450495
0.221846
0.921046
1.059169
2.689569
1.709718
1.300487
1.702641
1.562858
2.223884
1.804979
1.253167
0.674827
0.354020
-0.144625
0.186321
0.085607
0.859966
1.256700
0.578227
0.821683
0.548543
0.916046
1.300772
1.439499
1.544703
1.912832
1.687131
1.766701
1.045615
1.077023
0.636122
0.689847
0.443185
0.279562
0.262879
0.132474
0.313092
0.739599
0.020882
0.053742
0.187932
0.024454
0.157299
0.531301
0.620143
0.930348
0.595878
0.372996
0.198738
0.190155
0.534726
1.020208
0.454646
0.902901
0.439104
0.562536
0.172772
0.138072
0.437965
0.281797
0.446914
0.897722
0.122264
0.133637
0.399383
0.472440
0.265398
0.710349
0.125059
1.074393
0.447460
0.857975
0.039721
0.080277
0.496818
1.405886
0.689138
0.169491
0.283937
0.249132
0.058807
0.379851
0.024344
0.329710
0.221708
0.174396
0.165383
0.450744
0.260840
0.117950
0.267478
0.082744
0.085980
0.293791
0.624392
0.909118
0.500776
0.311551
0.202801
0.408616
0.702321
0.017960
0.152563
0.381927
0.457776
0.140545
0.195485
0.256839
0.189279
0.091277
0.037865
0.087221
0.239950
0.197060
0.274874
0.331222
0.062068
0.295300
0.347990
0.752581
0.675433
0.440457
0.020230
0.348379
0.692859
0.136057
0.042936
0.374196
0.007852
0.142228
0.244414
0.363365
0.195126
0.070440
0.057530
0.145819
0.110556
0.304969
0.230703
0.060641
0.009598
0.363105
0.305377
0.221883
0.034348
0.094085
0.019820
0.296744
0.895328
0.032114
0.226467
0.001556
0.537690
0.387558
0.150066
0.100891
0.096049
0.241162
0.179066
0.200625
0.137007
0.079459
0.023162
0.174809
0.035556
0.325188
0.193049
0.056794
0.295977
0.189407
0.482666
0.110544
0.460548
0.003691
0.352071
0.752527
0.684092
0.232289
0.222283
0.184816
0.160902
0.081966
0.579824
0.175137
0.341609
0.611986
0.604121
0.272084
0.253636
0.155011
0.021724
0.117006
0.240132
0.351683
0.315746
0.350441
0.088282
0.124835
0.150924
0.145496
0.290918
0.031517
0.232927
0.039851
0.223972
0.165807
0.173384
0.257044
0.367545
0.723814
0.892340
0.381001
0.103399
0.089466
0.064578
0.272266
0.719548
0.507032
0.059957
0.390422
0.611071
0.202320
0.080915
0.021412
0.032798
0.517970
0.637293
0.095900
0.208619
0.015845
0.138041
0.405548
0.881029
0.470754
0.221775
0.143560
0.329679
0.620979
0.359811
0.131994
0.052175
0.509354
0.099621
1.227278
1.216754
0.317146
0.302176
0.030063
0.167500
0.641073
0.528458
0.348959
0.520681
0.222865
0.074422
0.341831
0.768970
0.498056
0.077404
0.199134
0.088294
0.003108
0.081820
0.154347
0.214791
0.507806
0.122788
0.388741
1.171254
0.299781
0.122480
0.308326
0.126099
0.062341
0.443877
0.272263
0.034469
0.156593
0.283557
0.381090
0.928824
0.251976
0.072237
0.106037
0.321670
0.178712
0.077853
0.251306
0.084255
0.236730
0.189264
0.283112
0.528496
0.058009
0.432598
0.015341
0.343604
0.458988
0.120467
0.015320
0.107182
0.325996
0.190438
0.462726
0.801281
0.189690
0.192212
0.488266
0.219025
0.060261
0.140098
0.039159
0.426746
0.334724
0.228780
0.103607
0.328320
0.621027
0.678410
0.339359
0.757114
0.314256
0.161135
0.035206
0.526500
0.061646
0.227832
0.352975
0.330968
0.333290
0.042422
0.145217
0.399340
0.076332
0.140125
0.025837
0.028539
0.153452
0.254525
0.046558
0.150182
0.701251
0.722001
0.141994
0.105330
0.229816
0.281484
0.270291
0.036636
0.044580
0.125164
0.133313
0.212762
0.115809
0.402580
0.316873
0.141672
0.011093
0.207669
0.496384
0.033786
0.246756
0.185641
0.201143
0.028767
0.752954
0.652796
0.042610
0.213686
0.072554
0.009410
0.140813
0.142959
0.725102
0.198160
0.055354
0.087472
0.080895
0.709625
0.514555
0.464301
0.093895
0.177215
0.452878
0.253114
0.077289
0.312525
0.054796
0.312409
0.755960
0.589986
0.214478
0.012001
0.137301
0.121133
0.029885
0.078238
0.142360
0.249233
0.386545
0.212806
0.239985
0.358866
0.145038
0.134431
0.014010
0.285787
0.016869
0.246967
0.444062
0.356147
0.652585
0.642987
0.800104
0.638505
0.198698
0.005579
0.097042
0.291984
0.016166
0.616332
0.408159
0.001357
0.040652
0.274889
0.405884
0.156207
0.364100
0.296730
0.194839
0.150477
0.272874
0.157518
0.128050
0.219234
0.730005
0.492263
0.701627
0.811011
0.475233
0.216573
0.203407
0.065710
0.414110
1.144414
1.056460
0.833166
0.327399
0.567794
0.296102
0.195060
0.454958
0.252964
0.018461
0.260901
0.846290
0.752077
0.302913
0.204688
0.152060
0.044877
0.481653
0.781565
0.785222
0.379758
0.256109
0.347454
0.124446
0.994881
0.490455
0.613006
0.709274
0.393699
0.066580
0.190312
0.012194
0.110968
0.158539
0.082320
0.921112
1.017575
0.924640
0.171824
0.539534
0.239157
0.901578
0.597675
0.071727
0.185851
0.335023
0.410074
0.103029
0.136508
0.039127
0.163031
0.044800
0.030410
0.426965
0.522187
0.706259
0.499276
0.186834
0.269335
0.532416
0.869674
0.933360
0.254974
0.481475
0.055890
1.092193
0.391676
0.424828
0.013989
0.064211
0.236230
0.504408
0.208350
0.762565
0.617490
0.376943
0.311460
0.655020
0.589189
0.638193
0.745542
0.795467
0.513326
0.688063
0.154741
0.359800
0.037845
0.142745
0.102357
0.908066
0.280200
0.178773
0.000180
0.042838
0.503621
0.200023
0.469883
0.495866
0.401948
0.322139
0.244120
0.473796
0.311123
0.380377
0.465591
0.755630
0.637762
0.185765
0.243813
0.310086
0.481737
0.643359
0.336574
1.003306
0.655961
0.431117
0.330318
0.350899
0.073707
0.028824
0.204761
0.167196
0.322548
0.853985
0.223887
0.454028
0.057036
0.134976
0.258248
0.447038
0.196285
0.227788
0.028372
0.238853
0.941033
0.902779
0.617686
0.714172
1.005321
0.830856
0.370175
0.110773
0.091857
0.354674
0.331527
0.061913
0.023753
0.399970
0.104599
0.805354
0.234439
0.206257
0.179551
0.189179
0.383341
0.221737
0.047905
0.181278
0.529657
0.855175
0.205241
0.477867
0.887282
1.039358
0.390443
0.253445
0.049867
0.066393
0.086498
0.352265
0.479440
0.627610
0.471260
0.652155
0.440944
0.321284
0.069437
0.346382
0.276967
0.338701
0.629276
0.188610
0.182677
0.101623
0.166682
0.334230
0.603480
1.034588
0.763345
0.400122
0.153475
0.379655
0.407966
0.845253
1.006555
1.365106
0.552007
0.181394
0.273708
0.650225
0.452606
0.091413
0.065998
0.200243
0.613809
0.382383
0.176549
0.200699
0.318400
0.209286
0.687153
0.451322
0.337541
0.088293
0.059476
0.063509
0.465908
1.001011
1.217341
1.508358
0.346810
0.002943
0.023025
0.177396
0.389041
0.019319
0.089657
0.100986
0.562063
0.680542
0.233669
0.076159
0.154785
0.342002
0.275763
0.289969
0.176723
0.264267
0.218633
0.251043
0.091817
0.617364
0.810565
0.768272
0.142393
0.026839
0.053752
0.155673
0.075821
0.173434
0.180415
0.005740
0.436884
0.464306
0.620644
0.344425
0.023204
-0.707765
-0.463096
-0.190741
-0.320147
-0.390318
-0.400093
-0.397363
-0.411403
-0.385617
-0.398968
-0.405580
-0.417910
-0.419142
-0.403408
-0.416141
-0.412152
-0.407199
-0.413024
-0.406479
-0.398936
-0.384644
-0.324305
-0.383233
-0.390092
-0.195917
-0.205334
-0.645641
-0.495418
-0.482376
-0.417382
-0.426676
-0.432229
-0.433531
-0.431123
-0.414408
-0.405714
-0.384354
-0.414167
-0.389673
-0.398735
-0.403779
-0.404752
-0.425275
-0.441760
-0.446496
-0.497687
-0.430161
0.227861
-0.400680
-0.268985
-0.261644
-0.292648
-0.393709
-0.443632
-0.448659
-0.411813
-0.099427
-0.325963
-0.432360
-0.433908
-0.458865
-0.424567
-0.437391
-0.431788
-0.428306
-0.427934
-0.184464
0.258882
0.255585
-0.278160
-0.351754
-0.962791
-0.417963
-0.482222
-0.441802
-0.425787
-0.443942
-0.429878
-0.392947
-0.419497
-0.752433
-0.470768
-0.409823
-0.414066
-0.406725
-0.437432
-0.431067
-0.403633
-0.304365
-0.386818
-0.623356
-0.932489
-0.924128
-0.468653
0.650067
0.267076
-0.404346
-0.268909
-0.319340
-0.439616
-0.253690
-0.085686
-0.284704
-0.226744
-0.211313
-0.229392
-0.440718
-0.421142
-0.123869
-0.144170
-0.277408
-0.378678
-0.528331
-0.326275
-0.021064
0.461863
0.331070
-0.161449
-0.942981
-0.539499
-0.396012
-0.525912
-0.523660
-0.421666
-0.566403
-0.752902
-0.555410
-0.472288
-0.407359
-0.393310
-0.407745
-0.425602
-0.746672
-0.670309
-0.579652
-0.414156
-0.375148
-0.350100
0.124332
-0.266156
-0.422395
0.611408
0.202688
-0.065102
-0.365336
-0.363698
-0.310219
0.223812
0.197871
-0.008991
-0.167469
-0.365389
-0.391602
-0.430376
-0.422621
-0.262697
-0.105697
-0.044291
-0.227903
-0.362018
-0.402803
-0.253745
-0.883537
-0.523363
-0.408489
-0.960422
-0.557356
-0.448313
-0.423127
-0.399190
-0.399068
-0.863859
-0.599089
-0.457321
-0.439516
-0.426817
-0.461145
-0.453349
-0.473310
-0.467252
-0.464034
-0.491278
-0.469477
-0.453305
-0.342186
-0.287427
-0.084628
-0.087041
-0.016969
0.316041
0.113600
-0.386528
-0.433817
-0.484850
-0.185588
-0.015866
0.446022
-0.222027
-0.426622
-0.431959
-0.401782
-0.370498
-0.377456
-0.407437
-0.428091
-0.391439
-0.409848
-0.406330
-0.457580
-0.346483
-0.012611
0.606752
-0.359744
-0.617831
-0.567305
-0.444660
-0.417615
-0.391147
-0.490799
-0.386287
-0.711603
-0.457695
-0.425592
-0.410794
-0.421945
-0.446057
-0.481866
-0.446257
-0.412064
-0.440999
-0.450227
-0.289022
-0.324994
-0.354504
-0.727464
-1.063433
-0.034037
-0.054905
-0.241767
-0.354503
-0.427414
-0.418823
-0.379541
-0.172977
-0.164712
-0.189138
-0.447303
-0.412475
-0.428043
-0.418785
-0.404207
-0.112446
-0.319573
-0.413054
0.186890
-0.372166
-0.441440
-0.253042
0.283672
0.556741
-0.345333
-0.247141
-0.354644
-0.419934
-0.419870
-0.452682
0.023322
-0.322786
-0.449984
-0.436166
-0.309660
-0.405781
-0.436193
-0.421066
-0.416017
-0.731919
-0.415430
-0.370605
-0.872046
-0.384284
-0.333857
-0.468230
-0.487446
-0.287825
0.491769
-0.290425
-0.264585
-0.338078
-0.423542
-0.374102
-0.886340
-0.035286
-0.235756
-0.405726
-0.541531
-0.454325
-0.424457
-0.296647
0.004945
-0.111777
-0.277510
-0.171815
0.231824
-0.104270
-0.277657
-0.367177
-0.395129
-0.395851
-0.735804
-0.337670
-0.438319
-0.481435
-0.363245
-0.048476
0.737176
-0.457871
-0.549576
-0.404179
-0.336846
-0.238914
0.220234
-0.395820
-0.579123
-0.394952
-0.352288
-0.374044
-0.579039
-0.392092
-0.388787
-0.302450
-0.393746
-0.210975
0.200673
0.082937
-0.252446
-0.251522
-0.484166
-0.566675
-0.199943
-0.045991
-0.082793
-0.398991
-0.423381
-0.478075
-0.862281
-0.309412
-0.110735
-0.261250
-0.431331
-0.032360
-0.179835
-0.082350
-0.397461
-0.459879
-0.440347
-0.440821
-0.660040
-0.519260
-0.457750
-0.431197
-0.292192
0.518136
-0.374728
-0.270533
-0.437797
-0.261903
-0.319751
-0.110367
-0.031305
-0.056079
-0.535500
-0.374006
-0.377837
-0.675647
-0.311876
-0.468187
-0.311704
-0.243158
-0.360309
-0.231420
-0.227733
-0.029723
-0.340532
-0.404181
-0.388717
-0.585073
-0.179050
-0.083810
-0.377572
-0.565978
-0.442175
-0.284480
-0.373344
-0.323712
-0.295190
-0.302021
-0.277532
-0.280707
-0.337061
-0.336077
-0.126659
-0.333303
-0.388673
-0.319847
-0.395953
-0.682361
-0.055819
-0.208979
-0.262623
-0.147261
0.257373
-0.338157
-0.355421
-0.317929
-0.300683
-0.442537
-0.422434
-0.437062
-0.450369
-0.272624
-0.360637
-0.260276
-0.201283
-0.273711
-0.643960
-0.502934
-0.401858
-0.572900
-0.174591
-0.081717
-0.655916
-0.601061
-0.419552
-0.425078
-0.767582
-0.472620
-0.423120
-0.413822
-0.345726
-0.451902
-0.338902
-0.355730
-0.308076
-0.568739
-0.444076
-0.451846
-0.523587
-0.352398
-0.142942
-0.206846
-0.282033
-0.248475
-0.399112
-0.345298
-0.118361
-0.055638
-0.412235
-0.237862
0.410062
0.438577
-0.139464
-0.367455
-0.360194
-0.320907
-0.332542
-0.499923
-0.147375
0.037822
-0.150365
-0.232206
-0.305175
-0.256378
-0.506406
-0.498099
-0.446701
-0.383172
-0.311035
-0.263624
-0.023915
-0.321170
-0.431999
-0.408913
-0.817671
-0.788916
-0.656141
-0.034768
-0.286935
-0.247088
-0.337272
-0.326506
-0.590794
-0.680592
-0.547839
-0.582920
-0.469998
-0.499333
-0.146560
-0.238385
-0.410570
-0.408290
-0.181763
-0.325474
-0.760475
-0.498331
-0.400682
-0.212246
0.219101
0.605171
-0.008215
-0.740460
-0.497213
-0.602803
-0.315403
-0.243741
-0.153362
-0.002181
-0.129718
-0.275481
-0.276305
-0.307082
-0.563436
-0.442539
-0.412156
-0.416095
-0.665989
-0.314838
-0.193789
-0.185148
-0.425999
-0.439415
-0.503483
-0.585297
-0.235139
-0.097076
-0.040189
-0.267977
-0.439548
-0.483319
-0.379385
-0.454006
-0.412244
-0.414177
-0.414691
-0.326722
-0.270934
-0.329083
-0.445246
-0.314755
-0.239593
-0.249633
-0.369092
-0.331190
-0.398955
-0.355616
0.061395
-0.161230
-0.338575
-0.437365
-0.436918
-0.248329
-0.180686
-0.296387
-0.442688
-0.412462
-0.390140
-0.456333
-0.430434
-0.413527
-0.068468
-0.009386
0.382577
-0.017967
-0.352008
-0.431048
-0.485951
-0.397094
-0.420994
-0.420019
-0.731430
-0.470113
-0.406436
-0.417259
-0.253139
-0.366735
-0.538142
-0.424325
-0.281107
-0.374010
-0.441494
-0.407467
-0.403879
-0.386603
-0.708861
-0.724122
-0.992139
-0.799389
-0.484348
-0.392239
-0.316707
-0.346061
-0.411265
-0.152003
-0.032089
-0.171462
0.344157
-0.151828
-0.442927
-0.331959
-0.290748
-0.362915
-0.434515
-0.411647
-0.418881
-0.427864
-0.430279
-0.018190
0.035683
0.465219
0.847296
0.313532
-0.273999
-0.429547
-0.389326
-0.438448
-0.421941
-0.516172
-0.157836
-0.244270
-1.024672
-0.526265
0.400591
-0.178706
-0.370921
-0.331368
0.306388
-0.085894
-0.409150
-0.423612
-0.052881
-0.532116
-0.482704
-0.426435
-0.639189
-0.489803
-0.408890
-0.427510
-0.375877
-0.357450
-0.344475
-0.230086
-0.668779
-0.118544
0.104665
0.241074
-0.839370
-0.417995
-0.359064
-0.290158
-0.914481
-0.520986
-0.405036
-0.378199
-0.629160
-0.314744
-0.233963
-0.298693
-0.263812
-0.276973
-0.429291
-0.428839
-0.418084
-0.404604
0.157547
0.102429
0.878501
0.345482
0.477956
1.590771
0.250549
0.451148
0.092854
0.561097
0.368702
0.446622
0.311362
0.727422
0.493397
0.378423
0.734404
0.711047
0.178341
0.238905
0.665988
0.126179
0.296300
0.877249
0.338808
0.794675
0.197238
2.257554
0.438380
1.760842
0.378061
0.724945
0.494269
0.297198
0.451223
0.058972
0.576997
0.121073
0.217324
0.056180
0.045592
4.579743
2.654239
0.870884
0.333889
1.458197
0.215732
1.723962
0.580634
0.021795
3.579942
0.024097
1.101265
1.916760
0.876569
0.933479
2.599967
1.831625
2.954865
0.415314
0.318382
0.683807
0.209843
0.182753
0.203256
3.472420
0.550034
0.505286
0.486831
0.178091
0.612645
3.050013
0.079001
1.807530
1.544259
1.441261
0.172830
4.168739
1.836167
1.540472
2.579930
0.060773
0.378169
0.568826
0.441437
2.065997
4.015836
0.577282
0.721505
3.300079
1.308686
0.822173
0.104469
0.493519
2.060045
1.031920
0.194728
0.609739
0.466781
0.397792
2.213928
3.089340
0.132211
0.461587
0.808770
0.025997
0.097969
0.487761
1.331125
0.850162
0.368595
0.296600
1.522690
2.873694
0.383934
2.333250
2.812363
2.145907
1.694104
0.054962
0.968644
1.053095
0.574575
2.768167
2.881079
3.309395
0.363265
0.281619
0.772948
0.045669
0.109471
1.977300
0.865812
0.317649
0.192481
0.361796
1.238233
1.569942
0.226261
3.628928
0.698234
1.088076
2.069508
2.050381
0.371666
0.061856
1.422386
3.312800
0.396731
0.890693
0.494948
0.237131
0.265445
0.705927
0.609371
0.484982
0.626202
0.128443
1.316302
1.482835
2.368156
1.256741
0.199324
0.395595
0.622200
2.209196
1.166322
1.300707
0.276965
1.965003
2.516278
0.470673
0.751817
0.010686
0.162265
0.035981
1.017920
2.003382
1.735777
0.579182
0.317559
0.428007
1.325016
1.204458
0.789230
0.774165
0.548135
0.088295
1.556839
1.888559
0.441977
0.475229
0.796307
0.730998
0.620903
0.940299
2.460608
1.035982
1.744938
0.914481
3.166902
3.469741
0.519521
0.093315
1.131240
1.590909
3.452111
0.462005
0.288917
0.995911
0.230102
2.239199
1.748654
0.609047
0.199038
0.677627
0.125086
0.431216
1.317808
0.048535
0.655363
0.012596
2.108415
0.191734
1.251957
0.214162
0.079882
1.075644
2.960762
3.167946
3.145329
0.250944
0.949785
0.284760
2.551023
2.590088
0.102894
0.231267
1.809053
0.318987
0.737171
1.643406
2.344332
0.440099
1.970919
0.173727
0.215027
1.482664
1.175483
0.660904
2.413892
1.755723
2.206470
1.914148
0.399284
0.686908
1.217455
0.053657
2.376402
2.498474
0.512054
2.603421
0.025250
0.640378
0.877830
0.710512
1.438045
0.153259
2.129196
0.406520
0.373805
2.690635
0.240248
0.993232
0.655834
0.475320
0.755702
0.016447
0.947021
0.536166
2.353554
0.422964
0.170604
1.785280
0.164710
0.832529
0.954258
1.537225
0.024336
0.540682
0.115335
0.355196
2.682871
0.248555
0.535643
1.836644
0.778637
0.099866
1.174301
0.792642
0.724319
0.144283
0.991857
0.794550
1.331370
0.000297
1.213271
0.883792
0.734891
0.547378
0.438213
2.097377
0.329336
0.419797
0.426458
0.138356
2.042427
1.283756
1.341591
2.549427
0.246894
1.549761
2.246505
0.335698
2.064492
1.211272
0.365663
2.532787
0.165960
0.587081
0.675320
0.380384
0.669236
0.167718
1.117160
0.976194
0.598444
1.567211
0.701424
0.538016
0.357169
0.330283
1.262378
1.516553
0.171070
0.165439
0.189718
1.761962
2.809912
0.903162
0.708000
3.146955
0.215511
0.734793
1.123668
1.415626
2.099426
1.362177
1.943541
0.782813
0.225391
0.467189
0.054572
0.617873
2.343275
1.086721
0.552902
1.429408
0.298919
0.079491
0.335725
1.643476
2.010364
0.228500
0.681396
0.319125
0.065600
1.347419
3.134256
0.018931
0.934209
0.846568
1.620425
1.623053
0.242070
0.146607
0.434078
2.217087
2.931995
0.529249
1.013928
1.708996
0.251988
0.787552
0.654649
1.309258
0.021600
0.226514
0.103897
1.267582
1.026680
1.052353
0.432479
0.714299
0.570505
1.028557
0.692489
0.636342
0.223307
0.031549
0.417623
2.731788
1.286118
0.042985
0.708483
0.961084
0.201212
0.070913
3.404118
0.107763
0.427881
0.427115
0.004186
0.011181
0.017057
0.651799
0.381514
2.704623
1.525456
1.289777
0.362163
0.360308
0.228382
1.410776
2.786309
2.006504
0.453877
0.582094
0.273501
1.500467
0.598826
0.936877
3.256336
0.183395
2.499623
0.228031
0.196314
0.230954
0.279179
0.377141
2.615184
3.139253
1.115689
0.520479
2.459393
0.690741
0.533538
0.000573
0.089161
0.057517
0.600044
0.220899
2.032991
1.471268
0.776802
0.069477
0.165393
0.706598
0.769703
0.609610
1.075669
0.916973
0.014476
0.146173
1.506976
0.337926
0.236647
1.999073
1.396371
0.305767
1.000135
0.070273
1.253907
1.249658
0.151140
0.918219
2.062879
0.836379
0.406349
1.260981
0.720954
0.533977
0.816855
0.857645
1.595222
1.690374
0.133477
0.864359
1.578865
0.140982
1.441361
1.946159
1.966508
1.822816
0.575459
4.397360
3.302064
0.205288
0.092702
0.084331
0.440975
1.097161
0.362334
1.463290
1.440368
0.064172
0.636136
2.191921
0.007563
0.666159
0.129793
3.690324
3.254011
2.329534
0.543479
0.306624
0.080689
2.139873
0.480862
4.482792
0.227206
0.779065
0.634123
3.226112
2.602872
0.832333
3.308562
0.807316
1.983225
0.269027
0.618150
4.271138
0.503015
1.265173
0.499935
2.363072
1.160902
0.040168
0.788836
0.048512
0.351211
0.718732
0.693682
2.428635
0.669349
0.151702
0.166693
2.834368
1.290890
0.239195
1.048727
0.023496
2.977494
0.191038
0.110167
1.974407
0.715503
0.547013
3.298000
1.584384
0.073203
1.249843
0.480788
1.041691
0.072607
0.234461
0.247048
0.021028
1.020972
0.228359
1.574698
2.910273
0.467958
1.215857
0.299959
0.439658
1.881446
0.506394
0.358636
0.262399
0.776219
0.724848
1.393889
0.653436
0.407385
0.486857
1.328861
0.636746
0.218841
0.774235
0.142297
1.069385
0.391986
1.658238
2.302443
2.579448
0.186068
0.519113
0.403201
0.547343
0.028281
0.686460
0.260178
2.228928
3.088831
0.297938
0.891265
0.426514
1.733194
0.405305
2.903708
1.753953
1.378619
3.419129
0.273043
1.036699
0.347544
1.170599
0.210601
0.709490
0.001952
0.950480
1.762828
0.693212
0.331951
0.961915
0.544503
1.715849
4.014013
0.275715
0.102345
3.124827
1.610251
0.494216
2.676664
0.015427
0.460041
2.325612
0.556376
0.780162
0.050593
2.465868
2.195803
0.092649
2.647542
1.084405
1.214473
0.907282
3.040870
3.087627
0.124714
2.667288
2.527673
0.587154
1.844734
4.678683
0.170820
0.295476
1.773034
0.070568
1.308131
0.959194
0.349665
0.470846
1.007337
0.945439
1.106521
1.247619
1.103204
1.076553
0.554448
0.884452
0.383747
0.756980
0.584909
0.769538
0.768542
0.881634
0.878757
0.857563
0.619219
0.967418
0.727267
0.895181
1.015267
0.302623
0.533758
1.065596
1.225821
2.042802
1.451363
1.675395
1.583049
1.337876
1.437808
1.584750
0.749521
1.151906
0.997129
1.104930
1.107098
1.011406
1.044721
1.276406
1.076452
1.358622
1.582347
1.425731
1.414028
0.758408
0.894936
1.285684
1.542222
2.078380
1.672509
2.017471
2.047796
1.574449
1.692781
1.226219
1.034407
1.597883
1.400925
1.330214
1.568987
1.442944
1.266532
1.608245
1.211685
1.564726
1.616495
1.689438
1.785094
0.434976
0.882570
1.466436
1.874311
1.658793
1.700623
1.583202
1.720757
1.472725
1.726502
1.307412
1.803596
1.169022
1.484576
1.441533
1.672924
1.491662
1.380336
1.674775
1.345551
1.639072
1.318829
1.563065
1.632932
0.750246
0.930515
1.295936
1.797074
1.430265
1.664096
1.489281
1.595352
1.582134
1.389396
1.269014
1.282988
1.211168
1.576288
1.837510
1.706381
1.686198
1.833417
1.449914
1.705001
1.946542
1.607394
1.675194
1.552734
0.817621
0.870800
1.473156
1.975173
1.546476
1.605274
1.439548
1.457772
1.349086
1.001153
1.681604
1.207917
1.677902
1.515840
1.795214
2.006231
1.903405
1.917130
1.931856
1.542507
1.794146
1.484157
1.600804
1.646680
0.620647
0.971232
1.316138
1.664615
1.633870
1.239486
1.312705
1.172033
1.526253
1.005358
1.102791
0.794528
1.347481
1.059342
1.845050
1.604078
1.791276
1.728317
1.958323
1.513252
1.683463
1.855028
1.529282
2.042168
0.819038
0.866357
1.336373
1.742042
1.921265
1.661147
1.460520
1.393908
1.292259
1.376521
1.037225
1.308644
1.581987
1.425119
2.040871
1.879351
1.699671
1.811885
1.595923
1.785237
1.429123
1.862560
1.325897
2.196609
0.643078
1.051455
1.276486
1.819784
1.328215
1.832448
1.102616
1.793017
1.462056
1.365086
0.955509
1.067984
1.245228
1.325125
1.495180
1.583511
1.773260
1.622907
1.633504
1.745298
1.510806
2.052808
2.132564
2.152365
0.489427
1.004206
1.138486
1.993907
1.483209
1.758407
1.385637
1.695658
1.556138
1.714349
1.862112
2.025241
1.648568
1.920941
2.144008
1.585043
2.323843
1.665315
2.062234
1.777356
1.660478
1.835956
1.848895
1.712303
1.162123
0.798113
1.417263
1.559394
1.494064
1.558845
1.596765
1.645364
1.631180
1.728394
1.403731
1.615967
1.507618
1.492012
1.579738
1.541201
1.871633
1.621530
1.630623
1.706812
1.897371
1.935926
1.650044
1.988303
0.909321
0.773742
1.357175
1.572464
1.662257
1.551899
1.574921
1.485916
2.000942
2.037017
2.128812
1.724801
1.960544
1.311317
1.733216
1.567902
1.691946
1.803568
1.555852
1.864522
1.394431
1.598591
1.778145
1.477564
0.679907
0.783289
1.029752
1.419274
1.467405
1.525790
1.717205
1.526697
1.717466
1.318933
2.022850
1.278182
1.846690
1.235337
1.501122
1.216923
1.634018
1.738124
1.442768
1.630034
1.616699
1.637339
1.810105
1.440711
0.902949
0.828910
1.289748
1.598556
1.553336
1.879443
1.960488
1.846846
2.017796
1.972546
1.946327
1.469750
1.717743
1.670361
1.730074
1.699295
1.855158
1.785013
1.695072
1.832406
1.434294
1.656741
1.402100
1.712148
0.664978
0.665717
1.078501
1.314314
1.518906
1.667895
1.684056
1.876567
1.654430
1.825520
1.708079
1.950865
1.619400
1.581047
1.633123
1.589613
1.789785
1.742930
1.712294
1.992059
1.608096
1.920398
1.497540
1.808239
0.536695
0.583074
1.347834
1.436615
1.938454
1.742893
1.915610
1.944626
1.826040
1.565055
1.708185
1.649083
1.625155
1.636070
1.852699
1.486382
1.638860
1.918674
1.663135
2.084449
1.609036
1.514005
1.957730
1.890109
0.571406
0.774069
1.248317
1.356819
1.809213
1.429574
1.804401
1.568192
1.679798
1.439123
1.636005
1.767888
1.796560
1.813928
1.710090
1.806240
1.653230
1.827523
1.638455
1.926502
1.819799
1.846005
1.643186
1.387642
0.847563
0.582154
1.073883
1.725008
1.504600
1.642999
1.814261
1.596404
1.493414
1.609566
1.843665
1.659443
1.887062
1.847324
1.429528
1.492137
1.481312
1.713568
1.553219
1.727691
1.645162
1.666253
1.641999
1.480154
0.896393
0.759799
1.278268
1.508057
1.708607
1.630385
1.640324
1.589517
1.637803
1.284214
1.867627
1.393286
1.814218
1.844409
1.653004
1.914160
1.677741
2.026311
1.699455
1.875077
1.619221
1.505080
1.655646
1.342695
0.888742
0.738716
1.084713
1.225785
1.789026
1.918948
1.559994
1.924501
1.594027
1.722874
1.872259
1.666249
1.587506
1.617881
1.287695
1.601552
1.191395
1.820593
1.420088
1.880736
1.798799
1.400764
1.589355
1.608043
0.647714
0.729483
1.022002
1.576448
1.488558
1.710242
1.545347
1.791342
1.599419
1.585522
1.298906
1.793883
1.330448
1.473639
1.367439
1.818172
1.574291
1.999710
1.541657
1.691943
1.582689
1.583294
1.657373
1.808985
0.539454
0.870618
1.049298
1.495968
1.789925
1.459746
1.828389
1.263405
1.584084
1.473446
1.463579
1.758472
1.400649
1.534242
1.215551
1.565392
1.320659
1.657725
1.304520
1.706190
1.617216
1.618732
1.959270
1.493150
0.728272
0.689249
1.389336
1.318747
1.835897
1.504325
1.342611
1.531937
1.318429
1.413894
1.537725
1.567221
1.480846
1.425600
1.707952
1.437363
1.794507
1.612809
1.372527
2.100495
1.228601
1.874315
2.200674
1.428046
0.965764
0.687911
1.547471
1.469041
1.763098
1.692398
1.387623
1.430724
1.362443
1.394971
1.774914
1.882692
1.666695
1.359595
1.671178
1.662227
1.826211
1.374125
1.597949
1.666176
1.410803
2.087127
1.811957
1.634480
1.148768
0.997847
1.298899
1.976551
1.574626
1.782362
1.748423
1.447679
1.478758
1.784727
1.231963
1.552225
1.999007
1.785313
1.617988
2.092002
1.820812
1.765848
1.887689
1.598730
2.072908
1.812419
1.828544
1.721351
0.958546
0.856381
0.864966
2.028752
1.154406
1.686502
1.768642
1.268057
1.454884
1.941227
1.621981
2.004012
1.705926
1.649301
1.855161
1.783811
1.902320
1.652361
1.817096
1.603656
1.918431
1.599556
1.950516
1.468689
0.730693
0.919170
1.070780
1.775623
1.444976
1.643547
1.568848
1.621533
2.054881
1.722709
1.763736
1.946019
1.906950
1.507190
1.812185
1.481484
1.839246
1.572329
1.724590
1.729990
1.925401
1.710486
1.964386
1.536797
0.449718
0.245262
0.546733
0.631356
0.686603
0.752787
0.806292
0.821760
0.792178
0.978906
1.157594
0.805355
1.076029
0.703935
0.854185
0.796998
0.718523
0.838847
0.953186
0.854494
1.015288
0.924154
0.729480
0.802420
0.359130
1.687204
0.466462
0.686643
1.053818
0.431036
0.517166
1.146025
0.153045
1.058169
0.111658
0.292698
0.121225
0.482987
0.101697
0.081599
0.205704
0.289089
0.100629
0.014535
0.504289
0.460097
0.409286
0.220683
1.299250
2.603229
1.023246
0.561173
0.074867
0.371756
0.376571
1.041172
0.144479
0.868457
0.250655
0.234380
0.363014
0.414364
0.140959
0.355890
0.030311
0.197495
0.335622
0.099915
0.078040
0.105505
0.809735
0.000071
1.992591
3.010362
1.334828
0.037299
0.792436
0.083123
0.072952
0.398689
0.133881
0.289072
0.438119
0.118818
0.493437
0.183614
0.030489
0.170977
0.088558
0.297424
0.599243
0.339508
0.286185
0.182373
0.508065
0.225340
1.768917
3.180313
1.383650
0.585841
0.905016
0.239284
0.438419
0.230792
0.471248
0.175351
0.689091
0.706737
0.310908
0.426463
0.439750
0.331593
0.204126
0.548146
0.962304
0.444566
0.601616
0.329672
0.115387
0.796746
1.615585
3.173433
1.037865
0.578431
0.292320
0.302446
0.322312
0.424385
0.383836
0.187593
0.336262
0.596197
0.233581
0.981171
0.246305
0.326450
0.238990
0.226279
0.636577
0.266960
0.439875
0.069950
0.168558
0.607448
1.949678
2.852468
1.427191
0.093692
0.316790
0.867916
0.326563
0.284790
0.037448
0.158803
0.212135
0.123159
0.573864
1.048878
0.073484
0.225712
0.207474
0.459003
0.410009
0.708476
0.394235
0.445107
0.291241
0.014636
2.075253
2.779321
1.533916
0.135412
0.278665
0.673736
0.426846
0.037665
0.269203
0.031306
0.621030
0.365376
0.753363
0.636695
0.021306
0.335062
0.011959
0.487294
0.002274
0.555436
0.056671
1.109503
0.190061
0.426214
1.901074
3.290097
1.382291
0.392303
0.149728
0.157396
0.122835
0.579080
0.402189
0.109784
0.505650
0.071676
0.632770
0.612916
0.192835
0.035875
0.056715
0.174469
0.119054
0.492248
0.464137
0.895700
0.100291
0.732448
1.589927
3.122872
1.055680
0.446489
0.257669
0.402514
0.212585
0.789542
0.838713
0.133699
0.965512
0.474515
0.326450
0.840637
0.259508
0.029632
0.323520
0.135248
0.227221
0.048133
0.760944
0.175204
0.194264
1.132548
1.648930
2.848964
1.041879
0.012811
0.142174
0.452929
0.311719
0.803686
1.150040
1.052668
0.595913
0.660128
0.129863
0.527071
0.162735
0.245615
0.558529
0.083018
0.623983
0.227774
0.270134
0.390794
0.132208
0.415234
2.036260
2.580357
0.956722
0.159187
0.239286
0.534168
0.620616
0.749858
0.924357
1.022401
0.094397
0.276771
0.324310
0.009765
0.385394
0.445966
0.726478
0.064770
0.448071
0.156285
0.157149
0.010217
0.008798
0.433237
1.842502
2.789443
0.805638
0.135544
0.416449
0.536333
0.512787
0.556961
0.448403
0.743012
0.134726
0.223085
0.007149
0.160132
0.211716
0.539555
0.041560
0.055997
0.076009
0.490128
0.531936
0.286788
0.038541
0.299155
1.826081
2.638024
0.820316
0.052818
0.140651
0.336885
0.150948
0.377575
0.177880
0.798846
0.080528
0.549236
0.254474
0.155539
0.369708
0.408041
0.319384
0.360554
0.220999
0.050547
0.478476
0.003009
0.010103
0.214505
1.913972
2.836057
0.921139
0.177200
0.207486
0.004968
0.558902
0.127720
0.399913
0.569232
0.111676
0.397605
0.340509
0.027866
0.406363
0.187184
0.394100
0.573088
0.666733
0.234644
0.688333
0.079144
0.229302
0.213732
1.997704
2.614585
0.905760
0.226845
0.052807
0.102808
0.364066
0.235312
0.245167
0.051193
0.104098
0.226869
0.226371
0.387265
0.294144
0.524888
0.036995
0.675181
0.759587
0.210542
0.482869
0.377206
0.535365
0.127360
1.574943
2.715202
0.831522
0.160505
0.030025
0.283346
0.149405
0.037195
0.094340
0.258906
0.133225
0.693053
0.088896
0.249532
0.478534
0.248301
0.398258
0.459380
0.608505
0.050078
0.266608
0.452644
0.927047
0.217905
1.352010
2.757287
0.629071
0.031878
0.103145
0.120582
0.398840
0.190200
0.371933
0.079720
0.018402
0.585374
0.235927
0.072964
0.131713
0.034616
0.075665
0.198701
0.190573
0.408110
0.868370
0.960275
0.772354
0.576706
1.580258
2.784826
0.092657
0.250523
0.326719
0.011497
0.244874
0.244696
0.224913
0.028212
0.212071
0.294775
0.402724
0.048829
0.202055
0.043109
0.220115
0.047482
0.382386
0.490675
0.031655
0.879845
0.154203
0.704259
1.812594
2.482481
0.491348
0.562762
0.203243
0.206755
0.459134
0.178847
0.457417
0.228044
0.702867
0.586946
0.589665
0.235926
0.287116
0.344804
0.143360
0.234988
0.209639
0.144331
0.492550
0.536102
0.395790
0.725721
1.730603
2.015236
1.417857
0.636165
0.389025
0.755212
0.533971
0.233374
0.629717
0.319395
0.722471
0.081896
0.621791
0.183778
0.165559
0.465024
0.438785
0.284002
0.135646
0.109287
0.348193
0.046403
0.169706
0.332566
1.262102
2.019768
1.709000
0.297574
0.215130
0.702690
0.720041
0.541584
0.472437
0.371361
0.903935
0.579533
0.807767
0.252369
0.359586
0.236937
0.144755
0.122943
0.347657
0.089763
0.315574
0.000117
0.909407
0.077004
1.052165
2.229551
1.760770
0.025819
0.171874
0.527495
0.384583
0.587470
0.444907
1.368696
1.046827
0.670075
1.141534
0.050592
0.644276
0.185087
0.361378
0.083726
0.692959
0.222061
0.660897
0.534958
0.917601
0.577234
1.383287
2.630908
1.699778
0.267809
0.440597
0.360726
0.044754
0.629725
0.029903
1.326787
0.786380
0.434956
0.516013
0.374919
0.343615
0.837238
0.479779
0.020102
0.037653
0.610532
0.591929
0.919698
0.055887
1.045215
2.122489
2.861713
1.589104
0.216619
0.596212
0.134890
0.200437
0.259652
0.159844
0.906243
0.346363
0.465075
0.007937
0.293527
0.136929
0.870129
0.060231
0.107695
0.523282
0.731424
0.501237
0.538626
0.175214
0.462754
2.262375
2.941768
1.169540
0.071239
0.321388
0.327686
0.076300
0.053873
0.013222
0.132738
0.146341
0.283494
0.556521
0.343180
0.425282
0.136972
0.683819
0.313483
0.849705
0.241880
0.483134
0.596020
0.042672
0.600133
1.826530
2.932746
0.880756
0.055199
0.542498
0.326097
0.010629
0.046001
0.289492
0.656434
0.171371
0.657008
0.725197
0.646396
0.513796
0.216975
0.793177
0.072036
0.812513
0.006942
0.390287
0.888096
0.355754
0.680559
1.403745
2.757835
1.060489
0.093922
0.554140
0.245779
0.024326
0.205486
0.175562
0.917978
0.199967
0.813517
0.477003
0.021265
0.442851
0.093631
0.454684
0.133295
0.426985
0.371570
0.421905
0.645189
0.564075
0.473736
1.508695
1.748208
0.786782
0.092153
0.201253
0.218917
0.008204
0.201190
0.174007
0.544080
0.190096
0.494767
0.053017
0.268880
0.312159
0.298693
0.238008
0.260717
0.101487
0.558994
0.278548
0.193621
0.473523
0.276145
1.118527
0.157611
0.150386
0.370501
0.109224
0.349606
0.492287
0.309101
-0.005922
0.455311
0.340163
-0.016830
0.369724
0.222756
0.144450
0.175699
0.048764
0.275287
0.228217
0.223763
0.240442
0.432366
0.261164
0.351548
-0.084682
-0.069363
-0.420186
-0.302594
-0.653227
-0.591761
-0.060902
-0.414740
-0.614592
-0.283638
-0.284268
-0.419042
-0.429749
0.030473
-0.304587
-0.221841
-0.246327
-0.130069
-0.032457
-0.326779
-0.459027
-0.289978
-0.583392
-0.385476
-0.450947
-0.149275
-0.142339
-0.109013
0.051926
0.244274
1.024988
0.281666
-0.656023
-0.147248
-0.305387
-0.026356
-0.235077
0.320359
-0.014840
-0.328823
-0.368323
-0.082229
-0.149860
-0.206521
-0.366572
0.497423
-0.163084
-0.693895
0.177013
-0.702330
-0.305869
-0.350990
-0.152030
-0.341567
0.005289
-0.167726
-0.640465
0.145214
-0.314088
-0.064862
0.231141
-0.237600
-0.024897
-0.171134
-0.256366
0.638440
-0.036912
-0.156022
-0.361630
-0.152035
-0.536042
-0.571936
1.355480
-0.179195
0.602990
-0.153265
-0.320415
-0.017646
0.532063
0.130627
-0.087664
0.892036
0.415510
-0.538637
0.574153
-0.667084
-0.208434
-0.324976
-0.398088
0.772263
-0.401825
-0.720328
0.281584
-0.034420
0.030329
0.042100
0.012751
-0.554099
-0.134279
-0.291497
-0.778868
-0.222170
-0.457589
-0.263536
0.227274
-0.099736
-0.256476
-0.625591
1.139349
0.344714
0.331727
0.025100
-0.231070
0.836854
-0.257765
-0.112088
0.894912
-0.183862
0.161013
1.039806
0.024478
-0.200990
0.929392
0.794352
0.175293
0.973735
0.576621
0.426210
0.237794
-0.082805
-0.153343
0.371760
0.367975
-0.344878
-0.652502
-0.265427
-0.733733
-0.243687
-0.122221
-0.268177
-0.375016
-0.314198
-0.205190
-0.151774
-0.431753
-0.298465
-0.286081
-0.465987
-0.460589
0.124327
-0.355568
0.023351
-0.459787
-0.009060
-0.419510
0.020853
-0.244805
-0.370495
-0.025836
1.449908
0.286242
-0.338928
-0.077782
-0.137532
-0.328757
0.212854
-0.606765
0.695353
0.898957
-0.046386
-0.341403
0.533847
0.180812
0.701284
-0.469627
0.053303
-0.557211
0.146515
-0.586283
-0.074458
0.147994
-0.102307
0.426940
-0.051936
-0.266567
-0.090104
0.385985
0.728874
-0.189613
1.104503
0.550805
-0.216512
-0.171945
-0.127054
-0.305098
-0.347904
0.161102
-0.225970
-0.030613
0.641691
0.779138
1.651683
0.325223
-0.413012
-0.168451
-0.712954
-0.334343
-0.809665
-0.156652
-0.532724
-0.043786
-0.176786
-0.391529
-0.443394
0.036440
-0.918224
-0.171026
-0.188302
-0.032314
-0.096683
1.458409
0.744688
-0.122142
-0.336096
-0.059443
-0.450321
-0.326317
-0.210075
0.019246
-0.135166
0.267030
-0.380576
0.163148
-0.850144
-0.055910
-0.253086
-0.064035
0.369660
0.348422
-0.024350
1.556162
-0.324117
-0.124413
-0.305277
0.148297
-0.133550
0.214771
-0.135862
0.362690
-0.543109
-0.143508
0.230153
1.565958
1.298556
0.767187
0.475142
0.838760
0.404946
0.553660
0.690100
0.129210
-0.221181
-0.125251
-1.121066
0.029555
-0.247308
-0.371901
-0.175924
1.461145
0.738400
-0.243630
-0.159399
-0.177092
-0.262479
0.251261
-0.082241
-0.433141
-0.166249
-0.385684
-0.579224
0.398306
0.141677
0.305545
-0.316733
-0.293131
-0.308482
0.560788
-0.025209
0.930650
-0.188314
-0.250746
-0.766622
0.616643
-0.585217
-0.169056
0.778475
0.457521
-0.065924
0.225107
0.382766
0.082252
0.402381
-0.185561
-0.201004
0.939037
-0.179218
-0.358179
-0.349755
0.016729
0.870561
-0.074013
-0.212824
-0.205885
-0.314765
-0.227647
-0.549753
0.884526
0.379939
-0.102071
-0.180891
-0.403202
-0.370637
-0.580261
-0.133034
-0.603633
-0.231919
-0.154954
-0.147097
-0.248802
-0.469287
-0.140209
-0.155494
-0.253519
-0.328783
-0.152895
0.187727
-0.388453
-0.006625
0.501322
-0.001954
-0.517859
-0.210833
0.333979
0.109485
-0.317473
-0.098538
-0.343738
0.003981
0.380900
0.032514
0.080032
0.089432
-0.266578
-0.201038
-0.271306
-0.482283
-0.339750
-0.185734
-0.036957
-0.081206
-0.193937
-0.463092
-0.146498
0.114204
-0.049427
-0.158769
-0.260319
0.127952
-0.079788
-0.296037
-0.072098
-0.432222
-0.072049
-0.473020
-0.292538
-0.013227
-0.238816
0.009971
0.351272
-0.003925
-0.169208
-0.291050
-0.029476
-0.390900
-0.160398
-0.158120
-0.071741
-0.105147
-0.093813
-0.113904
0.161815
-0.273644
0.172607
-0.628509
0.405037
-0.086983
0.532769
0.156218
-0.358576
-0.229996
-0.203287
-0.030921
0.250609
-0.444297
-0.293167
-0.125978
-0.004725
-0.135320
1.024585
-0.393815
-0.298003
-0.270807
0.258709
-0.163192
-0.034829
-0.120855
1.416741
0.223435
0.044012
-0.761193
-0.278868
-0.584680
-1.333312
-0.564284
-0.246620
0.232103
-0.077382
-0.498132
0.544996
-0.055398
-0.110709
-0.416132
0.347756
-0.154843
0.531958
0.073016
0.153881
-0.058392
-0.170332
-0.233296
0.022756
-0.103535
0.162710
-0.018219
0.305931
1.216078
0.343071
1.102811
0.252518
0.202283
-0.555543
-0.271338
0.776158
-0.209611
-0.253793
-0.156774
-0.167689
-0.309454
0.007173
-0.121668
-0.138006
-0.078715
-0.556250
-0.559305
-0.463193
-0.302472
-0.518160
0.475448
-0.234685
-0.250201
-0.411577
-0.115420
-0.599220
-0.259544
-0.243025
-0.060235
-0.035169
-0.397290
-0.068773
0.736728
0.102960
-0.400534
0.067189
-0.465218
0.115249
-0.265939
-0.242825
-0.235273
0.476536
-0.063801
-0.448319
-0.025962
0.275885
-0.000674
0.412957
1.654543
1.254647
0.187454
-0.257854
-0.288677
-0.070140
0.005110
0.013262
-0.414517
0.042052
-0.063278
0.868797
0.345151
0.805279
0.374785
-0.089763
-0.137977
-0.024446
0.184220
-0.623256
-0.262300
-0.017606
0.415393
0.367470
-0.612469
-0.277162
-0.426634
-0.333885
-0.199229
-0.438190
-0.538064
-0.115604
-0.662672
0.502197
-0.154252
-0.205657
-0.232840
-0.412936
-0.190128
-0.183075
-0.291712
0.052144
0.704822
-0.347054
0.605200
-0.445478
-0.108776
0.547619
-0.353755
0.015796
0.421206
1.682276
1.584601
-0.196909
0.199857
0.679029
-0.115532
-0.333939
-0.115724
-0.533646
-0.332046
-0.359073
0.031817
0.612073
0.328523
0.008119
-0.149927
-0.444204
0.187559
0.259786
-0.175225
0.150730
-0.246654
-0.311415
-0.620414
-0.855049
-0.261283
-0.361614
0.473505
0.314632
-0.327882
-0.076741
-0.299527
-0.169374
1.052108
0.856770
0.404825
-0.612390
-0.233758
-0.117150
-0.022361
-0.095322
0.129911
1.015378
0.234351
-0.290379
0.312847
0.226890
0.872170
0.306336
0.703573
-0.030554
-0.469551
0.198685
0.055027
0.822252
-0.185527
-0.416155
-0.131915
-0.428821
0.379967
-0.154329
-0.271985
0.095768
-0.091464
-0.179771
-0.525931
0.156646
-0.804423
-0.360279
-0.288384
-0.153967
-0.298414
0.047786
0.508131
0.994428
-0.042651
-0.019828
-0.157620
0.757063
0.080383
-0.506074
-0.147670
-0.316762
-0.581401
-0.229863
-0.048417
-0.152931
-0.382277
-0.540776
-0.460798
1.632071
0.066360
-0.060377
-0.069627
0.154414
-0.185122
-0.419632
-0.248234
-0.747949
-0.163142
-0.350155
-0.332106
0.039502
0.678960
0.467316
1.350708
0.519424
0.035557
0.075938
0.006332
0.020381
0.044679
0.017584
0.184266
0.013664
0.626712
0.023912
0.010567
0.791594
0.038797
0.227026
0.231456
0.182459
0.636942
0.045372
0.071597
0.022981
0.605519
1.851723
0.100248
0.046399
0.072771
0.022172
0.043203
0.074672
0.094869
0.056805
0.009616
0.037529
0.013803
0.083050
0.432707
0.058850
0.031402
0.050194
0.083238
0.056283
0.046552
0.035047
0.014443
0.100236
2.012959
0.002508
0.077103
0.016751
0.062191
0.022812
0.095116
0.042459
0.094337
0.152717
0.075306
0.049447
0.095217
0.005735
0.079100
0.040807
0.096828
0.100248
0.008335
0.018383
0.272807
0.062717
0.039459
0.141710
0.852127
0.651043
0.031267
0.073127
0.107966
0.053623
0.069622
0.039890
0.070389
0.046635
0.062215
0.015192
0.047094
0.086495
0.033428
0.053712
0.070285
0.002215
0.641542
0.070759
0.059996
0.143901
0.038131
0.116513
1.298570
0.682969
0.133297
0.125121
0.168798
0.082210
0.041368
0.117110
0.086554
0.063281
0.049013
0.045999
0.068248
0.000902
0.010927
0.057008
0.028589
0.090342
0.075939
0.083633
0.065510
0.085807
0.324951
0.134082
1.274789
0.707012
0.112337
0.000354
0.079039
0.088804
0.041945
0.051724
0.417370
0.082515
0.016714
0.011998
0.617550
0.109066
0.033051
0.036622
0.087935
0.069438
0.083307
0.142395
0.041971
0.618288
0.077796
0.147457
1.366874
0.197407
0.110197
0.044299
0.101776
0.116742
0.193355
0.306896
0.082847
0.089971
0.040360
0.025577
0.016377
0.043097
0.054231
0.169583
0.067228
0.067793
0.151356
0.061808
0.049710
0.028866
0.090639
0.077249
1.324667
0.219290
0.063849
0.006299
0.145480
0.984053
0.044968
0.051843
0.067640
0.043679
0.029689
0.004392
0.032283
0.108491
0.090395
0.090191
0.023395
0.085209
0.056705
0.086546
0.012797
0.494438
0.123242
0.099448
1.039977
0.574479
0.087548
0.064519
0.209967
0.004459
0.128214
0.095353
0.060829
0.027419
0.091256
0.036136
0.074846
0.072935
0.023683
0.045789
0.075331
0.060304
0.091779
0.197086
0.847092
0.199975
0.056464
0.085178
1.468449
0.181846
0.095804
0.088210
0.034578
0.101918
0.102159
0.049914
0.017169
0.075101
0.076329
0.389063
0.030424
0.019646
0.009265
0.038715
0.302412
0.071462
0.039451
0.013072
0.144018
0.062091
0.406296
0.183121
1.078603
0.022805
0.045965
0.018722
0.072029
0.040866
0.000534
0.075565
0.063078
0.024732
0.099489
0.024523
0.074569
0.022610
0.045878
0.053538
0.090482
0.076744
0.061076
0.017072
0.049856
0.019962
0.067672
0.167502
0.167044
0.193987
0.006424
0.081546
0.260783
0.045609
0.075209
0.116884
1.465661
0.097942
0.050146
0.039105
0.081703
0.064961
0.035021
0.033666
0.079413
0.059837
0.120432
0.042449
0.016062
0.026504
0.058140
0.188986
1.243442
1.045335
0.071430
0.356504
0.055377
0.027300
0.074477
0.065694
0.104426
0.091991
0.027860
0.118319
0.033614
0.040350
0.076820
0.076092
0.041903
0.037319
0.087459
0.029587
0.088365
0.713479
0.131174
0.100487
1.407046
0.046620
0.018673
0.040516
0.027400
0.089636
0.083504
0.010906
0.065561
0.204942
0.109217
0.081592
0.023203
0.075126
0.055130
0.031661
0.001165
0.000600
0.063549
0.100798
0.087565
0.005219
0.115330
0.109509
0.232021
0.378490
0.011481
0.060994
0.079871
0.035558
0.031189
0.081102
0.079348
0.037655
0.084266
0.050616
0.063240
0.088812
0.035451
0.051262
0.245074
0.087459
0.092723
0.052633
0.040856
0.146066
0.041241
0.078874
1.162632
1.351283
0.067929
0.141156
0.036439
0.550860
0.100412
0.123972
0.049655
0.075454
0.051813
0.076864
0.099902
0.036005
0.070627
0.051449
0.034548
0.041847
0.084199
0.045372
0.066971
0.021912
0.025922
0.114914
1.097481
0.578929
0.172263
0.019453
1.019009
0.069630
0.138901
0.083028
0.042971
0.051543
0.131115
0.033125
0.015432
0.089320
0.068813
0.015264
0.013150
0.076958
0.073883
0.865878
0.115443
0.149049
0.100313
0.143314
1.669229
0.043371
0.058130
0.366573
0.086452
0.087365
0.020322
0.037923
0.111497
0.148796
0.079143
0.042847
0.209335
0.022176
0.000773
0.002107
0.066826
0.061489
0.045100
0.103625
0.124976
0.048264
0.000326
0.113601
0.324969
0.031534
0.008667
0.084837
0.031278
0.033619
0.056865
0.110218
0.038403
0.023634
0.044184
0.156058
0.093710
0.251540
0.004459
0.082852
0.061631
0.059535
0.097099
0.048981
0.061597
0.007390
0.019549
0.127733
1.307633
0.995178
0.071886
0.035344
0.026004
0.080671
0.123552
0.018592
0.070554
0.058502
0.053436
0.087469
0.000892
0.020789
0.052378
0.074583
0.060702
0.088602
0.059085
0.030174
0.104837
0.053414
0.071082
0.137037
0.925474
0.137266
0.080340
0.045689
0.066862
0.059720
0.036314
0.025031
0.094920
0.020482
0.067717
0.024323
0.103558
0.040506
0.013350
0.019243
0.070031
0.079683
0.029083
0.035597
0.034010
0.142978
0.066758
0.084370
0.703106
0.517217
0.016015
0.061414
0.053332
0.064979
0.061933
0.100331
0.019633
0.076572
0.074669
0.107396
0.048574
0.152234
0.070102
0.039212
0.112678
0.050671
0.040030
0.007683
0.002902
0.138568
0.008494
0.087442
1.246795
0.069386
0.006380
0.077035
0.048164
0.068448
0.074818
0.046971
0.005575
0.072788
0.077420
0.009403
0.010557
0.111966
0.024653
0.035089
0.058430
0.046428
0.042034
0.830871
0.159431
0.137078
0.015374
0.098250
0.279242
0.636571
0.923287
0.115391
0.069994
0.059614
0.066151
0.042066
0.015406
0.002632
0.183133
0.076760
0.132902
0.026331
0.330169
0.024101
0.084006
0.118147
0.016855
0.078911
0.160473
0.016665
0.268552
0.133432
0.988843
1.845828
0.094201
0.102482
0.046848
0.050088
0.077167
0.002264
0.076929
0.004915
0.076735
0.122578
0.021201
0.036523
0.049824
0.066648
0.090872
0.105542
0.043581
0.041812
0.054149
0.348910
0.040618
0.222264
1.313133
0.000332
0.109567
0.057893
0.057979
0.010280
0.037518
0.105420
0.072095
0.647947
0.114790
0.075686
0.095682
0.050024
0.068875
0.047052
0.022519
0.097302
0.018027
0.013443
0.055751
0.092077
0.107784
0.172787
0.905971
0.097408
0.076442
0.038027
0.004513
0.038554
0.097596
0.105668
0.120403
0.339871
0.077309
0.073410
0.055803
0.124117
0.088180
0.213375
0.044646
0.099466
0.043898
0.058884
0.094013
0.023253
0.100737
0.095384
0.534126
0.062864
0.093802
0.053989
0.048505
0.099519
0.133671
0.086896
0.001770
0.080921
0.183167
0.129297
0.102915
0.107227
0.047386
0.040858
0.118461
0.136124
0.088689
0.050333
0.054674
0.126378
0.100394
0.128470
0.561417
-0.284437
-0.174654
0.563622
0.387591
0.176286
-0.053947
-0.208724
0.033884
-0.064500
0.468135
-0.221547
-0.333449
-0.100618
0.694148
0.627799
-0.022839
-0.165826
0.669329
0.558625
-0.096054
-0.171974
-0.062554
-0.053897
2.413794
0.418090
0.017188
-0.041612
0.065790
0.472858
1.901100
0.473690
0.586264
0.486123
0.081050
0.204640
-0.121058
-0.175719
0.662124
0.609007
-0.007035
0.959669
0.880418
0.903438
0.077386
0.327502
-0.055538
-0.454537
2.611993
0.868939
1.291854
1.669433
-0.021255
-0.141369
0.905949
2.350220
1.731823
0.675171
0.032426
0.146395
-0.067034
0.788583
1.792435
-0.106443
0.137893
1.696039
1.126607
-0.108915
1.068063
1.355591
-0.263133
-0.627266
2.293677
-0.206130
1.041744
1.236931
0.874158
1.012909
-0.167451
1.272260
1.632484
-0.020723
0.006838
0.495235
0.201121
-0.092311
2.356023
0.762387
-0.087722
0.839203
1.117234
0.915213
0.915263
1.134100
0.290888
-0.605448
3.599229
0.589377
-0.048539
-0.235651
-0.148759
2.893504
-0.151570
0.777576
2.609288
-0.158107
-0.206120
2.148825
0.893715
-0.268861
1.836805
1.519907
-0.012145
1.056061
-0.020433
0.590223
0.922918
1.341635
0.632737
-0.566474
4.541202
1.396835
-0.112006
-0.049149
-0.036114
2.213306
-0.077294
-0.180408
3.015693
1.805404
-0.130089
1.252979
1.117794
-0.174075
0.489093
1.356949
0.629739
1.391183
0.708788
-0.137573
0.245437
1.781248
0.005041
-0.697274
3.319971
1.081421
-0.237829
0.317658
0.698497
1.615110
-0.162456
-0.120947
2.313299
1.769837
0.163347
0.951614
1.861156
0.481381
-0.058494
0.564196
0.849996
1.133969
1.540154
0.554034
0.296566
1.251137
0.626647
-0.790946
2.611948
0.239318
-0.082116
-0.014996
0.917435
1.344205
-0.127925
-0.028466
1.997257
0.439565
-0.090806
0.296025
2.424615
1.244215
-0.138872
0.702088
1.061414
0.810332
0.409480
1.631424
1.892543
1.069571
0.660415
-0.783327
3.043800
-0.143773
-0.018017
-0.108547
0.574417
1.919168
-0.022923
-0.169781
1.064553
0.804035
0.262458
0.187616
0.670594
0.802540
1.415073
0.836800
0.108026
0.455412
-0.047762
1.996942
2.998795
1.390442
1.516066
-0.708274
3.216942
0.543369
1.115606
-0.188988
-0.026175
2.076790
0.876556
0.369916
0.839551
-0.164264
0.203706
0.794219
0.461186
-0.031066
1.241725
1.914088
-0.183072
-0.156376
1.104746
0.582498
-0.012463
1.156531
3.055843
-0.404810
3.272315
0.975850
0.654299
0.003081
-0.018975
0.173929
2.602642
1.785809
0.034401
0.124464
0.003339
0.393999
0.268066
0.624169
0.344073
0.987822
0.477379
0.001531
2.131348
0.955840
-0.318508
0.435868
1.348407
-0.510384
3.478944
-0.043731
-0.101697
1.248526
0.886414
-0.026900
1.260358
2.150002
1.117306
1.058149
0.412786
0.978299
0.119045
0.549324
0.188962
0.759675
1.508747
-0.154894
0.739805
1.835961
0.334878
0.532360
0.125706
-0.344718
2.275647
-0.181505
-0.113211
1.347397
1.300091
0.117058
-0.025462
1.153469
1.408342
-0.247205
1.303973
2.414723
0.667743
-0.003205
-0.027724
1.284920
1.248974
-0.088485
-0.038644
1.132419
-0.001376
0.596033
-0.097061
-0.608240
2.780051
-0.124210
-0.265074
1.216645
1.679446
0.559194
-0.158158
1.367576
1.642087
-0.298084
0.096208
1.743727
1.867007
1.321011
-0.049367
1.734427
0.911232
0.478921
-0.057480
0.487852
0.338313
-0.093650
0.952944
-0.568441
3.871161
-0.200966
-0.345057
1.136032
2.896457
0.685553
-0.096680
0.521301
1.561401
-0.040260
-0.206354
0.664535
1.093219
1.690323
0.301739
0.922183
2.473861
2.362564
0.095431
-0.118301
1.006390
-0.229737
0.220262
-0.359718
3.076364
0.310546
-0.343895
-0.184403
2.220600
1.693992
0.616538
0.353687
2.169391
0.803730
-0.366620
0.142542
-0.016439
1.149714
0.729092
-0.070655
1.640569
2.899345
1.855698
0.612780
-0.000981
-0.114381
0.562687
-0.305277
2.751553
0.642251
-0.050429
-0.114063
0.727280
0.771947
0.757335
1.641429
2.098314
0.846888
-0.147714
0.920828
0.633459
0.673523
1.414532
-0.095578
-0.179002
0.240825
2.339916
1.457300
0.371507
-0.055423
-0.010345
-0.423648
2.508816
-0.022874
0.995106
-0.027058
0.178139
1.381833
0.650134
0.585127
0.385596
0.552826
0.893387
0.584768
1.361326
0.940533
1.041028
-0.024363
0.105399
0.043321
0.389737
1.765115
1.876203
-0.012169
0.195816
-0.455766
2.056216
-0.139861
1.425753
-0.016288
0.014822
2.348485
1.331604
-0.107728
0.309432
0.922462
0.643995
1.057069
1.192964
0.493974
1.071915
-0.037987
-0.026468
0.545240
0.147789
2.113972
0.793496
0.293464
1.018908
-0.502634
2.650817
-0.222341
0.321968
1.418177
0.928678
0.603435
0.059499
-0.024180
1.260663
1.254413
-0.020886
0.780464
1.356646
0.767886
0.848418
-0.018429
-0.043118
0.777406
0.848415
1.006404
1.090406
0.739872
0.328458
-0.418901
2.531928
0.434563
0.393352
1.968706
2.782301
0.717650
0.582406
-0.210851
-0.103339
1.919956
1.757428
0.059214
0.517530
0.917675
0.412710
-0.020109
-0.004657
1.236353
0.990525
1.165530
1.087363
0.207838
-0.111266
-0.490162
1.252575
0.597644
0.393752
0.878968
2.222583
3.245272
0.569466
-0.227953
-0.122367
0.744560
1.948057
1.323838
-0.085326
1.299087
0.763688
-0.037948
-0.064076
0.731060
1.284025
1.400360
0.143186
0.186043
0.941201
-0.488306
1.540719
0.821037
-0.180419
-0.149745
1.667327
1.902777
0.399267
0.538832
1.974488
-0.105190
-0.069724
1.924913
0.047058
0.489467
0.825908
0.408808
1.085999
1.213528
0.331135
1.210876
0.397359
-0.090301
0.905261
-0.398320
2.125011
1.329198
-0.137661
-0.202266
0.742915
1.049699
1.014837
0.987291
3.147138
0.246130
-0.146652
1.455842
-0.000996
0.626675
-0.175603
-0.150186
1.846774
2.246353
0.881134
0.607092
1.028550
1.251816
-0.101221
-0.557450
1.940914
0.941473
1.060012
-0.412131
-0.109316
1.303764
1.569418
0.995758
1.064970
0.244668
0.158836
0.414295
0.212157
2.668356
0.836522
-0.271800
0.546749
1.539729
0.357105
-0.180020
-0.013030
1.823945
1.028474
-0.528766
3.626045
-0.017957
-0.056903
0.058816
0.150278
1.020636
0.898301
0.495530
1.170172
0.443555
-0.024075
-0.002074
-0.322879
1.736869
3.161045
1.369387
-0.024309
0.124272
1.072648
0.939299
-0.127049
1.503706
1.488826
-0.892640
3.792418
0.229814
0.056091
-0.111253
1.381844
1.148386
-0.196961
0.475327
2.166933
-0.081713
0.576976
1.243387
-0.153328
-0.143290
1.137554
0.850747
-0.074832
0.016615
0.813974
1.082158
1.484760
2.478673
1.426469
-0.667370
3.421653
0.779993
1.768319
0.637526
0.369949
0.736913
0.228052
1.212315
1.524184
0.691312
1.327709
2.841166
1.137809
-0.093126
0.698317
0.810047
0.542247
1.306117
-0.035267
-0.151812
1.961053
1.786685
-0.059526
-0.414041
-0.110927
-0.229186
-0.261136
-0.202570
-0.228589
-0.214291
-0.261498
-0.209889
-0.249943
-0.332245
-0.230526
-0.316624
-0.240653
-0.232728
-0.282498
-0.185756
-0.224496
-0.205110
-0.267806
-0.302901
-0.317879
-0.177539
-0.245403
-0.080464
0.209192
-0.155536
-0.107328
-0.308384
-0.147485
-0.251589
-0.055235
-0.111562
-0.059649
-0.178107
-0.081766
0.067453
-0.124007
0.057245
-0.132103
-0.027190
-0.077099
-0.032710
0.405617
-0.191126
0.442643
-0.207670
-0.124189
-0.087721
1.005863
-0.139244
2.243294
-0.133329
2.146880
-0.004160
0.717238
-0.052437
0.786118
0.134622
0.618570
0.608612
-0.013844
0.604003
0.399895
-0.014891
-0.001885
0.065809
0.128394
0.185761
1.866500
-0.071111
0.653785
-0.146118
0.025637
-0.122419
1.000879
0.034059
0.379339
0.700929
-0.051998
-0.005161
-0.018288
-0.064904
1.241851
-0.019900
-0.167487
-0.039506
-0.185962
-0.110893
-0.002425
-0.070779
-0.079336
0.469167
-0.195043
-0.035299
0.224545
-0.038354
0.879802
-0.052531
0.753221
-0.002183
-0.029715
0.191088
-0.096780
0.688402
0.314898
-0.046055
0.844757
1.478034
-0.055004
2.082490
-0.009431
0.271895
1.639518
-0.047520
1.255434
0.292917
-0.005468
1.185910
0.813188
-0.081756
-0.040416
-0.095217
0.116776
0.247651
1.138286
-0.013948
-0.051636
0.496816
1.221342
0.390956
1.309536
1.635666
0.246219
0.805641
-0.081292
0.505559
0.349164
-0.222535
1.075142
-0.016954
-0.013510
1.935420
1.611062
-0.109992
1.574142
-0.050595
-0.000823
-0.048913
1.100324
-0.048051
1.684731
0.927600
1.258965
-0.222599
0.629887
-0.069559
1.277978
1.687799
0.371453
1.188865
0.084033
-0.027078
0.685990
0.359763
0.263893
1.314453
0.308687
-0.212936
1.026121
-0.198892
0.121905
0.287880
1.276972
0.397280
0.279002
1.428249
2.046395
-0.061723
2.833477
-0.102205
2.455721
0.434846
1.176592
0.913444
1.665800
1.929098
1.068320
0.376188
0.147654
0.081839
-0.042412
-0.046549
0.386895
-0.040017
0.501032
-0.000494
1.028854
-0.038634
-0.066857
0.861305
0.217814
1.703478
1.377007
0.557943
1.577516
1.118872
0.081650
1.215065
0.698748
-0.070160
0.821007
0.178167
0.716493
1.505535
-0.129686
0.433179
0.359672
-0.035620
-0.066845
0.261761
0.634676
-0.012041
0.426574
-0.139618
-0.052520
-0.024844
-0.159295
0.771389
0.387976
1.021149
-0.045872
0.947458
0.960915
-0.053539
-0.112182
-0.161073
-0.166124
0.615207
-0.056646
0.992154
0.842702
-0.052563
0.989355
2.194938
-0.004107
1.034554
0.601308
0.572520
0.839748
1.745394
-0.045306
0.500280
-0.057931
-0.062198
0.164045
0.368914
0.068127
0.576110
2.046271
-0.027952
1.462160
0.157769
-0.168481
0.081875
1.461499
-0.166187
1.153709
-0.081127
-0.018054
0.468468
1.001608
0.691238
0.959239
0.974073
-0.029061
-0.023207
1.338416
0.199480
0.412735
1.914578
-0.053566
0.500372
2.421440
-0.101589
2.504950
2.173627
0.484686
1.691639
0.690925
-0.162410
0.519583
-0.029210
-0.025079
1.224306
1.668445
1.041124
1.276253
0.139944
1.725601
-0.069373
1.621401
-0.088702
0.312996
1.674993
-0.080743
1.742816
0.530247
0.295762
0.031732
0.387935
-0.047195
-0.002324
0.003848
-0.025925
0.065123
1.810177
-0.093222
1.851518
-0.036257
0.100977
-0.074719
-0.084777
1.740726
-0.051461
1.728931
0.658847
1.022647
0.554238
-0.054073
1.535029
-0.130745
0.474492
-0.096749
-0.011958
-0.039835
-0.078401
1.185787
-0.082898
2.404728
1.057291
0.763417
-0.001575
-0.034777
0.263797
1.379914
-0.110584
3.639143
-0.014514
0.244308
-0.032294
0.377151
-0.029389
-0.002588
1.990632
-0.009941
2.099521
0.364338
1.911388
0.285940
0.061656
0.417365
-0.033746
1.010595
-0.140888
0.037454
0.620691
-0.030736
1.173832
1.353784
-0.058405
1.153049
0.191345
0.146299
-0.079532
0.193925
-0.097993
0.296501
0.844538
0.707862
0.691346
1.677544
0.038518
-0.072929
-0.026925
-0.078439
-0.014740
0.147042
-0.016482
0.640725
1.100343
-0.101833
0.654016
0.970590
-0.070793
0.897311
0.567426
0.318913
0.026237
0.067851
0.431504
0.665370
1.415241
0.310628
-0.086140
0.414304
-0.173035
-0.090406
0.751978
0.561366
0.045933
1.201280
0.184513
0.262769
0.481202
-0.050275
1.402061
1.427511
0.600891
1.639199
-0.032106
0.357770
0.147183
-0.029668
0.267160
-0.039254
0.538871
-0.176479
1.662439
0.229364
0.593856
0.144020
0.030308
-0.065875
-0.070326
-0.044236
0.044339
1.744169
0.773145
-0.008858
1.871443
-0.134587
-0.048279
0.393720
-0.017513
1.788596
0.404530
1.089275
0.203993
0.392471
-0.008585
-0.121772
1.405111
-0.069680
-0.133520
0.688361
-0.126539
0.152820
0.289883
0.708978
0.393651
0.860987
-0.036776
0.632889
1.373117
0.839090
0.778691
1.206653
0.369455
0.128556
0.664613
0.257130
0.565735
0.360932
0.296423
-0.061650
-0.034621
0.483078
-0.042318
1.195099
0.082173
1.574549
-0.149568
0.981402
0.230416
0.181270
0.176906
1.236969
0.030167
1.767523
0.251595
0.151897
0.229298
-0.170885
0.678165
-0.005729
0.918840
1.309715
0.675853
0.131957
0.412727
1.560415
0.468568
0.577210
-0.016940
0.805078
-0.121472
0.224951
0.251645
-0.051696
0.432746
-0.111489
-0.006904
-0.006271
-0.130256
0.341270
-0.085047
0.895582
1.725757
1.344686
1.893255
1.367746
1.349212
-0.109681
0.904613
-0.001038
-0.000294
1.503151
-0.040129
0.226013
-0.092384
-0.107954
-0.007255
-0.068375
0.679939
-0.058310
0.393207
0.276106
-0.211115
0.473293
-0.087896
-0.059093
1.341811
-0.024173
0.953565
0.512686
0.516079
-0.067068
1.143820
1.272603
-0.070154
1.881368
-0.086488
0.905037
-0.181914
-0.073857
0.300294
0.569593
0.621950
1.384275
0.106321
2.591803
-0.130956
2.525498
2.105227
-0.037514
1.311466
-0.142874
-0.149650
-0.011382
1.414322
-0.034727
2.993260
1.600870
-0.008493
2.084317
-0.030099
1.509248
0.655127
1.098816
2.240350
0.308117
0.848862
0.981123
1.771185
2.913628
0.836476
1.268865
1.994863
-0.146444
1.472365
0.119673
-0.132699
0.525348
-0.055845
-0.315379
0.713803
-0.108500
-0.188561
-0.109353
-0.089499
0.434718
-0.011891
-0.082115
1.219332
-0.133017
0.972648
-0.139837
1.468359
-0.073446
1.264872
-0.014087
1.464701
-0.108493
0.305734
0.806729
-0.136461
3.144097
0.704922
1.292859
0.722092
0.822146
-0.048869
-0.029246
-0.086807
0.062257
-0.104618
-0.107440
-0.070291
-0.202020
-0.139989
-0.179228
0.463263
-0.210016
1.771741
-0.096848
-0.149184
-0.149040
-0.253525
-0.008422
-0.210598
0.682601
-0.112481
-0.101729
-0.138354
1.274500
0.412889
1.479718
0.210842
0.610076
-0.024716
1.100425
1.663526
2.756751
0.666733
2.832672
0.600085
-0.100193
0.861875
-0.089234
1.999833
0.585946
3.789636
0.765052
1.228973
1.384914
1.030683
1.945480
0.772078
2.912958
0.261736
1.444028
-0.020237
-0.046883
-2.282946
-3.093135
-2.498271
-0.671509
-3.161196
-3.483846
-1.320467
-3.495944
-2.568126
-2.043720
-1.751071
-2.038212
-2.715506
-1.671763
-2.084428
-2.175016
-2.042052
-2.002821
-2.587849
-0.892620
-2.968615
-1.503537
-0.615688
-2.221771
-2.707273
-3.769319
-2.270272
-4.827377
-4.199843
-1.783331
-3.577386
-2.695203
-2.365299
-2.610097
-4.604670
-2.317934
-2.737147
-3.110150
-2.398845
-1.424662
-2.629940
-2.236347
-2.907251
-3.892221
-3.624631
-1.549847
-1.741726
-1.308015
-2.483657
-5.121828
-3.723154
-4.762649
-4.178540
-5.629251
-2.511177
-5.343249
-5.303576
-3.205228
-3.309821
-4.283548
-3.605869
-3.382859
-2.654585
-3.409934
-3.363109
-3.789469
-4.972984
-2.147890
-3.776667
-2.517367
-0.871224
-2.045820
-5.138053
-3.467567
-4.885832
-3.337459
-3.366323
-4.737049
-3.960735
-3.762933
-2.264947
-4.057926
-3.447788
-3.300969
-2.058918
-4.237298
-1.810417
-4.099972
-2.756009
-2.871640
-4.422741
-3.157200
-4.908190
-3.987716
-0.653368
-1.829001
-2.054251
-5.099518
-4.451983
-3.861375
-3.582552
-3.384936
-3.287611
-4.040845
-3.567918
-2.689113
-3.981870
-3.876984
-5.135794
-4.161454
-2.314549
-5.185522
-3.578001
-3.212092
-4.739439
-2.192803
-4.548176
-2.730567
-1.187937
-2.318276
-4.425784
-4.738636
-2.153941
-3.932290
-4.213664
-2.711780
-4.020365
-3.742562
-2.978156
-2.896171
-5.364614
-2.798660
-2.846016
-5.008558
-3.833777
-3.463360
-2.958720
-5.086195
-4.973422
-1.845389
-5.810220
-1.798022
-0.819322
-3.189265
-1.328736
-3.324090
-4.254950
-2.779596
-2.598891
-3.337567
-4.114819
-2.578287
-4.080166
-3.797061
-2.413038
-5.037162
-3.897976
-4.827775
-3.639772
-4.810544
-3.909283
-1.623486
-4.980617
-3.549370
-2.744555
-5.425111
-0.602827
-1.994036
-3.312251
-4.788586
-2.645501
-3.306072
-2.848635
-3.754831
-3.765555
-2.565173
-2.860096
-4.484071
-3.397720
-4.735580
-4.206180
-5.263294
-4.184720
-3.485225
-5.072676
-4.221738
-4.199245
-4.088925
-3.596947
-4.465220
-1.244317
-2.186536
-1.464038
-4.256810
-2.777622
-5.740830
-2.154306
-4.923562
-3.921113
-3.561680
-4.413790
-2.508727
-2.813619
-3.438301
-2.578142
-3.571016
-4.184768
-4.702481
-2.980037
-5.079969
-4.676672
-3.568483
-4.461400
-3.680247
-0.186869
-2.373420
-2.539351
-4.643659
-3.456617
-3.687946
-3.665854
-2.401451
-3.746883
-4.042749
-3.304637
-4.385374
-3.664262
-3.575361
-4.572621
-3.822514
-5.559144
-3.268071
-3.824862
-4.521196
-2.305376
-5.272246
-4.860067
-3.740414
-1.554369
-1.812932
-3.196776
-4.684638
-3.923268
-2.544996
-5.230844
-4.464029
-4.833804
-2.454840
-3.669444
-4.625746
-1.870144
-3.976410
-2.985608
-3.480739
-3.428540
-3.297320
-6.173420
-4.242218
-5.124708
-3.151502
-3.700608
-2.492273
-1.995332
-1.328928
-3.103378
-3.184825
-4.704555
-5.077379
-3.919501
-3.547848
-4.856184
-5.191430
-3.667235
-5.679222
-2.206796
-3.960709
-3.975749
-2.682399
-3.300129
-5.020639
-1.551797
-4.373556
-3.151053
-3.313740
-4.807666
-2.544190
-1.618212
-2.753498
-2.549643
-3.656458
-4.474268
-2.451991
-3.091711
-3.891046
-3.328851
-2.889091
-4.115090
-3.615120
-4.505707
-3.412088
-2.909761
-2.582186
-4.771597
-4.075285
-3.333628
-4.131310
-4.395654
-4.618453
-3.836469
-3.077031
-2.726459
-0.488565
-3.756620
-2.396726
-6.009181
-3.099334
-4.930730
-2.980801
-5.085801
-4.099441
-4.931006
-3.826334
-3.766348
-2.926921
-4.231397
-4.761620
-2.018461
-3.704905
-6.745982
-3.226625
-4.256445
-3.793284
-4.431961
-4.199082
-0.423791
-2.041701
-2.581862
-4.200943
-2.214409
-3.368034
-4.877685
-3.451291
-4.493411
-3.205959
-4.185613
-4.556705
-5.041770
-3.869919
-3.932355
-2.230117
-4.370823
-3.672789
-4.735905
-2.281860
-5.757040
-3.170166
-5.523292
-2.103822
-2.813835
-0.630419
-3.538714
-4.293242
-4.355572
-4.554625
-5.231490
-3.328718
-3.609842
-2.911294
-4.549234
-2.245824
-3.441930
-3.257739
-4.053741
-3.951982
-3.616696
-4.009200
-3.542116
-5.294050
-3.592773
-4.020458
-3.643046
-3.319506
-1.162138
-1.572695
-3.754472
-3.072717
-4.690565
-4.145798
-2.643336
-3.767852
-3.280349
-3.504434
-4.681743
-4.350418
-5.461849
-4.668968
-3.886347
-3.540252
-3.568653
-4.348558
-2.750442
-5.001696
-2.962479
-4.328382
-3.749973
-3.442845
-1.614695
-1.839155
-3.232973
-2.566177
-3.441814
-3.930351
-4.855451
-4.797044
-4.774086
-3.512045
-3.162020
-3.305099
-3.453983
-3.480058
-3.731871
-3.094427
-4.153440
-3.032959
-5.266351
-4.081694
-2.621917
-4.271801
-2.931874
-2.585464
-2.631319
1.270962
-4.836656
-2.487999
-4.983649
-3.721276
-4.545008
-2.073962
-3.915228
-3.363525
-3.254115
-4.687197
-2.893405
-4.311185
-3.832387
-4.012254
-4.613383
-5.038718
-3.141687
-2.342589
-3.733558
-3.394075
-4.229270
-3.816442
-0.082586
-2.049195
-2.473329
-1.967984
-4.362844
-3.627614
-4.373958
-4.501409
-5.141926
-3.650082
-4.233978
-3.503445
-2.801328
-3.381060
-4.092432
-2.810658
-2.938990
-4.794185
-3.514002
-5.065116
-4.699251
-2.780807
-4.417252
-3.001311
-1.746617
-1.004114
-2.039356
-2.817949
-2.848197
-3.615595
-2.712554
-5.189479
-2.061434
-4.334785
-4.114342
-2.664285
-4.563128
-2.489826
-4.386850
-5.411987
-4.815669
-2.895380
-4.975640
-3.959770
-3.499814
-3.258656
-3.663703
-4.437877
-1.145769
-1.599112
-1.657514
-3.886403
-3.466016
-4.315451
-3.555166
-2.991204
-4.565234
-3.088008
-3.885682
-3.648201
-3.754444
-3.982023
-1.690544
-2.855374
-4.089802
-4.395196
-3.518048
-4.372605
-5.027591
-3.277504
-4.813359
-4.488688
1.451546
-1.494485
-2.888152
-1.998765
-4.136912
-2.766606
-2.428465
-3.944125
-3.317492
-4.108772
-2.426587
-3.250144
-3.803745
-2.664332
-4.272644
-4.011868
-3.768296
-3.163033
-5.967708
-2.890519
-4.001054
-3.078131
-4.578161
-3.660172
-2.019783
-1.199396
-3.738955
-2.420068
-3.990076
-2.972023
-3.812685
-3.929643
-2.792266
-3.592797
-2.797172
-6.290338
-0.612346
-3.419159
-4.568042
-2.918787
-3.745983
-2.951551
-2.379540
-3.849510
-4.103802
-3.636882
-2.973603
-2.730972
-0.133483
-1.892375
-3.427743
-2.296647
-4.706735
-3.710276
-2.419582
-2.938336
-3.008508
-4.753635
-1.310856
-2.688378
-5.036981
-3.063199
-2.775349
-4.809977
-3.051622
-2.613093
-4.338850
-3.469308
-2.978430
-3.083075
-4.670655
-3.790146
-0.996571
0.356403
-3.007207
-3.737464
-2.381136
-2.824243
-4.379913
-2.508916
-4.191800
-3.014863
-4.168725
-2.958196
-4.311282
-4.316423
-3.683456
-3.779698
-3.959583
-4.479239
-4.338831
-3.057502
-4.779046
-5.108902
-1.769781
-3.698779
-0.716003
-2.595480
-2.959870
-3.470253
-2.864273
-2.819791
-3.328114
-2.703486
-4.316532
-1.750983
-4.222843
-3.804206
-4.721177
-2.734029
-3.812758
-2.999699
-6.066286
-0.743092
-3.803442
-4.460007
-2.753582
-3.592179
-4.741057
-2.849457
-1.235581
-0.615473
1.098913
-0.878276
-1.237251
-1.388652
-0.593116
-1.205458
-0.909420
-1.191571
-1.641128
-0.530386
-2.098242
-0.276210
-3.326464
-0.656037
-1.799379
-1.298707
-1.472001
-2.847711
-0.973155
-2.665795
0.357275
-2.315177
1.610182
0.969952
0.854699
0.412728
0.279339
1.390610
1.912821
0.250202
0.970423
0.293902
0.314003
1.726867
0.174765
2.277592
0.364649
0.479653
1.251896
0.568669
0.717231
1.256071
0.327396
1.253238
0.639433
0.139360
2.050111
0.587237
0.224936
2.815647
0.103278
2.171992
2.908474
0.521268
0.019947
1.732994
0.850613
3.038772
0.143021
2.525904
1.021770
0.227229
1.624804
0.206225
3.262788
0.061630
0.487289
1.490231
0.848774
0.341205
2.063526
0.603553
1.164725
2.922572
0.872018
0.616430
2.317264
1.041708
0.568690
1.216514
0.500383
1.623230
0.875905
0.499928
0.220243
0.042555
1.775889
1.110084
4.287035
1.607016
1.763501
0.765326
0.515022
0.216652
0.209213
0.575036
0.589952
1.826868
1.955964
0.559888
2.557683
1.075428
0.236883
1.375191
0.543003
0.461856
1.283415
0.504972
0.352564
0.489954
2.418380
2.530336
5.346582
2.871113
1.826233
0.010521
0.286626
1.371346
0.033546
1.405534
1.981159
1.389039
1.594343
2.165243
4.169454
0.836536
0.200891
0.869925
0.651783
0.963733
0.015947
0.924625
0.180533
1.151695
2.307575
1.624301
2.191865
2.107047
0.338205
0.872004
0.267936
2.473929
0.224008
1.676207
1.283446
0.430835
0.664240
0.311379
2.510940
0.166222
0.501527
0.134222
0.584212
1.099485
2.527296
1.492629
0.702999
1.376591
0.106479
1.754251
0.813678
1.108301
0.104654
1.506206
0.225802
0.138944
0.007167
0.920917
1.744124
0.736410
0.505726
0.730745
2.667300
0.898601
1.863817
0.431800
0.354468
0.190595
2.633085
0.583276
0.623385
0.603346
1.635653
1.342833
2.201503
0.055006
2.150698
0.942665
0.530246
0.648462
0.896536
0.151737
1.704360
1.455523
1.116315
0.178954
1.154692
0.144529
2.337753
0.091133
1.573676
0.943428
0.934720
1.012646
0.283292
1.898898
1.774882
0.404751
2.913798
0.368947
2.408292
1.517845
0.491882
1.419598
0.950280
0.240304
1.426286
0.251514
0.171607
0.866902
1.096445
1.164794
2.355170
1.229365
0.466037
1.208764
0.353801
0.725821
1.132077
2.747954
1.296173
0.183569
3.843088
0.749595
3.365622
2.851290
1.047001
0.088391
1.322669
0.098162
2.201594
0.106364
0.861445
1.898901
0.159384
2.652265
0.628446
0.721048
1.750179
1.212404
0.736226
0.990976
0.531345
0.602695
0.262255
0.477941
3.438670
0.142528
1.401893
0.744384
0.466983
0.236683
2.050571
0.345061
2.341746
0.744922
0.793821
1.580891
1.246858
2.624104
3.094237
0.840375
2.633354
0.327053
0.172423
1.538499
0.348448
1.399384
0.253666
2.601509
2.006833
0.800039
0.336322
1.194384
2.248940
0.690891
2.380318
1.435394
3.451711
1.590294
2.167963
3.497264
1.378811
1.707959
4.169608
2.829160
1.278632
1.463301
0.901153
2.189790
0.053574
1.950447
1.652398
2.619254
0.810020
0.609354
1.183635
2.262037
1.995826
0.013728
0.621562
1.931181
2.131145
0.186011
0.882109
1.404321
2.673544
1.875464
4.214412
2.840770
1.066184
0.646123
0.699370
2.819264
0.978709
1.965263
3.817532
2.202431
1.040524
1.267036
0.268439
2.403686
0.499159
0.780744
1.690438
2.175207
1.816082
0.288129
0.774112
0.551962
1.516129
0.946621
2.434638
2.594937
1.172451
0.333792
0.728331
4.126264
1.252737
1.951489
3.666441
0.102958
1.796008
1.598833
0.839214
1.545919
1.386188
1.671064
1.534066
2.095733
2.566449
0.150944
1.029438
1.229107
1.531509
0.001045
1.688612
0.590250
1.125627
2.073980
1.953700
3.500546
1.321304
2.314889
3.205687
0.467891
1.799104
2.124701
0.373703
1.162268
2.040299
0.071473
0.014692
2.387426
1.484555
1.757870
0.143529
1.237609
0.294361
0.683269
0.136759
1.013094
0.335526
0.535498
3.104558
2.566797
0.702313
1.412297
0.676174
0.653854
1.259360
0.255812
0.600561
1.354673
1.171914
0.840956
0.591869
2.083911
1.061681
0.597209
0.650698
0.545689
1.070497
1.133081
0.392238
2.397623
0.699830
1.052043
2.809048
1.012508
0.881054
0.081954
0.971302
0.341110
2.235184
0.897548
1.418055
0.328072
2.132786
0.002824
0.174326
0.551926
0.248124
3.074262
2.822273
1.596663
2.341317
0.907998
1.113735
3.038142
0.241596
1.759122
0.299762
1.917819
0.324105
0.282041
0.510807
0.418817
1.498402
0.913306
0.191394
0.098512
0.473152
0.982760
0.362223
0.855049
1.605919
2.854536
4.255830
1.578758
2.172878
0.260485
0.509367
2.391572
1.620159
1.364406
2.164389
1.644130
0.303080
0.336892
1.372684
0.842572
1.954096
1.279589
0.782510
3.020061
0.496958
2.132678
0.405270
0.604684
1.025399
1.440578
3.920781
0.278567
0.872586
0.426362
1.100347
1.663582
2.504996
0.507485
3.121040
1.446168
0.192133
1.446015
0.919908
0.334596
0.192762
2.018999
0.445475
2.452155
0.277061
1.526325
1.211954
1.354039
1.110042
0.171080
0.703066
0.440844
1.435402
0.125934
3.191911
1.002090
2.831008
0.970509
2.028971
0.255433
2.139799
0.920647
1.490390
0.168576
1.260451
2.675899
0.319329
1.205764
1.497488
1.207536
0.768069
0.744517
2.617136
0.403470
0.964369
0.731582
3.211049
0.081538
3.292666
0.318140
0.968203
0.544862
2.976000
0.302369
5.176933
0.326889
2.169374
0.724009
2.601934
2.429086
0.050861
0.401774
2.205839
0.806733
0.642070
1.581479
3.049328
1.504151
1.999335
1.031515
4.058777
0.938657
2.727291
0.512403
1.201399
0.763509
3.143235
0.767317
4.356764
0.886473
3.337537
0.211934
3.014259
2.876160
0.795502
0.850127
0.481097
0.603185
1.440099
3.009131
1.592066
2.329154
1.945732
0.915201
5.013606
0.735069
2.156531
1.104235
1.433076
1.458886
4.376917
0.580800
2.457922
0.407709
0.983240
1.450142
2.339684
1.107455
2.379573
0.126961
0.357474
1.109446
1.269484
2.334483
0.363907
1.735212
0.193110
2.103666
4.877416
1.011843
1.873525
1.531116
1.560110
2.672114
3.162485
1.055492
2.259342
0.281571
1.173100
1.119259
2.528345
0.142949
3.244473
1.245002
0.487441
2.054411
0.611534
2.587431
0.478200
2.493325
1.056029
1.798243
2.402218
0.638361
1.788504
0.529498
0.692569
3.397720
1.927916
2.722878
2.081312
1.042364
1.715318
2.391936
4.194944
1.323980
3.833456
2.235488
0.189340
1.314866
1.103457
1.972569
2.063823
2.949466
3.554087
1.827290
0.028017
0.738763
1.407599
0.078411
1.745453
4.191938
0.975741
4.278888
3.232487
2.163409
4.639395
1.655714
6.930472
0.277660
4.374419
0.657455
0.479374
0.955635
0.553790
2.109514
1.460887
2.390366
2.293092
1.077075
0.714117
1.982242
0.727604
0.787592
1.717135
2.263563
1.788935
2.565736
2.674977
1.654463
4.051217
0.782562
5.527265
0.714869
2.256111
0.310124
0.873136
2.168185
0.440495
0.037068
0.793699
1.779471
2.665029
3.254514
2.137692
1.671226
1.723951
1.575830
1.197092
0.957068
1.132811
1.008896
0.903076
0.328058
0.572556
0.809614
1.022425
1.123052
1.274746
1.925294
2.450738
2.127424
0.587146
0.768163
2.403994
3.331947
4.478437
3.974642
3.659213
3.358733
3.880771
3.316611
2.461627
2.731756
2.564886
2.716796
2.528375
2.638352
2.032793
2.532124
2.257573
2.258303
2.046573
2.546587
3.395117
3.914127
2.538363
2.023083
3.843362
3.392322
2.639438
2.466644
2.815615
3.238360
3.057361
2.707048
2.321844
2.217171
2.576516
2.182589
2.689090
2.837174
3.035064
2.610749
2.389840
2.617270
2.799037
2.996123
3.037352
3.639589
2.698189
1.784925
3.276240
2.598269
2.018713
1.771557
2.928803
3.879127
3.540442
2.567732
2.142303
2.119476
2.208393
2.207548
2.559832
2.964218
2.667447
2.388544
2.196463
3.126107
3.824702
4.035291
2.883689
2.326973
1.513758
1.738742
3.673712
3.652652
3.264052
2.859600
2.676903
3.044089
2.721326
1.857188
1.529204
1.645368
1.674206
1.845775
1.771692
2.520168
3.038482
2.651776
2.371165
2.740953
2.843720
1.736874
1.713890
2.362767
2.034177
1.680748
3.531521
3.517702
3.131011
2.513879
2.129940
1.780185
2.064754
2.046791
1.584423
1.612694
1.718939
2.371476
3.075136
3.529738
3.388093
3.422354
3.400629
3.181672
2.457161
2.010827
2.572050
2.491360
1.982345
1.498774
3.008153
3.814436
4.108023
3.921818
2.588907
1.831995
1.854290
1.914948
2.277730
1.952670
2.507808
2.752797
3.167399
3.267659
3.214935
3.296916
3.041088
2.816635
3.072055
2.998860
3.561314
2.551722
1.088165
1.523378
2.900229
2.696626
2.846017
2.782655
2.359283
1.576587
2.156763
1.459891
1.334754
1.179949
2.340790
2.939346
2.893369
2.299762
2.608593
2.597490
2.464308
1.972814
2.690979
3.675977
4.179805
3.215650
1.430610
2.026513
3.875087
3.703303
2.932980
2.729604
2.837496
2.675456
1.829889
1.866157
1.767404
1.563864
2.182570
2.859030
3.171825
2.618899
2.717408
3.300491
2.496528
2.263900
2.910140
3.056620
3.550983
4.535221
3.235589
1.873589
3.175104
3.372339
2.983721
3.523974
2.988276
2.654334
2.616256
2.799760
3.401309
2.441447
1.887410
2.146852
2.698481
3.313320
3.031233
2.918346
3.085275
3.578043
4.913424
5.356331
3.940866
3.601417
2.761794
1.611027
3.078214
2.726793
3.139177
3.322374
2.932358
2.154523
2.386090
3.646149
4.235192
4.117620
3.188872
3.338173
3.296883
3.817637
4.254521
3.492074
3.212332
2.916400
2.964041
3.262822
3.677392
3.384469
1.816242
1.190707
2.603910
2.241327
2.671040
3.219855
3.105108
2.377990
1.592379
2.328659
2.899280
3.259268
2.552928
2.059210
2.078393
2.228516
2.795143
3.141271
2.717162
2.486240
2.185560
2.598469
2.444885
2.292904
0.972440
0.974577
1.996938
2.061141
2.151505
2.866379
3.370826
2.854117
3.076837
2.955405
3.190243
2.625907
2.326907
2.069463
2.521282
2.493302
2.297399
2.094254
1.993727
2.615529
2.278719
2.649616
3.254081
3.196168
2.110995
1.201974
2.444420
2.474819
2.146666
2.161644
2.589664
2.702089
2.336974
1.935952
2.174863
2.657122
2.644817
1.846272
1.946182
2.734410
2.384440
2.175223
2.378842
2.865316
3.119705
2.987962
3.993098
4.037410
2.715628
1.049303
2.711217
2.917547
2.936118
2.582293
2.983654
3.321713
3.239326
2.529992
2.437860
2.804278
3.148583
2.616687
2.899114
3.084377
3.660301
3.225596
3.881621
3.642361
3.297968
3.226784
3.054875
3.316444
2.227284
0.315492
1.954099
2.688732
3.309548
3.141192
3.533080
3.555828
3.103986
2.637310
2.509578
3.394768
4.516590
3.571001
2.559538
1.925200
2.700799
2.847021
2.799280
2.353807
2.243459
2.881434
2.929690
2.351008
1.848444
0.655347
2.292399
2.868189
3.214505
3.104621
3.374785
3.203699
2.323344
1.974699
1.952349
2.253383
2.987060
2.716251
1.942746
1.243049
1.810279
2.453719
2.597394
3.008756
3.274904
3.868696
3.889395
3.717041
2.160143
1.232313
2.567927
2.350690
2.821853
2.587540
2.156504
1.512044
1.846556
2.437595
2.951505
2.924073
3.443128
3.181697
2.994142
2.797128
2.593410
2.985885
3.154141
4.079385
3.868191
2.701197
1.872767
2.277507
1.715185
1.354126
2.979148
2.585949
2.700331
2.683654
2.357014
2.127765
2.168741
2.590572
3.248974
3.729628
3.384242
3.281314
3.151358
3.079608
2.553812
2.494968
2.797380
3.380154
2.892672
2.648767
2.100243
2.697528
1.985025
0.469092
1.835395
2.584766
3.062184
3.271040
3.874500
3.160532
2.556375
2.067178
2.838821
3.624504
3.402559
2.299083
2.490786
3.026704
3.198458
3.057411
2.822742
2.836998
2.479057
2.462177
2.523265
2.614205
1.645788
0.238377
1.637400
2.003469
3.207612
3.500009
3.881197
3.571395
2.758607
3.017381
3.503324
3.847474
3.838170
2.731997
2.156124
2.071863
1.592914
1.981199
2.264250
2.853223
3.115454
3.567510
2.922318
2.048427
1.104592
0.307777
1.335656
1.758870
1.887427
2.793874
2.436674
2.401640
1.988048
2.900901
3.586028
3.398421
2.070543
1.766406
1.744083
2.826806
2.380335
2.405514
2.266428
2.710695
2.725120
2.837125
2.473070
2.035608
1.108504
0.773690
1.775651
2.404463
2.413506
2.977552
3.005234
2.069735
1.701880
1.694486
2.900249
2.862411
2.602116
1.711951
1.971341
2.784091
2.980135
2.646965
2.243684
2.764590
3.667984
3.280610
3.322684
3.147741
2.590590
1.211596
2.553258
2.308305
2.614043
2.437350
2.595497
1.582036
1.280125
1.327410
2.175460
2.234376
2.475343
2.118683
2.143475
2.448998
2.908412
2.599052
2.191597
2.423943
2.787109
3.270562
3.006020
2.805483
2.520375
1.268529
2.676438
2.374776
2.736795
2.520771
2.638780
2.794049
2.037747
1.953483
2.571059
3.094533
2.282757
2.652068
3.045795
3.301121
3.686582
3.463850
3.115522
2.400132
2.587170
2.970310
3.280363
2.996126
1.924957
1.849373
3.496171
3.328280
2.887883
2.898485
2.545779
3.626698
3.631563
3.388309
2.709264
3.449112
3.272530
3.644304
3.711414
3.864273
3.712349
3.609792
2.940678
1.948774
2.296404
3.192699
3.343225
2.647382
1.047121
0.898949
1.906276
2.049189
1.948905
2.207929
2.490868
2.996095
3.189255
3.799501
4.131899
4.215897
3.253571
3.596964
3.501787
2.733897
3.187646
3.340480
3.317338
2.571658
2.747956
3.150169
2.812268
1.573570
0.564921
0.795603
1.999540
2.082573
1.688634
1.798914
1.637445
1.517026
1.699762
2.226514
3.262110
3.422706
3.036714
2.128471
1.911493
1.813846
2.551759
2.938671
2.812331
1.542567
2.016422
2.112075
2.391919
1.145492
0.074395
0.610796
0.525429
0.012327
0.813328
0.742869
0.220632
0.210531
0.359992
0.146795
1.089856
0.190195
0.654773
0.268545
0.939699
0.535376
0.727841
0.954165
0.521441
0.702401
1.108538
0.504135
0.050675
1.027621
0.759905
0.049930
0.002705
0.140298
0.157901
0.143908
0.063242
0.059448
0.105854
0.245423
0.019352
0.231421
0.185649
0.039573
0.110846
0.365488
0.051157
0.583532
0.332884
0.080299
0.354378
0.169340
0.183195
0.245627
0.008629
0.055126
0.249703
0.019653
0.365225
0.040525
0.017866
0.073498
0.162254
0.153903
0.247222
0.076600
0.250329
0.106859
0.268740
0.090135
0.066696
0.194553
0.217067
0.072167
0.030870
0.000887
0.305472
0.176754
0.098523
0.223686
0.206775
0.120686
0.223834
0.610247
0.226955
1.373967
0.151031
0.072948
0.089636
0.928217
0.220343
0.509149
0.142426
0.282400
0.190056
0.307231
0.162457
0.045575
0.109526
0.008989
0.268946
0.100198
0.283955
0.011844
0.209080
0.100597
0.153902
0.132288
0.131865
0.833685
0.033338
0.024337
0.150706
0.327846
0.204130
0.773894
0.059709
0.084200
0.171630
0.525156
0.355143
0.111183
0.201109
0.279973
0.068026
0.115556
0.170557
0.069509
0.219882
0.229485
0.002082
0.020403
0.090949
0.277815
0.672455
0.034739
0.028810
0.048837
0.070581
0.167402
0.015701
0.866349
0.070615
0.309659
0.023874
0.051956
0.241271
0.029666
0.062070
0.123496
0.827650
0.543514
0.328651
0.264850
0.463735
0.123451
0.585781
0.121048
0.034253
0.019784
0.032936
0.121358
0.426548
0.203770
0.606263
0.640146
0.355459
0.056294
0.155715
0.227400
0.123147
0.030541
0.058232
0.174201
0.893581
0.080887
0.508421
0.149321
0.857212
0.131992
1.031219
0.035602
0.191549
0.095682
0.179950
0.055040
0.017931
0.223662
0.141755
0.311519
0.437982
0.121861
0.023278
0.028782
0.241852
0.259084
0.181165
0.155251
0.805625
0.310225
0.121662
0.387438
0.248896
0.001181
0.118442
0.675120
0.035924
0.010655
0.152060
0.042234
0.074219
0.266964
0.089657
0.333737
0.159487
0.709124
0.057731
0.415957
0.031808
0.116453
0.087723
0.240806
0.056212
0.196102
0.281644
0.053935
0.236139
0.274800
0.171456
0.535423
0.074870
0.998527
0.015482
0.259287
0.370181
0.151183
0.609992
0.164701
0.553690
0.085182
0.281005
0.120138
0.051348
0.184888
0.114864
0.189563
0.114040
0.007406
0.042715
0.223152
0.061835
0.030369
0.104012
0.057599
0.042976
0.100858
0.048231
0.621929
0.190412
0.950836
0.041911
0.121162
0.817700
0.442438
0.586069
0.044547
0.350397
0.507061
0.175766
0.144391
0.207908
0.305486
0.025011
0.090298
0.070445
0.465695
0.199544
0.237856
0.501263
0.074966
0.602182
0.146079
0.043754
0.705701
0.059480
0.326509
0.329220
0.070292
0.392583
0.038248
0.072462
0.305569
0.167295
0.168073
0.476917
0.854911
0.004282
0.120731
0.031699
0.051217
0.042860
0.707538
0.190770
0.298647
0.585670
0.136614
0.015749
0.103165
0.008319
0.129044
0.097753
0.054005
0.174827
0.080187
0.250094
0.469342
0.076902
0.207652
0.183564
0.509108
0.454643
0.038775
0.343277
0.145962
0.089804
0.005409
0.177416
0.133532
0.293445
0.050862
0.620359
0.020946
0.042212
0.037621
0.100247
0.081262
0.281633
0.136162
0.229505
0.083898
0.562199
0.119010
0.141506
0.034596
0.139139
0.243662
0.331185
0.349114
0.124207
0.037514
0.276091
0.606036
0.249310
0.729973
0.083817
0.512107
0.051961
0.072650
0.140113
0.083105
0.099337
0.263399
0.239580
0.000696
0.398656
0.210639
0.099474
0.564992
0.169562
0.090464
0.137592
0.012641
0.020206
0.017483
0.171645
0.076567
0.342941
0.315791
0.154989
0.014347
0.237182
0.124205
0.154070
0.072228
0.068021
0.384067
0.281434
0.114280
0.018371
0.292323
0.652066
0.376275
0.322203
0.126019
0.330919
0.144097
0.695429
0.067721
0.139220
0.115508
0.047354
0.094023
0.123807
0.037365
0.098871
0.502509
0.004479
0.521494
0.008198
0.065355
0.000897
0.156944
0.353688
0.024966
0.110608
1.144708
0.279562
0.955010
0.104941
0.154271
0.032254
0.141831
0.029612
0.065974
0.507426
0.043859
0.105648
0.157803
0.234541
0.287919
0.104539
0.095438
0.113434
0.094719
0.303761
0.270597
0.022725
0.313519
1.389751
0.365196
0.136845
0.156199
0.217580
0.117288
0.025197
0.092838
0.014598
0.248987
0.109702
0.050042
0.095876
0.161474
0.197347
0.044321
0.018835
0.116949
0.568286
0.058998
0.090955
0.028044
0.044737
0.367047
1.142036
0.005571
0.073638
0.503643
0.044817
0.081405
0.101069
0.428541
0.113378
0.195118
0.456912
0.711803
0.203538
0.738091
0.228445
0.279204
0.313766
0.181128
0.149456
0.691292
0.508245
0.111883
0.076833
0.203823
0.015662
0.808704
0.002725
0.078082
0.345737
0.310895
0.177142
0.288380
0.023145
0.151116
0.377873
0.137125
0.345685
0.479648
0.050410
0.078681
0.198997
0.191496
0.074123
0.608009
0.103038
0.753267
0.743940
0.135354
0.805073
0.743424
0.026299
0.143338
0.719092
0.311030
0.077255
0.200650
0.403092
0.004906
0.197611
0.288161
0.161451
0.040124
0.099032
0.364309
0.053331
0.168363
0.103287
0.114616
0.082942
0.699625
0.679422
0.065689
0.080499
0.365799
0.277001
0.093603
0.058079
0.063032
0.055362
0.157320
0.091047
0.021744
0.077471
0.020451
0.005621
0.139896
0.189891
0.125058
0.022414
0.533626
0.012855
0.001054
0.268326
0.229715
0.455088
0.027758
0.795584
0.205627
0.032488
0.004860
0.149020
0.165027
0.373317
0.060313
0.669777
0.273448
0.278183
0.378072
0.147409
1.041088
0.072135
0.015491
0.064987
0.060804
0.810831
0.048576
0.602276
0.067195
0.496586
0.026800
1.168189
0.183880
0.244528
0.018438
0.102665
0.037076
0.102874
0.255457
0.057281
0.547328
0.056529
0.047783
0.098666
0.237497
0.347464
0.378721
0.305179
0.168952
0.876542
0.031639
0.095972
0.034119
0.943316
0.034336
0.311568
0.103281
0.319435
0.107648
0.193622
0.395327
0.200661
0.206079
0.329787
0.279860
0.182249
0.062235
0.022091
0.352810
0.561798
0.091921
0.057649
0.618216
0.172725
0.194387
0.098400
0.164108
0.085639
0.034819
0.523509
0.060812
0.293074
0.191391
0.447952
0.888624
0.143924
0.104733
0.215270
0.311895
0.150992
0.252300
0.094566
0.250705
0.015355
0.025527
0.175143
0.042652
0.073043
0.038620
0.181615
0.192396
0.194100
0.011770
0.438735
0.102545
0.047994
0.327336
0.040222
0.100268
0.301199
0.094828
0.054593
0.185174
0.097804
0.112559
0.031357
0.199395
0.178126
0.041262
0.112610
0.243843
0.279762
0.056949
0.199707
0.363616
0.290229
0.415052
0.637079
-0.005759
-0.109499
-0.049892
0.182545
1.878476
1.726680
0.095763
-0.048755
-0.038906
-0.037603
-0.009140
-0.045530
-0.020230
-0.010406
-0.010202
-0.068874
-0.083819
-0.104632
-0.036766
-0.061113
-0.045081
-0.053890
0.099170
0.384415
0.287782
-0.014327
-0.039634
-0.046131
-0.118379
-0.139084
0.234882
-0.041004
-0.066743
-0.025199
0.231325
-0.022066
-0.033512
-0.031859
-0.027943
-0.001928
0.243309
-0.036291
0.279661
0.236734
-0.086807
-0.051994
-0.024320
-0.004389
1.415995
0.882186
0.421780
-0.034628
-0.000748
0.306178
1.351947
1.573221
0.488091
1.013229
-0.001525
0.043807
-0.067772
0.409977
0.510360
1.189782
0.336510
1.299273
-0.023598
0.170817
1.046233
-0.008582
-0.051861
-0.020776
0.850838
-0.022879
1.111115
1.683022
0.168770
-0.011196
0.000858
0.153183
-0.044741
-0.053464
-0.006446
-0.012310
0.835843
0.268305
0.199179
0.341975
0.168029
0.465886
0.751105
0.505485
0.613173
0.246458
-0.037488
-0.013458
0.613545
0.385340
1.111474
0.447686
0.244176
-0.035448
-0.028053
-0.047674
-0.048290
-0.034410
0.518127
-0.009934
0.301038
-0.026372
-0.011428
-0.134823
-0.038460
-0.002112
-0.057756
0.296542
1.014813
-0.030134
-0.034448
0.188057
-0.002095
-0.097831
-0.030145
-0.065662
0.672813
0.620826
-0.033177
-0.015664
-0.056419
1.027532
0.352964
0.267965
-0.029286
-0.005136
-0.000938
-0.003734
-0.040555
0.808856
-0.062138
-0.031740
1.388070
-0.009740
0.512291
-0.012639
-0.013467
-0.003399
0.082073
-0.038627
-0.053483
-0.031537
1.156337
1.566314
0.261298
-0.072946
-0.116000
-0.014842
-0.016168
1.082479
0.849418
0.916382
0.617096
-0.005264
0.112874
0.745197
-0.002687
0.012582
-0.032832
0.271287
0.060072
0.741758
-0.023707
-0.003183
0.358916
0.498732
0.394395
-0.032358
0.821663
0.212041
0.394082
0.080566
0.025380
0.007465
-0.033946
-0.053308
0.435437
0.277659
-0.072309
-0.009429
-0.077844
-0.004227
-0.026950
-0.047361
0.763344
1.233902
-0.025228
1.285762
-0.003537
-0.021596
-0.058944
0.210716
0.426093
0.564812
0.692807
-0.021725
-0.020598
0.447079
0.526734
-0.014402
-0.022312
0.069712
-0.015238
-0.013549
2.001849
0.326913
0.559233
0.305264
0.343056
0.331175
-0.018279
-0.031952
-0.024950
0.209287
-0.038806
-0.011203
-0.019322
0.679723
0.428717
-0.005419
1.066333
0.283345
0.471519
0.723993
0.133433
0.599657
2.593471
-0.063163
-0.047387
0.341406
0.940886
-0.001975
0.217270
-0.041105
-0.044407
0.007666
-0.018869
0.232444
0.379026
0.385298
0.575657
0.342323
0.570530
0.401068
-0.086420
-0.058061
-0.049420
-0.008217
0.559743
0.107348
-0.083675
-0.010942
-0.004434
-0.014652
-0.043994
-0.099722
0.341257
-0.035093
-0.009497
0.253383
-0.008356
0.522804
1.085658
-0.020819
-0.022395
0.362703
-0.082647
0.599795
-0.055270
0.556760
0.990611
0.035308
-0.012536
0.127884
0.035880
-0.048393
0.316158
-0.015459
-0.005213
-0.001435
1.094172
-0.017516
1.119267
-0.009083
0.913499
-0.027280
-0.061354
-0.013856
0.015866
-0.039964
-0.024626
-0.023212
-0.063368
-0.036546
0.167134
-0.072154
-0.003040
0.312078
0.863351
0.137856
-0.007170
1.289109
0.186047
-0.003199
0.710020
-0.029639
0.141764
-0.035017
-0.110230
0.325767
0.964451
-0.016661
0.359119
-0.001407
0.228340
-0.012594
0.604196
0.686782
0.343085
1.320840
-0.004524
0.302967
0.159560
-0.032388
0.199628
0.669788
0.637217
0.490499
-0.000726
-0.075920
-0.000650
1.046778
0.588282
0.043881
0.209383
0.618520
1.034641
0.922755
0.714085
0.936852
0.929377
-0.028553
-0.026058
0.404820
-0.088265
-0.051636
-0.087319
-0.108730
0.033441
-0.055281
-0.053813
-0.053431
0.781836
-0.067342
0.975048
1.644934
0.669965
0.465345
0.609155
-0.032210
0.406666
1.089352
0.620929
-0.054835
-0.005040
-0.052631
-0.088394
-0.005843
0.010514
2.592279
0.961897
0.044341
-0.003258
1.515007
1.686224
0.358585
1.310205
0.239782
-0.029588
0.582766
-0.038437
-0.010947
0.270310
-0.012886
-0.001959
-0.066714
-0.071384
0.287693
0.693113
-0.004055
-0.005548
-0.042566
0.348804
0.605628
0.542342
-0.011085
-0.082268
-0.066273
-0.057367
-0.070007
0.656890
-0.062728
-0.036640
-0.051824
-0.085270
-0.061141
-0.026887
-0.061369
-0.046806
1.432658
0.041874
0.116265
0.520933
0.571273
1.133628
-0.089955
-0.092265
-0.081810
0.754996
-0.054335
1.154438
0.386771
-0.129134
-0.083130
0.922192
-0.039738
0.173283
0.065424
1.662201
0.686162
-0.022872
-0.017831
0.248953
-0.031949
-0.070359
0.657919
0.836776
0.370705
0.376514
0.202355
-0.046763
0.294899
-0.035941
0.762687
0.528436
0.542388
0.099960
0.558859
-0.000506
-0.077148
-0.050339
-0.036852
-0.027595
1.072220
0.709600
1.573896
-0.008415
-0.044488
-0.054383
-0.024354
0.851089
-0.034573
0.587169
1.300784
-0.011399
-0.002772
-0.161253
-0.039209
0.740086
1.160545
-0.011534
1.075268
1.018449
-0.007325
-0.049523
-0.026221
-0.014105
-0.033737
-0.070945
-0.055546
0.265873
0.102830
-0.029803
-0.093219
0.481699
-0.054479
0.332532
0.145668
1.391863
-0.013682
-0.025430
-0.085276
-0.063354
-0.082735
0.304451
0.273139
1.333487
0.619762
0.363942
-0.003546
-0.009211
-0.052269
-0.058273
-0.020502
-0.047271
-0.050227
-0.116369
-0.032550
0.824453
-0.035525
1.099657
0.144099
1.104770
1.104256
1.119064
-0.038494
0.172977
-0.004533
-0.024298
-0.045564
0.450683
-0.006931
-0.025019
0.287079
-0.002621
1.009428
0.595819
0.721104
0.071141
0.835721
-0.083317
0.743345
-0.007052
-0.043331
-0.020947
0.007801
-0.063399
-0.042461
-0.029565
-0.028294
0.151132
-0.006354
-0.010184
-0.004020
0.094111
-0.073653
0.776177
-0.005622
2.227636
-0.031817
0.011622
0.643903
1.390066
0.730468
0.073228
0.587584
0.810306
-0.052299
-0.031368
0.625595
-0.007906
1.131596
1.643820
0.038241
-0.019671
1.077556
-0.020656
0.086448
1.055618
0.216132
1.760676
-0.085697
-0.008921
0.412982
0.608058
0.295557
1.894934
-0.033236
0.552723
0.074245
0.667631
-0.033537
-0.007250
0.142712
-0.023162
0.774635
-0.039516
0.259341
0.072638
1.131095
0.377161
-0.028441
0.559433
-0.080601
-0.075540
0.010268
-0.019986
-0.034679
-0.061460
-0.009734
0.607459
-0.030760
0.479935
0.996944
1.985957
0.462399
0.315187
1.377368
0.062753
0.475121
1.846766
-0.027942
-0.050619
0.458187
-0.052663
-0.059516
0.136489
0.533564
-0.023500
-0.006079
-0.003655
0.573568
-0.072488
0.286627
0.569560
0.174887
-0.023684
-0.069356
0.515969
-0.038762
-0.022247
-0.048903
1.193425
0.255417
-0.017846
1.014509
-0.015727
0.067540
-0.023887
-0.005274
0.630583
0.845970
0.945153
0.896651
0.856624
0.946947
0.141832
0.538043
-0.033286
0.117719
-0.009240
0.105733
1.265787
-0.010160
0.173070
-0.004695
-0.043504
0.434338
0.674799
0.100785
0.781992
0.937489
0.632065
0.229883
0.086933
0.061198
0.279230
0.085303
0.150423
0.267767
0.080592
0.053406
0.124058
0.150014
0.048379
0.814464
0.754220
0.162103
0.268915
0.373423
0.203283
0.235186
0.254632
0.577586
0.091970
0.025923
0.349105
0.318645
0.200473
0.087843
0.092164
1.491497
0.061598
0.065318
0.014338
0.258846
0.114409
0.260426
0.291648
0.133561
0.004928
0.067856
0.140668
2.719604
0.143643
1.058483
0.932620
1.501206
0.064364
0.936910
0.376754
0.337187
0.973054
0.039562
1.140531
2.595721
0.146490
0.092797
1.060417
0.112873
1.365681
1.755700
1.496902
0.430983
0.100550
0.185716
0.247565
0.313833
0.341545
0.262541
1.246224
2.680779
0.033080
0.250422
1.203208
0.036065
2.772278
0.215328
0.813050
1.491214
0.083484
0.989713
2.941823
1.045733
0.018096
0.377658
0.628325
0.020892
1.073358
2.619834
2.997855
2.554245
0.148803
0.141123
0.050249
0.011680
1.081167
0.209297
0.088017
0.418189
0.820397
0.938607
0.039293
0.823968
0.289007
0.138183
0.416744
0.021364
0.092426
0.721355
0.124789
0.011074
0.040068
1.321799
2.354073
2.825458
0.009697
2.439558
1.414061
2.297881
2.766299
1.545602
0.140430
0.111265
0.171966
0.393470
0.091718
1.887515
0.537402
0.132302
0.141482
0.072667
0.132190
1.389141
0.750238
0.087736
0.044745
0.050818
0.069772
0.024963
0.107432
0.855814
0.305288
2.668360
2.221702
2.096959
0.859095
0.015656
0.080919
0.087610
0.085874
0.739790
0.396820
0.094156
0.970894
0.034450
0.290182
0.074434
0.077687
0.144040
0.059126
0.135090
0.548357
0.432036
0.754213
2.284015
0.321053
0.090257
0.484153
0.607775
1.357608
0.007415
2.726908
1.865235
0.345632
0.159392
0.211280
0.180319
0.713758
2.701209
0.000965
0.075690
0.015497
0.256744
0.063742
0.246126
0.102844
0.064824
0.787422
1.405418
0.230892
0.329111
0.137621
0.036891
0.731188
0.020610
0.205365
0.287190
1.302446
0.877814
1.531254
0.054912
0.113923
1.798404
4.279459
2.871806
1.602512
0.056200
0.847705
0.035730
0.004573
0.061574
0.746012
0.759392
0.013459
0.174805
0.011078
0.050470
0.256082
0.091801
2.477095
0.185992
0.209275
0.060660
0.548204
1.176823
0.141140
0.176357
1.985547
2.020500
1.112281
0.057884
0.749546
0.170286
1.539022
0.027933
2.309640
3.619220
0.779706
0.042079
0.185167
0.063727
2.178146
0.146175
4.134943
1.415530
1.034988
0.289652
0.009861
0.010996
0.067905
0.251038
0.501927
2.127737
2.232897
1.262113
0.100841
0.031239
0.823854
0.215678
0.115654
2.992713
1.736788
2.616171
1.004560
0.014857
1.365019
0.119484
2.494819
2.633582
3.813900
0.043603
0.119430
1.755282
0.106643
0.018868
1.756112
0.178833
0.009065
0.011523
0.198066
0.076553
0.469770
0.106421
0.133089
0.064762
0.185462
2.049987
0.000247
0.460472
0.022962
0.040203
0.409638
0.736644
2.740049
1.143441
0.038045
0.328766
0.274949
0.237244
1.999800
0.066998
0.144575
0.138100
0.210827
0.814055
0.092891
0.248169
1.677490
1.477785
0.157931
1.025911
0.317748
0.156651
0.209715
0.214110
0.159641
0.127831
0.436828
1.147969
2.137780
2.083228
0.071476
0.093486
1.348517
2.650921
1.510236
0.088990
0.084540
3.472334
0.412736
0.381698
0.365143
1.248276
0.320254
0.255950
2.511469
2.165397
0.034381
0.195310
0.531736
0.733801
0.020739
0.254918
0.116661
1.828506
0.042559
0.783972
0.006061
1.272667
1.692935
0.092987
0.003113
3.553827
3.574302
0.015647
0.453393
0.247780
0.188403
0.584326
2.364208
2.485995
0.983135
0.058135
0.085038
0.628578
1.687108
0.074024
0.025105
0.015947
0.159053
0.020340
1.151104
0.477804
0.031346
0.090756
0.104285
0.007582
0.592337
0.024018
1.748612
0.006319
0.053127
0.070461
1.802564
2.158525
1.685913
0.072935
0.073487
0.107793
1.058009
2.016641
2.579517
2.239513
0.130845
0.091507
0.978695
0.052815
0.036888
0.161257
0.340567
0.459234
0.850974
0.183778
1.962654
1.189947
0.258921
0.376278
0.201086
0.101867
0.180618
0.029661
0.824553
0.149757
0.353599
0.134522
1.504058
3.066588
0.144393
0.112267
1.429111
0.110258
1.603411
0.126382
0.245703
0.061837
0.165195
0.166106
0.333615
0.746275
0.361726
0.081088
0.698299
0.166033
0.108285
0.343927
1.105505
0.902047
0.242238
0.214377
0.039075
0.534431
0.571993
0.019814
1.664162
0.135171
2.677258
1.637461
0.113413
0.187924
0.129361
0.298477
0.182185
0.327218
1.251650
1.570627
1.133338
0.091470
1.838746
0.208332
0.347594
0.933650
0.158441
0.214317
0.083429
0.062915
1.248194
2.588274
0.017276
0.391717
0.184242
1.459774
0.167684
1.677612
1.581165
0.083941
0.290504
0.226930
0.020925
0.838759
3.554990
0.088741
1.816895
0.131614
0.172590
0.359093
0.103918
0.228409
0.030941
0.125514
1.117703
1.160867
0.342663
0.203053
0.128619
0.014546
0.293480
0.097961
2.245100
1.859373
0.099374
0.274123
0.256065
0.088254
2.023471
2.095658
2.171808
0.278023
0.456682
0.949960
1.704245
1.266972
0.208001
0.393794
0.034291
0.008621
0.106040
0.060642
0.091391
3.446405
0.217513
0.349514
1.065871
2.391694
1.663461
0.285860
0.423007
0.477207
0.495241
1.084630
0.608236
1.538515
0.820379
0.592440
1.722288
0.724455
0.095853
0.205641
1.865360
2.143790
0.864045
0.127585
0.015345
2.600806
1.341266
0.304826
0.006336
0.060485
0.082714
0.098796
0.227921
0.589051
0.146998
0.117228
0.224681
0.269755
0.107649
1.064833
1.422896
1.102361
0.127334
0.035050
3.074498
3.682194
2.870771
0.045078
1.875344
2.795286
0.974286
0.028751
1.400166
1.255061
0.031148
0.034822
0.203727
0.023763
0.056555
1.022472
0.024769
0.349124
0.157697
0.086798
0.229161
0.351230
0.136311
0.323477
0.017615
0.096548
0.940652
0.172506
0.637360
3.256374
0.208659
0.405297
0.025360
0.457755
0.714598
0.079594
1.745719
0.584572
0.100452
0.659646
1.162985
0.293136
0.144552
0.720220
0.076444
0.089004
0.988513
0.075622
0.709192
0.157508
0.046929
0.225939
0.213314
2.157160
3.167095
0.097474
0.008998
0.030084
0.212768
0.184369
2.854034
1.013869
0.431218
1.292613
2.711143
1.263050
0.067531
1.661101
1.302225
0.297910
0.542047
0.198547
1.004640
1.227897
1.355347
0.090179
0.404735
0.316441
1.697192
0.136533
1.658599
2.901085
0.188779
0.279585
2.688986
3.084700
1.090919
0.973845
0.685079
1.270279
0.829137
1.243798
1.133129
0.176844
0.350953
0.080184
0.016021
1.367766
3.334663
2.640225
0.053888
0.712362
2.294294
0.128783
0.355225
3.667844
0.716080
0.343647
0.065829
1.680012
1.704332
0.090904
0.154695
0.029201
0.579503
-0.035987
-0.012395
0.535124
0.002667
-0.092651
0.497159
-0.005333
-0.075200
0.302427
-0.022685
0.387108
0.502582
0.764121
0.735059
-0.090700
2.029115
0.355930
-0.084110
-0.070325
0.585906
2.089985
0.589985
-0.131295
1.128105
1.030643
-0.004349
-0.011199
-0.116037
-0.020268
1.785821
1.573745
-0.009418
1.126377
0.906028
0.590555
0.895225
0.826565
-0.005136
1.659731
1.596063
-0.084675
-0.050147
-0.015612
2.798661
-0.006202
-0.058761
-0.016779
1.562960
-0.063373
-0.099199
-0.162024
1.170823
0.634427
1.216362
0.053146
-0.139337
0.746535
1.555314
-0.052699
1.715022
0.769193
0.050917
-0.005319
-0.086083
-0.063935
0.085775
0.655972
0.391826
-0.012327
-0.017704
-0.070131
-0.011746
-0.048581
-0.064351
-0.013561
2.470726
-0.134590
0.870488
-0.084919
0.591176
0.909738
0.543180
-0.072007
-0.002351
-0.081410
-0.055911
-0.021693
-0.117833
-0.034389
-0.019145
-0.042693
0.381117
0.366612
-0.062058
-0.063547
0.897780
-0.069647
-0.120556
3.429467
-0.056480
-0.013613
0.186625
-0.060547
2.121261
-0.099724
-0.003191
-0.068412
0.035932
-0.115144
0.677598
-0.029405
-0.098753
0.676493
-0.022273
1.218760
0.306327
-0.115973
1.020694
-0.107451
0.169531
-0.032572
2.382773
1.601316
-0.149512
0.134366
-0.090608
1.385121
0.707765
-0.110982
1.627676
1.306673
-0.065613
-0.032916
2.125291
-0.106420
0.559345
-0.056154
1.325112
0.142298
-0.108320
0.788464
-0.025059
-0.063323
1.074907
-0.002612
-0.117000
-0.143051
2.312024
-0.031637
0.218116
0.700188
-0.027941
-0.036503
-0.041215
0.592000
-0.102147
0.121339
-0.033904
0.223601
0.714155
-0.083781
2.597640
-0.125346
1.238698
1.406505
-0.096649
0.769461
-0.053419
-0.084155
1.114315
1.525890
1.872136
-0.223725
0.941993
-0.077037
2.219914
-0.087139
-0.102323
1.289154
-0.002116
-0.002216
0.127695
-0.035583
-0.034574
2.005552
0.618451
0.359826
1.443772
-0.133754
0.356605
1.147431
-0.017862
0.639712
0.371928
-0.087272
-0.037148
-0.024316
0.174121
-0.044771
1.973428
-0.239335
1.722012
2.280848
-0.005380
-0.114772
-0.006941
-0.008790
1.581962
0.830775
-0.059321
1.229403
-0.171347
1.455352
1.673075
-0.052436
-0.020988
0.725356
-0.071902
1.546710
0.851903
0.164801
-0.030899
1.240465
-0.031922
-0.030025
2.108488
-0.042167
-0.154404
-0.068814
0.042927
1.039889
1.259465
-0.118639
0.077968
-0.088387
0.812652
1.221195
-0.265936
0.161479
0.297635
0.483257
1.068259
0.864340
-0.071126
-0.052536
0.400841
-0.007226
-0.045621
-0.008581
-0.083544
1.388940
-0.064294
-0.053260
0.727051
1.370754
-0.091386
-0.079191
2.044289
0.089405
1.697576
-0.241320
-0.030415
3.549666
1.040510
-0.057931
-0.000215
-0.024549
-0.108830
1.962200
-0.047506
-0.008952
-0.061148
0.127784
2.330221
-0.056984
-0.074225
-0.047707
4.720618
-0.099240
-0.043599
2.843167
0.862374
-0.100994
-0.066511
-0.070495
2.409148
0.942846
-0.002434
-0.070196
2.626372
-0.066058
0.214807
0.347075
-0.029299
0.443646
-0.057148
0.444523
0.883051
-0.098727
0.489085
0.554580
0.754425
-0.077973
0.986913
0.687403
-0.118899
-0.064987
1.080657
0.322721
1.697541
-0.076610
-0.003503
0.345266
-0.024975
-0.097251
0.874767
-0.031362
1.930308
-0.101576
-0.084508
0.375354
1.489457
-0.024632
-0.109042
0.489589
0.575223
0.785853
-0.139783
-0.053369
1.315173
-0.015487
-0.055048
0.338140
1.624521
-0.128973
0.824148
0.203600
-0.104891
1.241142
-0.011885
-0.016561
0.483715
-0.121249
-0.005123
0.436691
0.301030
-0.085028
-0.080568
1.391179
-0.026851
-0.018428
-0.078863
2.630569
0.592420
-0.161246
-0.025554
0.365169
0.849803
-0.081321
0.997226
-0.048515
-0.057528
0.425949
2.181365
-0.026966
0.586672
-0.060649
0.319456
0.920413
1.543778
-0.080373
-0.033387
1.080202
-0.092254
0.524325
0.208999
3.107211
-0.199876
0.047536
0.346402
-0.018103
1.360808
-0.116425
1.750700
-0.125324
0.180396
0.492038
0.547720
-0.095251
0.426833
-0.116299
-0.044584
2.157266
0.086138
-0.150944
1.433628
-0.039656
-0.016410
1.109535
0.130056
0.175362
-0.004452
2.201974
-0.207786
-0.009721
0.598180
-0.029834
1.052803
-0.174211
2.351490
-0.079636
-0.074838
-0.000875
0.456882
-0.104381
2.709388
1.606926
-0.100968
-0.094300
1.739179
-0.109395
0.184205
-0.021245
0.597787
2.086334
1.876127
-0.169894
-0.015752
2.421399
-0.090602
1.184858
-0.008510
-0.066955
2.459984
-0.156742
-0.031250
1.589385
1.585708
-0.040967
0.320428
-0.110127
-0.109854
2.020545
1.417485
-0.078170
0.810968
2.191666
2.841072
2.132662
-0.144109
-0.156602
1.528758
-0.081366
-0.016436
2.481151
-0.008131
0.047951
0.269896
-0.076254
0.070362
1.503435
-0.124370
-0.039491
0.781078
0.646691
1.159977
-0.021194
-0.026234
-0.003316
1.586177
2.065503
0.043251
-0.088924
-0.248544
1.519951
-0.006684
1.164053
-0.004403
0.759321
1.215562
1.118942
-0.010521
-0.036106
0.308896
-0.040398
-0.105934
2.527444
2.124660
1.415317
-0.137439
-0.131425
1.106242
1.471819
1.286048
0.320014
-0.072688
-0.028259
-0.094015
1.581708
-0.089224
1.363715
-0.058650
1.324072
1.509693
-0.093107
-0.085542
-0.052011
1.193807
-0.080331
-0.026726
1.833361
2.842169
-0.191523
-0.218530
1.045133
2.033776
1.142811
-0.065732
-0.073696
1.490848
-0.056034
-0.134679
0.059801
-0.079595
-0.068176
1.270190
0.255965
-0.059545
-0.084621
1.064484
0.861282
1.083324
-0.055052
-0.046513
0.470167
0.844907
-0.281146
-0.012353
2.093210
0.580950
-0.067955
-0.031657
0.285824
0.169452
-0.142578
-0.051889
0.085319
-0.027618
1.352202
1.446414
-0.101061
-0.006339
1.521273
0.422829
-0.057485
-0.035876
-0.078190
-0.124764
0.241987
0.769713
-0.126596
0.805881
-0.071739
1.196794
-0.015385
0.661287
0.369184
-0.027218
-0.054846
-0.078832
2.017897
1.595245
-0.017686
-0.095142
-0.044108
1.694865
-0.084926
-0.060286
1.400148
0.662226
-0.061562
-0.029712
0.012038
1.293364
-0.119079
-0.050786
-0.023013
3.768591
-0.035528
-0.051560
-0.110737
-0.028727
0.280634
2.028332
-0.025972
-0.095667
-0.026135
-0.106815
0.769236
1.048902
-0.060873
0.642297
0.601805
-0.070818
-0.079503
-0.009143
-0.004519
1.548186
-0.132829
0.245345
1.792531
2.219997
-0.034587
-0.050358
-0.044903
2.144173
1.295563
-0.069644
-0.127568
2.240429
-0.033903
-0.088054
0.943628
-0.038587
-0.037876
-0.011338
0.669548
-0.017028
-0.070525
1.332248
0.614633
-0.025858
-0.076528
0.544606
0.334915
0.874217
-0.115785
-0.052859
0.699789
0.551656
-0.043465
-0.201855
1.203789
0.337085
0.025729
-0.016234
0.154405
-0.003463
1.554879
0.705238
-0.036340
-0.114962
-0.010628
0.663839
-0.058388
-0.046036
0.151588
0.312586
0.556683
0.190993
-0.090361
0.128001
0.314649
-0.022673
-0.063200
-0.090720
2.536470
1.546583
0.219770
-0.094742
0.670697
-0.269286
0.162054
-0.258694
-1.332507
-0.804816
-0.532258
-0.364927
-0.467851
-0.606317
-0.227842
-0.015435
-0.864758
-0.605779
-0.119072
0.172154
-0.769181
0.312965
-0.472971
-0.134922
0.287612
-0.211675
-0.463218
-0.091270
-1.804930
-0.485502
-1.285012
-0.681361
-0.726540
-2.182108
-0.468047
-0.356440
-1.744104
-0.779408
-1.235763
-0.533604
-0.716011
-1.462342
-0.374955
-1.169243
-1.320672
-1.038626
-1.021881
-1.506868
-1.202847
-1.049559
-1.206748
-1.132299
-1.303313
-0.189617
-1.826885
-1.069599
-1.182046
-2.202014
-0.538865
-1.592964
-0.916394
-0.728376
-0.492732
-1.289497
-0.412303
-0.712070
-0.815595
-0.512477
-0.435185
-1.150135
0.322028
-0.478448
-0.926550
-0.261956
-1.650165
-1.517458
-1.079932
0.072345
-1.943248
-0.948824
-0.813517
-0.180218
-0.906523
-1.002431
-1.197246
-0.511578
-0.455098
-1.391696
-0.718248
-0.890061
-1.439585
-0.980495
-1.875084
-1.027344
-1.130337
-1.492006
-0.978181
-1.134332
-0.570772
-0.507077
-1.212510
0.213621
-2.055887
-0.888905
-1.241235
-0.556921
-0.924561
-1.164141
-0.216904
-0.803088
-0.558730
-0.919681
-0.414278
-0.704774
0.180268
-0.921677
-0.987532
-1.516562
-0.519845
-1.837847
-0.528243
-1.145663
-1.630877
-1.042656
-1.297114
-0.574537
-1.243745
-1.571228
-1.324888
-1.465549
-0.293928
-1.320843
-1.346206
-0.460189
-0.357918
-1.668325
-0.639850
-1.927053
-0.584156
-2.651018
-0.351610
-1.360117
-0.556414
-1.491380
-0.443841
-0.440422
-0.548542
-1.579519
-0.649749
-1.258965
-0.363921
-1.059744
-0.806095
-0.301981
-0.019095
-0.436594
-1.239869
0.645232
0.219422
-1.377321
0.232700
-1.330725
0.947833
-1.516872
-0.499364
-1.311383
-1.285632
-1.530388
-0.599069
-1.181201
-1.336818
-1.473692
-1.420141
-0.970803
-1.718907
-1.088619
-1.995988
-1.190758
-0.665398
-1.718636
-1.443100
-0.035077
-1.459402
-1.871410
-0.485129
-1.573516
-0.669835
-1.202707
-1.552677
-0.494718
-1.075053
-0.851869
-0.489213
-0.120755
-1.696234
0.246149
-2.007483
-1.421949
-1.785107
-0.179011
-1.405861
0.777093
-1.318945
-0.597272
-0.577966
-0.396224
-1.011390
-0.450882
-0.207353
-1.454461
-0.620508
-0.158331
-1.009305
-0.451445
-0.945944
-1.170061
-0.944226
-1.480800
-1.237496
-1.163269
-2.409390
-1.028054
-1.648318
-1.172503
-0.938288
-0.875765
-1.087151
-1.011188
-0.726693
-0.182418
-2.268337
-1.126822
-0.889475
-1.237237
-1.054602
-2.029234
-0.824990
-1.184734
-0.942370
-0.908094
-0.701958
-0.946383
-0.288475
-1.162905
-1.482095
-1.357589
-0.437314
-1.366871
-0.461494
-0.721310
-1.352578
-0.696848
-0.788321
0.008953
-1.594288
-0.461934
-0.271123
-0.882208
0.291718
-0.319593
-0.612143
-0.933893
-0.714220
-0.504965
-1.378177
-0.682182
-1.175811
-1.380151
-1.273243
-0.520984
-1.185161
-0.713765
-1.155923
-1.388932
-0.678519
-2.143335
0.328426
-1.460445
-0.874056
-1.166924
-0.957275
-1.129079
-1.653355
-1.262402
-1.219402
-0.984614
-1.055123
-0.827313
-0.577087
-1.366927
-0.536419
-1.482764
-1.242441
-0.658117
-2.054667
-1.056249
-0.693612
-0.948748
-1.003175
-0.929760
0.549273
-1.682073
-0.666392
-0.667602
-0.978120
-0.129878
-0.685868
-0.635111
-0.822850
-0.554620
-1.216022
-0.072212
-1.251203
-1.430856
-1.876553
-0.746053
-1.665137
-0.526430
0.250121
-1.380757
-0.484161
-0.222433
-1.809594
-1.503984
-0.969631
0.201892
-1.482520
-1.141891
-0.710731
-0.711532
-1.428968
-1.693977
-0.433128
-0.272695
-1.684920
0.177444
-1.118277
0.208594
-1.566868
0.590740
-1.172487
-1.526476
-1.308290
-2.064063
-0.796941
-0.640289
-0.888659
-1.146434
-1.104818
-0.322914
-1.529352
-0.539173
-0.638848
-1.105824
0.592421
-2.083750
0.004138
-1.246826
-1.148225
-0.189598
-2.407848
-1.374391
-1.723780
-1.087744
-1.508545
-0.508365
-0.336635
-0.755123
-0.374187
-0.465616
-1.171431
-1.390564
-0.499357
-1.198632
-0.733486
-1.025546
-0.471930
-1.705948
-0.199689
-0.851198
-1.019886
-1.141833
-1.006938
-0.361216
-0.704661
-1.428266
-0.914310
-0.349294
-1.636332
-1.195911
-1.500322
-0.969608
-0.767004
-1.303922
-0.090089
-1.486184
-0.531960
-1.498176
0.970004
-1.606157
-0.620460
-0.890240
-1.480307
-0.141116
-1.619533
-0.674012
-1.544893
-0.726100
-0.721076
-1.032731
-0.640767
-0.342363
-1.350806
-0.798859
-1.595812
0.275439
-1.472917
-0.718389
-0.191912
-0.902437
-0.900062
-1.079655
-0.712206
-1.330065
-0.927723
-0.722590
-1.064913
-0.189384
-1.957234
-0.413930
-1.512510
-0.350044
-2.093719
-0.973713
-0.980818
-1.235600
-1.351942
-0.817457
-1.728359
-0.186477
-1.649004
-1.074660
-1.363420
-0.800593
-0.718847
0.097592
-0.501829
-0.904504
-0.667607
-0.740317
-1.628853
-0.634718
-1.144781
-0.811997
-0.791565
-0.601316
-1.223511
-0.032272
-1.135376
-0.985810
-1.169846
-0.278643
-1.382338
-1.099900
-0.489016
-0.650706
-1.127385
-0.557880
-1.170098
-0.789207
-1.466633
-1.033835
-1.127159
-0.167013
-0.761256
-0.839089
-0.932091
-0.912969
-1.081347
-0.887489
-0.888979
-0.744886
-1.431606
-0.303039
-1.039238
-0.618503
-1.300327
-1.349077
-1.330517
-0.542704
-1.398483
-0.546781
-0.805407
0.176491
-1.517271
-0.674410
-0.770834
-1.180334
-0.736060
-1.269703
-1.107646
-0.566460
-0.811864
-0.705050
0.405759
-1.387506
-1.065301
-0.587304
-1.170037
-0.500099
-1.093475
-0.977569
-1.504501
-0.342391
-1.642811
-0.866390
-1.010266
-0.602080
-1.792270
-1.417816
-0.385305
-0.916168
-0.857951
-0.705340
-1.196117
-0.829750
-1.018803
-1.150082
-0.887564
-2.052249
-1.268643
-0.645792
-1.115565
-0.756904
-0.908880
-1.114518
-1.150578
-0.373541
-1.162706
-0.842790
-0.405576
-0.890829
-0.675377
-1.904167
-0.346430
-0.733135
-0.766648
-0.732108
-0.965578
-0.627926
-0.493213
-0.749878
-0.818727
-0.697959
0.073457
-1.391146
-0.978563
-0.815474
-0.636179
-1.282547
-1.244657
-0.888320
-0.720439
-0.996036
-0.682142
-0.096335
-1.692853
-0.859992
-1.439530
-1.521451
-1.136378
-0.740470
-1.173769
-1.936013
-0.447974
-0.189814
-1.717938
-1.394776
-0.494594
-2.144071
-1.108300
-0.795802
-1.719059
-1.243182
-1.271418
-0.152608
-1.366628
-0.795818
-1.230652
-0.461481
-1.647262
-0.446493
-1.184052
-1.044168
-0.577866
-0.480150
-0.582097
-1.622074
-0.728570
-0.580331
-1.384655
-1.031221
-1.386261
-1.454149
-0.617628
0.065474
-1.304739
-0.800436
-1.143858
0.017498
-1.549747
-0.766982
-0.697499
-0.514824
-1.891759
-0.870181
-0.656399
-2.012923
-1.301150
-0.872290
-0.846907
-1.261538
-0.432565
-0.491663
-0.544844
-1.188572
-0.495152
-1.886014
-0.414252
-1.377913
-1.054868
-0.523594
-0.970003
-0.602319
-0.538204
-0.755310
-0.586256
-0.676622
-2.337620
0.020790
-0.426139
-0.526182
-0.868003
0.050168
-1.155864
-1.559535
-0.849566
-1.237183
-0.350349
-1.237655
-0.818849
-1.216143
-0.536824
-0.378193
-0.642904
-0.337002
-0.050978
-0.929096
-0.554485
-0.198946
-0.425659
-0.348202
-1.112010
-0.088637
-0.591349
-0.531884
-1.334185
0.574766
-0.545065
-0.305405
-0.032358
-0.774340
-0.116330
-0.278978
-0.489993
-0.574217
-0.282277
0.226689
0.776997
0.190769
0.616321
0.037552
0.479987
0.200898
0.160018
0.161949
0.028581
0.300552
0.106970
0.227161
0.067626
0.064025
1.043427
0.153327
0.162843
0.464159
0.354975
0.287615
0.893018
0.196625
0.224321
0.311781
0.488086
0.347168
0.858855
0.169212
0.298679
2.062302
0.373818
0.081183
0.377439
0.462986
1.008054
2.897548
1.579614
0.149364
2.301473
0.314928
0.696574
0.393526
0.847846
1.087091
0.864111
0.163858
0.269069
0.378846
0.270232
0.228055
1.385420
0.422764
0.188641
2.235907
0.250040
0.068286
0.722522
0.293245
0.872084
1.949614
1.652725
0.963449
3.036561
0.213171
0.521734
0.636038
1.783859
2.408699
0.019015
0.040519
0.892092
0.240539
0.585476
0.073892
2.402892
0.035663
0.157705
1.712387
0.470953
0.437016
0.907604
1.590423
0.894556
0.758378
0.001753
0.236808
1.134227
0.674269
0.697692
3.008976
1.537164
1.614608
0.009819
0.254862
1.452944
0.518618
0.139889
1.774305
2.907242
0.385871
0.449567
1.436979
0.711675
0.135742
2.385409
1.576743
0.254425
0.318441
0.061686
0.206756
0.983686
0.597085
0.335326
0.704838
0.036084
1.535036
0.177109
0.893714
2.065535
0.374028
1.883499
0.798110
1.087527
0.230806
0.298471
1.941252
1.370683
0.164058
1.653661
1.008837
0.381436
0.178733
0.624862
0.804471
0.891305
0.323713
0.154652
0.060919
0.215249
0.065678
0.340326
0.460365
1.615663
0.270708
1.706247
0.578263
1.230274
0.195315
0.502917
2.313956
2.729057
0.374783
1.335753
0.698030
0.285643
1.032699
0.985488
0.012700
0.118657
0.121202
1.042294
0.472441
1.069275
1.540844
0.000673
0.384244
2.272069
0.405946
0.083568
0.398477
0.757197
0.866285
0.123006
0.637499
1.376980
0.002026
0.052720
0.938151
0.132002
0.701459
0.198631
0.213335
0.121154
0.947975
2.745467
1.660637
0.388301
0.055703
0.407321
1.049237
2.379544
0.532191
0.495357
0.535925
0.064400
0.163584
0.459475
0.500280
0.707579
0.144797
0.044303
1.074066
0.098089
0.219965
0.520822
0.437662
0.047505
2.400300
3.505572
0.759248
0.616961
0.366480
0.555393
0.391517
2.836670
0.152980
0.640054
1.805976
0.325418
0.017987
0.609751
0.018348
0.162779
0.453504
0.646927
1.601228
0.005594
0.341725
0.445120
0.316967
0.173183
1.171258
2.157997
0.363953
0.492729
0.073256
0.013643
0.721114
2.484272
0.147986
0.106160
1.594086
0.106696
0.261576
1.417505
0.228522
0.281140
0.896284
1.345066
0.429442
0.398680
0.628398
0.301488
1.565487
0.585195
0.084849
1.597556
0.351447
0.021699
0.109625
0.314392
0.330755
3.167922
0.162769
1.210520
2.890912
0.075495
0.612114
0.888187
0.465365
0.670628
2.218937
1.626673
0.925249
0.728419
0.254185
1.286908
1.996602
0.155380
0.342395
2.213984
0.123746
0.568791
0.875709
1.308262
1.670133
2.841929
0.206967
1.862463
1.713766
0.316716
0.582821
2.138806
0.185967
0.432581
1.845815
1.385774
1.705525
0.944389
0.016017
3.248169
1.549119
0.684998
0.276028
1.076663
0.006843
1.289779
2.563666
2.458063
0.271679
1.578855
0.219379
1.520287
0.909126
0.092227
0.253691
0.901720
0.120453
0.361848
1.181138
1.539403
0.742398
0.118056
0.486186
1.401567
0.482829
0.842108
0.661509
0.885395
0.040362
0.584555
1.795138
0.606788
0.248305
1.133412
0.289470
1.483513
1.160690
0.889040
1.199620
1.233593
0.121243
0.271062
0.092877
1.776039
1.414140
0.434098
0.486253
1.165176
0.071930
0.672035
1.798576
2.243366
0.081623
0.831047
2.038851
1.020449
0.135303
1.406628
0.311371
0.347497
1.269226
0.657936
0.047933
0.080715
0.176421
0.401686
1.367941
2.035875
0.982789
0.380562
0.213936
0.564877
1.523177
0.400372
1.538601
1.357204
0.572722
0.067593
0.331624
1.947122
0.967523
2.065901
0.127035
0.234732
0.002282
0.232355
0.363926
0.074553
0.024832
0.555411
2.216020
0.697990
0.273070
0.300216
0.109721
0.004627
0.907191
0.550939
1.420591
1.503491
0.197939
0.205774
1.655433
2.060330
0.387611
1.241721
0.254597
0.111466
0.128054
0.002540
0.039613
0.947970
0.089740
0.475819
2.508380
0.060856
0.074820
0.131682
0.622080
0.428430
1.708906
1.939309
1.142359
1.748504
0.738706
0.222484
0.532475
1.528146
1.086036
1.547274
0.137541
0.688331
0.369589
0.011662
1.178727
1.199433
0.271137
0.554880
1.609562
0.509998
0.167694
1.252677
0.824116
1.155972
1.779774
1.728886
1.178121
1.270880
0.271295
0.050446
2.473689
0.281087
0.089869
1.447121
0.077386
1.000656
0.185356
0.284174
0.046619
0.246714
0.359157
1.597629
2.582888
0.163732
0.725638
2.049447
0.150475
0.064817
1.280637
1.168349
1.354473
0.169432
0.197208
0.024521
1.391051
0.336201
0.270859
2.257162
0.711432
0.936046
1.162047
0.529564
0.023043
0.230951
1.259658
3.000957
1.923238
0.109306
0.054361
2.782578
0.328739
0.247367
0.009616
1.292515
1.382540
0.168645
0.370038
0.115253
1.074374
0.263436
0.313582
2.291537
0.425181
0.754616
0.034429
0.881025
0.034392
0.115915
2.939086
3.397672
0.990420
0.305451
0.259482
3.135105
0.992749
0.460174
1.558047
1.946671
0.814124
0.558172
0.634043
0.115544
0.693300
2.389018
0.283449
2.090363
0.726061
0.870520
0.707790
1.845974
0.323774
0.788502
1.187833
1.301758
0.160307
0.440061
0.092463
2.396777
0.788698
0.721811
2.024326
2.835296
0.275168
0.507832
0.118609
1.528277
1.016877
2.046214
0.020102
2.702544
0.849213
0.508659
2.590420
3.046796
0.236532
0.789874
0.134120
0.503975
0.033910
0.559234
0.420401
3.054781
1.102445
0.637003
0.096807
0.011153
0.406839
0.301774
1.254933
2.335970
1.046681
2.069956
0.993949
1.159915
0.569180
0.782880
2.031062
1.363026
0.292001
0.551825
1.726394
1.973616
1.491584
0.407541
0.049354
3.433005
1.843562
0.135624
0.020946
0.335740
0.101098
0.141351
1.323290
1.463588
0.120564
0.169074
1.077082
1.099088
0.598275
0.791144
2.463784
0.429802
0.085305
0.325592
2.309180
1.219581
1.382278
0.011232
0.171221
2.870533
0.579697
0.885607
0.157148
1.307622
0.907266
0.283990
1.712946
0.588560
0.286452
0.074288
0.223614
0.323148
0.392861
1.432676
2.015718
0.643912
1.024201
0.006429
1.228327
0.534014
0.922911
1.406387
0.290432
1.449922
1.982173
0.998439
0.299288
2.640072
0.010274
0.989561
0.052407
1.014044
0.258390
0.681801
0.134849
2.186853
0.145029
0.970826
2.150972
0.227323
1.124396
1.071784
0.693645
0.922154
1.435125
1.247638
0.313361
0.664460
1.770598
0.155068
1.186765
3.661461
0.074465
0.535627
1.884452
2.706567
1.450125
2.046852
0.552094
2.423576
0.335176
0.536131
0.265813
0.338846
0.342443
0.177541
0.511550
0.642159
0.302230
0.354220
0.308784
0.760286
0.283044
0.324429
0.123274
0.689052
0.070818
0.064770
0.075890
0.499406
0.487873
0.385190
0.092038
0.774313
0.162037
0.863435
0.410299
0.499340
0.869925
0.603405
0.167044
1.684754
0.435749
0.408252
1.535519
1.514187
1.556633
1.337179
0.850319
0.275289
1.775070
0.251126
0.032610
0.277117
1.708558
0.188689
0.386522
0.225099
0.200658
0.723724
0.119106
0.208708
0.123209
0.080909
0.735214
1.480968
0.259179
0.982432
0.492685
0.191630
0.385994
1.025272
1.190258
0.000170
1.647645
0.266138
0.252020
0.175007
0.502852
0.075173
0.169738
0.159267
0.104820
0.589987
0.105663
0.925374
2.073930
0.185725
0.098634
0.682552
0.037160
1.250447
0.094707
0.764968
1.038230
0.231852
0.261090
0.310690
1.663845
0.176608
0.476655
2.405819
0.094924
0.955935
0.381366
0.078347
0.213591
0.059690
0.015819
1.005169
1.279044
0.104220
0.528488
1.521894
0.617880
0.063182
0.237882
1.112026
0.182872
1.184393
0.080763
0.266862
1.202384
0.240463
0.223559
0.503883
0.020930
1.683584
0.026383
0.178261
0.478173
0.221968
0.937245
1.103167
0.198368
0.611719
0.155713
0.503450
1.103415
0.174417
0.009948
0.762911
0.482980
0.267845
0.211500
0.942936
0.102522
0.372418
0.067237
0.004335
0.348572
0.326358
0.027005
0.032392
0.406637
0.028552
0.451819
0.038235
0.122918
0.354347
0.127539
1.349444
0.138907
0.060002
0.916907
0.528834
1.169590
1.773802
0.899395
0.871165
1.463570
1.545631
0.055294
1.417869
1.314909
0.182598
0.499292
0.428773
0.309891
0.450758
1.074302
0.052915
1.661718
0.531880
0.513384
0.124899
0.261140
0.078162
0.381185
1.000194
1.071850
0.277653
0.436932
0.274642
0.076211
0.202992
2.097497
1.883159
0.366074
0.487608
1.250201
0.420781
0.071136
0.063936
1.548928
0.216270
0.057940
0.277489
1.025682
0.235930
0.106108
0.128245
0.353847
0.322104
0.004656
0.461000
0.327876
0.042553
0.217859
1.118623
0.113154
0.489905
0.208002
0.590575
0.590165
0.155174
0.084570
1.370887
0.705361
0.000210
0.211871
0.707306
0.286916
1.446626
0.046229
0.414279
0.082551
0.526055
0.166171
0.214465
0.174863
0.029052
0.087812
0.488603
0.265424
0.209596
0.182487
1.846876
0.233933
0.287225
0.443952
0.230766
0.258156
1.289745
0.023009
0.020437
0.759147
0.830896
0.260223
0.999058
0.074256
0.332706
0.339828
0.110766
0.522661
0.670938
0.161256
0.024938
0.963467
0.629105
1.060106
0.232649
0.539999
0.116831
0.097898
0.051513
0.029873
0.638061
0.105441
0.058308
0.498769
0.713586
0.270624
0.968565
2.103791
0.641590
1.096240
0.744973
0.688485
0.960294
1.284540
0.078678
0.058886
0.281043
0.233167
0.862335
0.619780
0.775899
0.111290
0.744572
0.044950
1.063349
0.370758
0.639421
0.494608
0.883660
0.382317
0.000902
1.660509
0.067084
1.123206
0.196806
1.554819
0.128516
0.249778
0.256306
0.638542
0.150196
0.130947
0.393397
0.619421
0.415715
0.257990
0.026333
0.043962
0.003343
0.151451
0.347117
0.215948
0.033208
0.168791
0.300534
0.291681
0.560835
0.082549
0.024929
0.980533
0.773980
0.115852
0.271170
0.337184
0.531793
0.850712
0.048563
1.911350
0.000187
0.298633
1.012859
0.440508
0.411021
1.147647
1.553181
0.084519
0.035029
0.114077
1.121390
0.785557
0.382495
0.227855
0.386056
0.246354
0.011711
0.487197
2.160414
0.251610
1.308589
0.212261
0.680054
0.011660
0.198708
0.066690
0.345626
0.094659
0.649686
0.777651
0.354519
1.071341
0.294569
0.638803
0.274211
0.251700
0.009749
0.030974
0.624326
0.010217
0.130199
0.468083
0.726279
0.920381
0.762360
0.245249
0.694333
0.479887
0.258556
0.071803
0.181564
0.225971
0.088540
0.142570
0.153210
0.140981
0.190536
0.054634
2.144752
0.562378
0.721052
0.241908
0.161034
0.165371
0.144654
0.472871
0.598500
0.429349
1.643310
1.393126
0.594344
0.421581
0.129689
0.299373
1.038892
1.750163
0.315603
0.112070
0.300003
0.699563
0.081346
1.159038
0.738310
0.115758
0.237329
0.364363
1.332070
0.061056
0.727423
0.402464
0.231615
0.943335
0.226816
0.106048
1.540578
0.277280
0.341450
0.254434
0.984542
0.116288
1.146854
0.689167
0.125396
0.051524
0.193860
1.533683
0.011658
0.147357
0.638937
1.877367
1.628714
2.108647
0.008069
1.608470
0.844131
0.344079
0.124125
0.796000
0.161654
0.035302
0.598777
0.021011
0.409160
0.132205
0.154488
0.217162
0.299757
0.051449
0.109337
0.857557
0.116391
0.851388
0.508511
0.053810
0.064111
0.020336
0.663601
0.304552
0.141511
0.589527
0.140912
0.289387
0.451388
0.463922
0.473052
0.603042
0.974594
0.434987
0.384212
0.785523
0.014758
0.628571
0.126392
0.551736
0.414515
0.609994
0.039666
0.555728
0.014986
0.025212
0.478872
0.603618
1.824865
0.197721
1.225997
0.315012
0.853090
0.085187
0.127086
0.682230
0.115219
0.110831
0.694385
2.787709
0.313486
0.034742
2.024795
0.701133
0.211200
0.640543
0.110711
0.610072
0.324745
0.200151
0.016719
0.116226
0.133576
0.105063
0.277133
0.512013
0.629223
0.168870
0.414264
0.075587
0.414256
0.497637
0.328151
0.113133
0.111371
0.467242
1.116290
0.745019
0.390025
0.800265
0.440740
0.032321
0.560440
0.053100
0.685152
0.602682
0.695041
0.065932
0.788969
1.625617
1.110024
1.447130
0.212062
0.233056
0.843271
0.049236
1.164238
0.917124
0.365161
0.151427
0.297499
0.297029
0.352117
1.402441
0.607945
0.009740
1.257767
0.188112
0.009947
0.229279
0.132327
0.164337
0.672891
0.943673
1.024423
0.328301
0.350274
0.127140
0.662061
0.223070
0.311692
0.790605
0.135805
0.795178
1.074239
0.473425
1.755523
0.089529
0.107236
0.746304
0.896936
1.247217
0.962642
0.402217
0.757020
0.074505
0.314047
0.413914
0.685429
0.043822
0.010260
0.030364
0.008800
0.653215
0.876352
0.312141
0.390529
0.026365
1.342312
0.031356
0.069994
0.597035
0.944216
0.264799
0.246148
0.210199
1.457170
1.117887
2.053409
0.235259
0.704557
0.128058
0.047705
0.105459
0.373159
0.209912
0.486112
0.028825
1.019147
0.081856
1.114660
0.084121
0.677670
0.071527
0.865380
0.329448
0.542255
0.409681
0.726401
0.210654
0.117054
0.539456
0.126688
0.637607
0.056976
0.209421
0.356158
0.761236
0.124737
0.105362
0.384080
0.718445
2.008165
1.742302
2.438935
0.932742
0.752274
0.292540
0.725823
0.685904
0.081217
0.962942
2.167099
0.306022
0.041316
0.334363
1.807702
0.552274
1.611919
1.537354
1.396957
1.702460
0.004867
-0.229363
-0.174367
-0.200695
-0.128000
-0.204583
-0.160168
-0.248615
-0.234034
-0.062479
-0.092972
-0.213725
-0.125007
-0.194674
-0.276260
-0.200514
-0.245751
-0.241602
-0.270126
-0.238588
-0.259735
-0.253997
-0.185566
-0.115411
-0.275478
-0.270824
0.154942
-0.170307
-0.090825
0.115187
0.240751
-0.124562
-0.298641
-0.080826
0.377710
-0.062045
0.109588
0.038831
-0.178160
-0.134314
-0.100753
-0.032442
-0.213591
-0.214236
-0.101278
-0.205457
-0.157020
0.391050
-0.202099
-0.256074
0.427248
-0.068461
-0.153034
0.316559
0.736645
-0.167348
0.225104
-0.175043
-0.253508
-0.008021
0.053459
-0.106175
0.021881
-0.187653
-0.131219
0.223656
-0.176654
-0.266822
-0.247226
0.163453
0.183087
-0.027710
-0.204257
-0.379291
0.016682
-0.221999
-0.076535
0.444049
0.049858
-0.141614
-0.102353
0.039542
-0.021095
-0.178524
-0.200391
0.279079
-0.009914
-0.142596
-0.072270
-0.060871
0.332958
-0.051209
-0.343252
-0.261709
0.221664
-0.082578
-0.159849
-0.215191
-0.172813
-0.284437
-0.059896
-0.001180
-0.084332
-0.156040
-0.198829
-0.089839
0.210511
-0.161311
-0.155781
-0.025968
-0.083325
-0.184314
-0.182749
-0.262723
1.231062
0.305683
-0.139816
-0.185464
-0.166633
-0.236153
-0.176470
-0.271404
0.072219
-0.166168
-0.192931
-0.057792
-0.077302
-0.130853
-0.153468
-0.141572
-0.062744
-0.002752
-0.117101
-0.046556
-0.013263
-0.046540
-0.316249
-0.302794
0.761254
-0.057980
-0.068560
-0.122672
0.354147
-0.189006
-0.219933
-0.334407
-0.129988
-0.089609
0.055173
-0.068260
-0.243316
-0.028844
0.066810
-0.235433
-0.263708
0.275518
-0.105182
-0.156722
0.002303
0.555986
-0.049571
-0.192897
-0.173914
-0.017449
0.363426
-0.281113
0.346652
0.076029
-0.217363
-0.337740
-0.190447
-0.089988
-0.096019
0.273409
-0.303776
-0.047883
-0.124972
-0.163016
-0.003605
0.146433
-0.017981
-0.069911
-0.088677
0.171647
-0.135168
-0.133255
0.019761
-0.115657
-0.103233
-0.178911
0.274235
-0.158560
-0.254758
-0.279358
0.024527
-0.014241
0.033774
-0.105633
-0.134328
-0.223433
-0.307557
-0.269786
-0.051106
0.499347
0.587387
-0.105333
-0.296389
0.265861
-0.124235
-0.073760
-0.109576
-0.233800
-0.232052
-0.113984
0.225789
-0.110757
-0.078232
-0.342648
-0.041018
-0.110576
0.241736
-0.033798
-0.071531
-0.132978
-0.158290
-0.159450
-0.160429
-0.093267
0.545228
-0.107570
-0.295319
-0.197294
-0.159967
-0.182400
-0.064508
-0.148130
-0.179670
-0.136289
-0.083080
-0.309600
0.077937
-0.228587
-0.006742
-0.181386
-0.254708
-0.115027
-0.006001
-0.142259
0.123166
-0.196952
-0.142982
0.163201
-0.120507
-0.195240
-0.248299
-0.212997
-0.198680
-0.239344
-0.147921
-0.152368
-0.043883
0.168297
-0.068713
-0.282733
-0.271251
-0.313032
0.156224
-0.072496
-0.171069
-0.162216
0.404081
-0.214031
-0.160689
-0.097201
-0.058113
0.126720
-0.133647
-0.142907
-0.129552
-0.235373
-0.131369
0.009001
-0.185448
-0.316432
-0.154566
0.132284
-0.092795
-0.246786
-0.047398
-0.369455
-0.150568
0.085701
-0.257266
-0.154995
0.319034
-0.077777
-0.238292
-0.094386
0.292348
-0.148953
-0.174200
0.028288
-0.095561
0.082280
-0.035464
-0.054894
-0.174921
-0.101958
-0.171071
-0.119111
-0.245303
-0.284761
-0.105250
-0.282675
-0.114972
-0.091334
-0.128705
-0.074420
0.203495
-0.112046
0.122581
-0.187903
-0.056448
-0.025637
0.303672
0.622173
-0.279139
-0.243940
0.579498
-0.109630
-0.045171
0.355632
0.012954
-0.214367
-0.067470
-0.085279
-0.037522
-0.330174
-0.039764
-0.227593
-0.135136
0.474205
-0.286227
-0.101884
1.142686
-0.265620
-0.244375
-0.039738
0.803527
-0.051113
-0.036522
-0.230768
-0.166127
-0.287043
-0.363809
1.510283
0.113592
-0.192106
-0.031886
0.245201
0.309045
-0.252560
-0.026489
-0.221811
-0.263060
0.019985
-0.166594
-0.228007
0.274704
-0.286887
-0.168131
0.055309
0.214469
-0.128977
-0.204049
-0.084415
-0.128905
-0.238217
-0.236175
0.078286
0.073082
-0.317519
-0.123731
0.047139
0.892396
-0.256078
0.116969
-0.179073
-0.134901
-0.166797
-0.119861
-0.038837
-0.126186
-0.190996
-0.232052
-0.236819
-0.048124
-0.026033
-0.012208
-0.073844
-0.248833
-0.245743
-0.153296
0.095823
0.225834
-0.090832
-0.219904
-0.032980
0.248161
-0.354581
-0.066694
-0.087526
-0.166934
-0.128892
-0.215133
-0.088412
-0.082137
-0.144759
-0.075353
-0.191044
-0.213620
-0.169725
-0.094258
0.033089
-0.157160
-0.088181
-0.214324
-0.348291
-0.151947
0.103232
0.241372
-0.255342
-0.153038
-0.261393
-0.071723
-0.002726
-0.159504
-0.185443
-0.195667
-0.099232
-0.117453
-0.174001
-0.098834
-0.216168
-0.177157
-0.209697
-0.208930
-0.016399
-0.034967
-0.027259
-0.055598
-0.210098
-0.224434
-0.218375
-0.207543
-0.092941
-0.098919
-0.369616
0.273356
-0.092746
-0.164270
-0.237443
-0.120451
-0.127906
-0.083157
-0.289786
-0.153998
-0.071983
-0.180633
-0.248890
-0.249126
-0.097883
-0.047557
0.152968
-0.097498
-0.110266
-0.083237
-0.249009
-0.330849
-0.092126
0.286377
-0.324900
-0.236926
-0.062230
-0.218788
-0.156393
0.126853
-0.165430
-0.150995
-0.256060
-0.278736
-0.035222
-0.064321
-0.359686
-0.240324
0.182831
-0.092084
-0.049564
-0.080300
-0.151014
-0.020449
-0.112224
-0.283285
-0.235772
0.072916
-0.275128
-0.227442
-0.302391
-0.009429
-0.119082
-0.007743
-0.246289
-0.102169
-0.058237
-0.157883
-0.200210
-0.108890
-0.257468
-0.097086
0.069963
-0.213703
-0.237649
-0.009368
-0.040237
0.086728
-0.063424
-0.139839
-0.257815
-0.000671
-0.294688
-0.163685
-0.321256
-0.263608
0.048067
-0.143735
-0.045353
-0.196841
-0.125374
0.183063
-0.078595
-0.152197
-0.278225
-0.088441
-0.016143
-0.050339
-0.284382
-0.251395
-0.030602
0.209060
0.054346
0.118382
-0.263004
-0.139229
-0.274737
-0.178307
-0.250958
-0.193674
-0.214482
-0.262102
-0.105466
-0.088382
-0.203789
-0.078547
0.655279
0.023075
-0.214624
-0.125652
-0.208453
-0.133470
-0.075813
-0.249635
-0.252384
0.916157
0.156306
0.017076
-0.054363
-0.162069
-0.253140
0.096928
-0.123606
-0.270722
-0.243210
-0.212190
-0.063600
-0.124286
-0.253292
-0.265384
0.138816
0.147299
-0.073240
-0.166170
-0.243274
-0.205257
-0.069651
0.079582
-0.219864
-0.059778
-0.044172
-0.025615
-0.046487
-0.261880
-0.315194
0.464669
-0.082876
-0.213451
-0.249547
-0.230042
0.008457
-0.187544
-0.076537
-0.150880
-0.026515
-0.287600
-0.160775
-0.001663
-0.096469
-0.240386
-0.105644
-0.140487
0.009810
-0.095053
-0.134442
-0.089571
-0.159444
-0.180197
-0.270601
0.025341
-0.165048
-0.173984
-0.144883
-0.212832
-0.165837
-0.241462
0.064817
0.447144
-0.032118
-0.228823
-0.106088
-0.000187
-0.081094
-0.235179
-0.140311
-0.047383
-0.144064
-0.148851
-0.052789
0.834373
-0.151220
-0.239924
-0.255297
0.133641
-0.148953
-0.161737
-0.205955
0.016591
-0.071228
-0.239869
-0.250372
-0.220708
0.620995
-0.229319
0.027484
0.047021
-0.060665
-0.215456
-0.212842
0.061834
-0.241002
-0.183193
-0.002130
-0.054137
0.160147
-0.138817
2.266941
2.343960
2.387149
2.601132
3.100127
2.908737
2.530359
3.014921
2.148229
2.311426
2.803491
3.434531
2.379789
2.405097
2.512646
2.467199
2.671093
1.978632
1.954496
1.939901
2.132038
2.310671
2.307723
1.591911
0.020509
0.735653
0.471940
0.008287
0.050369
0.017097
0.246596
0.049156
1.268251
1.223928
0.603491
0.045711
1.474260
0.596266
0.598706
0.756352
0.991940
1.859572
1.801094
1.796203
1.081196
0.821454
0.440982
1.298879
0.022739
0.008557
0.435701
0.856412
2.230425
1.507180
0.346464
1.175870
0.885931
0.059126
0.036891
0.241634
0.014923
0.003769
0.453155
0.056064
0.524923
0.028233
0.014734
0.000838
0.355737
0.780621
1.021719
0.008117
0.059352
0.008102
0.875658
0.066118
0.131917
0.052429
0.025200
0.005060
0.541744
1.475986
0.774140
0.007881
0.175553
0.466825
0.367571
0.031069
0.017810
0.743282
0.598148
0.021207
0.065449
0.903558
0.280950
0.653440
1.019967
2.322951
1.048194
0.042550
0.427704
0.096631
0.010059
0.615467
0.008814
0.014018
0.143343
0.020476
0.021297
0.198110
0.024574
0.045696
0.055810
0.084327
1.420842
2.531971
0.841341
0.064246
0.018448
0.021437
0.041581
0.084668
0.058738
0.150787
0.019234
0.000375
0.033955
0.059913
0.059512
0.032589
1.100354
0.868811
0.932946
1.657881
2.092184
0.750355
2.038985
0.013021
0.055910
0.042484
0.061041
1.196961
0.863343
0.010196
0.311308
0.006657
0.689074
0.011389
1.078948
1.759326
1.204284
1.248184
0.240421
0.043145
0.026821
0.156911
0.011869
0.075036
1.157019
1.828743
0.043709
0.207434
0.721539
0.005211
0.035002
0.018654
0.538930
0.005697
1.153196
0.370106
0.023041
0.706039
0.581972
0.034665
0.070053
0.200673
1.778042
1.659073
1.005046
0.036385
0.056924
0.621196
0.117794
0.055239
0.836518
0.010403
0.221114
0.614063
0.277170
0.001544
0.050300
0.587943
0.368295
0.082856
0.164524
0.041286
0.003611
0.040603
1.445198
1.470345
0.024329
0.072368
0.019315
0.418398
0.004172
0.089724
0.031338
0.008982
0.012193
0.327590
0.071257
0.298310
0.016319
0.658328
0.169092
0.134376
0.051956
0.018861
0.576147
1.175420
0.929971
0.985298
0.039416
0.369403
0.048052
0.070707
0.122609
0.037176
0.623241
1.073857
0.502463
0.888360
0.604799
0.028944
0.320770
0.525424
0.102378
0.064953
0.007508
0.353832
0.012776
0.078756
0.008993
0.043261
0.615552
0.082841
0.051442
0.810961
0.235373
0.044241
0.195040
0.020366
0.021719
0.017265
1.551427
1.630144
0.353376
0.853616
0.952450
1.873035
0.597079
1.231975
0.292453
0.024029
0.060308
0.305095
0.667444
2.066096
0.016367
0.003016
0.009814
0.070308
0.286729
1.366050
0.358966
1.548667
0.739968
0.427255
0.267933
0.024561
0.747400
0.039264
0.064290
0.052345
0.014172
0.495072
0.018654
0.002011
0.455165
0.297267
0.420760
0.035899
0.025783
0.032372
0.010161
0.015181
0.109056
0.005336
1.115645
1.275024
0.624490
0.087339
0.231073
0.029834
0.271553
0.020026
0.413221
1.151075
0.705741
1.472869
0.317097
0.160136
1.327607
0.325878
1.115737
0.015752
0.005779
0.262575
0.007767
0.020551
0.075137
0.005378
0.061091
0.095030
0.455594
0.037457
0.025325
0.007767
0.023454
0.067069
0.467368
0.999453
0.607553
0.957248
1.144738
0.522607
0.035378
0.024740
0.084926
0.967182
0.815246
0.018404
0.028271
0.014730
0.006519
0.000610
2.125088
0.043980
0.063758
0.156912
1.272113
0.015845
0.019679
0.526692
0.074333
0.000966
0.003802
0.113186
0.969030
0.325222
0.064024
0.141740
2.380549
0.019763
0.069781
0.000528
1.800648
1.677474
0.596423
0.053182
0.694111
1.314643
1.626358
0.784767
0.012244
0.912750
2.001625
1.973158
0.048971
1.170727
0.036663
0.010666
0.031794
0.023431
0.003696
0.005226
0.005382
0.240756
0.820711
1.029372
0.476201
0.005483
0.029993
0.017281
0.203287
0.042657
0.061952
1.570878
1.851596
1.399251
0.016361
0.098326
0.047976
0.054776
0.310243
0.073268
0.094382
0.020023
0.055301
0.745517
1.079382
0.008298
0.589594
0.017137
0.474191
1.004228
1.293883
0.008272
0.010230
1.024173
0.357960
0.051686
0.363010
0.005649
0.223704
0.004111
0.048061
1.367580
0.408218
0.840450
0.768413
1.329672
1.284069
0.026884
0.854796
0.046976
0.764083
0.478158
0.541949
0.560442
0.035431
0.008198
0.269009
0.680840
0.015861
0.011576
0.001522
1.299005
0.564324
1.165597
0.824714
0.095387
0.029024
0.028699
1.526772
1.717778
0.044810
0.020991
0.060500
0.000027
0.890157
0.211494
0.107507
0.051941
0.004143
0.788145
0.013394
0.723446
0.556861
0.156733
0.007062
0.092372
0.049949
0.477204
0.029211
0.684455
0.424657
0.747191
0.342045
0.017003
0.008988
0.065547
0.004712
0.026417
0.038111
0.013133
1.317912
1.262158
0.784729
0.019116
0.315999
0.017926
0.036733
1.225226
0.027999
0.456765
1.386891
2.117394
1.981119
0.397840
0.450051
0.026607
0.063680
0.055744
0.012234
0.669335
1.702032
1.292799
0.154593
0.867952
0.320957
0.448690
0.645101
1.915372
2.196539
1.867104
0.154228
0.111753
0.245928
0.022791
0.083663
0.028567
0.492617
1.942372
2.438565
1.155960
0.661402
0.430710
0.007924
0.041529
0.050707
0.256678
0.439402
0.450184
0.164490
1.093151
1.280922
0.467125
0.038845
0.934904
0.025724
0.019931
0.265474
0.398869
0.479986
0.033269
0.348487
0.704132
0.043900
1.128510
0.146894
0.100760
0.347899
1.180179
1.232803
0.904425
0.930092
0.025565
0.012294
0.020742
0.037598
0.084194
0.038767
0.039502
0.034965
0.039518
0.070069
0.918040
0.808379
0.555622
0.086634
0.092380
0.086289
0.051049
0.004159
1.325955
0.364269
0.432766
1.571729
0.448966
1.153530
1.413174
0.014670
0.143097
0.004517
0.060903
0.312203
0.004404
0.013264
0.391147
0.013357
0.001982
0.885517
0.128213
0.071395
0.017615
0.005803
0.010535
2.526047
0.837487
0.019723
1.075748
0.031520
0.002474
0.380071
0.023960
0.018067
0.036313
0.356906
0.047448
0.012468
0.580433
0.770490
0.080020
0.299468
0.094029
0.020795
0.064230
1.619563
1.641477
1.036598
0.013138
0.025184
1.226139
0.295292
0.154386
0.578188
0.231646
0.749707
0.022083
1.453835
1.219460
0.014407
0.274090
0.994443
0.456423
0.724675
0.871073
0.287619
1.272591
1.305868
0.934375
0.068014
0.031361
0.915316
0.841257
0.016651
0.054117
0.064141
0.021476
0.039990
0.026615
0.015627
0.084690
0.530755
0.024227
0.058173
0.011950
0.031387
0.019538
0.039065
0.018133
0.919082
0.566111
0.410416
0.433554
0.600996
0.073857
0.067382
0.127806
0.042434
0.016150
0.418446
1.936824
1.736160
1.002219
0.436859
0.090169
0.725697
2.750752
0.869585
2.474673
1.371460
1.368008
2.210652
0.135733
0.266007
1.262023
0.456864
0.557460
1.627687
2.100973
0.619370
0.171756
0.469705
0.971293
0.500078
0.840637
1.409819
0.654441
1.958723
0.033858
0.442607
0.233199
0.081475
0.871708
0.377365
0.775580
0.296589
1.039308
1.115050
0.596727
1.734176
0.106201
0.260051
0.443557
0.231763
1.756605
1.669749
0.441367
0.950646
0.834753
3.075684
0.028866
0.719398
0.129687
0.456139
0.112840
0.081044
1.096762
0.243850
0.821141
0.680786
0.830735
0.567465
1.160090
0.858120
0.132973
0.196735
0.062954
0.012691
0.105147
0.077851
1.794435
0.179011
1.997414
0.027782
0.088629
0.650452
0.111218
0.302609
1.333123
0.443264
0.665171
0.071209
1.251576
1.665143
1.072238
0.803623
0.365789
1.424053
0.262666
1.091754
0.347282
0.843039
0.195909
0.412529
0.151586
0.571605
0.488184
0.195759
0.722653
1.060597
0.613898
1.208201
0.666117
0.742386
1.688188
0.546275
0.358670
0.687919
0.484082
0.014266
0.535450
0.108478
0.879015
0.209383
0.075970
0.915497
0.692942
1.758861
0.387273
0.221971
0.133816
0.264733
0.511745
0.287916
1.014515
0.634959
0.792052
1.244586
0.128807
0.068430
0.118914
0.668469
0.195330
2.405658
1.707135
0.194760
0.166971
0.285736
0.034361
1.090362
0.093818
0.656471
0.586354
0.209924
0.852239
0.999599
0.209484
0.131418
1.026192
0.198945
0.821950
0.663141
0.055721
0.923166
1.239463
0.465715
0.511519
1.266318
0.404484
0.745596
0.220057
0.264604
0.775300
0.465167
0.934585
0.980161
0.184267
1.456600
1.668114
0.449898
0.202790
0.623695
3.440551
0.011344
0.513000
0.979509
0.156290
0.110633
0.189982
0.468052
0.786414
0.030805
0.383718
0.557840
0.391814
0.100316
1.068219
0.257331
1.911076
0.380581
1.329990
0.431350
0.225927
0.310358
0.422581
1.341120
0.524841
0.450852
0.079102
0.625871
1.019062
0.671415
0.487541
1.069162
0.708323
0.602610
0.538457
0.661878
0.478498
0.310401
0.063217
1.328494
1.281841
0.464358
3.420333
0.133699
0.697696
0.227308
0.586717
0.158262
0.113187
0.025687
0.919740
0.920459
1.006494
0.641851
0.391299
0.883342
0.361506
2.271316
0.214858
1.398355
0.173920
0.129622
2.237702
0.547832
0.015387
0.142921
0.447426
0.059226
0.366880
0.256449
0.179006
0.492269
1.253453
0.025141
1.237080
0.100132
2.859845
0.324787
0.596300
0.362585
0.814124
0.821727
1.189359
0.785321
0.614110
0.580590
0.723845
0.208601
1.611190
1.304523
0.374224
0.697002
0.057161
0.039684
0.417139
2.837225
0.966344
0.014303
1.316014
0.618542
0.896118
1.444951
1.047119
0.562876
0.000765
0.137337
0.015529
0.447124
0.176366
0.639965
0.281758
0.169145
0.297233
0.147205
0.100847
1.725232
1.668566
1.471238
0.174813
0.864878
1.371099
1.478616
0.822010
0.595933
0.126838
0.657594
0.621247
0.666434
0.114882
0.079161
0.242976
0.439379
0.779427
0.581684
0.016301
0.402665
1.642640
0.398958
1.343458
0.071946
0.809117
0.774307
0.534703
0.004409
0.660634
1.727974
0.889354
0.210932
1.437469
1.137492
0.286679
0.500702
0.466150
0.819677
0.145037
0.509152
1.215773
0.145709
0.526583
0.965006
0.296063
0.452204
0.309987
0.403680
0.791343
1.271595
0.582771
0.538193
1.215834
0.734088
0.003514
0.231119
0.440366
0.313290
0.245313
1.046345
0.165646
0.036502
0.458115
1.395410
0.202367
0.382640
0.425289
1.154866
0.487439
0.978048
0.394619
0.384308
0.213649
0.558318
1.317870
0.163397
0.330141
0.417374
1.038707
0.084864
0.439008
0.070382
0.027699
0.300600
0.000370
0.335872
1.509822
0.081765
0.518346
0.353375
0.446164
1.817282
0.812218
0.301378
0.250404
0.634230
1.020159
0.235074
0.541364
0.806104
0.137928
0.299015
0.175738
0.740284
0.438479
0.133911
0.251266
0.147287
0.180905
0.254698
0.135901
0.405256
0.084718
0.117543
0.050724
0.107734
0.292542
0.444057
0.635084
1.696291
0.456746
0.029208
0.719304
0.152572
0.280082
0.357504
0.795726
0.460757
0.085757
0.271696
0.706461
0.352552
1.741147
1.362118
0.355472
1.321633
0.111226
0.244305
1.395721
0.301010
0.315998
1.651713
2.445042
0.625882
0.294232
0.217311
0.117681
0.848364
0.190555
0.585163
0.507121
0.931511
1.670177
0.866841
0.516962
0.309283
0.464731
0.944662
0.429501
0.844304
0.502405
0.157951
0.233714
0.516353
1.061027
0.078689
0.061257
0.294965
0.179519
0.225484
0.152627
0.397515
0.071045
1.555141
0.435872
0.055678
0.508303
0.051969
0.041217
1.054250
0.087942
0.819952
0.371956
1.479970
1.020576
0.713444
0.587241
1.441150
0.230559
0.361529
0.497006
0.240728
0.277110
0.117906
1.119240
0.115661
0.301598
0.080568
1.026502
0.231777
0.287219
1.102340
1.016625
0.512757
0.239784
0.889435
0.100756
0.512260
0.560930
0.740483
0.828770
0.636768
0.507976
0.379953
0.447980
0.576858
0.362059
0.051660
0.340491
0.418124
1.240952
0.053209
0.333375
0.763782
0.008207
2.238100
0.906725
1.598243
0.257891
0.734827
0.230105
0.088590
0.712434
0.531712
1.175543
2.085005
2.315024
0.874740
0.354871
0.522415
0.281649
0.388659
0.700843
0.047916
0.586083
0.163178
0.202661
1.081220
1.181345
0.223939
2.414169
0.532149
0.279055
0.307195
0.060113
0.289165
0.099116
0.409307
0.222146
0.279678
1.124687
0.766929
0.427429
0.417206
0.658617
0.171717
0.183035
0.296434
1.491014
0.595352
0.299210
1.685922
0.148174
0.442093
0.415237
0.230067
0.674875
1.791014
0.506108
0.528296
0.050284
0.664719
0.872386
0.732967
0.353933
1.812845
0.620707
1.153902
1.599472
0.628141
0.716719
0.284543
0.226030
0.302154
0.333692
0.268332
0.026330
0.064124
0.467780
0.444238
1.033327
0.414157
0.221623
0.313746
0.663881
0.834152
3.056669
1.436164
2.131581
0.671949
0.868102
0.054932
0.610391
1.346418
0.724066
0.361609
0.070177
0.358693
0.164952
0.662392
0.639668
0.054833
1.187826
1.138150
1.092813
0.103509
0.218955
0.078851
1.113670
0.452186
0.431074
0.168117
0.443526
0.020772
0.336498
0.172081
1.288551
0.864743
0.989842
2.327584
0.693488
0.184418
0.626252
0.454800
0.733078
0.411689
0.381933
0.317149
0.856562
0.114504
0.308374
1.137990
2.532407
1.258580
0.508840
0.510663
0.138730
1.043825
0.603315
0.200695
0.293448
1.989114
0.281552
0.041667
0.337570
1.511930
1.739854
1.465644
0.440207
0.819385
0.704617
0.423475
0.393316
0.603801
0.252066
0.630947
0.355633
0.050904
0.367392
0.657416
0.304335
1.313038
0.053881
0.992973
1.076748
0.670577
-0.012154
-0.000609
-0.038045
-0.055407
0.862744
0.819432
1.417105
-0.000076
1.157440
1.389069
-0.013117
-0.037339
0.761110
1.463631
-0.004566
-0.014959
0.700404
0.320831
-0.054599
0.727455
0.872740
0.784882
0.556981
-0.003141
0.007159
1.887200
1.572051
-0.007386
1.921800
1.017994
-0.001441
-0.053416
0.016423
0.920487
0.272130
0.630531
1.226246
-0.016619
-0.007554
1.004355
1.303459
-0.018721
-0.043556
1.669922
0.968590
0.645433
0.415441
-0.009862
1.516370
-0.015509
-0.057320
-0.013305
0.703900
-0.056701
-0.017911
1.207813
1.111937
1.098055
0.324169
0.056894
0.172403
0.244398
0.409515
1.000255
0.843732
-0.008630
-0.023395
0.815041
-0.000799
-0.015782
-0.007318
1.241563
0.951146
0.411148
1.459903
0.188986
-0.038940
-0.020294
0.905362
0.821878
-0.001008
0.480351
-0.033298
-0.009543
0.693295
-0.042966
0.807831
0.676960
1.010119
-0.004149
-0.085640
0.197313
1.790522
0.625848
2.109766
1.336395
-0.040047
0.188591
0.316784
-0.013382
1.141158
0.444674
0.668019
1.297370
0.169763
0.041964
0.380180
1.226801
-0.012071
-0.002917
1.141494
-0.000070
0.819301
0.400154
-0.041353
0.635593
0.686499
0.736331
0.316662
-0.034019
0.076523
0.097280
0.536492
1.143948
0.726194
0.355141
0.706227
0.352323
-0.041161
-0.000311
1.593471
0.448975
0.360458
0.470551
0.318859
0.411624
1.680498
0.732884
-0.019257
1.237988
0.932362
-0.027812
0.551010
0.423103
0.006754
0.875944
0.762166
-0.056265
-0.013432
0.047071
-0.009260
0.153033
-0.018029
-0.009839
1.014769
0.879169
-0.069560
0.530681
2.199211
0.288687
0.830040
0.614736
-0.040906
0.821623
1.128255
-0.003875
0.131949
-0.025544
0.928615
0.654296
0.893839
1.560474
0.120070
0.926637
1.504538
1.503454
0.355411
0.589833
-0.005368
-0.000693
0.274083
0.702458
-0.028634
-0.024832
1.460441
-0.008411
-0.127217
0.177228
0.915073
0.532749
-0.043654
1.598759
1.973754
-0.041606
0.511679
1.069912
-0.017047
-0.007570
0.121133
0.729960
-0.014251
1.336218
0.423496
0.296834
-0.040485
-0.036099
1.604008
1.258716
-0.018586
2.313741
1.491224
0.565506
1.866878
0.959819
-0.026892
1.484523
0.174358
-0.047865
0.191617
0.464157
0.405974
1.646635
1.256705
-0.037701
-0.022362
0.417825
-0.003779
-0.043894
-0.001281
1.505967
1.774752
0.419810
0.352382
0.726653
-0.017506
0.982223
-0.003303
0.648859
-0.000130
0.769289
0.465340
1.271780
0.036345
0.386064
-0.025291
0.617031
0.783988
0.166427
0.113471
-0.038574
1.167422
-0.030368
-0.014896
0.305949
0.188945
0.233960
-0.018295
-0.009070
-0.029322
0.865215
0.795044
0.390098
0.210354
-0.025392
-0.012980
0.053470
-0.031698
-0.009727
0.693699
2.281264
0.533039
-0.060142
0.437279
2.201268
2.108951
-0.016319
0.371194
0.506436
0.754131
1.019047
0.628362
1.071857
0.475868
1.302043
0.872632
0.111554
0.444522
0.424508
0.909386
1.007155
-0.026761
-0.017581
0.878743
0.795006
-0.043577
0.676506
0.456997
-0.023837
-0.015383
-0.000256
0.738514
0.897725
-0.001371
0.441911
0.168239
-0.021624
0.881343
1.463131
0.087285
0.454079
0.764257
-0.049309
0.256568
1.773976
0.443372
-0.005385
0.294972
-0.019043
1.619038
1.564922
-0.001503
-0.003380
0.131644
0.881359
0.150401
0.408598
0.729407
-0.028404
0.764614
1.972131
0.861498
-0.043831
0.259056
-0.022561
0.254513
0.626932
1.541283
1.671035
-0.004539
0.414852
-0.001703
0.543652
1.563662
0.581721
-0.010944
0.476432
1.658055
0.782589
-0.073024
0.617990
0.428339
-0.026684
0.250749
1.081847
0.697446
1.070079
0.739182
-0.009964
0.958588
0.356072
-0.000755
1.367053
1.213804
-0.022546
0.929804
0.817591
0.810403
0.655382
-0.004320
-0.056818
0.800129
0.467026
-0.035303
1.251472
-0.046777
-0.031914
2.106239
1.933643
0.783065
0.277384
-0.058345
-0.037308
0.237823
0.859442
-0.019817
0.441496
0.786625
-0.005724
-0.026764
-0.009581
0.618590
0.827444
-0.014049
-0.037356
1.755700
2.128273
-0.017023
0.941396
0.447150
0.712499
0.312538
0.828559
1.255926
0.159948
-0.006169
-0.000367
1.335636
0.700131
0.047111
0.262829
1.263062
0.612191
-0.012858
-0.006695
1.092473
1.031509
0.332820
0.510134
1.233575
0.136731
-0.071831
0.582827
1.412266
-0.013461
-0.035223
1.724052
0.591087
0.756835
0.813932
0.683792
0.101675
-0.044734
-0.001607
0.409604
1.061783
0.527241
-0.036270
0.701445
1.286643
0.172738
0.459025
-0.008590
-0.014472
0.489757
-0.016417
0.868633
0.634004
-0.005371
-0.016099
0.917185
0.876253
1.124145
0.895692
0.357603
0.455846
0.021795
0.963644
1.504352
0.097468
0.220473
0.628729
1.061153
0.225535
0.394219
0.492877
0.396320
1.437543
0.785789
0.215700
1.110748
0.356427
0.461163
1.672354
0.944132
-0.017417
0.938609
-0.054086
0.061707
0.828739
0.980622
0.181560
0.816478
-0.044242
0.351324
1.546632
-0.043561
0.488207
0.873248
0.171104
-0.001190
-0.009634
-0.016415
0.489252
0.853541
-0.037994
-0.043789
0.758942
0.255077
-0.011845
1.178951
-0.027759
0.243980
-0.026939
-0.000925
0.150757
0.399841
0.623896
2.020437
0.720309
0.168665
-0.003990
0.575641
1.800186
0.466805
0.480460
0.634959
0.885699
-0.031926
0.917018
1.409632
0.171431
0.172214
1.157072
2.368362
0.048081
0.136242
-0.034999
1.111601
1.055486
0.453275
0.564249
-0.023901
0.542234
0.570264
-0.065698
-0.009402
0.948358
0.392113
-0.036910
0.297803
1.241680
-0.038426
0.915810
-0.004913
-0.025405
2.409071
0.403406
-0.042969
-0.020243
-0.026670
-0.043542
0.429733
1.026460
0.536200
0.301501
1.476923
0.108636
-0.000462
0.137684
0.820652
1.326663
1.097822
-0.029231
0.557188
0.948508
0.029749
0.946165
0.220268
1.442036
0.303593
-0.085507
0.681589
1.457545
-0.009037
-0.012612
0.862188
2.472296
0.284766
0.331324
0.158162
-0.004093
1.415948
-0.030612
-0.001832
0.382690
1.481215
0.221489
0.824964
0.505525
-0.042964
-0.041520
0.358851
1.177053
0.596315
0.827506
1.229924
-0.006364
-0.026262
-0.023434
0.317808
0.376316
-0.025368
-0.014516
-0.004766
-0.011629
1.223684
0.865535
0.503450
0.948896
0.802098
-0.003232
0.182222
-0.046198
0.752107
0.798938
1.020573
-0.005385
-0.068594
1.467240
1.821998
-0.015058
-0.022812
1.061353
0.814124
-0.043680
0.442382
1.663088
0.579660
0.239987
0.341205
0.619966
1.142970
0.998334
-0.007162
-0.001512
-0.002190
0.223454
1.336116
0.535384
0.733434
0.916172
-0.004025
-0.012949
-0.012548
1.730646
-0.017673
-0.017609
-0.038022
-0.011932
2.404761
0.722710
-0.004227
1.750931
-0.000953
-0.002352
1.535263
1.263814
0.087323
0.508302
-0.017489
0.869390
0.318808
-0.009981
-0.019675
-0.005986
0.198748
0.641799
0.797421
1.264145
1.307464
1.309048
1.204268
0.660465
0.538448
0.857464
2.429202
2.476894
2.511782
3.160761
3.641287
3.342922
2.286082
1.643135
1.655266
0.817268
0.021478
0.023295
1.261794
2.201578
1.684176
0.095544
0.121332
0.214571
0.030791
0.048160
0.345377
1.624989
2.185595
0.014048
0.061746
0.509940
0.041003
0.087130
0.119045
0.053656
0.004588
0.025334
0.023778
0.004707
0.585188
1.203934
1.735479
0.016960
0.837985
3.055061
2.711375
0.023790
0.049281
0.035641
0.715664
3.078907
3.729312
1.414754
0.023520
0.059247
0.044737
0.475910
0.052327
0.031581
0.067699
0.127721
0.137033
0.060186
0.753369
0.088597
0.571259
0.074112
0.848566
0.450073
1.039714
0.554114
3.566228
4.644920
1.141821
0.012292
0.018525
0.806514
2.060585
1.608530
1.084215
2.677814
0.126836
0.016649
2.796746
5.646515
4.327498
2.620197
1.556955
0.028456
0.104003
0.037550
0.046986
0.012249
0.835950
1.496289
1.742281
1.269464
0.049041
0.047041
0.071159
0.007737
2.835589
1.104301
0.059244
1.010970
1.578002
2.053986
2.873572
3.084890
3.184677
3.225715
2.586621
1.528005
1.529699
2.026884
2.673349
1.028739
0.038906
0.631051
0.014139
0.023256
0.016906
0.013711
0.038243
0.037291
1.153574
0.005174
0.054265
0.927713
1.506604
0.541394
0.824585
0.769880
1.656338
1.946544
1.141963
0.377290
4.250953
5.120097
3.170703
2.198774
1.794522
1.652896
0.030054
0.176641
1.626291
2.036018
0.396583
0.107000
0.030712
1.006853
0.056283
0.050083
0.365636
0.042272
0.084331
0.064964
0.030643
1.059665
1.093127
0.723071
0.015747
0.104887
0.674431
2.971535
2.744462
1.376606
2.526787
2.338745
0.132106
0.065093
0.027188
0.034033
1.261529
1.221081
0.055468
0.031194
2.480540
0.730209
0.010775
0.000409
1.715248
2.771494
1.908122
0.038138
0.199622
0.197068
0.060837
0.008883
0.408006
1.001742
0.020766
0.636327
0.887623
3.844665
3.878541
1.257663
2.196594
3.728568
3.453113
1.781292
0.742148
0.741107
1.697439
1.336204
0.623482
0.536696
0.036814
0.022586
1.258503
0.835703
0.101670
0.063182
0.091792
0.174745
0.024121
0.467137
0.664300
0.792306
0.121389
0.434111
0.023862
1.541365
2.271897
0.013371
0.066550
0.046103
0.030839
0.000383
0.022759
0.043402
0.273798
3.211103
3.263252
1.290891
0.033266
0.005133
0.854267
0.708396
2.576561
3.255139
0.031455
0.167942
0.136868
0.047713
0.056502
0.308876
1.728235
2.861500
3.208580
1.177581
0.081359
0.476032
0.061730
0.103094
0.060525
2.185898
2.021388
2.019257
4.469580
5.009422
1.660103
0.127193
0.442885
3.243392
3.013907
1.213788
0.058979
0.408432
0.033640
0.081912
0.078886
1.277395
2.914477
4.463932
3.626778
1.737674
1.672086
2.169909
0.580701
1.740243
1.363647
0.920367
1.057421
0.073984
0.046982
1.418435
0.035852
1.297717
2.570926
3.450136
1.735307
3.021974
0.814680
0.063634
0.004232
0.033751
0.106704
0.061811
0.050982
0.057141
0.021359
0.933440
1.791051
1.189310
1.030330
0.192482
0.062454
0.117068
0.010648
0.887270
0.008567
0.498822
2.804355
4.682014
2.110945
1.944387
2.211817
0.257599
2.470818
3.431810
0.493861
0.024513
0.034991
0.605060
1.108783
0.010061
0.891787
2.564951
2.138413
1.675693
2.010025
2.540241
2.083336
0.680011
0.060209
0.005167
0.305040
0.062679
0.146073
0.236557
2.160217
0.139852
0.004551
2.377849
3.192501
1.649380
1.005714
3.547173
4.784656
0.850736
0.091816
0.095188
0.096932
1.401180
3.528055
3.308532
1.161133
0.816585
0.002765
2.293706
2.262407
1.103674
0.026766
0.047216
0.010411
0.823901
0.567125
0.004557
0.685816
1.187487
1.525380
1.702135
2.365328
1.567800
0.475538
0.080141
0.110291
0.091625
0.069755
0.024701
0.039859
0.009087
0.014991
0.387604
2.093143
5.289187
4.175047
1.569370
1.222752
1.219660
0.012110
0.087138
0.022168
0.638522
1.693848
2.187489
1.499225
1.596237
2.604798
2.043955
0.078639
0.123428
0.027669
0.734558
0.029514
0.049381
0.050596
0.077278
0.080149
0.522837
2.952446
3.042545
0.526410
0.027609
0.005234
1.459689
2.193998
0.006019
0.080588
0.031388
0.014669
0.509493
0.881007
0.442731
1.442632
2.614175
1.244168
0.792612
0.821290
0.080368
0.304894
0.741746
0.111987
0.156018
0.047165
0.460765
1.050822
1.270640
2.675599
2.256490
0.056485
0.042309
0.088349
0.082601
0.071666
0.060957
0.084512
0.016355
1.541199
0.509056
0.006625
1.331396
2.129698
1.634572
0.999218
1.580206
0.548867
0.042894
0.019051
1.273520
1.739097
1.334611
0.190318
0.075173
0.046007
2.244497
1.018431
0.023970
0.042124
0.180862
0.856235
0.110147
0.488503
0.491008
1.272373
1.056909
1.448691
2.083943
0.173993
0.129837
0.039469
0.100867
0.127386
0.019776
0.894611
0.016591
0.093217
0.114747
0.045862
0.016918
0.193818
0.949757
1.838277
1.948276
1.444696
0.961658
0.009722
1.170548
2.148182
2.015070
1.048279
2.423618
1.063821
2.899298
3.402362
0.139814
0.187120
0.193211
0.135091
0.080534
1.101911
3.748998
2.535116
1.010397
0.042353
0.033467
0.937109
0.201621
0.600109
0.783176
0.862289
1.814353
0.949494
0.903516
0.786715
2.608414
4.679957
4.392459
4.476395
4.368736
0.003239
0.143302
0.075780
2.039274
2.331362
1.757372
1.095595
0.605362
0.013687
0.094284
0.096759
0.039839
0.008537
0.335528
0.028882
0.067739
0.086562
0.075490
0.092272
0.081288
0.514647
0.003729
1.122266
2.615401
2.595706
2.121869
4.501610
6.007014
2.034401
0.019809
0.866980
1.996397
0.646925
0.611389
3.131978
4.263240
2.992499
2.258487
0.042694
0.159178
0.160934
0.089630
0.067112
0.100243
0.001506
0.364256
0.010020
0.814521
1.874246
0.004182
0.025845
0.066519
0.025049
0.006749
0.001500
1.098883
0.035262
0.137558
0.003635
2.604785
1.688139
0.308225
0.691830
2.511059
0.224532
0.045164
0.027522
0.489018
0.047195
0.054178
0.006397
1.651314
3.516549
0.457271
0.102931
0.106047
0.114646
0.205142
0.059308
2.821552
4.958989
1.193464
0.005451
0.046995
0.148534
0.064821
3.227543
4.641729
4.034813
5.334575
4.230145
3.453763
0.055014
1.017817
2.575498
0.236214
0.208913
0.159231
1.947819
2.986876
0.003177
0.061010
0.149117
0.033278
4.192312
4.301524
2.826489
2.705689
2.089467
2.109012
2.346917
3.168828
2.587099
1.785107
0.250110
1.020159
0.440610
0.023239
0.018223
0.054480
0.077011
0.001783
0.854900
0.590723
0.026926
0.589876
1.132400
0.009432
0.058940
0.133766
0.173412
2.417829
2.037752
0.048645
0.013864
1.263366
0.033068
0.055223
0.050962
0.022985
0.411797
1.385800
0.033585
0.894025
1.523925
-0.065327
0.389000
0.507209
0.967350
0.262503
0.263707
0.636681
0.011197
0.583803
-0.045451
0.676338
0.268162
-0.025909
0.819574
0.848273
0.456371
-0.029028
0.782423
1.234139
-0.009052
1.644977
-0.187600
0.576440
-0.283800
-0.179592
0.393026
-0.141121
-0.091014
-0.318697
0.283319
-0.246733
-0.141161
0.157403
0.885369
-0.543684
0.863109
0.060157
1.175678
-0.219080
-0.203798
0.379164
1.252785
-0.167640
0.175794
0.480725
-0.117525
1.391213
-0.394992
-0.316449
-0.208907
-0.145475
-0.131133
-0.070206
-0.137115
-0.074665
-0.341204
-0.247442
-0.188611
0.987623
-0.069983
-0.208611
-0.005084
-0.665216
2.078290
-0.147780
-0.840215
1.917101
0.292663
1.407350
-0.161201
-0.310737
-0.371282
0.513077
-0.163732
-0.025291
-0.059921
0.019436
-0.470335
0.508342
-0.094740
0.686716
-0.189479
0.312779
-0.228906
-0.053114
-0.584662
0.855549
0.012735
-0.295716
-0.072624
0.170523
-0.042703
3.132305
-0.720699
-0.058206
-0.055196
-0.093692
-0.052358
-0.054531
-0.312553
0.272977
-0.216967
1.152258
-0.549607
1.336980
-0.243044
0.087623
-0.511576
0.474610
-0.041189
0.428629
-0.076048
-0.457531
1.214310
-0.221258
0.318101
-0.257723
0.304823
-0.153030
-0.074325
0.013390
-0.070340
-0.403747
0.051313
1.320293
-0.097476
-0.596416
-0.076082
-0.276129
-0.233937
-0.050355
-0.121786
1.532694
-0.378386
-0.193633
0.056896
-0.163619
-0.378847
0.742062
-0.059206
1.859910
-0.208264
0.782905
-0.326199
0.009788
-0.123299
-0.218711
0.018588
-0.760290
-0.157376
0.723448
-0.196196
0.923599
-0.008646
-0.414316
-0.134084
-0.144686
-0.273759
-0.130563
-0.554518
0.901283
0.287205
0.024109
0.898656
2.449794
-0.545573
-0.124601
-0.720401
1.643782
-0.471462
0.546255
-0.115993
0.790675
-0.376293
0.398849
-0.333699
-0.290661
-0.090791
-0.268230
0.277057
-0.402113
-0.138399
-0.423295
1.431899
0.311699
-0.312716
-0.226885
1.270209
-0.283212
0.710602
-0.361169
-0.148534
0.327727
-0.287762
0.030245
-0.167403
0.391907
-0.047314
-0.640955
-0.067936
0.129829
-0.196643
-0.229986
-0.199101
1.345931
-0.222112
0.048868
0.973479
-0.851562
-0.106966
2.408776
-0.271431
1.973359
-0.682126
0.724959
-0.095014
-0.241316
0.089667
-0.246409
-0.071244
-0.134189
-0.439643
-0.060696
0.257534
-0.027588
0.834477
-0.208358
0.405727
-0.059330
-0.341757
0.568649
-0.403610
0.170039
0.509637
-0.375289
1.038274
-0.135008
0.607279
-0.637585
0.896404
-0.182289
-0.156716
-0.187194
-0.311470
-0.118613
0.415568
-0.147474
-0.248137
0.292566
-0.114476
-0.071396
-0.144854
-0.214044
0.518040
-0.342601
-0.067852
-0.363701
0.867344
-0.432805
-0.121779
1.893179
-0.504562
0.223699
0.396539
-0.236024
-0.483043
0.092817
-0.009739
0.451761
-0.604404
0.440775
0.424843
-0.276040
-0.139615
-0.195876
-0.203726
-0.211437
-0.252945
-0.139135
0.218414
0.072054
-0.054443
-0.166689
0.482008
0.627469
-0.026348
-0.445960
-0.034300
-0.047922
-0.139822
-0.129978
0.032592
-0.319089
0.241855
-0.180325
-0.089803
-0.422441
-0.153979
0.826317
-0.461614
-0.016146
-0.157759
2.032459
-0.246712
-0.486161
-0.193435
1.289180
1.369599
0.144299
-0.138269
-0.193971
0.146024
-0.272928
0.696694
-0.463463
-0.009583
1.207116
-0.654455
0.196181
0.634431
-0.548572
-0.002859
-0.148242
0.712066
-0.340892
2.524434
-0.348693
-0.468700
-0.299650
0.898890
0.341353
0.211532
-0.049697
-0.105308
0.510774
-0.320815
0.455507
-0.327770
-0.012112
1.336701
-0.363607
-0.158949
-0.156737
0.605645
-0.074875
-0.051802
-0.154022
0.143830
-0.076317
0.035482
-0.456946
0.049755
-0.452345
1.002033
-0.598513
1.200938
-0.018244
-0.228783
0.897421
-0.548672
-0.120849
0.523338
-0.216877
-0.090257
-0.273396
-0.170962
0.120167
-0.248648
-0.327493
-0.049833
0.510156
-0.116328
0.636191
-0.440894
-0.112838
-0.123665
0.404765
-0.330665
-0.144079
1.030785
0.564409
-0.405414
-0.025584
0.188970
-0.176166
0.578529
-0.572776
1.097594
-0.516351
-0.254521
-0.058590
-0.127663
0.665440
0.252940
-0.029638
-0.441047
-0.418014
-0.067306
-0.425674
-0.046807
-0.161426
0.396661
-0.062319
-0.048718
1.405700
-0.481106
0.644929
-0.229482
-0.022858
-0.051333
-0.179411
-0.022068
-0.008687
-0.152192
0.059154
-0.195815
0.607517
-0.230570
-0.306409
1.159051
-0.461841
-0.295337
1.791126
0.414845
-0.242573
-0.657661
0.923196
0.563819
0.233151
-0.076935
-0.279981
-0.056436
1.305892
-0.540295
-0.049431
-0.244532
-0.027109
0.087388
0.370616
-0.082996
-0.521143
0.220237
0.902721
-0.619712
-0.412792
1.016790
0.040531
-0.592478
-0.163828
0.417795
0.934492
-0.104452
1.443839
-0.294159
-0.090776
-0.110424
-0.154523
-0.144162
0.287485
-0.281773
-0.487193
-0.109473
-0.223899
-0.129042
-0.267114
0.341059
-0.449111
-0.248511
-0.027319
0.789702
-0.447746
-0.028532
0.328609
-0.439649
-0.282978
0.405794
-0.083085
0.169013
-0.417503
-0.086298
0.042319
0.081273
-0.081884
-0.389099
0.471994
-0.324596
0.856228
-0.444934
-0.008133
-0.031797
-0.207949
0.196365
-0.126941
-0.014276
-0.372672
1.283420
-0.399392
-0.348731
0.420916
-0.004431
0.721246
1.096378
-0.330404
-0.083254
0.589392
-0.055857
-0.516779
-0.183387
0.777323
1.192693
-0.525653
1.610446
-0.261324
-0.252110
-0.055895
-0.151635
-0.130424
1.261652
-0.266004
0.789188
-0.574703
1.280136
1.121579
-0.013305
0.722980
-0.238486
-0.050090
0.088984
-0.374788
0.222537
-0.007756
-0.403771
2.707961
-0.194109
-0.646387
-0.019034
-0.127688
-0.159204
-0.166481
-0.178310
0.028266
0.647842
-0.428983
0.400841
-0.266093
-0.566908
1.806028
0.998952
1.231661
-0.325180
0.038157
-0.272168
0.811851
-0.102742
-0.040859
-0.017754
-0.399962
-0.212379
-0.342419
-0.223064
0.134101
0.127277
-0.207703
-0.233305
-0.027010
-0.119274
0.055077
-0.518057
0.220981
0.212363
-0.181756
0.482971
0.812199
0.466804
-0.226721
-0.138235
-0.171893
-0.063832
-0.135995
-0.118711
-0.195889
0.342322
-0.181164
-0.323015
-0.043969
-0.311221
1.276262
0.188615
-0.368880
-0.007544
-0.215109
-0.357151
0.630672
0.295451
-0.376104
0.360084
0.476188
-0.522124
-0.141608
1.471812
-0.227619
-0.293210
-0.286305
1.260291
-0.379853
-0.123351
-0.061341
0.430116
-0.286796
0.058264
-0.294296
0.000841
-0.330778
1.500543
-0.481868
0.523830
-0.198829
-0.019965
-0.055486
-0.180888
1.127663
-0.205097
0.085678
-0.381439
1.673840
-0.322724
-0.212521
-0.188429
0.671193
-0.453419
-0.273698
1.519103
0.815397
-0.408250
-0.318225
0.021000
0.711905
-0.315656
-0.248280
1.307953
-0.113296
-0.334975
-0.149507
0.015653
-0.039471
-0.176607
1.298468
-0.396112
-0.349503
-0.274558
0.098966
-0.357951
-0.156719
-0.163087
0.088467
0.643339
-0.610116
-0.168516
-0.105131
-0.401487
0.022256
-0.159238
-0.112731
-0.271467
-0.090104
-0.404911
0.230020
0.033369
0.070515
0.439630
0.851194
2.318626
1.241608
0.654195
0.011843
0.814525
0.899612
0.197757
0.084919
0.064838
0.004462
0.120084
0.202994
0.233431
0.142200
0.061213
0.442347
0.420104
0.292524
0.360292
0.003299
0.054538
0.310923
1.528045
1.549169
2.539324
1.056101
1.625259
0.003890
1.434456
0.634321
0.993746
2.551438
2.090628
1.308682
2.204559
1.871067
2.444107
2.091551
1.457793
1.051935
0.360048
1.964992
2.008647
1.635913
0.537818
2.114885
0.731978
0.909959
0.055898
1.668701
0.038849
1.120834
0.905174
0.003710
0.361036
1.286802
0.546047
0.161369
0.639391
1.246486
2.199738
1.479051
1.456675
0.820112
0.111451
0.066888
0.111229
1.414825
0.160071
0.044284
0.198350
0.072349
1.347660
2.243569
0.754291
1.357194
1.058957
0.637853
0.190954
0.024875
0.146667
0.215699
1.193406
0.903464
0.445546
0.182287
0.247663
0.024826
1.662591
1.576377
2.417249
0.990362
0.009960
0.538538
0.009261
0.788698
2.541716
1.908757
2.693760
0.990385
0.706877
0.050926
1.332216
0.542312
1.012342
0.011316
1.005097
0.431551
0.093190
0.104551
0.841996
1.386710
0.112662
0.028447
1.774219
0.058696
0.990824
1.068372
0.012518
0.132881
0.472818
0.922227
0.431957
0.823499
1.935745
0.887290
1.104594
0.117258
0.121858
0.126313
1.334554
0.077967
0.045330
0.717686
2.983707
1.559341
0.061820
0.040536
0.732680
0.165454
0.224816
0.217327
0.177696
1.433547
0.600676
0.090645
0.105453
0.968414
1.450778
1.001429
0.709688
0.867540
0.870790
2.473502
3.464774
1.536662
1.176249
1.931660
2.201916
0.097339
0.012075
1.277757
0.977950
1.198601
0.167920
0.019803
2.225476
4.355662
1.153649
0.046910
0.011956
0.092909
0.150474
0.107775
0.013346
1.492114
0.847287
2.562858
1.785142
1.038198
0.756832
0.281159
0.029150
0.092004
0.559786
1.840076
0.930957
0.810790
0.061889
1.569707
2.824584
1.793314
0.208015
0.671841
0.333811
0.034333
0.053536
0.826946
1.249039
0.398993
0.070129
0.551849
1.235842
0.244022
0.873357
0.853774
1.242306
0.266313
1.429213
1.138383
1.186449
0.702058
0.385986
1.806518
2.864563
0.306863
0.570976
0.746295
0.846630
0.993397
0.682294
1.730869
2.874839
1.153449
1.929590
1.464542
1.486701
0.108303
0.205902
0.146173
0.137308
1.250212
1.583310
2.208461
1.361690
2.025899
0.752198
2.361120
0.463302
0.220617
0.202079
0.049790
1.186165
1.535573
2.187052
0.650401
0.923992
1.358357
1.767449
1.913167
0.325081
0.467082
0.988611
2.112112
2.141763
2.395173
0.904022
1.348132
0.526467
1.273938
0.268905
0.840882
0.144844
0.316971
0.903076
1.282273
1.802585
1.256882
1.152907
0.016541
0.335211
0.489796
0.729438
1.291524
0.069982
0.478632
1.763438
1.533099
2.411289
1.812728
0.428235
0.096487
0.048758
1.122391
0.146623
0.196400
0.866157
1.488520
2.509584
1.476475
1.019480
1.079170
0.645553
1.256873
2.208873
1.023704
0.683479
0.002620
0.941846
1.362017
0.482380
0.135589
0.183642
0.201119
0.214049
0.239599
0.008429
1.227609
0.014580
1.034729
1.233985
0.041090
0.166797
0.000060
1.156917
1.783534
1.565581
1.590875
1.400168
0.417772
0.694754
0.155597
1.032971
1.442317
0.282393
0.300185
0.088441
1.641681
0.520642
0.543492
0.013920
0.430944
0.296586
1.602095
1.674562
1.280651
0.749070
1.949937
1.507527
0.087670
0.064484
0.345844
0.694324
0.063745
0.515396
0.649074
1.464189
0.191503
0.443071
0.352982
0.137178
0.755339
0.093092
0.333358
0.620843
0.025982
0.073946
0.792728
0.247094
1.522509
2.061767
3.023720
1.488912
0.083822
0.638044
0.050158
0.917060
0.050147
0.299007
0.399384
0.119650
0.033612
0.132178
1.251891
1.291316
2.212584
0.681353
1.194075
2.424484
1.520043
0.101814
1.434932
0.686252
1.078388
0.172573
0.199836
0.590774
0.006549
0.694390
0.002476
1.096553
0.585663
0.410797
0.042156
0.266923
0.077096
1.326345
2.574808
1.450029
0.712977
0.309845
2.061555
1.566995
2.263795
0.332458
0.846150
1.489939
0.026915
0.221346
0.091957
0.929506
0.997736
1.081306
0.151000
0.493789
0.447194
1.725561
1.658641
2.090637
0.264673
0.968183
0.769061
1.051512
1.950879
1.531967
0.070798
0.171947
0.125058
0.027264
0.115020
1.577233
0.081214
0.789236
0.937712
0.425079
1.162826
1.752265
2.533046
1.264541
0.893761
0.671147
1.524108
3.025464
1.530144
1.119754
1.807333
0.615777
1.912117
0.708328
0.174207
0.248470
1.170824
0.046747
0.488726
1.930659
1.320383
1.830894
1.505048
0.526944
0.316174
0.113332
0.569161
1.483298
2.511393
0.211849
0.182381
0.631915
0.903585
1.407467
0.417834
0.009021
0.564071
0.308848
0.559727
2.266038
2.756984
0.102070
0.041801
0.376427
0.076343
0.005778
0.265030
0.261472
0.161763
0.141095
0.391681
0.217384
0.097574
0.433385
0.960989
0.247250
0.127972
0.596872
0.979894
0.636640
0.295775
0.221334
0.090243
1.278043
0.664305
0.639044
2.131848
1.826320
1.055675
0.038107
0.946393
0.341141
1.583447
0.110908
0.172179
0.222367
0.145434
0.134591
0.517156
0.910816
0.273003
1.054070
1.393106
0.822969
0.003502
0.040828
0.665184
0.004541
0.057109
0.105702
0.705712
1.846825
1.586187
1.327223
2.311311
1.637842
1.851082
0.313907
0.914704
2.152065
2.521120
0.088561
0.589976
0.099590
0.141520
0.008090
0.056589
0.047924
0.052717
0.653780
2.879266
0.470398
0.956858
0.092875
0.429256
0.391684
0.091914
0.035569
0.147590
0.105844
0.106020
0.042950
0.519900
2.845827
1.564986
0.341217
0.785906
0.085838
0.652144
0.722673
0.470058
0.607855
1.533851
1.487858
0.103755
0.128162
1.153713
0.008286
1.459568
0.364554
0.187278
0.278493
0.053666
0.113797
0.242779
1.153752
2.026501
2.394260
0.167184
0.282844
0.227198
2.018533
1.614029
1.796921
0.137434
0.068960
1.069209
1.894687
0.790603
1.044651
1.758894
0.005896
1.469680
0.495239
0.364013
0.200711
0.880825
2.086686
1.171253
0.388362
0.116038
0.860632
0.959603
1.557229
1.980419
3.259098
1.673948
0.959508
1.016066
0.685715
1.625319
0.018260
1.000087
1.842814
2.509872
0.123487
1.881174
2.203222
1.412140
1.393327
1.040288
1.385932
0.538440
0.120345
0.139910
0.170129
0.524716
1.910866
2.297337
1.563237
0.899055
0.398819
1.329820
1.424298
2.379132
2.091460
1.355252
1.074519
1.565030
1.271105
2.693548
1.940595
1.263732
2.747618
1.396068
2.314322
0.948799
2.127159
2.160247
3.344137
1.012772
1.286857
1.490328
0.658336
0.351255
0.979858
1.949275
1.398796
0.747750
2.431904
2.054745
2.292701
1.685996
0.157736
0.033493
0.000760
0.555013
0.246353
0.101252
0.257637
0.290149
0.195156
0.009627
0.199670
0.011138
0.032577
0.110980
0.096116
0.013149
0.092595
0.090718
0.146467
0.001269
0.421633
0.658820
0.010003
0.147593
0.179721
0.111459
0.224445
0.177793
0.616672
0.036699
0.218789
0.378899
0.019770
0.003716
0.010640
0.611256
0.899630
1.209090
0.116794
0.074840
0.055872
0.920368
1.067007
0.034222
0.124616
0.081793
0.303696
0.293778
0.732947
0.739174
0.125273
0.315831
0.378062
0.145673
0.240159
0.239648
0.107341
0.069551
0.056555
0.238204
0.211209
0.148895
1.129615
0.950438
0.903915
0.034750
0.039740
0.131394
0.044733
0.029133
0.068017
0.089098
0.030038
0.096344
0.173522
0.341332
0.683340
0.015233
0.278248
0.048018
0.057165
0.071369
0.140140
0.112562
0.088494
0.052219
0.259021
0.230199
0.240223
0.101658
0.065791
0.563289
0.087804
0.245340
0.131482
0.125204
0.090571
0.042622
0.023728
0.143065
0.276831
0.111946
0.079294
0.077265
0.081965
0.069851
0.033960
0.427407
0.037385
0.177488
0.084036
0.043833
0.011491
0.069016
0.073758
0.353846
0.053658
0.101817
0.233692
0.125264
0.147525
0.231730
0.268628
0.122293
0.186815
0.186162
0.223163
0.237057
0.257270
0.322915
0.420856
0.288306
0.073027
0.153904
0.119632
0.158941
0.032479
0.039383
0.026911
0.103811
0.139372
0.521350
1.186668
0.130844
0.073263
0.136536
0.170612
0.412881
0.109409
0.232079
0.120677
0.500790
0.899625
1.157806
1.896192
0.873177
0.084754
0.118797
0.610833
0.010987
0.127758
0.144756
0.211074
0.068681
0.345193
0.140273
0.271599
0.197708
0.116938
0.246312
0.129204
0.305681
0.038355
0.759175
0.633018
0.233129
0.365879
0.357981
0.191817
0.133599
0.109005
0.083176
0.221158
0.216548
0.122061
0.123298
0.054390
0.123018
0.172750
0.010714
0.030203
0.012246
0.596967
1.322321
0.684006
0.056244
0.215910
0.642948
0.139252
0.034480
0.077416
1.583648
0.702862
0.121921
0.069817
0.119903
0.066027
0.307204
0.150536
0.072854
0.195217
0.282212
0.054525
0.060174
0.230195
0.005816
0.056351
0.129060
0.159719
0.110969
0.025926
0.209594
0.048913
0.483949
1.871109
0.064894
0.342841
0.215386
0.162391
0.029291
0.192914
0.261135
0.053641
0.196296
0.080376
1.278672
0.097052
0.419296
0.046172
0.090368
0.123695
0.129927
0.203008
0.125569
0.104188
0.176694
0.230531
0.011911
0.143901
0.530241
1.110944
1.046396
0.018963
0.245818
1.226608
0.431945
0.165709
0.059245
0.096262
0.335080
0.091885
1.283851
0.010362
0.192555
0.108073
0.251004
0.180324
0.274530
0.064774
0.174420
0.076163
0.391174
0.292177
0.190951
0.077383
0.158282
0.005732
0.279196
0.460578
0.284588
0.174028
0.055174
0.092566
0.011485
0.057392
0.226648
0.271689
0.117958
0.152018
0.018695
0.008894
0.740309
0.702241
0.009365
0.928012
1.168706
0.579131
0.181855
0.155698
0.109979
0.169920
0.053718
0.145692
0.130004
0.208186
0.164808
0.090687
0.266994
0.300072
0.134212
0.010700
0.164822
0.547417
0.693560
0.414189
0.004489
0.291144
0.172176
0.349792
0.273156
0.169200
0.120195
0.021046
0.037280
0.155560
0.060810
0.162450
0.000969
0.103221
0.084583
0.031952
0.428127
0.401585
0.247837
0.089124
0.575298
0.153267
0.143067
0.101596
0.173962
0.046274
0.089799
0.562741
0.621689
0.098151
0.300605
0.026509
0.226848
0.370643
0.060771
0.734471
0.129934
0.208200
0.382011
0.034011
0.178969
0.166212
0.272281
0.283101
0.267328
0.063124
0.128516
0.031619
0.034739
0.034003
0.044069
0.132422
0.102337
0.003711
0.192783
0.158419
0.044267
0.046303
0.165550
0.237057
0.074573
0.229808
0.420438
0.241238
0.208267
0.183969
0.233455
0.068126
0.255394
0.180893
0.160109
0.202596
0.151631
0.148627
0.176745
0.303627
0.265785
0.243760
0.133655
0.224971
0.209445
0.136420
0.108939
0.241434
0.155707
0.246784
0.767907
0.266220
0.166600
1.532330
1.029502
0.067750
0.058963
0.721233
0.149639
0.064234
0.040192
0.040325
0.178877
0.110374
0.022077
0.061955
0.276004
0.595808
0.033665
0.029911
0.062178
0.593267
0.305402
0.162626
0.105654
0.117693
0.227641
0.584953
0.426916
0.219723
0.303937
0.065338
0.154132
0.248311
0.006739
0.231429
0.083604
0.270019
0.038223
0.001654
1.107655
0.145387
0.262954
0.202786
0.491829
0.064990
0.155453
0.174038
0.166643
0.192798
0.090104
0.019550
0.065313
0.263019
0.252650
0.165345
0.027665
0.192396
0.153374
0.525180
0.568422
0.017380
0.159204
0.182741
0.146395
0.045986
0.045529
0.158553
0.221167
0.127647
0.137994
0.149973
0.127693
0.017538
0.152074
0.284955
0.031043
0.112803
0.166403
0.116620
0.133694
0.065299
0.169607
0.176812
0.115684
0.047238
0.165542
0.141744
0.016729
0.108497
0.095797
0.084608
0.259480
0.385038
0.169291
0.045401
0.088010
0.073542
0.123653
1.384195
0.086941
0.096186
0.046926
0.059026
0.105322
0.153538
0.211234
0.174052
0.233275
0.294687
0.276347
0.294256
0.122330
0.241304
0.083731
0.050650
0.384237
1.106650
0.382071
0.155124
0.140076
0.174190
0.307151
0.297586
0.091178
0.093801
0.035101
0.017380
0.335259
0.104452
0.204715
0.139586
0.110006
0.082828
0.066304
0.353247
0.324284
0.157008
0.239289
0.259190
0.119859
0.077358
0.056121
0.110227
0.019229
0.044374
0.782268
0.883486
0.025490
0.011421
0.097223
0.027949
0.083862
0.072916
0.014392
0.064095
0.094228
0.049491
0.213152
0.227223
0.006123
0.067624
0.075617
0.307885
0.122682
0.183801
0.155422
0.030901
0.084075
0.006072
0.137554
0.414772
0.272967
0.079386
0.025183
0.272896
0.068127
0.071506
0.148831
0.013707
0.031701
0.036321
0.735516
0.614390
0.497690
0.167209
0.079684
0.079457
0.269530
0.272911
0.055780
0.064150
0.072234
0.164342
0.181463
0.588201
0.525177
0.102440
0.089414
0.059822
1.098090
0.019234
0.000178
0.399921
0.083789
0.227557
0.553209
0.011781
0.065170
0.007703
0.099206
0.205521
0.136389
0.182612
0.079079
0.062811
0.052438
0.150376
0.030203
0.000891
0.001312
0.124189
0.205835
0.155535
0.434905
0.332117
0.181103
0.586331
0.109865
0.229049
0.204356
0.033334
0.159839
0.186010
0.085152
1.011093
0.235971
0.001037
0.178789
0.162708
0.160127
0.422416
0.124940
0.408976
0.554994
0.266744
0.034689
0.079651
0.049203
0.063720
0.083542
0.418704
0.096096
0.208952
0.188389
0.100095
0.063203
0.045925
0.240714
0.356394
0.271271
0.288161
0.199257
0.127120
0.007329
0.117015
0.172671
0.323691
0.382636
0.012705
0.101143
-0.232701
-0.007211
-0.299364
-0.079681
-0.146542
-0.088210
-0.072452
-0.078468
-0.236624
-0.068872
-0.279583
-0.362398
-0.039061
-0.305550
-0.097960
-0.092194
-0.100267
-0.145101
-0.116790
-0.107563
-0.177528
-0.089091
-0.159331
-0.036757
-0.373537
-0.176248
-0.619532
-0.094874
-0.442717
-0.112844
-0.216064
-0.190814
-0.379572
-0.388309
-0.428296
-0.591703
-0.365247
-0.422926
-0.380469
-0.314396
-0.178232
-0.295600
-0.359982
-0.418699
-0.144898
-0.378527
-0.221324
-0.177446
0.071172
0.702452
0.175710
-0.013915
-0.218515
-0.208693
-0.169369
-0.123457
0.458498
1.306330
1.476916
0.899874
0.410180
-0.193320
-0.361333
-0.396628
-0.445285
-0.062199
0.046508
0.056995
-0.028984
-0.344619
0.100962
-0.063418
0.027522
0.204340
0.359198
0.656277
0.195184
-0.102695
0.044347
-0.375728
-0.040603
-0.466041
-0.023754
-0.130967
1.403437
1.480280
1.034256
0.540024
0.361980
0.232388
-0.166290
-0.115745
0.946909
-0.156401
-0.272905
-0.215163
-0.152506
-0.188659
-0.178675
-0.193277
-0.141213
-0.296646
-0.206150
-0.509224
-0.145375
-0.363271
-0.273328
-0.212876
-0.290845
-0.029778
0.542426
0.566475
0.459667
0.578679
0.237060
-0.211758
-0.436950
-0.225019
0.254219
-0.004259
-0.278342
-0.080430
-0.240618
0.015666
-0.084041
-0.208499
-0.168012
0.663339
0.045979
1.007239
0.189763
0.437200
-0.054573
-0.118700
-0.105733
-0.257327
-0.147494
-0.139730
-0.256664
0.530132
1.059843
1.051658
0.029001
-0.131876
-0.269440
-0.050430
-0.111198
0.058625
0.496933
0.323659
0.472949
-0.005014
-0.444361
-0.242072
-0.281969
0.184292
-0.273858
-0.206044
-0.248831
-0.257323
-0.218909
-0.306870
-0.058243
-0.014999
-0.142724
-0.069508
-0.064593
-0.008229
0.303027
0.693073
0.103428
-0.460199
-0.338170
-0.455694
0.676023
0.287015
0.288509
-0.327976
-0.497729
-0.556198
-0.416005
-0.194455
0.296103
0.131465
-0.065963
-0.339348
-0.428413
-0.306501
-0.296148
-0.095936
-0.543822
-0.158862
-0.174746
-0.214676
0.043950
1.120602
1.589318
0.021422
-0.098447
-0.373124
0.427522
1.203167
2.308462
1.523001
0.883989
-0.009774
0.020426
-0.200902
-0.217214
0.311715
1.353122
0.703347
-0.272741
-0.382390
-0.255679
0.125706
-0.111214
-0.043785
-0.019625
-0.092435
-0.136783
-0.117210
0.623241
-0.067964
-0.195429
-0.050337
0.446392
0.807719
0.633772
0.244540
-0.060932
0.176166
0.727605
0.643013
0.000380
0.105833
1.612685
1.974490
0.867777
-0.108056
-0.118589
-0.080319
-0.050887
-0.088126
-0.110503
-0.063434
0.277201
-0.102053
-0.271442
-0.014592
-0.174350
-0.042971
-0.239578
-0.381730
-0.197377
-0.332762
-0.402268
0.172148
-0.262334
-0.196860
-0.194877
-0.213859
-0.291224
-0.073562
-0.133235
-0.147550
-0.112232
-0.160725
-0.134391
0.002349
0.347543
0.735644
-0.167658
-0.361574
-0.212878
-0.649645
-0.398230
-0.540286
-0.366033
-0.557981
-0.656937
-0.423110
-0.529633
-0.152952
-0.026101
-0.029704
-0.288231
-0.082502
-0.177503
-0.073921
-0.224215
-0.239088
-0.202420
-0.189035
-0.212769
-0.118294
-0.075083
-0.119273
0.277388
0.413115
0.995932
1.194551
0.962430
1.382198
0.461427
1.262303
0.766373
0.307424
-0.170636
-0.137144
0.210657
0.316426
-0.178603
-0.226086
-0.160713
-0.104397
-0.002348
0.126828
0.454627
0.513667
-0.104315
0.831179
0.479392
0.558905
-0.228037
-0.053892
-0.168554
-0.004058
0.258012
1.457381
0.421390
-0.162758
-0.001708
-0.193936
-0.147824
-0.125553
-0.173330
0.149022
-0.127365
-0.165836
-0.030725
0.229054
-0.183737
-0.156524
-0.391790
-0.161141
-0.361654
-0.016584
0.098502
0.557048
0.224675
0.766047
0.212775
-0.189139
-0.100567
-0.112029
-0.133534
-0.239796
0.097836
-0.148321
-0.199465
-0.124998
-0.402973
-0.197577
-0.246797
-0.218206
-0.321888
-0.088681
-0.108802
0.957927
0.044539
-0.168892
-0.362284
-0.222714
-0.321409
-0.161684
0.393513
0.396035
-0.018723
0.033198
0.916974
-0.032893
-0.096459
0.000792
0.091152
1.015598
0.842623
0.131382
0.137408
0.419796
0.211331
-0.179498
-0.147418
0.059280
0.013656
-0.244228
0.545970
0.409763
0.271170
-0.226249
-0.245391
-0.246050
-0.238176
-0.392285
-0.492309
-0.147060
-0.072618
0.066654
0.002645
0.206157
-0.021164
-0.105785
-0.178015
-0.270226
-0.050409
0.097524
-0.019235
0.133043
0.059371
-0.268248
-0.177624
-0.080211
-0.136387
-0.272348
0.557480
-0.034988
-0.011315
0.506587
1.681821
0.566657
-0.104004
-0.088031
-0.114210
-0.149096
-0.168604
-0.186946
-0.111566
-0.235525
-0.224709
-0.332289
-0.343532
-0.037912
-0.214797
0.308337
0.041013
-0.190732
-0.364643
-0.496829
-0.340276
-0.336352
-0.172369
-0.276540
-0.037633
0.036054
-0.017641
-0.166474
-0.232235
-0.084479
-0.213464
-0.081565
-0.086598
-0.011502
1.029966
0.903834
-0.088104
-0.486921
-0.230853
-0.453101
0.255248
0.583176
0.886344
1.357097
1.311865
0.709341
-0.136832
0.523768
0.400164
0.326293
0.011414
-0.047125
-0.188237
-0.152740
-0.271945
0.067017
-0.002098
-0.003303
-0.279212
0.507401
0.733268
1.197616
0.261444
-0.250814
-0.336420
-0.197739
-0.326841
-0.440680
-0.328731
-0.266552
-0.256090
-0.331622
-0.247038
-0.216208
-0.169797
-0.180739
0.343428
0.630357
0.047911
-0.143677
-0.205620
-0.268672
-0.309778
-0.552476
-0.143366
-0.227128
0.513553
0.670056
-0.025623
-0.093063
-0.075364
0.481010
0.649951
-0.143672
-0.102722
0.071823
-0.005896
-0.002815
-0.055441
0.013404
-0.127200
-0.123800
-0.167059
0.163966
-0.204364
-0.268824
0.072618
-0.081910
0.030371
-0.571465
0.421253
-0.224220
0.472532
1.041583
1.068361
0.092722
-0.032626
0.322019
0.477603
-0.157926
-0.415207
-0.231438
-0.299877
-0.111954
-0.125086
-0.192591
-0.147541
-0.193050
-0.195810
0.260971
0.388623
1.790370
1.711666
0.126644
-0.276788
-0.349229
-0.125441
-0.161210
-0.067735
-0.225636
-0.239496
-0.163297
-0.220553
0.451166
1.088921
0.966760
0.075564
-0.084801
-0.179285
-0.163098
0.063633
0.346069
-0.028354
-0.220439
-0.303167
-0.293274
-0.211004
0.428314
1.194998
0.802224
-0.105395
-0.188856
-0.160276
-0.092011
-0.051534
0.721550
-0.187365
-0.087007
-0.182463
-0.157749
-0.205249
-0.318512
-0.194732
-0.040321
-0.014461
0.182034
0.333954
0.726255
0.572410
0.401468
-0.072193
-0.225334
-0.185238
-0.187089
-0.119227
-0.013036
0.024846
-0.062067
-0.211815
0.034452
-0.156440
-0.293741
-0.430522
-0.640728
-0.109982
-0.383710
-0.172620
-0.056539
-0.209317
-0.239175
-0.118287
-0.347188
-0.177208
-0.038939
0.307166
0.482304
0.152517
-0.199531
-0.233964
-0.175339
-0.305220
-0.024548
0.266125
1.215464
0.012149
0.702512
1.460977
1.260709
0.888437
-0.054143
0.092157
0.192033
-0.129608
-0.341368
-0.270258
-0.279103
-0.030614
0.157766
0.075938
-0.049123
-0.050329
-0.172213
-0.321336
-0.261259
-0.210072
-0.104111
-0.349805
-0.267785
-0.312972
-0.124192
-0.149654
0.434002
0.937509
0.579527
0.432514
-0.280616
1.192060
-0.058650
0.652348
-0.151082
0.520664
0.196890
0.441128
0.735081
0.388766
0.694921
-0.636702
0.753078
0.395190
0.241165
0.608160
-0.082648
0.197977
0.387591
0.579320
0.128569
0.816514
-0.649427
0.361700
-0.532713
1.601765
0.734987
-1.277792
0.887640
0.295132
-0.170908
-0.956302
0.902039
0.532135
-0.291512
0.814578
-1.008326
0.455407
0.621803
-0.095044
0.270276
0.346593
-0.167531
0.626423
0.537360
0.110002
0.165679
0.686228
0.158832
0.429404
0.411089
-0.075849
0.375441
0.919884
-0.448624
-0.761424
0.780474
0.222003
0.352970
-0.018684
-0.570519
-0.061853
-0.212348
0.557081
0.445373
0.268696
0.006552
0.133483
0.216946
0.669794
-0.134006
1.069286
0.680598
0.067214
0.733145
0.415860
-1.495405
0.321160
0.581187
-0.965387
0.309221
0.479191
-0.192583
0.747643
0.048760
-0.394814
0.725647
-0.335912
0.010165
1.341889
0.485871
-1.209664
0.189256
-0.073829
0.259619
0.757172
1.100630
-0.124672
-0.327250
0.217296
-1.277178
0.003784
0.845554
-0.765291
-0.266329
0.280740
0.340308
0.822300
0.826236
0.015489
-0.768153
0.267879
-0.284156
1.304947
0.369955
-0.402384
-0.096719
0.475680
-0.453614
0.674031
0.439537
0.320034
-0.200083
0.055019
-0.077955
0.711058
0.479489
-0.506067
0.008078
0.409501
-0.047961
0.913721
0.115594
-0.413321
0.261223
0.128198
0.486496
-0.139498
1.306543
-0.243887
0.045288
0.120400
-0.382277
0.626430
0.220095
0.417562
0.312834
-0.155254
0.092844
0.951284
0.644160
-0.119800
-0.731671
0.060487
0.098498
0.575801
0.299750
-0.588952
1.055773
0.910130
-0.382469
-0.515842
0.835670
-0.289794
-0.814151
0.864630
-0.523339
0.682167
0.324590
0.388633
-0.203292
0.342367
0.190459
0.838956
0.538995
-0.569392
-0.115973
-0.435638
1.215604
-0.020203
0.504145
1.594654
-0.254116
-0.365865
-1.164511
0.192533
0.256848
0.639906
-0.616225
0.194219
-0.162594
0.522762
-0.056418
0.963167
0.558447
-0.647285
1.223888
-0.727994
-0.115913
-0.198398
0.349675
0.597499
-0.208904
0.363102
0.712303
1.158731
-0.776505
-1.897794
-0.033175
0.178577
0.366452
0.684199
1.014046
-0.843962
-0.490355
0.426235
0.062766
1.385796
-0.040978
0.764575
-0.739307
-0.299962
-0.222318
-0.279092
1.175778
-0.198275
0.027320
0.470907
0.627882
-0.109175
-0.158245
0.428957
0.007727
-0.443014
1.260693
0.035957
-1.304724
0.432302
0.392450
0.587755
1.041997
0.008542
0.977563
-0.963573
0.118279
-0.074622
1.155155
0.703790
-1.016903
0.496318
0.649580
0.266508
0.503976
1.068307
-0.350624
0.496692
-0.881896
1.108633
0.225351
0.185897
-0.659347
-0.453402
-0.347361
0.934415
0.072702
1.494825
-0.241348
-0.675558
0.744077
0.351592
0.500015
0.035716
0.165441
0.155444
-0.010734
-0.147674
1.264211
-0.999775
0.416240
0.417610
-0.178180
0.028474
0.558182
-0.143528
-0.460498
-0.756153
-0.451764
0.993069
0.954597
-1.009471
1.382961
1.038525
-1.024772
-0.630892
0.797728
-0.325814
-0.129162
-0.136642
-0.351726
0.621348
-0.324916
-0.070146
-0.076782
0.776021
-0.229639
0.467857
0.121098
0.248755
0.130662
-0.529878
-0.135827
0.841969
0.548838
-0.259925
0.241429
-0.047632
-0.566844
-0.003718
0.489013
0.031017
-0.307138
0.482181
-0.324775
0.282891
-0.422991
0.520675
0.779242
-0.592588
0.365086
0.695207
0.038542
0.850657
1.285127
-0.604382
-0.788464
0.709185
-0.144593
0.577974
-0.609018
-0.441647
0.807791
1.133104
-0.361749
-0.597183
1.488738
0.329983
-1.253842
-0.080920
1.198550
0.207707
-0.483818
0.071757
-0.118500
-0.056277
-0.030868
0.469065
0.937806
-0.057542
-1.849877
-0.109368
0.972599
-0.125387
0.618781
0.694253
1.049602
-0.061281
-1.644126
-0.049161
0.951663
1.062059
-0.178959
-1.265344
0.560015
0.097121
-0.842068
0.096297
-0.504583
0.724675
0.192283
0.045841
0.435585
0.364455
-0.419289
0.849629
0.098886
1.505148
0.131037
-0.210239
-0.304706
-0.595823
-0.301814
-0.689485
0.913630
1.212584
0.525509
-0.773684
-0.050806
0.122285
-0.388104
1.271002
0.525025
-0.595006
0.084235
0.281660
0.487068
0.454513
-0.035334
0.826480
0.817902
-0.745467
0.471966
0.024523
-1.115929
0.109046
0.329371
0.230856
0.404821
0.962175
0.693127
-0.281961
-0.501370
-0.107967
-0.175479
0.927016
-0.366535
-0.602840
0.207610
0.845066
0.446820
-0.035799
-0.129638
0.782967
0.209791
-0.672125
1.505741
0.026342
-0.318906
-0.227544
0.891692
0.040798
0.062767
0.288521
-0.453272
-0.061248
0.549013
-0.377120
-0.712563
1.567021
-0.762062
-0.619732
0.806382
-0.583685
0.749519
0.282849
-1.038397
0.464069
-0.252899
0.076869
1.621515
0.827965
-1.357129
1.162738
-0.447726
0.829552
-0.345562
0.679512
-0.421856
0.699898
0.281910
0.017135
0.131671
0.196417
-0.118673
-0.465298
0.547336
-0.552164
1.224529
0.115308
-1.004715
0.307685
-0.592383
0.530697
1.749887
0.667018
-0.290424
-0.622376
0.366907
-0.497669
-0.272544
0.083694
0.369869
-0.907049
0.219751
0.408348
-0.162712
0.858945
0.166539
0.101953
0.463012
-0.330860
-0.067675
0.046348
-0.710707
0.280900
-0.041216
-0.031301
1.237332
1.075514
-1.234884
0.099774
0.050155
-0.505417
-0.215314
-0.044831
0.207929
-0.462357
0.457891
0.560639
-0.218669
0.180955
0.482123
0.254375
0.308364
-0.249441
0.011183
0.590599
-0.412205
0.559935
-0.040049
0.639811
-0.087382
0.471256
0.343897
-0.500058
0.450255
0.111642
0.344149
0.604076
-0.778131
0.322331
0.303437
0.330568
0.380097
-0.777467
0.679872
0.911719
0.028675
-0.194578
0.724906
1.056252
-0.938238
0.887795
0.509362
-0.556386
0.430431
1.010653
-0.167062
-0.094511
0.007275
0.731750
-0.148199
0.535742
0.173918
0.024398
-0.488743
1.059404
0.420888
-0.307222
-0.083294
0.473481
0.269097
-0.278258
0.990743
1.216908
-1.347518
1.138361
0.563050
-0.479692
-0.069714
0.533328
-0.108497
-0.140221
-0.117307
0.793272
0.290532
-0.046433
0.080603
0.522322
0.529551
-0.597156
0.162857
0.492612
-0.359743
0.435916
0.289596
0.447785
0.607472
0.183105
-0.839518
0.617243
0.494753
-0.372376
0.055020
0.547363
0.056677
0.089822
-0.004074
0.386090
-0.021333
-0.175533
0.433720
0.912346
0.495297
-1.051124
0.888485
-0.089140
1.289221
-0.644262
0.558888
0.369007
1.017234
-0.216370
-0.135074
0.880332
-0.383613
0.981424
-0.050464
0.267895
-0.076391
0.784376
0.459578
0.079871
-0.042803
0.137019
0.989250
0.263201
-0.516124
0.066429
0.402428
0.620456
-0.908203
0.535349
-0.274596
0.817989
-0.794982
-0.162203
-0.567690
0.894834
0.647020
-0.308873
-0.090574
-0.866565
0.304164
0.638276
0.351625
0.743811
-0.055864
-0.926269
0.088782
-0.370939
-0.295461
-0.088846
0.619744
-0.184842
-0.399265
0.566277
0.434495
-1.309420
-0.176940
-0.070387
-0.347410
0.369553
-0.417389
-0.306622
-0.007371
1.787854
0.686972
0.192759
-0.376417
0.388278
-0.264737
2.042325
-0.213983
-0.412432
0.440956
1.570280
0.600070
0.096084
0.019467
0.136715
-0.023094
0.910109
2.128465
-0.291071
-0.486055
1.482093
-0.703353
-0.772885
2.358706
-0.166796
-0.196418
0.051919
-0.409068
2.211472
0.031283
1.565174
-0.786324
1.027461
0.744168
0.094723
0.920655
1.957804
1.529231
0.212604
-0.113690
0.663101
-0.163573
-0.169494
0.055709
-0.383220
0.888311
1.832688
-0.724859
-0.649401
0.751333
-0.400013
1.629503
2.232949
-0.538285
-0.483362
0.217839
0.923642
0.426873
2.473265
1.517225
0.572907
0.685809
-0.981616
2.063736
1.152857
-0.692215
2.060103
-0.130607
-0.130767
0.392549
0.677614
-0.381387
-0.258999
0.994498
-0.114270
1.721393
0.909800
0.340278
1.989309
2.212514
-1.107316
1.925153
3.625743
0.783295
0.273740
-1.022911
-1.028973
3.640143
2.384474
1.278788
1.337823
-1.209657
2.159213
-0.572026
0.656305
-0.297077
-0.224276
2.827168
-0.272925
0.082103
2.972781
1.945355
1.257481
0.769055
0.433766
0.376489
1.269854
-0.128543
0.388070
-0.531074
0.823824
1.632596
1.270314
2.205797
-0.232586
-1.353345
0.621140
0.529113
0.123915
1.116168
1.145786
0.196284
-0.416201
0.928516
3.236924
2.641331
0.546728
-1.443591
-0.928699
1.343460
-0.079856
-0.466342
0.680411
0.029156
0.781994
0.443482
1.901951
-0.716811
0.791863
-0.032736
0.675870
0.681424
0.708836
0.621983
2.707176
2.255070
-0.619625
-0.973557
0.983134
1.667115
0.951520
1.066758
-0.502203
0.814828
-0.278994
-0.522189
-0.216691
0.809798
1.258112
-0.620135
1.278128
4.962722
1.549616
-1.823068
3.228046
0.678896
2.130668
0.151954
1.829374
-0.450290
-0.727389
2.523287
3.586591
-0.057436
0.077362
-0.293395
-0.288840
-0.011246
-0.729680
-0.364001
1.708982
2.939537
-0.675001
-0.285572
1.201739
1.307763
1.249485
-0.982814
1.688387
1.525250
-0.277873
-0.240775
-0.533633
2.525086
-0.010868
0.615857
2.829878
-0.176958
-0.814652
-0.560015
-0.047279
-0.076257
-0.661822
0.226258
2.214294
0.866406
-0.473430
1.899039
-0.973160
-0.573683
3.227422
-0.901582
1.085110
1.800061
-0.512697
-0.616069
1.497456
1.896220
-0.008132
1.697509
-0.546661
-0.060117
0.099321
-0.097831
1.140637
-0.234032
-0.331161
0.644205
-0.202346
1.183115
-0.413485
-0.066824
0.758304
0.087863
0.043549
-0.371381
0.658197
2.198334
-0.801225
0.300951
2.417508
1.267477
0.068813
-0.879120
-0.392790
2.171540
-0.633844
0.794895
1.512174
-0.939806
1.775324
-0.266422
1.125158
0.620234
0.204285
-0.480223
-0.304907
0.756295
1.210694
-0.203911
2.080408
-0.324666
1.641036
1.171518
-0.773826
-0.268334
2.209976
-0.595585
-0.851664
0.612774
0.348468
2.425809
0.259956
0.057686
1.015901
0.516526
0.007008
-0.040062
-0.023625
1.166693
0.085612
1.462672
1.471218
-0.634956
0.517044
1.556651
0.472294
-0.932443
0.011948
1.228816
0.364874
-0.213730
0.353129
0.593532
2.179006
-0.053616
-0.476932
2.606914
1.346715
-0.045577
-0.344470
0.763352
1.962909
1.619121
-0.509396
-0.705919
1.859113
-0.789932
0.749487
0.922618
1.152231
-0.238343
-0.207740
2.729417
0.834478
-1.302371
2.492175
-0.527075
0.240687
1.011164
0.642596
-0.222552
-0.705981
1.433016
0.332369
0.436403
0.934831
0.253250
-0.883927
-0.245714
-0.050017
-0.259853
1.890241
-1.055593
0.280581
0.307810
0.326647
-0.463279
-0.373797
0.972447
2.191823
-0.827487
-0.396732
0.731983
-0.340225
-0.345591
-0.245409
0.318503
-0.124499
3.261437
0.589140
0.474314
-0.269430
-0.250668
0.802518
-0.197658
1.799622
0.360405
0.267031
-0.827854
-0.516470
-0.204654
0.400392
1.575241
1.827196
-0.925119
-0.623361
0.830667
1.080387
-0.395443
0.880113
0.577162
2.298632
3.452323
-0.189827
0.359804
0.225120
-0.658315
-0.545034
-0.126449
1.445038
-1.316314
-0.603430
-0.049998
-0.076939
0.937945
0.398886
2.203399
0.804554
0.269375
-0.425655
-0.288187
1.818967
1.082361
-0.021440
0.373772
-0.582519
1.659540
-0.866377
0.703253
1.321798
1.213264
-0.756815
-0.137926
0.819001
-0.634657
0.702773
-0.120220
0.763590
3.396524
-0.502174
1.047079
1.863320
-1.111553
-0.998569
0.216683
0.606962
-0.102867
0.398211
2.062899
-0.458138
-0.403103
1.599532
4.247638
0.093206
-1.117636
0.736845
-0.472343
1.791371
1.595994
1.086917
-0.811704
0.348096
1.265949
2.110860
-0.067869
-1.069534
-0.281827
1.259791
0.507798
0.012550
0.140392
3.835204
0.211225
-1.454419
-0.238668
1.093828
1.195816
0.371083
-0.708072
0.652568
-0.297069
1.879915
-0.144095
0.584937
-0.742961
0.049553
-0.228124
1.119148
-0.395607
-0.030139
-0.272846
0.593619
2.495461
-0.269873
-0.708581
1.632460
0.680879
-0.596597
1.111009
0.495934
-0.147843
1.495038
-0.737885
0.277653
-0.351593
0.995390
0.201927
-0.184725
-0.416925
-0.256806
0.572552
0.266519
0.986228
0.284667
-0.522631
0.172167
1.045892
1.909655
1.924579
1.173116
-0.548676
-0.540148
0.949851
-0.143847
-0.204534
1.660769
-0.265135
0.154559
-0.185127
1.456716
2.357356
-0.285299
-0.793131
0.109581
0.199412
1.062537
0.300710
0.958739
3.012778
-0.175550
2.357561
0.217387
0.081801
0.595205
0.554687
0.544100
1.726399
-0.688667
2.067101
0.620743
-0.018621
-0.954038
-0.255495
0.870070
0.239677
0.516782
0.036688
-0.624827
3.126648
2.790112
0.195194
2.347969
0.012893
0.884263
0.783911
-0.239122
0.521210
-0.306162
-0.011111
1.702027
0.176954
0.301018
1.535133
0.045145
-0.392415
0.277112
-0.171765
0.656552
-0.010074
2.222368
0.124272
0.671060
1.957266
-0.052443
2.086063
1.714758
-0.256274
-0.803540
0.933732
0.990572
-0.539085
-0.216857
0.161508
1.821453
3.205018
0.530828
-0.669667
1.907662
-0.331848
-0.492283
-0.012235
0.762311
3.963080
0.969576
-0.860191
-0.366245
0.585541
1.823182
1.497182
-0.746534
-0.024709
-0.174302
0.417433
-0.447096
0.724639
1.372978
-0.161452
1.799177
1.303095
-0.139598
-0.090064
2.445742
0.724101
-0.253201
-0.211894
1.117629
2.893620
1.344434
0.490276
-0.208105
-0.308491
-0.002363
2.361626
-0.569996
-0.278976
1.134430
0.096853
-0.881295
1.181460
1.665904
0.594412
-0.899455
2.597134
-0.213454
-0.221801
0.006991
2.808231
2.697150
-1.383685
2.324084
0.717888
-0.181698
2.128310
1.732459
-0.570054
-0.180762
1.414127
-0.041653
-0.292134
-0.249955
-0.127816
2.294633
-0.046393
0.445489
-0.510141
0.289414
0.917831
-0.459737
-0.249482
3.567674
1.232033
1.113075
-1.209741
-0.259355
2.665120
3.434102
-0.141065
-0.624749
-0.020728
-0.107654
-1.067699
-0.291990
-0.245729
2.760521
2.318645
-0.495199
-0.402039
0.444325
-0.923570
1.663460
-0.131850
-0.859854
0.088914
1.984755
2.498669
-0.422395
-1.519878
0.031492
0.236963
0.217416
0.158097
0.229861
0.233223
0.163785
0.273883
0.272515
0.073339
0.175450
0.108113
0.183814
0.141064
0.135939
0.029395
0.180661
0.054230
0.047660
0.083489
0.273975
0.213127
0.248179
0.299247
0.031731
0.354212
0.321756
0.044695
0.282555
0.419577
0.313209
0.374587
0.332496
0.225134
0.301473
0.365302
0.315805
0.366475
0.313617
0.234121
0.385268
0.287084
0.328620
0.395094
0.276770
0.383449
0.349065
0.461911
0.303279
0.521273
0.309377
0.201837
0.581645
0.471414
0.392442
0.556280
0.298582
0.276624
0.425026
0.305010
0.441838
0.630292
0.348437
0.415001
0.443990
0.429674
0.661365
0.520797
0.236880
0.434685
0.303182
0.504679
0.139959
0.226814
0.258435
0.345115
0.676556
0.407998
0.252002
0.395076
0.297242
0.245879
0.480477
0.317843
0.352174
0.410070
0.211554
0.381837
0.448241
0.207398
0.419503
0.159288
0.164465
0.649353
0.374476
0.420352
0.150285
0.170771
0.408582
0.482914
0.625277
0.359784
0.373543
0.501900
0.244701
0.213201
0.409521
0.437228
0.413512
0.226930
0.324418
0.485953
0.290462
0.245845
0.412129
0.220543
0.291205
0.634585
0.310925
0.498553
0.171412
0.198694
0.322893
0.458509
0.486307
0.114338
0.327951
0.566559
0.468808
0.334748
0.515254
0.358010
0.329025
0.338950
0.186254
0.503594
0.368745
0.373663
0.539213
0.481237
0.577041
0.425415
0.105309
0.574955
0.003087
0.025352
0.531268
0.413143
0.482248
0.217139
0.498284
0.437679
0.174675
0.184466
0.383341
0.341803
0.407398
0.564681
0.439982
0.529521
0.460214
0.413337
0.447060
0.463412
0.357552
0.379203
0.154058
0.473897
-0.037863
0.126436
0.726661
0.556417
0.527132
0.293948
0.489984
0.502945
0.116650
0.034589
0.278577
0.476549
0.537431
0.450082
0.577747
0.675893
0.381889
0.304666
0.521608
0.354668
0.146180
0.373501
0.450578
0.518097
-0.020774
0.315773
0.630353
0.537316
0.365138
0.041905
0.345073
0.458486
0.344068
0.446649
0.693407
0.770923
0.477314
0.463442
0.544540
0.457707
0.328508
0.414507
0.516035
0.374086
0.381309
0.577686
0.253865
0.609001
0.076119
0.508947
0.629573
0.532578
0.144620
0.193290
0.354438
0.342664
0.356552
0.396214
0.668258
0.653081
0.381104
0.389920
0.420342
0.349230
0.250317
0.221105
0.249000
0.287204
0.506816
0.528136
0.217968
0.651831
0.179190
0.487312
0.609381
0.340112
0.119010
0.270107
0.419549
0.473271
0.593886
0.444699
0.428606
0.405576
0.233003
0.361302
0.380708
0.205668
0.313257
0.261818
0.525769
0.393702
0.526718
0.333099
0.268748
0.766775
0.232698
0.264576
0.552754
0.200873
0.339354
0.470164
0.446383
0.586103
0.475265
0.385202
0.297037
0.230819
0.381225
0.346029
0.416004
0.340505
0.267845
0.392945
0.527721
0.520613
0.403618
0.437356
0.377148
0.591619
-0.009706
0.229346
0.393440
0.393545
0.426491
0.546789
0.534988
0.513820
0.261879
0.356963
0.462061
0.234311
0.424002
0.481518
0.513915
0.422296
0.430635
0.436439
0.385966
0.304735
0.287278
0.343723
0.419406
0.430757
-0.003156
0.423308
0.422652
0.346641
0.340605
0.471648
0.475857
0.362797
0.192314
0.157432
0.666107
0.453773
0.486625
0.443068
0.491699
0.465913
0.425471
0.368564
0.314510
0.422778
0.274276
0.421035
0.382147
0.560497
0.203597
0.547073
0.469791
0.373978
0.537245
0.424411
0.393148
0.312514
0.204624
0.370170
0.596569
0.266721
0.346864
0.540269
0.450330
0.419305
0.238529
0.136248
0.170540
0.354848
0.355181
0.409587
0.480267
0.693315
0.171168
0.499794
0.356946
0.457246
0.560338
0.238214
0.343973
0.378320
0.252182
0.531735
0.582761
0.452117
0.263846
0.376238
0.390699
0.207199
0.257006
0.236896
0.448981
0.523381
0.377726
0.399825
0.578041
0.653318
0.143483
0.276848
0.519301
0.501271
0.455804
0.207134
0.435704
0.448038
0.171074
0.437814
0.502941
0.434700
0.320269
0.328326
0.437863
0.320131
0.400203
0.577401
0.494353
0.473918
0.284110
0.548142
0.686252
0.595478
0.142118
0.278750
0.530934
0.363760
0.372082
0.233535
0.368762
0.425283
0.342216
0.493973
0.352346
0.356401
0.339361
0.334614
0.403130
0.250021
0.426774
0.461179
0.401786
0.295375
0.471510
0.561406
0.517308
0.415602
0.024501
0.274463
0.503862
0.272871
0.267786
0.228951
0.481730
0.358965
0.438555
0.411508
0.382766
0.398897
0.405343
0.363761
0.235617
0.285547
0.581813
0.532466
0.280981
0.420049
0.511066
0.279438
0.195174
0.419014
0.149481
0.431096
0.684998
0.560775
0.383959
0.424509
0.539830
0.418724
0.431372
0.424250
0.573717
0.535723
0.311910
0.336207
0.328415
0.463231
0.533129
0.376927
0.365900
0.423605
0.303768
0.307838
0.420405
0.636866
0.194593
0.418286
0.442995
0.461775
0.486050
0.473281
0.400326
0.445953
0.346245
0.339891
0.437390
0.439406
0.241120
0.250648
0.400994
0.483011
0.473015
0.283677
0.357676
0.411951
0.110197
0.488449
0.532171
0.655860
0.278188
0.338873
0.349731
0.398323
0.364745
0.212471
0.177763
0.381489
0.291051
-0.011317
0.310804
0.365377
0.180976
0.342335
0.418975
0.546459
0.588430
0.328710
0.166090
0.174023
0.154647
0.611970
0.334602
0.544588
0.241781
0.303312
0.423757
0.381201
0.394243
0.232287
0.272171
0.439004
0.207908
0.092620
0.570518
0.350120
0.338340
0.545346
0.457970
0.487343
0.407032
0.035127
0.163029
0.387154
0.543778
0.598659
0.545117
0.589501
0.189249
0.230796
0.107822
0.344924
0.356896
0.268760
0.397814
0.506037
0.178990
0.265896
0.763623
0.495829
0.459078
0.487262
0.306360
0.244710
0.337382
0.275622
0.592992
0.736527
0.631220
0.294790
0.451600
0.557638
0.158336
0.187231
0.236445
0.459082
0.406542
0.379907
0.565547
0.469991
0.334017
0.497375
0.579914
0.492715
0.450316
0.417157
0.351693
0.327248
0.509773
0.375716
0.372518
0.394555
0.270105
0.244871
0.324860
0.493106
0.128276
0.216557
0.467028
0.464024
0.397991
0.447740
0.580895
0.323000
0.267917
0.497002
0.518469
0.413272
0.388173
0.444406
0.511181
0.563431
0.557214
0.442879
0.283725
0.188130
0.223366
0.150531
0.375057
0.617253
0.153223
0.443747
0.405297
0.333007
0.266156
0.370157
0.412561
0.324019
0.473006
0.524100
0.452861
0.149990
0.310207
0.436018
0.364446
0.238826
0.195686
0.272578
0.442988
0.452470
0.513654
0.302847
0.514528
0.798385
0.402694
0.606882
0.546827
0.590912
0.566892
0.670335
0.659664
0.555588
0.663925
0.596752
0.542745
0.420342
0.596013
0.692938
0.539615
0.468277
0.482680
0.630387
0.564809
0.619840
0.658317
0.664014
0.782519
0.845896
2.335262
3.680593
3.968538
2.718782
4.377730
4.077331
4.147435
5.693668
2.872082
3.362958
4.200379
3.743255
4.412448
3.809575
4.523773
4.149848
4.042497
4.211488
4.596829
4.285712
3.348312
4.065297
4.723897
1.490441
2.698186
4.441016
5.551893
7.273283
4.627575
4.958555
4.843532
4.016303
7.515481
6.370189
5.790621
3.948586
4.001055
3.746041
5.652415
4.623170
5.195940
4.255952
5.700415
5.082562
6.009376
5.589273
4.267300
4.488323
1.429166
4.349478
6.555988
4.828285
5.040671
5.639307
6.761250
6.330367
5.333657
5.276951
4.920893
7.151266
7.173817
5.565875
5.438327
6.604137
6.013131
6.294230
3.475214
6.534639
6.306397
6.231732
8.158959
4.657327
3.062784
6.322250
7.238107
5.924821
6.213732
5.263428
5.282963
5.472798
6.179862
7.058599
7.302008
6.123285
5.609833
8.078619
7.985941
6.752623
6.039562
6.338014
7.534994
6.134476
6.650960
6.351645
5.445194
4.892502
1.820459
2.859286
5.705104
4.523300
6.070922
3.863781
4.436077
4.924373
7.025153
5.536881
7.441318
6.367988
6.754857
6.720139
6.637317
5.414500
8.721406
6.325930
6.284348
7.447502
4.961607
7.836519
8.045024
5.435527
1.029137
4.668796
6.899075
7.654003
5.386938
6.819037
5.578120
5.946796
4.550342
5.259988
6.099588
6.463478
8.167302
7.633641
7.588391
8.435220
6.179755
5.016953
7.778558
5.247161
6.685667
6.474558
7.283086
5.193861
3.045424
5.315656
5.500024
4.630444
6.256244
4.892868
5.836759
5.431824
5.655033
6.976317
5.593596
6.775309
5.052949
6.495169
5.222578
5.933397
5.690798
7.437601
5.661511
5.857684
6.282722
8.449752
6.411234
6.746593
2.509818
3.864838
6.512791
7.373293
4.753208
7.572125
5.615935
6.680284
5.161350
6.339704
8.193268
4.895780
5.913317
6.276854
6.381102
6.061562
4.507101
5.754180
5.308527
6.183150
6.805484
5.109632
7.462805
6.334451
1.990843
4.968425
7.980462
3.624555
6.683945
4.888771
7.038616
5.850871
8.115890
5.910837
3.149098
5.468320
4.619426
5.684471
4.474312
3.718269
6.947688
4.249959
5.446308
5.982965
4.960297
5.695413
9.074039
3.896475
2.754092
5.096213
6.283823
6.299974
6.500474
4.939441
6.342787
7.414205
5.301177
7.003315
9.528615
6.926829
5.944856
6.024812
6.373904
7.382937
4.474627
7.768915
7.047710
6.953962
4.634594
7.321057
4.721640
5.373596
1.969094
4.078973
4.738214
6.155721
5.949718
6.808566
7.655842
4.341382
6.271992
6.149211
3.943542
5.263346
5.613474
6.353820
5.058643
5.339303
7.681094
5.031744
4.893004
4.128785
6.936061
4.909511
6.853271
3.938584
1.690165
4.052298
6.633432
5.789103
5.821006
5.390168
5.837631
7.113279
7.224566
4.933293
6.311779
7.251397
5.646448
5.798469
7.362492
6.802405
5.515287
7.051840
8.286082
6.392528
5.332296
6.393430
4.488836
5.513545
2.674871
4.810802
6.663864
4.258257
4.789253
7.167361
5.019519
5.968939
4.108515
8.344535
5.949336
3.971093
7.191673
6.219740
4.552467
5.725909
6.382971
7.475704
5.401516
6.438473
7.972514
6.206091
5.253790
5.162896
2.390415
5.155825
4.595082
6.906924
5.865967
5.668824
5.413332
7.079420
7.098795
7.059120
6.626198
6.563594
5.823786
5.489777
6.322657
5.180038
5.936152
6.987610
8.840458
7.483400
4.319197
6.477154
5.005135
2.271067
2.980659
3.698675
7.030310
4.965230
4.668587
5.141883
6.791145
5.013465
7.740857
5.904827
7.418125
5.493263
6.396925
5.539352
5.008891
6.092057
5.591108
8.254227
7.172721
9.670784
9.012132
5.893003
5.655100
3.898642
1.539925
5.274885
5.119089
5.078333
6.604118
5.900982
5.927565
5.662710
6.516477
5.525997
7.378569
5.463394
5.034844
6.882820
5.994827
6.488296
6.202575
4.954281
8.151009
6.138580
7.235309
7.275212
7.593715
3.475516
2.279773
5.469563
4.160214
5.186581
4.450822
4.744589
6.088105
6.554356
5.644192
6.770808
5.533507
5.755196
5.899215
7.278906
6.290604
5.644365
5.690767
7.571522
3.840774
8.542058
7.725838
7.283486
4.155954
4.449614
3.168805
2.511874
7.170557
5.399692
5.653688
7.112814
5.057367
6.111240
4.277087
6.405987
6.951830
6.089612
5.661573
4.249177
5.822048
7.545493
6.771976
4.980324
6.641650
5.656155
4.180895
5.249855
7.361041
4.371325
1.760400
5.641596
6.938863
3.854236
7.202334
4.920538
6.513663
6.071287
5.366123
5.759913
4.114748
4.988513
5.990426
5.460443
8.391524
5.815016
7.306675
6.667060
6.253493
4.221641
6.613070
7.695947
5.541973
3.708554
1.950307
3.685627
4.192178
5.412208
4.177675
5.845960
6.136433
5.313359
6.003667
4.921876
4.168881
5.271519
4.636210
4.775723
5.469296
5.665155
6.257076
6.376713
5.665238
5.732334
7.228732
4.457773
4.087259
3.807862
1.559132
3.697175
7.264877
5.202175
5.325167
5.132866
6.090717
5.076896
5.077844
5.810867
6.521753
4.413699
4.637521
5.738468
6.219105
7.336967
6.822474
5.478484
6.185472
6.790561
5.038444
6.651715
7.060938
3.777202
1.077392
4.604568
4.395558
5.404449
4.391517
6.006871
5.444422
6.885030
5.659695
7.050043
7.387165
5.843101
6.589115
5.381227
5.812164
5.430098
4.797114
6.582652
5.767178
7.910177
7.094595
5.948123
5.420691
4.700165
2.540545
3.333185
5.642062
6.385124
5.016084
5.465185
5.814808
5.343458
8.122112
6.506904
6.271665
7.730997
5.833945
5.726608
5.756190
4.981491
7.432100
5.839162
9.143671
7.980361
4.964478
8.791669
6.452441
3.726511
1.254444
4.584713
6.909185
6.257739
6.113333
4.682467
6.016501
6.794239
6.176758
6.381092
9.018353
4.974599
5.596900
6.709467
5.169123
8.510526
5.694329
5.987780
5.446364
5.678012
7.763281
6.293337
6.326954
5.077954
2.663506
5.970110
5.501756
6.712181
6.458724
6.924516
4.695634
5.784704
5.126679
6.018775
5.483993
7.103737
6.302226
5.330918
5.629394
5.523099
6.959582
5.806424
6.566949
7.644799
7.594572
6.966443
7.638439
5.947186
2.582724
3.809314
6.315285
7.216349
6.108599
6.605837
6.371193
4.365291
5.806605
7.136268
6.155534
4.972022
4.897376
5.785300
5.229296
4.164719
4.811655
6.041545
5.189137
6.038635
6.500952
7.961975
7.262471
6.449426
1.907545
4.070574
6.353179
5.423186
7.782200
5.943014
5.752373
7.205569
5.375389
5.134505
5.986109
6.791910
7.477497
4.652908
4.799885
5.532959
6.205478
5.748026
5.857788
6.018979
4.903901
7.075519
7.245409
4.158860
-0.045852
0.915382
1.820308
1.832012
1.848257
1.697162
3.591332
0.084364
2.819458
0.993726
3.157484
1.478228
0.523685
2.875629
1.784528
0.796657
1.711962
1.014098
1.799000
0.975065
3.326782
1.169225
2.158820
2.342274
0.244391
0.767307
0.495010
1.363850
0.658302
1.440890
0.592019
0.314301
0.366859
0.149681
-0.070977
0.104489
0.148261
0.132855
0.238614
0.923999
0.530419
1.128484
0.352291
0.815839
0.830307
0.982435
1.407348
0.758683
0.394132
1.398632
1.292184
1.090402
1.995585
0.367666
-0.031976
0.341480
0.244988
0.444949
0.239463
-0.274171
-0.235112
-0.005673
0.190567
-0.056369
0.985927
-0.047186
0.668995
0.540223
0.093323
1.350001
0.674946
1.794420
1.287131
1.644359
1.965115
0.216716
0.427419
0.540374
0.659330
0.880024
1.394836
0.476165
0.426256
-0.100983
0.003465
0.464515
0.085875
1.347357
1.065588
1.577438
0.336689
0.551523
1.361647
-0.127598
2.226003
0.239934
0.687791
1.162675
0.756715
0.143105
0.223720
0.550666
0.485994
0.668130
-0.098682
0.290343
-0.294042
0.157744
0.687599
0.542593
1.969976
1.227994
2.271010
-0.004610
0.493743
1.512202
0.737575
1.133383
0.567563
1.307402
0.142029
0.615090
0.460433
-0.150920
0.708964
-0.021649
0.021238
0.164955
-0.104609
-0.023940
0.605766
0.392927
0.656438
1.182232
0.768277
1.802135
1.564230
0.298011
0.956409
-0.043243
1.695922
1.288254
0.790486
0.725332
0.073893
0.367114
0.231442
1.315555
0.687085
1.448874
0.478732
-0.041699
0.438392
0.750176
0.565338
0.803544
-0.069960
0.202732
0.613463
0.735175
0.121027
0.463306
-0.288255
0.879505
0.576711
0.353719
1.378353
0.438444
0.037572
1.649203
0.781625
0.981566
1.708344
0.727127
0.575158
0.738968
0.141617
0.161968
0.866462
-0.076365
0.881137
0.854476
0.711908
-0.163157
0.027362
-0.441906
0.173223
0.129874
-0.113048
2.058527
0.788086
0.129662
1.219342
0.550994
1.321335
0.712510
1.146294
1.293309
0.419930
1.222064
1.228012
0.153468
-0.005572
0.008027
-0.169627
0.486632
0.106893
-0.382967
-0.239352
-0.197671
0.626483
0.360615
1.059698
0.079423
0.460825
0.683764
-0.127841
1.070843
1.391379
1.179777
1.672109
0.018622
0.752230
0.933369
0.807122
1.010925
0.092688
-0.004327
-0.014787
0.695124
-0.048911
-0.103122
-0.211764
0.662367
0.059160
0.912519
-0.031768
1.105750
1.280899
0.406719
0.504271
0.371029
1.562441
1.892318
1.482186
0.447257
-0.257321
0.195698
1.142051
0.591335
2.201468
2.204635
2.607586
1.357380
1.345777
1.195107
0.579230
0.406173
2.339664
0.258793
1.283652
0.686271
0.664214
1.226085
0.074455
1.288723
1.288277
3.324488
1.858321
1.068280
0.271353
-0.197538
0.016209
2.376040
2.625553
3.421674
2.283432
2.138198
1.923350
0.714250
2.096754
1.106725
0.962382
1.008354
-0.386809
0.162415
0.561778
-0.162023
-0.316508
-0.098038
1.755262
1.604054
2.568712
0.497916
0.873225
0.023956
-0.103863
0.125939
0.886735
1.091063
0.445313
-0.136266
-0.173739
1.612945
-0.620938
0.510036
0.374313
0.309584
0.636418
0.251611
0.241758
0.448065
-0.339834
-0.185856
-0.143815
1.630173
0.268328
0.865149
0.418673
0.649854
0.177285
0.523486
1.271780
0.118104
0.081669
0.400974
0.771863
0.259451
0.020481
0.079302
0.548035
1.131623
1.510351
1.939559
0.291257
0.192389
-0.119060
-0.050559
-0.005984
0.546203
-0.145962
0.420743
1.109697
0.204002
0.043152
0.510402
-0.175631
0.615064
0.259129
0.668861
0.701024
0.549888
-0.110866
-0.051465
0.107601
1.190314
1.056238
0.155098
0.722528
-0.367799
0.079080
0.264308
-0.102134
0.333904
0.439137
-0.048889
0.936230
-0.112908
-0.162413
-0.082565
0.173122
0.275849
0.212737
0.299776
0.976148
-0.157989
0.177929
0.619209
0.484409
-0.285974
1.260756
0.301342
-0.158213
-0.243840
0.150687
0.052491
-0.030589
-0.048486
0.142610
0.665299
0.240981
-0.040598
0.025705
0.248669
-0.036902
0.152519
0.216799
-0.058212
0.117024
0.434454
0.258894
0.796151
0.354219
1.025781
0.607083
0.439845
0.956197
0.656730
0.141110
-0.010326
-0.363390
0.451126
0.484650
0.713354
0.341769
1.385065
0.606000
1.121681
0.514408
0.155983
-0.023848
0.063948
0.542214
-0.149764
-0.020053
0.500338
0.693832
-0.013337
0.572631
1.252043
0.927072
1.678090
0.692210
0.416252
-0.037660
-0.074054
0.165411
0.047106
0.832149
0.047613
1.514395
0.406254
1.036801
0.866522
1.122996
0.519563
0.401726
0.313118
0.584596
0.497316
0.472598
1.222107
-0.125012
0.030177
1.459461
0.683775
0.902663
0.779710
0.891798
0.292765
0.000835
-0.181381
-0.148072
0.457025
0.402394
0.591130
1.635385
0.549172
0.922992
0.985030
0.391723
0.212870
0.159110
0.705953
1.458079
0.138865
1.566081
0.565164
0.666412
0.972068
0.264611
0.946261
0.049349
0.582888
-0.063172
-0.154578
-0.058519
-0.234534
-0.191730
0.317386
-0.508531
0.749167
0.809752
0.215290
0.981047
1.057195
0.318007
1.060959
0.477695
1.414213
0.623251
1.869945
0.536656
0.404954
0.679891
0.411816
1.144007
0.100609
-0.034043
-0.126397
-0.376620
0.052693
-0.014261
0.523161
-0.069010
0.429581
-0.049098
1.397675
0.018794
0.188529
0.768881
-0.121729
0.342452
-0.359086
0.468027
0.231640
0.029990
0.043438
0.934106
0.648046
0.563947
-0.000479
0.463265
0.470842
-0.079283
0.707885
0.454784
0.237435
0.583331
0.318280
1.323475
0.407753
0.800928
0.499075
0.337118
1.077412
0.144222
-0.234535
-0.150159
0.021363
0.108310
0.039133
0.862123
0.699512
-0.460316
0.770264
0.684556
0.735344
0.993272
0.138127
1.829728
0.798313
0.838656
1.372989
1.767069
1.589412
0.580391
0.069973
1.529091
0.247594
0.675859
0.472510
0.933033
0.355850
0.526941
0.199419
0.471382
0.524292
0.281997
0.769351
0.960578
0.908914
0.021713
0.878426
0.539590
1.203474
0.495161
0.539750
2.188406
0.976380
-0.140396
1.004694
0.017112
0.667943
0.735863
1.722399
0.887704
1.927950
1.000655
0.865605
0.921544
0.502393
1.145870
0.963783
1.774572
0.519202
-0.259290
0.588399
0.548306
0.371453
0.717537
0.502241
1.714588
1.392540
0.707240
0.832967
1.286569
0.771017
0.446503
0.940400
2.186336
0.310447
2.550351
0.850227
0.176532
0.676294
0.830609
1.737846
0.239543
1.306974
0.978349
0.180165
-0.029463
0.609916
-0.073770
1.037810
1.322706
0.427836
0.321800
0.730069
0.544658
-0.032688
0.430802
0.657720
-0.213546
1.238513
0.544919
0.801855
0.824477
0.352347
0.879763
0.472631
1.914830
0.646507
0.361554
0.994918
0.119142
0.269011
0.835240
-0.113974
1.240175
0.305371
-0.204368
-0.225488
0.321707
-0.042534
0.411911
0.607921
0.379188
-0.257041
0.600266
0.008740
0.016254
0.254878
1.152403
0.292578
0.876094
0.033878
0.909060
0.013296
0.112685
0.656665
0.053364
0.755021
-0.213497
0.456355
-0.331482
-0.000961
-0.316438
0.597610
-0.106536
0.406063
-0.335316
0.182613
-0.301877
-0.131815
0.448594
3.737897
3.052237
4.385742
2.944895
0.840171
2.762905
3.155433
1.234669
1.181103
1.040349
4.210659
3.760730
3.485531
3.075058
2.706333
2.923897
2.472797
2.092902
1.549172
1.942595
1.581197
1.309072
3.004724
1.326399
0.998514
0.401959
-0.137892
-0.251010
2.339208
2.456458
0.974907
1.473653
-0.270302
2.459602
2.040357
0.224072
0.900970
-0.083878
0.916263
1.458674
0.225893
-0.094994
-0.095064
0.388527
0.845863
1.351265
-0.188629
-0.137256
-0.134867
2.596315
0.273429
3.202437
2.268335
2.004469
2.860040
4.061316
4.037117
1.142302
0.741542
1.379017
1.099403
1.705142
-0.407697
-0.752751
-0.081604
1.826028
3.025771
1.848966
0.219201
-0.150118
-0.055184
-0.084944
3.310338
-0.223504
0.243857
0.178259
2.970144
1.763590
1.650641
2.128202
1.681785
-0.188023
1.291807
-0.068487
1.499890
0.961946
0.276452
0.555687
-0.273453
0.724952
1.389866
0.564880
0.780894
-0.097889
0.228261
1.542315
1.534353
0.517246
1.653441
3.446795
-0.117080
0.162742
-0.302891
2.197171
1.290339
-0.089179
-0.320762
1.037806
1.168336
2.451750
0.336160
0.509560
2.142865
2.377985
-0.066604
-0.216774
0.566227
1.252506
0.666068
-0.075206
2.147428
2.253379
1.789885
-0.163832
0.303932
0.327274
0.624366
0.405901
2.958230
1.628006
1.637089
1.542040
2.657573
1.253233
0.077903
2.590614
2.646440
-0.201766
-0.051407
2.676447
3.661971
1.144819
-0.422632
-0.379798
2.095292
2.090149
-0.205964
-0.020980
1.724209
1.930134
-0.298168
-0.192567
0.262800
1.453706
1.732020
-0.036029
-0.085364
-0.051498
1.097443
1.158138
-0.090537
1.844002
2.412680
0.517172
3.501109
2.004955
0.243151
1.239155
0.664688
1.684044
-0.062379
-0.157890
0.604436
0.887528
2.925314
2.656944
1.648885
-0.016617
-0.123610
1.512237
-0.247865
1.767384
0.350088
1.946454
3.785004
-0.322990
-0.127718
2.630641
0.526938
1.416364
1.518994
-0.193471
-0.367807
-0.684261
-0.183588
4.009972
1.380301
-0.058577
2.132496
1.701278
1.540510
0.264020
2.026041
1.435072
1.839455
0.615659
2.604926
1.180479
1.344613
3.060494
3.622044
-0.097461
-0.000310
2.268528
1.704849
0.313562
1.799996
0.150816
3.169788
-0.041545
1.346533
0.963894
-0.255504
-0.500934
0.646396
2.538496
4.200603
4.253587
0.432563
1.862017
1.864782
0.137807
2.456593
2.811199
1.372742
1.823222
2.608478
-0.081211
-0.027595
0.766093
2.681887
3.292901
1.327517
2.401688
3.879855
0.486794
0.403992
4.624825
2.392324
0.523957
0.261120
2.067660
1.329506
-0.181214
-0.019568
-0.004397
-0.000124
2.340194
1.075737
0.562116
-0.324416
-0.223186
-0.272399
-0.280141
1.809627
3.239214
2.973202
0.447067
1.372068
2.567322
2.364059
1.167911
2.202558
1.274327
-0.148541
-0.660971
0.419396
1.470893
0.273078
-0.060228
-0.102729
-0.282737
2.410433
-0.137727
0.931189
0.647268
1.981479
0.638558
-0.020394
-0.115933
-0.382953
-0.597742
-0.045286
-0.152470
-0.046150
-0.073922
1.432567
2.021224
-0.039640
1.434780
1.935891
0.507128
1.303196
1.599334
1.422626
1.091350
1.917404
1.899208
1.495698
1.684813
1.346988
-0.296480
-0.069951
-0.309978
0.607985
2.471123
0.241168
1.585422
-0.071691
0.054362
-0.105711
-0.030691
0.783651
1.603373
0.610145
3.724641
0.751677
3.552212
1.950244
2.147626
0.081496
0.721792
-0.049411
3.392835
1.294398
-0.006031
1.922977
0.928197
1.426331
1.057381
3.188143
1.748705
1.080357
2.488665
0.489435
-0.015489
3.270085
3.610571
2.272243
-0.238748
2.297080
1.770182
2.535127
0.178742
0.410306
-0.032301
1.729550
2.503954
2.941456
0.543051
0.017985
0.892650
1.225127
1.720611
2.542859
1.919680
2.264817
-0.131057
-0.045402
1.253028
3.073647
1.933012
-0.071962
3.093861
0.145614
-0.353680
2.168791
1.391124
1.853833
1.572468
1.339620
-0.273489
0.990101
-0.285568
0.377459
3.135046
3.224106
2.472632
2.199146
2.965376
-0.254349
0.412306
1.301610
1.555435
-0.059322
1.945913
2.559011
1.309118
2.297002
0.738297
0.134462
0.285192
-0.077121
-0.208164
-0.363232
-0.247035
-0.343366
0.537173
1.524637
-0.040714
0.207363
-0.220808
0.510552
-0.261058
0.958824
1.013700
0.287456
2.073636
0.712897
-0.085335
1.734550
1.579185
1.576971
0.907416
1.298909
1.900310
1.932983
1.921165
-0.206572
0.059635
3.044884
-0.035433
0.589868
-0.007347
-0.129469
0.817682
-0.023392
1.770087
0.328877
-0.084043
1.326879
1.590262
0.849506
-0.090198
-0.405342
-0.314512
-0.018644
-0.110472
3.854072
2.417122
0.144861
-0.019198
2.481414
2.464837
0.678811
-0.046833
-0.047491
-0.198974
1.359233
0.879207
1.323402
0.498979
2.114155
2.737010
-0.106426
-0.191498
-0.011767
-0.017519
1.643425
0.149009
1.014802
1.925091
1.853447
1.207392
-0.199718
3.829414
1.325060
-0.106946
1.381912
0.281500
0.928134
0.431495
0.598278
1.054562
3.461287
3.054241
2.079948
0.331299
1.858928
-0.353714
0.893870
-0.052984
1.921135
2.686498
2.702840
-0.119077
-0.393848
-0.080444
3.445293
1.927598
2.335219
-0.090586
0.746076
-0.299200
1.293927
1.752880
-0.162069
-0.360830
0.508051
0.715239
-0.523244
0.843427
1.690611
3.051100
0.654486
0.245156
-0.007102
0.079154
1.080101
1.960442
0.221732
1.589440
2.345265
1.387092
1.412893
0.167310
0.568044
1.327826
2.854352
0.863563
0.827562
0.937794
0.763791
-0.126589
0.684367
-0.315937
0.094897
-0.019822
0.808220
2.986452
1.084423
0.641121
2.045131
0.372558
1.064613
0.995750
-0.089638
-0.141983
0.644496
1.071639
-0.153521
1.300074
2.857157
2.091437
0.231573
-0.024533
0.195288
2.806048
2.593276
2.130853
1.005705
0.174568
1.394910
1.034231
0.217943
3.107741
-0.167498
0.515209
1.675799
-0.200577
-0.014690
0.544207
2.472763
1.676378
-0.189008
-0.267701
1.281258
-0.085324
0.298053
0.000303
1.695873
1.288304
0.733333
1.147943
1.972076
2.633546
0.286427
0.296115
2.735038
1.051216
0.484975
-0.074711
0.937997
3.903884
1.507997
-0.289019
-0.319702
-0.099525
-0.370159
0.478095
-0.441906
-0.052447
-0.208156
3.978305
0.213590
-0.173043
0.690390
0.118160
-0.219390
-0.593592
-0.097933
3.478126
2.283825
2.377614
1.534765
-0.204944
2.568221
0.596213
0.906985
2.044812
1.290200
1.480167
-0.048318
-0.429784
2.359432
2.172903
2.244508
-0.120934
-0.105109
-0.081455
1.270666
0.246266
-0.002320
0.353535
2.960077
2.083530
-0.592845
-0.172687
1.397042
1.915614
2.622233
0.339126
2.269299
5.495448
4.451003
1.788343
1.260984
2.047383
1.251338
1.092931
-0.141341
-0.545516
-0.097373
-0.052751
0.984656
1.733690
0.784996
0.428538
-0.278620
-0.378764
0.114405
-0.163941
0.458725
-0.074292
-0.529419
-0.271654
0.590554
-0.061007
-0.290318
0.105215
-0.184334
0.017389
0.006225
0.607946
0.875042
0.201231
0.086098
0.293048
1.125166
0.245468
0.239917
0.592162
1.480953
0.570903
0.777339
0.659348
1.082573
0.055003
0.137814
0.052402
0.498031
0.149562
0.151201
0.084237
0.371716
0.058165
0.067189
0.916994
0.120361
0.232287
0.192452
0.807693
0.595691
0.154145
0.664785
0.093922
0.450286
0.539267
0.067326
0.294869
0.256814
0.866208
0.127511
0.249570
0.276057
0.317274
0.097582
0.743034
0.057007
1.010105
0.072901
1.616525
0.497523
2.280453
0.304625
0.125405
1.445441
1.253042
0.684071
0.764775
0.780531
0.018731
0.108310
0.024342
0.026783
0.128988
0.443653
0.692282
0.087790
0.532920
0.367728
0.631988
0.680854
0.723396
0.352804
0.190400
1.117792
0.285476
0.204022
0.022944
0.288696
1.028414
0.830555
0.968135
0.329913
0.299752
0.397221
0.018080
0.982825
0.389597
1.292425
0.264980
0.151623
0.853274
0.239711
1.227193
0.432530
2.060378
0.413330
0.326760
0.234621
1.114592
0.812874
0.062890
0.071359
0.143783
0.458393
0.024898
0.016153
0.058602
0.110249
0.118617
1.942703
0.705605
1.212952
0.844369
0.251757
2.323846
0.371501
0.284293
0.960119
0.546093
0.650578
0.367950
1.035340
0.396968
0.545445
0.694232
0.069479
0.335959
0.885894
0.690844
1.236351
1.522574
0.879137
1.017976
0.238380
2.406856
0.435503
0.500987
0.078087
1.145983
1.159431
0.031294
0.437153
0.001577
0.720028
0.489687
0.885743
0.188709
0.609115
0.609809
0.041874
0.280956
0.236652
0.900033
0.435597
0.092832
0.138867
0.004677
0.870094
0.226848
0.451192
0.487716
0.509385
0.020399
1.197905
0.405589
0.286870
0.403028
0.783759
0.966965
0.635237
0.312569
0.210247
0.355310
0.572326
0.687939
0.032080
0.138830
0.021077
0.408459
1.149362
1.729787
0.774182
0.655265
0.062118
0.416809
0.635201
0.783666
1.625816
0.175291
1.007840
0.196298
0.240449
0.067122
1.089455
1.456270
0.180657
0.153500
0.039842
0.667690
0.458686
1.116485
0.127451
0.702386
0.247462
0.072542
0.544982
0.021662
0.460838
0.702600
1.320286
0.458352
0.473796
2.360486
0.673592
1.894968
0.193629
0.041200
0.252385
0.191117
0.154920
1.166508
0.018002
0.405377
0.310622
0.085925
1.411736
0.093328
0.176342
0.407482
0.215044
0.792541
1.345126
0.057041
0.053249
0.591590
1.120422
0.565591
1.922179
0.693418
3.200542
0.231530
0.381682
0.248400
0.741491
0.529092
1.042193
0.923157
0.492503
0.070612
0.286657
1.002185
0.176778
0.225559
0.428981
0.211743
0.012480
1.875085
0.101694
0.124345
0.047671
0.527803
0.054100
0.345597
0.010687
2.154504
0.112998
1.844520
1.256961
0.602959
0.316925
1.324108
0.674987
0.033270
1.707524
0.648809
0.471011
0.118307
0.041800
0.005755
0.270517
0.304099
0.890964
0.347405
0.076765
0.252551
0.161631
0.633562
0.153669
0.458210
0.176965
0.674850
0.694626
0.655948
0.057656
0.273667
0.453050
0.077237
0.046679
1.993553
0.257947
0.136733
0.152585
0.002517
0.439290
0.021997
0.059051
1.201901
1.799536
0.024221
1.007802
0.171737
0.022289
1.127759
0.204343
0.501484
0.247631
0.177077
0.100636
0.512735
0.766444
0.399673
0.030286
0.387858
0.073373
1.559361
1.491524
0.024207
0.540974
0.090225
0.010927
0.640936
1.415563
2.207323
0.599807
0.664661
0.040057
0.218648
1.832529
0.887949
0.401264
0.435766
0.006227
0.183652
0.024527
2.363970
0.221071
0.060576
0.341830
0.405756
0.188751
1.229450
0.595757
0.462088
0.079179
0.499965
0.307168
2.111019
1.192913
1.456326
0.398587
0.459365
0.377769
0.619440
0.569355
0.911475
0.163887
0.572393
0.097013
0.426536
1.738416
1.034640
0.559297
0.121874
0.179650
0.071730
2.569117
0.065534
0.015254
0.305097
0.404834
0.464028
1.554720
0.176270
0.257531
0.424016
0.650542
1.322050
0.090441
0.031828
0.030884
0.599442
1.068503
0.111018
0.590936
0.597468
1.668614
0.066521
1.338024
0.001047
0.627056
2.075902
0.372407
0.038403
0.221716
0.734334
0.392220
0.922966
0.855573
0.063420
0.464185
0.221978
1.381418
0.137926
0.108949
2.055999
0.853412
0.396409
0.156565
0.235521
0.122975
1.954510
0.048590
1.657212
0.688711
0.370554
2.480313
0.094564
0.608645
1.408361
0.691098
0.089675
0.018624
0.640130
0.163293
0.326856
0.157357
2.008765
0.025869
0.232951
1.965315
0.029852
0.555917
0.370857
0.610117
0.328798
0.194364
0.032214
0.567125
0.927330
0.060951
0.952693
0.261785
1.315210
0.436411
0.202642
0.556359
0.362008
1.016455
1.061219
0.199986
0.479062
0.999139
0.185892
0.050568
0.165822
2.004521
0.818428
0.246611
0.347911
0.377119
0.373371
1.157414
0.129224
0.480544
0.571641
0.163040
0.000865
0.876682
1.294542
0.037644
0.043795
0.249323
0.631142
0.893100
0.409608
1.058562
1.278673
0.838687
0.375692
0.251037
0.163477
1.933007
0.778080
0.094834
0.298448
0.106617
2.039013
0.016150
0.949052
0.186946
0.501831
0.953909
0.628656
0.642932
1.142815
0.347808
0.429827
1.290596
0.209652
0.354617
0.143742
0.611924
2.669615
0.424317
1.117170
0.293680
0.177785
0.554490
0.371640
0.074761
0.400737
1.057601
0.307838
0.843201
0.580485
0.651604
1.272832
0.021990
0.345297
0.729019
0.294094
0.025577
1.232312
0.298894
0.109872
0.247376
0.173675
1.046639
0.349046
0.631630
0.809749
0.686979
1.273535
0.488331
0.736934
0.174796
0.416420
0.049607
0.585911
0.812541
0.623831
1.292196
0.377693
0.051995
0.716274
0.261351
0.882118
0.570477
0.114963
0.314951
0.354272
0.109597
0.128425
0.434672
0.616993
0.427624
0.027331
0.460350
0.286703
0.588885
0.454415
0.703901
0.060164
1.088231
0.461124
1.366272
0.364554
0.268974
0.776050
0.934313
0.347396
0.178576
0.393892
0.858320
0.044029
0.840326
1.040156
1.340805
0.913613
0.468672
0.754453
0.038759
0.038029
0.826378
0.452346
0.461903
0.102385
0.015399
0.318865
0.230910
3.086750
0.183976
0.426563
0.037676
0.059650
0.484184
0.713212
0.020538
0.013915
0.058186
1.013015
0.986733
3.163466
0.060738
0.158257
1.795719
0.591109
0.725601
0.174488
0.359993
0.208597
0.609332
1.678041
0.304130
0.111422
0.076188
0.921941
0.633371
0.026486
2.232591
0.542512
0.197964
0.876011
0.532197
0.126468
0.337605
0.650922
1.509798
1.195741
0.508481
1.565218
1.128362
2.038390
1.747949
0.157231
0.302797
0.632493
2.921968
1.754820
0.331276
0.046475
2.156358
0.197032
0.180678
2.796233
2.265604
0.239474
0.018001
0.058932
0.096370
0.893480
0.161563
0.051642
0.446963
0.169445
1.292001
0.035374
0.140115
1.854897
0.210121
0.058529
0.250114
0.032404
0.511812
0.441559
0.548055
0.251258
0.028944
0.159200
0.281226
0.094207
0.173351
1.290444
0.356511
0.051636
0.319499
0.317329
0.164924
0.196281
0.057783
0.312243
0.307497
0.143422
0.165150
0.573570
0.527131
1.177724
2.456779
2.577852
1.703534
1.764119
1.692576
0.779174
0.848837
0.934626
1.825281
2.468463
0.916654
0.292039
0.533624
0.744419
1.219610
0.804829
0.732259
1.382293
1.416413
0.731653
0.146927
0.437227
0.966292
0.271114
0.882157
2.963409
0.799416
0.809945
0.534341
0.533591
0.912157
1.380230
0.765029
0.096290
0.553038
1.360747
1.653304
0.698653
0.064924
0.160636
0.079954
0.331243
0.020084
0.678861
0.662715
0.370001
0.347911
0.124311
0.703129
2.253638
1.448621
0.835413
0.535191
1.154982
0.139714
0.241080
0.538434
0.622047
0.090189
0.194451
0.143217
0.204139
0.573259
0.426609
1.131874
0.093383
0.727741
0.883863
0.877607
0.340323
0.935796
0.320038
0.781247
0.743840
0.209998
0.922519
0.408937
0.451414
0.782206
0.597461
0.697468
0.044120
0.147270
0.156633
0.389698
0.208504
0.324742
0.670622
0.363054
0.789510
0.229024
0.490056
1.007926
0.427476
0.203017
0.956270
1.284565
0.423872
0.169892
1.029160
1.033689
0.612021
1.358737
1.590033
0.694942
0.357484
0.134296
0.901941
0.132108
0.207818
0.096465
0.307848
0.258976
0.376829
1.174467
1.317944
0.396774
0.116994
0.491378
1.677558
0.309935
0.229049
1.160806
0.659483
0.773360
0.403626
0.277257
0.996007
1.068480
0.682352
0.724028
1.783978
0.713455
0.729855
0.632439
0.119133
0.059335
0.013412
0.099011
0.209101
0.006381
0.020657
0.180320
0.617151
0.742029
0.956668
0.964004
1.425689
0.076819
0.533569
0.076182
0.348724
0.161208
0.605599
0.186397
0.249802
0.352836
0.219219
0.002142
1.224589
0.795760
0.533752
0.733925
0.174237
0.190397
0.403220
0.032041
0.258114
0.275169
0.684568
0.735879
0.065029
0.068032
0.223116
1.080163
1.213328
0.319276
0.491117
0.472450
0.485433
0.602624
0.711378
0.752624
0.680716
0.718080
1.679623
0.936767
0.411795
0.217975
1.344500
1.289648
0.823480
0.607127
0.431331
0.538373
1.162209
0.154597
0.757536
1.011142
1.875655
0.948046
1.333570
1.485463
1.315332
0.312318
0.716568
0.497500
0.205264
1.785337
0.683524
1.026494
0.423661
0.670324
0.208130
0.351641
0.224266
0.479209
0.525573
0.969004
1.285713
0.294473
0.753810
1.209292
1.739088
1.564960
1.102502
2.111393
1.790195
1.241866
0.326612
0.221736
0.112543
0.910323
0.701876
0.832142
0.752991
0.653837
0.357477
0.351231
0.302874
0.921188
0.022244
0.468317
0.594486
0.228829
0.822230
0.555488
0.201164
0.131233
0.275696
0.769131
0.207381
0.414087
1.382526
1.650339
0.649225
1.104949
0.644719
0.163486
0.376664
0.766924
1.636322
0.099440
0.348482
0.418812
0.777860
1.569746
1.373919
1.316256
1.677881
0.808724
0.834695
0.273319
0.244868
0.716724
0.568727
0.665487
0.578718
0.354359
0.408070
1.305954
1.211487
0.444672
0.494504
0.682535
1.271161
0.228184
0.129551
0.568071
0.398466
1.174442
0.898556
1.341361
0.968497
0.119920
0.301044
0.055115
0.140229
0.148383
0.440103
0.826088
0.457268
0.381671
0.446662
0.615968
0.729671
0.993845
0.770286
0.866411
0.267143
1.067920
0.662909
0.239620
0.330874
0.594269
0.529635
0.891169
0.497717
1.244692
0.735939
0.557349
0.543087
0.637508
0.885622
0.375850
1.284852
1.476798
0.313080
0.440388
0.505114
0.165352
0.052793
0.746497
0.483190
0.517699
0.282878
0.678839
0.539483
0.421596
0.639291
0.831955
0.277614
0.777852
0.369878
0.585719
0.107504
0.081853
0.264385
0.117120
0.998898
1.582655
0.453658
0.537656
0.674913
0.401848
0.132068
0.100966
1.048506
0.313350
0.094836
0.678296
0.841937
1.221922
0.414981
1.294096
0.228157
0.339281
0.222602
0.058317
0.236348
0.478767
0.670597
0.371235
1.652518
1.781772
0.627108
0.555924
2.438000
1.337574
0.479030
0.752429
0.209832
0.504372
0.614516
0.344302
0.253703
0.923610
0.707315
0.275608
0.189386
0.436604
0.946336
0.393436
0.266203
1.167940
0.096798
0.452067
0.163461
0.726347
0.394089
0.552947
1.528162
1.049555
0.247805
0.361296
0.844752
0.152667
0.394499
0.717572
0.432980
0.253902
1.755278
1.919343
1.281289
0.909706
0.095200
0.077127
0.042868
1.102280
1.585947
1.231627
0.498482
0.623790
0.126713
0.338520
0.113872
0.454785
0.213058
0.530297
0.018636
0.682294
0.651145
0.651780
1.301039
0.841790
0.952951
1.653427
0.881363
0.451247
0.445660
0.354867
0.334378
0.749924
0.049143
0.267285
0.426957
0.499382
0.466200
0.740541
1.377575
0.629515
1.124300
0.694766
0.015618
0.296838
0.121148
0.525744
0.302831
0.141145
1.051135
0.839205
0.397752
0.687933
0.890733
0.393372
0.403930
1.270613
0.377320
0.639497
0.791967
0.207791
0.224728
1.676185
1.893853
0.188461
0.294577
0.055788
0.628525
0.074019
0.075873
1.097211
0.110706
0.476159
0.632893
0.527400
0.139388
0.894479
0.386968
1.001303
1.162622
1.448612
0.958233
0.212563
0.469169
0.509637
0.081597
1.351614
1.490124
0.197639
0.747266
1.284565
0.520066
0.617545
0.440572
0.482001
0.279980
0.351747
0.242850
0.753338
1.235437
1.105966
0.315154
0.637699
1.036045
0.395988
0.643725
0.805095
0.868346
0.588575
0.373108
2.205495
1.988505
0.115562
0.570696
0.516430
0.008205
0.208337
0.046045
0.144061
0.471864
1.057955
0.674002
0.656569
0.315109
0.058249
0.402824
0.771542
0.129715
0.878909
0.508100
0.107542
0.070633
0.311138
0.383019
0.114583
1.383735
0.641330
1.085421
0.193202
0.007186
0.212105
1.052853
0.576590
0.071758
0.227909
0.200157
0.258008
0.141571
1.375165
0.466993
0.313227
0.549541
0.684121
1.176170
0.746946
0.126231
0.133912
0.049276
0.042605
0.661286
0.189565
0.265611
0.533343
0.533330
1.332940
0.419825
1.099902
0.354683
0.222532
0.620216
0.800053
1.113207
0.112862
0.008787
1.225014
1.367221
0.078731
0.462125
0.254679
0.691728
0.438388
0.159390
0.368873
1.414064
1.809193
0.808521
0.084974
0.508046
0.065294
0.569691
0.856993
0.295328
0.448129
0.182475
0.046853
0.342539
0.042228
0.291807
2.029635
2.222246
1.739638
1.361104
0.354126
0.099976
0.085879
0.996996
0.751424
0.992957
1.834245
0.074188
0.391922
0.375680
0.564585
0.485571
0.573948
1.629188
0.414198
0.572323
0.677574
0.665805
1.813797
1.176234
0.192340
1.007852
1.397723
0.728247
0.638482
1.034471
1.011549
0.663881
0.008176
0.816456
1.371019
0.971358
0.570818
-0.133912
-1.208006
0.028696
0.252755
0.918730
0.593541
0.751792
0.227674
1.607359
-0.637354
1.792550
0.074545
0.969561
0.632847
-0.353803
0.415014
-0.287158
0.273327
0.064206
0.223178
0.367680
1.065436
0.345107
0.090813
-1.352999
-0.397930
-0.046446
-0.491582
0.076990
-0.076416
-0.025212
0.087296
-0.073474
-0.092478
0.234819
-0.233055
0.326093
0.462280
-0.113491
1.430359
-0.649082
0.874056
-0.241424
0.075359
0.370062
0.369258
-0.161294
0.216784
-1.383772
0.635742
0.613590
0.083867
0.418225
0.175571
0.424363
0.205437
0.627285
0.040540
-0.481994
0.285124
-0.383812
0.176896
0.005088
0.501217
-0.232262
0.590491
0.327631
0.513488
0.166522
0.437989
0.193347
0.337198
-0.224328
-0.508830
0.121835
0.115489
0.353922
0.053025
0.354858
-0.035145
0.640306
-0.796186
1.170037
-1.046942
-0.056826
-0.190800
-0.322894
0.205596
0.472161
0.246640
-0.009486
0.159353
-0.163332
-0.017144
0.017695
0.374459
-0.584937
-0.560866
0.083670
0.620184
-0.443264
0.423510
-0.003986
0.197967
-0.415581
0.217800
-0.424569
0.264456
0.483443
0.027311
0.416968
0.358406
0.383163
0.281439
0.380154
0.526085
0.160742
0.015579
0.064947
0.489001
-1.219731
0.086400
0.888890
0.089535
-0.060961
0.491725
-0.356130
0.523735
-0.303082
0.669660
-0.353150
0.779265
0.008554
-0.043460
0.413442
0.544953
0.237474
0.321547
0.415167
0.661566
-0.026902
0.086359
0.301036
0.157045
-2.209520
-0.422804
-1.276524
-1.096860
0.596837
0.054662
0.574836
-0.982197
-0.004616
-0.705021
-0.722696
0.328656
0.287016
0.235294
0.329307
0.182039
0.339829
0.266349
0.351293
0.350593
-0.077018
0.434857
0.292501
0.123779
0.977556
0.307001
0.191499
-0.329469
1.438435
-2.221803
1.049207
-0.520673
0.481338
-0.946282
-0.020625
0.243557
0.186323
0.399202
0.234160
0.279156
0.393419
0.196531
0.046811
0.285865
0.344178
0.087546
0.479428
0.112282
0.146669
-0.690278
0.170609
1.809812
-0.534950
0.854190
-0.127798
1.600925
-0.544980
-0.435858
0.247054
-0.327693
-0.292727
-0.101422
0.264980
0.395281
0.191044
0.304028
0.705707
0.141887
0.415491
0.242281
0.226956
0.223408
0.112008
-0.093361
0.190807
0.734556
-0.676706
0.851302
0.238717
0.379255
-0.078351
0.599444
0.881542
0.093520
0.258444
0.469354
0.163952
0.577004
0.075347
-0.206233
0.208780
-0.504692
0.589175
0.173209
0.454497
0.397589
-0.246623
-0.152063
-0.325156
0.410242
-0.389626
0.315323
-0.409748
0.041848
-0.732904
0.361947
0.212679
0.071719
0.124969
0.386615
0.421433
0.073613
0.420177
0.923085
-0.180836
0.604639
0.214757
0.141956
-0.248092
0.602274
-0.078968
-1.534001
0.918594
-0.239490
0.414575
0.490674
1.047620
-0.074035
-0.195768
0.520119
-0.278309
0.271482
0.172311
0.302561
0.422176
-0.253549
0.539595
-0.031609
-0.351679
0.456715
-0.076590
0.469116
0.888604
-0.056169
-1.040361
-0.185187
0.295034
-0.009802
0.535002
0.008476
0.952598
-0.872215
0.916462
0.081676
0.563302
-0.226925
0.414748
-0.313263
0.127750
0.570111
0.090443
0.303474
0.392263
0.052107
0.353246
0.112831
1.003167
-0.465921
-1.722079
0.393694
-0.543070
0.412691
-0.512029
0.340713
0.214546
0.331386
0.323826
-0.020316
0.235022
0.672718
0.071050
0.491005
0.159298
0.720757
-0.016684
0.446150
0.491154
0.073087
0.398993
0.308374
0.033385
0.238690
-0.740206
-1.707616
1.053987
0.021644
0.297601
0.458937
0.148766
0.366440
0.565687
-0.104231
0.431456
0.514119
-0.111954
0.296305
0.406048
0.261867
-0.588946
-0.255826
-0.723671
-1.028021
-0.096978
-0.080908
0.209711
-0.572520
-1.492872
-1.214721
0.761767
-0.500169
0.359113
-0.139289
0.441807
0.424260
0.265516
-0.288234
0.456758
-0.228177
-0.025971
-0.277093
0.110882
-0.548834
1.237912
0.693704
-0.221435
0.854643
0.575161
0.902347
0.236871
0.086601
-2.901274
0.818256
0.124906
0.491468
-0.018559
0.118907
0.231940
-0.059666
-0.093345
0.904240
-0.325883
0.482229
0.706142
0.578823
-0.126402
0.254708
0.726688
-0.301586
-0.087771
0.256790
0.597211
0.051555
-0.359624
0.746902
-1.212184
0.275704
0.284343
0.333642
0.132686
0.668860
-0.252336
0.524770
0.021871
0.354549
-0.385692
0.523126
0.625850
0.025852
0.062695
0.658261
-0.029142
0.298553
0.203946
0.453218
0.332292
0.303750
0.368774
0.290153
-0.129898
-1.279043
0.434096
0.300045
0.420979
0.385040
0.310345
0.151812
0.746014
-0.125173
0.515642
0.338778
0.221696
0.221584
0.313968
0.078273
0.147793
-0.162719
0.152801
0.261852
0.294345
-0.083926
0.210439
0.128555
-0.807732
-0.975064
0.216165
0.404074
0.259325
0.410884
0.432634
0.090592
0.515694
0.013367
0.561260
0.177791
0.289389
-0.111932
0.234030
0.046151
-0.308940
-0.089480
-0.129417
0.712426
0.075151
0.465757
0.588090
0.010869
-1.776493
-0.650625
0.273960
-0.323784
0.287258
0.161535
0.332864
0.124401
0.270640
0.309022
0.278634
0.252989
-0.096938
0.326537
-0.426996
0.979666
-0.126946
-0.140812
0.453609
-0.435103
0.067548
-0.128251
0.688162
-0.296664
-1.512674
0.390736
0.024716
0.558875
0.304120
0.403279
-0.133818
0.393947
-0.618762
0.452686
-0.291821
1.010254
-0.076819
0.347006
0.004889
0.693105
-0.152029
0.653695
0.087381
0.783980
-0.020005
0.577755
0.319367
0.247247
-1.174315
-0.159830
-0.042898
0.429676
0.219173
0.281223
0.512193
-0.005181
0.236668
0.138625
0.400990
0.404668
0.003640
0.002777
0.240371
0.366207
0.170102
-0.034585
0.122518
-0.464352
-0.440196
0.422152
-0.381058
0.412399
-1.149900
-0.410425
0.193390
-0.001090
0.412923
0.260359
0.709854
-0.451930
0.620289
-0.539815
0.613957
-0.464290
0.441776
-0.322009
0.363129
0.397149
0.340877
0.961137
-0.266931
0.453001
0.000952
-0.002991
-0.611999
0.298507
-0.576337
-0.262612
0.423342
-0.155540
0.486244
-0.368410
0.496985
-0.391737
0.587365
-0.321382
0.190610
0.961867
-0.206858
0.256608
0.303004
0.333833
0.166242
0.265795
-0.565027
-0.188191
1.595844
-1.001727
0.990331
0.269829
-1.057212
-0.454503
-0.027197
0.487342
-0.072211
-0.267413
0.262109
1.218355
-0.288423
0.683391
0.289494
0.691455
-0.088644
0.496464
0.296507
0.297972
0.670541
0.789359
-0.506159
0.431234
-0.698285
-0.297143
-0.872859
0.313184
-0.773879
-0.952769
0.100799
0.753079
-1.095892
0.340467
-0.177250
0.266913
-0.869956
0.796843
0.230211
0.103162
0.155422
-0.181757
0.311255
0.253656
0.354138
0.379003
-0.481591
-0.092240
1.058791
-1.586157
0.479818
-0.639688
-1.456093
1.061453
0.285351
0.310722
0.001000
0.648695
0.177125
0.185161
-0.000858
0.431413
0.288392
0.337392
0.078780
0.269660
0.124554
0.191602
0.478492
-0.019488
0.965209
-0.130556
0.660050
0.080412
0.669182
-0.106025
0.164241
0.145167
0.215065
0.144048
1.488462
0.685547
0.033170
0.383702
0.661189
0.061895
0.122701
0.518866
0.434877
0.615244
0.386924
0.059097
0.136095
0.133944
0.034649
0.012464
0.003346
0.411610
0.346411
0.517007
0.089774
0.109104
0.061343
0.026038
0.162770
0.053505
0.134738
0.122750
0.061653
0.145566
0.137105
0.044155
0.094373
0.107914
0.698127
0.045985
0.031465
0.015579
0.071069
0.075942
0.028829
0.072853
0.066734
0.136059
0.027323
0.115308
0.142177
0.102575
0.005387
0.009448
0.130020
0.132506
0.106248
0.084728
0.115855
0.003972
0.016547
0.023126
0.037253
0.213013
0.091124
0.506210
0.020268
0.123325
0.089220
0.092599
0.163786
0.017198
0.135745
0.173239
0.121490
0.101217
0.328171
0.674546
0.019238
0.065867
0.083413
0.019617
0.018540
0.170337
0.258435
0.480152
0.479265
0.045464
0.068298
0.202454
0.487369
0.038457
0.126117
0.598980
0.093010
0.029742
0.249651
0.076700
0.108883
0.046077
0.178216
0.232292
0.052296
0.573319
0.028242
0.022679
0.079554
0.002418
0.052014
0.096803
0.139231
0.032938
0.032943
0.041381
0.063909
0.289493
0.114975
0.010860
0.501142
0.004118
0.023190
0.091236
0.029081
0.035077
0.027513
0.538019
0.006611
0.123092
0.780302
0.024547
0.044989
0.011837
0.248898
1.393559
0.102902
0.126546
0.281774
0.824003
0.052288
0.158247
0.039233
0.153083
0.071182
0.344252
0.105964
0.025855
0.032434
0.136741
0.074416
0.374230
0.420710
0.024939
0.532798
0.015270
0.161303
0.031202
0.173992
0.454324
2.216150
0.077348
0.065669
0.147353
0.019776
0.088015
0.105107
0.008978
0.085525
0.081535
0.020894
0.067534
0.267801
0.644031
0.151929
0.063742
0.124696
0.123019
0.000971
0.805301
0.126183
0.021354
0.120869
0.200539
0.399741
0.687459
0.438427
0.017584
0.325066
0.038088
0.032422
0.030800
1.243668
0.191325
0.021775
0.122107
0.080819
0.204580
0.243520
0.171486
0.022144
0.029348
0.001572
0.359525
0.086431
0.005272
0.057651
0.136080
0.055289
0.044272
0.851054
0.847781
0.033838
0.014876
0.899008
0.114890
0.030939
0.981409
0.142390
0.054683
0.090564
0.095503
0.032895
0.003599
0.234560
0.120816
0.109846
0.191323
0.233995
0.794982
0.079624
0.152987
0.157846
0.054024
0.041774
0.644352
0.070964
0.058706
0.015062
0.836530
0.079064
0.057688
0.184598
0.115066
0.227151
0.128552
0.108753
0.273937
0.405914
0.072939
0.126423
0.066163
0.013990
1.106016
0.383066
0.099046
0.092385
0.121012
0.081855
0.052472
0.625646
0.109830
0.206584
0.079161
0.483285
0.159823
0.199449
0.246152
0.127374
0.188703
0.061212
1.150014
0.917580
0.364108
0.044242
0.022611
0.095245
0.086810
0.205629
0.068142
0.350275
0.076792
0.144647
0.099017
0.086642
0.382412
0.046397
0.130798
0.010655
0.290865
0.360874
0.148247
0.490000
0.090286
0.237261
0.039991
0.722626
0.051422
0.106249
0.138239
0.028642
0.088174
0.010525
0.122257
0.036850
1.627691
0.067560
0.114924
0.040888
1.274736
0.602553
0.036944
0.614112
0.633231
0.188015
0.088398
0.838217
0.000617
0.107229
0.098085
0.005610
0.031519
0.079168
0.062254
0.111845
0.157546
1.821582
0.333230
0.175731
1.166155
1.464142
0.165633
0.103706
0.305050
0.547178
0.136500
0.008300
0.887598
0.055591
0.176971
0.027994
0.337331
0.032748
0.431607
0.551627
0.034464
1.324353
0.357429
0.028703
0.082186
0.912809
0.661361
0.138876
0.036939
1.354869
0.047631
0.277676
0.168913
0.008632
0.222978
0.113525
0.267090
0.339395
0.093382
0.106543
0.028077
0.181386
0.035519
0.584250
0.027539
0.672009
0.163234
0.248638
0.042283
0.039067
0.013282
0.109300
0.112492
0.389069
1.198282
0.409651
0.163309
0.093976
0.068099
0.109176
0.379370
0.121516
0.000070
0.005545
0.107142
0.126016
0.047188
0.279039
0.033663
0.068510
1.066868
0.158066
0.078518
0.286430
0.297120
0.223018
0.070526
0.079026
0.776690
2.002135
0.855021
0.020911
0.078740
0.030226
0.506946
0.064331
0.139210
0.092094
0.167806
0.112302
0.011092
0.003008
0.667398
0.232090
0.945454
0.381735
0.138874
0.247460
0.092066
0.323254
0.034063
0.098168
0.149094
0.050787
0.619387
0.344515
0.007170
0.075597
0.366173
0.029352
0.028770
0.563605
0.085348
0.052525
0.065722
0.048346
0.119392
0.076556
0.030636
0.061690
0.076584
0.811655
0.054726
0.062557
0.402894
0.031775
0.124533
0.158425
0.057455
0.040232
0.032730
0.133595
0.032371
0.153337
0.053512
0.462315
0.032169
0.129915
0.049741
0.048403
0.039783
0.036320
0.030007
0.066710
0.113941
0.071653
0.107936
0.110108
0.501179
1.654318
0.066245
0.156595
0.060068
0.006378
0.018441
0.081895
0.073235
0.001236
0.144402
0.133004
0.142258
0.115832
0.085391
0.103572
0.202823
0.015278
0.074412
0.020804
0.758268
1.181011
0.150687
0.027629
0.039821
0.791435
0.486477
0.057239
0.036411
0.029037
0.745575
0.235893
0.791817
0.471502
0.039375
0.764341
0.039573
0.105762
0.028401
0.109337
0.039782
0.292484
0.193138
0.032626
0.063679
1.034861
0.916400
0.075855
0.017665
0.082724
0.077452
0.038779
0.379659
0.059921
0.034383
0.213900
0.033233
0.061803
0.032230
1.225522
0.064037
0.170516
0.345747
0.381758
0.059558
0.014617
0.181136
0.088213
0.184886
0.265738
0.010978
0.625410
0.156446
0.059774
0.214051
0.103310
0.364159
0.380122
0.588219
0.164055
0.094826
0.093990
0.007019
1.098541
0.153872
0.084231
0.091579
0.120682
0.066184
0.006841
0.055706
0.366982
1.109234
0.131914
0.098707
0.047285
0.669288
0.123732
0.081643
0.059321
0.033926
0.969359
0.519979
0.018453
0.106543
0.145608
0.094655
0.234292
0.428406
0.090080
0.230133
0.091050
0.291474
0.265297
0.178181
0.022647
1.106654
0.292146
0.242770
0.097381
0.008130
1.468764
0.229761
0.080162
0.173962
0.027475
0.593193
0.137280
0.031154
0.105801
0.121614
0.060824
0.094261
0.053063
0.264939
0.310268
0.101343
0.178126
0.067663
0.089009
0.018254
0.330480
0.907440
0.950796
0.049386
0.954954
0.988705
1.017801
0.041138
0.079886
0.066781
0.159802
0.148252
0.066010
0.047303
0.046336
0.009362
0.157952
0.082631
0.088474
0.106627
0.174646
0.060045
0.031757
0.119845
0.146501
0.055000
0.020783
0.218289
0.228781
0.168075
0.034947
0.199722
0.612874
0.465728
0.347415
0.046425
0.043309
0.215786
0.015306
0.850480
0.011303
0.037195
0.018653
0.144840
0.030492
0.088458
0.002198
0.172833
0.140080
0.102565
0.130274
0.198029
0.043507
0.118879
0.137779
0.147774
0.018061
1.062594
0.654597
0.654764
0.064142
-0.359188
-0.324878
0.150169
-0.180371
-0.208414
-0.227160
-0.156457
-0.172371
-0.404670
-0.790790
-0.208304
-1.028879
-0.045553
-0.585659
-1.167412
-0.330225
-0.290842
-0.547993
-0.662097
-0.071451
-0.397499
-0.170960
-0.281260
0.873240
-0.034411
2.915869
0.764360
1.105650
-0.543433
0.254121
0.206756
0.895428
-0.013694
-0.043664
1.240652
-0.081165
1.108825
0.217605
0.357776
1.599762
1.116666
-0.126852
-0.853708
1.172386
-0.188610
-0.199182
-0.267503
1.290868
-0.474874
-0.083840
-0.019578
-0.118570
0.068413
-0.423076
-0.335385
-0.893322
0.860998
0.162924
0.394636
1.641935
0.447668
0.626147
1.994677
0.802880
0.358216
0.550629
0.868079
0.094186
-0.069506
-0.520034
-0.135919
0.737168
-0.589247
-0.752870
-0.166366
0.370503
0.051981
0.299212
-0.307005
-0.225652
-0.224997
-0.232110
-0.114333
0.043943
0.755068
-0.243239
-0.163234
-0.204320
-0.424332
-0.558656
1.011580
0.099596
-0.412254
-0.621558
0.023831
0.257929
-0.604193
-0.582243
0.508768
-0.378278
-0.200652
0.089126
-0.135035
0.834661
-0.518085
0.729989
0.030803
-0.535953
0.283686
-0.275412
-0.428677
-0.097473
-0.094372
-0.218598
-0.651516
0.135400
-0.378725
0.174006
0.018953
0.561662
-0.657405
0.325299
1.232878
-0.417175
0.939300
0.022319
0.501707
0.205056
0.344939
0.038569
-0.842661
1.105133
0.052306
-0.590770
-0.132366
-0.218886
0.340982
0.594605
0.830099
-0.016851
-0.946725
0.881746
-0.212892
0.114673
-0.074292
1.001379
-0.009092
-0.123787
-0.133930
0.618021
0.156581
0.790133
0.625145
-0.319753
-0.274242
0.314289
-0.282139
-0.246683
0.161707
0.310805
-0.480716
-0.147842
-0.261626
0.091213
-0.341209
-0.256587
-0.098636
-0.274927
0.586817
0.745542
-0.612787
0.244709
-0.376340
0.370133
-0.535503
0.009372
0.168685
-0.139993
0.401613
-0.403832
-0.202075
0.162352
-0.167962
-0.890647
0.045541
-0.986309
-0.071390
-0.044281
0.950720
-0.238882
-0.118059
1.764713
0.086631
-0.212663
-0.278058
-0.533345
-0.487348
-0.148129
1.342577
0.747380
0.390615
1.239047
0.193433
-0.095773
-0.182446
-0.279849
-0.227857
-0.207587
0.223415
-0.099624
1.218398
-0.113233
-0.195197
0.014729
0.038453
1.671905
-0.298450
-0.243241
0.680667
-0.170846
0.158442
-0.596842
0.615312
1.319209
1.122398
0.184559
0.657932
0.832523
-0.200531
-0.668897
-0.100768
0.152758
-0.762915
1.485873
-0.002241
-0.187984
-0.163907
-0.033888
-0.102244
0.252941
0.085894
-0.850211
-0.395595
0.938341
0.848945
-0.983529
0.241556
-0.418270
-0.017675
0.509538
0.166486
-0.295091
-0.239316
-0.778141
0.140957
-0.347245
0.518214
0.075293
0.323773
0.654185
-0.178314
0.336869
-0.165604
-0.456610
-0.077147
-0.714881
0.082896
-0.202589
0.094202
0.510104
0.320508
-0.828793
-0.243052
-0.683028
-0.092738
-0.313324
-0.411121
0.660283
-0.073461
0.781290
1.548928
0.092002
-0.338343
-0.294732
-0.193411
-0.552086
-0.118396
1.079268
-0.162850
0.816422
1.239708
0.197119
-0.484140
1.524629
-0.069255
-0.314754
0.245878
-0.597864
0.080987
-0.321868
-0.234630
1.006567
-0.141820
-0.272041
-0.240168
-0.196884
-0.670607
-0.053811
-1.067394
0.106933
-0.275519
1.308220
-0.195653
-0.135808
-0.314666
0.276881
-0.248080
0.144133
-0.219694
-0.185930
0.559394
0.552864
0.031908
-0.325658
0.177618
-0.165795
-0.124094
-0.232083
-0.074048
-0.214688
-0.226226
-0.200405
-1.084417
1.115005
-0.403843
0.430257
-0.388498
-0.859326
-0.011327
-0.376736
0.340182
-0.205418
-0.552344
-0.091039
-0.140730
0.584504
-0.874533
0.151163
-0.248354
-0.214591
-0.423626
-0.951082
-0.318712
-0.244557
-0.152663
-0.423425
1.520198
0.004496
-0.358892
0.948927
-0.432385
0.000991
0.891162
-0.418902
-0.160415
-0.284670
-0.223666
0.896965
-0.050964
-0.194953
-0.233487
0.027244
-0.313565
-0.231678
-0.249311
-0.249251
-0.085080
-0.157056
-0.273730
0.199724
2.012180
-0.077216
-0.296476
-0.569984
-0.371813
1.023099
0.318604
-0.110690
-0.099070
-0.325954
-0.429610
-0.397123
-0.032210
-0.340213
1.272740
-0.442581
-0.171182
-0.371778
-0.103523
1.517321
0.695634
-0.233748
0.443773
0.819420
-0.067700
-0.076228
-0.209312
-0.618879
0.308503
-0.061857
0.120604
-0.015134
-0.143783
-0.266739
-0.404870
0.333471
-0.221191
-0.458319
-0.100022
-0.247510
-0.332660
-0.189473
-1.118388
0.513358
-0.398271
-0.132662
-0.260995
-0.137975
-0.535200
-0.458173
-0.177423
1.426189
0.282738
-0.184188
-0.441239
0.061112
-0.242323
-0.224269
1.124998
1.037308
-0.179564
-0.336523
-0.424455
0.585142
-0.179216
-0.552488
0.224088
0.043312
-0.342526
-0.132176
0.089064
0.008856
-0.539883
0.051671
-0.240549
1.888783
-0.127370
0.334793
-0.203958
-0.159345
-0.260571
-0.251821
-0.463654
0.291294
-0.346760
0.198536
-0.293052
-0.551796
0.099386
-0.187099
0.907453
-0.304617
0.083982
-0.316015
-0.245021
0.037000
0.623253
0.409271
-0.179995
0.530460
-0.474661
-0.329769
-0.150162
-0.169881
-0.287700
-0.236634
-0.336748
-0.150017
-0.309120
-0.030420
-0.030149
-0.512080
-0.007874
0.518372
-0.087094
0.048994
-0.179025
-0.257265
-0.742972
-0.030234
0.378790
-0.153277
-0.223534
0.646771
-0.344559
-0.209853
-0.100582
-0.229258
-0.618850
-0.485143
0.990562
-0.398026
-0.317779
-0.256173
-0.107956
0.115413
0.450648
-0.494357
1.100844
0.830219
-0.588955
-0.392936
-0.614631
0.056020
-0.799328
0.292938
-0.268599
0.954594
1.127129
0.249359
0.118271
-0.236589
-0.251684
-0.072759
0.121808
-0.091129
-0.011602
-0.192054
0.245513
0.541444
0.021909
-0.564905
-0.031970
-0.355099
-0.691338
0.139193
0.390057
-0.211893
-0.223174
-0.136643
-0.271469
0.264470
-0.293138
0.045233
-0.558648
-0.280234
0.228896
0.747330
-0.160680
-0.615883
1.181005
0.073685
-0.706027
0.088176
-0.021919
-0.170658
-0.118414
-0.075666
0.806157
0.795109
0.618869
-0.809101
1.022215
-0.369502
-0.253154
1.020540
-0.611130
-0.039583
-0.082447
-0.089904
-0.225233
-0.273934
-0.220770
-0.102691
0.036127
-0.491170
-0.100561
-0.300013
0.048904
-0.142391
0.227786
-0.225855
-0.137589
-0.260631
0.273196
0.442396
0.046762
-0.319687
-0.214360
0.453848
-0.353809
-0.421151
0.479665
0.274893
0.017080
-0.340032
-0.321124
1.284835
-0.081990
-0.368623
0.924812
0.865557
-0.074680
-0.311436
-0.443952
-0.334859
-0.124462
-0.245880
-0.014203
-0.097196
0.375792
-0.404381
-0.210776
0.505666
-0.102819
0.189957
-0.361470
-0.631142
-0.214832
-0.247110
-0.141218
-0.222809
-0.257748
-0.293617
0.237751
0.317389
-0.163462
0.073817
-0.390359
0.317393
1.447752
0.625643
-0.152209
-0.268027
-0.653029
-0.037381
-0.354843
0.615800
-0.330073
0.259513
0.157004
-0.100065
-0.107251
0.009543
0.079787
-0.210846
-0.248167
-0.096846
-0.019989
-0.297683
-0.223555
-0.232283
0.282854
0.271103
-0.229986
0.171027
-0.167541
1.767510
0.094936
-0.029696
-0.299691
-0.013799
-0.072007
-0.227764
-0.065600
-0.191961
1.100483
0.270604
-0.186138
-0.113752
-0.033360
-0.240400
0.207508
-0.368560
-0.081372
-0.039160
-0.020464
-0.340625
-0.033288
-0.267577
0.216423
-0.120757
0.612637
-0.042756
0.470827
2.179769
0.248426
-0.325276
0.752501
-0.128625
-0.121113
0.651980
-0.055654
-0.107989
1.054593
-0.101113
-0.016968
0.165988
-0.094610
-0.229503
0.499433
-0.175445
-0.048448
-0.241912
-0.139729
-0.179760
-0.027865
-0.200985
1.438066
2.092943
0.175332
0.688737
0.636823
0.407316
-0.035689
0.512141
-0.107006
0.974339
-0.098756
0.223203
-0.051788
0.451876
0.155572
0.492994
0.235320
-0.185877
2.270732
-0.070208
-0.017573
0.683607
-0.297303
-0.204531
-0.131782
0.476977
0.398203
0.860844
0.441481
0.443115
-0.043891
0.717691
-0.192100
0.527859
0.645990
0.026293
-0.096871
-0.067744
-0.155181
1.599814
0.179945
0.268470
0.668068
-0.168109
-0.166943
0.705573
1.642004
0.141502
-0.275755
1.856200
1.507343
0.020575
-0.127322
-0.081343
0.655925
1.633008
-0.057224
1.723331
0.512057
-0.332142
-0.111126
1.022042
0.045069
0.004504
-0.038809
-0.067829
2.290715
-0.233712
-0.112510
1.522107
-0.212323
-0.093000
0.396380
1.842711
2.055699
-0.059571
0.028821
-0.176003
0.967569
0.067240
-0.136212
1.000749
1.035294
0.629350
0.246311
-0.006647
-0.001147
-0.001045
-0.414104
0.763412
0.834584
-0.165673
2.263978
-0.001349
-0.068731
-0.032922
-0.009617
0.978541
1.189498
0.204660
0.244704
-0.139691
1.615278
0.702372
-0.062456
-0.062099
0.858055
-0.096414
0.698739
0.398385
-0.071188
1.929556
-0.092199
-0.081635
-0.186304
1.097757
0.344328
-0.159976
1.128397
0.569782
-0.292594
1.042582
0.641140
0.190266
1.192556
0.655450
0.106275
0.244278
-0.254842
0.727440
0.401464
-0.069205
0.253765
-0.050119
0.551431
0.975365
0.598974
1.041994
0.866249
0.370018
-0.217391
0.853337
-0.135651
0.928775
0.437840
1.886003
1.809800
-0.131376
-0.116386
-0.060994
0.800322
-0.009751
-0.169896
1.295530
1.101435
0.890395
-0.181695
-0.055795
-0.131929
1.243504
-0.068476
0.626037
1.752570
-0.214652
1.378114
2.547421
-0.030268
-0.032038
0.883558
1.228671
1.119807
0.718059
-0.104004
0.746789
0.605217
-0.055076
-0.180390
0.383801
-0.175981
0.622233
0.017137
1.006515
-0.048224
-0.152709
0.172701
0.405133
-0.091848
-0.039091
-0.129487
0.075096
-0.150951
1.445845
0.298175
2.015319
1.188726
0.058123
-0.149288
1.056188
2.426113
-0.016450
1.316552
-0.051560
-0.170959
-0.047742
-0.204736
0.873884
0.087359
-0.014751
-0.177766
0.813081
0.133126
-0.051920
0.699264
-0.250204
0.426583
0.470972
-0.078337
1.330039
0.117487
-0.158145
-0.092291
1.375972
-0.000773
0.651533
-0.001912
-0.021622
0.726753
0.060079
-0.102161
0.477490
0.506105
-0.176269
0.255768
0.347276
-0.068432
0.139696
0.539384
0.278478
0.121557
0.614931
-0.129107
1.824061
0.324916
-0.193851
-0.000423
0.091775
0.843149
0.026171
0.159508
-0.151614
-0.093682
1.438002
0.830474
-0.074881
0.368804
0.812432
0.959201
0.569844
-0.122952
-0.017872
-0.050919
1.149303
-0.104520
-0.225167
1.450692
1.663819
1.742135
1.324711
-0.265275
1.072575
0.676347
-0.068127
1.296245
0.029034
-0.020397
-0.241997
1.193936
1.506398
-0.081245
-0.125748
1.729531
1.540806
-0.098047
-0.090938
0.134611
0.380198
-0.005231
0.138477
-0.008279
2.406630
0.380315
-0.322634
1.267524
1.006779
-0.076623
0.279859
0.012542
0.595460
2.093029
-0.335227
-0.098519
0.287814
0.680868
0.280095
-0.012938
0.108475
0.472550
0.736629
-0.320796
-0.062793
-0.129457
-0.107425
0.722415
2.598557
0.709748
-0.245530
-0.014683
0.037010
0.996331
0.855619
-0.106902
1.070042
0.833043
-0.355376
0.455625
0.363094
-0.057269
-0.109152
-0.123338
-0.057795
2.763165
1.115863
-0.043453
-0.204922
-0.065628
0.098338
-0.172086
2.077065
0.522726
-0.100211
0.981592
-0.062456
-0.022925
0.784166
0.586311
0.603883
0.377488
-0.027989
-0.012066
1.316769
0.327780
-0.226675
0.659757
0.488834
1.141077
1.405361
0.018882
0.088948
-0.089351
-0.103670
-0.087676
1.982813
-0.019682
-0.166546
0.945895
-0.123160
0.400198
0.414016
-0.209473
1.284739
-0.070710
1.089572
-0.015653
1.372325
-0.071897
0.972461
-0.082928
-0.192399
-0.084901
-0.123994
2.007545
1.761938
-0.023179
-0.271815
-0.008568
1.213104
0.078259
0.673453
0.943728
-0.157041
1.058614
0.601306
0.817259
-0.143990
-0.230722
0.442891
-0.226545
1.588796
0.950605
-0.040808
0.911581
0.306115
-0.247933
0.134951
1.334095
0.038240
-0.176129
0.138374
0.301925
2.395059
1.283584
-0.044629
0.327789
0.620575
-0.023294
0.343966
-0.060772
0.352167
1.085494
-0.057266
0.558965
0.499393
-0.090015
-0.012952
1.233802
-0.226377
-0.161819
-0.072623
0.206698
-0.057013
1.069030
-0.044733
0.653226
1.524017
0.866147
-0.097159
-0.110646
0.797768
1.006165
0.140461
1.032007
-0.051526
-0.069441
-0.178012
0.434070
1.163585
1.061720
0.027378
0.372865
-0.084064
0.354946
0.187307
-0.264680
0.926446
-0.000815
-0.011466
0.054777
1.400641
1.211648
1.415557
-0.212967
-0.122129
-0.002774
0.585665
-0.155373
-0.214952
0.525553
-0.128020
-0.091614
0.899290
0.813066
1.748944
-0.054424
-0.050124
1.197482
-0.144250
-0.023758
0.262959
-0.170966
-0.025805
-0.027354
1.103235
2.089055
0.584201
-0.038381
-0.138224
2.085741
0.910542
-0.283256
0.149868
0.201425
-0.213812
-0.150406
-0.082211
0.346586
0.725077
-0.155406
0.163160
0.161398
0.676229
0.805943
-0.089264
-0.049327
-0.053531
-0.061043
0.867194
1.788521
0.027160
-0.018673
-0.072599
0.759788
1.177324
-0.087893
1.305770
0.540791
0.336120
-0.065256
1.402408
-0.048451
0.014655
-0.062970
-0.013611
1.431473
1.518454
-0.277809
0.812586
0.892060
-0.167891
-0.234827
1.006055
1.324547
1.011093
0.448744
-0.191455
0.825290
0.882938
0.694215
1.823907
0.144104
-0.062881
-0.084596
0.691112
0.754473
0.799438
0.369605
0.400590
1.260456
-0.276817
-0.239548
0.009713
0.309152
-0.208488
-0.317053
1.319204
1.075410
-0.003221
-0.024108
-0.039123
1.051112
-0.310560
0.359074
1.766511
-0.098847
-0.120527
1.230040
-0.040393
-0.211098
1.648618
1.152308
0.075320
1.223196
1.743154
-0.006103
0.203458
0.094603
-0.156912
-0.235611
2.355457
0.270606
-0.132911
0.000537
0.187657
-0.163076
-0.330652
0.510859
0.477246
0.122275
-0.094150
0.874485
-0.151601
-0.229317
-0.073493
-0.045758
-0.374887
0.647900
-0.081113
-0.115723
1.312027
1.794649
0.914877
-0.174011
2.383291
2.203292
2.306449
1.305682
2.227446
0.116054
1.218810
1.460614
1.009540
0.723811
0.312210
3.381080
1.217355
1.396187
2.316950
0.564233
0.957561
2.685190
-0.012211
0.856751
1.549182
2.226660
1.585390
-0.075200
1.243351
0.675243
0.340142
1.356277
-0.207891
3.215899
0.776689
0.606352
1.951107
0.638697
0.923843
0.493394
-0.115735
2.235022
0.192066
0.982062
-0.094344
1.131897
0.464743
0.018258
0.382761
0.526954
1.143391
0.764295
1.834428
1.164565
0.578287
0.248512
0.255702
-0.502669
0.558332
-0.079677
0.997393
-0.081709
1.893175
0.723217
0.558204
1.285280
0.148062
2.364305
0.279367
0.606046
1.460558
0.882076
1.623297
-0.111277
1.762161
1.158304
1.023375
0.922863
0.469118
-0.287496
2.478733
-0.013578
2.492277
0.167231
1.702087
0.923113
0.791573
1.085010
0.310267
0.912974
0.975058
1.044733
0.858537
0.506647
0.433184
0.150566
1.379357
0.338155
-0.042822
1.265352
1.033936
1.170259
-0.048530
1.603878
0.428974
0.536234
0.606491
0.417046
0.021763
0.292378
-0.036510
2.113270
-0.142800
1.245439
0.817085
1.087996
0.396758
1.582479
0.802494
0.834698
-0.381383
2.673589
0.356004
0.935689
0.997440
1.219205
0.760391
1.157338
0.800433
1.587819
0.022052
1.550876
1.435140
0.303245
-0.704959
2.089884
-0.003660
0.779493
0.286508
0.582114
0.541525
0.979763
0.513097
0.390666
1.502532
0.781966
0.156467
2.185792
1.043022
1.089456
0.808114
0.835214
0.923912
0.601426
0.164907
0.077394
0.131211
2.256763
0.612336
1.179529
0.328192
0.585055
1.680741
0.499524
-0.100114
1.555770
1.153854
0.882632
1.023472
0.971498
0.475904
1.492401
1.285469
0.256169
1.251231
0.812062
0.744081
0.545070
2.182163
0.699998
0.344630
0.403672
-0.290491
-0.488200
0.969575
0.740023
0.007794
2.358534
1.056391
0.908553
1.399072
0.913709
1.098199
0.940647
1.297339
1.023813
0.370017
2.038220
0.972989
0.631482
1.574178
0.592439
1.156179
0.671093
-0.144393
0.664827
0.116150
1.205221
0.621156
0.952565
0.319316
1.084745
0.989732
0.816906
1.415816
1.133737
0.764970
0.927522
0.755048
1.109949
1.077405
0.728930
-0.035241
0.915936
1.136284
0.482120
1.558534
0.651785
0.081239
0.061600
2.214971
0.135311
-0.081401
1.771924
0.834396
1.135556
1.215914
0.932061
0.828194
1.021156
0.569487
1.291763
1.149889
1.506597
-0.079113
2.688776
0.822117
0.957298
0.940971
0.994115
-0.035671
0.208748
-0.029737
0.150435
0.756900
0.835001
1.285951
0.754498
0.895760
0.754189
1.222882
1.030431
0.463697
1.192197
0.830320
1.012742
0.995611
1.248079
0.779077
0.779044
0.515168
0.902186
-0.015440
0.069171
0.661922
2.374182
0.834927
1.117586
0.555686
1.443164
0.920797
0.895222
0.069766
1.577362
1.027325
0.298114
2.030770
0.608734
1.197079
1.141007
1.188582
1.058203
1.044387
1.310022
-0.031682
2.538931
0.630771
0.695976
1.128005
0.784268
0.893033
1.028929
0.426481
0.338234
-0.307782
2.267875
0.867780
0.991254
1.044853
1.198878
1.063459
1.147090
1.185582
0.967333
1.034397
1.346992
1.053849
1.210606
0.695557
1.021677
0.854728
1.185822
1.035832
0.917462
1.031776
1.058864
-0.007058
2.236966
0.169307
-0.022365
1.306982
0.897023
1.049150
0.945732
0.905775
1.155131
0.859265
1.062264
1.088774
1.144662
0.876934
1.451928
0.811155
0.974507
0.900543
-0.072642
1.073424
0.895834
0.787241
0.936275
-0.051233
0.718016
2.188979
0.680023
1.111005
0.780537
0.990237
0.806548
0.880913
0.956104
0.956956
0.915544
1.103774
1.087492
1.326444
1.190216
1.102584
0.146753
1.962567
0.835023
1.432079
1.054220
0.224865
1.734769
0.658742
0.649898
1.002606
1.022278
1.211291
0.865824
1.081179
0.934023
0.461719
0.939131
0.863145
0.983701
0.626182
1.742226
1.062142
0.495535
0.933117
0.587144
0.800677
0.604600
0.980074
0.592770
1.091608
0.646892
0.992357
1.175962
0.972863
0.921506
0.619964
1.047396
-0.093386
1.245308
0.848275
0.731433
0.507864
1.349194
0.722023
1.271745
1.920030
0.052111
0.142644
0.908193
1.275507
0.697820
1.439278
0.478164
0.514316
1.259605
0.939068
0.953161
0.678144
1.678910
0.289803
1.801393
0.764305
0.467546
1.634705
0.725944
0.938920
0.347694
0.545630
1.491197
0.184355
1.588943
0.312764
1.011213
1.151426
0.758904
1.445302
0.721340
1.256211
0.992124
0.761188
0.949947
1.266459
0.951411
1.142414
0.510020
0.784708
0.128078
0.934939
0.345891
1.663403
1.193605
0.848017
1.074763
-0.075287
1.922414
0.120363
1.121809
1.007501
1.025430
0.955074
1.080413
0.752118
0.985987
1.073267
0.859847
1.095812
1.085452
0.885223
0.398925
2.270624
0.756292
1.030736
0.827152
0.853069
0.583922
1.069927
1.566333
-0.084821
1.875781
0.576544
1.047807
0.508483
1.239950
0.782144
0.898750
0.208152
1.524194
1.136673
0.877696
0.731151
0.958941
0.361286
0.736049
0.774031
0.748074
0.173515
1.163554
0.889490
1.421188
0.921008
1.222509
1.136195
0.446261
0.710207
-0.121927
0.699811
0.396867
0.797364
1.616097
0.939313
0.596281
1.548767
1.292175
0.087863
2.384887
0.918570
1.076764
-0.016557
2.505071
0.829745
0.498674
1.040515
0.676512
0.903453
1.253752
1.698214
-0.094863
2.488429
-0.043197
1.963292
0.849575
0.704094
0.087073
0.300653
0.592092
0.294815
0.567512
0.793021
0.986410
1.219806
1.001650
0.891184
0.709602
1.402460
0.512295
1.829251
0.466791
0.871508
1.174476
1.220697
0.542618
1.242374
0.716978
1.233195
0.202977
1.084197
1.972163
0.066532
1.212319
1.620918
0.783472
1.224819
0.904045
0.668987
1.138296
1.091055
0.082623
0.497287
-0.323558
1.330212
0.498474
1.553987
0.952080
1.313058
0.729134
1.266666
0.855428
1.040812
1.061068
0.436373
1.017893
0.485476
1.105508
1.104115
0.731935
0.614534
1.571005
0.527158
0.896250
0.031827
-0.053879
3.120534
0.688673
0.857250
0.431081
1.001631
0.152587
1.601598
0.693414
1.110231
1.103901
0.958242
0.966547
1.286821
0.680832
1.307642
0.642283
1.445148
0.735280
0.642520
1.713442
0.428251
1.479983
0.927917
0.467183
0.038000
-0.031037
0.327417
-0.249901
2.832448
0.842302
1.110094
0.939147
1.382159
1.173643
1.021346
0.618295
1.098888
0.785674
1.200902
0.810293
1.232392
1.101981
0.763788
1.114259
0.890792
0.590980
1.270057
-0.242004
2.048659
1.683669
0.848743
0.909172
0.400076
1.204098
1.495716
1.080381
0.959913
1.173142
0.670903
0.679947
0.150126
0.764784
0.685518
0.883988
1.101738
0.851668
0.616581
0.265194
1.401144
0.636674
1.432843
0.815317
1.121188
0.789254
0.698174
1.334645
1.356831
0.896861
1.322720
1.231845
1.308190
1.311324
-0.147737
3.074253
0.499000
1.584070
1.483982
1.059835
1.289221
0.382680
2.446205
0.807257
1.535107
1.196482
1.270360
1.126774
1.380196
1.197665
1.200108
0.978001
1.355931
1.541890
0.265190
0.327747
1.061365
0.843983
0.550645
0.393078
0.375637
0.760080
0.442423
0.579504
0.511178
1.143674
0.764260
0.343496
0.683651
1.028548
0.845449
0.511384
0.487013
0.898009
0.880074
0.360987
0.333580
0.326108
0.575574
1.590298
1.818820
2.749162
3.826898
3.777286
2.409069
1.722279
1.951011
2.302470
1.398517
0.848652
1.569665
1.308830
1.354320
0.740521
1.322102
1.664089
1.112170
1.987306
2.122543
1.930013
1.100278
0.399656
0.890155
1.189722
1.058621
2.347347
1.635881
1.274525
2.272836
2.050218
1.371189
1.271519
1.955050
1.114626
1.704650
1.799863
2.015525
1.648777
1.369150
1.546488
1.310973
1.426381
1.633961
2.069881
2.305724
0.598737
1.140634
1.597704
2.464599
2.845329
3.639783
3.015070
2.339371
1.871640
2.383130
1.416771
1.438404
1.029822
1.714579
1.178717
1.183555
1.060362
0.514174
0.878458
1.863471
1.948735
2.035618
0.956953
1.120783
0.580041
1.243201
1.427531
1.987491
1.791220
1.540600
1.610650
1.795315
1.183137
1.305161
1.115116
1.924636
1.476668
1.732414
1.787929
2.135347
1.517042
1.946560
1.719591
1.046515
1.444608
2.368221
2.082041
1.906998
0.833458
1.607192
2.640868
2.585022
3.100277
1.916661
1.953685
2.116282
2.043607
1.766374
1.601941
1.779592
2.077356
3.114403
2.619539
2.131812
2.239520
2.232162
2.310928
1.809896
1.551490
1.674013
1.587208
1.172845
0.691488
1.575941
3.154817
2.296275
1.538233
0.884509
0.715738
0.301239
1.596668
2.033743
1.989684
1.508866
1.681823
1.887001
2.289301
1.792442
1.510789
1.620827
1.750006
1.295726
1.454998
1.259882
2.132103
1.635952
0.956081
2.096691
3.065131
2.315037
2.039309
2.127242
2.539991
2.152460
1.611131
1.813642
2.249006
2.296093
2.618395
2.738569
2.264500
2.372400
2.229350
1.793852
0.773245
0.716339
1.673060
1.382278
1.122105
1.638316
0.539286
2.401644
3.266214
2.753519
1.159005
1.453710
1.161821
1.454312
1.411286
1.693567
1.533792
1.805604
1.521690
2.365473
1.707819
1.563693
0.926240
0.941273
0.955017
0.913987
0.925565
1.999855
1.764205
1.592196
1.262778
2.625234
1.991446
1.813668
1.265025
2.009475
2.363644
2.207115
2.047927
3.006694
2.213395
2.804283
2.305351
2.229557
1.310720
1.337837
1.656502
1.204086
1.469061
1.975326
1.709303
0.835692
1.223032
1.378284
0.562671
2.335040
2.622691
1.989521
1.412406
1.569917
1.228544
2.310883
1.215960
1.246531
1.080535
1.887224
1.541336
1.523127
1.862149
0.717922
0.444089
1.379913
1.377561
0.585061
0.679975
0.817154
1.110705
1.580216
0.963196
1.633284
1.511512
1.745232
0.909863
1.819195
2.076269
1.707097
1.977617
2.516564
2.165778
1.864220
1.844406
1.549911
1.264081
1.504053
1.562203
1.504886
2.319347
2.433848
1.619637
0.703057
0.835822
0.697395
0.620831
1.369155
1.661712
2.244950
2.046381
1.086811
1.795178
1.237664
0.990706
1.286538
1.304416
1.025669
0.616253
1.087810
1.336142
0.963439
1.081884
0.985110
1.181182
0.764477
0.510976
0.492489
1.819776
0.878922
0.522495
1.216060
1.292321
0.362758
1.283018
1.862235
1.701769
1.297134
1.155286
1.410351
1.721621
2.248551
1.919346
1.702809
1.245076
1.346948
1.344165
1.503894
1.693438
1.646622
2.104182
0.957000
1.091159
1.535506
0.268396
1.563742
1.970162
1.329431
1.520113
1.206912
0.455037
0.696100
1.080580
1.691087
1.015229
1.385491
1.132125
1.888399
1.559847
1.146588
1.237264
1.473861
2.232004
1.421545
1.428028
2.460090
1.809739
1.855780
1.015632
1.163552
1.887174
0.999705
1.402623
2.258154
1.823090
1.392945
0.921702
1.561375
1.599357
2.380069
1.726553
0.958521
1.480385
1.239406
1.875065
1.859430
1.707079
1.569012
1.759662
1.810286
1.841502
2.051575
1.061122
0.360936
1.174228
1.772789
0.679069
0.890117
1.284977
1.398763
1.656568
2.300959
1.713007
1.576169
1.800346
1.530824
1.765879
2.449192
2.008863
1.735998
1.641266
1.305314
1.704109
1.830334
1.891793
1.558784
0.729864
1.735070
1.543674
1.742746
1.376741
1.332747
1.298618
1.169815
1.406014
1.311046
1.656066
2.335720
1.900850
2.139972
1.201293
1.838699
1.737316
1.645507
1.453692
0.966518
1.117644
1.299324
1.465568
2.009395
1.036218
1.349247
1.421076
1.512767
1.317783
1.150484
1.751206
1.280015
1.674646
1.862187
1.620292
1.409411
0.965740
2.033197
1.940332
2.267479
1.874923
1.545266
1.536680
1.690750
1.076980
1.605703
2.101834
1.727616
0.883456
1.603334
1.533797
0.657997
0.829088
0.441253
0.457130
0.777687
0.560066
0.744774
1.198962
1.689662
1.696343
1.795514
1.414234
1.236063
1.038449
1.040575
1.305551
1.622802
1.540592
1.808886
1.963056
1.235294
0.406457
1.466391
1.980065
1.542789
1.290386
1.511062
1.381594
0.951904
1.306750
0.901560
0.818542
1.524790
1.552820
1.328779
1.484840
1.328854
1.467338
1.894713
1.082656
1.046317
1.945667
2.232185
2.450623
1.685285
0.869647
1.398361
1.406174
0.180335
0.171673
0.244634
1.088347
1.000249
0.837793
0.903721
0.664789
1.581102
2.050773
1.898878
2.011811
1.419367
0.735689
1.187256
1.828152
1.469539
1.948242
2.006431
1.946116
1.324294
0.818405
1.459181
2.225973
1.093673
0.964168
0.511268
0.562074
0.780167
0.735267
2.198898
2.469479
1.666333
1.944234
1.723153
0.951580
1.512448
1.661342
1.434569
1.426391
1.755120
2.321257
1.564165
1.662175
0.834346
0.519557
1.057421
1.470854
0.678527
1.018416
1.444310
1.123163
1.235809
0.988883
1.795360
2.364096
2.849339
2.427494
2.410423
1.651749
1.516431
1.335509
1.770665
1.770672
1.997770
1.813815
1.305249
1.831847
1.820081
1.427562
1.571240
2.415133
2.167094
1.146198
0.803933
1.212489
1.185568
0.999228
1.948338
1.109314
1.594855
1.141578
1.943764
1.861557
1.894419
1.315070
1.344105
1.564658
1.897799
2.693399
2.202150
1.900157
1.495690
0.908558
1.449409
1.200829
1.328721
2.346022
2.161269
1.077476
1.659648
0.868330
1.987771
2.228623
2.376249
1.352765
1.397135
1.588058
2.217528
2.026757
1.428647
1.584782
1.415874
0.841490
1.225564
2.487756
2.409661
1.233731
1.839875
2.667744
1.929785
0.717933
1.746171
1.453326
1.588484
0.837306
1.740672
1.085798
1.391786
1.498531
1.555589
1.205356
1.042541
1.317236
1.699701
1.395977
2.269910
2.411905
1.732011
1.729218
1.989563
0.908589
0.500833
0.407566
1.173059
0.800554
1.267947
0.305292
0.909106
0.511550
1.641468
1.236793
0.910103
1.216202
0.896062
0.242903
0.355391
0.826211
0.796004
0.444636
0.617821
0.727004
1.553697
1.257665
0.622671
0.143681
0.001182
0.096044
0.757772
0.080818
0.202718
0.187813
0.024261
0.058140
0.133528
0.013165
0.070159
0.076683
0.009786
0.016798
0.068760
0.109771
0.079434
0.086909
0.097547
0.080585
0.172474
0.165845
0.099054
0.051784
0.037254
0.490838
0.083017
0.248512
0.311275
0.080173
0.097993
0.174140
0.020979
0.123351
0.128835
0.066469
0.038253
0.102626
0.107042
0.148569
0.225972
0.218249
0.065130
0.153711
0.171821
0.163511
0.079342
0.177854
0.113804
0.170390
0.125273
0.277420
0.077703
0.046560
0.135433
0.092887
0.187821
0.077813
0.171094
0.067155
0.252125
0.152536
0.157570
0.288516
0.393350
0.276268
0.163212
0.074271
0.217838
0.257564
0.300969
0.188489
0.101315
0.100403
0.270661
0.161697
0.050737
0.092120
0.095638
0.170653
0.191531
0.218491
0.170238
0.230358
0.217582
0.132325
0.325370
0.340728
0.266561
0.162548
0.093327
0.228574
0.307178
0.246873
0.295036
0.168863
0.046529
0.112561
0.161876
0.008578
0.017981
0.232623
0.113571
0.139592
0.187084
0.166392
0.263853
0.351525
0.112900
0.199425
0.332421
0.371257
0.167361
0.117220
0.200466
0.371706
0.284549
0.174470
0.314840
0.105588
0.097190
0.164809
0.158939
0.095144
0.304791
0.214354
0.203191
0.172654
0.208411
0.159823
0.298975
0.134236
0.082186
0.233848
0.279275
0.305105
0.244647
0.203926
0.230868
0.219525
0.141506
0.195596
0.263293
0.251032
0.098979
0.168808
0.196804
0.307516
0.259464
0.270838
0.192940
0.045488
0.142453
0.275261
0.283202
0.151372
0.217742
0.245023
0.289699
0.136520
0.097923
0.259961
0.245893
0.142615
0.156023
0.217694
0.319748
0.151988
0.098567
0.332977
0.428713
0.347627
0.105228
0.167154
0.181720
0.091423
0.191891
0.220360
0.253084
0.263185
0.049461
0.292865
0.159668
0.026524
0.143010
0.200066
0.186779
0.039333
0.132199
0.362882
0.331639
0.096565
0.247975
0.274147
0.443100
0.132569
0.112400
0.249607
0.198197
0.177798
0.239031
0.301130
0.210700
0.118609
0.056479
0.100108
0.139132
0.068594
0.202517
0.161046
0.078915
0.134079
0.189053
0.184148
0.206707
0.199080
0.242385
0.267948
0.064121
0.078637
0.203660
0.304932
0.187907
0.206785
0.343257
0.152200
0.150192
0.140594
0.041194
0.215077
0.086042
0.141878
0.163935
0.164671
0.190845
0.190973
0.157403
0.006974
0.406178
0.134704
0.153191
0.110824
0.165733
0.513412
0.313962
0.237279
0.161869
0.283143
0.113554
0.102588
0.089393
0.012138
0.338132
0.214705
0.162809
0.129890
0.197864
0.296593
0.118772
0.120330
0.043629
0.336219
0.277606
0.158898
0.065603
0.170308
0.400727
0.235287
0.239023
0.162692
0.207659
0.099554
0.094172
0.256249
0.220077
0.220246
0.367255
0.095788
0.229526
0.290158
0.293670
0.071910
0.173004
0.050279
0.310207
0.302181
0.271443
0.023527
0.076267
0.065515
0.283715
0.183028
0.170579
0.196943
0.271548
0.067848
0.209042
0.164269
0.219763
0.298657
0.097723
0.212728
0.312319
0.163103
0.025154
0.165983
0.125146
0.270245
0.221788
0.202718
0.110472
0.056361
0.166008
0.252311
0.257649
0.147921
0.110461
0.300373
0.188602
0.176511
0.128755
0.281231
0.231402
0.122010
0.157628
0.192281
0.136521
0.089034
0.120571
0.143252
0.200593
0.310170
0.143830
0.213969
0.135233
0.032658
0.213983
0.070139
0.213931
0.220076
0.231075
0.151575
0.134280
0.093508
0.264141
0.146265
0.147714
0.135404
0.095529
0.114777
0.075730
0.060137
0.209802
0.178047
0.267898
0.185145
0.228710
0.076079
0.096957
0.066976
0.070377
0.206992
0.250712
0.114172
0.019023
0.004841
0.163171
0.155341
0.237929
0.177579
0.103343
0.094772
0.166521
0.097955
0.047005
0.158738
0.245315
0.313790
0.191812
0.229837
0.213256
0.111631
0.215830
0.079546
0.164079
0.196844
0.064552
0.722405
0.031854
0.201287
0.120862
0.221101
0.245514
0.168234
0.101961
0.177666
0.094387
0.081660
0.110676
0.157222
0.201675
0.167927
0.170044
0.236648
0.352116
0.197402
0.140804
0.082201
0.116280
0.052403
0.061615
0.077159
0.236105
0.134824
0.197906
0.183931
0.294616
0.146249
0.037430
0.132180
0.197198
0.142664
0.221016
0.223305
0.198915
0.181126
0.110207
0.440606
0.249911
0.152916
0.071419
0.026814
0.113685
0.116692
0.320557
0.211998
0.064341
0.263023
0.179947
0.293333
0.168898
0.077550
0.219558
0.165348
0.093934
0.222181
0.204561
0.288462
0.173396
0.272471
0.212776
0.309215
0.169517
0.047140
0.169931
0.122919
0.160317
0.263325
0.285697
0.081035
0.095264
0.075757
0.209862
0.106299
0.021369
0.237581
0.234545
0.168719
0.235167
0.122886
0.329818
0.227211
0.305908
0.074793
0.292357
0.143024
0.051626
0.203455
0.182076
0.052315
0.226205
0.195477
0.176897
0.101502
0.192914
0.120351
0.073099
0.108429
0.202047
0.080124
0.223028
0.259735
0.195426
0.201924
0.211157
0.112701
0.009442
0.257528
0.207788
0.073898
0.243751
0.216257
0.140280
0.091629
0.134832
0.135226
0.177109
0.069813
0.126275
0.062246
0.145209
0.304312
0.151794
0.257886
0.248918
0.240121
0.193608
0.134398
0.207435
0.163821
0.155980
0.140282
0.134228
0.166645
0.334793
0.177409
0.103246
0.050309
0.058670
0.173200
0.168783
0.153468
0.072913
0.218046
0.288691
0.080837
0.228256
0.326790
0.279626
0.226563
0.147527
0.231132
0.200721
0.108574
0.165364
0.232815
0.169405
0.443696
0.306149
0.127027
0.071532
0.103073
0.085262
0.075164
0.225347
0.281039
0.217222
0.280098
0.170801
0.127428
0.315137
0.302926
0.200824
0.163832
0.220119
0.106879
0.126874
0.210762
0.315994
0.312443
0.343500
0.266040
0.118118
0.256302
0.253763
0.144025
0.014509
0.162751
0.409300
0.208718
0.175490
0.137131
0.174852
0.198796
0.247220
0.200743
0.202239
0.285923
0.084890
0.102738
0.192760
0.266125
0.314764
0.308914
0.184187
0.169937
0.305253
0.347242
0.235182
0.168486
0.025435
0.485208
0.254471
0.194077
0.084337
0.202572
0.241332
0.227116
0.093079
0.346609
0.326411
0.068328
0.057718
0.142624
0.328905
0.213271
0.137626
0.752596
0.200196
0.175503
0.262570
0.287444
0.301786
0.164888
0.229972
0.126669
0.090729
0.219293
0.314232
0.269239
0.239922
0.159383
0.227976
0.273724
0.104811
0.079941
0.101162
0.289510
0.259597
0.179117
0.002409
0.314248
0.241564
0.205049
0.135957
0.353520
0.274455
0.110272
0.039542
0.080256
0.228420
0.209987
0.195835
0.116554
0.098430
0.097989
0.196606
0.097804
0.037582
0.122596
0.160959
0.070558
0.132307
0.540046
0.119331
0.107297
0.072290
0.034771
0.246373
0.175807
0.174197
0.306894
0.295575
0.040687
0.189745
0.069412
0.144011
0.649768
0.487128
0.194716
0.109231
0.112479
0.110549
0.123359
0.062090
0.035818
0.283697
0.057578
0.059515
0.414577
0.253022
0.014995
0.078206
0.002905
0.586731
0.295522
0.082288
0.022664
0.176600
0.061377
0.053082
0.012344
0.207956
0.083501
0.053900
0.073707
0.039032
0.205939
0.179257
0.126162
0.315355
0.195172
0.086012
0.162879
0.185948
0.045120
0.027159
0.587771
0.222872
0.323434
0.018737
0.048140
0.019701
0.253970
0.058778
0.028105
0.476678
0.055073
0.087404
0.203000
0.013225
0.059473
0.268893
0.332392
0.056392
0.106198
0.439140
0.404265
0.068528
0.224548
0.269729
0.036318
0.235689
0.023158
0.154640
0.042540
0.153802
0.107442
0.478042
0.040430
0.088814
0.269777
0.098389
0.084132
0.259493
0.075881
0.407716
0.092370
0.118871
0.052033
0.416236
0.113082
0.198656
0.328642
0.138666
0.041141
0.366631
0.190580
0.408268
0.149865
0.129231
0.241068
0.048168
0.104272
0.083101
0.108082
0.179636
0.136075
0.217670
1.061490
0.393752
0.068052
0.141195
0.150894
0.672434
0.115349
0.063735
0.002802
0.235365
0.801752
0.002282
0.290953
0.094031
0.222539
0.227799
0.047026
0.004755
0.234204
0.009638
0.223540
0.541891
0.079822
0.039538
1.039831
0.101134
0.123167
0.083895
0.193305
0.258848
0.147915
0.095447
0.098549
0.197528
0.014307
0.284392
0.109940
0.505375
0.065684
0.082214
0.001365
0.029966
0.110737
0.009032
0.423365
0.077229
0.028760
0.018341
0.103328
0.088230
0.121358
0.141201
0.056316
0.031217
0.057043
0.153507
0.609697
0.019232
0.209782
0.060805
0.049931
0.448178
0.423759
0.119174
0.201225
0.351563
0.263096
0.271924
0.117543
0.164099
0.021393
0.061934
0.278646
0.578916
0.252124
0.152651
0.172919
0.112465
0.139624
0.418731
0.625345
0.009898
0.254586
0.241147
0.297857
0.077978
0.352210
1.109462
0.319479
0.046767
0.130782
0.473979
0.001087
0.122667
0.286099
0.040440
0.105286
0.000595
0.171933
0.383931
0.056157
0.091214
0.287280
0.072007
0.344674
0.137969
0.056984
0.070932
0.230896
0.012279
0.061720
0.574048
0.098312
0.091599
0.066348
0.022025
0.081786
0.136115
0.103461
0.148878
0.265708
0.366442
0.313153
0.112720
0.387807
0.150761
0.133955
0.330154
0.003152
0.185085
0.055287
0.197951
0.213482
0.039277
0.016539
0.084091
0.471899
0.069181
0.109562
0.035090
0.736906
0.017178
0.017559
0.231594
0.280559
0.206355
0.126885
0.109467
0.081283
0.099879
0.059426
0.060543
0.215073
0.101001
0.047889
0.166563
0.097288
0.083692
0.039453
0.105321
0.502300
0.235295
0.164961
0.029242
0.570984
0.108121
0.220813
0.019498
0.184128
0.140781
0.145626
0.021541
0.066048
0.417503
0.181108
0.092003
0.043189
0.044669
0.060500
0.124050
0.051184
0.027681
0.143256
0.020447
0.139625
0.176768
0.061393
0.098985
0.336892
0.207758
0.042973
0.498248
0.107972
0.294284
0.066151
0.147650
0.214174
0.122795
0.039162
0.372322
0.166329
0.371860
0.137325
0.040866
0.184934
0.089893
0.087500
0.023323
0.066887
0.044873
0.172171
0.181068
0.132371
0.131822
0.042010
0.057454
0.065432
0.315014
0.017304
0.393250
0.098158
0.012621
0.283093
0.202214
0.047457
0.082652
0.227530
0.021750
0.272667
0.027893
0.112679
0.062405
0.446821
0.157823
0.079229
0.018441
0.205377
0.004214
0.008822
0.125038
0.476310
0.130449
0.003569
0.103152
0.150682
0.148544
0.363513
0.249711
0.553727
0.061910
0.368238
0.130897
0.230822
0.080641
0.031200
0.257306
0.251094
0.138263
0.001871
0.146242
0.102725
0.117350
0.248560
0.040020
0.131307
0.245190
0.104048
0.133968
0.163221
0.213395
0.079494
0.004214
0.089333
0.112038
0.002705
0.204279
0.172261
0.095534
0.317949
0.073796
0.242749
0.112154
0.168723
0.168542
0.044266
0.087057
0.505336
0.075881
0.105171
0.000242
0.173155
0.000601
0.050338
0.416071
0.120066
0.071077
0.203041
0.196307
0.135395
0.104269
0.286383
0.118634
0.073877
0.037820
0.096953
0.072294
0.031725
0.433394
0.095708
0.109491
0.819313
0.078918
0.042632
0.005583
0.029216
0.115117
0.051511
0.052612
0.112626
0.095441
0.118269
0.048750
0.517906
0.306697
0.298304
0.224435
0.043567
0.029721
0.053474
0.303708
0.032728
0.150727
0.250731
0.639104
0.240528
0.154286
0.141763
0.041896
0.253361
0.003675
0.036322
0.503880
0.131925
0.107116
0.232443
0.308420
0.558231
0.136768
0.249797
0.104388
0.370005
0.039601
0.450382
0.090247
0.105483
0.089413
0.213122
0.310860
0.003796
0.036083
0.121189
0.324456
0.379818
0.138997
0.220573
0.342881
0.222094
0.139033
0.188009
0.049467
0.146295
0.064786
0.278894
0.144022
0.354809
0.250699
0.452196
0.154580
0.036472
0.028443
0.179052
0.216914
0.237488
0.090639
0.070584
0.356209
0.324199
0.095981
0.309537
0.148052
0.063070
0.001104
0.537476
0.259405
0.010847
0.285168
0.164081
0.460928
0.079259
0.092347
0.053312
0.299853
0.017628
0.380743
0.420058
0.247589
0.085911
0.204399
0.063365
0.625093
0.270422
0.168803
0.047814
0.053250
0.236705
0.270066
0.043350
0.296017
0.128959
0.659407
0.479810
0.305801
0.068009
0.010852
0.300280
0.370190
0.226640
0.040892
1.104550
0.032648
0.145450
0.190943
0.440249
0.171666
0.146998
0.118267
0.011752
0.002006
0.191321
0.093330
0.167087
0.088503
0.040716
0.435736
0.308602
0.115518
0.036261
0.051076
0.348029
0.080260
0.136042
0.119968
0.009281
0.065795
0.235593
0.573967
0.345210
0.146891
0.050119
0.028482
0.130659
0.034366
0.022564
0.001446
0.243882
0.131467
0.170372
0.268196
0.233741
0.141407
0.024139
0.007114
0.070637
0.490856
0.017650
0.112513
0.036395
0.717436
0.166273
0.219385
0.051245
0.058553
0.000385
0.016187
0.034248
0.057283
0.038530
0.250550
0.079981
0.067371
0.253605
0.013813
0.177813
0.156988
0.011383
0.267301
0.350178
0.100951
0.262200
0.041375
0.307327
0.083074
0.220921
0.174445
0.755810
0.052412
0.194582
0.308465
0.749028
0.486375
0.198498
0.356477
0.159272
0.391732
0.021056
0.038436
0.148381
0.148697
0.120927
0.086225
0.032159
0.113153
0.120154
0.026194
0.320722
0.213209
0.594541
0.490628
0.234637
0.338320
0.128586
0.081811
1.337483
0.087300
0.142458
0.247307
0.021189
0.124412
0.302097
0.015584
0.057035
0.065521
0.320377
0.189022
0.555068
0.410933
0.146521
0.117589
0.206374
0.235037
0.306784
0.097698
0.174017
0.194597
0.469898
0.111463
0.397269
0.320203
0.015416
0.008058
0.248057
0.162226
0.109759
0.277708
0.102095
1.850638
1.714607
1.646530
1.700706
1.798733
1.839646
1.762731
1.456111
1.568354
1.524076
1.732612
1.654934
1.694014
1.548441
1.590160
1.694601
1.747170
1.742689
1.551013
1.457335
1.498193
1.562858
1.621237
1.735074
1.694821
1.343424
1.019830
0.972133
1.302944
1.728523
1.792733
1.375686
1.639318
1.055453
1.494172
1.260468
1.558178
1.150695
1.259683
1.399036
1.515210
1.670302
1.377019
1.046261
0.932744
1.031394
1.210333
1.279421
1.421888
1.078990
1.379662
1.340771
1.182936
1.182731
1.425427
1.499280
1.448195
1.673385
1.707111
1.640566
1.239934
1.061130
1.236768
1.767863
1.652986
1.426013
0.655029
0.459844
0.958134
1.659768
1.701879
1.701030
1.769883
1.531021
1.511012
1.408521
1.453991
1.479511
1.589528
1.737613
1.743378
1.679570
1.728704
1.673744
1.575486
1.609192
1.464752
1.685996
1.706200
1.676038
1.495208
1.474884
1.321776
1.575507
1.736416
1.667831
1.638994
1.490884
1.513951
1.561455
1.613330
1.399258
1.300689
1.392103
1.284010
1.594484
1.522381
1.572044
1.311099
1.512076
1.208838
1.684907
1.670235
1.523714
1.008669
1.078443
1.014420
1.746304
1.780596
1.790255
1.507417
1.511966
1.778498
1.755096
1.576552
1.539198
1.345141
1.271824
0.957565
1.273625
1.692163
1.583328
1.607122
1.530549
1.499182
1.397729
1.441531
1.495063
1.698577
1.628531
1.301591
0.952752
1.198145
1.762032
1.838955
1.596374
1.670212
1.712648
1.741377
1.791615
1.621858
1.562182
1.286782
1.362126
1.400894
1.452074
1.538873
1.542830
1.670329
1.690361
1.734146
1.676029
1.747497
1.546476
1.675872
1.696050
1.647174
1.779470
1.695594
1.359963
1.644478
1.641110
1.452363
1.468664
1.529281
1.388817
1.592126
1.101076
1.437068
1.571357
1.695632
1.680921
1.535055
1.088101
1.253123
1.442566
1.661451
1.353244
1.290037
1.548282
1.301779
1.805160
1.734286
1.636283
1.531038
1.643288
1.623474
1.719171
1.672191
1.769499
1.740878
1.479908
1.162382
1.197506
1.435650
1.605567
1.307403
1.325094
1.504640
1.650787
1.693011
1.709610
1.688192
1.748180
1.823851
1.855576
1.813269
1.731226
1.533451
1.446558
1.426761
1.560504
1.559399
1.679651
1.638740
1.576344
1.524027
1.242490
1.266456
1.398443
1.505458
1.081975
0.674714
1.026342
1.478269
1.570208
1.305568
1.426073
1.600182
1.904765
1.530326
1.251996
1.214329
1.460383
1.603472
1.659263
1.673316
1.676922
1.764320
1.724227
1.548057
1.345042
1.365943
1.504487
1.410413
1.267433
1.409275
1.533410
1.522094
1.633462
1.452872
1.269785
1.394002
1.795721
1.646641
1.345209
1.422726
1.442351
1.643303
1.774538
1.727953
1.729628
1.682483
1.662048
1.536850
1.328094
1.468923
1.310035
1.684587
1.457709
1.609038
1.182468
1.636339
1.685452
1.347629
1.316575
0.967659
1.678732
1.771496
1.265919
1.536859
1.328798
1.677201
1.572374
1.569879
1.754055
1.712913
1.026091
0.439236
0.785982
1.480071
1.110775
0.839359
0.726267
1.110331
1.024381
1.515989
1.730521
1.466945
1.570185
1.360047
1.780574
1.786613
1.064486
1.083913
1.111182
1.795718
1.448559
0.847999
0.879732
1.385490
1.453972
1.422754
1.394788
1.368021
1.183821
1.131173
0.687953
0.395686
0.611337
1.333372
1.745888
1.586980
1.448237
1.450452
1.649428
1.756053
1.444739
1.598495
1.274306
1.141045
1.169855
1.399271
1.422722
1.569195
1.238356
1.445931
0.826680
1.605742
0.930828
0.674803
0.087201
1.160770
1.188477
1.419739
1.793591
1.739574
1.584014
1.248274
1.118312
1.815732
1.307888
1.288865
1.007853
1.784648
1.441995
1.270062
0.888810
1.196294
1.830889
1.698159
1.629376
1.328424
1.434748
1.326834
1.277085
1.160957
1.137205
0.998183
1.044187
1.307152
1.707889
1.514762
1.749455
1.605078
1.510440
1.656311
1.123441
0.927453
0.893551
1.587620
1.701034
1.537962
1.608175
1.282843
0.859195
0.965388
1.102974
1.535007
1.250870
1.489314
1.350414
1.132639
1.472034
1.501400
1.516516
1.013056
1.270160
1.831181
1.572384
1.739845
1.249948
1.447766
1.414771
1.660003
1.643349
1.581927
1.712104
1.549154
1.432950
1.557748
1.562800
1.816743
1.769535
1.497210
1.351083
1.187546
1.565267
1.291091
1.486228
1.320593
1.473614
1.759283
1.536770
1.666053
1.477249
1.575299
1.021117
1.552507
1.552563
1.809180
1.524629
1.367221
1.217152
1.313988
1.433276
1.735868
1.532110
0.756021
0.551396
0.760770
1.308720
1.289150
1.099483
1.450125
1.426430
1.817466
1.429853
0.687672
0.095322
0.404257
0.621063
1.209998
1.495821
1.844884
1.776762
1.612724
1.356162
1.511443
1.782713
1.756206
1.722397
1.364714
1.608474
1.225071
1.540425
1.612710
1.503578
1.663000
1.510692
1.848364
1.634206
1.453151
1.274386
0.856238
0.386363
0.790837
1.179675
1.777177
1.656523
1.652544
1.529506
1.639005
1.679756
1.773854
1.604573
1.279943
1.290895
0.902329
1.416932
1.546193
1.431688
1.701187
1.719338
1.570955
0.973564
0.696342
0.239550
0.481581
0.772242
1.160068
1.220053
1.682805
1.625507
1.567266
1.631500
1.524495
1.725513
1.640694
1.401165
1.432463
1.580028
1.499069
1.519663
1.482609
1.667153
1.629372
1.630458
1.914856
1.501036
1.537852
1.293261
1.539551
1.137664
1.172522
1.237879
1.676196
1.568280
1.722455
1.732596
1.788386
1.695118
1.613127
1.148110
0.908691
0.926975
1.479208
1.494003
1.623283
1.559478
1.058175
0.994726
1.866557
1.222065
1.533274
1.108142
1.580947
1.366693
1.628986
1.729695
1.652645
1.631914
1.622900
1.706683
1.840116
1.828996
1.643944
1.339518
1.387318
1.205583
1.045001
0.844988
1.345520
1.632342
1.492128
1.643693
1.852137
1.595672
1.668273
1.609035
1.768332
1.606286
1.260762
1.168242
1.301155
1.586360
1.572399
1.869109
1.845807
1.619900
1.595111
1.269321
1.619106
1.008660
1.485705
1.424255
1.670863
1.689108
1.379726
1.348111
1.827944
1.779459
1.740819
1.705267
1.625147
1.568488
1.382432
1.650545
1.682804
1.843292
1.745001
1.873630
1.719583
1.632686
1.507458
1.307454
1.169403
1.053711
1.169608
1.075847
1.335392
1.684464
1.619258
1.828193
1.853177
1.852540
1.745625
1.806313
1.705456
1.421197
1.403308
1.068714
0.405236
0.114014
0.326464
1.069952
1.634117
1.627648
1.641317
1.552941
1.724264
1.579763
1.741408
1.515977
1.284087
1.262018
1.477735
1.795517
1.969749
1.893786
1.950818
1.871371
1.879434
1.745150
1.842840
1.637123
1.700922
1.528117
1.694790
1.701955
1.899816
1.737573
1.856054
1.525858
1.811635
1.351779
1.853763
1.562358
1.742976
1.764624
1.748341
1.910078
0.326297
0.147820
0.319911
-0.588235
-0.027199
2.019669
0.061102
-0.145439
-0.073813
1.359728
-0.089008
0.374620
0.276328
-0.173325
0.901884
0.584869
-0.263364
-0.189135
0.945960
0.198693
0.816864
1.291878
0.470861
-0.271444
0.555460
-0.384661
-0.528005
0.933186
-0.168934
-0.341976
0.042678
-0.245614
-0.627859
-0.270093
0.506839
-0.377363
-0.374532
-0.186152
-0.389274
-0.145117
-0.013576
-0.185961
-0.091118
0.283889
0.086608
-0.029374
0.120863
-0.142077
-0.079030
0.191182
-0.571454
0.209873
-0.257551
-0.738502
-0.252454
0.167494
0.459671
-0.697131
-0.309158
-0.605920
-0.190408
-0.838560
-0.925866
-0.215371
1.035429
0.216734
-0.022130
-0.461091
-0.516146
-0.398401
-0.123176
0.029947
-0.394851
-0.348596
-0.242853
-0.371536
-0.357342
-0.366798
-0.325410
-0.032213
-0.642431
-0.427188
-0.200615
-0.200998
-0.137638
0.738126
0.651149
-0.483514
-0.471667
0.924353
-0.106259
-0.219865
-0.392412
-0.065806
0.696592
-0.155009
-0.152049
-0.065592
-0.116336
-0.854807
-0.496811
-0.029097
-0.376251
-0.497253
0.271645
-0.132257
-0.461372
0.312966
0.443931
-0.014989
0.175436
1.403162
0.706262
-0.804381
-0.715875
1.117556
-0.857170
-0.020205
0.102158
-0.084859
0.717271
-0.333623
-0.534369
-0.337844
-0.095984
-0.483553
-0.404713
-0.013759
-0.104715
-0.172044
-0.010773
-0.163598
-0.225637
0.003290
0.316716
-0.372156
-0.107149
0.982003
-0.102658
-0.539969
1.630597
-0.409988
-0.404228
0.130061
-0.208240
-0.594064
-0.482155
-0.037700
-0.649093
-0.175625
-0.137817
-0.158980
-0.410795
0.136183
0.706470
-0.302383
-0.704441
-0.145685
-0.247535
0.257366
-0.684427
-0.614608
0.131015
0.397624
1.534199
-0.395439
-0.216103
-0.075621
-0.343047
-0.168946
-0.606119
0.085890
0.671208
-0.110906
-0.204028
-0.043610
-0.163165
-0.058808
-0.544928
-0.341956
-0.115064
-0.497130
-0.364722
-0.076182
-0.167717
-0.230125
-0.195585
-0.631194
-0.045366
0.718010
-0.158729
-0.224907
-0.156971
-0.276446
1.223562
0.483965
-0.190558
-0.059960
-0.479423
-0.636352
0.351527
-0.412549
-0.463421
-0.211207
-0.591177
-0.202948
-0.268235
-0.290459
0.661985
0.516987
0.403915
-0.332360
-0.592078
-0.348354
0.297906
-0.168583
-0.335451
-0.276920
-0.138719
-0.040805
-0.457262
-0.357344
0.344926
0.223917
-0.487386
-0.538077
-0.024168
-0.661060
-0.272648
0.627095
-0.067582
-0.474481
-0.512892
0.437045
-0.341805
-0.139270
-0.586180
-0.433311
-0.463648
-0.055367
0.296080
0.220111
-0.483147
-0.291166
-0.059487
-0.445479
-0.250473
-0.254324
-0.093771
-0.316697
-0.181499
-0.493250
0.237967
-0.316377
-0.207312
-0.131413
-0.188607
-0.593072
-0.566844
-0.646956
-0.032889
-0.095628
-0.234005
-0.064341
-0.205061
-0.012320
-0.408629
-0.102988
0.136840
-0.302586
-0.258602
-0.064790
-0.162274
0.168507
-0.230024
0.645836
-0.401494
-0.864786
-0.358736
-0.321665
-0.045430
-0.302220
-0.270880
-0.376907
-0.087659
-0.061885
-0.007794
-0.130613
-0.298455
-0.287253
-0.790423
-0.463449
-0.364658
-0.364677
-0.782020
-0.228481
-0.329490
-0.429406
-0.137252
0.782245
-0.629556
0.189082
0.885159
-0.628519
-0.990289
1.651706
0.599757
-0.216961
0.357130
1.077619
-0.158809
-0.443405
-0.132746
-0.107484
2.002040
-0.337851
-0.478990
-0.068039
0.339774
-0.073027
-0.044737
-0.101029
-0.517155
-0.363371
0.020863
0.881912
-0.049497
1.156763
0.324905
-0.320987
-0.093859
0.002430
-0.389650
0.544423
-0.546646
-0.428588
-0.538335
-0.099669
0.949938
-0.303867
0.133795
0.271498
0.217325
-0.408528
-0.440690
0.548135
0.632471
-0.401360
-0.145705
-0.312379
-0.507147
0.721955
2.071932
-0.632386
-0.683681
-0.255482
0.136662
-0.713618
-0.243545
-0.195802
0.518154
0.651126
-0.328796
-0.074647
0.058216
-0.250739
-0.583360
-0.644593
-0.169395
-0.608492
-0.432854
-0.215902
0.000968
-0.410032
-0.143028
-0.329303
-0.241816
-0.195431
-0.250862
-0.689688
0.015450
-0.742211
-0.269260
-0.037197
0.788396
-0.181157
-0.595566
-0.440923
-0.521162
-0.619447
-0.108480
1.031899
0.082717
-0.322878
-0.410696
-0.258902
-0.122230
-0.028958
-0.096438
0.094098
-0.618541
-0.021593
0.425760
-0.068631
-0.544234
-0.352508
-0.378085
0.072376
-0.081307
-0.758603
-0.637531
-0.211667
-0.235752
-0.083582
-0.286698
-0.095601
0.828803
-0.283689
-0.221133
-0.126565
-0.232691
0.760581
-0.284984
-0.177219
-0.100326
-0.232849
0.215250
-0.126757
-0.289157
1.314212
0.532400
-0.336733
-0.133436
0.216191
-0.032638
-0.002114
-0.288890
-0.325211
-0.039920
-0.280866
-0.146867
-0.076322
-0.573648
-0.711365
-0.469070
0.147296
0.376650
-0.465443
-0.355394
-0.394998
-0.559084
0.242473
0.063277
0.908507
-0.120384
-0.406175
-0.430152
-0.353445
0.270816
0.054927
0.395978
-0.414277
0.814873
-0.277440
-0.797178
-0.007187
-0.047368
-0.161249
0.371981
-0.763355
-0.450801
-0.070437
-0.009480
-0.170572
-0.010209
0.922840
-0.481863
-0.734802
-0.300659
-0.098650
-0.132512
-0.098895
-0.465180
-0.373489
-0.013911
-0.235414
-0.307335
-0.034599
-0.131351
-0.642442
-0.315990
0.613435
1.030288
-0.487629
-0.538829
-0.325607
-0.327334
0.267295
-0.238067
-0.154383
-0.575517
-0.385376
0.919443
-0.222056
0.079664
-0.341655
0.381512
-0.127843
-0.246934
-0.123880
-0.545723
-0.195529
0.267159
0.446822
-0.480084
-0.286980
-0.367639
-0.270078
0.025780
-0.175589
-0.404752
0.955513
-0.160835
-0.153987
0.108972
-0.306255
-0.603501
-0.182477
0.205944
-0.102507
0.389382
0.043081
-0.386371
-0.149265
-0.040465
-0.798986
-0.218301
-0.420712
0.660929
-0.506427
-0.451194
0.584666
0.016787
-0.395262
-0.208222
-0.662983
-0.517919
-0.126680
0.473882
-0.456736
-0.469409
-0.048849
0.238188
0.009327
-0.238833
-0.149415
0.551606
-0.020830
-0.425254
0.314692
0.987717
-0.311801
-0.210574
0.275749
0.311166
-0.480095
-0.202577
0.857953
-0.265048
-0.618163
-0.356292
-0.690304
-0.169896
-0.460233
0.396705
0.013694
-0.521259
-0.566376
0.263129
0.349308
-0.485429
-0.135714
-0.043447
0.837301
-0.497917
0.099657
-0.285893
0.536758
0.205704
-0.127056
-0.619902
-0.693774
0.555102
0.534056
0.089400
-0.620980
-0.077340
0.039266
-0.327512
-0.024215
-0.423028
1.182806
0.236236
-0.134258
-0.218779
-0.194586
0.167432
-0.172211
-0.775981
-0.102777
1.026445
0.404712
-0.650616
-0.194084
-0.241386
1.467392
-0.053854
-0.544023
0.715923
1.346506
-0.183167
-0.100179
-0.521592
-0.054765
1.476537
0.069817
-0.649019
-0.015005
1.137916
-0.223273
-0.341623
-0.234225
-0.232379
-0.035790
-0.194296
-0.287946
-0.487598
-0.059966
-0.117021
-0.036533
-0.493338
-0.407824
-0.001166
0.409104
-0.462442
-0.167703
-0.025845
-0.104084
-0.348106
-0.069251
0.276807
-0.244452
-0.487491
-0.187630
-0.163943
-0.183290
0.449973
-0.235948
-0.458974
-0.655069
-0.357974
-0.348126
-0.168957
-0.781816
-0.208771
-0.090895
-0.698745
-0.706812
-0.312979
-0.111287
-0.087501
-0.013979
-0.053493
-0.513143
-0.356993
-0.459590
-1.290033
-0.075960
-0.552483
-0.863824
0.002586
-1.341100
0.307962
-0.674925
-0.897779
-0.325503
-0.941493
-0.231858
-0.316894
-0.189553
-0.276928
-0.099643
-0.562799
-0.928333
-0.762332
-0.249474
-0.179041
0.138897
0.589233
0.060516
-0.028819
1.299900
-0.085751
0.286222
0.740680
-0.073942
0.470544
0.240378
-0.149192
0.515857
0.105041
0.510115
-0.185078
-0.226862
0.121227
0.037387
0.296637
0.804619
-0.172012
-0.015004
0.503341
-0.067380
0.437355
-0.425017
0.105405
-0.468048
-0.198863
-0.509502
0.048192
0.044694
-0.377264
0.292661
-0.501964
0.424510
-0.027000
0.075223
-0.064797
0.328156
-0.020919
-0.117352
-0.238861
0.128322
0.208548
-0.254186
0.391400
-0.450530
-0.213651
-0.059828
0.277347
0.419060
0.302552
-0.023955
0.479396
0.217376
0.144045
0.423158
-0.141096
-0.283297
-0.164560
-0.086616
-0.090366
0.137350
0.008861
0.403908
-0.646135
0.445128
-0.282673
-0.611869
0.137169
-0.297369
0.068675
-0.137759
-0.167551
0.106835
-0.320763
0.011211
-0.210748
-0.178947
-0.260818
0.134435
-0.193331
0.405594
0.378470
-0.211028
-0.304517
0.207917
0.116370
-0.065499
-0.252508
0.643867
-0.026415
-0.298074
0.297031
-0.008904
-0.017787
-0.151343
-0.148653
-0.034600
-0.224842
-0.028033
0.082133
0.190174
0.092270
0.315766
-0.278200
-0.277314
-0.410420
-0.126529
0.164230
-0.003596
-0.413674
0.147616
-0.321404
0.245601
-0.293705
-0.339379
0.440437
-0.407995
0.377088
-0.064274
0.418154
-0.183739
0.204485
-0.197822
-0.063080
-0.043295
0.079989
-0.176153
0.366516
0.370179
-0.143600
-0.196749
-0.065046
0.375771
-0.197947
0.120492
-0.382625
-0.102440
-0.124922
-0.259177
0.233488
-0.483371
0.438852
-0.256637
-0.272981
0.078088
-0.000106
-0.008582
-0.189297
-0.006890
0.235814
-0.080650
0.301595
0.166974
-0.268915
0.361882
-0.040886
0.279710
-0.255890
1.000149
0.168091
-0.235380
-0.252113
-0.494403
0.401116
-0.225093
-0.027732
-0.275001
-0.255417
-0.173031
0.155205
0.294008
-0.294450
0.263785
-0.163872
0.131473
0.017344
-0.034692
-0.083619
-0.015350
-0.302695
-0.307799
-0.679429
-0.122951
-0.522296
-0.092425
0.199626
-0.488488
0.111230
-0.293798
0.304175
-0.024966
-0.146136
0.051838
-0.365519
0.303294
-0.085625
-0.284939
-0.674117
-0.552405
-0.296370
-0.385370
-0.178232
-0.121396
-0.192068
0.255947
1.152790
-0.305651
0.017545
-0.046450
0.119523
-0.419728
0.220289
-0.014934
0.165299
0.195014
-0.302723
-0.304494
-0.230393
0.769326
-0.160627
0.691912
0.928862
0.177113
0.783977
0.527714
0.763351
-0.308118
-0.058876
-0.120824
0.119730
0.075523
0.027444
0.195962
-0.268902
-0.352572
0.414939
0.011331
0.013504
0.622652
-0.237502
-0.158547
-0.017668
-0.382354
-0.041470
-0.483067
-0.311000
-0.535414
-0.190801
-0.232539
-0.115648
0.003685
0.548395
-0.141367
0.002283
-0.216882
-0.293450
-0.016123
0.093981
-0.350440
-0.088818
-0.176657
-0.039387
0.098621
0.024165
0.241115
0.285946
0.885211
0.186655
0.065599
0.337099
0.160099
-0.194601
0.325011
0.055754
-0.216094
0.003971
-0.113756
0.253185
-0.133818
-0.076899
-0.241627
-0.269369
-0.671135
-0.163039
0.076530
-0.093595
-0.070650
-0.193576
-0.046262
-0.587136
-0.202051
-0.083702
-0.217348
-0.067194
-0.026462
-0.426923
0.151850
-0.038895
-0.488957
-0.048586
0.216252
-0.332077
-0.127484
0.187806
0.640063
-0.060950
-0.327286
0.486714
0.022092
0.233229
-0.251610
-0.140780
0.356017
-0.191612
0.474921
0.047820
0.056173
-0.220010
-0.079662
-0.332464
0.687017
-0.208694
0.316622
0.204295
0.341422
-0.216594
0.149415
-0.304224
0.493409
-0.748712
-0.109315
-0.289890
-0.206478
0.334504
-0.481032
-0.095301
-0.296848
-0.479511
0.243994
-0.310894
1.190606
-0.032806
0.145361
0.021452
0.313428
-0.164763
0.195224
0.146029
-0.192405
0.033511
-0.133892
0.152368
0.096925
-0.744507
-0.215815
0.106443
0.529619
-0.204080
0.539446
0.512129
0.423000
-0.403645
0.286988
-0.639546
0.356833
-0.492615
-0.169419
-0.091349
-0.028490
-0.237940
0.267134
0.357078
-0.484806
0.113430
-0.149884
0.480764
0.173112
0.426327
-0.282329
-0.306901
0.121932
-0.259397
-0.038090
-0.244781
-0.241252
-0.035167
0.442709
-0.214935
0.256783
-0.288411
-0.201093
-0.368405
0.046857
-0.253468
0.093842
-0.086638
-0.194307
0.311824
-0.233373
-0.238665
0.007822
-0.081679
-0.549330
-0.138193
0.381243
-0.300481
-0.056072
0.102348
0.008508
-0.012107
-0.061172
0.575335
-0.450052
0.787552
-0.103587
0.335565
0.529227
-0.277108
-0.290637
0.083370
-0.268419
0.553007
-0.448423
0.405919
-0.166090
0.129891
-0.750453
0.030404
0.634484
-0.203912
0.363159
-0.055079
-0.357558
-0.381615
-0.186279
-0.046050
-0.073532
-0.071707
-0.547274
-0.032754
0.472422
-0.190222
0.054862
-0.026076
0.278885
-0.101457
-0.358590
-0.000333
0.274770
0.241011
-0.469976
0.075658
0.176762
-0.135930
0.752425
0.440099
-0.144008
0.891694
-0.162254
-0.239768
0.889118
-0.225698
0.215119
-0.106697
0.237135
-0.330808
-0.054296
-0.226216
-0.064030
-0.105781
0.572098
0.114320
0.271047
-0.255185
-0.525934
0.238101
-0.113119
0.105928
-0.362755
0.208901
-0.573260
0.360978
-0.291519
-0.081314
-0.072520
-0.400488
-0.006948
0.263327
0.267817
-0.192118
0.118750
-0.111603
-0.053182
-0.247352
-0.581508
-0.693473
-0.004850
0.606235
-0.566408
0.167716
-0.212226
0.069473
-0.038503
0.171763
-0.253165
-0.068503
0.138259
-0.042741
0.229466
-0.053983
0.036069
0.015772
-0.211197
0.245061
0.023753
0.477605
0.982041
0.387042
0.214901
0.014682
-0.189255
0.189699
-0.818550
0.110990
-0.110949
-0.350225
0.293847
-0.097426
0.169149
0.227621
0.156532
-0.167734
-0.138477
-0.257958
0.357031
-0.292180
0.190004
-0.158628
-0.595030
-0.454066
-0.337538
-0.437280
0.408755
-0.107470
0.592988
-0.011891
-0.335720
0.028908
0.511317
0.139344
-0.081863
-0.227136
-0.208493
-0.159768
-0.128978
0.489815
-0.337405
0.015826
-0.081663
-0.171553
-0.196307
0.287657
0.371890
0.305042
-0.056705
0.243482
-0.113759
-0.012367
-0.624744
0.583613
-0.588783
-0.065085
0.250464
-0.151420
0.381400
-0.237871
0.337585
-0.188254
0.207445
-0.033269
0.177955
-0.293452
0.118446
0.006240
-0.281754
0.060753
-0.188310
-0.127593
-0.293209
0.093871
-0.285909
-0.043318
-0.331560
0.557397
-0.720113
-0.282766
-0.055741
-0.329178
-0.112810
-0.095667
0.310784
-0.285726
0.086692
0.419657
0.896788
0.453676
0.255143
0.164384
-0.269834
-0.142251
0.168126
-0.174768
-0.154033
0.459900
-0.152726
0.028601
-0.159025
0.141292
-0.298625
0.569442
0.662220
0.452495
0.728794
0.774198
0.462851
-0.034053
0.635355
-1.050272
1.416579
-0.036407
0.630463
0.441415
0.567472
0.575291
0.958990
0.123018
0.632880
0.814586
0.675613
0.402798
0.432622
0.145296
0.016713
1.319331
0.913653
1.052059
1.262359
1.172444
1.197800
1.074886
1.104495
0.410476
0.878173
1.094104
1.125018
0.951696
1.097063
1.011795
1.276409
1.003113
0.984823
0.992156
0.927860
1.028766
0.971977
0.947214
0.472609
1.216564
0.902142
0.891737
0.786259
0.711292
0.760333
0.915295
0.676497
0.157301
0.701657
0.978764
0.373544
0.690758
0.613703
0.867109
1.079463
0.713920
1.162185
0.980108
0.762343
1.062131
1.070217
0.921110
0.518754
0.747435
0.834825
0.958570
1.121185
0.746609
0.958689
0.968844
1.151260
1.666984
1.552171
1.054208
0.581458
0.819338
0.504009
0.091397
0.515499
0.044212
0.935115
0.452008
0.845956
1.190488
0.865320
0.847975
1.587457
1.031570
0.949346
0.468582
0.714785
0.338640
0.948293
0.971835
0.881602
0.959012
0.950145
0.876160
1.389134
1.445806
1.320258
0.758624
1.133664
0.700835
1.001147
0.460716
0.950331
1.053504
0.835966
0.828389
1.225487
1.224515
0.979006
0.363602
1.096222
0.748292
0.622248
0.919672
0.985746
0.761742
1.105875
0.973470
0.876710
0.919323
1.461046
1.393556
1.058023
1.487995
1.676445
1.294597
0.924847
1.036617
0.947424
1.053263
0.996952
0.435351
1.056820
0.846617
1.066125
0.679287
0.693856
0.672000
0.817820
0.540535
0.799840
1.081901
0.654616
1.103654
1.187438
0.710971
0.574894
0.758494
1.336571
0.854505
0.549878
1.009327
1.052277
1.099280
0.954635
0.741420
1.500047
1.283193
1.197060
1.267446
1.024157
0.554779
0.225787
0.668466
0.562622
0.656186
0.454706
0.877688
0.755171
0.806282
1.041698
0.674664
0.749695
0.622559
0.929238
1.216906
1.067443
1.080875
1.134930
1.672937
1.326218
0.690060
0.452863
0.844649
0.691477
1.105048
1.184647
1.882647
1.650457
1.203148
0.880931
0.641763
0.520539
0.009595
0.525699
1.324356
0.764247
0.391355
0.806556
1.426389
0.899180
0.586604
1.113537
0.915059
0.574484
0.503191
0.770415
0.977216
1.294453
1.401936
1.323888
1.233863
0.864166
0.798091
0.690820
0.424308
0.899542
0.542774
0.613700
0.957500
0.987198
1.432602
1.171193
0.999338
0.605918
0.891046
1.221186
0.964352
0.720679
0.791347
1.016575
0.977681
0.806331
0.804723
0.953996
0.783399
0.633944
1.182290
1.121735
1.128450
1.043045
1.423848
1.744218
1.276385
1.304323
1.295165
0.851026
0.735823
0.369179
0.701270
0.541327
1.042603
0.751750
0.145759
1.248583
1.262621
0.858435
0.714329
0.992206
0.716918
0.213023
0.502706
1.129472
1.065979
1.139342
0.561573
1.038559
1.065140
1.144223
0.497391
0.885446
0.546921
0.284014
0.544617
0.562509
0.974401
0.823238
0.482115
1.235221
1.233853
0.750155
1.317610
1.056797
1.010545
0.332001
0.044868
0.764716
0.002844
0.812015
0.701907
0.792045
0.488981
0.466553
0.008376
0.783487
1.065503
1.476772
1.443904
1.221249
1.250534
1.169767
1.008268
0.917909
0.340132
0.107641
0.985492
0.570621
0.966515
1.838057
1.012434
1.266524
0.824497
0.907334
1.111879
0.356488
0.652884
1.113475
1.578399
1.335590
1.345270
0.854154
0.964178
0.942971
1.150329
0.667446
0.174650
1.032423
1.006096
1.023424
0.728059
0.518494
0.660889
1.185628
0.687333
1.096740
1.523460
1.156480
0.841117
0.598606
1.153270
0.869588
1.156392
0.330230
1.081308
0.980581
1.017411
0.733067
1.053447
0.803521
0.546773
0.846276
1.507753
1.176030
0.265048
1.251833
0.910263
1.224311
1.022966
1.035753
1.121712
0.561096
0.611902
0.990759
1.224428
1.001104
1.113384
0.503987
1.018122
1.154799
0.806159
1.081795
1.066822
0.669657
0.421038
0.374936
0.727856
0.827340
0.362161
0.377542
0.676951
0.737990
1.031596
0.831674
0.880913
0.529388
0.666284
0.954905
1.368602
1.370505
1.533360
0.990173
0.728837
0.920154
0.377290
0.287681
1.142375
1.439631
0.966249
1.727550
0.739864
1.423820
1.413287
0.640867
1.145724
0.830154
0.722510
0.187355
0.970455
1.575832
1.481407
1.259160
0.950211
0.318717
0.076531
0.025519
0.092709
0.630539
0.354936
0.522567
1.016343
0.867400
0.107825
1.037246
0.445873
0.918534
1.143006
1.245191
1.135888
1.221208
1.021388
0.545526
0.723074
0.537845
0.694651
0.901137
1.151753
0.822232
0.937577
1.566065
0.884485
0.711615
1.045869
1.657681
0.916595
1.133098
1.180622
1.462581
1.311143
0.560632
0.878659
0.707806
0.227122
0.781541
1.366441
0.995505
1.153587
0.326037
0.943594
1.302964
1.139888
0.826444
1.089594
0.415332
0.028831
1.009573
1.882567
1.228173
0.728186
0.729684
0.173562
0.611369
0.715991
0.170687
0.965048
0.664585
0.218808
0.587068
0.170905
0.086139
1.194270
1.385196
1.182106
0.931321
0.995893
0.991512
0.533206
1.068365
1.597594
0.932952
0.249096
0.813986
0.906907
0.600897
0.164896
0.303374
1.213989
1.281612
1.359439
0.835158
1.447518
1.130811
0.543573
0.047634
1.331315
1.200891
1.000234
0.858578
0.843258
0.816286
0.756711
1.303557
1.547694
0.477399
0.299635
0.750604
0.815867
1.336184
1.262282
0.803072
1.289997
0.972665
0.914428
0.650763
1.112150
1.759399
1.813680
1.281570
1.323040
0.743980
0.994514
0.915139
0.526514
1.164994
1.432218
1.235918
1.482152
1.025712
1.806131
1.298893
0.997127
0.584908
0.242481
0.462652
1.118877
0.647627
1.021893
1.119737
0.939529
1.360721
0.825783
1.495691
1.219215
0.582957
0.989066
0.523060
0.251414
1.112841
1.315263
1.053113
0.759539
0.653098
1.103148
0.927245
1.219541
0.975624
1.319717
0.985643
0.645502
1.025440
0.866275
0.989498
1.127000
0.836135
0.114468
0.692013
1.220981
0.992021
0.721793
0.932145
0.921390
0.721277
1.132292
0.895760
1.020515
1.458743
1.021873
0.542044
1.024397
0.829315
1.052653
1.418269
0.883021
1.009461
0.922815
0.940939
0.948656
0.778006
0.643201
0.929841
1.157063
0.999175
0.781992
1.223312
1.267326
0.570861
1.129071
0.538095
0.562690
1.000212
0.981381
0.810722
0.952034
0.430943
0.162022
1.063147
1.435320
0.920370
0.750896
0.474177
0.764495
0.051466
0.059726
1.218477
0.966344
0.769489
0.624924
0.334252
0.973954
0.851759
1.154630
0.990541
0.807466
0.956862
0.962677
1.082330
1.184511
1.350883
1.127841
1.213283
1.077475
1.264618
0.930186
0.630601
0.602040
0.672906
1.232512
1.347615
0.754316
0.379441
0.470761
0.492452
1.153239
0.943168
0.945014
1.229549
1.421685
1.354651
1.139751
1.014280
0.903628
0.771320
0.853736
1.238827
0.851849
0.923536
1.234868
1.389064
1.039060
1.404591
1.355461
1.148093
1.139656
1.121210
1.492538
1.494689
1.186681
0.851099
0.929192
0.875169
0.759597
0.707641
0.778468
0.746990
0.174456
0.689536
0.377348
0.581988
0.816084
0.543656
0.428358
0.507370
0.640151
0.330046
0.511634
0.352212
0.841843
0.527497
0.310163
0.428728
0.532287
0.410375
0.402183
0.299223
0.331509
0.424578
0.464576
0.564019
1.135816
0.469553
0.129272
0.079207
0.605002
0.523580
0.143712
0.510689
0.428928
0.197895
0.382424
0.088738
0.608042
0.708952
0.402948
0.226485
0.535433
0.646377
0.626053
0.271272
0.409108
0.302927
0.375056
0.609806
1.954842
0.221470
0.162227
0.925380
0.173218
0.780005
0.367336
0.196791
0.052992
0.988150
0.434180
0.211258
0.697903
0.265254
0.149729
0.021223
0.590354
0.059323
0.322475
0.741158
0.029236
0.205229
0.068198
0.608525
2.447036
0.076077
0.439760
0.019362
0.041949
0.170447
0.072878
0.233009
0.434406
0.323888
0.189251
0.127455
0.001701
0.023063
0.476389
0.036233
0.397750
0.351317
0.671335
0.127717
0.546642
0.112255
0.367204
0.731422
1.134323
0.349380
0.414842
0.161515
0.035380
0.039364
0.020736
0.154565
1.188047
0.245642
0.103788
0.017345
0.004142
0.087151
0.481412
0.006356
0.245392
1.566721
0.445853
0.258674
0.277469
0.339451
0.935193
0.423701
2.805287
0.063208
0.409774
0.186513
0.284241
0.457561
0.590758
0.206727
0.049165
0.495561
0.235854
0.251815
0.316352
0.617600
0.466429
0.293065
0.307333
0.081974
0.485836
0.825139
0.012259
0.383451
0.550504
0.357753
2.227661
0.990824
0.121470
0.446200
0.353666
0.117096
0.054212
0.043328
0.324247
0.149829
0.040913
0.251383
0.996475
0.165902
0.315649
0.219793
0.061370
0.005836
0.459890
0.010725
0.837058
0.107445
0.007906
0.580382
1.841687
0.052708
0.356778
0.766401
0.383654
0.156742
0.144631
0.411912
0.154710
0.475290
0.125370
0.093156
0.199425
0.029191
0.194798
0.010993
0.028955
0.356718
0.181930
0.162703
0.207183
0.411950
0.112828
0.371373
1.973154
0.034906
0.339778
0.968777
0.454071
0.092854
0.237705
0.469843
1.368576
0.201750
0.224221
0.279335
0.635600
0.097037
0.123800
0.739558
0.180159
0.367370
0.331367
0.039480
0.461203
0.568434
0.299509
0.400433
1.988325
0.792247
0.221055
0.237346
0.100581
0.430995
0.419767
0.404847
0.336153
0.260394
0.168213
0.050802
0.876045
0.005829
0.372602
0.050647
1.355973
0.070868
0.074215
0.002436
0.052870
0.020946
0.643257
0.196799
1.440905
0.249051
0.265979
0.492967
0.878789
0.232543
0.570069
0.093974
0.246553
0.201235
0.196149
0.528926
0.209956
0.083116
0.235059
0.130015
0.159269
0.017164
1.195705
0.624335
0.161680
0.254342
0.032056
0.481225
1.883115
0.157510
0.315092
0.172138
0.096560
0.608748
0.272970
0.349416
0.090752
0.127428
0.023855
0.154280
0.239063
0.084701
0.557387
0.035666
0.471040
0.049380
0.453743
0.146235
0.029580
0.201749
0.341692
0.436928
1.309612
0.792551
0.011149
0.931921
0.983392
0.239179
0.298388
0.117698
0.135474
0.293585
0.171651
0.339907
0.331527
0.001318
1.154205
0.023165
0.358399
1.453890
0.328863
0.049323
0.145667
0.330138
0.343362
0.382792
0.915330
0.338305
0.328286
0.140360
0.426249
0.748048
0.619260
0.191981
0.879526
0.820924
0.135251
0.618423
0.238362
0.047583
0.161002
0.089257
0.060254
0.661839
0.090819
0.479893
0.117453
0.643019
0.319110
0.634665
1.583922
0.444381
0.207915
0.080239
0.345829
0.227984
0.249023
0.201387
0.135616
0.016599
0.314752
0.201303
0.215977
0.231343
0.732736
0.108742
0.127136
0.177396
1.099841
0.314135
0.075491
0.470075
0.357230
0.845880
2.160419
0.070732
0.156919
0.233138
0.247637
0.547891
0.284860
0.070664
0.015315
0.374207
0.268524
0.370666
0.370151
0.482005
0.243280
0.589426
0.040731
0.095373
0.251429
0.198287
0.026013
0.024039
0.889751
0.474610
1.558221
0.072010
0.020567
0.682925
0.224380
0.179959
0.341831
0.608368
0.046969
0.561272
1.713605
0.773818
0.368079
0.365708
0.500752
0.402285
1.194053
0.563754
0.212751
0.036957
0.075369
0.040736
0.310262
0.345597
1.478501
0.037204
0.268827
0.095490
1.248457
1.031005
0.422852
0.332357
0.186731
0.370551
0.104027
0.228429
0.706020
0.056584
0.104849
0.189804
0.660351
0.072211
0.056456
0.093665
0.294052
0.073762
0.306864
0.643684
1.816961
0.131063
0.022998
0.279765
0.154617
0.100447
0.390884
0.390952
0.079034
0.102151
0.261283
0.002955
0.164519
0.196376
0.015267
0.288215
0.265785
0.485077
0.610035
0.917096
0.073886
0.337871
0.017033
0.614225
1.882052
0.147150
0.015960
0.086655
0.066582
0.008684
1.157945
0.848464
0.863369
0.050226
0.485557
0.169482
0.184423
0.055658
1.290678
0.415559
0.110183
0.287855
0.031966
0.098474
0.181887
0.786482
1.354350
0.313878
1.167577
0.159277
0.314854
0.027931
0.673217
0.244537
0.342567
0.223061
0.162020
0.506520
0.224399
0.298451
0.759065
0.254484
0.101479
0.542343
0.065566
0.546846
0.292870
0.261202
0.640778
0.064354
1.145514
0.232761
1.240710
0.083441
0.008714
0.035381
0.132247
0.071252
0.160342
1.016077
0.022924
0.006630
0.252253
0.671412
0.795726
0.136586
0.518602
0.005555
0.735995
0.062884
0.225726
0.215053
0.502510
0.737670
0.238705
0.231200
1.473514
0.134220
0.068016
0.897312
0.246659
0.090502
0.329834
0.074174
0.514181
0.082941
0.126602
0.251496
1.377435
1.918850
0.147793
0.503227
0.098241
0.782688
0.194347
0.079768
0.085095
0.553973
0.050883
0.260042
1.095792
0.063143
0.251523
0.957231
0.189447
0.319043
0.077379
0.382362
1.421591
0.070086
0.061960
0.156025
0.177717
0.933423
1.091495
0.049211
0.279520
0.157311
1.398968
0.331126
0.103318
0.330535
0.218785
0.514304
0.976429
0.098749
0.228175
0.198678
0.494548
0.110302
0.430349
0.038174
0.183252
0.156607
0.215564
0.214422
0.180536
0.170581
0.166567
0.846161
0.011359
0.125246
0.045999
0.037261
0.157223
0.255868
0.266204
0.226091
1.400525
0.010084
0.718771
0.191199
0.032182
0.651195
0.136001
0.104259
0.025592
0.199000
0.267803
0.047245
0.037596
0.329540
0.419506
0.132342
0.299013
0.088131
0.047313
0.216326
0.499815
0.220977
0.552202
0.254352
1.353265
0.303439
0.038585
0.468582
0.130657
0.248464
0.135386
0.297488
0.840717
0.172002
0.015320
0.132758
0.102814
0.070350
0.412425
0.292388
0.171373
0.445221
0.010861
0.180323
0.080799
0.184192
0.384525
0.315957
2.018209
0.316847
0.194353
0.202873
0.292197
0.138813
0.023297
0.248754
1.108895
0.440635
1.378840
1.019173
0.613601
0.843215
0.421963
0.723700
1.509342
0.127641
1.063415
1.644392
0.831246
0.012054
0.195100
0.345181
0.073101
0.264601
0.201231
0.291012
0.287113
0.226594
0.342020
0.295470
0.289064
0.330091
0.323234
0.299587
0.362647
0.307210
0.207563
0.260859
0.241769
0.275890
0.263309
0.226921
0.214410
0.215144
0.278880
0.211152
0.345160
0.484677
0.434321
0.590154
0.464884
0.472358
0.396766
0.502334
0.457457
0.407039
0.507371
0.491873
0.448344
0.351847
0.418586
0.450298
0.466377
0.381817
0.337954
0.408327
0.517027
0.512364
0.458488
0.235455
0.148854
0.386536
0.576827
0.554255
0.548311
0.456567
0.515091
0.512823
0.562913
0.642007
0.552041
0.554504
0.624787
0.574108
0.568736
0.608185
0.562577
0.645397
0.563330
0.431590
0.458892
0.487344
0.556315
0.510141
0.311007
0.708467
0.630360
0.571390
0.546267
0.431643
0.544216
0.478110
0.499148
0.612570
0.577994
0.429107
0.523130
0.528266
0.493932
0.537893
0.461820
0.538420
0.619558
0.603807
0.711164
0.522675
0.496151
0.418112
0.161873
0.463237
0.538704
0.567805
0.440491
0.362006
0.401170
0.374906
0.483543
0.573056
0.570582
0.479959
0.612342
0.664958
0.546151
0.452742
0.625079
0.558865
0.561379
0.630342
0.541144
0.593862
0.667256
0.497197
0.189526
0.583450
0.662910
0.586251
0.462543
0.472642
0.492029
0.541400
0.451041
0.507792
0.541800
0.629874
0.608097
0.561691
0.652177
0.547785
0.509943
0.539878
0.571059
0.581508
0.604180
0.584039
0.570175
0.452530
0.187971
0.506687
0.545173
0.523324
0.424615
0.536006
0.435442
0.415666
0.595619
0.630643
0.574275
0.557123
0.540800
0.651614
0.564186
0.517343
0.491547
0.495564
0.553554
0.510045
0.554036
0.637447
0.630553
0.650567
0.253086
0.572277
0.604235
0.518380
0.440332
0.458161
0.472256
0.423701
0.463314
0.582159
0.713895
0.574933
0.590182
0.544517
0.533389
0.508736
0.490306
0.642800
0.497856
0.500167
0.673812
0.608077
0.640309
0.580724
0.266894
0.504737
0.619469
0.345734
0.459469
0.575701
0.650989
0.543884
0.619994
0.634521
0.448998
0.348230
0.385513
0.459556
0.390656
0.352910
0.529777
0.472866
0.470498
0.492187
0.457805
0.430816
0.574204
0.429193
0.290280
0.523842
0.551558
0.408601
0.526315
0.475590
0.494967
0.530921
0.543464
0.550728
0.543173
0.437120
0.380044
0.421563
0.435811
0.549042
0.438731
0.556793
0.613194
0.582939
0.526334
0.548284
0.586735
0.415126
0.209057
0.476135
0.427498
0.407726
0.471353
0.616172
0.610148
0.569376
0.512684
0.485431
0.380828
0.362491
0.435693
0.422428
0.451548
0.472146
0.481630
0.636218
0.468357
0.475585
0.518528
0.364300
0.444395
0.331127
0.158731
0.474891
0.403768
0.523528
0.580837
0.603357
0.541623
0.550069
0.557400
0.535680
0.491789
0.534104
0.394876
0.449398
0.594322
0.475988
0.596413
0.557332
0.597570
0.514682
0.411822
0.549091
0.483939
0.358407
0.305707
0.456100
0.573070
0.378095
0.444578
0.520745
0.548561
0.448649
0.493729
0.542221
0.386895
0.465750
0.516222
0.499535
0.408655
0.557691
0.573861
0.527047
0.607257
0.608446
0.617124
0.609012
0.504109
0.452910
0.246275
0.490204
0.369007
0.499120
0.540644
0.456151
0.407880
0.426058
0.510414
0.687457
0.497318
0.435775
0.455470
0.384644
0.533934
0.426336
0.468890
0.600949
0.788949
0.595662
0.579578
0.558403
0.634007
0.375308
0.338402
0.507824
0.529099
0.525332
0.403055
0.417841
0.457431
0.508232
0.660146
0.566915
0.582371
0.494569
0.628098
0.445376
0.313158
0.405515
0.501881
0.611885
0.634095
0.747328
0.640165
0.619616
0.587883
0.378354
0.249794
0.408782
0.453810
0.460669
0.489269
0.528174
0.370486
0.417198
0.514332
0.532694
0.562061
0.375003
0.439170
0.542235
0.451072
0.460181
0.493472
0.590972
0.637871
0.678098
0.614215
0.585933
0.513078
0.298717
0.226337
0.584520
0.514235
0.450935
0.432949
0.422446
0.463488
0.417255
0.586505
0.610344
0.539986
0.515634
0.586427
0.606472
0.494479
0.422944
0.478522
0.420892
0.495788
0.690250
0.628958
0.584508
0.430850
0.243944
0.301883
0.387031
0.424223
0.460500
0.429281
0.519167
0.632935
0.562069
0.469234
0.483645
0.438702
0.455509
0.364428
0.508143
0.560641
0.632160
0.563858
0.521962
0.551074
0.477312
0.521486
0.488652
0.500734
0.460323
0.249798
0.528154
0.538899
0.446255
0.541509
0.605066
0.498848
0.482341
0.437029
0.535618
0.488969
0.537831
0.518089
0.547884
0.646434
0.632809
0.518955
0.402158
0.383711
0.476905
0.505370
0.503923
0.586103
0.371624
0.180930
0.388956
0.357988
0.295890
0.434092
0.517903
0.567432
0.606140
0.530649
0.500713
0.507413
0.330679
0.415591
0.373922
0.460011
0.576040
0.674897
0.562558
0.521177
0.451728
0.455684
0.445267
0.443914
0.412456
0.160207
0.378344
0.418085
0.441276
0.401044
0.494230
0.560545
0.406253
0.438550
0.595890
0.660768
0.470656
0.531575
0.685164
0.599286
0.556776
0.493491
0.581105
0.557536
0.501098
0.613418
0.464778
0.529568
0.450707
0.126007
0.323682
0.347456
0.347596
0.334264
0.435198
0.493451
0.510005
0.593785
0.659323
0.592311
0.506584
0.472041
0.518302
0.530863
0.496546
0.467727
0.453815
0.596863
0.718225
0.658035
0.512822
0.438052
0.248972
0.093074
0.358019
0.440716
0.456182
0.411131
0.354798
0.449952
0.458189
0.490507
0.683275
0.578470
0.596227
0.475455
0.496629
0.564513
0.529601
0.494626
0.577570
0.691666
0.639626
0.501471
0.559799
0.446924
0.345298
0.165775
0.354870
0.568946
0.466689
0.483211
0.482868
0.461395
0.516530
0.484684
0.640246
0.538978
0.421253
0.488455
0.481970
0.429173
0.540452
0.467579
0.451837
0.395969
0.560858
0.567975
0.545538
0.461626
0.302628
0.201062
0.483644
0.576686
0.574282
0.487855
0.510493
0.394943
0.404725
0.554461
0.503613
0.540337
0.486271
0.446873
0.408854
0.409992
0.485765
0.516651
0.514720
0.526632
0.546311
0.568677
0.637630
0.624304
0.396578
0.248645
0.510665
0.512877
0.565362
0.550178
0.481881
0.449332
0.431497
0.598154
0.547853
0.484697
0.411978
0.494639
0.520259
0.428041
0.410942
0.557631
0.444703
0.445503
0.548309
0.584282
0.664946
0.638083
0.382734
0.202983
0.488325
0.514527
0.529258
0.570040
0.495947
0.409641
0.404375
0.378414
0.462598
0.420808
0.562135
0.564979
0.429318
0.435442
0.456509
0.552634
0.554334
0.503681
0.511287
0.562949
0.656196
0.682779
0.395567
0.003075
0.118658
0.161951
0.152379
0.163552
0.140808
0.114399
0.109289
0.149212
0.162509
0.158929
0.141447
0.157839
0.171294
0.136234
0.140767
0.149454
0.172071
0.159285
0.159206
0.226419
0.218407
0.222686
0.082057
0.214509
1.240779
0.057728
1.074795
1.229472
0.094135
0.010757
0.456500
0.624051
0.082919
0.006623
0.024734
0.747562
0.038023
0.056476
0.626334
0.028830
0.175256
0.025363
0.079047
0.603269
0.695744
0.031388
1.271331
0.274775
1.645593
0.902160
0.099425
1.350368
0.164406
0.070717
1.534793
0.088847
0.063691
0.356029
0.039979
0.008804
0.002487
0.047733
0.035676
0.186009
0.044657
0.173612
0.052044
0.056010
0.044112
0.560711
2.251292
0.261162
3.350253
0.329850
0.216841
0.048168
0.064803
0.131821
0.776309
0.132832
0.063029
1.096946
0.142684
0.040777
0.031543
0.015314
0.041955
0.632923
0.191847
0.378225
0.662788
0.119113
0.059539
0.159811
3.465461
0.254440
3.174240
0.006156
0.127734
0.088352
0.633811
0.062573
0.443925
0.152080
0.325991
0.081023
0.031790
0.118664
0.821155
0.128979
0.485336
0.477528
0.255994
0.007838
0.433056
0.021702
0.110980
0.063438
1.921142
0.341761
3.106053
0.023266
0.041228
0.106081
0.027377
0.021250
0.048049
0.122094
0.401814
0.163267
1.263259
0.076763
0.122393
0.027884
0.875929
0.050208
0.190170
1.737332
0.052750
0.159428
0.137589
1.523621
0.514499
0.261984
3.251991
0.118816
0.051040
1.425289
0.207390
0.004197
0.046499
0.400243
0.136607
0.000975
0.045208
0.040526
0.077675
0.001394
0.098242
0.030218
0.047546
1.815268
0.214010
0.052510
0.020308
1.309376
0.022437
0.222322
2.317831
0.162525
0.664640
1.457507
0.216521
0.021957
0.083495
1.693920
0.240374
0.905285
0.114574
0.089636
0.083589
0.446040
0.147292
0.055559
0.066904
0.949564
0.217219
0.043213
0.740590
0.036728
0.598077
0.174310
2.312636
0.147152
0.516502
0.056957
0.084596
0.037201
0.068670
0.106530
0.149832
0.027206
0.097262
0.983444
0.112697
0.025235
0.061515
0.093946
0.145797
0.032260
0.155900
0.044324
0.534452
0.071712
1.552622
0.134196
2.216261
0.077401
0.818572
0.254851
2.833649
0.214287
0.010553
0.004355
0.018388
0.086228
0.114138
0.912859
0.020968
0.142496
1.029890
0.127291
0.327742
0.050040
0.018074
0.046680
0.036327
0.165845
4.085170
0.232995
1.900279
0.105926
0.845850
0.150853
1.216717
0.171392
0.113319
0.637819
0.452600
0.027749
0.072356
0.038053
0.020061
0.039797
0.038091
0.038533
0.052479
0.114477
0.809547
0.006342
0.096975
0.062604
1.799402
0.340273
2.335615
0.027190
0.018656
0.045667
0.332184
0.169303
0.053175
0.109478
0.581283
0.011830
0.077002
0.960043
0.166884
0.013296
0.035312
0.384638
0.069375
0.058299
0.173860
0.007827
0.024396
0.104717
1.728548
0.299202
1.700823
0.028495
0.056137
0.015828
0.033810
0.004400
0.114932
0.046599
0.226243
0.093995
0.128181
0.842523
0.195114
0.036243
0.019138
0.048983
0.025041
0.131237
0.022751
0.023925
0.050228
0.184836
0.861655
0.323921
2.089335
0.030767
0.003888
0.076521
0.088974
1.963540
0.283384
1.600310
0.043709
0.022460
0.131985
0.325657
0.155840
1.039487
0.086161
0.211144
1.530420
0.171664
0.025941
0.020475
0.068500
1.262105
0.454567
0.250593
2.704828
0.055160
0.264567
0.149324
0.022639
1.531321
0.173603
0.128062
0.047608
1.509803
0.090337
0.049976
0.145790
1.902151
0.148578
0.095004
0.872446
0.041973
0.041888
0.126479
0.373485
0.016319
0.650890
0.245315
1.574665
0.959442
0.088159
0.107385
0.004843
0.342879
0.091723
0.613255
0.225087
1.110676
0.033706
0.003503
0.204209
2.018873
0.208506
0.128811
0.483445
0.078563
0.145735
0.135589
0.062581
0.137941
1.224144
0.323538
1.189791
1.344527
0.104606
0.069218
0.313474
0.056692
0.152098
1.009598
0.197640
0.329377
0.011929
0.009335
0.217150
0.324594
0.084354
0.051119
0.930638
0.239334
0.004671
1.359746
0.119236
0.163333
3.389422
0.197807
1.906890
0.819421
0.181245
0.015780
0.327816
0.081459
0.138238
1.134062
0.165241
0.012168
0.059070
0.004813
0.115304
0.059934
0.009590
0.085378
1.387913
0.275415
0.966036
0.329940
0.120403
0.052108
2.843637
0.056418
0.972399
0.091545
0.029004
0.004824
0.062519
0.119375
0.011653
0.285037
0.134591
0.091063
0.953400
0.097758
0.067582
0.053542
0.519586
0.172150
1.414751
0.232327
2.185284
0.117553
0.216829
0.223754
1.800496
0.163827
0.952865
0.145006
0.013867
0.109637
0.234719
0.069842
0.029377
0.099252
0.040559
0.043346
0.781831
0.142284
0.016063
0.078014
0.948534
0.146638
0.341358
0.155750
0.960909
0.129661
0.107137
0.217671
1.742511
0.333977
0.949457
1.792304
0.131123
0.072127
0.758974
0.066184
0.014698
0.090506
0.097583
1.039072
0.059393
0.114817
0.055383
0.071722
0.299617
0.066900
0.063413
0.175841
0.087415
0.038022
0.020515
0.073858
1.133262
0.245688
1.517129
0.669406
0.060003
0.094687
0.817695
0.153245
0.589653
0.114115
0.353470
0.050505
0.006974
0.066917
0.078572
0.082756
0.569814
0.097006
0.060712
0.065091
0.073344
0.864820
0.071240
0.104101
1.149779
0.257398
2.673662
0.093550
0.002882
0.108677
0.267569
0.091700
0.052302
0.133197
1.099996
0.078620
0.051945
0.065427
0.028422
0.098743
0.724789
0.057883
0.031007
0.042188
0.067924
0.786849
0.135544
0.013339
1.123693
0.221061
1.572516
0.390762
0.110288
0.384297
0.053998
0.061200
0.099954
0.067219
0.036347
0.675148
0.080035
0.073636
0.040928
0.061959
0.405151
0.072824
0.045252
0.117235
0.001582
1.140535
0.273460
2.205168
1.044272
0.161659
0.949370
0.603235
0.098495
0.174070
0.038383
0.102046
0.054416
0.005342
0.116538
0.279453
0.043641
0.024610
0.111105
0.000725
0.085277
1.477278
0.112885
0.206108
1.524502
0.008285
0.266894
1.843646
1.801482
0.205541
1.682000
0.081224
0.010628
0.011857
0.133886
0.052273
1.118135
0.133454
0.053684
0.053198
0.007947
0.100198
0.534528
0.102139
0.093734
1.815113
0.130072
0.126578
0.011920
0.025626
0.053209
0.105606
2.189985
0.247826
3.425766
0.125162
0.009624
0.041778
0.131648
0.002167
2.118324
0.300260
1.328141
0.033242
0.110301
0.047424
0.542010
0.097198
0.136614
1.999343
0.138786
0.119094
0.117233
0.535979
0.016209
0.080472
0.971703
0.291495
2.576624
0.110894
0.019267
0.071286
0.096229
0.993438
0.091143
0.246552
3.354925
0.141703
0.089783
0.025667
0.016224
0.136321
0.089674
1.324805
0.179195
0.470197
0.151009
1.130039
0.091798
0.068126
0.840391
0.222357
1.479754
0.067372
0.331476
0.089256
0.104578
0.008153
0.129128
0.123680
0.530503
0.064382
0.107346
0.052878
0.016899
0.163302
0.016001
0.443506
0.243888
0.983100
0.192139
0.950861
0.078791
0.037931
0.013155
0.010989
0.290702
0.105330
1.297233
1.801042
0.968155
2.379292
1.729333
1.190463
0.727123
1.556718
3.167695
2.557338
1.913062
1.665624
2.070053
1.716388
0.528730
0.260543
0.865568
1.666406
2.223900
0.277627
1.033974
0.032423
0.031391
0.079791
0.003826
0.962809
0.258456
1.083580
0.372648
0.130335
0.027455
0.034198
1.817748
1.569569
0.799884
0.245126
1.486470
0.971336
0.173123
0.435137
0.717185
1.146133
2.064618
0.005759
1.182148
0.124734
0.018812
0.062819
0.149120
1.471377
1.059896
1.322893
0.000394
0.867012
0.969048
0.016602
1.248640
0.678474
0.269792
0.000091
0.787531
0.031522
0.030753
0.775881
1.434799
0.795019
0.713208
0.613582
1.621454
0.866171
0.167939
0.010455
0.096481
0.206888
0.780495
2.148225
0.005758
0.599079
1.647800
0.755749
1.178871
0.861479
2.193281
2.441111
1.782566
0.024680
0.036553
1.416813
1.404768
0.013194
0.765499
1.002740
1.597617
0.035427
0.283050
1.082354
1.318321
0.022812
0.014601
0.935486
0.536128
0.015010
1.781273
1.402980
0.697164
0.021133
1.181805
2.917788
1.656910
0.015419
0.454434
2.769516
1.743231
0.490433
1.378973
0.500946
1.579944
0.100395
0.027137
1.268672
1.778471
0.569547
0.019454
0.623121
0.737846
0.024681
1.900546
1.385822
0.005009
0.032080
1.318091
2.138707
1.075002
0.033288
0.831363
1.972807
1.198175
1.992150
2.419492
1.159651
2.249146
0.066493
0.022623
1.120233
2.562814
1.154705
0.039564
1.282789
1.143922
0.058112
0.002975
0.599932
0.010406
0.028198
0.938746
0.976290
0.169651
0.013933
2.479446
0.114122
0.040574
0.591446
1.441621
1.531750
3.313593
0.013382
0.010304
0.875331
1.566921
0.013457
0.020792
1.828145
2.357160
0.219248
0.013874
1.109425
0.272868
0.003812
0.004934
0.002099
0.014214
0.320330
2.674382
0.191809
0.069269
0.022453
0.159077
0.901571
3.298818
0.083385
0.219821
2.408123
2.037560
0.366612
0.001056
0.923301
3.028753
1.452676
0.798844
1.663149
0.837941
1.259949
0.814520
0.006632
0.016837
0.216301
3.041010
2.005223
0.057195
0.021800
0.252736
0.011977
2.886524
0.068350
0.869084
1.468320
0.060096
0.004697
0.098212
0.014557
0.784587
0.324322
1.357508
1.483272
0.015193
0.879132
0.669663
0.443976
0.601690
0.550386
2.502419
2.171604
0.092124
0.686964
0.059642
0.403465
3.071904
0.022695
1.137913
1.141515
0.012576
0.023830
0.702427
0.005876
0.013200
0.448117
2.577427
2.002655
0.011055
0.625045
0.029352
1.611323
0.258407
0.037555
1.140575
1.860515
1.239449
1.315315
0.018916
1.131583
2.967670
0.026380
1.049456
3.281343
0.999819
0.053942
1.576285
0.001336
0.047366
0.478988
1.624124
1.441793
0.970230
0.717693
0.303248
2.376375
0.223258
0.040755
0.351626
0.006048
1.677559
1.070832
0.023505
1.219731
2.288311
0.059148
0.612995
3.366515
0.754514
0.027924
2.857245
0.719019
0.072755
0.540589
0.650588
0.084701
0.114377
0.025171
1.070301
1.424692
0.015793
0.497738
1.321306
0.001143
1.869780
1.384362
0.783195
0.118001
1.808769
0.073417
0.622931
2.837706
0.576276
0.025564
3.585043
1.520851
0.064401
1.002228
1.638496
0.812063
0.071786
0.019507
1.895664
1.299989
0.053579
0.880808
1.034329
0.013219
2.297412
1.946212
2.127128
0.309450
1.994143
0.070945
0.251755
1.279656
0.023065
0.052651
2.259326
1.556070
0.015085
0.001873
2.038683
2.249593
0.233225
0.075827
2.144929
2.296492
0.014054
0.739791
0.005646
0.012512
1.375206
1.283147
1.845515
0.731506
2.515064
0.038044
0.676919
2.216371
0.958586
0.020965
0.283354
0.427000
0.904927
0.492417
1.354273
0.869681
0.007936
0.695851
0.744661
0.962036
0.969286
2.448890
0.483741
0.001799
0.000957
0.006621
1.433648
1.067284
2.579242
0.064274
0.032164
1.409752
2.179193
2.061786
0.887502
0.020432
0.672632
1.203264
1.418882
0.010054
0.040247
1.111312
0.820912
0.758859
0.885639
2.153033
1.701446
0.380289
0.051732
0.013295
1.066500
0.384345
1.643852
0.071069
0.001549
0.035782
0.015826
2.933318
1.446543
0.038300
0.000311
2.068128
0.982872
0.266192
0.003720
0.034144
0.149169
0.628614
0.973633
1.915349
1.674937
0.813186
0.005971
0.664091
0.922729
0.780604
1.959699
0.047751
1.694021
0.011839
0.079126
1.118403
2.030704
0.152690
0.221730
1.688384
0.014626
0.576880
1.176767
0.024941
0.005715
0.005583
0.153668
1.343271
1.070443
0.028387
0.064241
1.721627
0.943094
1.323433
2.340801
0.066079
1.342198
0.849556
0.069129
0.013106
1.509730
1.430200
1.899357
1.611314
0.065275
0.017771
0.811938
0.987784
0.734824
0.682013
0.544287
1.301376
0.134789
0.038810
0.994974
1.317676
0.189351
1.337085
2.285280
0.084358
0.017077
1.261653
0.030944
0.068816
0.042252
0.912624
3.184187
1.897637
0.021865
0.031141
0.324913
0.884327
0.947521
1.809108
1.539302
1.124091
0.019745
0.017251
0.305140
1.262885
2.188061
1.741016
2.619150
0.020155
0.016252
2.643679
1.346394
0.060642
0.105046
0.003194
2.584675
0.485090
0.000376
1.054524
2.158865
0.147162
0.011638
1.306347
1.122620
0.963028
0.037162
0.312693
0.353418
1.292842
2.337397
1.147534
2.670887
0.039870
0.010644
3.009738
2.619410
0.012522
0.085524
1.032549
2.110779
0.031610
0.050942
2.121346
2.632904
0.478256
0.171880
1.157390
1.537353
0.525426
0.068846
0.043638
0.523412
0.543653
1.281953
0.016115
2.027124
0.083949
0.516348
2.539617
2.994944
0.765019
0.039597
1.569430
2.453779
0.003453
0.066065
1.679780
3.116842
0.360759
0.008619
2.175938
1.794468
1.540646
0.020360
0.008597
0.975888
0.013016
0.645273
0.003502
1.801774
0.088736
0.722488
1.953942
1.988118
0.008001
0.040834
0.383923
1.363787
0.398574
0.056729
0.389996
3.386976
0.841272
0.063697
0.016258
0.699715
1.683182
0.762409
1.389232
1.876020
0.594859
0.004241
0.763133
2.600286
0.087214
0.811695
1.447936
0.820564
0.005747
0.007248
1.372976
0.674072
0.012350
0.012260
0.022919
2.669147
2.425744
0.003089
0.017772
0.020821
0.008987
0.017781
1.763542
1.862174
1.278367
0.362809
1.674648
3.291260
0.086325
1.500029
1.618716
0.022954
0.022711
0.541440
2.497433
1.042970
0.012364
0.988474
0.023461
0.031856
2.254515
0.569983
1.107334
1.955051
0.530973
0.046977
1.181355
1.453133
1.146349
0.245178
0.894893
2.833181
0.053281
0.514517
0.000940
0.043233
0.026714
0.015182
0.279285
0.287447
0.013038
1.136950
0.003327
0.053555
0.037558
0.029196
0.320192
2.131021
0.012547
0.072933
0.383958
0.387163
0.001508
0.041945
0.001997
1.447517
-0.731823
-1.121784
-0.927773
-1.144221
-1.095489
-1.144395
-1.291924
-1.165343
-1.000451
-1.730972
-1.974816
-1.815261
-1.762651
-1.497055
-1.202233
-1.433901
-1.236816
-1.391647
-1.521372
-1.533531
-1.263517
-1.100056
-1.054589
-0.747520
-1.895302
-2.026632
-1.870871
-3.293857
-3.119307
-2.010316
-1.508725
-1.488139
-1.761180
-1.970626
-2.162785
-1.726981
-1.608394
-1.351558
-1.221462
-1.383300
-1.252525
-1.406236
-1.603435
-2.134061
-2.392422
-1.782010
-1.469809
-0.707037
-0.810932
-1.071255
-1.484268
-1.684148
-1.213198
-1.553082
-2.202561
-1.870798
-2.106091
-2.531694
-2.124337
-2.501652
-2.603672
-1.595435
-1.909060
-2.250357
-2.296794
-2.364713
-1.676098
-1.116310
-1.912872
-2.164568
-2.132613
-1.424825
-1.542294
-2.313354
-2.602717
-2.682300
-1.814035
-1.370958
-1.959500
-1.940166
-1.981390
-2.331472
-1.904829
-1.860595
-2.306636
-2.155740
-1.795626
-1.692328
-1.488876
-2.499514
-2.709929
-2.615058
-2.656223
-1.932771
-1.923658
-1.617394
-0.987928
-1.907921
-1.923044
-1.717757
-1.296937
-1.210287
-1.372593
-1.373333
-2.255121
-2.683544
-2.677974
-2.492946
-2.266396
-2.683578
-2.313549
-1.573758
-1.820970
-1.524644
-1.431994
-2.360811
-2.452438
-2.132158
-2.511229
-1.618432
-1.251297
-2.418794
-2.718923
-2.253312
-1.989465
-2.781667
-2.788367
-1.823216
-1.519816
-1.859680
-2.107710
-2.978370
-3.058501
-2.860328
-3.354601
-2.372861
-2.061690
-1.699982
-1.917635
-2.294820
-1.928541
-1.687024
-2.316852
-1.393885
-1.461067
-2.699173
-2.485369
-1.969569
-1.550225
-2.401667
-2.125019
-1.797218
-2.581061
-2.884794
-2.509193
-2.377258
-2.386677
-2.445931
-2.185485
-2.272989
-1.904679
-1.635971
-1.786536
-1.827447
-2.171468
-2.190072
-2.377687
-1.906960
-2.191649
-2.877744
-2.205353
-1.766157
-1.731044
-1.976396
-2.070194
-1.513645
-1.957359
-2.665677
-3.266764
-2.518520
-1.855171
-2.454196
-2.226365
-1.780635
-1.585295
-1.697514
-1.519527
-1.702087
-2.002249
-2.198601
-2.225163
-1.228176
-2.159481
-2.692201
-2.089703
-1.295867
-1.452886
-2.100553
-2.281703
-2.171505
-2.223356
-2.504455
-2.011523
-1.377802
-1.686182
-1.910239
-1.730422
-1.422819
-1.792474
-1.666291
-1.463970
-1.425850
-1.632835
-1.506400
-2.415218
-1.122259
-2.043785
-2.113086
-1.893058
-1.395192
-2.048631
-2.052198
-2.071846
-2.565420
-2.471141
-2.571498
-2.485021
-1.800542
-1.640544
-2.018303
-1.895141
-1.581879
-1.769452
-2.842427
-3.144336
-2.621832
-1.420410
-1.199138
-1.661878
-0.878507
-1.596250
-2.078435
-1.524636
-1.511680
-2.380386
-2.892710
-2.529232
-2.195472
-2.126046
-1.766998
-1.303220
-1.011630
-1.568502
-1.626227
-1.261014
-1.617339
-2.016320
-2.468177
-1.813780
-1.770067
-1.135077
-1.039557
-1.458927
-0.790322
-1.089635
-1.604170
-1.016948
-2.092919
-2.425354
-2.243056
-2.222260
-1.980868
-1.949267
-2.021536
-2.119004
-2.241889
-1.696455
-1.950390
-2.056306
-1.680240
-2.369527
-2.683863
-2.724927
-1.871307
-1.128222
-1.124985
-1.166816
-0.535137
-1.711903
-2.160926
-2.241863
-1.636889
-2.083765
-1.918865
-1.650483
-1.627934
-1.858124
-1.597511
-0.764038
-1.868550
-2.271960
-1.581216
-1.420410
-2.012492
-2.165851
-1.937283
-2.434008
-2.523268
-2.609649
-2.065197
-1.495222
-0.881742
-1.904936
-1.771556
-1.168488
-1.736015
-2.110562
-1.610018
-0.843018
-1.020648
-1.648681
-2.528061
-1.625511
-1.317994
-1.598517
-1.714915
-1.781519
-1.655692
-1.592581
-2.148195
-2.791991
-2.046811
-2.450345
-2.356021
-2.046808
-1.067594
-1.782934
-1.759319
-1.045434
-1.311102
-1.242424
-1.420668
-1.449792
-1.541813
-2.164719
-1.993182
-2.044979
-2.234491
-2.222665
-1.326423
-1.196905
-1.097636
-1.621619
-2.137677
-2.300366
-2.749379
-2.285519
-2.401196
-2.193715
-0.706454
-1.647392
-1.229202
-1.561998
-2.239945
-2.020680
-1.888211
-1.754399
-1.507697
-2.238785
-2.099915
-2.032888
-1.481239
-1.460626
-1.553313
-1.756701
-2.041708
-2.070881
-2.191027
-1.979331
-1.825939
-1.803849
-1.999732
-1.964413
-0.571197
-1.016019
-1.999814
-1.619354
-1.407941
-1.264880
-1.576729
-1.743135
-1.652759
-2.231380
-2.276516
-1.968589
-1.594237
-1.635843
-2.393608
-2.099671
-1.803881
-1.513636
-1.208657
-1.761793
-2.007283
-2.319316
-2.030967
-1.156516
-0.356976
-1.494383
-1.750397
-1.651312
-1.538771
-1.469606
-2.046554
-2.439612
-1.908000
-1.564160
-1.515715
-1.540961
-1.581247
-1.553045
-1.977421
-2.078406
-2.385751
-1.934393
-1.779227
-1.640843
-1.445278
-1.171082
-1.638474
-1.650701
-1.174754
-2.052634
-2.510863
-1.978601
-1.608592
-1.871497
-2.115403
-1.805669
-2.037531
-1.733287
-1.844976
-1.518818
-1.809803
-2.211881
-1.958693
-2.301412
-2.249383
-1.867648
-1.293235
-1.623110
-1.908043
-1.884722
-2.201088
-2.821417
-1.682774
-1.049294
-1.411978
-0.857239
-0.463202
-1.264796
-1.808782
-1.627446
-1.331006
-1.183872
-1.337342
-1.219243
-0.970259
-1.539227
-1.655550
-2.032681
-2.111352
-2.268058
-2.130550
-1.563466
-1.412355
-1.816289
-1.713262
-1.780427
-0.944736
-1.202002
-1.644211
-1.358971
-0.935880
-0.726455
-0.733719
-1.462218
-1.173865
-1.746492
-2.165960
-2.090621
-1.422490
-1.645909
-2.723893
-2.502694
-2.177836
-1.659248
-2.298488
-2.613480
-2.112374
-2.364295
-2.067946
-2.099207
-1.688221
-0.789362
-1.124617
-0.669548
-0.788358
-1.136703
-1.535669
-1.845190
-1.837160
-2.011547
-2.552469
-2.355253
-2.024575
-2.290114
-2.292877
-2.052555
-1.568570
-1.290446
-1.684368
-2.846767
-3.082028
-2.669108
-2.031200
-1.628962
-0.722147
-1.302312
-1.665310
-1.411528
-1.286689
-1.280009
-1.665136
-1.762235
-2.167819
-2.433309
-3.126368
-2.242944
-2.241318
-2.665639
-2.012908
-1.706167
-1.150813
-1.310832
-2.316096
-2.964239
-2.812668
-2.275947
-2.081862
-1.448381
-0.203686
-1.006608
-1.459974
-2.162724
-2.139716
-1.976164
-2.038032
-2.052175
-2.069677
-2.238125
-3.050674
-2.141520
-1.418584
-1.424845
-1.723651
-1.569381
-2.185572
-1.747812
-1.802978
-1.470902
-1.363532
-1.672391
-1.759657
-1.509321
-0.657867
-1.443856
-1.906467
-1.714510
-1.855011
-2.206590
-2.028851
-1.544221
-1.231883
-1.832799
-1.677842
-1.815753
-1.705677
-1.488645
-1.667031
-1.566084
-1.692481
-1.927424
-2.221954
-2.194871
-2.250405
-2.249848
-2.095809
-2.245536
-1.375440
-1.303278
-1.950883
-1.729622
-1.676655
-1.464719
-1.337981
-1.177836
-1.280632
-2.178967
-1.634235
-1.223704
-1.244861
-1.571265
-1.427930
-1.591715
-1.045379
-1.154832
-1.194909
-1.312617
-2.257412
-2.606594
-2.880263
-2.499623
-1.253716
-1.420062
-1.671013
-1.630488
-2.076334
-2.058516
-1.785870
-1.184536
-1.277380
-0.783529
-0.472265
-0.623488
-1.867507
-2.588906
-1.892937
-1.648212
-1.713153
-2.237486
-2.356709
-2.516590
-2.317854
-2.006162
-2.303912
-2.152874
-0.644051
0.114994
0.034151
0.026754
0.073515
0.033122
0.081234
0.144758
-0.027984
0.215514
0.229614
0.271955
-0.002898
-0.128959
0.018416
0.153424
0.104665
-0.030580
0.037981
-0.294609
-0.205063
-0.290675
-0.164035
-0.087663
0.372170
1.868452
1.470964
1.059459
0.935670
0.398849
0.014166
0.874393
0.598529
0.553903
1.263175
1.112831
0.782635
1.084412
1.370606
1.145789
1.300458
1.265088
1.838649
1.492139
0.839240
0.774439
0.472714
1.788796
0.793758
1.880997
1.604898
0.263361
0.657852
0.258177
0.069087
0.017735
0.043600
0.352689
0.031530
0.069428
0.019379
0.008704
0.025281
0.496609
0.437448
1.211522
0.573186
0.799195
1.008481
0.996192
0.001088
0.322665
0.167003
0.936622
0.034657
0.005257
0.703640
0.152181
0.049559
0.524664
0.732717
0.017109
0.096542
0.728138
0.553114
0.417688
0.951514
1.053574
0.962269
0.603616
0.000891
0.057721
0.013651
0.633422
1.931880
0.341759
0.163464
1.079767
1.131617
1.031884
0.022300
0.103459
1.061823
0.950586
0.056282
0.020522
0.711297
0.574804
0.010640
0.015746
0.283751
0.017016
0.024734
0.192939
0.027021
0.090229
0.530030
0.761967
0.065808
0.016066
0.096703
1.519793
0.406418
0.092295
0.033574
0.613432
0.045581
0.016685
0.036119
0.622148
0.455647
0.730623
0.745379
0.890935
0.235025
0.684076
0.204352
1.415812
1.817052
1.468929
0.961068
0.644312
0.051679
1.038820
0.101918
1.234032
0.002729
1.430730
1.877134
1.031204
0.763987
1.214110
0.763743
0.249758
0.020311
0.752605
0.976914
0.667274
0.248980
0.268524
0.044748
0.438670
0.017652
0.101267
0.098429
0.057367
0.934490
0.598477
0.128175
2.054310
1.772145
0.973455
0.046858
0.042339
1.108018
0.144386
0.548002
0.004765
0.744408
0.128919
0.053968
0.128212
0.042651
0.019122
0.100810
0.073004
0.037975
0.061262
0.063239
1.332873
1.373976
0.004254
0.081923
2.459085
1.661564
0.006636
0.536606
0.295990
0.484549
0.006649
0.063962
0.186076
1.025930
0.169205
0.006843
0.089066
0.163968
0.080401
0.024443
0.908196
1.310572
0.377439
1.371509
1.517768
0.040578
0.344686
0.610200
1.187578
0.025168
0.010884
0.066763
0.026731
0.007468
0.103741
1.015661
2.014405
1.165398
0.047547
0.078774
0.542449
0.187826
0.001771
0.325103
0.511314
0.635080
0.049562
0.773594
0.662138
0.116087
0.524490
0.231034
1.067801
0.569854
0.011280
0.043139
1.134074
0.553574
0.162376
0.261366
0.057695
0.030399
0.036874
1.268675
0.427012
0.342797
1.109161
1.256043
1.356088
0.160065
0.292953
0.078679
0.014054
0.016739
0.716987
0.161542
1.044869
0.047325
0.382611
0.721754
1.559601
0.474563
0.017747
0.093961
0.060270
0.280101
0.269300
0.942344
0.356873
0.060309
0.363475
0.393882
0.000657
0.276162
0.014906
0.005415
0.039451
0.010898
0.728989
0.073856
0.770701
0.155888
0.012008
0.506571
0.262389
0.006073
0.011774
0.023805
1.096334
0.043604
0.039015
0.004188
0.056314
0.243944
0.951668
0.173434
0.296124
0.641126
0.192756
1.335667
0.912033
1.178190
1.875216
0.064011
2.390557
2.307722
1.011041
0.039273
0.035767
0.709022
0.582150
0.694951
1.021867
0.809506
0.816435
0.463619
0.107486
0.059109
0.717033
0.187886
0.477551
0.197457
0.652199
1.479528
0.964836
2.069256
0.608629
0.141274
1.930122
0.156562
0.038786
0.010803
0.467302
0.133564
0.050854
0.018289
0.060897
0.640396
0.044776
0.478575
0.192761
0.164896
0.078436
0.019378
0.232071
0.547251
0.854321
0.016822
0.100054
0.085260
0.134947
0.205661
1.299821
0.160208
0.544654
1.269667
0.148626
0.023411
0.037840
0.710752
1.647489
0.442002
0.392003
1.109346
0.010317
0.007301
0.154016
0.093333
1.603312
1.503286
0.846420
0.007158
0.904939
0.210457
0.940237
0.042200
1.474452
0.098038
0.057994
0.098355
0.026365
0.452964
0.282620
0.322384
0.261322
0.104122
0.078877
0.063215
0.016587
0.999533
0.622088
1.254722
0.461322
0.037664
0.124065
0.190114
1.223657
0.157865
0.363464
0.185770
1.388203
0.066691
0.052735
0.771042
0.903889
0.332606
0.834565
0.146900
0.179416
0.031678
0.669209
0.034128
1.017007
0.820562
0.659569
1.095944
0.260132
0.073970
0.478400
1.839097
0.019441
0.027574
0.052211
0.066409
1.199426
0.604063
0.469643
0.978602
0.005744
0.914474
0.400878
0.223707
0.031134
0.208716
0.435899
0.771346
0.052979
0.076500
0.876170
0.544869
0.006580
0.047965
0.171265
0.055484
0.129134
0.019703
1.092403
0.287972
0.860924
0.000777
0.627671
0.002064
0.796419
1.201811
0.034244
0.171172
0.076913
0.243748
0.000804
0.954225
0.258161
0.518917
0.626694
0.200254
0.017548
0.307497
0.811350
0.026942
0.762195
0.078674
0.063961
0.117609
1.313764
0.337113
0.469705
0.024347
0.036639
0.080967
0.083940
0.808741
1.824273
1.044020
0.559329
0.310924
0.002285
0.209118
0.156278
0.043778
0.357220
0.320220
0.028768
0.026486
0.125107
0.009479
0.040144
0.121668
1.469920
1.105052
0.753738
0.027322
0.207115
0.482606
0.707982
0.517420
0.178021
1.395750
1.335825
0.024319
0.787067
0.648401
0.513385
0.613539
0.109144
0.410320
0.892509
1.085686
1.777668
0.012223
0.890913
0.094796
0.839801
0.576611
0.113311
0.355184
0.797934
0.426173
1.089645
0.488625
1.275604
1.887183
0.564545
0.018847
0.993313
0.644254
0.395225
0.373270
0.038914
0.009097
0.215199
1.224002
0.611638
0.048372
0.719933
0.106532
1.194095
0.492415
0.301041
0.686800
0.034827
0.041256
0.648397
0.103350
0.529775
0.062390
0.137575
0.001267
0.006496
0.273340
0.847484
1.223283
0.776473
0.963349
0.940055
0.839524
0.041943
0.066146
1.111573
0.000413
1.280700
0.842606
0.644383
0.166974
0.219350
0.302533
0.296488
0.156370
0.031353
0.105665
0.046036
0.266886
0.679968
0.022640
0.035693
0.584080
0.842175
0.538991
0.396724
0.294588
0.041444
0.938286
1.363768
0.062131
1.650273
1.820275
1.569479
0.004520
0.760770
0.644199
0.175450
1.081877
0.352173
0.197572
0.105160
0.972821
1.126108
0.489209
0.160281
0.715352
0.176091
0.018789
0.053663
0.044844
0.008952
1.368042
0.501930
0.166301
1.808517
0.763403
0.057572
0.146381
0.622811
0.822527
0.233168
0.204386
0.408055
1.593118
0.195185
0.068994
0.928304
0.014929
0.124514
0.032538
0.008405
0.224886
0.358462
0.258400
1.256026
0.059405
0.034466
0.201348
1.204229
0.080828
0.004536
0.016286
0.047825
0.116193
0.037771
0.099680
0.006544
0.840551
0.076367
0.658248
0.508502
0.066403
0.079065
0.088549
0.035864
0.040344
0.079658
0.035209
0.004235
0.005415
0.028574
0.120281
0.122934
0.234818
0.280021
0.310389
0.296201
0.266943
0.228143
0.216524
0.182175
0.337955
0.283667
0.204995
0.300374
0.337175
0.217928
0.201505
0.241463
0.255818
0.251658
0.219250
0.225034
0.276158
0.286483
0.287446
0.436461
0.468987
0.461945
0.067239
0.444581
0.647364
0.518778
0.728444
0.719496
0.732910
0.712348
0.752517
0.766702
0.437802
0.885533
0.181501
0.470579
0.232540
0.475827
0.016252
0.702343
0.289931
0.838593
0.267952
0.198001
0.353418
0.313299
0.491600
0.777361
0.343022
0.355887
0.537784
0.537899
0.720111
0.733189
0.238551
0.052038
0.069315
0.114410
0.625686
1.093500
0.481086
0.485718
0.211865
0.883459
0.020513
0.473103
0.213276
0.569356
0.671169
0.362450
0.538593
0.730423
0.453158
0.566194
0.624043
0.635004
0.727057
0.335690
0.335651
0.277022
0.058566
0.366962
0.179650
0.816656
0.057150
0.716898
0.203415
0.923981
0.244729
0.739411
0.757151
0.771686
0.565731
0.353365
0.539564
0.550810
0.531199
0.674089
0.624810
0.516193
0.039374
0.322179
0.046780
0.441746
0.169648
0.155113
0.196641
0.555152
0.307362
0.719587
0.731273
0.695855
0.316387
0.668682
0.813902
0.738023
0.725147
0.429946
0.238862
0.432735
0.287377
0.031806
0.845613
0.259729
0.074634
0.847525
0.337335
0.251983
0.559538
0.775152
0.289463
0.705702
0.681029
0.646154
0.642405
0.661231
0.779277
0.622865
0.795227
0.568076
0.368778
0.286364
0.312228
0.386435
0.482301
0.256910
1.075159
0.152307
0.874870
0.669949
0.190190
0.569407
0.479311
0.787396
0.508371
0.745427
0.685245
0.664364
0.688264
0.670598
0.718601
0.692397
0.770360
0.583175
0.556529
0.035461
0.043085
0.283434
0.277812
0.083525
0.518401
0.106135
0.024886
0.115148
0.363445
0.004062
0.570304
0.758008
0.545128
0.727826
0.420462
0.215286
0.503374
0.131147
0.636416
0.669264
0.757837
0.812317
0.444017
0.049693
0.068558
0.787164
0.077990
0.800267
0.158291
0.031244
0.214980
0.007438
0.535520
0.200106
0.637467
0.344406
0.635228
0.543656
0.142230
0.111195
0.536221
0.034770
0.711310
0.687095
0.771435
0.815441
0.706822
0.775132
0.832590
0.279440
0.048368
0.620138
0.732229
0.768132
0.120556
0.594443
0.140390
0.039401
0.701517
0.501738
0.647501
0.547003
0.313073
0.408574
0.430237
0.175233
0.688270
0.684959
0.757220
0.781986
0.653253
0.599254
0.762010
0.497982
0.320289
0.754718
0.138771
0.659403
0.058907
0.804264
0.293499
0.606638
0.585025
0.478101
0.640085
0.674848
0.535823
0.590775
0.481918
0.427217
0.665799
0.730584
0.740158
0.776399
0.689516
0.310716
0.828404
0.326427
0.222641
0.870788
0.476193
0.709762
0.704212
0.472797
0.285617
0.404469
0.205091
0.513373
0.233975
0.299124
0.708379
0.707712
0.622110
0.660649
0.626924
0.539292
0.687289
0.785624
0.492919
0.141674
0.644230
0.171932
0.840722
0.754907
0.392417
0.669104
0.707070
0.367143
0.758344
0.559940
0.214554
0.488308
0.542692
0.326028
0.768138
0.418726
0.738562
0.685683
0.409921
0.552299
0.534082
0.759943
0.425767
0.504588
0.727257
0.334628
0.579216
0.694099
0.502984
0.520186
0.705545
0.150066
0.812315
0.000483
0.672877
0.769254
0.279486
0.192687
0.758815
0.549953
0.665283
0.754629
0.431839
0.818372
0.615839
0.765556
0.746073
0.415756
0.684221
0.121301
0.521901
0.673485
0.633149
0.676046
0.711526
0.076549
0.889098
0.414949
0.525151
0.717176
0.621379
0.729543
0.681975
0.578046
0.632881
0.707804
0.746066
0.742023
0.621258
0.797013
0.755114
0.361005
0.631953
0.362267
0.505953
0.482672
0.597189
0.639481
0.714892
0.728527
0.722825
0.217540
0.689179
0.604008
0.612317
0.717027
0.710988
0.650824
0.692046
0.639825
0.663044
0.707832
0.802863
0.823330
0.682923
0.797108
0.406005
0.359648
0.649407
0.593139
0.655640
0.718378
0.707146
0.699185
0.748259
0.613663
0.703510
0.626084
0.692668
0.721925
0.761337
0.325086
0.800950
0.274543
0.726163
0.652024
0.774955
0.834255
0.650738
0.722121
0.708852
0.770859
0.540182
0.538223
0.725529
0.213437
0.797096
0.206364
0.727356
0.678618
0.697517
0.578650
0.638832
0.683827
0.300165
0.442308
0.396717
0.176466
0.593415
0.353137
0.626041
0.827727
0.406739
0.793030
0.446327
0.707374
0.729558
0.702837
0.796121
0.163352
0.852537
0.429183
0.688642
0.682324
0.699502
0.714353
0.036571
0.602350
0.264814
0.602095
0.376980
0.157496
0.528725
0.423020
0.738383
0.794210
0.378940
0.874136
0.555018
0.716783
0.730485
0.735307
0.763609
0.602278
0.772085
0.297356
0.696637
0.699608
0.751931
0.701278
0.083363
0.711930
0.444046
0.569753
0.250966
0.809250
0.637929
0.311719
0.695363
0.233296
0.142283
0.144067
0.176121
0.266911
0.668373
0.645212
0.433989
0.101958
0.579690
0.142084
0.401526
0.746650
0.469479
0.598870
0.541850
0.537129
0.059039
0.280699
0.704753
0.624147
0.530856
0.802523
0.757738
0.018294
0.175276
0.379263
0.159138
0.284990
0.251235
0.451732
0.167356
0.146221
0.547526
0.205424
0.453466
0.832897
0.584185
0.573362
0.259004
0.288078
0.545282
0.221189
0.701824
0.715611
0.673077
0.704745
0.732387
0.599785
0.148558
0.386153
0.517383
0.250725
0.375434
0.060622
0.058030
0.152137
0.091656
0.120470
0.670277
0.738371
0.504176
0.404686
0.564581
0.005070
0.531040
0.391061
0.748825
0.674732
0.448074
0.721889
0.545551
0.834233
0.315439
0.172734
0.321304
0.135689
0.318861
0.062031
0.208934
0.369114
0.227939
0.729069
0.688309
0.719066
0.598725
0.136594
0.384164
0.144748
0.155731
0.242161
0.707912
0.728105
0.401679
0.819917
0.610320
0.782010
0.714042
0.376323
0.260518
0.077196
0.133012
0.192036
0.639822
0.274456
0.324145
0.686005
0.110106
0.400497
0.190023
0.042631
0.193412
0.172140
0.522519
0.246183
0.775313
0.276902
0.759718
0.644452
0.621797
0.753628
0.380075
0.789730
0.132111
0.119101
0.552699
0.120218
0.785844
0.367528
0.698531
0.688211
0.100637
0.259302
0.414042
0.257295
0.543834
0.259975
0.402189
0.091797
0.802077
0.372042
0.775347
0.595102
0.719488
0.655310
0.049169
0.645816
0.596757
0.781435
0.339472
0.116458
0.913009
0.281136
0.727699
0.727035
0.715346
0.522008
0.209603
0.405476
0.457151
0.327994
0.521181
0.579950
0.690621
0.426186
0.743443
0.541312
0.789174
0.723647
0.624463
0.341835
0.632002
0.431955
0.722803
0.440616
0.846214
0.343522
0.526945
0.756172
0.570503
0.752121
0.718591
0.561861
0.386026
0.770609
0.587148
0.470941
0.579858
0.665266
0.780328
0.612995
0.778986
0.848950
0.540525
0.332436
0.898221
0.629066
0.799312
0.742394
0.752546
0.597040
0.603434
0.825440
0.699941
0.763528
0.749127
0.742832
0.787072
0.759678
0.569432
0.721006
0.757438
0.778661
0.769926
0.695493
0.823716
-0.378068
1.059775
2.245356
3.465070
3.510145
1.785201
2.801178
2.278566
2.043724
0.028049
-0.132576
-0.008258
0.529190
-0.280787
-0.421956
-0.373399
-0.295115
-0.110662
-0.213126
0.270392
2.319257
3.877607
2.329118
1.595886
0.448710
1.493680
1.743413
2.625961
2.706729
0.347325
1.685478
2.744537
2.269929
0.745772
1.277113
-0.235631
0.949025
0.735353
1.074443
0.613871
0.312235
1.005851
0.922504
-0.308806
-0.090150
2.232910
3.701071
3.754511
1.953904
4.025914
1.516744
-0.549127
0.153356
0.229111
0.932674
-0.179636
-0.453465
-0.154373
2.328238
-0.237779
0.557108
0.172162
1.561116
1.792465
1.386543
0.573609
3.992829
4.271677
0.841294
1.324124
1.280826
2.438958
1.865709
4.706123
2.914446
0.084168
1.118032
1.436082
2.531931
1.163004
-0.110525
-0.579257
1.474338
-0.320198
-0.378814
0.844201
1.849487
0.768064
-0.119783
-0.579543
-0.135509
2.287082
1.571774
0.305834
0.143696
0.024882
0.436507
0.942226
1.938482
0.472956
0.471423
0.735661
0.240322
-1.001326
-0.430263
-0.289502
-0.218987
0.664437
-0.064698
0.043027
2.135767
3.589557
1.435561
1.919446
1.261445
-0.279908
-1.231160
-0.164209
2.289770
0.573239
1.840563
0.718692
0.801323
1.073599
1.149868
0.594255
0.282091
0.369450
0.521267
-0.232696
-0.323092
-0.064882
0.324630
1.234874
1.965903
2.074316
1.147652
3.715354
4.979556
0.908676
0.856692
1.008351
2.036957
0.361265
1.226343
0.039796
-0.118612
2.844332
2.766119
0.954642
0.756320
-0.205354
1.879840
0.456556
-0.066594
0.450969
1.062751
1.253597
3.161724
1.994924
1.378676
0.955319
2.406441
0.656472
2.941137
4.472177
1.044832
-0.519759
2.157621
0.862759
1.218199
1.177760
1.613374
2.099078
1.966927
0.753963
0.078976
-0.595531
-0.293115
-0.064297
1.454085
-0.020395
3.474168
2.949854
1.370234
-0.327531
0.117741
-0.684935
1.776747
4.830137
3.208291
2.366667
3.409271
1.622647
3.629538
4.358417
0.682440
2.465494
1.164683
0.965714
1.514844
0.015022
-0.531903
-0.353161
1.405015
0.312874
2.564213
4.428964
1.852045
-0.365058
2.384139
4.027658
1.072513
2.127853
2.706194
4.974383
2.406679
2.625625
1.978767
3.639864
0.115506
0.114916
-0.754134
0.123852
3.523896
4.962590
3.508020
2.200281
1.999724
3.623824
3.951737
3.843937
2.423883
0.909582
0.776465
7.032209
6.709905
3.958444
3.035201
4.002511
1.504586
1.780684
1.047278
2.566363
0.762868
0.601021
-0.078690
-0.171324
1.779204
4.348280
3.415584
4.366813
2.199253
2.509088
4.498213
3.142545
4.683792
1.178642
-0.126225
1.002436
1.795684
3.750787
2.813889
1.270079
1.086059
-0.453950
-0.580782
0.166344
1.894324
2.951578
1.866590
1.753940
0.967872
1.780503
0.102416
0.086350
0.598043
-0.388714
-0.407571
-0.526508
2.883258
0.676075
0.787979
1.606770
1.849142
2.420401
0.846816
-0.125833
1.153414
0.764583
0.504929
-0.117285
2.407917
2.715531
2.351337
1.470919
2.944377
2.077726
1.103450
-0.211265
1.806613
0.663130
0.905231
1.128158
0.043472
-0.073187
0.129516
1.040364
2.799685
3.435292
4.222034
1.879011
0.057118
3.070719
2.886636
0.528876
0.408099
3.036273
3.683863
0.377585
0.194668
0.419000
4.049631
1.120897
1.768955
1.847696
2.817366
3.058508
2.363438
2.282330
1.178664
2.038449
0.699528
1.771425
2.836653
1.579213
-0.321124
0.532937
2.214398
0.349579
0.717265
3.685591
5.216102
3.457189
0.976607
0.789121
4.744059
2.084272
1.620299
3.030035
4.982996
1.847610
1.744169
3.086260
0.702532
3.418541
0.170736
-0.426019
-0.253968
-0.222773
-0.411801
0.282515
2.230186
0.151617
2.212235
3.610271
3.059048
0.158115
-0.150486
0.055246
2.521208
3.311593
0.378684
-0.862695
1.236705
0.237979
-0.084539
-0.264024
-0.766596
3.992854
3.815860
1.770267
2.148669
3.344887
0.445722
-0.018815
3.031602
1.781467
2.282520
1.086273
1.393711
0.140594
0.886250
0.413829
0.850801
1.801962
0.699768
0.940916
1.341644
0.973662
1.649010
3.035459
0.533635
1.636432
3.574490
3.304940
2.683441
3.880067
3.156798
0.672547
1.242631
1.928551
2.821003
-0.358341
-0.353313
0.222385
2.098418
1.297930
2.639825
3.596226
3.185895
2.584714
2.388232
1.988231
0.297450
3.211983
2.043896
2.591700
-0.370367
-0.804787
0.718526
1.013042
1.414867
0.967985
0.999699
1.706702
2.232565
1.808038
0.798652
-0.093785
0.520305
2.319293
2.659126
0.896368
1.610461
3.543845
2.714763
1.324425
-0.236330
2.693175
0.369019
3.476004
1.167735
0.983115
1.738935
0.377180
-0.474871
-0.045621
1.962434
2.201199
4.408680
4.555027
3.409674
2.284203
1.061311
1.437960
3.983284
2.076177
-0.512312
-0.019926
1.167602
1.259093
-0.118906
1.386927
1.332435
3.564751
1.260338
2.160626
1.400189
-0.309629
-0.419194
-0.434827
1.659708
1.244739
2.535176
3.793893
1.797765
2.210630
1.686093
1.812612
2.949718
3.575208
-0.147114
-0.230005
0.730591
0.897819
-0.399774
-0.103939
-0.247724
1.020548
2.755903
2.026285
1.393433
0.321872
-0.160728
0.799333
0.741845
-0.116845
0.433354
2.144062
-0.341724
0.068581
-0.622760
1.250527
0.322189
0.352491
-0.985895
0.075310
2.570131
3.079628
1.024241
0.727862
-0.230585
1.004474
0.649375
-0.227639
2.461993
2.980158
0.001037
1.227979
3.126775
0.836292
1.838114
2.755112
0.744611
-0.153346
-0.358927
0.757703
2.538367
0.989313
-0.434717
-0.092232
1.331430
1.325050
-0.064219
0.880627
1.379998
2.310085
2.544791
2.735447
5.209543
3.764934
1.203211
0.528446
2.172030
0.472219
0.798860
1.009367
0.542900
-0.364845
1.061735
0.992806
2.889335
0.705133
1.570924
1.416442
1.979662
1.811733
1.239614
0.461557
0.267208
2.700378
1.508160
0.038814
4.807686
2.433738
2.722635
2.599230
1.789691
2.211583
0.180814
1.304345
3.028797
1.085267
1.432423
3.078084
2.531338
0.832144
1.231192
2.479459
3.707608
3.632949
4.856323
1.667218
0.172571
1.633303
1.471627
1.143821
1.473125
0.155036
1.205331
3.260950
0.068250
1.514584
-0.151956
1.360082
3.721286
3.565569
2.470910
4.061524
2.482711
3.451458
2.827924
3.590984
2.407854
2.441587
3.622105
1.548342
0.130298
0.286190
1.941746
1.553983
0.955248
-0.384763
-0.093657
-0.106792
-1.137906
-0.016161
-0.637391
0.334417
1.266746
1.024661
0.996227
5.810339
2.171685
1.626211
4.200532
3.377363
2.268588
1.940158
1.514455
2.014766
2.418881
1.284670
3.364099
0.192951
-0.414211
-0.397022
-0.256964
0.642000
-0.186449
-0.147669
-0.256264
-0.527410
-0.574009
-0.698868
0.064349
1.639085
0.305776
-0.501209
-0.356457
-0.170967
-0.523536
-0.002922
0.827149
-0.258113
0.291796
-0.499439
1.631063
-0.172684
-0.451437
-0.575319
0.115155
-0.310605
-0.192765
-0.095245
-0.134408
-0.224891
-0.184362
-0.194175
0.523275
-0.018132
-0.319995
-0.173157
-0.205838
-0.189066
-0.183849
-0.101755
0.142967
-0.210675
-0.224991
-0.170034
-0.141442
-0.127780
-0.220758
-0.188953
0.146154
-0.351800
-0.166092
-0.040445
0.124665
-0.297508
-0.182213
-0.169525
0.831753
1.920296
-0.560644
-0.128164
-0.122617
-0.145282
-0.180419
-0.245791
-0.093567
-0.003198
-0.267940
-0.143789
-0.169529
-0.202679
-0.190902
-0.184146
0.639494
-0.415203
-0.185094
-0.283939
-0.158665
-0.156607
-0.158142
-0.196525
-0.649534
-0.177781
-0.309179
-0.068773
-0.051893
0.122181
0.005580
0.297547
-0.249187
-0.220622
-0.239474
-0.203904
0.183550
-0.017133
-0.139599
-0.159103
-0.095480
-0.212944
-0.211856
-0.189054
-0.194957
-0.108251
-0.060579
-0.251327
-0.078844
-0.128586
-0.218210
0.096552
0.147324
-0.191632
0.537148
0.895619
0.665094
-0.139258
-0.197908
-0.117128
0.371011
1.242565
-0.195847
-0.007486
-0.077773
0.071792
-0.235878
-0.187973
-0.184671
-0.235474
-0.140021
-0.205207
-0.055436
0.721863
-0.095504
-0.270680
0.062370
-0.310192
-0.462996
-0.405675
-0.135467
0.324988
-0.191740
0.330116
-0.390242
-0.080403
-0.486177
-0.195931
-0.271205
-0.041022
-0.076010
-0.254372
-0.127945
-0.002352
-0.124718
-0.268569
-0.288547
0.285143
1.101267
-0.321408
-0.347715
-0.046740
-0.129481
-0.187019
-0.356469
-0.227981
-0.375617
-0.196443
-0.141650
0.689829
-0.260123
-0.232256
-0.146414
-0.130543
0.318307
-0.203282
-0.126911
0.339352
0.474186
-0.367626
0.053747
-0.202647
-0.308319
-0.293838
-0.054974
0.201138
0.303097
-0.263995
-0.038194
0.011411
-0.070848
-0.247394
-0.334845
-0.035565
0.791335
-0.237999
-0.027927
-0.390975
-0.071024
0.153898
-0.191101
-0.357535
-0.145594
-0.265356
0.372073
1.468948
0.381887
-0.274460
-0.082271
-0.060017
-0.344685
-0.303090
-0.176864
0.421408
1.171936
-0.418368
-0.116724
-0.395538
0.116304
0.508070
0.791355
-0.275319
-0.307020
-0.288969
-0.204764
-0.060317
0.168325
-0.303542
-0.340925
-0.176686
0.234606
0.666707
-0.422229
-0.155962
-0.276629
-0.181359
-0.185002
-0.510215
-0.185896
-0.296882
-0.169670
-0.185384
-0.367981
-0.172146
1.616820
-0.096328
-0.142297
-0.274313
-0.121781
-0.209378
0.160251
-0.148138
-0.349876
-0.249712
-0.409734
-0.055396
0.188228
0.134230
-0.342597
-0.178171
-0.121187
-0.151638
-0.060180
-0.131533
-0.250931
-0.183574
-0.119473
-0.081421
-0.224283
-0.328384
-0.093018
-0.255813
-0.106644
0.138038
0.584308
0.624128
-0.417745
-0.184910
-0.216857
-0.266514
-0.360611
-0.188714
-0.216444
-0.136448
-0.087210
-0.046521
-0.070467
0.380321
-0.336925
-0.181728
-0.223661
-0.168894
-0.181521
-0.269432
-0.013314
-0.114980
-0.338135
-0.273474
-0.469412
-0.205042
-0.237164
-0.167898
-0.087606
-0.143005
-0.213018
-0.079929
-0.126525
-0.119598
-0.155257
-0.190075
-0.350798
-0.205592
-0.210817
-0.186232
-0.180538
-0.180285
-0.110706
0.016745
0.338267
0.362960
-0.363837
-0.183452
-0.138741
-0.165649
-0.204610
-0.183880
-0.059749
0.065383
-0.198671
-0.014472
0.072365
-0.304825
-0.108372
-0.162562
-0.060604
-0.103899
-0.102450
-0.242172
-0.182217
-0.179788
0.608464
-0.092973
0.118480
-0.411647
-0.216156
-0.183335
-0.135154
-0.093964
-0.218173
-0.183062
-0.310809
-0.179300
-0.122144
-0.159782
-0.257767
-0.258344
-0.183028
-0.153511
-0.140515
-0.068270
0.408978
-0.337082
-0.182477
-0.172439
1.239201
-0.773209
-0.218672
-0.248195
-0.180550
-0.182929
-0.245664
-0.194712
-0.170994
-0.150705
-0.205136
-0.189281
-0.277832
-0.177635
-0.196201
-0.193052
-0.189564
-0.039765
0.172162
-0.472709
-0.169762
-0.211719
-0.189800
-0.171159
-0.114147
-0.232214
-0.195053
-0.183811
-0.188096
-0.178331
-0.163889
-0.173616
0.179481
-0.027905
-0.295902
-0.188449
-0.172883
-0.184384
-0.176456
-0.106442
-0.147781
-0.255632
-0.137587
-0.192427
-0.158672
-0.190535
-0.186866
-0.186227
-0.010446
-0.283603
-0.191581
-0.180954
-0.188330
-0.137363
-0.153852
-0.187722
0.240694
0.965074
-0.400256
-0.192505
-0.183180
-0.183455
-0.171940
-0.086237
-0.028517
-0.151377
0.038634
-0.193809
0.175224
-0.197546
-0.214442
-0.177757
-0.118620
-0.230939
-0.165408
-0.200853
-0.192934
-0.111351
-0.078621
-0.224687
-0.465815
-0.199423
-0.251279
-0.162262
-0.151350
-0.183595
-0.191404
-0.222393
-0.181949
-0.324340
-0.175502
-0.277633
-0.035979
0.106767
-0.295850
-0.176080
0.808013
-0.365611
-0.136801
-0.198671
-0.197307
-0.241300
-0.175402
-0.192150
-0.157912
-0.180691
-0.189240
-0.109661
-0.031113
-0.136849
-0.222269
-0.098417
-0.102712
-0.225581
-0.171929
-0.179882
-0.108885
-0.094801
-0.299105
-0.167235
1.041276
-0.366473
-0.238047
-0.176250
-0.176660
-0.182511
-0.192234
-0.182703
-0.145470
-0.126242
-0.204055
-0.148611
-0.051753
-0.008317
-0.152078
-0.223735
-0.205684
-0.204481
-0.176879
-0.185652
0.223241
0.828664
-0.398846
-0.176300
-0.104347
-0.269933
-0.151371
-0.163570
-0.219801
-0.184820
-0.169643
-0.181989
-0.200971
-0.174717
-0.184357
-0.205827
-0.184743
-0.044963
0.208070
-0.111139
-0.151118
-0.169622
-0.196033
-0.183861
-0.445403
-0.178766
-0.234704
-0.171179
1.000074
-0.283474
-0.129875
-0.014706
-0.231829
-0.059635
-0.018705
-0.084137
-0.173625
-0.214681
-0.177551
0.120857
-0.087261
-0.394736
-0.267396
-0.227393
-0.137579
-0.079482
-0.227459
-0.185144
-0.167172
-0.165955
-0.198815
-0.178151
0.188059
-0.402098
-0.285697
-0.160746
-0.138179
0.019324
0.632610
0.260963
0.501935
-0.165407
-0.257674
0.353829
1.066968
-0.420323
-0.191058
-0.186018
-0.225646
-0.152712
-0.182366
-0.175798
-0.146324
-0.122638
-0.205500
-0.195855
-0.186662
-0.221235
0.010426
-0.120048
-0.272156
-0.352294
-0.315413
-0.257036
0.661556
0.812407
-0.363871
-0.485409
-0.152801
-0.069227
-0.094478
-0.262803
-0.189813
-0.152616
-0.153247
-0.187301
-0.202709
0.030201
-0.102951
-0.270526
-0.163089
-0.164375
0.154543
0.562153
-0.305771
-0.159845
-0.200508
-0.255049
-0.461480
-0.220814
-0.267595
-0.206069
-0.185613
0.168230
0.771359
-0.382880
-0.187119
-0.098259
0.103548
-0.009522
-0.091364
0.443991
1.189084
-0.373507
-0.025818
-0.106544
-0.328541
-0.253982
-0.153160
-0.050807
-0.239444
-0.126280
-0.172492
-0.195275
-0.186884
-0.182117
-0.188256
-0.449394
-0.175700
-0.226757
-0.184274
-0.069742
0.744908
0.806545
0.299046
-0.126191
0.302439
-0.095066
1.268949
-0.352660
0.786013
-0.194086
-0.287764
-0.195805
-0.146694
-0.070919
0.021599
-0.189885
-0.165757
-0.130064
-0.190135
-0.189434
-0.136919
0.091443
0.473343
-0.256192
-0.554937
-0.381948
-0.266386
-0.071531
-0.264494
-0.288703
0.286716
-0.510775
0.261540
0.559949
-0.203049
-0.219192
-0.153429
-0.155385
-0.107789
0.045177
-0.223311
-0.022749
-0.190251
-0.186793
-0.125658
0.507102
1.664940
0.784114
-0.484596
-0.188011
-0.283732
-0.268151
-0.198991
-0.202776
1.084677
0.724604
0.023702
0.273410
0.563943
0.780930
0.313082
0.034033
1.125474
0.050347
0.536798
0.758817
0.040438
0.694696
0.301055
0.844162
1.063209
1.079690
0.756343
0.551700
0.037234
0.822616
0.636189
0.326196
1.109507
0.067813
0.041158
0.445731
2.912633
0.235528
0.115708
0.079913
0.730949
0.729014
0.145822
1.447226
0.418632
1.111944
0.722314
1.099208
0.552025
1.397624
0.737999
0.002418
1.036845
1.198903
0.390959
0.244301
0.684556
0.082321
0.059827
0.026953
1.976459
0.501200
1.121368
0.257180
0.902313
0.716231
0.038244
1.391777
0.088379
1.375785
1.033947
2.404097
1.441801
1.520323
0.204464
0.666803
1.990058
1.403214
2.387155
0.873062
1.814291
0.427877
1.415580
0.784617
0.262997
0.149989
1.147233
0.302318
1.859975
0.591351
1.534667
0.099104
1.903363
0.672138
1.538354
1.654185
0.433387
0.001836
0.744914
0.327970
2.797404
2.117810
0.537954
0.854287
0.411383
1.082808
0.369291
0.877996
0.225559
0.553644
1.673601
0.430255
1.071164
2.666509
0.419972
1.582946
0.550856
0.352822
0.028458
0.406111
0.345942
0.158848
0.670529
0.055585
4.021164
0.385348
0.261349
0.004136
0.023471
2.828632
0.815626
0.358424
0.988846
1.046319
1.605636
0.411281
0.739202
0.679081
0.208816
1.522574
0.517822
0.020232
0.189404
2.170837
0.167654
0.099356
0.083036
0.168127
0.194108
0.757186
1.613620
0.467194
1.089815
1.418885
1.294046
1.884134
0.518195
0.574167
1.453898
0.105559
1.547218
0.478612
0.918414
0.077860
0.226641
0.490853
2.249979
0.237177
1.169796
0.399925
1.115454
0.868302
0.793570
3.870215
1.037887
0.694460
0.392954
2.105442
0.701907
0.956242
0.323360
1.826364
1.084707
0.062271
1.037526
1.958664
1.544212
0.489568
1.120937
0.608073
1.433946
0.552393
0.131980
0.264350
0.789739
0.800522
0.030035
2.980475
1.345387
0.104003
1.466417
1.530241
0.671461
0.360232
0.165934
0.036714
1.279718
0.240310
1.928395
2.444700
0.440589
0.341929
1.473442
0.324694
0.497910
0.065776
1.302747
0.499084
0.365187
0.497115
0.915614
0.246841
0.246776
2.178977
0.475897
1.263238
1.175121
0.665526
0.376708
0.992232
2.865293
0.608891
2.655016
0.074329
0.640308
0.144811
0.269297
0.047441
0.993220
0.747491
1.727232
0.622037
1.055949
0.277253
1.041511
0.401441
0.038097
3.407220
0.298265
0.720264
0.148473
0.753218
0.173205
2.182878
0.528699
0.700421
0.119722
0.410051
0.518955
0.637371
0.836769
1.011644
0.059064
1.440900
0.649071
1.653395
0.591375
0.813302
1.217358
1.355386
1.580734
1.041288
0.805328
0.080170
0.837287
0.372166
1.310630
1.097806
0.060233
0.444734
0.660386
1.433135
0.210159
0.329009
2.289220
0.643616
0.388584
2.008698
1.333973
0.762171
0.026505
0.103998
1.002844
0.809826
1.081958
0.807810
1.299797
0.675845
1.598370
1.820850
0.352142
1.904272
1.795465
1.107365
0.549255
1.037356
1.008341
0.140764
1.611295
0.469166
1.973220
0.312465
0.262628
0.498448
1.377076
0.108447
2.420386
0.405457
0.144848
0.745588
2.149200
0.527352
0.002949
0.044508
0.370300
2.738279
0.472639
0.935387
0.039252
0.479474
1.361610
0.475050
1.015676
0.464740
0.685881
0.601902
0.241213
1.076775
0.040546
1.318205
0.177404
0.404834
0.125637
1.180569
3.250393
0.238384
0.213016
0.158722
0.152627
0.786245
0.168505
0.103276
0.283814
1.847821
0.431618
0.168761
0.990009
0.885532
0.393292
0.554788
1.166033
0.921005
0.170762
1.205889
0.396972
1.381444
0.297525
2.791340
2.008567
0.253909
0.254244
0.075704
0.472561
0.055961
0.168058
0.573170
0.926644
3.852374
0.824400
0.401213
1.629315
1.141911
0.068377
1.224368
1.008250
1.442925
1.383528
0.489956
0.968968
1.326182
0.208184
2.108616
1.590923
1.252924
0.504423
0.234511
0.473034
1.471601
1.113219
0.778950
0.875934
0.753143
0.672860
0.388689
0.993695
0.524713
0.069115
0.783028
0.998517
0.056964
0.841709
0.045482
1.397307
0.221172
1.562301
0.400552
1.596898
0.184924
0.372742
2.355867
0.950594
0.300437
2.814641
0.364221
1.102525
0.518560
0.139939
0.237549
1.449600
1.072749
0.041151
0.403555
0.347699
0.223764
0.046842
1.674702
1.061883
0.561929
0.165922
0.140139
1.309980
0.649650
0.550287
2.550366
0.448064
0.443012
1.379102
0.123824
0.286386
0.005303
1.078841
0.098036
2.213792
0.803875
0.388017
1.826537
0.818297
0.273905
0.686403
1.869799
0.769691
0.417513
0.368419
2.023622
1.614657
1.502187
0.383263
0.413488
0.933836
1.239866
0.041742
1.194133
0.463914
0.281064
1.170889
0.106470
1.146367
0.476275
0.228884
2.567879
0.103329
0.289545
1.756465
0.136453
0.553170
0.001997
0.181417
1.949117
2.119349
0.373556
0.019122
0.666762
0.172867
1.275229
0.011276
0.089897
0.909476
0.291947
1.035610
1.381813
0.775427
0.054495
0.183283
1.472282
0.537457
0.710808
1.176603
0.175802
1.087038
1.858830
0.612377
0.273815
1.126469
0.149050
0.863411
0.018675
0.349794
1.872768
1.951732
0.882873
1.211653
1.757218
1.747601
0.036764
2.138164
0.437245
0.673476
0.654827
0.312477
0.103924
0.107805
0.157294
2.442724
1.262145
0.274078
0.606043
0.538979
0.484863
0.616892
0.300791
0.127125
0.026710
1.457574
0.272700
0.534579
3.530382
0.358743
0.254443
0.299942
0.853228
1.169992
0.195675
0.268772
1.552670
0.217467
1.171306
2.937755
0.278373
0.068363
0.548990
0.035294
0.422854
1.256326
1.425225
0.023832
0.455327
1.965394
0.070033
1.600958
0.000919
0.078963
0.143914
0.568615
0.094732
0.121755
0.224207
1.636536
1.040784
0.370952
3.518439
0.038466
0.894959
0.300527
0.924768
0.815680
0.014253
4.139876
0.554551
0.110493
1.466735
0.665964
0.025904
1.678064
0.445308
1.453104
0.614991
0.744123
0.467944
0.311688
1.507335
0.107757
2.224072
0.047499
2.135300
0.617605
3.711114
1.573319
0.337206
0.540053
1.967983
3.350659
0.203873
0.204962
1.469953
0.032248
0.006397
0.547504
0.055034
1.806508
0.235268
0.272142
0.224652
2.467759
0.241612
0.093003
0.273598
0.012433
0.114147
0.306464
1.516860
2.096061
0.622136
0.809501
2.276013
0.153958
1.238616
0.273332
1.648037
0.340993
0.602370
2.325286
0.708806
0.087574
0.281703
0.809382
0.337515
3.635176
0.673582
0.114595
0.234071
2.685368
0.537978
0.077812
0.118805
2.024849
0.313997
1.273788
0.433501
0.087349
0.994513
0.407641
0.183007
0.008487
0.226652
0.850454
0.725915
0.700921
0.994914
1.348622
0.331657
0.110293
1.125524
0.315189
4.207439
0.226301
0.258228
1.187992
1.993876
0.439337
0.140312
0.303545
0.431855
0.412361
0.658732
0.829766
0.755227
0.539809
0.386691
0.366027
0.512140
0.443870
0.458640
0.537356
0.424621
0.375356
0.273524
0.468566
0.594611
0.575011
0.365884
0.484050
0.414932
0.348522
0.255600
0.303053
0.573266
0.763361
0.538260
0.062791
0.116412
0.481621
0.811029
0.479192
0.751610
0.921787
0.497622
0.384381
0.581859
0.575394
0.813135
0.469966
0.142757
0.219966
0.826835
0.597236
0.659075
0.971761
0.764577
0.092333
0.319381
1.251175
0.305661
0.871289
0.439385
0.015102
0.138714
0.139034
0.628426
0.133885
0.228777
0.190514
0.052812
0.076387
1.115068
0.500030
0.029104
0.071796
0.535824
0.327891
0.012317
0.561432
0.325424
1.192290
0.682425
0.202872
1.076675
1.196151
0.112861
0.403108
0.160272
0.270627
0.141519
0.055693
0.325978
0.527049
0.238180
0.008368
0.408393
0.312933
0.344274
0.114283
0.123482
0.184268
0.448214
0.018582
0.134285
0.202445
0.526424
0.384472
0.659964
0.584624
0.179321
0.027008
0.036954
0.223816
0.172987
0.168985
0.426208
0.201101
0.529866
0.627799
0.345647
0.275915
0.078994
0.242441
0.116693
0.129238
0.056773
0.371626
0.546173
0.101218
0.135239
0.225332
0.694451
0.030541
0.133751
0.236548
0.197323
0.182093
0.513480
0.687292
0.480219
0.181958
0.268068
0.295015
0.220178
0.335590
0.347421
0.063081
0.082265
0.352581
0.304225
0.565092
0.369178
0.497274
0.428087
0.463068
0.479383
0.272587
0.578849
0.400003
0.162328
0.047342
0.312448
0.748339
0.010812
0.203851
0.223550
0.244087
0.169284
0.122935
0.211530
0.626265
0.058802
0.018229
0.675559
0.204725
0.123542
0.150701
0.103177
0.129823
0.154038
0.304653
1.300066
0.221002
0.261235
0.445793
0.563874
0.564758
0.561826
0.169834
0.086152
0.253296
0.261984
0.322827
0.044988
0.701541
0.116888
0.157173
0.317467
0.376674
0.191226
0.085430
0.409516
0.224911
0.099437
0.197108
0.482295
0.162528
0.114952
0.033516
0.009561
0.149211
0.026888
0.187139
0.011087
0.046892
0.116339
0.224585
0.215392
0.049296
0.297956
0.111667
0.146292
0.625536
0.653213
0.918475
0.038046
0.276008
0.290684
0.457126
0.318985
0.215658
0.206376
0.253304
0.279138
0.212119
0.086440
0.034865
0.003768
0.099309
0.035521
0.185300
0.416412
0.736661
0.679363
0.480556
0.123813
0.467415
0.060267
0.054540
0.024830
0.256562
0.003008
0.319032
0.172776
0.248689
0.386863
0.314310
0.181597
0.260701
0.421865
0.099093
0.184246
0.285703
0.242900
0.513957
0.018354
0.014849
0.004640
0.139143
0.012410
0.601380
0.052975
0.620671
0.259635
0.033689
0.034314
0.029489
0.528238
0.205726
0.231868
0.063630
0.460585
0.257533
0.124352
0.411140
0.388148
0.230505
0.338764
0.572977
0.234225
0.175510
0.339315
0.497316
0.010359
0.297973
0.104823
0.440069
0.209587
0.176506
0.112494
0.114374
0.512582
0.134242
0.072197
0.456114
0.003677
0.308258
0.464466
0.533220
0.017574
0.004684
0.097878
0.206255
0.086169
0.478811
0.389859
0.609647
0.367910
0.278809
0.351774
0.199950
0.312499
0.370655
0.484861
0.010648
0.230510
0.088401
0.334715
1.070399
0.272589
0.210675
0.262711
0.293993
0.094894
0.097274
0.134167
0.069867
0.548945
0.180001
0.289157
0.179019
0.155352
0.476082
0.566857
0.046113
0.047086
0.005658
0.746887
0.218849
0.134413
0.118654
0.219010
0.409308
0.211067
0.481453
0.050679
0.403906
0.225532
0.185024
0.052267
0.398019
0.464125
0.364654
0.143133
0.126266
0.280299
0.031546
0.055702
0.253253
0.022448
0.142087
0.069985
0.048055
0.427771
0.357797
0.053950
0.452703
0.125642
0.496336
0.541540
0.430619
0.135601
0.110174
0.005919
0.004947
0.340104
0.178803
0.072730
0.038942
0.204539
0.055418
0.171982
0.138121
0.631369
0.388982
0.111274
0.326148
0.235264
0.544326
0.358793
0.321654
0.067048
1.056160
0.337896
0.115399
0.114522
0.380935
0.472350
0.105981
0.415003
0.210878
0.137402
0.433875
0.046982
0.223704
0.308384
0.664644
0.139967
0.097159
0.005032
0.208273
0.389350
0.114280
0.105191
0.331200
0.557222
0.218505
0.150187
0.100351
0.562892
0.151755
0.056777
0.158521
0.194323
0.229684
0.324183
0.410407
0.120211
0.028021
0.243383
0.207325
0.214521
0.475206
0.071675
0.333409
0.457287
0.093137
0.115241
0.850863
0.009087
0.090212
0.441166
0.305449
0.640495
0.171216
0.393266
0.542619
0.338219
0.044831
0.202423
0.025124
0.252005
0.347746
0.643317
1.246943
0.279929
0.052975
0.259616
0.209903
0.122708
0.079852
0.319330
0.253045
0.134765
0.172483
0.972812
0.069880
0.148479
0.187660
0.323119
0.208957
0.151544
0.223892
0.080720
0.296881
0.117268
0.142963
0.072517
0.156719
0.010103
0.217044
0.142454
0.601373
0.124873
0.050082
0.182074
0.257628
0.113857
0.184393
0.435338
0.274178
0.392856
0.133566
0.092247
0.011232
0.308059
0.170183
0.229214
0.230988
0.145475
0.553702
0.408305
0.005057
0.207223
0.222784
0.095450
0.112423
0.022328
0.274959
0.195988
0.458364
0.551091
0.039693
0.484495
0.046701
0.338680
0.177126
0.181749
0.258187
0.133264
0.456809
0.293589
0.211937
0.108685
0.239967
0.542955
0.093037
0.009251
0.116645
0.293388
0.410288
0.372689
0.527491
0.147561
0.413821
0.544257
0.813371
0.324037
0.618802
0.025365
0.103634
0.097044
0.817744
0.051099
0.551522
0.447668
0.404654
0.380133
0.375377
0.217053
0.234419
0.354374
0.254485
0.104965
0.054462
0.080692
0.985738
0.119190
0.228945
0.122109
0.336908
0.264639
0.517767
0.192314
0.237426
0.103170
0.088130
0.212110
0.670325
0.005343
0.285614
0.531580
0.001977
0.016546
0.493269
0.260591
0.375676
0.552180
0.190762
0.265166
0.402865
0.022670
0.169946
0.166479
0.249580
0.701931
0.072806
0.389811
0.146265
0.549946
0.733036
0.186925
0.027134
0.126507
1.079554
0.914974
0.454197
0.421247
0.253108
0.246926
0.291940
0.555564
0.316679
0.117630
0.199149
0.229800
0.417179
0.658595
0.298731
0.525351
0.206119
0.232297
0.234563
0.387216
0.086464
0.181702
0.199219
0.282954
0.290018
0.288143
0.305679
0.021584
1.165141
0.238346
0.115040
0.317898
0.138147
0.561885
0.254212
0.101081
0.324937
0.165544
0.057236
0.244061
0.082480
0.030380
0.149316
0.777245
0.034509
0.100209
0.457508
0.193290
0.680556
0.589205
0.535604
0.142343
0.212081
0.158530
0.058428
0.106449
0.041818
0.072742
0.017848
0.485191
1.533928
1.765769
0.667414
0.123651
0.358830
0.391913
0.358287
0.305563
0.208614
0.024525
0.081448
0.504769
1.121662
0.002246
0.916848
0.458341
0.148672
0.860894
0.886235
1.901491
1.508584
2.479545
2.303918
1.207167
0.802266
0.552272
0.597423
0.809637
0.697724
1.247884
1.137539
0.986714
1.094112
0.469067
-0.046993
1.073098
0.324022
1.241576
1.862136
2.429645
0.331751
0.517614
0.640903
-0.797112
-1.559584
-0.316490
-0.484690
-0.853390
-0.106895
-0.343569
-0.052160
0.103486
-0.357053
-0.794022
-0.131784
-0.475043
0.191289
1.258554
1.683537
1.152809
-0.029639
-0.648399
-0.336431
0.806475
0.300734
1.429616
1.608985
-0.135895
1.255080
1.985943
1.491689
1.118042
0.723373
0.759985
0.340051
0.264931
1.072848
-0.207436
-0.958142
-0.453220
-0.320142
-0.167374
0.793379
1.021193
-0.433223
-1.168789
0.354009
-0.340488
-0.041135
-0.674660
-0.222610
-0.162211
0.437224
-0.205267
-0.107482
-0.465451
-0.200777
-0.508262
-0.289632
-0.698192
-0.215050
1.227917
2.451448
1.655393
0.297460
-0.174402
-0.091688
-0.127155
-0.264329
0.389804
1.957469
0.615452
1.356281
2.003517
0.360847
-0.130276
0.170568
1.203466
1.355145
0.834540
0.851249
0.315936
1.009232
0.727953
1.159316
-0.999913
-0.468463
-0.094907
0.969998
2.132106
2.618735
0.935068
-0.554268
-0.553054
-0.058215
-0.225801
-0.736325
0.036337
0.339331
0.908055
0.154880
0.388733
-0.784014
-0.062440
-0.111280
-0.029956
-0.225058
0.099479
1.145979
2.211585
1.448550
-0.406938
-0.529068
-0.116580
0.424983
0.659416
0.017465
0.094762
1.978204
0.033802
0.087171
-0.747244
-0.214240
0.171684
-0.356033
0.146643
0.227555
0.478562
-0.205335
-0.400802
-0.165842
1.029609
-0.364409
0.065343
1.541335
0.748518
0.959930
0.599976
-0.196782
-0.383429
-0.244047
0.031915
0.533242
-0.159048
0.595747
0.319706
2.618704
2.159876
0.782770
0.308944
-0.428045
-0.145475
-0.549336
-0.143362
1.010763
-0.250560
0.669768
1.510550
0.815976
0.033333
-0.189963
0.820893
-0.214129
-0.130612
0.308163
-0.296439
0.096267
1.581295
-0.525842
-1.094898
-0.248016
0.361870
-0.081225
1.091148
0.987997
0.526528
0.524384
1.300545
1.356019
-0.671832
-0.104603
0.866179
0.993130
0.211106
0.524212
1.471256
0.830793
3.774105
2.382625
0.428294
-0.187365
-0.219882
1.061410
1.229828
1.904571
1.167198
0.087213
-0.826395
-0.525390
0.026075
0.028014
1.064451
1.082025
1.468012
1.997436
1.052967
1.786708
-0.340281
-0.361889
-1.109825
-0.274134
0.070107
-0.070279
1.182741
1.616735
-0.187418
-0.077208
0.561664
0.399985
-1.000211
0.143972
0.284512
-0.351983
1.168805
0.869319
-0.079629
-0.679706
-0.605608
0.472663
0.859091
-0.262113
-0.073471
1.094016
0.731399
1.935128
1.334713
-0.104691
-0.309695
-0.115631
-0.241561
0.676477
0.051708
0.123895
0.828883
2.113196
0.187993
0.475483
0.943470
1.014813
1.019681
0.398928
-0.245541
0.577481
0.762079
-0.111562
0.377926
-0.236242
-0.210187
0.177215
0.943665
0.692737
0.339763
-0.066522
0.626148
-0.205026
0.344340
-0.801347
0.375951
1.033686
-0.544168
-0.354958
-0.376880
-0.058729
0.821407
1.390607
1.081771
0.574852
-0.526537
0.614901
1.883217
0.623405
-0.508991
0.379730
1.355893
0.988867
1.204873
1.696085
0.278491
-0.065827
1.090301
0.308173
0.883741
0.041567
-0.039095
1.090786
2.015564
1.503769
0.166329
0.741328
0.592195
0.211864
-0.000565
1.489598
0.721054
0.719422
0.791807
1.242617
1.137406
0.262120
-0.365755
0.002365
-1.161532
0.713616
0.676076
-0.212758
0.462815
0.916372
2.122563
0.064814
-0.708820
0.098681
-0.040427
1.373524
0.900501
-0.098549
0.136954
0.629008
-0.214223
-1.333434
-0.372228
0.485671
0.575358
0.564737
1.705646
0.295986
-0.175159
-0.183176
0.987801
2.343471
0.062098
0.132822
1.413240
0.861860
0.364224
0.765448
-0.138859
-0.350510
-0.433092
-0.146897
0.163401
0.058088
0.418262
0.473806
1.118334
0.348241
0.334743
-0.179198
1.011906
-0.071444
0.339471
0.559915
0.805210
1.296520
-0.150708
0.128432
-0.112638
-0.425334
-0.093981
0.415265
0.620268
2.732407
1.383728
0.485360
0.816448
1.996137
-0.035224
0.302362
0.936799
-0.375483
0.514934
0.348897
-0.319927
0.168388
-0.105126
0.306638
1.315328
0.364108
0.200650
0.520584
0.648777
0.164270
0.591036
-0.005775
-0.337670
0.460582
0.743286
-0.018158
0.077161
0.688643
-0.386668
-0.260942
0.372344
-0.064018
1.891084
1.133787
0.908578
1.368533
-0.021412
-0.530751
-0.303822
0.333523
0.560737
0.961091
0.370317
0.456805
1.710282
0.571692
0.659266
0.927533
0.529712
-0.182152
0.308121
1.070305
0.593828
1.033090
0.282443
0.500807
0.415425
-0.767797
0.016763
0.195860
-0.107674
-0.398250
-0.487086
-0.023314
0.278752
1.712427
1.263029
-0.014533
0.853949
1.004545
0.446807
0.265053
0.727363
-0.038855
0.916616
-0.310404
-0.835533
-0.399089
-0.145810
0.823210
0.482887
1.306962
1.652260
0.378419
-0.221246
-0.610621
0.469622
0.546783
-0.372616
-0.578118
-0.024383
-0.269172
-0.191694
-0.753500
-0.024683
-0.463697
-0.628722
-0.044994
1.915854
1.450158
0.809525
0.518736
0.664461
0.064392
-0.511505
-0.852152
-0.040390
0.736533
-0.175978
-0.823359
2.226411
2.415789
1.083779
1.607044
0.790892
1.133999
0.333729
-0.309841
0.754904
2.198337
0.114767
-0.814448
-0.230207
-0.003849
-0.177713
-0.128435
0.967869
1.407786
1.324044
0.785949
1.126235
0.724308
0.271282
-0.273747
1.095526
-0.346854
-0.351329
1.264763
1.041196
0.571695
0.094690
0.259236
-0.096246
0.069580
0.324680
0.520674
1.071306
0.543890
-0.471391
-0.248675
-0.066533
-0.261944
-1.711246
-0.364954
1.149941
1.706723
-0.130770
0.694733
1.546148
-0.387404
-0.166895
-0.067952
-0.107733
-0.451701
-0.654854
0.327402
1.655154
0.144774
-0.593837
-0.172939
0.879426
0.269630
0.547205
2.179919
0.899564
0.329473
0.655010
1.412336
-0.823294
-1.386616
-0.527712
1.200234
-0.080483
-0.366891
1.545585
0.219935
-0.097097
1.356555
0.994894
0.614056
0.529352
0.908411
0.984389
0.187967
1.027496
-0.131555
1.251810
0.163636
-0.224526
-1.667648
-0.910869
0.384707
1.005399
0.617979
1.179561
-0.489784
-0.733738
-0.457692
0.398090
-0.043015
0.584954
1.205868
-0.021171
0.168964
-0.091946
-0.123386
0.552733
0.733912
0.455114
0.256256
1.410407
0.402646
0.438091
1.062184
1.921025
1.517268
-0.696593
1.125490
1.986765
1.029568
1.625035
0.745806
-0.394610
-0.395885
0.192130
0.539335
-0.156740
0.315940
-0.117412
0.290682
0.452531
0.569420
0.145114
0.375237
-0.223423
-0.448666
-1.399304
-0.837381
0.243587
1.154992
-0.937706
-0.242534
-0.544510
-0.177739
0.059191
-0.220420
0.640009
0.821998
-0.020279
0.104351
-0.126580
0.087224
-0.160262
0.399464
0.170555
0.025441
-0.114567
-0.259089
-0.125017
0.213084
1.151574
0.587898
-0.346909
-0.247069
-0.400734
0.493856
0.165788
0.000233
0.033259
0.016741
0.022002
0.029244
0.010599
0.059074
0.084211
0.038723
0.247869
0.103447
0.072157
0.040455
0.098748
0.090559
0.035824
0.090096
0.375449
0.364723
0.158642
0.132885
0.108266
0.024437
0.089276
0.389799
0.075561
0.198885
0.350887
0.277932
0.254138
0.069164
0.309397
0.423836
0.012082
0.006469
0.298416
0.256224
0.077502
0.078852
0.014725
0.020903
0.025317
0.001710
0.142114
0.115397
0.044929
0.037402
0.018420
0.026412
0.028459
0.088432
0.022633
0.035171
0.030443
0.008032
0.002439
0.059437
0.243448
0.305403
0.194257
0.008899
0.188528
0.505343
0.079847
0.077079
0.247993
0.167426
0.008286
0.028575
0.054311
0.018383
0.054602
0.471456
0.627502
0.480443
0.113166
0.219091
0.230933
0.057987
0.242932
0.009761
0.009608
0.009980
0.030711
0.052877
0.042512
0.024009
0.001133
0.088739
0.045274
0.048015
0.588912
0.506002
0.012687
0.046457
0.019851
0.124105
0.033853
0.027600
0.118958
0.005680
0.001723
0.006968
0.008949
0.144907
0.028873
0.021427
0.453521
0.723697
0.757976
0.653978
0.088850
0.434610
0.536723
0.011797
0.018690
0.026084
0.399175
0.309060
0.010781
0.317973
0.011698
0.106449
0.009957
0.160494
0.552777
0.411503
0.219826
0.233160
0.043233
0.017256
0.009363
0.042596
0.103743
0.063213
0.193350
0.006255
0.026153
0.307454
0.138438
0.033102
0.043035
0.002470
0.012712
0.560005
0.524403
0.000012
0.235686
0.295903
0.005632
0.032395
0.016198
0.426813
0.666172
0.371515
0.011819
0.027590
0.306864
0.213870
0.008777
0.361905
0.122594
0.027955
0.106382
0.348427
0.063754
0.026230
0.023189
0.312182
0.027109
0.009730
0.015473
0.101403
0.015747
0.013234
0.368365
0.067513
0.059464
0.041704
0.215725
0.419275
0.024053
0.023831
0.003740
0.017915
0.231192
0.184894
0.142346
0.281246
0.313526
0.449618
0.048280
0.233064
0.032061
0.055108
0.211095
0.079433
0.419571
0.504781
0.181217
0.059801
0.199904
0.008935
0.032117
0.018720
0.303696
0.299060
0.306945
0.378878
0.003162
0.025980
0.346297
0.045025
0.084613
0.030965
0.010047
0.316875
0.311369
0.043574
0.016048
0.024339
0.033508
0.051370
0.023171
0.056085
0.023896
0.139782
0.222301
0.433701
0.201443
0.002775
0.460310
0.130864
0.229844
0.306121
0.046064
0.265669
0.554681
0.508931
0.215042
0.004788
0.001378
0.216672
0.460749
0.421899
0.132390
0.224598
0.308858
0.166766
0.289241
0.009692
0.160831
0.101411
0.021868
0.345236
0.000913
0.002644
0.060654
0.010122
0.030663
0.003648
0.021387
0.037307
0.029281
0.385207
0.172292
0.100456
0.096324
0.045099
0.049576
0.042701
0.008158
0.031013
0.016984
0.183830
0.119655
0.115726
0.100266
0.013632
0.011397
0.372324
0.073039
0.007561
0.114914
0.130076
0.475049
0.379281
0.209994
0.430105
0.130184
0.016957
0.045717
0.359454
0.392203
0.136510
0.208202
0.153066
0.208381
0.320697
0.023835
0.004652
0.151325
0.160567
0.049868
0.010750
0.052525
0.286686
0.276848
0.038770
0.021416
0.000477
0.024870
0.149607
0.177183
0.005165
0.002400
0.191997
0.098707
0.098256
0.007686
0.046984
0.058858
0.021785
0.322011
0.005828
0.011991
0.292287
0.239185
0.024138
0.014701
0.010386
0.017074
0.017352
0.005878
0.425276
0.304664
0.124986
0.025954
0.264279
0.231493
0.029348
0.024235
0.085207
0.434718
0.373010
0.122060
0.153025
0.360791
0.477606
0.337890
0.025766
0.070843
0.503134
0.781299
0.054550
0.253233
0.462147
0.153691
0.036085
0.035734
0.241933
0.100292
0.092324
0.086083
0.060351
0.319790
0.441486
0.044001
0.000457
0.015282
0.006366
0.009080
0.046767
0.005316
0.527751
0.362849
0.099767
0.025522
0.018183
0.059137
0.048221
0.014339
0.030374
0.032991
0.281330
0.105390
0.098840
0.226188
0.401674
0.011625
0.009427
0.226075
0.192620
0.302856
0.062021
0.132291
0.454613
0.003070
0.019386
0.013152
0.121859
0.147745
0.026175
0.364029
0.473491
0.222875
0.386977
0.512402
0.285680
0.009099
0.145343
0.012707
0.001290
0.396459
0.322692
0.301252
0.176091
0.013239
0.041499
0.058233
0.026337
0.030294
0.043385
0.129749
0.140346
0.001611
0.548255
0.019993
0.054547
0.005034
0.016084
0.024891
0.194266
0.163680
0.009664
0.014790
0.269465
0.139106
0.047011
0.084230
0.034497
0.150903
0.032612
0.160131
0.574749
0.521816
0.376171
0.028713
0.026174
0.192280
0.027749
0.235328
0.465642
0.153513
0.203896
0.122679
0.294695
0.051250
0.090472
0.046037
0.030160
0.006800
0.210112
0.559251
0.513455
0.238949
0.112634
0.015048
0.039290
0.103261
0.370354
0.333599
0.109795
0.068070
0.469151
0.029148
0.026878
0.148494
0.147612
0.020188
0.229229
0.240155
0.337074
0.319475
0.001555
0.184544
0.181239
0.029017
0.015008
0.201168
0.607477
0.670401
0.388365
0.117331
0.038458
0.052524
0.021409
0.074883
0.000501
0.277399
0.735753
0.522670
0.326364
0.033056
0.354320
0.182929
0.000900
0.061137
0.336345
0.191218
0.002100
0.380693
0.220567
0.292344
0.049352
0.023838
0.234281
0.017529
0.005736
0.190769
0.272956
0.019550
0.070024
0.283502
0.083270
0.077711
0.003281
0.033332
0.216481
0.127048
0.096019
0.009892
0.071260
0.095314
0.082470
0.114619
0.250779
0.039236
0.031657
0.010994
0.124512
0.123947
0.027240
0.019691
0.276731
0.454986
0.002515
0.047460
0.011495
0.246132
0.278497
0.257117
0.388170
0.135760
0.242799
0.411899
0.128730
0.336557
0.103649
0.007486
0.077704
0.017599
0.089419
0.179016
0.011940
0.240347
0.092548
0.030405
0.062096
0.179722
0.000988
0.078931
0.277885
0.003698
0.085305
0.000531
0.067154
0.070642
0.016450
0.021069
0.194857
0.096993
0.097507
0.021994
0.134129
0.159376
0.020913
0.114181
0.410641
0.254028
0.538333
0.097640
0.041059
0.013890
0.195836
0.220626
0.011945
0.011202
0.030210
0.150253
0.366228
0.506365
0.277588
0.004977
0.165376
0.004852
0.003002
0.506458
0.003818
0.015092
0.393738
0.298968
0.018978
0.030574
0.018613
0.243129
0.272440
0.489280
0.153227
0.002425
0.469796
0.429451
0.417521
0.028737
0.200372
0.022580
0.017451
0.081580
0.033204
0.016584
0.200565
0.196288
0.147448
0.170742
0.043269
0.055297
0.251790
0.070234
0.103137
0.345666
0.333858
0.009606
0.001455
0.005340
0.037100
0.061428
0.028853
0.028749
0.042073
0.023957
0.012911
0.008360
0.007848
0.021366
0.034452
0.059514
0.034347
0.027248
0.077534
0.037466
0.055714
0.083944
0.030753
0.073996
0.066175
0.044178
0.029148
0.026251
0.008937
0.013936
0.048793
0.066255
-0.358038
-0.556884
-1.035700
-0.232945
-0.028061
-0.416697
-0.522262
-0.582862
-0.515378
-0.738053
-0.179410
-0.596351
-0.190818
-0.681499
-0.897077
-0.946462
-0.793846
-0.743342
-0.429274
-0.466047
-0.564897
-0.564439
-0.498057
-0.199060
-0.031925
0.166328
-0.743762
-0.548922
-0.348282
-0.028175
0.622464
-0.293680
-0.014450
-0.505863
0.637985
-0.179213
-0.105341
-0.015668
-0.323872
-0.749148
-0.281311
-0.543813
-0.431981
-0.883941
-0.813972
-0.756357
-0.213464
-0.231342
0.761572
0.262991
-0.773927
-1.149950
-0.618435
0.151023
-0.535340
-0.216890
-0.612146
-0.677345
-0.526990
-0.845052
-0.405419
0.071442
0.294351
1.554964
0.532703
0.095258
-0.202714
-0.820616
-0.166024
-0.098501
-0.034015
-0.006915
0.036468
0.963983
1.425942
-0.219767
-0.384664
-0.352005
-0.489523
0.293231
-0.367370
-0.206350
-0.145152
-0.082555
-0.118293
-0.097907
-0.469859
-0.421628
-0.277753
1.381336
1.690231
-0.025351
0.942684
-0.234865
0.180024
-0.180919
0.175052
0.362149
0.463994
0.079033
-0.123215
0.347372
-0.062178
0.138365
-0.467560
-0.227987
0.364682
-0.134023
0.345012
-0.799289
-0.647592
-1.034002
-0.951307
-0.109700
-0.402674
-0.219591
-0.249426
-1.023546
-0.106484
-0.473409
0.126706
0.450113
-0.531740
1.051848
-0.275422
-0.344684
-0.367149
-0.271679
-0.317958
-0.781419
-0.535811
-0.876422
-0.675054
-0.677407
-0.419907
-0.379516
-0.745923
-0.215312
-1.148290
-0.962546
-0.375408
-0.847893
-0.315474
-0.017004
-0.034393
0.284074
-0.513050
0.476838
-0.059653
-0.317407
-0.152284
-0.003582
0.494230
-0.301479
-0.158680
1.727120
0.473486
2.239695
-0.059563
0.378210
-0.025487
-0.098374
0.169216
0.481686
-0.288581
-0.331738
-1.344110
0.840646
-0.146334
0.890782
-0.428672
-0.008237
0.110757
-0.208798
-0.528788
0.023961
-0.349544
-0.278154
-0.031701
1.157358
-0.228701
-0.250755
-0.781443
-0.718039
-0.462327
0.426153
0.728977
-0.048177
-0.214228
-0.130257
-0.581640
-0.234516
0.561949
2.118096
-0.235956
-0.458920
-0.315855
-0.371650
-0.528036
0.261230
-0.502723
-0.882614
-0.345051
-0.367080
-0.229205
-0.175598
-0.347414
-0.926399
-0.546191
-0.821753
-0.818591
-0.226705
0.007238
-0.661411
-0.715923
-0.247003
-0.041496
0.218430
-0.363690
-0.021673
-0.109451
-0.410067
-0.401128
1.046185
-0.357804
-1.399277
-0.746914
-0.655451
-0.405865
-0.449631
0.753530
-0.689628
-0.732381
-0.898565
-0.463282
0.047598
-0.575532
-0.610327
0.140263
0.686616
-0.853420
-0.367367
-0.894012
-0.555240
-0.431171
-0.979707
-0.566526
-0.349996
-0.057287
-0.972488
-0.643530
-0.844418
-1.305164
-0.039656
0.187478
-0.234996
0.909109
-0.464862
-0.458527
-0.227953
-0.101679
0.174712
-0.485966
-0.327665
-0.089538
-0.402462
-0.552596
-0.719822
0.132496
-0.557820
-0.953720
-0.195352
0.112231
-0.206859
0.349693
1.207348
-0.492393
-0.192627
-0.112687
0.669702
0.471022
-0.407427
-0.845989
-0.139683
-0.500209
-0.321915
-0.511450
-0.863587
0.980924
0.688868
1.369488
0.375869
1.327544
0.828620
-0.249733
-0.015159
-0.223142
-0.757788
-0.108745
-0.406160
-0.330343
-0.123057
-0.027832
-0.461442
-0.828105
-0.586278
-0.892651
-0.541014
-0.758860
-0.361312
-0.460625
-0.544005
0.952442
1.404690
0.373482
-0.506494
-0.416647
-0.412282
-0.160828
-0.383029
-0.625502
-1.029067
-0.263900
-0.797270
-0.191481
-0.729609
-0.717891
-0.375199
-0.777147
-0.810467
-0.520419
-0.709909
0.343813
-0.174933
0.434153
-0.318880
-0.382042
-0.374297
-0.700959
0.134479
-0.502657
-0.523138
-0.439385
-0.413833
-0.006193
-0.485408
-0.099615
-0.723633
-0.718211
-0.543229
-0.799724
0.429355
-0.265776
-0.700665
-0.166794
-0.942781
-0.463746
-0.897565
-0.306273
-0.837318
-0.081331
-0.019361
-0.302745
0.256311
-0.389686
-0.747837
-0.580831
-0.334616
0.136943
-0.459576
-0.260579
-0.051867
-0.468388
-0.246351
-0.615444
0.497990
-0.025463
1.537184
-0.233545
-0.805766
-0.368642
-0.193535
0.303708
-0.174686
0.107822
-0.278470
-0.441992
-0.630966
-0.295753
-0.660885
-0.362992
-0.559570
-0.095907
0.431845
0.416588
-0.464193
-0.637165
-0.551113
-0.783158
-0.599827
-0.205078
0.657159
-0.099523
0.812141
-0.075470
0.469476
1.384492
-0.100469
0.684150
0.334612
0.042756
-0.076402
0.177647
-0.517564
-0.627663
-0.340886
-0.494151
-0.303697
-0.551330
-0.748723
-0.109894
0.440757
0.510583
-0.511323
-0.182785
-0.369473
-0.700426
-0.386851
-0.285849
-0.293951
-0.114627
-0.303723
0.555243
0.092549
0.707773
-0.399544
0.157690
0.011410
-0.461783
-0.539020
-0.712812
0.166732
0.822106
-0.196548
0.811692
1.974484
1.766821
-0.074566
-0.708800
-0.774740
-0.691616
-0.473797
-0.257483
-0.747000
0.760553
-0.014910
-0.022500
0.321232
0.810752
-0.290093
0.237833
0.258037
-0.180901
-0.521518
-0.639247
-0.203599
0.565636
-0.257234
-0.423095
-0.452648
-0.527739
-0.830845
-0.319938
0.192362
-0.575020
-1.089002
-0.080636
-0.808329
0.102204
-0.194449
-0.097809
0.766227
-0.129035
-0.212728
-0.721344
-0.293765
-0.605541
-0.095306
-0.490214
-0.517540
-0.054882
-0.040177
-0.280565
-0.161779
-0.199935
0.226659
1.268504
0.064332
-0.291443
-0.840999
-0.559171
-1.059347
-0.437419
-0.274440
-0.089475
0.184309
0.066965
-0.160642
0.866033
-0.231597
-0.032504
-0.206652
0.812545
-0.519691
-0.670255
-0.047970
-0.388172
0.752196
-0.131236
-0.521425
-0.619548
-0.236185
-0.139531
-0.451498
-0.590214
-0.375479
-0.099304
0.749365
-0.420621
-0.155724
-0.609223
-1.021353
0.100330
0.209264
-0.262266
-0.290638
-0.499108
0.198690
-0.439931
0.149319
-0.467300
-0.151881
-0.143215
-0.508798
-0.360103
-0.429150
0.547426
1.338765
-0.003317
-0.424395
-0.174305
0.819372
-0.130522
-0.101768
-0.330910
-0.435932
0.344947
-0.126637
-0.468685
-0.718451
-0.197240
-0.530741
-0.448537
-0.271092
-0.130739
-0.995050
0.216814
-0.267648
-0.608959
-0.502886
-0.353964
-0.894748
-0.672740
-0.656567
-0.521158
0.537903
-0.125707
1.202405
0.561641
-0.274113
-0.409323
-0.880397
-0.039277
-0.179285
0.082689
-1.124933
-0.155082
-0.809857
-0.019869
-0.863247
-0.481418
0.188078
0.320503
-0.281577
-0.420820
-0.211996
1.036495
1.327516
0.884528
0.910228
0.974113
1.173870
-0.342415
-0.393484
-0.391093
-1.084215
-0.029221
-0.393239
1.602881
0.344656
1.028286
-0.807920
-0.245112
-0.942412
-0.466495
-0.251767
-0.294154
-0.545803
-0.459047
-0.496114
-0.640084
-0.444341
-0.682596
-0.104669
-0.314926
-0.447942
-0.857788
-0.100591
2.016598
-0.353309
-0.236705
-1.010498
-0.606051
-1.010302
-0.381248
-0.347058
-0.141284
-0.212686
0.293055
-0.847441
-0.092764
0.012198
-0.535468
-1.575495
-1.376016
-1.157293
-1.010266
-0.290936
-0.263271
-0.098055
-0.243921
0.300478
1.000289
0.304860
-0.121020
-0.513716
-0.622757
-0.692530
-0.254480
-0.069463
-0.248463
-0.694202
0.635400
-0.037189
1.397228
1.644676
0.974177
0.300762
0.417587
-0.035456
-0.437494
1.076790
0.139584
0.915457
0.913282
0.187579
0.743019
0.656576
0.418322
0.294674
0.081633
0.489404
0.886915
0.997119
1.282099
0.662572
0.792121
1.036187
0.966111
0.408303
0.712928
0.776910
0.867018
0.365148
0.403373
0.166031
0.389576
1.253797
1.477765
0.143955
2.115993
0.391377
0.551198
1.007571
0.488922
0.900698
0.720946
1.310780
1.473928
1.273011
0.439440
0.470796
1.314478
0.133139
0.364413
0.503080
1.271331
1.424142
0.322198
0.814710
0.427391
0.753807
0.417024
0.643001
2.531062
0.958516
0.352882
0.866867
1.021143
0.083380
0.196414
0.823031
0.980806
1.934054
0.302846
0.013177
0.351409
0.045426
1.280990
0.870638
0.011093
1.959227
1.092832
0.397716
0.128175
0.003847
0.412226
0.636650
1.396488
1.565891
0.386169
0.150384
0.819123
1.519905
0.265359
0.675272
1.248990
1.754711
0.605196
0.250120
0.726286
0.812567
2.498013
0.114804
0.615242
0.918366
1.445601
0.715746
0.260552
0.744304
0.612363
0.390122
1.454922
1.407536
1.023416
0.157275
0.829945
1.664428
1.052314
1.353796
0.863607
1.601702
1.391518
0.896269
0.970911
1.569576
1.338617
0.063814
0.194226
1.093033
0.191244
0.079708
0.211410
0.897818
0.211062
0.289127
0.716461
0.012014
1.971300
0.520604
0.829726
0.870507
1.375356
1.363669
1.027385
0.869381
1.633856
1.140769
0.262989
0.537627
0.111796
0.814588
0.292335
1.753851
0.248089
0.665293
0.086477
0.582092
1.188226
0.208580
0.041266
0.853225
1.821286
0.969332
0.940384
0.825287
2.230001
1.018707
1.776888
0.802351
0.957747
1.059700
0.436374
0.208276
0.072503
0.110116
0.213190
1.380130
0.016290
0.214406
0.220845
0.215735
1.279222
0.230988
0.447942
0.045843
0.775718
0.710644
0.182253
1.196027
2.310246
2.073346
1.992118
0.391925
0.612909
1.032264
0.144685
0.928034
0.087990
0.290648
0.458715
1.532718
0.309920
0.384305
0.224787
0.401562
0.470007
0.320934
0.386949
0.980866
0.325189
1.074959
0.315289
0.174854
1.296127
2.360852
1.540446
0.115056
0.190670
0.874846
0.378620
1.048803
0.317201
0.248015
0.347767
1.059646
0.122524
0.542472
0.056219
0.837945
0.139546
0.399831
0.499620
1.352143
0.393845
1.661480
0.466621
0.631433
0.445377
1.352083
0.898287
0.006378
0.635641
0.019456
0.748187
0.021508
1.021294
1.186509
0.612597
0.716264
0.271540
0.432302
0.223420
1.201338
0.839671
0.182737
0.274192
1.254940
0.092796
1.444381
1.934225
0.133741
0.881281
0.039924
1.050223
0.078392
0.114137
0.143384
0.361520
0.622125
0.300111
1.666936
0.581701
0.692053
0.584964
0.032095
0.303936
0.711661
1.487844
0.568652
0.177560
1.013270
0.317157
0.126106
1.882994
1.414190
0.267163
0.166463
1.431730
0.447640
1.103016
0.288201
0.043363
0.099067
0.041349
1.185439
1.158268
0.198274
0.490757
0.257250
0.130094
0.185446
0.631321
1.193103
0.663050
0.872515
0.316098
0.507022
0.895781
0.383314
0.297200
0.044826
1.854106
0.324420
0.773085
0.057784
0.225028
0.592109
0.217097
1.679547
0.806409
0.536698
0.291534
0.360554
0.120075
0.415024
0.821846
0.585205
0.449618
0.915655
0.092658
0.910577
0.259218
0.538588
0.820916
0.902108
0.978785
1.019509
0.209894
0.499316
0.759740
0.440095
1.199305
1.452010
0.439127
1.095526
0.210005
1.029408
0.149106
1.018455
0.697661
0.419470
0.349704
1.115728
0.080598
0.963098
0.599662
0.260416
2.069015
0.371855
0.393840
0.679211
0.252780
0.872465
0.990069
0.486549
0.533590
0.777617
0.195965
0.564103
0.271963
2.683935
0.136246
1.768759
1.307702
0.620493
0.952509
1.014528
0.487295
0.033136
0.362909
0.263181
1.320095
0.469563
0.637424
0.681658
1.661680
0.225663
0.203113
0.215724
0.243698
1.167463
0.652134
1.093244
0.304837
1.895128
0.315119
0.964276
1.385662
0.236667
1.007894
0.483619
0.162058
1.064875
0.031515
0.015867
0.799257
0.207093
0.039710
0.378308
1.368234
0.646615
0.166565
0.103677
0.009117
1.332147
0.477900
1.361959
0.700926
0.574589
0.213205
0.024024
1.245508
0.088636
0.278820
0.209939
0.376170
1.230313
0.522567
0.410032
0.490375
0.179218
0.795428
0.601406
0.790973
0.974886
0.564063
1.408768
0.175237
0.477882
0.287839
0.255723
1.246989
0.221655
0.035002
0.058759
1.284298
0.215555
0.074931
0.137290
0.123550
1.204709
0.007564
0.696179
0.859145
0.445794
1.029235
0.580789
0.462105
0.912188
0.441283
2.138775
0.722843
0.242509
0.295315
0.105712
1.048974
0.614202
0.132819
0.748687
0.677830
0.278978
0.029238
0.838631
0.620123
0.134080
0.026323
0.614204
1.214108
0.620104
0.460261
0.877971
0.352494
0.443754
0.370355
1.950443
1.269756
0.162356
0.212025
0.444601
0.092131
0.972634
0.206990
1.295925
0.557323
0.283014
0.345794
1.173875
0.185843
0.086028
0.032881
0.390511
0.785662
0.256561
0.712618
0.808708
1.041409
0.769479
0.307543
1.444975
1.465450
0.921900
0.871199
0.066255
0.038361
0.779008
0.211551
0.721738
0.624479
0.256918
0.715400
0.911720
0.264858
0.403314
0.881717
1.162627
0.852226
0.816093
0.912296
0.393299
1.525993
0.573867
0.117315
0.318360
0.646864
1.915877
1.149517
0.446800
0.238975
0.399860
0.000254
0.559942
0.521392
0.163896
0.015616
0.241876
0.348882
0.464329
0.965709
1.028492
1.513430
1.076767
0.402225
0.603370
1.296777
0.317653
0.023004
0.358476
0.351502
2.156949
0.522283
0.584776
0.796885
0.390168
0.041530
0.946562
1.156435
0.692034
0.679667
0.232802
0.803734
0.688196
0.480059
0.704978
1.225407
0.653944
0.208272
0.064367
1.254973
0.185750
0.146144
0.402141
0.011993
1.428461
0.748202
0.193633
1.258995
0.870484
0.384628
0.776767
0.746712
0.623435
0.247222
0.291068
0.932489
0.072978
0.150297
1.108285
0.422138
0.035389
0.144212
0.238387
0.975304
0.363178
0.235616
0.384932
0.429671
1.548260
0.741422
0.441595
0.763610
0.693596
0.099416
1.042647
0.435088
0.302306
0.475282
0.297002
0.943025
0.886483
0.980087
1.734050
0.766414
0.278994
0.024910
0.188604
1.035440
0.121488
0.686665
0.551683
0.728447
1.568791
0.527923
0.030228
0.844453
0.030153
0.049137
1.059572
0.684025
0.106175
0.114917
1.450496
0.866246
0.618162
0.347868
0.145207
1.623275
0.507630
0.324701
0.716470
0.896859
0.783093
0.536791
0.386865
0.532972
0.276975
1.013620
0.009325
1.492846
0.609880
0.239314
0.466548
0.648391
0.122497
0.035077
1.039987
0.737316
0.005054
1.183065
0.037108
1.610668
1.024905
0.065538
1.014123
0.716032
0.786090
0.371010
0.076561
0.385360
0.551200
0.760814
0.369122
0.942362
0.580118
0.010407
0.107010
0.051965
0.705981
0.798999
0.479993
0.038448
0.517775
1.165741
0.247350
0.243054
0.608190
1.246900
0.263928
0.559792
0.441710
1.000918
0.676705
0.227873
0.095619
0.569481
0.265410
0.592872
0.916489
0.822094
1.487979
1.964475
-0.397005
0.231454
1.176489
1.201951
0.733884
0.509527
1.141024
1.121793
0.043732
0.595149
0.891269
0.956063
0.902351
0.456517
0.566671
1.448752
1.329774
0.392702
0.966276
0.743509
0.055203
0.330133
-0.168278
0.043478
2.134155
0.970698
0.645711
0.569076
0.321406
0.464893
0.426976
1.158712
1.165165
0.680805
0.967712
0.551708
0.501096
1.206503
0.764949
-0.050714
0.190668
1.221146
0.900053
1.114489
0.625417
0.656699
0.968961
0.857661
-0.062350
0.784311
0.401617
0.532219
1.155705
0.881230
0.804082
0.440928
0.793488
0.707603
0.771033
1.023139
0.813562
0.805411
1.094298
1.706720
1.421018
-0.304762
0.197483
0.450585
0.789041
0.426717
0.392332
1.207981
1.421439
-0.170613
0.615074
0.402399
0.416263
0.698195
0.425205
1.241470
1.075424
0.762460
0.705934
0.744706
0.884105
1.133319
0.025833
-0.081931
0.946760
1.246736
1.891151
1.017305
0.258191
0.707064
0.621504
0.221443
0.165592
1.234853
0.928658
0.877400
0.625179
0.545491
0.943163
0.506745
0.752086
0.814390
1.196054
0.981494
0.275925
0.494257
1.436982
0.360919
0.651413
0.791480
0.055220
1.346401
0.646427
0.900843
0.613641
0.389019
0.376466
0.758184
0.773065
0.590233
0.769362
1.237877
0.508204
0.169122
0.415246
0.855592
0.890799
0.187881
1.258905
0.580500
0.823274
1.244118
0.670234
1.110650
0.609919
0.395674
1.094343
0.105624
0.278544
1.350938
1.042491
0.519456
0.251814
1.342713
0.717557
0.452208
1.089207
1.584689
0.909838
-0.053903
0.639706
0.589373
0.760975
0.712891
0.452677
0.554281
0.979784
0.619615
0.786717
1.034742
0.030802
0.904954
0.858126
0.465528
0.212640
1.291867
0.739992
0.478905
0.910080
0.935869
0.035743
0.275659
1.056025
0.649448
0.862878
0.356120
0.456322
0.771562
0.427002
0.444246
0.414028
0.668936
1.428132
0.967936
0.026851
0.499570
0.514116
0.965455
0.950042
0.358556
0.780305
0.377417
0.533058
0.736662
1.766932
1.210853
0.355179
0.591325
0.470887
0.969651
0.783459
0.571059
1.334959
0.915150
0.913806
0.318764
0.314478
0.924532
0.888279
0.433735
0.708407
0.422774
0.758232
0.747449
0.794054
1.296172
0.998081
0.532105
-0.150554
-0.018317
0.964290
0.763112
0.901107
0.510095
0.537351
1.074436
0.564453
0.491015
1.015222
0.980035
0.326230
0.799932
0.654975
0.677083
0.738732
0.387598
0.694706
0.813340
0.856022
0.364440
0.979788
0.917660
1.155322
0.539571
0.619441
0.459969
0.982878
1.102087
0.643222
0.618212
0.734532
1.084283
0.407277
0.607887
1.416962
0.359630
0.572173
0.403320
0.770683
1.121723
0.519090
0.841305
0.688201
1.113305
0.724391
0.669026
0.935643
0.556016
0.883088
0.974958
-0.057258
0.248867
1.248872
1.099607
0.999162
0.239965
1.290541
0.811295
0.656261
0.943717
0.094992
0.531912
0.650604
0.345586
1.260196
0.929434
0.428874
0.433147
0.672025
0.471399
0.805325
1.271012
0.361762
0.479156
1.692481
1.111780
-0.137659
0.393577
0.907426
1.256048
0.068318
0.730699
0.755440
1.009301
0.304133
0.605166
0.939616
0.976959
0.040828
0.789197
0.852330
0.690669
1.197436
1.155302
-0.075956
0.622837
0.956043
0.648977
-0.021941
0.832030
1.622126
0.866049
0.432442
0.927809
1.694695
0.867062
0.680261
0.715401
0.231026
0.408619
0.672001
0.910483
0.415297
0.753577
0.926188
0.495548
-0.004642
0.890770
1.125624
0.946337
0.196088
0.865022
1.337243
0.295430
0.277646
0.770611
0.976947
0.192370
0.650716
1.157529
0.710637
0.702255
0.847202
0.673293
0.584570
0.678682
0.775542
0.045540
0.659466
1.047473
0.878292
0.480953
0.347660
0.298203
1.513322
0.389523
0.170591
1.294975
0.698917
0.526576
0.889968
0.843731
1.246343
0.157669
1.127725
0.678634
0.616641
0.399079
0.302728
0.853841
0.491778
1.086068
0.599014
0.690356
1.150414
0.601312
0.954887
0.453555
0.185261
0.635211
0.614727
0.400537
1.336366
0.775325
1.455964
1.197478
-0.517553
1.242001
0.436384
0.637850
0.337686
0.819921
0.639144
0.605568
0.620391
1.030568
0.648604
0.413878
0.468024
0.748319
0.358346
0.428688
1.655962
0.799234
0.677742
0.483531
0.153259
1.071548
-0.208817
0.810572
1.910429
0.534185
0.808827
0.537040
0.322152
0.223978
0.549319
1.133951
0.692412
0.545227
0.787935
0.945788
0.857576
0.720671
1.094110
0.166912
-0.534831
0.742014
0.596946
1.257977
0.912378
0.539141
0.954407
0.597580
0.063835
0.761212
0.462255
0.840269
0.443259
0.746350
0.789416
0.959575
0.787089
0.760843
0.568654
0.603946
0.144149
0.321611
0.589153
2.078212
1.214749
0.176314
0.619554
0.411990
0.796107
0.621954
1.008150
0.847924
1.405599
0.116028
0.865106
0.998565
0.358241
0.526649
0.419426
0.472265
0.878979
0.798249
0.804130
0.841203
1.275525
0.738960
-0.121700
-0.086888
1.593688
0.542363
1.048913
0.983437
0.864137
0.797668
0.340065
0.647755
0.417125
0.871474
0.866786
0.457966
0.578843
0.508632
0.888903
0.890325
0.506783
0.907627
0.470027
0.644113
0.449996
1.322394
1.504802
0.640674
0.562068
1.151818
0.165478
0.984704
0.988407
1.046341
0.920989
0.792982
0.969184
0.852659
0.867713
1.083174
0.292236
0.639676
0.510068
0.933624
0.482376
1.002379
0.593361
0.640043
1.044185
0.532212
1.080553
0.963548
0.502703
0.516068
1.415921
0.244398
0.719504
0.658153
0.668029
0.660503
1.308957
1.080288
0.671718
0.624648
0.592242
0.538062
0.756118
0.717596
0.820475
0.798823
1.332667
0.632924
0.705147
1.086931
0.487504
0.298907
1.091415
0.778282
0.640961
0.986082
0.209667
0.966941
1.171883
0.980834
0.130351
0.785498
0.836332
1.283896
0.960239
0.702699
0.391220
0.738670
1.201124
0.791768
0.378309
1.338220
0.414821
0.297881
1.442287
0.761083
0.359592
0.666863
0.745056
0.875724
0.780651
0.578922
0.703945
0.849562
1.195914
0.582203
0.823275
0.676050
0.486564
0.304527
1.326903
0.955086
0.189966
0.929377
0.697266
0.446988
1.232615
0.704801
0.171526
0.899591
0.929770
0.338995
0.294566
1.036275
0.949386
0.493780
0.596662
0.690288
0.783179
0.986842
0.862095
1.047495
0.549254
0.580970
0.344454
0.426189
0.827349
0.090032
0.763973
0.123831
0.243700
0.782723
0.454807
0.845084
0.212156
1.170745
0.551280
-0.057540
0.379815
0.794703
0.283190
0.736890
0.498427
0.642505
0.359519
0.395083
0.470270
0.413629
1.188218
0.498466
-0.021790
0.305439
-0.113520
1.046595
0.404710
-0.062805
0.285988
-0.015453
1.832586
0.109674
-0.018215
1.321221
0.781162
0.762578
0.597207
0.453655
1.452052
0.211671
-0.036678
0.122217
-0.050843
-0.019690
1.870852
-0.159815
-0.069832
1.896039
1.159850
0.090829
0.235254
1.084768
-0.163252
-0.137530
0.358985
1.154773
-0.073364
0.842930
-0.148499
0.839381
-0.082120
0.219304
-0.177418
-0.077155
0.245688
0.186238
-0.225443
-0.026629
0.666813
0.062425
-0.174321
-0.054630
-0.016616
-0.052069
0.590993
-0.137562
0.247358
-0.066267
-0.015780
-0.058624
-0.090742
0.229203
-0.114701
-0.134558
-0.164376
1.231948
-0.180317
-0.215471
0.869351
-0.224270
0.295071
-0.013759
3.358639
-0.304842
-0.161008
2.172791
-0.020798
0.869944
0.831626
0.755335
-0.120185
-0.031823
-0.106509
0.603836
-0.069178
-0.134273
-0.204054
-0.143810
-0.122695
-0.011254
-0.203446
0.328404
-0.242906
0.906425
-0.249335
0.097367
1.857872
-0.045554
-0.047931
-0.074064
-0.013680
0.439564
-0.116153
0.247336
0.921280
-0.056297
-0.129704
0.332248
-0.191832
0.593779
-0.124249
-0.273983
-0.064623
-0.108992
-0.036602
-0.295498
0.013223
-0.043135
-0.237341
0.434795
2.135950
0.089502
1.031405
0.151021
-0.005738
-0.083438
-0.004151
0.797703
-0.125822
0.943700
-0.151942
1.197701
-0.268666
1.064473
-0.187278
0.370564
-0.264980
1.030151
-0.267240
-0.061449
0.109245
-0.228612
-0.094189
0.710580
1.759508
0.570083
-0.018546
0.281821
-0.080455
-0.192232
-0.063671
-0.081888
0.059984
0.749985
1.759241
-0.151935
1.739857
-0.089893
-0.139523
0.388768
-0.062488
-0.011697
-0.202242
-0.036415
-0.021732
-0.235750
0.254995
0.346802
2.394357
0.140032
-0.030078
-0.190462
-0.115881
-0.057192
-0.056348
-0.138849
1.000722
0.337962
1.016813
1.085311
-0.027884
0.267246
-0.055168
-0.078663
0.642825
-0.029749
-0.162345
-0.067184
0.700468
-0.064006
-0.228991
0.108545
2.773920
0.229903
0.103234
-0.172545
-0.055103
-0.146759
0.305475
-0.166269
-0.150797
1.111923
1.218593
1.271780
-0.045677
-0.008734
-0.113817
-0.161562
0.257179
-0.117576
-0.133917
0.182611
-0.221348
-0.164241
0.460291
0.683908
1.059225
0.248186
-0.394780
-0.122440
-0.037376
-0.073573
0.867382
0.200970
-0.181554
-0.178894
-0.303338
-0.194299
-0.118698
-0.106806
-0.234977
-0.096744
-0.143682
-0.106382
1.399582
-0.396479
-0.034643
-0.142770
-0.219840
-0.159233
4.138663
-0.239583
-0.028933
-0.200249
-0.019493
-0.006483
0.328777
-0.046914
-0.071165
-0.037501
-0.114517
-0.219613
-0.120214
-0.170725
-0.016151
-0.187309
-0.178767
-0.036992
-0.128760
-0.078241
-0.122387
-0.243981
-0.126811
1.211739
0.675167
-0.038321
-0.285626
-0.035078
-0.091917
-0.095166
-0.030395
0.373119
-0.045442
-0.030695
-0.096155
-0.065987
-0.240519
-0.009146
-0.211926
-0.121576
-0.172176
-0.012931
-0.086117
-0.149365
-0.240125
-0.158358
-0.111693
0.672311
1.819112
-0.016091
-0.046365
-0.266110
0.532539
-0.158513
-0.190646
0.543029
-0.149207
-0.221901
-0.055849
0.153106
-0.133364
-0.026327
-0.178770
-0.131660
-0.229429
-0.142014
-0.059970
-0.102251
-0.282665
-0.074635
0.014279
-0.015326
1.528677
-0.038560
-0.046714
-0.116154
-0.008441
-0.062330
-0.444952
-0.182359
-0.039901
-0.016341
-0.235358
-0.134980
-0.147400
-0.064154
-0.189558
-0.154823
-0.205105
-0.225845
-0.150809
-0.132312
-0.036920
0.223503
-0.069589
-0.041225
2.569547
-0.081623
-0.084889
-0.226735
0.490808
-0.091259
-0.256227
-0.121229
-0.306570
-0.120500
-0.103186
0.169875
-0.083886
-0.026295
-0.291972
-0.086364
-0.109768
-0.250331
-0.037816
-0.331794
-0.109225
0.685345
0.170839
0.716531
1.799912
-0.132837
0.287455
-0.088796
-0.177377
0.472460
-0.272750
-0.061094
-0.251456
0.274551
-0.141000
-0.119127
0.292065
-0.139930
0.619699
-0.279007
0.132978
-0.193690
-0.086362
-0.177498
-0.109330
-0.066659
-0.064859
-0.043858
0.900381
0.668798
-0.270094
1.164762
-0.191231
-0.082747
-0.117315
0.024786
-0.180155
0.301550
-0.155538
-0.001454
-0.009959
-0.044234
-0.266397
-0.023858
-0.094385
-0.164068
0.673925
-0.288157
-0.142272
-0.078290
-0.104636
1.611565
-0.053432
1.288261
-0.089873
-0.172502
-0.094626
-0.125085
-0.049329
-0.164785
-0.074467
-0.064833
0.023548
-0.113212
-0.077409
0.856131
-0.164887
-0.069983
0.463062
-0.135090
-0.134802
-0.040817
-0.120318
-0.040824
-0.069122
-0.035618
1.375699
0.516963
-0.173295
-0.065808
0.732218
-0.202192
-0.165418
-0.148052
1.315304
-0.180810
-0.021513
0.033116
-0.040367
-0.124725
-0.001782
-0.284885
-0.093973
-0.237860
-0.163785
-0.030187
-0.113918
-0.214525
0.351336
0.692373
0.928883
0.614450
-0.310697
-0.167273
-0.011694
-0.192039
-0.174186
-0.119227
-0.225422
-0.020757
-0.017960
-0.141788
1.083712
-0.125505
-0.202219
-0.046438
-0.047230
-0.093203
-0.270835
0.700817
-0.189880
-0.136769
0.173699
-0.041318
1.789180
0.002901
-0.179464
-0.144951
0.260460
-0.394633
0.821404
-0.234581
-0.006611
-0.054632
-0.042146
-0.066922
-0.187691
1.115046
-0.077876
-0.246260
-0.158350
0.034045
-0.120042
-0.067483
-0.075872
-0.112087
-0.061599
0.330938
1.804398
-0.174292
-0.162980
-0.289237
-0.019006
-0.084230
-0.195521
-0.082527
-0.053508
-0.149769
0.194292
-0.062819
-0.089161
-0.045804
-0.129939
-0.094401
-0.086800
-0.117026
1.710837
-0.117892
0.313104
-0.054002
0.142051
0.200583
1.030465
0.271998
-0.273117
-0.113850
-0.046024
-0.284540
-0.098845
-0.203568
-0.027918
-0.186282
1.170660
-0.232850
-0.072011
-0.058455
-0.063327
-0.124073
0.407213
-0.113327
0.365551
-0.029118
-0.051000
-0.205436
-0.163125
0.006010
2.141754
-0.192333
-0.187154
-0.118188
-0.063612
0.208461
-0.103737
0.305465
-0.373963
0.954647
-0.112940
0.439349
-0.190643
0.946506
-0.118119
-0.002029
-0.241047
-0.034510
-0.139317
-0.022275
-0.159767
1.285531
-0.154412
-0.013663
1.925098
-0.136268
-0.211032
-0.082246
-0.240926
0.121300
-0.042080
-0.099387
-0.135684
-0.045059
-0.039176
0.422515
-0.311792
-0.043662
-0.002600
-0.103086
-0.104763
-0.136915
2.112504
-0.210548
0.018895
-0.258478
-0.081461
0.369482
1.524600
-0.021932
-0.237528
-0.053261
-0.215376
0.269408
-0.152288
0.131583
-0.070655
-0.017201
-0.136610
-0.016440
-0.145991
-0.213801
-0.046648
-0.180130
-0.094793
-0.176447
-0.144336
0.982083
-0.016394
-0.045463
0.350998
0.062292
2.063099
-0.147806
-0.286646
-0.034921
-0.191123
0.571118
-0.273600
-0.215339
-0.122549
-0.126760
-0.119916
-0.226929
-0.003220
-0.161971
-0.089354
-0.115324
-0.065649
-0.014598
-0.225186
-0.054845
0.118876
-0.158618
0.506599
-0.000889
0.258668
1.409612
-0.162734
-0.050216
-0.088868
-0.007703
-0.109917
0.520265
-0.167863
-0.030802
-0.061291
-0.039100
-0.099689
-0.022067
-0.024956
-0.126433
0.376637
-0.025294
-0.103162
-0.032115
0.291851
0.145995
-0.057290
0.680600
0.847628
1.087043
0.313717
-0.000462
0.935173
1.259151
0.600298
0.679584
1.200877
1.113338
1.148397
0.970467
0.265472
0.911676
0.937867
0.042634
0.658658
1.295083
1.278970
0.750396
0.082335
0.776509
1.213398
0.996955
-0.015346
0.610198
1.512971
0.709580
1.706880
0.634868
0.052015
-0.035217
0.360961
0.572528
1.000321
0.919561
0.553992
1.181254
0.816315
-0.009484
-0.014493
-0.000693
0.996608
1.434489
0.089715
0.633722
-0.016904
0.386704
0.963327
2.099434
2.597758
0.589064
0.026996
1.080003
1.126295
0.611108
0.611261
1.492676
1.681744
0.672173
-0.011116
-0.026205
0.530700
0.176294
1.113027
1.748671
1.773183
-0.014948
0.094794
0.153063
1.241768
1.184108
1.236179
0.981734
1.785676
0.747642
0.908609
1.468072
1.819429
0.618742
0.582719
1.002687
0.794963
0.739193
0.223578
0.536913
0.060689
1.298368
0.496523
-0.013578
0.998082
1.954031
-0.001313
0.588786
0.299277
0.162797
1.265291
2.304740
0.910030
1.193204
0.188775
0.112213
0.696534
0.651231
0.005716
-0.049612
1.233426
1.675995
1.058604
0.380186
0.342757
0.951848
2.155892
0.492989
1.485286
-0.037886
-0.040987
2.003758
0.464838
1.533494
1.243828
0.446434
0.111965
0.162672
0.987343
1.033884
1.472191
1.473764
1.117988
1.015579
1.034222
1.297238
-0.009715
0.918329
0.413110
0.304503
1.335981
0.886007
0.706360
1.752949
-0.033200
-0.006423
0.523299
0.275872
-0.007600
0.645705
0.581498
0.694152
0.552909
0.912053
0.221637
0.918643
1.333340
0.712626
1.508460
1.607657
1.545714
1.168677
0.066773
0.758253
1.397114
1.259803
0.549148
0.161675
-0.050709
1.400115
1.318913
1.210033
1.411027
0.562675
0.793680
-0.008212
1.105844
0.344393
0.966596
0.638717
2.602431
1.659050
0.419203
1.637832
0.504475
1.705565
1.026724
0.725732
1.673243
0.713431
0.223357
2.293743
0.914830
-0.012004
-0.031518
1.169608
-0.000439
0.140312
0.715510
1.735864
1.294612
0.514044
-0.015468
0.955872
1.583704
0.114878
0.594107
0.491957
-0.001258
0.001621
0.382221
0.996369
0.420242
1.092261
1.386654
0.083142
-0.056343
0.452369
1.667687
1.011923
0.579840
-0.040124
1.927607
-0.011504
1.100544
0.571609
0.329308
0.200837
0.890922
1.029317
-0.031656
0.441086
0.799314
1.482414
1.087597
0.385984
0.760831
0.270060
1.448538
1.568211
1.826608
0.741593
-0.041692
1.213193
0.772295
0.262235
0.047404
1.338164
1.941590
1.480412
-0.005018
0.228574
0.665726
0.864469
0.804476
1.573539
1.139033
0.533477
0.455200
1.563966
1.168294
1.245793
1.412793
0.880842
-0.006196
0.691505
0.561728
1.013963
0.886249
-0.018084
1.747977
1.932922
0.158537
1.214195
1.671379
1.173459
0.536659
0.555875
-0.001824
-0.002208
0.079129
-0.005803
0.661727
0.987585
0.018078
0.427788
0.239294
0.750624
1.543022
0.841701
-0.044464
1.413864
1.536343
-0.002804
0.336048
0.598375
0.664108
-0.017627
0.308555
1.005652
0.443250
1.282370
1.023432
0.579259
1.047940
0.637269
1.152522
0.417255
0.548281
-0.009050
1.172294
1.654262
1.769265
1.130700
0.151077
0.244400
0.934816
0.939404
1.515462
1.392730
-0.046344
1.183251
1.723573
2.178041
2.006203
1.288348
0.424618
-0.050565
0.471389
0.401480
0.401860
1.454268
0.859891
1.119076
0.478826
1.399326
1.898295
0.708584
-0.061179
1.025781
1.808586
1.505413
0.270643
0.866824
1.491827
0.640961
0.743537
1.530153
0.298489
0.532438
1.431665
1.032652
1.053770
0.167235
1.318575
-0.000218
-0.022693
0.349466
0.482310
0.228491
2.251625
0.648254
0.378560
-0.013973
1.102483
1.027893
0.790517
0.489645
0.418003
0.298045
0.788148
0.118542
1.690165
0.411792
1.034757
0.715968
0.411124
0.746633
0.189570
1.168591
1.267023
0.772932
1.023983
1.961778
1.082829
0.575280
-0.051280
1.281316
2.105506
0.976821
0.376412
1.347196
0.895069
0.165564
0.454828
0.847886
0.485184
1.942816
2.145747
2.061091
0.399579
0.070205
1.084080
0.460653
0.411995
0.537984
-0.008316
0.450413
1.035898
0.149440
0.289392
1.112597
0.621211
-0.002631
0.698345
0.253855
1.478895
0.545751
1.069039
0.042247
0.152686
0.416781
0.326380
1.042959
1.698380
1.203838
1.192360
1.269183
0.807959
0.507068
0.296229
1.600269
1.728952
-0.019830
0.136769
0.414333
1.435431
0.227784
1.264023
2.024137
0.506230
-0.014239
0.195415
1.760928
0.488894
0.991596
0.756378
1.211758
1.204522
0.968549
0.513547
0.127600
-0.021615
0.238104
0.696392
-0.016691
1.666866
0.605996
-0.058159
1.018871
0.842420
-0.010658
1.405143
0.887107
0.128085
1.160037
1.050297
1.583007
0.482591
0.027357
0.220816
0.649625
1.481999
1.039649
1.466504
1.791880
1.337344
0.776823
0.602089
0.825752
1.754471
1.874825
-0.007164
0.147663
0.264096
0.140047
1.656085
1.872290
0.120636
0.219886
0.585827
0.781102
1.221771
0.091434
0.692609
1.064054
0.963531
1.294945
1.079161
-0.000001
0.399319
-0.005873
0.761270
0.280613
1.198030
1.440055
-0.037628
0.555921
0.760107
0.758761
0.613923
0.857837
0.808492
0.698000
1.037203
1.304257
0.853023
0.352382
-0.009035
1.062021
0.563720
0.247385
1.166664
0.800712
1.148581
1.519758
2.349794
1.337026
0.616989
1.286730
0.104303
0.275360
0.413218
0.833192
1.056496
0.434463
0.699978
0.108625
0.010065
0.107063
0.995260
0.961870
0.654523
0.276254
1.120176
0.798912
1.030879
0.759916
1.095093
1.051646
-0.009777
0.567299
0.224486
0.819619
0.350596
0.977251
0.556573
0.491319
0.677147
1.019856
1.686568
0.426533
0.205241
1.637924
0.869873
0.351761
0.396988
1.033346
1.205617
0.980405
1.180842
-0.023527
-0.010464
0.462898
0.871889
1.524011
-0.017607
1.336966
0.033019
0.544070
0.960677
0.608626
1.176906
0.037149
0.381387
0.579144
0.176106
0.712769
0.680440
0.513197
1.638149
-0.030442
0.380233
0.215875
1.398374
0.813271
0.916799
1.121265
0.558344
1.065970
1.076498
0.352292
0.836924
1.273879
0.649602
0.178230
0.342262
1.238849
0.953163
0.469692
0.711878
0.596266
1.549959
0.338622
1.120910
2.235150
0.982245
0.476502
1.301573
1.144926
-0.004683
1.700365
1.210995
0.283079
-0.002217
0.422500
0.544851
0.839112
1.041646
-0.011132
0.579699
0.712453
1.089336
0.419957
0.341878
0.968006
1.664975
0.740727
0.791454
-0.034531
0.766663
-0.012057
1.510261
0.504293
0.809396
0.281425
0.216111
0.085987
1.482631
0.193755
0.016410
0.686958
0.097056
-0.002889
1.198489
0.787549
-0.040593
-0.000595
0.907533
0.533594
0.511337
0.231569
0.471458
0.702634
0.680751
0.247610
0.905397
1.102536
-0.050094
0.881169
1.192858
0.049136
0.371379
0.480691
0.010966
0.816109
1.018455
1.926510
2.273564
2.020094
0.809801
0.912454
1.963329
1.777798
0.190302
0.969200
1.142050
1.084463
1.177194
1.074289
1.320512
1.313908
1.037932
1.456357
1.638336
1.844498
1.323778
1.489009
0.647440
1.193406
1.454361
0.410447
-0.339127
0.047078
-0.086835
1.782631
0.947618
-0.355541
0.906224
1.146280
1.218108
-0.182128
0.482571
1.015529
0.649690
0.919142
1.333783
0.973448
-0.557473
-0.266033
1.053783
0.570907
-0.289671
0.340834
0.369031
-0.143913
0.659603
-0.172021
0.008422
-0.204115
-0.355624
0.039711
0.658672
0.114953
-0.874143
0.915350
1.103610
0.888181
1.142941
-0.103330
-0.626762
-0.059860
0.745221
1.821571
0.819834
-0.070148
0.952139
0.128242
0.111384
1.119140
-0.183812
-0.336229
0.581204
0.064196
-0.478626
0.174985
0.748706
0.112309
2.310414
1.331803
-0.066248
0.496455
0.465317
-0.222611
0.522175
0.237268
1.426679
0.610534
-0.423386
-0.024416
0.962134
0.765306
2.011961
-0.907272
-0.063590
0.499465
0.579392
-0.180816
0.238293
0.710392
1.091445
1.517476
0.571924
-0.715693
-0.224336
-0.300637
0.489838
0.991421
1.102109
0.707216
-0.049842
-0.613619
-0.101909
1.258109
-0.022086
-0.637003
-0.836220
2.132827
1.209066
0.344359
-0.563299
0.055157
1.406900
0.617268
-0.375822
-0.628080
-0.782804
0.722994
0.831423
0.824233
-0.309662
0.649185
0.784474
0.091840
-0.400266
-0.238387
1.597814
0.832511
0.690771
0.776503
1.216285
1.188529
0.133513
0.141191
1.018301
0.862566
0.068678
-0.435365
-0.608916
0.257585
1.184125
1.337564
-0.105537
-0.208355
-0.118534
-0.106353
-0.388527
-0.199663
0.259556
0.770209
0.113005
0.711262
0.434492
0.743370
0.737493
-0.552537
0.548309
0.298335
0.521885
-0.000292
-0.268971
1.070924
1.417370
0.181122
0.491021
0.144594
-0.366373
-0.373931
0.192573
0.326674
0.183784
0.810646
0.809007
0.443709
0.679854
-0.983045
0.077519
0.068171
0.121816
1.221569
-0.643159
0.212913
1.828773
0.396818
0.030045
1.408999
1.929829
-0.254340
-0.361135
0.190233
1.515181
0.233542
-0.191787
0.098301
0.692736
-0.016109
0.093726
-0.049739
-1.033743
1.291709
2.927610
0.296808
0.854875
-0.572418
0.587037
-0.081701
-0.249883
0.735828
2.383185
-0.265159
-1.135464
0.868341
0.424231
-0.144765
-0.141086
0.798498
0.871083
0.902442
-0.331835
0.749462
0.239521
-0.300018
1.153294
0.910920
-1.220995
-0.198154
-0.481016
0.406730
-0.119512
0.677320
-0.206516
0.323865
-0.442085
-0.390536
1.762656
-0.138207
-0.191299
0.483778
0.896015
0.485930
1.319496
0.344507
0.679241
-0.102327
-0.345349
0.504969
0.827605
-0.609325
-0.012030
-0.011387
-0.397721
-0.043160
1.675684
0.199638
0.290508
-0.399926
-0.562576
0.671205
0.176251
0.767194
0.505087
0.167054
-0.388520
0.935502
-0.252147
-0.460312
0.115719
-0.149232
1.484249
1.385810
-0.597921
0.935827
0.615321
0.788547
1.546878
0.571120
-0.097211
0.508540
-0.018025
1.423297
1.649996
0.302611
-0.187994
0.216768
-0.055037
-0.241978
1.052627
0.082957
-0.657483
0.735652
0.876662
0.767560
0.208269
-0.385938
0.879705
-0.003198
-0.298782
0.759603
-0.317343
0.480713
-0.177822
-0.046774
1.384163
0.546834
-0.333422
0.060275
0.804823
0.794919
0.061643
0.563290
-0.016786
-0.282314
1.064220
0.316193
0.931211
1.001336
0.253102
0.538437
-0.268230
-0.317587
1.601369
-0.318184
0.538419
0.519940
0.727255
0.362501
-0.169459
-0.393340
1.077641
1.404430
0.939457
-0.663453
0.922385
0.950092
-0.173727
0.354755
-0.082976
0.752618
0.365677
0.473009
0.093529
-0.044122
0.932396
-0.035410
-0.069249
0.923195
0.510105
-0.202927
-0.442846
-0.425080
-0.169187
0.798213
0.314926
-0.227353
-0.354029
0.309759
-0.129549
0.081288
-0.205423
0.072018
1.377862
0.248830
-0.281828
-0.123173
1.650093
1.335120
-0.283587
0.795737
0.519282
0.151489
-0.352838
-0.273934
0.617536
0.498020
0.137332
-0.148891
-0.239764
-0.131501
-0.194458
1.322141
0.179656
0.081162
1.379989
0.741817
-0.109050
-0.488025
-0.062234
1.291523
0.132420
0.271025
1.542239
0.925184
-0.523548
-0.098642
0.961354
0.565166
0.882906
0.704123
0.211056
0.317511
-0.007648
0.987012
1.088390
-0.087860
0.810520
0.748252
0.836483
-0.257693
0.278238
1.270551
0.819069
0.054096
-0.225904
0.755116
-0.385165
-0.690798
1.163818
-0.040464
-0.255909
1.236891
0.963918
-0.128733
0.987705
0.898460
1.805714
-0.137345
-0.268355
1.578613
0.339643
0.014583
-0.254382
1.128412
1.656791
-0.121167
-0.386841
-0.228183
-0.311102
-0.875164
0.479877
1.957415
1.077194
0.654024
1.670345
-0.240407
-0.398360
0.767697
0.605262
-0.120097
-0.734496
-0.114833
0.476485
0.064924
-0.350072
-0.000832
0.765403
-0.232742
-0.353428
-0.124557
1.104899
-0.208174
-0.028891
1.691602
0.783029
-0.915513
-0.516443
0.194402
0.072105
0.688791
-0.034026
0.213823
0.180253
-0.091858
0.396398
0.776666
1.673620
-0.263172
-0.061992
0.452863
-0.389828
0.081394
0.740735
1.397649
0.216386
0.238106
0.740811
-0.135376
-0.279930
-0.274698
0.888468
-0.084078
0.442040
0.381419
1.272428
0.407687
-0.158585
1.017756
-0.176468
0.950913
0.662143
0.663534
1.180849
0.395991
0.820188
0.960221
-0.279882
-0.548214
-0.053252
0.212988
-0.198699
1.791700
0.569290
1.522962
0.472479
-0.247054
-0.282955
0.396808
0.125934
0.410209
-0.041997
-0.286669
0.928431
0.305978
0.066301
0.483546
-0.132088
0.309220
0.099234
0.310234
-0.271513
0.579434
-0.133501
0.490546
3.136909
-0.092361
-0.097682
1.494574
0.000788
0.335534
0.376187
0.879527
-0.307340
-0.381397
0.515121
0.353951
0.313354
-0.038017
-0.221634
0.059656
0.790413
0.188292
0.274102
-0.002555
1.300825
0.754479
0.707526
1.465437
-0.152132
-1.292570
1.631401
0.484809
0.257949
0.503330
0.969107
0.868161
0.560990
1.481002
1.005108
0.444497
0.046690
-0.213896
0.686764
0.124700
-0.155737
0.803711
0.272116
0.769810
-0.134937
-0.263953
-0.128459
-0.443445
-0.248365
3.020334
2.299277
0.628994
-0.609933
1.014063
1.153326
-0.262112
1.119234
-0.654589
-0.195200
0.562053
-0.137624
0.117879
0.345961
0.375327
0.298004
-0.204299
0.040896
0.366351
0.847690
0.150958
0.028274
1.379720
0.269969
0.224248
-0.937480
-0.282360
0.160833
-0.109837
-0.736798
-0.516502
-0.094775
1.015125
0.636623
-0.296646
0.638022
2.557869
-0.118166
-0.385032
0.839254
1.502962
0.512875
-0.903986
-0.570338
0.775303
0.651380
-0.411534
-0.507947
-0.670923
-0.215588
0.680548
1.528056
-0.552890
-0.353864
0.560135
0.396752
-0.624593
-0.785320
-0.081464
-0.280181
-1.221745
0.170796
0.272016
-0.421070
-0.665464
-1.019464
-0.089789
0.597495
0.219194
0.246701
-0.982913
-0.630514
0.271675
0.335515
-0.635585
-0.294782
0.037450
2.708747
4.115361
-0.001357
-1.727028
-1.437721
1.200103
2.840062
4.126963
4.921975
3.299731
0.317969
-0.422582
-0.145565
0.105438
1.085908
-0.094195
0.138059
4.223567
3.513314
1.249385
-0.055060
0.410599
3.558161
1.365697
-0.157037
-1.660480
1.330237
4.583811
3.846257
2.396232
0.057268
-0.937392
-1.639555
-1.022453
1.203693
1.551987
1.045253
0.004331
-0.291146
-0.055891
-1.426158
-2.339822
-0.784427
1.702343
2.210260
0.668604
-0.585091
-0.850875
-1.175282
0.450438
3.014647
1.926150
-1.034973
-1.885320
-1.205683
-0.135828
-0.571530
-0.956946
-0.070377
0.457552
-0.177556
-0.226541
-0.558657
-0.269288
3.043452
3.597810
0.766503
-0.736477
-0.126196
-0.640994
-1.190324
1.110216
0.497437
1.261435
1.657151
1.022766
1.363009
1.570458
0.662938
2.399019
3.572321
3.900633
0.732358
-0.792441
-1.362948
-1.418605
-0.719282
-0.238277
-0.476286
-0.756434
-0.780534
0.727020
0.672728
-0.404070
-0.060622
-0.391774
-0.361093
-0.086125
-1.524140
-1.167109
0.200707
1.951408
-0.275733
-1.020680
-0.977789
-0.634792
-0.302223
1.777359
5.565039
5.953696
2.981292
-0.397934
-0.609662
-0.353732
-0.015878
-0.747085
-2.105047
-0.140058
1.768552
3.723682
4.672351
1.327486
-1.503714
-2.302090
-1.519928
0.013283
1.610443
2.071084
1.269436
-0.930608
-0.837622
-0.906003
-1.546564
-1.420721
-0.469402
-0.182815
1.647080
0.752746
0.092128
2.184523
1.187134
-0.612665
-0.695089
-1.186711
-1.822815
-0.854711
3.273723
4.025366
0.706811
-1.388018
-0.666087
2.090581
4.813860
5.130707
3.972723
0.912130
1.789834
0.279794
0.350894
-0.212859
-0.074898
1.278721
-0.141026
-1.637725
-0.733296
0.442941
-0.170695
1.215416
1.131678
-0.077638
-0.257033
-0.603006
1.245135
1.061145
-1.481836
-2.024529
-1.069391
-0.436057
2.366048
2.808590
2.951563
2.490280
2.259734
2.922658
1.301004
-0.941423
-0.009353
1.208182
2.973011
3.448942
0.726006
0.598355
2.109115
0.572379
-0.396804
0.640623
1.149162
1.906016
1.770713
-0.883403
-1.455556
-0.855279
-1.119879
-1.177045
-1.880066
-1.596600
-0.751854
-0.638697
-0.030172
0.030736
-0.437981
-0.477970
-1.402960
-1.769291
-0.961874
-0.816661
-1.075705
-1.271025
-0.433704
-0.377590
-0.989732
0.372860
1.969286
1.996160
-0.740609
-3.042338
-3.618979
-3.113343
-2.090934
-1.644374
-1.718416
-1.671078
-2.561956
-1.512691
0.108178
2.786550
2.276751
1.939396
1.133660
-0.093881
-0.145809
-0.550593
-1.428175
-1.673340
-0.801827
-0.589465
-0.506683
0.424745
3.769036
5.516392
7.347620
6.807609
6.664207
6.573272
2.346741
1.553039
2.672849
2.539199
1.398044
0.697132
-0.083049
0.660893
0.020991
-0.329053
-0.089479
1.490660
1.454272
3.173501
0.552430
-0.230362
-0.272109
-0.273578
1.900680
2.421959
0.764533
0.880644
-0.203779
-0.483341
-0.192714
2.226996
3.567138
0.999562
-1.099527
-0.851757
-0.039461
0.527811
-0.925494
2.529379
3.293764
0.231758
0.115063
3.068025
2.226016
-0.187573
0.550612
0.805906
-1.065208
-0.500042
0.831627
-0.425221
-0.604781
-0.195007
1.331982
-0.184706
-1.090149
-0.016990
0.961896
-1.232991
-0.639870
1.188995
2.365550
-0.309181
-0.510240
1.309128
2.801711
-0.029384
-1.087964
-0.861411
-0.242960
1.169764
0.929609
-0.603837
-1.078010
-1.473185
-1.260068
-0.980869
-0.470111
0.207949
1.618513
2.236898
4.052478
4.503484
3.324086
1.498058
1.397691
-0.554527
-0.449749
1.078913
-0.371192
-0.261134
1.127404
1.392644
-0.645956
-0.586646
1.069144
1.557987
-0.085248
1.887439
3.313550
-0.008252
-0.301486
-0.857725
-1.239734
-1.755878
-2.667115
-2.356569
-1.581054
-0.893695
-0.667652
1.970562
0.802620
-0.549673
-1.233216
-1.851639
-0.678858
-0.066579
1.592964
-0.754152
-0.982832
-1.196828
-0.360967
1.310390
3.301283
3.406767
1.406814
-0.235754
-0.386424
0.677848
3.165866
1.800542
-0.477237
-1.695907
-1.530314
-0.378825
0.686954
0.320614
0.362252
1.828630
1.633522
0.795407
-0.537075
0.642352
2.278085
0.938353
2.592616
1.558489
-0.849791
-1.030782
-0.681935
-0.391629
0.501059
2.527902
0.118404
0.868807
5.445560
3.209349
-0.634269
-0.560054
-0.745122
-0.759191
-1.041468
0.210509
0.100827
1.645647
1.302432
0.820127
-0.949184
-1.408651
-0.836004
-0.906554
0.746456
1.824346
1.876050
2.653941
1.864261
-0.896028
-1.153992
2.490750
2.163713
1.880508
2.354863
0.391966
-0.533406
-0.730376
0.264874
1.921320
0.977349
-0.160998
0.094320
2.569679
1.900848
-0.086043
-0.239393
-0.763529
-1.177147
-0.198512
-0.110528
-0.996072
-1.092037
-0.836908
0.558041
-0.560329
-1.780863
-1.613777
-0.257336
1.919611
1.514174
1.322281
0.225585
-0.366142
-0.656985
-0.918600
-1.017975
-0.308277
0.124074
2.008549
2.362871
3.087638
-0.277743
-1.279874
-0.118109
1.797519
3.030555
2.544440
1.168807
-0.984645
0.625958
2.146100
0.679139
-0.463503
-0.986806
-1.024703
-0.790923
-0.022241
-0.508728
-0.231129
1.379436
-0.688255
-1.016565
-0.536046
-0.051701
1.624086
3.394479
0.405290
-0.716611
0.763388
0.755903
0.326033
-0.254723
1.427978
0.628863
-0.411927
-0.852536
0.492035
-0.042784
2.107559
0.814677
-0.088351
-0.420502
1.124799
0.788011
0.408192
-0.186644
-1.046007
-1.097548
-0.971613
-1.186719
-0.197884
-0.290369
-1.137873
-1.993426
-1.159320
-0.325640
1.082891
-0.301168
1.281181
-0.056369
-0.845727
-0.113562
2.493128
1.825012
-0.463785
-1.112322
-1.164296
-1.630581
-1.072199
0.189070
1.507055
0.218305
-1.584643
-0.969840
-0.287793
1.836749
2.142427
2.489760
1.286551
-0.817454
-0.927040
-0.509419
-0.728656
0.789125
1.991752
0.551111
-0.915454
-0.778500
2.631008
4.148513
1.767591
2.173663
0.728679
-0.500489
-0.721410
-0.546590
0.939700
2.631410
1.063130
-0.961261
-1.077182
-0.321879
0.116603
1.225418
-0.313380
-1.232036
-0.750570
-0.073647
0.396104
0.508065
0.630949
-0.399364
-1.643526
-0.210282
0.591628
0.312180
0.020410
1.071311
2.161315
2.219593
-0.419803
-0.001027
0.718055
1.605067
-0.152702
-0.038641
-0.183962
0.723199
0.862331
0.989303
0.502568
-0.296068
-0.143299
-0.279354
-0.023193
1.581794
1.238180
0.365744
-0.691625
1.696069
2.888351
2.306012
0.260189
-0.278502
0.784277
-0.230958
-0.747106
0.826213
1.627102
-0.337733
0.402832
1.214622
-0.300504
-0.222204
1.624722
-0.592777
-1.002497
-0.065180
-0.471519
0.904376
1.639720
3.411234
-0.261326
-1.776150
-2.157045
-0.932167
0.161805
-0.473846
1.880743
2.357745
0.070774
-0.534857
-0.264703
-0.388484
-1.415754
-1.139201
0.142000
1.801393
0.239277
-0.227653
-0.106677
-0.045973
-0.327148
-0.286760
-0.690875
-0.517249
-0.063756
0.755727
0.268504
-0.253505
-0.173788
-0.129066
-0.248179
-0.355011
-0.092587
-0.067976
-0.098484
0.852797
1.045576
0.563864
0.045268
-0.003983
-0.078639
0.367703
-0.032713
-0.134209
-0.186602
-0.043038
0.504932
0.255199
-0.094198
-0.206952
-0.088619
-0.050371
-0.087680
-0.018078
-0.054897
-0.039074
-0.050698
-0.052008
0.064860
-0.030971
-0.125780
-0.267362
-0.230152
-0.254271
-0.176313
-0.152350
0.543978
1.216387
2.169935
0.251610
-0.120560
-0.056928
0.866147
1.516696
1.159717
1.468456
1.198013
0.762365
0.586964
0.774270
0.887033
1.252692
0.692362
0.861808
1.955329
2.902334
2.847859
2.130331
1.898120
0.970128
-0.095436
-0.173440
-0.266066
0.169238
1.346449
0.589395
-0.008315
-0.011863
-0.033465
-0.144723
-0.109576
-0.068001
-0.059785
-0.109864
-0.165686
-0.188997
-0.143534
-0.105550
-0.153399
-0.128384
-0.050754
0.078440
-0.024471
-0.054277
-0.095227
-0.013681
0.221606
-0.101206
-0.245947
-0.198333
-0.099899
-0.100588
-0.065623
-0.018788
-0.038129
-0.043005
-0.057270
-0.073788
-0.041869
-0.039491
-0.041336
-0.054937
-0.071920
-0.082187
-0.013414
0.124266
-0.014524
-0.038993
-0.015296
0.144438
-0.015572
0.080715
-0.009764
-0.006422
-0.021356
0.130361
0.111692
-0.036582
-0.061686
-0.064489
-0.007495
0.372559
0.157703
-0.029079
-0.118035
-0.106234
0.026039
-0.011289
-0.073554
-0.092626
-0.065008
0.125167
-0.056322
-0.034577
-0.071758
-0.051253
-0.060915
-0.018333
0.142751
-0.078353
-0.081627
0.211279
0.908277
0.587965
-0.027461
0.067905
0.190630
-0.037837
0.129322
-0.046116
-0.127678
-0.088393
-0.090190
-0.199107
-0.180334
-0.129500
-0.038376
0.073217
0.649561
-0.030632
-0.047004
0.152084
-0.030077
-0.054494
-0.111159
-0.170520
-0.212261
-0.176585
-0.102621
-0.106834
-0.028830
-0.062932
-0.212792
-0.082314
0.326703
-0.047913
-0.076064
0.201267
0.594361
0.139610
-0.001440
-0.003818
-0.128439
-0.027514
-0.102909
-0.177693
-0.235972
-0.077098
0.150896
1.137109
0.869315
0.660140
-0.024095
-0.120519
-0.209178
-0.059263
0.366430
0.289969
-0.143527
-0.090039
0.092860
-0.043085
-0.067918
-0.039035
-0.021742
-0.036259
-0.087238
-0.171574
-0.112507
-0.026802
0.553810
0.152034
-0.043103
-0.130599
-0.136419
-0.095772
-0.121173
-0.096089
-0.116084
-0.214327
-0.129918
-0.105290
-0.069876
-0.026823
-0.057292
-0.009440
-0.056431
-0.086833
-0.155235
-0.094618
-0.101531
0.523250
0.260899
0.105955
-0.031220
-0.147932
-0.114654
-0.120614
-0.127382
-0.119828
-0.048546
-0.027550
0.129551
-0.005974
-0.054493
-0.032646
0.649544
-0.034735
-0.112835
-0.143793
-0.134486
-0.061302
-0.078968
-0.174521
-0.168433
-0.255716
-0.096887
-0.038745
0.208560
0.410329
-0.024556
-0.164123
-0.098208
-0.213709
-0.177728
-0.117422
-0.040785
-0.007557
-0.057937
-0.040232
-0.070637
0.072184
-0.065027
-0.162481
-0.120480
-0.073503
-0.020192
0.145609
0.564066
0.609397
0.272751
-0.091360
-0.152713
-0.134842
-0.077414
-0.011570
-0.067896
0.158232
0.807971
0.214609
-0.012647
0.271743
0.453105
-0.024538
-0.192234
-0.266758
-0.104389
0.275052
0.315119
-0.056780
-0.075672
-0.041129
-0.071707
-0.057458
-0.170744
-0.146045
-0.123961
-0.076183
-0.074200
-0.058744
0.636177
0.854869
-0.037210
-0.075930
-0.085510
-0.078841
-0.097249
-0.048244
0.425592
1.051752
0.878707
-0.058524
-0.104733
-0.053783
0.171254
0.148033
-0.012696
-0.102607
0.033952
0.025637
-0.069000
-0.112073
-0.064607
-0.059179
-0.245435
-0.171320
-0.101072
-0.069315
-0.115252
-0.160488
-0.133764
-0.096195
-0.079170
-0.085896
-0.113842
-0.036261
0.067530
-0.015375
-0.020283
-0.119394
-0.176324
-0.082662
-0.011580
-0.127775
-0.125741
-0.056554
-0.048724
0.413376
-0.005319
-0.126159
-0.194315
-0.144407
-0.112232
-0.078574
-0.082979
-0.098522
0.042985
-0.037562
-0.003072
-0.002915
-0.050532
-0.029145
-0.114423
-0.046766
0.289943
-0.085525
-0.220628
-0.087667
-0.038348
-0.096611
-0.127047
-0.059742
-0.020883
0.322083
0.492162
0.402365
0.163866
0.064855
0.665484
1.077417
0.018818
-0.117338
-0.083515
-0.103876
-0.131343
-0.174573
0.320060
-0.003449
-0.016021
-0.004098
0.304916
0.505755
0.581205
0.933001
0.069285
-0.078100
-0.131016
-0.187387
-0.145626
-0.048151
0.468941
0.588912
-0.117097
-0.214664
-0.213317
-0.180211
-0.216302
-0.161084
-0.070137
-0.173978
-0.113938
-0.091891
-0.094208
-0.058887
-0.133318
-0.123522
-0.037960
-0.073637
0.006849
-0.014708
-0.030295
-0.073231
-0.028737
-0.071104
-0.131907
-0.098738
-0.044889
-0.011004
-0.018519
0.677726
1.109928
0.116120
-0.075993
-0.010351
-0.017431
0.140196
0.074394
0.216118
0.180783
-0.019925
-0.072077
-0.136252
-0.126128
-0.156464
-0.026948
0.773217
0.305484
0.074973
-0.007125
0.531140
0.248470
-0.031824
-0.052302
-0.109480
-0.133224
-0.038774
0.660159
0.705044
-0.096260
-0.087437
-0.113504
-0.112931
-0.094502
-0.108576
-0.110194
-0.104682
-0.035039
0.367656
-0.109283
-0.150168
-0.136514
-0.141827
-0.061782
-0.092699
-0.070962
-0.090477
-0.055144
-0.063420
-0.033989
0.180668
0.196613
0.203164
-0.069418
-0.084417
-0.143877
-0.115500
-0.124861
-0.122009
-0.133383
-0.045178
-0.092988
-0.199432
-0.103527
-0.024165
0.487647
0.700094
0.431016
-0.045354
-0.049882
0.177084
-0.021610
0.177171
-0.049998
-0.047628
-0.213039
-0.211302
-0.055644
-0.050491
0.223021
-0.064633
-0.062778
0.342134
0.599793
0.544636
0.497302
0.341387
0.143450
-0.102328
-0.136870
-0.112299
-0.160675
-0.141854
-0.128669
-0.054429
0.059691
0.531140
0.246662
-0.034117
-0.027625
-0.003378
-0.115379
-0.130575
-0.088495
-0.001905
0.384526
0.085698
-0.002176
-0.036382
0.186798
0.933448
1.089030
0.652713
0.251258
-0.066514
-0.142031
-0.258504
-0.164564
-0.117880
0.235951
-0.001613
0.159912
-0.007524
-0.006618
-0.035792
-0.017963
0.195411
-0.033713
0.059116
-0.034943
-0.115512
-0.116847
-0.072950
-0.128443
-0.087286
-0.134852
-0.077960
-0.054344
-0.071575
0.229771
0.439552
-0.020226
-0.061372
-0.102892
-0.234476
-0.133182
-0.151787
-0.164044
-0.217433
-0.072209
-0.051230
-0.013840
-0.049190
-0.090783
-0.038088
-0.075482
-0.099169
-0.143253
-0.135448
-0.169518
-0.203194
-0.169201
-0.063023
-0.050885
0.973049
0.845373
0.276499
-0.119603
-0.195398
-0.264299
-0.134617
0.458056
1.009477
-0.057226
-0.211189
-0.262657
-0.154998
-0.005865
-0.086406
-0.216469
-0.264319
-0.153513
-0.104454
-0.034005
0.206122
0.137701
-0.084022
-0.107244
-0.224861
-0.216537
-0.180737
0.388474
0.812480
0.728310
0.271250
-0.003486
-0.004060
0.046515
0.819004
1.386784
0.545843
0.450125
0.566553
1.065312
0.472600
-0.040616
-0.181342
-0.195089
-0.162764
-0.079608
-0.065212
-0.162859
-0.150146
-0.144707
-0.163273
-0.266762
-0.122510
0.335792
0.751342
-0.003309
-0.079557
-0.084757
-0.088282
-0.039695
-0.000262
-0.056152
-0.018264
-0.026101
-0.132493
-0.363869
-0.444267
-0.213088
0.132440
1.114232
1.237319
1.431398
1.848383
1.401057
1.440290
0.545015
0.045084
-0.148731
-0.179500
-0.187500
-0.134528
-0.665365
-2.447599
-4.131658
-3.458802
-4.646455
-2.822245
-3.170350
-4.248136
-2.883304
-3.469914
-3.368941
-3.382551
-3.674634
-3.367413
-2.144626
-2.280009
-2.261483
-2.959245
-2.690601
-3.438752
-2.536779
-3.561218
-2.652041
-5.253051
0.124503
-1.936937
-0.669511
-0.003578
-0.194227
0.468702
0.105952
-0.923720
0.114480
-0.931046
-0.739711
-0.700752
-0.683455
-1.740361
-1.792417
-1.393188
-1.654246
-0.812829
0.128923
-0.811655
-0.301265
-1.634921
-0.054481
-4.613320
0.379457
-2.056976
0.700470
0.394628
1.169273
0.363890
0.580433
0.216934
0.840966
0.695190
0.744215
0.900168
0.870140
0.929703
0.226200
-0.132082
-1.342293
-0.109340
0.376047
-1.330437
0.134365
0.527088
0.746014
-2.870842
0.731128
0.063190
-0.049398
-1.127551
0.103379
-0.448555
-0.055158
-0.445869
0.292323
0.450561
-0.069177
-0.404812
-0.257523
1.024134
0.309440
0.510343
-0.224571
1.467882
0.818647
-0.535245
0.846202
0.941463
0.019015
-2.657918
0.334164
0.239884
-0.574946
0.134282
-0.606170
-0.055492
-0.218563
0.099375
0.480154
0.920855
0.768414
0.061310
0.683781
1.351750
0.482039
0.283542
0.160055
1.530390
0.056606
0.577062
1.698508
0.642148
-0.433412
-2.306235
-0.024956
-0.607767
0.288218
1.544180
-0.584406
1.499764
0.492510
0.326119
-0.359018
0.299910
0.138297
0.121758
0.604338
0.141072
-0.065619
0.013071
-0.036980
1.048219
-0.186357
-0.276196
-0.106060
0.843457
-0.214411
-1.463240
0.349104
1.003231
1.657141
0.207419
-1.255012
1.682525
-0.236714
0.152179
0.170984
1.003753
-0.538554
-0.783766
0.035193
-0.068483
-0.134369
0.462193
0.445814
0.693615
-0.496910
-0.492001
0.093354
0.951260
-1.096396
-1.410858
-0.733373
-0.738949
-0.403200
-0.958166
1.095122
0.258683
-0.003421
0.513086
1.228542
1.739935
0.468628
0.778159
0.301185
0.418765
0.898094
0.296923
0.909252
0.562629
-0.205770
0.542846
1.027272
0.124443
-1.382641
-2.167542
-0.168332
-1.075727
-0.368357
-0.934799
1.777773
-0.721263
0.574966
0.283158
0.412662
-0.229777
-0.357793
1.764080
0.936458
-0.296798
1.023041
-0.076087
0.702823
-0.030247
0.008848
-0.711885
0.121310
-0.162848
0.288246
-2.192725
0.621267
0.035048
1.204533
-0.363040
0.623589
-0.521306
0.443855
0.242022
0.695349
-0.664672
-0.435914
0.464275
0.815975
-0.136578
0.029048
0.102916
0.591816
1.092799
2.001920
0.559969
0.291138
0.393217
0.449739
-2.900597
0.816831
-0.344766
0.738029
0.880870
1.180408
0.502069
0.389204
1.034104
1.232056
-0.298163
0.263504
0.121289
-0.242082
0.448611
0.405688
0.471482
-0.492587
0.362953
1.054485
0.826731
0.842200
0.244143
-0.466932
-2.984577
0.869099
-0.090437
0.462914
0.607392
0.093339
0.063853
-1.099742
0.706581
0.302100
-0.263898
0.437322
0.888555
-0.080387
0.476638
0.072253
0.547021
0.332337
0.093633
0.459708
0.176164
0.736436
0.286661
-0.928165
-1.692111
0.943084
-1.003621
0.168445
0.083096
-0.283430
0.371752
-0.676969
1.373947
0.469054
0.682901
-0.111448
0.093659
0.773892
0.661320
-0.504207
-0.299328
1.150840
0.787458
0.890416
0.181281
0.995091
-0.129165
-1.530618
-1.874856
0.882661
-1.885126
-0.944598
0.671127
1.179003
0.797964
0.001434
0.138071
-0.226616
1.163872
-0.449849
-0.939540
0.532243
1.283482
-0.235237
0.381085
-0.063646
-1.404728
0.524569
-1.326164
0.457966
0.483234
0.705554
-1.627800
1.223606
-0.205974
-1.194222
0.101558
0.068912
-0.216681
-0.237526
-0.196053
-0.498577
0.975594
-0.030567
0.088767
0.279021
0.960742
-0.311033
1.072519
0.597296
-0.143188
2.000787
0.294897
1.404682
0.807590
1.534712
-1.692718
1.014086
-0.037259
-0.141106
0.960317
0.408704
0.043752
0.488238
0.717625
0.149803
0.779944
0.806667
0.429731
0.419704
1.100297
0.766906
1.144335
-0.005964
0.121896
1.106411
-0.158637
-0.744100
-1.108846
-0.486265
-3.935960
0.420880
-0.622701
0.446445
1.477530
1.093303
0.537145
1.422559
0.482962
-0.559732
-0.062987
0.577543
-0.143875
-0.145341
1.218305
1.196965
0.203417
0.382974
-0.561042
0.079701
-0.157694
-0.464969
0.227610
-0.083872
-2.919285
-0.254140
-0.775480
0.399191
0.504625
0.353249
0.643540
0.933232
0.561474
-0.047187
0.406362
1.130422
-0.590642
-0.507333
-1.106821
-0.680240
-0.917291
0.840741
0.239295
1.866773
-0.343593
0.464661
0.962147
-0.012464
-1.573505
0.232132
-0.392133
0.232643
-0.146163
-0.505517
0.042948
-0.193127
-0.055495
0.318072
-0.105640
0.102977
-0.288766
1.013490
-0.565795
-0.567876
-0.314275
1.127944
0.176394
1.202288
-0.599440
1.540108
0.271975
0.366073
-1.135782
0.166382
-0.454791
-0.554976
0.237690
-0.315418
0.205737
-0.053297
0.052053
0.678196
-0.265244
-0.707853
-0.733886
1.252610
1.054329
1.349240
0.216430
1.127785
1.021641
0.344865
-1.002605
1.069759
-0.115018
0.138132
-1.848411
-0.216914
0.012870
0.692709
0.402277
-0.100606
0.802426
1.019275
-0.041381
1.733626
0.732851
1.569453
-0.311406
0.299758
0.729166
0.849338
-0.162935
0.338666
0.039846
0.214644
0.965034
1.650486
-0.141004
-0.395586
-1.560852
-0.015964
-0.392371
0.915931
0.205652
-0.184561
0.866446
0.728516
-0.426611
0.658244
1.258985
1.783080
0.793860
0.722560
0.627042
0.302287
-0.201467
0.147739
-0.434676
-0.043255
0.654823
0.912973
-0.062259
-0.869482
-1.935192
0.557501
-0.498199
0.432720
0.030520
-0.457828
0.598151
0.078151
1.010587
0.512643
1.090904
-1.259928
-0.115078
0.989379
0.438824
0.589545
0.490516
0.066731
0.373955
0.786156
0.837719
-0.161920
0.829004
-0.786710
-3.156522
0.721098
-0.745429
0.610599
0.548338
-0.109811
1.075595
0.451171
0.467162
0.271669
0.929472
0.070909
-0.362760
0.641994
-0.116346
-0.392743
0.581756
-0.064482
0.150769
0.245998
0.351761
-0.837130
1.796815
0.365252
-3.552533
0.202774
-1.602845
0.095683
0.318830
1.073812
1.440068
0.047722
-1.882940
0.118418
-1.073989
0.501675
0.004972
1.528379
0.667903
0.038815
-0.008753
-1.049820
-0.655180
1.568126
1.273948
-1.769858
-0.072058
0.252220
-2.720340
0.323933
-0.775408
0.447828
-0.069881
1.220759
0.280551
0.284395
-1.357393
1.790942
-1.727726
-0.071463
-0.553652
0.376720
-0.496462
0.594137
0.164968
-0.671090
0.187782
1.285416
1.140332
0.330267
1.955665
0.466065
-2.044921
0.803048
0.003069
0.603961
-0.399261
0.347424
-0.683566
1.549666
1.190310
2.984580
-0.982537
0.416110
1.050314
0.148586
-0.723463
1.517141
1.056966
0.470287
1.816994
0.653908
0.670840
-0.361469
2.034230
0.246197
-0.918247
2.102243
2.636866
3.970257
3.744206
3.859858
3.345854
4.122334
3.965336
4.835258
3.878813
4.253541
4.812978
4.083376
3.765374
4.721547
4.140861
3.733530
4.083355
3.006206
4.145065
2.570614
3.699411
2.180698
1.723094
-0.115471
-0.421029
-0.645652
-1.093698
-0.586108
-0.481219
-0.337079
-0.528970
-0.938912
-0.483105
-0.716635
-0.323576
-0.944567
-0.654496
-0.456057
-0.075942
-0.472782
-0.608427
-0.834857
-0.736994
-1.004767
-0.579426
-0.161419
-0.315992
0.511765
4.287833
3.116389
3.205352
2.269302
1.641239
2.122511
2.978563
2.331146
4.089649
1.350542
1.403719
2.457685
1.841573
0.630414
0.934915
0.503232
2.613079
3.692646
3.958281
2.221469
1.749526
0.852263
2.637836
1.317868
1.668772
-0.407602
1.737260
-0.230293
0.575873
-0.053821
-0.230122
-0.395444
-0.367280
-0.223964
-0.234204
-0.078801
0.276027
-0.106189
-0.046475
-0.234670
-0.246447
-0.488091
-0.080232
1.416135
-0.073744
-0.300346
-0.172466
-0.358514
0.864239
-0.235504
-0.118610
-0.260442
-0.154115
-0.220224
-0.087116
0.219033
-0.131540
-0.234563
-0.147803
-0.344187
-0.486157
0.205798
0.341707
0.381125
0.734081
-0.274063
-0.479311
-0.434250
-0.248824
-0.022105
-0.026999
0.731942
1.619980
-0.249561
-0.043462
-0.188398
-0.271334
-0.011446
-0.048702
-0.150497
-0.270397
-0.346135
-0.275860
0.086230
0.122611
-0.159307
-0.123062
-0.188660
1.091074
1.178558
0.598183
0.371203
-0.156161
-0.059690
0.729403
-0.001518
2.223498
1.058882
0.466802
0.150917
-0.071060
-0.146751
-0.331415
-0.070632
0.442100
-0.042944
-0.067376
-0.299902
-0.219327
-0.427775
-0.217079
-0.279631
-0.357108
-0.457214
-0.144526
-0.111012
-0.141931
-0.230259
-0.198475
-0.226439
2.107789
-0.606936
-0.469694
-0.310708
-0.291758
-0.066916
-0.228261
-0.493767
-0.510877
-0.621993
-0.297302
-0.298129
-0.110783
0.604349
-0.014857
0.004001
-0.054370
-0.072878
-0.066884
-0.238605
-0.131957
-0.024681
-0.133076
-0.093019
0.701622
0.086620
2.285020
0.827876
0.728399
-0.103435
-0.200181
0.443463
0.373160
-0.044428
0.077628
-0.054901
0.806429
-0.008951
0.541661
0.101663
-0.162772
-0.046163
-0.195416
-0.319281
-0.459229
0.960517
2.667898
0.348434
2.236242
-0.221965
-0.386296
-0.539699
-0.483476
-0.262255
-0.099510
-0.027348
-0.263397
-0.173436
-0.183636
-0.278232
-0.232831
-0.135432
-0.363428
-0.006528
-0.086767
-0.186194
-0.078930
1.902055
0.907033
-0.076027
-0.546303
-0.173343
0.996024
0.316324
0.728046
0.281258
-0.000820
0.274942
-0.388394
-0.154274
1.246377
0.490957
-0.037313
0.548037
0.701040
0.621926
1.273508
1.390270
0.411974
-0.108509
-0.441709
-0.056847
0.105895
0.403611
0.685277
0.853242
0.494621
-0.216347
-0.201121
-0.056757
-0.255247
-0.138761
-0.148014
-0.255012
-0.501273
-0.156267
-0.213703
-0.372431
-0.195069
-0.322518
-0.462252
-0.531518
-0.320845
-0.209793
0.465860
-0.109754
-0.531687
0.246042
-0.038486
0.059311
2.415871
-0.033824
-0.219608
-0.072290
-0.247453
-0.110807
-0.085404
0.659626
0.459872
-0.204440
0.066911
-0.100533
0.458516
0.442672
0.241880
0.489372
0.872707
-0.190267
-0.139025
-0.035800
0.209650
1.198953
0.155783
-0.244888
0.616601
-0.058726
-0.087865
-0.067150
-0.066850
-0.015560
0.127246
-0.100896
0.152995
1.446939
0.716609
-0.226935
-0.173014
-0.097203
-0.120180
-0.186564
-0.083920
-0.265369
-0.212615
-0.091470
-0.068658
-0.247005
0.201407
-0.186099
0.930517
0.549351
-0.060810
0.396583
0.067719
0.419783
0.019704
-0.220206
-0.182362
-0.596734
-0.004146
0.627085
0.110420
-0.065157
0.694462
-0.034790
-0.301279
0.556257
-0.115976
-0.289951
-0.048339
-0.009621
-0.039404
1.274623
0.486428
-0.355703
-0.350221
0.217358
-0.297405
-0.490781
-0.053668
-0.037929
0.726071
-0.124877
-0.152946
-0.401418
-0.261292
-0.141925
-0.103089
-0.068229
-0.190786
-0.179668
-0.217744
1.134327
-0.237420
0.433532
1.805940
-0.150848
1.234559
0.161973
-0.081131
-0.144478
0.102228
0.569345
-0.037165
-0.107307
-0.064753
-0.155116
0.398239
0.505185
-0.023273
-0.194524
-0.161982
-0.174100
-0.137326
0.873795
0.207161
-0.396513
0.383325
-0.007725
-0.489495
0.138975
1.464119
-0.235682
1.167542
0.244062
0.148433
-0.079451
-0.153609
-0.277895
-0.095557
-0.100065
-0.080773
0.062566
1.523525
0.983820
0.433353
1.007051
1.052791
-0.008490
-0.364457
-0.205684
-0.219153
0.064164
0.075793
-0.242018
1.639179
-0.303283
-0.085263
-0.331702
-0.153306
-0.308273
-0.305350
0.012567
0.509944
0.225162
-0.166772
-0.157255
-0.644216
-0.454869
-0.532803
-0.355292
-0.401533
-0.176907
1.007176
0.197131
0.215053
-0.097337
-0.104470
-0.138296
1.106889
0.114328
-0.090494
-0.132989
0.136082
1.785812
-0.018947
-0.274460
-0.528201
-0.252674
-0.126674
0.163586
0.836447
1.593922
1.642454
1.395037
0.305351
-0.075496
0.074684
-0.070333
-0.187926
-0.096737
0.693684
0.856252
0.985444
-0.129300
1.316866
1.267109
-0.088513
-0.309059
-0.198929
0.759196
1.848722
0.136879
0.805407
0.149702
-0.373327
-0.433051
-0.679763
-0.321991
-0.150899
-0.054222
-0.055154
-0.241815
0.253965
0.032705
0.274155
-0.076726
1.124707
-0.173124
-0.349219
0.060682
-0.399582
0.539425
-0.176882
-0.231545
-0.218455
-0.360238
-0.342968
-0.312819
-0.198918
0.128045
1.046831
0.128738
-0.364037
-0.254943
-0.128707
-0.150348
-0.123358
-0.195154
-0.210283
0.595309
1.077538
0.972358
-0.078569
0.377994
0.121170
-0.045204
-0.232127
-0.406616
-0.077262
0.534196
0.308962
-0.072283
-0.102999
-0.085956
-0.313427
-0.127207
0.244759
-0.108755
-0.297820
-0.194688
-0.083520
1.761964
1.428899
0.534472
1.096429
-0.040918
-0.049455
-0.123366
-0.330341
-0.061262
0.151289
0.328022
-0.312118
-0.399953
-0.265227
0.186299
-0.166153
-0.233604
-0.065856
-0.030625
-0.187342
0.993636
0.616650
0.713796
-0.109188
-0.445153
0.152405
-0.088567
1.399720
-0.303647
-0.090232
0.009036
-0.018672
-0.076220
-0.325330
-0.234853
0.693939
1.087358
0.105322
0.483891
0.803928
-0.105355
-0.063337
-0.160926
-0.204354
-0.089769
-0.495612
0.820954
2.256796
0.050273
0.280553
-0.078023
2.775159
2.373196
1.310391
-0.167124
-0.002996
0.488258
0.957337
-0.254153
-0.339994
-0.198823
-0.098670
-0.151338
1.261581
0.826535
0.511772
-0.110696
-0.032529
-0.055653
-0.173317
-0.293237
-0.705750
-0.257133
-0.059855
-0.112147
-0.118701
-0.604171
-0.262531
-0.068345
-0.036142
-0.323533
-0.169507
1.800009
0.711280
-0.127739
-0.035891
-0.349399
-0.444967
-0.156387
-0.262393
0.143804
-0.022315
0.192163
0.054172
1.277111
0.626974
0.584530
0.285550
1.785148
2.647652
0.820037
-0.157633
-0.269823
0.338974
-0.140145
2.495976
2.272670
1.990368
2.550254
0.337331
0.319373
0.312594
0.030882
-0.067013
-0.143414
-0.245380
-0.069669
-0.037334
-0.173889
-0.132214
-0.037005
-0.071900
-0.384102
1.138626
0.184418
1.832704
1.216123
1.126791
-0.035619
-0.047676
-0.587386
-0.282243
-0.147380
1.141985
1.422895
0.838225
0.634195
0.608006
1.098518
1.280874
-0.010682
0.890451
0.210582
0.846079
-0.003016
-0.015519
-0.211152
-0.108744
-0.029754
0.336773
0.485450
0.312519
-0.071597
-0.066817
-0.127256
-0.198891
-0.013649
-0.212319
-0.108857
-0.107025
-0.164575
-0.066795
-0.166908
-0.111578
-0.177379
-0.161103
0.114941
-0.036880
-0.146180
-0.235203
-0.144766
-0.045946
0.319175
0.529742
-0.004747
-0.024106
0.604417
0.564214
0.032038
0.327337
0.215630
-0.008550
-0.030381
0.062837
-0.059789
0.200220
-0.051122
-0.010686
0.078828
0.141157
0.320784
0.123499
-0.024061
0.183835
0.164064
0.364233
-0.173247
0.272644
0.562057
0.262653
0.265980
0.231651
-0.057557
-0.224797
-0.031338
0.251109
0.144328
0.038465
0.103205
0.010247
0.239278
-0.113305
-0.197610
0.041125
0.351142
0.077764
0.093895
-0.092892
-0.107605
-0.083793
0.329556
0.354214
-0.030133
-0.006336
-0.061143
0.112354
-0.035752
-0.061418
-0.092588
-0.011248
-0.044505
0.257401
-0.030897
-0.054534
-0.094487
0.344922
-0.031581
0.256931
0.099281
0.228877
-0.078968
-0.093957
-0.022182
0.329378
0.290073
0.263977
0.157622
0.355496
0.005998
0.103422
0.136969
-0.024372
-0.061369
0.184645
-0.157583
-0.164962
-0.083937
-0.043820
-0.130247
-0.037691
0.099608
-0.151361
0.104451
-0.096917
-0.030103
-0.036829
-0.052515
0.339695
0.017517
-0.136027
-0.054634
-0.135418
0.145747
-0.078759
-0.091817
-0.068175
-0.104374
-0.090459
0.312576
0.697553
0.218741
0.148586
0.094670
0.395310
-0.007720
0.072521
-0.023499
-0.159463
0.382676
-0.101554
-0.034389
0.497389
0.493470
0.412728
-0.070247
-0.134032
-0.040322
-0.008896
0.166091
-0.042546
-0.011257
-0.002451
0.310194
-0.030278
0.164218
0.189486
0.047293
0.377403
0.143969
-0.078235
0.304453
0.165473
-0.122799
-0.195762
-0.064540
-0.105732
-0.114776
0.155044
0.156221
-0.094148
-0.148906
-0.051550
-0.010225
0.183772
0.192156
0.272494
0.281879
0.324026
0.011089
0.045818
-0.014235
-0.104127
-0.059590
0.040142
-0.010096
0.087391
-0.079960
-0.102623
0.406393
0.509993
-0.037872
0.171037
-0.142043
0.739233
-0.087217
-0.132832
-0.086206
0.162516
0.162635
0.082537
0.434736
0.184876
-0.018627
0.318734
0.068761
0.131366
-0.047416
-0.030703
0.160781
0.480610
0.172139
-0.054218
0.032429
0.588100
-0.070359
0.217550
0.190264
0.220243
0.456823
-0.030106
0.040530
0.171537
-0.120086
-0.111357
-0.090774
-0.012014
-0.107276
-0.170903
-0.034428
0.108822
0.302260
0.561634
0.557353
-0.169585
-0.021618
-0.081138
-0.012927
-0.055778
-0.100993
-0.059452
0.196897
-0.061363
-0.029085
0.167808
0.224207
0.062536
-0.202595
-0.230457
-0.186987
-0.090623
0.152411
-0.081608
0.034052
-0.149692
-0.057979
-0.062176
0.033308
0.508005
0.219843
-0.073204
-0.108185
-0.043706
-0.074913
-0.020741
-0.038993
0.306690
-0.020141
-0.165168
0.017169
0.222101
0.144933
0.148596
-0.020222
0.092494
0.040189
0.133370
0.085980
0.451905
-0.091640
-0.031801
-0.057792
-0.039306
0.089576
-0.292185
-0.161822
-0.013739
-0.145785
0.008874
1.025168
-0.040348
0.228890
0.013125
0.346108
0.133056
0.193940
-0.008516
-0.044783
-0.057805
-0.061027
-0.078681
-0.133745
0.182690
0.028726
-0.175361
-0.040290
0.271594
0.524474
-0.210711
0.062400
0.554464
0.066898
-0.170028
0.014316
0.318979
-0.164170
-0.023863
-0.040912
-0.013963
0.105588
0.169293
-0.047369
-0.136213
-0.071522
0.001033
-0.109833
-0.111543
-0.031701
0.073576
-0.038301
0.532014
0.193084
0.295321
-0.111521
-0.041535
0.340267
0.074338
0.278047
-0.050995
-0.032940
-0.042852
-0.029796
0.260637
0.210394
-0.001602
-0.158472
-0.116230
0.160643
-0.092776
-0.004927
0.236304
0.079527
-0.031210
0.326597
0.427402
0.287421
-0.107684
-0.179314
-0.000365
0.230088
-0.042060
0.063541
0.550871
0.035469
-0.040984
-0.103081
0.094887
0.317249
0.765884
0.375528
-0.113086
-0.072017
-0.030337
0.134518
-0.067556
-0.073725
-0.116335
-0.062965
-0.115625
-0.004705
-0.031783
-0.050327
0.128114
-0.090934
-0.028671
-0.177200
0.295015
0.091471
-0.027983
-0.118779
-0.130071
-0.113025
-0.025713
0.085065
0.062493
-0.089398
0.037202
-0.033519
0.213592
0.037742
0.047285
0.550584
0.295756
-0.195300
-0.213853
-0.146275
0.380633
-0.186230
-0.019771
0.198059
-0.117987
-0.044105
-0.146372
0.020153
-0.068037
0.302416
0.209919
0.315999
0.142916
-0.005936
0.135693
-0.020497
0.040312
0.198462
0.474613
-0.127198
0.198779
0.162860
-0.325130
0.046580
0.091936
-0.077868
-0.034664
0.046789
-0.066347
-0.021184
-0.043067
-0.000084
-0.067265
0.103852
-0.031632
-0.134994
0.309574
0.146202
0.374730
0.321600
-0.018651
-0.060537
-0.014588
-0.008084
-0.025921
0.584725
-0.062705
-0.205892
0.120818
-0.089886
0.151565
0.725737
0.228824
-0.026748
-0.082163
-0.022529
0.019540
-0.053357
-0.024532
-0.111974
-0.124856
0.159433
0.321688
-0.058078
-0.086476
-0.140074
0.157290
-0.137252
-0.029930
-0.084783
-0.133673
-0.117628
-0.038367
-0.028061
-0.042596
-0.020389
-0.005807
-0.045922
-0.028558
0.239307
0.300729
-0.024398
0.018937
-0.009899
-0.091119
-0.253469
-0.066381
0.254583
0.305650
0.048638
0.193969
0.099731
-0.085474
-0.037954
-0.185867
-0.159716
-0.070472
-0.133110
-0.103343
0.073905
-0.062141
-0.106687
-0.029896
-0.007291
0.580386
0.215129
-0.039174
-0.020496
0.160704
-0.016091
-0.075405
-0.076666
0.154154
-0.001951
-0.014021
0.485213
-0.070290
-0.037935
-0.167693
-0.135487
-0.054521
-0.010449
-0.040702
-0.036567
0.000753
0.102741
-0.078135
-0.012535
0.230746
0.463452
-0.151025
-0.043403
-0.007673
0.237263
0.229588
-0.081375
-0.089083
0.348945
0.258536
0.556982
0.134440
0.730535
-0.165980
-0.119688
-0.097663
-0.026298
-0.025438
-0.042755
-0.155157
-0.146166
-0.159011
-0.139524
-0.034010
-0.062683
0.157620
-0.188754
-0.058480
0.141319
0.419870
0.013094
0.018346
0.184508
0.363169
-0.067816
-0.030577
0.206383
-0.015704
-0.013368
-0.058827
-0.136630
-0.067577
0.161608
0.506211
-0.040618
-0.114822
-0.105615
0.082584
-0.101179
-0.077129
-0.017119
0.432453
0.018244
0.339841
0.014820
-0.178650
-0.010134
0.088691
0.093138
-0.103827
0.435381
-0.036028
-0.038071
0.376272
-0.000994
-0.001202
-0.178267
0.198751
0.079007
0.346498
-0.069557
0.230060
-0.069990
0.080062
-0.012544
-0.000468
-0.010962
0.317018
0.086765
-0.078108
-0.015007
0.163546
0.003229
0.308097
0.039282
-0.204430
-0.058944
-0.085465
-0.082285
-0.002084
-0.066566
0.025521
-0.101785
0.159315
0.408082
0.932293
-0.040489
-0.018109
0.707154
-0.009134
-0.035430
0.040354
0.494162
-0.062063
-0.006127
0.437685
0.488299
-0.127235
0.036802
-0.247013
-0.187642
0.059988
-0.230413
-0.153602
-0.071051
0.013478
-0.180369
-0.199689
-0.161569
0.741064
0.247853
-0.133929
-0.062042
-0.015663
-0.103398
-0.001664
0.243988
-0.082779
-0.192339
-0.147156
-0.056299
0.174109
-0.135161
-0.126414
0.647340
0.827525
0.837567
0.855757
1.668106
1.779088
1.008105
1.706299
0.999267
1.249701
0.860024
1.230618
1.474340
1.695948
0.907170
0.238777
1.196554
0.792607
0.944554
0.631722
0.119392
0.516630
1.525527
0.964206
0.908653
0.463877
0.194550
0.706596
0.437661
0.035149
0.289958
0.192666
0.322460
0.103122
0.430122
0.548131
0.203183
1.312590
1.054995
1.234205
1.737174
0.743079
0.942967
0.504803
0.064935
0.081795
0.163609
0.189386
0.879905
0.118090
0.793534
0.109870
0.406888
0.064560
0.063911
0.335269
0.033545
0.665410
0.162558
0.239404
0.521538
0.143042
0.024562
0.054553
0.136129
0.020680
0.166866
0.379863
0.546357
0.336670
0.331866
0.054676
0.157329
0.241803
0.105555
0.420984
0.277388
0.046847
0.057849
0.147306
0.211568
0.146425
0.293718
0.319744
0.035263
0.476719
0.135391
0.104530
0.108106
0.098382
0.079434
0.223411
0.421195
0.159455
0.351182
0.053883
0.289788
0.527389
0.327681
0.597087
0.177622
0.324589
0.111289
0.206212
0.093258
0.645345
0.022923
0.618334
0.796092
0.072115
0.073128
0.055883
1.482640
1.263216
0.080393
0.078351
0.129303
1.445787
0.107392
0.037622
0.074896
0.472729
0.054399
0.020444
0.559611
0.069825
0.275112
0.914104
0.947073
1.391120
1.067312
1.026981
0.080832
1.197758
0.567650
0.172465
0.007949
0.030131
0.365593
0.133244
0.000371
1.167871
0.404233
0.459875
0.139941
0.400929
0.216881
0.567460
0.252513
0.364355
0.527167
0.023460
0.209561
0.571219
0.035699
0.293340
0.017464
0.526857
0.209297
0.121173
0.363787
0.380274
0.369921
0.260086
0.000759
0.081194
0.565515
0.231440
0.069890
0.787546
0.781433
0.266228
0.122369
1.503296
0.359842
0.200806
0.442204
0.724978
0.792325
0.203708
0.196536
0.002051
0.308536
0.036828
0.170956
0.237661
0.176190
0.006323
0.308924
0.213851
0.547843
0.006000
0.045741
0.441184
0.734658
0.029593
1.103844
0.191698
0.955932
0.166503
1.379054
1.147555
0.165245
0.132406
0.392547
0.821613
0.311014
0.533821
0.108237
0.039806
0.169481
0.715478
0.176602
0.298615
0.028976
0.031163
0.129198
0.278931
0.237652
0.159842
0.056874
0.167326
0.082540
0.784117
0.072553
0.269803
1.269000
0.629632
0.208718
0.698009
0.597470
0.294994
0.220701
0.208511
0.038496
0.643006
0.227003
0.143628
0.077425
0.405743
0.088792
0.194941
0.164386
0.174252
0.261163
0.131518
0.002026
0.002157
0.409373
0.240718
1.774925
0.054691
0.666636
0.325547
0.525670
0.162876
0.058038
1.365624
0.636848
0.361419
0.300350
0.247573
0.278924
0.272733
0.310454
0.246294
0.258158
1.143524
0.027793
0.282254
0.471615
1.437522
0.048288
0.563964
0.067973
0.152421
0.221217
0.233987
0.401446
0.374195
0.216880
0.111629
0.420155
0.151627
0.369391
0.217190
0.106335
0.488781
0.444656
0.011981
0.614769
0.219954
0.410632
0.227232
0.048738
0.027545
0.212393
0.458410
0.343861
0.939490
0.212444
0.015251
0.149293
0.174450
0.240865
0.467733
0.170320
0.109492
0.057147
0.060461
0.080658
0.760142
0.127701
0.377730
0.237519
0.354492
0.399846
0.268945
0.271371
0.314777
0.052434
0.701813
0.248875
1.016696
0.643284
0.489721
0.884623
0.067358
1.068802
0.012451
1.022305
0.169187
0.432916
0.596489
0.445275
0.625104
0.176107
0.111696
0.160039
1.459725
1.182897
0.631273
0.313688
0.568212
0.816049
0.000371
0.309967
0.731397
0.962824
0.203434
0.324241
0.140413
0.200420
0.259886
0.005952
0.295608
0.460393
0.112616
0.387031
0.087893
0.775404
0.165065
0.296880
0.034251
0.281628
0.033984
0.460672
0.239188
0.169276
0.123529
0.491276
0.452524
0.134965
0.143586
0.532994
0.144090
0.190130
0.316195
0.577730
0.319485
0.960312
1.220970
0.070275
0.220756
1.019619
0.039350
0.393564
0.434383
0.318606
0.390338
0.446072
0.311309
0.175604
0.489217
0.187755
0.116544
0.199191
0.395087
0.518938
0.044227
0.008769
0.287180
0.954148
0.331751
0.615257
0.308872
0.049219
0.549848
0.298244
0.099416
0.257839
0.015410
0.463049
0.035671
0.074715
0.083065
0.116469
1.749433
0.053504
0.111405
0.229101
0.761124
0.846320
0.043766
0.217929
0.410033
0.669910
0.356961
0.355523
0.208638
0.277281
0.077617
0.285899
0.080767
0.171281
0.093081
0.103145
0.823923
0.666989
0.266258
0.159449
0.001764
0.161388
0.091247
0.141514
0.251748
0.539493
0.224041
0.119186
0.320879
0.124983
0.523975
0.049466
1.036874
0.065088
0.022858
0.205773
0.149021
0.072192
0.097919
0.175248
0.155342
0.594522
1.317314
0.000263
0.018973
0.016528
0.021105
0.847988
0.547718
0.493752
0.093420
0.369686
0.198158
0.139611
0.088630
0.987408
0.211203
0.216784
0.393994
0.902691
0.134619
0.264402
0.231809
0.507460
0.528637
0.048779
0.313294
0.067908
0.230523
0.392551
0.211846
1.188709
0.441610
0.167384
0.064674
0.166967
0.324137
0.048139
0.123068
0.256228
0.172928
0.222693
0.706213
0.773361
0.026949
0.217741
0.194940
0.038782
0.529028
0.137718
0.422803
0.224269
0.533658
0.219501
0.216477
1.162480
0.025585
0.670266
0.050232
0.267186
0.027861
0.486479
0.052912
0.549126
1.256661
0.010102
0.281452
0.624064
0.065051
0.190916
0.037512
0.026855
0.351844
0.403219
0.815848
0.308262
0.112309
0.258709
0.674976
0.714058
0.568506
0.179532
0.219013
0.057320
0.175421
0.113246
0.199522
0.375488
0.363209
0.035860
0.123972
0.461334
0.110484
0.428521
0.174992
0.169185
0.087912
0.529970
0.859694
0.148828
1.058571
0.236895
0.358829
1.573132
0.188631
0.048392
0.194892
0.237811
0.489994
0.520273
0.448045
0.250721
0.458215
0.433923
0.139716
0.588161
0.503200
0.215327
0.073340
0.226289
0.246694
0.006851
0.912289
1.716701
0.144619
0.508592
0.133753
0.377787
0.285345
0.003625
0.017772
0.503480
0.661134
1.163283
0.095675
0.496078
2.134720
0.185230
0.312793
0.103830
0.619124
0.216465
0.136281
0.392125
0.327532
0.066989
0.067777
0.765801
0.136270
0.079450
0.134328
0.382604
0.432338
0.492215
0.311740
0.261627
0.957775
1.221508
0.334392
0.211025
0.344195
0.032140
0.634861
0.272369
0.328837
0.035407
0.209573
0.295096
0.168871
0.492221
0.350744
0.186243
0.504184
0.042278
0.176070
0.566333
0.335021
0.328145
0.190220
0.386920
0.282921
0.081030
0.162656
0.594731
0.004256
0.153189
1.221668
0.401055
0.229573
0.716177
0.168864
0.148173
0.540670
0.136101
0.043575
0.523487
0.889846
0.366425
0.223969
0.283407
0.460172
0.159813
0.417460
0.693538
0.338801
0.200640
0.017095
0.256941
0.106571
0.315366
0.231419
0.265688
0.373085
0.903033
1.987081
1.297997
1.482451
1.131572
0.925581
1.564772
1.199414
0.589530
0.444698
1.299850
0.704848
0.603028
0.608489
0.823882
1.100425
0.928846
1.014370
1.420533
1.182590
0.410348
0.863354
1.225661
1.306072
0.807501
0.860995
0.178751
0.092947
1.067488
1.500770
0.605233
0.081302
1.636179
1.704987
0.059661
1.150240
0.980135
0.979201
0.690623
0.397946
0.811338
0.604330
0.229831
0.312537
1.563176
0.493303
0.214581
0.842293
0.785791
0.601767
0.443959
0.407088
1.527555
2.333822
0.074734
0.260657
1.853605
2.894599
1.349818
2.064331
0.548359
1.201374
1.586550
1.301282
1.366157
1.162153
0.021244
0.423033
1.495286
0.129904
0.396538
0.821454
0.696316
0.457974
1.338455
0.598271
0.327214
0.422600
0.619707
1.031098
0.946203
0.745448
1.311936
0.285196
0.512016
0.281247
0.287882
0.273748
0.512964
0.822462
0.097345
0.620959
0.090505
0.274721
0.148730
0.411426
0.126014
0.482295
0.086332
0.042836
0.133183
0.782075
0.433729
0.031340
0.744415
0.724212
0.067367
0.044780
0.577807
0.044616
0.228103
0.839415
0.252700
2.131457
1.673001
1.421263
0.640578
0.725262
0.647695
1.246136
0.927761
2.142899
0.488666
1.454866
1.620616
0.305765
0.420722
0.305947
0.803312
2.052677
1.836668
1.315760
1.360860
1.432776
0.390791
0.128343
0.536622
0.100667
0.064058
0.323268
0.078754
0.558705
0.463515
0.527051
0.444891
0.945966
0.354578
0.101837
0.712525
1.596322
1.138316
1.512704
0.945734
0.466679
0.672736
0.276062
0.774446
0.437039
0.764591
2.171574
1.105827
0.049120
0.316192
0.684396
0.135759
0.558869
0.400663
0.003632
0.945737
2.596302
1.036507
0.482966
0.141659
0.113211
0.455566
1.082365
0.532801
0.722760
0.846022
1.675272
0.705297
1.094435
0.576813
0.449272
0.717990
1.324956
0.077614
0.651458
0.957982
1.235277
0.607061
0.428285
0.175028
0.318630
0.353753
0.731240
0.577464
0.414425
0.744333
1.135303
0.290509
1.491174
0.181410
0.906175
0.190389
0.017191
1.298924
0.001995
0.054359
0.239634
2.417654
2.421511
0.994352
0.910103
0.603950
1.255391
0.670683
0.419707
0.668421
1.106019
0.150629
0.135546
0.113004
2.247919
0.674018
0.013852
1.341285
1.328955
0.154652
0.611830
0.324309
1.262168
0.363181
0.387665
0.824017
0.332189
0.156262
2.333282
0.035551
0.757586
0.597204
0.676962
0.689739
1.576844
0.985580
0.159809
0.489840
0.474284
0.107834
0.523619
0.350693
1.180153
0.596596
0.115764
0.491772
1.102311
0.343197
1.608327
1.756238
0.519456
1.568122
1.640224
0.934981
0.951284
1.614426
0.648674
0.495593
0.001755
0.582289
2.243506
1.612657
1.497964
0.333195
0.465703
0.688371
0.351789
0.742384
0.107855
1.139511
2.605879
2.144253
0.214758
0.299085
0.042613
0.257582
0.262574
0.140125
0.835453
0.057808
0.893258
1.119539
0.466747
0.016501
0.114975
1.148903
0.239618
1.352160
0.423487
0.388191
0.732953
0.405062
0.942988
0.339560
0.816266
0.574590
0.476291
0.982280
0.330983
0.451966
0.247186
0.169781
0.356101
0.236786
0.172402
1.467625
0.494939
0.766796
1.225039
2.312248
1.588592
0.357525
0.576443
0.940412
0.116132
0.404147
0.302228
0.495071
0.431319
0.533793
0.052203
1.087751
0.328076
0.403061
0.272480
0.833088
0.283032
0.264610
0.191530
0.721856
0.366643
0.672483
0.883876
1.212847
0.642872
0.468581
0.530583
0.506659
1.056396
0.818613
0.170362
0.117019
0.261638
0.655055
0.092117
1.914037
0.059218
0.868226
1.035027
0.107075
1.492972
0.580036
0.173647
1.199739
1.267277
0.029593
0.682122
1.112029
1.008291
0.134541
0.898258
0.525863
0.381236
0.755959
0.343970
0.714975
0.517801
1.874673
0.711165
0.516342
1.913939
1.623036
0.094057
0.158347
0.140183
0.537099
0.106005
0.293474
1.037007
1.199300
0.894148
0.551988
1.038289
1.059815
0.412099
0.654287
0.315446
0.044764
0.190819
0.952261
1.952091
0.470765
1.107657
1.520381
0.639626
1.269185
1.121170
0.567862
0.433755
1.227407
1.710695
0.272911
0.254043
0.209819
0.332191
0.439198
0.313482
0.031756
1.035826
0.728683
0.810504
0.498224
0.774356
0.197983
0.697949
0.253921
0.323805
0.398485
1.287537
1.893251
1.134036
0.620712
1.630701
0.654143
0.450510
0.555657
0.208395
0.181772
0.340875
1.161684
0.156334
0.358474
0.373654
0.216693
1.358271
0.321374
0.868214
0.557928
1.475641
1.896487
0.088377
2.123879
0.290913
0.995657
0.278690
0.479229
0.403283
0.004836
0.864601
0.028052
0.677392
0.454650
0.011501
1.072023
1.394147
1.295580
2.003232
0.954549
0.963636
0.695776
0.307836
0.870322
0.038142
0.297348
1.623166
0.273876
0.370586
1.902382
1.954781
0.035278
1.076948
1.071236
0.976429
1.333870
0.009405
0.885482
0.623042
0.173590
0.410070
1.549006
0.044179
0.699942
0.493091
1.133951
1.846636
0.505156
0.023751
0.519909
0.615501
0.356791
1.491471
1.177649
0.258087
0.501754
0.228732
0.307329
0.515771
0.280360
1.520375
1.433997
1.344884
0.095540
0.183418
0.167499
0.550277
0.139136
0.602773
0.224989
0.344027
0.318342
1.580528
0.554786
1.410431
1.179704
0.417217
0.308349
1.019277
0.214461
0.355804
0.749902
0.530882
0.486243
0.749791
0.751547
0.499657
0.683896
0.123951
1.129623
0.057354
0.252111
0.361968
0.642579
0.859953
1.117977
0.078943
1.151234
0.195905
0.369723
1.367368
0.395186
1.059952
0.607793
0.129019
0.281483
0.510101
0.829918
0.094453
0.659087
0.441133
0.305406
2.077460
2.016239
0.554137
1.225481
0.021168
0.253199
0.905399
0.569898
0.245961
0.480665
0.624205
0.911067
0.391507
1.274588
1.515992
0.606743
0.206011
0.332488
0.172655
0.158534
0.180589
0.439291
0.495021
0.491404
0.130133
0.106873
0.802246
0.095998
0.251262
0.108038
0.405335
0.916633
0.134404
1.174406
2.571455
0.383180
0.062137
0.643463
0.238010
0.047195
0.216582
0.046959
0.012019
0.269414
0.730067
0.098780
0.373445
1.583169
2.019886
0.787862
0.147143
0.065987
0.980170
1.218106
0.391409
0.163690
0.778010
0.741511
0.713482
0.266746
0.488102
0.256331
1.276837
1.509672
2.172894
1.071752
1.256028
1.052374
0.013530
1.023758
1.367827
1.158820
0.344546
0.518168
0.805764
0.425173
0.186959
0.423282
1.940407
1.144223
0.394946
0.724047
1.266313
1.378744
0.850836
1.448735
0.273374
0.385156
0.457824
0.302818
0.034770
0.242629
0.876541
0.864090
0.374935
0.885103
0.770698
0.291467
0.030586
0.051818
0.910283
1.119260
0.715547
1.099666
0.510433
0.697887
0.597590
0.794576
0.428392
0.419483
1.374425
0.747265
1.729683
2.341185
2.368301
2.574278
2.107474
1.919386
2.637249
1.663572
1.470653
1.838955
2.102098
2.318157
1.873601
1.427785
1.809208
2.003010
2.059934
1.882583
1.465432
1.450863
1.448016
2.237066
1.320214
0.427889
1.798635
1.720101
2.032194
1.568967
1.973355
1.841971
1.877526
1.465129
1.591110
2.962447
1.263262
1.042706
1.708812
1.836449
1.594694
1.582511
1.770876
1.899713
1.729027
1.735687
2.102985
2.232886
1.707947
1.371871
2.263479
2.387034
2.273441
2.378659
2.808212
3.238148
2.966443
2.244646
2.648729
2.248141
2.152173
2.420756
1.979579
2.290165
2.933592
3.021266
1.723985
1.782676
2.668059
3.318336
2.672596
1.999249
2.754039
0.999583
2.989856
2.828658
2.779543
2.418585
1.882547
2.825064
2.191198
2.079710
2.308316
1.915505
2.816733
2.636318
3.009654
2.474078
2.691924
2.330475
2.591483
3.115558
2.971493
2.808356
2.299966
2.912892
2.468328
1.499164
2.523736
2.754180
2.819660
2.426249
1.929484
2.058053
2.359534
2.839740
2.165187
2.514436
2.326850
1.875221
2.335088
2.366118
2.564097
2.398297
2.513278
2.829593
2.713823
1.876548
2.597889
3.329365
2.090372
1.189136
2.850191
2.793633
2.953497
2.966966
2.376649
1.878826
1.878717
1.969784
1.800258
2.123099
1.891733
2.606585
2.816781
3.522218
3.260375
3.548123
2.521880
2.869238
2.779501
2.441978
2.896138
2.655156
2.728115
1.595174
2.787905
3.014794
2.550930
2.183780
1.668574
2.554178
2.231341
2.274678
2.048859
1.942589
2.159549
3.173845
2.038873
1.604366
1.974627
2.770890
2.921155
2.379551
2.356666
3.014715
3.416019
3.076310
2.272545
1.197685
2.281090
3.356871
2.162451
1.889737
2.746408
2.611825
2.221248
2.244879
2.884385
1.974113
2.199373
2.538106
2.955709
2.485151
2.558558
2.708183
2.946285
2.300433
2.640383
2.803373
3.274565
2.398978
3.001096
1.489720
2.822235
2.611274
2.727604
1.619199
2.484499
2.527806
2.368216
1.968363
1.915594
1.937639
2.188201
1.855094
2.079817
2.342582
2.520977
2.761042
2.367304
2.554271
3.198360
3.649838
2.785258
3.229380
2.888019
1.519957
2.296599
2.626027
2.185106
2.677456
2.612259
2.072501
2.649488
3.157866
3.123818
2.858148
3.153789
2.787515
2.630738
2.666386
2.106152
2.202620
3.553002
3.427471
2.700547
2.520455
2.045895
2.381209
1.444078
1.593124
1.966491
1.993288
1.739877
2.536251
2.582199
3.237292
2.418780
1.571591
2.028446
1.801908
1.527025
1.951954
1.832494
1.860711
3.190605
3.093071
3.073719
2.310419
2.479167
2.758286
2.834624
2.522768
2.495037
1.043008
2.469999
2.344183
2.329601
2.634619
2.653939
2.705773
2.948982
3.494314
2.763761
3.125901
2.147094
2.537038
2.592271
3.262682
2.793643
2.268337
3.080307
2.833458
2.687307
2.227935
2.312577
2.504810
1.782576
1.311197
1.959898
1.784566
1.933521
2.120968
2.029895
2.578123
2.222360
1.440088
1.745390
2.435152
1.720252
1.568677
2.429173
2.933711
2.236530
2.838300
2.911373
2.984515
2.459018
2.860173
2.529909
2.376180
2.111593
1.493790
2.306494
2.066574
1.621443
2.293351
3.121709
2.949434
2.914717
2.673334
3.661491
2.114753
2.397680
2.530702
3.139255
2.639963
2.463812
3.315129
3.417573
2.956960
2.455543
2.041179
2.874117
2.483937
2.018840
0.790885
1.770030
2.122798
1.924315
1.954222
2.531028
2.653387
2.700053
2.298395
2.475994
2.548131
2.550343
2.485907
2.104762
2.245326
2.009925
1.866457
2.249826
2.355861
3.795919
3.128457
2.613838
1.790321
1.604492
0.901936
1.871480
2.322269
2.456295
2.614000
3.437514
2.973051
2.136046
2.714302
2.774483
2.830250
2.233353
2.573960
1.923113
2.047546
2.430874
3.223066
3.136325
2.476596
2.278265
3.125702
2.987196
3.147866
2.379155
1.262738
2.316475
2.384709
2.043187
2.047290
2.006959
2.102118
1.929535
2.218884
2.584242
2.846833
2.403252
2.277709
2.594429
2.054664
1.834315
1.718417
2.170919
2.900569
2.903676
2.881639
2.127691
1.894841
1.698158
1.130725
1.784221
2.022304
2.786223
2.524206
2.273014
2.717155
2.722044
2.602902
2.354911
2.861789
2.950003
2.735766
2.713472
2.651288
2.387155
2.886095
2.930040
2.373309
3.192330
2.445898
1.844622
2.474058
2.729746
1.177148
2.156859
2.478295
2.323910
2.348676
2.479922
2.199851
2.326727
2.427798
2.613554
2.947746
2.535538
2.110603
2.650416
2.772872
2.558223
2.810529
2.651371
3.027134
1.731774
2.006809
2.699709
3.256891
1.790038
0.991288
1.945341
2.410479
1.756644
2.267280
2.758544
2.819817
2.425082
1.975004
2.142089
2.395831
2.534858
2.549291
2.592682
2.384126
2.964304
2.466714
2.528677
1.819365
2.727225
3.281276
2.649462
1.740551
1.196038
0.662755
1.749590
2.124449
2.636165
2.088008
1.797767
2.667962
2.351575
2.327049
3.215534
2.116986
2.286741
1.591546
2.465021
2.986715
3.059401
2.698776
2.631448
2.681854
1.959920
2.063976
2.249278
2.023891
1.910131
0.951282
1.787175
2.379439
1.937238
2.848352
2.678003
1.989230
1.535203
1.949076
1.951922
2.808160
2.474067
2.648442
2.701910
2.615500
2.624259
2.367418
2.201020
2.089041
2.849708
3.861526
2.279920
2.168903
2.345938
1.323623
1.577815
2.392740
2.206351
2.269313
2.722281
1.985569
2.061028
2.310177
2.486724
2.826095
2.570483
2.797084
2.202903
2.467216
1.928249
2.580512
2.617497
1.881584
3.507972
2.029190
2.286897
2.561268
1.523748
0.397980
1.417611
2.960975
3.504921
2.181180
2.642802
2.534560
2.287491
2.225192
3.387660
2.989129
2.362726
2.059385
2.308486
2.923956
2.596641
2.586296
2.631112
2.620245
1.889101
2.076788
2.645748
2.669213
2.185547
1.157598
3.199996
1.868810
2.308900
2.997239
2.126993
2.125233
2.649663
1.992174
2.587314
2.523123
2.242864
2.303751
2.321556
2.354302
2.369806
3.198025
2.426987
2.558412
2.838788
3.976508
3.455109
3.387270
1.451486
0.628695
2.026319
2.312021
2.392593
1.943518
2.186374
2.344285
1.623287
2.739123
2.812758
2.455815
2.573997
2.597276
2.417579
2.553328
2.244502
2.136061
2.207975
1.872344
2.125381
2.540209
2.316086
2.712773
2.612526
1.506292
1.733594
2.342711
3.074821
3.130933
2.159450
2.212503
2.170995
2.211295
1.364276
2.127123
2.326840
2.605414
2.670176
1.385020
2.343069
3.562686
3.332111
2.665168
2.973866
3.140410
3.770399
2.451661
1.587933
0.476187
0.421861
0.737141
0.373730
0.389346
0.470423
0.477273
0.615975
0.555162
0.821317
0.801393
0.716938
0.616991
0.579296
0.628794
0.828408
0.397637
0.330546
0.572731
0.646316
0.647759
0.726717
0.656515
0.368507
0.209333
-0.035636
-0.086482
0.523118
0.139178
0.154987
0.156883
0.494163
0.075087
0.314759
0.036316
0.309482
-0.076687
0.244282
0.011285
0.145828
0.333892
0.016877
0.098998
-0.101818
0.304106
0.502646
-0.237958
0.777290
0.072042
0.081110
-0.255439
-0.671092
0.109293
-0.269684
-0.255871
-0.104085
-0.237153
-0.466803
-0.179438
0.049999
0.054202
0.252672
-0.538541
0.279062
-0.318547
0.068054
0.209485
-0.113001
-0.153839
-0.267345
0.316953
-0.064462
-0.229135
-0.185960
-0.651024
0.193678
-0.644903
-0.558348
-0.779236
-0.178818
-0.687079
-0.159390
-0.178880
-0.729917
-0.751535
-0.625184
-0.467716
-0.387277
-0.165314
-1.013396
-0.331242
-0.951507
-0.287794
-0.034220
-0.656825
0.360701
-0.513524
-0.716453
-0.650703
-0.300901
-0.393147
-0.407520
-0.285051
-0.562766
-0.305619
-0.347971
-0.736466
-0.228314
0.070296
-0.429624
-0.685423
0.016425
-0.926722
0.294630
-0.419631
-0.804070
-0.268784
-0.880763
-0.351393
0.998489
-0.400813
0.430948
-0.616084
-0.281062
-0.663273
-0.661862
-0.089490
-0.288983
-1.110187
0.148504
-0.304143
-0.683660
-0.354484
-0.410723
-0.521507
0.054584
-0.898587
-0.288017
-0.207033
-0.529508
0.361607
-0.628396
-0.903199
0.024129
-0.645096
-0.486862
-0.667304
-0.246301
-0.123054
-0.671756
-0.618741
-0.896129
-0.549666
-0.389847
-0.522785
-0.676415
-0.723283
-0.334092
-0.624066
-0.913092
-0.273828
-0.350996
-0.559100
-0.565908
-0.776232
-0.260788
-0.352617
0.683479
-0.607270
-0.417221
-0.379460
-0.329569
-0.591185
-0.071531
-0.251472
0.052781
-0.638357
-0.766322
-0.523862
-0.492730
0.118122
-0.719781
0.101109
-0.207665
-0.725379
-0.479672
-0.506220
-0.748723
-0.359828
-1.363367
-0.144674
0.106327
-0.475347
0.428972
-0.665551
-0.458331
-0.457400
-0.507869
-0.234268
-0.695731
-0.083501
-0.016505
-0.909012
-0.528704
-0.715193
-0.508273
-0.776942
-0.552957
-0.438082
-0.688289
0.066189
-0.365101
-0.742385
0.472503
-1.152263
0.634561
-0.618744
-0.169326
-0.955058
0.735309
-0.827972
-0.258854
-0.476831
-0.460768
-1.141954
-0.403648
0.845789
-0.667298
-0.475150
-0.464759
-0.128275
-0.240024
-0.957062
0.049696
-0.365576
-0.975117
-0.119230
-0.426805
-1.105090
0.457757
-0.437098
-0.148711
-0.119935
-0.776662
-0.837509
-0.117089
0.010260
-0.569496
0.089200
-0.606063
-1.312188
-0.718773
-0.365528
-0.417388
-0.364736
-1.120190
0.424292
-0.906972
-0.627015
-0.499567
-0.439457
-0.759100
-0.534096
0.700477
-0.561776
-0.410211
-0.340137
-0.529997
-0.212124
-0.832073
-1.028673
-0.160077
-0.553043
-0.523989
0.415507
-0.120706
-0.390260
-0.249855
-0.046161
0.472403
-0.674486
-0.044298
0.256820
0.051365
-0.487743
-0.501809
-0.416103
-0.211453
-0.475774
-0.276183
-0.681770
-0.603878
-0.206073
-0.110628
-0.274420
-0.533819
-0.688276
-0.416525
-0.535637
-0.761943
-0.168241
-0.450607
-0.572421
-0.682474
-0.387305
-0.149655
-1.346805
-0.585811
0.067093
-0.752870
-0.143280
0.281952
-0.750581
0.079558
-0.452736
-0.461569
-0.401035
-0.850003
-0.296251
-0.403866
0.089007
-0.560668
-0.449702
0.197107
-0.553376
-0.782868
0.221960
-0.930245
-0.374147
-0.366102
-0.027377
-0.223192
-0.909818
-0.424212
-0.183792
0.172778
0.143820
-0.648169
0.194557
-0.493613
-0.618174
-0.672901
-0.170594
-0.918703
-0.886017
-0.141140
-0.700039
-0.543740
-0.373048
0.025459
-1.031422
-0.039797
-0.705049
-0.610328
-0.387209
-0.696283
0.337753
-0.145936
-0.586870
0.422168
-0.751148
0.321324
-0.833902
-0.351965
0.098413
-0.028413
-0.652945
-0.202538
-0.862215
0.761460
-0.515087
-0.354032
-0.348000
-0.721938
0.541459
-0.716592
-0.536041
-0.576332
0.262086
-0.628120
-0.849541
-0.523347
-0.302658
-0.029291
0.051429
-0.432557
-0.243238
-0.038388
-0.912474
-0.390685
-0.265471
-0.263531
-0.315713
-0.753280
-0.566022
-0.791028
0.207135
-0.470839
-0.746554
-0.310000
-0.348276
-0.321746
-0.661275
-0.104681
-0.289339
-0.197254
-0.601332
0.292706
-0.364756
-0.632852
-0.560537
-0.450421
-0.489829
-0.106793
-0.367795
-0.998001
-0.607508
-0.435888
-0.265465
-0.611276
-0.559150
-0.208801
-0.167257
-0.507957
-0.457694
-0.783460
-0.186917
-1.015185
-0.838200
-0.453136
-0.002162
0.206837
-0.841693
0.727505
-0.242860
-0.610956
-0.497899
-0.651863
-0.161975
-0.658567
0.295604
-0.741883
-0.258892
-0.426571
-0.518051
-0.120081
-0.692582
-0.515109
-0.099370
-0.495954
-0.910391
-0.293543
-0.104300
-0.382652
-0.828434
-0.165562
-0.395328
-0.387672
-0.986690
0.699698
-0.718839
-0.374643
-0.037095
-0.227842
-0.414132
-0.461258
-0.203110
0.082493
-0.700119
-0.488219
-0.724910
0.158946
-0.527143
-0.375463
-0.376796
-0.499920
-0.720723
-0.755548
-0.440491
0.860557
-0.555384
-0.073649
-0.110902
-0.727940
-0.193923
-0.263550
-0.700249
-0.781801
-0.571012
-0.668457
-0.711483
-0.239521
-0.440645
-0.037534
-0.607498
-0.281383
-0.780157
-0.517955
-0.314842
-0.352377
-0.695621
-0.219801
0.143793
-0.108708
-0.306452
-0.401145
-0.599543
-0.760617
-0.561641
-0.489500
-0.520580
-0.014802
-0.084973
-0.204701
-0.013430
-0.835663
-0.385513
-0.776922
-0.583345
-0.659042
-0.029567
-0.351141
-0.173987
-0.618409
0.008487
-0.436934
-1.093513
0.296899
-0.314371
-0.195040
0.252210
0.157709
-0.171155
-0.347303
-0.154307
-0.757047
-0.793594
-0.277095
0.052150
-0.476343
0.002141
-0.134418
-0.365527
-0.208207
-0.712619
-0.795235
0.037656
-1.024429
-0.142113
-0.352102
-0.308800
0.629443
-0.482629
-0.472225
-0.627243
-0.711427
-0.376150
-0.668495
-0.133830
-0.144005
-0.420694
-0.157742
-0.345171
-0.470099
-0.702608
-0.348960
-0.446264
-0.562766
-0.546266
-0.432923
-0.746498
-0.201871
0.477513
-0.845666
-0.347026
-0.033132
-0.167590
-0.296807
-0.402598
-0.057456
-0.318246
-0.485070
-0.279168
-0.670494
-0.780340
-0.465038
-1.052479
-0.150373
-0.467269
-0.727940
-0.623611
-0.477271
-0.223286
-0.723166
-0.081715
-0.399317
-0.949584
-0.360825
-0.308247
0.248015
-0.135119
-0.606921
0.006610
-0.506325
-0.254441
-0.459095
-0.462014
-0.382129
-1.096886
0.691706
-0.546275
-0.641671
-0.178699
-0.189349
-0.639331
0.124204
-0.471178
-0.799249
-0.940939
-1.039821
-0.591161
-0.356000
-0.365433
0.457908
-0.601680
-0.254354
-0.426447
-0.151086
-0.453289
-0.122102
-0.536152
-0.423559
-0.482110
-0.953278
-0.346205
-0.447277
-0.461308
-0.414576
-0.788308
-0.206527
-0.420621
-0.431846
-0.115582
-0.023893
-0.445212
-0.676452
-0.180389
0.187467
-0.226836
-0.103407
-0.786011
-0.497546
-0.937275
-0.360066
-0.305926
-0.500791
-0.225851
-0.236996
-0.446379
-0.471840
-0.381919
0.310607
-0.551029
-0.620846
-0.272937
-0.614023
-0.745812
-0.376998
-0.795987
-0.518434
-0.874809
0.366337
-0.131163
-0.314717
-0.487325
-0.681948
-0.214286
0.283761
-0.819950
0.251503
-0.951220
0.426601
-1.021374
0.255784
-0.028311
-0.981635
-0.428003
-0.460016
-0.380042
-0.032893
-0.483615
-0.435169
-1.102993
-0.551223
-0.198582
0.236969
0.142068
0.111161
0.199739
0.286806
0.222470
0.149337
0.095647
0.080154
0.193139
0.111699
0.233280
0.140017
0.160279
0.147745
0.073749
0.013094
0.013432
0.066425
0.129613
0.252563
0.165497
0.118411
0.311956
0.593301
0.193953
0.246917
0.158768
0.459324
0.387962
0.402664
0.396139
0.401304
0.312751
0.299247
0.317610
0.355489
0.282145
0.365617
0.396341
0.298550
0.230473
0.110879
0.190977
0.329478
0.458547
0.410567
0.477537
0.293617
0.284449
0.569186
0.414582
0.384448
0.494051
0.210058
0.227809
0.337492
0.287341
0.144854
0.145678
0.295956
0.270871
0.268463
0.110986
0.387466
0.164746
0.344401
0.142297
0.251719
0.535599
0.103254
0.452036
0.475271
0.146494
0.301126
0.418117
0.283435
0.354047
0.328575
0.314368
0.341386
0.395069
0.253140
0.287539
0.147757
0.419633
0.202452
0.303294
0.716170
0.276293
0.107483
0.278477
0.287357
0.187093
0.780740
1.177533
0.194090
0.216639
0.230528
0.242142
0.356393
0.289502
0.320018
0.261959
0.329643
0.199342
0.202871
0.073764
0.358807
0.017803
0.233536
0.372831
0.207357
0.184534
0.192644
0.074985
0.087809
0.347173
0.077684
0.518360
0.230888
0.143989
0.343133
0.206355
0.290653
0.251008
0.336757
0.232905
0.261177
0.250123
0.259094
0.162978
0.119890
0.603476
0.308178
0.224696
0.373222
0.243549
0.380754
0.232058
0.059607
0.327521
0.135319
0.456445
0.251098
0.113053
0.326932
0.141270
0.395634
0.330327
0.341430
0.406811
0.318162
0.293276
0.200589
0.280405
0.448016
0.194129
0.428195
0.493058
0.324912
0.140910
0.073034
0.439282
0.245659
0.139705
0.417883
0.682734
0.063421
0.151803
0.195130
0.259100
0.082765
0.168138
0.197514
0.137346
0.392033
0.306069
0.143773
0.345804
0.221327
0.397824
0.316946
0.547742
0.527893
0.328148
0.013186
0.179716
0.218634
0.321371
0.399463
0.309216
0.019060
0.259616
0.412948
0.368487
0.209002
0.490400
0.168025
0.881300
1.254980
0.162998
0.166968
0.293706
0.336003
0.354020
0.300839
0.486456
0.439868
0.444899
0.192531
0.008906
0.181068
0.063207
0.251589
0.422187
0.416334
0.222807
0.402595
0.330589
0.235993
0.567881
0.333317
0.436704
0.498199
0.263112
0.334894
0.202785
0.208135
0.125087
0.238029
0.317209
0.363931
0.340883
0.323727
0.323720
0.522243
0.447820
0.319441
0.320412
0.399976
0.185197
0.492116
0.354461
0.312404
0.489307
0.439617
0.143290
0.225153
0.219938
0.396128
0.551931
0.472084
0.177172
0.272963
0.501232
0.600323
0.455645
0.304898
0.261904
0.422892
0.626125
0.444456
0.405221
0.203877
0.141014
0.433395
0.362006
0.219344
0.449587
0.577339
0.303764
0.156669
0.263006
0.343362
0.336637
0.405994
0.264200
0.155723
0.124191
0.213689
0.337753
0.307143
0.180298
0.275839
0.299689
0.250694
0.317980
0.190515
0.094095
0.137597
0.297242
0.139069
0.306999
0.459184
0.445534
0.188971
0.363566
0.358849
0.315780
0.493450
0.409007
0.002904
0.117530
0.090218
0.551200
0.070504
0.352368
0.160530
0.237905
0.208703
0.270882
0.353958
0.064454
0.207258
0.261710
0.312082
0.081725
0.212788
0.086383
0.135772
0.023641
0.200906
0.256223
0.261392
0.483257
0.264274
0.038165
0.233435
0.755559
2.417744
0.524113
0.280557
0.390135
0.337917
0.751533
0.511957
0.076371
0.049954
0.297292
0.545126
0.268821
0.164543
0.164530
0.220037
0.273350
0.048938
0.549732
0.327479
0.347437
0.348752
0.183241
0.318716
0.320664
0.102039
0.330809
0.242058
0.355770
0.219924
0.372612
0.566647
0.206219
0.026474
0.133141
0.356548
0.548301
0.291515
0.356813
0.240129
0.227669
0.613147
0.021429
0.697135
0.386079
0.298046
0.104921
0.370674
0.211345
0.300947
0.026234
0.849404
0.362752
0.489807
0.241917
0.589850
0.081488
0.252550
0.156588
0.281335
0.434889
0.429957
0.439082
0.328913
0.096127
0.011901
1.646306
0.361281
0.290753
0.206219
0.065362
0.063012
0.065253
0.167353
0.414438
0.120282
0.653298
0.100620
0.455811
0.434993
0.216383
0.260291
0.247481
0.323937
0.190941
0.277367
0.233106
0.335756
0.315158
0.423257
0.125924
0.300827
0.294535
0.310988
0.390597
0.340849
0.235715
0.253819
0.349609
0.405810
0.110745
0.087814
0.153923
0.222559
0.195316
0.470884
0.208002
0.160139
0.245275
0.384267
0.325805
0.217258
0.260277
0.443717
0.429807
0.267511
0.389422
0.230459
0.439424
0.363368
0.158624
0.128311
0.339736
0.439331
0.269884
0.251741
0.357891
0.255432
0.339521
0.161732
0.298163
0.265306
0.300378
0.504425
0.346828
0.345995
0.128325
0.156086
0.493895
0.272270
0.201007
0.162353
0.359721
0.424598
0.356385
0.050262
0.255436
0.282715
0.359203
0.089848
0.380980
0.486682
0.007556
0.458463
0.257081
0.229798
0.271744
0.506779
0.375321
0.411068
0.516901
0.309996
0.425389
0.504757
0.223288
0.066599
0.081482
0.134130
0.206793
0.245057
0.307772
0.323890
0.369301
0.279945
0.185363
0.533222
0.076480
0.087177
0.421036
0.306119
0.146091
0.215116
0.182806
0.034352
0.374905
0.324529
0.241178
0.268324
0.337764
0.304298
0.301404
0.213204
0.066471
0.160867
0.366133
0.306650
0.142306
0.223364
0.252765
0.492645
0.081181
0.131718
0.136151
0.273153
0.189478
0.242962
0.453152
0.254772
0.176087
0.456628
0.244117
0.378159
0.127143
0.199463
0.269477
0.355723
0.034178
0.326756
0.472797
0.415251
0.438537
0.194107
0.278998
0.306789
0.177595
0.267700
0.179656
0.083998
0.197092
0.245054
0.360114
0.321855
0.190101
0.261296
0.216791
0.040602
0.177184
0.098000
0.068156
0.226989
0.210733
1.035287
0.195965
0.252334
0.194043
0.364318
0.144774
0.404233
0.255974
0.304802
0.333594
0.179943
0.107935
0.180314
0.129820
0.115652
0.073891
0.243100
0.566092
0.007189
0.372907
0.413147
0.123164
0.322809
0.375564
0.373267
0.503903
0.262156
0.025963
0.431772
0.081114
0.213137
0.201332
0.210853
0.264392
0.335090
0.272804
0.237059
0.281732
0.335834
0.199513
0.162979
0.477852
0.397340
0.319772
0.572428
0.442464
0.182785
0.383456
0.281585
0.108820
0.142355
0.053820
0.091805
0.004758
0.394755
0.050403
0.169247
0.012277
0.095276
0.238369
0.350611
0.203509
0.393137
0.333312
0.291822
0.231892
0.439449
0.454136
0.405228
0.556040
0.232571
0.474517
0.271316
0.464547
0.405273
0.577743
0.074481
0.162286
0.583563
0.182155
0.371626
0.085297
0.906942
0.832388
0.296630
0.336213
0.216317
0.255557
0.311571
0.284385
0.362026
0.400680
0.325002
0.320940
0.314425
0.141164
0.192367
0.148966
0.331627
0.336107
0.158738
0.062746
0.108472
-0.086651
0.115572
0.272149
0.458069
0.268217
0.159499
0.602953
0.783955
1.020482
1.224229
0.342120
0.417361
-0.053142
-0.036263
0.318040
0.467403
0.293462
0.276825
0.385507
0.456199
0.013308
0.326017
0.117351
-0.027614
-0.042069
0.563080
0.184593
1.113486
1.998785
2.108240
1.170498
0.816146
0.401452
0.454080
0.992243
0.954094
0.614313
0.609831
0.734812
0.120207
0.659257
0.398441
0.399555
0.707589
1.188870
1.019502
0.756345
0.078786
-0.024420
0.331002
1.205074
1.984159
0.601800
1.171682
0.997330
1.256024
1.222204
1.510208
1.025338
0.207453
0.802706
0.513807
0.736463
0.772578
0.960331
0.945973
1.095616
0.910419
1.178330
0.429469
0.443156
0.244627
0.061317
0.764043
0.927390
1.474674
2.547981
2.141934
1.170442
0.518324
0.846103
0.861206
0.610755
0.594973
0.529945
0.380289
0.707937
0.635524
0.617631
0.676442
0.717593
0.798071
1.011996
0.811901
0.797080
0.095182
0.106666
0.581282
1.121472
1.490728
1.351872
0.612291
0.837056
0.819554
0.432267
0.280976
0.852499
0.455966
1.516064
1.861348
1.391140
0.908728
0.944136
0.948064
1.644689
1.461650
1.079262
0.677899
0.966073
0.357221
0.624499
1.586120
1.624350
1.430727
0.755612
1.197758
0.308113
1.016316
1.148960
1.236221
0.739837
0.795440
0.235631
0.365304
0.545409
0.644145
0.427581
1.529386
0.770090
0.997519
1.284499
1.135914
0.718231
-0.269900
0.572197
0.927763
0.604912
0.924069
0.334554
0.680253
0.588215
0.805939
0.614363
0.762994
0.993161
0.556671
1.296986
1.962817
1.811276
1.482960
1.347762
0.543099
0.931131
1.350066
0.327687
0.648675
0.979365
0.834648
1.075240
1.606354
1.565421
0.777856
0.467801
0.755342
0.948576
0.617721
0.769057
0.797379
1.193481
0.984607
1.313483
0.636354
1.632756
0.713527
1.018175
0.653608
0.897649
0.665994
0.809976
0.911932
0.637892
0.056989
0.769592
1.727834
1.537906
0.486024
1.045120
0.389223
0.774941
0.601317
0.874029
0.725871
0.915560
0.090818
1.032823
0.827916
1.585666
0.970356
1.257093
0.565743
0.261514
0.334248
0.528248
0.234072
0.866588
0.479591
1.048351
0.879939
0.928414
0.229661
0.538153
0.487170
1.050515
0.856484
0.949551
0.578886
0.912696
1.165316
1.087438
1.191118
1.595045
1.017652
0.888569
0.005900
0.512128
0.538477
1.420448
1.250586
1.770149
0.780249
0.948950
1.652207
1.588275
1.000476
0.956260
0.717229
0.870202
0.329391
0.939357
0.664336
0.738271
0.689295
0.953939
1.023271
0.679659
0.468278
0.821022
0.549185
0.673330
0.434447
0.955535
0.691706
0.647909
0.312047
0.369687
0.490170
0.809369
0.300305
0.450775
0.691122
0.527156
1.199178
1.501329
1.129583
0.731650
0.786278
0.916285
0.972213
0.824404
0.902411
0.449569
0.352668
0.284896
0.696910
0.902660
1.394481
1.496562
0.613586
1.318477
1.703825
1.333499
0.930443
0.995422
1.005150
0.789899
0.877767
1.037959
1.234159
1.469240
1.174393
1.302156
0.963709
0.768328
0.844932
0.687724
1.247155
0.891363
0.828313
0.563726
0.596402
0.339008
0.407238
0.314247
0.458571
0.732694
1.153230
1.024838
0.846444
1.002602
0.937966
0.938458
1.524809
0.786241
0.516980
0.396388
0.921173
0.800438
0.431671
0.821971
1.291778
0.764424
1.478026
1.250707
1.434886
1.724565
0.499140
0.580884
1.595688
0.885321
0.827821
0.512345
1.231015
0.603106
0.816200
1.215442
1.402208
1.477284
1.161070
0.974038
0.950362
0.511255
1.097607
1.060903
0.801963
0.980070
0.999464
0.449935
0.350541
0.893485
0.575174
0.806517
1.215788
0.843790
1.009415
0.707942
0.873281
0.469305
0.959465
1.373508
0.555971
0.543415
0.342613
0.169206
1.076045
1.460695
1.228905
0.970066
0.924394
0.730328
1.222473
1.269050
1.504971
1.672479
0.565735
0.061275
1.014607
1.123225
0.899638
0.838974
0.905067
1.006110
0.361308
0.600858
1.084803
1.910329
1.729666
1.666721
1.766742
1.519465
1.022448
0.785116
0.451287
0.473850
0.208105
0.380682
0.729453
0.824833
0.640896
0.756085
1.110016
1.101566
0.909017
0.886212
0.545166
0.534833
1.618476
1.320000
0.830436
0.529431
0.236187
0.950703
1.100794
1.675594
1.589745
1.167539
0.213803
-0.035719
0.297091
0.748625
0.469596
0.580032
0.426785
0.516940
1.362270
1.259807
0.841530
1.304490
1.639934
1.322677
1.339363
0.749592
0.838583
1.253413
1.462654
1.529899
1.410612
1.370804
0.903942
0.642640
0.492389
0.682767
0.711088
0.955308
1.409638
1.469192
0.740314
0.012472
0.422320
0.330677
0.665191
0.421292
0.860108
1.204778
1.228288
0.599439
0.739708
0.752536
0.622533
0.912058
0.791320
0.408235
0.647047
0.951941
0.621534
0.872256
0.567111
0.820671
1.540571
1.306052
0.333994
0.555979
0.752292
0.830131
0.662129
1.347180
0.711486
1.063711
0.672352
0.992151
0.449981
0.931801
1.162124
1.092743
1.116130
0.721974
0.511123
0.858876
0.330374
0.682853
1.067220
1.480674
1.271066
1.000302
0.992686
0.497295
0.983055
1.041395
0.488127
0.536969
0.773156
0.631382
0.336708
0.804818
1.078716
1.143810
0.915328
0.820037
0.698012
0.380583
0.388293
0.574060
0.862993
0.784908
0.609404
0.667213
1.413809
1.289025
0.656047
0.283110
1.052201
0.777675
1.144690
0.695891
0.220846
0.335241
0.362930
0.910785
0.067987
1.213476
1.260882
0.958557
1.120664
0.607642
0.407217
0.424023
0.525786
0.616042
0.779527
0.523965
1.087096
0.453975
0.757732
0.591218
1.615807
0.709942
0.802351
0.542496
0.193392
0.475747
0.334446
1.093222
0.939818
1.265200
0.134002
0.816104
0.563062
0.480026
0.902947
0.955408
0.500751
-0.030065
0.504464
0.620482
0.882865
0.965373
0.618294
0.546656
1.057937
0.928552
0.268959
0.307521
0.328403
0.677144
0.246353
0.915349
0.797573
0.691247
0.640085
0.199757
0.410856
0.582542
0.426543
0.716259
0.616816
0.703400
0.584112
0.439838
0.346124
1.317698
0.595340
0.239357
0.390931
0.721780
0.442692
0.483711
0.227945
0.429379
0.394154
0.859743
0.387075
0.756034
0.509770
0.813572
0.970395
1.069623
0.855351
1.323365
0.651200
0.940782
0.501472
1.152243
1.187143
0.745885
0.286938
0.746638
1.047789
0.441976
0.120699
0.713605
0.418712
0.987071
0.598665
0.546029
0.478437
0.619801
0.670089
0.305554
1.012558
0.935992
1.259154
1.186286
0.788712
0.907733
0.870920
0.878039
0.865209
0.997774
1.060960
-0.162786
-0.050464
0.471650
0.158783
0.405538
-0.156802
0.454559
-0.156227
0.601048
0.281137
0.130950
0.496155
0.269106
0.765998
0.462784
0.317935
0.284077
0.774256
0.413495
0.627198
0.876894
0.236839
0.343136
0.138335
-0.357783
-0.184976
0.097393
1.261136
0.492592
-0.010091
0.021764
0.904027
-0.002811
1.140535
-0.417271
0.530673
0.134018
0.080976
-0.233086
-0.291735
-0.224143
-0.161933
-0.157374
-0.197969
-0.049075
-0.291528
0.856050
0.316472
-0.261308
-0.028791
-0.044586
-0.069932
-0.047469
0.028065
0.049862
-0.229749
0.685392
-0.515413
0.962818
-0.087051
0.073328
0.679817
1.079843
0.906675
0.682982
-0.022847
-0.015885
-0.029853
-0.281831
1.137808
-0.062434
-0.315684
0.175092
-0.404665
0.269011
0.628121
0.138325
-0.491874
-0.121486
0.299946
-0.238771
0.315120
-0.110946
-0.520748
1.049226
0.772266
0.447083
1.238694
0.217002
0.718604
-0.020348
-0.075753
0.321715
0.033689
-0.011231
0.311990
-0.387799
2.033807
0.510288
-0.384914
-0.037643
-0.002166
-0.126168
0.462402
0.192773
-0.387719
-0.309010
0.561824
-0.167129
0.067515
0.429243
0.522841
0.003726
-0.208014
0.929886
-0.317985
0.498224
-0.442995
0.027873
-0.292717
0.827258
0.207144
-0.222064
0.857441
0.015896
-0.375245
0.593957
-0.427459
-0.306539
-0.169675
-0.036912
-0.628854
-0.287512
-0.137876
-0.020560
-0.221640
0.846692
-0.090527
-0.155423
1.611244
-0.788163
1.422328
0.516573
-0.166787
-0.131519
-0.012764
1.894939
0.925286
-0.212174
0.192330
-0.286175
1.285182
-0.206689
-0.127043
-0.230818
0.231264
-0.278456
-0.083877
0.094968
1.218528
0.448799
0.329976
0.206285
-0.283446
1.331143
0.043400
-0.444242
0.054852
-0.664485
0.856602
-0.111433
-0.173107
0.845932
-0.093416
0.550167
-0.205650
-0.319529
-0.186532
-0.193131
0.007320
-0.251725
0.960213
-0.232326
0.692717
0.489521
-0.139429
1.537107
0.113748
-0.414178
0.170588
1.364991
-0.153121
0.288822
-0.094573
0.841522
0.939598
-0.157084
0.524459
-0.234006
-0.193495
-0.081544
-0.268019
-0.209640
-0.018543
0.247567
-0.544408
0.703688
0.620212
0.191642
0.735846
-0.550333
0.309313
0.012455
0.392798
0.009556
-0.094310
-0.014100
0.604995
0.622490
0.238670
1.849917
-0.908299
0.781252
0.240921
0.056269
-0.101725
-0.099399
-0.071005
0.278647
0.890042
0.261313
-0.768132
0.903446
-0.329955
0.392172
-0.040225
0.524039
-0.519288
1.379778
0.348733
0.200291
0.134017
1.494260
0.005609
-0.482406
2.368803
-0.106203
0.255354
-0.040973
-0.028338
-0.124377
-0.069141
0.396359
-0.254846
1.615962
1.533685
-0.136275
0.001828
0.241741
-0.342788
-0.198891
1.808837
0.400139
0.551201
-0.340844
0.431333
-0.167128
-0.037265
0.459552
-0.525226
0.115748
-0.269233
0.846409
0.952490
0.264801
-0.342150
0.390392
1.351034
-0.688949
1.755397
-0.088964
0.321522
-0.127973
0.257124
0.766925
-0.160463
0.996042
0.164125
-0.471996
0.350083
-0.113277
1.258457
-0.018365
1.435555
-0.129517
0.297887
0.253697
-0.126146
-0.155021
0.637426
-0.198249
-0.126688
2.373724
-0.432970
0.261956
0.190805
-0.592644
0.168456
-0.170519
1.121430
-0.275227
0.846677
0.172467
0.031951
3.016171
-0.279206
0.346019
1.243801
0.360017
-0.131667
-0.416984
1.508806
-0.219374
-0.249139
-0.192103
-0.002443
-0.434990
0.593050
-0.083058
-0.392632
0.039047
-0.294429
0.448025
1.033685
0.987709
0.712794
-0.051188
0.474767
-0.533838
1.228542
0.647133
-0.447909
1.272578
-0.080158
-0.409612
-0.133758
0.217654
-0.354670
0.201369
-0.253370
1.467716
-0.338225
0.398076
-0.050778
0.756055
-0.038801
1.009868
-0.213196
1.006677
-0.507315
-0.441284
1.283993
1.286994
-0.108441
-0.280784
2.199971
-0.231537
0.230646
0.781747
-0.149451
0.077981
0.085917
0.224959
0.619638
-0.439954
1.217215
0.215558
-0.138803
0.051879
-0.336504
-0.163090
0.099667
0.275020
0.415577
-0.119677
-0.120317
0.236257
-0.014202
0.276301
-0.267841
0.678050
0.654782
-0.153317
-0.130546
0.747867
-0.190432
-0.347594
0.125293
0.106837
0.049525
-0.186893
1.480415
-0.364698
2.319131
0.860809
1.164667
-0.227356
0.840811
-0.458009
-0.043002
0.140840
0.122998
0.236508
0.044845
0.249935
-0.215228
0.875561
-0.227471
-0.209709
0.577085
-0.089383
-0.614397
0.823397
-0.185749
0.955733
-0.339307
1.342670
1.012544
-0.280440
0.876228
0.958437
-0.471470
-0.066011
-0.136981
0.483910
0.842751
-0.366754
-0.144364
-0.195182
0.111571
-0.264098
1.048845
-0.217692
-0.120559
0.731490
0.712811
-0.156080
-0.323083
1.262778
0.026896
-0.025707
0.737312
2.574530
-0.630388
0.075025
1.477811
-0.201972
0.171401
0.718228
-0.327119
1.948524
-0.176058
-0.400817
-0.014345
-0.032836
-0.181766
0.598902
1.003545
0.424198
-0.330030
0.907335
1.272118
-0.857912
0.688649
-0.067954
0.559646
-0.398322
1.743439
-0.153493
-0.569870
0.181067
-0.017154
0.221552
1.289597
-0.199862
0.354812
0.468667
0.196214
1.213714
1.079439
1.673381
-0.019034
0.901338
0.565604
-0.497395
-0.380913
1.225793
-0.312166
0.335928
0.188322
1.403073
-0.685062
0.356460
0.283486
-0.067825
0.870455
0.214304
1.053341
1.210932
-0.076557
0.281117
0.492003
0.513495
0.781130
1.052493
0.889088
-0.452859
-0.042301
-0.206665
0.149422
-0.489685
0.318036
-0.374430
0.372684
-0.580757
0.439168
-0.405572
-0.109875
-0.381026
-0.063792
1.568414
0.065015
0.124502
1.645454
0.557237
-0.246898
0.954537
-0.124024
0.689894
-0.154012
-0.054434
-0.171892
-0.037691
-0.151449
0.780670
-0.461290
0.499624
-0.391742
0.780304
0.822069
0.615539
-0.477264
-0.196114
-0.028361
0.013565
1.090901
0.841693
-0.480842
-0.183007
0.655065
-0.795777
1.338734
-0.140735
0.417280
-0.322134
-0.143900
0.258377
0.439666
-0.203264
0.520756
-0.430048
1.123193
-0.081898
0.354329
-0.179932
1.220114
-0.265387
-0.378722
0.126579
1.013991
-0.033884
0.680677
-0.178813
-0.349837
-0.185394
-0.181592
-0.258098
0.462716
0.475675
0.417498
0.338315
0.128388
0.078017
-0.063104
0.588187
-0.224548
0.386233
1.330127
1.416788
-0.352638
-0.043740
1.528542
1.301044
0.155774
-0.244129
1.130808
-0.075272
0.595471
-0.151928
-0.124707
2.642071
-0.495768
0.056997
-0.059096
-0.100098
1.127903
1.100997
-0.269770
0.364089
0.832025
1.523627
1.004120
0.413254
-0.022088
0.971113
-0.345918
-0.186362
0.855559
0.968572
-0.577817
2.253120
-0.144761
2.219205
2.190095
-0.051326
1.019976
0.509695
0.593888
0.420925
0.117135
0.641095
0.038140
-0.182570
0.152309
-0.036867
-0.150291
1.122654
-0.103766
-0.619487
1.564035
0.091016
-0.564414
-0.103923
0.315037
-0.301004
0.844667
2.288028
0.980731
2.041260
0.463848
-0.395280
0.674432
0.243250
0.971492
0.405846
1.395755
-0.519633
-0.075885
-0.302220
0.487395
-0.527641
-0.201560
0.217509
-0.569871
-0.189755
0.125481
-0.646488
-0.073284
-0.303553
0.693893
-0.297524
1.380389
-0.281012
-0.359685
1.122177
-0.700715
0.236690
-0.101029
0.608823
-0.476386
-0.104427
-0.265344
-0.237912
-0.514790
0.342111
-0.564353
0.040377
0.281959
0.132671
1.435909
0.182579
0.409385
0.282065
0.220596
0.043531
0.258434
0.630952
0.581784
0.560166
0.029305
0.230739
0.211750
0.188146
0.962033
0.129105
0.440730
0.555041
0.175495
0.524307
0.015586
0.823595
0.249844
1.231014
1.044851
0.209002
0.561146
0.709159
0.147950
0.137396
0.199160
1.216463
0.679338
0.529264
0.669116
0.101662
0.604975
1.265956
0.692380
0.800166
0.925728
0.958122
0.362115
0.185650
0.859814
0.872630
0.274034
0.659561
0.119922
0.334535
0.521147
0.030511
0.424979
0.149648
0.494100
0.691540
0.367453
0.572146
0.268930
0.109242
0.299044
0.430523
0.091344
0.602855
0.657552
1.031350
0.890123
0.288897
0.867935
0.436597
0.480606
0.353765
0.304001
0.511588
0.392947
0.252128
0.471026
0.247854
0.571325
0.062161
0.695107
0.114013
0.112647
0.169255
0.710713
1.044303
0.233756
0.043136
1.517735
0.185849
0.816517
0.671064
0.237249
1.037535
0.304005
0.220316
1.282602
0.664752
0.644238
0.231178
0.009014
0.236201
0.346249
0.100742
0.362923
0.776091
0.444987
0.460755
0.360291
0.208017
0.104310
0.326235
0.305683
0.403515
0.146310
0.813879
0.808042
0.757444
0.301893
0.976774
0.755632
0.392880
0.751164
0.384011
1.010644
0.325603
0.162860
0.516743
0.473024
0.242737
1.304327
0.158462
0.751205
0.232711
1.195948
0.927676
0.037610
1.361708
0.578961
0.101887
0.241943
0.513355
0.831718
0.263623
0.617942
0.105611
0.933429
0.421802
0.011106
0.122919
0.245350
0.360160
0.000653
0.600696
0.379952
0.368354
0.034114
0.096189
0.041934
0.340711
0.909839
0.210059
0.270159
0.512152
0.310106
1.374723
0.735357
0.081236
0.710117
0.387709
0.583477
0.344247
0.396211
0.921482
0.051949
0.500880
1.083316
0.421878
0.486474
0.498462
0.410852
0.356037
0.224934
0.295693
0.303929
2.183707
0.168563
0.722637
0.586155
0.965806
0.395680
0.069732
0.696647
0.617673
0.503768
0.579503
0.602955
0.536955
0.121004
0.588083
0.130389
0.205927
0.595130
0.467705
0.126718
0.388996
0.257790
0.252880
1.583847
0.339014
0.755932
0.002340
0.532259
1.090854
0.279260
0.969558
1.200337
0.915260
0.461138
0.480774
0.344300
0.380035
0.176987
0.426918
0.027776
0.352109
0.171296
0.265364
0.205176
0.472009
0.211892
1.289926
1.246762
0.312118
0.244841
0.248299
0.416251
1.135451
0.665942
0.270217
0.844111
0.694405
0.189056
0.952128
0.446788
0.551593
0.543805
0.534002
0.513016
0.288433
0.427573
0.242923
0.173851
0.146755
1.084744
1.042284
0.673306
0.033196
0.743898
0.464274
0.292822
0.089104
0.965690
0.059063
1.050210
1.154474
0.512824
0.277456
1.217334
0.234296
0.430234
0.121385
0.216120
0.133825
0.304887
0.023141
0.460494
0.214608
0.443891
0.547146
0.012608
0.232173
0.459475
0.500629
0.696489
0.893634
0.434442
0.065935
0.217748
0.120722
0.077810
0.127465
0.050497
0.318664
0.822838
0.157471
0.557607
0.313606
0.628750
0.270509
0.482922
0.862580
0.061171
0.122768
0.416668
0.443914
0.401323
0.155212
0.568268
0.447573
0.087582
0.245062
0.072707
0.649021
0.167773
0.201779
0.152532
0.413466
0.374567
0.161501
0.537678
0.382064
0.656666
1.115747
0.397262
0.675116
0.243824
1.406827
0.060271
0.064072
0.241352
1.737990
1.026987
0.405299
0.815164
0.259773
0.966095
0.365635
0.444436
0.007781
0.233492
0.586054
0.330037
1.076891
0.070131
0.130536
0.162306
0.486310
0.274040
0.113865
0.795755
0.047731
0.114470
0.026211
0.849561
1.128280
1.490470
0.423278
0.317552
0.131561
0.607835
0.037173
0.256647
0.069307
0.055349
0.686434
0.163264
1.429833
0.507046
0.143375
0.113970
0.433758
0.011052
0.061184
1.487044
0.433705
0.350946
1.199267
1.087441
0.563960
0.978417
0.257060
0.949631
1.201519
0.509791
0.822959
0.658271
0.227075
1.464354
0.453913
0.786186
0.657231
0.098623
0.625771
0.569274
0.176580
0.639651
0.797781
0.209039
0.971890
0.043453
0.117209
0.374246
0.270813
0.084685
0.707053
0.864869
0.004899
0.042864
0.161147
0.356841
0.835638
0.365182
1.664603
0.208586
0.265055
0.137035
0.009347
0.212185
0.665670
0.509147
0.568426
0.054787
0.013331
0.230811
0.490572
0.485736
0.054255
0.037005
0.574843
1.084928
0.106276
0.047600
0.355337
0.338010
0.185768
0.663089
1.165742
0.409557
0.116155
0.520019
0.693045
0.304529
1.026688
0.044094
0.377256
0.309691
0.328949
0.452465
1.594933
0.919700
0.824074
0.621164
0.205838
0.877018
0.138353
0.083661
0.736438
0.531135
0.012983
0.153086
0.048406
0.075416
0.384853
0.038025
0.268008
0.287798
0.245673
0.829117
0.228382
0.139070
0.520779
0.586154
0.182937
1.352270
0.453312
0.512626
0.223216
0.523308
0.244706
0.130860
0.189176
0.151466
0.720964
0.987687
0.474093
0.013624
0.151640
0.196047
0.345556
1.247796
0.680288
0.599239
0.670634
0.439163
0.235029
0.717884
0.368954
0.447698
0.139909
0.779809
0.133884
0.976072
0.433213
0.197503
0.480798
0.273102
0.538919
0.799490
0.259600
0.282792
0.433287
0.803817
0.736939
0.783842
0.649168
0.055291
0.207521
0.443585
0.306649
0.725436
0.384552
0.540616
0.372572
0.288956
0.368940
0.822668
1.478790
0.564820
0.757963
0.127323
0.763740
0.391573
0.307689
0.583717
0.421963
0.238954
0.055580
0.203243
0.121696
0.373466
0.193843
0.729390
1.060017
0.502095
0.195999
0.435743
0.811795
0.448614
1.198221
0.105460
1.493295
1.156773
0.761555
0.467915
0.179537
0.071700
0.555437
0.091661
0.199808
0.761060
0.123980
0.834557
0.336295
0.007311
0.124064
0.523693
0.150888
0.328167
0.339230
0.737436
0.426101
1.369774
0.825420
0.468584
0.556735
1.663246
0.253659
0.252387
0.225952
0.129959
0.466218
0.677433
0.230308
0.256157
0.107441
1.087586
0.539798
0.705942
0.471975
0.071341
0.611376
0.235473
0.675927
0.291725
1.638201
0.529437
0.726899
1.456574
0.236042
0.993875
0.302124
0.903259
0.403934
0.366550
0.190651
0.294470
0.422011
0.445675
0.993353
0.875661
0.042884
0.512910
0.593918
0.046023
0.768891
0.584829
0.408884
0.497603
0.274431
0.870522
0.393718
0.200730
0.554287
0.970330
0.196602
0.269285
0.603624
0.182603
0.228139
0.118557
0.272266
1.140781
0.319494
0.180576
0.279805
0.244830
0.553140
1.022827
0.453188
0.074384
1.377516
0.320045
0.118242
0.098280
0.715567
0.239774
0.421478
0.732913
0.004212
0.610831
0.370893
0.110017
0.275627
1.292721
0.789518
0.264816
0.279474
0.090283
0.399309
0.308055
0.608162
1.492178
0.066515
1.225926
0.881298
1.002138
0.028241
0.977514
-0.380438
-0.368222
-0.442470
-0.386304
-0.247788
-0.065626
-0.230372
-0.233200
-0.323790
-0.280930
-0.356940
-0.287348
-0.361333
-0.334093
-0.417312
-0.343775
-0.352442
-0.286260
-0.305367
-0.404529
-0.406933
-0.387320
-0.351751
-0.282784
-0.280376
-0.093661
-0.053951
-0.174428
-0.275873
-0.321944
-0.222954
-0.068286
-0.253787
-0.165516
-0.117644
-0.053235
-0.250754
-0.181399
-0.153442
-0.017380
-0.073399
-0.054782
-0.064389
-0.046580
-0.112879
-0.120504
-0.250824
-0.173885
-0.320498
-0.235417
-0.293024
0.106531
0.248642
-0.145764
-0.122550
-0.278896
-0.125896
-0.054897
-0.070893
-0.245773
-0.334993
-0.308521
-0.254347
-0.227909
-0.271834
-0.176284
-0.364444
-0.399724
-0.003835
-0.074242
-0.244468
-0.084992
-0.356311
-0.257346
-0.369353
-0.250391
-0.128393
-0.206433
-0.196770
-0.226175
-0.186825
-0.172808
-0.297547
-0.027888
0.005351
-0.219068
-0.200175
-0.041158
-0.044820
-0.146271
-0.222686
-0.212133
0.100128
0.195343
-0.114401
-0.163420
-0.336167
-0.122350
-0.253842
0.110396
-0.104326
-0.158988
-0.139537
-0.356468
-0.213483
0.045401
-0.060518
0.326057
-0.063932
-0.005285
0.076073
-0.068040
-0.117449
-0.013649
-0.084222
-0.216469
-0.216876
0.044751
-0.000531
0.116037
-0.366106
-0.123470
-0.131061
-0.341991
-0.186811
-0.089225
-0.057995
-0.099332
-0.146184
0.193126
0.242968
0.321007
-0.141373
-0.050580
-0.046467
-0.129299
-0.327160
-0.140844
-0.215322
-0.250259
-0.157587
-0.066097
-0.246514
-0.269227
-0.387530
-0.127147
-0.107322
-0.098026
-0.235447
-0.179649
-0.068779
-0.230356
-0.327816
-0.246551
-0.241635
-0.279758
-0.148000
-0.061241
-0.103900
-0.178266
-0.239743
-0.248292
-0.056273
-0.072909
-0.231046
-0.194823
0.358963
-0.083129
-0.227382
0.008661
0.205618
0.299929
0.037855
-0.062656
-0.027237
-0.257610
-0.030313
0.432929
0.080788
0.047332
-0.023996
-0.210098
-0.286864
-0.304445
-0.163715
-0.029983
-0.173497
-0.263928
-0.140064
-0.124006
-0.043225
-0.183603
-0.222299
-0.004745
-0.022345
-0.243352
-0.240929
-0.274774
0.036623
-0.071010
-0.093629
0.229762
-0.121969
-0.274023
-0.250421
-0.084323
-0.317184
-0.423443
-0.233599
-0.206645
-0.268202
-0.203445
-0.066208
-0.121581
-0.197753
-0.080018
-0.368159
-0.086832
-0.133527
-0.134781
-0.212929
-0.079290
-0.035146
-0.185102
-0.208751
-0.082325
-0.052869
-0.156645
-0.286046
-0.246151
-0.224113
-0.173097
-0.219173
-0.207731
0.118034
-0.197456
-0.163490
-0.214159
-0.124455
-0.334979
-0.254035
-0.252893
-0.267844
-0.282708
-0.208904
-0.145979
-0.132305
-0.106191
-0.327470
-0.224254
-0.102519
-0.220871
-0.160323
-0.282214
-0.380583
-0.422637
-0.334732
-0.168143
-0.109469
-0.172092
-0.280165
-0.370113
-0.218673
-0.261770
-0.419538
-0.102598
-0.248030
-0.137097
-0.126020
-0.099665
-0.216452
-0.110282
-0.138345
-0.262516
-0.385685
-0.202793
-0.063124
-0.016617
-0.007940
-0.103004
-0.126704
-0.100805
-0.234528
-0.254722
-0.301404
-0.261237
-0.144539
-0.109346
-0.266828
-0.244401
-0.146018
-0.222889
-0.272971
-0.245482
-0.121067
-0.280944
-0.150888
-0.024727
-0.290077
-0.041292
-0.165930
-0.252430
-0.043404
-0.072677
-0.127700
-0.223637
-0.118823
-0.026405
-0.046008
-0.195311
-0.241405
-0.266190
-0.194602
-0.110982
-0.310250
-0.214204
-0.100682
-0.116837
-0.138544
-0.114018
-0.281818
-0.040751
-0.283336
-0.177557
-0.065909
-0.114527
-0.049040
-0.304542
-0.080934
-0.121948
0.071091
-0.054928
-0.157162
-0.375006
-0.287202
-0.354734
-0.092377
0.015861
-0.096782
-0.198050
-0.038902
-0.028647
-0.297142
-0.214809
-0.155636
-0.006417
-0.227056
-0.222151
-0.208714
-0.237941
-0.258150
-0.323174
-0.192588
-0.192353
-0.051715
-0.189675
-0.092376
-0.063978
-0.311129
-0.202227
-0.286133
-0.237757
-0.215042
-0.267677
-0.358359
-0.196157
-0.360702
-0.343290
-0.306423
-0.082316
-0.161389
-0.296588
-0.193916
-0.163826
-0.217548
-0.236067
-0.215967
-0.175838
0.261625
-0.097925
-0.025871
-0.083368
-0.315029
-0.318474
-0.135794
0.392682
-0.168457
-0.209522
-0.369344
-0.192754
-0.141523
-0.241835
-0.020847
-0.153862
-0.256492
-0.189070
-0.167541
-0.201267
0.003847
0.025744
-0.000749
-0.283562
-0.214197
-0.293847
-0.267386
-0.146552
-0.107092
-0.213018
-0.348362
-0.105898
-0.183581
-0.123763
-0.340403
-0.281559
0.077219
-0.214688
-0.226390
0.259966
-0.151351
-0.367954
-0.317408
-0.150012
-0.174526
-0.241909
-0.145847
-0.222207
-0.258080
-0.236249
0.296610
-0.003648
-0.242822
-0.158743
-0.341245
-0.153289
-0.204908
-0.114803
-0.117592
-0.224592
-0.240926
-0.034864
-0.151140
-0.290555
-0.238927
-0.039480
-0.067624
-0.254514
-0.143065
0.277648
0.171993
-0.289629
-0.410834
-0.293796
-0.297293
-0.136788
-0.066834
-0.181635
-0.192284
-0.031796
-0.190982
-0.211526
-0.132125
-0.162684
-0.143964
-0.049498
-0.129044
-0.144079
-0.228541
-0.324927
-0.014199
-0.177248
-0.311148
-0.178310
-0.092979
-0.204532
-0.184642
-0.150487
-0.172235
-0.145087
-0.268953
-0.148752
-0.222370
-0.114250
-0.164660
-0.355893
-0.411142
-0.383581
-0.277214
-0.364945
-0.380454
-0.345894
-0.374385
-0.303789
-0.142048
-0.106934
-0.074976
-0.022237
-0.204181
-0.241366
-0.302923
-0.276270
-0.153848
-0.169335
-0.332494
0.665909
-0.341670
-0.203516
-0.132270
-0.270387
-0.271790
-0.248913
-0.090831
-0.120439
-0.282323
-0.213500
-0.150192
-0.203793
-0.095711
-0.137693
-0.094214
-0.115061
-0.062961
-0.128704
-0.073838
-0.210539
0.384535
0.065022
-0.154079
0.863207
-0.324216
-0.118373
-0.224228
-0.207140
-0.164367
-0.358069
-0.124024
-0.056504
-0.117708
0.194546
0.173843
-0.128358
-0.059384
-0.216515
-0.212577
-0.273777
-0.322668
-0.121204
-0.040718
-0.181079
-0.085716
-0.121699
-0.227679
-0.080110
-0.301566
-0.167607
-0.226586
-0.314988
-0.263058
-0.138745
-0.170757
-0.146565
-0.064607
0.300015
0.190689
-0.110713
-0.024583
-0.055107
-0.102988
-0.232433
-0.300811
-0.183360
0.177950
0.035032
-0.176347
-0.030934
-0.108684
-0.275791
-0.326926
-0.182287
0.520292
0.037077
-0.229611
-0.170599
-0.179343
-0.065177
0.142926
-0.212151
-0.160169
-0.203727
-0.254099
-0.190594
-0.099744
-0.002966
-0.045560
-0.086346
0.150083
-0.114943
-0.256742
-0.148682
-0.158210
-0.153652
-0.274745
-0.252796
-0.302656
-0.256075
-0.128992
-0.283973
-0.278530
-0.214218
-0.223686
-0.134739
-0.263482
-0.132106
-0.245226
-0.352215
-0.199504
-0.078153
-0.017895
-0.287177
-0.092739
-0.201520
-0.102662
-0.267255
0.099760
-0.037277
-0.266731
-0.026394
-0.036394
-0.077083
-0.147921
0.265906
-0.158162
-0.373270
-0.097225
-0.230857
-0.301360
-0.363079
-0.296226
-0.203083
-0.269447
-0.333009
-0.193754
-0.283312
-0.275775
-0.210506
-0.228093
-0.082695
0.065592
-0.108814
-0.319908
-0.359437
-0.231038
0.582846
0.006352
-0.020940
-0.036355
-0.313648
1.787446
1.806443
-0.110744
-0.330144
0.024520
-0.016889
-0.167167
-0.216377
-0.241641
-0.257114
-0.279202
-0.256828
-0.152110
-0.043735
-0.043156
0.236704
1.042869
1.123193
1.406830
1.385266
1.401858
1.402245
1.538705
1.387198
1.218741
1.129961
1.061796
1.219409
1.137666
1.306203
1.165256
1.271535
1.102544
1.121067
0.681239
0.753312
0.719578
1.035932
1.325470
1.229055
1.048335
1.451393
1.203319
1.699856
1.207408
1.386691
1.437742
1.446184
1.377812
1.482947
1.280392
1.501970
1.271006
1.294971
1.285236
1.212836
1.395607
1.396444
1.446309
1.026990
1.426169
1.162292
1.416718
1.159646
1.212674
1.460750
1.490201
1.502382
1.448869
1.514535
1.655977
1.367863
1.491171
1.307407
1.174550
1.182087
1.317807
1.126364
1.357657
1.189301
0.785257
1.399359
1.074695
1.176439
1.157679
1.172656
1.327513
1.016525
1.252648
1.476950
1.364089
1.410967
1.229630
1.307015
1.338115
1.192813
1.149876
1.160313
1.131445
1.092080
1.242905
1.353318
1.277050
1.170127
1.150664
1.267530
1.453015
1.438502
1.104706
1.150687
1.091749
1.057958
1.192329
1.320467
1.432214
1.110920
1.214272
1.217909
1.287478
1.260508
1.211638
1.082730
0.958057
1.269590
1.211821
1.500922
1.472466
1.381939
1.460259
1.490991
1.558473
1.413873
1.373337
1.393113
1.331000
1.142665
1.134232
1.294386
1.486246
1.546036
1.272044
1.201960
1.172779
1.202343
1.074201
1.320357
1.006480
1.293190
1.360658
1.235371
1.394639
1.442171
1.463368
1.675897
1.493977
1.551771
1.530356
1.275972
1.427270
0.936015
1.153825
1.371116
1.267608
1.284449
1.120050
1.035926
1.170285
1.196560
0.651993
0.927201
0.063666
1.100897
0.377071
1.312057
0.899046
1.452458
1.454638
1.384232
1.350329
1.275621
1.496858
1.551184
1.404455
1.165371
1.095973
1.274966
1.190940
1.269549
1.336884
1.227031
1.442486
1.189177
1.119247
0.586691
0.914128
0.658341
1.031753
1.087230
1.370314
1.344154
1.569084
1.433135
1.443061
1.468922
1.471399
1.450166
1.640694
1.035874
0.907585
1.081833
1.132732
1.116467
1.244543
1.190163
1.267835
1.404609
1.298510
1.063136
0.926730
1.086801
1.147341
1.357738
1.326773
1.659698
1.555085
1.510125
1.505057
1.485409
1.470607
1.622483
1.492264
1.320242
1.011831
1.280837
1.327873
1.282227
1.368673
1.145734
1.230415
1.401554
1.455503
1.531262
1.579634
1.562008
1.545944
1.648085
1.506585
1.727539
1.628484
1.719810
1.428296
1.483932
1.433478
1.422619
1.522994
1.162587
0.969676
1.393638
1.201525
1.523278
1.321400
1.430775
1.089827
1.386462
1.327223
1.409364
1.370373
1.258431
1.318492
1.129423
1.329641
1.254925
1.527012
1.350560
1.395941
1.440382
1.551651
1.496046
1.464491
1.094618
1.272010
1.453708
1.553932
1.524259
1.471601
1.407322
1.418444
1.356299
1.468519
1.365001
0.736918
1.198010
0.753586
1.253368
1.362546
1.253261
1.398798
1.263410
1.438446
1.322529
1.525113
1.462250
1.471176
1.091506
1.189634
1.351174
1.347824
1.404826
1.422488
1.409593
1.325526
1.544709
1.405540
1.617576
0.978318
1.102578
1.072358
1.278668
1.184855
1.573470
1.380434
1.565861
1.611038
1.583164
1.600262
1.435930
1.472563
1.034111
1.079859
1.336387
1.384551
1.379497
1.447301
1.595144
1.520964
1.606541
1.474163
1.378204
1.258180
1.243692
1.389697
1.581070
1.602012
1.597177
1.563079
1.612752
1.472977
1.261924
1.482133
1.215855
1.275371
1.102942
1.018872
1.199684
1.221315
1.360424
1.181909
1.558026
1.589534
1.453149
1.590024
1.410455
1.608793
1.378617
1.387233
1.534900
1.309000
1.668888
1.608116
1.560798
1.869135
1.612522
1.587499
1.475736
1.420640
0.960265
1.010718
1.240191
1.252883
1.635349
1.444578
1.447934
1.555003
1.411610
1.295723
1.411402
1.221559
1.589089
1.380218
1.443872
1.522194
1.316284
1.513126
1.271602
1.554104
1.411076
1.386775
1.263906
1.331635
1.096441
1.016023
1.387498
1.477618
1.488439
1.552391
1.349731
1.339725
1.130554
1.279229
1.300243
1.406657
1.625124
1.659688
1.747211
1.483890
1.696282
1.430968
1.403179
1.519521
1.321219
1.380627
1.189246
1.317198
1.099982
0.999002
1.217155
1.280203
1.551584
1.497422
1.395635
1.232359
1.212333
1.230251
1.445446
1.327328
1.590491
1.352141
1.473641
1.295473
1.288221
1.323818
1.410752
1.475791
1.268255
1.219934
1.342499
1.282722
1.282397
1.001610
1.151336
1.210076
1.342420
1.396671
1.458289
1.291340
1.354155
1.313517
1.467281
1.319881
1.321543
1.401220
1.316881
1.418650
1.530409
1.650654
1.594161
1.573952
1.380361
1.107157
1.335608
1.349947
1.069232
0.996466
1.232934
1.429793
1.546499
1.759463
1.739761
1.815573
1.403650
1.533715
1.173909
1.505111
1.073855
1.268365
1.162363
1.246759
1.208761
1.330531
1.339901
1.310280
1.394174
1.321801
1.293168
1.321591
1.074447
0.969004
1.066748
1.283825
1.347881
1.511204
1.664838
1.476718
1.664690
1.310287
1.472251
1.299531
1.250587
1.156958
1.146566
1.263235
1.302591
1.385569
1.277188
1.493265
1.417579
1.478226
1.459207
1.331474
1.067834
1.043759
1.330171
1.431779
1.514546
1.591618
0.706183
0.910170
0.359360
0.786593
1.299547
1.307909
1.262529
1.224569
1.259879
1.335279
1.282998
1.264990
1.183526
1.192511
1.345214
1.245944
1.351376
1.322097
1.095297
1.116566
1.390332
1.434152
1.359128
1.380637
1.046572
0.891643
1.041541
1.160347
1.364931
1.319216
1.329729
1.195708
1.492846
1.297842
1.620516
1.215002
1.013785
1.365053
0.897404
1.362206
1.471818
1.401913
1.321710
1.184838
1.302950
1.437697
1.251449
1.450332
1.198914
1.184013
1.041136
1.065846
1.366279
1.316645
1.464438
1.400591
1.252156
1.250903
1.399442
1.262628
1.357333
1.362187
1.376359
1.422889
1.287818
1.078871
1.088850
1.242943
1.320242
1.431743
1.287671
1.353635
1.403877
1.412208
1.310883
1.394309
1.234719
1.416938
1.494986
1.545303
1.609768
1.273904
1.477145
1.229652
1.314138
1.022527
1.226342
1.208806
1.283284
0.889893
0.899445
1.109113
0.842628
1.305674
1.324228
1.323510
1.544044
1.205456
1.382208
1.303612
1.262873
1.429435
1.465417
1.474385
1.503364
1.214554
1.507607
1.418795
1.615045
1.355436
1.579135
1.305595
1.466439
1.063675
0.818853
1.004454
1.126476
1.226078
1.199607
0.474355
1.221997
0.563066
1.518478
1.379628
1.657808
1.162413
1.284101
1.193222
1.181421
1.299701
1.287363
1.316752
1.482563
1.371844
1.614859
1.565200
1.366676
1.256192
0.853022
0.817988
0.856472
0.882299
0.894716
0.736227
0.723236
0.975756
0.994994
0.999279
0.981056
0.959390
0.859655
0.900103
0.935105
0.938597
0.972690
0.959388
1.008346
1.061479
1.078695
1.050405
0.948656
0.864433
0.853114
1.538919
0.169739
-0.072703
0.097256
-0.033139
0.519952
0.173539
-0.059457
-0.042827
-0.039013
0.372819
0.259597
-0.035350
-0.042033
-0.013636
0.298589
0.252092
-0.016255
0.774186
0.268188
-0.078444
0.741459
0.627525
-0.078532
-0.145635
-0.070697
0.089027
-0.007289
-0.013091
0.088875
0.051515
-0.040862
-0.044804
-0.001807
-0.014248
0.044178
0.044104
-0.036991
-0.017487
-0.037689
-0.048104
-0.022062
-0.063290
-0.024903
-0.028078
-0.075976
-0.073123
-0.070841
0.098406
-0.028474
-0.035697
-0.018118
-0.035567
-0.033885
-0.017816
-0.047901
0.509554
0.056908
-0.057744
-0.048518
-0.045123
-0.042198
-0.046589
-0.015875
-0.040641
0.812940
0.076379
-0.056053
-0.008453
-0.042234
-0.043392
-0.069524
-0.050337
0.030288
-0.009345
0.125516
-0.008577
-0.074674
-0.047132
-0.011267
-0.038870
-0.037487
-0.064512
-0.068092
-0.063428
-0.052381
0.470729
1.112885
0.159291
-0.142578
-0.054092
-0.040014
0.831180
0.111096
-0.056254
-0.011303
0.003096
-0.068430
-0.057027
-0.027924
-0.015682
-0.033387
0.006053
-0.023190
-0.074764
-0.042869
-0.043482
-0.034929
-0.005701
-0.026983
-0.080618
-0.126662
-0.103150
-0.043092
-0.016341
0.135894
-0.051060
0.862774
0.380953
-0.103872
-0.046844
-0.003144
0.167365
-0.057817
-0.073699
-0.057571
-0.064568
-0.053275
-0.020181
0.573680
1.390814
-0.002527
-0.053915
-0.010623
-0.044451
-0.009519
0.134362
-0.056151
-0.070053
-0.012365
0.771537
-0.036770
-0.059704
-0.074650
0.043564
0.096047
-0.017342
-0.054034
-0.064732
-0.054048
0.030262
-0.008165
-0.063713
-0.074680
-0.094651
-0.006911
-0.020715
0.172233
0.314425
-0.047013
-0.034405
-0.025995
-0.059453
-0.020043
0.255930
-0.060089
-0.134367
-0.066775
-0.054738
0.052918
-0.018665
-0.076155
-0.072198
0.062922
-0.044554
-0.035622
-0.028769
-0.035812
0.002015
0.048752
-0.047422
-0.051680
-0.019850
-0.009980
-0.063543
-0.047236
-0.006766
-0.026600
-0.077406
-0.060757
-0.021325
-0.043056
0.104250
-0.031287
-0.058167
0.130108
0.102285
-0.032715
0.351755
-0.005422
-0.047835
0.457504
-0.006459
-0.045042
0.094540
-0.001754
-0.044053
-0.045514
0.031210
-0.019725
-0.058787
-0.024726
0.027135
-0.031478
-0.067713
-0.057294
0.238318
-0.046508
-0.086161
-0.040944
0.059568
0.162137
-0.067322
-0.077611
-0.035918
0.342940
-0.010805
-0.076487
-0.042886
-0.039046
-0.044710
-0.009969
-0.032069
-0.041375
-0.001218
-0.010107
-0.066597
-0.028995
0.217159
-0.037201
-0.067144
-0.086843
-0.050820
-0.017193
-0.065373
-0.075379
-0.003279
0.011885
-0.022947
-0.101810
0.513692
1.873470
0.223344
-0.070217
0.146975
-0.060153
-0.070673
0.100853
0.008143
-0.046444
-0.030940
-0.018075
-0.023637
-0.062160
-0.003812
-0.045210
-0.057842
-0.035154
0.084905
-0.009815
-0.067533
-0.063140
-0.028615
-0.016710
-0.090248
-0.163946
-0.085057
-0.099123
-0.067930
-0.036347
0.200699
-0.059380
-0.069345
0.033208
-0.017050
-0.026439
-0.065743
-0.068736
-0.001190
-0.027464
-0.043285
0.389634
0.160340
-0.052805
-0.015337
-0.001296
0.079727
0.175800
0.040768
-0.057625
-0.066322
-0.054395
0.935111
0.660878
-0.088721
-0.017137
0.467670
1.579797
0.110160
-0.135785
0.221374
-0.024167
-0.034289
0.047084
0.210750
-0.050334
-0.097274
0.027863
0.646474
-0.021203
-0.102977
-0.089251
-0.014860
-0.022942
-0.065266
0.864686
-0.019474
1.221532
1.552007
-0.075234
-0.128806
-0.127632
-0.009901
0.049593
-0.004967
-0.038698
0.241079
-0.112079
-0.007461
-0.003398
-0.049128
-0.075630
-0.090904
-0.051581
0.259529
0.182377
-0.043659
-0.036943
-0.052480
-0.027594
-0.043645
-0.194658
-0.157095
-0.095238
-0.043365
-0.018754
-0.070302
0.237381
-0.035293
-0.102705
-0.032378
-0.037190
-0.014344
-0.028379
-0.023400
0.087150
0.118410
-0.024684
0.308194
0.218895
-0.052613
0.061967
-0.029368
-0.062997
-0.035587
-0.016195
-0.015648
-0.017049
-0.053858
-0.065742
-0.001067
-0.049560
-0.031898
-0.059848
0.257567
0.089929
-0.032615
-0.031297
-0.009837
-0.032187
-0.085258
0.276252
-0.044250
-0.114970
-0.076924
-0.055222
-0.034332
0.133342
-0.035095
-0.101873
-0.013125
-0.006340
-0.039938
-0.053872
-0.036986
-0.043453
-0.045330
-0.049077
0.157848
-0.000073
-0.068437
-0.032750
-0.057686
0.096594
0.335486
-0.026492
-0.049287
-0.030390
-0.031165
-0.018324
-0.003558
-0.065501
-0.033434
-0.006040
-0.068637
-0.036200
-0.009591
-0.053648
-0.034719
-0.047000
2.244486
0.697571
-0.034954
0.525932
0.125326
-0.088555
-0.032632
-0.022709
-0.068251
-0.020295
-0.010843
-0.043140
-0.015831
-0.044191
-0.017189
0.147607
-0.028038
-0.025002
-0.013842
-0.010297
-0.016614
-0.030357
-0.043924
0.439051
-0.145287
-0.102628
0.391708
-0.093752
-0.071094
0.132015
0.200500
-0.049874
-0.068150
-0.070860
-0.015638
-0.010220
-0.021854
-0.042192
-0.052309
-0.000724
0.135704
0.340133
-0.050942
-0.085887
-0.043724
1.828722
0.551146
-0.067902
-0.014119
-0.090174
-0.087162
0.128410
0.633805
-0.025878
-0.050067
-0.049870
-0.020578
-0.007558
-0.011123
0.119196
-0.044141
-0.080375
-0.057994
1.118433
0.168305
-0.097785
0.132957
-0.020322
-0.010019
-0.120583
-0.087020
-0.090949
-0.029795
-0.053455
-0.038733
-0.073168
-0.087277
-0.024924
-0.067350
-0.070386
-0.073578
-0.062989
-0.030191
-0.034883
-0.057596
-0.012780
0.334249
-0.089293
-0.101639
-0.017969
-0.025591
-0.046561
-0.053756
-0.035961
-0.043668
-0.018359
0.055235
-0.048276
-0.013701
0.588128
0.007120
-0.114557
-0.022172
-0.024143
-0.053373
-0.025902
-0.027444
0.336068
-0.009381
0.052009
-0.036835
-0.023469
-0.026852
-0.061194
-0.018557
0.032299
0.223714
0.320966
-0.010557
-0.036084
-0.063612
-0.080434
-0.030955
-0.059728
-0.040864
-0.027092
-0.028502
-0.041482
-0.028243
1.316350
0.488881
0.026482
0.146382
0.515839
0.392609
-0.092192
-0.022000
-0.031669
-0.051920
-0.017128
-0.005191
-0.049574
-0.044345
-0.050406
-0.049836
-0.066952
-0.029789
-0.060051
0.655158
0.084705
-0.022023
0.019125
0.002493
1.000292
0.666255
-0.155734
-0.090221
-0.061024
-0.028876
-0.061082
-0.052538
-0.040085
1.551020
2.326369
0.691091
-0.063390
-0.053407
-0.044338
-0.052724
-0.062972
-0.046463
-0.067262
-0.066590
0.471316
-0.048862
-0.080625
-0.073685
-0.147903
-0.094915
-0.018447
-0.033861
-0.067042
-0.030533
-0.043453
-0.036395
0.400679
-0.097678
-0.152878
-0.104723
-0.069696
-0.009674
-0.040432
-0.051584
-0.049190
-0.055710
-0.001184
-0.024199
0.208344
0.081487
-0.097817
-0.022747
0.063406
-0.014334
-0.070452
-0.034752
0.138169
-0.008125
-0.029870
-0.030916
0.052173
-0.039519
-0.076741
0.165288
0.128992
-0.065154
-0.063996
-0.021414
-0.041650
-0.011415
1.229767
2.392193
-0.016049
-0.105399
0.000321
-0.064684
-0.081982
-0.060242
-0.036740
-0.070178
-0.076153
0.480478
-0.010435
-0.106511
-0.024369
-0.033804
-0.091564
-0.064341
-0.052177
-0.081376
-0.039120
-0.058118
-0.078205
1.589283
2.824954
3.905662
5.933934
3.656366
1.957841
3.049099
4.330874
3.085488
2.750171
3.838190
3.067732
3.434339
2.028869
2.205926
2.665851
1.413331
1.312530
2.712872
3.841102
4.695910
4.433416
2.384462
2.747689
0.151221
-0.059842
-0.176740
-0.056178
2.034537
2.838200
0.965506
1.239321
0.502675
-0.074155
-0.030847
-0.010443
1.794241
1.328635
0.431719
0.721032
1.687208
-0.029185
-0.104686
-0.189161
-0.209403
1.060965
3.681214
1.936206
1.035275
2.195339
0.096026
-0.306363
-0.195611
-0.293741
-0.323029
-0.098224
-0.100774
0.026227
0.744020
-0.122525
-0.085092
0.217785
0.771190
0.646749
0.188604
1.773154
2.918532
2.598086
-0.093825
-0.228589
-0.150261
1.762604
-0.133463
-0.070949
1.854687
0.998492
3.390131
2.873018
1.223709
0.369367
1.815979
-0.068648
-0.073037
-0.086806
-0.038005
0.464400
-0.177211
-0.159062
-0.172598
-0.123868
-0.165987
0.228932
-0.004008
-0.308894
-0.182576
-0.004357
-0.035255
-0.247961
-0.083741
-0.095336
-0.309013
-0.144876
-0.118720
-0.191137
-0.130400
-0.145171
-0.107159
-0.100104
-0.053602
-0.161944
2.415894
3.369082
1.454806
-0.071739
-0.141059
-0.197402
1.579398
0.156719
-0.080532
-0.007172
-0.017467
-0.063850
-0.175614
1.142189
-0.087618
-0.192208
-0.094279
0.725249
1.020874
-0.063569
-0.047188
-0.112566
1.469871
0.758992
-0.207884
-0.021487
3.128451
2.333152
1.519371
-0.011489
2.433246
1.517648
1.660457
2.377789
-0.136007
-0.043882
-0.113201
-0.033825
2.022133
0.109323
-0.138150
-0.039306
1.328418
1.806858
3.664945
1.999236
-0.120784
1.617415
1.116726
-0.147603
-0.178255
-0.194870
0.227704
-0.044097
0.524609
1.199626
-0.359635
-0.043813
-0.031277
-0.128820
-0.156861
-0.228629
-0.222637
0.343611
0.244447
-0.029319
-0.210137
-0.189311
-0.264444
-0.228107
-0.097843
-0.172348
0.942860
1.240166
-0.124443
-0.209263
-0.169163
-0.077833
-0.145615
2.592718
2.975987
1.319893
0.292103
1.586696
1.327531
4.565876
2.043583
3.002031
-0.194764
-0.056846
0.920978
1.170212
2.080094
0.007486
0.414269
-0.019271
-0.038517
0.964319
1.584411
1.003460
-0.054561
0.408657
-0.179426
-0.237106
1.241127
3.791368
0.265208
-0.034193
-0.126191
-0.197360
-0.071582
-0.139534
2.364445
0.911342
4.032829
1.727093
-0.116310
-0.092095
-0.224580
-0.192830
-0.181156
-0.279713
1.234551
-0.031151
-0.023056
3.373042
2.436423
-0.039819
-0.155123
0.929612
0.165689
2.360941
0.449452
0.195570
1.074231
-0.133282
-0.247061
-0.189409
0.141617
2.089053
4.122355
3.867672
1.760998
1.083664
1.239510
0.915818
-0.053039
-0.020972
-0.122960
-0.379454
-0.064870
1.797030
-0.095711
-0.119658
-0.068685
-0.162651
-0.066544
-0.312180
1.285887
3.671172
2.685547
-0.134264
-0.224906
-0.248752
-0.207118
-0.264994
-0.118708
-0.231755
-0.398325
-0.340808
-0.120391
0.909934
-0.131182
-0.020569
-0.202911
-0.161815
-0.013279
0.786185
-0.176177
0.264816
-0.059180
0.235147
-0.031857
-0.008613
1.526482
1.335173
1.863067
-0.077400
-0.068892
-0.142829
0.028751
0.715171
0.656134
-0.073434
-0.213795
-0.075925
-0.035177
-0.208768
-0.139171
0.137037
1.474981
2.155858
-0.120543
-0.022007
1.536885
-0.166909
-0.379921
-0.186741
-0.137668
-0.347907
-0.201356
0.334561
2.526864
1.580631
-0.102194
-0.073085
1.889744
2.230746
0.674677
-0.107675
-0.022048
1.445659
1.144719
1.185371
1.026961
1.645091
-0.115557
-0.140782
0.677705
2.574447
0.039916
-0.014928
3.232061
3.478221
-0.028601
-0.147550
0.194956
1.862967
1.574260
1.088170
1.569752
-0.088019
2.449234
2.239627
0.283894
-0.005358
-0.344097
-0.373255
-0.070495
-0.058853
1.812562
-0.059157
-0.103290
-0.041913
3.081833
0.363652
-0.162325
-0.056336
0.837066
-0.184535
-0.075036
1.216643
-0.049483
-0.292567
-0.214638
-0.043183
-0.230489
-0.141575
-0.194264
0.511073
1.466971
-0.139900
-0.201429
5.917680
-0.172322
-0.113189
0.990781
-0.152877
-0.020685
-0.125958
-0.189400
-0.169039
-0.118513
-0.162052
-0.293923
-0.231104
0.827678
0.045316
-0.250864
-0.197531
-0.095625
1.900313
0.008323
-0.126456
-0.025766
0.918831
-0.104417
-0.016551
3.132137
-0.007081
-0.092215
-0.073197
-0.110531
-0.103331
-0.164965
-0.077413
1.202805
-0.004756
0.812387
0.690534
0.234747
3.806938
3.630574
1.276485
-0.027207
0.391596
-0.028327
-0.063762
-0.315802
-0.208757
-0.050555
-0.121276
-0.068971
-0.119542
-0.167553
-0.138203
-0.067724
2.127113
2.386634
-0.145091
-0.028587
2.486940
-0.103819
-0.306476
-0.343275
-0.190501
-0.115539
-0.136752
-0.198446
-0.036115
-0.066246
1.241120
1.908557
0.063627
1.073294
1.996949
-0.285227
-0.101108
0.781383
-0.014036
0.188460
-0.030437
0.336936
1.938184
-0.174903
-0.275808
0.833171
0.998491
-0.211119
-0.177249
0.414079
2.298101
1.367487
-0.046106
-0.003704
-0.066490
0.044434
-0.204271
-0.086489
0.622473
0.155598
-0.035387
-0.110449
0.171343
-0.013048
1.777967
0.339767
2.929209
2.511034
0.891958
-0.111898
2.020526
1.055863
-0.210804
-0.298114
-0.241879
-0.180162
-0.167444
-0.021417
0.957245
2.250167
0.253719
-0.083728
4.077826
0.169206
0.023202
-0.151684
-0.280802
-0.334999
-0.225318
-0.283186
-0.385020
-0.051726
-0.115323
-0.135781
-0.071073
0.633454
2.800934
2.528885
1.498640
-0.108334
-0.117120
-0.167268
-0.126634
-0.259336
-0.090015
-0.101047
2.069324
1.201016
0.975126
2.594886
-0.050168
-0.055191
-0.045592
-0.051248
-0.175078
-0.234072
-0.155319
0.676089
0.579799
-0.149771
-0.138977
-0.033188
0.484606
1.170847
-0.014146
-0.020632
0.777362
2.173171
-0.117651
-0.083317
-0.068818
0.828437
0.102139
-0.105103
0.518367
-0.072370
-0.052466
1.807435
1.120546
-0.023990
-0.055249
-0.301988
1.420750
0.875871
-0.203192
-0.135518
-0.118688
0.927271
-0.122563
-0.193275
-0.153563
-0.026928
-0.062052
0.124092
2.775758
-0.065630
0.423093
-0.134516
-0.037251
-0.096797
-0.023776
0.098892
-0.002361
-0.028075
3.787681
1.075521
-0.101712
3.536502
2.628596
-0.194210
-0.073225
0.641157
0.723994
-0.041461
0.159293
1.069111
-0.068454
-0.488014
-0.109775
-0.101335
0.963182
1.830234
1.965335
-0.030666
-0.036595
2.740977
2.802772
0.273026
-0.172182
0.477594
-0.017707
-0.148949
2.096983
1.112654
-0.056568
0.447502
2.221664
-0.070431
-0.206677
-0.049983
1.627054
-0.022194
-0.042266
-0.250763
-0.275264
-0.332835
-0.214465
0.577746
-0.196915
-0.134618
-0.083034
-0.044172
0.488679
-0.089067
0.134114
-0.093099
-0.108912
1.798356
-0.052265
1.525511
0.831056
4.638822
2.003254
0.324296
-0.148964
0.799035
2.487628
1.541547
2.792303
0.474686
-0.255450
-0.085835
-0.080251
-0.251491
-0.012429
1.657014
1.256419
0.707955
-0.191281
-0.318924
-0.304451
-0.278998
-0.250599
-0.338051
-0.263579
-0.220097
-0.140181
-0.100639
1.170037
-0.060004
0.653858
0.673906
0.323018
0.177398
0.776704
0.441340
0.215930
0.253408
0.000764
1.149359
0.833134
0.134631
0.585106
0.819053
0.840398
0.872862
0.405989
0.612393
0.324550
0.257329
0.239394
0.432483
0.196971
0.262859
0.914615
1.056959
1.169325
1.449263
0.262420
0.966362
0.855632
0.344644
2.257997
2.166904
0.600338
1.543163
0.032116
0.191083
0.034469
0.078081
0.089068
0.030615
0.604567
0.295076
0.535313
0.984010
0.710791
2.813312
0.364867
0.092508
0.054703
2.039151
1.679640
1.598228
0.329441
0.670523
0.376420
0.337482
0.129970
0.212635
0.144715
1.138446
1.813727
0.588401
1.736508
0.076931
0.778086
1.625846
1.202882
0.761477
1.612223
0.155687
1.154778
0.266141
1.925749
1.003051
3.171333
1.061648
1.740733
0.345153
0.274622
0.149563
0.711886
0.088465
0.349421
0.246621
0.128762
0.267224
0.679614
1.068211
0.681178
0.558264
0.989259
0.921066
0.022957
0.126570
0.749314
0.042056
0.259498
1.827627
1.059805
1.480300
0.925733
0.297397
0.705772
0.164504
0.919439
0.371136
0.455592
0.280795
0.692938
0.236336
0.285015
0.596735
0.228508
0.321366
1.258189
0.267942
0.130035
0.330975
0.121447
0.317702
1.800189
0.494169
0.084824
0.484505
0.193350
0.109571
0.900734
0.238939
0.253410
0.392805
0.430833
0.039138
1.853644
0.787964
0.777259
0.199564
1.424438
0.834684
0.460821
0.994563
1.445190
0.016310
0.046370
0.742689
0.382021
1.205130
0.253397
0.092427
0.148080
0.814449
0.306881
1.996612
1.150165
0.910942
0.510011
0.014246
0.140891
0.489926
0.179161
0.299160
0.504026
1.396798
2.420473
0.265003
0.414029
1.232727
0.290132
0.171700
0.697408
1.055279
0.424053
1.258856
0.471450
0.266028
0.172928
0.221811
1.059872
1.249158
1.136341
2.339809
1.105527
2.254911
1.201231
1.167957
2.057770
0.697681
0.150679
0.911470
0.981515
0.738774
0.533547
0.549471
0.814008
1.494004
0.181906
2.015354
0.738440
0.608513
0.059560
0.458211
0.378526
0.788730
0.829978
0.491342
1.714581
1.006428
1.865752
2.485835
0.526241
2.095068
0.841218
0.109720
0.778645
0.891657
0.145663
0.144155
1.029754
0.121919
1.632519
0.199252
1.239303
1.328244
0.412977
0.350308
0.011423
1.116549
0.257318
0.802820
0.925099
0.346041
0.157872
0.436323
0.792169
0.180248
0.013944
1.166252
0.937224
0.800776
0.262197
0.001175
0.522012
0.723729
0.784950
0.337881
0.116674
0.353584
1.064705
0.022386
0.477853
0.543758
0.027413
0.134477
0.090489
0.093334
0.152276
0.414096
0.260954
0.296923
1.850441
1.946587
2.493449
2.184689
0.642440
0.869047
0.295352
0.797940
0.090188
0.318961
0.246758
0.177267
0.074667
1.203192
1.268337
1.877423
1.757796
1.094610
2.089931
0.329035
0.437082
2.071008
0.805861
1.514073
1.121798
0.561386
2.793162
1.111684
0.452601
0.296654
0.638522
0.777950
1.501947
0.740999
2.641428
0.869245
0.793529
1.334870
0.896410
0.869580
1.198197
0.171658
0.240374
0.558128
1.571879
0.765493
0.838827
0.506114
0.274606
1.192742
0.978639
1.704973
1.903113
0.668472
0.826501
1.655164
1.685669
1.690122
0.207486
1.005067
1.561749
0.033375
2.323218
0.617858
0.069424
0.018655
0.165327
0.896566
0.573912
1.969569
2.303328
2.776488
0.840466
2.720229
1.658404
3.457580
0.671221
0.389240
1.291685
1.864646
0.464216
1.285570
1.114564
0.012448
0.514549
1.356350
0.840387
1.266426
0.386640
0.349927
0.169610
0.600583
1.155990
0.987389
1.520231
1.935360
2.691205
0.716836
1.638674
1.430358
1.414451
0.287992
0.910459
0.498456
1.526886
0.003460
0.480565
0.188339
1.456593
0.313858
1.466049
0.050019
1.322505
0.672085
0.680604
1.222658
0.530131
0.198114
0.225894
0.038942
0.701453
0.722009
0.206109
0.180382
0.417204
0.112049
1.293706
1.072123
0.191484
0.030762
0.179066
1.673812
0.769886
0.498768
0.195425
0.854313
1.502179
1.957013
2.092176
0.342700
0.472207
0.468867
0.361747
2.258348
1.182586
1.589179
1.414699
0.410640
0.406404
0.345493
1.478847
0.270649
1.263388
0.201609
1.679750
0.341388
1.836250
0.055594
0.067667
0.997489
1.462811
1.144683
2.630206
0.769124
0.352406
0.091447
1.301483
0.277629
1.099025
3.105555
1.778885
1.561442
1.567524
0.589171
0.525013
0.454086
0.162333
0.699806
2.092245
2.067927
1.678400
0.806067
0.515269
0.112061
0.363223
0.936898
0.029163
2.164861
1.539850
1.587970
0.396887
0.580981
1.324651
0.221825
1.704939
2.542330
0.306893
0.127307
0.076419
0.705872
0.458556
1.910092
1.310991
2.370224
2.018700
1.887351
2.337639
1.836237
0.629831
0.005431
0.820512
0.132498
1.188670
1.428283
0.968271
0.742045
0.375838
0.592810
0.030419
0.965458
0.881096
0.112105
0.284342
0.070302
0.525079
1.123984
0.489004
1.454946
0.768545
2.161171
2.476918
1.223003
3.162714
0.475779
1.566725
1.054861
1.183349
1.410053
2.350646
1.241859
0.633730
1.357845
0.388699
1.248579
0.518468
0.426282
0.201983
0.570425
0.288469
0.258277
0.171461
0.903804
0.062052
1.507880
0.266225
0.705863
0.047101
2.164746
0.714830
0.953398
1.471316
0.290018
0.305456
0.070658
1.097117
0.125866
1.016084
0.785671
0.017085
0.644432
1.605067
1.113653
2.171565
0.601547
0.084927
0.385612
0.592032
0.317074
0.063816
0.126813
0.140658
0.651431
0.409541
0.146035
0.358443
1.167810
0.043298
0.487702
0.268240
0.084721
1.302697
0.010695
0.975632
0.141797
0.526879
1.407185
0.881288
1.100432
0.058083
0.462146
0.507576
0.200944
0.310471
0.253514
0.392199
0.637668
0.313932
0.400742
0.557334
0.554735
0.093011
0.036986
0.114331
0.468245
0.783841
1.370623
0.598964
0.045645
1.188363
1.493312
2.134852
0.222323
0.365817
1.710217
0.027651
0.187099
0.102935
0.140767
1.310779
0.156465
1.214330
0.196194
0.374267
0.060932
0.173858
0.934486
0.165106
1.025270
0.818336
0.334008
0.359838
0.686911
1.839388
1.587335
0.487138
1.357973
0.679417
0.233784
1.890933
2.115277
1.861053
1.410737
0.033115
2.140992
0.540110
1.653880
0.511994
2.114150
0.097194
0.772371
1.283610
1.311125
0.225949
0.808278
0.458661
0.286073
0.923598
0.866841
1.658631
0.224914
1.090559
0.836988
1.093366
1.537389
2.666080
1.994193
2.210847
0.269742
1.976308
1.162934
2.064281
0.056063
2.673137
0.106814
0.124263
0.678475
1.470085
0.570759
0.013185
0.066305
0.511774
0.674133
0.210999
0.559445
0.071968
0.582884
0.312094
0.295979
0.863657
0.362188
0.772827
0.744428
0.112988
0.334244
0.015697
0.873584
0.625259
0.071606
0.095658
0.098242
0.511215
0.946081
0.857028
-1.079798
0.316109
0.347968
-0.231267
-1.286695
-1.045068
0.605980
-0.081327
0.627745
0.699352
-0.924480
-1.108461
-1.953655
-0.989921
-0.449040
0.119902
0.249961
-0.178060
0.648649
-0.061591
-0.040859
0.276058
0.021040
2.317556
1.408290
1.784462
-2.412279
2.587420
-1.164316
-0.020588
3.232643
-1.014363
-0.096498
-0.062730
-2.541936
3.139240
-1.096286
-0.063977
0.082164
1.073104
-0.088259
-2.001486
-2.482628
1.940319
-0.427652
0.729513
-1.461983
5.386549
1.313863
-1.574899
-0.366496
1.726916
0.176258
-0.074779
-3.067170
-0.873993
-0.372034
-2.156281
-0.438695
0.888366
2.154254
-0.157506
-0.042952
0.090212
-0.666704
2.969872
-1.042980
0.643854
-0.926323
0.807377
-0.036249
-2.806286
-0.700171
-2.325420
4.523533
0.013366
-0.950784
1.056771
-0.738955
-2.102598
1.886437
0.821297
0.826284
-1.044855
-1.677062
-2.465833
-1.712012
0.553517
-2.469447
1.971872
1.266511
-2.095896
-0.699637
0.584393
-0.340319
-0.235317
-0.332378
-1.790863
-0.344382
-1.141834
-0.630077
3.050324
0.541005
-1.654039
-1.020506
-1.305064
0.013226
-1.474626
-0.435806
0.877995
0.543496
-0.062198
-1.240562
-1.044241
-0.481993
-1.304103
0.483554
-3.593040
2.758939
0.978421
1.202434
2.428321
-0.975475
-1.714601
-2.555483
-0.588170
0.630425
0.708239
-0.198094
-0.410369
-1.490810
-0.895890
0.583163
-0.673294
-1.411068
-1.703739
-0.583414
0.634359
-0.224948
-1.799144
-0.884849
-0.702674
-1.649416
-0.646980
-0.563527
0.374557
-2.563281
3.138738
-0.168819
-0.365159
-1.361656
-0.158197
2.208337
4.166224
-0.747414
1.958303
-1.016253
0.456223
-1.345283
-0.657701
-1.249480
-0.358900
-1.519159
1.592972
-3.706130
1.691331
-3.363315
-0.736674
-0.852713
-0.877665
-0.105872
2.814858
-0.018127
0.501752
-1.293278
-2.939651
-1.547835
0.010968
0.936511
0.536942
1.636939
2.397114
1.162567
-0.391685
-0.031477
-0.808240
-1.003399
3.751531
-2.257836
-1.298927
2.402058
0.584577
3.033570
0.703655
-0.441798
-2.184397
-1.010962
-0.075219
3.459778
-1.286304
-2.557598
-1.538284
1.056623
-0.473877
-0.028043
-2.104477
-0.865095
-0.772223
1.263995
2.169673
-2.140089
-0.795405
3.033897
-1.626565
-2.811775
-0.926468
-0.800103
-0.561874
-0.392777
-0.379545
2.432184
-2.709586
-0.059233
2.625763
-0.502026
-1.954250
-1.917498
-3.554372
-2.232081
-2.532443
-1.904958
-1.129654
-1.143124
-3.773610
-0.589013
-1.818819
1.723264
1.006741
-0.829109
-0.476183
-0.758562
-2.578825
0.191053
-0.383510
-2.243684
-0.990820
0.600857
-1.599735
0.860915
-0.520480
-1.760833
0.628236
0.065823
0.405412
0.446170
-1.607053
-0.082642
-1.771684
-0.647908
-0.884921
-0.375074
-0.926318
1.513277
-0.178802
1.007589
-3.377813
2.076729
-1.682192
0.838243
1.431201
-1.897628
-0.292051
-0.098078
-0.717250
2.037724
-0.552210
-0.119419
-1.496672
1.046227
-2.822444
-1.060462
4.331100
-2.041266
-0.848800
-2.593458
0.774480
0.818155
-1.813599
2.336776
-1.511671
0.611262
-2.318552
3.825143
-1.869141
-0.418551
1.730811
-0.361720
-0.519367
0.887486
0.275503
-0.685599
-0.399934
-0.026704
0.315818
-1.005854
-1.119985
-1.760534
1.183639
-2.755007
3.244615
-1.369542
2.985949
1.561625
-1.962239
1.696071
-0.296457
-1.386710
0.171830
-1.690207
1.126958
0.446892
-2.106695
-0.205620
1.040497
-2.285203
-1.050098
-1.939878
0.485508
-0.166954
-0.647947
-0.960526
4.396082
-1.116934
-0.084981
-1.448869
5.594206
-0.211809
-2.095091
0.206732
2.127377
0.164298
-0.824193
-0.385529
-1.232967
-1.515979
1.538971
-0.618761
-1.523576
0.425152
1.467170
-3.211475
-1.714938
0.836025
-0.455240
-1.778603
-4.466241
-0.188375
-2.985149
-0.367195
-0.082655
2.245548
-0.515047
-1.847299
-2.275949
-0.768822
0.041117
-0.954313
-0.405381
-1.796911
-0.571469
-1.129988
-1.196687
0.576342
0.552576
-0.843015
-0.418704
-0.971012
-1.675299
0.445398
0.264110
-0.546142
-1.876070
-3.129106
-1.054698
1.102745
-0.235729
-0.576611
-1.121234
-1.198410
-0.445036
-1.402079
-0.456579
-0.942164
1.088002
-1.111180
0.518062
1.566512
-1.568701
1.232330
-2.149049
-1.004683
-0.743662
-0.107132
2.905698
-1.274375
1.706417
-0.884911
-1.722324
-0.128721
-0.600870
0.346368
-2.181765
1.587697
-2.309957
0.524504
-0.733863
0.815153
-2.174721
-1.056650
-0.565388
0.601014
-0.936484
0.564658
-0.137942
1.233691
-0.165154
-1.084107
-2.709230
1.365637
1.974907
2.055440
1.023585
0.905791
-2.522031
-0.581319
1.564125
-0.626382
1.060379
-1.814646
4.459517
-0.608352
-1.915765
-0.083039
-1.854934
-0.840942
-0.968870
0.964502
0.527232
1.243444
-1.084755
-2.985348
0.140639
3.270346
-3.339003
-2.124208
3.619781
0.897696
0.013034
-0.287242
3.386972
-1.774219
-0.006452
-2.289387
-0.500248
-0.295302
2.331330
3.194443
-1.874811
0.321026
-1.812803
-1.474521
-0.500500
1.636092
0.339782
0.997970
2.132191
-3.956319
-0.350437
1.527155
-0.563481
1.201652
-0.318941
-1.811175
-1.074171
0.661324
-1.621099
-1.138169
0.038968
-0.531281
-0.156711
2.674534
-0.937165
1.919233
1.536989
-2.108957
-2.369349
1.964159
0.588052
2.142341
-2.041011
-0.007520
-0.664174
1.595748
-2.865055
-0.048875
-0.988153
-0.239716
-0.351536
1.721999
-0.530111
1.798962
1.353879
-1.362439
-0.664627
-0.399828
0.106851
-1.264966
1.405363
2.807554
-1.700852
-0.890847
-2.908069
-0.348796
-2.147984
4.151496
-2.680709
1.007026
-1.448172
-2.065138
-0.547947
2.676614
0.052454
-2.664555
-0.798159
0.272655
-3.830192
-0.332521
-0.507653
-0.847169
-0.036040
-3.149920
-0.994782
0.890458
2.748696
-1.317372
0.059785
-0.332582
-0.125307
-1.984489
0.304698
-0.492265
3.589296
-0.662758
1.421386
-2.256281
-0.220127
0.637226
-0.155506
-1.267604
-1.847923
-0.258691
-1.211067
-1.077916
-0.407808
-0.800123
1.961703
-0.950458
-2.502611
-0.400606
-0.752617
0.727049
1.318945
-1.415815
1.875229
-2.389562
3.734249
2.561261
-0.507007
-0.078335
-0.408684
-2.052618
1.289361
0.106325
1.523181
-1.127114
-1.041539
0.924710
-2.230442
2.911449
0.027714
0.905994
-0.957424
-0.248737
-0.889594
-0.624179
-0.608012
0.814267
-0.355306
-0.551498
-0.951021
-0.622076
-0.718658
1.492131
1.484106
-1.749393
-0.511251
1.819491
0.216199
0.112715
1.220521
2.080384
-0.046829
-2.093700
0.122812
-0.449685
1.952149
1.853416
-0.312028
-0.503053
-1.739235
-0.649764
-0.181201
-1.340086
-1.825017
-0.755970
0.019922
-1.028084
-0.362138
5.065576
-1.137337
-0.279158
-2.422645
-0.158376
0.996479
2.114460
-1.049770
0.628008
-1.733648
0.285642
-2.263990
1.445512
-1.681346
-1.601459
-1.277674
-0.372831
-0.742853
1.047251
-0.954053
-0.009049
0.377035
-0.565656
-0.439852
0.978348
-0.770172
2.126860
-1.348667
0.044776
-1.073022
0.174280
2.655264
-1.397416
-0.204209
2.006511
-0.970135
-1.770247
2.201398
0.403591
-2.194078
0.255933
2.574584
-1.931059
3.355078
1.902936
2.680708
4.061502
3.808115
3.951155
4.547722
3.706164
4.118687
3.852787
2.881096
3.279293
2.985720
3.374006
3.069902
3.007969
2.876209
3.238449
3.022223
2.843228
3.347015
3.213867
3.993811
4.134249
2.647868
2.765254
3.721469
5.520788
5.199809
4.607704
5.767159
5.241109
4.859146
4.884878
4.308862
4.535989
4.650645
4.333395
4.785391
4.477789
4.687497
4.824913
5.062815
3.997268
4.395991
3.409819
4.613348
4.094326
3.034132
2.786453
3.828555
5.157008
5.784807
4.389393
4.642272
4.810397
4.120794
5.454177
5.330361
4.644265
5.144104
3.685673
4.492061
4.880493
4.494031
4.266936
4.456951
4.177229
5.643508
5.081450
4.767802
4.740520
2.929618
3.049019
3.553611
5.047677
4.996276
4.684718
4.986742
5.299998
4.138383
5.264979
4.065675
4.370039
4.945500
4.870212
4.944726
5.340431
4.681194
4.436364
4.622615
4.031408
5.757017
4.901165
5.205695
5.268586
2.819102
3.470480
3.297781
5.851892
4.518253
4.263920
4.154165
3.788727
4.049031
4.654264
3.741399
4.778475
4.736904
4.953793
5.231600
5.247317
4.281105
5.477634
5.223467
5.252013
5.883953
4.391893
5.557848
4.812081
3.187996
2.776123
3.135906
5.436933
4.672271
4.537412
4.020953
3.323425
4.235519
4.543176
4.476796
3.802298
5.040143
4.580662
5.731132
5.235027
5.060548
5.448378
5.914096
4.949293
5.434506
5.074238
5.722876
5.461026
3.745651
3.054836
3.091309
5.503670
4.285429
4.305286
4.545682
4.031597
3.946999
3.413425
4.701999
3.198592
4.634475
4.125927
4.584446
4.557765
5.039670
4.326641
6.020893
4.005582
5.458261
5.157653
5.004662
5.955198
3.093420
3.279824
3.113005
5.372206
4.271111
4.163371
4.791761
5.027365
5.457638
4.039891
4.351496
3.304156
3.634399
3.139004
4.248145
3.379967
4.005847
4.057600
5.081296
4.173131
5.037874
5.767697
5.312365
6.727179
3.015267
2.355243
2.282372
4.415123
4.283944
5.031109
4.578641
5.522264
5.137889
4.778860
3.954631
4.376499
3.772643
3.474667
4.432914
4.414886
4.483622
4.546916
4.795721
5.502244
5.436339
5.282824
4.877567
6.362394
2.649541
2.566738
3.059418
4.452738
3.960157
4.835962
3.571832
5.033844
4.999443
4.867414
4.776368
4.748009
4.401468
4.039325
4.350224
3.697872
5.605221
4.555668
5.291009
5.107639
4.906078
4.799012
5.465219
5.222164
2.553549
2.979728
3.709307
5.152484
4.970646
5.063735
4.134927
4.512240
4.276136
5.051065
5.581741
6.305441
5.989538
5.878334
5.488300
4.407289
5.326465
5.422636
5.883737
5.489551
4.984536
4.297400
4.737071
4.251932
2.691362
2.428592
3.405978
4.485795
5.044251
5.045891
5.859913
5.166054
5.033084
4.063028
3.757888
4.074017
3.156644
3.793917
4.344522
4.518527
4.711987
5.144464
4.445235
5.142715
4.600164
4.532441
5.041265
5.121926
3.254343
2.358691
3.332169
4.309879
4.514913
4.324148
5.103623
5.114003
5.860449
5.097940
5.346293
4.473002
3.850289
3.313506
4.990454
4.516364
5.328850
5.279881
4.923615
5.963298
5.080299
5.151369
5.265588
5.268111
2.939997
2.146155
2.880501
3.892654
3.684400
3.937647
4.777635
4.233170
5.411180
4.742796
5.012297
4.827413
5.070379
4.099336
4.920824
4.556255
6.098968
5.777782
6.439854
6.021216
6.013933
5.072104
4.954328
4.818105
2.280339
2.627847
3.160561
4.731975
4.078048
4.810934
5.117075
5.244778
5.757495
6.107465
4.746292
5.584506
4.932850
5.370255
4.836922
4.614833
5.453188
5.245214
6.404016
5.970034
5.587856
5.503885
3.824867
4.820236
2.665551
2.426757
3.052186
4.387178
4.218542
4.520569
5.072911
5.116061
5.219660
5.722062
4.818116
5.729553
4.503435
4.591910
4.425700
4.170776
4.818163
4.963746
4.960508
6.609228
5.835187
6.806901
4.762268
4.701691
2.321437
2.487111
3.310605
4.638558
5.102664
4.878967
5.065982
4.697246
4.143456
3.909062
4.686593
4.615495
5.170477
4.734574
5.215203
4.776364
4.692179
4.724226
4.243454
5.118559
4.053124
5.064586
5.152525
5.095309
2.866878
2.532866
3.541646
4.592556
4.440659
4.370215
4.065920
4.168497
4.167700
4.049272
4.528337
4.813021
5.461622
5.021819
5.258087
4.860953
5.277061
4.469254
4.740121
5.656799
4.473355
4.857669
4.301279
5.053319
3.044719
1.586287
2.896875
3.828897
4.169771
4.815273
5.060370
5.178610
5.174679
4.847308
4.583897
4.316655
4.786180
3.948129
4.321515
4.336425
5.294009
5.861596
5.170602
5.395578
3.787968
4.004245
4.220543
4.851064
2.855193
1.956691
3.457448
3.850581
4.306847
4.640006
4.672667
4.955717
4.623347
4.425795
4.264099
3.569075
3.969027
4.037243
4.132386
4.801878
5.651451
6.248855
5.809855
5.137144
5.034685
4.192081
5.574994
4.707834
2.596684
2.158933
3.465989
4.270060
4.812945
5.059290
4.914228
5.602808
4.582961
4.973272
4.100139
4.206379
3.575513
3.648048
4.255836
4.848640
5.097345
5.055155
4.539402
4.803093
5.560001
4.795050
4.971441
4.604521
2.162159
2.222541
2.753870
4.369674
4.407072
4.735621
4.477294
3.943696
4.622150
4.616787
4.846155
5.696665
4.700107
4.609319
4.636906
5.331848
4.864870
4.920730
4.716901
4.663587
5.571271
4.685122
5.246522
4.911736
2.584122
2.441691
3.795762
4.297938
5.455292
4.402897
4.050653
3.390174
3.619576
4.621572
4.497348
5.716708
5.020713
5.185868
4.610714
5.062364
4.646161
4.908681
4.079623
4.523474
4.801207
4.303589
5.314505
4.473412
2.801145
2.133872
4.008790
4.201897
5.247015
4.704472
4.106291
5.008727
4.847515
4.622724
4.878662
5.075947
4.528790
4.561006
4.965213
4.246067
5.311307
4.770858
5.172601
5.941231
4.139950
5.789106
5.464768
5.337968
3.287053
2.360185
4.076872
4.791494
5.510334
5.508203
4.283152
5.001226
4.745882
4.884592
5.017970
4.787583
4.731002
4.145037
4.702173
4.402122
4.559777
4.364244
5.171621
5.162631
4.283893
5.552781
5.167011
4.784485
2.992759
2.993582
3.338660
5.367595
4.952467
5.257072
4.994183
4.376506
3.910464
4.186004
3.724973
4.162593
4.720823
4.923305
5.333255
5.043940
5.204182
3.973771
5.545808
4.193164
5.356775
5.333418
6.266668
5.299605
3.786460
2.769767
2.476186
5.098650
4.403444
4.183835
4.680720
3.645491
4.412886
3.747525
4.232126
5.011095
4.970492
4.974082
4.660664
4.089778
5.266030
4.068747
5.530829
5.114737
5.512443
5.062714
5.273773
5.145336
2.982404
2.102262
2.683708
3.828312
3.530468
2.938374
3.519912
2.828210
4.181654
3.966270
3.765752
3.933740
3.791019
3.135750
3.007566
2.298585
3.072944
3.036850
3.570350
3.742419
3.780167
4.523183
3.715336
4.641737
1.577969
0.115005
0.406407
0.490515
0.219510
0.226485
0.197914
0.512706
-0.031275
-0.165554
0.795669
-0.526942
0.950893
-0.138571
0.411011
-0.468131
0.492663
0.074003
-0.387642
-0.046584
0.697901
0.118870
0.459190
0.211083
0.866756
0.117295
0.542663
-0.567687
0.468515
0.535680
0.426556
0.428955
0.146300
-0.735749
1.155843
-0.309189
1.171717
0.131237
-0.234812
0.249752
0.473531
-0.371429
0.002312
0.073423
0.344566
-0.037754
0.794956
0.170408
0.931599
0.509586
0.454348
-1.026586
0.520994
0.526259
-0.530683
0.877366
-0.496645
-0.257617
0.835332
-0.798916
0.388655
0.707349
0.021713
0.447374
0.536899
-0.077276
0.654541
0.559005
-0.372662
0.436406
0.366130
0.618207
0.880954
0.774152
0.247864
-0.728593
0.740833
0.909274
-0.110672
0.760909
0.144802
-0.257309
0.493876
-0.619104
-0.506611
0.036496
-0.860915
0.686395
-0.231682
-0.556514
0.812833
0.036870
-0.246349
-0.795905
0.569876
0.126085
0.614562
0.759281
0.265484
-0.085329
0.527724
0.586449
0.015393
0.540902
0.141960
-1.393504
0.053505
-0.997444
-0.190654
-0.115886
-0.369114
0.150162
-0.108373
-1.057064
1.592556
-0.955226
-0.047508
-1.392963
1.108081
0.314051
1.054538
0.577158
-0.085171
0.549146
0.272453
-0.281406
0.361632
0.277313
0.060525
-1.426594
-0.139241
-0.480920
0.400941
-0.960914
1.028804
0.881811
0.547173
-0.259076
1.579507
-0.121249
0.227909
-0.986868
0.997106
-0.196252
1.191310
-0.142734
-0.405695
0.911141
0.433605
-1.103973
-0.218690
0.592253
-0.766936
-1.097224
0.426722
0.638595
0.675117
-0.668823
0.877897
-0.146265
0.088040
0.480028
0.340638
0.198920
0.736086
-0.105061
-0.201502
1.041879
0.430693
-0.768031
0.067706
-0.214983
0.420833
-0.893029
0.132840
0.161264
-0.621112
-1.513257
-0.112793
-0.001401
0.391029
-0.389809
1.132469
0.020577
0.641984
-0.074224
0.247826
-0.164222
0.479798
0.535304
-0.283622
0.497500
1.076209
-0.129836
0.579901
0.299376
0.992047
0.038808
-0.335015
-0.050542
0.194370
-1.004946
0.343422
0.075920
0.819635
-0.088661
0.672188
0.080729
0.652802
0.009957
0.120096
0.087431
0.193981
0.472081
-0.231892
0.236691
1.255814
0.203221
0.160392
0.509417
0.490394
0.078183
-0.345423
0.208932
0.969703
-0.145415
0.056197
0.119527
0.922220
-0.384751
0.696102
0.260312
0.217096
0.288724
-0.191529
-0.114854
0.839347
0.410833
0.241981
0.507273
0.708856
0.076734
0.125175
0.581414
0.385075
-0.286233
-0.358736
0.391082
0.311568
0.406049
-0.341376
0.540293
-0.105198
0.394936
0.062572
0.857524
0.185681
-0.264677
0.569129
-0.851620
0.826795
-0.024438
-0.105457
0.763295
0.912589
-0.482824
0.798876
-0.633430
0.768599
-0.316911
-0.594651
0.544780
-0.068187
0.106584
-0.134927
-0.213773
0.704180
-0.517139
0.538900
0.243772
-0.136189
0.587065
0.289827
-0.084481
1.155455
0.548505
-0.229080
1.052112
0.360306
-0.336334
0.563261
-0.167498
0.464834
0.405824
0.545663
0.224326
0.678568
-0.148475
1.030245
-0.832558
0.995807
-1.290799
0.787091
0.267354
-0.645110
0.846326
-0.994866
0.571539
-0.262395
0.415120
-0.035525
0.567318
0.977947
0.096703
0.363190
0.627257
-0.263000
0.623576
0.336952
0.191234
0.512467
-1.502811
1.272036
-0.676155
-0.056914
-0.077019
0.022384
0.554877
-0.555102
0.997955
-0.632347
0.858186
-0.626451
1.288846
-0.255317
0.414059
0.838405
0.013207
0.765291
0.307739
0.070317
0.355001
0.529148
0.036081
0.260301
-0.913949
1.445977
-0.291172
0.475883
-0.202976
0.679347
0.640488
0.050151
0.362625
-0.280382
0.361842
0.016213
0.779567
0.368956
0.857998
0.773392
-0.168926
0.893169
0.160715
0.505814
0.260731
0.678793
0.177601
0.322445
-0.786631
0.944904
-0.170890
0.969165
-0.546813
0.413093
0.081843
0.348408
0.165188
-1.398635
0.035604
-0.065875
-0.743677
0.560704
-0.153729
0.996025
-0.465637
0.849153
0.021606
0.655750
0.017202
-0.095817
0.088672
0.081512
-0.645127
0.008777
0.343364
0.752380
-1.290963
0.290588
0.142039
-0.192494
0.403959
-1.147041
0.800844
-0.279552
0.256064
0.471779
0.623632
0.608953
-0.585814
0.935188
0.430343
0.004293
0.285712
-0.405319
0.350668
-0.014870
-0.612063
0.719489
0.180301
0.822346
-0.690302
1.110173
-0.173558
-0.045613
1.389787
0.001731
0.710432
-0.868784
0.392160
0.100717
-0.284613
1.345400
-0.349084
0.739557
0.495511
-0.118511
0.509678
0.102568
-0.012449
0.670231
0.091355
0.393158
0.929298
-0.215480
-0.209637
1.274152
0.039211
0.008762
0.652731
0.046753
0.436382
-0.641994
0.050277
1.690076
-0.333416
1.202126
-0.183505
0.955768
-0.202182
0.837316
0.076666
0.359208
-0.500188
1.056256
-0.215479
-0.001013
0.571799
-0.539656
0.491555
-0.084134
-0.113513
0.408324
0.997745
-0.228387
0.387117
-0.641025
0.118586
0.778264
0.168200
0.859961
-0.094757
0.649048
0.252342
0.867454
0.145963
-0.216257
0.045029
0.704581
0.504447
-0.283141
0.923917
-0.585941
0.236638
-0.120538
0.313795
-0.123003
0.316874
-0.178578
0.737185
0.026250
0.097720
0.909927
0.686598
0.849208
0.240154
-0.551005
1.154948
-0.570102
0.750904
-0.960823
0.758056
0.366463
0.117188
-0.478301
0.920539
-0.824147
0.623415
-0.460261
0.786453
0.235883
0.152764
-0.592323
1.023092
-0.418290
-0.318318
0.166552
-0.029090
0.620238
0.573188
-0.120584
1.009709
0.277411
0.416349
-0.873040
0.125175
0.368653
-2.041046
1.256738
-0.401577
-1.486117
0.965467
-0.024982
0.490743
0.630992
-0.316329
-0.009428
0.796940
0.385968
0.190958
0.657227
0.783117
0.983730
0.457221
0.164078
0.087026
0.834650
0.140334
-0.278133
-0.599102
-0.845411
-1.284768
1.217114
-1.069246
-0.408704
0.793346
0.142177
-0.063776
0.660807
-0.437540
-0.687172
1.230734
-0.141124
-0.111865
0.434506
0.354907
0.916384
0.229203
-0.117710
0.304622
0.185454
-0.156768
0.577849
0.002878
-0.619996
0.747896
0.250677
0.382175
0.163320
0.607559
0.518411
0.198045
0.562304
-0.131495
-0.717443
1.060837
0.404342
0.209573
-0.178261
0.653477
0.614412
-0.021374
-0.149399
0.481634
-0.042829
0.258456
0.506278
0.063970
-0.192419
1.147910
-0.161654
0.646503
0.097487
0.641734
0.182259
0.336785
0.259436
0.786422
-0.355718
0.682027
0.086825
0.070183
-0.937851
0.353699
1.164492
-0.186894
0.089752
-0.306103
-0.325158
-0.769594
1.283445
-0.420898
0.421769
0.674306
0.326011
0.531072
-0.203212
0.902650
0.613793
0.610171
-0.168565
0.846220
0.185913
0.170953
0.576017
-0.704847
-0.231662
-0.039861
1.268125
0.243279
0.598137
-0.020610
0.734079
-0.415496
1.084848
-0.740192
1.034740
-0.187343
0.250078
0.716076
-0.209644
0.990070
0.263263
0.722961
0.148077
0.607705
0.675218
-0.066294
0.425305
-0.213105
0.094814
0.921346
0.792860
0.761183
1.600549
2.552098
2.706527
0.601324
0.875363
0.262259
0.625857
0.260758
1.129226
2.232227
0.112850
0.057016
0.609409
0.386280
0.437371
0.216441
0.536452
0.985310
1.607875
1.187511
0.125589
0.084752
0.895459
0.309401
1.058900
1.866034
0.293438
0.441880
0.084026
0.768964
0.211554
0.193222
1.137570
1.408635
0.464825
0.482573
0.711627
0.646363
0.285477
0.373467
1.424618
0.555185
0.856724
0.307200
0.113194
1.045828
0.650498
0.394321
0.342795
1.736609
3.416814
1.134943
0.617395
0.124337
0.365398
0.592144
0.288374
0.791870
0.320233
0.426575
0.188648
0.066227
0.123157
0.656443
1.716990
0.240791
0.643542
0.424510
0.529990
0.441995
0.016137
0.408823
0.502691
2.635709
0.652532
0.438942
0.582803
0.208918
0.462993
0.590597
0.106671
0.372656
0.599761
0.321355
0.919809
0.227863
0.039250
0.973049
1.242683
0.222014
0.040706
2.465244
1.432680
0.874393
0.077807
1.891588
1.778922
0.127870
0.471544
1.028524
0.852711
0.027339
1.435113
0.280349
0.376472
0.484442
1.326501
0.035984
1.212900
0.361981
0.332826
1.533369
2.353143
0.492828
0.300842
1.280444
0.182277
0.203129
0.773319
1.481828
0.675497
0.349237
0.245134
0.534072
1.032858
0.387914
0.104946
0.779913
0.036191
0.054757
1.310554
1.594165
0.742235
0.316888
0.534281
1.823630
0.371427
0.370881
1.546026
0.126543
0.055497
1.193445
0.055250
1.209378
2.765624
1.987314
0.295191
0.117653
1.188842
0.065632
0.036991
0.559896
0.047498
0.290585
1.610216
1.317127
0.089759
0.048416
0.114720
0.893240
0.035378
0.065064
0.475834
0.286306
0.702813
0.229876
0.482815
2.578552
1.209558
0.279085
0.690735
0.245122
0.826891
0.378060
0.411475
0.325958
1.570355
0.587042
0.197809
0.302204
0.513867
0.391794
0.310953
0.856839
0.414810
0.691312
0.492061
1.205500
0.838878
0.675435
0.165002
2.957652
0.277570
0.795967
0.004582
1.927843
1.869935
0.023491
0.139815
1.026451
1.467394
0.146051
0.449236
0.280126
0.132332
0.688584
0.689106
0.014197
0.453408
0.328437
0.930811
1.507175
0.747763
0.785821
0.191742
2.361777
0.102331
0.437984
1.973163
0.152356
0.207395
0.921892
0.731854
0.715210
0.283676
0.324439
1.492866
0.695420
0.189723
0.044002
0.433215
0.596251
0.584497
0.469581
0.226461
0.127252
0.640426
2.016879
0.539067
1.535610
0.246032
0.120341
0.009916
0.863012
0.307202
1.502154
1.150481
0.269180
0.253415
0.163787
0.344804
0.067399
0.466953
0.567689
0.296605
1.559068
0.258677
0.249560
0.417701
0.012601
2.532404
0.980633
0.684807
0.967422
0.501130
0.124753
0.331385
0.922930
0.009158
0.091732
0.284443
1.425120
1.424195
0.253149
0.031722
0.910236
0.284519
0.284906
0.411492
0.944492
0.125160
0.019217
0.139064
0.114689
1.437946
0.562995
0.478177
1.327613
1.237615
0.088061
0.646800
1.598532
0.377910
0.110337
1.629561
1.160886
0.380884
0.095491
0.004587
0.218935
0.083692
0.408451
0.944361
0.428882
0.501800
1.610128
0.045761
0.169619
0.207672
0.855254
0.008759
3.106938
1.865496
0.147247
0.103594
2.064713
0.703839
0.740270
1.852533
0.888932
0.391523
0.146284
1.388454
0.490825
0.660069
0.219016
1.214639
0.234940
1.276099
2.105799
0.054018
0.199645
0.518573
1.218463
0.160435
1.531134
0.002754
0.208589
0.114808
0.340850
0.533855
0.217336
0.309286
0.603470
0.734219
0.252102
0.939369
0.293719
0.004723
0.965005
0.640277
0.325995
1.358839
1.397022
0.366741
0.350011
0.069099
0.133379
0.115359
1.400287
0.501123
0.100755
0.608179
0.112845
0.236424
0.745189
0.569552
0.936019
0.682555
0.052603
2.026065
0.242650
0.046003
1.636471
1.310714
1.047311
0.108250
0.041518
0.163090
0.786429
0.071067
1.017621
0.063820
2.275134
0.318491
0.305111
0.006702
0.161050
1.203826
2.045838
0.448978
0.099523
0.236983
0.602182
1.618598
0.589192
0.642074
1.024525
0.993887
0.328797
0.285323
0.287893
0.073806
1.477489
0.051058
0.038497
0.229550
1.233773
0.010005
0.170597
2.795213
0.087615
0.096718
1.058392
0.838934
0.204442
0.574116
1.333154
1.050928
0.843981
1.008396
0.622467
0.482050
0.397382
0.219748
0.822839
1.106681
0.026908
0.243567
0.261753
0.036407
1.789217
0.194518
0.100024
1.925666
0.190758
0.528771
0.002504
0.359207
0.015558
0.322809
1.093532
0.191508
0.577639
0.131991
0.400220
1.078009
0.685251
0.473295
1.021073
0.253935
0.191162
1.502954
0.910129
0.315783
2.122108
0.888238
0.586033
1.380358
1.197722
0.100807
0.058966
0.170520
0.010566
0.027909
0.210642
0.965162
0.331593
0.182896
0.670528
0.404524
0.194468
0.089538
1.248519
1.042308
0.442008
0.872244
0.247957
0.047671
1.228007
0.938709
0.475734
0.043521
1.184951
0.860149
0.353027
0.158889
0.054822
0.322309
0.794658
1.304904
0.303691
0.117334
0.171927
0.605450
1.014101
0.873709
0.624207
0.553089
1.383052
0.343237
0.132273
0.176748
1.396102
2.116930
0.507728
0.443046
1.469992
1.320799
0.364476
0.388054
1.103502
2.904857
0.541685
0.488495
0.330209
0.303072
0.721989
0.033733
0.008952
1.748484
1.236045
1.133775
0.525206
0.554589
1.573479
0.181589
1.809813
1.593817
0.252417
0.307715
0.509457
1.558643
0.123194
0.375351
2.381826
3.272758
0.710556
0.840491
0.923116
0.082402
0.008122
0.320736
0.232871
2.385096
2.248664
0.164718
0.239937
0.116039
1.115209
0.421387
2.174073
0.783267
0.238718
0.441238
0.126442
1.464298
0.454839
0.438250
1.131382
1.712056
0.258705
0.420554
0.747366
0.982961
0.611875
0.072595
0.215283
1.528221
2.184266
0.183410
0.470264
0.083355
0.922736
0.361873
1.770809
0.771198
0.004453
0.242859
0.406386
1.974966
0.314664
0.001344
0.243994
0.920507
0.886444
0.689381
0.127949
1.805541
0.436588
1.551336
0.166026
0.283200
0.840401
0.421961
0.082419
1.154515
1.198188
0.695276
2.468753
0.455828
0.801429
0.132422
1.302590
1.528122
0.542028
0.270876
0.560546
0.855471
0.513604
0.746860
0.134216
0.178873
0.662424
0.656623
0.281863
0.783963
1.359423
0.348583
0.933802
1.179776
0.419204
0.611894
1.518170
0.094932
0.130917
1.078579
1.005039
0.887122
0.496213
0.565103
2.316615
0.957468
0.899670
1.338657
1.024187
0.052897
0.110587
0.218978
0.657260
1.368604
0.302227
0.197221
0.578715
0.341218
0.451112
0.369414
1.270207
0.119122
0.283527
0.786903
0.502964
0.020146
0.008767
0.343350
1.251810
0.961958
0.924001
1.057889
1.304493
0.431809
0.311672
0.128147
0.700648
1.449462
0.236245
0.302482
0.589759
0.466802
0.048948
0.194166
0.025207
0.007940
0.251560
2.192984
2.810948
1.446114
0.052091
0.238559
1.256012
1.863588
0.766748
0.147517
1.460535
2.348760
1.347329
0.000267
0.319436
0.137956
1.616716
0.718405
0.066315
0.219787
0.401646
0.088566
1.556152
1.102556
0.300946
1.019711
0.817530
0.020862
1.424161
0.262664
0.590004
0.687597
0.076566
0.434016
0.705615
0.749751
3.010300
3.946735
3.117470
1.737511
0.015956
1.977471
1.053966
0.407097
1.057998
0.363570
0.003326
0.801410
1.269991
2.428981
2.695923
0.177559
0.155663
1.541034
0.514441
1.093665
0.395084
0.088508
0.046623
0.440361
0.812135
0.460846
0.767870
0.077615
0.316633
0.213834
0.516622
0.069739
0.716717
0.300605
0.273143
0.060027
0.076334
0.318986
0.293055
0.311315
0.025528
0.008071
0.415538
0.102282
0.178385
1.162864
1.511720
0.216437
0.471386
0.713559
0.634312
0.189828
0.396181
0.304629
0.346805
0.029671
0.006638
0.573193
0.602121
0.221639
0.635931
0.124449
1.476600
0.609406
0.470795
0.255442
0.404125
0.501367
0.104742
0.966840
0.179653
1.188363
2.764225
1.344532
0.040148
0.319468
0.580683
0.400432
0.360780
0.365308
0.424518
0.585701
0.058806
0.006872
0.412131
0.376193
0.087978
0.114788
0.098466
0.281262
3.138256
3.368640
2.075313
1.321820
0.047770
0.047605
1.048670
2.078822
0.512907
2.095326
1.237916
0.443400
2.390572
0.998899
0.618628
0.243447
0.012424
0.155551
0.779004
0.603562
0.561916
2.350582
3.076241
0.083522
0.286447
0.373840
0.060295
0.400726
0.996733
1.605975
0.246502
0.065452
0.096648
1.068496
0.989230
0.556653
0.975663
0.334731
0.074818
0.062455
0.393585
2.952478
0.730497
0.108044
0.236045
0.944475
0.085278
0.433006
1.211311
1.572937
0.413336
0.603682
0.637955
0.695953
0.178126
0.134777
0.476985
0.196363
0.560834
0.564192
0.263417
0.681142
0.398815
0.486579
0.620762
0.609707
0.342428
0.403182
1.613172
0.051566
0.241838
0.184235
0.413219
0.096116
1.980800
0.160892
0.361697
1.902829
1.238298
0.016338
0.086227
0.120953
0.062635
0.997794
0.296253
0.909230
0.147966
0.811182
0.089426
0.185488
0.195547
0.277803
0.544121
1.054197
0.052103
0.255438
0.220892
0.395403
0.424808
0.606817
1.229147
0.168822
1.612821
1.444898
0.168647
0.118827
0.093231
0.942951
0.131653
2.189352
1.382635
0.334690
0.416286
0.246390
0.156533
0.273628
0.336850
0.133949
1.015902
0.144083
0.351879
0.389340
1.682659
1.237293
0.101964
0.487356
0.765827
1.077654
0.621137
0.384983
2.013632
2.412057
0.492400
0.560046
0.624850
0.323501
0.276152
1.541562
0.843318
1.593875
2.481952
2.472716
1.267068
1.763815
0.876166
0.262918
0.313017
0.068079
0.111443
0.024905
0.465786
0.582902
0.167224
0.556756
0.638587
0.470478
0.387639
0.236376
0.352611
0.053822
1.595307
0.574691
1.678261
0.233939
0.586848
0.545319
0.341429
0.479370
0.104634
0.068015
0.910131
1.415174
0.892047
0.623898
0.450684
0.198556
0.208374
0.220874
0.165355
1.380998
0.607527
0.266072
0.541772
0.682725
0.301470
0.312468
0.193906
0.405837
0.286857
0.518649
0.068832
0.212563
0.022317
0.111085
0.209232
0.164213
1.945659
0.056003
0.202504
0.299834
0.334361
0.060408
0.017834
0.258663
0.779320
0.391155
0.119557
0.393461
0.216683
0.155718
0.032649
2.977437
1.616900
0.837012
0.289505
0.037387
1.059681
0.905212
0.523913
0.234642
0.050648
0.667372
0.275660
0.253976
0.526141
0.690386
0.455351
0.070923
0.780288
0.337148
0.749225
1.006317
1.605103
0.090123
0.266507
0.587173
0.678671
0.182438
0.138830
0.222369
0.325471
0.102791
0.097676
0.225528
0.072956
0.040778
0.567169
0.389152
0.631521
3.536963
1.057762
0.029360
2.118241
3.216150
0.181613
0.942377
0.045851
0.704344
0.164933
0.109847
1.093065
0.331884
1.360210
0.789312
0.305553
0.106327
0.296324
0.140995
0.137288
0.187054
0.411539
0.593429
0.337308
1.206254
0.257335
0.317660
1.645866
1.051197
0.788554
0.286655
0.078609
1.216999
0.005521
0.013035
0.079046
0.030574
0.469486
1.229261
1.230225
1.859617
0.288072
0.340010
0.320993
2.069882
2.059304
0.392678
1.735330
0.575351
0.166622
0.078596
1.587713
0.313220
0.826540
0.290421
0.073518
0.317889
0.390639
0.223502
0.542344
2.995725
0.659724
0.378659
0.579534
0.097374
1.546412
1.165356
1.010238
0.999907
0.163416
0.239639
0.637575
0.087849
0.132402
0.589680
0.731313
0.324356
0.487621
0.565882
0.028130
0.401522
1.299338
0.419234
0.489397
0.847009
0.737860
1.113291
0.225908
0.455881
0.368447
0.380067
0.069136
0.154365
0.456151
0.885630
1.923904
1.878745
0.088791
0.489565
0.989258
0.088632
1.097234
1.505087
0.777917
0.309608
0.924574
0.014202
0.196261
0.193177
0.461096
0.288237
0.761259
0.273769
0.387464
0.311187
0.194839
0.235375
0.540790
0.212429
0.492482
0.008102
0.403874
0.252544
0.533463
0.287095
0.299789
0.446738
0.368395
0.573324
1.964454
0.234715
0.007350
0.303340
0.345796
0.363425
0.688473
0.417293
0.294817
0.672309
0.378115
0.112718
0.273205
0.021806
0.557418
0.171950
1.048964
1.503809
0.765194
0.603242
1.335720
0.017264
0.171906
0.037488
0.658100
0.338294
0.523116
0.035024
0.188284
0.631858
0.802881
1.432515
2.010655
1.620019
0.311602
0.251077
0.264688
0.454597
0.430340
0.289463
0.222345
0.965098
0.253130
0.430630
0.466263
1.036870
1.494914
0.696657
0.353359
0.082129
0.046246
0.033767
0.181848
1.257219
2.527285
0.510798
0.526273
0.420403
0.231283
0.009348
0.529662
0.110042
0.155989
0.370990
1.071861
0.214792
1.054489
1.094146
0.144948
0.256581
0.404739
1.760349
1.009536
0.147989
0.311174
0.561541
0.309248
0.427337
0.423880
1.140824
2.384468
0.466328
0.501791
0.331377
0.500532
0.168360
1.013190
0.209981
0.578676
0.111720
0.478781
1.032970
0.839292
0.391676
0.037344
0.882443
0.508257
0.068019
1.846463
1.735277
0.648033
0.232666
0.413874
0.532578
0.286623
1.389582
1.939789
3.399498
2.162622
0.194799
0.202674
0.003938
1.469196
1.117079
0.573208
1.796196
0.808827
0.185054
0.412175
0.253462
0.337019
0.616353
0.007122
1.240092
0.143217
0.183833
0.628921
0.112383
0.533571
0.081856
1.291586
0.882408
0.441564
0.776364
0.073752
0.677978
0.057259
0.542427
2.465626
2.908296
1.329835
0.287069
1.265171
0.358458
0.358536
0.308437
0.561336
1.587047
1.769014
1.996171
1.020464
0.200482
0.535777
0.487926
2.311990
0.580873
0.691822
0.048992
0.535981
1.000924
0.184448
1.273915
0.805151
0.499874
0.683256
0.468010
