78
492
308
114
11
192
60
116
207
175
99
23
50
247
252
52
96
107
95
61
48
207
243
599
506
200
219
429
851
680
405
80
226
171
366
437
712
736
698
695
189
101
108
144
87
30
145
342
96
404
728
841
1404
1379
315
152
291
559
558
748
599
846
920
673
882
103
31
129
49
267
38
123
80
369
369
359
212
368
292
337
634
488
721
578
497
489
600
1055
878
800
660
502
143
68
115
127
87
391
360
351
421
294
599
314
402
540
322
165
89
31
423
692
887
965
958
896
423
2
10
183
70
404
657
188
561
860
436
236
390
18
29
11
112
70
101
206
440
614
829
879
724
205
177
136
101
474
726
415
404
730
287
315
246
184
212
161
44
75
62
76
17
188
497
796
883
666
453
344
102
435
721
182
549
570
453
251
248
363
355
364
312
247
278
316
227
174
118
596
877
817
255
394
84
429
465
143
508
927
52
330
286
462
553
604
527
508
425
346
379
350
153
276
611
634
425
15
102
450
512
101
690
407
277
689
856
848
879
774
697
774
769
849
800
900
678
82
512
378
458
31
100
442
547
62
474
228
846
1172
1306
1340
1235
1091
1058
1086
1365
1386
1389
1256
1031
436
274
628
334
36
96
426
585
23
386
254
862
1538
1469
1554
1473
1243
1101
1049
1168
1256
1543
1431
1235
617
226
619
549
66
90
483
603
160
789
175
897
338
795
751
902
954
734
649
327
341
401
918
995
760
109
619
644
92
96
427
555
119
501
305
195
10
122
5
168
538
533
134
364
198
97
5
111
393
5
660
758
253
102
377
677
108
884
293
170
862
533
457
36
393
346
86
468
736
561
435
27
179
66
587
947
318
84
470
452
226
845
655
563
590
253
424
103
334
306
381
375
75
570
458
151
407
137
612
990
516
42
496
460
409
950
582
5
246
186
66
413
488
203
48
73
49
238
142
219
381
224
427
1090
570
69
404
629
191
705
172
174
387
674
765
760
236
181
220
685
499
315
285
294
467
403
196
700
601
69
404
452
77
279
245
578
923
1157
1047
942
636
737
766
764
834
896
724
661
615
542
294
441
343
90
456
489
178
333
24
743
1335
1336
1139
618
894
815
691
967
869
970
1041
905
711
593
176
323
283
72
465
540
82
229
228
656
1158
830
613
917
837
856
941
550
929
982
845
791
696
425
478
888
699
68
442
619
152
394
272
187
439
682
712
982
865
700
833
1220
1006
966
683
530
422
414
512
863
1448
93
391
633
380
235
700
14
374
142
718
904
919
704
1096
743
855
585
538
490
369
364
163
412
626
87
375
694
475
235
586
218
145
394
407
576
843
1179
737
400
264
434
433
640
526
319
185
153
579
85
365
761
581
88
632
175
437
566
67
498
786
847
610
23
51
649
782
745
732
447
131
296
717
72
410
775
682
120
538
93
235
688
320
319
256
332
338
51
473
798
702
841
1017
508
13
105
864
342
140
564
490
93
294
450
154
38
525
151
86
35
142
307
607
431
618
990
728
34
599
506
320
88
324
681
624
471
30
137
270
436
725
708
581
532
567
601
619
836
627
988
830
27
562
557
70
534
505
1593
1352
1289
544
754
588
361
978
967
1195
1051
1157
1307
908
617
913
688
847
1081
779
726
1085
1589
2397
4175
3755
2837
1051
634
324
1373
2176
2663
2379
2866
2411
2644
2569
1479
1822
1625
1820
1980
1845
1666
1573
326
-3
226
-13
-197
-275
-280
-163
272
1035
765
1430
1618
1627
1739
1725
1425
423
253
398
85
63
127
279
311
-7
155
-34
-95
-247
-271
-83
525
1550
1759
2359
1906
2793
2489
2044
2991
1541
1309
514
297
44
-33
222
315
-1
248
12
143
-134
-76
369
1232
870
2185
2391
2171
1952
1923
1937
2630
2636
2428
2011
1176
267
47
105
321
20
312
501
46
389
334
293
1226
1459
2273
1652
1316
794
1400
1828
2444
3064
3109
2587
1685
319
-34
54
329
26
315
478
125
513
458
945
1382
1351
846
619
653
591
772
808
1106
1455
2012
2030
1913
991
191
67
328
38
353
306
74
-30
321
486
1171
704
461
428
493
478
515
592
560
670
964
1105
1290
578
300
32
329
52
312
128
-54
-77
184
559
1055
437
416
397
417
452
436
502
429
491
563
623
752
624
241
326
327
46
307
82
-67
-90
-102
260
158
69
367
391
302
270
85
131
9
45
272
465
653
456
207
271
329
20
214
-18
-129
-218
-190
305
-37
-58
-57
261
368
91
37
-58
-33
-40
-61
0
277
754
30
75
321
13
127
-31
-195
-242
-287
-203
-284
-238
-156
-45
140
-36
-79
-226
-272
-290
-128
-74
191
308
466
143
320
2
174
-37
-188
-280
-279
-209
-188
-158
-161
-114
157
-34
-139
-184
-174
-220
-170
-49
188
415
823
-46
321
-7
116
-68
-191
-253
-207
-128
-209
-146
-101
-13
16
75
-24
-133
-29
-73
-25
151
227
297
304
-22
317
-6
25
-11
-131
-189
-259
846
-56
184
-45
68
12
-12
352
121
-5
191
194
9
338
402
409
64
309
-17
57
-36
-140
-82
-117
497
748
-69
601
183
161
234
-81
401
149
951
617
812
456
328
547
459
284
-16
146
182
-60
380
277
892
2152
1306
1177
425
162
668
703
1700
1995
1979
1472
977
522
362
345
780
323
-8
194
261
149
225
-22
588
973
780
249
255
116
331
206
460
766
748
544
287
357
337
243
103
314
-3
258
346
42
137
-32
267
241
167
-19
-33
-26
-11
36
177
212
582
430
373
301
148
384
-5
327
-3
383
369
220
51
69
-7
-3
-27
-5
-86
-107
-3
-75
-14
14
223
380
370
282
-9
-30
-199
333
-6
420
288
265
-7
-110
-60
-25
-75
-147
-92
-154
-149
-94
-51
232
30
253
339
252
-15
-185
-126
325
-11
375
260
-15
-136
-217
-72
-6
-133
-100
-83
-83
-89
-12
-56
39
246
145
330
114
-84
-224
-331
306
-5
317
327
20
-62
-216
-96
-9
106
-113
-82
-88
-70
-31
-3
-53
-5
199
290
-4
-167
-246
-377
276
-2
256
386
-20
-43
-218
-98
-13
-37
-155
-251
-257
-205
-178
-93
-85
-31
190
162
-17
-166
-274
-270
295
-5
296
424
-13
-87
-191
-162
-12
121
691
-24
-50
-63
2
286
305
44
94
-21
-46
-124
-307
-102
312
-3
341
373
-4
-72
-207
-139
-39
-8
154
151
-12
-40
187
424
451
217
127
-36
-82
-150
-302
-175
253
-2
300
312
-15
-95
-220
-66
-33
89
543
691
748
576
449
336
261
183
-17
-21
-111
-130
-254
-156
537
-1
314
336
20
39
-117
-66
304
185
446
709
949
756
551
363
259
175
87
-23
-45
-138
-126
67
897
-133
-270
-197
-62
783
1081
316
-73
-81
-99
-112
-125
-87
-15
-34
-78
-111
-142
-112
-64
-93
-93
248
1470
431
582
1376
1914
2084
1153
81
25
413
380
427
212
194
605
224
273
349
228
585
927
799
653
842
1488
540
801
1632
1722
1190
634
50
255
203
44
-11
-55
-68
-42
-64
81
278
484
739
656
640
609
739
1476
374
328
1131
1073
476
522
742
1100
428
-47
-31
-27
-31
-41
-55
44
314
585
548
277
235
112
552
1458
375
-5
366
234
527
959
651
431
-14
-2
121
201
58
-5
-2
166
509
567
486
583
608
464
907
1450
413
-4
25
543
1217
1179
193
-5
106
512
458
375
324
335
342
246
392
477
809
1599
1486
1046
1200
1467
427
250
407
1376
1423
811
79
246
444
487
561
535
511
540
512
228
14
26
466
1526
1207
883
786
1470
427
452
645
1574
1210
565
87
335
404
415
417
443
466
617
591
455
235
135
179
995
679
552
662
1465
419
416
764
1525
1336
709
384
452
444
424
375
468
492
558
534
665
638
394
247
871
598
542
876
1472
447
569
1469
1809
1422
952
674
623
777
774
701
823
824
962
1040
843
498
419
320
781
612
638
807
1480
464
527
1685
1631
1612
1348
808
534
1144
1600
1205
1010
1022
936
596
444
451
864
851
792
673
1064
870
1486
452
147
1242
1195
1619
1726
1291
862
1058
1269
1034
1179
1083
938
985
1491
1474
1483
902
459
1040
1853
1496
1488
429
49
1108
1025
1265
1777
2339
2344
1893
1377
1346
1541
1542
2613
3368
3270
2241
1316
599
160
931
1386
1115
1487
502
210
1167
858
920
1130
2083
2630
2510
1439
1362
1153
1357
2173
2279
1498
839
573
446
272
708
672
445
1493
607
412
878
493
798
-6
-54
-107
-74
-65
211
114
154
-37
-205
-271
-176
-104
-39
-5
660
644
391
1466
420
190
726
832
976
-36
-204
-285
-215
-86
-17
-23
-32
-108
-175
-168
-91
-72
-25
-6
720
798
669
1460
301
70
445
747
1127
284
-4
29
214
454
413
162
37
-20
264
501
575
414
347
203
699
1010
1042
1465
408
4
-49
-65
-23
-31
448
556
560
721
1002
671
461
313
373
427
532
478
550
474
457
1017
1126
1454
368
226
-24
-32
-16
190
615
775
1179
1418
1391
523
420
982
1201
941
704
600
681
590
-9
351
652
1468
331
271
538
1493
2020
1702
863
1202
1522
1392
1150
477
280
700
1158
1244
849
708
516
469
583
1380
1317
1496
399
217
447
1429
2440
2231
1158
1179
700
-6
14
242
127
192
119
560
883
832
431
635
2001
2612
1846
1525
642
320
22
322
1475
1885
1147
922
417
-11
369
822
666
255
-8
464
1085
919
599
809
1873
1656
1192
1515
714
410
-14
-19
971
1693
1417
1370
1242
824
1153
1239
1287
836
360
646
1258
1089
853
1035
1715
985
973
1443
583
336
25
-28
950
1480
1281
1044
1023
326
-47
-111
-40
358
442
470
779
780
803
1398
1767
942
1179
1391
443
315
305
272
1310
1228
800
688
383
-4
-53
-71
-33
326
510
346
302
188
450
1648
1528
795
1088
1426
449
393
537
749
1471
1200
1154
957
377
496
654
818
746
580
532
430
374
375
543
1643
1153
756
1068
1606
995
1159
1108
1079
1395
1059
1359
1410
1180
1011
1010
1075
1023
1005
1034
999
1038
1246
1286
1783
1062
1200
1595
1603
2102
3250
3126
2321
1524
843
1461
2091
2752
3149
3467
3614
3580
3457
3351
3212
3149
3001
2314
1742
806
897
946
230
64
-76
279
-471
-337
-78
-301
-205
-239
-316
-286
-9
-497
-271
-234
-355
347
-137
-489
-57
-284
-489
-326
310
238
275
-201
-824
-453
-37
-349
-229
-140
-296
-312
-199
-247
-298
-334
140
189
118
-165
-406
145
-557
-405
542
1405
943
-307
-489
-672
-207
-290
-474
-244
-254
-272
-115
490
-164
-314
-18
156
147
-376
-488
573
-648
-447
624
1271
1180
-364
-736
-621
125
-269
-441
-296
-291
-161
-27
-168
-27
-224
-209
163
-67
-187
-14
-140
-452
-520
651
1223
1010
-255
-1028
-398
-302
-387
-280
-157
-99
-56
-9
112
401
-143
-233
-87
-48
-197
-128
-325
-347
-528
638
1343
1309
-35
-802
-630
-262
-202
-286
-50
-186
94
116
4
-24
230
-20
-179
-29
-337
-307
117
-535
-391
633
1416
789
-54
-907
-839
-322
-248
-41
-113
293
-16
370
302
467
273
-62
-31
201
-205
-557
-6
-683
-335
597
1536
1261
-17
-735
-644
-405
-129
-48
92
286
64
407
295
338
259
1
11
321
-60
-539
-199
-425
-450
591
1396
770
-281
-869
-586
-291
-6
-7
324
140
204
237
267
463
168
145
143
674
150
-217
-285
-616
-543
520
1372
891
-178
-957
-495
-109
-40
-43
377
344
13
185
90
784
-54
148
-18
-25
586
-247
-140
-789
-579
535
1306
530
-595
-919
-382
-3
92
56
-207
771
380
724
343
132
-345
-316
-185
-144
969
379
-229
-615
-584
546
1107
827
-712
-791
-475
15
-10
-311
-309
335
592
559
-301
-319
-305
-322
-48
-209
1252
1235
-668
-590
-493
665
1333
377
-817
-1018
46
269
-227
-177
-359
-237
1255
1807
380
-609
-468
-582
-269
-259
1106
1908
-447
-902
-351
603
1130
181
-613
-1067
-52
-402
-298
-372
-356
-278
1203
1241
-352
-883
-511
-383
-294
-255
958
2175
-385
-1200
-354
667
1182
898
-865
-962
-165
472
-576
-380
-291
-190
1358
367
66
-673
-439
-372
-320
16
1050
1971
-164
-1171
-455
545
1321
135
-794
-991
-217
8
-522
-332
-63
-6
905
74
-428
-449
-266
-13
-221
154
540
1424
-127
-1085
-532
748
1240
221
-605
-992
-240
-13
29
-235
365
-313
840
-1
-575
-71
-94
-52
-146
123
367
1185
-491
-760
-568
675
1221
487
-467
-763
-405
37
438
548
-90
-360
685
-108
-673
-48
546
597
340
-49
439
541
-702
-468
-498
870
841
589
-322
-694
-644
241
927
878
-310
-380
958
245
-465
-329
497
1261
238
236
259
189
-568
-938
-228
861
858
479
264
-653
-568
556
1090
-303
-180
-746
640
-105
-570
-234
-13
1348
766
282
-70
15
-698
-832
-141
812
878
77
330
-651
-561
916
156
-180
-177
-369
-111
706
-291
22
334
429
1170
358
206
-105
-778
-761
-248
695
855
184
463
-752
-706
289
699
-73
-291
-146
215
224
-342
186
-118
-214
202
845
343
-233
-795
-776
-160
468
941
303
674
-783
-868
-44
398
-358
-370
-118
-395
-401
-82
-372
-190
-158
240
676
357
-284
-691
-888
-192
492
906
353
664
-564
-1030
-251
-26
760
-316
160
561
1344
147
-328
-8
449
-49
979
265
-411
-674
-832
-148
418
997
433
326
-594
-945
-390
-45
715
-231
-488
-220
-416
-321
-297
-174
578
-117
906
214
-640
-636
-686
-196
408
1208
384
-2
-553
-755
-334
-168
449
287
-413
-68
435
327
-19
555
424
-148
239
150
-677
-618
-708
-245
612
1130
456
13
-508
-772
329
-432
-114
402
184
-160
37
-57
459
221
-38
620
-7
-354
-594
-658
-670
-157
-102
509
-50
-253
-510
-673
-256
-266
-431
-115
-87
-207
-155
-116
-175
-100
-247
-300
-114
-312
-579
-426
-409
-282
-540
-52
-428
-296
-260
-434
-347
-310
-452
-409
-406
-332
-465
-490
-372
-441
-505
-416
-505
-406
-337
-505
-155
-583
-497
235
-46
270
-280
-206
-139
-393
-208
-261
-446
-321
-537
23
-270
-727
-452
-328
-654
-169
-340
-328
-280
-629
-400
453
-140
-86
-83
-68
-166
-425
-70
-377
-360
155
-397
-9
-504
313
278
-696
96
-194
-420
-254
-472
-354
-387
514
-207
67
-304
-372
-412
-286
177
-445
-150
-241
16
-145
387
1137
575
369
415
-222
-62
-470
-307
118
-389
515
55
663
-778
-435
-495
-300
-187
-228
-49
88
236
98
651
386
809
1233
475
135
-119
-326
175
-179
-366
442
201
-80
-257
828
-545
-177
-176
-457
367
101
217
215
312
229
690
385
894
178
150
-62
-142
-457
-378
495
74
122
671
-361
-222
-65
-497
-10
265
113
37
335
285
217
138
418
583
504
1091
-454
-476
-513
-392
481
-46
592
19
-426
-18
-323
163
-97
164
74
359
180
282
353
163
235
159
372
421
346
198
-518
-393
407
-89
411
-18
-171
171
-332
-68
-46
53
292
172
288
186
376
419
133
-59
231
494
113
-247
707
-381
382
125
304
-251
-193
288
-45
347
-67
-102
-78
235
304
383
238
869
577
-17
204
-55
-486
495
-13
-397
387
229
-27
56
-205
662
-1
493
971
957
564
302
-250
356
181
1488
434
975
1285
-123
438
622
-262
-391
449
39
141
269
-63
960
-281
906
1242
1234
901
515
343
180
-222
681
81
2277
1500
416
460
21
-415
-372
456
15
128
161
373
724
-385
597
738
452
1239
383
-81
125
778
-209
-243
1499
1846
534
221
-309
-347
-384
506
-9
154
333
442
133
309
199
-205
-59
533
-422
343
300
-352
-511
589
1197
423
231
-85
-293
-511
-404
374
105
231
135
130
976
558
-500
418
-502
-154
-524
677
339
-431
698
-129
167
-198
-54
-82
-387
-529
-374
478
-107
-81
335
-222
769
-363
1445
282
319
-235
-508
714
-509
811
909
725
-284
59
189
-95
-410
-309
-346
340
82
206
-561
-174
453
422
334
239
-59
271
-226
303
-290
998
1144
-19
325
153
141
-304
23
-281
-351
354
486
-26
-169
-485
-83
-83
192
230
307
82
-116
161
97
743
521
338
176
357
-142
-52
-126
-478
-320
419
396
29
-38
132
-111
-391
-65
587
513
129
111
274
286
708
680
579
338
233
-20
154
-412
-81
-345
414
182
-198
979
238
194
-649
223
1064
-117
-281
383
653
1051
232
457
637
474
107
-171
-31
7
-444
-404
505
211
174
497
-357
-249
-334
491
-163
-334
1319
1424
212
277
-43
1006
422
378
142
70
88
-369
-419
-468
600
212
-11
369
-627
-74
-49
-202
-484
50
661
1660
1169
611
81
403
1500
303
-45
160
-49
-322
-363
-485
613
-57
316
259
-372
309
-29
-507
76
185
1051
498
310
254
794
1079
448
441
37
86
-398
39
-246
-396
479
-144
257
69
46
338
-126
-99
502
512
537
1067
544
1020
1830
647
296
-6
-210
-6
-316
236
-260
-377
407
-16
-24
505
-26
273
-348
56
324
654
761
1323
1581
1217
426
-193
-36
-124
-186
-54
-299
257
-143
-390
473
-36
61
426
-409
870
-505
-15
-241
633
992
1331
631
372
-238
-107
272
-432
43
-212
157
-22
-318
-598
246
-33
432
73
-362
494
-63
-166
-253
580
380
348
298
385
70
145
11
-252
273
-494
559
-91
-390
-473
674
-296
-155
-545
-329
64
-440
263
369
-81
37
45
-51
-3
-123
-83
-458
-201
-412
-198
-73
-524
783
1114
794
244
187
494
904
1356
1242
1229
835
820
826
805
863
978
997
1069
948
784
780
778
788
785
1132
1082
398
485
477
143
556
1078
1242
594
216
5
79
29
124
301
588
387
379
127
11
16
150
39
528
1343
802
201
137
837
1053
1207
1073
268
23
188
304
160
3
222
518
308
191
17
59
131
70
4
517
1353
897
574
622
1209
1438
1217
827
127
46
186
274
161
52
19
172
78
9
35
90
107
29
70
454
1331
869
602
851
1574
1586
1330
1171
354
136
235
149
229
202
138
115
207
68
41
66
1
83
50
499
1352
851
511
742
1516
1689
1565
1303
666
190
328
483
507
467
433
283
44
59
230
310
367
166
71
471
1330
857
321
633
1324
1751
1672
1155
646
29
374
527
566
588
549
431
251
17
109
582
595
674
412
434
1317
817
167
528
1190
1797
1555
1049
308
168
387
429
588
522
530
395
346
230
39
461
801
994
335
704
1329
799
170
515
1222
1837
1425
801
67
251
360
472
501
474
433
281
289
290
221
321
810
1082
811
837
1328
792
214
579
1372
1840
1426
592
269
535
508
476
444
433
399
502
421
547
377
176
689
1153
882
982
1317
783
321
692
1553
1756
986
236
1179
1167
892
550
526
706
1061
1419
1507
1396
963
102
486
1157
890
1037
1322
783
486
799
1804
1859
885
374
1692
1382
930
232
370
585
1244
1587
2215
1561
1281
244
572
1126
1028
1167
1319
799
536
923
1870
1957
983
155
1012
548
29
402
243
130
130
616
661
605
356
106
719
1049
1229
1425
1333
823
572
888
1849
1928
1621
263
113
286
716
684
867
664
609
436
340
335
295
302
618
926
1430
1509
1333
833
543
909
1772
1866
1895
1388
1038
496
1039
926
1086
954
1066
906
578
687
526
352
561
887
1539
1650
1361
882
644
854
1735
1756
1615
1154
802
686
498
577
843
838
759
377
281
146
157
51
347
812
1567
1658
1352
998
688
1011
1701
1627
1177
559
19
199
58
184
604
424
504
164
381
450
340
413
125
718
1483
1642
1332
1019
592
979
1557
1478
1087
196
303
185
33
312
351
158
252
264
326
482
435
482
76
704
1401
1559
1340
1008
445
839
1152
1445
954
172
325
89
26
295
41
184
209
262
423
442
457
257
26
692
1130
1536
1397
980
353
474
911
1325
745
338
49
34
259
85
455
324
298
4
218
327
362
226
141
467
780
1260
1415
898
290
303
856
1190
837
559
216
707
523
152
418
412
175
375
115
7
241
326
31
243
578
1119
1386
891
139
294
840
1520
916
871
71
414
60
470
482
557
558
146
141
21
161
353
2
497
1132
1366
1445
878
104
83
695
1458
1250
778
257
289
787
1494
1580
1412
1306
577
342
43
6
420
188
755
1615
1745
1485
902
123
175
455
1155
1485
1162
600
235
420
1002
1482
1052
1028
414
203
130
31
157
371
1079
1796
1786
1434
867
42
306
390
1085
1653
1332
1029
697
54
495
907
619
160
9
15
159
64
118
578
1310
1875
1666
1381
803
43
213
386
1163
1763
1612
991
543
161
665
1116
763
407
227
95
89
62
270
679
1577
1650
1578
1402
641
196
262
326
1276
1741
1423
1181
554
99
505
693
647
547
385
214
207
139
282
778
1650
1459
1476
788
261
884
867
84
612
1296
1229
736
316
283
714
853
867
696
530
398
139
23
370
970
1807
1621
1515
476
472
727
906
-71
-50
812
778
691
459
493
557
551
678
508
583
878
645
763
694
480
727
415
796
815
410
348
-72
1294
-1089
-919
599
660
647
265
375
611
489
1022
340
198
972
763
491
381
765
285
523
587
518
277
-328
741
1445
27
340
461
858
746
765
622
362
1130
1195
580
-70
414
1016
213
-6
708
519
547
567
187
-221
941
1833
723
799
634
785
846
703
955
634
305
865
1036
510
111
285
917
676
165
537
512
638
544
-68
452
1257
1289
809
664
638
844
1067
790
665
536
315
667
918
1076
926
250
976
612
596
469
609
613
537
557
736
816
822
835
624
477
535
599
693
680
621
526
558
544
767
528
535
741
1091
504
500
524
639
454
1429
645
973
491
553
531
595
643
621
619
646
617
582
506
497
853
194
621
129
508
503
541
875
579
1018
664
460
480
671
567
590
471
610
510
551
611
703
662
584
534
993
-238
551
482
535
624
952
584
545
745
296
497
614
673
630
522
577
582
632
467
612
617
604
182
843
1006
43
496
593
501
910
790
544
607
1
-665
-758
-228
313
734
327
-3
-208
-103
-835
-672
30
444
242
913
802
502
601
700
485
896
552
528
1463
-441
-1193
-2138
-973
58
731
771
-265
-427
-96
-1681
-2088
-204
519
391
1211
500
565
663
659
778
501
-599
122
195
2009
700
-628
-149
-185
180
1140
-635
1743
1985
33
-556
568
923
272
478
647
772
393
823
785
-598
1186
-467
80
1785
530
536
630
698
1267
-270
-1014
45
1375
616
456
685
1131
442
560
930
437
684
1212
-191
-589
1029
568
1141
1210
530
721
0
-793
444
987
524
1237
1040
435
242
1307
477
572
882
214
339
820
991
318
346
-291
1128
1502
968
503
786
322
-1586
1609
2486
1447
1082
585
414
703
487
482
1064
341
515
184
339
-143
1215
1763
930
898
695
231
-198
1348
1734
389
927
952
836
517
615
575
417
541
709
595
647
646
300
415
618
680
638
481
785
399
756
250
363
560
396
530
860
478
554
649
494
575
618
506
198
566
430
784
177
371
501
256
446
11
388
97
169
372
588
532
728
557
152
1216
488
773
308
491
426
125
395
670
438
715
-247
-84
-366
-534
404
293
-604
-90
369
610
587
486
473
198
435
746
300
335
688
850
-381
298
486
6
1845
-558
-637
180
-638
1251
654
-271
116
621
790
614
60
-10
439
570
520
443
204
1269
-29
74
584
-290
-356
1684
-514
718
663
709
1043
424
20
373
624
1142
-1336
1088
497
630
429
472
141
197
1038
627
858
489
-532
-235
101
-201
-1373
-1146
86
822
584
611
432
-413
2773
-1557
505
617
521
355
445
323
1574
-119
-236
448
265
907
-1001
51
222
-202
-665
332
1100
638
805
-1387
1172
4183
523
540
535
472
541
-27
1069
340
-402
-637
245
709
-208
-70
743
2194
2911
1147
605
616
742
317
6
1279
515
503
437
628
580
-199
1390
-237
479
-316
17
589
687
-249
829
654
579
700
718
717
671
538
200
882
525
437
433
653
622
-220
605
638
233
-99
-271
858
2073
2376
1021
494
441
481
660
1022
423
592
244
863
514
303
-1
305
390
-295
548
166
-91
465
-237
13
356
412
382
274
563
293
384
1229
298
444
29
2131
396
1048
218
426
-14
-136
184
609
823
104
516
353
-207
197
137
513
141
591
761
-12
861
548
-319
1340
-20
879
1585
1938
1658
1244
762
473
336
369
393
395
377
494
411
385
615
954
1104
735
672
894
414
-123
-11
1231
1613
1464
1555
646
641
246
463
770
863
959
964
1265
1184
1041
1795
2379
2047
1786
1604
1739
758
-165
-56
457
824
740
320
276
-1
-44
406
690
556
542
1182
1112
701
109
953
1537
1032
742
1082
1019
144
-300
-47
320
246
90
-131
-93
-32
941
1403
1179
973
792
1371
1144
-58
-194
-154
39
-76
-97
180
153
-85
-353
-47
377
212
-68
-241
-78
773
2007
2254
1734
1355
1194
1060
774
88
-40
-65
-112
-74
-51
202
153
-83
-209
-47
438
203
16
-180
164
1482
2411
1778
1513
1075
906
780
602
694
562
89
-91
-166
-116
-53
316
270
-100
-35
525
616
339
367
485
1583
1946
1340
778
837
723
752
789
856
771
374
-72
-171
-219
-212
173
180
-216
-40
448
783
607
172
284
896
1137
661
561
516
636
570
715
758
664
512
402
31
-130
-235
-200
-167
-404
-48
397
453
521
-46
-67
405
606
539
514
509
470
473
418
514
594
664
625
449
-57
-217
-362
-326
-369
-44
389
655
404
64
-60
447
618
379
374
388
282
379
429
533
428
341
429
341
-68
-263
-304
-308
-322
-45
414
426
175
-121
217
386
214
-142
-74
-7
157
388
570
315
-75
-150
-88
42
-82
-296
-263
-294
-344
-39
395
229
-42
-125
564
626
32
66
45
-4
57
518
523
232
-225
-171
-12
14
-102
-285
-340
-328
-402
-49
436
154
-35
45
543
535
-59
-31
-42
-177
-150
516
1196
571
-56
-250
-85
-43
-185
-294
-234
-308
-344
-44
468
245
194
347
280
-49
-128
-162
-239
-320
-101
628
1066
396
-82
-131
-143
-168
-154
-123
-265
-290
-351
-63
369
494
28
358
-33
-27
-81
-91
-188
-132
180
230
290
-62
-20
-12
82
54
119
-39
-289
-412
-376
-63
145
317
115
-120
-93
-169
-174
-142
173
681
615
-47
-247
-230
-165
134
708
908
637
-22
-307
-395
-366
-22
513
298
193
-40
-68
-85
-20
354
1091
1178
584
-78
-255
-379
-204
169
824
850
519
-13
-219
-307
-309
-17
555
506
26
76
-43
-80
331
849
1182
1096
323
-47
-198
-308
-144
188
556
642
700
195
-136
-182
-316
15
559
486
16
-150
-172
-115
296
1233
1365
590
-20
-165
-277
-330
-242
26
387
633
530
209
-148
-254
-326
-12
411
259
-106
-265
-288
-38
474
1344
1288
340
-173
-137
-301
-238
-292
-102
111
341
294
113
-90
-260
-288
-27
398
198
-90
-138
-115
238
555
1314
1013
275
-98
-61
-133
-126
-146
-212
-48
127
309
71
-75
-10
-31
-39
425
354
29
326
405
110
111
728
642
-27
-153
-236
-140
-116
-153
-181
-233
-5
411
425
738
790
738
-59
350
350
13
286
625
5
-45
164
183
-77
-86
-108
-96
-82
-135
-272
-131
-16
491
628
735
945
-7
-90
262
454
306
451
664
161
-123
-136
-232
-154
-72
-126
-160
-203
-129
-37
20
137
341
522
249
-103
-172
-70
292
559
552
500
906
406
-98
-313
-243
-186
-174
-184
-106
132
600
897
312
26
625
610
-79
-140
-188
-46
398
595
451
444
672
701
-115
-226
-236
-161
-146
-84
201
775
1163
1213
675
424
849
628
-236
-207
-100
-45
446
588
288
472
595
458
-170
-217
-208
-68
112
370
660
880
1194
1131
1080
1278
1059
287
-180
-81
-89
-31
328
515
526
272
260
-149
-187
-335
-254
-148
98
252
529
641
716
823
1115
1538
1037
114
-96
214
-72
676
-74
-448
-209
85
891
1624
867
597
48
136
51
-97
212
345
220
408
194
-5
314
378
322
70
598
721
1174
977
1268
1950
2437
1525
400
700
814
662
514
632
393
572
561
694
897
951
809
603
776
874
690
238
958
981
898
1150
53
-744
5
172
525
200
408
697
-44
63
455
67
155
410
296
355
403
710
168
294
1038
758
806
-41
-1133
-619
247
665
471
211
250
204
402
-240
124
233
731
736
370
579
936
1103
457
228
960
923
159
-247
6
378
690
456
654
470
551
578
652
206
69
-318
332
400
-78
340
739
491
262
203
962
1134
-238
-391
505
971
517
-220
508
896
841
982
913
961
728
566
552
584
586
1044
348
197
394
237
974
814
-146
-281
27
326
500
683
888
1105
1134
1127
1173
1129
1118
1043
389
402
450
679
801
1232
343
252
961
925
1014
833
439
-187
754
883
1143
1108
1261
1121
1134
1163
1136
975
797
598
297
-116
589
870
453
258
868
864
1026
691
851
544
1076
999
1011
952
991
1054
1168
1160
1137
1136
1218
1081
686
-106
-6
225
522
248
924
941
1353
224
490
1115
1423
1595
1556
1218
930
1080
1056
1233
1382
1589
1713
1701
964
402
708
560
79
259
992
1033
1185
172
-96
2169
2516
2966
3069
2498
1515
1092
1500
2359
3090
2804
2679
2966
2363
370
695
967
220
241
973
1092
638
713
310
1801
818
658
1218
1990
1978
1171
1425
1038
1028
831
804
1128
2062
4
-48
881
487
247
1008
933
264
-198
-177
374
455
-169
-408
-368
1523
1200
457
-160
-375
134
310
-352
-43
629
452
640
909
210
957
1059
395
-708
-307
278
1209
1207
288
313
616
1249
825
1240
1351
437
892
466
124
1035
467
-57
486
233
1011
1342
212
-1121
-604
444
-489
266
-127
773
10
919
1354
392
-74
-498
-739
-268
274
950
589
-47
70
219
980
1143
125
-380
-493
219
-1551
-1235
-778
-210
186
68
278
-851
-1324
-430
-682
-167
259
753
631
-43
429
214
843
642
-390
-283
-122
722
-160
-347
117
692
672
807
379
391
391
373
302
819
995
1086
344
-39
636
212
928
819
-319
-616
-828
952
1326
1256
877
1118
1075
1140
547
754
877
1207
970
916
1074
1175
-36
436
325
128
884
766
133
-568
-755
868
941
1358
1340
1597
1828
1747
1332
1445
1453
1642
1186
1120
1269
1247
611
386
48
264
976
811
888
286
1509
1229
1034
1403
1372
1359
1490
2112
1099
824
1089
1667
1489
1140
1066
546
844
192
981
215
880
623
694
1098
2021
1307
1224
1370
904
-74
41
495
-181
-29
224
697
1627
1364
921
599
1207
1916
1670
156
1000
1016
708
597
275
1511
1264
311
1362
414
-108
473
1556
1161
769
272
1068
1214
897
1040
1772
1920
958
170
1103
1078
771
-12
-809
736
1151
329
1751
2171
1128
1404
1874
1771
2199
1276
650
1019
1046
1513
1343
-940
-929
238
913
971
798
485
-354
1356
1744
1363
-451
-10
199
516
510
105
-228
269
839
1375
1151
1648
632
-1093
-232
171
779
909
840
886
-446
548
1176
963
-217
-474
-332
-726
-826
-606
-819
-181
119
678
1162
1698
-47
31
270
118
872
925
930
1322
-32
-258
1010
779
828
-361
-487
-480
333
959
958
1087
673
330
1134
1462
-354
135
-536
288
885
1000
984
1022
-528
70
234
757
1214
1102
756
483
790
784
1199
1114
773
1358
1437
696
-328
454
912
-34
1239
1352
1352
711
-1193
-102
-75
1128
1357
1659
1659
1535
1437
1410
1494
1434
1343
1855
2070
-185
628
926
-317
-31
-52
-80
-100
-77
-79
-45
-43
-41
-49
-22
-27
-27
-36
-43
-57
-68
-46
-24
-51
-53
-20
-41
-55
-7
-33
-98
-103
-136
-128
-42
-1
100
190
182
125
217
509
610
-26
-78
-88
-61
-54
-52
-37
-23
-29
-18
-37
-34
-81
-135
-113
-62
314
1166
1163
864
645
456
910
1435
1049
252
-49
-73
-50
-44
-41
-9
-7
-15
-25
111
-7
-59
-119
-115
-52
330
584
637
532
213
-9
412
1760
1881
1278
984
384
178
423
615
48
-14
-20
-7
1055
1096
-31
-63
-64
-48
-37
-16
-14
-7
-21
121
1050
1771
1911
2127
1712
941
-4
139
621
-15
-26
-30
84
1206
1446
158
-60
-43
-37
-43
-21
-8
84
190
65
375
816
1464
1838
1078
-37
-46
-29
-16
-25
-38
-80
-18
218
-17
-57
-53
-22
18
-3
42
51
-5
-17
-27
-14
482
1239
1611
931
-21
-78
-20
-20
-36
-68
-82
-86
-62
-59
-39
-27
2
-4
-20
-18
-28
-37
-43
-41
-25
365
1349
1856
730
-35
-18
-22
-34
-48
-55
-63
-54
-41
-30
-26
-24
-32
-25
-38
-41
-36
-35
-39
-41
-26
366
1074
1313
599
-14
-22
-34
-59
-37
-46
-61
-39
-29
-14
-23
-40
-44
-52
-54
-62
-21
-9
-43
-20
-4
157
289
427
-16
-19
-25
-11
-79
-116
-80
-94
-79
-53
-47
-46
-72
-94
-103
-119
-82
-33
-31
-28
-6
553
588
330
-18
-23
-24
434
-25
-103
-130
-134
-104
-90
-64
-55
-80
-131
-160
-188
-169
-71
-12
-20
-13
627
600
-18
-14
-29
-35
424
404
-10
-149
-175
-72
-99
-76
-62
-76
-103
-131
-104
-163
-118
55
274
-17
388
549
55
-11
-22
-54
-8
633
973
-80
-152
-70
-32
-31
-55
-52
-63
-105
-3
196
-23
28
242
-22
333
370
916
-12
-19
-46
-20
-34
776
535
-66
-62
50
399
-38
-37
-7
-64
-56
261
980
-6
-30
-27
258
183
434
-20
-29
-8
477
-40
-16
1028
740
-16
-56
-29
-52
-58
290
863
257
-38
-48
-63
-56
-54
388
616
-4
-22
-33
-34
322
1020
761
219
857
405
-48
-42
-67
-53
-5
843
959
377
-17
-51
-54
-56
147
1396
616
-21
-26
-53
-3
893
629
-1
14
-22
-37
-51
-61
-33
-30
-4
343
97
-14
-25
-44
-48
-55
677
1420
-23
-29
-22
-28
98
392
-20
-62
-61
-67
-79
-73
-38
-17
-9
-39
-48
-43
-50
-51
-43
-76
-53
288
-19
-27
-23
-36
-16
106
-46
-96
-96
-64
-79
-118
-112
-69
116
-21
-65
-71
-58
-52
-52
-54
-66
-52
-19
-19
-29
-17
332
-37
-86
-111
-127
-69
84
-16
-80
-112
-39
587
401
-51
-58
-53
-52
-3
-78
-69
-23
-14
-17
-11
647
684
-7
-95
-133
-115
-25
240
-20
-69
-87
-11
821
-3
-41
-52
-56
251
-28
-44
-20
-22
-17
-12
512
1290
1369
-3
-84
-133
-101
-73
-71
-55
-88
-88
-31
184
7
-51
-63
7
-3
-7
-14
-22
-19
-25
244
900
1100
532
-4
-100
-125
-101
-76
-39
-62
-88
-96
-26
-12
-60
-66
-23
-8
-3
-15
-15
-10
-33
-2
920
876
327
525
373
-24
-109
-113
-79
-45
-38
-85
-77
-68
-69
-68
-63
-1
150
-18
-12
-4
-26
-7
256
1391
898
298
772
946
56
-53
-65
-39
-41
-61
-77
-88
-70
-48
-44
-46
-18
-35
-18
-8
-27
-34
-10
1140
1102
243
56
478
558
209
-35
-53
-61
-87
-104
-92
-68
-32
-23
-18
-7
-49
-49
-46
-58
-70
-62
-42
304
578
-25
-38
-34
-52
-71
-78
-87
-109
-119
-117
-115
-67
-6
550
97
608
534
62
55
423
587
1104
53
174
24
470
117
169
684
66
3
75
147
454
176
200
376
515
152
681
177
572
496
1128
756
393
1436
262
108
422
11
31
39
418
988
580
47
530
214
253
533
813
129
389
125
557
648
1359
884
366
1020
71
71
137
198
546
490
61
1313
444
175
401
435
255
192
1442
228
384
98
642
36
1488
365
636
598
232
575
237
264
138
76
406
553
54
271
31
899
54
351
894
77
443
90
803
429
1267
362
545
535
555
707
174
86
112
254
172
110
45
201
49
659
349
248
19
420
449
80
711
251
455
1131
580
686
446
246
130
1
48
188
16
35
92
56
35
479
791
191
157
434
455
130
431
216
7
1152
593
725
233
134
48
198
73
17
145
159
97
148
130
475
536
277
551
60
421
217
346
568
378
236
165
575
151
258
182
314
97
25
74
246
196
88
63
264
53
512
840
44
386
211
420
728
613
354
361
154
32
37
168
45
59
96
88
374
33
219
68
28
4
242
1058
79
364
136
683
244
1165
835
857
42
40
20
157
388
289
204
82
528
222
218
63
71
20
694
654
276
358
95
1127
225
1687
1174
1105
339
12
92
157
692
108
267
56
461
28
133
0
251
90
644
1049
76
351
58
1249
345
2094
1378
711
882
521
187
294
84
101
578
692
344
176
366
13
530
19
607
1014
28
403
129
1133
309
1994
1150
118
312
1263
172
102
564
306
153
619
882
80
179
118
576
250
691
534
77
468
85
1388
372
1909
1482
1783
866
1345
15
550
988
676
720
87
401
867
78
271
433
203
587
1206
468
446
20
1064
98
1733
1606
2003
249
206
260
459
769
896
297
435
113
491
358
190
403
65
317
1715
548
391
129
591
110
1784
1313
478
746
287
448
313
678
1451
592
38
112
407
91
135
3
298
166
1594
186
441
128
750
50
1240
762
61
76
540
157
1052
885
2024
389
622
255
259
677
76
251
97
148
105
1345
583
402
106
623
728
175
288
246
456
416
360
840
1934
147
429
425
324
522
199
53
378
804
1044
2118
655
701
328
600
422
902
545
205
283
699
165
897
1718
447
168
355
246
785
165
46
356
1391
899
953
696
884
508
674
43
1301
437
64
779
122
989
883
1213
520
158
505
628
317
278
207
174
1288
274
174
657
634
157
589
491
165
55
471
251
138
669
69
142
1146
654
899
78
351
79
303
565
1033
83
652
542
298
100
608
852
337
60
522
112
212
158
68
123
1092
389
44
487
23
149
211
653
1585
281
559
355
36
271
325
1173
426
94
406
1067
527
220
64
1
762
562
156
339
426
35
547
355
1248
95
493
307
75
314
111
1325
307
165
443
215
1687
346
78
224
23
1168
160
314
358
450
1425
6
792
50
309
338
87
376
350
878
87
3
139
684
1630
202
15
228
11
420
1
57
712
612
1259
98
432
449
558
311
176
507
721
502
147
57
836
708
26
583
460
314
434
128
42
261
311
97
656
113
308
447
449
384
10
524
761
577
242
370
1216
66
530
79
464
49
523
21
141
265
196
803
348
33
829
171
189
653
129
178
569
584
58
737
820
823
416
230
102
105
283
153
417
70
118
798
75
88
1698
634
154
1124
246
28
50
175
711
14
91
182
150
175
306
174
194
372
267
51
189
247
180
190
450
255
384
1285
49
72
26
424
922
1065
78
389
504
330
377
390
60
399
636
180
160
446
452
144
597
532
589
1407
355
882
700
351
225
937
72
175
173
178
320
91
354
565
318
351
953
341
104
223
574
86
263
1415
356
841
1778
612
535
388
42
154
184
193
145
127
91
544
341
404
315
80
166
157
37
372
239
1400
401
623
1632
20
691
872
318
284
33
40
73
128
407
287
468
72
176
277
237
252
231
118
255
1390
359
668
1525
1615
568
368
586
414
340
32
136
198
409
308
453
437
521
372
1
236
325
85
272
1374
398
622
1016
1836
131
461
786
649
439
446
331
356
398
424
303
432
564
824
806
81
384
43
74
1373
407
524
1069
1944
855
731
840
564
526
434
470
393
299
567
320
448
476
730
1045
919
288
297
239
1373
429
643
1291
1474
751
814
665
466
477
385
513
536
351
568
456
500
340
540
985
1001
49
281
412
1384
378
796
1548
1159
912
308
48
586
840
1111
653
472
396
459
308
40
644
1406
1518
1248
235
119
286
1400
386
698
2261
673
1447
108
699
78
1157
2384
1730
652
66
457
667
1212
427
1058
3156
2116
351
220
244
1385
333
893
2673
517
1483
1051
846
1336
1126
174
1076
835
939
416
1308
480
689
1324
214
1725
1355
333
268
1436
277
783
2802
659
1287
553
792
1673
1651
1017
361
707
637
205
1316
1988
1347
511
691
482
1853
172
284
1426
327
751
2736
610
846
458
450
534
645
637
52
997
312
294
202
32
1286
536
304
496
1749
268
318
1458
283
545
1858
932
1604
1166
511
644
229
54
36
1266
1150
313
581
249
363
521
52
1023
1757
49
188
1468
353
883
1837
244
1024
1167
389
666
382
43
288
702
675
407
518
552
160
91
224
798
2008
82
386
1465
368
503
1597
69
267
1125
241
86
224
40
487
353
251
347
1
221
101
23
447
565
1762
1052
506
1468
443
515
1102
1064
55
626
607
433
512
519
622
405
99
72
902
779
294
358
434
635
1035
1298
85
1397
415
605
647
802
49
525
744
697
177
40
934
683
492
437
217
1379
690
446
347
828
689
1162
768
1469
258
595
700
426
10
546
934
881
843
394
293
1186
395
753
654
299
1514
800
392
647
784
181
181
1491
384
359
879
931
205
218
599
888
976
520
902
537
367
231
490
732
99
1332
726
794
212
38
129
1488
328
469
776
939
1023
487
388
29
73
14
174
370
309
636
1752
1637
433
14
733
1064
1144
876
136
1500
288
497
656
1000
1459
263
464
464
370
488
471
59
484
820
504
1503
1226
188
412
1159
1910
647
646
1530
293
412
553
1178
1677
141
424
959
221
1223
939
722
403
727
1326
591
516
600
499
1630
1132
151
304
1519
401
385
497
1173
1850
59
252
1159
930
707
1161
911
138
33
196
346
27
511
931
1893
859
736
527
1433
413
454
450
1015
1516
746
395
369
822
116
754
920
525
127
527
666
671
462
731
2169
535
794
153
1340
142
478
594
1341
1432
1100
55
328
1163
676
48
250
221
7
411
507
867
585
752
2108
692
1515
541
1208
676
214
74
771
1219
763
821
356
26
372
383
367
214
357
440
296
521
765
827
1591
678
693
468
224
-63
7
579
945
879
662
346
304
380
295
-16
107
518
400
525
836
856
967
872
868
778
1032
1150
-389
-202
664
1868
1782
1032
251
-28
35
186
-2
-47
359
583
64
804
852
438
181
325
723
14
1406
1791
-481
-250
504
2138
1820
643
-149
-68
292
451
193
195
556
-48
-74
406
539
473
306
380
403
410
1977
2318
-499
-301
448
1565
1263
-19
-57
355
343
278
84
113
-17
-115
-22
328
191
181
416
659
933
901
2081
2452
-493
-276
109
906
1335
690
700
1045
169
-204
-163
-60
-33
-13
79
163
37
186
174
777
1232
794
1863
2379
-484
-265
98
857
1052
614
905
-33
-220
-114
-42
15
107
87
129
214
32
122
180
500
985
1108
2442
2101
-479
-299
124
832
1269
1093
145
-234
-138
-16
95
140
163
88
19
32
67
71
108
278
887
1155
1983
2241
-487
-285
202
889
1338
397
-193
-151
-19
176
134
101
104
12
-9
57
122
119
-17
197
866
941
2309
2554
-493
-294
235
1220
1380
25
-190
-77
110
130
53
114
139
85
130
121
224
134
19
162
675
964
2348
2528
-486
-284
581
1586
1090
40
450
1175
1347
831
150
172
382
813
1275
1616
1422
720
313
136
508
1157
2490
2482
-483
-294
789
1616
883
632
2200
1893
1059
-185
-296
-29
629
2050
2346
2211
1069
26
-173
-195
385
913
2437
2588
-486
-289
770
1566
1400
984
2174
1652
842
-264
-388
-71
750
2619
2284
1301
765
-205
-476
-304
17
1001
2554
2480
-496
-299
804
1521
1220
411
1916
2166
282
-351
-356
-83
694
1922
2059
1364
441
-192
-275
-199
-37
931
2290
2586
-486
-266
920
1997
1245
-250
1725
1982
-286
-364
-101
-28
463
1578
2175
-17
-3
-121
-249
-106
-8
566
2338
2723
-463
-214
999
1827
432
-378
677
1383
28
-66
-81
-103
268
766
986
-17
568
82
-249
-153
-39
371
2166
2965
-463
-250
980
1269
183
-203
-92
766
389
98
-147
-119
217
299
694
205
63
-19
-146
-68
-20
331
2226
2955
-468
-232
551
534
355
-136
-107
167
265
435
-49
-74
128
353
388
105
52
187
44
47
64
534
1826
2947
-489
-254
173
107
264
-30
0
280
453
652
334
308
474
562
404
149
121
183
87
156
83
692
1829
3012
-470
-283
255
80
333
372
219
460
874
879
452
247
742
614
258
-6
-14
-7
99
35
-22
846
2491
2826
-479
-276
185
95
1083
592
-9
604
951
736
-6
777
958
-106
-180
-60
26
-10
62
54
276
1357
3205
2730
-482
-307
123
250
1639
1
-212
729
931
300
468
1005
1025
-57
-108
223
190
21
-8
60
825
2377
3331
2017
-485
-312
156
343
1160
423
-57
879
1164
1146
1219
1369
858
209
453
468
-27
-32
-7
174
1286
3119
2586
1194
-465
-302
83
277
1219
449
-21
305
1434
1753
1013
693
1013
352
800
193
-124
-52
-34
250
1418
2679
2060
1484
-484
-323
62
347
1399
902
-150
-82
853
1197
983
979
362
-245
-26
-123
-347
-162
-41
370
1953
1876
2464
1932
-495
-327
79
501
1602
636
-199
-26
54
323
1030
921
-42
-205
-53
-6
86
-28
50
845
2255
1518
2192
1984
-486
-314
83
575
1661
436
-157
-67
21
104
428
692
135
-119
-21
305
347
-1
464
1390
1901
1452
2263
1871
-270
-45
1026
1250
2063
1116
-88
116
629
754
885
908
788
657
730
977
819
955
1613
1663
1806
1731
2786
1813
192
693
1450
1436
1827
1073
927
1435
1460
1623
1734
1582
1402
1396
1531
1712
1608
1850
2078
1256
1307
2457
2064
987
975
996
469
66
615
735
844
779
823
562
824
1161
944
958
919
892
228
392
1069
978
478
816
1068
964
501
122
10
38
7
14
389
1003
722
673
734
557
740
679
1159
647
410
31
38
12
37
57
106
1046
574
444
227
218
352
439
1074
416
1193
1377
1304
1112
983
1224
1279
819
259
315
432
77
90
191
847
1020
629
483
497
844
748
617
37
566
573
754
1171
1188
751
831
705
1380
1121
606
657
637
209
358
448
1368
647
549
749
1036
668
240
15
28
0
618
509
403
321
640
889
894
1096
1368
1108
935
889
517
55
1064
657
495
725
633
832
334
20
21
132
5
130
109
541
637
664
857
995
1064
1406
1189
631
267
6
852
645
465
580
414
662
193
21
19
21
101
220
510
392
470
508
465
573
807
1121
1342
1129
367
275
243
625
467
522
429
327
6
22
26
50
138
204
187
321
313
246
389
380
496
892
1087
1317
649
669
1125
634
509
441
424
827
235
23
4
84
106
196
142
204
345
377
432
359
415
577
1130
1249
1332
1002
1253
636
503
627
839
665
73
45
46
13
331
558
234
0
12
26
2
28
758
855
930
1409
1445
1352
1321
633
466
597
858
757
179
52
23
111
89
69
17
72
35
49
97
56
41
29
755
1022
1453
976
1191
649
437
682
1025
1078
16
129
171
15
154
160
47
28
82
117
129
145
41
1049
761
1095
1433
973
1281
656
455
803
789
899
324
128
30
43
10
1
15
30
26
18
53
7
208
253
1107
1335
1294
1048
1117
699
481
444
309
1658
590
12
26
460
255
113
448
336
132
18
123
269
260
613
402
1166
1277
1121
1279
707
594
599
573
323
1291
1012
1105
881
954
405
456
264
370
932
800
497
459
320
669
824
1325
1251
1362
689
510
263
824
732
879
615
976
1015
574
320
315
694
860
968
1264
866
678
105
0
716
1138
1073
1346
688
556
703
546
1151
476
587
663
714
21
1
1
667
849
1034
980
869
250
22
165
489
922
1338
1123
657
288
595
819
930
669
1
5
18
31
188
436
578
549
437
452
585
443
288
162
465
636
440
1664
702
547
565
962
827
350
4
34
52
17
18
55
6
563
873
177
19
78
78
153
172
340
511
1129
686
484
626
964
1373
584
21
98
107
36
197
70
20
52
25
519
129
22
4
191
481
326
267
601
717
518
793
1117
965
514
333
63
114
54
4
171
68
9
419
516
1148
361
11
49
441
398
424
1299
686
501
616
1034
1000
541
8
49
61
19
12
6
16
33
31
16
634
828
231
209
421
662
837
989
700
511
475
778
632
813
861
259
1
60
41
35
11
0
25
27
15
366
716
116
402
735
879
1115
670
493
491
811
939
1079
674
871
364
589
435
42
11
402
9
10
128
68
141
2
190
626
859
1417
689
472
468
655
823
924
1067
837
1027
802
665
116
56
18
166
12
23
7
48
10
248
389
1029
1688
669
483
454
664
972
809
809
752
1177
766
715
279
212
366
57
11
23
12
32
6
575
225
808
1097
292
192
343
499
801
1103
1018
1376
242
156
418
622
390
277
11
26
43
65
35
432
660
685
715
1007
757
59
17
14
49
106
395
539
673
286
24
44
34
44
47
60
59
65
92
34
445
1160
1050
1269
-12
-44
-40
-5
-6
1504
2409
2800
2680
2675
2439
2160
2035
2023
2159
2697
2806
2808
2943
3173
3073
3080
2931
1016
-63
-106
-51
-22
105
923
919
-31
-123
-123
-170
-209
-220
-235
-204
-134
-98
-76
-41
-1
-19
-30
-18
-168
-40
-37
302
1285
2118
2639
2267
527
-64
-152
-196
-205
-160
-152
-150
-107
-122
-118
-39
116
90
-4
260
-115
-33
-22
244
1607
2535
2265
1376
35
-123
-170
-168
-121
-75
-53
-56
-35
-71
-85
-52
34
195
278
339
-100
-26
-11
459
1200
2104
939
-6
-127
-196
-183
-107
-48
-34
-20
-4
197
282
-10
-29
-2
409
510
499
-84
-29
-21
612
1247
2124
1240
-105
-172
-181
-97
-15
-1
156
252
420
428
381
390
235
474
888
550
491
-99
-35
-27
588
1456
2399
1400
-116
-177
-101
-20
-8
125
194
382
496
498
476
488
545
720
1127
728
360
-92
-43
-30
479
1319
2439
314
-130
-172
-30
47
60
126
196
371
545
615
638
660
690
685
1130
866
277
-106
-46
-30
498
1308
2471
35
-117
-62
62
156
248
323
502
523
664
570
545
637
659
634
1206
1296
616
-112
-46
-26
499
1865
2458
383
-99
190
187
118
237
492
667
902
907
1102
666
546
508
313
936
1494
933
-49
-44
-24
388
2249
2254
687
-72
574
500
442
484
628
792
1273
1627
2273
1234
790
532
354
646
1512
1023
-48
-38
-18
494
2461
2266
304
-43
880
1324
1198
1196
1010
1154
1437
2082
2145
1204
406
762
784
701
1791
1124
-54
-33
-14
471
2253
1919
-57
-17
868
1489
860
825
891
1206
1638
1970
1602
626
51
976
960
839
1799
1504
-41
-34
-17
678
1939
1682
-125
-56
203
261
-41
-37
284
703
930
788
719
-7
-4
556
787
780
1763
1682
-24
-36
-27
550
1604
1537
-81
-94
-45
-130
-96
-59
-6
559
489
36
-70
-116
-108
-34
71
375
1502
1536
-33
-35
-19
288
893
368
-99
-130
-37
-74
-84
-62
-17
609
421
-1
-28
-66
-101
-67
-20
297
1033
924
-52
-36
-13
367
680
305
-90
-113
-35
-4
61
166
110
442
242
-17
-6
34
34
33
231
622
904
196
-36
-41
-25
273
384
564
56
-31
-20
88
491
306
395
303
237
-12
66
232
368
550
710
905
1003
436
599
-42
-31
251
392
777
650
88
155
649
933
520
411
435
540
139
305
495
745
780
894
965
967
517
920
-40
-33
235
681
1151
1079
312
666
1365
1121
561
609
1014
933
544
672
1002
1033
982
909
887
804
606
988
-41
-32
241
806
961
1097
422
1143
1439
759
94
425
501
285
136
245
829
959
1016
916
898
991
1309
1238
-38
-30
239
618
729
821
406
699
602
-15
-47
79
-24
-59
-23
262
790
947
868
831
1224
2233
2372
1605
-37
-33
272
491
868
1025
574
-4
24
-13
-16
377
316
422
806
1058
1151
1163
868
844
1729
3108
2535
1034
-37
-29
337
549
833
887
395
-10
-5
52
-27
-5
399
805
1340
1416
1097
801
594
908
2041
2834
1477
-47
-36
-23
436
624
806
758
461
43
264
288
109
151
854
1144
1259
914
730
588
486
995
2475
2613
1031
-93
-42
-30
408
624
707
856
501
483
316
610
604
753
1094
1220
924
622
770
708
693
1203
2872
2465
778
-90
-52
-31
375
657
854
1174
614
762
354
221
109
183
408
544
574
678
890
954
1229
1533
3116
2626
319
-97
215
699
1616
1752
1806
1766
1358
1212
1301
1087
1407
1675
1930
1997
1898
1782
1600
1421
1426
1387
1615
721
-156
-176
2552
2287
2093
1700
1693
1698
1477
1598
1632
1610
1927
2259
2549
2656
2434
2230
1975
1646
1366
1185
1095
1097
1123
1067
1818
1384
1280
688
367
299
860
1542
1471
1442
1903
2365
2735
2542
2116
1985
1734
1483
991
294
79
246
461
726
1745
1103
1038
926
780
1199
1756
1905
2016
2526
2811
2615
2343
2309
2340
2415
2229
1976
1484
1163
1202
883
652
856
1485
781
1054
1402
1999
2423
2178
1918
2393
2790
2861
2685
2644
2760
2711
2472
2102
1951
2086
2290
2000
1680
1761
1586
1423
804
962
1073
1415
1792
2079
2358
2729
2660
2421
2308
2283
2171
1969
1770
1728
1863
2156
2018
1832
1872
1850
1335
1535
857
905
795
688
1180
2006
2450
2445
2130
1835
1647
1463
1225
1064
1185
1527
1773
1804
1577
1626
1340
762
587
1601
930
1117
1076
1204
1784
2250
2205
1934
1614
1421
1392
1349
1053
809
971
1298
1393
1408
1231
1095
741
591
832
1729
1177
1269
1051
1355
2169
2278
1748
1483
1380
1352
1347
1280
1033
949
1112
1188
1138
1046
894
813
851
950
1249
1779
1250
1316
1036
1272
2094
1918
1487
1279
1270
1230
1132
1028
1114
1389
1594
1502
1288
1103
1073
1150
1217
1376
1468
1723
1115
1197
1006
1304
2110
1851
1495
1220
1081
1033
977
940
913
691
579
723
945
1168
1326
1424
1632
1801
1615
1667
978
865
756
1442
2237
1275
143
-224
-175
162
570
519
-24
-346
-422
-209
20
564
1171
1492
1560
1512
1284
1535
781
882
1021
1045
1146
401
-81
-106
142
589
751
603
330
173
319
588
718
991
1286
1332
1139
1038
943
1484
755
1127
1497
1345
1258
1217
1248
994
1030
1248
1140
863
915
1046
986
901
1053
1237
1233
991
786
1116
1241
1589
961
1174
1465
1925
2372
2168
1222
843
1365
1587
1164
852
1231
1324
1300
1784
1916
1437
1055
858
736
1281
1378
1623
958
902
1065
1627
2070
1946
1707
2177
2659
2040
1335
1259
1628
1805
2484
3166
2736
1984
1684
1347
963
1327
1344
1554
922
1165
1639
1964
1978
2024
2272
2685
2550
2015
1693
1484
1501
1777
2478
2767
2360
2144
2059
1660
1325
1697
1357
1497
1134
1590
1853
2174
2129
2055
1969
1962
1956
2053
1880
1532
1780
1993
2177
2068
1880
1785
1498
1141
1341
2023
1485
1584
1201
1414
1499
1796
1876
1812
1569
1250
1378
1598
1510
1412
1632
1504
1329
1110
987
955
707
639
1172
2024
1475
1659
1193
1393
1333
1413
1446
1359
947
764
1080
1040
617
634
956
912
735
616
662
638
536
776
1243
1604
931
1695
1215
1217
816
524
542
456
303
629
776
371
189
524
811
847
821
784
673
566
769
1181
1331
884
48
1717
1157
1077
665
230
259
462
704
1084
1284
1526
1986
2295
2236
1821
1381
1139
902
767
934
1054
749
-14
-177
1690
1135
1095
1031
933
1148
1336
1131
1382
2096
2550
2495
2464
2346
2107
1767
1396
1012
866
890
441
-180
-551
-494
1709
1115
1022
1103
1107
1212
1339
1097
1480
1763
1340
802
724
928
1250
1118
705
624
821
788
79
-252
-207
332
1599
893
769
910
1066
1044
1135
1206
1384
1381
1374
1538
1691
1660
1268
688
322
552
1001
857
350
109
793
1372
1518
793
714
904
1348
1437
1411
1298
1162
1148
1151
1240
1263
940
531
389
591
1002
1202
804
603
676
979
1164
1622
962
941
959
932
776
865
1137
1107
1073
941
814
702
482
175
214
798
1264
1061
445
421
877
888
896
1491
620
485
207
-100
-65
243
524
837
1436
1734
1693
1507
1286
852
805
1178
1093
620
291
149
510
782
1008
160
-200
-81
-27
2
146
-75
-329
-564
-786
-983
-1135
-1176
-1068
-911
-692
-601
-626
-561
-383
-223
98
686
1101
346
252
64
359
1057
811
308
1095
740
298
343
86
166
352
499
218
188
6
348
31
164
370
230
100
434
316
353
916
410
377
461
149
15
376
429
962
836
843
246
682
429
244
651
33
460
106
55
159
409
461
456
145
72
274
190
463
117
354
734
533
402
192
598
1109
642
1138
501
246
688
261
121
37
402
450
242
74
55
604
301
611
100
377
353
181
116
507
1140
1114
1204
859
879
975
437
13
30
57
409
407
133
81
593
338
418
268
284
92
45
111
210
441
229
606
903
952
994
710
570
553
225
356
411
415
250
49
336
555
507
564
422
60
74
189
265
186
266
232
148
410
598
786
797
266
506
478
398
459
297
429
715
332
325
549
84
68
18
73
32
53
47
36
127
133
380
572
652
343
121
585
412
442
232
710
412
105
475
299
192
38
95
22
80
127
44
10
30
43
32
231
659
674
262
104
424
399
190
387
413
815
215
337
147
144
175
138
145
110
63
49
25
196
93
54
134
499
795
245
410
383
311
716
833
320
750
719
538
410
323
231
179
190
418
646
793
544
239
13
138
804
527
323
399
410
589
912
460
509
1173
709
713
629
702
66
404
800
837
460
291
1088
1314
1064
631
303
85
65
413
453
586
554
605
983
343
705
595
93
239
346
569
446
370
264
356
506
128
234
30
9
136
260
419
485
644
439
285
52
559
920
1479
1465
768
160
442
357
447
133
584
1541
1461
702
357
90
67
166
426
447
504
286
476
593
447
1242
1199
639
122
439
686
604
772
1714
1405
562
83
65
254
51
228
273
418
434
714
558
556
800
486
405
923
1180
241
592
379
586
641
613
1329
1303
267
410
343
81
65
319
438
496
371
327
128
7
489
698
773
104
538
519
8
306
764
858
572
7
83
82
283
55
142
452
471
596
268
381
365
308
88
52
64
363
412
19
88
36
246
497
281
341
175
178
350
250
52
198
457
397
305
244
488
558
157
274
441
795
518
395
137
256
260
2
13
174
175
158
465
325
60
172
455
535
233
42
382
2
132
582
992
797
236
215
99
331
106
65
65
129
181
315
238
236
529
85
483
466
99
83
233
65
378
756
945
443
353
20
447
903
690
132
198
179
194
323
122
263
311
778
476
380
152
291
38
213
46
526
298
51
13
23
190
341
345
8
6
306
23
6
129
575
762
871
460
415
188
47
237
7
414
50
553
1048
106
717
816
182
578
147
362
320
158
143
465
588
134
2
467
424
128
78
220
316
249
289
484
644
974
511
137
567
110
337
797
78
247
305
810
638
12
242
455
417
151
142
303
158
149
80
533
270
179
576
529
385
1068
569
634
659
86
446
1027
526
360
272
446
384
107
169
333
332
338
39
302
414
551
381
737
992
479
83
315
393
367
752
964
606
369
461
422
411
75
234
606
586
180
238
402
244
612
791
298
84
200
454
596
325
371
1143
1067
261
423
139
538
961
859
985
1197
1259
935
160
343
107
382
471
504
555
747
955
738
694
1432
1564
593
207
366
814
934
434
375
562
720
407
100
184
361
467
438
353
323
269
404
260
346
826
493
108
227
337
663
157
282
559
1591
1707
1256
527
450
106
591
766
681
645
641
641
560
611
485
634
844
904
1043
1038
737
180
150
611
1111
1197
702
138
-23
87
211
234
205
172
180
214
123
135
105
234
529
620
715
581
372
-43
-90
-70
-44
-52
-80
-96
-122
-120
-131
-131
-126
-125
-123
-119
-124
-123
-128
-113
-65
-64
-56
-59
-106
-107
-95
-88
-83
-71
-100
-88
-112
-126
-128
-127
-121
-116
-111
-105
-110
-114
-119
-119
-87
-76
-54
-60
-89
-109
-79
-78
-69
-13
-68
-36
-107
-124
-120
-115
-106
-99
-94
-91
-93
-103
-110
-118
-111
-103
-67
-79
-70
-121
-68
-65
-50
37
-54
-35
-95
-119
-108
-102
-92
-88
-85
-86
-88
-96
-101
-108
-115
-115
-79
-86
-91
-112
-70
-54
-45
-31
-55
-100
-98
-114
-96
-89
-84
-84
-85
-86
-89
-92
-95
-99
-105
-118
-102
-65
-98
-89
-82
-58
-59
-82
-108
-116
-108
-103
-89
-85
-83
-83
-86
-87
-91
-92
-93
-95
-99
-112
-106
-49
-87
-71
-98
-72
-88
-98
-112
-114
-98
-98
-88
-84
-83
-83
-86
-86
-90
-89
-92
-93
-97
-106
-107
-54
-105
-87
-111
-88
-99
-103
-109
-112
-94
-98
-93
-90
-87
-86
-87
-88
-94
-96
-98
-98
-97
-102
-115
-95
-113
-124
-112
-92
-100
-107
-115
-108
-107
-105
-106
-104
-96
-91
-89
-94
-86
-101
-97
-110
-101
-100
-110
-119
-125
-133
-98
-80
-82
-98
-124
-114
-114
-113
-117
-115
-104
-93
-91
-99
-85
-120
-96
-119
-106
-102
-106
-116
-120
-131
-83
-66
-66
-84
-123
-107
-117
-114
-124
-117
-106
-93
-92
-98
-92
-111
-117
-121
-109
-99
-104
-113
-117
-131
-74
-59
-63
-84
-122
-105
-118
-108
-121
-113
-105
-92
-92
-96
-106
-116
-121
-117
-109
-100
-101
-112
-117
-131
-75
-67
-66
-76
-113
-89
-114
-106
-118
-110
-105
-94
-94
-96
-103
-112
-116
-115
-106
-99
-101
-113
-116
-132
-76
-67
-70
-62
-118
-72
-107
-100
-105
-106
-99
-95
-93
-95
-100
-104
-106
-104
-99
-95
-97
-110
-111
-130
-82
-72
-78
-70
-105
-91
-95
-90
-92
-95
-90
-89
-90
-91
-94
-92
-91
-90
-88
-89
-93
-102
-107
-123
-89
-88
-85
-108
-112
-96
-86
-82
-83
-87
-83
-85
-85
-88
-88
-85
-84
-84
-86
-88
-93
-95
-104
-118
-92
-107
-96
-119
-113
-100
-85
-82
-82
-82
-82
-86
-89
-91
-88
-85
-87
-86
-89
-91
-96
-95
-100
-116
-96
-108
-98
-122
-116
-103
-90
-85
-84
-83
-85
-91
-95
-95
-92
-88
-88
-89
-91
-92
-95
-91
-92
-112
-104
-102
-108
-106
-116
-99
-96
-88
-85
-86
-87
-94
-96
-95
-88
-91
-89
-90
-93
-92
-91
-90
-94
-113
-110
-104
-108
-94
-114
-84
-99
-93
-88
-89
-87
-90
-88
-92
-88
-88
-88
-89
-94
-94
-88
-90
-94
-119
-109
-109
-97
-83
-98
-85
-98
-93
-92
-88
-88
-89
-89
-90
-93
-90
-91
-91
-94
-97
-94
-71
-94
-97
-107
-94
-61
-61
-72
-90
-103
-92
-91
-85
-86
-86
-85
-85
-92
-90
-94
-95
-97
-97
-103
-60
-101
-85
-102
-69
-18
-30
-55
-89
-105
-93
-88
-85
-83
-84
-82
-84
-88
-92
-97
-97
-100
-95
-108
-79
-98
-113
-95
-48
52
-3
-43
-87
-111
-99
-91
-83
-79
-81
-79
-84
-87
-94
-99
-98
-101
-95
-112
-112
-119
-130
-28
285
817
888
552
231
-22
-67
-69
-91
-86
-87
-88
-93
-97
-102
-103
-104
-105
-102
-93
-40
-67
-75
-13
267
872
1012
652
406
101
-73
-56
-111
-104
-105
-107
-111
-115
-117
-117
-119
-118
-119
-89
-18
-75
-32
-91
15
19
-42
-142
-389
-298
429
256
299
298
319
351
184
62
407
422
398
412
284
202
298
276
451
1948
1452
1520
1586
1600
2576
2971
1226
1153
1305
1337
1165
1256
1045
1228
1047
908
1101
1222
1323
1349
1129
1320
1118
253
143
798
527
35
-47
-324
-177
1103
1083
839
1103
804
1200
1316
806
1419
1234
816
813
1107
1184
974
951
334
-4
395
201
-267
-521
-362
-54
79
550
781
904
690
149
137
23
65
82
746
891
686
818
774
804
283
-28
192
543
-32
-190
-30
30
949
724
574
371
384
321
249
478
751
679
457
318
33
8
139
613
274
-5
214
-16
-268
-241
-115
-118
490
486
731
751
808
803
709
563
465
838
570
318
336
842
982
664
298
-1
252
-197
-299
-183
-47
345
331
507
774
864
842
881
866
840
565
282
320
301
660
205
294
789
304
38
658
68
-120
-224
-184
-75
431
760
896
882
918
878
862
840
743
478
136
-54
80
179
548
360
312
60
542
-92
-295
-496
-196
164
607
768
829
846
848
858
924
891
889
870
697
96
-68
-108
173
742
291
13
435
-188
-258
-357
-202
610
914
965
861
838
873
895
958
1011
1157
1062
697
34
-28
-52
140
477
321
41
339
-215
-606
-534
-292
353
666
670
590
852
895
906
976
917
629
735
679
104
336
-164
-14
508
302
43
202
-132
-674
-540
-459
245
883
1023
1252
658
618
618
610
637
962
753
613
587
60
-85
-36
52
309
-3
-68
-422
-685
-595
-235
182
961
402
569
224
815
722
427
681
848
1324
1124
448
-122
-27
464
497
305
-5
8
-216
-763
-859
-568
-44
25
974
532
968
349
586
1161
1232
1524
570
376
249
-31
-142
-221
-111
289
-11
-81
-312
-697
-636
-322
1610
2196
1803
356
481
329
253
651
961
628
702
937
865
132
-138
-130
39
292
27
148
-439
-1063
-745
-721
-560
-636
-470
-142
-105
-135
-86
-313
-472
-255
98
130
69
-42
-121
-217
-65
218
-47
122
401
-191
-198
-389
-177
190
509
382
264
88
279
351
690
781
678
669
697
245
42
-235
-170
376
-34
85
-137
-306
-212
-283
567
772
701
440
443
538
382
240
611
797
886
859
773
114
-68
-102
485
166
-28
189
-263
-630
-685
-268
545
564
460
663
876
652
706
503
720
715
841
875
910
736
-25
15
-208
286
2
732
90
-98
-268
327
352
493
681
282
507
207
622
937
518
997
872
872
732
446
-265
-405
-60
304
-36
522
596
53
-167
-40
327
783
1246
1163
759
979
919
1220
1357
793
745
902
797
531
53
-164
-195
245
-21
577
326
-75
593
-18
140
784
6
-50
468
756
853
398
34
317
532
769
742
210
-84
536
427
229
-13
635
253
-424
-538
-576
-130
-70
-68
-12
367
256
280
500
646
733
673
690
731
63
-101
-507
-242
234
89
685
556
-267
-258
-505
249
1005
1242
1684
1539
1799
1656
1329
776
769
1045
649
639
-64
-136
-502
-528
202
-41
615
590
-418
-576
-440
-346
-142
154
274
247
263
351
725
1016
406
248
575
116
-331
-244
-528
1284
188
-25
702
744
-178
-398
-644
-452
252
215
704
1083
1170
1135
1015
736
603
421
257
-8
-167
-291
-860
-568
495
295
1023
1090
96
-154
-431
-100
-15
630
938
1179
1222
1058
896
870
850
941
851
-10
-188
-580
-752
-456
796
-130
227
29
-331
-285
-684
-346
-95
180
347
460
455
446
505
572
513
500
490
-22
1157
-173
1446
3360
-950
-670
130
164
614
1489
759
-451
-669
419
135
164
764
730
200
613
420
-52
961
184
-268
531
553
661
307
309
665
545
157
-5
-155
-261
252
837
988
430
1097
1511
1567
717
-63
1174
766
298
105
398
426
467
-89
-130
430
23
-88
-260
-200
-334
103
433
484
1288
1116
1779
2650
465
616
1082
653
314
-25
409
517
-58
-53
-137
398
77
-200
-642
-749
960
534
724
1307
2078
2158
1797
637
-8
189
598
750
446
-91
505
243
356
-32
-111
284
156
-235
-542
-315
-57
396
1826
2150
1634
1284
561
311
502
285
243
265
805
206
-328
-204
942
-62
-124
279
90
-23
-441
-872
-95
2596
2129
934
807
479
432
453
375
266
280
-42
440
-288
-441
524
1156
-62
-136
328
84
-25
-717
-694
1634
1515
770
507
459
457
365
469
366
11
79
87
35
-117
-187
505
-33
-27
-106
227
107
-155
-741
-269
1749
825
616
401
556
198
459
227
-20
-30
-19
150
79
-28
-294
-225
157
-40
-110
264
164
-49
-535
-266
848
536
475
590
419
246
203
113
-18
-53
87
52
101
48
-101
-276
-85
-64
-143
270
185
-28
-384
-321
524
684
672
685
263
88
-25
75
185
-64
196
436
306
107
-94
-254
-104
-76
-131
440
123
-144
-308
-501
7
616
1239
1531
743
90
18
-113
17
98
601
1908
1343
439
-96
-350
-229
-45
-127
366
213
-121
-342
-458
-1066
412
717
1961
1545
422
-45
-665
-1234
-628
678
2061
1958
1019
9
-303
-259
-34
-108
295
175
-105
-436
-173
400
84
485
1395
1513
734
187
124
300
249
879
951
360
1156
69
-332
-87
-45
-99
323
159
-116
-190
-303
-1038
-219
1315
1162
1893
1159
81
-169
-313
388
129
1326
2096
863
61
-591
-410
-77
-160
338
163
-138
-186
145
-125
201
695
1433
1681
914
-385
265
-245
737
520
837
2221
1397
43
-483
-419
-41
-123
315
-9
-243
-418
-146
-385
-574
1742
1321
1959
209
-481
1
-269
333
945
1582
1381
506
41
-278
-396
-5
-119
226
130
-100
-176
-245
107
998
1032
601
141
620
-109
147
593
577
749
269
395
180
-71
162
301
-13
-217
-21
415
6
-212
-242
298
744
431
-120
154
754
-252
-116
666
511
259
37
38
89
-265
-381
935
-3
-126
61
309
19
-216
-192
541
256
-89
-232
338
597
-3
402
670
538
61
-10
6
-5
-47
-184
313
-26
-182
22
449
18
-152
-105
413
-374
-84
1451
148
-45
-126
1253
1205
328
267
40
-8
-9
-131
-473
-57
-52
-221
133
509
75
-153
-310
103
-89
79
1464
-546
-454
934
1783
1318
-163
169
288
104
101
155
29
-10
-50
-175
165
488
211
-89
-638
-523
-127
1525
758
843
31
1724
1251
724
395
-13
169
377
330
87
-160
-224
-96
-248
205
420
304
-40
-537
12
931
-476
-1170
1500
1649
309
679
861
1643
1486
-10
398
193
-52
-185
170
-84
-195
312
285
263
91
-170
55
-23
-329
-708
805
996
1006
-269
-378
2387
2231
65
59
83
-208
-409
483
-79
-187
307
218
201
57
-177
-118
-33
35
-212
-4
808
1137
1198
1329
1333
207
-17
180
11
-178
-270
667
-69
-170
279
137
275
59
-174
-28
-163
-236
-310
-274
209
1242
1369
996
375
16
136
309
-52
-229
-210
-104
-80
-136
395
333
391
-89
-191
318
-206
-210
59
517
886
938
463
194
-141
-115
586
329
91
-522
604
491
-131
-363
4
245
635
-29
-239
363
-143
-356
50
371
451
446
110
-184
-204
643
-153
-308
888
-453
-381
1211
1980
94
-272
-210
-290
-272
-80
-193
-57
31
-46
106
-46
469
-110
79
-57
90
76
-61
-18
-1
165
-189
596
-73
-413
-246
-325
-314
-449
213
464
314
667
776
-25
-122
-277
-142
-387
-119
-32
-30
-68
-67
234
-198
127
-242
181
93
54
-30
-270
396
965
1348
728
-108
-470
-665
210
249
-312
-398
-238
-69
-125
-143
-60
-152
162
-208
160
-82
-49
-145
-95
629
2320
731
-360
-693
-804
-536
22
15
-239
-278
-238
-348
-284
-102
-37
-84
188
-146
-126
-23
218
-208
419
1437
647
-318
-511
-701
-516
-301
-149
111
-114
-186
-277
-546
-261
16
-26
-140
242
-140
-178
262
133
-275
1028
911
-222
-359
-419
-422
-268
-130
-174
-87
-66
-94
-211
-416
-173
122
189
-205
315
-177
-149
605
19
-156
544
-28
-390
-344
-174
-225
-99
-135
-123
-28
-58
-35
-27
-124
464
-158
-121
-163
301
-202
-114
772
-106
-76
123
-140
-323
-150
-235
-132
-102
-59
-49
-50
-45
-22
111
222
326
-294
-33
-93
263
-172
-113
735
-198
-39
-4
-289
-203
-182
-179
-97
-30
-39
-3
-13
-36
-34
174
296
-40
-135
-134
-134
276
-156
29
691
-250
-284
-120
-115
-97
-202
-122
-56
55
2
89
-6
-50
13
-51
176
-97
-55
-32
-157
283
-188
272
405
-174
-306
-200
67
-92
91
-249
-70
289
111
-68
26
893
766
-500
-247
-57
7
-67
-210
330
-193
367
256
-215
-326
-203
161
-86
618
-387
-103
490
91
-148
-120
537
428
-175
-368
-8
32
-146
-228
283
-216
415
63
-252
-201
245
250
329
373
-571
-372
540
319
-244
-82
997
-76
-381
-613
326
-29
-263
-195
269
-224
355
251
-261
-252
830
-27
434
-41
-348
-477
149
-91
415
-28
-6
743
-161
-656
-79
-50
-283
-171
175
-268
284
105
-278
324
658
1110
492
-459
-726
-618
-91
346
1444
-100
77
261
-784
-663
177
-104
-222
-148
202
-281
108
-75
-167
266
487
1332
-305
-593
-546
-252
-209
693
771
-54
-288
-211
-443
-461
93
-126
-34
-204
152
-269
-45
-42
-91
81
740
171
-345
-488
-354
-268
-80
702
182
-213
-351
-265
-323
-187
277
-121
148
-280
221
-280
-119
36
-60
-43
429
-43
-140
-93
-232
-71
-47
576
-95
-196
-111
-66
-71
3
283
-102
229
-302
227
-205
-151
-23
32
-82
85
208
291
-213
-178
-13
-62
236
44
-215
-34
-20
-17
54
-14
-68
-5
-235
77
-31
-252
108
441
-202
-97
650
-102
-299
970
-184
-56
370
-126
-113
-132
-123
42
-50
115
72
45
-277
-5
212
-259
-26
689
-357
-138
324
-134
-150
474
229
191
-245
-264
3
-142
-85
-47
-24
648
-19
-41
-345
-79
490
-137
-186
942
-459
-158
-15
-56
-113
641
39
-245
94
-378
-182
-49
-90
-56
46
1074
-100
-142
-407
-86
649
-89
-335
1012
-388
-255
-82
79
1119
412
-302
-214
-215
-105
637
-290
-117
-135
412
1189
-283
-211
-359
-35
579
-44
-456
856
-310
-354
-35
-3
1310
-99
-426
-263
-60
701
-40
-384
-65
-74
648
1052
-485
-143
-360
115
410
-59
-467
914
-274
-413
-34
-25
633
214
-285
-8
-147
92
-259
-118
-290
-3
1048
456
-547
-155
-315
351
168
-115
-448
849
-300
-314
-2
-16
172
681
-38
-105
-233
-167
-42
-77
-204
282
1135
-168
-452
-141
-240
45
-54
-95
-300
930
-316
-283
-19
-59
-43
340
52
-123
-135
-123
-58
-136
-4
530
618
-449
-120
-26
-400
-62
-39
-96
-154
352
-214
-130
-27
-54
-39
14
-2
-87
-121
-49
-25
-90
8
112
28
-306
-28
-102
-241
273
270
206
259
392
152
97
83
48
93
82
100
51
16
147
14
111
242
40
36
48
46
21
53
844
109
182
193
1634
109
42
0
1385
612
440
533
739
81
494
809
16
4
56
164
128
123
656
60
793
119
21
1017
167
210
66
31
66
76
66
74
89
86
98
226
611
283
725
1636
994
93
794
1213
656
0
175
212
493
1398
77
213
19
139
223
110
94
35
115
138
37
188
221
87
414
673
172
241
784
27
25
135
233
522
414
670
108
158
98
75
12
49
27
78
143
50
69
389
279
580
1192
621
796
179
1
93
321
95
219
126
25
92
12
16
16
19
13
67
104
168
118
31
144
53
59
268
761
20
490
665
130
0
532
53
54
38
105
16
35
62
30
108
17
71
105
91
162
313
1093
478
814
14
4
305
970
5
394
88
452
312
150
124
43
29
24
300
360
170
68
74
85
129
388
1028
789
148
68
84
30
868
55
37
30
51
352
398
28
332
219
12
40
312
31
62
50
190
187
503
801
164
43
166
256
54
517
227
175
274
242
472
418
115
48
315
33
120
376
4
433
645
766
8
720
16
246
423
1123
336
527
1864
668
146
9
87
218
369
236
212
1420
1807
685
126
169
16
184
61
828
145
10
21
79
602
9
128
966
855
1050
561
599
1026
460
123
156
524
106
817
81
39
276
1522
718
140
358
367
48
142
123
113
564
907
882
231
54
152
148
477
1591
2144
335
185
8
27
4
95
805
134
708
73
192
3
32
184
159
88
1123
846
11
736
135
107
137
831
2102
48
142
242
294
353
715
25
66
1366
103
577
235
31
250
522
204
385
14
124
116
99
465
86
257
294
66
83
409
634
759
22
62
125
354
915
95
314
218
258
91
270
351
112
282
232
204
99
2
375
186
37
460
979
847
268
515
166
138
556
58
125
46
15
51
26
73
410
100
185
29
33
17
74
42
117
68
1133
744
31
56
100
136
86
381
132
184
93
234
663
382
664
116
159
160
73
26
94
170
51
115
126
813
52
202
694
59
293
786
199
95
535
119
291
104
71
1368
1114
101
28
188
35
35
71
78
46
747
56
23
108
45
261
1075
482
531
314
1253
2041
629
1111
7
652
1734
20
19
375
235
13
80
327
828
78
39
101
32
715
1332
1819
1396
63
468
114
149
30
25
376
418
1757
542
92
125
67
127
2019
754
1
217
15
102
189
688
70
174
1323
1257
76
55
294
814
293
356
7
1036
388
18
28
217
248
831
213
81
75
142
20
415
76
99
843
192
320
532
764
2259
2525
1572
123
66
293
151
203
130
222
658
36
327
263
82
114
388
323
249
256
69
285
301
296
284
241
79
7
17
42
20
64
128
13
759
14
278
187
68
171
1
1195
69
223
477
1286
803
698
23
79
1
5
478
2
504
76
61
138
877
21
199
288
231
70
80
1073
961
214
249
159
120
74
54
231
80
571
744
365
421
647
531
54
1198
705
530
469
142
140
26
108
1863
377
182
181
90
12
11
65
594
28
48
834
488
933
663
536
691
386
701
725
550
68
31
226
52
1986
1183
591
293
423
941
1201
672
1065
1461
27
209
44
41
287
16
1529
1559
1571
1135
846
1225
568
16
31
30
182
435
527
715
635
335
2
17
82
142
124
124
197
466
585
851
1128
520
183
973
1109
709
671
651
1127
1520
1691
1965
2024
1751
1268
1110
648
44
23
36
273
508
878
1344
2141
1720
626
536
758
741
858
775
1072
1367
1482
2015
2658
2710
2434
2107
1539
734
269
2
312
558
728
1321
2423
2915
1662
293
415
524
810
873
961
1193
1390
1818
2381
2687
2866
2952
2848
1868
843
347
212
558
726
1005
2100
3126
2142
265
109
195
533
730
765
954
992
1282
1684
2026
2457
2856
3167
2704
1582
583
161
542
683
725
1364
2417
1883
66
139
0
443
685
595
643
756
983
1182
1345
1576
2156
3040
3236
2152
658
225
539
651
667
1231
2234
1352
295
228
4
326
551
550
598
774
904
898
933
1042
1527
2402
2995
2582
1260
195
548
660
732
1416
2380
746
519
222
49
271
507
564
604
820
943
850
837
820
1102
1776
2641
3047
1881
155
571
567
790
1597
2220
41
567
134
24
129
402
490
541
797
941
943
1003
1000
1111
1508
2418
3043
2084
90
601
514
900
1792
1952
269
528
110
152
167
55
237
451
560
513
211
21
57
579
1167
2135
3151
2383
24
616
460
936
2175
1818
368
409
99
242
478
391
80
307
370
177
162
364
188
227
620
1681
3097
2609
107
623
441
940
2422
1840
404
311
679
55
461
491
122
688
1286
1667
848
213
263
76
339
1211
2704
2726
341
610
488
884
2291
1987
236
115
1768
913
289
543
162
1091
1966
2337
1410
138
318
136
13
917
2412
2679
482
586
600
808
2062
2054
155
0
2617
1945
13
338
111
1045
1687
2224
2160
870
56
87
143
1007
2308
2542
624
585
640
882
1927
1922
87
39
2407
2354
944
71
49
1089
1539
2015
2327
1623
873
516
481
1167
2364
2314
732
601
605
1020
1844
1768
13
134
1407
1838
1066
483
616
985
689
1104
1643
1618
1323
953
841
1202
2264
2187
1265
605
615
739
1103
1312
343
54
769
1279
1001
745
948
1029
476
470
833
1140
1221
1073
878
1098
1802
1697
1773
604
557
498
534
650
357
47
235
838
646
321
875
1117
255
48
32
449
820
916
879
983
1080
951
2004
607
460
378
358
308
199
74
19
510
160
20
597
513
97
170
67
192
524
798
898
974
787
275
1747
615
431
293
179
265
31
159
36
246
28
122
883
701
26
39
59
399
557
686
840
879
730
71
1118
636
360
295
431
650
138
72
301
358
18
550
1632
1435
497
157
256
474
616
767
747
758
849
193
571
658
356
434
706
1184
760
60
470
357
22
388
972
698
11
19
22
228
689
813
620
834
1214
770
60
661
356
450
556
1159
1068
21
127
410
532
759
994
931
469
480
556
339
658
719
699
1218
1867
1232
160
663
315
428
349
989
1201
13
32
214
541
1066
1481
1409
945
872
748
558
659
542
872
1705
2662
1608
241
672
330
512
274
745
1123
240
14
51
74
543
855
929
708
665
713
848
687
407
1045
2085
2794
862
394
658
432
661
315
440
713
183
74
61
31
383
911
1048
970
892
762
839
602
482
1143
2220
2720
704
342
637
697
821
518
381
226
97
109
113
26
514
1037
1349
1342
1287
1035
830
902
763
1176
2424
2592
523
165
749
307
266
260
182
251
477
426
438
571
596
503
397
300
152
147
209
110
27
307
1672
2224
822
25
9
11
10
6
3
3
899
1288
932
1005
922
457
581
91
2
669
887
838
940
1012
886
974
1029
1273
633
1255
1224
2042
2117
2254
1927
781
621
1000
392
2
4
13
6
1
379
1460
1397
1316
1467
1152
1344
1123
476
766
1119
1131
1358
1748
1522
150
4
6
15
12
18
8
89
14
6
349
462
648
923
969
1164
603
460
727
1313
531
698
809
1067
517
6
17
9
4
199
807
192
3
11
10
10
4
264
1518
965
291
460
879
871
1005
9
3
1014
4
12
4
123
321
978
473
224
465
52
4
9
5
528
899
622
961
453
739
878
1434
2
621
27
12
328
983
723
750
454
468
459
770
806
695
168
2
157
0
1048
1504
460
687
1050
811
1493
1691
9
626
747
915
607
634
579
616
695
950
966
1018
970
341
311
1
1439
656
430
904
881
603
1666
602
38
741
942
754
819
877
742
925
1097
920
825
926
932
823
660
494
274
449
446
875
825
711
1360
308
359
890
770
690
1041
1018
1066
977
1003
736
752
791
904
769
941
1207
1003
641
465
749
749
703
1658
389
827
1212
1002
1121
1058
905
1122
975
1031
1057
1221
1107
1148
965
883
417
1371
899
439
700
885
951
1338
579
1375
1457
1526
1553
1247
1070
1128
1390
1455
1555
1555
1184
1339
1131
616
0
754
1117
416
822
1018
780
821
1057
1302
1268
1424
1376
1323
1203
1231
1408
1129
1319
1400
1160
685
962
1028
637
1270
829
406
782
1190
845
542
1143
1184
1423
1
336
1176
766
1009
1376
970
12
569
1444
573
546
920
1189
1161
201
454
775
824
1074
741
1060
925
155
5
5
203
536
1323
1208
713
0
4
140
808
817
859
1107
696
359
428
697
752
1552
630
775
3
8
876
5
6
840
1858
619
6
758
6
9
7
860
987
974
242
380
410
694
1689
1301
19
76
665
4
12
7
661
1174
1206
559
0
7
8
2
584
937
1059
1142
1
0
410
917
1208
335
9
301
1160
298
469
988
1839
803
680
853
955
708
645
914
1131
1020
1015
1602
1
13
425
926
420
1266
770
466
985
850
1007
1575
1534
475
967
861
1258
1231
811
1059
1090
919
1306
1246
557
6
345
896
974
920
540
706
1072
1359
1639
1449
1123
912
1165
1264
1217
1351
1316
1327
1111
1182
1455
549
1537
301
373
995
819
262
639
1093
1420
1408
1567
951
683
1372
1493
868
776
764
1376
1319
1200
1287
1023
935
1329
755
473
832
692
845
967
1059
1101
1374
769
793
751
667
443
143
820
804
972
1071
1353
926
629
1392
1186
1935
441
912
619
868
575
486
692
481
0
1597
1530
536
108
1100
1418
1734
1021
492
929
789
833
1417
1545
1360
448
830
679
879
265
1190
379
174
1209
674
619
907
1046
1126
871
413
1078
670
708
739
1178
1635
864
1195
454
632
834
905
572
499
689
1381
1416
4
716
1067
706
873
0
7
427
1656
1274
934
1398
1557
448
996
514
696
792
808
823
523
529
1108
1382
892
855
853
1020
1087
206
436
1254
1404
1247
1318
1330
1239
1371
1324
434
752
814
778
720
920
577
454
1364
1260
0
3
2
1
304
1316
1610
1065
1130
1313
1438
1324
786
1018
181
826
812
713
651
1362
1343
1
920
1347
844
394
427
756
1099
1555
1306
982
1257
1348
1594
860
2
721
608
1027
994
937
1076
1480
982
633
992
1274
1189
1254
1272
1319
1535
1323
1111
1295
1390
1274
1307
489
444
431
-128
-137
-150
-262
-87
-107
-118
-173
-144
-211
-193
-157
-161
-155
-115
-231
-222
-362
-268
-245
-373
-394
-525
-165
-154
-443
-212
-273
-117
-503
-140
-118
92
104
-26
33
-27
-75
-29
-106
-15
-119
-167
-419
-156
-150
-404
1100
451
-257
-142
-160
204
-123
-42
-234
-44
-8
-87
-109
-116
-113
-127
-93
87
298
840
176
-17
372
15
1398
505
66
281
-148
-272
-135
-192
-112
-117
-115
-131
-132
-128
-131
-151
-133
-119
-110
-19
520
700
225
-71
1865
445
-22
70
-165
291
1508
336
-95
-135
-146
-154
-172
-148
-153
-155
-156
-139
-126
-119
-125
-187
13
-604
871
454
-1
38
-208
-151
-109
-117
-115
-132
-157
-189
-183
-148
-196
-175
-179
-158
-151
-137
-130
-112
42
-386
832
493
33
59
-217
-209
-135
-130
-132
-158
-174
-196
-191
-196
-233
-202
-224
-225
-204
-140
-130
-118
-258
-455
1341
509
-14
70
-75
-168
-148
-135
-136
-163
-183
-161
-85
-134
-133
-85
-70
-145
-208
-204
-163
-141
-112
379
1903
501
-50
41
-38
-89
-107
-132
-147
-177
-160
-149
-107
-91
-21
-85
27
47
10
-127
-145
-155
-158
-307
1147
480
-92
96
-180
-174
-159
-370
-345
-380
-163
-105
-99
-181
-209
-419
-510
-246
-16
-76
-179
-179
-145
-369
419
464
-59
279
-88
-187
-549
-443
-444
-610
-281
-397
-48
-160
-385
-608
-774
-335
-594
-162
-33
-136
-126
-433
650
427
-64
426
165
681
-116
-203
483
1089
1055
396
319
134
415
1031
1142
2165
513
275
-26
-129
-142
-388
884
427
-37
393
-191
-117
-4
181
861
1063
124
21
197
67
523
1639
2226
2091
49
-170
-124
-114
-141
-233
1322
445
22
432
-209
-126
-97
-234
744
293
-50
-119
-120
-108
-75
-197
-131
18
-25
-126
-152
-117
-132
-168
338
460
112
400
-179
-157
-125
-104
780
47
-143
-121
-141
-109
180
-10
-85
-121
-122
-104
-137
-109
-127
-185
148
449
52
237
-103
-91
-121
-144
-178
-147
-211
-173
-158
-113
-140
-164
-173
-151
-186
-208
-195
-96
-151
-238
-87
467
-10
42
-221
-121
-117
-134
-219
-240
-285
-123
-192
-117
-139
-158
-178
-189
-211
-236
-223
-118
-202
-174
167
464
18
160
-223
-154
-142
-150
-280
-382
-298
-11
-189
-84
-117
-204
-221
-231
-236
-209
-13
84
-186
-141
122
447
38
229
-164
-195
-169
-267
-409
-319
58
-109
-381
-253
-203
-234
-197
-330
-212
-205
-23
-15
-131
-138
-157
482
-17
63
-96
-226
-162
-357
-352
126
876
-51
-162
-48
-137
-329
51
96
136
-84
166
-185
-149
-499
-106
407
-95
-56
-208
-251
-54
-335
195
740
437
11
84
565
780
21
-44
39
376
49
184
-132
-66
-527
95
406
-46
125
-73
-161
278
20
693
737
-150
-223
-477
-269
-193
-510
-224
-271
49
155
54
-118
-42
-235
1874
449
-19
79
-53
-188
-210
-125
196
-7
369
984
-267
-143
110
-81
414
-364
-263
-67
121
-66
-130
-317
-391
467
-58
5
-26
-101
-156
-128
-129
-117
2
679
-71
103
412
330
1082
160
-194
-158
-42
-89
150
627
793
438
-114
25
74
-55
-247
-127
-112
-130
-164
-169
-240
-208
-243
-302
-240
-316
-190
-150
67
-194
164
-395
824
451
-95
130
307
285
-236
-153
-119
-120
-135
-139
-118
199
255
-206
-338
-301
-121
-394
74
-298
594
-261
-156
-83
-404
-237
-70
-58
-253
-122
-164
-289
-354
-407
-444
-433
-430
-499
-444
-212
-202
-417
491
-359
427
-171
442
269
-322
-430
-369
-643
-652
-515
-416
-269
-312
-515
-626
-699
-764
-705
-389
-81
-395
-278
671
-429
844
-63
-15
-11
432
30
-136
-199
-88
-73
-150
-117
-236
-307
-194
-220
-272
-289
-268
-246
-253
-222
-290
-243
-214
-271
-362
-29
-85
-229
-207
-26
182
-109
-321
-143
-198
-202
-39
-59
-194
-145
-125
-162
-295
-288
-276
-303
-287
-287
-280
-17
-64
-220
-55
-35
-112
-249
-301
-184
-145
85
714
185
-118
-27
109
-284
-192
-269
-330
-254
-244
-271
-312
-5
21
-163
-148
-181
-286
-231
-245
-81
491
852
846
499
-98
123
570
268
89
-21
-198
-237
-247
-328
-297
-8
143
-144
-292
-261
-212
-248
-81
455
1195
790
371
149
416
540
351
379
252
237
-129
-354
-307
-256
-272
30
227
-162
-327
-182
-127
-73
228
1140
581
394
350
274
429
248
249
83
18
144
-172
-350
-280
-280
-326
134
367
-189
-243
-17
-109
148
984
927
571
500
410
324
400
231
-5
5
89
-151
-260
-325
-293
-269
-294
192
468
-168
-168
166
-35
474
1484
534
626
722
430
284
230
11
-53
5
68
-114
-293
-243
-303
-272
-324
184
457
-142
-116
275
318
1213
1013
624
637
490
552
322
-5
109
77
89
256
-68
-256
-298
-292
-301
-308
178
422
-93
-49
358
248
788
1059
1192
1227
889
547
173
10
306
250
493
676
424
-179
-242
-292
-274
-325
194
417
-72
67
365
1
-55
340
651
732
1143
248
-179
-7
-2
2
-149
469
220
-219
-385
-252
-258
-321
171
392
-72
54
386
2
-175
-271
-312
195
1479
355
-382
-245
-133
-228
153
524
618
149
-247
-217
-231
-335
103
207
-94
14
332
-88
-96
-136
-133
-67
349
-112
-426
-86
-90
-79
95
1302
738
-207
-195
-192
-214
-368
26
-13
-157
54
179
-166
-69
158
-262
-210
-237
-179
-223
-58
131
-98
-148
-219
406
366
-308
-213
-234
-336
-31
-125
-206
-22
-11
-41
-108
-59
-177
-183
-158
-211
-297
-127
-94
-137
-95
251
498
461
-223
-248
-269
-356
-22
-166
-258
-77
-126
155
601
-85
333
-2
-119
-265
-278
-38
217
420
153
298
771
-66
-261
-286
-230
-300
-12
-133
-346
-209
-122
-31
522
1235
363
-98
-264
-262
-171
136
1278
221
108
96
-7
-50
-231
-236
-201
-254
-8
-149
-350
-273
-225
-145
580
1277
123
-265
-276
-80
-239
-93
851
928
516
85
150
-83
-228
-230
-167
-304
-8
-43
-274
-268
-287
-230
666
764
-115
-359
-86
-41
-307
-234
-34
1040
665
46
-14
-112
-334
-222
-161
-281
-14
122
-102
-242
-174
-83
428
375
-448
-218
-144
-109
-381
-174
-118
-41
860
309
15
-170
-172
-189
-135
-292
-7
348
9
-233
174
23
-157
-174
-172
157
740
581
784
760
1020
480
-103
613
7
-88
-52
-112
56
-200
-73
356
287
-132
-4
-30
-340
-220
-49
551
911
82
267
270
-53
151
-136
-213
360
-93
-127
22
41
-141
-135
214
797
-142
-46
67
-269
-167
-208
-130
-339
-193
-251
-349
-264
-140
-144
-156
-23
-149
-134
380
-26
-307
-88
407
876
-128
-106
389
-249
-185
-66
-262
-317
-242
-271
-274
-104
-47
-233
-193
63
-2
-33
198
-122
-236
5
644
704
-125
-57
340
-227
-252
163
-249
-154
-245
-193
-133
270
407
-120
-193
145
-35
-10
41
-171
-195
146
780
560
-142
-61
211
-320
-255
203
1036
75
188
191
647
461
58
-317
-150
-6
-161
6
-105
-94
-221
791
2058
2106
903
303
308
-131
-71
787
2098
1992
1947
1648
1341
957
147
-21
106
-91
-196
-11
-105
394
-75
208
1543
746
-7
-395
-315
-84
-297
-62
1083
839
365
93
5
-85
-187
-122
-172
-518
-156
-232
-245
12
-269
433
736
849
952
847
858
242
109
949
863
510
1133
1242
291
977
1104
381
1246
691
484
1095
741
733
1185
485
669
1063
685
716
357
540
263
985
1095
-2
319
511
1185
652
-74
1788
266
333
771
67
87
535
1117
303
1052
653
815
1003
334
466
63
617
108
1015
860
568
2067
-143
772
827
672
588
705
506
1111
-117
1240
397
796
816
926
788
294
1989
110
-112
-29
520
885
310
-250
531
-67
262
613
1254
211
1250
659
-115
1322
433
705
889
337
213
2246
43
-98
1166
632
-107
-130
56
196
1111
672
63
1
459
868
165
-180
869
739
376
770
848
612
-22
-6
-351
1529
667
-187
-4
26
553
573
517
496
968
320
-10
28
-55
1351
527
-37
352
848
638
1033
25
-751
1923
-60
-168
280
371
521
482
671
516
492
546
815
645
503
-130
818
-270
1394
350
713
842
1049
-283
594
404
-76
287
215
643
192
543
674
372
504
575
825
861
797
303
-125
637
1319
368
637
821
965
-250
697
-5
60
273
537
301
752
336
669
496
636
571
707
841
878
771
107
-213
699
324
597
914
1098
-408
882
205
108
372
381
352
514
648
629
605
708
626
382
772
878
636
627
177
572
313
698
895
672
-166
1072
-28
55
73
-74
447
334
646
668
694
266
398
578
425
835
604
590
473
849
314
713
832
738
-17
1040
175
693
745
592
777
745
738
653
567
409
1207
646
979
764
1013
509
-116
941
347
603
914
798
197
588
1045
371
152
952
1132
1152
863
957
882
1140
403
741
407
1021
902
544
426
585
379
693
789
653
-50
1517
166
955
481
677
639
1704
951
767
646
729
-4
1042
1424
1065
892
547
-163
1750
336
788
933
670
-207
1324
965
911
-177
351
18
819
417
988
1132
-74
1251
-391
1586
1213
843
472
-169
1475
368
877
713
-45
505
1137
1110
-208
1831
399
647
309
154
1322
683
901
195
1246
-119
262
819
404
-99
1010
416
765
716
854
16
-71
-121
1184
52
670
-194
738
221
839
876
490
668
-68
214
428
951
719
-36
180
488
393
1106
911
431
-139
521
478
680
-34
564
824
341
144
821
863
356
514
397
802
688
510
1203
-106
485
655
783
793
555
5
1465
790
252
158
1196
358
731
98
365
530
529
418
707
711
528
1108
491
525
429
456
957
842
678
75
780
513
375
1008
415
717
432
671
604
631
706
743
646
615
759
868
855
634
363
377
1027
771
979
311
129
455
96
1863
690
701
413
881
1722
434
869
941
592
761
1019
991
546
431
343
384
790
865
1173
493
621
17
1965
51
862
441
1188
-42
260
790
228
746
454
1052
1159
717
606
701
331
400
540
929
1228
282
225
1966
101
226
707
1101
335
702
246
292
1200
315
619
873
1099
-74
2150
758
317
477
327
791
1357
901
252
420
713
300
1586
753
884
530
114
1291
1417
510
540
711
838
-164
1952
1021
322
402
442
486
1215
1089
85
995
956
689
516
828
757
451
859
988
441
405
926
731
553
421
828
163
265
521
357
480
1295
633
462
328
864
851
484
698
1123
761
970
467
262
717
822
1101
-51
1283
426
903
292
512
308
589
818
594
933
-57
866
646
679
773
699
606
416
207
360
1202
670
947
-146
1087
1545
482
837
221
123
355
528
591
916
472
-86
759
588
359
274
484
436
337
1180
536
482
1128
280
-246
2158
467
38
92
112
145
185
215
202
117
47
63
70
62
52
32
14
33
88
137
153
144
118
94
61
5
963
1175
740
317
30
192
186
22
31
10
373
938
1348
1281
784
398
102
27
39
60
86
95
78
24
551
610
390
224
450
1181
1363
1191
917
1424
1632
1371
1121
924
730
788
1077
1279
1046
536
13
60
60
31
584
627
526
638
1046
1481
1515
1694
1772
1961
1642
1233
1071
1181
1370
1487
1432
1680
1652
1175
614
398
449
376
622
709
779
1089
1174
893
1043
1705
1790
1427
1004
1085
1106
969
931
973
976
1000
1184
1094
1056
1085
1070
920
522
628
1013
1525
1347
420
679
1411
1398
1138
1076
1093
1046
871
710
554
661
857
1026
1081
1224
1123
714
480
449
599
974
1235
890
337
996
1527
1209
849
740
667
480
443
450
437
472
547
818
952
907
469
93
17
440
577
648
472
311
622
1472
1039
524
596
627
433
218
231
352
570
529
366
490
590
534
139
15
6
457
520
387
18
22
406
1339
746
382
611
600
511
455
453
562
760
773
614
532
502
551
525
411
506
473
568
456
51
37
267
1192
539
8
13
47
260
391
483
476
439
419
435
268
294
591
917
822
723
474
577
457
408
542
1120
979
109
52
86
53
9
223
16
47
77
46
170
284
185
526
768
493
554
479
554
482
576
703
1007
646
35
66
48
6
335
407
9
63
70
10
399
488
494
469
438
325
608
476
544
549
479
155
293
377
11
33
1
300
825
801
543
642
890
688
471
302
382
498
351
394
524
477
553
473
306
127
247
398
579
930
856
883
996
728
639
1076
1080
614
221
224
385
589
686
526
545
508
630
503
565
1154
1500
1243
1392
1688
1686
1728
1098
602
777
1209
1233
814
401
277
747
795
778
607
736
583
635
604
1026
1688
1698
1365
1311
1428
1299
1090
584
291
697
1379
1679
1575
1068
767
615
527
592
692
880
612
605
694
983
1407
1052
946
763
1089
1032
759
320
189
261
657
866
958
956
664
258
203
575
920
870
527
563
634
1011
1307
962
534
560
576
462
495
585
515
221
4
16
252
582
531
373
366
565
884
1076
512
554
651
885
1012
633
236
62
27
35
26
46
22
34
52
54
2
346
554
562
537
506
680
895
535
619
563
437
342
200
121
23
41
119
465
1
54
22
154
242
356
391
499
556
563
403
11
15
550
653
546
342
285
254
367
397
535
865
949
467
411
499
554
493
389
481
552
572
496
251
19
31
513
624
547
529
724
737
826
1172
1214
804
229
206
327
250
1
7
83
336
543
544
580
432
3
16
514
615
530
480
591
648
961
1222
1228
781
182
220
593
292
25
239
530
687
546
550
550
0
53
73
532
621
504
294
299
508
880
738
802
1082
745
675
710
675
474
751
1001
724
494
503
274
33
9
1048
502
582
499
349
453
584
455
31
446
1068
1150
1126
1074
1222
1205
1016
742
300
293
470
457
433
693
1242
506
593
544
499
445
168
285
628
957
981
1161
1268
1212
1427
1526
1198
458
168
383
556
774
1011
1060
1093
1053
1480
1480
1399
793
164
652
1529
1511
1397
1677
2035
1964
1756
1324
735
526
745
1089
1176
964
964
998
726
870
1066
1070
1127
940
690
517
196
13
20
138
499
860
957
868
873
1091
1294
1367
1272
1229
1461
1436
1012
-146
-183
-181
-104
499
-3
-253
-185
-146
-142
-147
-143
-140
-142
-152
-149
-143
-147
-156
-151
-149
-154
-156
-145
-105
-97
91
415
71
-946
-394
-53
-97
-115
-122
-114
-116
-124
-126
-105
-118
-127
-81
-117
-118
-112
-114
-120
-149
-84
434
-126
-78
-115
868
235
-116
-113
-111
-100
-109
-113
-113
-106
-116
-109
-124
-145
-106
-66
-30
-148
-140
-142
140
-229
608
689
724
-41
-136
-129
-124
-120
-121
-113
-104
-99
-110
-111
-81
-103
-102
-146
-246
-274
-146
-66
498
507
943
703
331
-22
-95
-118
-118
-109
-97
-97
-114
-127
-136
-130
-139
-107
-140
-64
23
-7
-142
-116
512
771
103
288
-62
-123
-118
-108
-97
-99
-112
-113
-118
-116
-118
-118
-120
14
-168
-127
-55
-136
-143
-118
-76
497
-228
354
-136
-122
-115
-109
-115
-120
-123
-124
-122
-119
-118
-122
-131
-47
-329
-97
-169
-244
-148
-119
65
708
-280
163
-122
-121
-112
-120
-122
-124
-123
-123
-123
-122
-123
-123
-130
167
-185
51
-30
-77
-141
-115
-57
46
-400
215
-82
-127
-128
-131
-130
-111
-129
-127
-127
-136
-138
-137
-128
177
-161
-54
-138
-136
-147
-121
600
700
187
549
-28
-25
-11
-10
-127
-157
-151
-133
-123
-134
152
-18
-166
96
-109
-127
-91
-133
-144
-118
366
-444
-14
207
535
888
802
145
-270
-115
18
349
562
36
152
-78
-128
-8
171
-129
29
-139
-145
-120
879
-235
937
112
-201
-999
-1238
-1131
-605
-177
-320
-552
-950
-909
-41
-538
-637
-128
572
-184
88
-160
-147
-118
962
-424
910
371
912
1587
2800
2836
1997
812
406
888
1559
1501
1610
1554
1318
965
1008
-343
305
-100
-145
-118
667
-479
1009
-221
-624
-329
272
484
459
528
329
-34
-128
83
428
-85
-363
-16
697
-246
239
-177
-146
-61
1237
-166
540
197
458
660
119
149
296
375
-70
-141
-101
-119
189
929
863
747
707
-308
502
42
-140
-142
-46
-772
445
106
127
-24
-106
-117
-126
-68
-186
-8
-113
-116
-100
-115
-120
-133
549
-215
332
-34
-147
-55
814
325
823
-70
-122
-116
-111
-62
-109
16
-27
64
-113
-112
-102
-104
-104
-117
322
-97
364
-6
-123
-119
20
-52
34
-55
-98
-54
-21
-137
-125
-140
-87
-28
49
-57
-138
-134
-126
-112
149
-71
199
-91
-182
-135
-78
-118
-113
-21
-96
19
-70
-139
445
24
204
-121
-181
-237
-182
-147
-81
-94
-91
-127
-21
-148
-133
-97
-118
-36
257
52
-109
-175
-394
-354
-87
-814
-474
-403
59
65
-38
-126
-175
-226
-111
150
157
-189
-130
-117
-131
-118
-1
-478
11
6
533
855
1217
511
1456
1086
1221
858
512
228
15
-5
243
-52
-523
-437
-145
-130
-111
-45
323
-228
780
225
701
438
378
400
731
448
-37
5
-43
60
0
-30
-8
423
222
298
-142
-123
-131
9
809
-58
810
42
-28
-476
-584
-601
-580
-759
-642
-455
-35
302
100
124
318
-286
-671
-70
-133
-122
-133
-68
132
-384
281
-29
138
836
1534
1671
1672
1762
1758
1330
873
288
-150
45
-167
560
905
958
-128
-131
-133
51
568
7
274
-127
-298
-193
-467
-612
-577
-349
94
-36
66
-194
-191
326
-73
248
251
-72
-147
-138
-132
-14
77
-458
43
-56
-101
261
485
860
826
498
113
-43
-74
-52
29
466
-309
126
-39
-133
-23
50
-2
316
517
172
791
357
325
49
-37
-16
-10
58
65
-50
-219
-41
193
380
-207
358
-40
-142
-339
-391
-460
-355
-253
-293
178
-357
-183
-514
-284
-318
-263
-322
-385
-368
-263
-29
-163
38
32
394
-86
-137
-305
-97
-243
-276
-8
-370
-21
-53
-145
-225
-87
-114
-331
42
-241
-296
-87
-153
-167
-186
-173
-58
-256
-105
-39
52
-389
-159
-68
-453
396
-82
-73
-156
72
-161
-264
928
-323
-313
-168
-214
-126
-213
-113
-92
-314
-108
147
223
-209
-192
-73
-290
277
-291
201
-13
448
-83
-80
1049
-92
-93
-136
-126
-202
-245
297
-198
-290
-29
178
228
3
-393
-85
-131
-147
-259
405
82
361
183
146
419
374
180
190
239
-165
-223
19
-101
-99
-140
153
425
268
-171
-247
-59
-275
22
537
-69
461
239
701
392
715
495
660
345
95
-159
-153
34
-90
-126
176
321
283
-45
-222
-9
-39
451
169
-67
533
350
755
363
627
577
921
510
380
-149
-71
-79
-216
-55
233
164
41
-238
-53
186
709
-14
183
452
657
468
708
514
382
512
750
590
673
-151
400
-361
-60
-118
259
162
-22
-369
-60
506
515
-119
619
615
699
561
407
710
275
442
475
579
692
-139
733
-206
-135
-166
273
190
-45
-359
-14
986
173
-29
762
442
704
747
287
739
315
617
273
446
493
-117
446
197
-170
-156
284
225
-140
-351
297
889
-57
778
689
480
618
372
485
573
294
226
1187
747
2
99
-71
-27
-49
-97
287
244
-245
-288
266
-58
-116
688
698
1308
479
79
-16
153
191
-40
1536
898
718
166
-200
-118
-3
-83
239
285
-312
-207
65
-358
-177
-116
98
1698
189
18
-245
-85
-109
-124
936
707
320
394
-120
-90
598
-402
197
184
-319
-162
112
-299
-504
-23
-35
331
355
-62
-324
-37
-206
-78
-11
484
556
70
-143
-64
783
-396
156
251
-438
-112
159
136
-817
334
41
-70
622
-6
-248
41
-182
191
-154
415
1502
443
-237
-56
272
-203
93
384
-517
-39
-44
1375
-611
-183
129
-46
476
-40
-33
625
-318
-176
-179
920
480
270
-211
-112
404
-347
138
-49
-67
-160
-153
1528
-157
-135
496
-181
468
233
-8
1558
-271
-154
-41
496
72
349
-97
-26
343
-463
112
-165
680
-46
-181
998
451
132
492
-248
1063
201
-12
1738
44
290
427
363
261
489
-115
712
294
-496
82
-98
364
997
-153
531
835
175
6
133
1682
-210
262
1161
641
749
194
646
543
240
-174
601
180
-203
52
133
307
1092
-164
610
785
-109
-30
976
960
-398
670
989
747
650
-14
761
222
276
-5
-146
600
-378
4
402
531
390
-163
1436
-75
-249
539
1228
-233
-471
971
761
1082
-100
347
659
-65
609
37
-131
373
-359
49
408
568
152
-278
1845
-381
-205
1029
868
-102
-429
925
-17
937
300
75
714
77
713
-224
1161
-547
362
-21
712
424
199
-365
1739
-317
-270
108
428
700
-88
843
148
248
1569
537
294
471
600
-438
1390
-411
421
-62
904
315
318
-400
1879
122
-173
-432
381
46
-113
541
199
-190
1394
797
222
591
30
-458
557
-98
8
-12
675
321
397
-471
1780
533
404
-201
-23
-221
-231
-6
1
-283
432
-183
999
525
-242
-345
621
-254
-221
154
426
421
288
-441
2231
-85
701
886
-92
-130
-163
509
262
-15
-14
-428
1530
-27
-405
-220
491
-269
-188
219
339
460
274
-448
2402
-154
727
1197
312
251
-98
531
79
24
-78
-45
1358
-268
-333
-80
-37
-314
-63
-54
496
448
83
-350
2299
81
266
826
802
633
133
346
98
-7
-30
416
61
-248
-130
-58
-276
-281
9
-79
474
387
-2
-152
1242
252
174
667
798
676
358
407
226
-7
77
96
-234
-139
-99
-160
-325
-220
-98
597
387
771
534
298
195
416
1860
3498
3715
3636
3615
3642
3347
2700
2788
3299
3151
3168
3427
3323
3385
3757
4055
1825
1775
2319
2247
2285
2536
1300
546
1147
1023
670
217
40
281
497
458
304
1047
994
896
1072
974
1077
2191
1093
80
599
800
760
2183
968
119
26
256
590
808
786
411
170
775
748
292
158
343
787
454
311
1480
1132
19
821
913
62
1321
776
277
695
965
555
65
324
575
351
182
777
1104
1114
711
269
162
185
1253
1218
0
756
792
911
1333
209
229
331
104
255
419
484
364
323
363
78
366
877
1071
905
194
118
1097
1266
45
643
777
828
1816
459
59
624
513
323
238
160
163
156
234
376
419
5
525
1122
801
99
1237
1266
55
624
792
80
926
123
635
579
338
269
201
172
165
163
190
347
543
500
144
631
1206
168
1204
1276
122
620
679
57
905
704
531
585
504
458
410
336
317
316
228
281
418
535
589
21
1089
550
810
1263
146
644
528
295
1053
694
468
555
583
651
622
518
412
430
293
238
279
444
671
290
589
423
928
1229
66
601
527
245
538
533
311
139
11
79
479
568
327
71
143
129
42
35
341
505
586
571
1003
1232
33
708
821
307
204
374
410
574
541
83
50
475
341
90
58
334
17
373
137
440
522
1030
816
1249
37
786
883
817
103
652
752
1640
2351
1510
477
509
729
935
1175
1515
1136
496
365
665
64
1093
548
1271
54
925
911
896
448
786
590
446
1235
1894
925
415
789
661
137
775
1762
1158
607
665
452
875
303
1313
22
865
811
868
670
1110
191
342
1
820
1006
467
538
311
395
108
1159
978
476
523
539
744
323
1335
38
640
570
1007
530
671
750
521
204
440
1053
952
647
802
491
62
465
755
745
761
621
751
527
1411
87
888
955
1145
331
139
667
499
347
409
728
1021
647
618
463
51
318
528
668
810
681
693
30
1379
146
1129
902
844
96
144
152
401
435
572
307
581
665
571
296
84
330
283
404
699
867
440
418
1455
103
744
749
233
125
473
325
138
336
412
24
78
473
607
219
55
7
201
380
585
909
70
8
1462
29
576
731
153
312
295
690
437
401
350
15
143
165
568
390
63
105
299
448
613
772
944
554
1352
82
625
595
194
657
81
881
952
754
913
879
373
678
1003
1019
664
283
355
579
782
564
538
289
1424
29
618
649
39
446
183
1051
1107
774
1099
1322
743
757
1025
1014
924
407
302
583
687
342
269
600
1448
87
468
774
451
266
452
736
908
464
312
429
134
0
399
496
480
312
372
445
536
618
1014
1769
1410
80
476
799
723
292
1052
106
652
567
300
87
481
559
53
579
311
116
66
320
581
960
1080
2342
1392
42
564
800
829
195
1341
167
635
899
1127
1382
833
564
716
1138
1066
548
105
386
699
927
465
1883
1506
4
575
831
832
92
1009
435
448
583
1299
1919
1672
1047
509
967
976
857
483
611
685
290
343
1669
1546
59
569
811
990
233
591
748
327
426
426
821
784
405
229
387
448
670
561
710
927
30
619
1176
1224
312
82
479
877
428
160
623
322
72
96
18
179
70
66
157
387
322
48
456
740
679
146
241
2059
1051
1029
1311
2147
1781
970
26
602
385
437
497
495
588
648
623
705
814
759
443
382
2193
1085
150
7
-52
-113
161
-717
274
69
-544
-317
19
-218
-286
-155
-118
-350
-325
-164
-280
-624
-168
-274
-598
-576
-531
251
530
994
311
-895
-178
498
-271
-225
82
159
468
641
-192
378
1172
1120
528
-471
-103
638
27
-736
-667
364
665
1058
13
-729
407
492
-112
-64
-197
-320
29
888
-442
-584
612
1717
1146
-57
171
-44
129
7
-483
294
745
-379
669
956
356
60
-451
175
185
-228
-290
144
245
-686
-473
436
864
159
-30
388
-417
-460
-333
272
649
-391
-831
279
1187
1730
55
-790
-209
-55
391
-103
-99
-213
-586
-504
94
655
536
570
546
-511
-846
342
739
126
-927
-719
835
674
-22
-408
-81
178
-49
251
68
182
-117
-707
-560
-218
272
555
568
-67
-713
218
938
1137
244
-398
-47
-156
-289
-17
27
282
161
53
196
168
-5
-141
-308
-523
-649
214
1616
287
-719
194
630
892
934
301
-399
-296
-46
-21
-64
-126
179
263
223
426
230
-8
-56
-159
-707
-591
191
351
-299
224
619
581
-504
-255
47
-64
148
221
141
-17
-182
258
136
87
179
388
157
-38
-255
-212
-473
-509
-182
198
580
724
340
-1399
-197
-156
-333
156
368
415
97
-13
317
177
-44
-356
488
652
120
93
519
-588
-723
144
628
114
1503
-273
-92
-198
-823
-790
-183
207
915
729
-78
-641
142
-923
-742
175
176
3
804
300
-739
212
576
-343
-653
218
1990
1129
-594
-886
-625
-177
837
1978
1288
-72
-176
-624
-964
-146
476
-94
-136
479
-224
223
704
-320
-581
-347
-57
1719
-161
-491
-491
-389
721
1736
190
-807
-596
-75
-417
-218
773
422
-668
-587
-46
259
894
-100
-979
-758
-258
1828
382
-774
133
-224
93
1801
1207
-371
-664
-650
-257
-475
183
588
-205
-583
-374
182
563
1022
372
-816
-785
-437
492
191
318
-33
-7
242
-301
-308
1181
656
-118
-30
-227
8
-151
-425
-340
290
655
-601
-371
35
-165
-219
-111
-235
746
254
-70
-462
-463
-271
-172
411
151
224
132
-275
-362
-200
-226
388
1145
-390
-1126
-267
-69
-89
397
305
252
-16
-72
-361
-664
-279
634
393
-52
21
78
-255
-768
-454
-108
391
710
521
-997
-709
-131
-138
299
974
272
-335
261
-116
-678
-394
215
1045
316
-39
273
336
-586
-729
-529
402
680
720
-441
-731
-335
-8
505
964
-281
-908
448
240
-616
-562
-254
907
869
8
-72
137
-87
-266
-324
445
302
-110
133
-226
-297
128
1446
667
-550
-846
703
403
-527
-532
-328
358
907
601
29
-213
-6
-448
-342
398
518
-103
-44
-444
-264
865
2035
108
-1207
-588
779
921
-264
-381
-389
-24
504
714
372
92
-1008
-313
-85
328
397
99
-407
-747
-252
618
1736
994
-915
-931
-397
-54
-176
134
-274
-229
479
465
491
710
-1211
-961
37
381
281
-2
206
-639
-627
-230
653
1549
318
-375
60
161
-268
-207
35
-367
42
587
585
844
-695
-1097
-198
240
388
107
87
-646
-565
-133
-243
-113
0
-140
-118
-58
-257
-220
255
324
-509
147
1006
596
-856
-973
-121
204
456
68
205
-478
-706
-158
-121
-123
-66
-230
159
722
71
-260
74
474
-586
-289
1027
1008
-732
-1299
-299
135
459
184
-120
-470
-529
-210
-64
-156
153
143
-21
221
282
321
397
482
-49
-213
289
766
-152
-1079
-472
356
186
-18
-221
-780
-735
-293
-104
-259
-190
108
243
124
-19
152
523
93
156
294
-770
-77
112
-636
-425
816
1105
474
748
77
-742
-525
30
-75
-95
179
759
1037
958
884
686
727
1500
2054
-608
-883
392
-307
-368
-97
-330
-158
-364
-783
-245
-965
-383
-320
-332
-309
-231
-335
-532
-348
-207
-267
-343
-256
-176
-253
-211
-438
-696
794
-152
-6
-89
-391
1413
427
307
477
16
-137
-10
199
309
357
27
580
36
262
365
311
294
294
-398
952
-177
-197
-539
-85
727
-64
-20
688
-59
449
-8
181
478
141
374
11
-169
-167
-12
51
-43
-231
-723
971
-100
-307
-190
-481
600
705
-382
-66
100
419
415
379
-117
175
846
869
608
-74
460
530
274
2
-420
946
-107
-562
315
205
-219
302
-99
662
268
142
923
373
503
-80
74
158
463
188
-46
-206
510
375
-574
943
-59
-289
-237
1606
158
329
126
814
70
463
625
646
577
464
450
-28
311
213
771
-71
-116
-19
-669
876
-5
55
-625
173
369
1338
-395
1152
411
497
561
544
713
742
731
316
268
-68
588
594
-111
-101
-509
818
154
299
-147
-145
54
669
159
746
305
746
429
656
630
717
644
541
437
-123
-159
976
976
-32
-704
814
175
-47
-201
-194
936
-31
442
596
521
542
612
718
508
926
580
674
453
227
-159
357
-143
440
-486
836
74
-223
-199
-10
1950
-554
-164
-387
-286
-103
277
703
12
-2
-393
-225
-318
-369
-450
254
-20
-254
-423
873
14
-475
-7
-911
2159
-792
507
244
397
-46
-186
412
-84
-10
523
-136
282
541
-562
545
982
-263
-454
896
-52
-649
423
-430
1877
-1298
-15
-234
970
1414
-185
199
-72
-177
86
-384
-129
1231
33
-322
990
-195
-789
946
-85
-682
-36
-591
1536
-614
-549
-849
-162
877
296
-8
-283
-355
-661
-470
-472
-34
862
-388
1067
-114
-510
980
-125
-827
3
-304
1702
-797
-150
-513
507
-122
1255
-7
-395
-215
-268
-314
706
846
-49
-264
757
-36
-477
998
-136
-725
-125
-608
1691
-602
935
-360
902
-79
1435
693
-309
624
753
-564
-138
1800
427
-283
699
-159
-604
955
-169
-490
453
-517
2154
-947
254
578
408
541
735
376
-268
-250
381
455
189
558
677
-275
931
-44
-624
906
55
-680
820
-279
2492
-464
-110
107
1012
53
977
145
260
495
170
415
329
883
507
-164
731
-73
-504
916
143
-331
397
-283
1930
803
172
300
917
-183
951
-201
-22
425
244
427
391
539
610
139
55
-98
154
999
106
343
-78
-4
-158
1020
262
603
277
-132
774
-419
-117
184
929
622
199
513
794
528
-45
-125
-1100
1181
-135
1013
293
287
162
358
527
223
-47
-201
1409
-309
578
-13
296
1122
138
644
418
467
-98
-183
-407
1284
-222
554
506
-279
661
-122
679
-15
-173
-631
758
-225
-442
367
-96
1008
535
614
384
185
-604
-332
-560
1326
-186
444
622
-577
2789
-467
488
687
-604
-590
-264
154
-390
-98
-502
270
862
720
329
-98
-670
243
418
1285
-233
446
520
-735
1248
-195
98
-134
9
-152
100
-200
81
349
990
39
279
851
-19
-214
-816
-22
-395
1226
-164
427
300
-443
1619
-234
737
-496
-299
-279
-346
67
299
-323
1446
1395
665
560
-283
147
-763
498
-998
1116
-156
455
48
-537
1391
-7
84
162
-306
84
321
796
204
-313
357
786
388
836
-448
618
-608
741
-392
936
-51
402
-27
-437
399
46
-4
769
-202
-263
-112
832
740
751
509
1112
147
426
-473
474
-415
-76
-392
710
-95
252
-222
-317
1062
-50
91
-4
372
-142
-91
379
177
475
724
252
186
33
-368
782
-779
560
-707
453
-458
-330
-674
-235
-156
-655
-19
-193
-38
-195
-205
-165
-379
-302
-201
-439
-227
-67
-1067
298
-964
697
-848
-62
124
441
-42
-119
-19
-7
-64
-360
-249
-116
-292
-438
-275
-253
-431
-453
-341
-479
-212
-93
-328
-368
-132
-629
-1630
-1172
-541
-321
-1017
-715
-1165
-794
-752
-398
-589
-679
-124
-31
-831
-182
-127
-297
-627
-405
44
-876
-522
-38
-475
920
355
398
-296
-286
297
248
572
1097
642
1108
390
-231
277
-150
-458
120
-33
-85
-202
372
-190
107
-353
380
1126
1065
-348
-541
-36
538
711
568
-111
55
38
-123
626
1351
1042
130
573
420
464
46
94
47
-334
842
116
-90
-422
-318
769
1468
191
-180
97
200
278
379
292
-8
263
773
488
484
1525
1290
-174
20
-331
1009
748
1394
484
239
853
-522
-365
448
853
1160
1277
1184
952
711
499
512
619
545
-204
-306
305
34
-286
1128
326
441
-191
912
-356
89
957
1329
1448
1526
1482
1507
1377
1166
896
734
527
1569
174
679
-301
-8
-321
1062
1060
1314
-256
-99
-131
1039
1217
1606
1470
1462
1425
1500
1396
1379
1275
1101
762
486
985
132
-281
48
-286
970
354
1192
395
-2
751
1440
1642
1496
1471
1600
1507
1504
1586
1552
1527
1240
1007
841
555
164
8
52
-306
913
855
1580
-50
-151
294
293
598
1116
1432
1512
1350
840
596
275
448
583
807
1672
163
309
-191
95
-286
753
1460
929
-400
3
2370
2042
2175
193
1042
1592
1310
2108
1311
2781
1553
597
140
562
2097
45
-137
54
-334
643
846
477
-184
1519
992
-473
896
857
388
964
1634
2237
524
-268
391
2315
367
21
862
534
-135
126
-341
729
1110
582
-507
-476
-254
-603
-98
-404
400
918
257
-365
-846
-400
-955
-912
69
252
935
850
-378
87
-351
617
346
659
-278
-681
928
73
-638
-401
1053
469
473
832
227
-374
574
-295
137
841
1162
397
572
93
-353
904
1581
465
-360
-1049
1343
-440
-19
443
168
849
-11
1365
83
-923
825
344
303
951
1266
611
-302
31
-400
416
1366
640
-197
-464
-106
-98
-281
550
6
629
379
-387
-265
-272
-147
-76
653
975
1265
886
-374
15
-446
795
35
375
919
-318
438
-38
86
930
556
1241
963
595
520
35
234
813
1047
1083
1151
977
663
154
-413
747
480
-112
545
441
1288
1043
929
857
892
1243
1088
830
862
1062
1325
1371
1288
1472
1186
358
558
-61
-317
1021
785
1066
260
467
1244
1312
1969
796
1216
777
599
1437
1187
1085
1509
1410
1507
1584
357
952
539
103
-359
1054
1411
411
1413
46
936
1422
636
3041
-18
1841
2433
747
1558
832
1104
1324
1600
1329
639
163
-139
132
-339
879
1002
899
3550
-158
738
1938
161
-258
1401
169
-276
-138
730
2146
857
1343
1473
1118
986
1736
151
142
-367
1078
1010
197
1528
-539
1366
1659
-304
-636
-508
-342
-407
-298
-49
579
1906
1223
1196
671
1975
618
77
91
-258
1247
1097
538
1841
-489
-68
964
2937
2263
1627
1066
1586
1557
2247
441
567
1228
1247
780
1201
-566
-926
198
-330
1148
1083
110
1893
222
18
-391
12
-488
-347
-231
45
-425
1641
493
1155
1043
1103
783
1273
-525
536
182
-349
1267
1227
333
1570
342
-280
534
29
-60
-73
-192
-816
-703
-256
-141
1149
879
937
1575
831
-603
-317
0
-305
1316
1166
428
2465
-244
594
807
517
568
217
567
595
1060
849
1311
1494
964
571
2215
-272
92
62
-48
-497
841
841
-11
967
-580
1218
-185
742
788
547
404
591
816
1148
1463
958
749
949
722
-523
-82
107
763
-349
639
337
540
1073
-761
151
1512
-164
444
296
401
171
350
397
-30
510
1470
734
259
-621
909
-46
-281
1809
124
234
176
497
1180
1228
375
196
271
188
228
456
239
-71
161
240
194
398
288
-12
-33
1318
-120
3817
-287
427
329
-3
406
255
-68
-69
38
-35
-99
17
-62
-275
-250
-14
317
34
104
-22
-284
817
319
4508
-254
889
549
-122
-170
-288
-213
-162
-114
-159
-283
-159
-77
-231
-334
-182
-4
-188
-150
-50
-292
-33
254
4504
-91
992
202
-252
-272
-227
-108
-129
-243
-330
-390
-170
112
-40
-187
-196
-162
-205
-213
-155
-211
-147
294
4567
-127
952
193
-421
-325
-106
-56
-339
-437
-302
-132
-38
126
410
45
-189
-165
-190
-195
-192
-230
-188
329
4574
-209
819
413
-543
-254
-125
-277
-341
-357
-96
64
45
-37
291
468
125
11
-64
-177
-300
-291
-20
323
4628
-269
302
660
-232
-222
-298
-526
-105
-120
51
95
24
51
122
184
213
504
520
-48
-334
-303
18
303
4703
-342
139
833
183
-425
-595
-384
106
-4
40
82
153
232
152
-71
-79
404
946
371
-215
-275
-127
278
4700
-402
487
796
-39
-603
-757
-207
159
59
87
103
149
188
14
-115
-116
28
937
882
-27
-220
-207
244
4609
-483
864
1139
-165
-714
-704
-78
268
70
49
200
21
-6
-17
82
103
-52
859
1049
23
-205
-195
226
4531
-559
1084
1395
-306
-590
-339
194
413
-24
-207
144
331
289
625
1009
346
-359
161
943
26
-268
-175
232
4479
-502
1263
1236
-342
-337
-198
-109
-77
-288
-595
-174
646
303
-38
338
110
-387
-497
-25
537
-167
-194
288
4428
-464
1411
1117
-277
-173
-119
-168
-208
-308
-638
-347
608
732
-61
-171
-100
-217
-672
-407
999
336
-227
367
4481
-534
1290
1074
-276
-191
-125
-191
-294
-310
-530
-338
277
769
429
-181
-213
-266
-708
-471
1137
611
-240
394
4546
-498
1288
1266
-237
-171
-138
-245
-418
-573
-366
174
396
267
-8
-267
-367
-410
-517
-211
1190
259
-216
367
4632
-232
916
321
-262
-223
-244
-349
-557
-602
-77
412
579
360
-245
-419
-513
-400
-246
94
1282
143
-189
330
4732
-126
856
33
-414
-402
-374
-278
-208
-178
199
-45
391
716
-253
-321
-315
-254
-90
245
1278
560
-225
374
4698
-296
852
486
-658
-481
-296
-314
254
313
132
-117
-40
583
-49
-109
-95
-168
-48
262
875
847
-76
417
4641
-275
681
243
-832
-427
86
-159
345
536
504
-12
-25
429
34
-71
-118
-151
100
293
154
802
509
447
4533
-245
474
62
-503
-361
261
-31
709
616
-12
-191
-298
-54
-104
-367
-333
-111
246
-8
-93
517
901
452
4474
-391
612
594
-108
-490
-357
-169
1012
957
-231
-426
-621
26
615
-393
-526
-128
16
-144
328
931
588
380
4489
-441
796
919
-36
-526
-674
-335
721
1370
159
-276
-455
142
1277
191
-385
-410
-289
-121
1236
1322
-59
320
4499
-407
537
948
260
-535
-496
94
264
233
-56
-185
-268
-216
-2
-188
-444
-395
-367
56
1839
1222
-275
307
4555
-409
71
997
735
-537
-340
638
131
-147
-169
-186
-255
-338
-468
-521
-369
-184
-429
636
1974
636
-243
295
4602
-388
-78
937
1105
-275
-451
-54
166
31
-178
-284
-481
-475
-282
-46
-20
-149
-431
1206
1860
-9
-163
260
4622
-349
-118
823
1138
-92
-610
-344
127
131
-124
-341
-513
-488
-126
507
218
-242
-207
1551
1541
-131
-158
199
4585
-361
-130
894
982
-138
-578
-455
-71
-120
-64
-155
-280
-340
-17
216
-128
-169
680
1585
537
-85
-94
404
5145
-243
-9
1056
1174
-148
-302
-432
-335
-42
88
406
316
31
339
168
52
455
1394
1214
-132
-103
-131
84
342
78
204
241
74
804
1037
683
11
78
255
49
66
93
20
98
63
3
63
56
472
778
136
160
307
68
144
186
209
283
1189
660
53
101
36
107
78
622
493
66
59
108
1
71
197
694
16
50
234
35
42
11
181
276
96
325
260
64
101
49
4
429
853
485
14
112
320
344
34
9
430
2
594
410
442
1
33
139
236
170
31
259
121
306
273
32
138
664
963
1022
531
15
23
28
69
23
534
290
815
1181
86
210
172
87
225
386
652
733
566
300
363
425
420
806
876
1
73
32
178
1
499
391
72
149
20
189
24
638
215
348
562
515
472
566
494
175
0
627
1504
537
91
89
19
3
481
185
126
176
51
281
570
513
408
368
302
469
481
505
551
605
446
196
439
978
108
10
11
141
651
4
51
104
56
308
641
545
589
678
578
528
402
564
675
580
336
261
192
557
766
26
18
121
679
3
96
109
76
74
617
916
810
863
615
534
491
396
381
478
470
178
194
420
717
421
0
49
652
33
177
159
84
143
134
83
102
629
653
78
64
112
180
166
41
62
268
849
776
79
20
51
603
15
56
171
297
243
171
117
11
755
434
68
193
240
233
203
68
683
584
458
252
0
86
96
490
25
32
122
292
270
119
89
46
177
57
44
95
114
95
91
8
658
141
30
412
756
103
7
542
40
86
44
86
361
406
72
816
735
10
64
103
153
76
724
216
355
587
16
693
544
20
18
431
89
139
79
45
64
249
152
22
149
7
74
104
205
126
125
550
34
309
277
200
272
95
18
322
53
129
80
37
544
35
187
181
36
561
20
15
86
155
162
68
793
437
218
94
1035
284
5
178
358
27
91
99
52
352
20
92
44
604
823
369
527
6
21
141
96
313
19
23
1549
795
13
183
6
83
625
540
1
567
61
64
81
91
1184
1091
338
556
463
378
218
155
13
103
220
817
27
327
25
792
1293
978
6
48
38
29
56
64
9
848
651
7
171
334
343
145
150
128
198
294
13
300
423
963
622
418
419
79
113
52
47
153
135
22
1415
833
2
230
460
37
301
30
266
63
9
727
388
20
59
439
467
95
101
7
814
102
179
25
1392
2523
429
34
166
420
90
78
170
121
15
824
527
214
10
18
151
114
117
41
367
2
160
60
127
754
2436
322
45
417
13
36
157
75
19
598
730
750
5
163
35
29
183
257
282
142
126
116
114
137
990
1616
510
3
132
814
27
179
24
612
838
56
105
97
526
210
124
177
205
225
221
133
135
107
81
232
939
68
139
54
183
104
16
711
960
214
125
109
659
1114
501
784
88
225
191
102
34
49
103
26
264
52
134
146
67
27
6
676
948
465
136
130
1028
1828
791
751
628
89
62
32
147
34
65
53
11
129
126
95
99
81
163
762
889
564
102
182
843
2357
1182
18
733
737
27
2
57
65
44
17
21
79
77
129
218
73
65
142
157
5
102
153
24
2033
1712
242
42
5
7
63
50
0
42
126
94
23
33
212
283
118
105
59
9
22
0
33
98
217
1289
275
30
24
20
18
13
22
32
86
41
6
40
94
122
60
-466
-623
-106
-159
-190
-102
126
-10
-214
-356
-286
-269
-402
-426
-159
-100
-427
-370
-198
-449
-344
-84
-208
-536
-126
-223
-620
-359
261
-50
-683
-628
-330
-331
-293
-186
-131
135
-70
-182
-38
161
312
40
-302
-62
287
-392
-62
356
-213
-34
-576
-444
716
945
533
585
729
-8
269
114
-163
-241
-1
-193
-432
508
960
-392
-318
357
-116
463
316
-309
-186
1210
-302
-585
-184
163
-72
-42
-219
-145
-194
-378
-215
259
76
-444
-202
401
-9
-319
-117
611
179
49
-153
-890
-465
877
-64
-200
-120
-158
-139
-441
-539
-43
-190
-473
-237
-78
-213
20
1358
1082
-130
552
6
36
414
-92
-8
-30
-40
-205
-461
-366
-263
-90
298
0
-166
-165
-240
-139
-87
-449
-599
-337
-106
320
90
-2
-26
478
602
-196
-362
-310
-134
-96
173
296
34
225
348
-29
-99
-252
-175
-11
601
-58
-136
655
-5
-120
460
-223
-359
-160
-122
14
368
311
-30
57
304
128
77
282
270
299
56
-133
-333
-493
-132
593
158
198
-256
-237
433
-192
-27
-21
-8
200
369
329
335
256
61
206
196
-32
-53
245
490
-171
-118
627
-16
-98
212
222
236
159
-99
72
269
167
334
78
-31
57
100
-162
-187
117
558
496
-112
-130
-111
427
-30
695
233
-489
-342
72
1322
1189
322
-149
-188
-36
86
-132
545
2674
1295
-238
-334
-156
444
-110
-120
606
164
98
-211
-347
492
538
-165
-2
1232
1495
361
128
984
1919
956
-608
494
2638
827
108
-59
605
-133
420
75
389
65
313
9
-495
-154
-116
-74
-185
120
-185
-620
-785
-445
856
-370
-820
-141
24
-96
-456
-109
483
62
93
-39
-78
-62
-184
-384
-556
-459
-84
-53
53
436
-110
-541
-831
214
1021
90
273
-92
487
-124
611
-175
-196
701
1335
-104
-511
-133
-127
-4
-134
781
-341
-736
-48
90
225
-88
-113
-64
-2
206
-100
-132
323
198
290
-160
-40
208
-346
-525
-257
-217
-230
-114
92
-70
-654
-444
-246
-359
-292
-43
67
439
59
-139
282
581
494
-409
-123
547
243
-178
-501
-247
-148
-357
42
1110
-98
-381
-360
-482
-257
-99
-52
-286
-48
-118
920
-177
-417
-80
-301
-1
738
-116
-150
-279
-173
733
211
-152
-65
80
-73
-36
-30
11
521
528
-138
-139
331
170
433
424
783
-13
-241
34
1268
1235
-185
-277
-434
96
1545
471
263
440
169
387
-345
-237
826
-117
614
265
-109
-319
-278
-237
-141
464
-265
-359
1347
1415
2823
1410
-239
737
337
-74
232
410
-42
881
-364
-83
558
-30
-103
-102
1321
1044
387
960
448
-433
-596
-118
-422
-170
-310
-457
355
380
161
-131
-82
-311
548
-110
518
138
173
-25
-203
-433
-8
-46
-330
145
-196
-538
-435
-741
-110
-50
-266
1042
489
-101
558
203
-447
-134
679
398
60
-18
64
-9
-376
-723
285
1367
1483
1057
750
1628
2101
1869
702
-371
-191
282
-1
-115
-55
-96
434
105
208
-13
-61
120
921
-191
-747
-553
-490
-318
-186
-491
-561
-184
490
570
-96
402
186
-156
-410
-104
511
188
48
-48
-37
474
668
217
-317
-589
-184
-90
-109
-247
-374
-618
-314
25
68
656
-58
-29
-142
-129
553
248
-29
-80
555
45
-137
938
1105
-95
-727
-685
-551
-246
143
0
-99
-99
249
538
-255
62
642
-154
650
346
95
28
-50
-140
123
-11
189
624
155
-46
-153
-90
-30
439
393
-231
110
485
-65
-7
135
-161
-32
-53
-261
-187
311
-43
-305
-216
-22
186
37
-229
-353
-212
124
-439
-596
802
1185
-230
-232
-48
-539
344
-9
137
-13
-16
-18
296
197
433
396
439
514
566
518
536
498
455
500
438
349
385
363
468
551
1110
1037
1199
1457
996
577
769
1193
1701
1902
1752
1782
1537
1535
1619
1346
1500
1517
1671
1847
1927
1798
1668
1075
235
-17
10
-44
-94
-134
56
241
873
995
1011
926
901
1006
1003
1200
1095
1231
1229
1161
1115
1153
1187
866
-32
-118
-94
-18
-102
-64
409
839
1097
1183
1020
1164
1001
582
767
513
612
714
926
901
1049
1102
1353
1005
-30
-125
-199
-175
-160
-86
215
367
948
796
876
734
368
360
461
866
1039
1124
932
1071
1026
1029
1143
824
-24
-102
-89
-46
-26
-1
-9
603
501
586
287
65
21
20
194
339
480
598
849
733
1169
1178
1644
1096
-34
-97
-89
-119
-53
-70
220
-43
217
-7
4
-5
-23
-21
-20
-29
-20
25
199
524
833
1027
1192
913
-19
-112
-56
-185
-197
-151
-123
-29
-53
-39
-34
-36
-15
-27
-25
-32
-36
-37
-19
-56
441
361
1026
741
-24
-88
-42
-263
-273
-310
-182
-122
-57
-54
-53
-42
-42
-51
-58
-58
-38
-26
-43
-60
365
577
1229
886
-23
-92
-110
-296
-295
-229
-102
35
151
9
-22
-46
-29
-3
54
107
262
253
30
-99
-19
121
1098
868
-29
-91
-57
-200
-340
-300
-186
-127
-22
-55
-35
-98
-117
-112
-70
-37
59
-23
-78
-137
-141
-44
366
538
-24
-96
-145
-271
-326
-183
-31
727
791
264
-31
-73
-48
292
394
436
553
280
48
-113
-41
139
954
730
-25
-100
-180
-87
-333
-240
-68
516
1150
221
-61
-164
-208
-118
139
942
1655
1171
73
-101
-222
-61
219
612
-21
-96
-103
-172
-266
-209
-152
-81
164
-78
-91
-163
-145
-62
-18
-23
-15
-59
-63
-85
-195
-105
-18
431
-31
-119
-179
306
-180
-82
-41
1282
1444
505
-128
-182
-221
-115
112
967
840
-3
-96
-117
-204
-65
-3
543
-10
-104
-71
-112
-245
-206
-231
-239
-89
-97
-95
-199
-244
-86
-43
441
459
239
-35
-82
-188
-52
-2
483
-26
-111
-139
-21
-188
-48
-84
299
369
174
-61
-125
-120
-24
449
779
545
147
-24
-58
-178
-106
-41
253
-18
-143
-103
-69
-137
-139
-88
-52
6
-58
-90
-100
-155
-93
-88
-22
-9
24
-18
-44
-147
-114
-14
286
-30
-116
-88
-134
-248
-226
-150
-114
-118
-131
-165
-122
-111
-101
-67
-83
-79
-59
-58
-81
-139
-119
15
363
-24
-119
-93
-207
-282
-261
-197
-146
-74
-147
-81
-64
-35
-57
-59
-84
-75
-81
-51
-96
-133
-194
-91
-21
-36
-121
-71
-140
-104
-146
-120
-121
-214
-103
-142
205
266
-38
-105
-190
-163
-125
-105
-86
-113
-51
-1
414
-39
-104
-81
-131
-291
-215
-202
-228
-136
-185
-31
-43
338
-9
-39
-102
-81
-78
-91
-77
-153
-171
-154
-41
-41
-112
-51
-123
-234
-123
-155
-80
-110
-35
-25
374
207
36
-3
-125
-142
-132
-98
-84
-213
-171
-199
-12
-50
-110
-28
-42
-102
-90
-72
-123
-46
232
1126
1163
1367
1030
732
97
-70
-81
-82
-81
-213
-181
-179
53
-47
-115
-27
-30
-149
-119
-216
-192
-118
-42
734
1045
1002
472
497
-12
-71
-84
-95
-175
-249
-175
74
608
-40
-103
-26
-4
-7
-124
-202
-194
-195
-124
81
460
463
144
-8
-39
-96
-129
-116
-197
-178
-86
-10
513
181
103
523
388
-104
-122
-260
-194
-127
-60
212
552
415
183
86
-1
-56
-49
-43
-161
-78
-32
834
839
-40
-74
-37
-61
-77
-141
-217
-185
-116
-42
-2
140
220
147
-17
-70
-92
-76
-74
-203
-61
120
1259
1030
756
182
198
2
36
376
175
64
561
87
285
245
161
179
57
190
86
131
45
26
44
21
20
221
804
103
102
190
181
420
448
17
703
195
116
404
283
2
115
245
462
5
2
339
96
28
136
396
667
551
63
205
183
130
94
114
609
61
33
232
54
12
266
116
283
197
45
30
32
75
296
542
729
627
118
127
366
157
422
251
564
210
103
519
101
97
74
42
64
160
94
147
172
15
91
625
813
358
20
319
460
73
329
172
643
92
397
373
112
199
292
103
125
110
82
7
164
57
113
143
868
336
23
146
215
5
347
185
489
149
112
42
153
13
195
161
182
153
2
42
297
363
189
32
886
477
125
123
373
264
735
248
751
14
348
65
252
132
62
11
192
62
51
15
294
604
199
146
863
387
52
202
774
17
579
47
620
33
364
52
280
212
57
42
132
204
124
98
261
138
250
335
821
397
139
24
1013
354
495
547
484
237
57
221
186
118
70
43
258
86
368
18
290
152
21
349
762
387
252
5
1063
579
300
472
700
97
175
126
260
31
47
108
134
247
486
158
457
111
81
178
737
535
396
110
1034
1011
6
235
739
82
557
122
189
57
35
4
7
267
240
285
487
56
120
284
729
524
331
187
990
1364
75
399
615
404
868
712
46
226
78
170
323
862
268
567
240
183
147
407
794
428
273
133
915
1017
219
157
214
392
756
1201
716
175
237
130
119
657
275
555
178
332
189
656
832
446
201
217
872
1107
262
133
235
509
634
1552
805
52
32
244
215
9
887
417
221
272
502
1195
786
495
84
192
645
859
15
195
191
285
283
1434
912
709
214
331
453
326
1094
573
94
350
580
1722
828
567
98
316
511
228
582
429
92
318
204
1238
1061
1261
310
348
325
251
700
365
337
501
380
1295
907
374
95
212
209
220
825
5
94
189
668
1365
1018
1019
285
403
9
284
295
135
371
533
302
249
1034
116
307
299
185
513
1464
345
23
317
51
1165
934
558
729
127
199
125
324
566
26
246
438
433
1144
230
699
358
256
604
1940
215
209
518
557
844
779
493
819
342
24
285
335
422
322
196
260
448
1100
314
881
455
67
675
2320
104
637
936
172
984
556
451
1177
308
499
70
227
60
96
21
52
272
904
181
993
379
178
769
2074
105
625
1112
162
13
51
174
1387
469
119
486
63
56
322
93
30
186
748
5
720
196
101
868
1371
199
278
49
341
339
229
310
1028
170
272
175
55
355
554
714
525
425
615
193
494
144
69
1072
350
1530
338
148
1153
74
44
57
514
82
755
507
478
565
453
1018
829
678
592
327
273
272
232
859
58
1849
271
818
1049
85
41
82
403
424
1092
777
975
425
121
1112
1176
843
623
391
139
278
493
895
455
1129
671
762
394
28
311
413
223
209
165
709
1268
307
369
675
1263
814
630
478
0
316
818
1030
13
250
1212
141
82
93
83
159
684
265
266
32
799
518
900
26
622
771
814
203
23
430
491
1185
738
484
654
698
58
68
19
98
583
34
152
517
84
716
1127
583
823
1159
934
19
208
628
353
827
1018
214
36
1190
65
52
49
94
262
254
585
365
155
714
745
626
1125
1233
-379
-191
-183
-17
-30
-125
390
254
120
10
138
-56
-96
-59
-239
-58
88
-130
36
225
-27
16
196
242
-449
-456
-332
-436
-504
-488
-466
-175
-246
-414
-740
-700
-691
-751
-490
-513
-451
-66
-178
-191
-111
-213
-148
-238
-314
-212
11
62
111
659
430
109
-43
30
164
192
51
-16
301
-7
24
-58
273
326
623
831
728
362
-298
-144
88
455
745
851
868
1220
408
-57
-256
-391
-367
-309
-435
-150
28
189
215
937
1119
1290
1597
749
-295
-122
218
175
-170
-182
163
-157
-195
-242
-369
-367
-338
-237
-114
81
120
564
811
577
845
991
286
287
-302
-154
257
508
1324
1649
588
46
-224
-390
-375
-366
-356
-299
-327
-346
-223
-210
125
888
1308
1711
2264
1408
-305
-131
264
334
477
329
-110
-140
-356
-313
-324
-272
-191
-143
-26
1
-83
-147
-104
193
749
830
879
-62
-310
-169
62
408
645
638
466
-175
-334
-342
-279
-184
-182
-140
-99
-81
100
299
447
610
956
1247
952
924
-298
-174
155
398
1032
798
178
-249
-226
-197
-169
-218
-161
-100
-64
141
167
229
288
595
1103
1591
1751
707
-299
-186
126
152
731
402
737
224
241
-188
-303
-155
-8
68
478
605
501
387
352
347
734
744
1194
742
-311
-164
192
499
1513
789
101
-647
-630
-311
-186
-223
-159
107
-363
-500
-413
-396
-222
44
894
1206
1331
628
-318
-208
73
606
1088
984
646
518
301
-86
-284
-183
-16
167
481
689
626
412
165
222
420
1568
1580
784
-306
-155
127
681
1555
1192
772
-205
-433
-268
-275
-119
59
114
421
-309
-77
-149
-287
-54
232
938
1263
1167
-311
-167
258
1099
785
986
-61
-318
-342
-515
-453
-440
-95
-92
-274
-297
-622
-626
-485
-230
220
1191
1179
507
-304
-165
328
507
661
756
-112
-349
-360
-320
-193
-5
94
423
-186
-119
-233
-52
-249
-76
394
1241
1545
1195
-304
-138
234
966
1195
587
403
-142
-311
-322
-325
-112
-25
250
131
26
-176
-123
-94
-12
310
1078
922
163
-302
-150
-14
-25
476
230
-87
-322
-322
-234
-96
-164
121
7
-133
-353
-348
-324
-282
-94
347
819
862
569
-288
-145
260
-7
-80
-153
-154
-206
-270
-411
-355
-220
124
-16
-171
-407
-298
-181
2
139
546
569
655
-28
-293
-165
90
144
303
402
27
-179
-215
-202
185
236
-56
-151
-231
-208
-147
-79
83
185
251
306
282
-200
-293
-163
-84
31
360
-146
-371
-75
-173
-82
-447
-230
-180
-71
-176
-61
-95
-84
68
253
314
417
-65
-169
-287
-167
57
111
35
691
631
-116
-306
-76
144
123
-116
-84
-76
-401
-329
-161
-45
135
348
346
381
-159
-289
-218
-89
-77
58
60
-144
-254
-220
114
-451
-468
-224
-335
-372
-110
-15
-40
37
192
379
503
274
-142
-296
-193
-19
26
324
194
-147
-190
-48
-656
-292
-278
-548
-388
-250
-375
-357
-74
128
196
486
650
326
-94
-304
-234
-97
-99
190
389
387
-45
-156
328
385
-227
-185
-70
-66
-74
172
-159
-66
214
463
1315
716
667
-305
-206
-77
-28
124
-10
-153
-289
-154
-323
-591
-482
-468
-509
-490
-311
-157
14
206
460
766
1233
1144
-22
-315
-221
-102
-59
364
505
491
244
47
-97
-126
-261
-347
-198
-169
-149
-171
-5
262
441
1047
1181
1048
8
-316
-396
-306
-283
-310
-366
-238
-408
-246
-261
-338
-412
-426
-521
-428
-300
-234
-47
64
-120
543
1274
459
211
-321
-213
-113
-76
63
120
59
-29
-125
-237
-328
-394
-356
-265
-185
-180
-30
-132
-171
328
325
-30
505
-58
920
491
341
341
266
36
627
628
395
458
422
177
38
46
119
21
333
383
812
893
418
474
413
489
679
1210
1252
1523
2149
2149
2157
1464
1212
1147
575
60
84
228
73
550
736
783
1355
1067
806
1331
1145
1119
648
1311
910
1406
1550
756
844
95
41
170
474
506
433
351
38
422
355
474
937
901
852
1331
1046
873
675
1398
1118
1336
976
436
451
156
544
711
664
468
284
90
231
50
47
118
174
404
257
525
245
24
676
1430
884
717
605
491
119
397
637
406
153
18
227
393
357
243
18
21
11
259
39
3
224
158
658
1426
596
321
354
131
570
576
321
216
371
242
363
430
523
738
581
334
403
728
388
129
8
821
652
1355
539
489
943
307
807
343
370
581
416
410
596
625
741
734
614
507
637
776
655
989
1088
1187
667
1236
634
960
1689
187
755
362
849
496
435
511
592
691
761
643
664
612
712
978
1064
1142
1019
304
683
1186
712
1019
1522
230
502
674
589
445
583
679
633
721
582
409
510
499
657
1035
997
736
437
161
695
1178
688
895
991
572
287
718
738
762
842
876
802
717
751
1016
1002
838
872
1041
976
914
735
2
705
1168
770
1195
1013
750
28
1847
2102
1723
1052
763
728
1047
1827
2244
1782
1502
1191
829
667
729
733
197
707
1212
781
1178
995
462
942
2140
1900
1008
288
496
780
1534
2216
1615
497
309
356
381
804
973
877
255
706
1253
730
1193
1334
299
1229
2092
1257
297
39
375
949
1519
1511
829
324
326
476
411
1041
1324
1115
329
707
1285
751
1272
1042
593
743
1520
465
185
344
40
1118
1405
887
392
120
457
898
616
863
1189
943
37
715
1261
776
1413
710
650
190
413
64
336
559
66
1356
1150
218
129
268
274
113
176
754
1156
879
69
741
1180
769
1065
112
524
40
351
109
179
260
614
1404
713
127
145
77
92
20
428
803
1120
623
28
761
1272
843
502
279
400
282
318
4
130
53
917
1027
351
55
132
215
328
610
782
859
967
168
27
732
1347
684
226
120
81
278
190
527
371
522
1040
1050
472
305
700
654
732
666
695
810
761
23
75
740
1249
542
312
279
256
216
488
921
694
668
1244
1522
878
535
784
644
802
843
822
804
608
155
678
780
1169
682
593
708
646
455
959
1203
866
1019
1711
1683
564
230
677
685
938
938
872
723
566
394
1187
776
1226
714
565
812
1127
786
1325
1040
597
790
1234
937
2
103
480
711
1160
1066
888
700
692
581
1395
767
1244
714
538
756
727
86
835
340
525
1053
1371
1203
761
661
501
470
858
1071
895
599
800
1414
2093
779
1202
711
499
642
578
242
241
162
593
860
1133
859
511
447
697
580
598
738
710
606
1509
2314
1372
789
1223
784
589
724
803
155
379
518
474
200
130
82
164
12
293
412
917
739
506
687
2092
1782
104
764
1288
829
588
437
379
171
368
408
351
489
909
936
685
291
38
386
964
816
554
799
1841
617
229
754
1249
799
460
363
718
20
368
423
475
487
545
693
593
336
345
916
904
667
653
1056
1726
603
102
677
1624
1276
965
1232
1675
799
1158
764
605
381
41
176
391
708
1049
1101
770
341
783
1634
1947
483
23
433
3535
2731
2420
2565
2424
2001
2733
2231
2761
3067
3102
3161
2997
2811
2499
2178
2011
1934
2400
2369
1707
613
727
393
167
57
112
393
427
219
389
111
18
36
158
518
283
397
177
23
14
57
56
14
52
187
353
203
258
141
214
744
626
765
392
468
1163
1007
1761
1654
1369
1819
508
709
207
5
10
139
35
140
172
66
491
435
543
994
574
615
133
666
1418
1283
2106
1406
1770
2056
1128
1783
1241
888
448
242
134
157
152
73
489
391
319
598
648
272
506
1668
1787
2415
2170
1942
1874
1869
2038
1840
1923
1727
1112
853
666
6
325
80
451
334
148
350
317
569
532
1235
1443
1488
1198
1104
605
976
1611
1903
2168
2064
1629
1439
699
168
411
72
452
258
173
134
126
313
128
745
1259
727
501
257
264
423
730
1084
1382
1759
1217
1515
381
241
327
61
449
234
370
27
230
40
489
348
233
37
81
91
81
38
103
206
513
984
750
1501
523
626
325
61
432
261
564
235
461
181
7
17
19
50
24
44
14
18
22
21
83
286
476
690
496
101
628
68
428
275
595
406
528
267
83
39
68
62
67
81
65
66
75
57
40
34
50
376
455
107
388
62
450
449
635
758
661
434
138
98
49
106
124
102
144
102
136
35
81
37
31
267
69
420
358
63
468
561
541
1046
781
674
401
293
264
267
291
232
331
308
340
129
260
162
111
141
53
85
190
66
472
635
657
1288
799
753
460
239
244
253
318
256
267
239
346
269
290
184
4
106
59
70
5
70
487
615
526
1240
777
1013
380
397
271
327
288
367
453
502
486
343
191
380
263
195
115
138
44
63
493
566
506
1186
645
807
264
275
281
198
241
292
303
209
153
363
23
51
3
140
101
205
92
78
542
479
343
781
333
479
42
1038
475
111
159
186
192
137
700
698
988
113
158
95
68
167
307
77
547
372
214
840
197
205
64
152
196
100
66
231
41
49
443
527
729
553
99
101
109
152
435
76
564
336
193
490
195
151
297
836
530
123
151
224
29
186
752
977
840
388
35
162
49
112
8
63
521
301
264
280
315
259
85
68
76
124
172
183
153
92
46
25
0
40
116
170
246
62
155
88
481
219
213
248
327
252
266
298
333
432
324
325
270
260
258
195
144
129
143
176
372
98
17
62
461
236
318
518
460
541
525
284
367
338
213
197
224
183
224
145
203
177
120
247
472
652
299
59
456
217
294
650
329
719
481
293
332
287
3
22
4
122
230
242
162
170
176
424
635
907
289
99
431
229
311
893
547
894
426
384
150
264
151
243
115
118
168
272
161
134
140
564
752
1247
645
109
423
219
200
912
492
933
455
258
108
118
103
296
138
281
103
28
188
183
241
604
654
1481
424
94
464
184
140
798
696
801
594
271
364
269
284
326
162
83
223
103
134
142
390
625
588
1598
286
67
463
170
197
807
812
953
821
258
204
7
56
41
273
233
218
109
166
241
552
540
759
1201
138
72
441
177
256
757
606
1035
737
288
201
77
3
73
147
56
29
127
201
323
652
403
960
1053
270
95
449
208
280
821
731
924
669
322
194
23
240
230
134
70
132
151
317
445
790
481
1115
1141
208
28
171
48
96
382
308
376
303
91
59
77
319
351
265
74
16
58
134
127
338
273
592
464
53
417
1496
267
1172
1253
1295
31
696
514
76
55
127
89
482
69
102
21
217
24
244
12
138
191
69
585
1665
820
2068
1529
751
640
1068
431
2
37
313
39
603
211
19
13
202
157
225
85
197
310
136
556
1553
1505
2593
1051
325
1128
789
128
198
395
502
100
373
455
521
282
52
309
171
164
183
442
188
530
1591
1442
2858
578
728
859
306
322
1041
844
426
62
138
467
779
714
529
461
183
4
51
299
145
527
1705
1133
2602
668
399
572
543
1053
1384
747
176
9
54
260
641
828
952
800
614
355
139
199
242
518
1755
577
2268
1334
94
731
1372
1432
863
306
59
15
30
133
269
536
844
1048
1457
848
324
224
295
532
1768
413
2322
1674
338
1312
1930
915
296
73
59
54
32
175
78
133
383
1087
1974
1339
264
344
27
554
1806
542
2844
1699
965
1983
1741
428
156
92
9
13
42
195
4
55
38
802
2181
1704
83
281
15
571
1841
847
3212
1578
1466
2452
1342
246
185
153
49
125
118
106
29
41
77
531
2198
1896
36
244
46
569
1827
1311
3535
1063
1565
2190
773
144
416
662
59
342
527
572
257
29
370
100
1583
1967
162
221
53
568
1788
1753
3811
749
1308
1494
330
217
396
1355
654
828
1413
1019
149
86
491
424
43
1235
993
129
214
559
1755
1997
3997
807
1134
1090
149
209
461
1486
949
882
1843
1064
220
187
608
760
854
704
1974
266
466
544
1749
1941
3987
914
1026
678
251
501
677
1174
749
426
1886
1246
293
367
603
1104
1305
731
2449
464
594
492
1595
1867
3528
718
1125
534
923
764
793
933
597
213
1705
1334
13
511
554
1516
1180
1208
2450
403
522
409
1345
1788
2793
509
1409
972
753
664
481
650
630
580
1335
646
408
440
420
1312
641
1763
2416
299
401
377
1300
1529
2410
543
1553
1889
171
345
20
219
303
541
760
124
479
390
262
683
15
2044
2481
481
240
385
1406
1055
2016
736
1317
2219
766
252
516
271
163
145
271
304
371
342
135
179
353
1816
2316
1044
115
411
1537
499
1493
898
1086
1866
823
8
872
607
231
281
205
286
410
314
121
57
476
1350
1936
1797
115
442
1617
148
1158
897
802
1563
553
891
1293
506
414
366
313
267
684
728
331
19
528
795
1604
2180
84
482
1832
109
1581
1464
345
2052
355
1454
740
568
206
537
364
235
355
842
676
18
354
935
2346
2279
166
511
1981
31
1936
2517
104
2566
265
998
488
318
279
656
732
185
160
114
637
463
12
1900
3690
2055
805
441
2007
233
1947
3320
478
2668
332
702
370
160
436
629
700
169
260
11
672
937
142
3006
4320
1240
1438
344
1960
590
1567
3648
1171
2317
853
394
496
134
298
188
454
232
217
479
673
1087
629
3718
3377
520
1350
317
1972
725
1235
3586
1970
1914
1441
84
704
144
165
35
465
351
380
511
260
847
1263
4088
1869
13
732
374
1992
677
1241
3802
2244
1746
1726
764
312
6
228
49
531
421
261
230
76
552
2234
3947
514
156
479
450
1983
540
1416
3757
1809
1684
1321
1356
806
189
9
99
412
184
165
621
30
23
3078
3090
212
815
578
393
1930
501
1489
3420
1030
1389
599
1428
1168
465
157
93
109
181
471
447
308
989
2909
1869
69
1804
964
223
1214
316
910
1975
410
713
218
732
896
418
185
26
38
275
331
199
465
1068
1515
801
105
1562
842
-89
225
110
-43
398
-41
146
161
23
47
56
4
25
89
-7
48
87
-14
129
12
-25
30
32
86
-440
-154
-162
-447
-30
-623
-308
-388
-270
-127
-78
-99
-14
-21
-149
-183
-210
-350
-145
-212
-261
-171
-262
190
-306
577
293
-172
42
531
1280
739
939
884
662
193
19
-127
-162
-49
224
604
963
824
733
685
736
1426
-298
761
1093
319
352
1924
1807
617
41
-32
-119
-179
-164
-262
-144
-146
-120
-46
20
193
604
501
340
961
-297
812
1240
366
368
1843
1413
295
-201
-233
-223
-240
-156
-150
-84
-47
-66
-116
-125
-45
-19
563
591
868
-283
851
982
758
-28
123
-19
-204
-288
-304
-205
-148
-29
99
-76
-56
-107
-157
-252
-147
-114
369
384
725
-270
880
950
1129
-16
203
-340
-312
-171
-99
-63
17
53
152
115
202
101
16
-129
-61
-191
-217
-180
605
-289
865
1085
997
7
175
-303
-256
-84
-7
185
215
265
228
351
225
314
410
343
188
-133
-262
304
1211
-276
922
1061
755
225
178
-219
-5
92
267
362
387
507
379
655
511
568
480
534
362
158
-17
356
678
-286
899
1287
715
581
-209
-392
430
333
464
507
515
603
436
592
524
358
347
350
336
201
-33
-63
645
-286
931
1469
-99
770
-306
-529
-59
149
274
269
441
575
231
75
198
-43
-11
191
-13
493
-5
45
767
-310
895
1382
-107
825
-3
-164
756
1988
1633
919
557
401
318
537
1719
2112
1747
1616
680
973
-48
-53
684
-311
933
1530
-46
267
-152
91
1082
2636
2654
2271
1137
673
1263
1506
2450
2544
1491
599
249
631
37
-60
550
-292
949
1372
-133
415
-174
41
185
176
-100
423
666
520
954
268
-222
-203
66
47
-65
355
431
38
209
-260
1030
1232
541
711
-17
152
-73
-131
-247
-129
263
416
546
-91
-223
-144
282
758
469
120
394
240
364
-264
916
612
804
-32
74
141
-49
17
-189
-322
-69
892
615
183
-36
-113
-275
-99
420
434
321
84
89
-274
920
1126
1410
188
-181
-49
-102
-201
-266
-242
-39
725
162
-38
-164
-340
-285
-219
-43
153
423
240
394
-294
1054
937
762
-197
-259
-142
6
-132
-172
69
193
641
27
211
179
-131
-99
89
394
446
677
-73
-130
-242
1046
629
960
158
-215
-98
198
396
328
432
185
336
84
429
573
477
248
260
201
570
537
-34
-125
-277
932
800
1018
441
-275
-101
717
885
736
142
683
481
528
479
434
847
550
436
343
853
138
-154
8
-267
984
911
1019
614
-48
340
1393
932
762
437
1162
1538
987
818
663
917
1124
750
632
956
217
316
975
-259
904
834
1186
643
-317
173
1137
444
60
341
-59
171
-216
-204
296
382
442
861
697
714
-595
489
118
-240
864
885
1168
777
-367
52
400
177
357
1397
807
424
497
598
1046
703
262
635
777
294
-631
1424
621
-249
721
857
1037
1106
-273
-177
-246
196
38
947
466
343
642
1073
1258
965
197
126
583
-236
466
1521
1635
-282
680
865
1038
1396
-195
-299
-174
494
-119
-302
-430
-303
-200
-227
-299
-103
161
291
686
-470
1191
-254
-113
-270
865
976
1282
1693
-8
0
-6
562
495
299
800
1388
1278
254
-128
-24
415
683
839
-429
1671
-3
439
-208
958
1051
1208
918
-451
-48
-193
-18
681
176
25
-100
-98
-152
-9
452
572
583
408
-70
1486
215
-103
-335
170
373
533
415
-300
437
14
-481
108
-190
-371
-504
-434
-353
-99
320
198
-26
110
434
954
-111
-333
534
294
8
121
43
1677
21
94
3
351
753
698
3
248
1416
4
252
570
49
612
1187
26
644
1361
369
35
20
69
1242
1998
91
35
225
3
8
1
30
386
6
49
585
48
36
292
30
267
10
1
156
29
22
242
1107
45
71
0
143
14
2
11
6
5
48
7
188
73
27
342
917
58
38
840
180
34
15
228
231
24
401
25
8
12
7
21
27
33
24
30
37
7
624
460
239
79
586
479
133
33
4
244
8
160
10
30
133
26
32
25
28
13
3
15
13
521
118
6
39
477
1276
49
129
28
17
14
206
9
5
163
24
49
33
13
13
1
12
28
1
274
11
16
353
1052
51
20
153
37
35
251
446
186
540
25
48
39
14
25
3
26
29
17
443
522
1
102
284
24
45
904
164
36
28
356
422
484
2
40
40
18
24
14
13
36
147
94
610
160
162
129
63
49
4
449
167
40
19
529
490
576
35
39
39
21
32
12
22
4
435
0
151
3
94
152
8
25
141
730
168
36
12
548
462
361
71
74
30
55
26
98
2
20
28
59
31
274
499
648
74
25
246
780
166
37
1
437
692
295
125
55
38
42
942
273
34
67
42
259
2197
1944
1001
514
17
31
184
100
171
35
7
565
726
36
89
125
8
1256
245
44
44
11
1066
1714
1443
19
37
7
60
11
405
152
143
37
5
857
628
25
191
90
2325
1288
26
26
49
38
417
562
176
14
169
11
47
26
98
0
137
42
256
807
3
43
133
876
973
16
28
45
112
295
1170
678
42
24
10
40
48
2
155
0
153
33
142
60
104
94
59
33
34
66
39
85
64
607
311
43
79
90
22
72
55
36
145
0
144
29
16
226
645
319
102
48
11
13
58
46
2
395
6
48
98
72
28
39
16
296
242
22
197
42
7
558
475
26
90
34
33
52
47
860
11
206
2
19
14
28
23
12
244
3
312
27
111
46
71
211
28
49
38
41
71
119
1529
777
51
455
44
52
43
50
117
385
95
357
942
43
147
37
4
20
172
20
288
69
159
1443
2278
35
127
903
84
20
8
23
1165
181
318
976
479
21
137
30
18
10
120
413
114
138
4
2884
64
94
346
2266
468
15
52
156
424
15
950
212
796
37
123
37
7
113
35
775
47
78
2136
634
75
40
692
35
31
66
34
220
12
299
305
593
903
76
110
33
2
6
225
772
62
8
3
106
12
639
26
27
27
34
1246
664
12
14
264
889
708
54
153
28
12
21
417
681
16
39
57
12
1327
22
17
142
175
1644
1628
41
45
14
695
441
3
48
205
34
22
19
706
645
9
77
40
166
71
60
48
38
78
870
41
100
13
11
733
197
194
3
158
36
36
0
688
694
27
92
30
15
41
53
190
652
421
16
91
32
551
17
935
250
321
51
170
40
35
223
725
565
26
65
7
33
34
337
623
12
31
77
86
1569
506
36
1269
12
33
36
498
60
34
261
690
20
20
80
10
10
16
16
40
51
31
61
1610
1394
146
1602
1605
41
239
292
27
67
7
496
241
389
44
58
36
9
32
34
29
165
360
1221
1376
61
772
2114
40
51
474
104
578
40
362
248
-20
-115
687
896
125
313
210
252
378
259
79
237
109
189
577
203
-1
227
180
-120
1097
60
1263
1385
802
-138
253
771
585
1046
848
909
1364
1219
581
680
746
828
1349
1143
652
782
751
-7
659
-76
1305
1785
1721
70
-160
-16
236
617
418
486
989
893
351
122
205
452
868
699
253
298
159
-48
606
-79
1228
1549
1636
329
-9
418
427
949
763
685
853
1051
1085
698
534
664
934
622
343
696
298
-116
644
-89
1207
1076
617
314
282
729
587
595
641
516
623
1102
1419
1420
1030
772
927
694
711
702
234
-70
692
-98
1362
1362
213
-29
68
708
431
348
610
403
561
815
1120
1430
1479
1047
688
827
933
614
94
-49
718
-83
1224
1514
541
153
-4
58
238
406
614
577
545
647
774
936
1294
1247
940
1056
852
520
219
-63
716
-61
953
985
527
305
-33
-12
477
561
681
596
601
753
769
660
788
1094
1295
1587
1207
562
-42
-133
674
-61
970
960
256
-58
-57
200
607
672
711
623
626
869
840
520
431
817
1283
1579
1483
1227
130
-176
610
-77
1065
1496
353
-284
-117
277
321
538
688
692
623
616
717
702
525
510
919
1280
1249
1368
741
-118
598
-83
963
1530
895
-215
-67
451
8
-54
27
683
790
701
656
425
653
217
-13
1014
1119
812
556
-23
602
-84
946
1198
900
-90
-19
944
847
-55
-188
359
1152
1049
1207
437
807
1352
-78
45
1159
696
423
7
641
-77
936
1322
1272
15
193
288
648
162
-118
255
1339
933
1132
865
403
1327
500
-36
649
1183
589
-24
714
-70
863
1329
1464
175
647
343
291
-91
-143
401
975
1026
837
1292
463
-162
46
614
971
1311
723
-12
758
-70
802
969
1096
67
1530
1248
23
-128
-132
566
842
1718
1599
817
10
-203
-123
620
1054
1196
650
19
788
-31
1008
796
346
-99
1811
2030
105
-30
82
517
1081
1978
1909
652
215
108
102
651
1080
1207
448
-15
761
-16
1267
1512
666
-301
188
1632
922
759
447
437
1002
1326
1042
433
367
586
602
896
1426
1430
289
-79
723
-72
1060
1565
1079
-238
-207
654
1022
1124
475
452
931
687
513
381
277
499
643
909
1513
1686
658
-89
688
-86
880
1110
610
-142
-91
552
896
952
294
445
767
599
339
42
262
533
602
927
1299
1650
964
-99
676
-90
840
996
213
-152
-35
597
777
1051
699
354
460
552
479
219
151
450
654
1014
1051
1372
1158
-103
682
-117
809
1217
591
-209
-82
716
321
1381
1634
173
-50
294
951
814
55
-7
694
820
986
1359
1075
-83
655
-145
750
1583
1520
-201
-239
765
387
685
1743
622
-40
98
779
1290
823
-33
278
764
1168
2306
1572
-363
673
-155
697
1643
1820
-88
-196
542
785
-15
846
730
-33
532
564
160
722
533
271
657
1364
2377
1986
-200
715
-159
603
1406
1848
-3
-226
216
1089
426
748
1085
181
316
665
-16
139
652
328
734
1484
1526
793
-168
742
-149
541
1077
2180
1001
-263
-136
992
954
832
1339
528
282
1082
1017
895
725
366
1033
1472
1324
834
-207
745
-123
611
980
1942
1070
-165
-146
345
562
694
698
112
107
626
885
1114
592
497
1434
1476
1062
1050
-156
627
-102
702
1162
1930
758
-94
-199
-116
371
593
815
722
710
744
687
795
462
616
1491
1083
997
1031
-165
1055
-187
751
1415
2343
896
263
62
-245
-111
252
632
757
888
1071
760
590
979
737
1203
1398
1695
1390
-315
-7
-173
-158
-160
-181
-221
-145
-166
-88
-18
23
-4
55
417
238
-11
-12
-73
-64
-56
-65
-33
-58
-53
604
-199
-116
-105
-186
-193
-43
-109
188
-8
386
126
-16
-22
-3
-54
-10
105
-24
-48
85
-31
42
-55
864
-191
-59
566
-49
362
500
297
548
116
-14
-28
-124
-134
-55
-96
-33
817
376
666
754
273
601
-54
824
-205
-96
686
185
455
1122
598
-33
-52
-123
-113
-143
-126
-108
-116
-74
-5
-2
701
12
520
312
-59
816
-204
-118
-21
-36
-83
267
-42
-80
-107
-99
-112
-82
-86
-94
-92
-110
-83
-73
-6
126
337
612
-9
818
-202
-96
-64
-70
-89
-81
-78
-108
-95
-83
-71
-66
-68
-85
-81
-118
-98
-97
-55
380
-27
710
-26
833
-201
-78
-73
-43
-133
-77
-90
-131
-75
-87
-60
-79
-59
-73
-62
-88
-92
-82
-106
212
-48
516
-33
834
-196
-77
-81
-8
-147
-34
-91
-102
-70
-77
-67
-72
-74
-53
-61
-57
-68
-74
-81
-35
-65
-10
-83
840
-191
-91
-107
-34
-156
-51
-84
-90
-58
-57
-66
-45
-74
-35
-70
-52
-68
-77
-63
-47
-35
-11
-86
839
-191
-99
-77
-88
-127
-131
-189
-222
-147
-96
-67
-52
-84
-98
-153
-189
-169
-153
-120
-25
-49
3
-72
845
-192
-117
-46
-134
-84
-48
-114
-140
-56
-53
-24
-48
-79
-133
-137
-117
-50
-37
-59
-20
-49
17
-105
861
-196
-124
-36
-146
-73
212
240
675
742
1258
128
63
620
1331
1107
2155
1111
699
353
-51
-24
34
-107
873
-196
-107
-60
-132
-38
745
1278
1864
1472
1987
329
135
733
1154
1546
2637
1461
1089
292
-61
-24
-26
-100
879
-191
-100
-41
-104
-50
505
174
353
392
-5
-60
-47
-51
-50
256
185
190
253
-9
-82
-22
-72
-67
882
-202
-102
-8
-133
-69
-34
-138
-111
-69
-97
-110
-83
-93
-75
-73
-71
-96
-88
-92
-129
-23
-88
-44
873
-211
-82
-19
-134
-66
-77
-141
-104
-105
-76
-110
-78
-94
-61
-82
-47
-67
-63
-87
-117
-15
-65
-34
896
-198
-77
-55
-100
-99
-92
-120
-80
-95
-41
-101
-57
-94
-85
-69
-82
-40
-64
-54
-111
-38
-92
-45
875
-195
-112
-76
-98
-109
-116
-96
-109
-102
-82
-82
-35
-104
-122
-91
-109
-68
-77
-62
-83
-96
-91
-58
811
-188
-110
-84
-64
-105
-107
-72
-59
-52
-82
-96
-142
-113
-27
-37
-7
-56
-56
-71
-39
-141
-63
-56
773
-191
-117
-86
-57
-86
-84
-71
36
-51
459
-5
530
-15
868
-7
-1
-24
-41
-62
-15
-64
-87
-25
834
-184
-129
-63
-104
-51
-35
-37
114
-79
-56
-101
-24
-87
-29
-39
-79
-42
-2
-49
-19
-49
-57
-89
853
-183
-123
-67
-84
-61
-35
-78
-33
42
-115
297
-46
-28
-130
-67
-58
-44
-8
-52
-59
-63
-23
-176
863
-190
-102
-88
-80
-82
-79
-93
-47
234
-134
-12
-69
23
197
-15
266
-15
-65
-61
-90
745
4
-20
849
-196
-90
-89
-78
-64
-53
-112
83
-13
70
-9
412
551
1645
-13
633
-1
-102
-67
-97
186
-163
-25
838
-196
-82
-90
-42
-97
103
-147
-35
-34
1286
826
1422
1210
1000
-74
-33
-28
-71
-62
-38
91
-155
438
863
-190
-72
-81
-86
-161
-21
-145
-89
-34
295
25
-8
391
-32
-79
-64
-50
-34
-99
199
-28
-85
534
796
-207
-99
-117
-99
-146
-75
-84
-125
-71
-86
-70
-102
-39
-73
-68
-68
-80
-51
-152
818
-82
626
399
475
-232
-48
-71
-24
-133
-115
-106
-104
-94
-20
-42
-55
-43
-39
-17
-43
327
-11
-91
595
-189
-98
-56
1127
40
572
347
-460
-7
-838
855
564
466
535
555
476
-75
570
422
-103
306
-67
171
495
179
461
831
910
-129
451
-229
-339
133
-52
-387
255
285
403
519
85
617
302
-571
917
312
307
88
509
459
343
504
792
-125
436
35
-566
-470
-401
-216
257
233
695
347
342
351
208
465
-171
-62
333
43
533
232
564
580
820
-117
589
-90
-40
-231
83
-840
32
-36
536
332
322
310
129
280
280
316
190
421
324
402
447
561
828
-129
551
368
399
-640
-575
-525
950
-216
380
441
341
326
249
146
213
260
218
356
360
161
879
394
820
-134
554
360
567
-383
-36
-82
-332
107
408
300
259
248
203
238
167
175
190
351
396
366
581
506
812
-121
556
419
286
-778
737
-352
-22
410
331
339
241
225
255
254
259
236
173
345
267
336
514
557
788
-118
523
305
-81
143
261
-164
393
432
320
391
294
298
288
270
285
263
275
288
302
579
398
583
809
-124
525
234
-18
464
-267
322
483
377
422
312
333
330
260
302
300
344
293
347
402
353
557
627
797
-114
416
-134
-850
113
-513
350
423
472
432
432
370
436
411
465
339
444
444
359
305
474
374
623
803
-104
-24
-81
-404
-126
-1384
-278
-101
248
306
517
414
173
-208
-676
-618
-465
195
364
434
509
440
530
805
-119
-89
259
-1908
-586
-838
-61
-709
394
16
514
502
-191
832
-502
1140
56
117
354
299
482
408
681
798
-102
-70
-43
-1474
-462
-1267
-1528
-1223
488
-34
429
524
-7
-1092
-1631
-504
-494
267
483
447
443
322
535
808
-110
-41
-74
-1174
-28
-3141
862
-529
-848
-302
431
516
-833
-283
516
-770
-592
183
394
373
422
312
675
829
-107
173
-404
-734
404
-1665
107
-736
636
372
368
181
-149
174
-688
-106
876
54
395
385
394
295
674
839
-107
85
155
-913
87
-701
-143
-285
-97
17
381
406
239
-150
-254
-196
-201
148
462
285
461
484
472
868
-81
262
98
-248
1040
-302
427
464
339
527
329
624
366
322
464
264
327
315
354
359
353
33
486
836
-91
479
475
-203
231
110
413
504
466
357
220
571
391
450
309
359
295
296
314
516
-291
488
-240
746
-74
433
405
445
425
335
477
253
-196
331
48
537
236
108
268
372
380
309
390
464
-444
93
446
813
-103
379
496
64
63
-128
280
-496
574
408
82
-107
519
653
382
298
349
421
411
386
-417
-647
-244
846
-173
477
392
-533
1155
-204
-366
517
278
-137
110
966
104
13
376
502
293
396
390
418
-753
-618
283
838
-147
487
524
-827
352
-670
-175
702
-577
-444
-376
-281
244
396
328
344
425
289
398
97
-283
-1403
1143
879
-224
496
490
-1168
820
-1183
-109
-541
48
364
-318
-61
-146
-1
450
478
314
512
510
-217
-281
-907
-552
901
-218
507
423
-1207
31
-727
16
225
-276
-95
-191
376
503
53
815
204
468
342
544
-492
-329
-1439
403
916
-214
496
441
-1289
-183
-542
-532
217
381
-52
-140
-156
58
246
267
521
474
451
210
-635
-296
-1593
165
827
-199
499
410
-1386
604
-1144
-212
664
371
473
451
179
395
328
401
565
422
577
-246
-77
-745
-1665
48
712
-265
451
357
-1100
809
-608
-109
284
352
345
341
272
300
270
451
420
357
181
-754
-153
-1652
-1748
-502
1395
56
603
659
-319
487
-60
236
829
503
540
510
505
526
519
588
484
740
-600
1862
334
-1837
1688
734
605
160
154
14
302
392
271
46
298
192
201
6
44
290
76
368
389
330
377
202
366
91
120
550
856
632
403
203
186
605
384
77
456
243
248
148
224
42
251
753
1010
890
1062
309
265
114
119
877
521
863
363
242
436
543
239
30
66
59
408
131
37
2
470
870
1106
1175
1603
1059
189
24
184
1108
495
908
145
618
439
206
571
384
245
102
58
87
183
85
346
621
837
1134
1596
1825
1172
31
248
928
494
920
69
1115
558
33
789
650
427
93
237
206
235
86
323
517
480
690
1306
1892
1815
533
81
535
527
845
381
1274
406
212
1424
691
38
443
326
118
284
245
269
506
385
135
678
1552
1803
978
404
290
495
634
583
1168
243
526
1730
321
367
470
393
170
239
315
379
436
305
0
382
971
1545
1664
1082
505
391
427
556
1040
431
908
1634
41
455
385
414
336
274
396
340
270
348
38
228
636
1240
2183
1783
837
253
317
398
930
754
1370
1115
439
286
216
446
493
335
337
176
163
438
276
297
506
1029
2232
1958
920
128
298
164
663
1192
1839
550
715
341
87
315
499
308
338
279
98
121
337
494
441
544
1952
2055
672
89
311
101
674
1473
1910
87
1216
594
247
104
464
319
315
505
124
298
138
493
229
232
1580
2012
216
126
294
201
718
1425
1858
76
1640
792
449
307
393
488
479
831
170
688
31
519
216
109
1109
1990
194
185
330
404
876
1194
1767
39
2183
1204
632
933
91
855
806
946
444
705
440
332
344
135
758
1695
420
238
366
624
1003
957
1652
214
1791
1062
325
903
45
1091
705
396
511
373
425
360
427
150
499
1417
524
231
320
675
1119
970
1400
110
1514
1313
42
793
56
1073
630
117
558
287
224
299
396
126
496
1009
486
168
304
615
1233
1315
1113
76
734
753
133
171
578
933
18
503
219
586
470
498
344
88
482
764
485
113
270
580
1314
1412
861
39
473
680
100
16
865
909
189
542
49
470
763
565
431
118
388
426
567
46
245
567
1291
1367
748
38
333
663
73
70
1036
979
260
546
80
263
745
745
510
155
87
126
779
16
253
518
1286
1332
719
189
324
695
4
16
1076
1017
128
429
222
94
662
751
515
202
37
370
809
45
196
404
1010
1154
868
298
387
447
95
56
1174
980
121
240
275
65
574
700
472
259
166
322
532
97
204
168
772
1088
1062
336
447
272
191
102
1247
888
69
57
161
95
426
652
463
225
292
187
477
151
218
6
587
940
1102
487
318
104
154
471
1325
787
134
88
65
115
449
569
430
62
813
1080
97
186
209
174
486
910
1150
686
127
206
77
607
1198
835
31
212
59
323
602
587
331
8
1229
1560
435
186
236
328
403
1016
1155
736
57
364
138
518
931
979
545
150
277
408
743
543
191
10
2179
1796
1283
170
284
451
317
1228
1251
650
228
346
12
359
589
960
792
10
274
411
661
470
8
216
2640
1295
1550
153
359
560
201
1157
1250
669
420
284
35
180
315
686
960
458
3
473
468
228
139
455
2646
639
1227
232
402
545
116
1106
1420
928
855
773
62
451
476
669
735
594
388
331
66
196
49
527
2063
219
718
299
263
345
60
557
1028
906
732
810
258
138
209
389
412
496
362
98
109
47
68
384
1318
189
391
-69
-11
-241
-244
-154
147
549
561
363
588
389
418
275
-76
-164
-103
-143
-133
13
94
38
344
479
-6
265
705
-60
46
405
1176
1181
1027
1004
1089
940
598
482
-54
-197
-138
-100
-194
-23
83
68
170
879
699
307
542
-143
-76
580
842
917
503
651
996
817
632
10
-118
-168
-29
-3
-135
-57
111
312
303
618
451
340
607
-30
91
368
-11
-177
-206
-133
-10
175
77
-131
-273
-249
-118
262
517
530
634
564
735
857
505
342
733
60
9
-44
-194
-241
-240
-245
-144
-74
1
2
-46
-42
-72
-119
-78
4
280
296
358
783
510
334
768
-22
-54
-56
-79
-164
-180
-174
-75
217
368
418
410
286
109
-105
-234
-275
-190
-13
58
66
-133
357
795
-45
-33
275
573
-8
-25
-42
373
444
463
426
417
299
121
-47
-155
-263
-305
-136
-93
-37
-129
377
866
-18
249
698
1039
13
74
369
536
476
403
320
259
170
78
110
43
-88
-211
-210
-94
199
164
379
920
-3
528
1010
1251
71
-14
603
716
646
559
449
216
107
-8
30
-4
-88
-149
-228
-152
-100
-76
387
930
81
966
1561
1880
463
-45
613
651
672
557
417
160
13
-33
-57
-19
-93
-104
-204
-188
-183
-148
397
912
329
1225
1943
1991
796
-86
190
710
492
485
17
-136
-251
-301
-164
233
367
3
-247
-208
-159
-65
412
894
469
1193
2295
2598
1891
1027
443
1109
711
217
-49
-205
-126
-124
132
285
208
-207
-264
-171
-19
-120
422
865
425
1195
2254
2665
1992
1138
97
-85
151
-42
-122
-199
-53
-74
-33
-53
-38
-238
-194
-105
57
-114
413
840
388
1115
1881
1981
1806
1267
638
-141
-209
-200
-173
55
684
728
167
-68
-57
-94
-168
-165
-77
-220
396
712
232
904
1683
1546
1417
1125
1190
289
-232
-267
-200
207
585
774
408
-80
-80
-186
-193
-203
-178
-309
358
543
-35
133
892
385
388
-99
-101
-234
-326
-377
-354
-268
-142
-98
-35
-114
-171
-133
-93
-137
-115
-296
368
511
-83
-41
881
554
266
-104
62
-127
-267
-335
-363
-277
-154
-38
-55
82
53
28
-14
-50
8
-214
404
645
-113
-91
443
365
233
-67
48
-127
-295
-344
-309
-175
15
469
103
43
64
-28
-81
-76
308
-17
333
582
-184
-217
-167
-136
-167
-111
-123
-262
-343
-379
-301
-206
-89
95
208
-8
-26
-94
-197
-130
190
387
347
661
-148
-235
-246
-138
-221
-199
-94
-195
-180
-210
-296
-220
-258
-199
-80
152
-18
-107
-217
-169
31
-10
392
921
-16
-15
259
909
509
-190
-69
-93
-207
-237
-258
-188
-135
-210
-177
-53
112
-54
-103
338
865
878
398
963
112
243
795
1343
939
-246
-207
-56
-192
-163
-274
-141
-69
-125
-215
-256
-48
161
264
1143
1873
1517
332
862
126
326
801
1179
1119
-194
-95
61
-114
-313
-219
-84
-68
-144
-248
-188
-162
-66
426
954
1646
444
310
896
233
376
849
1193
1653
-61
-156
-101
-105
-164
-122
-48
-164
-256
-265
-190
-147
-118
840
1215
1620
448
372
1053
459
508
912
1655
1900
410
-318
-271
-204
-79
112
-32
-101
-127
-189
-228
-174
-72
1059
1031
1435
309
415
1121
631
505
1120
1919
2269
504
-251
-221
-28
139
394
158
1
-97
-206
-264
-193
382
1103
1041
487
-79
400
1352
883
705
1129
1422
1885
388
-15
-15
389
341
271
176
-8
-135
-265
-337
-295
228
750
797
341
582
392
1843
2419
2197
1947
844
602
-239
-147
266
1280
1408
1263
1011
735
465
80
-89
-277
93
170
1126
1516
2269
1135
956
989
1004
822
232
973
577
887
591
483
695
40
577
425
355
1026
807
686
908
715
848
598
1257
1073
746
933
958
588
18
141
56
409
34
22
104
114
59
226
26
364
456
714
655
407
749
159
1185
810
588
872
550
911
40
47
228
42
96
71
206
205
308
311
230
106
5
359
547
883
554
1
916
824
601
806
60
676
334
151
200
175
246
249
162
159
108
98
277
193
155
78
133
423
511
118
739
839
611
824
129
109
5
221
49
124
214
97
130
526
727
464
34
187
217
231
154
77
637
41
352
830
621
821
93
464
359
118
219
166
8
510
784
975
1030
926
804
327
3
161
212
45
351
163
918
825
640
825
724
393
248
218
209
173
874
993
1038
1005
1001
1032
1012
952
818
400
169
120
90
26
799
840
626
816
632
200
103
309
82
849
980
997
983
1004
951
1012
989
997
981
942
19
100
115
77
428
833
624
785
312
263
126
205
779
961
1018
985
962
1001
933
993
982
1022
953
931
667
3
34
212
542
826
637
770
10
314
21
137
834
872
984
918
981
934
841
893
945
938
927
920
722
224
324
77
293
832
631
833
203
199
187
88
830
809
756
871
919
896
866
809
825
854
799
863
779
276
38
8
435
821
627
883
377
150
269
56
630
607
719
696
789
921
826
439
892
596
783
768
719
495
95
11
299
819
638
906
478
251
287
294
1125
36
1114
500
694
931
673
369
626
448
944
583
793
803
127
1
273
832
625
909
415
423
230
524
926
270
499
356
735
722
189
428
158
65
372
636
728
794
153
59
136
840
613
766
437
452
220
484
244
321
111
218
756
645
190
21
251
237
102
329
585
799
188
101
72
865
629
736
494
377
285
270
248
157
86
210
727
682
421
66
107
157
140
5
743
907
148
205
5
822
688
786
281
604
260
71
173
68
335
692
867
776
782
550
452
209
260
686
898
989
1
327
450
812
706
867
228
379
202
260
925
862
907
867
934
869
822
857
940
954
950
946
925
906
720
208
115
885
678
885
792
203
2
630
877
972
924
789
990
927
853
861
820
949
932
957
944
919
950
212
129
841
656
862
906
632
892
706
832
923
877
757
821
905
883
918
828
817
891
1007
892
944
836
836
684
835
689
829
906
26
1318
510
481
1040
802
857
558
901
833
874
941
808
867
968
888
938
818
693
1080
864
697
842
880
43
691
426
498
489
923
770
585
727
848
925
925
933
897
913
882
971
204
932
627
889
670
871
872
56
37
314
698
37
862
693
583
810
527
593
1124
595
955
915
847
695
31
914
178
878
685
873
832
69
569
252
670
522
181
576
541
876
551
356
786
574
951
937
867
140
226
50
514
875
715
882
816
73
302
42
940
701
132
490
647
707
463
264
66
765
917
893
896
77
327
146
443
883
697
884
815
83
504
140
1126
599
908
676
684
858
794
914
909
955
855
880
926
75
65
55
505
725
725
860
829
68
273
84
573
750
855
765
686
717
869
856
963
854
877
838
816
53
251
33
576
708
804
867
871
584
132
567
409
839
885
950
878
862
921
961
953
920
977
857
809
339
142
151
16
197
-10
343
9
-14
558
758
2326
1971
1173
1107
869
357
-16
253
226
603
1268
1116
1478
1648
1607
1484
1386
491
-3
743
809
1060
1594
-15
965
484
-21
-48
-51
-59
-49
-20
315
-24
-16
299
-14
168
709
879
923
145
-24
597
559
777
-32
-56
74
-21
-77
-58
-22
-12
438
-20
-1
-12
-72
-52
-12
13
-4
279
1405
62
-26
348
-6
-7
-40
-42
-52
-17
-34
-4
43
-14
-43
-47
-35
-19
335
-21
-63
-43
-36
-45
223
90
-34
-1
-16
-33
-34
-37
-12
160
-3
157
-14
-18
-52
-36
-34
-31
-23
-3
-12
-20
-11
417
409
10
-41
13
-35
-65
-42
987
363
381
-19
10
-1
-17
-11
-24
-48
-46
-42
-33
-12
21
-3
262
741
-1
-36
31
-39
-35
-4
1499
121
107
-14
-9
-12
-8
-11
-11
-1
-29
-33
-38
-44
-33
487
829
920
7
-32
-4
265
-47
251
658
296
210
-9
-2
-13
-10
-5
-9
-6
-9
-10
-40
-56
-56
-13
-6
1527
76
-34
-1
-27
-113
436
793
507
123
63
-2
14
-1
-9
-7
-24
-16
-22
-21
-53
-57
-47
-3
860
111
-37
-12
-28
-87
949
183
-16
-77
-79
-56
-9
-2
-40
-58
-91
-83
-107
-85
-59
-66
-32
-36
861
106
-32
269
-16
-115
644
624
1686
999
687
181
-1
69
242
289
403
314
91
-44
-53
-73
-48
-41
943
159
-26
402
-54
-99
748
556
794
169
-9
-27
-6
602
923
1273
679
381
-7
-16
-33
-48
-52
-22
1274
171
-27
585
-17
-75
421
193
1834
1217
299
372
59
85
270
763
1232
1199
1914
-13
-24
-16
-53
-33
977
85
-31
407
-31
-99
760
13
1928
1244
1328
-6
-5
-25
659
956
699
-4
564
285
-33
-23
-53
-51
1063
32
-37
652
-16
424
-53
-90
826
839
-4
176
-6
-36
-16
352
467
1
63
-20
-27
-39
-70
-34
1248
47
-33
503
-42
40
-6
-77
-71
-14
-17
176
-5
-52
-19
-48
-35
83
-2
48
-13
-20
-73
-27
852
108
-17
-18
172
172
877
-41
-33
-17
133
-3
-10
-43
-31
-30
-41
58
23
203
-1
-17
-82
-3
688
129
-39
-5
-27
-11
308
329
-19
-13
-18
-39
-22
-26
30
-24
-34
-41
-6
-1
160
-27
-49
135
-24
71
-43
361
-45
-27
297
484
67
258
36
253
-34
-53
-14
-17
599
104
42
234
202
-38
-30
-34
-26
95
-40
352
-56
-24
336
584
522
261
531
430
1604
557
961
26
-6
964
-8
134
-11
-30
-29
-78
-53
-2
-36
58
-33
-23
627
1093
855
-8
-19
-65
-61
-22
-46
-27
-60
-19
654
201
-24
-17
-1
51
1049
-2
-32
165
-23
-38
-7
86
163
-5
-42
-39
-86
-66
-33
-81
-61
-65
-15
291
-11
260
599
1435
1859
3
-34
299
-23
-40
-37
-9
351
516
1647
1005
212
-8
283
439
958
-41
-56
94
124
661
-16
1154
982
33
-30
395
-8
-11
-34
706
1050
327
355
1668
505
127
190
0
571
-5
-10
210
-2
163
-101
632
295
31
-32
257
-2
-23
-38
-8
109
-4
-2
1337
1946
1172
-37
-10
176
-3
-21
321
218
-24
-78
1280
58
-1
-31
84
64
-3
-25
693
807
1087
-16
-2
305
239
-9
95
120
-11
-4
318
367
-77
-28
-10
-34
-8
-57
-62
-59
-57
-116
-30
-36
561
-20
-66
-59
-50
-52
-32
-29
-57
-48
-26
124
-51
206
1310
1258
377
472
556
690
53
-47
-80
-54
-23
338
590
729
648
517
442
-2
-21
185
298
-70
-144
-109
-51
-46
99
291
310
293
281
318
118
215
368
453
220
7
5
35
47
11
288
109
338
936
740
675
768
481
1474
366
518
825
1399
239
17
542
641
715
328
73
136
220
214
137
41
13
11
939
1284
1052
1427
1184
1237
39
83
59
784
657
43
88
81
91
102
129
146
212
268
241
205
170
162
35
536
641
1082
1383
1336
19
118
172
49
707
411
9
66
118
120
89
70
111
204
241
263
268
278
204
57
167
405
929
1339
11
125
236
194
449
769
83
39
80
64
35
40
53
98
138
179
230
321
304
191
24
8
223
1307
1
76
207
256
224
1065
397
163
3
46
2
15
25
37
54
79
129
244
291
229
37
518
726
1338
65
27
125
188
819
1501
640
295
196
82
67
3
14
19
13
17
44
161
250
256
109
556
1255
1380
5
27
120
127
1361
1701
800
582
385
177
101
38
10
16
12
7
3
84
171
215
173
143
1152
1459
3
48
147
67
1804
1651
692
629
460
221
237
96
6
26
30
33
25
67
149
204
213
47
543
1553
17
69
197
11
1759
1233
535
728
586
422
391
303
115
10
30
11
27
58
131
207
231
28
374
1589
71
73
195
808
2052
992
676
1614
1868
1218
665
450
554
857
1387
1318
473
78
75
213
267
45
323
1595
182
92
254
953
2735
872
401
1952
3066
2515
1069
216
331
914
2069
2240
1545
703
11
139
251
36
258
1528
209
87
295
575
2753
898
92
29
1661
2185
984
51
89
67
541
1721
1480
1276
248
109
226
6
75
1436
113
71
261
30
1805
492
119
137
304
1458
722
64
115
161
149
112
674
985
454
99
237
7
31
1429
0
72
186
24
1205
23
179
258
145
31
8
61
85
154
253
205
130
58
50
147
255
0
60
1465
3
85
149
46
907
464
59
104
63
39
46
4
270
7
87
108
90
51
42
129
246
58
90
1447
36
66
117
68
234
602
6
50
8
22
67
16
597
340
38
67
41
12
5
73
174
134
218
1493
89
6
29
1
504
759
268
21
157
163
75
49
586
945
511
17
32
15
7
34
35
90
342
1496
161
114
46
224
749
1209
684
293
543
508
1
15
672
1104
1123
490
6
9
1
19
299
399
378
1478
125
252
20
422
934
1353
1016
774
614
472
343
482
627
695
734
667
264
1
35
14
371
1373
219
1558
137
256
23
232
1351
1500
961
591
419
52
69
28
2
126
83
238
331
98
53
24
362
1387
37
1689
170
218
57
92
671
1146
576
403
364
33
79
23
108
322
162
130
164
129
146
46
10
1548
501
1679
208
209
30
136
267
939
898
514
681
216
10
284
701
757
316
4
10
2
47
75
87
1868
1306
1658
205
282
173
109
5
707
869
551
403
140
76
119
68
218
158
8
4
10
34
110
200
1090
395
1737
211
267
396
67
40
324
924
832
386
382
213
40
52
127
216
75
295
221
63
161
202
1285
520
1727
149
127
354
1
3
136
522
937
545
193
160
5
31
11
117
4
165
186
60
169
158
1382
728
1531
5
7
66
137
745
457
346
985
919
198
62
92
80
36
223
101
40
9
83
173
69
1097
510
3050
1737
1727
1560
1326
2026
2233
1862
2328
2777
2719
2252
1799
1542
1340
1572
1641
1397
1117
351
103
72
694
294
-65
-104
-6
-35
426
1156
-1
1459
-35
-8
-13
-14
-17
217
17
96
19
-49
424
354
-37
104
191
126
-48
-13
1187
1290
3727
-3
19
-10
-33
-1
487
87
186
297
-4
-1
-19
299
785
-24
-6
285
-1
-1
-40
-18
830
1989
656
-113
591
-37
29
380
211
-19
161
165
432
201
212
730
-8
-15
47
-14
521
78
-41
-27
1037
1438
-75
585
-18
-16
140
146
292
607
460
686
477
0
-1
100
-2
-15
-7
503
413
220
-45
-25
866
420
-24
417
333
540
-4
283
526
372
398
355
-4
-4
-4
-4
100
-3
228
433
7
883
-45
-25
985
909
-2
610
1055
-18
255
411
466
162
200
-3
-7
-3
66
29
107
107
88
322
279
678
-43
-30
982
575
4
1347
-6
172
473
315
85
35
92
31
-3
97
78
107
28
-2
-5
61
315
222
-45
-25
1093
709
875
507
-26
311
519
240
97
153
17
104
-6
117
2
-2
-2
186
-17
-11
221
512
-42
-23
871
698
817
-30
-1
679
655
88
211
34
68
33
-3
45
153
114
-1
32
-13
56
631
563
-42
-24
871
832
814
-48
246
1635
278
565
196
-7
-1
49
314
407
13
-2
132
-9
31
-7
516
95
-41
-25
974
1400
116
-19
845
2665
-17
772
-66
-23
377
431
640
-41
244
717
-11
-57
-3
-26
180
274
-42
-28
936
794
-21
192
1071
1495
-65
-29
-80
107
451
232
-25
-14
967
-42
-57
-48
10
-11
87
650
-46
-30
979
738
-11
705
972
1725
-58
-41
-44
114
430
539
84
381
-20
-27
-33
-48
193
209
0
332
-47
-28
1314
-1
1095
552
537
1619
-110
-41
-37
470
325
1003
511
-42
-42
-29
-72
-3
898
-7
-33
355
-46
-16
853
925
1614
-49
476
1292
-66
-11
-13
531
855
1206
-37
-63
-4
-22
-29
658
943
-13
-34
1074
-43
-14
1024
1630
-33
-15
602
877
-44
-4
15
607
327
-12
-45
-5
-8
-19
314
518
317
-39
302
837
-46
-29
1301
515
-14
785
-2
380
138
180
474
-1
-18
122
23
109
-7
93
79
90
-3
-2
531
228
-45
-18
1219
265
822
587
-5
172
390
239
351
-29
48
495
-14
60
-4
153
-2
-1
-11
295
15
634
-46
-21
1086
632
844
360
-19
115
280
855
269
-49
159
-9
-9
81
-18
207
-6
-8
-18
136
-11
999
-48
-12
1030
566
795
422
-23
118
1104
-4
-32
-63
378
-12
-5
-12
-11
238
-16
-10
-22
450
742
606
-44
-13
637
565
1163
495
-56
610
399
-29
101
132
-2
-14
-8
-4
354
-12
-24
14
80
1163
686
-32
-45
-15
554
889
809
-1
-38
1205
-11
592
-4
409
-56
-8
-11
205
-9
-43
-17
88
753
980
-2
-107
-42
-15
500
826
665
658
-6
775
-15
898
-38
-10
-46
129
194
22
-72
-17
185
35
628
-18
-92
-56
-42
-23
411
658
791
947
13
153
362
978
-37
284
-5
298
-9
-65
-67
161
1
231
492
-21
-40
878
-45
-29
519
650
974
1032
-22
26
900
-9
-23
32
-8
-52
-72
-64
8
353
-21
731
262
-10
-27
431
-45
-30
653
820
1088
768
-26
667
599
-22
195
-9
-33
-54
-25
-3
384
-9
-13
866
-2
-46
-15
230
-44
-19
782
790
563
1008
-34
1432
65
-6
144
50
-14
-4
-6
82
228
-23
422
983
-45
-82
1505
-29
-24
200
748
672
976
593
275
1578
-9
66
237
248
-8
-9
-11
21
-7
-4
724
-16
-92
167
1085
-41
-370
-490
104
319
1428
-54
-215
642
365
311
144
-212
-322
-514
-666
-81
139
195
875
378
352
715
284
539
-2084
-1698
-1920
-1736
-99
-1517
-671
329
-503
-532
-646
-1102
-1220
-1153
-1250
-591
-355
-451
757
392
270
156
442
836
-1638
-938
-993
-139
630
93
84
364
-263
-461
-499
-762
-775
-952
-713
-608
-883
-129
-1
-148
815
398
834
551
-1595
-908
-915
-524
-719
19
55
-185
-899
-1380
-1326
-1413
-1248
-1261
-1035
-993
-952
-623
-89
113
630
1367
1563
261
-1626
-857
-710
-552
-223
-147
128
-409
-1154
-989
-1069
-1168
-983
-947
-1063
-927
-895
-926
-967
-553
-123
682
433
568
-1634
-895
-850
-593
-112
-359
94
-917
-1319
-1032
-1273
-1116
-931
-985
-1059
-865
-769
-854
-958
-597
110
952
992
1117
-1605
-882
-962
-720
-376
-273
-709
-980
-780
-748
-756
-916
-841
-788
-878
-731
-715
-767
-874
-689
-422
-510
739
492
-1638
-845
-825
-775
-172
-99
-965
-657
-863
-701
-830
-636
-848
-733
-699
-660
-660
-617
-569
-597
-347
434
752
538
-1645
-849
-865
-729
-246
-660
-512
-495
-589
-673
-692
-651
-668
-747
-685
-565
-407
-504
-440
-553
-699
298
748
398
-1634
-883
-875
-674
240
-1067
-10
1214
809
209
-370
-635
-478
-225
200
650
1168
922
105
-643
-780
-197
601
394
-1634
-886
-989
-828
-398
-1306
-424
-151
-210
218
-676
-435
-684
-341
-255
-413
-559
-751
-763
-565
-565
-35
704
950
-1691
-888
-793
-263
-951
-1110
321
1336
1083
1112
-658
-331
-1017
-240
205
818
1642
1450
-220
-756
-543
-254
-61
897
-1684
-907
-894
-526
-1146
-544
-433
239
-440
-409
-577
-262
-523
391
262
-466
-698
-165
-150
-896
-457
15
-108
770
-1713
-899
-728
-445
-702
-1424
-203
-745
-22
-871
-394
-827
-441
-635
-491
-904
-293
-761
-785
-852
-682
-117
-321
153
-1701
-849
-1059
-369
-1102
-1216
-116
-1583
-1228
-1543
-961
-934
186
-493
-903
-1391
-874
-1183
-549
-378
-347
-159
-247
-155
-1714
-845
-910
-289
-1586
-1699
-372
-875
-1327
-812
-859
-536
-309
-661
-596
-1070
-907
-1205
-726
-527
-428
-309
-709
-564
-1728
-969
-625
-592
-1414
-1955
-112
-1232
-1556
-1215
-638
-638
-674
-837
-643
-1192
-1561
-1110
-716
-445
-473
-3
-945
-873
-1702
-795
-787
-922
-1139
-1390
-150
-701
-641
-257
-127
-881
-656
-493
-338
-305
-812
-660
-409
-386
-488
-81
-1103
-733
-1701
-874
-1010
-1154
-1372
-694
-426
-381
-355
-254
-115
-299
526
70
-690
-787
-339
-468
-462
-419
-206
-334
-849
-820
-1751
-764
-917
-973
-1007
-148
-403
273
261
-841
-1014
-1324
-414
-852
-766
-853
-393
97
-382
-367
-432
-435
-75
-13
-1764
-783
-950
-1139
-1198
-684
-732
116
-499
-111
990
131
551
-82
-62
363
-561
-310
-277
-375
-501
-134
-626
-198
-1733
-810
-966
-998
-822
-565
-239
230
-1076
-219
397
-682
-711
-372
-170
769
-156
-980
-360
-418
-463
-39
330
-396
-1757
-904
-919
-985
-1179
-957
-861
-431
-1142
-675
-215
-1142
-867
-943
-1084
-794
-1072
-680
-332
-425
-183
-74
-124
-371
-1702
-973
-934
-977
-882
-867
-1603
-66
117
-268
-314
1101
678
484
476
-388
-384
-253
-252
-326
-279
32
192
-668
-1747
-920
-928
-927
-959
-776
-1814
-246
-306
-880
-1714
-1293
-1309
-1364
-1306
-1220
-567
-178
-444
-16
-273
17
1393
-553
-1742
-930
-893
-907
-1032
-989
-1359
-575
-175
-111
-423
-304
-351
-472
-651
-504
-97
-300
-466
607
-493
-52
495
-866
-1605
-769
-673
-697
-818
-812
-888
-814
-343
172
-516
-783
-1063
-694
-516
-158
-3
-287
469
881
-1243
538
434
-1673
-846
-373
-380
-411
-590
-337
-522
-317
-406
-9
-581
-577
-694
-491
-454
57
-287
-734
401
412
-598
441
755
-1079
1139
772
655
163
318
248
331
153
132
99
31
16
284
355
32
114
98
181
245
141
149
172
151
955
994
116
65
403
350
540
456
36
375
901
1418
1601
1978
1731
865
286
300
10
107
6
224
101
51
2220
840
332
523
352
333
152
6
1277
1608
2120
2422
2105
1930
1468
563
86
400
87
99
32
170
159
292
2676
834
269
564
335
385
475
1302
2089
2593
2541
2222
1594
1188
769
408
256
463
472
28
24
157
593
544
3024
801
251
701
178
414
944
2487
2585
2503
1742
1073
719
582
528
405
164
188
283
23
128
101
770
875
2962
792
276
817
35
449
1025
3042
2510
1613
729
506
482
454
411
210
6
58
237
92
277
308
169
548
2706
832
337
941
247
430
1218
3196
1820
759
501
502
501
397
224
8
23
83
302
41
282
457
234
47
2423
923
358
1006
24
386
1493
2883
1151
554
436
389
366
219
93
10
17
73
296
79
175
501
468
82
2884
1017
343
1065
165
316
1846
2420
801
505
444
265
216
144
156
164
120
139
219
194
59
432
574
145
2967
1082
342
1033
336
231
2185
1688
71
186
356
216
140
118
17
103
138
73
14
158
227
264
584
217
2676
1093
337
884
490
141
2206
974
179
55
375
373
213
16
197
392
286
11
70
92
533
48
577
309
2480
1043
338
878
584
200
2400
739
323
11
1079
999
583
63
230
437
130
901
914
562
855
365
626
470
2184
965
312
1002
640
226
2790
642
374
19
1649
1731
1054
30
331
437
121
1410
1300
447
718
699
644
574
2031
956
368
981
592
172
3418
1241
371
339
2088
2070
1152
94
271
273
106
1413
1622
751
585
717
580
475
1913
987
407
954
384
7
3326
1501
92
1150
2405
1956
787
151
127
238
670
1987
2044
788
522
779
508
381
1673
1037
384
854
171
405
2621
1566
215
870
1649
1095
375
83
209
782
790
1185
1085
467
331
688
372
269
1314
1058
354
1048
75
565
2000
1628
648
438
627
297
19
5
614
999
700
416
89
8
168
436
195
77
956
1122
363
1126
617
602
1671
1445
575
158
345
383
46
47
539
824
611
164
63
52
14
104
29
101
208
1165
413
1128
856
392
1040
958
292
35
122
109
172
208
356
789
417
14
106
103
28
11
84
516
117
1172
358
1015
735
66
246
597
37
15
218
4
261
151
532
833
462
16
81
92
9
102
93
62
151
1172
324
923
540
199
56
554
421
317
384
91
112
271
950
971
479
78
18
63
88
335
149
317
9
1183
340
878
625
250
4
1305
1139
637
355
93
108
217
682
374
343
183
3
26
277
294
432
695
700
1218
352
672
809
222
33
1567
1555
902
380
505
16
17
423
705
593
233
55
39
502
63
750
638
1732
1200
302
452
869
139
38
1307
1330
865
439
560
215
253
653
914
630
162
66
11
646
330
919
439
2573
1167
213
294
923
18
119
947
1136
1106
412
172
127
74
244
559
204
151
118
88
637
496
906
152
2878
1190
198
289
908
83
288
782
877
1261
763
461
389
276
3
118
106
102
19
178
318
636
731
131
2924
1219
173
203
747
40
251
896
734
1321
1050
763
621
320
18
39
28
17
117
219
2
649
425
708
2708
642
77
49
155
111
0
521
23
86
41
109
200
268
281
249
152
76
16
29
65
320
38
1434
2051
183
107
50
14
34
19
380
911
563
557
393
290
83
232
51
140
420
353
678
458
337
492
783
652
30
478
519
315
2315
490
1421
715
86
120
224
193
192
265
291
49
95
82
530
142
73
284
55
32
47
341
61
842
954
208
1276
351
357
251
126
145
165
127
241
138
227
43
39
185
55
175
75
138
59
69
5
95
70
21
106
252
66
78
117
546
762
1127
959
456
50
85
192
93
83
112
460
105
47
173
68
84
222
305
384
57
7
446
641
592
637
908
530
490
731
473
336
195
302
513
74
83
61
209
196
579
491
334
119
226
643
738
588
522
336
245
238
491
645
519
384
316
425
265
18
500
54
18
120
623
559
1547
79
736
371
438
410
248
245
174
175
533
674
561
599
451
314
109
194
122
52
127
110
99
206
267
74
582
316
459
260
540
232
373
321
354
219
82
221
385
664
252
408
132
64
163
93
30
43
279
50
41
102
20
325
442
190
402
26
146
69
14
84
2
388
780
1096
226
66
203
53
75
711
167
418
226
179
10
351
127
1
128
75
117
75
202
147
59
13
100
303
42
62
187
130
137
1432
244
289
904
674
440
711
303
35
781
414
493
220
41
35
114
216
78
35
119
59
257
181
23
26
551
632
751
1193
1073
342
51
6
733
1004
1380
655
7
47
62
172
555
566
50
71
241
257
270
334
295
172
16
359
650
176
168
256
99
380
520
539
230
573
88
55
602
43
193
70
116
295
422
338
321
1542
108
606
639
191
314
75
909
296
520
592
426
109
133
85
637
242
128
61
151
9
299
1322
77
325
270
614
404
57
113
941
244
259
50
741
204
148
129
60
570
17
33
56
231
52
1307
68
311
230
350
224
221
483
478
1178
145
55
610
505
466
510
639
178
431
112
39
67
16
692
54
275
79
681
432
577
559
1710
645
224
39
494
733
667
913
653
697
135
601
203
145
68
215
115
515
809
762
896
486
686
807
1546
235
103
272
422
632
562
737
649
300
154
1103
229
18
72
256
33
619
656
853
750
680
1045
1529
538
262
581
46
179
623
601
911
488
7
337
510
269
201
103
496
35
96
149
87
8
561
985
146
316
34
1436
81
186
160
60
438
85
137
274
115
64
56
95
362
67
11
57
294
171
38
24
570
158
150
172
215
133
108
96
108
171
15
120
92
103
481
89
309
5
6
425
373
227
264
499
162
454
2
175
5
669
889
543
147
158
94
141
550
402
108
84
298
50
111
570
262
133
106
110
714
15
269
220
135
507
179
148
283
111
36
136
349
910
37
73
173
154
204
690
152
9
229
537
662
125
1085
928
614
307
228
201
98
547
494
39
1090
332
521
57
220
171
195
432
169
59
907
354
56
14
705
971
1200
33
212
25
1440
416
395
236
1375
209
135
52
166
226
240
405
159
41
894
282
55
148
235
346
347
215
234
853
841
122
184
165
1116
222
252
114
216
315
301
153
100
643
329
99
466
184
165
122
720
761
754
1279
72
79
376
299
90
395
277
139
374
310
326
245
903
25
73
30
225
2
244
92
348
11
426
88
369
428
363
230
127
92
83
-255
-204
-200
-183
-159
-151
-196
-196
-261
-283
-260
-266
-283
-283
-238
-273
-283
-281
-268
-264
-234
-203
-251
-293
-310
-142
-79
-157
-164
-153
-132
-12
71
187
-85
-157
-192
-253
-214
-137
-185
-236
-232
-296
-242
-196
-161
-34
-321
-108
250
-56
-202
-227
-225
-259
-140
418
145
-182
-148
-108
-226
-222
255
-81
-230
-221
-127
-316
-297
342
-356
-95
395
63
-29
77
332
-263
-267
-288
-217
-212
-251
-160
-199
-343
-108
23
-222
-190
-33
-72
-88
24
-347
-100
141
-103
886
947
221
-267
-215
-160
-153
-211
-227
-165
-215
-251
-330
-316
-137
163
-71
-142
-48
-120
-363
-75
362
-221
-20
1390
368
-220
-180
-99
-132
-215
-230
-176
-98
-130
-261
-288
-263
41
662
184
-324
-251
-360
-102
308
-74
-154
-66
621
-201
-97
-178
-178
-232
-144
-147
-128
-108
-101
-105
-242
-290
660
1050
-245
-279
-341
-95
219
48
-120
-326
-111
-94
-166
-107
-38
-105
-111
-134
-140
-107
-28
-58
-121
-200
-42
1258
-2
-133
-356
-84
455
-23
34
-53
-310
-208
-21
-12
-31
-68
-49
-113
-84
-80
-33
-35
-116
-153
-29
511
575
116
-360
-87
402
-160
-156
295
-233
-40
91
46
-100
-51
-34
-60
-36
-74
-78
-76
-60
-150
-68
590
808
678
-366
-93
614
-9
-230
-247
-312
-114
-103
-34
-103
5
-43
-37
-144
-190
-109
-124
-71
-166
-155
410
733
782
-350
-110
429
-11
-47
366
-289
-226
-179
-292
-179
1102
452
-103
-218
-198
-38
-113
-227
203
196
277
867
529
-362
-81
435
-203
-3
1118
-239
-117
-127
-438
-310
1797
909
-103
-333
-264
-128
213
145
402
1160
27
749
1448
-372
-103
646
-190
-287
790
-55
-65
-40
-314
-341
1252
902
-201
-246
-215
-484
-350
1622
1629
553
-132
187
1658
-366
-108
435
-76
-346
-133
-81
-92
-65
-178
-428
55
468
-172
-271
-178
-303
-457
-15
597
414
-96
288
918
-345
-102
397
-108
-173
-203
-202
-83
-263
-165
-248
-216
-68
-127
-307
-263
-215
-178
-195
-290
-168
-136
278
944
-360
-128
431
-43
-234
-26
-98
-47
-262
-227
-305
-254
-26
142
-89
-152
-205
-177
-178
-233
-155
-171
-117
968
-350
-103
343
-115
-133
-20
603
391
-96
-237
-240
-273
-233
-65
264
373
-31
-193
-148
-133
-92
-108
-340
-43
-346
-75
334
-210
-90
1216
827
204
47
-188
-223
-265
-261
-155
31
580
159
-62
-50
-103
-79
-36
-215
-280
-361
-96
237
-251
-15
1274
768
316
221
-149
-203
-86
-89
-356
-262
801
1302
529
-40
-48
-14
-87
-104
-287
-362
-125
351
-146
-49
719
871
894
108
-256
-387
280
1055
-271
-451
-252
1442
1627
200
-84
-23
241
-153
-93
-351
-113
275
-87
-68
388
1286
1332
-53
-244
-402
-141
301
-197
-343
-355
-36
1326
916
-45
-170
-5
351
99
-360
-118
360
-159
-170
668
1279
783
-220
-118
-210
-235
-222
-197
-243
-233
-192
277
501
-28
-75
-440
32
2647
-362
-121
371
-73
-127
-38
242
1108
172
-161
-246
-150
-154
-198
-219
-93
-268
-68
-152
-95
-20
-328
-237
720
-359
-161
281
68
-22
-156
-128
1107
1641
599
-47
-107
-235
-158
-267
-277
-89
-247
-227
6
-90
-303
-74
-13
-338
-138
237
96
74
-290
-264
1623
2280
983
122
283
-220
-247
-269
-258
-263
-241
-166
332
-103
-301
-201
-197
-354
-97
335
28
87
-235
-426
1007
2489
1755
594
-225
-291
-257
-271
-189
-160
-225
-280
-32
-43
-97
92
-257
-429
-219
175
-68
-57
-183
-382
-33
1799
1974
1169
-49
-274
-282
-192
-174
-119
-168
-325
-325
-228
399
599
-162
1668
2458
2577
2693
2535
2091
1474
1261
1434
1326
1482
1504
1552
1613
1620
1545
1397
1572
1602
1689
1719
1544
1448
1155
78
154
163
158
154
105
54
53
63
55
55
26
11
4
9
25
16
35
46
61
70
62
68
34
731
646
313
503
283
353
824
836
2135
2019
1978
1761
1630
1005
972
1528
671
724
406
191
296
174
725
923
856
1011
807
987
2
1192
1513
433
800
1100
583
340
17
17
535
913
1817
1696
1499
1903
1658
1160
1460
1677
798
982
1089
1477
1121
1405
670
602
1105
618
87
159
5
285
67
14
1
543
926
637
954
1427
854
992
806
950
775
1167
1509
1511
1858
1028
0
36
5
267
621
554
421
167
7
74
418
818
1002
485
446
802
795
978
590
425
55
5
1061
14
107
516
580
690
673
675
638
431
260
290
180
568
918
710
852
1224
738
880
847
794
777
634
2
382
420
536
561
609
549
493
564
761
733
549
414
207
880
1282
1313
1162
773
909
567
937
1320
839
407
733
935
992
707
586
628
627
784
1009
999
819
685
486
274
13
691
1292
796
948
474
714
957
1424
908
1093
1041
832
876
798
747
1058
1145
1083
1119
1309
966
925
1039
755
117
845
828
982
407
444
218
1480
1652
2026
2356
1709
1114
707
739
856
1454
1971
2232
1950
1820
1604
1771
1774
1204
845
754
860
652
1504
1141
1833
938
994
500
300
381
446
623
626
595
656
657
1291
1040
461
327
10
528
444
801
918
615
1698
1353
1833
81
62
6
270
1223
1078
910
972
3
40
56
101
32
1348
695
648
835
1038
765
969
825
1881
2277
1971
31
203
1334
1148
1303
927
678
97
380
1299
1364
1436
0
53
857
1231
1628
958
816
1003
1108
1776
563
1806
1603
52
55
639
1436
1921
1224
1632
986
0
303
880
2583
1831
1212
1525
1515
918
736
823
671
2537
2256
2603
580
3
728
880
790
815
1170
329
2
396
520
101
259
988
1007
1334
1679
1353
745
922
797
109
783
1833
552
36
45
30
15
840
1001
499
10
26
36
23
184
630
961
1375
1714
1507
737
931
679
437
8
1565
1212
116
220
302
564
896
890
1031
676
230
407
483
519
809
975
1086
645
1045
724
871
635
1061
1368
484
993
418
273
730
1089
1519
1344
1114
710
401
506
501
712
855
962
1301
577
42
759
1069
879
1041
663
1090
876
663
544
798
823
531
876
968
1169
1053
625
781
754
732
989
942
1565
712
697
987
639
281
185
0
1000
954
1520
1294
1145
2282
1047
739
965
967
1696
925
942
1095
842
743
63
24
718
876
631
1057
1125
1101
1220
1691
1791
1104
509
560
919
604
936
387
776
1379
1170
827
596
423
874
1538
697
917
697
934
794
587
860
8
127
1142
1448
930
422
1044
1474
1438
383
476
1004
719
698
808
38
65
818
1006
633
725
934
2074
1438
0
154
221
23
0
702
640
1082
1450
1851
445
285
592
696
1464
999
1875
744
1030
728
741
881
2038
1288
795
248
29
18
10
20
23
30
64
4
952
748
457
1071
1353
1161
453
701
910
699
662
407
195
1271
1573
864
352
708
703
685
921
703
438
707
1164
1254
648
1283
1495
874
2311
924
1124
937
971
1209
2234
2212
1875
1677
637
172
8
6
405
690
872
1103
1376
1461
1369
1988
1808
1470
654
1179
1490
1216
1271
1547
1519
1196
1332
1958
1609
924
723
807
896
953
1315
1481
1052
1363
2045
2854
2291
1528
1158
236
646
715
831
1404
726
487
20
126
102
118
58
0
46
359
159
20
249
424
242
248
351
252
113
81
145
321
543
166
270
788
282
492
461
746
633
737
1760
295
296
384
354
236
14
369
666
23
201
0
266
93
318
376
240
1039
1351
254
149
178
367
133
575
346
73
170
73
68
845
530
166
85
182
0
60
77
883
668
280
672
332
197
789
107
295
744
565
196
7
251
509
646
79
0
224
21
614
6
187
169
953
1353
880
180
763
186
753
695
668
414
252
328
377
298
120
76
75
269
482
1263
215
9
307
30
201
29
198
323
62
528
359
448
175
142
33
4
172
338
347
297
176
129
200
562
128
14
142
30
164
229
436
495
368
322
341
11
238
14
114
194
154
63
135
205
143
495
89
130
647
13
138
47
149
284
437
178
168
231
12
177
72
122
143
22
198
334
148
100
133
79
131
590
35
14
158
79
374
1298
837
34
183
161
116
133
35
19
90
237
32
118
3
3
92
84
93
367
47
5
238
31
242
166
577
98
537
305
332
129
48
42
145
198
236
344
246
134
647
861
425
479
298
9
127
3
92
628
415
490
242
261
168
250
165
52
226
192
595
1451
1956
647
0
305
456
217
0
5
108
32
35
834
739
2011
1089
539
971
1098
406
313
594
1697
588
251
191
920
1019
40
78
28
516
6
127
69
525
846
929
901
698
1558
976
103
312
65
179
577
3
102
140
262
321
9
215
727
287
4
196
35
195
535
110
759
2422
63
480
582
400
149
366
1365
1759
1257
1206
1130
586
26
149
566
1345
9
119
13
268
607
1034
768
224
1251
164
277
425
170
623
1233
430
489
882
37
305
92
478
588
45
17
355
34
1124
1774
375
237
172
582
483
731
471
45
192
52
576
558
936
793
416
100
456
638
226
65
3
29
456
97
83
65
183
439
583
674
3
38
51
216
155
338
347
307
169
34
134
1078
647
51
214
196
178
356
581
158
147
218
361
190
206
100
86
114
173
141
122
69
96
36
187
294
242
10
37
246
42
383
152
155
253
369
82
225
255
187
49
1
117
10
37
278
95
101
378
138
1456
11
217
54
129
226
571
19
222
75
1756
1759
467
1054
2353
1415
523
76
361
258
381
405
198
275
950
21
180
21
111
123
1032
462
103
1806
156
146
489
1517
277
435
75
404
51
277
380
168
173
443
1911
29
154
176
37
268
386
537
1144
31
931
657
636
1352
930
637
515
24
840
571
58
27
429
1019
146
8
329
36
39
384
715
739
195
268
2282
2960
2574
3375
2847
1951
2856
2007
192
254
73
218
92
1479
54
23
263
26
79
9
799
27
210
173
389
666
605
720
611
63
139
499
365
214
12
13
534
1221
1037
30
228
38
24
39
307
450
144
58
248
266
268
778
1050
261
352
412
204
113
15
258
1004
231
224
23
140
42
28
196
1721
1400
131
119
290
283
446
87
248
195
306
325
515
314
49
35
498
451
65
423
188
80
231
526
201
351
965
241
3
16
317
384
425
370
293
420
605
292
58
1133
949
154
11
683
494
346
309
177
1774
208
727
1778
538
130
401
263
800
909
1282
1020
404
1351
1414
1406
983
1448
1601
1395
600
-2
152
-40
-80
-118
-69
617
836
477
750
714
240
311
726
966
709
146
233
533
538
638
1569
1049
126
-11
-9
-78
-126
-27
1699
1785
1268
1173
1352
1160
1316
812
543
1512
324
-30
693
523
310
1209
2192
879
55
-42
-86
-72
-28
766
1338
1475
1457
2056
1830
1247
600
-46
381
980
-9
27
374
619
629
763
1530
868
11
-63
-133
-32
1532
1855
899
1189
2153
1883
910
619
-22
-37
143
133
237
294
822
1229
531
920
1923
846
95
-50
-143
-10
3187
2134
1628
2393
1428
402
312
-2
-4
-2
-14
-9
-11
-16
263
401
413
1577
2030
825
166
-18
-106
-41
2349
2824
2369
1032
194
210
182
138
243
110
84
-6
-18
-53
-48
410
1563
1193
936
790
260
-5
-72
-71
1802
3091
1368
196
247
273
265
178
215
189
116
12
-10
-56
-80
-5
1113
572
1303
799
275
-9
-66
-75
1966
2159
539
418
286
326
208
176
94
83
118
173
31
-35
-82
-37
184
1310
2173
834
241
-20
-83
-44
3026
2234
576
306
371
216
169
245
132
122
145
222
146
-22
-66
-58
-30
685
1503
864
204
-40
-87
-18
2501
1730
224
205
163
88
108
118
128
46
43
-3
-6
-21
-66
-83
-37
1061
1599
870
184
-64
-132
704
2838
671
-49
-30
-14
-4
61
-5
-14
-43
-41
-49
-28
267
-37
-94
-34
1462
1713
873
163
-80
-188
2156
3506
-14
-46
423
1044
1611
1117
-6
-41
-52
247
793
807
732
370
-57
-78
926
1525
869
159
-86
-201
2877
3267
-24
-52
-9
1812
1757
1173
-3
-38
-33
151
21
647
1858
784
-88
-117
1020
1876
835
118
-77
-182
2789
2813
-20
768
1669
1798
1099
802
74
-30
-23
248
960
2009
2290
1257
-63
-124
1402
2147
808
8
-62
-164
2015
2555
460
945
684
1422
1386
608
-7
-24
137
352
488
1512
1781
352
-83
-123
1601
1681
783
63
-53
-128
2927
3718
551
736
856
1024
661
-13
71
-14
308
536
773
1092
498
-9
-69
-104
1273
1280
778
263
-33
-56
2250
2150
531
609
272
602
22
-9
229
-12
350
533
366
373
210
24
-37
-54
172
940
755
287
99
-3
839
927
563
503
297
209
-12
101
187
4
261
236
172
172
92
88
-11
-13
-34
189
821
349
354
-2
132
491
544
310
87
-8
-9
244
-7
-6
-2
220
419
123
40
115
-2
148
-25
-43
871
321
245
-1
-5
349
384
128
10
103
-15
170
384
130
573
403
448
421
158
121
-2
-4
-19
-72
875
254
224
-4
-39
359
745
509
653
238
-11
472
1009
1164
369
8
259
395
451
130
-21
-61
-56
-41
901
164
213
-8
-57
957
1391
555
819
-19
-44
73
520
-18
-25
-23
-4
374
340
99
-68
-137
75
933
917
120
255
-16
-48
1016
1060
705
36
-25
165
679
485
369
353
344
1037
1090
419
-22
-115
-148
1915
2481
906
114
235
-16
-33
1074
1114
425
-12
483
429
246
416
137
326
1227
1212
173
-1
-41
-147
-92
2243
1671
844
73
216
-10
-28
717
459
195
333
589
-3
183
353
504
695
651
243
-3
-4
-77
-160
-18
2082
974
809
101
257
-11
-22
731
588
751
744
521
166
373
822
735
422
148
84
86
-18
-112
-157
168
2214
1413
733
-3
120
-20
-20
884
122
131
496
515
492
307
367
166
77
-4
-1
22
-33
-148
-133
819
2321
1991
243
-27
-17
-39
-11
423
-21
73
37
261
-4
-25
-39
-43
-42
-35
-30
-41
-64
-118
-49
2085
2932
1914
1157
1830
2168
2119
1729
1163
1031
1475
1888
2237
2364
2366
2350
2189
1992
1977
1986
1936
2136
2456
2411
2362
2538
2216
602
1010
1184
888
702
560
328
431
401
446
189
16
35
46
42
19
4
4
2
596
970
735
784
1289
35
58
229
133
339
664
321
586
506
0
16
29
34
26
21
11
212
684
771
1164
1538
1338
1249
1565
259
444
760
852
1361
1553
360
18
41
58
48
28
7
76
12
28
26
20
28
22
175
674
607
957
310
546
1078
1243
980
968
399
32
40
18
68
268
329
284
77
3
12
37
57
46
13
102
47
479
200
421
963
952
534
473
0
15
257
635
728
727
628
616
629
659
634
325
10
30
30
15
194
759
147
326
777
735
381
86
313
319
510
533
480
544
574
657
716
660
633
812
627
4
18
248
1239
1602
80
192
623
665
279
122
662
620
663
539
475
553
585
596
637
605
524
664
772
487
1
2
392
1111
56
81
571
961
738
342
420
583
619
523
502
628
746
608
365
351
337
358
601
622
167
15
18
430
152
209
554
694
588
585
254
503
775
738
498
522
641
489
383
517
565
549
450
446
170
13
12
448
211
282
677
844
799
567
14
17
404
428
167
219
426
559
902
1189
1057
471
44
31
3
23
15
594
241
387
916
1149
1260
1290
8
8
341
655
304
0
169
77
1
164
39
17
17
4
31
12
12
588
260
400
735
706
1525
2149
641
292
1207
1821
1073
191
302
525
534
927
1452
1079
440
508
634
292
4
420
204
317
754
627
371
1076
435
10
162
1143
1073
496
493
735
592
813
1537
1331
650
683
926
670
164
429
142
211
898
764
454
1163
962
150
34
0
792
844
664
502
2
31
17
513
595
453
652
559
202
447
158
242
883
1203
1139
1378
873
456
12
2
468
752
826
768
498
11
14
317
359
256
375
306
139
592
205
316
972
889
507
539
284
721
664
489
318
267
362
458
508
457
441
344
110
105
293
17
14
115
175
329
771
809
835
800
185
190
68
76
107
1
117
184
229
427
527
439
456
560
782
481
9
11
153
334
879
1221
1576
1253
465
246
36
0
51
0
132
469
408
269
514
674
670
685
847
891
1032
643
142
386
910
1341
1584
1339
766
363
270
363
502
366
394
727
754
546
442
602
697
675
608
686
1123
1116
194
391
881
1435
1926
2048
1538
1086
1259
1118
931
462
1
291
959
1157
819
462
638
744
395
4
154
437
175
266
762
1175
1351
1756
1748
1179
1006
392
215
142
5
9
10
149
399
350
512
713
619
311
11
415
190
251
607
1002
1100
1194
1149
767
772
1
15
1
333
232
16
25
102
554
581
617
806
1371
2194
2067
261
382
674
1097
1143
943
810
566
801
748
297
2
1
206
420
473
496
539
533
502
829
1516
1447
973
359
532
774
1015
1011
958
924
605
1170
1496
981
122
7
561
1571
1879
1245
754
435
405
328
102
442
1080
265
356
618
867
1097
1323
1188
511
716
1338
1786
1597
1441
1267
1106
988
601
500
452
483
312
8
421
1474
357
614
976
1444
1843
2006
2029
1519
879
504
688
863
752
571
454
582
544
294
138
563
962
355
5
178
23
10
12
1
303
869
1497
1479
1233
996
1129
1381
1244
876
527
608
658
433
356
755
1011
17
53
38
1097
107
-15
-45
575
240
357
-9
580
-8
170
499
19
96
677
6
-4
406
4
64
479
252
87
143
47
-322
-405
-300
2069
-6
850
-343
-51
-73
-40
26
-126
46
-84
-61
-10
-222
118
10
-199
450
-154
-186
383
-68
-165
1798
437
752
39
-202
66
118
299
71
-13
-193
-101
568
175
-131
442
576
273
-134
162
582
473
-110
-14
256
2536
-64
-414
-42
441
-28
-106
-180
-183
-195
-81
491
643
410
114
-79
84
23
133
51
457
-39
-67
345
1364
-115
-283
510
167
-200
-202
-230
-89
441
479
-75
344
-30
185
235
-14
459
337
-126
433
-59
-88
294
571
512
-188
788
-298
-251
-83
370
430
487
490
188
109
69
122
335
543
17
-215
227
449
-74
-65
765
-128
1379
-23
-33
-339
202
521
250
840
419
547
711
610
163
-14
227
936
261
63
41
412
-62
-8
-15
1694
567
189
-252
-48
551
413
598
326
699
529
750
467
547
430
20
570
569
552
-52
419
-87
-34
327
1559
251
-28
-180
-51
333
269
638
613
586
636
538
359
636
595
445
585
757
-22
-17
440
-73
-50
-49
1761
612
-122
-33
659
564
541
193
779
578
471
869
1269
946
966
233
906
773
92
-67
449
-81
-73
413
2621
-235
-130
1700
1159
951
440
-111
-72
1106
2208
1526
1642
1971
57
-145
-40
878
542
-134
448
-62
-109
1039
1303
-128
696
357
-43
274
282
-24
-282
609
2272
1208
-206
-137
-45
502
-436
502
1242
-1
447
-44
-122
646
2075
-110
-387
675
116
-322
-264
76
-290
258
346
-36
-20
292
-167
-372
-69
131
1731
-176
465
-64
-86
342
1922
-257
-66
510
160
-573
-10
144
-232
1156
359
1246
-235
-131
223
60
-301
761
1134
567
453
-40
-197
1179
1351
-99
-143
-196
-37
-47
-172
-263
503
977
694
491
-225
-59
-220
-172
-45
852
1415
-82
458
-91
-129
1936
994
-338
26
-414
86
-127
-221
72
648
525
185
-85
-46
-180
-138
-99
658
387
1809
-141
487
-149
588
-238
937
-167
-120
194
-328
-149
1048
712
48
423
1179
-220
-185
100
166
729
562
361
1169
527
515
-86
-106
22
495
-147
-49
876
-140
55
1634
562
126
589
422
955
17
423
657
689
441
889
475
401
465
-85
-70
1115
-127
508
461
267
267
1794
872
788
154
492
1783
777
207
257
343
572
1135
121
383
1328
436
-36
-52
187
-7
1458
773
-6
443
1003
663
1242
619
1889
-394
-243
1381
21
-56
840
792
190
1081
840
448
-77
-47
110
931
2674
-9
-140
855
-96
-52
-67
608
-341
-211
247
63
1134
165
340
-25
449
1758
2798
453
-77
-22
312
771
318
854
-184
-111
585
1595
476
-49
264
497
979
475
-109
960
-43
140
80
4232
-495
401
-43
-4
285
86
1570
216
-143
-115
2140
1553
-172
516
645
308
1102
-29
-342
-65
719
-24
2141
1317
-58
462
-96
-2
391
321
1252
61
-127
781
-400
186
-41
-44
-172
-296
-170
-241
-85
1399
172
-197
3500
-110
-112
499
-73
-43
558
216
930
554
125
38
-308
488
738
-11
-239
-240
-222
-119
1551
715
162
41
3026
-303
297
467
-78
-37
393
370
1597
52
-34
-167
1043
-187
-37
-71
-118
166
302
676
1259
-56
441
1425
1667
-32
528
293
-88
-1
364
61
1495
-27
-278
-21
1488
-10
-57
-49
350
479
301
1813
-55
7
1254
2028
610
-146
1328
-25
-44
404
638
-37
1061
16
-408
774
1228
145
409
-31
747
666
1402
202
366
1515
1373
-3
77
-15
-50
79
918
1113
958
1051
2417
4038
5170
4130
3611
3488
3313
3023
2630
2684
2823
2994
2920
3173
3389
3330
3496
3996
2998
718
2949
3154
3196
4288
5658
6872
5028
1903
1106
637
167
41
30
176
666
1002
1381
1968
2004
1752
2042
2152
1078
103
1029
130
839
2874
3821
3583
540
142
233
267
244
242
194
94
47
93
94
784
854
957
1186
873
31
78
1111
525
1231
3022
2760
1433
189
340
359
251
146
99
26
117
34
128
184
129
75
26
4
260
114
108
1145
580
951
1964
522
164
258
237
111
55
31
6
214
264
132
1
76
112
128
76
11
215
116
114
1150
600
505
964
17
190
177
40
76
4
24
24
143
224
234
344
266
132
59
59
8
316
73
104
1165
559
684
1332
1702
36
18
261
129
173
197
256
274
317
349
432
358
262
136
120
311
201
39
124
1180
545
586
1283
1957
49
242
140
310
362
423
415
415
439
516
513
480
474
357
385
431
78
86
103
1171
394
493
1493
1860
43
120
228
324
421
550
551
514
538
708
678
652
525
319
395
575
500
84
83
1109
71
462
1963
2234
21
72
181
284
497
598
595
502
400
422
546
647
676
531
506
946
747
25
70
1119
267
913
2708
1380
160
23
506
700
632
326
145
16
161
801
786
258
25
89
287
685
661
28
44
1099
222
1069
3190
1120
286
1231
1568
1486
1182
586
276
525
1332
1932
1593
1102
983
893
514
612
1205
33
37
1141
379
1329
3162
583
195
750
876
480
654
416
361
750
1166
1327
870
945
958
871
389
743
1600
58
11
1084
195
1011
2840
280
81
725
431
147
43
170
736
1113
1199
946
596
264
513
454
241
823
1738
65
5
1007
97
871
2304
30
72
779
495
81
1
480
1060
1388
1184
1175
532
46
609
758
487
730
1558
63
35
1206
672
1475
2582
62
79
16
18
70
23
386
666
1033
494
258
5
10
191
355
319
514
949
168
3
1226
787
1408
1988
61
62
37
8
23
67
404
400
700
376
183
96
16
209
260
374
545
735
193
14
1226
694
746
781
104
66
260
274
202
346
459
449
597
427
391
473
434
505
539
632
647
571
110
21
1256
694
749
676
46
20
587
324
91
204
202
402
185
7
204
489
742
730
687
700
819
484
12
12
1283
790
478
373
377
393
501
483
889
989
911
737
887
827
879
928
907
887
776
565
9
71
31
39
1348
729
478
873
1312
1538
728
646
1431
1679
1710
1595
1683
1374
1250
1016
770
664
732
130
16
3
891
14
1274
536
471
893
1567
1652
277
137
5
90
115
33
13
106
229
491
704
771
646
126
491
2453
2559
20
1276
603
499
728
1182
875
0
676
766
206
7
9
85
65
245
392
737
888
392
301
1199
2946
1122
2
1280
614
468
495
841
647
28
722
994
1158
1113
1302
1175
975
867
886
973
873
178
518
1969
3142
484
54
1350
565
383
17
144
13
35
405
602
878
922
1356
1139
1081
765
857
769
861
104
588
2337
1743
40
80
1320
575
459
398
945
777
290
270
785
740
717
925
1008
845
546
503
648
607
323
1172
2747
199
187
14
1126
676
482
691
1765
1718
604
331
555
679
554
569
610
594
644
797
771
308
249
1358
1874
308
335
1137
2607
1593
1765
1814
2472
1411
580
183
90
99
58
57
58
84
107
102
127
147
142
146
241
629
291
42
0
17
33
39
32
39
52
203
176
133
155
128
67
109
129
126
175
139
145
169
181
192
204
18
137
143
157
199
19
646
26
45
105
99
24
105
113
448
154
21
11
114
88
53
87
52
121
56
79
9
440
1016
304
185
81
1128
1640
1296
1147
665
405
316
421
743
755
634
92
234
591
371
67
30
4
141
211
25
176
152
70
111
37
105
54
87
133
135
29
0
152
647
1401
865
464
755
1058
44
47
43
30
16
68
0
311
691
266
58
77
101
123
122
120
65
73
224
51
96
77
112
115
41
25
49
105
41
67
7
123
50
190
176
154
96
69
95
119
146
106
59
137
581
488
532
147
42
25
24
151
135
34
17
53
156
75
48
9
59
52
52
88
138
165
115
61
179
33
177
373
39
33
13
16
18
76
77
143
89
77
65
64
31
52
28
3
51
56
112
81
23
741
442
71
39
23
35
130
24
89
63
27
156
286
237
29
22
25
21
39
211
64
34
86
93
136
21
283
42
34
14
59
19
16
83
106
86
31
24
70
16
105
111
57
126
47
58
64
37
18
44
42
38
21
93
58
85
67
150
377
489
425
190
10
3
167
367
384
420
507
334
102
0
238
271
209
38
30
15
124
15
23
1238
3829
4423
3103
1280
68
518
1459
2732
3294
3478
3806
3165
435
78
35
17
59
34
19
42
98
85
71
56
256
212
65
629
721
971
639
173
60
53
260
239
407
44
36
145
129
37
6
56
41
146
158
5
1835
2521
2659
1631
891
2
28
407
1277
1848
2582
900
87
53
34
32
112
44
34
32
124
172
117
33
247
443
7
15
223
0
146
139
15
47
220
1154
710
93
39
38
47
39
23
126
23
139
140
201
215
202
113
40
80
100
132
113
150
93
78
135
138
117
57
39
19
34
22
44
71
51
79
172
227
178
213
173
138
24
65
240
123
134
155
125
65
52
46
14
270
37
27
62
103
162
141
148
111
121
82
107
46
47
102
95
173
112
79
52
8
71
66
72
20
48
23
32
132
192
243
89
47
120
151
129
27
48
154
32
192
143
96
52
26
7
62
77
126
41
31
8
3
50
67
8
141
596
971
932
93
158
137
1108
2040
262
67
222
224
40
112
149
59
44
41
22
24
8
443
284
263
320
612
1376
2116
1721
2064
863
546
1220
10
92
83
62
36
79
258
46
33
18
49
38
1011
1221
1287
924
148
465
360
142
242
296
306
101
1212
481
133
200
630
1020
1848
41
39
9
44
89
159
145
92
14
565
1030
755
61
21
5
114
119
7
392
163
71
576
271
77
32
45
0
52
83
74
274
17
57
883
1266
634
1630
2006
2632
3070
2095
280
99
43
276
32
156
113
49
41
7
26
84
86
218
51
192
77
69
262
350
274
188
107
139
78
23
25
39
84
98
104
49
36
65
78
40
102
109
249
127
124
514
2411
2583
1815
658
79
93
67
17
56
164
114
222
194
38
23
9
40
98
53
98
139
40
115
186
111
108
147
133
55
31
40
212
12
77
78
41
33
25
34
26
32
38
112
148
22
797
3
97
201
138
75
17
106
312
165
5
529
223
17
842
1296
-114
-127
-77
-160
-99
-97
-164
-58
-228
-152
-229
-234
-221
-316
-222
-228
-215
-164
-170
-174
-165
-127
-139
-140
-157
-180
-159
-179
-143
-167
-336
-234
-428
-369
-383
-570
-565
-630
-564
-540
-461
-390
-340
-340
-231
-236
-209
-214
-144
-45
3
-45
-117
-179
-177
-188
-471
-618
-516
-325
-126
-149
-220
-308
-458
-399
-366
-288
-316
-267
-151
-259
-149
-129
-107
-134
-121
-221
-153
322
411
1199
706
623
741
1194
1068
755
577
541
66
-185
-241
-96
-21
-213
-148
-143
-146
-182
-149
-151
63
468
504
471
1042
1413
1366
1203
1007
1066
1021
779
585
607
333
326
333
-150
-149
-129
-127
-210
-208
-148
-99
69
455
1179
1713
1256
676
545
633
925
1043
1124
988
1029
291
574
333
-64
-149
-116
-18
190
312
144
32
578
853
699
434
320
295
306
310
335
443
535
546
728
190
568
145
-54
-149
-108
-85
-99
-125
-170
-62
365
648
351
288
136
260
202
212
41
-10
109
402
318
-122
-91
77
-246
-148
-101
-85
-97
-123
-58
36
307
-11
-40
-26
-20
-12
-28
-21
-127
-115
-84
-11
188
379
337
245
-225
-148
-117
-112
-132
-133
-122
-94
204
279
440
314
174
-10
-42
-57
49
114
111
209
-6
-94
144
453
18
-149
-118
-107
-122
-115
-130
-144
260
-15
108
165
93
3
72
218
171
11
-29
-217
-408
-180
-122
46
-53
-148
-117
-114
-137
-127
-178
-212
-175
-312
-232
-113
-187
-27
-94
-115
-360
-433
-439
-218
27
67
281
227
-45
-149
-118
-114
-140
-135
-203
-80
-52
-48
-390
-327
-310
-151
-246
-239
-225
858
1405
832
152
-97
-99
-116
-121
-149
-123
-115
-152
-142
-69
67
152
24
-127
19
-43
-127
258
206
35
-256
-57
504
737
309
-130
-126
-125
-149
-123
-123
-141
-136
-148
-433
-351
-301
-231
-255
-284
-272
-339
-543
-472
-427
-321
-532
-476
-244
-147
-124
-120
-150
-115
-112
-135
-138
-140
-140
634
1176
911
604
207
109
-61
673
1087
1009
881
824
440
7
-148
-91
-180
-151
-122
-129
-117
-173
-118
79
1154
1970
1823
1199
486
-55
-106
753
1469
1914
1887
1591
801
182
-172
-176
-116
-148
-111
-121
-116
-171
-174
-108
294
841
795
332
-28
-104
-81
243
535
743
615
388
77
-80
-74
-65
-74
-150
-131
-110
-105
-63
13
65
190
316
210
-27
-59
-6
100
185
389
203
249
258
46
-23
-94
-30
17
-149
-148
-118
-153
-119
-104
-52
14
-77
-138
-180
-146
-221
1
-222
-214
-172
-145
-28
-55
-61
-207
-180
-170
-149
-130
-65
-87
-76
-114
-104
-135
-201
-426
-537
-557
-589
-615
-507
-366
-209
-238
-144
-130
-98
-43
201
66
-148
-113
-65
-115
-134
-148
-165
-274
-116
22
961
798
748
972
1303
712
335
-45
-77
-87
-42
-77
-127
-135
-149
-127
-101
-121
-132
-143
-98
-38
364
165
506
753
1184
849
-20
-35
82
-148
-65
76
-22
-67
-119
-125
-151
-105
-78
-85
-121
-153
-94
78
-21
-301
-604
-735
-670
-651
-609
-567
-429
-183
261
270
-117
-168
-99
-184
-151
-113
-78
-83
-113
-154
-127
-59
78
888
1638
1827
1784
1530
1431
1698
1409
340
-40
-63
-95
-168
-149
-171
-151
-130
-127
-128
-118
-142
-121
-140
-85
-37
72
23
-71
-172
-74
312
305
-80
-79
-153
-92
-60
-20
-61
-150
-105
-82
-83
-119
-165
-143
-133
-59
196
620
838
1105
1137
1024
621
41
-60
-123
-94
-121
-116
-116
-127
-141
-124
-110
-113
-129
-143
-135
-102
-70
-2
379
867
1143
1025
672
201
-82
50
134
-8
-135
-124
-118
-127
427
-65
414
234
415
358
85
716
514
247
334
235
357
441
205
535
414
219
534
507
124
368
303
141
393
87
219
118
372
1153
245
-482
136
500
530
292
435
354
48
77
535
-70
-372
436
427
-397
-21
-118
430
51
446
191
-155
1505
-40
-993
364
485
579
389
283
513
-812
-627
568
-167
-498
335
319
-194
-268
141
365
127
372
-98
163
1110
387
-186
256
322
164
226
440
-300
-854
-125
457
29
161
499
150
-46
57
146
382
57
158
247
115
1005
1013
-51
454
-77
-497
-223
-211
-336
1
275
477
245
57
13
129
385
123
234
378
40
206
340
230
939
1418
139
-269
-775
-455
-236
-13
154
212
206
383
412
-135
-98
175
608
293
-221
376
81
283
725
779
640
437
49
-1191
-404
-14
180
131
316
222
128
271
382
116
142
121
474
161
-255
370
35
362
1233
901
-349
-144
-830
-675
41
230
210
219
303
313
125
190
323
338
445
140
112
194
140
353
9
473
1177
347
71
-436
-745
-242
168
258
298
187
372
244
284
199
265
314
619
107
-236
269
271
345
-2
633
1254
559
-249
-304
-678
51
301
411
302
277
348
320
274
367
240
423
761
-20
-154
278
149
331
23
921
1582
191
-631
-706
299
243
-151
-116
274
256
534
478
237
544
267
-268
178
359
-99
273
168
311
31
1179
1484
-199
-510
-398
-40
277
-304
-434
17
280
545
293
496
147
388
-80
-336
337
421
-95
4
318
3
1167
1466
36
-469
-708
-757
418
43
-301
271
532
449
528
-406
780
221
-170
-190
813
304
-297
43
335
37
1225
1299
-400
-94
-621
-400
207
136
-147
769
864
372
33
-217
-182
328
-130
148
837
540
-378
-203
347
14
1029
1464
-173
-823
-423
-258
392
151
279
532
268
-170
-110
-24
687
211
-358
368
472
351
-301
-573
345
55
612
839
135
181
-585
-81
275
620
-135
-412
-178
-118
461
548
454
-72
-429
-311
504
431
-373
-256
370
137
519
568
887
77
-503
-386
214
272
16
-538
18
175
283
253
367
-82
-301
45
758
671
-392
-171
441
153
481
659
70
-363
-396
-177
112
360
104
-27
160
107
180
285
357
18
158
330
784
943
-362
-583
501
24
320
211
-204
-74
71
239
286
293
329
289
240
274
514
-44
-17
258
192
482
652
635
191
-743
488
-72
145
74
199
237
240
554
665
196
212
-54
320
226
93
366
-119
99
296
464
335
391
417
-387
445
-95
220
378
262
-30
242
1042
769
-208
-369
210
188
425
-249
212
314
-167
136
425
343
411
568
112
425
-98
272
316
692
505
-203
523
468
-373
309
59
258
331
31
251
497
-43
-14
465
842
313
1202
-875
419
-81
181
411
1507
460
-1035
457
250
-177
367
11
127
590
393
-91
-75
227
73
501
1483
438
-311
-236
436
-44
40
421
1827
466
-1242
-187
259
-39
43
292
416
368
-3
-193
508
-209
-371
760
2097
-334
-59
-520
415
-49
-24
388
1731
570
-1151
-464
116
207
545
388
-63
-215
465
404
177
-316
-401
1212
1788
-202
-569
-391
359
-79
69
303
1629
690
-977
-361
72
326
399
122
271
209
101
164
237
-30
-232
1737
1557
-968
-531
-377
291
-94
182
444
1672
654
-982
-321
82
120
327
498
357
-125
26
299
305
109
176
1840
951
-1492
437
-543
454
-194
15
549
1550
338
-1352
-267
308
-27
135
175
-16
69
205
285
235
179
436
1735
345
-1704
732
426
362
539
307
-27
-219
-200
858
1876
983
753
680
194
744
842
163
360
364
585
1101
1051
515
444
173
-713
354
609
-182
510
-69
-219
1007
705
37
280
95
58
525
-278
214
-26
-291
833
901
-437
460
247
-44
-509
265
250
-152
1523
291
-425
1033
428
29
373
-162
290
-498
-55
1601
346
4
1230
931
-235
-73
620
80
-271
247
433
44
1369
563
-655
-233
241
10
-52
-182
-211
-119
859
1448
1298
714
119
216
46
111
676
291
-414
281
552
-145
1058
793
-743
-332
-230
-128
39
76
183
470
272
315
599
129
231
544
316
861
746
-527
-629
294
437
-45
1121
190
-829
-608
-199
331
288
291
244
253
151
91
145
118
288
666
592
246
-450
-212
-97
267
411
112
-376
-293
-410
-338
196
400
412
44
293
208
40
80
199
136
175
613
468
251
87
171
-238
296
549
-174
-541
-153
-285
35
323
378
218
227
142
259
156
149
199
191
93
219
157
1060
611
-278
-458
293
588
-111
-399
-377
-227
150
338
297
246
362
210
266
109
50
56
40
108
16
-182
605
946
73
-477
307
495
-304
-470
-356
-126
176
730
998
920
407
262
152
-30
274
498
615
831
544
33
782
977
7
-447
299
442
-473
-391
-384
-18
2425
3175
1605
111
-92
-41
218
1129
1716
2402
2494
725
-316
-89
1211
127
-266
-385
299
389
-499
-224
-482
178
4350
3680
1669
-546
-997
-432
510
2485
2901
-92
1678
2402
-1052
-1059
-313
198
360
-350
357
374
-509
-309
-269
-78
2261
2209
1159
-618
-804
-434
-86
408
1002
1051
1041
596
-561
-448
-399
305
364
-239
329
455
-504
243
-424
-45
1209
1316
306
-281
-608
-363
-126
-51
718
2407
2524
-343
-1020
-384
-322
285
847
-398
361
420
-577
19
-58
203
1672
507
-232
-373
-405
-83
359
1771
1357
-209
112
-387
-579
-53
-89
257
58
-167
332
454
564
1131
-972
-425
1284
369
-99
-551
-239
417
82
715
875
221
-533
-333
264
303
-187
691
229
-161
278
385
-123
75
-573
-168
499
47
-35
-252
53
367
120
559
547
-13
-66
330
122
50
-312
485
1069
-389
353
280
-219
-96
-27
103
259
306
-1
-58
-36
218
518
596
658
125
97
196
80
-26
-300
-210
1262
-368
213
365
193
652
27
-290
4
453
-22
-203
392
1185
954
1433
627
-98
-19
172
105
-134
-150
-299
648
-141
306
419
450
-65
30
-216
157
95
-296
1781
1592
1112
1598
-551
146
127
-56
29
120
8
4
94
-171
92
317
550
-50
-194
662
-164
290
-212
-425
1419
2577
146
-603
-602
828
1539
50
-255
9
25
-75
-321
2447
-311
280
496
55
0
-188
-266
1095
-430
-415
1967
2144
631
433
721
1195
1533
869
-219
-273
-171
-332
2707
-51
-1107
207
482
243
-126
-481
-97
135
-65
2666
3076
1642
884
1781
1624
502
-915
-848
-238
56
-227
-610
1469
-468
-499
95
584
316
-138
-466
-167
17
453
1221
1025
1271
772
720
441
275
-987
-718
82
370
-368
-579
174
-223
-60
178
619
370
-25
-493
-215
487
622
589
1888
2269
1212
-510
-823
-544
-227
-110
197
354
-474
-563
139
-147
141
238
614
326
-170
-493
-194
919
361
110
710
976
208
-582
-430
-104
52
-102
302
107
-689
-327
778
-99
-58
347
612
172
-250
-373
-160
1385
303
122
113
116
120
125
112
-20
85
-139
-70
-63
-523
-37
565
109
-294
401
547
91
-381
-414
-29
1195
1066
-155
-178
206
-73
-5
-43
-69
-135
-189
-64
-196
-347
488
-196
-510
161
-262
-7
-43
-153
-173
-137
306
380
58
387
450
349
401
165
-46
332
514
408
410
364
360
289
40
306
-435
-33
-200
-160
745
289
787
843
294
728
411
216
568
224
3
539
572
383
363
-6
86
210
-36
229
-281
238
-229
-21
2122
633
644
1032
463
503
69
289
732
107
194
708
466
-13
209
189
47
220
196
365
-301
490
-55
410
1734
-40
44
772
242
493
324
490
8
-48
8
547
347
-47
9
318
669
798
547
609
-306
490
210
1078
2044
270
336
739
320
214
40
-31
-132
-75
-16
103
16
-50
115
-26
468
971
390
527
-293
554
78
86
679
286
193
585
290
-42
-64
-102
26
167
122
-6
-35
-15
-23
45
323
877
-75
34
-302
548
145
-136
-138
504
241
435
-31
-28
81
90
223
151
-11
99
279
243
63
47
726
928
-46
442
-306
492
43
-218
416
1160
476
425
258
291
189
213
189
76
55
419
504
466
229
-48
463
1049
648
845
-306
556
-36
-220
1162
1144
541
577
509
362
281
243
298
259
290
531
523
417
164
-74
15
817
826
648
-295
574
-154
-375
850
797
1349
1864
1339
766
91
247
259
520
974
1281
1434
1127
533
97
626
1290
569
837
-303
497
-221
-234
1542
1179
2370
1702
1064
376
-171
94
251
964
1666
1292
1173
886
448
-45
91
671
891
1034
-305
441
-242
-115
2418
1468
2664
624
345
72
-65
-18
219
1345
1773
678
509
418
474
-39
-279
-107
1039
1278
-309
498
-203
303
2741
525
1051
715
373
15
-192
-229
-1
800
1062
637
490
35
-241
-156
-371
-63
1575
1470
-304
556
-131
416
2400
-100
733
1363
413
491
-127
-223
178
1304
1632
803
460
79
-165
-198
-299
77
1942
1497
-306
463
56
1622
1748
-202
1705
1612
451
256
-25
-109
221
1762
2190
598
454
252
428
-46
-190
226
1875
1440
-314
533
229
1508
1594
-78
1219
959
135
-83
-270
-204
428
1392
974
-27
-25
-48
-110
-165
-174
275
1738
1318
-304
534
332
327
790
261
285
287
-68
-257
-269
-94
526
1113
392
-54
-88
-115
-131
-122
-76
345
1558
1828
-319
492
325
366
577
39
-86
182
-45
-87
114
494
757
1082
554
107
-44
-21
133
52
15
756
1322
2024
-331
489
586
422
496
-41
-65
47
-94
479
1052
1000
1783
1092
176
88
-91
179
277
176
368
1209
1792
1504
-327
701
631
-34
253
763
292
232
289
1380
1998
1252
1642
664
-43
338
211
313
450
447
460
534
1276
1169
-327
684
556
-91
553
1275
609
1044
882
1209
1500
1142
559
-132
-122
223
826
535
518
587
-14
236
1788
985
-333
643
548
-12
254
437
622
1299
1365
1450
1175
732
416
140
394
352
38
489
528
202
-255
-50
2218
891
-330
611
634
-6
-32
307
1111
331
648
1276
858
519
265
414
706
850
99
-66
263
-88
-358
524
1749
809
-314
683
672
19
-16
1085
1031
154
138
570
540
445
127
-96
-33
-38
-38
-155
252
-148
-360
1464
2384
1157
-310
701
697
39
-58
638
459
526
334
600
906
660
327
-43
-41
-69
-299
-54
558
-239
-285
1987
2366
1175
-301
634
635
-23
3
812
569
1028
389
608
655
281
-44
-62
-10
-84
-77
515
491
-243
-76
2592
2055
945
-210
983
978
400
312
971
1021
1203
552
363
543
80
-85
-169
-97
-53
592
856
600
273
1059
2608
1491
958
545
1614
1412
1138
1345
1458
1570
1512
1032
1109
1375
1125
881
896
1011
1237
1624
1354
1256
1313
1863
2123
1178
838
-37
-291
-102
-22
276
685
776
-90
-104
-108
-133
-114
-131
-73
-163
-143
-59
-81
-83
-84
-147
-154
-68
-249
-231
-83
43
-24
1512
1416
598
351
-17
-49
-57
-59
-49
-56
-18
1
-3
-106
-12
-93
6
18
-32
-23
-179
-169
-182
384
516
-196
843
-13
-152
-184
-187
-194
-183
-193
-191
-195
-190
-171
-173
-181
-194
-197
-194
-194
-179
-163
-118
-1
-43
625
281
-142
-219
-174
-191
-183
-175
-169
-173
-178
-203
-181
-196
-177
-195
-200
-194
-194
-181
-161
-146
-72
469
422
-144
-193
-165
-171
-171
-162
-163
-158
-167
-164
-166
-191
-182
-194
-186
-189
-157
-194
-181
-162
-182
67
-304
78
-146
-187
-177
-163
-168
-157
-157
-151
-151
-159
-169
-163
-181
-183
-197
-176
-222
-162
-180
-160
-167
-213
-84
-16
-170
-177
-168
-163
-156
-154
-146
-152
-151
-148
-152
-163
-173
-171
-89
-141
-168
-192
-181
-161
-168
-158
13
-169
-187
-172
-164
-151
-149
-143
-151
-149
-153
-154
-153
-152
-161
-131
-232
-176
-87
-183
-180
-161
-167
-64
-60
66
-173
-174
-162
-153
-148
-146
-147
-148
-150
-148
-154
-154
-159
-181
-162
-113
-244
-153
-181
-160
-170
-102
-217
125
-111
-190
-188
-181
-163
-151
-147
-154
-158
-171
-158
-54
-167
-179
-179
-156
-158
-176
-181
-158
-168
-129
562
436
584
1096
1008
1176
372
-138
-165
-121
553
1135
929
1869
1851
212
-131
-233
-173
-189
-180
-161
-144
125
322
1045
1478
572
1493
984
578
4
-175
109
664
593
2024
602
256
570
-81
-166
-173
-202
-180
-161
-124
13
1034
1061
931
1329
2235
1112
682
75
-181
-6
120
1855
1420
1498
1270
348
-70
-178
-201
-196
-182
-164
-159
56
38
704
953
1559
992
1397
772
-49
-185
-73
1331
1723
990
1063
404
26
-147
-182
-186
-186
-181
-166
-141
413
680
420
567
248
573
745
107
-93
-169
74
-31
38
1513
-133
425
-142
-174
-182
-181
-188
-181
-167
-8
-37
306
616
135
-94
147
247
28
-136
-164
-216
9
106
353
117
-49
-169
-167
-177
-186
-202
-183
-164
-132
-89
307
87
13
-151
-59
-73
-132
-166
-155
-171
-193
-52
-48
-141
-162
-159
-163
-176
-154
70
-179
-161
-197
-82
-143
-20
-36
-163
-161
-157
-164
-171
-164
-173
-189
-182
-169
-161
-152
-156
-162
-149
110
-75
-182
-162
-165
-200
-141
-97
-144
-158
-156
-139
-56
77
92
257
-146
-191
-177
-154
-151
-156
-156
-122
-79
-61
-179
-157
-164
-170
-118
523
-88
-163
-159
-97
157
381
-33
-244
-29
-183
-187
-168
-156
-151
-159
-98
676
784
-179
-157
-158
-166
258
648
554
-132
-169
-82
-124
-297
145
-72
-62
-181
-186
-187
-161
-153
-161
224
1513
2069
-179
-158
-159
-167
378
-29
965
-38
-57
276
1004
1753
1324
1099
548
-52
-177
-181
-165
-158
-168
393
676
745
-181
-157
-154
-154
41
940
1171
153
-72
738
1396
2117
2649
1686
953
1096
190
-159
-172
-160
-169
-81
606
1025
-179
-157
-154
-156
224
669
1386
297
-21
-119
696
1152
1087
560
889
-164
20
-91
-164
-168
-178
-92
231
1236
-179
-157
-154
-153
145
959
746
584
-235
-71
150
220
642
906
233
227
75
-110
-163
-167
-162
-104
614
550
-181
-157
-154
-155
186
681
1173
770
-171
-199
-179
-42
55
-98
-168
-158
-154
-158
-154
-161
-193
-80
524
1681
-171
-139
-135
-137
96
-116
380
85
-122
-153
-148
-142
-139
-146
-141
-139
-135
-149
-159
-114
401
204
1715
1207
-207
-186
-188
-191
-192
-134
205
-15
-152
-204
-189
-187
-187
-187
-186
-182
-192
-185
-182
-24
-409
236
-70
-368
134
275
-323
-278
-186
139
-139
-239
-356
-329
-293
-236
-200
-194
-234
-265
-310
-341
-313
-302
-331
-321
-224
-340
818
185
-282
-239
-15
442
388
-305
-190
-178
-67
-59
-34
-54
-57
-119
-171
-168
-188
-218
-230
-262
-309
-219
761
173
-277
-355
211
184
163
-216
-128
-45
-91
-92
-146
-109
-124
-61
-47
-105
-66
-94
-223
-212
-203
-328
811
170
-274
-314
-431
211
-406
-203
-224
-172
-130
-209
-213
-210
-160
-144
-100
-38
4
-59
-118
-164
-258
-279
828
206
-257
-252
-330
-188
-300
-327
-230
-271
-251
-261
-253
-270
-249
-202
-196
-134
-91
-57
-82
-179
-223
-319
855
222
-252
-252
-292
-287
-251
-239
-399
-300
-310
-298
-294
-282
-291
-297
-286
-264
-196
-137
-148
-212
-214
-362
864
213
-255
-301
-239
-244
-225
-262
-345
-364
-368
-347
-344
-333
-334
-327
-332
-318
-283
-228
-209
-211
-289
-301
843
194
-273
-255
-302
-65
-118
-248
-367
-386
-383
-397
-377
-362
-348
-328
-313
-314
-306
-257
-254
-205
-243
-307
831
167
-289
-261
-78
201
354
-219
-308
-388
-400
-379
-394
-369
-337
-323
-325
-309
-314
-289
-289
-226
-226
-341
812
169
-295
-305
50
774
873
315
199
130
-103
-340
-365
-288
-154
-125
4
-3
-121
-288
-287
-274
-236
-356
819
152
-261
-332
67
1529
1687
912
1115
1162
899
163
-231
-81
73
615
452
424
172
-9
-278
-264
-295
-341
829
158
-304
-270
269
1546
1424
720
568
1230
964
365
-180
-291
-55
-241
216
595
417
-143
-203
-354
-295
-379
841
153
-252
-218
87
1813
1365
15
-23
-38
420
88
-203
-321
-375
-97
40
158
504
-54
-389
-345
-322
-291
877
193
-207
-147
133
1365
923
-22
-306
-240
39
-105
-122
-315
-304
-380
-172
448
-74
-170
-288
-287
-241
-192
875
197
-247
-161
8
914
522
-152
-318
-284
-315
-96
-333
-291
-336
-228
-226
-188
-81
-320
-323
-303
-181
-116
864
143
-350
-239
-152
734
206
-220
-244
-314
-340
-352
-337
-309
-271
-273
-182
-163
-252
-307
-323
-330
-183
-137
904
181
-320
-344
-212
344
-51
-146
-346
-288
-292
-321
-328
-338
-275
-270
-262
-290
-289
-331
-358
-325
-339
-206
899
224
-309
-300
-279
8
47
-155
-148
-118
-144
-139
-342
-299
-148
-39
-168
-308
-345
-332
-359
-380
-208
-284
923
193
-316
-303
-279
60
313
351
248
94
438
439
135
64
247
226
93
-209
-365
-355
-336
-216
-245
-134
917
203
-280
-343
-163
441
772
680
119
369
611
507
454
-93
106
201
-86
-106
-329
-350
-332
-329
114
290
939
227
-303
-228
-53
430
1055
250
17
-185
-59
78
-312
-268
-274
-161
-42
-306
-283
-335
-270
-81
1271
1172
918
204
-282
-288
-272
470
394
75
-186
136
195
273
-42
22
213
179
143
-244
-339
-312
-278
587
937
1864
904
173
-291
-286
-188
181
682
69
-68
5
677
488
432
395
526
539
-81
-152
-352
-318
-261
-158
1046
549
929
172
-284
-259
-232
322
982
500
-52
-37
-95
365
-22
-191
-247
-196
-251
-410
-287
-345
-256
-267
-21
239
926
186
-273
-256
-227
430
991
910
226
-46
157
136
12
-181
-261
-305
-359
-288
-376
-235
-245
-150
-44
54
906
182
-266
-265
-164
180
1035
660
240
-91
-217
-186
-183
-324
-291
-345
-362
-396
-349
-232
-129
-116
-135
266
935
241
-234
-218
-216
281
416
260
348
-26
29
-228
-304
-338
-356
-362
-393
-375
-270
-298
-58
-196
281
675
335
-50
-249
-246
-318
-157
-96
-167
-84
107
-139
-259
-341
-409
-402
-422
-407
-305
-366
-220
-277
269
77
476
465
1240
498
481
1969
2235
1921
950
-26
-19
69
125
-51
-59
-58
-71
27
897
1287
1165
693
1044
643
620
13
1271
897
1611
2126
1001
-219
-265
-161
-108
-5
-74
-163
-147
-142
-165
-128
77
657
141
734
1180
446
-95
-69
886
994
943
-245
-228
-12
29
-10
-126
-279
-199
-152
-126
-97
-72
-205
-358
-384
-190
-198
-196
-74
-42
-37
740
719
-133
-194
-107
-152
404
464
-76
-114
-93
-52
-3
-49
-56
-98
-154
-178
-178
-289
-143
-88
-160
-50
773
682
-4
-75
-246
-52
782
-71
-105
-16
-18
124
-36
-65
-23
27
-45
-115
-104
-94
-128
-51
107
-34
769
257
613
561
724
509
-88
-107
2
328
341
-29
-3
15
116
224
227
101
-61
-93
-144
-98
760
-35
747
246
138
1544
2129
-26
-55
5
66
231
188
281
318
293
249
407
439
285
97
-59
-104
75
-122
-40
754
317
256
650
806
-115
-144
95
34
56
252
261
268
450
282
-17
-8
364
221
-10
-7
-225
-180
-40
691
575
762
-1
691
-35
69
240
58
159
222
219
304
193
-3
78
228
129
316
134
-26
-51
-59
-47
774
401
849
1755
821
381
1321
1763
1564
1416
633
419
574
776
1550
1815
1780
850
667
208
-111
-42
-41
-42
726
652
643
519
416
1589
2440
489
664
204
-20
387
722
1761
1348
1123
758
-27
-110
-94
-59
-142
-34
-43
843
781
615
-160
250
1299
-174
-190
-372
-362
-129
35
546
-32
-317
-417
-333
-278
-287
-102
95
-20
-73
-40
784
591
629
673
-52
-425
295
1332
-21
-56
-108
-89
63
518
1471
-124
-20
-17
-80
20
234
37
-147
-38
849
660
260
839
-20
-137
-145
-237
-129
-67
-137
-2
402
1256
-35
-83
-212
-143
-25
-43
-20
-70
-79
-41
846
324
674
624
-89
-39
-356
-230
-165
-103
-35
394
21
-444
-277
-165
-94
-95
-93
-22
-46
-69
-99
-44
959
1183
-192
-328
-187
-85
411
-101
-77
-21
1038
84
-93
-54
-71
-112
-115
-38
238
343
323
-1
-102
-40
719
656
570
256
-129
-13
300
260
469
1285
1209
300
-19
8
400
254
175
349
502
253
450
415
-66
-34
864
85
589
413
-25
-121
179
813
1359
1474
871
240
513
729
636
493
609
726
496
224
486
434
638
-60
836
485
-13
-37
114
323
582
1114
1882
1401
308
193
1203
390
245
-4
513
699
341
560
-63
574
1793
-22
903
313
-75
176
989
1061
500
1345
1756
-102
-225
-66
-6
-39
-154
-147
-66
153
396
53
186
772
1302
-26
754
326
384
726
6
-73
-6
432
-92
-6
370
-189
-223
-170
557
311
-115
-72
21
-8
748
1393
-54
-44
794
713
254
15
-148
197
-38
-446
-140
1020
964
-92
513
439
798
1357
200
-135
-84
142
1756
377
-201
-37
901
459
13
501
1486
616
-9
329
-143
-290
-200
358
-41
-224
-245
-43
164
555
247
694
817
1271
-80
-26
701
429
440
705
200
221
-13
143
-84
-216
-105
-202
-89
581
-139
-308
473
1085
468
1031
529
1669
334
-37
794
530
302
439
1095
943
-150
-73
76
54
-73
-50
100
75
126
1022
810
473
444
1402
1149
1078
658
-59
668
398
306
472
680
573
52
-176
9
373
10
-127
-211
-180
193
847
834
542
898
1499
-29
446
1123
-31
1104
1112
1216
1307
269
1541
934
-57
-94
616
839
811
873
1120
1353
1438
524
1246
2563
767
-95
199
1216
-41
117
265
247
241
416
221
124
-58
-57
-26
375
619
552
619
457
-51
-60
851
381
-166
-65
79
-14
121
538
771
762
1012
830
240
15
164
117
268
68
296
660
719
260
278
534
398
497
587
225
120
162
122
214
202
185
304
248
387
780
1
33
291
922
726
1003
978
708
605
523
830
83
7
853
280
13
442
56
344
427
356
293
144
1023
1885
969
686
927
941
746
989
1109
193
362
296
326
78
71
796
659
368
325
188
68
256
1105
151
305
531
1043
668
34
3
32
298
910
1261
595
544
946
617
93
373
534
271
187
287
653
61
502
34
234
748
474
277
523
144
237
173
1
510
707
653
575
295
1001
421
411
431
197
378
452
1545
290
195
432
73
214
116
299
227
416
478
477
96
158
835
495
507
23
321
784
342
230
344
781
552
1295
183
146
57
58
73
277
322
328
478
396
432
296
128
847
449
241
462
408
385
98
201
271
157
37
32
139
37
20
87
178
192
211
415
469
502
327
430
370
661
706
290
77
438
157
159
608
10
172
59
105
349
203
445
92
244
227
201
333
492
532
355
398
640
117
411
627
401
218
127
152
1008
603
201
251
163
119
316
472
11
435
656
661
157
262
156
401
427
521
126
495
380
248
41
47
157
849
945
1017
70
181
212
138
525
298
328
771
905
169
198
181
399
427
469
523
397
127
301
59
252
107
727
1778
601
397
567
317
325
841
549
284
317
163
328
256
74
280
228
10
454
353
86
361
158
1
434
960
2390
1145
73
195
165
564
1143
1231
124
602
0
14
388
620
130
128
354
343
782
703
450
8
347
57
1040
1972
1629
65
14
227
286
1428
2731
1989
38
186
98
592
776
10
377
33
79
802
1370
431
705
559
69
731
1184
973
135
299
82
76
567
2169
2111
634
331
507
667
61
395
332
30
98
73
599
277
1712
43
1322
1108
1073
17
382
322
317
709
400
729
726
261
543
1009
414
478
199
784
189
679
24
219
135
302
45
373
711
695
8
450
46
35
598
428
626
430
387
1085
1310
331
351
155
770
584
689
263
170
247
624
62
262
516
953
50
351
233
372
614
434
559
482
584
1360
341
118
240
410
639
991
165
49
4
504
191
242
295
1508
136
404
214
243
417
250
513
275
3
1003
466
210
11
322
308
937
353
204
396
386
753
432
0
353
1697
478
518
125
308
481
86
266
147
74
371
234
265
48
5
51
700
144
522
15
946
1294
35
571
29
1631
761
323
13
473
571
259
545
656
338
101
321
370
251
67
457
593
209
1123
403
1108
327
1041
652
178
1392
733
7
132
520
1305
806
740
436
49
183
194
971
1039
28
451
26
15
464
97
449
914
799
382
126
670
805
347
320
1010
1721
345
457
251
237
82
513
349
382
317
275
161
520
353
223
19
1612
1066
730
284
71
453
408
334
966
721
284
313
294
66
21
882
172
5
543
794
1512
322
269
233
27
475
910
689
12
192
318
650
685
314
294
89
263
301
171
52
872
745
385
470
1401
1488
648
554
427
472
506
753
1079
134
430
36
683
730
1067
763
903
1069
1043
283
1055
1481
854
405
284
361
744
856
1041
854
827
513
1285
855
348
461
880
4
453
1130
922
1057
1348
1504
480
1641
2387
602
34
1
466
577
705
615
243
441
583
760
522
754
534
1022
1009
442
412
518
1326
1665
1830
12
35
85
216
127
25
12
41
83
7
2
43
113
144
72
94
312
348
250
89
63
817
1478
2153
361
393
506
610
358
2
198
72
41
202
126
217
191
315
134
46
128
97
125
134
531
812
999
152
147
269
357
345
332
189
27
141
347
248
149
392
854
62
557
1040
1091
47
32
125
72
110
350
556
1326
1089
103
114
200
660
368
228
348
275
107
194
417
321
398
586
622
99
92
26
97
275
679
352
538
505
231
542
444
108
44
612
639
365
284
383
756
1274
753
139
387
109
42
72
27
181
254
78
174
89
103
349
153
131
122
12
63
224
34
19
109
119
179
919
851
108
108
75
167
612
176
112
103
125
2
146
29
162
129
463
488
244
66
44
149
72
593
129
693
87
47
225
441
230
136
255
216
229
340
370
306
138
201
83
123
107
51
18
97
334
688
247
893
69
13
38
366
543
383
180
42
85
131
147
127
13
91
48
168
70
320
99
189
175
725
588
180
89
87
231
433
12
177
27
127
77
181
7
140
68
192
289
161
78
176
211
40
106
97
131
79
105
105
107
85
649
57
1045
2235
2531
2118
762
203
241
1228
2045
2069
2353
1781
857
346
171
225
95
259
61
22
67
364
299
50
880
2521
2678
2139
736
80
102
673
1922
2651
2643
1968
1515
290
196
506
467
353
101
112
241
206
267
433
332
2528
2293
1392
530
28
235
66
1371
2224
1561
1499
1615
99
25
212
93
420
71
10
148
522
685
118
204
1408
599
412
234
7
390
184
679
1103
965
717
365
148
187
32
203
379
110
164
316
536
1
171
266
558
1095
471
94
102
156
578
686
533
53
195
391
221
52
196
77
715
59
21
364
896
82
337
694
674
1066
768
234
212
42
364
603
1147
1196
1026
1144
766
334
155
50
196
46
56
45
230
93
168
208
520
570
606
461
91
200
261
522
113
37
13
194
112
19
105
42
223
94
22
147
5
78
314
41
130
40
226
208
58
290
443
202
138
95
0
176
126
43
90
22
182
123
147
60
92
419
1128
488
102
466
697
92
30
188
262
432
1014
574
456
213
300
61
40
121
310
55
11
111
153
140
145
72
39
298
590
58
337
569
256
331
604
386
232
119
189
86
143
493
109
49
51
45
24
67
87
8
72
85
117
578
995
898
308
3
108
156
162
188
175
299
593
1224
785
77
107
124
64
191
869
435
573
348
813
1708
1878
2177
1680
553
464
420
143
151
109
174
235
1280
1056
55
54
157
81
7
358
1001
1066
855
392
1027
1107
979
977
178
402
54
261
521
318
80
476
548
249
60
39
18
129
213
530
253
200
438
23
135
258
193
330
149
510
371
17
110
168
66
414
716
820
58
81
169
101
222
668
555
91
225
95
162
578
361
9
223
410
320
87
89
34
73
313
178
801
85
90
110
179
491
414
572
313
150
88
63
276
335
91
1
208
302
186
76
80
275
239
201
69
119
65
68
1
295
650
220
270
377
196
450
655
925
929
821
446
89
98
488
646
316
547
525
114
132
150
354
315
77
109
180
73
57
357
397
430
240
66
255
335
29
565
46
1231
844
42
816
743
671
105
779
300
635
527
546
962
332
-42
693
462
948
1070
792
914
361
268
274
205
-81
372
-39
-1394
-289
-327
123
777
-638
431
123
873
-149
137
174
43
145
295
403
300
198
382
-36
-535
-84
-470
-70
-1723
-485
-9
324
578
-820
404
-181
244
-28
29
222
384
177
340
474
173
247
654
468
-186
167
245
-138
-919
-456
-84
301
612
103
173
-82
418
104
292
302
259
263
198
322
275
305
429
194
99
19
-387
142
-1441
-447
-102
188
499
340
-142
253
215
150
309
259
226
264
228
246
237
266
271
359
562
280
-72
243
-965
-487
-104
180
301
612
-170
422
154
278
274
219
253
223
253
217
233
185
246
305
471
297
-133
619
-1308
-517
-96
253
232
391
118
215
257
253
177
225
230
230
251
228
241
187
231
240
315
393
368
126
-915
-537
-73
274
242
347
301
197
316
213
206
220
223
190
248
197
248
218
237
212
244
333
542
361
-693
-535
-66
240
240
382
252
250
224
128
155
200
202
244
183
251
195
232
132
225
195
332
35
807
-1409
-522
-65
302
140
467
176
-726
-577
-1989
-1350
-925
-219
-39
-474
-499
-1637
-1176
-1536
-1080
-377
293
482
306
-904
-509
-67
262
290
418
357
1174
-540
-891
-1827
-1297
-101
453
414
-314
304
-948
-1001
-549
-376
407
548
95
-526
-510
-53
196
359
297
377
1027
282
-902
-1467
-629
-205
340
734
112
152
-1451
-418
-1586
554
342
356
1060
-949
-487
-63
225
354
326
367
1073
955
133
-275
275
217
326
509
815
389
376
-691
-548
-61
263
342
469
-648
-480
-42
144
344
299
305
636
373
194
261
44
537
329
319
492
214
1212
-633
628
380
238
329
507
-317
-477
-54
234
151
370
-99
441
219
438
305
149
311
248
244
252
381
552
-199
178
394
232
312
440
-419
-478
-66
254
608
180
375
316
307
262
231
277
206
231
190
267
260
248
261
229
193
205
338
815
-544
-474
-19
174
427
138
406
357
303
225
161
268
76
170
5
146
-55
224
250
218
177
151
319
1119
-644
-440
-107
181
271
241
244
211
9
-121
25
-265
-218
268
-221
-447
-337
-411
217
12
157
13
278
522
-115
-479
-45
263
218
169
302
-231
-54
405
-69
-198
28
-256
466
-577
-4
314
31
178
160
128
203
303
275
-501
-32
271
227
626
260
52
250
-101
408
197
715
592
7
284
-16
227
86
-24
61
210
254
-344
434
-459
-20
217
283
524
365
590
109
-136
-9
-242
-436
255
-491
22
2
-156
158
310
166
370
91
879
-111
-438
-12
212
269
226
467
276
158
644
377
-596
213
-695
-284
-1020
-806
-742
-54
409
205
264
-330
662
-790
-419
1
240
240
229
480
329
318
709
65
574
227
1015
864
471
-244
477
229
303
187
206
857
-92
413
-393
-49
255
224
195
477
335
302
349
-22
-127
-635
-269
-534
89
-192
438
324
204
152
169
268
-48
46
-399
-82
252
231
201
436
444
341
223
545
829
345
103
353
286
167
144
229
43
168
-97
355
-185
-126
-464
-25
243
242
195
319
617
19
242
57
215
-69
75
387
187
101
222
-43
242
19
-60
563
-679
39
-586
-496
-247
-198
-375
298
381
143
-376
-630
-975
-696
-651
-538
-689
-574
-889
-823
-73
-989
226
641
-667
369
-487
815
423
27
208
334
117
843
523
350
512
424
577
523
627
404
347
952
-42
-30
1096
-227
-51
433
45
71
108
95
17
1071
1100
51
98
101
15
147
483
139
483
700
9
462
703
51
5
464
0
102
4
181
69
117
142
152
1854
1071
664
1012
613
849
818
631
551
398
208
76
1152
423
62
864
697
49
542
949
147
1
95
88
522
579
113
359
88
19
60
85
56
18
2
364
377
7
20
554
275
37
488
642
72
141
113
134
164
471
83
41
89
136
82
81
125
140
73
234
559
36
50
789
780
26
453
829
19
195
156
138
80
11
21
66
61
32
119
615
46
118
193
149
10
398
39
49
412
44
373
789
709
125
99
84
141
75
27
181
373
671
659
778
744
496
32
154
123
4
441
46
1
22
340
785
793
46
87
89
90
25
520
656
668
674
659
645
833
866
749
351
72
142
45
22
0
8
318
857
703
62
82
75
18
637
665
467
609
626
801
718
959
915
758
763
592
69
120
90
72
121
367
861
516
99
154
49
237
915
551
506
486
541
895
854
1051
777
568
509
754
366
274
143
12
107
385
809
267
45
131
30
492
990
1029
1176
1069
520
622
799
1271
1644
1834
1933
1272
296
341
1057
1011
56
391
780
54
107
110
0
994
1348
1417
2045
2523
1680
924
1103
1839
2257
2184
2589
2418
1344
28
450
865
10
398
754
96
127
170
89
38
44
79
5
1420
1956
868
103
172
149
39
382
635
1529
4
36
359
44
406
710
90
89
130
123
59
35
82
138
29
995
992
52
163
227
174
389
1095
1246
485
48
433
7
383
748
89
56
79
87
114
59
403
33
47
558
871
344
11
340
113
82
1264
2153
388
5
38
137
341
713
82
63
49
40
107
302
116
47
88
27
38
62
209
134
117
237
134
666
12
27
31
97
286
625
117
144
135
53
752
114
173
158
19
7
53
89
77
107
126
154
80
275
41
103
251
39
331
572
59
177
192
145
498
901
22
67
18
1046
336
65
310
669
231
11
276
719
15
131
6
18
301
762
99
27
94
192
68
935
1268
620
190
1433
1138
35
31
1409
1496
1010
580
591
120
166
31
103
279
766
529
593
617
106
90
566
1262
1229
490
1892
2555
1236
663
1266
2179
1680
999
565
660
153
110
349
336
667
599
1180
1536
764
220
477
233
436
64
401
1412
752
332
17
1016
1759
1289
490
653
80
99
322
356
722
342
735
19
258
514
160
36
4
113
229
123
106
41
18
53
823
1540
930
705
54
138
467
394
776
464
632
99
146
32
95
12
1029
1980
981
854
1529
1458
1825
1342
181
846
910
240
18
92
109
249
600
550
664
47
50
73
97
147
205
49
85
14
245
136
588
1776
1268
668
451
86
149
51
442
204
391
459
539
72
57
903
386
259
295
277
74
39
44
172
182
32
1036
1576
359
142
145
159
8
212
485
396
162
42
23
1022
717
1293
497
137
1
616
1027
2
60
33
220
1171
269
133
3
4
1
176
583
469
37
125
57
1039
563
505
1196
52
163
132
43
141
419
610
462
615
60
128
5
307
406
26
21
25
141
261
186
134
114
155
116
338
64
76
59
27
45
52
103
218
107
169
78
31
249
1006
1132
1205
540
78
84
1427
1886
214
339
1465
1827
2319
2293
1948
1497
1038
1140
255
49
96
164
94
6
-12
-99
-423
-652
314
-553
-255
-73
-300
-411
-95
-156
-328
-7
-481
-452
-529
-713
-444
-344
-812
-198
-489
-27
1449
1301
511
1376
2651
1942
2647
1411
1209
1594
1315
1054
1843
1630
842
1503
826
1103
1843
1687
1582
1387
1229
-135
-119
-279
77
697
31
528
1315
170
6
495
144
-150
191
0
574
898
907
1485
998
863
1480
340
825
-219
-105
-276
1085
922
-153
985
83
-208
-273
-257
-235
-234
-230
-246
-6
-50
638
1005
280
-372
-663
319
-6
-297
-107
-226
293
1576
388
-155
-286
-72
-240
-248
-235
-234
-246
-244
-243
-243
-8
141
276
-473
-401
466
-511
-131
-110
-398
-515
89
-107
-9
-199
-219
-251
-235
-238
-240
-246
-241
-365
-316
-219
-144
141
386
943
-150
-457
-97
-109
-352
-246
-393
-182
-9
-397
-241
-234
-242
-239
-244
-263
-354
-422
-322
-262
-354
-188
373
575
-316
630
-126
-105
-142
189
367
1155
-106
-361
-234
-238
-238
-240
-244
-369
-253
-166
5
-306
-262
-300
73
-105
167
268
-192
-100
-214
203
539
966
-270
-295
-235
-240
-235
-243
-243
-256
-24
-34
218
-217
-145
-89
-270
-194
246
-23
-193
-103
-282
-13
-334
282
-378
-446
-155
-275
-245
-244
-246
-172
-336
-125
-583
-19
-187
-124
189
640
749
621
-231
-103
-300
-154
74
114
-1090
-775
-558
-446
-251
-292
-424
-1007
-1182
-467
-414
51
-265
-102
357
553
443
339
-243
-103
-299
-187
600
70
-332
-650
-585
-425
-193
-358
-262
-539
-77
-172
816
168
-394
-222
-233
20
577
312
-286
-102
-365
-222
57
-63
679
975
1773
458
-183
-324
-94
881
2911
2229
883
-284
-95
-238
-212
14
714
621
-345
-109
-297
-465
-261
17
-354
1519
2502
683
-258
-294
-422
831
1610
2003
534
-476
-163
-305
-155
2
339
1
-357
-110
-222
-879
-126
-32
215
1229
-10
-345
-249
-225
-272
1363
688
-29
-202
53
-134
-276
-211
77
381
-95
-329
-114
-555
361
1066
-94
-328
380
-180
-278
-436
-150
-36
453
306
-185
-31
321
-177
-318
-239
145
592
-178
-211
-114
-273
1209
709
-224
-275
-249
-236
-316
-582
-48
-142
-111
-305
-251
-254
-397
-343
-294
-430
-187
699
-226
-137
-116
68
-519
-480
-339
-223
-265
-322
-732
298
-158
-305
-161
-291
-248
-250
-529
-267
-192
-442
-145
32
-313
-22
-120
-255
-277
-163
-449
-107
-298
-731
-153
101
-52
-931
-39
-273
-401
-195
-199
174
-308
-19
385
-143
-9
-97
-121
-203
478
192
-243
-27
-580
-514
1265
-52
-277
-27
360
-205
-270
-350
482
281
-272
296
-139
-242
369
-195
-122
-297
-70
-206
551
-98
-307
850
585
637
-160
1579
667
-292
-115
-309
21
30
239
203
-527
36
-315
-258
-116
-302
-246
229
758
-191
63
368
-951
-230
-115
-307
-470
-615
-377
-25
-227
-211
56
-113
-213
-113
-205
-333
-116
-297
-243
-23
-209
-252
-250
-227
-633
288
-559
-406
-478
-572
-272
-54
-102
-230
-290
-222
81
245
-289
-283
-115
-294
-242
-230
-238
-235
-231
386
1602
308
-651
-146
361
910
398
-193
-623
-118
-338
-424
107
1023
-311
-289
-112
-293
-243
-247
-236
-238
-254
-235
817
-27
235
454
730
982
346
-411
-572
-26
-355
-484
309
68
-405
-241
-117
-291
-246
-249
-235
-239
-465
-138
-72
385
728
894
326
-248
-497
-644
597
-233
-572
-49
503
-97
-384
-228
-172
-270
-248
-243
-292
-222
-188
-444
-160
-299
-243
-243
-398
-398
-540
142
455
-829
-293
388
253
-101
-441
-195
-209
-254
-241
-235
-238
-218
168
-182
-169
-259
-236
-241
-142
-122
259
918
-67
-64
762
511
123
-88
-179
-206
439
2045
871
501
358
390
-4
1596
379
419
318
46
143
263
86
337
305
12
590
434
-38
206
97
-19
114
2367
1346
258
640
82
707
1590
-51
495
540
330
529
310
-5
198
243
702
960
539
338
687
205
186
-50
1857
1285
1154
1857
-92
882
1526
463
682
620
104
851
579
548
-23
22
533
464
-7
336
427
329
-56
-67
1749
902
919
1257
741
1046
1852
657
532
182
652
1060
659
831
882
47
259
588
783
-40
393
794
-28
-65
1808
976
358
450
677
577
914
945
1871
722
664
369
827
1116
1437
1088
579
564
460
635
712
-23
197
-71
1803
1269
1365
1607
827
501
751
1389
950
937
600
656
728
801
1099
1272
1265
774
633
600
899
434
253
-66
1807
1090
849
1053
1588
336
1367
1078
729
787
766
761
766
779
793
949
1122
1143
788
214
833
692
126
-65
1770
1084
265
677
1483
675
1222
808
710
852
965
729
861
608
634
729
813
915
998
1265
877
19
77
-65
1746
1173
85
542
922
1173
1134
927
683
789
721
858
742
704
733
633
674
765
985
1069
1444
1490
-35
-70
1705
1182
577
1196
50
954
812
294
340
590
658
666
734
312
277
419
306
285
187
274
1253
1493
648
-65
1752
930
85
1038
364
946
1178
90
420
298
710
730
702
815
790
-96
-39
184
283
804
644
1263
924
-72
1756
1041
266
918
-58
1651
2068
115
-67
-201
1065
1190
667
1189
634
719
1453
-142
-183
1031
834
870
777
-71
1758
909
72
960
332
2219
2319
95
-152
-143
312
1329
1401
1879
586
97
444
1285
338
144
466
1407
1522
-74
1699
859
279
1949
32
757
1852
1990
107
-326
-82
1278
753
1187
1591
306
-144
-187
742
823
390
1453
876
-73
1838
579
-34
1469
-87
1404
1936
82
-34
-129
-4
659
1122
1641
305
123
143
-262
-11
661
317
1011
774
-75
1881
880
789
573
-154
1892
2913
748
737
-59
122
319
1401
2470
1476
1083
585
-11
61
269
168
623
709
-75
1817
1244
1547
905
-80
716
2132
1473
759
519
433
814
936
1564
1535
976
846
537
367
410
689
712
238
-79
1847
1226
1106
1225
928
-5
1266
1392
731
116
639
909
694
572
862
1001
727
697
573
546
762
1300
1699
-76
1792
922
600
1047
689
320
1074
1245
679
611
1021
948
858
212
890
858
836
770
827
566
598
501
878
-73
1773
1103
978
919
492
480
1291
816
393
506
229
1047
150
-13
600
162
1094
855
596
666
843
958
1192
-83
1821
1298
674
-13
183
521
1081
171
900
1715
-47
-85
667
39
413
-23
308
905
771
859
601
131
-17
-78
1822
1205
577
759
1053
-89
1113
108
1058
1345
1312
836
170
-17
861
1170
64
246
900
923
696
1527
1155
-91
1697
1361
793
807
562
323
1498
528
31
343
335
-146
-68
-166
-88
-34
1476
827
563
448
362
2053
569
-93
1716
1243
775
646
661
413
1473
1269
1988
713
1612
1041
831
414
212
-109
437
851
1075
164
448
1474
204
-90
1761
1197
794
891
1269
266
742
1809
1869
707
1181
706
155
1027
986
295
184
647
1113
96
1478
2014
85
-88
1774
1283
608
287
699
62
687
1132
1558
1605
1082
563
114
361
669
526
325
705
474
9
1445
1295
207
-166
1228
662
-3
-14
771
-138
156
73
583
1373
1163
693
247
329
207
-4
327
715
-7
-60
1235
1445
351
-70
1877
880
619
833
460
-17
1967
-92
-43
973
1211
921
615
585
504
531
853
604
140
888
1139
797
876
-208
1259
680
340
952
1553
2414
236
1396
1217
1112
752
900
1178
1001
1033
557
838
895
694
860
1144
1266
1948
374
332
383
638
656
341
1195
659
258
455
331
19
668
-167
251
547
-190
841
977
-22
609
1038
735
974
1104
429
1216
858
1110
1073
708
1018
-6
587
122
46
84
25
167
609
104
53
861
966
666
941
1318
1089
1111
588
1492
694
874
1311
457
1216
635
409
-180
-196
195
672
-101
553
-16
466
281
415
199
649
667
939
1117
594
1293
716
663
906
1125
691
-245
437
199
411
211
247
94
461
247
372
498
289
554
1063
1417
738
1122
547
985
606
1158
851
596
282
394
246
251
502
228
469
158
314
315
240
416
948
689
184
1543
946
1049
585
903
625
862
1191
278
818
341
450
244
500
233
423
416
619
372
432
404
1227
410
817
1678
1227
997
636
825
1197
362
1303
-67
755
361
304
434
472
294
450
623
485
369
478
604
967
491
1006
942
1108
998
716
978
913
596
866
233
585
283
473
446
332
665
318
659
466
418
362
561
994
618
1216
1296
1376
1038
704
1069
858
538
633
90
-4
-347
-167
-104
402
514
106
115
-241
-236
-260
-60
641
493
1031
820
1360
1029
727
1325
459
858
388
-54
386
364
862
288
621
-20
-67
-98
-37
-53
645
-141
974
397
1266
753
1303
1050
700
1500
135
869
844
-221
208
-220
-207
-18
344
295
-96
204
145
-400
825
-73
131
562
1200
917
1154
1087
690
1525
317
1086
915
-303
1052
1196
84
1312
456
1058
-186
1669
327
906
1188
898
285
798
693
1084
1188
1133
688
1353
176
808
975
672
0
1952
379
1132
23
1206
772
856
762
300
492
739
330
658
758
967
1224
1130
672
1219
893
692
1121
829
522
675
-130
229
227
1189
773
296
1281
-175
-140
-58
57
475
881
957
1260
1153
632
1087
735
726
759
1070
50
325
254
994
260
1540
392
265
610
486
164
613
530
695
1019
1045
1320
1058
873
1115
1042
705
994
401
443
423
225
1351
366
1479
-22
957
129
326
181
368
458
774
900
1086
1264
1047
1129
446
1363
645
1026
752
608
176
923
-13
780
991
98
597
347
323
123
478
444
1076
938
1267
1409
1048
1076
680
1161
778
846
404
670
579
1431
121
730
428
-88
8
903
957
583
290
772
1137
771
968
1167
1155
785
855
935
1152
1140
4
1247
838
656
304
540
971
1870
-134
151
717
702
751
447
951
952
1284
1385
1214
675
907
1230
441
1360
77
1896
114
866
57
-57
-562
187
40
637
-19
331
1248
162
1329
511
1277
1146
1269
693
870
1242
305
1516
290
1376
-135
-125
598
-139
222
448
-197
462
794
84
858
283
1461
450
1091
1225
1417
416
1000
1188
348
1087
653
336
1870
-112
572
-278
-464
-132
-92
999
104
72
862
639
1194
438
1365
1034
1406
420
1030
785
699
995
1031
401
1077
-69
-2
433
-215
875
-163
245
1081
565
422
1025
742
843
1133
1199
1319
505
966
685
949
1025
1186
891
1040
896
-232
352
854
440
-150
355
862
454
558
1114
434
1385
793
1471
1181
624
945
943
602
1325
931
1307
450
1149
173
55
-90
539
-87
352
1218
15
793
974
38
1461
1039
1274
766
194
-222
-249
-210
206
645
612
-146
454
-171
-289
-235
-279
-223
-8
188
-288
-27
1058
548
1136
1130
902
-45
1378
1360
1441
2697
292
1252
1981
598
851
1233
1009
1357
1143
1441
1493
579
1691
1570
1543
1160
957
1590
1546
776
1012
846
937
883
290
-138
-216
-176
-168
-167
-159
-168
-183
-169
-167
-161
-144
-149
-166
-153
-152
-173
-159
2122
3176
3282
2967
3026
2213
1096
-48
-215
-227
-228
-213
-191
-172
-180
-188
-179
-195
-215
-221
-251
-238
-225
-181
1163
1706
1577
1065
830
-60
-214
-276
-256
-251
-243
-227
-183
-137
-187
-230
-224
-242
-283
-282
-273
-300
-305
-218
1136
1682
1479
701
201
-140
-214
-252
-257
-199
-133
-84
-68
-98
-152
-200
-213
-243
-270
-304
-302
-304
-328
-229
1182
1657
1453
763
142
-106
-223
-177
-98
-40
-8
76
174
74
-23
-122
-181
-224
-252
-283
-306
-309
-297
-206
1242
1715
1459
925
49
-84
-189
-74
156
245
342
298
254
117
53
-28
-68
-142
-194
-249
-275
-275
-311
-224
1252
1738
1478
1430
403
-53
-101
66
410
484
491
420
347
225
132
-7
-32
-68
-111
-174
-245
-253
-289
-219
1258
1730
1439
1381
582
52
-20
306
511
557
599
553
507
427
228
70
-16
-44
-87
-124
-201
-258
-290
-221
1243
1718
1509
1288
477
3
88
426
554
617
658
607
511
496
300
104
-21
-15
-46
-79
-150
-243
-318
-232
1227
1695
1595
1311
528
-31
125
365
295
351
478
565
530
478
267
44
-69
-81
-81
-91
-129
-195
-272
-226
1228
1712
1749
1051
451
34
132
402
331
316
415
552
585
518
285
27
-52
-3
208
21
-84
-194
-253
-222
1249
1769
1895
975
302
19
24
19
-60
74
336
539
614
403
-4
-74
-57
-95
-64
-41
-71
-182
-246
-220
1270
1808
1830
822
223
91
162
7
-136
-28
256
624
703
512
-12
-58
-23
119
141
50
24
-147
-233
-221
1308
1865
1880
840
176
83
-4
36
-50
58
378
745
587
434
-11
-27
-38
-85
-27
-38
-21
-145
-218
-211
1325
1897
1860
867
176
-15
72
135
-66
-14
448
843
415
293
179
-36
-87
-120
-17
5
-25
-139
-188
-209
1356
1962
1911
779
97
-35
184
367
314
405
490
740
415
357
399
205
-12
-56
-66
-45
-2
-128
-167
-186
1418
2036
1895
897
259
141
331
453
451
599
502
473
350
332
329
283
76
-15
-38
-65
21
-88
-165
-151
1366
1880
1800
984
364
413
494
585
630
648
595
460
373
408
475
315
61
-16
-73
-85
-10
-45
-112
-71
1457
1865
1634
1276
621
452
514
599
542
518
648
398
197
327
408
539
244
-6
-69
-74
-65
57
-74
-52
1410
1896
1592
1464
1025
739
632
517
490
579
682
599
156
165
340
383
233
-7
-63
-62
-93
73
257
60
1394
1891
1688
1507
1139
605
346
236
407
513
345
143
148
28
117
175
196
74
-62
-76
-90
174
43
-20
1374
1860
1735
1725
1456
814
451
211
480
577
371
121
-1
-17
100
57
-24
30
-30
-88
-50
55
87
-114
1384
1886
1656
1688
1400
675
408
443
250
253
338
412
418
149
-1
111
260
159
-14
-50
16
-57
-98
-111
1378
1956
1709
1777
1488
980
730
769
574
537
533
251
-9
-107
-110
-23
142
31
-43
-8
-10
-86
-204
-173
1368
1913
1688
1835
1675
1405
926
718
499
695
1050
952
600
217
98
182
349
138
-59
96
-36
-98
-218
-168
1415
1929
1703
1970
2000
1840
1200
958
625
357
342
314
130
-40
-15
91
67
3
-42
138
-112
-194
-242
-169
1472
2029
1642
1978
2212
2110
1196
787
659
384
125
35
-8
-25
-30
-30
-49
-73
-78
79
-35
-166
-210
-80
955
1051
1010
1330
1317
1393
1003
393
179
241
178
96
-27
-53
-46
-46
-56
-76
-42
-84
-194
-189
-89
-154
152
95
40
200
454
12
48
53
24
2
14
195
315
433
945
515
483
950
425
155
225
485
225
107
227
328
489
959
207
119
90
56
427
297
332
597
617
1340
1010
106
636
218
368
271
594
491
320
5
687
700
1192
502
125
113
286
1262
647
826
1214
1134
1381
1067
23
507
264
153
1
838
528
559
20
13
785
773
1183
86
125
17
1552
1191
1904
1633
653
284
825
13
44
18
216
57
69
371
501
14
18
8
711
830
456
69
64
875
892
2620
2064
360
148
129
382
3
13
20
147
340
30
190
29
18
526
242
776
834
203
62
314
1694
3078
2819
223
77
234
491
307
286
254
148
273
32
55
23
25
368
277
21
791
782
450
15
711
2571
3349
602
3
370
325
398
308
463
448
494
296
205
2
0
329
268
11
143
725
764
1005
1421
926
2255
1424
35
286
318
372
364
443
368
659
633
439
370
207
0
3
200
276
54
668
673
1093
1436
1321
1186
222
324
318
276
359
505
385
564
622
592
601
481
301
35
9
186
36
10
669
757
1153
854
1408
1179
869
320
49
64
42
3
355
722
521
67
29
39
38
47
47
63
32
5
684
752
1696
1072
801
446
610
66
152
117
77
36
426
563
12
112
126
84
109
128
83
13
4
9
662
793
1717
1243
383
675
81
198
163
121
67
3
346
5
98
144
139
214
131
94
52
460
133
26
669
842
1428
389
335
22
155
119
69
123
18
484
571
17
55
1
164
192
134
12
343
205
5
28
689
919
1405
2
14
179
22
36
219
91
17
678
1210
672
260
178
152
105
21
656
782
87
32
3
721
939
1363
42
87
21
981
171
61
20
6
1125
1416
1095
92
92
66
48
8
686
620
158
7
20
723
855
1320
54
7
9
122
57
1
395
982
1070
1328
41
116
74
18
78
347
473
643
263
6
24
805
772
95
48
651
38
48
6
3
995
1140
1309
837
20
64
22
143
180
356
865
615
213
306
92
721
1112
595
155
29
21
329
284
501
1284
1661
737
13
34
34
12
11
109
791
831
663
842
215
5
790
1287
1024
25
91
411
247
299
858
2302
1588
61
58
67
69
7
15
393
786
564
1228
1368
20
78
889
1111
712
39
201
431
5
314
1955
2468
74
108
99
58
10
43
5
173
229
775
981
1123
331
58
900
765
416
485
124
50
31
1271
2495
16
141
100
71
30
83
68
32
77
211
598
561
1136
37
244
863
803
882
438
61
18
641
1624
1309
120
210
92
65
47
106
127
69
250
558
561
911
623
210
25
918
931
585
220
12
554
12
954
17
127
177
140
116
133
116
93
35
92
916
944
1753
90
63
776
1037
735
537
970
580
242
202
44
97
138
118
128
175
155
29
668
539
1015
882
1112
2383
615
580
86
941
632
578
994
622
420
19
54
113
115
106
105
95
230
307
410
1073
1164
748
1825
2329
1772
551
35
815
640
485
1056
1063
11
61
61
64
79
70
50
462
725
540
523
1324
1178
878
2342
2198
735
2
412
716
320
176
769
399
43
60
73
52
73
44
34
16
43
211
782
1492
492
643
2214
1724
250
742
366
264
11
26
431
44
19
106
71
51
21
16
19
5
1
354
716
502
118
847
805
166
1372
1
88
31
164
23
57
28
216
78
366
322
341
373
314
285
493
213
160
462
136
204
402
239
120
347
292
337
86
590
98
1446
523
875
909
469
368
379
326
513
233
129
408
199
91
135
403
114
263
343
317
276
266
597
808
1983
836
1528
543
247
374
259
189
169
180
71
542
31
17
540
715
504
160
460
373
289
81
906
963
1872
1983
824
228
265
12
51
32
81
44
305
469
220
367
489
434
182
18
846
193
300
218
1066
790
2464
1424
166
281
127
128
62
52
22
413
477
466
393
352
139
196
325
952
722
7
308
251
780
1202
2148
864
427
162
160
27
59
281
474
668
518
463
537
513
57
360
1080
962
34
167
308
76
950
1673
1598
1373
86
186
9
201
415
452
580
481
403
636
798
741
458
621
1283
343
477
336
333
136
1310
1531
1768
881
254
81
171
482
311
602
463
548
726
984
1056
865
714
677
923
414
717
198
340
312
1389
1569
1656
85
100
168
352
373
414
791
673
1028
921
1085
850
777
849
640
503
849
1082
508
316
372
1410
1325
1170
2
81
25
407
259
654
939
1014
918
792
834
719
844
1037
621
635
1275
1500
525
308
267
1404
906
1545
167
203
148
395
699
988
1114
695
643
676
1275
1292
1140
1289
693
722
1200
1264
351
321
282
1338
1094
1801
25
194
49
1029
1131
788
1105
769
1095
1429
2067
659
226
688
574
506
1048
1349
498
336
290
1389
1427
1516
97
288
903
1653
355
807
1075
788
1106
1556
1041
51
624
1178
657
407
1105
1359
454
332
358
1665
1275
965
214
804
979
237
67
537
40
313
1673
1049
205
113
414
673
239
192
1082
1485
460
307
424
1241
728
1496
25
732
86
299
58
29
291
1092
1407
30
100
250
62
1
126
155
1267
1491
326
308
193
941
1982
1603
138
141
196
161
61
202
60
1603
562
3
232
152
87
131
233
777
1282
1323
196
334
292
1657
1702
550
113
51
17
20
76
500
613
979
192
313
559
239
235
350
834
809
1324
820
193
345
599
1035
838
655
68
97
15
134
579
1684
117
670
612
538
489
399
657
868
811
992
1599
383
256
356
525
705
1080
1139
840
184
53
828
1998
835
213
838
849
647
459
772
1137
1142
809
1285
1484
318
189
379
605
904
1297
1298
1041
141
516
2447
1011
140
480
1883
1460
108
270
903
1342
1012
1101
1308
1416
432
60
368
535
1040
1189
1273
732
83
1952
1696
263
9
1460
1018
117
192
400
1080
1268
1072
1185
1179
1129
25
579
329
506
966
1038
1699
657
339
1357
166
222
1047
1534
109
246
175
1134
1592
1088
819
909
1123
436
956
523
267
305
740
1233
1764
547
261
18
118
1173
1105
413
25
46
1188
1970
1141
286
328
902
997
663
1075
63
253
9
772
1261
1941
684
37
131
627
711
122
138
37
939
1716
568
116
37
380
1152
924
986
368
95
279
3
842
1383
2134
474
192
46
763
385
432
986
1383
1680
574
187
57
688
604
1407
1009
741
96
57
293
2
930
1608
1975
333
254
566
795
979
910
1104
798
220
81
36
846
1173
485
1351
857
622
402
132
358
77
1018
1433
1630
323
174
591
438
927
424
303
23
206
340
681
1693
400
421
1535
1118
910
309
215
451
731
1634
1829
1939
694
59
775
1108
1115
788
940
921
1275
1294
1781
1387
380
1756
1157
620
657
198
223
752
455
767
852
939
1096
1360
1323
1088
866
952
964
1045
1073
1005
1166
1638
1935
1849
1625
1487
1396
1264
1260
437
-33
42
379
861
1242
1431
1402
1653
1531
1595
1616
1666
1529
1382
1275
1236
1334
1327
1132
985
886
885
1063
20
-195
-145
-43
260
1134
1165
1186
1209
964
1083
1142
1090
857
999
1189
1462
1609
1341
1226
1157
691
804
1000
-5
-207
-175
-102
-71
584
622
869
1515
1792
1732
1571
1160
919
979
869
1066
977
825
799
841
1151
1104
1176
-3
-204
-169
-56
124
879
715
857
1139
989
830
877
627
582
570
647
846
839
887
710
919
1145
1067
1344
5
-196
-162
-146
-171
-90
86
50
433
712
689
632
483
289
234
200
128
264
205
331
532
908
1093
1285
-1
-192
-137
-123
-153
-54
109
-26
169
172
63
166
119
74
-11
-22
-16
67
25
-4
322
724
963
1159
-3
-195
-140
-176
-205
-217
-114
-58
-14
74
21
36
-1
-10
-27
-33
-35
-38
-45
-73
-35
100
672
1089
-5
-192
-157
-187
-218
-214
-130
-80
-45
-16
-15
-15
-19
-22
-27
-47
-48
-36
-51
-83
-97
-46
194
885
-1
-193
-200
-255
-349
-275
-123
379
977
818
353
-17
-31
27
448
793
920
822
465
-11
-31
88
371
1033
-5
-201
-233
-290
-418
-241
-45
693
887
878
621
55
-22
271
716
804
789
799
651
99
-70
-109
-15
673
-1
-200
-253
-344
-498
-250
-10
1394
1715
1541
1099
255
-11
462
1170
1666
1747
1540
1274
649
-20
-124
-53
493
-6
-205
-244
-256
-370
-182
-87
1383
1511
1415
822
110
-80
-22
678
1455
1646
1522
1013
205
-109
-192
-129
521
8
-189
-211
-225
-367
-207
-73
1350
1777
1615
1017
328
-49
302
1173
1727
1753
1689
1381
477
-82
-179
-148
318
-3
-202
-125
15
-140
-113
-93
909
1795
1620
1040
256
-66
-7
703
1435
1862
1729
1142
274
-132
-172
-114
450
-4
-196
-121
-67
-148
-111
-108
268
1077
967
580
113
-19
21
542
946
1042
995
728
325
-96
-139
-102
435
-6
-198
-89
-72
-75
-68
-84
-16
606
495
169
-11
-49
-8
353
586
731
597
358
12
-96
-110
-74
765
-5
-197
-125
-64
-101
-77
-91
-64
13
176
142
68
136
262
488
394
221
35
-18
-32
-84
-81
-50
719
-6
-190
-95
-65
-100
-114
-68
-78
-49
162
481
668
849
825
811
497
189
-31
-46
-56
-62
-36
272
926
-10
-179
-92
-76
-88
-68
-55
-52
23
463
960
1310
1384
1234
946
573
430
-1
-51
-59
-60
-75
80
926
-8
-183
-92
-78
-86
-118
-18
406
768
662
918
1589
1676
1408
917
386
508
378
145
-32
-101
-87
204
1420
-9
-182
-85
-65
-145
-233
-117
-9
826
1288
1334
1661
1746
1594
1452
1066
468
255
19
-43
-164
-151
-37
997
-7
-189
-92
-83
-175
-235
-151
-58
582
1296
1395
1583
1674
1598
1432
1146
848
364
20
-64
-196
-172
-135
757
-8
-188
-78
-60
-136
-190
-224
-125
-11
776
1497
1731
1704
1538
1215
808
406
-7
-46
-111
-251
-215
-207
383
-5
-187
-80
-71
-163
-257
-267
-156
-75
145
1144
1672
1817
1564
1112
632
136
86
-64
-177
-264
-245
-134
491
-2
-186
-80
-72
-111
-159
-121
-106
-61
-27
330
1022
1096
790
526
81
54
3
-31
-175
-230
-246
-124
533
146
-155
-57
-52
-109
-195
-165
-122
-24
-21
134
584
749
465
188
-22
-10
-12
-5
-77
-120
-235
-126
68
1344
634
893
912
912
640
966
849
1123
1014
1063
1216
1262
1251
1089
1121
1118
1137
1215
768
827
391
924
1223
-407
-429
257
587
-69
226
-505
-525
-194
116
-107
-181
-15
-79
-115
327
463
-16
-225
-76
100
-334
-238
170
-304
-65
559
-248
-210
5
-206
-261
-142
-101
-14
19
522
-210
-460
-153
93
-29
-143
-132
-165
-58
181
-23
-7
298
-318
486
486
-562
-1
675
209
-43
326
687
-90
-158
-101
-328
-316
-173
-116
-159
-148
149
35
189
187
77
29
-157
-230
-199
428
505
627
116
-99
-139
-348
434
1383
557
-51
-74
407
815
895
307
-69
-29
192
212
989
-246
-95
333
351
-91
-408
-218
45
-19
364
656
881
1024
929
706
331
59
512
668
623
-92
156
442
637
1328
1152
-92
-223
-627
-240
59
699
716
840
854
766
707
758
871
637
49
295
518
9
-101
120
173
668
1309
333
-222
-681
-231
603
767
721
821
883
739
536
504
537
681
704
640
-190
-64
74
113
110
66
345
-51
-147
-331
-274
342
710
843
616
737
646
630
554
532
608
562
838
891
753
-167
-72
198
87
193
783
422
-130
-339
47
378
760
763
741
564
582
649
627
720
581
582
603
515
500
139
203
127
125
271
931
777
-129
-28
1289
1171
800
-15
249
893
1286
1514
1440
1519
574
-304
144
137
-107
914
621
-12
189
340
564
-216
-100
963
16
-148
-229
-175
759
1325
1575
1338
568
277
-359
-696
-81
1360
1473
758
176
-57
191
362
433
-43
-179
-244
377
363
-72
339
99
768
816
-33
-210
-460
-279
606
758
1097
1277
128
-359
204
228
293
326
-66
-244
-553
56
37
-385
212
1112
1122
463
-159
-187
-704
-350
1918
1624
869
886
321
-4
59
187
85
881
446
-235
-827
-503
0
841
854
1248
608
-94
-377
-56
746
2032
1349
989
372
147
335
805
-43
155
251
-13
-358
-75
39
-748
-298
682
1757
534
-162
-286
-371
-307
400
1506
1190
322
280
211
54
-97
143
239
981
-326
-410
-50
234
-88
-13
356
881
130
-205
-142
106
-102
144
-176
-21
565
622
447
-62
-294
508
170
-116
203
-107
-309
141
826
426
861
-31
-4
429
548
636
738
712
245
514
582
681
769
617
51
159
168
-26
420
-352
-169
1105
1228
1147
1149
-66
120
481
576
802
750
870
1179
765
550
920
-80
807
2006
-129
123
91
-184
748
1096
907
896
1169
468
-293
-54
1741
1632
335
-316
417
1263
811
637
373
-63
208
975
-63
108
-37
601
1593
1708
-17
428
986
-89
-426
-402
826
1042
828
960
-141
338
1265
771
89
391
389
126
-39
38
110
664
199
99
1215
203
29
2
918
1301
-4
-19
354
1928
1185
-166
570
798
664
1407
-421
441
382
123
266
468
732
1195
437
-224
99
630
996
816
-26
29
-129
1513
1546
860
731
452
871
1663
822
-181
-129
79
241
503
997
848
795
-145
-386
-91
584
899
363
949
657
292
1242
1721
286
286
1167
830
299
-341
-55
91
269
517
757
325
-79
-124
-226
-224
-419
578
500
66
295
-36
589
1103
280
506
795
256
-199
-164
-69
15
337
602
467
300
-128
21
334
752
675
-19
-147
-12
443
321
640
407
134
446
730
-223
-149
-288
-68
21
304
654
524
383
1123
-58
445
1024
1434
1184
522
483
870
774
839
-164
669
1060
184
-575
-125
123
-97
680
720
895
974
-9
-205
381
523
1314
1440
1218
1048
888
1062
652
-65
298
1184
453
-339
-382
292
214
-234
862
717
635
178
-380
350
2081
1930
1250
815
714
470
574
337
30
7
9
-115
-229
-343
-129
-216
-501
47
-1516
-792
-746
-626
-1316
-663
-189
-149
480
723
935
898
1174
1819
1415
1213
339
-223
195
39
-96
382
321
300
-552
710
807
1781
351
1012
-408
-162
554
886
410
224
761
154
784
2153
1264
1205
1009
391
248
-187
461
19
-753
483
2107
1480
548
197
-839
-7
58
520
478
532
1148
43
640
1586
995
1509
1700
1567
736
270
1036
52
-776
244
625
1868
562
335
-216
4
-456
223
166
426
585
60
77
1068
116
865
1392
1394
469
321
412
216
-773
213
484
1623
310
225
-304
204
-90
725
545
741
434
570
240
538
-282
118
571
1319
1190
454
-16
308
-795
332
734
881
1094
-168
-317
234
-208
720
383
446
191
519
385
466
181
193
159
982
924
105
550
153
-829
397
606
469
1241
-543
-73
-145
230
270
176
354
193
448
602
751
541
309
448
1143
766
751
477
169
-832
398
631
1903
898
-328
-434
378
534
547
418
563
374
420
546
554
430
428
220
1187
444
764
67
317
-835
329
554
1877
-112
-608
-343
329
150
359
367
348
338
361
519
335
213
109
219
1146
452
716
535
207
-831
374
673
1962
-49
-879
-290
-476
-761
-558
-461
-51
-66
-428
-519
-537
-652
-763
-603
10
222
812
778
-13
-823
330
763
1997
-157
-587
615
221
413
223
-394
540
540
876
546
479
-27
177
-33
248
402
1104
502
-125
-795
295
1067
1588
-80
-293
69
-60
100
-128
-240
439
965
990
491
533
-125
195
-295
-9
300
1709
137
56
-778
472
868
1497
-169
-226
119
81
-40
154
-104
50
979
452
-33
22
-99
-97
307
-64
914
1922
-469
269
-824
455
1152
1363
-338
-244
979
137
78
-245
321
-195
977
221
-66
262
48
139
31
-183
905
1659
-176
340
-798
235
1786
896
-53
-790
1767
741
1194
356
1461
261
1455
866
1352
902
1810
501
913
256
867
1675
23
173
-763
242
1947
285
451
-855
35
286
-78
709
739
-211
1050
-670
-140
-107
1153
142
662
186
395
1420
597
805
-797
962
469
1138
399
-334
-374
391
-26
994
324
-325
1381
-478
79
-124
365
345
493
562
579
243
-660
849
-832
691
331
1863
1021
-27
-22
-66
29
454
-929
-500
768
-357
-267
-362
121
184
72
99
827
182
-480
1077
-886
695
526
486
447
301
-103
46
697
335
-240
-183
483
-135
295
164
555
228
350
713
592
870
65
606
-800
711
-59
371
1212
323
-415
402
342
106
739
883
1212
392
-98
999
526
207
466
500
208
1228
-141
-127
-782
414
326
1327
1944
-112
-28
826
169
-639
-347
151
-776
-202
-745
91
25
306
787
212
972
1036
-40
-507
-755
152
284
863
1769
-267
-356
1286
296
343
251
397
-197
599
-70
-162
-78
-13
423
87
845
849
78
-580
-609
51
430
768
2010
-295
-778
72
603
243
272
226
34
29
332
-30
-486
90
-199
112
1407
630
-259
-378
-574
-10
580
395
2198
-322
-192
161
703
807
418
630
255
505
1309
854
848
817
-311
432
1434
-268
-347
-232
-639
84
702
427
2285
-245
-23
-12
-455
1119
1055
1647
768
351
496
85
951
282
-126
634
1367
-683
408
-233
-725
211
645
590
1973
-652
60
15
-337
83
-183
371
44
615
646
359
989
-635
-7
860
810
-523
381
-293
-596
853
1415
1483
2588
114
758
1209
1102
277
-28
177
132
893
903
1264
800
-247
886
417
54
-301
334
-306
-1570
-591
-1002
-1063
1068
-1406
-1369
-234
-232
-715
-311
-532
-593
-537
-404
-473
-528
262
220
310
-24
425
551
-129
104
327
281
106
462
376
499
674
562
399
412
9
18
37
186
286
530
773
646
717
882
828
616
919
232
461
310
53
561
406
112
153
183
196
205
326
326
319
289
223
133
46
30
17
16
46
42
406
11
116
197
679
1685
1813
80
27
110
177
213
211
142
163
216
190
152
127
59
9
12
5
171
610
4
107
12
15
704
465
38
435
277
79
120
94
56
65
103
104
106
103
99
46
349
853
488
611
4
104
2
75
160
24
267
21
125
129
72
50
56
48
13
1
57
87
81
29
751
924
870
1232
5
101
258
337
356
609
357
164
169
71
24
11
4
56
162
213
148
61
29
46
163
296
936
1194
4
97
182
664
1453
668
46
146
41
1
61
155
213
300
386
359
253
238
140
8
272
636
791
719
8
108
87
482
1139
690
132
74
37
130
247
246
258
306
269
144
105
211
231
205
258
373
255
856
8
112
25
445
1002
854
66
0
59
118
160
189
268
170
177
209
281
260
246
251
527
728
708
895
5
109
201
1197
1622
618
522
1876
1866
1455
451
235
439
744
1530
1851
2235
1522
834
226
183
590
807
925
4
102
219
1022
1573
1017
1964
3490
3779
3165
1258
523
884
2173
3687
3954
3544
2533
1574
496
7
327
757
924
2
97
168
693
1363
1059
1115
1674
1358
1318
704
476
659
1280
1566
1237
639
441
182
172
211
526
1064
935
6
96
266
810
1171
521
219
1551
572
93
104
10
67
2
47
33
424
744
6
58
62
491
816
741
0
105
216
1092
928
116
178
8
137
199
126
16
512
129
341
35
147
47
60
20
144
370
617
686
7
94
516
1262
976
23
288
252
233
142
39
10
142
110
93
85
211
172
168
56
53
214
380
598
2
86
133
72
54
29
119
152
152
91
130
26
7
58
108
169
161
98
34
129
237
276
17
741
11
99
1
61
104
68
42
21
26
278
419
6
150
105
199
11
27
5
110
223
426
350
31
505
2
108
0
189
22
0
108
452
749
997
422
323
523
481
771
665
428
441
351
400
552
335
496
481
10
97
39
102
201
738
426
894
1483
1173
1257
1412
1525
1262
975
882
883
532
386
504
356
173
907
882
2
118
20
92
596
1567
842
1159
1030
78
699
1419
1529
686
18
16
490
435
326
218
243
762
1597
1797
2
123
10
279
599
1187
728
506
307
5
48
85
106
122
51
120
108
256
302
31
399
1959
3174
2540
12
108
3
25
30
222
25
98
263
1531
1629
1208
1165
1358
1654
1720
454
8
48
81
706
2368
2319
1271
18
109
49
108
245
1074
538
45
505
1151
1270
1523
1639
1498
1229
1393
385
327
143
225
838
1549
699
675
19
121
55
123
104
723
445
129
53
169
115
123
100
125
264
175
68
596
345
546
1357
1045
217
636
22
109
93
177
273
812
139
285
330
64
72
6
43
133
152
76
125
347
268
915
2102
1344
1225
1380
7
109
61
166
393
893
296
72
328
58
128
227
214
109
48
649
725
161
517
1194
1726
1116
1415
1462
193
32
508
598
828
878
295
18
679
783
569
385
414
591
954
1094
530
854
1718
1168
1265
1125
1286
1153
1469
2068
2675
2742
2781
2420
1994
2112
2435
2377
2542
2671
2634
2550
2548
2305
2035
2693
2799
1754
1700
1648
1363
928
44
217
449
269
64
104
179
208
251
63
85
156
124
134
229
236
175
175
149
134
208
239
134
77
18
726
2134
1869
786
21
475
126
164
46
155
118
115
72
196
208
149
224
132
10
34
101
169
22
414
410
910
1758
428
156
332
188
259
184
95
122
172
279
8
320
268
28
77
90
199
88
59
38
438
368
1190
2328
1445
91
17
17
41
43
3
218
847
722
615
922
502
13
80
155
180
158
141
120
432
372
846
2037
2303
363
109
7
49
179
349
520
826
929
1201
1620
1518
1050
598
179
93
188
213
160
458
383
534
1242
1913
577
95
145
211
359
852
377
326
297
609
962
1283
1421
1295
953
554
233
67
125
464
383
745
1391
1876
1499
86
37
58
21
330
201
219
218
278
423
703
1013
1366
1290
844
24
138
141
475
397
651
888
1149
808
83
175
193
65
330
289
334
215
223
207
188
388
886
1437
1508
691
50
154
485
442
573
1534
1750
42
339
102
51
13
70
97
301
159
139
205
146
3
254
966
1383
1219
230
116
473
453
407
1492
1499
375
579
86
138
87
10
128
178
170
44
51
74
116
37
585
1026
722
373
65
474
452
517
1787
1721
514
744
470
753
648
375
167
332
59
254
515
578
646
522
39
925
875
117
97
472
439
616
2205
1858
376
259
221
517
706
763
68
844
563
24
263
328
464
460
380
859
1539
704
74
474
439
607
2048
1926
100
1149
179
291
545
818
280
1366
2075
1384
604
68
225
67
102
93
1262
987
98
476
429
496
1634
1755
309
877
949
469
631
808
453
731
1517
368
113
440
841
645
90
394
1128
1062
108
475
414
744
1614
1163
504
985
3371
175
284
565
438
73
1832
1416
405
110
333
838
534
15
1074
1257
13
464
379
1129
2222
685
621
193
3737
1040
434
114
208
483
2246
2598
1830
1457
986
136
208
91
1059
1199
49
450
358
1500
2534
1778
506
434
2404
1739
1075
410
56
232
791
1036
1674
1540
1114
214
30
209
866
1152
90
439
296
1074
1776
2345
42
603
550
937
517
12
53
119
11
99
575
770
490
114
59
304
927
1111
7
457
358
655
914
1555
588
245
15
401
164
205
173
101
212
315
222
279
650
231
207
520
1109
1308
39
472
374
680
684
572
135
290
38
182
22
206
430
194
356
435
415
300
179
388
275
320
964
1302
53
462
394
597
711
927
96
555
31
226
86
436
4
17
136
136
90
212
241
149
354
334
775
823
215
462
456
373
887
1954
768
502
655
366
326
9
1061
163
283
193
45
268
142
183
129
703
1195
273
265
470
488
172
619
1749
929
312
1403
1323
295
640
349
361
592
624
607
373
16
72
22
1070
1676
919
47
443
466
62
610
1819
1161
551
41
2379
2774
880
476
423
25
11
188
549
243
46
319
1240
1518
29
286
430
453
45
322
1694
1671
386
344
810
2464
1278
474
459
225
899
1101
97
72
104
427
1322
1267
129
187
451
460
138
345
1762
1765
338
282
162
1134
1969
1187
459
96
3
31
20
38
136
275
1281
898
141
238
476
422
412
703
2032
1492
326
30
319
20
1522
1530
1044
609
417
118
329
13
164
280
972
463
71
391
467
499
322
775
2125
2008
118
1094
155
329
164
712
615
390
403
355
440
405
16
183
527
571
559
291
729
464
516
720
833
808
249
298
610
718
589
436
330
9
20
243
148
357
399
392
381
346
592
681
456
27
37
2
10
290
169
3
43
42
97
104
143
141
82
99
45
9
6
128
141
198
292
574
606
134
129
537
507
632
336
48
15
38
57
42
27
53
36
41
66
44
69
43
302
582
475
511
558
15
25
150
298
199
572
0
108
114
36
2
47
122
238
434
118
0
12
210
456
468
439
558
564
30
9
119
2
29
99
69
19
61
121
135
350
471
541
355
268
299
306
206
139
232
330
513
566
62
4
39
247
176
33
299
140
9
230
454
515
480
520
482
453
304
397
567
248
173
395
544
563
38
3
126
246
73
115
280
166
333
376
298
251
234
196
239
324
440
548
548
518
89
165
507
566
37
10
115
613
472
598
319
400
326
194
149
123
132
112
195
219
258
382
498
652
569
168
397
554
17
14
187
646
554
498
362
211
128
66
42
0
28
76
122
149
193
244
351
590
742
425
426
564
30
17
193
620
822
571
617
341
217
18
10
0
54
103
122
509
569
389
389
676
576
518
465
554
0
21
160
307
583
134
134
65
17
271
21
67
316
37
90
102
129
90
492
514
848
721
687
561
14
18
24
257
382
22
39
72
34
425
196
237
447
8
80
64
314
574
637
430
496
598
597
548
18
15
9
39
84
113
227
363
131
216
538
319
327
18
243
240
181
17
176
464
409
667
614
563
71
4
1
75
268
102
237
224
151
5
730
438
543
93
172
162
122
43
557
354
348
516
636
563
86
34
80
94
1
44
101
250
161
86
475
449
287
2
128
188
91
182
454
230
322
488
667
590
123
158
236
62
35
3
99
50
20
172
279
453
293
215
9
25
3
0
153
219
274
399
327
575
99
144
2
325
22
178
202
18
1
149
260
255
342
301
206
28
144
188
258
204
356
522
126
583
104
100
206
478
291
124
174
269
412
454
301
237
408
555
417
257
239
169
118
105
403
449
358
590
82
31
402
520
714
149
3
58
382
403
431
695
617
645
643
195
13
25
73
179
515
635
562
575
80
16
178
498
471
458
123
363
557
488
106
307
403
699
584
597
141
1
76
220
569
570
642
571
41
5
108
417
229
599
621
375
414
388
748
724
679
425
436
591
596
226
124
237
611
252
64
566
51
10
60
218
788
763
835
685
257
38
46
5
180
448
880
641
610
372
174
269
430
5
366
582
49
19
2
107
592
723
824
521
33
66
59
63
35
36
93
365
475
369
182
225
521
10
51
570
43
16
8
122
516
719
737
413
337
67
12
103
287
301
660
458
333
215
146
328
466
141
92
563
39
15
11
89
527
888
827
479
190
310
93
10
244
227
57
12
249
169
112
428
386
199
45
583
43
15
10
52
431
779
540
624
407
530
706
795
676
594
400
382
316
211
259
534
441
19
75
334
63
91
82
36
299
243
617
770
166
8
4
11
17
5
11
2
100
377
691
696
125
130
110
865
592
444
472
632
691
905
979
817
813
661
727
769
754
680
672
691
775
870
927
900
716
341
468
25
58
85
28
62
24
1880
453
139
63
3
40
66
16
262
63
128
23
69
31
170
39
97
65
844
8
72
1160
7
475
2724
154
37
27
772
474
52
228
1774
61
361
700
25
5
919
364
54
38
666
52
82
431
19
348
1102
168
45
16
27
601
68
30
1366
97
175
7
54
1
3
9
43
69
685
42
136
658
475
49
6
87
348
19
12
40
18
8
230
52
290
11
26
297
26
215
29
73
641
32
139
510
639
91
150
58
696
36
36
22
31
8
23
10
25
345
7
0
71
5
30
62
646
36
111
7
623
30
10
22
20
25
39
46
6
38
7
16
48
443
5
22
1283
74
49
4
607
27
88
65
969
168
46
157
75
14
19
65
19
9
90
1
25
20
17
46
1997
91
12
54
575
18
116
58
1772
21
17
45
62
13
3
13
178
31
292
4
4
25
44
42
1544
32
29
95
605
14
143
50
1847
135
48
51
57
29
10
25
154
27
286
9
3
0
53
65
1707
5
77
60
619
12
163
11
1148
1195
93
60
56
395
17
27
126
17
359
8
6
187
44
89
1832
2
55
83
637
19
188
575
737
1313
96
44
99
844
289
46
3
10
785
37
256
16
118
62
705
224
5
124
672
27
192
468
626
1334
96
32
132
354
1226
77
32
353
761
70
390
58
302
448
104
542
964
151
704
32
184
141
1067
850
124
24
79
21
233
18
34
26
224
40
289
16
21
191
156
605
1232
125
711
31
181
478
464
603
149
364
36
28
38
364
55
36
119
493
61
66
11
81
152
699
726
88
668
41
136
578
30
1063
176
36
82
86
12
42
42
39
26
814
175
82
31
35
128
923
529
93
628
52
107
775
81
1432
111
85
60
119
632
63
42
12
8
7
132
70
28
53
113
1316
401
80
646
40
118
94
19
1487
86
60
66
40
611
30
6
36
3
390
49
261
11
29
89
1212
131
16
682
25
121
20
397
428
109
14
63
15
135
391
4
57
84
9
5
124
20
48
16
14
527
446
512
15
100
18
434
27
53
37
35
20
43
985
47
41
654
26
124
16
24
52
746
137
896
913
642
16
117
152
10
926
11
140
245
14
523
453
54
79
462
502
148
59
8
24
59
88
548
1503
802
1
167
205
63
2814
43
207
1030
13
61
392
12
98
50
415
389
49
48
34
80
6
1377
2056
795
25
141
14
98
3053
64
189
954
359
121
415
19
21
37
31
361
511
24
70
123
923
1399
1500
731
42
105
56
114
3287
67
152
98
568
45
83
495
4
6
63
671
1022
63
100
111
2458
36
839
751
48
90
78
122
2775
150
136
14
34
63
89
0
21
390
127
36
1117
49
156
41
3356
224
2203
785
0
87
84
100
1916
1272
158
37
47
352
95
35
8
35
42
41
636
31
189
754
2997
321
3322
693
34
87
95
97
2597
105
90
50
31
20
40
40
305
14
21
1
413
48
191
2699
608
202
2120
750
20
98
105
80
2395
92
24
79
19
25
21
18
69
27
3
9
132
25
176
3816
109
165
3598
847
38
62
89
66
1586
81
52
179
37
9
15
83
16
0
241
29
159
161
149
2848
162
135
3776
14
1162
1762
1787
1941
2324
2693
1437
39
4
18
2
1
239
417
210
2
130
364
334
241
214
182
14
72
13
212
502
645
1404
2491
1400
61
51
355
269
176
430
1009
683
4
182
362
422
574
678
731
22
51
50
550
1373
1450
1631
1893
915
102
172
501
688
639
630
1200
997
383
349
221
208
463
718
1134
18
51
29
764
2055
2362
1402
802
458
244
387
424
413
403
547
818
948
889
734
471
394
320
520
1095
20
54
97
977
2533
3331
1876
297
1
294
495
446
380
486
642
543
663
769
867
843
732
415
522
945
25
59
95
1098
2336
3438
2283
315
1
325
400
491
634
633
661
612
566
526
732
849
851
685
688
947
22
60
118
1150
1784
2826
2168
320
150
441
337
368
577
631
584
609
687
584
651
626
838
1070
788
971
13
60
104
1147
1738
2734
1765
448
451
352
253
263
418
554
448
591
802
670
648
585
691
1055
765
1043
7
57
99
929
1925
3061
1592
420
446
376
367
307
319
487
419
582
704
556
463
431
603
923
764
1030
10
53
130
678
1989
3235
1559
213
259
292
536
516
327
431
414
650
854
718
530
359
449
957
886
1134
17
52
133
510
2267
3266
1216
182
184
124
488
622
461
427
373
681
1079
976
788
550
533
964
1118
1416
22
53
148
517
2707
3238
1065
224
57
3
67
369
427
468
298
368
517
486
532
421
505
740
1271
1695
24
54
167
688
3080
2941
915
370
4
96
265
369
334
489
531
529
487
426
297
237
495
611
1336
1835
22
58
180
969
3235
2638
820
624
3
117
628
482
233
568
909
700
720
913
501
306
530
634
1450
1828
22
59
175
1171
3604
2761
517
560
8
11
350
503
296
416
804
472
520
706
255
192
427
456
1368
1864
19
60
100
1125
3486
2818
561
448
231
43
244
574
351
223
770
703
721
639
226
255
315
210
1071
2033
10
59
198
1157
3243
2749
536
273
370
222
229
535
297
254
547
537
732
577
383
428
385
172
654
1976
92
58
380
1295
2815
2884
873
107
267
277
432
404
178
417
569
460
592
696
601
424
310
325
490
1556
252
59
444
1243
2369
2932
1438
447
200
181
491
348
249
591
702
587
638
712
624
435
241
409
451
1155
301
58
425
1177
2010
2796
2145
1024
231
134
487
390
176
543
753
688
778
776
567
416
289
403
359
970
630
54
371
889
1573
2672
2745
1254
128
182
495
359
5
79
380
326
557
678
484
432
455
452
189
727
676
51
303
699
1102
2447
3091
1306
43
500
762
314
2
168
429
177
157
411
501
539
529
421
103
617
518
50
209
585
962
2430
3354
1427
98
820
864
321
283
756
995
535
74
196
581
639
431
369
614
823
358
49
174
542
931
2205
3244
1722
448
836
616
1
2
359
810
583
130
118
542
624
169
414
714
720
87
51
153
544
764
2154
3078
2264
1257
855
747
316
41
140
457
497
290
169
520
617
1
577
685
698
2
55
35
488
533
1971
2610
2570
1907
756
655
723
546
458
405
422
469
340
560
663
59
1010
586
607
175
57
4
536
353
1761
2337
2442
2407
1251
380
264
243
210
249
269
372
378
489
478
272
1386
334
214
557
59
26
15
28
452
1117
1158
1792
1479
663
522
502
556
546
368
479
526
588
415
516
1429
312
0
636
311
-176
2
219
179
234
130
34
-563
-508
-575
-908
-955
-816
-899
-697
200
324
353
402
411
310
-78
20
155
-679
-853
-682
-146
128
-161
-48
-326
-243
54
-184
-57
-69
-307
-399
-329
93
278
143
240
266
55
263
268
-540
-1007
-740
283
401
349
62
44
-14
183
174
131
166
135
412
260
-60
-289
-42
161
232
223
234
228
-674
-1348
-1916
-1580
-943
-207
-14
160
215
284
439
299
272
303
347
366
140
-346
-442
129
396
475
518
227
-747
-1170
-1007
-147
96
-248
192
326
307
342
204
103
56
77
132
143
-86
-259
-663
-385
282
382
571
228
-592
-1377
-1589
-1270
-720
-92
157
27
81
172
109
120
74
113
85
28
-161
-608
-673
-726
93
323
183
205
-654
-1114
-1175
-1488
-1244
-253
-283
-323
-71
57
52
-5
-43
-227
-190
-129
-88
-477
-937
-628
-57
-51
258
218
-712
-1245
-1905
-2104
-1513
-926
-732
-395
-104
-37
12
-33
-62
-230
-144
-107
-175
-344
-1077
-1030
-101
123
403
190
-650
-1204
-1911
-1804
-1768
-1225
-578
-271
-106
-42
-26
22
-94
-256
-85
126
111
-240
-1086
-1594
-1167
103
504
214
-572
-1479
-2490
-2786
-2085
-511
-193
-300
-205
140
142
177
206
124
-40
-251
-149
-34
-294
-772
-439
-80
419
208
-637
-1702
-2962
-3446
-1768
-682
-957
-805
-421
189
353
241
144
-491
-1019
-1224
-1311
-885
-471
-1036
-1045
-337
353
233
-618
-1739
-3507
-4014
-1713
-837
-984
-790
-161
263
320
92
204
-126
-616
-689
-576
-188
-242
-1082
-2182
-1157
286
210
-654
-1789
-3211
-2560
-1236
-879
-917
-1254
1
220
-318
-456
-201
-208
-570
-572
-278
93
-311
-1529
-2676
-1868
-37
229
-495
-1445
-2701
-2507
-2125
-1401
-624
-390
207
319
-246
-263
16
-51
-318
-11
62
253
-450
-1882
-2906
-1888
-77
230
-558
-1094
-624
-1319
-1775
-917
-506
-20
142
179
-132
-320
41
104
-25
6
159
252
-104
-1508
-2666
-1852
-152
228
-430
-851
-755
-462
-723
-644
15
305
452
343
-109
-170
55
288
313
104
188
151
-130
-1146
-2000
-1262
-164
202
-593
-544
-1166
-645
41
-275
-167
113
232
141
-408
-338
270
417
330
62
16
99
-89
-700
-938
-402
251
196
-599
-868
-648
-178
35
-106
61
384
385
265
175
195
386
370
330
334
237
162
79
-448
-231
153
401
170
-653
-915
-541
-123
165
111
242
425
390
176
134
38
81
316
336
374
287
79
35
21
202
281
294
185
-523
-792
-917
-601
109
357
477
464
458
234
31
18
94
297
360
381
393
239
102
90
332
145
140
181
-587
-827
-1213
-744
-210
213
381
399
415
227
-91
-121
229
422
440
363
320
242
72
-95
-72
-317
-460
221
-489
-912
-1190
-1271
-1158
-62
365
393
90
-573
-497
-243
-107
-55
123
397
354
326
0
-561
-1112
-482
186
186
-642
-996
-1158
-1671
-1403
29
317
178
-199
-766
-980
-908
-662
-506
-505
72
128
174
-228
-1248
-1627
-969
260
211
-564
-851
-1073
-1606
-650
72
349
327
44
-95
-534
-576
-34
139
173
107
153
97
-204
-1429
-1418
-10
415
209
-567
-764
-1002
-1473
-1041
-479
199
222
84
151
-103
-190
177
160
209
150
252
168
-399
-1580
-1316
63
318
213
-614
-755
-1109
-1314
-773
36
427
433
320
234
254
379
419
459
381
445
438
375
-292
-2131
-1233
-227
282
-624
-1988
-2119
-2243
-2576
-2189
-1679
-741
-43
-158
-430
-582
-720
-1009
-961
-639
-231
79
358
-326
-2056
-1148
-43
279
239
68
20
-176
1
95
214
352
438
420
398
397
338
320
305
386
446
478
574
80
35
171
424
548
1207
76
97
79
68
39
81
117
53
30
73
366
748
1528
1425
371
226
45
46
38
16
44
56
40
3
122
68
62
87
102
120
19
675
1327
1905
2052
1869
1486
598
187
167
45
59
58
71
59
51
39
407
35
147
531
373
53
7
710
1473
1836
1249
203
31
97
108
593
1143
972
1150
888
438
148
134
373
397
27
91
745
687
436
589
1421
1734
671
66
118
117
106
62
28
8
523
806
577
345
108
552
432
344
30
139
351
783
859
862
1289
27
160
149
80
53
18
5
54
79
45
3
31
164
159
382
7
414
25
8
4
34
22
352
5
158
101
28
8
75
109
5
28
59
69
62
11
247
6
16
31
386
28
81
364
3
30
217
123
95
24
4
32
4
12
19
30
25
25
38
30
42
463
193
100
374
38
79
513
615
573
17
83
15
0
10
30
18
23
12
103
204
108
7
8
23
27
21
1
393
32
273
607
845
492
48
47
9
4
19
15
4
102
173
146
37
39
6
198
193
53
24
21
448
24
358
546
221
141
25
327
831
731
169
124
175
583
704
513
691
757
561
459
667
666
226
0
391
35
198
510
774
238
598
990
376
457
286
5
55
319
402
456
1593
2045
1454
460
8
194
11
25
414
36
188
687
956
6
120
327
94
463
271
33
645
836
839
655
349
28
71
41
33
11
208
11
411
35
121
645
458
34
322
1309
2491
1099
289
659
426
310
1057
1934
1316
404
30
33
16
58
300
136
471
7
585
734
63
9
481
1325
426
39
2
12
28
676
1413
870
19
471
175
20
62
387
234
10
451
22
250
914
1117
404
260
55
61
4
28
106
53
526
658
45
18
28
83
108
30
391
467
25
411
36
3
884
1138
22
50
73
108
143
134
93
182
97
30
86
77
140
138
63
1
690
1159
458
468
25
218
598
40
105
100
19
91
86
86
50
335
20
30
72
61
63
51
17
46
283
1002
63
452
29
46
68
75
124
66
31
56
27
341
1000
312
181
4
30
22
51
44
2
7
130
630
70
454
28
226
438
114
26
33
75
41
503
1060
102
11
566
687
327
51
61
34
15
28
413
536
24
459
43
104
214
453
673
46
48
718
1401
1142
454
838
895
294
272
3
17
28
1
341
1308
1444
77
438
37
58
130
577
355
34
1038
1898
486
83
75
283
29
106
65
156
325
267
233
680
1251
1623
34
409
29
224
317
569
65
223
895
971
435
1547
1500
1208
190
314
499
553
653
179
263
554
844
94
133
497
24
48
90
396
415
201
9
26
407
890
417
325
679
1234
1797
949
18
30
6
435
534
439
35
458
34
10
143
334
708
325
61
32
20
65
135
112
151
82
70
140
133
80
4
594
381
23
38
347
39
3
220
714
1234
202
36
29
8
1
430
545
324
9
95
105
51
24
222
863
281
277
29
405
35
4
233
486
395
58
16
25
67
0
165
24
48
73
76
35
210
439
598
824
567
1249
501
882
258
588
799
738
142
12
201
513
233
133
9
30
51
41
27
290
549
204
897
1371
969
2111
1120
128
153
105
90
107
134
157
156
91
77
35
58
65
60
36
4
284
7
20
206
44
134
121
268
764
732
728
644
787
608
656
415
381
142
82
13
72
123
63
129
31
454
546
451
606
720
613
745
701
694
720
633
810
758
202
310
111
197
327
387
362
357
319
237
264
156
14
215
510
685
661
737
702
763
709
661
566
521
108
63
379
471
515
565
642
563
549
558
530
338
152
23
479
646
585
763
770
734
765
654
455
261
103
199
587
560
687
690
685
637
622
557
544
484
391
294
72
39
452
392
848
671
784
687
699
16
112
362
573
599
647
688
693
681
651
564
488
518
445
324
125
154
473
447
841
672
748
696
729
63
55
425
593
583
623
609
601
578
558
524
442
448
336
282
217
15
365
325
840
718
701
757
694
77
79
411
565
596
532
558
521
498
516
484
453
438
337
118
191
424
435
637
782
774
715
744
736
87
13
416
579
585
552
568
519
489
501
481
464
432
371
122
162
469
294
635
717
790
746
722
785
101
82
465
554
514
550
541
507
524
507
517
496
453
371
224
221
151
370
516
728
787
706
732
803
86
2
429
474
444
441
433
486
457
348
399
341
340
437
233
235
37
238
350
741
811
694
754
790
110
15
336
354
328
349
423
523
415
268
393
343
301
451
299
294
150
93
315
793
824
736
747
777
47
15
280
507
544
493
541
556
491
352
430
352
474
598
417
225
109
123
556
843
794
774
755
767
60
256
297
239
415
285
529
505
321
277
261
246
267
420
515
221
95
53
650
838
790
814
797
804
15
504
251
234
598
405
557
506
269
307
244
450
580
566
533
247
123
120
865
838
800
819
819
810
23
140
451
361
499
336
456
418
394
517
445
564
534
589
597
273
148
187
890
839
693
845
704
706
27
49
465
543
562
509
512
386
396
461
617
714
734
698
608
281
262
201
637
842
622
791
567
400
127
211
573
582
558
561
497
494
533
473
596
655
686
679
627
372
406
177
474
842
638
560
218
16
259
354
525
610
586
594
492
447
521
443
570
608
634
622
558
382
353
248
277
832
582
503
260
63
182
340
530
628
639
528
608
573
598
593
559
596
585
531
502
407
394
293
184
772
639
674
531
393
138
197
492
621
606
619
612
698
602
659
648
561
567
513
501
410
400
225
103
751
697
768
684
662
50
112
380
632
520
690
763
766
695
690
613
578
532
492
516
344
216
131
423
788
698
699
695
714
298
41
379
614
764
739
860
773
824
858
813
675
612
456
394
141
23
386
537
789
710
791
706
710
546
84
228
504
833
683
899
932
953
917
822
560
504
375
246
65
0
561
789
824
760
809
756
735
784
122
25
361
817
882
1105
1125
992
938
828
554
485
294
134
16
204
787
807
843
798
815
787
755
840
26
53
374
685
800
997
1047
890
845
650
458
461
263
40
25
486
784
763
834
794
818
811
757
829
259
6
257
537
682
825
960
864
750
577
433
436
257
46
52
626
807
801
823
767
792
774
734
796
649
218
150
387
620
659
666
540
439
416
345
272
230
43
45
782
746
773
828
791
803
796
787
812
786
688
315
44
58
70
94
79
20
45
77
196
204
399
413
786
777
832
1490
-117
-143
-188
423
1785
1287
-114
-326
-367
-357
-343
-338
-370
-386
-371
-435
-364
-304
-350
-342
-313
-372
-478
2935
-199
-291
-300
739
3497
3088
-112
-398
-286
-302
-315
-278
-275
-296
-293
-339
-350
-283
-347
-450
-380
-358
-402
3065
-520
-310
-296
-66
2296
1343
-644
-277
-275
-253
-357
-328
-369
-335
-210
-280
-348
-302
-400
-501
-503
-474
-481
3130
-493
-339
-440
-409
21
-575
-786
-335
-304
-300
-364
-344
-389
-371
-335
-309
-245
-232
-320
-336
-321
-350
-433
3082
-510
-290
-494
-586
-522
-533
-436
-379
-402
-387
-354
-347
-317
-321
-344
-419
-457
-358
-306
-298
-316
-351
-438
3044
-504
-225
-366
-402
-346
-356
-306
-393
-358
-294
-275
-265
-276
-289
-302
-341
-448
-434
-401
-397
-382
-476
-544
3045
-481
-224
72
31
-148
-334
-298
-298
-297
-279
-300
-273
-283
-289
-297
-303
-348
-363
-418
-502
-392
-430
-453
3036
-482
-249
416
1190
94
-421
-391
-319
-298
-267
-288
-279
-280
-301
-287
-292
-301
-331
-422
-541
-401
-412
-423
3042
-485
-264
783
2892
444
-460
-363
-271
-273
-260
-245
-265
-269
-296
-287
-320
-321
-332
-423
-522
-380
-405
-455
3065
-478
-323
616
4330
2189
-190
-229
-196
-267
-293
-268
-268
-251
-268
-229
-216
-257
-323
-422
-483
-324
-392
-471
3095
-481
-168
666
4389
3188
-117
-108
-26
-190
-316
-307
-255
-169
-150
-188
-138
-52
-211
-411
-526
-407
-435
-466
3128
-477
-200
1523
5323
4336
439
-131
-33
-94
-294
-326
-302
-212
-187
-194
-217
-194
-260
-423
-468
-354
-409
-504
3166
-481
-153
1017
4936
4161
711
-439
-343
-180
-312
-341
-392
-342
-430
-451
-280
-191
-381
-528
-425
-432
-203
-423
3199
-490
-204
683
3769
2967
425
-136
158
-414
-441
-439
-478
-444
-215
-230
-454
-208
-271
-455
-401
-490
-379
-566
3232
-493
-310
-364
1789
2662
689
-365
624
-255
-466
-481
-489
-526
-393
130
-251
-382
-406
-473
-433
-525
-435
-510
3222
-497
-347
-334
595
1482
88
-637
-325
-670
-432
-420
-373
-421
-478
-322
-466
-336
-328
-366
-375
-505
-433
-463
3250
-496
-328
-168
1237
1889
-245
-478
-287
-275
-383
-372
-338
-299
-291
-321
-297
-303
-280
-303
-377
-340
-191
-373
3253
-476
-283
-394
112
362
-557
-450
-289
-255
-362
-353
-320
-249
-204
-277
-316
-308
-290
-355
-405
-196
271
-423
3109
-537
-264
-374
-379
-474
-590
-367
-343
-275
-271
-365
-248
-244
-252
-265
-338
-322
-306
-356
-442
-422
308
-383
3178
-493
-291
-334
-118
-78
-395
-377
-431
-474
-330
-307
-224
-245
-410
-352
-299
-330
-343
-350
-403
-408
-141
-141
3250
-502
-254
-356
597
2078
52
-335
-451
-453
-436
-371
-343
-371
-421
-434
-318
-281
-342
-343
-378
241
1389
1081
3257
-526
-237
-312
895
3814
1071
-178
-359
-265
-165
-201
-252
-233
-201
-274
-354
-388
-364
-321
299
954
3080
3086
3241
-549
-241
-265
797
4455
937
-456
-319
-251
-123
-199
-275
-225
-103
-192
-347
-433
-437
-351
982
2689
2035
2637
3308
-544
-240
-223
333
4478
2143
-415
-358
-320
-252
-172
-332
-434
-426
-344
-457
-470
-426
-381
969
3655
1631
3231
3333
-516
-221
-221
579
3548
2480
-472
-418
-395
-233
-69
-161
-249
-312
-335
-420
-454
-445
36
978
3259
-128
3484
3247
-502
-217
-247
704
3561
2006
-738
-354
-370
-344
-319
-343
-384
-355
-331
-343
-405
-343
903
2346
2021
-419
1812
2884
-434
-169
-168
243
2350
385
-568
-202
-237
-248
-270
-265
-267
-257
-280
-301
-331
-298
1048
3360
761
1992
4542
1005
-680
-366
-354
-425
498
-775
-748
-344
-373
-363
-391
-403
-405
-415
-428
-422
-445
-414
-376
1799
-501
-209
4442
1490
2577
2140
1363
430
-174
-339
-180
-183
-178
-178
-187
-181
-184
-190
-184
-184
-184
-180
-183
-185
-183
-185
-184
-516
-344
-374
-587
-467
-286
-230
-176
-191
-188
-186
-139
-119
-126
-162
-203
-195
-190
-186
-186
-190
-188
-186
-182
-158
-44
35
-241
-79
-260
-191
-176
-185
-179
-151
-1
208
252
481
-130
-251
-206
-185
-188
-188
-182
-186
-185
-162
52
644
-270
-305
-206
-185
-182
-114
-52
-37
-13
373
180
1396
902
-129
-254
-202
-193
-189
-183
-178
-185
-158
68
777
326
-290
-271
-192
-180
-62
509
396
-78
-49
-64
-113
754
878
-43
-204
-246
-197
-189
-189
-183
-146
16
561
649
61
-395
-186
-156
-174
-48
-17
83
-52
-56
-207
-203
183
520
27
-228
-257
-182
-187
-185
-155
34
38
-407
-351
-243
-184
-131
-52
49
257
-8
118
-2
-106
-169
-168
-53
233
128
-303
-227
-189
-182
-166
168
420
-229
-318
-193
-180
-131
-16
-14
159
86
-49
-16
-47
-111
-157
-155
-106
98
-118
-254
-177
-195
-156
59
381
-224
-304
-197
-180
-103
50
82
-19
125
4
-17
-8
-34
-80
-173
-110
-235
-268
-183
-125
-209
-145
69
31
-364
-240
-198
-178
-133
-29
-28
10
-8
10
-65
-133
-113
-48
-56
-112
-25
-197
-282
-186
-186
-144
86
87
-405
-213
-195
-53
-49
55
-106
-139
-9
-137
-243
-267
-205
-62
662
61
22
308
-373
-193
-181
-162
94
205
-402
-210
-193
-20
503
-14
-63
-419
-101
-54
-204
-227
-67
441
2139
393
-589
-60
-311
-194
-182
-157
51
181
-397
-211
-186
-329
-300
-399
-206
-251
-195
-56
-56
-273
-240
-518
-247
832
-358
-225
-225
-192
-177
-153
130
207
-397
-200
-191
110
-90
-267
-179
-199
-162
-136
5
-116
-210
-49
-421
-331
-228
-167
-205
-197
-183
-134
230
835
-343
-274
-191
1426
1929
-265
-136
-241
-75
329
1408
1624
-96
429
79
-284
-161
-120
-204
-200
-183
-149
9
1235
455
-399
-229
354
3064
519
510
-303
-55
72
49
1977
918
510
168
-137
-141
-39
-169
-230
-184
-170
1
92
231
-152
-243
-564
-30
-191
64
-189
-90
-5
-144
-19
-170
-284
-174
-107
-160
-70
-111
-89
-110
-171
221
383
-80
-81
-102
-302
-32
-41
-35
-116
-164
-19
41
-44
215
-107
-136
-103
-154
-126
-79
-68
562
-186
-24
845
718
359
-321
-214
-156
-132
-162
-8
-113
-66
45
-49
81
-76
-89
-108
-135
-110
22
-416
-163
-139
147
1060
131
-87
-358
-230
-196
-236
147
264
-226
-291
-253
175
485
-157
-101
-136
-132
-175
-78
-68
-55
-150
124
566
-48
-241
-353
-150
-85
-244
645
2952
839
-92
-179
-94
1358
202
-249
-173
-80
-229
-255
-325
-204
-163
16
707
585
119
-360
-77
449
-189
-530
90
822
-159
-195
-295
-56
980
-109
-318
-148
-229
-219
-185
-185
-156
23
698
234
-111
-442
-281
-29
749
-30
-263
-125
-170
-2
463
-449
-402
-63
-185
-166
-249
-213
-197
-190
-150
56
588
203
-87
-410
-231
-95
1918
2748
839
2124
755
896
1700
759
-581
-228
-128
-96
-259
-200
-187
-191
-128
204
638
249
-90
-387
-193
-192
-224
887
-249
115
-240
-493
-530
-209
-234
-215
-179
-97
-254
-202
-180
-189
-143
220
640
149
-104
-381
-19
-88
-292
382
834
765
302
-251
-157
-181
-103
-181
-250
-177
-218
-201
-190
-188
-28
473
893
422
-62
-290
1265
1598
-405
-187
63
-26
139
-31
-43
-88
-109
-131
-175
-150
-235
-195
-193
-195
190
499
605
434
-6
-295
474
2653
-202
-155
82
143
142
-18
-74
135
32
-286
-118
11
-268
-183
-177
-196
240
43
152
43
212
83
44
18
650
402
412
307
194
301
1
40
61
118
10
66
15
202
338
643
38
418
336
461
281
38
357
205
76
66
178
117
244
258
175
43
208
303
64
130
367
103
175
90
137
307
6
295
1777
43
328
1316
124
86
58
155
50
267
594
487
273
690
1431
751
50
812
554
181
126
328
13
196
1436
224
331
205
176
152
62
162
120
211
871
529
45
246
517
752
12
229
490
273
114
343
55
457
607
234
313
144
184
139
36
114
187
21
227
67
111
127
27
24
127
18
54
24
116
350
24
139
360
335
542
69
28
687
11
19
97
61
102
65
36
107
18
36
62
11
59
160
114
324
60
123
232
565
505
43
700
80
21
50
54
48
89
69
40
28
13
203
24
136
2
647
112
331
11
96
465
433
195
594
748
26
37
66
40
40
72
54
22
1
38
32
58
378
17
1015
114
338
51
253
282
220
50
609
79
50
38
21
70
20
41
31
14
20
31
22
71
214
9
312
116
338
73
368
302
368
183
599
711
459
269
28
62
50
13
77
585
559
704
510
129
529
795
62
115
343
35
437
183
326
33
1097
1901
1422
777
221
113
86
55
633
947
1760
1629
792
468
497
24
21
111
346
85
464
38
261
161
2477
791
692
69
99
133
165
269
841
241
2183
1175
229
145
124
157
511
116
336
87
367
74
187
80
2839
225
111
304
398
227
323
216
552
583
1497
392
589
344
211
25
941
117
332
158
504
26
26
437
1284
1458
704
179
434
221
110
322
1246
920
684
242
369
356
164
11
880
119
346
371
401
974
132
368
1075
2118
80
317
288
285
83
1393
1895
424
33
502
269
138
116
185
978
119
391
17
228
1709
53
787
828
248
254
498
136
127
380
1245
0
201
86
85
230
100
77
183
1325
126
366
107
145
77
338
417
777
272
223
506
22
12
59
889
32
242
190
43
111
107
200
544
1041
128
366
95
242
19
219
126
344
159
213
262
309
162
340
494
22
148
92
59
127
57
262
10
414
107
385
35
13
747
298
267
102
159
222
9
617
442
337
760
287
35
15
31
22
76
50
124
983
119
390
15
68
366
216
206
85
241
222
1538
1222
382
594
213
629
32
97
163
27
63
61
117
1382
133
378
154
10
80
93
28
30
326
48
2120
697
227
785
160
874
34
57
39
28
65
756
100
2346
146
375
202
147
65
34
212
82
302
885
1807
603
311
429
330
640
401
247
197
51
157
324
1305
959
145
399
193
83
75
390
274
492
218
831
1404
1251
211
461
703
169
1
168
359
176
236
557
2478
787
143
398
360
54
179
370
503
653
40
1150
1480
753
213
602
94
335
312
161
121
81
424
472
1982
132
140
367
357
59
238
426
700
787
289
486
451
33
90
96
93
185
243
328
405
61
504
363
1874
35
122
340
278
37
225
465
1294
687
343
7
9
130
232
295
100
123
122
203
221
149
568
89
1842
18
50
202
672
247
140
288
1824
1581
635
392
348
214
64
84
7
55
44
23
382
163
383
1076
879
315
312
87
1203
982
443
283
1744
2040
412
255
460
879
686
825
736
632
976
866
714
777
567
1797
1202
348
213
74
295
61
235
419
470
274
76
17
64
180
331
391
232
88
55
130
43
21
104
54
3
82
281
468
1185
276
271
334
32
1042
1206
1072
737
1276
2194
1768
1739
1863
738
127
94
199
122
81
886
673
78
32
240
372
588
187
164
85
1028
1767
1578
1314
700
739
708
1415
2318
1896
1128
821
799
466
3
147
49
152
854
1051
506
703
409
295
446
52
750
272
63
642
965
1092
1501
2168
2324
2076
1605
1052
480
969
45
21
456
1101
1193
632
349
453
34
190
239
861
1239
1061
805
297
246
538
833
1004
62
137
62
158
59
5
296
43
0
43
36
66
641
758
539
600
819
820
711
769
503
59
280
743
1115
407
2
62
60
3
429
499
46
132
120
160
494
502
469
535
255
368
337
102
48
268
256
306
345
499
452
754
78
45
458
415
1
76
29
461
217
76
40
29
284
139
328
586
791
721
507
696
344
694
840
122
64
21
663
882
619
41
69
270
550
699
708
365
270
321
267
327
530
464
477
441
539
157
178
2
58
11
438
88
125
66
116
257
278
61
9
448
121
168
369
83
274
211
65
464
689
593
434
91
42
19
489
400
249
19
285
609
796
924
550
180
24
327
698
732
796
855
664
327
462
745
284
292
65
9
426
580
585
29
252
405
843
270
189
232
82
203
15
10
311
87
206
53
427
101
37
27
48
10
266
206
16
385
44
537
449
143
9
30
546
575
222
41
92
71
208
168
687
851
270
142
43
3
526
394
30
94
895
999
332
1064
1263
397
70
113
308
446
681
1659
972
194
407
620
501
90
34
66
270
41
55
143
1126
935
567
177
42
655
95
411
545
13
492
117
1408
1138
600
816
417
34
70
34
286
462
643
284
73
1236
1244
1069
922
596
929
481
1217
1507
1097
1347
111
700
351
299
500
730
89
96
32
769
53
77
23
545
1310
514
134
67
779
595
156
720
1237
1281
1047
607
572
149
368
1253
4
123
648
362
534
251
80
262
64
269
45
91
45
127
46
266
111
186
125
335
494
261
165
351
109
14
413
427
635
311
20
115
369
388
234
322
184
1
133
264
381
234
10
33
65
746
71
186
30
33
477
840
580
61
123
25
79
52
254
124
441
319
182
1173
266
10
366
456
637
353
332
178
59
8
728
566
37
258
52
59
67
216
466
1498
1081
890
505
143
1164
313
29
433
1026
79
266
439
65
25
446
862
819
781
102
892
814
67
265
486
141
196
212
316
311
869
873
948
671
332
75
166
79
113
170
664
982
172
173
148
254
166
190
55
177
157
143
306
241
120
371
465
239
168
707
601
79
43
360
607
706
316
68
99
288
815
51
370
401
381
110
805
644
127
257
64
115
35
79
12
64
21
396
560
654
140
68
1
58
1316
1813
1270
956
1204
1442
1885
1373
371
99
87
24
70
5
80
133
32
392
587
132
28
10
19
64
120
1145
2576
2212
1641
979
412
30
239
673
171
13
151
121
40
257
427
764
935
1108
287
119
654
675
78
256
143
888
474
160
166
193
433
39
47
385
618
285
188
547
1308
1624
1863
2149
1247
1217
2052
1861
660
152
10
742
1247
1297
1038
1604
926
106
425
473
482
13
150
693
1584
1590
2126
2417
2199
2900
262
-386
-197
-16
-117
-116
-63
-107
82
242
365
426
176
40
203
-42
-102
-805
-746
-467
127
-245
769
1926
-237
-3
299
-64
-279
-116
-54
-6
122
-6
156
620
697
426
407
511
210
-19
-309
-69
637
1190
1727
61
-673
-173
-321
-638
-698
-229
171
-149
-363
6
12
-48
22
132
-80
39
-137
-90
-237
66
416
829
638
-11
-204
-191
-230
-46
247
293
83
-49
210
263
47
128
349
539
939
388
-224
-81
-286
-204
950
582
-42
-44
-181
-641
-752
-499
-254
27
-235
-289
156
473
341
261
299
342
247
288
578
-71
-290
-52
1099
1756
1410
-112
-141
-577
-435
-297
-146
-131
-161
29
186
214
151
273
496
824
299
449
36
-94
-336
-127
239
1735
866
-496
-554
-630
-103
-167
-41
-58
140
252
71
-18
-116
38
530
691
130
624
-203
-98
-209
-25
528
1545
-135
-508
-718
-518
-284
-182
-124
-168
137
199
147
-33
-21
-57
524
962
920
543
-143
-125
-290
-22
1183
2050
279
-519
-624
-267
-203
41
-53
-38
18
-24
112
-20
93
-4
312
563
566
364
-93
-129
-301
-15
1419
2179
81
-323
-76
-46
275
45
-81
276
529
691
844
928
137
-249
77
328
83
408
-54
-143
-359
-72
1702
2365
-29
-4
-266
-238
-369
-641
-322
176
722
1001
570
-217
-867
-819
-262
211
689
946
-39
-129
-288
79
2156
2779
-26
229
390
860
-9
-221
-158
145
474
614
817
-94
-647
-104
732
680
841
766
-347
-123
-245
182
2138
2050
-93
-25
54
-556
-918
-472
-63
1265
1569
686
-133
-778
-1158
-519
125
550
1231
968
-428
-102
-309
-49
2818
2583
-133
78
-2
-545
-854
-508
271
1306
590
368
229
-528
-345
-35
569
558
1169
742
-446
-69
-229
-59
1554
1093
-377
91
-239
-775
-775
-241
776
1231
-41
-431
-385
-776
-614
-73
930
595
1143
439
-577
-70
-241
553
1517
1374
-346
-328
-221
-346
-328
309
369
255
-211
-170
-47
-168
-428
-213
382
260
939
75
-374
-81
-199
-63
1197
1354
-434
-1006
-509
75
655
569
-351
-9
-372
-478
-37
192
213
204
254
388
1008
-27
-243
-65
-8
-204
716
649
-358
-832
-99
546
1131
-30
-272
227
-389
-231
216
527
335
118
178
484
467
462
291
-25
-138
-257
61
128
-196
-320
434
860
322
-386
34
997
-391
-677
-235
-116
-3
-64
278
366
-15
-132
-274
21
-125
-177
178
742
734
-107
604
788
-458
-643
-320
-144
-751
-557
23
319
28
-39
317
108
484
758
490
34
-289
-430
-107
481
704
-9
246
-30
-80
-2
624
959
-23
-119
115
396
293
84
-4
62
423
33
461
48
-331
-423
211
1396
1133
-236
-182
284
133
-451
-254
327
-204
-261
-164
-427
117
653
288
471
1563
1416
750
30
-346
-479
3
1241
1680
-175
-182
565
-244
-597
135
944
310
210
-67
-167
684
509
177
874
1308
495
199
-8
-413
-487
-13
1122
1357
-489
-341
167
-449
-642
-28
74
-540
-602
-668
-91
839
23
47
1527
2128
241
424
-26
-463
-444
-112
1257
2143
-396
-385
-221
-270
-282
159
342
-102
-95
197
953
599
-151
281
2114
1272
-149
-107
-75
-462
-383
-323
827
1845
-481
-583
-474
-235
-339
-141
-24
-33
132
847
1011
-4
-6
983
2534
565
296
1162
-556
-349
-194
-199
1516
1751
-563
-791
-484
-352
-310
-175
192
115
280
438
202
124
439
668
1693
220
-51
1103
-6
152
-55
-13
1092
182
-551
-46
-34
101
626
544
477
150
41
26
-144
-67
-61
343
195
-634
113
-489
31
97
84
103
93
45
52
23
5
6
100
166
215
319
253
146
276
243
192
190
66
77
105
247
579
1034
922
915
1166
581
668
570
662
849
497
333
427
200
15
262
127
130
134
20
27
21
3
11
363
611
267
1283
332
30
1288
907
25
198
199
95
4
9
147
204
346
371
492
917
1217
782
661
1136
321
483
815
773
624
1407
605
5
355
191
68
153
104
192
173
30
5
0
77
7
32
437
579
123
380
642
400
588
1285
452
786
997
17
39
7
54
349
287
257
319
133
81
166
133
382
366
1
21
355
715
407
1017
8
115
10
63
205
561
372
496
288
314
268
60
113
75
18
133
210
37
266
831
366
473
718
686
1275
1531
19
117
509
343
123
148
314
65
124
611
751
643
654
119
2
111
662
505
351
691
552
414
1422
1176
809
871
932
957
776
505
325
484
557
600
692
663
575
556
493
27
54
352
310
701
682
609
572
164
305
650
526
295
428
660
576
692
856
667
185
275
455
513
779
1190
523
1
346
715
467
499
500
307
932
1503
1479
1340
903
636
914
396
483
1020
1256
1044
1182
824
891
1411
1323
658
324
556
403
793
1275
1104
1140
723
6
27
64
268
183
648
492
77
46
143
0
254
396
59
81
27
359
689
231
961
748
489
207
80
39
14
73
841
1296
1623
775
4
13
104
119
130
781
1130
862
870
297
582
545
1091
1721
1247
381
916
1000
129
978
1039
288
20
402
771
632
1938
1017
57
4
797
1063
464
360
659
638
1418
203
54
1434
939
47
54
88
622
676
1512
1075
3
47
89
880
1283
444
1015
1190
248
351
671
17
1045
1827
1452
560
25
359
392
18
116
1103
626
4
207
396
139
70
28
410
667
897
953
402
495
704
480
27
421
894
267
19
28
84
74
1147
470
38
13
6
15
221
470
532
1017
1049
853
265
669
1175
939
24
220
973
333
137
2
631
770
187
659
1017
269
8
65
6
261
324
699
521
130
410
719
12
409
925
2
91
537
15
9
788
909
957
900
456
293
205
23
288
413
499
1134
580
14
318
726
637
1322
947
403
692
688
853
1591
1152
22
51
28
784
1657
1094
821
702
496
758
354
874
794
286
680
826
30
108
3
134
786
1702
1242
11
1260
1821
695
51
69
1127
1339
608
778
872
813
384
13
382
638
558
772
847
420
418
1762
1595
582
3
49
26
19
574
13
114
585
1385
794
556
482
337
648
332
679
605
690
856
1
374
201
100
398
1651
1081
385
314
664
1972
1589
39
178
590
603
377
128
68
390
657
531
588
311
541
731
216
366
300
47
50
14
19
130
95
329
52
23
215
159
999
790
1267
326
513
565
704
994
643
373
773
724
206
283
272
152
240
103
37
40
230
384
117
277
1160
867
46
371
564
557
655
771
278
119
745
1028
288
216
732
594
361
215
0
77
631
1096
703
860
1268
508
976
428
624
544
627
987
471
3
503
1107
715
4
27
25
25
28
21
595
951
785
554
875
1357
891
5
634
1196
1032
886
886
265
976
594
603
1397
791
214
201
297
262
539
1315
288
20
1134
2107
1703
717
319
8
163
643
737
1014
1181
786
296
48
653
1603
1169
908
904
1204
1708
983
1105
1712
354
421
686
16
14
895
1857
2730
2586
1927
939
268
-23
-294
-464
-409
-280
-88
29
222
-40
-223
-412
-537
-464
-499
-645
-721
-464
-332
-183
-92
-41
-100
-138
-45
-84
-206
-317
-210
-5
344
957
1234
863
650
-164
-367
-490
-600
-744
-737
-370
-141
491
995
1124
1044
-12
-263
-178
245
845
1398
1552
1369
1815
1889
2443
3002
2172
1474
982
518
-111
-302
21
-146
615
913
1381
1186
151
-324
-480
-163
168
1145
1165
1108
1163
1268
1693
2246
2318
2394
1749
1231
66
-308
-110
-165
481
1012
1627
1759
1516
253
-310
254
594
972
1142
1282
1072
980
1039
1274
1699
1924
1774
1556
361
-299
-279
-167
502
919
1315
1439
1394
954
-111
249
656
659
976
1070
1023
1022
861
760
848
1278
1637
1827
1179
-67
-143
-166
545
868
888
809
596
670
-43
385
820
817
911
996
1002
1028
1048
915
720
751
1030
1492
1537
696
142
-158
505
816
1116
781
606
-202
45
540
830
872
947
1047
1024
1033
1084
1060
914
728
851
1419
1762
969
756
-163
482
891
1143
741
773
-488
-52
458
806
892
1024
1058
1015
1033
1019
967
879
802
720
723
1095
564
652
-165
444
722
895
514
421
-664
-374
-317
-165
-26
582
828
698
411
-34
-59
-173
-85
241
763
1155
626
307
-164
467
746
1041
537
-46
-972
-354
-324
-194
-262
62
539
412
242
-155
-172
-369
-159
425
474
1345
1046
457
-162
479
997
1525
735
627
-611
506
-64
-267
-427
-57
556
1056
1288
489
441
-83
-86
519
359
922
1063
563
-164
492
904
1402
1153
1204
-760
-176
-514
-384
-333
-92
134
586
241
-176
-224
-192
-132
67
306
712
1189
781
-168
476
925
1445
1061
1074
-624
1394
1538
634
258
233
333
613
671
1205
768
647
274
223
405
939
1340
1225
-181
369
742
1257
1350
1369
-77
2159
2729
1616
1445
825
936
1491
1899
2553
1957
1843
1468
975
766
882
1495
1460
-175
601
1308
1672
2094
1593
-49
432
1789
1686
1582
968
863
1376
1063
1436
1688
1639
1473
996
838
780
1220
1470
-153
588
852
1360
1764
1730
559
-14
600
1072
1057
802
749
954
545
379
790
1085
1161
922
827
684
1086
1046
-169
453
1064
1288
1711
1604
1054
479
612
850
627
417
253
714
553
409
618
935
1044
891
790
641
945
117
-180
562
1112
1263
1281
1189
693
401
486
457
246
161
112
344
158
273
661
749
910
880
785
750
717
1
-162
524
1044
1039
874
620
-24
-5
359
402
719
982
814
511
506
469
941
906
778
815
707
625
38
-339
-176
548
1002
1043
972
997
60
-147
550
767
350
738
1248
944
576
412
540
977
879
659
552
5
-267
-336
-183
465
863
1317
1689
1465
158
-129
723
540
-183
-175
54
74
-5
-12
-59
319
860
696
497
724
305
-114
-193
495
858
1234
1104
1386
-54
-144
529
1207
826
118
202
405
383
639
332
57
467
503
783
217
-63
-603
-165
595
922
1253
1423
1791
539
108
614
1193
1848
1515
1098
977
980
1247
1129
628
556
416
634
-66
-297
-585
-163
567
892
1166
1271
1491
470
260
500
478
1295
1774
1529
1134
714
817
930
897
682
441
310
-5
-138
-563
-176
543
910
1148
1069
1451
650
471
943
371
707
1334
1628
1560
1225
1045
793
713
441
373
404
165
-419
-660
-335
-291
-199
-64
299
454
-107
-330
329
-108
-245
-207
-25
154
160
54
-41
-99
-166
-136
-390
236
-517
-967
-439
-620
-634
-537
-465
-351
-362
-574
-288
-324
-447
-516
-482
-429
-382
-385
-300
-326
-420
-157
-258
325
1099
174
47
486
1214
1474
1415
1672
496
250
277
627
712
907
930
848
947
903
738
877
960
969
941
864
932
903
21
1364
494
779
874
1472
148
418
306
329
450
935
654
1036
1263
531
468
638
839
1099
535
601
911
706
360
1367
184
657
579
750
560
146
927
663
831
1125
587
1370
1654
688
623
506
808
1137
434
504
671
704
394
1315
409
757
103
10
369
264
996
916
1266
1215
789
1269
1408
954
913
712
909
866
548
697
675
830
403
1347
604
1251
159
460
275
148
793
619
1262
1251
1069
1057
1004
940
975
933
806
582
469
430
859
1109
418
1349
524
1283
606
453
326
58
677
477
872
1125
1052
1021
934
930
960
945
718
473
464
170
527
1112
392
1346
446
1022
884
339
314
92
356
592
710
928
913
938
966
924
896
845
750
744
590
442
253
889
391
1347
330
832
854
632
429
268
194
575
718
837
826
864
960
840
807
767
833
861
775
325
27
674
402
1329
361
1081
829
805
877
407
174
624
733
831
825
836
892
782
755
773
800
922
764
244
4
500
407
1335
249
1161
751
498
1300
200
866
1137
1081
892
848
915
1077
1254
1259
1347
1236
1121
907
221
28
432
399
1349
300
1028
16
377
1953
196
1236
1404
1338
508
590
724
1039
1443
1617
1864
1753
1224
709
70
97
247
395
1354
449
1312
296
839
2301
2
1647
1601
1231
46
190
358
656
1195
1307
1552
1702
925
309
173
295
148
409
1354
437
1546
164
1048
2639
383
1556
2099
1154
136
214
115
477
936
849
900
803
461
104
640
270
428
417
1371
562
1658
19
479
2392
1171
303
1828
1020
248
354
120
628
785
1080
1014
714
176
81
796
142
357
411
1413
429
1349
265
194
1607
707
13
1266
1074
979
12
207
529
729
1259
1591
1657
769
432
837
185
239
422
1354
462
1004
115
254
1392
332
506
1115
1283
1291
605
333
60
338
986
1373
1661
1221
924
973
151
163
415
1396
631
1171
314
117
1229
359
508
1001
1251
1111
802
620
124
285
549
1106
1077
1068
1096
995
118
56
404
1417
517
1210
914
310
723
110
418
1012
1151
955
648
803
584
507
593
840
903
896
1021
858
500
11
411
1411
399
1078
1090
267
210
58
338
813
1181
899
434
1064
970
465
439
494
754
847
918
750
701
307
419
1377
343
977
721
158
174
187
421
789
943
510
33
1433
1532
560
88
53
640
784
748
479
515
507
410
1405
397
1030
572
131
914
459
684
1253
956
703
70
1475
1810
1030
244
53
430
649
718
481
147
128
416
1429
326
1193
1132
275
1642
682
629
1324
980
1415
1022
1686
1847
1220
1033
478
216
589
742
849
38
944
422
1415
241
1075
1337
921
1687
889
107
616
724
1527
1605
1742
1919
1261
1792
799
178
589
754
1144
160
1129
444
1391
216
913
1376
1179
1310
1085
367
100
302
833
1757
1762
1505
1037
1924
1011
277
389
886
1027
385
552
435
1386
273
836
1154
1434
909
1373
417
210
120
270
1518
1889
1290
808
1383
1138
552
139
1002
498
247
138
422
1408
291
856
1161
1281
810
1170
592
250
124
430
1129
1743
1240
927
1025
1011
776
408
1097
317
228
682
459
1437
404
1045
1385
1323
625
714
593
323
37
595
945
1370
1110
940
929
836
799
934
1349
1089
568
155
321
1259
139
584
1086
1179
239
180
303
334
180
159
456
678
555
576
424
227
441
1113
1203
693
102
185
-257
-94
-41
-244
-149
346
645
489
224
265
211
421
426
477
465
408
327
12
246
377
126
172
544
466
981
112
79
774
428
-943
-604
583
666
645
743
299
555
457
458
711
637
721
-110
-150
505
201
-325
96
32
-32
-388
-595
-747
1599
720
-791
148
274
374
531
437
638
504
383
449
542
971
680
-125
-75
972
1
-97
-184
-485
-157
517
-104
-310
770
155
145
490
618
415
447
201
74
128
294
68
-125
307
-5
-75
541
-37
-313
-273
-119
-551
195
811
-85
-110
510
346
293
297
114
476
432
147
137
449
682
805
486
-149
-201
-21
-188
-312
-121
-1003
-289
113
-112
738
3
327
17
-12
179
95
12
34
-77
-72
119
-53
107
401
702
-81
-209
-416
165
69
-842
-391
-117
-314
-81
-140
78
93
-138
-17
54
-65
-31
-138
-280
129
658
631
-323
-34
-270
-494
-296
-75
-693
-280
-131
137
-27
-164
-268
-139
-76
-298
-315
-287
-210
127
-49
-326
-655
401
836
-63
-224
-560
-895
-730
699
-376
-288
-196
-110
-26
-85
-305
-181
-249
-386
-294
-93
-172
-42
128
-25
-460
283
-80
-199
-398
141
-502
-741
-256
-464
-310
-328
-245
-228
-312
-725
-516
-276
-459
-412
-90
-240
-124
287
344
-121
-83
-207
-456
-297
-93
-281
-12
664
-278
-239
-379
-515
-211
95
101
-10
314
-447
-497
-96
-491
-385
482
445
-39
-214
-539
-510
-531
566
-873
-1645
418
329
590
234
-418
-642
-1164
-644
-364
226
807
874
943
-150
-9
-36
-89
-196
-341
46
-637
-464
1328
2113
-359
-202
-258
-491
-755
-118
505
686
1222
680
-508
-441
36
-66
-315
171
-57
-264
-514
-328
-614
264
-245
-664
482
645
269
438
-160
174
-574
-480
-6
819
1502
-87
-314
-59
-177
-46
-86
-339
-386
1445
-195
-607
-251
1200
870
257
-82
-234
-377
-762
845
1236
557
-68
-111
79
-327
-135
139
514
-62
-212
-899
-588
75
1137
245
-16
167
-45
-207
-215
-161
-110
-203
268
468
571
297
-28
-237
-168
-300
313
-90
-120
-60
-456
-384
186
562
-108
369
324
-190
-895
-475
622
48
-197
183
41
-195
-209
-397
-117
-340
434
-89
-586
-309
334
-341
-394
366
-340
-531
-595
-280
-306
-82
-217
-278
29
-251
-157
-207
-359
-440
430
-426
-110
-73
-218
-261
-19
-252
-360
-268
-284
-350
-533
-911
-963
-459
42
1037
97
-418
-307
-464
-391
-527
-270
686
-255
-82
-304
-588
-404
21
-290
-116
-735
-818
-838
303
1716
423
-833
-812
-43
955
-482
-469
-336
-367
-386
238
-122
-94
-299
-267
-142
-219
-626
5
413
-468
-916
-760
-744
243
530
639
-740
-367
1189
-206
-414
-350
-99
244
1002
-126
-187
-313
-392
-205
-605
-442
-716
461
1960
1082
-181
-21
616
327
-50
-846
-704
230
-65
-258
-232
-208
86
-78
-170
-467
-435
139
18
36
-16
-195
-447
-480
627
466
-133
453
1367
-81
-611
-215
-102
-182
19
-299
608
-166
-152
-253
-321
-115
-346
87
260
-486
-94
976
25
-71
51
-538
-359
830
807
-456
-592
-452
-302
-173
-9
-93
-229
-328
-476
-162
-78
-317
18
121
-77
284
1263
611
-32
-141
-27
-258
-336
-373
-620
-458
-292
-254
499
-72
-199
-329
-362
-121
-409
-305
-28
276
-273
-493
-378
-79
454
538
0
-463
-433
-791
-543
-448
-6
-61
-177
4
-125
-243
-422
-204
-203
18
-754
551
124
-172
-147
174
104
-271
-434
-576
-874
-353
-101
-585
-367
659
474
-15
369
-81
-158
399
-35
-400
-6
-117
1339
206
90
-28
-7
-42
-329
-301
867
-144
-1234
-208
747
632
107
-19
1968
1438
1811
1581
1405
426
352
-18
5
141
279
122
-6
368
65
-4
352
492
194
195
171
-20
-31
337
2252
1313
1115
1374
-14
1017
-130
-83
-50
-26
80
-3
621
27
423
-18
-68
503
98
-127
54
-43
-36
240
1843
351
525
895
-75
-64
-164
-19
-45
-24
243
540
230
441
455
-49
-71
-50
-109
-102
-130
-89
-104
259
1791
362
703
260
-95
-113
-102
161
294
621
622
283
773
827
214
354
-12
-6
-107
-82
-125
-134
-89
246
1817
403
743
515
-4
-180
271
774
424
824
687
787
679
661
421
412
202
5
-3
-103
-109
-90
-97
277
1825
508
897
410
201
-88
180
719
982
915
703
746
470
604
474
540
343
444
19
-6
-54
-183
-66
283
1794
463
1080
174
871
-128
562
977
836
809
771
667
547
511
520
446
304
468
332
-1
-76
-158
-83
290
1743
581
615
231
523
-121
598
838
929
684
815
688
661
433
667
361
355
410
442
315
-54
-48
-167
276
1731
502
575
622
-33
-114
533
991
708
801
750
574
804
441
653
346
463
384
476
263
1
-131
-94
264
1784
513
569
68
-56
-172
690
902
676
776
629
674
700
652
845
555
449
268
408
365
125
-63
-130
264
1774
579
116
382
-157
-223
788
417
-5
188
375
989
811
848
778
562
765
147
-14
456
289
-20
-138
274
1796
445
243
451
-285
-243
935
793
430
-7
517
1044
848
920
936
417
361
929
-1
421
74
16
-174
257
1857
431
165
210
-300
-250
-4
148
-42
-69
445
949
1222
238
211
-51
-35
-36
543
480
139
600
-204
268
1803
481
400
679
-296
-311
1603
-119
578
-41
452
704
972
193
-44
186
-52
-2
294
779
318
341
-176
254
1866
571
265
564
-263
-175
396
83
194
222
611
470
1069
477
-29
60
0
412
589
772
353
653
-182
252
1889
511
286
744
-263
-176
518
669
586
521
987
532
932
53
462
585
182
333
707
684
178
514
-122
321
1876
248
698
282
-142
-166
622
801
802
596
890
547
668
157
821
564
493
606
397
562
203
363
-46
243
1807
809
265
720
-71
-96
698
1023
838
1170
359
668
448
242
505
757
711
322
459
244
540
201
-45
329
1869
466
886
396
-14
-30
731
867
970
632
287
884
631
61
453
374
784
567
376
163
778
-34
489
260
1937
494
711
530
-26
-42
348
826
1067
805
524
159
743
453
802
316
512
491
629
325
218
314
-51
264
1890
543
521
452
-46
-169
-36
1130
486
713
936
852
336
700
325
1115
197
223
665
243
727
-122
103
248
1905
412
674
246
-35
-225
-96
878
792
650
30
-47
-16
-10
155
179
861
214
505
385
-43
362
-226
248
1945
251
829
513
-67
-247
-138
-28
1382
99
1314
179
554
-7
159
628
413
628
362
372
-40
288
-279
220
1989
291
906
200
138
-258
-170
115
888
158
310
484
1
492
155
607
605
752
412
24
437
-182
-232
268
1891
414
867
416
13
-178
-144
-35
349
872
401
377
685
525
412
784
767
442
536
-41
1232
-321
-119
306
1821
494
779
399
563
-205
-36
-38
282
731
627
654
463
589
640
515
831
352
727
-7
155
-294
-154
179
1553
79
567
217
483
-221
37
-77
-19
544
527
376
393
244
170
350
301
319
233
-8
-54
-310
-126
-19
1249
-4
416
-13
700
-81
-40
299
-34
188
460
234
453
-2
207
598
-45
426
268
402
-48
-131
-24
1183
1569
692
-11
-57
-6
444
48
41
327
500
754
1135
995
528
536
576
291
181
232
149
104
-6
232
903
2292
920
127
-1
621
745
644
832
1242
1410
1449
1673
1263
687
580
730
639
235
26
280
152
-8
-2
806
2057
683
-17
-36
166
977
638
939
1240
1350
1451
1594
1379
881
987
1118
549
176
377
196
141
-1
207
725
1784
663
141
-5
168
1136
1647
1821
1932
1521
1352
1569
1403
1059
1026
1152
1014
639
39
-1
274
148
6
731
1888
887
-1
63
202
1150
1562
1664
1307
1191
1182
1297
1432
1302
1112
1126
958
584
376
185
183
-7
26
729
1878
1124
297
169
473
1178
1579
1113
1459
1314
1251
1176
1122
1071
943
962
1021
821
324
165
207
-2
102
707
1871
1140
332
-5
398
1104
989
934
842
981
1007
1141
1062
1019
972
975
1064
896
392
206
294
-4
-1
715
1904
1098
128
-17
451
871
1101
956
1038
1050
1087
1019
1002
1005
1034
944
905
846
427
-1
229
-9
121
708
1838
1021
113
-18
382
804
630
718
876
827
790
935
1132
1133
807
633
778
753
527
151
42
6
49
717
1840
745
-14
-22
236
147
-27
-14
32
537
727
659
215
-13
-17
-10
-14
244
520
359
162
110
197
705
1796
632
117
45
357
648
28
-1
168
562
880
587
707
747
621
393
605
629
737
484
31
-10
63
684
1719
542
68
78
538
457
-64
-43
-30
404
1232
1329
607
62
-31
-55
-70
57
1200
654
14
-6
92
718
1820
720
340
392
-2
874
419
310
-3
-5
882
1166
625
458
435
9
-14
449
673
652
77
133
164
721
1741
645
455
396
124
1643
750
937
824
559
670
1269
1314
1399
1101
1017
503
781
1418
641
200
65
-6
708
1756
740
387
650
208
1461
1710
1477
1292
604
194
1016
1190
1476
1751
1416
487
207
586
533
257
202
-10
736
1853
901
803
1027
382
1276
1628
1397
1051
643
451
526
779
1256
1720
1700
1100
480
537
365
455
399
-11
763
1899
1043
723
853
344
830
1524
1336
943
860
768
631
296
1058
1735
1586
1138
700
643
478
529
455
-2
786
1915
1266
635
661
190
216
863
825
296
289
668
699
-5
-11
799
1151
929
614
536
653
696
846
56
767
1924
1190
755
294
122
109
396
704
429
-4
333
512
-10
87
482
869
989
793
715
776
704
469
-7
811
1950
1190
652
-20
-27
59
451
656
617
392
815
1483
1094
328
87
422
762
834
787
522
202
-37
-3
772
1883
1126
754
-5
-3
736
1287
788
-8
-28
-11
622
-16
-19
-5
53
855
1090
904
230
-49
-36
437
738
1907
1231
802
80
-34
447
1054
574
65
342
627
482
510
-7
-5
633
830
967
811
198
-54
-17
158
747
1846
1249
1004
202
20
510
1033
1296
307
491
1033
1283
716
1157
1401
1100
834
596
674
148
-46
-50
625
748
1788
1179
1042
646
129
42
321
1174
476
-3
51
157
538
812
501
268
468
618
436
-1
-11
-10
312
725
1827
1211
965
389
-12
-5
-7
929
1601
1207
1554
1874
1489
1374
1096
439
290
367
320
73
-8
-8
351
718
1825
1179
877
580
373
151
-2
188
1019
1121
930
873
795
739
558
613
620
32
100
77
57
112
368
606
1565
986
826
269
-14
156
30
-8
464
1084
911
925
613
333
341
509
302
169
364
222
-5
258
560
414
939
559
478
197
251
132
175
116
301
804
1014
799
486
280
306
351
430
321
148
136
46
435
298
1261
445
13
-123
44
527
-320
-315
25
-66
-143
-12
46
205
366
87
-295
-468
-501
-429
-374
-302
-144
-8
-584
-1115
-883
-672
-142
-519
-524
-139
-127
-479
-157
354
224
-5
-67
-493
-648
-562
-406
-416
-646
-492
-540
-89
90
-247
-174
316
390
1182
-97
-279
194
1419
925
358
30
-87
-95
1000
1547
638
1258
715
-2
-237
-102
109
187
8
535
915
-53
-539
-198
445
860
186
186
-243
-409
-288
-197
217
545
1374
237
189
786
369
-24
669
194
-64
-90
48
-145
-144
1039
817
-174
-332
-437
-491
-311
-151
-100
-400
-240
-73
224
203
-75
211
627
-262
194
0
-135
-172
-117
-124
103
-140
-239
-517
-359
-91
-18
-168
-374
-464
-387
-420
-201
86
174
-68
-399
-19
143
-37
-130
-680
-669
-84
495
-310
-237
105
-19
-68
-30
-82
-91
-105
-311
-243
-310
-93
825
-100
-24
376
259
57
-148
-57
674
567
-27
-105
-19
-20
20
-5
139
145
-12
52
64
-100
-183
-111
-294
437
410
189
252
152
124
486
912
-40
-252
-82
-94
2
138
304
69
132
39
-87
-34
-22
-63
-167
27
36
-52
138
208
-5
15
-37
-8
471
-328
-189
37
104
-82
-68
-44
-237
-139
-157
-46
86
373
215
86
-111
232
-251
181
14
481
754
-64
16
-284
1261
1057
1016
908
324
36
64
257
1185
1579
1452
712
1018
473
382
-440
378
224
-12
142
648
82
904
1546
1401
1245
1514
759
-35
129
731
2020
1165
269
1798
2219
-74
-359
-54
728
648
188
-16
-53
66
495
528
16
-216
-70
-91
49
358
-253
-587
-421
900
1401
-276
-509
16
-214
189
237
-180
172
-59
-45
-75
-40
157
249
933
293
244
590
387
-230
704
904
227
-315
854
21
-234
157
-287
-136
824
217
-13
-181
-83
948
478
559
695
47
-97
-405
-133
186
748
1117
-15
-112
-448
-166
-84
32
304
53
139
221
230
840
1083
280
-73
-436
-736
-251
-535
-483
-166
468
120
-535
-424
-315
-365
-395
-109
100
-5
441
390
179
-91
-152
-126
-91
76
-344
-241
-518
-486
-293
-82
206
283
-496
-415
-272
-588
-176
-37
-8
171
875
-44
160
-155
-310
-398
20
6
440
-468
-444
-90
357
57
-381
-517
200
550
-198
-40
-21
107
-99
-32
-222
-130
145
58
330
24
-379
-615
-157
-1
90
241
480
664
454
1091
1636
317
175
244
38
-63
-83
-22
-36
-30
216
9
-63
-325
-309
-7
1047
284
278
1143
1722
1231
1117
788
-454
656
791
-59
115
214
226
120
96
242
220
-35
73
237
1251
2238
-94
-52
28
-315
-300
142
-114
-660
-441
-495
761
496
-55
-48
310
711
1511
1751
239
46
-3
223
350
-166
-115
720
267
50
38
340
115
283
1080
680
-16
944
-18
-226
-204
358
848
-785
300
148
-64
-182
-470
154
649
477
627
1961
1458
1010
1464
1657
794
153
-328
-726
-134
246
-209
-481
-350
617
201
-10
7
-134
-193
464
577
200
-78
-79
-52
-82
-54
-501
-504
238
-268
-372
296
-99
14
-36
-264
19
177
-68
-20
71
168
397
721
162
372
-521
-154
-301
-342
-240
-141
-536
-323
429
328
-22
116
-167
-48
562
230
67
8
315
734
177
-108
464
271
-493
-660
-150
2
-86
-202
-432
-75
-25
-133
267
483
-23
304
370
173
-31
-165
-112
-227
-246
-288
-140
14
640
-181
-343
-403
-430
-391
-30
321
-220
-276
748
1050
335
745
839
-136
-23
668
348
152
31
-285
107
678
348
157
-27
51
625
870
1042
768
975
1278
860
109
648
817
-439
869
2052
2259
2134
1521
1396
923
735
370
159
760
1850
2207
2084
1600
1460
679
13
31
112
122
339
393
124
71
593
436
399
-188
-425
215
998
931
1162
1142
253
-87
-42
254
727
1292
1702
1464
811
166
-40
-31
-48
-90
-21
-138
-115
-21
66
294
125
648
615
459
119
-89
-52
114
-39
-23
524
746
413
28
-94
-41
-161
-24
-11
-58
267
987
828
343
375
-14
-165
-302
-256
-151
-119
-145
-126
-167
-124
283
627
653
934
1242
417
-37
176
173
479
497
174
354
334
-45
-191
-181
-71
-47
-77
-196
-253
-261
-258
-220
-9
533
262
-206
-233
-84
151
154
267
216
-36
388
101
-89
-152
-113
-164
-160
-167
-173
-129
-106
-116
-134
-112
-84
-63
-301
-335
-83
77
-9
-77
-264
-226
-12
-166
-252
-136
-67
-180
-220
-177
-106
-30
-49
-151
-218
-224
-332
-324
-167
-156
-64
116
-222
-528
-775
-166
-74
-281
-98
15
77
226
186
27
82
238
40
-15
17
-64
-88
114
174
267
-94
-7
-99
-101
-391
-309
-149
-136
-159
-205
-133
-93
-51
-32
-29
-78
-49
-59
-120
-131
-53
348
64
-40
-75
12
-82
-12
-240
-228
-139
-206
-339
-505
-332
-211
-171
-180
-403
-550
-413
-170
-210
-177
-103
-55
-81
-199
-70
78
-79
-82
-244
-329
-306
-618
-720
-668
-373
-117
-94
-177
-408
-487
-432
-397
-432
-269
-70
-85
-113
-73
-87
-27
-29
325
-251
-479
93
385
947
1761
1420
699
145
51
711
871
481
433
282
-6
-170
-229
-340
-293
-58
131
-93
-129
-269
-151
173
-519
-468
-336
-376
-220
-82
-104
-317
-414
-423
-476
-219
-68
-12
163
124
181
-62
126
-31
436
648
478
648
228
965
920
513
-52
-101
-8
375
990
1154
552
-21
-6
85
206
278
645
-72
29
-129
-69
64
-8
759
743
289
-59
-14
-24
-54
-31
111
749
888
778
769
471
27
-49
-152
-81
-3
223
17
-106
-249
-272
-89
23
326
274
-27
-112
-223
-96
141
-86
-98
-115
-223
-289
-305
-135
-84
-353
-63
6
-57
23
-87
-71
457
-33
-116
-149
-71
82
86
63
-169
-292
-309
-235
-148
-113
-168
-243
-222
-215
-63
14
-37
123
305
551
535
-75
-136
-211
-196
-324
-349
-373
-391
-284
-171
-87
-26
-14
-2
-72
-203
-138
-41
121
-22
-42
-74
-135
-111
-198
-214
-250
-341
-371
-237
-261
-326
-340
-152
-16
-31
-81
-26
16
-225
-388
-31
351
-92
-307
-374
-617
-359
-175
-143
155
253
-121
313
1023
1159
580
-11
-7
19
50
-105
-357
-359
-395
-102
6
-43
-24
-46
-279
-160
57
142
-85
409
693
514
2
-132
-106
-96
-246
-154
-88
-99
-491
-926
-685
-101
-18
-53
-18
-26
-250
30
177
288
-76
-503
-909
-914
-909
-519
-179
41
-67
-104
-119
-56
-92
-248
-201
-66
53
-52
-23
161
-373
-258
-229
-124
7
845
1532
1669
1187
662
513
179
-28
-6
-54
-69
-218
367
604
-65
22
-124
-157
-51
-347
-299
-158
-168
-151
-86
314
499
412
-3
-35
-78
-152
-47
-37
-86
-235
132
-157
-66
133
-16
11
250
-95
60
395
295
406
-52
-246
-243
-143
69
-4
-76
-66
-59
-168
-214
79
673
-174
-59
109
-33
-34
98
-104
197
-92
-57
-11
219
301
349
325
80
-174
-184
-82
-50
-141
-303
-34
273
-159
-675
-760
-820
-815
-757
-824
-693
-908
-855
-621
-644
-712
-835
-912
-911
-909
-779
-566
-538
-808
-985
-788
-929
-882
-199
-396
-563
-580
-434
-263
-211
-357
-578
-758
-831
-779
-725
-685
-617
-538
-545
-647
-655
-451
-233
-121
31
301
-152
-144
-114
-61
-46
-55
-40
-109
-96
-111
-120
-112
-138
-129
-116
-116
-92
-93
-70
-70
-57
-96
-72
-76
-290
-410
-426
-287
-193
-160
-343
-338
-349
-321
-299
-267
-271
-259
-291
-296
-237
-150
-190
-245
-254
-231
-313
-263
-107
-143
-185
-171
-184
-122
81
215
-5
204
347
202
635
802
638
291
-72
-155
-123
-86
-136
-115
-56
54
-64
-78
-154
-276
-170
-184
-143
-20
706
94
-26
-66
-67
-137
-143
-90
-53
-55
-113
-116
-112
-109
-118
-156
-72
-62
38
-112
-196
-262
-218
-214
-168
-7
-7
-81
-199
-195
-134
-88
-96
-110
-86
-33
625
1028
868
151
-67
-76
-3
558
914
338
6
-41
-105
-251
-285
-218
-153
-116
-147
-164
-126
-92
-65
-154
-195
-202
-97
98
-60
-57
-88
-162
-190
-143
-155
-132
-168
-165
-126
-98
-61
-57
-50
-94
-132
-145
-121
-109
-159
-98
-121
-209
-79
-75
-43
-49
-100
-116
-107
-112
-124
-89
-68
-78
-95
-108
-123
-143
-132
-144
-143
-108
-72
-110
-116
-34
-73
-93
-125
-149
-268
-158
-167
-128
-81
-92
-110
-121
-119
-107
-83
-32
-32
-38
-64
-86
-115
-52
214
-18
-66
-71
-76
442
397
18
-56
382
612
193
9
-33
-39
-16
66
521
683
672
126
-47
-128
-168
-183
-123
-60
-65
-149
-282
-297
-117
1262
3020
3490
2707
1265
-8
84
1362
2525
3037
3188
2884
2167
1408
159
-32
-126
-117
-80
-81
-71
-98
-99
-93
-91
-123
-185
-137
-132
-106
-152
-157
-128
-129
-144
-113
-99
-149
-131
-128
-91
-66
-70
-76
-44
-22
-26
-111
-20
-1
-23
238
124
-74
-104
-99
-72
-115
-130
-151
-93
-55
-105
-165
-163
-140
-69
-80
-46
-14
652
-74
-349
-435
-222
-249
-253
-142
-59
-147
-250
-247
-164
-247
-287
-263
-151
-111
-128
-148
-55
-32
494
721
644
-65
-29
356
-7
92
842
525
-41
-53
493
438
-3
344
396
212
-11
-80
-49
-20
-78
-96
-101
-137
-80
-51
-24
-77
-105
-56
-67
-80
-108
-136
-189
-115
-89
-38
-40
-16
-22
-31
-66
-49
-78
-62
-50
-68
-24
-49
-121
-240
-311
-287
-210
-130
-65
-59
-149
-275
-352
-318
-253
-171
-81
-35
-44
-105
-65
-91
-96
-113
-66
-7
-18
-63
-108
-139
-128
-91
-30
-15
-72
-114
-85
-120
-93
-101
-54
-51
60
196
-78
-77
-67
-44
-63
-61
-44
-61
-37
530
830
1124
712
326
629
444
-39
-83
-79
-59
-61
-75
-57
-88
-69
-67
-53
-27
-18
53
-34
-114
-172
-199
-87
490
1246
722
-130
-223
-203
-133
-135
-128
-91
-3
723
618
-68
-90
-100
-134
-166
-134
-162
-65
164
444
144
-91
-130
-39
106
284
-6
-11
-44
-40
-40
195
-32
307
-67
-82
-59
-50
-103
-195
-210
-47
476
715
954
987
828
320
139
169
619
-14
-83
-51
-114
-102
-29
-43
-75
-76
-49
-64
-93
-58
-23
-4
79
-14
-7
-60
-72
-10
955
930
-31
-47
83
-31
-82
-247
-365
-297
-60
-77
-88
-91
-78
-131
-108
-194
-239
-152
-75
-12
150
-12
-102
-43
128
-62
-115
-117
-59
-63
-95
-127
-63
-67
-61
-73
-63
-95
-152
-178
-206
-297
-311
-192
-209
-312
-402
-390
-301
-192
-108
-122
-48
-8
454
-7
-69
-74
-64
-78
-95
-104
-62
207
-87
-134
-182
-226
-175
-73
-46
-46
-65
-48
-51
-106
-119
-133
-26
-84
-39
-29
-3
-7
484
670
1073
-13
67
-7
-48
-116
-123
-90
-35
-21
-20
151
719
1068
-37
-81
-8
302
576
1462
1732
1687
1691
1122
615
915
1347
1373
1358
1051
709
304
245
321
813
1456
1152
611
270
356
-155
-236
-1829
-3407
-3245
-3436
-3220
-3484
-3912
-2956
-2112
-1985
-2396
-2487
-2663
-3097
-3212
-2722
-2541
-2670
-2305
-2002
-2359
-2215
-2184
-2457
-762
-1618
-1034
-1510
-776
-1240
-2129
-1010
-939
-1060
-1245
-1329
-1313
-1582
-1858
-1196
-1038
-1220
-895
-438
-750
-739
-1093
-1528
-223
-513
322
-263
218
253
303
682
-47
-610
-650
-449
-190
-53
-468
-300
-503
-606
-322
-291
-286
-57
-773
-1368
-188
-449
578
-29
-179
717
418
187
-45
-384
-110
178
367
573
511
416
-42
-393
-197
-337
57
145
-675
-1152
-190
-456
725
257
-372
884
219
44
-159
50
446
455
437
434
511
567
576
65
-176
-481
22
281
-612
-1069
-186
-484
533
632
-166
354
135
43
185
515
575
392
416
358
361
396
713
498
300
-212
-556
240
-587
-1236
-177
-485
384
616
-216
434
213
43
475
514
381
300
342
390
316
332
466
539
622
343
-609
169
-711
-1018
-176
-546
443
612
-562
841
163
281
526
348
312
379
308
455
283
327
220
377
531
581
-346
318
-595
-941
-167
-575
532
690
-629
482
-9
523
520
345
353
427
313
415
185
383
372
351
445
579
-447
209
-329
-1065
-159
-584
551
583
-149
201
80
957
1145
979
665
463
404
516
714
916
873
765
924
779
-530
-158
-472
-1249
-166
-564
626
254
119
60
-612
263
443
486
-78
225
204
-223
-173
47
279
269
127
340
2
-251
-659
-1285
-172
-513
734
271
114
338
-648
321
440
683
-219
212
135
-31
-24
250
111
463
163
96
515
-157
-660
-1072
-189
-514
693
196
211
740
-466
220
434
642
-25
194
96
126
246
703
253
341
99
233
722
-206
-838
-1376
-182
-500
824
159
293
672
-286
-266
-893
-311
-219
107
211
169
-184
-792
-200
-53
-343
44
665
-156
-769
-1503
-184
-528
725
35
745
569
649
764
-43
409
136
543
578
822
646
-85
485
161
333
534
827
-152
-781
-1280
-191
-516
612
-100
585
-59
855
1023
908
1197
377
679
517
856
745
650
922
448
642
620
982
-43
-788
-1687
-165
-476
744
294
446
-346
583
490
559
686
415
502
294
626
608
489
439
373
511
430
763
109
-406
-2608
-132
-573
701
566
590
680
894
357
333
389
621
319
333
557
480
627
392
354
436
519
451
426
-81
-2916
-137
-558
546
464
364
1003
772
467
329
75
307
-9
270
341
-20
153
251
416
359
545
278
843
25
-2510
-179
-544
645
327
111
319
355
540
244
148
58
-334
3
370
167
-60
62
510
336
410
259
958
-45
-2296
-196
-569
653
329
380
-595
75
287
-136
731
963
547
394
627
727
631
278
243
164
418
306
453
-28
-2919
-228
-583
533
408
788
-385
651
794
-278
259
286
470
315
337
359
534
355
137
169
479
507
-409
217
-2890
-225
-626
417
524
748
-399
467
962
74
319
-78
367
78
92
-119
-16
-47
-11
416
526
543
-650
754
-2068
-174
-596
428
605
848
-266
-408
677
483
640
226
788
436
521
524
521
457
231
474
620
429
-700
1150
-2342
-149
-575
425
577
802
93
-555
527
514
624
228
499
209
279
562
626
691
463
478
753
82
-493
1246
-2065
-154
-588
391
567
715
22
11
298
487
550
503
481
283
312
454
379
438
284
323
910
-675
284
823
-2143
306
62
1145
1407
1373
501
1150
584
853
730
845
1008
912
925
894
821
905
535
552
1353
-1027
1082
858
-3408
1852
2912
3969
4199
4433
4268
4871
4377
4355
4052
4015
4157
4054
4076
3947
3900
4063
3841
3904
4654
3145
4351
4010
451
-100
1849
-26
-45
-162
-500
-799
-61
449
-8
-20
-127
-257
-276
-125
-210
-225
-97
-99
125
189
-41
414
156
278
4173
907
838
2181
3673
2506
1963
-67
-47
-70
-57
-13
155
123
535
977
905
899
476
716
1197
1731
341
-4
3816
590
1103
851
-13
324
1295
391
90
88
-73
54
20
-96
-136
-155
-85
-25
-24
320
609
1839
303
58
4036
193
-46
1293
1415
763
109
-120
-139
-140
-127
-88
-129
-39
40
-49
-59
-28
163
203
-18
1327
-3
-4
3970
593
-57
-36
375
118
-19
-87
215
-71
-117
-117
-94
-91
-46
-10
-56
-57
-11
305
712
2237
935
33
3934
501
1479
2655
1222
654
527
-59
-134
-123
-83
-65
-42
-48
-57
-55
-30
-17
65
9
317
1204
-76
43
3955
252
603
607
1453
615
115
-34
-48
-29
-27
-6
4
-8
-15
-17
-17
-2
321
-108
267
1560
302
10
3947
274
1433
1543
2492
1446
173
-36
-40
-25
-33
-31
-13
-10
-10
-4
25
-17
560
869
1184
1593
149
38
3933
506
1464
803
1688
1788
278
16
18
-12
-12
-9
-22
83
142
150
45
142
349
86
718
2352
320
22
3956
1009
2499
3012
2281
1815
-103
-222
-182
-99
-26
37
-16
-61
-140
-193
-248
-176
-60
-98
65
1448
306
35
3977
815
1347
3642
1788
1674
-92
-107
-95
-77
-57
-43
-76
-174
-222
-238
-158
-140
105
982
1517
2387
1084
48
4017
1389
1474
2988
1718
2778
366
-79
-37
-65
-3
60
254
774
1190
608
789
-47
-114
298
1034
2496
1059
24
3972
1218
879
2189
1451
2536
-139
-306
-197
-70
162
147
110
-95
-279
-364
-286
-49
9
581
469
1179
907
29
4047
1391
1383
3673
1199
1417
-139
-13
-199
-133
-93
-40
-137
-233
-233
-133
-238
-225
-80
589
1058
2356
1471
33
4069
481
-172
1412
52
1870
-142
-176
-207
-22
37
278
540
290
-29
-153
-57
-41
-22
573
513
1467
1006
-7
3900
752
1321
1829
-17
1462
442
93
-8
-31
-27
58
-37
-14
-26
-21
-26
-26
-8
497
383
1638
294
105
4189
339
285
1322
-50
307
-56
-124
-67
-34
-4
113
-70
-41
-145
-144
-95
-47
-5
308
198
1188
-163
-14
3971
79
-6
583
945
616
8
-56
-79
-62
-8
11
-18
-21
-60
-52
-32
7
140
301
432
1340
1009
46
3989
221
289
316
340
403
173
128
71
-12
-68
-177
-182
-57
2
-17
-22
80
166
149
-28
-97
-6
93
3930
271
714
1652
1663
904
134
-57
-61
-112
-115
-38
123
-79
-68
-9
-5
-8
-8
625
1318
2093
1471
49
4026
138
72
761
714
1594
103
-60
-2
-17
-145
-134
-136
-104
-37
-75
-22
-2
125
767
697
671
-102
27
3971
219
294
1513
1127
2320
1087
-32
-269
-270
-264
-217
-266
-269
-173
-36
-25
134
175
1130
974
3210
2948
58
3964
230
285
1534
275
2650
1009
232
-31
358
-224
-244
-134
-148
-134
-120
-16
267
304
1775
878
1918
1531
45
3889
170
162
1456
-2
1992
1051
409
-60
-101
-207
-224
-133
-52
533
10
-42
159
560
1558
902
3103
932
16
3976
101
156
2432
2603
2101
1338
424
-79
-176
-99
-105
-189
-203
-119
-52
-23
148
1246
1987
1467
3132
97
-2
3991
120
156
524
-236
1129
836
399
275
-31
-98
-90
-99
-50
-11
-9
68
259
974
620
1890
2720
1245
1073
5263
1384
1343
3016
2906
3637
1423
1532
923
325
270
544
832
1030
1082
1164
864
495
1772
1066
3124
5156
3053
-855
1795
-65
-56
-69
-369
242
303
-144
308
115
-8
-56
-105
-63
-58
-63
230
307
652
-200
333
-370
-603
-70
-57
-59
-63
-16
14
-126
-229
-73
-201
-235
-49
-226
-327
-300
-267
-172
-321
-154
-38
-158
-9
710
418
-190
-240
-238
-201
-224
-111
-203
8
398
-22
-296
-287
-252
-196
-200
-338
-323
-214
51
621
-286
250
1689
1008
-214
-288
-238
-252
-303
-215
-254
-283
-283
-223
-172
-132
-121
-57
-119
-246
-279
-305
-228
761
587
-138
1272
1324
-209
-285
-255
-220
-290
-350
-283
-203
-187
-148
-131
-137
-103
-162
-185
-164
-211
-267
-304
-296
65
336
535
885
-213
-290
-260
-197
-256
-255
-196
-173
-48
-71
-162
-215
-257
-273
-263
-223
-192
-164
-217
-299
-275
-49
-73
-104
-217
-292
-271
-203
-168
-278
-157
-55
-160
-222
-268
-289
-305
-298
-316
-310
-284
-210
-195
-259
-287
-164
-132
-24
-218
-287
-282
-247
-192
-276
-122
-143
-253
-282
-305
-307
-323
-315
-323
-348
-347
-310
-262
-241
-252
-291
6
624
-220
-294
-289
-220
-186
-266
-146
-265
-310
-328
-321
-327
-328
-339
-329
-360
-363
-355
-326
-282
-273
-261
419
574
-219
-294
-296
-235
-203
-239
-197
-283
-326
-320
-343
-347
-331
-347
-328
-344
-342
-352
-337
-292
-277
-274
-133
246
-218
-300
-273
-202
-172
-192
-233
-264
-303
-361
-377
-374
-354
-333
-321
-314
-284
-342
-408
-335
-269
-287
341
109
-214
-295
-254
-149
-227
-155
-207
-232
289
-253
-350
-347
-347
-342
-354
-324
-55
136
-166
-311
-257
-267
-125
-14
-216
-298
-239
-141
-226
-105
-110
-159
1098
767
-323
-316
-308
-290
-302
-351
-253
-219
-304
-267
-284
-239
-204
529
-212
-305
-244
-140
-201
-119
-68
-168
-314
-331
-236
-257
-234
-256
-219
-321
-350
-262
-279
-276
-293
-267
-201
-135
-208
-295
-244
-140
-214
-137
-92
-140
-81
-281
-283
-217
-221
-243
-162
-113
-264
-347
-323
-283
-289
-271
-357
-368
-204
-282
-210
-127
-213
-117
-85
-35
-45
-100
-159
-226
-217
-210
-99
-48
-150
-136
-218
-257
-268
-263
-340
-350
-203
-279
-213
-135
-242
-142
-126
-132
-98
-114
-140
-288
-287
-255
-154
-139
-151
-151
-222
-305
-288
-234
-319
-263
-200
-281
-229
-138
-111
-166
-207
-232
-239
-236
-236
-305
-311
-345
-271
-239
-259
-295
-336
-346
-320
-212
-212
-379
-193
-279
-275
-175
-165
-207
-253
-250
-301
-309
-320
-272
-306
-266
-323
-334
-338
-325
-353
-367
-320
-247
-136
-239
-209
-274
-280
-257
-257
-324
-323
-299
-312
-340
-328
-238
-310
-238
-102
-147
-336
-344
-299
-353
-326
-301
-111
-209
-200
-290
-274
-236
-260
-328
-368
-340
-292
-291
-294
-346
-296
-333
-296
-353
-338
-336
-375
-308
-357
-308
-242
-203
-196
-292
-304
-233
-222
-247
-340
-347
-287
-200
-213
-250
-273
-222
-270
-268
-341
-234
-331
-329
-347
-317
-173
-344
-197
-297
-304
-260
-206
-147
-254
-240
-195
-286
-313
-273
-250
-244
-177
-388
-333
-370
-324
-303
-305
-201
-309
-250
-198
-296
-299
-279
-202
-126
-260
-235
-131
-217
-219
-267
-277
-303
-62
-134
-299
-279
-340
-291
-268
-135
23
-278
-189
-291
-314
-303
-210
-83
-192
-316
-204
-176
-148
-118
-91
-107
-211
-175
-178
-249
-343
-296
-235
-216
-273
-162
-192
-294
-327
-319
-212
-70
-140
-367
-299
-262
-328
-328
-299
-294
-284
-247
-295
-321
-350
-297
-235
-312
-233
-179
-206
-299
-328
-313
-199
-34
-96
-342
-339
-285
-271
-279
-269
-251
-293
-319
-323
-343
-357
-291
-175
-370
-296
-232
-213
-292
-296
-321
-229
-74
-110
-233
-248
-326
-321
-261
-237
-252
-292
-298
-412
-409
-321
-284
-183
-288
-218
-196
-251
-317
-227
-166
-292
-240
-217
-241
-108
52
-227
-227
-268
-66
-43
445
314
-340
-302
-295
-186
-323
-140
86
418
471
495
388
895
863
1384
1395
1586
1383
1273
1362
1550
1701
1664
1604
1437
1358
1176
1169
1274
1323
1304
1361
100
27
185
541
371
410
130
942
1203
1344
1225
853
981
759
485
1146
879
1263
1410
726
744
1177
954
990
54
556
856
1256
907
562
309
354
131
297
54
152
182
379
330
34
37
866
1575
1390
1038
544
862
950
47
621
911
1220
1515
1482
152
38
82
153
262
392
370
354
357
234
179
153
598
571
656
461
379
479
51
618
705
262
238
507
143
13
275
355
394
287
124
84
183
270
306
248
190
61
524
1270
755
195
42
639
598
72
229
226
5
210
347
195
141
24
155
120
11
90
213
349
315
123
312
614
490
771
43
636
788
489
90
158
96
287
103
46
158
216
332
247
275
420
219
77
198
129
78
84
1190
780
43
682
862
941
448
212
191
20
337
480
361
379
288
492
515
745
755
570
180
65
175
56
387
625
40
722
828
698
65
111
41
247
446
526
640
701
571
767
713
687
532
622
493
50
101
93
56
225
39
722
726
579
133
201
424
445
721
728
798
791
784
651
619
845
998
930
754
303
55
592
576
447
47
677
809
689
134
227
1133
308
333
599
1046
915
816
818
520
418
327
426
714
540
90
537
407
624
49
690
727
62
289
23
1688
1044
202
286
868
1051
1188
1032
729
424
752
697
923
902
28
282
317
924
50
752
856
7
556
82
545
1788
1378
1351
1514
1366
888
763
767
1330
1699
1077
1084
272
449
214
13
889
49
757
892
135
720
115
929
972
1279
1122
1677
1071
899
1082
1005
346
1030
2321
1885
767
654
302
91
776
59
672
810
148
481
200
78
316
22
84
463
341
1059
200
37
151
115
466
778
436
540
233
143
237
62
659
825
319
305
263
192
554
486
439
224
220
816
191
356
376
401
472
140
283
502
148
163
238
54
772
842
129
625
430
34
278
349
237
28
261
551
65
134
240
245
189
126
591
595
18
282
521
62
723
574
134
659
606
344
44
6
449
684
148
443
381
570
105
39
128
550
654
671
195
448
90
55
722
600
283
180
174
313
545
785
794
998
280
900
1076
1018
737
713
697
773
839
702
171
354
89
55
748
562
504
251
927
718
976
973
1217
1529
994
992
1344
1364
1472
1254
1085
886
988
744
439
98
194
62
679
637
410
549
1564
1640
1262
1324
251
114
798
319
45
185
474
1145
1182
1165
920
715
788
638
396
65
673
706
408
147
21
1152
1389
266
682
193
904
381
481
570
701
1111
1069
1234
864
785
1392
1414
836
51
665
697
381
29
282
507
522
413
1610
1352
1433
1125
1292
1219
1276
1728
474
720
725
939
866
1182
832
65
492
768
543
73
397
36
719
6
28
235
728
239
313
91
189
518
400
643
653
662
114
8
407
80
450
818
713
254
400
277
1159
457
84
673
853
732
1098
44
132
163
581
699
975
704
336
59
369
66
575
814
768
500
267
252
1314
1016
374
277
495
481
434
27
160
805
842
875
1226
652
250
815
88
82
489
592
492
5
497
234
307
893
585
68
161
155
55
191
901
1013
539
1029
1159
8
28
1055
769
118
836
766
720
393
291
168
26
975
781
493
279
356
560
737
934
1024
737
585
507
608
328
456
840
105
252
312
319
501
1039
1090
640
2
0
117
101
12
169
117
22
118
13
76
24
12
74
96
135
128
33
117
566
738
406
1039
1124
318
388
91
212
353
358
285
125
433
81
29
236
64
28
578
499
301
243
61
336
934
104
102
98
574
388
801
706
774
997
508
516
27
554
0
272
324
742
80
209
290
158
94
375
110
1253
1523
50
607
362
204
278
476
713
376
375
643
330
766
827
491
84
335
95
253
141
423
991
1324
911
328
229
508
592
207
173
86
765
220
246
117
154
8
188
418
488
448
7
309
113
145
271
528
146
166
689
69
371
119
96
188
98
137
149
39
115
75
69
332
646
372
339
331
186
47
114
327
486
171
92
307
142
24
4
240
100
186
440
277
52
155
31
277
282
320
268
291
160
363
258
382
639
400
239
140
197
220
243
86
362
292
6
8
8
73
267
422
201
513
307
299
177
106
153
648
76
295
305
301
270
25
111
256
110
37
202
227
22
70
93
33
303
4
94
296
206
167
248
278
31
30
49
267
305
62
53
52
282
350
144
18
88
89
55
11
261
41
141
324
192
182
228
492
293
93
554
395
365
177
11
58
246
375
490
835
638
171
401
652
406
447
241
260
113
77
529
695
192
1044
211
622
749
765
542
648
1084
1335
672
981
728
626
522
15
260
480
555
282
60
38
370
154
617
1325
408
10
674
883
393
641
1645
1799
716
1099
782
737
870
313
381
285
502
278
147
39
821
1230
664
255
993
1805
1156
398
81
129
517
22
1170
1538
778
218
179
35
235
141
373
334
266
260
53
261
615
1468
340
996
120
496
541
253
1030
385
583
109
682
1271
600
208
330
341
260
274
38
124
704
951
830
699
1770
2317
1430
713
273
750
619
1561
2464
1764
1419
251
187
59
162
162
368
314
117
160
1134
671
344
133
111
264
548
477
203
464
80
228
203
495
296
211
217
297
590
398
335
242
325
776
293
269
619
97
277
191
218
211
95
102
306
342
200
308
268
316
177
131
72
292
342
408
116
95
127
101
149
113
336
751
519
373
309
335
10
665
404
403
435
197
25
114
615
299
417
283
265
514
856
626
401
114
186
115
91
853
1326
1406
1092
253
152
86
107
48
164
174
81
597
949
296
326
164
140
662
1158
480
192
327
1139
1459
1466
1794
2011
1039
716
478
175
49
307
339
123
778
1163
356
221
110
439
640
1146
481
955
1323
79
366
821
1092
92
75
214
183
104
219
367
147
363
253
800
295
113
143
288
335
574
128
5
1000
1380
1169
1083
1822
1522
1272
563
60
591
509
65
215
100
502
688
391
263
31
121
158
426
98
193
1032
1831
1008
459
826
933
1577
1708
853
266
342
168
174
588
758
1214
310
175
109
103
192
694
279
21
133
159
116
392
511
785
741
134
149
22
58
379
100
686
586
97
389
188
118
46
294
212
380
24
23
529
1564
2265
2110
1190
33
326
98
261
148
172
28
479
234
948
347
148
102
87
319
1168
341
192
270
155
311
383
530
586
476
318
73
567
218
207
558
451
18
683
568
360
299
257
178
760
1042
746
81
313
120
55
51
20
43
341
928
176
533
453
1017
126
302
292
-375
-504
-578
-230
606
627
508
521
602
662
650
397
258
88
66
136
246
606
735
576
742
803
653
455
-611
-881
-1136
-577
-47
1177
1150
643
342
233
-14
-643
-987
-854
-117
-442
195
673
750
760
1006
867
857
557
-554
-860
-956
-700
380
1132
787
821
624
46
-659
-563
-360
-25
-296
-790
-1070
-900
-241
273
379
762
783
265
-559
-953
-956
-1049
-454
43
737
440
-611
-998
-787
-947
-978
-918
-1116
-602
-427
-480
-579
-347
309
647
511
459
-588
-945
-1131
-571
-225
197
607
-405
-543
-533
-830
-989
-1025
-1078
-1146
-1263
-1190
-815
-911
-787
-369
175
589
585
-585
-1011
-1181
-1117
-921
-104
18
-216
-647
-862
-964
-1037
-1038
-1075
-1075
-917
-835
-814
-755
-852
-410
176
640
330
-594
-1004
-1173
-1319
-461
-50
-310
-459
-705
-740
-871
-963
-1117
-1127
-1022
-953
-875
-870
-913
-738
-324
-14
174
312
-622
-986
-1202
-1446
-589
-75
-353
-703
-823
-988
-958
-928
-979
-958
-896
-926
-895
-801
-746
-611
-569
99
559
469
-624
-1000
-1341
-1370
-259
81
-286
-495
-586
-765
-816
-924
-789
-897
-1044
-996
-663
-625
-564
-641
-441
-238
403
478
-624
-1047
-1327
-1201
-230
11
-14
55
24
76
-49
-528
-766
-508
-305
-155
59
212
169
-36
-259
-539
-89
171
-616
-1017
-1350
-1080
-315
358
741
311
122
323
197
-36
-192
-106
75
403
264
125
192
321
-107
-336
135
479
-628
-1022
-1173
-1122
-169
614
938
1183
1100
777
381
43
-644
-396
48
544
1098
1334
1099
367
-509
-717
-73
406
-613
-1026
-1136
-1070
-287
702
601
545
648
425
-23
-173
-309
-2
488
539
704
587
292
103
-345
-699
-224
123
-617
-1058
-1303
-1089
36
593
236
949
1636
799
305
-363
-137
-285
271
1143
930
941
-159
-511
-707
-963
-462
128
-619
-965
-1101
-586
-335
-74
73
361
-527
-724
-922
-538
-322
-504
15
-141
-819
-822
-269
-342
-564
-728
-574
38
-657
-1000
-830
-689
-194
316
287
-257
-464
-399
-244
-341
-710
-263
162
-228
-505
-814
-778
-855
-819
-629
-433
-413
-509
-928
-1148
-1143
-331
245
29
-561
-833
-920
-451
-691
-693
-483
-532
-548
-893
-1028
-803
-615
-585
-144
-73
-249
-648
-1016
-1021
-643
-222
-143
-430
-462
-417
-67
-57
-501
-829
-573
33
63
-358
-633
-596
-591
-324
-456
-151
192
-634
-1000
-1214
-1171
-673
-522
-156
-121
-33
-28
35
328
342
286
135
-118
46
-199
-544
-426
-166
-194
269
364
-617
-980
-1239
-1108
-732
247
543
281
366
-230
102
7
40
-181
-497
-187
-75
4
-178
-268
-493
-1
459
1307
-613
-1015
-1320
-1397
-781
-8
93
-207
-662
-11
259
489
-177
-346
-90
270
370
45
-215
-480
-543
54
1820
1977
-591
-920
-1319
-1422
-926
-162
351
-9
-40
99
181
37
-160
-109
294
477
322
-85
-462
-590
-455
354
834
1366
-588
-1031
-1374
-1309
-1268
-421
109
134
47
115
502
603
585
401
259
-271
-334
-265
-289
-503
-492
589
1125
1049
-541
-987
-1366
-1427
-1415
-557
357
358
193
31
-49
354
464
276
-227
-470
-348
-135
-119
-304
19
575
1105
1706
-582
-1049
-1375
-1547
-1128
-312
220
342
424
179
-196
-635
-764
-846
-809
-555
-353
-141
-296
-156
271
601
1037
875
-629
-1061
-1344
-1501
-1262
-201
427
352
187
179
-177
-543
-623
-650
-642
-455
-64
-153
-198
193
591
715
1061
1306
-1130
-1873
-2156
-2203
-1915
-475
-343
-446
-189
-219
-822
-1198
-1489
-1493
-1217
-634
-640
-474
316
468
650
740
1166
1230
-160
-238
-225
-244
139
41
125
254
139
-49
-149
-213
-211
-123
-27
4
18
120
63
106
186
280
396
49
60
232
170
234
180
339
-109
238
136
79
194
170
71
99
242
226
-21
208
117
57
271
202
148
221
-694
-353
-300
-325
-643
-878
6
-157
-257
-307
-322
-283
-307
-226
-158
-363
-86
-237
-264
-123
-337
-185
-268
30
248
36
-333
-5
341
650
-5
-89
-71
-23
10
-32
99
-69
-182
-140
-125
-132
185
-118
-405
-153
-278
-586
330
299
45
94
-38
-229
-100
-274
-154
-163
12
-102
-247
-149
-125
-130
64
94
-78
456
611
533
435
649
332
158
400
-447
-115
-17
-167
-120
41
-56
-144
-64
-137
-140
-305
-134
-201
-229
-38
-115
-135
-61
80
38
314
358
258
-194
593
-174
-182
20
4
-30
-248
-229
-87
-4
129
-132
-287
-43
-72
-61
-97
-3
14
-230
350
225
227
698
-621
-169
37
112
4
-51
218
435
222
394
157
146
-86
-283
-153
-145
-39
162
-280
228
354
191
327
530
-516
603
233
16
77
162
220
90
328
201
373
544
449
411
178
65
-58
136
121
-16
367
241
332
331
922
-290
141
321
520
534
704
511
396
435
325
394
575
129
81
-278
-144
-295
25
-7
342
415
387
-251
-208
727
569
306
15
766
453
446
225
469
771
785
-163
109
440
28
356
238
-246
42
359
427
780
-24
133
392
609
-134
188
-373
-154
567
863
261
-163
-679
410
1008
-605
-251
291
388
-48
100
384
414
847
-179
489
-20
652
2188
2216
2641
2458
557
460
1270
2047
2550
1569
1702
2700
808
144
-282
-348
137
347
548
979
-350
200
180
-75
-779
-544
-95
627
-320
803
-149
-405
-659
-182
-272
-1746
759
222
-92
72
-59
318
318
1107
-140
682
-107
-296
71
-25
-133
435
697
-309
-342
-271
55
-95
907
872
154
574
-350
123
372
314
337
853
-817
458
-33
-360
-89
-247
-45
-116
678
-485
82
-28
6
-447
-121
301
762
161
144
106
43
269
160
293
927
476
168
-568
-328
-194
-216
269
-350
219
-325
-302
-338
-366
-145
-72
-214
21
-226
174
55
342
-83
201
-245
-137
588
-272
-134
-154
-271
-299
-165
163
440
-668
-214
76
-251
373
235
421
-287
328
49
265
239
-95
-211
-114
497
424
7
79
-50
351
483
286
-90
-23
509
36
74
225
262
141
331
-20
48
321
13
121
154
225
437
157
524
208
60
190
201
275
334
1484
-131
-139
474
522
60
17
-46
-164
349
276
338
-121
230
77
165
504
414
117
1081
1397
277
625
601
381
1833
763
623
570
560
765
-287
126
-93
316
286
159
-217
227
1096
1145
389
566
523
110
496
-163
469
2
-365
1598
195
233
416
487
-338
51
-14
417
279
203
-115
-61
308
297
651
1434
-173
-1327
-1279
409
-959
-710
-555
-251
1280
1330
493
390
-176
-249
772
302
662
262
91
-23
-134
-261
-303
76
1111
1914
2003
1268
1933
2060
1343
227
443
245
413
446
-747
458
27
330
539
372
271
-491
348
808
-353
-288
-277
-415
-340
-155
-300
-220
650
1125
140
212
652
38
-51
-4
-64
384
480
512
368
-128
128
813
409
-695
4
-252
-300
-296
-161
-506
-75
-352
574
600
782
-113
263
-20
108
399
451
529
504
-331
62
76
366
794
-649
-57
-211
47
234
448
125
-208
141
1046
664
-258
676
-214
285
237
839
535
560
-355
419
-3
739
465
243
-223
-238
-118
-159
-26
-4
447
1308
533
-608
588
415
-420
475
1208
182
236
75
-335
367
-146
-83
1483
51
332
-298
-199
82
185
80
907
52
-318
1535
611
-61
-104
196
191
128
28
87
127
131
178
80
120
49
98
98
11
112
102
70
132
94
57
49
104
136
16
127
166
92
698
621
37
234
334
136
124
385
287
19
223
18
28
159
170
201
153
59
68
113
236
32
175
137
416
936
4
174
372
326
67
32
10
93
177
109
13
933
695
7
53
20
79
14
94
0
168
106
877
1145
268
202
295
300
190
122
108
113
124
8
246
1264
1566
924
1361
1179
273
284
491
236
165
101
883
1327
899
146
212
326
310
313
176
81
9
490
713
1230
1779
1602
1645
2202
1175
33
24
51
169
103
868
1793
1272
214
256
341
278
193
41
192
549
696
1011
944
1167
1329
1455
1914
1709
289
99
190
170
98
905
1312
753
117
348
311
219
2
322
491
495
770
1035
966
1024
1159
1510
1909
1458
643
143
162
166
85
906
978
110
376
367
266
61
202
468
651
602
659
1088
1200
1015
879
1174
1917
1965
1282
778
159
165
79
916
1024
5
421
349
191
48
231
545
708
1021
825
1012
1223
1149
954
1118
1359
1644
1168
1723
280
165
96
862
607
76
489
387
125
272
471
724
847
891
1003
835
1152
1049
1208
1511
832
1352
1197
1208
887
169
101
788
265
212
553
511
138
74
685
1052
1312
988
710
559
390
48
640
1750
2077
1760
1242
569
93
168
99
733
291
260
580
676
392
263
133
25
837
1028
385
152
366
440
291
336
926
1524
1476
242
98
168
103
840
240
296
546
531
523
267
190
117
8
254
162
73
253
156
232
1936
1795
1217
1288
307
118
164
123
866
165
286
518
426
509
468
210
111
86
16
70
136
256
84
22
314
1003
925
966
282
203
173
150
664
141
323
561
433
101
429
226
180
120
81
134
71
227
241
142
138
79
291
685
3
178
184
95
320
576
239
418
405
49
73
177
189
150
5
85
266
292
155
123
132
171
578
660
39
103
170
87
167
289
132
284
319
99
437
14
75
118
211
223
556
1429
762
435
392
502
774
384
25
1
168
129
270
34
174
153
208
47
484
466
228
59
206
541
456
1323
1188
813
900
923
871
458
123
86
173
133
285
435
1227
817
61
35
105
75
65
43
26
670
538
1412
1420
1040
1026
883
595
376
182
284
172
156
467
777
1375
1245
358
58
49
137
56
19
173
103
88
921
1488
1421
1005
794
671
413
20
202
175
170
492
454
442
66
80
27
125
174
142
1226
15
167
92
517
2117
1674
1167
923
838
281
508
277
171
179
501
857
851
120
295
173
174
260
12
1445
877
84
279
515
1868
1953
893
736
789
581
452
18
178
210
350
816
885
109
313
135
108
322
358
173
67
181
3
29
23
874
638
776
524
18
305
216
186
203
351
1048
1021
68
401
166
12
4
275
222
177
222
176
187
215
169
12
609
369
233
314
449
186
179
435
1111
737
96
369
137
481
1405
880
40
28
91
94
31
33
71
48
462
317
238
361
326
181
136
623
1075
507
244
357
72
478
989
1392
284
66
75
39
243
258
307
98
504
136
230
366
313
186
82
740
1063
529
293
447
344
796
621
856
526
120
369
633
683
112
84
2
131
15
213
389
367
74
55
1226
1528
1088
15
204
1429
2723
1772
1006
1005
999
1026
1325
1120
625
18
53
88
149
265
415
526
18
90
284
316
297
241
-4
-29
-95
-143
-138
-115
-110
-61
-61
-127
-108
-145
-134
-112
-149
-129
-157
-189
268
705
904
916
895
707
564
100
-12
2
19
56
88
59
-6
-21
-45
-65
-113
-107
-138
-129
-88
-79
181
490
504
436
364
179
149
-69
50
29
25
26
103
187
170
23
-48
-30
-37
-74
-114
-106
-120
-193
228
527
438
350
198
107
63
-37
144
77
191
244
172
142
50
43
-23
-43
-114
-78
-117
-138
-116
-115
232
583
524
371
80
-60
-59
-33
61
229
210
153
172
211
117
79
56
54
2
-58
-128
-120
-103
-151
269
649
675
466
259
63
-79
50
183
212
181
141
92
66
34
41
55
41
3
-32
-109
-78
-98
-113
269
685
802
672
334
195
-67
4
42
154
125
92
40
6
15
52
67
55
4
-12
-101
-115
-130
-103
250
667
780
683
391
86
-45
46
167
193
121
67
23
6
32
76
117
136
115
52
-39
-88
-99
-150
233
628
741
631
377
113
-37
63
83
80
45
-15
-63
-46
-3
-8
31
62
49
23
-35
-123
-136
-143
213
602
612
413
53
-10
47
221
368
334
161
23
-20
28
210
373
370
304
236
123
-24
-106
-135
-150
209
598
562
391
119
14
-3
89
-21
-10
29
-3
-52
-12
-5
-40
70
112
81
52
-43
-83
-127
-111
232
619
519
306
48
101
109
315
173
170
66
52
17
35
108
190
326
152
212
123
-33
-88
-88
-110
245
633
529
340
61
58
35
115
-35
-53
-39
-56
-53
53
59
176
65
76
-8
-58
-10
-61
-70
-57
270
654
561
395
22
38
171
144
111
167
182
167
99
129
52
198
34
60
-33
58
-38
-11
-86
-70
281
684
536
277
8
108
114
262
161
218
210
152
147
211
345
370
278
87
-81
-17
-92
3
-54
-55
298
698
547
530
67
85
27
149
333
455
262
214
146
104
292
332
155
-23
-101
-71
-78
-61
-94
-98
290
726
613
458
222
219
235
175
164
148
184
179
91
106
101
124
33
-45
-86
-81
-67
-91
-23
-86
268
704
654
575
386
242
108
-20
-11
17
80
19
-46
-59
-11
16
-74
-121
-142
-127
-82
-81
-27
-72
292
697
681
672
577
400
151
-73
-81
-53
-69
-92
-86
-117
-133
-133
-143
-145
-134
-102
-81
-26
21
-36
269
698
696
706
625
455
164
-93
-125
-33
13
64
-66
-97
-77
-74
-83
-98
-111
-94
-85
-32
2
-33
277
665
699
798
774
662
453
134
38
-19
-91
-71
-98
-111
-125
-102
-127
-81
-82
-71
-53
-19
74
-62
297
699
739
804
917
753
689
187
91
125
32
9
-44
-23
-14
-21
2
-49
7
13
-44
-8
52
-31
303
694
768
772
963
983
971
589
257
86
-44
-78
-111
-74
-28
-23
47
51
116
103
-23
38
-31
57
326
723
806
757
964
929
827
564
250
135
-69
-54
-18
58
22
25
3
23
140
78
-11
62
102
27
323
750
837
753
965
941
947
693
304
126
49
-60
-72
-50
-19
135
57
136
165
58
46
-26
205
-36
336
772
879
810
972
827
925
569
349
129
36
-33
-67
11
6
-15
23
69
70
-7
21
-92
237
-34
566
1159
1352
1327
1415
1408
1376
989
683
341
101
87
7
-5
-55
6
54
29
130
77
147
-29
181
-102
24
346
491
467
540
496
451
316
172
89
-67
-110
-154
-122
-85
-62
-136
-28
-61
-133
3
-120
-43
-5
390
417
358
-82
441
277
793
-27
-240
-337
-303
-196
-240
-132
107
-237
-331
-319
-371
-329
-296
-353
-354
-310
304
516
-42
58
-132
386
-130
-81
-73
-88
350
304
753
1563
589
773
-37
-291
-313
-334
-379
-227
-330
-361
540
141
243
175
-317
155
180
91
-249
563
1022
1306
1478
885
1739
1102
673
137
-52
-53
-132
-371
-156
-242
607
46
746
669
1022
11
-62
-239
1294
1337
1162
1370
230
1063
1429
877
1290
1322
1215
-76
-130
-123
-438
-304
621
-3
731
1631
1140
605
324
1540
803
411
987
245
575
-71
197
948
893
1421
1052
1588
18
-245
-107
-351
634
44
19
1496
1043
491
1690
231
584
1055
-35
-21
-172
-69
-31
41
548
679
1362
988
719
-93
-374
-224
649
59
-87
615
1687
961
798
774
864
-230
-71
-101
-101
-57
-127
-128
-109
173
538
1238
640
564
-90
-393
643
54
81
571
1283
1477
296
1175
-106
-101
-174
-139
-167
-124
-105
-93
-196
-114
138
913
1313
-12
255
-120
624
17
135
688
1138
1862
804
58
-93
-221
-195
-143
-216
-126
-102
-154
-128
-165
-94
490
713
915
-338
-161
632
18
35
959
1586
635
381
-291
-416
-330
-230
-252
-213
-325
-319
-341
-381
-421
-237
408
1237
-8
366
-408
642
-18
487
892
2049
462
-71
-423
-454
-416
-324
-311
-243
-376
-406
-534
-422
-301
-319
248
634
1042
-109
-179
644
38
546
1137
1744
1225
173
-470
-455
-321
-157
-88
-237
-123
-176
-226
-448
-325
240
206
1510
359
242
-92
674
-18
387
1873
1537
1794
-186
-79
-130
384
-55
366
-7
-62
-225
-24
-107
-15
-277
-49
1018
1172
317
-348
703
8
370
870
1680
1531
1367
1304
667
165
1117
416
389
-10
1060
-143
169
121
1236
315
376
1197
312
250
681
59
102
1770
1585
1846
1707
982
1933
1622
1116
78
446
321
458
1782
985
1406
268
436
560
1297
1040
-215
659
59
778
1052
2818
1522
1540
1205
740
733
84
598
-27
547
417
679
906
144
544
-64
233
1145
1125
432
749
-17
375
2011
1488
1749
647
493
174
161
-128
-90
-106
-129
262
61
120
266
-96
-296
-15
1021
1339
776
678
77
40
998
1900
446
211
-146
-119
-308
-89
-154
-178
-212
-217
-80
-149
-85
-250
-144
-180
850
1053
-161
835
55
90
1011
497
1013
-412
-161
-292
-281
-239
-434
-226
-353
-252
-108
-198
-200
-196
-193
-181
-111
67
968
730
162
149
381
573
-92
-238
-322
-260
-85
191
122
-311
139
61
-34
47
-264
-269
-198
-145
-273
255
-516
708
86
144
294
1128
791
-125
-261
-58
-47
-245
150
809
-218
146
-82
34
-35
-252
-269
-195
-198
-473
947
668
15
7
627
1130
-40
547
364
-273
-286
89
-322
-604
-111
-364
-12
-379
-78
-62
-206
-188
-57
568
-589
686
160
-40
207
704
1693
252
-63
472
734
-91
20
383
295
159
-25
817
-240
-213
-158
275
435
-68
941
758
-5
-5
195
646
1114
972
428
668
-31
-94
-51
-190
-44
305
349
-101
270
-147
-246
107
554
732
-76
696
62
-13
-41
454
1619
436
556
186
54
266
-111
69
395
256
-193
-11
-237
-318
-159
336
238
301
-362
699
64
-42
-27
506
1701
1765
426
-57
338
-55
75
308
-38
-20
-2
-302
-231
-269
-24
190
46
-266
-73
670
-17
-85
-44
627
720
1689
557
356
-137
-70
-111
-93
29
-145
-255
-204
-238
-379
278
507
847
271
1055
-98
-193
-210
-194
-136
-77
751
-123
-329
-181
-262
-171
-208
-277
-250
-257
-337
-309
-227
-86
-152
199
478
-685
846
771
583
296
489
334
987
12
665
156
50
480
268
210
205
250
176
57
66
90
56
76
99
60
818
543
57
1299
1994
573
719
1350
1307
302
102
931
328
46
723
16
294
522
461
112
11
242
599
352
785
579
594
1788
880
298
18
1510
1247
278
908
1108
395
443
35
505
87
380
247
403
4
768
253
353
778
516
570
708
855
17
1259
1261
961
758
894
666
13
533
261
514
98
96
556
459
616
119
193
784
834
459
171
165
576
926
894
426
1453
783
620
192
470
188
642
447
194
359
533
100
533
657
375
468
821
524
24
39
397
62
119
1193
1108
370
299
103
79
338
222
53
211
250
80
89
402
332
671
459
843
605
337
262
445
464
1493
866
783
167
288
234
132
226
39
59
69
224
186
39
105
150
918
296
886
554
322
594
1132
1049
1950
857
463
107
360
20
252
12
145
53
206
267
115
70
104
100
22
891
878
606
241
851
612
1866
1774
536
234
293
78
228
111
114
47
176
314
161
193
68
155
251
108
294
869
669
99
789
994
2030
904
120
106
1
80
248
74
124
8
115
27
9
96
187
298
141
109
309
885
755
142
1317
898
2016
763
1440
741
624
527
363
176
757
1329
1232
1223
95
260
265
45
257
32
484
888
709
246
1053
110
951
2656
572
81
610
1429
425
777
1754
1916
748
480
1488
903
712
39
266
310
334
873
620
189
745
231
231
1110
841
144
1378
1572
429
1105
1238
330
597
770
1155
1217
641
479
440
41
925
826
569
325
705
38
1018
1733
854
1345
2154
1058
418
1389
1113
503
342
732
1130
975
213
681
380
481
660
819
512
308
1284
106
1327
487
178
866
1461
612
16
1683
349
377
415
814
362
1430
33
673
271
645
718
809
459
735
1039
1907
1803
103
134
1429
972
316
585
779
787
892
953
757
1007
791
368
451
198
799
438
810
389
948
622
1525
648
180
736
377
13
914
13
73
1048
991
5
286
1
43
177
254
246
750
384
766
173
56
276
376
313
897
492
232
912
402
949
183
795
714
16
109
184
95
49
443
329
794
188
822
382
104
323
328
580
1149
137
1068
1114
452
479
745
471
332
126
185
332
246
31
543
271
83
674
770
298
175
118
152
104
922
822
1516
87
216
159
1435
222
710
261
28
170
402
306
4
219
532
56
677
554
459
354
689
635
1186
1261
886
1247
388
137
150
1812
1426
101
36
261
101
22
406
627
920
721
701
678
507
311
717
371
1222
811
546
146
245
320
317
320
144
513
29
158
196
368
134
1454
1192
221
684
677
683
156
560
483
1081
690
941
1349
159
133
949
281
210
691
861
490
277
178
721
1863
179
466
680
847
656
7
557
496
1364
383
1199
18
1356
93
164
265
462
1287
1239
489
277
62
1102
1450
1234
72
728
897
567
99
602
862
1043
743
8
58
55
830
703
348
1248
1130
352
710
866
199
1331
890
1526
488
843
985
411
229
523
1270
1300
526
482
184
22
222
779
1233
1097
65
1049
152
805
705
1732
270
566
128
1046
920
437
335
622
1031
1154
423
941
517
409
536
394
110
11
815
667
495
48
1333
1071
873
425
480
1464
724
589
493
496
1160
2058
361
458
758
366
14
172
173
296
469
649
59
1115
496
111
1038
0
636
-471
-429
-404
-394
-323
-346
-273
-391
-488
-476
-436
-323
-333
-405
-475
-372
-397
-454
-435
-432
-476
-465
-391
-367
-439
-443
-414
-281
-53
-199
-10
929
709
250
-107
617
486
757
555
300
1020
-179
-411
-73
19
-140
326
1940
-388
-438
-425
-299
-204
-152
-36
120
1466
951
738
1091
886
1428
773
468
209
-108
-354
-417
-377
-43
-113
1420
-391
-437
-417
-407
-256
-266
1016
350
-14
143
345
254
159
-145
56
390
196
-93
71
722
819
-110
75
2778
-403
-438
-425
-343
-142
1221
527
-26
902
925
638
229
-127
-185
-56
19
449
673
986
393
-158
-379
-487
1366
-389
-433
-423
-416
-235
842
393
1101
863
-34
-203
-245
-239
-238
-225
-224
-105
68
728
620
425
988
413
1113
-385
-435
-406
-402
-459
389
1003
848
-9
-248
-244
-262
-319
-325
-347
-447
-429
-365
-153
130
223
513
-297
1873
-382
-424
-421
-401
-461
1428
1234
56
-299
-453
-474
-472
-400
-436
-463
-471
-417
-459
-377
-202
7
109
541
1864
-383
-422
-432
-458
-129
1213
477
-117
-264
-351
-435
-446
-435
-445
-445
-442
-348
-394
-396
-280
-86
-354
-205
1809
-394
-429
-442
-434
-365
1103
76
-316
-430
-469
-488
-458
-421
-445
-456
-448
-433
-455
-498
-323
-309
-375
-439
1288
-390
-431
-428
-431
-126
1697
-165
-104
168
40
-250
-422
-426
-331
-155
-80
75
269
-114
-386
-157
-209
-27
1869
-398
-428
-431
-424
878
1321
-182
-204
-144
-30
-111
-290
-366
-232
-70
25
-215
-227
-132
-263
-357
-149
-124
1193
-397
-421
-391
-468
1196
1092
-309
-163
-155
-146
-239
-359
-432
-434
-408
-312
-232
-79
-250
-426
-413
-105
168
1778
-411
-434
-404
-381
1081
659
-336
-239
-302
-368
-404
-442
-431
-384
-499
17
-285
-290
-244
-426
-436
-150
586
1424
-408
-430
-423
-392
187
860
593
-242
-356
-435
-362
-326
-361
-39
-314
-225
-175
-281
-75
-168
-283
-84
921
1819
-415
-432
-376
-379
869
1376
583
510
496
521
321
-312
-488
-55
45
-144
339
746
73
-351
-471
-170
838
1648
-402
-405
-370
-394
1432
1394
-62
-15
-36
-244
-391
-289
-404
-376
-404
-382
-170
-187
-368
-436
-475
-250
1206
1459
-449
-437
-454
-483
-52
674
-286
-409
-374
-419
-463
-391
-440
-456
-422
-443
-389
-376
-457
-457
-451
-481
922
1246
-394
-410
-427
-404
-428
-412
-454
-411
-343
-281
-355
-432
-428
-440
-314
-238
-344
-422
-456
-445
-452
-228
-273
331
-391
-412
-432
-446
-412
-409
-446
-365
-282
-400
-262
-75
-57
-70
-338
-349
-266
-372
-450
-439
-453
-442
-426
-28
-425
-441
-438
-441
-422
-280
-398
-264
-295
-241
-381
-320
-357
-241
-276
-423
-367
-339
-396
-425
-384
-408
-285
-125
-426
-441
-443
-433
-457
168
-221
-397
-120
-252
-296
-299
-387
-360
-363
-347
-401
-394
-431
-394
-383
-387
-6
-220
-441
-452
-434
-430
-464
-98
-271
-152
-280
-162
-69
-51
-73
-54
51
150
-245
-271
-339
-327
-424
-420
-242
-372
-421
-460
-432
-412
-476
304
-92
-369
-491
-216
-249
-212
-249
-316
-266
-223
-421
-426
-463
-390
-426
-79
1064
1435
-439
-461
-428
-409
-468
-58
-262
-397
-410
-423
-298
-79
38
-252
-118
26
-323
-435
-446
-442
-444
770
358
1015
-431
-448
-426
-418
-420
-335
-459
-408
-388
-467
-185
-164
-198
-202
-138
-342
-418
-443
-484
-402
-464
1176
-285
-76
-262
-435
-421
-424
-451
-248
-361
-412
-494
-429
-327
-138
-162
-375
-475
-422
-332
-303
-353
-245
-291
1524
-80
-415
1913
2413
2006
2014
1353
1369
1765
2445
625
-274
-177
36
635
1093
652
-36
1812
214
-337
1244
2277
2187
3370
3957
724
586
630
192
840
628
990
995
951
998
971
985
982
1021
1010
1001
974
890
928
974
921
1031
1000
916
645
597
398
313
600
695
911
922
892
803
800
567
797
699
882
934
884
918
925
967
1008
1011
1059
922
627
450
518
364
784
797
908
890
889
513
478
242
274
427
362
256
427
554
774
963
979
976
1028
899
652
386
529
516
863
953
945
919
549
438
5
57
41
53
127
194
499
668
886
904
917
905
956
851
623
357
236
214
718
744
865
598
387
4
3
21
20
20
18
10
111
310
634
764
879
918
970
893
631
289
6
282
404
1019
791
391
123
22
28
33
36
33
35
29
19
6
184
590
669
932
977
891
604
202
2
170
568
878
524
193
31
47
38
44
45
43
50
50
51
41
4
273
639
841
981
898
574
245
56
329
761
878
427
6
59
74
74
67
65
60
62
53
51
46
11
194
508
773
926
866
590
294
329
450
1019
801
286
16
67
66
67
71
64
66
65
56
53
40
19
169
403
747
820
901
584
367
521
651
1229
807
3
74
131
115
88
66
64
66
73
106
122
111
86
21
61
587
597
863
574
395
611
855
1398
975
60
168
284
210
174
79
82
135
199
242
327
288
159
125
351
517
906
879
575
364
637
925
1476
1187
233
83
166
151
111
95
63
77
69
113
63
109
86
124
131
626
904
926
598
322
614
776
1446
1080
913
193
47
68
21
47
15
127
184
261
34
43
62
43
478
739
914
924
578
409
543
812
1315
1088
728
452
291
69
24
3
43
29
46
175
6
17
1
14
65
675
743
895
604
404
9
673
610
1033
678
0
129
30
10
48
25
28
42
18
33
17
32
0
334
531
858
832
626
239
348
291
1139
906
600
86
19
15
20
39
59
34
52
44
31
21
17
29
204
484
814
834
614
324
66
375
555
569
377
17
31
60
33
58
51
70
70
60
61
38
30
18
1
496
580
864
649
267
22
27
130
15
6
51
63
74
60
77
63
106
98
84
71
50
43
30
16
353
521
839
556
244
36
35
23
10
39
58
50
77
64
143
151
123
160
67
91
65
57
43
20
9
547
544
511
169
6
22
333
249
5
0
59
50
121
113
165
101
81
118
77
88
57
30
74
371
768
917
529
217
11
15
473
543
3
31
72
98
79
146
104
128
88
81
108
69
70
26
320
638
1021
897
532
246
19
137
642
894
708
0
83
113
155
149
162
151
162
127
81
53
5
137
561
933
1222
969
581
252
15
84
645
928
980
237
33
148
149
176
163
152
194
116
97
65
19
276
622
1104
1317
1061
589
283
15
6
556
822
873
494
6
119
186
238
190
143
96
66
34
15
31
279
719
1185
1424
1051
577
283
16
114
603
1030
930
468
27
54
117
154
132
89
50
38
58
43
17
417
815
1273
1302
1080
539
277
16
159
575
853
543
269
37
27
61
78
79
58
33
44
38
48
5
554
998
1358
1371
1149
233
13
91
46
179
334
236
37
92
111
116
119
120
106
98
102
69
56
32
691
723
1482
1671
1260
657
383
274
404
693
751
536
384
282
220
230
298
300
286
307
283
313
441
479
658
954
1021
1095
1003
130
277
94
19
44
-10
-18
-29
-35
-11
-11
-35
-29
-18
-31
-39
-35
-32
-32
-28
-36
-35
-50
-60
-41
-86
-81
-26
175
-8
-76
22
447
-20
-89
-62
-39
-43
-49
-42
-44
-57
-71
-67
-50
-24
160
-37
426
97
-61
-30
-61
-59
-52
-89
-87
-61
-35
-15
-3
-36
-57
-47
-40
-45
-21
-14
45
85
369
-39
227
-48
-64
-43
-52
-69
-69
-48
-34
-25
-32
-52
-60
-56
-50
-46
-48
-55
-60
-75
9
42
-93
-89
291
80
-80
-68
-70
-41
-32
-23
-6
-36
-57
-71
-71
-60
-54
-53
-47
-40
-54
-56
-87
-93
-8
-40
182
-2
-74
-72
-55
-69
-29
-29
-57
-75
-71
-62
-61
-61
-63
-62
-62
-51
-49
-60
-59
-62
-66
-63
276
-38
-89
-50
-35
-37
-52
-46
3
-14
-49
-52
-51
-59
-61
-41
-39
-64
-66
-62
-57
-57
-59
-63
260
-7
-78
-43
-37
-51
161
277
245
169
41
-30
-52
-54
-60
-67
-70
-65
-63
-61
-8
-38
-29
-35
191
-18
-73
-51
-45
-5
227
-4
-34
-31
-33
-30
-53
-36
-56
-67
-56
-47
-50
-52
-77
-13
77
-48
267
12
-39
-46
-71
46
776
901
479
410
306
321
-4
-61
-30
540
659
30
125
191
-42
-25
147
-58
279
43
-78
-47
-50
415
1941
3263
3581
2062
333
-20
508
1646
2072
914
2279
3696
800
-165
-69
-82
-35
-52
269
40
-59
-52
-60
-72
-131
-265
-138
1280
902
-100
-125
-105
-104
-103
-218
-215
733
121
-113
-58
-58
-49
277
86
-65
-53
-46
-35
-42
-55
-27
195
749
-77
-108
-37
-60
-82
1920
3219
264
-147
-77
-25
951
17
194
-28
-64
-27
-49
-72
23
-6
-2
-49
0
-41
-113
-50
-21
297
-59
-50
334
-91
-118
-69
-61
-59
284
283
-42
-37
-35
-68
-32
-22
-66
-78
-127
-77
-66
-42
-41
-52
-48
-105
-143
-98
-62
-50
-88
-72
325
-15
-63
-57
-46
-9
-43
-28
-38
-43
-62
-65
-39
-59
-43
-5
-21
-52
-77
-66
-55
-54
-48
-58
168
-49
-95
-47
-44
489
29
-85
-51
-66
-42
-43
-40
920
459
-64
-70
-77
-66
-45
-59
-62
-62
-65
152
30
-71
-78
-58
83
803
91
-55
-35
34
-3
267
1001
797
-62
-61
-38
-53
-60
-53
-54
-39
-55
277
-25
-78
-17
167
396
702
264
-62
488
1421
664
361
602
1166
832
-55
-50
-10
-33
-63
-61
-36
-51
210
38
-21
-24
705
923
142
-95
-106
87
860
-75
-185
-11
-40
201
237
-80
-66
-67
-24
-30
646
135
124
-20
-66
-72
-113
500
-6
-104
-75
-52
-100
-33
-1
-76
473
206
433
376
-77
-85
-1
867
832
8
278
90
-46
-47
-54
-7
-36
-47
529
1603
1760
96
550
1539
777
789
-45
-108
-81
-67
-28
2022
-7
-223
215
147
-38
-47
-49
854
473
-91
-62
-136
-177
-129
-133
-10
570
791
22
-115
-66
-33
-45
-188
-105
-81
181
116
-18
-3
-29
-105
650
517
-26
-26
-59
-48
-32
-93
-92
-141
-97
-4
-19
-64
-37
56
-40
-64
273
127
-20
-29
-49
-28
681
1437
103
-98
55
-25
-78
-68
-71
-71
-80
-22
-2
-61
-48
283
-28
-72
336
76
-39
-3
-48
168
348
287
521
-41
-74
-20
-44
-59
-68
-48
-54
-65
-26
-34
-67
524
151
-100
283
290
72
179
-7
118
76
534
1353
861
-38
-31
-13
-27
-28
-42
-42
-36
-63
-28
-45
-59
-43
-90
1514
1105
765
466
-65
1342
1939
884
1290
1548
1331
579
285
225
164
131
-13
-46
-43
-47
-51
-90
-36
-55
2404
734
495
716
775
1616
2295
1337
1057
793
927
816
901
1143
1325
1234
1554
1024
664
968
1227
694
854
1204
1818
1329
895
1069
292
1080
2565
147
821
650
925
1138
580
1183
762
442
1646
1538
923
820
1350
1139
563
1598
470
397
350
882
251
-74
-13
449
438
113
-24
141
-5
-29
-41
-107
-124
-32
-12
-61
-34
76
-29
611
429
300
-12
332
573
-131
-55
748
718
207
115
-27
-26
-43
173
52
-38
-30
120
287
109
20
35
926
383
416
-8
-26
106
550
314
1106
1468
633
287
326
450
226
575
630
472
664
202
-16
94
228
-30
329
425
413
35
-67
-82
-30
229
-22
-99
207
306
263
196
405
635
814
600
438
418
239
1089
1111
425
1095
427
373
348
493
1504
883
283
-4
-2
243
417
496
456
311
328
497
574
378
492
79
429
51
-8
889
445
329
201
-17
519
186
-78
-49
230
267
199
206
455
451
421
453
523
591
668
202
78
-21
-8
395
508
449
311
-46
-24
395
-23
294
465
383
431
212
161
428
242
248
281
527
446
124
537
321
-65
753
488
402
229
-28
-49
1229
36
-6
243
388
561
513
308
255
248
198
0
161
469
286
340
662
445
517
489
377
42
290
-6
1335
630
-53
-55
-52
-14
328
596
-3
-34
-40
-17
-84
-52
-43
-28
195
579
894
493
362
-39
-66
-43
965
2397
1207
1150
608
232
228
508
1018
1096
956
1664
1109
444
396
74
587
432
364
508
381
-60
-123
-74
85
1305
1994
195
656
251
548
738
1345
1471
946
-41
291
473
529
193
82
878
648
500
532
-39
-138
-200
-56
-11
4743
2865
1907
1101
569
210
752
1685
2985
2638
1197
372
691
4
-28
461
1143
448
370
-66
-150
-119
839
-118
-221
561
777
1201
207
58
-27
-159
-128
858
2353
953
455
224
-46
-1
569
452
452
-28
-198
-198
-28
186
-97
-89
-72
106
48
-49
-22
-30
-60
-88
-47
-9
-17
-9
-44
-42
227
459
266
298
-62
-82
-28
647
404
136
0
92
424
-9
-33
-9
380
395
285
401
503
105
-9
59
542
432
387
188
-93
-180
-91
-11
542
275
260
229
72
355
421
312
67
295
560
515
289
100
-7
1032
947
332
126
-21
-68
-167
-88
229
286
451
98
-56
3
214
591
640
-19
-14
282
390
224
212
-46
558
2445
479
262
-13
145
286
518
271
199
1362
1264
-38
-45
1
-5
1347
679
59
103
354
489
-12
-78
-137
-21
453
478
150
464
1084
2585
776
-28
725
130
951
577
1249
819
286
739
246
-5
152
203
49
316
-22
939
375
503
97
-35
-63
2145
2115
-7
-30
-7
84
-8
-53
-35
-11
496
737
476
92
109
230
1326
-86
2496
408
675
224
-12
-98
698
674
-14
-64
656
674
707
888
439
184
32
911
1220
394
289
193
2799
2186
1375
325
543
383
-11
-158
660
1871
533
516
1080
787
404
999
1569
2111
1349
415
1121
823
255
-21
430
-85
2311
245
319
401
127
-157
-75
647
288
-28
-8
389
-19
-49
-20
-2
195
-25
198
217
119
-45
-13
-172
1570
250
276
427
298
-106
-18
-32
643
492
743
1318
1299
1091
420
-1
79
-7
189
132
-17
146
-69
-97
93
511
391
342
171
-138
-78
-15
326
118
-2
368
519
304
186
191
349
275
66
577
-51
-48
-66
352
1850
-10
1192
775
243
-124
-98
863
300
518
161
-7
-4
232
528
573
373
195
-10
448
-5
-33
-19
1178
4361
698
671
761
852
876
722
215
168
184
266
228
129
20
263
210
247
164
532
612
591
553
453
426
421
535
399
624
686
670
183
123
690
501
397
773
905
1525
1415
1558
1340
518
49
352
451
416
388
106
378
475
463
640
593
749
118
156
928
921
1441
1303
1714
1460
1281
1526
1340
1427
926
531
179
141
420
66
280
472
488
647
524
155
371
281
1052
1376
1484
1356
993
597
664
458
1026
1059
1502
1376
1041
221
29
26
119
514
416
546
164
499
844
1617
1360
1289
1124
609
191
51
90
55
101
460
887
1119
1156
980
504
423
158
479
393
435
325
635
1221
1876
1296
882
328
123
153
273
282
352
301
251
77
287
913
1052
651
454
240
497
413
462
551
109
1090
1227
989
60
202
354
382
460
502
537
475
445
387
326
140
582
437
522
362
512
379
548
695
15
537
939
104
272
343
409
419
545
589
524
454
411
464
466
335
0
357
387
20
479
440
598
720
7
244
625
145
455
418
355
477
464
531
370
367
221
312
502
471
231
6
859
42
505
366
623
602
256
372
526
606
682
630
678
564
508
550
582
529
510
600
600
615
331
38
660
126
488
401
602
220
859
855
222
772
917
949
846
730
744
767
878
936
896
803
800
673
448
15
416
132
506
435
643
206
961
1318
399
781
896
857
750
711
713
789
802
747
799
782
575
494
613
190
253
158
532
465
639
162
1009
1925
16
144
252
354
429
577
561
632
274
342
196
413
581
610
545
222
308
271
483
440
607
162
1245
1180
1615
348
1243
353
465
467
455
320
364
723
348
15
420
550
739
150
458
569
477
389
645
86
1372
1613
1936
862
2078
1173
669
108
101
54
529
1656
1349
923
212
262
558
116
557
421
459
410
574
543
1591
2298
1198
888
863
927
298
202
206
187
751
815
1218
763
158
309
580
196
523
438
487
354
379
520
1662
1709
1079
32
62
106
10
379
305
248
169
121
79
160
374
555
684
205
511
554
493
272
570
102
800
791
352
339
486
355
437
348
363
526
481
632
612
532
513
615
602
232
495
77
507
353
479
409
130
166
226
545
704
599
662
635
708
767
743
847
775
667
611
582
413
426
54
128
466
274
433
543
389
364
471
654
667
597
368
551
662
490
488
541
556
646
594
550
429
496
245
610
388
326
484
550
470
112
337
436
321
181
206
67
109
94
188
285
513
494
508
582
474
654
668
596
456
297
482
460
1
141
533
411
436
223
352
370
424
372
608
693
578
608
410
556
639
631
500
764
418
307
458
542
202
665
824
120
125
268
306
386
317
343
355
361
336
396
374
471
613
361
425
15
390
343
444
675
202
364
822
473
291
58
134
28
166
40
300
36
103
317
440
545
523
160
793
38
440
356
486
662
307
153
523
366
31
113
214
273
313
201
124
166
417
494
578
677
296
52
930
294
458
350
437
523
216
112
615
164
168
6
2
213
121
259
166
356
483
643
586
725
294
88
910
7
499
383
462
531
295
338
117
123
80
126
210
113
63
223
446
567
637
690
659
735
408
92
787
287
646
578
624
727
588
548
580
325
514
504
562
597
609
696
732
736
874
669
771
787
598
74
38
177
11
191
128
84
129
541
245
-188
-352
-438
-249
55
148
307
102
-33
-319
-611
-759
-860
-741
-611
-552
-316
-181
96
79
-11
34
-82
368
196
-64
285
449
680
1000
964
299
370
52
10
-106
-610
-984
-728
-868
-343
17
-56
81
78
528
-388
191
585
612
1250
915
417
1068
540
970
722
725
714
85
-323
-921
-1021
-860
-738
17
-40
17
369
359
-59
262
933
1404
1214
965
778
1063
736
1123
988
863
558
644
493
-409
-493
-202
-418
-34
-5
208
128
22
387
762
1495
994
879
1087
1162
1106
1100
898
861
668
606
641
795
264
-111
-481
-52
-86
75
284
150
158
862
1145
902
865
1097
1341
1079
1020
981
758
666
705
467
458
529
832
-9
-960
-288
-53
43
211
438
326
1019
614
399
1436
964
1188
858
842
793
710
718
707
538
163
545
-145
-209
-805
-707
-6
91
103
163
-140
1924
215
734
1302
1183
1130
1064
977
776
808
798
698
619
397
370
-79
-19
-643
-377
8
84
256
250
-104
1401
336
987
1114
836
1028
1041
883
892
1085
823
747
691
474
328
117
443
-71
-299
54
-26
420
714
876
479
600
1292
455
495
768
870
764
738
624
286
516
577
324
416
225
6
905
-452
34
15
415
374
1393
920
889
979
357
169
395
739
757
482
218
343
390
456
462
399
347
284
395
-104
4
-44
484
315
966
353
1183
888
877
456
492
891
973
440
339
469
227
403
596
383
356
102
296
1
-4
-11
454
220
550
286
1122
1135
921
-59
176
556
871
737
300
379
-368
-219
642
303
362
190
487
179
-10
116
684
-55
1184
1416
502
1208
1343
689
983
337
534
1162
893
708
252
147
145
453
523
293
479
345
-1
85
525
-284
1307
1091
609
1313
1199
1912
835
520
481
1111
971
858
1828
908
413
463
596
-6
354
-66
53
82
364
-25
542
809
666
1730
1273
1369
765
1052
520
784
662
1000
1639
650
1028
437
425
137
802
-116
19
95
389
355
546
823
621
1320
1466
1078
911
1209
835
757
577
719
800
931
825
561
421
68
1398
-52
-49
150
427
9
666
608
869
1022
977
994
1009
1099
915
719
14
476
588
733
816
593
429
260
735
562
22
119
335
245
504
474
732
872
1081
1269
856
409
715
394
440
491
432
696
658
454
427
450
53
-38
72
170
397
124
351
305
647
674
1068
1119
934
459
987
748
901
600
420
609
624
483
455
330
148
-329
38
145
392
225
362
464
752
1013
1132
798
1028
1335
1026
973
536
376
521
341
592
489
506
390
189
-477
61
28
412
355
720
464
717
1038
1107
1328
1196
1043
763
326
704
731
887
571
379
489
560
634
-219
-263
89
138
381
246
595
496
831
592
950
1562
1136
1253
1089
465
1032
1040
966
663
367
482
565
-107
-461
1293
59
48
246
255
265
306
658
631
789
819
792
1707
1253
1324
819
523
670
505
582
534
409
-454
-65
431
-14
12
273
377
499
982
660
1019
778
993
1330
923
1583
1284
1047
305
726
372
462
662
323
-164
1711
-1065
22
48
281
422
327
330
304
939
690
869
1424
1305
1303
1006
1157
239
504
568
410
464
377
-21
1657
-662
-102
133
340
419
1
-212
219
602
581
706
1402
1254
1149
1124
761
305
474
507
496
619
-443
-97
725
-32
-101
-184
58
95
-225
92
47
-122
-83
-43
11
-81
191
168
249
315
10
-52
-10
224
-478
587
49
-390
76
462
522
545
290
217
251
45
477
130
169
174
101
357
196
432
349
233
342
142
350
239
508
407
262
178
149
266
971
955
900
394
426
599
523
479
168
180
67
7
155
586
725
851
790
832
934
663
233
309
98
74
854
867
1210
306
31
267
396
626
755
875
1014
701
781
180
94
305
139
381
323
258
210
350
231
240
10
85
642
290
65
349
511
701
533
640
769
776
1131
921
837
393
284
20
539
282
207
359
363
566
618
400
3
50
373
603
785
594
583
568
696
765
917
1111
1148
922
574
229
421
580
204
380
340
673
588
411
647
243
510
530
371
467
541
552
623
675
743
949
1056
1126
915
504
23
305
169
401
387
626
468
347
606
321
374
536
421
457
500
546
582
640
628
706
842
799
823
431
44
462
149
436
434
541
452
393
475
593
493
574
468
505
484
511
503
557
538
585
596
693
721
653
310
26
169
384
365
291
235
190
207
556
556
537
466
461
417
461
499
529
563
559
586
710
638
651
197
9
194
371
228
108
71
35
14
365
375
331
327
389
431
417
470
397
420
293
381
487
584
423
284
354
168
346
70
88
776
656
865
137
73
15
49
193
326
194
162
18
136
277
279
214
610
670
556
72
177
339
82
27
1077
1268
1623
843
793
391
307
81
159
85
142
368
674
618
544
7
320
466
433
31
182
316
93
104
1022
831
1509
772
1019
443
232
263
344
408
13
397
1074
939
382
312
565
340
383
32
183
298
172
31
709
184
1691
655
1444
844
534
220
226
33
745
1551
1418
768
463
312
625
453
578
201
159
294
251
9
327
27
1047
44
239
456
100
224
382
91
43
275
300
355
225
595
865
570
825
328
224
230
313
12
147
22
417
587
741
872
704
559
496
403
649
736
920
1028
836
541
769
533
684
272
237
273
261
147
76
106
278
371
418
526
436
544
508
454
612
445
526
521
568
479
616
362
439
137
189
333
350
305
209
294
107
431
403
439
323
445
449
412
475
373
467
557
541
491
431
246
264
318
141
376
348
393
435
618
357
556
281
216
123
196
191
112
135
97
285
410
510
460
473
148
51
876
148
400
460
502
421
321
112
220
60
262
277
610
623
322
2
52
178
187
401
417
351
205
560
1029
133
378
360
357
240
423
1034
575
224
70
309
159
311
407
582
484
362
272
277
401
234
664
1827
1730
148
352
355
432
127
53
681
107
339
296
165
357
382
528
275
202
145
274
358
344
30
1161
2194
1973
211
355
346
442
247
244
983
473
10
113
828
1209
1632
1066
690
338
57
182
404
419
62
521
1539
937
171
366
343
497
205
94
1207
759
72
246
92
8
412
49
510
414
724
420
412
287
50
397
1709
888
160
356
331
483
327
364
1101
865
136
10
22
86
86
78
312
277
455
383
389
76
314
820
2269
1054
145
384
342
383
557
395
1110
647
101
154
450
697
781
740
636
528
458
417
310
26
409
1208
2214
1180
205
330
286
339
292
11
687
382
234
224
477
549
652
641
579
486
424
351
153
163
608
1550
2475
1493
428
82
21
49
464
285
555
594
178
69
252
277
265
282
225
202
185
92
345
852
948
1658
1927
1241
-890
-286
-511
-202
132
92
357
-27
93
86
-16
33
227
272
280
263
-62
303
150
111
168
230
483
595
-825
-224
270
652
613
8
864
-419
125
62
95
-50
271
896
90
515
437
222
290
428
269
441
897
673
-597
24
705
693
729
-93
562
-189
-159
-8
437
-259
585
681
143
548
484
258
411
333
218
393
820
615
-590
67
914
569
680
223
18
128
-34
-11
-47
-95
314
227
88
276
339
365
477
188
326
220
825
669
-585
-29
947
594
533
154
-48
341
-352
-8
-130
-106
-158
-13
13
170
430
532
532
468
209
89
990
472
-600
-48
788
716
375
92
387
-21
-642
-178
-384
-232
-233
-107
26
51
248
485
435
647
132
287
843
651
-648
22
427
801
63
418
34
-740
-371
-465
-173
-334
-180
-85
-19
-21
27
313
380
762
284
521
584
761
-675
-3
355
567
331
435
-814
-500
-534
-360
-337
-309
-232
21
-34
-56
-102
132
432
754
523
570
606
712
-689
-87
472
347
608
1
-835
-457
-449
-265
-423
-269
-221
-64
25
-132
-37
-45
479
880
582
510
490
702
-725
-111
674
46
509
-189
-867
-942
-577
-291
-318
-240
-158
-158
-120
-323
-333
-310
473
1099
497
628
513
742
-736
-112
1073
-389
580
137
-816
-1385
-909
-789
-482
-274
-44
-85
-611
-421
-1297
-621
-54
771
519
621
475
718
-718
-118
1322
-631
595
842
-532
-951
-1037
-276
-622
109
99
131
-650
-19
-1785
-199
116
704
629
374
626
666
-665
-136
1385
-693
648
779
-67
-531
-975
0
-682
601
416
376
58
-263
-1136
-552
51
446
1108
148
752
618
-608
-134
1454
-574
703
631
375
-48
-219
-129
1
517
807
307
483
-113
-547
-242
178
218
952
178
739
634
-604
-47
1433
-307
619
249
236
293
-72
-39
339
167
732
-23
289
62
-252
141
38
451
1175
341
583
694
-613
111
1193
222
418
79
-232
213
-465
244
-170
175
307
-547
-23
-116
8
-323
-53
73
1017
407
430
783
-594
146
801
535
238
-695
-529
-75
-356
423
-535
194
-83
-922
52
-229
175
-338
-234
45
926
437
477
768
-559
3
551
632
227
-1064
-251
-249
-57
73
-537
411
-478
-970
-323
-156
28
-221
-146
313
553
643
538
711
-523
-100
390
597
77
-948
-515
-33
-9
-327
-657
114
-666
-728
-462
-202
-91
-300
-47
330
71
545
638
792
-462
-270
242
636
279
-853
-577
347
15
-172
-688
-20
-1016
-262
-441
-350
-4
-314
71
98
99
108
926
361
-423
-472
185
772
526
-736
-441
521
42
-449
-402
-21
-110
-152
15
-185
-222
48
-90
-55
571
193
953
650
-447
-544
85
840
385
-183
-661
881
-24
-1254
-389
-490
-465
-583
-299
-313
-150
-134
62
-62
778
275
652
826
-462
-548
-81
537
410
166
-660
458
-12
-1642
-682
-708
-722
-758
-1058
-445
201
-390
-137
319
460
404
367
745
-454
-570
-186
240
691
445
-798
380
4
-802
-1298
36
-104
128
-322
352
637
-244
-21
601
-157
961
-163
1056
-557
-508
-291
89
1004
338
-448
-342
49
-646
-1343
-290
-206
-307
-523
2
572
-529
-115
913
-547
1136
-387
1271
-696
-374
-332
89
1111
435
5
-576
-250
-298
-675
-210
304
16
-101
188
286
-403
99
722
-294
722
251
945
-636
-279
-294
60
1033
310
397
-430
-571
-367
-320
-193
169
-26
29
184
83
50
272
266
437
140
210
808
-63
-32
47
174
836
-143
667
-98
-618
221
42
95
193
213
379
368
373
398
683
4
950
93
-344
1375
2709
1843
1139
1088
1162
690
1280
1682
335
167
149
23
33
186
155
226
100
14
427
368
96
250
194
1342
1338
19
52
217
39
311
1954
1376
87
240
379
579
566
937
286
259
145
128
265
340
105
238
2
2352
1300
343
489
53
460
856
1148
378
804
956
1171
1283
1244
914
177
151
270
280
28
207
180
36
52
2675
1363
282
632
167
1243
1100
191
544
1140
1134
940
877
400
60
341
427
39
110
22
30
77
43
388
2583
1433
261
546
14
1025
1010
17
1199
1817
904
309
175
7
85
327
402
389
315
22
247
325
133
410
2385
1443
287
242
228
416
1050
208
1580
1017
249
225
216
207
231
215
226
330
420
330
1
368
347
98
2199
1505
256
75
90
443
1140
21
1297
632
398
482
307
282
243
77
31
133
257
424
632
218
667
154
2325
1507
264
26
190
617
983
576
900
575
515
504
286
219
98
40
45
100
179
338
653
142
448
228
2090
1441
222
202
534
675
1020
771
815
519
451
279
355
219
141
158
1
96
71
282
713
61
517
248
1935
1426
289
629
570
1007
1014
891
849
657
386
125
371
377
265
150
18
55
111
332
679
99
526
342
2109
1477
299
1004
253
1412
749
954
1027
1136
498
19
125
269
459
581
18
33
654
462
343
443
248
554
1865
1491
316
1189
11
1493
610
780
245
67
838
722
51
20
350
199
121
840
810
43
56
235
64
742
1536
1524
240
1070
3
1427
558
499
138
135
846
1159
644
33
95
1
236
307
823
298
107
287
167
629
1437
1542
135
994
4
1405
533
436
661
1019
171
862
988
144
53
786
266
181
423
669
85
380
162
553
1440
1642
338
1004
287
1592
347
1185
599
475
426
657
494
37
316
559
53
145
478
521
108
439
219
505
1244
1647
316
774
356
1276
100
950
679
863
471
68
151
290
688
523
327
241
212
132
94
664
590
428
1040
1602
95
435
105
806
245
572
517
331
89
69
41
315
710
494
37
108
84
79
72
743
780
4
1095
1605
42
235
211
740
275
570
456
9
40
421
493
13
552
513
158
59
74
35
227
316
684
911
972
1573
78
59
277
561
240
442
245
52
303
1200
596
259
334
510
386
77
177
158
322
195
792
1003
846
1575
127
182
124
320
225
203
25
413
725
662
241
161
640
464
120
72
126
107
145
249
730
1432
1227
1511
39
398
79
78
361
745
201
1112
762
251
399
253
519
244
45
79
16
75
72
473
1339
1240
649
1488
111
557
266
283
495
921
949
711
12
452
838
142
160
45
94
310
164
2
112
882
954
353
1040
1518
282
619
311
433
521
829
714
154
195
898
846
24
259
78
823
831
20
109
252
1293
500
387
1215
1599
260
518
446
633
412
814
54
130
450
1167
940
319
160
57
888
246
144
141
435
1372
25
406
1599
1627
249
484
630
851
246
891
289
81
72
147
98
50
60
267
118
144
21
16
678
1027
438
314
1710
1624
332
421
860
1341
106
953
539
49
301
467
814
562
215
45
72
24
150
97
1091
511
724
288
1990
1945
487
569
1146
1342
235
727
660
258
707
543
436
71
81
49
61
249
280
132
1256
11
680
1282
2242
2456
558
608
1098
529
358
254
537
331
641
776
483
251
24
72
315
541
70
548
1708
35
375
2419
2077
122
214
361
351
173
526
2618
2555
1526
1154
721
774
843
784
1192
1353
1063
1088
814
579
1266
1356
1425
1929
8
202
39
341
486
806
342
306
624
1040
1008
394
17
140
293
3
1048
1506
1908
1461
764
1597
1876
1033
151
26
31
53
12
70
736
680
254
238
330
414
559
721
714
572
281
91
365
1159
1109
125
1104
1314
110
59
132
44
755
1202
27
235
413
134
471
557
563
432
460
731
725
384
281
245
67
139
159
18
109
26
95
201
266
276
403
99
210
282
454
435
251
318
264
328
616
726
620
275
180
1214
2009
974
134
34
107
144
434
366
92
125
320
189
160
147
207
184
177
169
197
384
542
427
148
261
674
1452
133
26
68
56
472
32
112
91
91
214
140
154
123
124
153
87
99
109
298
403
376
230
1742
608
122
30
20
99
315
479
98
103
86
96
94
95
117
78
92
96
69
41
67
194
325
521
49
1104
117
39
24
56
58
454
506
89
110
148
128
121
105
81
61
104
122
95
130
165
183
39
113
17
120
23
3
9
35
151
477
46
231
257
176
105
70
68
117
101
172
390
203
118
31
45
674
393
124
26
7
319
682
221
560
1984
2475
1960
638
67
36
391
1247
1582
2554
2712
983
85
311
263
508
473
116
32
47
190
29
239
1225
1169
778
237
431
77
44
455
1368
2518
1469
575
132
55
23
181
373
1334
122
25
19
314
346
74
229
1211
3029
3454
1677
170
35
41
429
1604
1767
1989
145
476
204
71
373
18
130
31
38
218
195
262
119
246
13
312
41
31
24
218
37
1
285
296
722
503
104
54
38
748
137
8
5
545
706
45
439
904
748
369
330
267
223
307
458
543
401
393
467
273
188
146
62
117
127
12
30
390
108
117
202
552
765
511
490
200
221
186
420
575
414
564
377
261
178
157
55
206
118
51
85
214
731
570
286
50
295
241
158
99
94
206
57
338
263
116
114
88
85
162
278
230
108
25
68
227
264
630
548
104
85
133
112
65
67
70
57
107
165
108
68
62
125
140
176
516
144
17
93
90
190
12
168
63
27
439
379
190
18
258
109
171
89
7
14
29
103
165
208
442
111
28
84
183
75
233
57
2
14
55
249
718
1470
2228
840
122
51
93
78
77
51
73
42
472
118
37
79
124
116
1221
980
310
363
104
448
549
399
273
29
399
411
136
39
105
22
31
581
2549
139
35
88
83
77
606
157
87
144
81
103
118
325
256
117
55
334
344
117
47
22
324
69
611
117
14
48
91
179
285
40
19
21
1233
1894
1565
1599
1826
1492
1498
1249
0
207
83
93
16
1240
850
133
66
75
108
107
211
105
45
181
521
212
303
174
151
94
284
59
20
59
23
31
320
62
1260
108
57
77
58
58
213
465
217
52
240
211
727
1518
903
294
195
173
63
92
6
48
544
165
293
114
41
81
77
53
421
10
216
141
99
293
477
352
192
201
128
104
51
8
19
161
327
1191
1165
180
55
124
134
155
320
295
422
150
80
110
226
297
237
131
97
26
25
6
25
174
1287
1140
1931
513
932
1236
1256
896
776
223
170
321
291
636
732
668
681
675
615
628
743
1040
1138
846
92
1324
423
