-3416
-2823
-2154
551
2496
-84
-164
-2456
-1640
-977
-1864
-271
1249
-160
-2756
-1949
-665
-2062
-1941
-4347
-1605
56
-581
-1751
-1775
317
2318
-227
1952
-8
-1290
1495
-2688
-489
627
1108
760
-441
-236
848
2732
1832
-572
-2205
-303
-794
2078
4100
1301
3671
1449
423
3121
-753
-742
-3045
1352
158
596
-2578
410
-613
-5280
-3191
1129
961
807
-1533
-2561
-1319
-898
2419
1558
2325
-3093
2657
-1667
-234
94
-713
-2475
-1087
-2706
-848
1419
-1658
-461
48
3738
1525
722
-2189
-3279
43
-1084
1962
1276
2921
-2646
-939
633
-1154
-284
1495
-5345
-2029
-832
-1506
-766
914
161
174
634
96
123
731
-1613
-1291
-975
336
1236
880
-2089
199
-764
-335
-3048
1403
-705
-2233
1762
-89
-6464
1089
2364
1147
-1034
-205
3306
2260
-435
3290
-1865
723
650
-683
432
3092
-1795
-371
227
-1036
-3906
-2762
-1048
-2443
1203
477
2796
3039
4310
-3152
-3696
2753
136
-1724
3307
1441
1884
40
59
-1182
-2680
-2367
1364
-243
-4698
-4235
-2020
-4001
-2259
-3719
813
882
-2254
-1329
-1508
-1246
545
-818
1919
-215
2373
-798
4174
191
2265
-4057
-584
-165
-1274
-243
-1186
1032
-539
884
1988
-984
-200
-2147
1840
1148
-1273
-2132
-1027
-403
3595
2766
-2297
-2056
-870
-2638
1123
738
-310
361
2262
2745
1985
3158
1693
1792
-2244
1541
49
-3145
-238
2142
1793
-338
2636
248
1170
-2133
-2376
1000
-820
499
1193
-1098
-653
-2435
-2104
-2012
-3651
-5211
152
5563
2527
-1356
-2059
-1584
-392
2778
745
103
610
1530
-494
1137
1649
-925
-1303
337
-280
-642
95
-1853
-1212
-658
773
-3445
895
-1134
-1223
-1819
-878
504
2229
1534
1298
2544
-863
1214
-1002
-2952
-3157
-512
-1067
-2592
417
-1741
315
650
-1115
-1241
-238
-2888
-194
-2589
-3095
-1309
121
171
3422
424
-913
-651
2036
2358
961
-720
-3265
-4581
-281
-663
919
-901
-1433
1910
-1952
-516
3848
-3113
231
-747
671
-1750
-1108
-2244
1867
1894
1952
-2397
-4933
1046
-2263
-2138
486
5255
1023
1582
-561
-1623
-3154
-681
320
341
231
4466
-821
-213
-989
-1852
-611
-758
71
-2093
-3757
579
-1560
349
-61
260
786
-2580
-335
140
406
-3042
-1900
127
2131
160
-853
82
1441
4179
162
-3787
1315
-2688
-1816
3496
468
1268
-2082
-2019
-1400
-26
2753
661
-618
-1845
1019
-2380
3628
672
869
743
-1508
649
318
-733
-1269
-2840
-1391
2811
-1788
-2108
-1127
1051
-68
-1856
-1152
1287
-1480
-912
474
811
-1702
-39
-1590
1121
965
2289
59
483
-3337
-3051
1996
-1076
3392
-157
2481
-2377
-1390
-3083
1574
-270
2362
3271
-1124
-909
3083
1396
1215
640
-70
486
-466
689
2152
833
-3109
-799
-1062
2552
438
-835
-1310
-1021
462
-2507
-1290
-200
733
1909
933
2133
1714
-346
-3706
-2056
-1803
221
289
-3404
1716
997
-2301
810
-937
578
-1206
-1353
-1147
147
-1917
-992
-572
3145
1481
1606
1444
1614
3236
-1008
1
-6103
-5020
1363
-61
-2512
-388
-2163
-1679
-1163
-565
741
-298
957
-93
-2379
-986
-118
322
-320
3330
2645
-860
2526
72
-660
714
3629
-1587
-2239
1108
-1997
2095
124
-2156
-857
-2274
-1656
-1472
-606
-856
1344
750
-216
2038
163
685
1175
173
-741
-1895
309
-1711
-719
3217
-3463
409
250
417
528
-627
-1119
-345
839
-2147
1102
-360
-3817
811
-2828
-494
2588
1273
-1855
-1030
-1915
-704
-1035
1617
532
-1502
462
-1480
480
-80
-224
-1409
-2324
2309
239
3252
-1174
-433
-265
104
-1620
3249
-236
-1139
43
-3466
-2631
-707
2741
2691
-232
619
199
1961
437
1738
2629
2624
-1196
-169
1459
2427
-850
489
1188
-4013
534
-520
-461
-1505
2402
-286
-2114
-1633
163
40
-932
-1221
3841
-330
2155
1558
-2177
1329
1091
1373
-2232
-3896
1693
-2857
-2038
-629
123
-175
-1981
-3129
-4594
-906
70
-3922
-741
806
-483
-1476
-961
-1343
-3382
1116
-1467
817
-1540
15
3929
2898
97
-656
2328
1295
-1836
2431
3496
1695
1638
560
1908
110
-933
-558
-138
2810
586
-776
-183
-3563
-5019
-2132
-3048
567
-5724
-2494
-523
-5670
-3697
-3217
-2435
-2481
-1193
-2593
-202
-2188
-13
-1285
-3517
-2478
-3090
5400
-8025
-3195
-2960
218
-1580
3402
-3073
-1574
905
75
-2459
-1411
-2426
-6740
-3913
-3443
-5819
-3042
-4359
2302
-3082
-3866
-3633
-3079
-2042
-1332
-2364
-6880
-2968
-6815
-1831
1073
-723
-4441
-696
-4814
-4094
-581
2938
226
573
835
-1909
-4524
-4296
-933
279
-4363
-1186
-333
3379
-5579
-1583
-4898
-3182
-1431
-816
-3387
-2045
-6061
1087
-486
-1488
864
2328
526
293
-72
-1505
-185
-1645
-2507
-2006
-1922
-4334
-5125
-1980
-1642
-8241
-4020
-2988
-1853
1112
1560
-2345
-2171
19
-1479
-3973
405
2116
-2693
-3265
1163
3150
362
-3371
-2846
-4255
581
-3163
-1739
218
-1411
-3702
-1062
-6687
-924
-2898
-4381
-2727
-3326
-1366
-1536
-3113
-3597
-5698
-370
-3813
1967
-887
-273
-48
-5483
-5312
-2304
-5401
-976
-708
71
-2461
1306
-1437
-1706
-3944
-4989
-2586
639
-1166
-4204
-3412
531
-2948
-4660
-2202
-3114
-1904
-3383
-1284
-1080
2804
-5361
-2313
2862
234
316
-627
-2717
-909
-5831
-2971
-3132
147
1210
-2442
-3632
-3467
-4996
3852
-2338
-2157
-2489
876
-6041
-1334
-4197
-4122
-1634
-27
-4057
-2809
-2259
-610
-1537
-2561
-1162
281
-2104
1526
-3098
-1865
1506
-3843
593
-4285
-1233
-4546
360
1606
-4162
780
-4547
-988
1296
679
-553
-3503
-3068
122
-4148
690
1605
-566
-699
-1358
-4058
-3627
-2841
-667
-3456
769
-236
-2977
-2840
-4180
-4371
-447
-4864
-1240
-3037
-2218
-3987
-1243
-4348
-5113
-4194
-3273
-1355
-4304
-1235
-3272
-4935
-2895
-4284
-5
-1395
-2690
-1965
-6076
-1380
-1259
-2243
-73
-3423
-3062
348
-1681
-1919
-1104
-3294
137
1134
-1361
1139
-5259
-2320
-5437
-443
-1960
-1605
-3487
1660
-4899
-5809
-769
-2449
-3779
-3293
-2256
1905
-2352
-3766
-1274
-1007
-6022
4135
824
1011
-1185
-3262
-3757
-2629
-3567
-1008
1650
-962
-3492
-2579
-1985
-1530
17
304
-1746
5068
-1808
-3131
-3808
-3689
-2213
-1495
1357
1464
-2046
-3189
-4777
-1578
-1916
-2394
-3422
-4240
-389
-577
-1813
-3952
1215
394
-4591
-433
-3370
-1137
4221
-5397
-2481
-1628
-1404
-3657
-366
-1290
-3471
-2887
-320
2262
-495
-1618
-4713
515
-5268
-2090
-2936
-1078
62
-4284
-27
-1791
-2504
-1825
-2611
-6427
-6706
-2329
-3336
-2424
-3151
-5384
-2228
-3238
739
-2780
-2268
-163
808
-1625
-4541
-5943
-1489
-2046
-5541
-1185
-2539
-71
119
985
-949
-1945
-24
-128
-3841
-4813
-4711
-4002
-2295
-1947
-4676
-1206
-805
-1530
958
-802
-2824
-6856
-5238
-4206
-3428
-1594
2643
-6275
-2122
2407
1417
-5339
-2994
-2156
-5440
-2090
-2260
-2433
19
-3505
-3638
-1537
-1151
-2363
507
-2375
-1071
-1646
-3399
-1563
-4607
1301
472
-84
-401
-3828
-6151
-4626
-5051
-1699
-187
-2645
-892
-3924
-1698
-1529
-3901
-2661
-414
-912
-2256
-3756
-286
-3982
-800
1162
-2007
-4722
1314
-1472
-1758
-1083
-457
-2122
-2764
-3600
-9246
-1454
1068
-1158
-2323
-2467
-3490
-3201
-2075
-2719
-2498
-1482
-2624
-1640
-3030
-1825
1232
788
-1585
-4261
-2670
207
-1026
-5837
-1939
-2786
-1560
150
-2941
657
-3819
-3727
-2956
-3258
-865
-2419
-6305
-2545
-5555
-1147
-3961
1300
-3797
-3672
-4352
653
-968
-245
1443
-405
547
-7463
755
93
-5254
572
-477
-2277
-3250
-3285
180
-1848
-5443
701
-3708
-3937
-6764
-824
-2117
-1932
-3020
-1032
-2808
-2938
-157
-4689
1719
-661
-725
-3765
-1147
-1497
-3300
-1659
-1405
-4127
50
-1023
-2976
-1703
-2685
-3053
-3007
2948
-5550
-3317
-1204
-3526
-3124
-4836
-2830
5796
-2472
-922
-1715
-1021
-2843
2656
3702
-68
-1423
-742
-2864
-2736
-4186
-3232
-2731
-5594
-888
-1354
608
715
904
-4419
-723
-706
-1221
-3411
797
1798
-1309
-5483
632
881
608
-3151
-2944
-144
-1406
-162
2878
-5589
466
-4267
3038
3534
1209
11
-3321
2646
-3035
-3454
3373
2715
-3206
-2809
-783
-1304
-1407
-581
-4553
-441
1228
-2437
162
546
1889
921
-298
-1198
2323
-693
2905
-901
2
1288
899
-1744
-282
-2855
51
-2723
-274
1246
-174
871
3317
-1395
1415
-309
959
1441
1885
-435
-1945
-419
1816
-236
2045
594
1073
2648
3021
-677
860
-1569
2705
-74
3828
3261
1524
4107
1202
900
2184
-1433
-1984
4319
1520
29
-2704
-383
-792
781
-2837
-3727
3322
-795
844
2347
358
276
420
3184
2502
1971
-667
1317
612
2232
1326
3111
390
-179
1095
220
1399
3991
896
-432
1446
2114
2018
-103
894
1964
-1903
4938
4300
-221
1261
-1887
1004
2744
403
3013
-385
-525
463
3066
2331
1995
934
1508
3103
-266
829
1919
3776
904
-1042
2279
3136
899
1380
992
-230
-2126
-1088
2832
2210
379
2470
1443
2856
1902
2225
876
4181
-50
2093
2882
3081
-800
-132
2438
2121
-558
2782
-2171
1077
466
-1596
216
1655
-695
2398
3228
46
1029
1016
3592
-163
-98
2756
-531
4494
3010
-2884
2615
2721
3850
-1504
2372
1507
1133
78
1709
-261
-666
4960
1817
131
1646
358
1816
614
-1671
-3552
971
1766
5418
-1231
2295
2463
3141
-1532
2289
395
3666
-499
-136
767
-1286
935
2793
593
1781
-487
1625
2200
251
3302
1594
-1306
1705
1388
2599
857
332
-1952
1254
2616
318
1952
1171
-2340
1075
-1194
183
1401
355
1666
15
2657
2701
-1465
4247
1495
5003
-3454
4116
1569
-592
-2499
722
421
499
1274
2803
2168
1368
1234
1607
-1344
-485
-1070
2281
216
1454
3505
1112
2704
3074
-2193
2990
2727
2241
-416
2296
1460
-227
3763
-450
434
2598
2735
4787
3302
1657
415
-409
-1103
-44
1307
-1434
1623
-1292
1054
4898
981
2044
-348
1096
1336
-534
1183
1027
285
-1148
62
1149
594
948
1078
3297
-844
2127
2179
858
-699
1040
1312
1878
3061
784
3419
2251
1906
-92
-323
-841
1677
-1311
247
2639
1217
2507
3414
6764
-1557
772
2116
442
356
6754
1197
5108
3080
1388
1704
3246
203
1510
3403
232
1771
1934
1810
856
2238
-2500
2190
3913
1975
1549
2610
1230
442
1681
3067
2007
3852
2588
1246
1376
450
879
2073
1291
2103
-2655
3496
3771
2603
952
2201
-1051
2357
3039
923
-833
-1919
443
-1405
2891
434
503
2640
2381
608
-134
2197
-1208
-1723
-714
1058
1985
477
3710
1777
-317
-1477
2369
3192
1259
-1471
-682
-3411
3334
1841
238
3074
638
-271
1725
-2038
3143
3021
2193
940
2152
1263
4883
952
-196
-1319
339
2506
2756
84
658
-1022
3156
4493
1226
394
601
1656
1847
3105
-2458
319
2268
-489
1320
-597
1419
-1575
-1102
-2411
-695
1328
77
1216
3464
1094
3682
58
1152
4
1133
809
2412
1430
-1243
-665
260
2499
2479
-1304
-3556
-235
4315
1444
141
1473
-869
710
-1503
517
2452
1342
646
-477
-1640
2506
2018
261
-626
-874
-2
1166
992
4195
709
-36
-2897
956
2484
528
838
3238
19
-1652
3916
6238
5196
2132
-1550
-583
-1485
-3520
-1617
3413
3558
525
-1453
1159
2532
170
-169
-1730
2290
3443
3472
2311
2006
-1438
1616
5874
483
1025
1388
1767
2559
419
2236
-106
2399
830
-2246
-1149
119
-1207
-382
2346
-1255
1373
-598
-179
-14
641
1615
7201
1567
1602
775
3385
1914
1834
621
2093
2755
-1442
-134
514
133
775
4459
1440
1956
-5100
-2263
1261
913
251
2937
3885
623
-1737
-13
1687
3866
1732
1749
-485
4345
-965
-1436
2377
2279
125
2626
4099
2971
14
1366
2169
-830
-1199
2373
2433
-605
705
885
-502
-1820
-94
4677
757
-2587
4888
166
3128
4196
2735
-774
2229
3223
343
5165
747
2263
-883
3772
3891
-862
2208
3558
2903
772
914
2712
-290
87
303
-714
625
2374
936
-236
3216
2624
524
2778
2683
1719
1087
2042
4100
5806
6292
1546
2367
5658
812
-209
1571
3213
4139
2409
3654
2926
1036
550
4707
-1578
486
3591
3756
1118
-2066
-2029
1364
2126
4212
3368
4587
2811
4056
1701
1449
-2063
4650
3482
2994
-255
741
617
1534
401
-949
-527
1693
1220
2766
-3145
-3122
-3107
1581
377
-1005
-3215
160
-3401
-2462
-742
-1151
-2751
-3042
-1668
-1404
-2297
-2175
-427
-4016
-4705
-394
2063
9256
-176
-2694
-4543
-1556
1659
2078
-757
-1793
-4672
-1667
-231
-2887
-795
-3798
-884
-2896
-1751
348
-5556
1308
-1946
-4874
-1074
772
319
-152
419
-3911
-2681
-2001
-1722
-844
1750
151
-190
-849
-988
401
1076
2114
2010
1245
-934
-499
-1245
1313
487
-829
-247
-973
2209
-2942
937
-1576
1484
-316
109
-2971
902
1594
-2662
-3486
-2159
-1617
1955
-2936
292
-915
2180
-1410
-1616
502
1062
-2648
-2973
11
-2374
-2540
-1541
-1523
-4583
-5236
-2727
-416
1157
1541
-3751
-989
463
2053
1799
-1757
-244
-2710
-476
2963
1614
-2638
-3532
7154
-2893
-3298
-620
2413
170
-3642
-3512
-3485
-3671
-6474
-1947
-2116
-1612
1923
-2998
-1809
-2688
1509
-178
-776
-460
-2065
-356
555
-1392
455
-3179
-656
-1327
-319
2709
409
-507
-1096
1544
-1785
-661
-4117
-2255
-1897
-2830
-532
636
4502
1029
-1825
268
-442
764
-1397
1178
-352
-2101
3287
-697
-1912
2594
-1109
-3476
834
43
-917
459
-770
-1312
-378
-3192
3353
850
-373
-937
-1161
-236
-5940
659
-4348
-2213
7
1817
1245
-379
616
-2822
-2827
-2712
696
386
1737
1530
-4438
-3029
3523
1500
-3670
-4629
-2503
-2811
-3487
-1366
-1781
351
-3405
-963
-3507
727
-2399
-3303
-2032
471
-425
-797
-2626
2494
2939
123
904
-1889
-4455
-1091
-2014
2179
-520
-821
1133
-2664
-3935
1192
-2460
1849
-597
-2847
408
-2265
-491
-2163
-1238
-1523
-1371
-3788
1989
-1296
-3192
-998
-2445
-1484
-218
-2269
-979
-2143
2001
-223
-3905
-930
-2361
-1091
1036
381
-371
-4129
-3014
-221
2398
-1664
6145
1950
-1525
-1276
1443
-1717
-1548
-1637
-474
-2702
-323
-1054
-2692
-417
-1035
1263
783
-364
-552
-1810
963
-4387
4489
2823
4199
-1842
-273
-3129
-2234
-876
-1197
-546
-268
-2064
407
-98
-1550
-1926
-1913
466
-285
-300
-3812
-2577
-77
-656
371
2444
3193
-1699
-922
-3097
1729
226
-1836
-7141
-1788
-2018
-3929
515
-839
547
-1426
-2910
238
1772
-2314
1064
409
-2830
-3103
240
3222
142
-18
-1281
-1211
-539
1232
-3597
-1101
-4916
-1499
-3667
-2238
-1625
2250
-1666
25
3260
2710
-2366
-2159
1785
1994
-4263
-961
-1755
1013
-4569
-3618
2600
-1788
-1860
-427
-394
-1448
1251
-610
460
-2604
-2085
-3691
-1406
-3318
-2230
5329
-2012
-1667
-482
275
-426
613
-5701
554
-1957
-5002
-1026
595
-1682
476
-1659
-3677
-534
1222
442
-1943
2007
-1914
-4963
-232
-1182
-1494
908
3375
-2812
-968
-4000
338
-820
-1767
-621
-2106
-2888
-3216
-1435
-1948
764
-2775
-1020
-2479
-532
-4435
-1834
782
-4474
-1812
-366
1833
-1242
-3005
-2417
-2695
-2305
-1226
-154
-1218
-1966
-3239
-1647
-791
163
-690
-4323
-2847
870
831
-2068
-1855
-3739
-2199
-969
-328
204
-297
927
555
212
-2327
-1288
-823
-1208
-640
3592
-1109
1058
-883
-3555
-2624
-3580
-3275
-3141
-4011
2597
-1258
-3286
1369
32
-1845
-1684
2105
-2163
-1434
-494
204
1013
-1349
4487
-2092
-5977
1978
-910
-436
-750
-1293
-624
-466
-396
-291
-833
1177
-2660
-1474
-3945
2157
-259
-2128
-1380
-2938
-5710
-3545
1473
461
-2464
-1367
-1095
635
1221
-3245
-3044
-971
-2887
-1801
-1689
7160
1409
-2594
-4043
2208
1184
1624
-5710
-2880
-3123
683
-1013
-533
-2242
1829
-1034
-2
1556
-670
-3285
-295
3200
1572
1213
4184
-1934
187
-2458
393
-5344
-125
-735
333
2839
-3089
-4318
-3674
-1094
2791
223
-4060
569
2236
-829
-501
148
2898
-774
1678
454
63
-1880
-119
-10
-3680
-529
1391
451
49
173
-1152
634
83
-15
-7
2757
-121
1564
-1348
-1176
15
150
636
426
-2949
-3593
-1413
1799
-994
-762
-2552
-2633
3144
2220
-3368
-4851
1647
-2012
-213
-258
-87
-2847
-1778
-478
-3498
-462
1151
1993
1081
2023
3893
3176
2117
3347
532
854
5544
4675
2929
-1311
1759
1629
1554
-820
-432
3573
3587
2967
1371
2534
4306
1080
4203
4204
8943
637
1602
4903
3692
2606
2257
3622
5740
4909
846
-124
4629
3967
-958
-952
-129
146
2591
3850
5823
160
2705
-2275
-562
5003
182
148
51
1767
686
1211
27
5052
1274
3543
2238
1854
2146
2718
-927
2342
1181
4092
1377
1826
-594
971
5011
6628
3296
2590
2087
1756
1591
1490
1259
1404
3433
-580
1011
-2022
-1382
6079
5787
1612
2730
1739
2787
682
5643
2576
2380
1550
3901
2658
-849
554
2828
854
-103
628
3211
2623
684
-2362
-1386
1703
-2344
-1067
136
-375
3549
2876
5814
1527
1241
-1543
-232
3968
2559
-224
622
-2235
-1437
173
3192
2235
-989
-70
1935
-1091
2337
4047
242
3533
4270
-1398
3168
2115
1517
90
-517
-1813
1391
5309
4151
6065
-2376
-1580
4496
-1071
-2048
1710
-2066
5975
2331
2539
5671
3108
1853
2731
2850
404
-775
1592
844
-214
-3171
-2767
-1658
-2462
-733
-73
1641
-1168
387
3383
2224
508
1841
3829
5080
3664
3106
3066
3801
2760
-188
1377
14
3270
4229
399
1621
718
-1118
89
-561
-2696
1657
3164
2666
-3606
1154
1203
2922
1800
7251
-316
1189
-253
2646
2412
-2512
1922
5139
4399
-2591
282
301
2465
-4303
-576
-848
235
-807
5188
3283
-952
1276
1370
5739
3062
4705
-1290
-441
-1272
-5508
-4729
1791
4800
1891
1666
6273
1413
817
3345
-3088
2596
851
281
-169
-2
473
3085
3439
2812
840
3943
-211
1210
1151
-960
-2674
-273
6685
1370
3028
-937
923
2946
-1954
1750
6569
-555
2422
-703
-718
258
4934
2636
-433
4847
-367
4246
3262
3336
1652
5545
956
1841
1215
-329
2509
3359
-2205
-695
700
511
866
-1365
2010
2912
2939
3681
5393
3707
-729
417
2724
-1011
-742
5616
14
-1293
-3003
-1638
1092
756
1420
1654
2166
6374
3595
5106
-978
1348
4110
1193
-236
1549
3012
1868
613
2719
1819
663
3687
1035
-642
731
1745
-598
-180
6822
5219
2181
239
620
4343
404
1575
5128
543
912
-1531
-1801
3316
-416
-300
-715
4058
2391
389
-1841
299
5087
246
-289
3040
1824
3719
-2575
249
-336
5933
1021
3046
3718
657
626
-1153
381
1168
2924
2124
877
-556
1422
-511
1638
846
2585
-1233
-930
3816
5335
7373
3551
2064
3359
1106
971
509
2988
-1327
1829
-962
-1367
283
2644
1931
4369
5213
3034
-259
2369
1409
699
-1695
-296
2751
3158
3326
2209
-843
54
392
2971
-415
652
3392
2840
1371
-1
-1517
2028
3254
6662
1833
1277
3509
-1017
2134
-412
-83
1557
6272
1858
2231
-1436
273
3252
229
367
-2548
565
-2995
4639
-1558
-535
-2506
-976
1524
3504
4804
-317
136
680
115
1906
5842
499
3459
920
-110
1598
2437
2385
3381
-1542
-4089
2097
723
4345
1005
-104
-756
3420
2431
-1242
643
3316
2140
2793
3273
-959
-355
2761
-1264
1305
608
3382
4284
3126
1371
-2355
-1544
-949
2264
5347
-484
1135
-278
1636
-2202
2385
277
-940
6204
1420
1926
6867
841
2310
-1519
2467
-1071
1144
4769
-1015
1120
819
-1422
-963
2019
655
-2362
-212
1279
4237
2191
560
7346
2831
602
4395
1385
-507
-2520
-2124
-400
-210
-1221
-1
1802
410
1153
3514
-44
193
-3
590
4045
859
4880
-1261
4446
1605
1365
5437
1477
-2221
3032
102
3255
911
-38
2311
-744
-666
2098
1442
937
4733
5632
3392
804
839
-1628
1593
4358
3216
4180
-573
3125
702
894
5226
-492
535
-1800
848
2959
-459
1650
187
1339
2970
40
1359
2852
2946
2136
6776
1515
-333
1732
-403
2442
5806
6009
-753
-2467
-1124
-2889
-606
1209
5419
1325
977
-2960
3313
15
2052
3212
2849
-3994
2681
3086
1693
5520
2040
2507
1006
3253
2979
2395
-816
-770
1022
1223
1562
-1811
2776
3033
-198
2805
1234
2486
3488
4566
-1021
3736
-486
983
1486
-56
-311
-3922
1197
3133
315
4319
1243
2037
2621
-57
737
1588
173
-568
692
3294
3742
230
-2312
-378
-2490
715
3501
8462
6597
7921
7465
6168
5320
3942
2235
4321
6448
1872
2830
5467
3984
5
-495
5071
3419
5240
7374
2571
-2832
4473
1807
2108
3641
3426
3276
5357
-333
581
5107
6271
6941
2940
2841
2940
4989
3747
4296
5508
1528
3690
6032
2039
-793
3986
7162
5485
9144
7806
3898
6136
7195
7057
5025
1186
2347
4420
785
1484
1166
1547
8035
5142
3042
-809
-244
3884
-1761
3444
3735
1458
4039
3899
6413
3015
1288
2105
3498
1758
4585
3381
5134
4320
5387
-1599
3835
5374
2613
2961
4396
2341
177
6954
5692
2753
989
3078
7040
7448
2016
2112
1103
-608
4838
4850
978
5864
4486
5983
6445
1079
6233
3225
5009
492
-1599
3537
1213
4038
4903
-1487
-677
4664
5026
7360
6734
4295
-593
7566
7458
4655
3830
7779
6263
3497
4702
5784
2029
3675
-1091
-101
1134
4098
852
3215
3225
3187
1658
866
5676
2583
5460
4091
4789
6803
6357
4235
4700
8140
-26
4045
4179
583
-2819
4276
4113
4491
2656
5709
2160
4271
2118
-47
4090
4257
4247
2250
3152
3563
5995
6417
2671
-1217
4305
4945
3311
5174
-1170
-1479
3351
2447
4949
4319
3551
3482
5010
4729
647
1155
1999
1620
3777
4424
6736
5671
3153
8491
5078
3012
3799
5950
-1809
3183
2675
4714
2810
2707
1826
561
5669
4564
5736
7543
3116
6023
6222
4634
3226
4473
1539
4705
6394
4671
5148
354
1789
3332
6561
-264
4476
4818
3982
1547
6193
6119
4482
5629
5000
4033
4333
4692
3010
7227
5143
6149
4218
7395
3707
1233
466
4251
4331
2776
8852
4988
5665
5987
5888
7593
5125
3196
4674
5021
878
4502
2803
5315
910
3467
1633
5592
4925
1376
-1350
2199
3215
6673
3617
3420
3261
1230
7120
3281
7267
768
984
2082
4797
3475
4219
2980
4853
6892
5821
6630
3336
5490
-3755
1423
5091
5429
4038
3371
7052
4312
6792
6580
5627
3548
6355
6808
8097
4387
8228
6268
4512
7266
6301
2550
8161
1949
-52
1446
4989
3853
6099
5625
5948
5466
4632
3132
8244
3801
2719
4389
4644
4811
4592
3260
2488
7793
3498
3542
1272
4272
-4146
2602
7383
2616
3746
5374
3260
5743
5027
2275
2538
3393
4833
3159
4614
2195
3919
5725
3958
7532
4834
5122
3212
4871
1916
3269
7301
3236
6345
2865
578
6903
3760
2013
4725
6450
5886
5394
6626
4015
4135
5042
4318
1182
3582
3477
3535
1586
621
-783
2016
-16
4614
5785
3786
1741
5946
7572
3321
4224
3754
7401
9743
3576
1800
4808
2722
4650
5411
3800
3930
5099
-2569
1187
3014
5556
4320
4857
2702
2552
4849
4839
9420
1602
219
4720
5556
4040
6317
5714
4971
2881
2254
556
6163
2964
-3058
182
4075
5050
7300
6379
6629
8420
1545
992
6677
5472
2932
2595
1220
5624
7095
3173
2032
5502
6614
4536
4936
3780
-2757
-335
862
4532
140
4335
8460
5186
2638
-330
-398
5232
2522
4573
6550
3024
3216
1417
2120
3156
2848
3723
3114
5002
-2405
26
6513
4884
3221
547
-169
-272
1557
3789
2164
3018
1543
3261
3466
6851
3524
5474
3871
5477
7014
4887
1501
3773
-213
1764
2853
3400
4963
2275
2427
3960
-82
1720
3239
6098
173
2993
5708
4335
3648
-601
-811
2811
2994
2144
5318
6015
-2140
2860
4693
3348
206
4214
1312
3018
3564
5674
4532
4272
5721
1956
3438
2218
5330
3259
1727
6467
3290
2701
-105
37
-1792
3486
2470
3286
2699
2933
6811
4568
2985
5915
6245
1790
3575
6487
3324
2781
4320
3942
925
6241
2524
3113
2819
-429
-6023
1523
1611
-148
3464
3217
5857
1173
3263
2497
2081
4551
5288
5470
6197
6358
8606
301
6104
7575
1500
1272
3027
1810
-3056
2390
965
2460
5460
5089
3782
2118
7043
1469
4159
1826
2827
2682
1162
3677
2284
1057
4898
4710
5841
4326
3138
4387
-2048
-3336
-1852
-5013
-591
-902
-2985
-4159
-3835
-4780
-3304
-5347
-4172
-2219
-2497
-4187
-727
-1710
-1817
-2446
-1701
-3716
-1766
-4706
330
-3824
1014
-790
-4876
-2219
-2709
-3068
-3011
-1350
-1329
-2572
-4262
-4597
-1875
-2115
-2138
-2012
-675
-3463
-2003
-1567
-2851
-4506
-629
-1346
-2567
-2611
-1838
-1835
481
-614
-1612
904
274
96
-1142
170
-1262
-2453
-207
-1664
-3969
-1783
324
-1689
-1789
1161
2195
-2727
-3840
-1238
-337
-913
-691
638
-3064
-209
-1258
1038
-561
-428
-1457
-2423
685
-2469
-2569
628
145
366
-718
-708
1032
-1427
-2007
294
-111
-326
-1896
3452
-626
-696
-420
4303
646
-87
-2169
-2970
1535
1113
-2532
-216
-3305
3546
-1458
-2177
1870
-2798
192
-1772
1075
926
-2329
1132
-614
-2077
-2217
-1432
-1180
1348
-54
1341
-1454
-1894
-1484
-596
-3274
-1642
356
1013
3227
-973
17
-2362
-1354
-2137
-1184
-332
1842
482
-2553
-1952
-770
399
-891
2075
1910
-197
-611
-1042
2240
-1041
-2084
-1616
-163
-2999
770
-2166
868
-219
-800
694
-1774
-1249
909
-1961
456
668
-1389
-62
529
-506
-1330
696
-1212
-2984
-1008
-2198
1116
-4061
-1346
-1094
-931
395
1139
-598
309
-679
-2318
804
-1747
1372
190
740
3078
-2365
-287
-730
-2982
165
-61
-4730
1128
-127
-2046
448
392
-1133
-704
325
-2967
228
1162
2938
-681
-740
-1403
1597
-41
2118
882
-715
-1726
-821
79
-3160
923
-1362
-2822
1245
418
-1034
824
440
-815
-1999
-1834
-153
-117
-1259
-3268
-1731
-561
134
-1363
-1723
-124
-883
-765
-1706
1036
-1181
-2146
874
-4496
-2585
453
-449
-865
-48
-3100
-679
-1525
717
-975
-1830
-1280
-611
1347
-147
-910
606
-1216
690
89
-3388
-616
-83
2442
-2494
2391
59
-1866
3100
-734
-708
908
-74
340
-564
-317
-3059
341
-1605
-1632
-2825
-1532
-3478
161
-389
-3212
2229
1115
-1371
-1191
68
-3
537
1093
732
-92
-550
1420
-2285
-1374
-1254
953
-2098
-3862
-1158
-1739
-1838
15
-1800
174
-932
2207
-67
-546
-1086
-2078
-1630
1177
915
-1622
812
-1279
739
-1910
-745
194
585
-627
2225
-2962
-834
-736
-2431
-535
-1415
1004
553
-564
-1387
-2529
949
362
-1877
-3354
-798
2284
-713
-289
-3845
1175
-2459
-3414
-958
1215
-1274
2277
316
-354
647
-1847
-770
-679
-312
-3350
1024
909
2374
-2298
-2352
194
-3263
990
260
741
-2416
-2194
-1196
-1025
465
-819
-531
-1622
-311
-205
272
137
1785
-3139
1471
-764
1430
-1506
-315
-1733
-497
311
-279
2790
-3906
-2084
-158
-864
-148
1440
-202
-791
-2269
550
-2465
-1040
-1463
152
-1061
-1283
-826
-1459
-48
-597
874
2275
757
764
-486
-3115
977
799
-1722
333
-208
-1371
-355
321
-117
345
348
167
-1059
-2134
-2271
385
1064
1489
47
1113
-190
-1255
-2601
326
-180
139
100
1230
929
-95
1188
-696
-2744
-192
-3904
1299
-778
-610
-639
1269
-1537
-821
-296
1178
705
-255
-232
-957
1018
276
-800
432
-2207
-5113
-2171
3149
-2654
-1061
714
836
-642
-1528
-157
1490
-2885
-1805
-436
2228
-1
-522
-394
-2330
-1989
-1715
81
2532
-2717
-1101
-1418
1228
-745
-3948
45
-1615
941
-3768
-2727
2860
-1475
-686
-439
1769
571
-52
-2125
-2962
1899
2134
-764
804
-3482
-1460
21
-35
-94
-4886
-745
-509
2492
-465
-904
-306
600
-2461
927
-925
-668
2191
926
1358
332
-772
-1130
992
-2737
-3113
-79
2405
-260
-1854
-1427
47
941
-1286
-1921
-729
1381
365
610
-2860
-2905
2420
-493
187
-4265
-523
59
1811
-1463
-594
-2605
-648
-734
265
-681
-1521
7
-1618
-201
-2452
-590
711
-931
-743
-1431
-413
-169
8
-1431
580
244
1402
-968
862
-648
-2996
1148
498
1296
262
-1301
1034
789
1285
133
442
2
732
-2744
-614
1844
312
-2028
907
378
2260
-1038
-2051
871
-1653
1513
1105
1927
-382
20
1913
-2617
549
542
-1196
-2429
-234
-1180
-1339
1181
971
576
414
352
1530
-4753
-1078
-4830
-6123
-4799
-2954
-1479
-5461
-1667
-2135
-731
-4525
-3907
-5194
-1557
-2707
-3386
-3877
-3037
-4420
-6213
-3515
-3248
717
-1824
1170
-1698
-6039
-3880
1333
-1458
-1376
792
296
-565
-903
-1814
-3153
-2084
-5688
-4851
-430
1775
233
-554
-5813
-1235
-146
-1971
-5391
1492
348
-1028
795
-2789
-2632
-2101
-3378
1958
1360
213
-1045
2969
-482
-2022
-5754
-4159
3011
2998
-498
-2076
-2311
-1458
1090
713
-1459
-4846
-7004
-2913
-237
-2229
-670
-406
151
-4873
-3797
-143
-3836
3177
-993
-962
-3344
-2428
555
473
2025
-4095
-20
3434
-1105
-1773
-33
-251
1149
2780
1514
-1722
228
-1047
498
-1176
-3835
-4660
109
-544
-122
-2046
-2826
89
-1031
123
4280
-4180
-3523
1840
5508
-363
-3898
-849
-147
-1665
724
-2268
-2699
11
-3664
-3360
-1454
-1532
785
-5374
-1224
-1931
-87
2208
-3468
-4425
-3619
-3385
347
1638
-2478
-219
-1799
-3919
-539
2158
-279
-1162
-2101
1757
2472
821
1791
-2330
809
-1797
1969
-3196
-2127
3588
2981
355
-2591
372
1092
2992
978
-856
-1056
4160
78
-986
-1697
1176
6550
2050
-474
-1209
196
938
1610
-1038
-1881
4186
-3872
-1643
765
-1808
-6333
-3680
1637
-2352
-2451
900
-2887
-2533
-1597
966
796
-25
1054
1294
1724
-2350
704
257
2470
976
1665
1357
741
-809
-5131
-3619
-1624
-2927
-2746
-2691
-3815
30
344
-2074
-1134
-5656
-2628
-416
-3439
4241
-2082
-313
-1490
3977
-43
-4112
-767
1072
-254
-3588
-2511
-4525
-3082
-780
557
-1037
-1072
-5942
-611
-37
1813
-2556
1800
1077
375
178
-887
-1356
-2914
-3536
-3304
-3856
763
-685
1583
1579
69
3603
2984
-1447
2252
3602
-1395
-107
1898
134
5022
1144
553
1332
-17
-3568
2607
-68
409
-3129
214
3136
-1195
1006
-1793
-2173
-1114
-18
185
-1879
-414
-1138
1154
2661
1324
-2018
-354
858
-105
-656
-797
1004
-1044
-1844
2920
-694
-3685
-563
-1172
-1316
-780
-673
189
-3223
-2517
-1862
28
2136
-1875
-2787
-475
-659
4395
670
-2825
-895
-3443
-2303
1696
2794
-93
-1043
-3407
-4496
313
-3071
-1524
-580
-943
-1620
2616
-393
-2302
-3508
2541
-2477
3469
1822
-2981
-8
1234
-1213
-1391
2496
1913
-6548
-1483
-129
-2613
-404
826
1342
2609
1397
-481
-1270
-2472
-2531
613
166
-1361
-551
-3693
-149
-2346
1222
3330
3022
-2430
-1795
957
2005
-2237
-817
-420
-2028
2411
-1341
-356
1247
-654
130
-1572
651
-45
-2348
-4048
523
-61
-571
1239
-752
-2412
-1661
-83
-1233
-2272
1419
1413
326
-1483
2175
5176
5430
3582
-375
85
-4774
-1871
-2110
2646
-78
750
146
1507
152
-3615
1339
-3886
2207
6391
5890
2966
2033
-3570
-2835
1390
3192
-1495
-943
2540
-174
-2140
732
3379
1788
87
-1951
1674
3554
40
105
-306
1665
1849
-659
-3361
-839
-3396
2103
-827
-2579
-892
1115
1115
-134
1017
-2464
1156
-1857
-635
1655
304
-149
-1429
-2751
59
-748
-2621
1432
3367
264
-189
-2596
-3916
-2106
-593
-2532
-7
-1099
890
155
2431
3780
4138
3636
-2879
-3074
56
102
7861
-2910
-1925
-2472
1275
-1578
-442
-4220
742
-1789
-412
-3402
-649
-3197
377
-540
-2225
-3066
4700
2140
-890
2197
-3021
-3140
-1630
-1542
1659
162
-1468
-1650
-46
-3097
41
-498
-2222
215
-1625
-4464
-576
-601
-1895
-2024
1769
-3491
-2308
406
-2405
752
-3195
-541
-1253
-296
-2310
-1211
1306
-1505
795
1955
1490
-54
2447
905
1592
-788
-1593
-2267
-2945
2798
2059
-2224
-2598
-464
-514
-3899
564
1053
-1408
-3042
-696
-664
-529
-6045
-1993
245
-1112
-3346
1179
-62
-6615
-829
-1017
-1252
546
2285
-3779
-389
-2574
-3775
-6174
707
1386
-158
-1915
-570
-1553
-3279
-1357
357
1045
2832
3531
1199
-1957
2368
-726
2615
-2769
-201
856
-638
-70
2329
-1440
937
2736
-4791
-2417
-2973
-1885
-232
-756
-2349
-1848
1208
-2284
-2105
4042
3770
-2006
-950
-3275
2011
-251
-331
3315
607
2129
-1581
456
-369
2611
-1004
-3035
-429
2263
-818
-2242
-1244
-3067
1370
4602
-2870
462
-1772
-796
1757
-1276
-1228
-1843
-2698
54
-1085
-440
-626
342
-1522
-1261
-1236
-1068
-2594
-2258
1911
6454
3921
3168
2169
5060
-659
-813
6224
1730
6477
3920
1811
17
2686
2182
-1116
-602
3286
4409
1141
3274
940
-232
3040
-993
4559
2347
483
2335
2325
1249
304
4457
6121
5797
4050
1445
4516
1189
2735
3953
172
3297
1443
2433
-894
-211
1581
253
4586
4712
2883
2561
1443
2975
4021
2231
-523
2689
-681
-321
1521
-987
684
3501
2728
2989
-1013
1622
-797
-1559
5464
1338
3398
1745
1332
3251
189
1472
823
-1810
-3562
1618
5315
-1218
-165
-4710
3352
6015
2062
2290
-2109
4060
-2157
364
6769
2430
2134
-1077
3081
5221
-225
1919
-1025
-1018
-1598
1073
-227
-1687
-513
-1462
738
-1315
4699
2950
2141
1515
-1363
-4008
8925
2077
2699
1122
248
1888
-1970
3723
5454
2191
995
4180
1576
3622
-2479
1442
1315
509
1931
1074
3457
2306
-2177
-3182
3182
-889
5611
577
4003
1982
1069
1427
3996
1406
1025
3234
1661
2615
378
1750
3217
4996
4540
4470
-21
1987
-2029
1146
2947
191
-1183
-2590
797
2408
1333
2029
1130
1796
3168
4748
-841
373
159
3876
5683
-2020
2424
6146
2516
2628
-322
494
2872
1042
3557
-254
2635
2738
-2654
2956
2328
2422
499
4880
-961
-77
1090
4296
3337
617
970
17
3009
3662
-222
212
3418
1878
674
2743
1268
-504
429
4073
-171
-1747
-2275
-1350
1922
3148
-257
-629
5016
2741
1768
1496
-2543
1265
621
1018
1856
2821
2639
884
1765
1045
-97
1971
6205
1638
-2022
-955
-1609
3091
231
1061
4776
1841
2994
3395
48
2580
22
-386
2752
2320
2426
-846
3199
-1210
2075
5129
1178
8301
1431
1266
1980
3501
860
796
2336
1049
-444
-265
2799
187
-4409
-581
6212
2384
-1165
3731
2457
-774
1769
8588
-458
-2039
1112
-1887
1410
-703
639
996
-119
1449
5415
1872
252
1693
2236
593
2996
-725
1274
961
1270
-2531
-4887
2495
2812
-2247
-1410
-568
4087
3345
-1678
921
-688
2737
630
4326
3908
2688
1005
-155
2715
3875
2377
-2497
3170
2558
-657
-892
3849
5363
-124
-786
2218
1792
-1491
3435
1592
962
1745
2492
2472
591
-3081
-3573
3499
5671
334
559
3662
-1949
862
2729
3091
1304
-19
4760
1501
649
-268
3630
991
-472
1203
2477
293
3210
-246
-1685
796
2767
3970
717
-423
-895
1695
2836
1230
-176
-145
3703
1097
231
-254
-188
-2993
-648
4905
1393
1704
-102
-2274
-1514
934
2258
3617
1545
1591
36
1652
5180
1071
1256
3
2320
4647
4176
4848
3722
50
859
1790
1921
1773
571
-474
2622
5143
-55
4426
4829
3281
-2094
-1818
3338
865
2971
2718
1797
5120
3764
2254
1268
-828
-182
2289
398
1740
3332
-2299
-2448
4927
644
1303
7255
1774
1091
1211
-817
202
4128
3963
-51
-2300
-180
-636
3510
-1303
-2278
2480
3484
775
1476
-2301
-2505
3487
3341
1935
1569
3689
6086
5728
2218
2463
1785
2363
1800
3400
6080
124
1037
1874
1841
2218
2198
-1423
2567
239
-2476
330
2940
-651
1897
-44
4769
2445
3014
4803
-487
2609
643
6
3860
1027
-492
-1100
1971
3420
4004
64
674
1128
-3082
3569
1777
948
-1090
-518
2846
-1925
309
-646
2979
1253
-566
-60
5030
1649
-661
6
-1891
5386
908
7221
-432
-1749
-2956
2098
5304
3371
-1127
1532
4591
1681
-611
211
3541
-146
-509
3506
2402
1724
-836
1250
-1552
-957
105
1497
-1868
-2206
-34
4967
-2009
-478
91
658
1584
1087
-1033
453
3311
2305
1714
-2766
475
489
2952
665
3235
1326
-1815
385
1656
-2511
-1431
6141
453
357
1809
2581
1291
-2108
4853
4229
1078
763
1138
-1655
4
3138
1800
-42
-925
716
2269
205
2268
-3838
-291
1610
143
-989
4183
-354
-28
-1510
-370
-993
-3407
2108
3116
1759
3522
5571
1533
493
4091
2721
-663
2716
-1629
-1775
-3335
-3290
-1801
-5819
-7141
-5034
-4985
-2087
-3899
-2273
-1073
-3621
-3144
-2653
-1770
-3226
-2233
-2904
-2316
-1867
-3001
-4496
-3808
-4892
-5730
-3215
-5186
-4788
-5156
-3464
-1763
-3113
-2455
-2237
-3519
-2679
-4133
-1487
-3088
-4340
-5198
-6099
-5801
-2446
-4115
-4512
-6515
-3411
-2808
-4638
-7302
-1978
-2009
-1624
-3031
-2888
-5456
-5886
-4892
183
227
-865
-3394
-3324
-4329
-3038
-5620
-2553
-2642
-3794
-1137
-8188
-3808
-7502
-2548
-68
-580
-3606
-5376
-4039
-614
-2130
-1348
-2362
-1878
-2786
-1156
-2615
-5117
-693
-574
-4360
-4145
-3862
-5082
-5832
-4064
-8280
-4241
-3013
-1883
-3599
-3046
-2431
-1549
-2979
1563
-3130
-4058
-2243
-3371
-5432
-2730
-4562
-4258
-5174
-1816
-4006
-4344
-2799
-2384
-3707
-1915
-4416
-5239
-3006
403
-284
-2282
-2489
-4442
-2906
-2707
-780
-4330
-3769
-5646
-4286
-5797
-1890
-2363
-5210
-5578
-3947
-3331
-5677
-2976
-4548
-5396
-4314
-3047
-452
-1148
2320
-1473
-2091
-3135
-4469
-4196
-3296
-4758
-1271
-3371
-563
-2372
-5171
-6438
-4834
-4697
-6805
-4529
-4490
-2446
-824
-2901
-5477
-2848
-766
63
171
-1606
-316
-1065
-958
-1885
-2634
-1443
1515
-6247
-5950
-1631
-2475
-3868
-3200
-4984
-3028
-3761
-4259
-2197
-4161
-5139
-1512
959
1317
-1287
-1867
-511
-3360
-2727
-2460
-1451
-4241
-4394
-3045
-1522
-9260
-4137
-5893
-2137
-4212
-1698
-4458
-3311
-1394
-5236
-2981
-2086
-2644
-3507
-4441
-4601
-2790
-2953
-5466
-1023
-5958
-186
-735
-4995
-6198
-3816
-6442
-4617
-2872
-4392
-4250
-904
-4643
-3859
-4539
-6040
-5335
-5990
-4162
-3760
-3678
-4139
-6932
-5460
-4228
-1881
-2117
-2527
-4703
-2914
-4681
-1832
-3626
-5111
-3607
-3613
-2935
-1796
-3104
-704
-2705
-2714
-1084
-40
-2625
-5409
-1692
-1293
-2664
-2406
-1693
-2032
-5570
-3630
-3145
-2383
-4350
-2182
-2484
-3977
-1186
-2682
-604
-131
-246
-1877
72
-4158
-3709
-510
-2024
-2812
-4896
-5620
-1028
-2357
-4546
-4371
-4140
-2231
-3543
-1449
-3511
-5120
-1325
-450
-5383
-2777
-1567
-3775
-2152
-3996
-1926
-1821
-2563
-3826
-1677
-4071
-3346
-3399
-2839
-5904
-4665
-3368
-511
-1418
-5181
-4823
-3525
-2149
-1840
-3567
-4333
-5774
-3507
-3677
-2829
-2722
-2994
-3560
-3715
630
-5032
-1205
-1774
-4711
-1775
-2783
-3553
-3349
-3781
-5323
-2650
-2451
-1203
-2445
-4743
-2341
177
-3349
-3263
-3451
-5892
-3815
-3892
-3234
-3490
-1467
-4182
-3328
-3811
-3249
-2506
-4982
-3103
-3634
193
-5284
-514
-3072
-2130
-1604
-769
-633
-4006
-4083
-3469
346
-380
-3586
-2658
-2683
-7103
-6180
-4265
-1537
-4116
-2058
-2032
-2894
-2943
-4093
-2140
-3819
-3084
-971
-4291
-1758
-2724
-1607
-3147
-987
-6231
-4455
167
-1227
-6092
-4243
-5853
-4319
-5012
-2420
-3773
-2670
-2926
-1237
-3456
-5299
-5387
-3682
-2058
-2073
-4010
-2506
-2667
-4407
-7798
1095
-1440
-5403
-6079
-1680
-3330
-5146
-787
-1543
-3107
-3619
-3213
-1280
-1432
-3536
-3331
-1617
-4686
-4732
-2882
-2428
-1949
-5196
-742
-5225
-5144
-4049
-3624
-2013
-2866
-3838
-1144
-839
-2946
-3365
-4088
-2937
-2966
-1625
-2431
-466
-3265
-5707
-3522
-324
-2021
-1662
-1667
-6416
-4225
-1981
-3555
-1789
-2479
-3557
-2129
-480
-3819
-2248
-3076
-2114
-6244
-3384
-3924
-1989
-1251
-1948
-3792
-2316
-4708
-3996
-3513
-3539
-3862
-2287
-4108
-3671
-4847
-3093
-731
-4675
-4504
-1891
-2057
-446
-7251
-5014
-3559
-3168
-4669
-2009
-2165
-1946
-5363
-3204
-1253
-3756
-833
-2431
-3873
-4907
-3511
-5260
-2549
-2211
-4234
-1025
-1879
-4564
-4356
-3437
-2948
-5382
-1460
-2890
-374
-3451
-4359
-3983
-4563
-3178
-2169
-6489
-1259
-3363
-3856
-5453
-5527
-2608
-2111
-1807
-2625
-4206
-5346
-2178
-4467
-1680
-2204
-3433
-4504
-5792
-2196
-4173
-2494
-2426
-3589
-4284
-6469
-3923
-5869
-3522
-3887
-7421
-2064
-2402
-3256
-1581
-1924
-2546
-3259
-5954
-3741
-4992
-4579
-5899
-3095
-3610
-2757
-2757
-5186
-6059
-5760
-3784
-5411
-4144
-6039
-3835
-4690
-4845
-3450
-3018
-4277
-2465
-4882
-5123
-4779
-4916
-4773
-4287
-6736
-3095
-4132
-5927
-3909
-3512
-6414
-4623
-2959
-3774
-5389
-1876
-1361
-3383
-3039
-3880
-3702
-3506
-2857
-4699
-2580
-1541
-4150
-4083
-3344
-3625
-2546
-3460
-2960
-1285
-736
-4746
-2737
-1945
-5566
-3103
-1301
-845
-2470
-2518
-1823
-4498
-2669
-2436
-3054
-2635
-3312
-1164
-1599
-2095
-3164
-2295
-1783
-3478
-2024
-3902
488
2483
3573
2242
-78
897
1364
-93
1783
-1117
2898
-571
-1345
-3164
-1417
-711
-1355
2844
3247
-216
-439
-2539
2869
-3858
-33
-4775
709
2039
1649
104
-2473
-1046
-2427
-1048
602
-16
-557
-70
723
2688
-2077
254
-2518
-2032
773
605
-1065
-2879
-3110
-210
-123
-1097
-2688
-1394
-1226
0
2036
-579
-2586
932
126
269
2266
1559
1053
-1354
-145
-574
2895
1954
4266
-6136
-620
-130
2800
-2408
-2933
3623
-519
273
2088
2537
-105
1757
1700
-2
2466
-940
1219
3781
-34
1831
-1654
1922
5823
-5119
2441
5224
-2015
-1260
-1823
4607
-851
-2229
2485
-86
7
-368
-2325
967
603
-529
-1180
1761
4438
-1099
-2018
1946
4372
-5661
842
191
365
-3114
-2238
465
333
-3474
986
-44
-2435
-228
-2880
1478
2028
1039
2514
-862
-1040
-1398
-282
3283
5631
-7246
-956
-1303
5915
1653
789
2151
-1503
-1375
-241
1009
775
-454
1947
-793
-27
12
-362
-1510
-1244
-2135
482
1712
5800
-3971
2732
2016
2333
-4759
-69
2656
2233
-3164
2359
2292
-3663
470
-752
-2814
-1781
-2754
2479
-1120
-5193
-995
2828
-3027
1615
-3725
-1337
2709
179
-912
-1939
1283
62
-2199
1281
1579
-2124
2273
88
-286
-2924
1372
1680
2174
-1989
3287
-1925
-2077
6310
-1154
-1672
326
-657
-2552
-1047
516
4654
792
672
-1409
-6061
-1959
-1433
-1391
-3255
1182
2576
1930
2721
-968
-1575
1519
3991
-3282
2734
-23
-1146
178
-475
-2785
1104
890
1301
2247
-1284
-1878
2298
-954
2329
2299
3428
770
-903
1369
-2876
1581
3910
-4167
2109
2067
67
3501
656
795
-1468
2089
861
1365
407
-1802
-1678
-1609
-1291
1482
1868
-2578
-587
3160
1519
-1735
4033
-5185
2425
1531
964
416
1762
1367
-384
1991
1703
-350
712
-1897
2723
141
-2925
-2205
-445
-365
2722
2939
3993
-3283
2667
-3539
105
-1559
-1335
-1959
1195
555
-1224
-2671
5532
1094
-1208
-1571
1357
3402
-4130
-2155
-5453
-554
-208
1341
5220
-4
-228
-4518
1355
4279
2924
-1940
3220
2752
-899
-1969
2944
518
-3170
748
800
539
-6
-1707
-3059
-3819
826
-2146
1689
-321
1143
-2777
3108
3934
5557
-2512
168
-938
-510
-324
663
993
588
1914
-725
188
3036
3477
1697
879
-2227
-656
1631
-1340
1751
-6086
1431
-1773
-3293
2449
732
1950
-3339
174
-2460
294
-2145
-1500
-1985
-2016
-2169
894
133
1272
-3244
1483
3142
-1653
-581
-3349
-1004
-1727
1034
660
-1080
-1319
1702
3855
-386
-1889
-768
-2460
3286
980
1056
4607
2990
-1916
2514
2507
-2
-2008
3433
-4040
1014
-3551
829
2181
766
-888
397
-232
814
1455
-83
-976
-88
1732
1269
476
111
-1341
1235
-1997
721
3495
4779
-4375
-343
-528
-2265
-1138
-2570
-1061
-2068
-1413
-2499
-143
-518
-797
1427
756
1957
2761
1579
653
-571
-959
499
3767
3345
-3384
-2511
1203
974
-953
-3448
-98
1302
-2910
713
1642
1046
699
-2502
459
-1526
577
-2102
1912
-4916
-342
1730
72
-653
-4702
-639
4823
3098
331
-1221
3881
1087
-2367
3423
3289
1602
234
-2057
2148
1947
-1862
-2619
744
-5710
252
105
-1444
3840
-6778
-2557
-2841
1570
566
-2197
1362
-3096
-3746
2714
4678
2140
-3001
805
2021
1735
-1782
-1254
-127
2461
-1193
-533
-1892
2492
-5288
-1725
-1447
1652
2150
-337
-316
-555
29
-1291
1787
1637
-1057
-1990
2516
653
-2746
-1729
-1181
866
-2978
-946
3115
5308
-6306
-1268
2713
1991
-2209
-329
-142
-216
-2773
-3173
106
1947
2202
-2483
-1599
-292
928
-811
1294
2426
-577
1066
5305
5283
-3343
2057
13
-2485
-2516
-615
2211
1211
161
-329
627
520
1239
1156
537
2153
579
-3576
3050
-9
-1095
299
1941
5658
-587
1827
-156
2280
5546
1597
2541
1581
1952
3522
44
2856
4233
2971
2885
4015
3046
764
5771
1893
1052
2064
2287
4418
-1876
-4021
-2712
-2539
-125
-390
-2278
-1764
-523
-3943
-1882
-2207
-2164
-3079
-2133
-865
-714
-3724
-4299
-3225
443
-1773
-3674
-3657
530
-278
-503
-3620
1659
-1775
2799
-1527
-2107
-2072
-2332
1513
-1209
2181
-645
2782
-652
706
1274
1582
1735
1307
-557
-7341
162
-104
-875
3745
1130
-1099
-1352
124
853
137
-1328
-3183
-1950
-1173
-371
-48
1184
-845
2353
-66
-1597
2337
-25
-2627
610
-3729
-286
4261
957
2322
-1490
-1796
1783
-768
-2163
-1719
-915
-2672
-1031
1094
-3453
-209
1971
-2440
464
-930
-3
786
2616
1491
1212
403
-1376
1734
3886
1817
32
3419
619
-1079
-1942
300
5307
3097
717
927
-338
-4029
-133
-1668
-843
-4042
-1379
4242
427
-4233
-628
-3108
584
564
-2331
3606
277
-2662
-1109
246
-255
-2531
2622
2813
3014
467
2117
1542
-515
-250
-1997
-1125
2421
936
-53
-3242
1209
773
-1489
1081
1881
-90
3478
-2481
1723
2421
-1908
2288
-1538
1339
1874
-2258
2430
-1092
-2956
-1145
-1293
506
82
-2625
-2413
-2230
1439
-293
-2851
-1342
-1846
-516
-161
229
142
4193
1331
1513
-4086
171
500
508
-1545
4976
937
-209
-5264
2145
-3210
-1512
-2999
207
3586
1428
63
-3031
-799
2379
-2238
5176
38
-3280
3102
2814
-338
2770
1955
2937
1561
-901
-1817
3327
944
2707
3584
-1454
-4487
-3369
-850
-516
-5742
-477
-468
-3499
1195
-188
-2384
-5412
311
-657
-556
2440
-70
-358
31
-267
1579
-354
3424
928
1015
-646
-1586
149
1571
2335
-673
465
-2153
2736
-429
228
246
-1343
1747
2235
-1868
1380
-2928
2888
1329
-2090
-1271
2285
741
287
2179
-2408
28
-2872
88
2685
-3223
-292
3583
-62
1874
-2741
-2557
1809
-2485
418
2363
-1110
1219
845
3155
-1276
-1780
3344
-2931
1505
2749
-2257
1068
952
-2673
-373
-2708
-1325
-728
-5802
-966
-2368
2303
1952
-1483
1904
-786
-2373
2572
2290
-41
-822
379
3057
-4831
697
2115
2634
-3710
-2013
243
-216
-3151
1470
-49
4017
-1731
3855
2811
1249
-1377
684
-1304
3846
280
-235
-1295
726
1807
-3948
1008
1567
4897
-3579
-1065
1839
-2402
1173
793
1130
1024
257
-764
-28
-351
-841
2040
-1636
75
-2083
2234
-1304
-326
-829
-239
-3620
1285
1476
-1742
-3728
-1725
-174
73
479
-817
-749
-3772
124
-2256
1528
378
143
1169
-1030
625
1128
1073
-2480
-1751
108
2005
1298
3102
2569
929
-2393
-1462
2795
534
-2966
1355
955
322
2888
4514
254
-940
-367
-1410
-606
751
-10
1444
1527
1102
-868
2787
346
-863
-3787
-660
-544
-3953
1873
-3235
820
607
2855
839
-1038
822
3231
-5033
523
-3553
1835
-2635
-479
-1479
-2033
2089
-1956
-1918
-2435
1367
4137
2260
-731
253
2437
-1406
-239
419
-493
478
4367
1024
1774
-184
3489
-3299
-2235
-937
275
-1101
-237
2065
-125
-98
1376
-1520
-2802
599
-759
-488
487
1534
-721
452
-1918
4087
-2232
-856
230
520
-1849
362
-603
-525
-811
-1074
532
-1489
-1882
-2048
596
-105
-988
384
-616
-4773
-1933
-1935
1985
-1233
-649
2573
2195
1030
-686
2285
-4521
5
-495
-481
-3775
-2390
1329
2396
-347
-2807
-1394
411
1382
-2023
1706
-2783
2223
-280
-786
-763
-410
-838
1168
-346
4477
224
-1495
385
-3515
-1334
-928
2865
-76
-590
-757
-12
-480
-230
1089
-1353
3821
2126
-2830
-699
-1044
682
231
6111
2033
-4360
-520
-3831
-4708
-1674
-2300
6247
-3058
-107
-2767
171
422
-769
1238
445
-596
2017
766
2808
3799
-17
1288
776
707
-1663
-1040
560
-4886
-959
-850
2338
3814
-3421
1039
1723
-460
-3332
-1424
4158
1914
-792
-2066
-30
6423
1247
63
2254
6278
2412
243
2012
-2301
2155
2497
1181
511
-1757
2705
-673
-731
1692
303
-1718
-1484
326
1515
-2255
2571
-1452
-4596
-261
5777
388
3870
670
588
147
1739
3291
-533
2694
3819
2053
135
872
6755
1859
4836
2729
-1836
2308
5270
-276
1179
2215
-101
732
1264
1267
-1019
-2160
-2141
-3329
-4972
-3393
1077
-2362
-3884
3068
-2005
-595
-5159
-4348
-2803
-2252
-3829
-3903
-717
76
-2542
-3374
-788
-1665
-3347
-924
-1158
836
-3744
-292
-3592
-1803
3337
-1323
2667
-4783
-1151
-4519
-2892
-1864
-5974
-5823
-3293
-2576
46
-898
-1491
-800
2560
401
3433
-6108
-3311
-1654
-5069
-1688
-1175
1489
-2489
-3829
-1050
-3868
-2193
1834
-1421
1627
499
1924
-2514
-5070
2083
-1542
405
755
-3465
-906
254
-1642
-3719
-720
-4998
-2407
-3699
-1954
-3255
2394
-2499
-1280
-256
83
1511
-1704
-528
-3663
3821
-2344
-1685
-2463
718
-1930
-4158
-3758
-740
-2313
-4168
-726
-1038
-1351
1565
-900
1591
-1295
1946
-511
-1930
-4835
-4094
134
-658
-4736
-1539
-1260
-3438
-5863
-5148
-845
1732
2420
-6187
-2552
-4510
600
1995
-4649
-7988
2178
-59
-3608
-1777
-902
593
-2969
-4425
-2220
333
403
-3599
280
-2637
-5134
2000
-449
-1822
484
963
-1025
-1477
948
-3750
-2785
-3891
291
-3038
-1507
-3186
-2180
-1728
-3595
-1617
-2162
-2654
-5460
-1286
2132
-1091
-591
-1561
-3718
144
-2583
319
-1252
151
1625
-2160
-3595
-4663
948
1359
-4747
-15
-2173
-4859
1740
-919
1212
3753
-4162
1731
-467
-7121
-5100
-1771
-2389
-1801
-1851
-1328
2572
3580
-5349
-2024
-4974
-3486
-1716
-1403
-147
5305
-1397
675
-745
-2084
-2316
-3574
-2451
1674
2783
-3144
-3543
-3763
664
-2724
-3132
-629
-3632
-2801
-3385
-894
-492
-655
-4491
1004
-2187
712
-697
225
-3203
-1396
761
2601
-5298
-660
642
241
-5676
-1371
2576
-1517
-2531
-8645
-5145
973
-1282
2914
-3797
1407
231
-2631
-6121
-8013
-7042
-3469
-2366
-2512
-4694
62
1844
-771
1406
-428
-1950
762
4464
-2427
469
-3252
2185
-2653
-3445
-3846
-1284
-1902
-2437
683
2996
-2800
-1032
343
394
-7268
-2643
-728
439
-5104
-449
1161
-1241
167
2424
-3545
-1993
-4594
-1959
-2098
-499
2469
2378
-4085
-3297
-662
-1972
4019
3570
-3374
-988
2138
813
-3542
-3060
1411
-1761
-657
-6163
3988
-1224
-934
-1033
3746
-1147
-5631
-1967
390
-6083
-3471
2009
1036
-2691
1986
1232
-4008
-511
-2201
-148
-771
721
-77
1328
1906
-3551
-4704
-7545
-1664
-893
653
-262
232
-1040
790
-431
-4798
377
1547
-1509
-502
-1622
248
-720
-1577
-2992
-4589
-1412
-5501
-1355
-6401
-2653
-1343
1527
-620
-463
-2863
-2785
-4303
1382
381
1390
-626
-1816
-800
-528
-1618
-2134
1016
-4499
-3845
2868
3260
1231
-566
-866
1633
478
-1672
-742
-241
-1158
-3344
3996
-3573
-1784
-3504
-1629
675
-1565
193
-2941
-932
-4742
-1100
-2911
-3196
-1416
1220
-2592
-1826
-228
-2050
-192
389
-2537
-331
-5124
-598
-439
-390
-2723
-1504
437
-926
-3697
857
-230
486
-3001
892
1934
-2334
-4658
378
-193
-3040
-1477
1517
1655
1766
1382
335
-2280
-570
-1967
-1166
-2059
-2473
-495
737
-3478
-2167
18
-254
-4516
-1737
-6277
120
-4069
-2801
-2279
-1217
-2087
1985
-5347
-2415
-2307
2339
3518
2194
-3669
-4739
-4692
-5919
-1838
3489
101
-1735
238
-314
-2740
-741
1550
-1071
1599
-2040
1013
-1266
-5342
-681
-3886
-730
-4015
-2615
-3470
-895
1358
-1242
-1261
-1292
-710
-2824
-5265
-4370
-2879
-994
-1765
-1116
2558
-607
-1931
1839
6417
1685
1130
102
-2098
-3254
-489
-4582
423
-2559
-4331
74
-2831
-3472
1223
-3642
136
1465
-3174
-1174
-986
-2351
-2998
-1967
-935
-3703
1066
1145
654
-2003
-3782
-2174
-2498
-3505
-3510
892
-335
-3345
-2650
-2399
-367
-3023
-421
-1865
-2563
-3039
-1255
-3481
-153
-3372
-1079
-3865
-1462
-4613
-970
-554
1339
-2452
-1600
-1205
-5650
-149
-2497
-651
-1043
195
-1564
3258
957
106
-4761
-777
-1351
-868
-1786
-2307
3302
1058
-2333
-2941
-2322
3598
607
-871
398
547
-2445
-1579
-2469
286
-809
-2935
-3859
682
-592
1596
-429
-2118
1816
5272
-2579
-4649
59
-800
-1397
-3063
-4584
-3778
-93
-4723
-2561
-5269
-125
-879
-4814
-736
-653
-240
-287
677
-2308
-2000
-1475
1874
-1297
1181
3932
2803
-740
408
-5557
4430
124
-4245
-4159
273
-2342
761
1571
-447
532
321
439
-2236
-2268
-653
-2311
-1082
-1070
-807
458
-351
-1663
-1088
-1032
-2838
-3001
-2135
-1374
-2618
2058
1156
3202
-695
-1703
-2106
-3092
-407
-885
-1954
-3977
-202
187
1029
671
68
-997
-2326
2167
-1844
-2293
-2160
-761
-3174
85
-2609
3226
-820
463
-782
-204
-890
-144
-88
-3391
3069
-572
247
-1144
2159
1144
-642
-640
-4195
507
391
70
-1252
-1689
-694
291
-52
-1225
-537
1032
-2191
-3857
-1842
-4466
-1669
-2200
-1711
-1840
-3177
-3385
-5992
493
828
-4679
-1750
-3598
-326
-261
1784
1847
1665
-2730
2349
2478
-1702
-2716
354
-2294
-1342
-1969
-5108
-3312
-5164
-6282
-6319
-4137
492
-2914
221
-3166
-3452
-2388
732
1980
-1731
1984
536
-354
-3209
-1278
922
-1113
-907
606
-2081
-2811
-3167
894
-4560
-2546
-3672
-5073
-3307
-3655
-2033
-1057
-608
2339
-170
1145
-4602
-1520
6
-242
1243
-3370
-5853
-1493
-1076
-879
924
-1933
-1531
95
-1057
-510
-886
1675
-5999
-1911
2083
-550
1341
-2930
-1520
-310
748
-5176
-1572
396
-2721
138
-78
-4188
602
-2592
-1758
-2354
945
3228
-2373
2924
192
-2907
3716
-690
-944
-2022
-713
-708
-2991
-4579
-3342
-760
71
-407
-2297
-4285
1792
-2339
-785
-319
-59
-176
1059
-383
-2521
2038
4082
2352
1021
-1305
-983
-5543
-1043
-1132
-2426
-6109
-3225
383
2057
117
-1962
-1058
1799
469
187
-3048
-1502
-899
748
2979
5677
-1096
508
1017
3107
-1021
-1446
-293
317
-2443
311
-1054
-2152
-2370
-846
-1480
4045
-2162
532
864
2409
-2993
-3448
-666
3226
713
5303
-2920
2002
1030
-3497
-894
1345
40
1206
-2966
-36
-2559
989
167
-54
-1537
-3892
-1369
-3048
-165
-1056
3550
1902
825
1731
-2194
821
-1752
-1998
-2160
-1049
-3902
1148
-222
539
-3901
-523
-311
-1671
1393
143
-1437
-2588
1751
-938
1682
1615
-31
-397
-1018
-4726
-492
-2572
1889
-2918
-2405
1268
-2951
-697
-1535
-3548
1565
-210
-4143
-1532
531
-4257
1912
27
-94
-2112
1812
2438
-3048
568
-1030
-1278
-4252
-2485
-158
659
-3200
-260
-1409
-5607
-99
-2220
-2063
-900
2773
-966
-3209
2709
1530
218
4362
-1728
-1533
1474
-712
-3074
-960
-828
2148
-905
-417
-2007
-2608
-4932
-1686
-3146
957
2249
-3419
-707
-1705
5946
4736
3252
1043
-2000
-1371
971
-540
-4324
-2523
-3359
-894
-2098
1607
-1381
-2908
736
-2038
1578
-1172
-1086
426
-1254
-2980
-2591
1153
2141
419
3971
1088
-855
-4239
-1215
-1857
-2137
-2295
-1548
-1688
-2915
-2132
3340
-2192
-643
-1981
-3355
1095
-2989
-1420
463
-500
1666
2580
-75
-382
860
-1207
669
1323
-1784
-1535
-499
-4115
2892
-534
702
-556
-1101
689
128
771
-927
-2974
615
2151
1251
1587
2659
1073
-1286
1251
-689
-922
1736
1015
2118
-90
1702
-1135
-1805
1497
597
191
-1964
-2496
-6168
-18
2597
727
2357
4369
4743
1889
2232
1995
277
1806
288
-299
1471
1273
-3212
114
-1048
473
202
576
-1329
-4292
-1013
-2406
-1208
-1365
4386
1281
-736
-525
-1247
1278
1251
-697
810
-561
-1066
-3249
-3238
4602
1375
-5104
-2246
-1188
-1139
935
-1925
-3406
984
787
4014
-344
-1973
-2240
-3648
1512
100
-4064
4029
-2762
-1441
-202
-4331
5070
201
-2190
-1627
-1314
-3879
1783
204
-34
589
2034
2491
1554
1814
1933
451
-2940
-2658
-4620
-1765
-5552
1167
-3745
-1562
-17
-3019
-3877
-417
-1557
-2397
-49
58
2451
-2689
1520
1118
2886
1107
1160
-3041
683
-2518
-1600
-1424
-4376
1846
-2591
824
2224
-281
-4435
-2379
-1159
-3435
-2996
-391
-2083
-1843
-822
260
2404
149
1769
-2246
1362
-1858
-4465
-1842
1859
-1798
-390
-3183
2032
-146
-997
-1496
4207
1739
-3039
-2214
-4205
-2137
-5106
509
3042
-1353
-104
21
-5985
-4808
-4285
-590
639
-2016
455
1010
-1078
450
-3968
-58
804
-661
-6197
-2000
-2151
-793
-3345
-52
3473
-900
-803
-886
-1093
890
-3476
1296
333
-618
-1445
510
2074
-1001
-2117
-2360
-1081
-2419
-2740
3373
-994
-3904
-152
659
259
2353
2672
2962
3224
4082
1304
3345
3543
1091
3074
117
3118
3363
3257
2996
1733
2442
4094
3261
2681
2118
3853
1180
-1429
303
-1616
-1138
-2246
-3209
351
-119
-970
1195
-181
1784
-3565
549
-1116
-2904
388
-957
1498
-327
2220
-611
88
1186
-112
944
1121
456
2528
-376
4778
3850
2906
1207
-382
3419
1660
2666
3460
1483
3662
1408
1050
969
2855
940
2553
398
490
1022
1907
1979
295
942
-700
968
-1578
202
3241
1844
-938
3130
2631
-838
2895
704
2270
138
615
2945
-366
-4709
-2125
-2870
-147
-434
943
2484
-134
-459
2334
102
1271
1608
-630
897
-387
-785
1684
3672
1206
517
-68
580
1964
-985
-791
-3070
-2401
-2336
5040
3506
1551
-752
1479
560
868
1186
2423
580
4025
1916
886
1524
-44
1370
68
-610
2299
-2
1267
-2126
889
64
-1834
553
1621
1659
1814
2153
3843
4104
2971
-1004
-4239
1183
1754
1209
1383
-780
3462
1213
-1572
-4700
-2732
-2237
-1063
1635
1709
3695
-723
-632
-780
1896
1921
1223
-2303
2474
2626
213
738
8
3219
2378
-1045
-893
-1152
-2557
-2799
-1269
-1179
1545
2874
-446
2610
1682
1334
4087
-4087
-166
1140
205
1263
695
-1215
-401
1673
1497
-607
1344
2376
-119
-3721
-2349
-1411
-1766
108
-1294
-1641
4
1217
1094
4278
1714
3827
1703
2375
-1066
-876
1610
1639
1430
1534
-2250
1051
-2141
-1521
-2285
-356
1894
2184
-317
4383
1204
451
2277
-143
872
2816
297
837
2040
3574
-2657
-982
1454
2766
2365
-55
-1076
-3374
473
3936
4224
546
-1178
870
2503
1598
2244
5086
3137
-260
2435
2356
3489
-409
-628
4434
2272
2383
-904
83
-1444
-1686
-987
-503
2044
1383
-785
-2569
-144
-1532
-1039
385
491
-1662
324
675
797
1756
3529
2928
617
-290
849
1437
-1608
-3475
-401
1741
-401
878
2339
1162
4440
7508
2307
3505
1433
869
-840
2783
1373
2091
2680
676
3733
485
2024
-532
-3503
-1489
-2043
1946
949
305
-1805
1640
2573
576
-102
-1240
1988
2431
-1165
-1096
3478
2016
796
1980
3089
2526
-2791
-995
-3475
-2358
-747
1543
1045
593
1846
1705
823
1748
1361
156
398
1757
1763
2138
2055
1761
1375
2063
-1069
2503
-1435
4156
-800
197
-1261
-236
36
-575
-376
1171
741
-745
-1446
3302
3290
1707
1260
65
854
-1123
225
330
2082
2399
-108
-1153
-2037
-1978
331
-382
513
3644
885
2022
-450
-1506
1570
-318
2597
2328
2130
1896
439
-1055
367
1932
-1337
-1536
405
1414
-1496
-3472
-1807
1384
679
1317
-1432
-86
846
-567
1958
906
-2557
-482
1973
174
-37
1526
534
3053
1521
2039
2559
-1061
-2226
-2126
-3633
438
139
-93
13
2707
3098
1023
3716
-612
-2158
2370
-816
2380
-458
979
2724
-2328
884
2731
1276
-2751
27
1108
943
5161
5117
812
660
-1570
-1620
1740
4031
-393
1156
2714
-97
-144
158
2177
1316
2691
1283
-974
-78
2704
247
613
-79
1684
280
3037
2931
643
3672
2695
-365
895
-1236
797
-1
-1583
-858
3288
2523
-186
2591
3947
-907
-612
-4204
351
-698
555
2204
-891
2830
1632
1477
-3
-189
-707
-3184
3045
2335
235
1708
2813
799
893
-2241
-1081
-1362
2606
-2815
-2526
-186
918
1144
23
423
-564
793
2848
-9
2787
-761
-230
3536
2619
1642
2366
2193
342
-1276
2654
128
-1853
-1989
-2774
-696
-3708
-2516
3497
491
-210
1951
3574
-1088
1269
954
560
2663
550
-1560
-896
244
590
2227
268
678
410
-768
-2860
-430
2628
1312
-1188
1096
1193
2488
-501
1385
-77
129
-740
3115
434
-496
1326
1834
2561
1217
671
-889
-1418
-1559
-2025
-1973
537
1890
2352
-191
925
-62
1787
-983
-42
-1054
2025
801
-1193
-1179
2331
1992
974
-2511
591
869
-420
-3483
-2313
-2020
-1951
-2659
614
-1731
203
-3130
294
-1526
614
-4704
-3205
1710
539
-2765
-3521
-2063
1070
-4177
-5
-2545
-280
-3588
-814
2311
3595
1171
-1483
609
3838
526
498
4001
-266
1136
885
1422
1860
1258
894
303
1690
4447
733
-765
101
2797
591
-1205
-8914
-2625
-4551
-2412
-5069
-5495
-2031
-3259
-2572
-1563
-1523
-2064
1304
-1810
-1157
-881
-1963
1492
-561
-2034
-1437
-1146
-1006
-5659
-1239
-684
-1419
-1232
24
-1936
1553
1028
-1562
-209
-1769
-16
-3065
-2620
-3305
1246
2861
1135
-260
-2086
-3902
-5281
-960
-1685
-160
1728
-2532
411
482
-910
-925
-543
2745
-809
-2477
-798
1948
-1088
-1947
-1239
-3084
-6471
-3808
-642
1153
-2642
-2308
-5015
-3046
-2097
134
622
-2430
-324
-2129
-2071
-985
-4012
562
5030
3863
-260
-944
2109
-1276
2668
328
-4025
394
-1088
1019
-3092
-2927
491
-1420
1466
-2384
209
789
2630
-242
1908
-2482
-3255
-4011
-578
184
1400
-2438
2505
236
2353
-2630
-3079
-2363
-6871
-3293
1285
1116
1790
201
566
-3908
669
-1901
630
-2362
1259
-1506
-2372
2120
-1248
-3035
897
-3138
923
651
-1379
1168
621
-1582
-3082
-3372
1060
-1174
-218
-2524
-1350
-759
1352
-796
-1309
938
-128
168
-364
-2400
-3316
821
1311
1199
-2466
-632
-5896
-2857
-2251
2932
-6425
-616
4378
4344
2421
-1005
-3120
-1435
-2684
168
-3833
-1671
-860
-408
3402
-238
-5198
-549
-5658
-1645
-6379
-2870
-1309
2528
-3505
-2188
756
2263
2647
1628
2366
5167
-53
2729
1150
-61
369
-1140
-5645
1137
4182
3329
-2713
422
-4300
-1153
-2829
-1592
1068
1521
-2788
-1704
-1613
-349
1126
1448
-70
373
-3024
-2183
1952
1765
1520
-2205
-2590
-742
-2721
-1038
-2017
1245
445
4960
-777
-1576
1560
4599
814
239
421
-699
-29
-657
-3103
-1550
-3689
44
600
-2693
556
626
-3680
1952
-3108
-96
-1025
-1346
259
-4377
-1618
-3344
-3474
-1238
929
-2023
-366
-1840
875
-265
-3491
468
3417
-1098
-126
-4457
2879
-533
-4209
261
-3134
407
-467
280
2288
1368
-479
-2107
-1014
2326
244
-1091
-861
101
9
-380
898
1425
-2917
-611
-1993
-627
-4894
-5124
-1362
-1880
-180
-1593
-2898
-1976
-565
378
-108
833
2756
-2761
1622
59
-4387
-1537
-3938
-1399
-2748
-1354
-3345
2235
-2398
-2621
-2035
-1315
-1496
-367
-1112
-311
314
-4007
-346
383
-388
1680
1232
1343
811
1521
167
2238
4412
3730
-1966
573
-4524
-2733
2282
2760
-4527
631
836
1872
-1081
505
630
-774
-1440
2652
1360
56
-1607
1177
-4566
-5856
-2455
943
-3243
386
-3556
-3590
-468
1529
2195
-354
289
-727
-1059
-192
-3352
-1970
1349
757
-382
1023
343
-2156
-2767
3386
-829
-5439
191
-2197
-3413
-470
-1274
188
2246
-3584
-1185
-1440
-559
1879
-1389
2537
-3869
-930
-735
319
-1349
1827
3354
206
-2040
-242
-1656
1734
-2595
-3028
697
-3215
-2344
369
3706
-523
-1370
-1572
-148
1283
-2803
-1023
-2658
-1520
-1244
3081
-474
2054
240
-2614
-2264
-379
-5258
-5986
-489
-4150
-2682
1132
361
183
-601
-4236
-1893
-2451
-619
2542
-1651
-281
-3403
735
-4000
3208
672
-459
-3593
2533
458
2882
-2188
-1906
-697
748
657
1896
-1669
153
-2512
-1502
-3369
-147
557
-776
-1113
2690
1416
793
438
2384
-494
-515
-2182
-4415
562
-2734
1213
1096
1800
-1760
659
1302
1264
-174
3447
-1796
-1092
714
310
1278
-1852
-3224
841
-5269
927
1351
754
-4266
-528
-1927
927
-192
1812
1199
674
-5
-3081
-295
4849
831
314
290
213
1550
-1301
1973
266
-3745
-2143
-441
-3417
-4339
-73
-2135
-1323
859
1251
-978
-5166
2279
2070
-234
-1873
-3480
952
45
-233
-2783
-1228
-2548
-500
401
-2705
-2258
-5509
-2446
-5938
3490
2044
-2357
-2224
2897
-2016
-344
296
3804
-858
683
-2721
-376
-112
1203
-479
-2266
-5414
253
-1084
-1058
-3396
-1232
-1312
-1987
-937
882
-2235
-1184
-4541
-146
-2796
-2983
519
332
-980
-5586
-60
-1196
-1192
299
822
-1401
-2643
-504
-4423
-3993
-3710
-2147
-4628
-627
1363
-193
-5850
-6709
-538
-1082
-583
1245
-3955
-4930
-53
-854
112
-2437
-2411
-3759
-1277
972
819
99
2308
1745
3844
2506
272
1107
117
3049
1506
-234
1279
260
1248
-733
552
562
-217
1012
2014
-1271
887
2030
-34
996
2066
-110
-1703
1265
2849
2078
2548
2080
1816
598
2069
369
768
-964
1672
-274
1261
1219
2949
-2811
3946
1602
-2105
-1292
1319
4475
1868
-504
-359
3969
-1105
-1114
2626
2273
778
1442
2024
626
3641
992
1114
957
3110
971
-504
1978
-2882
1476
1707
-2454
1910
948
-710
2323
1779
983
1821
2720
740
1135
-1530
1650
5322
-799
1464
101
4725
2159
422
2340
1344
2974
-1684
1118
3190
-152
2345
3660
1821
534
2262
450
3712
2140
-620
-816
4532
2171
22
3127
81
227
1787
1939
139
2485
-1371
122
2291
2228
-1663
1229
5436
2032
1758
846
419
751
431
568
671
872
3346
1563
873
966
2174
586
2339
3503
1797
1631
5471
4418
610
2275
3434
868
3189
3562
946
1412
1854
573
-466
-1054
2723
408
1052
1771
81
3516
1032
-1792
-29
456
1606
628
488
-518
1712
4154
599
-1661
-55
-145
188
1953
1666
1081
1990
1594
496
1100
3174
5605
1563
-783
-727
182
2464
2368
3317
1798
2250
2988
619
2621
-1098
3081
2893
409
944
-1977
-940
-295
2099
1124
-1537
1236
1811
-980
1763
1813
-128
2235
2976
1792
927
-873
271
3060
1700
-473
1422
2529
440
89
-446
-1898
-3941
-70
386
3046
-1820
1134
-1334
1528
2320
2341
5629
1931
3288
-1383
-2640
-2221
1576
4247
414
2001
74
-248
2249
745
1834
2406
1054
1968
929
-66
-89
1603
320
-473
-1132
534
2451
4452
-30
930
1981
987
-47
657
1797
1040
912
709
974
1307
189
1314
690
69
-2644
3646
1535
-553
1731
1394
76
3600
3323
2631
1818
-718
2668
838
-191
2942
2307
1154
27
-2937
-136
3866
5273
5098
494
2485
3793
-2257
2205
2645
420
-1895
1506
2227
-26
-5653
2696
780
322
1595
3639
-388
-412
-311
4072
3600
-1632
-65
224
365
-382
-229
-478
147
3625
510
-418
119
1644
3107
2332
409
-263
3585
1309
1030
257
569
264
2187
-1275
1515
-971
-2396
-2099
1324
4240
141
2021
407
3153
3091
863
3070
2342
1254
-1010
704
527
1704
1951
2161
73
2812
797
449
3085
163
-1964
2463
3881
437
2070
358
2502
3080
1977
1590
4104
1785
-958
-112
-1660
3066
646
-668
2114
-2123
78
2063
2030
3109
821
1054
4501
2863
-2061
316
-205
1580
2019
670
2065
79
53
-170
446
771
2575
512
-777
3099
2210
331
1700
1815
2557
1107
2816
2202
-2535
1943
-32
2395
2206
-352
2621
3210
-948
-316
2699
395
-53
1348
-803
2492
3292
307
3382
3394
2589
1207
-1256
-580
3311
1427
1966
-309
522
2079
1014
-1763
-162
459
1984
-1749
3670
2996
-755
279
-582
-172
-1137
1303
786
2439
515
1272
1108
3802
3796
708
3163
420
-761
2018
2568
3963
1320
2839
-365
2696
-384
-596
-4780
-898
-3754
1029
276
268
964
1307
5095
3485
1838
278
2395
2623
2071
-838
1378
3451
1655
1893
-264
2935
3596
23
460
818
367
-2403
839
1141
-1914
1448
4060
4737
-600
1152
3499
2472
860
136
2613
5843
2730
2602
2861
3454
264
2349
1478
783
1714
-386
2116
3656
2512
1349
775
1547
287
-1154
3470
2278
1192
-1624
2116
2640
484
866
1365
-1191
767
2520
879
104
3086
1068
3850
4239
2289
-828
-178
2857
1399
-3431
1312
2859
4228
2209
621
-889
-4671
-857
-4037
1612
929
3512
4153
-170
2000
1460
5343
-486
-1530
-301
2253
2180
4004
-794
-3043
-986
448
465
597
2704
1776
1180
1894
1515
2784
453
-2303
1416
3682
340
1255
-223
1560
943
3950
1303
3414
5028
1659
3324
-1867
-1077
2726
419
-2061
2261
1230
1053
1194
1660
553
-2418
-3385
-1199
-3492
-2136
404
-2815
-4
-2251
982
-262
2043
3056
2939
570
3333
3395
-442
-3239
-1410
-2387
-28
-2305
-249
-2022
-4405
-72
-1136
-643
-2387
-2393
-3353
-1886
-2325
-2363
-2024
15
-1811
684
-1321
-2680
-1190
-2229
-1235
2383
-4630
-3614
1320
-211
-3731
-29
-5477
-2261
89
1142
496
-945
1686
-4193
-2735
-598
-1939
-624
-3612
-214
-347
-708
-2296
-1723
-2320
-3620
-1594
-3372
585
4996
725
-505
1695
1287
-118
-2752
-491
-730
1086
-204
-2377
277
-904
-149
-1069
-1814
1942
-1647
-6651
-2074
-4280
-1328
186
-1663
-3370
-2382
-1404
-634
-1952
-247
-1443
244
1568
1311
1823
2630
790
1564
371
1684
6676
-1008
-6537
-2843
1025
-401
-718
1639
797
-399
-835
-293
-20
660
1595
2097
-110
-2231
291
1883
1890
-1977
-307
-1576
295
1305
-5680
-1267
-1422
-1113
-3296
844
1168
-2342
406
-185
763
1905
3534
1766
-978
3744
1334
-751
-1686
2547
-826
-3702
134
-1211
-6019
-818
-399
-2291
-5737
-1827
289
1005
-498
1357
792
-1992
-1258
-18
-2560
-3299
279
1305
-1515
1421
-257
-115
4812
-3794
-1052
-5281
-2364
-1467
317
3866
1103
-1621
-497
1424
-159
1743
2668
1546
2434
-676
-1883
-481
202
388
817
-2518
1041
-206
-5499
-2058
-1917
-1128
-1474
1779
2536
2939
295
400
-734
-2600
2665
-622
-3050
709
376
965
-141
1594
358
-173
300
-2789
-5555
-4498
-1580
842
-29
358
423
-2079
2022
-1734
-1635
3006
3852
1196
-530
821
3944
-2858
-134
-24
-2280
969
2538
-2650
-2613
-4219
-1651
-2842
-1903
-1062
1038
2384
3797
-130
-3091
-6640
-994
1257
-1120
-5095
-293
1879
-1859
-2146
1863
1167
-2715
-1697
-4261
-4361
-3087
-1548
2411
-408
344
-820
165
-68
2558
1620
1836
4119
1646
3263
-886
229
-1013
1062
-871
-181
1710
38
-2553
-1815
-5403
1696
-1849
-2004
-2042
-206
-737
-2932
-244
2324
-976
4337
24
-1251
1938
2184
1488
177
2045
6013
1410
1658
-4965
-3566
941
-3763
1762
-1312
2763
3504
2294
750
-1232
1434
-521
-547
2257
3286
1242
3240
238
2177
482
-2638
-739
-2219
-4069
46
-1162
-979
166
174
1814
-1309
-1419
1250
-1260
693
530
749
-1138
-3288
1274
1947
2078
3446
2408
96
2297
-2027
-2240
-4094
-37
652
-2300
1319
1768
2074
-510
983
3242
-185
-400
-797
2309
2092
1110
-185
2492
725
332
-3447
-3285
-1133
-2826
-139
2773
-2513
-1665
-1203
-3161
116
3154
968
1446
-423
2138
2876
1788
3470
2108
-557
-3431
1526
2679
-724
-1852
-2089
-4126
-1883
-1099
371
-120
560
1342
2698
3320
1
242
-666
2822
3143
138
680
-2445
-115
105
4763
-1222
3648
5609
237
-3300
-5466
-2717
2072
-1068
-965
1616
646
162
-1288
-994
-1719
605
2805
2155
45
2487
153
966
-2073
-1904
4495
84
-1404
-1671
-2389
-3616
-3493
465
-1444
785
-2508
1167
1875
469
1404
-1316
-1183
-2677
-1921
629
887
2784
194
400
2649
1028
-4095
-3520
277
799
569
1318
361
-1542
1996
-2541
1694
492
-730
1555
2290
3254
1682
2515
-121
1685
1919
-1043
-3307
-443
-2145
-3590
-1079
-1339
-1780
453
2606
3176
-546
1700
1729
1997
471
213
-1934
-1455
55
-1573
2178
-1739
1748
2268
156
1094
-2115
-5736
-2319
-2284
-302
-768
3919
19
-1265
-46
846
3122
-2553
2904
3382
-320
385
756
837
-46
-2840
-1955
-1468
2071
695
-3917
-4280
-978
-1229
1584
-1705
228
-1903
-1292
2272
2568
2887
-1717
-151
2766
-45
938
241
-376
-869
4434
2130
1883
-3189
-1067
-2117
-1525
-2842
-351
1987
1239
32
1171
3738
-2184
852
-2670
4039
466
2796
-1681
-1312
1872
3199
3674
-1877
-2113
3383
-3396
-4422
699
548
-809
-162
2472
3682
345
495
-1682
-1105
446
-203
-478
3511
1467
3158
744
-76
3238
356
-1893
-1605
-5628
-1104
-1152
473
-111
1990
75
417
2122
936
-83
349
-674
-937
-836
-1893
1659
586
474
250
-1028
-2219
319
-1670
-5362
-1137
1037
479
4595
-463
714
2743
355
2055
3889
1670
1291
3993
3968
1577
-685
-1510
3744
997
-2360
589
1935
-2708
-1027
-3777
-836
-1038
-4879
-5183
-4120
-1508
-4129
668
-714
-2460
-1591
-2134
-3095
-2555
-2948
-2271
-1797
-1265
-586
-2825
-2596
-1915
2140
-282
610
-2571
367
1545
1073
-1023
-1460
-165
-914
-3287
2366
-598
-2686
-2566
-3130
-3064
-3299
-2830
-2230
-3321
-1872
-2572
-301
-3624
-3034
-297
899
-2663
-3396
-3563
-3020
-2005
-1586
-520
-2957
-481
-662
-950
-600
-1664
3029
1325
-944
-3802
437
91
-683
-1272
-1354
2659
805
-1108
-1820
-563
-3418
272
-2020
-1172
-4415
-1475
-3426
-2079
-752
-1587
-595
3405
-2479
-2689
-2919
779
1542
-3034
-764
826
-3603
-3736
1045
-231
-4530
-628
-2006
-1127
-289
696
-1327
-3421
-1332
743
-535
-3143
-3246
-1122
-1426
1730
-1307
1081
4390
1008
-1443
-2300
-172
406
-2089
504
-4015
-5854
-2966
-957
-5202
-5453
-1576
-2754
-3167
-281
-445
-5497
-189
-718
734
-2658
-1262
-4117
293
-258
-4234
-3424
-3198
946
935
-1776
677
567
-593
-2324
-3055
1054
-1761
-565
3093
-4855
915
110
1853
-2179
-3384
546
226
-1138
-890
3100
-4881
-4909
-4201
-4923
-3867
-2919
-661
742
-304
-1756
-1221
-1785
1675
-1823
3381
3552
-2314
-1908
-915
1725
-965
-1767
-1167
3040
-2679
-4380
-2921
-3033
-3032
-1428
-514
1453
-616
-1209
-1870
-4677
-1583
2033
-23
-2310
-1611
-2841
-825
1460
-1707
-2724
-3548
-584
2428
1504
-1665
-3679
-5695
-4408
-5218
-12
-1171
-292
-3795
-5612
-5530
-1459
-127
-1922
658
-3651
-841
1631
-1160
-3170
-3469
-1714
-2359
-318
-2023
-3868
-1219
-2343
333
994
-4016
3694
-743
-1569
-1577
-3436
-2328
2042
854
-718
-6372
1198
-5588
-1198
-1172
-3084
-2436
-1031
-1698
2824
-1917
671
-567
-265
-4001
1406
1663
-937
1172
-2288
4271
375
1921
1157
-1927
-301
-5224
2025
766
-2436
-613
-37
-2719
-117
-3442
-610
-1515
-1133
634
896
-2383
-1888
438
-6365
-353
-1505
3023
-1291
-352
-1751
1700
-719
-1153
-909
474
-335
-4717
-1337
-3075
-2221
-1322
-2611
3530
1214
185
-860
3278
-2178
-602
-689
805
-1377
-623
568
-1405
-1427
-1085
893
-844
-2606
-747
-3165
-2519
1880
2150
-1816
1359
2056
104
-2820
-3367
-3206
-199
-2300
2800
698
3263
-4920
-5981
-1995
1091
1272
1283
-1666
228
-3775
-2523
-3056
3367
-1173
-638
-2541
-5195
-1572
1097
-1787
-559
-1768
-1811
-2015
1661
-1538
-2808
-944
-4581
-1183
-836
-675
2075
-1753
1766
2038
-3283
394
-3279
204
-1876
1116
1885
-1902
3205
2348
-28
-1142
-1367
683
1628
1673
-1514
126
-1359
-2624
-4635
-1899
-1158
797
-3567
92
-1322
230
694
-1834
-5357
2089
587
999
1572
-2338
-2799
-1490
3254
611
-231
-1438
2133
-1010
-2018
86
-2088
-225
-2980
-695
-1711
-962
-1167
-2488
480
1777
-1453
-1526
3619
1424
-1859
-154
3923
94
-1468
-2158
-731
-1944
-2210
1737
-1191
267
-161
-5588
-4513
-232
-1144
2702
1173
-3185
-1306
-814
-2175
-2707
-832
-369
-692
812
-571
-659
-263
-5380
452
1604
-937
-2827
-285
-2515
-3261
-1141
-1784
1466
17
-1486
-659
117
-2394
-3909
-4057
-153
-351
2091
1386
2949
-976
-4761
-3604
-1302
2875
-1522
-371
2658
540
-3505
-3252
-499
-1790
-3144
1815
-655
1387
-3621
-1421
3507
-1495
-3415
-2658
-241
-5678
48
-4897
-3026
337
-5352
-2734
715
912
341
1670
-4288
-1276
-2030
182
-3631
2512
-2132
500
-815
-3213
-1503
3138
455
-3329
-1308
-3772
2529
-3715
-862
515
-1972
-4646
-1272
-1879
-398
1250
-2775
122
-1813
2942
-1907
281
-605
529
-1008
1887
1834
-543
-90
-1633
3973
-4716
-1593
-2049
861
-2517
-2943
-1666
-2126
-3381
8
-457
1383
-506
-2455
3269
-206
3010
-2566
-2210
3091
-3012
763
1347
426
-2611
-6357
-4958
228
988
938
-1643
-3501
-2931
336
-597
2760
-2398
-892
1551
-2330
-1689
3610
-1832
-2121
-4738
-1756
-1441
1469
-569
447
-1617
2766
-1721
-2898
-1689
1135
-3033
-4698
-4131
1623
1114
-1819
-1793
-2413
-3900
-569
-5391
-898
-1132
422
-528
-889
1957
-2199
-1597
-1117
-2103
-3076
3547
2532
-1774
-2088
898
-1683
4330
-4071
-4997
-5859
-3729
-5924
-1118
-3597
-8804
-3573
-2889
-4466
-7054
-3790
-4668
-3783
-6272
-4082
-2500
-1129
-2895
-3393
-4276
-7134
-2199
-1671
-3034
-1238
807
-3720
-2173
-1159
-3088
-2480
-2368
-1743
-2369
-5246
-4280
-2848
-3421
-4934
-4582
-3597
2032
-2744
-4522
-6379
-882
-1656
-2266
-2753
-2047
-4616
-3975
-1086
-7
-1927
-4744
-1072
-743
-1840
-911
-3325
-8
-1009
1064
-4377
-3344
-5315
-1965
-2647
-3203
0
-773
2029
-2229
-4490
-3397
-2062
-986
-269
-2390
-3315
-2265
-630
-4149
-2763
-178
-3044
-990
-1409
-2226
-3025
-2729
-2826
-898
223
-3317
-4700
-2018
-1028
1528
-1062
-1649
-1644
-6557
-5632
-3
516
-4142
-2744
-3612
-3289
-1887
-3631
1233
127
-1269
-1257
-2638
2449
-3355
-4916
-369
-820
1961
1162
-1460
-537
-1973
-4236
-161
-5113
-7605
-2661
1263
-2897
-593
-3933
-2431
-2741
-4089
-2563
-1476
-974
-3728
-2484
-3482
-2161
-812
-1615
-11
887
681
-4150
-1054
-923
2839
-2536
623
777
466
-3269
-920
-4758
-6466
-4461
-587
-2570
-5230
-2122
-733
-1708
-5954
-2588
-560
-2068
-2067
-2400
-758
-1385
597
-2414
747
-2055
-856
337
3083
-1108
-9070
-3378
-3088
1560
-4831
-3952
-1253
-1751
318
-4089
-4419
-4403
-4481
-4472
-3025
-1137
-1462
536
-2379
-2013
-994
-3904
-2091
-1469
-4480
-2021
-4612
858
-1859
-2183
-3263
-241
307
-2504
-1484
-3710
-3279
-4054
-3475
-1089
-2181
-1224
-2048
464
-978
-1519
-2444
-4946
-2067
-772
810
767
-3631
-1511
-289
-2285
-4543
-688
1351
-1267
-2907
-4176
-2641
-4582
-2162
-1032
-4549
858
-3566
23
2760
-2039
-3498
-2571
-2177
2359
-1544
-729
-3205
-976
-1836
-2624
148
-1508
25
387
-1431
-1572
-2663
559
-1678
2933
-2100
-3555
-1516
-3215
-2347
-2999
-3664
384
-4542
-1138
-521
1626
-1998
-3483
-298
-1190
-4064
-52
-2667
-4450
-4214
-2935
-3784
-2914
1154
-3122
-3594
-4352
-2947
-2822
-2626
-825
-2674
-650
-2532
1154
-2397
-1617
1785
1777
-4374
-2048
313
-2040
-878
-2498
-2295
-5796
-7084
-4142
-1875
276
-1208
-2822
-2078
-1054
-2435
-2484
-4363
-160
-2200
-3642
-4502
-2445
-1258
-1515
-343
-1432
408
185
-110
-1915
-5080
-3947
-4140
401
-4608
-3055
-2552
-382
-367
311
-246
2480
2053
-1788
-3570
-2161
-2029
590
-1571
-2465
-2082
-2689
-1499
2928
510
-1431
-6685
-2491
-3482
-3089
-4160
389
-3456
-1899
-2652
898
-634
-989
857
-1089
787
-3169
1665
-1189
-7196
-4078
-2204
339
-623
-1913
-1146
-3666
-8418
-3533
1385
163
-1159
347
-3367
-1608
436
-2060
-818
-3741
-1435
-2704
-2439
-3497
-3323
-5063
-3737
-4895
-3079
-54
-4863
-726
-2617
-4438
-2586
670
-3371
759
330
-3064
-285
-4939
-2246
3013
-553
458
-1312
1122
3339
-715
-2460
-2006
-854
-577
-1855
679
-2409
-4240
-3843
-225
-2615
-2246
-843
-1679
-764
-3453
-3612
-533
937
707
-2653
-2255
-991
-504
-1334
-3096
-2598
-986
-837
-1062
-617
712
-3318
-1269
977
-1223
-1851
2170
-3672
-3106
-1413
-4390
-2338
-1329
-2757
-622
-3805
-1846
-1097
1736
-89
-1566
-1139
-634
-3166
-146
-1716
983
-1078
-1533
-247
1520
-1213
360
1757
229
-1919
-8333
-351
-1013
-340
-1506
-2611
-1339
-1078
-17
-1821
-4399
-5537
-1682
-334
-1498
-4141
-2684
-3828
2266
2126
-716
-1207
490
-3447
-2449
-1048
-3410
-2494
-2393
-3299
-239
819
-1315
-4524
-3008
-2997
-2934
-969
-694
-3348
-3867
-2799
1749
671
-2622
-2074
-956
-2703
-730
541
-2015
-3200
-1809
-3382
-2702
-1032
-2457
-4375
-759
-3351
-2481
-2022
-1144
-4114
-4817
-3602
-3613
-2199
-3235
-1869
-1116
-2061
-3408
-515
-1897
-1525
655
-5279
-5169
-4913
-3256
-2105
-586
-5090
-1499
-327
183
-1340
-5034
-4306
-2558
-3187
-2404
-2951
-2127
-1998
-616
893
-917
275
853
-1006
-1610
-1293
1529
-2867
-2160
-2162
-1398
-1427
-1059
-2602
-3706
-2756
-1719
-3811
-336
-3482
-1338
-3859
-1014
-791
-2112
-2182
1078
-498
-1902
-3175
-3361
-3853
-3082
-4869
-3676
-1525
-294
-2401
-4692
-2640
-2134
-1475
-953
-2143
397
-3160
-1466
-2688
-364
-210
-388
-1008
-4743
-2229
-164
-1533
-808
-2349
-3806
272
2290
3466
4117
6360
5724
2924
4275
5850
4553
4006
6866
2411
6666
4405
7076
6824
6789
5076
5328
5823
6132
6990
4398
4172
1976
1548
-1561
4
-1992
-878
2876
1227
884
472
917
3257
3756
1228
1051
-814
2978
-1145
-2389
-30
806
-2372
-2502
441
-2373
-2153
-994
-6025
1531
2003
2159
2822
3103
1897
541
3768
2667
6306
3995
3598
470
2006
1955
4394
-280
1201
392
-3590
2068
-1036
3603
424
1451
1868
-493
-170
1083
4574
3364
-209
-2549
-221
2040
2071
1138
-1927
3329
5536
-3067
1246
-781
-2093
150
-4486
849
523
2894
893
-2274
564
3626
3011
221
37
2072
3073
824
638
754
1290
4481
-166
1355
-2419
-902
-411
136
1835
2296
2431
-1873
-2308
4567
4645
3133
-228
1029
76
1690
1450
627
-496
1060
-616
281
-354
-535
168
2017
820
2630
1064
4217
1221
3369
-125
4285
2200
3283
3893
3206
1673
-833
193
-1878
1427
1684
14
1073
5166
2759
2351
-4556
-456
2848
-4199
643
-922
1294
-255
1559
1577
132
-1078
764
955
2795
1341
-1944
-59
3210
7958
3127
2733
2971
286
723
3813
1290
-2296
-413
-2180
-1438
4174
1298
-674
3021
392
-2301
746
-1109
-81
-763
977
604
5919
908
3380
-2846
841
1363
-1568
-1185
-475
-2143
1327
2197
-1355
-1131
3115
-2098
-404
3031
4090
5527
2922
853
5299
27
1828
556
-2348
196
1847
-3197
-368
-1479
-1181
1670
2639
1116
4119
623
516
1527
546
-6090
-2282
1640
-1479
5438
-2148
1970
895
-1712
-848
-1602
502
-4230
4884
2912
-3513
7113
2847
-731
357
1234
-1115
3472
5197
4248
-343
-1478
-1368
1628
373
-1644
1701
1323
1577
1785
3993
2452
1374
3954
3319
959
781
-190
2206
-1387
-656
-497
-233
4427
-1292
2153
3541
3562
-244
-454
923
-94
641
1244
4234
-144
475
197
390
3825
-1901
1754
2842
-1613
780
3856
-2397
3500
1179
87
2550
594
2590
3317
3584
-2052
2339
219
-90
-939
686
1331
-772
1321
1196
1939
308
2679
2795
1961
-505
1042
3525
514
1270
-1715
1345
6485
6348
1528
1894
1199
632
-4945
1949
1846
881
1758
-1613
1486
1131
1679
528
939
895
-98
459
2858
-352
2993
342
4194
2492
1325
2563
927
-997
-82
2050
1218
-1825
3091
1652
32
-763
-2093
4735
2709
5316
2200
-3055
4142
2040
-463
2312
-125
901
-2991
4790
1811
539
-1063
87
2576
-2425
3669
-785
2233
1404
-3415
326
3121
850
2782
-163
2342
843
3671
4216
843
1839
-414
543
-160
2520
1619
742
1021
-2287
2663
2662
481
644
951
-959
-598
-580
1473
-1266
1977
3650
3850
-418
4478
2728
1983
-1457
3170
-2309
3655
3760
3076
340
13
63
-699
-694
304
418
4556
4403
2837
2786
-283
1681
2433
1057
370
5945
100
-378
1331
-532
-3267
-1635
3095
2637
2826
2883
2261
5416
1946
5101
1982
2976
1727
1063
4633
3046
986
168
3143
1269
1607
4134
3571
1227
-488
294
2410
668
236
5847
4408
2101
6484
5955
1243
1839
634
3182
-524
389
3047
1071
-940
-232
-782
3073
401
1009
-1873
-19
-491
-1082
-101
1873
-777
3396
-459
-1929
607
-5807
-560
3204
332
2491
2500
2432
3730
-1266
2791
3208
-607
3179
3018
1260
1058
2604
2472
654
1541
215
-634
227
1148
714
1142
5029
1124
2337
1955
419
2890
621
-4209
-623
2927
2758
729
1954
505
125
-609
784
799
796
4735
2729
-1201
-1851
-2521
2866
1566
3602
3153
-3024
-1103
577
-2866
619
2074
103
119
-521
2281
2523
1678
-2942
-3552
1077
1539
4056
-1333
3406
820
132
-1077
-1638
1931
335
979
4401
-187
2929
2517
-131
-2382
-2525
1250
-2562
-1145
1335
-332
-2480
-960
-420
-236
1842
1212
-83
3297
-2917
-1370
-755
2192
-753
-2824
-1923
-230
-228
854
-466
-2170
617
-509
-6660
-2554
-6205
-2719
-4890
361
-3440
-1055
-3382
-5930
-1677
-26
-1385
-2580
-2690
-776
-362
-2754
-981
-5736
-2526
-1375
-675
-2658
-3813
-2708
-3314
-3170
-4228
-2882
-3810
-5134
-3300
-3719
-5417
-4106
-3899
-4257
-2906
-2726
-3105
-3159
-2107
-1528
-2893
-191
1983
-110
2524
1420
-4301
1684
1679
-2449
-1790
1890
1131
2930
1641
-372
-166
1577
1122
-759
356
133
627
47
314
569
6109
-943
849
-592
-5518
-4888
-1359
-3974
-3436
-412
-81
81
-855
889
1959
2724
-137
-1205
-1419
254
-1852
-2134
-3880
741
-2233
436
-3379
-4257
-4227
-2156
-2414
-2811
-7
-955
-988
-1533
-1461
-1478
1889
-964
-978
-1409
-255
-1736
1726
-974
-2961
-482
1480
-1595
-2394
-1410
-1528
1787
-1498
-3375
-2437
-1173
-1526
-719
-3727
-4107
994
-5025
-6080
-1096
-2737
-639
-5196
-2555
-2858
-182
-1329
-679
-1478
-2663
-2497
-312
-851
-1899
-2545
-2211
-2644
-4378
-5419
-3765
-2484
-3778
-2565
-1623
-4502
131
-2882
-1939
-3078
-3115
-117
-1827
1184
-1484
-2045
-279
1334
108
-1655
-3221
-820
315
-1146
1643
205
-2953
-724
-967
-3198
-5643
-4325
-2339
-3967
-3188
-738
-354
-464
1384
-1726
-1180
-4375
-1172
-229
-2286
1224
-84
-2062
649
-2178
-2109
-1518
-586
-33
-2230
-1965
-3792
-5727
-1292
2229
2047
-627
-5427
-659
-595
-4841
-3135
-3043
-583
-2457
-3303
-3348
-2849
-2199
-3367
930
-2537
-2299
-2593
-822
-2003
-123
-2564
1799
-252
-3080
-3360
-1144
-420
-3487
-2033
-2168
-2987
-5186
-4952
-2698
-3904
-4708
-2656
-692
-821
-1087
2005
-806
-3274
1011
-1093
477
-1761
-2208
-2822
-1094
-1602
-443
1351
560
-8
1086
-2048
-2098
554
-1257
921
-2924
-1919
-754
-651
-1820
-2503
-1544
-1974
-1411
1413
-3217
-1869
-2404
-318
-4158
-5106
109
-2134
-874
755
-3675
-228
292
-817
1768
-1096
-2770
-720
-2678
-2136
-43
207
-3326
-109
292
1679
1913
241
1694
1759
-2161
1006
-2798
-761
-2267
3093
-718
-4249
572
-195
-4486
-2479
-1244
-2163
-2356
1390
-759
3376
-1273
-2826
-328
-456
-2418
-1634
-3131
-550
-2080
-1485
-1354
-2302
-1013
-4630
-1257
-3457
-564
-3325
2163
-1832
-796
-32
1975
168
-1587
-1653
-1998
-1732
-2646
-3324
1832
1705
-2465
-2267
-2520
-2274
-1425
-2760
-2450
-2072
-3347
-2518
-5102
-5974
-2470
67
2581
-189
-12
-665
-2611
-1062
-2348
-2279
-2256
-1346
-865
-894
-2439
-3463
-5370
-3336
584
200
-1021
-2536
-4334
-1637
-5630
2640
2539
-3008
-3122
-1420
1012
-1931
-2369
-3222
-1196
-2021
-1596
-3756
-1449
-5272
-4083
-2409
2418
-2505
2118
1322
2406
462
-3032
-771
-240
-944
-2334
-1039
-1864
-2032
-3534
1147
-2361
-1099
-4456
-3633
-6539
-1804
-886
-3855
-2188
-2636
671
2099
1196
-2784
-5063
2322
-2322
-828
1212
-1142
-2903
361
436
1242
-2377
-3604
-2698
-2328
-431
2088
-778
-1975
-1764
-3636
-2675
346
-5177
-4214
1137
1237
882
1179
-284
-1234
-1526
-1230
-5289
-3645
580
-1916
-1375
-1225
-5546
-2305
588
347
-107
-3008
-1972
-4431
-2515
1236
-700
-59
662
1979
-1802
-2127
-732
-6076
8
-428
-71
-397
-2381
-1392
-4311
-3916
-1131
1447
-1505
-1014
-3961
-2570
-2177
-3564
-4551
1313
2781
2191
1860
-1113
-1381
-1652
1949
-1079
-1055
-1491
-1589
-1640
-946
-601
-1663
-3224
629
-1389
-6506
-4121
-5658
-3362
-260
-1453
646
-393
970
-2194
265
1426
1893
1554
-3049
-2264
-4407
-4037
-3071
-2066
-281
-390
-3368
-2315
1667
-1240
-1709
-3342
-1835
-425
-66
214
-1316
405
-178
-2882
-2998
-1103
-3915
-1425
29
-1037
-2609
-1353
-68
-1124
-1060
577
1230
47
-587
-1951
-1063
-83
-378
2902
-505
-1739
-2759
-3302
-2044
-627
887
-1757
-3869
-1952
-3230
-1129
-811
-1201
-462
-2249
80
-152
-1184
-3692
-2920
1267
1963
2657
-1046
-4188
-3401
58
199
-280
-2255
-1729
-4049
-2672
-698
-1656
981
-1707
411
1095
-1297
-2618
445
-2327
-4503
851
1088
-1246
-2465
-1775
318
214
-1443
-819
-638
243
-4124
1359
-427
-1029
-1275
140
-1556
-2254
-3044
-5889
-3134
-2042
-4171
-1662
6404
6097
4535
7094
5373
4235
-766
520
1290
1894
1924
4745
1231
3017
1364
1647
4589
1022
-757
2821
4949
2123
1735
-2496
1067
-2081
1967
-4084
-3020
-1239
-329
-5708
-89
-2391
529
-1093
-2120
-1715
-745
-1765
-664
-2127
109
-1262
-740
-4517
-795
-3291
-5253
-9096
-3727
-4165
-4971
-2751
-4253
-7190
-4804
-615
-2519
-2100
1884
-4245
-3733
-2543
-4498
-3056
-4121
-5455
-2692
-5472
-5500
677
-5855
-2342
-5336
-9312
-5300
-4434
-6097
-4938
-1321
-1621
-3214
-4517
-5392
-5265
-3123
-5995
-3624
-3958
-2533
1251
-5069
-7993
-2984
-5974
-3450
-5623
-3041
-3869
-3278
-2317
-2848
-2035
-3709
-5939
-1442
-1951
-3058
-6011
-5600
-3634
-112
-4396
-490
-4698
-5103
-1118
-7686
-22
-7171
-4095
1032
317
-5746
-4007
-3749
-2004
-147
-3499
-6121
-2564
-6053
-3327
-5871
-7112
246
-3367
-5398
-3911
-1393
-3992
-5154
-2001
-6447
-5416
-960
-2233
-2205
-4890
-2976
-1697
-3366
-5306
-4373
-3795
-2267
-6206
-7029
-3135
-2131
-7038
-5011
-3022
122
-7308
-4101
-5081
-4338
-7760
-384
-1901
-1291
-3053
-3761
-3915
-1352
-3247
-2156
-4657
-2521
-6179
-6603
-6210
-5444
-4934
-2212
-4004
-4179
-2668
-8720
-2033
-6868
-3692
-6617
-4795
-2085
-1058
-2502
-2745
-3449
-5707
-2594
-7762
-4600
-3656
-3806
-6372
-4420
-161
-6256
2521
-1853
-8250
-3862
-3179
-5435
-5304
-3118
-1553
-4311
-7932
-2542
-2462
-4047
1658
-4108
-5037
-1697
-4553
-1826
-3629
-2435
-6318
-1209
-1616
-4427
-603
-2752
-1010
-8079
-5830
-2471
-600
-3086
-978
-5580
-527
-2552
323
-474
-3837
-3092
201
-3250
495
-2231
-4378
1250
-2173
-4385
-4595
-9937
-1619
-4810
-5758
-1360
332
-2491
-6399
-4724
-5015
-6755
672
-2447
-3635
-5362
-2923
-3853
-7000
-3085
-1935
-7506
-5738
-4179
-4454
-3512
-4301
-4490
-5332
-6930
-3314
-3905
-3834
-1230
-1961
-7411
-5748
-5040
-6698
-3064
-3153
-6949
-3165
-3059
-7073
852
-3925
-4502
-3476
-4130
-2775
-6026
-6862
-4312
-5919
-644
-1683
-3180
-1109
-3030
-4050
-2488
-5485
1472
-1823
-7115
-2538
-7098
-3672
-3367
-5102
-2388
-6087
-4295
-2646
-4161
-1912
-7817
-2974
-3306
-3206
-5108
-5376
-3321
-6172
-398
-2344
-2714
-3934
-3097
-3488
-6948
-2247
-6598
-1596
-6643
-608
-7882
-4681
880
-4690
-3867
-2856
-3828
-6249
-4146
-4618
-3629
-8226
-1429
-1992
-4775
-4176
-1603
-2637
-3263
-2423
-3758
-1640
-4517
-174
-4924
-115
-7917
-8474
-4809
-3405
-3920
-5504
-3921
-2789
-5134
-3042
258
-2232
-4494
-5556
-3117
-5319
-793
-5122
-6326
-2431
-1143
-5259
-1987
-3698
-5523
-5769
-3122
-593
-3499
-4076
-5578
-2626
-2050
-5376
-2926
-4274
-3032
-2593
-5696
-624
-2997
-4399
-9236
-5851
-1620
-2394
-6396
-1175
-3385
-5181
-1365
-3052
-993
-4814
-3585
365
-4319
-2796
-3676
-4964
-2850
-3972
-176
-934
-6166
-5768
-3493
-3766
-5317
-7450
-4832
-2488
-2733
-3819
-5707
-5765
-1880
-105
-5104
-4872
-2528
-5560
-3687
-4669
-5480
-4848
-3025
-3608
-5281
-3575
-3957
-2599
-1671
-265
-5449
-2865
-4795
-2837
-6446
-2703
-5716
-2101
-2850
-3987
-4858
-5291
-2004
-1742
-4582
-2475
-1673
-3856
-6637
-2873
-3872
-2944
-2343
-2032
-9347
-4014
-9645
-7940
-6332
-3722
-4890
-2289
1525
-948
-2481
-6394
-1989
-4127
-4728
-1187
-4663
-7218
-8460
-4783
-3788
485
-4688
-3580
-3949
-4074
-7910
-6606
-7785
-4020
-4446
-3313
-5083
-4488
-3595
-3210
-1449
-122
-156
-1852
-2778
-4583
-2250
-3327
-3453
-4661
-2859
-492
-3865
-1852
-3578
-8128
-6782
-5123
-7050
-2655
-2159
-3298
-7438
-3898
-4946
-3217
-3392
-4643
-3564
-1363
-4617
-3145
-608
-6272
-5872
-3193
-6001
-1928
-2640
-5835
-3283
-4484
-3744
-2879
-2207
-5089
-6297
-7351
-4570
-1721
-4543
-3141
-6949
-2879
-2260
2932
-7700
-3929
-314
-1829
-3875
-3793
-678
-4398
-2475
-2318
-3340
-4068
-1338
-5223
-1900
-7264
-2966
-3768
-2452
-6473
-4983
-3454
-2663
97
-8267
-2270
-5869
-10927
-5700
810
-751
-4003
-6735
-2870
-4593
-369
-2709
-1438
-5055
-4488
-4739
-4406
-3780
-4413
-3438
-6018
-2026
-6835
-10691
-6704
-4528
-6089
-4232
-1226
-6959
-5657
-3824
-1585
-3552
-4423
-1348
-3910
-1258
-1993
-1473
-4737
-2957
-2510
-1953
-4777
-108
-144
-4615
-3262
-1413
-6723
-5195
-789
-2185
-2783
-5494
-3728
-3776
-6230
81
-1757
-2301
-5936
-671
-4555
-5628
-1927
-4192
-6796
-6684
-6886
-1467
-2083
-2728
-2365
-7638
-2969
-2165
-3215
1274
647
218
-3169
-2625
744
-979
2014
-4091
393
-74
692
-721
623
-629
132
-2491
-95
-1941
-3571
-1927
-983
-1177
-568
2111
-2131
2852
3526
203
723
-2579
3495
-799
1101
440
-1615
61
1853
-2854
292
18
12
339
1043
-25
940
-2721
-1295
-326
4793
3004
532
777
1357
-819
-783
2287
2679
-722
-286
-598
1758
1595
-418
-1716
2016
354
1860
-191
1536
-282
2106
6688
2651
2720
-2427
1584
3495
1964
-2137
598
-2917
1668
-2217
-1141
122
3344
2705
5470
397
65
-1581
-889
3424
-2041
-588
5535
3559
4470
-973
3857
2272
-412
950
2948
2945
1915
4442
2345
3003
937
1038
-3126
1009
2225
-66
1218
2043
4373
850
-1797
204
950
1672
2608
6
5602
-1970
-79
808
6200
3361
1687
469
2813
-2185
511
4538
-475
504
2772
987
3042
3622
-885
1562
-251
-753
-153
4903
7063
4100
-1552
352
364
176
2410
-664
105
-1162
2006
3007
1846
1432
-935
-368
-1570
199
-3196
-2212
-1078
227
3187
-64
-596
3401
3068
-962
2157
1680
1121
2684
2611
-4089
336
2337
-2222
2266
1905
2545
2520
-1405
-522
2564
2885
11
5526
171
-98
5310
1326
1156
3923
-195
3328
696
2240
-269
365
-2218
1875
1173
-2630
-63
2094
-2329
4438
3207
843
3765
1472
-653
2732
-56
2302
2568
-144
-554
-1295
-1872
3743
3266
3644
1845
-1675
-1795
2350
2176
363
-2610
-801
255
-440
2836
3279
2782
1486
-3047
-2898
-2203
-3037
2974
-1923
570
3066
846
-1277
1053
-930
1416
2144
1765
2813
2350
2963
616
281
1398
2780
1230
4859
3643
2563
-1452
2078
1691
-3782
-439
2790
1975
2679
-3095
1476
490
-420
52
294
563
-1353
1724
2533
741
1456
3088
1667
4285
4241
1260
1657
-3275
340
2601
2168
-622
1405
-2308
-2075
-581
-1395
2063
1836
-474
810
1995
4106
-3133
948
5318
-463
-646
3334
-1705
1009
-1732
245
-1519
-2217
3578
2414
-1180
-1102
2931
3603
-345
-73
509
1880
4083
484
-683
1509
3352
2283
4224
2929
1708
2968
1784
2583
464
2275
1859
1757
4799
4968
4872
1882
-618
-1731
2893
2172
849
3967
1751
1024
-427
-202
5151
3752
3475
3062
5680
-504
2326
52
-1023
-2777
-3738
-124
118
566
1255
-22
5676
3442
743
902
1854
152
-596
1624
-866
1774
2132
-44
2646
160
-1480
354
303
-630
-2294
3892
315
299
-230
634
1329
796
3976
1880
-2177
2151
3585
-438
1051
1064
301
73
-1439
1683
2115
2423
4307
-884
-1803
143
-568
-4837
1134
864
-1548
-2884
806
2960
-1361
-2516
1745
1421
164
2379
-2428
865
585
-2482
535
2988
1839
2159
2515
3572
4040
-1321
-2579
1999
-2391
-1366
3354
481
245
-241
2463
231
-156
691
-471
-2334
1965
3666
-1721
1436
185
2800
90
813
3232
59
845
-1144
-3459
-882
123
-948
-675
1223
2180
-2658
1557
2327
2120
2186
-1594
-2249
1808
2612
1948
1950
5202
2506
4266
2302
-1500
-2117
-3146
-3965
-129
-1009
-2684
4266
1680
-246
670
340
-398
1932
26
1769
2410
-1018
1252
799
624
3410
-1782
915
730
4210
1248
1329
-2256
-1988
-3259
-1024
-924
2364
1402
-126
196
1534
-2000
2896
1315
933
5161
1201
1593
4547
2335
1022
1541
1782
1712
1356
1926
-232
-213
4185
-1384
1779
-172
2177
-2579
-288
2291
-256
289
1567
379
110
998
-85
-1700
1825
1803
-399
-2699
-2551
2433
4451
3208
586
-320
3836
580
831
-1830
3779
1848
1606
-892
-642
3737
-287
-1853
-2877
-620
2497
2309
-1340
-620
-653
1125
726
3521
-1902
-3657
-1548
4073
2368
-2623
699
-347
691
-3299
-854
1044
7822
-563
1308
3595
2582
-1088
-2448
1112
2455
1097
1915
297
2656
501
-1432
1771
647
4478
-29
768
4746
4523
1864
2472
6908
5221
1980
1483
938
1751
2077
-2188
-4965
-1771
5389
-1821
-580
-16
-1652
988
-41
-1216
-332
1449
2918
-1635
-2524
-474
3573
848
-1014
-2223
105
-1724
3621
1011
2348
-222
3341
3067
4791
2949
3617
3016
4055
4420
1914
1244
2916
-855
2317
2598
3417
4416
4619
842
6122
-4081
1873
1023
2142
103
2616
2206
2439
4230
2414
3705
1469
451
2271
149
1443
-893
2350
2609
2246
1728
1890
907
3770
-1413
-1603
4802
1118
2146
3729
1599
-259
3608
906
3074
548
1298
76
2936
4234
1570
3838
520
3981
2238
2766
-637
3215
-1587
4615
4011
-178
-1621
276
2085
2018
-399
1363
-238
-635
-34
3208
-102
972
3072
520
1662
3703
466
1178
2943
1624
-3290
-516
4111
1407
2177
5496
-146
-3041
368
2004
102
4482
476
1915
677
1182
-2136
1334
4143
-1598
-2357
181
4747
2428
-844
1459
1227
-1834
2363
5782
4503
2124
149
-767
979
314
3940
-69
-2952
-788
814
-919
899
1890
1395
3051
1000
1411
-1610
1395
-285
3812
1802
946
1903
-1219
2834
-526
-1175
-1307
2515
-243
-657
-380
2656
1909
2041
3581
703
2045
4393
-224
265
-1044
4871
935
-701
2367
3655
4680
866
-435
-1476
-3842
3090
-1824
2702
419
919
3999
2004
-308
1038
-539
1992
902
-194
-291
2360
2615
1686
1999
-300
1806
897
1861
-3047
-2092
2423
-617
-1056
2339
-622
1658
-918
454
-31
-1301
-237
4041
-2784
1285
2655
2241
1336
1131
2708
-1629
2950
2264
-247
43
-727
3501
3165
937
3832
1426
42
2098
819
-3003
2405
679
806
1004
3456
1252
864
-948
-2
238
1524
3388
603
141
1973
353
1536
-2341
3179
129
1495
-3251
1629
4125
1744
3513
1222
1663
5643
1871
-1263
-1758
-615
713
4033
1442
4360
-90
4031
2144
3051
3402
1416
3545
1939
4031
2417
3441
1816
844
-214
1971
205
-765
737
2857
1233
-1320
3656
-969
-517
-460
1102
2176
1113
2913
1335
776
918
3066
1753
2916
-1566
1690
555
833
3488
-959
886
3180
733
4748
1653
724
2698
-615
128
774
17
-995
6002
3582
4017
3400
645
-2005
-2827
579
-448
2118
6699
-1126
-396
-1704
2119
842
1227
1079
211
294
-582
1091
2662
124
2196
669
1546
2243
2519
1424
-1141
-150
-2238
2961
4490
-246
-214
-2113
1819
3873
1907
664
1957
3136
1714
-1494
2067
2255
-489
-2104
563
2989
3705
-2787
-3236
2452
-470
1717
2908
1033
901
810
-1071
4003
4671
1757
779
1607
3409
777
2470
1125
764
884
-1186
1176
3161
1403
405
3424
-1638
1518
508
2906
2235
704
-2014
709
338
-1719
628
840
3623
2484
3068
1621
1086
781
-1839
3414
697
2825
2858
3172
-1245
2170
2051
2080
471
1109
1535
1872
2462
655
3005
-655
2509
3208
2564
3301
1366
-2028
1070
2468
1465
2429
3590
-1746
-658
1673
2308
3130
3992
3134
5429
1753
2650
1631
-616
2559
1693
3092
1499
1666
724
1164
2246
1458
3588
1710
264
-2785
-2845
963
3957
2434
1888
3585
2507
3594
337
539
-2140
5410
912
-1517
274
2357
2264
-997
-359
-820
3912
1921
2450
-2034
-5569
-316
1117
984
13
3151
3643
2104
-885
2069
4281
1567
73
3184
699
3451
507
2152
-3651
2453
2599
-327
3569
512
-337
4107
4093
3481
-1081
1747
-88
-1416
-1554
757
4280
3248
-204
4935
3585
1355
-607
142
-2640
241
-490
-1535
6295
2235
0
1836
333
1403
-1712
1004
1931
1368
3992
-543
3370
3720
-841
2674
4555
-2784
1004
-1216
-2807
2475
-1066
2252
4537
1410
-1006
1184
-243
2402
1342
1301
-1935
2286
-559
-1314
603
3773
-4711
-905
-1966
-568
4031
292
4026
1823
2188
-1380
-945
1477
-950
4450
1135
80
-352
1660
1729
1394
-460
4934
-1543
2185
-292
-887
-2410
2255
1564
-2617
-209
-2129
1296
1192
1899
2311
-3043
647
1970
4024
2003
-235
1418
-2214
-226
4870
818
-1600
3984
4138
4196
2680
800
4014
4436
-2126
869
368
-1358
-937
-3490
-2867
-208
-2713
468
-6737
-2082
-2286
-1352
-3559
-2165
-2084
-4974
1549
269
-107
-2375
-2196
3418
718
-1009
682
-1152
-1839
318
-1605
-3042
-1489
1547
196
-2728
-5289
375
-3293
-5105
-2574
-3157
-2055
-1136
-2588
2085
-1707
-1953
-3567
-2032
-712
1117
-1524
597
-2829
-930
-3221
-2281
-1105
-2196
183
-2292
-580
-1815
1228
-130
-1739
-1400
-4421
-1749
-4509
-3722
-2908
-4267
-3743
668
-3357
-1586
-1256
-136
169
-826
-2597
133
514
220
778
3838
-394
-1183
358
2002
-740
-2200
-2619
2698
-2056
-2073
1511
-2508
-1447
1693
-1506
-2935
-884
-219
-3638
-2062
-2245
140
-3130
-1240
-4546
-2463
-4538
-2676
-1295
-336
-641
-92
876
841
2792
-1805
-769
334
4472
-208
1137
-1234
-921
-1517
-1692
-2076
-1212
-2624
697
-48
-1049
-1887
-330
1777
-1884
-3554
230
-738
374
999
-2742
69
-1459
735
-1098
-1697
-1449
-1458
1250
-1433
972
2177
2594
-1400
-6
50
-1392
-2327
324
-1491
-3295
-1860
-80
-1858
-4171
863
2373
3010
-714
1146
1548
-1250
-229
2616
-1655
-434
-3524
-4698
1355
-454
-2637
-1130
-3039
1486
4154
-1755
-3012
-3848
595
-372
121
291
3745
-511
-1649
-643
-1680
-157
-2952
-2123
-1574
-2410
-661
-3698
-1616
212
556
2906
3461
2691
435
-1125
-4033
4570
-2095
1649
-4666
-1233
-1742
98
-1028
-2112
-2196
-1648
-3588
-5731
-2389
-2359
-1792
1777
-2394
-1410
-766
1900
2158
43
-468
467
716
-968
3767
-1763
-3164
770
610
-2947
-2342
1933
2759
316
-1524
136
3421
-1880
-841
-2091
-1289
-5620
-1433
-1394
-663
2635
-1176
3936
3021
-444
106
761
1784
-2047
-2184
-2818
-532
-2962
846
1239
822
35
-1908
-1175
164
-3765
-6626
-2059
8
1551
-1489
-1312
1177
1367
-50
-2608
-1801
-3720
-490
-4087
-2321
-3576
-1595
-1414
-986
1044
-695
693
-1877
-2655
1425
-101
41
1490
-4151
-2482
-3262
-1081
-2803
413
-12
-1646
-1530
706
-3116
-836
-1628
-2516
-1000
-2745
1064
-3746
457
4340
-1415
-1899
-3549
1950
1426
-2136
191
1127
-2726
-2068
-962
-1234
-1105
-2984
-119
-3428
-2169
1135
-593
-1223
-239
159
-2811
-1404
-6878
-3648
-1590
3674
-78
390
8
-410
2189
-1905
-137
-839
-3076
-4371
-2523
355
-308
-1916
29
1884
2905
-710
564
-4069
-1731
-366
-2888
2468
-3906
-3841
-3278
-768
485
15
-653
-2322
617
1803
-2138
-2418
-1334
-561
-2461
329
157
20
3501
-346
400
-1295
-3577
1023
-2575
-2619
-1641
-353
-3521
-460
-3145
749
234
688
-265
-2075
-5364
-2383
1579
-831
-4542
-2063
-394
3176
178
1966
-1193
1959
-624
3716
-600
-2353
-1764
594
1719
-985
524
-3130
-2176
-3057
-2432
-2826
-208
-625
674
559
-6205
284
1028
-631
501
2531
-1468
1675
840
-949
-1157
-2883
-832
892
-1072
-3735
506
5073
887
-917
152
1440
1508
-2241
1802
-1737
-4920
-1715
1686
1253
2151
-658
480
-3033
-2611
-3453
-741
1010
2759
2975
-1207
1564
-2
1323
-4264
-1252
-1532
1522
-1154
-2437
643
-1529
-4215
2325
3426
3049
3505
2333
256
2740
1002
-1145
510
1875
-170
-363
2345
1223
-2814
-3587
-2020
-2948
1708
-1444
-1167
-2146
-3139
-2542
-5554
-2507
-1540
205
2649
4693
4741
1242
-2299
-4776
1726
-834
1113
208
-2975
-544
-1885
492
-1782
35
518
-2327
-2132
-2320
-3807
-1335
-4618
1912
-4682
-4013
-1827
-584
-5757
-2419
-2164
2370
-2893
821
182
-178
-387
3285
-5681
938
548
-1065
1728
-546
-1338
-597
-2952
-3153
-1652
-1703
-521
-977
-2005
846
-3108
1339
-920
-3241
-5870
-4942
-250
682
5362
2314
-239
1436
281
798
-2412
1018
317
-3578
1297
187
-426
227
-183
-46
-980
472
-26
-466
-5279
-3403
2393
1586
-1060
-4053
-2149
-618
-4921
4056
1829
-1950
-213
2592
-2165
682
-3575
-1321
-3486
2910
-2264
-2543
-4313
-598
-2263
4549
-755
-2180
-3242
-1506
339
1245
-3358
-500
-3178
-2164
374
-1694
90
-833
-3884
-968
-971
1162
1296
-3086
-3541
-1978
-3528
-598
-3367
-5109
-1955
172
-524
-1362
-2285
-1609
-3854
-3106
745
-4034
-4102
-3973
-3524
-2134
-6247
-3070
-2730
1352
-1894
-1534
-1566
-1830
-2215
-2749
-1186
-1440
-1444
-4155
-1569
3327
3429
4863
2021
1555
810
1772
2941
4103
5043
3374
2568
2260
734
1396
3228
2128
1283
3395
4387
2476
1102
3650
1442
3736
4978
3322
357
3180
4218
2872
1118
3658
2623
647
1898
2196
679
3216
2527
2257
-1886
2089
2458
792
2082
3793
-996
3670
2055
3466
5065
-1701
-4007
1042
-737
762
317
1400
2940
3774
1211
924
1051
961
2100
3867
1452
92
3210
4092
-2532
2986
3848
2870
4009
569
-940
1932
869
586
1846
2192
912
1061
1978
-735
764
-768
899
5797
1212
1733
-1315
-982
-421
2953
3152
2402
2006
-725
-999
689
-20
-2374
-175
3150
-760
3528
1351
1756
-71
2577
-214
525
882
-267
1425
-840
-857
1367
4900
2896
-614
-799
975
4599
3101
-545
1441
1455
-307
2156
1713
2581
1952
2558
1066
1126
2238
1691
2567
-1197
-86
3010
3293
4594
-80
850
-129
841
674
577
5366
3493
-40
-1150
2044
-1829
-915
-991
2833
-27
814
2050
2052
1735
1571
4322
2371
2386
-174
-924
2753
1767
2521
-1464
1747
1443
-919
978
826
-477
2178
233
527
-1575
2490
983
1240
2330
-427
3909
2618
1145
1353
1738
-965
684
3486
697
-1137
-1506
-552
-1151
-333
-2483
195
2092
200
8
914
1091
1924
3692
296
3049
-671
2560
697
2481
-214
31
3443
1953
1294
2790
-226
-1704
-425
-166
2227
1169
4204
2881
-1745
-1441
719
1268
-805
4194
2950
1628
1949
-393
507
1050
-2211
-99
693
751
-552
1469
-1430
832
147
1924
1807
-1950
944
-1594
2390
2431
1152
3592
2937
3985
3359
-1453
233
-228
-54
4440
-935
-1385
2804
-969
1006
1514
-1953
470
2808
2010
2356
1057
1248
773
-1119
5720
5656
5741
2380
1192
810
-1474
-461
3316
2067
-3409
653
-2640
1760
-1735
-1336
997
762
-66
2275
1640
2563
-1150
-1021
4232
3180
1944
3423
2277
1486
-1540
808
2906
2073
1684
256
-2362
2573
2470
-2457
1820
3415
1286
2546
1219
1470
-2094
-1728
2282
893
3215
1007
114
-2017
1031
226
2027
324
-68
-1089
1600
3398
1721
1993
1433
727
-281
1114
2054
1066
-377
-1108
1905
3810
1147
1082
1403
827
-296
421
142
2762
3987
-2706
864
3789
2052
3966
2129
-864
-493
3304
2045
1349
-69
-2046
3797
3617
2186
1583
-459
213
1558
1809
1010
286
2860
1128
1255
1403
3915
-127
735
1762
-841
2035
-2905
2604
3012
-1680
4750
1357
1639
2569
1798
1125
735
-41
-912
3201
-1338
863
-408
1073
1620
1933
1242
1865
1704
-3098
1080
15
1740
-457
3100
2513
2219
458
2771
3730
-250
567
1407
1709
235
-301
-526
-870
298
946
2698
1697
2070
-1266
2877
3575
-5
-960
4176
2378
-1685
-632
1159
-53
2307
1327
1325
-827
272
252
1407
1701
972
283
3015
1776
1438
3240
2371
-1771
-1201
581
3171
3112
2329
3127
1321
1462
1663
1213
-1277
-99
2448
2136
762
-1094
-499
-1494
1137
-1817
1760
69
2851
697
1250
474
2924
2125
-773
1320
-559
1620
4578
3614
2399
833
635
1289
980
-933
3869
149
875
-1248
1601
2255
3576
2250
1557
-2628
3285
2857
5352
4858
-460
-886
-1592
623
1603
4183
-1764
1994
-702
-2901
3128
2926
323
-279
1666
-484
-4134
988
-1431
876
1291
943
2826
1089
360
-2439
1563
2023
493
-54
150
1141
1931
368
1578
-113
30
1904
1757
-154
-413
1429
395
1872
2371
2739
2232
-791
627
1554
1105
475
3334
-6
-466
568
2058
-186
-642
-1574
-1448
605
3071
2265
469
2685
2283
-2381
2768
850
3447
658
1264
-120
2556
-623
1755
1232
959
2650
2648
-110
-1181
-1266
-2031
-965
1308
-750
-2128
990
3095
-1497
2360
2543
1985
-116
3763
2401
2742
-566
1123
-1703
626
1844
426
873
-736
2671
2775
448
5508
1874
-2485
-299
803
-1009
2482
-1235
-603
-3619
-1965
-729
-203
-1245
-537
-2497
-1683
774
-791
-1921
-81
959
-2015
-4350
2443
-229
-746
-642
-802
-1415
1480
3230
1214
-156
218
-743
2212
815
651
1950
1135
1125
1875
1070
3764
212
2617
-8
2121
400
1511
-1262
-336
2393
2048
3942
3631
183
-1144
4132
1690
755
3330
2342
3716
2994
3932
1780
3039
1348
2179
-325
3902
5333
2220
2893
2734
4050
-660
5932
1890
8886
2905
4191
-201
1413
1592
3979
3444
2547
3771
2636
1934
-860
1615
2313
3399
4753
3727
3420
2499
2580
-1245
209
-16
2239
3758
1592
-647
1199
868
1278
2706
2128
1124
1763
-541
3140
139
2164
2296
-493
2212
444
6001
1988
-2386
-839
344
2716
609
2307
2695
2839
1788
1511
3897
574
5666
4850
6008
929
3025
1505
1017
-135
1679
1628
5358
4381
1365
2218
2931
751
1092
2724
3417
1703
1752
2739
2150
4512
3276
-291
1416
-781
-325
1129
633
2779
1450
-1233
3041
3701
-2469
3663
144
2578
889
6823
654
3749
3289
3296
1822
4895
1833
1095
2533
509
-413
778
2542
-384
-708
2689
423
4460
-523
3323
1121
2541
4379
774
3370
-998
-1619
3478
1554
2066
847
2510
3355
1518
123
2733
-1084
1966
328
1862
4988
5695
790
2916
4621
4080
2105
-158
3609
2520
2507
3020
4744
203
3721
67
1538
1247
2604
2294
735
-1804
-357
1443
4422
871
-2144
3740
5742
2585
2771
-522
1427
2104
1381
3875
1913
-654
-103
-1922
1016
-2823
187
-862
-1178
-1868
3563
6424
4853
2776
-1246
3311
4776
3368
2292
-1169
2087
386
3709
453
2783
3503
-340
2789
2295
456
-698
-2338
4547
1528
2959
-1158
2405
4987
2742
4950
3173
1102
544
2296
1940
2840
1851
570
801
309
3480
2499
4136
-1908
1089
2247
1690
2394
565
1959
3703
3392
1014
-338
2285
-742
-459
430
950
640
4341
-1789
4071
1935
4360
452
1736
2377
3668
2202
2016
5011
-1080
-579
2140
4735
479
4041
-137
2224
1171
1065
1765
-1515
701
1023
39
1716
2147
167
-1211
2159
-1101
-825
1726
4811
2355
4099
3235
2091
1990
2847
824
3160
485
-1640
-157
922
1929
2027
-181
893
2226
863
-1231
-936
-1360
1876
348
2152
1998
346
613
-387
4350
2233
1468
515
-185
1537
-834
-1292
2538
3432
1623
-537
-258
4979
1191
-316
-497
956
1630
342
2922
3498
2748
-125
1103
2821
2832
305
1555
-602
4062
-1852
2698
632
1527
347
1732
528
5745
2906
2504
88
-286
1372
-1811
5761
6500
2688
-505
2387
1999
3
499
1556
3054
1208
1323
746
868
-270
956
316
-198
2985
3334
2037
828
-2637
3812
3020
3989
3392
764
2740
4146
1446
13
2866
-327
3875
2532
1013
-2000
4307
1891
-2847
1187
1943
2513
2800
595
-376
3106
2891
-891
3153
1765
2299
4227
4597
1055
3045
-786
2039
2896
-776
1433
1282
2106
-815
3367
-207
2517
883
1797
1415
1107
2595
4417
3307
1411
1544
1304
420
1091
760
-99
4227
-382
2160
2940
975
3088
800
2217
-11
-438
-952
1239
2534
2163
4747
3560
64
-643
3704
3433
1189
1493
-656
1430
2352
-561
-266
1090
2240
631
2625
3603
2393
2140
65
3252
1353
373
3328
3400
2984
-431
2412
2379
1946
614
396
5104
1951
3413
4489
4481
2056
2241
691
866
2319
-3478
3381
2836
-1303
2795
2603
1696
6633
1956
3592
187
1687
1934
1987
4334
3649
764
569
4194
684
37
3573
-637
-351
142
2823
2095
3553
3240
3917
-1670
2335
-308
3056
3578
993
1594
756
1270
1202
2627
888
4463
-785
1476
1749
-883
2583
1618
2202
-399
384
-2275
1759
-1034
4081
1777
-118
3678
2315
3678
1107
1050
747
1264
1460
4573
1325
-944
902
-1034
2128
95
4248
1824
-51
1916
2463
4882
4895
-482
4041
4016
2820
2541
2239
4009
421
-733
1149
4323
-764
1690
2380
653
-2343
-1567
397
357
2282
1565
3835
5127
5391
1377
5475
4119
4813
4924
3524
5064
2790
1400
-3803
3786
7907
7173
6405
4874
1854
113
3823
2612
3699
341
4125
3284
5204
-3242
-3896
-3480
-5791
-8358
-5469
-1617
-4671
-3356
-1341
-6358
-2095
-2252
-3913
-1948
-4607
-3778
-1313
-1096
-2388
-3643
-2892
-3040
-3199
-2043
-1947
-4131
818
1774
-2835
-4804
-1010
-325
971
-2820
-1975
-1736
-4846
-2907
-3748
-1954
-4264
-3419
5
3288
2429
3214
-907
-3555
-501
-2575
-3260
895
645
-433
621
-2008
-620
-4101
-3270
359
2488
70
-900
931
-4321
-2609
-3843
-2210
-374
3204
448
-1200
3051
120
-4412
-1930
-3244
-1271
760
-2129
-866
1019
-3305
1600
-3076
-32
-813
2742
-3019
-330
-2385
-1045
-3890
1518
963
-4608
-860
-1528
-826
669
-2582
-909
-3961
-1846
-1120
-851
-3525
-30
1221
1961
2850
1883
-980
-153
3427
-536
-1309
-276
2932
-659
864
2540
149
-1386
-1171
266
-2500
-3930
-2932
1293
62
349
-2055
1900
3665
710
-3875
122
-1853
-1956
838
-2152
364
-873
-1765
-3702
-3325
-4513
-2079
-1395
533
-5030
-3177
-891
-3768
-2644
1084
1698
164
2220
-2624
1838
-2099
1637
368
1012
-1649
-263
-611
-3164
-178
1895
-4458
-1673
-11
-2739
-1663
2009
4639
3739
716
3669
1618
-444
-1764
1270
-556
-1969
-878
-1315
-980
-4183
-434
-3107
1265
1222
-3077
-1491
959
-736
-3426
-1711
355
444
-985
-357
-2205
-446
-2302
3808
44
-5097
604
1345
-2385
-127
-1816
278
-2755
2099
388
384
-2170
-4152
-2482
-1700
-1869
-1094
3081
-265
157
1486
-1417
3067
2041
878
2487
2450
6180
-2409
792
-2708
304
-2108
-256
-1917
-1539
2165
-1334
-451
1146
-2646
-1847
-3665
-650
-3240
-1643
-2183
3766
2525
707
45
-1687
-4691
162
1436
895
-877
-2283
-1384
-2187
-64
364
-246
2048
1231
121
-915
3177
567
-987
-106
-2362
-283
-3205
-1138
694
-3867
519
215
2309
283
1210
-4071
-5765
-3307
-1167
-1765
2115
1138
-2725
-2636
-466
-1362
-1046
-1451
-1668
1085
410
-1283
2953
-4496
-2955
579
-122
-973
-2450
257
-2037
-2226
-546
-2689
-3538
-479
-12
1587
-2363
-1682
-163
-4909
-2528
-833
2219
2583
-1445
-3756
-449
-1058
384
-4666
-2302
1915
-787
-741
245
4525
2550
-4984
-1893
1770
-2214
-392
-3053
-2806
-864
-593
445
2286
771
-3896
684
1701
5694
-729
-1570
2549
314
-2701
-3974
-121
-708
-1346
213
1755
362
-3352
-1818
-858
1581
-3535
699
2451
162
-4823
-2496
1457
2619
2836
-1627
-362
1203
2101
-1374
2134
283
-2682
-2755
-1099
-771
1037
-263
1257
1394
-2882
-1695
386
3476
-1763
-1491
780
-5547
-1057
-693
-891
-3063
-1737
-584
1200
-406
-526
-1269
-711
-981
-1845
14
130
-2757
-657
2261
2355
1891
-1384
366
1888
-2811
-889
-1407
-1983
-3612
-574
1310
-2167
-2361
-364
571
1735
-789
-1618
3456
174
1799
-3681
2752
-3131
-323
-1487
-296
-1422
-863
378
902
531
812
1019
1732
-754
-988
-1258
153
-794
-2485
-1128
814
1957
-779
-68
1103
2521
2703
-3487
-61
1035
-155
-2349
-1165
-2119
-2818
1117
-1733
-1174
-694
-1573
-1192
3270
377
1392
2653
-118
-559
-2045
-27
1135
2650
1238
1492
3209
2643
-3481
714
-1604
-108
3358
2510
-1190
-3310
21
-6096
-4189
-1839
-985
-3895
-2546
-215
-3446
876
-1620
745
85
-3216
-1332
-572
-1644
695
3625
2911
-1499
-1112
-1559
-868
-1330
621
-932
854
87
308
-1406
-567
-1936
549
-2940
695
-1606
-1917
-3335
-785
1052
-1306
-235
1116
-206
-26
-993
-1358
200
-1084
-411
2129
-1833
-4880
-4243
-3896
-1114
-1334
3658
697
-3441
-1458
-1318
1013
545
-3979
-2976
-2734
-1259
-1485
-1586
955
-115
-4393
-382
1137
708
-3655
-5377
2034
-2811
934
-852
3199
-4480
-2129
521
-4590
1022
-2096
-1031
-1516
-398
529
-1210
-2445
2440
2631
-2383
-2672
-1865
-3750
-1144
5002
2826
-1041
-1860
1423
-1607
828
2368
-699
-3360
-3947
2763
1713
-233
-3313
-437
-122
-1894
3256
945
1516
2012
-894
-2144
-1471
-1198
196
-756
1700
-2227
-2909
-622
-4349
305
1250
595
118
1847
-1252
-969
-3897
-2778
-141
568
19
3797
-648
597
1707
-2599
-3852
-3285
310
-1260
211
951
271
-2984
-3684
-470
1118
-3018
-1658
-193
-140
-227
-855
-907
-622
-224
-892
-719
2681
-1044
-1330
-1390
2876
-132
-1259
-2086
-6722
-5197
-2212
-662
-5415
-2022
-2907
-2821
-2276
-3436
-704
-1890
-4301
-5408
-3087
-3148
49
-5565
-2017
-4137
-450
3178
-3756
-2992
-476
-4055
-2636
-3538
-2934
-2336
-4642
-2821
-3724
-2381
-4113
-3761
-1738
-6776
432
-2359
1451
-2389
-528
-3780
-6248
789
-3268
-109
-3972
-1981
-1057
-2136
-5204
69
-3273
-3694
-2963
-3748
-5803
-4666
-873
-4748
84
-562
-4724
-3797
-4746
-2255
-6434
1522
-4570
-3621
-4644
-944
-3156
-3953
-6437
-2321
-3202
-1690
-5277
-2629
-3519
-2005
-3610
-3382
234
-3220
-5476
-2927
-5303
985
-3912
1389
-4046
-5311
-3719
-4717
-1865
-2457
-5529
-1198
-1350
-6208
-3369
-1345
-3098
-6563
-4328
-4925
-2316
-5757
-2184
-2884
-2021
-4646
-3214
376
-1288
-3659
-3871
-4188
-2115
-711
-3194
-896
-328
-4844
1253
-1366
-5155
-8352
-4837
-3382
-3472
-5839
1049
-3239
-4378
-5347
-2553
-196
-5266
-1665
-3852
-7190
503
-635
-2008
-3288
-724
-5703
-2759
-3335
-3804
-5609
-1184
-2330
-2167
-5754
-2198
-5874
-5031
142
-4620
2616
-7149
-2655
-4146
-941
-4268
-4363
-4181
-6572
-1692
894
-406
-1900
-414
108
-330
-2528
-5488
-4801
-2783
-2723
-7717
945
-5962
1367
-5700
-4436
-3913
-3761
-5811
-2965
-513
-2481
-3459
-4833
-2059
-3305
-3896
-539
-412
-269
-4774
-3384
-3824
-6393
-2120
-1398
-6882
603
-2895
-2168
-3396
-1388
-5895
-3228
-1917
-1704
-2190
-5217
-6689
-4320
-1098
-4466
-5373
-2315
-6323
-4100
-3373
-5669
-1214
-2032
-3559
2587
-2263
-1645
-5157
-4152
-2566
-3755
-3226
569
-4752
-2413
-5760
-4257
-4090
-1176
-5961
-4663
-1931
-4831
222
-1052
-2382
-3032
-3155
2166
-2505
-2721
-6977
-5749
-2457
-4474
-2320
-1480
-1252
-662
-3528
-5027
-246
-2632
-5979
154
-475
-1824
-1182
-3964
-1978
-3457
-3184
1460
-2918
-3995
-3260
153
-2977
-3688
-648
306
-6248
-3032
-1221
-3509
-1708
-6533
448
255
-3233
714
-1439
-1944
-4001
-2470
-855
542
-3462
-4101
-5648
-1741
-1541
-5931
-725
-1709
-2159
-3566
-719
-825
-1199
-3072
-1418
-263
-2475
-1792
-4888
313
-6866
-2292
1223
1744
-2200
-2375
-5543
-3542
-4230
-4660
-3186
-3120
-1328
-2052
-4404
-3124
-170
-3906
-1182
-5189
-8587
-8705
-3316
-3059
-5697
-3105
-59
2732
-2815
-2362
-4279
-2089
-3418
-5382
-826
-2099
-1910
-1942
-1647
-645
-2682
-821
-1334
-3139
-5251
-1542
-2383
-4362
-6211
-1128
-3598
902
-6022
-1304
-2011
-4319
-2298
-4684
-911
-4875
-2258
-1604
-2947
-498
-867
113
-2692
-1592
-3625
-1013
-5538
-2455
-4196
-2480
-2884
-717
-8009
-2813
-2708
-2289
-1466
-2634
230
-2247
-3070
-1038
-5072
-1567
-3007
-3916
-4684
-6020
-1741
-4114
-5040
470
-796
-3636
-6307
2701
-666
-3995
350
-2991
-4697
-1282
210
300
-2713
-577
-3082
1241
344
-3323
-4435
-5155
-3681
-1940
-864
-670
-4762
-4261
-5166
1628
-2002
-6329
-1503
-652
-2360
-1557
-2879
-4315
-1937
-2102
-1389
-4487
-3226
-6224
-5591
-4553
-4062
-986
-1301
-3840
-4031
-1624
-3751
-1603
-5316
-4373
-3038
-1444
-2724
-1171
-7584
-2768
-3957
-1416
-1151
-2451
440
1144
-2015
-2968
-2699
-983
-2647
-4546
-1175
140
-1955
-1196
-1311
-2921
-3768
-1269
-4006
-4242
-5021
-1361
-5297
-5539
-208
-1826
-3598
609
-4912
-2897
-3773
-5424
-1932
-8613
-2024
-5247
-1199
102
-752
-2112
-4082
-3680
-987
-1086
-2582
-2019
-3389
-4541
-936
-4416
-1826
615
-7404
-1702
-1277
-1236
-3531
-6724
-1272
-3267
-2600
1354
-552
-5446
-7167
-5579
-23
-626
-825
-4342
-4831
1556
-3558
-4814
-4460
322
-3810
-6260
-1934
-4089
-6002
-4842
-4818
-4239
-5909
2072
-2878
-7005
-3039
-3507
-1758
1256
-6167
-605
-1890
-635
-801
-5111
-4721
436
-3245
-4115
-1653
-3365
-5074
-3102
-6363
-5331
-5115
561
-2238
-4881
-3651
-6133
-6568
-3032
-5524
4278
-4100
-3158
-3907
-5040
-4656
-566
-1852
-4314
-2819
1807
-2626
-4321
-4902
-4290
-3733
-207
-625
-4124
-3919
-3341
-5191
-6554
-3168
-1902
-6590
-4795
-727
76
-4953
320
-2841
-6485
-4293
-546
-3161
-1816
-5300
-3265
-3137
2353
1432
1119
2638
829
-291
490
1522
1963
-19
-144
1825
586
360
909
1882
-545
-986
1198
1639
-547
-2041
-1441
1467
3431
3304
-1206
-2802
-360
405
1169
543
-551
699
2194
-1708
553
234
850
2394
176
1241
2926
-1039
-2403
-1610
1581
-1333
3585
1266
6616
5190
1089
2876
-612
3466
3626
2660
3231
-41
-1401
-1583
894
-1598
-1619
1544
4747
1057
2156
1260
-339
2037
1557
5505
5306
2465
-658
4298
2335
4777
83
3617
2230
3050
-14
3013
623
3438
1304
3240
-527
1953
5010
882
2100
1066
4674
9002
3853
1171
1367
2157
-266
3504
2098
2024
967
-138
1746
1162
1001
1570
-219
4578
3951
1546
2992
-1312
1995
1217
2240
4087
4450
2215
2320
-577
-1814
1064
497
4353
589
226
4659
4032
-1531
-2069
4916
4926
22
-1036
3079
5050
1768
637
1450
6007
2025
370
2208
5513
251
-161
2097
217
610
3020
3527
345
2199
2781
597
255
1114
3076
2142
1233
166
834
4424
10191
1472
-3397
-954
-78
-546
1732
3609
3259
947
-552
4232
1763
-681
228
4973
3461
382
1360
5559
825
546
3565
3945
4619
234
1788
-520
2270
-137
1898
4170
2631
1970
-845
-405
630
1269
1172
-796
3742
6013
4129
5064
-33
-3190
1034
1915
1561
1002
3274
2318
3045
2352
150
-155
1352
-788
921
-276
3474
2880
21
3026
3148
2597
-290
1233
-562
4265
-1851
5262
3740
2373
41
4933
4359
2966
2088
-120
1450
2006
466
1609
182
1028
3523
3797
3684
2418
-257
-890
-316
1276
-385
2703
5285
3409
8449
6543
1437
1573
2018
3513
376
-2616
-835
-1743
1527
-2379
1759
-275
-3178
-4541
1178
-566
2719
2408
-231
4827
6018
3686
1215
1018
-2765
3007
3859
1891
2620
76
5692
2022
2851
1996
4081
2626
699
1123
2679
3017
1656
1809
-168
4661
2273
966
1798
-220
-521
97
-3174
-2243
6517
140
1365
3055
4154
2751
165
3940
1609
6639
-3005
2932
2759
-261
486
4335
2529
-1538
4243
4202
1903
-860
3131
3990
2290
1331
2659
2442
1009
612
2926
99
1513
5821
21
-2788
3662
-1286
-447
6112
4097
3878
2458
677
-1680
1034
2163
3321
1714
-1164
3263
3659
-2378
3337
2604
1285
5231
5257
5793
4976
2251
-1202
-1360
4147
2409
2415
2890
2651
5399
1396
-93
2049
585
3326
559
629
3096
3160
2209
129
127
3038
-162
1164
1263
-1267
-1968
2646
4813
-684
2752
-906
4227
172
3991
4439
891
3340
3921
1718
4582
3359
817
4223
1278
421
4289
1678
-3436
-2053
1640
4514
4594
2682
5642
1123
2150
2862
-40
-4956
1824
5144
3041
-102
1249
1510
4097
-502
-504
3172
2005
-1248
948
4439
-1071
3537
3617
4474
4468
2698
-461
786
140
1495
221
939
130
1380
2178
4024
531
3099
4300
3878
-915
4448
609
1884
-1357
3333
4256
4377
1793
3097
3782
6192
3074
1586
186
9
740
1505
1657
1838
-63
-854
2126
3346
-1898
2938
-804
-1083
-996
1426
7615
4858
3033
2460
3321
5846
-1552
2872
4325
4957
1067
1155
2801
323
2158
607
2005
3417
1310
3575
1074
1498
1714
1526
2251
514
1200
847
4884
-396
601
-267
6755
1448
2739
3225
3079
508
1195
549
4739
3999
1333
2319
-1020
-595
-519
5492
4835
3682
2711
665
3528
-1513
967
3731
4702
-1797
2696
4356
1875
3315
1419
2290
3433
2941
1341
1390
2010
1936
2632
3328
3506
6194
1884
844
3226
416
-794
904
1227
3002
299
2951
1266
1215
1624
820
1876
282
3170
921
4669
3707
33
6056
3129
2490
-1484
4536
2176
-3838
1037
2227
359
871
97
1716
580
1345
-754
756
1827
295
1858
1371
1190
2273
-769
3540
1480
2004
3958
3934
3022
-476
331
1462
2626
3533
519
738
310
-1525
1019
4722
4549
-2208
1485
3042
5789
-24
1008
4916
3001
4945
5320
1356
1968
2880
3737
3486
4386
3641
5979
2398
1771
4079
2740
3957
5713
752
2204
448
3491
-606
-1505
-692
-1714
-741
-17
-318
359
-1520
-2742
217
-241
-3312
-934
-156
-417
-2100
-1913
-232
-155
178
-1281
1910
741
-266
-2276
-607
-1610
2739
-179
2091
3780
2303
4119
-209
-98
1063
125
3261
203
2826
4008
959
1102
2800
86
330
916
6793
-1510
-206
768
1945
-1010
6213
3331
4701
2413
2763
4379
3723
-325
1213
2500
3309
-334
607
-983
8857
2528
-222
3183
2955
5928
-106
1250
-2480
2878
5373
4203
5975
4339
-790
329
-152
3642
3341
4589
1737
1867
4980
2356
1431
2046
3565
3735
3321
1949
-2633
2490
4539
5100
4069
-388
1232
3479
1481
146
1008
3781
1614
1723
4475
2309
2039
4370
1566
1881
-1594
3774
3659
2687
-2043
-680
3021
1687
2615
319
129
938
1605
1636
5899
3562
1066
1557
3987
2093
4599
4302
2716
933
1948
6710
3902
2968
-1594
2753
7294
3454
4356
4624
3263
374
165
631
4277
2037
4212
6300
4635
3756
3042
1473
2922
1156
3604
526
4321
5035
-4000
3477
2111
-3007
1295
-1697
1444
1598
660
98
3045
1346
2206
-399
-1100
1468
2632
1428
1048
159
4103
5693
3468
1693
-2595
2918
1386
796
3858
6622
1529
3375
3256
3531
6407
6927
2068
6076
3337
3472
902
-1102
2493
2932
84
4404
1801
5146
-1638
1701
-1028
3592
107
1897
-387
1281
5008
3496
2458
4803
3387
5157
1945
2824
-1716
4069
5569
7690
738
8069
8443
1703
-1080
2158
2834
4470
828
3545
3478
4356
1562
4259
5873
8613
5016
4414
4702
4814
1311
6715
5783
4041
737
4436
1390
2210
-2618
2026
-1070
3782
2316
4868
4855
-812
861
250
-1269
340
-1586
2011
-638
984
3362
-1738
1780
2144
-510
1932
2847
1551
-2750
2654
-578
4555
2109
1555
4748
3401
5872
2479
-1154
3146
644
3853
1970
3639
2884
1958
1790
1949
4428
-199
2749
380
-2920
2417
845
3152
2440
2371
2545
1290
40
4304
4753
617
871
2183
5508
-31
1557
1821
2420
-2883
7898
4353
2171
1858
-697
1635
2371
3404
548
4367
3752
4805
3585
1336
2679
3862
4765
5088
4595
3914
1532
3847
1884
6932
2777
7011
3821
-1084
-3627
-1071
341
2477
4045
-619
2218
2908
870
2933
4401
2267
-335
-1583
1899
1710
-112
5645
2156
3786
2612
6591
4214
2503
-2553
674
2205
2103
3554
1181
3397
-85
3004
1048
1762
2364
954
-499
134
4473
793
-377
4079
2196
2959
6255
8008
4021
401
2500
2802
3985
311
-290
-731
4460
2655
3431
1658
3503
479
6916
4757
1854
-841
5866
6725
680
1164
2172
3521
2038
-2700
1765
2655
673
1165
2459
2412
-2984
-134
3432
4607
5788
6110
4382
-2433
-895
-557
2794
2204
4656
98
5467
5351
-206
-2943
295
2981
793
1941
1061
4167
3504
2518
577
1218
-2473
-374
5272
3764
3487
3941
5613
3634
-894
5499
7266
4141
1935
-108
2036
3437
5938
2663
2137
3969
284
2727
1857
365
2925
749
1175
3070
3012
-1813
2828
732
1402
4016
3750
2307
2969
-633
1540
3290
2702
1035
774
738
619
3142
-576
-430
74
-170
1731
1002
3179
3950
2863
1577
1325
-761
2525
3407
1279
-1629
-990
2999
1524
3704
4168
-386
3171
-367
5088
7770
3735
5463
2971
1997
1654
1227
5556
1009
5942
1987
5228
5382
2836
1305
1122
4020
335
1267
1411
1705
3104
2100
4518
2812
2307
3690
1426
3077
2300
2390
1480
2203
4725
1793
1768
5459
-1589
-2818
-1089
-576
1754
3208
1003
1949
-455
4619
5312
3393
2068
4297
3726
3532
3652
6105
2448
4028
2816
798
2924
4900
2011
-325
1613
488
559
5564
2798
3046
2448
1829
241
-1012
-1045
5540
6606
2451
1335
1874
2620
-353
4096
3296
1644
2375
2007
-1968
-3667
2335
2198
100
3951
1770
2227
1946
3840
482
1859
-102
2500
294
3108
-152
3153
913
4717
3249
4766
3432
3970
2057
-2320
3757
5463
4478
7959
1448
7968
5752
796
5046
1361
5083
4765
2533
5480
6146
4067
4523
4235
3586
3968
5011
146
4043
2972
6227
5105
7889
3139
2316
6747
1254
3427
6230
4583
3545
2800
3492
4263
4710
2504
2668
3964
4706
5049
6397
2932
2062
4294
3790
3273
2792
2363
6932
2990
3739
6162
4937
7257
4797
6566
2416
1779
4051
1324
3823
2975
3168
465
2397
3060
5741
6722
51
5076
4631
2114
1852
5771
870
396
2411
3857
4125
5457
7157
4540
3822
-340
-755
2983
6174
4176
3632
721
-826
-2466
2610
3634
4305
2057
1789
1636
3278
2858
2858
2474
2985
443
91
1793
-1869
4095
5435
1290
1606
1834
1965
1915
1916
4133
2063
4029
2560
4400
3392
2314
2543
4190
3697
2170
188
-984
-533
1377
-710
-180
2189
813
3065
-668
2905
739
1916
4765
2802
3940
2756
1080
3008
2582
2415
702
747
690
3053
4425
3412
1344
1271
1321
-1249
-1212
2188
-389
6281
495
1749
4027
3729
2970
1811
2111
3756
5702
4652
3408
3692
6492
5356
4217
2938
2475
2878
4258
3707
1087
3634
509
-1664
325
-946
2019
4176
8127
5539
6704
-195
-1205
4653
2695
-42
3898
975
6107
2171
641
1584
2018
5248
5331
1631
6952
1870
361
1397
6240
2985
3173
-1197
3754
2578
-5227
-2292
1869
5515
2406
3432
2415
2366
1961
5214
4359
1651
1350
6818
3772
6751
2563
1292
6932
4198
-165
3260
3276
4203
3794
896
2877
3163
375
2660
2178
1059
879
3508
-1320
1206
2229
2030
363
2824
1630
-843
4111
4317
3685
6191
-1134
2010
2513
1803
3131
-50
1423
1918
3004
4816
6867
3913
-1714
5116
1955
1570
1050
5152
688
-186
2553
4419
3212
4001
4745
-391
2010
870
4657
3188
2587
3267
1648
3681
1753
1068
6388
2621
1375
3968
880
5624
1883
548
2519
903
-675
6034
1738
2223
845
2093
3283
4498
3349
2079
894
3934
-795
-316
277
1527
1175
1414
4303
5808
-1348
2452
2366
4670
-1031
-203
1807
2017
-115
2639
1027
-651
3951
3401
-1073
979
6861
283
-2095
2196
4130
3522
3617
3788
588
1701
3922
2573
7644
4092
-79
-1554
-599
1289
651
-91
509
2332
-1373
3116
-8
4887
4489
6342
2179
3373
448
5531
1342
4462
2905
2795
2592
1790
5730
3851
2634
3982
1672
3222
1879
2057
1736
-1324
2160
3492
2747
507
257
2972
649
6342
1603
2446
2027
433
-1883
-784
1534
2031
1073
1896
1306
2005
2114
2723
1165
640
205
739
3529
3360
5501
3897
3153
3590
175
1423
5943
6807
704
529
-498
2967
-1052
5060
2304
901
4203
4733
4136
5665
2844
4158
274
4520
3059
-415
4851
5108
387
3924
816
3391
2205
3193
1641
4664
4508
3416
4188
-121
2646
1290
3530
6214
6983
4215
2188
2167
-1789
3653
2581
3404
4885
2736
4308
4457
2502
4205
4373
-600
905
2543
3568
4888
4220
5643
1567
1984
3482
2722
1557
-1650
4660
986
1714
2602
2234
5757
4918
5519
1896
2524
3207
990
5403
3197
5094
7240
-364
5297
2343
-451
936
3821
3239
3068
2931
-402
1263
-246
1131
1275
1363
-38
3098
5731
5617
3207
3455
2186
1733
5872
1941
4987
7256
4597
-709
15
3503
4335
1024
6508
2586
1007
843
-1127
-1101
694
-186
3905
2915
2445
-399
4540
995
2467
2337
2625
2085
4598
2773
2574
-1656
1725
3618
3758
3329
3146
-529
-1341
2724
2141
1088
1588
-229
-881
-1676
197
1039
1707
2698
1460
2432
897
2101
727
1115
4014
4505
4975
2573
1567
3567
3524
3812
4200
-738
2388
3052
1174
3521
940
3999
1965
-107
7149
6082
1390
41
-770
-744
-208
3846
3001
4224
3488
2043
1420
3926
5421
5717
-3489
2051
3880
3298
3489
2155
3946
1882
-1523
3762
2902
3198
4553
4941
1758
-17
3130
2830
1373
-1280
4918
4341
1147
1222
2697
898
1153
409
3050
3300
2775
1666
3344
3501
215
-623
6775
1319
1346
2687
1037
972
2149
-1943
-819
4358
1031
756
-999
1755
950
-2583
-975
2965
839
696
2020
-175
1239
-1994
-740
2347
111
-1195
2814
3085
3369
1130
2750
3388
1294
-22
-3488
-1412
-1175
960
-3013
972
1197
1603
-3244
-1277
-440
-1285
-3682
-2833
-1832
-599
-908
-2425
-961
-3892
2552
729
-2179
891
-5370
647
203
-3012
-519
4323
2416
2305
-666
626
-1061
218
-3327
-774
-2708
548
-1202
-1676
-997
-512
1217
-2578
-335
1576
1671
-1432
-796
-2347
-1106
-2043
-3569
-464
-908
-2493
-2423
-3279
-3588
-759
-2483
647
1088
-5461
-1161
1513
-815
-1793
-2301
433
-1279
-3019
-1701
-3622
-2602
-4002
-2538
-3640
-4974
-1977
-3845
-8311
-3711
713
-2511
-3463
-4595
-1911
-2122
-1615
-480
-4937
-60
-29
-622
-88
-3848
-301
-384
-3942
-5666
-4773
-3707
-2064
-4152
-3961
-4360
-2606
-3745
-5056
-3594
-2573
-2095
-1127
2679
3509
1141
-3369
-4228
-131
-2516
-1908
-3358
-1742
-5718
-2373
-2957
283
-4297
-3602
-2285
-1876
-5768
-2317
-1580
-3761
-3485
-4387
598
1748
-1484
-2982
-2193
2094
-1201
-4046
-2515
-368
-2236
-2294
-3411
-2842
-192
-330
-5727
-1593
1005
-478
-4
-431
-1638
-4060
-1316
-1959
941
-1063
-1772
-4005
-5191
-6821
-4266
-5675
-3884
-2312
-4601
1174
-833
-1045
308
-1153
-2750
-4211
307
-3978
1270
-482
1305
1656
-3422
-3342
-4588
-5128
-3801
-1971
272
-2700
-522
-1335
-5267
-3985
954
-257
1006
-2877
-2255
-5473
-1059
1704
2036
-6339
574
923
-1034
1249
-323
-2791
-1305
-6629
-4314
760
-739
345
59
2451
-2036
-405
-2082
-2872
-361
-640
-487
-3617
1706
452
2010
254
-1132
-3033
-2732
-1377
-1985
-4514
-292
-4448
-3109
-2470
-2927
-620
-1731
-517
-2761
-3049
-833
-1497
-671
-476
2880
-1897
-136
2272
-2778
-3997
-2962
-3016
-4383
-1100
-1227
2356
-3140
-4325
-4536
-1470
-4051
-4966
-2810
-1352
-351
-1259
-2313
1404
1353
-4335
-646
-425
-4071
-4898
-954
-3179
-3278
-1196
-3475
339
1021
326
-3419
-2422
-5101
-335
-2719
-6839
-3248
-3487
-1548
-3762
-1512
-3451
244
2377
-1513
-3692
-7
-1525
-5238
-3986
-1515
-3361
-6591
-1107
-361
-4887
-3714
605
-3457
-4742
-929
-2239
-4033
-3787
-356
-3364
1153
493
-2446
503
418
-4494
-2811
-5562
-1513
-2963
-4511
-4645
-4337
-3000
-637
-1246
-3512
-3152
-1575
-1038
230
-2126
3213
-2277
-48
-3948
-3378
-2268
-3164
-2392
-1165
-3388
-3482
-4016
-412
-884
-3205
-1765
-1346
-4350
-4421
-3171
-1640
-2720
-1798
2699
6141
-1510
-195
-486
-277
205
-4842
-3547
-1224
-3813
-3065
-2197
-4583
-2308
-3807
-873
-2010
-4000
-4051
-3706
-1147
-6025
-3876
-481
-293
-112
-1032
727
702
2420
-3605
-4996
-1380
-1866
1186
-4361
-4258
1718
1827
-740
1042
67
-3135
-5606
-84
-1644
-2619
-2044
-1032
-1285
1054
443
-3367
-3254
-4056
-3356
-982
-2546
-1605
-2193
-2586
-1295
-1666
440
925
-2621
-1804
-3380
1385
-361
-1022
231
-221
-3233
583
189
-2771
-866
159
-2718
-4127
-2607
-1212
137
-592
-1264
-1418
-5640
-2988
-1190
-6349
-6657
-3228
2053
-5091
1479
2583
590
1320
634
-2495
-942
2081
-1133
788
15
-2564
-5899
-2809
240
-757
-934
-1901
-2719
-4782
-5028
-2312
-1966
-2403
-1968
1327
-1880
-1895
-3276
-3001
-6920
-3758
-2056
-1425
301
-3675
-6811
33
-4194
-1558
-3489
-2843
-4283
-3370
-2067
-5301
-2534
-2503
-4155
144
1894
977
802
-3304
-3848
-6451
743
-2407
-4877
-4711
-471
209
-3590
-1746
-2787
-3597
-3574
-3855
-1731
1624
-1981
-107
1906
921
-2430
1807
1367
-1384
-4612
-2436
-4136
-1630
-3643
-4801
336
-31
-5782
-1803
-1677
-3431
-3378
-7929
-3805
-2027
-7168
1906
-696
-1537
-2726
1303
589
-1340
-2876
-2729
-2275
-414
-4717
-655
-407
-2340
-3694
-3751
-2010
-1426
2395
314
-2385
-1193
-5300
-4642
-4798
-2703
-2413
1655
-2981
-1435
-3590
-5103
-2143
-3209
-2296
-1038
-2689
-2377
-1020
-5388
-2159
-950
1834
-3260
-5514
-2343
-3710
-8336
-3304
-3504
2353
-1539
-3024
-1249
-2696
-3034
-2611
-5327
-1052
-2207
-2538
346
973
48
-2464
-1661
-1190
-2651
-2155
-1537
161
36
1019
-1014
-3347
1260
-1067
-2953
-4909
-1442
1030
-2515
-2953
683
-2352
-5454
-1322
-2755
300
3028
-1591
1513
-768
-436
964
-442
-2135
-1032
-1926
-4464
-2486
989
-6478
-4270
-2184
-3936
-3204
-4637
-672
-2131
-4153
-400
-3027
-634
-2623
-1028
-1473
-1101
-2028
-5473
-4011
-1158
-2430
-3486
-971
-3741
-1854
-1511
-2502
-5580
-2553
-2201
-3330
-480
-2814
1284
-4407
-711
-1914
-730
-2054
-80
-1383
-1148
54
-332
-3818
-4512
-208
-5491
-1210
-8797
-3605
-2018
677
-5662
1340
-547
-2127
-1259
1049
1655
184
1400
-2457
-2964
-1211
-150
-789
-1743
-3499
-3617
-207
-2426
532
556
-1353
-2241
861
-660
-2282
-1044
-268
994
-4294
-371
-4622
-3257
-1927
-1147
1300
-2551
-2630
1310
-3139
-2566
-4536
-568
-437
1370
-2358
-1397
-983
-2312
-1440
1706
2593
1930
-1485
850
-581
1862
-2173
-3533
-346
-1436
3282
-922
-4528
-2960
-4525
-1471
1770
795
239
-3078
800
-440
-2536
-2646
-844
-1505
-3325
-2890
2138
-2206
-5836
-3839
-413
-104
-1431
-360
-2284
-2288
-3603
-3888
-4126
-1419
-4332
-697
4393
-3385
-770
221
-132
-1835
781
-1782
-1812
-1115
-253
-3601
-2635
-811
-3057
-895
-2656
-3496
-5117
-383
-2550
291
606
-742
5668
371
1072
3207
428
1445
-2259
538
261
-3432
-1381
4493
2577
-5944
-476
-721
-4700
-5607
-3972
-2014
2987
279
-2192
-3086
679
2222
484
929
-811
897
-3024
-1998
-2014
247
-913
-876
-1333
-2617
-3490
-225
-5402
-3680
-2595
-1507
-1420
-381
-1592
835
402
-2431
-1244
72
2015
-2303
-3891
-5964
-5019
112
467
-5109
-1344
-3958
-1453
-2483
-4907
-6035
239
-3419
1957
73
-1886
1226
-4933
-2554
-2814
-2508
644
-2718
-2496
-3904
-1705
-2026
-3813
-3795
-299
-1251
-2110
-1038
-2902
-5323
-1040
54
-4058
-1017
-1368
-79
423
-1768
-1358
-1815
2041
617
113
85
-95
-1194
-1958
-1612
737
-1822
612
396
348
-4008
-2000
-1057
122
-1636
-1696
-171
409
-4501
-1183
-51
-4193
-1141
479
1264
-1928
-920
-1048
-1650
-2205
-3480
1151
-856
-2696
-5408
-1640
-2197
-4122
-2132
-3690
-2075
-2217
-3024
-3614
165
3613
-429
-643
-1084
1680
-1488
-2339
-836
182
-1646
-1097
-701
-3319
-7089
1065
3978
1267
-2431
-2539
-2909
205
-1456
-810
902
231
-1958
-3484
-4021
-2628
330
-1238
-2155
338
-1874
-1386
-274
-5673
-4164
-66
-3600
-442
2755
-2052
-2600
-639
831
-4338
149
-1497
-2299
-2594
-989
-2593
2198
-5313
-790
-2422
-5133
-710
-691
-3616
-4501
341
-2123
-5581
-558
-3441
-2763
1843
-1053
-2371
-637
2255
-892
-1431
-104
-1950
-951
2063
-1718
-2942
-3504
-1108
-1204
-2234
-3420
-3131
-3682
-5250
-242
561
-1940
1802
-44
-3676
-2136
-2686
-2741
-356
-2876
-1537
-1743
-4436
-1746
-3573
-5958
94
-349
-4089
-3958
-342
-2436
-1229
527
-2506
-697
-3638
1817
2958
-4337
-2375
-2535
-156
-686
-1869
17
60
-4348
-1111
993
1039
-372
-1930
-2784
-1278
-2710
-1752
-854
-1029
-773
237
416
-2150
-3917
-3034
-2927
-399
250
-1385
-2114
-548
-340
-3374
-3916
-4422
-2478
-6397
-2572
-524
-1396
-1280
510
-4179
-933
-191
707
911
-870
-2016
-1813
-3349
-367
714
1306
-2023
-1789
-1944
-3419
-2190
321
-1129
-2888
-3249
-6168
2753
3327
-1222
-4063
1075
-584
-4480
-2380
1842
1209
1416
-2177
-2102
-726
1707
-1852
-1287
-5163
825
-1867
-1834
-1204
-2676
-1519
315
699
-3070
-2846
-28
574
-6945
-1084
-550
-1685
1885
-2804
1378
2397
480
-1577
-1001
-2001
-1144
-177
-1679
-4022
-2511
-3801
1035
-423
-80
163
-1867
-1121
-1701
-1734
2321
-4443
-788
-1058
-1769
-817
-2563
-1593
-3306
-198
-2404
1461
67
-2049
-1281
-3600
-2249
983
232
-2911
696
-1957
275
-5095
763
2242
-2246
-1391
-2824
-3016
-3327
509
3358
-146
-2611
-5331
-1959
-4610
-1801
1514
-3717
-5449
-1947
728
-51
1675
-456
1072
-2784
-5166
-2071
-2364
-727
-1283
2542
-3560
-2565
-3503
-605
-2187
-2846
-2093
-1426
-1513
-1140
-3024
-2364
-2238
-1223
-4016
-1786
2003
-2477
-3098
1574
-708
1612
-1065
-4621
2364
1301
-5207
-5434
163
-1858
-5845
-4173
-4118
-5342
-2914
-1238
-4973
-3799
-2073
-198
1525
-5188
-4537
-2734
-5617
-4857
-6631
-4354
-7892
-2469
-2781
-1995
-1271
-888
1000
-3840
-1362
-997
-1227
319
-2230
-1408
-3169
-528
-1822
-1062
-1178
-1747
98
-2986
-725
-669
819
-3796
-3649
-2416
-1876
-6210
3505
1285
1037
2843
-2785
-1952
1270
-1707
39
2315
3637
44
-2342
1461
-335
375
5483
1415
2532
2250
5021
2604
162
-3911
1587
-1192
-1094
1164
-2002
337
878
-1174
-1719
-347
-3857
-3503
-1360
5
-2591
-1166
-936
-1178
-3901
-5433
2722
-4266
-731
-4218
-694
-165
-2332
-708
-2241
-4117
-3201
-1139
21
-298
-1863
3665
3104
-3894
83
-980
-526
-1067
-2101
-2823
-177
-2223
-2454
-4912
3227
-3118
-4274
569
866
-1881
1450
-2578
-992
-560
1797
-3713
-127
-795
-2453
-1519
-55
-2458
-3889
-649
1141
-785
-2233
-3627
-1954
-3185
2774
-627
-2755
1405
-286
1762
1190
2669
1074
-1098
-5844
-918
-761
-1903
-3163
-2263
-3061
-3398
457
-4741
-4462
-4301
-1069
-304
196
-3608
-4821
741
-924
-1572
-5982
945
-1995
-3030
-3774
-2387
-2628
236
-3101
-2930
-2858
-2154
-848
-2009
2032
-3567
237
-867
1347
590
1132
-637
-2665
-3587
3294
2806
1730
3019
-2074
-109
-933
-1226
-2632
-1402
528
-1779
1891
-2600
-3280
-1731
-1719
911
-1134
-1717
858
-6137
-563
-2113
1480
297
-823
-991
-3344
1439
-2563
-6222
-1886
-639
-1830
814
-3150
-3235
-324
-4622
-656
-670
35
-2781
-1005
-255
-954
-114
-3643
-5448
363
-595
-2665
-2822
-1322
-1217
-1001
-2917
3116
-1308
-314
1196
-5427
-2671
262
-308
-2934
-2378
-3
-3497
542
1302
-800
-2574
-2117
-3713
-1150
-3012
-4774
-1088
-6109
745
1072
-458
1390
-4715
-5302
-4762
-2076
85
-3007
1234
-92
-1773
-1319
2301
-2215
-2894
633
731
-3262
-2577
1991
2693
-628
-3245
-1572
-2124
-2949
-4417
-2295
-4030
1402
-1228
1673
649
-2038
-1561
-4892
-1573
-6297
949
1320
1466
-3644
-3059
-2344
-3617
-2506
-114
-841
-1792
-3428
-1412
-1068
-3462
-201
-2482
-1692
-2121
-384
-3692
1437
-1388
-1619
-4940
-4480
1016
-912
-384
-986
-1615
-2193
-4328
-1305
-672
-1732
-4843
1443
-6802
287
-223
-4308
9
-4
-864
-4624
-3448
1630
232
-3199
-1211
-2441
-2506
-4641
-1185
-3568
-5459
-1536
-4192
360
-3715
-243
-4137
-659
-3293
382
1603
-1455
-1057
-721
-3406
-1624
-4959
528
-4043
146
194
-4254
-3657
-2286
197
-457
-4289
-3118
-933
-3033
-5355
1205
-3367
824
2189
-2450
-675
-267
-1743
-1305
-464
-1357
-2340
-1933
-5
80
-3134
-1671
-2073
-1915
-2386
-4138
-1628
-3324
-7093
-824
-2808
419
-6066
-4305
-146
-1341
-4253
-617
3796
-1858
-4507
-1305
-582
-4495
-3795
-2320
-5260
-74
-644
932
687
-4930
-5009
-2339
-1196
1110
-2348
-632
215
-1368
-1924
404
-1860
-2498
1187
-1614
-1050
2770
-468
-238
-1864
-918
-2390
-1606
-56
-1973
-3829
160
-1346
-1396
-2000
127
-1038
-1742
-2520
-2608
-542
211
-3013
192
-4231
-1228
-589
-4399
-2962
-1821
-2052
521
-2847
-2843
-4501
-248
-2937
-3991
-3353
-2319
-3045
-4524
-4964
-1387
-3168
1805
-3430
675
501
1395
-2968
282
-268
-3338
1817
-2978
-4250
-3324
-2902
2827
-423
1722
-1841
-1807
-4010
-4419
-655
1349
-3689
-4167
-4221
689
-818
-3382
-4781
149
-1282
-1306
-3400
-1656
-3431
-3122
-5785
-380
-1907
-2598
-814
-1833
-1363
2073
3544
1126
-611
-3643
-2029
-1822
-2666
-3369
-3205
-3139
-2539
-465
-432
-1901
-2359
-2045
-5101
-1366
-2486
-2448
-1847
-298
-860
-1150
-715
-248
490
-4512
-1592
-2713
466
-79
-423
-2075
1216
-303
-4999
-958
1540
-6604
-8295
-1037
-703
769
-2096
-1176
-904
-910
-1280
-1337
294
-3149
-2618
-210
-2760
-170
557
-2550
208
-1946
-1513
-2241
2691
-4072
-3719
-1448
-5554
-970
-1111
-104
-4936
-1529
-2598
-154
-3998
313
754
-1093
-782
-1637
1148
-3535
871
2940
2045
-2009
-2298
-2687
-2301
-640
-2233
430
-1922
-1479
-433
-1549
-491
1749
-7954
-1517
-1502
-1481
-720
-2924
-1545
-2486
-1481
-4122
727
-3063
2122
-2237
-3356
264
-3117
1780
-683
808
771
414
-2309
-4166
-8867
-2356
991
-436
-2653
-769
-2766
138
-1480
-3398
-160
-1008
-1872
-808
-5342
-896
-544
1534
-3000
-2611
3497
533
1551
1037
-1548
1721
213
-1829
933
540
2224
-134
1940
-1061
2023
174
838
-1101
415
-1927
-704
3555
3799
499
1681
829
4702
4157
3301
1179
-3981
-851
2097
256
1797
-1844
508
2701
4648
3284
5058
-985
1911
2363
2318
-656
1320
4540
-606
2052
2066
4093
385
1335
4351
914
-684
3521
3183
-515
-2514
-1242
2093
1397
519
1161
637
808
3088
677
446
-3610
-2664
2908
1125
-199
-1557
-1386
3791
3083
-2139
909
3762
2569
1743
-392
1978
2112
1157
329
-3583
2507
-3850
3811
2420
-194
-1284
-1962
2702
-406
1856
36
1289
1624
-943
4447
3920
1536
3752
-1227
2009
-388
1608
-907
-1868
-2156
-4663
-1844
-2044
534
4289
1251
1602
409
2303
1364
2740
4713
2257
4003
3581
1421
1317
-1038
787
546
-2831
-269
-1132
1388
-4583
768
790
2590
473
2645
3075
2352
2784
-962
-445
2893
4029
-96
3277
1019
3439
2328
3388
5852
-2550
522
-5049
-300
-9091
1252
4961
5842
-777
1819
5561
-171
2424
3348
2296
-76
5967
1935
2736
-1790
636
4917
2838
1232
-3453
-2619
-7019
2923
-2948
-1720
6810
2351
3601
-1385
4411
-262
-2114
3724
2587
643
-220
1782
2328
-1248
-2667
506
-971
-3012
901
3184
-8534
-576
-606
1773
2456
5614
1944
-1472
1882
752
1839
2642
3583
1400
7461
-1099
1987
5632
-403
5574
4619
-1662
-3255
-691
-3878
-1988
-366
2463
5090
2411
-739
1004
3037
-717
1734
6487
1719
3308
866
3245
-1642
1829
1725
-239
4940
624
4495
-1209
-5067
-1655
-2210
-568
1331
456
-337
1681
-1823
1233
1146
5530
4095
202
2413
910
1444
5206
222
108
1974
51
377
1402
-5885
-1027
-3307
1327
5499
2698
-5138
2496
-2817
301
1488
-1939
7524
-1050
1526
-88
913
1224
-1704
2386
-1723
3456
2058
3397
-3248
-1885
-2561
4471
2778
4041
5327
-1464
1713
1044
3482
3748
3939
824
-717
2026
1070
303
1154
103
-1592
2596
1886
-1062
-3651
-869
664
6739
1758
1228
3580
2892
3390
1489
-611
2424
3594
-46
846
3639
2253
484
3722
3550
3654
3453
-578
-2295
-4794
-4376
-373
6057
3480
1880
2355
2931
2426
-547
-121
3339
783
3815
-1921
298
3500
4246
52
2499
653
2006
-4442
-3577
-4587
263
-167
-203
1616
678
1099
102
2060
1837
3359
-1159
2622
1066
1701
-993
2226
3757
1863
3370
-349
2409
-2634
-1134
-1497
-629
2454
479
-978
1790
1362
-1207
2745
2405
971
1637
3507
-1484
1609
2414
4219
-1208
4031
4078
32
3023
3036
180
-4699
1107
1167
2039
58
1461
3042
-227
-4512
2403
1204
961
1765
3425
5797
-1704
1770
4226
-955
1137
-648
1073
1302
-53
-7665
-1669
2626
1896
-617
1648
196
2663
-1240
-808
3897
1369
-1775
314
4315
2243
2273
-265
2340
1476
2909
-183
2508
-3699
-5749
-2018
1910
5659
3920
1696
2010
2343
1671
3711
3429
-262
2349
1783
702
-1299
2182
1245
3776
5093
962
1635
-3385
-1791
-5771
2520
3603
3618
4678
5009
-68
1101
3847
5990
1377
638
2036
4824
-5751
-747
1884
2600
2809
-543
1156
608
-928
-2592
-4722
18
-263
615
1145
2673
5506
4968
5910
3508
1509
-111
-579
2036
-23
4860
-477
1569
3349
1385
325
-2962
2380
3210
-4497
-663
-1263
1129
1414
3624
-920
590
2230
1912
1025
-2510
3019
3633
641
2145
1586
81
-2691
1487
-698
4766
1872
3979
-1893
-1057
-1062
-1769
3746
5633
-3783
-1217
675
2894
1292
-2991
1368
4737
805
4570
6005
1273
-3992
944
3941
5609
-2215
1118
-2380
-2871
-1046
2228
523
-2224
1190
2928
2275
373
622
-137
2186
2929
1537
1606
3731
-566
2354
673
3527
3621
376
-1614
-1024
985
-1240
2640
782
-3071
946
3135
4305
4212
5352
752
-1151
-1486
982
-419
1150
121
-1361
3715
-1241
-1574
-2997
-2885
-3904
-3537
-134
248
380
2761
6465
-1370
2626
243
5023
5945
-2387
-1200
3112
4481
1096
-1295
-3085
5429
762
-771
-1556
1037
-5851
3265
2165
3667
4470
912
1029
4011
5803
2595
3023
2011
3327
481
2133
2150
1363
244
1550
1668
1555
222
-682
746
3038
5376
3388
1254
3086
4150
3533
1381
2354
2294
141
3052
2715
1504
3142
2038
157
3884
5404
1975
-185
1254
4121
3680
438
6513
3338
10652
5913
5667
5710
4983
5825
5785
5630
7396
4337
4063
3958
4742
4923
1835
3591
6757
4683
3148
6489
4012
4157
3933
6301
6841
2400
6247
6794
4237
4502
6226
3461
4209
3057
4402
7634
7317
5388
6060
5133
1235
69
3201
4918
7563
4254
7393
4834
4634
2510
6936
2997
4902
3097
7331
5882
1457
1949
4135
5362
5342
7080
3231
5881
6308
6266
6845
3794
4528
3998
5656
2012
4020
8019
4657
4462
1107
3985
5849
2976
4972
7783
6426
4906
862
1066
4881
5789
3921
5231
8284
9983
5163
4714
1538
3986
8043
3374
4262
4971
4683
1237
3065
489
1066
4462
4886
4585
2414
3004
4596
2810
5089
1158
903
6544
5771
3214
6488
7784
8935
636
3809
4481
3477
2790
7666
7085
2083
-1560
3250
5042
5354
6612
4572
3034
1011
2143
8047
8338
2140
4780
1989
1786
3739
6298
8300
2463
2818
5045
9311
7521
6842
4476
4339
3267
6113
4231
1178
2786
6777
6618
6341
3707
4997
4151
4620
2425
5119
3166
3439
4673
7559
2954
5976
2229
4139
7777
5848
5666
5866
1411
5759
1610
4306
3349
2811
8867
5476
5925
6386
6149
6193
3841
5208
5531
3089
4250
6076
3205
5865
7328
4806
4091
1292
2443
4186
1620
7663
6763
5765
3566
2127
2798
4722
3424
5972
5524
8151
5431
3877
5322
4330
2124
1783
1701
2595
2191
4771
4209
4659
2882
2587
5622
4707
185
2215
3909
5454
4102
5694
5695
4295
5946
2979
4401
3542
5435
3578
3161
6694
2370
4591
5909
6212
7655
5816
2800
2966
3200
2104
5475
2910
-1738
5028
1742
5640
3549
7094
8009
4663
8144
4654
2560
5460
4563
3581
4323
6125
6034
4713
2353
4072
2867
2819
2784
5517
4665
628
3167
2495
3875
6415
3833
3743
5387
3038
3877
4474
5939
4792
5801
3108
-272
7192
2791
307
3089
5762
4012
8062
5324
1980
3145
5640
2704
5439
6929
3491
3137
3444
6650
6032
3461
3756
5002
1749
9595
10803
9399
8764
3199
4800
4429
3417
3446
6401
7166
8154
6181
5263
3720
1415
3546
5509
4381
4160
7453
2831
5252
3691
3290
5987
2339
-1418
-1321
3089
1692
4830
4337
3150
2831
2933
4768
3272
4040
1483
2448
5619
2189
3010
1956
4991
-314
2851
2569
1272
7134
5679
4183
3533
5405
5577
1588
8986
5736
2253
2318
7076
5609
4318
5880
6440
2454
4019
-5
1861
2739
2803
6905
7831
5655
3811
2000
4056
4124
5509
24
4079
3447
4115
3504
6065
1263
532
2712
1990
4254
4395
5017
4011
6471
6222
7888
4354
4041
4217
6814
6214
4620
2725
371
3681
3516
5876
5256
3134
3693
2360
6428
2014
315
2829
2442
6470
6118
3772
3934
5547
4015
2656
4289
2634
4183
4692
5038
10917
2879
3698
6222
4470
373
5418
4898
7663
-445
3715
4312
3377
2731
5960
8590
5312
7265
5818
2902
2823
4765
6829
4039
4357
3041
3522
6046
6254
5801
9448
4745
6029
5032
6580
7413
4735
2127
4952
4061
4371
4849
2385
1209
-296
2534
6135
4443
2940
960
1170
5384
7687
3483
9307
6771
3592
1967
3044
4446
6872
4148
5524
6768
3844
5149
6501
7838
8401
3430
5266
2384
3391
3983
2560
4323
1887
613
3726
7523
7346
1354
449
2001
4067
2046
3368
1494
3166
4462
5371
5431
4556
1625
6306
1756
3798
6282
7311
10208
1556
-951
4596
1383
-1442
-341
5948
6499
6389
-752
1479
3654
3186
2931
5440
5902
6899
6315
6278
3602
3227
5157
2271
2034
3538
4621
2774
937
1980
3975
1825
5484
5156
236
6501
9105
4114
2055
7987
9363
4563
5348
7168
5835
5670
1885
5178
3540
5062
7198
5759
5693
4337
8505
3924
4558
7309
4199
6982
7176
1775
5576
2456
5415
4778
2298
-1130
417
700
-808
-1417
-86
-292
-1574
-1083
-2905
-2783
-4452
-3025
203
-789
-3756
-1907
147
-305
-3496
-1817
-1253
990
-2160
48
2573
5055
3236
-5687
1864
3255
2302
3572
2638
5931
1573
576
1126
-497
3816
4782
753
3121
-454
3204
1
982
-750
-290
4754
2964
3812
3144
2970
3402
5195
-15
4106
4442
2588
2346
3271
952
2636
-862
-2611
-459
4058
5602
1248
1197
2549
-1291
2427
-129
2002
1635
1019
1147
2638
-1015
152
2869
4091
4565
2088
709
-186
4472
1019
177
1270
2409
3591
1128
-1866
-110
1388
1809
3171
3192
2069
-460
2338
1720
1125
2557
-445
-827
-1071
-162
-607
1117
5162
1863
260
-241
2210
-208
-2664
-1236
-389
3519
766
3
-1216
905
1378
2123
-726
1033
3874
821
1737
1537
2808
1221
-1590
226
1419
686
-1412
5361
-626
923
4443
882
-3713
-214
1705
1423
-450
1102
403
1376
3795
1922
1414
576
558
3338
1242
2396
57
1299
-77
-1075
-1267
519
1560
4456
2000
230
403
-1464
1983
5301
5424
3953
3974
199
1680
94
2138
-158
1381
-1161
-1896
1697
3074
-622
46
436
1178
-2067
3725
-1176
857
761
993
2195
2117
1173
1960
1858
2812
3692
1321
1337
-3315
2805
3843
-2474
1655
2757
-913
1576
3251
398
2496
-1427
2014
3001
2312
-2932
2746
1368
3688
2466
-635
303
-1993
2056
393
-1963
-983
2064
1183
-1711
1385
-1546
1668
-1216
2133
2165
921
2122
371
515
1846
774
2073
1649
-172
82
-2020
-864
25
2083
3796
5357
-927
-1419
-3150
-1291
1710
-1569
-1733
-225
-1428
3362
2180
2723
456
1755
4099
-1113
1426
2193
1091
1277
-1451
40
1396
442
302
285
-4363
-1514
1553
-853
1456
3310
-760
-686
1530
802
3202
2685
-1364
100
2698
1204
-1446
1580
6123
3946
-276
-2662
-1906
86
-3244
-2034
3100
-183
-3428
2480
-534
2381
2804
2164
1503
2715
2263
860
-542
4064
5222
1053
704
3454
-644
1754
4113
1635
-2810
-1447
453
97
-1360
-366
3377
-2479
1490
1838
-495
1098
1820
-1117
153
1148
2449
-2786
1137
2231
1221
-3137
3644
1315
-899
-638
266
568
917
320
1974
5404
2160
1930
3226
3586
2583
-231
511
372
-721
886
743
-2578
3037
1353
4290
796
-544
-148
736
3896
2898
-228
1041
4652
-699
-2472
1539
2980
1441
181
1361
-583
731
-290
1398
217
478
2153
-1678
-2947
-1320
-449
3784
1165
1451
-2011
745
2190
288
-2230
577
1017
3152
-515
4944
-1458
817
-1429
736
2037
3586
-1603
1234
-870
-111
-1826
452
1275
-3558
1525
498
3376
981
869
-1753
116
1201
-895
2478
1938
233
-689
3396
3237
275
-1971
1234
421
-1565
-441
-180
489
-874
2775
39
502
1725
1472
1551
537
-986
-1117
-2312
1378
-177
2036
-12
-30
-1413
3219
2257
1530
-556
-2742
369
-1351
681
3719
373
3162
-409
-1557
1620
-2887
-357
-885
-1909
198
1656
2433
3183
-232
2955
-503
1095
-1380
-288
839
868
-485
-5248
418
-2333
-1202
-836
2576
-518
-3233
-1341
2163
-984
-2292
1462
4629
3705
733
1539
-1443
3831
-551
-20
-909
-1887
4291
-3694
2625
-459
-2680
-100
-1052
3012
81
-2321
4137
2681
-2446
-589
-1682
374
3139
-1056
575
-3062
-902
-2658
-709
-1544
3024
418
-1175
522
-253
-316
649
5882
-85
-434
345
-665
1789
1390
2360
3801
-604
-444
3142
909
1775
-3601
1549
1101
-4835
976
2234
800
1752
1421
1592
3346
3016
-1085
-2519
1136
-266
4121
-1996
-3106
-1969
2171
1315
-409
1318
-658
425
1138
-2022
1217
4673
2885
-3262
-84
1891
1419
-466
-2191
1299
5183
-642
-414
2374
1223
-1107
-775
2084
1891
856
-588
-3473
-1208
203
3353
-4010
516
123
1635
50
-1270
-278
308
3333
206
-950
227
3821
1309
-2362
-1464
2537
2241
1075
-208
750
3521
1756
2202
1022
2060
-586
2806
-594
176
-186
-1552
3395
-1044
-1930
-1335
2421
-3867
-393
5486
534
2235
943
-572
3767
4509
2137
6568
3653
4031
4315
2092
4305
3533
5592
3170
5088
6566
1765
4827
4397
3564
3142
2546
6327
5610
1938
5516
3768
-1917
-1053
-466
3364
331
2771
1113
1366
-2193
283
-249
1104
1364
2021
2911
-2415
904
3101
-815
-26
45
2688
-775
75
-1149
-2905
260
421
-2585
705
-1918
4024
-2806
3661
949
482
-3510
1144
164
388
-1330
1724
-3620
-453
3080
-64
1323
3128
-939
190
884
-4245
1814
3115
2216
895
751
-3164
-674
392
1396
-217
451
-242
-1174
-4382
-3199
3061
-494
-3618
2593
-1491
1386
-3349
880
-2575
1703
-2075
67
-2254
1587
-3448
5031
2298
58
4043
2925
-397
-1553
1981
1447
2516
-1041
-1064
150
4044
1069
-3802
540
-1498
-1611
3716
-661
1119
3737
2330
500
1151
-1487
-4239
-1780
875
5360
494
1295
1046
-1293
-638
-1308
1832
-812
804
3575
2329
3615
123
-1541
2978
1560
2582
-4572
345
3732
-1383
-1394
-1907
-2689
1785
-253
238
2668
108
959
4519
6141
-2933
119
-1120
1313
-3482
2344
-23
1983
662
-1065
553
-745
-2101
-969
-1509
-914
-1633
-936
2298
5520
-119
-953
3404
-2297
-1985
2827
1549
1202
56
1091
2548
2368
3720
1683
458
983
-3307
784
-1921
-3543
-33
-1787
104
-1992
-5993
-592
1092
1540
-1895
2609
47
432
292
-214
-1320
-476
-447
-181
768
2197
2659
-780
1026
3427
981
4703
3990
-903
415
254
1805
711
533
-540
1788
1415
-1554
2571
-1521
400
2469
1778
-1030
-1329
5020
-3240
154
4270
1433
1237
-3688
-837
-983
-2854
3149
1175
272
1129
2209
-2774
-1797
-505
-3770
-136
-5130
-1113
-2991
-1863
-1458
-1399
1888
-280
-1326
-5321
-3775
893
-1423
-244
1417
135
1237
-4061
310
-3748
-478
713
1303
-605
-925
-181
44
-1090
-542
781
-1947
1385
-389
614
16
-1892
726
2381
2930
-3325
140
-3540
-4728
316
-2621
-1947
-4325
-33
832
-1369
2848
-2841
39
-2956
90
2377
-1195
-3049
-1682
-2368
-2133
1984
4351
-6274
-630
-1824
383
1128
2469
2534
1583
-492
-271
-181
3500
-420
-156
688
3999
1620
4528
-965
-3279
959
-1502
-1882
1368
-3293
-1947
1772
-1516
602
-2896
-318
-3809
2381
-2343
1269
2421
-3620
50
2185
2569
2256
-883
2107
1090
1845
-2049
1342
1994
-2558
-2120
-3533
1550
1816
3051
-1495
1521
-2364
-2033
-222
713
-2669
-29
3966
-864
1245
-995
-458
-1795
-1670
-595
2101
1945
986
-3780
947
518
-3165
126
-1302
-804
-385
577
-937
-1957
2979
-813
-477
2423
3057
-2396
1002
2409
-4725
-1687
909
2992
2081
-1414
179
-1099
-392
-4060
-1640
-2214
2046
3621
-50
1487
-852
-2738
569
-2818
-823
-2825
4552
-2679
-4568
-771
733
2789
2830
-1285
-2075
-1108
-2809
192
-738
-904
-1421
-1078
-590
-917
817
1788
2952
664
-993
1783
-2052
377
-1160
61
726
5095
-697
1264
1034
55
2262
-618
-364
811
-3572
-1162
1495
1954
1900
-996
-1549
-2025
-1381
296
-2170
5184
-3027
-2721
-1930
1066
4671
4049
21
-133
3913
3384
-240
168
1349
-1124
-3789
1368
-773
-1788
-1492
-52
-1365
1208
-3009
1926
-2012
-3984
760
538
300
-2114
-2087
-905
-656
1859
3690
380
6586
369
-392
888
2070
-505
-3183
-3205
468
3809
-594
2839
-1558
-2507
1251
5894
-3073
-2778
-2948
-1814
-11
-1781
2791
40
-1522
-7640
2598
634
-2914
1498
-566
-164
-2614
545
4072
-1
-1689
2776
107
3103
-1989
275
-1724
-2276
-751
-1799
376
-2892
-1827
-1485
1161
227
1076
-1463
590
3319
1092
1057
-481
149
-704
1364
189
3188
2316
-3458
235
3431
648
-971
438
-4364
-2328
-1272
-705
4155
-570
-791
-4341
411
-3596
469
692
202
646
2781
663
1093
-259
-2092
-384
272
698
-542
-1238
-1019
-392
172
-1087
-1195
-1598
1329
-826
1194
-910
901
225
2435
-824
873
-1582
5372
2288
-281
1942
2165
2891
109
1800
2705
3906
2014
2391
3307
-959
-70
3764
3713
40
589
-396
1486
2600
1042
1406
73
-1544
-1315
-2176
1233
-76
-2262
1475
-178
259
-144
202
-1643
-824
-4033
-520
-36
-1432
-778
-585
-1317
-2653
289
753
-319
3847
2920
-576
-1628
-2157
127
4766
606
1946
2489
-759
-2923
1191
1839
929
-1795
293
980
661
-494
-878
4002
3391
-270
1596
-187
3776
3022
-2261
-4145
-1949
-349
-1717
-3144
-579
-2892
-4837
-2291
-1790
540
-3761
-2654
-3392
2043
-173
-465
3524
-2048
-862
97
-318
-3840
-95
-4819
-3348
-945
-3999
-5928
247
1121
-3679
-6653
250
18
-1676
-3866
1354
-189
-1436
807
846
-1977
3001
-925
-326
-2658
-2832
-1353
-3637
-1971
-1859
-3263
-56
-2020
-1948
-3892
101
-489
-2565
-2196
-3038
-6123
-1711
2152
1722
-133
-2256
-3061
-5799
97
-5327
-74
-3977
-2009
1720
642
-3795
476
1229
247
-1882
1320
-179
425
-4797
-2
-968
-872
-1223
1247
-2263
-3326
-2890
-2588
591
-1925
-4024
-2717
-3842
-3934
-2251
1458
-2035
-2497
-4470
-3138
-2872
1619
503
1265
-3183
3463
-1227
125
-1668
-1333
-458
-4090
-1958
-581
-2491
1793
421
-2784
-101
-2465
1059
-2623
-3538
-706
-3667
-2152
-2145
-4953
-1557
-970
544
1065
1297
-3230
1544
-2955
-305
-385
-572
-4968
-2513
-821
-2282
-1947
447
-1438
19
-3449
-3375
-3179
-4264
-1257
-461
814
3253
-1047
-1881
-2187
777
-1914
1528
772
-1785
-3526
1198
-1541
-1693
927
291
319
-1688
-2854
-2503
-5572
-1021
-798
-5800
-1813
-3086
-1736
-1343
-2096
-2651
806
-3275
-1448
-131
-2946
-3102
-1940
-2326
-2151
-5646
-4467
8
-3187
-2216
-3616
-1462
-3889
-1154
883
-3356
-3983
-966
-5990
-2955
-3571
-3199
-2908
-3377
-2444
771
-4480
-1373
479
-764
-3340
-3439
-2977
-710
-1597
-231
1233
1017
-38
-2367
-2832
-3714
-1939
-3739
-2219
-3544
-583
-3345
-2225
-1991
-2396
2140
-596
-878
351
-955
-654
-461
-888
1236
-1407
-2742
164
179
693
-1933
572
3
-1645
417
-1640
-3859
-4648
-1277
-7144
-1630
-386
-1949
-2504
-77
652
-821
1678
-2502
-1605
-3013
-4161
1064
-1143
-2018
306
1710
2447
1193
-1434
2422
3642
-1760
-5952
-1017
-2618
-6158
-3249
-1526
2028
-475
2420
-2751
-73
-3460
-499
1404
-1630
-2917
-1342
752
-6034
-765
-599
305
743
-1082
-3484
-144
-6
-1960
-492
-4770
-1722
-2330
-1814
-1685
-772
-3619
-1733
-2257
2141
2602
-596
-1671
-4274
-171
-677
-2885
-1046
-2916
-946
-2718
-1223
-741
-872
-2737
-2004
-3152
-1173
-3528
-3045
-3517
-277
-924
-1112
1833
-2062
244
-3195
-1744
-11
-2698
-3337
-2011
-2746
-371
904
1717
-1894
-1144
-290
547
-2998
2041
665
-852
-521
866
953
-1952
-906
-3561
-1562
-1257
43
-3238
-7205
-418
-910
-933
-3697
-288
364
539
-4241
-4809
-3699
-198
-2643
98
-874
-742
-1381
-2626
145
-2185
1081
-420
-464
-1675
-3248
-21
-2516
-4442
1514
-232
-3144
-3682
-1993
-3480
-2643
-1027
-783
-3139
-370
-400
2621
-125
-1476
-319
377
-2561
-1607
-1993
-2953
-2741
-2234
-1111
590
-4017
-3634
-4903
-2498
-106
-435
-1131
-2269
-6012
-3239
-3494
-696
-6363
-4341
-2765
-1591
1329
-845
-5010
-4340
-908
-1208
-2785
-1222
-2531
-2915
-1414
-2035
-2045
-1162
-3578
1537
-5152
-52
-508
328
-3523
584
-4065
-2161
-3888
-4819
-4186
-4422
2575
-1631
-4840
1914
-3198
-4909
-2251
228
-840
-1629
1675
1909
-1233
-1526
365
601
-2868
315
-3424
-2741
-1825
-1469
-1534
-1258
1640
-4696
-2125
-2785
-2139
310
-4469
-5250
-1193
716
-3020
-1080
-2429
2229
817
-277
-203
5003
-1427
-2423
-2238
1423
2626
-1980
2854
-365
-2483
-5905
-3345
1901
-240
1818
77
-3198
-6424
-4341
-791
-1715
-2072
-764
794
-2896
-1598
-885
-3997
-2226
-1672
-832
-838
-644
-2572
-3303
-3113
163
-888
95
-4018
-4214
-2934
-5211
-3587
142
-3210
988
-3707
-982
563
-1356
3681
-1362
-1652
-509
-2324
-181
-2893
-4097
-650
-3963
-4409
-278
-2264
-664
-5153
-4339
-577
303
-706
191
-1932
-2868
1628
-1732
2699
-1368
1996
-7015
758
-414
-2861
168
424
950
-1499
-506
-876
-148
-2441
-2671
-546
1258
-880
-1207
269
-1433
-1269
-1693
38
143
69
-1052
-206
-929
7
-986
-3863
-2058
198
-3975
-801
744
990
-2728
-3342
-2049
-1656
-652
2550
-1835
102
-502
-138
4039
-543
-355
175
-2921
-688
-2151
313
-732
653
-836
-1348
-1766
1765
-1486
1739
-5220
6582
-111
-2979
-1557
3313
1774
1223
600
-170
566
-3931
-1493
4357
4362
-1275
50
2272
-716
3828
1016
382
2423
1947
-222
671
-2699
-971
2655
401
-20
1803
-2598
-1076
3830
1508
977
1745
44
-1259
-1890
-3350
-3484
3254
2053
-148
480
1445
160
-414
-81
-1716
-333
1455
-157
2271
-691
-2560
2223
1628
-609
-1275
-1149
1827
2188
571
-2766
725
-800
-5115
-727
-2224
3661
2341
1374
3527
-1556
-2699
-1532
4393
5433
443
-1682
995
-287
1997
6446
3836
2219
328
-1516
4212
-1866
-254
3899
-4931
910
58
-2019
2964
-2932
711
-1994
2257
1046
1128
3647
2751
-1397
2775
-181
-2065
-2985
-1469
-1363
2860
3695
-133
-3464
1877
-2442
1169
-1826
-1937
-2524
3139
3442
-929
-2990
-1780
-662
4628
-718
3512
1710
3555
3582
1737
36
1740
-1408
-1343
-3119
-4958
666
1480
1136
3017
-2455
1098
-3036
83
1936
952
-2484
-616
2470
-109
2437
-2420
3550
-716
-2063
2727
-3494
-1915
3316
343
262
-2080
-4620
-4906
-2625
-556
5913
852
2852
1983
2219
-1399
446
-4118
-472
-1308
425
-2637
-3708
-746
3928
640
489
-2297
-2109
-631
-2027
-1731
-3776
-1302
-864
-1034
2011
-2103
2069
-284
786
-2869
1086
-912
1367
-4398
3797
-2241
-2018
1714
1696
2176
1582
1734
-983
-1771
2653
-1202
3050
-1203
-3405
2596
3100
1676
2409
2823
1489
2317
2511
-726
1228
4484
2678
1084
-813
-770
4876
-3491
888
367
3159
-3333
269
1367
-882
365
1773
-1896
1320
1397
1179
-2716
-2073
1797
-619
-1017
-3052
-1417
2632
3405
-164
2832
-1421
1057
-1950
-1079
1271
3405
-3567
1680
3547
5713
210
2671
3028
-2885
-2059
-528
1234
-2072
-1516
5583
-4126
-85
-9
3377
-325
-1534
747
3373
-947
-2852
713
-704
873
-1394
2219
111
1246
1472
-3162
-688
-66
-2137
373
-4680
1290
414
1276
-1777
-425
817
-76
-2701
-557
2106
-270
-403
-1816
2560
1543
682
1824
4370
1233
1381
1151
802
2542
-1306
1633
-3203
-391
-2220
30
4611
882
-2610
-2419
1578
-885
1121
-523
182
-108
47
2027
1058
1425
-178
-2426
-666
71
1725
-1339
247
-3815
-5079
-987
44
-466
230
3190
198
4236
-1548
627
-1747
712
832
3410
-1073
3901
127
1823
1743
-4187
-96
46
4560
4732
497
-821
-833
1402
-2483
510
3415
-696
1667
1352
-2311
215
-3794
-2775
306
1643
3461
1159
1599
-1246
-3701
6347
83
1932
-156
-1764
-1316
-3039
-502
-1713
-1891
-800
-1476
1431
1991
246
-2067
1030
-3970
-1662
2114
4809
3107
-1799
1509
-2089
-1589
381
2031
-724
-270
240
2431
222
-70
-1666
3101
2149
3322
-3238
562
807
2106
-1819
-1265
1338
700
4673
-2515
-1313
-19
3261
-2244
-2416
-1801
-2074
-2807
872
3807
1037
4846
1799
-732
3252
-734
-135
1694
-1415
-2650
2185
2526
1311
2699
7112
1015
2260
-2209
-3108
3229
2362
3409
-1630
1987
2397
-956
-1752
244
270
2699
-3417
-57
1426
2688
-1344
-220
2022
-1722
-815
1371
1226
3691
-3271
2420
-2733
150
-456
2630
897
-1222
2744
-66
2570
1931
-697
3185
3208
335
155
1490
1059
-1747
897
3095
2162
3884
785
4379
-1256
-2884
-556
989
-796
351
4093
-4310
1121
-3377
-72
-232
-1099
-422
-288
-954
-284
1361
-2098
-3032
-706
-2091
-1117
-2016
-2233
-1240
-2042
1887
-517
-502
1234
2009
1130
2893
-535
34
-453
518
-961
-2419
1561
-2168
-4446
-1396
-1505
504
-2232
850
-2515
-743
6761
1195
1873
400
-2180
1542
1622
-3054
607
-561
54
1840
780
2786
909
-2831
932
749
1290
-520
-2605
2630
-980
-1022
2463
413
5060
-711
-281
2871
2526
974
-854
4743
7875
2810
-1989
1816
3097
1333
470
2724
-445
3446
1192
-1111
-543
-1628
-2056
-2340
-2733
-1511
-4282
-3723
406
-452
-1014
-1028
-1140
-850
-468
-1603
-2399
-2499
-2713
-2286
-1524
-3847
-2810
-8
1096
-84
-1626
-756
-1505
-867
177
1533
968
-3615
1439
-1371
-3871
-3324
10
-234
-808
-1881
2050
-2302
-485
-2017
753
2096
-2268
-1056
-492
-1033
-2137
-176
-1195
-1442
-3978
-2014
-1901
237
-739
-1916
2207
-4106
-3119
-2654
-168
-713
-2755
-4369
-563
1264
-2468
219
-1849
-3500
-3353
393
-3181
-690
-2578
-1015
-1485
327
-1552
-3554
-519
-75
-2973
-89
-1861
-1207
-4378
-4351
1721
1107
-1634
989
-578
-2385
-3802
830
-1717
-1568
-1935
-853
-1806
-4366
-4836
-1799
-3648
-2862
513
1418
874
-605
-4908
-3876
361
-1919
249
1776
990
-2550
-1656
-2591
-1877
-2345
653
-1313
-1044
-202
-1009
-911
1075
-3774
-1553
-1262
-880
-3603
-1281
-4173
2212
1820
675
-5932
-2484
-1617
-2401
379
-2273
-2461
1292
-262
-3349
-1676
952
862
-822
-1867
-2490
-4744
2813
-3546
-3686
-3914
1394
-648
-2424
-4621
41
-1972
-1975
2683
-310
-207
-1429
756
-3299
871
-1008
-243
-2138
-3840
-1199
-2940
1494
-2587
-5796
-2418
-520
-841
-1973
1143
-1247
-110
-4314
-1724
-1076
-4486
-3449
-73
-1741
-1213
-1805
169
-2850
-570
368
327
-3716
-3003
-846
-6818
620
-157
-1948
-1271
-2559
-521
-448
-1871
-2754
-1440
-1551
-1439
-2829
-1723
-2415
-6088
-1577
3086
-1805
-96
-439
-3430
-3816
-4799
-664
2656
-1226
-960
1363
-3275
-1793
846
-1829
-2571
-1601
-466
-1508
-3562
-1279
-1906
-2540
-2234
867
-1353
-580
-1925
-4877
-1847
-1016
1247
-517
-951
-2872
-2136
-205
-3235
-3576
-21
-4116
1255
-1426
-796
-446
2102
50
-3463
944
-3014
-3035
-5944
-2107
-3875
-3267
-671
-2751
4072
1528
-86
-908
-1821
-1930
-3080
-2869
-2939
-1717
-2047
-1431
-3169
-2694
129
1174
-3024
-1769
-3960
1495
-4524
852
1534
637
-3655
-510
-1757
-943
-2768
-3774
-2369
-3245
-801
-1172
-2610
-301
1488
-1424
-3186
-732
-2886
635
1658
1057
-3842
722
20
-1841
-3484
-1862
-2415
-1924
-3223
-2225
-3278
-1892
-265
-3986
-4903
-961
-954
-1178
1211
968
-815
-84
320
444
-2604
-96
1111
-331
612
1258
-2220
-821
-104
1116
-1033
-509
2687
1198
-1429
-6
-3622
-134
340
-4273
-6675
-7220
-3796
-640
-1953
619
-2191
-1930
-231
817
271
-911
-1215
-2923
-1973
489
-1247
-2548
-476
-1682
-118
-2680
-650
-2636
-1437
1056
-2323
-4868
-4869
259
410
-1871
-2063
-3086
-492
-1684
-4146
-1812
-813
1207
-122
-3348
-1296
-2496
-3051
-4357
-1889
-1092
483
-5764
-315
-1789
-4966
1740
1533
-228
-5082
-3661
-1682
2657
-4777
-2925
1013
-3958
326
-1985
-2608
-3166
-1142
-1835
121
1637
-2693
-1058
-1188
-2621
-2333
-2253
-3448
-3063
-3937
-89
-305
-1798
-2445
-947
-1804
-5916
1182
-2378
-3294
-364
-2402
-1549
-1642
-2032
-4068
911
-1781
-3485
-3648
-694
228
-1324
-2105
-2506
-1141
-2560
-1792
492
-807
-1889
-1136
-360
-2266
-375
-1594
-456
1070
-632
-79
-587
-895
-3024
-545
690
465
-2509
-1314
-3236
-3089
-5779
-2559
1391
1168
-2073
-2671
-47
-562
-6309
-3167
7
237
-769
-8
-5903
-2585
-5539
-2091
2655
-77
-1902
-1660
1686
-1204
-4148
2797
1103
-2814
-3519
-5462
2352
671
-3862
-1097
568
-3193
-190
-4228
261
-2917
-1915
-8729
1664
-553
-546
553
-356
-1571
-3827
-788
-2448
-1280
-4511
-1355
-3080
-3658
-1476
-436
743
-1140
-3727
-6249
-787
-5372
-4038
-4918
1303
-525
-3455
-1916
1479
-556
-3451
-1287
-3243
-848
-5688
-2553
-646
924
-4333
-2000
-1478
-1907
-1108
654
-2188
-4955
-3429
-1050
1398
1012
728
-4869
808
-739
-4766
-704
-118
-1572
-3607
-3801
-618
869
-2133
-3958
-3692
-74
-1990
-1095
504
1129
-1591
-1926
970
-3100
99
224
-3385
-2461
-1695
2048
-2191
-4301
-477
-1248
364
1429
782
-777
423
132
-1207
1612
1901
-1717
-4336
-4923
-419
1992
-151
-1812
-2976
-524
-3845
-1666
-572
1238
-1537
-3090
-600
-367
-4955
-2906
1246
-1178
-3624
844
-2044
-1702
-3659
-2573
1494
3729
3327
3781
1628
1363
1769
3013
2782
1680
1070
2101
2267
3001
2421
1734
1812
1101
1774
508
2418
2849
2046
4472
3050
1219
1239
-3690
1241
1093
2958
-28
324
-170
3045
1739
3965
158
1827
5246
3866
1313
-137
533
3710
3337
3848
805
4237
1987
3347
513
2550
-996
3214
2928
960
3902
989
1566
4336
2401
1316
3466
3830
1722
6601
3323
1472
207
-85
2426
1524
3134
89
4129
-1181
754
3683
3537
-1068
2815
3516
3233
211
2931
242
4973
3714
1931
2073
356
-50
2577
1960
2287
2991
1796
2098
2725
2988
252
2888
547
-1222
624
3090
1144
1124
471
4246
2975
-751
1271
6214
1609
-3341
-357
-3
1416
2361
659
919
1252
2180
899
184
2097
431
870
954
16
339
84
743
-386
1030
1569
1613
-1002
1366
3330
-907
-467
2942
-1608
1965
2984
4690
2860
2157
2594
-1247
1209
2548
3641
3440
285
-884
1920
-819
147
2357
195
501
-1251
3325
1312
4230
1586
1332
87
1450
-1196
3508
2890
-1712
-174
447
-620
1179
551
-630
-1321
1385
4739
3422
4788
4823
3164
-960
1140
-359
-2026
121
3618
3200
-1724
3291
6537
720
-1078
4846
-525
12
1756
702
1225
-1521
4100
4978
3530
-625
23
-1368
2776
2108
-1335
1218
1851
1361
2098
-978
-1580
1379
4372
1204
1598
-1430
-2057
1681
-1060
1524
-1420
-1928
867
1554
1443
2921
2612
1093
791
3156
2509
2478
2236
-1284
1128
-699
557
4514
2925
2744
2453
3292
5613
1195
6317
2803
-931
-1205
-1737
416
3584
2034
2747
4524
8568
2847
3173
3245
1111
2846
-392
-1174
-469
-745
1143
2690
2236
367
669
-1053
1424
1149
748
731
2904
3313
1669
2934
3824
-1562
424
1839
1676
3937
3516
-16
4734
821
2089
3668
1590
2517
305
832
3248
1862
1973
2441
765
2798
-435
1917
-608
-3420
1934
3016
612
2190
3436
2488
1785
-378
2652
4214
-1111
-1336
2407
2733
-441
7021
4245
41
-2531
895
221
1264
591
327
3055
23
301
167
1746
4096
1179
595
4022
4464
1492
-933
1554
1202
5
167
3915
-558
-1219
3839
1305
4823
1079
-93
10
587
332
1014
-1286
4266
812
-224
203
1178
2252
4538
6127
2598
3230
4318
4329
1423
1100
1404
-410
1798
-507
1429
-1188
17
-2784
3811
1948
3865
894
-902
-262
1509
234
2672
1799
907
1036
-165
4300
6878
1823
2008
2360
1390
-109
2645
56
-3766
2811
4596
-231
-254
502
-769
991
1090
2103
4363
4329
-845
189
1439
-986
-181
3357
1472
2863
5150
3356
1215
2928
-3316
-1400
1857
1567
3369
2642
981
-1148
848
4744
5997
4357
2560
1198
558
2606
2051
78
1132
2374
6516
1746
653
262
-1698
-961
1320
1040
1899
94
1577
5287
1607
1803
3025
3887
2128
-100
3321
1574
1720
1420
4115
-140
1545
4162
1390
1478
-722
4081
4581
2750
392
-595
-1886
1169
1302
235
2602
1686
608
-970
1785
1593
-631
979
2563
3620
5731
7282
4637
2925
4703
5141
3467
-582
-568
297
1095
502
1594
5745
3234
-246
-1239
-560
2111
3034
1742
2850
1448
-2083
-1808
4632
-69
4280
3514
9469
1753
3180
2420
5713
2369
2086
1948
4333
1675
2062
-567
2870
1111
4042
3480
2762
4816
873
1209
3612
1349
179
-1965
3023
1902
1059
-3032
5585
2989
3416
3396
413
1124
1372
4496
7079
3594
2630
5594
1574
4044
-1246
1469
2306
3055
9
751
390
2747
211
-119
4311
3807
262
-2235
3314
2702
711
1851
4309
-762
4504
3980
1836
3547
-150
4075
1139
4867
266
4982
3448
-1256
-579
1584
2599
4276
1542
447
1639
1999
1330
2839
5202
85
-3022
1613
1811
1392
220
3701
2797
-86
2290
5080
-154
-1049
2938
547
-2088
24
832
-531
3967
-887
942
-2373
2582
-2274
259
-2142
2472
2140
-3890
-1220
-1434
329
2248
-2680
1730
-478
-769
-1124
-1215
-1592
-3513
-525
3366
-2766
-2940
3536
242
-4042
-3779
-37
-1353
-3902
-2048
-40
-1360
791
970
-996
-961
-2172
-136
-1909
-1027
2425
-972
-1271
607
321
448
-380
73
276
1215
-842
-1818
-2455
1468
-2915
-3205
-1700
-1379
-810
905
-177
-309
1486
-859
1611
3808
2402
2495
-896
-224
-22
-327
1570
-2138
-1976
-2015
-7190
446
17
-1806
230
-4253
624
1006
2165
604
167
28
-2429
159
2895
-1346
1219
-4108
-1711
-528
-2297
-1464
-1503
1105
-3218
1009
-935
-403
-248
264
-156
-744
-2000
-1582
-2875
-210
-1909
-1852
-1506
-3845
-5149
-4920
280
1134
-2403
-2223
-3048
-1007
-3822
95
1471
-53
-1476
-1018
-2676
-205
1247
-282
-3416
-1847
-3312
-1385
-1333
-1258
-2461
-5297
-1288
246
-580
-1044
-1330
-3346
-4439
9
-506
1694
1145
-1968
-415
-1601
-861
-722
-1288
-4581
-4701
-1824
-5162
-764
591
-2042
-2436
-5758
-3603
-2500
-1258
-2566
-1396
-3795
896
-1551
-2907
-2564
28
-1907
-1503
-2109
-1507
-572
1002
-949
1165
342
-3393
1159
3158
-34
447
-3417
157
-2750
-6103
-1902
701
-2829
-1470
-1529
-864
-1276
-1032
-779
-6018
-3236
-3186
-5642
-1492
-3639
-1427
189
111
359
-2893
1741
-1193
-2274
-6296
-1959
557
-735
-4530
640
-1012
-2896
-1593
-3023
-4468
-2732
-4908
-4192
-3590
-2412
-1831
-1284
-334
-2617
-4709
2387
-476
2328
-4712
1315
496
-1907
-3908
-1705
-2089
-543
-2850
-818
-1225
-3519
132
-395
-221
-281
-2501
2272
-3766
-5461
-3330
-4607
-4426
-857
-5680
-53
-767
525
1362
-371
523
-2141
-1510
297
238
-66
-1585
-2721
3824
1907
2424
-2438
-2231
-567
-2445
-4586
-2168
-3047
-3183
-2908
777
-2900
-2244
430
649
-2530
-1809
1342
-4428
-1639
-1945
-2323
-721
-179
-1874
-1586
-3736
-3078
812
140
1397
-344
-2862
1099
-1264
-5389
-2493
-791
-2658
-446
-1448
1723
311
-710
-2305
-1758
3418
-3033
-6054
-1008
-1134
10
1180
-926
-2469
-6283
-6185
-1687
964
-4883
-5263
800
-2840
-3619
-2233
-2667
1884
-2138
639
675
-2087
-1644
124
-385
-8348
-300
-701
-3531
-6129
-2510
-3178
462
889
-594
-48
448
1685
-1275
-2814
2600
-1874
-2518
-1662
-2364
-3452
3202
4600
645
102
113
-4986
-4389
-5508
-1581
-5477
-1140
-3619
-3627
-71
571
-514
-649
1122
-1539
-5379
-2058
35
-2599
-1853
-976
-661
-1188
1692
1420
1688
-2108
25
-812
-2136
-2563
-3009
-1800
-1682
-1735
-144
-1185
863
2560
-1677
-1136
-1018
-1434
-1261
-211
-4980
-2005
-991
1787
-2069
-2607
-750
-1488
-2941
976
997
265
884
-574
-1574
-2636
1874
-924
-3244
-1049
-1194
2150
1406
4732
-1386
-684
-2717
62
-3187
-1399
-2318
-3025
-4624
926
-1921
2871
-240
-3684
447
-4099
-3346
-391
-1050
-999
160
943
1059
-1872
766
-833
83
-72
-2971
-993
-2462
-2790
-3171
-256
1866
-1600
-1143
-3281
2339
-512
890
1479
-2923
-1150
-288
-1447
-1316
1924
-381
-860
-1818
-2416
-1376
-2821
-873
-2585
-827
2109
1954
708
-1427
1301
-3095
2700
3175
-1540
-2092
709
1995
-5420
-549
-2175
-742
-547
-1525
-2163
-1523
-946
-2556
-3307
-3167
-5192
-2699
-2140
-1760
2418
4346
1562
-1942
-2803
-2419
-226
-1149
-1060
-1715
2051
-1608
-2971
-3558
-2300
-1445
-4130
-1981
-1459
-5605
-4889
-1599
-2124
-4415
-1359
-2505
-3328
-3382
-5176
1391
-998
-374
769
-1123
-230
2408
-3343
-4823
2278
4581
-1416
-2170
-2082
-4269
-2538
656
271
-2748
-3064
-5263
-2915
-2038
-2563
-1430
804
2928
214
-2108
-4034
-4178
-5586
-1936
-1828
2214
-1220
-164
-2509
-5222
1756
3181
254
-2920
-4929
-348
3684
-318
-38
-1665
420
-1152
-1760
-837
-1817
2247
-987
-781
-3293
-1628
-1496
-3196
-2031
-4813
1037
899
-2528
-1728
-1560
576
-1219
-5641
-271
138
-1981
-5431
-1938
-2021
1092
242
-673
-3448
-1906
-6136
-3711
-2705
-5767
-3302
-515
-1761
-1111
-1260
-780
-1366
-2851
-1984
735
-2238
-1679
-3075
-2477
182
-958
-3135
-4234
-1510
-4950
-3075
-2336
-2251
524
-5867
-2954
-1706
-4970
-6018
-2394
-4157
-2848
162
104
-4401
-6906
-2284
-2512
-3408
-5179
-2777
-1236
-1229
-4411
-331
-1242
-5068
-4476
-2559
862
-1625
-1657
-6014
-1680
-2138
-4192
-835
1444
-870
-2956
-608
-3806
-1320
-1798
-3111
-82
-435
1170
514
-2341
-4546
671
57
3729
758
5283
2308
2920
2663
5010
309
2090
3023
2941
1620
2580
-102
-313
-2581
-2661
-876
2340
-758
2321
-1051
521
551
829
-696
470
-3626
-1879
225
1279
-636
-1083
3656
3009
2400
2785
2969
3809
1882
3368
1727
-2625
-400
3928
2437
722
2292
1628
4026
4432
6663
2288
-161
1359
4124
789
-557
-1160
1684
-1305
-1932
-390
-1822
2438
2190
4037
-1963
-868
3116
1399
1311
-1277
519
1977
319
3856
2877
75
232
290
359
3870
2103
1061
-2272
356
-1000
46
-2866
-2256
1778
1383
494
307
4320
6276
-617
-1696
-12
2688
3296
872
361
-330
-2498
1351
1288
-487
-646
2736
1009
1861
-868
671
-1368
-4737
-78
1298
139
4155
-2368
1468
-325
-2480
-2366
1853
5083
8155
5407
1238
2276
3031
1218
1675
2439
2810
1450
6812
1234
440
703
80
-2220
-3693
77
992
2619
2885
1609
-4432
-4952
-1294
215
3022
2537
3568
3100
2253
1220
-2395
3602
3590
1667
3944
4936
-1470
3248
2470
-291
-472
-2000
3589
-1434
-2132
-3450
160
88
-1625
692
-867
2046
3139
1666
3593
-4534
-873
5434
3978
2523
1667
2022
1653
2158
1586
3075
433
3619
-157
3242
-949
-459
354
2775
-1361
1107
879
2102
-595
-2397
964
-13
-380
3747
2517
2365
4356
-447
1648
147
-2338
3497
3027
4925
-40
-2285
-878
-248
3786
4676
-1184
3443
-806
-2298
-1169
424
1844
5001
-247
3518
353
-709
-3741
3091
-309
-2383
4243
3236
2783
2936
697
52
2384
851
560
4319
3491
2421
2224
-129
3356
2745
-940
1298
2108
-3670
-837
5941
281
1624
4118
3718
-1892
2131
1548
-872
2242
-79
-1160
270
-1845
-2140
-1633
-3727
3419
1594
74
298
1948
-101
-2902
1988
249
-4768
1454
4015
-1725
-497
2167
-115
830
-678
1781
-183
-34
1835
4002
1609
-1122
2965
3531
-347
3164
3951
661
2672
1422
44
1170
419
3450
-1776
-107
2642
1090
-955
-903
4868
948
3016
1612
3267
-501
1700
101
2066
2170
-372
-1537
2379
4914
2073
37
311
1826
2800
456
0
1168
1277
-1238
-1799
-1791
3135
505
-110
1580
-544
4138
702
1989
2641
-902
-2217
-1180
-1246
3197
1781
3073
-1195
4032
478
-4402
-300
-1325
534
1379
4556
2162
2472
4864
3181
2209
1089
792
2153
1116
1007
-551
681
1147
951
-2144
2561
1541
3027
3503
3256
4487
2091
1852
470
-3718
-609
2849
3223
-2188
2215
-546
-1196
2831
-1395
464
-973
660
3979
1839
-557
-1458
2669
5258
3586
2360
3559
2408
-955
2672
2965
784
2885
-618
2931
3019
-919
1038
1963
-812
1610
792
634
4344
7118
773
973
-2228
1439
4608
303
-89
707
2319
-4018
882
3646
-428
1378
3574
-1229
2663
5427
2929
3010
1413
-420
1135
3713
2388
1435
637
-1157
196
2073
1304
2381
2958
1973
-2296
1910
1028
179
864
-4025
-2218
1713
3119
3224
4519
1780
-2495
-2011
1104
2102
3225
1992
-1575
-1181
618
419
-596
2
383
686
107
-2542
2209
-752
-2636
408
1618
1816
-1205
1914
-691
384
-1154
-2563
-781
2259
1340
516
1281
1106
1848
2588
394
3139
2804
-1253
2473
-1461
-891
-25
1439
-463
-2273
-1197
1963
1125
-981
44
1919
-426
-3301
-1385
-1174
3745
990
-58
1078
2882
3208
2393
3892
-173
-3063
-1548
2557
468
2339
503
2476
61
-963
1126
1848
2118
-1903
-1746
172
3960
12
2879
194
1392
-1619
2662
4982
1343
1089
-4406
-338
3342
2297
2043
1928
3686
1318
-3671
-862
1034
4603
1558
218
-1049
194
-2443
2437
3068
-3131
1097
2424
200
1904
5007
3155
0
-237
1130
-2538
1590
4444
2414
-512
1757
2213
1234
-1811
3962
1272
-1437
463
3653
1304
3102
3343
1766
1091
3330
2447
441
2444
5075
3861
2196
2800
3386
3799
3726
690
-503
3137
3167
2054
4111
3534
4648
4218
1000
2289
4415
-242
1588
4538
1070
3046
2876
1450
3777
439
3047
1086
2540
1979
570
890
2298
933
93
-266
1011
122
662
979
-1780
2264
-1990
-3533
-2999
-5921
107
-3
-2027
-3479
-4090
-3862
-409
-2472
-2316
-999
1076
53
-2701
684
-3664
2055
3505
2500
-3656
2006
-575
-3014
-2934
-3028
-696
-6093
-6664
-1426
-160
-1167
-2422
-2615
-376
-316
-2709
765
-3075
-2901
952
-5049
1842
669
3281
-1516
-6148
-5689
-5962
-2515
-3405
-5095
-2999
-1905
-2523
-1490
1345
-3631
-2914
2032
-2531
-4151
-7442
-1814
11
-3966
2460
-2799
-1639
-4956
-3569
-2023
-5840
-2467
359
-1657
-2001
-4264
-5968
-3559
-3480
-4545
-2033
-2040
-1739
-2168
-2970
-2220
-282
-21
3730
189
-1093
-6206
-5431
986
-2212
-2205
-2599
-4436
-5292
-2140
373
-904
-114
12
-4497
-4017
-950
-1882
-2128
-7371
-429
31
3021
1712
1152
-4768
-5123
-2823
305
-2390
-2009
1030
-4020
-1431
-5856
-6027
-8029
-2417
-3977
-703
-4971
-4194
-3300
-1220
-1894
-2703
4035
-2676
-4888
-1093
-256
611
-5390
-1380
-2641
-1338
-695
-4157
-3458
-558
-911
-461
-2295
-3236
-3872
-446
-6066
-3679
-688
570
5753
2171
-1388
-626
-3112
-5762
-2383
-3339
-3942
-2486
-4305
-2126
-2381
-5605
-360
-1198
-260
-1219
-1913
275
-1407
-3583
1383
-5840
2529
1774
-224
-2272
118
-3440
-2988
-870
-5725
-2462
-776
-3155
-2794
-3486
-2098
-905
-2478
-2803
-3739
-5327
-2194
-1859
-2143
-4380
2492
352
-5178
-1523
-3647
-3870
-516
-5942
-3651
-3826
-6392
-6479
-4540
-2186
-1727
-6105
-2020
-4602
-6591
-2917
-2816
756
1531
954
3092
459
-573
-2307
-3896
-3892
-1359
-2489
225
-3316
-2392
-1233
-2010
-2370
67
-3402
-1959
-2993
-2251
-2259
-3143
-3898
-484
-5261
4725
2925
1321
-2043
1285
-3560
-5337
-2370
-5122
-3460
-2798
-672
-3041
86
-5520
-1717
-2511
-3193
294
-2598
-5633
-191
-763
-649
2285
3891
3267
-4722
-1060
2982
-4143
2098
1461
-4858
-962
486
-1122
-1967
-3506
-1128
-1606
-2047
-1459
3047
-3983
-2506
-4144
-657
2430
-2688
304
-1968
-4451
-4856
-2278
-2824
-2019
-3430
-3329
-4180
-4482
-1454
-3605
-2016
-4069
-6585
-4262
-3242
-1121
-4119
-3787
-3182
3678
2002
-1318
-2537
-2232
-3095
-1667
-1073
-2969
-3299
-3637
-2761
-3852
-605
-2032
-2170
-1981
-6502
-5141
-4918
-4841
-6025
-1557
-1709
3729
1980
-1479
-437
-5349
-4031
-3339
3403
-2736
-3472
-4003
-268
-856
-611
-395
-2780
-3716
-1007
-1768
-1799
-1826
-2394
-5240
-4734
1890
-2581
-2415
-5189
2384
-2807
-2513
-957
-2697
-2760
-3188
14
-356
-3831
-4338
-5046
-3359
-3897
-1562
-778
-5851
-2106
1270
-2426
1821
1651
294
-4431
270
-680
-4023
-2955
-757
-4159
-4955
-6483
-5047
-4531
-3618
-4153
-1597
-1778
-2771
-3665
2038
535
-2297
-4340
2800
2545
-2378
77
526
-431
1365
-3199
-3654
-817
-5432
-1096
-854
-3845
-1702
-4553
-5313
-1389
-3331
1781
-1382
-3880
-4270
-2495
-214
-1701
-1799
-1713
-1370
-4166
-1813
-4407
-3399
-2431
-830
-1039
-1054
-2897
-3789
-2638
-2158
-1472
-1536
-3520
-4993
-949
2918
-2601
3879
2232
2441
-3718
-1821
-2813
-7817
-1736
-2290
-1888
-342
-961
-1652
-3139
-1520
-4399
-2854
-1699
-2596
-1373
153
-2516
-399
-3490
3761
2507
3260
478
-3481
1658
1471
1830
-2941
-4316
-3903
-3237
-4030
-4910
-2444
-2410
-5457
-4615
-1464
-2001
-9120
-3611
1832
-549
1721
1485
456
425
-3929
-1809
-700
-1278
-1072
-3134
-1384
-2067
-5278
-1212
-3543
74
-569
333
-1686
-8352
-5903
-3945
-3365
138
5753
2706
-3752
-4348
-1838
-581
-3373
-2918
-3639
-7709
-1536
-4063
-2907
-2782
-3929
-4796
-3797
-4914
-3292
3503
467
-3043
-2719
-1521
1421
-85
-893
-2608
-8154
-803
-1280
-4731
-2194
-338
-2300
-713
-4908
-1180
-4013
-3378
-5450
-3534
-3310
-1344
-3993
-2216
-2725
-319
3816
887
-677
-362
-1511
-4631
-2634
356
-3368
-2780
-1646
-5354
-609
-3810
-1615
-2101
-2363
-1652
-604
-2933
-837
-2273
-487
-5442
-976
505
-4549
-9198
-5404
-7101
-3783
-6982
-5760
-5973
-2414
-5953
-9029
-3636
-3882
-5495
-5747
-5902
-7421
-8776
-5975
-5538
-6009
-5574
-4208
-4945
-2088
-4390
-3901
-490
-4632
-5123
-3622
-259
-1432
-4535
-1733
-3125
-3449
-2777
-2098
-1241
-1331
-3648
-2210
-878
-3087
-4195
-5389
-1182
-345
-3129
-1416
36
-2003
-1322
-1474
1949
1444
-2752
-1491
-3372
-1968
-1001
-2650
461
-1210
-1807
-2328
-571
-798
-1076
-2780
123
-3952
295
-1368
-1398
-806
-1445
-129
-2890
-2676
-1147
-2585
-1133
-2404
-3313
1420
1144
-5009
-3203
-3544
-479
195
-3514
-4397
-589
-109
-734
-810
-663
-899
2325
717
-1526
-4043
-3858
51
-748
1450
114
0
3429
-896
-2354
-3769
426
-1348
-2194
-2005
-3909
-4022
-1694
1292
1419
-392
-1659
-3758
-5591
-948
-1441
-1001
-1776
-5480
-1304
201
-996
281
340
733
-715
-223
-2371
-2579
-415
2403
-389
1762
-318
65
-951
-3561
-1949
-3738
-2416
-3529
-467
-2505
-617
686
-1443
-4234
-1911
-2353
-5398
1145
-4270
-1906
1228
844
-1678
-2278
-999
-3153
-2024
-4651
-189
-1515
-618
-5613
-2790
5
848
-852
-2441
-4538
-217
778
-3196
-1019
-1796
-3942
-3037
-3594
-2286
-3964
271
-655
-1831
-2306
-1914
875
2241
179
-2238
-260
1061
-351
-3663
-6829
2503
-1412
-335
-845
-5347
-5762
-1105
2466
-2460
-1682
-604
213
-3544
-1860
125
-2469
-2451
-724
-1483
2050
-3303
405
-339
-1197
1317
-2232
-141
1133
-4175
-4043
-826
87
-4144
-2103
-622
820
-1282
-2108
959
-2797
-1993
-988
-716
1656
-2222
-696
-293
-204
-3786
3000
418
-273
-2548
-691
-2663
-3845
-5834
306
-1899
232
748
-1181
-2378
-6836
-1441
-3216
-974
-2249
-3244
-215
-1042
-4567
-2446
-1493
-3238
-21
-5082
-2980
-1288
-4473
-2365
2389
1303
-805
204
1135
-1924
-2926
-1918
-450
-294
-1778
12
-716
-3025
-3433
-3791
-1784
-1847
-2306
-4113
-3677
-1525
-2359
-2578
1511
-754
-3220
1232
-2716
-143
402
-2932
-1680
-3362
-2517
-1001
-3726
-589
-1018
-2567
-3443
-207
1749
-2224
-2176
-2697
-3723
-5876
-821
-1368
-3552
220
-1105
-4539
-3359
-694
882
775
1795
1713
-6389
-2843
-802
119
-520
3711
-645
-929
-4002
-2059
-1985
-1839
363
-2644
-2439
-1604
-1942
3170
-3810
-401
295
-1206
-937
1743
-1654
-4033
-3653
-751
-1257
1900
1219
-2442
-4198
8
604
253
2515
-7
-1730
-1609
-2495
-1414
-1210
1079
-211
-312
-2165
-741
535
-4216
-3858
-4871
-3925
-901
192
-3804
-3076
-548
-198
2259
-2123
-2497
86
274
-2635
-946
-2835
-1674
-902
-3923
-2645
-1126
-3159
-3673
-3682
-2117
-5760
-2284
-2297
-4490
-4650
-206
-501
-40
-2622
-3650
-1075
-831
618
2095
355
-1153
1363
-1660
-4344
-3476
-3332
-4376
688
-1656
-2492
-1057
-3488
-4145
-3255
-939
-2076
-156
-2236
-3696
-1687
-4109
2149
-278
-814
-2235
2102
-475
-325
-2700
1260
-2314
372
2708
-904
4107
2549
-4103
-4703
-2052
-4915
1961
-465
-335
-793
949
-2363
1326
1594
163
947
-1868
-337
-2939
-1251
-4572
586
-653
-3063
-413
350
-3946
-3796
-2309
-2708
-1772
-594
146
-218
-4179
-2662
-683
2984
1530
436
76
-2745
-3149
-1191
-1758
-276
1620
-1459
27
959
-653
-750
48
-1235
-4739
-1958
-3468
-2041
-441
1509
-600
471
-2698
-2002
2783
-1508
-4276
-3487
885
3396
-3864
-1084
-1459
112
-1457
-1379
-1778
-4058
-1158
-107
554
1104
90
634
334
2059
-3253
-844
-1968
-2334
-3058
-1058
-311
1593
-4707
-78
-194
-1736
-4666
-3324
-3501
-4241
-1472
-3039
773
-2812
-3096
-5939
375
122
-3022
-5657
1716
-2211
2718
-941
-599
-5730
-4085
-2445
-1613
-3405
-2534
-3525
-4259
-2947
-1891
-1350
3172
-2760
-2034
-2883
50
-421
-1615
-1150
801
-1990
-833
-2485
-988
-2818
-3696
-1186
-749
977
-2623
-3134
-4120
-2581
-1018
-3751
415
-3896
801
-715
-437
298
-1887
-489
63
1705
-1559
-1006
789
-1403
-949
-1938
-545
2910
-5301
-4383
-1529
176
2569
-2080
-2195
-2997
-1222
2715
-1715
446
371
-279
-1989
2300
1504
1000
-289
-1158
2859
-3702
-4324
-2269
-5671
-1616
1112
-1942
3388
2194
1384
277
-1253
257
719
3573
-629
1968
717
513
-1677
2159
1442
-1875
-1241
-2271
-330
672
-2337
-109
536
-378
3788
656
-367
959
-28
1327
3726
1400
1695
-1183
-8
-836
145
-1605
-202
1229
83
65
-1374
-108
4417
1023
4034
606
2955
739
2076
1639
3376
714
3275
331
3093
1984
2690
1969
659
1707
4506
1479
2017
181
1357
2974
3827
901
120
955
1960
2302
1436
-1695
-765
-923
210
2451
-3927
605
-1222
786
1595
-213
4465
599
-2625
-295
2048
2288
635
-727
-2900
1570
557
2530
2794
-550
-776
2388
1428
-1059
-1586
284
-415
-2095
-2337
593
4073
126
49
-2030
-322
1230
2273
313
4843
-1738
334
1262
3074
836
-461
-3138
1013
-2312
1556
1125
1808
-399
-1089
-638
3809
3979
-1268
-1498
-840
2191
15
-1245
5294
-533
-1594
-2032
1090
1733
-404
-2451
-534
-875
3726
3856
380
49
-618
2427
3218
-2135
1791
-1404
823
1877
819
-1813
4150
119
2408
1092
227
-1657
-651
516
479
3353
971
2660
2109
555
1297
3422
-77
3487
1702
-1394
-249
-1617
-855
1587
1729
-3161
3364
-946
2749
-1061
-2518
536
307
2067
-39
-161
-163
369
575
2461
-1329
1365
1316
53
4127
-531
1294
2748
2080
-2249
-4475
-483
1672
2138
255
-2866
1320
323
-478
641
-771
915
914
-1288
-1490
-3372
2491
6230
2344
-430
3423
-1495
-1904
-3527
1190
1709
-1974
3770
1630
3632
-2403
-3474
-1247
-37
882
-797
1267
211
-5001
-600
403
-2353
-42
167
580
818
-672
-1625
-919
-801
-2713
-1727
2959
3514
-415
3123
2792
1946
3749
2821
1409
2719
1460
-1640
3259
-157
-32
1987
-2139
948
473
-3032
-1197
4683
-1474
1042
2651
-2334
1079
-1920
3541
1806
-116
1229
-237
4390
3208
-2761
-479
-1558
131
-1233
366
2754
540
-1419
-1273
4921
-2999
3050
5599
2800
-3618
-258
-381
-418
-1996
1040
1355
-852
1075
-536
-1034
-4212
1380
866
2297
3585
-1514
5
-1571
-467
-2100
-2133
2195
1255
1303
-3130
-2140
-1525
-2389
295
868
1232
1533
5121
2046
1208
16
4212
2902
2349
614
-155
1225
3000
-1196
107
2426
1343
877
-234
172
3280
-2097
475
-486
957
466
6555
-2469
-1443
1906
637
-267
1184
-1109
1268
-760
-973
347
1311
2883
143
359
-166
1964
3300
-2428
-629
-675
1721
112
3472
5486
-263
591
-3892
2167
-220
3712
1528
524
210
470
-1570
-151
82
-41
1249
2367
-763
-1742
2023
1544
151
-808
864
709
3138
3296
3291
-98
1848
4004
1688
4804
640
-3521
-1118
875
-1312
469
1801
-596
1319
1390
-871
-628
-1416
-1590
-704
668
-350
848
-874
-201
2247
-2383
489
5554
-933
183
1223
3206
443
656
2347
-472
591
1640
-1065
1354
370
-1005
897
943
-5149
-1150
27
2832
20
1270
-2473
3030
3294
-431
-2937
-3518
-2088
3832
3522
-1641
529
-1109
-2585
-1678
-830
3298
1595
-1220
-2272
2703
348
-970
587
3292
-1678
-805
2912
-333
3092
-672
-2080
865
1785
-3137
-1008
641
76
-1168
2393
707
2400
-2080
2204
183
-1823
-932
-891
3841
675
-1554
1808
3944
3049
1634
595
723
1123
-1740
-733
3647
2578
-1045
-1309
2952
3180
987
4175
-1226
687
1648
-2512
1667
-952
-3158
344
-207
2550
-326
4514
5724
296
-2496
-387
362
-1103
-1158
-924
563
5916
3956
1802
-3659
527
3865
203
1891
-1980
-2686
-131
2516
-3839
-1124
-2597
4475
3028
-2570
564
-867
-854
-302
1361
-435
1892
2763
-3033
-480
-1009
3174
1831
-146
3461
-910
-2670
5097
-543
3765
-343
1459
2938
-4768
-4000
3382
798
2655
1716
261
-337
-285
1372
-684
-1289
-236
1310
-826
-3669
1150
1560
476
-527
-479
2590
-58
2668
-1266
-243
848
-85
830
6291
-2071
1169
764
3236
1994
-1033
-1322
-1012
941
-2214
2600
4905
655
-370
-1939
736
159
1961
-22
1066
1600
1207
-2721
2299
-169
-472
833
752
-215
1689
1193
173
777
674
4361
5344
3056
5462
1747
-621
1281
2542
5753
4926
3501
3691
2349
1372
5909
3939
2603
1856
2437
613
3806
1085
-1597
-2433
-5350
-6827
-7388
-2480
604
-4066
-2836
-3238
-1038
-2953
-5508
-1780
-1630
-2249
-3423
-4116
-1368
-3823
-2655
-168
-1292
-5197
-7285
-5948
-4945
-1937
-5162
-6621
-8651
-3150
-2630
-7250
-5092
-6525
-4445
-5238
-9628
-2730
-2986
-4439
-8325
-6716
-4085
-4044
-4796
-1130
-5039
183
-8981
-10786
-2754
-6829
-4789
-3059
123
-3534
-4605
-2722
-5171
-2783
-2569
-2627
-2560
-1139
1885
-1273
-2548
-622
-80
-1166
-1147
-4170
-5409
-905
-4524
-2738
-2968
-2099
-2401
-1004
-2749
-2047
529
249
1629
446
-1432
-1003
-1119
-2403
-5956
587
-5658
-2561
-3230
-1195
-3489
-5568
-4488
-1889
-5143
-2999
539
1530
-4630
-3421
-5767
-2366
-1625
657
-3338
-249
-1271
-4284
-3055
523
-4220
-3407
-3744
-1755
736
-883
-1909
-3523
-2046
-2819
-6356
-1399
-2456
951
-1643
-2529
-1171
42
-5898
1368
-5
-2287
-259
-2074
-2236
-772
-4645
-5970
-4314
-3087
-3964
-3815
-545
-3089
-4860
-2317
-2558
-6813
-6622
-5502
-5303
-3142
-2724
-2260
-2742
-2286
238
-1821
-1962
-828
-6233
-292
-865
-926
-38
-2293
-1829
-2403
-4723
-4721
-5544
-4411
-3637
-986
-2207
-2851
-3128
-2024
-6010
-3151
-2576
-4332
-2262
-4767
-4860
-853
-970
-1267
-4019
-2564
-1673
-1986
-2947
-6134
-981
1031
-2464
-1087
-1901
-2279
129
368
-2432
-2148
-8023
-4415
-1657
-2483
-6650
925
-3232
-628
-4690
-4907
-1810
436
-3608
-1957
-3159
-3157
-292
-2118
-2899
317
-1153
-2093
-67
-5303
-2158
-3069
-9731
-4139
-2257
-750
-830
-3600
-1292
-4464
-6074
-4696
352
-1539
-2867
1862
-1623
-4730
1579
-1578
-2342
-5543
-7845
1214
996
-3219
-1268
-3141
-3681
-1507
-1845
-3454
-5659
-4553
-2823
-3466
-3526
-1353
-3298
414
-4581
-2599
-1204
-4180
-4293
-2223
-34
184
-3527
-5303
-132
-1669
-3160
-1978
-337
-6355
542
-2185
-5786
-5616
-374
-4618
-4485
-681
-494
1551
-452
616
-2357
-1422
-1773
-166
-2178
-1097
-1626
-2981
-4914
-3671
3841
-3645
-18
1869
-2078
-2131
204
791
-2096
-5159
-1011
-337
-962
359
1159
-196
-2427
-3278
-2943
-144
-5320
-1786
328
-3196
-2600
-4860
-2542
-1652
-2513
-2512
-9348
-2363
-659
-1941
-2529
768
-2572
-2340
-956
-592
366
-3689
-2047
-920
-3749
-2751
-2509
-1200
-1194
-2354
-5249
-2792
-1886
2932
-3381
425
-1916
-2672
-1430
-1531
1334
-2807
-2974
-4509
-3855
-439
-4563
-2631
-721
-1923
-2860
-697
-2479
-343
-1650
-5917
-2509
-1557
-4365
-47
-2843
-2465
97
606
-3116
-446
-1130
-5405
-1019
-2208
-3552
-5003
-3768
1587
-8230
1184
-524
-1339
616
-2326
-111
-1547
-3908
-1900
-1173
-1813
-5034
-2733
-1062
-2527
-1731
-1457
452
-6522
-3985
657
-497
-1573
-5894
-852
-2944
-4060
-2441
-1133
-1423
-2291
-460
-5895
-3635
-3926
-4703
-4401
-4881
-7819
-2839
922
-2869
-1259
-289
-4064
-3371
-530
-6050
-154
-3286
-3993
-559
-153
-2858
-1989
-6174
-2392
-387
-941
-2223
-2438
-2776
-2146
-1441
-781
-2518
1781
-1175
-6870
-4624
-2058
-6578
-25
395
-2385
-3094
-2335
2016
-591
-1485
157
-1153
-723
-2338
-1236
-1482
-4535
-4920
-1416
-3677
-2610
-1664
-2396
540
-1399
-2152
-5765
-611
-6072
-998
-4931
-3863
-1295
-1357
386
-23
1326
-2566
-5348
-1626
-1565
-99
-4054
1624
-329
1001
-3017
-3249
725
295
-624
1798
-382
-433
-5515
-2216
922
-4305
-7127
-100
-2657
-1212
-865
-1242
-16
-860
-5971
-3599
-7807
-2698
-3755
-5921
-3692
-947
93
2256
-591
-1516
-1474
-2139
-129
-5702
-2186
-2366
-2252
-1596
-224
-942
2898
-1010
-5129
-4026
-3402
-3037
-19
-2045
-2760
-2401
-1559
-550
-292
-3508
-3624
-243
-2918
-4866
-3521
-1259
-1231
-5979
-2521
-2636
-728
-238
-2378
1761
695
-2208
-5401
-2192
-2786
-3033
2580
0
-3372
-2572
-1407
-1217
-1536
-2741
-1347
-1405
-1860
-1244
-2256
-1104
-2413
-1328
-6916
-5935
-575
-1458
-3704
1925
-1140
-2977
-471
-2804
-1767
-5284
1642
83
-1077
652
-1085
-31
-1759
-586
-211
273
-331
263
901
-2288
-3955
-2658
-5649
-2128
-1572
-2249
3745
-9
-2521
-5818
1403
-842
2570
1647
-124
-649
-5757
-1904
-1469
-896
-4526
-2424
-2835
-1222
963
-2554
-1273
-4288
-952
-3088
1884
2169
2000
3815
-1270
-1154
454
-2720
1215
-856
1638
2027
1113
-377
1162
196
-628
-1797
-1857
-2761
-95
-4735
-344
-125
1335
-2288
-4177
-643
-2333
-4775
-234
-733
3753
-1017
2337
-1775
-1592
347
1692
-741
422
-635
1388
-1362
714
-3716
-4246
1814
964
-477
6798
2910
5057
3689
2034
247
-13
2984
4776
3637
1642
795
2143
2507
1698
3219
2988
-246
5738
-913
11
2653
2203
2491
6411
1729
-1779
2802
391
3048
2820
771
-537
2387
929
-967
875
1991
4846
2793
-2437
-439
908
-2343
-156
-651
-117
1408
1411
3091
-2271
3825
3079
-497
1235
1120
-633
2755
211
-993
2169
-2050
1689
4223
560
3737
1856
-1786
-789
2792
2713
3727
3360
2200
2197
2777
346
1824
612
2004
4339
4619
3585
4215
2843
-92
-966
2174
2373
446
5009
-2862
2370
2147
2306
-3081
-434
-461
3439
4875
1691
672
1035
1303
999
1626
749
4418
689
2214
1635
1982
4102
1877
2929
-461
-1169
-1627
2494
2834
4224
-2493
-296
3988
70
752
3355
3169
508
2195
2270
3711
3623
2225
229
-349
182
170
3035
-2462
903
-2696
1293
-1286
2419
-1216
1257
3358
4531
-2297
-1114
2142
-1478
959
2883
1789
4400
-551
3501
4682
1161
4180
6391
-5600
23
2177
-150
5627
2310
672
-601
3845
-856
3711
7689
6455
6214
1000
230
2700
-1081
3181
4928
-3547
-1091
4633
212
-3193
-3999
2132
-2751
2655
1446
2059
3823
265
3136
710
-3417
-2723
-1693
830
454
-2185
2341
-988
490
4915
5063
207
-67
-1553
-1469
-1024
762
2664
-897
1388
3719
2928
4480
4950
-1693
4185
-1344
2660
2080
743
1076
298
3670
1230
1300
1744
-976
-1608
-1130
-974
2201
1668
711
4104
2234
-508
-456
4658
3944
1152
2191
2045
1478
940
782
4321
440
764
1408
597
2025
-3757
-2933
2454
-1559
374
1363
1789
-71
1654
5304
-870
204
938
3716
2182
4216
3755
744
1897
1273
1842
1455
1239
7323
-3307
-849
-511
2699
1262
5064
406
2274
-281
247
-3256
5398
919
-262
174
-2592
2251
-1712
-576
-461
2096
2496
1905
1869
940
-1774
1118
90
1301
4101
2843
2216
323
110
-786
341
1317
-543
1540
2860
-1565
2199
2566
1178
2015
-1321
4609
7324
-3435
-716
948
2288
2191
3044
111
304
-135
-2355
2897
1768
1858
2099
2091
2670
431
-868
1332
-760
3184
-1488
-1500
-1579
-4654
-1668
877
2962
1103
3230
3680
2503
2641
731
2961
1180
2400
3213
-690
-364
2245
2612
-279
2897
443
1282
3400
3053
-2799
-1694
1089
661
-1048
2906
253
3448
-204
1660
3252
-1888
-680
2870
773
409
-1042
1841
3389
2234
2702
69
1726
3873
-1936
-2109
-640
-409
-928
1349
-95
672
1311
4177
4637
958
-402
574
68
-88
-2933
-1544
924
-611
2141
1363
673
1298
2209
452
1539
256
904
2162
-663
1483
-1567
1187
208
2394
759
2113
3658
1778
1800
1390
2674
620
3141
-1541
1494
3793
254
375
30
-1398
-708
851
820
381
2891
1531
-1621
1971
3363
1556
691
2661
792
1551
1478
1506
5098
-311
3048
1379
-2030
70
-1019
-596
3141
1789
1563
-553
2306
1594
-887
327
2961
1846
-760
869
56
3539
321
4128
555
-1142
4614
1660
-4175
-1620
-2
2551
1158
4478
390
-444
2694
156
3053
4370
66
81
1364
5
3211
2336
1052
1566
-2707
3191
967
421
-3590
72
3198
-100
89
3979
3492
3343
1524
1975
-70
1556
2542
173
4210
1978
200
1441
515
1254
1097
1530
-1273
2605
-59
-1605
-2786
-2272
344
129
285
1023
350
2617
2757
2268
599
-168
3774
2462
-1398
879
3460
3273
4699
77
481
58
-366
984
284
3046
2606
189
1795
-339
4074
-257
-1540
2986
3302
3499
921
993
5331
4518
3608
1928
7125
6775
3639
6104
-3745
-2736
1377
2030
-814
-619
2088
1792
-1756
2199
-1539
1667
-5305
-463
2209
1303
-107
1141
-1639
154
1312
5317
-998
1525
-394
6
-159
2254
2545
2818
2109
2766
4526
480
1469
5293
446
1430
1429
1778
1550
91
-1191
2050
590
4194
432
1743
-2110
-279
3362
4892
5922
3602
5942
6743
4173
2918
2958
3583
3439
5570
2936
733
4508
3224
1763
5700
3293
4643
4962
4329
3903
2119
5406
5212
9016
10067
6781
5352
6409
637
466
4936
3097
4002
6795
5481
4859
4420
1600
3338
6508
7548
3248
4537
2279
2065
2933
5754
6334
8178
1345
3099
3234
4863
5824
6803
5102
6233
5853
6253
6633
2690
2069
5767
6717
4516
2951
1398
4770
4247
5795
4407
3411
3097
2858
5581
5226
4543
6258
7850
6003
6099
7190
6892
3073
999
1911
6504
6728
9840
4065
-584
4529
1936
2097
5291
5372
432
-1581
2736
4060
3912
5592
2177
-879
4763
9148
6927
2909
3500
3309
4456
6225
7265
853
4156
4597
2338
7552
5736
5073
4326
4557
3884
6357
4648
4204
4879
4219
4074
3331
4648
3123
1460
6733
3349
186
3903
5764
3324
3396
4445
4022
3726
3949
5159
4129
4308
4983
9100
2796
2297
6244
3759
6216
2684
7675
5257
1537
3657
2006
1151
6933
3338
6081
3598
2382
1988
5267
2778
8299
3291
6409
3686
5661
5917
4347
2908
6537
3361
6291
3451
5209
2997
3743
5725
2933
2953
6275
2065
6188
1945
2798
1679
5865
4514
7157
4265
1439
2365
1846
2616
932
329
1785
4337
6832
4074
1889
4411
3618
2736
6147
3342
2973
-1095
2616
1938
1711
3752
1782
4082
6621
4518
4085
3233
4163
3839
3919
4305
5655
7427
4577
6601
8320
6062
4348
1876
3617
5252
2293
-680
5383
3778
1091
3850
6717
4668
6711
6130
6452
4846
3083
6517
6908
3228
5815
4281
2893
4401
2633
726
8594
5903
7621
7236
8461
7036
3732
6583
6971
6684
2401
1306
6665
4626
1667
6496
8797
4766
3140
719
2936
5640
809
4162
5962
7354
3859
6257
3700
5331
2870
10279
5325
1799
4096
2410
403
1672
7392
3524
3939
4111
7851
6925
6401
8152
8087
-1346
1403
2377
6998
5486
1688
3102
3365
3965
9124
5634
3932
2155
5045
7755
179
2546
4179
3466
3896
8633
3178
5874
3197
2496
2361
3468
3739
2072
2028
3233
3981
5403
3810
4259
4138
6525
6939
6127
4970
5863
4749
1285
4690
1276
3311
3644
2139
3103
734
6326
6119
5585
8494
3473
2065
2292
2922
3157
3104
6634
7655
6780
5704
4929
5188
3408
5303
1421
4285
3373
2250
-647
3860
4717
5384
6981
7692
4764
387
2258
2498
1112
5943
6567
5587
4044
1799
1770
1518
5329
5733
4028
8407
5615
1486
4483
381
961
1400
3019
5793
9542
2213
6067
3413
1468
3298
2115
3118
3830
4062
4256
5849
5036
2234
2045
3285
6246
8038
701
4212
3482
1922
4787
7197
4640
2890
3910
-706
1143
4334
3938
348
3201
6397
3912
3852
3909
5636
3407
4328
6906
6553
-1119
-197
320
1632
562
5646
3870
4532
1142
1245
3746
1585
5465
2990
1560
7414
10656
7250
2714
6107
5081
3700
2099
5272
2358
2862
3125
4631
2702
1005
2747
2301
2215
4490
5441
6821
5055
6651
3620
3370
3964
2904
2823
3971
9652
3958
3660
8663
3416
3694
6402
5051
5090
4157
3625
4011
6323
4977
6325
3001
4478
606
4286
7559
5771
218
5937
3813
6293
2932
3396
3632
1421
2624
6955
5402
9075
4783
6414
6715
2036
3837
975
5584
-127
-703
5968
7238
5915
7347
5104
4047
1806
1831
3077
5963
3258
5018
6346
2204
7291
7431
4694
2952
807
5679
1567
1944
3675
6283
2355
4649
3799
652
1661
5217
4500
2006
4008
2751
3951
2373
4779
7145
1370
1729
1496
3684
3780
1607
3645
3952
4999
5031
1507
3362
-841
4649
7838
5604
4646
9242
4771
4191
3280
1185
3048
6002
5899
2977
5561
6243
7077
3007
3309
5608
9050
7386
2836
1974
7745
4221
7027
8762
6253
4790
6080
494
291
5611
2449
4211
4756
7455
1940
5155
1599
6197
5051
3870
6112
667
4712
5559
9241
5160
2778
7728
7571
6412
4484
4575
-46
150
79
2158
1493
-2232
-903
2890
656
-1757
1674
-3365
-248
393
543
306
-1537
-3467
-2958
-296
560
-990
-1039
-767
1299
4512
-1499
69
-887
-1997
1724
-202
3000
-3343
424
-2049
-4213
2072
2446
805
5569
-372
-148
-3743
-1072
-1680
3032
3406
1557
3996
4373
-2465
3483
91
-2646
-845
2460
-2577
-2437
-939
-974
1294
195
-838
-2599
-1392
578
2641
4463
-562
-3577
-3444
-2208
-1824
2234
701
864
-380
-5271
-2651
-1960
-1165
-951
-450
-2732
-1175
-1464
-1546
-844
-2484
-1432
-3923
-1760
1744
-2316
-4976
2196
496
-910
-3862
-1402
-2504
-3976
239
2651
3482
-143
-3905
-4151
-1378
-1035
147
-1744
-780
-2251
-5730
332
-452
-4520
-2399
901
-1459
-1789
-1785
-3867
-5869
-4648
107
2453
673
-401
-3887
-37
1792
853
-293
-1484
1834
-336
-3083
4411
-466
-1271
1735
2440
63
1072
-2698
-2459
294
1129
1689
1360
1044
-613
4176
1634
607
-3197
-386
-1650
-3434
-2085
-158
-2577
-832
-4524
-2559
708
2115
-445
-5935
-2446
-168
-6464
-1382
2558
-100
-3670
973
-1906
-1723
846
-341
635
-188
756
-4132
-2006
-540
35
-770
-340
42
-1124
-1865
-1048
1034
-3377
-5395
-3863
-137
1812
2495
3108
2551
1491
2695
-891
2169
-2657
1522
-4392
-7133
-47
4776
1276
-42
-4229
-5899
-792
420
-1242
3887
-809
-2980
-906
-194
254
-4104
368
154
1137
-1219
-5292
-5723
-45
-2482
-3416
-6204
-190
5050
-1966
94
-1127
284
-914
-3010
630
1822
-5429
-1259
-731
-3745
-1658
-435
1102
-1599
1275
-2923
84
518
-2039
-3133
1407
-2156
3577
-1985
656
-427
619
-2534
-2868
-2787
-698
320
-245
-59
-1541
-3854
-6475
-1280
-204
-574
2423
-2216
-777
-1360
2632
897
1703
-2757
200
2464
-3160
-4360
-4779
99
1753
-1289
66
932
2102
-2149
-232
1952
-496
-3112
-4069
-731
-2229
-1405
-420
-1923
3924
-1184
-3715
-1228
201
-2113
2236
-3200
107
1957
33
-2696
-2869
3274
4395
-1419
-1660
1066
-2718
-2190
738
1933
-235
-2952
32
4547
1617
-1467
-1687
-1509
-225
-4252
-3641
-981
-2353
-508
-1592
-155
1779
423
1631
-837
-6484
-4491
986
1565
5537
-1464
-4069
-2351
-1570
-2032
-1539
-328
3103
-2819
-1543
-583
-568
-2042
-1927
-1690
-3930
2525
68
-18
253
-5525
-522
2019
1940
-2387
-544
-1384
-2400
-3203
-3004
-28
-1698
-1342
-170
-2614
181
-777
-1313
-2223
-3520
-1332
28
-1204
-2966
-6720
-1282
-3082
2875
916
1517
-3449
-2038
-934
-115
-1273
-522
-190
-1339
1129
2294
4988
6007
-610
-2571
-1453
1803
-40
-1940
1507
331
-2148
-652
-2092
-1497
-5193
-3698
1089
2045
-847
-3033
-2079
1915
-5075
-3653
-3689
-193
-2262
-5736
-901
888
-2236
2045
-3043
-1050
2142
285
720
1234
-1646
-621
482
-1092
-1619
-281
-3563
551
3186
-845
-2084
-1503
876
-1506
1273
-4447
-3265
2752
-5355
-5433
1397
1305
748
-1715
-1022
-2515
3370
-2304
724
3152
3450
-3366
-2286
-854
-464
-4634
-6603
-1726
1948
1513
-2459
-2281
-2874
-4084
1625
-1326
-2323
-3919
-4141
-380
-1429
-1948
-5434
-1667
255
536
-1877
78
114
276
-1481
971
-663
-1026
406
-635
-2398
-2674
-37
-139
-2574
1829
-2960
-3312
-1532
-4700
-192
-3514
-1522
-3587
-675
-1413
-2727
-1467
-1921
1026
-5544
-3406
1050
-3184
-3019
-2319
327
-1654
1491
1535
-2191
-4042
-2528
-3052
700
2455
-1839
-6282
-3838
-2259
-1819
753
-339
-1135
-360
2111
-2373
-872
-989
-1116
337
967
1856
-789
-3876
-993
-1956
436
-526
-1248
-530
1180
-4728
-1082
4168
-2019
-5342
-4829
-2766
-5702
-16
726
-1962
-4955
-7573
701
795
2945
-114
-2456
-445
-1434
-2062
51
-2593
-2499
-711
-2955
1425
2235
2079
-3314
421
-2575
-962
-605
-656
-3591
-5855
-1064
-1116
-2619
618
-792
-654
-2391
-2630
5060
3338
-1716
-3762
-3041
-3553
-2138
-3170
2165
856
-2358
-1590
3136
-1380
-194
-713
-352
3997
3015
-4772
-6818
-421
-53
-1022
2037
1694
-936
-2109
-2119
-3233
295
-1453
-4746
-2016
-3420
-659
-361
302
-2920
-700
1610
-1860
-418
1036
826
1246
38
1214
946
436
129
1913
275
-1077
-605
502
-666
-1699
-232
-839
679
2294
-2006
-2026
1813
266
-1936
2249
875
1084
2102
2460
1869
368
3968
4622
4548
2360
1919
4148
2289
2861
749
-676
-5
1873
3136
1400
3420
1206
1781
567
119
872
560
2171
1729
3350
1688
1919
-379
384
2875
2150
638
-1673
5197
1828
2491
-2668
841
2970
1518
241
-1044
3685
1764
3304
2215
3241
3754
3438
2027
1709
-383
1862
5690
3705
603
296
2394
1307
1966
3037
1648
5248
3210
4710
2197
2462
2942
2396
4812
4267
1286
2868
1129
260
18
1481
658
2993
-1836
776
2341
2254
2637
738
2017
1484
2399
4128
451
2723
874
-1212
-2865
-608
5044
4019
1877
374
-1365
3719
1045
5051
3090
3037
3902
4379
4344
2401
2140
4061
-2071
1073
2013
1811
4032
739
582
11
-610
2362
2715
941
1816
4529
3444
1070
3341
4117
2030
3361
4014
4318
2182
1283
1331
3842
1496
130
669
3232
3132
2409
191
-1104
-1343
1244
1810
1616
571
137
3073
2457
2643
1368
1201
3042
2766
4762
2311
6663
3276
3352
362
2552
465
2118
3432
2817
2628
-227
263
-1331
1915
-1143
2387
7280
5373
2124
4481
4208
3018
4597
1293
4240
4526
635
3757
1076
3152
1631
4850
3561
537
-639
2789
1767
-390
-2402
3020
-778
-1101
-435
3581
34
2287
6639
6075
5035
4061
2118
2761
-1109
666
2062
2522
2921
4162
2811
2830
2218
3871
3519
1746
6285
4586
1627
1927
-175
1588
4195
3972
3025
3647
1385
4460
3563
3600
1340
278
644
3196
2936
734
756
2419
4158
450
710
1054
2893
684
127
716
2708
-76
3348
549
4074
2735
1599
2264
4397
251
-1863
3871
654
-187
3361
1777
-453
2011
2464
850
-729
-1779
1494
1768
5338
2115
3691
4774
-858
-418
2654
1946
-1714
163
2442
1123
107
818
2286
1783
2761
2238
891
20
2624
6037
2671
-1670
2785
2297
5226
1119
1462
3384
4008
854
1039
714
3282
-226
1232
979
4043
1816
-330
2706
1309
2625
1874
1758
2056
3643
-555
2490
4103
1595
1153
2551
2404
310
4140
4108
2825
1102
1775
2760
-1361
867
-1237
4867
2865
3942
7380
2843
4279
4534
6236
1644
-702
437
3323
3913
2397
-545
1380
-18
3289
353
181
1616
1491
-1275
355
2344
3300
2512
-684
3257
3510
3625
3787
1544
4441
1721
1166
5387
3361
35
924
5310
1681
3070
548
1257
2004
4756
3687
5017
2566
406
4573
2380
-700
-616
1366
1861
3706
1622
457
1840
4787
3998
-883
2948
1560
3078
1210
378
2125
4396
1715
4443
1359
858
2229
1292
-1821
2742
3580
2507
5902
4129
2283
657
164
1041
2466
772
1981
3789
4258
3465
1852
2717
1703
4009
1126
338
3305
1512
3247
4071
2313
2773
3345
1643
861
3794
354
4635
5021
3132
1377
-798
-31
1273
1584
2920
1640
2439
-1801
1664
-811
1027
606
-196
4681
3154
7610
4884
1900
-16
2349
3099
659
2630
-1804
-209
1474
564
4041
4227
4580
1705
3070
1071
374
2929
3245
265
5518
2219
2369
3779
3388
-143
3233
3311
2278
721
-823
4027
4261
1898
4606
-1493
993
1478
-900
789
4503
4690
1279
1493
2149
2324
2421
2529
4012
-478
644
2873
3310
2792
924
1786
4679
1132
1893
1682
2436
2284
2143
2820
4599
3680
2604
-63
4787
967
4040
1842
2766
-196
211
4894
4418
2764
5623
1329
1355
2246
2744
-1231
1097
1920
2599
4593
1903
3658
1955
2585
669
2143
6574
4079
3359
827
2185
933
1873
674
-716
1781
5286
3887
3850
845
2630
3348
2643
3485
3714
1178
3118
2440
4387
2446
4149
3985
3124
4074
2328
541
1798
-104
365
1485
1637
2639
905
-127
1706
1130
4458
1544
3664
3381
2309
3275
7198
4293
6366
4438
2291
3720
2405
2271
5564
2958
2796
4087
6769
1904
2534
686
4081
4511
4843
3090
3324
2413
6283
3635
4302
627
-511
991
-5311
-2945
-2059
1560
417
-1585
1150
-1088
3688
-2307
537
-2259
1018
-20
-3267
-2514
-508
-2899
-2023
714
-735
815
-1016
-4295
-3623
1954
495
-1485
-3107
-2723
429
-2054
1407
1906
-755
-490
708
-776
1640
154
-848
-963
-1544
-1608
-302
125
-4218
-959
2980
2177
-84
45
-2667
1332
3015
-1474
105
1328
-41
-1459
1420
1020
1262
2480
-543
566
-25
-1003
-748
-2139
-4421
-2806
3023
-417
-1475
1344
-788
2624
1855
1006
1984
1463
-4016
1532
3767
2626
3686
-801
-6188
-1218
939
2603
3791
-119
1448
-615
1003
-727
-3246
1349
804
1066
3848
225
654
3036
4546
2526
1554
3044
4880
-89
3516
2524
3891
325
1447
59
660
585
627
-546
-912
720
-1205
1415
3045
4440
4739
2664
853
1863
-1407
850
-227
-320
4178
488
8348
870
2937
-4002
-4644
82
-1805
40
2258
4337
841
-3044
1141
3601
4836
2631
1251
3313
749
1416
-770
-1013
2177
-101
-863
6868
1998
-1762
1593
970
1771
2177
5163
2352
-765
721
5207
3017
219
-1430
4421
866
1160
360
1793
2262
663
-808
-611
2345
6747
-430
-2747
496
3463
2445
-3114
3334
2225
2913
2851
5399
2915
-1048
-527
-168
-4375
-2414
-58
3225
906
5269
1400
-757
-1412
107
-2264
1643
-810
-1963
300
558
3357
2186
1715
-85
-211
644
1695
-2571
-1681
-1399
-932
2
-4882
-629
2622
1003
-95
-959
-699
1766
-1530
-744
1527
686
2363
-426
-831
6085
1089
2205
1827
172
1043
-2277
4405
2857
6297
-1722
-1802
1299
1801
-2128
-2222
-1475
3726
869
1515
2416
1587
1354
86
342
-67
1587
3093
752
-1608
3042
2290
161
147
-227
-1511
-384
1956
-210
-2645
-499
2190
-742
-58
807
439
164
-1233
-466
4924
-96
887
1812
2670
4728
-1200
1927
1052
1239
1115
-1018
2892
-711
-1594
1321
3222
892
1217
33
1786
560
4342
-4347
-2263
2110
961
-1035
256
2750
1080
572
-619
5285
839
17
-843
1788
-88
-4116
-1540
3685
1554
-2068
49
-1518
3400
-77
592
-463
1215
-51
-3389
-2602
725
1353
-1173
3763
1865
-1515
2019
145
2649
-724
-984
-1365
-288
-1617
-1111
-259
4038
-2630
-927
250
367
-461
-42
-550
2873
4531
5883
670
3516
2403
-3118
-301
-2431
-4489
1992
715
-1493
-73
-538
-364
3101
3757
-1611
-1143
2200
1753
1256
4257
-5
4690
-1738
105
898
3114
-1806
-718
1213
-2701
169
-3801
-778
2387
578
130
1809
-770
-2178
100
712
891
-709
2824
938
-4352
-2081
5811
1975
76
2400
-1943
-21
-646
793
-1504
278
1759
3695
-486
-68
1493
-2138
-502
-130
-2101
4059
824
-835
-1163
-1398
67
788
-1340
368
2630
614
-1494
1374
1890
-1031
-2251
730
654
1347
-1095
1865
4129
4426
-2618
-2826
2258
626
-948
2398
865
2227
826
3308
-224
-470
-2954
-2357
-1314
-6806
934
-304
1259
-1668
-2405
-4054
902
2665
4732
2397
1334
216
630
-2497
-67
1907
-131
521
331
-1890
3625
2329
-440
-1969
929
-1208
-2478
-890
2225
344
2771
-529
3862
2625
435
-612
1641
2330
2296
1310
1888
834
-1036
-2997
-974
124
-28
-743
1185
4484
1494
1737
-2970
2045
2422
1553
1737
-175
1392
2136
1078
2040
135
4358
-2240
-1599
-1327
-2795
-3131
49
981
215
3683
3778
3906
3837
1985
-174
4332
333
597
311
-2338
442
6557
-2072
277
3310
-1340
-849
-1563
-2678
2206
3516
1161
-1381
931
1412
3237
699
2627
-782
484
-1009
1771
1750
-2734
962
1761
102
1440
1831
2977
-1173
-3285
-2371
372
1218
2613
1858
-2537
-3108
4561
926
-3568
1898
2130
-3488
900
364
1258
455
3464
4637
3143
-2143
5084
5898
3888
460
3093
62
1027
2419
-3295
1973
-600
-3268
2
718
-1998
-6
-1174
886
-3003
-170
859
2090
1702
5483
3834
5604
-541
-1379
1344
4960
4305
5367
1848
5192
-599
612
-2693
3479
2598
2959
3386
3391
1237
4373
3311
2194
-300
1147
6247
2697
-2069
-1615
-433
455
-3137
-1234
227
-2832
-538
545
-743
-1681
-1093
-1337
1818
-1576
-2882
-511
729
954
-1051
-1483
-3714
-1036
-1083
-3881
-2439
-1476
1144
-1957
-7763
-4803
-3083
-5804
-4065
-4117
-6726
-4775
-3352
-7670
-4374
-414
-3132
-5960
-5159
-3791
-4446
-7415
-3609
-4438
3902
-4731
-3669
-1719
-5625
-5608
-2465
-3426
-6882
-7184
-8770
-4859
-5748
-5275
-2982
-2072
-6091
-4805
-6187
-2056
-2799
-4324
3469
4145
-2673
-3363
-3004
-3619
-4942
-1157
-2594
-6181
-5469
-5335
-5371
-183
485
-3305
1740
-6169
-5709
-2871
-4762
-4932
1919
-5300
321
-4471
-4133
-6316
-5784
-2827
-5236
-5952
-4065
-5054
-4462
-708
-137
1444
-2184
-1235
2568
-2340
-4923
-4
-4057
3291
-1418
-8603
157
-3834
-4666
-4125
-2649
-2122
-8243
-5936
-1247
-3935
-5252
-654
-3426
-8213
-7961
-3617
-581
-6447
-1254
-1211
-3271
-995
-2278
-5922
636
-8049
-6062
-4393
-2635
-4339
-7315
-7042
-3370
-3883
-1204
-2227
-2388
-1082
-5857
-4243
-578
-4659
-10396
-4539
-2976
-3167
1003
-8806
3697
-1020
300
-8895
-4596
-2895
-2517
-1603
-4803
-7903
-4510
-5750
-4468
-4274
-1439
-3363
-5509
-5170
-5291
-7271
-985
-1929
-3266
-7476
-1523
-2811
-4183
-1597
2437
-4026
-4509
719
1615
-2039
-7991
-4343
-1704
-2087
-4602
-4161
-5654
-8964
-2493
1024
-7618
-7956
-4705
-11892
3334
-2268
-6036
-5686
-3494
-2587
-3570
-1521
-1673
-4779
-3920
-3183
-1658
-1550
-2472
-5099
-5516
-3507
-2869
-2253
-4943
-575
-2690
-6437
1538
-5
-7053
-4343
-6262
-4757
-2960
-4157
-3285
-4303
-4088
-2054
-127
-3587
-5760
-8133
-2761
-2032
-1254
-1263
-3125
-1707
-4865
-8142
769
-2569
-2973
-4153
-2117
-7801
-4192
-2221
-5337
-5549
-1611
-1889
-2310
-6006
-3998
-1959
-3361
-8430
-1969
-2381
-3662
-4473
-8012
-5812
1144
-1156
-4467
-1649
-1232
102
-5208
-4242
-6365
-4880
-6847
-6519
-3570
-5905
-4914
-1323
-1399
-5296
-2352
-2846
-7501
-8506
-4605
-6624
-2032
-4053
-2571
956
-2970
-3936
-559
-900
-854
-5542
-4493
-5544
-4996
-2911
-3301
-4036
-3880
382
-3955
-5631
-3092
-3827
-744
-9383
-2134
-3902
-4713
-9200
-5842
-2272
370
-2160
-3322
-7516
-3923
-778
-3124
-3109
-336
-746
-7564
-6743
-8148
-962
-6026
-3641
-5260
-6767
-1709
-739
-1944
-1711
-3657
-5331
-2999
-1185
-3675
-7582
-7807
-3356
-2849
-4528
533
-3909
-4763
-6159
-4715
-5230
-2408
-4805
-4223
-7549
-1491
-3081
-683
124
539
-3370
-3782
-2066
-3819
-4432
-2853
-622
-3548
-5020
-5305
-5930
15
-1006
-6334
-6754
-4465
-5191
-4321
-2713
889
-4759
-1738
-5441
-2958
1645
-4762
-3927
-7791
-5315
-3311
-5146
-4905
-3854
-6648
-3967
-7040
-4934
-3019
-2912
-3848
-7212
-4042
-5288
-2214
-700
-2492
-3754
-4266
-6481
-3266
-3425
-3611
-1349
-1503
-5046
-1298
-4897
-4799
-8557
-8813
-8418
-585
-739
-6338
-1751
-2417
-10229
1142
-5631
-2767
-2928
-3258
-3872
-150
-4877
-7871
-7212
-7499
-101
-3377
-994
-5792
-6803
-6595
-1967
-54
-4463
-219
-2375
-2278
-9931
-3320
-5334
-3512
-4331
-5464
-4665
-4184
-8854
-7509
-4319
-4238
-4053
-4661
-4509
-217
-3730
-5590
-3526
-1754
-1591
-2680
-3082
-1442
-6394
1145
3875
319
-4061
-4408
-4685
-8408
-7664
-4683
-1211
-2375
-4417
-3215
-6820
-7048
-4060
-2820
-1375
-4125
92
-9167
-6398
-5393
-6774
4800
2413
-3446
-3425
-3470
-2084
-5006
-2429
-246
-1786
-4903
-5418
-6768
95
-6772
-9460
-2185
1293
-5740
-7412
-8173
-6205
-4949
-8865
1181
-1337
-4344
-4565
-2409
1256
222
1472
1392
-4181
-3058
-8242
-6710
-2963
-3192
-2323
-1196
-1001
-5704
-8570
-4293
-8522
-4565
-7372
-1476
166
-9410
-6422
-217
-3425
-4009
-5448
-3352
-3219
-4910
-1787
-9895
-6086
-1342
-3904
-3697
-4630
-5281
-3224
1026
-1688
-3836
-4426
-1171
-2281
-1701
-4367
-2101
-4156
-7004
-3155
-5127
-2974
-5750
-4285
-2772
-3936
-3138
-4155
-8082
-4431
-4418
-2364
1373
-658
-534
-3737
-399
-2220
-3165
-1376
-3114
-5324
-3924
-1424
-6748
-7933
-5137
-3346
-1042
1434
1082
-2506
-3126
673
-1075
-6425
-3007
-2476
-5782
-6800
410
-4401
-5826
-7161
-6119
-8920
-4857
-5665
-2959
-3849
-5721
-6119
-9491
-5032
-7884
-7223
-3236
-6087
-6070
-6510
-6558
-9531
-4707
-8800
1656
-181
38
-2381
1265
2894
-1692
-18
893
-3725
1696
-3798
710
1062
243
21
4878
1752
-737
-1642
-2088
78
3006
750
-1140
603
3224
-8101
-5458
-7179
-4833
-3656
-3564
-2555
-1911
-4221
-4747
-902
-2928
-2964
-71
-673
-443
-3206
468
-2178
757
-993
-2203
1710
-3815
-4893
656
-1442
-158
-2249
-1753
-2773
-5377
-4360
-6076
-1762
116
-3991
-1475
-6793
-1851
-2455
-3311
-559
-1721
1281
-539
-3283
-9040
-2942
-5080
-5015
-5805
-5179
-5547
-5389
-3533
-3595
-3312
-4908
-1476
-1739
519
-6422
-4297
-491
-1441
3633
-2601
-3644
-1905
44
-594
-952
-2951
-3638
-3702
-3267
-2280
-860
-2596
694
-4336
-5846
-5468
-4472
-1597
-4043
-5281
-4622
-4722
2214
-1222
-2456
-4222
-5304
-268
-7761
-802
-6491
-4107
-3252
-4224
-2969
1664
-2169
-8704
-6684
-935
-3516
-5792
-6766
-1231
-4116
-7607
-4882
-2969
699
1874
-1684
1614
-8168
-6164
-3525
639
-2576
-4921
-7726
-4621
-4516
-4218
-5927
-5886
-4302
-3229
-4583
-4378
-7257
-4404
-3572
292
-650
333
-1564
-364
-2157
-1846
-4993
-5342
-963
-2505
-572
-913
-2916
-6545
-1574
-4159
-3531
-4791
-1089
28
-5629
-5200
-2034
-3654
-1826
88
-4456
-2676
-1497
-5625
-3185
-3109
-5731
-3031
-1921
-5109
-853
-3504
-3956
-3470
-3561
-5561
-5342
-4468
-5753
-8327
-4611
1989
3268
-1571
2639
-899
-3334
-6817
-3928
-6744
-3082
-6197
-6643
911
808
-924
-1988
-7324
-2399
-7118
-4796
-5580
-5632
-6532
-3654
-4557
-1701
-3852
359
-845
-3319
-6776
-1707
-1572
-2674
-7880
-2326
-7955
-7899
-6078
-7754
-6964
-6119
-5662
-5178
-4944
-1815
-1482
-4777
-6030
3872
-3160
-1452
-4042
-3145
-7257
-6772
-4148
-5574
-4559
-1277
-5273
-3231
-1501
-2404
-2823
-3760
-5319
-10200
-3390
-6888
-4191
-3864
-1398
498
-2920
-2874
-1580
-4443
-6718
-6734
-2554
-8810
-5443
-3119
-4397
-3336
-719
-3674
-1379
-2290
-3037
-3101
-2943
-5017
240
-3340
1333
-3182
-3137
3173
-3965
-3314
-4800
-3142
-1168
-2950
-3464
-3584
-3576
-5059
-3751
-2018
-262
-1714
-2896
-2369
-6748
-5214
-7866
-4606
-1451
-1094
1086
-713
-1840
-7265
-3697
-1809
-4369
-4201
-3449
-5592
-2164
-3529
-5394
-6072
-4749
-4513
-5928
-775
-3782
-579
-6055
-1517
-5337
3513
-3532
-1442
-349
-2137
-4753
-4684
-2343
-4471
-4496
100
-5625
-6100
-6040
-3222
-3494
-5930
-2542
-1795
-4196
-5011
-6236
-5285
444
-372
1955
264
-4211
-5935
-6639
-8124
-5715
-3291
-3622
-2873
-777
-2093
-6061
-3811
-2320
545
-3872
-6922
-4413
-4255
-5134
-6674
-1365
-382
-805
-379
-3092
-6458
-6691
-2902
-485
-3584
-4148
-2072
-6184
-3604
-6753
-5783
-6064
-6026
-4453
-1400
-1598
-3277
-3286
-1564
-1786
505
-1619
1107
122
-5000
-2927
-5603
-4721
-3517
-4083
-3993
-5114
-395
-2464
-3872
-4942
-2021
-4760
-1281
-5209
-5610
-4498
-2204
-2673
1367
642
-2582
-4060
-5269
-4789
-3552
-5057
-4739
-2612
-1697
-5630
-3925
-4090
-3196
-3182
-4249
-5042
-4090
-4038
-4644
-446
-231
-6321
576
729
-182
-214
-3127
-5853
-5916
-6406
-6348
-3881
-4995
-4441
-1543
-2188
-2168
-1780
-3204
-3615
-3061
-5072
-3059
-7685
-713
-3004
543
697
-2740
-2690
-1966
-1699
-3761
-4942
-605
-3536
-5938
-5079
-1270
-1199
-8599
-7519
-3620
235
-6150
-5271
-4193
-5821
268
-2239
-3623
456
-5482
-2610
-3360
-1730
-5033
-3507
-667
-3656
-1463
-5427
-5148
1373
-3174
-5592
-5033
-4580
-2946
-7300
-10672
-5851
-4328
3588
-1245
-1030
-2256
-1137
-2744
-4102
-6253
-6303
-4777
-3249
-3265
-1090
-5730
-5006
-2570
-4401
-4093
-5091
-3134
-2519
-3712
-2938
-4695
-1392
-468
-1371
-1695
-2412
-3495
-2758
-7216
-3757
-3774
-2353
-4117
-3954
-2937
-4839
-1857
-1540
-5374
-5721
-2264
-5146
-597
-5725
-6003
82
3395
-413
-830
-747
-5098
-5091
-1839
-5983
-1719
-5351
-3008
-3883
-1525
-4614
-4990
-4741
-2107
-2734
-3628
-4428
-1847
-3067
-7946
106
574
227
-1181
-277
-4256
-8540
-1255
-4024
-947
-3153
-777
-3985
-7049
-4328
-1817
-9204
-4000
-6572
-4978
-9566
-6947
-4902
-5258
-818
-1029
-4934
-946
271
-675
-7449
-1145
-4125
-5597
-5266
-2226
-4348
-8631
-2869
-2339
-8421
-5148
-7288
-7097
-10261
-8268
-8151
-5728
-1626
-3349
1353
-376
1145
-1112
-2067
-1071
300
272
-1016
-57
826
1709
-341
-281
1498
2285
392
760
910
235
-450
435
1262
371
1669
-1301
-3121
-279
-2769
402
1118
-3181
1020
-1955
-1911
1035
1185
742
1922
-75
-981
-617
-893
-1038
-321
-1304
-4646
-2100
1565
-1551
-3229
-3425
-8366
-1505
-861
1092
-801
-2406
-826
1837
1783
2079
3926
973
-473
1112
-3801
-1091
195
1648
438
-4724
-415
-1131
1740
-3419
-368
442
-1339
1307
2318
1005
262
-1509
-2016
-1783
958
-2776
-4701
1701
181
1477
251
-3164
846
-2365
-465
-5072
-1675
-577
-423
2231
-655
-98
356
-437
242
-1346
214
-3892
-4524
-4360
-2771
-4153
-1643
-524
-2215
-3037
2354
-1058
2390
-1485
-350
2120
-2067
3141
-1449
1572
1081
-121
-3595
-1744
704
-1931
-175
-206
-1402
-112
-2912
-2398
-2926
-2712
-2061
-2261
912
-1356
-4447
333
607
-1615
-3314
-707
2469
2249
1222
-390
-709
-627
-3701
68
-541
808
194
774
-894
2416
-3480
274
-1277
-3587
-2351
1007
-513
1203
-2632
-1349
-712
-1681
-272
62
4329
290
-1274
-1166
-788
-1027
-642
2241
-1268
-1488
-196
-4456
-164
-3540
-299
-6526
-3678
-4350
-1031
-2182
-2103
-1208
-4452
-1423
5
-3516
-648
-2818
3102
428
-109
-2793
1260
-1282
2759
-4928
-919
-4763
735
-3285
855
-558
-469
835
-2979
-3092
22
-1955
-1481
-1098
203
590
-1595
-782
1103
-1268
-750
-1722
762
-827
-945
-3765
-2347
-1684
1139
-1751
288
-2375
-1025
-1490
-5208
-3639
-1233
461
-2031
225
-1728
-2559
-3804
-4937
-3041
-2332
566
-756
768
-2308
930
-944
377
-2889
-3569
765
139
-1251
-212
820
-2763
-1813
490
1135
-1662
-718
1158
-482
-720
228
-1024
-104
1596
-2213
2517
-2857
-774
-1642
-2201
1970
-4802
-318
784
-1349
-2115
-103
-1488
-1883
-3519
-2395
-3090
-1460
-1790
1306
-482
-491
481
-4494
-1773
-2963
-2341
-2338
-2851
-1751
-2340
-3590
-621
1097
-1321
-255
-181
-2402
-381
-1547
-1008
494
-4688
-3631
-2960
-1786
89
-2198
1196
1139
-816
-2274
-2572
-561
35
-164
-3341
-2109
1134
-2892
-5838
286
3612
57
-2183
-455
-1682
-3321
673
-2123
-933
-1352
-1201
768
2696
1170
-2406
1436
-324
-844
-412
-1511
604
528
-2750
-799
1377
-1499
-478
-1384
-1534
-559
-31
-1637
-1358
-2055
-1933
-2357
-670
462
-3752
-25
-914
-341
-1703
-374
22
-791
-1521
-4245
-1664
-663
2107
2101
1101
1714
437
-913
-923
-2568
1214
-1528
1558
-1747
-3190
-3177
-269
-1117
-1180
-2418
479
-2247
-462
996
2993
-3166
-279
-533
-3534
-2286
-115
-2225
299
-622
811
-272
-1127
-1136
-899
-1904
357
-587
-798
-3221
-1149
848
1306
-1751
1440
881
-1433
-2921
-1404
-2821
-445
-2779
763
-304
-693
2220
-2829
-1074
-1256
-2060
843
2379
713
-1536
198
-2058
-602
-976
2224
563
-492
-2801
-5087
-4922
745
-4085
2005
1705
1950
3129
2686
-1374
414
-1115
1051
854
1795
47
2416
2076
-2069
-1589
-1906
-1151
-1001
777
-2412
-2457
1381
-3764
-1427
-3186
-3873
449
1411
2348
534
2129
1621
-163
-698
-1629
-3248
1842
-1989
-3773
-2693
-122
-2050
-2732
466
-944
-448
-3508
-3068
-4078
-2356
1168
-94
-1210
-3228
-3825
-1896
-5235
-3921
564
-5100
-190
2676
2297
1836
-1506
-2092
725
-725
-2380
135
-532
-1595
-1389
-3859
556
-938
-1246
-4493
-3812
-3682
-5336
-2629
1040
-2895
-366
-2294
-325
1065
-294
-3896
1106
281
-928
-1274
-917
190
-1555
-2529
-3870
-2403
1262
-1011
476
-1105
-3593
-2608
-596
2183
-2297
-1507
-4991
-1015
846
2334
1310
1292
-247
79
-2163
443
-2434
-112
-2103
-5212
-1771
895
1910
1504
564
2960
-1904
-4965
401
1228
-762
-1128
-981
-4263
-5231
-4039
-927
-1899
-3472
587
-1577
-2693
-3630
1773
-3497
-1173
-1521
-1657
-1168
737
1305
-2822
-3213
-857
-540
666
-1179
-675
-3012
-1311
-2617
-245
-2042
213
-706
-759
-1978
-1238
-2530
102
-1996
-253
-982
634
54
-3503
-1982
-606
-3009
-1594
-961
-3535
-1210
1797
2335
1587
2271
1077
-783
-1127
-1286
-3580
-2128
-2613
-3829
-2343
-1083
-600
-2494
-3315
-2642
-1581
-1395
-864
-98
463
404
645
436
-888
324
2696
-403
3072
2600
2764
3543
1872
2713
-103
3640
1501
-332
474
712
-4193
-4131
-5488
-489
-3360
1828
-1733
-2766
-4080
865
2137
-2258
-2579
-3128
-4467
-1540
-862
-1958
-440
-4302
2376
2271
1812
368
2173
7162
3743
5964
1020
-1098
-833
-925
3227
-456
1183
-1121
3253
-2539
-589
555
419
-1452
4402
-747
1592
-986
-1560
-4878
-410
4104
-674
4020
2087
4294
2788
57
93
915
2016
-2754
1942
2321
-484
1859
239
-465
-322
-2662
-599
791
-1127
-1458
1958
2939
-177
72
-424
-1308
724
-1312
2207
325
1222
3966
-1498
-1152
1174
3122
4688
-662
-2844
-898
-792
1542
562
-1084
-2466
-525
-1432
-1262
-3221
-3405
-2189
429
-255
-2565
1572
662
-1059
2653
5088
-649
-1899
-1632
3016
3631
2968
555
-1579
2341
1281
-1298
1469
1550
240
356
-489
1655
-2026
-4
1016
-6542
2121
4829
3996
-3318
1606
501
-52
181
566
64
3534
2571
-1089
-742
2244
2017
2313
5651
914
-2648
2248
-2095
4772
2610
914
-1760
-1435
3207
303
-612
-7
1040
1824
-3043
311
-1535
-1289
-2089
442
767
-2293
-598
2344
1657
1220
-2399
1597
-1298
243
1772
2352
-1665
2804
-598
1291
1603
-418
-190
332
932
-2944
-3079
-1955
-1922
678
5508
-1266
-340
-1474
3706
1275
98
1798
1860
745
-1892
983
1322
-617
-686
-3279
280
1901
3078
3980
-454
2845
-388
-2280
-1369
-2197
-1578
1006
3716
2069
-3225
598
2458
1413
1944
-1211
262
1529
1981
1533
-110
-1268
-1297
-196
300
5003
5150
926
2842
-2313
-131
1854
-1974
445
-737
966
-404
3120
48
3940
3163
4670
663
2812
-137
-806
1776
195
845
-362
775
481
-1258
2819
3317
1740
-2634
3059
2468
-1463
-644
367
996
-3913
3092
3513
-3204
-1377
-156
-3136
-688
-2519
-999
-2774
-1532
-1255
285
4064
-2415
-2964
3004
2243
-457
2077
-446
-1670
-1483
-2684
-1104
-837
-3610
-426
500
265
1289
1127
-2539
1382
4372
396
-615
5431
-74
-2864
-5530
526
-259
2365
-1623
3064
4428
-916
-1667
-3835
802
1956
-575
-2140
-1056
-495
-97
5189
-2
-211
-984
-66
-2591
-2655
-1438
1337
-1014
-572
-4757
-3137
-218
-478
156
2696
1094
-2658
2646
3119
-3454
-3010
-829
-2124
2010
1683
2058
5541
2805
1164
2857
2184
-3896
-769
253
-392
-323
516
2282
1926
-4703
-1525
-1541
-101
-2078
-2828
2072
-4914
260
-911
-3175
-1155
-3441
1489
665
4022
-3894
3202
3704
270
-443
-3715
-3065
3138
-569
-185
-2074
2106
5684
4709
646
1758
427
-3748
3949
3559
-755
-2056
-6
115
651
-3562
1668
560
-4712
-5186
-660
-657
1876
4977
-2095
-329
1240
2428
2275
-1681
-2204
1622
2114
-1302
-1972
-1190
-2442
2003
1557
-137
1517
2442
-4849
-247
-381
-2704
-739
2447
3614
-407
1060
-1709
-1483
1332
-387
-498
-97
2630
-3843
313
1131
1029
590
-1960
4461
3287
2576
1395
4253
3050
-2088
-3278
2203
25
2836
2423
-132
-1209
1853
-3110
-1600
-941
-1265
-2693
-4002
-442
443
1836
657
3719
5089
6113
-290
2567
-3820
1188
2677
-386
-2716
2697
3782
1254
4216
4306
-1630
40
1718
-241
-1039
578
-1688
244
-2162
1447
329
913
-2722
-795
1506
3583
5455
-162
677
-554
-5526
-2764
336
-680
2174
2473
-626
-2131
2032
698
-863
-680
-391
-1410
2302
605
2396
792
-1272
-704
1748
3650
-960
6021
-2563
-1605
1673
4995
234
2276
12
104
1239
4142
2142
-385
-244
-3720
-438
4588
2594
-1776
-1670
2401
3073
-2105
-3302
444
1490
2960
2810
-258
187
-321
2592
1706
2299
1717
401
77
-173
2806
-294
2123
568
947
-507
197
2701
213
-3346
2556
1693
1852
-569
147
-879
-53
-4016
-151
1838
1643
1589
-850
3538
4095
1008
-1452
-2011
1377
2305
916
1117
-1527
2459
4166
2512
-878
2678
2205
449
2749
2466
-1378
1505
-297
23
1598
4386
1696
8702
4471
1001
3269
3689
797
-1074
-2305
1432
606
2300
337
3333
1765
675
1047
3865
5762
1522
3680
5298
3044
3464
3353
1555
2827
5752
3170
7237
2535
7173
-1240
5010
6486
4582
3166
5001
3724
5832
4418
3890
739
9378
4384
482
2620
4259
1866
3146
7942
2336
5964
2757
1852
5984
5560
5765
3776
6442
3318
6815
-3007
3126
7548
5009
4682
-3160
4402
289
6349
6526
2434
1282
609
2297
3157
3611
912
7648
3995
-454
6364
4246
5621
5394
3844
4159
3548
8980
4805
671
4633
977
4578
4699
5079
7308
3466
4899
5402
8066
6120
9547
3520
6205
3516
4224
5801
7106
6096
2997
6994
7032
1181
5316
6258
4867
1897
1923
1120
7596
2675
4652
2429
5073
5539
6595
4123
7103
6478
5930
3822
6374
4278
6258
3047
2179
1415
3665
5685
5531
3647
7646
2469
2574
5093
5678
4916
8509
2575
820
6764
8192
1642
5770
5400
4936
1105
6702
2828
6477
5652
867
4314
4613
8425
7710
5396
7043
662
3968
3527
4905
6893
6549
5877
4414
4816
4794
2101
2402
8246
6280
2131
300
9193
4505
6280
6548
3587
-1171
4292
5416
7884
3068
4383
9279
3973
5373
6040
6390
5250
2634
7692
5547
3203
8543
8470
1605
3608
-2543
4510
6616
5812
686
10554
2780
6361
5252
2419
834
6062
6598
2729
3521
2717
5677
2315
6697
6515
194
6017
3799
5517
2267
2915
109
1586
6164
1750
5735
7618
4800
4485
4105
391
-2440
3092
883
247
-660
6269
3691
2819
4468
409
4452
3934
484
844
3450
3273
2352
3873
2097
3400
6160
3857
2410
3482
7875
7013
8002
7156
8248
6239
2274
5544
1466
5332
5648
5547
-2079
4068
4355
6040
4359
5289
5563
1590
5841
1178
9387
3828
5766
2792
4904
7576
7431
2886
2193
5923
61
6159
6548
403
2220
7936
6147
3525
2545
4444
3475
1837
10989
5399
2724
1989
8513
5943
4932
4291
1277
6028
7858
6707
10171
3561
1725
4278
4043
5377
1097
5534
6804
7405
4733
4018
4353
2993
8897
1939
4755
1214
4200
-2574
5520
6483
5954
8824
4567
4876
4291
1534
1427
2613
2328
1184
3946
4753
4054
2533
2860
2861
8055
1330
2733
6485
6002
2512
4603
4490
1648
12114
3743
5915
4057
3836
2511
7042
7648
467
4919
-2317
3627
1802
5948
4800
8975
3145
8782
2944
5704
5803
3907
6466
1665
8345
4975
7271
3505
3007
-1390
2478
7059
2924
2772
6310
4476
7313
-1261
1223
6423
2437
5511
6930
5913
2941
3884
3404
1397
5952
1701
6165
7262
5817
-351
1207
3808
4556
6875
3905
2355
1350
4162
4680
1601
6821
2851
6026
6435
6294
8027
10963
828
4962
2433
8695
2825
2148
-434
5107
4359
796
9487
4366
4759
7311
7370
4975
8467
2304
3574
9577
28
4935
8551
3579
2910
5599
4241
2245
4233
-234
78
7372
6382
1339
2963
2652
1422
2448
-2503
7127
5487
1384
4970
5019
4123
734
3441
5438
6798
7902
1791
2050
1828
3134
-3014
4060
1818
4790
1440
9164
4765
5369
8170
3583
5261
5683
2356
6619
5525
3203
1536
6115
5270
4370
2396
9099
2300
2652
-6354
3743
5253
2743
3877
2600
3033
5220
5428
1076
8042
4051
2230
4763
5169
8136
4628
3896
4813
4771
5047
8490
3491
4799
8004
3421
4286
-414
6158
2624
4273
-524
1993
6164
6122
4084
3143
4739
6316
1262
5998
4143
6081
10471
7255
4370
7447
806
4451
8266
4938
5043
3715
5666
8528
5006
8673
6550
-949
4106
5631
5942
5902
7020
5540
3228
5242
3892
3441
8194
2758
6614
-699
3960
4290
9261
2367
-629
5231
6867
6026
3855
5784
5008
4719
2513
3727
4648
8169
7288
3024
6629
3163
4687
6842
2668
-1253
5753
4398
4012
5859
6510
4405
3528
3321
5427
8632
8993
1486
4443
3000
3137
2320
2026
1464
3059
3618
1271
4489
7529
-556
1464
-2676
738
2650
4012
2256
3920
1461
478
3575
400
619
4194
4295
1691
638
442
5562
-606
1239
2035
5577
3824
1187
2275
6613
7702
5722
1672
5155
7522
5552
5148
6963
4912
5197
6164
7978
5286
5185
4837
5576
5753
7389
4711
1467
2015
4872
3188
3566
4827
2109
-2795
3608
666
80
-591
1813
3380
3054
1943
1883
2960
5638
695
2014
4163
5268
5295
4971
747
180
4922
-1254
2768
6985
6800
2594
4437
-1210
-3116
2266
943
1055
-10
-4501
-3496
963
-3814
-1711
-2591
4
-292
3182
-518
-1405
4539
1935
1378
1475
2330
-1837
2657
-1463
2216
1035
-1602
-1127
1899
3313
-191
2412
-2751
4275
-2153
-886
-3464
-928
1147
1128
2977
2794
3479
-243
965
-2434
348
1077
-1557
2039
-1387
-1976
-1961
-2701
468
2226
-1223
2677
-1659
209
263
-3048
951
-369
2988
1222
4223
1340
-4675
2524
-2219
580
-3189
1492
361
256
2075
-2065
-449
-3157
-2036
-2336
-2544
-193
988
931
-1266
3192
3801
1931
2066
822
-2811
-3792
-580
592
274
-593
-610
-718
-2049
-2547
-3023
-3383
-4307
3305
-4131
-2868
1418
-1470
-706
2671
2219
4977
2812
-177
-5151
772
-3447
1139
-2688
370
343
-3806
-2051
-2789
-1189
60
-1396
-1381
-2755
-1219
-786
-3521
628
1641
2047
-1899
-1035
3128
128
-694
169
2532
241
2849
1685
-391
-1124
-1202
769
1230
-2429
-3534
968
1560
-75
-4374
-4152
-2725
4275
2698
2939
1946
2223
-2422
-3458
-1434
3516
-450
2684
2139
-2336
799
-1386
-3159
-443
1064
1137
-2837
-6341
-2612
-420
36
4064
3192
3121
339
37
-2247
-93
458
-958
-704
1776
-2680
1757
2310
807
-1031
-1973
1500
1487
1169
174
-699
309
-107
2006
6433
3009
693
3223
-366
-2345
-671
-495
-3711
1646
-2478
-1910
-525
1823
-5833
-3148
-1012
-4218
-1641
-2730
-3662
-1571
302
2484
3356
3128
-1979
-4072
-1347
-3225
115
233
2906
-4046
1639
-726
-1524
-5106
471
1559
585
-465
-591
971
-1017
-166
2446
3475
2148
1799
2644
1558
-1550
-5241
1256
-1275
1961
-2474
-535
-3190
-244
-1836
-4068
-799
-163
4095
-1888
844
3629
243
-35
-362
3208
2372
2939
-1790
2154
-4389
-2373
-1236
756
1342
-1320
164
-398
2278
-1904
-5878
-2667
-307
-2187
-762
3225
263
-938
2393
4783
1702
1202
-1091
-4862
-1758
-1922
-5070
-179
-242
-2855
-1247
-2856
-1463
2267
504
-3455
-2341
-1407
919
1021
-936
1402
1567
6321
-1471
2685
1456
-733
-2710
-2511
-2575
-457
-2925
-87
-1112
1367
-246
267
844
-3713
-251
-3130
-6690
-1229
145
-1660
1318
4016
385
355
-406
-246
-2156
3299
-1283
-2106
105
-112
-3971
599
-2341
1215
587
1743
747
-3239
-300
345
-1349
14
1924
4870
-75
186
116
1360
268
-45
2228
202
-2566
-2940
-2588
-3711
-6490
1473
136
-2303
-522
-4826
-5010
-543
-1651
-2928
662
4791
-1118
1387
683
-3330
-758
-796
643
-3337
-3343
-4077
-1327
685
-3933
-3326
-1826
-2645
-1125
-91
-925
2001
1709
-3352
-860
3013
675
-1077
-1232
-5739
1964
1534
-917
-1575
-2691
-109
903
-1147
-1534
-305
-14
-330
2353
-2419
-883
-1480
-117
2824
902
4047
3640
-2447
535
-1427
-348
-1915
61
-1495
1596
-921
4152
333
-3656
-1179
-1572
-1952
124
1060
1565
-2045
1277
3881
2821
2969
3257
488
-1814
-3370
-4598
-939
-2254
4219
825
-1493
872
1591
3257
-1173
-1071
1644
2906
-2374
-4258
-2518
-1490
-1690
2779
4967
2649
317
-4836
-1153
280
1926
-1236
-3636
-5732
-500
-1417
1455
98
2650
873
-2565
136
1573
-2011
1728
-5485
-416
4740
2203
-3480
2461
-289
-880
-5214
-1960
-523
-992
493
1311
1558
-2579
-3535
2166
-2275
-4967
2807
278
-610
-4053
1496
-473
1183
-1484
-96
2134
-856
3507
-1321
-5028
-238
-2668
-5598
-962
4504
903
-5530
-3277
-3591
-3133
1803
1284
2824
-944
-527
5027
2074
5464
4074
-364
-3479
-4234
1603
518
-2947
-2018
-3640
1526
2192
701
235
1969
821
-2664
-834
1186
-173
396
-4689
801
4018
-975
-4940
-3991
-942
-3651
-2320
3397
-825
1268
-2377
-986
-1083
-3435
-1341
213
-5203
-3985
-777
-1467
-6406
-3730
322
1719
-2240
-3554
-3492
-876
166
760
-1216
-3920
-1359
-2406
-3606
-4104
-2164
-2132
-3139
-2108
-1720
-2572
-3323
-2776
-2625
-1805
-3524
-3844
113
-877
-1713
-3066
-3351
-3717
-2040
-578
-1185
125
-1830
-367
-1979
-308
-1641
88
-686
-1894
-1697
1483
-532
-1123
-1728
813
-1647
-747
-4678
-1576
-3290
-1303
-37
-36
661
-1323
-2060
1022
-709
411
871
-1152
-659
-972
685
112
-624
-1661
-1775
-626
-1403
-4954
349
-1192
291
104
-1267
-1065
337
-2237
-1548
-1279
-3011
-4155
-2873
-1851
-3799
-4692
-2455
-544
561
1898
-60
-3195
-1664
203
1008
2390
-2056
1340
962
-1189
877
-1612
-3015
-4036
-1673
-3078
-3896
-1736
-2308
-2214
-3798
-3712
1300
-1406
-2747
-1509
-3081
303
-2431
-2472
271
-1665
993
-2919
-1325
986
2256
-1116
-3960
-2796
-2075
-4150
-2584
751
564
-2281
-2579
-4297
-1278
-2123
-2669
-1548
-25
-534
-2883
319
109
-2852
-1184
-418
-2526
-3741
-990
-3294
917
-1200
-2031
-581
1581
-1144
-2345
618
-267
-2261
-1963
-1913
-1232
517
-600
-3507
-3592
-4173
-2257
-20
-3066
-1201
-1708
-921
-2037
-1609
-1829
54
372
-150
-2772
-188
-246
-160
95
1476
-1792
-883
-1734
-1528
-578
-4048
-1076
366
1026
-585
-2761
-4423
-982
-1307
-2100
-3497
-2341
-1200
-2233
126
-1206
-1747
-1975
1319
211
-606
-1920
-1219
-3090
-3288
-1704
-1826
461
-1523
-773
-2492
-2890
-4249
-4094
-2261
-2203
-3788
1683
-1286
-717
4032
-146
-709
-151
-2362
-1170
-1223
548
-570
475
-2080
-3547
-2382
-2681
-1739
-886
-1941
-400
-3139
-1608
3090
-3145
-1207
-897
-1584
-1209
-2984
-2180
-1924
-359
1671
13
-1348
-3261
741
-1832
-3297
-2097
340
-1235
-589
-42
-772
-3529
-1889
-2751
151
1846
-2783
-233
-2309
-2772
-2686
-106
-4093
-2254
-1313
-555
-2960
-863
-241
-365
-1475
1314
217
-831
-3111
-1643
-2314
2009
-910
554
-479
-1336
1471
803
-2103
-2658
-1444
-2574
-1334
-2853
-1715
-1310
-118
-1324
-1130
-3296
-1896
437
-1629
-4183
-1755
-2283
-1440
-1122
-523
812
-2066
-1591
-3508
273
-1092
161
-1597
-2616
967
-2409
-2985
-3863
-1295
-3201
-1010
-2920
-1392
1043
-1768
-2270
-2356
-4127
-1235
-1534
-1099
-1599
-1581
-653
2332
-1641
-2962
349
3714
-2211
-1845
-111
-2915
-2107
-3253
-2508
975
3688
1655
-164
-1870
-2244
-1220
315
-1474
-1177
-2743
-5320
-1499
-748
-185
589
-681
11
-1994
-959
-2505
-287
592
-1696
-1742
-466
-935
-232
78
-1404
-1435
76
732
-2793
-2438
-3727
-2714
1206
-2030
272
-215
-2273
-2291
-558
1797
917
-956
-1645
-2215
-2305
-1613
371
-708
-2387
-4871
-719
1041
1452
-27
-1078
-1404
-1335
-1064
-2223
-301
483
-1097
-1128
1343
0
964
1288
-1694
-2665
-391
2407
-1441
-825
-1161
-1095
-1411
-112
-145
919
245
-1821
-2803
-1413
-417
-799
-81
-2776
-2952
850
1221
-1890
-1608
-3595
-2874
-2129
-64
-194
-398
-918
-1757
7
-961
-1789
416
-687
1735
999
-2440
390
-9
-1065
380
-251
-1375
-848
-3389
-2394
-3800
-1590
-750
-1194
-3052
-782
-2498
-325
-1094
-236
1
1116
65
-3294
-2973
-6569
-2221
-3947
-2614
1056
138
-752
-3798
-2520
-4535
-1300
-4366
-2001
-3803
-2984
-1379
-1686
-1569
-1050
948
2262
-2492
-3224
-235
-1440
-180
-97
-879
-778
-1887
-1019
-860
-167
-4398
1905
2194
4
-812
-2503
-3010
-904
-1159
-3284
-3466
-3081
-3384
-2026
430
-821
-1820
30
-485
-2700
-3697
-2553
-1269
426
372
2316
336
-2969
-2659
-1780
-883
295
-1173
-4317
-1531
-529
-894
639
858
-672
-3120
1071
378
641
-2447
-1067
716
-1498
-2769
-2363
-1684
41
-2096
-1235
-388
1212
-2829
-3040
-1139
-647
-171
-2649
-330
-631
-19
-712
-4547
1121
1076
132
1143
-224
-1384
-3476
-1651
-1382
-5230
-1036
5
-966
-1686
-2213
10
-170
-1224
618
-76
479
-948
-3074
-4209
-1486
-3538
-2474
-3035
-3971
-4040
-3182
-55
275
-3002
348
1921
968
240
874
1892
867
-1350
756
3185
283
3709
1019
927
819
-689
262
2864
1687
-745
-2246
3400
-42
-601
867
-3366
-4293
-3305
-536
-1464
-4
-3828
-2552
-3121
-1629
-2788
-1373
-1507
-2086
-1881
130
-979
-3568
-3888
-1637
-1369
-2786
-4337
195
2639
6433
-725
-4787
-5021
2250
2210
1020
7338
3549
1842
1662
4514
-1577
6066
2175
732
866
797
4013
-460
-4045
2284
-73
3359
-4283
3754
3160
2763
3228
207
1275
-1418
598
2976
2560
3514
3230
398
519
-947
-4320
1227
4283
2054
2887
1148
725
-6546
-3254
4104
1948
-476
147
894
505
1420
1844
1970
1026
2178
480
6302
2256
-1670
3857
1323
1634
4700
892
961
850
623
1623
6679
1066
1607
4912
1391
3719
3219
3051
-384
-1654
-765
-3561
-1364
-734
-352
6745
-1783
1909
3458
2165
3402
-542
2627
858
-1788
3777
-1838
3813
-585
-1789
426
2385
1900
2253
5009
3094
2905
235
-925
867
919
-406
-3386
3105
589
616
3281
-566
-826
-2046
-2745
2710
269
2151
1995
-2358
-1874
2929
905
830
784
1252
2215
4623
1554
2903
3436
-870
2054
857
-2538
1695
4022
4978
-1157
2034
-2858
3548
3221
4047
1787
1855
3809
1599
-1255
3533
4824
1434
3668
-212
-878
449
2053
190
2393
-2958
-1070
-4269
2295
4933
1029
-897
431
972
3898
3618
2569
869
2374
3664
2995
-598
2695
957
8164
1701
5376
239
3592
2610
3133
2217
3298
728
-901
-602
729
916
-240
1794
-1277
-1207
1096
721
1694
3732
-1543
4594
710
-466
3825
480
409
-548
1082
1229
-200
458
3068
3341
1578
-3397
1826
-816
-4257
1257
-4187
211
-3693
-846
1670
3177
-842
421
2221
1416
-2696
1469
135
-3621
1488
2839
-1957
750
3926
1220
2432
1107
1567
8944
3047
-1723
5688
-1116
-237
2367
1368
3331
2253
-2529
-621
2813
-1526
3458
1486
2830
-188
3818
2346
2317
2793
3164
2684
5160
347
395
6085
2920
-460
42
2931
6070
-874
823
1674
-465
-932
2987
4678
599
1148
2222
-1259
2392
2356
513
3109
3956
1208
2836
1278
1134
-106
-3698
3007
3816
2297
3269
-44
957
-1686
4891
199
-1383
-671
1090
2081
2104
-203
-3990
-416
-153
1437
700
4632
4605
1423
2393
6890
-226
6604
-2129
1045
6329
325
-895
3268
2541
-1122
231
7696
5462
-724
685
3547
1872
-1873
897
230
2489
119
2313
2700
2297
1915
2007
3786
2103
-187
-2390
4905
2399
-228
-823
3092
3566
554
2388
1844
3670
1834
4663
2109
-2509
4127
1766
2806
518
-433
-1013
3073
1558
348
1149
149
4581
556
863
1764
1626
2452
2254
-1998
1484
3001
-84
3947
3720
1969
-572
3916
2984
-161
808
-407
614
-1323
1154
-1211
2937
5029
1218
-2181
-616
2384
-1754
1806
2447
3244
5637
4701
694
-3723
2519
1252
1265
2939
4003
-252
-573
1468
4553
2618
536
775
6201
3226
1507
149
1221
-2181
700
1152
2887
1219
-2561
-640
2473
1740
-367
3819
2824
1364
1499
2040
1810
1139
284
3848
1384
52
3126
3713
3462
501
-650
2497
4225
1546
609
2243
-515
1733
-1089
376
1769
3037
-705
-410
1277
515
3104
4873
178
1213
-808
3518
1000
2880
3737
1918
5310
2041
2695
-319
4537
787
122
877
1169
-2982
1537
444
3594
435
4604
1754
5221
2182
-4236
-1773
4307
-284
2251
4262
1499
419
289
1038
4483
2130
2447
1144
-1767
-2769
3753
1669
202
-2085
-2829
-329
-54
1808
1073
2102
859
1353
2392
1811
1852
1874
2020
2724
2057
4377
-1177
891
-1564
862
4897
-87
236
2735
3767
3503
3414
1112
1175
-1933
-682
3641
2733
1765
461
189
799
391
-210
-2550
2521
3824
1487
179
-1227
481
-3925
-55
688
1952
-1805
4173
81
1569
726
1769
-607
1461
1751
-436
1514
2097
2973
918
3769
-1161
682
2015
1670
-1103
-2186
2276
541
1515
3477
3292
949
-54
2817
-1840
-1574
-3798
1879
-2262
-1939
475
746
-2733
3989
854
-1370
5894
3335
3928
3592
6633
3993
-569
-2369
3301
1090
2460
6348
4130
1173
3759
2856
1853
1577
2114
2052
5720
1205
2500
845
3998
1051
-2421
-1747
-263
2337
21
-2046
3684
4533
3853
-320
-486
22
-529
189
-1963
1730
1541
-207
-1138
-2397
720
-1088
-2924
-2491
4885
1753
777
-4276
-2956
-53
-381
-4824
-3605
-1792
-4301
-148
-157
-5713
-2015
-1233
-1389
-4132
-2381
-566
-807
62
-4736
519
2989
314
444
-3557
-2495
180
-1929
220
2209
-864
-3206
-4912
-1862
-564
1509
2091
-913
-5609
-146
-2905
-7903
-785
-1531
2836
110
-4593
-1221
738
-2301
-1124
747
-2685
-3132
1283
1449
-3278
-2383
-419
2488
310
-5644
108
-876
-1331
-3868
-1351
3038
-144
-2950
-1129
-559
92
-1875
-2401
1228
-2296
-2721
4672
-909
-4399
-4301
-712
2100
1183
-459
-2514
-3991
-1651
-6629
1353
-17
-4810
-3954
-4656
-1318
271
-3036
-1562
1324
-1727
344
4375
1256
-1418
-3523
716
-903
-3559
3355
-4155
-1466
-4290
-7743
-4143
-2587
1430
381
592
999
60
-783
2100
3411
-128
-1958
-2784
308
-1939
-4211
-2081
-1297
-4991
-1019
-1164
-2447
-3975
-3634
-2072
1321
2007
-787
-3822
1147
-1084
-3090
-3373
1353
4919
-5022
-509
2049
-3396
165
-1964
-1442
-5635
-1863
-259
-2075
-3873
-2158
1867
-2324
-2738
-1046
1399
-3016
-220
803
-2833
-4031
66
318
-1354
-5537
-1261
1694
-856
-5600
-2087
-2402
2428
-2628
-4813
-10149
-1596
-4186
1367
-2297
1230
-2092
-2266
-258
-209
35
-5381
-952
-3221
-179
-2168
-1125
1752
1119
-201
-520
-1127
-4637
-3950
-6255
732
-3104
-1488
-4963
-2155
-1158
-596
1139
-678
-2631
-1333
-895
203
-80
-2198
-1594
-3633
5224
-1919
1786
-2758
366
-1049
-6540
509
559
-1601
-2558
25
-4607
-3685
2060
1856
-763
-321
-1601
-987
139
-3092
-3358
-607
-870
2136
-2564
-3884
-607
-4207
-6158
1278
-1110
-2286
-945
-620
-4301
-2508
356
-805
-3232
-769
2296
-1033
582
-2508
1891
431
-3545
-1706
1497
-2301
351
-4883
-3187
2874
128
1222
2190
2469
16
-2560
1967
372
3290
-3094
-876
-2198
-488
-2522
-3959
-845
451
268
30
-590
-2182
-7388
-3097
1007
-104
-1770
-905
-1489
-1208
-1025
-3871
-4441
-1687
-2174
-1269
709
-792
-945
-3043
-2749
-5597
916
-390
20
-967
-3125
-7235
-444
-1313
2937
-660
-3439
-1676
-3437
332
29
545
-504
-1807
2913
-2030
822
-630
-53
-3800
-2572
780
-174
-1561
-5417
-7483
-227
-402
2240
194
-538
-2149
-2143
-367
267
-3879
-1276
-1718
1297
2024
1511
-117
1684
-3321
-2755
-3444
-2150
-1610
-5537
-2457
-35
-1201
-328
1519
500
-1319
-2259
4853
-2825
-5366
572
992
-1400
915
-1746
-3284
-3308
-2312
-2754
-2232
-775
-563
-1936
-2978
2760
-2433
-874
-303
-1622
1309
-4476
-2603
-1443
-1894
-571
-893
-2790
198
-2486
-659
-4505
-4689
-2706
-2842
2
-2028
-1893
-6639
-908
-29
-1015
-757
-930
2838
-2041
-2402
-5144
-1816
-124
-2228
-582
-953
111
-1991
-590
-2031
680
2178
-603
611
-1231
-6616
-2413
-2629
-1220
-1014
-1444
-3975
2798
-2496
-4905
-3493
1550
-2482
-745
-471
-257
-38
587
-2146
1033
-4580
1752
-4585
-1755
-9696
-3876
-1810
-954
-3369
-4379
-169
517
-2784
-2301
-50
2110
-1978
-1062
-123
-2821
-4855
-954
-1255
340
1944
2752
-2257
-3580
-3608
-386
463
1776
-2125
-2882
-3662
-5441
-3758
604
-713
-2179
-4161
-413
-1329
1414
-3517
-4373
-341
-125
-2425
-3770
-886
-5939
-6590
26
619
-498
504
-1634
-1481
846
-355
-2670
800
-4672
-3631
-3482
-2689
1876
-222
-3816
-3058
-3472
734
-2492
-5116
-814
-2137
-204
-1072
2269
1434
-2682
-938
-1291
2152
-2320
-6215
-1736
221
-3742
-4886
-1295
-159
2088
532
564
71
-4056
-4290
-4317
-7983
-2396
2077
2430
-3934
524
2113
-1619
-3219
-92
-1390
1328
22
2746
-4370
-1579
-3649
-2264
-4048
-2387
-1358
-4546
-1515
-3268
-5220
-948
-1400
968
-2605
3637
-686
2749
-1304
-660
-753
416
-62
-3286
-2295
659
2257
-1705
191
1906
-504
-2403
1012
-4670
-9879
1039
-3221
-4834
-2306
832
-3199
-1543
170
-249
-4263
-5460
-877
-5047
-2330
1736
369
-2586
-1219
2341
618
-3113
-1479
-1708
-4032
