0036
0004
0007
0006
ffd8
ffd7
0015
ffeb
ffdc
000b
ffea
ffe6
ffe4
ffd4
ffda
000a
fff3
ffe7
0002
ffff
fffb
ffdd
ffe0
ffe3
fff8
ffef
fff1
0136
0019
ff70
0080
0005
ff31
00b8
0018
fe22
010d
fff4
ff65
004d
ffc4
ff04
0095
0025
fe16
007d
0013
ffdc
ffb1
004d
ffc1
0019
008e
fecc
fe7a
fea6
fe39
00e4
015b
ffb5
0003
014e
0098
0046
ff57
fe91
022a
01cf
ff9d
001b
00ba
ff7e
0061
ffa5
ff3a
01c3
012f
ffdc
ff25
ffc5
ff10
ffe2
ffe4
ffe4
ffde
ffe2
ffe1
ffda
ffdd
ffde
ffe8
ffe7
ffe7
ffe5
ffe8
ffe7
ffe4
ffe5
ffe5
ffe7
ffe9
ffea
ffe4
ffe7
ffe9
ffe4
ffe7
ffe8
ffda
fff0
fff1
ffe0
ffde
ffe7
fff1
ffd0
ffdc
000e
0022
000f
0027
001e
0023
003b
001c
001f
0024
003e
002e
003a
0037
0036
0051
0034
003d
ff7a
ff5d
ffe0
00b3
0056
ff7b
0144
015e
ffb9
ff13
ff25
ffa5
0184
0094
ff02
02e1
02c6
0054
ff68
ffc8
000c
0090
ffec
ff4f
00f3
00ea
ff96
004f
0014
ffea
0016
ffce
ff88
000e
ffd2
ffa1
0004
fffc
ffb9
0014
ffee
ffb9
0025
000f
ffd5
0007
fff9
ffc1
fff9
ffd4
ffaa
000a
fff2
ffca
0024
0024
001e
0011
000b
0011
001e
001e
0023
0025
001e
0020
0013
0018
0020
0023
0022
0027
0001
fffe
fffc
0001
fff6
fffc
000f
0005
0006
ff11
ff1c
feec
fe7c
fe7c
fe15
fed7
fe7a
fe61
01b2
01bc
0163
0178
014f
00ca
0184
0127
00ae
ffc1
000e
ffc8
ffef
ffcf
ff78
0028
ffd9
ff8b
0021
0056
005a
004d
008b
0082
0055
0088
0096
0027
002f
0036
ffd1
ffe1
ffe7
ffd9
fffc
000b
ff5c
ff7e
ff77
ff0a
ff16
ff10
ff36
ff45
ff46
ffbe
ffea
0016
0012
0045
0056
0035
0082
008d
0023
0019
0013
0048
004b
003f
003c
0062
0067
fff9
ffd7
ffd6
002a
001d
0007
002f
0030
0025
ffc0
ff8b
ffca
fff2
ff8b
0041
0089
0024
ffe1
0025
ffb8
ffe3
ff77
ff16
ffa5
0007
ffc8
ff92
ffe4
ffef
ffed
ffac
ff92
0003
fff6
0025
ffbe
0009
007c
0055
007e
00d2
008d
0019
006b
002b
0021
0033
0006
000c
ffda
ffc0
ffab
ffa2
ff75
0050
002c
000e
003e
0013
ffcd
0005
fff4
ffb8
fe3f
fe3e
fee1
0219
ffc9
fef3
02be
00a6
0023
feca
fda6
fd90
0332
ffe9
fd29
0473
0198
ffb8
ff45
ff58
ff90
0149
0028
feb2
01b1
0079
ffec
ffbe
ff90
ff20
fef8
ff2f
fed5
ff8f
fffd
000c
00a5
ffd4
002c
ffb1
ff3b
ffea
001a
ffe1
00ca
00f2
fff2
004d
fff8
ff65
ffe2
0078
0017
00bc
ffe2
0075
ffed
ffb6
ff62
ff43
ffe5
fff6
ffd5
0026
0064
000a
ff67
fee0
fec2
ff6c
ff71
ff37
0017
009d
ffea
ffaf
ff96
ff57
ffdb
0014
ffab
001b
001d
0015
0018
0017
0014
0015
0019
0010
0019
0021
0017
001a
001a
001c
0016
0013
000d
000a
0016
0013
0012
0014
000d
0010
0012
000a
004d
0050
003b
0062
007d
00a6
0036
00a1
00a4
ffe6
000b
ffba
ffd7
00a3
0080
ffb2
00d1
00e7
ffec
fff1
ffb9
ffe9
005d
003b
ffb4
0042
009e
000c
0000
fff4
0006
fff6
ffe5
ffe1
ffd4
ffce
fffc
ffdf
ffd8
ffef
ffc8
ffcf
ffc6
ffb2
ffb2
0009
fff5
ffe7
fff8
ffe1
ffe4
ffe6
ffc8
ffca
fff4
ffe9
fff8
0008
fffc
fffa
ffe6
ffcc
ffdb
ffd3
ffd5
ffe8
ffd3
ffda
ffe9
ffc7
ffc9
ffc7
ffed
ffe7
fffa
ffef
fff3
ffee
ffc8
ffc5
ffcb
01ad
00e7
004b
ff4b
fd43
fdc2
00e6
00e7
00ca
029a
0171
00a8
fe59
fa6e
fb5e
023f
017e
01c3
0105
008b
ff49
ffe2
fe22
fe80
00cd
0125
00b5
00cc
00af
0058
00a8
008d
fff8
ffa2
ff3d
fee7
000a
0022
ffe2
0044
005e
ffe1
ffbf
ff51
ff0c
003e
0077
003f
0096
0093
0038
ffdf
ff68
ff54
ffd7
ffee
0000
ffcd
ffe8
fffc
ffbf
ffe0
fff0
ffe3
ffed
0002
ffd8
ffd5
ffe9
ffc1
ffcf
ffd9
ffeb
ffed
0000
ffd2
ffd4
ffea
ffc5
ffca
ffd9
0078
0099
0070
0032
ffce
ff8f
0041
ff73
fe9d
ffea
000e
0052
fff2
ff58
ff75
0011
fef0
feb9
ff64
ff82
000b
0014
ffb5
fff1
005e
ffa6
ff7a
ffe9
ffeb
ffee
fff3
fff0
fff1
fff5
fff2
fff3
ffef
fff3
fff4
fff8
fff5
fff6
fffb
fff6
fff8
fff1
fff4
fff5
fffc
fffb
fffa
ffff
fffb
fffc
0080
ffc0
ffb4
ffac
fefc
ff2b
ff9d
ffe5
001e
0050
ff7a
ff79
ff91
fe92
fecc
ff5b
ff95
ff9d
008a
ffdf
ffd8
0003
ff99
ffcc
ffc3
0051
0076
0006
0000
0004
ffe0
ffe5
ffe9
ffcf
ffe9
fff2
fff0
fff3
fff5
ffd2
ffdf
ffe1
ffc1
ffe2
ffee
fff8
0002
fffe
ffdb
ffe7
ffed
ffcd
ffe6
fff6
0016
fff2
ffef
fff7
ffe7
ffe0
ffc9
ffc5
ffbe
fffa
0000
0006
004f
0067
0060
0028
0047
0037
0005
fff5
ffeb
0047
0058
003e
002f
0039
001b
fff3
0026
0060
ffbd
0048
004a
fffd
000d
009a
0051
0086
006e
0050
00d9
0096
006c
0050
0090
001e
001e
0009
fff2
0010
ffcd
0011
ffb7
fff6
0056
0026
0009
0031
0028
0009
0006
fffc
fff5
0044
0012
0008
0016
0017
0016
000c
0011
0012
002e
000f
0005
0005
000e
000a
000a
0007
0014
fff4
ffef
fffb
ffda
ffce
ffe0
ffd6
ffd7
ffe3
fffa
0000
000c
0002
0002
0010
0005
0014
001f
0000
fffd
000c
fffc
fff8
0001
fffe
0000
0007
003b
001f
000e
0024
ffff
ffe4
0026
fff9
fff7
0049
001c
0006
0037
fff8
ffe7
0036
fff5
fff4
0071
0026
0017
0057
000c
ffef
004e
fffd
0004
043a
fcf7
fc4e
07d0
ff07
fb13
014e
00be
fe7b
07d5
fc2f
f827
0c29
fe55
f6b1
0684
013c
faf4
033d
fe4b
fc75
06c7
ffd0
fa43
017c
01f8
fdb0
ffc9
ffdc
0017
0038
0054
0081
fff7
ffec
0068
0021
ffe1
0013
ffa7
ff73
ffad
ffa4
ff7a
ffc3
ffce
ffd5
0003
ff89
ff62
ffac
ff96
ff64
ffe0
0004
000b
0005
0012
000f
000e
001f
0026
001d
0021
0024
002c
002b
0032
002e
0049
003e
003a
002e
002f
002c
0035
002e
002d
0039
0048
003b
002d
000f
ffe4
ffee
ff74
ff7d
ffd4
ff44
ff7a
004d
000a
ffa8
ffff
ff31
ff3e
ffbd
fef0
ff47
002d
0006
ffab
005f
fffa
ffbb
0010
ffb3
ffdb
ffe7
ffdd
ffda
fff3
ffea
ffed
0001
fff7
fff1
ffdb
ffd3
ffd5
ffe9
ffe5
ffe6
fff3
ffee
ffec
ffe0
ffd6
ffd5
ffe5
ffe5
ffe5
ffef
ffef
ffed
ffdf
ff9d
ffb1
ff80
ff2a
ffb4
0074
007d
00f5
fff0
ff5c
ff83
ffb3
feff
ff5f
0002
ffbe
000c
0017
ffb5
ffcc
001b
ff87
ffa9
ffb3
ff77
ffc0
0076
003e
ffdc
ffd8
ff5d
ffc1
ff50
ff4d
001d
00b5
00a3
005a
ff35
fea2
ff9d
fe98
fea3
fff0
0047
0052
ffbe
ffd5
ffb9
fff4
ff24
ff95
003b
ffee
00fd
0095
010b
029a
020a
ffff
01bd
015f
ffb5
ff88
ff55
ff40
fee5
fee3
ff86
ff47
ff55
004c
ffa1
ffe7
ffc2
fe9b
ff0c
002a
ff58
ffd8
fffc
0024
fffe
ff5c
ff62
ff69
ff9a
ff89
ffae
0049
0038
0062
ff45
ff00
ff2b
ff8f
ff44
ffa4
00f6
00e5
00de
ffc6
ff79
ff94
000f
ffb8
ffc9
005a
0003
ffd6
00b5
0053
0012
0011
0035
006f
00b9
0050
ff82
01c6
0105
ffea
0081
0014
ffa0
0098
0029
ff69
015e
0097
ff9f
0006
ffbb
ff1c
ffc9
0077
0035
fe85
fd60
fd91
010b
02a9
01df
ff03
ff72
ff4a
fecf
fd17
fd3c
00a6
0216
013f
fff7
00bc
005a
ff90
febe
feaf
0010
0206
00e1
ff2a
0046
00e3
00be
008e
003c
ffed
fe45
fe6d
ff9b
0023
0078
012e
00a7
0067
ff98
fdf7
fe47
ff7d
ffed
005d
011d
00db
0055
001e
feb0
fecf
00bf
ff25
ffc0
ffc2
fe13
fead
ffbf
fe74
ff18
0093
021b
01b0
01b7
0331
02e8
01d0
037d
0340
fea0
ff24
ff03
fe2f
feee
feb3
fdf6
fecf
feb9
0018
0055
003e
ffc9
ffcc
ff8a
001d
ff98
ff34
ff8e
ffc0
ff98
ff53
ff4f
ff09
ffc6
ff27
feb2
ffe4
0017
0033
ffee
fff0
ffd2
0045
ffb0
ff86
0031
0056
ff61
ff56
01b3
005f
fd40
0165
002a
003f
00af
fedb
ff10
0367
01b1
fc22
02ee
0136
008d
0068
ffc4
0005
00ab
ffd2
fe93
00c6
ffb1
ffa9
ffa7
00d5
ff48
fe7b
0034
0050
ff86
0035
ff22
fe80
0092
ff27
fdce
004c
0025
fefa
006a
ffde
ff94
006e
ffc9
ff4c
0067
0029
ffd1
0061
ffa9
0080
0042
0011
00bc
0053
005d
00d8
005f
ffac
fff6
ffef
ff64
ffaf
ff7d
ff7c
ff80
ff3c
ffa7
006c
008a
ffe9
008c
0086
003f
00aa
009a
fef8
00c4
ff19
ffa5
0181
0025
ff8d
00c2
ff6d
fe89
014c
fefe
ff3b
02e2
0015
ff46
0176
ff45
ff48
00df
ff31
0019
0121
ffce
ff94
0065
ff7a
007e
0086
00a0
008c
0097
00ab
00bb
00c6
00d7
fff3
ffdb
ffdf
ffbd
ffa6
ffaf
ffcf
ffae
ffb9
ff99
ff95
ffb1
ff74
ff6c
ff85
ff92
ff7c
ff92
0029
002b
0076
0021
ffeb
003f
004c
006c
00e2
0013
fff8
0029
ff00
fe86
ff1d
ff28
ff05
ff94
00a8
008b
0109
ff42
ff06
ffa5
ff91
ff72
0015
000f
003a
0064
001a
002a
002e
002d
0012
0029
fff5
0032
004b
0019
0026
0027
0040
0012
0021
ffce
fff9
002a
ffea
ffe1
ffff
0026
ffeb
000e
002e
0031
002c
0018
0022
0020
0012
0015
0018
001f
0019
001a
0001
000e
000f
0002
0007
000a
0008
0007
0000
fff4
ffff
fffe
fff4
fff7
fff5
0192
0105
00a9
ffda
feb8
ff42
00f0
ff01
ff40
02d5
0191
00c0
0045
fdc7
fe1d
010f
fe2b
fe3f
00ac
00cb
0033
ffb5
ff17
ff87
00c0
ffca
ffec
001c
ff9f
0039
fffd
ff7e
fffd
000e
ff88
0003
0007
ff94
0058
ffc4
ff43
0019
ff98
ff38
0012
000d
ffb6
0015
ffed
ffcd
0018
ffd6
ffa0
000d
ffdc
ffe2
ffe0
ffe4
ffe7
ffe2
fff0
ffeb
ffe9
ffde
ffe7
ffe6
ffe8
ffed
ffeb
fff1
fff1
ffef
ffec
fff2
fff1
fff3
fff8
fff8
fff9
fff9
fff9
0001
004d
002b
008b
00fb
00df
00bf
0130
0116
ffb1
ffca
ffdd
ff95
ffda
0005
ff97
ffdc
0002
ffb5
ffeb
0005
ff9e
ffe4
0021
ffbc
000f
0049
fffb
007a
ff7c
0058
0134
0021
ffeb
0039
ffa5
0004
00d7
fff1
006f
01e9
00c6
ff5c
0016
fffe
ffe6
0051
ff90
0037
00f5
002c
ffc5
fff5
ffd3
fff4
fff1
ffec
fff7
fff0
ffec
fff4
ffec
ffe9
fff5
fff5
fff0
fff9
fff5
fff0
fff4
fff2
ffed
fff9
fffc
fffa
fffd
fffd
fffa
fff8
fff9
fff5
006b
0046
0054
001e
0033
0076
0048
000a
0027
0020
0067
0067
0006
0071
009e
0013
000e
0037
000a
0026
0027
fff3
0015
0050
001b
ffe0
0000
002b
001b
ff83
0041
0017
ffed
007a
00b3
008b
ffd7
006f
0001
0017
0102
00e8
ff8e
00bd
0105
ffae
003a
ffbf
ffbc
006c
0075
ff50
0059
00b0
0022
0029
0018
00d8
0101
00e6
0094
00a1
0092
009c
0049
0041
0062
0008
fffe
0069
000d
0009
ff69
ff41
ff87
fedd
feb5
fef2
fefb
fedb
ff04
0010
0174
ff3e
01d9
00eb
fec4
005b
ff3f
fd79
00a7
031d
fee5
03c4
024b
fe64
002a
fe59
fb43
ffbd
017f
ff38
00cb
00f0
ff50
ffba
0004
fe9f
0053
fd48
fa47
ff47
fe46
fc5b
ff3b
fd5b
fbaf
012b
ff6c
ff3f
0495
fe75
fa2d
05b9
ffd4
fbc5
fddb
01b2
fddd
fd10
000b
021a
01b7
0257
00a1
ffde
0012
ffc0
fe7a
ff4c
ff41
fd7e
ff14
ffe7
05f0
076a
02fa
084c
08a3
040e
fedd
04e6
0023
00ad
01f2
00cd
0056
f8ca
00d2
0052
0184
0077
fed9
005d
ff5f
fcef
fdc6
ff3b
fe21
ff96
0098
ff3c
ff29
ffd0
fe02
fdd7
feca
ffac
fe6f
ff1e
018a
ffe4
00c3
02d3
0165
0174
0055
ff83
ff15
fe08
ff4f
fe52
fe77
000a
fe07
fde8
0073
ff9f
007d
00fc
00ec
00e2
01bd
01e9
ffd8
00ff
00f5
1819
052c
f83d
051b
fa0d
eecb
fe24
fded
ffec
fe7b
fe95
fe1c
ff07
fef1
fe65
004b
ff8f
ffae
ffed
fead
0081
00c1
00fe
fda0
ff6c
02d1
fffe
0570
ff05
fefc
01fd
fd5a
fd0d
03be
fe23
fcec
fe6a
0210
f9d2
f5a2
182d
041c
fcf2
0156
fb60
ffe9
ff4b
0026
fecf
fe62
ff83
ffe9
feba
ff00
f377
019b
f4d8
06c9
3315
02ad
f7b0
028c
fa43
fe1a
feb9
011d
fdb8
fe1e
ff3e
ff68
fe90
02e3
0330
0147
0432
fe22
fc6a
0136
fc0a
f8bd
fccb
003b
0399
ffc6
ff84
f5fd
ff47
ff87
0648
ff5d
01b8
eea1
04eb
ffe8
02f6
01ad
ffcc
042e
fe41
0036
00f4
fe00
022d
030c
01d9
0252
0160
ffe7
1366
05a3
f917
002e
f971
fd59
fcd5
007d
016d
0043
01c2
018c
02c8
01b4
0656
0276
02e9
033c
fef9
f9c3
ff17
00b0
fedf
00e5
057a
02fd
feeb
ff39
0010
ff9c
fec2
ff1b
fede
fed9
ff64
fff5
fcf1
fdd5
fd1e
fdd0
ffab
fe87
fd7f
fe87
fef6
f7af
021b
fa33
02d8
14d6
01db
faff
04f4
f78b
09fa
04f2
fbab
03fb
041e
0086
fa98
ff11
fbaa
fa46
fa9c
fc56
fab4
fb4e
fc35
f967
f9df
fbe4
ff9c
ff93
fe5b
fe92
ff02
fe39
ffbc
ff7d
ff83
000b
0025
000b
0050
0110
0076
0019
00aa
0065
0093
fdab
fe97
ffe2
fdb6
fe9b
0140
ff1c
007e
ffde
ffba
ffed
fefe
fef7
ff5f
feb3
ff53
ffde
06dd
09e3
0641
0324
fcfd
fc6d
fea1
f2a9
fa74
00c4
0724
0bbd
00fc
0360
08b8
ff39
fcfc
fbe0
028c
0296
0435
0012
d738
078d
05bf
0956
15c4
fd16
f8f0
fe11
fe31
007d
01c8
fed8
0952
0353
feac
02b1
fd4b
023b
071d
ff94
fdfb
0170
fe0b
0348
0475
050d
007f
004c
00aa
0255
ffc2
fe8f
fccf
12d2
059d
000b
0a54
fdb9
ffd9
f93f
f8db
0265
f932
fd43
fdc9
098e
0139
0093
00e1
ff06
027e
f9cc
f9fe
0097
01de
008d
0448
007b
0213
0056
0098
ff8c
01f5
01a7
0129
005c
0065
ffdf
fe20
f858
f6a5
fbc3
397f
fe64
f9eb
0609
fadc
0173
05b7
f905
fb97
05df
ff72
ffeb
fc47
0251
027b
000d
fd83
0b34
ff13
f557
01b4
ff84
ff8c
007c
006a
fe80
0037
ff30
fd2b
008a
ff35
fdba
00bd
fd85
028b
f883
10af
f876
00f2
0242
fa7c
ff1e
0071
fe80
ff86
0033
fee0
ff33
0004
fe1b
ffd2
ff70
ff54
fed4
fe7c
ff1e
ff14
febd
ff3d
f97e
f9bb
014c
fd19
ff8a
04b4
0034
02b8
066b
fea1
fec7
ff4d
fdb2
ff05
ffbe
fe30
0002
ff86
fffd
014a
ff58
0168
ff74
fa3e
fe4d
0361
0289
fbe5
07f7
09c5
e661
00fe
05ca
03d7
02e4
fe86
fa54
f9df
ffc8
fd6f
fc45
ffe7
01f6
00d7
03c8
0221
ff0c
005d
033e
fec0
024b
0352
fe68
0108
ff3b
066a
0241
0001
04b3
01b5
f7f6
fc8b
fdf1
0190
0003
0141
0361
032b
00f4
0237
0186
ff9d
004a
02a3
0484
fc91
ff81
01fe
fb08
feb6
007f
fb99
f952
0165
01d2
fdbb
fe2a
09e1
0d04
fd7a
ff1d
fef4
ffcc
fefc
febb
ff63
ffc5
ffc8
ffe1
01d2
ffb3
ff3f
0007
f9ff
035c
0040
0147
002d
ffa9
0021
004e
ffdf
ffe2
fffa
ffaf
fffa
ffd0
ffc1
ffa1
fff6
001f
0026
0011
000b
000d
ffc8
fff2
ffdc
ffb0
ffe0
fff3
002e
fff5
ffe9
ffdb
fffb
ffa4
ffe4
ffa5
0027
003a
ffd2
0054
0037
fff9
0001
0060
ff6e
ffea
ffe7
0012
ffed
fff9
fff5
003e
0034
0023
ffc4
ffc6
000e
ffbd
0020
ffdd
0075
ffdf
ffd4
0022
0009
fff1
0017
000e
002e
0000
0000
0000
0000
0000
0000
0000
0000
ffd8
000c
ffc7
0009
ff93
fff3
0059
001f
ff1b
ff98
003d
0010
ff98
ffe9
ffbd
004a
fff4
fffe
0022
fffb
fffd
ffe6
006a
fff1
ffe7
0020
0028
ffae
0010
ffee
0098
ffb7
fff7
0037
ffcc
0014
fffa
ffcc
0044
0162
0006
ffdd
ffc8
fffa
fcfc
0026
0004
002a
ff1c
0005
fe86
fffa
ffef
ffe8
000a
ffe6
000d
00ce
fffb
ffef
ffca
000f
006b
fff6
0000
0000
0000
0000
0000
0000
0000
0000
0026
ffbf
0010
ffe8
000e
fff5
ffef
0038
0015
ffbe
000b
0041
fff9
fffe
fffc
ffff
000d
0009
ffd3
ffe8
0020
0004
001e
000a
fff0
ffe4
ffe9
ffd0
0025
001c
ff76
0019
fff5
000e
0025
0012
000a
0009
0034
00a2
0002
0010
0033
001f
fe9b
ffa2
fff8
0005
fffe
ffe3
0015
ffc8
fffc
002e
fff9
0061
000a
0004
0017
0013
002a
fff6
00be
002d
0000
0000
0000
0000
0000
0000
0000
0000
fff7
ffbf
0021
0037
0001
002c
0033
fff0
ffd5
fffa
0012
ffc3
fff6
0018
0004
004b
fff5
fff8
0010
0040
ff17
0006
ffdc
0010
0003
ffac
0011
fff0
ffe9
fff5
0027
ffeb
ff18
0012
fffb
00c9
0015
ffcf
febc
0057
001a
ffb4
ffe6
ffba
0002
003f
ffa7
ff2b
ffd5
ffa3
0025
0014
0004
ffee
ffeb
ff84
ffee
0001
ffbe
fffb
ffbf
0016
0000
0019
0000
0000
0000
0000
0000
0000
0000
0000
007c
ffde
0007
0000
0017
0006
0053
0034
00a4
0021
00b2
ffcd
ffb7
0030
fff0
002a
fff3
002b
fff0
001b
ffe7
ffcb
0043
0059
001b
0049
0004
004e
0072
0090
0073
fffb
ffdc
ffe2
ffc6
ffaa
0021
fff7
0048
0030
0072
004d
0017
005b
0094
0038
ffe0
fffc
ffde
ffb4
000a
ffdd
ffb0
ffe9
fff8
ffce
0082
0087
001c
0008
0009
002a
ff95
ffee
0000
0000
0000
0000
0000
0000
0000
0000
ffeb
ffff
fffd
ffe6
ffd5
0042
ffe9
001e
0026
000c
ffd0
001e
000a
0041
fff5
0011
0016
ffbe
ffdd
ffd8
fff4
ffe9
0027
0028
0009
001e
ffea
0006
ffbd
ffed
ffde
001b
ffd4
ffe3
000d
ffeb
fffd
0013
004a
0008
002c
ffec
0022
ffe3
ffc1
004e
000f
fff4
0026
ffef
001f
ffe9
fff8
000e
0014
ffc4
fff8
ffd7
001b
0029
0074
fff4
000e
ffec
0000
0000
0000
0000
0000
0000
0000
0000
0005
006c
0014
ffef
fff3
fff1
ffbc
004d
004e
ff76
ffd7
0034
0005
004f
ffc6
0008
000b
0016
ffc2
ffef
fffb
003a
ffef
0053
000b
ffc4
ffe5
ffc5
ff9b
ffd8
ffda
0034
ffb4
ffee
0040
0066
0008
ffa4
ffb1
ff6a
0035
003e
ffe2
ffb2
ff92
ffe2
ffd4
ffaf
0018
001b
ffbb
0028
ffc3
0054
ffdd
001c
ffcb
ffbd
0040
000d
ffc2
ff5f
0065
0058
0000
0000
0000
0000
0000
0000
0000
0000
fff8
ffeb
ffdd
0001
fff7
fff0
fff7
0008
fffe
000e
fffe
fff4
0009
fffc
0001
002d
0005
fff2
fff3
fffd
fff6
fff5
0001
ffc6
fffb
0003
fff9
0005
0008
000d
fff9
fffb
0025
000d
0008
fffb
0005
0011
005a
0003
fffb
0034
0015
fffd
0015
001a
fff4
fffc
0013
ffdd
0013
fffc
ffe7
fffd
0007
0024
0005
001a
ffec
000b
ffca
0000
fff7
ffc8
0000
0000
0000
0000
0000
0000
0000
0000
000f
0015
0091
fff2
000a
ff92
0003
0011
ffec
000b
fffb
ff8e
fff3
ffff
0023
0057
fffd
ffe5
ffe0
0004
fff7
0012
ffef
ff9e
fffc
ff95
fff8
ffe9
0010
0046
0017
001c
fff4
fff2
0011
0024
fff6
0015
004a
0016
0002
004a
fff7
0037
000c
002e
ffa2
ff9d
0006
ffff
0009
ffef
ffec
000b
0044
0025
0016
ffd4
ff99
fff6
0015
0026
fffe
ff99
0000
0000
0000
0000
0000
0000
0000
0000
fffe
ffa7
fff9
000e
fff0
fffa
fffa
ffe8
0026
fff6
000f
002c
fffb
0009
fff4
ffee
0000
004c
001e
fff9
0000
0006
ffe6
003b
0006
ffde
fff9
0007
0050
ffdd
ffeb
ffc8
0015
0019
000d
0001
0001
001c
ffd2
0012
001f
ffea
ffef
ffd2
0013
ffbc
002d
006a
0029
006d
0007
000f
0043
0013
ffbf
ffab
fff9
0018
0016
fffb
0027
001d
0015
0058
0000
0000
0000
0000
0000
0000
0000
0000
0037
002c
ffbe
0007
0016
ff8a
0010
fffa
fff3
ffec
0015
0020
0010
ffef
ffe0
0024
0003
0031
0000
ffff
ffa9
ffec
0001
0017
fffd
fff5
000a
0014
0000
ffe6
fff0
0005
0061
0005
0002
0036
0009
ffd2
ffb2
ffdc
0002
ffdd
ffea
ffbe
0010
fffb
000c
0013
fff6
ffcf
ffe9
000f
ffdf
fffe
0024
0020
ffeb
0028
ff9e
0004
ffcd
001a
0000
0031
0000
0000
0000
0000
0000
0000
0000
0000
ffee
fff2
00d8
0017
0014
ff71
003d
ffde
fff6
000a
ffe1
ffa2
0017
0100
0001
0023
ffe7
ffe5
0018
004e
fe3c
ffcc
ffd6
0051
001b
ff7c
0001
0009
ffc6
fff5
002b
ffda
0008
0017
000a
006f
fffb
ffc6
ff51
0032
ffd6
ffe1
0061
ffa7
0020
0028
ff23
ffb3
ffd2
0096
0027
001e
003c
ffe5
ff6c
004e
ffe9
fff6
ffbe
fff5
ff72
004e
fff2
0021
0000
0000
0000
0000
0000
0000
0000
0000
000b
0010
ff2b
ffe2
001d
005a
ffef
000a
ffc8
ffea
0019
005d
ffea
feab
fffe
ffe8
0009
0055
fff4
ffbf
0237
0037
001a
ffd1
0003
0065
fff1
ffee
0077
000b
ffdf
ffde
ffa1
001e
0005
fec3
ffdf
0044
012d
003f
000a
0007
ff70
003b
fff6
0043
009e
000c
ffe9
ffdf
0008
ffd1
ff7a
ffe7
00ab
ffc2
fffb
ffca
0011
ffef
0089
ff40
0020
ffa3
0000
0000
0000
0000
0000
0000
0000
0000
ffe7
ffd2
fff8
0000
0009
ffdd
ffda
ffe2
0027
ffd8
ffee
ffe7
0005
fff4
002f
ffc0
fffd
fffd
fffe
ffff
0006
0017
ffd4
ffe9
fffd
0014
ffe3
ffd8
ffe7
ffbd
ffe0
fff9
ff29
002a
003e
ffc8
ffdf
ffea
ffdc
000a
0003
ffe4
0002
ffff
ff7a
ffa7
fff1
ffc8
fff0
ffda
fffa
000f
0045
fff7
0002
0007
ffda
fff9
ffc1
0006
0000
ffeb
0060
0014
0000
0000
0000
0000
0000
0000
0000
0000
0033
00fe
0130
002c
0025
01d8
0031
ffeb
ffec
001d
0018
001e
fff8
00a6
ffc2
ffa0
0018
ffc3
001c
0020
0117
00d0
fff8
ffce
0011
ff7d
fff5
0007
0057
ff80
ffdb
000d
fffd
003b
fff4
ff3e
0020
0021
007f
0027
000a
0055
ffce
009e
fffd
002d
0360
0102
000e
fead
0001
0006
ffb2
0012
018f
ff92
ffd0
000e
ffd0
0010
ff41
ff94
ffea
00a1
0000
0000
0000
0000
0000
0000
0000
0000
000b
fffc
0012
0014
003d
0002
fffd
000e
ffe3
ffbd
0037
ff40
ffcd
004b
0000
0038
0005
ffec
fff9
000f
0060
ffe7
0016
ffd4
001c
ffa6
000a
ffdb
0014
0022
0015
ffef
ff65
ffdb
fff9
004d
0024
ffe1
006c
0017
0018
0050
ffff
fff0
ffc7
003e
002d
ff43
0019
ffca
ffba
0005
ffea
ffe5
ffeb
003f
fffe
0005
ffad
0015
ff37
ffeb
fffc
ffa2
0000
0000
0000
0000
0000
0000
0000
0000
ffe7
00e0
fe45
0022
0034
ffa0
001f
0003
fff9
001b
0002
00c8
0002
0240
005d
00ec
ffed
ffcf
ffee
fff3
ffa8
008b
ffee
006b
fff7
ffec
001f
ffd4
fffd
ffd0
00a4
fff5
ff9f
ffff
fffa
ff3a
ff65
ff61
0020
ff8f
0004
ffbc
0049
000a
000e
0092
fe00
0008
002c
fe80
ffef
0000
0025
ffd8
ffd5
00e2
0001
0027
ffdc
ffdf
ff87
0065
ffd8
00d4
0000
0000
0000
0000
0000
0000
0000
0000
0015
ffc7
0004
001b
fff8
ffed
001f
0014
ffc4
ffc6
0027
0002
ffd5
fff5
0009
fff5
ffea
001d
0008
0011
ffe2
ffdb
000e
fffc
fffe
003b
001f
ffef
0014
0031
0044
ffe2
fffb
0016
ffe9
ff60
fffc
ffef
ffcb
000b
001c
0000
fffc
0011
ffe7
000c
0003
000e
ffe3
0029
ffa6
0011
ffd0
ffdd
0024
0033
0033
0030
fff2
fff4
0017
ffee
ffdc
0051
0000
0000
0000
0000
0000
0000
0000
0000
fff2
ffa5
004a
0000
0023
005c
fff8
ffd2
ffef
ffdf
0008
ffad
fff7
febc
0012
ffc7
ffe6
0072
000c
0008
0052
fffd
ffde
0015
ffff
002c
fff3
fff1
0068
0029
fffd
0005
ff54
0011
0003
0065
002c
fffd
0005
000b
0002
ffe8
fff2
002a
fff7
ff9a
009e
003a
fff7
ffe0
ffef
001c
ffcd
0009
ffca
001c
000f
ffea
ffd1
ffe9
ff94
ffca
fff9
0004
0000
0000
0000
0000
0000
0000
0000
0000
0017
009a
ffce
ffd0
ffee
fe1b
ffd1
0032
0013
000a
ffeb
ff55
0033
0030
ffe9
ff9b
000c
0076
ffe3
ffdb
01fa
fe57
fffb
006d
fffc
fffd
fff2
0018
0027
ffe1
ffe5
0050
000b
ffee
003f
ffba
000e
0015
ffd9
fff1
0052
ffa1
ffee
feb9
ffec
ffc0
004d
0050
0010
0019
0005
000e
ff74
ffef
0035
001b
ffef
ffac
ffcb
0010
005b
0000
ffeb
0151
0000
0000
0000
0000
0000
0000
0000
0000
0018
fffc
000c
0027
fff1
ffd3
0022
ffe3
ffec
fffa
000d
ffd9
fff0
0008
0005
fffb
ffec
fff8
0019
002e
fff7
fff4
ffec
fffe
0000
fff5
0021
fff4
000b
000f
001b
ffda
0002
002b
ffe1
0009
ffff
fff7
fff7
000e
ffff
ffe9
fff3
ffe3
0014
fff9
0013
ffd4
ffec
fffb
ffee
0021
0002
ffea
ffdf
0028
000c
000b
fff4
fffa
ffb5
ffde
0014
001b
0000
0000
0000
0000
0000
0000
0000
0000
002e
000e
0013
0025
0033
fffe
0032
fff8
0000
0004
0048
0019
ffc6
000e
0012
0005
ffe7
0020
0011
001c
fff0
ffd3
fff1
0003
0001
0018
001e
fff5
0016
0050
0042
ffd3
002d
0033
ffd6
0004
ffea
fffc
0022
000a
0006
003d
fff9
000a
fffa
fff5
ffef
001f
ffc1
fffe
0000
0026
ffc3
ffd1
fff7
0028
0037
0033
0032
ffed
000f
0018
0010
000f
0000
0000
0000
0000
0000
0000
0000
0000
ff9c
fecc
ffee
0008
ffde
ffa0
0013
fffa
ffe7
0007
ffe0
00aa
fff2
0027
003f
ffc7
0009
000c
0004
002d
ffcb
0069
000c
ffe1
ffdf
ffe3
0018
0005
003e
ffae
0009
fff4
fe7a
0001
ffc9
007e
ffde
ff96
ff27
0019
002a
ffa9
0030
000c
0014
002e
ffe2
ff5f
fff4
ffa6
0005
000e
0048
ffff
0011
001c
ffd5
0011
ff82
0004
ff52
007e
fffd
ffe9
0000
0000
0000
0000
0000
0000
0000
0000
0039
fffe
fff8
000c
001f
ffe7
0020
fffc
fffe
004b
003f
fffa
ffdf
ffd7
fffb
0003
fff6
0021
0005
000c
0004
ffff
001a
0014
fff9
000b
0011
001b
0019
004b
001e
ffec
ffad
ffe7
ffd7
ffd5
000b
0013
0040
007c
0009
002d
ffc5
0027
000e
fff2
0004
ffe6
ffe7
ffd3
0036
ffef
ffe1
ffe9
fffb
0027
001c
001a
0036
fff5
ffc8
fff7
fff4
000a
0000
0000
0000
0000
0000
0000
0000
0000
000f
ffe8
ffea
0007
000f
0015
0018
0005
003d
fffc
000e
003e
ffff
0035
ffd8
001b
0004
0004
0010
000d
fff2
0010
fffd
001c
000c
fffe
0013
ffed
0017
0004
0002
fff7
0088
000e
ffef
0037
0016
0018
0000
ffd6
fff9
000e
0023
ffeb
ffe5
0042
ffea
0005
ffef
001a
0069
0004
ff9c
0002
0014
fff0
0007
fffc
0012
0007
ffe5
0014
0026
0018
0000
0000
0000
0000
0000
0000
0000
0000
fffd
fe7c
fff4
000d
0011
ff9f
0017
0028
fff8
ffe1
000f
ff13
fff2
fffd
ffb3
0063
0004
fff0
ffc9
000f
0054
0032
fff5
ff83
0014
ff4c
0000
fff1
0038
002a
ffe7
ffdd
fff3
000b
ffff
ff35
0007
fffa
00bd
006c
0015
fff7
002c
ffb2
ffe7
0032
fffa
fe50
003d
006f
fff2
0006
ff59
fffe
ff21
00b6
0050
ffc3
ff68
000c
fefd
fffc
003f
fef2
0000
0000
0000
0000
0000
0000
0000
0000
ffe5
ffd6
0008
0000
0014
fff3
ffeb
ffee
000b
ffc6
ffe2
ff90
fffc
ffff
fff9
0021
0011
ffd0
000c
ffec
ffeb
ffda
ffd9
ff86
0008
001a
ffe1
ffd0
ffec
0040
0012
ffea
ffb9
000d
002e
ff24
0009
fff7
0003
000a
ffd8
0014
001b
ffe6
000f
001e
0005
ff60
0001
ffc2
0017
000f
ff36
fff7
000a
0007
0021
0004
0011
fffd
ff89
ffd9
000c
ff4a
0000
0000
0000
0000
0000
0000
0000
0000
fff7
0006
00c4
0004
fffb
003b
fffa
0030
000d
0015
ffe8
0076
000a
ff8f
0010
0063
0017
ff9a
ffdf
ffed
003c
ffea
fff4
0001
0001
ff9f
000a
0008
ff3a
ffe4
0034
000c
ff41
ffc1
0019
ffa5
ffb2
ff7f
0042
ffe2
0038
0064
ffc1
0021
0038
0039
ff84
0009
002a
fd41
ffec
ffe4
ffab
ffe1
fff7
002d
003a
0012
fffa
0033
ffe0
0037
002b
0065
0000
0000
0000
0000
0000
0000
0000
0000
0018
feff
000c
0026
0010
0013
000f
fffb
0000
fff1
003a
ffa9
fff2
ffba
fffc
0069
0005
0002
fff6
fff6
0070
0033
ffe6
ffb4
0013
0036
fff4
0013
0063
001d
0015
fffc
fe44
000a
fff2
ff02
fff2
fffa
0098
0021
0030
ffdc
002b
fff3
fffb
0023
003d
ffc7
0005
ffcf
001d
fff6
ffe1
ffd7
ff4c
ff9f
0034
ffde
fffa
0004
fff5
ff85
0005
0018
0000
0000
0000
0000
0000
0000
0000
0000
0007
003c
0059
fffc
002c
0003
0000
0025
0035
ffeb
0023
ffde
000b
00e6
ffe1
0032
0021
0006
0009
ffd5
ff50
0002
0062
0009
0035
0069
fffe
0019
ffe7
0008
ffb8
001a
00b2
ffbe
fff1
fffa
ffea
0013
ff5d
0017
0058
0006
004e
0010
0027
0085
ff92
0032
fff0
ff92
001a
fffa
0015
001a
ff6e
0079
ffe2
fff9
ffc0
000f
ffd4
0031
ffed
0007
0000
0000
0000
0000
0000
0000
0000
0000
ffe3
ff8c
0000
0015
fffd
fff8
000c
ffda
000c
ffe6
0001
0016
0008
0012
ffff
ffb3
fff4
fff5
002a
0016
ffee
0018
ffe2
001a
ffff
fffc
000f
0014
ffe7
fffb
000a
ffd6
ffbc
0018
ffe3
ffbc
fff3
0013
ffd1
0031
fff5
0016
ffe5
fff4
001d
ffc0
0046
0017
0006
0067
0010
0021
ffc3
ffec
ffe8
ffb9
0010
fff8
fff3
fff4
ff83
ffdb
0010
0010
0000
0000
0000
0000
0000
0000
0000
0000
ffab
0013
ffff
000e
ffdc
ffe3
fffb
ffd0
000c
0019
ffd2
fff0
ffe3
000e
0054
ffcd
fff8
0001
0018
fffc
0015
ffea
ffd8
000b
fff8
000f
000a
0032
ffe1
0016
0044
ffea
ffba
ffee
000a
0010
ffec
ffe6
0021
0094
0029
0011
0006
fffb
ff86
ffe5
0006
ffbe
ffd2
ffe6
fffe
fff9
0013
ffee
0014
ffd2
0010
0063
ffe1
fff9
000a
ff94
ffdb
0007
0000
0000
0000
0000
0000
0000
0000
0000
0006
007e
002e
ffc6
ffe0
00b0
0003
0055
0043
ffd6
ffe6
ffcd
ffe1
001d
ffe1
ffea
0008
ffed
ffcb
ffca
0026
fff5
0056
ffcf
0001
009c
ffff
0044
ffdd
ffe1
ffb7
0019
ffea
ffe8
fffb
ff17
ffd1
ffe1
00aa
0022
0021
ffdc
ffd9
0077
ffc7
0019
000a
ff95
0016
ffa7
fffa
ffe4
0050
0015
0067
ff8b
ffe9
ffdc
fff3
0007
000c
001c
000b
fff9
0000
0000
0000
0000
0000
0000
0000
0000
ffc9
0027
ffe8
fffb
ffad
0037
fff4
ffe3
0006
fff2
ffa7
ff80
000b
ffe8
0019
fffb
000f
ffa6
0014
ffe9
ffba
ffd1
0001
ffee
fffb
0033
fffa
000b
ffcd
ffea
fffc
0000
ffa1
fffc
0017
001e
fffc
ffe8
001d
fff4
ffee
fff4
0013
0004
ffea
0014
fffb
ffbe
fffe
fff4
ffef
ffee
ffd4
fffc
000c
ffe2
ffe2
ffc2
001e
0009
004f
ffdc
000a
ffd4
0000
0000
0000
0000
0000
0000
0000
0000
0001
fffb
002f
0051
0013
fff5
003d
ff98
0018
ffd0
fffa
0011
fff1
ffd3
fff4
0009
ffdb
001c
0044
0037
0003
ffe6
ffa3
ffe9
000d
000d
0035
ffa9
0019
0033
0024
ff8e
ffeb
00a7
fff4
0001
ffe5
0019
0014
fe86
fff1
002e
ffe0
0027
001c
ffe0
ffd2
001a
ffc1
fffa
0041
0082
ffe5
ffd5
0005
0028
0033
0017
000b
0002
ffbf
ffcc
0085
ffd3
0000
0000
0000
0000
0000
0000
0000
0000
001c
ffc9
ffc7
ffcc
0022
ffd9
ffee
0018
fffe
001f
0023
ffd0
ffff
0019
ffb8
0060
0013
0022
ffd6
ffe3
00a8
0033
0043
0007
0000
004f
ffde
0072
ffbb
fff4
ffca
ffff
0004
ffe0
000b
0071
ffe1
001d
009b
0004
0095
001a
0056
0036
0024
000a
0027
ffff
0014
003b
fff5
ffbe
ff21
0010
0010
000e
0006
0014
001e
0017
00ac
004b
0015
ffe4
0000
0000
0000
0000
0000
0000
0000
0000
0029
023a
ff48
0024
000e
002b
002d
fffb
fffa
ffff
ffbc
ffa9
ffee
0108
ffa1
0036
0008
ffe6
0025
0013
ff8d
0017
0016
ffe3
0003
ff9a
0006
ffec
ff85
002b
006b
0025
0040
ffdf
fff4
ffba
0017
ffc8
0002
ffce
0008
fffb
fff2
005f
fff3
0031
fefc
ff16
ffa3
fe5c
fffc
fffa
ff8c
ffe5
013a
002d
0002
ffd5
ffc0
ffeb
ff84
ffc5
ffdd
feb8
0000
0000
0000
0000
0000
0000
0000
0000
0028
002e
ffcf
fffa
ffbe
003b
003e
0052
000e
ffdb
000e
ffa2
0006
fc34
fffc
ff50
0007
00b5
0016
fff8
029b
0041
003c
0015
0012
0036
001e
0025
007f
ffcd
ffac
000a
001c
ffc8
ffcd
0046
003f
003e
007b
0016
002d
ffa0
ffc8
fe26
ffd8
ff76
0158
ffee
0014
ffec
0002
ffe1
0034
0031
02a9
ffbb
ffa7
000f
0011
0001
ff73
ff46
0007
ff36
0000
0000
0000
0000
0000
0000
0000
0000
0009
0041
ffb9
ffee
ffe6
0006
ffe9
0032
ffe4
ffba
ffe7
ff9d
000e
001a
ffe1
0026
0026
fff1
ffdc
ffe0
ffda
001a
001f
ffed
0004
ffe1
fff5
000f
ffcd
ffcc
ffd2
0035
fff3
ffba
001a
0064
0038
fff9
ffd0
ffe7
001f
ffec
003c
000b
ffc8
0012
ffcd
ffae
0024
ffd5
ffbc
ffe7
ffe2
002a
001a
ffd7
ffda
fff7
0002
0016
ffeb
ffd8
0004
0002
0000
0000
0000
0000
0000
0000
0000
0000
002f
ffc0
0034
000c
000a
0020
001c
fffd
fff9
ffe6
003d
fff6
ffe6
004f
fff0
fffa
ffe8
002d
0005
0021
0011
ffff
0003
ffd9
0002
ffef
0018
fff9
0031
0007
0022
ffeb
0001
001a
ffe1
0070
fff9
0014
ffd9
0039
fff1
0003
fff5
ffd7
001e
0002
0020
fff2
fff9
000a
0003
0010
001a
ffe9
ffe5
fff4
0003
002e
ffde
fff7
ff6b
0030
fff6
ffff
0000
0000
0000
0000
0000
0000
0000
0000
0005
0003
ffef
0012
0000
ffd8
0010
ffe7
ffac
001b
fff7
000a
0009
ffe8
000f
ffce
fff3
fff0
0012
0017
ffff
fffd
ffdb
fffa
fffb
fffc
000d
ffee
0002
0005
ffe9
ffe5
002f
0026
fffe
ffec
ffe3
000c
0021
ffc0
ffed
001d
fff5
001d
009e
ffdb
fff8
000e
0016
fffc
ffe8
0022
fffe
ffe4
ffe8
ffcd
0001
ffb2
001b
fffe
ffee
ffeb
fff4
ffe4
0000
0000
0000
0000
0000
0000
0000
0000
001d
0010
0014
0011
0001
fff0
fffd
ffe9
fff3
000a
fff1
ff77
0011
0018
0004
001a
fff0
ffef
001f
0011
0002
0013
ffdf
ffdf
0003
ffc8
0010
001a
ffd8
fff5
0007
ffe0
003a
000b
fff5
ffd6
fff7
0009
0036
fffe
fffa
ffed
0021
ffb7
002f
000e
0020
ffc6
fffa
fff7
ffff
0011
001b
fff0
0002
006d
0006
ffd3
ffd1
fff8
ff3e
0020
ffed
0000
0000
0000
0000
0000
0000
0000
0000
0000
001d
0003
ffc3
ffda
001f
ff45
0009
0034
0008
ffd2
0030
0051
001a
0020
fff2
001f
0011
0078
ffec
0026
fef5
fff1
fff6
0062
0008
fff5
fffb
0010
0024
ffe8
0006
0021
00c0
ffe6
fff9
0066
fffd
ffb2
0004
000d
ffe2
ffdb
0078
ffde
001d
0039
ff8e
0003
0005
fffe
0050
0011
0041
0010
0065
0092
0008
fff2
ffca
000f
0027
002f
ffdf
00d2
0000
0000
0000
0000
0000
0000
0000
0000
fff6
0011
fff5
ffc7
fff8
fff0
ffda
002b
fff2
0004
ffd3
ffeb
002b
ffdc
0005
ffc3
0022
000d
ffdf
ffe9
0025
000d
002d
001d
0002
ffe7
ffed
0005
0001
ffed
ffd2
0046
0040
ffca
001f
0025
0024
0003
ffc3
ffab
002d
fff1
ffe7
ffd4
ffb7
ffda
0011
ffc6
0029
0035
ffe1
ffeb
001d
0038
003c
000a
ffcc
ff9f
ffe3
001b
0015
fff0
0014
0047
0000
0000
0000
0000
0000
0000
0000
0000
ffe8
000a
0076
fffd
fffc
0071
0000
fffd
fff8
0003
ffe6
ffbe
fffd
0037
0000
0003
0011
ffd2
fff7
fff2
ffdc
0013
001a
ffd5
0007
000b
fff4
ffbf
ffe4
001c
0059
000a
001b
ffed
fff5
ffa0
ffeb
fffe
0001
fffb
0047
000e
000c
005a
0004
0042
0021
0060
ffec
0031
000c
ffe2
0034
fff0
fff2
ff71
0019
ffc7
0044
0000
ffe2
0005
0001
0020
0000
0000
0000
0000
0000
0000
0000
0000
fff1
0003
0003
ffd5
fff6
ffeb
ffde
0051
001f
ff35
ffc9
fff2
0015
004f
ffc3
0044
001e
0014
ffd6
ffaa
0051
fff9
0033
ff9b
0007
0067
ffdf
ffc9
ffb2
ffb6
ffab
002a
ffcd
0004
003e
ff4b
fffc
0011
008b
ffaf
0032
ffed
0003
000c
ffa2
0026
001a
ffbf
0030
ffb7
ffdf
0002
0029
004f
0029
ffdd
ffd7
ff83
fff4
fff9
0047
003c
006b
fffd
0000
0000
0000
0000
0000
0000
0000
0000
ffbb
ffa5
ffd9
002e
fff4
ff98
001a
ffcd
000c
ffce
ffd1
000c
003f
0044
000b
0060
ffff
ff91
0045
fffa
feda
0063
fff4
ffe9
ffea
fff5
001d
ffc0
ff66
002f
ffac
000a
ff39
0055
0031
000c
ffe9
ffbd
0059
feee
ffb0
000c
005c
0087
011f
0025
0103
008c
0011
feff
ff35
0042
fff9
0019
ffcf
0000
fffd
ffa9
001d
0014
0015
ffbc
00a5
0055
0000
0000
0000
0000
0000
0000
0000
0000
0031
0019
002b
ffff
fffc
ffde
0009
001e
0014
ffe9
0027
000b
fff2
fffc
ffeb
ffcd
fff3
001d
fffb
fff3
ff6b
ffe1
0002
001d
fffe
ffd0
0008
0032
005b
0011
ffef
ffff
ffe7
ffe1
fff8
005c
0008
ff9e
fee6
0011
000b
ffce
002e
fffb
0001
ffe6
0002
0031
fffc
000b
fff2
fff3
0004
0001
0087
fff4
0000
fffa
ffb3
fff1
fff3
000b
fffd
0060
0000
0000
0000
0000
0000
0000
0000
0000
0015
ff62
005c
0013
0045
ff6e
0014
fffa
fffe
0024
0051
ff65
ffed
0076
000a
001c
fff7
005c
fffa
0003
0006
0014
fffd
ffbc
0005
0005
fffc
ffff
001f
0016
001d
ffea
ff5f
0018
ffe7
ff88
fff1
ffcd
004d
0037
0015
ffe5
0001
ffce
0009
0029
ff93
ffc1
ffe6
0072
0011
ffef
002b
ffdf
0030
003a
000e
ffdc
ff8d
fffb
ffad
0030
ffef
ff9d
0000
0000
0000
0000
0000
0000
0000
0000
fff4
ffd0
002d
0001
ffff
00b3
fff7
ffdc
ffed
0013
ffcf
ff8a
fff9
0005
0023
fffb
0008
ffb4
0029
ffef
0036
ffd8
fff3
ffab
ffe1
0022
fffb
ffd9
ffbb
0025
0022
ffea
ffa3
001a
0011
ff7f
0005
0033
0022
ffee
fffc
003e
ffdc
0065
0001
fffc
ffda
ff79
000d
ff9e
0002
0007
ffca
fff8
ffc1
ffdc
000f
ffda
0034
fff5
ffe8
fff3
fffc
ff6e
0000
0000
0000
0000
0000
0000
0000
0000
0012
ff5d
ffcd
fff1
0024
0080
0032
ffe6
ffd1
0008
0035
0034
0005
0001
ffc6
ffc5
0024
ffdc
0038
fff9
fd4f
ff98
0024
ff56
fff8
001d
0018
ffe0
ff7b
0058
0079
ffca
0013
0011
ffb9
ffae
0023
ff2b
001a
ffdb
0028
fffd
00d9
fe78
001e
fff3
0086
002c
ffcb
002e
ffe0
fffc
00a5
fff8
025b
ffb6
003a
000f
fffc
000b
004e
006a
0001
0059
0000
0000
0000
0000
0000
0000
0000
0000
ffdf
ffb5
006d
0016
fff6
0084
000d
ffe2
ffda
0036
ffe4
ffff
0018
00a8
0008
000e
000d
ffc1
0020
fffb
ffa7
ffc8
001a
ffea
000c
000f
fffb
0009
000a
ffdb
0033
fffd
ff7f
fff6
fff7
00e6
fff3
0020
ff50
0033
0000
fff4
ffe7
ffcb
fffb
ffff
fff9
ffff
ffe6
ffff
fffb
0001
ffd8
0007
0009
fff6
ffef
fffa
0001
ffed
ffdc
ffeb
0007
ffff
0000
0000
0000
0000
0000
0000
0000
0000
0024
fff2
0021
0016
000f
fff5
002a
ffe2
fff9
0002
0026
0004
ffda
ffe8
0005
0003
ffed
0043
0010
0017
001a
ffd9
fff5
ffe7
0004
000a
0018
ffe9
0030
002f
002c
ffd7
0036
0032
ffde
0012
fffc
0000
ffdf
0002
fffd
002c
000e
001c
ffa3
fff9
fff5
0030
ffb6
0002
ffd7
0010
fff1
ffd3
0002
ffdd
002b
000b
0019
fff8
0007
0005
0039
fffa
0000
0000
0000
0000
0000
0000
0000
0000
0013
0031
ffe6
fffa
000f
0175
0007
0018
0003
fff2
0034
ffe6
ffeb
ff03
ffe2
ff5e
0002
0069
0016
ffe8
0060
ff9b
0024
002c
0019
00cd
0017
0018
003d
0046
0001
ffdf
0000
fff9
ffd9
ffa0
fff1
ffcf
003d
003b
004b
ffef
0020
00c4
0010
0012
0169
0142
0003
0034
0037
fff7
fffd
fff2
ffb6
fefc
001c
ffae
00db
0010
00d8
ff8b
ffff
fffd
0000
0000
0000
0000
0000
0000
0000
0000
ffff
0022
000c
0012
001a
ffea
001b
ffd7
ffee
001e
0018
003e
ffe1
0021
0012
ffdf
fff2
0012
0018
000d
ffec
ffe2
ffeb
0000
fff9
0017
0001
fff3
001d
0036
0040
ffee
0004
0007
fffd
ffeb
fff6
ffd2
ffb0
005e
0004
0022
000b
0016
ffd5
fff2
0019
0054
ffdf
0010
fff3
fffa
ffe4
fff0
ffec
0005
0017
002b
0034
fff1
0015
fffc
ffcd
003a
0000
0000
0000
0000
0000
0000
0000
0000
0062
fff4
ff82
ffe9
00a7
002a
fff3
0033
fff3
0084
0063
ffd5
fff4
0018
ffed
ffd4
0004
007f
ffd8
ffd3
0074
ffe9
0028
0022
000e
ffbd
ffee
0060
006e
0024
ffab
0013
ffa3
ffcd
0006
0063
0000
002a
ff6a
0046
006b
009f
ff00
000a
0001
fff3
003e
fff5
0028
003a
006d
ffd3
ff1b
001f
0025
0074
fff7
ffea
fff3
0003
0063
fff7
ffc0
ffd7
0000
0000
0000
0000
0000
0000
0000
0000
0015
fff8
0061
fff7
0014
00bc
0009
0006
fff4
fff8
fffb
ffb4
0009
002d
ffe8
ffdf
000c
ffe9
000e
0001
0027
ffe7
0007
ffe3
0004
0024
0005
ffec
ffeb
0046
001a
000b
0017
fff6
0004
ffcf
fff7
0005
0017
0018
0015
001b
0003
002c
0007
002d
002f
0052
ffec
003c
000b
000d
0030
000d
fff7
ff6d
0010
ffe3
0045
0010
ffe5
0003
0007
0008
0000
0000
0000
0000
0000
0000
0000
0000
0018
0011
001c
fffe
000c
fff0
0009
000c
ffea
001d
0036
001f
ffe3
000e
ffd0
fffa
0003
001f
fff9
fffd
0018
0012
0017
ffef
0007
0004
0001
0034
000c
ffff
0030
000d
fff8
ffd0
fff2
ffcf
000d
0011
0003
00f4
000f
0001
ffec
fff0
005e
fff4
0002
fff8
ffc9
fffe
0043
ffdd
ffe2
fff8
fff7
ffcd
0005
005f
0002
fffe
ffd9
fff8
ff86
0016
0000
0000
0000
0000
0000
0000
0000
0000
0020
ffe6
ffe8
fff7
001a
ffe1
0034
0037
ffff
fff5
005c
ffdb
ffcf
ffee
ffa9
0082
0010
0071
0018
fff5
001e
0009
005d
0032
001a
fffb
0019
0014
00c2
0026
0067
000a
002f
ffd3
ffd9
ffda
0040
004b
fffd
ffec
008c
fff9
0042
0002
ffb4
00cd
ffd4
0045
ffea
ffd5
ffd6
fffd
000e
fffe
ffc2
0033
001d
00ad
001f
002a
ffde
ffdf
ff73
ffe9
0000
0000
0000
0000
0000
0000
0000
0000
001b
ffea
005c
ffe0
fffa
00bf
fff4
0020
0001
fffd
0007
ff91
ffe6
0019
0016
0013
fffa
fff3
ffdf
0004
0026
000f
000c
fff3
0001
0023
000f
0008
000e
0028
000a
0015
fffb
fff1
fff8
ff7f
ffe6
0011
ffb9
000c
0020
001e
ffec
0016
ffd8
0007
ffeb
fffb
000f
0000
002a
ffff
0021
fffb
ffb6
000c
000a
ffff
0026
0003
0023
ffb4
ffec
ff5d
0000
0000
0000
0000
0000
0000
0000
0000
fff2
00c6
0023
ffe2
0027
006a
001a
fff4
ffe6
ffbb
0028
006a
ffe7
ffcf
0030
0020
0006
0006
0004
0000
0023
fff5
0011
ffe3
fff2
0032
fff5
ffe8
fff7
fff2
fffc
ffdb
fec4
0024
ffff
0010
fff1
ffc6
0003
0086
004c
ffd8
006f
004a
0016
003d
0053
003e
ffa7
ff94
0027
fffd
00f6
0003
ffdc
ff9f
ffe5
fff1
0022
0005
0184
ffcb
002f
0043
0000
0000
0000
0000
0000
0000
0000
0000
0015
0049
ffaa
fff1
0003
0021
ffe9
0016
0008
ff95
0001
ffd1
fff2
0040
0051
003d
000b
002b
fffd
ffce
004c
0046
001f
0072
0011
ff9d
fff0
0038
002e
0008
ffe6
0029
ffdd
ffe2
0029
008e
001f
ffea
ff37
0071
0018
0024
0065
fffb
0001
0044
ff72
ffd2
002b
ffb8
ff9f
ffe3
0046
0006
0022
0033
fff6
fffe
ffde
0002
ffed
ff88
0008
0039
0000
0000
0000
0000
0000
0000
0000
0000
fff9
0046
fff6
001c
0012
ffd8
ffe6
ffef
ffe8
0000
fffc
003f
000f
ff8b
ffef
ffde
000d
001c
fff9
ffde
0093
0029
fff5
ffd1
fff4
0033
fffb
0000
ffe6
0008
ffca
fff8
ff85
fff1
001e
fedc
fff1
002c
007c
0030
0010
0005
ff84
0033
000b
ffff
ffb6
001b
0016
fff1
ffe7
0002
0051
000c
000f
0020
ffd1
ffeb
001f
ffe1
ffcf
ffdc
ffff
003a
0000
0000
0000
0000
0000
0000
0000
0000
ffe7
ffc5
001e
ffb8
ffdb
ffad
ffdf
0074
0018
ff6f
ffda
ffc1
0010
ffd8
ffdd
ffff
003c
ffe0
ffc7
ff94
000f
ffe9
004c
002d
0003
006e
ffee
fffe
ffbc
fff4
ffbd
003e
001e
ffbf
001f
ff41
0014
003f
0053
0069
000c
ff98
004b
0020
ff90
0072
0026
ffde
003c
ffea
ffae
ffcc
ffd9
004c
ffe6
fff6
fff2
ffaa
ffda
0024
0090
ffdd
0009
ffb3
0000
0000
0000
0000
0000
0000
0000
0000
001b
ff8e
001e
fff7
0001
ffb3
ffe4
0023
0099
ffd2
0021
fffd
fffd
ff65
0018
ffb5
0010
0036
ffe4
0015
004c
0003
0019
0039
0010
ffd7
fff0
ffe5
ffb1
001c
ffd7
0010
0159
ffdb
ffe9
0096
0000
0051
ffb0
ffc3
ffef
fff6
ffc8
ffb0
004d
ffe8
007d
013e
0043
005b
0038
0008
0015
0000
ffd8
0002
0021
0015
ffd1
0001
ffa5
002a
0005
006f
0000
0000
0000
0000
0000
0000
0000
0000
0014
0011
0022
001e
0006
ffe6
0014
ffde
0015
0008
0020
000c
fffb
0031
0010
0008
fff6
0010
0007
002b
ffe2
fff4
ffd3
fff2
fff5
ffbd
0013
fffa
000d
0008
001f
ffe1
ffe0
0022
fff6
0080
0000
ffec
ff9e
0004
0009
fff2
0014
ffd1
0019
fff4
001a
ffed
ffe4
ffc2
ffec
0006
0015
fff9
ffdc
0002
fff9
0028
ffed
fffd
ffec
fff0
0005
0021
0000
0000
0000
0000
0000
0000
0000
0000
ffd4
ff73
0021
001b
000a
ffdf
0007
fffd
0004
0017
ffe2
ffca
0018
0050
0065
0040
0005
fff2
ffed
0005
fff0
001e
0000
0009
0008
ff81
0007
0004
0011
0055
0011
000c
0024
000f
0006
ffd4
ffd9
000b
ffd6
000b
fff9
001a
0016
ffd5
0005
004d
ff80
ff53
001d
0058
fffa
fffa
001c
ffef
0007
007a
0011
0009
ffc4
fff0
006b
008c
0009
ffde
0000
0000
0000
0000
0000
0000
0000
0000
0050
0019
ffb5
fffc
ffea
00ef
001b
0015
fff1
fff7
002b
0065
000a
ff48
ff80
ff40
000e
fff6
003c
ffeb
0093
ff84
001f
0098
0021
fff3
fffa
000b
0018
ffec
0023
0039
ffdf
0026
ffee
ff9f
0042
ffe9
ffc7
000d
0045
ffb9
ffaa
fef4
0014
ffd1
ffc1
ff91
0004
0093
000d
ffeb
ffc4
ffff
feec
ffce
ffef
ffd8
fffc
0020
0039
0019
0018
0253
0000
0000
0000
0000
0000
0000
0000
0000
002c
0126
014f
ffe5
000f
002e
ffff
0025
0085
ffc8
0014
ff9c
ffe2
0137
ffca
0067
0018
fffc
ffb6
ffe8
0087
fff2
0041
ff94
005d
005f
ffc9
0012
ffe0
ffaf
ffe2
0029
feed
ffd2
fff7
0050
ffa2
008d
fff5
ff69
004e
fff7
ffac
000a
000d
0026
0013
ff97
003a
ffdc
ffd3
ffca
0009
fff8
ff86
ffa2
0000
002d
00d2
0029
0005
0006
ffce
ff3a
0000
0000
0000
0000
0000
0000
0000
0000
000a
ffee
000d
0008
002d
ffe3
001c
0000
fff9
0002
0032
ffe7
fff9
ffc5
ffff
ffcd
ffeb
0046
0011
000b
0027
000b
0006
fffb
0004
0005
0009
fff3
005e
0023
0002
fff4
0027
0022
ffde
0041
fff6
000b
0000
fff2
0008
0020
fff1
0002
0024
ffea
fffe
ffe6
fffb
0000
0010
000d
fff3
fffc
ffed
0019
0016
0024
0006
ffff
ffa8
0020
001b
0004
0000
0000
0000
0000
0000
0000
0000
0000
0017
0025
000c
0007
001b
fffd
0013
000a
0029
0013
ffe3
004c
fffd
fff0
ffe6
ffe3
0013
0049
0013
002f
0023
0048
000a
004d
0005
ffe8
0001
ffd5
0021
ff73
0022
fffe
ff7a
fffc
0002
0233
0014
ffc5
ff63
ffef
0003
ffa4
ffe4
fff0
0007
001a
ffff
003c
ffea
0004
ffdd
0029
009a
001e
ffd2
ffb6
ffb0
0029
ff9a
fff9
ffe1
0028
0016
0006
0000
0000
0000
0000
0000
0000
0000
0000
0011
00c3
0102
fffc
000d
fed7
ffd2
0007
ffce
fff3
0061
006a
0056
ff6d
0027
0043
fffe
0023
ffe3
ffca
ff44
0051
ffe4
ffea
0004
006c
0018
ffd7
0033
002d
fef3
0045
ff2e
fffb
0025
fdd7
ffcf
ffb8
0021
00db
0045
0064
ff29
ffa2
ffd6
0015
0072
0064
002d
ffcc
ffef
002b
00e7
003c
002b
00c7
fff4
000c
0051
ffed
ff75
ffce
0023
0089
0000
0000
0000
0000
0000
0000
0000
0000
0018
ffc2
ffc2
0005
fff1
001b
000b
001c
ffef
fff7
0001
002f
0000
ff91
0007
ffa3
fff9
0041
0003
ffee
00be
0048
000e
0027
0003
000e
0013
000e
006c
ffdf
ffe4
fffe
ffa3
ffea
0000
ffc0
fff8
0007
0057
fffe
002a
fffc
ff7a
001d
ffe0
ffdc
ffc4
0003
fffc
ffd2
ffea
0004
0000
0008
0017
0035
fff2
ffe8
0017
0003
ffec
ffab
0019
ffb2
0000
0000
0000
0000
0000
0000
0000
0000
fffd
000d
001d
ffea
0012
ff93
fff2
0041
fff4
000b
fff2
ff6e
0004
fff2
0059
0023
000e
ffb8
ffc1
0002
0068
0024
0011
ffea
fff8
002c
0003
001a
ffea
0013
fff8
0020
ff85
ffe4
0001
ff67
0011
fff3
015f
ffbe
0001
0048
000e
0018
ffe4
ffe1
0071
ff0d
005e
ff2e
fff2
ffd9
ffbc
0002
ff0b
008b
0024
0036
ffeb
fff4
ffc8
ffee
000b
fdc3
0000
0000
0000
0000
0000
0000
0000
0000
ffe1
0003
fff9
fff4
fff5
0013
ffe1
001c
001c
ffd2
ffcf
0018
0011
0027
fff9
0005
001d
000f
fff1
ffdf
0006
0052
0014
fffc
fff6
ffb2
ffe8
0009
000b
ffaf
ffe9
0033
ff7d
ffd4
0028
00e3
0017
ffef
ffc4
0010
ffef
ffd6
ffea
ffd3
ffb1
ffe0
ffca
001f
0016
fff3
ffe7
0001
009e
0036
ffd3
ffb7
ffbf
ffdf
0002
0003
ff88
ffd6
0013
0005
0000
0000
0000
0000
0000
0000
0000
0000
fff8
0021
ffe5
0019
000a
ffe5
0016
ffdd
0005
0005
0015
0014
ffed
000f
ffff
ffe3
fff4
000e
0020
0020
0004
0005
ffdd
000f
fff3
ffff
0012
fff3
0012
fffb
0040
ffdf
0015
0022
fff1
0025
ffed
0005
0008
fffd
ffd6
fff8
fff0
fff0
ffe5
ffde
0007
0013
ffdb
003e
fff3
0001
ffc1
ffe6
0008
ffaf
0002
0031
fff4
fffa
001c
0009
0002
001e
0000
0000
0000
0000
0000
0000
0000
0000
ffb6
ffd4
fff4
fff1
ffdc
0036
ffc3
fffd
001b
ffee
ff92
ffad
001c
002a
0029
ffd0
0019
ffb3
fff0
ffe1
0009
000d
fff3
001d
0001
ffdf
ffdf
0015
ffc6
ffc2
ffd9
002d
ffdb
ffe7
0023
ffde
fffd
ffd6
0038
ffd0
ffe7
ffc5
ffe3
ffd4
0069
ffea
fffc
fff9
0068
fff4
0004
000d
ffce
0017
fffd
fffa
ffec
ffdc
ffdc
0003
ffa1
ffe2
fff0
ffec
0000
0000
0000
0000
0000
0000
0000
0000
ffdf
00b0
ff82
fff8
0001
ff7a
000d
ffea
0025
fffc
ffd5
0011
0014
fe7a
ffdc
ffe6
0003
0008
001e
ffe4
0032
0030
001a
0027
0001
00de
000c
fff1
0064
ffae
fff8
ffeb
ffcd
0008
fff1
ffb5
ffcd
ffdd
0019
001c
0016
ffe6
ffc3
00c2
fff2
001a
0082
003c
fff1
ffad
ffed
0005
ff93
ffdf
0026
ffc2
fff0
ffef
001d
0018
00dc
0015
0023
001a
0000
0000
0000
0000
0000
0000
0000
0000
0002
fff1
0013
fffd
0019
023d
fff3
003a
0006
0007
fff8
ff54
fffb
ff4f
fff2
fffb
0017
ff92
ffe7
ffdc
000d
ffef
005e
ff84
ffff
0127
ffee
fff3
ffbf
007b
fff7
fff5
000e
0010
0019
ff7a
ffd9
003a
00e6
0009
0015
00b3
fffb
0053
0016
ffe7
00c1
fff1
0003
ff3d
ffe5
ffec
ff62
ffed
fff7
0034
004a
fff9
011f
ffff
005e
ff78
0036
fe6a
0000
0000
0000
0000
0000
0000
0000
0000
0083
0203
ff6b
002c
0010
012d
000d
ffe2
0048
0001
0044
0067
0014
ffa0
ffb1
008b
001b
0001
002e
fffb
0079
0023
0017
ffe4
0016
0021
0006
fff3
ffd1
ffb0
001a
0005
ffe6
fff8
000e
002f
fff4
ff5f
ff72
ffde
001c
ff82
004e
004f
0018
003a
fea7
ff46
ffdc
fdd2
ffd6
ffe1
0069
ffd7
00dd
00d8
ffcc
ffee
0026
0015
004e
ffbf
fff8
01b8
0000
0000
0000
0000
0000
0000
0000
0000
0012
ff80
ffec
000a
001f
ffd4
fff8
fff9
ffea
001e
ffef
ffdc
fffe
ffcf
fff4
0036
fff4
fffd
001b
001d
fff1
ffef
ffe3
ffcd
fffb
0013
0019
ffe7
0008
000d
001a
fffd
0018
0007
000b
ffd8
fff6
0001
ff8b
fff8
fff9
000d
ffe3
fff4
ffef
ffee
ffc9
fffd
fffd
0049
001a
000b
fff2
ffe7
ffd2
ffc5
0008
ffe3
fff1
fff3
ffbd
000f
ffdb
ffad
0000
0000
0000
0000
0000
0000
0000
0000
0007
0074
0030
ffdf
ffad
ffb1
ffda
0022
0058
ffaa
000a
0068
001e
ff8a
ffd1
fff1
ffe2
000f
ffe4
0014
0134
0073
ffe9
004f
000f
ff7d
0013
0069
0002
ffc9
ffd9
0016
ffe1
ffd3
fffd
0070
0006
ffe7
ff60
0023
001d
ffe5
ff9e
005d
0003
0026
fee0
0019
0008
0030
ffc3
0015
0148
0033
005a
0092
ffbd
002c
ff67
002d
feb6
0076
007b
0167
0000
0000
0000
0000
0000
0000
0000
0000
0042
002b
003d
ffe8
002a
005e
ffe2
001f
ffe6
ffd7
0010
0036
ffda
fffe
fffc
0014
ffed
0048
ffdd
ffe4
0134
0051
ffea
ffe5
fff5
0029
0008
0019
0044
ffed
ffc8
000b
0016
ffee
fffb
ff7c
ffed
0009
00aa
0003
ffd2
0084
ff76
0000
ffec
0008
0076
002c
fff0
ffd0
ffe2
ffeb
0001
0013
ffcc
ffff
0007
0005
0051
ffeb
fffc
ffb5
0000
ffb2
0000
0000
0000
0000
0000
0000
0000
0000
ffbd
fed7
fffb
fffb
0002
ffa7
fff3
ffda
fff0
0009
ffcb
ffa8
0009
0040
002a
ffeb
fffa
000c
fffe
000d
0024
0003
ffde
ffd3
fffb
ffda
fff7
ffe7
0009
ffe3
0031
0002
000b
fff4
0008
ffd2
0005
0026
007c
ffe8
0009
000c
fff4
ffe3
fffe
ffdd
00aa
ffc5
fffe
00e3
0027
fff9
ff8f
ffee
ffb6
003b
0004
fffd
0016
fff8
ff50
0015
ffdd
ff72
0000
0000
0000
0000
0000
0000
0000
0000
000e
019a
ff6d
fff5
0004
ff79
ffdb
002a
fff6
000c
ffe6
004a
ffdc
ffe3
00ea
00c3
0007
ffea
ffe7
0011
0168
ffd6
0040
ffb0
fffa
00a6
ffd4
ffb1
ffce
ffec
fff1
ffe6
fff0
fff7
003f
0034
ffe8
fff8
00b5
0035
000d
0072
ffec
ffda
000d
0049
0113
ff50
0045
fe60
0023
001b
0040
0028
fd58
00dd
fff3
ffeb
ff79
0024
ff9a
ff6a
0018
fc7b
0000
0000
0000
0000
0000
0000
0000
0000
0000
00a8
ffdb
000f
ffc2
fed4
0000
001c
001a
0039
fff4
0033
0016
ffce
ffd8
ffd1
0015
0075
ffcf
0002
01fc
fff6
ffeb
008f
fff1
ff7c
ffcb
0009
003e
ffa0
003d
0051
ffb1
ffdb
004e
ffdb
0013
004e
ffcf
ffb8
ffc8
ffd4
ff07
001c
ffde
ffa4
ffeb
00ac
0025
005f
0009
0021
ffaf
001a
00ae
ffe7
ffb4
004a
ffb0
0010
ff63
ffa2
fff4
0138
0000
0000
0000
0000
0000
0000
0000
0000
000f
0051
0006
0019
0032
ff6f
000f
ffd5
ffa8
ffeb
fff4
003f
0009
00b8
0007
0025
ffe7
ffdf
0001
001e
ffdd
001c
ffc2
0046
fff1
ffe0
001b
0015
0012
ffc7
003c
ffe1
ff31
002b
ffe3
0056
ffdc
ffb2
fff7
0028
0000
ffce
000b
ffe6
fffa
fffe
ff87
ff8f
fff5
ffb1
0021
001a
0046
ffdc
fff5
0036
fffa
001f
ff4e
ffea
ffda
ffc4
0026
001b
0000
0000
0000
0000
0000
0000
0000
0000
004a
ffe2
ff9c
0002
0024
ffde
0039
0020
002e
ff7a
0058
0013
0012
0015
ffc9
008a
000d
0058
ffe7
0018
ffd1
0019
005a
ffbf
003b
0038
0018
ffc4
009b
0003
ff90
fff8
ffc5
0044
ffe3
ffc4
0028
001f
ffb3
ff9c
006f
ffbe
0025
ffd2
006b
00ca
0050
ffdd
0008
0065
00e6
0045
004f
000a
0058
ffe7
0015
ff2b
000d
0008
fff8
000c
0093
ffe9
0000
0000
0000
0000
0000
0000
0000
0000
0000
0005
0006
fff1
000e
002a
ffee
0010
004e
001a
0002
002b
fff6
0008
ffea
001a
0003
fff3
ffe9
ffe7
fff4
0004
fff6
000c
0008
0007
ffe4
0002
0001
fffa
ffd0
0008
0065
000f
0016
003f
fff3
0005
0045
ff9e
ffc8
001c
0010
000b
0033
0004
fffb
fff4
0022
0009
00ae
0006
ffe0
000f
0010
fff6
0008
ffea
0037
000a
fff2
0012
0023
fff7
0000
0000
0000
0000
0000
0000
0000
0000
001d
fffa
001e
fffe
000e
0012
0001
ffff
001d
ffd8
0046
ffc5
ffeb
ff2b
ffe7
ffde
fff8
006f
0000
0015
002e
0004
0007
ffe7
0005
0031
0017
0013
000f
0011
ffe5
ffe6
ffd1
000e
fff4
007f
0034
0031
004c
0006
fff7
001e
ffbd
0008
fff4
ff98
009f
0032
0002
ffa7
0004
001b
ffec
0008
ffc1
ffa4
0019
fff1
0028
0024
ffd7
ff92
fffb
0005
0000
0000
0000
0000
0000
0000
0000
0000
004f
0011
001f
fff4
0065
0018
0021
0051
ffd7
ff5a
0062
0023
001a
0020
ffdf
0008
001d
002f
ffe8
fff8
ffff
0035
008a
0034
000c
ffca
fff2
ffb0
0068
0028
ff7c
0033
0031
0002
ffdd
0039
0032
ff8c
0011
ff6c
0045
008e
000a
000f
003c
000c
fff7
0025
0047
fff9
0043
0011
ffe4
002b
0002
ffd8
0017
ff4c
0052
0020
ffee
fff6
00b5
ffdf
0000
0000
0000
0000
0000
0000
0000
0000
fffc
0069
002a
0020
0005
ffbd
002e
ffdc
ffd6
0011
ffda
0026
0011
006d
0002
0026
0000
ffb4
0019
0008
000e
0000
fffe
ffed
0011
ffd5
001c
0006
ffa8
002a
0006
fff5
ffc9
fff7
ffe6
ff99
ffd6
ffec
0034
fff4
0006
000d
000f
0004
0017
0045
ff99
fffd
0004
ffe5
ffdf
0007
007b
ffdd
0036
0021
fff7
0003
ffd1
000d
0007
0029
ffec
ffce
0000
0000
0000
0000
0000
0000
0000
0000
0025
0033
ffd8
ffff
0027
fff9
fff2
001e
000e
000c
000b
0002
fff6
ff8a
0008
ffc3
fffd
0016
fffa
000b
008b
0024
ffea
fff1
fff8
000c
0011
0015
001b
ffc2
ffdc
fffc
ffb8
ffe6
0014
ff78
ffe3
fffe
0020
ffe3
000c
fffd
ffb2
0002
0032
0004
0026
0018
0010
ffee
0022
000f
0004
0008
002f
000c
ffea
ffe5
0011
0001
ffdb
ffa7
ffe5
fffc
0000
0000
0000
0000
0000
0000
0000
0000
fff7
0028
fff5
ffd4
fff8
0039
fff5
0030
ffde
ffad
0002
fff6
ffe9
fff5
0006
000b
0010
ffda
ffe2
ffef
002b
fff1
0023
0021
0006
fffa
0000
0018
0015
0013
0010
0023
ffc7
ffc3
0006
0006
fffd
ffe3
fff2
009a
ffee
0013
0002
001b
ff97
000d
000c
fffc
fff4
ffe5
ffbe
ffcc
0002
000f
ffe0
002d
fff8
0013
0003
000a
0030
fff8
ffc5
ffd5
0000
0000
0000
0000
0000
0000
0000
0000
0002
ffdc
001d
0024
fffd
0006
001f
ffd8
ffb1
ffea
001a
000a
ffdd
0010
fff5
0003
fff5
0008
0018
0019
0015
ffe7
fff2
ffcd
fff0
001b
0020
ffc7
0017
0036
fffb
ffc5
00bf
003f
ffd6
ffc3
ffe6
ffe2
003f
0091
ffd5
000a
fff5
fffe
feae
ffd7
ffea
fff6
ffc3
0014
0005
0021
0023
fff5
ffd5
0015
0020
ffdd
ffff
fff8
ffec
000d
004b
ffe1
0000
0000
0000
0000
0000
0000
0000
0000
ffde
0023
fff7
0000
ffd3
003f
ffe8
002c
fff3
0025
ffd6
ffd8
000e
003f
ffd4
ffdc
002b
ffe8
fffe
ffd1
ffa5
002d
001d
0017
fffa
000b
fff6
0005
000b
ffd7
0007
003d
ff0d
ffec
0009
ff99
0009
0017
ffe2
ffdb
fff7
ffca
ffd7
fffe
ffed
fff8
0021
fff7
001d
006d
0011
fffe
fff2
0022
00a2
ff92
0000
003b
ffa6
0006
0068
0021
0016
0116
0000
0000
0000
0000
0000
0000
0000
0000
0022
0024
fff9
fff7
fff8
ff80
0002
0001
fff2
fff8
000a
ffd4
000c
ffe3
ffbe
ffdd
0000
0033
000c
0004
ff7e
ffe9
0000
fffe
fff9
fff5
000b
0021
002b
ffec
fff2
0007
fff8
fff2
0007
0056
000e
ffcf
ff79
0012
0001
ffd4
ffec
0022
0016
fff3
000d
0020
fff1
001f
0010
000f
002c
000b
0089
fff2
fff1
0002
ff98
fff9
ffbc
ffe6
000a
003a
0000
0000
0000
0000
0000
0000
0000
0000
0003
007e
004d
ffd2
0007
ff9c
ffed
0048
0000
0010
ffd4
0008
0022
004c
fff1
0018
0022
ffcc
fffb
0000
0016
0019
0041
0011
000c
fff9
ffe4
0027
ffde
ffc5
ffcf
0023
ff91
ffc0
ffff
000d
0009
ffdc
ffe1
fffe
0087
fff1
0010
fffb
ffc8
003b
ffae
ffbb
000f
ffc4
0021
ffdb
001f
002f
002c
0029
ffdc
ffbf
fffc
001c
0014
ffab
0001
ffe9
0000
0000
0000
0000
0000
0000
0000
0000
0007
fef2
ffff
ffff
0017
ff7d
0011
fff5
fff7
ffe0
0008
00e4
fffb
ffa4
0067
ff84
fff0
007b
fff5
fffb
0023
008e
fff1
ffff
0030
0034
0022
002f
009c
ff5c
ffb9
0000
ffad
001b
ffee
fff2
fff7
0040
ffed
002f
0022
0002
ffc0
003e
000c
ffdd
008c
006d
ffd2
0141
000a
002f
005d
0004
ff52
ff38
000d
fffb
00b0
0020
008d
ff99
ffff
00cf
0000
0000
0000
0000
0000
0000
0000
0000
ffef
ffbd
0039
fffe
ffd0
ffc5
0006
002e
0079
ff6f
0015
ffdf
ffd7
ffbe
ffe3
ffbc
ffff
0016
ffe9
000b
ffff
ffee
0019
ffe6
ffde
000a
000c
000d
fff6
fff4
0049
0006
ffa9
fff6
ffdf
0025
fffa
0024
ffee
010e
0027
0047
005d
fffb
ff9f
fff9
0010
0009
ffcd
0019
ff90
ffed
001b
ffee
0013
ffed
fffe
00b4
ffd5
fff6
0017
fffe
ffe3
0019
0000
0000
0000
0000
0000
0000
0000
0000
0002
0017
0002
0004
0003
000d
001c
000b
ffbb
0003
003a
ffd9
ffcb
ffdf
ffef
001b
0002
0051
0002
fffc
fff7
fffb
0014
0034
fff5
ffd2
ffef
0029
002e
ffeb
0090
fffa
0031
ffdb
ffee
ffd7
fffb
fffb
ffdf
00a2
002c
004d
fffa
0002
ff1f
fff6
fffb
ffbd
ff90
0018
fffc
ffc3
fff6
ffea
ffe1
000b
0014
00dc
0004
000b
0016
000c
ffb2
fff1
0000
0000
0000
0000
0000
0000
0000
0000
0022
ffc5
006d
fff3
0025
006b
0008
0002
fff9
002d
ffff
ff92
ffff
0018
000e
002e
0003
ffcc
0011
fffb
ff3a
fff2
0020
ffc8
000b
0042
0003
ffff
ff9f
0043
0005
fff9
0009
000f
ffe1
0013
fff7
fffe
ffc3
001b
0026
fffe
0044
000f
0012
0079
000d
ffbc
fffa
0001
ffe9
ffff
ffe2
ffee
ffcc
ffbf
0030
ffd6
0029
0008
006b
0012
0019
ffa0
0000
0000
0000
0000
0000
0000
0000
0000
0031
ffe9
ffd5
ffec
0031
ffe0
fff1
002b
fffa
ffe9
0012
ffd6
ffe4
ff94
ffe7
ffde
0003
001f
ffdb
ffd8
0040
ff99
0013
0021
0004
006e
ffef
ffec
000a
0031
ffdd
ffe4
ff49
fff5
0002
ff15
000e
fff1
00c5
0046
fff6
0047
ffbd
ffe5
ffe4
0033
0013
ffc6
0010
ffc0
000b
ffec
ff91
0008
fff0
0012
0022
ffef
0003
0002
002b
ff74
ffff
ffac
0000
0000
0000
0000
0000
0000
0000
0000
0011
002b
fff0
0010
fff3
ff6f
fffa
fff4
0013
0003
0016
0026
000c
ff78
0004
ff8c
fff8
004b
000e
0001
00b6
0029
ffe1
002d
fffb
0007
0010
ffe5
001b
ffbe
000c
fffc
ff90
000d
ffea
ffd5
0019
0020
ffee
ffd9
fff5
ffa4
ffb5
ffcf
ffe5
ffae
000f
000a
0000
003d
0009
000f
0073
fff3
0039
fff7
ffd1
0035
ff71
fff4
ffbd
000a
0001
0054
0000
0000
0000
0000
0000
0000
0000
0000
ffdf
ff0e
0070
0003
fff6
ff31
0018
0020
ffce
ffda
0014
ffae
0018
ffc2
001c
ffb3
0012
006b
0028
001f
ffb7
fff0
0004
ffe0
ffee
0022
0018
001b
0010
ffe4
ffd4
0003
ff9a
fff7
ffcc
ffe7
000d
0032
ff8d
0048
ffde
ffb8
ffb1
ffca
fff8
ffa9
0053
006d
fffb
00c0
0004
000e
003a
0004
ffbd
ff34
ffc9
002b
ffc1
0015
ffe2
ffd6
0039
ffcd
0000
0000
0000
0000
0000
0000
0000
0000
fff4
ffff
000b
0027
000b
ffdf
000f
0006
ffcb
fff4
001b
0085
002d
ffde
ffd6
ffb2
0009
0092
0028
fff8
ffa3
fff1
ffdb
0036
0003
ff85
ffef
ffd3
0054
fff5
000a
000a
ffd4
0014
fff3
0046
004e
ff81
febe
002e
002e
ff59
ff9d
0033
fffb
0006
ffdf
005e
ffac
0080
ffe9
0001
003b
0004
0052
ff7a
fff5
ffe9
ffd8
000f
0016
002b
0016
00f6
0000
0000
0000
0000
0000
0000
0000
0000
0011
005e
fff5
ffeb
fff5
0028
fff1
002c
0035
002b
ffff
ff7d
000e
0008
ffe4
000e
000b
0010
0004
0004
ff9d
ffe8
ffff
0000
0014
0038
fff6
fffd
ffe5
ffed
fff8
0017
febb
ffe7
000a
0085
fff2
0014
ff60
0009
0025
fff0
0044
ffa8
0006
ffe9
ffb3
ff37
002d
ffe5
0001
000f
ff8a
ffff
004a
002e
fff1
ffe8
ffbd
fff9
ff9e
003a
003c
ff94
0000
0000
0000
0000
0000
0000
0000
0000
003c
ffce
ffe7
0004
000f
00bd
0006
fff5
0036
fffb
fff2
ffcb
fff4
fffd
000e
000a
fff7
ffbe
001c
000e
ffdd
0022
002f
ff92
0002
007d
000a
ffe9
ffbf
0019
0041
fff3
fff0
0016
ffe9
ffd7
ffff
000e
0060
fff7
002b
0026
0014
0036
0006
0037
ffcc
ffc3
ffe6
ffec
000d
fff5
0003
ffff
ff64
ffe0
001d
ffc5
0064
fff7
0025
0003
ffeb
ff95
0000
0000
0000
0000
0000
0000
0000
0000
001f
0056
ffd7
ffea
ffc5
004a
ffe5
ffff
0068
0036
fff1
fff7
000b
001b
ffa9
002a
0013
fff9
0016
ffee
0016
0037
fffb
00b6
000a
fece
ffee
ffee
ffe3
ffd5
ffe4
000f
009a
ffe8
002b
00b1
002a
ffad
ff61
ffc7
001c
ff94
0031
ff5c
fff6
ffe4
ffde
fffc
0015
005e
ffd0
0000
fff1
0013
ffb9
0005
ffeb
0004
ffbe
0026
ffe2
ffda
0078
ffd9
0000
0000
0000
0000
0000
0000
0000
0000
ffe5
0003
000e
000d
0001
00ec
002e
fff1
0004
0013
ffc3
ff09
000f
ff81
001c
0028
000f
ffe9
000d
fff5
0045
ff89
001a
ff91
000c
0020
0015
000b
ffba
0072
003e
ffef
0080
fff9
ffee
fe71
000d
ffd4
010e
fff5
0010
0033
0076
ffeb
0025
0049
ffbd
feec
fff9
feb4
0020
fffa
ffd7
ffed
ffa3
005d
0067
0010
ffa3
ffe4
ffb9
fffb
000b
fe13
0000
0000
0000
0000
0000
0000
0000
0000
ffc4
ffcd
0006
ffff
ffc5
ffb5
fff4
ffc8
0012
001a
ffd9
0006
0025
ffd0
0020
fff2
fff4
0000
002b
0004
fff3
ffe9
ffe5
ffbf
fff3
002a
fff7
000f
ffe3
ffd4
ffdc
fff0
feba
002a
0007
0031
ffe3
ffc6
ffce
0035
fffe
ffbe
ffe9
fff5
001b
ff95
0000
ffde
002f
fff3
000d
0002
0052
ffe5
ffaa
ffd7
ffe3
0034
ffcf
fff2
0012
0007
0014
000f
0000
0000
0000
0000
0000
0000
0000
0000
ffec
ffbf
ffe8
0018
000f
002b
fff0
fffc
001b
0050
ffe9
ffba
fffe
009d
001b
0060
0003
fff8
ffe2
0008
ffd2
001b
0003
ffca
0000
ffcb
000c
0011
ffb2
001d
0030
ffe9
ff4f
ffff
0009
0008
ffe6
0004
fff5
ffd9
0036
fff3
0001
ffca
fff7
0032
ff87
ff03
0022
000e
0045
0005
ff9a
ffe1
000b
0056
0026
0006
ff70
0005
ff56
0059
ffdb
0005
0000
0000
0000
0000
0000
0000
0000
0000
0008
0015
0027
0022
0019
fff4
0017
ffda
001a
0005
0021
ffc4
ffd4
fff9
001e
ffee
ffe0
0006
0016
0006
ffab
ffb0
ffb6
ffe2
ffec
00b4
0015
fff4
000d
004d
003c
ffd1
ff80
004d
ffef
ff10
ffc8
ffc2
0001
0027
ffea
0039
0015
0056
000a
ffd6
006f
fff3
ffd0
ffd3
0007
0020
ffa9
ffd0
0015
ffa4
0034
0025
0000
fff8
00ba
ffad
001d
ffd3
0000
0000
0000
0000
0000
0000
0000
0000
ffd7
006d
004c
ffe3
0003
fff9
ffec
001e
0024
0045
ffc8
ffe3
0016
fffd
001d
ffc6
000e
0010
fffc
000f
0037
ffd3
0017
ffdd
0012
0034
ffe3
000f
0083
fff5
ffa6
0021
fde5
0002
001a
ffc5
ffeb
ffe7
ffc7
0019
000d
0006
fffc
ff97
fff6
001f
009e
0071
0030
ffbd
ffe1
0005
007f
0010
ffbc
0035
0010
ffe2
0044
000e
0065
0013
0053
00c8
0000
0000
0000
0000
0000
0000
0000
0000
004b
008c
002f
ffcc
fffb
0031
0038
006a
fec3
00b5
0004
ffd3
ffe5
002b
ffca
0052
003a
ffdc
ffe5
ff73
fffd
000a
00f8
001e
0012
0008
0022
00f5
ffea
0053
ff32
002f
001d
ff56
ffd4
0058
0077
0037
0041
0087
ffc1
fff1
0035
001d
fee3
0069
0000
0080
0043
0016
fed7
ff90
ffb7
0035
0024
0042
0017
ff56
006b
0030
ff8b
ff7b
ffb2
0055
0000
0000
0000
0000
0000
0000
0000
0000
001d
000e
fff1
ffd0
0040
ffea
ffc0
0006
0025
0006
ffed
ffcd
0019
0034
000c
0040
fffd
0040
ffbc
ffec
fff1
002f
fff0
002d
0005
0043
ffd0
0071
000b
ffc6
ffbe
005b
ffcb
ff7e
0025
003b
fffa
ffce
0020
0004
ffe9
0002
000d
0016
0283
fffb
0029
0020
007a
ffe5
fe22
ffd3
ffdd
ffe0
0001
002d
ffe5
ffd5
0014
0008
fffb
ff9e
fef5
ffd9
0000
0000
0000
0000
0000
0000
0000
0000
003a
00d7
fff3
ffd5
0010
018e
ffe6
fff5
fff3
0000
000e
feee
fff0
fe61
0005
0079
ffce
ff93
002d
001e
fea8
fec1
ffec
ff64
0002
00a6
0016
fff8
ff10
0042
ffb9
ffbf
001c
0000
ffe9
0203
0009
ff8b
ff28
000b
fffc
0053
00b5
fff9
0030
0036
ffbb
ff44
ffaa
fdf8
0010
ffe4
ffa3
fff3
001c
0048
0007
ffe6
0018
ffe3
00af
005c
fff7
fe34
0000
0000
0000
0000
0000
0000
0000
0000
0052
fff7
ffda
fffa
0047
ffc7
000f
fffb
ffa0
0021
004d
005b
ffef
ff6d
0004
0009
ffdf
0034
fff6
0026
fff3
0013
ffec
ffdf
000a
004d
0013
fffc
0031
ffe6
fffa
ffdc
fe95
0026
ffdc
0046
ffef
ffdb
ffc3
0043
003a
ffb9
ffee
0056
000c
003f
ffff
0093
ffeb
0001
002a
0012
006d
0000
0037
ff9b
fff3
ffb9
ffb4
0000
0064
fffe
fff0
006b
0000
0000
0000
0000
0000
0000
0000
0000
fffc
003e
000b
001f
0004
ffe9
0014
ffcd
0003
fff5
000b
000e
fffc
ffdf
0005
ffed
ffea
fffe
0016
0014
0032
fff5
ffcb
001c
fff7
000b
000b
fff3
0019
000c
0012
ffde
ffce
0036
fff4
ffda
fff4
000b
002a
ffaf
fffc
fff1
fff6
0022
002e
ffeb
0009
000f
ffe5
0004
ffe8
0023
0022
ffe2
fff2
0009
0013
0008
fffe
fff5
002e
0017
000f
ffff
0000
0000
0000
0000
0000
0000
0000
0000
001b
0004
0007
0018
0042
fffe
0018
ffe6
004e
ffbb
ffea
fff3
0016
fffa
ffdf
001c
ffec
fffb
0031
0018
0005
ffdf
ffd3
0005
0008
0008
0025
ff74
ffff
0001
ffb2
ffb7
001b
00a9
0004
ffdd
ffda
000e
0015
fe60
ffe5
ffea
fff9
0005
ff38
fffd
0003
fff8
ffa1
fffe
006b
0068
0046
0025
0000
ffee
ffe4
ff90
fffe
fffa
ffd0
fff7
01cc
0006
0000
0000
0000
0000
0000
0000
0000
0000
0006
ffe8
fff8
0012
ffec
0009
002c
ffef
ff9d
ffbf
002d
fffc
ffd2
ffc5
0019
fffc
ffd9
fff4
0000
001a
0015
0005
000b
001b
ffea
0024
000a
ffff
0033
002a
003f
fff0
004b
fffe
ffdd
0039
fff1
fffd
0013
009c
000e
ffe6
fffd
0024
0029
fff6
0014
0029
ffc8
0031
ff81
000f
0005
ffdc
0006
0003
0023
006e
fffa
ffd8
0021
000e
ff9d
ff5d
0000
0000
0000
0000
0000
0000
0000
0000
ffbe
ffcb
0041
ffd7
000f
0071
fffb
0008
001b
0006
fff0
ff81
000c
0079
fff8
0071
0006
ff9f
fff8
ffe6
ff51
0029
000f
ffb7
ffff
0035
000b
ffb5
ffd6
00b2
0022
ffff
0027
000f
ffe7
0013
ffe6
fffe
ffd3
0046
005b
002a
003e
003a
001b
00b2
ffe1
0009
0000
fffc
0047
0011
00b6
000f
ff4c
ffd7
0058
ffda
fffb
001e
0048
0039
001c
ffb7
0000
0000
0000
0000
0000
0000
0000
0000
0016
ffdb
0029
fff1
fff5
00a2
fffd
0017
fff9
0031
fff2
000b
ffed
0051
0015
0000
0003
fffc
0001
0013
00b6
0003
fff3
ffd3
fffa
0058
000a
ffba
0016
0011
004b
0024
fff8
0000
ffe8
ff8f
ffe6
0075
00bb
fffe
001d
0068
ffa3
0021
fffc
003a
ffb9
0016
ffeb
000b
ffea
000f
0015
0001
ffa0
0020
0001
ffab
009f
000f
fff7
ffa6
ffda
ff90
0000
0000
0000
0000
0000
0000
0000
0000
004f
0052
0012
001a
0017
ff58
0052
ffec
ffed
ffe3
006e
0027
ffdd
003b
fff1
fff3
ffe8
001e
0011
003f
ffdb
0002
ffeb
fff5
0000
002a
001e
0007
0035
0005
001c
ffde
ffb1
0029
ffd0
0045
0008
0003
ff6f
fffb
0020
fff1
ffd2
ffff
0021
0022
fff7
0009
ffca
001f
ffd6
001f
00b9
ffe0
ffd8
ffbc
001e
003c
ffb4
ffd9
ffd3
0024
ffe7
0064
0000
0000
0000
0000
0000
0000
0000
0000
0017
ff7a
fff6
fff5
0002
ffb5
fff0
000a
fff0
0009
0017
0040
000f
fff7
ffed
ffa8
0009
0048
fff6
0002
fff5
0000
0006
0007
fffd
002d
000a
0024
0037
ffc2
ff90
0008
0024
0023
000b
002e
0010
001f
ffae
0019
0001
0023
ffec
0003
fff9
ff92
004f
0049
0011
0030
0003
000c
0022
0014
fff0
ff76
fff1
004c
005d
0011
00b4
0027
0009
fff7
0000
0000
0000
0000
0000
0000
0000
0000
ffd0
007d
0094
ffd6
0045
ffdd
0028
006d
00e2
0062
00bb
fff6
ff6d
0012
ffba
fffa
ffe3
ffb7
0016
ffec
ffeb
0013
0047
ffe1
0050
ffe3
fff7
ffad
0056
007f
018b
0048
0054
ffd5
0037
fffb
001f
0004
009c
fd71
00a3
0016
ffc3
0035
0000
003a
003a
000f
ffcd
ffa5
ff75
ffef
002e
ffdb
ff8e
ff86
0046
02f5
002e
fff4
ffdd
008a
feba
000d
0000
0000
0000
0000
0000
0000
0000
0000
000e
fff5
fffc
0001
0003
fff9
fff8
000a
000d
0015
fffd
000b
fffc
fff9
ffef
000c
0008
0000
0000
fff7
fff4
fff2
000c
fff8
fffd
fff3
0001
0009
0011
0005
ffdf
0006
0048
fff6
0000
000f
000d
000a
002c
ffd3
fff8
0008
0012
000b
fffa
0001
000f
0006
fff7
fff7
0025
fffa
fffc
000a
fff9
0008
0000
fff2
0011
000a
002e
fff9
0019
fff8
0000
0000
0000
0000
0000
0000
0000
0000
004a
0110
fe92
ffeb
fff3
fcaf
ffd0
0010
fff3
fffe
0045
ffee
002e
fe99
fff6
0044
ffe1
004b
ffbb
0000
fda4
ffd2
ffa0
ffc2
ffee
ffdb
ffaf
0055
ff2c
ff75
001f
ffe3
0036
000c
0059
ff63
0048
ffb9
ff32
ffd9
001a
ffe9
00dc
009f
0058
ffda
0031
ffe4
ffcd
ffa2
001e
ffba
0039
0008
fea9
0020
ffdb
002d
0002
0013
0030
002b
002b
003e
0000
0000
0000
0000
0000
0000
0000
0000
fec5
ff37
ff72
fedb
fe91
ff3f
ff58
febe
fee6
fff4
0053
ff5e
ff70
ffd7
ff39
ff54
ff9f
ff1a
faa4
ffe6
0043
038a
03b1
0541
01c3
045a
0ad7
ffc6
0051
003a
0096
0283
0149
0014
0138
00be
0195
01e9
0079
0099
0142
0000
ffb4
00c8
0081
0011
0434
02fb
f9b5
008a
06a2
fb0a
fc96
0218
00ed
016a
005f
0130
0355
00ef
0254
0190
0228
ff65
fe3d
ff9c
fe96
fac3
055e
fded
fd35
0678
0322
fb4e
018a
035a
fafe
015f
021b
fd1b
00a1
025d
ff7c
fe81
0251
ff48
fea0
0083
feb0
ff60
0156
019a
00b2
00a8
02c1
0232
fd33
fcf3
fe15
fe5f
fe8f
ffcb
fe64
fe84
ffec
ffc6
fff0
0023
00b2
0095
001b
00e5
0151
00b6
0047
0057
0040
f881
f22a
fd1e
ff91
fdd6
000c
099c
0abe
0416
ffa2
ff6b
ffa8
ff89
ff0f
ff26
ffdf
ff70
ff62
007e
01de
ff50
02c7
02ac
ff27
025d
014a
fe78
009d
00e5
004d
00c8
0143
007a
0069
007d
0015
0147
027c
01d5
01ba
02d8
014c
00c5
000f
ff40
014a
ff0a
fd3b
0369
0178
fe91
0211
02d2
00f9
ff36
feb4
ff4f
fe67
fe22
ff18
ff89
ff70
0012
fdaa
fe58
004b
feea
fc12
fb97
00f6
feb5
ff23
062b
0b3d
0928
ff71
fece
fe98
fa4d
f765
f7d1
0278
0211
00be
028d
01b9
ffac
0157
000e
feb6
fee4
fd8d
fec9
fee2
fe08
fe58
fe7b
ff33
fe8f
fdbe
0139
0498
faba
fbc9
0336
fff9
ffa0
027a
ff99
ff83
ffb5
ff35
fe6d
fed7
ffb7
ff03
ff29
01bb
0226
0055
0290
01c3
ff98
0084
ff4b
fee3
00af
0118
0076
01e7
034b
0181
017e
024c
010d
0081
01e9
01f7
01c9
0281
0126
0181
01a4
ff3e
0275
02e6
0070
00a2
0192
00ce
fce1
fc57
ff68
fc91
fc8e
00a9
fb17
0055
032d
fdfd
01fa
01e8
ff1e
fec0
ff1c
fcf4
feba
fe06
fd92
00e8
fe04
ff4d
0068
0080
0147
0225
0174
00a7
02b3
0253
0201
0239
0031
01b9
0087
fe80
fe9d
fd27
fe0d
ff0f
ffbf
0014
fef6
fe2b
ff68
ffa9
ff05
ff9d
0465
0550
00ef
0572
05b7
03cc
0303
03c5
01db
0024
0045
002c
ff2f
feac
ff1a
feb8
fded
feaa
ffa9
ff9a
ffd2
ff6b
ff1e
ff85
ffb1
ff4c
ff96
fbfc
ff77
01da
0374
04dd
fe3c
03ee
0405
fcac
0066
0149
0063
01c5
0347
fffc
023f
0220
ffec
fe14
ff23
01f0
0180
0073
0289
028d
01c2
01f2
0270
002e
fe5f
01f3
0084
fccb
0190
0074
fd78
00d3
00f7
0076
ff66
ff43
ffb9
fe78
fd37
feb9
0380
027c
fee1
0194
fe82
fce1
fec0
fbf7
fdd4
ff09
fd01
fe6c
0523
06e7
03af
fd33
fbfd
fdfa
01af
023f
01c0
013a
0316
021f
fff6
01a1
008b
0256
02eb
00a5
027c
03a2
0249
00d9
0121
00f9
fdf2
0040
01e1
02dd
044f
00bb
0051
fecd
fa96
00d4
002f
ff5c
02d0
0358
ffb5
01ec
0247
004a
00cd
0091
0010
ff89
fc81
fd57
fff5
fe5a
fec4
001a
00d8
0089
0136
01c3
010a
00c1
00d4
0030
038e
0413
00b2
ff3e
fda9
fe7d
fe63
fe59
ffc4
004b
01e7
0084
000c
0378
01d5
fe12
025a
00da
ff13
feda
ff73
feec
fea4
ff79
ff94
ff61
ffdb
fe9b
04ec
0570
fb7b
006b
0437
fa57
fd23
02be
0018
05e0
05a0
05eb
0e02
0956
0122
01a6
01d7
04b4
0687
0229
fcb3
fbf1
fe4f
ff46
fee4
ff1e
0398
ff90
fdb6
0550
fc5c
fa34
03e8
fc56
fc3d
005c
03db
045f
04c8
062b
0461
04ce
03d9
0201
fd99
fbe1
fde5
012f
01a0
007c
00cf
0150
0059
006e
00ea
0037
012e
0288
00a9
00c9
015e
0094
ffd8
0174
02e9
0493
070b
0490
029d
05c3
0502
017f
0257
018c
0179
0098
fedf
fdae
fc03
fd61
002d
0174
0239
0046
014e
0149
0018
0071
ffcc
0093
00d9
00b5
00b2
0157
010a
0193
01e4
00ed
0111
fce0
fc9f
fef1
fc7d
fd38
ff07
fe7f
fe11
0212
0094
fccb
0040
03dd
fa6e
fe9e
03f3
ff63
00a5
0132
009b
01be
024e
00d9
0110
0148
007b
0028
0185
00df
0216
035c
019b
01de
026c
0158
fef4
02b0
0462
fa12
0189
085f
f9d3
fcf1
0011
0081
001c
ffd9
010e
00ca
0086
0178
0206
00eb
018f
0025
0171
faf9
f8b2
fc0e
0137
028a
0380
0333
0393
01bd
fd4e
fc89
fe87
0008
009b
ffcb
01a0
0206
005f
01e6
0177
ffbb
004c
ffdb
ff84
0184
02a7
013e
005f
01b1
004a
0010
0088
ffb6
03f5
0162
fead
ffa7
fc54
fce1
fc85
fb26
fcd2
000c
0013
00cb
fd5f
fe54
005d
fcc2
fc28
00d8
ffe0
ff98
ff8d
fe8c
fec5
ff06
ffe2
fe32
fe72
ff03
ff47
fffb
fe9c
febb
ffbd
ff4d
ff61
ffcb
fff3
ff63
ff77
ffd1
ff0c
ff20
ffd4
ff51
ff5f
f99a
00f2
fe1d
f4bc
00c9
ff34
f6e4
f9b1
fe41
005d
00ef
00d2
0092
014f
00e1
0009
ffd8
0013
fe88
fcdf
fde0
00a4
00ec
0092
ffc5
01e5
01bb
ff78
ff21
ffb0
000a
fd4f
fdc7
ffb3
fd9f
fe5b
ffd4
ff81
ffbf
ff38
fecd
ff3c
ff21
fec7
ff50
ff73
ffb5
0046
ffca
00cc
015c
0051
017c
011e
00ab
ff55
fe57
02df
00a5
fe80
031a
0212
ffc0
00a1
02c3
0181
025c
03a4
0283
007b
020d
01b2
00b3
fc62
fdef
0371
f913
01bc
022b
fa02
004d
fd31
01fa
009b
fc07
018a
0394
fe7e
fec5
029f
ffd4
01e3
0310
032f
0369
03a7
0344
00fe
0220
ff60
fe60
ffec
0190
fb2a
04ec
0060
fb3a
048e
0011
ff91
ff72
fc97
fb52
fdaf
02c0
05d4
0315
fdd4
fdbf
fe1f
ff8b
fd7f
fdbf
0107
001e
ff6e
0038
ff60
ffd5
006e
ff4f
0163
02f6
01e6
019d
fe29
fdf5
ffe4
fe8d
fc71
fdff
ffe5
fe60
fee2
0270
04cc
02ea
ff88
fcb1
fb81
ffb1
fee0
ff14
02ea
07f8
0350
feb5
0106
0129
fd91
fc09
fe89
006d
fe85
fe33
00cf
fe85
fdf8
00a9
fffd
ffad
ff39
fed9
000b
fed7
fee8
ff67
ff3f
ff9c
fea9
01ac
00e9
007c
ffd6
ff09
fe7f
ff49
fe1b
fd56
029a
0371
0235
fe55
fc86
fdb5
ff1c
ff74
ff5a
fcb9
fd34
0019
022d
038c
013c
0200
019e
ff38
0165
00ba
ffbb
feab
fbab
fd75
ffe8
fef8
ff67
fbcb
f968
fb63
0126
01c6
ffed
01fc
05bb
02ec
fd67
fe71
012e
fcdd
ffb2
0405
fe4e
00b9
034c
0151
0304
02db
0104
03a3
030a
009d
022a
0266
ff80
00ee
0197
01db
02df
0080
fdf1
fce3
fd1f
ff7e
ff5e
011e
0145
01a2
0105
013b
0392
024e
ffa0
ff17
ff3f
ff59
fe79
ff12
ff81
ff5b
000f
fecf
03a5
0319
fb67
ff53
03da
fcb7
fd1f
0186
ff96
01a1
02dd
fb41
0163
03b4
fc60
fe9f
029a
011c
0258
0156
0051
0157
00e0
ffae
ffba
001a
ffde
ff75
0399
0220
02b9
06b6
01da
043c
0466
ffc4
0037
fff0
00ad
015e
018b
00eb
01ea
01e8
ff80
feaf
ff79
ffc6
feda
ff58
00b7
fea6
ff3c
ff75
ff35
ffa7
ff3d
feb3
ff80
ff9e
ff79
ffe4
016e
0226
001b
0522
021f
ff86
043d
018f
fe78
fd1d
fc88
fd8e
fd22
fde2
fd96
00a6
00f2
ff1c
fa63
f7f0
f7ed
0185
01fd
01a6
042c
065e
06ee
ffbb
011a
0142
0105
0258
0160
00b7
00c0
ffee
ffa5
0060
0009
fe3f
fc60
fd60
0169
0357
02aa
ff95
fead
feef
012a
0275
02cb
ffd3
fdf3
fe0a
0063
00a7
0042
0019
021c
01c2
ff4c
0122
0220
02cb
f9b1
0361
025e
f8b7
0410
0090
fdaf
01a3
00be
00ca
018d
02de
04d8
02d7
0227
0539
03c0
f8c2
ff63
0006
f9e3
0362
0314
fc03
0547
03d4
ff7c
ffa0
ffc7
ff21
fe96
ff03
fffb
ff07
feed
fff0
004e
0076
0036
ffd3
0021
ffa9
ffd5
ff6c
ffaa
ffef
ff92
002f
ff82
ffb8
ffe5
ffdd
fff6
004c
0014
ffe5
00d6
fff2
ff58
fff6
ffe7
0003
ffd8
ffc8
ffc4
0037
ffec
0043
005a
fff5
0067
ffe8
0008
ffa3
ff79
0061
ffef
0026
0047
ff8a
ffd8
ffbf
004b
fff3
0011
0025
005d
fff6
ff49
0020
0065
fffe
ffb4
ffed
0009
009a
001f
fff7
fff0
ffe2
fffd
002c
ff8d
ff6a
0077
ff60
0058
ffdd
ffb4
ffe1
001a
fffd
ff8c
ff0f
00da
fff1
001a
000e
0066
ff6b
fff2
fff0
ffe3
0079
0004
000c
ffc7
ff37
0031
004a
0010
0043
008b
00d7
0053
00c9
0037
0021
002c
00b4
fff9
0048
003a
ff55
00d5
0031
0086
0020
0044
fff5
0069
ff9f
ffb5
004f
00b0
ffb4
ff17
ff4b
ff77
ff85
0007
fff0
00e5
0000
0000
0000
0000
0000
0000
0000
005b
0041
0035
0011
002f
ffc0
0033
001e
ffdd
0030
0048
004e
0059
002e
ffc8
0055
ffd8
fff9
0043
fff8
0050
004c
ffb6
ff87
002d
ff92
ff94
ffca
0055
ffdf
fff5
002a
006f
001f
005e
0043
ff90
0026
001a
0065
ffde
ffd3
0036
005a
ff84
0029
ffc4
0065
fff4
ffd5
ffeb
0005
0017
fff5
0033
0031
ffba
ff9f
ffb1
002b
0003
00d5
007f
0036
ffba
0039
00d6
004b
0080
00a4
0018
ffe6
ffb7
002f
00a2
0003
ffcc
ffc3
0003
ff79
ffea
0054
ffe8
ffc2
ff84
0012
0014
0004
ffae
00b4
0015
004e
ffc0
ff4b
ff9c
004a
0011
0067
ff4a
fffe
0053
ffbf
004a
0013
0005
0089
ffed
0032
0005
ff5a
ffce
00aa
0004
ff6d
0027
ffdb
ff2d
003e
005f
00a2
0046
ffb1
ff84
ffd8
fff0
0054
ff7a
009e
0000
0000
0000
0000
0000
0000
0000
00a4
ffb3
000e
ffd7
0021
0054
fff6
ffc2
ffa7
0003
0038
ffb4
0081
ffcf
ffa9
0053
ff6b
00b2
ffb6
0003
ff78
0029
ffea
ff63
fffe
ff36
0079
ffff
ffde
fff7
ff65
fffb
00b3
ff7e
ff57
ff46
ffee
ff8a
ff8c
0021
0024
0006
0026
0058
0036
0008
0027
fff0
0066
ff7a
0061
0044
0043
ffc7
000c
ffa9
0062
005b
0009
ffec
ff68
fffa
0030
ff71
0067
0008
ffb2
0023
000e
ffe6
ffbe
ff1a
0001
ff89
ffc6
ffae
fff4
001d
ffd9
fffc
ffc8
ff5a
003d
fff7
ff67
009d
ff77
0057
0044
ffbd
0040
ffd7
ffd0
0084
0016
0017
ffab
ff90
0020
ffc9
0024
ffd0
003d
005c
ffcb
000a
0036
ffd3
004c
ffb9
fff7
fff6
00b5
ff42
ffd3
ffec
ffd8
ff4d
ff5a
ff55
001b
ffc5
0010
ffba
ffe4
ffd6
0068
0014
0000
0000
0000
0000
0000
0000
0000
fff7
ff34
ff9d
ffa9
006b
00c7
0041
ffde
ffdf
0027
ffea
ff65
ffcf
ffee
0056
ffe7
0072
0016
0030
0015
ffb7
0031
00b4
ffaa
fec9
ff85
fef9
ff7b
ff82
0012
ff81
ffe9
0027
ffee
0014
007d
0059
0090
0011
002e
0005
001f
0001
0014
ffaf
0019
0046
0023
0059
ffdb
001d
008d
003c
ff03
0040
00a7
ff93
0112
0018
ffbc
ffcf
004e
fefb
fff9
ffe9
fffd
ff76
ff98
00ab
ffd3
0044
ffd3
ff39
0085
0009
008d
002e
0030
ff6c
00b5
0064
007b
ffc6
0047
ffbb
fffa
001a
0058
ffab
ffaf
0087
ff3f
0062
003f
0034
0023
ff6a
006f
0067
0005
ffb6
ff7f
0031
ffe9
ffba
ffe0
ffbb
fff7
0062
00aa
ffe8
0063
ffd4
ff9b
000e
fff7
ff04
001f
0056
ff0a
ffd6
ffeb
ff85
ffec
002f
0011
002c
0022
0000
0000
0000
0000
0000
0000
0000
fffa
00e5
0006
0065
003f
ff87
ffdb
0057
0004
001f
ffc7
ffe9
ff8a
ffbf
ff90
ffef
ffc6
ffbb
ffbc
ff6f
ffe2
ff76
00b2
ffb0
ffa3
ffd9
fffa
0038
002a
ffb1
fffd
0079
006d
ffca
ff40
005d
ffd5
ffa5
ffc1
ffa2
0030
ffb8
0096
ffde
0036
0054
0094
ff95
000b
0064
ff96
0030
004b
00a7
0007
006d
ffbe
0037
0002
fff0
ff71
ff84
ffb1
004d
0025
006d
ff9d
0060
000f
ffd9
0079
ffa3
ffe8
002a
ff91
0048
ffe2
ffdf
ff81
ff27
ffc8
ff56
ffdb
ffbb
ff6d
ff7c
0065
fff0
fff0
ff89
008d
0038
0018
0093
ff6f
ffe6
fec2
ff60
ff5e
00a6
004e
ff4c
fff6
ffac
ff4e
0061
ffbb
ff2f
ffd5
ffb6
ff8c
ff8a
0070
004f
ffe1
0054
ff9d
0048
ff97
ffd8
ff57
ff85
ff92
003b
ffef
ff67
00a9
ff9c
0000
0000
0000
0000
0000
0000
0000
ff7f
00b0
ffc1
0029
0052
003b
0053
003c
0059
0008
008e
ffd2
ffe8
0027
00e4
00a0
0015
ffef
ffa3
0051
0069
007c
ff77
0050
0026
0038
005c
00da
ff7b
ffa4
008e
0081
0010
0007
ffd2
0050
ffd5
0125
0079
ffd7
003d
0002
003a
ffaf
ff8e
ffe1
003d
ffb4
ffd6
0008
0002
0071
ffab
ffbb
0024
ff52
ff94
ff92
005b
0025
0049
0029
002a
ffbe
fff4
0066
ffb3
00e4
0096
ff91
001d
ff80
ff0c
003c
ffe1
fff6
ffcf
0024
fff5
ffe6
0094
00aa
0006
0060
007b
fff9
ff9c
0024
ffa9
fff3
0079
fffa
fff5
0026
ffd2
0013
ff3f
0021
fff7
0072
005e
ff6f
00d4
001b
ffc6
008f
0012
ffba
00ac
fee1
0058
ffd4
0006
ffe5
ffde
ffee
ffb4
ffa7
ffeb
ffa9
000c
ff7b
ff8d
ffdd
0079
fffc
fe84
00dc
0000
0000
0000
0000
0000
0000
0000
0096
ffb5
0017
ff76
001e
ff90
ffa2
0035
0003
ffcb
fffb
00d1
0045
0006
fff5
ffac
ffca
00c7
000c
0004
ff92
00a8
ff98
ff49
ffc5
0027
ffec
001d
0018
ffb2
fffb
ffb6
0030
ffee
ffb1
000f
0019
0032
ff83
ff6e
0035
ffde
0030
008b
ffed
ffe0
001e
0017
ffde
ffa5
000f
000c
008d
ffdb
ffff
0078
ffb7
ff92
002c
ff82
005b
0031
ff1e
fffa
ffce
006e
ffdc
0011
ffc6
0074
feff
fffc
ffda
ff9a
fef3
ff8a
005a
ff7f
0055
0007
ffe0
0088
ffe7
ffd4
0013
fffe
0006
ffdd
0013
ffca
fffa
0007
0006
0041
0028
000a
0017
ffab
ffb3
ffde
ffe2
ffc2
fff1
ffcf
0016
ffda
ffc2
ff8e
0029
ffa0
ffe9
ffff
0113
fff5
002a
002a
0013
0060
ff34
ffad
0045
fff0
ffb1
ffea
ffdc
0041
000c
ffb6
0000
0000
0000
0000
0000
0000
0000
ffa4
0012
ffd3
005c
004a
0064
0062
002b
00de
0009
0081
ffac
00ea
001f
00d1
0024
ffcd
ffb1
ffd9
000a
ffc1
002b
ffd6
ffe1
0011
004b
0072
004c
00ce
0060
fffe
0062
ff7a
0036
ff83
003b
00b4
0093
003d
00f2
0002
0003
ff99
0026
0006
ffd0
0058
0039
ffd8
0013
ff72
ffb2
0038
ffe2
ff6a
ff6d
0007
ffb7
ffeb
0081
ffea
ffee
00bf
ffbb
ff94
fff6
ff28
0027
002e
0011
0044
004d
003a
ffdd
002b
ffc7
0027
005d
00c6
0018
ffc7
000e
0010
ff5e
00d0
0081
0060
ffe8
fff7
ff32
003e
ffdb
000d
008d
000a
0009
007b
ffec
ffbb
000a
ffb3
0050
ffcf
003b
0002
002b
00de
002c
00b6
fff8
ffdd
ffb0
0030
ffb6
0002
ff9c
0068
001e
ffce
ff41
0001
0036
0036
0008
0081
0067
ffe0
0007
0000
0000
0000
0000
0000
0000
0000
0002
ffd2
ffce
0056
0091
ffc0
ffc4
ffc0
ff7d
0021
ffe3
0014
ff83
0037
ff21
0030
003d
fff3
007d
fff1
ff96
ffc4
ff2d
ffdd
fff4
008d
00fa
ffd3
ff81
0048
ffea
ffe4
0004
0063
ff50
005b
0007
ff92
0097
0024
fff9
ffa5
00e7
fff8
ffe3
0016
ffe5
fff3
0003
0093
0042
ff98
006a
ffcf
0015
ff9b
ffda
ffc7
ffe9
ffc2
ff9a
ffc2
ff22
0007
ffbb
ff82
0087
ff94
ffb4
00ab
ff73
ff00
ffb9
009a
004e
fff3
0001
ffe8
ffb4
00e9
fff4
00f7
ffef
00f0
0016
ffeb
ff87
002e
ffe5
00e4
ffe4
ffaf
ffbc
0044
fff0
0025
ffd8
fff0
004c
ffe6
ffdd
ffe6
ff9a
fff0
fffd
ffcd
00e1
ff9c
ffcc
ffde
ffef
00a8
ffcc
001c
ff66
ffe1
ffae
0054
0046
fff1
ffd4
ffe1
002b
0042
0003
0059
ffd5
0062
0000
0000
0000
0000
0000
0000
0000
0046
0011
000a
ffdc
ff95
fff3
0003
ffba
ff7c
ffa5
0015
002e
0003
ffdd
00b0
ffe6
ff3c
ffc7
ffd7
001d
ff97
ffdd
fffb
0033
000e
0025
fff3
ffa8
002a
0060
0010
0002
ffbd
005f
ff99
0052
0071
0075
ffab
0052
0029
0053
ffbc
0006
ffdf
ff62
003a
000f
ffe4
fffb
0028
ffbf
0044
fff9
0010
fff4
ffbb
0030
ffec
0027
fff6
0022
0080
ff55
0058
ff86
fff5
ff9a
fff1
001d
002b
0089
fff1
ffbd
0035
ff73
fffc
0009
0054
0026
fff0
ffe3
ffd1
008d
006e
fffb
003d
ffe8
0024
ffbe
002e
ff8d
003e
005a
ffdf
002e
ffe8
0009
fff4
ffca
000f
ffbd
ffae
0019
001e
0022
ffc7
0070
ffe3
ffc7
ffa1
0033
0012
0027
ffd9
005a
0035
ffe2
ff91
ff50
0024
ffe3
0001
0058
ff55
ffda
ffdb
003d
0000
0000
0000
0000
0000
0000
0000
ffa6
ff8c
0024
004a
ff73
0031
0058
ffc4
0047
ff79
0044
ffe2
001b
0010
ff89
0037
00b1
003a
00f9
003a
ff4f
0018
ffcf
001f
ff28
ffca
001d
ffc5
0049
0059
ffc0
ff87
ffff
ff45
ff29
0063
008a
ff7d
fffd
fff1
fffc
ffc6
ffd0
0033
0030
ffd1
ffe3
0012
004c
ff82
0033
ffe4
005d
001d
0077
ffff
0027
0016
ffd9
008f
ff12
0033
00fc
ffde
0024
ff81
ffd2
fff4
007e
fff1
ffd0
0077
ffdf
ffe6
004e
000c
0002
0098
0029
008c
0010
000c
ffd0
ffab
0026
ffff
0071
0031
0033
fff0
0005
0009
ffcc
ffa5
ffdf
00b6
0030
fff7
ffea
ffb8
ffab
ffe8
012d
0024
0018
ffc2
002b
0002
ffc0
ffc8
000d
000b
ff95
0001
ffae
ffbe
0001
001a
ff3a
ff55
000b
ffb3
ffa0
0072
ffe3
0002
ff49
0043
0000
0000
0000
0000
0000
0000
0000
001a
003f
fff1
ffed
000a
0056
ffca
ffff
0022
ffa8
ffc5
ff67
ff54
00a7
ff6a
ffb2
014e
ffc5
ffde
ff81
004e
0010
ffd7
0055
ffb5
ff58
fffd
ffdd
0019
00ba
004a
0057
ff96
002c
003e
0076
ffc5
ff9d
003b
ff5c
0011
ffdf
fff9
fff9
0029
fff8
0036
ffcd
0051
0092
0043
ffaa
fffb
ff0b
007a
ffba
0041
ff91
000f
ffe5
009a
001f
0078
001a
ffa1
000f
00c7
ffb4
0011
0047
ffa7
007a
0058
ff9e
ff8e
fff7
006c
ffed
0128
ffea
001c
ff67
ff73
fff6
00ae
001d
0021
0006
000e
00d0
002a
004b
ffe5
0058
ffce
ff90
0064
ffec
ff9e
0017
0024
00b3
ffc0
0013
ffd8
ffb6
fff0
00c0
ffc6
0137
0052
00ba
0022
fff4
0027
ffcd
00da
001d
ffc7
ff86
0015
ffd0
0073
0046
ff9f
ffe2
ff90
0017
0000
0000
0000
0000
0000
0000
0000
ffa1
0029
ffea
ff7d
0082
fffb
0052
fffa
00a4
0064
001c
ff82
0069
ffa0
002e
0066
ffcc
ffb5
001a
fffb
ffbd
ff6e
0020
fffa
ffbc
ff23
0094
fff6
ff98
ffe5
0090
fff7
ffef
003f
005a
0015
ff68
ffd9
006d
fffe
0036
00f8
0069
ffcf
00a9
ff97
000c
ff6e
00a4
008c
ff2a
00a7
ffb0
ffe3
ff79
fff3
014c
0036
ffe6
00ac
ff73
fff0
ff6c
ffc0
007f
ff8e
002e
fff7
ffea
0029
0005
000b
0197
0023
ffd2
0052
ffac
001e
ff9b
ff61
000b
006b
ffc0
0051
01b4
fe71
ffae
004e
0017
0005
0058
005b
fff0
ffc5
ffc1
0092
0066
0087
001a
0012
0032
011f
000a
004b
ffe3
fff5
0052
ff4f
ffc7
ff95
ff8a
ffd5
ff61
0012
ffd3
ffe8
0176
ffc1
0062
ff92
ffd4
0055
0044
ffe0
00b4
0032
001d
0034
0000
0000
0000
0000
0000
0000
0000
ffe1
ffcc
0036
0002
0036
0036
0044
0022
ffc7
ff6b
ffe6
005f
fff2
0067
ffd5
002d
ff93
ffc2
0028
0042
000a
0007
001d
ff82
ffa9
0001
004a
0047
0072
0005
fff0
fffb
000b
003a
004d
fff9
0048
ffed
0063
0051
ffa7
0057
fff4
0009
ffaf
fffe
ffbc
001d
0026
0039
ffd6
000b
ffd8
0069
fff8
ffe2
000e
ff97
001c
0021
fffa
0075
0062
0001
0043
ffe9
ffa3
0032
0069
001c
ffc7
005b
fffc
ffdc
fffd
004b
fff0
ffd1
005e
0027
ffe8
007d
0058
ffba
fff5
ffe4
0005
fff1
ffc1
ffa7
ffdf
ffde
ffdd
0001
0006
001b
004d
ffe7
ffa1
ffde
ffcc
000f
ffc4
ffa4
ffce
ffed
0059
0019
ffd1
ffad
0066
ffbf
ffad
0034
0083
ffee
ff6d
fff2
005e
ffc8
fff0
ff73
ffe4
0003
ff66
004e
0168
0061
0000
0000
0000
0000
0000
0000
0000
0053
ffa1
0039
0036
ffd1
0065
ffc9
003f
ffd8
001b
0042
0030
ffce
000a
002a
ffee
ffca
0004
000a
0006
ff87
ff7f
000f
ffc9
ff9a
0034
ff93
0044
ff98
ff9f
fff8
ffdc
ffcf
ffdc
005b
0056
ff91
0011
ffc2
00d7
001a
0001
0006
00af
ffc8
ff7e
fff2
ffb0
0022
0019
ffa7
000d
0054
fff1
ffeb
003e
ffe2
ffc0
0014
0007
00c9
ffc7
0022
ff94
004f
ff6b
ffcb
0000
0053
001b
0032
ff75
ffea
ffaf
0062
ff58
0031
ffeb
0060
000b
0022
ffb2
0021
000b
0021
0007
006c
ffb9
fffd
ffec
fffd
0021
ffec
0040
0086
0065
fffb
ffc8
003c
ffc8
ff84
001c
ff89
0018
002d
000b
ffd1
ff81
0033
00f2
fff2
0007
ff9d
fffa
0003
007a
0009
007c
0035
ffa1
0069
ffc5
ffb5
006e
ffd8
0060
0034
ffd1
0000
0000
0000
0000
0000
0000
0000
0015
ffa2
0026
ff9b
003c
ffab
007b
0009
ff70
ff8f
0046
ffed
00d6
ff97
0014
fff7
fe68
ff70
ff94
002b
000b
0002
0040
0086
ff8d
ff9a
ff15
fff4
0012
ffdd
0048
000c
0026
0042
ff5b
ffe0
ffe6
ffda
000d
0018
005b
ffcf
ffb4
fff4
0018
002e
003f
ffd0
ff7a
004e
ff7b
0067
0085
ff82
0004
0019
ffe8
002a
ffe1
009a
fff1
fff2
0076
ffd1
0028
ff8a
ff56
ff46
0033
002e
008b
ff6c
0024
003d
00f2
ff6b
00b7
ff98
ffaf
008e
0022
002f
0040
0043
0031
ffdb
ff66
0029
ffb7
ff8c
ffff
ffe2
ffdf
0057
003c
00b5
0033
ffff
00a5
0019
0027
004e
fff2
0094
0012
ffe0
ffdf
fff9
fff5
ffa1
0060
0005
fffc
0000
ffd1
00b8
002d
0042
ffbe
0149
ffcb
0024
fffc
0050
ffc6
ffd6
ff79
ffe2
0000
0000
0000
0000
0000
0000
0000
0038
0037
002d
0082
0005
ffe7
001e
0015
ffd6
0055
0087
ffcc
0057
004c
002e
00a1
0002
ffc4
0042
fff6
ff6b
ff77
ff91
ffb1
000c
0047
ffe1
ff94
ffce
0051
ffd2
0035
ffb8
ffe2
ff3a
ffb0
0096
003b
ffc0
00c0
005c
001e
0023
0048
fff6
ffbb
ffca
002f
ffda
0030
001c
0039
0035
ffff
ffb0
0044
0019
0047
001c
005b
0042
fff0
0003
ff82
ffbf
ff7a
006c
ffe3
ffc7
002a
001e
004d
001d
0054
004c
ffe4
0040
ffee
ffc6
ffeb
0017
008d
0001
ffd0
0090
0011
0040
005b
ffe6
0034
0047
0005
0098
0049
ffba
008c
0082
ffc9
ff96
000b
0040
00b3
0073
ff9e
ffea
fff9
0040
008c
0058
ffb9
0000
0030
febb
0025
ffe3
ffbb
0013
0052
ffb3
002a
ff9e
005e
0069
00ca
fff6
0020
0000
ffcb
0000
0000
0000
0000
0000
0000
0000
0007
0038
0018
0038
004e
ff42
ff8f
0024
ffa0
0011
004f
0024
0072
0058
ffc5
fffe
ff6d
ffb5
001e
0069
0088
ffdf
ffe2
ffd4
00ae
0065
0081
ffe0
ffeb
ffef
0016
0079
0091
ffff
0023
fffd
0042
ff2a
001d
ffc4
fff3
ffba
ff34
fff9
0061
ffda
ffe7
ff9b
ffd3
ffa5
ff1d
ffdb
0040
0042
ffcc
004b
0021
ffd6
001c
0017
006a
ffb5
0038
0001
0048
0061
ffae
ffe0
0030
007f
fffc
00ac
ffe1
ffa1
ffe1
003a
0078
ff83
0014
0050
0022
fef5
0068
fff1
fffb
ff7a
ff96
0024
ffb7
ffce
ffdc
ffa4
0062
001b
0017
ffb3
ff3b
ffe3
007f
003e
0024
ff59
0022
0040
0016
fff7
ffc6
ffcd
002c
003a
ffc8
0028
ff6e
003f
0083
00ce
006f
fff6
fff6
ff32
0014
ffc2
ff7a
ffb9
ffd0
0007
ff41
ff4f
0000
0000
0000
0000
0000
0000
0000
ff7e
0029
000f
fffe
ffe9
ff7f
005d
ffed
ffe9
002a
fffd
001e
0051
005d
ff4c
ffb9
0090
ffe9
0020
0063
0058
003c
ff83
00b0
ff7f
001a
ff81
001f
000c
0027
005c
0029
ffd2
0028
ff8b
001d
ffdc
ffb8
002f
ffe6
0021
ff54
ffe0
ffa4
ffda
ffe2
ffdb
ffc4
ffff
ff9b
ff35
ff3c
ffcd
ffd9
ffbd
fff7
002e
008b
feff
ff93
ffd8
000e
ffc9
0018
ffcc
ffed
ffc9
005b
ff50
ffac
fffd
0065
ffb3
0056
ff59
ffe2
0001
0046
ffda
0013
002f
0074
ff8c
ffd0
0016
fefc
0018
000d
0059
fffe
0082
ffc4
0005
0056
ffdf
ffd8
ff65
ffcb
0013
004e
0046
ff0f
ff83
0070
0054
0019
ff94
ffad
ffaf
ffb7
0063
fff7
00bc
009b
ff86
0030
ffd8
ffdb
ffab
fff6
ff77
ff90
ff7d
ffb5
0005
ff92
ffc7
0010
0000
0000
0000
0000
0000
0000
0000
ffd5
001a
ff8f
ff9c
ffc0
ffb5
ffb9
ffdc
ffd9
0018
ffaf
ffcd
ffcd
0010
003c
0040
ff83
0066
0016
005c
fffc
00a5
0017
001c
0031
005b
0038
0052
ffd6
ffe3
0007
0016
ffb9
ffa7
ffac
ffc4
ffe6
0058
0013
ffad
0033
ffba
0033
fff2
ffcc
ffd7
ffd4
ffa2
ffa4
fff4
ff86
001f
0035
001d
001f
0048
0031
0067
ffe4
0036
0040
fff4
0025
002d
0004
0020
ffe0
005a
001d
ffd6
ffa6
0005
0063
0000
ff89
0047
0003
ffff
0040
ffc7
ffd5
000d
0053
005e
ffed
ffca
ffea
008c
ffe3
fff6
001b
0025
ffcc
ffb6
0029
002a
0047
ffd1
ffe5
ffee
fff4
006a
ffac
ffb7
ff96
003c
0025
ffea
fffe
fffd
0013
ff99
0028
0036
ffad
ffe1
fff7
0017
ffb9
0029
006c
ffed
002e
ffd1
ffea
ffcd
ffe0
007f
0000
0000
0000
0000
0000
0000
0000
006f
0014
0082
ffb6
ffef
002d
002c
ffee
ff5a
ff9c
ffef
001b
ff98
000f
ff2b
002a
0048
0050
ffe4
0022
ff89
ff8d
0000
ffd0
0071
ff66
ffeb
003a
fff7
003d
0013
004e
ffe8
fff2
ff9c
0061
0003
0050
ff61
ffc9
002a
fffa
00d0
ffec
ff40
ffee
006a
ffe6
0038
ffe5
ffd2
0055
0027
00eb
0009
0018
ffc4
ff60
ffc9
0064
ff8d
ffbf
ffb0
ff99
ffcd
0003
001a
000a
ff95
ffaa
fff6
0043
ff79
004f
002a
ffff
ffe6
ffd8
ffb4
ffc2
ff72
000a
ffe6
001e
ffb2
ffe1
ffcf
0051
0028
0061
003b
ffce
ff20
00a0
0095
008a
ffd2
009d
ff3d
0036
0008
ffba
00b2
0041
ffef
ffc3
0044
ff61
006d
0032
ff92
ff1b
ff87
ffae
ffdc
0013
ff68
ffc5
ffc5
ffed
fffc
ff0e
ff0c
ffca
fece
0010
ff78
0098
0000
0000
0000
0000
0000
0000
0000
fffd
ff62
ffeb
ffbf
ffe7
0059
0091
ffd6
0007
ffb1
0069
ff72
003f
0058
ffab
ffcd
0018
0038
0058
ffcb
ffcc
0022
ff8e
ffd5
00b4
ffaa
ffb3
0034
0061
005d
0016
ffc5
0001
ffdc
ff82
ff29
0096
ff7e
0055
ff8a
ffbe
0014
005c
ffe4
fffb
001c
ff87
0009
ffab
005d
006d
00af
005e
006c
00a3
ffc4
0011
0036
000c
0083
00d6
002b
0031
0004
ff6f
0026
0017
ffe9
ffbd
001f
fff2
ff8a
0012
0172
0046
ffda
ffbf
0008
fee9
0066
000b
0012
ff95
009d
0082
ffe7
00bd
000c
ffdd
000b
0000
001a
0035
0005
0039
0014
0018
ff74
ffed
000f
ffcc
0019
0094
003d
0012
ff4c
fff7
0036
fff2
0074
0001
000a
004c
000e
ff81
008f
ffd1
0039
ffa5
ffad
ff85
fff0
ffe9
0043
ffdf
0014
00a3
ff8a
0000
0000
0000
0000
0000
0000
0000
ffbe
006e
ff94
ffe3
0007
010a
ffc6
0092
ff9f
00cc
0030
fff1
ffc3
0013
0081
fffb
ff18
004d
00d8
00d9
ffbb
fff1
003c
fff0
ff7e
ff43
fff1
fffb
004e
0037
ffc6
006e
ffbf
ff87
ffda
ffb3
ffa6
ffc3
ffb9
ffcd
0035
ffe9
ffdc
ffed
0019
fffe
ffdd
0080
0039
004f
ff90
0081
ffd2
0016
ff90
ffd7
0048
ffe1
0017
ffdd
ff31
ffe3
ffb9
005e
ff9b
0083
ff60
ffe5
ffd4
ff92
ffa7
0031
001c
0057
ff5d
0063
ffeb
002c
fffd
ffa7
0010
0003
ff52
ff5a
ffa7
005b
ffbf
0030
0026
ff69
0000
ffb5
0005
ffe7
ffa6
0045
00a7
ffba
fff0
003d
0005
0051
001a
0065
0002
00af
0018
0051
fff3
ff51
ffc5
003f
001f
ff23
ffd2
ffca
ff7c
0066
0047
00ad
0014
0010
fff4
ff70
0011
ffde
0014
ffd1
0000
0000
0000
0000
0000
0000
0000
ffc2
00d6
0021
ffe7
fff6
ffa5
fff9
00b0
ffbb
0081
ff8b
00a6
ff72
0089
017c
ff6d
ffeb
0019
ffd5
fff9
ffef
0047
ffa1
0093
ffcb
fe62
fee5
ff99
fff9
0016
007f
00c3
ff9e
ff80
ff88
ffd6
ffd1
01aa
ff75
001e
0094
001d
ffb2
ffca
ffce
ff8b
ff8e
ffc9
ffce
0010
00b9
ff5b
0013
ffc8
fffa
0096
ffb2
ffea
002c
0029
0063
ff97
0083
ffae
0043
003f
ffd5
ff7e
ff54
0065
0058
ff7d
005c
00fd
ff8c
ffff
ffb1
006f
003e
0034
ffe1
ffcc
000a
0016
ffc7
0092
0072
004d
0053
ffe9
0082
ff77
ffbb
0062
ff8c
00af
000f
ff65
fff2
001e
000d
0041
ff55
0019
001a
ffcd
ffd5
008f
ff5c
ffad
0001
00d0
ffd2
fffb
ffcb
ff02
0000
0055
0027
ffdb
0036
006a
00dc
ff47
001c
ffe0
ffa7
00be
0000
0000
0000
0000
0000
0000
0000
fff7
00a0
ffdb
ffc8
ffe2
0015
fff5
ffbf
005b
0044
0032
00bf
00ca
ff50
fef7
ffb4
007d
ff6b
0039
00ae
0008
0002
004b
ffd2
ff99
0066
001a
005c
00fd
ffa3
ffe1
0033
ffc5
ff92
ffb7
ff94
ffd0
ff19
ff60
0056
0011
ff15
ffb3
000d
002f
ffba
003d
ff9b
0045
ff1c
ffa7
0011
ff8b
ffdb
0008
0075
ffb6
0032
ffc3
ffe9
ffb9
0006
0051
0011
002f
ffc9
004b
0067
ffa3
ffae
0032
fe79
ff50
ffb2
0095
0027
ffb0
ffe0
ffdc
0009
0004
0017
0043
ff70
0096
002d
ffce
000a
003d
0069
00a2
006b
ffec
000d
ff30
005d
fff6
ffe0
003a
fffd
008f
ff8f
0038
0027
0072
ffdb
0087
ffa6
ffdb
ffda
004d
fff3
003a
ff9a
0000
ffbb
00ab
001d
00c2
004b
0032
003d
ffc5
fff6
0059
ffb2
ffde
ff24
0000
0000
0000
0000
0000
0000
0000
002c
ff5e
0012
007e
ffb7
ff71
0025
ffe5
0016
0000
0088
fffe
00ba
006a
ff66
0056
00a8
002d
0032
00be
000e
0099
0024
ffdf
0068
004f
0080
ffcc
fff6
ffd7
002f
001d
0043
ff88
0017
ffc3
000c
ff66
004c
ff97
ff9e
0054
009f
0007
0030
001f
000c
000b
ffbd
ffbb
ff51
0040
0020
ffbc
ffb7
0023
0039
0039
fffd
003f
0021
0035
005e
001e
0052
0024
0024
000a
ffc6
0084
006b
ff31
ffbd
0020
ffd6
ffe1
ffd9
002a
ff68
0039
002c
00b9
0045
0049
0090
ffda
00a2
fff5
ffe9
002a
0052
ffbb
ff4e
ffd5
fff1
001b
ffee
ff86
001e
ffe8
ffd7
ffae
0071
ff8f
ffca
0030
000a
ffcb
ffd1
0076
0012
0084
ffe4
ffde
0067
ffee
0020
ff6a
ffee
0072
000f
ff78
ff76
ffbc
000f
fff4
004a
000c
0000
0000
0000
0000
0000
0000
0000
ffa9
ffb9
003a
0020
ffac
0032
0085
fff2
002f
0009
001b
ffd1
002a
ffb5
ffdf
ff7d
ffb8
ff73
ff8e
0042
00f8
0045
ffee
00a8
ffd1
0082
fef7
003d
ff82
ffb1
0054
0013
002a
002a
ffea
0021
ffa9
0007
001f
ff9c
ffd8
002c
0010
ffe1
000f
003e
003c
ffde
ffd6
ffd1
ffdf
005f
fffb
000b
007a
ff90
0000
ff60
0014
0020
0050
ff9d
0059
001d
ffb9
fff2
fffc
ffee
0044
ffef
00dc
000d
0000
ffa6
0089
0005
0019
001a
ffc0
ff98
0000
fffc
0011
00ac
0076
0043
fff4
008c
0024
fffb
0079
0011
ff78
ffee
0053
001f
0009
0043
ffae
0002
ffea
ffdf
ffe1
004f
fff9
ffe2
0027
ff8d
0017
0093
ffe1
ffff
ffee
0017
ffda
ffc0
0076
0024
ffdc
fffb
ffb8
ffe1
ffe4
0041
ffd6
ffd8
005a
ffdc
0000
0000
0000
0000
0000
0000
0000
ffdc
002b
0049
ffc8
ffea
ffe5
ffff
0032
000f
00b3
004e
ff94
ffe4
ffee
0065
0038
0010
0027
ffab
ffe7
0078
ffc2
fff3
000a
ff92
008b
0017
003c
ff7a
0020
006c
002d
0065
ff74
ffb1
ff51
0045
ffa5
002e
ff6f
0050
006c
0019
001b
009b
0087
003c
0046
002f
0039
ffe0
0041
ffff
0016
0032
0014
00f7
007a
ff8d
0001
0022
ff91
006c
ffd4
fff8
002b
ff82
004a
ffca
004d
ff5b
ff4a
00ce
0025
003e
001a
000e
ffd4
0013
ffe3
004c
ff57
007a
0066
ffb3
003c
00a7
0007
ffb5
ffd7
006e
ffad
0021
ffff
0008
ffc2
0076
ffdb
0028
0093
002c
009f
0022
ffdc
0012
00a4
ff8e
0019
ff7f
0014
0080
ffc2
0017
ffcc
ff91
0041
ffc6
0013
ffe7
0046
ff15
0055
003b
ffb3
0069
ffcf
ffb4
ff94
0000
0000
0000
0000
0000
0000
0000
001c
0018
ff7d
ff8e
001a
ff78
001a
ffd7
002a
0022
ff9e
0070
ff8e
0051
ffee
00be
ffda
ffa7
005c
0003
0021
ffaa
007f
ffde
0022
0095
006d
fffc
0023
005c
fff7
ffea
ffcd
ff48
0052
ffbc
ff94
00e0
0046
ff90
ffc6
0030
006a
000e
0020
ffb9
fffe
0055
ffdf
ffa6
001c
ffd0
ffc2
ffef
006f
0001
006c
ff8d
ffb5
ffcf
0060
ffed
ffc1
ffcf
ffe9
ffaa
ffb7
004a
ff66
ff97
ff80
ffe3
002a
ff88
007d
0003
fff3
fff1
0042
0013
fff5
fffd
ff86
003b
ff47
004c
ffee
ff28
004c
ffca
ff7d
0044
ffae
ffee
ffa9
ffb8
000e
003e
ffc0
ffee
0006
0019
ffd9
ffea
ff68
ffe4
005d
002c
001c
0076
ffaf
ff40
ffea
0033
001b
00c4
ffd9
fffb
0003
0045
0046
0033
0050
008f
0055
0034
ff8f
0052
0000
0000
0000
0000
0000
0000
0000
ff89
fff5
ff51
0007
ffa1
003b
ffe6
fff3
ff58
ff65
0070
003f
009e
ffd1
ffa5
ff9b
ff4e
ff72
ff95
008d
0091
ff7b
ffd3
00d3
0055
0047
0027
ffe1
ff8a
ffd7
001f
0022
0043
00a9
0033
000c
002a
ff71
0059
ffc6
0082
ffe6
ff8c
ff5e
ffef
ffae
ff87
003b
ffe1
000d
fff1
005b
ff96
ffce
ffd4
ffe8
ffea
0070
ff89
0023
00e4
ffa3
0040
ff91
0068
ffeb
0028
ffeb
ffde
0040
ffe1
0002
ff92
fff7
002b
ffe3
ff7b
fffc
002e
007a
ffcb
001e
ffa1
0048
001a
0000
007d
0046
006e
0029
0007
000b
0003
ffd8
ffc5
ff8a
0071
ffe5
fff3
ffed
ffa9
ffdd
000b
00be
002f
ffb7
ffbf
0088
ff92
0070
0007
ffd3
002a
0051
ff8c
feeb
ff96
0000
ffcb
ffaa
0023
ffa7
ff75
0045
ff48
ffd1
0042
003d
0000
0000
0000
0000
0000
0000
0000
0050
ffb4
003d
ff8b
ffcc
001e
fffa
fff2
fff4
ffc7
002b
0091
0018
0069
ffc3
0053
fff8
ff73
0073
ff4d
00a4
ff39
0040
005a
ffc5
00af
ff79
0065
ffa7
003d
0026
0041
ffaf
ff7f
004e
006f
ffc5
fff9
000d
0006
ffe6
0098
0076
003c
002e
fffd
0078
0004
ffd8
ffe0
011e
0003
0006
ff64
0002
ffa2
ffc2
ffe6
0065
006b
0061
fff8
ffbf
0014
0045
ffe2
ff5b
000f
004b
00d6
ffd7
ffb2
ffd1
ffab
00ae
001e
001c
0025
006b
fff1
fff5
ffe1
000f
004e
ff5f
00d6
ff98
008c
000b
ff5c
005f
0025
ffd9
0016
0001
ffce
ffdc
ffca
ff9d
ffe6
0018
ffe1
002e
0000
005e
0001
ffac
ffbe
0032
000f
ffd2
001c
ff75
ff20
0033
0061
0053
ff93
000d
009c
0046
0054
002c
0053
ff90
ffd8
ff90
ffb1
0000
0000
0000
0000
0000
0000
0000
005d
ffba
000c
005b
003e
ffbd
ffe5
ffc7
00a9
000b
0029
ff96
001c
0008
fffd
0047
0054
fff1
0029
0000
ffc9
ffcc
004b
ff24
0072
008b
0082
004a
0035
ff81
ffdb
ffcf
ffe6
ff8b
0064
001b
ffe6
007a
ffec
ffa9
ffca
ff97
0023
0022
ffc6
ffc8
ffdd
ffd4
004b
ffcc
0030
0098
ffed
ffd7
ff97
0077
0034
ff1b
0014
00cd
ffe4
ffb9
fff2
0007
0007
0036
0049
00a8
001f
0024
ff2d
ff78
fffb
ff5c
002c
ffbf
001d
ffa1
ffce
ff9a
fffd
0001
ffaf
ffbc
000d
fff5
0076
ff51
0056
ffe7
fff5
0020
ffd1
0014
000d
ffca
0033
ffdd
ffbb
ffb9
ffa3
004e
0068
005b
ffba
0059
0036
0013
001a
0028
008c
0074
001c
ffdd
008d
ffe4
0007
ff5e
0034
0099
ffc6
ffc9
ffaf
fffd
0091
009c
0052
005b
0000
0000
0000
0000
0000
0000
0000
0062
ffb7
003e
ffe1
0060
ffe1
ffff
001d
ffb9
0059
001b
ffd7
0081
0004
ff5c
000b
ffd7
ffdb
ffb6
0013
001c
0099
ff8e
0008
ffa2
ffde
ffd9
ffbe
ffa0
0006
0053
ffd1
0056
00b0
001a
ffcd
ff55
ffb4
0033
007a
ff87
ffd6
ffbf
fff1
0001
fff7
fff2
00b8
0015
0019
ffff
001e
0067
0013
004f
0057
003c
0031
0015
ffe7
fffc
ffa5
0047
0049
0036
ffa6
0050
0015
ffac
ff7a
0070
ff66
004c
0046
0011
ff78
0074
0042
ff24
ffde
ffdd
0059
004e
0078
ff0f
0069
0031
0039
ff78
0081
0005
ffd2
ffc2
0006
fff4
ffb6
00a9
000d
ffc9
0009
fff7
0040
001b
0012
00b9
00b0
0033
0092
ff8b
ff8d
ff34
0003
001e
ffeb
0006
00b6
ff0a
ffeb
ffad
fee2
ffa0
0037
ffe1
008d
002f
0070
0046
0019
0000
0000
0000
0000
0000
0000
0000
0006
00a1
0019
00c6
ffd8
0058
ffcb
ffc5
0038
001f
00b7
0006
ff8a
0092
0107
ffb0
ff3e
ffb5
006a
0039
ffa1
005b
ffb2
ffbc
0033
0000
0013
ff9f
003c
002a
ff9b
ffec
006d
0036
ffe1
ffcf
005c
00c7
ff96
ffb6
002e
006a
0004
0016
ffa5
ffd0
fff6
007c
ff94
0047
001d
00b2
ffb2
0071
0045
0005
ffbf
ffff
ffc0
fffd
ffee
ffc1
004c
ff92
00b7
ffd4
0008
ffb5
fffd
fffc
fff4
ffaa
ffdb
ffe0
006b
000d
ffcc
ffe1
000a
ff81
ffd3
002b
ffc8
0022
004f
0086
ff9a
0007
0007
ffd9
000a
0034
00c3
0057
ffcb
fffd
0041
0080
ffe3
0008
005b
ffb6
006b
ffb5
0004
0079
00aa
009d
ffbc
003f
ffaf
fffe
ffad
006c
ff99
ff48
0005
0051
ffef
002b
0009
0072
003e
009a
0018
0007
0088
000a
0000
0000
0000
0000
0000
0000
0000
0019
fe8c
0044
0029
000c
0010
0048
0071
fff2
00a8
fff8
001e
ff9c
ffd0
00ef
0042
ffbc
0012
ffe5
ffe0
ffe0
fff9
0004
001e
00b9
0030
0099
ff6f
fff2
fffb
0079
ffcc
ff7b
002d
004a
ffa0
004b
ffd6
ffe1
ffb7
ffbf
009e
ffc1
ffe3
008b
ff70
005a
ffc3
ffb6
0009
ffcc
ffb0
0028
ffd1
fff1
ffc9
0045
005b
fff1
ff2b
006e
ffba
ffa9
ffb4
002e
ffe1
ff63
ff9d
ffa0
0014
0070
ffc7
002f
0083
ffac
ff26
0029
ffe4
0019
ff6f
0049
001a
ffcf
000c
0012
ffd7
ffd2
ffcd
fff1
ff6c
fff6
ff7d
003b
fff7
0087
ffda
ffd1
ff8b
ffb8
ff92
ffba
ffc5
ff67
00b2
ff92
006b
004a
ff8e
ffa3
ff89
0001
0031
006d
ff71
ffdc
004a
009e
ffba
0071
ff60
00a1
0090
003d
ffa4
0041
0041
fedb
ff1d
0000
0000
0000
0000
0000
0000
0000
ffb7
004d
0018
ff99
001e
fff9
000d
0018
ff90
002d
ffe6
00c3
00bd
ffd9
0028
0042
ffa4
0013
ff84
ffb6
00ce
0006
ff91
fffd
ffe0
ffcd
00a4
ff17
0090
0004
fffe
0006
0090
ff3c
0057
ffc3
0056
ffcd
0039
ff27
0007
0091
000b
ffd9
0055
003b
ffc3
004e
0011
ff66
0087
ff94
ffa6
0045
006e
ffe8
fff4
ffd5
ffea
00ab
fff0
0048
001e
0099
008d
00bd
ffe5
ff22
0050
ff86
ff6a
fef9
0054
ffe0
fff7
0083
ff7b
ffb3
0085
00ae
001e
005d
0006
0079
000d
009d
fffa
ffbc
ffef
002d
ffd1
ff63
ffe7
ffb5
0009
fff5
008b
001f
fff0
fff9
0003
0092
006d
0035
fff5
004f
003f
0031
0017
ffe8
ffc4
ffe2
005d
002a
fffd
0034
ffb3
ff94
ffd8
ff9a
ffe5
00c3
0098
ff1e
ff8f
000a
00d6
ff5d
0000
0000
0000
0000
0000
0000
0000
ffc3
ff57
ff75
ffc1
ffe8
0033
0027
0023
00e3
ffb0
005b
ff79
00c5
0015
0103
000a
0060
0052
0005
00e0
ff96
0033
0052
fff2
002c
ffba
ff9d
007c
0071
002c
00e7
ffd2
ffc6
ffc3
ffb5
000a
0011
00d9
ffc7
0086
ffd7
ffb7
ffc5
0020
00ae
ffee
ffca
0077
ff92
0018
ffb3
008f
0063
fedb
ffb4
0050
00b4
ffb3
0025
005d
ffaf
ff8c
005b
0042
fffa
0094
005a
000a
ff5b
fff2
0056
0026
0067
fee9
0078
0007
003a
003d
002d
fe8b
ffa3
006e
0018
ffbe
003c
0048
ffda
004a
ff89
001e
ff93
00d2
fff8
ffe3
00d5
fff6
007f
0014
ff6e
ffac
0075
0064
0021
0007
0007
005f
0001
0038
ffb2
0011
ff69
fff4
ffc7
004c
ffd4
ffef
0132
0016
ffce
ffd3
0040
0063
006b
ffe5
002c
0017
ffa8
001c
0000
0000
0000
0000
0000
0000
0000
002a
0031
003c
ffeb
ffff
ff83
000c
fff9
ffd8
001f
fffb
0074
005f
005f
0036
fff9
ff75
fffa
001d
ff32
001b
004d
ffeb
ffb2
0095
ffbb
005b
009a
ff87
0094
0029
ffe2
0009
0017
003d
004d
ffcc
ff5f
002c
004d
0023
ff94
ff9b
ff83
006b
0041
003f
ffec
0027
ffc4
004a
ffd2
ffee
00b1
ffbd
ff89
0010
0007
002f
0041
ffd1
0029
004d
002f
ff9b
ffc7
0008
0051
001e
0010
00dd
fff5
0011
ffe5
002f
ffc8
002f
0017
00b6
ff68
ff87
ffd2
000a
0025
ffc4
ffed
ffdc
0051
0009
ffd5
ffdb
0053
ffec
ffc6
fff4
002b
ff9a
002c
ffe6
ffcd
ffdc
ffad
ffea
0075
0026
ffe1
ff9f
ff3b
008d
fff9
ff0d
ff90
0006
fff9
0013
ff72
ffc6
0019
00a0
0103
0015
ffe7
ff9c
004b
ffc8
fffb
00bb
fee5
0000
0000
0000
0000
0000
0000
0000
006f
ffc6
ff8f
004e
ffbe
ff36
ff6d
001f
ffbb
ffd3
ff60
0006
ff66
ff2b
ff9f
ffd8
ffca
004a
0018
ffc2
ffb1
ffbf
ffc5
0024
0040
ffa4
0024
0028
fff7
000d
ffee
ffdf
000a
ffcf
0046
0066
fffe
ff8b
ffe1
fff0
fffb
ff1c
fffc
0001
008d
ffee
ffb7
ff94
ff76
0045
0054
ff8e
ffe0
0088
ffa2
fffb
00c2
ffb7
fffa
ffb0
ffbd
ffe8
ffe6
fff1
fff1
ffb1
ff71
0068
fff9
ffc3
0018
0005
00a8
ffa6
001f
ffc0
002f
0011
ffde
002f
fffe
0011
000d
0035
ff67
0009
ffb7
fff1
0027
ff9e
ff9b
ff80
fff6
fff9
ffa7
ffd3
ffe2
ffaa
ffba
ff6f
ffdd
0023
ffb6
fff2
002d
0070
0024
ffea
fff9
004a
ffb7
ffdf
ffef
ffab
0061
ff7b
ff27
ffbf
0022
ff9b
0090
ffba
ffda
0076
ff9a
ffea
ff65
ffd4
0000
0000
0000
0000
0000
0000
0000
fffe
008b
ff49
005e
ff2a
ff72
ffae
ffc7
ffee
000e
0034
0008
fff8
003c
ffbc
0026
0010
0040
ffe9
ffa6
ffda
ffe8
ffbb
0083
ffec
ffcc
004f
fffd
ff8f
ffba
fffd
fffc
0046
ffa2
001f
004b
0042
ff8d
0012
0018
0038
ff96
ffb7
0019
0034
000a
ffe9
ffe5
fff1
0022
0044
ffad
000f
0020
0026
00a2
ffe7
0010
ffd8
000b
ff9f
000a
003c
ff94
0058
ffd6
003a
0015
ffd2
ffcf
ffdd
005f
0041
0086
ff9e
ff99
ffd8
0007
ffe7
0077
0031
ff2d
0065
ffd2
0030
0001
ffb4
fffc
002b
0054
ffea
fffc
002b
ffed
ffe2
002f
ffcb
ffec
0066
fff4
0051
0035
002a
ff9e
0045
fff4
000f
0053
0042
0018
0021
0020
ffdd
ffe2
ff83
ffc8
0000
fff6
ff67
0079
000a
007d
006f
002e
004b
ffb7
ffe8
ff86
0000
0000
0000
0000
0000
0000
0000
0038
0154
ffa6
ffc1
ffef
ffe7
0016
0047
0057
0015
fffd
ffff
0047
0007
0003
ffc7
ffc9
fffa
ff6a
00c6
ffb8
ffbe
007a
ff72
ffbf
ffcc
ff09
ffe5
ffbd
ffe5
006b
006e
ffcf
0038
ffe3
ffc4
ff7f
ff49
ffdb
00b9
0085
ffba
ffb3
005c
007b
0064
ffb0
0032
004e
ffed
001d
0049
ffdd
0034
000e
002b
0065
ff36
003f
0002
ff99
0091
001f
0039
ff97
fffc
ffe4
ffad
0047
0027
ff85
ffd5
ffa9
ffd6
0021
0030
001b
0008
005b
004c
0040
000e
003c
0036
ff62
003e
0096
0059
ff94
fff2
fffa
ffd6
0033
003b
0011
0000
001f
ffbd
fff1
002b
0040
ff9a
ffa0
0013
ff9e
ffba
ff73
ffd2
00ba
0030
001a
000c
ffad
006d
fff5
ff70
0009
0026
ffbd
000d
006d
0039
0025
00a5
0041
0032
ffd0
ff90
0000
0000
0000
0000
0000
0000
0000
ffff
ff8a
0021
0034
004b
005d
005e
ffff
0083
ffe2
007c
001e
ff93
ffb0
007d
ffa4
ff70
0022
0048
fffd
0015
006f
0057
001f
0088
ff3a
0097
00c7
ffe7
ffa6
ff9e
0053
0034
0013
ffd9
ffde
ff9b
fffa
0010
ffe2
ff92
ff92
fff1
ff9b
0055
0070
0049
ffaa
0021
004b
001f
0005
0013
00b8
ffe7
ff76
fff1
00bf
0006
001e
ff9e
ff90
008b
009a
0011
005f
ffda
fff5
001a
0023
ffcd
ff42
0025
ffae
004d
008d
ffb3
0017
00c0
ffae
001e
ff3f
00aa
ff2d
fff3
ffd1
ff53
0068
0043
ffbc
0031
00c1
00a8
0016
fffa
ffe5
ffda
007d
004e
fffb
ffd0
ffef
0005
ff22
0032
ff42
fff9
0081
0001
00c1
00cd
ffc9
fffd
fff3
ffd2
0075
008d
0063
ffdc
fef5
fffa
00e9
00d9
ffd9
0022
002e
ff7d
ff35
0000
0000
0000
0000
0000
0000
0000
000b
ffd4
001e
0062
fff6
ffef
000e
0037
fff0
006e
ffee
ffe9
ff7f
001a
ffbf
0019
fff3
ffd3
003b
0085
ffe5
fff3
ffff
fff3
0035
002a
ff70
ffc0
fff9
003d
0050
ff8f
ff9c
0021
013e
ffd3
0079
ff88
ffe8
0057
ff9d
ffe2
0011
0047
0041
ff3f
ffc8
0020
fff4
ffdf
ffe0
001e
ffb8
0078
ffc4
fff9
002d
ff42
0014
003e
0000
0033
ffc4
ff91
0002
ff6c
ff55
0025
ffa7
ffb2
ffd3
007f
fff5
00c0
0035
ffc8
ffef
0055
ffb0
001f
0041
0059
002e
ffa5
ffad
fff2
ff8e
ff78
0043
ff8f
ffef
ffa6
fff4
ff80
000f
ffd8
ffe3
00b7
0011
ff7b
fff7
ffd9
fffd
ff6e
ffb6
0056
0019
ffc1
ffc7
ff36
0044
ffd3
ff7a
ffe9
00ca
fff5
ff0d
0029
00ba
ffdc
0050
ffe8
ffd8
0059
002b
0047
fff0
fffd
0000
0000
0000
0000
0000
0000
0000
0033
ff39
0040
ffe1
000f
005d
ffb0
0042
ffcd
ffe9
ff9d
0020
ffb5
0038
0048
002d
0005
0078
ffbb
ffa9
ff54
ffc2
0010
ff9b
ffc3
fec5
004f
000b
005d
ffed
ffd3
ffd3
ffbf
ff96
fff6
0054
ffbc
003e
ffe2
0061
ffd9
0050
ffd9
0003
0085
fffa
ffff
ffeb
0050
ff3e
003b
ffb6
006a
009b
0047
0083
0051
ff96
00ae
ffeb
ffa7
0027
ffd1
fffc
00af
ffe6
ffe5
ffed
002c
ff67
0043
ff6a
003c
ffa9
0016
ffbe
0089
006a
0015
0038
0000
ffdc
ff99
ffea
00ba
000a
007e
0027
0052
003a
ffe6
fffa
002a
fff8
0074
0027
ffd1
002a
0050
ffe8
ffaf
ffe2
fff8
004e
0017
ffbe
ffea
ffe2
ffd2
ffd7
ffee
0006
ffcc
0028
ffe9
00a2
009e
ffd1
fffb
0104
0043
0007
ffea
ffe0
ffd8
00a5
003a
ff9d
0000
0000
0000
0000
0000
0000
0000
fffc
ffb4
fff4
ff9a
004c
002e
ff84
ffbe
ffae
fffa
0001
002c
ffdf
0094
ffd9
0007
ff29
004f
ff8e
ff9c
fff9
0060
0006
ffab
ffaa
ffa6
fff4
005e
ffb3
ffa5
ffe3
0002
0043
0022
005e
ffc2
0052
ff68
ffa1
007a
001a
ffbd
0014
003e
ffb5
ffd9
0010
ff95
002e
002a
0035
ffee
0019
fffd
0034
0044
0015
ff9c
0010
ffd8
0011
0026
ffe7
001c
00a2
0039
ffcc
ffe7
ffbe
0017
ffef
fff3
0048
0026
ffd6
000b
001f
0015
002f
00a4
003a
000e
ffb9
ffde
002b
ff7b
ff98
fff9
001a
0001
fffe
001f
ff64
0008
0062
ffa2
001e
0010
00d6
0013
ffbb
0012
ffcd
0022
0023
ffc6
ff97
ffaa
ffee
ffad
0025
fff1
0046
00ab
002b
ff2f
0072
fff4
0005
004c
0098
ffe5
ffac
ffc0
0028
001d
ffc8
ffed
0000
0000
0000
0000
0000
0000
0000
ffb1
0084
ffdf
ff98
ffa0
0036
0037
ffac
001b
ffcf
fff7
004c
fff9
00b5
0025
ffea
0034
ff9b
0009
003a
006f
003e
0012
006c
ffeb
0033
0009
0044
0079
004f
ffcc
0063
ffa5
ff53
ff7d
001a
ffd6
0028
ffdf
ff6c
0031
0048
fffe
ffcb
000a
ffe0
000c
fffe
0022
ff95
ffaa
ffb4
ffa5
ffe0
ff98
ffd7
0055
0044
ffc6
0029
fffa
0007
ffa4
0000
006f
005b
0008
002c
0061
ffff
ffa6
000f
001f
005e
0016
005e
ffc1
0008
fffa
ffab
ffd8
00cd
ffcb
ffcf
0049
ffe2
0005
002f
fff9
ffb8
005a
003b
ffcf
0036
ffc6
ffd0
004a
ffbd
ff6a
0033
0058
0037
002c
0040
fff2
0032
0038
ffa5
fff4
ff7f
ff32
0012
ffd6
000a
ff7f
fffc
0041
ffed
ffdb
ff5c
ffe6
ffaf
ff92
ff88
0002
ff56
ffca
003a
0000
0000
0000
0000
0000
0000
0000
ffd9
002d
001a
ffeb
ff06
0027
ffa8
ffe8
0013
ffed
0049
0032
fff7
ff2b
0052
002a
fffa
ffae
0028
0033
ff86
ffe0
fffb
0077
007b
ff8c
fff8
0011
0005
0025
005d
ffff
ffa4
004d
ffc4
0032
ffdb
008e
ffe2
0019
0047
ff7c
002e
004e
ffcc
ffcd
000b
0065
ffee
ffce
ffac
0086
fff9
ff9f
ffad
ffcb
0042
ffdf
0005
0031
ffe3
ffb6
ffcd
ffcf
003e
fff0
000a
ffb1
0038
ffda
0031
ffc0
003e
ff74
fff2
ffaa
0023
ff86
009d
007d
0026
fff0
ffe9
fffa
003b
ffab
ffd7
ffcd
008e
fffd
fffa
ffee
fffc
0056
ffff
0009
0038
ffd8
005c
ffdf
0029
0030
003c
ff82
0035
ffda
002b
ffa1
ffd6
001f
0056
0035
ff94
0007
fff0
0075
007f
0049
001a
ff08
ffb3
fff5
ffd9
ffd3
0012
ff75
0090
0093
0000
0000
0000
0000
0000
0000
0000
004e
0073
ffab
ffec
0046
001e
ff4e
000f
ff92
0026
fff8
001f
0045
002c
006f
ff7c
0036
ffef
0045
0013
006f
005f
0084
ffe6
0024
ffe0
003a
ff2b
0116
ff7c
ffe4
001e
ff84
ffbd
007e
ff8d
0014
007c
ffcb
0094
ffc6
0001
ffae
fff8
ffdf
ff82
ffc9
0076
ffea
003a
001c
ffe6
ffee
003e
ffdb
ffc2
ff99
003f
002a
0080
ffd9
ffad
0026
0004
006e
0044
001c
ff88
003c
ffb3
00e3
ffe1
ffba
0017
006c
ffa3
ffcd
00a0
ff3f
0043
002f
0037
004c
ffbc
ffb5
0063
00b6
0004
ffeb
0066
ffc4
ffd9
ff34
fffc
ffaf
ff92
0052
ff88
fff2
0010
0016
0026
0054
0034
ffc1
0082
0025
ffac
ff86
0038
ffe1
0000
0056
0038
003f
0028
ffe9
0026
ffd8
ff78
ffc6
0000
ff88
ff9b
ffa9
006c
ff37
0009
0000
0000
0000
0000
0000
0000
0000
ffff
0013
ffe8
ffa3
0030
0033
0084
0038
ffaf
004d
ffdc
0016
ffd7
ffd2
ff5e
0030
0033
0047
0067
0040
ffe4
0057
ffb3
ff99
0061
0042
00ad
0015
002e
004f
000f
0076
ffbb
0003
ffd6
0026
ffc3
ff4a
ffee
fff5
ffe4
0070
0014
ff96
007e
0025
0037
ff9d
fff4
ffee
0039
ff7b
000a
ffa0
ffba
ffc9
0056
013b
fff8
ffc6
0054
ff70
000a
0019
ff8c
fff1
ffb0
0063
0028
0074
ffc2
0003
ffc1
ffc5
ffae
0040
ffe9
ffd7
0096
ffdb
0017
fff5
0029
ffd2
ffe7
0031
004b
0094
ffba
ffed
0096
ff94
ff91
001f
ffe5
fffd
ffc9
0085
ff75
ffe9
0064
ff5e
ffc8
ffa6
ffdc
003b
0004
ffd2
ffe9
0016
0072
006e
000d
ffda
ffd7
ffb1
ffc1
ffea
0018
fffc
ffe2
ff94
ff94
0021
ffee
ffb1
0029
ff75
0000
0000
0000
0000
0000
0000
0000
0006
0022
004b
008e
003b
00bd
ff63
fff1
0013
0026
005a
ffaa
000b
ffe6
ff3b
0068
000d
0011
ffbd
013d
ffe8
0030
001b
ffe5
ffbb
ff6f
00ac
0082
ff74
000d
0008
ffe4
0058
0025
0046
0039
fedd
ff7e
0044
0022
003a
0054
ff32
fff5
ffbd
0019
ff8a
ffc9
00fa
006e
fecc
ffee
ffd7
ffeb
00d9
ff78
ff75
001b
0025
ff9f
ffb3
fff3
fff8
0028
0045
ffbb
007a
005b
0098
ffb3
ffb4
0050
ff3b
0019
ffd8
005b
0032
fff1
0067
ff7c
ffe3
ff57
0038
0077
0083
ffb0
0072
fff1
ffac
0052
ff6b
0047
008c
0019
ffe8
0042
ff50
ffbe
ffb2
0020
ffae
ff02
ffac
003e
ffe9
0051
004e
ffce
ff76
0030
fff8
001a
fff1
ff64
0041
0015
00d8
ff98
00a4
0009
0026
000e
ffbd
005a
003e
003f
ffdc
ffa5
0000
0000
0000
0000
0000
0000
0000
fffc
ffc7
000e
000b
003e
ffde
004f
fff4
ff7e
ff8e
0038
0020
0014
0056
002d
0056
ffa1
0053
ffd6
0041
fff8
006b
ffdc
ff9a
0048
ff8e
ff9d
ffc3
ff9e
fffb
0091
ff9d
00aa
fff8
00cb
000a
00c1
006f
001c
fff7
ffd2
004f
0037
000a
ffd5
ffc3
000b
0008
0010
00b4
ffd9
0045
fff2
0037
0027
0015
ffb5
ffbe
ffed
fff2
ff8e
ffca
ffc7
001b
ffff
0020
ffb3
ff83
0043
0013
fff6
ffbf
ff98
00a4
ffc2
0004
ffcd
ffb7
ffb6
0073
000a
0068
0033
0027
009b
ffab
0014
ffc7
0020
ffd5
0022
ffe9
005c
fff3
007d
0017
ffcd
ffda
ffd8
0004
ff91
ffe9
009b
ff64
ffe2
ff96
001c
fff3
008a
ffe6
0035
ffdb
ffb6
0011
003e
ff91
001e
001f
00a8
ff87
000f
ffff
ffff
ffbb
ff71
0055
0010
0073
0000
0000
0000
0000
0000
0000
0000
003a
0013
0069
00b2
0037
002d
ffbd
0025
0026
fff9
ffe7
006d
ffe9
ff6f
001e
ffe2
ffd2
ff82
ffde
ff86
ffe0
0094
0059
ffc7
ffd5
00b1
0032
0090
ffe5
0037
0006
ffbd
0039
ffe7
003a
002f
ffe1
ffc1
004f
fff8
000f
ffe6
0048
ffdd
ffd6
ffa2
004a
ffd6
ffdc
ffd6
0083
ffec
ffb4
009e
ffb2
000f
0002
ffb6
000c
ffc9
ffdc
001e
ff9d
002f
000c
ffe7
fff2
00b4
ffc5
ffee
ffe0
ff90
001a
0010
00ad
ff91
ffce
ffce
fff6
ff87
fff8
0115
ff91
ffab
0060
0057
0074
ffed
0040
ff88
0051
0053
ffcd
ff8b
ff9c
ffd3
0098
0037
ffc4
0035
00b3
004a
ff45
009c
0024
ffbd
0057
0013
ffef
ffcf
ffe6
ffc3
0008
fff4
0097
0099
ffeb
ffdb
005e
ff09
ffc4
ffc4
ffcc
0032
002b
ffc4
ff3e
ff93
0000
0000
0000
0000
0000
0000
0000
fff2
0012
ffe4
004a
ff98
0084
0019
006e
ffcd
001b
ff7a
ffd7
ff94
ff84
0019
004d
ff08
ffb8
0085
ff89
0018
0057
0016
0024
ffc7
0076
0031
008a
00b4
ffe0
0072
0017
ffe8
003c
ffe7
ffde
feeb
0043
fff1
ffd4
ffeb
fff0
0018
ffd4
ffa0
0065
003b
ffb6
0053
0058
0012
0041
ffce
00f8
000d
0040
ffcd
fff0
0019
0090
0002
005d
000b
00a4
00a6
ffba
006e
001d
004b
ffa8
ffd6
0102
0050
fff1
005c
fffe
ffe3
ffc8
ff73
0013
fffe
0048
ffbc
ff96
ff87
ffc6
0012
0044
fff9
001c
0037
00d6
0019
0020
ffe4
0005
0008
ffcb
00a8
000e
001c
005d
006c
000e
0091
000c
0003
fffd
0093
fff2
0040
000c
00fc
001c
fff5
ffc5
ffc3
fff2
ffab
ff05
ff53
ff58
ffca
00cc
ff93
0002
0032
0086
0000
0000
0000
0000
0000
0000
0000
fff7
0082
ffbd
0048
0101
fffe
00d2
0055
ffa8
ff9e
ff96
0063
fff5
00a7
ff89
008b
ffb6
002a
00b0
ff67
ffc6
0057
ffc3
ffb1
ffd4
ffaa
0079
fff4
fffa
0085
005f
0067
ff2d
ffb9
fff3
0000
ffab
ff52
0025
ffb7
fffd
0060
0023
ff99
0053
ffa0
0047
0010
fff6
0047
006b
ff93
004a
fffa
ffca
ffed
ffd6
ffd8
006b
fffc
0006
0047
ffbc
0033
ff97
ffd7
ffcd
0008
0030
0025
ff6a
007a
0017
ff62
0050
ffee
0076
0046
005f
0029
008f
0032
0010
002c
ff66
0062
ff38
0030
ffaf
ffd3
0093
ffb2
ff75
0019
0027
001d
ffdc
0037
0054
0051
001d
ffee
ffd9
0015
003c
007b
007a
ffcf
0024
ffd0
00c5
000d
ff63
0021
0038
009b
ff7f
ffe0
0081
006f
ffe3
ffd1
ffc4
0023
ffa8
001c
ff95
ffa3
0000
0000
0000
0000
0000
0000
0000
ff70
0032
0034
0062
ffcc
fffa
0001
ff93
ff4f
ff42
006a
fef2
00aa
0066
ffad
0001
ffff
ffc2
001c
fff1
ffd8
0064
0039
002a
ffbb
0069
ffff
ff5b
0057
00aa
000c
0010
ffc3
0020
001e
ff9d
00ec
fee3
004b
fff3
fff9
ffdf
0027
000c
00ab
0011
0038
fff4
ffd0
ffdb
0032
0037
ff8b
ff8c
ffa4
ff8c
0111
ffa5
0003
ff9b
ffbe
001e
ffb2
0002
007b
ffe9
ff9b
ff0f
0061
ffc9
002f
0016
0048
ff22
002a
003a
ffcd
0051
fece
0131
ffbe
008c
ffc3
ffd0
0063
ffed
002f
0007
002a
ffbe
fff7
ff96
00a9
000c
ffe7
fff3
fff1
0002
fff5
0008
ffff
fffa
ffe7
ff51
000e
ffa9
003e
001d
0044
fff0
ffbe
ff7a
0062
fff8
ffcf
0018
00fc
ffc1
006f
009c
ff8d
0052
0038
003b
ff12
0007
ffa5
ff1d
0000
0000
0000
0000
0000
0000
0000
0001
0004
ffef
0056
003d
00c2
001c
ffc6
0004
0016
fffe
ffbb
ffa1
001e
ffc6
0064
ffc3
0052
ffd8
0076
fff0
006e
0051
ffea
0007
ffde
fff2
ffa7
fff3
0014
ffb2
ffb5
ffbd
ffb0
fffe
0068
0052
ffc4
ffe2
0031
0032
ffe4
ffe2
001e
ffe9
fff9
000c
ffbc
000a
ffd2
ff53
ffa3
001d
000a
0034
006b
000f
ffe5
ffa4
ffbc
ff52
fff2
0015
ffe4
ffce
0006
0013
ffb4
ffb7
ffa7
ffd9
0046
ffde
0006
0010
000a
ffd4
0074
fffa
0006
ffc9
0016
ffde
ffb3
008e
ffa9
0071
ff84
0002
0013
ffc0
0037
ff76
0000
000f
ffe6
ffcf
fff7
0001
0036
0047
ffa1
ffbc
0058
0039
fff3
006c
ffe3
001a
fff0
ff54
0036
0068
ffc9
000e
0009
0058
ff9f
0089
00ec
0016
ff60
ffa9
ffa4
0007
000e
00b9
0090
0000
0000
0000
0000
0000
0000
0000
ffb5
0074
ffcf
ff6a
0057
ffee
ffbd
002c
ffc5
0071
003a
fffb
00ae
002a
000e
0001
ffa7
ffd4
00ac
006f
0033
ffd4
ffab
ffe7
ffa0
fff5
ffa1
ffb1
ffa4
008a
0085
ff89
ffe1
ffce
00c5
0060
ffef
ff08
002f
0015
ffa8
0069
ffe6
0023
00a5
ff6f
ffe4
ffcc
ffc0
ff69
ff46
ff84
0071
ff43
0061
005a
0058
ff41
fff2
003c
0017
0007
ffee
ffb8
ff6e
ff94
0017
ff60
0017
0085
ffd1
ffb1
0003
ffb3
fff2
ffbc
0021
ffcc
ffd4
ffe9
001e
ff82
0086
fffe
00a1
ffe4
ff89
ff61
0026
fff6
ffcb
000c
ffba
ff7b
ff7b
003c
ff7f
007d
0003
ffce
ffa8
ffa2
fff0
ffeb
0039
0045
ffc6
ff59
ffce
ffbd
0079
005e
ff61
ffe2
004e
ff41
010d
ffff
0026
ff22
0086
0028
ffd3
ffed
fffe
0090
006e
ff3b
0000
0000
0000
0000
0000
0000
0000
ff4e
ff98
0006
0034
ff96
0084
0068
0010
ffac
ffe5
fffe
0037
000c
000d
fffb
0060
ffb5
ff88
0024
ff8d
ffc1
ff66
0037
0086
ffcb
fed9
009c
ffd0
ffdb
ffbe
ffd2
ffff
fffb
004a
fffa
0023
0068
ffff
007f
0060
ff83
0014
ffb0
ff7b
ffc4
0011
fffd
0004
0041
ffe0
006c
fff3
ffaf
0031
ff6f
ff84
ff6f
007c
ffbb
ffd9
ff3b
ffde
ffe0
ffdd
ff9a
ffdf
003c
0013
fff2
ffeb
ffe3
0018
ff83
ffc3
0053
00ba
ff5d
00c5
002d
0043
ffdb
0000
0043
ff9a
ff75
004e
0038
fffd
ffd4
0067
0000
fff0
ffca
ffe4
0060
fff3
ffab
0034
ffda
0012
ff97
ffb6
ffb4
002c
fff0
0002
fffa
ffaf
ffe5
003e
ffc7
001b
fedd
ffb7
ffbf
005d
ff9c
ffa8
00e4
ff73
ff9d
002b
ffe8
ff67
ffd1
ff87
ffdc
ffd6
0000
0000
0000
0000
0000
0000
0000
fffb
ff98
009e
ffb6
ff45
ffce
0022
0053
0043
0084
0002
0044
ffe2
0066
003c
ffb5
ffd7
0023
0081
00fb
fffd
000b
0035
0091
0062
fff2
ffb2
ff63
ffef
0020
0036
0024
fffd
ffe1
ff87
0018
001c
ff85
ffc6
ff6b
ffc7
ff83
0034
0060
0031
005e
ff66
ffca
ff8e
fff4
ff91
ff7d
0079
ffe0
ff7b
0001
005e
00c7
fffa
002c
000d
0015
ffd7
ffc8
0009
fff7
003e
ffdf
0058
0005
ffc7
0008
ffc4
ffda
ffe1
ffe3
003c
ff9b
00ee
ff70
0024
0091
fff3
ffa6
00b1
fff9
ff43
0001
0010
0041
0017
ffd9
0004
0024
0025
001e
0025
0022
ff25
ffa2
0011
fffe
ff70
ffb8
ffc9
00e2
001e
ffba
0030
0023
ffff
004b
ff60
ff5c
ff52
00e5
005f
005f
ffb4
005a
ffb4
0011
0000
0006
003e
0005
0045
000b
0000
0000
0000
0000
0000
0000
0000
008a
00e6
0000
ffb7
0094
006a
fff4
ff6c
ffae
fee0
ffde
ffec
ff8b
ff1d
ff86
0051
000a
ffc5
0028
ff07
ffe3
007b
0031
ffd1
0105
ff6f
0024
ff99
ff82
ff46
ffad
009c
001a
ffda
fff2
0028
0041
ff3d
ffd6
00b8
00a0
0064
ffd0
0061
0023
0016
000b
ffac
00a9
ff80
00b9
ffe8
006c
ff21
ffd4
007a
fff9
002e
0009
ffb5
0058
ffe4
0047
0070
ffe2
005a
ffb2
ff5e
ffa6
0022
0090
00d2
002d
ff2b
ffb8
001d
0057
0069
0033
fff4
0011
0083
ffbc
fff8
0085
ffee
ff49
ffe6
ff75
ffc9
00a1
ffe5
ff8e
009d
0064
00ec
003b
ffea
fff9
00ae
000c
0032
ff75
00d1
0024
ff3d
0032
fff4
004d
0072
ffbe
001b
ffc3
fef9
0035
003f
007e
000e
ffe3
ff67
005a
0025
002b
fff9
ff3a
fff2
ffe0
ff78
0000
0000
0000
0000
0000
0000
0000
fffb
005b
0019
002e
ffc9
ffa6
ffc0
003b
ffce
009b
ffe1
00bc
0031
0023
00d2
0084
fec7
ff81
ffc3
004a
ff8f
009f
0043
ff74
ff42
ff9f
009a
0018
ff52
fffc
0034
003c
0005
0088
ff99
0085
ffca
0019
004b
0049
0043
ffe9
ff62
ff7b
007d
002c
ffba
ff8f
fff1
ff8d
0043
ff7f
002c
0077
ff6d
0098
0045
000a
000e
0013
000d
ffe1
ff89
0018
fffc
ffdc
002f
ff8c
0017
0074
001f
00f7
0041
ffd1
0004
000c
0023
fff9
ffaf
ff7f
ffaf
006b
ffe9
0038
fffb
001a
fff6
ffed
002d
001c
0041
00b9
001f
ffdb
ffb7
005d
ffe3
0039
fff3
0037
004e
0033
ffae
0015
001d
008e
ffbd
0001
0034
ff6e
0091
0034
ff76
001a
ffaa
005d
0092
ffab
fffe
0008
ffdf
0070
005e
0020
fff7
ff80
00a8
ff86
0000
0000
0000
0000
0000
0000
0000
00a7
ffef
0018
ffe7
ffcc
0005
004d
002f
ffe7
00c3
ff9c
0009
ff72
0035
0029
0021
0018
001d
ff46
0017
ff5b
0031
005c
ffea
0038
001f
ff55
ff9f
ffc4
ffe1
ffb3
ff90
ffb8
ff43
ff4f
00c5
ff7b
ff8e
ff89
ffef
0000
004c
0058
006f
009b
ffe2
0061
ffc3
0072
ffff
ffcb
ffdd
ffe4
0085
0045
ffc6
003f
ffdf
ffde
008f
ffbe
0016
ffef
feec
00bc
ff78
0003
ffb9
ffe7
ffcd
ff3b
fffc
0080
0064
00ea
ff9a
ffce
0011
00cf
0020
ffce
0018
0071
ffa0
0066
ffc5
0073
ffb4
0053
0027
ffd7
ffac
fff2
00bc
006d
001c
fff6
00ad
0008
ffe1
0028
0023
ffa8
fed4
ffe5
0036
ffe5
ffc1
ffdd
0047
ffe7
0034
ff3a
0026
001f
ffdd
007d
ffe1
ff66
ffc6
fffa
007e
0073
007c
005e
ff92
fff8
ff7a
0000
0000
0000
0000
0000
0000
0000
0028
004e
ff70
ffd5
0063
0044
0046
0034
ffce
0030
ff80
003b
000e
ffbf
fe74
0028
003a
0047
ff82
ffd6
ffea
003a
ff99
006b
0081
ffe8
fef7
ffaf
fffc
0009
ffd9
0050
ff53
ff80
003e
0034
00c5
fee3
ffce
ffe3
ffec
ff42
005e
002d
0087
0009
001d
ffbc
ffdb
ffbd
0010
ff52
0019
fff4
ffdf
ffd4
fffb
fff6
0043
ffb0
ffe1
ffc0
fed7
0070
ff7f
ffef
0015
0017
ffa5
0014
ff84
fff7
ffbc
0029
007a
0051
ffec
ffe0
ffad
ff97
ff42
005d
000d
0067
ff6c
ff3d
0052
0013
ffdf
007e
ffe9
ffd4
fff6
008c
ffad
ff63
ff2a
0028
ffb9
0007
ff3b
ff65
fff9
ff28
fff6
004f
ff4b
ff85
0076
ffcf
ff4b
0063
ffe6
ffad
0010
ffe2
ff3a
ffa2
001c
fee4
ff94
fff4
fff0
0003
0052
ffec
ff8b
ff3d
0000
0000
0000
0000
0000
0000
0000
ffaf
00e6
ffa7
0009
ffc9
005c
0046
0018
000b
ff96
fff0
ffed
0006
ffa8
ffc6
ffe9
0013
ffeb
0054
fffb
0009
0013
006f
008a
003e
ffbb
005c
0005
fff2
ffad
0048
00a7
0000
0074
fef5
0016
005d
ffd0
0014
0015
005a
00aa
0005
fff3
0012
0064
0004
005f
0005
ffe1
ffda
ffea
0034
ffe9
0075
ffe5
0008
0047
ffe6
ff5a
fffe
002b
ff12
ff70
ffb9
fff0
ff93
fff5
003b
0027
0020
ff63
ffd1
ffb5
004f
fffc
ffbb
ffbb
0034
ffe6
ffe9
0003
00da
001c
ffd6
003b
0054
00e8
ffe5
ff98
002f
ffe6
fffa
0050
ff80
fff4
fff4
002c
ffb5
0055
009b
ffa2
ffa0
ffae
ffdc
000a
0009
ffb2
fff1
004c
006f
004e
ff9b
ffab
ff76
ff6b
fff5
ffe5
ffbf
007f
ff4a
ffeb
ff96
004a
ffb1
ffb1
00e1
ffc7
0000
0000
0000
0000
0000
0000
0000
fff5
0001
ffd0
fff5
ffd3
fff9
ffb5
0000
fffb
0008
ffe6
0003
0013
0015
001d
0011
002c
ffe0
000b
ffeb
0034
ffdf
fffb
ffeb
ffeb
fffb
fffd
fffe
0000
0010
0017
0002
fff9
001a
0010
ffcb
ffef
0030
ffe8
0018
fff5
ffea
0012
0014
fffa
ffde
ffce
ffd7
0018
0019
fffe
ffdd
ffdc
0020
fffc
0014
fff1
0035
0023
ffef
002e
001f
ffde
001a
0000
0000
0000
0000
0000
0000
0000
0000
0002
002c
ffe6
003f
ffd7
004b
fff3
0013
0035
0045
0022
0017
0023
000c
0028
0043
0014
fff6
fff6
fff1
0032
ffe6
000f
fff8
ffda
ffea
0025
ffaf
ffe7
0002
0027
000b
ffbb
0036
ffbb
fffd
ffc8
0035
0027
ffdb
ffda
ffc4
000a
0022
0013
0044
0037
0004
ffc2
ffe1
fffe
0028
0007
0036
002a
0043
0040
001f
0054
0029
0029
0014
fff0
ffdf
0000
0000
0000
0000
0000
0000
0000
0000
001f
ffed
0018
fff7
ffea
fff0
0009
0017
0029
0039
0022
ffe4
ffe9
0006
0020
004a
fff9
000b
ffe6
0019
fffc
0027
fff6
fffe
ffe6
fff9
ffeb
0007
0028
0003
0003
ffe5
0007
0008
0032
0031
ffe5
ffe0
ffff
ffe7
0007
000f
0004
0012
0011
fffe
000f
002e
fffa
ffee
000a
0003
000e
0005
0043
001c
ffe1
fff7
000b
000e
fff4
001a
ffe3
fff2
0000
0000
0000
0000
0000
0000
0000
0000
fffd
0007
0035
ffbc
0026
0027
001f
0008
0017
003b
001c
ffe6
000a
fffe
ffd4
0013
fffb
0046
fff0
001f
001d
ffbe
000e
fff6
001e
fff8
ffc9
ffc0
0009
fffd
0015
000b
fff6
003a
005c
002f
0023
0024
0032
002d
ffa8
0015
fff1
0037
000e
0030
002f
0018
fff9
0038
001b
fff5
0014
002f
0026
002f
ffeb
0009
fffa
0046
002d
ffb4
ffc8
0015
0000
0000
0000
0000
0000
0000
0000
0000
0013
ffef
0026
003b
fff7
ffcd
0001
0011
0065
ffe6
004d
fff9
fff9
ffb4
ffe8
0018
fff5
0078
ffee
0003
ffe3
fff5
005c
ffd9
fff3
0006
ffd6
0018
0027
ffca
000b
ffeb
ffe2
ffc7
0027
fffd
ffdc
fffb
0022
0010
000d
fff9
0014
fffa
000d
fff2
0011
0038
ffed
ffc9
ffdd
ffd5
ffc1
0015
0063
0009
0067
0010
0013
0038
ffee
ffef
0026
fff7
0000
0000
0000
0000
0000
0000
0000
0000
fffe
ffd0
fff6
ffda
0002
ffe2
0007
0021
ffca
fff4
fff9
ffc7
fff9
0004
ffe9
0028
0014
0004
ffd7
000c
ffef
0028
ffed
ffd7
0024
ffee
fff4
ffe1
fffb
0010
ffd4
fff9
ffd2
0020
fff5
000a
002d
0019
0005
0023
ffff
002c
fff5
000b
0000
ffe1
0003
001c
ffdd
ffbc
0018
fff3
0023
ffe5
004f
fff1
ffdb
ffe3
ffe3
0018
ffe3
ffcd
ffe1
000c
0000
0000
0000
0000
0000
0000
0000
0000
ffe6
ffdc
0010
ffe5
0011
fff0
002b
fffe
ffc2
ffeb
0010
ffd3
0020
ffbc
ffa9
003b
fff8
004a
0036
ffe5
ffeb
0030
ffe1
ffb4
006d
fff8
ffe8
0012
ffc7
ffc6
ffd6
ffd5
0011
ffc0
ffcf
0016
ffd5
0011
ffe3
0045
0018
000a
fff4
ffec
fff5
ffe8
fff2
ffdf
ffd2
0027
fffc
ffdd
ffd4
fff2
003b
ffd8
006f
ffc3
ffd8
0016
ffc6
ffd6
0014
ffde
0000
0000
0000
0000
0000
0000
0000
0000
0027
ffe3
0009
005b
002e
002b
0012
000d
ffd6
0035
fff6
ff75
ff76
003a
001d
0065
ffcd
ffd1
ffd3
0037
008f
ff88
006b
0050
ff89
ffb7
000f
ffe6
0043
fff4
0040
ffd5
fffe
fff2
fff2
0035
ffce
fffa
0069
ff94
0001
ffdc
0022
fffe
fffc
ffe9
ffd8
002f
ffcb
ff93
0051
0009
002f
0036
ffed
0025
ff95
004c
ffd3
0017
ffda
ffe8
002d
000d
0000
0000
0000
0000
0000
0000
0000
0000
0015
ffe5
ffe6
ffda
0001
0001
fffc
0014
0016
0036
0002
ffca
fffb
0010
0014
002b
ffdd
fffa
000f
0013
0026
ffff
0001
0000
fffe
ffdf
fff4
ffe7
001e
0020
ffd9
fff3
ffe1
000d
ffef
000d
ffd7
0015
0022
0012
ffef
ffed
0019
001a
0016
fff3
0042
0006
ffcc
ffda
0020
fffc
0001
ffdd
0012
0040
ffec
001a
fff5
fffa
0003
000d
ffed
ffd6
0000
0000
0000
0000
0000
0000
0000
0000
ffe4
ffa8
ffc6
fff9
fff2
0002
ffd0
0008
0029
fff3
fff4
002e
0008
0017
0040
0001
ffe3
002f
000f
000f
fffb
ffe4
fff3
ffc2
0034
0034
0034
ffdf
fff1
0003
001e
ffef
fff8
0004
0006
ffc2
ffd6
0022
0010
000e
ffe9
002f
0019
fffb
0015
ffd9
0016
ffe0
0033
004c
ffeb
000f
000a
002a
0014
000d
000f
ffee
001b
0035
ffe9
fff7
fff1
002f
0000
0000
0000
0000
0000
0000
0000
0000
0007
ffd0
003c
0036
ffe5
ffde
ffc0
0001
ffeb
000c
0021
ffcb
0028
ffff
fff2
fffe
0003
0009
0004
ffdb
002a
ffdb
004a
0009
0011
ffe9
fffe
ffc7
000d
ffc1
fffc
ffbb
ffde
0034
fff3
fffc
fff4
fff0
fff0
0024
ffdc
002a
0018
0020
000a
0003
002a
0006
ffae
ffda
ffee
ffd5
0020
0005
0014
0038
001c
0052
fff9
002e
0017
000d
ffaf
fff6
0000
0000
0000
0000
0000
0000
0000
0000
0016
ffd0
ffe3
fffa
fff3
ffe5
ffd3
0021
fff1
0006
000b
0011
003c
0019
ffdd
003b
0002
ffda
0025
0002
ffa0
0012
001f
ffbf
fffa
0015
000d
0034
fff8
0006
ffee
000e
001c
ffe6
fffd
0023
fff4
ffe5
fffd
fffa
0022
ffdf
0005
ffea
0017
0013
ffc8
0004
0001
fffe
ffde
fff6
000f
ffeb
0043
0037
ffff
ffc0
ffcc
001b
ffda
0033
0004
ffe3
0000
0000
0000
0000
0000
0000
0000
0000
fffa
ffee
001a
ffe2
ffe7
000b
fff1
002a
ffec
0023
0002
0006
ffec
ffe6
0010
fff3
fffe
0000
0009
0019
001a
ffe0
000b
0016
0025
000e
0009
fff5
0017
0014
fff2
fffb
ffd4
0001
0037
ffe5
0011
ffe5
0002
fffd
fff6
ffde
0006
ffde
ffd9
0003
001a
001b
0016
002a
0000
0003
ffe0
ffe2
fff9
0042
0015
fffc
0017
000d
ffdb
000e
fffb
0015
0000
0000
0000
0000
0000
0000
0000
0000
0006
fff9
0045
0014
003b
ffe9
0031
0015
ff9f
ffe2
000c
ffc0
ffb0
0039
ffee
0037
0004
002e
ffe8
0056
fff8
fffc
0030
0022
ffb9
fff1
ffe4
002b
0045
0003
0024
0013
0001
000e
ffeb
002b
0019
ffc9
0022
ffee
000d
ffd2
0018
ffca
ffea
001c
ffeb
001d
ffd5
ff94
0013
fff5
ffc2
ffe3
ffd8
ffc2
ffeb
000a
0005
ffc7
0029
ffe5
ffc8
ffd7
0000
0000
0000
0000
0000
0000
0000
0000
001a
0007
ffdb
0011
0005
0019
ffd4
fff3
fff3
ffe6
ffdc
001f
fffb
fff9
ffe9
ffd0
fff2
0010
0000
fffe
fffc
ffc4
001b
003a
0009
fff9
0015
0026
0005
0019
000d
fffb
ffe9
001b
ffda
002c
ffbd
0014
ffff
0014
0028
fffa
000e
ffcb
ffe9
0017
0010
ffff
0003
ffea
fffe
002b
fffe
0004
fffc
000a
fffa
001a
ffed
0002
0007
0006
000b
0030
0000
0000
0000
0000
0000
0000
0000
0000
fff2
0000
fff5
fffa
ffb6
ffd3
002c
fff7
fffa
fff5
000f
ffee
ffcf
001f
0061
0008
ffdd
0002
ffd0
ffd6
ffe5
0018
ffe2
ffb9
ffcc
001f
0022
ffea
0019
ffe6
0017
0047
003e
ffcf
004f
0018
0013
fff4
fff3
ffe5
ffb4
0025
0039
0055
ffe8
ff95
fffb
ffd7
ffd0
0028
003f
0014
fff3
0011
ffea
0013
0019
0025
000c
ffc3
fffb
fffd
ffe5
ff86
0000
0000
0000
0000
0000
0000
0000
0000
0001
0045
0000
000a
000e
ffec
0020
ffe6
ffd2
fffc
000f
ffde
ffda
000c
fff5
fff3
0001
003c
0003
0012
0025
fff1
0017
0031
ffef
ffde
fff4
fff0
fffc
0001
fff3
0017
fff2
fffa
ffd4
0014
000b
fffc
0001
ffe8
0024
0020
0007
fff9
ffe9
0013
fff1
0007
ffec
ffda
fffe
000a
002e
fff3
ffda
ffe8
0020
ffee
0021
ffde
0021
fffd
fff9
ffcc
0000
0000
0000
0000
0000
0000
0000
0000
0024
0024
ffeb
ffba
0069
00a1
fff7
0032
ffc6
0043
ffa6
0049
0029
000f
ffe0
002c
0060
001b
001a
ffcd
0045
0010
0034
0010
0013
ffdf
ff96
0035
0048
ff74
0009
ffd3
ffe9
000c
ff5c
0056
ff9a
ffdd
ffb6
001b
006f
ff76
ffd7
ffc5
ff69
004d
005c
0051
ff8e
0028
ffb7
0040
ffc3
0035
006e
fff4
0010
ffc8
0007
007e
0045
fff5
ffff
001e
0000
0000
0000
0000
0000
0000
0000
0000
ffbb
000c
ffec
fffc
0010
0018
000c
ffd6
0005
ffdf
ffda
0010
000a
ffeb
001e
ffbc
002b
ffea
0018
0001
0022
000a
0020
0023
0036
002d
ffdf
0009
0014
ffee
000e
0004
ffea
ffcb
000c
ffa7
002c
ffc9
ffed
fff4
000a
0002
fff7
ffab
ffb7
001a
ffe6
0005
001c
0043
ffea
0007
ffbf
fffc
ff8c
fff2
0048
003b
0004
ffb7
fff2
ffec
0038
0014
0000
0000
0000
0000
0000
0000
0000
0000
fffd
ffea
ff9c
fffc
0034
0012
ffd2
fff1
000b
002d
fff4
ffb8
fff9
fff9
0009
0064
001e
fffa
0037
000f
ffc4
0012
ffef
ffde
ffcc
0015
001d
0062
ffeb
0015
ffd4
ffe4
0084
0022
002e
ffed
ffff
ffe8
0046
0012
0012
fffa
0045
ffe3
0002
ffb9
ffb7
001a
ffdd
ffbb
002d
0009
0029
0032
0059
0005
0023
ffd1
fffb
ffbd
0027
002d
003b
ffdc
0000
0000
0000
0000
0000
0000
0000
0000
ffeb
ffd1
ffc8
0051
fff6
ffe7
ffd2
fffa
fffc
0017
fffa
fffc
ffd1
ffdd
0045
005d
005c
0048
0009
ffba
ffff
000c
ffed
0028
0067
0013
0048
0024
ffd6
0004
0042
ffd1
0012
0014
001e
ffe9
0018
ffbc
ffc5
fff5
0072
ffd4
0035
0018
ffe6
0037
ffd3
0026
ffec
ffef
fff0
0012
ffec
ffde
005f
0023
000e
ffb8
ffe5
0031
ffef
0032
0028
fff5
0000
0000
0000
0000
0000
0000
0000
0000
ffff
fff1
0012
002f
fffe
0021
004f
0034
ffc7
0018
ffe6
ffdd
ffd6
001a
0022
0021
ffe0
0043
0046
0028
0005
0002
ffd7
000f
fffb
fff6
fff3
0012
ffea
007e
fff3
fffc
0009
ffe8
0009
0062
ffe2
0016
ffcc
ffd1
002a
fff7
ffd6
0029
0048
0036
fff7
001e
0019
0012
0016
000f
ffe9
ffef
ffa2
ffff
001b
ffe1
fff6
ffe3
0019
ffe7
0006
0009
0000
0000
0000
0000
0000
0000
0000
0000
0016
fff5
fff6
fff7
002d
001a
ffdd
ffea
ffee
fffd
ffef
ffff
000c
ffef
ffc3
0014
fffc
000e
0023
fffb
000b
fffc
0018
0023
001a
0002
000e
0021
fff6
000d
000b
ffe8
ffe1
000b
ffec
000e
0002
fffe
ffff
ffef
fff2
000e
ffd5
ffe4
ffdd
003b
0018
0009
0007
ffe4
ffda
0012
0000
fffc
001e
0001
ffd9
001d
000b
fffc
0008
fffd
0005
0037
0000
0000
0000
0000
0000
0000
0000
0000
0019
fff0
ffda
000f
ffcf
002f
ff81
000b
ffe1
0014
0029
ffec
001b
002c
0088
0037
0050
0014
ffc4
ffc8
0026
0013
ffd4
ffef
002a
0002
0011
ffe0
0013
002b
0040
0008
0020
002b
ffd8
ffa8
0010
0004
000e
0013
0043
ffe7
002b
000d
ffe7
ffcb
002c
fffe
ffe2
0011
0012
000c
fffb
005b
0010
ffce
0012
0034
0006
ffec
0024
002e
fff1
004c
0000
0000
0000
0000
0000
0000
0000
0000
0063
0023
003e
ffe6
fffa
fff9
0015
0034
0014
fffb
ffdd
ffdb
ffc2
0050
ffbd
0027
fff3
0054
ffec
0041
ffca
fff1
001c
ffd7
ffd2
0005
ffd3
0000
ffd2
fff7
ffb1
fffe
0028
002d
ffa0
0010
ffe5
ffbb
ffc1
ffe8
0039
0016
ffde
fff8
003f
0020
0007
0002
ffe1
001c
0036
0008
0053
ffbd
ffe6
000c
ff81
ffc0
ffbd
ff9e
ffdc
ffb2
ff69
0017
0000
0000
0000
0000
0000
0000
0000
0000
0038
0006
fff3
0052
ffcc
0023
0039
0015
fff8
001b
003b
fffd
ffd0
000a
000c
0053
0015
0051
0035
ffe7
0017
ffeb
ffe1
0014
fffc
0023
0001
ffed
ffae
0012
0020
001a
ff8d
fffa
ffc2
ffec
ffee
ffb9
ffb4
ffe5
0024
0019
ffff
ffc9
001c
ffe7
0044
0016
ffb1
ffb0
0058
ffe5
fff7
ffee
006f
ffe3
003c
ffd7
0005
ffed
001a
ffec
ffdd
ffc3
0000
0000
0000
0000
0000
0000
0000
0000
ffec
ffea
ffc4
ffef
ffea
0038
ffdb
fffe
0012
004c
ffcb
0035
0009
0019
003e
0036
0006
0020
000b
ffd6
0040
0018
ffc7
002e
0005
000a
000b
0028
0019
002a
0041
fffc
0023
0007
001f
0026
ffb2
fff9
ffbb
ffd4
003a
ffcb
0026
0030
0014
ffe4
ffeb
0041
0006
003a
0023
ffe6
002d
003b
0028
ffc4
001c
fff9
ffc2
ffba
ffeb
002d
ffd9
004c
0000
0000
0000
0000
0000
0000
0000
0000
0016
ffdb
002f
001b
0019
ffca
0017
ffda
fffa
0039
0037
ffbc
ffd7
ffd5
fff6
006d
0017
0003
0057
fff6
0013
005b
ffca
0000
ffef
0035
000a
0073
fff6
ffcc
0010
ffbf
0035
ffcd
005f
ffda
001a
ffb7
ff9b
ffea
ff80
001f
ffa6
0036
ffa2
0024
0025
ffe5
0039
ffe9
ffb6
fff6
0010
0001
ffef
0001
ff6e
0068
00a9
fff2
001b
0041
ffd4
0035
0000
0000
0000
0000
0000
0000
0000
0000
0033
fff9
000a
ffa1
ffbc
fff6
0064
ffed
ffc9
ffde
ffa0
003b
0081
0004
fffb
0007
0024
0054
001f
004d
ffde
fffe
0057
0010
fff6
003c
fff5
ffeb
ffdd
0050
ffa8
ffd7
0052
ffdf
006b
fff8
006a
fff5
ffda
ffd1
fffb
fff4
ffcc
002c
0004
0051
0015
fff2
002c
004e
ffef
ffc5
0061
0002
0042
ffec
0029
ff9e
0076
fffd
0003
ff9d
ffbe
ffb7
0000
0000
0000
0000
0000
0000
0000
0000
0016
000c
ffee
ffef
0015
ffd6
000d
fffb
000e
ffea
003a
002a
ffd1
ffe2
0020
0010
fff6
0043
001d
ffd8
fff6
002b
ffca
ffe5
001b
fff3
0010
ffce
fff1
fff8
ffff
000a
ffc4
ffe0
ffdd
ffea
ffd9
fff1
fffa
0023
0038
002c
0019
ffd7
000e
ffda
0067
ffd4
fff3
000a
000b
ffef
fff1
0001
000c
001f
0037
0007
0010
0002
ffcd
0027
0017
0029
0000
0000
0000
0000
0000
0000
0000
0000
000f
0015
0041
0012
000e
0002
004c
001d
0009
0004
ffee
0003
fff7
0001
0007
001f
0035
fffc
ffff
fffe
0021
0009
0002
0004
fffd
fff5
ffed
fff5
fff2
ffca
fff6
000d
0053
fff6
fff9
ffcd
0019
0004
ffea
fff4
003a
ffd5
ffee
0015
001f
ffef
fff3
fff0
0019
001a
ffe4
fff3
ffea
0003
ffef
ffd8
fff4
ffc6
fff2
003f
003e
000b
000c
0012
0000
0000
0000
0000
0000
0000
0000
0000
fff2
ffea
002c
0003
0033
0028
0003
002c
ffb8
0025
ffdc
ff88
ffab
fffa
ffd0
ffe0
ffe3
ffee
fffe
0028
0036
fffc
002b
0033
ffba
ffae
ffe4
0006
0017
fff9
ffc1
ffd1
0053
0005
0000
0037
ffd8
0021
0017
0003
fff2
fffe
001a
0012
0020
ffe3
ffb9
0062
ffcd
001a
002a
fffe
0012
fff5
0003
0050
ffb1
006b
ffcc
fff1
004b
fff3
001b
ffe5
0000
0000
0000
0000
0000
0000
0000
0000
fff7
ffd5
ffe6
fff7
ffcd
000d
ffe8
0006
0031
fff7
0005
ffd8
0002
0001
0008
0020
000e
fff0
0019
002c
ffda
ff9e
001a
0006
0009
ffe0
ffe2
ffe6
003e
000e
fff9
0009
ffef
ffec
ffd1
001e
ffc4
ffc6
002e
000b
0008
fff6
0002
fffb
002e
fffe
002c
fff2
ffcc
fffe
ffeb
000a
0017
0012
ffc0
0060
ffd2
0009
fff0
ffee
000d
0039
000c
ffd7
0000
0000
0000
0000
0000
0000
0000
0000
0010
ffe6
ffcb
fff3
ffeb
0026
000a
000c
001c
002a
ffe9
0004
fffe
ffee
0019
ffed
ffe8
002f
000f
0028
000d
ffe2
ffec
000c
ffff
0006
ffe7
000c
0028
ffeb
ffe9
0004
ffa9
001a
002d
fff4
ffe8
fff5
fff0
fff8
ffde
0003
fff3
000f
0010
0023
002f
001f
ffef
000c
001e
fffe
ffee
ffeb
0004
0043
0003
ffcd
0022
ffe1
ffbe
0023
ffe7
0011
0000
0000
0000
0000
0000
0000
0000
0000
fff1
ffd5
000e
0008
0037
ffb8
0028
fff8
000b
0022
ffbf
ffb7
ffc9
0041
0036
ffb2
ffe2
ffe8
ffc2
001c
0002
0062
fffd
0028
ffaf
0006
0027
ffd4
000f
000e
ffe4
0037
fffb
0044
ff97
003c
fff0
005b
fff3
0003
ffdc
ffcc
ffe5
001b
ffbb
fffd
002c
ffcb
ffbd
fffd
0001
ffcf
fffa
ffeb
ffd3
0034
001a
fff5
0005
ffcb
001e
ffeb
0032
003e
0000
0000
0000
0000
0000
0000
0000
0000
001c
ffc9
ffeb
002a
ffc3
fff8
fffb
ffdc
004a
002a
fff1
0058
fff5
ffd6
0025
ffc3
ffe5
ffe7
001a
001a
000f
0006
ffa6
0010
ffe2
0010
001a
ffd9
002f
0014
0014
fff1
ffd3
ffdd
ffc8
fff0
ffe7
ffd8
ffdc
ffd7
fff3
ffed
ffbd
000b
0007
001c
0001
fffc
fffe
003e
000c
fff9
0000
fffd
0019
0064
fffe
fff5
ffda
004c
ffed
fff6
0025
0011
0000
0000
0000
0000
0000
0000
0000
0000
ffea
fff5
ffc5
002e
0026
001c
003c
ffc4
001d
ffe8
ffac
fffa
001b
0035
0027
fff0
0009
0009
001f
fffb
fff7
ffff
ffd8
ffbc
fffc
ffee
ffb4
fff3
fff8
ffe6
ffcf
0011
ffa6
001d
0002
ffe0
ff92
ffc4
000b
0032
ffc2
0034
0027
0018
000c
ffec
002e
ffd6
0019
0042
0054
ffed
0015
0008
000b
fff1
001b
ffea
0033
ffcb
0000
000a
0003
0075
0000
0000
0000
0000
0000
0000
0000
0000
003b
002a
001e
0001
0000
0023
fff6
ffc6
002b
0013
0037
0009
fffe
ffc9
0015
ffd6
fff7
ffd1
fffc
001b
0012
002a
0016
0018
ffde
0015
fff3
fffc
fffa
001c
ffe5
ffed
000d
ffec
0004
fff2
000a
ffd8
0013
001f
ffde
ffe2
ffee
ffe9
fff3
0012
fff5
000f
0019
0016
fffa
ffc9
000c
ffe9
ffc0
003a
000c
ffe5
0020
ffed
ffe3
0009
0004
ffff
0000
0000
0000
0000
0000
0000
0000
0000
0003
ffa0
ffe0
ffe2
ffeb
0012
0028
000c
0028
001e
ffc2
fffe
ffd4
0005
004a
0014
000b
fffe
ffe4
001a
fff1
000f
ffad
000d
fffc
001c
0029
0021
0004
003a
fff4
0005
ffe3
000e
002a
0021
fff9
fffa
001d
0022
0015
ffbc
ffdf
ffdf
000c
ffe5
fff7
ffdf
001c
002c
0015
ffe7
ffe5
0016
0009
ffd9
001b
ffdd
ffea
ffd5
0017
0006
fff5
001f
0000
0000
0000
0000
0000
0000
0000
0000
ffb6
ffda
0004
0000
fff8
fff8
fff3
0005
fff8
0004
ffee
001d
ffb9
ffea
ffed
ffec
ffe0
0050
0001
fff1
ffef
fff7
fff9
0032
001c
ffea
ffee
0003
0019
ffe7
0015
fff9
ffe8
001f
002e
003f
001a
0002
ffde
fff6
0032
006e
ffcd
0018
ffca
fff1
0004
0027
fff9
006c
000a
ffd2
ffa5
0028
ffc9
000c
001a
0057
ffdb
ffc4
ffd7
0009
000a
0023
0000
0000
0000
0000
0000
0000
0000
0000
fffd
002b
0002
fffd
fffd
fff7
0023
0006
0008
ffe5
ffed
0011
ffef
0040
0020
ffd7
ffe7
0010
ffe9
ffee
0000
ffeb
fff7
0014
0010
0004
fffb
ffe0
0010
ffdb
fffa
003b
0023
ffff
fff9
0018
ffe7
fffb
0017
ffce
0039
ffe8
004e
fffe
002f
ffcd
ffef
0000
ffda
0015
0035
002a
0006
0001
fff1
fff8
0058
ffc4
ffbe
0019
fff6
ffec
0004
ffd6
0000
0000
0000
0000
0000
0000
0000
0000
ffd9
ffef
fffb
0018
ffde
0006
ffdc
001e
0018
0010
0013
ffdc
0003
0031
0002
003b
0028
0006
ffe4
ffe8
000d
0015
000f
ffef
0001
ffff
000f
fffb
fff5
0007
0002
ffee
ffea
002f
0010
001b
0009
fff5
fff6
ffe9
0020
fff7
0024
fff0
fff0
fffe
0014
0011
ffec
fff7
0023
ffe5
ffd4
0010
001d
fffe
002d
0027
0019
fff9
fffe
0006
fff1
0030
0000
0000
0000
0000
0000
0000
0000
0000
0004
ffd5
fffd
001e
0008
ffe1
0023
0021
0000
003d
0004
ffdf
fff9
fff3
0002
fff2
001c
0044
000c
0009
000a
fff7
ffd8
001a
0013
fff8
fff5
ffea
0033
fff7
0001
0013
ffd0
0013
003d
001f
ffe9
ffd8
ffe8
0026
ffea
ffdb
0026
0011
fffc
0011
000c
0020
ffe0
ffc8
000f
000e
ffe7
ffd7
0030
0040
0014
0008
0005
ffcc
fffd
0029
ffd9
000a
0000
0000
0000
0000
0000
0000
0000
0000
000a
002b
ffdc
0030
ffea
0010
003c
002c
0011
fffa
fffa
fff9
ff90
0005
ff7e
ffee
0038
0049
0018
0029
ffd7
0009
0004
000a
ffd1
0020
ffd1
000a
ffdb
ffad
ffc9
0001
fffd
002c
0011
0011
fffa
ffd0
ffb5
002a
0018
0030
ffef
0018
003b
0001
ffac
0002
0008
0027
0034
ffda
ffb1
0005
0025
0008
0001
ffd2
0016
fffa
0000
fffc
fff3
0017
0000
0000
0000
0000
0000
0000
0000
0000
ffff
0006
0041
fffa
0005
ffef
0002
0011
0029
001b
000b
ffd5
0052
0049
ffc9
0053
fffd
003d
ffe2
0015
0041
ffdb
0017
ffa5
0051
fffb
ffff
ffb8
0023
0022
ffd2
0037
0023
0045
fff9
0065
0026
ffed
0012
ffe0
fff7
ffe4
ffe7
0032
0007
0021
0016
0044
0016
001e
000d
ffea
0015
0018
000e
0032
ffeb
000d
fff5
ffe3
0036
ffe5
ffab
0009
0000
0000
0000
0000
0000
0000
0000
0000
0022
ffef
ffe9
0023
ffc6
fffa
000c
ffcf
ffed
001e
000a
0002
ffe1
ffe1
001e
0022
ffe5
ffe7
fff8
0011
ffec
000c
ffed
0000
ffdf
fff2
fffe
fffb
000a
fffe
fff4
ffee
0004
fffb
002d
ffe0
ffff
0003
fff3
fffa
ffa9
002f
ffec
001f
0017
ffd5
fffd
000a
ffed
fff5
0022
fffd
000a
fffb
ffd9
fff9
ffe7
0008
fffc
fff9
ffea
fffb
ffc9
ffd4
0000
0000
0000
0000
0000
0000
0000
0000
0002
ffc6
0030
ffc8
0008
0001
0018
fffb
ffea
fff8
ffdb
0005
0017
001c
ffe4
ffdb
000a
001b
fff4
001a
0015
0020
ffed
fffc
fff9
0022
ffff
0025
0031
001b
0015
0014
ffeb
000d
0007
0017
0031
ffdb
0003
ffed
ffe0
0012
fffc
ffe4
0021
0034
ffd7
0018
0002
ffd6
0013
002a
0010
0029
004b
ffe9
ffe7
ffdf
ffe7
0003
ffeb
ffe8
ffea
0012
0000
0000
0000
0000
0000
0000
0000
0000
ff9e
0027
0000
ff38
ffc7
0041
0054
000e
0042
000e
ffc6
fff2
ffbb
002e
ff8c
0003
002d
ffca
000a
ffed
0007
0038
ffde
ffea
0031
ffb5
fffd
0033
ffea
0020
0033
fff2
0053
ffd7
0010
0006
ffc6
0029
0010
0032
0014
ffee
0029
ff9d
0004
0007
0005
ff83
000a
ffee
0017
00bc
0036
000e
ff81
ffdd
ffb3
000e
fff9
0014
0018
000b
004b
ffda
0000
0000
0000
0000
0000
0000
0000
0000
ffe0
0046
000f
000c
ffc8
fff5
ffe6
0000
ffd2
ffba
ffda
001f
002c
001e
0030
ffba
ffd4
ffdc
ffbc
ffe3
ffef
ffd8
fff7
001c
0019
0001
fff3
ffd5
0024
0024
fffa
0038
ffe2
0012
0022
0011
ffec
001f
0055
ffda
0003
ffed
006b
ffee
0041
ffca
ffd1
0019
ffe3
0020
005f
0002
ffdd
ffea
0004
ffe2
0066
ffc6
ffb3
0011
ffeb
ffc4
0008
ffb4
0000
0000
0000
0000
0000
0000
0000
0000
001f
ff84
ff8b
0006
ffda
fff2
0013
0061
ffdf
0055
ffe4
ffe9
fff9
0040
ffcc
0096
fff1
004f
0045
0032
ffd7
fff3
ffb1
ffd7
ffc5
0008
0020
0009
fff6
fff1
ffd8
ff9e
ff57
0025
0027
0009
ffef
ffd4
000c
ffd0
fffc
0032
ffe5
000c
0038
fffe
ffe3
fff4
ffc9
ffda
0087
0023
0005
003e
00a9
fff6
0016
ff91
ff7a
005b
0000
ffba
ffc9
002d
0000
0000
0000
0000
0000
0000
0000
0000
ff8e
0004
001d
0021
ffd7
0071
ffb1
003f
ffcc
0014
0049
001f
002b
004e
004f
ffef
002a
ffd5
ffed
ffe5
0000
0038
ffed
ffbd
fff9
0026
001e
ffd0
0039
0018
0012
ffbb
0012
003c
0034
004c
ffe2
0038
ffbd
ffd0
fffc
ffa4
003d
ffeb
fffa
0016
ffe6
fff9
003c
0022
ffe5
fff6
0016
0040
ffdb
ffce
005d
002f
fff9
ffef
fff0
0008
ffec
002f
0000
0000
0000
0000
0000
0000
0000
0000
001d
0001
ffcb
0006
0009
0008
ffe1
ffe1
0042
ffe0
001f
0009
fff7
ffdf
ffec
ffeb
ffff
000f
0025
001f
ffe4
ffc1
0040
001c
0017
0003
ffe0
ffeb
003a
fff4
0012
fff2
ffe4
001a
ffef
fffc
ffe3
ffd8
000e
000e
ffeb
0012
001e
ffd5
fff5
001a
fffc
001e
0017
0039
fff6
0024
ffdb
0031
0003
0023
001a
0019
0018
000b
001b
0016
0001
0004
0000
0000
0000
0000
0000
0000
0000
0000
0021
ffe8
0000
fff5
000a
0013
ffe0
ffe9
ffea
000d
ffec
0001
0017
ffe2
ffda
000b
fff4
fffc
0024
000d
0016
0002
0010
0023
0001
0007
0016
001e
fffa
0019
0024
ffe4
ffe7
fff7
fff7
fff7
fffd
0001
ffea
000d
ffeb
001c
ffd8
fff6
fff3
002f
0010
fffa
000e
0000
ffe9
0009
0001
0008
0016
0002
ffcb
0027
0027
0010
0006
0003
0002
002d
0000
0000
0000
0000
0000
0000
0000
0000
ffe3
000d
0009
ffe8
0002
ffd7
fffe
ffd8
000c
fff4
fff1
ffef
001b
0028
ffe5
fffb
fff3
fff3
ffe1
0002
0012
002a
ffef
ffaf
fff6
000b
ffe3
ffed
fffb
0018
ffea
0003
fffb
ffeb
0019
0012
fffb
001b
002d
0011
ffe1
0016
0012
fffc
000e
ffed
fffb
ffe4
0008
000e
003c
000d
0018
fff3
ffeb
0001
fffa
000c
ffff
ffed
000b
0006
0024
ffda
0000
0000
0000
0000
0000
0000
0000
0000
0014
fff9
001f
ffc3
ffd7
000a
0031
ffe0
fff1
ffee
ffd6
fffb
ffdd
ffff
ffc9
ffdc
ffe0
004d
ffff
0009
0003
0001
0029
0001
002e
ffd8
fff9
fffa
0007
0043
001a
ffee
ffe5
000a
0005
004c
ffeb
fff5
ffe9
0003
ffd3
0032
fffc
fffd
0010
0019
0017
fffd
000b
fffa
fffe
fff2
fff7
0009
0007
ffd5
002f
001a
fffa
ffe6
001d
ffc7
0000
ffe2
0000
0000
0000
0000
0000
0000
0000
0000
000a
ffc8
fff4
ffe7
0025
001c
ffe8
0004
fffb
fff9
0006
0003
ffee
fff8
ffe4
0006
0014
0002
003b
0000
000f
000c
fff5
001a
002e
0000
0008
003d
0001
0014
0007
fff3
ffdf
0012
ffe8
0013
fff1
ffc4
ffe9
0013
fff3
0024
ffd7
ffe7
ffd2
002d
0018
fff2
0021
ffe9
ffd4
000a
0017
000a
001e
ffff
ffc8
002e
0008
fff2
000a
fffe
0007
002e
0000
0000
0000
0000
0000
0000
0000
0000
001b
0008
0010
0002
ffda
000a
002c
ffe1
000d
fffa
000c
ffeb
0029
0001
ffe9
ffd6
ffe4
fff4
0020
0014
001a
fff6
0016
0014
ffdd
002c
fff8
ffe7
fffe
fff2
ffda
0001
fff9
ffe2
0031
004e
000e
fff7
fff6
0006
ffbc
fff1
0019
0032
0025
0011
fff2
fffe
0002
fff5
0038
fff3
001b
0016
000d
0018
0016
ffee
fffc
000c
000f
ffe0
0014
ffdd
0000
0000
0000
0000
0000
0000
0000
0000
004b
ffd1
000c
0004
ffd5
000e
0004
ffc6
0019
ffdc
fffe
0036
0014
ffc4
fffe
fff5
ffee
001c
005a
001d
000a
002b
ffa5
001a
0039
ffea
002e
fff7
002c
0009
ffe9
0033
ff8a
ff5d
ffcd
ffc1
ffc5
ffbf
ffa7
ffd4
ffee
ffe8
ffcb
fff2
0026
fffa
0003
ffeb
0022
0040
fff7
ffbd
0003
000b
fff3
0079
003c
fffc
ffbe
003f
fff0
ffcb
001b
ffc1
0000
0000
0000
0000
0000
0000
0000
0000
ffe9
ffe2
ffe7
ffd2
001d
0003
0000
fff0
ffda
ffef
ffe8
0019
000e
ffff
0002
0024
ff9e
ffff
0043
002d
fffd
fffb
0005
0032
0002
fff4
000e
000b
0033
fff4
fff1
000e
ffab
ff9f
0023
fff0
0018
ffd2
fff1
ffad
ffda
0027
ffe7
ffef
0014
fff8
0005
0034
000e
0016
ffe5
ffd4
0010
ffeb
ff88
0033
001e
0009
0022
fff3
ffe2
fff6
ffef
fffd
0000
0000
0000
0000
0000
0000
0000
0000
0004
ffeb
0033
ffdf
ffea
000b
0002
ffed
0017
fff0
fff2
000e
000c
ffeb
0000
fff4
ffe3
0025
fff4
000a
ffe5
fff9
fffe
ffe6
0038
ffde
ffe4
ffdd
fffd
0012
fff3
0002
fff7
0011
001b
0024
ffe8
0014
fff3
0007
ffe2
0004
ffe5
0038
000b
fff5
fffc
fff6
0010
004f
ffd9
fff0
0024
ffe1
ffed
fff2
0004
001b
fff6
0010
002b
ffcc
ffc1
0009
0000
0000
0000
0000
0000
0000
0000
0000
0010
fff2
ffe4
0005
fffe
0015
ffdc
001b
0010
ffdd
ffc2
001b
0008
0021
ffef
0005
ffec
0016
fff4
fffe
ffee
000a
0002
fffb
ffed
0005
000b
fffc
fffb
ffde
000c
000c
ffe9
ffd1
fffb
0009
0004
0007
ffe3
ffcd
fffd
000d
fffe
ffea
ffe4
0005
001a
000c
001f
ffff
0000
fff3
ffff
001e
0007
ffec
fff6
0012
fffb
0047
000e
ffb7
0011
000f
0000
0000
0000
0000
0000
0000
0000
0000
ffd8
ffb4
fffa
ffe9
0037
0028
fff2
005e
0026
001e
0016
0001
0010
ffe7
ffec
fff9
0048
0008
002b
0028
000f
fff4
0017
000f
0031
ffe9
fff7
001a
fff5
005b
fff6
ffc5
ffd0
0032
ffa6
0000
ffde
fff0
ffe1
0048
003c
000c
ffac
ffc0
fff4
002b
0004
0010
0039
ffbb
ffd1
ffcf
001d
0017
ffe3
fff8
ffe2
fff5
ffef
0018
fffe
0019
fffa
006b
0000
0000
0000
0000
0000
0000
0000
0000
000a
ffed
ffe9
0006
0044
ffb3
0018
ffea
ffd2
0021
000b
0016
fff6
0008
001b
ffc3
ffe5
fff7
ffed
ffe3
0040
fff2
0006
ffdc
ffbd
ffc1
ffd3
ffeb
0039
0003
ffdc
fff6
ffe0
0032
ffe5
0007
0008
0003
0044
ffcf
ffee
0008
fff4
0038
ffd7
fffd
000a
0023
fff2
0024
fff3
ffee
fff3
ffed
fffd
0023
fff3
000c
0026
ffc8
ffcf
000b
0041
001f
0000
0000
0000
0000
0000
0000
0000
0000
0011
0021
003e
ffff
0019
ffee
0031
fffb
0001
0021
0001
000d
ffdc
0004
0028
0016
001c
ffe7
fff4
000a
0023
0002
fffe
0008
ffe9
fff7
ffed
ffee
ffdb
ffd8
fff6
0009
0062
fff5
0002
ffdb
000a
000c
0005
0011
001b
ffec
ffeb
0031
0008
ffdb
fff2
fffb
0014
0008
ffdb
fff8
0015
0016
fff3
0002
0001
ffcb
0017
0045
0028
0007
0000
000f
0000
0000
0000
0000
0000
0000
0000
0000
001c
fff9
0004
ffba
ffc2
0020
003b
ffd8
000c
0019
ffe4
ffc6
ffdd
0010
ffe5
004f
ffe5
0027
ffd0
0035
fff5
fff4
ffd9
ffb6
0021
ffd9
0006
0039
0014
0012
ffcc
0001
fff0
fffe
0006
004c
0000
0009
000c
0005
0015
0031
ffe1
fffb
0019
ffc4
0004
ffeb
fff7
ffd1
0018
fff3
ffec
0009
ffee
0002
0023
fffa
ffe8
0012
001c
fff1
000c
0015
0000
0000
0000
0000
0000
0000
0000
0000
ffa9
ffda
0030
0030
000e
ffd2
ffba
fffc
002c
0012
0012
fffc
0015
fff8
ffdc
ffe3
0024
001e
001e
ffd3
0031
0045
fff0
fff8
ffe7
0009
fffb
0014
001e
001b
0004
ffde
0009
fff6
0031
fffd
ffd5
ffe8
0021
ffc1
fffb
fffd
002f
ffcf
fff9
ffff
0005
0009
0001
ffa0
0037
ffd2
ffd8
ffe0
0044
fffe
ffe3
001e
fff2
ffff
ffb9
0016
005d
ffd5
0000
0000
0000
0000
0000
0000
0000
0000
ffe9
fffe
ffd5
0021
0044
006a
ffe1
fff9
0000
ffe3
001c
ffbc
0049
ff9d
ffea
fffb
0003
ffc1
001e
0019
0078
fff6
0052
003c
ffd8
ff97
001f
fff9
0025
ff92
000d
ffed
ffc9
001a
0053
ff79
0027
0035
002c
ffb5
ffa4
0022
0030
ffdc
fff4
000e
0002
0022
ffea
ff76
ffd0
0012
003c
0009
ffca
000a
ffff
0001
ffe4
ffef
0010
ffdc
0000
ffb6
0000
0000
0000
0000
0000
0000
0000
0000
0004
001e
0019
fff2
ffd4
ffb1
ffe6
004d
0015
0011
0024
002e
fff2
000e
fff6
003f
0009
0019
ffdb
fffe
ff75
001c
fff0
ffbc
0019
001c
ffef
001c
ffcf
0019
0000
0019
fff9
ffea
000a
0039
ffe8
fff6
fff2
000c
000c
001d
ffc2
fffc
fff9
fffb
ffd2
fffa
000a
0029
0003
ffff
ffe9
0021
005e
002e
0014
0001
fff0
002c
ffec
0003
000c
ffe2
0000
0000
0000
0000
0000
0000
0000
0000
fff0
0028
0036
ffe8
fff9
0040
002a
ffd5
ffe1
0024
ff8f
ffdc
ffdf
fff2
000c
002f
ffd6
003f
002c
000e
0028
ffc9
000d
001a
001b
0007
ffe2
ffd4
ffc2
0003
ffae
ffdc
fff9
fff7
004f
ffb2
0047
fffe
ffbc
ffc6
0028
003b
ffdd
0026
003a
fffe
0004
001b
0019
0062
0042
ffd1
ffdc
ffed
ffa9
002e
002f
0029
0001
ffa3
002e
ffe4
fffe
0000
0000
0000
0000
0000
0000
0000
0000
0000
fffc
fffd
0005
ffb9
0013
ffda
0000
fff0
ffd0
ffee
0017
0069
0044
fff4
0005
002b
0009
ffde
0013
ffdf
ffec
0007
0030
0001
ffff
000f
ffe7
004b
0005
ffd1
0070
0015
ffef
ffb3
fff7
ffcc
fff8
0040
0040
0010
fffd
ffe5
ffed
0008
0008
0025
0020
fff9
ffff
ffd2
ffb2
0055
ffff
0023
0038
ffbd
0008
0012
0003
0026
ffda
ffe1
000f
ffe2
0000
0000
0000
0000
0000
0000
0000
0000
0022
0066
0030
ffcf
ffdd
ffc7
0047
ffd1
ffd4
ffdc
ff9e
0040
fff4
0026
ffe8
0007
ffd5
0012
fffd
ffd0
ffd9
ffbc
0019
0009
002f
0029
0015
002d
ffd8
ffc9
002b
0057
0010
ffd6
0008
001a
0027
fff3
ffdd
ffa6
0038
ffbc
0027
0001
0065
ffe4
fff5
ffea
ffd4
0029
ffef
0026
ffb5
ffec
0005
fff5
0044
ffd6
ffe0
ff93
0022
ffee
ffcf
0009
0000
0000
0000
0000
0000
0000
0000
0000
fff2
0006
0057
0015
0036
000f
0049
ffce
ffe8
fff3
ffde
ffa8
ff8d
fff8
fffa
0000
fff0
0051
ffea
001f
000c
ffe2
0028
ffe1
fff1
ffc1
fff1
0026
0012
0010
0017
002a
fff3
001f
ffed
0008
ffbc
001c
0019
0008
0011
0003
0007
001b
0004
fffc
ffe7
ffeb
0013
fff1
ffd0
000a
0006
0019
ffc4
ffe6
ffc0
0002
0028
fff2
0027
ffe5
ffec
ffe8
0000
0000
0000
0000
0000
0000
0000
0000
fff6
000a
0010
0011
0020
fff8
fff0
0003
fff6
000e
0041
ffbf
fffe
0020
ffdd
fffb
000a
001e
000b
fff5
000b
fffd
0043
000d
0014
ffef
fff2
ffea
ffff
ffeb
fff2
000a
0006
001f
0009
ffef
000d
000f
0018
002a
fff5
0016
003a
0020
ffde
ffe0
0005
0003
ffe1
fff5
0001
fff9
0028
0012
0020
ffee
ffe7
0032
fffd
ffda
0011
ffef
ffd0
fff9
0000
0000
0000
0000
0000
0000
0000
0000
ff8b
0035
fff2
0042
0021
ffe4
0021
002c
0056
fff0
0018
0030
ffeb
ff8f
ffc3
ffac
001d
ffde
005c
ffac
ffce
001b
ffee
fff8
ffeb
ffbc
ffbd
ffc6
ffe1
fff0
ffe2
ffe6
ffc9
fff9
0086
ffdc
ffc8
0006
0023
ffc9
ffcd
ff9b
fff0
fffb
ffdd
0028
ffbd
ffb4
ffeb
0012
ffcd
0042
ffba
fffa
002c
ffdb
ffaf
0004
0024
fffb
0033
ff9e
0018
ffea
0000
0000
0000
0000
0000
0000
0000
0000
0004
ffd3
0050
003f
0002
ffe4
0034
fff3
ffbb
0008
ffa8
ffd0
0019
0027
001b
001d
ffc8
0008
ffe3
0033
ffcd
0014
ffe9
ffec
ffd5
fffb
0027
002d
ffeb
001c
0002
ffe9
fff7
ffc6
ffe2
0074
ffa5
003d
ffce
ffe2
001c
ffc2
ffc5
0010
0051
001a
ffe1
ffc4
ffc8
fff3
0028
0014
001c
fff3
0039
0006
000b
0003
ffd2
fff1
0041
fffa
ffee
0032
0000
0000
0000
0000
0000
0000
0000
0000
ffe9
ffa8
002b
ffff
0016
ffbf
0008
ffe8
ffeb
0014
002a
0009
0023
000f
000c
ffac
fff7
fffd
0008
fff6
0065
ffd8
ffca
ffdc
ffd6
ffe1
000d
0005
0012
fff1
0031
0044
ff98
0031
ffd4
003b
fff4
fff8
0007
000d
0008
fff5
fff7
0027
0002
0018
000c
ffd6
fff2
000e
0012
fff2
0000
fffd
0018
001b
ffe3
0043
000c
fff4
ffe8
004f
0015
000b
0000
0000
0000
0000
0000
0000
0000
0000
ffe6
001f
0024
0006
ffcc
ffb3
ffec
0003
0003
0019
002c
ffd7
004a
0016
fff4
fff1
ffa6
ffc4
fffa
002b
003c
fff5
001e
0029
fff8
ffec
0018
ffd1
001f
ffa6
ffb3
ffdb
0057
ffed
ffe2
00cc
ffd6
fff4
ffee
003e
ffda
000b
002e
007f
0012
0003
ffca
ffe3
000f
0000
fff2
fff8
001d
0068
ffed
004d
fff2
0033
fffa
0030
0027
0010
0016
0008
0000
0000
0000
0000
0000
0000
0000
0000
fff2
fff3
0007
0004
0010
ffe3
ffce
ffec
fff1
fffe
001e
fff2
002b
ffe0
ffe1
ffff
0025
0016
fffb
ffff
0023
0048
0000
ffd3
fff3
fff8
000f
ffea
0016
ffec
0032
0012
ffef
002c
ffdc
0000
000b
0033
fffd
0005
ffd0
001f
fff6
ffec
ffe1
0033
ffdf
0008
ffd2
ffec
0004
0006
002e
0002
004a
0006
fff8
fffd
000b
0012
ffdf
0016
0027
000a
0000
0000
0000
0000
0000
0000
0000
0000
0003
0016
ffe3
001f
ffe5
ffb3
0011
0004
ff9b
fff9
fff6
ffee
ffed
fff5
fff8
003c
002d
002b
ffcb
0009
fff7
0016
000c
0039
ffe7
ffd7
ffc8
ffeb
ffdd
0012
000e
0013
ffff
ffd1
ff98
ffe8
0038
ffd6
fffb
004e
fff6
0022
ffd2
0014
0005
000b
0043
001f
ff87
ff59
005a
fff6
fff8
ffe1
0063
ffff
ffe7
0002
0005
0042
0016
ffd4
001d
ff82
0000
0000
0000
0000
0000
0000
0000
0000
001a
000a
fffe
ffee
0019
ffc5
003f
fff1
000d
0002
fff0
0031
fff9
0004
0013
fff9
0030
001d
fffb
000c
0001
fffc
0029
0026
0011
ffe3
ffd9
fffc
002a
ffef
0009
0013
002c
001c
ffe4
ffdd
fff2
000a
000d
0010
0038
ffc1
001e
0015
0004
fff9
ffe8
0008
000d
ffe3
ffda
0017
000f
001d
ffcd
0014
001b
ffca
fff0
003f
ffff
0008
001f
0003
0000
0000
0000
0000
0000
0000
0000
0000
0011
fffa
fff4
0018
ffd6
ffde
0006
ffd2
0005
ffe5
004d
006d
0000
fff7
ffe1
ffe5
0021
ffeb
ffde
ffe4
ffe7
0039
ffe6
ffe4
0017
001b
ffee
0015
ffd5
0012
0004
fff4
ffec
fff7
ffe5
0005
001e
ffc6
ffd6
0028
fff7
0008
0001
ffdf
000c
fffa
0008
0002
000e
000c
fff6
fff7
ffc6
ffe0
0029
ffc7
0009
ffea
0004
0041
ffe9
000e
ffcd
fff7
0000
0000
0000
0000
0000
0000
0000
0000
0009
0006
001e
0012
0001
fff7
0046
001b
fffa
001b
0019
0032
002b
0010
ffcc
0009
0017
003e
001a
001c
0023
0020
0001
000b
0026
fff6
ffcb
ffef
ffe7
ffe6
ffbe
000e
ffd6
ffe3
000a
0047
fff2
ff90
ffcf
ffe9
ffde
0012
fff3
003e
002b
0016
0019
0002
fffd
001f
0022
ffea
0005
fffd
0010
ffed
fffe
ffd3
fff4
0074
fff0
fff2
fff5
ffae
0000
0000
0000
0000
0000
0000
0000
0000
ffd1
000e
0012
0014
002b
004f
0025
ffc1
ffd6
fff5
0000
ffd0
ffc7
0006
0031
0004
ffab
0049
003c
0004
0047
ffb7
ffc0
0009
000e
0003
0035
ffb7
fff5
ffca
fff9
fff3
ff86
ffc0
001c
ffc7
fff6
002a
fffc
ffd9
0025
0021
ffea
0029
002c
0014
0033
ffdf
001b
003e
0022
ffdd
0010
fff5
ff8a
fff5
0007
0022
0013
0016
002d
fff7
0021
0018
0000
0000
0000
0000
0000
0000
0000
0000
001d
ffc9
001f
0001
ffcf
ffcd
fffa
fff1
000b
003d
fff3
0044
fffd
ffe5
0016
000b
ffcf
0023
001d
0015
fff2
ffd4
ffc7
ffd1
0008
0027
0038
ffea
0009
0012
0007
fff2
fff8
ffe3
ffe0
ffb0
0017
fff3
0018
ffda
0001
fff2
ffdd
0010
ffda
fff6
0022
ffdf
0017
0042
ffc1
ffd4
0005
0003
0050
002f
0035
ffea
0009
0010
ffd0
0002
0006
fffe
0000
0000
0000
0000
0000
0000
0000
0000
0029
0000
ffde
fffb
fffa
ffc9
ffc3
002f
ffcb
0053
0011
000f
000f
0023
004d
0002
ffe9
0023
003a
0002
0038
ffaa
ffc3
0002
ffeb
001c
0007
ffb4
fff9
0012
0008
ffca
000c
ffda
ffb3
ffb8
0020
fff8
002d
fff6
001a
003e
0011
0022
0028
ffdb
000d
002a
ffe5
ffea
fffc
ffd1
0028
ffff
003a
0044
ffeb
0022
0023
0069
0022
0002
000f
fffa
0000
0000
0000
0000
0000
0000
0000
0000
0007
ffe4
0018
ffd6
ffef
0013
ffed
0010
0025
0023
0020
0002
0000
ffed
0035
fff5
0021
0009
0002
fffb
0011
0025
ffeb
0008
fffa
ffec
ffdb
fffa
0040
0015
fff6
ffed
fff1
0015
0024
ffc4
fff0
fff4
ffec
0018
0007
ffec
0007
fffd
000b
fffc
0014
001a
0001
0023
fff7
fff6
0006
fff6
fff8
0014
0006
fff0
0007
fff7
ffec
0012
fff7
0002
0000
0000
0000
0000
0000
0000
0000
0000
0033
ffee
ffe6
fff9
0024
ffe9
0025
0010
0019
0022
ffea
0030
002d
fffa
0013
0008
fff1
0046
002b
0015
0014
ffbe
000d
0002
fff1
ffee
ffe9
fffa
fff8
fffa
fffe
001a
ffbc
0012
000d
ffeb
001b
ffe8
000e
0010
fff9
ffde
ffff
000e
002e
001a
002b
0005
fffb
fffc
fff7
ffe5
0009
000c
ffef
ffea
0004
ffc4
ffe5
0005
ffe3
000a
ffc4
fffd
0000
0000
0000
0000
0000
0000
0000
0000
ffe9
000b
0005
ffe7
ffb6
fff0
ffa6
0004
0026
ffe2
001a
0008
0047
0036
0011
fff5
000c
ff85
fffe
ffbf
0012
0033
0008
ffe5
002b
ffd9
001d
0000
ffe5
001b
0043
ffc5
005e
ffd9
ffcb
0010
ffe7
0049
0000
ffdf
fff4
ffce
003c
ffeb
000f
0026
ffcb
002c
0020
ffd7
ffcb
0076
0014
0022
0061
ff9f
0030
0037
ffcb
0003
ffe2
fffe
0026
0047
0000
0000
0000
0000
0000
0000
0000
0000
000e
ffb5
001d
ffce
0019
fff8
fffc
000e
ffd2
003a
ffc4
ffd4
0003
000e
fffa
fff8
000c
fffa
fffd
ffd3
fffc
fffa
ffd2
ffe4
fffe
000f
fffc
ffdd
fffd
002c
ffff
0018
ffd4
0044
001d
0034
fff1
fff5
ffd4
0000
ffdd
ffca
fffb
ffee
0004
0021
0030
0010
ffd8
ffa9
0006
0008
003f
0008
004b
0039
0001
000b
000f
fffb
0010
001b
0007
0012
0000
0000
0000
0000
0000
0000
0000
0000
fff8
0004
ffde
ffff
ffcf
fff8
ffe2
ffe7
ffcc
ffe4
fff3
fffa
000c
001d
0018
ffbf
ffcf
0001
ffee
ffed
ffe2
fff5
fff2
ffdf
0000
fffb
fffe
fff4
0014
0027
0011
001f
ffd0
fff2
000c
002e
000a
0001
000b
ffd9
ffca
000c
0036
0008
000a
fff3
0004
fff0
fff6
ffef
0031
001b
ffe0
fff3
0017
0016
0037
0032
fff3
ffb8
fff4
ffd4
000c
ffb7
0000
0000
0000
0000
0000
0000
0000
0000
ff9b
005e
ffa7
0032
0026
006e
ffb5
0043
ffbc
000b
ffd1
000a
0005
ff8e
0020
0010
ffbb
006e
0006
fffa
001b
ffdb
ffa7
0059
ff8d
ffac
004d
ffc4
ffb7
ff4b
ff90
ffdc
ff4f
fff2
005e
ffc4
ffe3
0045
ff9a
ffef
000e
0067
ffa1
ffeb
ffe0
ffbe
ffe5
0035
ffec
0070
0032
ff78
0002
ffd4
ff89
006d
0026
0012
002f
003b
0038
fff4
ffe0
ffa9
0000
0000
0000
0000
0000
0000
0000
0000
0004
0006
fffb
ffd6
0010
0007
0033
fff7
001c
0008
fff8
000d
ffd7
0000
ffe1
ffcb
ffed
0014
000c
0026
0014
ffe4
ffe7
fffd
0006
fffa
0002
ffec
0026
0037
0008
0005
ffa8
003a
0025
0041
0024
fff0
000d
ffe9
ffd4
0001
0000
0008
000e
0041
000c
0015
0027
0000
fffb
001d
ffe3
ffdc
0008
001e
ffef
0008
0013
fffe
0019
0016
ffef
fffd
0000
0000
0000
0000
0000
0000
0000
0000
000f
ffd4
000d
0027
ffc2
ffa8
fff8
0000
0005
fff9
0062
ffbf
ffcb
000c
0005
0025
ffcb
ffde
fffe
fff1
ffe9
0001
ffb7
ffff
ffc2
0010
003c
ffff
ffef
0037
0005
0022
005b
ffaf
0055
0012
0020
ffde
002f
ffdf
ffa3
0045
0000
0012
0009
ffbc
fff6
ffeb
ffc8
0009
004c
000f
fff8
fff3
ffd8
001a
0019
0046
0029
ffe4
ffef
000b
002c
ff67
0000
0000
0000
0000
0000
0000
0000
0000
fff0
fff0
ffc7
002e
0049
004b
ffc2
0016
002a
ff9c
fff8
ffd3
0035
ffe9
0026
ff95
002e
0020
002b
ffd0
ffbb
0006
0040
003f
0033
0043
000c
0011
ffc0
ffc5
ffea
006e
ffd8
fff6
ffd3
ffca
ffd8
ffe0
ffea
001a
ff95
fff6
001f
0009
ffeb
002d
005d
ffb4
fff8
ffd2
ffd2
0011
ffea
ffc2
ffc1
ffef
ffe0
ffb7
0032
ff9d
fff6
ffef
001c
ffc0
0000
0000
0000
0000
0000
0000
0000
0000
0018
003f
0001
ffe4
fffb
ffac
000f
0017
0058
0027
0022
0024
fffe
0037
ffd5
ffdd
002d
0025
ffda
000f
0027
fff0
fff9
ff7d
ffe4
fff3
ffb9
ffe7
0039
fff1
fff1
ffea
0018
0053
0004
0003
0036
000b
0003
fffa
fffe
ffb7
001c
ffdc
000e
0018
fff1
fffe
000d
fff9
ffd8
fff1
ffdc
000a
0027
002e
0026
ffde
000c
003b
0008
0043
002c
002a
0000
0000
0000
0000
0000
0000
0000
0000
fff3
ffff
000c
0002
0004
001d
0011
0009
fffa
0002
0001
fff1
ffe8
0006
0008
0015
fff2
ffef
ffe4
0025
000e
fff2
0028
0016
fff1
ffeb
fffb
0017
0026
fff9
0001
0007
0001
0005
0011
fff5
001a
fff7
0012
ffdf
001f
000b
0009
0003
fffe
fff9
0010
001b
fffb
000d
ffec
0006
0009
000a
ffd3
fffe
ffef
0010
000d
ffe2
0001
fffa
fff0
fff3
0000
0000
0000
0000
0000
0000
0000
0000
fff6
ffe3
ffa8
0027
0006
ffd9
ffb8
0043
ffc3
001b
0015
0047
ffcd
0016
0017
ffe7
0010
002f
001d
ffff
001d
ffed
ffcc
0007
ffe0
0018
0014
ffae
ffc9
0004
fff7
fff1
ffcd
fffd
fff9
ffb1
ffdc
0015
fff4
000d
fff7
0011
fff9
0011
ffdf
000b
0017
0056
ffc3
0047
0021
fffb
001c
ffeb
0049
0069
ff9b
ffff
0003
0008
fff5
fffa
ffde
000e
0000
0000
0000
0000
0000
0000
0000
0000
003e
0015
ffe7
fff5
000e
ffb7
003c
ffc5
001c
0013
ffef
002b
ffb2
ffee
0013
0017
000e
0034
0019
ffcc
0003
000e
ff82
0013
ffe2
001f
0023
ffdc
0014
0005
fffb
ffe8
001f
0017
001c
ffca
0012
0026
fff9
ffea
000f
fff2
fff4
fff5
0002
ffc2
ffff
0011
0010
001a
0012
0020
ffda
0010
003f
fff9
0017
ffff
ffff
003c
004c
fffd
0023
001b
0000
0000
0000
0000
0000
0000
0000
0000
ffe4
fff0
ffc0
ffe6
fffb
001f
0063
000f
ffd4
ffee
ffc8
0012
0041
002b
0027
0012
fff8
002f
0046
0037
0022
0029
0013
003e
000a
0010
ffd2
002c
0005
fffa
ffcf
fffe
ffc5
ffab
fffa
0024
fff2
fffa
ffcb
ffd0
0007
ffb6
fff1
0046
002c
0059
003a
0030
ffe3
ffc1
002e
ffc6
ffe8
fff1
ff8f
001c
fffe
fffc
fff9
0017
ffb8
ffe7
0008
ffda
0000
0000
0000
0000
0000
0000
0000
0000
0007
fffd
ffd0
ffdc
fffd
0002
fff0
ffc4
ffd0
ffe4
ffdb
fff6
fffa
fff6
ffdf
0009
ffee
002d
000f
fffe
fffd
fff0
001c
fff5
fff4
ffdf
001b
0020
fffb
001e
0021
ffdb
fff1
ffe4
ffe8
000b
ffeb
0007
0007
0018
0003
003e
0011
ffe1
000a
0009
fffd
ffdc
ffee
0004
fff0
ffeb
0033
0004
ffef
ffc1
ffe5
0016
0007
ffe3
0005
0005
0007
ffd9
0000
0000
0000
0000
0000
0000
0000
0000
0006
0017
fff0
fffb
ffed
001a
000f
ffe0
0007
ffeb
0001
0043
0003
ffec
0010
ffea
ffea
ffec
0018
fff9
fff9
ffec
fff4
002a
000c
000f
0015
ffe1
fff3
fffd
ffec
ffee
ffe9
ffe9
fffd
fff2
0008
fff0
ffd8
000b
0007
0002
0004
0001
0010
0012
000f
ffdc
fffc
002a
ffe9
ffe9
0015
000f
fff7
0002
0011
0006
0019
ffe7
0006
0008
0008
0007
0000
0000
0000
0000
0000
0000
0000
0000
ffe4
0020
004f
ffd1
0008
0025
000d
0002
001a
0018
ffff
ffcc
0002
0005
ffc1
ffee
ffe3
0035
ffea
0068
0024
ffc2
ffea
0041
ffe9
fffc
ffd6
ffe3
0040
ffec
0008
0013
fffd
fff0
ffeb
0056
0021
ffde
000a
fff2
003a
fff3
fff8
fff5
000c
002e
fff6
0036
000e
000d
000c
ff9e
ffe1
ffe8
ffab
ffe6
0029
fff2
fff0
ffed
000a
0006
001f
ffe8
0000
0000
0000
0000
0000
0000
0000
0000
ffeb
ffdb
ffe1
ffcb
fff7
0031
ffde
0007
ffea
ffe0
0006
fff5
000f
fffe
fff7
ffff
0002
002f
000d
000d
000e
ffff
ffe6
ffe2
001a
0004
0002
0025
0040
fff6
0003
0009
fff6
ffe6
000a
fff4
0010
0005
ffed
ffff
0001
0024
0000
0009
000b
0006
ffef
fff5
ffe1
0056
0002
0008
0001
0015
002b
0005
ffe8
000a
ffc9
fff6
0001
ffee
fff2
0003
0000
0000
0000
0000
0000
0000
0000
0000
ffcb
ffd6
fff3
0017
001e
ffec
ffcc
004f
000b
0021
0030
ffff
0005
000d
0030
ffd8
000b
ffea
000a
fff5
0008
ffe9
fff2
0022
ffd4
ffe6
fff7
0008
0020
ffc9
000f
ffed
002d
0028
0008
ffef
fff9
fffd
002d
fff5
ffff
fff3
000f
0015
ffef
0000
0002
0019
ffe0
fff1
fff7
0027
0001
0016
0000
0029
ffbc
000a
fff8
001b
ffec
0022
0008
ffeb
0000
0000
0000
0000
0000
0000
0000
0000
ffff
ffc5
0015
0007
0003
0003
fff9
ffea
0002
ffdb
fff0
ffcd
ffe7
0004
ffe2
ffe0
ffde
000c
ffc2
0019
0030
ffd3
0067
0026
ffdf
ffb2
ffd0
000d
001e
ffd8
fffe
ffea
ffcf
0050
0023
0005
ffd9
ffe4
0011
0004
0024
0037
0026
ffce
fff9
ffe9
001d
0002
fffe
0025
0004
ffdb
0004
000e
0019
0000
0008
ffed
0037
ffda
ffca
ffeb
ffec
002e
0000
0000
0000
0000
0000
0000
0000
0000
0003
002b
ffe9
fff8
fff4
ffdb
fffa
ffea
fffb
fff5
fff1
fff0
ffd2
fffb
ffdf
002e
0006
fff2
002c
ffec
0016
fff6
0011
ffd3
0006
0014
0008
000a
fffa
ffd7
0016
ffef
fff2
ffed
ffea
ffd3
000d
0007
ffd6
fffb
fff7
fff7
0003
0010
0009
0004
ffd7
ffd4
fff8
001a
ffea
fff8
ffe8
fff4
001f
0010
ffa6
fff4
0021
fff2
000f
000c
ffbd
fff7
0000
0000
0000
0000
0000
0000
0000
0000
fff8
0002
ff9a
0014
ffcb
002c
002b
fffe
fffb
005f
fff0
0024
ffcf
ffe9
002d
fff8
ffd5
001b
006d
fff9
fff5
ffca
002c
0021
0023
ffd3
fffa
ffb8
0017
0024
ffd3
000c
ffdc
ffde
002e
ffc3
ffcd
0011
fff6
ffad
0007
fff2
ffef
004a
ffe0
0030
0026
ffe2
0017
005b
ffb6
004c
002f
0045
ffde
003c
0001
fff0
0065
fff0
fff2
fff1
ffe4
ffdc
0000
0000
0000
0000
0000
0000
0000
0000
fff1
0022
0019
0001
fff2
0010
fff0
0026
0004
fffc
001e
001b
fff5
ffe3
0017
0000
000c
fffa
fff0
fffe
000c
0000
0034
0009
ffec
000b
fff0
0006
0002
fffc
0011
ffff
001d
ffe8
002a
ffd2
0013
ffef
0014
0007
fff1
fff9
0001
ffe3
0005
0001
fff2
002c
fffa
0022
0000
ffef
ffe3
fff5
fff5
0001
fff9
fff1
0012
0000
ffce
fff0
0001
ffe6
0000
0000
0000
0000
0000
0000
0000
0000
0011
ffff
ffd3
001d
0038
ffda
0017
ffdb
ffd3
ffe2
ffdf
002d
0033
0021
001d
ffd5
ffd8
0000
0010
fff5
0018
ffca
ffe4
001e
fff1
ffd7
0014
0006
0005
fffa
ffdc
ffff
fff6
fff8
ffb9
0017
fffe
ffe1
ffe8
fff5
ffe6
fffd
ffec
0035
001f
0004
ffff
ffc9
ffee
0020
ffe8
fff5
0028
fff8
ffad
0017
001d
0009
0016
ffee
002a
fff0
ffd5
001a
0000
0000
0000
0000
0000
0000
0000
0000
0027
ffbf
0010
ffc4
fff9
0001
0015
0010
0002
000c
fff5
ffe4
000c
002d
ffec
ffdd
ffd8
0047
ffe2
0035
fffc
0007
ffe1
ffb5
ffd3
0011
002d
0035
0014
0043
0009
0001
ffa5
001a
fffc
004a
ffd7
0000
ffe2
fff2
ffd9
ffec
ffb4
0015
001b
0041
ffcb
fffd
0019
0043
0012
ffd9
fff1
000f
0032
0054
0000
ffe4
ffd2
ffe8
ffe9
ffe1
ffba
003c
0000
0000
0000
0000
0000
0000
0000
0000
ffb3
fff5
ff8e
0024
ffd2
001d
ff81
0015
003d
fffb
000d
ffed
0043
0006
001f
fff1
004e
ffc2
000b
0007
0017
0008
ffc4
002a
0001
0014
0030
fff2
fffa
ffca
ffef
fffc
fff3
fff1
0017
ff94
ffcb
0008
fffb
fff6
0002
ffee
0025
ffdd
0002
ffd3
fff7
fff9
001b
ffee
0002
0029
ffe5
0020
ffb2
0020
ffb1
002f
0013
ffe7
0009
0050
004d
0004
0000
0000
0000
0000
0000
0000
0000
0000
000d
ffcf
ffd6
0014
0001
fff3
fffb
fff9
0041
ffee
ffb1
ffdf
0000
0011
0012
ffe3
fff6
fff6
fff5
ffec
fff9
fff4
ffce
ffcb
ffec
fff0
fff6
fff9
000f
fffa
0003
ffdb
000b
0048
0018
ffe3
fff5
fff8
ffde
0018
fff2
002e
000e
fff7
0004
ffe4
0039
ffe8
ffc4
0003
0050
fff3
ffef
ffd0
0041
fff5
ffd2
0019
0010
ffe3
ffd8
0007
ffe8
0033
0000
0000
0000
0000
0000
0000
0000
0000
ffef
fff6
000f
000a
0000
ffe6
0004
0031
ffd5
0025
fff7
000b
0018
0006
003c
0036
0030
fffc
ffcc
fffe
0005
0004
000f
0034
ffd4
ffec
fffb
fffc
fff6
ffec
ffd4
ffb3
0011
0042
0024
ffd2
002c
fff5
ffde
0003
0012
001c
fff6
001c
fffe
ffd2
0014
fff6
ffe8
0059
0033
fffb
0016
fff4
fffb
0000
000c
fff3
fffc
fff4
002a
fff5
ffa8
0036
0000
0000
0000
0000
0000
0000
0000
0000
ffff
003e
004c
001e
0000
003d
0032
ffb8
ffe9
ffe7
ff90
ffae
ffeb
003a
0021
001a
ffed
007d
ffe3
001a
003c
fff7
ffe5
ffd8
003c
0016
ffcc
fff3
fffd
0019
ffff
0044
ff91
0064
fffe
0010
fff3
ff83
ffc7
ffc9
ffee
0031
000e
ffd8
fff2
ffe6
004e
0002
ffeb
0025
0049
ffb4
0013
ffc7
ffbb
ffc3
ffe2
ffd9
0030
001f
ffda
000b
ffe2
0032
0000
0000
0000
0000
0000
0000
0000
0000
000e
ffd0
0013
0011
fffd
ffdd
0015
ffef
ffff
0010
000a
fff4
ffcb
0007
ffe7
fffb
ffe5
006f
000a
fffc
0053
0001
ffb9
ffd7
0023
001a
fff4
ffcf
ffde
0015
fff2
0009
ff8e
ffbf
ffd0
ffec
ffff
0013
0015
fffe
0002
0009
fff5
0022
0001
fff7
0011
ffcd
0010
0004
0018
ffe4
ffdf
001b
0054
002a
0017
0030
ffe1
006e
ffd3
fff2
0051
001d
0000
0000
0000
0000
0000
0000
0000
0000
0021
001f
000f
ffb5
0098
0065
002b
0026
ffa5
001f
ffe9
003c
0013
ff8f
ffa5
ff28
0065
0010
ffdd
0042
001d
ffd0
0043
0015
0081
ffb0
ffb8
000a
0007
0041
ff77
0003
ff8e
00ae
ff5f
fffb
0023
ff9b
00ab
009d
00c3
ff97
0061
ff1f
ffc0
0010
0013
0013
fff9
ffe2
ffcd
0088
0013
ffc5
001b
001e
00d4
ff9c
fee6
007f
0055
ffde
0004
0098
0000
0000
0000
0000
0000
0000
0000
0000
0026
0026
ffda
0014
ffe4
001b
fff1
ffd8
001e
001b
0038
0001
005f
ffef
001a
fff6
0038
0000
ffff
ffd5
005d
0027
fffd
0039
ffff
fffe
0008
fffb
ffd1
ffc7
0004
ffe2
0017
0004
0006
ffb6
0001
fffd
ffbe
0008
ffdc
ffe5
0031
001c
ffff
0035
fffd
ffe2
ffff
000f
001e
0003
fffe
001c
fff7
0000
001f
fffa
0032
ffee
ffea
0007
001b
fffd
0000
0000
0000
0000
0000
0000
0000
0000
fffa
ffed
ffcd
0008
ffff
0003
0006
0022
fff0
001a
ffe7
003e
000c
0019
002b
000d
0006
001b
0016
ffe6
0017
fff8
ffdd
ffe8
ffef
fff2
001b
ffe7
0009
001d
001e
ffe2
ffe7
ffe8
0008
ffd7
fff1
0003
ffee
ffea
001f
ffd3
001c
fff5
0011
000c
002f
ffee
001f
ffeb
0008
ffeb
0003
0010
000c
fff0
0005
ffdd
000e
fff8
ffe8
0017
fff8
001e
0000
0000
0000
0000
0000
0000
0000
0000
0033
ffd5
ff72
fff9
ffe6
0049
ffb5
ffe2
fff8
0012
0003
0005
0025
001f
000d
ffb1
003b
0011
fffd
0017
002e
0007
fff5
fff3
ff9e
ffdd
0016
ffec
0007
fff5
ffee
ffe6
ffb5
0051
fff0
ff9f
ffd3
000a
fff2
fff5
fff4
ffec
003c
fff0
fffe
0010
0011
ffdc
ffef
0013
000a
fffe
0040
0055
ffe4
001b
fffc
0045
0017
ffb1
0036
002f
fff4
ffd8
0000
0000
0000
0000
0000
0000
0000
0000
ffec
ffd9
001f
ffe8
ffd3
ffce
001d
0018
0021
001f
001c
000b
0002
ffcd
ffda
ffe9
0027
ffe0
0007
000c
ffed
ffff
001e
0000
ffe5
ffdc
ffd2
0016
001f
000d
ffbf
ffbe
001a
0024
002a
003c
001e
ffd0
0004
003a
0019
ffb1
0008
fff3
0007
0006
fff4
0009
fffe
0009
0014
ffdc
ffcb
ffe8
0024
fffd
003e
ffe4
fff1
fffe
002a
000d
0003
ffce
0000
0000
0000
0000
0000
0000
0000
0000
0012
ffd4
003a
000f
000d
fff5
0022
ffa8
ffeb
ffe0
fff5
0001
ffd9
ffda
fff1
0040
ffeb
00a5
0011
ffec
ffec
ffda
0025
ffa9
0007
ffde
000f
001d
0020
001d
002f
000c
ffc2
fff0
ffdb
fff2
ffec
ffff
fffe
fff7
002f
002d
0012
ffc0
0005
ffdc
0005
ffbd
001f
004d
ffe2
ffbc
ffde
0003
fffa
fff4
0066
ffa9
0033
0002
ffee
ffed
0010
0002
0000
0000
0000
0000
0000
0000
0000
0000
ffc2
ffff
ffef
0015
fffe
0032
ffe5
0012
ffe2
fff0
ffe7
000a
0025
0016
0009
ffef
fff7
ffd0
0050
fffa
0014
ffbc
0026
000d
ffeb
ffe5
fff6
fff2
0027
ffc4
0018
0003
000d
fffc
0008
ffc9
ffe5
fffb
0029
ffed
ffdf
fff0
001f
0019
ffed
0010
fff1
ffe4
001d
000e
ffdc
0018
0042
002c
ffa9
ffd4
ffda
ffe7
0006
ffc4
000b
000e
ffe0
fff3
0000
0000
0000
0000
0000
0000
0000
0000
ffe3
ffe3
0010
0015
fffc
0029
0001
000d
fffe
000f
001c
0015
003b
0034
0011
ffc5
0001
000e
ffea
fff1
0007
fff8
ffd0
ffd6
0005
ffe0
0002
0005
0016
000c
fffa
fff2
0028
0014
fffa
0008
ffec
ffd9
0005
ffd5
0004
0001
0034
ffae
fffa
0014
0029
fff3
0002
001e
0028
0043
0028
0015
ffd7
ffe4
003c
0013
ffd0
0001
fffc
0033
0039
001c
0000
0000
0000
0000
0000
0000
0000
0000
ffff
ffdb
000a
ffd8
0012
0008
fff6
001f
0013
0029
0023
0007
ffbf
0001
ffca
0050
0025
ffc7
005c
001f
0047
002e
002a
0015
0006
0024
0020
004a
0003
0005
0020
fff8
ffc9
0000
ffdf
ffed
ffea
fffc
ffc1
003b
fffe
fff7
ff9a
0003
fff9
001c
ffcd
ffbb
0013
ffda
ffb8
ffab
ffea
0019
0026
0030
ffd1
005a
0034
ffc8
0005
002c
0011
005d
0000
0000
0000
0000
0000
0000
0000
0000
0016
0007
000d
0027
ffe5
0015
0007
ffff
0013
001f
ffec
0004
002b
fffc
0012
000f
0021
ffe5
ffd9
0002
0006
fffa
001e
0025
ffe2
fffe
ffea
0002
0004
0016
ffe8
fff3
000d
0037
0010
0011
0027
ffdf
ffe0
0002
fffc
fff7
fff3
ffff
0004
0013
001b
fff2
ffef
000f
0026
ffd6
ffe9
ffe1
0006
0010
001d
000b
0019
fff5
000d
001d
ffff
0017
0000
0000
0000
0000
0000
0000
0000
0000
fff1
fff9
0013
ffdd
ffe9
fffd
0045
0015
ffe1
0026
ffe2
ffff
ffc8
ffc2
0018
002a
0002
0016
ffed
003a
ffc6
ffe3
000a
ff98
ffec
000a
0030
0006
0030
001e
004f
fff0
fffb
fff6
003f
ffef
0023
0018
0045
000c
ffee
ffe4
ffcb
ffef
ffe7
ffda
fffe
002e
ffdc
ffb6
ffd5
fff5
0004
0023
003f
001b
002c
ffa9
0015
006e
ffc7
ffd5
ffc9
0020
0000
0000
0000
0000
0000
0000
0000
0000
001f
fffd
001d
000c
0023
0001
002b
000e
000e
0008
fff6
0001
fff1
fff4
000f
001b
0068
fffd
fff1
0005
0004
001d
000c
0006
fffb
fff3
0000
000d
ffee
ffec
ffec
fffc
001c
ffff
fffd
ffc4
001a
ffe4
ffdf
fff0
001d
ffef
ffdb
ffef
ffee
ffe5
ffee
ffe7
001c
fffe
fff0
fffe
0004
0029
ffdd
fff3
fff8
ffd7
ffee
0031
0028
0010
000d
0001
0000
0000
0000
0000
0000
0000
0000
0000
0027
ffed
0016
ffca
ffe8
ffe8
ffe7
ffdb
ffe7
fff8
ffc8
0005
0020
001e
0007
0024
ffcc
0009
ffdc
0023
ffdb
0000
fffe
002d
ffc8
fff0
000b
0043
0011
ffed
fff3
0003
0005
ffe2
ffdc
002b
ffef
fff8
0009
001f
0021
0044
ffd0
0010
0030
ffde
fff8
0008
0004
ffe6
fff2
ffe3
0049
001a
ffd7
ffeb
ffe2
fff3
ffd0
fffa
0012
fffc
ffbe
ffe3
0000
0000
0000
0000
0000
0000
0000
0000
00fe
fbaf
0043
fd7a
fe84
fdaa
feef
fd0d
ffaa
07ad
0185
0374
0529
fd11
017f
fef2
0562
ffa4
03b5
0339
02c0
0102
fe3a
004b
fc1e
fa47
feaf
fcdc
039a
0352
fd00
fed1
01be
0021
fcbd
071c
00b2
030a
ff16
0766
fe2e
ffb6
fea4
fecc
0345
fd68
fded
fed2
fd50
ff9e
fd16
ffc7
fee1
005e
0505
0107
fc65
f838
062d
fe45
ff58
fce5
00a3
ffeb
0234
00c6
01fe
020b
0246
00fd
0099
ffe7
0166
0b22
0039
fcfa
fda3
fdc6
0052
fbf5
0190
05e4
04d3
ffa3
0241
03ce
0487
fe64
fe62
043e
0112
0163
fe0d
fd2f
074b
fa77
fe2a
030b
fecd
fb9c
fe15
feeb
ffcb
f8e2
0248
05eb
fdc3
fde1
0096
ffea
ff79
0539
0463
f81c
0074
fce6
fcc6
ff80
fe56
fd7c
fd02
ff25
fee5
0296
fe20
fe99
f752
fbf1
fe5b
ff59
fffa
0462
0242
01cf
0699
fc3b
fbb8
fd5d
fe64
fff0
011e
01fe
05e4
03b3
fcce
0122
feae
053e
fa50
fb85
f890
fdc0
fffa
00e0
014b
025c
032c
008f
033a
01c0
0121
0218
fd18
fb92
fd5a
006a
0613
0140
ffcd
fcd2
feea
ffe9
007d
00ee
05e2
fcd3
fda1
01dc
013f
ff36
fda2
ff3d
0111
ff62
fbfc
03fe
fd1e
fd2a
0613
0043
ffda
ffec
fe83
0a38
00ba
fe3c
fa25
00b3
fc8a
0463
06bf
fbe3
01b4
0376
f86e
fe13
00a8
ffd2
0252
ff0b
0109
faf0
00ca
00b1
fc00
013e
015c
06b2
0016
fcbc
010f
fe65
0021
0020
fdea
0076
feaa
0056
fca5
04c7
0331
00e5
0308
036f
feab
f98d
01c9
003a
07c6
f9c7
00cb
0032
ff85
0493
046b
027b
ff24
fe91
ff47
fcc9
fb8c
fe8d
0298
01a2
02b6
0042
fcd5
feea
ffd6
ffc0
0231
0221
003d
016a
0245
fa45
06a3
01df
f944
0565
0041
07f9
0256
fdde
02b4
004c
f9df
fb2f
004c
003b
01f2
fefa
fc39
00a6
05e5
ff7c
fd32
0183
fe85
0189
050f
0276
f2f5
0508
028a
0228
02ec
0224
05bc
017b
04a6
f1e2
0325
011e
0305
ffb6
0442
0025
fca1
064f
01cb
fb3a
ffea
ffd8
fe8f
0424
0106
fc17
fc68
0411
046a
ff76
01df
06b9
093d
0335
fcf4
f856
fc8c
046f
013c
ffcc
0062
fb5f
fbc2
f706
0202
01a8
02b0
fc3c
ff3d
fbba
febd
043f
004f
fbea
05b6
fb5c
fe2d
03a3
ff0a
03db
0408
02bc
fece
fa6b
0077
01cb
0595
0013
0726
0322
ff9a
0474
fe0f
fdc9
fdf6
f9ca
fe27
012e
03c5
01b1
036f
fcee
0387
04bd
ff20
04d9
0305
ffbb
fd31
06d9
fd57
fc01
0554
fe49
fc43
02bf
06b2
ff6f
fd49
0340
fc13
ff61
0185
ff4b
fea8
0223
00ab
095f
0496
f927
04db
f737
0059
03a6
fe90
f97e
0717
0170
fa06
fed5
029b
001f
05b9
fb6e
05cc
0814
fd15
0774
fd8f
fcb5
fcca
ff13
fe37
ffb9
fe6a
04d5
fca7
fe45
fe6e
fecc
042c
fee3
fba2
04df
fedc
fd2e
043d
ffb4
fca6
0085
0061
00a1
02ce
024d
018b
0000
00af
000f
ff2e
fd04
ff3d
fecc
000c
fdea
feea
01b4
fd76
ff3e
febd
f993
feee
f94d
ff2d
0b62
02df
02b1
fdc1
fa28
f746
0833
0471
fa55
0281
09b1
fd73
fe43
f980
0096
f3a3
0678
0679
fbb3
0a4f
fb90
00ba
01fb
03a1
fb83
06fd
fa08
fd9e
0954
0015
06e4
02ee
fcfe
02b5
00df
fbbd
017f
ff32
f97d
f9d1
fc82
fede
ffa7
0a60
fb05
003b
03d1
0074
063b
ffb6
fdd0
02c8
01fb
fff3
000c
ff63
00b5
0089
094b
0155
ff08
fbd7
ff79
fea6
ffc8
feb3
01cb
00a9
006a
00c1
0ae6
0040
0012
f608
ff29
0000
04a4
fc48
0b87
075c
f662
fe69
fdb6
fb81
feb8
f94f
fb18
0260
01ec
01af
02a9
03be
00e0
fd96
097b
ff83
0c53
f08e
0278
023d
fbd4
002b
07d3
033c
00b3
0440
ffda
011f
fadf
f9cf
fb51
01b4
083a
02ce
fff9
f8ad
fedc
ff82
0067
ff5d
037e
0532
031a
fe61
ff20
fdf3
fd7b
015d
fe4c
fe36
fecc
01a3
fbda
014c
0221
0130
fea8
011f
ffbc
febd
00f2
fcdd
fdac
07b0
005b
01d7
ffb1
01cf
02a0
ff65
0309
fef7
ff39
0175
fc26
fd4b
0148
01b3
ff5e
027a
fc65
0245
008e
051b
00be
ff61
0238
ff00
0225
010e
0295
0128
020f
0015
fde9
f935
0304
0193
055b
fec0
05c9
00ed
0008
00fb
f772
0083
0127
072f
fbd9
0107
0129
0357
00af
0218
0098
ffbc
fc20
fef3
0025
00ac
001c
018a
fc48
01a6
0148
fc90
04c7
fa75
00e8
fc30
fe77
05e9
0468
fd76
fef7
079f
fdca
fb50
ff4f
ff8e
00d3
061d
ffa3
0139
002e
ff51
0182
fc18
feb2
00f1
0296
f8a2
05dd
032a
feb1
fe20
fce2
fff0
ff8d
ff64
ff20
050d
fbf6
fcc7
ff20
fee2
0164
031b
02d6
ff96
ff5e
0268
02b0
019e
0043
0083
0140
fb89
01ae
fca6
fed8
fc79
fef7
0065
fee7
03b3
ff6f
0251
045d
fc36
0169
fe9c
fed7
fe11
ff78
fef5
ff6c
ffbb
ff6b
fe22
fd76
fe85
ffed
ff43
04d7
ff27
002c
05f2
03d0
01d7
f738
fe17
04d2
ff31
fd91
0367
f727
02e5
02b4
0278
02e2
057a
02e4
00a2
f9d6
fe3d
011b
f960
ff2b
025c
f851
f972
08fd
0137
ff94
014e
02d5
ff26
feff
ff65
ff76
ffa6
ffd6
ff83
ff85
fd87
ffa9
033d
fe6f
01b7
07f1
efa8
0830
037d
f8f9
0263
fddc
00f9
0695
fb4d
fe5a
04ac
fbff
fe0f
0137
ffe0
ffe4
fee3
ffb8
ff4b
ffc3
ff14
fd05
fefa
feb9
06bf
ffeb
06c2
0313
ff82
ff6c
f6bd
f9e5
fe14
001b
0052
fe75
010a
fcdd
fce9
0099
fd38
fdc6
005c
ff46
0176
05ee
00c9
0016
03c0
033b
ff00
fff2
fb49
fc0d
0817
048f
fe7d
01a4
03a8
0ea2
f915
0047
0367
f732
0207
fb24
fe6c
fbe5
003c
f81d
fed6
0217
0824
ffc7
00d3
015a
007d
0235
ff60
fa79
052b
02ad
0062
fea8
f880
fdea
ff14
fea7
0001
063e
0670
fdec
fd24
fcf7
0079
004d
06aa
0510
f965
027a
fb73
f79a
fc99
fef4
fcb9
0216
00f7
f98f
00e2
014a
fc5b
002a
fe91
03d0
ff2d
f9e0
f719
0531
02f8
00ec
fc69
fe57
fe91
fc06
0229
f7e4
0704
fc1b
fab2
fc47
ffa6
fdb7
0479
00da
fe22
fe83
01ec
fe84
0373
03fe
fb89
07e0
04da
0713
fa64
fc16
fd91
fc55
ff41
01b6
02fb
0150
0266
029e
0284
fea4
f62b
fd5e
0446
0540
0448
fdef
f9cd
fdd5
fdea
0019
fe2c
041d
00f5
0208
029d
fb56
04f3
fed6
f75b
00b4
0332
0389
054a
0274
f271
fcce
03f2
0927
058c
0188
ffa5
00fe
ffd7
0e05
02df
fdb1
007b
0247
ffda
fd36
ff5a
0115
fb41
ffb3
013a
012d
006c
fefe
f690
fde7
0101
06f1
01ee
008c
ff41
00d7
fe84
ff88
fe4b
00ab
00cb
ff54
fd97
f975
0080
01e4
03b0
0221
021c
f586
0549
fe93
0204
ffbd
04b6
ff0a
006a
06ac
0675
0168
fe1f
035a
feae
00a3
00e3
007e
00aa
ff4a
007d
00a9
00be
0093
fd23
05a7
fe23
037e
fc9d
040c
005c
047f
01e4
0520
022b
fc19
04c1
f685
fe99
008a
fe7c
ff86
ffd6
00d7
ff99
03cd
0b34
ff87
fec3
0100
0053
ff35
ff36
ff9d
0027
fe8e
fecf
fb9c
ffcd
fb72
ff67
fef9
fcf7
fd1b
0365
0906
016a
0058
0044
002a
f7f9
fbbb
01f4
078d
ff81
fde2
0215
008c
ffc6
0226
ff7c
0444
001c
04a8
01b2
02c1
018e
f8ef
0a6a
fd3b
fdb4
0088
ff81
ff81
f9a4
fe21
ff3f
02d7
feaa
f7da
ff8b
f984
fd91
fe2a
fe5b
007e
019b
fe6a
fe0a
0292
fbe2
00bb
0074
fe03
fca5
fe26
0112
f640
0442
0901
fd92
022d
01b1
0253
fb2e
01c1
05f2
08d5
00a3
fe88
fec9
015c
ffe5
ffdf
fec8
ff48
0042
0036
007d
000e
ffdb
00aa
ffbf
ff63
ffbf
ffd8
feeb
ff8f
00a0
007b
0009
ff46
0083
0089
feea
ffdb
005c
0089
ff59
001c
0007
ff72
0034
0092
0034
0022
ffed
ff8f
ffac
000e
ff62
0004
005d
fff7
fff9
ff80
00c7
ffb7
ff2f
0005
00ca
0087
003a
001c
ff9e
006c
ff45
ffaa
00a1
ffa9
ffd2
0043
ff8c
00b1
ff57
010d
ff01
0100
0012
fe13
ff9b
ffb4
0002
ffe5
0047
005e
ffe4
0088
ffda
0037
0026
0054
0059
ffd6
ffa9
0037
ff0c
ff8b
00ad
0008
fffd
00cc
ffc7
ff85
0080
0057
0012
ffad
0086
ffa4
00ad
0007
0087
ff9b
0006
ff7f
ff75
fefe
ff1d
fef2
00db
ff2d
ffc3
0019
006c
fff5
002e
00f7
ff86
002e
ffab
00c5
ff74
ffc9
00b6
fff9
0018
0043
ff32
fff9
0000
0000
0000
0000
0000
0000
0000
ff91
ff4d
009d
ff48
ffcf
ffe8
0058
007e
fffa
0022
00b4
0078
002f
ffbf
005f
ff8a
ff8d
0009
ffc0
0060
ffd5
00c6
ff9b
fff5
0058
ffbf
ffd4
ffe7
0012
0077
00ab
0043
0070
00f8
ffa7
ffce
ffef
ffba
ffca
0009
ffb5
0033
ff87
ffd2
0024
000a
0025
00d3
fff2
ff21
fff3
0080
00a3
ffe2
ff42
0096
000a
004a
0060
00a2
000f
017e
007d
ff77
00af
0028
ffd7
ffea
ff56
febf
ff5a
007f
0047
ff95
006e
00c3
0009
0062
00f8
ffe4
00a5
0067
ff75
008f
fffa
fffe
ffd5
ffc7
ffb6
0062
ffcc
0069
ffa9
ffa9
fff6
0006
0053
0041
0060
ffd6
0047
ffcd
ffe5
fff9
ff98
0017
fffa
ffb1
ffeb
ffcf
000e
ffd8
006c
ffcd
ff97
ffdb
0029
ffa6
0089
002a
ffc5
ffa8
fff5
ff6b
0068
0087
00a3
ff88
0000
0000
0000
0000
0000
0000
0000
000d
ffc1
0020
ff75
0006
0054
017d
0041
ff0f
007a
001b
ff05
005d
002d
0075
feb6
ffcd
ffe6
ff27
0098
007b
0029
0008
0060
0055
ff23
ffe9
0029
0006
0083
0049
ff93
ffe2
002f
00bd
ffcf
fffb
003e
ffda
0033
0036
0025
0029
ff93
fef8
00ce
ffcb
fffe
ffff
0019
0030
ffcc
0029
ffe8
0085
0014
00d8
0003
ffdf
ffa6
fee9
ffe2
ff6d
ffe0
ffa5
ffd5
0064
0086
ffed
ffbc
ffd1
ffa4
ff99
ffc1
ff5e
00ce
0007
009c
0012
ffa3
0004
ff6d
ffcf
0081
0062
fffa
ff1e
0006
ff88
0034
001f
006d
ffd3
0060
ff8f
0002
0056
0049
0075
ffff
ffc6
fffe
0058
ff0d
ff58
0027
002c
ffd0
005d
0023
0097
ffb1
00c1
ff0b
00a2
0019
009c
ffaa
ff7f
003d
00af
ffdc
0004
0056
0009
003e
0018
0063
0000
0000
0000
0000
0000
0000
0000
00f9
ffcb
fef9
0044
0068
fff9
ffb4
ffec
007a
003a
003d
ffa7
fffa
ff98
009c
ff36
006c
ffb7
ffc7
fffb
0019
0054
0019
ffe7
0010
ff72
0044
00c4
0036
0041
009b
00dd
ffdf
005f
ff53
ffe5
ffe8
ffae
ff85
ffaa
ffb7
ff7a
0028
ffb8
fffe
ff1b
ffd4
0049
0090
000b
001a
ffb3
ff48
ffc7
0058
ff96
ffc4
0016
ffed
0024
003a
00be
002a
0012
ffa8
ffe5
0018
ff62
0017
0054
fff0
001c
003f
ffb5
ff50
009a
ffef
ff98
0014
007f
0082
ffe9
ff24
001d
fff1
0085
007d
fffd
001c
ffbc
00a9
ffe7
000b
0035
ff84
0078
00c1
001d
0039
ffae
ff98
fffa
ffe7
fff1
0005
003a
001a
0006
ff8d
0038
ff8e
ffe3
00d3
007e
ff6f
ffea
0057
004b
0035
ffe1
ffff
ffe8
ffd5
0052
ffb7
ffba
ffe2
0035
0000
0000
0000
0000
0000
0000
0000
0059
0078
ff71
ff9f
ffd5
014f
0032
0095
00ef
00a6
ffb0
fffa
ff99
000b
ff62
ffec
003a
ff98
010c
ff16
ffb9
ff8c
ff67
ffc0
ffce
000e
ffeb
0107
fee7
000f
fffe
ff5f
000a
01b3
ffee
ffeb
0080
0060
ffe4
008d
003c
0035
ffaf
ffca
0009
ffd7
ffaf
00d2
ff18
001a
00a4
ffdf
fff3
ffd9
00ea
00d2
00c1
ffd4
ff77
0031
002b
009f
0032
0059
00c8
ff8d
000e
0034
ff43
ffc7
00d4
0088
fffb
ff1b
001f
005d
0056
ff3a
0053
0030
00aa
0036
001d
01eb
00d7
007a
0015
00a1
ff95
000d
ffa7
ff37
017d
ffc1
006d
ffb2
0095
0041
0005
0078
00b1
008d
fff8
ff53
ffdf
006c
ffd9
ff2d
fff5
ffee
ff6f
feca
ffab
ff92
007d
0080
ffbc
fff9
0031
003d
006b
006d
ff7e
00a2
0027
00d5
ff7e
00be
0000
0000
0000
0000
0000
0000
0000
001f
ffc3
ffa1
00b9
0050
ffe6
ff8c
0043
ffd6
0034
ffb4
0054
ffb1
ffeb
0040
0005
fffc
ffe9
004b
ffd4
002a
ff95
fff5
ffbe
ffac
008a
0040
002f
fff6
fffa
fff6
0012
ffbd
ff53
ffb0
0017
ffab
007d
001c
0015
fffc
ff64
ff5a
ffff
003a
ffb6
0017
ff9f
ff81
ff94
ffe0
000b
005b
ff8d
fffb
0031
0052
0064
ff88
0017
0060
0018
0005
00b6
00a3
ffdd
ffa8
ffed
0053
0078
0027
0009
ffb7
000b
ff84
00fe
ff60
ffe4
ff50
0023
0068
005e
ffc2
fff4
ff69
004f
003f
ffb6
fff4
004b
001d
0024
0052
ff89
ffd9
0012
ffe2
ff96
ffd2
0043
ff72
0019
ffdc
0001
ffdc
00be
000e
004f
ffc4
0025
fffd
005c
ffbc
0017
0038
fff8
00bc
0031
0017
006b
ffe0
0057
0003
0049
fffb
fff1
ff83
0021
0000
0000
0000
0000
0000
0000
0000
0024
ffbe
004a
002a
ffbe
ffcb
001e
ffe0
ff7b
ff9a
ffac
fff4
00e3
ff9e
0005
0027
fffd
0028
002f
ffd6
ffaa
004f
ffa0
00f2
0032
0024
0059
0046
002f
ff87
0147
0044
ffc1
ffde
ffa8
ff7e
ffef
0079
ffe2
0067
ffdc
0012
0058
fff0
ffdf
ffe7
0029
004b
ffaf
0017
002f
0019
002e
fff2
0160
ffc9
002a
0096
ffbd
0061
fff1
0027
003c
00b6
ff93
ffee
fffd
000f
ffea
002b
ffab
ff61
ffaa
ffb8
ffab
ff8e
0028
ff60
0019
ff53
001d
003d
001d
ffaf
0002
005b
ffd5
002a
ff9d
ffc5
006f
ffab
ffd8
000d
ffc6
ffd5
ffa5
0050
005f
ff06
ffcf
fffb
ff86
ff9c
ffd0
ffef
ffce
0089
ffeb
003c
0005
fffc
00f3
ffc9
003e
0016
ff95
ffca
ff62
0001
0003
ffdf
ffec
ff9b
fff8
00a5
fffb
ff99
0000
0000
0000
0000
0000
0000
0000
ffe9
ffde
ffd0
ffe8
ff61
0016
ffda
0101
feee
ffd6
fee8
ffcc
00c6
ffd8
00a5
00ce
ff98
ffce
ff78
0008
ffbf
0040
ffb0
ff31
005a
ffff
ffde
0082
0058
ffa4
006a
fff7
009b
00fe
fef1
fef1
007c
ff90
ff4b
00a2
ff8c
ff5f
00d1
ff79
0009
fff4
009f
fff0
ff94
0022
ff4f
002f
ff05
ff7e
0022
0083
ffae
fff4
ffed
ffa8
000f
000b
002c
0075
ffa1
003d
fff0
0081
002d
0007
0077
ffcb
0028
0095
0022
ff96
fee0
ffe0
000e
ff9f
00c4
fffa
ff26
ffcd
ff92
00dd
0060
005a
0067
ffa9
004a
0047
000f
fff3
ffb7
007f
0017
006a
0064
ffbd
ff84
006a
ff82
ffad
ff70
008c
0088
ffc7
ffe3
0004
ff62
0005
0013
0049
ff6a
ff9f
00e1
00a1
0095
ffe7
00f1
fee9
ffde
ffff
fffe
ffa1
ff50
ffef
0000
0000
0000
0000
0000
0000
0000
0006
003d
ffec
ffd2
ff3d
fefd
ffd7
ffcb
00c4
ff60
ffd6
ff51
ff78
0029
0054
00a8
007f
0060
ffbe
00f9
0043
0022
ff86
ffff
0069
ff7c
ffa8
0085
ff30
fff3
ffeb
00c8
ff73
013a
013b
ffd4
0099
ffce
ffe2
ffd0
ffcc
ffe2
0087
ffb2
ffd7
009d
ffc2
ffce
ff42
0044
fff3
ffa8
006a
ff86
00f4
ffcb
ff82
0025
ff49
ffef
ffd8
0057
0065
00f0
0017
ffd2
0071
ffb8
ffd6
ff88
0020
0053
0055
0003
ff9a
ffdd
0045
0142
fee6
0004
ff8b
ffb4
ff91
ff7b
ff0d
0028
ffce
0056
0030
0033
00b5
003a
0057
ffe1
ffe3
00d6
0027
ffec
ff20
fe9f
ff9a
008b
00c9
015a
0082
000b
ffd9
003f
0041
0071
ffa3
ffc8
00c0
fff0
ff88
000a
008e
002a
0061
00b3
0077
fff3
0030
0048
ffd0
ffa3
ffc7
001a
0000
0000
0000
0000
0000
0000
0000
ffed
ff9e
ffe5
0060
006f
005d
ffeb
0038
ff36
0013
002c
0058
ff48
fff9
ffb9
0097
0048
0026
003d
006f
ffde
0043
0040
0015
0034
0093
0029
00cc
0002
fffc
ffde
001a
fff2
012c
ffd4
fffb
0065
0034
0019
ffe2
ff9d
fff4
ffc0
ff61
ffff
ffbb
0035
ffd4
ffc6
0082
005e
fff6
ffe2
fff3
fff1
ffc6
0002
ffe7
ff74
0036
0044
005e
ffba
ff57
010c
00f3
fff7
ffe2
ffee
001f
ffd1
ff91
ffbe
0017
000a
00a4
ffe1
fff3
ff65
ffad
0002
0072
ffe9
ff63
0041
ff7c
000f
0071
ffd1
ff40
ffd1
0039
008f
008f
0033
ffa2
0052
ffc4
ffee
007f
0090
ffec
0072
003d
ffd6
007b
ffb4
ffa6
ffb9
0033
ff9a
004f
ffc5
0024
ffd8
0060
ffbb
005a
0017
ffdf
ffc8
ffd1
ffb1
0072
005f
ff89
fff3
ffd4
0000
0000
0000
0000
0000
0000
0000
ffc3
002f
fff8
ff48
0008
0053
ff65
ffa3
ff60
ffc9
ffc2
001a
0006
ffbf
0062
ff40
003c
ff89
0004
ff43
ff68
0072
ffb9
0025
0071
000d
ffdf
0035
005d
001a
ffd1
013d
002f
fff1
ffb6
00b8
0011
001c
ff87
ff9a
ff37
fffa
0018
ffa2
ffc3
fec0
0031
0040
ffa1
0042
ffc5
ffb0
0088
ffa5
006e
0034
001e
0029
0082
0077
008c
0052
ffe4
0107
002d
ffc2
fff8
ff90
000e
ffd6
fff4
ffcb
0067
ffc2
ffb5
ff7e
0025
000d
ffde
ff59
0003
0090
ffc0
ffc5
ffd3
ffa7
0006
ffe5
001e
0121
ffdc
000d
ff92
0019
ff85
0031
ffa5
ffec
0022
ffae
ffc4
005e
ffc9
007c
ff4c
003a
fff3
0117
017a
ffe2
ff74
ff94
0034
ff6d
004c
ff89
ff71
ffce
ffde
ffac
ffb7
003c
ff4d
001f
0001
ffef
ff6f
fff5
0000
0000
0000
0000
0000
0000
0000
004a
ffdf
ff79
0062
0075
ffc7
0007
ff6e
ff7b
0045
0078
0042
000f
0083
ff7e
007d
ff9d
0016
004f
0057
fff9
ffd1
0007
0066
ff92
0016
0078
ffc4
ffed
0023
00eb
0042
0058
00be
fffc
005c
0017
ffcd
005a
0030
ff6d
ffdc
004f
0088
fffd
00e2
ffe6
ffa7
009c
0015
001d
0062
007c
ffe7
ff71
005f
ff81
00ad
0043
fee9
fffd
0037
ff90
00a9
ffd6
ffb0
ffcd
0049
ffa8
ff58
ffde
00d5
0022
ffe4
ff93
0119
ff75
ffa5
ff43
fffa
ff4d
ff83
ff68
0005
ff6a
0046
0082
0091
ffcb
003c
0016
ffaf
0018
ff4a
ffc9
ff04
00ab
fff2
ff33
ff46
0019
fff9
001b
ffc3
003b
0041
0002
0017
0052
ffa8
ffea
003f
0041
00a8
005b
fff4
ff77
ffec
004a
fff1
0038
00fa
0009
ffff
ffb6
0014
ff80
0069
0000
0000
0000
0000
0000
0000
0000
00a4
fff8
011c
0027
ff9b
ffc2
0082
ff6a
ffee
0041
011e
ff21
ff2d
0016
0028
ff65
ffad
ffe4
0085
ff57
0045
0083
00b3
0049
ffb3
00e4
ffce
001a
ffa1
ffb9
000d
0002
0057
00af
ffd8
0064
fffd
ffd7
000e
00fd
ffcf
004d
0053
00f1
0007
0077
ffa8
ff7a
fffc
0072
ffb3
ffad
ffd1
0015
0038
ff82
0071
fefd
ffd6
ffe3
ffd7
ffec
0040
003d
00b7
0087
009c
ff54
ff60
ff6b
0000
ffa1
ff86
006f
ffd9
0095
ff63
0029
ffff
ff8b
0005
00cb
ff14
00cb
ff89
0028
0060
ffe0
0097
0004
feec
0075
0049
ffe9
0023
0077
ffe2
ffb9
0008
0043
0028
ff51
ffdd
ff98
0060
003f
004a
007b
ff87
008c
fff5
0034
ff5a
0085
0045
001e
ff15
005b
ffc8
fffb
ffeb
00a9
0024
ffcd
ffd3
ffa3
005e
ffab
0000
0000
0000
0000
0000
0000
0000
ffd1
ffd3
ffed
0044
0036
004b
0067
0148
ff14
ffb3
ffb2
007b
010a
0004
feff
00d6
00aa
ff5f
ff28
ff8d
ffca
008a
0098
0022
ff7f
0080
0054
0059
ff80
0048
ffff
ffe1
fff6
0019
00cf
0057
ff80
ffff
ffbe
001d
ffd6
0034
00cf
000d
ff75
ffc9
008b
fffa
00b8
0024
ffc5
ffd4
ffc4
0066
ffe8
0109
ffde
00b1
fff6
0083
0061
ff44
fff2
0011
ff77
fffc
ff7e
fff4
ffe9
ff6f
ffa5
ff9b
fffd
0049
ffb0
fff2
0045
0068
ffae
ffae
fff5
0041
ffa4
ff9a
0089
ff89
0080
ff9c
0042
0025
ff83
ff31
ffbf
0092
002e
ffcb
fff2
fffe
ffee
ffcc
ff50
0060
ff66
ffae
002d
ffb9
0001
ff4a
00b1
ffd4
005a
00af
ffb1
0001
00d5
0048
ffe3
0000
0011
004a
0056
fffe
fffa
fe9b
ffd2
00aa
ffde
0083
0000
0000
0000
0000
0000
0000
0000
ffc6
ffa3
fffc
ff63
ff55
ffb3
0045
ffa8
ff6e
0033
0016
ffe3
0051
ffd5
ffed
ff93
ff88
00a5
0025
ffd0
ffad
0079
0039
ff4a
0013
fff9
fff9
ffdc
0047
0062
ff4c
ffc7
ff9f
ffe3
ffb8
003f
ff0d
007b
fff9
00c8
005c
0019
ffc7
fff5
ff57
ffbd
0018
ffb2
ff92
0095
ffd6
00a5
003e
ff88
000a
ffed
ff7d
003e
ffb0
ffe4
ff59
009a
0012
001a
00a4
00fb
ffae
ffed
0073
0075
0007
ff5d
ff46
0018
0049
ff89
ffd0
ffdb
008d
ff96
ffd0
feeb
ff9c
00a1
0032
ff77
00c5
0012
ff9e
ffd5
ffee
00ab
0000
ffbc
ff99
ff7d
ffe3
000c
ffda
ff9a
ffb9
007f
ff64
ffdb
0063
00a0
004a
ffe2
ffe3
ff98
ffd3
003c
00e9
005b
ffea
ffb3
ff83
ff69
0093
000f
00a7
004b
ffca
ff5a
ffbf
0037
0003
fff5
0000
0000
0000
0000
0000
0000
0000
ffe8
ffd4
0043
00a0
002a
00a1
ffc0
004d
0071
ffec
ffac
ffbc
ffc6
0008
ff5c
0016
0004
ffc3
ff63
0064
0002
000d
ff39
ff34
0066
0035
0030
ffa5
ffbc
ff95
0034
0075
0043
00ae
ffd1
003e
0039
006e
001c
001b
00d5
0030
00b1
0045
003b
00b3
fff4
ff80
009a
0090
ff8c
00af
0110
002a
0086
ff8f
0043
ffaf
0071
0014
ffeb
006f
0039
ff7f
0016
ffe2
ffbc
ffe4
0041
ffdc
004f
ffa3
ffbb
fff9
ffad
0025
0040
0057
ffa3
ffd1
0002
ff62
fff5
ff83
ff5a
0038
ffac
ffad
ffaf
fff2
fff0
004c
0019
010b
fff2
ffe9
0025
00d0
0060
ff8e
ff89
ffbe
ffb0
002a
000a
004e
0064
0049
0014
fffd
007a
0009
009b
ff80
ff96
ffcb
0036
0037
0042
ffb8
ff46
fff9
0043
00a7
ffe8
0048
0057
0028
0000
0000
0000
0000
0000
0000
0000
ffa4
ffe3
ff39
ff9a
0024
ff72
ffd5
ffef
ff69
ff8d
ffee
0005
0082
ffcb
ff34
ffda
ffeb
ffdc
002d
0036
0000
ffff
00ac
fff2
ffc2
0025
ffaf
0033
ffca
ff62
ff97
ffd3
ff67
fffc
ff95
ffa8
0086
0020
ffe8
0087
0047
0004
0009
ff79
ffa2
0044
ffff
0044
0002
0039
ff8f
0021
ffa1
ffd6
0005
ffc4
ffc8
0026
0057
0021
0034
0060
ffdc
ff77
ffaa
ffce
fffa
00aa
0059
0009
001b
000b
ffc5
002b
004e
ffbd
0038
ffff
0022
ff9d
0027
ffae
006f
ffee
007b
0006
009d
005c
ff93
003c
006e
0036
0004
ffe6
0061
ffd3
ffb9
ffc7
ffcf
0053
fff0
0020
ff7d
fffc
005e
ffaa
ffe3
fffe
0048
ffbd
ffa1
ffe5
0002
001b
0041
ffbe
ffea
ff8c
008a
ffca
ffff
fff4
001a
006f
0024
0000
0060
003e
0000
0000
0000
0000
0000
0000
0000
0006
0011
ff30
ff9d
002e
ff8c
ff86
ff5a
fffc
0059
ffa2
0002
ff3f
0013
004d
ffc9
003a
006f
ffbc
00a2
ffd7
ff87
fff6
ffad
fef1
0001
0060
012f
ffa4
fff6
00a8
0027
0041
ffe8
0015
0035
0058
002c
ffc9
ffa4
ff55
0055
003c
ff91
ffc9
004a
00e2
ff69
001a
00ae
fffe
ffec
ff7e
003b
ff6e
ffc3
fffa
fffb
0106
ffa0
ffdf
ffa2
ffbd
002a
ff4e
0029
ff79
ffb3
0089
001c
002e
ffde
0000
ff68
00a5
ffe6
0048
ffd9
002a
ffb0
ff2d
fffb
00da
004e
ff90
0049
ff6d
fffe
ffea
003f
ffca
ff7b
0041
0034
ffdd
ffd9
ffce
fffe
ffe2
ffa5
000d
0004
ffc6
006a
ffed
0034
00c6
0127
ffa2
0092
ffb1
ff3a
fff6
ffbd
002e
009c
0038
000e
ffe2
0012
ffc6
ffec
ff54
0040
001e
fffc
0081
ff95
0000
0000
0000
0000
0000
0000
0000
009c
005c
ff8e
005f
ffd4
000e
008a
ffe7
ff93
0000
ff53
0025
ff61
ffe6
00b1
0002
ffcf
001d
ff6b
0062
0056
0052
012d
0087
ff89
ffe3
ffb4
003f
ffde
0075
ff92
00a6
0028
ff12
ff82
000b
000e
ffef
ffd3
001b
0019
002b
ffcf
0033
0029
00a5
fef2
ff95
0048
ff4b
ff7e
0033
ff91
0011
ffdc
ffd1
ff8f
0018
fff6
fff9
0077
ff4f
002d
009e
fff8
ff86
fff8
ffda
ffce
0026
00b7
fffa
0035
ff71
ffd9
0000
ffc8
00ab
00aa
0078
001f
0035
fe6e
007b
001a
ff5c
0056
0023
ff52
ffa5
ffa4
0053
0018
ffa6
003a
007b
002e
ff9c
005c
00bf
ff4e
0041
0049
fff4
004f
00a0
ff3a
0021
006c
ff32
0008
ff7c
fff9
0038
ffc4
ffae
00be
003c
0038
ffd5
ffad
ffc2
ffd5
01ab
ffd9
005e
ff61
ffce
0000
0000
0000
0000
0000
0000
0000
ffeb
001f
ff95
ff89
ff9b
ff7d
ffec
ff70
fef1
fef2
ff89
ffed
0041
ffb6
0020
ff70
ffe5
0003
ffab
ff99
ffa8
feed
00b4
ffc7
ffb4
002a
0009
fff7
000b
ffb5
00bd
ff61
0011
fff2
000a
ff8b
ff4b
ffe8
ffa4
00a3
004f
ffc7
ffce
ffdb
0012
008a
ffe1
0018
0016
ff6c
0029
003f
00c9
ffcb
ffd4
0005
005c
ff01
ffff
ffcf
0053
0021
ff48
ff72
fff3
ff49
0052
ffe7
001f
0087
0037
fefb
ff01
00bb
0072
ff76
0050
ffe4
00a0
ff8b
0049
ffec
ffce
ff72
0066
ff53
ffe7
0009
ffef
ffeb
ffab
ff13
ffe5
0015
ff7c
ffa8
0073
ff9a
ff24
0034
ffd9
ff2c
0016
ffee
ffed
ff98
00f4
0007
ff5c
ffa1
ff68
011e
0047
ffe0
fe5d
ffa8
0093
001a
fff8
ff9f
000b
ff13
ff87
00b4
ffb7
0041
0026
0023
0000
0000
0000
0000
0000
0000
0000
0080
ff9f
0138
ff07
ffa1
ff99
0016
001e
002f
ff73
ff0a
ffdf
0037
fedc
00d0
012c
00d0
ffab
0089
0072
001e
ffa3
006f
ffe0
0009
ffa4
ffb7
ffc7
ff7a
0034
ff69
ff34
fff6
ff26
0026
ffcd
0054
006b
ff7a
007a
ff8b
003b
ffac
ffb8
0086
0041
fffa
0011
003e
ff2f
ffee
ff5b
ffd6
0066
005d
00dc
fff8
0056
0099
0040
ffd6
ff96
ffc3
ff5f
00b1
fff8
0035
00da
fef7
00b7
0036
00d3
0091
0092
004a
ffd8
ff0a
009e
fffa
0030
005c
003b
005c
ff9a
ff36
0068
ffe0
ff8b
ff9f
003c
005a
0085
0016
fffc
ffc1
ffe3
ff77
ffde
001e
0031
00af
fff6
ffa9
ffd7
015c
0030
005f
ffb0
ffb4
ffd3
0023
006c
00ae
00d2
ffce
ffa3
fedc
ffe4
0043
0048
fffb
00c7
0004
009d
0030
ff7a
0007
0034
0000
0000
0000
0000
0000
0000
0000
fff2
ff75
009f
00bc
0044
0008
ffda
0061
0065
0135
ff21
0010
ff32
ff91
ffee
ffdd
0001
0005
0006
ffe0
002d
007d
008d
0033
003e
009e
0002
001c
ffb8
ff2c
0069
00dd
0056
002a
006c
ffce
0012
0067
ffe5
fff4
ffb3
ffc7
0043
ffc4
ffc8
ff4f
0070
0062
0077
ffce
000b
009b
0033
ffae
fff8
0060
0052
ff14
ff5d
ffb4
0005
0097
0089
0089
ffcf
0080
ffde
ffec
ffdd
ff12
ffc3
000a
009f
0099
000b
ff7d
0026
fff5
ffcd
ffaa
ff67
ff38
0019
00c0
ff87
ffe9
ff56
0077
001f
ff48
0046
ff5e
ff5c
0084
fff2
0044
ff9b
fffc
ff77
ffd1
ffd9
ffdd
ffbd
000b
0064
0095
0082
006b
0021
001b
ff46
00bd
ffee
feec
0020
ff90
ffba
ffe7
0037
ff9f
0093
0030
ffa0
00c1
ffa2
ffe1
fff4
ffc4
0000
0000
0000
0000
0000
0000
0000
ffce
003b
ffd1
ffd8
004a
ff60
001d
0022
0045
ff84
0021
001e
ffb7
ff82
fffb
00f5
003f
0042
0017
ffc5
0025
0060
ff87
0016
ffce
ffec
ff32
ff70
005c
ffbb
fffe
0014
ffef
00f8
0020
ff6c
fffb
ffe1
0028
ffa2
008f
0057
004a
001d
00a6
ffdb
ff47
00ed
ffe8
003a
003c
000f
ff9c
0099
002e
00a6
ffe5
ffef
ff9f
0033
ff83
ffc4
00b4
ff56
0023
0069
ffa1
0044
004f
001f
ffe0
008d
00e0
00b2
0048
ff5c
003d
0091
0042
0015
ffd6
0018
ffa6
0018
0047
0074
0031
005f
ffea
0089
006e
ffd0
0034
000c
fff8
ffbc
0020
ffb1
ffd7
ffe6
ffca
0034
0006
001d
00b6
ff49
ffa6
0076
003e
0046
0030
00c7
ffe7
0098
ffdc
ffd5
0011
00a5
009e
000c
ffc4
0107
004d
000a
0030
00b6
0008
ff9f
0000
0000
0000
0000
0000
0000
0000
001d
ff97
0027
0041
0052
ffd7
0063
00ad
ffdb
0031
fff5
ff46
ff78
ff75
0118
ffd6
ffad
001d
00d9
0086
fffa
0022
ff9d
0059
ff65
0088
fff6
0044
fff7
0005
fff9
ff91
005a
ffcb
001a
0056
ff55
0054
00a3
ffcc
0069
0147
0062
0099
00f5
0089
ff8e
0014
00a0
0032
0004
0019
ffac
0082
0027
001f
001a
fff8
0034
ff94
ffd9
0087
ffae
ffeb
0000
0085
ffef
00bb
0008
00b2
002f
00af
ffed
ffb1
ffb6
ff26
ffb6
ff44
0051
ffc4
00b5
0001
0047
ff8e
fff8
ff1b
ff95
0036
ffea
00b6
ffc8
ffa3
00c1
ff9d
0081
001a
0029
ffda
0067
ff54
00af
0092
ffc6
0025
ff9d
ffc5
0007
00d0
ffb6
ff9d
0093
000c
ffbb
fff6
ff55
006d
ff58
005b
002c
fff2
0038
0039
fff0
0083
0035
ffc1
ff7d
ffb7
0000
0000
0000
0000
0000
0000
0000
0071
ffba
0019
ff6d
fffd
000c
ff5b
ff5c
fff6
000a
0024
ff9a
0009
0015
ffed
0027
001c
0064
0046
012a
005c
001a
005d
002b
ffa2
ffe7
ff2d
0000
ffc6
0039
0007
ffef
ffc0
0033
ffc0
00ad
ffeb
005d
ff6e
ff43
ffbd
ffe2
ffc2
ff3c
ff8b
001f
00f8
0058
0001
ffc0
fff5
ff8b
0025
ffcf
ffbd
002d
0056
fff9
006d
ffe4
ffcc
ffed
ffc1
ff6e
005d
ffc8
003e
001d
ff88
ff8f
0047
0074
ffc6
fffa
ffd2
ffb7
ffe2
ff89
ff98
0041
ffaf
ffcc
000c
fff7
ffe4
0002
0055
000d
00b0
007e
0007
fff3
003b
ff6b
0012
ffb0
fff5
ffe7
ff9f
000c
ff6f
ffc4
ffee
003d
004c
ff37
002f
ff2d
ffc0
0055
0054
0019
001d
fff4
ffc0
00a1
fffb
ffd4
ffc9
ffeb
0052
0007
0062
003d
fff1
ffb2
ffd1
ff80
0000
0000
0000
0000
0000
0000
0000
ffa5
00a3
0049
00b9
0091
ffbc
ff8b
ff3e
ff64
001a
001a
ffd0
ff44
0096
ffee
01b8
fffe
ffb4
ff6d
ff18
002d
00f4
00d0
ffdd
006f
0030
ffe1
ff48
0060
0084
fffd
ffc0
0023
0041
0008
0150
ffc4
fefb
0009
ffab
ff94
ff78
000b
00bb
0095
fffd
ffc1
fff7
ffdf
ff7d
0037
0033
ffc7
000a
0039
ffcf
fffc
00ab
005c
ffc4
ffee
ffd5
007a
ffb1
0064
ffd6
ffe2
ffc3
ff64
004c
ff5e
00b0
003e
fff9
0082
0077
ffa0
001f
ffc2
005c
ffda
00c8
ff50
ff9a
ffc6
000c
00d8
000a
0006
ffb8
ffcf
ff52
ffac
0003
ffe5
ff83
0023
0009
0054
ffaa
0055
0046
0009
001d
ff8a
ff9c
0026
0128
ff88
ffe9
0019
fff2
004e
ff29
ffff
ff54
004a
0030
fff3
fff7
001a
0038
0055
004a
ff75
ffdf
ff63
0070
0000
0000
0000
0000
0000
0000
0000
0028
0037
0027
003c
0017
ffcb
0010
ff20
005c
00a9
0010
ff8a
ffdf
0013
000e
ffef
000b
fff1
ffc7
ffc0
0084
0080
ff21
ff59
ffd2
0001
ffc8
0016
0021
0003
001c
00ac
ff98
ffcc
0044
fff6
ff79
0022
fffb
ffaf
ff9d
0024
0085
004d
0067
0056
ff9b
ffcd
ff8d
0043
ffed
fff3
0068
002f
ff0e
00e9
ff9e
006a
004b
0021
00b7
0097
001e
ff84
ffd1
ff60
002f
ff69
0015
0087
0041
0036
0029
0019
fff3
ffae
0041
ffd6
ffdc
00b1
ffd8
0004
002c
0067
00e8
ff54
ffbe
001b
0010
ffbb
003e
0019
ffde
002b
0085
ffa0
0072
ff42
0052
007f
ff69
0055
006e
00db
ffe5
ffe8
002c
0089
ff95
ffa8
0067
0014
ffb7
ff91
005d
002b
fffb
0010
ffe7
fff0
0020
003e
000b
005f
003d
ff6d
00e3
ffbc
0000
0000
0000
0000
0000
0000
0000
ffe2
004e
00a0
ffe8
006c
ffcd
0010
0019
ff78
ff91
ff7e
002a
ffd5
ffd5
0054
0094
ffbe
00f2
fffa
0045
ffd1
ff39
ff90
002d
003a
ff81
fffc
009c
0088
003e
0012
ffd5
0057
ff64
ffd4
ff4f
ffba
0044
ffe3
ffbd
007a
001d
0149
0007
ffdc
ffb8
ffe9
002c
0070
0028
ffa0
001e
fff0
fffd
0067
0021
00e4
ff4b
ff38
0000
00c7
0010
0069
0041
0028
002f
000e
0034
ff80
0035
0001
fff7
ffaa
0043
005a
0064
ff89
ff89
ffaf
0068
007c
0014
003e
ff77
ff90
ffd4
0003
00a3
00a1
008f
0031
ffa6
0020
ff86
ff6e
002d
0010
0030
ffab
ff94
0090
0051
ffed
ffbd
000f
ffce
005b
00c0
0029
001d
ffc8
ffcb
ff47
001d
ffad
008d
001c
ff7f
ffc2
ffca
0095
fff0
ff8d
0157
ff9f
ffb6
0034
ffde
0000
0000
0000
0000
0000
0000
0000
00bd
006a
0034
001b
0046
004e
00bd
00b6
ffa8
009f
ff81
0042
0056
fffe
0045
ffbd
ffe5
01b0
ff09
fff4
ffc4
ffa4
ff96
001e
001a
ff95
ffea
000a
ffe9
0038
004c
ffdd
fff3
ffc0
0041
009a
fff3
ffc3
0000
0018
0006
0046
fffd
ffa7
ffa3
ffbb
ffa2
ffba
ff47
00af
ff98
0020
0019
ffc1
ff06
008c
ff7f
001d
00f7
ffa5
ff71
0105
0074
ffa3
fee1
ffde
ff8a
ff2b
0064
ffe8
002c
ff98
0009
0041
ffba
ffd0
ff9f
001a
ffaa
0079
0065
00a1
003c
010a
ff59
0018
fff1
fff4
ff9f
ff91
ff36
0000
003b
0072
0091
006a
ff72
ff5e
0047
ffdb
00d3
ffd0
00cb
0093
0039
0016
0106
0008
ff87
0050
fff8
000b
ff60
0042
0020
001b
0032
ffed
0006
ffc0
ff41
ffc9
003d
ff8c
ff50
ffc6
ff33
ff89
0000
0000
0000
0000
0000
0000
0000
0044
0079
ffcd
ffb0
0094
fff1
ffc1
ffbe
00e3
ffa7
ffb8
0000
00c4
00b9
001a
ffe5
000b
ffde
00d2
0014
ffc2
003c
0051
ff7b
001d
ffed
ffd5
ffd9
ffea
003e
ffe2
fefb
ff5c
0079
0067
0022
007b
ffe2
ff71
ff84
ff42
ffd3
00ea
ffda
0042
0089
0022
0010
0062
0008
fff6
0013
0069
fff0
0031
007e
ffa9
ffe0
feee
fff6
ff8c
ff7a
0030
ff46
ffe4
ffb3
0016
ff72
fffe
ff61
ffb2
0055
007f
ffae
ff54
ff72
ffb9
000e
ffe8
0010
ff74
004f
feff
0054
0006
0033
001b
ffd9
0004
0032
0076
fff5
ff48
007e
0033
000c
fff0
ff57
ffe2
000b
00c3
fff6
0065
ffb5
ff93
0021
ffd4
fffe
0039
0013
0019
ffcd
ffad
fff7
00a7
ffcb
00db
ffc1
ffc8
ffde
ffc9
007f
0021
0063
fff6
00be
0154
ff92
0000
0000
0000
0000
0000
0000
0000
ffed
0001
ff57
ff4e
fff3
ff6c
0059
ffe3
ff19
ffdf
ffac
ffba
003f
ff99
ffb1
ff89
0000
ffe6
ffb9
ff89
ffcb
00ad
0165
0007
ff6a
ffd3
ffed
ffae
ffb2
0019
0030
0035
00d8
00d3
ffaa
ffd2
ffab
ffb3
0029
fff4
ffb2
ff74
0051
0022
00ca
0071
ff84
0068
00d6
ffb5
ff63
fffb
fffc
ff14
0010
ff79
00b7
000b
ffe7
006e
002a
ff78
006b
ff06
0032
ffa4
0042
0091
ff9f
fffd
ff0c
0040
0029
ff01
0018
ffba
ffb6
0071
ffbe
0071
fff0
ffcf
005d
ffc6
0031
ff7b
ffd8
ff9f
008f
ffd6
fff3
0010
0057
fff5
ffac
ffa4
fe9a
001a
007c
00bc
004d
001b
ffff
0014
007a
0028
ff37
0097
00d4
ffb0
ff73
fef9
ffa6
ffe2
0002
ffe4
ff87
0024
00ad
0024
00d4
ffda
ffec
0061
ffea
ff6b
0113
0070
0000
0000
0000
0000
0000
0000
0000
ffb0
ffe2
ff82
0064
fffe
0065
fff0
ff6e
007c
004a
008a
00b5
ff57
000c
fff3
0010
fff3
00a1
008c
0019
0015
ffe0
00a8
0004
ffd6
ffdb
0068
ff73
003b
ffc1
ff7b
ffd7
ff9a
007a
ff77
ff91
ffb5
001f
007e
ffed
0021
ffda
ff8b
0067
ff97
00a6
0079
0035
000b
ffd4
ffdb
ffc2
ffbc
002d
001e
004e
fffb
ffc9
ff60
ffff
feda
ff8f
ffad
0027
0079
0056
0011
ff53
0046
ffe4
ff34
0020
ffe6
0072
ffc2
ffe6
ff44
00a0
ff8d
0010
ffe2
ff9f
ffca
ffc7
00b9
0092
ff50
ffea
0062
fff0
0005
ff93
0066
ffa6
ffb0
ff62
0090
ffbc
0060
0029
ffba
ffca
0003
ffb5
ffff
ffb4
0091
00b1
fffd
003f
002b
00a9
0005
ff7b
ff9d
001a
ffff
ff84
005b
0021
008e
ffe8
000d
ff38
00d6
ffff
ff91
002e
0000
0000
0000
0000
0000
0000
0000
0081
001f
ff90
ffe0
ffdd
003b
0048
ff9d
ff2d
ffc0
007c
ffb5
ffc7
ff94
0006
0134
ffe6
00e9
0039
0006
ffce
0187
ffe6
ff7f
ffee
002f
0061
009c
00b7
ff7d
003e
001e
009d
009d
0026
ffe6
ffb9
0022
ffde
005d
ffaa
ff9e
feeb
0013
0076
0052
ffc9
009e
0030
0029
0029
ffed
ff6b
006a
0099
009e
004a
ff9b
00a0
0124
ff86
ff40
ff81
0063
ffe5
ffbd
002d
0002
0014
ff8a
0073
ff9d
0057
005c
ff8e
000e
002d
ff59
ffa8
004b
000e
ffd7
00b0
0014
ffa0
000d
ff76
0094
ff5b
ff81
002c
0070
0031
000c
ff79
ffcf
005b
0122
0064
0031
0042
ff8d
003c
ff66
0010
0093
007a
ff80
0007
00bc
0059
008f
008b
ffc8
ff74
00d2
ff9e
ffbb
000f
fffa
ffe3
0086
000a
0025
0089
fffa
0002
ffee
0000
0000
0000
0000
0000
0000
0000
0007
ffed
ffa1
ff97
0026
0040
ffa4
00a4
ff95
fff7
0003
0059
00d2
ff91
ffed
0105
fff4
0007
0007
ffc3
0052
ff8c
0016
fffd
ffe8
ffa7
ffdd
ffc8
ff8e
005d
0125
00d7
ffa1
0060
00a8
003f
ff6a
ffb1
0031
ff84
00bb
ff9b
ff52
0067
ff8d
0001
006e
001b
ff80
0025
002e
007f
fff3
ffd8
008b
fff5
00d4
00b7
00e6
ffa9
ff93
ff9d
001d
007d
ffca
ffe7
ffa9
ffd1
ffce
ffc9
0055
002f
ffc5
fffb
ff8f
ffb5
0077
005b
00a7
ffe5
004f
0075
ffde
0010
ff2e
ff58
ffa2
0016
ffe5
ffa7
ffcc
ffbe
0030
00d6
ff84
ffdb
ff95
ff94
0017
ff8b
ffb3
ffd9
ff7e
ff2f
ffeb
ffd4
ffdc
ff89
009d
fff2
ff07
ffde
0009
ffad
ffbd
00d0
ffda
fff1
0062
004e
0013
ffa7
0007
fff3
0030
0074
00fa
ff61
0000
0000
0000
0000
0000
0000
0000
0019
fff0
ffcf
ffd5
0000
ffbf
ff1d
ffed
ff8b
005d
ffc5
0025
ffc0
ffcf
00a3
ffdf
ffcc
003b
ff63
ff84
0045
ffeb
003b
ffc8
000d
ffb2
0055
ffb3
004b
ffa6
001e
007f
ff6b
ff87
0035
0007
0021
008f
0080
0038
0000
002d
000b
0001
ffdc
000e
005f
0004
0038
000c
0003
ff8b
0017
ffba
004d
007b
00b5
002f
ffa7
001d
0038
ffd6
0011
ff66
ffc7
ffeb
fffe
0036
ff85
0019
fff1
0024
ffca
fff5
0005
ff60
0029
ffc4
ffbc
003d
ffed
004c
000f
00df
ff91
ffcf
0074
0030
fff0
0079
0056
0072
feda
0029
0038
fffe
0039
001c
ffef
ffe8
003f
ff9e
004f
004f
fffd
002d
0023
ff82
ff20
ffe0
ffdb
ffe5
ffe5
ffe9
ffa5
ff72
ffc2
001c
ffe0
ffad
0020
0077
fff1
ff6e
0003
003a
ffd4
0064
0000
0000
0000
0000
0000
0000
0000
001c
0048
ff9f
0035
0074
0044
ff99
005c
0029
ffb9
fffc
004d
ffc5
ffb8
fff4
ff4d
0025
005c
0007
fff9
0039
0085
ffb4
00bb
0069
0037
ffca
000b
fff8
0023
ffea
ffe1
ffcf
fff2
ffaf
ffc2
0062
ffe1
ffef
ff7b
ffc3
fffc
ff7a
001c
ffeb
ffcf
ff9c
ffdc
ffe5
002d
0015
0014
ffd3
009a
004f
001e
ffaa
ff9e
ffbb
ffeb
ffab
003e
0008
0017
000d
003d
0020
0057
0028
ffba
fff3
003b
ffec
ffe9
ff79
fff3
ffae
0082
ffd7
00b1
ffbe
0069
0027
003b
0024
009c
0035
fff4
ff53
0004
006a
ff90
fff6
00a0
00b3
fff1
ff66
ff7f
ffe3
0029
0015
0052
006c
0033
0051
0059
0089
0040
0034
009d
0040
fff3
ff57
000a
000f
ffcb
003f
0012
ffb7
ffe7
fffa
ffdc
ffab
ffe0
0020
ff7a
ff9d
0012
0000
0000
0000
0000
0000
0000
0000
fff7
0006
ffb8
ffb6
0068
ff51
ff7f
ff76
ffd6
ffd1
005e
ffd7
008e
ffc5
0027
001c
ffa5
ffd5
ff77
0035
0065
001f
0011
0017
0005
ff27
001f
ff96
ff58
00e4
ff5a
ffef
fffc
ffb0
0018
0053
0019
003d
0078
ffee
000f
0011
0028
ff68
0069
ff63
ffec
ff97
fed7
ffbe
ff9a
0000
0019
ffb3
ffff
0027
0046
00ce
0062
fff4
000b
fffe
ff11
0029
0050
ffef
ffc7
002a
ff83
0022
001b
ffb9
00d6
000a
ffd9
0068
ffc8
ffff
0089
001c
ffec
ffea
fffc
ff48
007a
0040
ffd2
0016
ffe4
ffc9
000f
ff89
ff86
0015
ffa2
ff9e
ffaa
ffdc
ffff
ffc2
ffb0
ffc6
ff46
ffcd
ffa6
fff4
0031
0069
0093
0055
000f
ffe7
ffcd
000f
0057
0005
ff9f
ff71
0058
ffda
0001
0005
0015
ffed
ffff
0081
ff5a
ff55
0000
0000
0000
0000
0000
0000
0000
ffbb
ffe5
ff87
008f
00d5
002c
ffdf
fff6
fef2
000a
ffda
ffdc
ff94
0001
ffa5
fedb
0066
ffc2
ff98
0069
006d
001b
ffcf
0013
ff95
ff4f
ff9b
fef6
0005
0009
0027
ff32
ffbf
0035
fec3
ff97
fffa
0057
001f
ffb3
00f8
ffdb
ffbe
007d
ffdd
00c7
0061
0012
ffe4
001f
ff98
ff31
ff46
0052
ffff
fea9
fefa
0007
ffa7
00b2
ffeb
0083
ff84
0039
0018
00f2
ff39
ffb2
ff5a
001a
0049
00e7
ffe7
0028
ffb1
000d
0049
ffe8
ffac
0002
ffef
ff8e
ff66
fffa
ffcb
ffbc
0142
ff71
ffb7
fee8
0056
006d
ffcb
002e
002f
fffd
fffb
0045
ff96
ff9d
006f
ffbe
004a
ffc1
ffd1
ff98
0021
0098
003f
ffe5
0018
fffc
00b9
ff9f
001f
0021
005a
ffee
0018
0035
fff2
006a
004d
ffbd
ffe8
ffb0
ffcb
0000
0000
0000
0000
0000
0000
0000
0000
fff4
fed6
ffa2
ffda
00f1
0017
0068
00d0
0005
001b
ffbf
ffe0
0066
ffef
ffd1
ff86
007f
ffdc
ffda
001e
001a
ff61
ff9d
001f
ff61
000e
ff9a
ffd9
0088
ffd4
0067
0098
ffcd
fed7
ff87
0091
ffdd
ffa9
ff12
ff9b
ffa2
ff90
0004
00a0
00ae
ff9d
ffbd
007c
ffd4
ffc3
0038
ffe7
ff83
0018
0065
0020
0034
0080
ffc5
ffa5
0003
ff1d
ffc6
0062
ffa6
001b
0091
00b4
ffae
0066
ffb8
0050
ff7f
0021
ffe7
0091
009b
ff81
ffa1
ff80
0118
00c7
0089
ffe2
ff94
ff56
0025
0088
0001
ff8e
0052
0004
ffe3
0079
ffcd
0044
0062
00d2
0008
004e
0035
0001
fff1
00c4
ffd9
002f
ff69
0092
ffae
ffbd
0078
0049
0046
ff6f
0021
ff87
00af
002c
ffaf
fff1
0039
ffa7
0077
ff3e
ffc3
0009
00de
ffff
0000
0000
0000
0000
0000
0000
0000
ffb8
fff7
0065
ff8a
0055
0038
ffc4
0026
015c
0036
ffb0
ff57
0112
001c
ff9b
0111
ffa2
0045
0072
fee2
ffaa
0028
00c5
ff10
ffff
0001
0051
ffe6
ffe3
ff85
0041
00ba
ff2d
ff43
ffca
ffbb
ff9f
006c
ff94
0005
00a0
0035
ff5c
ff99
0040
0037
ffb1
008b
ff6b
ffde
ffc3
ffc1
0042
ff22
ffe2
fef0
ff41
ff69
ffb1
ffef
ff31
008c
007e
0049
fff8
0079
0034
ffb9
0188
ff33
0043
0056
ff83
ffc8
ff79
009f
000d
ff4d
0005
0009
ff41
ffd0
0050
ffcf
004a
0091
00d0
ffe1
ffba
ffe2
008e
0090
0012
0067
ffc9
00a2
0069
ff63
0066
ffe3
0044
ff7e
ffbe
ffe6
ffaf
ffa3
0026
0007
fff9
0068
ffb6
ffd3
0019
ff75
ffed
0025
ffee
0086
002a
ff62
00b6
008a
fff6
004e
ffea
0012
ffe9
0075
0000
0000
0000
0000
0000
0000
0000
ffd6
0001
ffd8
ff6c
00e2
ff95
0083
ffbd
0072
00ba
ffd4
0010
0059
ffe8
0066
0050
000e
ff34
ffbc
feec
007e
00bb
00b7
008c
0094
001c
0055
0062
0083
ff59
ffd4
00a8
0062
0119
ffbc
ff90
00ba
002a
0036
ff85
ff35
0040
fee1
ff0b
0043
0001
004f
0028
ff4b
0012
0090
ff4b
ff53
ff5c
fec4
ff41
000d
ff41
0031
006e
005f
ff8f
00b1
ffb0
ffdb
00d3
ffc9
ffb4
0062
ff01
ffca
ff9a
005b
0153
ffa6
ffad
ff67
ffd9
ff48
fef4
ff83
ff3e
003e
ffbb
ffb1
0055
fffb
0013
ffee
ff65
0030
0061
0090
fff4
000f
ffed
0021
ff75
ffe6
ff59
ffbf
012f
ff83
ffcd
003f
ffea
001b
ff14
00e1
0031
ffd7
00c6
00f8
ff33
ffbf
fff0
0077
0030
0015
00a2
ffc2
0037
003f
ff3a
ffbb
0053
ff33
004b
0000
0000
0000
0000
0000
0000
0000
0079
ff49
ffe9
ffb0
ffc6
0022
0045
ff7c
005d
ffb5
ff87
ffd1
0079
fff9
0047
0032
fff8
003a
0041
ffba
ff90
ffa8
fffd
ff43
003f
ff22
0004
00c1
ffb6
ff65
ffe8
fffc
ff99
000c
0098
0023
ffe7
ff70
ffcf
ffbd
002d
0005
00ff
002b
00d6
ffee
0078
ffe1
011b
0025
ffb5
007f
ff8f
ffed
ffdf
0001
ffb7
ffd1
0096
ffd3
ffd3
0032
ff94
ffdd
000b
ffd0
ffe3
ff12
00b6
ffa6
0057
0035
ffac
0024
0072
0094
001d
0023
ff6c
00f4
ff96
ffec
00c3
fff5
00ca
ffc3
00ae
fffb
fff5
ffff
0086
0015
0000
ffbf
ffb3
ffb4
ff7d
001e
ffb2
00bd
0097
ff98
0038
006a
ff48
0185
ff95
0031
ffa9
001d
0031
0034
0021
fff1
001d
ffcb
ff9e
ffef
0079
ffa1
ff60
ffbe
ff34
00cc
ffa4
ffec
ff94
0019
0000
0000
0000
0000
0000
0000
0000
ff97
0026
ff9f
00bf
ffc4
001e
0091
009b
001a
000b
ff3b
fff0
ff89
ffe5
ffd7
fee7
ff7e
00a6
0037
00a0
003a
ffc1
ff5f
ffbb
000c
0031
ffd2
ffc5
0048
ffc7
0077
ffb8
ff30
0065
ffd9
ffee
005f
ffd3
ffbc
000a
003b
0013
00a6
0018
0069
ff9a
002e
003f
0009
0044
000a
feff
fff0
0095
0017
005b
0049
ffa7
00ec
ff9e
0090
ffe0
ffea
ffaf
0026
ffb9
0021
0049
ff6b
ffac
ff90
0057
007d
ff66
ff98
fff3
ffa4
ffe4
ffea
0068
0091
ff89
ff79
007c
0010
fea3
ffc4
0082
ffa0
0000
ffea
00b0
ff97
ff76
ffde
0005
ff9b
0072
ffe3
ffd9
0019
ff46
0011
ff7c
ff41
0023
ffdf
0089
0008
ffba
ff93
ffa5
ffb9
0086
ffc6
004e
ffb3
002c
004c
000c
ffc0
0035
004b
fe4a
ffb9
0009
000a
ffd0
0000
0000
0000
0000
0000
0000
0000
fffa
007e
ff64
ffad
0069
ffc6
ffb7
ff8a
0014
00ad
000b
ffb4
fffe
000a
0019
00c3
ffbb
00b5
ff81
ff70
0049
ffab
fff7
ffb5
ffda
ffcf
ff69
ff50
ffc6
ffc3
ffe6
012e
fff1
004c
ff8c
001b
0020
0099
ffed
00b9
ff66
ff6d
00cf
ffc8
ffc8
007e
000a
fff8
00f3
ff93
ff6e
0002
0035
0019
0045
00d3
ff74
ffeb
0010
ffd4
ffdf
0033
0040
ffe3
ff42
ffad
fff9
ff8b
0069
0012
ffbb
ffe0
ff37
ff70
001b
0029
0099
ff10
009a
ffe5
00a1
ff8e
ff74
ff49
ffca
003e
ffcb
fff0
0099
012b
0045
0035
ffce
0036
000e
ff6f
ff3f
00bb
ff75
ffe4
006f
fff8
ffbb
ff06
0044
fffe
0099
ff85
ff41
0076
ffc6
ff50
0065
0005
0037
0009
0000
ff59
ffda
005a
ffd2
ff83
0022
ffb4
ffae
ffcd
004e
ffe4
0000
0000
0000
0000
0000
0000
0000
ff43
ffee
ff89
ffd1
000e
ffd0
ffba
0018
ffec
001e
fff9
ff71
ffa9
ff4d
ffd0
013d
ff34
ffb3
ffde
0004
ff95
00e1
ffeb
00ca
0051
fff7
ffc4
ff67
0047
ff23
ff9c
008f
ff82
ff42
006d
0046
ff51
ffbf
ff4b
fffb
004b
ffc8
ff52
009f
ff9f
fffd
ffcb
0051
ff50
0005
0007
ffef
ffcb
ff4f
ff56
0011
0107
ff3c
005e
0075
0087
ff30
feee
ff99
0064
0025
004f
005a
ff6b
0056
ff4f
ffbb
001c
0001
0003
0118
ff1f
ffdf
ffc5
ffbd
005e
ffc1
ffaa
017a
0014
0066
ff74
ffbc
fffc
00eb
ffd8
fffe
ff86
0049
fff9
00de
0072
0035
0054
ffc9
ffa5
0023
0019
ffc4
ffba
fff0
0096
ffd4
0003
ffb0
ffe8
003d
0028
0169
ff98
fff4
0030
ff39
0025
0008
00b7
004e
001e
ff57
0022
0021
ffb1
ff81
0000
0000
0000
0000
0000
0000
0000
0007
fee2
fe78
ff39
ff78
ffad
ffaa
0023
ff36
ffb5
0051
0091
0083
0024
0007
00e1
0003
ffaf
ffec
004d
ffe1
0019
002f
005c
00c2
0015
ffea
0080
ffb8
002d
012d
fffb
ffb9
ff6e
00bf
0013
0045
fffb
ffa0
ff3f
003a
ffc4
0059
001f
ffd9
0092
ff4e
ff9c
0018
ff34
ffce
0030
ff93
ffbb
0029
0007
003b
ffa0
ff7e
0072
0044
ffac
0061
0062
003c
ff8d
0022
ff5b
fff0
0008
008e
ffaf
00b5
0052
ffdf
fff1
ffb1
000d
fffd
0061
ffd7
ffee
0118
0048
ff69
0025
0005
ff1e
0092
fea7
ff9e
ffb8
005a
ffcd
0010
ffc5
0046
ff76
013a
0027
00a5
0084
fff7
0060
ffb0
0074
0000
ffd5
0026
0026
ffc4
00af
0013
ffc4
ffdd
0018
fff7
0033
000d
ff6a
fffa
0013
ffc2
0088
fff9
ff9d
ffa6
fff5
0000
0000
0000
0000
0000
0000
0000
ffff
ffd6
ffb5
008f
0022
0013
ff75
ffea
0055
fff0
ffc3
00f5
0044
ff5a
0072
fefc
001f
00a1
ff64
0039
0008
0021
fffc
ff5c
ffb1
002e
00ad
0127
ffdf
0024
ff35
004f
ffd7
ff73
011c
009f
ff5f
ffb7
0085
ffc1
ffbf
ff19
fff3
0029
0073
00b7
0004
ffa9
0032
ffbe
005e
003e
fff3
ffd9
ffa8
0019
ff5f
ffdf
00a1
00c2
fff4
ff82
0045
004b
005e
ffc1
ff7e
00b0
ffeb
004e
ffed
0024
ff6e
0048
ffac
fffe
0063
004c
0001
ff64
fff7
fffc
0034
0074
ff8d
ffec
0041
ffe5
0004
00f1
ff6d
ffd3
002e
005d
ffee
fff7
fedc
000e
ffd8
ff89
ffed
ffa8
00ac
0069
002b
0056
ff6c
ff33
ffec
ffdd
ffb1
0023
001a
0031
ffe6
0034
0065
0014
0139
fff0
ffb0
0009
ff78
00ad
fff2
009a
0034
0018
0000
0000
0000
0000
0000
0000
0000
0033
0048
ffcd
000a
002c
ffae
ff4a
000d
0000
ffcc
004f
0043
00b2
fff0
0055
fe92
ffb4
00b5
ff6b
feec
ff9f
ff80
00fe
ff9f
00e0
ff83
ffc5
ffe4
ff34
0014
0025
0003
ff83
00fd
ff7b
ffe1
ff69
ffaf
ffa8
ffbb
00ed
0066
0041
ffdb
fffb
ffc8
ffcd
ffeb
00f6
0008
ff82
006c
ffcd
0004
ff5a
ff81
0047
00a8
ffd6
00be
ffcd
ff9e
ffd2
0034
ffaf
0078
fff2
0048
ffa4
ff9b
006b
ffde
ff85
ff90
0033
0026
ff05
0000
0005
0086
ffa7
0022
002d
0056
ffb5
004a
ff36
001c
ffd8
ff10
0055
0091
0001
0005
ff4e
0093
ffaf
0020
ffd8
ff44
ff58
006a
fff0
ffea
ffee
fffa
005b
00d1
fff6
fffc
ff6e
fff2
0078
003c
009f
0092
0091
ff8b
007e
0082
ffd6
003d
0009
ff8c
ffdc
009d
0018
fec6
0000
0000
0000
0000
0000
0000
0000
ffd8
0042
000c
ffc0
006c
ff4b
003f
0007
00ae
0079
ffbe
0001
ffdb
ffb8
00d0
003f
0008
ffc9
002f
0131
ff93
0006
0120
004c
00a1
003d
ffaf
0067
ffc6
ffd0
ffcb
0085
00c5
0178
0026
004d
00a1
ff85
ffdf
ffd9
00a9
ffd0
00bb
0006
ffd2
ffba
fff9
005d
0033
001e
004b
0021
ff46
ffee
ffa3
ff01
0030
00fd
01ea
008b
ff88
0049
009d
0058
00d5
ff92
fffa
0004
012b
fff6
0038
fffd
fff7
0035
ffbf
ffef
006e
ffe7
ffcb
0012
00f8
ffc4
ffd9
ffcb
0069
0019
006c
0074
0027
fe9c
ffbf
ff75
0048
ffe0
0012
ffd7
0006
ff61
ff6f
001a
0010
ff86
ffa8
ffd3
0065
ffff
001f
ff3f
00dd
ff80
00e3
0052
ff71
00b6
008d
005f
ff6e
ff9f
ff17
0044
ffa5
ffa7
ffd0
009e
fff7
ffd8
0082
0012
0000
0000
0000
0000
0000
0000
0000
ff51
0041
0032
ff83
ff92
ffd8
ff85
0013
ff8d
ffb2
005f
000d
008b
ff8e
ff89
ff75
0050
00c7
ff77
0093
fffe
002f
ffb0
ffc8
ffee
005a
002c
ffef
ff96
002a
ff27
0040
ff9d
0055
ff9b
ffa6
ff77
ffa6
001c
ff54
0019
ff7b
0030
ff9e
0076
ffce
0000
0097
0086
ff50
0047
ffb7
ffc5
0030
ffff
008e
0029
0078
0024
ffd0
ffeb
0012
0048
002c
ffbe
0062
000f
007f
0080
ffc9
ffb5
ff9d
ffca
ffc3
fff4
ff58
001e
001c
ff2e
0001
0049
007c
ffbf
fff7
ffb0
0036
ffec
0022
ff9f
ffe8
ffa2
ff8d
0006
0008
002d
00a4
ffef
0083
ffa9
ff4a
ffc3
ffd1
0079
ffa0
ffd2
001f
ff42
00ee
0003
00dc
0042
ffe0
0059
ffbe
0080
001f
ffd1
0048
0048
0012
005a
ffa2
ffe8
ffb5
ff95
ffa8
ffb6
ff40
0000
0000
0000
0000
0000
0000
0000
0027
00c3
ffbc
ff9e
0026
ff29
003d
0010
fef4
fffd
fff4
002c
ff3d
ffed
0128
00bd
0009
0076
ff09
ffd0
ff38
ff65
0004
0057
fffc
0122
ff63
0073
005c
ff85
0062
ffaf
ff19
000b
007b
011c
00d1
ff1a
0015
0008
ffa2
ffbb
005d
ffd3
ffea
ffb4
004b
000a
001b
0099
ffaa
00c8
ffe3
fff0
0092
0063
000c
ffb8
0024
ffee
ffe4
003a
ffef
00d2
ff66
007f
001e
006d
ffc4
0083
fffe
004f
003d
000f
00da
0043
00bb
0018
009f
ff92
001f
ff77
ff70
ffb7
0069
006d
00cc
ffa1
ff57
ffe3
fecc
ffbc
ff69
009a
0030
ff2b
002a
0023
ff76
00a8
003a
fffd
0043
ff94
ffdb
0017
ff65
004e
fed2
0076
ffe9
0074
0073
ffea
0062
ffa3
ffec
009d
ffd0
0002
0026
ffb4
0068
fee4
0087
ff58
0045
ffd4
0000
0000
0000
0000
0000
0000
0000
00d3
ffb7
ffda
003f
0061
ffd1
ff1b
fff0
fff3
0017
ffd5
ff8c
0013
00d0
fff8
ff40
0012
ffd4
ff5c
feee
fff1
009b
ff71
002a
000b
ffc2
006a
0136
ff9f
ffde
ffc3
ff52
0038
009d
ff92
ffaf
ffed
ffbf
006b
00a3
ff36
0035
001a
0032
ffdf
0008
ff6d
0004
0025
fec7
0011
003c
00cd
0026
002e
0056
0056
0069
00a2
00ab
feea
0108
fff4
ffd9
ff8e
0043
ffe7
0127
0070
ffdf
000b
ffcc
0042
0156
009b
fff1
ffe1
000d
0021
002e
ffa1
ffe1
ff36
fec8
000c
ff7d
fffb
0053
0064
0111
fffb
0015
0085
0028
0024
0092
008d
ffd2
00c6
00cb
ffc1
ffa5
ff50
0038
0021
00e6
005a
0022
0081
0055
ff40
0116
fff7
0084
ff48
0068
0003
0042
fffc
0094
00a4
ff55
ffaa
ffd5
00b0
ffd0
ffb9
ff2f
0000
0000
0000
0000
0000
0000
0000
0082
ffef
013e
ffcd
004d
ff9c
00f0
006f
0021
ffe2
0022
fff5
ff9d
ff67
ff7b
00dc
002e
ffb3
ff78
005b
ff89
ffb8
0082
fffd
005f
0039
001d
00d0
0012
0033
000f
ffde
fee4
ffd8
ff7f
ffc7
ff8b
0028
ffde
0062
ff42
0042
0092
0095
00a5
0041
00d0
00c1
ff79
ffe1
0055
fff5
ffc3
0010
0031
fffc
ffb2
ffa8
ff96
0022
ffc8
ffae
ffd8
00b6
ff8b
004b
ffca
013a
fff3
ffb7
001e
0052
005d
ff6a
0048
0018
ffef
0026
005a
ffce
006b
ff6f
ff26
002d
ffb8
001c
ffd8
ffa6
002e
ff51
ffe4
ffb1
0001
ff80
00c2
000d
0032
ff94
ff84
0029
0042
ffa4
0001
ffd6
0063
0092
0011
0098
0000
ffa3
0064
ff86
000f
ffe2
ffb1
ffcd
0028
ffa4
002d
ffd5
000e
0074
ff88
0024
ffc4
ffa9
ff37
00c2
0000
0000
0000
0000
0000
0000
0000
ffe7
fefc
0004
ff62
00a9
ff9e
ffc0
ff71
ffc1
fffd
0015
0026
fec0
fff2
0037
00d2
00a2
fff7
0018
ff42
fff7
0032
fff4
008b
002a
0031
fff7
ffc4
0010
ffa8
ffe8
ffb8
ffc7
00ea
ffc4
0014
001a
009e
0052
0036
004c
ffed
0001
0114
002b
0041
003e
0044
003d
0013
ff9f
0061
0127
ffea
ffc8
001e
ffaf
ff20
fec9
006e
00c3
00c6
ffc9
00c2
fffe
0018
00d2
00c0
00d9
ffcc
004d
ff89
ff8c
ffc7
0060
0007
ffa9
0034
0091
002d
fed1
0067
009d
005d
ffd0
ff35
ffc5
001b
001a
0085
00b0
ff1f
0093
002c
0068
0011
ff6e
ff5a
0065
0030
ffd7
ff69
ffdf
fffa
ffc0
ffb5
0023
ffff
ffe5
0012
fffc
ffd3
00ab
0015
ff94
0091
ff9d
00fa
ff9d
ff6b
0086
001d
0020
0028
001a
000d
ff60
ffef
0000
0000
0000
0000
0000
0000
0000
fff7
ffda
ff4d
000b
0030
0058
00a0
fff3
ffd7
0005
ff25
fff4
001a
ffcc
0064
0017
ffee
003b
ffa5
003e
ff82
003d
ffa3
ff5c
0037
002b
ffd4
0017
ffc6
ffbf
ffe3
ffe5
0013
ff76
ff48
0023
ffae
fff1
ff70
ffff
0055
0024
ff96
0079
0002
0069
0027
ffe2
ff76
007b
ff97
ffd6
005c
ffed
0011
ffce
004c
009b
0044
0058
0011
000e
ffd4
000f
00e1
0060
0073
ffb4
ffd9
ffa8
0007
002d
006c
0062
ffdb
ffd7
0039
005f
0047
003b
fff6
00d5
0072
ffe8
ffc9
ff78
ffd9
001c
ff23
0016
0080
006c
0058
0080
0002
ff6b
ffee
ffd7
ffd7
002f
0027
ffb9
000e
ffea
009b
0060
ffed
002b
0034
ffe1
004b
00b2
0033
ffe9
00ba
0021
0013
ffc0
003e
0009
0012
0043
fff1
ffd8
0010
0073
ffc4
0054
0000
0000
0000
0000
0000
0000
0000
ffd3
fff2
005a
ffe5
ffe2
fff6
000a
ffd8
ff74
000c
ff7f
ffeb
0098
002f
00ed
fe59
000a
fff3
0043
00a5
ffed
0078
001e
fff4
0070
000f
0030
ff9f
009d
ff37
0093
0071
ff7c
ff4d
011c
fffe
000a
00a6
ff35
ffc5
00ae
0041
ffea
00a8
0080
0075
fff6
ffb2
ffbb
fff0
0017
0004
0080
ffca
005f
fef3
ffd1
ffa3
ff7d
ffdd
ff21
0144
000e
007b
0041
ff6a
ffc7
0125
ffc7
008e
002f
ff7b
00da
fff2
ffff
ffc3
0009
ff59
ff72
ffdd
ffae
001e
00ab
ffcb
ff8d
002f
ffcc
0044
000e
ffdf
004f
ff6b
003e
0018
0028
ffc9
0095
0022
004e
00d9
00c3
00aa
0012
ffec
ffe3
0001
002d
ff86
fff0
0046
ff94
fffb
ffca
00aa
006a
0007
004b
ffcf
00be
ff6c
0078
0056
003e
ff94
000a
fff1
ffd8
ffd7
0000
0000
0000
0000
0000
0000
0000
ffab
0011
feed
0029
ff86
ffd0
00c7
ffab
ff65
0057
008b
0096
002f
002f
ff8f
006f
ffdb
ff89
ff3e
0089
0002
0066
ffd9
ffaf
ffc4
ffd3
ffea
000d
ffa4
ff48
0075
ffb8
0057
ff70
00f1
ffa8
0037
ffed
0081
ffe8
ff62
0046
ffeb
000b
0061
ff49
0003
ffe9
0057
0059
003f
ffc2
0021
004c
0020
0043
ffef
ffee
0005
00ed
003c
0039
0006
007b
fff7
ffe7
fff5
0066
0035
ff2c
ff9f
004f
000c
ffb9
ffd5
0084
fff1
ffe4
0093
ffea
0045
001d
ffd7
ff95
0012
ff66
ff72
ffd5
ff8d
ffde
0012
ffd0
ff83
0085
ffca
001b
001c
0062
0026
fffc
000a
ff8c
fff6
00aa
0052
0027
0050
fe93
ffd1
ffcc
ff74
ffad
002e
ffab
00b6
ff2c
ffc9
ff5f
ff8c
ffee
0086
ff45
ffce
fe82
0025
ffcb
0023
0009
0000
0000
0000
0000
0000
0000
0000
000c
0042
ff7e
0095
0097
006e
ffce
0039
0005
ffce
ffff
ffda
0032
0010
ff59
00b5
ffe3
0051
0058
ff8c
000e
0011
0099
ff81
0008
0000
0044
0037
ffdd
ffc4
fff2
006c
ffd4
ffb7
ffc7
ff80
ff66
0072
0019
ff47
ffa2
0013
0024
ff9e
0021
00b1
ffab
ffe8
ff9c
ffe3
ffed
ffd4
ff52
fff3
ff72
ffce
002d
002d
ff9b
ffe3
ff74
ffb1
000d
ffeb
ff86
ffde
fff5
002f
ffda
004d
ffff
0011
fff5
ff5c
0053
fffb
0078
ffe4
ffd4
0070
fff2
0075
0068
0042
00a1
ff44
ff8e
fff6
ff60
00a1
0052
ffee
ff4b
0015
fff1
001f
004d
ff85
0059
00ed
0074
0022
00a3
0040
fffa
003c
0019
0039
ff28
ffad
ffef
ff6a
ff73
ff76
002c
ffee
005e
ffc9
ffa7
ff90
001d
ff88
ffb8
00a5
0010
0055
ff9e
ff68
0000
0000
0000
0000
0000
0000
0000
012d
00fb
007a
0037
0046
008d
fecf
0045
008a
002b
ffcc
0036
0029
008c
ffe3
001c
ff95
00a9
015b
ff67
ffd5
003e
ffb5
0072
0032
00b6
ffba
0042
fff8
ff91
00fd
006c
004e
0114
003b
ffee
febc
0044
0003
ff76
0088
0075
000f
ffcf
ff6a
ffca
ffd7
004e
00d0
00a0
ffce
003c
0078
0053
003e
0019
0069
0082
000e
ff53
ff9d
ffff
feff
0009
0030
007e
001d
00b1
008c
004e
006a
ff6a
0064
0087
ffa7
00a7
0022
00af
ff6d
0003
0042
ffbd
ff90
ffa3
ffdc
003a
0016
fefd
0026
ff74
ffd2
00b2
0038
ffaf
0083
0062
0076
ffec
0140
00c2
ffc9
0015
0060
0040
ffa0
ffb2
ff45
000c
ffb6
0018
0008
0064
0004
0012
0032
ffe4
ffe5
ff9f
00f2
ffd8
0093
005f
0054
00e2
0004
ffd0
00a8
ff65
0000
0000
0000
0000
0000
0000
0000
ffea
ff2d
011d
0066
feec
011d
ffcd
ffe4
fff3
0038
ffd2
0061
fff2
002a
ffd4
0093
002d
00d3
ff8e
0009
00ca
ffcd
0031
ffae
0096
ff3f
ff99
00f1
0058
ff78
ffed
006e
ff31
fff8
0038
ff99
ff69
0020
0018
006b
ff4f
0077
ffea
ffea
ff12
001c
002b
ff95
00bb
0130
0097
fffb
ffa1
ff70
00b6
007f
ffcb
000a
ff59
fee5
ff3b
002f
ffb2
ff9d
004a
0019
ffd0
ff98
ff7d
0048
009e
fecf
0029
ffc0
ff5f
ffe0
ffe6
008f
00a6
ffd8
ffab
ffaa
0006
ffb5
0015
ffb0
ff6d
00ce
ff1e
0032
ffbe
ff4f
0074
007f
ff9e
ff97
fffe
0031
0070
ff35
ffb4
ffb1
ff5a
ff38
ff03
fff7
003f
ff98
ffa5
0089
ff99
ffe0
ff3a
0002
0067
00a2
00fc
ff48
0007
009d
0038
0076
ffda
00db
00a7
000b
006f
ffac
0000
0000
0000
0000
0000
0000
0000
0017
ff51
0125
0009
003b
ff14
ff49
0030
fff4
ffd7
003f
feee
00a4
0019
00bf
000f
fff4
ffb9
ffdc
0121
ff35
00ac
0047
0040
0007
0032
fffb
001c
013e
0063
ff7e
ffce
0064
ff37
ffdb
ff6e
00c7
ffe5
ffa0
ff52
ffc4
ff74
ffbd
ffc9
005e
0022
ff7a
000a
00ac
0099
005f
ff68
006c
0023
ff4a
00ed
fff9
ffe9
0011
0013
0014
012f
0012
ff84
005c
fff9
001e
fe8c
feb2
003a
0034
ffcf
ffb4
009a
ffc0
fff6
0036
0017
ff15
fffb
0040
0048
00cf
005c
fffe
0039
ff8e
004c
ffea
0059
000f
fff8
0068
ffae
008c
ff4b
ff9f
010a
0102
fee6
ff13
000a
005f
001d
ff4e
0045
0062
ff69
0046
001b
0018
0058
fff7
004f
0065
ffec
ffca
0020
0060
0019
ff1f
ffda
007b
00d3
001e
00ba
ffc1
ff7e
0000
0000
0000
0000
0000
0000
0000
ffd1
0003
fffe
ff99
fff4
00c5
ffe7
0024
ffde
005a
003d
ffc7
0022
0061
fffc
0024
0012
fff8
0013
ffdd
fffb
ffb8
ffd9
007d
003e
ff87
ffc6
fff0
ffd9
ffa3
ffff
ffa4
0015
ff70
fff7
0096
ff93
0020
0032
006e
ffd1
fff9
ff87
ffbc
005f
0069
ffb3
fffa
ffcb
fff2
0019
0001
ff81
0043
0066
fff1
0038
0031
ffa8
ffb0
fffa
ff5e
ffa4
00e5
002c
fffa
0010
001f
007a
ffb7
003a
ffee
0040
001a
ffe3
ff83
0035
009e
0049
ffbf
006d
ffa3
ffa4
ffef
ffb8
ff9f
000a
ffc1
ffbc
ff92
0010
ff52
ffcb
0044
ffdf
0078
ff7d
0033
ff62
0028
ff8c
ffbe
000e
ffe7
ff63
ffd5
fff3
ffcd
001d
ffb6
003b
0018
ffbf
ffd4
0040
0069
ffef
0019
002a
ffd7
fff9
0054
000f
0041
ffe5
0061
0012
fff0
0000
0000
0000
0000
0000
0000
0000
00b9
fff4
005e
0024
007b
ff79
0060
ff43
ffdb
0008
0025
ff76
ffb0
ffc9
ffd6
00ad
ffe1
0024
ffe0
002b
ffb4
ffd3
ff92
0070
0050
0006
005a
009d
00df
ff9e
0061
ff8d
0049
0019
ff8e
ffb1
0028
ff62
ffa7
ffdf
ff62
ff91
0035
0002
0046
0041
0015
0084
0018
ffa7
ffc3
005a
ffcf
0077
ffce
0091
ff9e
ff41
0062
001c
ff4d
001d
ff9f
ff6a
002a
ff92
0093
005c
ffaa
ffa7
ffdc
002b
ffd1
ff7b
003e
ffb6
003b
ffc0
ffd6
ffff
ff7a
ffc9
ff82
ffc6
00e6
0030
0086
ffcb
0070
0055
ffd5
0037
0024
ffd5
0046
ffc8
ffa8
008b
ffa4
fff0
ffcc
fffc
fff2
ffe8
ff8d
fff9
feba
ffb3
001e
0017
0004
ff8a
0038
00a5
0056
0046
00aa
fff2
00b6
ffcb
0066
0035
ffb4
000e
fff5
ffa8
ffec
0069
0000
0000
0000
0000
0000
0000
0000
005b
0021
ffc3
007e
ffdd
001e
fe9a
002c
003f
ffb0
005a
0043
ffc6
ff37
002b
ff4d
ff81
ff91
00d3
ff89
006d
0086
006e
ffb8
ff66
004e
0097
ffd8
004c
0018
ff77
00d9
0088
0006
0025
ffad
ffe1
ffb6
ff09
fff2
ffeb
ff8d
ffc3
ffa3
ffb7
0024
ffee
ff5e
ffba
0002
ff81
ffa9
000f
ff06
0014
ffe5
ffaa
0062
0143
00b0
0011
fff9
ff92
005d
ff79
00fe
ffd2
ffa5
ff96
ff65
0073
ffdc
007b
ff62
ff7d
ff86
0010
004f
ffbb
001c
ffba
0026
001b
00a7
00a7
ffcd
ffce
ff73
0077
ffb8
0002
0038
001d
0046
fff6
002c
ff3d
ffeb
00a2
ffc9
00fb
ffce
004e
ffd3
fec8
ffb7
ff38
00c0
0006
0026
0064
ff8c
00b2
fff4
ffba
ffbe
ff9c
002a
0005
ffd2
ffae
fedf
ffc7
018f
ff1c
ffe2
ff9e
0014
0000
0000
0000
0000
0000
0000
0000
