0.014224
0.001137
0.005249
0.014670
-0.008294
-0.005680
-0.017936
-0.008676
0.001020
0.010905
0.022746
-0.019191
0.011140
0.002516
-0.013999
0.020731
-0.009182
0.006883
0.005782
-0.001074
0.014569
-0.019450
0.003594
0.020843
0.008883
-0.017379
-0.007415
-0.017396
-0.035989
-0.016412
-0.023305
-0.023506
-0.002920
-0.019998
0.003079
0.005050
0.019750
0.038114
-0.015605
0.006533
-0.016204
-0.001545
0.008055
0.018337
-0.020354
-0.029967
-0.000080
-0.026961
-0.001849
-0.017323
0.028830
0.014081
-0.013305
0.019989
0.001279
-0.003668
-0.014813
-0.009475
0.005091
0.010751
0.007539
-0.002085
-0.012570
-0.007326
0.000432
0.011671
-0.004280
0.014198
-0.018797
-0.005800
-0.005604
0.008640
-0.000201
-0.000057
0.007261
0.002040
-0.008411
0.023397
0.012671
0.012625
0.026123
-0.003343
0.004115
0.019417
0.019323
0.021930
0.012100
0.007408
0.020930
-0.002764
-0.017670
0.021240
-0.002926
-0.003117
0.025151
-0.000272
-0.004461
-0.005176
0.001902
-0.014211
0.005311
0.006631
0.003344
0.003388
0.008306
-0.008100
0.005957
-0.003447
0.002300
-0.002841
0.018376
0.014453
0.033462
0.008251
0.014326
0.024349
0.016214
0.018921
-0.022186
-0.041767
-0.015028
0.005787
-0.016556
0.017242
0.004905
0.015809
-0.015265
0.012738
0.025311
-0.031904
-0.016858
-0.003836
-0.040050
-0.015834
-0.038997
-0.021945
0.006933
0.043846
-0.012656
0.011087
0.020141
-0.023307
-0.003071
0.012864
-0.017216
0.002136
0.029000
-0.019614
-0.012992
0.030296
0.010262
-0.019357
-0.034321
-0.012927
0.007463
-0.012736
0.011423
0.031895
-0.019757
0.004572
0.014064
0.014876
-0.032624
0.018445
-0.013535
0.008289
0.031878
-0.061477
-0.006613
-0.009067
0.011362
0.017800
0.004007
-0.037794
0.012279
0.013027
-0.018352
0.014882
0.001330
0.002154
0.000607
-0.000974
-0.016411
0.013309
0.009386
-0.013406
0.007978
-0.006335
0.023902
0.044426
0.007391
-0.019957
-0.015813
0.029881
-0.012329
-0.029355
0.015297
-0.018673
-0.025510
-0.001119
0.007613
0.013891
0.009948
0.010902
0.041860
0.006758
0.019638
0.008864
0.019165
-0.036183
-0.021167
-0.013316
-0.001131
0.035123
0.024818
0.041220
0.012330
0.020245
0.018466
0.004493
-0.016367
-0.014735
0.011429
0.036857
-0.021015
-0.016421
-0.022298
-0.042720
0.042346
0.001765
0.000423
-0.030900
-0.059428
0.011885
0.016390
0.013307
-0.005162
0.002032
-0.004025
0.013426
0.010529
0.057893
-0.005850
-0.003908
0.044682
-0.013843
-0.003794
-0.024840
-0.022830
-0.017750
0.005013
0.010050
0.001975
-0.033157
-0.037364
-0.044807
0.008729
-0.010650
0.035682
0.004448
-0.011736
0.011203
-0.000408
0.001432
0.008694
0.005165
-0.016375
-0.004520
-0.003227
-0.005522
0.011074
-0.013363
-0.000990
-0.022232
-0.007092
-0.015899
-0.008036
0.013270
-0.002494
-0.007164
-0.007759
-0.026494
-0.013679
0.036371
-0.037663
0.014008
-0.009226
-0.004761
-0.020428
-0.020768
0.015928
0.010023
0.004750
-0.002973
0.010845
-0.027479
0.002830
-0.013055
0.027657
-0.003271
-0.004444
-0.014369
0.000231
0.005297
-0.024408
0.006165
-0.021934
0.012624
0.012006
-0.000484
-0.033704
-0.017724
0.003429
-0.011656
0.012330
-0.011820
-0.004815
0.002421
0.047331
-0.001271
-0.027528
0.011909
-0.016310
0.008011
-0.011875
0.032536
-0.005241
-0.013328
0.037831
-0.002582
0.000946
-0.018050
-0.004539
-0.003298
-0.005077
0.021379
-0.003255
-0.007306
-0.024645
-0.029650
0.015095
0.005354
-0.032232
-0.025726
-0.007098
-0.002455
-0.011851
0.001087
-0.027247
-0.001831
0.005696
-0.019012
-0.042750
-0.031744
-0.013464
-0.011091
0.045979
0.008958
-0.001229
-0.023476
-0.019388
0.016667
-0.007148
0.002493
0.009285
0.010788
-0.012305
0.024230
-0.009757
-0.000455
0.000393
-0.006598
-0.023268
-0.008789
-0.010229
0.004364
-0.011562
-0.014674
0.014072
0.012490
-0.032462
-0.005158
0.027375
0.008702
0.022520
-0.042234
0.005429
0.008039
-0.002797
-0.042136
0.008610
-0.024339
-0.013598
-0.016584
-0.013968
-0.005030
-0.013569
0.010071
-0.002159
-0.041008
0.057963
0.014327
0.013997
0.014923
-0.061628
-0.046603
0.021401
0.045510
0.032515
0.019723
0.028292
0.002733
0.077434
-0.000995
-0.027276
-0.039091
0.040951
-0.062136
-0.027705
0.048869
-0.026660
0.032003
-0.029464
0.014236
0.046283
-0.009733
0.034631
0.027129
-0.009137
0.044701
-0.032115
0.020349
-0.019179
-0.053397
0.024539
-0.005334
-0.040351
-0.009791
0.004025
0.012166
-0.038360
-0.035109
0.000583
0.036037
0.016110
-0.005330
0.025142
-0.035404
0.033665
0.029151
0.021453
-0.018855
0.033158
0.071033
-0.047706
0.001501
0.054953
-0.029679
-0.016441
0.031799
0.044694
0.039634
-0.013228
0.048183
0.012537
0.008745
-0.048616
-0.004822
-0.003149
0.028600
-0.008524
-0.006934
-0.031560
0.042476
0.027881
0.005503
-0.010684
0.021140
0.004256
0.037086
0.027196
0.007951
0.043391
0.051620
-0.071405
0.002146
0.002632
0.002068
0.005231
0.030835
0.034148
0.047999
-0.034883
0.015462
-0.005815
0.005079
0.038126
-0.005559
-0.039407
0.040072
0.022222
0.017965
0.026660
-0.010495
0.007321
-0.056435
0.001714
-0.002861
-0.017306
0.008551
-0.023594
-0.007676
-0.005536
-0.011688
0.002275
-0.020202
0.016837
-0.002950
-0.026169
-0.012444
0.022577
-0.019893
0.008731
0.025732
0.007024
0.007686
0.016699
-0.020853
-0.006546
0.009570
-0.013421
0.012766
-0.001880
0.007095
0.010329
-0.021821
0.026936
0.010337
0.034364
-0.019707
-0.018475
0.011944
0.006486
-0.005090
0.003813
-0.026311
-0.007178
-0.007568
-0.013226
-0.001686
-0.028381
-0.001011
-0.018025
-0.013667
0.009502
-0.002464
-0.038602
0.031419
-0.025741
-0.015738
-0.009308
0.002232
-0.008519
-0.040665
0.003164
0.035496
0.024300
0.008480
-0.012769
0.029453
-0.021144
0.008752
-0.002661
-0.001805
0.010761
0.003590
-0.015714
0.003616
-0.003340
-0.011992
-0.006281
0.016093
0.019675
-0.017113
-0.013184
-0.000622
0.008916
0.029957
0.024250
-0.002974
-0.015311
0.017986
-0.000615
-0.041586
0.011514
0.015162
0.011776
-0.007426
0.021220
-0.021599
-0.011022
0.029971
-0.015451
0.004275
0.013935
-0.005608
0.030967
-0.009744
0.001378
-0.036484
-0.005139
-0.007487
0.002146
0.004127
-0.008898
-0.008820
-0.001039
-0.013717
-0.003197
0.001782
0.013858
0.014452
0.002989
0.023572
-0.007889
-0.003093
-0.004472
-0.002891
-0.006884
-0.009410
-0.038792
-0.020194
0.000268
-0.027975
0.031242
-0.001175
-0.037948
0.042632
0.006897
-0.005102
-0.024435
0.008842
0.000319
0.016205
-0.007188
0.008902
-0.012377
-0.001292
-0.006004
0.007160
-0.007873
0.012935
-0.022106
0.006915
0.012258
0.014938
-0.034353
0.014404
-0.003341
-0.012074
-0.023949
-0.006249
0.001025
0.003880
0.026254
-0.019403
0.005187
-0.020173
-0.001354
-0.010410
0.014138
-0.002034
-0.019582
0.005192
-0.000296
-0.013049
-0.000524
0.029057
0.018715
-0.005913
-0.009613
-0.015367
-0.002593
-0.013621
0.006693
-0.000343
0.002680
-0.022601
0.007065
0.014533
0.015161
-0.003374
-0.013050
-0.018976
-0.020200
-0.011623
-0.004986
0.007415
0.013635
-0.021960
-0.031376
0.011579
0.000874
-0.017882
0.001655
0.012149
0.007153
-0.001742
0.003540
-0.002614
0.005468
-0.011182
0.037142
0.038698
0.007573
-0.002853
-0.002230
0.016132
0.029906
0.028280
0.026342
0.001308
-0.033504
-0.004479
0.025570
-0.018741
0.005657
-0.004490
0.001634
0.007058
0.015820
-0.020514
0.040200
0.011987
-0.015392
-0.003950
-0.009126
-0.000132
0.004337
-0.001051
-0.018868
0.018724
0.021363
0.003183
-0.030228
-0.007204
0.019146
0.026980
-0.009446
-0.009982
0.021573
0.016269
-0.016758
-0.007861
0.018346
-0.008816
0.008116
0.011845
0.014825
0.001442
0.007571
0.018885
0.008974
0.007994
-0.001665
0.012198
0.015272
0.018278
0.002770
-0.004727
0.000941
-0.013053
-0.005416
0.012144
0.016722
-0.010965
-0.002773
-0.009733
0.004056
-0.009091
-0.022551
0.011897
-0.003345
0.007564
0.003605
-0.000613
-0.021068
0.010528
0.005232
0.009723
-0.000125
-0.023715
-0.014432
-0.014819
0.012788
-0.006801
0.007278
0.001241
-0.015848
0.005070
0.003218
0.001223
0.011522
-0.018402
0.004244
0.008160
-0.001710
-0.001605
-0.006469
-0.003367
-0.020282
0.024956
-0.004440
0.007213
0.008211
0.002370
-0.004623
-0.014971
-0.016287
0.001813
-0.006364
-0.000125
-0.000550
0.011993
0.011694
-0.000600
0.005224
-0.017446
0.007461
0.011787
0.014408
0.007958
0.014241
0.007521
0.008832
0.013967
0.013507
0.005523
-0.010357
0.011220
0.007152
-0.008027
-0.007131
-0.009999
-0.016125
-0.004233
-0.000360
0.007362
-0.011485
-0.014005
-0.001058
-0.012331
-0.025673
0.003645
0.006195
-0.002877
-0.011611
0.003361
-0.000087
-0.023242
-0.009772
-0.011598
0.014041
-0.000151
0.005352
-0.011756
0.000885
-0.015710
0.011232
0.020579
-0.017632
-0.006011
0.006074
-0.003443
-0.004872
-0.009148
-0.013960
-0.010166
0.004627
-0.009004
-0.001350
-0.003273
-0.021890
0.008698
-0.003329
-0.001924
-0.009996
-0.006360
0.004680
0.019701
0.001205
0.028147
0.004902
-0.008296
0.005569
0.000609
-0.036914
0.001322
-0.015276
-0.005275
0.003226
-0.016300
-0.000063
0.008903
-0.014709
0.026021
-0.014384
-0.009915
0.008903
-0.006108
0.004952
-0.012031
-0.015717
0.024985
0.011153
-0.001281
0.014433
0.009818
-0.006019
-0.002579
-0.018528
0.002223
0.006840
-0.011422
-0.011176
0.004005
0.001033
-0.021610
0.003891
-0.011731
0.035839
-0.001601
0.005944
0.003229
0.001088
-0.018381
-0.028080
-0.012509
0.013717
0.016009
-0.006487
0.031000
0.005319
-0.010902
-0.011658
0.003751
-0.009930
-0.014578
0.019627
-0.003186
0.000254
-0.018291
0.004078
-0.015097
0.005640
0.007756
0.023168
-0.002960
-0.020233
-0.032195
0.010472
-0.000116
-0.004588
0.017814
0.015387
-0.008170
0.008687
-0.004485
-0.012535
-0.003633
-0.008045
-0.019147
0.019896
0.016022
-0.017151
-0.022196
0.011365
0.023220
0.003737
0.024342
0.001566
-0.007709
0.013340
0.004343
0.000377
0.014752
-0.032978
-0.024981
0.013015
0.011241
0.006028
-0.019791
-0.001042
0.016901
0.024647
0.012969
-0.006533
-0.019882
0.005193
-0.012039
-0.041824
-0.009105
-0.014238
0.028858
0.000231
-0.021756
-0.029278
0.031474
0.018066
0.008520
0.010529
0.023702
-0.011894
0.028585
-0.013579
0.003968
0.005392
0.031581
0.005774
0.009693
-0.007617
0.001167
-0.003245
0.014926
0.006467
-0.016674
0.007228
-0.031560
0.007522
-0.013122
0.013357
-0.009458
-0.023083
0.008867
0.004192
-0.036038
0.004744
0.003737
0.019159
0.005428
0.016345
0.010359
-0.017230
-0.003770
-0.003252
0.007384
0.003457
-0.001411
-0.014198
-0.014846
0.005275
-0.014519
-0.014875
-0.002835
0.024001
-0.011929
-0.014905
0.024153
-0.000476
-0.014437
-0.018320
-0.019296
-0.011230
-0.022663
0.041599
-0.015840
0.027786
0.021767
0.004166
0.005092
0.018819
-0.002314
-0.018641
-0.047017
0.019640
-0.006843
0.006368
-0.011358
0.006058
0.013249
-0.025049
-0.001182
-0.010871
-0.005249
0.015620
0.013563
0.018058
-0.001600
0.023507
0.037813
0.004334
0.013219
0.015885
0.009035
-0.007003
-0.001471
0.019045
0.032113
0.020791
0.045213
0.009951
0.013749
-0.005289
0.018213
-0.030310
-0.007429
0.000699
0.007864
-0.017990
0.001311
0.019772
-0.012480
-0.014456
0.023730
-0.021396
0.032679
0.013546
0.029658
0.003341
-0.002564
-0.028567
-0.005520
-0.001123
-0.004187
0.011392
0.004101
0.007672
0.002987
-0.012317
-0.014559
-0.005729
0.017988
0.001537
-0.001224
0.009585
0.007634
-0.004143
0.007639
0.018438
0.026830
0.002837
0.011589
-0.010109
-0.026541
-0.017757
0.011639
0.014683
-0.010898
-0.019024
-0.020702
-0.012893
0.014081
0.004466
0.022834
0.015660
0.037712
-0.010783
-0.038190
0.019149
-0.005517
-0.062221
0.021250
-0.018286
-0.002018
0.011248
-0.011256
-0.021089
-0.017846
-0.003810
-0.005396
0.013268
-0.019567
0.016378
0.010061
0.025251
0.006840
0.034750
0.014117
0.029383
0.047954
0.003962
-0.014609
-0.023304
-0.059088
-0.007147
0.006679
-0.067174
0.036242
-0.040572
-0.009178
-0.023926
0.009167
-0.010792
0.000045
-0.002103
0.029122
-0.026480
0.010926
0.002468
-0.035110
-0.019970
0.021760
0.012748
-0.014419
0.006264
-0.019998
-0.012730
0.012795
-0.051964
-0.000729
0.029700
0.037699
0.045751
-0.003073
-0.007134
0.020622
0.000739
0.009935
0.005535
0.003009
-0.005669
-0.015540
0.035084
0.021324
0.050661
0.019019
-0.004799
0.042730
-0.011952
0.012394
-0.013372
-0.006068
-0.030195
0.027225
-0.004046
0.029170
0.009222
0.067047
-0.021986
0.016380
0.015146
-0.011192
0.011187
0.046672
-0.008815
-0.001480
-0.000139
-0.032945
-0.011492
-0.001200
0.034361
-0.034540
-0.022974
0.038313
-0.005094
-0.007016
0.003655
-0.011873
0.025412
0.034238
0.014239
-0.013779
0.008181
-0.003617
-0.013101
-0.021185
-0.006920
-0.021119
-0.034239
0.006701
0.000747
-0.021274
0.004430
-0.001301
0.035853
0.022019
-0.002863
0.004411
0.009830
0.022840
0.038681
0.020999
-0.007959
-0.005909
-0.053825
-0.052813
-0.000118
-0.033253
-0.002246
-0.006461
-0.005597
0.035891
0.024092
0.009843
0.008976
0.043191
-0.005408
-0.033898
-0.027236
-0.044240
-0.001714
-0.023877
-0.029361
0.010090
0.033539
0.052456
-0.001583
0.004311
0.006942
0.026998
0.006341
-0.005154
-0.009432
-0.001663
-0.046476
0.050190
-0.006770
-0.024848
0.018550
0.050332
-0.037207
-0.045392
0.014245
-0.019758
0.000691
0.040319
0.010936
0.008035
0.007942
-0.036458
0.024500
-0.021543
-0.038217
-0.015292
-0.014449
0.009638
0.028675
0.017094
-0.052079
0.023576
0.032064
0.032360
0.017502
0.018455
-0.029909
-0.021574
0.004706
0.052799
0.029920
-0.017912
-0.066280
-0.015326
0.045343
-0.057038
-0.035378
-0.018544
-0.017995
0.023008
-0.034617
-0.039030
-0.017926
-0.002691
-0.006425
0.010541
-0.021949
0.003038
-0.041204
0.007213
0.040423
0.043383
0.001020
0.038410
-0.024181
0.000560
-0.005370
0.000618
-0.009347
0.013252
-0.009255
-0.018608
0.008518
0.010535
-0.003796
-0.002303
-0.027844
-0.033958
0.061404
-0.061508
0.006470
-0.008295
0.006325
-0.065253
-0.029293
0.023256
0.008679
-0.013501
0.006837
-0.016474
0.015531
-0.044920
0.001884
-0.025910
-0.035274
-0.007977
0.013519
-0.049459
-0.011513
0.010727
0.025273
0.001868
-0.022213
-0.033166
-0.040216
0.020379
-0.070179
-0.023742
0.016331
0.017538
-0.041382
0.022692
0.010598
0.016642
0.019101
-0.010000
-0.006510
-0.020921
-0.014129
-0.010853
-0.027531
-0.020857
-0.027134
0.027511
0.008437
-0.009992
0.001374
0.028248
0.048281
-0.011743
-0.058566
-0.003939
0.016082
0.020578
-0.004172
0.031402
0.016508
-0.002725
0.002548
0.005822
0.020980
-0.018182
-0.002371
-0.001343
-0.005226
0.002877
-0.014641
-0.018219
0.001594
-0.056152
0.000552
0.012968
-0.021252
0.022786
-0.028178
0.006461
0.033173
-0.001280
0.036230
0.012509
0.008334
0.001540
-0.040248
0.019470
-0.003475
0.023099
-0.005515
-0.014726
0.030607
0.007672
0.027139
0.030791
0.048396
0.007575
-0.003018
-0.026647
0.013265
-0.015302
-0.026554
-0.020554
0.016149
0.034740
0.025434
0.007923
-0.053277
0.044186
-0.030408
-0.024323
-0.004723
-0.000829
-0.027911
0.026378
-0.012164
-0.006708
-0.007561
-0.017180
-0.048416
-0.014862
-0.004536
-0.011566
0.022030
-0.020485
-0.088733
-0.007026
-0.019865
-0.014792
-0.001576
-0.018503
0.017231
-0.002222
-0.005631
0.001165
0.020448
-0.028658
0.028489
-0.014372
0.038154
-0.001387
0.047112
-0.016908
-0.031208
-0.014699
0.028959
-0.048267
0.002943
0.034664
-0.047385
-0.018386
-0.016915
-0.024400
0.017498
0.021498
0.021398
-0.028763
0.008319
-0.010933
-0.011739
-0.005053
-0.001754
-0.022632
0.011987
-0.011406
0.056249
0.002188
-0.019236
0.013207
0.054949
0.017983
0.005166
-0.000117
-0.006952
0.020785
0.025140
0.014150
0.029690
0.010599
-0.014699
-0.011558
-0.027848
0.023258
-0.004007
0.019303
-0.042265
-0.021940
0.020325
-0.023330
-0.005852
0.017992
0.034728
0.013983
-0.009752
0.015034
-0.023891
-0.028593
-0.063750
0.002715
-0.019275
0.009947
-0.041896
-0.015304
0.000873
0.036974
-0.014223
0.020638
-0.005342
0.006906
0.009451
-0.000533
-0.004978
0.006598
0.029091
0.034792
0.012133
0.002219
0.011755
0.010520
-0.022731
-0.011645
-0.015585
-0.019935
-0.040752
-0.025064
-0.020933
-0.004931
-0.004158
0.010734
0.052075
0.012347
-0.033505
0.017716
-0.001910
0.018468
-0.005660
0.021712
-0.033816
-0.008059
-0.003612
0.010485
-0.032093
0.012439
-0.051462
-0.030870
-0.002011
-0.030977
-0.020528
-0.037014
0.024112
-0.008865
-0.032623
0.027291
0.036064
-0.010891
-0.007765
0.011528
-0.004513
-0.021498
0.013137
0.013556
0.032121
0.018127
-0.028287
0.015860
-0.048318
0.006596
0.025435
0.002764
0.016068
-0.008653
0.010397
-0.037899
-0.015890
-0.002055
0.019608
-0.008143
0.008471
0.002806
0.010929
0.018765
-0.020360
0.002054
0.006213
-0.005419
-0.026021
0.000163
-0.001044
0.000140
-0.002486
0.002038
0.012138
0.003514
0.030019
0.005504
0.002576
0.012514
-0.017398
-0.015855
0.014614
0.003001
-0.002246
0.001868
0.024693
-0.015833
0.009461
0.003033
-0.002143
-0.032827
-0.015244
0.000316
0.005475
0.002963
0.026930
0.017626
-0.022749
-0.007678
-0.021514
0.020809
0.007872
-0.003212
0.008118
-0.012585
-0.013575
-0.014011
0.030305
-0.006975
0.035769
0.006278
0.016407
0.031961
-0.013251
0.016565
-0.035031
0.008218
-0.029631
0.014056
-0.023562
0.001344
0.014733
0.028206
0.031549
0.005316
-0.023154
-0.029716
0.027143
0.009468
0.024124
0.014761
0.012976
-0.005534
0.013706
-0.004333
0.006841
-0.018641
0.055897
-0.016417
0.024387
-0.023066
0.003863
-0.011832
-0.029786
-0.011753
-0.023430
-0.008780
-0.024353
-0.044656
-0.022956
0.016738
0.003950
-0.011853
0.016673
-0.006440
-0.003212
-0.004062
-0.019265
-0.022078
-0.009717
0.011109
-0.000359
0.000881
-0.021062
-0.003824
0.017290
-0.001653
0.025463
-0.008783
-0.003047
-0.016893
-0.013406
0.019801
-0.007488
0.002273
0.006243
-0.000566
-0.013557
-0.004888
-0.004545
0.011892
0.009143
0.014099
-0.018935
0.030378
0.007665
-0.037595
0.007796
-0.037020
0.027949
-0.026649
-0.031558
-0.037905
0.001917
0.051531
0.021946
-0.038521
0.000458
0.030905
-0.003834
-0.020687
0.002707
-0.007440
0.006193
0.038910
0.009493
0.020920
0.016359
0.005457
0.010343
-0.050093
-0.031310
0.034778
-0.003766
-0.024986
-0.017464
-0.009399
0.004018
0.047880
0.003288
0.052957
-0.018409
-0.060827
0.011382
0.021296
0.066912
-0.010840
-0.004266
0.003308
-0.023712
0.030363
0.008001
0.035339
0.003179
-0.007792
-0.006607
0.003592
-0.015225
0.001997
-0.016541
0.012778
0.110429
-0.027721
-0.014893
-0.030035
0.009706
-0.016885
-0.015202
0.031965
-0.051290
-0.009584
-0.011704
-0.026582
-0.035454
0.028222
-0.003849
0.019582
0.004153
0.013880
0.032657
-0.031280
0.020214
-0.021300
-0.021884
-0.030549
0.017162
-0.045477
-0.038857
0.008582
-0.011929
0.023567
0.006807
0.039126
0.040180
0.034333
-0.022309
-0.013630
-0.043010
-0.016976
-0.035093
0.015577
0.021659
0.017071
-0.001370
-0.055138
0.040005
-0.014336
0.007251
-0.012882
-0.013178
-0.009917
0.030641
-0.060134
-0.006869
-0.005304
-0.002959
0.014416
0.064036
0.033007
0.051624
0.010018
0.006373
0.042683
0.019178
0.030929
0.007510
-0.013852
-0.025708
0.053486
0.041118
-0.017422
0.006672
0.029454
0.019126
0.067328
0.031852
0.063268
0.007746
-0.006157
-0.031666
-0.024887
0.009605
-0.027554
-0.026580
-0.007345
-0.042529
0.000594
0.059126
0.020329
-0.036651
0.036077
0.038911
-0.002155
0.031610
-0.000128
-0.000937
-0.009377
0.017510
-0.052528
-0.011424
0.000838
-0.018725
0.039771
0.004563
0.014960
0.011548
0.031066
0.032325
0.098249
-0.033686
-0.016659
0.029255
-0.003254
-0.008724
0.088785
-0.047390
-0.012154
0.031197
0.016771
0.017170
-0.024958
0.020813
-0.096572
-0.007724
-0.000995
-0.015123
-0.033241
0.004983
-0.010344
-0.013331
0.071188
0.052590
-0.009152
0.031887
-0.004553
0.034783
0.008170
-0.013380
0.025167
0.036130
-0.042079
-0.028408
-0.073054
-0.026539
0.036290
0.065899
0.025242
-0.025831
0.043712
0.037110
-0.056588
-0.012228
-0.000153
-0.021234
-0.074923
0.005351
0.023307
0.002982
0.061132
-0.029224
0.015489
0.012237
0.051690
-0.031535
0.000501
-0.019368
0.033268
0.001790
0.023937
0.007517
0.000485
-0.021088
-0.030490
-0.006878
0.046069
0.042764
0.009007
-0.017750
-0.001824
0.032155
0.051265
0.020917
-0.055632
0.057676
0.035134
0.006874
-0.034210
-0.042383
0.016479
0.023031
0.054491
0.028174
0.003725
0.017587
-0.034850
0.017558
-0.010344
-0.047276
-0.000614
-0.003535
-0.029257
-0.068135
0.040675
-0.030988
0.016819
0.002896
-0.003109
0.012507
-0.007147
0.005472
0.000124
-0.021435
0.022528
0.019125
-0.009268
0.006025
-0.010729
0.000909
0.001664
0.006914
-0.010168
-0.019639
-0.012875
0.011835
0.016350
0.009470
-0.003762
-0.017478
-0.006124
0.001570
-0.009341
0.007129
0.007627
0.013619
0.013921
0.010763
0.002940
-0.000599
0.020050
-0.006602
0.000499
-0.010506
-0.010256
0.002275
-0.000006
-0.006721
-0.001681
0.012015
0.000966
-0.022104
0.003036
0.007466
0.003114
0.014175
0.002076
-0.004222
-0.006813
-0.028293
0.008004
0.006987
0.009940
-0.017487
-0.007404
-0.008799
0.004198
0.005261
0.006775
0.010512
-0.024913
0.013947
-0.016531
-0.004707
-0.005568
0.002605
0.009392
-0.008018
0.005968
0.008288
0.003609
0.001503
-0.023324
-0.004567
-0.001732
-0.012140
0.003295
-0.001992
0.001631
0.010568
0.003529
-0.004360
-0.027284
0.003577
-0.001025
-0.007989
-0.004041
-0.006441
-0.000017
-0.019494
0.010767
0.012468
0.021340
-0.004687
-0.002319
-0.022452
-0.007772
-0.012504
0.006921
0.028228
0.012666
-0.005357
0.015345
0.004740
-0.008701
0.007903
0.000077
0.002362
0.000321
-0.011401
0.012821
0.010575
0.001936
-0.011204
0.007464
0.003028
0.001378
-0.004329
-0.001558
0.001310
0.002549
-0.013310
-0.004666
0.018668
0.000905
0.018360
-0.027782
-0.001916
0.004391
0.018960
0.016075
0.009546
-0.029034
-0.011862
0.020121
-0.010898
0.001332
0.008344
0.005351
-0.002050
-0.018490
0.003954
-0.002330
-0.015355
0.015523
-0.006985
0.006160
0.015421
-0.007548
0.008212
-0.027449
0.010768
0.009377
-0.023468
0.002830
0.009416
-0.007667
-0.013209
-0.015160
0.001557
-0.014160
-0.012770
0.000703
0.014832
-0.028172
-0.015088
-0.031902
-0.019296
-0.000731
0.013243
-0.025684
-0.025368
-0.005322
0.008521
-0.024460
-0.010052
-0.009667
0.004521
0.011330
-0.001713
0.003640
0.005805
-0.002260
0.002740
-0.017621
0.008372
-0.016526
-0.017086
-0.013278
0.003039
-0.008593
-0.035636
-0.017246
-0.006660
0.008723
0.004558
0.000254
-0.006467
0.000002
-0.006804
0.036643
0.002761
0.009182
-0.004843
-0.008325
0.000223
0.013574
0.024581
-0.014212
0.014970
-0.001318
0.015878
0.019910
0.031896
-0.003700
-0.006242
-0.004600
-0.010323
-0.036285
-0.023980
0.013696
0.006114
0.009581
0.027903
-0.002416
0.002966
-0.026795
0.026796
-0.015365
-0.012172
-0.008058
0.037093
-0.021006
-0.000948
-0.008842
0.002412
-0.006917
0.005197
0.008804
0.006545
0.001088
-0.001248
-0.000378
0.010769
-0.016656
-0.022464
0.003923
-0.000674
-0.021366
-0.011820
0.000418
-0.011754
0.009349
0.020303
-0.034060
0.005111
0.022679
-0.040107
-0.007080
0.028969
0.032214
0.015903
-0.029406
-0.005915
-0.042413
-0.009991
0.004842
-0.018569
0.040290
-0.009644
0.000060
0.016688
0.002462
0.006178
0.001352
0.019341
-0.026801
0.000407
-0.014597
0.006214
0.024226
-0.006077
-0.011418
-0.032491
-0.019810
0.015816
-0.042110
0.012535
0.011313
0.012411
0.026617
-0.030391
-0.031958
-0.021645
0.002760
-0.020395
0.007630
-0.010375
-0.021151
-0.009366
0.025405
0.005093
0.019862
-0.027331
-0.001858
-0.017899
-0.013527
-0.019427
-0.020610
0.024058
-0.003298
-0.007077
0.040989
-0.006347
0.015493
-0.001008
-0.017725
-0.009694
-0.017386
-0.011115
-0.012638
-0.000707
-0.008255
0.001403
-0.015325
0.049287
0.022790
-0.005382
-0.001691
-0.039266
-0.009275
-0.005687
-0.016020
-0.017300
0.000856
0.016305
0.019564
-0.020280
0.009017
0.010158
-0.016694
0.002871
0.009859
-0.031853
-0.002393
-0.001225
0.022005
0.013022
0.014446
-0.025097
-0.007477
0.006899
0.005438
-0.035523
-0.019983
-0.037773
0.021269
-0.001186
-0.002871
0.001247
0.013766
-0.000691
-0.002326
0.005899
0.005947
0.048081
0.002982
0.030709
-0.011233
0.005184
0.054535
-0.002096
0.023894
0.034806
0.009775
0.023280
0.021564
-0.002193
-0.015228
-0.001177
-0.018850
-0.009853
0.006872
0.012502
-0.004676
0.017423
-0.022994
-0.033073
-0.008194
-0.001671
-0.006585
0.002209
-0.005897
0.012100
0.003270
-0.018558
-0.010891
0.012072
0.016724
-0.011117
0.009949
-0.010362
-0.002941
0.026961
0.002390
-0.008389
-0.027196
-0.008504
0.006286
0.002612
0.019143
-0.014317
0.001718
0.013473
0.008481
-0.004548
0.027430
-0.009791
0.024318
-0.019087
0.019663
-0.006145
0.009291
-0.009222
0.015874
0.016091
0.000409
-0.016128
0.026474
0.010096
-0.005864
0.014709
-0.016433
-0.002648
0.017872
-0.000320
0.018091
0.004407
-0.010024
-0.005882
0.004963
-0.006047
0.009543
0.032007
0.003468
0.005371
0.022938
0.012999
0.008701
0.017432
0.004680
-0.002420
0.037658
-0.022254
0.002184
-0.010617
0.007652
0.003548
0.011898
-0.013987
-0.026243
-0.008976
0.011273
0.019597
0.005432
-0.003977
0.014408
-0.003756
-0.010501
-0.004166
-0.002606
0.005854
0.003018
-0.004201
-0.000304
0.005839
-0.001615
0.004673
-0.003321
-0.010787
-0.011246
-0.007899
0.004157
-0.032443
-0.000624
0.003400
-0.021646
-0.008940
-0.012215
-0.006202
-0.020068
-0.004272
-0.021078
0.006761
-0.010847
-0.013361
-0.008765
0.023972
-0.005595
0.013637
0.006454
-0.010517
0.031446
0.012095
-0.025506
0.016735
-0.009097
0.013884
-0.000821
-0.016279
0.002428
0.020418
-0.003555
0.008395
0.024252
-0.007907
-0.005912
-0.010881
-0.014081
-0.002684
0.007114
0.010073
0.001358
0.024670
0.002176
-0.026912
-0.019839
-0.021284
0.017796
0.002403
0.028042
0.015144
0.025011
0.029367
0.026154
-0.020603
-0.026749
-0.016833
-0.020482
0.007825
-0.025144
-0.000439
0.000128
0.003193
0.014353
0.013663
0.009076
0.007071
-0.045443
-0.031526
0.008587
-0.034367
0.000854
-0.023547
0.042529
0.007464
-0.018179
-0.004401
0.036023
-0.003979
-0.023403
-0.021487
-0.005350
0.026992
-0.026008
0.012096
-0.004202
-0.016320
-0.008746
-0.018542
0.002370
0.003293
-0.015288
-0.004749
-0.020244
-0.037178
-0.015785
-0.017266
-0.016774
-0.013473
0.008148
-0.035454
0.018073
-0.045814
-0.006348
-0.005090
-0.006223
0.008028
-0.014404
0.002731
0.007594
-0.012902
-0.011056
-0.013516
-0.007816
0.019048
0.013641
0.010151
-0.032169
-0.023631
0.003530
-0.018659
-0.010398
0.001608
-0.019447
0.011242
0.006175
-0.019005
0.011158
-0.018058
0.005099
-0.014693
-0.007494
-0.024625
0.011891
0.021933
0.004760
0.003571
-0.028353
-0.015712
-0.009184
-0.000158
0.018669
0.009843
0.004576
-0.028391
-0.037864
0.008033
0.031862
0.021470
0.015012
0.001745
0.003955
0.003895
-0.006029
0.005219
-0.009327
0.025390
0.019578
-0.012294
-0.001540
0.001040
0.000753
0.006590
0.013334
-0.022598
0.007986
0.018967
-0.007349
-0.001784
-0.027972
0.020717
0.008907
0.006829
0.007378
-0.008204
0.019947
0.009575
-0.021583
-0.008057
0.025942
0.003901
-0.002406
0.021211
0.011835
0.009841
-0.007791
0.002026
-0.004044
-0.011403
-0.017793
-0.006208
0.017919
0.007534
0.013664
0.008884
0.000247
-0.032938
-0.005037
-0.007398
0.060817
0.017139
0.004879
0.015728
-0.004543
0.002407
-0.001689
0.016922
0.015684
0.003143
-0.006942
-0.005205
-0.024017
-0.005921
-0.020186
0.019818
-0.007257
-0.001613
-0.017232
0.005069
0.019628
-0.006740
0.005978
0.013922
-0.014820
-0.025042
-0.012060
0.023552
-0.009620
0.010736
0.028911
-0.011554
0.013069
0.007108
0.007503
0.006940
-0.015054
-0.003927
0.033270
-0.004522
0.003541
-0.012511
0.008298
-0.009054
-0.022388
0.026593
0.022242
-0.012042
-0.001161
0.003009
-0.000752
0.025469
0.014725
-0.015312
-0.021557
-0.002948
-0.004417
-0.020821
0.015327
0.029318
-0.055068
0.004467
0.045410
-0.007259
0.014430
-0.050179
0.009610
-0.024306
-0.017240
0.019157
-0.002084
0.004764
-0.033734
0.004000
-0.000706
0.001972
-0.045712
-0.032501
-0.002424
0.018012
0.014021
0.004719
0.004146
0.008808
0.013593
-0.013545
-0.036761
-0.004635
0.037833
-0.003655
-0.012358
0.054348
0.009285
-0.016723
-0.045389
0.007264
-0.008509
-0.024136
0.004593
0.001687
-0.012797
0.004203
0.021406
-0.011251
0.022960
-0.012659
0.005931
-0.016809
-0.023998
-0.021474
-0.000653
-0.019420
-0.022310
-0.008642
-0.011634
0.001071
0.014599
-0.001378
0.026074
0.035750
0.005848
-0.046410
-0.029551
-0.016066
0.013993
0.053970
-0.004908
0.004572
-0.047160
-0.007934
0.023200
-0.028696
-0.021215
-0.019634
0.044880
0.041990
-0.005605
0.004683
-0.027963
-0.006487
0.087276
-0.022813
-0.005239
-0.093243
0.030989
-0.057867
-0.005543
-0.000246
0.037969
0.015011
0.016682
-0.003219
-0.009121
0.009910
0.028901
-0.017318
0.006538
-0.043868
0.017955
-0.029265
-0.017522
-0.032714
0.000917
0.022931
-0.030893
0.036945
0.040227
-0.001463
0.048494
-0.003069
0.004293
-0.003189
-0.002966
-0.018171
0.017643
-0.007378
0.020279
0.013373
0.006295
0.013895
0.003687
0.006824
0.024195
0.015418
0.002938
-0.002959
-0.033165
-0.021334
-0.022864
-0.022763
-0.037741
-0.006683
0.028206
-0.000206
0.005208
0.011285
0.001643
0.005946
-0.007870
-0.002021
-0.032264
-0.029282
0.003058
0.009433
0.009313
-0.009884
-0.006880
0.009650
0.026779
0.024950
0.036583
-0.026532
0.020896
0.003158
0.018154
0.011189
0.001601
-0.012457
-0.002285
-0.000356
-0.042864
-0.013450
0.004993
-0.013050
-0.008273
0.005893
0.008381
-0.008143
-0.003136
0.001632
0.019191
-0.022039
-0.015191
0.015844
0.008889
0.004868
-0.021829
-0.005464
-0.004191
0.020009
0.010686
-0.026685
-0.001231
0.009511
-0.003752
0.000297
0.007573
-0.029544
-0.035622
-0.031429
0.015387
-0.050658
-0.021334
0.008224
-0.011928
0.008261
0.019531
0.001371
-0.002034
0.000139
0.015331
-0.011490
0.006161
-0.027844
0.003778
0.019143
-0.014131
-0.009891
-0.009079
0.030726
-0.018457
0.028039
0.040444
-0.016702
-0.007953
-0.000481
0.008709
0.019136
-0.012798
-0.033468
-0.002356
-0.025225
-0.003859
0.021865
-0.001362
0.015708
0.012267
-0.012083
0.010214
-0.005333
-0.003509
0.000923
0.006998
-0.016723
0.021823
-0.027783
-0.009816
0.001774
0.004985
0.002595
0.012177
0.011951
-0.015862
-0.019716
0.008138
-0.016282
-0.000257
-0.014137
0.027401
-0.041983
0.016230
-0.026549
-0.021962
-0.008159
0.006644
0.007934
0.010231
0.002849
0.000327
0.004450
-0.005928
0.031887
0.010071
0.011203
0.003721
0.031926
0.017699
-0.009757
-0.016266
-0.021059
-0.010834
0.000002
0.013725
-0.015082
-0.005434
0.000620
-0.026824
0.003912
-0.019712
-0.035501
0.034826
0.032628
0.014216
0.006680
0.000725
-0.006038
0.005264
-0.019788
-0.014195
-0.029337
0.006199
0.011361
0.002996
0.001185
-0.006229
-0.007237
-0.003315
-0.009858
0.025128
0.003512
-0.011955
-0.002324
-0.000640
-0.003048
0.000050
0.015027
-0.009474
-0.007483
-0.005952
0.018300
0.005246
0.003154
0.021356
-0.018058
0.019288
0.018006
0.006530
0.020775
-0.010840
0.030268
0.005961
0.014723
0.005086
-0.003289
0.004965
-0.004391
-0.019459
-0.000139
-0.018225
-0.014661
-0.021491
0.008623
-0.007795
0.037519
0.010214
-0.001420
-0.001881
0.009147
0.012116
0.014234
-0.029668
0.000072
-0.015719
-0.022061
0.016904
0.008746
0.010301
0.015805
-0.003407
-0.002527
0.025939
0.041110
0.006902
0.022425
-0.000571
0.009431
-0.033834
-0.020689
0.013518
0.004258
-0.013095
-0.015614
0.035100
-0.001117
0.003906
-0.004318
0.017128
0.020874
0.006263
0.021162
0.005846
0.012129
-0.039655
-0.004747
-0.002585
-0.001923
-0.026989
-0.001944
-0.002959
-0.039662
0.011342
-0.006125
-0.014660
0.022165
0.002968
-0.015867
-0.007533
-0.010550
0.022432
-0.005953
0.016053
0.024805
0.004777
0.060253
-0.005098
0.037201
-0.011133
0.009674
-0.011967
-0.010048
-0.005021
-0.004360
-0.004016
0.016408
-0.018185
0.016981
-0.011823
-0.022123
-0.019591
0.002677
-0.001979
0.013667
0.008798
0.009799
0.021047
0.004978
-0.028080
0.012066
0.010759
0.023674
0.034303
0.012900
0.005794
-0.032841
0.017658
-0.001684
-0.015187
0.006119
-0.023459
0.011593
-0.013151
0.003458
-0.015310
0.014970
-0.024923
0.002274
0.011642
-0.010115
0.000934
-0.006433
0.025675
0.002616
0.017336
-0.002216
0.011664
-0.024268
0.005441
0.026087
-0.011608
0.014271
0.011004
-0.019392
-0.002140
0.015547
0.008717
-0.001090
0.000463
0.011699
-0.006768
-0.017814
0.011135
0.003472
-0.009241
0.001983
0.023263
-0.004386
-0.010589
-0.013803
0.008623
0.016027
0.021468
-0.004840
0.014766
-0.001410
0.021325
0.034898
-0.022999
0.021980
0.024421
-0.032393
-0.015082
-0.009795
-0.008778
-0.007313
-0.020527
0.017411
0.003833
0.010521
-0.005432
-0.000639
-0.014057
-0.003564
0.009080
0.043451
-0.009543
-0.004078
0.000143
-0.005462
-0.012760
-0.003322
-0.009099
-0.005156
-0.000292
-0.015433
0.020483
-0.027539
0.005452
-0.018803
0.002510
0.002206
0.000742
0.000886
0.004907
0.003552
0.016324
0.038206
0.010860
-0.004294
0.008444
0.001831
0.011843
-0.011039
-0.000968
-0.000252
0.000017
-0.001257
0.004640
0.005626
-0.015260
-0.008650
-0.006473
-0.008561
-0.021601
0.010873
0.019595
-0.024931
0.020805
-0.014807
-0.008582
0.011579
0.004204
-0.017375
-0.017362
0.015229
-0.005968
0.008085
-0.013644
0.012230
0.014182
-0.014436
-0.020651
0.014111
-0.002792
-0.010795
-0.024929
-0.015300
0.001473
0.004123
0.017990
0.017463
-0.018337
0.001542
-0.008665
0.008641
0.019065
-0.002909
0.008117
-0.005996
0.010252
0.006863
-0.006453
-0.018631
0.011025
0.004181
-0.016160
-0.005083
0.020392
-0.006449
-0.012510
-0.007037
0.005447
-0.022893
0.006439
0.007214
-0.003938
0.015263
-0.001850
-0.015420
0.000482
0.001191
0.000288
-0.026416
-0.000121
-0.020028
0.018328
-0.007889
-0.003749
0.002664
-0.010433
0.011585
0.004419
0.025860
0.000183
-0.010265
0.000349
0.032108
0.003741
-0.036216
0.022947
-0.005679
-0.024122
-0.009728
-0.004342
-0.006913
0.027148
0.021325
-0.029791
-0.039971
0.005470
0.016887
-0.014689
-0.007969
-0.006083
0.006032
0.022422
-0.001717
-0.005583
-0.008331
0.002594
0.000131
-0.020871
-0.009039
-0.007741
-0.006965
0.037111
-0.023138
0.018887
-0.015028
-0.008343
0.000105
0.020672
-0.008057
0.044979
0.001610
0.002380
-0.006798
-0.016890
0.008870
-0.019534
0.004406
0.010450
-0.001375
-0.027679
-0.008523
-0.012815
-0.047669
-0.021035
-0.000334
-0.018944
-0.004719
0.011091
-0.011042
0.007403
0.034065
0.012311
0.022187
0.011835
-0.004656
0.010703
-0.018119
0.004230
0.002042
0.013741
-0.014847
0.015669
-0.016257
-0.008191
-0.020836
-0.011421
0.016430
0.003593
0.025070
-0.003688
-0.009386
0.002943
0.018649
-0.008766
0.002953
0.011530
-0.010944
0.006370
-0.037059
-0.022752
0.005413
0.016128
-0.009280
0.013474
-0.002137
0.015772
0.028333
-0.001763
0.009293
-0.031240
-0.015233
-0.007709
-0.019152
-0.012824
-0.027606
0.031160
-0.005749
0.005948
0.000805
0.014423
-0.005508
0.002777
-0.002901
-0.010559
0.020289
0.023915
-0.030843
-0.010316
0.004855
0.013101
-0.002508
0.002746
-0.014445
-0.020919
0.006233
0.004222
0.004278
0.007546
0.007416
-0.007176
0.002670
0.026187
0.015651
-0.007805
-0.006162
0.008272
0.009281
0.008339
0.012262
0.019808
0.017983
-0.006202
0.007242
0.005900
0.005385
0.003667
-0.003197
0.016376
0.013833
-0.007505
-0.005778
0.034611
0.011330
-0.018042
0.007956
0.003338
0.006581
0.025919
0.013516
-0.021937
0.021995
-0.009870
-0.011613
-0.016955
0.004146
-0.017097
-0.008811
-0.007338
-0.032466
-0.005876
0.008497
0.013508
0.002802
0.013641
0.039450
-0.002724
-0.034206
-0.000560
-0.003814
-0.008422
-0.010135
0.007789
0.035315
-0.013555
-0.016459
0.028829
0.012252
-0.036234
0.002988
-0.021752
-0.006094
-0.017166
0.011220
-0.012812
0.024334
-0.030370
0.009480
-0.007007
0.021923
0.015349
0.003110
0.007445
-0.008239
-0.008446
0.024294
-0.022348
-0.020976
0.004048
0.004008
-0.007478
0.038744
0.009871
0.028875
0.009698
0.016601
-0.020765
0.010340
-0.000906
-0.038994
0.002393
0.010884
-0.020144
0.022440
-0.010002
0.016453
-0.005322
0.009594
-0.015782
0.025115
-0.017083
0.017034
0.004440
0.001170
0.006566
0.013327
0.035820
-0.036018
-0.003043
-0.016910
0.009860
-0.009539
0.019965
-0.024170
0.019272
-0.003315
0.017170
0.008189
0.004305
-0.016020
-0.011208
0.009575
-0.008258
-0.051565
-0.003060
-0.017777
0.013294
0.034747
-0.019636
0.016839
0.020717
0.006314
0.010079
0.010575
-0.005333
0.012479
-0.029621
0.016224
0.022389
-0.010883
0.000115
-0.011319
-0.028014
-0.015314
0.017925
-0.036757
-0.012757
0.004009
-0.019668
0.002894
-0.019797
-0.003545
0.009358
-0.020486
-0.003481
0.039480
-0.013626
-0.005745
-0.004324
-0.003113
-0.012338
0.014111
-0.006765
-0.005521
0.016859
-0.028192
-0.001575
0.039170
-0.001251
0.002742
0.047807
0.007047
0.015837
-0.003683
-0.033608
0.008822
0.044765
0.014122
-0.009784
0.007911
-0.005932
-0.023728
-0.012330
0.006612
-0.004279
0.025171
-0.036291
0.010922
-0.003659
-0.037982
0.004336
0.002597
0.017568
0.000340
-0.010087
-0.023700
0.006398
-0.027951
0.013317
-0.024986
0.019889
-0.032169
0.002413
0.030645
0.005178
0.008913
-0.023801
0.019835
0.018563
0.000497
0.022636
0.000616
0.002918
-0.001406
-0.006162
-0.032919
-0.020445
-0.011169
0.025594
-0.033054
0.005946
-0.003552
-0.016368
-0.008449
-0.004963
-0.019682
0.009674
-0.027724
-0.023614
0.001721
0.006045
-0.020237
-0.004318
0.011310
0.018681
-0.019229
-0.036660
0.019138
0.013151
0.019136
0.012322
0.003170
0.010835
0.021192
0.012743
-0.013661
0.008015
-0.001633
-0.010036
0.014896
0.007074
-0.006051
-0.003406
0.014194
0.026606
0.004635
0.012391
-0.020656
0.001282
-0.016711
0.001461
0.036223
-0.005927
0.012604
0.003963
0.009930
-0.017309
0.002046
0.002800
0.016594
0.038057
0.017227
0.030594
0.027396
0.002111
0.007208
0.007539
0.000083
0.034012
0.013332
-0.017106
-0.008420
0.007883
-0.019526
-0.024709
0.005651
0.013945
-0.027122
-0.027772
-0.020324
-0.008389
-0.006842
0.004795
0.004608
-0.018272
-0.006814
-0.010884
-0.013075
0.012487
0.019813
0.007297
0.013994
-0.009097
0.003605
0.010079
0.007529
0.006080
0.016484
-0.028092
0.001740
-0.014623
0.022218
-0.026662
0.044708
-0.021285
-0.008161
0.007158
-0.012783
-0.016017
0.000854
0.006238
-0.001947
0.010492
-0.021671
0.012745
-0.006425
-0.009708
-0.028339
0.001426
-0.000398
0.010361
0.017018
0.014917
-0.001389
0.008615
-0.032063
-0.013826
-0.019578
0.038156
-0.001747
-0.005981
-0.011320
0.007143
-0.024497
-0.039167
0.011683
0.017525
-0.034299
0.033637
-0.000828
-0.009981
-0.003911
0.010753
0.006664
0.015146
-0.003830
-0.011070
0.005949
0.009712
-0.016843
-0.010296
0.001433
0.008064
0.001635
-0.009049
0.029346
0.019215
0.015619
-0.012584
-0.007406
-0.015277
-0.020003
-0.003241
-0.007289
-0.007038
0.014084
-0.001709
0.006552
0.012077
0.013409
0.011645
-0.006592
0.011813
0.002974
-0.004770
-0.006535
0.033784
-0.007819
-0.003154
0.014312
-0.006874
0.011098
0.014436
-0.015093
0.004962
-0.003643
-0.000612
0.007346
0.002161
-0.007392
0.016366
0.025705
0.015968
0.018825
0.006905
-0.000478
-0.016918
-0.009412
-0.012379
-0.022615
0.002559
0.002452
-0.013987
-0.024592
-0.005319
-0.030680
0.010593
-0.012956
-0.007266
-0.009721
-0.010119
-0.003733
-0.012130
0.024031
0.009470
-0.027417
-0.004671
0.010099
-0.010798
0.006970
0.006172
-0.009948
0.004046
-0.006025
0.003161
0.034750
0.032104
0.019396
0.004031
0.031978
-0.017688
-0.002963
-0.025747
-0.013693
0.003510
0.045833
-0.032091
0.014733
-0.017794
0.037512
0.034429
0.016766
-0.033260
-0.054375
0.003641
0.046162
-0.002809
-0.024662
-0.033926
-0.005373
0.006370
-0.005165
0.037306
0.042490
-0.008464
-0.000761
-0.038831
-0.000065
0.024684
0.006850
-0.004170
0.036669
0.016094
0.011957
0.030568
-0.030256
0.011706
0.024351
-0.007199
0.023693
0.025862
0.023488
0.036250
-0.040853
0.000420
0.047182
-0.042387
-0.032139
-0.022280
-0.000481
0.021737
-0.019416
0.054881
0.033310
-0.001250
0.004915
0.016798
0.012679
-0.009188
0.023583
0.006635
-0.038647
-0.009055
0.002885
-0.038310
0.008332
-0.008249
-0.031978
-0.002368
-0.051278
0.017919
0.035979
-0.011684
-0.006102
0.010934
0.007826
0.031115
-0.006595
-0.037482
0.012704
0.010944
-0.011845
0.014008
0.031933
-0.004477
-0.000772
0.034704
-0.022926
-0.028206
0.014513
0.000583
0.020808
0.042753
-0.000696
-0.018422
0.016987
0.012729
-0.002923
-0.007419
-0.033117
0.031237
-0.003776
0.004552
-0.023639
0.024051
-0.005435
-0.025167
-0.012421
-0.021574
-0.048171
-0.065744
-0.007501
-0.000268
0.002425
0.038726
0.029462
0.031983
-0.029828
-0.010882
0.031926
0.002281
0.007857
-0.005758
0.002304
-0.025158
-0.003912
-0.003035
-0.012080
-0.031365
0.018481
-0.019473
-0.078154
0.008563
0.011290
-0.003818
0.010721
-0.002183
0.015169
-0.027991
0.017549
-0.029303
0.035736
0.019127
-0.002711
-0.009610
0.003738
0.015704
0.004275
0.008059
-0.042123
0.012336
-0.011756
0.011115
-0.007245
0.005874
0.008684
0.005887
0.014131
0.024826
0.044067
0.009324
-0.023606
-0.000732
0.006521
-0.001334
0.007044
-0.005150
-0.040470
-0.008509
0.009598
0.001703
-0.003193
0.016350
0.004525
-0.012304
-0.008520
-0.002444
0.003024
-0.004322
-0.000598
0.005869
-0.003885
-0.005634
-0.028208
-0.040295
-0.011842
-0.053004
0.000358
0.031938
-0.014268
0.013695
0.018477
0.000961
-0.008252
-0.024592
0.022073
-0.023441
-0.003277
-0.013019
-0.025689
0.022010
0.010632
-0.006564
-0.001047
0.016442
-0.031042
-0.012922
0.012304
0.000817
0.010205
-0.018408
-0.013922
-0.000583
0.003637
0.025003
-0.023573
0.018914
0.019206
0.000683
0.000520
0.019533
-0.032533
0.016749
-0.005617
-0.011804
-0.008617
0.008771
-0.022434
-0.026539
0.028283
-0.017507
-0.002823
-0.001329
-0.019424
0.000261
0.010989
0.016344
-0.021100
-0.004853
0.004700
0.000085
-0.031171
0.008742
0.024012
-0.025671
-0.011713
-0.027127
0.003179
-0.023565
0.010966
-0.014635
0.014799
-0.003069
-0.021686
0.006596
0.012431
-0.028988
0.005360
0.001810
0.013039
0.031090
-0.001905
0.008123
0.012382
-0.006274
0.009021
0.001568
-0.017994
0.007904
-0.002214
0.001423
-0.006806
-0.007305
0.019397
-0.003181
0.018016
0.000177
0.004268
0.006845
0.019191
-0.006229
-0.024787
-0.005589
0.014768
0.005318
-0.003771
-0.001210
0.001722
-0.018987
0.014994
-0.010509
0.019932
-0.002283
-0.004951
-0.014460
-0.035240
-0.019126
-0.016014
-0.021670
0.025310
-0.002805
0.019399
0.023059
0.014955
0.007729
-0.005122
0.003588
0.001983
0.018426
-0.019528
-0.011109
-0.004164
0.012907
0.007552
0.001842
0.001511
0.010393
-0.010266
0.007722
0.000782
-0.011151
-0.008638
0.014530
0.008509
-0.005872
0.004147
-0.022940
0.008871
0.015229
0.026584
-0.009646
0.002453
0.009874
-0.016952
0.016357
0.008498
0.009250
-0.000939
0.005831
0.016206
-0.008012
0.003756
0.014816
0.000464
0.003729
-0.009370
-0.006207
0.000773
0.005941
0.019035
0.003769
-0.010626
0.015985
0.003578
0.002975
-0.014211
0.020483
0.015263
-0.015618
0.020432
-0.009307
-0.015836
-0.019119
0.018954
-0.038508
-0.019825
-0.005109
0.013299
-0.006157
-0.000036
-0.022288
-0.017370
0.002122
0.002019
0.004268
-0.006919
0.014500
-0.009312
0.030312
0.016748
-0.009684
0.004417
-0.010086
-0.007650
-0.001396
-0.015638
0.001394
0.022221
0.021126
0.039730
-0.027251
0.010229
-0.019706
-0.028576
0.003736
0.019955
0.001200
-0.000550
0.008678
-0.001161
0.005173
0.000227
-0.030601
-0.002140
0.011362
-0.037264
-0.005456
0.009449
0.010873
-0.045684
-0.027632
-0.020151
-0.011507
0.003101
-0.008645
0.014045
0.025860
-0.018057
0.040132
0.011463
-0.022778
0.010116
0.011059
0.001874
0.030687
-0.018095
0.004881
0.016414
-0.018944
0.011063
-0.035429
-0.050279
0.019205
-0.006084
-0.001267
-0.019557
0.016884
-0.019386
-0.043087
-0.003481
0.001841
-0.013178
0.022121
-0.015746
0.002656
-0.002926
0.021504
0.004913
-0.023072
0.017112
-0.001739
-0.016377
0.023057
-0.002485
-0.000675
-0.006093
0.005317
0.008169
-0.007257
0.002502
0.018166
-0.004366
-0.032377
0.026930
-0.007153
-0.000793
0.029268
0.011822
-0.017748
-0.025359
0.005217
-0.002983
-0.023730
0.026372
-0.008592
0.021106
-0.007090
-0.019783
-0.015628
-0.021472
-0.013442
-0.001319
0.009457
0.031383
-0.024267
0.005539
0.007398
-0.001604
0.029779
0.024111
0.001746
-0.002968
-0.023653
-0.023008
-0.050164
0.020432
-0.002236
0.012442
0.020934
0.012320
0.033770
-0.015815
0.026186
-0.003396
-0.000736
0.007773
-0.002377
0.005598
0.003778
-0.032577
0.008793
-0.007792
-0.018573
0.024489
0.015390
0.002446
0.008888
-0.029107
0.005737
0.000964
-0.026522
-0.003141
0.018649
0.008254
-0.008071
-0.003450
0.017770
-0.048449
0.016176
0.004475
-0.001702
0.015312
0.025038
0.006846
-0.001685
-0.013389
0.027524
0.019427
-0.012135
0.019636
-0.028626
0.002221
-0.000942
0.001412
-0.040500
-0.010103
-0.029415
-0.007396
0.015429
-0.017591
-0.006327
0.005647
-0.008018
0.018319
-0.000283
0.014684
-0.004791
0.039856
-0.006350
0.018610
-0.004915
0.006000
-0.023214
0.021890
0.044782
0.027210
-0.005890
0.005086
0.011244
-0.012197
0.004412
0.012888
0.015652
0.011764
-0.020152
0.014443
0.005300
-0.006182
-0.002048
-0.026184
-0.000280
-0.001820
0.002064
0.012643
0.001168
0.011420
0.015501
0.032609
-0.000689
0.034677
0.005736
0.000337
-0.019851
0.016042
-0.000698
-0.011107
-0.011715
-0.001625
0.010847
0.006362
-0.008476
0.000778
0.030995
0.003198
0.004284
0.031843
-0.012582
0.008743
0.007098
0.000204
-0.008431
0.000125
-0.001244
-0.018875
-0.023626
-0.022583
0.009089
0.002046
-0.007586
0.019379
-0.003531
0.013487
-0.010208
0.018716
0.012002
-0.010263
-0.001767
0.011327
0.016757
-0.023669
0.002066
0.018555
-0.010870
-0.029384
0.017472
-0.001156
-0.007725
0.035077
0.008266
-0.011012
-0.003796
0.013068
-0.024933
-0.016792
-0.006193
-0.013842
-0.007668
-0.013489
0.006094
-0.016945
-0.012826
-0.010630
-0.006339
-0.009310
0.001717
0.005269
0.015205
0.016443
-0.022026
0.016133
0.003811
-0.019551
0.005831
-0.004251
0.011515
-0.003640
-0.009343
-0.006570
-0.009369
-0.001302
-0.016069
0.012860
0.004823
0.004177
-0.012815
0.025686
-0.023670
0.031025
-0.001198
-0.035886
-0.008262
0.013502
-0.012322
-0.017706
0.023891
-0.025052
0.001764
-0.002909
0.035015
0.030192
0.007522
-0.030116
0.016560
0.026782
-0.028271
-0.019849
-0.019398
0.020325
-0.018103
0.000217
0.016034
0.005839
-0.004114
-0.008317
-0.023087
0.006747
0.023772
0.007462
-0.006419
0.022474
-0.003410
-0.019691
0.031235
-0.011828
0.005227
0.031396
0.003076
-0.007212
-0.013990
0.005745
0.016480
-0.004711
-0.010096
0.014584
0.018044
-0.000138
0.015557
-0.002849
0.021573
-0.019259
-0.023299
0.011786
-0.002321
-0.011111
0.015736
0.000768
0.021778
0.033658
-0.006772
-0.000451
0.019720
-0.015967
-0.004073
0.028201
0.008960
0.005234
-0.029550
0.008155
-0.003745
-0.011472
-0.020201
-0.036028
-0.007789
0.014892
0.029065
-0.017393
0.003482
-0.008128
-0.010146
-0.013708
-0.034381
-0.000016
0.018341
0.016362
-0.004573
0.026143
0.018939
0.011216
-0.016240
-0.018491
0.003094
-0.028237
0.003128
0.006050
0.032836
0.010975
-0.035850
-0.041908
0.049474
-0.006619
0.025628
-0.032008
-0.003374
0.002526
-0.004246
-0.026950
-0.022451
0.014918
0.025399
0.051801
-0.030294
0.002717
-0.036301
0.020824
-0.021506
0.035608
-0.011530
0.006210
0.012234
0.011588
0.003490
-0.011774
0.054285
-0.010113
0.025409
0.009899
-0.064714
-0.038965
-0.004917
-0.031494
0.005887
-0.077535
-0.043976
0.020783
0.024776
-0.043891
0.011087
0.009793
-0.019680
0.047108
0.026401
-0.035107
0.063414
0.004662
-0.015016
0.024999
0.006586
-0.046725
-0.011121
0.021189
-0.053713
0.030800
-0.013569
-0.035881
-0.084133
0.011173
-0.026390
0.024382
0.042617
-0.002900
0.008348
0.023362
0.017999
0.084695
-0.000926
-0.028400
0.000851
0.029737
-0.027999
0.019895
-0.037103
0.030886
-0.000631
0.017412
0.018177
-0.010620
0.000149
0.020189
-0.017708
-0.013275
0.002835
-0.017152
-0.015715
-0.009542
0.013291
-0.031610
0.001936
-0.013358
0.051522
0.059937
0.034392
0.015347
-0.029612
0.001392
-0.068381
-0.010237
-0.014806
0.029695
-0.027009
-0.010832
0.043893
0.014752
-0.040423
-0.003253
-0.011549
-0.036530
-0.013897
-0.007662
0.052773
-0.022340
0.043338
0.044537
-0.036420
-0.028393
0.001975
0.002006
0.034088
-0.004211
-0.027401
-0.028001
0.029043
-0.023738
-0.004810
-0.018126
0.002709
0.001157
-0.008102
0.002558
-0.035763
0.016750
-0.017161
0.010611
-0.009487
0.040528
-0.019046
-0.026116
-0.003734
0.032679
-0.023211
0.012371
-0.008535
-0.000449
0.029890
0.008834
-0.022494
-0.013615
0.010011
-0.022313
-0.009829
-0.023075
-0.004813
-0.005059
0.004777
-0.005648
-0.034425
-0.003985
0.004189
-0.029256
0.013501
-0.000316
-0.019360
-0.008140
-0.020697
-0.004956
0.020632
-0.000353
-0.013325
-0.009002
-0.009189
-0.020236
0.029811
-0.026809
-0.068163
0.025187
0.025460
-0.045324
-0.018103
0.003283
0.011735
0.017612
-0.017286
0.009198
0.041456
-0.013499
-0.008847
-0.017793
-0.037412
0.016663
-0.020850
-0.019820
0.008549
0.020306
-0.013759
0.001383
0.018317
-0.030457
0.001425
0.031513
0.008667
0.016117
0.016542
-0.011354
0.017358
0.026033
-0.029032
0.001207
0.045855
0.014148
0.009862
0.032847
-0.013082
-0.016079
0.012702
-0.010053
-0.001030
-0.042491
-0.010749
-0.016490
0.008742
0.025466
0.014213
0.025732
-0.008881
0.011879
0.002458
0.006383
-0.009394
0.011876
0.005408
-0.015410
0.032545
-0.009251
0.003474
-0.003125
0.010313
0.028844
0.001173
-0.011398
-0.006828
-0.011908
-0.040703
0.002439
-0.034502
-0.013677
0.009197
-0.003282
-0.016954
-0.008914
0.006035
-0.001989
-0.019700
0.000096
-0.008291
0.010732
-0.016295
-0.044427
0.004621
0.001498
0.042544
-0.015410
-0.001325
-0.025936
0.024123
-0.005464
0.042790
-0.009677
0.008945
0.009083
-0.026693
0.005357
-0.001251
0.004564
0.019370
-0.017917
-0.016198
0.018569
0.017957
0.012818
-0.004050
-0.007690
-0.014555
0.008853
0.006359
-0.002427
0.019696
-0.040014
-0.026497
-0.002117
0.007357
-0.008968
-0.001160
0.019163
-0.002613
0.029409
-0.017656
-0.023739
0.027553
0.009207
0.022345
0.024767
-0.015755
-0.014883
-0.021316
0.020566
-0.011325
0.005200
-0.013875
0.008485
0.021251
-0.026860
-0.002559
-0.033295
0.008265
-0.027361
0.022439
-0.013089
-0.005783
-0.014527
-0.013671
-0.003780
0.002310
-0.030241
0.027916
0.012062
-0.015471
-0.025172
0.015419
-0.000720
-0.018118
0.012488
-0.016708
-0.014187
-0.012989
-0.007733
-0.010790
-0.000378
0.007154
-0.010742
0.019467
-0.010221
0.030179
0.049763
0.012560
0.012071
0.018192
-0.001461
-0.000682
0.003778
-0.013680
0.008357
0.009769
-0.019907
-0.034551
-0.005124
0.033524
0.005016
-0.006640
0.003522
0.008484
-0.034117
-0.011704
0.004261
0.001719
-0.016202
-0.017145
-0.024174
0.004944
-0.017378
-0.018226
0.038031
-0.037241
-0.013478
-0.007088
0.001417
0.013737
0.019371
-0.010615
0.013411
0.007804
-0.008404
0.006372
0.009349
0.013793
-0.018711
0.028083
-0.004085
0.009114
0.019820
0.020362
-0.024289
0.007522
-0.010178
0.009860
0.002328
0.013255
-0.010217
0.016743
-0.030316
0.039568
0.010229
0.017736
0.003440
-0.007469
-0.006433
0.004218
-0.004265
-0.007375
-0.005120
0.007535
-0.022246
0.000795
0.012076
-0.010322
-0.004799
0.023948
0.013252
-0.002731
0.017679
0.025081
-0.030767
0.006432
0.012061
-0.002604
0.007627
0.011492
-0.004200
-0.006515
0.008200
-0.002968
-0.001760
-0.002065
0.000082
-0.005886
-0.003835
-0.009398
-0.021075
-0.001853
0.012815
0.011666
0.005326
0.013284
-0.007768
-0.020392
-0.001720
-0.010094
0.010782
0.010817
-0.004408
-0.001759
0.025455
0.003595
0.001847
0.001521
-0.001119
-0.009108
-0.030446
0.022715
-0.015984
-0.006348
-0.000415
0.001182
-0.004121
-0.016480
-0.001196
-0.023282
-0.005777
-0.000215
0.001604
-0.010774
0.005745
-0.019662
-0.018267
0.017593
0.022287
0.001421
0.006019
-0.004962
-0.005002
-0.003429
-0.008242
-0.015784
0.016314
0.010860
-0.020564
0.017139
0.020019
-0.005247
-0.002094
-0.004027
0.001932
0.009249
-0.030556
-0.017582
0.006521
0.003052
0.010504
0.014313
-0.001391
0.003002
0.021366
0.001166
0.000342
0.012078
0.002035
0.029271
0.016481
-0.013010
0.010818
-0.003288
0.018122
-0.011242
0.009791
-0.013400
-0.029446
0.000362
0.006002
-0.004419
0.011204
0.026944
0.012744
-0.005642
-0.001068
-0.004720
-0.023754
0.015800
-0.007476
-0.016519
-0.016655
0.008534
0.005407
0.009252
-0.001890
0.009665
0.002444
0.013007
0.016283
0.000085
-0.033797
0.015289
-0.003022
-0.017449
-0.026699
-0.004429
-0.022303
-0.004018
-0.022957
0.001639
-0.014729
0.011180
0.017557
-0.017191
0.001639
-0.000614
0.002682
0.012445
-0.008948
0.003753
0.004797
-0.006490
0.007728
0.020316
-0.008471
0.011539
-0.022739
0.003137
0.004898
0.027165
0.016172
-0.010772
0.015438
0.007415
-0.038787
0.007995
-0.019350
0.009010
0.027212
0.008245
-0.005651
0.008533
0.029339
-0.020416
-0.002880
0.005989
-0.018931
-0.003970
0.004987
0.015161
0.011938
-0.009675
-0.009714
-0.002730
0.022915
-0.005673
-0.003631
0.002733
-0.004305
0.012388
-0.004646
-0.003464
-0.001575
0.000481
-0.015422
0.019505
0.001523
-0.002843
0.000828
0.006039
0.007355
-0.018857
0.003530
0.001408
-0.005271
-0.012104
-0.002202
-0.010060
-0.013290
-0.011635
0.023578
-0.011027
0.002630
-0.009577
0.000277
-0.017000
-0.015492
-0.013122
-0.005419
0.015021
-0.009342
0.019413
0.005183
0.009722
0.007290
-0.001499
-0.005197
0.006483
-0.002593
0.013043
-0.059014
0.006372
-0.061562
0.018731
0.046929
0.000181
-0.012978
0.005160
-0.037565
-0.007614
0.010324
-0.037238
-0.005384
-0.012291
0.027467
-0.009029
0.036968
0.018686
-0.002069
0.008108
-0.003765
-0.024888
0.003147
-0.033121
-0.019833
-0.020536
0.042763
-0.035881
-0.000305
0.009843
0.013503
-0.024909
-0.000850
-0.008165
-0.019758
0.011891
-0.005475
-0.012696
0.023219
0.021531
-0.016842
-0.005653
0.001119
-0.015313
-0.003390
0.040962
0.029931
0.030089
-0.011473
0.013280
-0.036240
-0.015033
-0.014923
-0.005015
0.032599
-0.010377
0.014074
-0.000123
-0.043488
0.005625
-0.004163
-0.003372
0.034132
0.014353
0.020280
0.057512
0.005068
0.010531
0.029889
-0.008302
-0.014886
-0.010909
-0.009383
-0.038410
0.021279
0.026001
-0.004274
-0.020983
-0.019421
-0.002705
-0.013124
-0.016470
-0.017644
0.001561
-0.026502
-0.013268
0.029929
-0.001388
0.035399
-0.002151
-0.003885
-0.030620
0.013535
0.032394
0.003715
0.024045
-0.006933
0.004297
-0.025498
0.020099
-0.009760
-0.021109
0.024557
0.023695
0.010483
0.002205
0.005265
-0.008837
0.002878
-0.055131
-0.034293
0.045835
-0.035379
-0.022136
-0.008268
-0.019060
-0.009847
0.045374
0.041576
0.002743
0.003986
-0.019100
-0.009676
0.012459
0.034690
-0.017560
0.038206
-0.007692
-0.038605
-0.025446
-0.027956
-0.010107
-0.030986
-0.014818
0.006553
0.074024
0.016607
-0.022265
0.042504
0.006079
-0.002467
-0.029914
-0.016569
-0.000933
-0.010860
0.015187
0.039513
-0.031998
-0.014034
-0.021966
-0.025826
-0.013053
0.011409
0.003483
-0.044387
0.018227
-0.010570
0.052039
-0.014197
0.014860
0.028402
-0.054339
-0.058776
-0.020078
-0.021054
-0.041600
-0.029022
0.001405
-0.028605
-0.045828
0.013596
-0.040369
-0.045254
-0.010334
0.007257
-0.014950
0.059081
-0.010615
0.008565
0.027950
-0.022340
-0.019187
0.004761
0.032095
0.021402
-0.001678
0.053947
-0.018554
0.036054
-0.003139
-0.015341
-0.041984
0.027740
-0.009026
-0.038493
-0.006558
0.016729
0.059255
-0.062289
-0.010226
0.010575
0.025344
-0.022335
0.028614
0.022107
0.026577
0.020366
0.038351
0.025989
0.008102
0.002945
0.016040
0.032703
0.026108
-0.014614
-0.006369
0.018995
0.035765
0.063711
0.009928
-0.020353
-0.005295
0.023460
-0.029788
0.041441
-0.020301
0.006950
-0.062147
-0.018105
0.000738
0.067962
-0.025324
0.043939
-0.022517
0.013799
0.005618
0.017733
0.012054
0.028197
0.011120
-0.041717
0.005160
-0.041249
-0.051718
-0.041101
-0.037653
-0.033513
-0.051808
0.021862
0.025310
-0.015945
-0.031401
0.011191
-0.001939
-0.038981
-0.005823
0.000431
0.022860
0.009058
0.006661
0.011711
-0.026203
-0.012956
0.007144
-0.010438
-0.018534
-0.004809
-0.006131
0.016627
0.004058
0.004075
0.013803
-0.040886
0.008693
0.009486
-0.010386
-0.002646
0.026926
-0.022902
0.005255
-0.016419
-0.010206
-0.003488
-0.004372
0.014352
-0.008098
-0.001082
0.007479
-0.015009
-0.017876
-0.011392
0.019088
0.019133
-0.029611
0.051090
0.013291
-0.017281
-0.006408
-0.013671
-0.009782
-0.006090
0.002298
-0.002854
-0.009111
-0.011061
0.009225
0.000324
-0.017132
-0.005774
-0.011031
-0.005321
-0.021955
-0.006465
-0.011206
0.007625
-0.027273
0.000109
-0.001564
-0.033314
-0.019535
0.004229
0.010546
-0.016189
-0.002626
-0.011039
-0.016023
-0.017883
0.004406
0.007424
-0.025418
-0.017781
0.002195
0.017993
-0.031024
-0.008119
-0.014438
0.002205
-0.007053
-0.001186
-0.009698
-0.015864
-0.009256
-0.020665
-0.014211
-0.010961
0.006144
0.009811
0.015262
-0.002750
0.014462
0.002669
0.003360
0.021936
-0.011308
0.006870
-0.018174
-0.006053
-0.011871
-0.014336
0.025669
-0.012256
-0.010975
0.005623
0.007991
0.034699
-0.033801
-0.012424
0.004508
0.016131
-0.003211
-0.004673
0.011543
0.019697
-0.013913
0.005824
-0.003617
-0.041961
0.021358
0.016808
-0.013986
0.051921
-0.017213
0.022246
0.014742
-0.015167
0.020437
-0.014809
0.027711
-0.033019
-0.000008
-0.001671
-0.001750
-0.000073
-0.010624
-0.004812
-0.015906
0.023137
0.001347
-0.002984
0.012071
0.005582
-0.000167
-0.009694
-0.019859
0.015513
0.017786
0.015860
-0.002569
-0.023321
-0.015902
0.044964
0.011861
0.026071
-0.012197
0.018565
0.010552
-0.007938
-0.020463
0.002915
-0.018431
0.036825
0.005206
0.006727
0.000855
0.004220
-0.012508
-0.040535
0.011878
-0.029722
0.002305
0.011616
-0.004869
0.002185
-0.007455
0.036304
0.005166
-0.010035
-0.003017
-0.004542
0.012243
-0.004846
0.023890
-0.017864
-0.018009
-0.025723
0.014170
-0.005676
0.005645
0.021048
0.035541
0.017172
0.014835
-0.012542
0.025586
0.010964
-0.018530
-0.025577
-0.005221
-0.050618
-0.027260
0.028320
0.004175
-0.009507
0.011241
-0.003302
0.003613
0.014853
0.023582
0.011979
-0.015851
0.023537
-0.000547
-0.004595
0.033044
-0.002276
-0.023771
0.002362
-0.025651
-0.021399
-0.009239
-0.021638
-0.010614
-0.002577
0.004860
0.012730
-0.004368
0.021808
-0.022217
-0.001301
-0.004631
-0.017569
-0.001305
0.028550
-0.002281
-0.018874
0.030100
0.013037
0.013878
0.006253
-0.006136
-0.018242
0.036947
0.006374
-0.009673
-0.025361
-0.002326
0.002943
-0.008258
0.027702
0.017524
0.033732
-0.024495
-0.015407
0.038720
-0.009296
0.000390
0.019813
0.001010
-0.002364
-0.044796
0.026250
-0.032226
-0.001537
0.007513
-0.021569
-0.026457
-0.005408
-0.034448
0.007124
-0.009546
-0.014521
0.006455
-0.023269
0.015716
0.014389
0.012828
-0.021893
0.011959
0.004821
0.019378
0.015613
0.023222
0.033495
0.030845
-0.014132
-0.010494
0.012115
-0.005511
0.005981
0.044213
0.018101
0.017894
0.019817
0.020282
0.003871
0.011959
-0.016929
-0.012191
0.011058
-0.011390
0.025644
0.007665
-0.016317
-0.000421
0.004729
0.013837
-0.007438
-0.006831
0.035543
0.013966
-0.022800
-0.015728
-0.001430
0.012021
0.028573
-0.017825
-0.001366
-0.006169
-0.023244
-0.034601
-0.011685
-0.011294
-0.002479
0.019185
-0.010053
-0.000217
0.002988
-0.029247
-0.004515
0.015208
-0.016418
0.013833
-0.020519
0.017658
-0.013103
0.036526
-0.003300
0.011009
-0.026441
0.003301
-0.024856
-0.024940
-0.012343
0.008320
-0.003526
-0.025689
-0.016703
-0.001481
-0.020822
0.027899
0.028595
-0.025286
-0.002574
-0.030563
0.015055
0.035820
0.023169
0.006644
0.004878
-0.016863
-0.018431
0.003155
0.004386
0.013865
-0.020601
0.027960
-0.009700
0.023797
0.000704
-0.011611
-0.007552
-0.017686
0.007281
-0.013735
0.004323
0.001428
0.020174
0.006060
0.013169
-0.000950
0.016668
-0.002458
-0.028097
-0.008556
0.001324
-0.001246
-0.015059
-0.008277
-0.010187
-0.002601
0.020886
-0.017880
0.022703
-0.011019
-0.014291
0.025246
-0.005838
0.032012
-0.021347
0.035070
-0.062410
0.010480
-0.013604
-0.011193
0.031988
0.007076
-0.013579
-0.002402
0.029684
-0.015366
0.072569
-0.006716
0.006403
0.020161
0.005894
-0.022204
-0.017304
0.034719
-0.027228
0.012174
0.014274
0.015014
-0.024490
-0.017016
0.013251
-0.015842
-0.008867
0.026927
0.030236
-0.026782
-0.038666
-0.011597
0.008780
0.006039
0.027687
0.016743
0.000670
0.015786
-0.046466
0.010275
-0.016815
-0.000128
-0.009938
0.037384
0.000214
0.026757
-0.014777
-0.050944
-0.032643
-0.001064
-0.002582
-0.002074
-0.005948
0.015318
-0.003427
0.016193
-0.043822
-0.012030
0.019518
-0.021193
0.002166
-0.002022
-0.006041
-0.008034
-0.000501
0.003145
-0.037192
-0.003072
0.007626
0.012219
-0.006305
0.015566
-0.008993
-0.024840
-0.001787
-0.015039
-0.006695
0.013931
0.029384
-0.030729
0.013098
0.024097
-0.000216
0.076560
-0.003409
0.021476
0.017384
-0.023846
0.015967
0.004277
0.008247
0.037491
-0.018147
0.011554
-0.005238
0.048097
-0.010275
0.019000
0.003887
0.005840
-0.031967
0.009384
0.001756
0.024090
0.011821
-0.013357
0.016167
0.038814
-0.014975
-0.025097
-0.050528
-0.017158
-0.003704
0.022407
0.008015
0.004133
0.040392
0.031812
-0.020937
-0.002549
0.076833
-0.021113
0.064145
0.015049
-0.015542
0.010218
-0.020978
0.002131
0.009977
0.000410
0.005331
-0.036851
0.008398
-0.038980
0.011647
0.009626
0.019030
-0.021624
-0.006125
0.031742
-0.007345
0.005359
-0.017358
-0.071272
0.050866
0.003554
-0.016638
0.031026
0.013312
-0.024158
-0.001266
-0.012009
-0.022302
-0.019227
0.000273
-0.021842
0.013543
0.013342
-0.030524
0.014268
-0.028055
-0.032875
-0.022220
0.004841
-0.012890
0.027562
-0.014504
-0.015227
0.016512
-0.010752
-0.028143
0.026682
0.033430
0.024620
0.021930
-0.043064
-0.009251
0.014467
-0.053864
0.025891
0.041135
0.044185
-0.014707
0.007270
-0.001923
0.002393
0.019479
-0.042897
-0.014361
-0.026249
0.024279
-0.024991
0.034322
0.005378
-0.021234
0.011590
-0.049166
-0.010771
0.004693
-0.001225
-0.030279
0.017029
0.000383
0.017957
-0.027035
-0.011739
0.013978
-0.043845
-0.019244
-0.013508
0.003376
0.014721
-0.019409
-0.014041
0.014670
-0.033634
-0.007777
-0.012990
0.021887
-0.045451
0.019987
0.014668
-0.023102
-0.020770
0.009794
0.014063
0.010960
0.002721
-0.016269
0.030376
-0.010786
0.015946
0.009825
0.022306
-0.032210
-0.007627
-0.009640
0.002162
0.044945
0.026668
-0.004903
-0.020603
0.007272
-0.045325
-0.001501
-0.012581
-0.004595
0.045824
-0.008913
-0.008891
0.028634
0.004955
-0.009758
0.001295
-0.004400
-0.021641
-0.026006
0.010723
0.007253
0.006774
-0.006193
-0.021037
0.009768
0.017496
-0.024691
0.033210
0.007458
0.029206
-0.019918
0.011588
0.035179
0.020260
-0.015546
0.013079
-0.026220
0.006885
0.004291
0.000159
0.015411
-0.001021
-0.033185
0.019175
-0.010110
-0.015718
-0.001572
0.018282
0.007701
0.003342
0.003950
-0.007033
0.005422
-0.037863
-0.001439
0.027928
-0.019621
0.013703
-0.008686
-0.056037
0.014879
-0.000649
-0.015667
0.002031
0.001754
-0.011632
-0.005339
-0.002401
-0.002479
0.005889
0.026404
-0.018649
-0.002399
0.005971
-0.006404
-0.002307
-0.011348
-0.022764
0.026531
-0.000347
-0.023395
-0.003304
-0.006071
0.009973
-0.040495
-0.020994
-0.019794
-0.013964
0.016759
0.009770
-0.037501
0.018156
-0.012589
-0.011810
0.018170
-0.006840
-0.012989
0.008703
-0.046710
-0.003690
-0.002310
-0.014128
-0.003394
-0.005133
0.011700
-0.008407
-0.024441
0.015553
0.004588
-0.021491
0.009240
0.018012
0.007439
0.010657
0.001977
-0.008047
-0.003820
0.007996
-0.020822
0.002128
-0.005347
-0.005308
-0.006291
0.005760
0.001971
-0.005445
-0.046189
-0.007882
0.031252
0.012480
-0.002484
0.011586
-0.010665
0.020672
0.009848
0.012013
0.028270
-0.000080
-0.005846
-0.009804
-0.017255
0.010935
-0.002955
-0.005159
-0.006159
-0.001955
0.027050
-0.017780
0.022680
-0.006003
0.007804
-0.000822
0.014074
0.006090
-0.016695
0.002066
-0.006750
0.029100
-0.021247
0.034712
-0.018452
0.002677
-0.025845
0.011043
0.008972
0.008465
-0.017448
0.009259
-0.003627
0.009382
0.005766
0.020815
-0.002170
-0.002607
-0.015856
-0.009225
-0.011501
0.009694
0.024903
0.001590
-0.025866
-0.008098
0.004044
-0.018239
0.003160
0.008162
-0.015203
-0.014782
-0.001122
-0.018439
0.013307
0.001239
0.009907
-0.037451
0.002364
0.046913
-0.011616
-0.023077
0.001767
0.005095
-0.019896
-0.043333
-0.003313
-0.004041
0.004655
-0.026781
-0.003918
0.007886
0.003333
-0.039985
-0.000816
0.020431
-0.041620
0.003376
0.002651
-0.008515
-0.027266
-0.003495
-0.005998
-0.033706
0.019262
0.010233
-0.018906
-0.030504
0.008460
0.039115
0.016047
-0.013341
0.010887
-0.002381
0.011202
0.012217
0.017167
0.013333
-0.005133
0.016515
-0.025262
0.010285
-0.011262
0.007223
-0.001072
0.001329
0.012111
-0.010221
0.023790
-0.031578
0.010455
-0.016402
0.013777
0.020833
0.008583
0.002224
-0.005447
-0.009989
-0.026462
0.005036
-0.014577
-0.006063
0.002881
0.027877
-0.009051
-0.009468
-0.026821
0.003130
-0.013788
0.009269
0.000536
-0.024847
-0.009697
0.003495
0.013513
0.009857
-0.016380
-0.005148
-0.002090
0.008736
-0.005048
0.002228
-0.008176
-0.006501
-0.000896
0.020592
-0.031773
0.002176
-0.021712
-0.024427
-0.010719
-0.000309
0.010159
0.015675
-0.010444
0.011384
-0.001264
0.019814
0.017079
-0.009206
0.009823
-0.022144
0.002525
-0.002934
0.021112
-0.010915
-0.009939
-0.010193
-0.004615
0.009796
0.000995
0.001410
0.003502
-0.010405
-0.000760
-0.006299
0.014020
0.024519
-0.024291
0.018372
0.005801
0.022115
0.013861
0.005182
0.022676
-0.036658
-0.003028
-0.017936
0.001713
0.013761
0.007927
0.005059
-0.004962
-0.003237
-0.011922
0.002436
0.002706
0.021650
0.015497
0.017320
0.006408
-0.001760
0.007343
0.014019
-0.008028
-0.015321
-0.017920
-0.014140
0.014426
-0.007021
-0.017414
0.004825
0.000010
0.010037
-0.010028
-0.002261
-0.004297
0.000410
-0.012529
-0.006696
-0.004249
0.004422
-0.014878
0.011173
-0.001371
-0.028731
-0.019634
0.001095
0.020324
-0.001435
0.019856
-0.019124
0.003007
-0.017621
0.006254
0.043372
0.012586
-0.024793
0.004333
-0.000398
-0.012884
0.022148
0.012747
-0.001004
0.001582
-0.031581
0.002918
-0.007543
0.002381
0.007359
0.018926
0.002960
-0.011183
0.015904
0.019838
-0.019207
-0.028748
-0.009018
-0.034103
0.003507
-0.014563
0.000105
0.056091
0.018080
-0.011012
-0.007728
-0.012371
-0.052260
0.049148
-0.031691
-0.029977
0.041802
0.005126
-0.034192
0.019785
0.013566
-0.023167
-0.002399
-0.016714
0.021312
0.016892
-0.024298
-0.022138
0.034291
0.009247
-0.034615
0.018629
0.015477
0.003086
0.002962
0.019166
-0.050699
0.024454
-0.003566
0.007558
0.075311
-0.006826
0.031878
0.002481
-0.002854
-0.028860
0.003784
0.002196
0.016178
-0.006828
-0.009840
-0.008134
0.055870
-0.003348
0.015067
0.002967
0.009268
-0.010214
0.039640
0.063989
-0.007588
0.035395
-0.023172
0.018748
-0.002163
-0.037179
-0.002047
-0.006182
-0.014173
0.005918
0.014652
0.030211
0.024548
-0.030301
-0.058840
-0.028041
0.014839
0.016364
-0.017529
0.019419
0.014057
-0.007034
-0.039153
-0.000982
-0.023216
0.008896
-0.032422
-0.018394
-0.013663
-0.000017
-0.037647
0.025218
-0.040531
-0.018925
0.003822
0.008997
0.020648
0.020097
0.017551
-0.014110
-0.014993
0.015810
0.006545
0.023567
0.048092
0.011692
-0.048175
0.003762
0.046643
0.050970
-0.042017
-0.020328
0.025785
-0.010383
0.040849
0.026368
-0.016498
-0.031620
-0.012174
0.042202
0.024651
-0.022995
-0.003404
-0.020024
-0.009718
-0.045817
0.019284
0.010287
0.020157
0.003000
0.017850
0.047414
-0.005288
0.040580
0.015425
-0.018351
0.014404
0.013496
0.000990
0.025843
-0.033014
0.022542
0.016562
0.000838
-0.002512
0.036926
0.007834
0.039704
0.015950
0.014026
-0.025102
-0.001440
0.023980
0.002233
-0.006681
0.018412
0.007643
0.035771
-0.000115
0.006886
-0.015053
0.029155
0.021155
-0.003481
0.013060
0.021103
-0.020943
0.025043
0.028276
0.014823
0.033096
-0.034493
-0.005650
-0.028460
-0.014950
0.011813
0.033810
-0.063110
0.002194
0.056074
0.031291
0.018672
-0.027158
-0.000042
0.006915
0.002389
-0.042158
-0.036580
0.050074
-0.001119
-0.018252
0.026009
-0.038466
-0.038233
0.011256
0.041567
0.018439
0.013428
-0.007645
-0.001789
0.046246
0.010629
-0.009901
0.033673
-0.033149
-0.043203
0.011009
-0.042615
0.060117
-0.075254
-0.047646
0.023323
-0.001916
0.022216
-0.003688
0.013972
-0.017196
0.002354
-0.015665
0.040416
-0.056827
0.026460
-0.019941
-0.019483
-0.011870
-0.034362
0.001839
-0.021460
0.001388
-0.000195
-0.023701
-0.025252
-0.001101
0.016251
-0.036031
-0.012036
0.023808
-0.035948
0.031164
0.017485
0.005844
-0.005075
0.016785
0.003597
-0.028834
-0.027717
-0.007471
-0.002408
0.002283
-0.009010
0.001217
-0.013837
0.018673
0.021947
0.006071
0.000063
-0.001139
-0.007964
-0.005609
-0.027741
-0.015756
0.023101
-0.012240
0.000840
0.012109
0.040166
0.023049
-0.001859
-0.008116
0.004804
-0.025331
0.008776
0.009123
-0.004561
-0.010060
-0.005453
-0.005769
-0.005293
0.012071
-0.014753
-0.021713
0.008241
-0.020229
0.025831
-0.002198
-0.006644
0.006514
0.024191
0.004943
0.011074
-0.007322
-0.001718
0.031838
-0.007683
-0.008870
-0.002417
-0.000136
-0.013468
-0.009080
-0.025582
0.024201
0.005531
0.001295
-0.015828
0.044629
0.019564
-0.033332
-0.001588
0.006885
-0.009342
0.005419
0.022061
0.027203
-0.026833
0.015566
-0.009326
0.013884
0.011985
0.001515
-0.044689
0.011987
-0.011813
-0.012932
-0.052784
0.008040
-0.021091
-0.005846
0.025397
-0.035773
-0.011736
0.018526
0.005865
-0.002446
-0.008657
-0.018038
0.035950
-0.003929
-0.016778
-0.010993
0.031154
0.012035
-0.023739
-0.001381
-0.022060
-0.022884
-0.005512
-0.016118
-0.004915
-0.004333
-0.002707
0.012802
-0.018252
0.022865
0.010334
0.024823
0.015940
-0.000581
-0.041040
0.014563
-0.020055
-0.037065
-0.034052
-0.004219
-0.006141
0.009352
0.018892
-0.033067
-0.003215
-0.006178
0.015761
0.002337
-0.015083
0.003814
-0.022255
0.026160
0.012785
0.040533
0.001671
0.012935
0.028810
-0.008500
-0.004869
0.008670
0.011474
0.003233
-0.028634
-0.021837
0.017147
-0.001536
-0.035036
-0.016745
-0.010638
0.041931
-0.010145
0.009104
-0.003884
-0.035743
0.000104
-0.006298
0.007047
0.006374
-0.061948
-0.020631
0.006299
-0.002723
0.019041
-0.043227
-0.012701
-0.021106
0.002262
0.016585
0.036019
0.039912
0.018428
-0.034830
0.032030
-0.005059
-0.036671
0.012352
0.001210
-0.056172
0.016499
0.017680
0.018969
-0.013387
0.019255
0.031358
0.010960
-0.021907
0.023780
0.033961
0.020059
0.034857
-0.018289
0.040341
-0.050477
0.011652
0.007825
-0.054606
0.015258
0.015552
-0.024142
-0.000831
0.018130
-0.020150
0.039177
0.014142
-0.046503
-0.011158
-0.021832
0.007962
-0.033482
-0.023538
-0.000721
-0.034140
0.034231
-0.015211
-0.021810
-0.018053
-0.016986
0.012519
-0.015639
-0.005094
0.000044
-0.031668
-0.003863
-0.010993
-0.029398
-0.013327
-0.026922
-0.000275
-0.006885
-0.016007
-0.017431
-0.017463
0.035790
0.020510
-0.024940
0.002655
0.016812
-0.005441
0.021489
-0.028462
0.002196
-0.042222
-0.012303
0.028840
0.059386
-0.012153
0.021132
-0.001340
0.025580
-0.030344
0.033966
-0.056373
-0.001162
-0.039687
0.009197
0.012663
-0.028033
-0.013277
0.014528
-0.021002
-0.025056
0.007786
-0.019007
0.019682
0.015216
-0.036798
0.005785
-0.011780
-0.009280
0.017148
0.043141
0.027942
-0.000664
0.041481
-0.025353
-0.026071
-0.048838
-0.005141
-0.001585
0.031358
0.002591
0.020157
0.045093
0.017642
-0.018944
-0.013542
-0.004428
-0.005903
0.007519
0.003214
0.033866
-0.023501
0.005104
-0.006691
-0.002587
-0.010618
-0.005573
0.016983
-0.007046
0.032664
0.018689
0.028923
-0.006614
-0.023622
0.002202
-0.015481
-0.017347
-0.000044
-0.000855
-0.022935
-0.052768
0.007162
0.005266
-0.017508
-0.014932
-0.019787
-0.015956
0.005313
-0.018147
-0.008220
-0.017430
0.008025
-0.015248
-0.032993
-0.023656
0.007233
0.031118
-0.008455
0.009920
0.015033
0.000796
-0.014755
0.016062
-0.026329
-0.015897
0.023436
-0.019011
0.024206
-0.039145
-0.009478
0.014224
-0.018465
0.040527
0.000344
0.031252
0.021784
0.028116
0.013165
-0.021910
0.031177
0.024058
0.025748
0.012597
-0.028596
-0.028931
0.016546
-0.020754
-0.005707
0.007016
-0.003671
0.001470
0.026067
0.031227
0.004794
-0.032254
0.034486
0.027305
0.024458
0.004335
-0.002457
0.004555
-0.002238
0.045843
-0.011842
-0.037758
0.015543
0.028856
0.039357
0.001537
0.043026
-0.037503
0.002410
-0.005679
0.058111
-0.000139
-0.052350
-0.005020
0.028732
-0.012853
0.040194
0.000003
-0.012398
-0.060080
-0.019101
0.037733
-0.006892
-0.005285
0.009119
0.009166
-0.035379
0.045472
-0.037591
0.020556
0.023116
0.018701
0.000156
0.054520
0.032543
0.033757
0.092530
0.027448
0.027506
-0.016011
0.059330
-0.020708
0.007666
-0.001121
-0.030074
0.007589
-0.048586
-0.031097
-0.001848
0.002245
-0.001229
0.026609
-0.032947
0.013137
0.008894
-0.029276
-0.032546
0.034792
-0.058936
-0.033786
0.005239
0.007204
0.007519
0.014435
-0.013777
0.020273
-0.003702
0.011643
-0.012717
-0.036559
0.096069
0.023886
-0.019938
0.017658
0.023974
-0.023361
0.026046
0.000607
0.032683
0.031115
-0.025213
-0.003168
0.050148
0.021420
-0.009026
-0.016332
0.004916
0.017928
0.009230
-0.068739
0.006617
0.011337
-0.004739
-0.024592
-0.022904
0.004873
0.002747
0.010832
-0.019184
0.025286
-0.008906
-0.034147
0.042996
0.047037
-0.026081
-0.030720
0.025343
-0.037644
0.012210
0.018801
-0.022816
-0.020832
-0.046796
0.005354
-0.011460
0.021273
-0.000611
-0.008513
0.020042
-0.015953
0.015743
-0.032624
-0.067811
0.021637
-0.001710
0.019065
-0.029898
0.019387
0.018053
-0.013675
-0.016687
-0.023277
-0.030384
0.032455
-0.003490
0.000747
-0.000616
0.001798
0.012221
-0.000278
-0.006567
0.008896
-0.013037
0.043092
0.027250
-0.010644
-0.003622
-0.002331
0.001133
0.000991
0.013311
0.018771
0.014040
0.027018
0.007232
0.013364
-0.014065
-0.021363
0.006116
-0.015952
-0.008021
0.010424
0.018097
-0.004751
-0.031389
0.005350
0.039961
-0.031421
-0.001010
-0.002845
0.005072
-0.016830
-0.003433
-0.017377
-0.005823
-0.003073
0.003620
-0.006467
-0.000734
0.005166
-0.016362
-0.012735
0.001410
0.022910
-0.011338
-0.023307
-0.023273
-0.028153
-0.032347
-0.004316
0.013760
-0.016022
0.031766
0.020689
0.009476
-0.003551
0.010956
0.011543
0.012138
0.017234
-0.013520
-0.000970
-0.014982
0.006081
-0.003518
0.019309
0.027014
0.006598
-0.017509
0.028972
0.024724
0.021388
0.008741
0.042695
-0.010453
-0.003043
0.002092
0.014376
0.010672
0.037727
0.040426
-0.009232
0.028066
-0.008430
0.022755
0.046779
0.001185
0.011846
-0.002408
-0.006225
0.035036
0.002880
0.012063
-0.010906
-0.027269
0.008408
-0.008843
-0.023476
0.014611
-0.020866
-0.030001
0.025777
0.010668
-0.022113
-0.027455
-0.010410
0.017738
0.006787
0.000627
0.026474
0.010009
0.026075
-0.008231
0.003973
-0.019575
0.011117
0.025525
-0.005932
-0.032966
-0.001919
0.008045
0.023621
0.013677
0.014470
0.007827
-0.009287
0.016072
0.016224
0.013226
-0.012247
-0.010240
-0.010581
-0.015789
0.006996
0.004386
-0.005851
-0.030348
-0.000900
-0.058853
-0.021201
0.009548
0.012457
0.008749
-0.017311
0.015859
0.018288
-0.027279
0.020478
-0.018133
-0.007848
-0.036307
0.003487
-0.015328
0.010262
-0.009179
0.005718
-0.000913
0.023375
-0.036345
-0.012608
-0.010004
0.031456
0.007786
0.039172
-0.000844
-0.016979
-0.003541
0.024788
-0.003272
-0.004230
-0.000840
-0.003970
0.021372
-0.031897
0.029019
0.015567
0.009735
0.009615
-0.012618
0.035140
-0.009904
0.022601
-0.043244
0.011983
-0.009641
0.009321
-0.010859
-0.001310
0.026859
0.040740
0.030585
-0.016545
-0.012046
0.014497
0.027726
0.036571
0.021433
-0.011925
-0.024854
0.041925
0.024760
-0.017578
0.016262
-0.012863
0.000800
0.010634
-0.004157
0.014292
-0.023855
0.002427
0.017838
-0.008713
0.016449
-0.015912
-0.019596
-0.003197
-0.010490
-0.050039
0.026776
-0.042126
0.023934
0.000313
-0.003482
-0.015258
-0.040830
0.012898
0.025836
0.006889
0.002588
-0.003139
-0.012689
-0.006422
0.022208
-0.009379
-0.003758
0.015273
0.026926
-0.002894
0.024866
0.013611
-0.039909
-0.013759
-0.040351
0.007805
-0.012060
0.009195
-0.002142
-0.017385
0.014496
0.014188
0.013088
-0.000514
0.009680
-0.006342
0.013433
-0.003517
0.024860
0.063036
0.017148
-0.010688
-0.009171
-0.008018
-0.048232
-0.059116
-0.026437
-0.000592
0.018365
0.007646
0.000435
-0.020526
-0.019492
-0.001833
-0.015444
-0.014008
-0.001927
-0.012960
0.035690
-0.035248
0.010632
0.005843
-0.025167
0.029595
-0.009846
0.014694
-0.000768
0.020174
0.061102
0.018567
-0.002438
-0.028881
0.040996
0.060576
-0.002099
-0.080440
0.013430
0.008002
0.043552
-0.059058
-0.008683
0.006077
-0.026842
0.035380
0.004071
-0.051307
0.012503
0.009425
-0.039527
-0.005986
0.037302
0.043798
-0.054014
-0.088725
-0.014446
-0.014510
-0.007803
-0.022034
-0.012614
-0.017401
-0.011526
-0.004817
0.056481
-0.046565
0.015604
0.046448
-0.071615
-0.004595
0.010223
-0.016692
0.020416
-0.008435
-0.027342
-0.053219
0.033926
-0.036131
0.012636
0.005173
0.030726
-0.035606
0.013706
0.022297
-0.036323
-0.005471
-0.024205
0.011112
-0.035984
-0.031610
0.036648
0.009035
-0.021125
-0.020897
0.056677
0.054150
-0.010494
0.043201
-0.024386
0.022521
0.031813
0.021604
-0.005497
0.063599
-0.019698
-0.013508
-0.068680
0.010287
-0.009244
0.001276
0.034774
0.037933
0.015526
0.000982
-0.017593
0.036598
-0.009927
-0.020985
-0.022305
-0.045600
-0.030983
0.006866
-0.026981
-0.027466
-0.001052
-0.013355
-0.014205
0.001108
0.028982
-0.014277
0.028333
-0.029301
-0.037389
-0.023257
0.000231
-0.004506
-0.006572
0.011808
-0.003539
-0.005384
-0.003981
0.005247
-0.000082
-0.002553
-0.013506
0.047374
0.024663
-0.014301
0.029800
-0.002207
-0.008527
0.046978
0.027584
0.006788
0.040099
-0.005157
0.013674
-0.001802
-0.009846
0.000734
-0.018078
-0.041490
-0.010949
-0.003123
-0.033793
0.000896
0.057568
0.007778
0.028117
0.017963
0.004930
0.007615
-0.003398
0.018065
0.009384
-0.012518
0.018710
-0.014376
-0.012402
0.010231
-0.031546
0.006609
0.027195
-0.013027
-0.001726
-0.007657
0.049757
-0.005646
-0.031890
-0.012342
0.034418
-0.001877
-0.019599
-0.009436
0.018863
0.012782
0.010755
0.002056
0.010577
0.003222
-0.007782
-0.012034
-0.001989
0.000623
0.026739
-0.004285
0.010790
0.020860
-0.027364
-0.025783
0.013127
0.027512
0.014547
-0.010383
-0.016400
-0.016642
0.019943
-0.033948
-0.016160
-0.013287
0.021238
-0.026901
0.018674
-0.015947
0.005020
0.009402
-0.025434
0.011955
-0.010317
-0.010909
-0.009001
0.005165
-0.031254
0.002880
-0.007244
-0.035614
0.018331
0.002576
0.022480
-0.011125
0.001353
0.004937
0.003988
0.013974
-0.019038
-0.007050
-0.016040
0.001675
0.013156
-0.022154
0.010410
0.013871
0.012410
-0.026072
0.042318
0.012069
0.010124
0.020315
0.004144
-0.002617
-0.028218
-0.003762
-0.010217
-0.019669
-0.042724
-0.008761
-0.021591
0.004794
-0.002652
0.002444
-0.027266
0.006788
-0.021369
-0.015588
-0.011707
0.023977
-0.009326
0.009626
-0.058515
0.017758
0.008609
-0.034127
-0.016946
0.030905
-0.024985
-0.015660
-0.011266
-0.050121
-0.016976
-0.046459
0.010656
0.006251
0.008234
-0.020965
0.013214
0.002421
-0.034806
-0.028863
-0.034565
-0.036608
0.005467
0.007431
-0.003075
-0.008025
0.002684
-0.000923
-0.009682
0.003977
0.018476
-0.033265
-0.019657
0.016582
-0.018207
-0.048416
0.003914
-0.005664
-0.003402
-0.038476
-0.004457
-0.010345
0.002210
0.000970
-0.024168
-0.035551
-0.029499
0.011089
0.024900
0.030151
0.006695
-0.003306
-0.003245
0.026034
-0.033358
0.024601
-0.007420
-0.009692
0.006763
-0.003455
-0.013958
-0.013896
-0.015803
-0.080535
0.021257
0.011036
0.018401
0.012077
0.010426
0.035631
-0.018394
0.001818
-0.033832
-0.007261
-0.022909
0.009491
0.009381
-0.022522
-0.016180
-0.034148
0.032150
-0.013577
-0.038302
0.002653
0.008560
0.038787
0.004522
0.004498
-0.033334
0.016828
0.020868
0.006230
0.001088
0.001438
0.015391
-0.029595
-0.028206
-0.017310
0.006998
-0.038349
0.005449
0.033167
0.021369
0.011633
-0.032531
-0.013148
-0.022592
-0.005520
-0.000252
-0.022856
-0.001483
0.004342
0.013560
-0.054834
0.002128
-0.006423
0.017352
-0.003078
0.001319
-0.004626
0.016739
-0.025485
-0.009851
0.010176
-0.030874
-0.015559
-0.001132
-0.002234
0.014006
0.012776
-0.001268
-0.000372
-0.035836
-0.005950
-0.016471
-0.000751
-0.021120
-0.004709
0.014091
-0.000825
-0.043602
-0.017092
0.011830
0.008866
-0.005777
0.000303
-0.019675
0.012748
-0.018652
0.023038
-0.001828
-0.012164
-0.043700
-0.008923
0.004096
0.012196
-0.014828
-0.000414
0.010773
0.014206
0.028225
0.038273
0.024215
-0.001734
-0.007236
0.011953
0.011372
-0.026937
0.021841
0.023061
0.001574
0.046814
-0.025250
0.010356
0.007767
0.032456
-0.012405
-0.033000
0.004813
0.001260
0.036952
0.040112
-0.014317
0.012491
-0.009975
-0.024216
-0.018468
0.014423
0.028169
-0.046464
0.055196
-0.015731
0.013018
-0.013818
0.007298
-0.011788
0.049674
0.007383
0.015727
0.045276
0.025524
0.015936
0.002137
0.030592
0.018904
-0.004488
0.019723
-0.019106
-0.012252
-0.031201
0.004335
0.005475
0.022641
0.005394
0.009209
-0.010339
-0.001029
0.032979
0.031495
0.032218
0.007078
0.029750
0.024478
-0.000508
-0.011105
-0.009187
-0.027937
0.031019
-0.049697
0.017923
0.000671
0.006286
0.000261
0.004095
-0.037161
-0.028928
0.038121
-0.051138
0.003002
0.016312
-0.022366
0.015038
0.018023
0.006388
0.017653
0.014310
0.020295
0.019419
0.011947
-0.024647
-0.012620
-0.016467
-0.003471
-0.034421
0.026467
-0.026979
-0.036859
0.029384
-0.027958
0.014428
0.029851
0.040807
-0.012716
-0.056514
-0.013350
0.015697
-0.006010
0.027150
0.035819
-0.012869
0.014127
-0.011395
-0.047571
0.033286
-0.045887
0.003136
-0.012067
-0.006038
0.019828
-0.009491
-0.001704
0.003669
0.040142
-0.029750
-0.051525
0.022446
0.018654
-0.036617
0.009026
0.033935
0.030458
0.037092
-0.037287
-0.007409
0.057294
0.007051
0.023185
-0.045651
0.024869
-0.051743
0.001672
0.024158
0.006116
0.033227
-0.052030
-0.005379
-0.018968
-0.029161
-0.015059
-0.013100
0.016999
-0.016734
-0.025981
0.014649
0.031901
-0.030259
-0.031723
-0.007454
-0.038265
-0.017155
-0.032878
-0.028828
-0.013306
-0.028739
0.021857
-0.023700
-0.001196
-0.008323
-0.031896
-0.023534
-0.002911
0.032465
-0.027712
-0.009823
0.011033
-0.016094
-0.017710
0.021682
0.008714
0.019888
-0.001984
-0.003010
0.031146
-0.020944
0.060730
0.003945
-0.033642
0.060114
0.001947
0.032712
-0.038289
0.020136
0.022393
0.042796
0.015131
0.079338
-0.015122
0.019445
-0.004456
-0.011076
0.019891
-0.017681
-0.032862
0.027991
0.017860
-0.040112
-0.017032
-0.013267
0.036286
-0.019091
0.011948
0.028016
0.016047
0.002443
-0.029876
0.017663
-0.016784
0.023276
-0.031420
-0.018863
-0.033339
-0.025690
0.014756
0.008338
-0.005785
-0.004173
-0.006149
-0.007145
-0.011008
0.006220
0.002993
0.015964
-0.008710
-0.005802
-0.023029
0.002532
-0.050333
0.008694
-0.003265
0.001317
0.015375
0.024439
0.017592
-0.031335
0.010910
-0.011105
0.009263
0.011133
-0.003049
-0.010845
0.032315
-0.015565
0.000660
0.008821
-0.018652
-0.022483
-0.009005
-0.008715
0.007540
-0.002724
-0.019996
-0.016845
-0.003679
-0.023537
0.009580
0.004108
-0.011050
0.009458
0.013802
0.000001
0.014010
-0.021887
0.030830
0.012707
0.011107
0.000728
0.001025
0.015612
0.024611
-0.006360
0.018147
-0.035055
-0.018376
-0.021569
-0.026702
-0.018320
-0.005424
0.021948
0.033474
0.024119
-0.021253
-0.001683
-0.003512
-0.014082
-0.010479
-0.014853
-0.019020
0.008237
0.021781
0.014261
0.010628
0.009830
-0.011057
0.003226
-0.012659
-0.043079
-0.001411
0.006267
-0.019641
-0.024114
0.014919
0.005395
-0.010476
0.021971
0.018414
0.023301
-0.011291
0.015791
-0.004480
-0.012673
0.028200
0.004000
0.010192
-0.006066
-0.014473
-0.006613
0.011653
0.015998
-0.014047
0.001371
0.019765
-0.032877
0.014678
-0.007912
0.016661
-0.013419
-0.008016
-0.009817
-0.034068
0.032964
-0.013013
0.009735
-0.008982
-0.000987
0.001124
0.002786
0.036976
0.037394
-0.005031
0.007738
-0.013131
0.004651
-0.022624
-0.017289
-0.006511
0.018615
0.014760
0.002199
0.000989
0.001955
-0.008377
-0.009443
-0.010206
-0.015126
0.009845
-0.028736
0.046650
0.014509
0.028110
0.024133
-0.022360
-0.006677
-0.005895
-0.015385
-0.011878
-0.006810
-0.004790
0.008647
-0.002955
-0.018400
0.010934
0.010155
-0.007758
0.009909
-0.007312
-0.007753
0.004862
0.016195
-0.045064
-0.009563
0.033473
0.014853
-0.015536
-0.047684
-0.020891
0.007680
-0.027481
-0.012922
0.000402
-0.011601
-0.007243
0.028714
0.001305
-0.017521
0.009371
-0.022286
0.024933
-0.006080
-0.007534
-0.033234
0.002573
-0.023692
-0.007035
0.007540
-0.041766
0.005897
0.011479
-0.023137
0.012582
0.002532
-0.009469
0.000986
0.014073
-0.008426
0.001525
-0.010467
0.007090
0.025096
0.002675
-0.012994
0.001946
0.016937
0.011727
-0.014465
-0.009681
-0.021478
0.008205
0.002724
-0.002864
0.016744
0.032657
-0.019988
0.017583
-0.001950
0.031230
-0.004147
-0.004212
0.006879
-0.001177
0.024349
0.028502
-0.000403
0.001645
0.006733
0.023801
0.001417
0.016062
0.025368
-0.020601
-0.028841
0.006487
-0.020905
0.018051
-0.003287
0.035372
0.001308
0.015160
0.021078
0.009459
0.000266
-0.009305
0.007540
-0.009736
0.012627
-0.003447
-0.031949
-0.006678
-0.003651
-0.012248
-0.001680
-0.019116
-0.013226
0.043206
-0.004865
0.000752
-0.000686
-0.026111
0.026833
-0.020142
-0.012535
-0.008801
0.003338
-0.017224
-0.017426
0.014104
-0.009063
0.015703
0.004860
-0.044717
-0.012679
-0.006485
0.012036
0.001589
-0.018044
-0.019620
-0.008253
0.023878
0.026772
0.016905
-0.027887
-0.012545
-0.006540
0.026789
-0.007477
-0.013758
0.027411
0.029157
0.001111
0.007551
0.008853
0.023258
0.000495
0.034192
-0.045179
0.017683
0.002829
0.034220
0.000452
0.005272
-0.003672
0.006084
-0.000172
-0.003222
-0.014733
0.036377
-0.014885
0.050910
-0.018712
-0.012404
0.017800
-0.015616
0.032418
0.015737
0.036694
0.009109
-0.009925
-0.000225
-0.012835
0.026187
-0.031190
0.001123
0.017371
-0.000849
-0.016935
0.016227
-0.023049
0.019984
-0.005439
-0.005222
0.026325
-0.009773
-0.014463
-0.029863
-0.002408
-0.041781
0.000738
-0.011567
-0.011098
-0.011809
0.010922
-0.006406
0.018475
-0.019708
-0.006390
-0.025047
-0.010995
-0.030406
0.009946
0.008657
-0.029218
-0.018898
-0.029872
0.014967
0.007072
-0.018543
0.003259
-0.025088
-0.006738
0.028908
-0.060077
-0.052251
0.008731
0.004937
-0.002585
0.041304
-0.009062
0.042117
-0.004022
0.030137
0.034580
-0.051296
-0.043652
0.006502
-0.012187
0.016934
0.010501
0.016911
-0.032316
-0.020949
0.055599
-0.026004
-0.010525
0.025072
0.016642
-0.017129
0.009984
0.039095
-0.005314
0.006463
-0.013344
-0.027996
0.003689
-0.019027
0.004878
-0.048929
0.019935
0.019924
0.021028
-0.008585
-0.034234
-0.050200
0.070089
-0.045949
0.073455
-0.023446
-0.042651
-0.021831
-0.057317
0.047057
-0.012602
0.015684
-0.018376
0.023128
-0.004131
0.046599
-0.017822
0.032281
0.003578
-0.008382
0.005079
-0.015368
0.020612
-0.041371
-0.025805
0.007489
0.019153
-0.063483
0.035158
0.027327
0.008662
-0.012758
0.000477
-0.024964
0.023621
0.043602
-0.010485
0.024969
0.027358
-0.016829
-0.006347
0.032356
0.028804
0.048968
0.024549
0.006982
0.010000
-0.011922
-0.021745
-0.050207
0.025386
-0.013000
-0.006265
-0.031633
-0.002764
-0.010112
0.013512
-0.016326
0.010980
-0.022177
-0.016198
-0.022546
0.044247
0.023454
0.011748
0.025112
0.021252
-0.026768
0.004546
0.012305
0.000729
-0.039694
-0.032256
-0.020641
0.012861
-0.002843
-0.042988
-0.011629
0.009917
0.001042
0.039568
0.003149
0.007586
-0.001838
-0.019372
0.003229
0.001258
-0.012901
-0.002569
0.017755
-0.030673
0.009864
0.038725
0.008008
-0.005298
0.030538
-0.019176
-0.005999
0.011412
0.017089
-0.033374
-0.001371
0.002861
0.015576
0.001780
0.017943
-0.008693
-0.011994
0.023700
0.002377
0.013125
-0.006455
-0.008832
-0.006623
0.026794
-0.004375
0.065818
-0.000826
-0.043684
0.019657
0.015042
0.016587
-0.011107
-0.003278
-0.004773
0.035715
-0.011544
0.016925
-0.015182
0.028983
0.036036
0.043979
-0.034666
0.010703
-0.014130
-0.035969
0.025036
0.018465
0.016387
0.001107
0.025543
-0.027417
0.000986
-0.051473
0.054482
0.001583
0.031853
0.002274
-0.008287
0.036131
-0.011227
-0.028444
-0.012380
0.019012
0.027334
-0.034218
0.001893
0.007315
-0.011404
-0.036340
-0.004119
0.000007
-0.049364
-0.002414
-0.027919
0.005444
0.003625
0.030764
-0.011719
-0.017975
-0.027279
-0.017632
-0.017323
-0.016837
-0.055837
-0.005674
0.012166
-0.003272
-0.024459
0.008592
-0.009436
-0.012394
0.039151
-0.023899
-0.033564
-0.011133
-0.007496
-0.025021
0.015912
0.022739
-0.004631
0.013820
0.011034
0.008655
-0.008873
0.015324
-0.007509
-0.026314
0.011367
0.011050
0.033818
-0.004614
-0.020575
0.007860
-0.008833
-0.021373
0.007372
-0.012533
-0.037343
-0.011679
-0.008277
-0.010571
-0.014222
0.005731
-0.009681
0.003704
-0.031798
-0.012165
-0.011170
0.013400
-0.009838
-0.017997
-0.006360
0.023830
-0.006393
-0.009719
-0.020633
0.019691
-0.010681
0.002333
-0.001654
-0.021143
0.006928
-0.011591
0.027035
-0.002823
-0.024043
0.011193
-0.029903
-0.000884
-0.008101
0.008872
0.024646
0.020054
0.022809
0.020568
-0.015804
-0.003486
0.022032
-0.004038
0.030980
-0.006012
-0.007223
0.016081
-0.025502
-0.009638
-0.026361
0.037389
0.009191
-0.001174
-0.016646
0.022708
0.034230
-0.021549
-0.014175
0.013400
-0.014746
-0.009991
-0.001878
0.011524
-0.012663
-0.009462
0.004729
0.022135
0.014676
-0.009811
0.014506
-0.001707
0.026549
-0.015857
0.013090
0.015561
0.025438
0.021601
0.013814
0.002180
-0.008835
-0.011363
0.027194
0.002562
-0.010538
-0.008515
-0.001783
-0.017916
0.007100
0.032161
-0.012388
-0.021694
-0.010712
-0.025306
0.015016
0.028899
-0.000215
-0.005595
0.009476
0.006538
-0.037903
-0.000523
0.010674
0.004867
-0.001884
-0.015691
0.037099
-0.003854
-0.030114
0.001978
-0.024008
-0.013478
0.007031
-0.009357
0.023683
0.013590
-0.009923
-0.008312
0.009597
0.005445
-0.000743
-0.005498
-0.036083
0.015720
0.000322
-0.023950
0.033362
0.012643
-0.017405
-0.019196
0.028743
0.009474
-0.019723
0.020158
0.024200
-0.011686
0.044562
0.012947
-0.024132
-0.001161
0.038280
0.020775
-0.041069
-0.015801
-0.004054
-0.005017
0.015123
-0.030747
0.020141
-0.030548
0.030709
-0.005158
0.028050
0.010866
-0.034892
0.038250
0.013363
-0.020015
-0.054344
0.009194
0.009212
0.009251
0.004657
-0.059029
0.008350
-0.011195
0.007836
0.009711
0.015187
-0.014162
0.053331
0.023783
0.011548
-0.013333
0.018275
0.011045
-0.036558
0.001754
0.008680
-0.024838
-0.008712
-0.008351
-0.015296
0.011659
0.014063
-0.006567
-0.020922
0.022056
0.006723
-0.003886
0.021837
-0.027074
-0.040214
0.009717
-0.020099
0.005783
0.017683
0.030236
0.017151
0.005340
-0.053437
0.014956
0.002812
0.015244
0.006247
0.024978
0.023385
-0.001130
0.008367
-0.022261
0.043329
0.031428
-0.012475
0.004376
0.036500
0.010087
0.001723
-0.007728
-0.024891
-0.014595
0.027523
-0.025442
0.014752
0.028518
-0.003312
-0.006828
0.025003
-0.006212
-0.045097
-0.040116
-0.006031
-0.008564
0.019502
-0.017429
0.012069
0.009960
0.002921
0.011968
0.008292
0.045225
-0.051480
0.021520
-0.013768
0.015273
-0.012923
-0.028863
-0.004337
-0.009641
0.035253
0.012861
0.043414
-0.022487
-0.041440
-0.018119
-0.025059
0.001319
-0.036962
0.005926
-0.016489
0.001671
0.015205
-0.005969
-0.019471
-0.022670
-0.004310
0.005662
-0.020885
-0.001780
0.041292
0.021260
0.012205
0.002645
-0.004619
0.014634
0.012466
0.021819
0.014153
-0.005548
-0.009205
0.059643
0.006189
0.004258
-0.009629
0.011312
-0.016210
-0.011604
-0.002080
0.015925
0.069891
0.008926
-0.009340
-0.005186
0.091178
0.027317
0.003928
-0.005999
-0.042915
-0.010735
0.003636
0.030049
0.009102
0.018095
0.024254
-0.015001
0.019323
-0.009104
-0.000065
-0.000384
0.002593
-0.004910
0.022662
-0.020514
-0.004799
0.025355
0.030544
0.032728
0.042320
-0.008262
-0.014689
-0.023945
0.023974
-0.062463
-0.050715
0.018142
-0.003611
0.024260
-0.048283
-0.015159
-0.017152
0.003997
-0.006383
-0.031560
0.001678
-0.057202
-0.000791
-0.019439
-0.023129
-0.034152
-0.010319
-0.024812
-0.035491
0.032599
-0.012009
-0.047103
-0.002063
0.044889
-0.012896
0.028174
0.020126
-0.029516
-0.048292
-0.004523
-0.002450
0.002295
0.025494
-0.013509
0.001774
-0.036894
0.038158
0.032965
0.023015
0.050561
0.019197
0.008278
0.022364
0.025993
0.004579
0.001698
0.006097
-0.037207
-0.029410
0.037250
-0.009601
-0.004847
0.004569
0.009262
0.022513
0.041175
-0.018942
-0.003184
-0.042570
0.006175
-0.022224
-0.017968
0.035709
-0.007749
0.016918
0.017155
0.055098
0.001014
0.005580
0.009906
0.000682
0.041015
-0.032209
-0.010274
0.009282
0.016883
0.014737
0.017010
-0.016916
-0.007794
-0.016895
-0.004774
0.005411
0.024656
-0.003488
0.018599
0.002344
0.002726
-0.023534
0.016033
-0.029047
-0.007228
-0.002408
0.052277
-0.028679
0.002202
0.005983
0.019562
-0.018598
0.015603
-0.022493
-0.002339
0.012052
0.049162
0.034829
0.030200
0.020166
-0.005094
-0.010208
-0.016257
-0.050876
0.000008
0.023035
0.016254
-0.007444
0.000340
0.037205
0.011395
-0.028373
-0.040783
0.018057
-0.003714
-0.023116
-0.020562
-0.000599
0.007392
0.010673
-0.039169
0.000757
0.028398
-0.037208
-0.009085
0.010269
-0.039704
-0.000303
0.026524
0.003162
0.030006
-0.020020
-0.008220
-0.025420
0.035217
0.006818
0.026892
-0.013025
0.001863
0.032825
-0.011845
0.013021
-0.007120
0.014433
-0.010074
0.027552
-0.040027
0.004134
0.013400
0.010725
0.004051
0.006815
-0.007514
-0.032111
0.009238
0.006848
-0.016830
0.005571
0.013606
0.020603
0.020777
0.036399
0.014683
0.016221
0.011725
-0.000623
0.004116
0.002048
-0.011968
0.000176
0.006405
-0.000099
0.008108
-0.014702
-0.004809
-0.019713
-0.008823
-0.026858
0.000041
-0.007746
-0.004065
-0.009649
0.014905
-0.044718
-0.006580
0.004919
0.001922
0.034441
-0.003323
0.000565
0.020705
0.008937
0.029085
0.014276
0.001764
0.015319
-0.006745
0.027613
0.006236
-0.021167
-0.005211
0.010561
-0.000561
0.004574
0.001716
-0.005310
0.017248
0.007006
0.014329
0.009652
0.014454
-0.004768
-0.015609
0.008188
0.025357
0.003826
0.006871
-0.015207
-0.010758
-0.009141
0.023787
-0.003538
0.005484
0.012348
-0.025984
-0.011048
-0.004151
0.037820
-0.004915
-0.029063
0.007285
0.034244
-0.024247
0.020248
0.019338
-0.031791
0.006725
0.008552
-0.016492
-0.028748
-0.014057
0.007541
-0.004676
0.003678
0.017564
-0.003497
-0.014375
-0.014202
-0.035772
0.002902
-0.003322
0.009837
0.018136
0.000200
-0.026828
0.014119
-0.003298
-0.005711
-0.004461
-0.001049
0.007343
0.005268
0.037214
-0.017683
0.000145
-0.030197
0.012531
-0.003115
-0.029879
0.017271
-0.008310
-0.012978
0.029976
-0.017063
-0.005094
-0.010990
-0.030927
-0.002296
0.031693
-0.003978
0.002524
0.002837
-0.008418
0.013583
-0.007946
-0.003453
-0.001252
-0.010477
0.017238
0.003241
0.046125
-0.021415
-0.000286
-0.004632
-0.016351
0.009414
-0.005956
0.005671
-0.001779
-0.017508
0.001203
-0.032377
-0.034962
0.023488
0.029415
0.021313
-0.018625
0.005503
-0.008346
0.009060
-0.005807
0.042504
-0.004665
0.028293
-0.011089
0.008301
-0.000513
-0.021848
-0.026458
0.029538
-0.026502
0.024386
0.022487
-0.029257
0.008318
-0.049187
-0.015554
0.011617
-0.016882
0.000183
0.012271
-0.001780
-0.013573
-0.037784
-0.022424
-0.011102
0.000113
-0.005552
-0.020860
0.016474
-0.020337
0.008869
0.042486
-0.037556
0.002014
-0.014875
-0.000721
-0.050078
-0.004435
-0.006706
0.048712
-0.012389
0.002187
-0.030924
-0.012888
0.015171
0.008492
0.051092
0.005138
0.012764
-0.024886
0.015672
0.016355
0.010285
0.046929
0.031922
-0.036023
0.011469
0.019753
0.061012
0.008911
0.015279
0.013813
0.029278
-0.017323
-0.004625
-0.004221
-0.004403
0.027015
-0.023934
0.006298
0.013397
0.015167
0.019705
0.018245
-0.006964
0.003111
-0.041303
-0.003095
-0.025908
0.015985
-0.020999
-0.006900
0.002035
-0.020927
0.016140
0.012697
0.016565
0.017726
0.003954
-0.018943
0.024224
0.006406
0.027360
0.001061
0.018330
-0.048672
0.010413
0.002699
0.017042
0.006543
-0.047811
0.020165
0.018949
-0.042452
-0.022753
-0.013427
-0.006471
-0.014901
-0.047433
-0.014193
-0.005223
-0.012139
-0.007467
0.039363
0.008303
0.006557
0.012576
0.007140
-0.029241
-0.015082
0.033206
0.048911
-0.000102
0.035694
-0.018386
0.002405
0.028577
0.016780
0.005850
0.019806
-0.000009
-0.038578
0.023992
0.024087
-0.002066
-0.012864
0.015774
0.001824
0.003055
0.010495
-0.004802
0.008710
-0.005825
-0.013918
0.011388
0.018265
0.002898
0.000716
0.003772
0.015388
-0.003326
-0.009961
0.017400
0.000304
0.000430
-0.001923
0.007004
-0.007033
0.008808
-0.002684
-0.001090
0.018479
-0.003787
0.020399
-0.010266
0.022001
0.003444
0.006062
-0.016356
-0.000484
0.007858
0.009103
0.000914
-0.006434
0.008063
0.017769
-0.000033
-0.003521
0.000450
-0.003492
-0.002121
-0.010528
-0.008264
0.021515
-0.001048
-0.009571
-0.019563
-0.007028
-0.005096
-0.016038
-0.012254
0.011938
-0.011431
0.022258
-0.007219
0.005047
0.001168
-0.016768
-0.004520
-0.011661
-0.005300
0.010409
-0.017125
-0.015562
0.011401
0.022249
-0.003651
0.004077
-0.002677
0.015626
0.008101
-0.000535
0.018094
0.004435
0.010851
0.008401
-0.011175
0.009267
0.003431
0.013648
-0.007323
0.023237
0.009657
0.010493
-0.008799
0.004208
0.003142
0.003526
-0.000907
-0.017501
0.000284
0.008208
0.005803
0.005638
-0.020608
-0.000425
-0.026502
0.004347
0.014728
-0.000259
-0.000237
-0.008969
0.013353
0.007877
0.038203
0.023293
0.012314
0.010317
-0.014995
-0.001346
0.014887
-0.012517
-0.017643
-0.016202
0.010316
0.030481
0.026362
-0.011604
0.017780
-0.005534
0.016919
0.007113
0.022208
0.005152
0.015594
-0.028051
-0.024084
-0.011436
0.013299
0.012806
-0.008561
-0.022194
0.044983
0.013888
-0.008860
-0.029887
-0.028338
0.001306
0.003242
0.009470
0.007463
-0.028302
-0.002958
-0.011573
-0.012175
-0.032291
-0.015820
0.004981
-0.018642
0.018790
0.001659
-0.022518
-0.001217
0.003010
0.036783
0.001363
0.003065
0.006247
-0.019039
0.033856
-0.008833
-0.004716
-0.008372
0.010805
0.008241
-0.043570
-0.027165
-0.013024
0.002092
-0.012665
0.000800
-0.005298
0.024562
0.014941
-0.019239
0.006264
-0.006342
0.036628
0.007565
-0.003916
-0.033341
0.004978
0.000310
0.014960
0.011316
0.002165
-0.006690
0.005502
0.011568
0.025740
-0.007153
-0.017582
0.000522
0.018305
-0.009087
-0.002094
-0.010913
-0.008894
-0.010451
0.001245
-0.005803
-0.022384
0.001661
0.027362
0.009718
-0.013932
-0.017253
-0.010304
-0.014512
0.023689
0.004616
0.009529
-0.025868
0.009777
-0.010606
-0.018037
0.013125
0.006991
0.003567
-0.016417
-0.019412
-0.010866
-0.004076
-0.009290
-0.026704
0.002091
-0.005453
-0.006124
-0.000062
0.005299
0.004690
0.012479
-0.015779
-0.009113
-0.003588
-0.031463
-0.000831
-0.018666
0.007515
-0.014204
0.027853
0.003214
0.020905
0.006504
0.012962
0.007485
-0.004186
0.033169
0.001612
-0.004713
0.006975
-0.033773
-0.035509
-0.006294
-0.004151
0.049886
0.016295
0.011942
-0.020465
0.010793
0.027147
0.034702
-0.029446
0.018933
0.048785
-0.045512
0.019598
0.048652
-0.018076
-0.017087
0.013512
-0.001174
-0.000021
0.019172
0.013479
0.005861
0.015291
0.003704
0.004583
0.026495
0.003924
-0.032777
0.008830
-0.007587
-0.033307
0.011982
-0.002450
-0.022724
-0.019068
0.019090
-0.025729
-0.002806
0.045809
0.038794
-0.022089
-0.020584
0.012226
-0.028348
0.038670
-0.018236
-0.001083
-0.020125
-0.017645
0.010779
-0.009039
0.004255
-0.049296
-0.001330
0.048021
0.028509
-0.034751
0.052929
-0.034541
0.036952
-0.054018
0.019490
-0.028996
-0.010970
-0.019315
0.055599
-0.015886
-0.006287
0.033442
0.025087
0.012846
-0.000213
-0.033456
0.045477
0.022419
0.028776
0.000575
-0.021792
-0.017218
0.012971
-0.060389
-0.004594
0.003086
0.045242
0.058916
0.014280
-0.030912
-0.010443
0.022437
-0.007699
0.012401
-0.032319
0.005023
-0.005536
0.026692
0.003957
0.030521
-0.026103
0.055010
-0.036821
0.028837
0.025382
-0.017586
0.024018
0.001324
-0.020093
0.003517
0.061895
0.063921
0.016324
0.021670
-0.019644
0.000662
0.019901
-0.049619
0.018719
0.022033
-0.000538
-0.032059
0.041481
-0.031318
0.005471
0.061887
0.006983
0.002257
0.004613
0.003529
-0.003096
-0.031175
0.025715
-0.013920
0.005652
-0.017918
-0.006334
-0.000438
-0.000994
0.024528
0.010759
-0.021205
0.022706
0.013626
-0.010575
-0.005271
0.006155
0.014365
-0.015958
-0.003288
-0.007726
0.015677
0.030620
0.004240
0.028117
-0.009226
-0.019688
-0.003509
-0.009711
-0.002405
-0.013764
-0.008868
-0.011799
0.019524
0.022215
0.013535
0.007239
0.014067
-0.011073
0.008705
0.026034
0.002012
0.020697
0.017948
-0.008272
-0.031756
-0.026610
-0.007171
-0.002909
0.023683
0.037717
0.010846
-0.014509
-0.004566
0.007899
-0.001721
0.009414
-0.014936
-0.019404
-0.018774
-0.005793
0.012726
0.005869
-0.007709
0.028532
-0.008405
-0.011131
-0.003830
0.000851
-0.009692
-0.023165
-0.003411
0.003132
0.000529
0.010997
0.011624
-0.003065
-0.009182
0.017785
-0.017119
-0.009185
0.015531
-0.006607
0.012792
0.000231
0.006168
0.000822
0.016949
0.010788
-0.004760
-0.015737
0.000154
0.003216
-0.032830
-0.006374
0.015253
-0.004460
0.004434
-0.003254
0.010177
-0.010007
-0.014788
-0.029950
-0.011132
-0.004195
-0.009864
-0.014797
-0.023778
-0.009485
0.004428
0.014256
0.007107
-0.015963
-0.008539
0.012458
-0.010688
-0.031001
0.012360
-0.031940
-0.011593
-0.012307
-0.004770
0.004617
-0.009384
0.013463
0.008918
0.027636
-0.034604
0.013933
-0.004267
0.027113
0.015243
0.012257
0.012371
0.019404
0.001791
-0.013612
0.005791
-0.009883
-0.008456
-0.028725
0.040725
-0.005989
0.003875
0.010269
-0.012147
-0.009115
-0.023047
-0.015285
0.012157
0.028712
0.017978
-0.047847
0.018880
-0.014714
-0.020698
0.009743
-0.039819
0.014966
-0.024060
-0.029609
-0.004573
0.000345
0.031837
-0.015090
-0.008609
0.012209
-0.001743
0.063197
-0.003089
-0.016255
0.012820
0.013835
0.037449
0.031589
0.017958
0.010244
0.008916
-0.021097
0.034532
-0.009170
-0.030133
-0.002937
-0.028781
-0.009776
0.017764
-0.000777
-0.014520
-0.011170
0.013967
-0.009116
-0.000912
-0.012994
0.005496
0.024762
-0.002116
-0.006264
-0.001764
0.013458
-0.033141
-0.021839
0.006982
-0.025478
-0.026148
0.019248
0.022298
-0.002323
-0.040946
0.004046
-0.004627
0.014174
0.020760
-0.012025
-0.008389
0.024986
0.029657
0.015919
-0.009781
0.012084
-0.018757
-0.021965
-0.030379
0.007368
0.022722
0.000775
-0.007706
-0.005287
0.000566
0.009982
0.020992
-0.000612
-0.028552
0.002081
-0.014757
-0.012201
-0.012302
0.038460
-0.006028
0.000970
0.014661
0.003032
-0.037555
0.000970
0.009662
-0.009993
0.009140
0.002516
0.034472
-0.010796
-0.001298
-0.016621
0.016545
0.013955
0.015226
-0.013501
0.003380
-0.006221
0.007959
-0.000529
0.010459
0.007264
0.021639
-0.007035
0.013511
-0.000410
0.009030
0.014122
-0.013496
0.019110
0.014524
-0.004859
0.005918
-0.005783
-0.011478
-0.012512
-0.002734
0.024363
-0.004860
-0.002815
-0.011243
-0.000843
0.016819
0.003952
-0.009148
-0.020617
0.003526
0.027890
0.006354
0.007792
0.002245
-0.009884
0.010593
-0.015602
0.022811
0.004568
-0.029264
0.013041
-0.004953
-0.006866
0.015136
0.015511
0.006285
0.015883
0.008658
-0.006202
-0.004945
0.000405
-0.008117
-0.018149
0.026578
-0.005948
0.010204
-0.022037
-0.009952
0.003924
0.012125
0.000391
0.002909
0.010897
-0.010469
0.017524
-0.016375
-0.005715
-0.004319
0.029990
0.027738
0.012781
0.007389
-0.007773
-0.010058
0.008408
-0.005783
0.012119
0.025769
0.012058
-0.003206
0.032029
-0.014528
-0.001477
-0.035277
-0.011681
-0.008260
0.019385
-0.010726
0.000112
0.005393
0.026027
-0.008974
-0.004919
-0.021424
0.004567
0.003881
0.010557
-0.006754
-0.008882
0.017068
0.014748
-0.008259
-0.006435
-0.015723
-0.011993
-0.017247
0.001894
0.000772
0.017072
0.018128
-0.004338
-0.001147
-0.014072
-0.001819
0.009269
-0.003578
-0.024339
0.001083
0.007798
-0.005606
0.010263
-0.015896
0.019907
0.010029
-0.014573
0.029865
-0.001165
0.001829
-0.017121
0.000929
-0.021185
0.007053
0.005948
0.014435
0.026954
0.004485
-0.003878
-0.000881
-0.003469
0.033680
-0.021776
-0.022445
-0.017083
-0.015310
-0.016727
0.011248
-0.022664
-0.015454
0.003968
0.020246
0.002919
0.029788
0.002108
-0.008615
-0.007677
0.019077
0.011914
0.000942
0.022440
0.008711
0.001786
0.005793
-0.008405
0.007288
-0.014913
-0.012120
-0.019544
0.002188
-0.038377
-0.009849
0.029081
0.005316
0.018892
0.014829
-0.009085
0.018984
0.006863
-0.022914
0.012757
-0.002760
-0.009569
0.026815
-0.023096
0.005536
-0.007347
-0.022085
0.011236
-0.022722
0.009815
0.003582
-0.024784
-0.000506
0.007016
-0.002317
0.005220
-0.002396
-0.007258
-0.004061
0.016518
-0.018050
0.024310
-0.003783
-0.020584
-0.014880
-0.020862
0.032338
-0.018276
0.006367
0.022493
-0.000898
0.036677
0.008698
-0.005951
0.013795
-0.005932
0.011059
-0.012777
0.001870
-0.004099
-0.017305
-0.026364
0.016353
0.013193
0.005334
0.009499
0.002316
-0.000189
0.001183
0.010416
-0.002353
-0.018534
0.005884
-0.004883
-0.020345
-0.022180
0.015339
-0.013732
0.010954
-0.019072
-0.013593
-0.043389
-0.003368
-0.014156
-0.002535
-0.014860
-0.000628
0.019074
0.032656
0.019238
-0.001131
-0.025165
-0.007169
-0.011346
-0.005963
-0.022255
-0.011457
-0.019879
-0.003752
0.006399
0.015785
-0.030781
0.000189
0.004137
0.003108
-0.006290
0.016162
-0.009400
-0.004469
0.002195
0.012556
-0.003241
-0.009528
0.018370
-0.015223
0.008810
0.001982
0.013628
-0.006766
0.001162
-0.010719
0.004085
0.005286
0.013818
-0.029446
0.009675
-0.032837
0.011365
0.000309
0.003872
-0.032511
-0.006904
0.005489
-0.004139
0.000323
-0.004960
0.004070
0.015316
0.006560
-0.025752
-0.002924
-0.028825
-0.015582
-0.046498
-0.002461
0.026783
0.028752
0.004707
-0.002188
-0.014141
-0.016134
0.009649
0.004317
-0.001430
-0.022567
-0.015231
-0.016128
-0.008375
-0.025726
-0.021859
0.002933
-0.004380
0.024199
0.010799
-0.005439
0.021949
0.003700
0.050034
-0.000843
-0.021650
-0.015662
-0.030494
0.027123
-0.006063
0.025664
0.033919
-0.034005
0.027409
0.057263
-0.025573
-0.009363
0.006955
-0.031571
-0.008718
-0.002423
-0.001035
-0.006188
-0.000651
-0.029599
-0.013399
0.010668
-0.004768
-0.001280
-0.022844
-0.023012
-0.009854
0.027401
-0.015264
0.019525
-0.028075
0.006211
-0.006520
-0.012239
-0.007303
0.016547
0.008441
0.024591
0.001001
0.003879
-0.000356
0.019268
-0.011227
-0.018707
-0.005378
0.005145
0.011767
0.026092
0.010078
-0.005710
-0.002489
-0.037277
0.024220
0.029190
0.010971
0.009961
-0.022154
-0.031643
-0.011009
0.033532
-0.008387
-0.029926
0.023272
0.023093
0.003156
-0.012246
0.026700
0.013925
-0.008240
-0.016552
0.000726
0.031477
0.009153
-0.003353
-0.002503
-0.000621
-0.042053
-0.014015
-0.022640
-0.011060
0.019308
0.024124
0.002974
-0.021184
-0.032778
-0.002869
0.001714
0.009552
-0.013402
-0.018379
-0.002433
0.023301
-0.015318
0.000316
-0.013870
-0.019574
0.032810
0.001587
0.005893
0.016163
-0.025314
0.017248
0.001794
0.010707
0.020500
0.003790
0.008605
-0.029869
0.004635
-0.031731
-0.015867
0.012207
0.010951
-0.011419
0.002636
0.020315
-0.012313
-0.012906
0.019796
0.032612
0.013041
0.006580
0.030377
-0.004253
0.031697
-0.024840
0.013593
0.008560
0.006461
-0.005121
-0.008490
-0.007651
0.018957
0.011459
0.012516
0.015167
-0.008092
-0.010521
0.022174
-0.014888
0.017653
0.036301
0.017155
0.012669
-0.007208
0.001624
0.009335
-0.011245
-0.001082
0.008431
-0.009613
0.007081
-0.003425
-0.001037
-0.012131
-0.003164
-0.012139
-0.004823
-0.018874
0.012830
-0.019976
-0.019311
-0.010820
-0.022040
-0.001494
0.012018
-0.003589
0.005179
-0.005294
0.015317
0.013956
-0.044000
-0.015296
-0.011748
0.004362
-0.012483
0.001761
0.007499
0.021852
0.026565
-0.003296
-0.023482
-0.005506
-0.036147
-0.048850
-0.028713
-0.038428
-0.013994
-0.005210
0.015392
-0.030933
-0.030977
0.035965
-0.055406
0.019214
0.024656
-0.039059
-0.026161
-0.002683
0.033854
0.000050
-0.028562
-0.038091
0.004400
-0.038141
0.005277
-0.018615
0.023162
0.019761
-0.034934
-0.036298
-0.026108
-0.009743
0.012009
-0.001474
0.039608
-0.073280
-0.014962
-0.002716
0.001476
0.017848
0.003195
-0.027798
0.013223
0.047839
0.011862
-0.022324
0.002422
0.005331
0.020182
0.001488
-0.030736
-0.009655
0.001852
-0.002265
0.000276
0.034042
0.014884
-0.024832
0.001661
0.027876
0.041801
0.082017
-0.017310
-0.014694
0.005194
0.053128
0.052109
0.042008
-0.061841
-0.014049
-0.008009
-0.037771
0.027851
-0.013194
-0.001201
0.015013
-0.087252
-0.009127
0.011967
0.042875
0.013352
-0.016866
0.053496
0.016232
-0.015386
0.014294
0.005812
-0.020774
0.020339
0.023336
0.020568
0.031436
-0.021747
-0.031854
0.030678
-0.008340
-0.007971
0.030161
-0.024342
-0.013208
0.000906
-0.007542
-0.018051
-0.026480
0.012869
-0.046326
-0.029486
0.006698
0.014008
0.013873
0.000805
0.066003
0.001074
0.014270
0.020987
0.005608
-0.001599
0.023486
0.021719
-0.032484
0.008328
-0.016571
0.002118
0.036433
0.013077
-0.008719
0.011799
-0.002207
-0.011645
-0.008678
-0.013784
-0.030521
-0.023819
0.017017
-0.014166
-0.018773
0.001473
-0.064726
-0.018295
0.007625
-0.025317
-0.023132
-0.019957
0.015855
0.016966
-0.016120
0.013012
0.001176
-0.000940
-0.038657
-0.022048
-0.047905
0.005236
-0.035278
-0.021229
0.008344
-0.002522
-0.014991
-0.030468
0.040952
0.047238
0.040362
0.015322
-0.012924
0.000215
-0.039299
0.018865
0.005692
0.016354
-0.011006
0.006804
0.028368
0.007814
-0.012914
-0.003039
0.047939
-0.034360
0.022781
0.030598
-0.003314
0.006926
0.011476
-0.004082
-0.006064
0.011321
0.045211
-0.010039
0.020604
0.005734
0.029251
0.030490
-0.009244
-0.006197
-0.005683
0.051893
-0.002812
0.012566
0.009057
0.019955
-0.004771
-0.000459
0.005534
0.006495
0.009265
-0.006717
-0.027693
-0.012763
-0.012382
-0.010605
-0.038541
-0.039775
-0.043808
0.018916
0.024997
0.047099
-0.005990
0.030505
-0.015380
-0.006625
0.018032
0.028007
-0.024392
-0.010780
-0.007723
-0.044393
-0.008729
-0.004134
-0.037597
-0.025517
-0.038373
-0.001812
-0.028670
-0.032547
-0.017969
0.016736
-0.009573
0.032143
0.025450
-0.012440
0.007480
-0.008812
0.014673
0.033985
-0.009534
-0.031135
0.010869
0.009498
-0.013540
0.032947
0.010705
0.010027
0.011642
0.008211
-0.019583
0.007750
-0.000925
-0.021077
-0.006858
0.020180
-0.003669
0.016688
0.005363
-0.011880
-0.006016
0.011077
-0.020898
-0.004426
-0.011853
0.014130
0.001563
-0.007277
-0.000796
-0.004623
0.008745
-0.026953
-0.001958
-0.008052
0.008130
0.003778
-0.045839
0.005373
-0.009459
0.001553
-0.003813
-0.005764
-0.011536
-0.026406
0.010394
0.005480
0.016338
-0.059711
-0.011282
-0.016043
0.013497
-0.000073
-0.008715
0.007523
0.010247
-0.005064
0.007086
0.005331
0.015315
-0.016243
-0.012127
-0.015934
-0.022196
0.019408
0.007773
0.013101
0.019559
-0.017652
0.018576
0.000533
-0.002719
-0.007236
0.013761
-0.021805
-0.009712
0.000712
-0.001688
-0.014860
-0.015387
-0.014017
0.005960
-0.001668
-0.005509
-0.001540
-0.000545
-0.004481
0.016066
0.002022
-0.000071
-0.006696
-0.004411
0.011095
0.016513
0.008169
0.035147
0.020542
0.006742
0.006427
0.008196
-0.009448
-0.005211
0.007115
0.020097
0.007654
0.001149
0.012438
-0.003545
-0.006994
-0.024459
0.005835
0.026674
0.029360
0.017057
0.000205
0.005200
-0.015956
0.002655
0.010742
0.001982
0.006681
-0.002506
0.005285
-0.013680
-0.014995
-0.032048
-0.022407
-0.000713
-0.004465
-0.024701
0.007705
0.002763
0.013709
0.009020
0.008161
0.011011
0.002340
0.034855
-0.004343
-0.024665
-0.024606
-0.009019
-0.004499
-0.017196
0.001592
0.000489
0.008939
0.016847
-0.008359
0.011841
0.021867
0.019715
0.000391
-0.008780
0.030636
-0.001187
-0.026492
0.023574
0.021783
-0.031148
-0.001815
0.001544
0.003161
-0.010264
-0.003021
0.002611
0.002422
0.011815
0.049962
-0.030203
0.005492
-0.003577
-0.022084
-0.038043
0.005613
0.018140
0.011574
-0.001860
0.006367
0.034395
-0.008190
0.011804
-0.012385
-0.004170
0.037613
-0.018716
0.012106
0.022054
-0.025178
0.020227
-0.014051
-0.024163
-0.004330
0.021129
-0.017720
-0.012968
0.001024
0.002047
-0.007615
-0.018827
0.000951
-0.018854
0.007100
0.025151
-0.023008
0.010471
-0.029450
0.028190
0.001612
-0.010166
0.030248
-0.022129
0.018169
0.007718
-0.005971
0.011511
0.015636
0.000313
0.001217
0.007725
-0.001764
0.005270
-0.009812
0.019739
-0.012673
-0.008660
-0.006663
-0.015125
-0.009432
0.011623
0.021946
0.000125
-0.001952
-0.034849
-0.014800
-0.004830
-0.026498
0.011497
0.025826
-0.000148
-0.006476
-0.019890
0.015151
-0.001336
-0.026246
0.012229
0.008023
0.008720
0.032024
-0.017156
0.012736
0.033565
0.027911
0.023369
0.000019
-0.007818
0.024863
-0.023049
-0.011630
-0.006433
0.011805
-0.010703
-0.004114
0.011151
-0.003150
0.002604
0.025579
-0.001438
-0.010011
0.014219
0.016273
0.024869
-0.031995
-0.023808
-0.016178
0.007994
0.026136
-0.016197
0.014592
0.000992
0.000538
-0.001815
-0.012695
-0.007053
-0.030812
0.009109
0.037096
0.032100
-0.024486
-0.005006
-0.012999
-0.006766
-0.000565
-0.023910
0.005946
0.022988
0.030667
-0.016877
0.018574
-0.017872
0.010613
-0.029056
0.017416
-0.007592
-0.017556
-0.001768
0.000706
0.002567
-0.008289
-0.006369
0.026224
0.042282
-0.005138
-0.013697
0.003882
0.009969
-0.002551
0.003941
0.006818
-0.030535
-0.000955
0.011248
-0.018255
0.011697
-0.043757
0.002297
0.010826
-0.029210
-0.018593
0.025573
0.004184
0.009887
-0.002941
0.005858
0.046114
0.004972
-0.004639
0.007406
-0.008208
0.018265
-0.016169
0.000974
-0.018003
-0.031393
0.003968
-0.001221
0.009934
0.006506
0.035554
-0.015255
-0.032750
0.007055
0.003284
-0.026322
-0.010374
0.014850
0.018975
-0.010465
-0.005594
0.036347
0.021735
-0.015009
0.030347
0.001421
0.020299
0.006961
-0.010324
-0.011444
-0.024676
-0.033537
-0.013242
-0.007327
-0.002655
0.021527
-0.013936
-0.009092
-0.008025
-0.011691
-0.027913
0.040933
0.001254
-0.017376
-0.008088
-0.005134
0.032543
-0.017907
-0.010252
-0.007668
-0.009082
0.006786
-0.008035
0.018338
-0.009301
0.030026
-0.021140
0.000946
0.029032
0.040175
0.009591
-0.007841
0.034930
0.010694
-0.007788
0.012778
-0.018945
-0.036117
0.028110
-0.024177
-0.021971
-0.001969
0.042061
-0.005421
-0.019338
-0.002763
0.012332
0.018074
0.002800
0.045082
0.017696
-0.022507
0.014805
-0.044857
0.002277
-0.024346
0.011893
0.028106
-0.044593
0.002209
-0.008309
-0.013850
0.009312
-0.008362
-0.000385
0.004887
0.028556
-0.019953
-0.007203
-0.005642
-0.005410
-0.017544
-0.030415
0.025713
0.007546
-0.011574
-0.034693
-0.018030
0.034486
0.000338
-0.004514
0.005979
-0.011327
0.032534
-0.001469
-0.010233
-0.023243
-0.025115
-0.002456
0.013935
-0.028611
0.025033
0.013060
-0.001690
-0.009118
0.015602
0.022447
-0.009847
0.014799
0.033735
-0.000202
0.016971
0.018709
-0.019541
0.002101
-0.021562
-0.004730
0.021118
-0.010366
-0.004785
-0.028444
-0.004242
0.005928
-0.021722
-0.022527
-0.020847
-0.016620
0.007103
-0.050280
0.011813
-0.004516
-0.022256
-0.025346
0.026852
0.020092
-0.005420
-0.032560
0.004571
-0.031801
-0.022836
-0.011708
0.003535
0.033503
-0.012272
-0.014073
0.003896
0.004902
-0.005074
0.025303
-0.000881
-0.003213
-0.022038
-0.002524
-0.025059
-0.019168
0.015467
-0.026816
-0.003055
0.011238
0.010613
-0.001689
0.000917
0.005393
0.022061
-0.012222
0.007588
-0.034279
0.006815
-0.025730
-0.013299
-0.022661
-0.000112
-0.026508
-0.015664
0.001236
0.013027
0.012601
-0.005862
-0.003813
0.030574
0.016805
-0.006578
-0.001864
-0.023429
0.009655
-0.000523
0.021294
-0.012232
0.003501
0.020463
0.014902
0.036997
0.002181
0.027500
0.020136
-0.005141
-0.000360
0.001209
-0.039277
-0.013240
-0.012077
0.001512
0.002503
0.020285
-0.016889
-0.004355
0.030435
0.000843
0.010776
0.025243
-0.034020
0.024831
-0.003962
-0.015326
-0.022642
-0.006784
0.002899
0.029336
0.029095
0.013347
-0.028234
0.011379
-0.015793
0.000416
0.016742
0.003692
0.007416
-0.009662
-0.026609
-0.013757
0.016785
0.006801
-0.016900
0.008470
-0.008801
-0.013949
-0.026753
-0.036920
-0.015234
-0.005663
-0.006353
-0.003332
-0.026595
-0.005098
0.020913
0.011251
0.015762
0.033110
0.009253
0.014162
0.009926
-0.009511
0.014904
-0.004157
-0.023457
-0.009869
0.009653
-0.010200
-0.027102
0.013016
0.001205
-0.020440
0.001719
0.003453
-0.043827
-0.016072
-0.010172
-0.010795
-0.009095
-0.021542
-0.005040
0.006465
-0.002683
0.001689
-0.004604
-0.000391
0.012657
0.011783
0.000498
0.045086
-0.000069
-0.019121
-0.017956
0.006625
0.030758
-0.016798
0.012490
-0.017635
-0.003872
-0.005598
-0.019612
0.042168
-0.003143
0.018768
0.005294
-0.026211
0.000124
-0.013061
0.007930
-0.012109
-0.000870
0.011677
0.002521
-0.000943
0.002904
-0.004287
0.006922
-0.017069
-0.019074
0.004408
-0.002174
0.027338
0.002766
0.001600
0.011426
-0.007864
-0.015343
-0.018522
-0.001957
-0.011736
0.021987
-0.024085
-0.010493
0.014385
-0.006019
-0.003634
-0.020684
0.002688
-0.010723
0.000336
0.001171
0.001172
0.009867
-0.000444
0.006224
0.004687
0.001672
0.026423
-0.005800
0.006757
-0.024651
-0.032840
0.020922
0.010693
-0.001888
-0.016860
-0.003370
-0.001679
-0.004386
-0.013616
-0.012549
0.010998
-0.001361
0.006225
-0.014321
0.006561
0.006523
-0.001281
0.015591
0.020191
-0.007510
-0.004496
0.005301
0.016284
0.002389
-0.006424
0.002982
0.006663
0.008955
0.010313
0.001391
-0.013843
-0.009302
0.017033
0.013276
0.023013
0.028534
0.001154
0.002953
0.001630
0.012043
0.008656
-0.010751
0.028143
-0.014245
0.007875
-0.002036
-0.025079
0.019022
-0.006405
-0.005920
-0.016812
-0.019478
-0.013393
0.039800
-0.010623
-0.016845
0.003797
-0.011639
0.005018
0.011909
-0.017014
0.009481
-0.000877
-0.000515
0.015641
0.019678
-0.012207
-0.021557
0.009757
-0.013617
-0.002996
-0.012128
0.012449
0.005170
-0.020599
0.008541
-0.007061
0.006397
0.003192
0.009121
0.015582
-0.008130
-0.006275
-0.030092
-0.031036
-0.019526
-0.006297
0.006433
0.004594
-0.009672
0.018880
-0.000466
-0.029755
-0.006639
0.004888
-0.015004
0.007162
0.014498
0.023856
0.029072
0.015281
0.012785
0.014919
-0.022616
-0.008836
0.015309
-0.017025
-0.011252
0.008520
-0.022094
0.001597
-0.011371
0.007890
-0.031287
0.019118
0.013730
0.032722
0.002414
0.023965
-0.010220
0.033449
0.008953
0.001761
0.044447
-0.006929
0.020534
0.018188
-0.021827
-0.011663
-0.041245
0.000784
0.032444
0.025764
-0.012408
-0.006449
0.038591
0.001023
-0.006169
0.016273
-0.004087
0.024781
-0.005923
-0.006919
-0.013264
0.029616
0.014761
-0.008548
-0.008721
-0.028103
-0.005100
0.001894
-0.003476
0.008109
0.001476
-0.067828
0.015152
-0.000545
-0.015295
-0.029140
0.028530
-0.034439
0.017643
-0.031904
-0.001296
-0.006514
-0.018516
-0.046286
-0.015176
0.040412
-0.010022
0.032398
-0.022261
0.027719
0.020979
-0.011105
-0.007194
0.009187
0.007656
-0.019231
0.027511
-0.010922
-0.037385
-0.018499
-0.011017
-0.016224
-0.000635
-0.038390
0.028262
-0.005258
0.000276
-0.007203
-0.006843
-0.025689
-0.031147
-0.034149
0.015936
-0.055841
0.006098
0.030641
0.014413
-0.019857
0.018650
-0.010226
-0.009733
0.001283
0.011795
0.014741
0.009647
-0.002886
0.021808
0.027500
-0.015531
0.003859
-0.032429
0.002574
-0.039457
-0.022405
-0.025514
-0.001084
0.002610
0.049460
-0.012077
-0.011623
0.010137
-0.026060
-0.015184
-0.011128
0.008393
0.007427
-0.015445
-0.012076
0.023840
-0.029621
-0.018182
-0.010585
-0.057023
0.022573
0.007039
-0.042181
0.015444
0.023149
-0.022080
-0.015162
-0.041364
-0.023432
0.011611
-0.010298
0.022644
-0.020168
0.022847
0.025855
-0.012473
-0.006235
0.033830
0.017870
0.004488
0.018008
-0.000291
-0.045566
0.017680
0.020955
-0.011197
-0.007085
0.009935
0.014950
-0.023073
0.018031
0.005980
-0.006099
-0.004332
-0.006163
-0.010336
-0.034404
0.009328
-0.009518
0.001193
0.002164
-0.000172
-0.033032
0.012946
0.011049
-0.058736
0.012260
0.002298
0.018519
0.002690
0.019557
0.030794
0.007718
-0.009276
0.024409
0.018460
0.031683
0.017042
0.002679
0.015278
0.001610
-0.010748
-0.010642
0.032884
0.041795
0.021101
0.021053
0.021414
0.025660
0.031403
-0.014729
0.002758
-0.001592
0.010282
0.040796
-0.013538
-0.039244
0.000402
-0.003228
-0.029064
-0.020492
0.045739
0.010398
-0.001972
0.016199
-0.026256
0.025410
0.052412
0.008456
0.050041
-0.004437
0.005047
0.017920
0.008349
0.003700
-0.022618
0.015383
0.005165
0.030637
-0.006745
-0.034972
-0.015028
-0.031482
-0.021193
0.010556
0.003848
0.005105
-0.001777
0.012243
0.004015
0.000428
0.014784
0.017385
0.011976
-0.024166
0.024058
-0.002465
-0.019353
-0.007573
0.015165
-0.021500
0.020424
-0.016887
-0.010180
-0.035783
0.026179
0.020292
-0.017290
-0.009021
0.009890
-0.009388
0.005754
0.019043
-0.016770
-0.016404
0.021720
-0.006022
0.001776
-0.046051
0.003715
0.004007
0.014495
0.032751
0.018003
0.005941
-0.000912
-0.058609
0.012917
-0.007924
-0.013510
-0.003401
0.011684
0.006727
0.009855
0.023418
-0.004819
0.027126
-0.026702
-0.025830
0.022960
-0.008236
0.000571
-0.022415
0.011042
-0.000650
0.002452
0.013698
-0.008464
-0.019070
-0.030019
0.036524
0.021791
0.014827
-0.018216
-0.035353
0.018215
0.002349
0.029071
-0.034228
-0.003256
-0.019308
0.004656
-0.004101
0.022908
0.005342
-0.001573
-0.000158
0.004067
0.034330
0.008385
-0.000682
0.023238
0.001331
-0.011778
0.001148
0.017108
0.000037
-0.016060
0.003184
0.005345
0.040835
0.018249
-0.011490
-0.015207
-0.005266
0.004510
-0.036140
0.021136
-0.044782
0.006159
0.008036
-0.014898
-0.011686
0.009042
-0.014482
0.024557
-0.007247
0.006746
0.003303
0.021613
0.007027
0.008964
-0.021571
0.006004
0.026850
0.029634
-0.035530
0.001308
-0.000663
-0.006563
-0.000750
-0.006897
0.005190
-0.045790
-0.000191
-0.026162
-0.010276
0.013650
0.004982
0.020593
0.038578
-0.001029
0.023156
-0.000204
-0.029336
-0.002569
-0.002448
0.005745
-0.021262
-0.006653
0.001598
0.030147
0.002658
0.035203
-0.003288
-0.026952
-0.028592
-0.019321
0.001059
0.000932
-0.009283
0.060162
0.027435
-0.015674
-0.004446
0.000174
0.000012
0.023457
-0.022065
0.038524
0.026850
-0.008397
-0.017759
0.050013
0.020721
-0.042050
-0.009321
0.035333
-0.016897
-0.009064
-0.019827
-0.003857
0.011685
0.009080
-0.002696
-0.002522
-0.003562
-0.032469
0.019682
-0.003278
-0.018574
-0.012536
-0.033465
-0.027749
-0.018290
0.009053
-0.010921
0.006015
0.027552
0.005974
0.004794
0.013314
-0.006827
0.005337
0.010653
0.020024
0.010430
0.034838
-0.011805
0.008402
0.008032
-0.013482
-0.005509
0.025989
0.052511
0.037192
-0.001286
0.012923
0.051711
-0.009049
0.013434
-0.021191
0.005262
-0.011760
-0.001646
-0.009090
0.003384
0.032640
-0.006475
0.012633
0.009020
-0.003173
-0.008706
0.020810
-0.012149
-0.017793
-0.039537
0.017450
0.022228
-0.011551
0.008290
0.013340
0.035783
-0.003181
0.028186
-0.000631
0.025132
0.016047
-0.000098
-0.004907
0.032867
0.005947
-0.021791
-0.013466
-0.003228
0.010821
-0.003794
-0.000917
0.017056
-0.000895
0.018285
-0.010123
0.011848
-0.005463
0.038700
-0.005031
-0.005256
-0.014716
0.023986
0.010283
-0.016217
-0.018206
0.051272
-0.003116
-0.008863
0.024542
-0.015058
-0.017931
-0.000447
0.001327
0.019987
-0.017941
0.001861
0.004525
0.025287
-0.014639
-0.026931
-0.014061
0.012061
0.018584
0.006499
-0.006150
-0.004646
-0.013941
-0.007017
0.038219
-0.043431
-0.013648
0.033970
0.000934
0.017442
-0.047469
0.019764
-0.003998
0.016071
0.012660
-0.012301
-0.005994
-0.007506
-0.016142
-0.032556
-0.019423
-0.010303
-0.011980
-0.005600
0.026598
-0.002629
-0.019811
-0.041081
0.023992
0.016248
0.026313
0.009592
0.020897
0.027544
0.010892
0.052191
-0.006094
-0.008142
0.004063
0.001036
0.017846
0.017495
-0.006287
-0.018996
0.009411
0.027892
-0.024324
0.049099
-0.030930
-0.021513
0.001334
-0.009141
-0.029561
0.023804
0.005893
-0.000777
0.030379
0.007979
-0.047107
-0.030904
-0.044969
0.022806
-0.024426
-0.023455
0.004779
-0.013461
0.002906
0.015902
0.015497
-0.008387
-0.048138
-0.000320
-0.004532
-0.017011
-0.000037
-0.014434
-0.002790
-0.007560
0.015040
-0.013329
-0.012414
-0.018105
-0.018184
0.008888
0.025973
0.010939
-0.042177
-0.012669
0.011417
-0.003145
0.002323
0.024630
0.012849
-0.006946
0.026934
-0.000968
0.040361
-0.034522
0.026379
-0.010256
-0.023706
0.000188
-0.005927
0.020708
0.004867
0.033410
-0.032096
0.042261
0.032838
0.014890
0.026399
-0.015988
0.003050
-0.013733
-0.009901
-0.012683
-0.012546
0.016394
0.015272
0.001991
0.034896
0.006295
0.019211
0.025246
0.020672
0.021076
0.002277
0.000947
-0.013733
-0.009301
-0.031694
0.050192
-0.002139
-0.008915
0.005472
0.007244
0.011362
-0.017757
-0.005949
0.004958
0.024810
0.043512
-0.028034
0.042022
-0.013792
0.043541
-0.002228
-0.002769
-0.016485
0.001494
0.015179
0.032718
0.005912
0.002709
-0.001153
-0.007276
0.014213
0.020481
-0.009123
0.008104
-0.021913
0.016777
-0.003747
0.036310
0.023430
-0.014032
0.006245
-0.025828
-0.012335
-0.010679
0.003455
-0.014318
0.033216
0.025486
0.014516
-0.019650
-0.015881
-0.020651
0.007898
0.044253
-0.027337
0.039947
0.003265
-0.033056
0.001352
0.025793
-0.028212
-0.000346
0.028329
-0.002191
-0.036389
0.021792
0.013271
0.009290
0.018705
-0.000990
0.004317
0.019766
-0.019015
-0.024319
0.001645
-0.022878
0.011968
-0.014022
-0.000434
-0.002352
-0.004580
-0.005623
-0.020236
0.012603
0.000463
0.007139
0.005237
0.017022
-0.014064
-0.024050
0.015641
-0.008676
-0.002587
0.025438
0.012350
-0.018737
-0.021125
0.040516
0.020517
0.006056
-0.004892
-0.003687
-0.004557
-0.000198
0.033471
-0.030601
-0.031868
-0.040634
-0.002271
-0.007729
-0.003099
0.009478
0.018753
-0.013892
0.039126
-0.013721
-0.010668
0.011672
-0.007573
0.004450
-0.017683
-0.028463
0.036842
-0.012581
0.029036
-0.019197
-0.006356
-0.010923
-0.012059
-0.010240
-0.001055
-0.004022
0.001313
-0.008521
0.028599
0.041791
0.005981
-0.013196
0.013653
-0.003915
0.003688
0.007111
0.002617
0.042089
0.011926
0.004930
-0.022393
0.025780
-0.021220
-0.024050
-0.033145
0.000047
-0.016248
-0.004492
-0.000527
-0.036649
0.022639
-0.031493
-0.014914
-0.017496
-0.005378
0.013022
-0.026879
0.015630
0.003316
0.045996
-0.005230
-0.012434
0.013782
-0.016104
-0.024224
0.077823
-0.012606
-0.017987
0.015391
0.009314
-0.021006
-0.011234
-0.003095
-0.005026
-0.033219
0.016980
-0.018169
0.014117
0.022572
0.022754
0.001028
0.009978
-0.028556
0.007564
-0.012937
0.021339
0.011202
0.024108
0.028203
0.029715
0.034707
0.017527
0.009321
-0.028525
0.005736
-0.008977
0.039537
-0.008977
0.041443
0.006496
-0.017574
-0.018105
-0.027379
0.034249
0.032657
0.015923
-0.002608
-0.010008
-0.011556
-0.039836
0.007721
-0.007705
0.043331
-0.013435
-0.029304
0.023883
0.016129
-0.008560
0.049786
0.021684
0.037232
-0.021475
-0.046713
0.022867
0.033741
0.003775
0.041064
-0.037804
0.028918
-0.013042
0.032581
-0.014734
0.023014
0.064082
-0.044563
-0.031538
-0.005880
-0.070777
-0.042966
0.018219
-0.012329
-0.071008
-0.037586
-0.031876
0.004995
0.011050
0.016663
-0.060066
-0.015292
-0.017600
-0.032375
0.029628
-0.026339
-0.040673
0.000684
0.003006
-0.027311
0.015732
-0.042349
0.006146
0.029435
-0.019158
0.028884
0.033896
-0.010269
-0.073109
0.034906
-0.007630
0.038887
-0.012813
0.003590
0.001638
-0.003398
0.009730
-0.033494
-0.052547
0.024481
-0.011659
-0.021105
0.044687
-0.004195
-0.050239
-0.057319
-0.005666
0.024035
0.035455
0.019511
-0.004802
0.014222
-0.016171
-0.040686
0.036220
-0.008046
-0.007526
0.004336
-0.024644
-0.026121
-0.059870
0.040945
-0.004560
0.002561
-0.033507
-0.021629
-0.049295
0.001289
-0.034560
-0.007052
-0.044566
0.003062
0.021451
-0.004721
-0.002419
-0.029036
-0.017068
-0.008572
-0.010422
-0.019223
0.043461
0.044393
-0.015652
-0.040894
0.008452
0.006218
-0.046820
-0.027721
-0.002293
-0.023773
-0.004222
-0.016290
-0.037974
-0.010634
0.021171
0.044757
0.014151
0.027957
0.016259
0.016928
-0.019204
0.072022
-0.015469
-0.000490
0.024385
-0.006902
-0.001691
-0.016422
0.027129
-0.048247
0.016332
0.002962
-0.016299
-0.031911
-0.000286
0.015731
-0.024054
0.013296
-0.009847
0.007207
-0.008102
0.000041
0.024131
-0.005534
-0.009813
0.015012
-0.021589
-0.007035
0.024343
-0.002974
-0.027146
0.000593
0.015947
0.010018
-0.003523
0.015656
-0.005007
0.009510
-0.001880
0.030787
-0.052665
0.003314
-0.003516
0.019695
-0.006320
0.026149
-0.024661
-0.006067
-0.028932
-0.029610
-0.014114
-0.028346
0.007490
-0.025979
0.016367
0.001217
-0.008832
0.007939
0.012172
-0.031352
-0.001415
0.016337
-0.004127
0.054809
0.019030
-0.044860
-0.003458
-0.025981
-0.037385
0.001135
-0.013672
-0.018418
0.027313
0.000405
-0.000316
-0.036096
-0.012040
0.020380
0.001687
0.067771
0.036655
-0.005225
0.019995
0.026625
0.016247
-0.020532
0.000315
0.006606
0.025493
0.001023
0.014884
0.033331
0.023300
0.046523
-0.014814
0.019819
0.047547
0.048655
0.029787
-0.001960
0.021043
0.034859
-0.004760
-0.011279
-0.009856
-0.024684
0.051141
-0.015280
0.028104
0.030910
-0.011027
-0.000919
-0.012387
-0.027486
-0.029687
0.022220
-0.010335
0.002006
-0.065659
0.039413
0.014257
-0.013314
-0.008498
0.050808
-0.020741
0.015297
-0.050641
-0.024604
0.018563
0.005173
0.031676
-0.003911
-0.009232
0.052902
-0.016762
-0.015331
0.019986
0.017959
-0.033831
-0.003090
-0.013066
0.012695
0.004554
0.008274
-0.015319
-0.003816
0.017299
-0.022327
0.016109
-0.015168
-0.009209
0.004964
-0.003377
0.018217
0.021694
0.037489
-0.017236
-0.011056
-0.003181
0.000438
-0.003438
0.002904
-0.010945
-0.021167
-0.007400
0.014904
0.010964
-0.010297
-0.015186
-0.002625
-0.019481
0.001762
-0.020016
0.002277
0.000280
0.036652
-0.002696
-0.024646
-0.040773
0.007326
-0.025768
0.009744
-0.016915
-0.017171
0.016620
-0.010952
0.013595
-0.007083
-0.007367
-0.015603
0.021742
-0.008036
-0.001839
0.005714
-0.009181
-0.002910
-0.015923
-0.033672
-0.017006
-0.005151
0.008061
0.011018
0.008076
-0.008954
0.002651
0.008742
0.041058
-0.001192
-0.013610
-0.016120
-0.001720
0.013487
-0.004491
-0.004085
0.011188
-0.013377
0.021291
-0.014630
-0.023444
-0.025057
-0.009833
-0.003135
0.002976
-0.008209
0.009163
-0.000237
-0.022993
-0.017270
0.016350
0.005882
-0.032435
-0.009883
-0.011492
0.023596
-0.008003
-0.013383
-0.018547
0.017463
0.014816
0.031279
0.000985
0.022112
-0.030005
-0.008837
0.036174
-0.003436
0.016126
-0.009444
0.003241
-0.006593
-0.021765
0.006865
0.017056
-0.009125
-0.012044
-0.013468
-0.007998
0.004883
0.003257
0.007715
0.000789
0.000235
-0.001406
-0.025401
-0.023031
-0.002816
0.005151
0.027630
0.022553
0.040095
0.060176
-0.045034
0.005221
-0.012281
0.057797
-0.016590
0.002170
-0.025297
-0.015455
0.008156
-0.032268
0.004471
0.017753
0.035441
-0.029490
-0.005480
-0.021181
0.033708
-0.037324
-0.001953
-0.011205
-0.015978
-0.017355
-0.006146
0.004202
0.045325
0.026984
0.025499
-0.028448
0.043966
-0.016116
0.062884
0.001150
-0.042704
-0.005422
-0.026957
0.046470
0.045664
-0.011790
0.049290
0.013391
0.032215
-0.022290
-0.003799
0.000279
0.051656
-0.002792
-0.027041
-0.018302
0.007905
0.028929
-0.067753
-0.017777
0.040366
0.022616
-0.012064
-0.031011
0.043550
0.073975
0.021890
-0.013609
-0.010061
0.020988
-0.043286
-0.062256
-0.005941
-0.009878
0.020295
-0.027564
-0.012665
0.050625
-0.047932
0.030081
-0.057104
0.002782
0.002313
-0.042046
0.002702
-0.060389
-0.006614
0.035188
-0.031525
0.009273
0.006899
0.010242
0.031116
-0.020052
-0.054694
0.026318
-0.055819
0.006129
0.032986
0.030097
-0.010211
0.004523
-0.046269
-0.053145
0.005644
-0.008076
0.004359
0.020695
-0.025282
-0.016696
0.028306
0.039004
0.013502
-0.015271
0.040623
0.000789
0.013617
-0.008736
-0.036259
-0.043542
0.043036
-0.014357
-0.075169
-0.034808
-0.021520
-0.045355
0.046753
0.015707
-0.018102
0.007035
0.006487
0.028382
-0.027105
-0.005291
-0.006083
0.009194
-0.013268
-0.033923
0.023989
0.003243
0.006205
0.002392
-0.002746
-0.023180
-0.002254
0.023174
0.003955
-0.008672
0.008019
-0.016266
0.023514
-0.009927
-0.001628
-0.012674
0.008833
0.003071
0.011616
-0.004752
0.004726
0.038503
-0.013807
0.004551
0.003191
-0.008525
-0.005250
0.007688
-0.000967
-0.019937
0.017473
0.003753
-0.005290
0.019289
-0.015252
-0.008820
0.007171
0.008434
0.015903
0.027119
0.009228
0.022084
-0.002439
0.002574
-0.016931
0.017230
-0.015200
0.008484
0.007399
0.029125
0.006487
0.012983
0.002414
0.003350
0.024186
-0.018257
0.021050
0.004124
-0.013553
-0.010347
0.038346
-0.006130
0.009293
-0.007651
0.016533
0.028788
0.014295
-0.011900
-0.010217
-0.014213
0.014918
0.005459
-0.003745
0.018039
0.013626
0.000900
-0.010745
0.002375
-0.013696
-0.005223
0.008783
0.020718
-0.014930
-0.030109
0.013372
-0.019164
-0.004325
0.012751
-0.012365
0.011785
-0.008995
0.013799
0.010450
0.014454
0.003454
0.020714
-0.007425
0.021623
0.010889
-0.000799
0.022245
-0.003590
-0.001814
-0.003512
-0.011025
0.003171
-0.021946
0.012351
-0.021412
0.003894
0.000833
0.029337
-0.001430
-0.040900
0.001132
0.012394
-0.012681
0.003221
-0.013841
0.000714
0.009032
-0.010200
-0.027577
0.013394
0.015020
-0.042303
-0.000693
-0.031173
-0.009886
-0.017041
0.050383
0.002006
0.014121
0.003302
0.037633
0.004515
0.004588
-0.017867
-0.024740
-0.021810
0.001742
-0.020790
-0.036554
0.013582
0.003074
0.013580
-0.010109
0.037823
0.041408
-0.003644
0.012465
-0.007154
0.027416
0.001207
-0.013227
-0.011386
0.027836
0.027454
-0.030317
0.011638
0.057136
0.001247
0.001060
-0.043577
-0.014905
0.036584
0.006326
0.090031
0.002777
0.074948
0.056014
-0.022039
-0.012844
-0.033832
-0.002395
0.007729
-0.038150
0.034813
0.003331
0.028965
-0.021781
-0.035910
-0.028950
0.004768
-0.033128
0.010100
-0.017107
0.022503
0.003048
-0.006429
0.009813
0.044882
-0.025518
0.004180
-0.017498
-0.028651
0.013104
-0.024694
-0.022040
0.011215
0.010609
0.021708
-0.006935
0.004503
-0.010699
0.007748
0.023751
0.000230
0.047076
-0.068352
0.000323
-0.006123
-0.021560
-0.013423
-0.022111
0.019717
-0.022931
0.008966
-0.033361
0.004872
-0.004318
0.033104
0.035953
0.021396
0.006848
-0.044251
0.005215
-0.049114
0.013790
-0.002440
-0.010865
-0.008875
-0.006325
-0.051717
0.040218
0.043279
0.019422
0.031831
-0.035200
-0.012359
0.014681
0.003706
-0.017953
-0.020842
0.022160
-0.013149
0.001455
-0.030632
-0.050890
0.041401
0.015396
0.002602
-0.007551
-0.014817
-0.008415
0.001478
-0.038958
0.031140
0.007219
0.002602
-0.010300
0.000623
-0.003433
0.002725
0.014497
-0.025687
0.013155
0.001499
0.000390
-0.006909
0.009145
0.006825
0.017885
-0.010981
-0.045005
-0.000425
0.015641
-0.005142
-0.028651
-0.032950
-0.003491
0.034858
-0.012073
0.024087
0.010673
-0.007741
-0.007122
0.010494
0.003406
-0.003547
-0.005894
0.006516
0.018933
-0.004148
0.002488
-0.036381
-0.012336
0.017633
0.001246
-0.003133
0.002362
0.017691
-0.009583
-0.021766
-0.022908
0.007475
0.015279
0.005315
0.023705
0.001494
0.000862
-0.003898
-0.051474
0.006367
-0.018486
-0.028312
0.011163
0.020474
0.032206
0.027155
-0.004996
0.000125
0.013548
0.036536
-0.001969
0.000830
-0.027229
-0.013530
0.007351
0.019550
0.001245
0.011302
0.025867
-0.027610
-0.017200
0.007624
-0.018768
0.000374
-0.003122
-0.001496
-0.019435
-0.000788
-0.000593
-0.003302
0.005146
0.030280
-0.018160
-0.044443
-0.021554
-0.005221
0.035461
-0.049512
0.002894
-0.002138
-0.010316
-0.003232
0.019476
0.002699
0.010662
0.009236
0.047763
0.035253
0.016202
0.014257
-0.021347
-0.004243
-0.001242
0.007730
0.005476
0.015983
0.013483
0.008005
0.003340
0.022672
-0.006985
-0.006169
0.010104
0.035747
0.014442
0.000236
-0.003160
0.019491
0.011634
-0.026605
0.013983
-0.001727
-0.011159
0.019158
-0.027795
-0.005070
0.001434
0.007291
0.019690
0.003284
-0.003398
0.002492
0.024305
0.021233
0.010656
-0.007116
0.025609
-0.048910
0.018293
-0.000972
-0.023905
0.006208
0.001228
-0.010462
0.001885
-0.021964
-0.028688
0.006039
-0.029209
0.019463
-0.010139
-0.006016
-0.043693
-0.030491
-0.014465
0.009055
-0.003397
0.015366
-0.028731
0.037244
0.029401
-0.024476
-0.014315
0.041583
-0.022290
0.023660
0.002693
-0.011134
-0.005502
0.015539
-0.019035
0.028418
0.000231
0.019262
-0.078659
0.033846
0.015064
0.021080
-0.013955
0.029525
0.026937
-0.024284
0.006923
-0.009297
0.031028
0.006949
0.014288
-0.021791
0.030438
-0.005488
0.013738
-0.017777
-0.014451
-0.009864
-0.003078
0.025026
-0.021966
0.038705
0.013875
-0.012266
-0.002028
-0.023136
-0.019889
0.014214
-0.007864
0.001320
0.008474
-0.001174
0.024330
-0.016499
-0.000750
0.018537
-0.029120
0.006426
0.012958
0.022619
-0.033652
0.003124
0.012741
-0.041277
-0.009202
-0.008194
-0.003575
-0.020512
-0.009644
-0.014308
0.007197
-0.010913
0.002072
0.020435
-0.008581
-0.031209
-0.008237
-0.001942
-0.005139
0.002493
0.005485
0.043071
0.046662
0.012507
0.012976
0.027962
-0.006614
0.013324
-0.003134
-0.026927
0.010866
0.012187
-0.010758
-0.022405
0.023991
-0.005425
0.003502
0.005548
-0.016286
0.005858
0.021092
-0.007807
-0.015819
0.006985
-0.024067
-0.009540
-0.019906
0.000611
-0.010883
-0.002639
0.012572
-0.002049
0.023538
0.004367
-0.003469
0.015887
-0.011231
-0.005337
-0.019484
0.001397
-0.001723
-0.017840
-0.008697
-0.020142
-0.012150
0.010289
0.036402
-0.017482
0.019385
-0.005512
-0.014144
-0.010807
-0.010292
-0.013701
0.008765
-0.013941
0.028900
-0.013249
0.000563
-0.006245
-0.025234
-0.004583
-0.000284
-0.018348
-0.001371
-0.011667
-0.000951
-0.005409
-0.016462
-0.015193
-0.004671
-0.018830
-0.009181
-0.021874
0.023578
0.006358
-0.010798
0.017392
-0.024670
-0.005690
-0.007141
-0.034744
-0.000647
-0.005284
0.013918
-0.037495
-0.010845
-0.005933
-0.005158
-0.009561
0.011582
0.021576
-0.011013
-0.035512
-0.004191
-0.009381
-0.023312
0.007886
0.010135
-0.004163
-0.017846
0.007103
-0.012649
0.014084
-0.029748
-0.010777
0.014940
-0.023184
-0.005553
-0.022905
0.002579
0.017715
-0.003705
0.035398
-0.023684
-0.012968
0.004024
-0.014788
-0.020484
0.016895
0.016744
-0.009275
-0.007479
-0.000144
-0.018463
-0.007201
-0.008672
0.012417
0.020518
0.009143
-0.005275
0.012925
-0.002828
-0.011513
-0.006254
0.016462
0.007668
0.022911
-0.032700
0.001084
0.036628
-0.001865
-0.032107
0.016962
-0.008307
0.023618
0.005851
-0.025864
0.028956
-0.010678
0.006979
-0.038192
0.001663
0.002029
-0.006984
0.024360
-0.016069
-0.041663
0.009986
-0.018168
-0.033586
0.011928
0.016902
0.010165
0.029736
-0.008548
0.018909
-0.005272
-0.052944
-0.026906
0.035704
-0.015886
-0.002170
0.009740
0.023957
-0.001099
0.002777
-0.000385
0.001001
-0.018528
0.023192
-0.016349
-0.011649
0.015869
0.011311
-0.019323
0.021658
-0.016513
0.030000
-0.004184
0.056225
0.027675
-0.009739
-0.027693
-0.008191
0.001138
-0.005873
0.022966
-0.029041
0.026396
0.014229
-0.004940
-0.007054
0.006858
0.007790
-0.003992
0.022047
-0.037329
0.006242
-0.008951
0.025345
-0.037112
-0.014508
-0.014937
0.031928
0.018071
0.037512
-0.025121
0.007849
0.003980
-0.005827
-0.018154
-0.005222
0.011833
-0.021445
0.025445
0.005182
0.018673
0.015491
0.001948
0.011863
0.006352
-0.004902
0.015060
0.009929
0.010594
0.018460
0.004640
-0.002845
-0.062746
0.011144
0.008401
-0.004191
0.023859
-0.008955
-0.002143
-0.016600
0.012869
0.008820
-0.003476
0.004616
-0.025721
-0.019723
-0.017179
-0.011123
0.010629
-0.016040
-0.045796
0.013821
-0.004448
0.005928
0.026812
-0.024539
0.019345
-0.005422
-0.013358
-0.019999
0.036937
-0.011326
0.009576
0.042584
0.072209
0.002915
-0.021575
-0.050886
-0.027694
-0.033900
0.052423
-0.016743
-0.022164
0.006575
0.051543
-0.021903
0.007652
0.003776
-0.009053
-0.007101
0.010066
0.008272
-0.000706
-0.020548
0.007704
0.000296
-0.032847
0.023039
-0.008328
0.021029
0.009065
0.021452
-0.057428
-0.015097
0.006135
0.010502
0.025594
-0.009066
0.010297
0.014936
0.000533
0.017160
0.016807
-0.022502
-0.015417
0.005002
0.021315
0.021935
0.017325
0.017253
-0.035889
0.025585
-0.055792
0.014375
-0.016919
0.005137
0.024676
-0.040409
-0.013078
-0.019153
-0.023405
0.033306
0.052128
0.001649
-0.036387
0.034492
-0.046250
0.041046
-0.009508
-0.031226
0.004002
-0.007857
0.010273
-0.024279
-0.098313
-0.004696
-0.011640
-0.007873
-0.015686
-0.009013
-0.011133
0.013265
0.001467
0.003292
-0.032161
-0.046457
0.051299
-0.025555
-0.032170
0.039561
0.047892
-0.006902
-0.020740
0.037548
-0.022714
0.026920
0.007809
-0.039312
-0.064382
0.017756
0.000148
0.007313
0.029156
0.017802
-0.010109
0.009485
0.013887
-0.054205
0.015446
0.024289
0.014594
-0.002045
0.079314
-0.010911
0.017760
0.005867
0.025675
0.031665
0.001293
0.016666
0.020232
-0.040966
-0.021406
0.010964
-0.010163
-0.028618
0.032617
-0.011606
-0.010719
0.004150
0.005802
-0.009439
-0.012144
0.019579
0.007896
-0.018580
0.001282
0.011662
-0.004901
0.026897
-0.018001
-0.013917
-0.013020
0.028555
-0.002088
0.017279
0.029593
0.031116
0.053851
0.006013
0.019862
-0.016753
0.008884
-0.009872
-0.008156
0.011956
-0.024871
-0.027037
-0.016237
0.005963
0.021228
0.017607
0.010299
-0.004488
-0.045829
-0.009617
-0.009414
-0.002638
0.003385
0.007866
-0.015523
-0.017336
-0.005225
0.001305
-0.001288
0.004331
-0.009759
-0.006615
0.011665
0.014516
-0.016395
0.001337
0.017172
-0.022932
-0.013488
-0.006266
0.007955
0.008935
0.011364
0.026049
0.013597
0.020427
-0.033200
0.003569
-0.002092
-0.027620
0.006647
-0.016790
0.037130
0.005023
0.031507
-0.024570
0.022565
0.027396
0.017218
0.010739
0.003510
-0.014619
-0.021310
-0.006962
0.023542
-0.006294
0.012268
0.016947
0.005390
-0.000464
0.000244
-0.027302
0.027107
-0.027611
-0.003366
-0.006706
-0.010447
0.012388
0.006152
-0.025004
0.016646
0.010562
-0.000244
0.012024
0.016122
0.009508
-0.005408
0.003915
-0.023593
-0.002658
-0.007364
-0.004502
0.025567
0.017862
-0.003875
-0.002639
-0.007614
-0.014405
-0.006142
-0.012203
-0.040111
-0.003173
-0.017241
0.003082
0.003241
-0.012021
-0.040970
-0.000183
-0.006865
-0.011376
0.000699
0.012748
0.010549
-0.002257
0.015973
-0.006970
-0.041018
0.002358
0.038991
0.018234
0.031914
0.001933
-0.025203
-0.016910
0.004829
0.011009
-0.010481
0.002858
-0.030530
0.011816
0.031060
-0.002353
0.002163
0.024673
0.003469
0.021533
0.001806
0.005850
0.016392
0.014424
0.003952
0.004023
-0.004820
0.010899
0.014089
0.000411
0.028493
-0.002266
0.010481
-0.024911
-0.010428
-0.002123
-0.039197
-0.017090
-0.026837
0.002813
-0.002294
-0.000611
0.017656
-0.001104
0.009239
-0.001987
0.035557
0.000601
0.005113
-0.032136
0.014607
-0.024152
-0.020670
0.001190
-0.043111
-0.004875
0.029243
-0.008884
0.005794
-0.009013
-0.035150
0.002111
-0.025401
0.001351
0.021538
-0.008357
0.017093
-0.003242
0.009443
0.008361
0.005411
0.015981
0.035917
0.006582
0.022570
0.016076
0.027696
0.013092
-0.000425
0.002704
0.006200
0.003600
-0.018385
0.005062
-0.011971
-0.015996
0.011887
0.030722
0.005007
0.023650
-0.029784
0.032411
0.006405
-0.005094
0.002638
-0.008347
0.048831
-0.020903
-0.011324
-0.012684
0.003829
0.005468
0.020546
0.002042
0.000719
-0.012756
0.017859
0.002995
-0.033141
0.009931
0.019003
0.026003
0.026085
0.002924
0.019996
-0.011153
-0.015167
-0.057363
-0.003955
0.021190
0.023059
-0.031642
-0.008604
-0.026806
0.001684
0.003129
-0.029312
-0.026060
-0.032081
0.012146
0.014898
0.057548
0.023688
0.034515
0.013710
0.000472
-0.007109
0.018820
0.005965
-0.022422
0.011838
0.001971
-0.081110
0.063286
0.009742
0.005993
-0.011368
-0.003017
0.037144
-0.010585
-0.009893
-0.003133
0.016216
0.003218
0.000859
-0.007351
-0.007801
-0.009819
0.005231
0.004939
0.058414
-0.008166
0.016281
-0.011823
0.020479
0.004892
0.006700
-0.068951
0.046819
0.033254
-0.002152
-0.034558
-0.014789
0.010370
-0.009296
-0.000248
0.010259
-0.027508
0.005560
-0.005539
0.028146
0.018126
-0.006069
-0.026083
0.007961
0.019385
-0.009026
0.005954
-0.020223
0.036450
-0.044568
0.018672
-0.009343
0.010134
-0.006737
-0.001888
0.063656
-0.031213
0.000656
0.014057
0.014328
0.015626
-0.004444
0.007408
-0.019055
0.031966
-0.005126
-0.041837
0.032078
0.044576
-0.038505
0.020110
-0.043611
-0.011083
-0.048138
-0.001498
0.020018
-0.023428
-0.000341
-0.007830
-0.014178
-0.002300
0.018619
0.012490
0.001078
-0.003719
-0.002650
0.014493
-0.023058
0.010104
0.019774
0.021969
-0.008759
-0.034191
0.001518
-0.025077
0.014904
0.034752
0.007259
0.034588
0.039977
0.021153
-0.027529
-0.022956
-0.002393
-0.012162
-0.018426
0.002370
-0.007675
-0.001345
0.018859
0.000044
0.013798
0.005741
-0.014344
0.004688
0.017304
-0.033682
-0.030506
-0.009707
-0.037375
-0.002756
-0.017500
0.006768
0.008867
0.023510
-0.016632
-0.001952
-0.033719
0.006703
0.013032
-0.000729
0.011344
0.017314
0.010555
0.001848
-0.001877
-0.005712
-0.009065
0.008510
-0.001054
-0.011748
-0.040149
-0.004197
0.001925
-0.030311
-0.003533
0.013966
-0.008202
-0.017130
0.009938
0.012427
-0.008968
-0.018367
-0.010682
-0.017411
-0.022278
0.001733
0.001933
0.008322
0.004228
-0.003724
0.007769
-0.007168
-0.001614
0.009901
0.005515
0.013663
0.014246
-0.003214
-0.000439
-0.009109
-0.015257
-0.011194
0.022284
-0.008484
-0.019207
0.015613
-0.000841
0.012313
-0.005807
-0.008753
0.017793
0.007547
0.010593
-0.023941
0.021449
0.012672
-0.007950
0.019157
-0.012854
0.016894
-0.009759
0.005456
0.011741
-0.003561
0.018761
-0.023286
0.009505
0.013119
-0.031087
-0.001010
0.005291
0.007401
-0.004163
-0.021479
0.001581
0.010871
0.029376
-0.001344
-0.014048
0.010403
-0.009858
0.025232
-0.009519
0.020401
0.008262
0.025082
-0.002744
0.010721
0.045830
0.018554
-0.008053
-0.010110
-0.005924
0.002233
0.027063
0.003111
-0.005496
-0.008133
0.014341
-0.009255
-0.032563
0.017933
0.011105
0.012348
-0.022036
0.007907
-0.036938
0.002099
-0.002172
0.008283
0.007840
-0.001778
-0.016383
0.011344
-0.008975
0.004772
-0.005750
-0.010380
0.004591
-0.022489
0.004443
0.000053
0.017613
-0.004857
0.001271
0.004523
0.032102
0.018566
0.017193
-0.000609
-0.000355
-0.001577
-0.018828
-0.000504
0.001574
-0.001768
-0.017923
0.020533
0.011068
0.004666
0.002022
-0.002563
0.007560
-0.039024
0.008277
-0.028739
-0.010808
0.032158
-0.039129
0.027733
0.037779
-0.005662
0.004254
-0.023550
0.017567
-0.026511
0.004024
0.014039
0.010569
-0.005130
-0.004614
0.011651
-0.000824
0.005132
0.008199
-0.004796
-0.036987
-0.009924
0.002678
0.044060
0.002729
0.012345
-0.012562
0.005282
-0.004418
-0.015892
0.001500
0.002827
-0.008017
0.000200
-0.006787
-0.021684
0.001631
-0.008436
-0.009015
0.000655
0.008543
0.002249
0.013460
-0.011431
0.003148
0.013358
0.028048
0.007564
0.002502
-0.003906
-0.009239
-0.000768
-0.017810
0.032192
-0.009945
-0.018539
0.002192
-0.001562
0.001683
0.017369
0.005710
0.001592
0.008618
0.003012
-0.004165
-0.011398
0.011203
0.027271
0.048549
-0.001579
0.013012
-0.013267
-0.009232
-0.035239
-0.011500
0.001840
-0.019814
-0.006829
0.008872
-0.024726
-0.046064
0.015897
-0.000659
0.031808
0.006562
0.035193
-0.018968
-0.026989
-0.004903
-0.013410
0.015364
-0.000115
-0.023984
0.001796
-0.026480
0.002588
-0.021633
-0.034455
0.008907
0.003092
0.033196
0.027097
-0.002552
0.014400
0.021312
0.027021
0.070710
0.009817
-0.017431
0.022000
0.013818
-0.047965
0.031263
0.027499
0.009849
0.010647
-0.005071
0.029047
-0.089974
0.038873
0.013858
0.005661
-0.010593
0.015526
0.042192
-0.002316
-0.041663
0.022338
-0.037389
0.007061
0.033060
0.024811
-0.026124
-0.025392
0.061241
0.011415
0.026008
-0.043871
-0.024646
0.044054
-0.052248
-0.041671
0.014679
0.010346
0.028830
-0.034834
-0.019525
0.003005
-0.014834
0.007426
0.032854
0.019127
0.037586
-0.023670
-0.002644
0.004362
-0.023359
-0.034398
0.000494
-0.029405
0.020270
0.010389
-0.001296
-0.055397
-0.005421
0.018487
-0.007870
-0.009112
0.005556
-0.011141
0.010862
-0.015100
0.015982
0.015769
0.016069
0.017820
-0.014237
-0.056983
-0.008009
0.014589
-0.030963
0.029097
-0.005997
0.002532
-0.016903
0.031526
-0.058071
-0.028140
0.015870
0.021323
-0.014895
-0.034733
0.029737
0.013243
0.050182
0.031205
0.007681
0.024176
0.066086
-0.065244
-0.007667
0.000783
0.011458
-0.005182
-0.030368
0.037966
-0.029799
-0.076318
-0.028166
-0.038258
-0.003613
0.033334
0.012572
0.012249
0.029200
0.004940
0.007630
-0.004788
-0.005184
-0.023333
0.007052
0.009307
-0.025277
-0.014384
0.008538
0.018874
-0.003077
0.013544
0.013835
-0.023655
-0.001409
0.005883
-0.020521
-0.003966
0.018891
-0.011010
-0.000992
0.036705
0.015293
-0.026533
0.004079
0.008384
-0.009118
-0.004038
-0.009642
-0.010055
-0.014381
0.029825
0.018960
0.004286
-0.006892
0.007644
-0.009190
0.014764
0.021172
0.021541
0.002280
0.011904
-0.015229
-0.000497
-0.014832
0.016767
0.011497
-0.019219
0.004456
0.013939
0.013111
0.002216
-0.033175
-0.030982
-0.026132
-0.009104
-0.003180
0.012677
0.010057
-0.014855
0.021835
0.007584
0.022895
-0.012851
-0.016245
0.013615
-0.010873
0.015408
-0.004107
-0.008553
0.029569
-0.014194
0.013409
0.002812
0.019284
0.014876
0.002328
-0.022087
-0.016602
0.007984
0.014384
-0.000930
0.002002
-0.015429
-0.010724
-0.015007
-0.008853
-0.038616
-0.009151
0.005259
-0.025763
-0.008593
-0.022366
0.017242
0.000752
-0.024999
-0.029197
-0.009715
0.003496
-0.030864
0.007440
-0.033794
-0.038776
-0.015050
0.008517
0.014337
-0.002767
0.025121
-0.008710
0.011118
0.016712
0.027347
-0.009588
-0.010443
-0.007729
-0.018166
0.004553
0.024562
0.026978
-0.016897
-0.006651
0.007633
0.001031
0.067539
-0.009803
-0.027269
-0.005605
0.013122
-0.008772
0.022606
-0.017503
0.039788
0.001900
-0.001370
0.022171
0.025915
-0.009907
-0.017964
-0.011185
0.010071
0.001986
-0.016844
-0.009567
-0.010803
-0.018734
0.015772
0.025411
0.012009
0.020823
0.072118
0.023507
0.018170
0.020483
0.021545
0.010368
-0.003703
-0.012844
-0.002659
0.023383
0.006388
-0.026600
0.010177
0.011635
-0.024937
-0.025703
0.010393
0.013438
0.021117
0.013260
-0.020253
0.015616
-0.025736
0.026003
0.013881
-0.017169
-0.052993
0.003649
0.032275
-0.002419
0.006767
-0.027355
-0.003288
-0.024474
-0.032102
-0.025403
-0.013520
0.006014
0.012909
0.006684
0.009070
0.026939
-0.001482
-0.030499
-0.024922
-0.008118
-0.026035
-0.014832
-0.055181
-0.004476
-0.011896
-0.035780
0.049537
-0.011496
0.038765
0.007559
0.016452
-0.009953
-0.030799
0.033986
0.000858
-0.024599
0.026960
-0.012681
-0.016539
0.008807
-0.006546
0.022348
0.014177
-0.031959
0.011114
0.030333
0.040160
0.012640
0.016245
-0.010493
0.007464
0.007480
-0.007850
0.032340
0.036858
0.009216
-0.010254
-0.008227
0.019782
-0.046543
0.007852
-0.031068
-0.001275
0.024354
0.016525
0.021598
-0.046491
0.032041
-0.003735
0.001564
-0.015557
-0.010610
0.004203
-0.009290
-0.037057
0.001367
-0.005651
-0.008025
-0.001271
0.003041
-0.024587
0.001854
-0.027315
-0.026533
0.021694
-0.013371
-0.019706
-0.007108
-0.004446
0.021487
-0.008196
0.024266
-0.007288
-0.002426
-0.005013
0.013348
-0.038285
-0.035003
0.032545
0.025359
-0.021431
-0.027471
-0.006854
0.042544
-0.011304
0.024662
0.021873
0.023146
0.005109
-0.013719
-0.032182
-0.003345
0.012187
-0.018641
0.013680
-0.024321
-0.017464
-0.044903
0.001961
-0.053909
0.012922
-0.021301
0.007858
0.001257
-0.025039
0.021653
0.006061
0.017622
-0.004803
-0.020572
-0.009318
0.000743
0.000179
-0.005135
-0.025090
0.011538
-0.029625
0.015305
0.004375
-0.024771
-0.007376
0.005099
0.001041
-0.015518
0.002915
0.013156
0.004870
0.028061
0.002259
-0.011448
0.018419
0.007812
0.009120
0.038735
0.026047
0.012892
0.031161
-0.027819
0.016390
0.017626
-0.024664
0.009030
-0.019796
0.007670
-0.020125
0.006946
0.005580
-0.025974
0.008151
0.007431
0.013495
0.023174
0.000804
0.013727
0.003214
0.001885
-0.021491
-0.001278
-0.024225
-0.016395
-0.013686
-0.012646
0.008792
0.003601
0.064954
0.025999
0.007054
0.006995
-0.000591
-0.026407
-0.024623
-0.025862
-0.016025
-0.003096
0.010971
-0.008265
-0.035019
-0.012710
0.002163
0.027570
0.002547
0.028931
-0.001898
0.006380
-0.007628
0.030397
0.015638
-0.006046
-0.033508
0.014060
-0.035708
0.007416
-0.011131
-0.042115
-0.035360
-0.022307
0.023160
0.003067
-0.023705
0.070476
0.032084
-0.001738
-0.013579
-0.021071
-0.003083
-0.050962
0.026486
0.017286
-0.018991
-0.019149
-0.020274
-0.032954
-0.040396
0.006566
-0.036127
0.019538
-0.020266
-0.036208
0.009788
0.031032
-0.022705
0.041153
0.000100
-0.021936
0.020528
0.035280
-0.023057
0.004036
0.008709
-0.010121
0.015075
0.082702
-0.023893
-0.030624
0.017728
0.025409
0.010671
0.013676
0.052619
-0.005306
0.020214
-0.022808
-0.018928
0.000597
-0.000761
0.007595
0.025048
0.024445
0.001705
0.020892
0.028278
0.065323
-0.040421
-0.044217
-0.025210
0.006252
-0.010850
-0.009775
0.013872
0.021660
-0.018942
-0.024139
0.008361
0.011198
-0.040568
0.018918
0.031135
-0.018034
-0.024467
0.010151
0.012270
0.032631
-0.001728
-0.013411
-0.000230
0.028332
0.008595
-0.004701
0.017222
0.026109
-0.007027
0.034754
-0.007657
-0.021797
-0.036657
-0.056317
-0.021690
-0.041246
-0.013209
-0.003639
0.023154
-0.003053
0.025591
-0.025384
-0.023221
0.025511
-0.022298
-0.033721
-0.015389
-0.033238
-0.027861
-0.020307
0.005021
-0.031602
-0.004670
-0.056452
-0.023725
-0.026391
0.024210
0.026297
-0.015485
-0.064902
0.010731
0.012313
-0.018096
-0.007019
-0.011880
0.013586
-0.027432
0.011217
0.044274
-0.008176
-0.001116
-0.001199
-0.001656
-0.005634
0.008230
-0.013236
0.010197
-0.004881
-0.004980
0.017218
0.013571
-0.009892
0.002960
0.034618
-0.005864
-0.000474
-0.029502
-0.001772
-0.000547
-0.016212
-0.024902
0.008056
-0.009300
0.018881
0.020609
-0.018716
0.037106
-0.005170
-0.006001
-0.010979
0.011988
-0.018014
-0.001294
-0.030447
0.003561
0.005418
0.001067
0.006907
0.000728
0.013156
0.000386
-0.022889
-0.000940
-0.005283
0.004545
-0.001813
0.001455
-0.034144
0.007493
0.010144
0.005979
0.020037
-0.020995
-0.008269
-0.014350
-0.028204
-0.008099
-0.021733
-0.013840
-0.002530
-0.013061
0.022612
0.013555
-0.003984
0.021051
0.029239
-0.021175
0.012706
-0.007946
0.005446
0.011179
0.011962
0.011847
0.020329
0.015859
0.021528
-0.039678
-0.037627
-0.037870
-0.028449
-0.032702
-0.039277
-0.029576
-0.024697
0.016266
0.018001
-0.015967
-0.021183
-0.027770
-0.002308
0.005239
-0.000148
-0.009066
0.000696
-0.038045
-0.031149
0.013582
-0.002723
0.014780
0.019763
0.032606
-0.002830
-0.008164
-0.040188
0.009949
-0.022804
0.019904
-0.001208
-0.002644
0.026963
0.030576
-0.032401
-0.002755
0.017799
-0.029114
-0.026694
0.029904
-0.017875
-0.017640
0.008223
0.010667
-0.005402
0.010146
-0.015693
-0.005594
-0.017957
-0.001078
-0.010561
-0.001164
0.004184
0.011182
0.001640
-0.008531
-0.007877
-0.001057
-0.016969
-0.014554
-0.015128
-0.011724
-0.002623
-0.006008
-0.000454
0.014228
-0.008576
0.022700
0.003363
-0.007994
-0.009752
0.020409
-0.002564
0.001083
-0.008650
-0.009570
0.001612
0.028348
0.004736
-0.007517
0.006002
-0.007708
-0.006768
-0.021680
0.005739
0.014473
0.002441
0.006838
-0.002095
-0.009959
0.009235
0.007322
0.001104
0.009799
0.009644
0.018806
-0.009737
0.003509
-0.002955
0.000818
0.000419
-0.005079
-0.040596
0.007659
-0.010099
-0.002370
0.007164
-0.002993
-0.012569
0.015873
-0.012627
-0.002276
-0.014979
-0.004835
-0.002381
-0.007672
0.002690
0.007165
0.029251
-0.006763
-0.015370
-0.005716
-0.008673
0.002265
-0.014194
-0.016103
0.019374
0.019094
-0.008576
0.008011
-0.003330
-0.004923
-0.005508
-0.002014
0.010010
0.018633
-0.001415
-0.000564
0.018151
-0.003586
0.012411
-0.009705
-0.009865
0.009330
-0.004596
-0.018950
0.008596
-0.010033
-0.009990
0.006830
0.016799
-0.004087
0.014855
-0.006619
0.014075
0.013237
-0.000091
-0.014990
0.018853
-0.008366
-0.015292
0.023734
-0.007857
-0.001886
0.007598
-0.034265
-0.013600
0.016846
-0.017031
0.018911
-0.000699
-0.008382
0.018439
-0.024675
-0.000308
0.004280
-0.000830
-0.026328
-0.022699
-0.008863
-0.009218
-0.019466
0.049722
0.008676
0.002169
0.024036
-0.001799
-0.036983
-0.000418
-0.024814
0.010056
0.014195
-0.011275
0.012359
0.028761
-0.008303
-0.015818
-0.017061
-0.016944
-0.012566
-0.004949
0.012838
-0.004969
-0.027683
-0.009715
-0.029735
0.015212
0.004396
-0.027878
0.002773
-0.014411
0.018326
0.003793
0.005861
-0.019564
0.010525
-0.031442
-0.029801
0.006576
-0.004649
-0.010997
-0.030114
0.001046
-0.013606
0.031692
0.001405
-0.080320
0.005141
-0.012251
-0.039228
0.009252
0.020200
0.003617
-0.013110
0.002513
-0.030349
-0.003984
0.010181
0.012167
0.003899
0.017993
-0.023109
0.005045
-0.002065
0.004910
-0.010242
0.012807
0.013367
-0.018761
-0.005847
-0.007958
-0.014148
-0.001794
-0.008552
0.004379
0.025148
0.014479
0.013021
0.035051
-0.022181
-0.003317
-0.000705
-0.014135
0.013258
0.026511
-0.029534
0.000223
0.034903
0.003437
0.029362
-0.014993
-0.020517
-0.038002
-0.017606
-0.021766
-0.018552
-0.038789
-0.037933
-0.013326
0.033302
-0.007308
-0.014680
0.009059
-0.000273
-0.018075
0.006321
0.032834
-0.008293
0.035425
-0.025531
0.002432
0.014991
0.019623
-0.000463
0.029724
-0.022822
0.031372
0.024069
-0.009450
0.005165
0.007893
0.026878
-0.006122
-0.008864
0.011902
-0.025713
-0.010638
0.006953
-0.001556
0.003309
0.003647
0.009765
0.004185
0.024645
-0.006794
-0.005694
0.001584
-0.003435
-0.007309
-0.001008
-0.007742
0.004085
-0.005851
0.000347
-0.008463
-0.002406
-0.007677
0.002359
0.004589
-0.011610
0.008497
-0.004471
0.001379
-0.013588
-0.002742
-0.016288
0.013131
0.006233
-0.000521
0.010317
-0.000300
0.004051
0.014774
-0.010301
0.015618
0.004938
-0.003013
-0.003422
-0.007023
0.002229
0.001116
-0.006207
0.000257
-0.018028
0.003020
0.003283
-0.020707
0.005319
0.002973
-0.004084
-0.008096
0.014760
-0.014578
-0.007047
0.006356
-0.000233
0.008638
0.001944
0.006426
-0.005359
0.008100
0.021591
0.011661
0.013011
0.006137
0.017999
-0.014228
0.025881
0.002448
0.009073
-0.012181
-0.002481
-0.001725
0.001991
-0.011949
0.011079
0.000647
-0.000283
-0.004250
0.005632
0.008491
0.007326
-0.019914
0.007091
0.000992
0.016646
-0.004895
0.010637
0.004347
0.010577
0.024887
0.014887
-0.017002
-0.009320
-0.019329
0.007312
0.014629
-0.013811
-0.001946
0.009790
-0.003659
0.005227
0.002888
-0.017438
0.015863
-0.004945
0.011695
0.004662
0.007186
-0.019904
0.007404
-0.022170
-0.024801
0.009535
-0.015838
0.008044
0.001981
-0.016933
0.016131
-0.002303
0.003283
0.017814
-0.031380
-0.012086
0.019905
0.016809
-0.004809
-0.010248
0.000368
0.002942
0.024361
-0.006642
0.011703
0.025946
-0.004425
0.035172
-0.001608
-0.008017
0.020183
-0.002754
-0.017300
-0.018353
0.012266
-0.019690
0.008639
-0.009038
-0.010370
-0.029496
0.013425
-0.006007
0.021377
-0.015787
0.010739
-0.010341
0.020100
0.012263
-0.013132
0.017839
-0.021522
-0.001123
-0.006035
-0.002680
-0.028446
0.017675
-0.006704
-0.032059
0.016079
-0.015899
-0.010904
0.001693
-0.019493
0.016271
-0.034235
0.021475
-0.001776
-0.004919
-0.013405
0.002816
0.025133
-0.012164
-0.000929
0.005676
-0.008006
-0.028995
0.012613
0.014459
-0.017227
-0.020269
-0.014080
-0.025113
-0.024914
-0.009877
-0.033291
-0.010795
0.010607
0.015431
-0.016612
0.008376
-0.013929
0.004757
0.043887
-0.012098
0.016925
0.004383
-0.019740
-0.021674
-0.004742
-0.016111
0.011598
-0.026213
0.003447
-0.012063
-0.001139
-0.002718
-0.000990
-0.031659
-0.013599
-0.029615
-0.023835
-0.002967
0.014891
0.006347
0.005913
0.002444
-0.021368
0.034394
0.007720
0.036757
0.020156
0.017289
0.009556
-0.001045
-0.004057
-0.018111
-0.035310
0.001073
-0.015045
-0.027811
-0.063336
0.053724
-0.025644
0.014417
-0.015480
-0.020222
0.008132
-0.006576
-0.037476
0.010303
-0.023805
-0.008040
0.006473
-0.022933
0.030726
-0.001917
0.006812
0.002465
0.001024
-0.001552
0.001339
-0.028621
0.015897
-0.001738
0.024560
-0.013332
-0.017446
0.014576
-0.005398
0.002415
-0.012844
-0.031020
-0.027254
-0.007697
0.006508
0.017177
-0.013696
0.009465
-0.011052
0.007687
0.004180
0.020542
0.019460
0.017721
-0.038118
0.001652
0.007998
-0.030117
-0.006675
-0.005752
-0.001736
0.012674
-0.020497
0.021985
-0.002443
0.004513
-0.012872
-0.019359
0.008557
0.004447
-0.001126
-0.013992
0.026178
-0.003292
-0.006104
-0.002199
0.000682
-0.021800
0.000383
0.012033
-0.024959
-0.010636
0.010863
-0.010376
0.020313
-0.010141
0.018959
-0.003416
0.000521
-0.004745
-0.008299
0.000550
-0.015407
0.009518
-0.012481
-0.005879
0.022578
0.007709
0.000721
0.011589
-0.003843
0.000186
0.023128
0.009307
-0.014815
-0.013520
0.002063
0.005091
-0.015658
-0.011501
0.005615
-0.002277
0.008699
-0.013682
0.004546
-0.007915
-0.000915
-0.009295
-0.011699
-0.006701
-0.004530
-0.008836
-0.005551
-0.022518
0.007594
-0.007326
0.013055
0.020980
0.036741
0.003915
-0.013005
0.018516
0.002418
0.012115
0.021391
-0.008093
0.036850
0.008412
-0.029842
-0.003918
-0.008495
0.012422
0.011363
0.035893
0.011150
0.030174
-0.022492
0.003645
0.003592
0.022831
-0.003243
0.008811
0.026585
0.009375
0.006974
0.016400
-0.018001
-0.010963
-0.004819
0.041543
0.011298
0.024860
-0.042589
-0.012815
-0.013986
-0.007381
-0.018370
-0.025028
0.010535
0.014781
0.007522
-0.015717
0.029341
0.008555
-0.003699
0.017342
-0.003616
0.002326
0.004002
0.002701
0.018604
-0.007938
-0.018482
0.001901
0.009708
-0.011926
-0.011095
-0.013231
0.010582
0.015096
-0.003940
-0.026754
0.030003
0.010367
-0.001000
0.004697
-0.002222
0.014061
-0.000751
0.015628
-0.023762
0.024275
0.008048
-0.015966
-0.056494
0.006863
-0.003271
0.025000
-0.019838
0.013528
-0.015983
-0.016362
0.016026
0.007922
0.038177
0.012501
-0.022116
0.006083
-0.015012
0.000727
0.000298
0.019271
-0.017942
0.032024
-0.010992
0.007195
0.021663
0.001719
-0.014900
-0.024812
-0.004938
0.027472
-0.002408
-0.044114
-0.023276
-0.021435
-0.014806
0.004163
-0.000594
0.023477
0.015586
0.032956
-0.024296
-0.006738
0.028674
-0.025875
-0.006408
-0.025389
-0.009209
-0.008061
0.012422
0.014699
0.030337
0.004733
-0.001794
0.031413
-0.035481
-0.015238
0.014355
-0.008423
0.002231
0.023079
-0.003392
0.005825
-0.016238
-0.001743
-0.007239
0.008900
-0.021170
-0.032004
-0.017805
0.031346
-0.010353
-0.001186
0.016306
0.005329
0.033932
-0.004346
-0.041022
0.002822
0.011951
0.007840
-0.011995
-0.020934
0.018711
-0.021433
-0.010739
-0.018336
-0.040526
0.021478
-0.020442
-0.014955
-0.014532
0.017250
-0.010797
-0.011796
0.012198
0.024858
0.015474
0.018486
-0.042325
-0.047874
-0.010421
-0.042249
-0.002356
-0.016958
-0.031923
-0.034506
0.009903
-0.000408
-0.017077
0.007038
0.028810
0.009697
-0.032012
0.005118
-0.012847
0.009612
-0.001770
-0.021205
0.007095
-0.003016
0.007429
0.000259
0.006045
0.001081
-0.001674
-0.017411
-0.029659
0.007221
0.023393
0.009358
0.038348
0.035312
0.000072
-0.019407
0.004811
-0.017568
0.009239
-0.038962
-0.025994
0.023511
0.010424
-0.009981
-0.024047
0.031338
-0.043012
0.012113
-0.023685
-0.029230
0.009252
-0.001865
-0.001061
0.030611
0.022788
0.006459
0.005199
-0.011969
0.009054
0.027180
-0.016364
-0.009812
0.018830
0.000448
-0.012566
0.003522
0.036952
0.013995
0.030556
-0.028454
0.018858
0.005852
0.019112
0.030897
-0.010981
0.013148
0.037786
-0.057995
-0.022432
0.046794
-0.022162
-0.017305
0.031133
0.014231
-0.015562
0.024094
-0.003624
-0.020342
-0.017635
-0.004016
-0.016388
-0.029771
-0.012876
-0.019169
0.009873
-0.000997
0.042791
0.006041
0.021240
-0.016516
-0.014614
0.023874
-0.003242
-0.005132
-0.014715
-0.000027
-0.000059
-0.015850
-0.023013
0.014710
0.004528
0.030123
-0.013313
0.018494
0.013104
-0.019242
0.009370
0.013362
-0.004132
-0.007405
0.003516
-0.010028
-0.001122
-0.008244
-0.014818
-0.012209
-0.015306
0.001082
0.019271
-0.016640
0.015662
-0.003694
0.010091
0.010084
-0.011531
-0.005409
0.005512
-0.014675
-0.006006
-0.006652
0.012233
-0.000031
-0.009481
0.000347
0.014964
-0.003959
0.046926
0.000545
0.001056
-0.010514
0.002158
0.002107
-0.007224
-0.013418
0.008096
-0.007572
-0.002148
-0.016338
-0.005706
0.023492
-0.002845
-0.004085
-0.019940
0.010207
0.006221
0.014291
0.005653
0.002865
0.017340
0.007042
-0.024023
0.008386
0.028803
0.006732
0.002731
0.009305
-0.017102
-0.018883
0.016663
-0.008120
0.012228
-0.002217
0.007807
-0.008744
0.000141
-0.003128
0.010643
-0.003019
0.019010
0.013760
-0.012600
-0.011176
0.006132
0.005219
0.024063
-0.011245
-0.002113
0.014181
-0.005194
0.014032
0.000017
0.001444
-0.012895
0.020755
0.014696
0.017292
0.006298
0.003183
-0.010853
0.001793
0.004618
-0.009587
-0.004187
-0.009601
0.011365
0.025629
0.005507
0.023048
0.003713
0.024584
-0.022997
0.001413
0.036673
-0.005060
-0.012932
-0.038783
-0.035871
0.005202
-0.000293
0.013870
0.030567
-0.006637
-0.013421
-0.021891
-0.026824
-0.015918
-0.028508
-0.016475
-0.002039
0.002322
0.016282
0.005295
-0.003457
0.024995
0.025274
0.010738
-0.007308
0.000368
0.041575
0.004238
-0.020214
-0.033042
0.036088
-0.009632
0.001120
-0.002524
-0.005901
0.000109
-0.026468
-0.013518
-0.024911
0.033146
0.028369
-0.009249
-0.012097
0.021907
-0.008766
-0.003853
-0.024544
-0.009010
-0.023054
0.014141
0.016090
-0.005164
-0.015682
0.018752
-0.002926
0.022355
0.015624
-0.015618
0.019052
0.001190
0.005646
0.004650
-0.010810
-0.001218
-0.003000
-0.026305
0.038976
-0.001366
-0.034382
-0.006720
-0.009173
0.010063
-0.026003
-0.004660
-0.015162
0.005748
0.015904
-0.006733
0.004341
0.012403
0.005142
-0.023040
0.000084
-0.002595
0.000978
-0.028252
-0.005253
0.033523
-0.011598
0.001163
0.000599
0.024624
0.028884
-0.014375
0.013225
0.003854
-0.002102
-0.030597
0.023142
0.018978
-0.003965
-0.001451
-0.004007
0.023419
0.022056
0.018244
0.004439
0.029484
-0.001523
-0.012632
0.020942
0.009702
0.015174
0.013996
0.016552
0.010590
0.023919
0.012489
0.028310
-0.003012
-0.037636
0.001576
-0.011473
0.002290
0.010507
0.016243
-0.009625
0.012007
0.000033
-0.014287
0.013849
0.013975
-0.019751
0.058379
0.005758
-0.009551
0.050737
-0.001781
-0.016905
-0.002777
-0.003983
-0.031883
-0.036383
0.042841
0.011874
-0.035276
0.004510
0.000806
0.004443
0.017220
0.024891
-0.015071
-0.033115
-0.014100
-0.058488
0.019563
0.002758
0.024522
0.019485
0.039112
0.051743
0.045325
-0.003426
0.018862
-0.034816
-0.017114
-0.003118
-0.056715
-0.006829
-0.002980
-0.026969
0.061122
0.040423
-0.042966
-0.059383
0.029418
0.059346
0.004117
-0.005394
-0.005163
0.000024
-0.019129
0.065251
0.017843
-0.003165
-0.041968
-0.014912
0.035259
0.015299
-0.007049
-0.047222
-0.002342
-0.011775
0.014927
0.008742
0.087745
-0.019719
-0.013507
-0.001830
0.009552
-0.006864
0.015484
0.010281
0.013981
0.016471
-0.010379
0.007986
0.010896
-0.019256
0.029909
0.026244
-0.033499
0.000502
0.003411
0.011731
-0.013097
-0.007953
-0.052001
0.026630
0.042935
-0.041690
0.071841
-0.002941
0.006840
0.029644
-0.015497
0.036434
-0.017182
-0.012525
0.047367
0.001594
0.023306
0.024786
0.039212
0.043600
-0.017826
0.007451
0.031178
0.014026
-0.000521
-0.013571
-0.037199
-0.028875
-0.021491
0.003600
0.010330
-0.014577
0.010236
0.003304
0.024023
-0.002363
-0.008808
-0.032411
0.033745
-0.039103
-0.006714
0.022129
-0.009166
0.042680
0.036970
0.006899
-0.005915
-0.007330
0.058599
-0.037623
0.024733
-0.014750
0.030593
0.012100
-0.020948
-0.014400
-0.018532
0.027668
-0.004488
-0.019477
-0.000365
-0.006443
0.002880
0.000199
-0.005240
-0.034904
-0.010142
0.010944
-0.015899
-0.012787
0.000486
0.025218
0.024371
-0.010520
-0.013522
0.001366
0.068257
0.050385
-0.017598
-0.006111
-0.006217
-0.008040
-0.026623
0.014014
-0.021603
-0.015212
-0.010098
-0.026507
-0.012588
0.040577
0.014487
0.034922
0.014059
-0.001946
-0.032448
0.004727
0.031617
0.003255
-0.033284
-0.013846
0.029748
-0.046983
-0.000326
0.005510
0.024119
0.014744
0.016195
0.051623
-0.010842
0.031134
0.007859
0.017633
-0.016594
-0.006380
-0.039994
-0.017468
0.009649
0.022946
-0.035572
-0.012672
-0.026512
0.053107
0.055103
-0.018172
0.000582
-0.028222
0.008141
-0.004836
0.009770
0.026164
-0.007961
0.007006
0.007950
-0.014160
-0.016350
0.031108
0.027863
0.044815
-0.002636
0.053381
0.000635
-0.002382
0.001224
-0.013316
0.043240
0.004564
-0.029873
0.020999
-0.005413
0.059303
0.036915
0.015383
-0.004077
-0.022612
0.055528
-0.009311
-0.043547
-0.003830
0.012734
0.023518
0.006456
0.041820
-0.005884
-0.056274
0.026637
0.011133
0.026364
-0.019165
0.007651
-0.000573
0.017838
-0.023643
0.000931
-0.004248
-0.000810
0.014751
-0.017429
0.019466
0.007957
-0.010237
0.010636
-0.017849
0.051827
0.020385
-0.016359
0.025370
0.032375
-0.011517
-0.002873
0.012349
-0.025634
-0.021232
-0.005366
0.008845
-0.019265
-0.007348
-0.004513
-0.027790
-0.022897
-0.005696
-0.012537
-0.012405
-0.010866
0.015452
-0.008494
-0.006746
0.003048
-0.015780
-0.015219
0.055800
0.012007
-0.017354
-0.010512
0.000213
-0.020076
-0.018596
-0.015980
0.031534
-0.037376
0.003412
-0.006645
-0.014676
-0.011326
0.011686
-0.000185
0.013354
0.001729
0.012739
0.023516
-0.018943
0.008946
-0.002437
0.005512
-0.011123
-0.012227
0.017919
0.000669
0.012807
-0.036939
-0.004442
0.009448
-0.033880
-0.005051
0.015158
-0.002886
0.007528
-0.020126
-0.020079
-0.001663
0.003219
-0.019020
0.001822
0.007154
0.008853
-0.019684
-0.015990
0.036485
-0.025530
0.003635
-0.047024
0.027833
-0.001359
-0.025542
-0.009410
-0.006525
0.036123
0.014620
-0.010492
-0.021135
0.017840
-0.011256
-0.017282
0.006402
0.010500
0.005904
-0.023656
-0.023638
0.003349
0.011224
0.003948
0.008358
0.006090
0.028280
-0.015278
0.033728
-0.012555
-0.011493
0.014105
0.027049
-0.020815
0.013948
-0.015185
-0.005358
-0.027539
-0.009097
-0.009021
-0.022791
-0.004271
0.002539
0.020420
-0.000369
0.004446
0.011073
-0.007236
0.003054
0.011388
0.006199
0.029157
-0.019604
0.008162
-0.010366
-0.004821
0.012936
0.014064
-0.013234
0.013724
0.008973
-0.006494
0.002070
-0.002710
0.000768
0.003475
-0.009536
0.004702
-0.007009
-0.021100
-0.001439
0.003334
-0.006504
-0.024773
-0.002353
0.014561
-0.015139
-0.032121
0.000539
0.003051
-0.013089
0.015322
0.021081
-0.001763
0.015056
-0.005419
0.009004
-0.000436
-0.024663
-0.009122
-0.018994
-0.001791
0.028547
0.018871
0.004727
-0.029755
0.003173
-0.012476
-0.012173
-0.012127
0.013538
-0.008619
-0.006185
-0.005792
0.026367
-0.004543
0.010641
0.016005
0.006123
0.006987
0.039741
-0.001085
-0.005681
0.010361
0.005613
-0.013177
-0.002088
0.001837
-0.013108
-0.012472
0.001710
0.009086
-0.002586
-0.007358
-0.041136
-0.035841
0.004449
0.006130
-0.000533
-0.012615
-0.006393
-0.000583
0.008161
-0.009524
-0.018758
0.016702
-0.028142
0.003948
0.008836
0.015752
-0.020275
-0.005286
0.016862
0.008336
-0.022816
0.005443
0.000590
-0.006152
0.011337
0.002064
-0.003577
-0.002835
-0.001965
-0.002416
-0.033358
-0.004592
-0.013431
0.035905
0.021665
0.003530
0.002860
-0.008845
0.003760
0.011241
-0.001147
0.012702
0.006621
0.010528
-0.011565
-0.006768
-0.018775
0.000653
-0.013821
0.037710
0.038645
0.024702
-0.006424
0.075558
-0.025294
0.005829
-0.021333
0.018727
0.024598
0.057887
0.024571
0.001065
-0.024299
0.039751
-0.009199
0.003367
0.025910
0.014956
0.002087
-0.005728
0.017517
-0.014596
0.007523
-0.021530
-0.004154
-0.024456
-0.013367
-0.022217
-0.009282
-0.011579
0.022004
-0.012919
-0.022966
-0.007121
0.033638
0.003547
-0.024006
0.015070
0.008106
0.015593
0.005462
-0.010649
-0.047094
-0.013289
0.013164
0.023352
-0.013648
-0.024468
0.017774
0.004776
-0.061400
-0.072607
0.011969
0.019299
-0.014768
-0.000139
-0.018427
0.004466
0.000825
0.017911
0.010654
0.006608
0.010904
0.023525
0.001778
-0.017727
0.037925
0.074096
0.025358
-0.016782
-0.016156
0.024469
0.001835
0.008583
-0.015273
0.005228
-0.040405
-0.029012
-0.024334
-0.004622
0.012911
-0.021238
-0.008199
0.000723
0.019857
-0.026641
0.011866
0.008532
0.036384
-0.016657
0.033407
-0.003831
-0.023109
0.022895
0.011116
-0.062826
-0.011791
-0.023746
0.046391
0.015872
-0.006501
-0.026239
0.000503
-0.052458
0.014167
0.006554
-0.011748
0.001411
-0.002686
-0.011080
0.018868
0.010713
0.003833
0.003395
-0.006720
0.002640
-0.012634
0.006073
-0.009946
-0.033014
-0.008560
0.082613
-0.043827
0.005024
0.017182
0.029226
-0.000522
0.005035
0.016593
-0.000648
-0.025655
-0.007955
0.009396
-0.013386
-0.028744
-0.004159
0.005432
0.029695
-0.001828
-0.036344
0.005718
-0.024331
0.003224
0.004732
-0.011215
-0.035173
0.031662
-0.029240
0.013215
0.014637
0.015325
0.008160
0.005063
-0.016690
-0.018525
-0.004642
-0.004084
-0.001915
-0.030035
0.023275
-0.005253
-0.026104
-0.026695
-0.026992
0.018266
-0.005003
-0.016606
-0.018873
-0.001580
-0.018640
-0.017501
0.001843
-0.033516
-0.005450
0.022937
0.016578
0.010937
-0.038829
-0.003618
0.003568
0.019746
-0.026838
0.013053
-0.037994
-0.024364
-0.019737
0.023451
-0.016599
-0.000824
0.010319
0.013818
-0.007891
0.005759
0.032611
0.000289
0.004374
-0.004285
-0.020981
0.010765
0.015695
0.010983
-0.002834
0.012567
-0.031777
0.011690
-0.014509
0.012538
0.033390
-0.010726
-0.001609
-0.032864
-0.025802
0.030510
0.020180
0.026891
-0.001643
0.016759
0.018675
0.004361
-0.017473
-0.037015
-0.017171
0.000251
-0.025799
0.015290
-0.013949
0.018490
-0.029785
0.035131
0.027239
0.007591
-0.004463
-0.024459
0.013912
0.019654
0.005696
-0.005431
0.003964
-0.015393
-0.030758
-0.018733
0.005837
-0.012539
0.014106
0.036571
-0.015233
-0.031045
-0.032198
-0.013253
0.013450
-0.010180
-0.007295
0.009922
-0.050086
0.027596
-0.006175
0.001017
-0.016038
0.019827
0.012860
-0.007190
0.030946
-0.031988
0.030558
-0.019815
-0.038443
0.002438
0.012546
-0.024104
0.012523
-0.034874
-0.032524
0.014695
0.013115
0.003817
0.030434
-0.030225
0.019120
0.007261
-0.017549
-0.012829
0.013263
-0.004686
0.038126
-0.031101
0.020147
-0.020549
-0.026857
0.005892
0.012587
-0.046302
-0.013887
0.015804
-0.032232
0.000515
-0.015681
0.046873
-0.003904
0.019414
-0.008730
0.008567
0.012139
0.050369
0.017145
-0.043618
-0.004585
0.005218
0.011739
0.016722
-0.005330
0.017964
-0.017479
-0.015365
0.023243
0.019891
-0.012446
-0.019860
-0.007256
-0.026690
0.000050
0.018385
-0.012293
-0.011124
0.015446
-0.003641
0.017416
-0.011283
-0.028915
-0.005941
0.000517
-0.007387
0.004441
0.000344
-0.000094
0.001917
0.011076
-0.026109
-0.013748
0.020853
0.058916
0.001448
0.010890
-0.004913
-0.015457
0.031961
0.004420
-0.008239
0.016750
-0.003842
-0.010724
-0.009514
-0.027409
0.002340
-0.012796
0.002325
-0.008986
-0.017152
-0.010295
0.015518
0.014747
-0.027853
0.014306
0.021450
-0.033704
-0.016750
0.001535
-0.010013
-0.003913
-0.004573
-0.006235
-0.001012
0.000345
-0.021001
0.006643
0.000350
0.009779
0.012014
0.051620
0.025292
-0.005662
0.013963
0.011347
0.009459
0.002818
-0.012377
-0.009606
-0.009621
-0.062692
-0.001614
0.004935
0.016008
-0.004065
0.005306
-0.010834
-0.031320
0.063683
-0.006484
0.005292
-0.053654
0.039019
0.062778
-0.008084
-0.018388
0.020988
-0.007449
0.018702
0.000325
-0.001972
0.012785
0.040752
0.014473
0.004120
0.006801
0.005303
-0.028289
-0.005212
0.054982
0.029014
0.003042
0.010859
-0.034537
-0.052868
-0.018627
0.028600
-0.002260
0.011854
-0.025924
0.002379
0.041746
0.040630
0.005878
-0.033367
-0.007761
-0.001766
-0.006606
-0.038918
-0.038233
0.026232
0.009903
0.025005
0.009240
0.035461
0.006829
0.002281
-0.014844
0.043486
-0.075066
0.007047
0.007210
-0.000868
0.004526
-0.027535
0.008395
-0.000963
0.002022
0.027883
0.029640
-0.026331
-0.009655
0.006734
0.020329
0.025531
-0.013109
-0.038131
-0.022676
0.044944
0.013177
0.051093
-0.009528
-0.005018
-0.057492
0.024548
0.021504
-0.001113
0.064943
0.006448
0.018322
0.018024
0.011360
0.030092
0.015470
0.002697
0.005658
0.050017
0.020487
-0.004727
-0.033523
0.003108
-0.023733
-0.011991
-0.032748
0.001143
-0.002460
0.000943
0.025542
0.011094
-0.067965
0.015006
-0.001272
-0.023613
-0.015435
-0.012844
-0.006246
0.018374
0.050837
0.043369
0.025227
0.027213
0.039708
0.003352
0.021184
0.007119
-0.009459
0.004023
0.008507
0.002770
-0.001917
0.007653
0.008543
-0.016995
-0.020332
-0.011164
-0.025471
0.031771
0.000474
-0.056450
0.000221
0.049475
0.022658
-0.013474
-0.018086
0.009849
-0.036996
-0.009644
0.014451
0.002907
0.014308
0.024662
0.044007
0.009911
0.001718
-0.005583
-0.043324
0.004688
0.006051
0.026015
0.015880
0.011207
0.025075
0.028244
-0.044782
-0.017824
-0.003493
0.017517
0.012030
-0.028379
-0.002294
-0.037964
-0.006357
0.002420
0.001186
0.017384
-0.046564
-0.004430
-0.007007
0.027093
-0.023175
-0.014736
-0.009210
-0.023006
0.006998
-0.007182
0.007235
0.007052
0.033777
0.033488
-0.025760
0.000522
0.003848
-0.002681
0.030152
0.023009
0.007747
-0.032070
-0.011402
0.027175
0.014251
0.003451
-0.018435
0.017631
0.028048
-0.003775
-0.020051
0.011140
-0.013908
-0.003175
-0.003608
-0.000745
0.003991
-0.016019
-0.022612
-0.031684
0.001487
0.006597
0.019506
-0.012786
-0.001519
-0.009759
0.017308
0.014715
-0.010551
-0.030937
-0.000736
0.013658
-0.016281
-0.045628
0.011748
0.000487
0.008364
0.021726
-0.007471
0.025172
-0.001936
0.001441
0.023645
0.009018
0.033067
-0.007487
0.011143
0.019365
-0.032904
-0.023445
0.004203
0.042305
0.001471
-0.005613
0.027796
0.002171
-0.010631
0.000446
-0.027225
0.027331
-0.006587
0.019441
0.054109
0.018428
-0.006724
-0.016409
0.005410
0.023534
-0.038168
0.002644
0.011334
-0.000078
-0.003892
0.000650
0.016036
0.089947
0.005291
0.005998
0.011582
-0.023758
-0.052891
0.000678
-0.007559
-0.004293
-0.020201
-0.083682
0.001676
0.022633
-0.024489
-0.003181
0.064874
0.015792
-0.015062
-0.015072
-0.020062
0.029846
-0.045899
0.000559
-0.037698
-0.097273
-0.019097
-0.037017
-0.012009
-0.018555
0.020598
-0.001620
-0.010710
-0.035778
-0.030465
0.031546
0.025465
-0.020158
-0.016161
-0.035715
0.011337
0.025520
-0.019272
0.027236
0.040931
0.026795
-0.004155
-0.030210
-0.033683
-0.016882
-0.014308
-0.008767
0.006499
0.030771
0.049338
0.001857
0.009880
-0.011934
0.001231
-0.017000
0.057494
0.018498
-0.042571
-0.029110
0.013012
0.041805
0.065381
-0.041436
0.000509
-0.024168
0.018374
-0.075144
-0.007741
-0.039135
-0.077156
0.006319
-0.046132
-0.023212
0.006285
0.013855
0.005289
-0.041783
-0.014033
-0.006355
0.018224
-0.015012
-0.016313
-0.002722
0.021939
-0.008489
-0.027543
0.018549
-0.064599
-0.018637
-0.036797
0.058804
-0.062391
-0.007910
0.010319
-0.006355
0.016597
0.000902
-0.014639
-0.025235
-0.007018
-0.027317
-0.006958
-0.036982
0.012195
0.021814
-0.049270
0.009297
0.066069
-0.061781
0.022167
-0.001679
0.031055
-0.006257
-0.016511
-0.009442
-0.010672
-0.024554
-0.011967
-0.012964
-0.004630
0.007128
0.026459
-0.006099
-0.045802
0.015735
0.006661
-0.016311
-0.018612
-0.012605
-0.027272
0.013036
-0.025304
0.044445
0.035417
0.014726
-0.001827
-0.000304
-0.010515
0.000660
0.040570
-0.020284
0.030133
-0.001053
0.011416
0.021020
-0.014607
-0.022943
-0.007131
-0.014735
-0.036559
0.050865
0.003037
0.012292
-0.001160
-0.014373
-0.020927
-0.002002
0.002803
0.028623
0.045396
-0.038280
-0.018618
0.009080
0.018777
-0.029294
-0.014607
0.021805
-0.011078
0.016277
-0.072623
0.043019
0.010806
0.011926
-0.028413
0.033411
-0.006871
0.028900
0.010043
0.015252
0.007687
0.004798
0.000553
-0.027244
0.006310
0.025932
0.021738
-0.004707
-0.029205
-0.006304
0.022387
-0.003064
-0.003730
0.002845
0.026562
-0.028480
0.014441
0.011243
0.002120
-0.030067
-0.007174
0.024120
0.002002
-0.023418
0.041498
0.018322
0.043633
0.012337
-0.000049
-0.033399
-0.013788
0.051599
0.009884
0.000992
0.016111
0.045188
-0.042284
0.039302
0.017824
-0.020870
0.039570
-0.035296
0.004928
-0.022278
-0.006645
0.024084
0.040326
0.014889
-0.016429
0.006023
-0.003565
0.010270
0.001450
-0.014096
-0.038101
-0.015296
0.029899
0.042319
-0.001709
-0.018525
-0.011475
-0.019654
0.032817
-0.028829
0.000963
0.010665
0.008487
-0.029624
0.014435
-0.019153
-0.023044
-0.005186
-0.013785
0.023975
0.004161
-0.014533
-0.021684
-0.005959
0.010622
-0.022220
0.007830
-0.003913
-0.008719
-0.025779
0.015776
-0.002570
-0.003365
0.002491
0.008139
-0.015149
0.012447
-0.026859
-0.008235
0.028583
0.034819
-0.018589
-0.008212
-0.014600
-0.037284
0.024863
-0.023583
0.035094
0.008081
-0.008630
-0.002724
0.005610
0.004225
0.019501
-0.027875
0.009980
0.022362
-0.015065
0.028432
0.016084
0.003047
-0.049769
0.027155
0.002827
0.006159
-0.038299
0.037082
-0.022691
0.006197
0.026740
0.036515
-0.016044
-0.009818
-0.004664
0.011657
-0.029736
-0.004720
-0.008612
0.032234
-0.000503
-0.012589
0.012592
-0.013708
-0.022102
-0.058680
0.036029
-0.013333
-0.017401
-0.001943
0.006868
-0.016365
0.032293
-0.014084
0.005392
-0.042621
0.005812
0.016454
-0.011476
0.032210
-0.021563
0.031452
0.016259
-0.004241
0.004575
0.007495
0.000557
0.003572
-0.014054
-0.020179
0.012041
0.013491
-0.004183
-0.014955
0.025063
0.055582
-0.025813
0.024539
0.003806
0.019072
0.002511
0.015610
-0.022642
-0.011910
-0.012576
0.020697
-0.005429
-0.004204
0.006586
0.010761
-0.006390
-0.018187
-0.011211
-0.016378
-0.026656
-0.001674
0.004859
0.023188
0.017877
-0.000841
0.002338
-0.011821
-0.026472
0.005279
0.026845
0.029480
0.014646
-0.009646
0.046575
-0.007915
-0.000039
0.021587
-0.009234
0.004091
-0.019914
0.031001
0.052169
0.029172
0.005949
-0.019174
0.032935
-0.024227
0.004598
0.035557
0.010038
0.004635
0.048609
-0.031956
0.028378
0.026540
0.003950
-0.044690
-0.039481
0.036919
-0.006113
0.038503
-0.009321
0.003617
-0.017362
0.000930
0.010811
-0.017748
-0.006168
0.044974
0.026953
0.021221
0.005644
0.050741
-0.036977
0.004231
-0.012886
0.034464
0.037101
0.014343
0.014583
-0.010714
0.004340
0.040836
0.025024
0.002690
-0.008906
0.016541
0.029149
0.007040
-0.019359
-0.016658
-0.027079
-0.007221
-0.040432
-0.024063
0.065118
0.024036
-0.028176
0.065646
-0.008417
0.008215
-0.027242
-0.027544
0.003194
-0.010953
-0.015171
0.005444
-0.017094
-0.019012
0.004791
0.040376
-0.010673
-0.017979
0.011606
0.022215
0.015412
-0.039613
-0.015585
-0.035669
-0.024963
-0.002166
-0.007741
0.003907
0.016341
-0.059271
0.014529
0.014177
0.040831
-0.024181
-0.015282
-0.006926
-0.033008
0.029592
0.003676
-0.037516
-0.043660
0.006696
-0.015994
0.018692
0.017249
-0.037245
-0.010623
0.029835
0.011557
0.009502
-0.005561
0.000608
0.002790
0.007022
-0.014449
-0.004146
0.010661
0.005151
-0.001519
0.004333
-0.002027
-0.001669
-0.007284
-0.022555
0.016880
-0.005454
-0.013557
0.017849
-0.006769
-0.010501
-0.001196
-0.005050
-0.003136
0.012574
0.009697
0.005614
0.002888
-0.005344
0.000146
-0.001142
-0.012590
-0.001782
-0.010802
-0.011321
0.010672
-0.002399
-0.000576
-0.007396
-0.012534
-0.008558
0.004925
-0.003574
0.005112
0.000547
-0.008340
0.005594
0.002931
0.001292
-0.000062
-0.000728
0.017985
0.007949
-0.008713
0.003871
0.016298
0.002933
0.004270
0.012101
0.015520
0.022205
-0.002082
0.007943
-0.008398
0.004063
-0.014514
0.008364
0.019480
0.000363
-0.002220
0.003464
-0.000129
-0.002637
-0.011556
-0.001447
0.002846
-0.005497
-0.024339
-0.003754
0.008971
0.003645
0.001208
-0.001914
-0.002451
0.018263
-0.000250
0.012540
-0.009770
0.007446
-0.002135
-0.028412
-0.003545
-0.007835
0.003306
-0.009699
0.016867
0.004109
0.014428
0.003327
-0.003068
-0.011834
-0.009992
-0.010058
0.010154
-0.001354
0.016524
0.004919
-0.020458
0.015067
0.008797
0.006030
0.002883
-0.011059
0.004996
0.002926
-0.022648
-0.003182
0.012604
0.006084
0.001164
0.001486
-0.000909
0.009977
0.011424
-0.010571
0.006898
-0.008991
0.004396
-0.016916
0.022690
0.003527
-0.006443
0.011074
-0.011305
-0.029866
-0.016727
-0.044973
-0.027517
0.032073
-0.007875
-0.002236
-0.014388
-0.000468
-0.007201
-0.016575
-0.046234
0.009207
-0.018224
-0.013173
-0.058659
0.010644
-0.032819
-0.016707
0.001272
-0.011871
0.017404
-0.004164
-0.023105
-0.020259
-0.013293
-0.016672
0.039330
0.011466
0.002721
-0.011832
-0.008465
-0.012694
0.000514
0.003098
-0.009100
0.019829
0.019755
-0.024888
-0.020056
-0.006784
-0.010127
-0.013024
-0.020039
0.003695
-0.023917
0.011401
0.005104
0.001616
0.035828
-0.011544
-0.019734
-0.027317
0.043569
0.010200
0.005459
-0.035295
0.008620
0.014629
0.000181
0.034059
0.004693
-0.038924
-0.012541
-0.021838
0.002561
-0.007387
0.012599
0.011886
0.016680
0.006513
0.000016
-0.027203
0.053725
-0.021280
0.050936
0.036033
-0.007671
-0.032373
-0.005514
-0.027651
0.009331
-0.042254
0.017233
0.015906
-0.004635
0.005895
-0.012958
-0.018930
0.017877
-0.030649
-0.014195
0.038624
-0.002506
0.015725
-0.001179
-0.054678
-0.046936
-0.013688
-0.008872
-0.002835
-0.024584
0.001090
0.012759
0.009404
-0.043399
-0.006864
-0.017284
-0.016349
-0.003155
0.049639
0.019910
-0.004453
0.029409
0.005983
0.014606
-0.008718
0.003165
0.023655
-0.015056
-0.001577
0.021481
-0.010149
-0.001800
-0.035330
-0.021450
-0.018803
0.005593
-0.030095
0.015702
-0.025371
-0.004843
-0.022886
-0.008546
-0.018742
-0.018154
-0.010300
0.015998
-0.024834
-0.037334
0.004400
0.003160
-0.003894
0.026217
-0.010790
-0.020163
0.033073
0.012944
0.016269
-0.006502
-0.022521
-0.031061
-0.003756
0.011107
-0.012899
0.036882
-0.009034
0.031249
-0.021665
0.006530
0.011003
-0.007420
-0.021103
-0.014906
0.009160
-0.007069
0.001570
-0.014122
0.003416
0.029225
-0.000596
0.003151
0.015441
0.015614
-0.005778
-0.012595
-0.012129
-0.003307
-0.022449
0.000457
0.002859
-0.028591
-0.013443
-0.009037
0.050965
0.013285
-0.029633
-0.012784
0.022234
-0.019050
0.014441
-0.038657
-0.011028
0.011570
-0.009249
0.015042
-0.019246
-0.018330
0.011617
-0.000729
0.036782
-0.035285
0.005275
0.019154
0.006257
-0.020515
-0.011107
0.044828
-0.002716
0.012565
-0.008073
-0.011938
0.028529
-0.000636
-0.006692
-0.000554
-0.002463
0.035227
-0.003305
0.006273
0.002507
0.003551
-0.028629
-0.027401
-0.042755
0.003507
0.012593
0.035795
0.016297
0.014883
0.011892
0.025298
-0.004063
-0.022786
-0.001867
0.015109
-0.031447
0.034182
0.000997
0.002461
-0.002770
-0.021609
-0.018903
-0.007500
0.000926
0.015134
0.031149
-0.022092
-0.001370
0.026469
-0.001890
0.035321
-0.020458
-0.020384
-0.051485
0.002821
0.042920
0.003281
-0.003496
-0.019511
-0.038816
0.009812
-0.000460
-0.003301
-0.022444
0.001958
-0.016852
0.022111
-0.053323
0.020385
-0.004914
0.011981
-0.008061
-0.009078
0.013643
0.052069
-0.001027
-0.008113
-0.001791
0.002301
-0.008299
0.013655
0.021859
-0.013058
-0.025525
0.014472
-0.000319
0.015939
-0.009462
-0.021865
0.028125
-0.004677
0.019895
-0.009717
-0.003593
-0.019082
0.013663
-0.041646
0.018109
0.002682
-0.015175
-0.001511
0.006629
0.018915
-0.004153
0.017933
-0.002365
0.058534
-0.036002
-0.027953
-0.020940
0.023793
0.011740
0.007068
0.013233
-0.004832
0.006927
0.021512
0.063921
-0.016925
0.037819
0.017528
0.025081
-0.026981
0.007003
0.007962
-0.007770
0.017877
0.014309
-0.017959
0.043542
-0.039721
-0.015610
0.038160
-0.001751
0.013763
-0.008182
0.027778
0.005739
-0.029799
0.006144
-0.018587
-0.019040
-0.005738
-0.014965
-0.008412
0.030099
0.005539
-0.012553
0.007231
-0.022568
-0.038049
0.003979
-0.015784
0.018973
-0.037621
-0.014760
0.008513
-0.016378
-0.002942
0.024898
0.008200
0.026416
-0.028158
0.026297
-0.007347
-0.039614
0.010955
-0.006685
0.016685
0.017028
-0.004559
0.006557
0.009079
0.021469
0.001107
-0.013275
-0.013497
-0.012414
-0.027214
-0.005415
0.045359
0.005327
-0.013807
-0.023749
0.004436
-0.034756
0.029677
0.000089
-0.031476
-0.016280
0.006077
0.031590
-0.041966
-0.035034
-0.017241
0.023739
-0.000273
-0.007764
-0.027558
0.025124
-0.016325
0.013835
-0.023050
0.007175
-0.012333
-0.031501
0.010428
0.020085
-0.031194
0.011254
-0.018195
-0.003479
-0.009923
-0.009337
0.025794
0.001314
-0.041936
0.046944
0.026718
-0.015649
-0.011736
0.016817
0.038984
-0.037598
-0.002757
-0.012104
0.022950
0.020382
0.009086
-0.018541
-0.004439
0.051708
0.049277
0.000203
-0.003027
0.002012
0.005463
-0.026351
0.021090
0.020034
-0.029620
-0.016598
0.030681
-0.027458
-0.014488
-0.013252
0.038841
0.032530
0.009369
0.024877
-0.021863
0.029477
-0.019244
-0.005796
0.011672
-0.000312
-0.002958
-0.000297
0.031914
0.015619
0.020184
-0.029989
0.001616
0.059682
0.034930
0.052079
-0.020831
0.006729
0.024646
0.035914
-0.022834
-0.033665
0.033793
-0.031793
0.063667
-0.044044
0.001001
-0.021554
-0.006739
0.010994
0.018298
0.031278
-0.016683
0.023082
0.013965
-0.004563
-0.020494
-0.000329
0.006891
-0.015743
0.000347
-0.017396
0.031616
0.004691
-0.006348
-0.045981
-0.051451
-0.043668
0.019211
0.022683
-0.051190
0.006323
-0.020921
0.025198
-0.010427
-0.002999
0.006328
0.008212
-0.000014
0.003971
0.021867
-0.006361
-0.014431
-0.019659
0.003593
-0.009796
0.013885
0.019061
-0.008282
-0.012580
0.013317
0.008728
0.014572
-0.004537
-0.000839
0.009400
0.000220
-0.015459
-0.002829
0.017714
-0.013539
0.005885
0.016954
0.015148
-0.010262
-0.014594
0.010197
0.015933
0.022791
0.003789
-0.005194
-0.008621
-0.002136
-0.011959
0.003127
0.007459
0.012885
-0.011039
-0.015653
-0.009754
-0.006528
-0.001569
0.017950
0.014698
0.003429
-0.009077
-0.007278
-0.022793
-0.003679
0.006092
-0.016082
-0.004890
-0.011155
-0.009031
-0.004839
0.007099
0.014831
0.002651
0.007634
-0.001763
0.005041
-0.015498
-0.006887
-0.001478
-0.002065
0.007089
0.007930
-0.011025
0.001674
0.002820
-0.000061
-0.002688
-0.003183
-0.005163
-0.001800
0.008370
0.002362
0.021390
0.000697
-0.010369
0.000260
-0.017294
0.014657
0.001170
-0.006506
-0.001210
0.015811
0.012870
0.003215
-0.014970
-0.007084
-0.001311
0.017101
0.006725
-0.017286
0.004566
0.013812
-0.002749
0.035042
0.029293
0.007381
-0.005673
-0.008787
-0.007070
-0.007701
0.017765
0.005221
0.028085
-0.007432
-0.021862
-0.004829
0.012837
0.002085
0.006680
0.014916
0.010008
-0.007635
-0.016174
-0.016138
-0.009420
0.020246
-0.007238
-0.014938
0.027659
-0.012621
0.001447
-0.010436
-0.017978
-0.041595
0.010326
-0.022764
-0.014172
0.000945
0.027325
0.018645
0.000562
0.021677
0.006549
0.010728
0.000762
0.001265
-0.000152
0.000470
-0.007698
0.009405
0.002955
0.008897
0.008966
-0.009995
-0.006562
0.005962
0.005261
0.032591
-0.017260
0.020895
-0.006243
-0.018131
-0.017430
0.003794
-0.031075
-0.001696
0.028425
-0.030755
0.008223
0.003179
0.000142
-0.021488
-0.002929
0.007189
-0.027299
0.000358
-0.010480
-0.011665
-0.003398
-0.023693
-0.011616
-0.019816
0.009729
0.036998
-0.014005
0.035368
0.026168
-0.017027
0.003751
-0.014529
0.004553
-0.018599
0.015703
0.011353
0.010083
-0.029887
-0.015506
0.018461
-0.004098
0.000651
0.000744
0.004451
0.009246
0.011684
0.007284
0.008053
0.019110
0.000029
0.003594
-0.003255
0.020723
-0.011649
-0.006894
-0.000766
0.023061
0.000090
0.018801
0.018792
-0.004102
0.002417
-0.009507
-0.032121
0.014886
0.003701
-0.006965
-0.009783
-0.013850
-0.002701
0.006912
-0.019873
-0.001179
-0.006289
-0.005739
-0.002563
0.014596
0.011722
-0.004032
0.007170
0.012397
-0.015664
-0.003984
-0.025520
-0.012224
0.004173
0.000181
0.006882
-0.002402
0.021863
0.004206
0.015279
0.004426
-0.017417
-0.006508
0.005069
-0.018896
0.007347
-0.023408
-0.019076
0.006020
0.021053
-0.014698
0.000011
-0.025849
-0.004235
0.010642
-0.019953
0.004917
0.011324
-0.006500
0.021490
0.035320
-0.013902
-0.011838
0.035723
0.051380
-0.003845
-0.030692
0.001969
-0.020167
0.054851
-0.004854
0.043713
-0.016929
-0.034238
-0.055402
-0.000912
0.023552
-0.052874
-0.019337
-0.010823
-0.012279
0.005149
-0.019086
0.045355
-0.038695
0.005434
-0.011147
0.039929
0.018456
0.043806
0.036826
-0.074228
-0.019252
-0.027585
-0.031843
0.054419
-0.021019
-0.037252
0.041116
0.026845
-0.040232
0.016413
0.023768
-0.033254
-0.029685
0.031396
0.026906
-0.076860
-0.003981
-0.036593
-0.031819
-0.023187
-0.013823
-0.004068
0.003301
0.022121
0.015015
-0.058546
-0.042776
0.006438
0.009600
0.015048
0.000698
0.003331
-0.001702
0.016915
0.009084
-0.020076
0.022531
0.017300
-0.003317
-0.040939
0.057045
-0.030948
0.011568
-0.001166
0.015928
0.019893
0.019216
-0.020384
0.023139
-0.030429
0.020679
-0.021116
-0.025095
-0.005088
0.018745
-0.022506
0.020248
0.005525
-0.016305
0.030067
0.016798
-0.002194
0.001297
0.018656
0.019494
0.008468
0.023590
0.013502
0.045594
0.017539
0.032918
-0.016721
-0.011792
0.015768
-0.001074
0.037414
-0.025634
0.015885
-0.017368
0.027694
-0.005533
-0.012270
-0.004936
0.001284
-0.028541
-0.010164
-0.057995
0.021292
0.024273
0.055721
-0.008397
0.020410
-0.002252
0.016308
0.025284
0.022725
0.006104
-0.041174
-0.016636
-0.003345
-0.003070
-0.027801
-0.051593
0.018121
-0.010614
-0.059878
0.016443
-0.017152
0.025534
-0.003165
0.007133
0.003088
0.038028
-0.025002
0.042547
-0.051389
0.031655
-0.009688
0.000773
0.027906
-0.057345
-0.001596
0.028572
0.025147
0.025214
0.053053
-0.031271
-0.014915
-0.028977
0.020990
-0.011231
0.013352
-0.021712
-0.018148
-0.013101
-0.045220
0.019350
-0.027946
0.024427
-0.013350
-0.017315
-0.018991
-0.040002
0.045396
0.003621
-0.050879
-0.001732
-0.021206
-0.024375
-0.021969
0.012946
0.015050
-0.004530
-0.038018
0.064398
-0.005211
0.025042
-0.024506
-0.030971
0.019044
-0.035725
-0.009113
-0.014510
0.025343
-0.001072
0.017498
0.007509
-0.004249
0.004660
-0.022604
0.012745
-0.003091
0.037057
0.007364
0.060106
0.066958
-0.024822
0.012461
0.019392
0.000107
0.032774
-0.009751
-0.021416
-0.000804
0.042859
0.000496
0.041649
0.052218
0.002620
-0.018262
-0.004635
-0.033518
-0.018892
0.016620
-0.024087
-0.006871
0.033596
-0.021482
-0.045938
-0.046462
-0.010848
0.047092
0.040437
0.007358
0.051038
0.012408
-0.089417
-0.009351
-0.029478
-0.037938
0.020964
-0.000217
0.016856
-0.028298
0.020807
-0.017413
-0.026386
0.010296
0.016014
-0.001184
0.008905
0.005737
-0.000708
-0.019934
0.000776
-0.001412
-0.012936
0.021441
0.010827
-0.042822
0.013603
0.008295
-0.005657
0.002159
-0.008722
-0.003734
0.015847
0.015189
-0.026527
0.024288
-0.029971
-0.009553
0.005580
-0.002488
-0.011681
-0.039922
0.019212
0.011564
0.019871
0.011324
-0.007195
0.035565
-0.008455
0.034248
0.018247
-0.034142
-0.005172
-0.023413
-0.012637
-0.034845
-0.016597
-0.011182
-0.011855
-0.006096
-0.006658
-0.021077
0.021956
-0.019368
0.005217
0.025099
0.018438
-0.008711
-0.006978
0.001056
0.005634
-0.033463
-0.019127
-0.009075
0.016798
0.041074
0.003775
0.009207
-0.012784
-0.009475
0.020536
-0.036142
0.001253
-0.004188
-0.016145
0.006328
0.006676
-0.008681
-0.012123
0.011052
-0.040125
0.000152
0.021968
-0.021248
0.023655
0.014112
-0.023679
-0.004419
-0.003860
-0.001522
-0.017371
0.002383
-0.024095
-0.010859
-0.012495
-0.016579
0.024824
0.016739
-0.004303
0.032571
0.013402
0.001607
0.018531
0.032216
-0.006962
0.012020
-0.020353
-0.007848
-0.004617
0.000181
0.012881
0.022002
0.023674
-0.010548
-0.020475
-0.016330
0.006190
-0.015560
-0.009107
-0.002261
0.023224
-0.005871
-0.024202
0.014484
0.012753
-0.011741
-0.043781
0.013987
-0.003398
-0.019975
0.014625
-0.008439
-0.023495
-0.001028
0.003860
-0.042963
0.012417
0.006957
-0.004457
-0.011588
-0.018749
-0.003798
0.025444
-0.017883
0.005324
-0.040863
0.007376
-0.012504
-0.009245
0.014575
0.008237
-0.006566
0.005607
-0.001990
0.020213
-0.003065
0.001755
0.004293
-0.019492
-0.002731
0.012817
0.015863
-0.016673
-0.029020
0.018702
0.008549
0.003078
-0.040762
-0.006258
-0.005004
0.038888
-0.008668
-0.032944
0.006183
-0.034028
0.012623
0.010954
-0.018246
-0.003369
-0.020359
-0.018680
-0.017929
0.019474
-0.031119
-0.016585
0.022083
0.006045
0.021599
-0.039017
-0.004456
0.001249
0.032932
-0.007318
-0.002121
0.007300
0.012722
-0.007798
0.013545
-0.004839
-0.002354
0.003550
-0.002004
-0.018056
0.007088
0.003882
0.020771
-0.008524
0.028533
-0.000897
0.014284
0.005293
0.007788
0.032024
-0.000334
0.050888
-0.004543
-0.002134
0.009353
0.050382
-0.014706
-0.022390
0.004414
0.045300
-0.028576
0.053608
-0.009854
-0.012100
-0.016559
-0.001435
0.007302
-0.003140
0.027387
-0.002727
-0.012685
0.002500
0.009733
0.008229
0.011039
0.028606
-0.001796
0.006990
-0.009535
-0.008559
0.003330
-0.039402
-0.030821
-0.014913
0.001986
0.007443
-0.020089
-0.001870
0.026734
0.004295
-0.020652
0.026562
-0.007890
0.006489
0.017328
0.009563
0.002162
-0.009460
-0.001454
-0.021261
-0.005455
-0.015447
0.035541
0.016875
0.010374
-0.000534
0.012119
-0.000397
0.027956
-0.014363
-0.019530
0.000283
0.015043
-0.004439
0.017910
0.004220
0.025708
-0.012379
0.005636
0.007899
-0.028072
0.026392
0.010745
-0.007836
0.040219
-0.026521
0.024236
0.019310
0.009243
0.037720
-0.015407
-0.010076
0.004469
0.035618
-0.018111
-0.001256
0.005602
-0.006281
0.031082
0.030287
-0.021245
-0.056946
0.002171
-0.025447
-0.015812
-0.004942
0.001557
-0.026253
-0.002212
-0.023741
-0.002893
-0.008104
0.017864
-0.004065
-0.017988
0.025587
0.003381
-0.037389
-0.000624
-0.001052
-0.023516
-0.006624
-0.000039
0.003774
0.023288
0.002658
0.005781
0.001377
-0.005920
-0.002475
0.003639
0.026903
0.006730
-0.014513
-0.010394
-0.013315
-0.011758
-0.014635
-0.020739
-0.003626
0.010262
0.024257
0.002415
-0.037309
0.017056
-0.014205
-0.025892
-0.006718
-0.010186
-0.036888
0.004536
-0.004406
-0.020050
0.013550
-0.006231
-0.030848
-0.006278
0.025672
0.019614
0.008096
0.004203
-0.018889
-0.017493
-0.020965
-0.002645
-0.002436
0.010550
0.024873
-0.002489
0.023263
-0.003166
-0.031698
0.004227
-0.007743
0.032076
0.020770
-0.023925
-0.010718
-0.002712
-0.006295
0.032794
-0.025038
-0.040860
0.039337
-0.013312
-0.006933
-0.013886
-0.017069
0.005426
-0.033916
-0.018314
0.010085
-0.038237
-0.049048
-0.009810
0.034539
-0.027686
0.048165
0.022828
0.010068
-0.033794
-0.044695
-0.011721
-0.008414
-0.004426
-0.017096
-0.003807
0.003131
-0.005040
0.027395
0.007195
-0.032487
-0.017164
-0.000500
-0.033434
-0.018572
-0.026555
0.008121
-0.001710
0.058444
0.002444
-0.037558
-0.016835
-0.015236
0.001371
-0.009136
0.002920
0.031128
-0.006360
0.010515
-0.045678
-0.001191
-0.030692
0.000439
-0.016752
0.046374
0.035530
-0.029703
0.004254
0.017296
0.009862
0.009176
-0.012546
-0.032170
0.012109
0.010485
0.014773
0.033765
0.004382
0.014971
-0.000198
-0.020443
0.005796
0.019672
-0.037401
-0.003342
-0.024820
0.020540
0.036389
-0.020091
-0.004003
-0.022223
-0.014769
0.045290
0.004582
-0.018935
-0.021368
0.001779
0.017448
-0.010896
-0.022811
-0.004468
-0.028619
-0.007572
-0.015470
-0.002092
-0.011418
-0.013137
0.002246
0.027263
0.011098
0.006647
0.002148
0.015416
0.039531
0.004142
-0.009340
-0.008145
0.004733
0.025830
-0.005385
0.007061
0.022228
-0.001471
0.016159
-0.011210
-0.013680
0.016899
-0.014297
-0.006437
-0.004464
0.028721
-0.005882
0.056487
0.008162
-0.015226
-0.038308
-0.035564
-0.058610
-0.011659
-0.009637
-0.003620
-0.006627
-0.027640
-0.015033
-0.018858
0.009209
-0.007870
-0.014611
-0.021399
0.053882
0.008385
-0.004545
-0.000833
-0.008326
-0.010169
-0.036631
-0.009798
0.019426
0.014160
-0.014508
-0.001163
0.031493
-0.038583
0.008917
-0.020940
0.024196
0.045040
-0.018821
0.043226
0.023238
-0.025191
0.015104
-0.011080
0.010654
0.001070
-0.022069
-0.014167
-0.008368
-0.017354
-0.007333
0.001079
0.011983
-0.005828
0.018140
-0.001684
-0.009835
0.030326
-0.018876
-0.014979
0.018913
-0.004236
0.023809
-0.002344
0.007529
-0.019957
-0.010103
0.007707
-0.006656
-0.012422
-0.007227
0.036759
-0.019337
0.026174
0.059144
-0.039562
-0.035214
0.011762
-0.015361
0.033726
0.008101
0.014369
-0.005929
0.027622
0.043331
0.025870
0.001607
0.009202
0.001837
-0.014592
0.012914
-0.004319
0.024997
0.011630
0.013578
-0.010863
-0.046975
-0.030222
0.031251
-0.041707
0.006020
-0.003230
-0.000294
0.026433
-0.023296
-0.005685
0.017376
0.037814
0.023401
0.005874
-0.002974
0.015150
0.017992
0.044362
-0.003095
-0.006295
-0.027362
-0.008963
-0.039301
0.012904
-0.003458
0.018460
0.019456
0.020325
-0.008355
0.022157
-0.002144
0.035848
0.004916
0.001046
0.022173
-0.044916
-0.049917
-0.038694
0.015300
0.006878
-0.016181
-0.004959
0.031800
0.007182
0.011092
-0.003463
-0.012919
0.004033
-0.004236
-0.035865
0.007174
0.000904
-0.007242
0.036791
-0.007841
0.001091
0.013600
0.009963
-0.008991
-0.026380
0.012252
-0.001852
-0.012082
-0.023153
-0.019964
-0.004861
-0.017229
-0.013517
0.023781
-0.014426
-0.016085
0.032385
0.012014
0.019598
0.003862
-0.012317
0.046180
0.014039
-0.009645
-0.014308
0.032764
-0.033966
-0.016087
-0.000857
-0.025902
-0.004644
0.013893
-0.004657
-0.021390
0.026955
0.012026
-0.022223
-0.018269
-0.014803
0.042992
0.001154
-0.041115
0.003882
0.048193
-0.016108
-0.008466
-0.001271
-0.053676
-0.002736
0.014717
0.019675
0.021058
0.016916
0.011527
-0.005472
-0.026208
0.003699
-0.018558
0.034991
-0.000174
-0.025852
-0.006694
-0.010843
0.051984
-0.013017
0.018425
-0.003980
-0.015629
-0.009165
-0.000916
-0.010403
-0.007181
-0.012431
0.013888
0.003516
0.024496
-0.008031
-0.025839
-0.009764
0.013710
-0.044693
0.003575
-0.024235
-0.014411
0.017687
-0.013369
-0.015673
0.020367
-0.013370
0.000928
-0.008931
0.028778
0.006049
0.005628
-0.014884
-0.019957
-0.000677
0.046934
-0.006696
-0.022549
-0.000866
-0.019502
-0.025222
-0.007847
-0.026609
0.002209
0.026789
-0.005450
-0.022823
0.004139
-0.018009
0.012094
0.026882
-0.036616
0.007500
-0.003909
-0.016892
-0.008582
0.038132
0.024404
-0.019006
0.031866
0.052068
0.013095
0.017166
0.023104
-0.032356
0.033876
-0.005738
-0.019740
0.076307
0.001879
-0.046807
0.020028
0.023130
0.050195
0.016613
-0.027423
0.018853
-0.044894
0.002900
0.034430
0.040704
-0.019483
0.014843
0.012772
0.059665
-0.032427
0.025125
-0.026184
-0.039202
0.015340
0.073205
0.021164
-0.018254
-0.038901
0.023136
-0.020328
0.018237
-0.024051
0.012545
0.052476
-0.009774
-0.015844
-0.006476
-0.006903
-0.029426
0.013122
-0.055878
0.017369
0.017032
0.036219
0.000167
0.018812
-0.008144
0.005995
-0.020080
0.027490
0.029764
0.042328
0.007717
0.020488
0.014713
-0.069071
-0.025006
0.019223
0.004107
0.000146
-0.002276
0.029137
-0.011288
0.073481
-0.031263
0.050323
0.011294
-0.006823
-0.024303
-0.039847
0.006596
0.009632
0.016460
-0.007644
0.047820
0.000803
-0.017928
0.042767
-0.032435
0.018855
0.009564
0.024707
0.011560
0.016902
0.001922
0.001052
0.021759
0.018998
0.037128
0.006070
0.004642
0.045205
0.014337
-0.001193
0.017373
0.009129
0.017633
-0.018220
-0.003625
-0.005456
-0.014503
0.003444
-0.003695
0.021557
0.015327
-0.090221
0.012558
-0.012620
0.028981
-0.003711
0.014343
-0.046938
0.017282
0.012425
0.020272
-0.007948
0.016369
-0.026007
0.010668
-0.022999
0.011384
-0.033891
-0.009261
0.011599
-0.033690
0.031558
-0.011346
-0.022037
0.005524
0.000028
-0.000131
-0.001855
0.015075
-0.039387
-0.021398
0.015795
0.012119
0.005945
-0.015776
-0.027445
0.001190
-0.027268
-0.007870
-0.026831
0.010971
-0.019815
0.014055
-0.026586
0.026667
-0.024190
0.029355
-0.040216
0.015542
0.002068
0.006544
0.001983
-0.017944
0.031450
-0.019054
0.028373
0.018119
-0.011083
0.030250
-0.025739
0.020072
0.023702
-0.009150
0.005186
-0.024410
-0.011814
-0.054627
0.040138
0.028042
-0.040344
-0.014998
0.000535
0.003559
0.030279
-0.002032
0.007357
0.002534
0.024475
-0.023416
0.017649
0.024158
-0.004001
0.005095
-0.010684
-0.003054
-0.003694
-0.008718
0.030735
0.024094
0.018661
0.052454
-0.004521
0.018408
0.050637
-0.012270
-0.017150
-0.013124
-0.014768
0.035744
0.010335
0.016270
0.006871
0.017658
-0.005624
0.014795
0.007953
-0.024178
-0.013786
0.037213
-0.056879
-0.026537
-0.011511
0.010831
-0.002499
-0.009936
-0.025066
-0.004722
-0.019584
-0.002993
0.029143
-0.010908
0.003269
0.012965
-0.008185
-0.019466
-0.015937
0.004874
0.037144
0.011762
-0.001827
0.006866
0.001772
-0.026075
-0.018656
-0.061539
-0.036595
-0.000711
0.012255
-0.033921
-0.033590
0.022433
-0.005005
-0.038927
0.022168
0.016132
-0.015830
-0.019653
-0.030592
-0.001665
0.042124
0.013264
-0.006575
0.030390
-0.001753
0.034814
-0.007817
-0.018811
0.024535
-0.024969
0.000287
-0.010436
0.030283
-0.017515
-0.006396
0.007741
-0.018729
0.001393
0.043692
-0.009067
-0.008978
-0.018759
-0.018147
0.007241
0.041356
0.052716
0.014534
-0.009898
0.014997
0.041530
-0.008794
-0.019266
-0.003842
0.000454
-0.000796
-0.020869
0.011973
-0.031426
-0.005087
-0.033172
-0.010555
-0.017357
0.020151
0.015508
-0.023353
-0.035646
-0.015763
-0.024098
-0.010474
-0.018788
-0.007113
0.008159
0.001449
-0.036619
0.011540
-0.003896
0.020706
-0.017944
0.034872
-0.003154
0.002167
0.013219
0.020339
0.008027
-0.044648
-0.014747
0.004271
-0.009382
0.006105
0.000367
0.013029
-0.025244
0.002589
0.015150
0.032863
-0.003650
0.015465
0.000740
0.042143
-0.024277
0.014692
-0.012888
-0.000772
0.000680
0.067557
0.029372
-0.023213
0.018383
-0.033721
-0.018006
0.027571
0.014101
-0.022455
-0.026900
0.009487
0.020579
-0.010281
-0.010075
-0.021902
-0.011551
0.031425
0.011070
0.024756
0.002261
-0.035807
-0.002106
-0.041244
0.003809
-0.051036
0.018657
0.022168
-0.009475
0.034903
-0.006202
-0.017100
-0.026201
-0.006739
-0.031860
-0.016670
-0.014701
-0.018339
-0.003542
0.009963
0.031290
0.019173
0.015289
-0.000407
-0.041269
-0.005370
0.009360
-0.007553
-0.001365
-0.033258
0.029573
-0.000789
0.024100
-0.032520
0.011587
-0.012927
-0.010676
0.022697
0.035274
0.007964
-0.009833
0.026040
0.003005
0.014176
0.001881
0.005202
0.010261
-0.000236
-0.002760
-0.014958
-0.017160
-0.023916
-0.027667
0.014660
-0.009625
0.016540
0.010865
-0.029345
-0.004293
0.000454
-0.001814
0.015495
0.020001
-0.022165
0.001452
0.011338
0.016720
0.000910
0.009431
-0.013597
-0.016925
0.024101
0.004419
0.004910
-0.014674
0.003516
0.016746
-0.000703
0.006753
-0.012624
0.008126
0.011796
0.000678
0.007024
-0.012723
0.004899
0.006613
0.019681
0.008061
-0.022463
0.040049
-0.024850
-0.007505
0.012992
-0.000027
0.006756
-0.026086
0.020449
0.004653
0.010689
-0.003761
-0.015074
-0.038411
0.000942
0.023790
-0.019423
0.003990
0.019367
0.018744
-0.022765
-0.001584
0.012676
-0.007708
-0.008440
0.012361
0.032758
-0.014617
-0.005263
0.027590
0.001503
-0.012783
0.031792
0.007361
-0.021229
0.034987
-0.013072
-0.009415
-0.008722
0.028083
0.025572
-0.016566
0.011011
-0.005074
0.012376
0.019102
0.020938
0.004671
-0.011831
0.016866
0.021806
0.020148
-0.033208
-0.056790
-0.028390
0.002869
-0.001318
-0.042482
-0.004461
-0.020173
0.017864
-0.008199
0.004610
-0.035275
-0.005761
0.010774
0.013884
-0.009836
-0.030086
-0.030218
0.011570
-0.021131
-0.024930
-0.025910
-0.007775
0.025510
-0.028852
-0.002555
0.020436
-0.028485
-0.012952
0.027128
-0.005178
-0.007713
0.001433
-0.003094
0.001139
-0.012261
0.000329
-0.031288
0.012465
-0.010363
0.010863
0.029740
0.008095
-0.039199
-0.014288
-0.004712
0.010648
-0.000347
-0.009973
-0.001869
-0.005858
0.005203
0.019389
0.029966
0.020773
0.008851
-0.008114
-0.006114
0.011015
-0.028831
-0.013394
-0.012024
0.005467
0.049155
-0.006523
0.028359
-0.007115
0.018073
-0.006788
0.055206
0.019328
-0.001287
0.005805
0.029545
0.005687
-0.024304
-0.014145
-0.027176
0.023425
-0.019982
-0.003702
-0.005651
-0.045329
-0.016071
0.003237
0.013310
-0.016784
-0.023735
0.035967
0.037918
0.020869
-0.019348
0.042134
0.028506
0.006698
-0.017332
-0.002354
-0.026883
-0.014408
-0.004549
-0.002990
-0.006329
-0.013791
0.022698
-0.025877
-0.003659
-0.021706
-0.007450
0.004747
-0.023079
-0.011956
-0.000214
-0.028863
-0.006290
-0.014758
-0.018667
0.033609
0.036450
0.017579
0.013482
0.001996
0.001775
0.047815
-0.002165
-0.009872
0.032661
-0.031047
-0.012308
0.010932
0.003511
-0.026320
-0.029643
-0.013182
0.059825
-0.003279
-0.013558
-0.006588
0.021356
0.022536
-0.011257
0.002877
0.009520
0.005052
0.006259
0.018375
0.014422
-0.005184
-0.000719
0.001070
-0.000415
-0.003594
-0.002779
-0.017843
-0.021638
-0.001511
-0.010408
0.016594
-0.034372
0.009542
-0.005802
0.001372
-0.004296
-0.007612
0.017823
-0.019717
-0.017145
0.006665
0.011815
-0.015848
0.009385
-0.004954
0.000377
-0.012772
0.016962
0.011244
0.019853
-0.024488
0.008342
-0.005551
-0.019308
0.007830
-0.001206
0.035470
-0.006211
0.028269
-0.007372
-0.004258
-0.029068
-0.025057
0.019470
0.007358
-0.017481
0.015782
0.005604
0.004313
0.016248
-0.009459
-0.003018
0.011444
-0.000923
0.027317
-0.014776
-0.002456
0.015039
0.013676
0.008281
0.012385
0.006748
0.007089
0.006520
-0.048013
-0.015352
-0.017376
0.005234
-0.006889
0.002060
0.023038
-0.006056
-0.014099
0.007072
-0.001689
-0.007823
-0.013179
0.018672
-0.021370
0.014885
-0.024942
0.012719
0.017014
0.003410
0.008955
0.004823
0.020505
0.013128
-0.011490
-0.013327
-0.029252
0.000382
-0.011599
-0.035594
0.018120
-0.011143
0.029693
-0.003055
-0.012752
-0.024393
0.011500
-0.002796
0.001635
0.003274
0.005753
0.006941
0.001706
0.020191
0.003048
-0.012395
-0.022402
-0.009192
-0.017599
0.012797
0.009428
-0.018873
0.000093
-0.028683
-0.008746
-0.002034
-0.019523
-0.016033
-0.030596
-0.002981
-0.011728
0.019036
0.019621
-0.024491
-0.034820
-0.003643
-0.011213
0.038098
-0.000504
0.025071
-0.023443
0.009305
-0.017643
0.004836
-0.021872
-0.022565
0.004783
0.019253
0.033015
-0.002230
0.001512
-0.006853
-0.006229
0.020563
-0.016258
-0.008334
-0.012572
-0.019537
-0.029959
-0.013326
-0.016918
0.022819
-0.025516
0.005673
0.006622
-0.008010
0.015243
-0.024901
-0.006155
-0.020431
0.001741
0.027099
-0.004113
0.015810
-0.005299
0.005299
0.006499
-0.002951
-0.016225
-0.017742
-0.015850
-0.006729
-0.013556
-0.019194
-0.005559
0.023762
0.017395
0.001257
0.006671
-0.009244
-0.011432
0.002618
-0.008304
0.012358
-0.005828
-0.016595
-0.023144
-0.008035
-0.007176
-0.001190
0.003429
0.013480
0.016601
-0.006747
0.011710
0.028828
0.003153
-0.019153
0.019830
0.014440
-0.013964
0.020599
0.007089
0.007342
0.013541
-0.026636
0.004796
0.014560
-0.002049
-0.013392
0.012817
0.009707
-0.008464
0.004775
0.016020
0.003360
0.024816
-0.002032
0.019704
-0.018047
0.005780
-0.000157
0.020926
-0.002310
-0.009486
0.010947
0.036549
-0.020442
-0.009697
0.026921
0.015297
-0.028847
0.026091
-0.029586
-0.038114
0.011603
-0.012224
-0.048038
-0.020275
-0.006862
-0.010635
0.026035
0.017097
0.031548
0.014420
0.030986
-0.003746
0.032857
0.001050
0.020406
-0.000829
-0.018352
-0.030437
0.019175
-0.007874
0.005105
-0.013616
-0.040413
-0.005928
-0.047289
0.007687
-0.021225
-0.004370
0.009636
-0.028205
-0.010975
0.015058
-0.013953
-0.038573
-0.018614
0.025435
0.007972
0.003892
0.015979
0.025936
0.000325
-0.013832
-0.013385
0.044407
0.002123
0.021012
-0.017173
-0.033039
0.008653
0.013629
0.025333
0.018176
0.002170
0.007573
0.001978
-0.010426
-0.003594
-0.030675
-0.003493
0.002078
-0.005354
-0.036141
-0.016526
-0.015561
-0.015287
-0.014992
0.019132
0.004447
-0.008343
0.022722
-0.005440
0.040681
0.006724
0.006286
-0.012308
-0.001927
0.010413
0.033439
-0.045802
0.027740
0.004639
0.018940
0.016534
0.001133
0.035054
0.019194
-0.009875
0.045614
0.037392
-0.005109
-0.003122
-0.001416
0.006800
0.003952
-0.011654
0.045932
0.012267
0.001199
-0.015500
-0.005007
-0.018952
0.020647
0.006625
0.015155
0.015750
-0.035316
0.012668
-0.006627
-0.000281
0.016118
-0.008562
0.036709
-0.009975
0.005528
-0.009259
-0.010125
-0.012955
0.031575
-0.012697
0.031898
-0.026070
0.019625
-0.010510
-0.010767
-0.000074
0.019744
-0.008247
-0.022450
0.015639
-0.018187
-0.004621
0.003988
-0.004620
0.010597
0.036037
0.020333
0.021238
0.001367
-0.014414
-0.001207
0.022075
0.023518
0.026212
0.000866
-0.017057
-0.016055
0.002824
0.009735
-0.011543
-0.018197
-0.001351
0.010879
-0.011105
-0.028387
0.014569
0.015833
-0.015267
-0.025872
-0.006389
-0.002540
-0.021087
0.017191
0.011006
-0.023210
0.009511
-0.016998
-0.008668
-0.016046
0.019397
0.013720
-0.021537
0.020017
0.015287
0.038726
0.006362
-0.020412
-0.024837
0.016952
0.007755
0.003381
0.036295
-0.010717
0.006679
0.013044
0.018351
-0.002742
0.014637
0.009343
-0.007348
-0.005890
0.002359
-0.006394
0.009017
-0.000737
-0.002543
-0.014181
-0.000047
-0.001087
0.013422
0.011563
-0.005199
0.022441
0.009148
0.023169
-0.019176
-0.012358
0.018690
-0.005239
-0.002614
-0.001833
-0.004927
-0.000313
0.007226
-0.012372
0.010720
-0.018074
-0.033424
0.011186
-0.006348
-0.000560
-0.019114
0.012567
0.009490
0.020064
0.021434
-0.002964
-0.006415
-0.004950
-0.011369
0.038257
-0.004435
0.016028
-0.008080
-0.022924
0.010997
-0.002164
-0.021891
0.004266
-0.008977
-0.001524
-0.002338
-0.005354
-0.004468
-0.024664
0.005929
0.005350
0.031624
0.005711
-0.004140
-0.008608
0.007144
0.001460
0.016795
0.016433
-0.032010
-0.031198
0.005740
0.044198
0.000193
0.001537
-0.014652
-0.023455
-0.021663
0.012951
-0.028348
0.018761
0.050992
0.010307
0.000850
0.007987
-0.013731
0.045226
-0.025576
0.016419
0.031235
-0.030960
-0.005428
-0.022414
0.026002
-0.018901
-0.038881
-0.039640
0.031290
0.005538
0.019589
0.005398
-0.015118
-0.034067
-0.019612
-0.012999
0.001649
-0.053967
0.007547
-0.040487
-0.016543
0.015042
0.006554
0.028804
0.004844
0.001170
-0.024606
0.044044
0.016508
-0.012879
0.004277
-0.004186
0.025911
0.033160
-0.003908
0.001997
0.006551
-0.006922
-0.016272
0.011884
0.012149
-0.012288
0.024709
-0.023880
-0.035222
-0.056120
-0.002628
-0.015682
-0.004712
-0.000361
0.013697
-0.011696
0.031610
0.029610
0.031539
-0.016122
-0.004603
-0.023347
-0.037213
-0.005674
0.003090
-0.048280
-0.018863
0.036908
0.026685
-0.019118
-0.035050
0.040186
-0.017889
-0.027463
0.013541
-0.037158
0.006480
-0.002641
-0.025120
0.014394
-0.014134
-0.021781
-0.031270
-0.031872
-0.012953
-0.007185
0.000403
-0.007901
0.022697
-0.011698
0.030698
-0.001549
0.027161
-0.017873
0.012788
0.002866
0.024591
-0.013953
0.003501
0.038991
-0.006160
-0.018686
0.001619
0.043017
0.007553
0.017219
-0.013885
-0.034226
-0.005000
0.031983
0.001472
0.008165
0.007648
0.003069
0.013356
-0.004460
-0.017901
-0.002124
0.017689
0.007449
-0.015561
-0.010537
0.003034
-0.003675
0.011104
0.000585
-0.001507
-0.017667
-0.018080
0.004741
-0.019061
-0.022907
-0.009598
-0.017990
-0.027372
0.024571
0.007126
0.010449
-0.018442
-0.020755
0.028097
-0.005443
0.028332
-0.013119
0.009290
0.013991
0.003952
0.000254
0.012303
0.020772
0.005034
0.014526
0.016799
0.009531
-0.009094
-0.013157
0.020206
0.017202
0.014147
0.009920
-0.008440
0.019050
0.018188
0.021647
0.005758
0.006777
-0.002034
-0.000775
-0.005703
0.004274
0.022319
0.018290
-0.002723
0.005587
-0.004379
0.009144
0.006753
-0.000041
0.005761
-0.003992
0.001771
-0.019638
-0.017326
-0.011632
0.013473
-0.004620
-0.018804
0.030225
0.003993
0.009455
0.004105
-0.004804
-0.016846
0.025337
0.024815
0.002367
-0.033535
-0.000197
0.000409
0.021862
-0.037401
-0.030160
0.019347
0.022900
0.004717
0.020286
-0.009946
0.012855
-0.016366
0.008447
0.006267
0.018291
0.002482
-0.007167
0.017095
0.003415
0.015049
-0.012847
-0.000217
0.000229
0.007353
0.000411
-0.033899
0.010631
-0.001066
0.026851
-0.001930
-0.012326
-0.019185
-0.026670
-0.010097
-0.006631
0.008966
0.002938
0.018669
-0.006969
0.005991
0.001784
-0.016033
-0.010644
0.012584
0.028800
-0.010075
-0.019486
0.012095
-0.025246
-0.045857
0.008534
0.025051
0.031895
-0.011714
-0.017475
0.031654
-0.010254
0.000744
-0.018444
-0.021050
-0.010349
0.008077
0.002350
-0.012196
-0.041481
-0.020656
0.028489
0.004494
-0.013025
0.006401
-0.019853
0.031084
-0.009935
-0.000602
-0.040041
-0.025336
0.025571
-0.043335
-0.035068
0.025438
0.030089
-0.025600
-0.050027
-0.033129
0.004659
-0.025175
-0.000072
-0.002965
-0.025058
-0.027390
0.009032
-0.015450
-0.007957
0.020011
0.007834
0.016658
-0.025999
-0.006303
0.000628
0.015389
-0.022261
-0.019530
0.006662
-0.016844
-0.018034
-0.027310
-0.002690
0.012273
-0.011700
-0.010044
0.005224
0.005360
0.015065
-0.016565
-0.000134
0.017102
-0.007998
0.002212
0.038505
0.009727
-0.027288
0.020504
-0.005970
-0.006395
0.009418
0.005691
-0.034282
0.028829
-0.013329
-0.006674
-0.027117
-0.000551
-0.003261
-0.033629
0.003179
0.013235
-0.016336
-0.029007
-0.008716
-0.006079
0.029277
0.013861
0.009829
-0.001748
0.026862
0.011432
-0.013257
0.024740
0.016009
0.006350
0.021517
-0.012067
-0.011796
0.001998
-0.019285
0.011611
0.029910
0.013766
-0.020804
-0.016433
0.002170
-0.003691
0.051589
-0.019248
-0.017673
0.030082
0.022605
0.006492
0.003093
-0.004838
0.001101
0.016834
-0.000351
0.000288
-0.007965
0.017702
-0.005189
-0.014539
0.020374
-0.014077
0.030243
0.011476
-0.015337
0.015356
-0.012485
0.051047
-0.005800
-0.046438
0.007497
-0.000879
0.022964
0.054658
0.007354
0.017140
0.056181
0.000103
-0.006666
-0.006255
-0.020577
0.052134
0.062206
-0.010734
-0.040663
-0.032635
-0.010440
-0.006043
0.014466
0.010359
0.001548
0.006532
-0.009900
0.010039
-0.014050
0.005717
-0.026839
-0.004539
0.007512
-0.013486
-0.004081
0.050964
-0.014654
-0.036679
-0.026088
0.004552
-0.010111
0.033229
0.007481
0.006970
0.035258
-0.008455
-0.004137
0.032439
-0.003844
-0.025353
-0.044902
-0.021835
-0.010656
-0.026069
-0.028522
-0.014759
0.022283
0.004975
0.011833
0.014006
0.005844
0.022501
-0.034192
0.014842
-0.015632
-0.008060
0.012977
-0.022084
-0.014582
0.020292
0.048749
0.005215
0.021944
-0.003764
-0.036079
0.027965
-0.003166
-0.023671
-0.004513
-0.020834
-0.021671
-0.004755
0.034619
0.000562
-0.008326
-0.034673
-0.035002
-0.003576
0.003790
0.036292
-0.007303
0.009979
0.027432
-0.016694
0.013850
0.007222
0.001913
0.040361
0.049860
0.020583
-0.007598
-0.002930
-0.030131
-0.007339
0.011605
0.004755
-0.028883
0.028600
0.006147
0.013475
-0.035455
0.004511
-0.023404
-0.012920
-0.010739
0.028227
0.001123
-0.028219
-0.041964
0.015366
-0.001478
-0.004158
-0.011684
0.010268
0.039612
0.002444
0.001730
0.030391
-0.019391
0.023887
0.000454
-0.062501
0.026277
-0.036339
-0.024199
-0.000046
-0.004820
0.058140
0.043680
0.012710
-0.018400
-0.041476
-0.085048
0.017625
0.030559
-0.033759
0.012180
-0.030428
-0.060266
0.008384
-0.027927
0.011772
0.026121
0.056449
-0.046203
-0.009386
0.001278
0.005107
-0.087323
0.009494
0.003469
-0.044430
-0.004165
-0.008116
0.016843
-0.035329
-0.014955
-0.036956
-0.031606
0.058839
-0.030616
0.026295
0.046126
0.022477
-0.004413
-0.017301
-0.018232
-0.019805
0.036174
-0.032320
-0.040486
0.009828
0.006042
0.008284
-0.016536
-0.008368
0.023581
0.026979
-0.012163
-0.039161
-0.011898
-0.031978
-0.004883
-0.006973
-0.017105
0.044372
0.033655
0.014600
0.024167
0.049298
0.001374
-0.008245
-0.005067
0.014587
0.006073
-0.021964
0.019822
-0.010006
0.018779
0.000841
0.015756
0.072996
0.000271
-0.036030
-0.010509
-0.009241
0.016934
0.073636
0.000718
-0.009598
-0.025093
-0.030296
0.010027
-0.021232
-0.030313
0.004174
0.001436
-0.029077
0.017272
0.029415
-0.038846
0.015305
-0.045429
-0.029947
-0.030511
-0.037216
-0.011060
-0.034276
-0.005961
0.001518
0.000104
0.012017
-0.040720
0.037029
-0.008883
0.026025
-0.005003
0.017883
-0.011850
-0.059390
0.051475
-0.005259
-0.006113
-0.005369
-0.011229
0.033875
0.032329
-0.007165
-0.008709
0.065854
0.011322
0.025513
-0.016876
0.033676
-0.005778
0.006678
-0.009281
0.004063
-0.031757
0.025181
0.005727
-0.029900
-0.065691
-0.021587
-0.025513
-0.009599
0.004153
-0.010699
0.009910
0.013188
0.006018
-0.047214
-0.039956
-0.011798
-0.009917
0.027549
0.009887
0.011499
0.005936
-0.034881
0.040349
0.009213
-0.032505
-0.013362
0.032421
0.018796
-0.042442
0.041767
0.032514
0.039572
-0.017239
-0.028026
-0.016669
0.000330
0.002103
-0.015727
-0.034465
0.035916
0.002519
-0.021110
0.010459
0.021197
-0.036440
0.000139
0.007399
-0.020467
0.028668
-0.034619
-0.021705
-0.012798
-0.013893
0.006704
-0.013933
0.009881
0.006263
0.022248
0.024848
-0.028862
-0.041479
-0.015535
0.010586
-0.032527
-0.011891
0.010835
0.021782
0.018145
-0.011785
0.018616
-0.036195
-0.007052
-0.018218
0.035874
0.044960
-0.019487
-0.040061
-0.001289
0.033152
-0.009955
0.005155
0.008732
0.042790
-0.058621
-0.002447
0.019655
-0.018585
0.000371
0.003244
-0.021940
0.027090
0.052552
-0.002946
0.017849
-0.009228
0.031138
-0.006352
0.006222
0.032399
0.003510
-0.003957
0.000263
0.008193
0.012366
-0.030756
0.018373
0.005380
0.026300
0.008525
0.022192
-0.004518
0.015629
-0.006283
-0.006131
-0.010940
0.016271
0.012814
0.018194
-0.014735
-0.042754
-0.007233
0.018717
-0.027500
0.026825
-0.028426
0.011503
-0.002100
0.001596
0.003549
0.002590
0.017365
0.001936
-0.024112
-0.009942
-0.025216
0.016761
0.009417
-0.011725
0.010419
0.008803
0.002679
-0.002019
0.009544
-0.021377
-0.016029
0.004945
0.010372
0.012201
-0.012373
0.007727
0.025387
-0.030545
-0.008257
0.038045
0.012182
-0.027590
-0.020342
-0.000407
-0.054334
-0.000799
-0.005702
0.013617
-0.041073
-0.009442
0.007420
-0.004917
0.009925
0.011093
-0.011590
0.014031
-0.029750
0.022105
0.014104
-0.006739
-0.018376
-0.005867
0.004858
0.016825
-0.009089
-0.000751
-0.011595
0.021961
-0.000864
0.012680
-0.000601
0.002957
0.002718
-0.006705
-0.000185
0.009507
0.014293
-0.014735
0.013400
0.006862
-0.018457
-0.018185
-0.009951
0.022788
0.005659
0.002412
-0.013146
-0.005795
0.000816
0.009057
-0.020851
0.002744
-0.031455
-0.010267
0.028417
-0.006951
-0.016882
0.012093
-0.025023
-0.017433
-0.030983
0.031642
0.015839
-0.003964
0.015008
0.003454
-0.045830
0.007107
0.001103
-0.008726
0.025285
0.019329
-0.010526
-0.024846
-0.034082
-0.007713
-0.009023
-0.001766
-0.001318
-0.043301
0.025430
0.037814
-0.000408
-0.019417
0.001740
-0.004303
0.019511
-0.020840
0.013157
0.019296
0.001019
-0.000182
0.029991
-0.011176
-0.022480
-0.000915
-0.029340
0.018832
0.000677
0.018191
-0.004116
0.009039
0.016205
-0.043374
-0.022869
0.023641
0.015813
-0.021605
0.013658
0.031276
0.003617
-0.021011
0.006144
0.030866
-0.022314
-0.008381
-0.004313
-0.018808
0.046973
-0.036770
-0.056681
-0.005698
0.006827
-0.018328
0.014502
0.062028
-0.015221
-0.017813
-0.021392
0.007436
0.015330
-0.008861
-0.043485
0.029325
-0.032948
-0.033617
-0.027092
0.026056
0.022244
0.000107
-0.021146
-0.015062
0.019461
-0.009972
0.008735
-0.042536
0.009284
0.001081
-0.011055
-0.024278
0.008986
-0.023227
0.039721
0.029757
-0.007200
-0.046971
-0.033445
-0.020258
-0.005669
-0.020234
-0.002556
0.033762
0.023475
0.002092
-0.026614
-0.025877
-0.030977
-0.001380
0.001373
-0.026839
0.008548
0.006647
-0.001965
0.023742
0.046077
0.011878
0.015979
-0.013869
-0.009702
0.026001
-0.042273
0.029885
-0.021075
-0.006666
-0.020869
0.032565
-0.005331
0.028770
0.026278
-0.019935
-0.003966
0.012584
-0.010420
-0.034243
-0.023643
0.016755
-0.019241
-0.012977
0.046166
0.002921
0.004010
0.013059
0.020448
-0.013343
-0.013373
-0.024299
-0.005783
0.000147
-0.026831
-0.059635
-0.005891
-0.027688
-0.006968
-0.028610
0.029329
0.011668
-0.021810
0.000787
-0.024003
0.023941
0.030274
-0.001268
0.018369
-0.015711
-0.016433
0.017179
-0.018156
-0.042322
-0.031600
0.001189
-0.025952
0.041773
0.037411
0.007206
-0.020467
0.017782
0.003988
0.009455
0.005479
-0.009532
0.000656
-0.006545
-0.055168
0.028566
-0.031566
-0.006180
-0.009090
-0.008200
-0.004166
0.029987
0.013377
-0.018520
0.006846
0.008152
0.017037
0.016446
-0.034760
0.006475
0.024264
0.012037
-0.029448
-0.020525
0.007719
0.025623
0.031610
0.009853
-0.026196
-0.008354
0.050298
-0.013202
0.045422
0.011552
-0.013701
-0.029177
0.008640
-0.011304
0.028319
-0.029401
0.008681
0.015833
0.055289
-0.002612
-0.015970
0.033559
0.019646
0.033136
0.026867
-0.024128
-0.009957
0.004965
0.071625
0.005219
0.030083
-0.038350
-0.009438
0.006649
-0.004679
0.040941
-0.008130
-0.022475
-0.011292
0.027915
-0.018643
0.005844
0.001977
-0.007474
-0.036925
-0.035063
-0.000863
0.009531
0.000404
-0.014028
0.026708
-0.003136
-0.031680
-0.003822
-0.007507
0.028269
0.022627
0.051489
-0.018147
0.027848
-0.027725
-0.047277
0.031019
0.022866
0.020004
-0.001151
-0.040653
-0.016929
-0.034718
0.037563
0.012204
0.043772
0.001435
0.011025
0.007762
-0.019663
0.003493
-0.030209
0.019970
0.016342
-0.005209
0.009213
-0.017919
-0.036400
0.011156
0.035772
-0.001728
-0.003153
0.000501
0.000083
0.001888
-0.055184
-0.054349
0.026669
0.023396
0.021181
-0.035366
-0.065128
-0.044694
-0.010078
-0.009274
0.023587
-0.011914
0.008040
0.005091
0.005621
0.010627
0.033335
0.022571
-0.009066
-0.002844
0.043533
0.000446
0.061519
0.016191
0.004951
0.004792
0.008097
-0.020664
-0.012924
-0.008591
0.050015
0.020213
-0.036085
-0.027613
0.007247
0.019894
-0.031241
-0.056733
-0.011400
-0.024449
-0.038904
-0.032813
0.044227
-0.002634
0.017824
0.020417
0.010790
-0.001281
-0.027897
0.012190
0.013948
-0.032355
0.025155
-0.007794
-0.007779
0.006005
-0.031477
-0.041945
-0.033761
-0.009163
-0.043030
0.036471
-0.050806
0.041952
0.020889
-0.074661
-0.050565
-0.019142
-0.024304
0.011386
-0.054513
0.009553
0.009848
0.007763
0.024623
-0.015306
0.016858
0.001175
0.011496
0.013959
-0.004318
-0.045444
0.001826
-0.022250
0.022548
0.014594
0.014257
0.066070
0.013385
-0.048681
0.019868
0.019018
-0.025969
0.047229
0.002592
0.044339
0.040676
-0.019491
0.012534
-0.017494
-0.028704
-0.034623
0.044990
-0.039648
0.021580
0.046556
0.007644
0.002495
0.016417
-0.003024
0.030409
-0.006061
0.007387
-0.016322
-0.013567
0.012699
-0.036745
0.008521
-0.005402
0.010587
0.006660
0.009311
-0.014747
-0.001904
-0.007482
-0.010638
0.015102
0.001830
-0.002845
-0.014257
-0.006171
-0.014042
-0.000792
-0.014606
-0.017137
-0.003508
0.001481
0.006610
0.005403
-0.000663
-0.003176
-0.000326
0.020416
0.031437
-0.008899
-0.024281
-0.002242
0.028634
0.011295
-0.013316
0.003536
0.009952
0.017810
0.002087
0.018020
-0.012302
-0.009229
0.013626
-0.006220
-0.012022
-0.000349
0.027967
0.007792
-0.012293
0.016122
-0.006207
-0.013814
0.004452
-0.014946
-0.001961
-0.006064
0.024043
-0.028278
0.033773
-0.022322
-0.020888
0.020704
-0.002120
-0.007119
0.009294
0.010443
0.007877
-0.003281
-0.000037
-0.003836
-0.005032
-0.008971
0.033070
-0.017491
0.020709
-0.014403
-0.009977
0.011814
-0.024639
0.005433
-0.003850
-0.010463
-0.004345
0.028600
-0.005069
-0.012795
-0.002754
-0.015173
0.012107
-0.014549
-0.019060
0.007725
0.004675
0.007978
0.008254
-0.007090
0.019515
0.013354
-0.038784
-0.020134
0.013788
-0.006704
-0.003376
-0.005149
-0.002319
0.009086
-0.018617
0.008889
0.005697
-0.006234
0.018070
0.000038
0.021471
0.007300
-0.001942
-0.004616
0.004007
0.002426
0.004296
0.021398
-0.022466
-0.024498
0.006222
-0.002602
0.014052
-0.003318
-0.010118
-0.014636
-0.010924
0.026162
-0.008813
0.024982
0.022949
-0.004674
-0.005805
-0.010315
-0.017808
0.026295
-0.001624
-0.015428
0.011027
-0.016563
-0.002453
0.013550
0.037868
-0.030361
-0.006323
-0.016597
0.004209
-0.010096
0.006441
-0.005196
-0.006031
-0.034412
-0.009988
0.017764
-0.027165
0.016302
-0.004652
0.039311
-0.013871
0.013672
0.002897
0.004354
0.014308
0.018005
0.017992
-0.001819
-0.002301
0.002482
-0.017942
-0.000602
-0.003202
0.001668
0.015987
-0.000411
0.019655
0.018214
0.000391
-0.025447
0.025733
0.013376
0.003286
0.024045
-0.024282
0.004799
0.040856
0.012885
-0.017943
-0.016489
0.015430
0.007090
0.016543
-0.015778
-0.001074
-0.008137
-0.010570
0.005676
-0.023843
-0.015967
0.014778
-0.026560
0.016028
-0.015563
-0.027935
0.025967
-0.005705
-0.002454
0.011792
0.011549
0.028920
0.021315
0.017675
-0.009067
-0.016325
-0.038674
-0.001108
-0.028168
0.015826
-0.006922
0.001139
0.011851
-0.003949
-0.041797
-0.003041
0.048289
-0.019595
-0.011286
0.013001
-0.008295
-0.029437
-0.029256
-0.005845
0.026204
-0.003800
0.015397
0.000452
0.014878
-0.013489
-0.015460
-0.000992
-0.008013
-0.007995
-0.011873
0.009696
0.035603
-0.023538
0.001651
-0.002085
0.002762
0.001630
-0.047625
-0.002418
-0.016118
0.003017
0.003853
-0.009321
-0.009010
0.039040
-0.006703
0.000834
0.029480
0.001427
0.002705
0.009686
0.006319
0.001723
-0.016253
0.001973
0.005335
0.001149
0.012517
-0.005507
0.015282
0.002066
-0.007009
0.001052
0.008505
0.007226
0.006366
-0.033471
0.008055
0.003921
-0.019621
-0.000860
-0.009959
0.001427
-0.021266
-0.003109
0.029889
-0.001146
0.042380
0.008626
-0.013911
-0.012071
-0.006524
-0.012846
-0.050521
-0.018334
0.007588
-0.005050
-0.016952
0.005628
-0.002313
0.003058
-0.006818
-0.013710
-0.001098
0.013526
-0.019722
-0.024274
-0.003441
0.002658
0.023502
-0.009210
-0.007592
-0.002955
-0.006135
0.029730
-0.004680
0.009545
-0.028221
-0.009100
-0.036001
-0.029462
0.036845
0.018425
0.003566
-0.006229
0.005971
-0.013722
-0.018411
0.006378
0.030386
0.034008
-0.004657
0.025615
0.004910
-0.027194
0.013480
-0.023146
0.003508
-0.026929
-0.030215
0.010025
-0.005107
0.002619
0.009444
0.001797
0.006700
-0.013394
-0.007717
-0.027298
0.004263
0.001006
0.018717
0.000069
-0.009361
-0.006377
0.029187
-0.024465
-0.014521
-0.006886
-0.006518
-0.007180
-0.019746
0.011894
0.001899
0.015128
-0.007052
-0.001700
0.030504
-0.024856
-0.001187
-0.000427
-0.045039
-0.030544
-0.020863
-0.030749
-0.031492
0.003395
-0.010578
-0.000970
-0.005550
0.002705
0.007917
0.021016
0.023086
0.057876
0.004752
0.017904
-0.041402
0.002663
0.043855
-0.002927
0.017766
0.005975
0.029174
0.003461
-0.002534
-0.027127
-0.024136
0.055679
-0.029126
0.011607
0.040192
-0.025160
0.016832
0.019686
-0.035661
0.013402
0.017187
-0.046223
0.021157
-0.010109
-0.041953
0.004380
-0.010786
-0.004078
-0.000108
0.048668
-0.002138
-0.008893
0.005166
0.057298
-0.009166
0.010172
0.007491
0.014176
-0.024936
0.005740
-0.009482
-0.000650
-0.010298
-0.021029
-0.034641
0.055125
0.030717
0.025441
0.015629
0.008445
0.027626
0.012709
-0.012791
-0.021111
0.001976
-0.022599
-0.000378
-0.026069
0.028967
-0.005607
0.022163
0.018662
-0.001096
-0.011914
0.001282
0.022668
-0.001671
0.015733
-0.011697
0.020740
0.028789
0.003596
0.038197
-0.015079
-0.028019
-0.006324
-0.039502
0.008112
-0.006867
-0.022662
0.004871
0.022051
-0.019116
-0.001656
0.001799
-0.027681
-0.001261
-0.003197
-0.004136
0.011987
-0.000511
-0.029339
0.019451
0.014261
-0.001040
0.014821
0.012392
-0.016212
0.004524
-0.025123
0.000406
0.016713
-0.044645
-0.016879
-0.010252
0.024378
-0.010465
0.021203
0.029877
-0.014619
0.027088
-0.001009
0.018931
0.022943
-0.004144
-0.002806
-0.023534
-0.001641
-0.010107
0.002442
-0.020014
-0.027395
-0.042487
-0.014214
-0.002332
0.012016
0.031723
0.012048
-0.033153
-0.029330
-0.017028
-0.002103
0.019543
0.008699
0.000887
-0.035735
-0.001408
0.022507
0.004960
-0.023325
-0.040516
-0.028561
0.006769
-0.004465
-0.001243
-0.000103
-0.022268
0.010207
-0.022293
-0.020082
0.022963
-0.000442
-0.015525
0.012814
0.002957
0.007229
0.009595
0.010476
-0.031485
0.025641
0.003127
-0.038129
-0.036504
0.025609
0.011393
-0.004093
-0.002803
0.011880
-0.039900
0.006017
0.010219
0.002409
-0.022529
0.001426
0.017354
0.006187
-0.005317
-0.009834
0.000223
-0.008126
0.010747
-0.013836
0.027497
-0.004745
-0.046812
-0.008995
0.001803
-0.005869
-0.012255
0.000272
0.030936
0.014547
-0.030774
0.030183
0.022723
-0.049911
0.004463
-0.036385
0.015849
0.028052
0.010632
0.041953
0.001522
-0.017838
0.042534
-0.017955
-0.014771
-0.004658
-0.030872
0.014759
-0.010161
0.001387
0.021036
-0.003311
0.010270
-0.031920
-0.016896
0.039962
-0.040815
0.001835
-0.044811
0.009730
0.005533
0.009002
0.020537
-0.000458
0.000970
0.009392
0.000715
0.000122
0.002329
-0.027054
-0.016520
0.001964
0.026789
0.009167
0.015207
0.005799
0.008381
-0.036596
0.018944
-0.000752
0.019729
-0.006348
0.021348
0.018936
-0.019266
0.001240
0.009080
0.009831
-0.008995
0.005393
0.043685
0.001769
-0.007459
-0.016745
0.012107
0.013604
-0.039939
0.033481
-0.015391
0.014206
-0.017594
0.022343
-0.013400
0.009059
0.022421
0.008748
-0.020629
-0.019412
-0.002401
-0.036234
0.029160
0.001391
-0.017900
-0.044987
-0.017347
0.022769
0.004109
0.030954
-0.002315
-0.005244
0.024858
0.013893
-0.001805
-0.017439
0.027511
-0.001635
-0.023183
-0.009774
-0.000683
0.033603
0.034081
0.026408
0.001959
-0.015859
0.006946
-0.016111
0.001942
-0.028937
-0.027222
-0.009615
-0.028909
-0.020795
0.002115
-0.018254
0.004621
0.009597
0.035493
0.031404
-0.014072
0.010768
0.014484
-0.012635
-0.006783
-0.012946
-0.001586
-0.024731
0.027981
-0.025668
-0.003366
0.020470
0.005355
-0.021394
0.001522
0.046396
-0.023607
0.009676
-0.035151
0.000912
0.008818
0.037534
0.010427
0.007670
-0.013546
-0.062909
-0.020531
-0.040309
0.008616
0.017602
0.007868
0.022972
-0.016264
-0.014760
-0.004386
-0.008130
0.018351
0.014824
0.002921
0.023885
-0.013904
0.001493
0.009794
0.041107
0.027794
0.035373
-0.022521
-0.007375
-0.011548
0.000074
-0.024606
-0.039109
0.007066
-0.012656
-0.003665
-0.011794
0.004937
0.004018
-0.002286
-0.046938
0.053725
-0.015504
-0.045764
0.018483
-0.011516
0.029187
-0.001837
-0.021674
0.011758
0.004816
-0.037039
-0.038624
0.004882
-0.000658
0.014425
-0.028251
-0.016257
-0.013064
0.015329
-0.001609
-0.000955
-0.015333
0.007217
-0.025915
-0.043458
-0.018496
0.015448
0.008228
-0.055059
0.001550
0.016582
-0.020597
-0.015658
0.018001
-0.008015
0.009343
-0.015376
0.004967
0.014519
0.025805
-0.034451
0.005139
-0.009835
0.013756
-0.021132
0.036486
0.025232
-0.010330
-0.003446
-0.005812
-0.024476
0.025873
0.005714
-0.026391
0.024221
-0.016487
0.021089
-0.013400
0.022692
-0.016880
0.000733
0.026487
0.010188
0.074000
-0.036285
-0.034489
-0.010044
0.018101
-0.012845
-0.003379
0.014595
0.023170
0.034914
0.011966
-0.023696
-0.019241
-0.005164
-0.007035
0.052648
0.021554
-0.006157
0.017177
-0.008239
-0.035994
0.045246
0.019763
0.025495
-0.016579
0.024193
0.033432
0.016361
-0.031824
-0.010796
0.008336
-0.017359
-0.002423
-0.021825
-0.053236
0.016527
0.010342
-0.002797
-0.015173
-0.039188
-0.003416
-0.013429
0.018581
-0.002237
-0.016536
-0.008355
-0.013022
-0.007829
-0.019081
-0.001305
-0.012846
0.007059
0.028681
0.025910
-0.029372
-0.010666
0.029929
-0.022266
0.010791
-0.039874
0.012178
-0.041496
0.032205
0.077721
-0.024491
0.073526
0.001259
0.041680
0.006008
-0.013272
-0.032443
0.013231
0.023920
0.012916
0.009613
0.009539
-0.016707
-0.028690
0.008042
0.035663
-0.036923
-0.008416
0.000093
-0.041219
0.020742
-0.017459
-0.015872
0.012109
-0.013915
0.001405
0.023510
-0.032842
0.048192
0.006509
0.012378
-0.012446
-0.022602
0.023753
-0.002298
0.036130
0.058372
0.015777
-0.022142
0.041740
0.031019
-0.003118
-0.030334
-0.024391
-0.011847
-0.007233
-0.054820
-0.032829
0.025361
-0.026673
-0.007768
0.001987
-0.041485
0.007047
0.073666
-0.020578
-0.013199
0.005860
0.036947
-0.040371
0.014238
-0.016346
-0.033544
0.040083
-0.016233
0.024622
-0.004591
-0.016056
-0.049664
0.015659
0.040645
-0.009974
-0.000572
0.018171
-0.011948
0.036708
-0.025280
0.002155
-0.032777
0.048475
0.004846
0.015803
0.019754
-0.005491
-0.022526
0.003549
-0.017013
-0.011149
0.028066
-0.030825
0.002094
0.047628
0.026157
-0.028791
0.024583
0.024617
0.012747
0.020804
0.033803
0.027068
-0.041738
0.001311
0.027487
0.008671
-0.009334
0.003375
0.031051
-0.023011
-0.005336
-0.058769
0.021936
0.077594
-0.010687
0.015248
-0.023619
0.077716
0.017787
-0.000888
-0.029077
0.018109
-0.033701
0.083949
0.005828
0.036931
0.028065
0.074138
0.021015
0.023975
0.016555
0.008319
0.022069
-0.008788
0.013148
-0.016994
0.050828
-0.040653
-0.018772
-0.049740
0.033826
-0.011076
0.046549
-0.016369
-0.053437
-0.005847
0.018545
-0.011448
0.027228
-0.020839
-0.006361
0.042938
0.014717
-0.016727
0.025863
-0.000241
0.013155
-0.002252
-0.003134
0.010161
-0.015835
0.024916
-0.013507
-0.020194
0.045323
-0.023528
-0.014404
-0.003898
-0.020626
0.030412
-0.050102
0.016258
0.024614
-0.029989
-0.032114
-0.007758
-0.024825
-0.092408
-0.011219
-0.041515
0.009559
0.059378
0.024722
0.030550
-0.027177
0.011716
-0.023399
-0.001041
-0.006208
-0.027430
0.038939
-0.015738
-0.040396
-0.042152
0.088441
0.036282
-0.002905
-0.039700
0.016487
0.050914
-0.018875
0.006471
0.036452
0.008858
-0.025667
-0.044979
-0.029720
0.059842
-0.036398
-0.032581
-0.008093
-0.010665
-0.047376
0.019828
-0.003468
-0.002186
-0.012583
0.019196
-0.016767
-0.027581
0.002713
-0.011611
-0.037218
-0.038051
0.028051
-0.047643
-0.041401
0.021478
0.024972
0.002719
0.037155
0.012349
-0.061055
-0.027073
-0.003009
-0.022303
0.013680
-0.021276
0.028445
0.019264
0.036265
-0.057941
-0.009803
0.029993
0.020671
0.008666
0.054500
-0.013069
-0.067888
-0.010444
0.061201
0.037479
0.035890
-0.005029
0.076892
0.050172
-0.013759
-0.019254
0.023573
-0.013956
0.023689
-0.004449
0.028681
-0.026951
-0.006813
0.004133
-0.011433
-0.009485
0.003208
-0.015954
-0.013654
0.004576
0.009146
0.021435
0.007611
-0.007932
0.011250
0.005911
0.001782
-0.002538
-0.018290
0.019088
0.004135
0.009261
0.008796
-0.004666
-0.001421
0.025660
-0.005344
0.002470
0.017875
0.010771
0.040437
0.015476
0.012148
0.013928
0.007531
0.005888
-0.011539
-0.023500
-0.005438
0.000304
0.000822
-0.011006
0.017780
-0.000947
-0.005466
0.003605
-0.003559
-0.012168
-0.017704
0.003329
0.009846
-0.023356
0.008795
0.010584
-0.002081
0.010531
0.008124
0.007261
-0.005342
-0.007474
0.007044
0.014851
0.020419
-0.002272
-0.018037
0.020359
0.032379
0.018201
-0.013586
-0.001275
-0.003463
0.009629
0.020380
-0.004875
0.006820
-0.006443
0.021967
-0.015962
0.020051
-0.001289
-0.020952
-0.017782
-0.035228
-0.004165
-0.005452
-0.002422
-0.010455
0.010018
-0.015333
-0.027663
-0.017476
0.023335
-0.006956
0.004157
0.023024
-0.003309
0.012154
-0.003922
0.008095
0.020235
0.000927
0.013540
-0.009264
-0.013420
0.006579
-0.014373
0.047743
0.031928
0.001701
0.014070
0.009962
0.010885
0.005672
-0.021548
-0.005738
0.023225
0.007424
-0.038097
0.017610
-0.000979
0.005900
0.009036
-0.007801
0.007645
-0.010044
-0.001142
-0.006874
0.000969
-0.029312
-0.005148
0.016154
0.019635
-0.010651
0.017662
-0.021495
-0.009151
-0.004814
0.001623
-0.035647
0.009878
-0.012038
-0.018561
0.012801
0.021583
0.006246
0.012088
-0.004796
-0.014045
0.015548
0.023003
-0.000955
0.003118
-0.019576
-0.016388
-0.014854
-0.004994
0.025537
0.003506
0.013113
0.001495
-0.003095
-0.001446
-0.008954
0.013482
0.004380
0.022830
0.017473
-0.012590
-0.012710
0.020536
-0.010402
-0.005538
0.011377
-0.007986
-0.035177
0.011843
-0.005033
-0.035966
-0.013013
-0.014376
0.016695
-0.007582
-0.006587
-0.021019
0.020176
-0.000902
0.010125
0.005933
-0.022520
-0.024679
0.031598
0.007616
0.007160
0.001329
-0.013791
0.007196
-0.018060
-0.008971
0.012059
0.007727
-0.013247
-0.005106
-0.007059
0.021362
0.003915
0.025646
-0.008773
0.010947
-0.000819
0.015601
0.030212
0.017721
0.007511
-0.014340
-0.019845
-0.006108
-0.003471
-0.010329
-0.012251
-0.004876
0.008305
0.001299
-0.001060
0.016041
-0.037794
0.024788
-0.018267
0.036321
-0.024717
0.012677
-0.016295
0.005960
-0.017841
-0.001124
0.027105
0.003887
0.011997
0.023010
-0.007233
-0.004667
-0.003418
-0.018533
-0.025925
-0.009875
0.002594
-0.026629
0.018538
0.007861
0.001199
0.001983
-0.006747
0.012579
0.028982
0.017057
0.004330
-0.006682
-0.005465
-0.013855
0.049322
-0.021494
-0.001757
-0.012299
0.024595
0.000026
0.009808
0.034971
0.024097
-0.008037
0.014162
-0.009568
-0.014230
-0.024586
-0.018360
-0.001495
-0.013265
-0.003458
-0.035575
-0.015051
0.001674
0.011421
0.014141
0.016536
0.017565
0.013084
0.055680
-0.006219
-0.002684
-0.022751
-0.008537
0.017428
-0.031006
0.021442
-0.017822
0.004467
0.025142
0.028739
0.011364
0.006161
0.028999
0.023793
-0.036290
0.005074
0.025101
-0.015173
-0.015504
-0.026411
0.016436
0.013786
-0.015071
-0.000797
0.052747
-0.015499
0.004646
0.014034
0.023178
-0.001858
0.016548
-0.010155
0.016955
-0.001288
0.010365
0.020929
-0.002429
0.002541
0.019345
-0.016934
-0.015724
-0.017955
0.020492
-0.017698
-0.009682
-0.005936
0.003074
-0.014711
-0.009653
0.011088
-0.008383
0.007822
-0.052071
0.016801
-0.021748
0.002104
-0.048719
-0.025006
0.016065
0.040212
-0.029722
0.004255
-0.024439
0.025628
0.005322
-0.011595
0.043106
-0.016369
-0.003762
0.009565
0.017626
0.028584
0.000532
-0.027043
0.030186
0.000355
0.023598
0.000912
0.009947
-0.013386
0.004740
-0.008007
0.006701
0.003312
0.039335
0.024366
0.021825
0.041593
0.022134
0.006081
-0.006047
-0.044982
-0.005195
-0.004305
-0.002405
0.008680
-0.015403
0.018242
-0.016548
0.015842
-0.005796
0.024702
0.008232
0.017545
-0.026158
0.005645
0.013366
-0.004644
-0.036462
-0.020647
0.001700
-0.010274
0.004656
0.018930
0.001409
-0.006025
-0.029509
0.038375
-0.024939
-0.000204
-0.003919
-0.015095
-0.000293
0.007170
-0.011351
-0.014206
0.017611
-0.017070
-0.027734
-0.021650
-0.016593
-0.002323
0.007505
0.003218
-0.008498
0.014178
0.029039
0.015537
0.022534
-0.021113
-0.009293
-0.020618
0.008635
0.038699
-0.006576
-0.019917
-0.002210
0.011484
0.002126
0.000941
-0.000750
0.001741
0.023327
-0.002169
0.006782
-0.004160
-0.008168
0.030330
-0.010773
0.020510
0.013495
-0.001041
0.004289
-0.035625
0.020539
0.043212
-0.034509
0.012415
0.028815
-0.001703
0.020119
0.011336
0.000153
0.021205
0.014750
0.005306
0.040926
-0.035798
-0.007911
0.023081
0.002400
-0.014517
0.009389
-0.012899
0.009627
-0.019793
0.017892
0.015540
0.020901
0.008590
0.020220
-0.033293
-0.006215
0.022194
0.014290
-0.014597
-0.024278
-0.040005
0.023109
-0.018850
-0.026662
0.010714
0.007356
0.007873
-0.004449
0.016062
0.011722
0.014746
0.035153
0.010054
-0.009866
0.007252
-0.014179
0.005313
0.006655
0.007818
0.002873
0.003362
-0.011183
0.020929
-0.000723
0.016873
-0.001126
0.001160
-0.005012
0.003664
-0.001736
0.011865
0.016122
0.000413
-0.006524
-0.014276
-0.000037
-0.013424
-0.002868
0.013914
-0.006060
0.004142
-0.014363
0.014209
-0.004234
0.004752
-0.004051
-0.014079
-0.023536
0.009851
0.009331
0.014703
-0.004547
0.008362
-0.004724
0.019993
0.006266
-0.004756
-0.003818
-0.010461
-0.000357
0.009604
-0.015038
0.004525
-0.012891
-0.007538
0.007046
-0.018936
0.004951
0.002344
0.000287
0.012899
-0.010207
-0.002970
0.003221
0.005034
-0.015878
-0.008319
0.011942
-0.016746
0.004438
0.013121
-0.012379
-0.003966
-0.011429
0.018807
-0.019820
0.005839
0.002493
0.007687
-0.004470
0.016202
-0.003296
-0.001047
-0.019076
-0.019186
0.001155
0.004967
-0.005986
0.000060
0.019458
0.013009
0.012308
-0.017899
-0.004002
-0.018062
-0.005357
0.003709
0.015605
-0.003399
0.010961
-0.007230
0.001457
-0.004473
0.007523
-0.013928
0.011821
-0.018474
-0.010117
-0.011623
-0.021561
0.021991
-0.013520
0.002207
0.015573
-0.018786
0.002816
-0.007430
0.008378
0.009819
-0.005200
-0.018846
-0.009100
-0.005281
0.009410
0.004880
0.000626
0.001822
0.015426
0.002242
0.011256
-0.000512
-0.005849
-0.001131
-0.002390
-0.001901
-0.012852
-0.017495
-0.012460
0.011398
0.009479
-0.017627
-0.012257
-0.053099
0.014953
0.003625
0.007900
-0.026029
0.018897
-0.002536
0.022764
0.001813
-0.028740
-0.016154
-0.021721
-0.024571
-0.013374
-0.004106
0.009677
-0.004940
0.007144
-0.001262
-0.002966
-0.005358
0.003689
0.003149
-0.017767
-0.005285
0.022357
-0.009879
0.018284
-0.005235
-0.012971
0.012718
0.019867
0.007021
0.024736
-0.001391
-0.033371
-0.026374
0.001107
-0.002556
0.003060
0.007453
-0.012141
0.052445
-0.004587
0.017016
0.011339
-0.015698
-0.024872
0.013844
0.008733
0.000426
0.019985
0.016856
0.002346
-0.001486
0.018390
-0.008158
0.009200
-0.017465
0.014971
-0.034916
0.028198
0.037816
-0.028139
-0.000108
-0.006560
-0.017627
-0.010727
0.001936
-0.000745
0.010591
-0.007227
-0.043392
0.031435
-0.011247
0.005581
0.027194
0.033564
-0.005354
-0.036098
0.013775
-0.009669
-0.000597
0.007499
-0.030386
0.002313
-0.029960
0.043537
0.015242
-0.019660
0.006892
0.008361
0.007125
-0.007610
0.010152
0.005247
-0.017550
0.020710
0.011330
0.016650
-0.016552
0.007933
-0.010473
0.014900
-0.024562
-0.002083
-0.014388
0.013074
-0.028995
-0.004602
0.023417
0.011846
0.020007
-0.014337
-0.000242
-0.014745
-0.020095
0.003325
-0.028171
0.013256
-0.008160
0.011612
-0.004537
0.026138
0.026290
0.016594
-0.014388
0.018742
-0.017841
0.014640
-0.031424
-0.009759
0.003915
-0.014299
-0.002877
0.003441
0.008272
-0.002760
-0.005982
-0.013358
0.002721
0.006914
0.015970
0.008505
-0.003896
-0.002229
0.022494
0.011304
0.007036
-0.000499
0.005428
-0.028447
0.001958
-0.010933
-0.010104
-0.008911
-0.007450
-0.029661
-0.002262
0.011925
0.030585
-0.001741
-0.002177
-0.003791
0.018169
0.005610
0.005223
0.007184
0.025154
0.039366
-0.012487
-0.001354
0.008980
0.011748
-0.009083
0.005837
0.009422
-0.004812
-0.016911
0.012492
-0.025950
-0.002268
-0.002546
0.017297
0.004119
0.027990
0.010317
-0.007429
-0.039739
0.003901
0.009076
0.001220
0.004110
-0.002044
0.007752
0.000068
-0.003778
-0.008465
-0.007756
-0.006432
-0.017769
-0.014930
0.003972
0.009631
-0.012432
-0.030843
0.016435
0.000251
0.012440
0.006924
0.018184
0.016102
0.019597
-0.005026
-0.009365
-0.002414
0.007334
-0.003316
-0.006342
-0.017026
-0.003582
-0.025615
0.005138
-0.004076
-0.016047
0.014489
-0.013327
-0.020629
0.003355
0.000665
-0.000912
-0.004584
-0.007978
0.009891
0.012230
0.024402
-0.006552
-0.010083
0.018645
0.005259
-0.005592
-0.000297
0.012512
-0.014266
-0.000753
-0.003879
0.002842
-0.004985
0.023722
-0.028785
0.021704
0.021936
0.013698
0.023514
-0.018447
-0.007048
-0.002268
-0.028180
0.018088
0.010625
0.005928
-0.012613
-0.029312
-0.010972
-0.004321
-0.025460
-0.008956
-0.009935
-0.025769
-0.001472
-0.010073
0.011573
0.019199
-0.006050
-0.015103
0.019985
-0.013478
0.003449
0.003904
0.020150
0.005829
-0.002087
0.007152
0.004764
-0.004356
0.016086
-0.026016
-0.007435
-0.013445
0.004293
-0.001684
0.018733
0.019164
0.007070
-0.019259
-0.007231
0.017088
-0.032316
-0.032642
0.010330
-0.001874
-0.011822
0.012137
0.009462
0.034590
0.001487
-0.036033
0.009093
0.041342
0.013114
0.004431
0.005353
-0.015784
-0.004570
0.013103
-0.009671
0.021516
0.020244
-0.001509
0.010372
-0.009020
0.001915
-0.003997
-0.008633
0.019360
0.034311
0.007436
-0.020706
0.012786
0.020085
0.009509
-0.005270
-0.021680
-0.017450
0.018039
-0.023405
-0.003504
-0.004963
0.010762
-0.021251
-0.007176
-0.040291
0.000568
-0.003445
-0.008423
-0.004327
0.004389
0.014868
0.007086
0.027050
-0.008848
0.015117
0.007241
0.005555
-0.023013
-0.015580
-0.021896
-0.014467
0.022931
0.023391
-0.016703
-0.028839
0.008314
-0.005744
0.019551
0.004638
0.009274
-0.003057
0.014259
-0.014813
0.000994
0.000486
0.045464
0.015739
-0.012352
-0.029123
-0.006896
-0.001421
0.015082
-0.004571
-0.009883
0.000920
-0.000433
0.008075
-0.011700
-0.049232
0.012017
-0.028260
-0.023726
0.007444
-0.000474
-0.037395
0.006949
-0.032216
0.031114
0.010219
-0.012911
-0.016350
0.019370
0.016175
-0.019332
-0.011950
-0.021061
-0.015267
-0.014218
0.023308
-0.002674
0.010805
0.001485
0.013433
0.027434
0.004285
-0.027589
0.019878
-0.026882
-0.029695
-0.026663
-0.013582
0.001088
-0.033025
-0.007530
0.000475
0.009747
0.013237
0.028470
-0.024554
0.019270
0.022256
0.000253
0.003935
0.029876
-0.017835
-0.020916
0.013640
-0.010014
0.031856
-0.008615
0.006409
-0.040675
0.011654
0.019570
0.027909
-0.010421
0.027074
-0.004092
0.021861
-0.015913
0.014914
0.006142
0.012115
0.021649
-0.003067
0.024560
-0.007052
0.008284
0.032883
0.036077
-0.005450
0.020467
-0.036853
-0.005693
-0.022764
0.026112
0.012470
0.019708
0.010417
-0.000243
0.035447
0.008564
0.010373
0.012564
0.019720
-0.025848
0.026080
0.014965
-0.013944
0.025852
-0.009655
0.028974
-0.006419
0.003925
-0.043558
0.038375
-0.030807
-0.013254
0.011728
0.018515
0.006467
0.018189
-0.013256
-0.021515
0.018878
0.021957
0.014554
-0.001668
0.015774
0.003785
0.014531
0.039989
-0.021852
-0.001827
-0.006849
0.018658
-0.017302
0.044635
0.032863
-0.003382
-0.017368
0.000762
-0.002864
0.012575
-0.025591
-0.041709
0.007554
-0.013576
-0.002687
0.013090
-0.045863
-0.078613
0.020102
-0.007713
-0.040707
-0.001144
-0.030202
0.024461
-0.037949
-0.009918
0.002519
-0.010318
-0.011953
0.015905
0.014525
-0.009032
0.033896
-0.007870
0.005219
-0.022642
-0.043539
-0.004647
0.019855
-0.016043
0.021671
0.005967
0.001434
0.016191
-0.015090
0.009264
0.016587
-0.045379
0.003917
-0.010781
0.014209
-0.027671
0.010460
-0.010397
-0.003936
0.035032
0.031447
0.011592
0.053253
0.004437
0.011744
0.012755
-0.003939
0.013834
-0.059106
0.004161
0.050366
0.002146
0.013105
-0.009956
-0.028281
0.026999
0.005661
0.012895
-0.026733
0.010451
0.022053
0.018667
-0.010726
-0.031344
-0.008236
-0.014968
-0.015274
-0.019907
0.003961
0.018215
-0.016508
-0.014154
-0.012309
0.027066
0.003336
-0.001447
0.026010
0.029357
-0.005115
-0.013735
-0.077377
0.004891
-0.014308
0.017195
0.007412
-0.034317
-0.027675
0.013723
-0.041902
0.026481
0.009009
-0.003164
-0.020849
-0.001024
-0.020258
-0.008708
-0.001344
-0.004487
0.026954
-0.022321
-0.028341
0.011026
0.013532
0.034761
-0.004467
0.018167
-0.040887
-0.009843
-0.056615
-0.022615
-0.021223
0.004829
0.005567
0.012643
0.013817
0.031483
0.020390
0.027091
0.004104
-0.011178
-0.023120
0.012633
-0.002949
-0.016057
-0.005964
0.016459
-0.045543
-0.005477
0.062860
-0.030914
-0.013145
0.022758
0.001190
0.024432
-0.006968
0.002610
-0.025021
-0.009333
-0.024965
-0.006099
0.010016
-0.039423
-0.003628
-0.035664
-0.023578
0.009439
-0.010206
-0.020063
0.007436
-0.063220
-0.004029
0.016095
0.009532
-0.030018
-0.000310
-0.030697
-0.042435
0.008656
0.033341
0.020977
0.011526
0.003645
-0.010196
0.007048
0.046248
0.021077
-0.020743
-0.022281
0.042298
-0.019194
-0.019943
-0.004558
-0.022920
0.020335
-0.003904
0.044660
0.025679
0.003934
-0.007325
-0.000518
-0.004613
0.023582
-0.017754
0.003855
-0.017219
0.012543
0.041458
0.007477
0.006726
0.017421
-0.027138
0.063935
0.032487
0.018923
0.003104
0.007785
0.009983
-0.025267
0.013864
-0.051582
-0.029830
0.031080
-0.047266
-0.001335
-0.006597
-0.002545
-0.024444
0.057461
0.027754
0.009103
0.041362
0.052177
0.002490
0.004725
0.032120
0.001720
0.015794
-0.028549
-0.037229
0.024036
-0.006695
0.002784
-0.054819
-0.014732
0.009737
0.022852
-0.042413
0.019165
-0.006018
0.004955
-0.028625
0.024203
0.034708
-0.040779
0.011237
0.009091
0.015243
0.038812
-0.026013
0.010959
0.050883
0.002599
0.024325
-0.023054
-0.007573
0.048192
-0.004218
-0.004855
-0.021487
-0.046094
-0.004145
0.017536
-0.004748
0.007121
-0.003302
-0.002095
-0.006468
0.019512
0.002325
-0.034157
-0.005699
0.042011
0.022727
-0.002971
-0.005704
-0.024413
0.010196
-0.011634
0.017501
-0.003124
-0.025351
0.006250
0.004586
0.005887
-0.019981
-0.008279
-0.002175
0.008023
0.012026
-0.013320
0.018700
-0.018709
0.016099
-0.014404
0.000844
0.013779
0.004167
-0.032113
0.016291
-0.001278
0.012059
-0.009438
0.000207
0.028991
-0.018614
-0.003650
-0.013607
-0.001015
-0.000432
-0.000402
-0.039358
0.018330
0.006138
0.000973
0.004113
0.017585
0.007103
0.010747
0.009054
0.010262
-0.001034
-0.014924
-0.020828
-0.000926
-0.004609
0.006933
0.014966
0.012608
-0.036607
-0.000405
0.002362
0.004989
-0.000591
-0.000920
-0.010570
0.011922
0.007012
-0.017529
-0.031879
0.000924
-0.008705
-0.000528
-0.015837
0.005070
-0.026958
0.006927
-0.002692
0.008546
0.002968
0.004530
0.004629
0.000123
-0.014623
-0.004204
-0.008567
0.036231
0.007562
0.006594
0.002979
0.031389
0.016577
-0.005363
-0.002118
0.009488
0.011462
0.039288
-0.021535
0.003999
0.003470
0.016548
0.033673
0.006839
-0.005532
0.007630
0.007008
0.002784
0.001291
0.036968
-0.001221
0.029496
-0.048499
0.011546
0.008670
0.018901
0.024026
0.007756
-0.025062
0.006160
0.005863
0.001041
0.008228
-0.003365
0.007736
0.041076
0.018293
0.024920
-0.004986
-0.015082
0.019130
-0.016899
0.024950
0.020150
0.018798
0.025472
0.034507
0.022920
0.021316
0.007946
-0.015647
0.038220
0.021739
-0.058373
0.010112
-0.006714
0.042728
0.003846
-0.030408
0.012031
-0.056883
0.044444
0.032998
-0.012476
0.014058
-0.029438
-0.005124
0.012400
-0.016004
0.034345
0.004610
-0.034519
-0.058429
-0.000358
0.035048
-0.012574
-0.005969
-0.025365
-0.044477
0.006675
0.001527
-0.028977
0.008872
0.040499
0.009797
0.043624
-0.013534
-0.059372
0.049097
0.003324
-0.018197
0.007201
0.003264
-0.017152
-0.013649
0.025841
-0.020558
0.038205
-0.008630
-0.016133
-0.031442
0.013164
0.013294
-0.030723
-0.007282
0.036617
-0.041066
0.018679
-0.007657
0.033366
0.008585
0.025893
-0.016462
-0.034875
0.030093
-0.002214
-0.009324
0.051062
-0.000695
-0.002610
0.011644
-0.007224
0.023731
0.016233
-0.024894
-0.002887
0.010174
-0.020321
-0.002957
-0.014887
0.013558
-0.023160
-0.009643
0.041512
-0.000927
0.015489
-0.007755
0.035122
-0.025917
-0.025863
-0.009868
-0.021487
0.002847
-0.008856
-0.036471
-0.011326
-0.021348
-0.035419
-0.055304
0.014612
-0.021244
-0.048833
-0.022406
-0.005294
-0.024378
0.011724
0.041017
0.057011
-0.028494
0.003032
0.001076
-0.014411
-0.024809
-0.021656
-0.003194
-0.002523
0.024001
-0.014941
0.015524
-0.006395
0.035793
0.018070
-0.013734
0.002774
-0.015005
-0.012782
0.012898
-0.004838
0.006290
0.010717
0.014412
0.027694
0.002581
-0.011452
-0.041140
0.021512
-0.032445
-0.020496
-0.026023
0.033808
-0.044760
0.028023
0.020249
0.003015
0.014668
-0.026553
0.003395
-0.006252
0.017322
0.015680
-0.025120
0.030012
-0.003102
-0.003098
0.019601
0.025370
-0.001772
0.005275
-0.005539
-0.008006
-0.005482
-0.008317
-0.015308
0.005481
0.032666
-0.011155
-0.025945
-0.005823
-0.006703
0.009876
0.008042
0.021806
-0.023072
-0.015401
0.032843
-0.009182
-0.005568
-0.019632
0.006207
0.023998
-0.006477
0.007479
0.005436
0.005077
-0.005159
0.002462
0.001413
-0.006856
0.019615
-0.019852
0.023316
-0.002910
-0.008219
-0.002467
-0.012408
0.006071
-0.011586
0.026606
-0.014948
-0.024125
0.040517
-0.029895
-0.017235
-0.019091
0.001243
0.005446
-0.017609
0.003319
0.002940
0.025958
-0.002403
-0.033844
0.000755
0.014342
0.027843
0.021075
-0.003098
0.011873
-0.007463
0.012320
0.008498
0.012672
-0.023169
0.018375
0.008731
-0.007678
-0.014149
0.015096
-0.023422
0.014931
-0.020790
0.006975
0.005876
-0.038127
0.019247
0.012945
-0.021807
-0.091507
0.002190
-0.031324
-0.009374
0.002729
0.017988
-0.004185
0.031937
0.050444
-0.023749
-0.056621
-0.007101
0.009290
-0.014269
-0.002318
0.006399
0.001311
0.053935
0.005175
-0.016088
0.005474
-0.019122
0.023984
-0.034668
-0.022044
0.038336
-0.000429
-0.013668
-0.009706
-0.025827
0.022204
0.002836
-0.014718
-0.010892
-0.033971
-0.013041
0.007653
-0.001700
0.008849
0.016811
0.059556
-0.021222
0.002241
0.013088
-0.000675
-0.030440
-0.006395
0.031957
0.001873
-0.014523
-0.020057
0.009269
-0.042507
-0.015740
-0.029866
0.041105
-0.020245
-0.028022
-0.044554
0.033773
0.040481
-0.014964
0.001726
-0.014642
0.034477
-0.019418
0.043144
0.006586
0.007653
-0.019556
0.008430
0.031886
-0.040357
0.019896
0.013996
-0.026479
-0.002980
-0.009809
0.028755
-0.004491
-0.003229
0.004991
-0.007686
-0.031808
-0.024683
-0.001310
0.018339
-0.000663
0.036184
0.005091
0.020875
0.003139
0.023447
-0.001044
-0.038856
-0.011919
-0.022323
-0.010602
-0.005727
-0.012977
0.039653
-0.010786
0.011015
-0.040998
0.014578
0.031473
0.020150
0.052385
0.009363
-0.027239
0.000306
0.010520
-0.045917
0.027680
-0.013447
-0.016195
-0.016363
0.012911
-0.031500
-0.001628
0.025365
-0.048980
-0.011450
0.023780
-0.023504
0.018519
-0.015718
-0.005583
-0.018920
-0.024929
-0.013274
0.007178
0.002811
-0.000764
0.000746
0.000906
0.022855
-0.007170
-0.009458
0.015675
0.011400
-0.023142
-0.008337
-0.014992
0.009877
-0.011733
0.009230
0.011972
0.002547
0.011818
0.015093
0.010090
0.002025
0.010383
0.005585
0.025719
-0.014849
0.000875
0.029126
-0.002540
0.007624
0.008904
0.023779
0.008398
-0.012986
0.015685
0.037540
0.022030
-0.021770
-0.011178
0.006098
-0.002877
-0.023385
0.019650
-0.005555
-0.021852
-0.009686
0.018990
-0.017493
0.023661
-0.010248
-0.019331
-0.004034
-0.004382
-0.019366
0.036685
-0.026598
-0.005365
-0.017386
-0.020243
0.007237
-0.005706
-0.023195
0.005071
0.016114
-0.039155
0.017278
-0.019016
-0.002870
-0.001171
0.034500
0.020749
-0.021327
-0.006399
-0.019721
0.018650
0.016742
0.031768
-0.005133
-0.005701
-0.004739
-0.010892
0.029234
-0.004586
-0.001049
-0.007138
-0.015379
0.024938
0.004350
0.006660
-0.021418
0.011879
0.029389
-0.001231
0.005721
0.007266
0.034168
0.008302
0.015453
0.020518
0.007083
0.003543
-0.010558
0.009693
-0.001772
0.025788
0.003697
-0.022279
0.013032
0.032792
0.026527
0.016289
0.001203
0.014212
-0.025331
-0.015271
-0.037786
0.020685
-0.019270
0.006912
-0.001725
0.000837
-0.007507
-0.018582
-0.000605
-0.000236
-0.004310
-0.018486
0.024918
0.002029
0.000491
-0.000222
0.019506
0.021616
0.006064
0.037008
0.011604
-0.035115
0.019394
-0.025878
-0.002976
-0.029789
0.007933
0.022915
-0.002521
0.010298
0.011336
0.019015
0.021142
0.017209
-0.013964
0.020706
-0.027661
-0.023821
-0.014003
-0.002065
0.013873
-0.010096
-0.009677
-0.009364
-0.000567
-0.035836
0.012437
-0.010249
0.005084
-0.027520
-0.007942
0.001114
0.004841
0.036625
0.010904
0.012974
0.003575
-0.050032
0.015612
0.002109
-0.074246
0.006759
0.033133
0.003948
0.043897
0.009953
-0.013974
-0.006037
-0.001622
-0.047430
-0.039742
0.051941
0.008096
-0.023426
-0.013258
-0.013535
0.009217
-0.054370
-0.002460
-0.001634
0.006967
-0.015267
-0.040781
-0.034037
0.021297
0.033969
-0.038009
-0.009317
0.027111
0.013333
-0.027481
0.002381
0.044709
-0.022870
0.018404
-0.019212
0.031554
0.059426
0.033088
0.006221
0.037471
-0.022527
0.002446
0.008571
-0.008426
-0.012838
-0.008097
-0.000281
0.003170
-0.017797
-0.015484
-0.004034
-0.054037
0.010221
-0.029724
-0.004227
0.020538
-0.013833
-0.018214
-0.019179
0.031669
-0.010395
-0.021297
0.040666
-0.027035
-0.017110
-0.031866
0.066068
0.024483
-0.015615
-0.015713
-0.014341
-0.028470
-0.024283
0.014010
0.019145
0.044582
0.030447
0.011858
0.018337
0.002409
-0.013647
-0.012710
0.024866
0.006215
-0.006774
-0.014640
0.023288
-0.010807
-0.008826
0.015168
-0.009913
0.039230
0.031405
-0.010159
-0.010173
-0.006575
-0.014500
0.000691
0.037878
0.029506
0.030413
-0.001525
-0.029876
0.013062
-0.008141
0.004088
-0.026694
-0.013469
0.018353
0.002495
0.002909
0.015020
0.016951
0.044612
-0.012512
-0.015133
0.002879
0.002612
-0.036053
-0.003676
-0.003289
-0.002504
0.021490
0.002895
-0.059255
0.000715
0.036726
-0.040004
-0.036393
0.036347
-0.030414
-0.032851
0.016442
0.029645
0.001435
0.009679
-0.000793
-0.001123
-0.032639
-0.021049
0.011924
-0.046540
-0.019185
-0.023653
0.015066
-0.055351
0.013661
-0.009033
-0.037263
-0.010874
0.011445
0.023231
0.011785
-0.020984
-0.026347
-0.017832
-0.002201
-0.020864
0.020419
0.027809
0.005239
0.025575
-0.018779
0.043798
-0.006841
-0.017755
0.052118
0.014635
-0.016471
-0.057837
0.005290
-0.018765
0.030412
-0.037149
-0.019513
0.003613
0.007733
-0.009582
-0.018409
0.021144
-0.018640
-0.035568
0.029007
0.026586
0.032552
0.035336
0.036397
0.008581
-0.005020
-0.002288
-0.010344
-0.003215
0.014159
0.010966
0.012130
0.014821
0.014307
0.015348
0.041114
0.013377
0.029388
-0.010557
-0.000191
-0.030685
-0.026359
-0.031554
0.013308
0.009301
-0.014311
-0.014289
-0.047787
-0.002761
0.004857
0.001189
-0.003963
0.017050
-0.018225
0.006407
-0.018621
0.001761
0.032960
-0.008208
-0.002375
-0.021163
0.002056
-0.038589
0.008721
-0.009791
-0.007154
-0.018899
-0.005504
0.023010
0.008031
-0.001546
0.003079
-0.011585
0.008937
0.008123
0.026590
0.027068
-0.014861
-0.005107
0.003273
-0.019704
0.002294
-0.023194
0.018622
-0.020628
-0.002255
0.039082
0.003408
-0.002513
0.019135
0.014487
-0.014353
-0.014007
0.020264
-0.055328
-0.001546
-0.013097
-0.002025
0.006368
0.016306
-0.022664
0.006202
-0.002770
0.035710
0.003725
0.005768
-0.003826
-0.033037
-0.010271
-0.020120
0.017668
-0.011205
0.004848
0.002503
0.012534
-0.001354
0.018795
0.014257
0.016385
-0.030823
-0.024664
-0.008578
-0.024140
-0.022594
0.019044
0.020319
0.034268
0.041595
0.032054
-0.024747
-0.011884
-0.010083
-0.007654
0.014450
-0.008389
0.003268
0.012064
-0.032446
0.004314
-0.020147
-0.012291
0.021777
0.009513
0.002832
0.015393
-0.035972
0.024692
0.005283
0.005350
0.001995
-0.007197
0.023006
0.002159
0.011060
0.019624
0.016951
-0.004306
-0.017480
-0.008634
0.010344
0.003436
-0.010502
-0.018241
-0.010977
-0.007857
0.022453
-0.018748
0.020281
0.020053
0.011931
0.031791
-0.001084
0.012862
0.042002
0.045075
0.038248
-0.006918
-0.004590
0.007473
-0.019193
-0.012367
0.055497
-0.044786
0.010282
0.031502
-0.048278
0.022445
0.028603
0.015243
-0.076223
-0.018515
-0.005652
-0.028902
-0.000058
-0.024590
-0.073298
0.055158
-0.027884
0.004963
0.019255
0.032646
0.006533
0.034620
0.019453
0.019918
0.024061
0.010155
0.063707
-0.071394
-0.000509
-0.022352
0.011906
0.031435
-0.061769
0.043307
-0.061422
-0.015545
0.033197
-0.048486
-0.066852
-0.007662
0.042091
-0.051672
0.005578
-0.017532
0.007697
0.024105
-0.048374
0.021964
-0.032874
0.044791
0.027184
-0.008594
-0.026314
0.015658
0.013227
-0.045066
-0.048133
0.009725
0.031482
0.022747
0.038358
0.005268
0.002394
-0.014072
-0.011715
-0.011238
0.024590
-0.028330
-0.032303
-0.022237
0.037287
0.057702
-0.003703
-0.024710
-0.031073
0.002351
0.004296
0.019008
0.058343
0.010368
0.008461
-0.019862
-0.019523
-0.068595
0.004333
0.047019
0.007045
0.023877
-0.054372
-0.023451
0.006994
-0.012298
-0.012632
-0.030637
0.020585
-0.039763
-0.007203
0.020370
-0.036824
0.038655
0.063196
0.103973
-0.014310
0.014526
-0.017149
0.076809
0.034334
-0.020170
-0.029843
-0.053576
0.002644
-0.025333
-0.046256
-0.019768
0.058367
0.012119
-0.005003
0.011622
0.010674
-0.037807
0.007552
-0.010768
0.004902
-0.013496
0.005556
0.014614
-0.070228
-0.016399
-0.033206
-0.006167
0.009655
0.057827
-0.018818
0.007687
0.012114
-0.005814
0.036109
0.047431
-0.006452
-0.014020
0.023578
0.018308
-0.002077
0.014762
0.013462
0.015281
0.010949
-0.035607
-0.010071
0.013993
0.007951
0.028900
0.053249
0.023068
-0.003678
-0.012886
0.041811
0.006772
0.005664
0.012463
-0.009662
0.045987
0.001947
0.018377
0.013694
0.002915
0.036436
-0.034360
-0.018483
0.047445
0.016593
-0.014965
-0.022056
-0.023934
-0.025474
-0.000257
0.005652
0.000761
0.010292
0.031746
0.011285
-0.002786
0.031767
0.025994
0.002340
0.006649
-0.024544
-0.026204
-0.023047
-0.003007
0.012976
0.013488
-0.002325
-0.029656
0.009242
0.003841
0.003011
-0.032569
-0.017920
-0.004782
0.006903
-0.018601
-0.008479
0.018711
-0.018998
-0.020837
-0.017118
-0.005389
-0.029353
0.019252
-0.011586
0.023159
-0.009865
-0.011027
-0.057761
-0.008671
-0.017778
0.007638
0.028281
-0.027698
0.004478
-0.010898
-0.003770
0.001407
-0.017774
-0.031227
0.001536
-0.017901
0.009302
-0.018407
-0.011729
-0.005467
0.000412
0.049873
0.004118
-0.022736
0.002345
0.005320
0.011601
-0.021020
0.007709
0.008519
-0.010552
0.001779
-0.002835
0.014764
0.004026
-0.014577
-0.022599
0.000092
-0.030720
-0.022675
-0.038597
0.008772
-0.007880
0.006982
0.009516
0.001210
0.019214
0.004506
-0.010297
0.015528
0.020948
0.007165
0.004678
-0.021512
-0.015448
-0.027937
-0.005021
0.027587
-0.036739
-0.029578
-0.009203
-0.008425
-0.000715
0.001200
0.051186
0.009700
-0.025786
-0.022342
-0.038831
-0.008901
0.018058
-0.018189
-0.024193
0.004688
-0.024900
0.001505
-0.021261
0.001235
0.000008
-0.035685
0.012566
0.002926
0.005211
0.034240
0.002249
-0.023213
0.020925
0.011915
0.007182
0.001966
-0.000260
-0.005501
0.035472
-0.022924
-0.008161
-0.028088
-0.005171
-0.016187
-0.001769
0.044152
-0.003594
0.006895
0.004780
0.001844
-0.008079
0.006639
-0.002265
-0.021538
0.005491
-0.002949
-0.036979
-0.003051
-0.027694
-0.044012
-0.033010
-0.021070
-0.008151
-0.014373
-0.017544
-0.014153
0.035529
0.019186
-0.037707
0.010619
-0.059726
-0.017841
-0.005170
-0.025998
-0.022001
-0.019302
0.020912
-0.001179
0.009622
0.012041
-0.027279
-0.008196
-0.010121
-0.003985
-0.034248
0.027893
0.019476
0.001977
0.016659
0.000006
-0.011964
0.016409
-0.004108
0.015011
0.037284
0.007381
0.015807
-0.000485
-0.010147
-0.050367
0.024579
0.027127
-0.017114
-0.004602
-0.010642
-0.067638
0.000947
0.006838
0.008733
0.004429
-0.000615
0.011231
0.004283
-0.006774
0.000104
-0.014003
-0.017635
0.010128
0.007316
-0.013082
-0.004418
0.013261
-0.000894
0.006909
0.014190
0.017473
0.026050
-0.002462
-0.007909
-0.008352
0.012579
-0.000395
-0.016536
0.018228
0.021211
0.000432
-0.015617
-0.023343
-0.034488
0.018507
-0.012632
-0.026703
0.024107
-0.001449
-0.028882
-0.008172
0.007927
-0.010356
0.004608
-0.003600
-0.014638
0.039636
0.017455
0.013692
0.023866
-0.040111
0.008489
0.006026
0.007784
-0.014090
-0.033144
0.020858
0.008895
0.003779
0.043433
-0.008489
0.013746
0.009279
0.007642
0.022687
-0.021824
0.019833
-0.020354
-0.022911
-0.000638
-0.003022
0.016607
-0.006856
0.021131
-0.004934
-0.012901
0.000731
-0.003795
0.019118
0.012472
0.012963
0.015092
-0.015216
-0.022306
-0.018905
0.004015
-0.027236
-0.026534
-0.027636
0.025171
-0.011681
0.010103
-0.010754
-0.026458
0.023162
-0.007474
0.014063
-0.021927
-0.043201
0.020223
0.030712
0.008049
0.004453
0.011234
-0.013753
0.036324
0.003328
-0.009745
0.008147
-0.010620
0.001011
0.015547
-0.027060
-0.021735
0.023042
0.017246
-0.014900
0.007205
0.008745
-0.019170
-0.026825
0.017845
0.000524
-0.016729
-0.002209
0.013840
0.010133
-0.026649
-0.015045
0.011335
0.021364
0.021499
0.013995
-0.007595
0.015510
0.002741
-0.004773
-0.013070
-0.009250
0.011101
-0.011114
0.019002
0.005432
-0.017353
-0.007397
-0.032534
0.004682
0.022298
-0.010607
0.025159
0.008632
0.005494
-0.005018
-0.012900
0.003981
0.008500
-0.027207
-0.009345
-0.017056
0.020476
0.037417
0.015046
-0.005464
0.020540
-0.039201
-0.003068
-0.016775
-0.000138
0.000042
0.000613
0.012990
0.014601
-0.006804
0.009874
-0.025339
0.006058
0.007869
-0.011462
0.017013
0.007223
0.003398
-0.009216
0.008684
0.029856
-0.008598
-0.000500
-0.020313
0.033186
-0.022504
-0.022398
0.018163
-0.005958
0.018851
0.029492
-0.001502
0.028249
0.032578
0.007077
0.016379
-0.046421
-0.004945
0.004653
0.005869
-0.037521
-0.016829
0.004701
0.015236
0.009372
0.007612
-0.017876
0.018921
0.019600
-0.004696
-0.016351
-0.010596
-0.009668
0.002758
0.011854
0.004292
0.004506
0.015706
0.022233
-0.028943
0.007584
0.035981
-0.017360
-0.012214
-0.023047
0.013133
-0.027526
-0.022992
-0.009493
-0.007341
-0.009703
-0.024710
-0.016566
0.000441
0.025842
-0.023639
0.003941
0.011558
0.006971
0.016083
0.003680
0.022955
-0.019953
-0.025963
-0.014441
-0.011178
0.005288
0.005146
-0.021609
-0.006112
-0.010620
0.008834
-0.003562
-0.008455
-0.011752
-0.007352
0.008264
0.007641
0.031493
-0.011850
0.015847
-0.003597
-0.015526
-0.010053
-0.019239
-0.017373
0.013246
-0.007747
0.016335
-0.007065
-0.025241
0.021138
-0.014439
0.001183
-0.000414
0.032031
0.018978
-0.029748
0.000312
0.019027
0.022311
0.014270
0.023752
0.029685
0.014572
-0.007260
0.001351
-0.006497
-0.002810
-0.021200
0.019216
-0.030375
-0.003741
0.005721
0.013897
0.018009
-0.030991
0.009293
0.002191
0.010790
-0.023022
-0.007036
0.009164
-0.036562
-0.012237
0.020270
-0.034793
0.011439
-0.026285
-0.000146
0.021205
-0.031377
-0.001371
0.021022
0.003634
0.036219
-0.018394
0.010879
0.019340
0.000705
-0.002334
-0.025872
-0.019376
-0.015909
-0.009026
-0.001979
0.002485
0.013289
0.025815
0.018928
0.022566
-0.006508
0.012424
-0.017875
0.028632
-0.002685
0.008577
0.012196
-0.012633
0.005461
0.009020
-0.017995
-0.005520
0.006891
-0.000687
-0.002860
0.017800
-0.011691
-0.004669
0.014363
-0.028970
-0.005446
-0.014726
-0.004761
0.004041
0.001854
0.001545
0.011804
0.006395
0.012260
0.009127
-0.009038
0.006357
-0.015157
-0.009723
0.020699
-0.015360
-0.018104
-0.005673
0.014992
-0.027895
0.019927
-0.009692
0.004869
0.004583
-0.013880
0.012504
-0.021284
0.015104
0.016479
0.022439
-0.011585
-0.016393
0.007560
0.029295
0.010537
0.004821
-0.013662
-0.009286
-0.015724
-0.010115
0.019091
0.008943
0.007827
0.016378
-0.001757
0.019103
0.005544
0.008300
0.010742
0.015610
-0.015410
-0.004895
-0.013085
0.001455
-0.003164
0.008696
0.007433
0.005475
0.002296
-0.010981
-0.016570
-0.017158
-0.009213
0.031219
0.014410
-0.004962
-0.003844
-0.005824
-0.010293
0.015166
-0.002302
-0.004671
0.044710
0.008375
0.011789
0.006188
0.003486
-0.019746
-0.002281
0.015481
0.013440
-0.011964
0.003463
-0.010543
0.003546
-0.007813
0.008289
-0.047960
0.033372
-0.011794
-0.012273
0.013157
-0.001316
0.010990
-0.005941
-0.003956
-0.012629
-0.017074
0.006725
-0.005724
0.018877
0.007751
0.010820
0.020710
-0.006811
-0.008474
0.007018
-0.000765
0.024386
0.004615
-0.015109
-0.018717
0.006413
-0.004415
0.016093
-0.016534
-0.005464
-0.004461
-0.016290
0.015061
0.026222
-0.014448
0.002198
-0.023305
-0.018148
-0.000855
-0.012203
0.009077
-0.029534
-0.003800
0.014164
-0.038183
-0.007156
0.000929
-0.010598
-0.014814
-0.003909
-0.018361
0.006222
0.032854
-0.000296
0.002928
0.010902
-0.010591
-0.019052
0.044449
0.008137
0.022356
0.005440
0.004646
-0.011384
-0.001789
0.002812
0.014770
0.026234
-0.014758
0.013310
-0.007219
-0.002249
0.023810
0.005370
-0.035054
-0.036630
-0.007769
-0.032272
0.021518
0.009087
-0.029046
-0.022731
0.000428
0.000078
0.006678
0.022332
0.022864
-0.036006
-0.015288
0.043015
-0.015334
-0.019292
-0.029574
0.004546
-0.001418
-0.008907
-0.025184
0.005673
-0.008951
-0.017788
-0.014822
-0.013104
0.021021
0.041381
-0.019684
0.019303
-0.001754
0.010745
-0.002678
-0.002105
-0.042818
-0.017594
-0.012761
0.015525
0.009869
0.019788
0.002645
0.000491
-0.012847
0.032757
0.028418
0.000124
0.010717
-0.011508
0.021925
0.034378
0.003716
-0.003927
-0.013409
-0.005390
0.003139
0.001287
-0.004885
0.018703
0.020617
-0.014209
-0.005621
-0.030253
-0.000991
0.000178
0.017274
-0.010984
-0.022662
0.003122
0.010838
-0.052974
0.023843
0.010550
-0.001572
0.033604
0.029702
-0.018295
0.037976
0.032236
0.028901
-0.004251
0.010865
0.005355
-0.024308
0.022737
0.005902
-0.022361
-0.013439
0.004664
0.003436
0.005897
0.008038
0.046771
-0.033777
0.014893
0.014448
0.036165
0.015742
0.017344
-0.031154
0.003391
-0.018280
0.001114
-0.018622
0.019820
0.004232
-0.009710
-0.023709
-0.036579
0.024780
0.015671
-0.011950
0.025584
0.014315
-0.034883
-0.025293
-0.007130
0.017903
-0.049367
-0.010087
0.026701
0.012447
-0.020059
0.018727
-0.005793
0.013340
-0.020817
-0.022066
-0.005181
0.019929
0.020152
-0.005660
0.010323
-0.016162
-0.036369
0.017794
0.005681
-0.000651
-0.014180
-0.016665
0.007105
-0.006578
0.012849
-0.005009
-0.001455
-0.022153
0.015168
-0.004870
0.007086
-0.017631
-0.010082
-0.006799
0.041617
0.008454
-0.028968
0.014560
0.010630
-0.013339
-0.005336
0.013764
-0.019580
-0.032013
-0.006519
0.006532
-0.026261
-0.025346
0.011989
-0.005281
0.007322
0.022101
0.023860
0.010653
-0.014289
-0.020694
-0.027372
0.004263
-0.007949
0.003895
0.003018
-0.025683
0.005788
0.000512
0.005443
0.022998
0.026038
0.005844
-0.034684
0.016251
-0.029171
0.013545
0.020241
0.005282
0.011377
0.013070
0.029134
-0.032702
0.014488
0.004545
-0.014030
0.007919
-0.024998
0.011105
-0.013229
-0.017227
-0.021436
0.000136
-0.026407
-0.005469
-0.002618
0.008044
0.001488
-0.015988
0.011321
0.016780
0.012071
-0.000618
-0.028667
0.024992
-0.034656
-0.009024
0.020178
0.029524
-0.000866
0.027549
-0.002202
-0.003943
-0.017721
-0.024838
0.025391
-0.012265
-0.014673
-0.037505
0.000290
0.011162
-0.002879
0.021786
0.008311
-0.003234
0.009934
-0.038853
0.009762
0.020696
0.019638
0.051156
-0.026757
0.013893
0.003932
0.013173
-0.001391
0.014336
-0.013131
-0.023757
0.006817
-0.024886
-0.014486
0.004637
-0.037084
-0.034849
-0.007100
0.017951
0.044602
0.002994
0.007843
0.036617
0.009253
0.036573
0.000490
0.007322
0.010737
0.023333
-0.005294
0.004611
-0.001979
-0.001310
-0.005941
0.004279
-0.026622
-0.030216
-0.021362
0.014402
-0.001959
0.014833
0.001115
0.007570
0.007604
0.006351
0.003286
-0.017669
-0.015505
-0.022385
0.008730
0.015143
-0.004386
-0.011312
-0.011492
-0.010130
0.008614
0.004922
0.023532
0.017164
0.013081
0.006051
-0.028292
0.012204
0.009909
0.005458
0.004102
0.010029
-0.030114
0.008613
0.019006
-0.024304
-0.002083
0.014634
-0.021492
-0.018325
-0.004620
0.048700
-0.003398
-0.023412
0.011496
0.019330
-0.010389
-0.002511
0.025156
-0.039200
0.012505
-0.033406
0.013078
0.035510
-0.003738
0.008987
0.000480
-0.002043
-0.003297
-0.005683
-0.006699
0.016212
-0.017856
0.015641
0.000532
0.007281
0.039446
0.005026
0.028396
0.005667
-0.044827
-0.019283
0.021813
-0.023504
-0.007460
0.032994
0.009116
-0.028234
-0.017103
-0.009243
-0.007928
-0.002423
0.019365
0.022068
0.021854
0.006091
-0.003199
-0.003033
-0.012635
-0.017369
0.025199
0.015204
-0.015705
0.010319
0.005129
0.006771
-0.020638
-0.029159
0.008011
-0.043114
-0.008644
0.039776
0.022478
-0.006364
-0.034923
-0.008964
0.027716
0.022880
-0.004156
-0.018472
-0.000582
-0.005384
-0.038161
0.019448
-0.003867
0.012965
-0.006265
0.019223
0.001435
0.021132
-0.008890
0.011857
0.002233
0.010538
0.003756
-0.045915
0.050103
-0.046780
0.013529
-0.028207
-0.008189
-0.023067
-0.006335
-0.011727
-0.010025
0.021520
0.005025
0.006730
0.020919
-0.022453
-0.031887
-0.019508
-0.017407
0.035573
0.027154
0.001763
0.037818
0.011890
0.014607
-0.013963
-0.001381
-0.002420
-0.040616
0.051319
-0.004372
0.022153
-0.012124
0.004167
-0.029498
0.010380
0.011131
0.018811
0.016278
0.013865
-0.024526
-0.014107
-0.012749
0.029310
-0.004185
-0.004488
0.038948
-0.019068
0.035130
0.009109
0.003840
0.029421
0.009644
-0.013826
0.010262
0.005833
0.006830
0.013159
0.011795
-0.013195
-0.018169
-0.000836
0.002494
-0.022500
-0.025359
0.022994
-0.020492
0.031985
-0.009584
0.006020
0.007316
-0.011258
0.028406
0.021799
-0.029944
0.011279
0.055714
-0.024594
0.038436
-0.000363
0.019005
0.021937
-0.006298
0.007742
0.012481
-0.042165
0.008976
-0.002447
0.020388
-0.011529
0.002626
-0.007158
0.009247
0.005566
-0.002330
0.013662
-0.001335
0.031679
0.022340
0.015015
0.020096
0.009812
0.003154
0.013020
0.017533
-0.016567
0.053117
-0.009918
-0.015762
0.010105
0.020512
0.017107
-0.007060
0.013891
-0.009272
0.001510
-0.027899
-0.010837
-0.008278
0.009820
0.007200
0.004398
0.009960
-0.001602
-0.016234
0.010504
-0.011816
0.016551
0.005984
0.017123
-0.026383
0.006958
-0.001160
-0.022406
0.008207
-0.017926
0.015287
0.001274
-0.006518
0.005056
-0.006045
0.001463
0.011188
0.007650
0.010618
0.011488
-0.018231
-0.014083
-0.001961
-0.017390
-0.005882
0.017851
-0.017414
0.016862
-0.000771
-0.011283
0.006115
0.006601
-0.010316
-0.028421
0.017598
-0.011762
0.007111
0.003256
0.006354
-0.002375
-0.027272
-0.003336
-0.010854
-0.019002
0.008100
0.021822
-0.022039
0.000618
0.008449
-0.000628
-0.005551
0.017094
0.022762
0.010950
0.023324
-0.006669
-0.001545
0.009382
0.021556
-0.000900
0.030050
-0.013302
0.008032
-0.036320
-0.007167
0.009093
0.012085
0.027204
-0.004674
-0.025204
-0.014624
-0.000808
0.014482
0.014517
0.003882
0.044807
-0.015280
-0.009953
-0.002570
0.002464
-0.008568
0.011012
-0.011048
0.017704
0.025428
-0.009208
-0.016237
0.003132
-0.001764
0.000183
-0.002713
0.035728
0.000009
0.001420
-0.007544
0.014698
0.000538
0.019504
-0.000821
0.001480
-0.000998
0.020639
-0.017645
0.030258
0.013194
0.014958
0.022092
0.001904
0.001505
0.006493
-0.032715
0.000567
0.000665
0.005964
0.005902
0.010326
-0.024538
-0.000022
-0.017782
-0.001439
-0.093270
-0.020422
-0.003619
0.001011
-0.027864
0.025089
-0.001236
-0.000741
-0.050220
-0.001174
0.022657
0.001626
0.000977
0.028639
-0.015419
-0.000437
0.005995
0.012684
0.006580
0.014189
0.031880
0.018322
0.003074
-0.010819
0.001509
0.002449
0.018116
0.044156
-0.028526
0.024353
0.016075
0.025415
0.003938
0.026051
-0.009545
-0.009749
0.006220
-0.017938
-0.020019
-0.006871
-0.020317
-0.048365
0.017926
-0.005392
0.004345
0.036892
0.028492
-0.034629
-0.011933
-0.046626
0.008209
-0.020643
-0.005360
-0.006527
0.010005
-0.020674
-0.025016
0.034566
0.009185
0.002888
-0.020886
0.002764
0.034545
-0.064025
0.006484
0.020054
0.022669
0.022379
-0.010175
0.024981
0.022399
-0.042428
-0.007225
-0.005171
-0.004030
-0.009408
0.028535
-0.052505
0.032437
0.012964
0.031111
-0.000518
-0.020519
0.005217
0.009957
-0.000536
0.043828
0.006002
-0.028274
0.036112
0.003113
0.002644
0.008286
-0.018165
0.006837
-0.023153
-0.010577
0.009461
-0.016768
-0.020504
-0.019704
-0.006723
0.030124
0.015679
0.052624
-0.001169
0.004140
0.075511
-0.061127
0.012873
-0.043584
0.014108
0.003404
-0.007257
0.005484
0.031650
0.027781
-0.000805
0.030002
-0.003631
0.000492
0.021330
0.003505
0.023334
-0.006351
0.000560
0.017480
-0.009638
0.008275
0.009258
0.002250
-0.019814
0.004957
0.013203
0.006820
-0.008140
-0.010679
-0.026401
-0.032080
-0.008133
-0.022165
-0.000574
-0.020089
-0.014597
0.001415
-0.007606
-0.006193
0.003259
-0.003317
-0.011618
0.015058
0.007931
-0.007277
-0.030947
0.016499
-0.001895
-0.018593
0.039574
0.017535
0.012803
-0.000007
0.024815
0.013068
-0.009576
0.007595
0.011345
0.020495
0.025576
0.012094
0.004201
0.023279
0.012870
-0.009117
-0.007663
0.001978
-0.005582
0.002115
0.025530
-0.002914
-0.045131
0.007763
0.010077
0.001469
-0.005572
-0.043157
-0.017856
-0.000657
-0.001518
0.016862
-0.004256
-0.000766
0.034057
0.018841
-0.003547
0.001232
0.001729
0.013878
0.012022
-0.014056
-0.014486
0.014787
-0.005719
-0.007997
-0.015855
0.027220
-0.021117
-0.005888
-0.012932
-0.024306
-0.019106
0.013297
0.016070
-0.025170
0.000050
-0.005042
-0.011247
-0.038202
0.012110
-0.004113
0.009438
-0.004004
-0.022283
0.004215
-0.002906
0.005942
-0.014358
-0.012833
0.017549
-0.004523
-0.013043
0.015317
-0.006648
0.019629
0.014134
-0.008451
-0.007082
-0.019145
0.012643
-0.004538
0.000150
-0.005548
0.015947
0.020317
0.004711
-0.016913
0.018667
-0.015935
0.005671
-0.006035
-0.005693
-0.002396
0.004073
-0.041607
-0.008082
0.019447
-0.000648
0.001261
0.017005
0.002483
0.005639
-0.001091
0.010432
0.031764
0.023539
0.014996
-0.023012
0.014524
-0.019997
-0.012888
0.005448
-0.014209
-0.010028
-0.004123
0.019695
0.016783
-0.005722
0.028788
-0.000748
0.018179
0.012690
0.014265
-0.006021
0.005006
0.032740
0.001780
0.034573
-0.001708
0.000127
-0.002771
-0.004789
-0.012385
-0.001027
0.006035
0.014020
-0.026442
0.004406
-0.012747
-0.005798
0.003067
-0.027140
0.017017
-0.001864
-0.004397
-0.000636
-0.014038
-0.007377
0.011849
-0.001513
-0.002438
-0.008302
-0.018706
0.021441
0.022823
-0.005493
0.006111
0.017781
-0.006866
-0.001285
-0.011425
0.020877
-0.008350
0.009427
0.017087
0.013630
-0.012582
0.031219
0.006856
0.013585
0.016917
0.006835
0.004960
0.004171
0.022409
-0.033365
0.019078
-0.003673
0.018210
-0.001945
0.018868
0.000036
-0.038948
-0.007008
0.005494
-0.008892
0.012557
0.015367
0.005620
0.011249
0.021081
0.006401
0.009353
-0.005190
0.004428
0.009555
-0.002754
0.010053
0.015608
-0.008395
0.022023
0.015672
-0.018501
0.007619
0.006835
-0.005101
0.028542
0.009519
0.005692
-0.023450
-0.011316
0.010738
0.003349
0.011420
0.005964
0.016002
-0.011761
-0.004366
-0.010498
-0.009186
0.000916
0.011504
-0.023617
0.032345
0.048906
-0.032114
0.030788
-0.023480
0.000183
-0.035917
0.007973
-0.026251
0.009090
0.028833
-0.037243
-0.021283
0.012395
-0.010434
0.008717
-0.030380
0.071041
-0.059613
-0.047956
0.084924
-0.034489
0.070037
0.016214
-0.003196
0.003903
-0.024154
0.019451
-0.013976
0.026764
0.030956
-0.015734
-0.023128
0.016483
0.061260
-0.003966
0.005930
0.027900
0.014547
-0.022618
-0.028769
0.043749
-0.058805
-0.031632
0.059595
0.008047
-0.036610
-0.024038
-0.012498
0.027938
-0.017573
-0.021231
-0.029667
0.005331
0.006708
-0.003495
0.004551
0.011942
0.005463
-0.001328
-0.016000
0.010945
-0.049839
-0.000360
-0.002617
-0.014694
-0.034407
0.042161
0.015763
-0.009815
-0.049283
-0.020353
-0.025509
-0.006906
0.040372
0.029534
0.004546
0.009248
-0.014282
0.016712
0.053705
-0.006464
-0.000511
0.059808
0.020006
0.004751
0.064687
-0.024725
0.021013
-0.009093
0.032312
0.028094
0.005415
0.033903
0.033956
0.023950
0.052002
-0.018224
-0.000716
0.004353
-0.032281
-0.015278
-0.005920
-0.019212
-0.055640
-0.037378
0.033885
-0.048826
0.009667
0.017970
0.018557
-0.010629
0.014356
-0.031079
-0.029540
0.042095
-0.047920
0.007699
0.066573
0.064792
-0.019332
-0.026183
0.027132
0.000166
-0.051953
-0.012480
0.009607
-0.062520
-0.027028
0.033807
0.007758
-0.025870
-0.081602
-0.005250
0.020474
-0.005564
0.011010
-0.031140
-0.007033
0.004615
0.024645
0.021563
0.026743
0.027892
0.025067
-0.021040
-0.053054
-0.051910
-0.021665
-0.011286
-0.026315
0.000497
-0.021658
-0.033206
-0.033456
0.005930
-0.015349
0.021184
-0.020254
0.009781
0.010042
-0.028632
0.006407
0.048302
-0.013638
-0.017963
-0.030753
0.015872
0.020243
-0.040396
0.024529
-0.036263
-0.001505
-0.003596
-0.036846
0.027175
-0.003646
0.004432
0.013368
0.008581
-0.011458
-0.022017
0.051740
-0.005129
0.001941
-0.008388
0.017406
0.015226
0.004465
-0.006296
0.006093
0.003756
0.033808
-0.019026
-0.002890
-0.030921
-0.027789
0.024003
-0.005355
-0.046972
-0.002396
0.032151
-0.017276
0.006165
0.009282
0.007771
0.027818
-0.065895
-0.000795
0.028031
-0.009763
-0.053049
0.014142
-0.009853
-0.019408
-0.031002
0.006960
0.027147
-0.014260
0.013819
-0.031778
0.022116
-0.019850
-0.013610
-0.009066
-0.014879
-0.021660
0.015107
0.049678
0.018180
-0.012791
-0.001424
-0.028609
0.027615
-0.023279
0.015977
0.000721
0.011513
-0.002775
-0.044604
-0.017197
-0.034802
-0.021274
0.045915
0.014070
0.064871
-0.006318
-0.003711
0.033906
-0.009693
0.027678
-0.004880
-0.005228
0.013153
-0.015705
0.026083
0.012556
0.011053
-0.006407
-0.014076
-0.004817
0.008089
-0.004320
0.007417
-0.010569
0.005536
0.011478
-0.016016
0.014476
-0.019729
0.023890
-0.001155
0.011840
-0.011090
0.000689
0.016284
-0.019287
0.010351
0.027046
0.012154
0.011909
0.000314
-0.012819
-0.011519
0.007351
-0.011489
0.022370
0.003378
-0.019445
-0.020649
-0.025099
-0.006510
-0.005641
-0.014134
0.001312
0.014369
0.010438
-0.008953
-0.003776
0.000909
-0.013576
-0.025972
-0.021450
0.051053
0.005519
-0.004413
-0.005068
0.000503
-0.028684
-0.001962
0.004681
-0.000229
-0.007710
-0.006735
0.014391
0.003750
-0.001295
-0.002041
0.026823
-0.001697
0.003916
-0.005797
-0.019193
-0.021016
0.006134
-0.010491
0.012923
-0.030156
0.009219
-0.010880
0.012181
0.003434
0.011718
-0.018196
-0.003753
-0.000349
-0.009339
0.014020
0.000303
0.013723
-0.009852
0.008300
0.022301
0.010765
-0.011555
0.015912
-0.019081
-0.010957
0.001571
-0.005288
-0.002433
-0.011550
0.011032
0.013257
0.005077
0.002376
-0.008027
0.001674
-0.001900
0.015508
0.032790
-0.014618
0.010023
0.011410
-0.012073
0.011850
0.009261
0.007240
0.016457
-0.032489
0.003020
-0.010197
0.023112
-0.020174
-0.025609
-0.032568
0.000396
0.001994
0.020872
0.023957
0.007633
0.028173
0.010312
-0.039187
0.008016
-0.011306
-0.016363
-0.024462
-0.023439
0.017769
0.007791
-0.004637
0.010578
-0.004298
0.002517
0.014492
-0.022044
-0.013052
0.008765
0.004726
-0.015746
0.003313
-0.003118
0.000153
-0.021566
0.002953
0.007438
-0.017653
-0.006822
-0.000225
0.010594
-0.003493
-0.002507
-0.026003
0.025912
-0.011221
0.019357
-0.016456
0.005960
-0.028150
0.009576
-0.013317
-0.025283
-0.030271
-0.014542
0.028350
-0.005512
-0.027448
0.016366
-0.020429
-0.029221
0.010143
-0.006002
0.008947
-0.016403
0.000282
-0.025833
-0.005038
-0.015365
-0.018819
-0.009936
-0.010593
0.019372
-0.012869
0.002848
0.020155
-0.001650
-0.017255
-0.001031
0.019635
0.007561
-0.023343
0.001853
0.008053
-0.015871
0.022258
0.005962
-0.029800
0.012837
0.011759
-0.008181
0.007417
0.009133
-0.002673
0.011662
-0.014304
-0.010315
-0.010953
0.010921
-0.025912
0.010240
-0.003379
0.022805
0.004998
-0.014158
-0.004605
0.019901
0.020281
0.014382
0.003870
0.008929
-0.024770
-0.006124
0.011135
0.004249
-0.013546
-0.018023
-0.000744
0.011410
-0.011173
-0.005978
0.014111
-0.024764
0.005715
0.018578
-0.017334
0.006245
-0.030323
-0.022841
-0.020416
0.026854
-0.024428
0.003622
-0.006466
0.010596
0.001721
-0.014853
0.034708
-0.007849
0.012932
0.042169
-0.038502
0.003506
0.016258
0.003109
-0.000138
-0.000656
0.018213
0.015005
0.007100
0.009813
-0.018807
0.009077
0.016552
0.009303
0.018256
0.002208
-0.005136
-0.016969
0.011325
-0.019049
-0.001510
0.008527
-0.000217
0.041870
-0.014263
0.020460
0.009860
0.007764
-0.000243
0.009737
-0.017949
-0.010844
-0.021689
-0.001534
-0.013771
0.022111
-0.001518
-0.005309
-0.006163
0.001872
0.010934
0.005163
0.024002
-0.017896
0.021317
0.019695
-0.024095
0.022958
-0.003921
0.013048
-0.011518
0.024247
-0.007129
0.008471
-0.025945
0.005403
-0.010162
0.006920
-0.032306
-0.004879
-0.007876
-0.032578
0.012887
-0.013994
-0.006730
0.020566
0.009254
-0.010581
-0.016335
0.004960
-0.023998
-0.022839
-0.003941
0.021676
-0.002812
-0.001163
0.028908
0.000006
0.002711
0.021593
-0.012064
-0.027504
-0.003009
0.022032
-0.006083
0.004969
-0.003035
0.030842
0.013021
-0.018999
0.004548
0.008609
0.013786
0.029924
0.006092
-0.008071
0.012968
0.020625
0.003652
-0.004127
-0.007748
0.046462
0.019337
-0.016062
-0.009309
0.023133
0.011840
0.007751
0.002443
0.011054
0.009068
-0.000309
-0.034797
-0.011123
0.025332
0.012441
-0.021264
0.009784
0.009651
0.002412
0.000527
0.024024
-0.032936
-0.034650
-0.004456
-0.012469
-0.017949
0.029926
0.022486
0.033440
0.001901
-0.016555
-0.008737
-0.004239
0.030992
-0.000606
0.000123
0.007677
0.001479
0.008928
0.012420
0.001626
0.006741
0.002367
0.009549
0.018266
0.037357
-0.051299
-0.003165
0.052321
-0.018588
-0.007824
0.003923
-0.007202
0.029204
0.024766
0.016994
-0.002085
0.008503
-0.014345
-0.004462
-0.016613
0.012676
-0.019869
-0.007704
0.065080
-0.007973
-0.008534
-0.039059
-0.010216
0.022055
-0.020801
-0.018953
0.016921
-0.007652
-0.024980
0.018588
0.001823
-0.000801
0.013415
-0.011553
0.019245
0.019114
-0.012590
-0.010182
0.021394
-0.030139
-0.014288
-0.032139
-0.041889
-0.027752
0.017749
0.030655
0.012011
0.014308
-0.005566
-0.015042
0.056784
0.009812
0.031833
0.013478
0.019036
0.036505
0.014852
0.018831
-0.019804
0.004339
0.014816
0.016268
0.023704
-0.038312
0.020328
-0.007980
0.018847
0.008177
0.004361
0.010706
0.008960
-0.021303
-0.025036
-0.025088
0.013612
0.007187
0.004060
0.002646
0.007496
-0.023805
-0.007871
-0.011360
0.032251
0.016388
-0.005050
-0.003930
0.006710
0.028447
0.007583
0.070699
0.017725
0.053553
-0.005853
-0.001182
-0.000227
-0.043699
-0.029710
0.019583
0.026665
0.010203
0.028651
-0.007561
0.043770
-0.002423
0.005205
0.007460
-0.006854
0.020428
0.038285
0.022489
-0.008400
0.031785
0.043309
-0.026749
-0.041780
-0.012973
0.017835
-0.031898
-0.028281
-0.025449
0.022004
-0.021273
0.003494
0.036170
0.027786
0.006340
0.017891
0.013664
0.006192
0.040595
0.028383
-0.019024
0.050952
-0.042805
-0.043630
0.011622
-0.004437
0.009831
0.048799
0.004184
-0.025020
-0.014896
0.000376
0.015078
-0.002019
0.014350
-0.013139
-0.055923
0.003078
0.016585
0.010457
0.027177
-0.034062
0.025299
-0.045840
0.029907
0.024302
-0.025466
-0.000289
-0.016132
0.025196
-0.001278
-0.030571
0.026516
0.023888
-0.028131
0.028366
-0.025433
0.060462
-0.017545
-0.012298
0.015176
0.025902
0.002402
0.014509
-0.014478
0.043394
-0.017002
-0.000280
-0.014701
0.012146
0.011811
0.019528
0.031789
-0.016992
0.028227
0.033176
0.050481
0.037277
0.021191
0.028900
-0.027145
0.018152
-0.007430
-0.001449
0.041067
0.016946
0.050522
0.015538
0.053495
0.003663
-0.021243
-0.049862
0.026912
0.021898
0.021699
-0.004072
-0.035836
-0.063023
0.038362
0.023236
-0.050650
-0.009686
0.014666
-0.003398
0.024189
0.013154
0.063897
-0.000178
-0.005701
-0.004560
-0.046907
0.045053
0.024032
-0.003819
-0.065615
0.024875
0.065320
-0.025014
0.024769
-0.019084
0.038220
0.035357
0.008582
-0.012281
0.009061
0.011736
-0.005979
-0.000422
0.014799
0.000555
0.010679
0.009884
-0.013169
-0.014101
-0.006325
0.001254
0.004527
0.005371
0.015021
0.001180
0.007448
-0.001894
0.002086
-0.010168
0.025776
-0.001984
-0.004346
0.003554
-0.003065
0.004593
0.015476
-0.014031
-0.015045
-0.003677
-0.011903
0.028385
-0.006163
0.006004
0.006059
-0.016080
0.003647
0.006151
-0.011210
0.005421
-0.012317
-0.019243
0.012936
0.000868
-0.019597
-0.018058
0.015902
0.012212
0.033077
-0.011500
0.010711
-0.005022
-0.002852
0.000887
-0.001296
-0.007079
0.018387
0.003480
-0.011895
0.000134
0.006582
0.005396
0.012741
0.026359
0.011015
-0.000771
-0.017074
-0.014323
0.010900
0.000281
-0.002931
0.029373
0.016680
-0.008347
-0.003135
0.002773
0.008899
0.008015
-0.019146
0.012216
-0.021354
0.002870
0.013584
-0.017744
-0.011392
-0.008829
-0.013249
-0.023689
-0.000381
0.010345
0.004435
0.001835
-0.002412
0.006914
-0.005967
-0.016576
0.025806
-0.013756
0.010592
-0.013719
-0.002014
-0.024787
-0.009251
0.006535
0.017277
0.000692
-0.012121
0.005550
0.007165
0.014955
0.000384
0.007273
-0.009935
-0.017797
-0.012046
-0.012763
-0.010417
0.012652
0.014546
0.045383
-0.005108
0.017614
0.004512
-0.010225
-0.007257
-0.014588
0.025105
0.020209
0.014929
0.018736
-0.019081
-0.034042
0.009399
0.004795
-0.022361
0.028792
0.006023
-0.000365
-0.015518
0.022383
0.027601
-0.010151
-0.015217
-0.008091
-0.021381
-0.006609
0.001399
-0.003362
-0.010873
-0.020623
-0.013168
0.021470
0.003413
0.004494
-0.037385
-0.016942
0.025170
-0.008337
0.008578
0.004678
0.010740
-0.011124
0.000848
0.025853
0.004765
-0.028666
0.021256
0.043923
0.003714
-0.007594
0.005284
0.013954
0.001737
-0.026361
0.010482
-0.013431
0.019165
0.013040
-0.010034
0.023576
-0.027445
0.005807
-0.027883
0.025706
0.018377
-0.009257
-0.018414
-0.002495
-0.034058
0.009039
0.009779
-0.000260
0.034144
-0.001416
-0.005977
-0.021110
-0.002517
0.000861
0.025707
0.023944
0.015914
0.016880
0.008212
0.001247
0.026109
0.027174
-0.002610
0.042604
-0.002078
0.009782
0.027466
0.012990
-0.012692
0.013624
0.019442
-0.010102
0.006413
0.008230
0.016426
0.016937
-0.006778
0.000755
-0.043388
0.030432
0.011613
-0.009957
-0.046373
-0.021675
0.000360
-0.020123
0.008890
0.020480
0.030000
0.017655
0.005135
0.016179
0.042577
0.020562
-0.005075
0.018735
-0.005911
-0.022660
0.052331
-0.014356
0.023475
0.014426
-0.004125
-0.015916
-0.012417
0.016040
-0.019127
0.023203
-0.006921
0.029534
-0.007905
0.036998
-0.041646
-0.013780
0.013192
-0.011984
0.008138
-0.019136
0.040982
-0.002837
0.007176
-0.010833
0.007877
-0.034885
-0.023982
-0.006531
0.012955
-0.050457
0.038012
-0.022718
0.022532
0.010097
0.000916
-0.009487
-0.013342
0.003109
-0.018004
0.032602
-0.020032
0.000060
-0.026812
0.062276
-0.028193
-0.007698
-0.021901
0.006103
-0.001267
0.011787
0.001994
0.001193
-0.023461
0.024595
-0.031841
-0.028488
-0.053081
0.015485
-0.047005
0.035181
-0.001331
-0.007392
-0.015493
0.005466
0.028822
0.010702
-0.021944
0.007890
0.015510
0.005449
-0.001988
0.003320
-0.036070
-0.008331
-0.000826
0.007455
0.016534
0.044449
0.023135
-0.010216
-0.036028
0.000340
-0.023008
0.034146
-0.023759
-0.039785
-0.019314
-0.051323
0.006477
-0.012314
-0.014305
0.027675
-0.021266
0.022923
0.013087
-0.034170
-0.012302
0.018875
-0.008493
0.041999
-0.007516
0.044734
-0.028084
-0.005630
-0.011475
-0.005391
0.024190
-0.057592
-0.017938
0.004103
0.001066
0.005581
0.022074
0.009728
-0.015955
-0.010968
-0.016121
-0.008096
0.023431
0.016927
-0.021959
0.001485
0.005669
0.004095
0.014594
0.035113
0.012154
-0.013635
0.046347
-0.015180
-0.039750
-0.029054
-0.038799
-0.008909
0.010225
0.006254
-0.023609
-0.007439
0.006828
-0.004748
-0.024615
-0.021356
-0.000208
-0.024653
0.016842
-0.021747
-0.040064
0.007765
0.022798
0.018417
-0.041229
0.014145
-0.039324
-0.018261
0.043152
0.003110
-0.007300
0.006771
0.000740
-0.013975
0.006695
0.008824
0.032969
-0.016941
0.026130
0.011958
-0.031848
0.012995
0.023130
-0.033178
0.073547
0.004864
0.010855
0.055253
-0.022736
0.022640
0.061487
0.073556
-0.002472
-0.030175
-0.008520
0.008582
-0.045080
0.036251
0.002660
0.022040
-0.004358
0.014439
-0.011292
0.077826
0.039267
-0.022928
-0.011655
0.026967
-0.006719
0.037835
-0.013755
0.018435
0.055805
-0.024468
-0.028155
0.005928
0.022619
-0.038296
-0.001202
0.014301
-0.020210
0.020764
-0.034735
0.013672
-0.011274
0.000548
0.011401
-0.002847
0.002239
-0.074366
0.021064
-0.003949
0.042664
-0.011338
0.046677
0.003115
-0.024191
0.009930
-0.003942
-0.022275
0.036809
-0.008326
-0.009700
-0.002784
-0.016800
-0.013765
-0.004706
-0.004655
-0.021038
-0.003679
0.000258
0.044827
-0.038555
0.047792
0.019136
-0.040253
0.031619
0.022765
0.004997
0.008492
0.032598
0.019768
-0.031550
0.045281
0.024014
0.056187
0.046447
0.036858
-0.019105
-0.018905
-0.010259
0.021143
0.049927
0.039867
0.012207
0.044240
0.046086
0.015372
0.006141
0.003110
-0.035212
0.003757
-0.026604
0.012602
-0.001355
-0.001230
-0.010137
-0.003636
-0.001266
0.013007
0.010559
-0.013025
-0.021624
0.012278
-0.010084
0.005317
-0.006020
-0.020963
-0.000872
0.015219
-0.037122
-0.008849
-0.014795
-0.025944
0.024088
-0.023118
-0.011240
0.010029
-0.010268
0.000969
0.010664
0.011187
-0.017928
-0.028007
-0.017128
-0.009281
-0.004310
0.012397
-0.011166
-0.003438
0.003446
0.018211
0.015646
0.009782
-0.019194
-0.014891
-0.014117
0.012554
0.028336
0.013653
-0.003923
0.027664
-0.000376
-0.025472
-0.013282
0.026638
-0.000409
-0.018390
-0.004569
0.005865
-0.034200
-0.025367
-0.014139
0.008929
0.014561
0.008676
0.012758
0.037701
0.001873
-0.025585
-0.012305
-0.004472
0.008251
0.010971
-0.002565
0.010336
0.004055
-0.002811
0.000909
0.010091
0.009345
0.028567
-0.001473
0.014305
0.010270
0.012521
-0.012542
-0.047755
-0.033527
-0.017769
-0.014154
0.002893
0.002178
0.019900
0.044421
-0.045279
-0.010480
-0.008301
-0.003812
0.005240
0.001589
-0.013021
-0.025992
-0.007152
-0.030139
0.013575
0.020487
0.027663
0.020640
-0.022376
0.013031
0.010180
-0.011374
0.007460
0.026400
-0.049965
0.002922
-0.031708
0.044493
0.018695
-0.003786
0.000463
0.017999
-0.029030
0.006241
0.006914
-0.007428
0.004911
-0.013360
0.020289
0.003854
0.012450
0.020899
-0.043379
0.020369
-0.033302
-0.000995
0.011830
-0.016543
0.021244
0.047303
0.013056
0.010465
0.007375
-0.027945
-0.019103
-0.042025
-0.022175
-0.000569
0.051744
0.020129
-0.046969
0.013653
0.039356
-0.054540
0.013081
-0.011413
-0.045417
-0.016318
-0.020308
-0.015147
-0.013486
0.012859
-0.018402
0.001129
-0.010303
-0.007439
-0.004359
0.011612
0.024031
0.034596
-0.023962
0.011274
0.051551
0.008122
0.042107
-0.000745
-0.001444
0.065806
-0.040010
0.004756
0.033838
-0.025264
0.016151
-0.000926
0.016367
-0.045417
0.009259
-0.033955
-0.019886
0.012731
-0.013990
-0.026833
-0.014683
-0.009319
-0.025972
-0.005770
0.018893
0.020378
0.012499
-0.015657
0.019901
0.003604
-0.023616
-0.055184
0.004607
0.005839
-0.006874
0.040202
-0.008128
0.010741
-0.018216
-0.022536
0.080819
-0.014636
0.011850
0.016897
0.034701
0.050630
0.034838
0.009541
-0.013575
0.001564
-0.003745
0.013232
0.041109
0.015658
0.008596
0.008680
0.021975
-0.022168
0.004694
-0.020392
-0.059841
-0.001972
-0.045597
-0.052345
-0.079878
0.029268
0.002244
0.001842
0.030572
0.064732
0.055183
-0.027761
-0.001417
0.034856
0.015718
-0.013855
-0.048616
0.030823
0.013753
-0.004686
0.003722
-0.000890
0.004325
0.010818
0.029479
-0.005135
0.022173
-0.025987
-0.006011
0.006606
0.001090
0.001481
-0.004444
-0.023620
0.019659
0.024865
-0.003166
0.001468
-0.027378
-0.007863
0.011708
0.016547
-0.024109
-0.017977
0.010886
0.023043
0.011079
0.010797
-0.029364
0.035844
-0.011880
0.000155
0.004614
0.006592
-0.008646
-0.017242
-0.044627
0.012425
0.020621
-0.018640
0.004260
0.028637
0.027450
0.017553
-0.021724
0.008940
-0.023487
-0.056954
0.040251
-0.003484
-0.026991
0.006601
0.001233
-0.011251
0.039575
0.009326
-0.024991
-0.002153
0.016647
-0.019984
-0.008047
-0.008273
0.025260
-0.000433
-0.008885
0.011449
0.004691
0.009615
-0.003932
0.012883
-0.023318
-0.058084
0.038489
-0.025290
0.041931
0.016856
0.019848
0.009220
-0.022895
-0.001635
0.015635
0.014286
-0.022436
-0.011615
-0.041310
-0.004294
0.007382
0.022586
0.000036
0.012849
0.012433
0.020859
0.032856
0.009033
-0.006985
-0.022947
0.011928
-0.018217
-0.024400
-0.003427
0.010803
0.025416
0.024282
0.024941
-0.011851
0.006854
-0.018934
0.020135
-0.028991
-0.017476
-0.021953
-0.011676
-0.006927
0.012631
0.001047
0.009826
0.001950
0.014052
0.010456
-0.006748
-0.000443
0.001666
0.031390
0.003934
-0.020559
0.010242
-0.004836
-0.012440
-0.019341
-0.003570
-0.011710
0.017213
-0.005693
0.011842
-0.012267
-0.016176
-0.028463
0.006281
-0.003581
0.003262
0.010628
-0.025642
-0.003968
0.010230
0.016351
-0.006535
0.022375
0.025228
-0.028740
-0.021641
-0.018680
0.003631
-0.000965
-0.027185
-0.004341
0.033776
-0.007809
0.006637
0.027170
-0.004100
0.009654
-0.002313
-0.008638
-0.043379
-0.007777
-0.009882
0.010556
-0.021787
0.004873
-0.004481
0.004525
-0.001203
0.019327
0.012997
0.002687
-0.002134
-0.004019
-0.018139
0.002133
0.028949
-0.030510
-0.020262
0.027869
-0.016735
-0.012243
-0.006398
-0.013633
-0.045149
0.002854
-0.006183
-0.013447
0.002133
0.022333
-0.010681
-0.002949
0.039691
0.022857
0.007792
-0.014080
-0.000134
0.020867
-0.003046
0.001285
0.003273
0.010634
0.019932
-0.025173
-0.016440
0.001203
0.017808
-0.013000
-0.012177
-0.015874
0.018390
0.011343
-0.005385
-0.002765
0.019122
-0.004486
-0.004153
0.016415
0.015313
0.025601
0.000586
0.007487
0.014515
0.001600
0.006660
-0.001211
-0.005067
0.012363
-0.014073
-0.000773
-0.021314
0.007295
0.007151
-0.018058
-0.017675
-0.014027
-0.012432
-0.024111
0.010767
0.035331
0.013228
-0.001185
-0.018521
0.012226
0.006599
-0.039369
-0.002198
0.000125
-0.023419
-0.029623
0.003996
-0.001966
0.000291
-0.001203
-0.022950
-0.002220
-0.014782
0.005624
-0.025924
0.016463
-0.003487
0.001562
0.021759
0.007695
0.032322
-0.024752
-0.006521
0.034199
-0.021736
0.026037
0.004010
0.008142
0.003129
-0.003617
-0.015034
-0.035806
0.011565
-0.021124
0.013366
-0.005857
0.004563
0.010301
0.031714
0.045715
-0.051120
0.024628
-0.014153
-0.000937
-0.002952
-0.024295
-0.031304
-0.010124
0.007821
-0.010240
-0.003748
0.018283
0.006924
0.020009
-0.027624
0.017157
0.025841
0.031519
-0.009126
-0.011899
-0.022666
-0.011622
-0.010041
0.013103
0.025009
-0.000944
0.004289
0.000800
-0.006339
0.004797
-0.031778
0.038590
0.007363
0.008067
0.016085
0.033220
0.010551
0.026945
-0.008242
0.001103
0.011673
0.003516
-0.004160
-0.001230
0.036137
0.015817
0.011036
0.016046
-0.002025
-0.008856
0.028601
0.018941
0.024689
-0.015421
-0.000957
0.026275
-0.004730
0.007529
-0.010575
-0.009237
-0.010795
0.032260
0.014190
0.018057
-0.022491
0.036002
0.004742
-0.008000
-0.008976
-0.012202
-0.009305
-0.010686
-0.005754
-0.013560
-0.011754
-0.004879
-0.024182
-0.015492
-0.021309
0.001529
0.007915
0.015101
-0.017316
0.004345
0.010901
-0.009861
0.038660
-0.001585
0.002724
-0.010084
-0.001813
-0.016923
0.031442
0.000380
-0.012537
-0.009320
0.005905
0.000084
0.018965
0.001837
0.026514
0.018871
0.018528
0.021210
-0.023248
-0.029206
-0.018908
0.012560
-0.044079
0.032731
-0.022259
-0.032391
-0.011467
0.029369
-0.001522
0.004815
0.029959
0.030501
-0.038321
0.016671
-0.014629
-0.025982
0.005856
0.006083
-0.024884
-0.047839
-0.013213
-0.019112
-0.017993
-0.008508
0.024111
0.011743
0.015405
0.012533
0.022850
-0.036274
-0.049469
0.018209
-0.024174
0.028853
0.011197
-0.010621
0.019037
0.018932
-0.017111
0.040172
0.009778
-0.008972
-0.029674
0.010527
0.013638
0.031942
0.014485
-0.017296
-0.012058
-0.019515
0.000556
-0.000663
0.019634
0.012062
0.012808
-0.008744
0.003576
0.068745
0.016717
0.013257
-0.029418
0.008777
-0.021611
0.014199
-0.089698
0.000221
0.024128
0.014879
-0.007992
-0.035922
-0.000003
-0.009487
0.025526
-0.010646
-0.023784
-0.021087
-0.019212
-0.001201
0.002617
-0.003254
-0.016006
0.003263
0.027018
0.063297
0.006240
0.018786
-0.008147
-0.038335
0.037882
0.055812
-0.028949
-0.011013
-0.044639
-0.005334
0.048367
-0.008449
0.024785
-0.036920
-0.024680
0.040780
0.026395
0.056238
0.015946
-0.035083
0.017975
0.022229
0.034555
-0.000953
0.006716
-0.022863
0.009721
0.012881
-0.013486
-0.019694
0.036234
-0.008827
0.040782
0.076393
0.000282
0.005353
-0.002185
-0.060523
-0.080265
0.030640
0.011050
0.008016
-0.014838
0.030144
0.039788
0.028932
-0.015166
0.016019
0.017292
-0.024548
0.010267
-0.025077
0.009826
-0.005835
0.021419
0.036200
0.005507
-0.008288
-0.000055
0.004315
0.010471
0.008192
-0.001606
-0.007727
-0.030631
0.029029
0.001542
0.006312
0.033491
0.041375
-0.006855
-0.007190
0.035173
0.016962
0.064610
0.012293
0.025428
0.023400
-0.047114
0.015453
0.042891
0.010512
0.016478
-0.013190
-0.003774
-0.020437
0.015081
0.020963
-0.029004
0.024217
-0.078142
-0.013384
0.050553
0.005449
0.027514
0.017118
-0.002256
-0.040750
0.058662
-0.009554
-0.001525
0.017837
0.019506
-0.036039
-0.049211
-0.008940
-0.016493
-0.027904
-0.011063
-0.001078
0.011747
0.029654
-0.013742
-0.005711
-0.019730
-0.002585
-0.029500
-0.025478
0.014104
0.012480
-0.007960
-0.031813
-0.035006
0.038670
0.011665
-0.017691
-0.020787
-0.046508
-0.019420
-0.048038
-0.019725
-0.027207
0.021024
0.040474
0.008520
-0.048512
-0.026433
-0.011155
-0.005762
0.025217
-0.055756
0.027769
0.025311
-0.019742
0.013526
-0.022394
-0.024725
0.025358
0.002040
0.004176
0.017366
0.032733
-0.006879
-0.024963
-0.037657
0.031857
0.022278
-0.055599
-0.013498
-0.021619
0.056588
-0.015243
-0.024638
-0.000313
0.049266
0.040182
-0.050299
0.014887
-0.060429
-0.025232
-0.003839
-0.030026
-0.029832
0.004949
0.011467
-0.064841
0.014031
0.003899
-0.026079
0.006651
-0.009991
0.024208
0.002604
-0.016120
-0.009369
-0.009486
-0.021471
0.027579
0.017177
-0.013622
0.006994
-0.000638
-0.050282
0.006718
0.022627
0.034840
-0.013941
-0.014915
0.001048
0.013434
-0.003909
0.020622
-0.024282
0.041485
-0.012424
0.006124
0.021181
-0.009789
0.003292
0.027818
0.015411
0.037401
0.020994
-0.006864
0.002002
-0.033988
-0.037101
0.014623
0.037628
-0.021162
-0.022409
-0.019381
-0.015249
0.021027
0.010514
-0.012225
-0.056812
0.001856
-0.027874
-0.039975
0.048944
0.002056
-0.012455
-0.014702
0.023199
-0.034012
-0.049989
0.021392
0.005946
0.004336
-0.032600
0.019200
-0.002976
0.050692
0.012832
-0.009985
0.045953
-0.007492
0.029245
0.010089
-0.005417
-0.015752
-0.023209
-0.009609
-0.034561
-0.006175
-0.047160
-0.031202
-0.063878
0.029117
0.031685
0.026409
0.005936
-0.028064
0.016696
0.016945
0.006402
0.013500
0.011995
-0.007877
-0.023795
0.001483
-0.017892
-0.040934
-0.020363
0.023762
0.010071
0.012064
0.025113
0.014578
0.018040
-0.025902
0.012604
0.036358
0.021883
0.030416
0.012796
-0.027413
-0.022732
-0.028449
-0.018190
-0.000505
0.004639
0.041411
0.000020
0.010096
0.003576
0.014792
-0.007994
-0.005951
0.005548
-0.025949
-0.011724
-0.000816
-0.005681
-0.020748
-0.015088
-0.005686
-0.008553
0.002438
0.000531
-0.003154
0.003216
-0.016866
-0.001001
-0.006333
-0.009205
-0.013515
0.020384
-0.002164
-0.009523
-0.012675
0.013762
-0.016740
0.009999
-0.000951
0.015014
-0.002155
0.000792
0.000723
0.022510
0.004930
-0.018913
0.013726
0.006327
-0.009521
0.025167
-0.018265
0.014608
0.006051
0.023560
-0.006217
0.008502
0.020955
-0.007964
0.015065
0.011713
0.008069
-0.004853
-0.013700
0.006729
-0.015032
0.020436
-0.004688
0.001652
-0.017393
0.010657
0.003779
-0.005262
-0.001083
0.018395
0.003636
-0.011209
0.015241
0.014898
0.008882
0.000034
-0.021028
-0.003338
0.010394
0.009488
0.001903
-0.004543
-0.034900
0.002745
-0.010964
0.016725
-0.028969
-0.012336
-0.043870
-0.007027
0.005222
-0.004772
0.016554
-0.027377
-0.011258
-0.017938
0.043954
0.002456
-0.003951
0.018411
0.002789
-0.007363
0.034088
-0.001539
0.011805
-0.000059
0.002082
-0.003262
-0.026036
0.016431
-0.000341
0.009727
0.004719
0.012038
-0.008000
0.005137
0.026379
0.019306
-0.021166
0.022925
0.008254
0.000792
0.025055
0.020507
-0.001727
-0.008257
0.011426
-0.020245
0.020060
0.005172
-0.006827
-0.028123
0.008081
-0.009377
-0.005043
0.012710
0.002354
-0.056352
-0.017384
-0.007811
-0.047314
-0.062427
-0.020949
-0.043340
0.038633
0.031979
-0.017910
-0.012891
0.005070
-0.009941
0.013462
0.001773
0.015041
-0.023599
-0.027487
0.015275
0.005234
-0.012863
-0.029656
-0.013003
0.012403
-0.019468
0.004488
-0.039694
0.074437
0.004267
-0.012088
-0.037006
0.025043
0.014449
0.033298
-0.003321
0.022007
0.047773
0.008142
0.069365
0.007681
-0.007446
0.031133
-0.007571
0.023678
-0.015731
0.048599
-0.034806
-0.037568
-0.024892
0.001881
-0.025203
0.037162
0.012288
0.000871
0.040857
0.017535
-0.012123
-0.001703
0.009155
-0.017330
-0.013261
0.048516
0.006385
0.008242
-0.016338
-0.013381
-0.022657
0.020392
0.040113
0.010651
-0.015677
-0.014093
0.005428
-0.024624
0.015872
-0.010171
0.000866
-0.049137
-0.000807
0.006870
-0.046317
-0.011720
0.017528
-0.017328
0.007794
0.003301
0.024415
-0.010979
-0.009678
0.017562
-0.016602
0.012786
0.004431
-0.025312
0.039987
-0.008108
0.002392
0.001112
0.022426
-0.008957
0.015033
0.044716
0.016056
0.039560
-0.001051
-0.022642
0.025932
-0.009150
0.003046
-0.010646
-0.030681
-0.014448
0.010218
-0.025405
0.002947
0.024795
0.037278
0.009439
0.002153
0.002080
0.046516
0.013832
0.011943
0.010221
-0.028609
0.002378
0.031532
-0.025137
0.005725
0.048339
-0.011624
-0.038780
-0.004788
-0.039784
-0.018840
-0.012838
0.015509
-0.005496
-0.002689
-0.023603
-0.004847
0.005871
0.010535
0.005051
-0.008546
-0.006105
0.008337
-0.047068
-0.020403
-0.019994
0.023776
0.001671
0.006238
0.009011
0.003912
0.010470
0.006510
0.043058
-0.009268
0.027302
0.006816
-0.022945
0.007818
0.000206
0.042711
0.029159
0.024627
0.013566
0.013170
-0.005055
-0.034810
0.002552
-0.010480
-0.011416
-0.035352
0.063642
-0.009396
-0.006516
0.045398
0.023868
-0.009010
-0.001602
0.020597
-0.014771
0.005544
0.019957
-0.003307
-0.005207
-0.023978
-0.025446
0.040536
-0.007214
0.013069
-0.003552
0.023038
-0.009804
-0.046476
-0.008227
0.029392
0.006753
-0.011902
-0.043661
0.000216
0.002418
0.024394
-0.012190
-0.054914
-0.023774
-0.001917
0.012337
0.003836
0.006699
0.062969
-0.032093
-0.012618
0.028759
-0.009981
-0.025614
0.030415
-0.007615
0.020919
0.002722
-0.008797
-0.017698
-0.014089
0.023268
0.003181
-0.009217
0.017387
-0.017935
0.060412
-0.038217
-0.004550
0.022520
-0.018452
-0.001361
-0.033976
-0.022128
0.011622
0.032744
0.024454
0.027423
-0.028159
-0.031688
0.031951
0.002166
-0.005245
0.001305
-0.018710
0.015429
0.022149
-0.034661
0.023580
-0.029086
0.035892
0.012288
-0.004480
0.017711
0.011558
-0.016176
0.012851
0.001795
0.002083
0.011365
-0.006774
-0.010109
-0.012315
0.025750
-0.007956
0.003828
-0.008040
0.003830
-0.004247
-0.011214
0.019625
0.003117
-0.018186
0.018011
0.022288
0.039678
0.011242
-0.020000
0.022208
0.009118
0.014610
-0.000301
-0.013351
0.021945
0.010358
0.024277
0.020187
0.029480
-0.009818
-0.000748
0.009806
-0.022639
0.005789
-0.018340
-0.002444
0.006565
0.001466
0.003389
-0.006397
0.007868
0.012925
0.004334
-0.002244
0.008806
0.025279
-0.012688
-0.002349
0.005142
-0.027980
-0.001653
-0.014390
-0.021325
0.004997
-0.009973
-0.014646
-0.011100
-0.008375
0.004368
0.002154
0.019517
-0.012374
0.037205
0.014083
0.008159
0.024614
-0.005309
0.008065
0.024577
0.043483
0.007982
-0.016309
0.027232
-0.011180
0.036616
-0.006892
-0.019221
0.038407
-0.005357
-0.022072
0.029974
-0.023098
0.000344
0.018031
-0.008521
0.002117
-0.012891
0.027801
-0.015705
0.004242
0.026159
-0.028754
0.018234
-0.005996
-0.009466
0.003696
0.018399
-0.005959
0.000846
0.006936
-0.017772
-0.009271
0.017820
-0.015646
0.039199
0.009492
0.024984
-0.012507
0.036789
-0.002593
0.009973
0.004898
-0.063028
0.031544
-0.004760
0.014868
0.012471
0.014145
-0.006715
0.021097
-0.007448
-0.003858
0.000114
-0.023205
0.003702
-0.009532
0.001002
0.001341
0.017447
-0.008510
0.008886
-0.010953
-0.015365
0.011496
0.014034
0.046905
-0.006683
-0.013532
0.012113
-0.003113
-0.004534
-0.014242
-0.009677
0.010264
-0.019887
0.018852
0.001845
0.012879
-0.009788
-0.007983
0.035477
0.012178
0.011242
-0.032695
-0.002882
0.013053
0.017171
0.004669
0.017134
-0.001626
-0.005956
-0.002926
0.001982
-0.002423
0.026480
-0.005792
-0.014488
0.015992
0.004720
-0.018301
-0.009874
0.000452
-0.000005
0.000535
0.023422
0.031772
-0.019143
0.005546
0.022547
0.016031
-0.014298
0.027756
0.015133
-0.002862
0.016757
-0.019989
-0.026489
0.015687
0.012792
-0.008047
0.008614
-0.000096
-0.023383
-0.001502
0.012950
0.015922
-0.009611
-0.026614
-0.013909
-0.019977
0.042733
0.004120
0.000393
0.015834
-0.008995
0.009955
0.015022
0.008762
0.019537
-0.003186
0.017767
-0.044741
-0.005119
-0.003492
0.023283
-0.026750
0.023519
0.007533
0.037091
0.025370
-0.009153
-0.005148
0.012838
0.026268
0.023061
0.001236
0.004401
0.005904
-0.002961
0.016909
0.007284
0.021973
-0.021164
-0.029289
-0.021292
-0.003293
0.007155
-0.026183
-0.003620
0.013032
0.014261
-0.005174
-0.016926
0.002096
0.005356
0.007713
-0.002207
-0.001419
0.010256
-0.018017
0.002173
0.001029
-0.018046
0.006051
-0.007469
-0.008436
-0.002842
-0.005713
0.011408
0.004943
-0.006226
0.014305
-0.017688
-0.038889
-0.004329
-0.005400
-0.012619
-0.012390
0.003666
-0.001761
0.002012
0.004146
-0.003712
-0.002734
0.014703
0.011317
-0.010205
-0.007643
-0.007495
-0.009171
0.015589
0.014763
-0.015144
0.009715
0.005309
-0.003210
0.005056
0.012711
-0.002726
-0.017524
0.004654
0.006421
-0.011537
0.002877
-0.008615
0.025254
0.000408
-0.009549
-0.009033
0.013751
0.013457
0.010023
0.004644
-0.013965
-0.010796
0.005385
0.008396
-0.000067
-0.000558
0.011558
-0.011837
0.015628
-0.004141
0.022900
0.000096
-0.009038
0.000180
0.019749
0.014130
0.006134
0.007998
-0.009989
0.014046
0.008216
-0.030303
-0.011091
0.009145
0.020942
0.007387
-0.003766
0.001608
-0.005487
-0.019347
0.014625
-0.012665
-0.006999
0.012385
0.006314
-0.005005
-0.014932
0.009164
-0.021265
0.008286
0.006516
0.012326
-0.008136
-0.015443
0.009795
-0.009385
-0.013828
-0.033346
0.000063
0.002515
0.018127
-0.005159
0.004461
-0.011212
-0.004468
0.029245
0.041919
-0.008864
-0.006758
-0.010555
-0.017737
0.008044
-0.000023
-0.014788
-0.003030
0.004642
-0.003693
0.012936
-0.000891
0.037093
-0.013965
-0.044289
0.034075
-0.005076
-0.053022
-0.003194
-0.018552
-0.003056
0.044166
-0.016083
-0.017636
0.004441
0.015648
0.012689
0.006965
0.009750
0.068607
-0.030044
-0.042179
-0.019085
-0.058422
0.017677
0.026873
-0.011345
-0.024218
0.011477
-0.025812
0.003046
0.001099
-0.004347
-0.026057
0.001577
-0.024021
0.018895
-0.049333
-0.042949
-0.025135
-0.028626
-0.044731
0.003766
0.001942
-0.010569
-0.006304
0.010661
-0.023092
0.031353
0.008255
-0.015757
0.019574
0.007999
0.008867
-0.037374
0.007015
0.040247
-0.040230
-0.011417
0.016596
0.016609
0.010167
-0.028077
0.015262
-0.019391
-0.004154
-0.039106
-0.006848
-0.054178
-0.042169
-0.030093
0.008770
0.039528
0.021561
-0.057904
0.028021
0.011793
-0.002831
0.007414
0.000738
-0.010234
-0.000481
0.004462
-0.003372
-0.016165
-0.013404
0.027534
0.048796
0.004899
0.007467
-0.011213
-0.027579
-0.001663
-0.040084
-0.030455
-0.066628
0.009933
-0.016282
0.022190
0.042661
-0.021256
0.041584
-0.077986
-0.014776
-0.038985
0.080209
0.033368
0.007734
-0.008904
-0.030833
0.056574
-0.007408
0.006226
0.040862
0.013596
0.000564
-0.020939
-0.006032
-0.001295
0.028830
0.029118
0.036887
-0.041033
-0.060795
0.001150
-0.000675
-0.012629
0.012262
0.049088
0.001201
-0.023031
-0.003844
0.000507
-0.016865
-0.008666
0.006276
-0.002867
0.009796
-0.011220
0.008324
0.007835
0.006622
0.013615
0.016398
-0.000282
-0.003253
-0.002674
0.011037
-0.007265
-0.018165
0.008192
-0.018478
0.017605
-0.014325
0.002622
-0.005219
0.009192
0.000469
-0.004462
0.018150
-0.011013
0.022618
-0.011023
-0.018816
-0.009509
-0.028959
-0.000551
0.006162
-0.006060
0.025404
-0.012175
-0.018309
-0.001800
-0.016201
0.020822
-0.008881
-0.002406
-0.006320
0.002895
-0.011926
-0.006163
-0.002561
-0.013877
0.000798
-0.010593
0.003240
0.013818
0.043112
0.008408
-0.051527
0.005880
0.011665
0.006096
-0.006921
0.009441
0.003228
-0.004285
-0.004162
-0.004017
0.018926
0.009279
-0.005800
-0.007492
0.019277
0.006360
-0.010295
-0.007969
0.035513
-0.006504
-0.024403
0.000001
-0.021917
0.011852
-0.010246
0.006714
0.012582
-0.001884
0.012354
-0.030847
0.010633
-0.008638
-0.005609
-0.005621
-0.006615
-0.005222
-0.001281
-0.031633
0.003150
-0.001069
0.017725
-0.008029
-0.029778
-0.008777
-0.000293
0.002524
0.009995
-0.001084
-0.009981
0.027020
-0.016728
-0.002882
-0.021498
-0.002868
-0.005111
-0.008761
0.001816
0.021539
0.003096
-0.010369
-0.012852
-0.021995
0.001876
-0.037529
0.014042
0.020825
-0.014483
-0.013124
-0.006510
-0.003450
0.006861
0.003233
-0.010505
-0.012018
-0.006800
0.010516
0.024118
-0.010141
0.000634
0.024445
0.008781
-0.004964
-0.028207
0.019060
-0.071321
-0.015040
-0.035746
0.034609
0.047039
-0.008940
-0.014550
0.001308
-0.013799
0.035704
0.016741
-0.001666
0.009237
-0.003303
0.026281
-0.031048
0.005804
0.003628
0.004830
-0.006906
0.005601
0.023569
0.009074
0.003125
-0.041831
-0.004148
0.013620
-0.016058
-0.023952
0.012513
0.030515
0.012889
0.008435
-0.014425
-0.012789
-0.021489
0.008610
0.021594
0.011899
-0.012984
-0.014534
-0.018057
0.015247
-0.012413
0.006284
-0.024024
-0.014205
-0.008277
-0.022034
0.023897
-0.009544
-0.027915
0.028768
-0.020574
0.006933
0.003452
0.001978
0.005035
0.017678
-0.019811
-0.002126
-0.022608
-0.027456
0.029581
0.013349
0.012908
0.045760
-0.005171
-0.040183
0.010971
-0.010446
0.022899
0.018632
0.035149
0.004430
-0.034366
0.007873
-0.006702
-0.006613
0.005556
-0.017848
0.018767
-0.014813
0.010108
-0.009595
0.014195
0.003050
0.002543
-0.008744
-0.010667
-0.005919
0.001496
0.010664
-0.006930
-0.029785
-0.014924
-0.034024
-0.026506
-0.058943
0.015222
0.005276
0.024715
0.009035
-0.001178
0.010986
-0.004739
-0.001385
-0.005072
-0.020720
-0.002277
0.034827
0.033099
-0.016999
0.004861
0.003429
-0.013057
-0.030848
-0.043613
-0.014879
0.004307
-0.065442
0.024267
-0.005619
0.006175
0.004309
-0.002384
0.012376
0.012104
-0.007744
0.046376
0.060592
-0.001478
0.027538
-0.022724
0.007850
-0.033876
0.038649
-0.035112
0.020420
0.024005
-0.002933
-0.000712
-0.001363
0.019672
-0.016917
-0.001089
0.003778
0.031767
-0.014492
-0.004076
-0.018723
0.009772
-0.044228
-0.024281
-0.028654
0.018276
0.002404
-0.009854
0.001165
0.022764
0.022595
-0.019462
-0.026397
0.041715
-0.066847
-0.025599
0.005394
0.031639
-0.008986
0.039128
-0.021740
-0.031353
0.014569
0.008796
0.003065
-0.001871
-0.097570
-0.033030
-0.002302
0.027016
-0.003622
-0.031129
0.022856
-0.015442
-0.028617
-0.026138
-0.006698
-0.029407
0.030847
-0.004682
-0.018346
0.001151
-0.018093
-0.036509
-0.016812
-0.008778
0.011469
-0.026003
0.005965
-0.028941
0.012978
0.005789
0.017597
0.000376
0.046972
-0.008761
0.037303
0.019675
0.049249
0.012816
-0.005039
-0.014224
-0.040836
-0.033765
-0.019719
-0.016151
0.013466
-0.035334
0.001132
0.056499
0.014560
-0.033935
-0.005219
0.030569
-0.001370
0.011740
-0.013288
0.031385
-0.015779
0.004375
0.005755
-0.000735
-0.039351
0.056426
0.031070
-0.018458
-0.014031
-0.007279
-0.003682
-0.027970
-0.008538
0.008227
0.017791
-0.016001
0.030372
-0.059031
0.011741
-0.009697
-0.034373
0.000230
0.050051
-0.025167
-0.006200
0.001082
0.017683
-0.024896
-0.000461
-0.005795
-0.019607
-0.012108
-0.034803
-0.013586
-0.026396
0.029789
-0.038150
0.004941
-0.005547
0.009080
0.048453
-0.017635
-0.016325
-0.010928
0.025456
0.004460
-0.021013
-0.029195
-0.006917
-0.016219
-0.003211
-0.004112
-0.070132
-0.003069
-0.026484
0.004207
0.002012
-0.007155
-0.009815
0.011124
-0.017298
-0.010865
-0.040400
0.001087
0.057009
-0.036476
0.000200
0.040260
-0.023544
0.013672
0.006220
-0.035699
0.013611
-0.023667
0.018140
-0.058543
-0.034575
0.045571
-0.008437
0.025410
-0.022033
0.048525
0.028798
0.015154
0.006988
-0.008318
-0.014169
0.014128
0.009155
-0.041780
-0.035264
-0.033715
-0.006887
-0.003175
0.029978
-0.016509
0.055925
-0.002984
0.013449
0.026616
0.002027
-0.043936
-0.005821
-0.002847
-0.038279
0.008654
0.004458
0.002239
-0.036086
0.002121
-0.013474
0.007313
0.032846
0.014396
-0.021159
0.007108
0.003219
-0.014031
0.036964
-0.023762
0.013796
-0.033272
0.031217
0.008581
0.014579
-0.036457
-0.032874
0.009653
0.025288
0.004110
0.032204
-0.030683
0.032669
0.072691
-0.007433
-0.037212
0.012314
-0.031587
-0.043336
-0.027337
-0.078342
-0.002527
0.014484
0.032534
0.002483
-0.014696
-0.025063
-0.003121
-0.017949
0.016316
0.026797
0.036059
-0.009537
-0.021588
0.003027
-0.012115
0.028027
0.007067
0.016143
-0.015453
-0.010812
0.003036
-0.020452
0.009199
0.015233
0.019342
-0.030365
0.019371
0.002720
-0.024344
0.030359
-0.000414
-0.015535
-0.013534
0.003082
0.009757
-0.009455
0.020077
0.029719
-0.018041
-0.027159
-0.002389
-0.000656
-0.025171
0.008196
-0.004397
-0.057417
0.016134
-0.003227
-0.006390
0.003842
-0.019093
0.010268
-0.005907
0.001247
0.027876
0.041237
-0.006794
0.018950
0.036567
-0.010007
-0.001704
-0.014619
0.027673
0.005461
-0.012294
0.011240
0.017178
0.027336
0.016212
-0.016276
-0.000130
-0.019201
-0.002631
0.007377
-0.006620
-0.005791
-0.005909
0.040522
-0.023921
-0.007710
0.013684
-0.007134
-0.017791
-0.004062
0.004496
-0.001324
0.013356
0.029673
-0.012679
0.035854
-0.014951
-0.008345
0.015700
-0.024552
-0.015145
-0.003825
-0.014077
0.038375
0.014643
-0.006246
-0.022750
-0.007331
-0.012675
0.008903
0.038376
0.015645
0.003596
-0.012704
-0.001485
-0.021108
-0.012595
0.016357
0.005749
0.003268
0.005544
0.016468
-0.014619
0.004654
-0.009153
0.030619
-0.022318
-0.009244
0.007442
0.009436
-0.006884
-0.015447
0.025056
-0.017882
0.001968
-0.005513
-0.011768
0.025352
0.022603
-0.027772
0.011946
0.008669
0.010366
-0.003413
-0.009683
-0.006097
-0.015110
0.027495
-0.009087
-0.005725
0.007010
0.036327
0.011526
-0.031281
-0.011717
0.011413
0.007759
-0.000741
-0.010309
-0.005560
0.014002
0.003502
0.004993
-0.005452
-0.017088
-0.019941
0.015571
0.019127
0.011668
-0.011710
-0.012779
-0.017200
0.001629
0.009301
-0.003824
0.002362
0.003554
-0.001901
-0.009233
-0.003032
0.019069
0.003427
0.043685
-0.028252
0.012148
0.026284
-0.018070
0.008144
-0.015973
-0.004728
-0.000389
0.010675
-0.019084
-0.031382
-0.007471
0.000877
-0.000307
0.021747
0.015402
0.027205
0.019111
-0.009919
-0.017283
-0.002187
0.003534
-0.017773
-0.000397
0.006605
-0.016268
0.008318
0.009914
0.008448
0.015125
-0.013142
-0.025744
-0.032844
0.021930
0.009582
-0.010440
-0.022760
-0.025235
0.000046
-0.012815
-0.017830
0.001436
-0.009910
-0.005379
-0.004569
-0.030071
0.028076
-0.015655
0.006280
-0.005570
0.016492
-0.011951
0.003751
0.001562
0.007095
-0.005965
-0.002074
0.009877
0.012145
-0.002264
-0.004857
0.025813
-0.004448
-0.015957
0.018192
-0.012180
0.000271
0.014036
0.018579
-0.003841
-0.012451
-0.013491
0.007956
0.014671
-0.012561
-0.009206
-0.031419
0.002464
-0.017888
0.010121
0.006571
-0.002291
0.006007
-0.017114
0.010925
-0.013174
-0.016683
0.003784
-0.006067
-0.036994
-0.003287
0.012006
0.000249
0.013380
0.001729
-0.015594
0.027566
-0.001847
-0.011917
-0.006937
-0.011075
-0.000541
-0.014348
-0.006226
-0.003161
0.033370
0.024309
-0.016551
0.022568
-0.001288
0.016084
-0.010228
0.010206
-0.003864
0.016843
0.005311
0.030132
-0.017087
0.015618
-0.003676
0.000718
-0.017950
0.004320
0.006754
-0.001894
0.013698
-0.006311
0.018254
0.008366
0.005060
-0.027783
0.006676
0.001515
-0.009849
-0.019277
0.023436
-0.000008
-0.023856
-0.014046
-0.002993
-0.018527
0.008758
-0.005373
-0.009824
0.001605
0.001899
-0.018484
0.010142
0.017515
-0.015227
0.004339
-0.001196
-0.018525
-0.004493
0.008038
-0.000792
0.025715
-0.001484
-0.003072
0.023132
-0.023521
-0.011034
-0.011227
-0.023050
-0.010425
0.015300
0.029500
-0.003082
-0.012486
-0.002862
-0.003420
-0.006696
0.031842
0.020003
-0.008468
-0.004463
-0.007814
-0.008918
0.000518
-0.000247
-0.005465
-0.000889
0.014939
0.000869
-0.005867
0.004905
-0.007734
-0.014643
-0.008260
-0.004411
-0.027048
-0.020189
0.021826
-0.008112
0.018351
-0.002938
-0.011200
-0.003648
-0.001876
0.002305
0.021290
-0.012769
0.016534
-0.012593
-0.004964
-0.001880
-0.003553
0.002544
0.015065
-0.039388
0.008348
-0.000708
-0.004875
-0.003952
-0.009072
0.017323
-0.005053
0.013897
0.000323
-0.016992
-0.020041
0.051554
-0.030847
-0.023377
0.009452
0.008754
-0.020806
0.021508
-0.026401
0.017587
0.015216
0.011632
-0.001768
-0.015313
0.015480
-0.018138
0.010285
-0.017681
0.019805
-0.024116
0.003314
0.005368
0.032370
0.013060
0.030345
-0.016334
0.000927
-0.012873
-0.013937
0.000831
-0.016664
0.004596
0.033356
-0.018496
0.002172
0.012047
0.001950
0.001850
-0.035687
-0.016804
0.009289
-0.022945
0.002545
0.014068
-0.013936
-0.055850
-0.025139
0.008506
-0.007368
0.025627
0.026419
0.005695
-0.007339
0.026673
0.014432
-0.022876
-0.011469
-0.018058
0.023945
-0.001570
0.029868
-0.019793
0.004471
-0.008926
0.026081
-0.003908
-0.021499
0.020772
0.012677
0.029880
-0.005050
0.010340
-0.017282
-0.020448
0.006299
-0.006850
0.021771
0.015404
-0.030846
-0.015673
-0.008938
-0.027279
0.013259
0.019619
0.008048
-0.033226
0.011141
0.010094
-0.014713
-0.002037
-0.013915
-0.018999
-0.000142
0.021934
0.010457
-0.013191
0.016044
0.001448
0.009753
-0.020009
0.019242
0.026618
0.007527
0.009642
-0.001952
0.036146
-0.005198
-0.010851
0.007949
-0.012057
0.001368
0.002505
0.009811
0.016317
0.009794
-0.015102
-0.003534
-0.012513
-0.014140
-0.016428
0.010627
-0.048849
-0.017831
0.063823
0.020702
0.011739
-0.005452
0.007431
0.003866
-0.013191
0.042005
-0.016831
-0.027259
0.024968
0.012774
-0.001669
0.019515
0.012122
0.034739
0.028269
0.019424
-0.003910
0.052696
0.016977
-0.012852
0.025906
-0.029188
-0.028233
0.017974
0.005932
0.005266
0.058662
0.057402
-0.031304
-0.017880
0.010406
0.021769
0.024998
-0.007064
-0.029999
-0.016369
-0.013298
0.014707
0.021308
0.018221
-0.021473
0.002541
0.006205
0.009625
0.050948
-0.061351
0.056177
-0.010680
-0.030775
0.022549
-0.002513
0.017661
0.054212
0.019306
-0.010473
0.027714
-0.003026
0.042190
-0.003863
0.009210
0.000429
-0.027587
-0.033684
-0.014719
0.029485
-0.001063
-0.023771
0.041669
-0.018521
0.000899
-0.009774
0.025909
-0.012089
-0.048282
0.005835
0.002416
-0.015070
0.003295
0.024225
0.055185
-0.075899
0.017628
-0.021668
-0.015086
-0.008751
-0.042324
0.002332
0.004866
-0.019708
0.019018
0.044529
-0.031531
0.050536
-0.041816
-0.057081
0.004139
-0.003511
-0.025889
0.067110
-0.024936
-0.041773
0.008105
0.019413
0.004594
0.009511
-0.060395
0.013132
0.045449
0.059485
0.034401
-0.013381
-0.001067
0.021922
0.029051
-0.019353
0.020589
0.041934
0.006258
-0.013747
