01fd
ff72
0297
0618
ff10
ff10
0651
0312
fe1f
022c
fe25
fe23
00f8
f859
f91a
fdc0
fbf3
0142
fc5e
fa5a
05dd
ff19
0045
fa4d
fdd3
0072
fb65
0181
fd99
fed5
fd98
0769
fff2
fbc5
034a
fb1e
00d6
f829
fab0
00ca
02f4
00af
ff8a
fecc
fa16
fd1f
fe28
043a
0160
f8f3
014c
fe76
fd4b
0272
0420
03ba
fca5
fec3
0153
03e7
fe15
ff42
fb93
fb37
0340
056d
ffb6
0404
0172
fd6b
0172
0627
ffdb
0642
f585
034a
0059
fece
005e
f80d
ff1f
016e
05e9
fded
fcc4
fdfe
03a9
0151
fde2
020e
0063
03e0
fd31
feb0
fe6e
fa25
012f
010b
0005
ff10
fa57
fe51
fea1
fcca
ff5b
019e
078b
00b3
0108
ffb4
f853
ffe5
003e
09da
ff3b
0135
ffdc
fb53
0492
0302
032a
fc5d
059c
fa65
0259
08c3
fc0a
fdbc
0066
fdfc
f9cc
0046
fbc0
01e5
fc53
0633
fcde
feb6
0341
fb14
00e9
053b
f992
00bd
010a
0321
fb0d
fab8
0216
0130
0101
0163
fd48
00ee
012c
fd25
0777
01e5
fb3c
02a0
fc1a
0326
04a2
fcb8
03da
01a7
034a
0796
ff05
fcfc
fc71
fcbd
ffb1
015d
011b
034f
000d
05d0
fef1
0ae1
0281
fc92
fbb7
01ee
ff1b
02db
01e5
ffb5
fc9d
f9f1
fe37
036d
00db
fb04
00b1
018b
fc77
009d
003c
fb6e
016e
023e
0455
0437
fa7d
fc40
020f
020e
020f
0f69
0249
048b
03d1
029b
febd
0309
fce9
ff0d
fe0f
0054
0942
f888
02bf
f98d
fe1d
045b
0042
fbb0
fd24
02b8
fd14
00de
002f
fd65
0893
0289
f7e6
00bf
fd5a
0369
fcd4
ff8b
0205
0377
fb33
fea9
fe1a
fd63
0710
019f
faf5
03ac
087d
0421
f9ec
fe10
0511
fd2b
01c6
0319
fc4b
ffc3
f309
fbe7
fefd
fb02
0688
fa48
fe3d
0086
05c4
fa42
04a7
000a
fc13
01d9
00cc
fd99
0047
fe75
0074
02a6
0658
fb0c
0888
f831
ff65
025a
0120
fd82
ff2b
fe07
fda4
0366
016e
fd3a
0399
013b
0340
0285
fcaf
fdc2
02fd
0271
ffeb
0078
051c
fda2
0230
ff31
ff21
0465
034d
0341
0539
0016
02ba
fec2
014c
ff7b
0063
0261
fcba
085f
fbfa
fb25
04a2
032b
027f
0283
fff3
fc69
004e
fd4b
03e7
ff69
fcb3
feb7
01a7
fdbf
fcb6
00fa
00fb
fdf9
fe1e
00ee
fa35
fa5f
fd20
ff25
013e
05e7
036e
ff5c
ffed
fbfd
ffed
fed8
014a
fcb1
0214
0622
ff91
019b
02c3
fe65
00e5
000d
0064
fce8
0019
01fe
05ce
03d6
089d
fcee
037d
00bc
08c2
fcc4
fca4
fd9a
f781
fde6
fcf7
009a
015e
0781
03cd
fdb1
fc68
01f8
fab8
0753
04b8
fe20
f926
056a
ff8b
04f4
f99f
fd9a
0005
0030
fe33
027e
fbbb
ff6e
007b
020f
02d9
fb80
f9dd
051c
0154
fd02
0634
0076
04b8
0045
083e
0705
ff01
03e3
0295
0579
fc24
02bf
043c
f8f7
fb44
f7d8
feec
02df
0602
004c
0684
fa7b
f930
ffc7
0189
ffdf
f7bb
ffa5
fac8
02ae
0177
fc3e
fdf2
fbc3
ffc0
03d2
fc0f
0204
fde1
fcd4
ff92
fbdc
fdc9
fb35
07dc
0024
fd33
00db
ff8d
ff1e
0275
0308
fde1
fdb2
fee6
f6cb
f9f0
0578
0694
ff01
024e
013f
0c51
047a
ff7d
fc2e
f993
00d0
fcf9
fa50
fd6a
fbac
06c0
0387
fff8
05eb
004f
fc8e
0618
0228
fbda
ff3d
fc7f
fa78
03b4
07a3
fa68
0240
fd66
fe0d
fda1
fc8b
0032
fcad
0115
ffcd
ff0b
fc5f
fdb1
0306
0201
fc17
0066
0301
f953
022c
fd59
0248
fcf2
f8c8
f97d
0031
010a
fc62
028e
f95b
ffbc
fb28
fd65
0031
fc8f
fe76
0406
fdb1
0358
fb7b
021f
05c4
f61d
fcd0
024f
ff30
017c
fd96
0059
ff61
04ac
0105
015a
fe5a
fe0d
fe45
0194
fe51
0129
084d
037c
feb2
04ce
fe5e
f7d9
fbf8
f884
fe98
0013
06b5
014f
ff20
0351
f728
00f1
0315
fa16
0493
015b
fe57
0288
0915
00ba
00fe
fe2a
fc9a
0352
fc93
0049
fe17
01ea
0156
0426
fdf6
feec
fc16
fe39
0182
0307
fc50
037a
056c
01a7
0782
fce8
fb05
f8e3
05fc
029e
ffc7
011f
fb7f
09c8
0084
0070
02e7
01ed
00e5
fcd7
01e3
0787
0562
065f
fdf5
fc0b
ff7f
0039
0460
f93b
061e
ff5e
fe4b
fbf4
f961
034b
004b
fad7
fad2
fea8
06ad
fef6
f9fd
ff04
fee9
f536
ffc8
ff14
02c9
0765
0482
feed
fb93
0a4b
003d
000e
ffe7
00cb
ff6c
fdb5
fdd0
ffde
fdd4
fd26
006d
fefb
0604
f565
045e
04fc
f7b5
fea1
fe84
fa5f
fce4
fb8f
0702
03be
0516
02e3
fb7c
fde7
01f5
fb1d
02da
ff0a
fe80
02d8
01c7
fe8e
04a3
fbad
0277
025f
fec3
014e
faff
03b2
ff43
fde9
0432
fd2f
fa5e
f9c6
026d
fae1
0705
f7ac
06c9
00d8
ff9d
fdd2
0199
ffd9
046a
0075
009a
fe8c
ffc6
013b
f929
fa9b
02f9
00af
ff44
0013
0164
fdd7
fce3
00c9
fc16
01a2
f931
041e
01e4
0106
03ee
06a9
040f
f8a3
fae2
fd80
001b
0212
fd19
00bf
fcfa
fd8e
fa60
fc4f
fa98
fc19
0437
fc34
0a88
01f9
00bd
fc91
02cd
fdb3
007d
0a3e
ff9e
0499
fd30
ffdc
0715
fd7e
0740
02d5
fdc0
0288
03e4
027d
f9b8
fd17
ff03
ffb4
027c
00b6
faa9
0185
0271
023d
0453
0356
01d6
ffb8
f95b
01b8
00d5
0116
fae5
fbad
0436
ffd7
02ba
001d
001e
03c1
fdf0
0062
fe27
fe43
fec3
00e3
fe16
0506
fc6c
ff41
fe3e
05ca
00c9
0421
fa0f
0111
038f
0054
0443
fdee
05a3
0932
fe8c
fe38
05d0
0651
fde9
fe52
fedf
fa9f
fc53
fbfc
fcee
ffdc
00f0
0634
fc02
03f0
ff25
ffcd
02b3
fb82
0188
00aa
01f8
0128
09d2
fd73
fde0
fd82
fdc7
fd73
04c2
05af
fdb8
fcac
01e3
fdcb
0288
00d0
f9f0
0631
072f
fd8d
fe73
0125
0156
02a2
080a
ff4b
fccf
fa7c
fd14
ffde
072e
fdee
00e5
ffef
04c1
0a1c
fde0
fe0b
042d
02ba
0763
0256
fe90
025d
046f
0348
0207
0444
04ad
0587
0298
ff55
0096
04d3
fcbb
017a
fe6d
001d
051d
00c4
0030
fa90
02fc
0295
08a7
fec5
00e0
00ff
064f
ff9e
011e
026e
00bf
fe37
00c7
044b
fbe5
0088
fd33
04c8
f9e8
fdc4
0182
0643
ffbd
fdc7
0786
fa35
f734
01c3
fdfe
fbea
02d5
00fa
fdbe
fae1
037d
029a
ff9a
0763
fbb8
f9e6
fd3b
ffd1
00f9
ff09
0169
fafe
05c6
ffac
0478
015f
01d4
0247
01ca
0292
0551
00c9
02d6
ffa4
05c3
fd4b
0734
ffd7
fa47
0083
fd47
035d
fd64
fe37
f871
fe31
f64e
f9aa
030b
0325
01b4
fc22
ffcf
fffc
fb5e
0603
0382
ff1e
001c
00d5
f7d5
ff03
fd46
fbfe
fee0
0731
0290
fdb7
024a
0599
03b3
003d
fd6a
02cb
0193
0395
028a
0433
fddc
0545
00ca
084d
fd3e
06f2
00cb
fd65
fe11
feb8
01b2
0217
fdb5
ffe7
0892
06e9
01bf
0027
007b
0274
fbe9
fef8
f953
0199
0297
fe11
064c
fb19
fa24
00e6
0430
06bc
fe2a
0451
ffd9
ff4f
0389
029c
f9b2
05e8
0585
fd7f
0195
01fa
010b
fdcc
fd50
ffe6
04b1
022d
fe84
0316
f49b
0498
f90b
fe8d
fb85
fad2
04a5
fe21
0163
ffd0
01e8
004f
fade
03fc
fe06
f9c6
fe4a
0601
0367
fe9b
fe9a
feb7
084f
0187
01b8
041f
00f5
fef7
ff37
ffb7
ffda
02e9
0035
02ee
ffad
0051
f802
03aa
0163
03fe
f46a
085a
ff71
046f
fbd7
0273
fbc9
fd81
07a8
ff3d
00df
037b
01fc
009a
0176
099d
ffc5
00ce
0434
046c
04c0
028e
fb6e
0689
fb6a
0136
fcfc
ffbe
0151
0149
01b0
0674
01d0
ff06
03db
04c2
fb17
0264
02ce
fecf
0581
ff66
0081
ff4f
0010
fb9d
fa3d
0661
fc9d
fc09
f763
fd72
fab5
0691
040a
fd3f
0902
03ed
feb3
f601
092a
fa71
f96b
0417
09c2
0589
0241
0261
036a
0309
0120
006b
ffc0
fcfc
fee1
f93a
ff9b
fc0c
fb96
00b8
0591
03ac
f9b8
fc0b
03c3
fc12
ff1a
0233
fc20
006c
faaa
fd98
0147
f9a1
01c3
ffec
0236
00e5
0575
0080
fe48
007d
022c
0032
002a
fd31
fd59
fa64
0700
fb06
fd3a
fd20
0394
fed2
04fe
fd4e
011e
fca9
0895
fb40
013d
0289
01a8
ff42
ff7b
002d
ff69
03db
08d8
fdc5
fa85
ffa6
0a52
fcc9
068e
06b6
fdc9
0247
0683
fe7c
ff30
fdac
fbf1
fd67
fb1b
0023
fcec
00ef
f9c7
0153
0356
f806
017f
04e9
fb29
06b1
01ad
fd2e
ffc7
023c
004e
0228
fc51
00ad
fa58
ff8e
fc62
fd0f
04f2
045e
0270
fba1
febc
04da
0091
0947
0193
00c5
fec3
0089
ff64
02d5
03d4
fcdb
faad
f8a8
0208
fb96
f763
018e
09f9
fffa
035b
0054
ff9b
03ad
fed7
0112
0149
fd54
03f8
ff4d
fcfa
0225
fc68
001d
fff7
0458
01e6
ffe6
0345
0590
023b
000b
fac1
fbbd
fec7
fd90
ff41
003a
021e
ffb8
01f2
0042
f819
fc3e
ff6c
fb29
0266
061f
04e0
ff25
05f7
0098
fea7
fd8c
feca
fe73
00af
00a4
0003
01bf
04c3
03cc
fa0f
f5c9
03bd
fa88
ff1a
fb52
f8cb
022a
0309
fdb2
f5a3
fdd1
0191
fa16
00bc
fff0
0251
007a
fc1c
04c9
ff5e
ffe4
fc44
fe3a
fc76
ff4f
06d9
fa83
f98c
05e2
ff2a
fd53
0429
fd94
074e
02b6
fe0c
08a1
fd94
02f8
0132
0535
063f
0021
fcfc
01d7
fd4a
080e
008c
fe8a
00bd
fa9d
fc1d
04cd
fd5f
fbd0
0226
04be
02e0
03fc
fcf9
fa50
0601
feb6
feff
0550
023a
01d3
08a9
fd6d
03b6
003a
0113
061d
0208
0227
044a
fe8a
fca5
fbd2
f822
083a
fb96
ff1d
fee5
013b
0343
0371
fdab
ff55
0121
ff01
066e
01f7
02f1
02a7
04b2
00b9
fad0
0199
fd65
fde3
0258
04f4
0016
013c
06cf
00f7
0a68
0243
f8f5
0303
0186
0529
02b1
ff72
fb1a
ff2a
fc99
fdae
025b
06ae
0194
fb37
01c7
04c9
fd90
ff77
000f
fcdc
0298
ff84
01ae
fc73
fe40
02e4
fe82
06e8
fe67
00e6
03bb
fa54
f8f5
f9e6
050d
fdcb
0a3c
fdbe
00bd
062b
0806
083f
04d5
0419
025f
031d
fdcc
fcba
fffd
ff52
fe30
02c9
03d2
005b
05e9
fb6f
ff3a
fd22
f889
ffab
ff83
060e
0286
fbe7
076b
04e2
0254
ff18
fc2a
fe83
045b
078a
062c
fe0b
fb86
0090
f8ed
014b
ff69
fe23
f99f
020e
fddf
fb52
f483
ffe4
0717
06a5
fe2c
fd97
01e0
fc02
0135
0310
04e8
ff99
ff2f
fc7d
fcb1
ff18
0178
03a8
fcca
05f9
feea
ffea
fd03
f64e
0389
02f3
fee0
0045
0210
f9c0
fde2
032d
fafc
012d
fa93
01de
ffdc
f98a
04a9
fd10
fcc2
00cd
0498
fbf0
003f
01b7
02c6
00b5
fe88
fcb1
0058
fbb6
f451
01bf
039e
f68c
fbf6
027a
083b
0015
fd17
ff45
0580
fd6b
fcce
fe12
fc30
007e
0680
014b
fefe
fed5
f9bf
0388
ffb0
ff47
0cc6
0132
fcfe
fe4b
0498
0074
fa3f
03ad
fd54
077e
0452
fe36
0520
0045
0369
01f0
fc9d
fd6d
041f
fea9
fe63
fc2e
01b2
0840
fbbb
0019
05a6
ffae
01cf
fbc0
01b7
ff40
03f1
04c0
0a5c
0252
014e
00c7
fe96
015b
fed2
00ad
0545
fbf9
048f
0545
ff87
f783
fd92
0530
ffe9
fc01
fdfb
035d
0230
ff0b
fe88
fe6f
fc4f
0676
feb6
04de
0616
03fe
fe46
019d
ffe7
fc63
014c
fb49
04c0
fe24
00ce
0122
fef7
0259
fe1a
037c
fa9e
0081
07c1
fc00
fd4a
020e
00b8
0167
01f5
028a
0470
01a4
ff09
02b1
0799
ff78
fc1a
046e
ff85
f74f
0364
fddc
ffa3
0154
00c3
02d6
fe42
020d
fef6
02f5
0276
fc42
0458
fddb
033b
0178
075a
ff1b
fe9a
ffec
feca
0333
f989
fbc9
fbbb
03cd
06d8
ff95
ff53
0048
04a6
fc4a
00f4
03e7
0201
00c2
0401
f530
02b6
fd62
f8ad
020b
057f
ff73
03d0
0673
0542
068f
02f8
004d
f998
ff04
fca1
08af
ff4c
007e
0235
002d
06c8
fd82
00c7
fd08
fab8
fd8e
ffda
fe48
fd3b
fa60
ffab
f9fb
030a
0054
fa2b
fec3
fcfe
0147
055d
f880
0076
ff5c
02af
00da
fcfe
feb9
fcd1
044e
0016
079b
ffc2
fd2b
f9f2
f8ca
f9aa
0112
0209
f9ad
0395
fe11
0096
0673
0396
feed
fc6f
f765
fd20
ff28
fc0d
ff7a
004f
ff1a
fd66
00ad
01c5
fba3
05a5
ff9b
0013
02d5
00ef
03d0
0126
fd8d
0172
fb6d
006f
ffde
ff2b
ff7c
f879
fdce
005f
00a4
fbe4
0510
fc89
03e1
01b5
fd6a
071a
fb3a
03ad
0401
fd51
0592
ff00
0128
010b
ff76
033e
032d
f902
0538
f95a
0421
0482
fba3
fe5b
fb94
ff24
fec5
031e
053e
0595
fdc0
ff2a
f944
fcc7
03dc
0676
fb10
fda1
ffe5
011f
fcc3
01b2
fe1b
fff1
022f
0007
fe41
ff90
ffa6
fe85
fef7
0665
023e
fed1
02ca
feaa
04b1
017b
ff92
01ca
f9b7
fb7e
fb39
0092
06ee
08ed
028d
0201
f8cc
fdd4
fcd9
fd84
ff54
fe1d
f815
02fe
fbb6
00f5
084c
fc53
f5e1
fedb
0467
07d5
fb15
01fd
fe24
ff94
0a94
f9fd
0104
01df
0458
0064
013b
fe6f
0114
fea1
027c
fe86
0182
ffe2
0481
ffcb
f8e8
050c
fc61
fd63
fd9e
057f
f775
0c8d
0439
00e5
ffc8
0124
0216
0295
0239
005c
ff36
ff65
ff38
0489
0260
f43d
02a0
00c7
ffed
fe72
047f
03ca
fce9
01a1
fc1d
fa7b
fd7e
0373
03d0
020d
02e6
0211
fd6f
01ba
0334
0304
04c1
02d5
0168
0448
ffe5
fc79
ff59
fd05
fd4d
ff6c
fcd5
fec5
f86d
00da
0001
fcbb
02a3
03c0
f992
fcf3
fcec
fc3e
0351
ff3a
fef1
f7fc
028b
fb0b
003d
011c
0571
fac4
f3ec
00bc
0734
04f5
00d7
fe09
033a
fc1b
01e8
0206
043e
0b0a
0192
fdf7
ffe6
f8ec
fd39
fe5d
fde7
009c
fcb6
047c
0000
fff6
feb0
009f
034d
fc88
fd5e
fec9
fa9e
fcb9
fe18
037f
010d
00c6
0367
ff73
0190
ff96
0110
fdab
f63f
ff76
05b1
03b4
03dd
04f2
005b
00ca
fd88
febc
0277
04d1
ff71
fe33
0001
0268
fa39
f6d1
fdcc
fb1e
fdf8
ff69
fe30
05cf
014f
0134
027d
fb72
0428
ffb2
02af
fbb6
f9c9
0346
0181
fc64
fc85
0480
fb3e
0692
fc66
028e
feaf
026a
fdd3
ff59
002a
fbfe
02f7
fdf2
ff16
fc06
f5c0
ff3c
09a7
0323
ffec
fef3
0017
0230
fb47
0475
02dd
02df
01c1
0014
02b1
025e
fe95
fdb5
0068
0632
fb0b
fa21
00a9
0034
00b2
00fa
ff1b
05f6
f999
fcb0
ff96
f96d
ff4c
06a5
0015
00ec
faf6
fd89
fe80
febb
0520
023b
fb8e
00fc
01fe
0490
0652
fbf1
fcc2
faf8
ff10
01de
03f3
ffb2
feb8
009b
fca9
085c
f992
00bd
0818
0007
ff3d
fe92
ff47
057e
f727
0622
fa4e
feef
fe48
025b
f99c
01d9
0819
fa8c
00c2
fd5a
01b4
0014
fd6f
01f4
0738
ff3d
02e1
fad4
fc2d
01e4
05f0
016c
febf
ffff
fb00
026b
0388
fe31
fe1f
0110
fe41
ffbc
0866
ff03
fe91
fd69
02fa
ff46
fd67
0549
05ae
fd99
f889
0408
fd43
032a
f81f
0392
fb28
02ec
000f
fc2f
fe5f
02bf
006c
0256
07e8
f9be
0678
006b
fc68
faae
ff3e
03b0
ff7d
060b
fa32
fff4
fafe
0174
038c
fe51
f595
00cc
01bf
019e
04f1
fbb7
02b9
04c5
f8e3
0147
fdfc
ffad
0164
fe0d
fd4c
0023
fba7
fba8
02b8
fb68
02aa
01da
f919
fd4a
04c7
fc13
fe24
01d9
0322
fefe
fd9c
05b1
06f5
03ea
0057
fcc4
fcae
0217
01ac
059b
029a
f9fd
0435
fc02
fe77
0100
07fc
0c71
026d
ff44
0223
038d
feb8
072e
00ec
01fe
02aa
01b0
035b
fd88
fdc4
fb99
01c2
031e
01d5
06b3
fffa
02ad
fba2
fe74
02c8
0365
fed3
ffb7
f9ee
fe92
0390
024d
0201
0033
0007
fd5c
02cc
01af
01f8
fde5
f763
0463
fe16
fc8d
02c6
fe6f
043d
0278
02bc
fa89
04d9
010c
fe86
0093
f8e5
01a2
fbe2
fa97
f9e9
0473
fd7c
0623
fddb
f92c
fb89
04f1
ff60
fdcf
00a4
0202
0478
05cb
fe90
fab2
fe59
010b
fc25
fc2c
0160
ffce
0022
fcf7
ff14
fc4e
0390
0424
f89e
fc48
fa04
fd66
ffab
fa34
fc50
fbfc
00d4
0047
fd1d
00b5
fdd0
feea
06b2
055d
facd
0352
033f
fb68
0346
0627
fb83
fc54
0412
0116
0235
015d
0190
fab2
0430
04ae
ff15
ffd3
f9e0
020f
024a
ffc0
047f
feaa
0242
fbec
ffe8
ff4d
00e7
fe86
ff79
034e
fe41
f993
0700
0587
fad5
02c2
fdfd
010e
012d
ff10
fcdd
fd3d
fc56
fcac
ffbb
fd23
02ba
05f3
fdae
00f5
0200
01e3
004e
02f9
01ee
fb0d
037a
038d
fcf2
0027
02bc
ff2a
044b
0975
fcdb
fa7a
0137
02e3
ff14
05d0
faa5
02c6
fd94
06e1
07f8
fcef
fdcd
0370
fe74
ffd1
001a
f852
fff2
fd3e
fe07
05c6
faf9
0341
fee2
fee2
0329
015c
0248
03df
fead
fd8d
fba9
fcb3
0bcc
04fb
fa99
fab6
01ed
0230
0232
fefb
ff80
0150
0058
f71f
ff15
fc98
00b3
0bf1
0178
febf
03b0
01ee
01ae
026d
083a
fb7a
01e5
fc4b
0239
fc53
fe55
fed2
03e7
03ac
fb04
0038
fd29
faf7
ff22
fec4
09b5
01bb
fa7d
fdbe
0416
085b
f9a8
f87b
077c
018f
fc87
0223
f575
0003
0150
03b2
fbf2
0058
fc4c
0106
fc6b
fe5e
fc04
029b
036f
ff10
0027
fa35
fecd
ffcd
0a7c
fb8d
05db
03fd
011f
0709
017d
018e
ffca
04e5
0463
fd7f
fab9
ff30
fccd
ffbf
04f3
fe2c
ffd4
003b
0365
f703
fd93
00d8
04cd
fe08
f87e
027b
fd75
fb3e
fd81
ff43
fd95
f72e
0397
0519
029b
fb73
ff32
fff9
0265
02ac
fd10
0054
01d4
05d3
02d1
0328
0056
05a4
01a4
fc8e
059d
02cb
fe3a
fe15
0130
01da
00ca
013f
06cd
0449
00c3
03c4
fbdf
0197
073d
ff21
fc9c
fd64
fba4
fcdc
fe85
fa61
0010
039c
fc5e
0614
020b
041f
fd5e
036b
fba2
0390
00b0
0237
fb4c
fc6b
0264
fc35
01da
fa88
0365
fb12
0236
0281
fd37
0254
010b
fdd8
fbf7
f826
0166
f9be
0062
fef2
02b7
fecb
feaf
02ed
0157
0144
01e1
f9dc
0307
0273
fbef
ff06
ffd8
ff76
0156
05ba
0454
fac0
027d
0551
018c
045d
080d
0418
00ff
042e
0094
0018
fe98
0641
fcba
0621
0200
fa67
0178
f79a
0281
038a
fda1
007f
07d1
fdfa
fbc4
05ed
07da
0004
040c
055e
fd08
fe0f
04ec
06bd
0240
fc7b
07f3
fde0
fea9
015f
0637
036a
01a9
01da
002d
023c
f5e2
fed0
00f7
fb65
018c
ff2f
0706
064b
fe23
ff66
ffb4
fe32
00c8
fcf8
fb7a
027e
0285
fcc8
0395
fd79
0103
0348
ffde
01d2
fdef
ff37
ff2d
fd04
ff4b
f9ce
fe09
fedc
fefa
ff09
ffc1
01eb
0380
fd67
fb30
fbd5
fe0d
fe98
fcec
fad1
fe2d
00ba
0261
fdc5
fe59
fc4b
ffe0
fc9b
024b
f8db
fe90
0134
00bc
0ac6
0166
fbfc
ff9e
f8e5
ffad
fcab
03a9
fdcd
ff88
fd75
06f5
feb7
0755
0342
01ee
017a
0193
f84a
fee2
0361
ffce
fa61
ffca
06d1
04fd
ffc1
03ce
fe89
f92f
fc4d
0640
fee7
ff07
fecd
079e
0681
08e0
ff5d
012f
f9ef
05e8
fb54
00de
fb9c
fda5
fca7
fd92
fdd8
fdcf
0355
fb95
00e2
04df
fdf2
fd21
ff14
04b8
00c7
fde0
01ef
fb97
02ba
01a2
fec5
fca5
fc74
0224
04ea
fd73
01d5
f7a7
fda9
ffe0
fc5c
fc41
fd54
012b
ff40
f70c
f784
fd93
01d5
f503
fe00
fde5
058e
fe76
0188
0091
f77a
0313
00dd
0208
0fb4
f7aa
06e6
feda
0126
ffd1
fe4e
fdb8
0151
f9ee
0301
fe56
fb7b
fe33
0507
fddc
016f
fd14
0308
02be
0765
ff4c
02ad
0064
052f
fd20
02fb
ff39
ffbe
005e
0102
ff89
00dc
0650
03f1
037a
fe2e
fc71
03d2
0381
05e4
fd96
ff15
f971
fe6e
03fc
fe22
0290
ff3d
014c
fb69
0057
f409
ff41
f97a
04d3
031c
01de
0616
fc34
06fd
03bb
ff0e
048b
fb93
fcb4
fd91
fde2
fbc6
04e4
fef7
0169
fdb8
f8b8
0115
f85a
ffba
fa87
07f3
03a5
006c
050e
fc9d
022d
00cd
010e
0517
02ee
0128
f961
fc29
ff82
0060
fb7b
09a6
0611
0269
004a
ff27
fc31
004f
0108
fb08
0156
ff61
f85e
fc8f
fe58
078d
023a
faa8
01f2
f9d0
0455
fe1e
ffa0
054e
fada
fa69
fdaa
0427
f9ec
f4ac
fe32
0235
04cd
fe26
fe5b
049e
f885
fe72
00c3
01cc
fdf6
0023
f60c
fd5e
01d0
fc12
003c
01ca
fea1
00af
fc26
ff2c
0271
00a1
fda7
00e6
02dc
f7cd
04a3
fea8
01b4
04ca
fa83
fd2a
fed9
fcdd
06f1
fc93
fdc7
00d1
fb31
fe6b
0145
feab
ffa0
fde2
f9f1
0149
0705
0013
00e7
02c5
faec
06cf
00cf
0687
fd11
0746
031a
0236
00f0
ff02
04cd
0090
f822
fb88
ff42
013d
ffc6
04e0
f832
0093
f8ba
030a
ff9f
01ae
fc8b
051e
042b
0256
ff7b
0252
fd2c
036c
0699
0448
fd15
0172
fad4
024a
01cd
f885
fb5a
fede
fecc
fb29
018e
0102
ff39
fcfa
0432
069f
fe11
fd8d
01f7
fe91
ff71
02f5
f85d
0546
004a
fe5b
ffa5
ffda
f913
05fb
002a
01c6
03ce
fbea
01e5
feee
0363
f77e
ff9b
fd97
01bb
01e1
fd2b
fd27
ff8f
fc6a
035e
fe86
f45f
fe80
fbd9
f97a
fb0d
0070
0551
0141
fd93
01d3
fe2a
fd39
fb62
f8fe
fe71
00a2
ff9d
fe56
fc38
026f
fabb
031b
fbfe
fcfe
fa22
fdff
03e7
0210
03ea
0217
fb96
fead
fce1
0553
fb36
0393
0392
0752
fe5c
02d9
0920
fd88
f9dc
f87b
02da
f878
fe83
01c0
00be
01b4
00e4
051e
fc31
fd4b
fce9
0352
039a
01ce
04bc
fb4a
06ab
0618
02f1
0721
f960
fde7
fd0f
02e3
fbcd
0308
057b
02c8
0123
fc0c
fc9d
0500
031e
ffd8
fe54
f7e6
fbb7
07a5
fae1
00c2
0408
fafb
00bd
03c0
000d
0b79
f953
043c
ff4f
0316
01c4
fd11
00ea
f892
026a
0131
028e
043c
0178
0098
fc7a
fd27
04bf
05bf
ff0c
002f
fc62
04b1
02a9
07c4
fc7d
fe7d
00ed
0296
ff23
fc82
0387
02e2
fc56
056c
04ae
008a
0052
0237
fc8e
001f
f764
0381
f9c1
0604
feae
ff27
fd7d
fed9
05ad
f60c
051c
015a
fb2c
fbb3
06b5
fc38
fb63
048d
015b
fc40
00de
fbe6
0467
043f
0221
0172
070b
0000
fb46
01cc
0858
fbf1
fe8e
01aa
ffc9
fc12
047d
0948
00c9
fc62
f9ce
0108
046a
01e7
fffe
fda5
fba2
0357
03a8
f9d1
065c
024c
0599
faa2
fa89
ff67
0203
072f
02d3
ff07
fbe5
04ec
fc24
0684
fedd
065d
02b7
ff74
fdec
fea3
01b7
004f
fda0
ff56
0050
f77c
01d5
fc15
fb63
f940
f8d3
fa94
fd2a
07d0
fde5
00b6
019a
0086
ffb1
fb38
05ce
073b
f945
fbe7
fee1
fc24
0206
fd16
08a9
04c3
00da
041c
046c
fdbf
fcbc
0050
0372
008e
f9b1
fcca
ffb4
ffb3
07e4
fa75
0206
05f5
0916
fe62
01f7
0247
00c8
ff9b
01be
f5df
02ba
0081
ff1c
0830
fd4d
fe63
07f7
fcac
fdcd
ff69
035d
00d5
fad4
fddf
fd92
ffb1
01b4
01ac
f8e5
0441
0103
058a
01c7
0468
01de
0563
0217
ff9c
0917
038e
024c
fae5
fad9
012c
0095
fd8b
0090
065b
02c8
fb70
ff8e
fcc8
fe73
fe58
fe17
fafb
ff7d
fdc2
f448
0836
045b
fe7f
0013
fb50
06c8
0797
00a0
0418
00b3
faa7
fe5a
0087
fe2f
ff20
ffa2
ffad
0036
fbc2
fd22
fadd
03e9
f794
049d
058c
fecb
f596
fe8e
ffbe
fbf5
fdf0
061f
02a9
fc4d
f99c
feb1
ff25
01fc
fddc
020c
07be
0343
ffcf
ff44
fe93
04b9
fd7e
002e
0034
fdfe
fa83
014b
ffc2
0200
fdde
04e2
fc7e
06d9
f902
01bd
01e7
fcd1
01b3
051e
f722
0203
f607
fc23
0684
fdac
fb4e
ff35
0846
f8ac
fbcb
05fd
076e
ff96
fb0b
0862
0661
02b7
fcc0
ffce
ff5c
0153
05ce
0385
fbb1
0582
0141
02c0
05de
fb8e
ffdb
fde0
f9bb
0163
0a0c
f8a4
ffdf
0290
007e
ff8c
face
00ee
fcf9
f73e
04c7
03d5
0035
00eb
044c
00e6
039e
fecf
053f
0148
00c7
faeb
0126
fcac
fd72
fcbd
fbbc
0880
0553
07ae
fb1c
0049
fad3
fd38
fc54
04f5
fe6a
0446
026b
0937
fa15
0509
0496
fc1b
0407
0158
ff17
fcb4
fd20
0833
0001
0321
fcd6
fce1
0454
fa9a
fe57
0023
0072
ff49
0195
02c5
02f0
fc0f
fedd
04c7
0394
fa82
0168
f816
0030
0797
fc35
fcaa
030e
f9d4
fd78
0263
fd76
ff0e
02fa
01b0
0111
fea5
017b
ff81
01d5
fe03
ff45
fc0a
ffdc
fcc2
fb8b
0109
00da
0322
fe47
01a2
0234
01c7
fcb3
0099
0175
0007
f7a7
00a4
08da
fe8f
fd16
017e
0140
04c5
faf8
02ed
025d
ff6e
015b
041e
037d
fb6e
0348
ffbe
004b
004b
ff66
04c4
ffaa
fb86
fe6d
00b7
04eb
026a
fc99
09f1
010f
051a
ff65
0222
035c
04df
043b
037d
febd
fdb7
0155
03bc
ff1c
0443
05cf
fc56
fca7
ff70
013b
fde7
0569
01b2
0028
fa42
fabd
0120
f778
040d
ff5e
0cf9
093b
ff46
ff93
03fb
06d0
f973
f8db
fd83
0255
01fd
0447
fb34
f6bc
036f
fcb0
f7ed
0095
032c
ff83
fe2b
ff5d
fe85
fa9c
fd24
0216
0149
00ac
fc05
ff46
f74b
00b7
05b7
fa1a
fda8
0151
0503
fe35
fd3b
f820
006a
082b
011c
ffe9
014a
fff5
fcbf
034b
00e7
0012
fc19
0537
02a9
fdca
0402
fe02
fcdf
fcf6
f8ea
01e3
f8ad
fb16
f7b3
ffa8
ff66
feb1
fbd4
fb50
01dc
fdcc
0144
fc76
00b9
0537
0258
fe5a
0107
ff0a
0008
feb3
ff58
00d9
fc07
fbf0
fa72
f999
fb22
00a3
fc6e
020e
0024
f820
029f
033e
fc06
01ae
fc93
0064
faf1
f8d4
fe78
ff81
fe69
fb44
fe67
0114
ffd2
00bb
fd52
04b0
fb4c
01f3
04ba
01ec
ff31
fde3
0425
fa4f
fc1f
fe69
04f3
0185
fc21
fec2
fd8b
fd29
03ea
fa83
066f
0350
045d
fe26
ff66
fa44
fde7
01fa
052f
fb92
fe8a
ff65
fa6b
025e
fd1b
ff38
fe31
fcd8
fff9
ff23
fe83
fd16
0147
069d
008f
03fc
fa70
00a2
fb9c
fa18
fd0b
04c5
03cd
00f9
f9df
ff37
0135
00b4
f8a0
fc70
ffbe
0225
f737
ff5a
0092
0366
02c5
0255
fccd
f85e
fe6e
0402
0593
02d8
01b8
0185
fdc7
ff7b
06ad
fc3b
0676
feb6
054d
fa5f
0258
fd0e
fa57
00e0
040a
fc9f
fa01
ffa2
ffa6
0231
03cc
ffc3
076c
00e6
fe9d
f98e
fef3
fea8
03d7
01da
fb48
00b0
02b0
061d
038d
030b
003e
018e
04ff
faab
fe9a
fce9
0184
04ec
fd9d
f670
fe5a
03a7
0227
01b6
fee1
fae2
0210
fcaa
08bd
0248
fdad
fd8e
ffa1
ff0b
0478
00bf
fd13
0790
0032
0313
fd91
0174
013f
f871
0810
052a
fe69
fb97
0164
0059
016c
00c4
0206
05ca
0246
fbcd
0573
0690
0c9c
fb82
00f9
f7ac
0236
fdcf
07b2
fce7
f93e
fe1d
f819
0301
f7bd
001d
f7b0
feb8
0693
0171
fc8c
ffe0
0012
01e4
fa88
025f
f52f
fd7b
fe0c
0289
0017
fa61
fc0f
00cb
ffaf
fdaf
fe14
02c9
fdee
ffa6
08ae
fa4e
f898
0322
fd49
feba
fce0
fef6
0665
0335
0373
fa56
fb65
f4a5
fcc3
03d4
0211
ff1d
ffe9
fd3f
00d2
0310
f989
0133
03bb
fe57
02ce
0b42
ff95
0193
fd0c
00ba
01d7
00c8
fbec
00d3
05d9
01cb
03d9
ff0d
0300
011e
fc32
0146
fc09
fd78
00c2
0130
fb3e
0437
024a
fd2e
f9da
ff6c
fe37
0074
fe8c
f7f8
fe72
fec7
0289
fd35
06b7
f85a
053f
ff1a
0370
0052
048f
fe73
fb9b
05af
ff8c
00e3
04f0
fbdf
0262
fda4
ff79
004a
fa00
fce2
0567
038b
ffc0
00f9
fed3
056d
ff33
00ed
0496
fce4
063c
f9e1
0685
fe82
ff07
f871
fe2e
fbd7
fd92
ff73
03d5
00d5
013b
fb9e
fc7a
0732
fd0f
06a0
ff07
0002
0448
0516
ff8f
fe72
ffc7
015a
0391
0004
027a
068e
0186
013f
f9ed
f57a
018e
ff9f
fdf1
00f9
ffc2
0483
0058
fd03
03f6
ff22
021b
fe17
fd67
0056
000d
01eb
feed
f8a8
fe45
032d
fecf
ff04
03f2
fd27
f9d4
ff5c
fe10
fc23
ff4c
01f7
fff6
013a
0741
fea1
011d
fdf7
fc9d
fda9
fe16
0170
0965
fd23
fe55
ffbf
0195
010e
0523
f64b
f674
fe04
0464
f9bd
f3f8
0249
00fa
fba4
fc0f
fc1f
0071
fd7f
01fa
f495
fc93
fb7f
fefa
fdd9
0331
f890
002f
023c
076d
fe13
014c
f8c9
f66f
0361
fffa
04b7
fa82
0214
077a
01ae
011b
0009
f9b7
056c
fd8e
0205
f9bf
fb48
05be
fe9c
05d0
ffb0
f8a2
0391
fda4
02cb
001a
f9d4
00a8
08c9
01f9
ffc5
044d
00d8
00d7
fba2
00ef
0424
fca8
05b3
ffa2
fc73
03fe
feda
030a
fed5
ffc3
01f9
012a
f805
fb84
03b8
ff79
fde8
fa91
fbae
f7ea
ff98
fd9b
fc22
ffba
0175
085f
f9f4
04a3
03e4
fce2
00d0
fe2b
00be
0609
026c
0209
fe47
fa10
ff2b
04d4
f9e4
fbc8
0081
fc10
fcd4
fe4e
fa8a
fc1a
02d0
fac5
f99c
fd7b
02ee
ff36
fe24
002d
f904
01fb
0189
fe5d
0406
fb7d
0483
009e
fea7
ffec
ff92
04e2
fbb1
fcf3
0425
fd9e
039a
06cc
fe65
02ba
fb63
0305
00cc
01e4
fd6b
f95b
0203
f7bf
febb
03c4
00c5
07cb
041a
fd62
001c
ffcf
f9ac
fc3d
fdc2
f7db
0031
ff01
f94f
019e
02dd
00e8
feb4
025e
02b9
013b
fcb4
011b
04c8
fd9d
0864
fde6
0021
fd4f
00e5
f908
fdd1
fba2
008b
03fa
0296
f683
082b
012e
fce5
00a1
00b4
fd55
00cb
fd92
fe62
fd41
fa45
0095
0257
020f
0348
014c
fdde
035c
fa92
fc66
fc25
0452
03c5
01f3
044a
fc7c
0165
ff80
0363
ff8a
fe76
022a
0381
fd54
ffc1
fbc4
f602
00cd
0270
010c
f834
fe99
f720
057b
fba8
0506
03c9
fc66
fb78
0167
fc9f
0069
fe12
f8e0
f714
00e8
fdc1
fdca
02c9
04b2
fee9
fea3
0200
fa92
00e5
0235
02b9
f841
fcf4
fc7d
0066
01ec
05fd
fe05
fe02
0499
0130
0512
0128
fb5f
faab
f9cb
02a6
04c1
0766
035f
04a7
fdae
fb60
0366
01ac
006e
018d
014b
0523
052e
022d
0362
020e
fe28
0307
fa6c
0437
fb39
0125
fc9f
0237
ffdd
f99f
01af
fdb0
0386
0001
0195
fc2b
fda5
fe2a
036d
06b6
fcc8
044f
f752
fb39
fc2a
fa97
f9aa
01a7
ff25
0185
02c3
0110
02a2
ffb9
fb41
043b
fda5
fc42
ff4a
fc59
fe55
0160
0165
fc69
fe0d
044c
01fc
084d
04b8
0494
fa73
030e
ffca
fdcc
00ac
03c8
0201
fc7c
02f8
fd73
00de
fec9
ff20
0311
fbd7
07c8
f8b7
fd9c
017b
0256
ff99
ffc5
01a4
ff13
0593
035b
037e
fc23
ffaf
fecc
fbfa
0171
fdd9
029f
fbb8
06e0
fc6a
00e1
032b
fdb8
0369
fb15
05cf
000e
fd9d
fece
033c
fdaa
fd01
ff1d
fb4b
0748
fdbc
0354
00d6
fc10
fffa
0323
ff3f
04c6
0416
03ad
fe29
fbae
fd8c
00c9
022f
f750
fff8
00a2
fee4
052a
01b0
053e
ff23
03c0
068a
053f
fba2
fefc
fe9f
01f5
02bf
fca5
0045
f7ec
05c5
fdf3
0039
fec3
0496
f4a6
ffef
ff94
fe2f
06e8
fc73
0316
016d
050c
fd55
fd11
0462
01b4
f9d2
fdd8
018c
035a
fd48
f458
0218
fb1e
f7ee
f4ac
0342
0084
ff19
058e
028d
0677
fa6e
ffdd
f988
ff15
ff01
0282
002f
027e
02d0
089f
febd
fc3c
00fc
fcca
05ee
fede
fdbd
fe1d
02e0
ff5e
fd6f
06a9
fc93
0024
029c
f97a
01ec
fbc8
034b
fc26
02c5
046c
0372
0101
ff13
fdb2
05e2
fd34
fbda
02a9
fcd1
fc33
fa3a
fe12
ffab
00f9
03ce
021c
ff3d
ff35
020a
0517
0081
fe20
fc07
fa38
02aa
0250
024f
ff7c
05a1
fe10
03d2
ffd8
fd91
025f
01a3
016e
0053
ffd9
098e
04bd
02e4
0072
0407
0212
001b
fec9
ffad
f351
00d8
fe0c
065f
0014
fb3f
ffcd
fbd1
01e5
012a
03d5
fcd6
0023
fa8a
02ce
0213
01fc
0002
01a9
066b
fedc
008e
fba8
fc87
0064
046a
fefa
ff0e
fe5f
fddc
012e
fa03
0520
fd57
02e3
faec
02ad
02b0
0189
fc06
0100
fb45
fefd
041e
0330
0010
fc1a
0295
0014
f6b8
0321
ffe7
04cf
fb9e
f34b
011e
012b
f93d
fc16
0b05
fec7
02ed
fd66
f7a4
ff52
fef0
fe67
ff8b
010f
ff66
faf2
01f2
f834
f7cc
02f5
0207
ffc5
fa6b
fd2b
fef3
f99e
fd0b
029c
05b6
fe52
0307
f858
02a3
fcc9
013b
ff02
0548
fc81
0283
fee2
ff5e
ff44
fc9e
fff2
ffc0
00f7
0057
0331
03b2
fbcc
037a
fb41
025a
027b
f85b
005f
fe20
fcf7
0567
fd63
fcc6
004e
02be
ff6f
04aa
0220
f74a
fde2
fdc1
01eb
f580
0a32
0220
0098
04ba
0960
037c
03cc
0086
ff6f
fe19
fcb2
fd40
fa99
ffb2
f943
00c3
ffdb
0096
fde9
0c4f
0571
fb06
00ee
fd91
fbf1
faa4
01bb
fd46
03df
03fa
057f
fc97
01e7
0288
fe1a
fcea
0670
00e9
028b
fcb6
fb1f
fdb9
ff81
fbbe
fff6
f93f
fb85
02af
026a
fe6f
fbee
fbe4
fe82
0294
03b7
fe04
fb63
0112
fcb5
fded
054d
034f
00a2
faea
00d8
0440
fe7f
0568
052c
06a8
0139
0259
05a8
01ca
fdff
fe35
00f4
fad6
ff6d
0463
f73c
0623
047d
fe29
022c
0003
04ec
03ee
fa66
0259
ff2d
0055
fd16
06fe
0429
fd0a
faa9
fe75
01bd
00f6
0503
0329
03e1
014f
fa71
ff38
043e
ffcb
0203
feba
fbe1
ff82
013c
fd61
ff0f
fc3e
047a
fed2
05d0
061d
ffad
fbf7
f7a8
fa1d
fa81
0584
0077
018f
f71e
fb35
038c
0126
ff69
0242
068b
ff1e
0047
00c5
0992
f79a
02bc
ff8a
0244
fd5f
ffce
02d8
0c74
033b
fc9c
fe4e
fe30
f8d1
feae
02ee
fae7
0432
01f3
fd10
ff6f
0665
02ef
0009
ff0d
004e
fdf4
f795
082b
009f
0198
ffc5
fd0f
ff42
f99a
091c
fb10
fbdf
fe3d
0527
000f
fb0e
0504
02ed
0227
02dd
0994
08be
fd41
067f
0188
01ff
f93b
ff52
fcc0
0350
0449
f7b4
ffe9
047d
ff41
02eb
0168
015e
feea
fb22
fb84
02d6
0014
ff72
fe4e
fec7
0430
fea9
faa3
02f9
ff2e
0020
066e
ffeb
0128
fb49
ff1f
0270
f9c7
00ce
0067
002a
0426
0156
05ea
fc07
008b
0056
fbb9
03d3
094c
ffef
0205
0057
fd25
f8b8
fd2d
fa6f
06d1
ff8a
fe9e
038e
fb83
fcef
0046
041d
0202
00fe
0050
019a
00ce
fbe1
002f
fbb5
0053
fe14
0a28
ffd7
fa62
ff77
0214
06b2
fda4
f9ac
0344
fa7a
fe41
fef8
ffb9
02c2
fd44
fee8
fff1
0099
0064
01be
0360
0192
01d0
f9ac
0033
01eb
02ea
fd3b
fd5d
fdb4
0225
0423
fe5f
03a2
007e
ff81
ff28
02fd
014d
091a
fc97
0213
fde2
fc86
fff5
008d
0bac
ff43
fb7b
0118
f7b4
ffa2
0010
032e
03e5
fdfc
ff66
fcef
fb7d
013d
fae8
fe57
fc05
0233
0735
facb
f897
ff80
0010
00e0
fe37
ff33
0178
0429
f82e
fe86
00db
fc54
06ed
fd75
ffd6
0239
fda3
f89d
fe49
041e
fea7
fc9d
03b4
fead
fdf6
0099
0315
0987
034f
04a4
fdfa
fbe6
0040
006e
fbb0
ff4c
0199
0171
0204
012a
fdf9
fdf2
fb34
0724
000e
ff1a
fc49
0bbe
fbb5
fe49
01aa
0267
03d5
073b
0206
fbc7
fef9
013b
0846
fa69
04cf
00b8
035a
ff98
fca1
0301
029e
03e3
fff2
fd9a
f9c4
0347
01b2
fc23
fdd9
fe22
fa11
fcbb
fb77
fe5a
fd0c
f97e
0817
0503
fce2
0117
01ab
04c4
fcba
045e
fdcf
faa8
02e6
052a
0a5a
fb33
02cc
fe5c
0322
fa1e
faf3
fce6
0051
fd70
02a3
041c
0266
067a
01aa
fb22
0574
fd94
03a4
064c
01d4
fa04
fc54
054a
ff53
0051
0309
02c9
011d
ff2a
fec0
036e
0237
fef9
0454
ff7c
fc98
fcf7
fc16
fee9
04ef
fcc8
00c1
fd60
fef5
f9f6
ff1e
ff3a
0229
00e5
fb35
0456
00d7
00cb
fff7
fdee
00df
01e7
f903
fdd8
fefb
0106
04c6
fcea
fe02
fdf3
fccb
fe9c
0315
fbc9
01b6
f931
fdc1
feaf
06b3
fee7
f732
f801
0023
0275
0180
00ac
04a6
fdd7
0394
f979
fc61
f8c6
fee7
ffd1
0075
003f
fc4a
ff3d
fa03
0574
fec9
fe0b
065b
fb08
fb7f
fb9d
ffbb
01ba
02f5
0a4a
f701
026f
fdc5
fda8
fd85
fc5d
06bd
035f
0018
0567
f9f3
faad
f74a
fd34
00a6
0069
0099
fa5b
0336
00f5
02ef
f86e
013f
fb40
fe69
0223
005d
fc98
0006
f9e0
049a
ff2e
0479
fde5
fde8
fcf1
0381
fd2a
0294
fe78
f819
fdb8
fb49
0023
fb3d
03b4
ffa3
ff4a
02a0
03db
ffeb
fcea
f8e7
fd41
fd88
006e
fe9f
02c0
fd8c
ffc6
04bc
015e
ffc3
fd98
fd78
fc99
fdd6
0306
ff1d
fa9a
0713
0148
fa5f
fe3c
0072
06d2
fb91
03e7
0599
fd7c
fee4
fbdb
ff30
ffdb
02a3
045c
fd02
f821
ffea
012d
00ff
feb1
0080
0610
0187
fe82
fe00
ff52
068c
ff44
ffec
fe12
0465
07d7
01cd
0055
0026
f676
02fb
0089
01b7
fd27
fe76
fe5b
0416
fe7c
0855
01b9
fae6
ff7c
fd65
f739
0666
02d0
0222
00a9
fa79
fe11
035e
fbcc
f5df
ff17
ff6f
008b
02ea
028d
0109
04c8
f9ed
0205
0282
fb0b
f9fd
fd04
fd5b
0304
fd8b
fc93
fd8e
0479
000d
ff48
ff8f
052b
fd01
0543
00d8
ff5c
0a01
fbc7
fe96
fb12
03cf
06c2
06ae
04e5
ff36
fe8a
f951
0825
01e0
fe08
0550
fc1c
01a0
ff4f
028e
ffbf
fa32
004d
0432
ffe2
031a
fbd1
ffe5
fd81
02fd
0020
02c3
045a
02c4
0118
fc02
fffd
fdde
fea0
fe80
fc15
f82c
fd54
00c6
fa9b
0010
079a
0418
0693
0191
04ac
fd1b
fd6c
f50b
04bf
0629
fdca
fefc
fcfc
0188
0480
f907
01a3
fee5
0074
01d6
ff3f
ff96
ff25
03e2
01ad
00e2
faeb
fe7c
0398
0027
02a3
0711
0428
005f
fdf5
f5c9
ff54
feb2
0190
ff62
feb8
f8e2
fc3d
01e8
06dd
ff9c
0150
03cf
fcc2
0178
fd0a
0376
009b
0132
fcdf
02d4
0857
fbf8
fea4
00ed
0325
fdc3
f4ab
0570
030b
f907
fd92
0646
05cb
03c1
ff4c
0055
ff7a
0483
fc7f
fcc7
040b
ffd3
0584
fd50
ffc8
fc4f
0008
fa16
fe0d
fa41
02c7
02de
f914
0556
09fd
002f
fd6f
0b4c
fab9
0015
00b8
0561
0170
fe01
fc32
fea2
fbf9
0031
fdbe
fa06
0505
fe02
faed
ff54
0046
f904
0154
fbd0
06d8
0219
fe67
fd05
ff95
0273
ffe6
ff22
003c
fd96
fea1
f7a8
03e5
0132
fce8
0798
0059
fbdb
036d
0198
0194
fe4c
01cd
fef4
0239
f861
fe44
06e3
fcef
fd96
fe35
fb24
f72b
ff14
008b
ffca
ff6c
002c
0417
ff3d
fdb4
fee0
0251
05a6
fd7d
0065
015a
fc08
0015
fa23
f8ec
0178
fe77
00cf
ffee
fc18
ffd2
fb11
0590
fa93
ff38
fbd5
0248
fead
fded
036a
001e
0211
fc13
fa61
006e
feba
0281
ffae
00d2
f982
078e
ff58
02ca
fca8
013b
faca
01cf
fe93
001e
02cb
fb12
fd43
01d4
0865
ff73
025d
ff92
07c5
f903
0061
f97f
f5f9
0131
008f
fedc
ff93
0c65
fef8
020a
fd67
012e
ff0c
fe5c
0747
04b5
008c
f6c8
fe8e
0ad0
ff14
046a
05c5
00e0
fca2
f642
02bd
fcbe
00b4
fb00
fef0
0023
0113
fb8a
04ca
fd9d
f94d
ff90
0023
00a4
0573
ff0e
ff86
fb96
0348
00bd
fe52
f862
05c7
fb17
fda3
016f
fb37
fa07
f781
02e2
fdd2
0bb6
fc06
fc50
fdbd
00f9
fe1f
0273
fc16
fa79
f8cf
f71b
fded
fecc
fd79
04f9
04ea
fea9
f8d3
fdbc
fd9a
fd5f
fd36
fd63
fe74
fd75
00d5
0171
fc5b
0516
fc14
f987
0186
fcbb
0149
f663
0592
02b0
fa00
fa16
06b0
fd0d
fcaa
f6f0
fe99
ff17
02dd
fa67
f9eb
01ce
0407
f9b7
0453
0026
045e
ffb8
f5e9
ff64
043e
fc6d
fe73
ff4c
f467
06af
fc65
0206
ffa7
0508
01a0
ff0f
fc6d
0331
f882
0295
fb9b
0502
00a5
0294
0054
f8fe
fc8f
02b1
00ab
04b9
019d
fc22
fcd1
0069
f6be
06b2
01c4
04e8
f9ad
04fa
08ed
fab7
0316
0001
f9d2
01f9
0356
fd98
04aa
f955
fa05
008c
001a
fd22
033d
0220
036f
ff82
0269
fe38
0837
fcc0
086c
0024
fa7f
0579
0081
0368
04e5
015a
fda2
03e7
0001
02be
f763
01ca
fd72
069d
027e
00f6
01f2
fc02
067e
07f7
0192
065d
fdb9
fcd0
002a
01bd
fe6d
0227
013a
fc02
0213
0374
00b0
049c
fb21
01df
fb52
fb8b
fd7a
fc3b
fdcf
ff25
0359
feb7
f9a8
048f
fca7
ffc4
01c9
00cc
0460
01ea
fc8e
08b7
00c7
ff69
03db
00ff
0199
09f8
fee6
febb
0077
0449
f9f9
f823
fda7
f977
fe4d
0203
fc70
fa4b
0047
0373
f938
0348
0345
03d1
04e0
08cf
fe93
0070
fe56
0002
0622
fa9f
fc8e
0582
0415
fe8c
036b
015d
0600
004c
041a
0a91
0264
0033
02e4
fe8a
098d
00b8
fee9
fca8
0464
0378
fe03
024e
f9f7
00bd
01d0
06d4
fceb
fae3
fc6b
faa7
0559
0632
0148
04e3
0089
ff9f
feab
fec2
f9cf
010f
ffd7
02fb
0060
ff59
fc84
004a
02f4
fb6d
005a
00ef
fd21
fda6
00ec
fb77
0166
fc6b
0440
095a
fc8f
0223
fd18
042a
faf0
01ec
fc82
ff2c
fbe0
034a
fca7
0235
fea0
ff8b
0097
fcf4
00d7
061f
fce3
04b0
05fe
fcbc
fa2e
0135
fdcf
0779
0024
fccb
fb69
045c
fdb7
002d
03d3
fe10
ffd1
ffef
02bc
025d
ff1f
0041
fe83
fa17
0108
0792
fc77
fce8
fc84
02e6
01cb
ff5e
fc54
005f
f9be
0093
037c
faff
f9df
0651
fd8e
048b
ff62
ff5a
01c1
fc77
0088
fe79
fab8
015a
fef2
ff5f
fb29
065e
0382
03db
fec7
f915
07d0
ffc1
fd01
01ab
04ab
ffe8
051d
0455
fbb2
fd4e
03d5
f526
ff67
fa47
fe18
fece
fe91
fdca
fb9d
092b
0778
fb5a
0654
fe67
0084
ffbf
fd5c
03ef
0081
fe18
fac8
fc6d
f96f
000d
fb37
fef0
057b
04cc
ffdf
ffa7
0785
0215
feb0
fa4c
0193
0351
fd79
012a
fe8c
ff44
f60c
ff1d
03e1
fd79
0036
fcfa
0171
ff22
fc3e
0555
03b7
fd95
01fe
0226
0292
f939
0407
fdb9
fe92
0a8d
0135
fe74
f72e
058f
fa9f
fbfc
fead
05aa
0318
ff5e
013c
fd99
008f
004b
03e0
03de
01fa
fe8d
02f8
ffa2
fbac
fe63
0057
03a4
ff44
fb2a
003a
0074
00be
03ae
0413
fda0
fd89
fbd7
02cc
05cc
febd
ff09
05de
0206
01bf
fb3d
02b7
fc49
fb77
fe9d
fda8
ff1d
fa3c
03d6
0483
f836
03ea
fcc2
036e
ffba
001d
ff42
04d9
fb0b
026e
0468
02de
094c
fde2
03d4
ff93
04ef
fff8
fe73
0539
fe09
fa59
fdef
027a
0591
0072
0546
fa91
fe3a
fed8
ff8b
0056
02c3
fe39
008e
ffd2
fc4c
ff8c
ff6d
ff57
0021
004d
fe45
0517
fb52
fd1e
0b1f
fbd9
fa96
02f0
f7b1
ff0f
0895
f9d2
f812
fa01
0398
0480
fdf3
02bc
0590
0726
ff04
f6cb
fcb7
fe4b
fef7
ff40
047a
0519
ff50
0465
016e
0042
03a0
004a
083b
fa3f
fdf0
ff7e
01c2
0512
ffe7
fa50
035f
0305
f83c
fffc
f9a4
fd57
fc64
033d
0078
fadc
0385
fa44
0152
fcbe
fe8a
0204
0216
0559
ffac
013a
fe40
00ba
01c2
ff9b
f8c9
0153
0175
fd48
fadd
05e7
01f7
ff15
fb74
fcb6
0536
008d
fdcc
020a
fcbe
0601
0569
fe22
fd7c
f587
fa13
faa4
008a
feb2
fa9e
fee0
0205
021d
f867
ff7d
fa77
039b
0323
fc68
fcf0
fe28
f6fd
0158
fee9
03e1
fb9b
fd86
f9f9
fbfc
fb46
03fc
fd35
007f
fe7a
faec
ff54
0265
fb2b
033d
fc9a
fe11
021f
fd59
0026
febe
0084
f67a
f8ae
0277
0426
fc5c
ff06
012e
02c6
f7e4
fc75
feab
02d0
09fe
ff17
fa5f
019c
0549
006f
fc60
03d5
02a7
fbe5
0187
03fd
04ba
ffbc
fe91
04e9
fb29
01c1
fa85
0443
fef8
0513
01f7
fb1b
05b3
0634
0387
fcf4
fec7
0095
fd2f
06c5
0094
f530
015c
fe9b
ffb3
fe87
033a
047b
0122
fea5
ffd6
0014
fcca
0251
01d7
0629
0505
fd42
0348
fc32
02c9
fdef
fbe8
011f
f54d
f8ff
ff4a
0054
fe86
f9af
fcba
0191
0254
ffef
04a1
0197
fd03
fee1
fa63
ff91
0473
02be
059c
feca
0562
ff3a
05e3
ffea
02d4
05e7
ff3a
00e0
0528
ff78
fab7
0892
fe1f
00a3
04a0
fd91
fbf8
0104
f8d4
fed9
00fb
feec
f9d4
0660
006a
05b9
fef6
fc7b
0114
ff23
fb4a
05e1
fd83
f8a4
0550
fdfc
fd92
f8f0
06f7
fad8
003c
03a7
01b0
ffc3
f931
fcc3
00c0
fcda
00d0
02ba
03da
fb18
08c9
0312
fffe
045c
0976
fa3f
ff19
f67c
00c5
0176
ffd8
fd62
f7cd
017e
05d2
fda3
01c3
f9ba
01d4
fe6d
fcf3
fcf5
fe6d
0188
fac0
fe69
ffd6
fb9b
0730
fc96
fd52
fc16
0732
0236
fc41
046d
00ce
0107
fe9f
fd01
015a
fdd2
0744
faec
0625
ff8e
0132
0355
fd7b
0375
f52b
fd1f
fc4e
fafc
ff24
018b
02d0
00f7
fd56
017a
007f
03bf
031c
001f
fc69
fd63
fdcd
febd
0112
02dc
ffcc
0011
0093
fdf0
fc4c
f8fa
fd38
01e5
fd30
ff0c
01de
0215
fbaf
03fd
0482
fb7b
fcb4
04c4
ff6a
f71f
fa67
ff01
fb59
fe59
0021
05d9
fed7
044a
05b7
05bd
0124
f826
01d8
0432
ffad
06fa
0370
0246
0458
0155
f607
fe01
04ca
fcc5
ff1b
fbd2
0723
06ba
fc77
0097
fd47
0276
020a
033f
0154
0bbe
fbe3
f928
fe6d
f9ba
fa08
fbff
fc50
fc2e
0213
fdfa
ff48
0394
fcef
fef1
0177
f83c
f676
0162
01f8
0842
00a2
0347
ff38
0130
06ab
f781
01a8
088b
0121
069a
fd7c
ffdf
0022
f721
fb54
fb9d
034a
037d
014c
034c
ff58
04cf
0009
003b
fef0
02bd
fe51
03e8
fb79
fb9b
02c0
ffa5
fe2f
038f
fd92
ff33
0599
0628
064a
fedf
04ec
fc34
fc5f
f699
06b1
fc8b
ff7e
fc5c
02c8
fe7f
fac8
01c4
fa44
fca6
f793
fa4e
00b7
f824
fa13
fffe
fdd3
07f8
0756
fc87
023b
02ff
fd9c
fa05
fff3
ff4f
fe42
01c5
fcff
fb64
0070
018b
fb4b
03b6
f8eb
fdb0
fef8
fd75
fdbd
077c
fc99
09c4
01c0
005e
01e8
0a1f
fc07
fb85
fcfb
0021
f919
0017
06c6
009b
fed4
fd87
0398
fcb2
0763
07bc
0107
fff4
041f
0461
fcc7
fde5
fab6
01a3
02ab
fa9a
fe2e
fa9c
fc68
0234
fd11
fecc
f97e
00bf
ffd3
fd16
ff3e
00b9
fcbe
fa18
0739
fd78
ff9d
040b
0e1e
fb06
01cd
fd2b
fdd8
fd1f
fb7f
ffd6
fa1a
03ca
0038
01b1
fe23
fe88
0126
fb58
fe91
fc90
fc70
f790
055b
fd41
04a7
0446
fadb
fba5
0a3e
0701
ffe0
0108
fd7a
01bb
fd22
f7df
fab7
0016
fb7a
ffbb
fbb4
fcdf
036a
00fd
fff6
0384
01ec
05c9
fe29
fe48
facc
fe49
03dc
0533
03d7
f8d3
0455
f8a5
0398
fe87
02cf
faac
04af
fa24
fd54
fc02
f8fc
0061
0739
0aab
0063
0477
00ee
01ff
fea2
00c8
0226
fdb0
ffb1
ffc4
034e
fbbc
ffcb
07a6
04a8
0566
0019
0149
0402
063e
f832
fabd
053d
fee4
fd50
fafc
fdc8
fa64
085d
ffe9
ffc5
025a
03d9
03c9
044b
fd7a
fecf
0313
fde4
fffb
0198
0324
f8e4
02dc
ff11
02d4
031c
066f
056a
0563
05c6
012a
0021
037e
02ee
fec4
019f
ffdc
fc96
0529
0039
0832
f97f
fdc6
0021
048d
0199
013e
fb7e
fb5f
014a
fa8b
fddf
0201
fc12
066c
04e5
f9b7
fc45
f6db
fcdf
0311
fe58
01d8
f9e9
0331
fdc8
000c
ffa1
faea
fb63
03df
0199
0433
014c
0092
f919
feeb
ffe4
07d0
02bf
0625
0264
fd28
0078
00f2
fc3e
fe76
ff2d
066c
f7ad
04d3
fc41
fa83
04b8
02ed
0505
0334
083d
023c
ff60
015f
04f9
fce2
fd64
fec4
f795
008d
f875
0036
0376
fe18
06b5
fa28
04c4
02b3
f923
0ad8
ffbf
fc7d
fa5f
ff1f
ff7e
0069
fecf
0288
fe73
f843
ff67
f688
016a
fc15
00a7
0542
fc34
043f
fe44
0703
fe8a
fca3
02c0
fe42
fca2
fe17
ffd2
055e
f843
0018
0280
00c6
053d
ffb4
ff43
025f
0066
fe70
0211
fd64
fd8e
fde3
056a
f31e
0195
0023
f947
013d
01e7
025c
f565
0577
fd0d
02bf
02f7
fc7e
02a4
fe75
f7b7
04ac
fce6
fc95
fe63
0117
ffc5
0231
faa4
fd08
ff89
0797
ff8b
0457
0027
fe11
ff03
ff54
026a
0580
0170
04c0
fc24
fe57
fd1a
0142
fe90
02eb
fc47
002c
02bf
f7bd
087d
fede
f7e6
00a2
0022
ffac
03f7
02fd
0131
01cd
ff95
071a
fa15
008f
0043
0341
fca0
f906
00a1
0120
05f5
faeb
049e
0978
fe7d
fad6
fe5f
000e
0241
fda2
0639
fb8b
f90b
046d
f6e7
ff2f
0c79
fff4
fb84
ffc5
ffcc
00a5
02a6
fbd8
06c0
00fb
02e8
fd7d
0525
fef9
011c
fc44
fc03
02c1
fe3a
fc96
fd6d
02cc
fd7c
ff88
000f
f855
fa1e
0158
fd0d
043a
03de
02e0
0747
ffab
0298
fdaa
09cf
07ef
000c
018c
0570
ff69
fd60
037f
0050
00bb
fcaa
f921
00f2
039f
ff19
05bf
fd2f
fbc8
ffbb
ffab
0314
fce6
0579
07de
ffd8
0500
fbc6
044d
0430
0374
fff0
f42f
fd6f
fd7f
fc16
007d
fe53
fcb4
fbc4
fd23
047c
fd5b
fdf1
fe2c
015b
01d3
f3d2
0416
05bf
fbcd
fc1c
fe33
fcfa
00e5
f837
fb87
0628
fc4a
04f9
016c
f8c3
028b
ff88
fe2e
00fb
01e6
02d5
04b7
01a2
fa7f
fe1b
0bc6
02e6
097a
0595
00f8
0135
ffdb
f90c
0012
04d8
fd9a
01a6
0368
fc5c
fe32
fbee
fcb6
fad9
fc66
05ae
fc57
0081
fdfd
04b7
053f
0375
0139
ff13
fb3c
07c6
fcf6
02a8
043d
fdc7
0427
030f
06e9
fe1f
fadb
fdfa
00d6
003c
fe6d
f85d
01e2
07e4
01db
0270
024a
0197
03ba
0195
fec0
fcd1
ff01
0142
febc
0142
01c2
0355
0522
0050
fac5
fe9f
002d
f8a8
058e
0092
0187
0576
fd7b
024c
ff8f
ff43
fce9
06aa
fe7f
02cc
f880
04b8
0435
0064
ff18
019a
0928
f8f2
0321
fc5b
ffec
ff02
fe49
fff5
fb77
041e
f8d3
0229
feb2
fb51
00cf
f9c6
0029
fa4f
01d8
fc4d
fe32
012d
fce9
ffc5
f9f2
0286
070f
0b2b
005d
0327
f8e1
0603
031b
fe10
04f3
fefb
fe2b
01e7
fbbf
0416
fbc7
fbcd
fc5c
030a
fd88
fa9c
fd94
ffdf
fb47
fb65
0872
fc8f
feb5
fe88
fe51
027c
03cb
fec7
fb0e
0519
ff9e
06ec
f705
00c8
07ad
fe96
ff19
012f
fdc4
fec0
fea6
fd7e
04ea
01d8
0101
033c
fef1
fce7
fd97
0002
fbc3
fe00
fdef
0880
f4e8
ff48
06e7
007d
0303
0066
fd55
f708
00d2
fce6
fccc
fe01
06fb
099f
00de
fe24
fb4b
01e0
0722
ff03
f67c
02ae
03f1
f9a8
00b5
01ce
ffb5
fcd6
0410
fe63
fa0f
f7cd
050b
0277
005a
fe3d
fde2
fbb2
fe46
f785
fd0e
fec2
0271
ffd7
032e
0566
043c
01e2
000c
fc14
02f6
06b8
015e
07ab
f9e6
fb62
036c
010f
0541
fff0
fc87
ff25
f9df
fb7c
03e4
037e
0174
f91e
fe91
fb1a
04b5
fdaa
fba8
001f
fd70
05ef
fd10
fa67
f763
ffe0
fdc1
fa49
04c2
02ab
ffe3
0575
02a6
fcb5
fbd8
0346
0196
00ae
fc9d
026f
fcfa
ff98
05ca
fd5b
f9b5
fbca
03fa
0105
ff7c
fdf7
01f1
fc9b
0139
fd13
fc69
fd73
fe80
ffce
00f1
f13f
fcc5
fe6f
0605
fbae
00a7
05fb
fac0
0193
fcca
fdfb
fcca
fd13
0ae3
0361
0468
01f8
f993
0194
044b
fc96
03dc
02d1
0768
fe54
fb9c
fe8e
05be
f8b0
f7ba
005c
fe3b
0008
03c8
fdca
f882
082e
fc03
fbc4
046a
fe76
ffbf
01ee
0456
feab
0614
f775
030a
fca4
057d
0091
fd4f
02a7
0393
0291
fbe2
fe10
fffc
ffd6
0300
f7f1
0156
fed7
fca5
fd08
ff24
f198
fd32
fc7f
0222
fcc7
ff24
062b
03fa
039c
fe00
022c
ff10
ff37
01a4
fd9d
05f9
ff5c
0279
05d3
0420
fa5d
01c8
0367
0391
fb8c
fd5f
03fa
fcf4
fecd
064e
ffcf
fd18
fc7d
0155
faab
ff03
0155
0532
02ac
fd25
04b7
fecd
fb0f
ff50
05c1
00a9
000d
068d
fa46
fadc
f989
017e
00aa
062c
00f9
fe62
0002
0079
f950
0ad7
0214
00d7
0276
02d6
ff70
fd7a
0266
018b
fcc3
05ad
012c
02eb
0591
0016
0145
033d
fd1a
0037
0081
fc2d
0945
fa5f
facf
0542
02da
fbe5
026e
05df
ffe1
0a65
f91b
02c6
04ab
0391
ff2f
fed7
01c7
0343
0269
0429
fbed
ff17
fc3d
fe75
0410
006f
0a6d
00c6
003d
006d
fd73
ffc5
0483
0075
fcd3
fc4d
fe33
004c
04c6
faa3
feb8
0094
f8aa
fcaa
fd48
fcd1
00c4
ff5c
fdc7
01b6
06e4
068f
f84f
024f
ff4a
009f
fe68
0078
009b
fdaf
fc6a
fe35
00f0
0265
036a
fe06
0123
03da
04aa
ffc4
ff1e
00c4
fb67
ff3a
02fa
0291
feeb
00df
fcb4
02d0
ffb0
fee5
fe8e
ffc0
fe35
02a2
fe6b
065f
05dc
fc6f
0047
fd66
feb2
0802
fec5
0171
022a
fbff
fc94
fb2d
fc75
f49a
022e
0837
0097
fa56
fd6e
fe2a
fbee
0371
033e
fb61
02e6
061b
079c
0b76
fc64
0b4c
fe95
fda1
014f
fdac
0199
fab8
ff0c
0524
ffc6
0091
01e7
04af
f961
0257
feed
00ab
043d
fb39
fbf3
f842
fdce
0552
ff85
faa4
fe0f
fa0c
fb80
018e
fb4e
0473
ffb7
0058
fee3
0317
0322
0157
0242
ff27
022b
fea6
0002
fee7
fe2c
fd3e
01df
053e
04af
faf9
0528
feba
0267
fc60
0091
0141
fa10
026f
0562
ff4d
0571
ff3e
0366
f720
09ad
05fb
fedd
f81d
0127
fa39
01c8
01a5
fc3c
047c
0339
03e7
0009
fa57
03e9
feeb
fa71
0568
0866
ffd6
08a3
005e
fe7a
fd7a
068c
fce1
02f1
fdc3
fe29
041f
fe7b
fe61
0488
0664
0294
fd62
fdf5
0052
0149
fc0c
02e4
0058
f923
fc49
fdfc
ffb5
078f
00f4
fca3
00e2
fe97
014d
0253
04d6
ffe7
068e
03a2
fd2c
08d7
014f
fca9
069d
0850
ffde
fdfc
ff4f
02dc
051d
0248
0068
05fe
fec0
0420
fed9
01b9
ff8c
ffc7
fe7e
0561
fd11
fd0a
087c
03e9
f676
fdbd
f8c1
fc32
f372
ff74
fb6f
003d
f980
0055
fe57
0602
05a5
0324
feb2
07f1
f9ca
fa63
ffaa
0904
ff31
ff44
fa3b
03c9
03d0
0328
fd7c
fd2c
fad4
0056
fbae
fb4a
fe4e
fe0b
fdd9
01de
0051
fed9
00bb
fc09
006c
009a
f9fd
03fc
fc79
005c
04a8
03b4
0023
fe8d
03ca
02b3
fd87
fcd2
f7b6
009e
ffab
048b
0170
0556
fd36
048d
fde2
031c
fa2a
00f1
f810
feee
01c3
fdeb
fbcc
0362
ff96
fe0b
002b
0a8c
049d
04a6
01be
00aa
f66a
fd49
fe14
f880
fb5f
f814
ffd9
0346
046d
01a9
fc25
f846
f8f9
faed
fc72
ff5c
fbf1
015b
ff12
000b
0490
fb47
01ad
fff2
feab
038b
0384
fc37
ff45
0120
fee8
0257
0120
0755
f9e1
ff83
fc5e
026b
f988
0163
fd7b
fd10
fa37
fe24
0457
ffe6
0283
06a9
010e
fdc4
01de
fdd3
fdfb
f9ec
03b4
fe75
00ba
fbdb
01be
fcf4
ff6f
0383
032a
ffe9
f8ed
0bf9
06fc
02e4
fcfd
ff8c
fdd4
050e
010d
fcdd
fe1e
047c
0667
061d
0307
fefd
f309
0130
fffe
008f
0037
fab2
023b
0287
02bb
03c9
026b
fe5c
ffb7
005d
006e
03fe
0293
084f
08d3
0052
f0a7
04f3
fdd7
fccb
fe68
fe37
0273
f9c3
fbb0
015f
027e
0291
fcda
fc16
fdf9
00f6
05f1
f7cf
ff1e
faab
f964
03de
022e
01cc
03af
fe15
fe45
08be
ff04
02f1
0007
f89b
f7d2
fdaf
0439
0327
03a8
fc0d
0677
fc24
00da
fff5
ff4e
055b
fd2e
fa9a
0014
fe67
0d82
02b5
fe5d
fbc7
f87b
fbe6
0076
05b6
047d
00eb
feb5
0113
fded
06e0
ff3e
ffa8
f723
ff38
0359
fbbb
fcff
032c
fa18
043b
fddf
fe72
fb81
0183
09d7
0320
fc8b
048b
febc
057f
033a
f43a
fbfc
03c7
009b
fbe8
fd77
f860
ffa6
08d8
0338
08c3
0388
041c
07e5
0182
ff40
0421
05d1
fe15
fd1d
008e
0353
0331
fa4e
07a5
fd6f
fef1
fc64
0acb
00f8
fc99
0375
0314
ff40
035d
fcb3
fe07
f7f6
fab4
073b
0691
0043
06a7
ff5c
ff07
003a
ff80
ff24
0493
009a
02da
0420
018e
fc1e
fa97
0098
ff51
0059
fff0
0a56
faae
f80a
0154
fe7f
0144
0256
0523
f9f9
fdc6
01b7
0315
08c6
03d3
ffc6
fc70
fdbe
fda1
029f
0107
fab5
fe42
0383
0168
0246
0188
0681
00f2
fe75
fc56
0100
f63d
ff43
ff2d
fa8b
fc49
033d
00ec
0068
013a
005f
04f9
007e
fa2b
0685
017b
fda5
fafd
0195
ff88
064c
fe9e
fca7
0395
03b3
00ad
02b5
ffd9
00ef
04a9
0280
ff53
0569
f68a
0835
f92d
fd7e
ffd6
ff6a
0407
fbc5
010b
fdb0
012e
ffbe
005f
fdcd
fdf6
0126
03c6
fd9b
fc86
0274
ffdf
0352
fc60
f8e2
fdde
fcef
ffaf
fd74
02f7
fed9
009a
00a1
00c8
ffe7
020b
fcd1
0599
ff0e
fac1
00c1
fc98
02a9
08d7
fcdb
0154
f8fa
01d1
fc75
fd80
fb98
02ee
0407
0018
fc8b
065c
fd00
f75a
01d5
fb95
03f4
fe7a
026a
059b
fb2a
fdbc
ffb3
0626
fd5e
fd9f
01ea
fdb1
009c
f9cb
08db
fa9c
feb7
ffdf
07a7
fab3
07ef
0307
01ab
fc10
0249
fd1b
0511
fc1e
ff8c
fdc7
fc0d
02f7
0224
04d6
f8e1
0442
0a06
fe32
0795
fef3
fa83
fec7
0431
fca6
fd99
0260
0003
0257
00f4
01eb
fe45
00ed
fc4a
0527
fd77
0484
ff11
00cf
fe05
fbf0
f905
fbc7
feb4
00d9
040b
fe38
fc79
fa3b
01ec
0588
0511
02d7
028e
06ca
0154
0296
feb8
fa8d
fd44
fff7
003e
07b5
0053
04b7
fe42
fec1
faaf
fd08
021c
0008
03c6
00ba
fe97
0898
ffa0
04a7
fe65
02d7
03b6
00d5
f695
0013
04ec
021c
01c9
f91c
fd1e
01a5
01a4
04dc
ff6c
01a0
0011
fc0d
f6fa
01b9
00b2
fd87
f986
0285
fef0
023a
0775
f76f
fd34
ff2a
05d2
f974
07be
008b
ff9e
ff35
fe41
0431
fbba
0162
fe77
fcf4
0a58
01ad
0274
048d
fa51
0702
f5f7
fced
fe2a
0254
00e0
ff55
fff4
fc17
fa03
02e8
02c6
0657
fcd7
02c5
fedd
04c3
0416
00d8
fea4
03d8
0296
fd43
fab0
fed9
0610
0496
fb8d
fb54
0519
fb75
020a
fd89
0678
fceb
0493
00bd
0102
f81e
f730
ff1e
00fd
fb80
fba5
023f
0240
ff73
031f
fb4e
fe94
0697
0046
0081
0939
fa67
0330
06a8
feb3
0370
fc12
fd41
018a
0332
047c
0647
ffbb
04c6
fea1
039c
00d4
01c8
01b2
f995
fb81
0069
f940
0353
037c
014f
fb84
0585
0826
0097
020b
00cf
021f
ff86
ffdd
039f
0962
fa66
ff96
fb47
065e
fda6
fa3a
028e
06fa
02a8
00d2
01a3
05a9
fc81
ff8d
fe30
fb54
feb0
046e
0244
0294
0096
0218
fccc
fec3
00c5
011c
0148
ff72
fe7e
0ca2
03a1
01a7
ff11
fe32
ff7a
012c
f87a
f9b9
fd74
00d4
ff0b
05ea
fa12
fcff
0615
0086
038a
0834
fd3a
ff9a
fee9
f82e
fec2
0386
022a
027a
fe7f
fd60
0514
fe03
012d
00a7
05d9
03e3
fad2
fb40
0251
ffbe
fe2e
0410
00c0
0036
031f
fe80
0646
fcd9
02a1
05bc
fa7e
fea0
0492
04a1
ff50
fd10
03d3
04bc
fb57
fb2f
00e7
0284
fece
02b8
fd29
f78b
fe4e
0041
fee6
fb5e
f8bd
fdf2
0397
0506
04c0
fcbd
fb63
01fd
028a
019a
f7f2
fc88
ffe2
01f3
0312
0094
0153
0057
02be
0140
0043
feed
0053
01f0
0112
0186
055f
0110
fd67
0389
fa89
fbad
0158
0211
fb05
fe78
fd93
fe0e
03c6
02d3
ffec
fdd1
fa9a
05ae
025e
fd2c
02e1
ffb8
feda
01be
fd09
fea0
007c
fe01
02ad
077a
fcfc
f957
f7fe
ff66
fd59
00d5
0088
f996
f8be
012f
008b
fe4c
f95f
01e3
0516
011d
fc9c
002e
fa89
043b
0054
f8ed
fecc
01da
feab
fee5
fb1a
0244
fd68
f760
fe84
03ed
fe74
06f4
01b7
015b
ff7d
ffba
fef2
feca
0220
fc42
fbb2
fb82
082f
021f
0138
fbc5
027e
ff89
00db
fc18
00a4
fe4e
fcf0
02f0
f9d9
0242
02bd
fc7b
fcb8
ff1c
0121
ff63
01bc
070d
fdf8
f924
034e
06bc
0192
fba6
ff81
fb87
0292
fa98
fecd
fbfc
0082
fe89
00b5
0017
fc0e
0282
ffce
fc0c
08f7
01e8
ff63
05a9
075e
ff6b
0164
fc0c
ff69
ff34
00bd
0155
023d
00f3
fb28
fc3f
fdd0
fedf
0434
fb59
fe92
03d0
fecd
01d7
ff71
0107
ff16
02ab
f9d2
fe8c
0130
0223
05f9
fe70
05eb
fd5d
0551
0345
fc59
013a
ffcc
0281
ff1b
fec5
057a
ff9b
034e
ff19
06ab
fd49
fd8b
0619
fe38
0667
0391
ff62
f8bf
ffec
0068
04ab
065b
fd43
0334
0310
044b
01ff
f83b
ff61
fb61
ff31
03ec
0138
0498
015e
facf
f5eb
0098
ff25
fc18
f933
fd10
ff39
02aa
00c1
066f
fbdc
0386
0030
02c7
fe41
0449
012e
fd48
fff4
ff0b
01f5
fb48
ffe2
0195
0022
0563
0319
fff8
00de
012f
019d
f8b3
fecb
fa10
051d
ffc2
ff3a
0396
01b0
fb7c
ffb7
fea9
f906
fd3d
ff44
ff8a
fa12
049b
ff97
0026
019a
fcd9
01d3
fe88
fc6a
024b
05f7
02e6
03b1
fdeb
f99c
05f6
0838
062c
fea8
fb62
fbbd
f944
ff92
066c
ff6f
0136
0581
fe62
0824
07f8
ff7a
fdb1
02ca
fe9c
fb60
0520
04de
009f
faf3
fb15
006e
fe00
fea3
0416
02ef
0583
fc0a
fea1
0309
01cb
0621
01af
0764
0229
0440
feb5
000f
03a5
0674
02eb
ffab
0582
f73b
fa50
02ba
000e
026c
0042
0249
fcbe
0248
03fa
04e2
080e
00fa
0118
f9e8
fde0
ff3a
0434
fd8e
032f
fffe
ff4b
00ff
fe6f
fe49
f92e
ff02
fe15
fdf0
01ab
02a2
00ee
03fb
024d
fed2
fe26
0140
024c
0597
04c4
fdd6
ff98
02af
0446
03c2
ffbf
fafc
fc01
0117
015e
fb9b
002e
0286
fb65
046c
fe7d
0508
fdde
fbe5
fe2b
ff9f
fe72
ff23
0156
ff51
ffbc
f92a
0191
ffa5
0671
fc3e
f8c4
0279
0163
fbf7
f9e2
0626
05a8
f60d
fe2b
06a8
fe19
fe0a
fede
fb84
f92e
0436
f8a1
00fd
038c
fa32
fc4e
04da
0222
fd88
04cf
04d3
0114
fc66
fe59
0125
ff3f
03c1
f9e2
fa06
00b9
fe09
fd7e
f8ee
0014
ffca
029d
0047
ff78
04b5
fac0
0225
f951
fca6
fb26
0321
ffbd
fff2
fb93
fecd
fcf2
0189
fc09
0552
f94c
fcc6
06b5
fe42
fabe
00e0
fe19
fca8
fb9e
0b13
fefe
f84c
05fa
0272
fcef
fc44
02b2
ff03
f84c
0726
fe44
05fb
051d
fbff
0422
fd65
f888
fe4d
0197
fe26
fec6
0493
006d
fca0
02cf
00ca
f5ea
01b7
0191
0015
0391
fd4f
0159
f9bb
01a1
07d0
fc05
fcf6
fd29
0085
fbbf
01af
0363
0223
f8ed
03fb
03c0
0352
017e
00e1
0421
07b2
fc30
0450
ffa8
ff7b
f9db
fedc
fc03
fe25
fb9b
fe34
fe60
0063
f98a
fa38
0173
fccf
044c
00e7
026d
05a5
fec3
fdb4
037d
020a
ff40
0591
ff27
0022
0016
fc43
004f
0596
01c8
0020
ff5a
0153
0300
0270
feac
014d
01eb
fbf9
00ac
f75b
01ee
02a4
02fd
fe6b
013c
05b2
05a8
ffe2
008f
0472
f9ff
feb5
0558
03e7
017a
f9fa
ffcd
fda4
0153
fcc3
fbe6
f7be
04e3
fe67
00a1
fffe
fbbb
faf7
fbfb
fd1b
0177
fcd1
06fc
041c
033c
ff85
060f
ff21
ffe0
00ae
02cf
028c
fe19
fdde
028f
02dc
fe6d
f9a7
ff2c
027e
0739
fb35
fe4b
fe71
056c
ffdc
fc5f
023c
fe62
fb1a
fc6e
06f0
0189
006e
ff00
012b
011f
012b
0076
037a
0018
fc17
fd8d
f815
081b
0373
fcae
fedf
fd74
062c
fa52
0075
ff91
034f
ff95
f8f8
feff
fc1d
0051
05bd
f90b
fccd
fdca
fe79
02f6
ff4e
01aa
fd7f
00eb
031c
fd12
0320
0036
042f
ff32
0186
ffd6
ff9d
0109
0226
fb00
05bc
f890
fd43
ff9f
01a6
064e
f891
fdf8
f77e
0020
0116
065d
007c
042d
0256
fe42
fa5d
011a
fa08
052e
ff5a
04c8
fe14
0113
00d6
ffd2
fe45
0192
fc4c
fb2a
04f9
02e9
0043
06a9
feee
054a
00b4
fbe7
0764
03f6
ff84
02e9
fe63
0351
f670
fbec
03eb
ff00
00d5
fa9d
0764
04c3
ff32
fe62
041e
07ee
03d1
08b0
fc50
fcb9
fb3f
01c4
00b4
ff64
033d
04ee
f9e6
fd9d
0348
fe21
fccf
0413
fad8
fecb
0151
fdb4
0322
fdb9
05a2
ff7f
02af
02fc
fd7d
f7c9
0171
004a
0239
ff18
fe47
0809
fa1c
02f0
fdb4
fea8
febb
fcc9
0249
0590
01e1
006a
fc0e
0211
08a0
fe7a
fe7f
fdc1
fe0b
f505
019f
fc9e
f98f
0303
fbac
fea5
05de
fa5d
f9df
0114
0499
f9b4
01a1
0253
f7c3
0332
0382
fec1
0502
048c
006a
fe32
fc1c
ffda
0247
feb4
f736
0513
00c3
fe7b
036e
0619
f4cb
01bd
fa4b
01ff
0083
028b
fe01
f882
fe33
01a1
0410
fb50
041c
fd69
0173
fdf6
00bb
0391
fb18
fd48
00bd
099b
fc8c
0829
0805
ff9c
fecf
fd3b
ffba
fa60
ffb2
05fd
fd8e
ff09
f932
017f
010f
0041
ff22
fed4
0202
ffe2
0143
00dc
047e
02b5
00c5
0613
01ae
0538
026e
f8a2
0538
008a
ffcb
0120
fe9f
00e8
fda2
0519
ff8c
fe78
fc4d
0113
00c0
018e
fbe4
f998
0281
05f0
fbe5
065c
0123
fff9
fe69
fa76
03f3
fce6
fce1
03f8
f878
f9e8
ffed
012c
01f0
fecb
0a1f
ff17
ff14
fcd0
007f
0276
04d0
fa0b
ff04
01c9
0259
0007
022b
fcc4
063b
03f8
fa9f
fbb3
fbd0
02b6
fadc
fead
01d2
ffbc
0109
fbbd
0261
fd8c
feb4
00f3
006a
0019
fcff
fecd
0002
fa80
fe26
018d
fae4
04a0
0514
fb05
056e
ff6d
01ad
fe03
03b1
01a0
fcbe
fb57
fa29
00c0
024a
029b
ff87
fb5f
fd46
049c
fe10
0093
fbb3
0159
fe2b
0430
0318
fe04
ff7e
fdcc
fa53
fc92
00cb
014d
0098
fecb
03bb
0041
02d0
f8e8
f04f
0123
fa4d
ff26
fecb
0659
019a
00aa
0359
0179
fe2b
0449
fb90
014b
f9cf
00d1
00c6
06b5
f9bd
fd99
034a
0157
00b9
fc2d
fda3
04fb
ffcb
0180
ff8a
fb45
03bc
0203
0939
fbf0
034a
fac1
00a1
03e8
f7b6
ff2e
fdbf
fd31
018a
047c
ff78
00d2
0075
0002
fba5
046f
012e
0194
fcc6
fe2a
ff4c
f9dd
f93f
fd99
0217
fd63
fbed
fcbe
fe2e
fe96
08a9
0438
0419
04ad
fc01
fb1c
fb93
0557
fdd0
faff
fe47
ff0c
0113
0101
fcb0
02be
fd71
ff60
02bf
fd6f
fdb9
025e
fc92
fe76
0239
0837
026c
01e4
0220
fbb5
0076
ffe2
0149
0077
0185
fec1
003c
fb17
feb8
0590
0146
ffeb
0796
fa8f
fb90
06da
002f
ff08
fb34
01ca
022e
fb9f
ff70
fea8
0106
fb86
0502
03aa
fe8c
ff22
ff74
fce3
fe3a
feeb
0674
03c9
03bd
017b
fb88
ffd6
03e2
faf8
028c
094a
043f
05a8
00e0
03df
fd21
032f
029e
0129
0544
fdd8
ff40
0062
fbe2
00e8
f920
0430
0030
fdeb
fcaa
ff10
02c1
0231
fd2e
fc9e
02a1
fd1c
003d
007f
0140
036f
faf3
f85b
fdbb
0735
0817
0753
ff3a
f8df
f6a1
fd8b
ff35
0534
0379
00e9
fc71
fc28
0104
02ca
0191
fbdd
029a
01b4
fbb8
fcdd
02c1
ff10
065b
0201
fe0e
fff6
0041
fd16
fc5a
02ce
0362
026a
0610
fdd5
06b2
fc65
fbf3
f8f6
fe38
fdfc
021b
00fa
fb3a
fe6e
fe84
f8e5
fc14
fceb
05bc
00c4
02a6
fa01
04c7
0534
f802
fd2e
01fc
0294
fd49
fec7
fd9c
0071
04ca
fcea
0401
fce0
fc9c
0346
03b0
0368
fabd
fe23
034b
002b
fbb5
01d5
fd24
072e
062e
026b
0572
0042
0310
05e9
00fb
fefb
f92e
ffab
034b
03c8
0204
fdd6
f818
fe05
fec8
fec0
0279
07f1
007e
ff22
fef7
007f
fcb0
007b
01ce
00d7
01d5
01bc
f8ea
028c
fd51
fb9e
fb95
01bc
ff1c
f946
01ea
fa3e
008f
00f4
038b
0720
fa8b
ffca
fee5
01bc
00dd
fe97
fe3d
fb89
03f4
01d6
03ac
fec2
fd5f
fbb0
0170
fbd7
0765
fac5
0118
0644
0265
00b4
fc20
fa79
0315
0606
fe3f
fb72
f62b
fc14
ff8c
0666
02b1
0138
fe66
fdab
059f
00ce
f797
fd4e
fc91
fdd1
0240
ff92
ffb1
0541
fd37
0775
fd51
005b
fee0
007e
01c7
01bc
fcfd
fb82
0a03
fe10
02cc
f992
fee2
ff7e
01e4
f51c
00aa
fb67
014c
fbdb
fc94
fee8
fbca
fe19
fb3a
f8ab
0412
fad1
ff49
0303
fd8a
fcb3
00e8
0479
fb53
ff66
f912
fe6d
0023
fc95
fe2c
fa5e
004f
0439
fb9d
fd82
0203
04d9
fa07
ff53
0122
ff97
f618
0201
0614
0077
fbe0
fdf3
0714
03a4
028f
016d
fd5b
ff33
ffb0
0233
0609
0479
fa53
00e5
02f2
027a
fd7c
0ba8
fae4
fbab
00ef
0878
fca8
fef0
044f
ffee
fea9
0243
0117
041f
052a
013a
012b
00db
01f5
0038
ffff
04c9
0611
f9f8
000a
fd3f
fec2
019c
02ae
ff8d
f859
fc24
0396
f50a
04c0
0216
0544
ff35
f7c1
01b9
0519
03b3
fd59
0059
fdde
fcb9
03d2
fb36
fc6d
fb95
fa0a
0096
04a5
ff43
f9fa
035c
06be
fd6a
fe16
0210
067d
fdec
faac
0287
0332
0006
fdc4
03fa
021d
fced
0032
fa98
02be
fef3
fe42
ffde
0029
0394
025d
ff60
030e
019a
fe4b
ff80
ff68
0205
fe88
fe70
07e0
03c2
fcf5
0249
0079
0191
008d
04c2
0162
ffc0
042b
00ef
007c
0142
ffa0
0009
fda7
fcff
fc01
fa6f
fc7b
ff4e
006a
feea
f694
064c
0459
01c8
07a1
fc17
078d
fc24
00f4
fae8
000f
018b
ff62
02db
0065
fde9
fdbc
033e
fd63
03a9
04e4
f953
0488
083e
0102
0265
0426
fee6
00bb
fabe
008e
01fe
0211
0443
fce7
fddf
0795
ff66
00cd
ffbb
fcb7
067e
fde4
fb7e
fe32
f7fe
fd65
fc21
0278
fd4e
038d
0598
0320
ff23
0091
f9e6
ff77
fc8f
02c7
0a4a
0200
f809
fe8e
007d
0059
fd14
00fb
fb08
fc38
0295
fbf0
0227
fa86
070f
fce7
ff1b
0153
fdbd
0093
024d
03d8
032a
ff50
ff6a
0965
03cd
fc50
0066
fea9
ff75
fb15
fe5a
073f
0251
f609
04de
045c
fe90
02de
fc90
fe1e
05ff
feea
f885
ffbf
ffb0
04cb
000f
fe50
042e
007c
fd00
049f
00c6
0003
00b6
fbb8
fde4
0004
ff39
0517
00df
036b
000a
043a
0197
000e
fff2
fc2f
0207
ffd7
fdfe
046d
fb00
fe4f
041c
0143
ffcf
0101
00b8
f9ef
fe9a
0677
fd5d
feba
fdd5
ffa7
fdab
01f2
00ca
0318
fbcc
fea3
ff19
01d3
fcd4
03aa
04bf
fc0b
fe09
fddf
0a88
fe48
06b6
faef
fc0b
fd41
fc9e
feee
fd2a
fcb9
04a2
04e5
03cc
0219
005f
fe03
fc30
0174
fb4e
fc06
049d
079a
0193
046d
ff04
faa6
0273
0247
0049
ff08
03d9
fc0f
fce8
fbf8
0057
fba6
fd43
fd2d
fef5
fa0d
0059
04fd
008b
062a
0556
031c
004c
0017
030e
fe6f
f878
01f8
fb7a
fc27
0000
ff9f
fa5a
00a9
03dd
fb7d
0517
f9c2
0878
fe5b
0095
f86f
ffc0
00ea
ffa8
fdbf
fc37
0486
0020
062a
fde5
fe43
0343
f982
fb25
0464
fb50
f8b9
0779
fa6d
00bd
0047
f4c2
feee
01cb
016b
039d
fe73
02da
fd3e
fa5c
facf
fa27
040a
f9f1
0119
fef0
ff97
0574
fe3f
0272
0026
ff64
0933
fa3c
0528
02a0
fe15
0684
f89c
fdea
fb2b
01a6
fb8c
01bb
ff41
fe15
018e
feed
fba5
0b35
fe0d
f721
fca2
faee
034e
0149
0198
fe85
fee2
fe84
ffad
0357
0158
0200
0200
038a
0127
016f
04c1
fd57
fc94
fb42
00bb
f896
01d9
ff90
048a
fd50
ff30
047d
0588
fd48
00ba
012d
017f
fef3
0520
f871
fe51
01cb
01d4
0569
04cb
fedc
0533
fd25
03b9
073e
04dc
006c
feac
f9e3
013e
fb8a
fcd4
fb3d
fe29
ffe3
0118
fd99
0447
ff2b
fcd9
00e8
07db
0157
fe8c
f9e4
ff1f
00f1
fe73
f957
fc99
05d1
05bc
fc74
02b1
fb49
059e
00fb
03cc
f924
02b6
fff8
0368
03a9
0043
fd99
031e
ffc2
fc82
fc52
fa17
fdf5
0469
00b6
fde2
0338
fcac
0062
ff48
031e
f9b1
fc99
f972
fef6
04d9
fdfa
fdf5
037d
0446
ffa5
02bd
fbb1
0583
0898
0216
f7aa
fdc4
0274
fe50
0517
025a
fd2d
0021
fc6d
ff45
fdc8
04b3
0877
fa46
f84f
ff05
f9ed
002f
02ff
05fa
00ce
ff3a
f816
001b
0049
028e
fd2b
fe43
fa17
f6d6
fb91
f9b8
0159
fded
fdd9
fc10
f312
0609
fc00
fe5a
fa2e
03e3
0093
fcb2
fe6e
06b6
ffb5
ff46
fc3c
f86c
ff5c
014d
0466
f702
fb80
fdad
fffc
ff6b
ff83
01a2
fc63
03bd
01bc
feb8
0667
063a
03bb
f3ed
0651
032e
0807
04f3
0650
0384
0565
07fa
00de
f9b6
fec5
018f
004d
fb04
f97a
fd09
033b
0652
03ab
043b
ffad
f908
fe2e
fef7
fe03
0038
01c4
0369
fee3
f863
fe12
002d
04e4
fdbb
020d
0129
002d
03b9
fd5b
fdb3
fff4
fd70
0208
fd26
00e8
ff99
00dc
fe29
fea5
0062
00cf
fffc
06d2
fc09
ffbe
f9b5
017d
fb8a
fee3
fe83
0120
fdca
fd9e
05be
0123
fdc1
feff
0695
ff0f
fd3e
fd43
fdce
fd9f
fae2
fb81
fcaf
025e
fe7a
ff2c
0515
052e
fedf
fd7a
fc8b
02c5
ff2e
fe74
fcbf
fcec
0148
fabd
03fb
fddd
ff67
faa7
fff3
feb0
ffcd
05e3
00b6
fcd2
fd28
0261
0532
0121
02c1
0270
05ad
f834
02ab
03ef
faa5
fc75
fc99
fd16
fe13
00f8
0376
0453
fca6
fc9f
0543
0296
0055
01e5
ffe1
0219
fea8
0113
f9f5
fd40
fd4b
fe81
fc4b
fdde
f9f1
0232
ffac
f92e
fca9
0159
fdd4
fd36
ffb4
0160
fa41
0233
fccc
ffee
ffdc
fde4
fbe8
fedb
0680
fa8e
06c5
fef6
0024
fba7
fcea
fdfd
fbd1
ff2a
fe5f
0767
fb56
0069
00fe
fbb8
02bf
fe68
f608
02a4
fb88
fbcf
02c0
fe9d
03ac
04d7
fd6c
032c
fcfa
08ef
fd3a
041b
0360
0144
fd51
ff65
f763
00e6
0166
0089
f41b
faf0
fd02
012b
0128
ff52
028a
fbe5
0271
01e6
0183
ff46
0753
01f9
fc20
00fe
0303
fda6
045b
0187
f6a1
0133
fe60
0226
03c7
00c8
06a9
ff49
0280
0338
ff9c
031d
fd9f
fe4f
fac0
00f7
014d
04b8
032a
fedc
fb4a
01bb
0471
0305
0457
ff27
fe22
fd0d
ffc7
ffb0
00d4
ff7c
ff77
fce5
03c4
004e
ff4d
fd03
faac
053b
0238
f981
030d
03b1
007f
0664
00de
fa55
0176
00fb
fd96
024b
f954
03f6
fc7d
fc0f
ff8b
01bb
00a8
fd08
fdfa
fb78
ff1a
044d
fffc
0370
05d2
fda6
ff41
08af
05c7
f94f
018c
0001
034e
fd05
fca4
fd4c
fdb6
0343
fb46
fd82
f8d8
0407
0516
feb1
fecf
01d0
05e6
01a2
fd36
f986
fb8a
004b
fd61
00c8
fdca
fbc4
fb4b
0640
038e
06ec
0229
fe48
054b
ffde
00e2
ffd4
f436
066b
01f7
0152
ffc1
00a7
fd9c
0277
fac6
00bf
023f
ff35
017c
fc09
fc23
00f2
02b7
f880
0217
fdd4
ff3b
faa4
fc98
03dd
0022
fe78
ff89
01f5
01c3
ffb3
045f
03e2
01a7
0038
02a1
0142
043e
0399
fbed
fba8
fd32
03e8
f9b2
0194
0173
04a7
00b9
faa1
fc2a
fb46
fdd9
ff45
fb57
05e2
fab3
0562
04be
0398
fd3a
015f
fae4
03a5
ffb4
fe5d
fb1b
f617
fbd9
0474
fe63
ff53
029f
0739
054d
fc1c
f83b
0970
0913
00c1
faeb
03da
ff91
ff8c
0394
0156
fb42
feb3
02a5
020a
010c
03bc
fe8e
00b7
f27f
fe34
030e
fe70
fe23
fbd6
0403
0232
034d
f918
ff5c
fee1
fee1
fd89
fe9e
0366
f859
071c
01ef
ffd5
03a1
fa31
fd57
ff84
0576
ffd0
01cd
fda4
01f3
06b5
03fb
ffad
02b4
024f
0207
0473
046b
ff7e
0291
fe78
fc4f
feec
ffb2
f95b
0371
f4ee
0adc
0602
fef5
000a
0136
fda5
00c5
ff6d
ff9f
00ba
fabf
0029
00a7
0084
ff23
048d
fe96
00e9
0530
ffaf
00dc
ff9d
04f3
fef8
0522
ff96
fc90
02b8
fec8
027b
f515
0005
fe29
fbbf
fdc9
fdb5
ffcf
fa88
0144
0577
0120
033c
0461
04f2
077b
fe01
fd20
0322
02d5
031a
078f
000c
01b4
fc14
088b
fea7
fec4
fe9d
fd6c
fd15
fde8
fa89
fcdc
07cc
02f1
03b4
04b5
0756
f8ea
fb15
fcc9
fe1f
fecc
fe36
00e1
0024
fd1c
f74c
fc07
fdce
ff03
fb7b
fe09
fb7a
ff7f
fbb5
fc9b
fac4
ff63
fc89
03a1
01a0
ffb8
fccf
0186
02c3
0092
066a
01d7
03a8
0089
02b4
fcd0
fe2b
0166
015e
0208
0467
fa4d
fc1a
00eb
fd1a
0d83
0210
ffb0
fdf0
fe14
001f
0073
fe2c
fee8
0561
058a
0102
faa3
0227
0638
057b
02f0
05b1
0037
0283
fd47
012b
0551
fda4
fc8e
0064
ff18
0299
fe30
06e0
fad7
0504
fcf1
f8d1
00f4
fefb
fb90
f946
fff7
03e7
0257
003a
01ea
ffe4
fa48
fa51
ff30
ff5b
0367
0307
026c
fee1
fa7a
01a6
021a
f672
fcaa
fd3c
0079
fcc9
ffd9
ff28
ff5d
fd22
fd72
fbae
0185
0249
fceb
0615
febe
061f
fd6e
f7e5
019c
00ff
0023
fd6e
ffdd
fdf4
feca
035e
00bd
0271
ff13
fea2
fb63
fe85
f2b7
fda4
ffac
0241
feed
0164
f748
ffc6
f948
fb2b
ff40
051b
017c
0013
ffec
fd25
fdd3
01b6
fa75
025f
fe72
034d
03d8
f94f
fdac
fc94
f8c0
fbdf
09c4
0270
07ab
0351
fd08
fe79
025b
01c0
fdb1
f9f6
0d27
ff6f
feb2
0074
ff07
007e
0526
ff80
fb59
ff5a
fe24
05b2
04af
006e
fae3
fb19
000f
0158
fe80
fe14
fda1
ffe8
f678
fb98
fd7e
04d4
fcbf
00b9
00e8
0531
050d
ffc5
fe19
fd58
ff09
fe44
0237
01ae
025e
050a
0774
0080
0466
fe98
04bd
043f
0409
0060
fd54
fa6c
ffd7
0622
fec3
0324
0360
fede
0544
f45e
fb1c
fc56
fcb9
0158
0129
0193
0262
fc33
fb21
0196
fd7b
f9b8
03e3
0595
063b
00bf
0281
057b
fd6f
0471
011a
03a8
00bf
052f
00e5
fa10
05cf
fc36
0503
ffa4
04b4
048a
01b8
0209
01b1
f7f2
0079
fb89
00af
fb6e
fb43
066b
0447
fffc
00bd
ff02
0248
fd4c
03fa
fefd
fe52
0016
fda3
0151
fdda
01e0
04dd
fd1f
ff7a
01d8
fe42
01db
0239
0455
fd93
fc3b
fec5
fc21
0242
fb5a
0955
052f
000d
0378
f974
0a18
fda4
ff85
f894
01f2
fb93
0068
fdd3
fbb0
fcc8
00e7
fae0
fd01
02a7
0a69
01e9
fc55
fe88
0020
fe9a
039d
00df
03a2
febe
054d
ff56
fc1e
08b6
f8b3
fd0c
fd7e
0a09
073a
05fa
fead
09b4
0179
03e9
00b8
ffcd
fefe
ff29
026f
0178
ffe0
060a
f422
020a
02df
0496
ffbe
00d5
03f2
05f7
fecc
0111
06b7
f781
fd3d
05dd
045f
0217
fe35
fc79
fda3
0631
fd7c
0068
fcfc
035f
fdd8
ff9c
f944
f98c
0008
fab3
086c
f7c1
fccd
0011
fe8a
fb95
fc2b
fc0a
feda
07cf
0050
04bb
0207
0475
f4cd
fec8
053b
fdb7
070d
05f0
fe20
fdfd
fbf2
fd7b
fb12
01b7
fa2d
026a
0283
f95b
0633
020e
0300
fcf7
027d
0481
ff9b
0802
002d
0490
012c
0258
f951
017c
fd0f
fc9d
06fa
ff25
fbfd
fe90
facc
05bc
fd38
021e
056d
fe00
0221
fbe1
09c8
03bf
ff3b
fce9
ff8b
fea4
07d0
fb19
008a
ffed
ff88
ff91
ff89
037e
0270
01ad
f3dd
0133
f961
0296
05e6
fc4c
fef4
fd9a
04f1
0061
06ea
01a8
00f8
0046
0346
f90d
0057
ffb8
02e7
ff40
fbd8
0008
fbab
f84d
02e9
0251
01de
0536
fd57
fa47
ffb8
fe9c
fca1
ffae
fd8e
f8a8
fe3c
fb74
00ed
fd60
0472
066a
02b8
f9cc
0605
064e
0013
054b
fdcb
f889
fcf5
06eb
fa09
0000
0023
fdf3
fe3a
004a
fdc0
fa50
00dc
044b
037a
fcc3
faff
fedd
0645
0295
02d1
038f
01af
007c
02a6
fdd1
fa58
02e4
04f3
fb87
034a
06b9
fffe
fcba
007e
fdcc
fd88
01bc
f996
fa39
0014
ffe9
0160
0780
006b
0265
fc19
0312
fde5
0049
ff91
0422
fac3
f6de
ff25
01e0
009c
04ee
01c0
fdbf
f6b3
ff0d
041d
fe6f
001d
01af
fbf0
027e
068c
ff4f
fb7c
ffbc
f71a
0159
01cf
06b4
ff39
01a2
fc8e
fe93
f9e6
ff39
fec7
0132
fd81
0055
feab
fead
0052
0029
030b
ff84
fe9a
ff47
fd24
fe8f
0820
fc59
fee3
fe73
ff03
fead
011e
f929
0426
0288
fb07
f6ec
fc17
ff08
0a52
022c
f8c5
fd3e
ffca
0104
fabe
ff76
fd21
fb96
010a
0318
035d
024c
fe03
02dc
013c
0089
fd8e
fe03
004c
09c2
0134
fd8e
fcac
fe08
08b6
fe67
03a1
fe7f
010b
032b
fdb6
fd70
06a3
03f0
032a
0326
01d7
0812
002d
024f
fa32
fcb3
fb32
0519
f5ca
fe64
f406
fcad
fe09
058a
0196
fcab
0444
0012
0026
fb30
fc0a
fcb3
0030
0050
062d
018a
f52b
010d
fa33
fc23
fcc0
fd59
fa80
00d0
fa5b
016d
08f3
faaf
fedd
f5e8
fecc
0292
02e2
004f
038f
0a2f
06d9
fde9
fa32
fe60
fc36
01ce
fb46
ffb5
035a
ff99
fc37
04b3
f87c
feb0
ffd5
0010
00b9
0271
ffdc
fe87
fe5f
fd8e
0326
fd6a
0363
0013
fdea
0279
fd17
028e
00da
fd9d
021d
0230
04a1
03dd
01f7
fb7d
09cb
fa63
03cc
01ba
fb4e
ff81
ffaf
0539
fd26
fef4
f6a8
06f0
fbb8
014f
ff98
ff9c
033d
06af
0102
029f
0151
0412
fe26
044d
0471
0455
fd5c
ff54
00f5
fa84
0661
fff3
0123
fdb1
fab1
fd95
00e0
02b2
00a6
0163
fea7
01fc
05ee
02d2
033d
012d
f9fd
fbd2
01d2
fff5
01c2
06b5
02e7
0509
0061
fcc5
ffc5
fcc8
063c
0329
0215
04f2
f7eb
025a
fac2
fff9
fec1
02a6
00ea
0561
fd98
02d6
00a6
f975
fc53
ff67
0473
01db
fb54
ff70
0812
0072
feb1
01f8
030e
fe2d
0203
feaf
02e1
00ae
01ee
fcf7
fcb7
03c8
ffaf
0124
fec6
0398
fd92
ff75
0325
04b1
fde8
07d7
0141
fbd4
017a
fe78
01bc
ffd4
004c
fc5b
03f6
fb60
fb91
0178
0669
fe97
02ce
044b
0342
fec1
fba3
f72b
fef3
04b6
fb81
02cd
fc33
006d
02d5
fd5d
00af
fe57
02d2
00f1
003a
063c
02a6
fd3d
ffa8
ffb2
0052
0a19
017c
f7db
fdd4
f845
feae
f80d
fc83
f9eb
0189
0001
0136
ff95
fa6c
020e
07b0
01a3
fe4c
fa4a
fc5e
01d0
044b
010b
0333
02d5
0207
fd5e
00b2
fc9b
0012
0153
06b7
fac3
01ed
05ed
0309
0355
025a
0531
fba6
fa75
fffa
f75b
04ec
04e2
fe44
fe84
ffb6
0035
0082
023c
ff4f
03c6
01c9
fd92
0557
fa91
ffa2
03de
fd1c
013d
022c
fc8f
ffb6
ff60
fdcb
0935
fcf3
0405
fe6e
fba7
0069
0299
03af
0640
0bc8
0101
fd59
01d0
feef
03b4
fad0
0979
036d
f944
fd2a
0344
04b5
fae9
02da
f836
ffa5
0473
fdcb
f9f9
0096
fd95
0285
fc75
fce9
f7ea
00ae
ff5b
fb3f
00c6
041c
ff23
0113
0118
fb2f
083a
fe1e
02a0
0314
ff71
026d
00fc
fa54
feac
fd8d
fe27
fac9
0481
0668
03e9
0515
fe9f
fd74
fce3
0294
00e9
ffb1
052e
019f
fca5
fd47
02ba
042b
0235
0796
068a
01c4
fca5
fac3
fe73
0303
074e
01ab
04ad
ff05
027e
034b
f815
fe59
03cc
0119
fb37
f648
fe89
ffb7
fc77
0093
0207
02af
f694
fabe
fec8
024a
01f5
01e3
fe77
feb1
fd16
0313
fc51
0366
00d5
ffd2
fd60
fa94
fd69
feae
f686
ff36
03b3
0245
fe04
0030
fdc6
0098
0629
03e0
0215
fe07
0300
f941
fefe
0256
02f6
02ae
012e
ff38
0227
fc30
fc9f
003f
00b1
f8b3
01d2
0317
ffb1
097f
fd45
fe8e
fe6b
ffb2
feaf
fa5f
fdd0
ff9c
04ea
08cf
0558
fce6
fd37
ff5d
0723
ff57
fab1
fdff
0307
02c2
ff33
02bc
f6e8
006a
0371
fcab
fca8
f889
065c
fd1f
00f7
026a
060c
ff62
fdd8
00b1
0523
ff52
fc2e
f9d6
fb1d
0375
feb8
fd92
fd23
0057
ff0b
fee8
0566
0627
f98f
014f
fce4
ff02
013d
ff26
00ec
02b1
012e
fd6a
fd7c
fa3e
fc96
07d9
fcd5
fb3a
0148
ff8f
ff38
05a3
0232
fde1
fe4d
fdfd
0380
fec4
f8d4
ffcf
f9da
08bd
fc23
ff5a
0108
fed8
fed7
01b0
061b
0312
05ea
fbd0
0145
009f
0168
0581
ff1e
fe61
0223
f8e3
ff0d
ff77
fc52
043a
fbc0
ff75
012c
056a
fff5
03bf
02cd
007e
fba4
fa43
006d
fdd4
03ad
02fc
ff43
fb5f
020b
fbee
fcf7
fc15
ff72
04ae
fffb
fe3a
f9e6
0235
fce1
0078
fe95
035a
ff5f
ffc4
01f1
086e
038e
ffa5
0003
fde7
fc33
fdca
fce9
029d
fbb7
0555
0302
0015
0000
fdc5
0115
045a
fd30
f9de
02d0
014c
fb85
fd11
fc90
fd1a
feb5
feef
fd66
fcf8
ff16
00ac
febc
04a2
0208
f9a3
0218
026c
fe43
fa05
0008
fff8
fb83
fa32
ffa6
ff11
fe55
ffab
fb97
fe43
0222
fe9a
f950
fe1c
fbb8
0112
0146
f95d
0309
fb8d
063d
ffce
fb04
fb6f
0164
fe6f
ff9d
0673
fd34
003d
05ae
0115
f993
0206
fb59
05a1
fcb5
0be1
05df
fcd0
0014
0304
0322
01c5
0502
ff82
fe88
fe9d
036f
0176
012a
032e
f7cc
013e
00e0
06ad
f9e3
063b
004d
01f5
06b4
023e
019a
00f8
fe11
ffe3
fd23
ffd2
f6a8
01b7
ff83
fea8
00e1
fa44
07b8
ff97
ff6b
fc23
0019
058c
0425
036b
0230
fe91
fa33
ff32
ff0e
0432
013d
0673
04ca
fe2d
f8d2
058b
0570
fa89
0609
0187
00a5
0676
0561
029b
01e5
0277
fe66
ffc8
fc64
feab
fe89
fd75
008c
feb4
0202
f983
ff8c
0087
fec2
ff4f
f9a9
016d
0297
01f9
0428
00ce
01ea
00a0
02c0
f9b1
fc6d
0659
f629
ff70
04b0
ffa1
fe61
0085
fe96
0020
fd44
046f
05b1
ff77
fa74
fde8
ff44
0206
fbf8
fcec
020b
03c1
fd83
faab
0d23
0322
feef
037a
ff81
0378
00a3
005d
ff8c
fa36
07c1
fc3c
fa8f
ff26
fc27
ffcb
02c0
03fb
0342
fec7
0033
01a2
f8f8
0248
fa2c
0829
fe62
ff43
fcec
fd7b
0919
03c3
f9ce
0604
04c6
fee0
013a
fff1
07e4
fcd1
0096
fe4a
fa45
08c4
fb46
00e1
f90a
fe67
01b0
fcb3
0259
feed
04a4
0572
fda7
004f
00bc
027a
000f
00c3
ff07
0076
0531
0296
02ce
02e4
ff62
0146
fba9
0513
f4de
ffa7
0490
fa8b
0199
fd47
fe86
03c9
00cb
f7dd
fc18
03e7
01cc
06fe
06bb
fea2
0a03
0019
fc26
fd77
f6f9
066e
0661
fbf0
ff17
0062
fc29
f8fb
ff29
feb7
fe72
00e4
05b8
feca
00af
02e8
0237
fd8b
0063
0231
fb7d
050e
05ba
fd1c
00c6
0292
fdd1
01ed
00a7
fa21
01d6
fb99
03c2
fd51
ff5b
057d
01fc
fbaf
fbf1
fd9a
0194
016f
fca1
fb55
0120
ff46
08a1
0025
0742
fb52
f9b5
fb85
04c2
0706
fcdf
fe28
fb53
f8c1
02e0
00e4
000b
fa66
068f
fdfd
0222
fa2f
ff3d
012a
014f
009e
01fa
fb7a
00ca
0074
00ed
004a
fae8
fabb
f725
0345
0350
0360
013a
f778
fbe5
00af
008b
ff1c
017a
000c
007c
fd72
03ee
fe47
faad
fcea
fe9b
03fa
ffd5
ff41
fb01
0324
fd64
ff9a
05ec
0209
f97d
f8ec
ffbe
fb26
0298
002b
00a9
fd2c
06f7
0b5f
fee3
016a
0064
fef6
fcac
fba9
fb75
019f
fdec
f5b0
01c8
ffd9
0563
017e
fa16
f715
fd1f
fd80
03c6
fff7
0489
fab3
03dc
02e2
f7ed
054a
0060
0191
fc8a
051a
fb42
0354
0348
fc1a
07ef
00ed
029e
f9e4
0879
fb1a
0419
fc05
fd86
0328
041c
faea
045d
042e
fc40
0665
fa2c
fd80
01ea
fc96
010e
00f7
ff40
0354
ff16
00ed
0496
032a
0325
fb67
0219
fc7c
fae0
ffb7
fc62
032a
0342
f864
fcb0
fa29
fe26
01d2
ff08
fda4
0533
f6c8
04f3
fdd3
ffb0
fde4
062c
fb13
000c
021c
f98e
fc52
ff68
fc74
fcbd
fe9a
0299
fea1
0450
fc02
fafe
07b5
fd5e
fac2
f908
044d
fea3
fefc
ff5d
040d
ff48
0960
0089
043f
0339
ffdb
fda7
0154
020a
fdb6
00aa
04f2
0848
036b
0773
fd7c
02cf
055b
fc6a
fe0f
06f4
fc19
faa3
061d
04c9
01ba
ffd1
fe3f
0121
0652
00f4
08ab
fc69
ffec
fe82
fba9
ff63
01ab
0219
08af
01dc
049a
0044
06b6
0998
0220
fc08
fdce
0121
01d3
02cb
01d7
0007
fd75
019b
076c
0414
0224
041e
fe84
fdf8
fd02
ff80
fe50
04d5
fe19
fcca
07c5
fe32
009d
01ce
fb74
04f1
028c
063c
fd48
0066
0028
010e
fa2e
0071
fa4b
016f
f77c
f898
0346
fdd0
fc0c
0515
014f
037d
ff56
0ab8
fd95
06fa
ffc1
f962
01ee
0142
fbcb
fc50
ffe7
0166
f61e
0436
fe06
faac
03c4
ffe8
04dd
01c0
fffe
ff64
01ee
fe59
fc97
0271
ff6c
0022
045c
ff8b
000f
fd9a
01b9
0166
039a
fdaf
fe2b
032b
0102
fc60
053a
f935
0323
faf0
078b
f9d2
049c
ffac
fe89
00be
0287
fc62
fcbd
0299
f92c
fdaa
0c2a
fc21
0497
fda8
0209
029e
0484
ff33
07f5
fda5
00f0
00fb
fb83
fedb
00a5
fe46
09c4
fca5
04b8
036d
fff2
fc8a
fced
fdee
f8db
fbfc
fa12
0562
0279
0325
025b
00ab
05d8
fd8f
006d
02fd
fab7
0c63
001d
0091
0507
03a9
0027
0085
f9fc
fdc6
0212
01c7
04e2
ff85
fa73
043a
05bf
0398
ff58
042d
0db7
0076
fac1
fda8
0280
f995
00ad
0185
0624
053e
0375
f759
03af
02d2
0106
f914
fce5
fb55
f7f1
fffd
fccf
0a80
ff53
052d
f9b9
fde1
0063
fc5e
fe50
ff21
ff10
076c
0183
01eb
0229
0273
ffab
feb8
00ab
04a1
0481
ff0a
0312
ff39
0023
fe1b
ff46
055e
005f
008b
fa36
fec3
ff09
fcaf
0016
fe49
0052
007c
fc2d
fe68
004f
04bd
0107
fd5a
0199
06d5
03ab
0231
02e7
05c3
044d
0244
0446
fbac
f9fe
00a1
0046
fdd3
034e
f88c
fddc
fe0f
f974
05fb
fa90
fda6
03a2
0296
fb91
02bb
0129
0955
019e
ff6f
fc93
fd06
fcb2
057c
0012
0243
060f
f691
051e
0039
01bd
fcb0
fcfb
01f5
098a
0403
0510
ff3b
fd99
fce0
fe0c
f7ca
fd1a
fdc2
ff4c
0087
0173
fff1
fdad
f826
fdb3
fc1c
01dd
03a3
03c1
0307
ff77
fdea
fd03
f9f8
03f8
ff4d
fb04
fcb2
fc88
002c
0445
fe9c
f6fd
ff3e
ff60
ff1a
fd7d
00df
0044
ffe7
01a7
fe48
fe0e
0585
023d
034f
04e8
021b
03b7
f9af
00d1
ff45
06b6
03b6
fd7a
017e
00ac
01d1
fbed
0171
ff16
0121
fd1a
fda9
04b2
fbcb
fc17
ffcb
fcea
fc76
006c
f9fb
fbf8
0837
01d7
fd04
01ac
0245
03fa
ff7e
03e8
f7d9
fbc6
00a8
0152
fc5a
010a
fd81
fee4
0419
03a3
fc03
fbc5
fe5b
ffe5
fd5e
042a
0164
01a0
faef
04ab
f4b8
0356
03bd
fe45
0517
ffbf
0040
015c
0cbf
0561
02ce
fc59
0093
fcbf
034a
0090
fb80
0053
fc9a
009b
fc90
001c
0300
ffca
fe70
00d0
02ca
fb92
010b
0545
024b
003b
028f
01cf
0304
f7e7
f9c9
0405
f9fb
019b
fe98
fc04
0166
00ce
0871
fd80
05c3
0169
fd5b
0332
0243
0025
0111
fd9d
fcb2
030a
ff1b
ffae
011f
0110
fa48
0525
007c
ff30
01b9
00f2
0311
0227
02df
0567
0389
ff5c
fb82
06ac
ff0d
fe1c
f90e
015b
0098
f9f1
01d0
fe02
0ac3
fdb9
fe42
fc80
051d
fe82
fd1a
02d4
fa7b
0280
0720
0244
028d
037b
06d7
04d7
01c2
039e
fc75
031b
fbfa
fe88
f3ab
019b
fd6d
0472
0190
047f
fbaa
0427
086c
030e
0329
00ae
fde7
030b
f9fa
fe54
f8ea
fd2f
0291
0206
0034
00ae
f875
fe82
fd46
fd5d
0266
fc8f
fd95
f7a7
fed3
fba6
0051
fc32
006b
ff6c
06b0
01fd
f8a4
faf1
0039
fc48
f420
0566
02e2
0215
fd92
01b6
fd2f
00d2
fc51
0611
f9b8
04ee
0028
fe0b
00ab
02ef
0578
0141
fc70
0039
0744
0564
03a3
032f
02cc
04a3
fe2c
fa94
0047
fcbb
fbc8
fd1e
09f1
008b
0173
fb1c
f8a0
fcb9
05c1
0156
0265
02f4
fda2
058d
fd78
05a0
01c5
f8d8
fd02
f8dc
04a7
ffe7
f716
0181
fdda
fa11
06b6
006e
fed4
fe67
f9f2
fac8
0524
fe1b
0017
f7d3
faba
0270
0183
0703
055f
ff14
01e4
febc
0838
0499
00ae
00cd
05c8
0251
063c
f73a
01d8
fdf0
0707
0630
0022
0624
0722
004c
09e3
ffe0
ff24
0377
fe96
0057
05a3
0014
f938
0178
fd37
0376
02c9
05e3
03a1
045c
fd53
0337
07e0
fd3f
0733
fdcd
fc98
012f
02dd
03a6
fc27
01bd
fd42
fa0b
fc49
fcff
0216
049c
fa1b
0168
fb4b
0284
fd82
fbcb
0333
fda7
febc
f71f
03c9
0349
0006
f9e4
04d6
fd56
fe30
0940
fd2f
02f8
0240
0190
0121
0181
0116
ffcb
060c
fac0
0416
034a
02cb
0478
ffa1
f886
ffb6
fc09
fd13
fb08
fe17
fd9d
f67d
02cd
08e2
026d
ff30
ffc8
fe51
005c
ffda
fca3
06bb
fa0d
02e0
ff98
079a
015d
fe8f
ff02
0029
fb6e
fcef
f8dc
fc4f
0060
0133
f815
ff73
0241
ff59
fd77
fe5a
fdd6
fd74
00b2
093b
fd06
feba
ffcb
fd40
0465
f684
fde0
0346
fed3
fcb7
01c3
03a0
00d8
fccc
01d3
fe64
02fb
05ef
f594
0072
f90f
09c4
fe21
02fc
ffdc
fcca
fc50
0658
03d3
07c6
0039
0127
feee
feda
fbd5
0056
fcd8
01c5
00ae
0127
06b3
ffd9
0307
0835
053a
049d
fec6
00eb
faba
01ff
0119
0018
041c
fb2b
068a
039b
ffb8
ff68
01ec
0615
0068
0093
0013
0721
fe86
ffe2
05db
0097
048c
fc5b
ff2e
05f0
fd4b
ff65
0107
fc0b
fe58
0073
0030
051f
062a
fc93
0072
02b2
0611
02e0
012a
02ab
02b2
fc4a
00c5
05d6
ff2c
0085
ff08
f6bf
0015
0135
fdf3
fb62
fc7a
030f
07e4
0588
fa9f
036b
fd59
fdac
fe27
02d3
03d6
ff9c
ffad
01db
0246
04b4
fadd
0015
fbba
ffcc
ff18
ffd0
fccd
fa0d
f79f
ff7a
fe47
fd4c
054a
fc90
05ab
067f
f832
005f
fe67
f45a
fa39
031a
0814
039c
014b
ffea
06bb
0898
fda7
f800
f79b
054a
ffd0
00bc
f8d6
fcfd
fed1
00d5
fe68
fbda
fcdd
04d5
00fb
0273
fc68
f42f
fde8
fc89
0165
0d25
02c8
0af2
0246
fd7b
0164
071f
0751
fdb3
0103
fa48
034c
0637
0029
fd55
0171
01ab
0053
00b7
ff4e
03fc
02f2
fc11
fbf5
fefc
02f3
0098
fd6d
010c
fead
0386
0155
febd
00ed
0543
fdb9
019c
ffb8
01b5
fd62
0071
046e
fc41
faaf
fad6
fb51
0262
fa60
fecf
0279
01ab
fe75
00c4
006e
ff1a
ff28
08f1
033d
09ec
fe03
ffa9
faac
fcc3
079c
fde9
07ad
fb07
fbc9
fea3
ffbf
03b1
01ce
fe56
ff77
feb9
fc57
fc73
041d
f8b0
0678
fea1
fce9
02f6
05f1
0478
0202
0459
f922
fdea
fc5b
04e6
fe77
0362
0225
fc8d
fda7
052d
fce6
0080
fcdf
febf
ffd1
fcde
fc29
0125
fc9f
fcc2
fc3e
ffb0
03c6
0607
fd19
089a
fbfb
0456
fd1d
fc84
fd05
ffca
0252
02ae
fc39
fc0b
fc55
ff8e
ff29
fc33
0114
090d
fdfb
fe44
023d
fdc4
02ad
fd20
0754
0161
fd85
fda5
fdf2
057e
faed
fd54
fdc1
fff0
feea
fa09
fe67
ff9a
fd7d
02bf
03ad
ffb0
00ec
f75b
fe51
0405
fe4e
fd0d
091c
0747
01df
048e
f719
fcda
fe1f
ff0e
fe0a
f5cd
018b
022d
0668
fcd9
fc85
f548
fed3
039b
fd8e
0893
fef9
0097
fa8c
0126
f815
02c6
02e6
0570
fbec
00a4
0241
01c5
fc8a
f66f
0163
ff64
fdbc
030e
ffd2
fab9
f846
fb7c
0992
02e4
00c1
ff46
ff03
04ab
fe0a
024f
fe9b
07c3
02f8
04fb
fdaa
043c
fec0
0071
068a
fbd4
00d0
01c1
0214
fe32
0858
fad2
05d6
04dc
079b
f9a6
fc86
05f8
f87e
f993
fe0c
00c5
065e
ff42
fd91
013f
01e1
01c4
ff4a
f82e
fc54
05ae
00c0
feb6
0479
fb7b
ff19
008d
fe3c
0067
ff40
fa67
00ba
fab0
00aa
057f
fee0
fb50
ff7e
fcac
0261
ff68
06d7
04a7
ff63
02dd
fe6d
0023
fe8e
0311
05bb
0332
03b0
03b1
0234
fb71
06ce
0738
ff11
fe84
0273
0234
ff31
fb00
0139
0235
02e7
0166
feea
03fa
0043
fe24
ff47
f904
ff45
02c1
015c
0615
fef3
01f3
032c
095f
0094
fbd3
0364
0777
feb6
035d
04ea
0411
0081
fd35
ffad
01d6
03a2
0156
fe7b
0239
0371
0185
fca8
ff46
03cb
fa78
f7a1
0608
020c
026d
fbb1
02f3
011a
f9aa
05b2
00a2
fe6a
fe7d
f7f0
0260
010c
ff39
051d
fa77
fd9d
fc9a
fee3
0045
01b8
fe9d
fc7e
06be
09a6
0093
fcf9
05e7
fa37
fea9
fd37
fb5d
fee1
fc8b
000d
001c
fd84
fe85
ff14
033d
ff68
034c
0258
0249
058d
fb86
fe1b
070e
fef9
f4bd
ff30
008a
f588
0556
fd25
0150
ff19
fad9
fbb8
fc42
0458
ff69
fdea
fc43
04c9
05db
04bd
01f8
0129
fb23
ff04
fd44
f8b3
043a
fd37
04c9
0387
023a
0274
fd8a
076e
002c
0135
fd67
fc46
01e9
00df
fcd8
fa3f
faec
04c9
fd8c
fea5
05cd
fb83
fd18
fced
0679
07f9
0302
0322
fdae
07ca
0112
036a
ff94
feee
06a7
0229
05ce
0105
fc9b
fdab
0069
fd7e
fb92
04ce
fdd2
008e
012f
fda6
05ce
fb88
010c
00fc
ffc8
fad0
037c
02f9
fd4c
02d4
0180
fae1
fc96
048e
013d
fdbe
fc91
fdf0
fe39
fc9e
f908
048f
03e2
fae8
008c
fc64
fef4
fe9f
fe4a
0803
fe3d
fcc4
fcf3
042d
f964
fcf3
05ca
00fa
00c5
0887
00fc
fd2b
fedf
fb75
0506
024c
047f
04da
fe58
fc39
ffcb
fc82
00a9
0487
ff54
009a
ffa0
0336
fd54
f737
01e2
03f4
01c9
fd70
fb76
01fa
0091
ff7f
074a
fc36
071a
0021
f8a8
ff48
03d7
fe8a
fa1a
ff58
fc92
01f8
0318
fbc6
fd2d
0307
fc91
fbac
fb49
0168
013d
fd44
0005
061c
fc1b
f831
01d2
ff8f
fd29
029c
035b
f72b
fd64
0945
0255
02b4
04b1
0011
0330
02df
0228
feb6
00b0
fda6
000d
fb53
fcd6
fedf
fc3a
fdfb
ff58
019c
03cc
fe25
0557
03c1
0204
009d
0147
04c0
04e5
0557
002a
0238
0560
fd81
feba
0010
0399
03a9
ff14
f9f7
00fc
fc54
fa0a
faf2
014e
0572
0028
00d8
04bb
f9d2
0215
fff4
0244
fe11
fcba
0090
0699
0372
fdf8
faa3
f946
0544
fc2e
feb3
0549
f98b
05f8
fefc
fb68
ff03
fd1c
01c3
fd68
f85a
ff1e
fa93
00d1
fb40
fe0c
00bb
ff26
0100
02b9
fb5e
ffbe
f2af
00fd
fecc
fc11
0143
04b1
fe19
fc39
00a9
faa8
fd5c
04e4
0040
f87b
f8d0
00a6
0373
f988
01cd
0552
078d
0153
0207
f778
0866
fdb3
fc44
fefb
060c
08d5
0080
03fe
002c
fbd9
05e8
fd83
0624
0532
0275
0751
08ee
ff4d
fcc4
f88b
08fb
fe3e
048a
fd09
0627
fd33
fb3c
ff2a
fddf
0263
ffcb
0283
fed6
fd57
fdaa
082e
00e7
f811
fdeb
0063
0762
041d
fc50
09ac
ffe0
04fc
fb61
f668
fa5e
f300
0873
00dc
fc4d
01cf
00c2
027c
04d7
fed7
fc7b
0350
0336
0067
08b6
fe40
fc67
01ac
fd4d
01fb
fcab
fe66
0790
fe61
fcce
04af
fbcc
fd3a
024e
03c1
04e2
fd03
0262
fe23
fd94
04d0
fdcd
011d
009f
fbb8
03dd
023e
f80e
011c
fce8
0463
fa38
fe93
0173
0038
030d
f9ed
069c
021a
0570
037f
fff4
fadd
fdbf
065c
058b
fd86
f4ba
ff26
fed9
ff00
021d
0381
03f6
01c8
f8cc
fea3
0937
017f
0179
0170
01a9
f678
ff0b
ffd9
0520
0031
f96a
01b8
fcc9
fb22
fcaa
022c
0509
01ef
0287
01e4
0068
02ca
f653
0072
fbd2
04a7
ff69
0020
f9fb
0411
0282
023a
fcbf
fce8
00e5
fd39
01bd
f75b
fe0d
0730
01c2
00ab
07f1
f6a8
fcbd
fe65
036f
0381
fc89
03fe
fe63
04d9
fbdf
ff82
fe0a
0439
fde9
ffd5
0207
022e
038c
00d8
fe54
fe9a
001a
0100
ff69
0014
f9ee
02ab
00b9
0402
0000
f90c
fe91
ff33
02f9
f7b8
002a
020e
fd5b
004c
fd7e
fd15
fe5e
fd28
02bc
fd0f
fc63
0712
03d8
f88e
fcf1
00f8
014c
fa0a
04a2
034d
01ed
056d
01cf
01cb
063b
0468
fca2
0288
fd58
0204
01e8
fa77
ff83
0110
fe41
0142
0339
ffe1
00e6
0589
01e5
00ce
fc2b
02af
0152
0523
0030
f8bc
f933
02f1
fdb8
01bf
0075
ff55
ff9d
fc8a
fff0
fda9
fe83
feb5
ff18
03b0
ff7b
0418
0627
036b
0223
014f
0376
005c
03f0
0275
fe90
0395
005e
ff93
fe18
00aa
03fc
038e
016a
0266
0516
ff66
fb8a
0534
fde2
fd3d
f8d1
0249
f984
fd00
025a
02e3
fd65
ff77
fc82
fdce
0111
fdfe
ff06
fa24
0488
020a
032c
0529
fcb3
fe91
f86c
0c90
ff67
0428
fb0c
03fc
076e
ffc2
fbf5
ff72
f718
ffd9
0349
ffdb
fedd
021c
026b
f95c
005b
09be
faa9
ffa9
07c4
046b
fdf2
00d3
fffe
fd02
ffb4
fee1
0073
fd02
fae5
ffd6
06dc
0054
feac
0304
ff5e
0779
fffc
02cd
fcfb
0203
011a
ffc6
fdfe
fd73
0121
0284
ff7e
0126
ffd9
0065
ff33
0012
0acb
013f
0295
01c1
fef3
052d
fed6
0438
feaa
fc29
0176
fb95
0224
fb39
feb9
fa46
0b4c
f962
000a
0493
0425
0368
febb
0568
03a7
00d9
00f6
fec9
fc5d
04f3
0540
fc77
ff63
ff6d
ffdf
0042
03ca
fd03
fc9d
04f2
fe26
faf3
fe0f
feae
0638
03b3
0497
0348
03c9
fd3f
ff35
fc0a
ff28
02bd
008a
053f
fb6f
0200
fb02
0060
02f6
ff24
0234
fc29
f958
023a
06fa
fc04
04e4
002c
faa8
fb79
0010
fe62
fac0
f939
fc9d
00c6
fff9
fdff
00cf
0429
0194
ff84
03b6
fc29
ff1a
ff32
fb0d
fe52
f7b3
07a6
fc40
0658
0027
0242
fe0b
00d5
029a
02a9
0319
fe87
fe14
f9a0
0218
0454
0677
0138
fcef
f936
042b
f8d1
fea3
ff1a
ffb9
0025
008d
f657
000f
f715
02ee
fdc8
f75f
fcbe
fdb8
04c3
00c9
0161
04ba
ff9e
0304
02bc
fadb
05e4
fa52
03ab
f9ef
0268
0773
ff26
fef9
0271
feaf
0746
00c5
feb8
fdd7
fc45
fd7d
fe99
fe0d
fd5e
0865
fbe1
0096
025f
0285
ffc4
ff0a
01ce
0111
fef7
f9c1
fe21
fb6a
fd55
0022
016f
071f
fdda
0319
0139
052f
024e
fbf7
f91c
013f
fde3
fc14
faee
00a5
0608
fe5e
025c
ff97
fad8
02f0
fb9f
0016
fea2
0393
fbc4
0190
fca4
fdf5
f176
085e
0234
fcee
fb80
fe04
02de
f86f
ff6f
0715
fb77
0052
08d0
0287
0081
0207
fe66
0533
fe67
f82a
fe6f
fc22
fee0
fef7
04ca
02c8
010e
fffd
fbc4
f746
0074
032e
ff91
fddc
01dc
ffab
06be
04ee
03d7
0308
fad7
02a7
0181
026d
01f8
01d0
0ace
ffb2
03bf
fe1e
032a
03c2
0175
06ad
fc77
fe0d
00d9
0386
00b8
0525
fd5a
fb70
013c
ffb1
022c
ffe4
fea4
ffb3
001e
fec8
ff30
fe63
036d
00c7
0907
00a5
fdcc
0aaf
01a8
03f6
025e
027e
0225
fb97
0178
fab3
ff4d
fd19
016e
0156
01ed
0126
fd93
fef5
03ae
0445
fb6a
f9e0
fd18
042e
04dc
fc4d
013b
0756
01a9
05b0
03ff
fc5c
ff3d
0024
006b
03aa
01a2
f441
fac0
f740
00b4
00f6
0122
fc2a
02b2
02dd
fafb
fa23
0000
072b
06cd
0241
fd14
038c
fe31
fcee
f76d
0069
fd7b
0063
f6cd
00ae
f647
045a
0216
fee3
0240
fc16
004a
032e
f39f
fe36
ffe9
ff37
05d4
fb81
fd84
f856
060b
ff04
fe3f
ffca
028c
0164
0a97
01d1
fe24
fdc1
fe6e
f9fe
0029
0322
fd8c
fcc5
0610
fa4b
f7bb
fb63
f9d7
018b
fe8f
ff1f
049d
fd3c
031a
060c
fe2d
02f3
ff08
03b2
f9b7
f96b
fe6f
fc72
fdef
ff1f
02e1
fe5f
fcb4
fe98
fcec
fc44
f98c
0047
fdba
03dd
fa36
fdd5
0740
fc3e
ff0e
fb23
fa9b
0630
00af
0089
f937
016f
04a1
0499
02ac
fb7b
0141
02ac
f8d2
fb84
038d
0381
f9ce
032e
0062
0320
fd76
0295
0360
fe98
0012
fd68
069b
ff85
fc50
fd23
0082
0303
faa8
0764
013c
01de
ff9c
0014
ff68
0412
fff8
0311
fe44
00c8
fcc9
04de
fcaa
feb3
febd
fe96
02e4
febc
0593
fcba
00ad
fce6
01af
fff0
ff61
04c1
fd62
0259
fced
0073
fb38
fd5a
ffac
0742
0067
069e
00e2
fe74
0628
01c0
fd6e
01e2
fed4
f80b
03be
0461
075a
01b0
ff01
0357
0366
068e
ffd2
ff56
fd23
0226
f9cf
031b
025a
0257
008e
0622
037d
fd92
fda5
fc7b
0235
fc00
0455
054b
fc7c
ff42
0011
0389
0670
f942
feba
fef0
fa66
fe0f
01b6
fee3
f9d2
0b7f
0111
0072
fb9c
010b
ff58
f872
fbb8
032e
07c7
0178
046a
ff61
ffa7
045d
06a7
0534
fbbc
ffbb
011c
fef6
018d
0348
0403
06be
feaf
fa8b
016f
0789
fe18
02bf
02c8
00c4
0007
fc4e
f6e0
fb8d
fe70
0464
ff96
fded
fc70
02a1
056f
0441
026d
fa19
fe98
07ca
047d
f9da
ffc7
0174
fcf4
f6c3
0065
fcd9
fcdd
fe95
ff77
fff7
fc77
ff1f
f8f8
013f
f493
fed8
03ad
fbc3
02de
049f
f2c5
ff65
f47f
ff87
fff9
f612
07b3
0125
fc9b
05dd
f8d1
fb15
f6cd
0734
0154
02a3
0134
024c
0050
0115
006e
fd91
ffd0
0118
0071
fa17
fa9f
0455
fec6
0257
fba2
fa1b
fca0
ff1c
fd57
052d
00b8
0765
019e
f65a
0439
f9f6
00ec
fce7
0892
05c2
fd08
ff7e
00fa
0374
001e
fbe7
fd21
fffb
04f0
01b6
fce8
0298
fe74
0390
0a1c
fe91
0335
fd05
ff8d
001e
ff3a
09da
fec6
0259
f848
01ba
0491
fde4
f5f6
ffd8
0012
02e5
080b
fe7b
fc93
fb55
00cb
01eb
fdd1
031d
01dd
002c
fc64
fe13
f648
00f1
001b
00c1
0204
018b
ff8f
0032
fa62
fdaa
0034
fd0e
0371
fd5e
00dd
0077
02fc
039a
02c7
f793
04c7
061c
fe12
00f2
fc70
f835
fd0c
fdd7
fe95
fc2a
fd11
fff5
fceb
022d
02ba
0986
0481
00f9
fd85
012d
014e
fdf2
0323
fa68
ff06
0239
feda
ff2c
ff73
fca8
04b2
fbee
0146
01a8
fc35
004b
fc5d
0590
fb72
fd62
fb1a
fa92
065d
022c
0090
fd60
03a1
fcb4
032d
fc83
fd6c
0308
0375
0264
fbcd
fe37
00a1
fc9a
057c
f664
fce3
fdf6
f4a0
fa6a
0280
001f
064b
062e
01bb
0141
0044
f561
fa6c
0067
0277
0129
fc6e
03c0
05ee
03c1
03f5
fdc3
044e
0095
020c
0176
ff84
fc8f
ffac
03f2
fe3c
0393
02f3
fece
058e
fe94
060a
01bd
fff0
fc73
ffa6
ff2f
faf8
ff21
fcc9
0258
053a
fb18
06d9
ff7c
fc1a
0308
fe37
ffac
fe62
fcbc
02e5
fedb
fa41
0234
fb2d
fb63
04c5
fb37
f6bc
027e
fec9
ff21
febe
00ed
fcfd
05e8
fa18
01c8
0292
fcf6
fbe8
0412
fc09
fd93
038d
0024
f8d0
06fd
fde1
fe64
0106
0280
07d8
f95c
034e
02f9
ff74
0326
03bd
fa79
0700
f9c4
fb75
fef4
07b3
fec4
ffdf
05ba
fecc
fb49
fe55
057c
0049
07b9
02f4
fd6c
0034
fc96
fd54
11eb
0413
0372
fd82
0647
0466
0787
0755
fa15
fb90
fbfc
fc39
014b
fdbc
084a
079e
fff9
07d2
05f4
fe32
f7f7
ff21
fd6c
00d3
005b
0041
0218
fb26
01a5
fe3e
00cd
03d4
fb1a
fee0
ff87
fdf1
0399
fd1e
fdc7
fd29
045e
fe08
01d7
07e7
ffb3
0473
06af
041c
ffef
0292
fada
fce1
fd95
08f6
fcc0
fcb1
fbd3
023d
0092
0459
02af
fa7a
fcc5
0576
ff30
04c0
ff67
fc21
fec9
fc21
fdbd
00ce
020c
f9a4
ffee
fda7
fd68
0088
fdcc
0587
04c1
04ba
fe05
fc26
0054
ff66
fd91
fb4c
ffd5
fe62
02c1
02a9
0467
faf6
019b
fd17
fb1e
fe49
0446
fe83
0643
0232
fe6c
04a4
01c8
fc45
076f
010a
0013
fc94
04b8
0212
0284
fdf8
0356
03a6
fd53
fa55
0253
f9b5
009c
fe36
04e0
fe6e
046e
fdf1
0400
083e
fbba
012b
0aff
0044
003f
0327
002a
f92c
0487
f7fd
fe55
04d4
fe93
fd3a
0384
fc98
fb1c
0119
ff45
fb06
028c
01dc
fe90
fed6
01e2
04c3
fede
029e
0243
0384
0028
fc5a
fe26
015f
0746
fe10
0338
feb0
0071
0610
030f
fb09
fdb6
0506
0091
fb68
fcb9
02d0
03fa
0012
09e7
034c
ff07
fcbd
fc1a
0157
fe0b
06b2
05de
0288
fb49
fd50
0506
fdbf
047d
01e6
0035
fd30
ff9f
00c2
0421
fc75
fef3
002e
02a7
fc5e
fabc
02b2
f9ee
0524
ff60
f9cf
fe14
0184
fddf
0015
02f6
ff31
fc40
fece
05a9
06be
f7ec
045d
0100
03b2
fdcc
f8ed
0257
fc3c
fa72
faba
0267
008f
0321
02ad
fe51
ffb8
fdf4
ff29
fc22
0190
044d
fcbc
0520
0074
00f7
f934
f8c5
0094
0329
fd51
06ae
02f1
fc5e
0020
09e8
fb08
021d
feb6
02d4
0512
fe74
047a
08e3
0044
0324
fda3
0014
ff4b
0330
04d2
ff90
0622
061f
0363
fdf0
fd8d
fcc0
03cc
fb27
02b5
fbad
034b
0012
0556
0491
05be
05d8
0093
fb5d
fbca
f7a7
fbaa
0046
fdc3
ff48
01f9
fec9
fb83
ffc9
fc68
feeb
055f
feeb
0715
05ba
fdaf
fb8e
ffca
049d
fe0a
03a2
04d5
fce7
fd4c
02da
009b
fd41
fe97
ffb8
f9be
0310
fe16
f4dd
ffe8
fd09
06c1
fda9
fb9c
0208
fd5c
fce2
020a
fbd7
fa2c
06e7
0251
fef1
fffc
0206
03e5
fcfa
0177
fdf9
ff3e
00a5
fff9
02f1
01f3
f9f8
fa92
fe85
0751
fc98
ff2b
fddb
fdc9
00b7
059a
01d3
fcc9
0b03
0050
fdb1
05a6
fe20
06a7
fc84
05b8
00ce
052a
079b
fb78
051a
fa5d
fbd0
fcc9
0204
0022
ff55
0096
025d
02ac
0460
0748
ffea
fdea
0274
fb6c
fd49
03ff
ff81
fb2b
fa0a
0032
0491
0484
0072
0809
ff95
ff72
f5bb
fe36
0368
0641
fcae
01d9
0430
000b
f6de
00fd
030c
fc36
fefc
fb61
f5b8
041c
fffc
0664
036e
fe95
ffab
0244
03de
014a
046c
fed0
fc03
ffbe
00d2
fb32
faa7
01ca
fe60
ff56
fe90
0615
050c
fb0d
fdde
0366
0268
ffd6
fb73
fd45
fdef
011c
06d1
fd41
fbe5
ff91
0421
fa36
05d1
ff50
fd10
f999
02d3
ff51
00af
fc66
feb9
fe0e
ff99
fd52
f9dd
0aea
fa8c
00ba
f8e9
f803
0064
00b3
050c
0199
ff67
fc34
05ff
03b7
fb04
0027
0094
fe9e
0316
0354
ff3d
fee0
05ff
03bb
004a
f97c
0160
02cb
f4fb
0102
fe55
ff1e
fc5f
ff68
0591
fe37
03dd
fcc6
0309
0002
0168
0007
0291
f5bb
fa52
01ab
f7d3
fde1
ffc8
fcb0
fd3c
0116
040a
fc2b
fdb3
fd13
f651
0091
03bd
0411
fc84
fafe
0016
0351
009f
0128
0491
fd0b
ff1f
068a
ff36
faee
fd53
fc3f
016e
fc6b
0116
fd0e
f782
013a
0098
0212
fd4f
fce2
019b
0613
000b
01b3
feb7
f9d3
03df
03a2
02d8
ff46
0263
0393
067b
03f4
0041
fac4
009f
0107
02d6
056a
ff9f
0867
f8f6
01ad
fcce
f85f
ff31
fa2c
ff5b
0024
0479
f9f8
03a2
0064
041e
fe46
faac
fb21
fad5
01e9
05e8
fdbd
0284
f9e8
00b9
02ad
fa35
ff2f
02dd
f444
0558
016a
02de
fe59
f91c
0223
ffab
0021
045a
030c
07af
009e
fd3c
ff3f
01aa
0410
fa22
0009
0670
ff0a
03b9
01f9
03d3
fcc3
fcc7
0015
f9df
feec
0103
0723
019c
0280
04a8
fc24
ff57
09b4
ffaf
0477
03db
fa16
013e
0096
0152
fcfc
fb88
fe19
ff9c
04bd
0745
0596
0371
fbfc
fe5d
00d7
fd78
024f
02e2
0225
041a
fc62
03bb
fd38
fc3c
0221
04dd
01f4
0015
013e
008c
fb7f
fb08
ffaf
0052
000c
02b4
ff23
0240
ff6c
074b
0053
095d
0168
ff25
fc67
fa3a
fc09
fc7b
0194
fde5
00bf
0521
ffa6
0851
fb4c
ff66
fdd8
03bf
f70a
fa3a
ff92
0635
00e7
fa98
fb36
06b1
fd84
fc3a
05e9
040b
0519
fc33
f9e6
0088
0157
0175
05ea
f911
0370
fb9d
036c
fe1a
fcbe
fd8f
fa38
0029
fce9
0325
028f
06c1
0177
0215
059a
fd7d
fa0c
00cd
fa4f
09d1
05d2
08a8
0040
0234
fe29
0388
fb23
f5d4
fcd6
fa2e
05e9
0743
fa63
052b
03ce
f9b9
fe70
fdae
02fe
fb16
ff9b
fd42
01e5
ff22
fddc
ff26
0825
fe55
fbd6
0255
ff6d
fa57
08ed
fe97
fe7d
00a4
06ec
f948
011b
0859
0084
fb0f
fd87
00d4
0553
fea5
034e
fa42
fa3a
fe12
05c1
0047
0129
011d
0470
fd8f
02c1
fcad
07ef
fccc
fc78
0233
0052
014f
00e9
fba3
0674
0393
0570
fde3
01ab
00ca
0483
04a4
00c6
f9ee
071e
0239
fd91
01a0
f9f5
0439
fa1d
ff1e
00fa
0428
006d
028a
ffe3
ffdf
0058
ff3e
f941
fced
00fb
ff01
ff60
feb5
fc8c
fe07
fec6
0005
0193
ff47
fbe2
fa68
0a64
fb7b
fded
0211
0172
0215
fe3b
00f4
003f
fec0
00fb
0439
ffe9
fff0
0446
03d8
0656
f8fa
039f
0268
fc75
0102
0434
fcaf
01c5
037c
fbb7
ff6e
0134
fcd1
fc7c
ff76
0335
0293
fc8e
029c
fca8
f98f
fe88
047e
02a0
fffe
fe55
fe71
006f
fbba
fe9c
ff23
fa99
fca5
01a4
000a
fec4
fc5b
064f
fca6
0102
fe0c
0025
01d5
fa85
fff9
04c3
070c
ff7b
002b
08d8
048a
fd88
fd86
03d4
fbf5
045a
0156
0212
fef9
fd7b
05d9
ff03
fe5b
ffae
00c6
fbe0
fdbe
fd87
0362
fc75
f8fa
f822
fa1e
0572
0011
0201
0225
003a
ffb3
042e
0095
0599
027c
fd87
fe03
fd17
04df
fe61
fcce
0147
ff9d
012e
078f
03a7
001c
fa5e
fe00
02d8
fb51
0890
000f
0032
fd55
01fd
fb5e
08a9
0545
03f0
fa70
00d2
04d6
025f
fbfe
fd66
fe31
fd96
061d
f851
02a0
fad5
fc28
f7f6
fdce
060b
010f
fb35
0412
04ed
006b
0824
0349
02bb
fcc9
0282
00de
0214
fd43
0083
fcbc
f769
03fe
f9fe
006e
0155
014e
fede
0116
01e2
02f1
06ef
00f0
0042
fc60
01be
02ab
ff3b
022e
fed4
02af
03a7
0398
0079
fbd7
fd8d
0261
09cc
fea3
01d3
fdc7
fc1b
fd4b
f7ac
056a
f714
fef2
fb4a
fc76
0582
00ce
fc23
fda4
fcf0
ffd3
00b1
0795
f856
ffdc
febd
03c9
016b
025d
0161
fc46
04d8
0332
03aa
050e
01ac
05ed
0183
ff20
fff9
ffe8
fdec
0687
012f
0061
018e
0beb
fb79
fc9f
fa7a
ff12
00fb
fe24
fdd7
0092
fdfe
013e
0475
02b5
0386
0458
0122
ff5e
fce9
fe6f
fde8
02ed
0163
02c9
fb5c
05ba
fe4b
fb9a
fe3e
09ef
fe73
feb3
ff3b
ff68
fce0
0093
044d
0142
fb8e
fe9f
fdcb
0036
0552
ff68
ffa6
071c
0381
024c
07d5
01f6
f80e
0355
f9a2
01cf
f925
fe22
fe8b
fceb
fe9b
0421
fd25
022e
fc23
ff3e
014c
fc04
fac1
01f8
047e
ffaf
fe2c
009f
0039
00f9
f5e3
fbb9
fc9e
009a
00be
028b
0108
facc
05ca
0516
faf8
0155
fd9e
008e
0437
0885
0301
012e
fea4
00bb
0570
ffd2
fc75
f985
020d
00fd
fd6b
041b
fe50
ff76
ffef
fe99
00f2
049b
fb6e
01f4
00b0
009d
037d
0032
01ec
02dd
fdfc
0132
feff
ff78
feb6
01e2
0054
0194
ffee
f995
0020
0041
00f8
fda0
fb38
0280
fee8
00af
fee0
fffa
fe34
fc21
01e5
fd96
00a8
01a4
fda7
fb2f
09b4
fde4
027e
07c2
0329
fecc
ffbb
fcab
0387
0244
fdf1
fbd5
fab7
03f2
007b
00dc
fcb5
fa25
03da
002b
03a1
fe75
ff0d
02da
02ee
0331
fed2
0275
0470
ff95
fdf2
055f
fd62
0285
ffc4
f8a2
0484
f4f8
f810
021c
021c
fd73
0097
f5e0
02d4
0100
ffd1
0015
01f9
ffe2
f881
08c9
04ce
fadc
fe9f
ff0e
0451
f75d
fe01
f8f5
fedc
fe1c
0052
fd95
fcff
027b
01d2
0235
ff4b
fdb7
ff86
0201
f74b
0194
013d
0040
ff67
f5bc
fe3e
0728
000d
fec5
0011
016b
02a3
ff16
01b3
06b5
0406
095c
fd5f
06b4
fcd6
016a
02ee
fdf5
005a
03a4
fd29
06ad
fa76
07c2
0401
ffa4
fe64
fdf9
ff75
ffce
0505
07e0
00cc
fc9e
fdd1
ff45
fbe1
fb49
0863
0136
fcab
0344
fb49
fb9e
fcca
069e
fefd
f63c
04d7
fec6
f89a
febc
0216
019e
0732
fc97
0030
fd34
f9d5
038b
01da
0122
01b5
fd42
fbfa
0027
04a5
066f
032f
001e
0114
000c
fbe5
0019
faa9
ff81
068b
034b
fc4f
ffb6
fcaa
ffc0
042a
029d
09f0
04c5
00d1
02b5
ff31
fb7d
0539
0409
ff09
0119
04f7
0363
fa26
00f9
ff54
0474
0420
0546
fb87
fcdd
0475
fda2
f9ea
0221
fdd0
0729
012f
00a4
fe86
065d
016f
fe5e
fcd3
ffb5
fc17
041e
f8c4
ff71
0271
015e
fd22
02a4
fc75
ffe9
029b
01da
fd4d
04ca
0059
02f9
061e
0478
047b
00c5
032d
00db
fb2a
0136
0107
0256
ff7d
fcf4
02a0
fabf
05d6
ff13
00fb
023c
025d
fa5d
034c
0136
fd75
fd00
feaa
face
06e4
05f2
01cf
ff1b
ff36
0308
0708
fdb8
fb88
0631
f8da
fbf7
ff03
f9c2
0473
036d
fdb3
051e
05cc
ff8c
fe33
090a
02e2
0106
0574
0135
fdfa
0052
0428
f808
fed9
0588
fdf4
062f
05a9
ffbd
fdba
feda
0aa9
077f
0080
fd91
0078
00fa
fb07
0052
054a
f8cd
034e
0580
fdc2
06c7
fd3d
01c4
fec6
fec6
fd88
02cb
0365
ffbe
fa8f
019d
01b0
ff22
0778
f9bf
f722
fd14
02d7
fbc7
fc13
03ce
01da
0182
0320
fe4d
fe7c
033d
fa9f
f76e
fe44
03b9
0106
036e
f7ef
0143
029e
fa99
0373
ff8e
0c49
f74b
057a
fe6c
f988
fde4
011c
0426
06e3
05b0
fc23
0485
0191
fd62
ff27
fd29
0026
fd15
fbe3
01eb
0284
ff40
0578
fef5
feca
02a4
ff78
0057
f5eb
0011
f8b1
fb1e
faa9
fbd4
fdce
fe0e
02a8
00e4
f865
0055
0146
feb0
ffc2
00c3
030f
f9b3
ff06
0609
05ab
0367
0226
069e
07ac
ff7c
fc1f
feeb
0c63
f9b9
fe1e
fa59
0080
fb30
ff91
f833
0278
04e4
fe77
ff76
ff59
00b9
ffd9
0313
04ef
fcbe
fec3
039b
fa50
f81e
00e8
01fc
fd1c
fdaf
fcf6
fc88
02c6
fb47
fef0
fc61
fa2e
037b
fdec
00c1
f9f8
fd08
0306
0a59
f818
ff32
01a6
fd89
0366
fc88
009e
fde9
04e1
fd4b
fe98
03c8
fbe3
0046
f8b6
fba6
0187
fc0a
fdd2
01f9
fdaf
034b
00dd
01be
04f7
0147
0628
03a5
fde8
052c
010e
fe6c
011d
0473
01d2
074a
0459
0218
fbe5
ff48
0049
02c9
028d
00ae
007b
02e2
fc91
06c8
f7d0
05d2
ffd2
0403
0175
0162
0238
033c
feaf
0424
fbaa
fffb
0358
03fb
01d8
fe6d
0396
fd53
0701
ffa9
f9d7
fb39
002d
008f
07e1
fbd9
0028
fbc3
fe08
06bc
fb74
0259
0192
ffe7
0214
fb5c
06a0
07b3
0030
09b1
fe67
019a
05ba
fe2a
fa79
f98e
083e
fde2
ff42
fb8d
03cb
fce0
fe09
0133
fbbe
ff49
059c
01b7
0086
00dc
fe72
07fc
fcc0
00d8
0076
0409
046a
ffdf
012a
0150
f6e9
f9a5
fd94
fdc1
fb34
0300
0002
ff24
fafa
ffd2
f57e
ff59
0041
00f8
f9be
00e6
fbd6
fcc0
02df
080e
0035
fcbb
00c1
03c2
027c
0af9
fd23
0102
0632
05f2
f833
fffd
05f0
0b90
02d1
fe87
fbf7
08e0
02ea
fc9c
ff30
013e
022d
fc67
fd8b
f963
0429
fea2
01de
05b0
00e1
ff8c
00c7
0041
04fc
013e
fdd3
0431
04ec
faa6
0622
0175
0122
0407
fdbb
03d1
fe7e
fa1a
fc02
0245
fc38
0671
04c2
0555
0080
0108
fb3a
03fc
0185
0245
06c1
fd93
ff7f
014f
fc42
ff40
01f9
feb3
053c
f9f5
047e
02a5
fdba
fc4d
f7ae
fcd2
0430
ffc7
04a7
fd85
02d4
fd21
fc23
ff92
fd57
f9d4
ff45
006d
0513
03bf
04e1
02e2
0155
fb16
0099
0263
05d4
02bf
04f6
fbdf
feb2
01b8
04a5
ff6b
ffac
02c0
fb7f
066e
fc7c
f853
000a
06cb
0259
0301
002a
ff64
f9d2
f6f6
00c9
0540
0160
027f
0656
0151
ff82
fcba
0817
021b
fc3a
fb51
0503
fbda
076a
f4f9
05b1
01f3
0079
ff4c
0790
02d4
fc63
f920
00b6
ffff
f9ec
ffc7
fdb4
000a
02e7
05f8
03a3
fd1d
017a
0041
faac
0198
076d
0021
f9a0
001f
fb25
0374
0219
ff51
fead
ff27
0008
fce9
fa73
048e
fe75
00ab
0124
014a
fb4e
f94c
fda5
0195
fd17
fe95
0882
f89e
fcfb
0796
ffd2
fd2d
04ad
0039
fe9b
00c5
fd5e
fbee
ff8c
fbf5
000b
016b
036a
0483
fe61
01ff
01f8
0150
fe15
fbe3
0202
f92c
feee
f5c9
faa8
fc7e
0463
02c1
fdc9
02eb
038d
ff5b
fa76
ff2b
ff9c
fb12
0178
011f
01c8
011e
02eb
ff48
00cf
fe69
fda9
055a
f7d3
0382
fd85
fd00
010c
fa0b
fcbc
fc9a
ff1d
fcc9
0668
0730
f7e9
022d
036f
022c
fd5e
ff06
fd02
fe52
fb29
ff8a
f9fd
ff33
fb01
00d4
fd48
012a
0454
065c
f5e3
fcaa
feca
01d7
f966
fc12
0085
0057
0183
01c6
015b
00c6
0039
02a9
f70b
062d
f72f
fbaf
ff18
02b1
f405
ffe3
032b
03fa
fd36
fecc
fd89
fe6e
fbdf
fc71
01bd
0087
01f7
00db
02d1
0383
f908
fc95
ff13
ffe9
fd52
03a6
07eb
00bf
0056
0366
f889
001d
03eb
fd6d
fb18
ff42
ffc2
fc5e
0862
fe16
fb63
ffa0
03a2
0012
01f1
fc84
05f3
023f
0431
0176
034d
fc82
fe09
0563
063d
fb69
0100
fe47
fd36
0124
0490
01cf
feb9
020f
fe8f
01a6
0596
f7b1
0330
f9d8
04ea
fd74
fb21
02c8
0175
fc01
fafd
ff40
fb2f
fbc1
0076
fc23
01b5
05f6
ff68
0085
0813
fb40
04c4
0449
036b
052b
011f
fdab
0461
0488
046c
002e
fd23
00c4
03c5
0419
fe48
0143
fac4
03f1
fcde
0324
fb67
0420
014a
fce0
02c4
fda3
0300
fee7
f91e
fc12
fe47
0579
039b
067f
069d
fddc
ff3f
fe5b
fd50
f8a2
fff1
fadc
ffdd
0877
fdf6
00c7
03a0
011f
012c
fe8d
ff13
fc29
0362
f909
03e2
fa63
03da
fe96
fb13
0251
03b7
fe3f
02e2
f6dc
fab8
052b
ff1b
f88d
fd34
fc4e
ff56
fe84
00b7
ffb9
0570
01b3
01d5
04a9
fe72
faf4
04d4
008b
008f
fd77
fd88
0363
03f0
0323
032c
0247
0087
ff4c
04d7
fe81
017b
fcc9
fd5d
ff0e
fcc9
0331
fa9c
0066
0088
f8c2
fe3c
0106
01b7
ff2f
02b5
ff90
000e
0102
03b5
fd4c
fe0d
fd53
feac
05b4
024a
fb7a
fd99
017e
fc60
fd19
0561
fd8c
03d2
0505
fd11
fc71
fee5
fba5
007c
ff2d
0171
0596
0345
01f5
f823
01c6
06e4
f3f5
02c2
ff5d
fc9a
0334
06d7
031a
fe84
fc3a
0094
037e
fe74
fed7
0b4a
0451
049a
fa29
fd2c
004c
fbff
0667
05a4
fdde
0723
fffc
0a5c
0094
024e
059a
051c
020b
ff6f
020e
fcbc
009c
fb90
f8e0
0034
050d
03b4
ffac
06fd
fdb9
f854
f746
fb46
0344
fd76
01d8
0696
fb9a
01ea
0228
fc8f
056b
fed9
fe77
0872
0217
03b3
056b
fd66
0500
fdfe
fdd2
fee9
fd83
034a
0112
fe09
02b3
fee6
feb0
0032
01db
018f
fe8c
0363
ff1c
fd61
fa21
03ef
000d
00d8
042f
fe17
fa81
0047
013b
fef3
05e5
f60e
047b
032a
01d4
f2a8
0523
fbe5
fdf8
ff51
01a1
028f
0392
0343
0103
01aa
fba3
fcff
0395
0359
02e5
fdf1
03a4
fb5b
044f
fef5
06bd
f9ea
070e
fe8e
fe7b
00c8
fd36
ffb6
fd0d
fd32
01f3
fc65
fced
fa82
fdfc
053f
fc9e
fd13
00c7
fe84
08ea
ff5a
0157
03c6
03b3
00ef
ff5b
0819
ff9a
fe3c
fd6b
f918
0349
f69c
fffa
ff2e
08f6
f8ac
fc65
ff75
ff36
fdcd
ffad
faf6
016e
f6b7
ffe6
fd99
0411
0705
fead
0590
febc
fc23
06fc
0215
0005
02c0
0119
ffb9
fab2
feeb
027e
ff82
039c
0189
fc7d
fab9
ff5f
fde7
0158
fd21
fd8a
0436
0098
fd30
0012
0584
012d
025f
fcfe
041b
0946
fcd6
fb46
00b4
0381
ffa2
fbca
ff91
0264
fe5f
026e
04a9
00f6
ffe3
0351
fc93
fc2e
feef
fe08
fcc9
0752
08b0
fe96
005e
ff40
046e
0539
f8e4
01e7
fac6
0708
01c3
fcb5
ff09
fed8
021a
042b
fb68
075b
066c
fc80
004b
06d8
04ef
fea7
0342
0bfd
006c
fd78
00b1
00fc
fde7
01c4
fafb
fd56
0308
f8fb
039d
f7f4
f913
fe01
0126
054d
003b
ff04
0251
fc84
008f
fb34
0055
ff7b
fcc8
00a9
00a2
04b4
f994
ffb2
fcf5
037b
0304
0208
fd2f
038b
f9e1
f90f
fae6
ffde
02b3
f419
054a
0086
f9bb
0067
045f
0266
0465
fa89
fe58
fc4d
06df
028f
0b63
fe21
fd1a
ff6e
0583
fe89
007f
0063
0028
fd64
ff73
ff48
fff8
03c6
070b
fca3
fe6f
fcb3
00c0
fdd9
00f6
046a
f5e6
01f8
fe29
01d7
fc6a
04c9
03a7
0246
032c
fd04
fd86
0302
fcee
05c8
feb5
0202
0866
fd2d
0046
0437
03ce
feb0
fdef
ff11
05cb
fee2
0050
fe4b
02d2
009f
fbfc
fc20
f801
fcad
032d
054c
02be
0238
ff7e
031a
0125
0738
ff9b
055f
037f
02f1
f7f4
03b7
ff7d
fe39
fa11
fffa
0022
faca
fa1b
01f2
037d
00c3
049a
ffa8
ffc8
fc55
f9c2
076b
0486
fa6e
009f
ff9a
fee7
fe5d
0186
0346
019c
ff85
ff5f
03bf
01db
004a
ffdb
0162
fe20
0349
fbb2
fe5b
0272
fb78
f9b5
0041
f937
face
0307
ff2e
0524
fb2e
ffa0
0199
fb51
0421
020b
f990
ffd9
018b
fda4
fa15
011d
08d8
fe74
0647
fcfe
00dd
0316
fff7
fecf
02e8
0791
0134
fdf0
ff3e
0a14
008a
fd9f
fb6b
f8b2
0174
029e
fe6a
fff1
fb51
0088
01ed
fddc
06c3
fca7
0122
0365
ffb1
ff3f
fa49
056e
ff52
0226
02b1
fd7d
ff36
0557
fb88
0883
fd05
fb48
0087
08d5
f85b
ff70
01e8
0022
0187
fd21
fd9a
ff68
fb7b
ffd2
fe72
fe1f
0148
f8b8
ff15
0945
fba8
0524
0038
fd97
fab8
008f
05d0
fe71
ffad
040b
015d
f9b6
0065
060d
ffda
f509
018e
ff35
f8af
f948
03e7
fd12
fc5f
ffdc
fd6c
0066
ff30
fb33
fdf5
01c5
002b
ffac
07c0
02ed
0369
ff56
00e1
fe47
031c
ff8f
00e4
00a4
ffed
0bc1
fd55
fd4c
02c7
fd9f
fed6
fba8
01f7
0204
febd
02dc
f891
fd2c
ff52
fb50
f901
fec5
02c7
0521
fdd0
02ef
028c
04e0
fe99
f8ce
0048
fbf2
fd1b
fecc
fea5
0091
02d0
fe87
0195
000f
03be
ff3f
ffaf
fe81
ff5a
fcde
fc78
031a
fbab
feb9
0410
fe97
0351
fda3
fbcc
f99f
0540
fb74
02fd
fc00
0545
08d4
f941
fba9
0318
020d
031c
fdb4
07f3
0079
fb22
fefd
fb30
065d
fd5c
01f8
fe1e
fd8a
f85c
0265
0532
fc56
f9d2
0337
f96a
04e1
fc62
fb96
00fe
fbd9
fd2c
016a
f649
0692
002d
fad4
fbee
03f7
0267
058c
fd45
0130
01b5
02c8
0482
fd22
ff8b
fd8f
ffca
02cb
f962
0470
fb71
fec5
04fa
0150
015c
fb47
fbd3
03c4
fda5
fe05
03db
fbcd
0114
002c
fffd
fded
fdae
fbb0
01ee
fd54
03e0
ff1a
fbc4
ff0c
fe5b
0409
fe86
fee5
05a5
0208
06a7
0509
fc74
03f6
061a
0622
03f4
03df
feca
fca7
fe97
f957
055f
fede
052a
fb13
0455
fe05
fadd
0682
046e
00d9
0023
01c2
00c7
fcd5
fe5a
07d8
0ab0
0640
01ea
fea6
fccf
fd12
fdc9
089b
073a
02fc
fc28
0392
ff0c
f763
0126
fca2
fcc5
ff00
fe02
ffdd
ffac
f87f
0615
fc11
fc31
feb0
ff91
05d6
0114
0244
0119
00ed
013d
f845
ff00
04a6
0fc5
fb2f
01b1
fdb7
0831
fa96
0280
fa5f
feba
ffdd
0447
fbb1
02a7
0013
0117
03d5
fadf
033e
fdb9
0462
0157
ff29
fda4
034b
050b
fdde
fb78
02c7
fa35
fac7
fbc0
fe57
faa8
f83f
fb75
0292
faea
fea4
07c9
ffce
015f
fc37
08a7
fdd6
ff16
0545
ff46
0031
fee0
fee7
017b
0236
fd6d
fcf0
fd90
fa65
f9a3
0130
03c1
037c
f679
ff05
fb97
0093
fe54
025e
ffec
f86a
fc22
0006
005c
fa61
f9db
003a
fa63
f953
fe38
fe0c
fc7d
fd2f
000e
fd1f
0048
fe7a
00ac
0383
035b
0527
035a
00f4
fe44
fe73
fc7d
0005
02ca
fd19
ffda
fd4a
00d6
fdcd
fd0b
fd48
0203
ff9d
fe49
010c
fe58
0482
fc1b
ff41
fa62
fe9d
f948
02fc
0311
0323
001e
fc7b
fccc
061f
05be
007d
fdf0
0579
fd39
00ea
0568
fca8
0351
0215
ffd8
fc07
fd1a
0128
fa4f
0086
022a
03f1
fa68
0544
06c8
01a4
fbd9
feb0
ffcf
0115
0017
0120
ffa3
010f
fe28
fea6
fdb2
07ab
05db
0239
054d
0332
00ba
f9fa
fef4
fea9
fb78
fa0e
01f9
014c
fb55
fd04
04a5
fc7d
00af
ff3e
0207
fc93
005c
00ad
00ec
0051
0161
08c4
0a3f
fd71
f6ba
0262
00bf
043f
0124
003c
0484
0513
fa74
fcbc
ff94
0065
ff19
01bd
03fc
06e4
0251
fc97
ff69
ffb3
020f
018d
0834
fe27
018a
096b
fda9
0095
fc38
0054
fce1
0430
0097
fc42
035d
00b8
03d0
fb69
017a
0318
fe4e
faf7
ffd5
04ea
0481
fe49
fade
fe46
fe20
01c9
ff94
fcfd
046b
0090
01be
f91a
f64e
fa40
fe14
024e
f6a2
065f
00af
0571
fc75
0204
0057
0345
ff11
01e5
0469
fd65
00f8
f873
02cf
07d2
fb06
ffa2
0386
0020
00a9
fe70
fe4a
ffa7
002b
fb46
ffbc
0646
fe53
fb0d
ff65
fd24
faa6
008f
fd29
fd80
009d
f9de
f909
02af
f847
fc18
f8cd
fe0e
01b6
0073
0991
0459
fc46
fb36
0ad4
0440
025c
004d
0118
fa12
00a1
0049
fc62
fdd9
0610
ff80
0849
f90a
fde9
f9d0
fb2a
fcb0
0143
0111
fd48
f717
05e9
fedb
fb89
011a
00d1
feb6
0098
fb61
030a
fc03
fd94
0298
04d1
0658
0439
feb4
f9d6
059f
057c
fd50
03af
feac
0601
fdf1
07ea
0325
0731
fe25
019f
fc1f
0360
0399
0997
01ee
02e5
fe1e
022a
fe7b
0077
00b3
fe97
0040
fe80
fe7b
044f
00b4
0163
fa2c
01b2
021f
fe68
0857
f6d8
0323
02da
022b
00b4
0234
0379
fd19
0132
ff44
fba0
02de
fdbe
fa02
fdd8
fcce
041d
009d
0588
fd55
037f
0b5c
016d
0372
02c6
fa50
0258
013a
fef6
fc77
02c7
fc1c
0889
0075
fb1b
fdf2
fee3
09a6
fc76
ff89
fdd9
01ff
fdea
fb72
ff38
fecd
fda2
fdd8
04bd
feb9
fb77
fe27
0038
faa8
0681
0378
05b8
0192
f7a0
0624
fc8c
fcdf
00a0
0583
0437
03a0
fec1
feb1
0162
ff7b
038f
0352
025e
f5e5
0083
ff91
00ac
fcfc
fab3
01da
fe93
024c
fd51
05aa
0401
0130
ff26
0369
0192
00f4
042c
05b5
fafe
fbcc
fce1
f9fe
ffc0
0267
ffea
fddd
0481
0090
015f
049e
ff82
083e
fe35
07fe
fc1a
0212
fd6e
047a
fe16
012a
fd66
03c0
fd61
06bc
fc04
fa9e
03ce
fda2
fff9
feb6
fac0
ffb1
050f
0403
00ed
0473
fbc3
feb3
0195
ff7a
ff03
fb33
f7ad
0345
00f9
039c
fe40
fd26
0007
036b
ff13
0335
fbfa
ff5b
ffb8
04e8
00d5
06fc
fa9c
0085
00b8
027b
fcbf
06bd
000d
fba7
fff0
febf
0b22
0433
0033
ff8d
03ce
03ff
f45b
0292
001d
fac1
0385
08fc
023a
0467
0737
fcae
f892
02a1
ff02
fa81
ffb0
02e9
ff67
fcda
ff1b
ffec
f848
ff6e
fa9f
02a3
f9c1
040d
fe5d
fdd4
012e
fc89
011d
fd12
fdc6
019f
fb72
faf1
00fe
ffe4
00ad
0150
003b
026f
0064
f7f9
f902
07b6
0000
03cd
fe9e
ffc5
fe30
09dd
0103
fddc
f965
07e5
ff59
02fa
036d
fe26
02b1
fd95
fc0a
04a8
ff5e
0213
01a5
028d
f9c6
fda9
feb4
fcad
01b7
04bf
0561
fea5
012b
01c8
027c
fc7d
0748
03b5
03d0
04d0
0223
fbe4
ff72
f965
01a9
ff53
ffd7
04d1
fe2c
fefe
0017
f8a4
fef0
f60f
fda8
036c
01ca
fd9f
002a
fbb3
fffe
0bb9
0762
0036
00a4
fc15
fccb
0173
fde7
039e
0647
0155
0068
f947
02fe
fb6d
fe54
03d7
041e
fe22
fe5d
fd34
fb35
fd76
f98c
02bb
0194
023e
fc2f
fb38
0037
0042
ff69
fed8
06d8
01b4
07e2
0513
06d0
fbb4
025f
fe46
f959
05fc
fed3
fbc8
fe57
fcd1
fd3a
ff1d
06ec
fd56
06a3
0365
0196
02fe
000e
0525
0245
f957
012f
0323
fed8
0081
fd8c
fa7d
f9cc
f9da
02ad
f60a
fd56
fcf0
fedf
f893
019e
fae8
0488
fd83
ff9e
0004
00fa
0026
fe4b
015f
01dd
fcf1
01b5
04c4
02d3
03bb
00b0
fc41
fcc3
0148
03c5
0b25
03ed
fb51
fcee
091d
ff24
0031
fc29
0643
0200
fce7
fc06
013b
002d
0354
0230
fef1
fdd3
ff5c
fdcc
ff7b
0011
fc69
0286
fe85
fca2
fe98
00f8
0055
01b0
0398
0538
0124
fbb9
feec
fbfc
06ca
07f3
029a
036f
0101
0177
f99c
ffb4
fc7a
0120
ffc3
07ca
03ab
0123
feef
06b4
ffe1
0154
002b
fe62
0025
f827
f9cf
0166
0646
0165
fd1e
fa3b
0323
fdbb
0293
018f
01ea
0022
0189
ff86
fd75
fc25
f676
ff47
0614
02ec
00e9
fd10
03fd
ff86
064d
fc13
fd00
fc9c
fa12
fc40
006a
fd27
f093
044c
f943
025b
0020
0878
03fd
fdfb
fd31
0603
fa19
00c3
ff7a
fea1
016a
00c2
01d4
008e
01ac
0060
fd5d
0004
fd24
fce1
fea8
ff86
0024
03aa
fe02
00ca
0079
fd91
004c
0403
00bf
00e8
fd2e
07e0
fd68
f954
0371
ff8a
feca
fdd1
077d
016b
0233
00a7
0115
0598
feff
fa2c
0379
01fd
006f
01e2
fe84
0015
ff79
fda2
04c2
fa5a
0972
0382
f8e3
ff1a
ff53
0191
fc0b
0021
ff84
fd0d
fc7e
03ad
f937
01e9
0331
ff20
0036
04a7
fd2e
fd98
fe05
04a9
052b
fa6b
0406
0347
0637
018a
ffd3
0495
02cc
08fb
03d6
009d
fb4e
fdad
fa42
ff24
03b4
fffc
0416
015a
fe63
005a
01e3
008f
009a
fcec
fe45
0909
04ea
fa1b
f688
004e
0393
fdec
0416
003d
ff59
0306
fddf
feda
02ae
ffe0
07a3
02c6
0284
ffcd
0380
feb6
0121
fc56
0428
012a
07ee
0992
030e
0046
fc37
039e
00d7
0227
06eb
fcb4
fc4e
ff0e
0349
0238
fc6b
0307
fb32
fca6
ff8a
fdc9
038f
0125
0710
ff03
ff83
04d7
ffa3
05fa
022a
f697
04b6
03a7
03ce
f85b
fd59
fda5
fca3
06f8
fff4
ffdb
0235
0247
f2a9
fd6a
fa59
019a
fed8
0010
f7b0
fec3
0476
05a3
02e0
faa8
050a
02e5
ff88
f7e6
03d0
fda2
0162
0046
0627
ff80
fff1
0651
fd5e
0342
ff35
fbfd
0001
02c4
056a
05e6
fed2
fc0d
feba
fb46
ff21
fea2
02e9
f72d
fd11
fd19
04c0
fb8b
00e8
ff7d
042c
0262
007c
fdc8
f897
00fd
021f
f9b3
fb11
0102
015b
fc0a
fdb4
f8a7
0582
facd
022b
ffdc
0529
fcd5
003f
f935
f83f
0263
f8dc
ff16
040c
02fd
fd57
f9a5
020a
055e
fd5a
fcc9
fde7
0249
04ea
fb0b
fa02
095c
ff4a
0103
fd3b
01f6
03d7
0133
06f7
feb1
fef3
00ed
01dc
00e9
fadd
0140
fe81
fdad
0021
fc27
fb75
f58a
06fd
0239
ff88
fd55
f47f
fd16
02dd
03c5
0292
00a2
0537
feb0
0457
fe76
fc7a
fbfa
fbbe
02a3
fd07
fbde
02db
0150
03da
020d
fcfd
004e
0080
fc53
fb95
fd47
0825
fe59
04ee
fe20
038e
039c
03cf
018d
0582
0183
06db
f985
0165
0122
fc41
0251
fa0a
fd62
f801
063c
ff13
08ab
0336
01cb
fda8
fbd1
0218
ffb7
faa5
f9ef
fc2a
0749
08da
00d2
0099
fea8
fc43
0580
077f
fc6d
ffab
fe33
fe52
04be
fac1
01de
02ea
ff6e
0393
0097
04de
f9e9
fe9b
ffb6
f550
fba8
fcbf
03cb
fd2c
fcba
0345
f987
f7b7
fe8e
fa36
fa5c
024b
0381
0328
046f
04f7
f77c
01cd
fde2
fd03
023e
f914
f8ff
0289
01f3
008c
fc7b
02fa
02b9
0057
fb4a
fe4d
035a
054f
feb2
ff00
ff5a
0119
fdad
f46c
04c5
072e
fd8d
fbbc
ff74
ff40
03fb
0038
fcd4
faba
0376
0266
043e
fc21
075b
f906
02d7
f85d
fcd7
063e
0353
fdd1
fded
0067
020e
0502
fe2d
f98e
00a1
fe2c
facc
0131
ff26
013a
fc6c
01f2
fabb
fcb0
ff07
06f8
0324
044f
05ab
0e69
002b
05ae
040d
03fc
0719
fe53
fe01
0147
ff45
0146
0640
fe16
fec8
00b2
ff16
f858
fdae
02c0
05c0
fb62
fb5d
001f
f7b3
fe38
f90e
057a
fcec
069d
0474
fd6a
fbb6
ff3a
ff95
0162
fce5
02fc
0110
fea3
fd27
ff43
fcbb
003c
0057
010c
0711
ff78
0405
00eb
ff0c
ff86
ffc4
011e
fc2a
fa23
029e
0398
02fc
009f
0312
02db
0327
fc90
fb9d
fe72
ffee
ff08
f87e
06e3
fee7
00b1
04fa
f69f
fdf4
fe74
fea8
ff4e
05ca
02b2
03d5
0030
fa67
f7ae
f9e2
0170
0021
ff29
fe87
080c
fcb5
03b6
0002
ffc2
04b5
05da
ff0b
0332
0175
0008
00d1
fd3f
fec7
fdad
039b
ff9f
facf
fd1b
f334
fe06
0027
ff75
07ec
024d
021f
f96d
fe8b
fe0e
fcdb
fccd
f8c4
fae6
037f
ff6e
fdf9
fffa
04ab
0004
0229
fc9d
fd87
016a
0792
05b8
0255
009b
059b
032e
f6d3
fbc9
015a
f8da
fc69
fd33
fefa
feda
fed8
034d
fef0
fe76
fa9a
0419
fd50
fba7
00da
fcef
fde5
0109
feb2
093f
ffb3
0279
f83c
fc8f
fba7
fc2f
01aa
0424
0161
ff18
fd7a
0474
0849
008a
03c2
0160
0306
fb58
fe0c
0195
04da
fcba
f7de
fe02
040a
f9aa
fb4b
00a0
ff89
0261
fb16
feb3
04c8
fb3a
05e8
fbbb
0366
fe82
fb6c
fe03
022e
fff9
0479
05be
fb45
fafa
fac8
fc67
046b
023e
fdd2
fff5
059e
07a2
010a
f55d
0130
03bd
00e6
02e8
016e
fb10
fc74
feb7
0443
fcf0
01d3
0137
0658
ffd5
f8fb
0296
088d
02d9
fcd9
fbac
fc30
0803
feb1
fd59
ff5e
febb
0645
fbf1
04b9
007d
04d4
0655
0057
febd
0044
ff9f
f95f
0636
00fc
fb59
f7bb
f6b1
0315
fd86
fe2e
01f4
fdf0
0230
0062
ffaa
f9b6
fcb9
0269
fd46
04d2
0963
02a0
05f9
02e2
fddd
00cd
080e
fde8
fbd8
fb77
ff21
fbfc
06b2
00de
03e3
fece
fb70
fac3
fc5e
0164
0214
026a
fa0c
0000
fbe5
019b
01eb
fb50
03df
095b
0357
ff59
febc
ff2a
fcf5
0102
fb72
f871
00e1
0016
fdb7
fadf
0129
fc0a
ff72
070f
029b
fa86
fae7
009b
fa80
f7fe
0221
0149
01cd
010d
ffbd
fd5a
0211
061f
fdff
fbeb
fb76
fc88
00cf
f771
01c2
0293
f8cf
fc15
0052
ff6d
0214
ff6f
050f
feb7
fc11
fbbf
02f1
001e
0289
0274
f7ec
fb71
fbeb
fcbc
fe52
03ff
04cb
fed4
feff
fd2e
005b
00cf
033a
0332
f6cb
ff64
0589
fe3f
048f
fec6
00b3
fb74
fb9a
02e7
0387
001b
fb17
002d
0507
06f9
febc
f95c
035d
fee5
03c6
0120
fc77
003c
053c
ff67
fbdc
f9a5
fce9
fe5c
0348
fb84
0637
faa7
0953
06e7
0091
f969
ffc7
fe74
fae7
012a
fcb5
fd24
ff2f
fdb3
0850
fddb
01c3
0095
0169
01b7
0387
0111
00e6
003c
ff72
fc5a
ffc2
00f7
019c
00b9
ff11
ffc6
fdc9
0141
ff1e
00b9
0401
fd2a
0263
0022
0816
ff23
02c8
0010
fa72
fdeb
0386
fe45
f71e
ffe0
fba1
0087
0634
0314
0626
fdc1
ff6d
fbd2
fd44
fc4b
fac6
0577
f7a2
057b
04fc
0200
fb8b
f9ac
fdce
0280
0003
fbd3
0498
06bd
ff18
0070
f9f7
fe58
020b
016b
fdf8
fee7
fe36
fee3
01b1
f821
ffb4
0166
fdb8
fe15
fe33
fe15
0006
0084
f799
029d
fed7
07bb
fb3c
fc88
ff30
01a7
f832
fcaf
025e
fc35
057b
fe2f
fc67
0271
066e
01aa
050b
06b5
fc50
03c1
f9e8
01b3
ffb7
04f9
04b0
0247
0132
0209
003f
ffc1
05c5
0640
ff6f
00f3
0054
f98e
fea7
0666
fd00
0875
04b0
019b
023e
fc55
fef0
05c4
fd8b
043f
fa7e
fb35
079b
fff4
fdd9
0573
04fc
03af
fdb8
feda
013f
02c7
fdf7
00af
0112
0526
0305
f9f9
ff25
fc49
0246
03b1
0068
feed
0047
00d6
fd71
fb20
f7cd
0512
01fc
0173
0510
fafa
f90f
0189
012c
f913
0170
fe66
fcc6
feab
f63c
fda2
fd2f
023a
ff5e
028e
f5cd
fca5
0239
fec4
0362
f8c8
02ed
fd72
fd0e
03f7
04a6
0424
0828
0511
fcd1
0091
fe8f
081e
046b
ff3f
0383
fb12
0100
fc40
f93f
0323
03a2
01d4
ff45
faef
fb5b
fc1f
ff11
044e
043e
f968
fd3a
fd1f
f5e0
0244
ff04
ff8c
0562
005a
fe47
024a
043c
0130
02c2
ff6b
ffac
0074
fcfd
fdba
0583
0808
065e
fab5
fa52
fb3d
008a
f4c4
fda5
05a1
03ee
fdf7
fe44
0245
03be
fdde
ff10
fdbc
faad
ff1f
fed1
faf5
0296
01ef
02c8
fced
f811
01df
fd58
fc70
faf9
fee6
064f
fdfa
fba4
029c
00b1
f786
02a6
0884
f599
fb0f
f49b
ffb3
03f6
006c
0591
0352
06cf
04a4
fe63
0044
fc86
ff14
003f
ffa9
055e
feae
fc46
fc86
029f
fa63
ff32
054f
012c
ffb4
ffdb
fbe2
fc92
ff38
0116
03cb
005f
0569
066c
032e
04e6
fc0a
fb67
0212
faa3
fed7
0316
05a7
fefc
fd66
0148
fbb5
ff4f
fff8
ffe3
005b
fca9
fd18
fd03
f985
015e
0394
032f
fef3
fcc2
02fa
028e
00df
06fa
ffe5
fef9
fe67
f9c2
02a5
ff94
020a
075e
fe70
f6a6
01ed
00ab
fd12
0197
0325
fc37
fecb
05e8
fd1d
0044
f581
fa13
00a1
04e9
fa8d
004c
fe7f
03d0
fb21
01b8
fd63
00e4
0047
fefe
01e9
002d
ff78
fe93
004f
00e3
fc0b
fe9a
fbc7
ffd7
fda1
0315
02b1
fc4f
fffe
028e
ff4c
fd16
fba1
036b
039c
ff2b
0311
f424
054f
ff5f
0091
feb8
0595
fbc2
05e6
0196
027e
feaf
fac4
03b9
013f
0572
ff3a
fe53
058d
07a6
000a
fcfd
033e
fefc
0266
fef7
0642
fd34
01ec
fe0c
fee0
fe5a
02f4
03ac
023b
ff91
0090
0397
03b8
f53d
fee9
ff1a
02ad
ffbc
02e0
fbaf
010a
039a
fa1a
0a0e
04c3
0001
fcb0
ff4d
0056
01c3
0601
fe18
0240
fad5
fe58
0182
02c4
fcfd
fe3d
05d8
04a6
00d5
f70e
0a0b
ffec
fec0
fde9
0181
018c
03cd
fc4c
fec0
081f
00e6
ff4f
fc3c
0206
0420
0380
fef7
0172
06b0
0449
fcdd
f5d1
0130
0332
fba5
fff7
fef2
006b
fdd2
0529
0098
fc7c
03ab
faf1
0523
03f7
058f
ff5e
fe04
0056
ffaa
fd64
fdc9
fe89
fb52
02b6
ffca
fec4
fb8f
fb5c
07be
fd7e
0271
00a7
f4e6
072b
02bd
fcee
ffe3
fb67
074e
fc5f
fde8
fd15
0052
057b
0728
fe67
0183
0054
fc13
09b1
0573
00c2
0654
04d9
0054
014e
060c
fc37
06b2
ff19
0619
fffb
015a
ffdd
fddf
feeb
0584
f6be
fb0b
fd19
fbb0
060a
0508
025e
fd73
0557
f9a6
0891
fd43
fef4
fe48
fbb5
07b3
0328
04dd
fb1b
00b9
0216
0115
fb5c
044d
007c
fc2e
f894
026d
09cd
fbf0
00af
0471
faec
fe15
fc8f
03f0
054d
00a3
fca2
fe3b
fd7a
fc17
ff98
024d
01f6
fff8
003a
ffac
fad0
00a4
fdaa
fa9c
017c
fd8e
00e9
0364
fc33
005e
f8c2
0621
fa90
fdf1
055b
ff10
fb36
02da
02c3
fd78
fde6
fe42
ff2c
f86e
ff46
0723
fc6b
fdab
fb44
0273
04d0
04b9
fb02
0200
05bc
020a
01ea
fe1d
00e1
04f2
0150
fb02
fe2d
04d6
014d
007a
fdc9
04c1
06a6
050e
05c5
fe91
fe00
ff60
0027
05b9
04aa
0227
fa46
f93f
00f6
0385
ffaf
07a9
fbac
fb2b
fd58
fd31
021b
fe50
f9cf
0391
f8f6
fbb7
f982
00d4
00bf
07aa
03a8
05c4
0128
fc18
0083
025f
02d1
fe1c
01f5
fc45
fbd4
fb89
0019
fb4a
fe4d
039d
fbe2
fdfc
0049
00fd
fe01
0326
025d
048f
ffac
fdf3
fd45
013a
fe7e
fdb9
fe35
fd44
00cc
fa5a
0136
02b5
fdad
07b0
0012
f9c1
fee0
0040
01cc
fef8
fbf4
fb9f
fd63
fdc5
fb76
fd12
02a3
0698
0306
0539
03e5
0355
fea6
0090
fe51
ff20
0046
02db
01b1
ff5a
0039
01bc
02ab
f9ed
fbb1
046e
ffc2
fe4e
fef2
fef2
023b
fb91
0019
00fc
0196
00e4
0210
fdb6
fc3c
09d4
fecc
ff43
02b6
0662
fdd2
fc01
fb08
065f
fbd9
ffe4
fc17
fa35
fed5
fc40
fd3c
0806
01b3
03ba
034c
ff99
fe3e
00ff
00ac
fdba
0085
fd2d
ff50
fea9
faed
f698
fc3e
0737
fec3
031b
f781
fbf8
fa95
ff31
09b0
01d7
06c8
fefb
0576
084b
ff90
fdd8
fabb
fec4
0054
0820
fad2
003d
f8be
fe4b
013f
020d
025b
0197
0252
002f
fbcf
f898
fdd0
ff76
0504
ff99
ff37
018b
feec
033e
07eb
08c3
0063
0159
0651
ff66
02b7
fb76
fec2
04a0
fd21
ff7d
f9b4
0806
050d
00c1
0208
0195
058a
fded
02ee
044f
04dc
f6f6
fd9a
fbec
0099
f7f0
f7d1
08ae
0279
007c
0174
0096
03fd
fd78
00bf
00e9
fbd0
051c
fe38
0412
0076
0689
fbd6
fba9
fc61
0088
062a
065f
f6c3
0100
f326
032e
0479
ffd7
0056
004b
fcdd
01ba
ff13
03b9
ff8c
fc8e
f9db
f88b
0540
fe2b
015b
0722
fdc0
fd7d
ff79
001e
078d
0643
027c
05cc
ff4a
0132
fecb
fad7
04d1
0220
0013
fffd
f9fa
fc17
0158
fde2
ff21
ff95
fd45
fc21
f98d
ff6a
0279
f96d
ffe7
0120
fc0b
05b0
fe75
ff98
ff5b
f8eb
0409
fc2e
ff0e
0264
05d8
fbae
fe37
0588
01db
02af
fbcc
fe7c
ff54
fc92
f94d
fdf5
056b
003d
057f
00b7
fcf1
051c
00d9
03d9
fbba
0428
0447
0129
fcc6
ffd1
0272
00f0
0268
040d
fd68
fb61
ffda
feae
0325
fbb4
0415
056a
0000
003e
fcee
fdd4
fe5e
05c6
ffb6
fab6
0105
034e
ffe6
05e0
031c
fbce
fdcb
00e8
f956
0158
f8f4
0418
03a1
0205
fd4c
00ae
fdf2
fbe0
fea5
02cb
002d
05ce
0310
02a2
f990
fedc
fbbe
ff45
fd3a
fe7d
043f
01e7
0407
f999
003b
03de
0606
f9cf
fe98
0423
ff3b
fc5c
f9cd
fc35
f93f
003c
0396
faf5
0108
0362
fffd
f98f
018b
ffc8
ff60
fdd0
0059
020a
0990
0073
060b
016e
ff9a
0098
fb1d
0139
f808
fc8d
0070
04c7
05b9
ff0e
009f
03f0
faaf
019e
fcb0
ff50
fe2a
01be
0234
0390
0165
00b0
076b
f9e7
06c8
fed7
0249
feb3
fd31
01f0
042b
01e4
fdd5
0e72
04cb
03bc
fe97
fd80
fee1
0453
fc0a
fbba
0228
0147
fceb
fba3
05c0
016e
fa8c
fad3
fe8e
02ee
0261
0487
fa0a
00e5
05b4
0555
0170
0964
0270
042c
002e
fce0
fc80
00ba
ff27
f8ed
fbe6
feba
02e9
fff0
ffb6
fc0d
0018
0547
009f
f9f9
fafe
025b
ff1a
ffb4
fd8d
0203
fecc
ff41
fc98
03b0
ff1e
026e
fb3a
06ef
051c
f85c
fccb
01e9
fab9
ff79
01b5
ff43
0228
fd3a
f706
03ee
03e7
0a04
f72c
0301
f820
0707
01f4
fc31
031f
fdca
0134
00d3
06fa
0742
fd9c
043c
016b
fa59
fd37
0958
016e
0400
ff27
fdd7
001c
fef0
fa07
fbfd
02d5
fe7a
001a
00f1
0141
0496
fb9b
0248
0305
03f2
fa59
0105
06dd
ff9b
01ef
031f
fbe6
0756
01ff
0214
f95a
032e
0207
067f
fec1
fc0d
fd45
fdfb
fb86
0529
0550
ff38
fe6e
f8bd
02c9
069d
fd74
ff88
01bd
06e6
00cd
00c8
00b8
fa4d
fa36
fcc5
040d
fea9
fde2
fdd0
ff73
06cf
ff65
fcdb
001a
0705
fdfd
fb47
fdff
0084
02c1
0407
fbd1
fc32
feb5
02bd
faf6
fd92
fda1
03c4
021d
039d
055b
fec7
fb40
fb47
f8a6
fe2a
fe77
0326
0011
fe0a
ff89
fbd8
041a
fcdb
fb71
0346
024c
f91b
036c
fd09
fe81
00c0
0259
01c8
ffcd
fe4d
01a6
ff87
0739
0258
fc4e
fe17
0031
0533
05a5
fe6a
fc44
fbc1
0102
0937
0228
f9a0
fd19
fd81
fcb6
fe73
017a
02ba
045e
0219
f82f
fbc5
ff5e
0097
0372
002c
0034
00f4
fefb
0059
0481
ffaa
ffe1
ffde
0531
fb91
071a
fb4b
fd62
02fb
041f
fa63
fba1
011d
0961
04fc
ff02
f653
0054
0173
fe78
fc99
00a3
fc3b
077d
0611
02a2
005c
fd5c
ffeb
068f
037a
00d1
03b2
022f
0196
03ec
0211
036f
00a5
fefc
fdcf
fd55
f994
fc5a
fc3d
fdf8
0640
ff5f
00f8
0118
065a
fdb3
ff1c
ff93
048c
0560
01e6
04ee
00b6
ff4f
04b7
01f3
fd0f
03fd
ff2b
fead
0392
ffa5
018e
02a6
fcde
018a
0566
fc2d
01cd
fcaf
0416
040c
fe95
08d7
046d
02d4
029a
03f0
fc04
00c7
0188
fe66
01dc
04ed
fe50
ffc8
fcb8
f8da
031e
ffe6
0031
fc0e
ff42
0463
0001
001e
00d5
fb0e
0280
fafb
fc3e
fbce
ff4d
fe97
ffff
fc61
0406
0356
ff4e
fe16
fdaf
fec2
fa66
fc29
0371
0135
0689
fece
fe8e
fe5e
feb9
fd5c
0115
001e
fdf6
0501
0796
04ab
023c
030c
076d
030b
fda9
0192
0281
fc05
fedc
0467
f8b5
fb00
ff4b
016a
fa92
ff7e
049d
0046
03c2
fda2
fcc3
0365
017a
fb42
fccc
0642
fc4d
03bd
fe16
fffd
012e
f799
fa26
0058
fd1a
03fc
f993
0243
fa7f
fe97
fbbe
079c
faa4
ff83
f918
0666
019b
008c
05e6
0097
00e1
0087
0241
fe08
ff25
033e
011c
ff8b
fa66
05fe
fd5b
03f3
00b4
fad4
0502
0105
0557
ff45
02d1
f8f3
fe00
fae8
fe80
01e3
fd95
0375
fc93
038a
053d
040e
fea0
f780
0254
ff80
fc16
fdc6
05bd
fb73
01e0
00df
fe92
0294
0687
fed1
ff07
027d
03ac
ff7d
fec7
f721
fce3
fb71
02bd
ff06
fede
fff7
fc85
0637
0531
0679
02bc
ffe2
0675
fd47
fc84
fd98
0217
fcf4
ff61
f998
01ed
f9ee
fc45
04de
04b9
017f
011a
fde0
fce9
fe8d
f9f2
0103
0032
fc44
0646
026d
02c4
fe0d
ffff
0282
009c
0668
ff2f
fdfb
0289
faf1
03b2
facc
028e
fd68
01e8
03a1
009d
fb34
fc6a
fd16
f86c
0483
0071
fb75
05d3
fd32
0101
fcb3
f7ed
fa8b
fe35
0398
0163
0090
f7f6
0515
00e5
ff86
0488
04fd
049e
ff03
fbfc
03f5
fa8a
07ca
001d
fbc2
fb13
fae4
0090
fff9
fb0e
fe93
fa87
025b
ffc8
fe7d
fad9
fecd
fe57
0145
00ab
032b
fe10
f88f
03f7
fc42
fb93
ffd4
0136
fde0
fdd8
fe70
05ab
fffd
fc21
fc2b
feff
00f4
01f0
007f
fca2
fe4e
02f0
fb6a
fe23
0264
0380
ff3a
fe5b
fab6
021a
0546
0a43
018c
ffcc
fc52
f87c
00b5
0967
0515
0477
00fb
0170
f64e
030d
fdaf
fd31
feb5
fe92
fd21
000e
fdc4
0067
fa0d
ff25
fb9d
fd6f
0093
f996
fcb6
0247
fa59
071d
04d1
fe06
fcda
00cf
fa36
f7fe
fe2a
ff77
0061
fd8b
0519
fa05
fb72
01f2
fb5a
fb33
007e
fbc9
ff78
fd33
fc8e
f797
008f
fb03
ff54
fdf4
ff2d
ff67
00c6
fd17
04f9
f89c
ff18
0358
01e8
fc1a
fcc4
fbf9
0266
fd0a
0105
010f
0979
0141
fcc1
fa29
fee6
ff86
f728
fd25
0130
fddf
03e0
f9c4
02b5
03a8
03d3
f9bd
0142
fd53
fa60
fe58
fc61
03af
020d
fb64
fd1a
fe7a
ffb6
0407
02c3
0035
fef5
f8e8
052b
fe36
0638
00c9
081a
026d
fa46
fd8b
ff53
fc81
fe7e
fa88
0006
00f3
fbfc
07c3
0041
fcbc
f97b
003d
fef5
0322
ff6d
fb3a
06af
01be
fefc
00a9
01e5
fa49
00a1
fe33
0207
fd0a
fd95
06a7
04ec
f2d1
04a1
ffb5
fd2b
fbf9
fc34
fd48
fb7e
fa95
fbd7
014b
0033
0239
ffbc
fac6
01fa
fbfb
0296
fb56
fd40
fe8e
02b3
00b4
0014
078b
f8a7
fbd9
fbad
f8eb
fd1f
02c0
fda2
feab
f91c
fcd0
fe27
0292
f94d
fe2e
0459
fe38
f78a
051e
02f1
037a
f906
060d
fce8
fdf6
fd30
03ca
ff48
01ed
004e
ff9f
fc36
0740
fa25
01a6
0182
049e
058d
ff73
021f
070f
ffbd
fbbc
fe76
fac8
017d
0442
ff84
f984
0416
f8e5
f9d1
ff49
0102
01b0
ffbc
070a
0043
0424
0326
fad4
ff52
087e
fdfc
fd4d
00af
fe20
fcd3
fe11
05ba
ff74
fab0
f9f4
08d4
ff1b
01bd
fcea
0149
05d6
fd64
01d6
fa61
0817
0113
fe59
fecf
fdf6
fe2a
f636
ff9c
ff71
01f4
fde8
fcea
fff8
f98d
0093
f88d
047c
02bd
fc4c
02a5
0072
fbf7
f7e9
0144
fcd3
0461
000e
fd34
0731
024e
f161
fe0e
fa77
fccd
ff6c
016b
010c
0450
028c
024d
00ce
0526
febc
fed7
f861
043a
ffb1
0bbc
fe61
005b
0230
fb98
016f
0023
fec9
04b1
fc63
0119
05d2
fd2c
fed0
0962
01e6
fdfa
0336
fdba
f9be
057d
fb96
09cf
fe0b
0888
fa86
041a
0200
035a
03df
fe02
fac4
ffcc
00e4
fe1d
011c
0152
fc5c
0194
feee
fd33
0326
fce4
fe2c
004a
057f
00c5
021d
fecf
ffb0
ffce
012c
fed1
055c
fe82
f92c
0af9
feb1
0541
059f
03c8
ff35
0126
fae7
07f6
fc98
fefc
0065
ff92
fd5f
0594
03cd
014a
fe67
0442
fe24
0648
0072
04eb
ff8b
0049
04e7
08c7
063e
0382
025b
fdf9
012e
fc59
0181
01c3
f828
0028
01a9
ffaa
016f
faa2
fce6
0424
0001
015c
fdd0
0014
f6cb
0362
073b
fbbd
fc3d
01c3
05e5
fffe
fb15
ff2a
fbe1
fd53
fec9
fc48
fce3
004c
00dc
fa4e
0196
fe79
02e2
031f
fdd2
0275
fca7
054c
fcce
0169
ff40
fbef
039b
fd8b
f933
f479
fc80
0581
0508
fd20
fe81
fe24
faab
fc34
03ed
0204
0118
faa9
0067
f6c9
035f
0109
fa9e
0677
f8d1
021f
0238
fb0b
ffd9
f974
f49d
fbba
fd89
0294
0045
0060
fbf1
fde1
fc48
fb1a
fda0
004c
fdb6
feb5
02c8
fdff
faaa
0241
0110
0151
0281
01d4
001d
0991
fadc
fda8
03df
0092
0308
00ae
057f
fbf8
055f
04af
fb29
0286
ffd4
fd93
f872
fbf5
02d5
0341
ff28
0345
03c8
009e
fd1c
01c4
01f3
02b2
0376
fa8d
fdf6
f868
02fd
ff27
01b9
fa19
059b
fb39
0319
0079
ff3e
feeb
fd73
052e
000d
faec
fe77
0083
0397
fd95
fdd9
0018
037e
fa86
0205
fe25
feb4
0802
ff37
0305
02e0
fb48
f89e
0349
fbaa
f958
041b
fbec
fce9
07e6
f95c
fafa
fe29
ff0a
fc6d
fb5e
060a
010d
0257
ff73
0128
03bb
fc04
010f
02c9
062e
07cb
0048
048e
f552
0636
fd19
ff09
01c4
ff63
00c9
065a
fe77
fba7
0741
021b
07b0
0374
fab5
0295
fc10
0008
ffb2
f988
fcc0
08d2
00f4
ff4c
0740
fe6a
ffa2
03f7
fe66
fd04
f6fc
fc41
fc37
00a2
fd8f
08a2
fbc5
059a
00e1
033a
02fc
f721
fff4
fef3
fb78
01d7
06de
f54f
fddd
fb04
004a
feb3
fd94
02c2
068b
0aa5
fd0b
f8b7
023d
0671
0341
066d
ff19
fd90
0076
feae
02a7
03e1
0431
020b
00fc
032d
f826
00d8
0036
00da
ffa6
01ba
fdb4
0485
01e5
009a
fd36
0343
00d4
fcfa
ffc6
0284
0235
01f3
005f
041a
04f4
02f3
fda6
fbc5
fdd3
07d1
0120
0881
ff85
fef7
ffb4
ffa2
fce8
fb68
0201
0438
09c8
fe44
fe97
fcea
0481
0343
fc7e
fc64
03cf
0188
0309
fc78
f87d
fc80
02c0
0872
fe48
091a
0352
fa6e
00db
0375
f64c
0294
04b1
0198
ffc1
ff4f
ff13
fb4c
fd40
fe55
0074
fdc6
fc86
030a
017c
fdd8
0206
fe30
0041
03e6
fd96
fb4f
ff6b
fa8c
fee4
fee1
f625
021f
ff45
04ba
00dd
02f1
04c3
ff79
ffff
f9b5
04f5
ff6b
fbfa
02f5
f748
fe48
03a2
fe40
fd21
fe56
f7f6
02dd
ff82
fee9
feed
000e
029d
ffcb
fa8e
024d
01ff
00d2
044d
001f
0472
05a1
0254
fd02
ff7a
04f5
fa02
fe6f
fea1
fc8a
037e
0182
fd28
026c
ff5e
fc70
fd26
01bf
03c2
fe0e
022e
0654
faf7
016c
0353
ff9f
04f4
08cc
0160
ff11
03e8
035e
f5ed
fffd
fe6c
0196
ff3a
ffa9
fc8c
02f0
069f
fc9c
fa69
0014
ffe3
04af
fb15
fdd9
f769
0580
0101
fe25
fab6
fb14
01a8
fb92
006b
082c
fe9c
fc27
0187
fb19
06e1
059d
ff58
fc69
fe4c
fed1
0189
0429
fbdb
040b
0279
fdf8
fba7
0077
fbc3
0418
fb81
0231
ffad
fdc2
ff97
0452
fb3b
fe5a
fcfe
ffd8
fd43
f8ed
fbc8
068d
00fd
00d9
fedf
ffcb
fe48
021c
0067
fb51
0104
f62a
01a8
fa5d
ff9e
fb39
0003
0250
0603
f9d6
03e7
0086
fe33
030a
ff0e
02df
fc08
fd78
03c6
05f1
ffdc
f4da
ff34
0021
ff12
0158
fe18
035b
fb55
04f3
0633
fc59
fc58
01a5
fb40
fe08
0469
02f3
07ec
00af
fd8f
0034
ff66
ff74
ffe8
fc46
0121
fa5e
fd22
ff86
f6f6
0313
f7ca
02ae
fad4
fe61
0214
08cb
0077
f812
03d1
ff13
0048
023b
f719
0007
fe5c
04e3
02e9
f97e
050d
01cc
f9d0
0039
0424
fb25
0583
f9f3
fcd6
fc3b
0582
fe09
fb59
01c8
02a5
02ac
feea
0105
fd66
06b3
0494
0455
032d
0214
fb06
0289
0075
050e
033b
0234
f943
ffa5
fdc5
0102
fe56
fee5
01d6
fe45
007d
f9ec
fcac
02a0
fb14
04fc
03e6
feed
0bff
04f9
fc34
02fc
0043
fce5
fbb8
03fb
fd9c
ff98
fc51
fd02
ff7e
018d
f5a6
0011
fd04
059c
0bc5
fe90
f91c
0078
ff2e
07e3
06ab
0376
fda7
02b6
010f
00f7
f9c4
043f
006e
ff99
fd99
fcd3
0145
f901
0328
fbc9
f7c4
074a
fc91
fd1d
048a
076b
f9de
fc2d
fc78
03bd
068e
fbae
05a9
fd2a
0158
faea
ff83
ff8e
febd
018a
fbf9
fc77
01c0
055e
ffe9
0204
0308
0352
fc30
fce4
fd3d
07b7
0208
01da
0177
fab8
07c1
01eb
02e5
f8f0
031e
fe93
fab5
fc2f
faf1
fadf
003e
fe74
0156
06b4
ff7b
f705
ff08
04c6
ffa8
061e
01d0
f8a6
0070
0130
0452
0747
03a2
01c3
02b4
ff54
fa26
002a
0176
fb2f
054e
0406
fa83
0577
fec4
fce3
0451
ffcc
0799
fc97
f913
fee1
0328
fc4b
faae
00ea
fa25
013a
fea3
01fa
fa77
0531
ff45
030e
03d7
fb5f
0387
fa4d
fa85
07db
0473
084b
fe85
0069
021c
fff4
fd04
fc6a
00db
fbbc
fb9f
0193
ff9f
03c0
fe4d
fdad
01b2
fcc0
fd5e
fd87
ff29
0717
fa7e
052f
02f3
0645
0c8c
05ba
03b4
fac0
fb41
0171
f935
0276
f776
049c
feb7
0082
fd02
f868
04f0
0558
fe98
02a6
fe70
0127
0309
0238
055d
0213
001d
fcf4
fe16
033d
f9fe
046c
fee0
fcba
fb9b
02b3
fff1
065b
faf3
fdb0
ffa2
fcfe
0006
0147
01f0
0606
fac9
015a
fd6a
01b8
01ba
fc0d
fc65
020c
0018
ff1f
02a2
02ed
fde2
fc97
faf4
0022
fa4f
0066
04de
fe96
fddb
07fe
060a
fcf1
008e
0151
00d1
0742
0059
00f3
02c1
04c2
03bf
0227
f9c4
fe0c
0347
0100
034e
078c
fb4b
048d
feae
03be
ffd6
0882
0085
fd70
01ae
014c
048d
01cb
09e6
ff8e
ff9a
fd96
0058
00ed
0120
0045
fd90
fc79
fe80
0491
056d
ffb1
fc3c
ffad
085e
03ff
0234
03da
062a
fb63
fe6f
fde3
0259
00a4
0306
fdf9
057d
ffb9
02c7
04c8
0476
0171
0347
06f7
020e
fd15
0255
ffda
f69c
01d9
0077
04a0
fd00
f9fa
00ad
0185
0060
0015
fbba
ff72
fe9b
044a
0184
fee3
06e5
feed
023b
ff55
0686
0059
0077
ff71
00c9
04cc
0362
001d
06ce
037e
fe3f
fa7b
fe57
01a7
0264
0570
fb9f
fe3e
fb4a
faa5
fd7d
0177
0316
fc35
fcc3
f8e1
00db
fd12
06a7
01a4
ff50
fd70
fa05
fa87
fd83
fd34
fc01
0182
020f
fe2a
07be
f903
003c
ff20
fdcc
fd36
fff9
ff19
fe6f
face
f987
fed9
fe64
ff36
ff91
fde9
ff26
fc96
0619
fccd
fe84
fd1b
fd0a
0019
ff97
fe2a
fede
fd1f
019b
0839
fc80
0193
002e
02ad
02ca
00d2
ffd7
fe43
fcf1
ff9d
fadd
fda0
046d
0065
0392
05e1
ff4b
00d4
fecb
fcc0
fc30
035f
00d6
0763
03e3
fd13
035d
fec8
04de
fe0e
fbca
fcd1
fd05
fca4
fdb6
036d
072f
faae
050e
fe17
0164
f962
0219
f7fb
0141
0107
00c4
fd0f
0233
0190
ff29
02b0
ff9e
021d
ff7f
00de
024d
fe69
fb11
011b
04c2
0132
0146
ffd5
02f5
ff42
fe2f
046c
fde1
038f
046c
0244
fb01
001c
ff31
fe04
0092
0314
fe2a
ff51
ff09
04a8
fef9
fb10
f9b5
0173
fcf5
02ad
faad
fdd8
faad
01bd
0298
015b
fba8
fd04
00f0
f940
ff09
0611
ff48
fa0c
fd92
fd7a
0890
06aa
02ec
fea1
04cd
fb77
044e
03b6
ff65
048f
fe36
faf1
03e9
ffa9
0268
0749
fd1c
ff6d
0647
02ad
fd33
fc2e
fde3
fd0c
00f3
0050
011e
fca3
ffb7
f7c7
0094
04b4
fa4d
01ef
fd8e
0336
00a2
019e
0042
0550
0164
fd2e
0065
fe86
00a6
fe52
fd4b
00cc
0039
0441
fe57
f814
fe8b
f97f
01aa
f94e
fc0c
fe8d
062d
fbb5
000d
0252
05f0
031c
0460
0375
fb2a
0170
0365
fc2d
fdae
fcca
0317
ffb9
feb7
fae0
ffbb
fdbb
00f9
fb6e
00b6
fe3f
fb01
fab1
fb4b
ff2d
007c
0114
013b
fcf7
043c
fe3b
01cd
ff58
0181
ff25
0193
fff8
0341
fcba
f8ec
fc1b
0447
ff62
005e
fbc9
0043
fbe9
fc7f
fe64
01c8
0235
0251
f9a6
fff9
ff36
f9df
0010
ff00
020c
0053
fdcd
03b4
f71d
ffbe
f8f2
fc5a
0219
fae7
fa4e
0987
fa90
069a
ff50
fde7
0244
0559
fb6a
fdf6
0363
0127
0468
020f
073c
00b7
00e3
0149
ff6e
0364
00f3
0327
03c7
01b7
0202
fbf5
fdcc
0360
05b2
f83d
fdbb
0018
fc7c
fcb6
01e6
0653
f7df
ff51
01da
031f
0147
070c
001e
053f
fd6a
003b
fb26
039a
ff85
016e
febf
0259
0197
fc05
fc41
ffe4
02a3
0774
0136
0408
f98c
080d
026c
ffcd
ff57
fb92
fcb7
07a4
fc0b
fbf8
fd31
fb35
0010
045b
fd8f
fa82
012b
ffc7
0403
fe2f
fef6
ff67
005b
fe6e
fdc8
f899
fdbd
02dc
0367
fe1e
0533
ffe3
faa6
f964
04df
fe82
fb25
f6f7
fe6b
019e
fd36
fbc9
fdcd
04f9
fa6e
fd6f
04d8
01fa
00b7
fd68
001f
fdd9
fc90
fbae
0323
ffc2
0142
009b
01c4
fefb
fe13
fcbd
fa58
fb83
fe8a
f996
fa79
042b
00e6
fe31
0916
f968
03e7
ff8e
0324
0070
f883
0062
0158
f73b
07c7
013f
02b0
fb56
02c3
045c
0104
fff6
fc6d
ff23
fdf4
024a
fc9a
0242
fca5
fef3
0277
fd2f
029a
0236
feeb
04a6
0050
0469
072d
ff09
0294
fd73
fbde
ff38
fa8d
fc40
025e
fdf2
02d8
0133
0768
0219
0475
019c
013f
04a9
02ad
00d7
00d3
0227
fd51
fd25
05b4
0775
fc49
fd53
0492
0222
02b5
0396
ff09
0152
0102
fc91
0143
04f3
feaa
009c
00d4
fedd
02b5
fd48
0555
0281
fc41
06cb
00ac
fd1c
046b
01fb
f8ea
fde6
011e
f75d
0057
00a2
fb44
0115
0008
fb3c
03ae
035a
fed7
ff35
02e8
ff33
f847
01f3
fcbf
fe71
05d5
ff77
0002
020a
0205
fc53
ffc2
0025
0117
0128
0a5a
fb4c
03ec
04bc
01f9
fd66
06a9
f73b
fd44
04b0
fe85
0663
f9f4
fb8d
fde0
01ab
ff1d
fe0a
05ae
060e
fe58
f929
f75f
00f5
02a0
0041
ffb7
fcc8
029f
06b6
f722
ffb1
fc1e
fa0a
fb7b
0185
019f
05d7
0009
f8f8
ff0c
fa74
fb2c
0252
00c7
025a
fe92
032a
fe59
0477
0161
ff2c
00d9
ffee
0662
00fb
fffe
ff0c
035f
02d5
fee8
fb61
fc64
ff43
0565
ff00
fda0
f8f5
060e
0247
032f
03d9
ff57
0057
05f4
00b8
025a
037b
0292
ff7d
ffdd
031c
031b
04ac
0234
0263
fe37
fdad
031f
fdb4
ffeb
0584
04e2
0135
fed1
ff82
0378
ffdb
fdc4
04dd
00ba
fdb1
01ea
03e3
fbf8
ff33
ff03
01cf
0287
fdcb
fa07
0421
fb85
0116
ff79
00a6
069b
0c27
f977
03f0
ff60
0431
03d4
05a4
0124
fc71
03b6
0079
ff11
fe18
0406
066a
fb38
027d
fe83
fa22
0097
fcab
f9b0
fcdf
fbe4
fd6a
fab2
fe6b
fd26
0181
0260
010a
ff0f
fef3
fca7
fcbf
02d0
f8f6
ffad
feb5
0266
fa4d
000d
015f
f862
fbb4
ffa2
020e
00bb
023e
fbaf
f9a5
0057
fb15
fc8a
03bb
00c2
fdba
fd35
027c
00d9
fb24
f835
0787
fb1c
021c
060b
0097
fd99
fa4c
fa3d
0182
05ce
fe6b
fdc7
02ca
fd42
0119
002b
fe5d
fff0
070d
026b
045f
fc53
0462
028e
fa00
0229
fdf2
f9d1
0085
0228
009b
ff90
fead
09de
fb45
037e
0010
fc95
ffce
fa6e
fd9e
ffd0
f9cc
0207
fc25
fa31
fbae
08b4
f816
01bf
fcfe
fe99
026a
0238
fd47
fa92
027d
0236
fedc
01c5
fe37
fcb1
0004
0213
013d
0209
fcf5
0654
fea1
ff86
faba
ff39
0221
030d
063f
0215
011c
fe37
fd5a
03e2
03ce
fbb1
02e4
029a
fb8b
0229
fbcd
f648
ff5c
0108
ff8a
0b78
0184
0097
01b8
fe3c
03b8
0172
0143
fd81
f9be
fdff
0121
fe39
012b
ff12
01b9
fc18
00c6
fd70
f9d9
ff57
0625
fa2a
007a
0331
0933
fe07
fd79
fb55
0490
fc88
fe85
f89b
0389
04a2
0362
f994
026e
f94f
003b
00d2
013e
0223
fff8
f826
0224
0064
fc64
f9b9
0629
04ed
02d3
fd4b
f5ef
030f
0177
fe80
0480
0364
00b4
0024
0034
02b8
fc92
01b4
fc51
0559
0221
fd3f
0053
fc96
0604
067e
02c9
063a
009b
030e
04e6
fffa
0049
03bc
0296
fcfa
f741
ff4c
f79d
fc09
fc81
fdba
0348
0427
0209
0288
02a0
f603
000a
f8d0
0209
f7a1
ff47
0231
fb87
03d9
0207
0186
02cb
fe90
009c
000a
fff3
fd50
fb08
fea7
fe6f
fd0e
0369
fb50
ff50
04aa
03a3
04dd
fda3
0323
fbc0
fee6
ff46
fdb2
fe8e
fe07
fc12
036d
ff45
00ce
00a8
0038
005f
fec7
05ac
030b
0013
fe36
ff86
01ac
0600
fa82
02a4
0482
fa0e
ff47
fbbe
01b9
fe91
ff7b
fe5b
02e1
00eb
00ec
00a4
024a
fef4
06ce
fb10
f919
f8c4
f7af
02b1
0235
04d5
fbc6
02fb
003a
00ab
0281
fcfa
0a59
0554
fde0
fba3
ffa6
00bb
0443
fb53
0124
f9e2
01bf
ff92
07bf
f9d1
057c
f92f
fab1
f94b
0100
fb4e
fa9b
00d0
01cf
0029
ff5a
0751
0095
0339
0092
fb9c
0233
fd60
ffa3
0139
f83c
f990
03a3
fd58
fd89
00aa
fe75
01ac
ffcc
00cb
fd31
00c6
046c
fdbb
03a9
ffcb
02f0
0084
ffde
0166
04db
00f2
01ea
fe87
0649
0290
0050
ff82
03e9
fd93
f8de
004a
04c3
065e
ff92
002d
0214
fef1
0211
ffa9
040c
02e4
033e
ff2e
07b4
01f0
00fd
fcf5
ff9d
0075
fcd9
fed5
ff56
0039
f8f3
ff75
fe7e
ffeb
0424
0836
02b7
fb10
fe9e
0262
01ef
03f3
ff9c
fe8c
0702
003c
fbef
05e7
fa04
f205
0314
03a5
01a8
faca
ffc4
fee3
fdda
05a6
fbd0
0144
04c7
0187
04f7
0241
01b8
0178
0274
fe75
facb
03d1
04a6
0102
fdce
f9c5
0058
fa9b
fa0b
ffeb
fcf2
0162
ff5d
fd93
f92e
fc97
fcbc
fb19
feaf
fb69
ff58
00f6
fcb2
01b4
fa8e
fb8d
ff8c
02c0
0378
0673
fe7e
ff7d
fbdf
fafc
00ea
fce6
04ee
fa27
01f2
fbfa
fcb8
0228
fd4c
fdf0
fcc0
0724
fd88
0035
ff31
00e3
fd8b
ff32
0193
fc8c
045b
04be
026d
0048
f40a
01b2
fe6f
ff04
f869
01f9
fa35
0079
039e
fe1f
04dd
fd03
0267
fac8
0420
0381
01e0
fe6d
fa64
fe70
0471
0085
f9ca
fb80
0503
01f4
fb10
f8f0
fd80
f898
ff60
09ce
f99d
ff42
053f
02ff
ff68
ff6a
fb60
feee
00f9
046c
fd85
ff3e
fc34
00e7
0323
0285
fb52
0096
fd4a
040b
ff5b
f9ec
ff1f
01d5
00fa
fdf4
fda9
fc0d
fe6c
fc94
03e1
fc65
007d
0038
03c8
045c
02c9
0169
fbce
fbb9
fc9e
0302
004b
037a
0403
fd19
0021
fff3
feb0
fddc
04bd
0035
000d
fcca
02b3
fbfb
01d2
01ee
fe5a
0145
00be
ffd8
000d
003f
0085
003e
fb96
ff64
010f
0064
03d1
027b
fc85
ff55
fec1
fffc
fffd
0272
00b6
04ec
00f7
fcad
fe22
026a
f98b
fa9e
000b
03ce
053a
ff22
043e
004a
f9e0
fff8
fd86
03ac
ffe6
fae3
fa00
ffeb
f652
fded
00ed
fbc6
03fa
04c4
fbef
fecf
03fb
ffff
fa6c
ff6d
fc97
046f
026c
febf
0092
fac4
fcfc
0637
0037
03b8
00ee
0542
f801
ff3f
0694
03d3
054d
fff9
fdda
fbe4
fb9d
033a
020e
ffbc
0208
0092
03d9
03d0
fbbd
0118
f953
0088
026b
fabf
fe56
000a
00f0
fee3
fb50
ffc9
f964
ff12
fe3c
ff77
fdc3
f9f8
fe89
03b9
050c
09c2
06c4
fb36
fe5e
ffe9
ffa8
0047
09a1
fbac
fd25
0693
fd89
0193
0423
01f2
00c4
03c1
fc6d
fe04
0224
f7b9
05ab
0137
009d
f97a
fadb
fe68
033b
f7b2
0327
fe8f
ff1b
0104
0114
fd26
0280
f6b9
fe33
009d
fe9f
f8b1
0308
fb02
ffbb
009d
0014
04ad
ffc9
01b6
ffc7
0274
0593
008d
0321
05d2
056e
fe75
0425
00ff
0478
0246
011a
01bc
0105
012d
ff5d
fefe
070d
01e9
fdb5
fee4
043a
fd0e
fa12
fa5e
f916
face
fb47
058a
ffd1
fe8c
fa3a
ff6d
f90d
fe86
0842
02a8
ff29
02cb
fdea
fccc
06d1
fb6e
fe95
0139
fc41
029a
fec6
02a8
0258
ff07
06d8
fd57
0565
04b3
0715
00b2
fcd8
084f
fea9
fcbf
ff3e
fc13
021b
fd94
feda
03df
027f
0010
00af
000d
fe46
fffd
01f7
ff7f
01ae
fca7
fd96
fd10
fdbd
0526
02e7
fbb1
01c0
fe70
fd45
fa0f
03e3
fa8b
ffcb
fc37
031a
feaa
ff76
ff99
0136
000d
ffd4
fded
f9b3
fb87
02e0
fec7
fd58
fa61
f91f
fd30
038d
fdc6
019a
fd96
028e
fe98
fb13
feed
0756
0729
01f2
ff74
0137
0144
ffd7
01c4
00d5
febc
fb38
fe29
0333
ffe0
0133
fede
fbc3
ff0c
fbe9
fba8
04d3
fe52
fd09
0679
0343
fe84
01b6
ff0f
fd3b
01e6
feb4
004d
0416
03a5
fdcd
01f2
fb7d
01cd
0098
0184
fecf
0856
fc65
03e3
fbe0
0204
024e
0038
fe05
0091
0111
0729
fc83
fdc7
0124
fefa
ff9a
0448
f4b8
fd9c
f908
fb37
099e
0265
03ce
ffae
0309
f8ef
0427
fcb8
fde0
0205
0144
0057
fa8c
0066
03d8
fddf
0542
fc82
0007
0624
fd46
0437
07e6
00af
fde4
fce9
0538
051b
05cc
ffde
0427
ffce
fc78
047f
0689
fbeb
fbd8
0029
03d3
fb77
00e8
fda3
02ce
fccf
0316
ff5e
fc40
0041
f840
fdc3
0159
f8ea
f5b7
f6a4
054f
ffb1
fddf
03c8
fe62
0113
001a
fe1e
012d
0318
ff43
fe28
fea1
f6cf
0122
fb2a
0285
ffa3
006c
02cd
fc4b
017a
0112
ff43
fc4a
0262
02d0
0074
fbb8
fde4
ffc2
02c1
f9ab
fdbf
fe64
ffab
facb
ff21
fec2
fbda
ff87
fdd6
01fb
fc75
005c
fcc4
fd9a
0130
00f0
fe55
feec
fa30
059c
02c0
029b
f99f
fd9e
fea9
f847
038f
05d1
083f
fbd1
0078
054b
fefc
fdbb
f889
0488
ffec
fd15
0123
009d
00ac
ff22
067d
ff77
067a
0242
0168
ff8c
03e5
0074
fc45
fc23
01b1
fc5f
ffc0
043b
0137
fd1d
05a4
0231
0412
f6ee
0153
035e
06cd
fa25
04d3
0694
f7ee
01ea
0278
feb1
fe0a
02ac
fd8a
ff22
0340
0704
0227
0089
fdef
fbf5
0470
ff63
049a
feaf
fd67
01af
ffb2
fb2e
0745
fd7e
03b6
035e
faf6
fbfe
fecb
fc8a
06e8
ff33
038f
020e
010e
0029
04f3
fcb3
06e8
fada
0320
fa61
febd
0060
fe0e
ff46
fa74
fc0d
01fe
001e
fd3d
054c
fb1f
fe8e
fdfa
0276
0031
ff91
f8a0
0376
ff21
0076
fd01
fc60
05ff
f8e8
fbc9
05ec
0290
feb3
04fd
01ca
00ee
00e7
01dc
0206
08c9
ff38
ff58
fb0d
ffcb
0774
03f0
fdd3
001f
fad0
fc20
0099
fe06
fbd2
01f6
ffac
f9bb
f7b3
fdb8
f9a6
f886
0484
ff9c
fef0
ff3f
fb73
01a5
ff7a
fcf8
fd92
fb17
fe60
ff0b
fe45
0038
ffb0
00ec
03c6
025f
03d2
fc9c
fdf7
029d
02b0
fd49
0272
fc3a
01ed
ffe5
fa76
fe44
08bb
00d0
0934
fa39
0301
f5dd
0000
0286
035a
fcce
0428
fddd
ff58
fe44
fb74
0647
0031
0459
042e
fc21
04dd
0203
fbd6
01cc
fbe8
066d
0341
ffb7
050f
f9ac
fd01
fefe
08f1
fbb8
f92c
fa39
03a0
fda0
ff5d
030d
ff5e
00d1
0224
fe47
ff56
00f8
0379
fcd5
f3eb
02b8
03b6
00cd
0113
fdbe
0200
036a
003a
09f7
f9bf
00a7
fb4d
0385
f9ad
faaa
fd78
0110
fd9e
fda9
ff47
ff08
05f3
02be
feb4
0863
01f7
fc20
0107
0224
fd40
fbca
0059
fe8f
05eb
02f7
fd70
01b4
0512
fa6d
fbe9
fff5
0024
ffcb
fec2
feb2
0189
0489
fe14
09c1
07d8
0551
027d
0808
fed7
fcab
fde5
fbfd
007d
0133
00ce
fff3
0088
06f2
027b
03b1
00c3
f98a
f8bf
0855
fddf
fd88
00fc
0234
02b5
0719
0601
fcc2
03e0
fe77
ff73
fba0
f93a
ffe0
fc2d
03b6
fee0
013c
0578
fa0f
fd1a
00b9
0140
046a
0378
0063
0137
0153
fa1f
ff60
00fe
01d6
fc4d
faed
ff10
07df
fcb9
04b2
0657
002f
fd48
020d
00c8
fc90
fd5d
01d0
03bc
feb5
ffb9
02ad
ff4f
fecd
fcfb
fce9
0aad
ff37
0576
06bc
ff44
0179
0069
f98d
f9cb
0032
fe4d
0791
ff0e
07ce
fe18
07a6
0207
0241
fdf4
024f
06c5
ff6c
fea4
ff03
067b
036c
05ca
0141
0028
01b2
0448
ff03
057a
0177
f660
0389
fae9
0370
039b
0152
022d
0465
fe04
032c
04a7
070a
fb94
01a2
fc27
fbfc
0170
004f
0494
fe9e
ff77
00d9
fc8d
fd1c
0477
fdce
04bb
026e
f9cf
021f
0217
01b1
ff6f
fc3d
0563
ff98
fc77
01d4
fd07
fc34
fe80
fd57
fc5a
033a
ff8b
0502
fc95
f917
0098
076d
0220
0cdd
0154
00f1
f761
01b6
00ad
fe5f
ff74
ffba
ff48
085c
fe84
00ad
fe62
0322
00b5
fee1
f84c
00f9
fec3
ffc2
fb45
05bc
036d
05b9
0497
025f
fb6e
0760
fc4a
feed
02d4
0307
024a
fe66
fd93
0a23
ffd8
ff5a
fd25
00fb
00cb
ffef
0187
070e
fd9f
002c
fd69
012e
fdba
fde6
fa29
0064
01b8
0771
01e1
fe34
fa90
fb1d
fad1
0783
0127
fdab
fc29
fc93
fd90
0544
ffe1
fa36
093e
fb70
fda3
053e
01a9
fe1f
fb13
fc22
fc60
0007
00c4
ff68
ffd8
fbcc
012c
051f
ff59
ff45
0055
0479
fc6c
05ce
01af
001d
04da
fb46
0217
01b9
fc42
01d8
0122
ff49
0374
fdb7
0115
ff79
fd8b
0203
ff2b
fa1c
f8cc
0328
fb1e
011e
0038
fe87
07d4
00b8
0306
0124
ff13
ffec
05d6
045a
07cf
00e3
fc7e
fe3d
fb40
0311
fda8
f3c7
09db
fdb8
fdb2
06b0
fb2b
048c
fda6
fab4
06d3
03b1
03ae
0178
0265
fb12
0072
fc49
fa72
01a5
04a2
fe77
ff27
fb73
0007
030a
032b
022e
fd87
fd66
032e
033f
ff50
fe4c
04ab
fe8f
02fc
ff74
fbcf
0673
007b
fd28
fa70
fad7
fe82
07b3
fda9
05ca
ff7a
fb47
fe1b
fae0
fc93
fc75
f863
060d
00d8
fd41
00e3
fca8
f551
0bd4
00c2
fda5
f844
fa06
069e
0602
0303
fb8a
060a
01cd
029f
01c9
f9f9
fb35
fdf6
0293
fa7a
ff4c
ff4b
032c
02b3
fbf6
05c9
fb59
045e
fdcd
00a8
00e7
00ca
02b3
0191
0322
01dc
faf1
0114
fdbf
fb90
fed7
00bc
0100
0439
053b
0158
0212
0062
0312
01f3
ffc8
089c
fdd1
05d1
fa95
0341
05bf
f85f
008e
02dd
0102
0183
008b
fb9f
0979
fdfc
01bd
fd6a
f6e6
fc4d
fa36
045e
fd93
fdf2
fbbe
0060
fd22
03f8
0135
fdb6
0367
0008
0016
fa26
ffb7
0149
0556
fcfe
091d
023a
f9ec
fc9f
05af
04f9
0013
009a
fb57
0549
fc0d
0361
0568
0031
03df
0764
0112
ff4c
ffbc
fd07
fcf0
01c5
ff58
014f
fa0a
ffa1
041f
fb86
0011
f895
fac7
033b
fec3
074a
01bb
021f
fbb2
fe76
fd12
fbbd
02a8
0375
0199
fcb0
0153
f859
054b
facf
fb85
0076
00d1
ffb6
fb8f
0489
f942
fa11
ff92
faf1
04e4
fb4a
063a
0424
04f1
078c
0053
fbf3
ff97
fdbc
fd2a
009a
fec1
fcfe
ff05
0232
03d3
f997
feca
ff6f
fb45
ff85
0098
0213
004f
fc7a
080c
0351
0236
0405
00fa
0525
003a
0002
028a
064e
060c
025f
0211
02c9
03f1
0532
ff0e
0546
015f
029b
0587
02fd
03aa
fe71
05fe
02c8
0081
0467
0a5a
fb53
fcc9
0abe
01b5
00c3
ff8a
04d5
0a72
fd57
ff9d
fe99
02ee
04e4
067c
0311
0a14
fdb3
fca9
05e1
007e
fa7f
febc
0106
fd6a
fbf1
ff2b
fbbe
028a
f83a
005d
0214
ffa3
045f
fa85
fd32
feae
02da
00e0
0893
fcc7
fa6c
0728
fa47
02bb
fc16
f7b9
fe80
0399
fb1d
024e
030d
faea
ff17
064f
029a
fef4
01a9
fd42
0474
0474
007c
00ec
fc01
fa98
fe7e
ffa7
0440
03b1
00bd
04c3
fc3a
044f
fcd7
04f5
fff2
f802
02ec
033d
fe2c
fe84
ff5d
f84d
f68b
0535
fcb4
076c
057b
0645
fd66
f991
fba7
fe37
f682
fe19
ff31
fad3
fbd7
ff1e
016d
fc70
012b
008c
0030
fd64
faab
06c9
0285
0406
ffaa
ff58
01f6
f8a9
fb8b
fccf
fe2f
fc7b
0155
0053
0592
09e5
faf3
0097
0095
fff1
fba9
fc55
00f6
fc38
00a3
ff04
0091
fc30
00a1
fc7a
00a5
055c
010b
014a
0345
fa63
06e0
fbc7
0385
02fd
fc64
0409
01fe
078f
00c6
ff91
fdf1
f907
feba
fee5
010c
fa4f
ff0b
024e
02b4
f890
02d3
ff04
ff43
f68b
05f9
00b5
f9e0
0180
0161
04e4
fec3
000c
fd6e
0264
fcde
fc6e
ffbb
fb19
0669
07b6
fe30
fa74
0159
fe12
04b3
fcda
022e
0075
fd4c
00f6
0384
0059
0064
fc82
0494
042e
fe5c
ff81
05a8
fb77
026b
fdc4
071d
0041
050b
fcf4
fb02
ff10
010d
fdf5
0309
ff29
f7ad
0236
fc78
fe8e
0636
0717
fdb3
0250
fdca
feda
fd94
f91a
0061
0127
fd51
045a
fe41
fd73
021b
f9d4
03a0
fe64
03f5
0527
0290
fcc1
faff
fa44
0469
ff76
fd9a
ff79
0453
031d
01c1
028d
00b8
0135
00e2
0000
0303
0172
fc7a
021e
00fd
0272
ff95
033f
ffc1
02e5
fe2d
fe73
0269
feac
08d3
0244
001a
0348
fe14
03b1
0395
0504
fe3d
fb1c
fd8f
fee0
06ab
08c8
0161
000a
fe9a
034c
08c1
0725
048d
047e
0354
ffd0
fd0e
ffeb
01b0
fa2f
ff63
fcb2
040e
fdcd
0150
fd33
0664
f932
01e7
fae4
fdf6
00d3
0105
00eb
009b
fd6f
ff58
0020
00c8
ffbd
02eb
0060
00ce
fe78
fbca
009e
04d4
01c7
fcbb
0342
fea9
02dc
fe86
016a
fded
fe07
f9bc
020c
017b
01b5
011a
fcf3
03dd
03f9
fcd9
0221
0380
fe1f
fed1
0223
f9f5
fba5
fc0a
f8d1
0457
f80c
015f
033f
fed3
fd54
00ee
0002
0404
f57c
fc53
023f
0034
0302
010c
ff76
feca
094d
0624
01fb
0050
0227
034f
01ad
fcff
0723
00fc
080e
00c0
ff04
0589
0134
0089
fb33
02a4
fe07
fe35
fe0a
01c2
f9dc
ff28
03ec
fb04
00b1
fd79
fe63
069f
f966
0310
fe17
fde4
fb8e
0304
ff3c
febb
0070
ff52
f7ff
fe09
0395
f9f9
fba4
fe4b
fd19
ffe3
fba1
fe73
ffcf
0299
04fb
fef4
078d
ff44
0351
07ba
008f
fa82
005d
fd8e
fee7
07f1
fb1c
0134
fc7d
fec5
02fb
0146
ff1a
fd67
0144
06d5
fc65
07a6
04cc
057a
013c
04af
fbf7
fd54
0310
012f
ff68
f5fd
fe42
fb4e
01f9
ff3c
fd7d
0a92
0427
0439
08cf
0335
fceb
fc73
03dc
f7c3
ffb0
f751
0065
036b
011e
03c1
07dc
ff6d
0b3b
00da
03cc
fd8e
067a
042b
05e3
0038
fafa
01d7
f936
fea8
00c4
0982
0146
008f
ffbf
faa2
0058
0069
fc20
fb41
fe13
0042
fe2b
fbcc
0128
0228
007c
fdc0
0261
ff3d
fb3e
0425
016a
ff86
f9b7
fd05
0813
f9f7
feff
ffef
0148
fa03
00b2
f941
0064
fd64
fc89
0357
ff0f
01e5
0207
0514
fb2b
03ad
0011
fe7d
fb67
026d
fc50
0212
07b6
03eb
0591
fd20
030d
fb6c
ff11
06f7
fd92
0472
0410
044d
faef
021a
ff60
045b
f961
0179
00e8
f80a
fc75
f8ae
fd18
0232
00c8
00ad
fbd7
047b
ffed
0023
03c3
fc09
00ea
01b2
fdd1
029c
01e9
ff98
ff79
0218
0327
0040
047b
02a2
f8d9
fa61
04bb
ff03
00a8
048f
fff9
0026
fc86
017b
0259
fdb0
fc50
0a81
ffa1
fd44
02d4
ffcc
fba8
01ef
fc96
064e
01fa
fee4
0070
039d
00be
087d
048b
01f3
fc41
ff6a
01ea
fcb5
052c
fc1a
fd73
fdc0
02fa
fcc8
f8cd
045a
fe39
fbba
fcfb
06de
fd5f
ff82
fe36
fb12
fd07
facc
03d3
0067
09ee
fd2a
fc91
0623
043b
018a
fb8c
06fb
ffb6
fe47
0492
ffe9
fb56
0029
fce0
f3f6
fc79
fde4
fb61
024d
fce4
01ea
fb11
03a3
fae5
f6a2
04f3
fc94
0707
0242
0329
042f
0073
007f
0520
0072
fd16
0258
f78c
0547
055d
04cb
04a4
ffaa
ff93
fb15
06fe
fe0f
015c
0104
faa3
f905
0006
fe2f
ffa4
0443
00e6
0309
01c8
febc
fbfe
010f
0056
03a9
ff65
fed0
ff15
fc53
05ca
048f
fb26
0337
f89f
03f1
fd37
0171
f848
fb35
01e0
fd32
fca4
0595
08d8
03c0
fba2
070e
f9c1
fec8
0038
07b2
03a7
fe25
fc38
0402
fdde
00de
fa85
0247
01f4
fb09
0420
0238
02f6
fe7c
00b7
0041
ff68
00af
0507
044d
fb46
03f1
04c4
ff65
0209
01fa
fc9a
fe79
0301
fe04
03e7
0538
0493
07eb
ffa3
00b5
0148
ffc2
022b
f928
00d2
fa7e
fc26
02ee
ff34
02ca
ff1e
046d
ff0b
f82e
00e7
f753
fa30
fc78
fbf8
fdd2
fbd5
fa60
062b
fd4a
f714
fe8e
fb80
fc76
02d7
fe35
fb64
01c9
049a
0226
f630
fb8a
0031
ff06
feb1
fc12
fa61
0808
001c
0292
0006
002f
ffc0
fb85
f9f1
018b
00c0
03c1
02f1
fcc4
0488
030f
02c3
08ff
082d
02c2
0243
0454
fdaa
fdb8
02b2
fc93
025f
00a1
fc93
001a
0538
0054
0059
0151
01d6
fead
0167
fbce
fcce
fd51
01e1
00a4
ff76
02c3
0184
fed7
fbdc
fcb9
fa22
0090
fc8d
fe05
ff7d
042d
03b7
ffc8
0510
f7f3
0782
02c5
0069
fc6f
fe3f
0270
0287
02ac
fd16
fc48
00c8
0314
0003
05ed
0022
ffff
02af
04e0
fa9a
fb87
febf
0ca3
fef4
ff83
0279
03e8
00ae
04a8
fb39
fcf0
04a6
000b
faf3
fab6
fcc2
0002
01df
feaf
018a
fe40
04e5
0a35
fe6e
01eb
0198
008e
029d
01ea
fe1e
0544
00cf
fe76
09c6
ff89
0105
00b4
ff7b
01cb
fc9f
0263
f8f7
facf
074e
fafa
f829
fb13
06f6
f8d5
fc2d
fa2b
fee7
fe42
fe14
076d
fb34
ff97
015b
fc14
01f2
fe67
017f
ff91
f7cc
0539
0848
ff4b
fc68
0606
0790
ff53
ff20
ffae
f94d
fed6
06dc
ff53
fbd7
01fd
fd55
ffbc
faed
fbda
02f3
0077
fce5
007a
fd92
fcdd
04a8
0322
ffea
0094
fff7
01f3
fccd
0373
016a
fef3
fe0d
035d
ff66
fd34
fe76
0314
f98f
fe94
0448
ff54
0117
0459
0392
fe3d
ff7a
039e
03c2
ffa6
ffc9
0112
0578
0445
02c6
fbaf
fee7
ff1c
05ad
ff0b
0504
fdb8
fe09
01ed
0646
ff27
f5c0
f9be
0131
fa1a
fc8a
000d
f634
fe7b
fb57
fa01
fccb
fbb9
01e1
04c9
fe8b
fd9e
fe58
fb91
fad8
f96b
faaf
0687
fd3d
f43c
fda7
f9a3
003d
ffce
0039
ffd6
fe82
fa2d
ffb4
0413
0741
ff0c
ff7b
0200
05f9
fe0e
02c5
fcb5
0152
03e2
fad6
fde6
03d2
0277
0425
0365
fea3
08cc
008c
f3c7
fedf
fe20
032e
fe32
0465
023b
fc00
ff70
fce6
00bd
fce0
004c
fee9
ff64
0834
fe8f
f843
0410
0408
f816
fd32
01be
0219
fffb
0012
fc3f
f667
0833
fc20
00b5
ff5d
0397
0076
009d
f576
fcab
02fb
029e
fc32
f9b0
0082
f45f
fb68
070a
05c8
01f3
013b
f833
fd0a
fed2
fd1f
fe99
0532
fdd5
fea3
02f5
fa52
fca4
fd0d
0039
fe9f
febf
fd57
fbb7
0270
fea6
027a
fb8e
fd57
ff1e
ff7d
0304
fe47
02fd
0180
ff93
fc32
0307
fc4b
ffea
ffc9
ff2c
fe71
fcb6
f988
059d
fe08
ff7d
ff77
0462
07bc
00a4
ff5f
fb82
fa3a
f8e7
fcd1
f7a3
0451
01b1
fefe
0470
fbb7
fcb8
f844
0319
fcc2
0010
0403
057c
ffe2
0189
fc62
06bc
ff56
0052
fe5f
04cc
00cc
030b
016a
ff1e
03b8
0162
fc28
fc0b
0098
03a1
068f
f8e4
001a
01f5
012f
040a
029f
fc0f
fbf1
0140
03f6
0093
f9b0
fbd0
02c4
fe9b
0079
0443
fb31
fe58
fde9
016c
0317
fa14
fffa
037a
f895
ffbe
fb23
fd6f
f5fb
0592
fe94
fcc5
0150
fbd5
fb73
060b
073c
fda2
0445
016d
fa58
fc4a
0634
fa4b
0920
fdb7
0653
fec7
0333
0595
058f
fdaa
fc92
ffad
facc
00f5
fcb8
0455
fdb8
f908
059b
00bc
001e
0461
037c
fcf4
fe33
fb8c
fa24
0250
0192
030b
0520
0319
0374
f7b0
fec6
03dc
fb54
005e
0214
01c5
017a
0265
00b9
fa26
0207
0124
fa33
0585
0223
fa7b
fcbb
fdbe
fdbe
012c
fc18
0483
042f
027a
002d
03c0
fee5
fd1a
04c3
0145
fd44
fe54
fd0e
0817
0004
00a2
02e3
fb23
0463
fd92
0752
fec0
0427
f603
fb4d
fed3
f7e0
0267
0140
fc09
fff0
033a
f796
fae8
fea9
0018
ffc4
038f
01e9
02c9
fa71
0094
fec5
05d9
00b3
fd53
0369
0241
fcb7
fe9b
fead
04e9
00d0
02e8
fe07
0157
0537
fe8e
0076
fa8c
fcf0
feaa
fbc2
054a
fca6
0326
00bf
0020
05f2
f6f5
ff37
fbae
f828
fb39
0012
fd19
0396
ff25
feb3
feb8
ff9b
fe53
fc98
03f5
fd81
fe77
01b8
0146
fc6d
0305
0227
00b6
fe46
fe60
ff31
fb13
ffd8
0392
0381
fe7a
0442
07a0
febc
02c4
f6f3
faf8
005d
fbf9
0828
0264
03dd
ffe2
fbfd
fded
0104
fd73
02af
02d8
0005
f8b3
06dc
ff26
0ad6
029c
ff29
01cb
f7ec
041b
0a45
f7a5
feda
ff94
0380
086d
0188
0891
00af
01ce
0150
04e2
fe50
0346
fb14
fedd
fd74
005a
febc
0487
fc7c
f913
fa92
03fa
fc1f
0197
fed2
034c
ff14
0b0f
0798
febd
fe31
0c88
fbaf
ffc8
0017
fffe
f90c
01fd
fc1e
05be
fa2d
003d
f723
f762
fca5
fd35
05dd
ffd6
052b
fe7b
026d
fd19
fcd3
f8b7
0158
010c
031c
00dc
081b
00b4
03f8
feb4
fc5e
02df
ffa5
0354
0169
fcd4
044c
fc84
0280
0520
fe76
04a0
0197
0368
fca7
00db
fa5e
06d8
f7f2
fe95
fc46
02b3
07b2
029f
0bd8
fa7d
facc
fc6d
007c
fbe4
fcfe
027b
fb0b
fb78
fe68
fec8
040a
fc66
fd1e
0254
0335
05b7
01e0
0085
024d
feee
fee7
f8e7
0393
00d9
031c
f4bd
ffd0
fc94
0601
0275
00f0
fe46
0197
fc4a
ff9a
fdb0
0911
05e1
0441
fa0a
0375
00c0
04e5
014a
fff9
00ef
f8c7
fcee
017e
048f
fdcc
ffd6
f999
05d6
0474
029c
01a1
0636
fcc8
fc59
043f
03fa
fb3a
fde0
06c2
01a6
0326
fb5d
02a0
fa52
f815
02e8
05bd
fefc
fdd0
06d8
ff39
ffbd
06c7
fe96
fd62
0343
fd27
ff6c
fab9
00be
0046
03df
036e
0235
0194
ffb5
0270
fb8d
f69b
04a6
02b2
ff7e
044c
fd13
fd2e
fca0
0245
f9ab
fcef
0129
fb2f
fd5c
f727
026c
fd40
fb9a
fad2
fe54
f9ae
07c5
f676
fe33
006d
fce6
00d9
fccd
061f
fb86
f698
face
018c
ff87
0302
0202
fd74
fe0b
fe75
078a
02c3
0791
035d
ffbf
fbec
00ce
ffc2
ffa0
ff2a
f7ca
050b
ffcc
fa58
01ed
fc94
0240
0387
0414
ff5b
fe58
fd7f
fd1c
ffee
ff2a
fcb3
fb6d
ff91
fe43
fb6f
0353
0717
03da
fd1f
ffcd
0629
fb4e
0321
fa35
06bc
fe47
08eb
06ea
ff93
fd1f
00c7
ff48
fe65
f95e
fdf1
fb8f
0235
03f7
02f6
015f
fc97
00d2
032c
fda8
007a
ff6b
06a6
0368
0270
f922
00b1
ff61
ff58
f9bf
fba6
ffba
0475
fda3
fe66
0720
fed0
ff7c
ff8a
fa9e
024a
fd63
ffe1
01c7
07c5
fabb
0376
037a
fd72
0266
0693
fcf1
00f7
019f
0223
0314
00aa
020e
fc5b
00a8
fe18
fb15
fdf7
0114
01be
faed
fc40
02e6
0208
038c
0579
0227
fe57
0076
06a4
0b0f
01da
0224
02e7
0018
04a8
0408
016b
feba
f9eb
02ee
00da
fd0d
fb7b
02a5
f998
0133
0360
0233
fe70
fb01
0259
04cd
fdb6
0207
0653
015b
fe6a
042a
fd0d
facf
0340
fe60
febc
fd7e
fe1c
059d
06a6
072e
045c
01dd
fa45
ff40
08a1
fe42
060e
0038
f54a
0290
0511
ffce
04ef
f954
fa75
00d2
01e9
056d
028e
fb3a
00da
0267
f881
ffd3
fea8
fd62
01ff
fb67
01ab
023d
0456
fb82
f9fb
011e
fedb
0b9c
01d6
003c
ff4f
fb21
0241
ffaf
ffb0
0061
00e3
f90b
0359
fc9d
ff73
0525
071e
f933
001f
0117
f9f8
0336
0077
00c7
fc54
01a7
035a
0082
fdf2
fe41
00e2
0032
039f
fe14
fb20
0170
fe17
0322
0008
029f
fbf1
0093
fd34
fb1e
fc8e
fdd2
04fb
fdb7
faea
0087
001e
fe08
ff5b
03e8
02af
0256
fb44
0b8c
0434
0211
fb58
03ca
fdff
ff39
f947
fb09
01c1
0406
02bd
029a
ffbe
fe60
0128
0349
0005
04d7
ff24
fc14
fff5
006d
ffac
051f
0339
fa47
0623
f509
089b
feda
ff3e
ffc3
018a
0000
ff77
053c
0243
fc2a
02f6
0219
fdd2
032b
ff5f
ff1d
ff01
f64a
fde5
02da
ffe9
fadc
03dc
fece
fb1d
08d3
fbca
0385
fcec
008b
fc64
fb0b
0217
019f
0494
ffdd
08e2
0113
0244
fa91
fd8b
0214
ffaa
00c0
fcbc
007d
0079
fb47
0292
f933
00bd
0710
02b9
02b2
fc69
0714
0582
fca0
fe1a
0505
072f
faf1
fbfc
ff6d
f751
0014
04be
fa3f
0082
fdac
068f
fdb9
0613
fd9c
0316
0102
ff72
fcd6
014b
fe3d
fd3e
05e4
0231
0293
fe6f
ff42
ff01
0159
0291
ffe1
fcd4
030b
0022
fa3d
f775
0131
fcaf
01b9
fce6
0088
fe7d
0702
03cd
0564
0019
034a
005e
05e1
ffb6
fa69
f801
06ac
01ea
022d
05f5
f965
fe91
ff0e
02f8
fd3b
fb32
fb29
0499
fd08
fdcb
028a
fd34
f92e
f9ac
ffc6
01fd
ff31
01b9
f98c
f9d2
0904
04ee
0313
fd5c
ff0c
fffe
0542
019c
021b
ff54
032c
0136
002d
fd07
ff8c
fbaf
ffd7
005b
f662
ff14
fb4c
01ff
028c
fe4b
0232
025d
ff15
0623
fd1a
05e3
ff19
fca0
fe98
fb9a
0323
f997
058f
fc42
0359
0019
0115
fda4
0169
008a
fa2b
fc26
fdd6
fcfb
0503
0007
fce3
fe09
fdfb
fed9
fbb3
fcbf
0311
00be
ff64
0003
ffd1
ff2a
0212
01c6
f9b7
ff79
f9fa
028b
0312
fd8f
ff88
f78e
03e4
02d7
049a
05f2
fb1b
038d
05eb
fa06
ff51
fe8c
036c
f66d
0744
ff8d
03aa
ffc2
01f8
f6b7
fe76
0364
0128
f974
003f
fcba
fc61
f9eb
027a
0474
087b
fa1b
0312
0355
fdae
fc54
fba8
fde4
00cf
0571
046c
f98a
fcd8
0533
fd13
ffc6
f92e
049d
f859
f96e
0434
07ae
fed6
ffd0
03a2
0128
fe82
fe0f
f9bc
00ef
ffa2
fe40
fbfe
fc66
0279
0387
feb1
fe45
fc96
03bf
0020
0179
016f
fec5
fb57
fc04
0483
fd19
fe5c
fb76
fb23
fcec
06c1
02a2
fde5
0455
ff64
056b
08d9
041d
0061
02cc
000f
f8a8
fd62
fc32
fd4b
072d
047d
01c3
0340
f86e
02ea
03c2
f70a
0310
fa4e
f81f
054e
fbf9
fd23
03f5
fec7
ff48
ff31
0164
ff18
0075
fdfc
0168
0141
0797
fe7a
ff43
00f5
03dc
fba2
006a
f5f8
feea
044a
fd18
00b5
fde2
fc90
03e3
fbd2
012c
013c
fc98
009f
fc43
0216
fabd
fea4
fefd
0474
008f
03d2
0238
0231
feac
0415
fe93
f915
ff24
01d0
f993
fc76
fb14
0326
06b1
ff29
0220
0206
0637
fd64
ff1f
fea3
004d
0a04
0020
fc95
fb62
0503
fc90
02a8
fd48
faef
026c
fd7a
01b4
01ff
022f
feed
02bf
fc4f
f62f
02d4
00aa
fd8f
fa1e
f7db
0035
0698
ff72
fe8e
ffe7
08b8
0302
fc44
001d
0154
fbc6
0309
fcbb
f9f5
004e
ffac
ffff
fcf1
fd80
0484
01c4
fc2c
f832
fc58
00a1
fd79
fd29
fda5
ffb6
0323
0000
003f
ff1a
fe01
0394
02f8
082e
0271
fe02
fc62
03d0
fcbd
033d
fcf6
0166
fbc3
031f
fb11
0118
ff35
0068
fe6b
fe53
009e
fbfe
fbf8
fe91
fe69
fbfa
03b2
fea9
ff18
fab1
0849
09b5
fce1
04e8
ffa2
066a
0158
0066
f601
fc7c
0015
00cb
fb24
fd16
0237
fa78
0089
04f4
018b
0158
f7eb
fcb6
0838
fd9a
050f
fd8e
fee4
0210
0067
0187
fcba
fb74
fc75
fddf
ff15
0426
0059
01f0
0091
fb8a
0012
0086
030a
fbba
f7d7
00b4
016a
ff48
001d
0384
fe2a
fee3
0051
fb1f
ff64
ffbf
068c
fecf
00cd
03ad
fca6
0581
070e
ffe2
fdd8
0682
032f
0054
05b5
0549
fea8
00ff
024f
001d
fa70
fc3f
fa91
01f9
fb43
00c5
0754
05b6
f8a6
fae3
fce5
fb53
f962
fff5
02d2
03d1
fe1a
feea
016c
ff91
033e
01b9
fe7f
f893
05ff
fd41
016e
f855
fff4
0067
0098
0c0e
fd7a
0348
0218
fd49
0339
ff58
0380
07d8
009a
fee0
0435
0596
fc78
fe30
02b4
ff79
fc2f
022a
02b0
feaa
003f
fdb2
fb9e
fe03
004c
fa1a
fe4e
005a
04c7
fec0
fb04
ff29
fdbc
0235
fea6
f528
0ec4
0092
005b
f9d6
fa24
ffa2
0158
02cf
00f3
fb42
f5fb
ff99
fddd
faf3
0350
f9b3
0278
fa5c
0089
03bc
fea6
06c2
07ac
00f3
022a
043e
022d
01c0
fde7
f940
fa71
0988
014a
ff04
050e
fd01
0255
004f
01d7
fea8
fc24
fcb5
fcdd
fffd
f9c7
fb03
008b
ff7d
00c3
ffd2
0a13
0082
fe7c
0068
0414
ffcd
02bd
0196
fed7
0072
0665
00f9
fc0e
feb9
f78b
008d
0540
faa2
0099
03f1
045d
051f
f887
0205
f9fa
fc02
0349
00a2
02e8
fc49
05e5
02c1
038f
fbae
04b0
febc
fd8e
0280
0255
fc9d
083a
0742
026c
01b9
0152
f9cd
0074
0066
fdb2
fec3
f67a
fb9c
03b0
06ed
fc3a
00bb
0465
fdeb
02b4
ffdd
04c3
fadf
fb95
011e
0063
ffc6
024e
fc47
fa86
fe00
fe72
fedd
0514
0315
0222
00e3
fe43
fc96
fb36
fd39
ffd4
fb61
00ae
ff39
fe69
04a5
f628
fe77
f697
00f4
030c
fa98
fb1c
f935
0041
fea3
fee3
fe87
fc1b
0487
0117
fb43
fd33
fc83
05a0
02d8
ff7e
06d4
05cf
ff14
fe5c
fe8d
fc30
06f0
fbf9
0379
02c3
fec8
073d
f9c3
ffae
fe0b
03d8
016a
f917
04f5
01f1
fbdc
fe9a
facd
ff51
009a
fea9
fe33
f98d
0159
f84d
0020
f8ce
0034
fffa
019d
0373
0431
f98f
ffc4
080b
007a
fcad
ffae
fe77
fb4b
037a
0256
faa9
ffa0
fdbc
f998
fa57
faf0
ffc4
fe2b
fc2a
fe6f
02fd
016d
0402
ff16
0669
0164
fe0b
005f
fb02
fec6
01b8
0272
fe5c
0af0
ff50
f949
04da
026e
00ed
fe24
0193
067a
00ce
fa1f
f230
018a
fc0e
ff9a
fcc4
fc7a
fcf0
fd4d
031b
024b
fb2b
fbb7
0184
0436
0426
fbfd
03f5
f8e5
ff30
01f3
f7af
085f
054f
0297
fc24
ffba
0329
fb82
ff47
03a4
fa06
0154
f8fb
fc3a
fdfb
020e
fd32
0081
fd40
fde1
0501
fb66
0309
ffff
fdb3
fb21
fb6a
fd0c
ff66
026a
fecd
ff11
ffaa
01e8
0294
fa74
fedf
04e9
fabc
004c
ff51
fdbc
065d
0026
060b
0006
01d7
fdb1
fdbc
01a3
01b6
0264
0182
faa8
fcc6
0366
f82b
012c
ff8d
0366
01ab
fd58
fd2a
fde9
0252
f6cb
00a1
fc78
00c3
0161
f95a
ff18
009f
005a
ff83
fb1e
fbba
fa7d
0237
ff8a
ffcb
f92e
ffde
0289
f8a2
fddc
f9b8
fe52
fc65
0186
00ad
052b
ffc9
015b
fdc5
fb96
0357
04f9
02d3
0086
fc1b
0491
0251
0819
fb62
0373
0232
fea2
0575
019c
fc41
ff87
fc34
fe20
02d1
03f5
00e3
fd00
0187
02e5
f81d
0077
ff3d
03d1
018b
01f0
fe13
0002
03c6
ffbe
00b3
f9db
ffba
f7f4
fdef
0041
0311
fc01
017f
05e0
fd70
f9d0
0129
fb3b
fcb9
03b1
0782
fbff
fd0d
fe3e
fdcf
07bc
fde1
fe73
0677
024f
03f2
fc60
fde1
fbd7
0334
04e7
fd9a
fe8b
feb8
f9d0
fd4e
0318
fc80
005f
fac5
ff6d
fdbf
fb1d
0329
0363
fc1f
ff23
002d
f8be
fa69
0525
fbbd
0508
fa9e
02a3
fec1
ff51
076c
fafc
0261
0237
0d6b
fbb1
fd7f
0344
ff33
fe26
03d4
feef
fc6f
02e8
0180
fec0
fe8f
fc57
02e6
fe8f
fcec
fadc
0192
fdf7
f7f3
fb30
ff11
ff2e
ff07
fe78
fa19
fc80
04bc
0425
0250
01f5
039e
fb84
0022
fb85
fb97
0179
03c9
ff39
0699
00d9
fce5
fba7
0413
0084
02b4
f55e
00fb
fdf4
fa6d
ffc0
045e
0911
00f8
fd2a
fcec
03da
fc03
027d
012d
00bb
f9ba
fe92
fa2b
fda6
03ab
04ed
00db
fdb8
065a
fdaa
fb75
02c9
01d5
fdd4
0067
01c5
00d1
01d6
fdfa
021b
0012
fe1d
ff04
ff9c
fa38
fd74
0042
fa99
fd85
098a
fb7c
fe77
fcaa
ff88
fcbe
ff07
fd20
0438
0054
fbfd
035d
fc2b
f9be
fffd
07a1
f8b0
faad
0303
fd6e
0273
fca6
0091
06fa
fb39
0418
02b8
fa0b
023c
004b
005d
0159
fe99
0048
00f7
02fc
f9e4
052a
fb61
030c
0051
fae0
021d
fc38
0446
fd28
fa05
0623
00ba
0378
fc98
f86f
06b3
fff9
01f7
02a0
fea9
00e8
0660
ffdf
03c5
f809
047f
f9e9
040a
0190
ff9e
ff9a
fefd
fcb8
ff2d
08d5
0536
fc84
0112
0062
ff6e
fbfd
01c9
0362
fcaa
07d2
0617
0231
fb13
019b
0121
020d
065d
ff4c
0831
01a0
fed7
0999
0352
fe2e
0056
028a
ff66
0089
fcbb
f942
006d
008f
021c
fdb2
faa3
fc24
0439
fd55
fe3b
fec0
fd86
fd3a
fc84
059a
02b8
04fe
05cc
f69a
0160
fda8
0478
fd09
fbc9
fa44
feca
03a9
0106
fb30
089c
0299
031c
0524
f970
fc5b
034b
fcc2
fee6
ffb0
fae4
fe8f
03a8
02eb
0474
040a
01a0
014f
0103
fd7e
fbe1
fd3e
feb2
fd60
01a8
00cf
013d
0168
04c8
fff7
0409
0211
0485
0675
024e
006a
0064
fe1f
fdfc
039c
fc25
0676
ff65
0b73
fd3a
0100
fe98
fcd4
0441
fb94
fd4c
0258
02fb
fa6f
0254
0084
fc54
fcd8
f7de
06df
0410
fad8
0332
fdb4
03a9
fe04
fe8c
fed9
fd5f
0599
0398
0071
0419
f97e
fb16
01e6
02f1
011e
f878
fbc0
01ab
09b5
04df
064f
015c
0154
fbde
03cf
ffb5
02c5
001f
011e
ffa6
00e6
0400
faef
fa07
01b4
05c3
06c5
fb1a
fe63
fa15
fdcc
047e
fff3
fe81
022e
fcd2
065f
0007
fe65
0259
03c2
0662
ff29
0458
0068
fd8e
fce5
fb9d
fd09
0476
02d4
fb09
f904
fb8d
fce5
fec9
04b1
fdcf
06b9
f947
fe9b
0324
0364
fea8
0402
0340
fd46
0142
02d0
fd8f
06c7
fca9
0094
fb00
006a
fbbb
fed3
f9a7
0333
016d
045a
fe9c
0489
0028
0074
0875
fe10
04e9
01eb
fdb6
fabd
fbde
0486
06f0
005e
0093
031b
004b
0466
012b
008b
fd34
fc38
f35d
04f0
ff6a
fe66
f831
fd71
fcea
fcd2
0155
007d
fa8e
facf
facd
073e
05f9
fc97
f818
0083
0030
0145
02f7
01cf
fb89
012d
036a
fd1b
0133
fdca
07fc
fab1
04a0
f951
072c
fb6f
00c2
f97c
fa9a
0397
041d
00f5
02f7
042e
fd43
fa67
fff2
fdb1
018e
0231
fd46
02d1
029e
02e5
fe5e
031f
0214
0290
06b6
0150
fd92
fb8f
0483
016e
06ae
f7e2
03a5
fef5
fe96
fcf1
0399
0274
fb6e
00a9
02d3
00b6
046e
fed7
f6fc
00bf
00b9
013f
046e
f831
ff0c
fc4f
fb2b
ffb6
02cf
0134
fd40
ff6b
03b8
02bc
fdca
fd88
f922
fe48
f90f
0845
fc94
0470
0746
00dd
ff9a
fab6
fdfb
066a
0168
001d
0540
02c9
ff69
00dd
fcee
fdc1
ff2d
023b
fb03
004e
fe71
fc65
fe76
f6b7
fcf8
fb9a
fee1
f6e1
00c3
03a3
ff88
01ff
fdf3
f9c8
0002
02b9
fab4
fe24
ff03
0b68
00e5
f861
f763
02ec
09f1
fee0
fea3
01b9
fccf
f5d3
0426
fd8c
0433
fcf5
007d
036b
0448
00ef
00bc
027b
01db
fad6
fae9
f790
0311
fe6b
0348
019d
fbfe
ff85
fe2e
fd90
03a9
0a0b
0477
ffe4
050a
06da
fa6e
04e6
0314
04c1
0341
ff17
0822
015c
fe43
0206
03e4
0061
0193
005a
fd5c
fcb6
fa64
0612
ff1b
f24a
0196
0181
f889
fcac
fc7f
fd08
04da
ff68
fe4b
047d
01fb
f909
fd89
014a
fc44
081e
0074
fcfd
fb82
03b6
fd69
0185
fb65
0048
fd75
febd
fcd1
041a
fe09
ff6d
ff9f
0673
0390
032a
f9b0
fd60
04c1
fb51
0056
fbbd
fc24
06b9
02e1
03ef
0323
ff71
fd3c
fe64
ff3c
071b
faa8
fdc9
fc59
043a
076a
013c
0190
005e
01c0
0318
01b4
01ff
031a
f8e3
0002
0139
01aa
ff51
00a5
fd1f
f8e7
03ef
fb76
ff5c
fd01
0659
ffae
fec2
02fe
08a0
019f
fe7e
02c9
f9b6
0030
07fa
00a2
006e
0015
fe6b
0142
031a
feac
f609
01dd
0888
fe7f
fa1e
02b6
06fa
021e
06e6
032d
02d4
fdee
0124
ffe2
ffbf
fefc
00e7
fad1
033f
fc7d
ff00
0152
fc4a
f822
fe78
fa47
02d9
fb63
05f1
fffa
003d
f814
0094
ffae
face
0059
fe69
ff22
001b
fe1d
00fc
ffa7
01e4
fde3
fbbe
fd2a
05c5
03d3
04db
0521
fe22
012f
004e
02a3
fed8
005f
004a
0221
029f
0060
007f
00e7
0696
f914
fc1f
02b2
0114
010d
02ac
00db
fdc3
0284
0015
fe36
02c3
029b
00dc
06de
054f
0402
0a44
ff6a
fe24
0371
fefd
000c
fc0e
026d
fa1e
ff9d
fff0
fe41
f8f9
f8f1
fd04
0228
0128
ffef
fc76
015d
f8ce
f66a
ff07
fdd1
040d
00a2
069a
fdcf
01f2
fefe
0587
ff2f
036b
fbb1
fe57
ffaa
050e
f736
feab
fe89
f7b1
fe25
f9d6
f6ad
fef3
fed1
ff05
0103
fc7b
072a
ffde
0525
f948
fca9
02bf
ff18
fbb5
f8a5
02ef
029b
00f9
fe04
fb8c
ffca
fabd
fcfe
050c
f899
02b6
05fa
0344
0198
fe25
fd6b
f702
0026
fe64
fd35
ffeb
0040
fd75
0674
02ec
0396
ff96
020c
fc6b
02aa
ff2f
fbe9
ffe9
fed5
094b
01be
0652
0486
0027
fe3a
f90a
fc84
02a7
fecb
0181
f7e1
01d0
0463
f8e6
017c
0560
06b8
fdfc
031f
05b8
019b
0524
ffdb
0194
fd83
ff57
01bc
fd37
ff1b
030b
0836
f7cd
07e8
fef6
03dc
04a5
0642
fd17
ff19
ffc9
fe92
0546
ffb1
f987
fd78
f9b0
ff16
02b1
fd62
fe63
fee7
0090
0210
033b
0906
007e
02f1
f9a6
fe7c
feeb
fbee
fddb
ff92
fdfb
0a68
020d
0801
05f8
fd71
0026
fe43
ff5a
fc18
fe3c
0170
0155
0103
ffc3
0371
fef9
0591
f89c
02a1
01f4
fd4d
fe94
01dc
03aa
f901
0283
fe2b
0480
f8a5
09c8
fc75
05b8
ffb9
fcba
010f
041e
f9ca
02ce
fff4
024f
000b
fdb6
fb8c
02b1
02ab
02a6
01b6
03c7
05a0
f87f
f6a2
06df
faa3
fba8
fed9
f962
fe79
fc35
ff11
011f
fea0
fe6c
0108
042d
0669
ff20
074d
0382
fb12
faf5
fdb1
05c7
fdff
f86e
ff16
f814
fbc8
fda7
0099
0419
02c7
fb48
fe83
004e
fef4
feec
f91c
fb64
fe63
f3a1
0290
fa82
02bf
0265
fdd3
0401
02f9
fec4
fe50
0464
00ee
042e
f672
0065
f9b1
ffe6
02db
06f5
fc3f
fde6
ff9e
fc1a
03ea
ffb8
007d
027b
ffb7
fcbb
ffbf
fc93
006f
03fd
fb4d
f9df
0032
fcee
0021
0148
f76d
02c2
fb52
ffe9
fd5d
fdcb
06c7
0147
039e
009b
027b
01ab
0105
046e
00a0
0924
03d8
fb71
ff4b
0197
002e
02bf
0330
fa90
0520
fe03
fd9e
fd9a
033c
feef
fd59
fe4e
f8d2
fca2
fb0b
feec
02a8
0237
0507
0423
fde3
0014
ffdf
f765
fb22
ff55
ff4f
020d
01db
f8eb
0213
00b7
027e
0444
ff6e
04fb
fc71
fc38
01b7
fe86
010c
07f9
0193
00d9
fc86
f933
ffb6
0444
feb5
019b
05b5
059b
01b7
00ae
f9ed
fd7b
fee1
fc97
00fe
07a6
0612
00fa
031e
fd16
05db
f9c1
03a7
01fb
fcfa
ff2a
fb77
fba2
f9a3
0312
04d2
f75a
075a
fff4
0129
fa1c
0549
00cd
048e
04e2
0557
fd68
ff2b
fd8e
0395
0155
0447
0473
f917
0567
03ce
fe86
0166
ff81
0277
fe84
01ea
0045
fe45
00c3
0ad3
fd42
ff00
fd54
fdbf
0343
02dd
fffa
041b
032c
ff5a
f9dd
0352
00ae
0017
fe23
02fb
0165
ff0d
fb19
0446
026b
0106
f55f
ffd9
ff09
fd87
0304
02dc
01bf
0427
fbe9
fe2f
004d
fd83
02e9
fde9
0532
fc46
0887
081e
ff9f
0496
fe66
040e
ff4c
fadc
f1de
feed
011e
0552
0026
0403
fe2f
fea7
0437
f624
000d
fe66
0571
fde3
0211
03b0
fa08
ff71
fe46
03c9
02b3
ff11
fbcf
0427
ffbb
f987
f9df
01c0
fae6
0770
fc40
0000
00a3
fd15
f70a
00c3
fcfd
0077
ff83
010e
063f
fdd1
fe20
f956
ff38
01a4
fe11
01aa
ff4a
faca
013f
ff2d
007e
fdbb
fd61
00a1
ff14
06e6
0332
022e
ff4a
f7e5
fcc5
fd69
fee6
ffde
02a0
0118
04a3
fec1
0107
0160
00fc
0521
0337
fab9
ff8b
fff2
089b
feae
fc12
01c1
01fd
ffb4
ff1e
03cc
fc96
fea3
fde9
0460
0124
fbbd
fc24
077e
0455
035e
000d
0609
fb96
0303
fe3a
ff01
02e7
ff6d
fe43
fe05
f80e
030e
fbf9
076f
fed9
053d
f8c4
02ed
03f4
0537
f9e3
fd30
024e
0098
012c
fe8f
0634
0a6f
006a
01d0
003a
0523
0351
fbbc
fd8d
fbf6
0ac7
028b
fd9e
fd4c
0339
039f
0331
fe4c
0139
0072
fc41
fc4b
01a6
00c9
0237
032a
05ff
fce5
0285
02ff
fec0
007d
fedb
086f
006b
01ce
fef2
fe15
facb
0466
0313
fecc
fc66
00b8
fe02
ff1d
faf2
00de
00f3
0461
ff66
feaa
f9c6
0467
0392
001d
faaf
fb24
fdd0
03dc
0129
fa07
019e
fca5
fde9
03e3
0310
045f
ffe8
0388
fda8
fef8
feb2
0018
fadb
ff1a
05ce
fba1
faaf
fb01
0aa6
01dc
feeb
0046
00e9
fd70
fdee
ff5f
fd1a
fe6a
016a
fc03
0a71
0303
faeb
f617
fd40
02bd
01f6
ff8e
fd98
fc62
fe64
fbf3
fe68
0553
fcea
0272
030e
fbae
fca0
0447
fc4c
ffc5
0829
03eb
0057
035d
ffc7
0413
f7d1
ff71
f7a8
00a5
ff0e
0571
02d9
fde5
fe60
0186
fdb6
ffdf
0544
fcaf
fe36
fec5
0ca2
026f
0487
0313
0357
01e5
0176
fa32
016e
ff91
022f
ffb7
030d
03c2
f45a
fe44
f892
00f5
fecc
056c
00d4
fe0f
03c1
feba
fe02
0193
0674
036a
0245
0b01
fd12
fcfb
0095
060f
fc3c
0705
fa3e
ff84
00b2
fc78
fd84
0330
05c4
f78b
00b9
ff8c
006e
febc
fad7
062b
04a3
ff96
fe0c
fd90
f5a8
016a
031f
008d
ffa8
0089
fc96
fe00
ff56
02c9
0584
ff15
fbd2
0025
080c
fc2b
038b
0558
fe8f
fd32
024d
016a
02c7
084b
00ab
fb3b
0044
00f7
0512
ff37
fe5d
fa84
0231
0d65
ff1c
01cf
fdcf
fae0
01bd
001d
f675
0671
01aa
004c
fe50
019f
01ce
019b
0446
052e
0806
fca7
fdb5
0172
fce2
fd87
01e7
039a
051b
ff3b
01da
00f9
0012
fcbc
fc3a
02ab
fcab
f8e4
ffdf
05d2
f4d2
fed9
02b3
f8b5
ff26
fb71
fbf9
fe64
fb82
fb2d
ffc3
08e9
0308
040b
0330
fd36
013e
0464
0350
00c7
0215
09da
035c
febd
ffb4
fbc9
0963
066a
0055
08b9
0288
fe47
03a0
0198
035a
fa86
fcc2
05f4
06c6
05a9
08e0
024f
0207
fc59
fdae
f80c
feb7
f7c4
0453
018e
f7e5
ff3e
07df
ff7f
fc02
f8dc
f8fa
0224
fe44
fe99
fe48
ff70
fb17
0144
fa4f
fcfa
040b
0181
02be
089a
ffc3
0016
fef1
fe3a
fbf5
0056
016c
01a5
0042
03b4
001e
fe5d
fc4b
f9ce
05d7
fd34
fc4c
fe54
fee3
068e
feb0
0a89
0041
083a
0393
0172
0650
047d
028a
0945
fe02
fc05
fd4c
0702
05ce
fde6
f695
ff2d
fbf2
fe06
fbc8
f990
0788
fd44
05a7
ff1d
fb7a
0209
fe70
ff2c
0094
fcc0
f984
ffcb
03db
fc65
009e
0606
ffa4
0058
0039
fd45
fc07
fc0b
0179
0308
0338
fe7c
0460
013b
0048
f2a4
fcbb
f9ea
0282
0061
fbb6
0138
fa4e
fbd3
fd29
0229
0599
fda8
054a
0031
00f2
ffbf
ff36
01c2
02f6
fc76
ff3e
06ad
00b5
0126
04ab
fdff
ffdd
0344
04f5
f68a
fd0e
fc02
ff81
fc4f
02a8
00b1
038f
03d0
02b7
fea8
006b
fe28
fa8b
03d1
ffaa
f9fd
0226
ff1b
f7c3
fa81
fd33
00d8
0327
0304
0269
ffdd
06e4
02cd
00e3
0244
fe67
ffc5
f7ac
fe74
070a
0098
006d
03ff
016e
fcdb
0018
fb76
00bc
fca6
03b7
fdf6
fcb4
ff8c
0176
fb2c
fdea
006c
055a
f5e3
0276
fe77
fe06
fd47
fe8b
027c
fdda
06a2
027f
00cb
ff56
04c2
0558
fb5b
fd31
028a
03bf
fecc
fd08
0050
05e8
002a
faf2
0070
0322
ff98
0508
0377
ffc1
002c
f8a2
04d7
feaf
fe66
fdcd
01d4
fb7c
fc10
ffca
fd7e
0157
fda4
0661
02c6
02b9
fd95
099f
fe3e
fd25
02d4
00c8
fcba
08c9
03e7
0004
099b
033e
fff4
0920
02a3
0276
fe74
0033
fe5b
05c2
f990
0577
fc7e
ffc5
fed2
fdeb
02c2
fffb
fd54
009e
fd37
fdd9
fa03
fe33
01fa
0026
0743
0a74
fe25
fcab
0485
0157
048b
0198
ff39
ff3f
01bb
ff28
04e1
faca
04db
f882
0095
fead
f9ef
f7c3
fb9c
002f
fd97
fbd6
0569
fb12
02b7
fc72
fb82
fd96
027b
fa84
0126
fc28
fce0
019a
08b2
fc5b
02e1
fec0
fe1a
0449
fca0
fb62
01d7
0661
0300
fa5f
fd8a
03eb
0653
00ea
fdaf
0696
ffb4
fd94
fce6
fb38
0b56
05af
fd60
06ed
0222
01e5
fd21
fdf2
ffd5
f823
fe0d
0005
053d
fd89
0340
f7c2
04ab
fc66
0085
01a0
00d7
ff93
fb09
fc71
03fc
fd9c
ff96
fa08
036f
fab9
03aa
fbc0
040f
000a
fdc4
0667
ffb9
fe8e
03a3
fa14
f5e4
04a2
fca8
0375
002f
fb58
026e
fe5c
fbb1
fbcb
f912
019d
fc42
ffdc
ff46
fc3c
f9e9
0a23
ffce
074b
04a9
feb7
00b9
009c
0760
0352
fcc5
0168
0338
fb4c
01fa
0562
fc92
fd1f
04a4
fe95
fc12
0387
024f
0061
0480
04c8
ffab
07e6
0655
f810
fbe1
f6fb
feb3
fb28
fcbe
045d
f8fb
0085
007f
ffac
0086
f712
fcc3
062c
fb36
06ab
fa5f
f9e4
fc31
0484
fdd1
0162
004b
ffc8
0519
0316
fb6e
fee6
06f9
0147
f9f8
fa40
0390
02cf
fc51
02fe
0666
05d5
066b
0239
ff4a
fe64
ffee
fc7f
fe90
051a
f990
f9d6
0352
fe99
f84c
ffc1
ff2f
fe47
02be
faab
000d
ff28
0027
f912
fde9
0014
022a
0763
0339
01d8
0516
fec9
0637
047a
fe37
07b2
01ca
08c6
0136
fdc1
fcee
fe94
fdb7
0516
ffe2
f98b
00da
0081
fe20
0112
ffd3
0289
024d
0176
face
087a
f9c7
ff7c
fb9f
0196
008e
ff53
0612
046f
feb1
0337
0642
0468
ff75
f9a4
014c
02ad
fcec
0017
ffab
058d
076a
04b3
ffa8
0497
0298
ffb3
085f
fd0c
026a
035c
feda
023d
03c8
00fb
01e4
006c
0331
ff16
fec1
0015
04bc
f903
fc5d
091a
011a
fe5f
032e
fcdc
f797
016b
fd14
0068
0151
0092
f92a
001b
01c7
fa66
f9ec
fbb9
02fd
f802
0352
0191
fef8
fa14
fcd0
0321
0507
fbe0
0491
02be
fff9
fd0c
fdad
074b
00b7
0552
00f7
fe30
0256
08a2
fd6c
03a8
00c3
fa34
fa1d
fe31
0164
0383
f9b7
029c
ff87
0003
025b
06fc
0137
fa93
ff40
0369
038a
02aa
fdf6
fa87
025c
fb25
02c6
02c6
fe21
ff8d
00cb
fd8a
fa79
ffd8
0043
0572
fcdf
0446
fb69
fa9f
fecc
fc3d
fa91
07c7
fe32
093f
fc05
f92a
052a
fd18
008e
fa94
ffd9
fa83
ffb4
fe1b
00ec
0281
00f7
01ce
ff90
fe42
01e1
ff8e
ffb5
0197
fbde
05b8
ff01
007f
ffd2
029c
015b
ffcd
05cc
f330
04f8
03ae
f8a8
03b8
043c
023f
f9c3
02bb
0407
fdb6
01c4
fe96
038b
febf
fdae
ffd8
faa2
ff72
0173
037b
00ff
fa45
0569
05bf
0073
fcfe
fde0
ff30
011d
fec8
fc91
0418
0107
fbca
012a
00a6
fd21
04c8
008a
ff22
ffab
01c7
ffb6
ffae
0444
fa54
fafe
031c
09aa
0382
0775
fe43
fd74
01d3
03d1
fac1
ff26
ffe4
fd49
fdc0
035f
01e1
0332
0159
fc82
01b1
fc31
fec1
fbdb
fd8e
005d
fe2c
fc78
048d
ff86
fde3
fbac
f883
ff1d
fa7d
02d9
001e
063c
00e4
fd18
f87b
033a
face
fe5e
06b2
0272
018f
03c7
03a1
0653
fd97
fe7e
fc4f
ffdf
ff79
f8fb
fd62
05c2
00fa
02dd
ff85
f874
ff7c
042b
fb42
02fd
f931
0015
022e
fec0
09e4
fe07
fdb0
00d1
fcfb
fa3c
fb9c
0308
fec8
06cf
fe3c
02d8
020b
fe2d
fc7c
f913
0236
04cb
f9a4
fe85
fd55
0235
feaf
054b
fe76
fb0e
fe20
fe91
021b
fe82
01c3
fcd7
fed2
fcdc
fc9d
0519
fd24
fe9c
042e
0300
0691
01ee
fd99
083b
0254
ff62
003b
00b8
ff0e
fa7f
0682
ffea
00bc
0850
fd44
029f
fcd5
0149
00ce
032a
04d5
fdaf
05ab
05f3
ff00
fff9
fe06
fec7
fb30
031c
f7cc
fd36
ffd1
0533
fdd2
01b6
ffad
03c8
0181
0352
fdcc
fbf2
0178
fe0d
001f
0145
04f8
0325
fd47
fb6b
06d4
f9ab
fe31
0295
068e
ff3e
001c
fc80
0082
fb66
fd00
030e
fe44
03ab
ff63
fa86
04ac
fabd
fd98
ff34
0406
fde5
fc4b
00a7
ff25
fe21
00de
fb30
f91d
088e
006b
00b2
fcdf
0397
fdde
f4db
fdbb
fee0
ff52
ff34
fd6c
fd09
fecf
f96b
f82b
0064
0075
0385
fefa
fb3a
f83e
fc70
01b1
05c4
0037
fb25
fc7b
fc9b
fe60
047c
04cc
ff50
00bb
fccf
f929
0727
f6b6
f8a8
0730
0011
fb7f
02bb
0318
faab
fdde
0381
fcbb
0121
05b3
f66e
fea3
010c
f8d5
fde2
042e
fd2f
fa10
0486
01c7
ffb9
ff9b
041d
012e
0295
fd3b
f855
027d
0467
ff1a
038d
fea9
ffa3
0702
fed5
fe99
f885
02c3
fd29
0097
febd
fe38
ff87
ffd6
04b4
0615
029a
0516
036b
01fa
05d2
fac4
fd43
fcb7
fecb
02be
fb8a
0203
fda7
fe9d
00cd
06ba
fd27
ffae
fbb0
fd1d
fba7
00fb
01b4
02c0
fcfc
0208
0074
ffc5
fb09
009d
00bd
0068
019a
02c7
fb9c
ff22
0210
feed
03d6
005c
f82e
035c
ff88
f8ec
fefe
faed
0303
ffdb
fc4e
033e
01d6
ff0f
fb05
fca1
fc92
02fc
f947
ffd0
ff00
0424
00ee
0224
fde6
fb13
feb3
031c
0319
fe47
fc8f
fbc6
ff74
008c
05e5
007e
0274
fce1
002b
008f
ff70
ffea
0081
01ed
04ad
f6f0
0474
f928
013c
096c
ffd4
00b8
fec2
02ab
0173
fd4c
ff8b
fb87
ff86
fe53
008c
fd29
ff24
0009
0050
0119
ff4e
fcda
0054
ff49
0419
049a
fa83
0278
0345
fa9e
0251
0395
fc34
ff0e
00bf
0248
fc0c
04a1
f7e2
054c
0233
fd83
0375
fbcf
0076
00f4
00f2
fca4
fe04
0082
fd18
0116
fd8b
0400
0640
fecf
03ae
ff27
fc41
fe4c
0058
f8da
0281
0058
0401
026f
007b
fe94
0617
08ae
fea5
042b
fd2c
fda6
fe74
02bd
fbb3
0633
03c0
02a5
fed3
0351
f455
01c3
00a4
f875
01a0
025d
f896
fb41
0842
ff41
03e7
0482
0193
0412
f78c
ff14
f3ad
f904
fdd1
fd57
002a
ffeb
0089
00b3
0155
fc2a
fd1a
ffda
ffea
fbac
0454
02e6
fc90
ff2b
080a
00a4
0195
fd90
febf
060c
0074
ffb7
0008
0a2e
0029
fcae
fd61
031f
fa49
01cd
fd1b
f891
fc14
001c
0595
03a7
fed3
03e4
fe93
fa22
0016
f9fa
032a
0339
fc7b
0095
008b
037d
fb05
0266
fabc
031c
0440
fd52
04e0
f9b4
0466
05c1
0162
ff38
0140
fd96
0a80
fda7
0545
fd09
0663
080d
018b
0126
fc2c
fbb3
0131
05d5
fdcf
08d5
fd8f
00eb
00ee
ff98
f7d3
fd86
00cc
ff9e
028b
0307
ff0a
fc26
0631
fa94
fd9e
fc9a
02fc
0545
ff4e
00eb
01b7
0737
f8e8
02fa
0182
fe84
014e
02f7
0255
08a2
0083
001c
ff46
0236
ffdf
000e
0012
ff76
fd91
01ac
fedc
0274
0071
fe74
0642
ff97
027e
fd33
f7e6
fdbb
f773
ff0d
05e0
fc61
f793
0600
fe19
fff0
0327
0218
0301
039a
f904
fa58
04af
fcdf
fd4f
faf3
fe61
fe9a
fc40
fbca
0146
fcc5
fd93
f741
07c1
03c4
fe05
fc67
000b
ffef
fae5
f5cc
fde5
f9bf
00af
00b6
fc1b
fddd
070d
031a
fe31
092b
fb36
fcc0
ff8f
f9e0
0729
00bc
fcd7
01cb
0096
fec8
fb2a
fa41
08bf
fa97
06cb
fc9f
0329
01dd
02a9
02ee
f98e
fd4b
fa87
00c2
fab5
f813
ff0d
f72a
0109
faf8
fca3
f6e1
069a
fa26
fe8b
f8d5
fca8
0702
0131
fd1b
ffdd
fdc2
ffa1
02fa
fead
00e1
00f2
feb2
fd0e
fde6
02cc
0321
fb73
fef5
fcfd
0333
fe1d
08ce
00df
04ba
fbf1
000c
0277
fbde
0015
0435
feb1
fc98
0736
fb50
00a0
fd2b
fc41
02f7
ff2e
01a0
f6fb
0203
fd1e
f87c
078a
0267
00e9
04ff
00fe
fcce
ff4d
fd49
fe00
faf8
fc1f
0394
0154
fdfd
fbe3
fe61
f944
0082
03c8
0978
fb96
039d
fd2c
fb7c
fb7c
0090
fc47
fd93
fe3d
fd0a
fcc0
f649
0059
0045
fcd0
0171
0596
0018
0552
08f4
0a1f
fb3f
fb45
fe39
0084
0659
0282
fb30
fd8e
ffd5
fa0b
000e
fb3f
f966
fc36
01a5
019e
0063
03f7
038b
00d1
0044
0085
ff69
f74d
048b
0197
fb22
05b6
fda4
ff92
0418
00e1
0557
fe97
06c4
fce4
0545
f6f1
fb99
0131
fe66
ffb3
002b
fb3d
fb89
00ee
fd56
055d
ff3b
02e0
01c5
fd98
f814
04bd
fc16
fe63
ff66
ffcc
03d9
0006
ff7e
0413
0267
fd0f
fb69
fcb5
ffce
fb04
005d
ff7c
f5d4
fa60
f475
fea0
044c
f870
fab6
ff58
fbbf
fbba
022b
fe05
fa0e
f7a6
08d5
0483
fe32
005a
fe0c
020b
fc95
fdd4
01d2
05d1
02f7
04f0
fec0
fd82
f83f
004a
0184
fecd
fce5
04f9
0287
0540
fc30
fd2b
04d0
ffd0
fdb9
fe00
fff5
0403
ff5c
032a
01df
fc7d
fc7c
fe33
faa7
fdf2
060e
ffe0
fcef
07aa
fc47
fc27
04eb
02a5
ff7b
0354
0134
fb41
f669
fdbb
0457
fe49
01d7
00bd
f93a
fe60
016f
fcda
fe8d
0191
004a
0430
0189
fc2d
fe17
0015
055b
fe1b